program	case_id	command	exit	output_sha256	stderr_sha256	expected_sha256	expected_source	matches_expected
blastn	PesePMNV.MjPMNV.task_blastn	"[""blastn"", ""-query"", ""/tmp/losat-pr5-runtime-cert-5845d22/LOSAT/tests/fasta/AP027152.fasta"", ""-subject"", ""/tmp/losat-pr5-runtime-cert-5845d22/LOSAT/tests/fasta/AP027202.fasta"", ""-task"", ""blastn"", ""-reward"", ""2"", ""-penalty=-3"", ""-gapopen"", ""5"", ""-gapextend"", ""2"", ""-word_size"", ""11"", ""-num_threads"", ""1"", ""-evalue"", ""10"", ""-max_target_seqs"", ""500"", ""-outfmt"", ""7"", ""-out"", ""{OUT}"", ""-dust"", ""yes""]"	0	fcd9236c7b02488d868feaf35166a472c73e9f9e6cc45fc6d7449a9edc7d4120	e3b0c44298fc1c149afbf4c8996fb92427ae41e4649b934ca495991b7852b855	fcd9236c7b02488d868feaf35166a472c73e9f9e6cc45fc6d7449a9edc7d4120	gate_a	true
blastn	PmeNMV.MjPMNV.task_blastn	"[""blastn"", ""-query"", ""/tmp/losat-pr5-runtime-cert-5845d22/LOSAT/tests/fasta/LC738869.fasta"", ""-subject"", ""/tmp/losat-pr5-runtime-cert-5845d22/LOSAT/tests/fasta/AP027202.fasta"", ""-task"", ""blastn"", ""-reward"", ""2"", ""-penalty=-3"", ""-gapopen"", ""5"", ""-gapextend"", ""2"", ""-word_size"", ""11"", ""-num_threads"", ""1"", ""-evalue"", ""10"", ""-max_target_seqs"", ""500"", ""-outfmt"", ""7"", ""-out"", ""{OUT}"", ""-dust"", ""yes""]"	0	ef6a0a0e86db2a125161d7dde38e00ae168c063533abdb7f094b433ead1d4f6c	e3b0c44298fc1c149afbf4c8996fb92427ae41e4649b934ca495991b7852b855	ef6a0a0e86db2a125161d7dde38e00ae168c063533abdb7f094b433ead1d4f6c	gate_a	true
blastn	PmeNMV.PesePMNV.task_blastn	"[""blastn"", ""-query"", ""/tmp/losat-pr5-runtime-cert-5845d22/LOSAT/tests/fasta/LC738869.fasta"", ""-subject"", ""/tmp/losat-pr5-runtime-cert-5845d22/LOSAT/tests/fasta/AP027152.fasta"", ""-task"", ""blastn"", ""-reward"", ""2"", ""-penalty=-3"", ""-gapopen"", ""5"", ""-gapextend"", ""2"", ""-word_size"", ""11"", ""-num_threads"", ""1"", ""-evalue"", ""10"", ""-max_target_seqs"", ""500"", ""-outfmt"", ""7"", ""-out"", ""{OUT}"", ""-dust"", ""yes""]"	0	228c992d1872254ca395361913b410ea247d61ab9bece993708b716d5a388d1d	e3b0c44298fc1c149afbf4c8996fb92427ae41e4649b934ca495991b7852b855	228c992d1872254ca395361913b410ea247d61ab9bece993708b716d5a388d1d	gate_a	true
blastn	PeseMJNV.PemoMJNVB.task_blastn	"[""blastn"", ""-query"", ""/tmp/losat-pr5-runtime-cert-5845d22/LOSAT/tests/fasta/LC738873.fasta"", ""-subject"", ""/tmp/losat-pr5-runtime-cert-5845d22/LOSAT/tests/fasta/LC738871.fasta"", ""-task"", ""blastn"", ""-reward"", ""2"", ""-penalty=-3"", ""-gapopen"", ""5"", ""-gapextend"", ""2"", ""-word_size"", ""11"", ""-num_threads"", ""1"", ""-evalue"", ""10"", ""-max_target_seqs"", ""500"", ""-outfmt"", ""7"", ""-out"", ""{OUT}"", ""-dust"", ""yes""]"	0	23b71f4868c442c8e026de8437906037d7d3daaf9a2ba7967570999d5b937adb	e3b0c44298fc1c149afbf4c8996fb92427ae41e4649b934ca495991b7852b855	23b71f4868c442c8e026de8437906037d7d3daaf9a2ba7967570999d5b937adb	gate_a	true
blastn	MelaMJNV.PemoMJNVA.task_blastn	"[""blastn"", ""-query"", ""/tmp/losat-pr5-runtime-cert-5845d22/LOSAT/tests/fasta/LC738874.fasta"", ""-subject"", ""/tmp/losat-pr5-runtime-cert-5845d22/LOSAT/tests/fasta/LC738870.fasta"", ""-task"", ""blastn"", ""-reward"", ""2"", ""-penalty=-3"", ""-gapopen"", ""5"", ""-gapextend"", ""2"", ""-word_size"", ""11"", ""-num_threads"", ""1"", ""-evalue"", ""10"", ""-max_target_seqs"", ""500"", ""-outfmt"", ""7"", ""-out"", ""{OUT}"", ""-dust"", ""yes""]"	0	640cf71da6db41c035da8b18fae44672f928abe49600120f4ca0eb04c99879f7	e3b0c44298fc1c149afbf4c8996fb92427ae41e4649b934ca495991b7852b855	640cf71da6db41c035da8b18fae44672f928abe49600120f4ca0eb04c99879f7	gate_a	true
blastn	PemoMJNVA.PeseMJNV.task_blastn	"[""blastn"", ""-query"", ""/tmp/losat-pr5-runtime-cert-5845d22/LOSAT/tests/fasta/LC738870.fasta"", ""-subject"", ""/tmp/losat-pr5-runtime-cert-5845d22/LOSAT/tests/fasta/LC738873.fasta"", ""-task"", ""blastn"", ""-reward"", ""2"", ""-penalty=-3"", ""-gapopen"", ""5"", ""-gapextend"", ""2"", ""-word_size"", ""11"", ""-num_threads"", ""1"", ""-evalue"", ""10"", ""-max_target_seqs"", ""500"", ""-outfmt"", ""7"", ""-out"", ""{OUT}"", ""-dust"", ""yes""]"	0	f4ffd5d0451fa94376313c9b44d0ef237ef2aa2cb348a700d0280c9db84a59e5	e3b0c44298fc1c149afbf4c8996fb92427ae41e4649b934ca495991b7852b855	f4ffd5d0451fa94376313c9b44d0ef237ef2aa2cb348a700d0280c9db84a59e5	gate_a	true
blastn	MjeNMV.MelaMJNV.task_blastn	"[""blastn"", ""-query"", ""/tmp/losat-pr5-runtime-cert-5845d22/LOSAT/tests/fasta/LC738868.fasta"", ""-subject"", ""/tmp/losat-pr5-runtime-cert-5845d22/LOSAT/tests/fasta/LC738874.fasta"", ""-task"", ""blastn"", ""-reward"", ""2"", ""-penalty=-3"", ""-gapopen"", ""5"", ""-gapextend"", ""2"", ""-word_size"", ""11"", ""-num_threads"", ""1"", ""-evalue"", ""10"", ""-max_target_seqs"", ""500"", ""-outfmt"", ""7"", ""-out"", ""{OUT}"", ""-dust"", ""yes""]"	0	f83cb49246648cc641cbe638735d79eaecb24de0064699d54b52d69d74619058	e3b0c44298fc1c149afbf4c8996fb92427ae41e4649b934ca495991b7852b855	f83cb49246648cc641cbe638735d79eaecb24de0064699d54b52d69d74619058	gate_a	true
blastn	MjPMNV.MlPMNV.task_blastn	"[""blastn"", ""-query"", ""/tmp/losat-pr5-runtime-cert-5845d22/LOSAT/tests/fasta/AP027202.fasta"", ""-subject"", ""/tmp/losat-pr5-runtime-cert-5845d22/LOSAT/tests/fasta/LC738875.fasta"", ""-task"", ""blastn"", ""-reward"", ""2"", ""-penalty=-3"", ""-gapopen"", ""5"", ""-gapextend"", ""2"", ""-word_size"", ""11"", ""-num_threads"", ""1"", ""-evalue"", ""10"", ""-max_target_seqs"", ""500"", ""-outfmt"", ""7"", ""-out"", ""{OUT}"", ""-dust"", ""yes""]"	0	6664b0f838fdaafa1d2d93a373375bc68acd759d73d4a8db5ea05b481d3c520e	e3b0c44298fc1c149afbf4c8996fb92427ae41e4649b934ca495991b7852b855	6664b0f838fdaafa1d2d93a373375bc68acd759d73d4a8db5ea05b481d3c520e	gate_a	true
blastn	NZ_CP006932.NZ_CP006932.task_blastn	"[""blastn"", ""-query"", ""/tmp/losat-pr5-runtime-cert-5845d22/LOSAT/tests/fasta/NZ_CP006932.fasta"", ""-subject"", ""/tmp/losat-pr5-runtime-cert-5845d22/LOSAT/tests/fasta/NZ_CP006932.fasta"", ""-task"", ""blastn"", ""-reward"", ""2"", ""-penalty=-3"", ""-gapopen"", ""5"", ""-gapextend"", ""2"", ""-word_size"", ""11"", ""-num_threads"", ""1"", ""-evalue"", ""10"", ""-max_target_seqs"", ""500"", ""-outfmt"", ""7"", ""-out"", ""{OUT}"", ""-dust"", ""yes""]"	0	723d7a8f515cb6d853758d4ccc7054c7cebd3b84ef5932f816d7b9bed0bab8c3	e3b0c44298fc1c149afbf4c8996fb92427ae41e4649b934ca495991b7852b855	723d7a8f515cb6d853758d4ccc7054c7cebd3b84ef5932f816d7b9bed0bab8c3	gate_a	true
blastn	EDL933.Sakai.megablast	"[""blastn"", ""-query"", ""/tmp/losat-pr5-runtime-cert-5845d22/LOSAT/tests/fasta/EDL933.fna"", ""-subject"", ""/tmp/losat-pr5-runtime-cert-5845d22/LOSAT/tests/fasta/Sakai.fna"", ""-task"", ""megablast"", ""-reward"", ""1"", ""-penalty=-2"", ""-gapopen"", ""0"", ""-gapextend"", ""0"", ""-word_size"", ""28"", ""-num_threads"", ""1"", ""-evalue"", ""10"", ""-max_target_seqs"", ""500"", ""-outfmt"", ""7"", ""-out"", ""{OUT}"", ""-dust"", ""yes""]"	0	3a000ebc6294d85b000112cee74f8de78fd9e932532e8c07a17d84f6f1379b16	e3b0c44298fc1c149afbf4c8996fb92427ae41e4649b934ca495991b7852b855	3a000ebc6294d85b000112cee74f8de78fd9e932532e8c07a17d84f6f1379b16	gate_a	true
blastn	Sakai.MG1655.megablast	"[""blastn"", ""-query"", ""/tmp/losat-pr5-runtime-cert-5845d22/LOSAT/tests/fasta/Sakai.fna"", ""-subject"", ""/tmp/losat-pr5-runtime-cert-5845d22/LOSAT/tests/fasta/MG1655.fna"", ""-task"", ""megablast"", ""-reward"", ""1"", ""-penalty=-2"", ""-gapopen"", ""0"", ""-gapextend"", ""0"", ""-word_size"", ""28"", ""-num_threads"", ""1"", ""-evalue"", ""10"", ""-max_target_seqs"", ""500"", ""-outfmt"", ""7"", ""-out"", ""{OUT}"", ""-dust"", ""yes""]"	0	ac8177764f35b2fb92777f8b1d01ea646cc55ae21b05f1f486ee231348a34a45	e3b0c44298fc1c149afbf4c8996fb92427ae41e4649b934ca495991b7852b855	3f27c1f1396b59ecb7e78827b5da390e9c97a276c05cbc7a6c82f56bd0a03262	gate_a	false
blastn	compact.multi_query.outfmt6	"[""blastn"", ""-query"", ""/tmp/losat-pr5-runtime-cert-5845d22/LOSAT/tests/fasta/blastn_parity_compact.fasta"", ""-subject"", ""/tmp/losat-pr5-runtime-cert-5845d22/LOSAT/tests/fasta/blastn_parity_compact.fasta"", ""-task"", ""blastn"", ""-reward"", ""2"", ""-penalty=-3"", ""-gapopen"", ""5"", ""-gapextend"", ""2"", ""-word_size"", ""11"", ""-num_threads"", ""1"", ""-evalue"", ""10"", ""-max_target_seqs"", ""500"", ""-outfmt"", ""6"", ""-out"", ""{OUT}"", ""-dust"", ""yes""]"	0	ac4a20b64c8da3eaea725ed09dc89880294f58e971b7207c943489faacdbe03e	e3b0c44298fc1c149afbf4c8996fb92427ae41e4649b934ca495991b7852b855	ac4a20b64c8da3eaea725ed09dc89880294f58e971b7207c943489faacdbe03e	gate_a	true
blastn	compact.multi_query.outfmt7	"[""blastn"", ""-query"", ""/tmp/losat-pr5-runtime-cert-5845d22/LOSAT/tests/fasta/blastn_parity_compact.fasta"", ""-subject"", ""/tmp/losat-pr5-runtime-cert-5845d22/LOSAT/tests/fasta/blastn_parity_compact.fasta"", ""-task"", ""blastn"", ""-reward"", ""2"", ""-penalty=-3"", ""-gapopen"", ""5"", ""-gapextend"", ""2"", ""-word_size"", ""11"", ""-num_threads"", ""1"", ""-evalue"", ""10"", ""-max_target_seqs"", ""500"", ""-outfmt"", ""7"", ""-out"", ""{OUT}"", ""-dust"", ""yes""]"	0	261381e12bd500fe23c2caf7e7146acb310e7733d5246497b08c4c5ab058a70a	e3b0c44298fc1c149afbf4c8996fb92427ae41e4649b934ca495991b7852b855	261381e12bd500fe23c2caf7e7146acb310e7733d5246497b08c4c5ab058a70a	gate_a	true
blastn	compact.multi_query.no_hit.outfmt7	"[""blastn"", ""-query"", ""/tmp/losat-pr5-runtime-cert-5845d22/LOSAT/tests/fasta/blastn_parity_compact.fasta"", ""-subject"", ""/tmp/losat-pr5-runtime-cert-5845d22/LOSAT/tests/fasta/blastn_parity_compact.fasta"", ""-task"", ""blastn"", ""-reward"", ""2"", ""-penalty=-3"", ""-gapopen"", ""5"", ""-gapextend"", ""2"", ""-word_size"", ""11"", ""-num_threads"", ""1"", ""-evalue"", ""1e-100"", ""-max_target_seqs"", ""500"", ""-outfmt"", ""7"", ""-out"", ""{OUT}"", ""-dust"", ""yes""]"	0	b5813f5d8b0ce88287d41333ae5540c3dfd2846069ddb2e4955d64e39dc45d3a	e3b0c44298fc1c149afbf4c8996fb92427ae41e4649b934ca495991b7852b855	b5813f5d8b0ce88287d41333ae5540c3dfd2846069ddb2e4955d64e39dc45d3a	gate_a	true
blastp	pairwise_default_serial	"[""blastp"", ""-query"", ""/tmp/losat-pr5-runtime-cert-5845d22/LOSAT/tests/fasta/SicyWSV.faa"", ""-subject"", ""/tmp/losat-pr5-runtime-cert-5845d22/LOSAT/tests/fasta/PajaWSV.faa"", ""-outfmt"", ""6"", ""-num_threads"", ""1"", ""-max_hsps"", ""1"", ""-out"", ""{OUT}""]"	0	fd4b010800e32ce6c823cb38b42a10b7845f3342edae892acccc8f554f9edf34	e3b0c44298fc1c149afbf4c8996fb92427ae41e4649b934ca495991b7852b855	fd4b010800e32ce6c823cb38b42a10b7845f3342edae892acccc8f554f9edf34	gate_a	true
blastp	pairwise_default_serial.fmt0	"[""blastp"", ""-query"", ""/tmp/losat-pr5-runtime-cert-5845d22/LOSAT/tests/fasta/SicyWSV.faa"", ""-subject"", ""/tmp/losat-pr5-runtime-cert-5845d22/LOSAT/tests/fasta/PajaWSV.faa"", ""-outfmt"", ""0"", ""-num_threads"", ""1"", ""-max_hsps"", ""1"", ""-out"", ""{OUT}""]"	0	0a3d25996928d5302b23ac812fd72220cd5e7a1a04f59745b4fec7b190f0eee9	e3b0c44298fc1c149afbf4c8996fb92427ae41e4649b934ca495991b7852b855			
blastp	pairwise_default_serial.fmt7	"[""blastp"", ""-query"", ""/tmp/losat-pr5-runtime-cert-5845d22/LOSAT/tests/fasta/SicyWSV.faa"", ""-subject"", ""/tmp/losat-pr5-runtime-cert-5845d22/LOSAT/tests/fasta/PajaWSV.faa"", ""-outfmt"", ""7"", ""-num_threads"", ""1"", ""-max_hsps"", ""1"", ""-out"", ""{OUT}""]"	0	6ba45dd4d62e92b527ecb265eeeb629ef7c01ba09097aa1f50e49ce3f5026405	e3b0c44298fc1c149afbf4c8996fb92427ae41e4649b934ca495991b7852b855			
blastp	pairwise_default_serial.fmt6custom	"[""blastp"", ""-query"", ""/tmp/losat-pr5-runtime-cert-5845d22/LOSAT/tests/fasta/SicyWSV.faa"", ""-subject"", ""/tmp/losat-pr5-runtime-cert-5845d22/LOSAT/tests/fasta/PajaWSV.faa"", ""-outfmt"", ""6 qseqid sseqid pident length mismatch gapopen qstart qend sstart send evalue bitscore score positive gaps ppos qframe sframe qseq sseq btop"", ""-num_threads"", ""1"", ""-max_hsps"", ""1"", ""-out"", ""{OUT}""]"	0	c6f72c54705ce60301dcf13ee573dda1b2d26633c4bec69aa1b9818430d3912b	e3b0c44298fc1c149afbf4c8996fb92427ae41e4649b934ca495991b7852b855			
blastp	pairwise_limit1_serial	"[""blastp"", ""-query"", ""/tmp/losat-pr5-runtime-cert-5845d22/LOSAT/tests/fasta/SicyWSV.faa"", ""-subject"", ""/tmp/losat-pr5-runtime-cert-5845d22/LOSAT/tests/fasta/PajaWSV.faa"", ""-outfmt"", ""6"", ""-num_threads"", ""1"", ""-max_hsps"", ""1"", ""-max_target_seqs"", ""1"", ""-out"", ""{OUT}""]"	0	2825ce099d7858d7d23a811bff98f4c42fee96c9519003ee936f25855648d3af	e3b0c44298fc1c149afbf4c8996fb92427ae41e4649b934ca495991b7852b855	2825ce099d7858d7d23a811bff98f4c42fee96c9519003ee936f25855648d3af	gate_a	true
blastp	pairwise_limit1_serial.fmt0	"[""blastp"", ""-query"", ""/tmp/losat-pr5-runtime-cert-5845d22/LOSAT/tests/fasta/SicyWSV.faa"", ""-subject"", ""/tmp/losat-pr5-runtime-cert-5845d22/LOSAT/tests/fasta/PajaWSV.faa"", ""-outfmt"", ""0"", ""-num_threads"", ""1"", ""-max_hsps"", ""1"", ""-max_target_seqs"", ""1"", ""-out"", ""{OUT}""]"	0	1c80ed52662e28383c3570b0617ca05ac375b607330a98c10796d00f4b2674fd	e3b0c44298fc1c149afbf4c8996fb92427ae41e4649b934ca495991b7852b855			
blastp	pairwise_limit1_serial.fmt7	"[""blastp"", ""-query"", ""/tmp/losat-pr5-runtime-cert-5845d22/LOSAT/tests/fasta/SicyWSV.faa"", ""-subject"", ""/tmp/losat-pr5-runtime-cert-5845d22/LOSAT/tests/fasta/PajaWSV.faa"", ""-outfmt"", ""7"", ""-num_threads"", ""1"", ""-max_hsps"", ""1"", ""-max_target_seqs"", ""1"", ""-out"", ""{OUT}""]"	0	b4bb8b0373e7cc38860854e54cf1a3773aca309fb93537ad0642348ec6e6661a	e3b0c44298fc1c149afbf4c8996fb92427ae41e4649b934ca495991b7852b855			
blastp	pairwise_limit5_serial	"[""blastp"", ""-query"", ""/tmp/losat-pr5-runtime-cert-5845d22/LOSAT/tests/fasta/SicyWSV.faa"", ""-subject"", ""/tmp/losat-pr5-runtime-cert-5845d22/LOSAT/tests/fasta/PajaWSV.faa"", ""-outfmt"", ""6"", ""-num_threads"", ""1"", ""-max_hsps"", ""1"", ""-max_target_seqs"", ""5"", ""-out"", ""{OUT}""]"	0	cd02727a3d7bd2548e1db2759a96b6be72ab0709e7bb0e2179312c01d42419c7	e3b0c44298fc1c149afbf4c8996fb92427ae41e4649b934ca495991b7852b855	cd02727a3d7bd2548e1db2759a96b6be72ab0709e7bb0e2179312c01d42419c7	gate_a	true
blastp	pairwise_limit5_serial.fmt0	"[""blastp"", ""-query"", ""/tmp/losat-pr5-runtime-cert-5845d22/LOSAT/tests/fasta/SicyWSV.faa"", ""-subject"", ""/tmp/losat-pr5-runtime-cert-5845d22/LOSAT/tests/fasta/PajaWSV.faa"", ""-outfmt"", ""0"", ""-num_threads"", ""1"", ""-max_hsps"", ""1"", ""-max_target_seqs"", ""5"", ""-out"", ""{OUT}""]"	0	6130d57826a01a6daca61ffe199fef70fd100d52e30c7afead2aea35fb815a7a	e3b0c44298fc1c149afbf4c8996fb92427ae41e4649b934ca495991b7852b855			
blastp	pairwise_limit5_serial.fmt7	"[""blastp"", ""-query"", ""/tmp/losat-pr5-runtime-cert-5845d22/LOSAT/tests/fasta/SicyWSV.faa"", ""-subject"", ""/tmp/losat-pr5-runtime-cert-5845d22/LOSAT/tests/fasta/PajaWSV.faa"", ""-outfmt"", ""7"", ""-num_threads"", ""1"", ""-max_hsps"", ""1"", ""-max_target_seqs"", ""5"", ""-out"", ""{OUT}""]"	0	b68c17d470b2d3db945b73b90fb0e858a149b78b8152b8476a0d79d5dd9747df	e3b0c44298fc1c149afbf4c8996fb92427ae41e4649b934ca495991b7852b855			
blastp	pairwise_nohit_serial	"[""blastp"", ""-query"", ""/tmp/losat-pr5-runtime-cert-5845d22/LOSAT/tests/fasta/SicyWSV.faa"", ""-subject"", ""/tmp/losat-pr5-runtime-cert-5845d22/LOSAT/tests/fasta/AP027078.faa"", ""-outfmt"", ""6"", ""-num_threads"", ""1"", ""-max_hsps"", ""1"", ""-out"", ""{OUT}""]"	0	8c39d7c6c27963e78c01fac416bd86542b64501301919bd74df280e31aa6f4b8	e3b0c44298fc1c149afbf4c8996fb92427ae41e4649b934ca495991b7852b855	8c39d7c6c27963e78c01fac416bd86542b64501301919bd74df280e31aa6f4b8	gate_a	true
blastp	pairwise_nohit_serial.fmt0	"[""blastp"", ""-query"", ""/tmp/losat-pr5-runtime-cert-5845d22/LOSAT/tests/fasta/SicyWSV.faa"", ""-subject"", ""/tmp/losat-pr5-runtime-cert-5845d22/LOSAT/tests/fasta/AP027078.faa"", ""-outfmt"", ""0"", ""-num_threads"", ""1"", ""-max_hsps"", ""1"", ""-out"", ""{OUT}""]"	0	9377e98f7118408c06725b60746896d8e0d2e34a5868b6d73ca3ea21137988cf	e3b0c44298fc1c149afbf4c8996fb92427ae41e4649b934ca495991b7852b855			
blastp	pairwise_nohit_serial.fmt7	"[""blastp"", ""-query"", ""/tmp/losat-pr5-runtime-cert-5845d22/LOSAT/tests/fasta/SicyWSV.faa"", ""-subject"", ""/tmp/losat-pr5-runtime-cert-5845d22/LOSAT/tests/fasta/AP027078.faa"", ""-outfmt"", ""7"", ""-num_threads"", ""1"", ""-max_hsps"", ""1"", ""-out"", ""{OUT}""]"	0	5f8967fd07f087e9bb1fa23aed206953d5a3c83912cd9bd876770cdc2c6f7663	e3b0c44298fc1c149afbf4c8996fb92427ae41e4649b934ca495991b7852b855			
blastp	pairwise_default_thread4	"[""blastp"", ""-query"", ""/tmp/losat-pr5-runtime-cert-5845d22/LOSAT/tests/fasta/SicyWSV.faa"", ""-subject"", ""/tmp/losat-pr5-runtime-cert-5845d22/LOSAT/tests/fasta/PajaWSV.faa"", ""-outfmt"", ""6"", ""-num_threads"", ""4"", ""-max_hsps"", ""1"", ""-out"", ""{OUT}""]"	0	fd4b010800e32ce6c823cb38b42a10b7845f3342edae892acccc8f554f9edf34	e3b0c44298fc1c149afbf4c8996fb92427ae41e4649b934ca495991b7852b855	fd4b010800e32ce6c823cb38b42a10b7845f3342edae892acccc8f554f9edf34	gate_a	true
blastp	pairwise_default_thread4.fmt0	"[""blastp"", ""-query"", ""/tmp/losat-pr5-runtime-cert-5845d22/LOSAT/tests/fasta/SicyWSV.faa"", ""-subject"", ""/tmp/losat-pr5-runtime-cert-5845d22/LOSAT/tests/fasta/PajaWSV.faa"", ""-outfmt"", ""0"", ""-num_threads"", ""4"", ""-max_hsps"", ""1"", ""-out"", ""{OUT}""]"	0	0a3d25996928d5302b23ac812fd72220cd5e7a1a04f59745b4fec7b190f0eee9	e3b0c44298fc1c149afbf4c8996fb92427ae41e4649b934ca495991b7852b855			
blastp	pairwise_default_thread4.fmt7	"[""blastp"", ""-query"", ""/tmp/losat-pr5-runtime-cert-5845d22/LOSAT/tests/fasta/SicyWSV.faa"", ""-subject"", ""/tmp/losat-pr5-runtime-cert-5845d22/LOSAT/tests/fasta/PajaWSV.faa"", ""-outfmt"", ""7"", ""-num_threads"", ""4"", ""-max_hsps"", ""1"", ""-out"", ""{OUT}""]"	0	6ba45dd4d62e92b527ecb265eeeb629ef7c01ba09097aa1f50e49ce3f5026405	e3b0c44298fc1c149afbf4c8996fb92427ae41e4649b934ca495991b7852b855			
blastp	all_hsp_forward_serial	"[""blastp"", ""-query"", ""/tmp/losat-pr5-runtime-cert-5845d22/LOSAT/tests/fasta/SicyWSV.faa"", ""-subject"", ""/tmp/losat-pr5-runtime-cert-5845d22/LOSAT/tests/fasta/PajaWSV.faa"", ""-outfmt"", ""6"", ""-num_threads"", ""1"", ""-out"", ""{OUT}""]"	0	a6d38a3200c9570726550a12858101d1eaa414dca236f925da5651e95d819b5d	e3b0c44298fc1c149afbf4c8996fb92427ae41e4649b934ca495991b7852b855	a6d38a3200c9570726550a12858101d1eaa414dca236f925da5651e95d819b5d	gate_a	true
blastp	all_hsp_forward_serial.fmt0	"[""blastp"", ""-query"", ""/tmp/losat-pr5-runtime-cert-5845d22/LOSAT/tests/fasta/SicyWSV.faa"", ""-subject"", ""/tmp/losat-pr5-runtime-cert-5845d22/LOSAT/tests/fasta/PajaWSV.faa"", ""-outfmt"", ""0"", ""-num_threads"", ""1"", ""-out"", ""{OUT}""]"	0	76a624440cccfb26cfa39a699146c2e840d4e1f3409b26cbb89b71a57d776732	e3b0c44298fc1c149afbf4c8996fb92427ae41e4649b934ca495991b7852b855			
blastp	all_hsp_forward_serial.fmt7	"[""blastp"", ""-query"", ""/tmp/losat-pr5-runtime-cert-5845d22/LOSAT/tests/fasta/SicyWSV.faa"", ""-subject"", ""/tmp/losat-pr5-runtime-cert-5845d22/LOSAT/tests/fasta/PajaWSV.faa"", ""-outfmt"", ""7"", ""-num_threads"", ""1"", ""-out"", ""{OUT}""]"	0	206bc59f52df0b6b39491c02f781097d3828de9e5250019b386d51d0803e9363	e3b0c44298fc1c149afbf4c8996fb92427ae41e4649b934ca495991b7852b855			
blastp	all_hsp_reverse_limit5_serial	"[""blastp"", ""-query"", ""/tmp/losat-pr5-runtime-cert-5845d22/LOSAT/tests/fasta/PajaWSV.faa"", ""-subject"", ""/tmp/losat-pr5-runtime-cert-5845d22/LOSAT/tests/fasta/SicyWSV.faa"", ""-outfmt"", ""6"", ""-num_threads"", ""1"", ""-max_target_seqs"", ""5"", ""-out"", ""{OUT}""]"	0	2db7a6604c7d44731e69f75546340b127037e63fe56ad9370e7d64849ad7162d	e3b0c44298fc1c149afbf4c8996fb92427ae41e4649b934ca495991b7852b855	2db7a6604c7d44731e69f75546340b127037e63fe56ad9370e7d64849ad7162d	gate_a	true
blastp	all_hsp_reverse_limit5_serial.fmt0	"[""blastp"", ""-query"", ""/tmp/losat-pr5-runtime-cert-5845d22/LOSAT/tests/fasta/PajaWSV.faa"", ""-subject"", ""/tmp/losat-pr5-runtime-cert-5845d22/LOSAT/tests/fasta/SicyWSV.faa"", ""-outfmt"", ""0"", ""-num_threads"", ""1"", ""-max_target_seqs"", ""5"", ""-out"", ""{OUT}""]"	0	548d2b82fbd091bf7a633d5e53cc338698277d92b811236aa47f57f512781f34	e3b0c44298fc1c149afbf4c8996fb92427ae41e4649b934ca495991b7852b855			
blastp	all_hsp_reverse_limit5_serial.fmt7	"[""blastp"", ""-query"", ""/tmp/losat-pr5-runtime-cert-5845d22/LOSAT/tests/fasta/PajaWSV.faa"", ""-subject"", ""/tmp/losat-pr5-runtime-cert-5845d22/LOSAT/tests/fasta/SicyWSV.faa"", ""-outfmt"", ""7"", ""-num_threads"", ""1"", ""-max_target_seqs"", ""5"", ""-out"", ""{OUT}""]"	0	2fd0fa943af500aa953ae13c20be38140ac80312cde2c8291ed2e86fa1b49c97	e3b0c44298fc1c149afbf4c8996fb92427ae41e4649b934ca495991b7852b855			
blastp	all_hsp_self_serial	"[""blastp"", ""-query"", ""/tmp/losat-pr5-runtime-cert-5845d22/LOSAT/tests/fasta/SicyWSV.faa"", ""-subject"", ""/tmp/losat-pr5-runtime-cert-5845d22/LOSAT/tests/fasta/SicyWSV.faa"", ""-outfmt"", ""6"", ""-num_threads"", ""1"", ""-out"", ""{OUT}""]"	0	67911f4a93327e9622afe10d15a66d9e52ae8e1c3d905db9ca5fb018d6612e46	e3b0c44298fc1c149afbf4c8996fb92427ae41e4649b934ca495991b7852b855	67911f4a93327e9622afe10d15a66d9e52ae8e1c3d905db9ca5fb018d6612e46	gate_a	true
blastp	all_hsp_self_serial.fmt0	"[""blastp"", ""-query"", ""/tmp/losat-pr5-runtime-cert-5845d22/LOSAT/tests/fasta/SicyWSV.faa"", ""-subject"", ""/tmp/losat-pr5-runtime-cert-5845d22/LOSAT/tests/fasta/SicyWSV.faa"", ""-outfmt"", ""0"", ""-num_threads"", ""1"", ""-out"", ""{OUT}""]"	0	4fb2821c0f61f8af6281b015cfe8c7ac02c01368956274c743bc95341b57ccf0	e3b0c44298fc1c149afbf4c8996fb92427ae41e4649b934ca495991b7852b855			
blastp	all_hsp_self_serial.fmt7	"[""blastp"", ""-query"", ""/tmp/losat-pr5-runtime-cert-5845d22/LOSAT/tests/fasta/SicyWSV.faa"", ""-subject"", ""/tmp/losat-pr5-runtime-cert-5845d22/LOSAT/tests/fasta/SicyWSV.faa"", ""-outfmt"", ""7"", ""-num_threads"", ""1"", ""-out"", ""{OUT}""]"	0	4db4b2ac42acf6f785ef97f3cc004f8a59efc31f4063c9ecd69f3ebb7c5d806c	e3b0c44298fc1c149afbf4c8996fb92427ae41e4649b934ca495991b7852b855			
blastp	all_hsp_forward_thread4	"[""blastp"", ""-query"", ""/tmp/losat-pr5-runtime-cert-5845d22/LOSAT/tests/fasta/SicyWSV.faa"", ""-subject"", ""/tmp/losat-pr5-runtime-cert-5845d22/LOSAT/tests/fasta/PajaWSV.faa"", ""-outfmt"", ""6"", ""-num_threads"", ""4"", ""-out"", ""{OUT}""]"	0	a6d38a3200c9570726550a12858101d1eaa414dca236f925da5651e95d819b5d	e3b0c44298fc1c149afbf4c8996fb92427ae41e4649b934ca495991b7852b855	a6d38a3200c9570726550a12858101d1eaa414dca236f925da5651e95d819b5d	gate_a	true
blastp	all_hsp_forward_thread4.fmt0	"[""blastp"", ""-query"", ""/tmp/losat-pr5-runtime-cert-5845d22/LOSAT/tests/fasta/SicyWSV.faa"", ""-subject"", ""/tmp/losat-pr5-runtime-cert-5845d22/LOSAT/tests/fasta/PajaWSV.faa"", ""-outfmt"", ""0"", ""-num_threads"", ""4"", ""-out"", ""{OUT}""]"	0	76a624440cccfb26cfa39a699146c2e840d4e1f3409b26cbb89b71a57d776732	e3b0c44298fc1c149afbf4c8996fb92427ae41e4649b934ca495991b7852b855			
blastp	all_hsp_forward_thread4.fmt7	"[""blastp"", ""-query"", ""/tmp/losat-pr5-runtime-cert-5845d22/LOSAT/tests/fasta/SicyWSV.faa"", ""-subject"", ""/tmp/losat-pr5-runtime-cert-5845d22/LOSAT/tests/fasta/PajaWSV.faa"", ""-outfmt"", ""7"", ""-num_threads"", ""4"", ""-out"", ""{OUT}""]"	0	206bc59f52df0b6b39491c02f781097d3828de9e5250019b386d51d0803e9363	e3b0c44298fc1c149afbf4c8996fb92427ae41e4649b934ca495991b7852b855			
tblastx	p01_ap027280_self	"[""tblastx"", ""-query"", ""/tmp/losat-pr5-runtime-cert-5845d22/LOSAT/tests/fasta/AP027280.fasta"", ""-subject"", ""/tmp/losat-pr5-runtime-cert-5845d22/LOSAT/tests/fasta/AP027280.fasta"", ""-outfmt"", ""6"", ""-num_threads"", ""1"", ""-query_gencode"", ""1"", ""-db_gencode"", ""1"", ""-out"", ""{OUT}""]"	0	845d15661c2a30fa69e01bcd8140792e55a1fa06bbb52181632680435a08eda8	e3b0c44298fc1c149afbf4c8996fb92427ae41e4649b934ca495991b7852b855	845d15661c2a30fa69e01bcd8140792e55a1fa06bbb52181632680435a08eda8	gate_a	true
tblastx	p02_mje_mela	"[""tblastx"", ""-query"", ""/tmp/losat-pr5-runtime-cert-5845d22/LOSAT/tests/fasta/MjeNMV.fasta"", ""-subject"", ""/tmp/losat-pr5-runtime-cert-5845d22/LOSAT/tests/fasta/MelaMJNV.fasta"", ""-outfmt"", ""6"", ""-num_threads"", ""1"", ""-query_gencode"", ""1"", ""-db_gencode"", ""1"", ""-out"", ""{OUT}""]"	0	b309f77fee038f0559d870737ebeba732c11eba4f7e495f045acbfb831817fd7	e3b0c44298fc1c149afbf4c8996fb92427ae41e4649b934ca495991b7852b855	b309f77fee038f0559d870737ebeba732c11eba4f7e495f045acbfb831817fd7	gate_a	true
tblastx	p03_mela_pemojnva	"[""tblastx"", ""-query"", ""/tmp/losat-pr5-runtime-cert-5845d22/LOSAT/tests/fasta/MelaMJNV.fasta"", ""-subject"", ""/tmp/losat-pr5-runtime-cert-5845d22/LOSAT/tests/fasta/PemoMJNVA.fasta"", ""-outfmt"", ""6"", ""-num_threads"", ""1"", ""-query_gencode"", ""1"", ""-db_gencode"", ""1"", ""-out"", ""{OUT}""]"	0	bbef153094025db89dd4a69b2a3c4246b0b8853396fe740bc7e1bd654db105b6	e3b0c44298fc1c149afbf4c8996fb92427ae41e4649b934ca495991b7852b855	bbef153094025db89dd4a69b2a3c4246b0b8853396fe740bc7e1bd654db105b6	gate_a	true
tblastx	p04_pemojnva_pesemjnv	"[""tblastx"", ""-query"", ""/tmp/losat-pr5-runtime-cert-5845d22/LOSAT/tests/fasta/PemoMJNVA.fasta"", ""-subject"", ""/tmp/losat-pr5-runtime-cert-5845d22/LOSAT/tests/fasta/PeseMJNV.fasta"", ""-outfmt"", ""6"", ""-num_threads"", ""1"", ""-query_gencode"", ""1"", ""-db_gencode"", ""1"", ""-out"", ""{OUT}""]"	0	dcc2b425418ecd3ed63a870dfbb6b6e4312e941355db271abbb5ba3243b72b27	e3b0c44298fc1c149afbf4c8996fb92427ae41e4649b934ca495991b7852b855	dcc2b425418ecd3ed63a870dfbb6b6e4312e941355db271abbb5ba3243b72b27	gate_a	true
tblastx	p05_pesemjnv_pemojnva	"[""tblastx"", ""-query"", ""/tmp/losat-pr5-runtime-cert-5845d22/LOSAT/tests/fasta/PeseMJNV.fasta"", ""-subject"", ""/tmp/losat-pr5-runtime-cert-5845d22/LOSAT/tests/fasta/PemoMJNVB.fasta"", ""-outfmt"", ""6"", ""-num_threads"", ""1"", ""-query_gencode"", ""1"", ""-db_gencode"", ""1"", ""-out"", ""{OUT}""]"	0	20e0a5679ab8b1fdc7c581716ecc839ccca1174804400726d51e7baa093ae2e2	e3b0c44298fc1c149afbf4c8996fb92427ae41e4649b934ca495991b7852b855	20e0a5679ab8b1fdc7c581716ecc839ccca1174804400726d51e7baa093ae2e2	gate_a	true
tblastx	p06_pemojnva_lvmjnv	"[""tblastx"", ""-query"", ""/tmp/losat-pr5-runtime-cert-5845d22/LOSAT/tests/fasta/PemoMJNVB.fasta"", ""-subject"", ""/tmp/losat-pr5-runtime-cert-5845d22/LOSAT/tests/fasta/LvMJNV.fasta"", ""-outfmt"", ""6"", ""-num_threads"", ""1"", ""-query_gencode"", ""1"", ""-db_gencode"", ""1"", ""-out"", ""{OUT}""]"	0	d97ad4425108fc7c73de9c1a3a17a5379d66aa8a09f04c6b1e27b58a9b0c1f4f	e3b0c44298fc1c149afbf4c8996fb92427ae41e4649b934ca495991b7852b855	d97ad4425108fc7c73de9c1a3a17a5379d66aa8a09f04c6b1e27b58a9b0c1f4f	gate_a	true
tblastx	p07_lvmjnv_trcumjnv	"[""tblastx"", ""-query"", ""/tmp/losat-pr5-runtime-cert-5845d22/LOSAT/tests/fasta/LvMJNV.fasta"", ""-subject"", ""/tmp/losat-pr5-runtime-cert-5845d22/LOSAT/tests/fasta/TrcuMJNV.fasta"", ""-outfmt"", ""6"", ""-num_threads"", ""1"", ""-query_gencode"", ""1"", ""-db_gencode"", ""1"", ""-out"", ""{OUT}""]"	0	cc79c6f0d9253e03dea324c102cf0f405465fa76ae65ef7419b2a36a66958c41	e3b0c44298fc1c149afbf4c8996fb92427ae41e4649b934ca495991b7852b855	cc79c6f0d9253e03dea324c102cf0f405465fa76ae65ef7419b2a36a66958c41	gate_a	true
tblastx	p08_trcumjnv_mellatmjnv	"[""tblastx"", ""-query"", ""/tmp/losat-pr5-runtime-cert-5845d22/LOSAT/tests/fasta/TrcuMJNV.fasta"", ""-subject"", ""/tmp/losat-pr5-runtime-cert-5845d22/LOSAT/tests/fasta/MellatMJNV.fasta"", ""-outfmt"", ""6"", ""-num_threads"", ""1"", ""-query_gencode"", ""1"", ""-db_gencode"", ""1"", ""-out"", ""{OUT}""]"	0	662e723ffc4d852fde3952743267a8c028bec8f60263d5aacc1216160f308fcf	e3b0c44298fc1c149afbf4c8996fb92427ae41e4649b934ca495991b7852b855	662e723ffc4d852fde3952743267a8c028bec8f60263d5aacc1216160f308fcf	gate_a	true
tblastx	p09_mellatmjnv_meenmjnv	"[""tblastx"", ""-query"", ""/tmp/losat-pr5-runtime-cert-5845d22/LOSAT/tests/fasta/MellatMJNV.fasta"", ""-subject"", ""/tmp/losat-pr5-runtime-cert-5845d22/LOSAT/tests/fasta/MeenMJNV.fasta"", ""-outfmt"", ""6"", ""-num_threads"", ""1"", ""-query_gencode"", ""1"", ""-db_gencode"", ""1"", ""-out"", ""{OUT}""]"	0	3496edb698855f91b9387f006c9c026d48403865a55ebf827b77de77f7825a1f	e3b0c44298fc1c149afbf4c8996fb92427ae41e4649b934ca495991b7852b855	3496edb698855f91b9387f006c9c026d48403865a55ebf827b77de77f7825a1f	gate_a	true
tblastx	p10_meenmjnv_mejomjnv	"[""tblastx"", ""-query"", ""/tmp/losat-pr5-runtime-cert-5845d22/LOSAT/tests/fasta/MeenMJNV.fasta"", ""-subject"", ""/tmp/losat-pr5-runtime-cert-5845d22/LOSAT/tests/fasta/MejoMJNV.fasta"", ""-outfmt"", ""6"", ""-num_threads"", ""1"", ""-query_gencode"", ""1"", ""-db_gencode"", ""1"", ""-out"", ""{OUT}""]"	0	9aa19d6e0f49cc27348ef54e4dd567f63d356e3bd5b0e09d621efc4088db7f3e	e3b0c44298fc1c149afbf4c8996fb92427ae41e4649b934ca495991b7852b855	9aa19d6e0f49cc27348ef54e4dd567f63d356e3bd5b0e09d621efc4088db7f3e	gate_a	true
tblastx	p11_avclpv_psclpv	"[""tblastx"", ""-query"", ""/tmp/losat-pr5-runtime-cert-5845d22/LOSAT/tests/fasta/AvCLPV.fasta"", ""-subject"", ""/tmp/losat-pr5-runtime-cert-5845d22/LOSAT/tests/fasta/PsCLPV.fasta"", ""-outfmt"", ""6"", ""-num_threads"", ""1"", ""-query_gencode"", ""1"", ""-db_gencode"", ""1"", ""-out"", ""{OUT}""]"	0	1eb11f5caa4d1030a016e67bafc90acaecb0a1fe76f9b11256fe1343f0571fe4	e3b0c44298fc1c149afbf4c8996fb92427ae41e4649b934ca495991b7852b855	1eb11f5caa4d1030a016e67bafc90acaecb0a1fe76f9b11256fe1343f0571fe4	gate_a	true
tblastx	d01_nz_self_code4	"[""tblastx"", ""-query"", ""/tmp/losat-pr5-runtime-cert-5845d22/LOSAT/tests/fasta/NZ_CP006932.fasta"", ""-subject"", ""/tmp/losat-pr5-runtime-cert-5845d22/LOSAT/tests/fasta/NZ_CP006932.fasta"", ""-outfmt"", ""6"", ""-num_threads"", ""1"", ""-query_gencode"", ""4"", ""-db_gencode"", ""4"", ""-out"", ""{OUT}""]"	0	2d26ca704ea2dd8764a863f24c20264e62ace04f311f23fee992b186966903e1	e3b0c44298fc1c149afbf4c8996fb92427ae41e4649b934ca495991b7852b855	2d26ca704ea2dd8764a863f24c20264e62ace04f311f23fee992b186966903e1	gate_a	true
tblastx	d02_ap027132_nz_code4	"[""tblastx"", ""-query"", ""/tmp/losat-pr5-runtime-cert-5845d22/LOSAT/tests/fasta/AP027132.fasta"", ""-subject"", ""/tmp/losat-pr5-runtime-cert-5845d22/LOSAT/tests/fasta/NZ_CP006932.fasta"", ""-outfmt"", ""6"", ""-num_threads"", ""1"", ""-query_gencode"", ""4"", ""-db_gencode"", ""4"", ""-out"", ""{OUT}""]"	0	6382e6bcd563d18441f557cabadeb0edcee688d513d09d6cd7759526c717124c	e3b0c44298fc1c149afbf4c8996fb92427ae41e4649b934ca495991b7852b855	6382e6bcd563d18441f557cabadeb0edcee688d513d09d6cd7759526c717124c	gate_a	true
tblastx	d03_ap027078_ap027131_code4	"[""tblastx"", ""-query"", ""/tmp/losat-pr5-runtime-cert-5845d22/LOSAT/tests/fasta/AP027078.fasta"", ""-subject"", ""/tmp/losat-pr5-runtime-cert-5845d22/LOSAT/tests/fasta/AP027131.fasta"", ""-outfmt"", ""6"", ""-num_threads"", ""1"", ""-query_gencode"", ""4"", ""-db_gencode"", ""4"", ""-out"", ""{OUT}""]"	0	60398388c8710ac46baa5a0acb3c3a104c682503373f65f491d2301a262ed2bb	e3b0c44298fc1c149afbf4c8996fb92427ae41e4649b934ca495991b7852b855	60398388c8710ac46baa5a0acb3c3a104c682503373f65f491d2301a262ed2bb	gate_a	true
tblastx	d04_ap027131_ap027133_code4	"[""tblastx"", ""-query"", ""/tmp/losat-pr5-runtime-cert-5845d22/LOSAT/tests/fasta/AP027131.fasta"", ""-subject"", ""/tmp/losat-pr5-runtime-cert-5845d22/LOSAT/tests/fasta/AP027133.fasta"", ""-outfmt"", ""6"", ""-num_threads"", ""1"", ""-query_gencode"", ""4"", ""-db_gencode"", ""4"", ""-out"", ""{OUT}""]"	0	1da3bfe7d96d50a96726a44e2df98f5e81c05bee9cd655ad51bb8d44aa377963	e3b0c44298fc1c149afbf4c8996fb92427ae41e4649b934ca495991b7852b855	1da3bfe7d96d50a96726a44e2df98f5e81c05bee9cd655ad51bb8d44aa377963	gate_a	true
tblastx	d05_ap027133_ap027132_code4	"[""tblastx"", ""-query"", ""/tmp/losat-pr5-runtime-cert-5845d22/LOSAT/tests/fasta/AP027133.fasta"", ""-subject"", ""/tmp/losat-pr5-runtime-cert-5845d22/LOSAT/tests/fasta/AP027132.fasta"", ""-outfmt"", ""6"", ""-num_threads"", ""1"", ""-query_gencode"", ""4"", ""-db_gencode"", ""4"", ""-out"", ""{OUT}""]"	0	cf8417264eac80d6dcf145a319c8f0fef4c3f8a0a41654c0d6dc8bf97fa8d8c3	e3b0c44298fc1c149afbf4c8996fb92427ae41e4649b934ca495991b7852b855	cf8417264eac80d6dcf145a319c8f0fef4c3f8a0a41654c0d6dc8bf97fa8d8c3	gate_a	true
tblastx	p12_lc738874_lc738875_default	"[""tblastx"", ""-query"", ""/tmp/losat-pr5-runtime-cert-5845d22/LOSAT/tests/fasta/LC738874.fasta"", ""-subject"", ""/tmp/losat-pr5-runtime-cert-5845d22/LOSAT/tests/fasta/LC738875.fasta"", ""-outfmt"", ""6"", ""-num_threads"", ""1"", ""-out"", ""{OUT}""]"	0	86c05a04efb50e4026720e2d44fe2db2e6446f9594e174f3fde56931d09d5b49	e3b0c44298fc1c149afbf4c8996fb92427ae41e4649b934ca495991b7852b855	86c05a04efb50e4026720e2d44fe2db2e6446f9594e174f3fde56931d09d5b49	gate_a	true
tblastx	p13_mela_mje_reverse	"[""tblastx"", ""-query"", ""/tmp/losat-pr5-runtime-cert-5845d22/LOSAT/tests/fasta/MelaMJNV.fasta"", ""-subject"", ""/tmp/losat-pr5-runtime-cert-5845d22/LOSAT/tests/fasta/MjeNMV.fasta"", ""-outfmt"", ""6"", ""-num_threads"", ""1"", ""-query_gencode"", ""1"", ""-db_gencode"", ""1"", ""-out"", ""{OUT}""]"	0	b34593f9506fb9ca9856c8b9e840295ff40e99c75b4ac144d867da8c032e062b	e3b0c44298fc1c149afbf4c8996fb92427ae41e4649b934ca495991b7852b855	b34593f9506fb9ca9856c8b9e840295ff40e99c75b4ac144d867da8c032e062b	gate_a	true
tblastx	p14_ap027131_ap027133_query4	"[""tblastx"", ""-query"", ""/tmp/losat-pr5-runtime-cert-5845d22/LOSAT/tests/fasta/AP027131.fasta"", ""-subject"", ""/tmp/losat-pr5-runtime-cert-5845d22/LOSAT/tests/fasta/AP027133.fasta"", ""-outfmt"", ""6"", ""-num_threads"", ""1"", ""-query_gencode"", ""4"", ""-db_gencode"", ""1"", ""-out"", ""{OUT}""]"	0	ef33958a8c31146eea7a2b7fea4e7ff1c690e451058c007f1a0cb60047a43de6	e3b0c44298fc1c149afbf4c8996fb92427ae41e4649b934ca495991b7852b855	ef33958a8c31146eea7a2b7fea4e7ff1c690e451058c007f1a0cb60047a43de6	gate_a	true
tblastx	d06_ap027131_ap027133_db4	"[""tblastx"", ""-query"", ""/tmp/losat-pr5-runtime-cert-5845d22/LOSAT/tests/fasta/AP027131.fasta"", ""-subject"", ""/tmp/losat-pr5-runtime-cert-5845d22/LOSAT/tests/fasta/AP027133.fasta"", ""-outfmt"", ""6"", ""-num_threads"", ""1"", ""-query_gencode"", ""1"", ""-db_gencode"", ""4"", ""-out"", ""{OUT}""]"	0	719339294d0f22d0f415dd33106a0fd93c25ac372b1456d19d92390fce081df1	e3b0c44298fc1c149afbf4c8996fb92427ae41e4649b934ca495991b7852b855	719339294d0f22d0f415dd33106a0fd93c25ac372b1456d19d92390fce081df1	gate_a	true
tblastn	code1.fmt0.n1.r0	"[""tblastn"", ""-task"", ""tblastn"", ""-query"", ""/mnt/c/Users/genom/GitHub/LOSAT/docs/evidence/tlosan_stage_d/all_codes_20260925/fixtures/code1.faa"", ""-subject"", ""/mnt/c/Users/genom/GitHub/LOSAT/docs/evidence/tlosan_stage_d/all_codes_20260925/fixtures/code1.fna"", ""-db_gencode"", ""1"", ""-num_threads"", ""1"", ""-outfmt"", ""0""]"	0	849442c21fc10fa3d145b5b0c8544618a2011b90e70ea86c97765d0e71073e33	e3b0c44298fc1c149afbf4c8996fb92427ae41e4649b934ca495991b7852b855	849442c21fc10fa3d145b5b0c8544618a2011b90e70ea86c97765d0e71073e33	tlosan_stage_g	true
tblastn	code1.fmt0.n4.r0	"[""tblastn"", ""-task"", ""tblastn"", ""-query"", ""/mnt/c/Users/genom/GitHub/LOSAT/docs/evidence/tlosan_stage_d/all_codes_20260925/fixtures/code1.faa"", ""-subject"", ""/mnt/c/Users/genom/GitHub/LOSAT/docs/evidence/tlosan_stage_d/all_codes_20260925/fixtures/code1.fna"", ""-db_gencode"", ""1"", ""-num_threads"", ""4"", ""-outfmt"", ""0""]"	0	849442c21fc10fa3d145b5b0c8544618a2011b90e70ea86c97765d0e71073e33	e3b0c44298fc1c149afbf4c8996fb92427ae41e4649b934ca495991b7852b855	849442c21fc10fa3d145b5b0c8544618a2011b90e70ea86c97765d0e71073e33	tlosan_stage_g	true
tblastn	code1.fmt6.n1.r0	"[""tblastn"", ""-task"", ""tblastn"", ""-query"", ""/mnt/c/Users/genom/GitHub/LOSAT/docs/evidence/tlosan_stage_d/all_codes_20260925/fixtures/code1.faa"", ""-subject"", ""/mnt/c/Users/genom/GitHub/LOSAT/docs/evidence/tlosan_stage_d/all_codes_20260925/fixtures/code1.fna"", ""-db_gencode"", ""1"", ""-num_threads"", ""1"", ""-outfmt"", ""6""]"	0	9f755c8e22a2a3a872d66f2c5ce6f7724c2dc3a907b46545e3adf3b210ff4dad	e3b0c44298fc1c149afbf4c8996fb92427ae41e4649b934ca495991b7852b855	9f755c8e22a2a3a872d66f2c5ce6f7724c2dc3a907b46545e3adf3b210ff4dad	tlosan_stage_g	true
tblastn	code1.fmt6.n4.r0	"[""tblastn"", ""-task"", ""tblastn"", ""-query"", ""/mnt/c/Users/genom/GitHub/LOSAT/docs/evidence/tlosan_stage_d/all_codes_20260925/fixtures/code1.faa"", ""-subject"", ""/mnt/c/Users/genom/GitHub/LOSAT/docs/evidence/tlosan_stage_d/all_codes_20260925/fixtures/code1.fna"", ""-db_gencode"", ""1"", ""-num_threads"", ""4"", ""-outfmt"", ""6""]"	0	9f755c8e22a2a3a872d66f2c5ce6f7724c2dc3a907b46545e3adf3b210ff4dad	e3b0c44298fc1c149afbf4c8996fb92427ae41e4649b934ca495991b7852b855	9f755c8e22a2a3a872d66f2c5ce6f7724c2dc3a907b46545e3adf3b210ff4dad	tlosan_stage_g	true
tblastn	code1.fmt7.n1.r0	"[""tblastn"", ""-task"", ""tblastn"", ""-query"", ""/mnt/c/Users/genom/GitHub/LOSAT/docs/evidence/tlosan_stage_d/all_codes_20260925/fixtures/code1.faa"", ""-subject"", ""/mnt/c/Users/genom/GitHub/LOSAT/docs/evidence/tlosan_stage_d/all_codes_20260925/fixtures/code1.fna"", ""-db_gencode"", ""1"", ""-num_threads"", ""1"", ""-outfmt"", ""7""]"	0	c770b8ae94cd8aa57f04b090d133ac3d200cb471e7b601f4e2ec76d576af709c	e3b0c44298fc1c149afbf4c8996fb92427ae41e4649b934ca495991b7852b855	c770b8ae94cd8aa57f04b090d133ac3d200cb471e7b601f4e2ec76d576af709c	tlosan_stage_g	true
tblastn	code1.fmt7.n4.r0	"[""tblastn"", ""-task"", ""tblastn"", ""-query"", ""/mnt/c/Users/genom/GitHub/LOSAT/docs/evidence/tlosan_stage_d/all_codes_20260925/fixtures/code1.faa"", ""-subject"", ""/mnt/c/Users/genom/GitHub/LOSAT/docs/evidence/tlosan_stage_d/all_codes_20260925/fixtures/code1.fna"", ""-db_gencode"", ""1"", ""-num_threads"", ""4"", ""-outfmt"", ""7""]"	0	c770b8ae94cd8aa57f04b090d133ac3d200cb471e7b601f4e2ec76d576af709c	e3b0c44298fc1c149afbf4c8996fb92427ae41e4649b934ca495991b7852b855	c770b8ae94cd8aa57f04b090d133ac3d200cb471e7b601f4e2ec76d576af709c	tlosan_stage_g	true
tblastn	code2.fmt0.n1.r0	"[""tblastn"", ""-task"", ""tblastn"", ""-query"", ""/mnt/c/Users/genom/GitHub/LOSAT/docs/evidence/tlosan_stage_d/all_codes_20260925/fixtures/code2.faa"", ""-subject"", ""/mnt/c/Users/genom/GitHub/LOSAT/docs/evidence/tlosan_stage_d/all_codes_20260925/fixtures/code2.fna"", ""-db_gencode"", ""2"", ""-num_threads"", ""1"", ""-outfmt"", ""0""]"	0	99064d1d20e6b0f210159e455e62bbb91f43b52d2f6e6ef60b58e9887b05c60f	e3b0c44298fc1c149afbf4c8996fb92427ae41e4649b934ca495991b7852b855	99064d1d20e6b0f210159e455e62bbb91f43b52d2f6e6ef60b58e9887b05c60f	tlosan_stage_g	true
tblastn	code2.fmt0.n4.r0	"[""tblastn"", ""-task"", ""tblastn"", ""-query"", ""/mnt/c/Users/genom/GitHub/LOSAT/docs/evidence/tlosan_stage_d/all_codes_20260925/fixtures/code2.faa"", ""-subject"", ""/mnt/c/Users/genom/GitHub/LOSAT/docs/evidence/tlosan_stage_d/all_codes_20260925/fixtures/code2.fna"", ""-db_gencode"", ""2"", ""-num_threads"", ""4"", ""-outfmt"", ""0""]"	0	99064d1d20e6b0f210159e455e62bbb91f43b52d2f6e6ef60b58e9887b05c60f	e3b0c44298fc1c149afbf4c8996fb92427ae41e4649b934ca495991b7852b855	99064d1d20e6b0f210159e455e62bbb91f43b52d2f6e6ef60b58e9887b05c60f	tlosan_stage_g	true
tblastn	code2.fmt6.n1.r0	"[""tblastn"", ""-task"", ""tblastn"", ""-query"", ""/mnt/c/Users/genom/GitHub/LOSAT/docs/evidence/tlosan_stage_d/all_codes_20260925/fixtures/code2.faa"", ""-subject"", ""/mnt/c/Users/genom/GitHub/LOSAT/docs/evidence/tlosan_stage_d/all_codes_20260925/fixtures/code2.fna"", ""-db_gencode"", ""2"", ""-num_threads"", ""1"", ""-outfmt"", ""6""]"	0	0949537aa301b75a394ac276826636d834eb8740c14b77ef4e76a3d3f955296d	e3b0c44298fc1c149afbf4c8996fb92427ae41e4649b934ca495991b7852b855	0949537aa301b75a394ac276826636d834eb8740c14b77ef4e76a3d3f955296d	tlosan_stage_g	true
tblastn	code2.fmt6.n4.r0	"[""tblastn"", ""-task"", ""tblastn"", ""-query"", ""/mnt/c/Users/genom/GitHub/LOSAT/docs/evidence/tlosan_stage_d/all_codes_20260925/fixtures/code2.faa"", ""-subject"", ""/mnt/c/Users/genom/GitHub/LOSAT/docs/evidence/tlosan_stage_d/all_codes_20260925/fixtures/code2.fna"", ""-db_gencode"", ""2"", ""-num_threads"", ""4"", ""-outfmt"", ""6""]"	0	0949537aa301b75a394ac276826636d834eb8740c14b77ef4e76a3d3f955296d	e3b0c44298fc1c149afbf4c8996fb92427ae41e4649b934ca495991b7852b855	0949537aa301b75a394ac276826636d834eb8740c14b77ef4e76a3d3f955296d	tlosan_stage_g	true
tblastn	code2.fmt7.n1.r0	"[""tblastn"", ""-task"", ""tblastn"", ""-query"", ""/mnt/c/Users/genom/GitHub/LOSAT/docs/evidence/tlosan_stage_d/all_codes_20260925/fixtures/code2.faa"", ""-subject"", ""/mnt/c/Users/genom/GitHub/LOSAT/docs/evidence/tlosan_stage_d/all_codes_20260925/fixtures/code2.fna"", ""-db_gencode"", ""2"", ""-num_threads"", ""1"", ""-outfmt"", ""7""]"	0	2412006ca8afad17a91bdede76e6cf2d4365e50e21ccc7ce22f29f21f9403049	e3b0c44298fc1c149afbf4c8996fb92427ae41e4649b934ca495991b7852b855	2412006ca8afad17a91bdede76e6cf2d4365e50e21ccc7ce22f29f21f9403049	tlosan_stage_g	true
tblastn	code2.fmt7.n4.r0	"[""tblastn"", ""-task"", ""tblastn"", ""-query"", ""/mnt/c/Users/genom/GitHub/LOSAT/docs/evidence/tlosan_stage_d/all_codes_20260925/fixtures/code2.faa"", ""-subject"", ""/mnt/c/Users/genom/GitHub/LOSAT/docs/evidence/tlosan_stage_d/all_codes_20260925/fixtures/code2.fna"", ""-db_gencode"", ""2"", ""-num_threads"", ""4"", ""-outfmt"", ""7""]"	0	2412006ca8afad17a91bdede76e6cf2d4365e50e21ccc7ce22f29f21f9403049	e3b0c44298fc1c149afbf4c8996fb92427ae41e4649b934ca495991b7852b855	2412006ca8afad17a91bdede76e6cf2d4365e50e21ccc7ce22f29f21f9403049	tlosan_stage_g	true
tblastn	code3.fmt0.n1.r0	"[""tblastn"", ""-task"", ""tblastn"", ""-query"", ""/mnt/c/Users/genom/GitHub/LOSAT/docs/evidence/tlosan_stage_d/all_codes_20260925/fixtures/code3.faa"", ""-subject"", ""/mnt/c/Users/genom/GitHub/LOSAT/docs/evidence/tlosan_stage_d/all_codes_20260925/fixtures/code3.fna"", ""-db_gencode"", ""3"", ""-num_threads"", ""1"", ""-outfmt"", ""0""]"	0	1d906b3ed706f579411b1e770bf1d61eb28dc0f0e0bc00618e787427fa9eb675	e3b0c44298fc1c149afbf4c8996fb92427ae41e4649b934ca495991b7852b855	1d906b3ed706f579411b1e770bf1d61eb28dc0f0e0bc00618e787427fa9eb675	tlosan_stage_g	true
tblastn	code3.fmt0.n4.r0	"[""tblastn"", ""-task"", ""tblastn"", ""-query"", ""/mnt/c/Users/genom/GitHub/LOSAT/docs/evidence/tlosan_stage_d/all_codes_20260925/fixtures/code3.faa"", ""-subject"", ""/mnt/c/Users/genom/GitHub/LOSAT/docs/evidence/tlosan_stage_d/all_codes_20260925/fixtures/code3.fna"", ""-db_gencode"", ""3"", ""-num_threads"", ""4"", ""-outfmt"", ""0""]"	0	1d906b3ed706f579411b1e770bf1d61eb28dc0f0e0bc00618e787427fa9eb675	e3b0c44298fc1c149afbf4c8996fb92427ae41e4649b934ca495991b7852b855	1d906b3ed706f579411b1e770bf1d61eb28dc0f0e0bc00618e787427fa9eb675	tlosan_stage_g	true
tblastn	code3.fmt6.n1.r0	"[""tblastn"", ""-task"", ""tblastn"", ""-query"", ""/mnt/c/Users/genom/GitHub/LOSAT/docs/evidence/tlosan_stage_d/all_codes_20260925/fixtures/code3.faa"", ""-subject"", ""/mnt/c/Users/genom/GitHub/LOSAT/docs/evidence/tlosan_stage_d/all_codes_20260925/fixtures/code3.fna"", ""-db_gencode"", ""3"", ""-num_threads"", ""1"", ""-outfmt"", ""6""]"	0	a41a4a14f6be097d6154451349d7297c138c222e332b2fa8bf24b8f337a52335	e3b0c44298fc1c149afbf4c8996fb92427ae41e4649b934ca495991b7852b855	a41a4a14f6be097d6154451349d7297c138c222e332b2fa8bf24b8f337a52335	tlosan_stage_g	true
tblastn	code3.fmt6.n4.r0	"[""tblastn"", ""-task"", ""tblastn"", ""-query"", ""/mnt/c/Users/genom/GitHub/LOSAT/docs/evidence/tlosan_stage_d/all_codes_20260925/fixtures/code3.faa"", ""-subject"", ""/mnt/c/Users/genom/GitHub/LOSAT/docs/evidence/tlosan_stage_d/all_codes_20260925/fixtures/code3.fna"", ""-db_gencode"", ""3"", ""-num_threads"", ""4"", ""-outfmt"", ""6""]"	0	a41a4a14f6be097d6154451349d7297c138c222e332b2fa8bf24b8f337a52335	e3b0c44298fc1c149afbf4c8996fb92427ae41e4649b934ca495991b7852b855	a41a4a14f6be097d6154451349d7297c138c222e332b2fa8bf24b8f337a52335	tlosan_stage_g	true
tblastn	code3.fmt7.n1.r0	"[""tblastn"", ""-task"", ""tblastn"", ""-query"", ""/mnt/c/Users/genom/GitHub/LOSAT/docs/evidence/tlosan_stage_d/all_codes_20260925/fixtures/code3.faa"", ""-subject"", ""/mnt/c/Users/genom/GitHub/LOSAT/docs/evidence/tlosan_stage_d/all_codes_20260925/fixtures/code3.fna"", ""-db_gencode"", ""3"", ""-num_threads"", ""1"", ""-outfmt"", ""7""]"	0	56dba22e9df8767443c6739d60614073ab61c50de91031dd49a23073accd9cdc	e3b0c44298fc1c149afbf4c8996fb92427ae41e4649b934ca495991b7852b855	56dba22e9df8767443c6739d60614073ab61c50de91031dd49a23073accd9cdc	tlosan_stage_g	true
tblastn	code3.fmt7.n4.r0	"[""tblastn"", ""-task"", ""tblastn"", ""-query"", ""/mnt/c/Users/genom/GitHub/LOSAT/docs/evidence/tlosan_stage_d/all_codes_20260925/fixtures/code3.faa"", ""-subject"", ""/mnt/c/Users/genom/GitHub/LOSAT/docs/evidence/tlosan_stage_d/all_codes_20260925/fixtures/code3.fna"", ""-db_gencode"", ""3"", ""-num_threads"", ""4"", ""-outfmt"", ""7""]"	0	56dba22e9df8767443c6739d60614073ab61c50de91031dd49a23073accd9cdc	e3b0c44298fc1c149afbf4c8996fb92427ae41e4649b934ca495991b7852b855	56dba22e9df8767443c6739d60614073ab61c50de91031dd49a23073accd9cdc	tlosan_stage_g	true
tblastn	code4.fmt0.n1.r0	"[""tblastn"", ""-task"", ""tblastn"", ""-query"", ""/mnt/c/Users/genom/GitHub/LOSAT/docs/evidence/tlosan_stage_d/all_codes_20260925/fixtures/code4.faa"", ""-subject"", ""/mnt/c/Users/genom/GitHub/LOSAT/docs/evidence/tlosan_stage_d/all_codes_20260925/fixtures/code4.fna"", ""-db_gencode"", ""4"", ""-num_threads"", ""1"", ""-outfmt"", ""0""]"	0	a64bc1f6bc279e0232b4e2161c7c3c4b120289d9c06c511aa88ac3d12bf9e87f	e3b0c44298fc1c149afbf4c8996fb92427ae41e4649b934ca495991b7852b855	a64bc1f6bc279e0232b4e2161c7c3c4b120289d9c06c511aa88ac3d12bf9e87f	tlosan_stage_g	true
tblastn	code4.fmt0.n4.r0	"[""tblastn"", ""-task"", ""tblastn"", ""-query"", ""/mnt/c/Users/genom/GitHub/LOSAT/docs/evidence/tlosan_stage_d/all_codes_20260925/fixtures/code4.faa"", ""-subject"", ""/mnt/c/Users/genom/GitHub/LOSAT/docs/evidence/tlosan_stage_d/all_codes_20260925/fixtures/code4.fna"", ""-db_gencode"", ""4"", ""-num_threads"", ""4"", ""-outfmt"", ""0""]"	0	a64bc1f6bc279e0232b4e2161c7c3c4b120289d9c06c511aa88ac3d12bf9e87f	e3b0c44298fc1c149afbf4c8996fb92427ae41e4649b934ca495991b7852b855	a64bc1f6bc279e0232b4e2161c7c3c4b120289d9c06c511aa88ac3d12bf9e87f	tlosan_stage_g	true
tblastn	code4.fmt6.n1.r0	"[""tblastn"", ""-task"", ""tblastn"", ""-query"", ""/mnt/c/Users/genom/GitHub/LOSAT/docs/evidence/tlosan_stage_d/all_codes_20260925/fixtures/code4.faa"", ""-subject"", ""/mnt/c/Users/genom/GitHub/LOSAT/docs/evidence/tlosan_stage_d/all_codes_20260925/fixtures/code4.fna"", ""-db_gencode"", ""4"", ""-num_threads"", ""1"", ""-outfmt"", ""6""]"	0	aed3c56a2b77c1f7f705d9f892f0b9e83d63c0979d427a1c9f33b9522c239437	e3b0c44298fc1c149afbf4c8996fb92427ae41e4649b934ca495991b7852b855	aed3c56a2b77c1f7f705d9f892f0b9e83d63c0979d427a1c9f33b9522c239437	tlosan_stage_g	true
tblastn	code4.fmt6.n4.r0	"[""tblastn"", ""-task"", ""tblastn"", ""-query"", ""/mnt/c/Users/genom/GitHub/LOSAT/docs/evidence/tlosan_stage_d/all_codes_20260925/fixtures/code4.faa"", ""-subject"", ""/mnt/c/Users/genom/GitHub/LOSAT/docs/evidence/tlosan_stage_d/all_codes_20260925/fixtures/code4.fna"", ""-db_gencode"", ""4"", ""-num_threads"", ""4"", ""-outfmt"", ""6""]"	0	aed3c56a2b77c1f7f705d9f892f0b9e83d63c0979d427a1c9f33b9522c239437	e3b0c44298fc1c149afbf4c8996fb92427ae41e4649b934ca495991b7852b855	aed3c56a2b77c1f7f705d9f892f0b9e83d63c0979d427a1c9f33b9522c239437	tlosan_stage_g	true
tblastn	code4.fmt7.n1.r0	"[""tblastn"", ""-task"", ""tblastn"", ""-query"", ""/mnt/c/Users/genom/GitHub/LOSAT/docs/evidence/tlosan_stage_d/all_codes_20260925/fixtures/code4.faa"", ""-subject"", ""/mnt/c/Users/genom/GitHub/LOSAT/docs/evidence/tlosan_stage_d/all_codes_20260925/fixtures/code4.fna"", ""-db_gencode"", ""4"", ""-num_threads"", ""1"", ""-outfmt"", ""7""]"	0	5fbab6aafb654a4bebe0dcff1198a6b11f30ff6553d009a9ca6b9df4a17c5a54	e3b0c44298fc1c149afbf4c8996fb92427ae41e4649b934ca495991b7852b855	5fbab6aafb654a4bebe0dcff1198a6b11f30ff6553d009a9ca6b9df4a17c5a54	tlosan_stage_g	true
tblastn	code4.fmt7.n4.r0	"[""tblastn"", ""-task"", ""tblastn"", ""-query"", ""/mnt/c/Users/genom/GitHub/LOSAT/docs/evidence/tlosan_stage_d/all_codes_20260925/fixtures/code4.faa"", ""-subject"", ""/mnt/c/Users/genom/GitHub/LOSAT/docs/evidence/tlosan_stage_d/all_codes_20260925/fixtures/code4.fna"", ""-db_gencode"", ""4"", ""-num_threads"", ""4"", ""-outfmt"", ""7""]"	0	5fbab6aafb654a4bebe0dcff1198a6b11f30ff6553d009a9ca6b9df4a17c5a54	e3b0c44298fc1c149afbf4c8996fb92427ae41e4649b934ca495991b7852b855	5fbab6aafb654a4bebe0dcff1198a6b11f30ff6553d009a9ca6b9df4a17c5a54	tlosan_stage_g	true
tblastn	code5.fmt0.n1.r0	"[""tblastn"", ""-task"", ""tblastn"", ""-query"", ""/mnt/c/Users/genom/GitHub/LOSAT/docs/evidence/tlosan_stage_d/all_codes_20260925/fixtures/code5.faa"", ""-subject"", ""/mnt/c/Users/genom/GitHub/LOSAT/docs/evidence/tlosan_stage_d/all_codes_20260925/fixtures/code5.fna"", ""-db_gencode"", ""5"", ""-num_threads"", ""1"", ""-outfmt"", ""0""]"	0	c437bf0cf92385884467d15e2fd96e193e0c3ae9c047072e0c322539dd7e2598	e3b0c44298fc1c149afbf4c8996fb92427ae41e4649b934ca495991b7852b855	c437bf0cf92385884467d15e2fd96e193e0c3ae9c047072e0c322539dd7e2598	tlosan_stage_g	true
tblastn	code5.fmt0.n4.r0	"[""tblastn"", ""-task"", ""tblastn"", ""-query"", ""/mnt/c/Users/genom/GitHub/LOSAT/docs/evidence/tlosan_stage_d/all_codes_20260925/fixtures/code5.faa"", ""-subject"", ""/mnt/c/Users/genom/GitHub/LOSAT/docs/evidence/tlosan_stage_d/all_codes_20260925/fixtures/code5.fna"", ""-db_gencode"", ""5"", ""-num_threads"", ""4"", ""-outfmt"", ""0""]"	0	c437bf0cf92385884467d15e2fd96e193e0c3ae9c047072e0c322539dd7e2598	e3b0c44298fc1c149afbf4c8996fb92427ae41e4649b934ca495991b7852b855	c437bf0cf92385884467d15e2fd96e193e0c3ae9c047072e0c322539dd7e2598	tlosan_stage_g	true
tblastn	code5.fmt6.n1.r0	"[""tblastn"", ""-task"", ""tblastn"", ""-query"", ""/mnt/c/Users/genom/GitHub/LOSAT/docs/evidence/tlosan_stage_d/all_codes_20260925/fixtures/code5.faa"", ""-subject"", ""/mnt/c/Users/genom/GitHub/LOSAT/docs/evidence/tlosan_stage_d/all_codes_20260925/fixtures/code5.fna"", ""-db_gencode"", ""5"", ""-num_threads"", ""1"", ""-outfmt"", ""6""]"	0	31196644f1bd03682ed732e085c97ec085d8a8575dd0d6fce28cefd454b7ab5f	e3b0c44298fc1c149afbf4c8996fb92427ae41e4649b934ca495991b7852b855	31196644f1bd03682ed732e085c97ec085d8a8575dd0d6fce28cefd454b7ab5f	tlosan_stage_g	true
tblastn	code5.fmt6.n4.r0	"[""tblastn"", ""-task"", ""tblastn"", ""-query"", ""/mnt/c/Users/genom/GitHub/LOSAT/docs/evidence/tlosan_stage_d/all_codes_20260925/fixtures/code5.faa"", ""-subject"", ""/mnt/c/Users/genom/GitHub/LOSAT/docs/evidence/tlosan_stage_d/all_codes_20260925/fixtures/code5.fna"", ""-db_gencode"", ""5"", ""-num_threads"", ""4"", ""-outfmt"", ""6""]"	0	31196644f1bd03682ed732e085c97ec085d8a8575dd0d6fce28cefd454b7ab5f	e3b0c44298fc1c149afbf4c8996fb92427ae41e4649b934ca495991b7852b855	31196644f1bd03682ed732e085c97ec085d8a8575dd0d6fce28cefd454b7ab5f	tlosan_stage_g	true
tblastn	code5.fmt7.n1.r0	"[""tblastn"", ""-task"", ""tblastn"", ""-query"", ""/mnt/c/Users/genom/GitHub/LOSAT/docs/evidence/tlosan_stage_d/all_codes_20260925/fixtures/code5.faa"", ""-subject"", ""/mnt/c/Users/genom/GitHub/LOSAT/docs/evidence/tlosan_stage_d/all_codes_20260925/fixtures/code5.fna"", ""-db_gencode"", ""5"", ""-num_threads"", ""1"", ""-outfmt"", ""7""]"	0	3d5f768e5ce5cc86f2ad3548f8f41fc6e56d73b51a45a2b67d34b5e3516ffb48	e3b0c44298fc1c149afbf4c8996fb92427ae41e4649b934ca495991b7852b855	3d5f768e5ce5cc86f2ad3548f8f41fc6e56d73b51a45a2b67d34b5e3516ffb48	tlosan_stage_g	true
tblastn	code5.fmt7.n4.r0	"[""tblastn"", ""-task"", ""tblastn"", ""-query"", ""/mnt/c/Users/genom/GitHub/LOSAT/docs/evidence/tlosan_stage_d/all_codes_20260925/fixtures/code5.faa"", ""-subject"", ""/mnt/c/Users/genom/GitHub/LOSAT/docs/evidence/tlosan_stage_d/all_codes_20260925/fixtures/code5.fna"", ""-db_gencode"", ""5"", ""-num_threads"", ""4"", ""-outfmt"", ""7""]"	0	3d5f768e5ce5cc86f2ad3548f8f41fc6e56d73b51a45a2b67d34b5e3516ffb48	e3b0c44298fc1c149afbf4c8996fb92427ae41e4649b934ca495991b7852b855	3d5f768e5ce5cc86f2ad3548f8f41fc6e56d73b51a45a2b67d34b5e3516ffb48	tlosan_stage_g	true
tblastn	code6.fmt0.n1.r0	"[""tblastn"", ""-task"", ""tblastn"", ""-query"", ""/mnt/c/Users/genom/GitHub/LOSAT/docs/evidence/tlosan_stage_d/all_codes_20260925/fixtures/code6.faa"", ""-subject"", ""/mnt/c/Users/genom/GitHub/LOSAT/docs/evidence/tlosan_stage_d/all_codes_20260925/fixtures/code6.fna"", ""-db_gencode"", ""6"", ""-num_threads"", ""1"", ""-outfmt"", ""0""]"	0	683f90d0e5a0123304af3d58b95fbad32bd061b3e4da4077f82bcd62595cd198	e3b0c44298fc1c149afbf4c8996fb92427ae41e4649b934ca495991b7852b855	683f90d0e5a0123304af3d58b95fbad32bd061b3e4da4077f82bcd62595cd198	tlosan_stage_g	true
tblastn	code6.fmt0.n4.r0	"[""tblastn"", ""-task"", ""tblastn"", ""-query"", ""/mnt/c/Users/genom/GitHub/LOSAT/docs/evidence/tlosan_stage_d/all_codes_20260925/fixtures/code6.faa"", ""-subject"", ""/mnt/c/Users/genom/GitHub/LOSAT/docs/evidence/tlosan_stage_d/all_codes_20260925/fixtures/code6.fna"", ""-db_gencode"", ""6"", ""-num_threads"", ""4"", ""-outfmt"", ""0""]"	0	683f90d0e5a0123304af3d58b95fbad32bd061b3e4da4077f82bcd62595cd198	e3b0c44298fc1c149afbf4c8996fb92427ae41e4649b934ca495991b7852b855	683f90d0e5a0123304af3d58b95fbad32bd061b3e4da4077f82bcd62595cd198	tlosan_stage_g	true
tblastn	code6.fmt6.n1.r0	"[""tblastn"", ""-task"", ""tblastn"", ""-query"", ""/mnt/c/Users/genom/GitHub/LOSAT/docs/evidence/tlosan_stage_d/all_codes_20260925/fixtures/code6.faa"", ""-subject"", ""/mnt/c/Users/genom/GitHub/LOSAT/docs/evidence/tlosan_stage_d/all_codes_20260925/fixtures/code6.fna"", ""-db_gencode"", ""6"", ""-num_threads"", ""1"", ""-outfmt"", ""6""]"	0	4f9d47b0ff0f35688ef53054e9a7952552da085c010065bfbecc95fc1c12a0bb	e3b0c44298fc1c149afbf4c8996fb92427ae41e4649b934ca495991b7852b855	4f9d47b0ff0f35688ef53054e9a7952552da085c010065bfbecc95fc1c12a0bb	tlosan_stage_g	true
tblastn	code6.fmt6.n4.r0	"[""tblastn"", ""-task"", ""tblastn"", ""-query"", ""/mnt/c/Users/genom/GitHub/LOSAT/docs/evidence/tlosan_stage_d/all_codes_20260925/fixtures/code6.faa"", ""-subject"", ""/mnt/c/Users/genom/GitHub/LOSAT/docs/evidence/tlosan_stage_d/all_codes_20260925/fixtures/code6.fna"", ""-db_gencode"", ""6"", ""-num_threads"", ""4"", ""-outfmt"", ""6""]"	0	4f9d47b0ff0f35688ef53054e9a7952552da085c010065bfbecc95fc1c12a0bb	e3b0c44298fc1c149afbf4c8996fb92427ae41e4649b934ca495991b7852b855	4f9d47b0ff0f35688ef53054e9a7952552da085c010065bfbecc95fc1c12a0bb	tlosan_stage_g	true
tblastn	code6.fmt7.n1.r0	"[""tblastn"", ""-task"", ""tblastn"", ""-query"", ""/mnt/c/Users/genom/GitHub/LOSAT/docs/evidence/tlosan_stage_d/all_codes_20260925/fixtures/code6.faa"", ""-subject"", ""/mnt/c/Users/genom/GitHub/LOSAT/docs/evidence/tlosan_stage_d/all_codes_20260925/fixtures/code6.fna"", ""-db_gencode"", ""6"", ""-num_threads"", ""1"", ""-outfmt"", ""7""]"	0	d866e6f734baaecf92a0a15b518ed226d4d35b1dec5cf69cee8a10caee0d7a9d	e3b0c44298fc1c149afbf4c8996fb92427ae41e4649b934ca495991b7852b855	d866e6f734baaecf92a0a15b518ed226d4d35b1dec5cf69cee8a10caee0d7a9d	tlosan_stage_g	true
tblastn	code6.fmt7.n4.r0	"[""tblastn"", ""-task"", ""tblastn"", ""-query"", ""/mnt/c/Users/genom/GitHub/LOSAT/docs/evidence/tlosan_stage_d/all_codes_20260925/fixtures/code6.faa"", ""-subject"", ""/mnt/c/Users/genom/GitHub/LOSAT/docs/evidence/tlosan_stage_d/all_codes_20260925/fixtures/code6.fna"", ""-db_gencode"", ""6"", ""-num_threads"", ""4"", ""-outfmt"", ""7""]"	0	d866e6f734baaecf92a0a15b518ed226d4d35b1dec5cf69cee8a10caee0d7a9d	e3b0c44298fc1c149afbf4c8996fb92427ae41e4649b934ca495991b7852b855	d866e6f734baaecf92a0a15b518ed226d4d35b1dec5cf69cee8a10caee0d7a9d	tlosan_stage_g	true
tblastn	code9.fmt0.n1.r0	"[""tblastn"", ""-task"", ""tblastn"", ""-query"", ""/mnt/c/Users/genom/GitHub/LOSAT/docs/evidence/tlosan_stage_d/all_codes_20260925/fixtures/code9.faa"", ""-subject"", ""/mnt/c/Users/genom/GitHub/LOSAT/docs/evidence/tlosan_stage_d/all_codes_20260925/fixtures/code9.fna"", ""-db_gencode"", ""9"", ""-num_threads"", ""1"", ""-outfmt"", ""0""]"	0	ee3ec3de3364fc5fc0ebcee8eafe956cddb4e8ec739d1c108d10adfe5b54ddcc	e3b0c44298fc1c149afbf4c8996fb92427ae41e4649b934ca495991b7852b855	ee3ec3de3364fc5fc0ebcee8eafe956cddb4e8ec739d1c108d10adfe5b54ddcc	tlosan_stage_g	true
tblastn	code9.fmt0.n4.r0	"[""tblastn"", ""-task"", ""tblastn"", ""-query"", ""/mnt/c/Users/genom/GitHub/LOSAT/docs/evidence/tlosan_stage_d/all_codes_20260925/fixtures/code9.faa"", ""-subject"", ""/mnt/c/Users/genom/GitHub/LOSAT/docs/evidence/tlosan_stage_d/all_codes_20260925/fixtures/code9.fna"", ""-db_gencode"", ""9"", ""-num_threads"", ""4"", ""-outfmt"", ""0""]"	0	ee3ec3de3364fc5fc0ebcee8eafe956cddb4e8ec739d1c108d10adfe5b54ddcc	e3b0c44298fc1c149afbf4c8996fb92427ae41e4649b934ca495991b7852b855	ee3ec3de3364fc5fc0ebcee8eafe956cddb4e8ec739d1c108d10adfe5b54ddcc	tlosan_stage_g	true
tblastn	code9.fmt6.n1.r0	"[""tblastn"", ""-task"", ""tblastn"", ""-query"", ""/mnt/c/Users/genom/GitHub/LOSAT/docs/evidence/tlosan_stage_d/all_codes_20260925/fixtures/code9.faa"", ""-subject"", ""/mnt/c/Users/genom/GitHub/LOSAT/docs/evidence/tlosan_stage_d/all_codes_20260925/fixtures/code9.fna"", ""-db_gencode"", ""9"", ""-num_threads"", ""1"", ""-outfmt"", ""6""]"	0	e1aea4f5074d8227d884e56931518dbbad6cd5f18ccdc5c979abf0d7763f577b	e3b0c44298fc1c149afbf4c8996fb92427ae41e4649b934ca495991b7852b855	e1aea4f5074d8227d884e56931518dbbad6cd5f18ccdc5c979abf0d7763f577b	tlosan_stage_g	true
tblastn	code9.fmt6.n4.r0	"[""tblastn"", ""-task"", ""tblastn"", ""-query"", ""/mnt/c/Users/genom/GitHub/LOSAT/docs/evidence/tlosan_stage_d/all_codes_20260925/fixtures/code9.faa"", ""-subject"", ""/mnt/c/Users/genom/GitHub/LOSAT/docs/evidence/tlosan_stage_d/all_codes_20260925/fixtures/code9.fna"", ""-db_gencode"", ""9"", ""-num_threads"", ""4"", ""-outfmt"", ""6""]"	0	e1aea4f5074d8227d884e56931518dbbad6cd5f18ccdc5c979abf0d7763f577b	e3b0c44298fc1c149afbf4c8996fb92427ae41e4649b934ca495991b7852b855	e1aea4f5074d8227d884e56931518dbbad6cd5f18ccdc5c979abf0d7763f577b	tlosan_stage_g	true
tblastn	code9.fmt7.n1.r0	"[""tblastn"", ""-task"", ""tblastn"", ""-query"", ""/mnt/c/Users/genom/GitHub/LOSAT/docs/evidence/tlosan_stage_d/all_codes_20260925/fixtures/code9.faa"", ""-subject"", ""/mnt/c/Users/genom/GitHub/LOSAT/docs/evidence/tlosan_stage_d/all_codes_20260925/fixtures/code9.fna"", ""-db_gencode"", ""9"", ""-num_threads"", ""1"", ""-outfmt"", ""7""]"	0	caf537723d04810dc9562a319cd9209815dfd02c34f13ca67198e60fde464d21	e3b0c44298fc1c149afbf4c8996fb92427ae41e4649b934ca495991b7852b855	caf537723d04810dc9562a319cd9209815dfd02c34f13ca67198e60fde464d21	tlosan_stage_g	true
tblastn	code9.fmt7.n4.r0	"[""tblastn"", ""-task"", ""tblastn"", ""-query"", ""/mnt/c/Users/genom/GitHub/LOSAT/docs/evidence/tlosan_stage_d/all_codes_20260925/fixtures/code9.faa"", ""-subject"", ""/mnt/c/Users/genom/GitHub/LOSAT/docs/evidence/tlosan_stage_d/all_codes_20260925/fixtures/code9.fna"", ""-db_gencode"", ""9"", ""-num_threads"", ""4"", ""-outfmt"", ""7""]"	0	caf537723d04810dc9562a319cd9209815dfd02c34f13ca67198e60fde464d21	e3b0c44298fc1c149afbf4c8996fb92427ae41e4649b934ca495991b7852b855	caf537723d04810dc9562a319cd9209815dfd02c34f13ca67198e60fde464d21	tlosan_stage_g	true
tblastn	code10.fmt0.n1.r0	"[""tblastn"", ""-task"", ""tblastn"", ""-query"", ""/mnt/c/Users/genom/GitHub/LOSAT/docs/evidence/tlosan_stage_d/all_codes_20260925/fixtures/code10.faa"", ""-subject"", ""/mnt/c/Users/genom/GitHub/LOSAT/docs/evidence/tlosan_stage_d/all_codes_20260925/fixtures/code10.fna"", ""-db_gencode"", ""10"", ""-num_threads"", ""1"", ""-outfmt"", ""0""]"	0	8dca048bf73afb8b9a1218e9ffccb31de536e40dd1c3375476926a6b1ce74f17	e3b0c44298fc1c149afbf4c8996fb92427ae41e4649b934ca495991b7852b855	8dca048bf73afb8b9a1218e9ffccb31de536e40dd1c3375476926a6b1ce74f17	tlosan_stage_g	true
tblastn	code10.fmt0.n4.r0	"[""tblastn"", ""-task"", ""tblastn"", ""-query"", ""/mnt/c/Users/genom/GitHub/LOSAT/docs/evidence/tlosan_stage_d/all_codes_20260925/fixtures/code10.faa"", ""-subject"", ""/mnt/c/Users/genom/GitHub/LOSAT/docs/evidence/tlosan_stage_d/all_codes_20260925/fixtures/code10.fna"", ""-db_gencode"", ""10"", ""-num_threads"", ""4"", ""-outfmt"", ""0""]"	0	8dca048bf73afb8b9a1218e9ffccb31de536e40dd1c3375476926a6b1ce74f17	e3b0c44298fc1c149afbf4c8996fb92427ae41e4649b934ca495991b7852b855	8dca048bf73afb8b9a1218e9ffccb31de536e40dd1c3375476926a6b1ce74f17	tlosan_stage_g	true
tblastn	code10.fmt6.n1.r0	"[""tblastn"", ""-task"", ""tblastn"", ""-query"", ""/mnt/c/Users/genom/GitHub/LOSAT/docs/evidence/tlosan_stage_d/all_codes_20260925/fixtures/code10.faa"", ""-subject"", ""/mnt/c/Users/genom/GitHub/LOSAT/docs/evidence/tlosan_stage_d/all_codes_20260925/fixtures/code10.fna"", ""-db_gencode"", ""10"", ""-num_threads"", ""1"", ""-outfmt"", ""6""]"	0	eee415e3a46e3461132034d262b1af1c5cc8aa0a3e01e3c8398d52d45e74d6be	e3b0c44298fc1c149afbf4c8996fb92427ae41e4649b934ca495991b7852b855	eee415e3a46e3461132034d262b1af1c5cc8aa0a3e01e3c8398d52d45e74d6be	tlosan_stage_g	true
tblastn	code10.fmt6.n4.r0	"[""tblastn"", ""-task"", ""tblastn"", ""-query"", ""/mnt/c/Users/genom/GitHub/LOSAT/docs/evidence/tlosan_stage_d/all_codes_20260925/fixtures/code10.faa"", ""-subject"", ""/mnt/c/Users/genom/GitHub/LOSAT/docs/evidence/tlosan_stage_d/all_codes_20260925/fixtures/code10.fna"", ""-db_gencode"", ""10"", ""-num_threads"", ""4"", ""-outfmt"", ""6""]"	0	eee415e3a46e3461132034d262b1af1c5cc8aa0a3e01e3c8398d52d45e74d6be	e3b0c44298fc1c149afbf4c8996fb92427ae41e4649b934ca495991b7852b855	eee415e3a46e3461132034d262b1af1c5cc8aa0a3e01e3c8398d52d45e74d6be	tlosan_stage_g	true
tblastn	code10.fmt7.n1.r0	"[""tblastn"", ""-task"", ""tblastn"", ""-query"", ""/mnt/c/Users/genom/GitHub/LOSAT/docs/evidence/tlosan_stage_d/all_codes_20260925/fixtures/code10.faa"", ""-subject"", ""/mnt/c/Users/genom/GitHub/LOSAT/docs/evidence/tlosan_stage_d/all_codes_20260925/fixtures/code10.fna"", ""-db_gencode"", ""10"", ""-num_threads"", ""1"", ""-outfmt"", ""7""]"	0	fd12a817bd67f1bc5277775fd868d2c26db2d93ef13c8a65a69a114a9d6e4c69	e3b0c44298fc1c149afbf4c8996fb92427ae41e4649b934ca495991b7852b855	fd12a817bd67f1bc5277775fd868d2c26db2d93ef13c8a65a69a114a9d6e4c69	tlosan_stage_g	true
tblastn	code10.fmt7.n4.r0	"[""tblastn"", ""-task"", ""tblastn"", ""-query"", ""/mnt/c/Users/genom/GitHub/LOSAT/docs/evidence/tlosan_stage_d/all_codes_20260925/fixtures/code10.faa"", ""-subject"", ""/mnt/c/Users/genom/GitHub/LOSAT/docs/evidence/tlosan_stage_d/all_codes_20260925/fixtures/code10.fna"", ""-db_gencode"", ""10"", ""-num_threads"", ""4"", ""-outfmt"", ""7""]"	0	fd12a817bd67f1bc5277775fd868d2c26db2d93ef13c8a65a69a114a9d6e4c69	e3b0c44298fc1c149afbf4c8996fb92427ae41e4649b934ca495991b7852b855	fd12a817bd67f1bc5277775fd868d2c26db2d93ef13c8a65a69a114a9d6e4c69	tlosan_stage_g	true
tblastn	code11.fmt0.n1.r0	"[""tblastn"", ""-task"", ""tblastn"", ""-query"", ""/mnt/c/Users/genom/GitHub/LOSAT/docs/evidence/tlosan_stage_d/all_codes_20260925/fixtures/code11.faa"", ""-subject"", ""/mnt/c/Users/genom/GitHub/LOSAT/docs/evidence/tlosan_stage_d/all_codes_20260925/fixtures/code11.fna"", ""-db_gencode"", ""11"", ""-num_threads"", ""1"", ""-outfmt"", ""0""]"	0	f34476e16af1dff0f64b8bfa97b699c726b1a06d97da6be7900c892b12892652	e3b0c44298fc1c149afbf4c8996fb92427ae41e4649b934ca495991b7852b855	f34476e16af1dff0f64b8bfa97b699c726b1a06d97da6be7900c892b12892652	tlosan_stage_g	true
tblastn	code11.fmt0.n4.r0	"[""tblastn"", ""-task"", ""tblastn"", ""-query"", ""/mnt/c/Users/genom/GitHub/LOSAT/docs/evidence/tlosan_stage_d/all_codes_20260925/fixtures/code11.faa"", ""-subject"", ""/mnt/c/Users/genom/GitHub/LOSAT/docs/evidence/tlosan_stage_d/all_codes_20260925/fixtures/code11.fna"", ""-db_gencode"", ""11"", ""-num_threads"", ""4"", ""-outfmt"", ""0""]"	0	f34476e16af1dff0f64b8bfa97b699c726b1a06d97da6be7900c892b12892652	e3b0c44298fc1c149afbf4c8996fb92427ae41e4649b934ca495991b7852b855	f34476e16af1dff0f64b8bfa97b699c726b1a06d97da6be7900c892b12892652	tlosan_stage_g	true
tblastn	code11.fmt6.n1.r0	"[""tblastn"", ""-task"", ""tblastn"", ""-query"", ""/mnt/c/Users/genom/GitHub/LOSAT/docs/evidence/tlosan_stage_d/all_codes_20260925/fixtures/code11.faa"", ""-subject"", ""/mnt/c/Users/genom/GitHub/LOSAT/docs/evidence/tlosan_stage_d/all_codes_20260925/fixtures/code11.fna"", ""-db_gencode"", ""11"", ""-num_threads"", ""1"", ""-outfmt"", ""6""]"	0	32ffc5574db470e8b8f9484acaef2394de584707a6174a68c64905ffac0364e9	e3b0c44298fc1c149afbf4c8996fb92427ae41e4649b934ca495991b7852b855	32ffc5574db470e8b8f9484acaef2394de584707a6174a68c64905ffac0364e9	tlosan_stage_g	true
tblastn	code11.fmt6.n4.r0	"[""tblastn"", ""-task"", ""tblastn"", ""-query"", ""/mnt/c/Users/genom/GitHub/LOSAT/docs/evidence/tlosan_stage_d/all_codes_20260925/fixtures/code11.faa"", ""-subject"", ""/mnt/c/Users/genom/GitHub/LOSAT/docs/evidence/tlosan_stage_d/all_codes_20260925/fixtures/code11.fna"", ""-db_gencode"", ""11"", ""-num_threads"", ""4"", ""-outfmt"", ""6""]"	0	32ffc5574db470e8b8f9484acaef2394de584707a6174a68c64905ffac0364e9	e3b0c44298fc1c149afbf4c8996fb92427ae41e4649b934ca495991b7852b855	32ffc5574db470e8b8f9484acaef2394de584707a6174a68c64905ffac0364e9	tlosan_stage_g	true
tblastn	code11.fmt7.n1.r0	"[""tblastn"", ""-task"", ""tblastn"", ""-query"", ""/mnt/c/Users/genom/GitHub/LOSAT/docs/evidence/tlosan_stage_d/all_codes_20260925/fixtures/code11.faa"", ""-subject"", ""/mnt/c/Users/genom/GitHub/LOSAT/docs/evidence/tlosan_stage_d/all_codes_20260925/fixtures/code11.fna"", ""-db_gencode"", ""11"", ""-num_threads"", ""1"", ""-outfmt"", ""7""]"	0	9d1515fbe3bc27a8eef614439f32382ebd0b060890ccd26459fc9b57f7c9613a	e3b0c44298fc1c149afbf4c8996fb92427ae41e4649b934ca495991b7852b855	9d1515fbe3bc27a8eef614439f32382ebd0b060890ccd26459fc9b57f7c9613a	tlosan_stage_g	true
tblastn	code11.fmt7.n4.r0	"[""tblastn"", ""-task"", ""tblastn"", ""-query"", ""/mnt/c/Users/genom/GitHub/LOSAT/docs/evidence/tlosan_stage_d/all_codes_20260925/fixtures/code11.faa"", ""-subject"", ""/mnt/c/Users/genom/GitHub/LOSAT/docs/evidence/tlosan_stage_d/all_codes_20260925/fixtures/code11.fna"", ""-db_gencode"", ""11"", ""-num_threads"", ""4"", ""-outfmt"", ""7""]"	0	9d1515fbe3bc27a8eef614439f32382ebd0b060890ccd26459fc9b57f7c9613a	e3b0c44298fc1c149afbf4c8996fb92427ae41e4649b934ca495991b7852b855	9d1515fbe3bc27a8eef614439f32382ebd0b060890ccd26459fc9b57f7c9613a	tlosan_stage_g	true
tblastn	code12.fmt0.n1.r0	"[""tblastn"", ""-task"", ""tblastn"", ""-query"", ""/mnt/c/Users/genom/GitHub/LOSAT/docs/evidence/tlosan_stage_d/all_codes_20260925/fixtures/code12.faa"", ""-subject"", ""/mnt/c/Users/genom/GitHub/LOSAT/docs/evidence/tlosan_stage_d/all_codes_20260925/fixtures/code12.fna"", ""-db_gencode"", ""12"", ""-num_threads"", ""1"", ""-outfmt"", ""0""]"	0	f916382504b6834343e9cb95b03895dc0991d984a0246e444f5cff856fbfc1b5	e3b0c44298fc1c149afbf4c8996fb92427ae41e4649b934ca495991b7852b855	f916382504b6834343e9cb95b03895dc0991d984a0246e444f5cff856fbfc1b5	tlosan_stage_g	true
tblastn	code12.fmt0.n4.r0	"[""tblastn"", ""-task"", ""tblastn"", ""-query"", ""/mnt/c/Users/genom/GitHub/LOSAT/docs/evidence/tlosan_stage_d/all_codes_20260925/fixtures/code12.faa"", ""-subject"", ""/mnt/c/Users/genom/GitHub/LOSAT/docs/evidence/tlosan_stage_d/all_codes_20260925/fixtures/code12.fna"", ""-db_gencode"", ""12"", ""-num_threads"", ""4"", ""-outfmt"", ""0""]"	0	f916382504b6834343e9cb95b03895dc0991d984a0246e444f5cff856fbfc1b5	e3b0c44298fc1c149afbf4c8996fb92427ae41e4649b934ca495991b7852b855	f916382504b6834343e9cb95b03895dc0991d984a0246e444f5cff856fbfc1b5	tlosan_stage_g	true
tblastn	code12.fmt6.n1.r0	"[""tblastn"", ""-task"", ""tblastn"", ""-query"", ""/mnt/c/Users/genom/GitHub/LOSAT/docs/evidence/tlosan_stage_d/all_codes_20260925/fixtures/code12.faa"", ""-subject"", ""/mnt/c/Users/genom/GitHub/LOSAT/docs/evidence/tlosan_stage_d/all_codes_20260925/fixtures/code12.fna"", ""-db_gencode"", ""12"", ""-num_threads"", ""1"", ""-outfmt"", ""6""]"	0	f9faace5cc1a5b2c23910b7f40b6edd0aea74b386d22965be39c72c70cfade1e	e3b0c44298fc1c149afbf4c8996fb92427ae41e4649b934ca495991b7852b855	f9faace5cc1a5b2c23910b7f40b6edd0aea74b386d22965be39c72c70cfade1e	tlosan_stage_g	true
tblastn	code12.fmt6.n4.r0	"[""tblastn"", ""-task"", ""tblastn"", ""-query"", ""/mnt/c/Users/genom/GitHub/LOSAT/docs/evidence/tlosan_stage_d/all_codes_20260925/fixtures/code12.faa"", ""-subject"", ""/mnt/c/Users/genom/GitHub/LOSAT/docs/evidence/tlosan_stage_d/all_codes_20260925/fixtures/code12.fna"", ""-db_gencode"", ""12"", ""-num_threads"", ""4"", ""-outfmt"", ""6""]"	0	f9faace5cc1a5b2c23910b7f40b6edd0aea74b386d22965be39c72c70cfade1e	e3b0c44298fc1c149afbf4c8996fb92427ae41e4649b934ca495991b7852b855	f9faace5cc1a5b2c23910b7f40b6edd0aea74b386d22965be39c72c70cfade1e	tlosan_stage_g	true
tblastn	code12.fmt7.n1.r0	"[""tblastn"", ""-task"", ""tblastn"", ""-query"", ""/mnt/c/Users/genom/GitHub/LOSAT/docs/evidence/tlosan_stage_d/all_codes_20260925/fixtures/code12.faa"", ""-subject"", ""/mnt/c/Users/genom/GitHub/LOSAT/docs/evidence/tlosan_stage_d/all_codes_20260925/fixtures/code12.fna"", ""-db_gencode"", ""12"", ""-num_threads"", ""1"", ""-outfmt"", ""7""]"	0	048e91a1d19dfd02844ffbef894c855320469fc2c4d2b139824e170ea464aa30	e3b0c44298fc1c149afbf4c8996fb92427ae41e4649b934ca495991b7852b855	048e91a1d19dfd02844ffbef894c855320469fc2c4d2b139824e170ea464aa30	tlosan_stage_g	true
tblastn	code12.fmt7.n4.r0	"[""tblastn"", ""-task"", ""tblastn"", ""-query"", ""/mnt/c/Users/genom/GitHub/LOSAT/docs/evidence/tlosan_stage_d/all_codes_20260925/fixtures/code12.faa"", ""-subject"", ""/mnt/c/Users/genom/GitHub/LOSAT/docs/evidence/tlosan_stage_d/all_codes_20260925/fixtures/code12.fna"", ""-db_gencode"", ""12"", ""-num_threads"", ""4"", ""-outfmt"", ""7""]"	0	048e91a1d19dfd02844ffbef894c855320469fc2c4d2b139824e170ea464aa30	e3b0c44298fc1c149afbf4c8996fb92427ae41e4649b934ca495991b7852b855	048e91a1d19dfd02844ffbef894c855320469fc2c4d2b139824e170ea464aa30	tlosan_stage_g	true
tblastn	code13.fmt0.n1.r0	"[""tblastn"", ""-task"", ""tblastn"", ""-query"", ""/mnt/c/Users/genom/GitHub/LOSAT/docs/evidence/tlosan_stage_d/all_codes_20260925/fixtures/code13.faa"", ""-subject"", ""/mnt/c/Users/genom/GitHub/LOSAT/docs/evidence/tlosan_stage_d/all_codes_20260925/fixtures/code13.fna"", ""-db_gencode"", ""13"", ""-num_threads"", ""1"", ""-outfmt"", ""0""]"	0	03d25c0aae0fe1f1f34234c321b8e1185ce6b70f89500f4390986a01c1fe3ede	e3b0c44298fc1c149afbf4c8996fb92427ae41e4649b934ca495991b7852b855	03d25c0aae0fe1f1f34234c321b8e1185ce6b70f89500f4390986a01c1fe3ede	tlosan_stage_g	true
tblastn	code13.fmt0.n4.r0	"[""tblastn"", ""-task"", ""tblastn"", ""-query"", ""/mnt/c/Users/genom/GitHub/LOSAT/docs/evidence/tlosan_stage_d/all_codes_20260925/fixtures/code13.faa"", ""-subject"", ""/mnt/c/Users/genom/GitHub/LOSAT/docs/evidence/tlosan_stage_d/all_codes_20260925/fixtures/code13.fna"", ""-db_gencode"", ""13"", ""-num_threads"", ""4"", ""-outfmt"", ""0""]"	0	03d25c0aae0fe1f1f34234c321b8e1185ce6b70f89500f4390986a01c1fe3ede	e3b0c44298fc1c149afbf4c8996fb92427ae41e4649b934ca495991b7852b855	03d25c0aae0fe1f1f34234c321b8e1185ce6b70f89500f4390986a01c1fe3ede	tlosan_stage_g	true
tblastn	code13.fmt6.n1.r0	"[""tblastn"", ""-task"", ""tblastn"", ""-query"", ""/mnt/c/Users/genom/GitHub/LOSAT/docs/evidence/tlosan_stage_d/all_codes_20260925/fixtures/code13.faa"", ""-subject"", ""/mnt/c/Users/genom/GitHub/LOSAT/docs/evidence/tlosan_stage_d/all_codes_20260925/fixtures/code13.fna"", ""-db_gencode"", ""13"", ""-num_threads"", ""1"", ""-outfmt"", ""6""]"	0	2702b29035a158303872db0e5ae123dc4cb477e91856bd595df4b9b132cdf769	e3b0c44298fc1c149afbf4c8996fb92427ae41e4649b934ca495991b7852b855	2702b29035a158303872db0e5ae123dc4cb477e91856bd595df4b9b132cdf769	tlosan_stage_g	true
tblastn	code13.fmt6.n4.r0	"[""tblastn"", ""-task"", ""tblastn"", ""-query"", ""/mnt/c/Users/genom/GitHub/LOSAT/docs/evidence/tlosan_stage_d/all_codes_20260925/fixtures/code13.faa"", ""-subject"", ""/mnt/c/Users/genom/GitHub/LOSAT/docs/evidence/tlosan_stage_d/all_codes_20260925/fixtures/code13.fna"", ""-db_gencode"", ""13"", ""-num_threads"", ""4"", ""-outfmt"", ""6""]"	0	2702b29035a158303872db0e5ae123dc4cb477e91856bd595df4b9b132cdf769	e3b0c44298fc1c149afbf4c8996fb92427ae41e4649b934ca495991b7852b855	2702b29035a158303872db0e5ae123dc4cb477e91856bd595df4b9b132cdf769	tlosan_stage_g	true
tblastn	code13.fmt7.n1.r0	"[""tblastn"", ""-task"", ""tblastn"", ""-query"", ""/mnt/c/Users/genom/GitHub/LOSAT/docs/evidence/tlosan_stage_d/all_codes_20260925/fixtures/code13.faa"", ""-subject"", ""/mnt/c/Users/genom/GitHub/LOSAT/docs/evidence/tlosan_stage_d/all_codes_20260925/fixtures/code13.fna"", ""-db_gencode"", ""13"", ""-num_threads"", ""1"", ""-outfmt"", ""7""]"	0	166955a058842e689cd26bd7da7eb663e4c09b95680e9e0c812c8515aeebda37	e3b0c44298fc1c149afbf4c8996fb92427ae41e4649b934ca495991b7852b855	166955a058842e689cd26bd7da7eb663e4c09b95680e9e0c812c8515aeebda37	tlosan_stage_g	true
tblastn	code13.fmt7.n4.r0	"[""tblastn"", ""-task"", ""tblastn"", ""-query"", ""/mnt/c/Users/genom/GitHub/LOSAT/docs/evidence/tlosan_stage_d/all_codes_20260925/fixtures/code13.faa"", ""-subject"", ""/mnt/c/Users/genom/GitHub/LOSAT/docs/evidence/tlosan_stage_d/all_codes_20260925/fixtures/code13.fna"", ""-db_gencode"", ""13"", ""-num_threads"", ""4"", ""-outfmt"", ""7""]"	0	166955a058842e689cd26bd7da7eb663e4c09b95680e9e0c812c8515aeebda37	e3b0c44298fc1c149afbf4c8996fb92427ae41e4649b934ca495991b7852b855	166955a058842e689cd26bd7da7eb663e4c09b95680e9e0c812c8515aeebda37	tlosan_stage_g	true
tblastn	code14.fmt0.n1.r0	"[""tblastn"", ""-task"", ""tblastn"", ""-query"", ""/mnt/c/Users/genom/GitHub/LOSAT/docs/evidence/tlosan_stage_d/all_codes_20260925/fixtures/code14.faa"", ""-subject"", ""/mnt/c/Users/genom/GitHub/LOSAT/docs/evidence/tlosan_stage_d/all_codes_20260925/fixtures/code14.fna"", ""-db_gencode"", ""14"", ""-num_threads"", ""1"", ""-outfmt"", ""0""]"	0	e4a1855f273e72109b42083d3d80ad08b3947dbb7672d01cd86ba84f83af24a9	e3b0c44298fc1c149afbf4c8996fb92427ae41e4649b934ca495991b7852b855	e4a1855f273e72109b42083d3d80ad08b3947dbb7672d01cd86ba84f83af24a9	tlosan_stage_g	true
tblastn	code14.fmt0.n4.r0	"[""tblastn"", ""-task"", ""tblastn"", ""-query"", ""/mnt/c/Users/genom/GitHub/LOSAT/docs/evidence/tlosan_stage_d/all_codes_20260925/fixtures/code14.faa"", ""-subject"", ""/mnt/c/Users/genom/GitHub/LOSAT/docs/evidence/tlosan_stage_d/all_codes_20260925/fixtures/code14.fna"", ""-db_gencode"", ""14"", ""-num_threads"", ""4"", ""-outfmt"", ""0""]"	0	e4a1855f273e72109b42083d3d80ad08b3947dbb7672d01cd86ba84f83af24a9	e3b0c44298fc1c149afbf4c8996fb92427ae41e4649b934ca495991b7852b855	e4a1855f273e72109b42083d3d80ad08b3947dbb7672d01cd86ba84f83af24a9	tlosan_stage_g	true
tblastn	code14.fmt6.n1.r0	"[""tblastn"", ""-task"", ""tblastn"", ""-query"", ""/mnt/c/Users/genom/GitHub/LOSAT/docs/evidence/tlosan_stage_d/all_codes_20260925/fixtures/code14.faa"", ""-subject"", ""/mnt/c/Users/genom/GitHub/LOSAT/docs/evidence/tlosan_stage_d/all_codes_20260925/fixtures/code14.fna"", ""-db_gencode"", ""14"", ""-num_threads"", ""1"", ""-outfmt"", ""6""]"	0	1209e7639fc5d56b8cb0481fd6f2708e4b297f8517bbc9e7377ed737e77fe734	e3b0c44298fc1c149afbf4c8996fb92427ae41e4649b934ca495991b7852b855	1209e7639fc5d56b8cb0481fd6f2708e4b297f8517bbc9e7377ed737e77fe734	tlosan_stage_g	true
tblastn	code14.fmt6.n4.r0	"[""tblastn"", ""-task"", ""tblastn"", ""-query"", ""/mnt/c/Users/genom/GitHub/LOSAT/docs/evidence/tlosan_stage_d/all_codes_20260925/fixtures/code14.faa"", ""-subject"", ""/mnt/c/Users/genom/GitHub/LOSAT/docs/evidence/tlosan_stage_d/all_codes_20260925/fixtures/code14.fna"", ""-db_gencode"", ""14"", ""-num_threads"", ""4"", ""-outfmt"", ""6""]"	0	1209e7639fc5d56b8cb0481fd6f2708e4b297f8517bbc9e7377ed737e77fe734	e3b0c44298fc1c149afbf4c8996fb92427ae41e4649b934ca495991b7852b855	1209e7639fc5d56b8cb0481fd6f2708e4b297f8517bbc9e7377ed737e77fe734	tlosan_stage_g	true
tblastn	code14.fmt7.n1.r0	"[""tblastn"", ""-task"", ""tblastn"", ""-query"", ""/mnt/c/Users/genom/GitHub/LOSAT/docs/evidence/tlosan_stage_d/all_codes_20260925/fixtures/code14.faa"", ""-subject"", ""/mnt/c/Users/genom/GitHub/LOSAT/docs/evidence/tlosan_stage_d/all_codes_20260925/fixtures/code14.fna"", ""-db_gencode"", ""14"", ""-num_threads"", ""1"", ""-outfmt"", ""7""]"	0	a8e825961ce1326c21ae9f5715d40b30fb017a89d23cf3781080cf63efa581dd	e3b0c44298fc1c149afbf4c8996fb92427ae41e4649b934ca495991b7852b855	a8e825961ce1326c21ae9f5715d40b30fb017a89d23cf3781080cf63efa581dd	tlosan_stage_g	true
tblastn	code14.fmt7.n4.r0	"[""tblastn"", ""-task"", ""tblastn"", ""-query"", ""/mnt/c/Users/genom/GitHub/LOSAT/docs/evidence/tlosan_stage_d/all_codes_20260925/fixtures/code14.faa"", ""-subject"", ""/mnt/c/Users/genom/GitHub/LOSAT/docs/evidence/tlosan_stage_d/all_codes_20260925/fixtures/code14.fna"", ""-db_gencode"", ""14"", ""-num_threads"", ""4"", ""-outfmt"", ""7""]"	0	a8e825961ce1326c21ae9f5715d40b30fb017a89d23cf3781080cf63efa581dd	e3b0c44298fc1c149afbf4c8996fb92427ae41e4649b934ca495991b7852b855	a8e825961ce1326c21ae9f5715d40b30fb017a89d23cf3781080cf63efa581dd	tlosan_stage_g	true
tblastn	code15.fmt0.n1.r0	"[""tblastn"", ""-task"", ""tblastn"", ""-query"", ""/mnt/c/Users/genom/GitHub/LOSAT/docs/evidence/tlosan_stage_d/all_codes_20260925/fixtures/code15.faa"", ""-subject"", ""/mnt/c/Users/genom/GitHub/LOSAT/docs/evidence/tlosan_stage_d/all_codes_20260925/fixtures/code15.fna"", ""-db_gencode"", ""15"", ""-num_threads"", ""1"", ""-outfmt"", ""0""]"	0	75eac1f02265c2f5cb0e5bac528e8b60b7572ee68a9fa318bbe1c67987105210	e3b0c44298fc1c149afbf4c8996fb92427ae41e4649b934ca495991b7852b855	75eac1f02265c2f5cb0e5bac528e8b60b7572ee68a9fa318bbe1c67987105210	tlosan_stage_g	true
tblastn	code15.fmt0.n4.r0	"[""tblastn"", ""-task"", ""tblastn"", ""-query"", ""/mnt/c/Users/genom/GitHub/LOSAT/docs/evidence/tlosan_stage_d/all_codes_20260925/fixtures/code15.faa"", ""-subject"", ""/mnt/c/Users/genom/GitHub/LOSAT/docs/evidence/tlosan_stage_d/all_codes_20260925/fixtures/code15.fna"", ""-db_gencode"", ""15"", ""-num_threads"", ""4"", ""-outfmt"", ""0""]"	0	75eac1f02265c2f5cb0e5bac528e8b60b7572ee68a9fa318bbe1c67987105210	e3b0c44298fc1c149afbf4c8996fb92427ae41e4649b934ca495991b7852b855	75eac1f02265c2f5cb0e5bac528e8b60b7572ee68a9fa318bbe1c67987105210	tlosan_stage_g	true
tblastn	code15.fmt6.n1.r0	"[""tblastn"", ""-task"", ""tblastn"", ""-query"", ""/mnt/c/Users/genom/GitHub/LOSAT/docs/evidence/tlosan_stage_d/all_codes_20260925/fixtures/code15.faa"", ""-subject"", ""/mnt/c/Users/genom/GitHub/LOSAT/docs/evidence/tlosan_stage_d/all_codes_20260925/fixtures/code15.fna"", ""-db_gencode"", ""15"", ""-num_threads"", ""1"", ""-outfmt"", ""6""]"	0	5b734e1f93b15c04aed11c046fc525369ddb4f3db9de7e3a2e9505a3a2da791b	e3b0c44298fc1c149afbf4c8996fb92427ae41e4649b934ca495991b7852b855	5b734e1f93b15c04aed11c046fc525369ddb4f3db9de7e3a2e9505a3a2da791b	tlosan_stage_g	true
tblastn	code15.fmt6.n4.r0	"[""tblastn"", ""-task"", ""tblastn"", ""-query"", ""/mnt/c/Users/genom/GitHub/LOSAT/docs/evidence/tlosan_stage_d/all_codes_20260925/fixtures/code15.faa"", ""-subject"", ""/mnt/c/Users/genom/GitHub/LOSAT/docs/evidence/tlosan_stage_d/all_codes_20260925/fixtures/code15.fna"", ""-db_gencode"", ""15"", ""-num_threads"", ""4"", ""-outfmt"", ""6""]"	0	5b734e1f93b15c04aed11c046fc525369ddb4f3db9de7e3a2e9505a3a2da791b	e3b0c44298fc1c149afbf4c8996fb92427ae41e4649b934ca495991b7852b855	5b734e1f93b15c04aed11c046fc525369ddb4f3db9de7e3a2e9505a3a2da791b	tlosan_stage_g	true
tblastn	code15.fmt7.n1.r0	"[""tblastn"", ""-task"", ""tblastn"", ""-query"", ""/mnt/c/Users/genom/GitHub/LOSAT/docs/evidence/tlosan_stage_d/all_codes_20260925/fixtures/code15.faa"", ""-subject"", ""/mnt/c/Users/genom/GitHub/LOSAT/docs/evidence/tlosan_stage_d/all_codes_20260925/fixtures/code15.fna"", ""-db_gencode"", ""15"", ""-num_threads"", ""1"", ""-outfmt"", ""7""]"	0	c8c175fe47c3a56f6b59ad4cff7b9c0faf79a34e0fc59bcac8d9d5feeecfb121	e3b0c44298fc1c149afbf4c8996fb92427ae41e4649b934ca495991b7852b855	c8c175fe47c3a56f6b59ad4cff7b9c0faf79a34e0fc59bcac8d9d5feeecfb121	tlosan_stage_g	true
tblastn	code15.fmt7.n4.r0	"[""tblastn"", ""-task"", ""tblastn"", ""-query"", ""/mnt/c/Users/genom/GitHub/LOSAT/docs/evidence/tlosan_stage_d/all_codes_20260925/fixtures/code15.faa"", ""-subject"", ""/mnt/c/Users/genom/GitHub/LOSAT/docs/evidence/tlosan_stage_d/all_codes_20260925/fixtures/code15.fna"", ""-db_gencode"", ""15"", ""-num_threads"", ""4"", ""-outfmt"", ""7""]"	0	c8c175fe47c3a56f6b59ad4cff7b9c0faf79a34e0fc59bcac8d9d5feeecfb121	e3b0c44298fc1c149afbf4c8996fb92427ae41e4649b934ca495991b7852b855	c8c175fe47c3a56f6b59ad4cff7b9c0faf79a34e0fc59bcac8d9d5feeecfb121	tlosan_stage_g	true
tblastn	code16.fmt0.n1.r0	"[""tblastn"", ""-task"", ""tblastn"", ""-query"", ""/mnt/c/Users/genom/GitHub/LOSAT/docs/evidence/tlosan_stage_d/all_codes_20260925/fixtures/code16.faa"", ""-subject"", ""/mnt/c/Users/genom/GitHub/LOSAT/docs/evidence/tlosan_stage_d/all_codes_20260925/fixtures/code16.fna"", ""-db_gencode"", ""16"", ""-num_threads"", ""1"", ""-outfmt"", ""0""]"	0	e5a5c49d3a7564c5dd2265588c9e79d858cb52286f243dfb9f6097b5faebc06d	e3b0c44298fc1c149afbf4c8996fb92427ae41e4649b934ca495991b7852b855	e5a5c49d3a7564c5dd2265588c9e79d858cb52286f243dfb9f6097b5faebc06d	tlosan_stage_g	true
tblastn	code16.fmt0.n4.r0	"[""tblastn"", ""-task"", ""tblastn"", ""-query"", ""/mnt/c/Users/genom/GitHub/LOSAT/docs/evidence/tlosan_stage_d/all_codes_20260925/fixtures/code16.faa"", ""-subject"", ""/mnt/c/Users/genom/GitHub/LOSAT/docs/evidence/tlosan_stage_d/all_codes_20260925/fixtures/code16.fna"", ""-db_gencode"", ""16"", ""-num_threads"", ""4"", ""-outfmt"", ""0""]"	0	e5a5c49d3a7564c5dd2265588c9e79d858cb52286f243dfb9f6097b5faebc06d	e3b0c44298fc1c149afbf4c8996fb92427ae41e4649b934ca495991b7852b855	e5a5c49d3a7564c5dd2265588c9e79d858cb52286f243dfb9f6097b5faebc06d	tlosan_stage_g	true
tblastn	code16.fmt6.n1.r0	"[""tblastn"", ""-task"", ""tblastn"", ""-query"", ""/mnt/c/Users/genom/GitHub/LOSAT/docs/evidence/tlosan_stage_d/all_codes_20260925/fixtures/code16.faa"", ""-subject"", ""/mnt/c/Users/genom/GitHub/LOSAT/docs/evidence/tlosan_stage_d/all_codes_20260925/fixtures/code16.fna"", ""-db_gencode"", ""16"", ""-num_threads"", ""1"", ""-outfmt"", ""6""]"	0	a5e8f6552b23fc18bffd2033c74eb757d9e8b4685146738b289ee4f8868e0dce	e3b0c44298fc1c149afbf4c8996fb92427ae41e4649b934ca495991b7852b855	a5e8f6552b23fc18bffd2033c74eb757d9e8b4685146738b289ee4f8868e0dce	tlosan_stage_g	true
tblastn	code16.fmt6.n4.r0	"[""tblastn"", ""-task"", ""tblastn"", ""-query"", ""/mnt/c/Users/genom/GitHub/LOSAT/docs/evidence/tlosan_stage_d/all_codes_20260925/fixtures/code16.faa"", ""-subject"", ""/mnt/c/Users/genom/GitHub/LOSAT/docs/evidence/tlosan_stage_d/all_codes_20260925/fixtures/code16.fna"", ""-db_gencode"", ""16"", ""-num_threads"", ""4"", ""-outfmt"", ""6""]"	0	a5e8f6552b23fc18bffd2033c74eb757d9e8b4685146738b289ee4f8868e0dce	e3b0c44298fc1c149afbf4c8996fb92427ae41e4649b934ca495991b7852b855	a5e8f6552b23fc18bffd2033c74eb757d9e8b4685146738b289ee4f8868e0dce	tlosan_stage_g	true
tblastn	code16.fmt7.n1.r0	"[""tblastn"", ""-task"", ""tblastn"", ""-query"", ""/mnt/c/Users/genom/GitHub/LOSAT/docs/evidence/tlosan_stage_d/all_codes_20260925/fixtures/code16.faa"", ""-subject"", ""/mnt/c/Users/genom/GitHub/LOSAT/docs/evidence/tlosan_stage_d/all_codes_20260925/fixtures/code16.fna"", ""-db_gencode"", ""16"", ""-num_threads"", ""1"", ""-outfmt"", ""7""]"	0	36a1d7c1ad0156331e9f944e45148db4f40798eb90bc49a3ed1fcc55bc655084	e3b0c44298fc1c149afbf4c8996fb92427ae41e4649b934ca495991b7852b855	36a1d7c1ad0156331e9f944e45148db4f40798eb90bc49a3ed1fcc55bc655084	tlosan_stage_g	true
tblastn	code16.fmt7.n4.r0	"[""tblastn"", ""-task"", ""tblastn"", ""-query"", ""/mnt/c/Users/genom/GitHub/LOSAT/docs/evidence/tlosan_stage_d/all_codes_20260925/fixtures/code16.faa"", ""-subject"", ""/mnt/c/Users/genom/GitHub/LOSAT/docs/evidence/tlosan_stage_d/all_codes_20260925/fixtures/code16.fna"", ""-db_gencode"", ""16"", ""-num_threads"", ""4"", ""-outfmt"", ""7""]"	0	36a1d7c1ad0156331e9f944e45148db4f40798eb90bc49a3ed1fcc55bc655084	e3b0c44298fc1c149afbf4c8996fb92427ae41e4649b934ca495991b7852b855	36a1d7c1ad0156331e9f944e45148db4f40798eb90bc49a3ed1fcc55bc655084	tlosan_stage_g	true
tblastn	code21.fmt0.n1.r0	"[""tblastn"", ""-task"", ""tblastn"", ""-query"", ""/mnt/c/Users/genom/GitHub/LOSAT/docs/evidence/tlosan_stage_d/all_codes_20260925/fixtures/code21.faa"", ""-subject"", ""/mnt/c/Users/genom/GitHub/LOSAT/docs/evidence/tlosan_stage_d/all_codes_20260925/fixtures/code21.fna"", ""-db_gencode"", ""21"", ""-num_threads"", ""1"", ""-outfmt"", ""0""]"	0	b1d798d65af64ae6dfef5724a7a34a5f8736701dcef216f1e637c93691a462f9	e3b0c44298fc1c149afbf4c8996fb92427ae41e4649b934ca495991b7852b855	b1d798d65af64ae6dfef5724a7a34a5f8736701dcef216f1e637c93691a462f9	tlosan_stage_g	true
tblastn	code21.fmt0.n4.r0	"[""tblastn"", ""-task"", ""tblastn"", ""-query"", ""/mnt/c/Users/genom/GitHub/LOSAT/docs/evidence/tlosan_stage_d/all_codes_20260925/fixtures/code21.faa"", ""-subject"", ""/mnt/c/Users/genom/GitHub/LOSAT/docs/evidence/tlosan_stage_d/all_codes_20260925/fixtures/code21.fna"", ""-db_gencode"", ""21"", ""-num_threads"", ""4"", ""-outfmt"", ""0""]"	0	b1d798d65af64ae6dfef5724a7a34a5f8736701dcef216f1e637c93691a462f9	e3b0c44298fc1c149afbf4c8996fb92427ae41e4649b934ca495991b7852b855	b1d798d65af64ae6dfef5724a7a34a5f8736701dcef216f1e637c93691a462f9	tlosan_stage_g	true
tblastn	code21.fmt6.n1.r0	"[""tblastn"", ""-task"", ""tblastn"", ""-query"", ""/mnt/c/Users/genom/GitHub/LOSAT/docs/evidence/tlosan_stage_d/all_codes_20260925/fixtures/code21.faa"", ""-subject"", ""/mnt/c/Users/genom/GitHub/LOSAT/docs/evidence/tlosan_stage_d/all_codes_20260925/fixtures/code21.fna"", ""-db_gencode"", ""21"", ""-num_threads"", ""1"", ""-outfmt"", ""6""]"	0	3567bf97c553d138e4566ffa9091cc3292637360de38a9c7c9399c0db2bde894	e3b0c44298fc1c149afbf4c8996fb92427ae41e4649b934ca495991b7852b855	3567bf97c553d138e4566ffa9091cc3292637360de38a9c7c9399c0db2bde894	tlosan_stage_g	true
tblastn	code21.fmt6.n4.r0	"[""tblastn"", ""-task"", ""tblastn"", ""-query"", ""/mnt/c/Users/genom/GitHub/LOSAT/docs/evidence/tlosan_stage_d/all_codes_20260925/fixtures/code21.faa"", ""-subject"", ""/mnt/c/Users/genom/GitHub/LOSAT/docs/evidence/tlosan_stage_d/all_codes_20260925/fixtures/code21.fna"", ""-db_gencode"", ""21"", ""-num_threads"", ""4"", ""-outfmt"", ""6""]"	0	3567bf97c553d138e4566ffa9091cc3292637360de38a9c7c9399c0db2bde894	e3b0c44298fc1c149afbf4c8996fb92427ae41e4649b934ca495991b7852b855	3567bf97c553d138e4566ffa9091cc3292637360de38a9c7c9399c0db2bde894	tlosan_stage_g	true
tblastn	code21.fmt7.n1.r0	"[""tblastn"", ""-task"", ""tblastn"", ""-query"", ""/mnt/c/Users/genom/GitHub/LOSAT/docs/evidence/tlosan_stage_d/all_codes_20260925/fixtures/code21.faa"", ""-subject"", ""/mnt/c/Users/genom/GitHub/LOSAT/docs/evidence/tlosan_stage_d/all_codes_20260925/fixtures/code21.fna"", ""-db_gencode"", ""21"", ""-num_threads"", ""1"", ""-outfmt"", ""7""]"	0	81e1ee324f219fd036c32359e2fb7baec83f8d00f1ed3011777218c40da23172	e3b0c44298fc1c149afbf4c8996fb92427ae41e4649b934ca495991b7852b855	81e1ee324f219fd036c32359e2fb7baec83f8d00f1ed3011777218c40da23172	tlosan_stage_g	true
tblastn	code21.fmt7.n4.r0	"[""tblastn"", ""-task"", ""tblastn"", ""-query"", ""/mnt/c/Users/genom/GitHub/LOSAT/docs/evidence/tlosan_stage_d/all_codes_20260925/fixtures/code21.faa"", ""-subject"", ""/mnt/c/Users/genom/GitHub/LOSAT/docs/evidence/tlosan_stage_d/all_codes_20260925/fixtures/code21.fna"", ""-db_gencode"", ""21"", ""-num_threads"", ""4"", ""-outfmt"", ""7""]"	0	81e1ee324f219fd036c32359e2fb7baec83f8d00f1ed3011777218c40da23172	e3b0c44298fc1c149afbf4c8996fb92427ae41e4649b934ca495991b7852b855	81e1ee324f219fd036c32359e2fb7baec83f8d00f1ed3011777218c40da23172	tlosan_stage_g	true
tblastn	code22.fmt0.n1.r0	"[""tblastn"", ""-task"", ""tblastn"", ""-query"", ""/mnt/c/Users/genom/GitHub/LOSAT/docs/evidence/tlosan_stage_d/all_codes_20260925/fixtures/code22.faa"", ""-subject"", ""/mnt/c/Users/genom/GitHub/LOSAT/docs/evidence/tlosan_stage_d/all_codes_20260925/fixtures/code22.fna"", ""-db_gencode"", ""22"", ""-num_threads"", ""1"", ""-outfmt"", ""0""]"	0	4cd4121257db59f594f949e14cd1358a32f49e45f9ad9dca8f1d84863b234283	e3b0c44298fc1c149afbf4c8996fb92427ae41e4649b934ca495991b7852b855	4cd4121257db59f594f949e14cd1358a32f49e45f9ad9dca8f1d84863b234283	tlosan_stage_g	true
tblastn	code22.fmt0.n4.r0	"[""tblastn"", ""-task"", ""tblastn"", ""-query"", ""/mnt/c/Users/genom/GitHub/LOSAT/docs/evidence/tlosan_stage_d/all_codes_20260925/fixtures/code22.faa"", ""-subject"", ""/mnt/c/Users/genom/GitHub/LOSAT/docs/evidence/tlosan_stage_d/all_codes_20260925/fixtures/code22.fna"", ""-db_gencode"", ""22"", ""-num_threads"", ""4"", ""-outfmt"", ""0""]"	0	4cd4121257db59f594f949e14cd1358a32f49e45f9ad9dca8f1d84863b234283	e3b0c44298fc1c149afbf4c8996fb92427ae41e4649b934ca495991b7852b855	4cd4121257db59f594f949e14cd1358a32f49e45f9ad9dca8f1d84863b234283	tlosan_stage_g	true
tblastn	code22.fmt6.n1.r0	"[""tblastn"", ""-task"", ""tblastn"", ""-query"", ""/mnt/c/Users/genom/GitHub/LOSAT/docs/evidence/tlosan_stage_d/all_codes_20260925/fixtures/code22.faa"", ""-subject"", ""/mnt/c/Users/genom/GitHub/LOSAT/docs/evidence/tlosan_stage_d/all_codes_20260925/fixtures/code22.fna"", ""-db_gencode"", ""22"", ""-num_threads"", ""1"", ""-outfmt"", ""6""]"	0	a13faaa202a0e9fdba5b096386b8ff0cb51c98fd1583e4d3a417701bdd3f54e0	e3b0c44298fc1c149afbf4c8996fb92427ae41e4649b934ca495991b7852b855	a13faaa202a0e9fdba5b096386b8ff0cb51c98fd1583e4d3a417701bdd3f54e0	tlosan_stage_g	true
tblastn	code22.fmt6.n4.r0	"[""tblastn"", ""-task"", ""tblastn"", ""-query"", ""/mnt/c/Users/genom/GitHub/LOSAT/docs/evidence/tlosan_stage_d/all_codes_20260925/fixtures/code22.faa"", ""-subject"", ""/mnt/c/Users/genom/GitHub/LOSAT/docs/evidence/tlosan_stage_d/all_codes_20260925/fixtures/code22.fna"", ""-db_gencode"", ""22"", ""-num_threads"", ""4"", ""-outfmt"", ""6""]"	0	a13faaa202a0e9fdba5b096386b8ff0cb51c98fd1583e4d3a417701bdd3f54e0	e3b0c44298fc1c149afbf4c8996fb92427ae41e4649b934ca495991b7852b855	a13faaa202a0e9fdba5b096386b8ff0cb51c98fd1583e4d3a417701bdd3f54e0	tlosan_stage_g	true
tblastn	code22.fmt7.n1.r0	"[""tblastn"", ""-task"", ""tblastn"", ""-query"", ""/mnt/c/Users/genom/GitHub/LOSAT/docs/evidence/tlosan_stage_d/all_codes_20260925/fixtures/code22.faa"", ""-subject"", ""/mnt/c/Users/genom/GitHub/LOSAT/docs/evidence/tlosan_stage_d/all_codes_20260925/fixtures/code22.fna"", ""-db_gencode"", ""22"", ""-num_threads"", ""1"", ""-outfmt"", ""7""]"	0	ea5aae724752dcdfd5b07eeefa6c08de796b2b3ea2579570d9ca98fd294ca49f	e3b0c44298fc1c149afbf4c8996fb92427ae41e4649b934ca495991b7852b855	ea5aae724752dcdfd5b07eeefa6c08de796b2b3ea2579570d9ca98fd294ca49f	tlosan_stage_g	true
tblastn	code22.fmt7.n4.r0	"[""tblastn"", ""-task"", ""tblastn"", ""-query"", ""/mnt/c/Users/genom/GitHub/LOSAT/docs/evidence/tlosan_stage_d/all_codes_20260925/fixtures/code22.faa"", ""-subject"", ""/mnt/c/Users/genom/GitHub/LOSAT/docs/evidence/tlosan_stage_d/all_codes_20260925/fixtures/code22.fna"", ""-db_gencode"", ""22"", ""-num_threads"", ""4"", ""-outfmt"", ""7""]"	0	ea5aae724752dcdfd5b07eeefa6c08de796b2b3ea2579570d9ca98fd294ca49f	e3b0c44298fc1c149afbf4c8996fb92427ae41e4649b934ca495991b7852b855	ea5aae724752dcdfd5b07eeefa6c08de796b2b3ea2579570d9ca98fd294ca49f	tlosan_stage_g	true
tblastn	code23.fmt0.n1.r0	"[""tblastn"", ""-task"", ""tblastn"", ""-query"", ""/mnt/c/Users/genom/GitHub/LOSAT/docs/evidence/tlosan_stage_d/all_codes_20260925/fixtures/code23.faa"", ""-subject"", ""/mnt/c/Users/genom/GitHub/LOSAT/docs/evidence/tlosan_stage_d/all_codes_20260925/fixtures/code23.fna"", ""-db_gencode"", ""23"", ""-num_threads"", ""1"", ""-outfmt"", ""0""]"	0	524ef519b27e65ffae4c85bae04d6d4f09fe8fa0bfea66a716012f05341076f3	e3b0c44298fc1c149afbf4c8996fb92427ae41e4649b934ca495991b7852b855	524ef519b27e65ffae4c85bae04d6d4f09fe8fa0bfea66a716012f05341076f3	tlosan_stage_g	true
tblastn	code23.fmt0.n4.r0	"[""tblastn"", ""-task"", ""tblastn"", ""-query"", ""/mnt/c/Users/genom/GitHub/LOSAT/docs/evidence/tlosan_stage_d/all_codes_20260925/fixtures/code23.faa"", ""-subject"", ""/mnt/c/Users/genom/GitHub/LOSAT/docs/evidence/tlosan_stage_d/all_codes_20260925/fixtures/code23.fna"", ""-db_gencode"", ""23"", ""-num_threads"", ""4"", ""-outfmt"", ""0""]"	0	524ef519b27e65ffae4c85bae04d6d4f09fe8fa0bfea66a716012f05341076f3	e3b0c44298fc1c149afbf4c8996fb92427ae41e4649b934ca495991b7852b855	524ef519b27e65ffae4c85bae04d6d4f09fe8fa0bfea66a716012f05341076f3	tlosan_stage_g	true
tblastn	code23.fmt6.n1.r0	"[""tblastn"", ""-task"", ""tblastn"", ""-query"", ""/mnt/c/Users/genom/GitHub/LOSAT/docs/evidence/tlosan_stage_d/all_codes_20260925/fixtures/code23.faa"", ""-subject"", ""/mnt/c/Users/genom/GitHub/LOSAT/docs/evidence/tlosan_stage_d/all_codes_20260925/fixtures/code23.fna"", ""-db_gencode"", ""23"", ""-num_threads"", ""1"", ""-outfmt"", ""6""]"	0	66080a1fb7397f6720c7df7df20922931ececb392869c52727e7ba4d79961a43	e3b0c44298fc1c149afbf4c8996fb92427ae41e4649b934ca495991b7852b855	66080a1fb7397f6720c7df7df20922931ececb392869c52727e7ba4d79961a43	tlosan_stage_g	true
tblastn	code23.fmt6.n4.r0	"[""tblastn"", ""-task"", ""tblastn"", ""-query"", ""/mnt/c/Users/genom/GitHub/LOSAT/docs/evidence/tlosan_stage_d/all_codes_20260925/fixtures/code23.faa"", ""-subject"", ""/mnt/c/Users/genom/GitHub/LOSAT/docs/evidence/tlosan_stage_d/all_codes_20260925/fixtures/code23.fna"", ""-db_gencode"", ""23"", ""-num_threads"", ""4"", ""-outfmt"", ""6""]"	0	66080a1fb7397f6720c7df7df20922931ececb392869c52727e7ba4d79961a43	e3b0c44298fc1c149afbf4c8996fb92427ae41e4649b934ca495991b7852b855	66080a1fb7397f6720c7df7df20922931ececb392869c52727e7ba4d79961a43	tlosan_stage_g	true
tblastn	code23.fmt7.n1.r0	"[""tblastn"", ""-task"", ""tblastn"", ""-query"", ""/mnt/c/Users/genom/GitHub/LOSAT/docs/evidence/tlosan_stage_d/all_codes_20260925/fixtures/code23.faa"", ""-subject"", ""/mnt/c/Users/genom/GitHub/LOSAT/docs/evidence/tlosan_stage_d/all_codes_20260925/fixtures/code23.fna"", ""-db_gencode"", ""23"", ""-num_threads"", ""1"", ""-outfmt"", ""7""]"	0	f9614f268a8c069b01a86fce1e4ad0b6544af2b78aa223025c86de9eb54f90e9	e3b0c44298fc1c149afbf4c8996fb92427ae41e4649b934ca495991b7852b855	f9614f268a8c069b01a86fce1e4ad0b6544af2b78aa223025c86de9eb54f90e9	tlosan_stage_g	true
tblastn	code23.fmt7.n4.r0	"[""tblastn"", ""-task"", ""tblastn"", ""-query"", ""/mnt/c/Users/genom/GitHub/LOSAT/docs/evidence/tlosan_stage_d/all_codes_20260925/fixtures/code23.faa"", ""-subject"", ""/mnt/c/Users/genom/GitHub/LOSAT/docs/evidence/tlosan_stage_d/all_codes_20260925/fixtures/code23.fna"", ""-db_gencode"", ""23"", ""-num_threads"", ""4"", ""-outfmt"", ""7""]"	0	f9614f268a8c069b01a86fce1e4ad0b6544af2b78aa223025c86de9eb54f90e9	e3b0c44298fc1c149afbf4c8996fb92427ae41e4649b934ca495991b7852b855	f9614f268a8c069b01a86fce1e4ad0b6544af2b78aa223025c86de9eb54f90e9	tlosan_stage_g	true
tblastn	code24.fmt0.n1.r0	"[""tblastn"", ""-task"", ""tblastn"", ""-query"", ""/mnt/c/Users/genom/GitHub/LOSAT/docs/evidence/tlosan_stage_d/all_codes_20260925/fixtures/code24.faa"", ""-subject"", ""/mnt/c/Users/genom/GitHub/LOSAT/docs/evidence/tlosan_stage_d/all_codes_20260925/fixtures/code24.fna"", ""-db_gencode"", ""24"", ""-num_threads"", ""1"", ""-outfmt"", ""0""]"	0	c7153d54205e310de79fcb90a44968754f2514d4a5ea23f624971444df4ecdb2	e3b0c44298fc1c149afbf4c8996fb92427ae41e4649b934ca495991b7852b855	c7153d54205e310de79fcb90a44968754f2514d4a5ea23f624971444df4ecdb2	tlosan_stage_g	true
tblastn	code24.fmt0.n4.r0	"[""tblastn"", ""-task"", ""tblastn"", ""-query"", ""/mnt/c/Users/genom/GitHub/LOSAT/docs/evidence/tlosan_stage_d/all_codes_20260925/fixtures/code24.faa"", ""-subject"", ""/mnt/c/Users/genom/GitHub/LOSAT/docs/evidence/tlosan_stage_d/all_codes_20260925/fixtures/code24.fna"", ""-db_gencode"", ""24"", ""-num_threads"", ""4"", ""-outfmt"", ""0""]"	0	c7153d54205e310de79fcb90a44968754f2514d4a5ea23f624971444df4ecdb2	e3b0c44298fc1c149afbf4c8996fb92427ae41e4649b934ca495991b7852b855	c7153d54205e310de79fcb90a44968754f2514d4a5ea23f624971444df4ecdb2	tlosan_stage_g	true
tblastn	code24.fmt6.n1.r0	"[""tblastn"", ""-task"", ""tblastn"", ""-query"", ""/mnt/c/Users/genom/GitHub/LOSAT/docs/evidence/tlosan_stage_d/all_codes_20260925/fixtures/code24.faa"", ""-subject"", ""/mnt/c/Users/genom/GitHub/LOSAT/docs/evidence/tlosan_stage_d/all_codes_20260925/fixtures/code24.fna"", ""-db_gencode"", ""24"", ""-num_threads"", ""1"", ""-outfmt"", ""6""]"	0	a84352a4b998dc8c4676f2520adc65425d07ec3350c96c5d33ed7bad6b378798	e3b0c44298fc1c149afbf4c8996fb92427ae41e4649b934ca495991b7852b855	a84352a4b998dc8c4676f2520adc65425d07ec3350c96c5d33ed7bad6b378798	tlosan_stage_g	true
tblastn	code24.fmt6.n4.r0	"[""tblastn"", ""-task"", ""tblastn"", ""-query"", ""/mnt/c/Users/genom/GitHub/LOSAT/docs/evidence/tlosan_stage_d/all_codes_20260925/fixtures/code24.faa"", ""-subject"", ""/mnt/c/Users/genom/GitHub/LOSAT/docs/evidence/tlosan_stage_d/all_codes_20260925/fixtures/code24.fna"", ""-db_gencode"", ""24"", ""-num_threads"", ""4"", ""-outfmt"", ""6""]"	0	a84352a4b998dc8c4676f2520adc65425d07ec3350c96c5d33ed7bad6b378798	e3b0c44298fc1c149afbf4c8996fb92427ae41e4649b934ca495991b7852b855	a84352a4b998dc8c4676f2520adc65425d07ec3350c96c5d33ed7bad6b378798	tlosan_stage_g	true
tblastn	code24.fmt7.n1.r0	"[""tblastn"", ""-task"", ""tblastn"", ""-query"", ""/mnt/c/Users/genom/GitHub/LOSAT/docs/evidence/tlosan_stage_d/all_codes_20260925/fixtures/code24.faa"", ""-subject"", ""/mnt/c/Users/genom/GitHub/LOSAT/docs/evidence/tlosan_stage_d/all_codes_20260925/fixtures/code24.fna"", ""-db_gencode"", ""24"", ""-num_threads"", ""1"", ""-outfmt"", ""7""]"	0	be0587132fe5489f8d08090e368bc6116b8adabcd09fe134b4e3546deeef1cdd	e3b0c44298fc1c149afbf4c8996fb92427ae41e4649b934ca495991b7852b855	be0587132fe5489f8d08090e368bc6116b8adabcd09fe134b4e3546deeef1cdd	tlosan_stage_g	true
tblastn	code24.fmt7.n4.r0	"[""tblastn"", ""-task"", ""tblastn"", ""-query"", ""/mnt/c/Users/genom/GitHub/LOSAT/docs/evidence/tlosan_stage_d/all_codes_20260925/fixtures/code24.faa"", ""-subject"", ""/mnt/c/Users/genom/GitHub/LOSAT/docs/evidence/tlosan_stage_d/all_codes_20260925/fixtures/code24.fna"", ""-db_gencode"", ""24"", ""-num_threads"", ""4"", ""-outfmt"", ""7""]"	0	be0587132fe5489f8d08090e368bc6116b8adabcd09fe134b4e3546deeef1cdd	e3b0c44298fc1c149afbf4c8996fb92427ae41e4649b934ca495991b7852b855	be0587132fe5489f8d08090e368bc6116b8adabcd09fe134b4e3546deeef1cdd	tlosan_stage_g	true
tblastn	code25.fmt0.n1.r0	"[""tblastn"", ""-task"", ""tblastn"", ""-query"", ""/mnt/c/Users/genom/GitHub/LOSAT/docs/evidence/tlosan_stage_d/all_codes_20260925/fixtures/code25.faa"", ""-subject"", ""/mnt/c/Users/genom/GitHub/LOSAT/docs/evidence/tlosan_stage_d/all_codes_20260925/fixtures/code25.fna"", ""-db_gencode"", ""25"", ""-num_threads"", ""1"", ""-outfmt"", ""0""]"	0	e4b198e8599c1dc87a510e433fc6c4385fb5ffc69e8f65a328b2deae676a8f07	e3b0c44298fc1c149afbf4c8996fb92427ae41e4649b934ca495991b7852b855	e4b198e8599c1dc87a510e433fc6c4385fb5ffc69e8f65a328b2deae676a8f07	tlosan_stage_g	true
tblastn	code25.fmt0.n4.r0	"[""tblastn"", ""-task"", ""tblastn"", ""-query"", ""/mnt/c/Users/genom/GitHub/LOSAT/docs/evidence/tlosan_stage_d/all_codes_20260925/fixtures/code25.faa"", ""-subject"", ""/mnt/c/Users/genom/GitHub/LOSAT/docs/evidence/tlosan_stage_d/all_codes_20260925/fixtures/code25.fna"", ""-db_gencode"", ""25"", ""-num_threads"", ""4"", ""-outfmt"", ""0""]"	0	e4b198e8599c1dc87a510e433fc6c4385fb5ffc69e8f65a328b2deae676a8f07	e3b0c44298fc1c149afbf4c8996fb92427ae41e4649b934ca495991b7852b855	e4b198e8599c1dc87a510e433fc6c4385fb5ffc69e8f65a328b2deae676a8f07	tlosan_stage_g	true
tblastn	code25.fmt6.n1.r0	"[""tblastn"", ""-task"", ""tblastn"", ""-query"", ""/mnt/c/Users/genom/GitHub/LOSAT/docs/evidence/tlosan_stage_d/all_codes_20260925/fixtures/code25.faa"", ""-subject"", ""/mnt/c/Users/genom/GitHub/LOSAT/docs/evidence/tlosan_stage_d/all_codes_20260925/fixtures/code25.fna"", ""-db_gencode"", ""25"", ""-num_threads"", ""1"", ""-outfmt"", ""6""]"	0	aa1e568a24c29ac4d0bb67830c91a76669d21d73605547c8f987a5db69256fbb	e3b0c44298fc1c149afbf4c8996fb92427ae41e4649b934ca495991b7852b855	aa1e568a24c29ac4d0bb67830c91a76669d21d73605547c8f987a5db69256fbb	tlosan_stage_g	true
tblastn	code25.fmt6.n4.r0	"[""tblastn"", ""-task"", ""tblastn"", ""-query"", ""/mnt/c/Users/genom/GitHub/LOSAT/docs/evidence/tlosan_stage_d/all_codes_20260925/fixtures/code25.faa"", ""-subject"", ""/mnt/c/Users/genom/GitHub/LOSAT/docs/evidence/tlosan_stage_d/all_codes_20260925/fixtures/code25.fna"", ""-db_gencode"", ""25"", ""-num_threads"", ""4"", ""-outfmt"", ""6""]"	0	aa1e568a24c29ac4d0bb67830c91a76669d21d73605547c8f987a5db69256fbb	e3b0c44298fc1c149afbf4c8996fb92427ae41e4649b934ca495991b7852b855	aa1e568a24c29ac4d0bb67830c91a76669d21d73605547c8f987a5db69256fbb	tlosan_stage_g	true
tblastn	code25.fmt7.n1.r0	"[""tblastn"", ""-task"", ""tblastn"", ""-query"", ""/mnt/c/Users/genom/GitHub/LOSAT/docs/evidence/tlosan_stage_d/all_codes_20260925/fixtures/code25.faa"", ""-subject"", ""/mnt/c/Users/genom/GitHub/LOSAT/docs/evidence/tlosan_stage_d/all_codes_20260925/fixtures/code25.fna"", ""-db_gencode"", ""25"", ""-num_threads"", ""1"", ""-outfmt"", ""7""]"	0	5abc24246bdffcf19ea2b5d02172df3ec45ede6bd700d99db3a01a396b176408	e3b0c44298fc1c149afbf4c8996fb92427ae41e4649b934ca495991b7852b855	5abc24246bdffcf19ea2b5d02172df3ec45ede6bd700d99db3a01a396b176408	tlosan_stage_g	true
tblastn	code25.fmt7.n4.r0	"[""tblastn"", ""-task"", ""tblastn"", ""-query"", ""/mnt/c/Users/genom/GitHub/LOSAT/docs/evidence/tlosan_stage_d/all_codes_20260925/fixtures/code25.faa"", ""-subject"", ""/mnt/c/Users/genom/GitHub/LOSAT/docs/evidence/tlosan_stage_d/all_codes_20260925/fixtures/code25.fna"", ""-db_gencode"", ""25"", ""-num_threads"", ""4"", ""-outfmt"", ""7""]"	0	5abc24246bdffcf19ea2b5d02172df3ec45ede6bd700d99db3a01a396b176408	e3b0c44298fc1c149afbf4c8996fb92427ae41e4649b934ca495991b7852b855	5abc24246bdffcf19ea2b5d02172df3ec45ede6bd700d99db3a01a396b176408	tlosan_stage_g	true
tblastn	code26.fmt0.n1.r0	"[""tblastn"", ""-task"", ""tblastn"", ""-query"", ""/mnt/c/Users/genom/GitHub/LOSAT/docs/evidence/tlosan_stage_d/all_codes_20260925/fixtures/code26.faa"", ""-subject"", ""/mnt/c/Users/genom/GitHub/LOSAT/docs/evidence/tlosan_stage_d/all_codes_20260925/fixtures/code26.fna"", ""-db_gencode"", ""26"", ""-num_threads"", ""1"", ""-outfmt"", ""0""]"	0	9bf8612878555562269803949a7e35dd2cb0b5e907faeee74773657e540f7618	e3b0c44298fc1c149afbf4c8996fb92427ae41e4649b934ca495991b7852b855	9bf8612878555562269803949a7e35dd2cb0b5e907faeee74773657e540f7618	tlosan_stage_g	true
tblastn	code26.fmt0.n4.r0	"[""tblastn"", ""-task"", ""tblastn"", ""-query"", ""/mnt/c/Users/genom/GitHub/LOSAT/docs/evidence/tlosan_stage_d/all_codes_20260925/fixtures/code26.faa"", ""-subject"", ""/mnt/c/Users/genom/GitHub/LOSAT/docs/evidence/tlosan_stage_d/all_codes_20260925/fixtures/code26.fna"", ""-db_gencode"", ""26"", ""-num_threads"", ""4"", ""-outfmt"", ""0""]"	0	9bf8612878555562269803949a7e35dd2cb0b5e907faeee74773657e540f7618	e3b0c44298fc1c149afbf4c8996fb92427ae41e4649b934ca495991b7852b855	9bf8612878555562269803949a7e35dd2cb0b5e907faeee74773657e540f7618	tlosan_stage_g	true
tblastn	code26.fmt6.n1.r0	"[""tblastn"", ""-task"", ""tblastn"", ""-query"", ""/mnt/c/Users/genom/GitHub/LOSAT/docs/evidence/tlosan_stage_d/all_codes_20260925/fixtures/code26.faa"", ""-subject"", ""/mnt/c/Users/genom/GitHub/LOSAT/docs/evidence/tlosan_stage_d/all_codes_20260925/fixtures/code26.fna"", ""-db_gencode"", ""26"", ""-num_threads"", ""1"", ""-outfmt"", ""6""]"	0	c5f6e1dc3a54d4724cade7b77d372a50a23afbdbfd128921d72a25ce9c2bd110	e3b0c44298fc1c149afbf4c8996fb92427ae41e4649b934ca495991b7852b855	c5f6e1dc3a54d4724cade7b77d372a50a23afbdbfd128921d72a25ce9c2bd110	tlosan_stage_g	true
tblastn	code26.fmt6.n4.r0	"[""tblastn"", ""-task"", ""tblastn"", ""-query"", ""/mnt/c/Users/genom/GitHub/LOSAT/docs/evidence/tlosan_stage_d/all_codes_20260925/fixtures/code26.faa"", ""-subject"", ""/mnt/c/Users/genom/GitHub/LOSAT/docs/evidence/tlosan_stage_d/all_codes_20260925/fixtures/code26.fna"", ""-db_gencode"", ""26"", ""-num_threads"", ""4"", ""-outfmt"", ""6""]"	0	c5f6e1dc3a54d4724cade7b77d372a50a23afbdbfd128921d72a25ce9c2bd110	e3b0c44298fc1c149afbf4c8996fb92427ae41e4649b934ca495991b7852b855	c5f6e1dc3a54d4724cade7b77d372a50a23afbdbfd128921d72a25ce9c2bd110	tlosan_stage_g	true
tblastn	code26.fmt7.n1.r0	"[""tblastn"", ""-task"", ""tblastn"", ""-query"", ""/mnt/c/Users/genom/GitHub/LOSAT/docs/evidence/tlosan_stage_d/all_codes_20260925/fixtures/code26.faa"", ""-subject"", ""/mnt/c/Users/genom/GitHub/LOSAT/docs/evidence/tlosan_stage_d/all_codes_20260925/fixtures/code26.fna"", ""-db_gencode"", ""26"", ""-num_threads"", ""1"", ""-outfmt"", ""7""]"	0	30f7cd8ac2feb465d9e235db60946535fda5685c621b9bd1b2cf0a34083f6c56	e3b0c44298fc1c149afbf4c8996fb92427ae41e4649b934ca495991b7852b855	30f7cd8ac2feb465d9e235db60946535fda5685c621b9bd1b2cf0a34083f6c56	tlosan_stage_g	true
tblastn	code26.fmt7.n4.r0	"[""tblastn"", ""-task"", ""tblastn"", ""-query"", ""/mnt/c/Users/genom/GitHub/LOSAT/docs/evidence/tlosan_stage_d/all_codes_20260925/fixtures/code26.faa"", ""-subject"", ""/mnt/c/Users/genom/GitHub/LOSAT/docs/evidence/tlosan_stage_d/all_codes_20260925/fixtures/code26.fna"", ""-db_gencode"", ""26"", ""-num_threads"", ""4"", ""-outfmt"", ""7""]"	0	30f7cd8ac2feb465d9e235db60946535fda5685c621b9bd1b2cf0a34083f6c56	e3b0c44298fc1c149afbf4c8996fb92427ae41e4649b934ca495991b7852b855	30f7cd8ac2feb465d9e235db60946535fda5685c621b9bd1b2cf0a34083f6c56	tlosan_stage_g	true
tblastn	code27.fmt0.n1.r0	"[""tblastn"", ""-task"", ""tblastn"", ""-query"", ""/mnt/c/Users/genom/GitHub/LOSAT/docs/evidence/tlosan_stage_d/all_codes_20260925/fixtures/code27.faa"", ""-subject"", ""/mnt/c/Users/genom/GitHub/LOSAT/docs/evidence/tlosan_stage_d/all_codes_20260925/fixtures/code27.fna"", ""-db_gencode"", ""27"", ""-num_threads"", ""1"", ""-outfmt"", ""0""]"	0	87a765908e7d2680c3ec38121079251d0f3e59e2b16715dba25dfd8596c48518	e3b0c44298fc1c149afbf4c8996fb92427ae41e4649b934ca495991b7852b855	87a765908e7d2680c3ec38121079251d0f3e59e2b16715dba25dfd8596c48518	tlosan_stage_g	true
tblastn	code27.fmt0.n4.r0	"[""tblastn"", ""-task"", ""tblastn"", ""-query"", ""/mnt/c/Users/genom/GitHub/LOSAT/docs/evidence/tlosan_stage_d/all_codes_20260925/fixtures/code27.faa"", ""-subject"", ""/mnt/c/Users/genom/GitHub/LOSAT/docs/evidence/tlosan_stage_d/all_codes_20260925/fixtures/code27.fna"", ""-db_gencode"", ""27"", ""-num_threads"", ""4"", ""-outfmt"", ""0""]"	0	87a765908e7d2680c3ec38121079251d0f3e59e2b16715dba25dfd8596c48518	e3b0c44298fc1c149afbf4c8996fb92427ae41e4649b934ca495991b7852b855	87a765908e7d2680c3ec38121079251d0f3e59e2b16715dba25dfd8596c48518	tlosan_stage_g	true
tblastn	code27.fmt6.n1.r0	"[""tblastn"", ""-task"", ""tblastn"", ""-query"", ""/mnt/c/Users/genom/GitHub/LOSAT/docs/evidence/tlosan_stage_d/all_codes_20260925/fixtures/code27.faa"", ""-subject"", ""/mnt/c/Users/genom/GitHub/LOSAT/docs/evidence/tlosan_stage_d/all_codes_20260925/fixtures/code27.fna"", ""-db_gencode"", ""27"", ""-num_threads"", ""1"", ""-outfmt"", ""6""]"	0	f81946c1b0f6c5015f8d0c84dc55016bf4f7c45bc6f2a56e3978721ef3c3ec9b	e3b0c44298fc1c149afbf4c8996fb92427ae41e4649b934ca495991b7852b855	f81946c1b0f6c5015f8d0c84dc55016bf4f7c45bc6f2a56e3978721ef3c3ec9b	tlosan_stage_g	true
tblastn	code27.fmt6.n4.r0	"[""tblastn"", ""-task"", ""tblastn"", ""-query"", ""/mnt/c/Users/genom/GitHub/LOSAT/docs/evidence/tlosan_stage_d/all_codes_20260925/fixtures/code27.faa"", ""-subject"", ""/mnt/c/Users/genom/GitHub/LOSAT/docs/evidence/tlosan_stage_d/all_codes_20260925/fixtures/code27.fna"", ""-db_gencode"", ""27"", ""-num_threads"", ""4"", ""-outfmt"", ""6""]"	0	f81946c1b0f6c5015f8d0c84dc55016bf4f7c45bc6f2a56e3978721ef3c3ec9b	e3b0c44298fc1c149afbf4c8996fb92427ae41e4649b934ca495991b7852b855	f81946c1b0f6c5015f8d0c84dc55016bf4f7c45bc6f2a56e3978721ef3c3ec9b	tlosan_stage_g	true
tblastn	code27.fmt7.n1.r0	"[""tblastn"", ""-task"", ""tblastn"", ""-query"", ""/mnt/c/Users/genom/GitHub/LOSAT/docs/evidence/tlosan_stage_d/all_codes_20260925/fixtures/code27.faa"", ""-subject"", ""/mnt/c/Users/genom/GitHub/LOSAT/docs/evidence/tlosan_stage_d/all_codes_20260925/fixtures/code27.fna"", ""-db_gencode"", ""27"", ""-num_threads"", ""1"", ""-outfmt"", ""7""]"	0	f769ead220b8dd2532a3c4f8b3bc44bb847645bdb0116a5efe02edc1bfd74016	e3b0c44298fc1c149afbf4c8996fb92427ae41e4649b934ca495991b7852b855	f769ead220b8dd2532a3c4f8b3bc44bb847645bdb0116a5efe02edc1bfd74016	tlosan_stage_g	true
tblastn	code27.fmt7.n4.r0	"[""tblastn"", ""-task"", ""tblastn"", ""-query"", ""/mnt/c/Users/genom/GitHub/LOSAT/docs/evidence/tlosan_stage_d/all_codes_20260925/fixtures/code27.faa"", ""-subject"", ""/mnt/c/Users/genom/GitHub/LOSAT/docs/evidence/tlosan_stage_d/all_codes_20260925/fixtures/code27.fna"", ""-db_gencode"", ""27"", ""-num_threads"", ""4"", ""-outfmt"", ""7""]"	0	f769ead220b8dd2532a3c4f8b3bc44bb847645bdb0116a5efe02edc1bfd74016	e3b0c44298fc1c149afbf4c8996fb92427ae41e4649b934ca495991b7852b855	f769ead220b8dd2532a3c4f8b3bc44bb847645bdb0116a5efe02edc1bfd74016	tlosan_stage_g	true
tblastn	code28.fmt0.n1.r0	"[""tblastn"", ""-task"", ""tblastn"", ""-query"", ""/mnt/c/Users/genom/GitHub/LOSAT/docs/evidence/tlosan_stage_d/all_codes_20260925/fixtures/code28.faa"", ""-subject"", ""/mnt/c/Users/genom/GitHub/LOSAT/docs/evidence/tlosan_stage_d/all_codes_20260925/fixtures/code28.fna"", ""-db_gencode"", ""28"", ""-num_threads"", ""1"", ""-outfmt"", ""0""]"	0	5686155939851851f8b08be23611828f63e27757a5e1a58ea36dff1e346aab29	e3b0c44298fc1c149afbf4c8996fb92427ae41e4649b934ca495991b7852b855	5686155939851851f8b08be23611828f63e27757a5e1a58ea36dff1e346aab29	tlosan_stage_g	true
tblastn	code28.fmt0.n4.r0	"[""tblastn"", ""-task"", ""tblastn"", ""-query"", ""/mnt/c/Users/genom/GitHub/LOSAT/docs/evidence/tlosan_stage_d/all_codes_20260925/fixtures/code28.faa"", ""-subject"", ""/mnt/c/Users/genom/GitHub/LOSAT/docs/evidence/tlosan_stage_d/all_codes_20260925/fixtures/code28.fna"", ""-db_gencode"", ""28"", ""-num_threads"", ""4"", ""-outfmt"", ""0""]"	0	5686155939851851f8b08be23611828f63e27757a5e1a58ea36dff1e346aab29	e3b0c44298fc1c149afbf4c8996fb92427ae41e4649b934ca495991b7852b855	5686155939851851f8b08be23611828f63e27757a5e1a58ea36dff1e346aab29	tlosan_stage_g	true
tblastn	code28.fmt6.n1.r0	"[""tblastn"", ""-task"", ""tblastn"", ""-query"", ""/mnt/c/Users/genom/GitHub/LOSAT/docs/evidence/tlosan_stage_d/all_codes_20260925/fixtures/code28.faa"", ""-subject"", ""/mnt/c/Users/genom/GitHub/LOSAT/docs/evidence/tlosan_stage_d/all_codes_20260925/fixtures/code28.fna"", ""-db_gencode"", ""28"", ""-num_threads"", ""1"", ""-outfmt"", ""6""]"	0	7eb814689aec5c3868a2355a830b5e1dd1fb7e1e491eda40a8cd292a0caea21d	e3b0c44298fc1c149afbf4c8996fb92427ae41e4649b934ca495991b7852b855	7eb814689aec5c3868a2355a830b5e1dd1fb7e1e491eda40a8cd292a0caea21d	tlosan_stage_g	true
tblastn	code28.fmt6.n4.r0	"[""tblastn"", ""-task"", ""tblastn"", ""-query"", ""/mnt/c/Users/genom/GitHub/LOSAT/docs/evidence/tlosan_stage_d/all_codes_20260925/fixtures/code28.faa"", ""-subject"", ""/mnt/c/Users/genom/GitHub/LOSAT/docs/evidence/tlosan_stage_d/all_codes_20260925/fixtures/code28.fna"", ""-db_gencode"", ""28"", ""-num_threads"", ""4"", ""-outfmt"", ""6""]"	0	7eb814689aec5c3868a2355a830b5e1dd1fb7e1e491eda40a8cd292a0caea21d	e3b0c44298fc1c149afbf4c8996fb92427ae41e4649b934ca495991b7852b855	7eb814689aec5c3868a2355a830b5e1dd1fb7e1e491eda40a8cd292a0caea21d	tlosan_stage_g	true
tblastn	code28.fmt7.n1.r0	"[""tblastn"", ""-task"", ""tblastn"", ""-query"", ""/mnt/c/Users/genom/GitHub/LOSAT/docs/evidence/tlosan_stage_d/all_codes_20260925/fixtures/code28.faa"", ""-subject"", ""/mnt/c/Users/genom/GitHub/LOSAT/docs/evidence/tlosan_stage_d/all_codes_20260925/fixtures/code28.fna"", ""-db_gencode"", ""28"", ""-num_threads"", ""1"", ""-outfmt"", ""7""]"	0	83f65fbc7b26d4612297319fd316c7dfdea206c9a8a66538da21ee4eae10202e	e3b0c44298fc1c149afbf4c8996fb92427ae41e4649b934ca495991b7852b855	83f65fbc7b26d4612297319fd316c7dfdea206c9a8a66538da21ee4eae10202e	tlosan_stage_g	true
tblastn	code28.fmt7.n4.r0	"[""tblastn"", ""-task"", ""tblastn"", ""-query"", ""/mnt/c/Users/genom/GitHub/LOSAT/docs/evidence/tlosan_stage_d/all_codes_20260925/fixtures/code28.faa"", ""-subject"", ""/mnt/c/Users/genom/GitHub/LOSAT/docs/evidence/tlosan_stage_d/all_codes_20260925/fixtures/code28.fna"", ""-db_gencode"", ""28"", ""-num_threads"", ""4"", ""-outfmt"", ""7""]"	0	83f65fbc7b26d4612297319fd316c7dfdea206c9a8a66538da21ee4eae10202e	e3b0c44298fc1c149afbf4c8996fb92427ae41e4649b934ca495991b7852b855	83f65fbc7b26d4612297319fd316c7dfdea206c9a8a66538da21ee4eae10202e	tlosan_stage_g	true
tblastn	code29.fmt0.n1.r0	"[""tblastn"", ""-task"", ""tblastn"", ""-query"", ""/mnt/c/Users/genom/GitHub/LOSAT/docs/evidence/tlosan_stage_d/all_codes_20260925/fixtures/code29.faa"", ""-subject"", ""/mnt/c/Users/genom/GitHub/LOSAT/docs/evidence/tlosan_stage_d/all_codes_20260925/fixtures/code29.fna"", ""-db_gencode"", ""29"", ""-num_threads"", ""1"", ""-outfmt"", ""0""]"	0	d2d177eeb86d85c32dfa92ca8f0f67f4129b1da0e706708c4112a93f6f05f9a7	e3b0c44298fc1c149afbf4c8996fb92427ae41e4649b934ca495991b7852b855	d2d177eeb86d85c32dfa92ca8f0f67f4129b1da0e706708c4112a93f6f05f9a7	tlosan_stage_g	true
tblastn	code29.fmt0.n4.r0	"[""tblastn"", ""-task"", ""tblastn"", ""-query"", ""/mnt/c/Users/genom/GitHub/LOSAT/docs/evidence/tlosan_stage_d/all_codes_20260925/fixtures/code29.faa"", ""-subject"", ""/mnt/c/Users/genom/GitHub/LOSAT/docs/evidence/tlosan_stage_d/all_codes_20260925/fixtures/code29.fna"", ""-db_gencode"", ""29"", ""-num_threads"", ""4"", ""-outfmt"", ""0""]"	0	d2d177eeb86d85c32dfa92ca8f0f67f4129b1da0e706708c4112a93f6f05f9a7	e3b0c44298fc1c149afbf4c8996fb92427ae41e4649b934ca495991b7852b855	d2d177eeb86d85c32dfa92ca8f0f67f4129b1da0e706708c4112a93f6f05f9a7	tlosan_stage_g	true
tblastn	code29.fmt6.n1.r0	"[""tblastn"", ""-task"", ""tblastn"", ""-query"", ""/mnt/c/Users/genom/GitHub/LOSAT/docs/evidence/tlosan_stage_d/all_codes_20260925/fixtures/code29.faa"", ""-subject"", ""/mnt/c/Users/genom/GitHub/LOSAT/docs/evidence/tlosan_stage_d/all_codes_20260925/fixtures/code29.fna"", ""-db_gencode"", ""29"", ""-num_threads"", ""1"", ""-outfmt"", ""6""]"	0	f52abd3f0acd5ea3620e60efd466115df37bd5079c7c9e172261219dd5ec6c03	e3b0c44298fc1c149afbf4c8996fb92427ae41e4649b934ca495991b7852b855	f52abd3f0acd5ea3620e60efd466115df37bd5079c7c9e172261219dd5ec6c03	tlosan_stage_g	true
tblastn	code29.fmt6.n4.r0	"[""tblastn"", ""-task"", ""tblastn"", ""-query"", ""/mnt/c/Users/genom/GitHub/LOSAT/docs/evidence/tlosan_stage_d/all_codes_20260925/fixtures/code29.faa"", ""-subject"", ""/mnt/c/Users/genom/GitHub/LOSAT/docs/evidence/tlosan_stage_d/all_codes_20260925/fixtures/code29.fna"", ""-db_gencode"", ""29"", ""-num_threads"", ""4"", ""-outfmt"", ""6""]"	0	f52abd3f0acd5ea3620e60efd466115df37bd5079c7c9e172261219dd5ec6c03	e3b0c44298fc1c149afbf4c8996fb92427ae41e4649b934ca495991b7852b855	f52abd3f0acd5ea3620e60efd466115df37bd5079c7c9e172261219dd5ec6c03	tlosan_stage_g	true
tblastn	code29.fmt7.n1.r0	"[""tblastn"", ""-task"", ""tblastn"", ""-query"", ""/mnt/c/Users/genom/GitHub/LOSAT/docs/evidence/tlosan_stage_d/all_codes_20260925/fixtures/code29.faa"", ""-subject"", ""/mnt/c/Users/genom/GitHub/LOSAT/docs/evidence/tlosan_stage_d/all_codes_20260925/fixtures/code29.fna"", ""-db_gencode"", ""29"", ""-num_threads"", ""1"", ""-outfmt"", ""7""]"	0	b7d25d81f9d0db153677500e7c8cf584d1011c9f95f413edf3442cfe26ff8079	e3b0c44298fc1c149afbf4c8996fb92427ae41e4649b934ca495991b7852b855	b7d25d81f9d0db153677500e7c8cf584d1011c9f95f413edf3442cfe26ff8079	tlosan_stage_g	true
tblastn	code29.fmt7.n4.r0	"[""tblastn"", ""-task"", ""tblastn"", ""-query"", ""/mnt/c/Users/genom/GitHub/LOSAT/docs/evidence/tlosan_stage_d/all_codes_20260925/fixtures/code29.faa"", ""-subject"", ""/mnt/c/Users/genom/GitHub/LOSAT/docs/evidence/tlosan_stage_d/all_codes_20260925/fixtures/code29.fna"", ""-db_gencode"", ""29"", ""-num_threads"", ""4"", ""-outfmt"", ""7""]"	0	b7d25d81f9d0db153677500e7c8cf584d1011c9f95f413edf3442cfe26ff8079	e3b0c44298fc1c149afbf4c8996fb92427ae41e4649b934ca495991b7852b855	b7d25d81f9d0db153677500e7c8cf584d1011c9f95f413edf3442cfe26ff8079	tlosan_stage_g	true
tblastn	code30.fmt0.n1.r0	"[""tblastn"", ""-task"", ""tblastn"", ""-query"", ""/mnt/c/Users/genom/GitHub/LOSAT/docs/evidence/tlosan_stage_d/all_codes_20260925/fixtures/code30.faa"", ""-subject"", ""/mnt/c/Users/genom/GitHub/LOSAT/docs/evidence/tlosan_stage_d/all_codes_20260925/fixtures/code30.fna"", ""-db_gencode"", ""30"", ""-num_threads"", ""1"", ""-outfmt"", ""0""]"	0	7079750eaffe16d28e877b31373c0a1999c405d64e4eb40c37f6e69ba88c1e72	e3b0c44298fc1c149afbf4c8996fb92427ae41e4649b934ca495991b7852b855	7079750eaffe16d28e877b31373c0a1999c405d64e4eb40c37f6e69ba88c1e72	tlosan_stage_g	true
tblastn	code30.fmt0.n4.r0	"[""tblastn"", ""-task"", ""tblastn"", ""-query"", ""/mnt/c/Users/genom/GitHub/LOSAT/docs/evidence/tlosan_stage_d/all_codes_20260925/fixtures/code30.faa"", ""-subject"", ""/mnt/c/Users/genom/GitHub/LOSAT/docs/evidence/tlosan_stage_d/all_codes_20260925/fixtures/code30.fna"", ""-db_gencode"", ""30"", ""-num_threads"", ""4"", ""-outfmt"", ""0""]"	0	7079750eaffe16d28e877b31373c0a1999c405d64e4eb40c37f6e69ba88c1e72	e3b0c44298fc1c149afbf4c8996fb92427ae41e4649b934ca495991b7852b855	7079750eaffe16d28e877b31373c0a1999c405d64e4eb40c37f6e69ba88c1e72	tlosan_stage_g	true
tblastn	code30.fmt6.n1.r0	"[""tblastn"", ""-task"", ""tblastn"", ""-query"", ""/mnt/c/Users/genom/GitHub/LOSAT/docs/evidence/tlosan_stage_d/all_codes_20260925/fixtures/code30.faa"", ""-subject"", ""/mnt/c/Users/genom/GitHub/LOSAT/docs/evidence/tlosan_stage_d/all_codes_20260925/fixtures/code30.fna"", ""-db_gencode"", ""30"", ""-num_threads"", ""1"", ""-outfmt"", ""6""]"	0	8bf01669d9edec01aa1e1e1d3e554f304f2507e8cc2c028289761f34a5187e63	e3b0c44298fc1c149afbf4c8996fb92427ae41e4649b934ca495991b7852b855	8bf01669d9edec01aa1e1e1d3e554f304f2507e8cc2c028289761f34a5187e63	tlosan_stage_g	true
tblastn	code30.fmt6.n4.r0	"[""tblastn"", ""-task"", ""tblastn"", ""-query"", ""/mnt/c/Users/genom/GitHub/LOSAT/docs/evidence/tlosan_stage_d/all_codes_20260925/fixtures/code30.faa"", ""-subject"", ""/mnt/c/Users/genom/GitHub/LOSAT/docs/evidence/tlosan_stage_d/all_codes_20260925/fixtures/code30.fna"", ""-db_gencode"", ""30"", ""-num_threads"", ""4"", ""-outfmt"", ""6""]"	0	8bf01669d9edec01aa1e1e1d3e554f304f2507e8cc2c028289761f34a5187e63	e3b0c44298fc1c149afbf4c8996fb92427ae41e4649b934ca495991b7852b855	8bf01669d9edec01aa1e1e1d3e554f304f2507e8cc2c028289761f34a5187e63	tlosan_stage_g	true
tblastn	code30.fmt7.n1.r0	"[""tblastn"", ""-task"", ""tblastn"", ""-query"", ""/mnt/c/Users/genom/GitHub/LOSAT/docs/evidence/tlosan_stage_d/all_codes_20260925/fixtures/code30.faa"", ""-subject"", ""/mnt/c/Users/genom/GitHub/LOSAT/docs/evidence/tlosan_stage_d/all_codes_20260925/fixtures/code30.fna"", ""-db_gencode"", ""30"", ""-num_threads"", ""1"", ""-outfmt"", ""7""]"	0	78d8276954a5aafda01e918e61a4abb21f078ba763551b9dd65285f397a5f409	e3b0c44298fc1c149afbf4c8996fb92427ae41e4649b934ca495991b7852b855	78d8276954a5aafda01e918e61a4abb21f078ba763551b9dd65285f397a5f409	tlosan_stage_g	true
tblastn	code30.fmt7.n4.r0	"[""tblastn"", ""-task"", ""tblastn"", ""-query"", ""/mnt/c/Users/genom/GitHub/LOSAT/docs/evidence/tlosan_stage_d/all_codes_20260925/fixtures/code30.faa"", ""-subject"", ""/mnt/c/Users/genom/GitHub/LOSAT/docs/evidence/tlosan_stage_d/all_codes_20260925/fixtures/code30.fna"", ""-db_gencode"", ""30"", ""-num_threads"", ""4"", ""-outfmt"", ""7""]"	0	78d8276954a5aafda01e918e61a4abb21f078ba763551b9dd65285f397a5f409	e3b0c44298fc1c149afbf4c8996fb92427ae41e4649b934ca495991b7852b855	78d8276954a5aafda01e918e61a4abb21f078ba763551b9dd65285f397a5f409	tlosan_stage_g	true
tblastn	code31.fmt0.n1.r0	"[""tblastn"", ""-task"", ""tblastn"", ""-query"", ""/mnt/c/Users/genom/GitHub/LOSAT/docs/evidence/tlosan_stage_d/all_codes_20260925/fixtures/code31.faa"", ""-subject"", ""/mnt/c/Users/genom/GitHub/LOSAT/docs/evidence/tlosan_stage_d/all_codes_20260925/fixtures/code31.fna"", ""-db_gencode"", ""31"", ""-num_threads"", ""1"", ""-outfmt"", ""0""]"	0	87a5c59ddf77fa4fed748d2000f00d950cbd0ef2144621a226250300f46a1c55	e3b0c44298fc1c149afbf4c8996fb92427ae41e4649b934ca495991b7852b855	87a5c59ddf77fa4fed748d2000f00d950cbd0ef2144621a226250300f46a1c55	tlosan_stage_g	true
tblastn	code31.fmt0.n4.r0	"[""tblastn"", ""-task"", ""tblastn"", ""-query"", ""/mnt/c/Users/genom/GitHub/LOSAT/docs/evidence/tlosan_stage_d/all_codes_20260925/fixtures/code31.faa"", ""-subject"", ""/mnt/c/Users/genom/GitHub/LOSAT/docs/evidence/tlosan_stage_d/all_codes_20260925/fixtures/code31.fna"", ""-db_gencode"", ""31"", ""-num_threads"", ""4"", ""-outfmt"", ""0""]"	0	87a5c59ddf77fa4fed748d2000f00d950cbd0ef2144621a226250300f46a1c55	e3b0c44298fc1c149afbf4c8996fb92427ae41e4649b934ca495991b7852b855	87a5c59ddf77fa4fed748d2000f00d950cbd0ef2144621a226250300f46a1c55	tlosan_stage_g	true
tblastn	code31.fmt6.n1.r0	"[""tblastn"", ""-task"", ""tblastn"", ""-query"", ""/mnt/c/Users/genom/GitHub/LOSAT/docs/evidence/tlosan_stage_d/all_codes_20260925/fixtures/code31.faa"", ""-subject"", ""/mnt/c/Users/genom/GitHub/LOSAT/docs/evidence/tlosan_stage_d/all_codes_20260925/fixtures/code31.fna"", ""-db_gencode"", ""31"", ""-num_threads"", ""1"", ""-outfmt"", ""6""]"	0	a3fd765e427e3e0cdcbdd9b485e2023619b86d256c8a41cca3fb15f3f302d77b	e3b0c44298fc1c149afbf4c8996fb92427ae41e4649b934ca495991b7852b855	a3fd765e427e3e0cdcbdd9b485e2023619b86d256c8a41cca3fb15f3f302d77b	tlosan_stage_g	true
tblastn	code31.fmt6.n4.r0	"[""tblastn"", ""-task"", ""tblastn"", ""-query"", ""/mnt/c/Users/genom/GitHub/LOSAT/docs/evidence/tlosan_stage_d/all_codes_20260925/fixtures/code31.faa"", ""-subject"", ""/mnt/c/Users/genom/GitHub/LOSAT/docs/evidence/tlosan_stage_d/all_codes_20260925/fixtures/code31.fna"", ""-db_gencode"", ""31"", ""-num_threads"", ""4"", ""-outfmt"", ""6""]"	0	a3fd765e427e3e0cdcbdd9b485e2023619b86d256c8a41cca3fb15f3f302d77b	e3b0c44298fc1c149afbf4c8996fb92427ae41e4649b934ca495991b7852b855	a3fd765e427e3e0cdcbdd9b485e2023619b86d256c8a41cca3fb15f3f302d77b	tlosan_stage_g	true
tblastn	code31.fmt7.n1.r0	"[""tblastn"", ""-task"", ""tblastn"", ""-query"", ""/mnt/c/Users/genom/GitHub/LOSAT/docs/evidence/tlosan_stage_d/all_codes_20260925/fixtures/code31.faa"", ""-subject"", ""/mnt/c/Users/genom/GitHub/LOSAT/docs/evidence/tlosan_stage_d/all_codes_20260925/fixtures/code31.fna"", ""-db_gencode"", ""31"", ""-num_threads"", ""1"", ""-outfmt"", ""7""]"	0	55889838dcb3aad104786394827df2112aa912de4897a5c4e91a58399338dc24	e3b0c44298fc1c149afbf4c8996fb92427ae41e4649b934ca495991b7852b855	55889838dcb3aad104786394827df2112aa912de4897a5c4e91a58399338dc24	tlosan_stage_g	true
tblastn	code31.fmt7.n4.r0	"[""tblastn"", ""-task"", ""tblastn"", ""-query"", ""/mnt/c/Users/genom/GitHub/LOSAT/docs/evidence/tlosan_stage_d/all_codes_20260925/fixtures/code31.faa"", ""-subject"", ""/mnt/c/Users/genom/GitHub/LOSAT/docs/evidence/tlosan_stage_d/all_codes_20260925/fixtures/code31.fna"", ""-db_gencode"", ""31"", ""-num_threads"", ""4"", ""-outfmt"", ""7""]"	0	55889838dcb3aad104786394827df2112aa912de4897a5c4e91a58399338dc24	e3b0c44298fc1c149afbf4c8996fb92427ae41e4649b934ca495991b7852b855	55889838dcb3aad104786394827df2112aa912de4897a5c4e91a58399338dc24	tlosan_stage_g	true
tblastn	code32.fmt0.n1.r0	"[""tblastn"", ""-task"", ""tblastn"", ""-query"", ""/mnt/c/Users/genom/GitHub/LOSAT/docs/evidence/tlosan_stage_d/all_codes_20260925/fixtures/code32.faa"", ""-subject"", ""/mnt/c/Users/genom/GitHub/LOSAT/docs/evidence/tlosan_stage_d/all_codes_20260925/fixtures/code32.fna"", ""-db_gencode"", ""32"", ""-num_threads"", ""1"", ""-outfmt"", ""0""]"	0	30410277f3c8437d8f91086ba0d96f210b05bf65884049d3732141d2eade682e	e3b0c44298fc1c149afbf4c8996fb92427ae41e4649b934ca495991b7852b855	30410277f3c8437d8f91086ba0d96f210b05bf65884049d3732141d2eade682e	tlosan_stage_g	true
tblastn	code32.fmt0.n4.r0	"[""tblastn"", ""-task"", ""tblastn"", ""-query"", ""/mnt/c/Users/genom/GitHub/LOSAT/docs/evidence/tlosan_stage_d/all_codes_20260925/fixtures/code32.faa"", ""-subject"", ""/mnt/c/Users/genom/GitHub/LOSAT/docs/evidence/tlosan_stage_d/all_codes_20260925/fixtures/code32.fna"", ""-db_gencode"", ""32"", ""-num_threads"", ""4"", ""-outfmt"", ""0""]"	0	30410277f3c8437d8f91086ba0d96f210b05bf65884049d3732141d2eade682e	e3b0c44298fc1c149afbf4c8996fb92427ae41e4649b934ca495991b7852b855	30410277f3c8437d8f91086ba0d96f210b05bf65884049d3732141d2eade682e	tlosan_stage_g	true
tblastn	code32.fmt6.n1.r0	"[""tblastn"", ""-task"", ""tblastn"", ""-query"", ""/mnt/c/Users/genom/GitHub/LOSAT/docs/evidence/tlosan_stage_d/all_codes_20260925/fixtures/code32.faa"", ""-subject"", ""/mnt/c/Users/genom/GitHub/LOSAT/docs/evidence/tlosan_stage_d/all_codes_20260925/fixtures/code32.fna"", ""-db_gencode"", ""32"", ""-num_threads"", ""1"", ""-outfmt"", ""6""]"	0	0835fffadec3753e875f250c31ca075083f67a9ad91373d71bd5c197913010cf	e3b0c44298fc1c149afbf4c8996fb92427ae41e4649b934ca495991b7852b855	0835fffadec3753e875f250c31ca075083f67a9ad91373d71bd5c197913010cf	tlosan_stage_g	true
tblastn	code32.fmt6.n4.r0	"[""tblastn"", ""-task"", ""tblastn"", ""-query"", ""/mnt/c/Users/genom/GitHub/LOSAT/docs/evidence/tlosan_stage_d/all_codes_20260925/fixtures/code32.faa"", ""-subject"", ""/mnt/c/Users/genom/GitHub/LOSAT/docs/evidence/tlosan_stage_d/all_codes_20260925/fixtures/code32.fna"", ""-db_gencode"", ""32"", ""-num_threads"", ""4"", ""-outfmt"", ""6""]"	0	0835fffadec3753e875f250c31ca075083f67a9ad91373d71bd5c197913010cf	e3b0c44298fc1c149afbf4c8996fb92427ae41e4649b934ca495991b7852b855	0835fffadec3753e875f250c31ca075083f67a9ad91373d71bd5c197913010cf	tlosan_stage_g	true
tblastn	code32.fmt7.n1.r0	"[""tblastn"", ""-task"", ""tblastn"", ""-query"", ""/mnt/c/Users/genom/GitHub/LOSAT/docs/evidence/tlosan_stage_d/all_codes_20260925/fixtures/code32.faa"", ""-subject"", ""/mnt/c/Users/genom/GitHub/LOSAT/docs/evidence/tlosan_stage_d/all_codes_20260925/fixtures/code32.fna"", ""-db_gencode"", ""32"", ""-num_threads"", ""1"", ""-outfmt"", ""7""]"	0	59ef8af2fc5bd1250a884c1d157b5a1bd5604ff4aa8dde12f8bdede2755092b7	e3b0c44298fc1c149afbf4c8996fb92427ae41e4649b934ca495991b7852b855	59ef8af2fc5bd1250a884c1d157b5a1bd5604ff4aa8dde12f8bdede2755092b7	tlosan_stage_g	true
tblastn	code32.fmt7.n4.r0	"[""tblastn"", ""-task"", ""tblastn"", ""-query"", ""/mnt/c/Users/genom/GitHub/LOSAT/docs/evidence/tlosan_stage_d/all_codes_20260925/fixtures/code32.faa"", ""-subject"", ""/mnt/c/Users/genom/GitHub/LOSAT/docs/evidence/tlosan_stage_d/all_codes_20260925/fixtures/code32.fna"", ""-db_gencode"", ""32"", ""-num_threads"", ""4"", ""-outfmt"", ""7""]"	0	59ef8af2fc5bd1250a884c1d157b5a1bd5604ff4aa8dde12f8bdede2755092b7	e3b0c44298fc1c149afbf4c8996fb92427ae41e4649b934ca495991b7852b855	59ef8af2fc5bd1250a884c1d157b5a1bd5604ff4aa8dde12f8bdede2755092b7	tlosan_stage_g	true
tblastn	code33.fmt0.n1.r0	"[""tblastn"", ""-task"", ""tblastn"", ""-query"", ""/mnt/c/Users/genom/GitHub/LOSAT/docs/evidence/tlosan_stage_d/all_codes_20260925/fixtures/code33.faa"", ""-subject"", ""/mnt/c/Users/genom/GitHub/LOSAT/docs/evidence/tlosan_stage_d/all_codes_20260925/fixtures/code33.fna"", ""-db_gencode"", ""33"", ""-num_threads"", ""1"", ""-outfmt"", ""0""]"	0	55a5c83761d347e0c29e634ff1bc0959858d492e47ea9cfea2613e520aa6d45d	e3b0c44298fc1c149afbf4c8996fb92427ae41e4649b934ca495991b7852b855	55a5c83761d347e0c29e634ff1bc0959858d492e47ea9cfea2613e520aa6d45d	tlosan_stage_g	true
tblastn	code33.fmt0.n4.r0	"[""tblastn"", ""-task"", ""tblastn"", ""-query"", ""/mnt/c/Users/genom/GitHub/LOSAT/docs/evidence/tlosan_stage_d/all_codes_20260925/fixtures/code33.faa"", ""-subject"", ""/mnt/c/Users/genom/GitHub/LOSAT/docs/evidence/tlosan_stage_d/all_codes_20260925/fixtures/code33.fna"", ""-db_gencode"", ""33"", ""-num_threads"", ""4"", ""-outfmt"", ""0""]"	0	55a5c83761d347e0c29e634ff1bc0959858d492e47ea9cfea2613e520aa6d45d	e3b0c44298fc1c149afbf4c8996fb92427ae41e4649b934ca495991b7852b855	55a5c83761d347e0c29e634ff1bc0959858d492e47ea9cfea2613e520aa6d45d	tlosan_stage_g	true
tblastn	code33.fmt6.n1.r0	"[""tblastn"", ""-task"", ""tblastn"", ""-query"", ""/mnt/c/Users/genom/GitHub/LOSAT/docs/evidence/tlosan_stage_d/all_codes_20260925/fixtures/code33.faa"", ""-subject"", ""/mnt/c/Users/genom/GitHub/LOSAT/docs/evidence/tlosan_stage_d/all_codes_20260925/fixtures/code33.fna"", ""-db_gencode"", ""33"", ""-num_threads"", ""1"", ""-outfmt"", ""6""]"	0	293115e81e4f2f56de32f913e38c3198d9a5c4b32e13d005d5fa853ef3702911	e3b0c44298fc1c149afbf4c8996fb92427ae41e4649b934ca495991b7852b855	293115e81e4f2f56de32f913e38c3198d9a5c4b32e13d005d5fa853ef3702911	tlosan_stage_g	true
tblastn	code33.fmt6.n4.r0	"[""tblastn"", ""-task"", ""tblastn"", ""-query"", ""/mnt/c/Users/genom/GitHub/LOSAT/docs/evidence/tlosan_stage_d/all_codes_20260925/fixtures/code33.faa"", ""-subject"", ""/mnt/c/Users/genom/GitHub/LOSAT/docs/evidence/tlosan_stage_d/all_codes_20260925/fixtures/code33.fna"", ""-db_gencode"", ""33"", ""-num_threads"", ""4"", ""-outfmt"", ""6""]"	0	293115e81e4f2f56de32f913e38c3198d9a5c4b32e13d005d5fa853ef3702911	e3b0c44298fc1c149afbf4c8996fb92427ae41e4649b934ca495991b7852b855	293115e81e4f2f56de32f913e38c3198d9a5c4b32e13d005d5fa853ef3702911	tlosan_stage_g	true
tblastn	code33.fmt7.n1.r0	"[""tblastn"", ""-task"", ""tblastn"", ""-query"", ""/mnt/c/Users/genom/GitHub/LOSAT/docs/evidence/tlosan_stage_d/all_codes_20260925/fixtures/code33.faa"", ""-subject"", ""/mnt/c/Users/genom/GitHub/LOSAT/docs/evidence/tlosan_stage_d/all_codes_20260925/fixtures/code33.fna"", ""-db_gencode"", ""33"", ""-num_threads"", ""1"", ""-outfmt"", ""7""]"	0	47047ba93724b4879cbb2014f9d690ca3e879c896673fe71e6c19c96ba354ed1	e3b0c44298fc1c149afbf4c8996fb92427ae41e4649b934ca495991b7852b855	47047ba93724b4879cbb2014f9d690ca3e879c896673fe71e6c19c96ba354ed1	tlosan_stage_g	true
tblastn	code33.fmt7.n4.r0	"[""tblastn"", ""-task"", ""tblastn"", ""-query"", ""/mnt/c/Users/genom/GitHub/LOSAT/docs/evidence/tlosan_stage_d/all_codes_20260925/fixtures/code33.faa"", ""-subject"", ""/mnt/c/Users/genom/GitHub/LOSAT/docs/evidence/tlosan_stage_d/all_codes_20260925/fixtures/code33.fna"", ""-db_gencode"", ""33"", ""-num_threads"", ""4"", ""-outfmt"", ""7""]"	0	47047ba93724b4879cbb2014f9d690ca3e879c896673fe71e6c19c96ba354ed1	e3b0c44298fc1c149afbf4c8996fb92427ae41e4649b934ca495991b7852b855	47047ba93724b4879cbb2014f9d690ca3e879c896673fe71e6c19c96ba354ed1	tlosan_stage_g	true
blastx	mjenmv_self.fmt0.n1	"[""blastx"", ""-query"", ""LOSAT/tests/fasta/MjeNMV.fasta"", ""-subject"", ""LOSAT/tests/fasta/MjeNMV.faa"", ""-outfmt"", ""0"", ""-num_threads"", ""1"", ""-out"", ""{OUT}""]"	0	416c30be725dcea6568644d7d24fd5011e7b25d9e36b41b4d02836381377836f	e3b0c44298fc1c149afbf4c8996fb92427ae41e4649b934ca495991b7852b855			
blastx	mjenmv_self.fmt0.n4	"[""blastx"", ""-query"", ""LOSAT/tests/fasta/MjeNMV.fasta"", ""-subject"", ""LOSAT/tests/fasta/MjeNMV.faa"", ""-outfmt"", ""0"", ""-num_threads"", ""4"", ""-out"", ""{OUT}""]"	0	416c30be725dcea6568644d7d24fd5011e7b25d9e36b41b4d02836381377836f	e3b0c44298fc1c149afbf4c8996fb92427ae41e4649b934ca495991b7852b855			
blastx	mjenmv_self.fmt6.n1	"[""blastx"", ""-query"", ""LOSAT/tests/fasta/MjeNMV.fasta"", ""-subject"", ""LOSAT/tests/fasta/MjeNMV.faa"", ""-outfmt"", ""6"", ""-num_threads"", ""1"", ""-out"", ""{OUT}""]"	0	a5d35ed1bd0ef785daab382cfcdceec56b4e98a072cfd7803dc0597e13c85122	e3b0c44298fc1c149afbf4c8996fb92427ae41e4649b934ca495991b7852b855			
blastx	mjenmv_self.fmt6.n4	"[""blastx"", ""-query"", ""LOSAT/tests/fasta/MjeNMV.fasta"", ""-subject"", ""LOSAT/tests/fasta/MjeNMV.faa"", ""-outfmt"", ""6"", ""-num_threads"", ""4"", ""-out"", ""{OUT}""]"	0	a5d35ed1bd0ef785daab382cfcdceec56b4e98a072cfd7803dc0597e13c85122	e3b0c44298fc1c149afbf4c8996fb92427ae41e4649b934ca495991b7852b855			
blastx	mjenmv_self.fmt7.n1	"[""blastx"", ""-query"", ""LOSAT/tests/fasta/MjeNMV.fasta"", ""-subject"", ""LOSAT/tests/fasta/MjeNMV.faa"", ""-outfmt"", ""7"", ""-num_threads"", ""1"", ""-out"", ""{OUT}""]"	0	1817de33bbe627080820c13076d008c9704ebc545ccfa898ba7c5938dba08292	e3b0c44298fc1c149afbf4c8996fb92427ae41e4649b934ca495991b7852b855			
blastx	mjenmv_self.fmt7.n4	"[""blastx"", ""-query"", ""LOSAT/tests/fasta/MjeNMV.fasta"", ""-subject"", ""LOSAT/tests/fasta/MjeNMV.faa"", ""-outfmt"", ""7"", ""-num_threads"", ""4"", ""-out"", ""{OUT}""]"	0	1817de33bbe627080820c13076d008c9704ebc545ccfa898ba7c5938dba08292	e3b0c44298fc1c149afbf4c8996fb92427ae41e4649b934ca495991b7852b855			
blastx	small_vs_paja.fmt0.n1	"[""blastx"", ""-query"", ""LOSAT/tests/fasta/small_test.fasta"", ""-subject"", ""LOSAT/tests/fasta/PajaWSV.faa"", ""-outfmt"", ""0"", ""-num_threads"", ""1"", ""-out"", ""{OUT}""]"	0	8e5b809e8ca1e737a47aa0e93b4b4abfd304a61ffcc0d7b92b08d16c1c27a07d	e3b0c44298fc1c149afbf4c8996fb92427ae41e4649b934ca495991b7852b855			
blastx	small_vs_paja.fmt0.n4	"[""blastx"", ""-query"", ""LOSAT/tests/fasta/small_test.fasta"", ""-subject"", ""LOSAT/tests/fasta/PajaWSV.faa"", ""-outfmt"", ""0"", ""-num_threads"", ""4"", ""-out"", ""{OUT}""]"	0	8e5b809e8ca1e737a47aa0e93b4b4abfd304a61ffcc0d7b92b08d16c1c27a07d	e3b0c44298fc1c149afbf4c8996fb92427ae41e4649b934ca495991b7852b855			
blastx	small_vs_paja.fmt6.n1	"[""blastx"", ""-query"", ""LOSAT/tests/fasta/small_test.fasta"", ""-subject"", ""LOSAT/tests/fasta/PajaWSV.faa"", ""-outfmt"", ""6"", ""-num_threads"", ""1"", ""-out"", ""{OUT}""]"	0	e3b0c44298fc1c149afbf4c8996fb92427ae41e4649b934ca495991b7852b855	e3b0c44298fc1c149afbf4c8996fb92427ae41e4649b934ca495991b7852b855			
blastx	small_vs_paja.fmt6.n4	"[""blastx"", ""-query"", ""LOSAT/tests/fasta/small_test.fasta"", ""-subject"", ""LOSAT/tests/fasta/PajaWSV.faa"", ""-outfmt"", ""6"", ""-num_threads"", ""4"", ""-out"", ""{OUT}""]"	0	e3b0c44298fc1c149afbf4c8996fb92427ae41e4649b934ca495991b7852b855	e3b0c44298fc1c149afbf4c8996fb92427ae41e4649b934ca495991b7852b855			
blastx	small_vs_paja.fmt7.n1	"[""blastx"", ""-query"", ""LOSAT/tests/fasta/small_test.fasta"", ""-subject"", ""LOSAT/tests/fasta/PajaWSV.faa"", ""-outfmt"", ""7"", ""-num_threads"", ""1"", ""-out"", ""{OUT}""]"	0	4c50ce77249e50d2d6af436e7cdc0ad366861d2cb78ae6d4e23673c4978bec62	e3b0c44298fc1c149afbf4c8996fb92427ae41e4649b934ca495991b7852b855			
blastx	small_vs_paja.fmt7.n4	"[""blastx"", ""-query"", ""LOSAT/tests/fasta/small_test.fasta"", ""-subject"", ""LOSAT/tests/fasta/PajaWSV.faa"", ""-outfmt"", ""7"", ""-num_threads"", ""4"", ""-out"", ""{OUT}""]"	0	4c50ce77249e50d2d6af436e7cdc0ad366861d2cb78ae6d4e23673c4978bec62	e3b0c44298fc1c149afbf4c8996fb92427ae41e4649b934ca495991b7852b855			
