program	class	case	argv	detail
blastn	same	spelling -query_loc '10-20'	-query tests/fasta/outfmt0/e2d_n_q.fa -subject tests/fasta/outfmt0/e2d_n_s_plus.fa -query_loc 10-20 -outfmt 0	
blastn	same	spelling -query_loc '1-2'	-query tests/fasta/outfmt0/e2d_n_q.fa -subject tests/fasta/outfmt0/e2d_n_s_plus.fa -query_loc 1-2 -outfmt 0	
blastn	same	spelling -query_loc '+1-5'	-query tests/fasta/outfmt0/e2d_n_q.fa -subject tests/fasta/outfmt0/e2d_n_s_plus.fa -query_loc +1-5 -outfmt 0	
blastn	same	spelling -query_loc '01-05'	-query tests/fasta/outfmt0/e2d_n_q.fa -subject tests/fasta/outfmt0/e2d_n_s_plus.fa -query_loc 01-05 -outfmt 0	
blastn	same	spelling -query_loc '1-+5'	-query tests/fasta/outfmt0/e2d_n_q.fa -subject tests/fasta/outfmt0/e2d_n_s_plus.fa -query_loc 1-+5 -outfmt 0	
blastn	same	spelling -query_loc '1-2147483647'	-query tests/fasta/outfmt0/e2d_n_q.fa -subject tests/fasta/outfmt0/e2d_n_s_plus.fa -query_loc 1-2147483647 -outfmt 0	
blastn	same-error	spelling -query_loc '1-1'	-query tests/fasta/outfmt0/e2d_n_q.fa -subject tests/fasta/outfmt0/e2d_n_s_plus.fa -query_loc 1-1 -outfmt 0	BLAST engine error: Invalid specification of query location (range cannot be empty)
blastn	same-error	spelling -query_loc '5-5'	-query tests/fasta/outfmt0/e2d_n_q.fa -subject tests/fasta/outfmt0/e2d_n_s_plus.fa -query_loc 5-5 -outfmt 0	BLAST engine error: Invalid specification of query location (range cannot be empty)
blastn	same-error	spelling -query_loc '20-10'	-query tests/fasta/outfmt0/e2d_n_q.fa -subject tests/fasta/outfmt0/e2d_n_s_plus.fa -query_loc 20-10 -outfmt 0	BLAST engine error: Invalid specification of query location (start cannot be larger than stop)
blastn	same-error	spelling -query_loc '2-1'	-query tests/fasta/outfmt0/e2d_n_q.fa -subject tests/fasta/outfmt0/e2d_n_s_plus.fa -query_loc 2-1 -outfmt 0	BLAST engine error: Invalid specification of query location (start cannot be larger than stop)
blastn	same-error	spelling -query_loc '0-10'	-query tests/fasta/outfmt0/e2d_n_q.fa -subject tests/fasta/outfmt0/e2d_n_s_plus.fa -query_loc 0-10 -outfmt 0	BLAST engine error: Invalid specification of query location (range elements cannot be less than or equal to 0)
blastn	same-error	spelling -query_loc '10-0'	-query tests/fasta/outfmt0/e2d_n_q.fa -subject tests/fasta/outfmt0/e2d_n_s_plus.fa -query_loc 10-0 -outfmt 0	BLAST engine error: Invalid specification of query location (range elements cannot be less than or equal to 0)
blastn	same-error	spelling -query_loc '-10'	-query tests/fasta/outfmt0/e2d_n_q.fa -subject tests/fasta/outfmt0/e2d_n_s_plus.fa -query_loc -10 -outfmt 0	BLAST engine error: Invalid specification of query location (Format: start-stop)
blastn	same-error	spelling -query_loc '10-'	-query tests/fasta/outfmt0/e2d_n_q.fa -subject tests/fasta/outfmt0/e2d_n_s_plus.fa -query_loc 10- -outfmt 0	BLAST engine error: Invalid specification of query location (Format: start-stop)
blastn	same-error	spelling -query_loc '10'	-query tests/fasta/outfmt0/e2d_n_q.fa -subject tests/fasta/outfmt0/e2d_n_s_plus.fa -query_loc 10 -outfmt 0	BLAST engine error: Invalid specification of query location (Format: start-stop)
blastn	same-error	spelling -query_loc '1--5'	-query tests/fasta/outfmt0/e2d_n_q.fa -subject tests/fasta/outfmt0/e2d_n_s_plus.fa -query_loc 1--5 -outfmt 0	BLAST engine error: Invalid specification of query location (Format: start-stop)
blastn	same-error	spelling -query_loc '1-2-3'	-query tests/fasta/outfmt0/e2d_n_q.fa -subject tests/fasta/outfmt0/e2d_n_s_plus.fa -query_loc 1-2-3 -outfmt 0	BLAST engine error: Invalid specification of query location (Format: start-stop)
blastn	same-error	spelling -query_loc ''	-query tests/fasta/outfmt0/e2d_n_q.fa -subject tests/fasta/outfmt0/e2d_n_s_plus.fa -query_loc '' -outfmt 0	BLAST engine error: Invalid specification of query location (Format: start-stop)
blastn	same-error	spelling -query_loc '-'	-query tests/fasta/outfmt0/e2d_n_q.fa -subject tests/fasta/outfmt0/e2d_n_s_plus.fa -query_loc - -outfmt 0	BLAST engine error: Invalid specification of query location (Format: start-stop)
blastn	same-error	spelling -query_loc '--'	-query tests/fasta/outfmt0/e2d_n_q.fa -subject tests/fasta/outfmt0/e2d_n_s_plus.fa -query_loc -- -outfmt 0	BLAST engine error: Invalid specification of query location (Format: start-stop)
blastn	same-error	spelling -query_loc '-5-10'	-query tests/fasta/outfmt0/e2d_n_q.fa -subject tests/fasta/outfmt0/e2d_n_s_plus.fa -query_loc -5-10 -outfmt 0	BLAST engine error: Invalid specification of query location (Format: start-stop)
blastn	losat-rejects	spelling -query_loc ' 1-5'	-query tests/fasta/outfmt0/e2d_n_q.fa -subject tests/fasta/outfmt0/e2d_n_s_plus.fa -query_loc ' 1-5' -outfmt 0	NCBI exit 255 'Error: NCBI C++ Exception:\n    T0 "/opt/conda/conda-bld/blast_1754905306566/work'; LOSAT 'Error: the -query_loc value " 1-5" has a part " 1" that NCBI BLAST+ cannot convert to an int (it stops with a CStringExc'
blastn	losat-rejects	spelling -query_loc '1- 5'	-query tests/fasta/outfmt0/e2d_n_q.fa -subject tests/fasta/outfmt0/e2d_n_s_plus.fa -query_loc '1- 5' -outfmt 0	NCBI exit 255 'Error: NCBI C++ Exception:\n    T0 "/opt/conda/conda-bld/blast_1754905306566/work'; LOSAT 'Error: the -query_loc value "1- 5" has a part " 5" that NCBI BLAST+ cannot convert to an int (it stops with a CStringExc'
blastn	losat-rejects	spelling -query_loc '1-5 '	-query tests/fasta/outfmt0/e2d_n_q.fa -subject tests/fasta/outfmt0/e2d_n_s_plus.fa -query_loc '1-5 ' -outfmt 0	NCBI exit 255 'Error: NCBI C++ Exception:\n    T0 "/opt/conda/conda-bld/blast_1754905306566/work'; LOSAT 'Error: the -query_loc value "1-5 " has a part "5 " that NCBI BLAST+ cannot convert to an int (it stops with a CStringExc'
blastn	losat-rejects	spelling -query_loc 'a-5'	-query tests/fasta/outfmt0/e2d_n_q.fa -subject tests/fasta/outfmt0/e2d_n_s_plus.fa -query_loc a-5 -outfmt 0	NCBI exit 255 'Error: NCBI C++ Exception:\n    T0 "/opt/conda/conda-bld/blast_1754905306566/work'; LOSAT 'Error: the -query_loc value "a-5" has a part "a" that NCBI BLAST+ cannot convert to an int (it stops with a CStringExcep'
blastn	losat-rejects	spelling -query_loc '1-5a'	-query tests/fasta/outfmt0/e2d_n_q.fa -subject tests/fasta/outfmt0/e2d_n_s_plus.fa -query_loc 1-5a -outfmt 0	NCBI exit 255 'Error: NCBI C++ Exception:\n    T0 "/opt/conda/conda-bld/blast_1754905306566/work'; LOSAT 'Error: the -query_loc value "1-5a" has a part "5a" that NCBI BLAST+ cannot convert to an int (it stops with a CStringExc'
blastn	losat-rejects	spelling -query_loc '1.0-5'	-query tests/fasta/outfmt0/e2d_n_q.fa -subject tests/fasta/outfmt0/e2d_n_s_plus.fa -query_loc 1.0-5 -outfmt 0	NCBI exit 255 'Error: NCBI C++ Exception:\n    T0 "/opt/conda/conda-bld/blast_1754905306566/work'; LOSAT 'Error: the -query_loc value "1.0-5" has a part "1.0" that NCBI BLAST+ cannot convert to an int (it stops with a CStringE'
blastn	losat-rejects	spelling -query_loc '0x10-0x20'	-query tests/fasta/outfmt0/e2d_n_q.fa -subject tests/fasta/outfmt0/e2d_n_s_plus.fa -query_loc 0x10-0x20 -outfmt 0	NCBI exit 255 'Error: NCBI C++ Exception:\n    T0 "/opt/conda/conda-bld/blast_1754905306566/work'; LOSAT 'Error: the -query_loc value "0x10-0x20" has a part "0x10" that NCBI BLAST+ cannot convert to an int (it stops with a CSt'
blastn	losat-rejects	spelling -query_loc '1,0-50'	-query tests/fasta/outfmt0/e2d_n_q.fa -subject tests/fasta/outfmt0/e2d_n_s_plus.fa -query_loc 1,0-50 -outfmt 0	NCBI exit 255 'Error: NCBI C++ Exception:\n    T0 "/opt/conda/conda-bld/blast_1754905306566/work'; LOSAT 'Error: the -query_loc value "1,0-50" has a part "1,0" that NCBI BLAST+ cannot convert to an int (it stops with a CString'
blastn	losat-rejects	spelling -query_loc '0-a'	-query tests/fasta/outfmt0/e2d_n_q.fa -subject tests/fasta/outfmt0/e2d_n_s_plus.fa -query_loc 0-a -outfmt 0	NCBI exit 255 'Error: NCBI C++ Exception:\n    T0 "/opt/conda/conda-bld/blast_1754905306566/work'; LOSAT 'Error: the -query_loc value "0-a" has a part "a" that NCBI BLAST+ cannot convert to an int (it stops with a CStringExcep'
blastn	losat-rejects	spelling -query_loc '1-2147483648'	-query tests/fasta/outfmt0/e2d_n_q.fa -subject tests/fasta/outfmt0/e2d_n_s_plus.fa -query_loc 1-2147483648 -outfmt 0	NCBI exit 255 'Error: NCBI C++ Exception:\n    T0 "/opt/conda/conda-bld/blast_1754905306566/work'; LOSAT 'Error: the -query_loc value "1-2147483648" has a part "2147483648" that NCBI BLAST+ cannot convert to an int (it stops w'
blastn	losat-rejects	spelling -query_loc '2147483648-1'	-query tests/fasta/outfmt0/e2d_n_q.fa -subject tests/fasta/outfmt0/e2d_n_s_plus.fa -query_loc 2147483648-1 -outfmt 0	NCBI exit 255 'Error: NCBI C++ Exception:\n    T0 "/opt/conda/conda-bld/blast_1754905306566/work'; LOSAT 'Error: the -query_loc value "2147483648-1" has a part "2147483648" that NCBI BLAST+ cannot convert to an int (it stops w'
blastn	losat-rejects	spelling -query_loc '1-9999999999999999999'	-query tests/fasta/outfmt0/e2d_n_q.fa -subject tests/fasta/outfmt0/e2d_n_s_plus.fa -query_loc 1-9999999999999999999 -outfmt 0	NCBI exit 255 'Error: NCBI C++ Exception:\n    T0 "/opt/conda/conda-bld/blast_1754905306566/work'; LOSAT 'Error: the -query_loc value "1-9999999999999999999" has a part "9999999999999999999" that NCBI BLAST+ cannot convert to '
blastn	same	spelling -subject_loc '10-20'	-query tests/fasta/outfmt0/e2d_n_q.fa -subject tests/fasta/outfmt0/e2d_n_s_plus.fa -subject_loc 10-20 -outfmt 0	
blastn	same	spelling -subject_loc '1-2'	-query tests/fasta/outfmt0/e2d_n_q.fa -subject tests/fasta/outfmt0/e2d_n_s_plus.fa -subject_loc 1-2 -outfmt 0	
blastn	same	spelling -subject_loc '+1-5'	-query tests/fasta/outfmt0/e2d_n_q.fa -subject tests/fasta/outfmt0/e2d_n_s_plus.fa -subject_loc +1-5 -outfmt 0	
blastn	same	spelling -subject_loc '01-05'	-query tests/fasta/outfmt0/e2d_n_q.fa -subject tests/fasta/outfmt0/e2d_n_s_plus.fa -subject_loc 01-05 -outfmt 0	
blastn	same	spelling -subject_loc '1-+5'	-query tests/fasta/outfmt0/e2d_n_q.fa -subject tests/fasta/outfmt0/e2d_n_s_plus.fa -subject_loc 1-+5 -outfmt 0	
blastn	same	spelling -subject_loc '1-2147483647'	-query tests/fasta/outfmt0/e2d_n_q.fa -subject tests/fasta/outfmt0/e2d_n_s_plus.fa -subject_loc 1-2147483647 -outfmt 0	
blastn	same-error	spelling -subject_loc '1-1'	-query tests/fasta/outfmt0/e2d_n_q.fa -subject tests/fasta/outfmt0/e2d_n_s_plus.fa -subject_loc 1-1 -outfmt 0	BLAST engine error: Invalid specification of subject location (range cannot be empty)
blastn	same-error	spelling -subject_loc '5-5'	-query tests/fasta/outfmt0/e2d_n_q.fa -subject tests/fasta/outfmt0/e2d_n_s_plus.fa -subject_loc 5-5 -outfmt 0	BLAST engine error: Invalid specification of subject location (range cannot be empty)
blastn	same-error	spelling -subject_loc '20-10'	-query tests/fasta/outfmt0/e2d_n_q.fa -subject tests/fasta/outfmt0/e2d_n_s_plus.fa -subject_loc 20-10 -outfmt 0	BLAST engine error: Invalid specification of subject location (start cannot be larger than stop)
blastn	same-error	spelling -subject_loc '2-1'	-query tests/fasta/outfmt0/e2d_n_q.fa -subject tests/fasta/outfmt0/e2d_n_s_plus.fa -subject_loc 2-1 -outfmt 0	BLAST engine error: Invalid specification of subject location (start cannot be larger than stop)
blastn	same-error	spelling -subject_loc '0-10'	-query tests/fasta/outfmt0/e2d_n_q.fa -subject tests/fasta/outfmt0/e2d_n_s_plus.fa -subject_loc 0-10 -outfmt 0	BLAST engine error: Invalid specification of subject location (range elements cannot be less than or equal to 0)
blastn	same-error	spelling -subject_loc '10-0'	-query tests/fasta/outfmt0/e2d_n_q.fa -subject tests/fasta/outfmt0/e2d_n_s_plus.fa -subject_loc 10-0 -outfmt 0	BLAST engine error: Invalid specification of subject location (range elements cannot be less than or equal to 0)
blastn	same-error	spelling -subject_loc '-10'	-query tests/fasta/outfmt0/e2d_n_q.fa -subject tests/fasta/outfmt0/e2d_n_s_plus.fa -subject_loc -10 -outfmt 0	BLAST engine error: Invalid specification of subject location (Format: start-stop)
blastn	same-error	spelling -subject_loc '10-'	-query tests/fasta/outfmt0/e2d_n_q.fa -subject tests/fasta/outfmt0/e2d_n_s_plus.fa -subject_loc 10- -outfmt 0	BLAST engine error: Invalid specification of subject location (Format: start-stop)
blastn	same-error	spelling -subject_loc '10'	-query tests/fasta/outfmt0/e2d_n_q.fa -subject tests/fasta/outfmt0/e2d_n_s_plus.fa -subject_loc 10 -outfmt 0	BLAST engine error: Invalid specification of subject location (Format: start-stop)
blastn	same-error	spelling -subject_loc '1--5'	-query tests/fasta/outfmt0/e2d_n_q.fa -subject tests/fasta/outfmt0/e2d_n_s_plus.fa -subject_loc 1--5 -outfmt 0	BLAST engine error: Invalid specification of subject location (Format: start-stop)
blastn	same-error	spelling -subject_loc '1-2-3'	-query tests/fasta/outfmt0/e2d_n_q.fa -subject tests/fasta/outfmt0/e2d_n_s_plus.fa -subject_loc 1-2-3 -outfmt 0	BLAST engine error: Invalid specification of subject location (Format: start-stop)
blastn	same-error	spelling -subject_loc ''	-query tests/fasta/outfmt0/e2d_n_q.fa -subject tests/fasta/outfmt0/e2d_n_s_plus.fa -subject_loc '' -outfmt 0	BLAST engine error: Invalid specification of subject location (Format: start-stop)
blastn	same-error	spelling -subject_loc '-'	-query tests/fasta/outfmt0/e2d_n_q.fa -subject tests/fasta/outfmt0/e2d_n_s_plus.fa -subject_loc - -outfmt 0	BLAST engine error: Invalid specification of subject location (Format: start-stop)
blastn	same-error	spelling -subject_loc '--'	-query tests/fasta/outfmt0/e2d_n_q.fa -subject tests/fasta/outfmt0/e2d_n_s_plus.fa -subject_loc -- -outfmt 0	BLAST engine error: Invalid specification of subject location (Format: start-stop)
blastn	same-error	spelling -subject_loc '-5-10'	-query tests/fasta/outfmt0/e2d_n_q.fa -subject tests/fasta/outfmt0/e2d_n_s_plus.fa -subject_loc -5-10 -outfmt 0	BLAST engine error: Invalid specification of subject location (Format: start-stop)
blastn	losat-rejects	spelling -subject_loc ' 1-5'	-query tests/fasta/outfmt0/e2d_n_q.fa -subject tests/fasta/outfmt0/e2d_n_s_plus.fa -subject_loc ' 1-5' -outfmt 0	NCBI exit 255 'Error: NCBI C++ Exception:\n    T0 "/opt/conda/conda-bld/blast_1754905306566/work'; LOSAT 'Error: the -subject_loc value " 1-5" has a part " 1" that NCBI BLAST+ cannot convert to an int (it stops with a CStringE'
blastn	losat-rejects	spelling -subject_loc '1- 5'	-query tests/fasta/outfmt0/e2d_n_q.fa -subject tests/fasta/outfmt0/e2d_n_s_plus.fa -subject_loc '1- 5' -outfmt 0	NCBI exit 255 'Error: NCBI C++ Exception:\n    T0 "/opt/conda/conda-bld/blast_1754905306566/work'; LOSAT 'Error: the -subject_loc value "1- 5" has a part " 5" that NCBI BLAST+ cannot convert to an int (it stops with a CStringE'
blastn	losat-rejects	spelling -subject_loc '1-5 '	-query tests/fasta/outfmt0/e2d_n_q.fa -subject tests/fasta/outfmt0/e2d_n_s_plus.fa -subject_loc '1-5 ' -outfmt 0	NCBI exit 255 'Error: NCBI C++ Exception:\n    T0 "/opt/conda/conda-bld/blast_1754905306566/work'; LOSAT 'Error: the -subject_loc value "1-5 " has a part "5 " that NCBI BLAST+ cannot convert to an int (it stops with a CStringE'
blastn	losat-rejects	spelling -subject_loc 'a-5'	-query tests/fasta/outfmt0/e2d_n_q.fa -subject tests/fasta/outfmt0/e2d_n_s_plus.fa -subject_loc a-5 -outfmt 0	NCBI exit 255 'Error: NCBI C++ Exception:\n    T0 "/opt/conda/conda-bld/blast_1754905306566/work'; LOSAT 'Error: the -subject_loc value "a-5" has a part "a" that NCBI BLAST+ cannot convert to an int (it stops with a CStringExc'
blastn	losat-rejects	spelling -subject_loc '1-5a'	-query tests/fasta/outfmt0/e2d_n_q.fa -subject tests/fasta/outfmt0/e2d_n_s_plus.fa -subject_loc 1-5a -outfmt 0	NCBI exit 255 'Error: NCBI C++ Exception:\n    T0 "/opt/conda/conda-bld/blast_1754905306566/work'; LOSAT 'Error: the -subject_loc value "1-5a" has a part "5a" that NCBI BLAST+ cannot convert to an int (it stops with a CStringE'
blastn	losat-rejects	spelling -subject_loc '1.0-5'	-query tests/fasta/outfmt0/e2d_n_q.fa -subject tests/fasta/outfmt0/e2d_n_s_plus.fa -subject_loc 1.0-5 -outfmt 0	NCBI exit 255 'Error: NCBI C++ Exception:\n    T0 "/opt/conda/conda-bld/blast_1754905306566/work'; LOSAT 'Error: the -subject_loc value "1.0-5" has a part "1.0" that NCBI BLAST+ cannot convert to an int (it stops with a CStrin'
blastn	losat-rejects	spelling -subject_loc '0x10-0x20'	-query tests/fasta/outfmt0/e2d_n_q.fa -subject tests/fasta/outfmt0/e2d_n_s_plus.fa -subject_loc 0x10-0x20 -outfmt 0	NCBI exit 255 'Error: NCBI C++ Exception:\n    T0 "/opt/conda/conda-bld/blast_1754905306566/work'; LOSAT 'Error: the -subject_loc value "0x10-0x20" has a part "0x10" that NCBI BLAST+ cannot convert to an int (it stops with a C'
blastn	losat-rejects	spelling -subject_loc '1,0-50'	-query tests/fasta/outfmt0/e2d_n_q.fa -subject tests/fasta/outfmt0/e2d_n_s_plus.fa -subject_loc 1,0-50 -outfmt 0	NCBI exit 255 'Error: NCBI C++ Exception:\n    T0 "/opt/conda/conda-bld/blast_1754905306566/work'; LOSAT 'Error: the -subject_loc value "1,0-50" has a part "1,0" that NCBI BLAST+ cannot convert to an int (it stops with a CStri'
blastn	losat-rejects	spelling -subject_loc '0-a'	-query tests/fasta/outfmt0/e2d_n_q.fa -subject tests/fasta/outfmt0/e2d_n_s_plus.fa -subject_loc 0-a -outfmt 0	NCBI exit 255 'Error: NCBI C++ Exception:\n    T0 "/opt/conda/conda-bld/blast_1754905306566/work'; LOSAT 'Error: the -subject_loc value "0-a" has a part "a" that NCBI BLAST+ cannot convert to an int (it stops with a CStringExc'
blastn	losat-rejects	spelling -subject_loc '1-2147483648'	-query tests/fasta/outfmt0/e2d_n_q.fa -subject tests/fasta/outfmt0/e2d_n_s_plus.fa -subject_loc 1-2147483648 -outfmt 0	NCBI exit 255 'Error: NCBI C++ Exception:\n    T0 "/opt/conda/conda-bld/blast_1754905306566/work'; LOSAT 'Error: the -subject_loc value "1-2147483648" has a part "2147483648" that NCBI BLAST+ cannot convert to an int (it stops'
blastn	losat-rejects	spelling -subject_loc '2147483648-1'	-query tests/fasta/outfmt0/e2d_n_q.fa -subject tests/fasta/outfmt0/e2d_n_s_plus.fa -subject_loc 2147483648-1 -outfmt 0	NCBI exit 255 'Error: NCBI C++ Exception:\n    T0 "/opt/conda/conda-bld/blast_1754905306566/work'; LOSAT 'Error: the -subject_loc value "2147483648-1" has a part "2147483648" that NCBI BLAST+ cannot convert to an int (it stops'
blastn	losat-rejects	spelling -subject_loc '1-9999999999999999999'	-query tests/fasta/outfmt0/e2d_n_q.fa -subject tests/fasta/outfmt0/e2d_n_s_plus.fa -subject_loc 1-9999999999999999999 -outfmt 0	NCBI exit 255 'Error: NCBI C++ Exception:\n    T0 "/opt/conda/conda-bld/blast_1754905306566/work'; LOSAT 'Error: the -subject_loc value "1-9999999999999999999" has a part "9999999999999999999" that NCBI BLAST+ cannot convert t'
blastn	same	edge -query_loc 1-2	-query tests/fasta/outfmt0/e2d_n_q.fa -subject tests/fasta/outfmt0/e2d_n_s_plus.fa -query_loc 1-2 -outfmt 0	
blastn	same	edge -query_loc 1-7999	-query tests/fasta/outfmt0/e2d_n_q.fa -subject tests/fasta/outfmt0/e2d_n_s_plus.fa -query_loc 1-7999 -outfmt 0	
blastn	same	edge -query_loc 1-8000	-query tests/fasta/outfmt0/e2d_n_q.fa -subject tests/fasta/outfmt0/e2d_n_s_plus.fa -query_loc 1-8000 -outfmt 0	
blastn	same	edge -query_loc 1-8001	-query tests/fasta/outfmt0/e2d_n_q.fa -subject tests/fasta/outfmt0/e2d_n_s_plus.fa -query_loc 1-8001 -outfmt 0	
blastn	same	edge -query_loc 1-2147483647	-query tests/fasta/outfmt0/e2d_n_q.fa -subject tests/fasta/outfmt0/e2d_n_s_plus.fa -query_loc 1-2147483647 -outfmt 0	
blastn	same	edge -query_loc 7999-8000	-query tests/fasta/outfmt0/e2d_n_q.fa -subject tests/fasta/outfmt0/e2d_n_s_plus.fa -query_loc 7999-8000 -outfmt 0	
blastn	same	edge -query_loc 7999-8001	-query tests/fasta/outfmt0/e2d_n_q.fa -subject tests/fasta/outfmt0/e2d_n_s_plus.fa -query_loc 7999-8001 -outfmt 0	
blastn	same	edge -query_loc 7999-2147483647	-query tests/fasta/outfmt0/e2d_n_q.fa -subject tests/fasta/outfmt0/e2d_n_s_plus.fa -query_loc 7999-2147483647 -outfmt 0	
blastn	same	edge -query_loc 8000-8001	-query tests/fasta/outfmt0/e2d_n_q.fa -subject tests/fasta/outfmt0/e2d_n_s_plus.fa -query_loc 8000-8001 -outfmt 0	
blastn	same	edge -query_loc 8000-2147483647	-query tests/fasta/outfmt0/e2d_n_q.fa -subject tests/fasta/outfmt0/e2d_n_s_plus.fa -query_loc 8000-2147483647 -outfmt 0	
blastn	losat-rejects	edge -query_loc 8001-8002	-query tests/fasta/outfmt0/e2d_n_q.fa -subject tests/fasta/outfmt0/e2d_n_s_plus.fa -query_loc 8001-8002 -outfmt 0	NCBI exit 3 'BLAST engine error: Warning: Sequence contains no data'; LOSAT 'Error: query record 1 (q1) has no letters in the -query_loc range (the range starts just past its end); NCBI BLAST+ sear'
blastn	losat-rejects	edge -query_loc 8001-2147483647	-query tests/fasta/outfmt0/e2d_n_q.fa -subject tests/fasta/outfmt0/e2d_n_s_plus.fa -query_loc 8001-2147483647 -outfmt 0	NCBI exit 3 'BLAST engine error: Warning: Sequence contains no data'; LOSAT 'Error: query record 1 (q1) has no letters in the -query_loc range (the range starts just past its end); NCBI BLAST+ sear'
blastn	same-error	edge -query_loc 8002-8003	-query tests/fasta/outfmt0/e2d_n_q.fa -subject tests/fasta/outfmt0/e2d_n_s_plus.fa -query_loc 8002-8003 -outfmt 0	BLAST engine error: Empty CBlastQueryVector
blastn	same-error	edge -query_loc 8002-2147483647	-query tests/fasta/outfmt0/e2d_n_q.fa -subject tests/fasta/outfmt0/e2d_n_s_plus.fa -query_loc 8002-2147483647 -outfmt 0	BLAST engine error: Empty CBlastQueryVector
blastn	same	edge -subject_loc 1-2	-query tests/fasta/outfmt0/e2d_n_q.fa -subject tests/fasta/outfmt0/e2d_n_s_plus.fa -subject_loc 1-2 -outfmt 0	
blastn	same	edge -subject_loc 1-6999	-query tests/fasta/outfmt0/e2d_n_q.fa -subject tests/fasta/outfmt0/e2d_n_s_plus.fa -subject_loc 1-6999 -outfmt 0	
blastn	same	edge -subject_loc 1-7000	-query tests/fasta/outfmt0/e2d_n_q.fa -subject tests/fasta/outfmt0/e2d_n_s_plus.fa -subject_loc 1-7000 -outfmt 0	
blastn	same	edge -subject_loc 1-7001	-query tests/fasta/outfmt0/e2d_n_q.fa -subject tests/fasta/outfmt0/e2d_n_s_plus.fa -subject_loc 1-7001 -outfmt 0	
blastn	same	edge -subject_loc 1-2147483647	-query tests/fasta/outfmt0/e2d_n_q.fa -subject tests/fasta/outfmt0/e2d_n_s_plus.fa -subject_loc 1-2147483647 -outfmt 0	
blastn	same	edge -subject_loc 6999-7000	-query tests/fasta/outfmt0/e2d_n_q.fa -subject tests/fasta/outfmt0/e2d_n_s_plus.fa -subject_loc 6999-7000 -outfmt 0	
blastn	same	edge -subject_loc 6999-7001	-query tests/fasta/outfmt0/e2d_n_q.fa -subject tests/fasta/outfmt0/e2d_n_s_plus.fa -subject_loc 6999-7001 -outfmt 0	
blastn	same	edge -subject_loc 6999-2147483647	-query tests/fasta/outfmt0/e2d_n_q.fa -subject tests/fasta/outfmt0/e2d_n_s_plus.fa -subject_loc 6999-2147483647 -outfmt 0	
blastn	same	edge -subject_loc 7000-7001	-query tests/fasta/outfmt0/e2d_n_q.fa -subject tests/fasta/outfmt0/e2d_n_s_plus.fa -subject_loc 7000-7001 -outfmt 0	
blastn	same	edge -subject_loc 7000-2147483647	-query tests/fasta/outfmt0/e2d_n_q.fa -subject tests/fasta/outfmt0/e2d_n_s_plus.fa -subject_loc 7000-2147483647 -outfmt 0	
blastn	losat-rejects	edge -subject_loc 7001-7002	-query tests/fasta/outfmt0/e2d_n_q.fa -subject tests/fasta/outfmt0/e2d_n_s_plus.fa -subject_loc 7001-7002 -outfmt 0	NCBI exit 3 'Warning: [blastn] Subject_1 s1: Subject sequence contains no data\nBLAST engine e'; LOSAT 'Error: subject record 1 (s1) has no letters in the -subject_loc range (the range starts just past its end); NCBI BLAST+ '
blastn	losat-rejects	edge -subject_loc 7001-2147483647	-query tests/fasta/outfmt0/e2d_n_q.fa -subject tests/fasta/outfmt0/e2d_n_s_plus.fa -subject_loc 7001-2147483647 -outfmt 0	NCBI exit 3 'Warning: [blastn] Subject_1 s1: Subject sequence contains no data\nBLAST engine e'; LOSAT 'Error: subject record 1 (s1) has no letters in the -subject_loc range (the range starts just past its end); NCBI BLAST+ '
blastn	same-error	edge -subject_loc 7002-7003	-query tests/fasta/outfmt0/e2d_n_q.fa -subject tests/fasta/outfmt0/e2d_n_s_plus.fa -subject_loc 7002-7003 -outfmt 0	BLAST query/options error: Invalid from coordinate (greater than sequence length) | Please refer to the BLAST+ user manu
blastn	same-error	edge -subject_loc 7002-2147483647	-query tests/fasta/outfmt0/e2d_n_q.fa -subject tests/fasta/outfmt0/e2d_n_s_plus.fa -subject_loc 7002-2147483647 -outfmt 0	BLAST query/options error: Invalid from coordinate (greater than sequence length) | Please refer to the BLAST+ user manu
blastn	same-error	pair 2-1 2-1	-query tests/fasta/outfmt0/e2d_n_q.fa -subject tests/fasta/outfmt0/e2d_n_s_plus.fa -query_loc 2-1 -subject_loc 2-1 -outfmt 0	BLAST engine error: Invalid specification of subject location (start cannot be larger than stop)
blastn	same-error	pair 10-20-30 5-1	-query tests/fasta/outfmt0/e2d_n_q.fa -subject tests/fasta/outfmt0/e2d_n_s_plus.fa -query_loc 10-20-30 -subject_loc 5-1 -outfmt 0	BLAST engine error: Invalid specification of subject location (start cannot be larger than stop)
blastn	same-error	pair 1-50 2-1	-query tests/fasta/outfmt0/e2d_n_q.fa -subject tests/fasta/outfmt0/e2d_n_s_plus.fa -query_loc 1-50 -subject_loc 2-1 -outfmt 0	BLAST engine error: Invalid specification of subject location (start cannot be larger than stop)
blastn	same-error	pair 2-1 1-50	-query tests/fasta/outfmt0/e2d_n_q.fa -subject tests/fasta/outfmt0/e2d_n_s_plus.fa -query_loc 2-1 -subject_loc 1-50 -outfmt 0	BLAST engine error: Invalid specification of query location (start cannot be larger than stop)
blastn	same	pair 100-600 50-500	-query tests/fasta/outfmt0/e2d_n_q.fa -subject tests/fasta/outfmt0/e2d_n_s_plus.fa -query_loc 100-600 -subject_loc 50-500 -outfmt 0	
blastn	same	pair 1-100000 1-100000	-query tests/fasta/outfmt0/e2d_n_q.fa -subject tests/fasta/outfmt0/e2d_n_s_plus.fa -query_loc 1-100000 -subject_loc 1-100000 -outfmt 0	
blastn	same	spelling -query_loc '10-20'	-query tests/fasta/outfmt0/e2d_n_q.fa -subject tests/fasta/outfmt0/e2d_n_s_plus.fa -query_loc 10-20 -outfmt 6	
blastn	same	spelling -query_loc '1-2'	-query tests/fasta/outfmt0/e2d_n_q.fa -subject tests/fasta/outfmt0/e2d_n_s_plus.fa -query_loc 1-2 -outfmt 6	
blastn	same	spelling -query_loc '+1-5'	-query tests/fasta/outfmt0/e2d_n_q.fa -subject tests/fasta/outfmt0/e2d_n_s_plus.fa -query_loc +1-5 -outfmt 6	
blastn	same	spelling -query_loc '01-05'	-query tests/fasta/outfmt0/e2d_n_q.fa -subject tests/fasta/outfmt0/e2d_n_s_plus.fa -query_loc 01-05 -outfmt 6	
blastn	same	spelling -query_loc '1-+5'	-query tests/fasta/outfmt0/e2d_n_q.fa -subject tests/fasta/outfmt0/e2d_n_s_plus.fa -query_loc 1-+5 -outfmt 6	
blastn	same	spelling -query_loc '1-2147483647'	-query tests/fasta/outfmt0/e2d_n_q.fa -subject tests/fasta/outfmt0/e2d_n_s_plus.fa -query_loc 1-2147483647 -outfmt 6	
blastn	same-error	spelling -query_loc '1-1'	-query tests/fasta/outfmt0/e2d_n_q.fa -subject tests/fasta/outfmt0/e2d_n_s_plus.fa -query_loc 1-1 -outfmt 6	BLAST engine error: Invalid specification of query location (range cannot be empty)
blastn	same-error	spelling -query_loc '5-5'	-query tests/fasta/outfmt0/e2d_n_q.fa -subject tests/fasta/outfmt0/e2d_n_s_plus.fa -query_loc 5-5 -outfmt 6	BLAST engine error: Invalid specification of query location (range cannot be empty)
blastn	same-error	spelling -query_loc '20-10'	-query tests/fasta/outfmt0/e2d_n_q.fa -subject tests/fasta/outfmt0/e2d_n_s_plus.fa -query_loc 20-10 -outfmt 6	BLAST engine error: Invalid specification of query location (start cannot be larger than stop)
blastn	same-error	spelling -query_loc '2-1'	-query tests/fasta/outfmt0/e2d_n_q.fa -subject tests/fasta/outfmt0/e2d_n_s_plus.fa -query_loc 2-1 -outfmt 6	BLAST engine error: Invalid specification of query location (start cannot be larger than stop)
blastn	same-error	spelling -query_loc '0-10'	-query tests/fasta/outfmt0/e2d_n_q.fa -subject tests/fasta/outfmt0/e2d_n_s_plus.fa -query_loc 0-10 -outfmt 6	BLAST engine error: Invalid specification of query location (range elements cannot be less than or equal to 0)
blastn	same-error	spelling -query_loc '10-0'	-query tests/fasta/outfmt0/e2d_n_q.fa -subject tests/fasta/outfmt0/e2d_n_s_plus.fa -query_loc 10-0 -outfmt 6	BLAST engine error: Invalid specification of query location (range elements cannot be less than or equal to 0)
blastn	same-error	spelling -query_loc '-10'	-query tests/fasta/outfmt0/e2d_n_q.fa -subject tests/fasta/outfmt0/e2d_n_s_plus.fa -query_loc -10 -outfmt 6	BLAST engine error: Invalid specification of query location (Format: start-stop)
blastn	same-error	spelling -query_loc '10-'	-query tests/fasta/outfmt0/e2d_n_q.fa -subject tests/fasta/outfmt0/e2d_n_s_plus.fa -query_loc 10- -outfmt 6	BLAST engine error: Invalid specification of query location (Format: start-stop)
blastn	same-error	spelling -query_loc '10'	-query tests/fasta/outfmt0/e2d_n_q.fa -subject tests/fasta/outfmt0/e2d_n_s_plus.fa -query_loc 10 -outfmt 6	BLAST engine error: Invalid specification of query location (Format: start-stop)
blastn	same-error	spelling -query_loc '1--5'	-query tests/fasta/outfmt0/e2d_n_q.fa -subject tests/fasta/outfmt0/e2d_n_s_plus.fa -query_loc 1--5 -outfmt 6	BLAST engine error: Invalid specification of query location (Format: start-stop)
blastn	same-error	spelling -query_loc '1-2-3'	-query tests/fasta/outfmt0/e2d_n_q.fa -subject tests/fasta/outfmt0/e2d_n_s_plus.fa -query_loc 1-2-3 -outfmt 6	BLAST engine error: Invalid specification of query location (Format: start-stop)
blastn	same-error	spelling -query_loc ''	-query tests/fasta/outfmt0/e2d_n_q.fa -subject tests/fasta/outfmt0/e2d_n_s_plus.fa -query_loc '' -outfmt 6	BLAST engine error: Invalid specification of query location (Format: start-stop)
blastn	same-error	spelling -query_loc '-'	-query tests/fasta/outfmt0/e2d_n_q.fa -subject tests/fasta/outfmt0/e2d_n_s_plus.fa -query_loc - -outfmt 6	BLAST engine error: Invalid specification of query location (Format: start-stop)
blastn	same-error	spelling -query_loc '--'	-query tests/fasta/outfmt0/e2d_n_q.fa -subject tests/fasta/outfmt0/e2d_n_s_plus.fa -query_loc -- -outfmt 6	BLAST engine error: Invalid specification of query location (Format: start-stop)
blastn	same-error	spelling -query_loc '-5-10'	-query tests/fasta/outfmt0/e2d_n_q.fa -subject tests/fasta/outfmt0/e2d_n_s_plus.fa -query_loc -5-10 -outfmt 6	BLAST engine error: Invalid specification of query location (Format: start-stop)
blastn	losat-rejects	spelling -query_loc ' 1-5'	-query tests/fasta/outfmt0/e2d_n_q.fa -subject tests/fasta/outfmt0/e2d_n_s_plus.fa -query_loc ' 1-5' -outfmt 6	NCBI exit 255 'Error: NCBI C++ Exception:\n    T0 "/opt/conda/conda-bld/blast_1754905306566/work'; LOSAT 'Error: the -query_loc value " 1-5" has a part " 1" that NCBI BLAST+ cannot convert to an int (it stops with a CStringExc'
blastn	losat-rejects	spelling -query_loc '1- 5'	-query tests/fasta/outfmt0/e2d_n_q.fa -subject tests/fasta/outfmt0/e2d_n_s_plus.fa -query_loc '1- 5' -outfmt 6	NCBI exit 255 'Error: NCBI C++ Exception:\n    T0 "/opt/conda/conda-bld/blast_1754905306566/work'; LOSAT 'Error: the -query_loc value "1- 5" has a part " 5" that NCBI BLAST+ cannot convert to an int (it stops with a CStringExc'
blastn	losat-rejects	spelling -query_loc '1-5 '	-query tests/fasta/outfmt0/e2d_n_q.fa -subject tests/fasta/outfmt0/e2d_n_s_plus.fa -query_loc '1-5 ' -outfmt 6	NCBI exit 255 'Error: NCBI C++ Exception:\n    T0 "/opt/conda/conda-bld/blast_1754905306566/work'; LOSAT 'Error: the -query_loc value "1-5 " has a part "5 " that NCBI BLAST+ cannot convert to an int (it stops with a CStringExc'
blastn	losat-rejects	spelling -query_loc 'a-5'	-query tests/fasta/outfmt0/e2d_n_q.fa -subject tests/fasta/outfmt0/e2d_n_s_plus.fa -query_loc a-5 -outfmt 6	NCBI exit 255 'Error: NCBI C++ Exception:\n    T0 "/opt/conda/conda-bld/blast_1754905306566/work'; LOSAT 'Error: the -query_loc value "a-5" has a part "a" that NCBI BLAST+ cannot convert to an int (it stops with a CStringExcep'
blastn	losat-rejects	spelling -query_loc '1-5a'	-query tests/fasta/outfmt0/e2d_n_q.fa -subject tests/fasta/outfmt0/e2d_n_s_plus.fa -query_loc 1-5a -outfmt 6	NCBI exit 255 'Error: NCBI C++ Exception:\n    T0 "/opt/conda/conda-bld/blast_1754905306566/work'; LOSAT 'Error: the -query_loc value "1-5a" has a part "5a" that NCBI BLAST+ cannot convert to an int (it stops with a CStringExc'
blastn	losat-rejects	spelling -query_loc '1.0-5'	-query tests/fasta/outfmt0/e2d_n_q.fa -subject tests/fasta/outfmt0/e2d_n_s_plus.fa -query_loc 1.0-5 -outfmt 6	NCBI exit 255 'Error: NCBI C++ Exception:\n    T0 "/opt/conda/conda-bld/blast_1754905306566/work'; LOSAT 'Error: the -query_loc value "1.0-5" has a part "1.0" that NCBI BLAST+ cannot convert to an int (it stops with a CStringE'
blastn	losat-rejects	spelling -query_loc '0x10-0x20'	-query tests/fasta/outfmt0/e2d_n_q.fa -subject tests/fasta/outfmt0/e2d_n_s_plus.fa -query_loc 0x10-0x20 -outfmt 6	NCBI exit 255 'Error: NCBI C++ Exception:\n    T0 "/opt/conda/conda-bld/blast_1754905306566/work'; LOSAT 'Error: the -query_loc value "0x10-0x20" has a part "0x10" that NCBI BLAST+ cannot convert to an int (it stops with a CSt'
blastn	losat-rejects	spelling -query_loc '1,0-50'	-query tests/fasta/outfmt0/e2d_n_q.fa -subject tests/fasta/outfmt0/e2d_n_s_plus.fa -query_loc 1,0-50 -outfmt 6	NCBI exit 255 'Error: NCBI C++ Exception:\n    T0 "/opt/conda/conda-bld/blast_1754905306566/work'; LOSAT 'Error: the -query_loc value "1,0-50" has a part "1,0" that NCBI BLAST+ cannot convert to an int (it stops with a CString'
blastn	losat-rejects	spelling -query_loc '0-a'	-query tests/fasta/outfmt0/e2d_n_q.fa -subject tests/fasta/outfmt0/e2d_n_s_plus.fa -query_loc 0-a -outfmt 6	NCBI exit 255 'Error: NCBI C++ Exception:\n    T0 "/opt/conda/conda-bld/blast_1754905306566/work'; LOSAT 'Error: the -query_loc value "0-a" has a part "a" that NCBI BLAST+ cannot convert to an int (it stops with a CStringExcep'
blastn	losat-rejects	spelling -query_loc '1-2147483648'	-query tests/fasta/outfmt0/e2d_n_q.fa -subject tests/fasta/outfmt0/e2d_n_s_plus.fa -query_loc 1-2147483648 -outfmt 6	NCBI exit 255 'Error: NCBI C++ Exception:\n    T0 "/opt/conda/conda-bld/blast_1754905306566/work'; LOSAT 'Error: the -query_loc value "1-2147483648" has a part "2147483648" that NCBI BLAST+ cannot convert to an int (it stops w'
blastn	losat-rejects	spelling -query_loc '2147483648-1'	-query tests/fasta/outfmt0/e2d_n_q.fa -subject tests/fasta/outfmt0/e2d_n_s_plus.fa -query_loc 2147483648-1 -outfmt 6	NCBI exit 255 'Error: NCBI C++ Exception:\n    T0 "/opt/conda/conda-bld/blast_1754905306566/work'; LOSAT 'Error: the -query_loc value "2147483648-1" has a part "2147483648" that NCBI BLAST+ cannot convert to an int (it stops w'
blastn	losat-rejects	spelling -query_loc '1-9999999999999999999'	-query tests/fasta/outfmt0/e2d_n_q.fa -subject tests/fasta/outfmt0/e2d_n_s_plus.fa -query_loc 1-9999999999999999999 -outfmt 6	NCBI exit 255 'Error: NCBI C++ Exception:\n    T0 "/opt/conda/conda-bld/blast_1754905306566/work'; LOSAT 'Error: the -query_loc value "1-9999999999999999999" has a part "9999999999999999999" that NCBI BLAST+ cannot convert to '
blastn	same	spelling -subject_loc '10-20'	-query tests/fasta/outfmt0/e2d_n_q.fa -subject tests/fasta/outfmt0/e2d_n_s_plus.fa -subject_loc 10-20 -outfmt 6	
blastn	same	spelling -subject_loc '1-2'	-query tests/fasta/outfmt0/e2d_n_q.fa -subject tests/fasta/outfmt0/e2d_n_s_plus.fa -subject_loc 1-2 -outfmt 6	
blastn	same	spelling -subject_loc '+1-5'	-query tests/fasta/outfmt0/e2d_n_q.fa -subject tests/fasta/outfmt0/e2d_n_s_plus.fa -subject_loc +1-5 -outfmt 6	
blastn	same	spelling -subject_loc '01-05'	-query tests/fasta/outfmt0/e2d_n_q.fa -subject tests/fasta/outfmt0/e2d_n_s_plus.fa -subject_loc 01-05 -outfmt 6	
blastn	same	spelling -subject_loc '1-+5'	-query tests/fasta/outfmt0/e2d_n_q.fa -subject tests/fasta/outfmt0/e2d_n_s_plus.fa -subject_loc 1-+5 -outfmt 6	
blastn	same	spelling -subject_loc '1-2147483647'	-query tests/fasta/outfmt0/e2d_n_q.fa -subject tests/fasta/outfmt0/e2d_n_s_plus.fa -subject_loc 1-2147483647 -outfmt 6	
blastn	same-error	spelling -subject_loc '1-1'	-query tests/fasta/outfmt0/e2d_n_q.fa -subject tests/fasta/outfmt0/e2d_n_s_plus.fa -subject_loc 1-1 -outfmt 6	BLAST engine error: Invalid specification of subject location (range cannot be empty)
blastn	same-error	spelling -subject_loc '5-5'	-query tests/fasta/outfmt0/e2d_n_q.fa -subject tests/fasta/outfmt0/e2d_n_s_plus.fa -subject_loc 5-5 -outfmt 6	BLAST engine error: Invalid specification of subject location (range cannot be empty)
blastn	same-error	spelling -subject_loc '20-10'	-query tests/fasta/outfmt0/e2d_n_q.fa -subject tests/fasta/outfmt0/e2d_n_s_plus.fa -subject_loc 20-10 -outfmt 6	BLAST engine error: Invalid specification of subject location (start cannot be larger than stop)
blastn	same-error	spelling -subject_loc '2-1'	-query tests/fasta/outfmt0/e2d_n_q.fa -subject tests/fasta/outfmt0/e2d_n_s_plus.fa -subject_loc 2-1 -outfmt 6	BLAST engine error: Invalid specification of subject location (start cannot be larger than stop)
blastn	same-error	spelling -subject_loc '0-10'	-query tests/fasta/outfmt0/e2d_n_q.fa -subject tests/fasta/outfmt0/e2d_n_s_plus.fa -subject_loc 0-10 -outfmt 6	BLAST engine error: Invalid specification of subject location (range elements cannot be less than or equal to 0)
blastn	same-error	spelling -subject_loc '10-0'	-query tests/fasta/outfmt0/e2d_n_q.fa -subject tests/fasta/outfmt0/e2d_n_s_plus.fa -subject_loc 10-0 -outfmt 6	BLAST engine error: Invalid specification of subject location (range elements cannot be less than or equal to 0)
blastn	same-error	spelling -subject_loc '-10'	-query tests/fasta/outfmt0/e2d_n_q.fa -subject tests/fasta/outfmt0/e2d_n_s_plus.fa -subject_loc -10 -outfmt 6	BLAST engine error: Invalid specification of subject location (Format: start-stop)
blastn	same-error	spelling -subject_loc '10-'	-query tests/fasta/outfmt0/e2d_n_q.fa -subject tests/fasta/outfmt0/e2d_n_s_plus.fa -subject_loc 10- -outfmt 6	BLAST engine error: Invalid specification of subject location (Format: start-stop)
blastn	same-error	spelling -subject_loc '10'	-query tests/fasta/outfmt0/e2d_n_q.fa -subject tests/fasta/outfmt0/e2d_n_s_plus.fa -subject_loc 10 -outfmt 6	BLAST engine error: Invalid specification of subject location (Format: start-stop)
blastn	same-error	spelling -subject_loc '1--5'	-query tests/fasta/outfmt0/e2d_n_q.fa -subject tests/fasta/outfmt0/e2d_n_s_plus.fa -subject_loc 1--5 -outfmt 6	BLAST engine error: Invalid specification of subject location (Format: start-stop)
blastn	same-error	spelling -subject_loc '1-2-3'	-query tests/fasta/outfmt0/e2d_n_q.fa -subject tests/fasta/outfmt0/e2d_n_s_plus.fa -subject_loc 1-2-3 -outfmt 6	BLAST engine error: Invalid specification of subject location (Format: start-stop)
blastn	same-error	spelling -subject_loc ''	-query tests/fasta/outfmt0/e2d_n_q.fa -subject tests/fasta/outfmt0/e2d_n_s_plus.fa -subject_loc '' -outfmt 6	BLAST engine error: Invalid specification of subject location (Format: start-stop)
blastn	same-error	spelling -subject_loc '-'	-query tests/fasta/outfmt0/e2d_n_q.fa -subject tests/fasta/outfmt0/e2d_n_s_plus.fa -subject_loc - -outfmt 6	BLAST engine error: Invalid specification of subject location (Format: start-stop)
blastn	same-error	spelling -subject_loc '--'	-query tests/fasta/outfmt0/e2d_n_q.fa -subject tests/fasta/outfmt0/e2d_n_s_plus.fa -subject_loc -- -outfmt 6	BLAST engine error: Invalid specification of subject location (Format: start-stop)
blastn	same-error	spelling -subject_loc '-5-10'	-query tests/fasta/outfmt0/e2d_n_q.fa -subject tests/fasta/outfmt0/e2d_n_s_plus.fa -subject_loc -5-10 -outfmt 6	BLAST engine error: Invalid specification of subject location (Format: start-stop)
blastn	losat-rejects	spelling -subject_loc ' 1-5'	-query tests/fasta/outfmt0/e2d_n_q.fa -subject tests/fasta/outfmt0/e2d_n_s_plus.fa -subject_loc ' 1-5' -outfmt 6	NCBI exit 255 'Error: NCBI C++ Exception:\n    T0 "/opt/conda/conda-bld/blast_1754905306566/work'; LOSAT 'Error: the -subject_loc value " 1-5" has a part " 1" that NCBI BLAST+ cannot convert to an int (it stops with a CStringE'
blastn	losat-rejects	spelling -subject_loc '1- 5'	-query tests/fasta/outfmt0/e2d_n_q.fa -subject tests/fasta/outfmt0/e2d_n_s_plus.fa -subject_loc '1- 5' -outfmt 6	NCBI exit 255 'Error: NCBI C++ Exception:\n    T0 "/opt/conda/conda-bld/blast_1754905306566/work'; LOSAT 'Error: the -subject_loc value "1- 5" has a part " 5" that NCBI BLAST+ cannot convert to an int (it stops with a CStringE'
blastn	losat-rejects	spelling -subject_loc '1-5 '	-query tests/fasta/outfmt0/e2d_n_q.fa -subject tests/fasta/outfmt0/e2d_n_s_plus.fa -subject_loc '1-5 ' -outfmt 6	NCBI exit 255 'Error: NCBI C++ Exception:\n    T0 "/opt/conda/conda-bld/blast_1754905306566/work'; LOSAT 'Error: the -subject_loc value "1-5 " has a part "5 " that NCBI BLAST+ cannot convert to an int (it stops with a CStringE'
blastn	losat-rejects	spelling -subject_loc 'a-5'	-query tests/fasta/outfmt0/e2d_n_q.fa -subject tests/fasta/outfmt0/e2d_n_s_plus.fa -subject_loc a-5 -outfmt 6	NCBI exit 255 'Error: NCBI C++ Exception:\n    T0 "/opt/conda/conda-bld/blast_1754905306566/work'; LOSAT 'Error: the -subject_loc value "a-5" has a part "a" that NCBI BLAST+ cannot convert to an int (it stops with a CStringExc'
blastn	losat-rejects	spelling -subject_loc '1-5a'	-query tests/fasta/outfmt0/e2d_n_q.fa -subject tests/fasta/outfmt0/e2d_n_s_plus.fa -subject_loc 1-5a -outfmt 6	NCBI exit 255 'Error: NCBI C++ Exception:\n    T0 "/opt/conda/conda-bld/blast_1754905306566/work'; LOSAT 'Error: the -subject_loc value "1-5a" has a part "5a" that NCBI BLAST+ cannot convert to an int (it stops with a CStringE'
blastn	losat-rejects	spelling -subject_loc '1.0-5'	-query tests/fasta/outfmt0/e2d_n_q.fa -subject tests/fasta/outfmt0/e2d_n_s_plus.fa -subject_loc 1.0-5 -outfmt 6	NCBI exit 255 'Error: NCBI C++ Exception:\n    T0 "/opt/conda/conda-bld/blast_1754905306566/work'; LOSAT 'Error: the -subject_loc value "1.0-5" has a part "1.0" that NCBI BLAST+ cannot convert to an int (it stops with a CStrin'
blastn	losat-rejects	spelling -subject_loc '0x10-0x20'	-query tests/fasta/outfmt0/e2d_n_q.fa -subject tests/fasta/outfmt0/e2d_n_s_plus.fa -subject_loc 0x10-0x20 -outfmt 6	NCBI exit 255 'Error: NCBI C++ Exception:\n    T0 "/opt/conda/conda-bld/blast_1754905306566/work'; LOSAT 'Error: the -subject_loc value "0x10-0x20" has a part "0x10" that NCBI BLAST+ cannot convert to an int (it stops with a C'
blastn	losat-rejects	spelling -subject_loc '1,0-50'	-query tests/fasta/outfmt0/e2d_n_q.fa -subject tests/fasta/outfmt0/e2d_n_s_plus.fa -subject_loc 1,0-50 -outfmt 6	NCBI exit 255 'Error: NCBI C++ Exception:\n    T0 "/opt/conda/conda-bld/blast_1754905306566/work'; LOSAT 'Error: the -subject_loc value "1,0-50" has a part "1,0" that NCBI BLAST+ cannot convert to an int (it stops with a CStri'
blastn	losat-rejects	spelling -subject_loc '0-a'	-query tests/fasta/outfmt0/e2d_n_q.fa -subject tests/fasta/outfmt0/e2d_n_s_plus.fa -subject_loc 0-a -outfmt 6	NCBI exit 255 'Error: NCBI C++ Exception:\n    T0 "/opt/conda/conda-bld/blast_1754905306566/work'; LOSAT 'Error: the -subject_loc value "0-a" has a part "a" that NCBI BLAST+ cannot convert to an int (it stops with a CStringExc'
blastn	losat-rejects	spelling -subject_loc '1-2147483648'	-query tests/fasta/outfmt0/e2d_n_q.fa -subject tests/fasta/outfmt0/e2d_n_s_plus.fa -subject_loc 1-2147483648 -outfmt 6	NCBI exit 255 'Error: NCBI C++ Exception:\n    T0 "/opt/conda/conda-bld/blast_1754905306566/work'; LOSAT 'Error: the -subject_loc value "1-2147483648" has a part "2147483648" that NCBI BLAST+ cannot convert to an int (it stops'
blastn	losat-rejects	spelling -subject_loc '2147483648-1'	-query tests/fasta/outfmt0/e2d_n_q.fa -subject tests/fasta/outfmt0/e2d_n_s_plus.fa -subject_loc 2147483648-1 -outfmt 6	NCBI exit 255 'Error: NCBI C++ Exception:\n    T0 "/opt/conda/conda-bld/blast_1754905306566/work'; LOSAT 'Error: the -subject_loc value "2147483648-1" has a part "2147483648" that NCBI BLAST+ cannot convert to an int (it stops'
blastn	losat-rejects	spelling -subject_loc '1-9999999999999999999'	-query tests/fasta/outfmt0/e2d_n_q.fa -subject tests/fasta/outfmt0/e2d_n_s_plus.fa -subject_loc 1-9999999999999999999 -outfmt 6	NCBI exit 255 'Error: NCBI C++ Exception:\n    T0 "/opt/conda/conda-bld/blast_1754905306566/work'; LOSAT 'Error: the -subject_loc value "1-9999999999999999999" has a part "9999999999999999999" that NCBI BLAST+ cannot convert t'
blastn	same	edge -query_loc 1-2	-query tests/fasta/outfmt0/e2d_n_q.fa -subject tests/fasta/outfmt0/e2d_n_s_plus.fa -query_loc 1-2 -outfmt 6	
blastn	same	edge -query_loc 1-7999	-query tests/fasta/outfmt0/e2d_n_q.fa -subject tests/fasta/outfmt0/e2d_n_s_plus.fa -query_loc 1-7999 -outfmt 6	
blastn	same	edge -query_loc 1-8000	-query tests/fasta/outfmt0/e2d_n_q.fa -subject tests/fasta/outfmt0/e2d_n_s_plus.fa -query_loc 1-8000 -outfmt 6	
blastn	same	edge -query_loc 1-8001	-query tests/fasta/outfmt0/e2d_n_q.fa -subject tests/fasta/outfmt0/e2d_n_s_plus.fa -query_loc 1-8001 -outfmt 6	
blastn	same	edge -query_loc 1-2147483647	-query tests/fasta/outfmt0/e2d_n_q.fa -subject tests/fasta/outfmt0/e2d_n_s_plus.fa -query_loc 1-2147483647 -outfmt 6	
blastn	same	edge -query_loc 7999-8000	-query tests/fasta/outfmt0/e2d_n_q.fa -subject tests/fasta/outfmt0/e2d_n_s_plus.fa -query_loc 7999-8000 -outfmt 6	
blastn	same	edge -query_loc 7999-8001	-query tests/fasta/outfmt0/e2d_n_q.fa -subject tests/fasta/outfmt0/e2d_n_s_plus.fa -query_loc 7999-8001 -outfmt 6	
blastn	same	edge -query_loc 7999-2147483647	-query tests/fasta/outfmt0/e2d_n_q.fa -subject tests/fasta/outfmt0/e2d_n_s_plus.fa -query_loc 7999-2147483647 -outfmt 6	
blastn	same	edge -query_loc 8000-8001	-query tests/fasta/outfmt0/e2d_n_q.fa -subject tests/fasta/outfmt0/e2d_n_s_plus.fa -query_loc 8000-8001 -outfmt 6	
blastn	same	edge -query_loc 8000-2147483647	-query tests/fasta/outfmt0/e2d_n_q.fa -subject tests/fasta/outfmt0/e2d_n_s_plus.fa -query_loc 8000-2147483647 -outfmt 6	
blastn	losat-rejects	edge -query_loc 8001-8002	-query tests/fasta/outfmt0/e2d_n_q.fa -subject tests/fasta/outfmt0/e2d_n_s_plus.fa -query_loc 8001-8002 -outfmt 6	NCBI exit 3 'BLAST engine error: Warning: Sequence contains no data'; LOSAT 'Error: query record 1 (q1) has no letters in the -query_loc range (the range starts just past its end); NCBI BLAST+ sear'
blastn	losat-rejects	edge -query_loc 8001-2147483647	-query tests/fasta/outfmt0/e2d_n_q.fa -subject tests/fasta/outfmt0/e2d_n_s_plus.fa -query_loc 8001-2147483647 -outfmt 6	NCBI exit 3 'BLAST engine error: Warning: Sequence contains no data'; LOSAT 'Error: query record 1 (q1) has no letters in the -query_loc range (the range starts just past its end); NCBI BLAST+ sear'
blastn	same-error	edge -query_loc 8002-8003	-query tests/fasta/outfmt0/e2d_n_q.fa -subject tests/fasta/outfmt0/e2d_n_s_plus.fa -query_loc 8002-8003 -outfmt 6	BLAST engine error: Empty CBlastQueryVector
blastn	same-error	edge -query_loc 8002-2147483647	-query tests/fasta/outfmt0/e2d_n_q.fa -subject tests/fasta/outfmt0/e2d_n_s_plus.fa -query_loc 8002-2147483647 -outfmt 6	BLAST engine error: Empty CBlastQueryVector
blastn	same	edge -subject_loc 1-2	-query tests/fasta/outfmt0/e2d_n_q.fa -subject tests/fasta/outfmt0/e2d_n_s_plus.fa -subject_loc 1-2 -outfmt 6	
blastn	same	edge -subject_loc 1-6999	-query tests/fasta/outfmt0/e2d_n_q.fa -subject tests/fasta/outfmt0/e2d_n_s_plus.fa -subject_loc 1-6999 -outfmt 6	
blastn	same	edge -subject_loc 1-7000	-query tests/fasta/outfmt0/e2d_n_q.fa -subject tests/fasta/outfmt0/e2d_n_s_plus.fa -subject_loc 1-7000 -outfmt 6	
blastn	same	edge -subject_loc 1-7001	-query tests/fasta/outfmt0/e2d_n_q.fa -subject tests/fasta/outfmt0/e2d_n_s_plus.fa -subject_loc 1-7001 -outfmt 6	
blastn	same	edge -subject_loc 1-2147483647	-query tests/fasta/outfmt0/e2d_n_q.fa -subject tests/fasta/outfmt0/e2d_n_s_plus.fa -subject_loc 1-2147483647 -outfmt 6	
blastn	same	edge -subject_loc 6999-7000	-query tests/fasta/outfmt0/e2d_n_q.fa -subject tests/fasta/outfmt0/e2d_n_s_plus.fa -subject_loc 6999-7000 -outfmt 6	
blastn	same	edge -subject_loc 6999-7001	-query tests/fasta/outfmt0/e2d_n_q.fa -subject tests/fasta/outfmt0/e2d_n_s_plus.fa -subject_loc 6999-7001 -outfmt 6	
blastn	same	edge -subject_loc 6999-2147483647	-query tests/fasta/outfmt0/e2d_n_q.fa -subject tests/fasta/outfmt0/e2d_n_s_plus.fa -subject_loc 6999-2147483647 -outfmt 6	
blastn	same	edge -subject_loc 7000-7001	-query tests/fasta/outfmt0/e2d_n_q.fa -subject tests/fasta/outfmt0/e2d_n_s_plus.fa -subject_loc 7000-7001 -outfmt 6	
blastn	same	edge -subject_loc 7000-2147483647	-query tests/fasta/outfmt0/e2d_n_q.fa -subject tests/fasta/outfmt0/e2d_n_s_plus.fa -subject_loc 7000-2147483647 -outfmt 6	
blastn	losat-rejects	edge -subject_loc 7001-7002	-query tests/fasta/outfmt0/e2d_n_q.fa -subject tests/fasta/outfmt0/e2d_n_s_plus.fa -subject_loc 7001-7002 -outfmt 6	NCBI exit 3 'Warning: [blastn] Subject_1 s1: Subject sequence contains no data\nBLAST engine e'; LOSAT 'Error: subject record 1 (s1) has no letters in the -subject_loc range (the range starts just past its end); NCBI BLAST+ '
blastn	losat-rejects	edge -subject_loc 7001-2147483647	-query tests/fasta/outfmt0/e2d_n_q.fa -subject tests/fasta/outfmt0/e2d_n_s_plus.fa -subject_loc 7001-2147483647 -outfmt 6	NCBI exit 3 'Warning: [blastn] Subject_1 s1: Subject sequence contains no data\nBLAST engine e'; LOSAT 'Error: subject record 1 (s1) has no letters in the -subject_loc range (the range starts just past its end); NCBI BLAST+ '
blastn	same-error	edge -subject_loc 7002-7003	-query tests/fasta/outfmt0/e2d_n_q.fa -subject tests/fasta/outfmt0/e2d_n_s_plus.fa -subject_loc 7002-7003 -outfmt 6	BLAST query/options error: Invalid from coordinate (greater than sequence length) | Please refer to the BLAST+ user manu
blastn	same-error	edge -subject_loc 7002-2147483647	-query tests/fasta/outfmt0/e2d_n_q.fa -subject tests/fasta/outfmt0/e2d_n_s_plus.fa -subject_loc 7002-2147483647 -outfmt 6	BLAST query/options error: Invalid from coordinate (greater than sequence length) | Please refer to the BLAST+ user manu
blastn	same-error	pair 2-1 2-1	-query tests/fasta/outfmt0/e2d_n_q.fa -subject tests/fasta/outfmt0/e2d_n_s_plus.fa -query_loc 2-1 -subject_loc 2-1 -outfmt 6	BLAST engine error: Invalid specification of subject location (start cannot be larger than stop)
blastn	same-error	pair 10-20-30 5-1	-query tests/fasta/outfmt0/e2d_n_q.fa -subject tests/fasta/outfmt0/e2d_n_s_plus.fa -query_loc 10-20-30 -subject_loc 5-1 -outfmt 6	BLAST engine error: Invalid specification of subject location (start cannot be larger than stop)
blastn	same-error	pair 1-50 2-1	-query tests/fasta/outfmt0/e2d_n_q.fa -subject tests/fasta/outfmt0/e2d_n_s_plus.fa -query_loc 1-50 -subject_loc 2-1 -outfmt 6	BLAST engine error: Invalid specification of subject location (start cannot be larger than stop)
blastn	same-error	pair 2-1 1-50	-query tests/fasta/outfmt0/e2d_n_q.fa -subject tests/fasta/outfmt0/e2d_n_s_plus.fa -query_loc 2-1 -subject_loc 1-50 -outfmt 6	BLAST engine error: Invalid specification of query location (start cannot be larger than stop)
blastn	same	pair 100-600 50-500	-query tests/fasta/outfmt0/e2d_n_q.fa -subject tests/fasta/outfmt0/e2d_n_s_plus.fa -query_loc 100-600 -subject_loc 50-500 -outfmt 6	
blastn	same	pair 1-100000 1-100000	-query tests/fasta/outfmt0/e2d_n_q.fa -subject tests/fasta/outfmt0/e2d_n_s_plus.fa -query_loc 1-100000 -subject_loc 1-100000 -outfmt 6	
blastn	same	spelling -query_loc '10-20'	-query tests/fasta/outfmt0/e2d_n_q.fa -subject tests/fasta/outfmt0/e2d_n_s_plus.fa -query_loc 10-20 -outfmt 7	
blastn	same	spelling -query_loc '1-2'	-query tests/fasta/outfmt0/e2d_n_q.fa -subject tests/fasta/outfmt0/e2d_n_s_plus.fa -query_loc 1-2 -outfmt 7	
blastn	same	spelling -query_loc '+1-5'	-query tests/fasta/outfmt0/e2d_n_q.fa -subject tests/fasta/outfmt0/e2d_n_s_plus.fa -query_loc +1-5 -outfmt 7	
blastn	same	spelling -query_loc '01-05'	-query tests/fasta/outfmt0/e2d_n_q.fa -subject tests/fasta/outfmt0/e2d_n_s_plus.fa -query_loc 01-05 -outfmt 7	
blastn	same	spelling -query_loc '1-+5'	-query tests/fasta/outfmt0/e2d_n_q.fa -subject tests/fasta/outfmt0/e2d_n_s_plus.fa -query_loc 1-+5 -outfmt 7	
blastn	same	spelling -query_loc '1-2147483647'	-query tests/fasta/outfmt0/e2d_n_q.fa -subject tests/fasta/outfmt0/e2d_n_s_plus.fa -query_loc 1-2147483647 -outfmt 7	
blastn	same-error	spelling -query_loc '1-1'	-query tests/fasta/outfmt0/e2d_n_q.fa -subject tests/fasta/outfmt0/e2d_n_s_plus.fa -query_loc 1-1 -outfmt 7	BLAST engine error: Invalid specification of query location (range cannot be empty)
blastn	same-error	spelling -query_loc '5-5'	-query tests/fasta/outfmt0/e2d_n_q.fa -subject tests/fasta/outfmt0/e2d_n_s_plus.fa -query_loc 5-5 -outfmt 7	BLAST engine error: Invalid specification of query location (range cannot be empty)
blastn	same-error	spelling -query_loc '20-10'	-query tests/fasta/outfmt0/e2d_n_q.fa -subject tests/fasta/outfmt0/e2d_n_s_plus.fa -query_loc 20-10 -outfmt 7	BLAST engine error: Invalid specification of query location (start cannot be larger than stop)
blastn	same-error	spelling -query_loc '2-1'	-query tests/fasta/outfmt0/e2d_n_q.fa -subject tests/fasta/outfmt0/e2d_n_s_plus.fa -query_loc 2-1 -outfmt 7	BLAST engine error: Invalid specification of query location (start cannot be larger than stop)
blastn	same-error	spelling -query_loc '0-10'	-query tests/fasta/outfmt0/e2d_n_q.fa -subject tests/fasta/outfmt0/e2d_n_s_plus.fa -query_loc 0-10 -outfmt 7	BLAST engine error: Invalid specification of query location (range elements cannot be less than or equal to 0)
blastn	same-error	spelling -query_loc '10-0'	-query tests/fasta/outfmt0/e2d_n_q.fa -subject tests/fasta/outfmt0/e2d_n_s_plus.fa -query_loc 10-0 -outfmt 7	BLAST engine error: Invalid specification of query location (range elements cannot be less than or equal to 0)
blastn	same-error	spelling -query_loc '-10'	-query tests/fasta/outfmt0/e2d_n_q.fa -subject tests/fasta/outfmt0/e2d_n_s_plus.fa -query_loc -10 -outfmt 7	BLAST engine error: Invalid specification of query location (Format: start-stop)
blastn	same-error	spelling -query_loc '10-'	-query tests/fasta/outfmt0/e2d_n_q.fa -subject tests/fasta/outfmt0/e2d_n_s_plus.fa -query_loc 10- -outfmt 7	BLAST engine error: Invalid specification of query location (Format: start-stop)
blastn	same-error	spelling -query_loc '10'	-query tests/fasta/outfmt0/e2d_n_q.fa -subject tests/fasta/outfmt0/e2d_n_s_plus.fa -query_loc 10 -outfmt 7	BLAST engine error: Invalid specification of query location (Format: start-stop)
blastn	same-error	spelling -query_loc '1--5'	-query tests/fasta/outfmt0/e2d_n_q.fa -subject tests/fasta/outfmt0/e2d_n_s_plus.fa -query_loc 1--5 -outfmt 7	BLAST engine error: Invalid specification of query location (Format: start-stop)
blastn	same-error	spelling -query_loc '1-2-3'	-query tests/fasta/outfmt0/e2d_n_q.fa -subject tests/fasta/outfmt0/e2d_n_s_plus.fa -query_loc 1-2-3 -outfmt 7	BLAST engine error: Invalid specification of query location (Format: start-stop)
blastn	same-error	spelling -query_loc ''	-query tests/fasta/outfmt0/e2d_n_q.fa -subject tests/fasta/outfmt0/e2d_n_s_plus.fa -query_loc '' -outfmt 7	BLAST engine error: Invalid specification of query location (Format: start-stop)
blastn	same-error	spelling -query_loc '-'	-query tests/fasta/outfmt0/e2d_n_q.fa -subject tests/fasta/outfmt0/e2d_n_s_plus.fa -query_loc - -outfmt 7	BLAST engine error: Invalid specification of query location (Format: start-stop)
blastn	same-error	spelling -query_loc '--'	-query tests/fasta/outfmt0/e2d_n_q.fa -subject tests/fasta/outfmt0/e2d_n_s_plus.fa -query_loc -- -outfmt 7	BLAST engine error: Invalid specification of query location (Format: start-stop)
blastn	same-error	spelling -query_loc '-5-10'	-query tests/fasta/outfmt0/e2d_n_q.fa -subject tests/fasta/outfmt0/e2d_n_s_plus.fa -query_loc -5-10 -outfmt 7	BLAST engine error: Invalid specification of query location (Format: start-stop)
blastn	losat-rejects	spelling -query_loc ' 1-5'	-query tests/fasta/outfmt0/e2d_n_q.fa -subject tests/fasta/outfmt0/e2d_n_s_plus.fa -query_loc ' 1-5' -outfmt 7	NCBI exit 255 'Error: NCBI C++ Exception:\n    T0 "/opt/conda/conda-bld/blast_1754905306566/work'; LOSAT 'Error: the -query_loc value " 1-5" has a part " 1" that NCBI BLAST+ cannot convert to an int (it stops with a CStringExc'
blastn	losat-rejects	spelling -query_loc '1- 5'	-query tests/fasta/outfmt0/e2d_n_q.fa -subject tests/fasta/outfmt0/e2d_n_s_plus.fa -query_loc '1- 5' -outfmt 7	NCBI exit 255 'Error: NCBI C++ Exception:\n    T0 "/opt/conda/conda-bld/blast_1754905306566/work'; LOSAT 'Error: the -query_loc value "1- 5" has a part " 5" that NCBI BLAST+ cannot convert to an int (it stops with a CStringExc'
blastn	losat-rejects	spelling -query_loc '1-5 '	-query tests/fasta/outfmt0/e2d_n_q.fa -subject tests/fasta/outfmt0/e2d_n_s_plus.fa -query_loc '1-5 ' -outfmt 7	NCBI exit 255 'Error: NCBI C++ Exception:\n    T0 "/opt/conda/conda-bld/blast_1754905306566/work'; LOSAT 'Error: the -query_loc value "1-5 " has a part "5 " that NCBI BLAST+ cannot convert to an int (it stops with a CStringExc'
blastn	losat-rejects	spelling -query_loc 'a-5'	-query tests/fasta/outfmt0/e2d_n_q.fa -subject tests/fasta/outfmt0/e2d_n_s_plus.fa -query_loc a-5 -outfmt 7	NCBI exit 255 'Error: NCBI C++ Exception:\n    T0 "/opt/conda/conda-bld/blast_1754905306566/work'; LOSAT 'Error: the -query_loc value "a-5" has a part "a" that NCBI BLAST+ cannot convert to an int (it stops with a CStringExcep'
blastn	losat-rejects	spelling -query_loc '1-5a'	-query tests/fasta/outfmt0/e2d_n_q.fa -subject tests/fasta/outfmt0/e2d_n_s_plus.fa -query_loc 1-5a -outfmt 7	NCBI exit 255 'Error: NCBI C++ Exception:\n    T0 "/opt/conda/conda-bld/blast_1754905306566/work'; LOSAT 'Error: the -query_loc value "1-5a" has a part "5a" that NCBI BLAST+ cannot convert to an int (it stops with a CStringExc'
blastn	losat-rejects	spelling -query_loc '1.0-5'	-query tests/fasta/outfmt0/e2d_n_q.fa -subject tests/fasta/outfmt0/e2d_n_s_plus.fa -query_loc 1.0-5 -outfmt 7	NCBI exit 255 'Error: NCBI C++ Exception:\n    T0 "/opt/conda/conda-bld/blast_1754905306566/work'; LOSAT 'Error: the -query_loc value "1.0-5" has a part "1.0" that NCBI BLAST+ cannot convert to an int (it stops with a CStringE'
blastn	losat-rejects	spelling -query_loc '0x10-0x20'	-query tests/fasta/outfmt0/e2d_n_q.fa -subject tests/fasta/outfmt0/e2d_n_s_plus.fa -query_loc 0x10-0x20 -outfmt 7	NCBI exit 255 'Error: NCBI C++ Exception:\n    T0 "/opt/conda/conda-bld/blast_1754905306566/work'; LOSAT 'Error: the -query_loc value "0x10-0x20" has a part "0x10" that NCBI BLAST+ cannot convert to an int (it stops with a CSt'
blastn	losat-rejects	spelling -query_loc '1,0-50'	-query tests/fasta/outfmt0/e2d_n_q.fa -subject tests/fasta/outfmt0/e2d_n_s_plus.fa -query_loc 1,0-50 -outfmt 7	NCBI exit 255 'Error: NCBI C++ Exception:\n    T0 "/opt/conda/conda-bld/blast_1754905306566/work'; LOSAT 'Error: the -query_loc value "1,0-50" has a part "1,0" that NCBI BLAST+ cannot convert to an int (it stops with a CString'
blastn	losat-rejects	spelling -query_loc '0-a'	-query tests/fasta/outfmt0/e2d_n_q.fa -subject tests/fasta/outfmt0/e2d_n_s_plus.fa -query_loc 0-a -outfmt 7	NCBI exit 255 'Error: NCBI C++ Exception:\n    T0 "/opt/conda/conda-bld/blast_1754905306566/work'; LOSAT 'Error: the -query_loc value "0-a" has a part "a" that NCBI BLAST+ cannot convert to an int (it stops with a CStringExcep'
blastn	losat-rejects	spelling -query_loc '1-2147483648'	-query tests/fasta/outfmt0/e2d_n_q.fa -subject tests/fasta/outfmt0/e2d_n_s_plus.fa -query_loc 1-2147483648 -outfmt 7	NCBI exit 255 'Error: NCBI C++ Exception:\n    T0 "/opt/conda/conda-bld/blast_1754905306566/work'; LOSAT 'Error: the -query_loc value "1-2147483648" has a part "2147483648" that NCBI BLAST+ cannot convert to an int (it stops w'
blastn	losat-rejects	spelling -query_loc '2147483648-1'	-query tests/fasta/outfmt0/e2d_n_q.fa -subject tests/fasta/outfmt0/e2d_n_s_plus.fa -query_loc 2147483648-1 -outfmt 7	NCBI exit 255 'Error: NCBI C++ Exception:\n    T0 "/opt/conda/conda-bld/blast_1754905306566/work'; LOSAT 'Error: the -query_loc value "2147483648-1" has a part "2147483648" that NCBI BLAST+ cannot convert to an int (it stops w'
blastn	losat-rejects	spelling -query_loc '1-9999999999999999999'	-query tests/fasta/outfmt0/e2d_n_q.fa -subject tests/fasta/outfmt0/e2d_n_s_plus.fa -query_loc 1-9999999999999999999 -outfmt 7	NCBI exit 255 'Error: NCBI C++ Exception:\n    T0 "/opt/conda/conda-bld/blast_1754905306566/work'; LOSAT 'Error: the -query_loc value "1-9999999999999999999" has a part "9999999999999999999" that NCBI BLAST+ cannot convert to '
blastn	same	spelling -subject_loc '10-20'	-query tests/fasta/outfmt0/e2d_n_q.fa -subject tests/fasta/outfmt0/e2d_n_s_plus.fa -subject_loc 10-20 -outfmt 7	
blastn	same	spelling -subject_loc '1-2'	-query tests/fasta/outfmt0/e2d_n_q.fa -subject tests/fasta/outfmt0/e2d_n_s_plus.fa -subject_loc 1-2 -outfmt 7	
blastn	same	spelling -subject_loc '+1-5'	-query tests/fasta/outfmt0/e2d_n_q.fa -subject tests/fasta/outfmt0/e2d_n_s_plus.fa -subject_loc +1-5 -outfmt 7	
blastn	same	spelling -subject_loc '01-05'	-query tests/fasta/outfmt0/e2d_n_q.fa -subject tests/fasta/outfmt0/e2d_n_s_plus.fa -subject_loc 01-05 -outfmt 7	
blastn	same	spelling -subject_loc '1-+5'	-query tests/fasta/outfmt0/e2d_n_q.fa -subject tests/fasta/outfmt0/e2d_n_s_plus.fa -subject_loc 1-+5 -outfmt 7	
blastn	same	spelling -subject_loc '1-2147483647'	-query tests/fasta/outfmt0/e2d_n_q.fa -subject tests/fasta/outfmt0/e2d_n_s_plus.fa -subject_loc 1-2147483647 -outfmt 7	
blastn	same-error	spelling -subject_loc '1-1'	-query tests/fasta/outfmt0/e2d_n_q.fa -subject tests/fasta/outfmt0/e2d_n_s_plus.fa -subject_loc 1-1 -outfmt 7	BLAST engine error: Invalid specification of subject location (range cannot be empty)
blastn	same-error	spelling -subject_loc '5-5'	-query tests/fasta/outfmt0/e2d_n_q.fa -subject tests/fasta/outfmt0/e2d_n_s_plus.fa -subject_loc 5-5 -outfmt 7	BLAST engine error: Invalid specification of subject location (range cannot be empty)
blastn	same-error	spelling -subject_loc '20-10'	-query tests/fasta/outfmt0/e2d_n_q.fa -subject tests/fasta/outfmt0/e2d_n_s_plus.fa -subject_loc 20-10 -outfmt 7	BLAST engine error: Invalid specification of subject location (start cannot be larger than stop)
blastn	same-error	spelling -subject_loc '2-1'	-query tests/fasta/outfmt0/e2d_n_q.fa -subject tests/fasta/outfmt0/e2d_n_s_plus.fa -subject_loc 2-1 -outfmt 7	BLAST engine error: Invalid specification of subject location (start cannot be larger than stop)
blastn	same-error	spelling -subject_loc '0-10'	-query tests/fasta/outfmt0/e2d_n_q.fa -subject tests/fasta/outfmt0/e2d_n_s_plus.fa -subject_loc 0-10 -outfmt 7	BLAST engine error: Invalid specification of subject location (range elements cannot be less than or equal to 0)
blastn	same-error	spelling -subject_loc '10-0'	-query tests/fasta/outfmt0/e2d_n_q.fa -subject tests/fasta/outfmt0/e2d_n_s_plus.fa -subject_loc 10-0 -outfmt 7	BLAST engine error: Invalid specification of subject location (range elements cannot be less than or equal to 0)
blastn	same-error	spelling -subject_loc '-10'	-query tests/fasta/outfmt0/e2d_n_q.fa -subject tests/fasta/outfmt0/e2d_n_s_plus.fa -subject_loc -10 -outfmt 7	BLAST engine error: Invalid specification of subject location (Format: start-stop)
blastn	same-error	spelling -subject_loc '10-'	-query tests/fasta/outfmt0/e2d_n_q.fa -subject tests/fasta/outfmt0/e2d_n_s_plus.fa -subject_loc 10- -outfmt 7	BLAST engine error: Invalid specification of subject location (Format: start-stop)
blastn	same-error	spelling -subject_loc '10'	-query tests/fasta/outfmt0/e2d_n_q.fa -subject tests/fasta/outfmt0/e2d_n_s_plus.fa -subject_loc 10 -outfmt 7	BLAST engine error: Invalid specification of subject location (Format: start-stop)
blastn	same-error	spelling -subject_loc '1--5'	-query tests/fasta/outfmt0/e2d_n_q.fa -subject tests/fasta/outfmt0/e2d_n_s_plus.fa -subject_loc 1--5 -outfmt 7	BLAST engine error: Invalid specification of subject location (Format: start-stop)
blastn	same-error	spelling -subject_loc '1-2-3'	-query tests/fasta/outfmt0/e2d_n_q.fa -subject tests/fasta/outfmt0/e2d_n_s_plus.fa -subject_loc 1-2-3 -outfmt 7	BLAST engine error: Invalid specification of subject location (Format: start-stop)
blastn	same-error	spelling -subject_loc ''	-query tests/fasta/outfmt0/e2d_n_q.fa -subject tests/fasta/outfmt0/e2d_n_s_plus.fa -subject_loc '' -outfmt 7	BLAST engine error: Invalid specification of subject location (Format: start-stop)
blastn	same-error	spelling -subject_loc '-'	-query tests/fasta/outfmt0/e2d_n_q.fa -subject tests/fasta/outfmt0/e2d_n_s_plus.fa -subject_loc - -outfmt 7	BLAST engine error: Invalid specification of subject location (Format: start-stop)
blastn	same-error	spelling -subject_loc '--'	-query tests/fasta/outfmt0/e2d_n_q.fa -subject tests/fasta/outfmt0/e2d_n_s_plus.fa -subject_loc -- -outfmt 7	BLAST engine error: Invalid specification of subject location (Format: start-stop)
blastn	same-error	spelling -subject_loc '-5-10'	-query tests/fasta/outfmt0/e2d_n_q.fa -subject tests/fasta/outfmt0/e2d_n_s_plus.fa -subject_loc -5-10 -outfmt 7	BLAST engine error: Invalid specification of subject location (Format: start-stop)
blastn	losat-rejects	spelling -subject_loc ' 1-5'	-query tests/fasta/outfmt0/e2d_n_q.fa -subject tests/fasta/outfmt0/e2d_n_s_plus.fa -subject_loc ' 1-5' -outfmt 7	NCBI exit 255 'Error: NCBI C++ Exception:\n    T0 "/opt/conda/conda-bld/blast_1754905306566/work'; LOSAT 'Error: the -subject_loc value " 1-5" has a part " 1" that NCBI BLAST+ cannot convert to an int (it stops with a CStringE'
blastn	losat-rejects	spelling -subject_loc '1- 5'	-query tests/fasta/outfmt0/e2d_n_q.fa -subject tests/fasta/outfmt0/e2d_n_s_plus.fa -subject_loc '1- 5' -outfmt 7	NCBI exit 255 'Error: NCBI C++ Exception:\n    T0 "/opt/conda/conda-bld/blast_1754905306566/work'; LOSAT 'Error: the -subject_loc value "1- 5" has a part " 5" that NCBI BLAST+ cannot convert to an int (it stops with a CStringE'
blastn	losat-rejects	spelling -subject_loc '1-5 '	-query tests/fasta/outfmt0/e2d_n_q.fa -subject tests/fasta/outfmt0/e2d_n_s_plus.fa -subject_loc '1-5 ' -outfmt 7	NCBI exit 255 'Error: NCBI C++ Exception:\n    T0 "/opt/conda/conda-bld/blast_1754905306566/work'; LOSAT 'Error: the -subject_loc value "1-5 " has a part "5 " that NCBI BLAST+ cannot convert to an int (it stops with a CStringE'
blastn	losat-rejects	spelling -subject_loc 'a-5'	-query tests/fasta/outfmt0/e2d_n_q.fa -subject tests/fasta/outfmt0/e2d_n_s_plus.fa -subject_loc a-5 -outfmt 7	NCBI exit 255 'Error: NCBI C++ Exception:\n    T0 "/opt/conda/conda-bld/blast_1754905306566/work'; LOSAT 'Error: the -subject_loc value "a-5" has a part "a" that NCBI BLAST+ cannot convert to an int (it stops with a CStringExc'
blastn	losat-rejects	spelling -subject_loc '1-5a'	-query tests/fasta/outfmt0/e2d_n_q.fa -subject tests/fasta/outfmt0/e2d_n_s_plus.fa -subject_loc 1-5a -outfmt 7	NCBI exit 255 'Error: NCBI C++ Exception:\n    T0 "/opt/conda/conda-bld/blast_1754905306566/work'; LOSAT 'Error: the -subject_loc value "1-5a" has a part "5a" that NCBI BLAST+ cannot convert to an int (it stops with a CStringE'
blastn	losat-rejects	spelling -subject_loc '1.0-5'	-query tests/fasta/outfmt0/e2d_n_q.fa -subject tests/fasta/outfmt0/e2d_n_s_plus.fa -subject_loc 1.0-5 -outfmt 7	NCBI exit 255 'Error: NCBI C++ Exception:\n    T0 "/opt/conda/conda-bld/blast_1754905306566/work'; LOSAT 'Error: the -subject_loc value "1.0-5" has a part "1.0" that NCBI BLAST+ cannot convert to an int (it stops with a CStrin'
blastn	losat-rejects	spelling -subject_loc '0x10-0x20'	-query tests/fasta/outfmt0/e2d_n_q.fa -subject tests/fasta/outfmt0/e2d_n_s_plus.fa -subject_loc 0x10-0x20 -outfmt 7	NCBI exit 255 'Error: NCBI C++ Exception:\n    T0 "/opt/conda/conda-bld/blast_1754905306566/work'; LOSAT 'Error: the -subject_loc value "0x10-0x20" has a part "0x10" that NCBI BLAST+ cannot convert to an int (it stops with a C'
blastn	losat-rejects	spelling -subject_loc '1,0-50'	-query tests/fasta/outfmt0/e2d_n_q.fa -subject tests/fasta/outfmt0/e2d_n_s_plus.fa -subject_loc 1,0-50 -outfmt 7	NCBI exit 255 'Error: NCBI C++ Exception:\n    T0 "/opt/conda/conda-bld/blast_1754905306566/work'; LOSAT 'Error: the -subject_loc value "1,0-50" has a part "1,0" that NCBI BLAST+ cannot convert to an int (it stops with a CStri'
blastn	losat-rejects	spelling -subject_loc '0-a'	-query tests/fasta/outfmt0/e2d_n_q.fa -subject tests/fasta/outfmt0/e2d_n_s_plus.fa -subject_loc 0-a -outfmt 7	NCBI exit 255 'Error: NCBI C++ Exception:\n    T0 "/opt/conda/conda-bld/blast_1754905306566/work'; LOSAT 'Error: the -subject_loc value "0-a" has a part "a" that NCBI BLAST+ cannot convert to an int (it stops with a CStringExc'
blastn	losat-rejects	spelling -subject_loc '1-2147483648'	-query tests/fasta/outfmt0/e2d_n_q.fa -subject tests/fasta/outfmt0/e2d_n_s_plus.fa -subject_loc 1-2147483648 -outfmt 7	NCBI exit 255 'Error: NCBI C++ Exception:\n    T0 "/opt/conda/conda-bld/blast_1754905306566/work'; LOSAT 'Error: the -subject_loc value "1-2147483648" has a part "2147483648" that NCBI BLAST+ cannot convert to an int (it stops'
blastn	losat-rejects	spelling -subject_loc '2147483648-1'	-query tests/fasta/outfmt0/e2d_n_q.fa -subject tests/fasta/outfmt0/e2d_n_s_plus.fa -subject_loc 2147483648-1 -outfmt 7	NCBI exit 255 'Error: NCBI C++ Exception:\n    T0 "/opt/conda/conda-bld/blast_1754905306566/work'; LOSAT 'Error: the -subject_loc value "2147483648-1" has a part "2147483648" that NCBI BLAST+ cannot convert to an int (it stops'
blastn	losat-rejects	spelling -subject_loc '1-9999999999999999999'	-query tests/fasta/outfmt0/e2d_n_q.fa -subject tests/fasta/outfmt0/e2d_n_s_plus.fa -subject_loc 1-9999999999999999999 -outfmt 7	NCBI exit 255 'Error: NCBI C++ Exception:\n    T0 "/opt/conda/conda-bld/blast_1754905306566/work'; LOSAT 'Error: the -subject_loc value "1-9999999999999999999" has a part "9999999999999999999" that NCBI BLAST+ cannot convert t'
blastn	same	edge -query_loc 1-2	-query tests/fasta/outfmt0/e2d_n_q.fa -subject tests/fasta/outfmt0/e2d_n_s_plus.fa -query_loc 1-2 -outfmt 7	
blastn	same	edge -query_loc 1-7999	-query tests/fasta/outfmt0/e2d_n_q.fa -subject tests/fasta/outfmt0/e2d_n_s_plus.fa -query_loc 1-7999 -outfmt 7	
blastn	same	edge -query_loc 1-8000	-query tests/fasta/outfmt0/e2d_n_q.fa -subject tests/fasta/outfmt0/e2d_n_s_plus.fa -query_loc 1-8000 -outfmt 7	
blastn	same	edge -query_loc 1-8001	-query tests/fasta/outfmt0/e2d_n_q.fa -subject tests/fasta/outfmt0/e2d_n_s_plus.fa -query_loc 1-8001 -outfmt 7	
blastn	same	edge -query_loc 1-2147483647	-query tests/fasta/outfmt0/e2d_n_q.fa -subject tests/fasta/outfmt0/e2d_n_s_plus.fa -query_loc 1-2147483647 -outfmt 7	
blastn	same	edge -query_loc 7999-8000	-query tests/fasta/outfmt0/e2d_n_q.fa -subject tests/fasta/outfmt0/e2d_n_s_plus.fa -query_loc 7999-8000 -outfmt 7	
blastn	same	edge -query_loc 7999-8001	-query tests/fasta/outfmt0/e2d_n_q.fa -subject tests/fasta/outfmt0/e2d_n_s_plus.fa -query_loc 7999-8001 -outfmt 7	
blastn	same	edge -query_loc 7999-2147483647	-query tests/fasta/outfmt0/e2d_n_q.fa -subject tests/fasta/outfmt0/e2d_n_s_plus.fa -query_loc 7999-2147483647 -outfmt 7	
blastn	same	edge -query_loc 8000-8001	-query tests/fasta/outfmt0/e2d_n_q.fa -subject tests/fasta/outfmt0/e2d_n_s_plus.fa -query_loc 8000-8001 -outfmt 7	
blastn	same	edge -query_loc 8000-2147483647	-query tests/fasta/outfmt0/e2d_n_q.fa -subject tests/fasta/outfmt0/e2d_n_s_plus.fa -query_loc 8000-2147483647 -outfmt 7	
blastn	losat-rejects	edge -query_loc 8001-8002	-query tests/fasta/outfmt0/e2d_n_q.fa -subject tests/fasta/outfmt0/e2d_n_s_plus.fa -query_loc 8001-8002 -outfmt 7	NCBI exit 3 'BLAST engine error: Warning: Sequence contains no data'; LOSAT 'Error: query record 1 (q1) has no letters in the -query_loc range (the range starts just past its end); NCBI BLAST+ sear'
blastn	losat-rejects	edge -query_loc 8001-2147483647	-query tests/fasta/outfmt0/e2d_n_q.fa -subject tests/fasta/outfmt0/e2d_n_s_plus.fa -query_loc 8001-2147483647 -outfmt 7	NCBI exit 3 'BLAST engine error: Warning: Sequence contains no data'; LOSAT 'Error: query record 1 (q1) has no letters in the -query_loc range (the range starts just past its end); NCBI BLAST+ sear'
blastn	same-error	edge -query_loc 8002-8003	-query tests/fasta/outfmt0/e2d_n_q.fa -subject tests/fasta/outfmt0/e2d_n_s_plus.fa -query_loc 8002-8003 -outfmt 7	BLAST engine error: Empty CBlastQueryVector
blastn	same-error	edge -query_loc 8002-2147483647	-query tests/fasta/outfmt0/e2d_n_q.fa -subject tests/fasta/outfmt0/e2d_n_s_plus.fa -query_loc 8002-2147483647 -outfmt 7	BLAST engine error: Empty CBlastQueryVector
blastn	same	edge -subject_loc 1-2	-query tests/fasta/outfmt0/e2d_n_q.fa -subject tests/fasta/outfmt0/e2d_n_s_plus.fa -subject_loc 1-2 -outfmt 7	
blastn	same	edge -subject_loc 1-6999	-query tests/fasta/outfmt0/e2d_n_q.fa -subject tests/fasta/outfmt0/e2d_n_s_plus.fa -subject_loc 1-6999 -outfmt 7	
blastn	same	edge -subject_loc 1-7000	-query tests/fasta/outfmt0/e2d_n_q.fa -subject tests/fasta/outfmt0/e2d_n_s_plus.fa -subject_loc 1-7000 -outfmt 7	
blastn	same	edge -subject_loc 1-7001	-query tests/fasta/outfmt0/e2d_n_q.fa -subject tests/fasta/outfmt0/e2d_n_s_plus.fa -subject_loc 1-7001 -outfmt 7	
blastn	same	edge -subject_loc 1-2147483647	-query tests/fasta/outfmt0/e2d_n_q.fa -subject tests/fasta/outfmt0/e2d_n_s_plus.fa -subject_loc 1-2147483647 -outfmt 7	
blastn	same	edge -subject_loc 6999-7000	-query tests/fasta/outfmt0/e2d_n_q.fa -subject tests/fasta/outfmt0/e2d_n_s_plus.fa -subject_loc 6999-7000 -outfmt 7	
blastn	same	edge -subject_loc 6999-7001	-query tests/fasta/outfmt0/e2d_n_q.fa -subject tests/fasta/outfmt0/e2d_n_s_plus.fa -subject_loc 6999-7001 -outfmt 7	
blastn	same	edge -subject_loc 6999-2147483647	-query tests/fasta/outfmt0/e2d_n_q.fa -subject tests/fasta/outfmt0/e2d_n_s_plus.fa -subject_loc 6999-2147483647 -outfmt 7	
blastn	same	edge -subject_loc 7000-7001	-query tests/fasta/outfmt0/e2d_n_q.fa -subject tests/fasta/outfmt0/e2d_n_s_plus.fa -subject_loc 7000-7001 -outfmt 7	
blastn	same	edge -subject_loc 7000-2147483647	-query tests/fasta/outfmt0/e2d_n_q.fa -subject tests/fasta/outfmt0/e2d_n_s_plus.fa -subject_loc 7000-2147483647 -outfmt 7	
blastn	losat-rejects	edge -subject_loc 7001-7002	-query tests/fasta/outfmt0/e2d_n_q.fa -subject tests/fasta/outfmt0/e2d_n_s_plus.fa -subject_loc 7001-7002 -outfmt 7	NCBI exit 3 'Warning: [blastn] Subject_1 s1: Subject sequence contains no data\nBLAST engine e'; LOSAT 'Error: subject record 1 (s1) has no letters in the -subject_loc range (the range starts just past its end); NCBI BLAST+ '
blastn	losat-rejects	edge -subject_loc 7001-2147483647	-query tests/fasta/outfmt0/e2d_n_q.fa -subject tests/fasta/outfmt0/e2d_n_s_plus.fa -subject_loc 7001-2147483647 -outfmt 7	NCBI exit 3 'Warning: [blastn] Subject_1 s1: Subject sequence contains no data\nBLAST engine e'; LOSAT 'Error: subject record 1 (s1) has no letters in the -subject_loc range (the range starts just past its end); NCBI BLAST+ '
blastn	same-error	edge -subject_loc 7002-7003	-query tests/fasta/outfmt0/e2d_n_q.fa -subject tests/fasta/outfmt0/e2d_n_s_plus.fa -subject_loc 7002-7003 -outfmt 7	BLAST query/options error: Invalid from coordinate (greater than sequence length) | Please refer to the BLAST+ user manu
blastn	same-error	edge -subject_loc 7002-2147483647	-query tests/fasta/outfmt0/e2d_n_q.fa -subject tests/fasta/outfmt0/e2d_n_s_plus.fa -subject_loc 7002-2147483647 -outfmt 7	BLAST query/options error: Invalid from coordinate (greater than sequence length) | Please refer to the BLAST+ user manu
blastn	same-error	pair 2-1 2-1	-query tests/fasta/outfmt0/e2d_n_q.fa -subject tests/fasta/outfmt0/e2d_n_s_plus.fa -query_loc 2-1 -subject_loc 2-1 -outfmt 7	BLAST engine error: Invalid specification of subject location (start cannot be larger than stop)
blastn	same-error	pair 10-20-30 5-1	-query tests/fasta/outfmt0/e2d_n_q.fa -subject tests/fasta/outfmt0/e2d_n_s_plus.fa -query_loc 10-20-30 -subject_loc 5-1 -outfmt 7	BLAST engine error: Invalid specification of subject location (start cannot be larger than stop)
blastn	same-error	pair 1-50 2-1	-query tests/fasta/outfmt0/e2d_n_q.fa -subject tests/fasta/outfmt0/e2d_n_s_plus.fa -query_loc 1-50 -subject_loc 2-1 -outfmt 7	BLAST engine error: Invalid specification of subject location (start cannot be larger than stop)
blastn	same-error	pair 2-1 1-50	-query tests/fasta/outfmt0/e2d_n_q.fa -subject tests/fasta/outfmt0/e2d_n_s_plus.fa -query_loc 2-1 -subject_loc 1-50 -outfmt 7	BLAST engine error: Invalid specification of query location (start cannot be larger than stop)
blastn	same	pair 100-600 50-500	-query tests/fasta/outfmt0/e2d_n_q.fa -subject tests/fasta/outfmt0/e2d_n_s_plus.fa -query_loc 100-600 -subject_loc 50-500 -outfmt 7	
blastn	same	pair 1-100000 1-100000	-query tests/fasta/outfmt0/e2d_n_q.fa -subject tests/fasta/outfmt0/e2d_n_s_plus.fa -query_loc 1-100000 -subject_loc 1-100000 -outfmt 7	
blastp	same	spelling -query_loc '10-20'	-query tests/fasta/outfmt0/e2d_p_q.faa -subject tests/fasta/outfmt0/e2d_p_sp75m.faa -query_loc 10-20 -outfmt 0	
blastp	same	spelling -query_loc '1-2'	-query tests/fasta/outfmt0/e2d_p_q.faa -subject tests/fasta/outfmt0/e2d_p_sp75m.faa -query_loc 1-2 -outfmt 0	
blastp	same	spelling -query_loc '+1-5'	-query tests/fasta/outfmt0/e2d_p_q.faa -subject tests/fasta/outfmt0/e2d_p_sp75m.faa -query_loc +1-5 -outfmt 0	
blastp	same	spelling -query_loc '01-05'	-query tests/fasta/outfmt0/e2d_p_q.faa -subject tests/fasta/outfmt0/e2d_p_sp75m.faa -query_loc 01-05 -outfmt 0	
blastp	same	spelling -query_loc '1-+5'	-query tests/fasta/outfmt0/e2d_p_q.faa -subject tests/fasta/outfmt0/e2d_p_sp75m.faa -query_loc 1-+5 -outfmt 0	
blastp	same	spelling -query_loc '1-2147483647'	-query tests/fasta/outfmt0/e2d_p_q.faa -subject tests/fasta/outfmt0/e2d_p_sp75m.faa -query_loc 1-2147483647 -outfmt 0	
blastp	same-error	spelling -query_loc '1-1'	-query tests/fasta/outfmt0/e2d_p_q.faa -subject tests/fasta/outfmt0/e2d_p_sp75m.faa -query_loc 1-1 -outfmt 0	BLAST engine error: Invalid specification of query location (range cannot be empty)
blastp	same-error	spelling -query_loc '5-5'	-query tests/fasta/outfmt0/e2d_p_q.faa -subject tests/fasta/outfmt0/e2d_p_sp75m.faa -query_loc 5-5 -outfmt 0	BLAST engine error: Invalid specification of query location (range cannot be empty)
blastp	same-error	spelling -query_loc '20-10'	-query tests/fasta/outfmt0/e2d_p_q.faa -subject tests/fasta/outfmt0/e2d_p_sp75m.faa -query_loc 20-10 -outfmt 0	BLAST engine error: Invalid specification of query location (start cannot be larger than stop)
blastp	same-error	spelling -query_loc '2-1'	-query tests/fasta/outfmt0/e2d_p_q.faa -subject tests/fasta/outfmt0/e2d_p_sp75m.faa -query_loc 2-1 -outfmt 0	BLAST engine error: Invalid specification of query location (start cannot be larger than stop)
blastp	same-error	spelling -query_loc '0-10'	-query tests/fasta/outfmt0/e2d_p_q.faa -subject tests/fasta/outfmt0/e2d_p_sp75m.faa -query_loc 0-10 -outfmt 0	BLAST engine error: Invalid specification of query location (range elements cannot be less than or equal to 0)
blastp	same-error	spelling -query_loc '10-0'	-query tests/fasta/outfmt0/e2d_p_q.faa -subject tests/fasta/outfmt0/e2d_p_sp75m.faa -query_loc 10-0 -outfmt 0	BLAST engine error: Invalid specification of query location (range elements cannot be less than or equal to 0)
blastp	same-error	spelling -query_loc '-10'	-query tests/fasta/outfmt0/e2d_p_q.faa -subject tests/fasta/outfmt0/e2d_p_sp75m.faa -query_loc -10 -outfmt 0	BLAST engine error: Invalid specification of query location (Format: start-stop)
blastp	same-error	spelling -query_loc '10-'	-query tests/fasta/outfmt0/e2d_p_q.faa -subject tests/fasta/outfmt0/e2d_p_sp75m.faa -query_loc 10- -outfmt 0	BLAST engine error: Invalid specification of query location (Format: start-stop)
blastp	same-error	spelling -query_loc '10'	-query tests/fasta/outfmt0/e2d_p_q.faa -subject tests/fasta/outfmt0/e2d_p_sp75m.faa -query_loc 10 -outfmt 0	BLAST engine error: Invalid specification of query location (Format: start-stop)
blastp	same-error	spelling -query_loc '1--5'	-query tests/fasta/outfmt0/e2d_p_q.faa -subject tests/fasta/outfmt0/e2d_p_sp75m.faa -query_loc 1--5 -outfmt 0	BLAST engine error: Invalid specification of query location (Format: start-stop)
blastp	same-error	spelling -query_loc '1-2-3'	-query tests/fasta/outfmt0/e2d_p_q.faa -subject tests/fasta/outfmt0/e2d_p_sp75m.faa -query_loc 1-2-3 -outfmt 0	BLAST engine error: Invalid specification of query location (Format: start-stop)
blastp	same-error	spelling -query_loc ''	-query tests/fasta/outfmt0/e2d_p_q.faa -subject tests/fasta/outfmt0/e2d_p_sp75m.faa -query_loc '' -outfmt 0	BLAST engine error: Invalid specification of query location (Format: start-stop)
blastp	same-error	spelling -query_loc '-'	-query tests/fasta/outfmt0/e2d_p_q.faa -subject tests/fasta/outfmt0/e2d_p_sp75m.faa -query_loc - -outfmt 0	BLAST engine error: Invalid specification of query location (Format: start-stop)
blastp	same-error	spelling -query_loc '--'	-query tests/fasta/outfmt0/e2d_p_q.faa -subject tests/fasta/outfmt0/e2d_p_sp75m.faa -query_loc -- -outfmt 0	BLAST engine error: Invalid specification of query location (Format: start-stop)
blastp	same-error	spelling -query_loc '-5-10'	-query tests/fasta/outfmt0/e2d_p_q.faa -subject tests/fasta/outfmt0/e2d_p_sp75m.faa -query_loc -5-10 -outfmt 0	BLAST engine error: Invalid specification of query location (Format: start-stop)
blastp	losat-rejects	spelling -query_loc ' 1-5'	-query tests/fasta/outfmt0/e2d_p_q.faa -subject tests/fasta/outfmt0/e2d_p_sp75m.faa -query_loc ' 1-5' -outfmt 0	NCBI exit 255 'Error: NCBI C++ Exception:\n    T0 "/opt/conda/conda-bld/blast_1754905306566/work'; LOSAT 'Error: the -query_loc value " 1-5" has a part " 1" that NCBI BLAST+ cannot convert to an int (it stops with a CStringExc'
blastp	losat-rejects	spelling -query_loc '1- 5'	-query tests/fasta/outfmt0/e2d_p_q.faa -subject tests/fasta/outfmt0/e2d_p_sp75m.faa -query_loc '1- 5' -outfmt 0	NCBI exit 255 'Error: NCBI C++ Exception:\n    T0 "/opt/conda/conda-bld/blast_1754905306566/work'; LOSAT 'Error: the -query_loc value "1- 5" has a part " 5" that NCBI BLAST+ cannot convert to an int (it stops with a CStringExc'
blastp	losat-rejects	spelling -query_loc '1-5 '	-query tests/fasta/outfmt0/e2d_p_q.faa -subject tests/fasta/outfmt0/e2d_p_sp75m.faa -query_loc '1-5 ' -outfmt 0	NCBI exit 255 'Error: NCBI C++ Exception:\n    T0 "/opt/conda/conda-bld/blast_1754905306566/work'; LOSAT 'Error: the -query_loc value "1-5 " has a part "5 " that NCBI BLAST+ cannot convert to an int (it stops with a CStringExc'
blastp	losat-rejects	spelling -query_loc 'a-5'	-query tests/fasta/outfmt0/e2d_p_q.faa -subject tests/fasta/outfmt0/e2d_p_sp75m.faa -query_loc a-5 -outfmt 0	NCBI exit 255 'Error: NCBI C++ Exception:\n    T0 "/opt/conda/conda-bld/blast_1754905306566/work'; LOSAT 'Error: the -query_loc value "a-5" has a part "a" that NCBI BLAST+ cannot convert to an int (it stops with a CStringExcep'
blastp	losat-rejects	spelling -query_loc '1-5a'	-query tests/fasta/outfmt0/e2d_p_q.faa -subject tests/fasta/outfmt0/e2d_p_sp75m.faa -query_loc 1-5a -outfmt 0	NCBI exit 255 'Error: NCBI C++ Exception:\n    T0 "/opt/conda/conda-bld/blast_1754905306566/work'; LOSAT 'Error: the -query_loc value "1-5a" has a part "5a" that NCBI BLAST+ cannot convert to an int (it stops with a CStringExc'
blastp	losat-rejects	spelling -query_loc '1.0-5'	-query tests/fasta/outfmt0/e2d_p_q.faa -subject tests/fasta/outfmt0/e2d_p_sp75m.faa -query_loc 1.0-5 -outfmt 0	NCBI exit 255 'Error: NCBI C++ Exception:\n    T0 "/opt/conda/conda-bld/blast_1754905306566/work'; LOSAT 'Error: the -query_loc value "1.0-5" has a part "1.0" that NCBI BLAST+ cannot convert to an int (it stops with a CStringE'
blastp	losat-rejects	spelling -query_loc '0x10-0x20'	-query tests/fasta/outfmt0/e2d_p_q.faa -subject tests/fasta/outfmt0/e2d_p_sp75m.faa -query_loc 0x10-0x20 -outfmt 0	NCBI exit 255 'Error: NCBI C++ Exception:\n    T0 "/opt/conda/conda-bld/blast_1754905306566/work'; LOSAT 'Error: the -query_loc value "0x10-0x20" has a part "0x10" that NCBI BLAST+ cannot convert to an int (it stops with a CSt'
blastp	losat-rejects	spelling -query_loc '1,0-50'	-query tests/fasta/outfmt0/e2d_p_q.faa -subject tests/fasta/outfmt0/e2d_p_sp75m.faa -query_loc 1,0-50 -outfmt 0	NCBI exit 255 'Error: NCBI C++ Exception:\n    T0 "/opt/conda/conda-bld/blast_1754905306566/work'; LOSAT 'Error: the -query_loc value "1,0-50" has a part "1,0" that NCBI BLAST+ cannot convert to an int (it stops with a CString'
blastp	losat-rejects	spelling -query_loc '0-a'	-query tests/fasta/outfmt0/e2d_p_q.faa -subject tests/fasta/outfmt0/e2d_p_sp75m.faa -query_loc 0-a -outfmt 0	NCBI exit 255 'Error: NCBI C++ Exception:\n    T0 "/opt/conda/conda-bld/blast_1754905306566/work'; LOSAT 'Error: the -query_loc value "0-a" has a part "a" that NCBI BLAST+ cannot convert to an int (it stops with a CStringExcep'
blastp	losat-rejects	spelling -query_loc '1-2147483648'	-query tests/fasta/outfmt0/e2d_p_q.faa -subject tests/fasta/outfmt0/e2d_p_sp75m.faa -query_loc 1-2147483648 -outfmt 0	NCBI exit 255 'Error: NCBI C++ Exception:\n    T0 "/opt/conda/conda-bld/blast_1754905306566/work'; LOSAT 'Error: the -query_loc value "1-2147483648" has a part "2147483648" that NCBI BLAST+ cannot convert to an int (it stops w'
blastp	losat-rejects	spelling -query_loc '2147483648-1'	-query tests/fasta/outfmt0/e2d_p_q.faa -subject tests/fasta/outfmt0/e2d_p_sp75m.faa -query_loc 2147483648-1 -outfmt 0	NCBI exit 255 'Error: NCBI C++ Exception:\n    T0 "/opt/conda/conda-bld/blast_1754905306566/work'; LOSAT 'Error: the -query_loc value "2147483648-1" has a part "2147483648" that NCBI BLAST+ cannot convert to an int (it stops w'
blastp	losat-rejects	spelling -query_loc '1-9999999999999999999'	-query tests/fasta/outfmt0/e2d_p_q.faa -subject tests/fasta/outfmt0/e2d_p_sp75m.faa -query_loc 1-9999999999999999999 -outfmt 0	NCBI exit 255 'Error: NCBI C++ Exception:\n    T0 "/opt/conda/conda-bld/blast_1754905306566/work'; LOSAT 'Error: the -query_loc value "1-9999999999999999999" has a part "9999999999999999999" that NCBI BLAST+ cannot convert to '
blastp	same	spelling -subject_loc '10-20'	-query tests/fasta/outfmt0/e2d_p_q.faa -subject tests/fasta/outfmt0/e2d_p_sp75m.faa -subject_loc 10-20 -outfmt 0	
blastp	same	spelling -subject_loc '1-2'	-query tests/fasta/outfmt0/e2d_p_q.faa -subject tests/fasta/outfmt0/e2d_p_sp75m.faa -subject_loc 1-2 -outfmt 0	
blastp	same	spelling -subject_loc '+1-5'	-query tests/fasta/outfmt0/e2d_p_q.faa -subject tests/fasta/outfmt0/e2d_p_sp75m.faa -subject_loc +1-5 -outfmt 0	
blastp	same	spelling -subject_loc '01-05'	-query tests/fasta/outfmt0/e2d_p_q.faa -subject tests/fasta/outfmt0/e2d_p_sp75m.faa -subject_loc 01-05 -outfmt 0	
blastp	same	spelling -subject_loc '1-+5'	-query tests/fasta/outfmt0/e2d_p_q.faa -subject tests/fasta/outfmt0/e2d_p_sp75m.faa -subject_loc 1-+5 -outfmt 0	
blastp	same	spelling -subject_loc '1-2147483647'	-query tests/fasta/outfmt0/e2d_p_q.faa -subject tests/fasta/outfmt0/e2d_p_sp75m.faa -subject_loc 1-2147483647 -outfmt 0	
blastp	same-error	spelling -subject_loc '1-1'	-query tests/fasta/outfmt0/e2d_p_q.faa -subject tests/fasta/outfmt0/e2d_p_sp75m.faa -subject_loc 1-1 -outfmt 0	BLAST engine error: Invalid specification of subject location (range cannot be empty)
blastp	same-error	spelling -subject_loc '5-5'	-query tests/fasta/outfmt0/e2d_p_q.faa -subject tests/fasta/outfmt0/e2d_p_sp75m.faa -subject_loc 5-5 -outfmt 0	BLAST engine error: Invalid specification of subject location (range cannot be empty)
blastp	same-error	spelling -subject_loc '20-10'	-query tests/fasta/outfmt0/e2d_p_q.faa -subject tests/fasta/outfmt0/e2d_p_sp75m.faa -subject_loc 20-10 -outfmt 0	BLAST engine error: Invalid specification of subject location (start cannot be larger than stop)
blastp	same-error	spelling -subject_loc '2-1'	-query tests/fasta/outfmt0/e2d_p_q.faa -subject tests/fasta/outfmt0/e2d_p_sp75m.faa -subject_loc 2-1 -outfmt 0	BLAST engine error: Invalid specification of subject location (start cannot be larger than stop)
blastp	same-error	spelling -subject_loc '0-10'	-query tests/fasta/outfmt0/e2d_p_q.faa -subject tests/fasta/outfmt0/e2d_p_sp75m.faa -subject_loc 0-10 -outfmt 0	BLAST engine error: Invalid specification of subject location (range elements cannot be less than or equal to 0)
blastp	same-error	spelling -subject_loc '10-0'	-query tests/fasta/outfmt0/e2d_p_q.faa -subject tests/fasta/outfmt0/e2d_p_sp75m.faa -subject_loc 10-0 -outfmt 0	BLAST engine error: Invalid specification of subject location (range elements cannot be less than or equal to 0)
blastp	same-error	spelling -subject_loc '-10'	-query tests/fasta/outfmt0/e2d_p_q.faa -subject tests/fasta/outfmt0/e2d_p_sp75m.faa -subject_loc -10 -outfmt 0	BLAST engine error: Invalid specification of subject location (Format: start-stop)
blastp	same-error	spelling -subject_loc '10-'	-query tests/fasta/outfmt0/e2d_p_q.faa -subject tests/fasta/outfmt0/e2d_p_sp75m.faa -subject_loc 10- -outfmt 0	BLAST engine error: Invalid specification of subject location (Format: start-stop)
blastp	same-error	spelling -subject_loc '10'	-query tests/fasta/outfmt0/e2d_p_q.faa -subject tests/fasta/outfmt0/e2d_p_sp75m.faa -subject_loc 10 -outfmt 0	BLAST engine error: Invalid specification of subject location (Format: start-stop)
blastp	same-error	spelling -subject_loc '1--5'	-query tests/fasta/outfmt0/e2d_p_q.faa -subject tests/fasta/outfmt0/e2d_p_sp75m.faa -subject_loc 1--5 -outfmt 0	BLAST engine error: Invalid specification of subject location (Format: start-stop)
blastp	same-error	spelling -subject_loc '1-2-3'	-query tests/fasta/outfmt0/e2d_p_q.faa -subject tests/fasta/outfmt0/e2d_p_sp75m.faa -subject_loc 1-2-3 -outfmt 0	BLAST engine error: Invalid specification of subject location (Format: start-stop)
blastp	same-error	spelling -subject_loc ''	-query tests/fasta/outfmt0/e2d_p_q.faa -subject tests/fasta/outfmt0/e2d_p_sp75m.faa -subject_loc '' -outfmt 0	BLAST engine error: Invalid specification of subject location (Format: start-stop)
blastp	same-error	spelling -subject_loc '-'	-query tests/fasta/outfmt0/e2d_p_q.faa -subject tests/fasta/outfmt0/e2d_p_sp75m.faa -subject_loc - -outfmt 0	BLAST engine error: Invalid specification of subject location (Format: start-stop)
blastp	same-error	spelling -subject_loc '--'	-query tests/fasta/outfmt0/e2d_p_q.faa -subject tests/fasta/outfmt0/e2d_p_sp75m.faa -subject_loc -- -outfmt 0	BLAST engine error: Invalid specification of subject location (Format: start-stop)
blastp	same-error	spelling -subject_loc '-5-10'	-query tests/fasta/outfmt0/e2d_p_q.faa -subject tests/fasta/outfmt0/e2d_p_sp75m.faa -subject_loc -5-10 -outfmt 0	BLAST engine error: Invalid specification of subject location (Format: start-stop)
blastp	losat-rejects	spelling -subject_loc ' 1-5'	-query tests/fasta/outfmt0/e2d_p_q.faa -subject tests/fasta/outfmt0/e2d_p_sp75m.faa -subject_loc ' 1-5' -outfmt 0	NCBI exit 255 'Error: NCBI C++ Exception:\n    T0 "/opt/conda/conda-bld/blast_1754905306566/work'; LOSAT 'Error: the -subject_loc value " 1-5" has a part " 1" that NCBI BLAST+ cannot convert to an int (it stops with a CStringE'
blastp	losat-rejects	spelling -subject_loc '1- 5'	-query tests/fasta/outfmt0/e2d_p_q.faa -subject tests/fasta/outfmt0/e2d_p_sp75m.faa -subject_loc '1- 5' -outfmt 0	NCBI exit 255 'Error: NCBI C++ Exception:\n    T0 "/opt/conda/conda-bld/blast_1754905306566/work'; LOSAT 'Error: the -subject_loc value "1- 5" has a part " 5" that NCBI BLAST+ cannot convert to an int (it stops with a CStringE'
blastp	losat-rejects	spelling -subject_loc '1-5 '	-query tests/fasta/outfmt0/e2d_p_q.faa -subject tests/fasta/outfmt0/e2d_p_sp75m.faa -subject_loc '1-5 ' -outfmt 0	NCBI exit 255 'Error: NCBI C++ Exception:\n    T0 "/opt/conda/conda-bld/blast_1754905306566/work'; LOSAT 'Error: the -subject_loc value "1-5 " has a part "5 " that NCBI BLAST+ cannot convert to an int (it stops with a CStringE'
blastp	losat-rejects	spelling -subject_loc 'a-5'	-query tests/fasta/outfmt0/e2d_p_q.faa -subject tests/fasta/outfmt0/e2d_p_sp75m.faa -subject_loc a-5 -outfmt 0	NCBI exit 255 'Error: NCBI C++ Exception:\n    T0 "/opt/conda/conda-bld/blast_1754905306566/work'; LOSAT 'Error: the -subject_loc value "a-5" has a part "a" that NCBI BLAST+ cannot convert to an int (it stops with a CStringExc'
blastp	losat-rejects	spelling -subject_loc '1-5a'	-query tests/fasta/outfmt0/e2d_p_q.faa -subject tests/fasta/outfmt0/e2d_p_sp75m.faa -subject_loc 1-5a -outfmt 0	NCBI exit 255 'Error: NCBI C++ Exception:\n    T0 "/opt/conda/conda-bld/blast_1754905306566/work'; LOSAT 'Error: the -subject_loc value "1-5a" has a part "5a" that NCBI BLAST+ cannot convert to an int (it stops with a CStringE'
blastp	losat-rejects	spelling -subject_loc '1.0-5'	-query tests/fasta/outfmt0/e2d_p_q.faa -subject tests/fasta/outfmt0/e2d_p_sp75m.faa -subject_loc 1.0-5 -outfmt 0	NCBI exit 255 'Error: NCBI C++ Exception:\n    T0 "/opt/conda/conda-bld/blast_1754905306566/work'; LOSAT 'Error: the -subject_loc value "1.0-5" has a part "1.0" that NCBI BLAST+ cannot convert to an int (it stops with a CStrin'
blastp	losat-rejects	spelling -subject_loc '0x10-0x20'	-query tests/fasta/outfmt0/e2d_p_q.faa -subject tests/fasta/outfmt0/e2d_p_sp75m.faa -subject_loc 0x10-0x20 -outfmt 0	NCBI exit 255 'Error: NCBI C++ Exception:\n    T0 "/opt/conda/conda-bld/blast_1754905306566/work'; LOSAT 'Error: the -subject_loc value "0x10-0x20" has a part "0x10" that NCBI BLAST+ cannot convert to an int (it stops with a C'
blastp	losat-rejects	spelling -subject_loc '1,0-50'	-query tests/fasta/outfmt0/e2d_p_q.faa -subject tests/fasta/outfmt0/e2d_p_sp75m.faa -subject_loc 1,0-50 -outfmt 0	NCBI exit 255 'Error: NCBI C++ Exception:\n    T0 "/opt/conda/conda-bld/blast_1754905306566/work'; LOSAT 'Error: the -subject_loc value "1,0-50" has a part "1,0" that NCBI BLAST+ cannot convert to an int (it stops with a CStri'
blastp	losat-rejects	spelling -subject_loc '0-a'	-query tests/fasta/outfmt0/e2d_p_q.faa -subject tests/fasta/outfmt0/e2d_p_sp75m.faa -subject_loc 0-a -outfmt 0	NCBI exit 255 'Error: NCBI C++ Exception:\n    T0 "/opt/conda/conda-bld/blast_1754905306566/work'; LOSAT 'Error: the -subject_loc value "0-a" has a part "a" that NCBI BLAST+ cannot convert to an int (it stops with a CStringExc'
blastp	losat-rejects	spelling -subject_loc '1-2147483648'	-query tests/fasta/outfmt0/e2d_p_q.faa -subject tests/fasta/outfmt0/e2d_p_sp75m.faa -subject_loc 1-2147483648 -outfmt 0	NCBI exit 255 'Error: NCBI C++ Exception:\n    T0 "/opt/conda/conda-bld/blast_1754905306566/work'; LOSAT 'Error: the -subject_loc value "1-2147483648" has a part "2147483648" that NCBI BLAST+ cannot convert to an int (it stops'
blastp	losat-rejects	spelling -subject_loc '2147483648-1'	-query tests/fasta/outfmt0/e2d_p_q.faa -subject tests/fasta/outfmt0/e2d_p_sp75m.faa -subject_loc 2147483648-1 -outfmt 0	NCBI exit 255 'Error: NCBI C++ Exception:\n    T0 "/opt/conda/conda-bld/blast_1754905306566/work'; LOSAT 'Error: the -subject_loc value "2147483648-1" has a part "2147483648" that NCBI BLAST+ cannot convert to an int (it stops'
blastp	losat-rejects	spelling -subject_loc '1-9999999999999999999'	-query tests/fasta/outfmt0/e2d_p_q.faa -subject tests/fasta/outfmt0/e2d_p_sp75m.faa -subject_loc 1-9999999999999999999 -outfmt 0	NCBI exit 255 'Error: NCBI C++ Exception:\n    T0 "/opt/conda/conda-bld/blast_1754905306566/work'; LOSAT 'Error: the -subject_loc value "1-9999999999999999999" has a part "9999999999999999999" that NCBI BLAST+ cannot convert t'
blastp	same	edge -query_loc 1-2	-query tests/fasta/outfmt0/e2d_p_q.faa -subject tests/fasta/outfmt0/e2d_p_sp75m.faa -query_loc 1-2 -outfmt 0	
blastp	same	edge -query_loc 1-673	-query tests/fasta/outfmt0/e2d_p_q.faa -subject tests/fasta/outfmt0/e2d_p_sp75m.faa -query_loc 1-673 -outfmt 0	
blastp	same	edge -query_loc 1-674	-query tests/fasta/outfmt0/e2d_p_q.faa -subject tests/fasta/outfmt0/e2d_p_sp75m.faa -query_loc 1-674 -outfmt 0	
blastp	same	edge -query_loc 1-675	-query tests/fasta/outfmt0/e2d_p_q.faa -subject tests/fasta/outfmt0/e2d_p_sp75m.faa -query_loc 1-675 -outfmt 0	
blastp	same	edge -query_loc 1-2147483647	-query tests/fasta/outfmt0/e2d_p_q.faa -subject tests/fasta/outfmt0/e2d_p_sp75m.faa -query_loc 1-2147483647 -outfmt 0	
blastp	same	edge -query_loc 673-674	-query tests/fasta/outfmt0/e2d_p_q.faa -subject tests/fasta/outfmt0/e2d_p_sp75m.faa -query_loc 673-674 -outfmt 0	
blastp	same	edge -query_loc 673-675	-query tests/fasta/outfmt0/e2d_p_q.faa -subject tests/fasta/outfmt0/e2d_p_sp75m.faa -query_loc 673-675 -outfmt 0	
blastp	same	edge -query_loc 673-2147483647	-query tests/fasta/outfmt0/e2d_p_q.faa -subject tests/fasta/outfmt0/e2d_p_sp75m.faa -query_loc 673-2147483647 -outfmt 0	
blastp	same	edge -query_loc 674-675	-query tests/fasta/outfmt0/e2d_p_q.faa -subject tests/fasta/outfmt0/e2d_p_sp75m.faa -query_loc 674-675 -outfmt 0	
blastp	same	edge -query_loc 674-2147483647	-query tests/fasta/outfmt0/e2d_p_q.faa -subject tests/fasta/outfmt0/e2d_p_sp75m.faa -query_loc 674-2147483647 -outfmt 0	
blastp	losat-rejects	edge -query_loc 675-676	-query tests/fasta/outfmt0/e2d_p_q.faa -subject tests/fasta/outfmt0/e2d_p_sp75m.faa -query_loc 675-676 -outfmt 0	NCBI exit 3 'BLAST engine error: Warning: Sequence contains no data'; LOSAT 'Error: query record 1 (BDT63357.1) has no letters in the -query_loc range (the range starts just past its end); NCBI BLA'
blastp	losat-rejects	edge -query_loc 675-2147483647	-query tests/fasta/outfmt0/e2d_p_q.faa -subject tests/fasta/outfmt0/e2d_p_sp75m.faa -query_loc 675-2147483647 -outfmt 0	NCBI exit 3 'BLAST engine error: Warning: Sequence contains no data'; LOSAT 'Error: query record 1 (BDT63357.1) has no letters in the -query_loc range (the range starts just past its end); NCBI BLA'
blastp	same-error	edge -query_loc 676-677	-query tests/fasta/outfmt0/e2d_p_q.faa -subject tests/fasta/outfmt0/e2d_p_sp75m.faa -query_loc 676-677 -outfmt 0	BLAST engine error: Empty CBlastQueryVector
blastp	same-error	edge -query_loc 676-2147483647	-query tests/fasta/outfmt0/e2d_p_q.faa -subject tests/fasta/outfmt0/e2d_p_sp75m.faa -query_loc 676-2147483647 -outfmt 0	BLAST engine error: Empty CBlastQueryVector
blastp	same	edge -subject_loc 1-2	-query tests/fasta/outfmt0/e2d_p_q.faa -subject tests/fasta/outfmt0/e2d_p_sp75m.faa -subject_loc 1-2 -outfmt 0	
blastp	same	edge -subject_loc 1-870	-query tests/fasta/outfmt0/e2d_p_q.faa -subject tests/fasta/outfmt0/e2d_p_sp75m.faa -subject_loc 1-870 -outfmt 0	
blastp	same	edge -subject_loc 1-871	-query tests/fasta/outfmt0/e2d_p_q.faa -subject tests/fasta/outfmt0/e2d_p_sp75m.faa -subject_loc 1-871 -outfmt 0	
blastp	same	edge -subject_loc 1-872	-query tests/fasta/outfmt0/e2d_p_q.faa -subject tests/fasta/outfmt0/e2d_p_sp75m.faa -subject_loc 1-872 -outfmt 0	
blastp	same	edge -subject_loc 1-2147483647	-query tests/fasta/outfmt0/e2d_p_q.faa -subject tests/fasta/outfmt0/e2d_p_sp75m.faa -subject_loc 1-2147483647 -outfmt 0	
blastp	same	edge -subject_loc 870-871	-query tests/fasta/outfmt0/e2d_p_q.faa -subject tests/fasta/outfmt0/e2d_p_sp75m.faa -subject_loc 870-871 -outfmt 0	
blastp	same	edge -subject_loc 870-872	-query tests/fasta/outfmt0/e2d_p_q.faa -subject tests/fasta/outfmt0/e2d_p_sp75m.faa -subject_loc 870-872 -outfmt 0	
blastp	same	edge -subject_loc 870-2147483647	-query tests/fasta/outfmt0/e2d_p_q.faa -subject tests/fasta/outfmt0/e2d_p_sp75m.faa -subject_loc 870-2147483647 -outfmt 0	
blastp	same	edge -subject_loc 871-872	-query tests/fasta/outfmt0/e2d_p_q.faa -subject tests/fasta/outfmt0/e2d_p_sp75m.faa -subject_loc 871-872 -outfmt 0	
blastp	same	edge -subject_loc 871-2147483647	-query tests/fasta/outfmt0/e2d_p_q.faa -subject tests/fasta/outfmt0/e2d_p_sp75m.faa -subject_loc 871-2147483647 -outfmt 0	
blastp	same	edge -subject_loc 872-873	-query tests/fasta/outfmt0/e2d_p_q.faa -subject tests/fasta/outfmt0/e2d_p_sp75m.faa -subject_loc 872-873 -outfmt 0	Warning: [blastp] Subject_1 S75m: Subject sequence contains no data
blastp	same	edge -subject_loc 872-2147483647	-query tests/fasta/outfmt0/e2d_p_q.faa -subject tests/fasta/outfmt0/e2d_p_sp75m.faa -subject_loc 872-2147483647 -outfmt 0	Warning: [blastp] Subject_1 S75m: Subject sequence contains no data
blastp	same-error	edge -subject_loc 873-874	-query tests/fasta/outfmt0/e2d_p_q.faa -subject tests/fasta/outfmt0/e2d_p_sp75m.faa -subject_loc 873-874 -outfmt 0	BLAST query/options error: Invalid from coordinate (greater than sequence length) | Please refer to the BLAST+ user manu
blastp	same-error	edge -subject_loc 873-2147483647	-query tests/fasta/outfmt0/e2d_p_q.faa -subject tests/fasta/outfmt0/e2d_p_sp75m.faa -subject_loc 873-2147483647 -outfmt 0	BLAST query/options error: Invalid from coordinate (greater than sequence length) | Please refer to the BLAST+ user manu
blastp	same-error	pair 2-1 2-1	-query tests/fasta/outfmt0/e2d_p_q.faa -subject tests/fasta/outfmt0/e2d_p_sp75m.faa -query_loc 2-1 -subject_loc 2-1 -outfmt 0	BLAST engine error: Invalid specification of subject location (start cannot be larger than stop)
blastp	same-error	pair 10-20-30 5-1	-query tests/fasta/outfmt0/e2d_p_q.faa -subject tests/fasta/outfmt0/e2d_p_sp75m.faa -query_loc 10-20-30 -subject_loc 5-1 -outfmt 0	BLAST engine error: Invalid specification of subject location (start cannot be larger than stop)
blastp	same-error	pair 1-50 2-1	-query tests/fasta/outfmt0/e2d_p_q.faa -subject tests/fasta/outfmt0/e2d_p_sp75m.faa -query_loc 1-50 -subject_loc 2-1 -outfmt 0	BLAST engine error: Invalid specification of subject location (start cannot be larger than stop)
blastp	same-error	pair 2-1 1-50	-query tests/fasta/outfmt0/e2d_p_q.faa -subject tests/fasta/outfmt0/e2d_p_sp75m.faa -query_loc 2-1 -subject_loc 1-50 -outfmt 0	BLAST engine error: Invalid specification of query location (start cannot be larger than stop)
blastp	same	pair 100-600 50-500	-query tests/fasta/outfmt0/e2d_p_q.faa -subject tests/fasta/outfmt0/e2d_p_sp75m.faa -query_loc 100-600 -subject_loc 50-500 -outfmt 0	
blastp	same	pair 1-100000 1-100000	-query tests/fasta/outfmt0/e2d_p_q.faa -subject tests/fasta/outfmt0/e2d_p_sp75m.faa -query_loc 1-100000 -subject_loc 1-100000 -outfmt 0	
blastp	same	spelling -query_loc '10-20'	-query tests/fasta/outfmt0/e2d_p_q.faa -subject tests/fasta/outfmt0/e2d_p_sp75m.faa -query_loc 10-20 -outfmt 6	
blastp	same	spelling -query_loc '1-2'	-query tests/fasta/outfmt0/e2d_p_q.faa -subject tests/fasta/outfmt0/e2d_p_sp75m.faa -query_loc 1-2 -outfmt 6	
blastp	same	spelling -query_loc '+1-5'	-query tests/fasta/outfmt0/e2d_p_q.faa -subject tests/fasta/outfmt0/e2d_p_sp75m.faa -query_loc +1-5 -outfmt 6	
blastp	same	spelling -query_loc '01-05'	-query tests/fasta/outfmt0/e2d_p_q.faa -subject tests/fasta/outfmt0/e2d_p_sp75m.faa -query_loc 01-05 -outfmt 6	
blastp	same	spelling -query_loc '1-+5'	-query tests/fasta/outfmt0/e2d_p_q.faa -subject tests/fasta/outfmt0/e2d_p_sp75m.faa -query_loc 1-+5 -outfmt 6	
blastp	same	spelling -query_loc '1-2147483647'	-query tests/fasta/outfmt0/e2d_p_q.faa -subject tests/fasta/outfmt0/e2d_p_sp75m.faa -query_loc 1-2147483647 -outfmt 6	
blastp	same-error	spelling -query_loc '1-1'	-query tests/fasta/outfmt0/e2d_p_q.faa -subject tests/fasta/outfmt0/e2d_p_sp75m.faa -query_loc 1-1 -outfmt 6	BLAST engine error: Invalid specification of query location (range cannot be empty)
blastp	same-error	spelling -query_loc '5-5'	-query tests/fasta/outfmt0/e2d_p_q.faa -subject tests/fasta/outfmt0/e2d_p_sp75m.faa -query_loc 5-5 -outfmt 6	BLAST engine error: Invalid specification of query location (range cannot be empty)
blastp	same-error	spelling -query_loc '20-10'	-query tests/fasta/outfmt0/e2d_p_q.faa -subject tests/fasta/outfmt0/e2d_p_sp75m.faa -query_loc 20-10 -outfmt 6	BLAST engine error: Invalid specification of query location (start cannot be larger than stop)
blastp	same-error	spelling -query_loc '2-1'	-query tests/fasta/outfmt0/e2d_p_q.faa -subject tests/fasta/outfmt0/e2d_p_sp75m.faa -query_loc 2-1 -outfmt 6	BLAST engine error: Invalid specification of query location (start cannot be larger than stop)
blastp	same-error	spelling -query_loc '0-10'	-query tests/fasta/outfmt0/e2d_p_q.faa -subject tests/fasta/outfmt0/e2d_p_sp75m.faa -query_loc 0-10 -outfmt 6	BLAST engine error: Invalid specification of query location (range elements cannot be less than or equal to 0)
blastp	same-error	spelling -query_loc '10-0'	-query tests/fasta/outfmt0/e2d_p_q.faa -subject tests/fasta/outfmt0/e2d_p_sp75m.faa -query_loc 10-0 -outfmt 6	BLAST engine error: Invalid specification of query location (range elements cannot be less than or equal to 0)
blastp	same-error	spelling -query_loc '-10'	-query tests/fasta/outfmt0/e2d_p_q.faa -subject tests/fasta/outfmt0/e2d_p_sp75m.faa -query_loc -10 -outfmt 6	BLAST engine error: Invalid specification of query location (Format: start-stop)
blastp	same-error	spelling -query_loc '10-'	-query tests/fasta/outfmt0/e2d_p_q.faa -subject tests/fasta/outfmt0/e2d_p_sp75m.faa -query_loc 10- -outfmt 6	BLAST engine error: Invalid specification of query location (Format: start-stop)
blastp	same-error	spelling -query_loc '10'	-query tests/fasta/outfmt0/e2d_p_q.faa -subject tests/fasta/outfmt0/e2d_p_sp75m.faa -query_loc 10 -outfmt 6	BLAST engine error: Invalid specification of query location (Format: start-stop)
blastp	same-error	spelling -query_loc '1--5'	-query tests/fasta/outfmt0/e2d_p_q.faa -subject tests/fasta/outfmt0/e2d_p_sp75m.faa -query_loc 1--5 -outfmt 6	BLAST engine error: Invalid specification of query location (Format: start-stop)
blastp	same-error	spelling -query_loc '1-2-3'	-query tests/fasta/outfmt0/e2d_p_q.faa -subject tests/fasta/outfmt0/e2d_p_sp75m.faa -query_loc 1-2-3 -outfmt 6	BLAST engine error: Invalid specification of query location (Format: start-stop)
blastp	same-error	spelling -query_loc ''	-query tests/fasta/outfmt0/e2d_p_q.faa -subject tests/fasta/outfmt0/e2d_p_sp75m.faa -query_loc '' -outfmt 6	BLAST engine error: Invalid specification of query location (Format: start-stop)
blastp	same-error	spelling -query_loc '-'	-query tests/fasta/outfmt0/e2d_p_q.faa -subject tests/fasta/outfmt0/e2d_p_sp75m.faa -query_loc - -outfmt 6	BLAST engine error: Invalid specification of query location (Format: start-stop)
blastp	same-error	spelling -query_loc '--'	-query tests/fasta/outfmt0/e2d_p_q.faa -subject tests/fasta/outfmt0/e2d_p_sp75m.faa -query_loc -- -outfmt 6	BLAST engine error: Invalid specification of query location (Format: start-stop)
blastp	same-error	spelling -query_loc '-5-10'	-query tests/fasta/outfmt0/e2d_p_q.faa -subject tests/fasta/outfmt0/e2d_p_sp75m.faa -query_loc -5-10 -outfmt 6	BLAST engine error: Invalid specification of query location (Format: start-stop)
blastp	losat-rejects	spelling -query_loc ' 1-5'	-query tests/fasta/outfmt0/e2d_p_q.faa -subject tests/fasta/outfmt0/e2d_p_sp75m.faa -query_loc ' 1-5' -outfmt 6	NCBI exit 255 'Error: NCBI C++ Exception:\n    T0 "/opt/conda/conda-bld/blast_1754905306566/work'; LOSAT 'Error: the -query_loc value " 1-5" has a part " 1" that NCBI BLAST+ cannot convert to an int (it stops with a CStringExc'
blastp	losat-rejects	spelling -query_loc '1- 5'	-query tests/fasta/outfmt0/e2d_p_q.faa -subject tests/fasta/outfmt0/e2d_p_sp75m.faa -query_loc '1- 5' -outfmt 6	NCBI exit 255 'Error: NCBI C++ Exception:\n    T0 "/opt/conda/conda-bld/blast_1754905306566/work'; LOSAT 'Error: the -query_loc value "1- 5" has a part " 5" that NCBI BLAST+ cannot convert to an int (it stops with a CStringExc'
blastp	losat-rejects	spelling -query_loc '1-5 '	-query tests/fasta/outfmt0/e2d_p_q.faa -subject tests/fasta/outfmt0/e2d_p_sp75m.faa -query_loc '1-5 ' -outfmt 6	NCBI exit 255 'Error: NCBI C++ Exception:\n    T0 "/opt/conda/conda-bld/blast_1754905306566/work'; LOSAT 'Error: the -query_loc value "1-5 " has a part "5 " that NCBI BLAST+ cannot convert to an int (it stops with a CStringExc'
blastp	losat-rejects	spelling -query_loc 'a-5'	-query tests/fasta/outfmt0/e2d_p_q.faa -subject tests/fasta/outfmt0/e2d_p_sp75m.faa -query_loc a-5 -outfmt 6	NCBI exit 255 'Error: NCBI C++ Exception:\n    T0 "/opt/conda/conda-bld/blast_1754905306566/work'; LOSAT 'Error: the -query_loc value "a-5" has a part "a" that NCBI BLAST+ cannot convert to an int (it stops with a CStringExcep'
blastp	losat-rejects	spelling -query_loc '1-5a'	-query tests/fasta/outfmt0/e2d_p_q.faa -subject tests/fasta/outfmt0/e2d_p_sp75m.faa -query_loc 1-5a -outfmt 6	NCBI exit 255 'Error: NCBI C++ Exception:\n    T0 "/opt/conda/conda-bld/blast_1754905306566/work'; LOSAT 'Error: the -query_loc value "1-5a" has a part "5a" that NCBI BLAST+ cannot convert to an int (it stops with a CStringExc'
blastp	losat-rejects	spelling -query_loc '1.0-5'	-query tests/fasta/outfmt0/e2d_p_q.faa -subject tests/fasta/outfmt0/e2d_p_sp75m.faa -query_loc 1.0-5 -outfmt 6	NCBI exit 255 'Error: NCBI C++ Exception:\n    T0 "/opt/conda/conda-bld/blast_1754905306566/work'; LOSAT 'Error: the -query_loc value "1.0-5" has a part "1.0" that NCBI BLAST+ cannot convert to an int (it stops with a CStringE'
blastp	losat-rejects	spelling -query_loc '0x10-0x20'	-query tests/fasta/outfmt0/e2d_p_q.faa -subject tests/fasta/outfmt0/e2d_p_sp75m.faa -query_loc 0x10-0x20 -outfmt 6	NCBI exit 255 'Error: NCBI C++ Exception:\n    T0 "/opt/conda/conda-bld/blast_1754905306566/work'; LOSAT 'Error: the -query_loc value "0x10-0x20" has a part "0x10" that NCBI BLAST+ cannot convert to an int (it stops with a CSt'
blastp	losat-rejects	spelling -query_loc '1,0-50'	-query tests/fasta/outfmt0/e2d_p_q.faa -subject tests/fasta/outfmt0/e2d_p_sp75m.faa -query_loc 1,0-50 -outfmt 6	NCBI exit 255 'Error: NCBI C++ Exception:\n    T0 "/opt/conda/conda-bld/blast_1754905306566/work'; LOSAT 'Error: the -query_loc value "1,0-50" has a part "1,0" that NCBI BLAST+ cannot convert to an int (it stops with a CString'
blastp	losat-rejects	spelling -query_loc '0-a'	-query tests/fasta/outfmt0/e2d_p_q.faa -subject tests/fasta/outfmt0/e2d_p_sp75m.faa -query_loc 0-a -outfmt 6	NCBI exit 255 'Error: NCBI C++ Exception:\n    T0 "/opt/conda/conda-bld/blast_1754905306566/work'; LOSAT 'Error: the -query_loc value "0-a" has a part "a" that NCBI BLAST+ cannot convert to an int (it stops with a CStringExcep'
blastp	losat-rejects	spelling -query_loc '1-2147483648'	-query tests/fasta/outfmt0/e2d_p_q.faa -subject tests/fasta/outfmt0/e2d_p_sp75m.faa -query_loc 1-2147483648 -outfmt 6	NCBI exit 255 'Error: NCBI C++ Exception:\n    T0 "/opt/conda/conda-bld/blast_1754905306566/work'; LOSAT 'Error: the -query_loc value "1-2147483648" has a part "2147483648" that NCBI BLAST+ cannot convert to an int (it stops w'
blastp	losat-rejects	spelling -query_loc '2147483648-1'	-query tests/fasta/outfmt0/e2d_p_q.faa -subject tests/fasta/outfmt0/e2d_p_sp75m.faa -query_loc 2147483648-1 -outfmt 6	NCBI exit 255 'Error: NCBI C++ Exception:\n    T0 "/opt/conda/conda-bld/blast_1754905306566/work'; LOSAT 'Error: the -query_loc value "2147483648-1" has a part "2147483648" that NCBI BLAST+ cannot convert to an int (it stops w'
blastp	losat-rejects	spelling -query_loc '1-9999999999999999999'	-query tests/fasta/outfmt0/e2d_p_q.faa -subject tests/fasta/outfmt0/e2d_p_sp75m.faa -query_loc 1-9999999999999999999 -outfmt 6	NCBI exit 255 'Error: NCBI C++ Exception:\n    T0 "/opt/conda/conda-bld/blast_1754905306566/work'; LOSAT 'Error: the -query_loc value "1-9999999999999999999" has a part "9999999999999999999" that NCBI BLAST+ cannot convert to '
blastp	same	spelling -subject_loc '10-20'	-query tests/fasta/outfmt0/e2d_p_q.faa -subject tests/fasta/outfmt0/e2d_p_sp75m.faa -subject_loc 10-20 -outfmt 6	
blastp	same	spelling -subject_loc '1-2'	-query tests/fasta/outfmt0/e2d_p_q.faa -subject tests/fasta/outfmt0/e2d_p_sp75m.faa -subject_loc 1-2 -outfmt 6	
blastp	same	spelling -subject_loc '+1-5'	-query tests/fasta/outfmt0/e2d_p_q.faa -subject tests/fasta/outfmt0/e2d_p_sp75m.faa -subject_loc +1-5 -outfmt 6	
blastp	same	spelling -subject_loc '01-05'	-query tests/fasta/outfmt0/e2d_p_q.faa -subject tests/fasta/outfmt0/e2d_p_sp75m.faa -subject_loc 01-05 -outfmt 6	
blastp	same	spelling -subject_loc '1-+5'	-query tests/fasta/outfmt0/e2d_p_q.faa -subject tests/fasta/outfmt0/e2d_p_sp75m.faa -subject_loc 1-+5 -outfmt 6	
blastp	same	spelling -subject_loc '1-2147483647'	-query tests/fasta/outfmt0/e2d_p_q.faa -subject tests/fasta/outfmt0/e2d_p_sp75m.faa -subject_loc 1-2147483647 -outfmt 6	
blastp	same-error	spelling -subject_loc '1-1'	-query tests/fasta/outfmt0/e2d_p_q.faa -subject tests/fasta/outfmt0/e2d_p_sp75m.faa -subject_loc 1-1 -outfmt 6	BLAST engine error: Invalid specification of subject location (range cannot be empty)
blastp	same-error	spelling -subject_loc '5-5'	-query tests/fasta/outfmt0/e2d_p_q.faa -subject tests/fasta/outfmt0/e2d_p_sp75m.faa -subject_loc 5-5 -outfmt 6	BLAST engine error: Invalid specification of subject location (range cannot be empty)
blastp	same-error	spelling -subject_loc '20-10'	-query tests/fasta/outfmt0/e2d_p_q.faa -subject tests/fasta/outfmt0/e2d_p_sp75m.faa -subject_loc 20-10 -outfmt 6	BLAST engine error: Invalid specification of subject location (start cannot be larger than stop)
blastp	same-error	spelling -subject_loc '2-1'	-query tests/fasta/outfmt0/e2d_p_q.faa -subject tests/fasta/outfmt0/e2d_p_sp75m.faa -subject_loc 2-1 -outfmt 6	BLAST engine error: Invalid specification of subject location (start cannot be larger than stop)
blastp	same-error	spelling -subject_loc '0-10'	-query tests/fasta/outfmt0/e2d_p_q.faa -subject tests/fasta/outfmt0/e2d_p_sp75m.faa -subject_loc 0-10 -outfmt 6	BLAST engine error: Invalid specification of subject location (range elements cannot be less than or equal to 0)
blastp	same-error	spelling -subject_loc '10-0'	-query tests/fasta/outfmt0/e2d_p_q.faa -subject tests/fasta/outfmt0/e2d_p_sp75m.faa -subject_loc 10-0 -outfmt 6	BLAST engine error: Invalid specification of subject location (range elements cannot be less than or equal to 0)
blastp	same-error	spelling -subject_loc '-10'	-query tests/fasta/outfmt0/e2d_p_q.faa -subject tests/fasta/outfmt0/e2d_p_sp75m.faa -subject_loc -10 -outfmt 6	BLAST engine error: Invalid specification of subject location (Format: start-stop)
blastp	same-error	spelling -subject_loc '10-'	-query tests/fasta/outfmt0/e2d_p_q.faa -subject tests/fasta/outfmt0/e2d_p_sp75m.faa -subject_loc 10- -outfmt 6	BLAST engine error: Invalid specification of subject location (Format: start-stop)
blastp	same-error	spelling -subject_loc '10'	-query tests/fasta/outfmt0/e2d_p_q.faa -subject tests/fasta/outfmt0/e2d_p_sp75m.faa -subject_loc 10 -outfmt 6	BLAST engine error: Invalid specification of subject location (Format: start-stop)
blastp	same-error	spelling -subject_loc '1--5'	-query tests/fasta/outfmt0/e2d_p_q.faa -subject tests/fasta/outfmt0/e2d_p_sp75m.faa -subject_loc 1--5 -outfmt 6	BLAST engine error: Invalid specification of subject location (Format: start-stop)
blastp	same-error	spelling -subject_loc '1-2-3'	-query tests/fasta/outfmt0/e2d_p_q.faa -subject tests/fasta/outfmt0/e2d_p_sp75m.faa -subject_loc 1-2-3 -outfmt 6	BLAST engine error: Invalid specification of subject location (Format: start-stop)
blastp	same-error	spelling -subject_loc ''	-query tests/fasta/outfmt0/e2d_p_q.faa -subject tests/fasta/outfmt0/e2d_p_sp75m.faa -subject_loc '' -outfmt 6	BLAST engine error: Invalid specification of subject location (Format: start-stop)
blastp	same-error	spelling -subject_loc '-'	-query tests/fasta/outfmt0/e2d_p_q.faa -subject tests/fasta/outfmt0/e2d_p_sp75m.faa -subject_loc - -outfmt 6	BLAST engine error: Invalid specification of subject location (Format: start-stop)
blastp	same-error	spelling -subject_loc '--'	-query tests/fasta/outfmt0/e2d_p_q.faa -subject tests/fasta/outfmt0/e2d_p_sp75m.faa -subject_loc -- -outfmt 6	BLAST engine error: Invalid specification of subject location (Format: start-stop)
blastp	same-error	spelling -subject_loc '-5-10'	-query tests/fasta/outfmt0/e2d_p_q.faa -subject tests/fasta/outfmt0/e2d_p_sp75m.faa -subject_loc -5-10 -outfmt 6	BLAST engine error: Invalid specification of subject location (Format: start-stop)
blastp	losat-rejects	spelling -subject_loc ' 1-5'	-query tests/fasta/outfmt0/e2d_p_q.faa -subject tests/fasta/outfmt0/e2d_p_sp75m.faa -subject_loc ' 1-5' -outfmt 6	NCBI exit 255 'Error: NCBI C++ Exception:\n    T0 "/opt/conda/conda-bld/blast_1754905306566/work'; LOSAT 'Error: the -subject_loc value " 1-5" has a part " 1" that NCBI BLAST+ cannot convert to an int (it stops with a CStringE'
blastp	losat-rejects	spelling -subject_loc '1- 5'	-query tests/fasta/outfmt0/e2d_p_q.faa -subject tests/fasta/outfmt0/e2d_p_sp75m.faa -subject_loc '1- 5' -outfmt 6	NCBI exit 255 'Error: NCBI C++ Exception:\n    T0 "/opt/conda/conda-bld/blast_1754905306566/work'; LOSAT 'Error: the -subject_loc value "1- 5" has a part " 5" that NCBI BLAST+ cannot convert to an int (it stops with a CStringE'
blastp	losat-rejects	spelling -subject_loc '1-5 '	-query tests/fasta/outfmt0/e2d_p_q.faa -subject tests/fasta/outfmt0/e2d_p_sp75m.faa -subject_loc '1-5 ' -outfmt 6	NCBI exit 255 'Error: NCBI C++ Exception:\n    T0 "/opt/conda/conda-bld/blast_1754905306566/work'; LOSAT 'Error: the -subject_loc value "1-5 " has a part "5 " that NCBI BLAST+ cannot convert to an int (it stops with a CStringE'
blastp	losat-rejects	spelling -subject_loc 'a-5'	-query tests/fasta/outfmt0/e2d_p_q.faa -subject tests/fasta/outfmt0/e2d_p_sp75m.faa -subject_loc a-5 -outfmt 6	NCBI exit 255 'Error: NCBI C++ Exception:\n    T0 "/opt/conda/conda-bld/blast_1754905306566/work'; LOSAT 'Error: the -subject_loc value "a-5" has a part "a" that NCBI BLAST+ cannot convert to an int (it stops with a CStringExc'
blastp	losat-rejects	spelling -subject_loc '1-5a'	-query tests/fasta/outfmt0/e2d_p_q.faa -subject tests/fasta/outfmt0/e2d_p_sp75m.faa -subject_loc 1-5a -outfmt 6	NCBI exit 255 'Error: NCBI C++ Exception:\n    T0 "/opt/conda/conda-bld/blast_1754905306566/work'; LOSAT 'Error: the -subject_loc value "1-5a" has a part "5a" that NCBI BLAST+ cannot convert to an int (it stops with a CStringE'
blastp	losat-rejects	spelling -subject_loc '1.0-5'	-query tests/fasta/outfmt0/e2d_p_q.faa -subject tests/fasta/outfmt0/e2d_p_sp75m.faa -subject_loc 1.0-5 -outfmt 6	NCBI exit 255 'Error: NCBI C++ Exception:\n    T0 "/opt/conda/conda-bld/blast_1754905306566/work'; LOSAT 'Error: the -subject_loc value "1.0-5" has a part "1.0" that NCBI BLAST+ cannot convert to an int (it stops with a CStrin'
blastp	losat-rejects	spelling -subject_loc '0x10-0x20'	-query tests/fasta/outfmt0/e2d_p_q.faa -subject tests/fasta/outfmt0/e2d_p_sp75m.faa -subject_loc 0x10-0x20 -outfmt 6	NCBI exit 255 'Error: NCBI C++ Exception:\n    T0 "/opt/conda/conda-bld/blast_1754905306566/work'; LOSAT 'Error: the -subject_loc value "0x10-0x20" has a part "0x10" that NCBI BLAST+ cannot convert to an int (it stops with a C'
blastp	losat-rejects	spelling -subject_loc '1,0-50'	-query tests/fasta/outfmt0/e2d_p_q.faa -subject tests/fasta/outfmt0/e2d_p_sp75m.faa -subject_loc 1,0-50 -outfmt 6	NCBI exit 255 'Error: NCBI C++ Exception:\n    T0 "/opt/conda/conda-bld/blast_1754905306566/work'; LOSAT 'Error: the -subject_loc value "1,0-50" has a part "1,0" that NCBI BLAST+ cannot convert to an int (it stops with a CStri'
blastp	losat-rejects	spelling -subject_loc '0-a'	-query tests/fasta/outfmt0/e2d_p_q.faa -subject tests/fasta/outfmt0/e2d_p_sp75m.faa -subject_loc 0-a -outfmt 6	NCBI exit 255 'Error: NCBI C++ Exception:\n    T0 "/opt/conda/conda-bld/blast_1754905306566/work'; LOSAT 'Error: the -subject_loc value "0-a" has a part "a" that NCBI BLAST+ cannot convert to an int (it stops with a CStringExc'
blastp	losat-rejects	spelling -subject_loc '1-2147483648'	-query tests/fasta/outfmt0/e2d_p_q.faa -subject tests/fasta/outfmt0/e2d_p_sp75m.faa -subject_loc 1-2147483648 -outfmt 6	NCBI exit 255 'Error: NCBI C++ Exception:\n    T0 "/opt/conda/conda-bld/blast_1754905306566/work'; LOSAT 'Error: the -subject_loc value "1-2147483648" has a part "2147483648" that NCBI BLAST+ cannot convert to an int (it stops'
blastp	losat-rejects	spelling -subject_loc '2147483648-1'	-query tests/fasta/outfmt0/e2d_p_q.faa -subject tests/fasta/outfmt0/e2d_p_sp75m.faa -subject_loc 2147483648-1 -outfmt 6	NCBI exit 255 'Error: NCBI C++ Exception:\n    T0 "/opt/conda/conda-bld/blast_1754905306566/work'; LOSAT 'Error: the -subject_loc value "2147483648-1" has a part "2147483648" that NCBI BLAST+ cannot convert to an int (it stops'
blastp	losat-rejects	spelling -subject_loc '1-9999999999999999999'	-query tests/fasta/outfmt0/e2d_p_q.faa -subject tests/fasta/outfmt0/e2d_p_sp75m.faa -subject_loc 1-9999999999999999999 -outfmt 6	NCBI exit 255 'Error: NCBI C++ Exception:\n    T0 "/opt/conda/conda-bld/blast_1754905306566/work'; LOSAT 'Error: the -subject_loc value "1-9999999999999999999" has a part "9999999999999999999" that NCBI BLAST+ cannot convert t'
blastp	same	edge -query_loc 1-2	-query tests/fasta/outfmt0/e2d_p_q.faa -subject tests/fasta/outfmt0/e2d_p_sp75m.faa -query_loc 1-2 -outfmt 6	
blastp	same	edge -query_loc 1-673	-query tests/fasta/outfmt0/e2d_p_q.faa -subject tests/fasta/outfmt0/e2d_p_sp75m.faa -query_loc 1-673 -outfmt 6	
blastp	same	edge -query_loc 1-674	-query tests/fasta/outfmt0/e2d_p_q.faa -subject tests/fasta/outfmt0/e2d_p_sp75m.faa -query_loc 1-674 -outfmt 6	
blastp	same	edge -query_loc 1-675	-query tests/fasta/outfmt0/e2d_p_q.faa -subject tests/fasta/outfmt0/e2d_p_sp75m.faa -query_loc 1-675 -outfmt 6	
blastp	same	edge -query_loc 1-2147483647	-query tests/fasta/outfmt0/e2d_p_q.faa -subject tests/fasta/outfmt0/e2d_p_sp75m.faa -query_loc 1-2147483647 -outfmt 6	
blastp	same	edge -query_loc 673-674	-query tests/fasta/outfmt0/e2d_p_q.faa -subject tests/fasta/outfmt0/e2d_p_sp75m.faa -query_loc 673-674 -outfmt 6	
blastp	same	edge -query_loc 673-675	-query tests/fasta/outfmt0/e2d_p_q.faa -subject tests/fasta/outfmt0/e2d_p_sp75m.faa -query_loc 673-675 -outfmt 6	
blastp	same	edge -query_loc 673-2147483647	-query tests/fasta/outfmt0/e2d_p_q.faa -subject tests/fasta/outfmt0/e2d_p_sp75m.faa -query_loc 673-2147483647 -outfmt 6	
blastp	same	edge -query_loc 674-675	-query tests/fasta/outfmt0/e2d_p_q.faa -subject tests/fasta/outfmt0/e2d_p_sp75m.faa -query_loc 674-675 -outfmt 6	
blastp	same	edge -query_loc 674-2147483647	-query tests/fasta/outfmt0/e2d_p_q.faa -subject tests/fasta/outfmt0/e2d_p_sp75m.faa -query_loc 674-2147483647 -outfmt 6	
blastp	losat-rejects	edge -query_loc 675-676	-query tests/fasta/outfmt0/e2d_p_q.faa -subject tests/fasta/outfmt0/e2d_p_sp75m.faa -query_loc 675-676 -outfmt 6	NCBI exit 3 'BLAST engine error: Warning: Sequence contains no data'; LOSAT 'Error: query record 1 (BDT63357.1) has no letters in the -query_loc range (the range starts just past its end); NCBI BLA'
blastp	losat-rejects	edge -query_loc 675-2147483647	-query tests/fasta/outfmt0/e2d_p_q.faa -subject tests/fasta/outfmt0/e2d_p_sp75m.faa -query_loc 675-2147483647 -outfmt 6	NCBI exit 3 'BLAST engine error: Warning: Sequence contains no data'; LOSAT 'Error: query record 1 (BDT63357.1) has no letters in the -query_loc range (the range starts just past its end); NCBI BLA'
blastp	same-error	edge -query_loc 676-677	-query tests/fasta/outfmt0/e2d_p_q.faa -subject tests/fasta/outfmt0/e2d_p_sp75m.faa -query_loc 676-677 -outfmt 6	BLAST engine error: Empty CBlastQueryVector
blastp	same-error	edge -query_loc 676-2147483647	-query tests/fasta/outfmt0/e2d_p_q.faa -subject tests/fasta/outfmt0/e2d_p_sp75m.faa -query_loc 676-2147483647 -outfmt 6	BLAST engine error: Empty CBlastQueryVector
blastp	same	edge -subject_loc 1-2	-query tests/fasta/outfmt0/e2d_p_q.faa -subject tests/fasta/outfmt0/e2d_p_sp75m.faa -subject_loc 1-2 -outfmt 6	
blastp	same	edge -subject_loc 1-870	-query tests/fasta/outfmt0/e2d_p_q.faa -subject tests/fasta/outfmt0/e2d_p_sp75m.faa -subject_loc 1-870 -outfmt 6	
blastp	same	edge -subject_loc 1-871	-query tests/fasta/outfmt0/e2d_p_q.faa -subject tests/fasta/outfmt0/e2d_p_sp75m.faa -subject_loc 1-871 -outfmt 6	
blastp	same	edge -subject_loc 1-872	-query tests/fasta/outfmt0/e2d_p_q.faa -subject tests/fasta/outfmt0/e2d_p_sp75m.faa -subject_loc 1-872 -outfmt 6	
blastp	same	edge -subject_loc 1-2147483647	-query tests/fasta/outfmt0/e2d_p_q.faa -subject tests/fasta/outfmt0/e2d_p_sp75m.faa -subject_loc 1-2147483647 -outfmt 6	
blastp	same	edge -subject_loc 870-871	-query tests/fasta/outfmt0/e2d_p_q.faa -subject tests/fasta/outfmt0/e2d_p_sp75m.faa -subject_loc 870-871 -outfmt 6	
blastp	same	edge -subject_loc 870-872	-query tests/fasta/outfmt0/e2d_p_q.faa -subject tests/fasta/outfmt0/e2d_p_sp75m.faa -subject_loc 870-872 -outfmt 6	
blastp	same	edge -subject_loc 870-2147483647	-query tests/fasta/outfmt0/e2d_p_q.faa -subject tests/fasta/outfmt0/e2d_p_sp75m.faa -subject_loc 870-2147483647 -outfmt 6	
blastp	same	edge -subject_loc 871-872	-query tests/fasta/outfmt0/e2d_p_q.faa -subject tests/fasta/outfmt0/e2d_p_sp75m.faa -subject_loc 871-872 -outfmt 6	
blastp	same	edge -subject_loc 871-2147483647	-query tests/fasta/outfmt0/e2d_p_q.faa -subject tests/fasta/outfmt0/e2d_p_sp75m.faa -subject_loc 871-2147483647 -outfmt 6	
blastp	same	edge -subject_loc 872-873	-query tests/fasta/outfmt0/e2d_p_q.faa -subject tests/fasta/outfmt0/e2d_p_sp75m.faa -subject_loc 872-873 -outfmt 6	Warning: [blastp] Subject_1 S75m: Subject sequence contains no data
blastp	same	edge -subject_loc 872-2147483647	-query tests/fasta/outfmt0/e2d_p_q.faa -subject tests/fasta/outfmt0/e2d_p_sp75m.faa -subject_loc 872-2147483647 -outfmt 6	Warning: [blastp] Subject_1 S75m: Subject sequence contains no data
blastp	same-error	edge -subject_loc 873-874	-query tests/fasta/outfmt0/e2d_p_q.faa -subject tests/fasta/outfmt0/e2d_p_sp75m.faa -subject_loc 873-874 -outfmt 6	BLAST query/options error: Invalid from coordinate (greater than sequence length) | Please refer to the BLAST+ user manu
blastp	same-error	edge -subject_loc 873-2147483647	-query tests/fasta/outfmt0/e2d_p_q.faa -subject tests/fasta/outfmt0/e2d_p_sp75m.faa -subject_loc 873-2147483647 -outfmt 6	BLAST query/options error: Invalid from coordinate (greater than sequence length) | Please refer to the BLAST+ user manu
blastp	same-error	pair 2-1 2-1	-query tests/fasta/outfmt0/e2d_p_q.faa -subject tests/fasta/outfmt0/e2d_p_sp75m.faa -query_loc 2-1 -subject_loc 2-1 -outfmt 6	BLAST engine error: Invalid specification of subject location (start cannot be larger than stop)
blastp	same-error	pair 10-20-30 5-1	-query tests/fasta/outfmt0/e2d_p_q.faa -subject tests/fasta/outfmt0/e2d_p_sp75m.faa -query_loc 10-20-30 -subject_loc 5-1 -outfmt 6	BLAST engine error: Invalid specification of subject location (start cannot be larger than stop)
blastp	same-error	pair 1-50 2-1	-query tests/fasta/outfmt0/e2d_p_q.faa -subject tests/fasta/outfmt0/e2d_p_sp75m.faa -query_loc 1-50 -subject_loc 2-1 -outfmt 6	BLAST engine error: Invalid specification of subject location (start cannot be larger than stop)
blastp	same-error	pair 2-1 1-50	-query tests/fasta/outfmt0/e2d_p_q.faa -subject tests/fasta/outfmt0/e2d_p_sp75m.faa -query_loc 2-1 -subject_loc 1-50 -outfmt 6	BLAST engine error: Invalid specification of query location (start cannot be larger than stop)
blastp	same	pair 100-600 50-500	-query tests/fasta/outfmt0/e2d_p_q.faa -subject tests/fasta/outfmt0/e2d_p_sp75m.faa -query_loc 100-600 -subject_loc 50-500 -outfmt 6	
blastp	same	pair 1-100000 1-100000	-query tests/fasta/outfmt0/e2d_p_q.faa -subject tests/fasta/outfmt0/e2d_p_sp75m.faa -query_loc 1-100000 -subject_loc 1-100000 -outfmt 6	
blastp	same	spelling -query_loc '10-20'	-query tests/fasta/outfmt0/e2d_p_q.faa -subject tests/fasta/outfmt0/e2d_p_sp75m.faa -query_loc 10-20 -outfmt 7	
blastp	same	spelling -query_loc '1-2'	-query tests/fasta/outfmt0/e2d_p_q.faa -subject tests/fasta/outfmt0/e2d_p_sp75m.faa -query_loc 1-2 -outfmt 7	
blastp	same	spelling -query_loc '+1-5'	-query tests/fasta/outfmt0/e2d_p_q.faa -subject tests/fasta/outfmt0/e2d_p_sp75m.faa -query_loc +1-5 -outfmt 7	
blastp	same	spelling -query_loc '01-05'	-query tests/fasta/outfmt0/e2d_p_q.faa -subject tests/fasta/outfmt0/e2d_p_sp75m.faa -query_loc 01-05 -outfmt 7	
blastp	same	spelling -query_loc '1-+5'	-query tests/fasta/outfmt0/e2d_p_q.faa -subject tests/fasta/outfmt0/e2d_p_sp75m.faa -query_loc 1-+5 -outfmt 7	
blastp	same	spelling -query_loc '1-2147483647'	-query tests/fasta/outfmt0/e2d_p_q.faa -subject tests/fasta/outfmt0/e2d_p_sp75m.faa -query_loc 1-2147483647 -outfmt 7	
blastp	same-error	spelling -query_loc '1-1'	-query tests/fasta/outfmt0/e2d_p_q.faa -subject tests/fasta/outfmt0/e2d_p_sp75m.faa -query_loc 1-1 -outfmt 7	BLAST engine error: Invalid specification of query location (range cannot be empty)
blastp	same-error	spelling -query_loc '5-5'	-query tests/fasta/outfmt0/e2d_p_q.faa -subject tests/fasta/outfmt0/e2d_p_sp75m.faa -query_loc 5-5 -outfmt 7	BLAST engine error: Invalid specification of query location (range cannot be empty)
blastp	same-error	spelling -query_loc '20-10'	-query tests/fasta/outfmt0/e2d_p_q.faa -subject tests/fasta/outfmt0/e2d_p_sp75m.faa -query_loc 20-10 -outfmt 7	BLAST engine error: Invalid specification of query location (start cannot be larger than stop)
blastp	same-error	spelling -query_loc '2-1'	-query tests/fasta/outfmt0/e2d_p_q.faa -subject tests/fasta/outfmt0/e2d_p_sp75m.faa -query_loc 2-1 -outfmt 7	BLAST engine error: Invalid specification of query location (start cannot be larger than stop)
blastp	same-error	spelling -query_loc '0-10'	-query tests/fasta/outfmt0/e2d_p_q.faa -subject tests/fasta/outfmt0/e2d_p_sp75m.faa -query_loc 0-10 -outfmt 7	BLAST engine error: Invalid specification of query location (range elements cannot be less than or equal to 0)
blastp	same-error	spelling -query_loc '10-0'	-query tests/fasta/outfmt0/e2d_p_q.faa -subject tests/fasta/outfmt0/e2d_p_sp75m.faa -query_loc 10-0 -outfmt 7	BLAST engine error: Invalid specification of query location (range elements cannot be less than or equal to 0)
blastp	same-error	spelling -query_loc '-10'	-query tests/fasta/outfmt0/e2d_p_q.faa -subject tests/fasta/outfmt0/e2d_p_sp75m.faa -query_loc -10 -outfmt 7	BLAST engine error: Invalid specification of query location (Format: start-stop)
blastp	same-error	spelling -query_loc '10-'	-query tests/fasta/outfmt0/e2d_p_q.faa -subject tests/fasta/outfmt0/e2d_p_sp75m.faa -query_loc 10- -outfmt 7	BLAST engine error: Invalid specification of query location (Format: start-stop)
blastp	same-error	spelling -query_loc '10'	-query tests/fasta/outfmt0/e2d_p_q.faa -subject tests/fasta/outfmt0/e2d_p_sp75m.faa -query_loc 10 -outfmt 7	BLAST engine error: Invalid specification of query location (Format: start-stop)
blastp	same-error	spelling -query_loc '1--5'	-query tests/fasta/outfmt0/e2d_p_q.faa -subject tests/fasta/outfmt0/e2d_p_sp75m.faa -query_loc 1--5 -outfmt 7	BLAST engine error: Invalid specification of query location (Format: start-stop)
blastp	same-error	spelling -query_loc '1-2-3'	-query tests/fasta/outfmt0/e2d_p_q.faa -subject tests/fasta/outfmt0/e2d_p_sp75m.faa -query_loc 1-2-3 -outfmt 7	BLAST engine error: Invalid specification of query location (Format: start-stop)
blastp	same-error	spelling -query_loc ''	-query tests/fasta/outfmt0/e2d_p_q.faa -subject tests/fasta/outfmt0/e2d_p_sp75m.faa -query_loc '' -outfmt 7	BLAST engine error: Invalid specification of query location (Format: start-stop)
blastp	same-error	spelling -query_loc '-'	-query tests/fasta/outfmt0/e2d_p_q.faa -subject tests/fasta/outfmt0/e2d_p_sp75m.faa -query_loc - -outfmt 7	BLAST engine error: Invalid specification of query location (Format: start-stop)
blastp	same-error	spelling -query_loc '--'	-query tests/fasta/outfmt0/e2d_p_q.faa -subject tests/fasta/outfmt0/e2d_p_sp75m.faa -query_loc -- -outfmt 7	BLAST engine error: Invalid specification of query location (Format: start-stop)
blastp	same-error	spelling -query_loc '-5-10'	-query tests/fasta/outfmt0/e2d_p_q.faa -subject tests/fasta/outfmt0/e2d_p_sp75m.faa -query_loc -5-10 -outfmt 7	BLAST engine error: Invalid specification of query location (Format: start-stop)
blastp	losat-rejects	spelling -query_loc ' 1-5'	-query tests/fasta/outfmt0/e2d_p_q.faa -subject tests/fasta/outfmt0/e2d_p_sp75m.faa -query_loc ' 1-5' -outfmt 7	NCBI exit 255 'Error: NCBI C++ Exception:\n    T0 "/opt/conda/conda-bld/blast_1754905306566/work'; LOSAT 'Error: the -query_loc value " 1-5" has a part " 1" that NCBI BLAST+ cannot convert to an int (it stops with a CStringExc'
blastp	losat-rejects	spelling -query_loc '1- 5'	-query tests/fasta/outfmt0/e2d_p_q.faa -subject tests/fasta/outfmt0/e2d_p_sp75m.faa -query_loc '1- 5' -outfmt 7	NCBI exit 255 'Error: NCBI C++ Exception:\n    T0 "/opt/conda/conda-bld/blast_1754905306566/work'; LOSAT 'Error: the -query_loc value "1- 5" has a part " 5" that NCBI BLAST+ cannot convert to an int (it stops with a CStringExc'
blastp	losat-rejects	spelling -query_loc '1-5 '	-query tests/fasta/outfmt0/e2d_p_q.faa -subject tests/fasta/outfmt0/e2d_p_sp75m.faa -query_loc '1-5 ' -outfmt 7	NCBI exit 255 'Error: NCBI C++ Exception:\n    T0 "/opt/conda/conda-bld/blast_1754905306566/work'; LOSAT 'Error: the -query_loc value "1-5 " has a part "5 " that NCBI BLAST+ cannot convert to an int (it stops with a CStringExc'
blastp	losat-rejects	spelling -query_loc 'a-5'	-query tests/fasta/outfmt0/e2d_p_q.faa -subject tests/fasta/outfmt0/e2d_p_sp75m.faa -query_loc a-5 -outfmt 7	NCBI exit 255 'Error: NCBI C++ Exception:\n    T0 "/opt/conda/conda-bld/blast_1754905306566/work'; LOSAT 'Error: the -query_loc value "a-5" has a part "a" that NCBI BLAST+ cannot convert to an int (it stops with a CStringExcep'
blastp	losat-rejects	spelling -query_loc '1-5a'	-query tests/fasta/outfmt0/e2d_p_q.faa -subject tests/fasta/outfmt0/e2d_p_sp75m.faa -query_loc 1-5a -outfmt 7	NCBI exit 255 'Error: NCBI C++ Exception:\n    T0 "/opt/conda/conda-bld/blast_1754905306566/work'; LOSAT 'Error: the -query_loc value "1-5a" has a part "5a" that NCBI BLAST+ cannot convert to an int (it stops with a CStringExc'
blastp	losat-rejects	spelling -query_loc '1.0-5'	-query tests/fasta/outfmt0/e2d_p_q.faa -subject tests/fasta/outfmt0/e2d_p_sp75m.faa -query_loc 1.0-5 -outfmt 7	NCBI exit 255 'Error: NCBI C++ Exception:\n    T0 "/opt/conda/conda-bld/blast_1754905306566/work'; LOSAT 'Error: the -query_loc value "1.0-5" has a part "1.0" that NCBI BLAST+ cannot convert to an int (it stops with a CStringE'
blastp	losat-rejects	spelling -query_loc '0x10-0x20'	-query tests/fasta/outfmt0/e2d_p_q.faa -subject tests/fasta/outfmt0/e2d_p_sp75m.faa -query_loc 0x10-0x20 -outfmt 7	NCBI exit 255 'Error: NCBI C++ Exception:\n    T0 "/opt/conda/conda-bld/blast_1754905306566/work'; LOSAT 'Error: the -query_loc value "0x10-0x20" has a part "0x10" that NCBI BLAST+ cannot convert to an int (it stops with a CSt'
blastp	losat-rejects	spelling -query_loc '1,0-50'	-query tests/fasta/outfmt0/e2d_p_q.faa -subject tests/fasta/outfmt0/e2d_p_sp75m.faa -query_loc 1,0-50 -outfmt 7	NCBI exit 255 'Error: NCBI C++ Exception:\n    T0 "/opt/conda/conda-bld/blast_1754905306566/work'; LOSAT 'Error: the -query_loc value "1,0-50" has a part "1,0" that NCBI BLAST+ cannot convert to an int (it stops with a CString'
blastp	losat-rejects	spelling -query_loc '0-a'	-query tests/fasta/outfmt0/e2d_p_q.faa -subject tests/fasta/outfmt0/e2d_p_sp75m.faa -query_loc 0-a -outfmt 7	NCBI exit 255 'Error: NCBI C++ Exception:\n    T0 "/opt/conda/conda-bld/blast_1754905306566/work'; LOSAT 'Error: the -query_loc value "0-a" has a part "a" that NCBI BLAST+ cannot convert to an int (it stops with a CStringExcep'
blastp	losat-rejects	spelling -query_loc '1-2147483648'	-query tests/fasta/outfmt0/e2d_p_q.faa -subject tests/fasta/outfmt0/e2d_p_sp75m.faa -query_loc 1-2147483648 -outfmt 7	NCBI exit 255 'Error: NCBI C++ Exception:\n    T0 "/opt/conda/conda-bld/blast_1754905306566/work'; LOSAT 'Error: the -query_loc value "1-2147483648" has a part "2147483648" that NCBI BLAST+ cannot convert to an int (it stops w'
blastp	losat-rejects	spelling -query_loc '2147483648-1'	-query tests/fasta/outfmt0/e2d_p_q.faa -subject tests/fasta/outfmt0/e2d_p_sp75m.faa -query_loc 2147483648-1 -outfmt 7	NCBI exit 255 'Error: NCBI C++ Exception:\n    T0 "/opt/conda/conda-bld/blast_1754905306566/work'; LOSAT 'Error: the -query_loc value "2147483648-1" has a part "2147483648" that NCBI BLAST+ cannot convert to an int (it stops w'
blastp	losat-rejects	spelling -query_loc '1-9999999999999999999'	-query tests/fasta/outfmt0/e2d_p_q.faa -subject tests/fasta/outfmt0/e2d_p_sp75m.faa -query_loc 1-9999999999999999999 -outfmt 7	NCBI exit 255 'Error: NCBI C++ Exception:\n    T0 "/opt/conda/conda-bld/blast_1754905306566/work'; LOSAT 'Error: the -query_loc value "1-9999999999999999999" has a part "9999999999999999999" that NCBI BLAST+ cannot convert to '
blastp	same	spelling -subject_loc '10-20'	-query tests/fasta/outfmt0/e2d_p_q.faa -subject tests/fasta/outfmt0/e2d_p_sp75m.faa -subject_loc 10-20 -outfmt 7	
blastp	same	spelling -subject_loc '1-2'	-query tests/fasta/outfmt0/e2d_p_q.faa -subject tests/fasta/outfmt0/e2d_p_sp75m.faa -subject_loc 1-2 -outfmt 7	
blastp	same	spelling -subject_loc '+1-5'	-query tests/fasta/outfmt0/e2d_p_q.faa -subject tests/fasta/outfmt0/e2d_p_sp75m.faa -subject_loc +1-5 -outfmt 7	
blastp	same	spelling -subject_loc '01-05'	-query tests/fasta/outfmt0/e2d_p_q.faa -subject tests/fasta/outfmt0/e2d_p_sp75m.faa -subject_loc 01-05 -outfmt 7	
blastp	same	spelling -subject_loc '1-+5'	-query tests/fasta/outfmt0/e2d_p_q.faa -subject tests/fasta/outfmt0/e2d_p_sp75m.faa -subject_loc 1-+5 -outfmt 7	
blastp	same	spelling -subject_loc '1-2147483647'	-query tests/fasta/outfmt0/e2d_p_q.faa -subject tests/fasta/outfmt0/e2d_p_sp75m.faa -subject_loc 1-2147483647 -outfmt 7	
blastp	same-error	spelling -subject_loc '1-1'	-query tests/fasta/outfmt0/e2d_p_q.faa -subject tests/fasta/outfmt0/e2d_p_sp75m.faa -subject_loc 1-1 -outfmt 7	BLAST engine error: Invalid specification of subject location (range cannot be empty)
blastp	same-error	spelling -subject_loc '5-5'	-query tests/fasta/outfmt0/e2d_p_q.faa -subject tests/fasta/outfmt0/e2d_p_sp75m.faa -subject_loc 5-5 -outfmt 7	BLAST engine error: Invalid specification of subject location (range cannot be empty)
blastp	same-error	spelling -subject_loc '20-10'	-query tests/fasta/outfmt0/e2d_p_q.faa -subject tests/fasta/outfmt0/e2d_p_sp75m.faa -subject_loc 20-10 -outfmt 7	BLAST engine error: Invalid specification of subject location (start cannot be larger than stop)
blastp	same-error	spelling -subject_loc '2-1'	-query tests/fasta/outfmt0/e2d_p_q.faa -subject tests/fasta/outfmt0/e2d_p_sp75m.faa -subject_loc 2-1 -outfmt 7	BLAST engine error: Invalid specification of subject location (start cannot be larger than stop)
blastp	same-error	spelling -subject_loc '0-10'	-query tests/fasta/outfmt0/e2d_p_q.faa -subject tests/fasta/outfmt0/e2d_p_sp75m.faa -subject_loc 0-10 -outfmt 7	BLAST engine error: Invalid specification of subject location (range elements cannot be less than or equal to 0)
blastp	same-error	spelling -subject_loc '10-0'	-query tests/fasta/outfmt0/e2d_p_q.faa -subject tests/fasta/outfmt0/e2d_p_sp75m.faa -subject_loc 10-0 -outfmt 7	BLAST engine error: Invalid specification of subject location (range elements cannot be less than or equal to 0)
blastp	same-error	spelling -subject_loc '-10'	-query tests/fasta/outfmt0/e2d_p_q.faa -subject tests/fasta/outfmt0/e2d_p_sp75m.faa -subject_loc -10 -outfmt 7	BLAST engine error: Invalid specification of subject location (Format: start-stop)
blastp	same-error	spelling -subject_loc '10-'	-query tests/fasta/outfmt0/e2d_p_q.faa -subject tests/fasta/outfmt0/e2d_p_sp75m.faa -subject_loc 10- -outfmt 7	BLAST engine error: Invalid specification of subject location (Format: start-stop)
blastp	same-error	spelling -subject_loc '10'	-query tests/fasta/outfmt0/e2d_p_q.faa -subject tests/fasta/outfmt0/e2d_p_sp75m.faa -subject_loc 10 -outfmt 7	BLAST engine error: Invalid specification of subject location (Format: start-stop)
blastp	same-error	spelling -subject_loc '1--5'	-query tests/fasta/outfmt0/e2d_p_q.faa -subject tests/fasta/outfmt0/e2d_p_sp75m.faa -subject_loc 1--5 -outfmt 7	BLAST engine error: Invalid specification of subject location (Format: start-stop)
blastp	same-error	spelling -subject_loc '1-2-3'	-query tests/fasta/outfmt0/e2d_p_q.faa -subject tests/fasta/outfmt0/e2d_p_sp75m.faa -subject_loc 1-2-3 -outfmt 7	BLAST engine error: Invalid specification of subject location (Format: start-stop)
blastp	same-error	spelling -subject_loc ''	-query tests/fasta/outfmt0/e2d_p_q.faa -subject tests/fasta/outfmt0/e2d_p_sp75m.faa -subject_loc '' -outfmt 7	BLAST engine error: Invalid specification of subject location (Format: start-stop)
blastp	same-error	spelling -subject_loc '-'	-query tests/fasta/outfmt0/e2d_p_q.faa -subject tests/fasta/outfmt0/e2d_p_sp75m.faa -subject_loc - -outfmt 7	BLAST engine error: Invalid specification of subject location (Format: start-stop)
blastp	same-error	spelling -subject_loc '--'	-query tests/fasta/outfmt0/e2d_p_q.faa -subject tests/fasta/outfmt0/e2d_p_sp75m.faa -subject_loc -- -outfmt 7	BLAST engine error: Invalid specification of subject location (Format: start-stop)
blastp	same-error	spelling -subject_loc '-5-10'	-query tests/fasta/outfmt0/e2d_p_q.faa -subject tests/fasta/outfmt0/e2d_p_sp75m.faa -subject_loc -5-10 -outfmt 7	BLAST engine error: Invalid specification of subject location (Format: start-stop)
blastp	losat-rejects	spelling -subject_loc ' 1-5'	-query tests/fasta/outfmt0/e2d_p_q.faa -subject tests/fasta/outfmt0/e2d_p_sp75m.faa -subject_loc ' 1-5' -outfmt 7	NCBI exit 255 'Error: NCBI C++ Exception:\n    T0 "/opt/conda/conda-bld/blast_1754905306566/work'; LOSAT 'Error: the -subject_loc value " 1-5" has a part " 1" that NCBI BLAST+ cannot convert to an int (it stops with a CStringE'
blastp	losat-rejects	spelling -subject_loc '1- 5'	-query tests/fasta/outfmt0/e2d_p_q.faa -subject tests/fasta/outfmt0/e2d_p_sp75m.faa -subject_loc '1- 5' -outfmt 7	NCBI exit 255 'Error: NCBI C++ Exception:\n    T0 "/opt/conda/conda-bld/blast_1754905306566/work'; LOSAT 'Error: the -subject_loc value "1- 5" has a part " 5" that NCBI BLAST+ cannot convert to an int (it stops with a CStringE'
blastp	losat-rejects	spelling -subject_loc '1-5 '	-query tests/fasta/outfmt0/e2d_p_q.faa -subject tests/fasta/outfmt0/e2d_p_sp75m.faa -subject_loc '1-5 ' -outfmt 7	NCBI exit 255 'Error: NCBI C++ Exception:\n    T0 "/opt/conda/conda-bld/blast_1754905306566/work'; LOSAT 'Error: the -subject_loc value "1-5 " has a part "5 " that NCBI BLAST+ cannot convert to an int (it stops with a CStringE'
blastp	losat-rejects	spelling -subject_loc 'a-5'	-query tests/fasta/outfmt0/e2d_p_q.faa -subject tests/fasta/outfmt0/e2d_p_sp75m.faa -subject_loc a-5 -outfmt 7	NCBI exit 255 'Error: NCBI C++ Exception:\n    T0 "/opt/conda/conda-bld/blast_1754905306566/work'; LOSAT 'Error: the -subject_loc value "a-5" has a part "a" that NCBI BLAST+ cannot convert to an int (it stops with a CStringExc'
blastp	losat-rejects	spelling -subject_loc '1-5a'	-query tests/fasta/outfmt0/e2d_p_q.faa -subject tests/fasta/outfmt0/e2d_p_sp75m.faa -subject_loc 1-5a -outfmt 7	NCBI exit 255 'Error: NCBI C++ Exception:\n    T0 "/opt/conda/conda-bld/blast_1754905306566/work'; LOSAT 'Error: the -subject_loc value "1-5a" has a part "5a" that NCBI BLAST+ cannot convert to an int (it stops with a CStringE'
blastp	losat-rejects	spelling -subject_loc '1.0-5'	-query tests/fasta/outfmt0/e2d_p_q.faa -subject tests/fasta/outfmt0/e2d_p_sp75m.faa -subject_loc 1.0-5 -outfmt 7	NCBI exit 255 'Error: NCBI C++ Exception:\n    T0 "/opt/conda/conda-bld/blast_1754905306566/work'; LOSAT 'Error: the -subject_loc value "1.0-5" has a part "1.0" that NCBI BLAST+ cannot convert to an int (it stops with a CStrin'
blastp	losat-rejects	spelling -subject_loc '0x10-0x20'	-query tests/fasta/outfmt0/e2d_p_q.faa -subject tests/fasta/outfmt0/e2d_p_sp75m.faa -subject_loc 0x10-0x20 -outfmt 7	NCBI exit 255 'Error: NCBI C++ Exception:\n    T0 "/opt/conda/conda-bld/blast_1754905306566/work'; LOSAT 'Error: the -subject_loc value "0x10-0x20" has a part "0x10" that NCBI BLAST+ cannot convert to an int (it stops with a C'
blastp	losat-rejects	spelling -subject_loc '1,0-50'	-query tests/fasta/outfmt0/e2d_p_q.faa -subject tests/fasta/outfmt0/e2d_p_sp75m.faa -subject_loc 1,0-50 -outfmt 7	NCBI exit 255 'Error: NCBI C++ Exception:\n    T0 "/opt/conda/conda-bld/blast_1754905306566/work'; LOSAT 'Error: the -subject_loc value "1,0-50" has a part "1,0" that NCBI BLAST+ cannot convert to an int (it stops with a CStri'
blastp	losat-rejects	spelling -subject_loc '0-a'	-query tests/fasta/outfmt0/e2d_p_q.faa -subject tests/fasta/outfmt0/e2d_p_sp75m.faa -subject_loc 0-a -outfmt 7	NCBI exit 255 'Error: NCBI C++ Exception:\n    T0 "/opt/conda/conda-bld/blast_1754905306566/work'; LOSAT 'Error: the -subject_loc value "0-a" has a part "a" that NCBI BLAST+ cannot convert to an int (it stops with a CStringExc'
blastp	losat-rejects	spelling -subject_loc '1-2147483648'	-query tests/fasta/outfmt0/e2d_p_q.faa -subject tests/fasta/outfmt0/e2d_p_sp75m.faa -subject_loc 1-2147483648 -outfmt 7	NCBI exit 255 'Error: NCBI C++ Exception:\n    T0 "/opt/conda/conda-bld/blast_1754905306566/work'; LOSAT 'Error: the -subject_loc value "1-2147483648" has a part "2147483648" that NCBI BLAST+ cannot convert to an int (it stops'
blastp	losat-rejects	spelling -subject_loc '2147483648-1'	-query tests/fasta/outfmt0/e2d_p_q.faa -subject tests/fasta/outfmt0/e2d_p_sp75m.faa -subject_loc 2147483648-1 -outfmt 7	NCBI exit 255 'Error: NCBI C++ Exception:\n    T0 "/opt/conda/conda-bld/blast_1754905306566/work'; LOSAT 'Error: the -subject_loc value "2147483648-1" has a part "2147483648" that NCBI BLAST+ cannot convert to an int (it stops'
blastp	losat-rejects	spelling -subject_loc '1-9999999999999999999'	-query tests/fasta/outfmt0/e2d_p_q.faa -subject tests/fasta/outfmt0/e2d_p_sp75m.faa -subject_loc 1-9999999999999999999 -outfmt 7	NCBI exit 255 'Error: NCBI C++ Exception:\n    T0 "/opt/conda/conda-bld/blast_1754905306566/work'; LOSAT 'Error: the -subject_loc value "1-9999999999999999999" has a part "9999999999999999999" that NCBI BLAST+ cannot convert t'
blastp	same	edge -query_loc 1-2	-query tests/fasta/outfmt0/e2d_p_q.faa -subject tests/fasta/outfmt0/e2d_p_sp75m.faa -query_loc 1-2 -outfmt 7	
blastp	same	edge -query_loc 1-673	-query tests/fasta/outfmt0/e2d_p_q.faa -subject tests/fasta/outfmt0/e2d_p_sp75m.faa -query_loc 1-673 -outfmt 7	
blastp	same	edge -query_loc 1-674	-query tests/fasta/outfmt0/e2d_p_q.faa -subject tests/fasta/outfmt0/e2d_p_sp75m.faa -query_loc 1-674 -outfmt 7	
blastp	same	edge -query_loc 1-675	-query tests/fasta/outfmt0/e2d_p_q.faa -subject tests/fasta/outfmt0/e2d_p_sp75m.faa -query_loc 1-675 -outfmt 7	
blastp	same	edge -query_loc 1-2147483647	-query tests/fasta/outfmt0/e2d_p_q.faa -subject tests/fasta/outfmt0/e2d_p_sp75m.faa -query_loc 1-2147483647 -outfmt 7	
blastp	same	edge -query_loc 673-674	-query tests/fasta/outfmt0/e2d_p_q.faa -subject tests/fasta/outfmt0/e2d_p_sp75m.faa -query_loc 673-674 -outfmt 7	
blastp	same	edge -query_loc 673-675	-query tests/fasta/outfmt0/e2d_p_q.faa -subject tests/fasta/outfmt0/e2d_p_sp75m.faa -query_loc 673-675 -outfmt 7	
blastp	same	edge -query_loc 673-2147483647	-query tests/fasta/outfmt0/e2d_p_q.faa -subject tests/fasta/outfmt0/e2d_p_sp75m.faa -query_loc 673-2147483647 -outfmt 7	
blastp	same	edge -query_loc 674-675	-query tests/fasta/outfmt0/e2d_p_q.faa -subject tests/fasta/outfmt0/e2d_p_sp75m.faa -query_loc 674-675 -outfmt 7	
blastp	same	edge -query_loc 674-2147483647	-query tests/fasta/outfmt0/e2d_p_q.faa -subject tests/fasta/outfmt0/e2d_p_sp75m.faa -query_loc 674-2147483647 -outfmt 7	
blastp	losat-rejects	edge -query_loc 675-676	-query tests/fasta/outfmt0/e2d_p_q.faa -subject tests/fasta/outfmt0/e2d_p_sp75m.faa -query_loc 675-676 -outfmt 7	NCBI exit 3 'BLAST engine error: Warning: Sequence contains no data'; LOSAT 'Error: query record 1 (BDT63357.1) has no letters in the -query_loc range (the range starts just past its end); NCBI BLA'
blastp	losat-rejects	edge -query_loc 675-2147483647	-query tests/fasta/outfmt0/e2d_p_q.faa -subject tests/fasta/outfmt0/e2d_p_sp75m.faa -query_loc 675-2147483647 -outfmt 7	NCBI exit 3 'BLAST engine error: Warning: Sequence contains no data'; LOSAT 'Error: query record 1 (BDT63357.1) has no letters in the -query_loc range (the range starts just past its end); NCBI BLA'
blastp	same-error	edge -query_loc 676-677	-query tests/fasta/outfmt0/e2d_p_q.faa -subject tests/fasta/outfmt0/e2d_p_sp75m.faa -query_loc 676-677 -outfmt 7	BLAST engine error: Empty CBlastQueryVector
blastp	same-error	edge -query_loc 676-2147483647	-query tests/fasta/outfmt0/e2d_p_q.faa -subject tests/fasta/outfmt0/e2d_p_sp75m.faa -query_loc 676-2147483647 -outfmt 7	BLAST engine error: Empty CBlastQueryVector
blastp	same	edge -subject_loc 1-2	-query tests/fasta/outfmt0/e2d_p_q.faa -subject tests/fasta/outfmt0/e2d_p_sp75m.faa -subject_loc 1-2 -outfmt 7	
blastp	same	edge -subject_loc 1-870	-query tests/fasta/outfmt0/e2d_p_q.faa -subject tests/fasta/outfmt0/e2d_p_sp75m.faa -subject_loc 1-870 -outfmt 7	
blastp	same	edge -subject_loc 1-871	-query tests/fasta/outfmt0/e2d_p_q.faa -subject tests/fasta/outfmt0/e2d_p_sp75m.faa -subject_loc 1-871 -outfmt 7	
blastp	same	edge -subject_loc 1-872	-query tests/fasta/outfmt0/e2d_p_q.faa -subject tests/fasta/outfmt0/e2d_p_sp75m.faa -subject_loc 1-872 -outfmt 7	
blastp	same	edge -subject_loc 1-2147483647	-query tests/fasta/outfmt0/e2d_p_q.faa -subject tests/fasta/outfmt0/e2d_p_sp75m.faa -subject_loc 1-2147483647 -outfmt 7	
blastp	same	edge -subject_loc 870-871	-query tests/fasta/outfmt0/e2d_p_q.faa -subject tests/fasta/outfmt0/e2d_p_sp75m.faa -subject_loc 870-871 -outfmt 7	
blastp	same	edge -subject_loc 870-872	-query tests/fasta/outfmt0/e2d_p_q.faa -subject tests/fasta/outfmt0/e2d_p_sp75m.faa -subject_loc 870-872 -outfmt 7	
blastp	same	edge -subject_loc 870-2147483647	-query tests/fasta/outfmt0/e2d_p_q.faa -subject tests/fasta/outfmt0/e2d_p_sp75m.faa -subject_loc 870-2147483647 -outfmt 7	
blastp	same	edge -subject_loc 871-872	-query tests/fasta/outfmt0/e2d_p_q.faa -subject tests/fasta/outfmt0/e2d_p_sp75m.faa -subject_loc 871-872 -outfmt 7	
blastp	same	edge -subject_loc 871-2147483647	-query tests/fasta/outfmt0/e2d_p_q.faa -subject tests/fasta/outfmt0/e2d_p_sp75m.faa -subject_loc 871-2147483647 -outfmt 7	
blastp	same	edge -subject_loc 872-873	-query tests/fasta/outfmt0/e2d_p_q.faa -subject tests/fasta/outfmt0/e2d_p_sp75m.faa -subject_loc 872-873 -outfmt 7	Warning: [blastp] Subject_1 S75m: Subject sequence contains no data
blastp	same	edge -subject_loc 872-2147483647	-query tests/fasta/outfmt0/e2d_p_q.faa -subject tests/fasta/outfmt0/e2d_p_sp75m.faa -subject_loc 872-2147483647 -outfmt 7	Warning: [blastp] Subject_1 S75m: Subject sequence contains no data
blastp	same-error	edge -subject_loc 873-874	-query tests/fasta/outfmt0/e2d_p_q.faa -subject tests/fasta/outfmt0/e2d_p_sp75m.faa -subject_loc 873-874 -outfmt 7	BLAST query/options error: Invalid from coordinate (greater than sequence length) | Please refer to the BLAST+ user manu
blastp	same-error	edge -subject_loc 873-2147483647	-query tests/fasta/outfmt0/e2d_p_q.faa -subject tests/fasta/outfmt0/e2d_p_sp75m.faa -subject_loc 873-2147483647 -outfmt 7	BLAST query/options error: Invalid from coordinate (greater than sequence length) | Please refer to the BLAST+ user manu
blastp	same-error	pair 2-1 2-1	-query tests/fasta/outfmt0/e2d_p_q.faa -subject tests/fasta/outfmt0/e2d_p_sp75m.faa -query_loc 2-1 -subject_loc 2-1 -outfmt 7	BLAST engine error: Invalid specification of subject location (start cannot be larger than stop)
blastp	same-error	pair 10-20-30 5-1	-query tests/fasta/outfmt0/e2d_p_q.faa -subject tests/fasta/outfmt0/e2d_p_sp75m.faa -query_loc 10-20-30 -subject_loc 5-1 -outfmt 7	BLAST engine error: Invalid specification of subject location (start cannot be larger than stop)
blastp	same-error	pair 1-50 2-1	-query tests/fasta/outfmt0/e2d_p_q.faa -subject tests/fasta/outfmt0/e2d_p_sp75m.faa -query_loc 1-50 -subject_loc 2-1 -outfmt 7	BLAST engine error: Invalid specification of subject location (start cannot be larger than stop)
blastp	same-error	pair 2-1 1-50	-query tests/fasta/outfmt0/e2d_p_q.faa -subject tests/fasta/outfmt0/e2d_p_sp75m.faa -query_loc 2-1 -subject_loc 1-50 -outfmt 7	BLAST engine error: Invalid specification of query location (start cannot be larger than stop)
blastp	same	pair 100-600 50-500	-query tests/fasta/outfmt0/e2d_p_q.faa -subject tests/fasta/outfmt0/e2d_p_sp75m.faa -query_loc 100-600 -subject_loc 50-500 -outfmt 7	
blastp	same	pair 1-100000 1-100000	-query tests/fasta/outfmt0/e2d_p_q.faa -subject tests/fasta/outfmt0/e2d_p_sp75m.faa -query_loc 1-100000 -subject_loc 1-100000 -outfmt 7	
tblastn	same	spelling -query_loc '10-20'	-query tests/fasta/outfmt0/e2d_p_q.faa -subject tests/fasta/outfmt0/e2d_n_sub8k.fa -query_loc 10-20 -outfmt 0	
tblastn	same	spelling -query_loc '1-2'	-query tests/fasta/outfmt0/e2d_p_q.faa -subject tests/fasta/outfmt0/e2d_n_sub8k.fa -query_loc 1-2 -outfmt 0	
tblastn	same	spelling -query_loc '+1-5'	-query tests/fasta/outfmt0/e2d_p_q.faa -subject tests/fasta/outfmt0/e2d_n_sub8k.fa -query_loc +1-5 -outfmt 0	
tblastn	same	spelling -query_loc '01-05'	-query tests/fasta/outfmt0/e2d_p_q.faa -subject tests/fasta/outfmt0/e2d_n_sub8k.fa -query_loc 01-05 -outfmt 0	
tblastn	same	spelling -query_loc '1-+5'	-query tests/fasta/outfmt0/e2d_p_q.faa -subject tests/fasta/outfmt0/e2d_n_sub8k.fa -query_loc 1-+5 -outfmt 0	
tblastn	same	spelling -query_loc '1-2147483647'	-query tests/fasta/outfmt0/e2d_p_q.faa -subject tests/fasta/outfmt0/e2d_n_sub8k.fa -query_loc 1-2147483647 -outfmt 0	
tblastn	same-error	spelling -query_loc '1-1'	-query tests/fasta/outfmt0/e2d_p_q.faa -subject tests/fasta/outfmt0/e2d_n_sub8k.fa -query_loc 1-1 -outfmt 0	BLAST engine error: Invalid specification of query location (range cannot be empty)
tblastn	same-error	spelling -query_loc '5-5'	-query tests/fasta/outfmt0/e2d_p_q.faa -subject tests/fasta/outfmt0/e2d_n_sub8k.fa -query_loc 5-5 -outfmt 0	BLAST engine error: Invalid specification of query location (range cannot be empty)
tblastn	same-error	spelling -query_loc '20-10'	-query tests/fasta/outfmt0/e2d_p_q.faa -subject tests/fasta/outfmt0/e2d_n_sub8k.fa -query_loc 20-10 -outfmt 0	BLAST engine error: Invalid specification of query location (start cannot be larger than stop)
tblastn	same-error	spelling -query_loc '2-1'	-query tests/fasta/outfmt0/e2d_p_q.faa -subject tests/fasta/outfmt0/e2d_n_sub8k.fa -query_loc 2-1 -outfmt 0	BLAST engine error: Invalid specification of query location (start cannot be larger than stop)
tblastn	same-error	spelling -query_loc '0-10'	-query tests/fasta/outfmt0/e2d_p_q.faa -subject tests/fasta/outfmt0/e2d_n_sub8k.fa -query_loc 0-10 -outfmt 0	BLAST engine error: Invalid specification of query location (range elements cannot be less than or equal to 0)
tblastn	same-error	spelling -query_loc '10-0'	-query tests/fasta/outfmt0/e2d_p_q.faa -subject tests/fasta/outfmt0/e2d_n_sub8k.fa -query_loc 10-0 -outfmt 0	BLAST engine error: Invalid specification of query location (range elements cannot be less than or equal to 0)
tblastn	same-error	spelling -query_loc '-10'	-query tests/fasta/outfmt0/e2d_p_q.faa -subject tests/fasta/outfmt0/e2d_n_sub8k.fa -query_loc -10 -outfmt 0	BLAST engine error: Invalid specification of query location (Format: start-stop)
tblastn	same-error	spelling -query_loc '10-'	-query tests/fasta/outfmt0/e2d_p_q.faa -subject tests/fasta/outfmt0/e2d_n_sub8k.fa -query_loc 10- -outfmt 0	BLAST engine error: Invalid specification of query location (Format: start-stop)
tblastn	same-error	spelling -query_loc '10'	-query tests/fasta/outfmt0/e2d_p_q.faa -subject tests/fasta/outfmt0/e2d_n_sub8k.fa -query_loc 10 -outfmt 0	BLAST engine error: Invalid specification of query location (Format: start-stop)
tblastn	same-error	spelling -query_loc '1--5'	-query tests/fasta/outfmt0/e2d_p_q.faa -subject tests/fasta/outfmt0/e2d_n_sub8k.fa -query_loc 1--5 -outfmt 0	BLAST engine error: Invalid specification of query location (Format: start-stop)
tblastn	same-error	spelling -query_loc '1-2-3'	-query tests/fasta/outfmt0/e2d_p_q.faa -subject tests/fasta/outfmt0/e2d_n_sub8k.fa -query_loc 1-2-3 -outfmt 0	BLAST engine error: Invalid specification of query location (Format: start-stop)
tblastn	same-error	spelling -query_loc ''	-query tests/fasta/outfmt0/e2d_p_q.faa -subject tests/fasta/outfmt0/e2d_n_sub8k.fa -query_loc '' -outfmt 0	BLAST engine error: Invalid specification of query location (Format: start-stop)
tblastn	same-error	spelling -query_loc '-'	-query tests/fasta/outfmt0/e2d_p_q.faa -subject tests/fasta/outfmt0/e2d_n_sub8k.fa -query_loc - -outfmt 0	BLAST engine error: Invalid specification of query location (Format: start-stop)
tblastn	same-error	spelling -query_loc '--'	-query tests/fasta/outfmt0/e2d_p_q.faa -subject tests/fasta/outfmt0/e2d_n_sub8k.fa -query_loc -- -outfmt 0	BLAST engine error: Invalid specification of query location (Format: start-stop)
tblastn	same-error	spelling -query_loc '-5-10'	-query tests/fasta/outfmt0/e2d_p_q.faa -subject tests/fasta/outfmt0/e2d_n_sub8k.fa -query_loc -5-10 -outfmt 0	BLAST engine error: Invalid specification of query location (Format: start-stop)
tblastn	losat-rejects	spelling -query_loc ' 1-5'	-query tests/fasta/outfmt0/e2d_p_q.faa -subject tests/fasta/outfmt0/e2d_n_sub8k.fa -query_loc ' 1-5' -outfmt 0	NCBI exit 255 'Error: NCBI C++ Exception:\n    T0 "/opt/conda/conda-bld/blast_1754905306566/work'; LOSAT 'Error: the -query_loc value " 1-5" has a part " 1" that NCBI BLAST+ cannot convert to an int (it stops with a CStringExc'
tblastn	losat-rejects	spelling -query_loc '1- 5'	-query tests/fasta/outfmt0/e2d_p_q.faa -subject tests/fasta/outfmt0/e2d_n_sub8k.fa -query_loc '1- 5' -outfmt 0	NCBI exit 255 'Error: NCBI C++ Exception:\n    T0 "/opt/conda/conda-bld/blast_1754905306566/work'; LOSAT 'Error: the -query_loc value "1- 5" has a part " 5" that NCBI BLAST+ cannot convert to an int (it stops with a CStringExc'
tblastn	losat-rejects	spelling -query_loc '1-5 '	-query tests/fasta/outfmt0/e2d_p_q.faa -subject tests/fasta/outfmt0/e2d_n_sub8k.fa -query_loc '1-5 ' -outfmt 0	NCBI exit 255 'Error: NCBI C++ Exception:\n    T0 "/opt/conda/conda-bld/blast_1754905306566/work'; LOSAT 'Error: the -query_loc value "1-5 " has a part "5 " that NCBI BLAST+ cannot convert to an int (it stops with a CStringExc'
tblastn	losat-rejects	spelling -query_loc 'a-5'	-query tests/fasta/outfmt0/e2d_p_q.faa -subject tests/fasta/outfmt0/e2d_n_sub8k.fa -query_loc a-5 -outfmt 0	NCBI exit 255 'Error: NCBI C++ Exception:\n    T0 "/opt/conda/conda-bld/blast_1754905306566/work'; LOSAT 'Error: the -query_loc value "a-5" has a part "a" that NCBI BLAST+ cannot convert to an int (it stops with a CStringExcep'
tblastn	losat-rejects	spelling -query_loc '1-5a'	-query tests/fasta/outfmt0/e2d_p_q.faa -subject tests/fasta/outfmt0/e2d_n_sub8k.fa -query_loc 1-5a -outfmt 0	NCBI exit 255 'Error: NCBI C++ Exception:\n    T0 "/opt/conda/conda-bld/blast_1754905306566/work'; LOSAT 'Error: the -query_loc value "1-5a" has a part "5a" that NCBI BLAST+ cannot convert to an int (it stops with a CStringExc'
tblastn	losat-rejects	spelling -query_loc '1.0-5'	-query tests/fasta/outfmt0/e2d_p_q.faa -subject tests/fasta/outfmt0/e2d_n_sub8k.fa -query_loc 1.0-5 -outfmt 0	NCBI exit 255 'Error: NCBI C++ Exception:\n    T0 "/opt/conda/conda-bld/blast_1754905306566/work'; LOSAT 'Error: the -query_loc value "1.0-5" has a part "1.0" that NCBI BLAST+ cannot convert to an int (it stops with a CStringE'
tblastn	losat-rejects	spelling -query_loc '0x10-0x20'	-query tests/fasta/outfmt0/e2d_p_q.faa -subject tests/fasta/outfmt0/e2d_n_sub8k.fa -query_loc 0x10-0x20 -outfmt 0	NCBI exit 255 'Error: NCBI C++ Exception:\n    T0 "/opt/conda/conda-bld/blast_1754905306566/work'; LOSAT 'Error: the -query_loc value "0x10-0x20" has a part "0x10" that NCBI BLAST+ cannot convert to an int (it stops with a CSt'
tblastn	losat-rejects	spelling -query_loc '1,0-50'	-query tests/fasta/outfmt0/e2d_p_q.faa -subject tests/fasta/outfmt0/e2d_n_sub8k.fa -query_loc 1,0-50 -outfmt 0	NCBI exit 255 'Error: NCBI C++ Exception:\n    T0 "/opt/conda/conda-bld/blast_1754905306566/work'; LOSAT 'Error: the -query_loc value "1,0-50" has a part "1,0" that NCBI BLAST+ cannot convert to an int (it stops with a CString'
tblastn	losat-rejects	spelling -query_loc '0-a'	-query tests/fasta/outfmt0/e2d_p_q.faa -subject tests/fasta/outfmt0/e2d_n_sub8k.fa -query_loc 0-a -outfmt 0	NCBI exit 255 'Error: NCBI C++ Exception:\n    T0 "/opt/conda/conda-bld/blast_1754905306566/work'; LOSAT 'Error: the -query_loc value "0-a" has a part "a" that NCBI BLAST+ cannot convert to an int (it stops with a CStringExcep'
tblastn	losat-rejects	spelling -query_loc '1-2147483648'	-query tests/fasta/outfmt0/e2d_p_q.faa -subject tests/fasta/outfmt0/e2d_n_sub8k.fa -query_loc 1-2147483648 -outfmt 0	NCBI exit 255 'Error: NCBI C++ Exception:\n    T0 "/opt/conda/conda-bld/blast_1754905306566/work'; LOSAT 'Error: the -query_loc value "1-2147483648" has a part "2147483648" that NCBI BLAST+ cannot convert to an int (it stops w'
tblastn	losat-rejects	spelling -query_loc '2147483648-1'	-query tests/fasta/outfmt0/e2d_p_q.faa -subject tests/fasta/outfmt0/e2d_n_sub8k.fa -query_loc 2147483648-1 -outfmt 0	NCBI exit 255 'Error: NCBI C++ Exception:\n    T0 "/opt/conda/conda-bld/blast_1754905306566/work'; LOSAT 'Error: the -query_loc value "2147483648-1" has a part "2147483648" that NCBI BLAST+ cannot convert to an int (it stops w'
tblastn	losat-rejects	spelling -query_loc '1-9999999999999999999'	-query tests/fasta/outfmt0/e2d_p_q.faa -subject tests/fasta/outfmt0/e2d_n_sub8k.fa -query_loc 1-9999999999999999999 -outfmt 0	NCBI exit 255 'Error: NCBI C++ Exception:\n    T0 "/opt/conda/conda-bld/blast_1754905306566/work'; LOSAT 'Error: the -query_loc value "1-9999999999999999999" has a part "9999999999999999999" that NCBI BLAST+ cannot convert to '
tblastn	same	spelling -subject_loc '10-20'	-query tests/fasta/outfmt0/e2d_p_q.faa -subject tests/fasta/outfmt0/e2d_n_sub8k.fa -subject_loc 10-20 -outfmt 0	
tblastn	same	spelling -subject_loc '1-2'	-query tests/fasta/outfmt0/e2d_p_q.faa -subject tests/fasta/outfmt0/e2d_n_sub8k.fa -subject_loc 1-2 -outfmt 0	
tblastn	same	spelling -subject_loc '+1-5'	-query tests/fasta/outfmt0/e2d_p_q.faa -subject tests/fasta/outfmt0/e2d_n_sub8k.fa -subject_loc +1-5 -outfmt 0	
tblastn	same	spelling -subject_loc '01-05'	-query tests/fasta/outfmt0/e2d_p_q.faa -subject tests/fasta/outfmt0/e2d_n_sub8k.fa -subject_loc 01-05 -outfmt 0	
tblastn	same	spelling -subject_loc '1-+5'	-query tests/fasta/outfmt0/e2d_p_q.faa -subject tests/fasta/outfmt0/e2d_n_sub8k.fa -subject_loc 1-+5 -outfmt 0	
tblastn	same	spelling -subject_loc '1-2147483647'	-query tests/fasta/outfmt0/e2d_p_q.faa -subject tests/fasta/outfmt0/e2d_n_sub8k.fa -subject_loc 1-2147483647 -outfmt 0	
tblastn	same-error	spelling -subject_loc '1-1'	-query tests/fasta/outfmt0/e2d_p_q.faa -subject tests/fasta/outfmt0/e2d_n_sub8k.fa -subject_loc 1-1 -outfmt 0	BLAST engine error: Invalid specification of subject location (range cannot be empty)
tblastn	same-error	spelling -subject_loc '5-5'	-query tests/fasta/outfmt0/e2d_p_q.faa -subject tests/fasta/outfmt0/e2d_n_sub8k.fa -subject_loc 5-5 -outfmt 0	BLAST engine error: Invalid specification of subject location (range cannot be empty)
tblastn	same-error	spelling -subject_loc '20-10'	-query tests/fasta/outfmt0/e2d_p_q.faa -subject tests/fasta/outfmt0/e2d_n_sub8k.fa -subject_loc 20-10 -outfmt 0	BLAST engine error: Invalid specification of subject location (start cannot be larger than stop)
tblastn	same-error	spelling -subject_loc '2-1'	-query tests/fasta/outfmt0/e2d_p_q.faa -subject tests/fasta/outfmt0/e2d_n_sub8k.fa -subject_loc 2-1 -outfmt 0	BLAST engine error: Invalid specification of subject location (start cannot be larger than stop)
tblastn	same-error	spelling -subject_loc '0-10'	-query tests/fasta/outfmt0/e2d_p_q.faa -subject tests/fasta/outfmt0/e2d_n_sub8k.fa -subject_loc 0-10 -outfmt 0	BLAST engine error: Invalid specification of subject location (range elements cannot be less than or equal to 0)
tblastn	same-error	spelling -subject_loc '10-0'	-query tests/fasta/outfmt0/e2d_p_q.faa -subject tests/fasta/outfmt0/e2d_n_sub8k.fa -subject_loc 10-0 -outfmt 0	BLAST engine error: Invalid specification of subject location (range elements cannot be less than or equal to 0)
tblastn	same-error	spelling -subject_loc '-10'	-query tests/fasta/outfmt0/e2d_p_q.faa -subject tests/fasta/outfmt0/e2d_n_sub8k.fa -subject_loc -10 -outfmt 0	BLAST engine error: Invalid specification of subject location (Format: start-stop)
tblastn	same-error	spelling -subject_loc '10-'	-query tests/fasta/outfmt0/e2d_p_q.faa -subject tests/fasta/outfmt0/e2d_n_sub8k.fa -subject_loc 10- -outfmt 0	BLAST engine error: Invalid specification of subject location (Format: start-stop)
tblastn	same-error	spelling -subject_loc '10'	-query tests/fasta/outfmt0/e2d_p_q.faa -subject tests/fasta/outfmt0/e2d_n_sub8k.fa -subject_loc 10 -outfmt 0	BLAST engine error: Invalid specification of subject location (Format: start-stop)
tblastn	same-error	spelling -subject_loc '1--5'	-query tests/fasta/outfmt0/e2d_p_q.faa -subject tests/fasta/outfmt0/e2d_n_sub8k.fa -subject_loc 1--5 -outfmt 0	BLAST engine error: Invalid specification of subject location (Format: start-stop)
tblastn	same-error	spelling -subject_loc '1-2-3'	-query tests/fasta/outfmt0/e2d_p_q.faa -subject tests/fasta/outfmt0/e2d_n_sub8k.fa -subject_loc 1-2-3 -outfmt 0	BLAST engine error: Invalid specification of subject location (Format: start-stop)
tblastn	same-error	spelling -subject_loc ''	-query tests/fasta/outfmt0/e2d_p_q.faa -subject tests/fasta/outfmt0/e2d_n_sub8k.fa -subject_loc '' -outfmt 0	BLAST engine error: Invalid specification of subject location (Format: start-stop)
tblastn	same-error	spelling -subject_loc '-'	-query tests/fasta/outfmt0/e2d_p_q.faa -subject tests/fasta/outfmt0/e2d_n_sub8k.fa -subject_loc - -outfmt 0	BLAST engine error: Invalid specification of subject location (Format: start-stop)
tblastn	same-error	spelling -subject_loc '--'	-query tests/fasta/outfmt0/e2d_p_q.faa -subject tests/fasta/outfmt0/e2d_n_sub8k.fa -subject_loc -- -outfmt 0	BLAST engine error: Invalid specification of subject location (Format: start-stop)
tblastn	same-error	spelling -subject_loc '-5-10'	-query tests/fasta/outfmt0/e2d_p_q.faa -subject tests/fasta/outfmt0/e2d_n_sub8k.fa -subject_loc -5-10 -outfmt 0	BLAST engine error: Invalid specification of subject location (Format: start-stop)
tblastn	losat-rejects	spelling -subject_loc ' 1-5'	-query tests/fasta/outfmt0/e2d_p_q.faa -subject tests/fasta/outfmt0/e2d_n_sub8k.fa -subject_loc ' 1-5' -outfmt 0	NCBI exit 255 'Error: NCBI C++ Exception:\n    T0 "/opt/conda/conda-bld/blast_1754905306566/work'; LOSAT 'Error: the -subject_loc value " 1-5" has a part " 1" that NCBI BLAST+ cannot convert to an int (it stops with a CStringE'
tblastn	losat-rejects	spelling -subject_loc '1- 5'	-query tests/fasta/outfmt0/e2d_p_q.faa -subject tests/fasta/outfmt0/e2d_n_sub8k.fa -subject_loc '1- 5' -outfmt 0	NCBI exit 255 'Error: NCBI C++ Exception:\n    T0 "/opt/conda/conda-bld/blast_1754905306566/work'; LOSAT 'Error: the -subject_loc value "1- 5" has a part " 5" that NCBI BLAST+ cannot convert to an int (it stops with a CStringE'
tblastn	losat-rejects	spelling -subject_loc '1-5 '	-query tests/fasta/outfmt0/e2d_p_q.faa -subject tests/fasta/outfmt0/e2d_n_sub8k.fa -subject_loc '1-5 ' -outfmt 0	NCBI exit 255 'Error: NCBI C++ Exception:\n    T0 "/opt/conda/conda-bld/blast_1754905306566/work'; LOSAT 'Error: the -subject_loc value "1-5 " has a part "5 " that NCBI BLAST+ cannot convert to an int (it stops with a CStringE'
tblastn	losat-rejects	spelling -subject_loc 'a-5'	-query tests/fasta/outfmt0/e2d_p_q.faa -subject tests/fasta/outfmt0/e2d_n_sub8k.fa -subject_loc a-5 -outfmt 0	NCBI exit 255 'Error: NCBI C++ Exception:\n    T0 "/opt/conda/conda-bld/blast_1754905306566/work'; LOSAT 'Error: the -subject_loc value "a-5" has a part "a" that NCBI BLAST+ cannot convert to an int (it stops with a CStringExc'
tblastn	losat-rejects	spelling -subject_loc '1-5a'	-query tests/fasta/outfmt0/e2d_p_q.faa -subject tests/fasta/outfmt0/e2d_n_sub8k.fa -subject_loc 1-5a -outfmt 0	NCBI exit 255 'Error: NCBI C++ Exception:\n    T0 "/opt/conda/conda-bld/blast_1754905306566/work'; LOSAT 'Error: the -subject_loc value "1-5a" has a part "5a" that NCBI BLAST+ cannot convert to an int (it stops with a CStringE'
tblastn	losat-rejects	spelling -subject_loc '1.0-5'	-query tests/fasta/outfmt0/e2d_p_q.faa -subject tests/fasta/outfmt0/e2d_n_sub8k.fa -subject_loc 1.0-5 -outfmt 0	NCBI exit 255 'Error: NCBI C++ Exception:\n    T0 "/opt/conda/conda-bld/blast_1754905306566/work'; LOSAT 'Error: the -subject_loc value "1.0-5" has a part "1.0" that NCBI BLAST+ cannot convert to an int (it stops with a CStrin'
tblastn	losat-rejects	spelling -subject_loc '0x10-0x20'	-query tests/fasta/outfmt0/e2d_p_q.faa -subject tests/fasta/outfmt0/e2d_n_sub8k.fa -subject_loc 0x10-0x20 -outfmt 0	NCBI exit 255 'Error: NCBI C++ Exception:\n    T0 "/opt/conda/conda-bld/blast_1754905306566/work'; LOSAT 'Error: the -subject_loc value "0x10-0x20" has a part "0x10" that NCBI BLAST+ cannot convert to an int (it stops with a C'
tblastn	losat-rejects	spelling -subject_loc '1,0-50'	-query tests/fasta/outfmt0/e2d_p_q.faa -subject tests/fasta/outfmt0/e2d_n_sub8k.fa -subject_loc 1,0-50 -outfmt 0	NCBI exit 255 'Error: NCBI C++ Exception:\n    T0 "/opt/conda/conda-bld/blast_1754905306566/work'; LOSAT 'Error: the -subject_loc value "1,0-50" has a part "1,0" that NCBI BLAST+ cannot convert to an int (it stops with a CStri'
tblastn	losat-rejects	spelling -subject_loc '0-a'	-query tests/fasta/outfmt0/e2d_p_q.faa -subject tests/fasta/outfmt0/e2d_n_sub8k.fa -subject_loc 0-a -outfmt 0	NCBI exit 255 'Error: NCBI C++ Exception:\n    T0 "/opt/conda/conda-bld/blast_1754905306566/work'; LOSAT 'Error: the -subject_loc value "0-a" has a part "a" that NCBI BLAST+ cannot convert to an int (it stops with a CStringExc'
tblastn	losat-rejects	spelling -subject_loc '1-2147483648'	-query tests/fasta/outfmt0/e2d_p_q.faa -subject tests/fasta/outfmt0/e2d_n_sub8k.fa -subject_loc 1-2147483648 -outfmt 0	NCBI exit 255 'Error: NCBI C++ Exception:\n    T0 "/opt/conda/conda-bld/blast_1754905306566/work'; LOSAT 'Error: the -subject_loc value "1-2147483648" has a part "2147483648" that NCBI BLAST+ cannot convert to an int (it stops'
tblastn	losat-rejects	spelling -subject_loc '2147483648-1'	-query tests/fasta/outfmt0/e2d_p_q.faa -subject tests/fasta/outfmt0/e2d_n_sub8k.fa -subject_loc 2147483648-1 -outfmt 0	NCBI exit 255 'Error: NCBI C++ Exception:\n    T0 "/opt/conda/conda-bld/blast_1754905306566/work'; LOSAT 'Error: the -subject_loc value "2147483648-1" has a part "2147483648" that NCBI BLAST+ cannot convert to an int (it stops'
tblastn	losat-rejects	spelling -subject_loc '1-9999999999999999999'	-query tests/fasta/outfmt0/e2d_p_q.faa -subject tests/fasta/outfmt0/e2d_n_sub8k.fa -subject_loc 1-9999999999999999999 -outfmt 0	NCBI exit 255 'Error: NCBI C++ Exception:\n    T0 "/opt/conda/conda-bld/blast_1754905306566/work'; LOSAT 'Error: the -subject_loc value "1-9999999999999999999" has a part "9999999999999999999" that NCBI BLAST+ cannot convert t'
tblastn	same	edge -query_loc 1-2	-query tests/fasta/outfmt0/e2d_p_q.faa -subject tests/fasta/outfmt0/e2d_n_sub8k.fa -query_loc 1-2 -outfmt 0	
tblastn	same	edge -query_loc 1-673	-query tests/fasta/outfmt0/e2d_p_q.faa -subject tests/fasta/outfmt0/e2d_n_sub8k.fa -query_loc 1-673 -outfmt 0	
tblastn	same	edge -query_loc 1-674	-query tests/fasta/outfmt0/e2d_p_q.faa -subject tests/fasta/outfmt0/e2d_n_sub8k.fa -query_loc 1-674 -outfmt 0	
tblastn	same	edge -query_loc 1-675	-query tests/fasta/outfmt0/e2d_p_q.faa -subject tests/fasta/outfmt0/e2d_n_sub8k.fa -query_loc 1-675 -outfmt 0	
tblastn	same	edge -query_loc 1-2147483647	-query tests/fasta/outfmt0/e2d_p_q.faa -subject tests/fasta/outfmt0/e2d_n_sub8k.fa -query_loc 1-2147483647 -outfmt 0	
tblastn	same	edge -query_loc 673-674	-query tests/fasta/outfmt0/e2d_p_q.faa -subject tests/fasta/outfmt0/e2d_n_sub8k.fa -query_loc 673-674 -outfmt 0	
tblastn	same	edge -query_loc 673-675	-query tests/fasta/outfmt0/e2d_p_q.faa -subject tests/fasta/outfmt0/e2d_n_sub8k.fa -query_loc 673-675 -outfmt 0	
tblastn	same	edge -query_loc 673-2147483647	-query tests/fasta/outfmt0/e2d_p_q.faa -subject tests/fasta/outfmt0/e2d_n_sub8k.fa -query_loc 673-2147483647 -outfmt 0	
tblastn	same	edge -query_loc 674-675	-query tests/fasta/outfmt0/e2d_p_q.faa -subject tests/fasta/outfmt0/e2d_n_sub8k.fa -query_loc 674-675 -outfmt 0	
tblastn	same	edge -query_loc 674-2147483647	-query tests/fasta/outfmt0/e2d_p_q.faa -subject tests/fasta/outfmt0/e2d_n_sub8k.fa -query_loc 674-2147483647 -outfmt 0	
tblastn	losat-rejects	edge -query_loc 675-676	-query tests/fasta/outfmt0/e2d_p_q.faa -subject tests/fasta/outfmt0/e2d_n_sub8k.fa -query_loc 675-676 -outfmt 0	NCBI exit 3 'BLAST engine error: Warning: Sequence contains no data'; LOSAT 'Error: query record 1 (BDT63357.1) has no letters in the -query_loc range (the range starts just past its end); NCBI BLA'
tblastn	losat-rejects	edge -query_loc 675-2147483647	-query tests/fasta/outfmt0/e2d_p_q.faa -subject tests/fasta/outfmt0/e2d_n_sub8k.fa -query_loc 675-2147483647 -outfmt 0	NCBI exit 3 'BLAST engine error: Warning: Sequence contains no data'; LOSAT 'Error: query record 1 (BDT63357.1) has no letters in the -query_loc range (the range starts just past its end); NCBI BLA'
tblastn	same-error	edge -query_loc 676-677	-query tests/fasta/outfmt0/e2d_p_q.faa -subject tests/fasta/outfmt0/e2d_n_sub8k.fa -query_loc 676-677 -outfmt 0	BLAST engine error: Empty CBlastQueryVector
tblastn	same-error	edge -query_loc 676-2147483647	-query tests/fasta/outfmt0/e2d_p_q.faa -subject tests/fasta/outfmt0/e2d_n_sub8k.fa -query_loc 676-2147483647 -outfmt 0	BLAST engine error: Empty CBlastQueryVector
tblastn	same	edge -subject_loc 1-2	-query tests/fasta/outfmt0/e2d_p_q.faa -subject tests/fasta/outfmt0/e2d_n_sub8k.fa -subject_loc 1-2 -outfmt 0	
tblastn	same	edge -subject_loc 1-8000	-query tests/fasta/outfmt0/e2d_p_q.faa -subject tests/fasta/outfmt0/e2d_n_sub8k.fa -subject_loc 1-8000 -outfmt 0	
tblastn	same	edge -subject_loc 1-8001	-query tests/fasta/outfmt0/e2d_p_q.faa -subject tests/fasta/outfmt0/e2d_n_sub8k.fa -subject_loc 1-8001 -outfmt 0	
tblastn	same	edge -subject_loc 1-8002	-query tests/fasta/outfmt0/e2d_p_q.faa -subject tests/fasta/outfmt0/e2d_n_sub8k.fa -subject_loc 1-8002 -outfmt 0	
tblastn	same	edge -subject_loc 1-2147483647	-query tests/fasta/outfmt0/e2d_p_q.faa -subject tests/fasta/outfmt0/e2d_n_sub8k.fa -subject_loc 1-2147483647 -outfmt 0	
tblastn	same	edge -subject_loc 8000-8001	-query tests/fasta/outfmt0/e2d_p_q.faa -subject tests/fasta/outfmt0/e2d_n_sub8k.fa -subject_loc 8000-8001 -outfmt 0	
tblastn	same	edge -subject_loc 8000-8002	-query tests/fasta/outfmt0/e2d_p_q.faa -subject tests/fasta/outfmt0/e2d_n_sub8k.fa -subject_loc 8000-8002 -outfmt 0	
tblastn	same	edge -subject_loc 8000-2147483647	-query tests/fasta/outfmt0/e2d_p_q.faa -subject tests/fasta/outfmt0/e2d_n_sub8k.fa -subject_loc 8000-2147483647 -outfmt 0	
tblastn	same	edge -subject_loc 8001-8002	-query tests/fasta/outfmt0/e2d_p_q.faa -subject tests/fasta/outfmt0/e2d_n_sub8k.fa -subject_loc 8001-8002 -outfmt 0	
tblastn	same	edge -subject_loc 8001-2147483647	-query tests/fasta/outfmt0/e2d_p_q.faa -subject tests/fasta/outfmt0/e2d_n_sub8k.fa -subject_loc 8001-2147483647 -outfmt 0	
tblastn	losat-rejects	edge -subject_loc 8002-8003	-query tests/fasta/outfmt0/e2d_p_q.faa -subject tests/fasta/outfmt0/e2d_n_sub8k.fa -subject_loc 8002-8003 -outfmt 0	NCBI exit 0 'Warning: [tblastn] Subject_1 sub8k: Subject sequence contains no data'; LOSAT 'Error: subject record 1 (sub8k) has no letters in the -subject_loc range (the range starts just past its end); NCBI BLAS'
tblastn	losat-rejects	edge -subject_loc 8002-2147483647	-query tests/fasta/outfmt0/e2d_p_q.faa -subject tests/fasta/outfmt0/e2d_n_sub8k.fa -subject_loc 8002-2147483647 -outfmt 0	NCBI exit 0 'Warning: [tblastn] Subject_1 sub8k: Subject sequence contains no data'; LOSAT 'Error: subject record 1 (sub8k) has no letters in the -subject_loc range (the range starts just past its end); NCBI BLAS'
tblastn	same-error	edge -subject_loc 8003-8004	-query tests/fasta/outfmt0/e2d_p_q.faa -subject tests/fasta/outfmt0/e2d_n_sub8k.fa -subject_loc 8003-8004 -outfmt 0	BLAST query/options error: Invalid from coordinate (greater than sequence length) | Please refer to the BLAST+ user manu
tblastn	same-error	edge -subject_loc 8003-2147483647	-query tests/fasta/outfmt0/e2d_p_q.faa -subject tests/fasta/outfmt0/e2d_n_sub8k.fa -subject_loc 8003-2147483647 -outfmt 0	BLAST query/options error: Invalid from coordinate (greater than sequence length) | Please refer to the BLAST+ user manu
tblastn	same-error	pair 2-1 2-1	-query tests/fasta/outfmt0/e2d_p_q.faa -subject tests/fasta/outfmt0/e2d_n_sub8k.fa -query_loc 2-1 -subject_loc 2-1 -outfmt 0	BLAST engine error: Invalid specification of subject location (start cannot be larger than stop)
tblastn	same-error	pair 10-20-30 5-1	-query tests/fasta/outfmt0/e2d_p_q.faa -subject tests/fasta/outfmt0/e2d_n_sub8k.fa -query_loc 10-20-30 -subject_loc 5-1 -outfmt 0	BLAST engine error: Invalid specification of subject location (start cannot be larger than stop)
tblastn	same-error	pair 1-50 2-1	-query tests/fasta/outfmt0/e2d_p_q.faa -subject tests/fasta/outfmt0/e2d_n_sub8k.fa -query_loc 1-50 -subject_loc 2-1 -outfmt 0	BLAST engine error: Invalid specification of subject location (start cannot be larger than stop)
tblastn	same-error	pair 2-1 1-50	-query tests/fasta/outfmt0/e2d_p_q.faa -subject tests/fasta/outfmt0/e2d_n_sub8k.fa -query_loc 2-1 -subject_loc 1-50 -outfmt 0	BLAST engine error: Invalid specification of query location (start cannot be larger than stop)
tblastn	same	pair 100-600 50-500	-query tests/fasta/outfmt0/e2d_p_q.faa -subject tests/fasta/outfmt0/e2d_n_sub8k.fa -query_loc 100-600 -subject_loc 50-500 -outfmt 0	
tblastn	same	pair 1-100000 1-100000	-query tests/fasta/outfmt0/e2d_p_q.faa -subject tests/fasta/outfmt0/e2d_n_sub8k.fa -query_loc 1-100000 -subject_loc 1-100000 -outfmt 0	
tblastn	same	spelling -query_loc '10-20'	-query tests/fasta/outfmt0/e2d_p_q.faa -subject tests/fasta/outfmt0/e2d_n_sub8k.fa -query_loc 10-20 -outfmt 6	
tblastn	same	spelling -query_loc '1-2'	-query tests/fasta/outfmt0/e2d_p_q.faa -subject tests/fasta/outfmt0/e2d_n_sub8k.fa -query_loc 1-2 -outfmt 6	
tblastn	same	spelling -query_loc '+1-5'	-query tests/fasta/outfmt0/e2d_p_q.faa -subject tests/fasta/outfmt0/e2d_n_sub8k.fa -query_loc +1-5 -outfmt 6	
tblastn	same	spelling -query_loc '01-05'	-query tests/fasta/outfmt0/e2d_p_q.faa -subject tests/fasta/outfmt0/e2d_n_sub8k.fa -query_loc 01-05 -outfmt 6	
tblastn	same	spelling -query_loc '1-+5'	-query tests/fasta/outfmt0/e2d_p_q.faa -subject tests/fasta/outfmt0/e2d_n_sub8k.fa -query_loc 1-+5 -outfmt 6	
tblastn	same	spelling -query_loc '1-2147483647'	-query tests/fasta/outfmt0/e2d_p_q.faa -subject tests/fasta/outfmt0/e2d_n_sub8k.fa -query_loc 1-2147483647 -outfmt 6	
tblastn	same-error	spelling -query_loc '1-1'	-query tests/fasta/outfmt0/e2d_p_q.faa -subject tests/fasta/outfmt0/e2d_n_sub8k.fa -query_loc 1-1 -outfmt 6	BLAST engine error: Invalid specification of query location (range cannot be empty)
tblastn	same-error	spelling -query_loc '5-5'	-query tests/fasta/outfmt0/e2d_p_q.faa -subject tests/fasta/outfmt0/e2d_n_sub8k.fa -query_loc 5-5 -outfmt 6	BLAST engine error: Invalid specification of query location (range cannot be empty)
tblastn	same-error	spelling -query_loc '20-10'	-query tests/fasta/outfmt0/e2d_p_q.faa -subject tests/fasta/outfmt0/e2d_n_sub8k.fa -query_loc 20-10 -outfmt 6	BLAST engine error: Invalid specification of query location (start cannot be larger than stop)
tblastn	same-error	spelling -query_loc '2-1'	-query tests/fasta/outfmt0/e2d_p_q.faa -subject tests/fasta/outfmt0/e2d_n_sub8k.fa -query_loc 2-1 -outfmt 6	BLAST engine error: Invalid specification of query location (start cannot be larger than stop)
tblastn	same-error	spelling -query_loc '0-10'	-query tests/fasta/outfmt0/e2d_p_q.faa -subject tests/fasta/outfmt0/e2d_n_sub8k.fa -query_loc 0-10 -outfmt 6	BLAST engine error: Invalid specification of query location (range elements cannot be less than or equal to 0)
tblastn	same-error	spelling -query_loc '10-0'	-query tests/fasta/outfmt0/e2d_p_q.faa -subject tests/fasta/outfmt0/e2d_n_sub8k.fa -query_loc 10-0 -outfmt 6	BLAST engine error: Invalid specification of query location (range elements cannot be less than or equal to 0)
tblastn	same-error	spelling -query_loc '-10'	-query tests/fasta/outfmt0/e2d_p_q.faa -subject tests/fasta/outfmt0/e2d_n_sub8k.fa -query_loc -10 -outfmt 6	BLAST engine error: Invalid specification of query location (Format: start-stop)
tblastn	same-error	spelling -query_loc '10-'	-query tests/fasta/outfmt0/e2d_p_q.faa -subject tests/fasta/outfmt0/e2d_n_sub8k.fa -query_loc 10- -outfmt 6	BLAST engine error: Invalid specification of query location (Format: start-stop)
tblastn	same-error	spelling -query_loc '10'	-query tests/fasta/outfmt0/e2d_p_q.faa -subject tests/fasta/outfmt0/e2d_n_sub8k.fa -query_loc 10 -outfmt 6	BLAST engine error: Invalid specification of query location (Format: start-stop)
tblastn	same-error	spelling -query_loc '1--5'	-query tests/fasta/outfmt0/e2d_p_q.faa -subject tests/fasta/outfmt0/e2d_n_sub8k.fa -query_loc 1--5 -outfmt 6	BLAST engine error: Invalid specification of query location (Format: start-stop)
tblastn	same-error	spelling -query_loc '1-2-3'	-query tests/fasta/outfmt0/e2d_p_q.faa -subject tests/fasta/outfmt0/e2d_n_sub8k.fa -query_loc 1-2-3 -outfmt 6	BLAST engine error: Invalid specification of query location (Format: start-stop)
tblastn	same-error	spelling -query_loc ''	-query tests/fasta/outfmt0/e2d_p_q.faa -subject tests/fasta/outfmt0/e2d_n_sub8k.fa -query_loc '' -outfmt 6	BLAST engine error: Invalid specification of query location (Format: start-stop)
tblastn	same-error	spelling -query_loc '-'	-query tests/fasta/outfmt0/e2d_p_q.faa -subject tests/fasta/outfmt0/e2d_n_sub8k.fa -query_loc - -outfmt 6	BLAST engine error: Invalid specification of query location (Format: start-stop)
tblastn	same-error	spelling -query_loc '--'	-query tests/fasta/outfmt0/e2d_p_q.faa -subject tests/fasta/outfmt0/e2d_n_sub8k.fa -query_loc -- -outfmt 6	BLAST engine error: Invalid specification of query location (Format: start-stop)
tblastn	same-error	spelling -query_loc '-5-10'	-query tests/fasta/outfmt0/e2d_p_q.faa -subject tests/fasta/outfmt0/e2d_n_sub8k.fa -query_loc -5-10 -outfmt 6	BLAST engine error: Invalid specification of query location (Format: start-stop)
tblastn	losat-rejects	spelling -query_loc ' 1-5'	-query tests/fasta/outfmt0/e2d_p_q.faa -subject tests/fasta/outfmt0/e2d_n_sub8k.fa -query_loc ' 1-5' -outfmt 6	NCBI exit 255 'Error: NCBI C++ Exception:\n    T0 "/opt/conda/conda-bld/blast_1754905306566/work'; LOSAT 'Error: the -query_loc value " 1-5" has a part " 1" that NCBI BLAST+ cannot convert to an int (it stops with a CStringExc'
tblastn	losat-rejects	spelling -query_loc '1- 5'	-query tests/fasta/outfmt0/e2d_p_q.faa -subject tests/fasta/outfmt0/e2d_n_sub8k.fa -query_loc '1- 5' -outfmt 6	NCBI exit 255 'Error: NCBI C++ Exception:\n    T0 "/opt/conda/conda-bld/blast_1754905306566/work'; LOSAT 'Error: the -query_loc value "1- 5" has a part " 5" that NCBI BLAST+ cannot convert to an int (it stops with a CStringExc'
tblastn	losat-rejects	spelling -query_loc '1-5 '	-query tests/fasta/outfmt0/e2d_p_q.faa -subject tests/fasta/outfmt0/e2d_n_sub8k.fa -query_loc '1-5 ' -outfmt 6	NCBI exit 255 'Error: NCBI C++ Exception:\n    T0 "/opt/conda/conda-bld/blast_1754905306566/work'; LOSAT 'Error: the -query_loc value "1-5 " has a part "5 " that NCBI BLAST+ cannot convert to an int (it stops with a CStringExc'
tblastn	losat-rejects	spelling -query_loc 'a-5'	-query tests/fasta/outfmt0/e2d_p_q.faa -subject tests/fasta/outfmt0/e2d_n_sub8k.fa -query_loc a-5 -outfmt 6	NCBI exit 255 'Error: NCBI C++ Exception:\n    T0 "/opt/conda/conda-bld/blast_1754905306566/work'; LOSAT 'Error: the -query_loc value "a-5" has a part "a" that NCBI BLAST+ cannot convert to an int (it stops with a CStringExcep'
tblastn	losat-rejects	spelling -query_loc '1-5a'	-query tests/fasta/outfmt0/e2d_p_q.faa -subject tests/fasta/outfmt0/e2d_n_sub8k.fa -query_loc 1-5a -outfmt 6	NCBI exit 255 'Error: NCBI C++ Exception:\n    T0 "/opt/conda/conda-bld/blast_1754905306566/work'; LOSAT 'Error: the -query_loc value "1-5a" has a part "5a" that NCBI BLAST+ cannot convert to an int (it stops with a CStringExc'
tblastn	losat-rejects	spelling -query_loc '1.0-5'	-query tests/fasta/outfmt0/e2d_p_q.faa -subject tests/fasta/outfmt0/e2d_n_sub8k.fa -query_loc 1.0-5 -outfmt 6	NCBI exit 255 'Error: NCBI C++ Exception:\n    T0 "/opt/conda/conda-bld/blast_1754905306566/work'; LOSAT 'Error: the -query_loc value "1.0-5" has a part "1.0" that NCBI BLAST+ cannot convert to an int (it stops with a CStringE'
tblastn	losat-rejects	spelling -query_loc '0x10-0x20'	-query tests/fasta/outfmt0/e2d_p_q.faa -subject tests/fasta/outfmt0/e2d_n_sub8k.fa -query_loc 0x10-0x20 -outfmt 6	NCBI exit 255 'Error: NCBI C++ Exception:\n    T0 "/opt/conda/conda-bld/blast_1754905306566/work'; LOSAT 'Error: the -query_loc value "0x10-0x20" has a part "0x10" that NCBI BLAST+ cannot convert to an int (it stops with a CSt'
tblastn	losat-rejects	spelling -query_loc '1,0-50'	-query tests/fasta/outfmt0/e2d_p_q.faa -subject tests/fasta/outfmt0/e2d_n_sub8k.fa -query_loc 1,0-50 -outfmt 6	NCBI exit 255 'Error: NCBI C++ Exception:\n    T0 "/opt/conda/conda-bld/blast_1754905306566/work'; LOSAT 'Error: the -query_loc value "1,0-50" has a part "1,0" that NCBI BLAST+ cannot convert to an int (it stops with a CString'
tblastn	losat-rejects	spelling -query_loc '0-a'	-query tests/fasta/outfmt0/e2d_p_q.faa -subject tests/fasta/outfmt0/e2d_n_sub8k.fa -query_loc 0-a -outfmt 6	NCBI exit 255 'Error: NCBI C++ Exception:\n    T0 "/opt/conda/conda-bld/blast_1754905306566/work'; LOSAT 'Error: the -query_loc value "0-a" has a part "a" that NCBI BLAST+ cannot convert to an int (it stops with a CStringExcep'
tblastn	losat-rejects	spelling -query_loc '1-2147483648'	-query tests/fasta/outfmt0/e2d_p_q.faa -subject tests/fasta/outfmt0/e2d_n_sub8k.fa -query_loc 1-2147483648 -outfmt 6	NCBI exit 255 'Error: NCBI C++ Exception:\n    T0 "/opt/conda/conda-bld/blast_1754905306566/work'; LOSAT 'Error: the -query_loc value "1-2147483648" has a part "2147483648" that NCBI BLAST+ cannot convert to an int (it stops w'
tblastn	losat-rejects	spelling -query_loc '2147483648-1'	-query tests/fasta/outfmt0/e2d_p_q.faa -subject tests/fasta/outfmt0/e2d_n_sub8k.fa -query_loc 2147483648-1 -outfmt 6	NCBI exit 255 'Error: NCBI C++ Exception:\n    T0 "/opt/conda/conda-bld/blast_1754905306566/work'; LOSAT 'Error: the -query_loc value "2147483648-1" has a part "2147483648" that NCBI BLAST+ cannot convert to an int (it stops w'
tblastn	losat-rejects	spelling -query_loc '1-9999999999999999999'	-query tests/fasta/outfmt0/e2d_p_q.faa -subject tests/fasta/outfmt0/e2d_n_sub8k.fa -query_loc 1-9999999999999999999 -outfmt 6	NCBI exit 255 'Error: NCBI C++ Exception:\n    T0 "/opt/conda/conda-bld/blast_1754905306566/work'; LOSAT 'Error: the -query_loc value "1-9999999999999999999" has a part "9999999999999999999" that NCBI BLAST+ cannot convert to '
tblastn	same	spelling -subject_loc '10-20'	-query tests/fasta/outfmt0/e2d_p_q.faa -subject tests/fasta/outfmt0/e2d_n_sub8k.fa -subject_loc 10-20 -outfmt 6	
tblastn	same	spelling -subject_loc '1-2'	-query tests/fasta/outfmt0/e2d_p_q.faa -subject tests/fasta/outfmt0/e2d_n_sub8k.fa -subject_loc 1-2 -outfmt 6	
tblastn	same	spelling -subject_loc '+1-5'	-query tests/fasta/outfmt0/e2d_p_q.faa -subject tests/fasta/outfmt0/e2d_n_sub8k.fa -subject_loc +1-5 -outfmt 6	
tblastn	same	spelling -subject_loc '01-05'	-query tests/fasta/outfmt0/e2d_p_q.faa -subject tests/fasta/outfmt0/e2d_n_sub8k.fa -subject_loc 01-05 -outfmt 6	
tblastn	same	spelling -subject_loc '1-+5'	-query tests/fasta/outfmt0/e2d_p_q.faa -subject tests/fasta/outfmt0/e2d_n_sub8k.fa -subject_loc 1-+5 -outfmt 6	
tblastn	same	spelling -subject_loc '1-2147483647'	-query tests/fasta/outfmt0/e2d_p_q.faa -subject tests/fasta/outfmt0/e2d_n_sub8k.fa -subject_loc 1-2147483647 -outfmt 6	
tblastn	same-error	spelling -subject_loc '1-1'	-query tests/fasta/outfmt0/e2d_p_q.faa -subject tests/fasta/outfmt0/e2d_n_sub8k.fa -subject_loc 1-1 -outfmt 6	BLAST engine error: Invalid specification of subject location (range cannot be empty)
tblastn	same-error	spelling -subject_loc '5-5'	-query tests/fasta/outfmt0/e2d_p_q.faa -subject tests/fasta/outfmt0/e2d_n_sub8k.fa -subject_loc 5-5 -outfmt 6	BLAST engine error: Invalid specification of subject location (range cannot be empty)
tblastn	same-error	spelling -subject_loc '20-10'	-query tests/fasta/outfmt0/e2d_p_q.faa -subject tests/fasta/outfmt0/e2d_n_sub8k.fa -subject_loc 20-10 -outfmt 6	BLAST engine error: Invalid specification of subject location (start cannot be larger than stop)
tblastn	same-error	spelling -subject_loc '2-1'	-query tests/fasta/outfmt0/e2d_p_q.faa -subject tests/fasta/outfmt0/e2d_n_sub8k.fa -subject_loc 2-1 -outfmt 6	BLAST engine error: Invalid specification of subject location (start cannot be larger than stop)
tblastn	same-error	spelling -subject_loc '0-10'	-query tests/fasta/outfmt0/e2d_p_q.faa -subject tests/fasta/outfmt0/e2d_n_sub8k.fa -subject_loc 0-10 -outfmt 6	BLAST engine error: Invalid specification of subject location (range elements cannot be less than or equal to 0)
tblastn	same-error	spelling -subject_loc '10-0'	-query tests/fasta/outfmt0/e2d_p_q.faa -subject tests/fasta/outfmt0/e2d_n_sub8k.fa -subject_loc 10-0 -outfmt 6	BLAST engine error: Invalid specification of subject location (range elements cannot be less than or equal to 0)
tblastn	same-error	spelling -subject_loc '-10'	-query tests/fasta/outfmt0/e2d_p_q.faa -subject tests/fasta/outfmt0/e2d_n_sub8k.fa -subject_loc -10 -outfmt 6	BLAST engine error: Invalid specification of subject location (Format: start-stop)
tblastn	same-error	spelling -subject_loc '10-'	-query tests/fasta/outfmt0/e2d_p_q.faa -subject tests/fasta/outfmt0/e2d_n_sub8k.fa -subject_loc 10- -outfmt 6	BLAST engine error: Invalid specification of subject location (Format: start-stop)
tblastn	same-error	spelling -subject_loc '10'	-query tests/fasta/outfmt0/e2d_p_q.faa -subject tests/fasta/outfmt0/e2d_n_sub8k.fa -subject_loc 10 -outfmt 6	BLAST engine error: Invalid specification of subject location (Format: start-stop)
tblastn	same-error	spelling -subject_loc '1--5'	-query tests/fasta/outfmt0/e2d_p_q.faa -subject tests/fasta/outfmt0/e2d_n_sub8k.fa -subject_loc 1--5 -outfmt 6	BLAST engine error: Invalid specification of subject location (Format: start-stop)
tblastn	same-error	spelling -subject_loc '1-2-3'	-query tests/fasta/outfmt0/e2d_p_q.faa -subject tests/fasta/outfmt0/e2d_n_sub8k.fa -subject_loc 1-2-3 -outfmt 6	BLAST engine error: Invalid specification of subject location (Format: start-stop)
tblastn	same-error	spelling -subject_loc ''	-query tests/fasta/outfmt0/e2d_p_q.faa -subject tests/fasta/outfmt0/e2d_n_sub8k.fa -subject_loc '' -outfmt 6	BLAST engine error: Invalid specification of subject location (Format: start-stop)
tblastn	same-error	spelling -subject_loc '-'	-query tests/fasta/outfmt0/e2d_p_q.faa -subject tests/fasta/outfmt0/e2d_n_sub8k.fa -subject_loc - -outfmt 6	BLAST engine error: Invalid specification of subject location (Format: start-stop)
tblastn	same-error	spelling -subject_loc '--'	-query tests/fasta/outfmt0/e2d_p_q.faa -subject tests/fasta/outfmt0/e2d_n_sub8k.fa -subject_loc -- -outfmt 6	BLAST engine error: Invalid specification of subject location (Format: start-stop)
tblastn	same-error	spelling -subject_loc '-5-10'	-query tests/fasta/outfmt0/e2d_p_q.faa -subject tests/fasta/outfmt0/e2d_n_sub8k.fa -subject_loc -5-10 -outfmt 6	BLAST engine error: Invalid specification of subject location (Format: start-stop)
tblastn	losat-rejects	spelling -subject_loc ' 1-5'	-query tests/fasta/outfmt0/e2d_p_q.faa -subject tests/fasta/outfmt0/e2d_n_sub8k.fa -subject_loc ' 1-5' -outfmt 6	NCBI exit 255 'Error: NCBI C++ Exception:\n    T0 "/opt/conda/conda-bld/blast_1754905306566/work'; LOSAT 'Error: the -subject_loc value " 1-5" has a part " 1" that NCBI BLAST+ cannot convert to an int (it stops with a CStringE'
tblastn	losat-rejects	spelling -subject_loc '1- 5'	-query tests/fasta/outfmt0/e2d_p_q.faa -subject tests/fasta/outfmt0/e2d_n_sub8k.fa -subject_loc '1- 5' -outfmt 6	NCBI exit 255 'Error: NCBI C++ Exception:\n    T0 "/opt/conda/conda-bld/blast_1754905306566/work'; LOSAT 'Error: the -subject_loc value "1- 5" has a part " 5" that NCBI BLAST+ cannot convert to an int (it stops with a CStringE'
tblastn	losat-rejects	spelling -subject_loc '1-5 '	-query tests/fasta/outfmt0/e2d_p_q.faa -subject tests/fasta/outfmt0/e2d_n_sub8k.fa -subject_loc '1-5 ' -outfmt 6	NCBI exit 255 'Error: NCBI C++ Exception:\n    T0 "/opt/conda/conda-bld/blast_1754905306566/work'; LOSAT 'Error: the -subject_loc value "1-5 " has a part "5 " that NCBI BLAST+ cannot convert to an int (it stops with a CStringE'
tblastn	losat-rejects	spelling -subject_loc 'a-5'	-query tests/fasta/outfmt0/e2d_p_q.faa -subject tests/fasta/outfmt0/e2d_n_sub8k.fa -subject_loc a-5 -outfmt 6	NCBI exit 255 'Error: NCBI C++ Exception:\n    T0 "/opt/conda/conda-bld/blast_1754905306566/work'; LOSAT 'Error: the -subject_loc value "a-5" has a part "a" that NCBI BLAST+ cannot convert to an int (it stops with a CStringExc'
tblastn	losat-rejects	spelling -subject_loc '1-5a'	-query tests/fasta/outfmt0/e2d_p_q.faa -subject tests/fasta/outfmt0/e2d_n_sub8k.fa -subject_loc 1-5a -outfmt 6	NCBI exit 255 'Error: NCBI C++ Exception:\n    T0 "/opt/conda/conda-bld/blast_1754905306566/work'; LOSAT 'Error: the -subject_loc value "1-5a" has a part "5a" that NCBI BLAST+ cannot convert to an int (it stops with a CStringE'
tblastn	losat-rejects	spelling -subject_loc '1.0-5'	-query tests/fasta/outfmt0/e2d_p_q.faa -subject tests/fasta/outfmt0/e2d_n_sub8k.fa -subject_loc 1.0-5 -outfmt 6	NCBI exit 255 'Error: NCBI C++ Exception:\n    T0 "/opt/conda/conda-bld/blast_1754905306566/work'; LOSAT 'Error: the -subject_loc value "1.0-5" has a part "1.0" that NCBI BLAST+ cannot convert to an int (it stops with a CStrin'
tblastn	losat-rejects	spelling -subject_loc '0x10-0x20'	-query tests/fasta/outfmt0/e2d_p_q.faa -subject tests/fasta/outfmt0/e2d_n_sub8k.fa -subject_loc 0x10-0x20 -outfmt 6	NCBI exit 255 'Error: NCBI C++ Exception:\n    T0 "/opt/conda/conda-bld/blast_1754905306566/work'; LOSAT 'Error: the -subject_loc value "0x10-0x20" has a part "0x10" that NCBI BLAST+ cannot convert to an int (it stops with a C'
tblastn	losat-rejects	spelling -subject_loc '1,0-50'	-query tests/fasta/outfmt0/e2d_p_q.faa -subject tests/fasta/outfmt0/e2d_n_sub8k.fa -subject_loc 1,0-50 -outfmt 6	NCBI exit 255 'Error: NCBI C++ Exception:\n    T0 "/opt/conda/conda-bld/blast_1754905306566/work'; LOSAT 'Error: the -subject_loc value "1,0-50" has a part "1,0" that NCBI BLAST+ cannot convert to an int (it stops with a CStri'
tblastn	losat-rejects	spelling -subject_loc '0-a'	-query tests/fasta/outfmt0/e2d_p_q.faa -subject tests/fasta/outfmt0/e2d_n_sub8k.fa -subject_loc 0-a -outfmt 6	NCBI exit 255 'Error: NCBI C++ Exception:\n    T0 "/opt/conda/conda-bld/blast_1754905306566/work'; LOSAT 'Error: the -subject_loc value "0-a" has a part "a" that NCBI BLAST+ cannot convert to an int (it stops with a CStringExc'
tblastn	losat-rejects	spelling -subject_loc '1-2147483648'	-query tests/fasta/outfmt0/e2d_p_q.faa -subject tests/fasta/outfmt0/e2d_n_sub8k.fa -subject_loc 1-2147483648 -outfmt 6	NCBI exit 255 'Error: NCBI C++ Exception:\n    T0 "/opt/conda/conda-bld/blast_1754905306566/work'; LOSAT 'Error: the -subject_loc value "1-2147483648" has a part "2147483648" that NCBI BLAST+ cannot convert to an int (it stops'
tblastn	losat-rejects	spelling -subject_loc '2147483648-1'	-query tests/fasta/outfmt0/e2d_p_q.faa -subject tests/fasta/outfmt0/e2d_n_sub8k.fa -subject_loc 2147483648-1 -outfmt 6	NCBI exit 255 'Error: NCBI C++ Exception:\n    T0 "/opt/conda/conda-bld/blast_1754905306566/work'; LOSAT 'Error: the -subject_loc value "2147483648-1" has a part "2147483648" that NCBI BLAST+ cannot convert to an int (it stops'
tblastn	losat-rejects	spelling -subject_loc '1-9999999999999999999'	-query tests/fasta/outfmt0/e2d_p_q.faa -subject tests/fasta/outfmt0/e2d_n_sub8k.fa -subject_loc 1-9999999999999999999 -outfmt 6	NCBI exit 255 'Error: NCBI C++ Exception:\n    T0 "/opt/conda/conda-bld/blast_1754905306566/work'; LOSAT 'Error: the -subject_loc value "1-9999999999999999999" has a part "9999999999999999999" that NCBI BLAST+ cannot convert t'
tblastn	same	edge -query_loc 1-2	-query tests/fasta/outfmt0/e2d_p_q.faa -subject tests/fasta/outfmt0/e2d_n_sub8k.fa -query_loc 1-2 -outfmt 6	
tblastn	same	edge -query_loc 1-673	-query tests/fasta/outfmt0/e2d_p_q.faa -subject tests/fasta/outfmt0/e2d_n_sub8k.fa -query_loc 1-673 -outfmt 6	
tblastn	same	edge -query_loc 1-674	-query tests/fasta/outfmt0/e2d_p_q.faa -subject tests/fasta/outfmt0/e2d_n_sub8k.fa -query_loc 1-674 -outfmt 6	
tblastn	same	edge -query_loc 1-675	-query tests/fasta/outfmt0/e2d_p_q.faa -subject tests/fasta/outfmt0/e2d_n_sub8k.fa -query_loc 1-675 -outfmt 6	
tblastn	same	edge -query_loc 1-2147483647	-query tests/fasta/outfmt0/e2d_p_q.faa -subject tests/fasta/outfmt0/e2d_n_sub8k.fa -query_loc 1-2147483647 -outfmt 6	
tblastn	same	edge -query_loc 673-674	-query tests/fasta/outfmt0/e2d_p_q.faa -subject tests/fasta/outfmt0/e2d_n_sub8k.fa -query_loc 673-674 -outfmt 6	
tblastn	same	edge -query_loc 673-675	-query tests/fasta/outfmt0/e2d_p_q.faa -subject tests/fasta/outfmt0/e2d_n_sub8k.fa -query_loc 673-675 -outfmt 6	
tblastn	same	edge -query_loc 673-2147483647	-query tests/fasta/outfmt0/e2d_p_q.faa -subject tests/fasta/outfmt0/e2d_n_sub8k.fa -query_loc 673-2147483647 -outfmt 6	
tblastn	same	edge -query_loc 674-675	-query tests/fasta/outfmt0/e2d_p_q.faa -subject tests/fasta/outfmt0/e2d_n_sub8k.fa -query_loc 674-675 -outfmt 6	
tblastn	same	edge -query_loc 674-2147483647	-query tests/fasta/outfmt0/e2d_p_q.faa -subject tests/fasta/outfmt0/e2d_n_sub8k.fa -query_loc 674-2147483647 -outfmt 6	
tblastn	losat-rejects	edge -query_loc 675-676	-query tests/fasta/outfmt0/e2d_p_q.faa -subject tests/fasta/outfmt0/e2d_n_sub8k.fa -query_loc 675-676 -outfmt 6	NCBI exit 3 'BLAST engine error: Warning: Sequence contains no data'; LOSAT 'Error: query record 1 (BDT63357.1) has no letters in the -query_loc range (the range starts just past its end); NCBI BLA'
tblastn	losat-rejects	edge -query_loc 675-2147483647	-query tests/fasta/outfmt0/e2d_p_q.faa -subject tests/fasta/outfmt0/e2d_n_sub8k.fa -query_loc 675-2147483647 -outfmt 6	NCBI exit 3 'BLAST engine error: Warning: Sequence contains no data'; LOSAT 'Error: query record 1 (BDT63357.1) has no letters in the -query_loc range (the range starts just past its end); NCBI BLA'
tblastn	same-error	edge -query_loc 676-677	-query tests/fasta/outfmt0/e2d_p_q.faa -subject tests/fasta/outfmt0/e2d_n_sub8k.fa -query_loc 676-677 -outfmt 6	BLAST engine error: Empty CBlastQueryVector
tblastn	same-error	edge -query_loc 676-2147483647	-query tests/fasta/outfmt0/e2d_p_q.faa -subject tests/fasta/outfmt0/e2d_n_sub8k.fa -query_loc 676-2147483647 -outfmt 6	BLAST engine error: Empty CBlastQueryVector
tblastn	same	edge -subject_loc 1-2	-query tests/fasta/outfmt0/e2d_p_q.faa -subject tests/fasta/outfmt0/e2d_n_sub8k.fa -subject_loc 1-2 -outfmt 6	
tblastn	same	edge -subject_loc 1-8000	-query tests/fasta/outfmt0/e2d_p_q.faa -subject tests/fasta/outfmt0/e2d_n_sub8k.fa -subject_loc 1-8000 -outfmt 6	
tblastn	same	edge -subject_loc 1-8001	-query tests/fasta/outfmt0/e2d_p_q.faa -subject tests/fasta/outfmt0/e2d_n_sub8k.fa -subject_loc 1-8001 -outfmt 6	
tblastn	same	edge -subject_loc 1-8002	-query tests/fasta/outfmt0/e2d_p_q.faa -subject tests/fasta/outfmt0/e2d_n_sub8k.fa -subject_loc 1-8002 -outfmt 6	
tblastn	same	edge -subject_loc 1-2147483647	-query tests/fasta/outfmt0/e2d_p_q.faa -subject tests/fasta/outfmt0/e2d_n_sub8k.fa -subject_loc 1-2147483647 -outfmt 6	
tblastn	same	edge -subject_loc 8000-8001	-query tests/fasta/outfmt0/e2d_p_q.faa -subject tests/fasta/outfmt0/e2d_n_sub8k.fa -subject_loc 8000-8001 -outfmt 6	
tblastn	same	edge -subject_loc 8000-8002	-query tests/fasta/outfmt0/e2d_p_q.faa -subject tests/fasta/outfmt0/e2d_n_sub8k.fa -subject_loc 8000-8002 -outfmt 6	
tblastn	same	edge -subject_loc 8000-2147483647	-query tests/fasta/outfmt0/e2d_p_q.faa -subject tests/fasta/outfmt0/e2d_n_sub8k.fa -subject_loc 8000-2147483647 -outfmt 6	
tblastn	same	edge -subject_loc 8001-8002	-query tests/fasta/outfmt0/e2d_p_q.faa -subject tests/fasta/outfmt0/e2d_n_sub8k.fa -subject_loc 8001-8002 -outfmt 6	
tblastn	same	edge -subject_loc 8001-2147483647	-query tests/fasta/outfmt0/e2d_p_q.faa -subject tests/fasta/outfmt0/e2d_n_sub8k.fa -subject_loc 8001-2147483647 -outfmt 6	
tblastn	losat-rejects	edge -subject_loc 8002-8003	-query tests/fasta/outfmt0/e2d_p_q.faa -subject tests/fasta/outfmt0/e2d_n_sub8k.fa -subject_loc 8002-8003 -outfmt 6	NCBI exit 0 'Warning: [tblastn] Subject_1 sub8k: Subject sequence contains no data'; LOSAT 'Error: subject record 1 (sub8k) has no letters in the -subject_loc range (the range starts just past its end); NCBI BLAS'
tblastn	losat-rejects	edge -subject_loc 8002-2147483647	-query tests/fasta/outfmt0/e2d_p_q.faa -subject tests/fasta/outfmt0/e2d_n_sub8k.fa -subject_loc 8002-2147483647 -outfmt 6	NCBI exit 0 'Warning: [tblastn] Subject_1 sub8k: Subject sequence contains no data'; LOSAT 'Error: subject record 1 (sub8k) has no letters in the -subject_loc range (the range starts just past its end); NCBI BLAS'
tblastn	same-error	edge -subject_loc 8003-8004	-query tests/fasta/outfmt0/e2d_p_q.faa -subject tests/fasta/outfmt0/e2d_n_sub8k.fa -subject_loc 8003-8004 -outfmt 6	BLAST query/options error: Invalid from coordinate (greater than sequence length) | Please refer to the BLAST+ user manu
tblastn	same-error	edge -subject_loc 8003-2147483647	-query tests/fasta/outfmt0/e2d_p_q.faa -subject tests/fasta/outfmt0/e2d_n_sub8k.fa -subject_loc 8003-2147483647 -outfmt 6	BLAST query/options error: Invalid from coordinate (greater than sequence length) | Please refer to the BLAST+ user manu
tblastn	same-error	pair 2-1 2-1	-query tests/fasta/outfmt0/e2d_p_q.faa -subject tests/fasta/outfmt0/e2d_n_sub8k.fa -query_loc 2-1 -subject_loc 2-1 -outfmt 6	BLAST engine error: Invalid specification of subject location (start cannot be larger than stop)
tblastn	same-error	pair 10-20-30 5-1	-query tests/fasta/outfmt0/e2d_p_q.faa -subject tests/fasta/outfmt0/e2d_n_sub8k.fa -query_loc 10-20-30 -subject_loc 5-1 -outfmt 6	BLAST engine error: Invalid specification of subject location (start cannot be larger than stop)
tblastn	same-error	pair 1-50 2-1	-query tests/fasta/outfmt0/e2d_p_q.faa -subject tests/fasta/outfmt0/e2d_n_sub8k.fa -query_loc 1-50 -subject_loc 2-1 -outfmt 6	BLAST engine error: Invalid specification of subject location (start cannot be larger than stop)
tblastn	same-error	pair 2-1 1-50	-query tests/fasta/outfmt0/e2d_p_q.faa -subject tests/fasta/outfmt0/e2d_n_sub8k.fa -query_loc 2-1 -subject_loc 1-50 -outfmt 6	BLAST engine error: Invalid specification of query location (start cannot be larger than stop)
tblastn	same	pair 100-600 50-500	-query tests/fasta/outfmt0/e2d_p_q.faa -subject tests/fasta/outfmt0/e2d_n_sub8k.fa -query_loc 100-600 -subject_loc 50-500 -outfmt 6	
tblastn	same	pair 1-100000 1-100000	-query tests/fasta/outfmt0/e2d_p_q.faa -subject tests/fasta/outfmt0/e2d_n_sub8k.fa -query_loc 1-100000 -subject_loc 1-100000 -outfmt 6	
tblastn	same	spelling -query_loc '10-20'	-query tests/fasta/outfmt0/e2d_p_q.faa -subject tests/fasta/outfmt0/e2d_n_sub8k.fa -query_loc 10-20 -outfmt 7	
tblastn	same	spelling -query_loc '1-2'	-query tests/fasta/outfmt0/e2d_p_q.faa -subject tests/fasta/outfmt0/e2d_n_sub8k.fa -query_loc 1-2 -outfmt 7	
tblastn	same	spelling -query_loc '+1-5'	-query tests/fasta/outfmt0/e2d_p_q.faa -subject tests/fasta/outfmt0/e2d_n_sub8k.fa -query_loc +1-5 -outfmt 7	
tblastn	same	spelling -query_loc '01-05'	-query tests/fasta/outfmt0/e2d_p_q.faa -subject tests/fasta/outfmt0/e2d_n_sub8k.fa -query_loc 01-05 -outfmt 7	
tblastn	same	spelling -query_loc '1-+5'	-query tests/fasta/outfmt0/e2d_p_q.faa -subject tests/fasta/outfmt0/e2d_n_sub8k.fa -query_loc 1-+5 -outfmt 7	
tblastn	same	spelling -query_loc '1-2147483647'	-query tests/fasta/outfmt0/e2d_p_q.faa -subject tests/fasta/outfmt0/e2d_n_sub8k.fa -query_loc 1-2147483647 -outfmt 7	
tblastn	same-error	spelling -query_loc '1-1'	-query tests/fasta/outfmt0/e2d_p_q.faa -subject tests/fasta/outfmt0/e2d_n_sub8k.fa -query_loc 1-1 -outfmt 7	BLAST engine error: Invalid specification of query location (range cannot be empty)
tblastn	same-error	spelling -query_loc '5-5'	-query tests/fasta/outfmt0/e2d_p_q.faa -subject tests/fasta/outfmt0/e2d_n_sub8k.fa -query_loc 5-5 -outfmt 7	BLAST engine error: Invalid specification of query location (range cannot be empty)
tblastn	same-error	spelling -query_loc '20-10'	-query tests/fasta/outfmt0/e2d_p_q.faa -subject tests/fasta/outfmt0/e2d_n_sub8k.fa -query_loc 20-10 -outfmt 7	BLAST engine error: Invalid specification of query location (start cannot be larger than stop)
tblastn	same-error	spelling -query_loc '2-1'	-query tests/fasta/outfmt0/e2d_p_q.faa -subject tests/fasta/outfmt0/e2d_n_sub8k.fa -query_loc 2-1 -outfmt 7	BLAST engine error: Invalid specification of query location (start cannot be larger than stop)
tblastn	same-error	spelling -query_loc '0-10'	-query tests/fasta/outfmt0/e2d_p_q.faa -subject tests/fasta/outfmt0/e2d_n_sub8k.fa -query_loc 0-10 -outfmt 7	BLAST engine error: Invalid specification of query location (range elements cannot be less than or equal to 0)
tblastn	same-error	spelling -query_loc '10-0'	-query tests/fasta/outfmt0/e2d_p_q.faa -subject tests/fasta/outfmt0/e2d_n_sub8k.fa -query_loc 10-0 -outfmt 7	BLAST engine error: Invalid specification of query location (range elements cannot be less than or equal to 0)
tblastn	same-error	spelling -query_loc '-10'	-query tests/fasta/outfmt0/e2d_p_q.faa -subject tests/fasta/outfmt0/e2d_n_sub8k.fa -query_loc -10 -outfmt 7	BLAST engine error: Invalid specification of query location (Format: start-stop)
tblastn	same-error	spelling -query_loc '10-'	-query tests/fasta/outfmt0/e2d_p_q.faa -subject tests/fasta/outfmt0/e2d_n_sub8k.fa -query_loc 10- -outfmt 7	BLAST engine error: Invalid specification of query location (Format: start-stop)
tblastn	same-error	spelling -query_loc '10'	-query tests/fasta/outfmt0/e2d_p_q.faa -subject tests/fasta/outfmt0/e2d_n_sub8k.fa -query_loc 10 -outfmt 7	BLAST engine error: Invalid specification of query location (Format: start-stop)
tblastn	same-error	spelling -query_loc '1--5'	-query tests/fasta/outfmt0/e2d_p_q.faa -subject tests/fasta/outfmt0/e2d_n_sub8k.fa -query_loc 1--5 -outfmt 7	BLAST engine error: Invalid specification of query location (Format: start-stop)
tblastn	same-error	spelling -query_loc '1-2-3'	-query tests/fasta/outfmt0/e2d_p_q.faa -subject tests/fasta/outfmt0/e2d_n_sub8k.fa -query_loc 1-2-3 -outfmt 7	BLAST engine error: Invalid specification of query location (Format: start-stop)
tblastn	same-error	spelling -query_loc ''	-query tests/fasta/outfmt0/e2d_p_q.faa -subject tests/fasta/outfmt0/e2d_n_sub8k.fa -query_loc '' -outfmt 7	BLAST engine error: Invalid specification of query location (Format: start-stop)
tblastn	same-error	spelling -query_loc '-'	-query tests/fasta/outfmt0/e2d_p_q.faa -subject tests/fasta/outfmt0/e2d_n_sub8k.fa -query_loc - -outfmt 7	BLAST engine error: Invalid specification of query location (Format: start-stop)
tblastn	same-error	spelling -query_loc '--'	-query tests/fasta/outfmt0/e2d_p_q.faa -subject tests/fasta/outfmt0/e2d_n_sub8k.fa -query_loc -- -outfmt 7	BLAST engine error: Invalid specification of query location (Format: start-stop)
tblastn	same-error	spelling -query_loc '-5-10'	-query tests/fasta/outfmt0/e2d_p_q.faa -subject tests/fasta/outfmt0/e2d_n_sub8k.fa -query_loc -5-10 -outfmt 7	BLAST engine error: Invalid specification of query location (Format: start-stop)
tblastn	losat-rejects	spelling -query_loc ' 1-5'	-query tests/fasta/outfmt0/e2d_p_q.faa -subject tests/fasta/outfmt0/e2d_n_sub8k.fa -query_loc ' 1-5' -outfmt 7	NCBI exit 255 'Error: NCBI C++ Exception:\n    T0 "/opt/conda/conda-bld/blast_1754905306566/work'; LOSAT 'Error: the -query_loc value " 1-5" has a part " 1" that NCBI BLAST+ cannot convert to an int (it stops with a CStringExc'
tblastn	losat-rejects	spelling -query_loc '1- 5'	-query tests/fasta/outfmt0/e2d_p_q.faa -subject tests/fasta/outfmt0/e2d_n_sub8k.fa -query_loc '1- 5' -outfmt 7	NCBI exit 255 'Error: NCBI C++ Exception:\n    T0 "/opt/conda/conda-bld/blast_1754905306566/work'; LOSAT 'Error: the -query_loc value "1- 5" has a part " 5" that NCBI BLAST+ cannot convert to an int (it stops with a CStringExc'
tblastn	losat-rejects	spelling -query_loc '1-5 '	-query tests/fasta/outfmt0/e2d_p_q.faa -subject tests/fasta/outfmt0/e2d_n_sub8k.fa -query_loc '1-5 ' -outfmt 7	NCBI exit 255 'Error: NCBI C++ Exception:\n    T0 "/opt/conda/conda-bld/blast_1754905306566/work'; LOSAT 'Error: the -query_loc value "1-5 " has a part "5 " that NCBI BLAST+ cannot convert to an int (it stops with a CStringExc'
tblastn	losat-rejects	spelling -query_loc 'a-5'	-query tests/fasta/outfmt0/e2d_p_q.faa -subject tests/fasta/outfmt0/e2d_n_sub8k.fa -query_loc a-5 -outfmt 7	NCBI exit 255 'Error: NCBI C++ Exception:\n    T0 "/opt/conda/conda-bld/blast_1754905306566/work'; LOSAT 'Error: the -query_loc value "a-5" has a part "a" that NCBI BLAST+ cannot convert to an int (it stops with a CStringExcep'
tblastn	losat-rejects	spelling -query_loc '1-5a'	-query tests/fasta/outfmt0/e2d_p_q.faa -subject tests/fasta/outfmt0/e2d_n_sub8k.fa -query_loc 1-5a -outfmt 7	NCBI exit 255 'Error: NCBI C++ Exception:\n    T0 "/opt/conda/conda-bld/blast_1754905306566/work'; LOSAT 'Error: the -query_loc value "1-5a" has a part "5a" that NCBI BLAST+ cannot convert to an int (it stops with a CStringExc'
tblastn	losat-rejects	spelling -query_loc '1.0-5'	-query tests/fasta/outfmt0/e2d_p_q.faa -subject tests/fasta/outfmt0/e2d_n_sub8k.fa -query_loc 1.0-5 -outfmt 7	NCBI exit 255 'Error: NCBI C++ Exception:\n    T0 "/opt/conda/conda-bld/blast_1754905306566/work'; LOSAT 'Error: the -query_loc value "1.0-5" has a part "1.0" that NCBI BLAST+ cannot convert to an int (it stops with a CStringE'
tblastn	losat-rejects	spelling -query_loc '0x10-0x20'	-query tests/fasta/outfmt0/e2d_p_q.faa -subject tests/fasta/outfmt0/e2d_n_sub8k.fa -query_loc 0x10-0x20 -outfmt 7	NCBI exit 255 'Error: NCBI C++ Exception:\n    T0 "/opt/conda/conda-bld/blast_1754905306566/work'; LOSAT 'Error: the -query_loc value "0x10-0x20" has a part "0x10" that NCBI BLAST+ cannot convert to an int (it stops with a CSt'
tblastn	losat-rejects	spelling -query_loc '1,0-50'	-query tests/fasta/outfmt0/e2d_p_q.faa -subject tests/fasta/outfmt0/e2d_n_sub8k.fa -query_loc 1,0-50 -outfmt 7	NCBI exit 255 'Error: NCBI C++ Exception:\n    T0 "/opt/conda/conda-bld/blast_1754905306566/work'; LOSAT 'Error: the -query_loc value "1,0-50" has a part "1,0" that NCBI BLAST+ cannot convert to an int (it stops with a CString'
tblastn	losat-rejects	spelling -query_loc '0-a'	-query tests/fasta/outfmt0/e2d_p_q.faa -subject tests/fasta/outfmt0/e2d_n_sub8k.fa -query_loc 0-a -outfmt 7	NCBI exit 255 'Error: NCBI C++ Exception:\n    T0 "/opt/conda/conda-bld/blast_1754905306566/work'; LOSAT 'Error: the -query_loc value "0-a" has a part "a" that NCBI BLAST+ cannot convert to an int (it stops with a CStringExcep'
tblastn	losat-rejects	spelling -query_loc '1-2147483648'	-query tests/fasta/outfmt0/e2d_p_q.faa -subject tests/fasta/outfmt0/e2d_n_sub8k.fa -query_loc 1-2147483648 -outfmt 7	NCBI exit 255 'Error: NCBI C++ Exception:\n    T0 "/opt/conda/conda-bld/blast_1754905306566/work'; LOSAT 'Error: the -query_loc value "1-2147483648" has a part "2147483648" that NCBI BLAST+ cannot convert to an int (it stops w'
tblastn	losat-rejects	spelling -query_loc '2147483648-1'	-query tests/fasta/outfmt0/e2d_p_q.faa -subject tests/fasta/outfmt0/e2d_n_sub8k.fa -query_loc 2147483648-1 -outfmt 7	NCBI exit 255 'Error: NCBI C++ Exception:\n    T0 "/opt/conda/conda-bld/blast_1754905306566/work'; LOSAT 'Error: the -query_loc value "2147483648-1" has a part "2147483648" that NCBI BLAST+ cannot convert to an int (it stops w'
tblastn	losat-rejects	spelling -query_loc '1-9999999999999999999'	-query tests/fasta/outfmt0/e2d_p_q.faa -subject tests/fasta/outfmt0/e2d_n_sub8k.fa -query_loc 1-9999999999999999999 -outfmt 7	NCBI exit 255 'Error: NCBI C++ Exception:\n    T0 "/opt/conda/conda-bld/blast_1754905306566/work'; LOSAT 'Error: the -query_loc value "1-9999999999999999999" has a part "9999999999999999999" that NCBI BLAST+ cannot convert to '
tblastn	same	spelling -subject_loc '10-20'	-query tests/fasta/outfmt0/e2d_p_q.faa -subject tests/fasta/outfmt0/e2d_n_sub8k.fa -subject_loc 10-20 -outfmt 7	
tblastn	same	spelling -subject_loc '1-2'	-query tests/fasta/outfmt0/e2d_p_q.faa -subject tests/fasta/outfmt0/e2d_n_sub8k.fa -subject_loc 1-2 -outfmt 7	
tblastn	same	spelling -subject_loc '+1-5'	-query tests/fasta/outfmt0/e2d_p_q.faa -subject tests/fasta/outfmt0/e2d_n_sub8k.fa -subject_loc +1-5 -outfmt 7	
tblastn	same	spelling -subject_loc '01-05'	-query tests/fasta/outfmt0/e2d_p_q.faa -subject tests/fasta/outfmt0/e2d_n_sub8k.fa -subject_loc 01-05 -outfmt 7	
tblastn	same	spelling -subject_loc '1-+5'	-query tests/fasta/outfmt0/e2d_p_q.faa -subject tests/fasta/outfmt0/e2d_n_sub8k.fa -subject_loc 1-+5 -outfmt 7	
tblastn	same	spelling -subject_loc '1-2147483647'	-query tests/fasta/outfmt0/e2d_p_q.faa -subject tests/fasta/outfmt0/e2d_n_sub8k.fa -subject_loc 1-2147483647 -outfmt 7	
tblastn	same-error	spelling -subject_loc '1-1'	-query tests/fasta/outfmt0/e2d_p_q.faa -subject tests/fasta/outfmt0/e2d_n_sub8k.fa -subject_loc 1-1 -outfmt 7	BLAST engine error: Invalid specification of subject location (range cannot be empty)
tblastn	same-error	spelling -subject_loc '5-5'	-query tests/fasta/outfmt0/e2d_p_q.faa -subject tests/fasta/outfmt0/e2d_n_sub8k.fa -subject_loc 5-5 -outfmt 7	BLAST engine error: Invalid specification of subject location (range cannot be empty)
tblastn	same-error	spelling -subject_loc '20-10'	-query tests/fasta/outfmt0/e2d_p_q.faa -subject tests/fasta/outfmt0/e2d_n_sub8k.fa -subject_loc 20-10 -outfmt 7	BLAST engine error: Invalid specification of subject location (start cannot be larger than stop)
tblastn	same-error	spelling -subject_loc '2-1'	-query tests/fasta/outfmt0/e2d_p_q.faa -subject tests/fasta/outfmt0/e2d_n_sub8k.fa -subject_loc 2-1 -outfmt 7	BLAST engine error: Invalid specification of subject location (start cannot be larger than stop)
tblastn	same-error	spelling -subject_loc '0-10'	-query tests/fasta/outfmt0/e2d_p_q.faa -subject tests/fasta/outfmt0/e2d_n_sub8k.fa -subject_loc 0-10 -outfmt 7	BLAST engine error: Invalid specification of subject location (range elements cannot be less than or equal to 0)
tblastn	same-error	spelling -subject_loc '10-0'	-query tests/fasta/outfmt0/e2d_p_q.faa -subject tests/fasta/outfmt0/e2d_n_sub8k.fa -subject_loc 10-0 -outfmt 7	BLAST engine error: Invalid specification of subject location (range elements cannot be less than or equal to 0)
tblastn	same-error	spelling -subject_loc '-10'	-query tests/fasta/outfmt0/e2d_p_q.faa -subject tests/fasta/outfmt0/e2d_n_sub8k.fa -subject_loc -10 -outfmt 7	BLAST engine error: Invalid specification of subject location (Format: start-stop)
tblastn	same-error	spelling -subject_loc '10-'	-query tests/fasta/outfmt0/e2d_p_q.faa -subject tests/fasta/outfmt0/e2d_n_sub8k.fa -subject_loc 10- -outfmt 7	BLAST engine error: Invalid specification of subject location (Format: start-stop)
tblastn	same-error	spelling -subject_loc '10'	-query tests/fasta/outfmt0/e2d_p_q.faa -subject tests/fasta/outfmt0/e2d_n_sub8k.fa -subject_loc 10 -outfmt 7	BLAST engine error: Invalid specification of subject location (Format: start-stop)
tblastn	same-error	spelling -subject_loc '1--5'	-query tests/fasta/outfmt0/e2d_p_q.faa -subject tests/fasta/outfmt0/e2d_n_sub8k.fa -subject_loc 1--5 -outfmt 7	BLAST engine error: Invalid specification of subject location (Format: start-stop)
tblastn	same-error	spelling -subject_loc '1-2-3'	-query tests/fasta/outfmt0/e2d_p_q.faa -subject tests/fasta/outfmt0/e2d_n_sub8k.fa -subject_loc 1-2-3 -outfmt 7	BLAST engine error: Invalid specification of subject location (Format: start-stop)
tblastn	same-error	spelling -subject_loc ''	-query tests/fasta/outfmt0/e2d_p_q.faa -subject tests/fasta/outfmt0/e2d_n_sub8k.fa -subject_loc '' -outfmt 7	BLAST engine error: Invalid specification of subject location (Format: start-stop)
tblastn	same-error	spelling -subject_loc '-'	-query tests/fasta/outfmt0/e2d_p_q.faa -subject tests/fasta/outfmt0/e2d_n_sub8k.fa -subject_loc - -outfmt 7	BLAST engine error: Invalid specification of subject location (Format: start-stop)
tblastn	same-error	spelling -subject_loc '--'	-query tests/fasta/outfmt0/e2d_p_q.faa -subject tests/fasta/outfmt0/e2d_n_sub8k.fa -subject_loc -- -outfmt 7	BLAST engine error: Invalid specification of subject location (Format: start-stop)
tblastn	same-error	spelling -subject_loc '-5-10'	-query tests/fasta/outfmt0/e2d_p_q.faa -subject tests/fasta/outfmt0/e2d_n_sub8k.fa -subject_loc -5-10 -outfmt 7	BLAST engine error: Invalid specification of subject location (Format: start-stop)
tblastn	losat-rejects	spelling -subject_loc ' 1-5'	-query tests/fasta/outfmt0/e2d_p_q.faa -subject tests/fasta/outfmt0/e2d_n_sub8k.fa -subject_loc ' 1-5' -outfmt 7	NCBI exit 255 'Error: NCBI C++ Exception:\n    T0 "/opt/conda/conda-bld/blast_1754905306566/work'; LOSAT 'Error: the -subject_loc value " 1-5" has a part " 1" that NCBI BLAST+ cannot convert to an int (it stops with a CStringE'
tblastn	losat-rejects	spelling -subject_loc '1- 5'	-query tests/fasta/outfmt0/e2d_p_q.faa -subject tests/fasta/outfmt0/e2d_n_sub8k.fa -subject_loc '1- 5' -outfmt 7	NCBI exit 255 'Error: NCBI C++ Exception:\n    T0 "/opt/conda/conda-bld/blast_1754905306566/work'; LOSAT 'Error: the -subject_loc value "1- 5" has a part " 5" that NCBI BLAST+ cannot convert to an int (it stops with a CStringE'
tblastn	losat-rejects	spelling -subject_loc '1-5 '	-query tests/fasta/outfmt0/e2d_p_q.faa -subject tests/fasta/outfmt0/e2d_n_sub8k.fa -subject_loc '1-5 ' -outfmt 7	NCBI exit 255 'Error: NCBI C++ Exception:\n    T0 "/opt/conda/conda-bld/blast_1754905306566/work'; LOSAT 'Error: the -subject_loc value "1-5 " has a part "5 " that NCBI BLAST+ cannot convert to an int (it stops with a CStringE'
tblastn	losat-rejects	spelling -subject_loc 'a-5'	-query tests/fasta/outfmt0/e2d_p_q.faa -subject tests/fasta/outfmt0/e2d_n_sub8k.fa -subject_loc a-5 -outfmt 7	NCBI exit 255 'Error: NCBI C++ Exception:\n    T0 "/opt/conda/conda-bld/blast_1754905306566/work'; LOSAT 'Error: the -subject_loc value "a-5" has a part "a" that NCBI BLAST+ cannot convert to an int (it stops with a CStringExc'
tblastn	losat-rejects	spelling -subject_loc '1-5a'	-query tests/fasta/outfmt0/e2d_p_q.faa -subject tests/fasta/outfmt0/e2d_n_sub8k.fa -subject_loc 1-5a -outfmt 7	NCBI exit 255 'Error: NCBI C++ Exception:\n    T0 "/opt/conda/conda-bld/blast_1754905306566/work'; LOSAT 'Error: the -subject_loc value "1-5a" has a part "5a" that NCBI BLAST+ cannot convert to an int (it stops with a CStringE'
tblastn	losat-rejects	spelling -subject_loc '1.0-5'	-query tests/fasta/outfmt0/e2d_p_q.faa -subject tests/fasta/outfmt0/e2d_n_sub8k.fa -subject_loc 1.0-5 -outfmt 7	NCBI exit 255 'Error: NCBI C++ Exception:\n    T0 "/opt/conda/conda-bld/blast_1754905306566/work'; LOSAT 'Error: the -subject_loc value "1.0-5" has a part "1.0" that NCBI BLAST+ cannot convert to an int (it stops with a CStrin'
tblastn	losat-rejects	spelling -subject_loc '0x10-0x20'	-query tests/fasta/outfmt0/e2d_p_q.faa -subject tests/fasta/outfmt0/e2d_n_sub8k.fa -subject_loc 0x10-0x20 -outfmt 7	NCBI exit 255 'Error: NCBI C++ Exception:\n    T0 "/opt/conda/conda-bld/blast_1754905306566/work'; LOSAT 'Error: the -subject_loc value "0x10-0x20" has a part "0x10" that NCBI BLAST+ cannot convert to an int (it stops with a C'
tblastn	losat-rejects	spelling -subject_loc '1,0-50'	-query tests/fasta/outfmt0/e2d_p_q.faa -subject tests/fasta/outfmt0/e2d_n_sub8k.fa -subject_loc 1,0-50 -outfmt 7	NCBI exit 255 'Error: NCBI C++ Exception:\n    T0 "/opt/conda/conda-bld/blast_1754905306566/work'; LOSAT 'Error: the -subject_loc value "1,0-50" has a part "1,0" that NCBI BLAST+ cannot convert to an int (it stops with a CStri'
tblastn	losat-rejects	spelling -subject_loc '0-a'	-query tests/fasta/outfmt0/e2d_p_q.faa -subject tests/fasta/outfmt0/e2d_n_sub8k.fa -subject_loc 0-a -outfmt 7	NCBI exit 255 'Error: NCBI C++ Exception:\n    T0 "/opt/conda/conda-bld/blast_1754905306566/work'; LOSAT 'Error: the -subject_loc value "0-a" has a part "a" that NCBI BLAST+ cannot convert to an int (it stops with a CStringExc'
tblastn	losat-rejects	spelling -subject_loc '1-2147483648'	-query tests/fasta/outfmt0/e2d_p_q.faa -subject tests/fasta/outfmt0/e2d_n_sub8k.fa -subject_loc 1-2147483648 -outfmt 7	NCBI exit 255 'Error: NCBI C++ Exception:\n    T0 "/opt/conda/conda-bld/blast_1754905306566/work'; LOSAT 'Error: the -subject_loc value "1-2147483648" has a part "2147483648" that NCBI BLAST+ cannot convert to an int (it stops'
tblastn	losat-rejects	spelling -subject_loc '2147483648-1'	-query tests/fasta/outfmt0/e2d_p_q.faa -subject tests/fasta/outfmt0/e2d_n_sub8k.fa -subject_loc 2147483648-1 -outfmt 7	NCBI exit 255 'Error: NCBI C++ Exception:\n    T0 "/opt/conda/conda-bld/blast_1754905306566/work'; LOSAT 'Error: the -subject_loc value "2147483648-1" has a part "2147483648" that NCBI BLAST+ cannot convert to an int (it stops'
tblastn	losat-rejects	spelling -subject_loc '1-9999999999999999999'	-query tests/fasta/outfmt0/e2d_p_q.faa -subject tests/fasta/outfmt0/e2d_n_sub8k.fa -subject_loc 1-9999999999999999999 -outfmt 7	NCBI exit 255 'Error: NCBI C++ Exception:\n    T0 "/opt/conda/conda-bld/blast_1754905306566/work'; LOSAT 'Error: the -subject_loc value "1-9999999999999999999" has a part "9999999999999999999" that NCBI BLAST+ cannot convert t'
tblastn	same	edge -query_loc 1-2	-query tests/fasta/outfmt0/e2d_p_q.faa -subject tests/fasta/outfmt0/e2d_n_sub8k.fa -query_loc 1-2 -outfmt 7	
tblastn	same	edge -query_loc 1-673	-query tests/fasta/outfmt0/e2d_p_q.faa -subject tests/fasta/outfmt0/e2d_n_sub8k.fa -query_loc 1-673 -outfmt 7	
tblastn	same	edge -query_loc 1-674	-query tests/fasta/outfmt0/e2d_p_q.faa -subject tests/fasta/outfmt0/e2d_n_sub8k.fa -query_loc 1-674 -outfmt 7	
tblastn	same	edge -query_loc 1-675	-query tests/fasta/outfmt0/e2d_p_q.faa -subject tests/fasta/outfmt0/e2d_n_sub8k.fa -query_loc 1-675 -outfmt 7	
tblastn	same	edge -query_loc 1-2147483647	-query tests/fasta/outfmt0/e2d_p_q.faa -subject tests/fasta/outfmt0/e2d_n_sub8k.fa -query_loc 1-2147483647 -outfmt 7	
tblastn	same	edge -query_loc 673-674	-query tests/fasta/outfmt0/e2d_p_q.faa -subject tests/fasta/outfmt0/e2d_n_sub8k.fa -query_loc 673-674 -outfmt 7	
tblastn	same	edge -query_loc 673-675	-query tests/fasta/outfmt0/e2d_p_q.faa -subject tests/fasta/outfmt0/e2d_n_sub8k.fa -query_loc 673-675 -outfmt 7	
tblastn	same	edge -query_loc 673-2147483647	-query tests/fasta/outfmt0/e2d_p_q.faa -subject tests/fasta/outfmt0/e2d_n_sub8k.fa -query_loc 673-2147483647 -outfmt 7	
tblastn	same	edge -query_loc 674-675	-query tests/fasta/outfmt0/e2d_p_q.faa -subject tests/fasta/outfmt0/e2d_n_sub8k.fa -query_loc 674-675 -outfmt 7	
tblastn	same	edge -query_loc 674-2147483647	-query tests/fasta/outfmt0/e2d_p_q.faa -subject tests/fasta/outfmt0/e2d_n_sub8k.fa -query_loc 674-2147483647 -outfmt 7	
tblastn	losat-rejects	edge -query_loc 675-676	-query tests/fasta/outfmt0/e2d_p_q.faa -subject tests/fasta/outfmt0/e2d_n_sub8k.fa -query_loc 675-676 -outfmt 7	NCBI exit 3 'BLAST engine error: Warning: Sequence contains no data'; LOSAT 'Error: query record 1 (BDT63357.1) has no letters in the -query_loc range (the range starts just past its end); NCBI BLA'
tblastn	losat-rejects	edge -query_loc 675-2147483647	-query tests/fasta/outfmt0/e2d_p_q.faa -subject tests/fasta/outfmt0/e2d_n_sub8k.fa -query_loc 675-2147483647 -outfmt 7	NCBI exit 3 'BLAST engine error: Warning: Sequence contains no data'; LOSAT 'Error: query record 1 (BDT63357.1) has no letters in the -query_loc range (the range starts just past its end); NCBI BLA'
tblastn	same-error	edge -query_loc 676-677	-query tests/fasta/outfmt0/e2d_p_q.faa -subject tests/fasta/outfmt0/e2d_n_sub8k.fa -query_loc 676-677 -outfmt 7	BLAST engine error: Empty CBlastQueryVector
tblastn	same-error	edge -query_loc 676-2147483647	-query tests/fasta/outfmt0/e2d_p_q.faa -subject tests/fasta/outfmt0/e2d_n_sub8k.fa -query_loc 676-2147483647 -outfmt 7	BLAST engine error: Empty CBlastQueryVector
tblastn	same	edge -subject_loc 1-2	-query tests/fasta/outfmt0/e2d_p_q.faa -subject tests/fasta/outfmt0/e2d_n_sub8k.fa -subject_loc 1-2 -outfmt 7	
tblastn	same	edge -subject_loc 1-8000	-query tests/fasta/outfmt0/e2d_p_q.faa -subject tests/fasta/outfmt0/e2d_n_sub8k.fa -subject_loc 1-8000 -outfmt 7	
tblastn	same	edge -subject_loc 1-8001	-query tests/fasta/outfmt0/e2d_p_q.faa -subject tests/fasta/outfmt0/e2d_n_sub8k.fa -subject_loc 1-8001 -outfmt 7	
tblastn	same	edge -subject_loc 1-8002	-query tests/fasta/outfmt0/e2d_p_q.faa -subject tests/fasta/outfmt0/e2d_n_sub8k.fa -subject_loc 1-8002 -outfmt 7	
tblastn	same	edge -subject_loc 1-2147483647	-query tests/fasta/outfmt0/e2d_p_q.faa -subject tests/fasta/outfmt0/e2d_n_sub8k.fa -subject_loc 1-2147483647 -outfmt 7	
tblastn	same	edge -subject_loc 8000-8001	-query tests/fasta/outfmt0/e2d_p_q.faa -subject tests/fasta/outfmt0/e2d_n_sub8k.fa -subject_loc 8000-8001 -outfmt 7	
tblastn	same	edge -subject_loc 8000-8002	-query tests/fasta/outfmt0/e2d_p_q.faa -subject tests/fasta/outfmt0/e2d_n_sub8k.fa -subject_loc 8000-8002 -outfmt 7	
tblastn	same	edge -subject_loc 8000-2147483647	-query tests/fasta/outfmt0/e2d_p_q.faa -subject tests/fasta/outfmt0/e2d_n_sub8k.fa -subject_loc 8000-2147483647 -outfmt 7	
tblastn	same	edge -subject_loc 8001-8002	-query tests/fasta/outfmt0/e2d_p_q.faa -subject tests/fasta/outfmt0/e2d_n_sub8k.fa -subject_loc 8001-8002 -outfmt 7	
tblastn	same	edge -subject_loc 8001-2147483647	-query tests/fasta/outfmt0/e2d_p_q.faa -subject tests/fasta/outfmt0/e2d_n_sub8k.fa -subject_loc 8001-2147483647 -outfmt 7	
tblastn	losat-rejects	edge -subject_loc 8002-8003	-query tests/fasta/outfmt0/e2d_p_q.faa -subject tests/fasta/outfmt0/e2d_n_sub8k.fa -subject_loc 8002-8003 -outfmt 7	NCBI exit 0 'Warning: [tblastn] Subject_1 sub8k: Subject sequence contains no data'; LOSAT 'Error: subject record 1 (sub8k) has no letters in the -subject_loc range (the range starts just past its end); NCBI BLAS'
tblastn	losat-rejects	edge -subject_loc 8002-2147483647	-query tests/fasta/outfmt0/e2d_p_q.faa -subject tests/fasta/outfmt0/e2d_n_sub8k.fa -subject_loc 8002-2147483647 -outfmt 7	NCBI exit 0 'Warning: [tblastn] Subject_1 sub8k: Subject sequence contains no data'; LOSAT 'Error: subject record 1 (sub8k) has no letters in the -subject_loc range (the range starts just past its end); NCBI BLAS'
tblastn	same-error	edge -subject_loc 8003-8004	-query tests/fasta/outfmt0/e2d_p_q.faa -subject tests/fasta/outfmt0/e2d_n_sub8k.fa -subject_loc 8003-8004 -outfmt 7	BLAST query/options error: Invalid from coordinate (greater than sequence length) | Please refer to the BLAST+ user manu
tblastn	same-error	edge -subject_loc 8003-2147483647	-query tests/fasta/outfmt0/e2d_p_q.faa -subject tests/fasta/outfmt0/e2d_n_sub8k.fa -subject_loc 8003-2147483647 -outfmt 7	BLAST query/options error: Invalid from coordinate (greater than sequence length) | Please refer to the BLAST+ user manu
tblastn	same-error	pair 2-1 2-1	-query tests/fasta/outfmt0/e2d_p_q.faa -subject tests/fasta/outfmt0/e2d_n_sub8k.fa -query_loc 2-1 -subject_loc 2-1 -outfmt 7	BLAST engine error: Invalid specification of subject location (start cannot be larger than stop)
tblastn	same-error	pair 10-20-30 5-1	-query tests/fasta/outfmt0/e2d_p_q.faa -subject tests/fasta/outfmt0/e2d_n_sub8k.fa -query_loc 10-20-30 -subject_loc 5-1 -outfmt 7	BLAST engine error: Invalid specification of subject location (start cannot be larger than stop)
tblastn	same-error	pair 1-50 2-1	-query tests/fasta/outfmt0/e2d_p_q.faa -subject tests/fasta/outfmt0/e2d_n_sub8k.fa -query_loc 1-50 -subject_loc 2-1 -outfmt 7	BLAST engine error: Invalid specification of subject location (start cannot be larger than stop)
tblastn	same-error	pair 2-1 1-50	-query tests/fasta/outfmt0/e2d_p_q.faa -subject tests/fasta/outfmt0/e2d_n_sub8k.fa -query_loc 2-1 -subject_loc 1-50 -outfmt 7	BLAST engine error: Invalid specification of query location (start cannot be larger than stop)
tblastn	same	pair 100-600 50-500	-query tests/fasta/outfmt0/e2d_p_q.faa -subject tests/fasta/outfmt0/e2d_n_sub8k.fa -query_loc 100-600 -subject_loc 50-500 -outfmt 7	
tblastn	same	pair 1-100000 1-100000	-query tests/fasta/outfmt0/e2d_p_q.faa -subject tests/fasta/outfmt0/e2d_n_sub8k.fa -query_loc 1-100000 -subject_loc 1-100000 -outfmt 7	
tblastx	same	spelling -query_loc '10-20'	-query tests/fasta/outfmt0/e2d_x_q.fa -subject tests/fasta/outfmt0/e2d_t_ts.fa -query_loc 10-20 -outfmt 0	
tblastx	same	spelling -query_loc '1-2'	-query tests/fasta/outfmt0/e2d_x_q.fa -subject tests/fasta/outfmt0/e2d_t_ts.fa -query_loc 1-2 -outfmt 0	Warning: [tblastx] Query_1 xq1 nt query one: Could not calculate ungapped Karlin-Altschul parameters due to an invalid q
tblastx	same	spelling -query_loc '+1-5'	-query tests/fasta/outfmt0/e2d_x_q.fa -subject tests/fasta/outfmt0/e2d_t_ts.fa -query_loc +1-5 -outfmt 0	
tblastx	same	spelling -query_loc '01-05'	-query tests/fasta/outfmt0/e2d_x_q.fa -subject tests/fasta/outfmt0/e2d_t_ts.fa -query_loc 01-05 -outfmt 0	
tblastx	same	spelling -query_loc '1-+5'	-query tests/fasta/outfmt0/e2d_x_q.fa -subject tests/fasta/outfmt0/e2d_t_ts.fa -query_loc 1-+5 -outfmt 0	
tblastx	same	spelling -query_loc '1-2147483647'	-query tests/fasta/outfmt0/e2d_x_q.fa -subject tests/fasta/outfmt0/e2d_t_ts.fa -query_loc 1-2147483647 -outfmt 0	
tblastx	same-error	spelling -query_loc '1-1'	-query tests/fasta/outfmt0/e2d_x_q.fa -subject tests/fasta/outfmt0/e2d_t_ts.fa -query_loc 1-1 -outfmt 0	BLAST engine error: Invalid specification of query location (range cannot be empty)
tblastx	same-error	spelling -query_loc '5-5'	-query tests/fasta/outfmt0/e2d_x_q.fa -subject tests/fasta/outfmt0/e2d_t_ts.fa -query_loc 5-5 -outfmt 0	BLAST engine error: Invalid specification of query location (range cannot be empty)
tblastx	same-error	spelling -query_loc '20-10'	-query tests/fasta/outfmt0/e2d_x_q.fa -subject tests/fasta/outfmt0/e2d_t_ts.fa -query_loc 20-10 -outfmt 0	BLAST engine error: Invalid specification of query location (start cannot be larger than stop)
tblastx	same-error	spelling -query_loc '2-1'	-query tests/fasta/outfmt0/e2d_x_q.fa -subject tests/fasta/outfmt0/e2d_t_ts.fa -query_loc 2-1 -outfmt 0	BLAST engine error: Invalid specification of query location (start cannot be larger than stop)
tblastx	same-error	spelling -query_loc '0-10'	-query tests/fasta/outfmt0/e2d_x_q.fa -subject tests/fasta/outfmt0/e2d_t_ts.fa -query_loc 0-10 -outfmt 0	BLAST engine error: Invalid specification of query location (range elements cannot be less than or equal to 0)
tblastx	same-error	spelling -query_loc '10-0'	-query tests/fasta/outfmt0/e2d_x_q.fa -subject tests/fasta/outfmt0/e2d_t_ts.fa -query_loc 10-0 -outfmt 0	BLAST engine error: Invalid specification of query location (range elements cannot be less than or equal to 0)
tblastx	same-error	spelling -query_loc '-10'	-query tests/fasta/outfmt0/e2d_x_q.fa -subject tests/fasta/outfmt0/e2d_t_ts.fa -query_loc -10 -outfmt 0	BLAST engine error: Invalid specification of query location (Format: start-stop)
tblastx	same-error	spelling -query_loc '10-'	-query tests/fasta/outfmt0/e2d_x_q.fa -subject tests/fasta/outfmt0/e2d_t_ts.fa -query_loc 10- -outfmt 0	BLAST engine error: Invalid specification of query location (Format: start-stop)
tblastx	same-error	spelling -query_loc '10'	-query tests/fasta/outfmt0/e2d_x_q.fa -subject tests/fasta/outfmt0/e2d_t_ts.fa -query_loc 10 -outfmt 0	BLAST engine error: Invalid specification of query location (Format: start-stop)
tblastx	same-error	spelling -query_loc '1--5'	-query tests/fasta/outfmt0/e2d_x_q.fa -subject tests/fasta/outfmt0/e2d_t_ts.fa -query_loc 1--5 -outfmt 0	BLAST engine error: Invalid specification of query location (Format: start-stop)
tblastx	same-error	spelling -query_loc '1-2-3'	-query tests/fasta/outfmt0/e2d_x_q.fa -subject tests/fasta/outfmt0/e2d_t_ts.fa -query_loc 1-2-3 -outfmt 0	BLAST engine error: Invalid specification of query location (Format: start-stop)
tblastx	same-error	spelling -query_loc ''	-query tests/fasta/outfmt0/e2d_x_q.fa -subject tests/fasta/outfmt0/e2d_t_ts.fa -query_loc '' -outfmt 0	BLAST engine error: Invalid specification of query location (Format: start-stop)
tblastx	same-error	spelling -query_loc '-'	-query tests/fasta/outfmt0/e2d_x_q.fa -subject tests/fasta/outfmt0/e2d_t_ts.fa -query_loc - -outfmt 0	BLAST engine error: Invalid specification of query location (Format: start-stop)
tblastx	same-error	spelling -query_loc '--'	-query tests/fasta/outfmt0/e2d_x_q.fa -subject tests/fasta/outfmt0/e2d_t_ts.fa -query_loc -- -outfmt 0	BLAST engine error: Invalid specification of query location (Format: start-stop)
tblastx	same-error	spelling -query_loc '-5-10'	-query tests/fasta/outfmt0/e2d_x_q.fa -subject tests/fasta/outfmt0/e2d_t_ts.fa -query_loc -5-10 -outfmt 0	BLAST engine error: Invalid specification of query location (Format: start-stop)
tblastx	losat-rejects	spelling -query_loc ' 1-5'	-query tests/fasta/outfmt0/e2d_x_q.fa -subject tests/fasta/outfmt0/e2d_t_ts.fa -query_loc ' 1-5' -outfmt 0	NCBI exit 255 'Error: NCBI C++ Exception:\n    T0 "/opt/conda/conda-bld/blast_1754905306566/work'; LOSAT 'Error: the -query_loc value " 1-5" has a part " 1" that NCBI BLAST+ cannot convert to an int (it stops with a CStringExc'
tblastx	losat-rejects	spelling -query_loc '1- 5'	-query tests/fasta/outfmt0/e2d_x_q.fa -subject tests/fasta/outfmt0/e2d_t_ts.fa -query_loc '1- 5' -outfmt 0	NCBI exit 255 'Error: NCBI C++ Exception:\n    T0 "/opt/conda/conda-bld/blast_1754905306566/work'; LOSAT 'Error: the -query_loc value "1- 5" has a part " 5" that NCBI BLAST+ cannot convert to an int (it stops with a CStringExc'
tblastx	losat-rejects	spelling -query_loc '1-5 '	-query tests/fasta/outfmt0/e2d_x_q.fa -subject tests/fasta/outfmt0/e2d_t_ts.fa -query_loc '1-5 ' -outfmt 0	NCBI exit 255 'Error: NCBI C++ Exception:\n    T0 "/opt/conda/conda-bld/blast_1754905306566/work'; LOSAT 'Error: the -query_loc value "1-5 " has a part "5 " that NCBI BLAST+ cannot convert to an int (it stops with a CStringExc'
tblastx	losat-rejects	spelling -query_loc 'a-5'	-query tests/fasta/outfmt0/e2d_x_q.fa -subject tests/fasta/outfmt0/e2d_t_ts.fa -query_loc a-5 -outfmt 0	NCBI exit 255 'Error: NCBI C++ Exception:\n    T0 "/opt/conda/conda-bld/blast_1754905306566/work'; LOSAT 'Error: the -query_loc value "a-5" has a part "a" that NCBI BLAST+ cannot convert to an int (it stops with a CStringExcep'
tblastx	losat-rejects	spelling -query_loc '1-5a'	-query tests/fasta/outfmt0/e2d_x_q.fa -subject tests/fasta/outfmt0/e2d_t_ts.fa -query_loc 1-5a -outfmt 0	NCBI exit 255 'Error: NCBI C++ Exception:\n    T0 "/opt/conda/conda-bld/blast_1754905306566/work'; LOSAT 'Error: the -query_loc value "1-5a" has a part "5a" that NCBI BLAST+ cannot convert to an int (it stops with a CStringExc'
tblastx	losat-rejects	spelling -query_loc '1.0-5'	-query tests/fasta/outfmt0/e2d_x_q.fa -subject tests/fasta/outfmt0/e2d_t_ts.fa -query_loc 1.0-5 -outfmt 0	NCBI exit 255 'Error: NCBI C++ Exception:\n    T0 "/opt/conda/conda-bld/blast_1754905306566/work'; LOSAT 'Error: the -query_loc value "1.0-5" has a part "1.0" that NCBI BLAST+ cannot convert to an int (it stops with a CStringE'
tblastx	losat-rejects	spelling -query_loc '0x10-0x20'	-query tests/fasta/outfmt0/e2d_x_q.fa -subject tests/fasta/outfmt0/e2d_t_ts.fa -query_loc 0x10-0x20 -outfmt 0	NCBI exit 255 'Error: NCBI C++ Exception:\n    T0 "/opt/conda/conda-bld/blast_1754905306566/work'; LOSAT 'Error: the -query_loc value "0x10-0x20" has a part "0x10" that NCBI BLAST+ cannot convert to an int (it stops with a CSt'
tblastx	losat-rejects	spelling -query_loc '1,0-50'	-query tests/fasta/outfmt0/e2d_x_q.fa -subject tests/fasta/outfmt0/e2d_t_ts.fa -query_loc 1,0-50 -outfmt 0	NCBI exit 255 'Error: NCBI C++ Exception:\n    T0 "/opt/conda/conda-bld/blast_1754905306566/work'; LOSAT 'Error: the -query_loc value "1,0-50" has a part "1,0" that NCBI BLAST+ cannot convert to an int (it stops with a CString'
tblastx	losat-rejects	spelling -query_loc '0-a'	-query tests/fasta/outfmt0/e2d_x_q.fa -subject tests/fasta/outfmt0/e2d_t_ts.fa -query_loc 0-a -outfmt 0	NCBI exit 255 'Error: NCBI C++ Exception:\n    T0 "/opt/conda/conda-bld/blast_1754905306566/work'; LOSAT 'Error: the -query_loc value "0-a" has a part "a" that NCBI BLAST+ cannot convert to an int (it stops with a CStringExcep'
tblastx	losat-rejects	spelling -query_loc '1-2147483648'	-query tests/fasta/outfmt0/e2d_x_q.fa -subject tests/fasta/outfmt0/e2d_t_ts.fa -query_loc 1-2147483648 -outfmt 0	NCBI exit 255 'Error: NCBI C++ Exception:\n    T0 "/opt/conda/conda-bld/blast_1754905306566/work'; LOSAT 'Error: the -query_loc value "1-2147483648" has a part "2147483648" that NCBI BLAST+ cannot convert to an int (it stops w'
tblastx	losat-rejects	spelling -query_loc '2147483648-1'	-query tests/fasta/outfmt0/e2d_x_q.fa -subject tests/fasta/outfmt0/e2d_t_ts.fa -query_loc 2147483648-1 -outfmt 0	NCBI exit 255 'Error: NCBI C++ Exception:\n    T0 "/opt/conda/conda-bld/blast_1754905306566/work'; LOSAT 'Error: the -query_loc value "2147483648-1" has a part "2147483648" that NCBI BLAST+ cannot convert to an int (it stops w'
tblastx	losat-rejects	spelling -query_loc '1-9999999999999999999'	-query tests/fasta/outfmt0/e2d_x_q.fa -subject tests/fasta/outfmt0/e2d_t_ts.fa -query_loc 1-9999999999999999999 -outfmt 0	NCBI exit 255 'Error: NCBI C++ Exception:\n    T0 "/opt/conda/conda-bld/blast_1754905306566/work'; LOSAT 'Error: the -query_loc value "1-9999999999999999999" has a part "9999999999999999999" that NCBI BLAST+ cannot convert to '
tblastx	same	spelling -subject_loc '10-20'	-query tests/fasta/outfmt0/e2d_x_q.fa -subject tests/fasta/outfmt0/e2d_t_ts.fa -subject_loc 10-20 -outfmt 0	
tblastx	same	spelling -subject_loc '1-2'	-query tests/fasta/outfmt0/e2d_x_q.fa -subject tests/fasta/outfmt0/e2d_t_ts.fa -subject_loc 1-2 -outfmt 0	
tblastx	same	spelling -subject_loc '+1-5'	-query tests/fasta/outfmt0/e2d_x_q.fa -subject tests/fasta/outfmt0/e2d_t_ts.fa -subject_loc +1-5 -outfmt 0	
tblastx	same	spelling -subject_loc '01-05'	-query tests/fasta/outfmt0/e2d_x_q.fa -subject tests/fasta/outfmt0/e2d_t_ts.fa -subject_loc 01-05 -outfmt 0	
tblastx	same	spelling -subject_loc '1-+5'	-query tests/fasta/outfmt0/e2d_x_q.fa -subject tests/fasta/outfmt0/e2d_t_ts.fa -subject_loc 1-+5 -outfmt 0	
tblastx	same	spelling -subject_loc '1-2147483647'	-query tests/fasta/outfmt0/e2d_x_q.fa -subject tests/fasta/outfmt0/e2d_t_ts.fa -subject_loc 1-2147483647 -outfmt 0	
tblastx	same-error	spelling -subject_loc '1-1'	-query tests/fasta/outfmt0/e2d_x_q.fa -subject tests/fasta/outfmt0/e2d_t_ts.fa -subject_loc 1-1 -outfmt 0	BLAST engine error: Invalid specification of subject location (range cannot be empty)
tblastx	same-error	spelling -subject_loc '5-5'	-query tests/fasta/outfmt0/e2d_x_q.fa -subject tests/fasta/outfmt0/e2d_t_ts.fa -subject_loc 5-5 -outfmt 0	BLAST engine error: Invalid specification of subject location (range cannot be empty)
tblastx	same-error	spelling -subject_loc '20-10'	-query tests/fasta/outfmt0/e2d_x_q.fa -subject tests/fasta/outfmt0/e2d_t_ts.fa -subject_loc 20-10 -outfmt 0	BLAST engine error: Invalid specification of subject location (start cannot be larger than stop)
tblastx	same-error	spelling -subject_loc '2-1'	-query tests/fasta/outfmt0/e2d_x_q.fa -subject tests/fasta/outfmt0/e2d_t_ts.fa -subject_loc 2-1 -outfmt 0	BLAST engine error: Invalid specification of subject location (start cannot be larger than stop)
tblastx	same-error	spelling -subject_loc '0-10'	-query tests/fasta/outfmt0/e2d_x_q.fa -subject tests/fasta/outfmt0/e2d_t_ts.fa -subject_loc 0-10 -outfmt 0	BLAST engine error: Invalid specification of subject location (range elements cannot be less than or equal to 0)
tblastx	same-error	spelling -subject_loc '10-0'	-query tests/fasta/outfmt0/e2d_x_q.fa -subject tests/fasta/outfmt0/e2d_t_ts.fa -subject_loc 10-0 -outfmt 0	BLAST engine error: Invalid specification of subject location (range elements cannot be less than or equal to 0)
tblastx	same-error	spelling -subject_loc '-10'	-query tests/fasta/outfmt0/e2d_x_q.fa -subject tests/fasta/outfmt0/e2d_t_ts.fa -subject_loc -10 -outfmt 0	BLAST engine error: Invalid specification of subject location (Format: start-stop)
tblastx	same-error	spelling -subject_loc '10-'	-query tests/fasta/outfmt0/e2d_x_q.fa -subject tests/fasta/outfmt0/e2d_t_ts.fa -subject_loc 10- -outfmt 0	BLAST engine error: Invalid specification of subject location (Format: start-stop)
tblastx	same-error	spelling -subject_loc '10'	-query tests/fasta/outfmt0/e2d_x_q.fa -subject tests/fasta/outfmt0/e2d_t_ts.fa -subject_loc 10 -outfmt 0	BLAST engine error: Invalid specification of subject location (Format: start-stop)
tblastx	same-error	spelling -subject_loc '1--5'	-query tests/fasta/outfmt0/e2d_x_q.fa -subject tests/fasta/outfmt0/e2d_t_ts.fa -subject_loc 1--5 -outfmt 0	BLAST engine error: Invalid specification of subject location (Format: start-stop)
tblastx	same-error	spelling -subject_loc '1-2-3'	-query tests/fasta/outfmt0/e2d_x_q.fa -subject tests/fasta/outfmt0/e2d_t_ts.fa -subject_loc 1-2-3 -outfmt 0	BLAST engine error: Invalid specification of subject location (Format: start-stop)
tblastx	same-error	spelling -subject_loc ''	-query tests/fasta/outfmt0/e2d_x_q.fa -subject tests/fasta/outfmt0/e2d_t_ts.fa -subject_loc '' -outfmt 0	BLAST engine error: Invalid specification of subject location (Format: start-stop)
tblastx	same-error	spelling -subject_loc '-'	-query tests/fasta/outfmt0/e2d_x_q.fa -subject tests/fasta/outfmt0/e2d_t_ts.fa -subject_loc - -outfmt 0	BLAST engine error: Invalid specification of subject location (Format: start-stop)
tblastx	same-error	spelling -subject_loc '--'	-query tests/fasta/outfmt0/e2d_x_q.fa -subject tests/fasta/outfmt0/e2d_t_ts.fa -subject_loc -- -outfmt 0	BLAST engine error: Invalid specification of subject location (Format: start-stop)
tblastx	same-error	spelling -subject_loc '-5-10'	-query tests/fasta/outfmt0/e2d_x_q.fa -subject tests/fasta/outfmt0/e2d_t_ts.fa -subject_loc -5-10 -outfmt 0	BLAST engine error: Invalid specification of subject location (Format: start-stop)
tblastx	losat-rejects	spelling -subject_loc ' 1-5'	-query tests/fasta/outfmt0/e2d_x_q.fa -subject tests/fasta/outfmt0/e2d_t_ts.fa -subject_loc ' 1-5' -outfmt 0	NCBI exit 255 'Error: NCBI C++ Exception:\n    T0 "/opt/conda/conda-bld/blast_1754905306566/work'; LOSAT 'Error: the -subject_loc value " 1-5" has a part " 1" that NCBI BLAST+ cannot convert to an int (it stops with a CStringE'
tblastx	losat-rejects	spelling -subject_loc '1- 5'	-query tests/fasta/outfmt0/e2d_x_q.fa -subject tests/fasta/outfmt0/e2d_t_ts.fa -subject_loc '1- 5' -outfmt 0	NCBI exit 255 'Error: NCBI C++ Exception:\n    T0 "/opt/conda/conda-bld/blast_1754905306566/work'; LOSAT 'Error: the -subject_loc value "1- 5" has a part " 5" that NCBI BLAST+ cannot convert to an int (it stops with a CStringE'
tblastx	losat-rejects	spelling -subject_loc '1-5 '	-query tests/fasta/outfmt0/e2d_x_q.fa -subject tests/fasta/outfmt0/e2d_t_ts.fa -subject_loc '1-5 ' -outfmt 0	NCBI exit 255 'Error: NCBI C++ Exception:\n    T0 "/opt/conda/conda-bld/blast_1754905306566/work'; LOSAT 'Error: the -subject_loc value "1-5 " has a part "5 " that NCBI BLAST+ cannot convert to an int (it stops with a CStringE'
tblastx	losat-rejects	spelling -subject_loc 'a-5'	-query tests/fasta/outfmt0/e2d_x_q.fa -subject tests/fasta/outfmt0/e2d_t_ts.fa -subject_loc a-5 -outfmt 0	NCBI exit 255 'Error: NCBI C++ Exception:\n    T0 "/opt/conda/conda-bld/blast_1754905306566/work'; LOSAT 'Error: the -subject_loc value "a-5" has a part "a" that NCBI BLAST+ cannot convert to an int (it stops with a CStringExc'
tblastx	losat-rejects	spelling -subject_loc '1-5a'	-query tests/fasta/outfmt0/e2d_x_q.fa -subject tests/fasta/outfmt0/e2d_t_ts.fa -subject_loc 1-5a -outfmt 0	NCBI exit 255 'Error: NCBI C++ Exception:\n    T0 "/opt/conda/conda-bld/blast_1754905306566/work'; LOSAT 'Error: the -subject_loc value "1-5a" has a part "5a" that NCBI BLAST+ cannot convert to an int (it stops with a CStringE'
tblastx	losat-rejects	spelling -subject_loc '1.0-5'	-query tests/fasta/outfmt0/e2d_x_q.fa -subject tests/fasta/outfmt0/e2d_t_ts.fa -subject_loc 1.0-5 -outfmt 0	NCBI exit 255 'Error: NCBI C++ Exception:\n    T0 "/opt/conda/conda-bld/blast_1754905306566/work'; LOSAT 'Error: the -subject_loc value "1.0-5" has a part "1.0" that NCBI BLAST+ cannot convert to an int (it stops with a CStrin'
tblastx	losat-rejects	spelling -subject_loc '0x10-0x20'	-query tests/fasta/outfmt0/e2d_x_q.fa -subject tests/fasta/outfmt0/e2d_t_ts.fa -subject_loc 0x10-0x20 -outfmt 0	NCBI exit 255 'Error: NCBI C++ Exception:\n    T0 "/opt/conda/conda-bld/blast_1754905306566/work'; LOSAT 'Error: the -subject_loc value "0x10-0x20" has a part "0x10" that NCBI BLAST+ cannot convert to an int (it stops with a C'
tblastx	losat-rejects	spelling -subject_loc '1,0-50'	-query tests/fasta/outfmt0/e2d_x_q.fa -subject tests/fasta/outfmt0/e2d_t_ts.fa -subject_loc 1,0-50 -outfmt 0	NCBI exit 255 'Error: NCBI C++ Exception:\n    T0 "/opt/conda/conda-bld/blast_1754905306566/work'; LOSAT 'Error: the -subject_loc value "1,0-50" has a part "1,0" that NCBI BLAST+ cannot convert to an int (it stops with a CStri'
tblastx	losat-rejects	spelling -subject_loc '0-a'	-query tests/fasta/outfmt0/e2d_x_q.fa -subject tests/fasta/outfmt0/e2d_t_ts.fa -subject_loc 0-a -outfmt 0	NCBI exit 255 'Error: NCBI C++ Exception:\n    T0 "/opt/conda/conda-bld/blast_1754905306566/work'; LOSAT 'Error: the -subject_loc value "0-a" has a part "a" that NCBI BLAST+ cannot convert to an int (it stops with a CStringExc'
tblastx	losat-rejects	spelling -subject_loc '1-2147483648'	-query tests/fasta/outfmt0/e2d_x_q.fa -subject tests/fasta/outfmt0/e2d_t_ts.fa -subject_loc 1-2147483648 -outfmt 0	NCBI exit 255 'Error: NCBI C++ Exception:\n    T0 "/opt/conda/conda-bld/blast_1754905306566/work'; LOSAT 'Error: the -subject_loc value "1-2147483648" has a part "2147483648" that NCBI BLAST+ cannot convert to an int (it stops'
tblastx	losat-rejects	spelling -subject_loc '2147483648-1'	-query tests/fasta/outfmt0/e2d_x_q.fa -subject tests/fasta/outfmt0/e2d_t_ts.fa -subject_loc 2147483648-1 -outfmt 0	NCBI exit 255 'Error: NCBI C++ Exception:\n    T0 "/opt/conda/conda-bld/blast_1754905306566/work'; LOSAT 'Error: the -subject_loc value "2147483648-1" has a part "2147483648" that NCBI BLAST+ cannot convert to an int (it stops'
tblastx	losat-rejects	spelling -subject_loc '1-9999999999999999999'	-query tests/fasta/outfmt0/e2d_x_q.fa -subject tests/fasta/outfmt0/e2d_t_ts.fa -subject_loc 1-9999999999999999999 -outfmt 0	NCBI exit 255 'Error: NCBI C++ Exception:\n    T0 "/opt/conda/conda-bld/blast_1754905306566/work'; LOSAT 'Error: the -subject_loc value "1-9999999999999999999" has a part "9999999999999999999" that NCBI BLAST+ cannot convert t'
tblastx	same	edge -query_loc 1-2	-query tests/fasta/outfmt0/e2d_x_q.fa -subject tests/fasta/outfmt0/e2d_t_ts.fa -query_loc 1-2 -outfmt 0	Warning: [tblastx] Query_1 xq1 nt query one: Could not calculate ungapped Karlin-Altschul parameters due to an invalid q
tblastx	same	edge -query_loc 1-767	-query tests/fasta/outfmt0/e2d_x_q.fa -subject tests/fasta/outfmt0/e2d_t_ts.fa -query_loc 1-767 -outfmt 0	
tblastx	same	edge -query_loc 1-768	-query tests/fasta/outfmt0/e2d_x_q.fa -subject tests/fasta/outfmt0/e2d_t_ts.fa -query_loc 1-768 -outfmt 0	
tblastx	same	edge -query_loc 1-769	-query tests/fasta/outfmt0/e2d_x_q.fa -subject tests/fasta/outfmt0/e2d_t_ts.fa -query_loc 1-769 -outfmt 0	
tblastx	same	edge -query_loc 1-2147483647	-query tests/fasta/outfmt0/e2d_x_q.fa -subject tests/fasta/outfmt0/e2d_t_ts.fa -query_loc 1-2147483647 -outfmt 0	
tblastx	same	edge -query_loc 767-768	-query tests/fasta/outfmt0/e2d_x_q.fa -subject tests/fasta/outfmt0/e2d_t_ts.fa -query_loc 767-768 -outfmt 0	Warning: [tblastx] Query_1 xq1 nt query one: Could not calculate ungapped Karlin-Altschul parameters due to an invalid q
tblastx	same	edge -query_loc 767-769	-query tests/fasta/outfmt0/e2d_x_q.fa -subject tests/fasta/outfmt0/e2d_t_ts.fa -query_loc 767-769 -outfmt 0	Warning: [tblastx] Query_1 xq1 nt query one: Could not calculate ungapped Karlin-Altschul parameters due to an invalid q
tblastx	same	edge -query_loc 767-2147483647	-query tests/fasta/outfmt0/e2d_x_q.fa -subject tests/fasta/outfmt0/e2d_t_ts.fa -query_loc 767-2147483647 -outfmt 0	Warning: [tblastx] Query_1 xq1 nt query one: Could not calculate ungapped Karlin-Altschul parameters due to an invalid q
tblastx	same	edge -query_loc 768-769	-query tests/fasta/outfmt0/e2d_x_q.fa -subject tests/fasta/outfmt0/e2d_t_ts.fa -query_loc 768-769 -outfmt 0	Warning: [tblastx] Query_1 xq1 nt query one: Could not calculate ungapped Karlin-Altschul parameters due to an invalid q
tblastx	same	edge -query_loc 768-2147483647	-query tests/fasta/outfmt0/e2d_x_q.fa -subject tests/fasta/outfmt0/e2d_t_ts.fa -query_loc 768-2147483647 -outfmt 0	Warning: [tblastx] Query_1 xq1 nt query one: Could not calculate ungapped Karlin-Altschul parameters due to an invalid q
tblastx	losat-rejects	edge -query_loc 769-770	-query tests/fasta/outfmt0/e2d_x_q.fa -subject tests/fasta/outfmt0/e2d_t_ts.fa -query_loc 769-770 -outfmt 0	NCBI exit 3 'BLAST engine error: Warning: Sequence contains no data'; LOSAT 'Error: query record 1 (xq1) has no letters in the -query_loc range (the range starts just past its end); NCBI BLAST+ sea'
tblastx	losat-rejects	edge -query_loc 769-2147483647	-query tests/fasta/outfmt0/e2d_x_q.fa -subject tests/fasta/outfmt0/e2d_t_ts.fa -query_loc 769-2147483647 -outfmt 0	NCBI exit 3 'BLAST engine error: Warning: Sequence contains no data'; LOSAT 'Error: query record 1 (xq1) has no letters in the -query_loc range (the range starts just past its end); NCBI BLAST+ sea'
tblastx	same-error	edge -query_loc 770-771	-query tests/fasta/outfmt0/e2d_x_q.fa -subject tests/fasta/outfmt0/e2d_t_ts.fa -query_loc 770-771 -outfmt 0	BLAST engine error: Empty CBlastQueryVector
tblastx	same-error	edge -query_loc 770-2147483647	-query tests/fasta/outfmt0/e2d_x_q.fa -subject tests/fasta/outfmt0/e2d_t_ts.fa -query_loc 770-2147483647 -outfmt 0	BLAST engine error: Empty CBlastQueryVector
tblastx	same	edge -subject_loc 1-2	-query tests/fasta/outfmt0/e2d_x_q.fa -subject tests/fasta/outfmt0/e2d_t_ts.fa -subject_loc 1-2 -outfmt 0	
tblastx	same	edge -subject_loc 1-796	-query tests/fasta/outfmt0/e2d_x_q.fa -subject tests/fasta/outfmt0/e2d_t_ts.fa -subject_loc 1-796 -outfmt 0	
tblastx	same	edge -subject_loc 1-797	-query tests/fasta/outfmt0/e2d_x_q.fa -subject tests/fasta/outfmt0/e2d_t_ts.fa -subject_loc 1-797 -outfmt 0	
tblastx	same	edge -subject_loc 1-798	-query tests/fasta/outfmt0/e2d_x_q.fa -subject tests/fasta/outfmt0/e2d_t_ts.fa -subject_loc 1-798 -outfmt 0	
tblastx	same	edge -subject_loc 1-2147483647	-query tests/fasta/outfmt0/e2d_x_q.fa -subject tests/fasta/outfmt0/e2d_t_ts.fa -subject_loc 1-2147483647 -outfmt 0	
tblastx	same	edge -subject_loc 796-797	-query tests/fasta/outfmt0/e2d_x_q.fa -subject tests/fasta/outfmt0/e2d_t_ts.fa -subject_loc 796-797 -outfmt 0	
tblastx	same	edge -subject_loc 796-798	-query tests/fasta/outfmt0/e2d_x_q.fa -subject tests/fasta/outfmt0/e2d_t_ts.fa -subject_loc 796-798 -outfmt 0	
tblastx	same	edge -subject_loc 796-2147483647	-query tests/fasta/outfmt0/e2d_x_q.fa -subject tests/fasta/outfmt0/e2d_t_ts.fa -subject_loc 796-2147483647 -outfmt 0	
tblastx	same	edge -subject_loc 797-798	-query tests/fasta/outfmt0/e2d_x_q.fa -subject tests/fasta/outfmt0/e2d_t_ts.fa -subject_loc 797-798 -outfmt 0	
tblastx	same	edge -subject_loc 797-2147483647	-query tests/fasta/outfmt0/e2d_x_q.fa -subject tests/fasta/outfmt0/e2d_t_ts.fa -subject_loc 797-2147483647 -outfmt 0	
tblastx	losat-rejects	edge -subject_loc 798-799	-query tests/fasta/outfmt0/e2d_x_q.fa -subject tests/fasta/outfmt0/e2d_t_ts.fa -subject_loc 798-799 -outfmt 0	NCBI exit 3 'Warning: [tblastx] Subject_1 ts1 nt subject one: Subject sequence contains no da'; LOSAT 'Error: subject record 1 (ts1) has no letters in the -subject_loc range (the range starts just past its end); NCBI BLAST+'
tblastx	losat-rejects	edge -subject_loc 798-2147483647	-query tests/fasta/outfmt0/e2d_x_q.fa -subject tests/fasta/outfmt0/e2d_t_ts.fa -subject_loc 798-2147483647 -outfmt 0	NCBI exit 3 'Warning: [tblastx] Subject_1 ts1 nt subject one: Subject sequence contains no da'; LOSAT 'Error: subject record 1 (ts1) has no letters in the -subject_loc range (the range starts just past its end); NCBI BLAST+'
tblastx	same-error	edge -subject_loc 799-800	-query tests/fasta/outfmt0/e2d_x_q.fa -subject tests/fasta/outfmt0/e2d_t_ts.fa -subject_loc 799-800 -outfmt 0	BLAST query/options error: Invalid from coordinate (greater than sequence length) | Please refer to the BLAST+ user manu
tblastx	same-error	edge -subject_loc 799-2147483647	-query tests/fasta/outfmt0/e2d_x_q.fa -subject tests/fasta/outfmt0/e2d_t_ts.fa -subject_loc 799-2147483647 -outfmt 0	BLAST query/options error: Invalid from coordinate (greater than sequence length) | Please refer to the BLAST+ user manu
tblastx	same-error	pair 2-1 2-1	-query tests/fasta/outfmt0/e2d_x_q.fa -subject tests/fasta/outfmt0/e2d_t_ts.fa -query_loc 2-1 -subject_loc 2-1 -outfmt 0	BLAST engine error: Invalid specification of subject location (start cannot be larger than stop)
tblastx	same-error	pair 10-20-30 5-1	-query tests/fasta/outfmt0/e2d_x_q.fa -subject tests/fasta/outfmt0/e2d_t_ts.fa -query_loc 10-20-30 -subject_loc 5-1 -outfmt 0	BLAST engine error: Invalid specification of subject location (start cannot be larger than stop)
tblastx	same-error	pair 1-50 2-1	-query tests/fasta/outfmt0/e2d_x_q.fa -subject tests/fasta/outfmt0/e2d_t_ts.fa -query_loc 1-50 -subject_loc 2-1 -outfmt 0	BLAST engine error: Invalid specification of subject location (start cannot be larger than stop)
tblastx	same-error	pair 2-1 1-50	-query tests/fasta/outfmt0/e2d_x_q.fa -subject tests/fasta/outfmt0/e2d_t_ts.fa -query_loc 2-1 -subject_loc 1-50 -outfmt 0	BLAST engine error: Invalid specification of query location (start cannot be larger than stop)
tblastx	same	pair 100-600 50-500	-query tests/fasta/outfmt0/e2d_x_q.fa -subject tests/fasta/outfmt0/e2d_t_ts.fa -query_loc 100-600 -subject_loc 50-500 -outfmt 0	
tblastx	same	pair 1-100000 1-100000	-query tests/fasta/outfmt0/e2d_x_q.fa -subject tests/fasta/outfmt0/e2d_t_ts.fa -query_loc 1-100000 -subject_loc 1-100000 -outfmt 0	
tblastx	same	spelling -query_loc '10-20'	-query tests/fasta/outfmt0/e2d_x_q.fa -subject tests/fasta/outfmt0/e2d_t_ts.fa -query_loc 10-20 -outfmt 6	
tblastx	same	spelling -query_loc '1-2'	-query tests/fasta/outfmt0/e2d_x_q.fa -subject tests/fasta/outfmt0/e2d_t_ts.fa -query_loc 1-2 -outfmt 6	Warning: [tblastx] Query_1 xq1 nt query one: Could not calculate ungapped Karlin-Altschul parameters due to an invalid q
tblastx	same	spelling -query_loc '+1-5'	-query tests/fasta/outfmt0/e2d_x_q.fa -subject tests/fasta/outfmt0/e2d_t_ts.fa -query_loc +1-5 -outfmt 6	
tblastx	same	spelling -query_loc '01-05'	-query tests/fasta/outfmt0/e2d_x_q.fa -subject tests/fasta/outfmt0/e2d_t_ts.fa -query_loc 01-05 -outfmt 6	
tblastx	same	spelling -query_loc '1-+5'	-query tests/fasta/outfmt0/e2d_x_q.fa -subject tests/fasta/outfmt0/e2d_t_ts.fa -query_loc 1-+5 -outfmt 6	
tblastx	same	spelling -query_loc '1-2147483647'	-query tests/fasta/outfmt0/e2d_x_q.fa -subject tests/fasta/outfmt0/e2d_t_ts.fa -query_loc 1-2147483647 -outfmt 6	
tblastx	same-error	spelling -query_loc '1-1'	-query tests/fasta/outfmt0/e2d_x_q.fa -subject tests/fasta/outfmt0/e2d_t_ts.fa -query_loc 1-1 -outfmt 6	BLAST engine error: Invalid specification of query location (range cannot be empty)
tblastx	same-error	spelling -query_loc '5-5'	-query tests/fasta/outfmt0/e2d_x_q.fa -subject tests/fasta/outfmt0/e2d_t_ts.fa -query_loc 5-5 -outfmt 6	BLAST engine error: Invalid specification of query location (range cannot be empty)
tblastx	same-error	spelling -query_loc '20-10'	-query tests/fasta/outfmt0/e2d_x_q.fa -subject tests/fasta/outfmt0/e2d_t_ts.fa -query_loc 20-10 -outfmt 6	BLAST engine error: Invalid specification of query location (start cannot be larger than stop)
tblastx	same-error	spelling -query_loc '2-1'	-query tests/fasta/outfmt0/e2d_x_q.fa -subject tests/fasta/outfmt0/e2d_t_ts.fa -query_loc 2-1 -outfmt 6	BLAST engine error: Invalid specification of query location (start cannot be larger than stop)
tblastx	same-error	spelling -query_loc '0-10'	-query tests/fasta/outfmt0/e2d_x_q.fa -subject tests/fasta/outfmt0/e2d_t_ts.fa -query_loc 0-10 -outfmt 6	BLAST engine error: Invalid specification of query location (range elements cannot be less than or equal to 0)
tblastx	same-error	spelling -query_loc '10-0'	-query tests/fasta/outfmt0/e2d_x_q.fa -subject tests/fasta/outfmt0/e2d_t_ts.fa -query_loc 10-0 -outfmt 6	BLAST engine error: Invalid specification of query location (range elements cannot be less than or equal to 0)
tblastx	same-error	spelling -query_loc '-10'	-query tests/fasta/outfmt0/e2d_x_q.fa -subject tests/fasta/outfmt0/e2d_t_ts.fa -query_loc -10 -outfmt 6	BLAST engine error: Invalid specification of query location (Format: start-stop)
tblastx	same-error	spelling -query_loc '10-'	-query tests/fasta/outfmt0/e2d_x_q.fa -subject tests/fasta/outfmt0/e2d_t_ts.fa -query_loc 10- -outfmt 6	BLAST engine error: Invalid specification of query location (Format: start-stop)
tblastx	same-error	spelling -query_loc '10'	-query tests/fasta/outfmt0/e2d_x_q.fa -subject tests/fasta/outfmt0/e2d_t_ts.fa -query_loc 10 -outfmt 6	BLAST engine error: Invalid specification of query location (Format: start-stop)
tblastx	same-error	spelling -query_loc '1--5'	-query tests/fasta/outfmt0/e2d_x_q.fa -subject tests/fasta/outfmt0/e2d_t_ts.fa -query_loc 1--5 -outfmt 6	BLAST engine error: Invalid specification of query location (Format: start-stop)
tblastx	same-error	spelling -query_loc '1-2-3'	-query tests/fasta/outfmt0/e2d_x_q.fa -subject tests/fasta/outfmt0/e2d_t_ts.fa -query_loc 1-2-3 -outfmt 6	BLAST engine error: Invalid specification of query location (Format: start-stop)
tblastx	same-error	spelling -query_loc ''	-query tests/fasta/outfmt0/e2d_x_q.fa -subject tests/fasta/outfmt0/e2d_t_ts.fa -query_loc '' -outfmt 6	BLAST engine error: Invalid specification of query location (Format: start-stop)
tblastx	same-error	spelling -query_loc '-'	-query tests/fasta/outfmt0/e2d_x_q.fa -subject tests/fasta/outfmt0/e2d_t_ts.fa -query_loc - -outfmt 6	BLAST engine error: Invalid specification of query location (Format: start-stop)
tblastx	same-error	spelling -query_loc '--'	-query tests/fasta/outfmt0/e2d_x_q.fa -subject tests/fasta/outfmt0/e2d_t_ts.fa -query_loc -- -outfmt 6	BLAST engine error: Invalid specification of query location (Format: start-stop)
tblastx	same-error	spelling -query_loc '-5-10'	-query tests/fasta/outfmt0/e2d_x_q.fa -subject tests/fasta/outfmt0/e2d_t_ts.fa -query_loc -5-10 -outfmt 6	BLAST engine error: Invalid specification of query location (Format: start-stop)
tblastx	losat-rejects	spelling -query_loc ' 1-5'	-query tests/fasta/outfmt0/e2d_x_q.fa -subject tests/fasta/outfmt0/e2d_t_ts.fa -query_loc ' 1-5' -outfmt 6	NCBI exit 255 'Error: NCBI C++ Exception:\n    T0 "/opt/conda/conda-bld/blast_1754905306566/work'; LOSAT 'Error: the -query_loc value " 1-5" has a part " 1" that NCBI BLAST+ cannot convert to an int (it stops with a CStringExc'
tblastx	losat-rejects	spelling -query_loc '1- 5'	-query tests/fasta/outfmt0/e2d_x_q.fa -subject tests/fasta/outfmt0/e2d_t_ts.fa -query_loc '1- 5' -outfmt 6	NCBI exit 255 'Error: NCBI C++ Exception:\n    T0 "/opt/conda/conda-bld/blast_1754905306566/work'; LOSAT 'Error: the -query_loc value "1- 5" has a part " 5" that NCBI BLAST+ cannot convert to an int (it stops with a CStringExc'
tblastx	losat-rejects	spelling -query_loc '1-5 '	-query tests/fasta/outfmt0/e2d_x_q.fa -subject tests/fasta/outfmt0/e2d_t_ts.fa -query_loc '1-5 ' -outfmt 6	NCBI exit 255 'Error: NCBI C++ Exception:\n    T0 "/opt/conda/conda-bld/blast_1754905306566/work'; LOSAT 'Error: the -query_loc value "1-5 " has a part "5 " that NCBI BLAST+ cannot convert to an int (it stops with a CStringExc'
tblastx	losat-rejects	spelling -query_loc 'a-5'	-query tests/fasta/outfmt0/e2d_x_q.fa -subject tests/fasta/outfmt0/e2d_t_ts.fa -query_loc a-5 -outfmt 6	NCBI exit 255 'Error: NCBI C++ Exception:\n    T0 "/opt/conda/conda-bld/blast_1754905306566/work'; LOSAT 'Error: the -query_loc value "a-5" has a part "a" that NCBI BLAST+ cannot convert to an int (it stops with a CStringExcep'
tblastx	losat-rejects	spelling -query_loc '1-5a'	-query tests/fasta/outfmt0/e2d_x_q.fa -subject tests/fasta/outfmt0/e2d_t_ts.fa -query_loc 1-5a -outfmt 6	NCBI exit 255 'Error: NCBI C++ Exception:\n    T0 "/opt/conda/conda-bld/blast_1754905306566/work'; LOSAT 'Error: the -query_loc value "1-5a" has a part "5a" that NCBI BLAST+ cannot convert to an int (it stops with a CStringExc'
tblastx	losat-rejects	spelling -query_loc '1.0-5'	-query tests/fasta/outfmt0/e2d_x_q.fa -subject tests/fasta/outfmt0/e2d_t_ts.fa -query_loc 1.0-5 -outfmt 6	NCBI exit 255 'Error: NCBI C++ Exception:\n    T0 "/opt/conda/conda-bld/blast_1754905306566/work'; LOSAT 'Error: the -query_loc value "1.0-5" has a part "1.0" that NCBI BLAST+ cannot convert to an int (it stops with a CStringE'
tblastx	losat-rejects	spelling -query_loc '0x10-0x20'	-query tests/fasta/outfmt0/e2d_x_q.fa -subject tests/fasta/outfmt0/e2d_t_ts.fa -query_loc 0x10-0x20 -outfmt 6	NCBI exit 255 'Error: NCBI C++ Exception:\n    T0 "/opt/conda/conda-bld/blast_1754905306566/work'; LOSAT 'Error: the -query_loc value "0x10-0x20" has a part "0x10" that NCBI BLAST+ cannot convert to an int (it stops with a CSt'
tblastx	losat-rejects	spelling -query_loc '1,0-50'	-query tests/fasta/outfmt0/e2d_x_q.fa -subject tests/fasta/outfmt0/e2d_t_ts.fa -query_loc 1,0-50 -outfmt 6	NCBI exit 255 'Error: NCBI C++ Exception:\n    T0 "/opt/conda/conda-bld/blast_1754905306566/work'; LOSAT 'Error: the -query_loc value "1,0-50" has a part "1,0" that NCBI BLAST+ cannot convert to an int (it stops with a CString'
tblastx	losat-rejects	spelling -query_loc '0-a'	-query tests/fasta/outfmt0/e2d_x_q.fa -subject tests/fasta/outfmt0/e2d_t_ts.fa -query_loc 0-a -outfmt 6	NCBI exit 255 'Error: NCBI C++ Exception:\n    T0 "/opt/conda/conda-bld/blast_1754905306566/work'; LOSAT 'Error: the -query_loc value "0-a" has a part "a" that NCBI BLAST+ cannot convert to an int (it stops with a CStringExcep'
tblastx	losat-rejects	spelling -query_loc '1-2147483648'	-query tests/fasta/outfmt0/e2d_x_q.fa -subject tests/fasta/outfmt0/e2d_t_ts.fa -query_loc 1-2147483648 -outfmt 6	NCBI exit 255 'Error: NCBI C++ Exception:\n    T0 "/opt/conda/conda-bld/blast_1754905306566/work'; LOSAT 'Error: the -query_loc value "1-2147483648" has a part "2147483648" that NCBI BLAST+ cannot convert to an int (it stops w'
tblastx	losat-rejects	spelling -query_loc '2147483648-1'	-query tests/fasta/outfmt0/e2d_x_q.fa -subject tests/fasta/outfmt0/e2d_t_ts.fa -query_loc 2147483648-1 -outfmt 6	NCBI exit 255 'Error: NCBI C++ Exception:\n    T0 "/opt/conda/conda-bld/blast_1754905306566/work'; LOSAT 'Error: the -query_loc value "2147483648-1" has a part "2147483648" that NCBI BLAST+ cannot convert to an int (it stops w'
tblastx	losat-rejects	spelling -query_loc '1-9999999999999999999'	-query tests/fasta/outfmt0/e2d_x_q.fa -subject tests/fasta/outfmt0/e2d_t_ts.fa -query_loc 1-9999999999999999999 -outfmt 6	NCBI exit 255 'Error: NCBI C++ Exception:\n    T0 "/opt/conda/conda-bld/blast_1754905306566/work'; LOSAT 'Error: the -query_loc value "1-9999999999999999999" has a part "9999999999999999999" that NCBI BLAST+ cannot convert to '
tblastx	same	spelling -subject_loc '10-20'	-query tests/fasta/outfmt0/e2d_x_q.fa -subject tests/fasta/outfmt0/e2d_t_ts.fa -subject_loc 10-20 -outfmt 6	
tblastx	same	spelling -subject_loc '1-2'	-query tests/fasta/outfmt0/e2d_x_q.fa -subject tests/fasta/outfmt0/e2d_t_ts.fa -subject_loc 1-2 -outfmt 6	
tblastx	same	spelling -subject_loc '+1-5'	-query tests/fasta/outfmt0/e2d_x_q.fa -subject tests/fasta/outfmt0/e2d_t_ts.fa -subject_loc +1-5 -outfmt 6	
tblastx	same	spelling -subject_loc '01-05'	-query tests/fasta/outfmt0/e2d_x_q.fa -subject tests/fasta/outfmt0/e2d_t_ts.fa -subject_loc 01-05 -outfmt 6	
tblastx	same	spelling -subject_loc '1-+5'	-query tests/fasta/outfmt0/e2d_x_q.fa -subject tests/fasta/outfmt0/e2d_t_ts.fa -subject_loc 1-+5 -outfmt 6	
tblastx	same	spelling -subject_loc '1-2147483647'	-query tests/fasta/outfmt0/e2d_x_q.fa -subject tests/fasta/outfmt0/e2d_t_ts.fa -subject_loc 1-2147483647 -outfmt 6	
tblastx	same-error	spelling -subject_loc '1-1'	-query tests/fasta/outfmt0/e2d_x_q.fa -subject tests/fasta/outfmt0/e2d_t_ts.fa -subject_loc 1-1 -outfmt 6	BLAST engine error: Invalid specification of subject location (range cannot be empty)
tblastx	same-error	spelling -subject_loc '5-5'	-query tests/fasta/outfmt0/e2d_x_q.fa -subject tests/fasta/outfmt0/e2d_t_ts.fa -subject_loc 5-5 -outfmt 6	BLAST engine error: Invalid specification of subject location (range cannot be empty)
tblastx	same-error	spelling -subject_loc '20-10'	-query tests/fasta/outfmt0/e2d_x_q.fa -subject tests/fasta/outfmt0/e2d_t_ts.fa -subject_loc 20-10 -outfmt 6	BLAST engine error: Invalid specification of subject location (start cannot be larger than stop)
tblastx	same-error	spelling -subject_loc '2-1'	-query tests/fasta/outfmt0/e2d_x_q.fa -subject tests/fasta/outfmt0/e2d_t_ts.fa -subject_loc 2-1 -outfmt 6	BLAST engine error: Invalid specification of subject location (start cannot be larger than stop)
tblastx	same-error	spelling -subject_loc '0-10'	-query tests/fasta/outfmt0/e2d_x_q.fa -subject tests/fasta/outfmt0/e2d_t_ts.fa -subject_loc 0-10 -outfmt 6	BLAST engine error: Invalid specification of subject location (range elements cannot be less than or equal to 0)
tblastx	same-error	spelling -subject_loc '10-0'	-query tests/fasta/outfmt0/e2d_x_q.fa -subject tests/fasta/outfmt0/e2d_t_ts.fa -subject_loc 10-0 -outfmt 6	BLAST engine error: Invalid specification of subject location (range elements cannot be less than or equal to 0)
tblastx	same-error	spelling -subject_loc '-10'	-query tests/fasta/outfmt0/e2d_x_q.fa -subject tests/fasta/outfmt0/e2d_t_ts.fa -subject_loc -10 -outfmt 6	BLAST engine error: Invalid specification of subject location (Format: start-stop)
tblastx	same-error	spelling -subject_loc '10-'	-query tests/fasta/outfmt0/e2d_x_q.fa -subject tests/fasta/outfmt0/e2d_t_ts.fa -subject_loc 10- -outfmt 6	BLAST engine error: Invalid specification of subject location (Format: start-stop)
tblastx	same-error	spelling -subject_loc '10'	-query tests/fasta/outfmt0/e2d_x_q.fa -subject tests/fasta/outfmt0/e2d_t_ts.fa -subject_loc 10 -outfmt 6	BLAST engine error: Invalid specification of subject location (Format: start-stop)
tblastx	same-error	spelling -subject_loc '1--5'	-query tests/fasta/outfmt0/e2d_x_q.fa -subject tests/fasta/outfmt0/e2d_t_ts.fa -subject_loc 1--5 -outfmt 6	BLAST engine error: Invalid specification of subject location (Format: start-stop)
tblastx	same-error	spelling -subject_loc '1-2-3'	-query tests/fasta/outfmt0/e2d_x_q.fa -subject tests/fasta/outfmt0/e2d_t_ts.fa -subject_loc 1-2-3 -outfmt 6	BLAST engine error: Invalid specification of subject location (Format: start-stop)
tblastx	same-error	spelling -subject_loc ''	-query tests/fasta/outfmt0/e2d_x_q.fa -subject tests/fasta/outfmt0/e2d_t_ts.fa -subject_loc '' -outfmt 6	BLAST engine error: Invalid specification of subject location (Format: start-stop)
tblastx	same-error	spelling -subject_loc '-'	-query tests/fasta/outfmt0/e2d_x_q.fa -subject tests/fasta/outfmt0/e2d_t_ts.fa -subject_loc - -outfmt 6	BLAST engine error: Invalid specification of subject location (Format: start-stop)
tblastx	same-error	spelling -subject_loc '--'	-query tests/fasta/outfmt0/e2d_x_q.fa -subject tests/fasta/outfmt0/e2d_t_ts.fa -subject_loc -- -outfmt 6	BLAST engine error: Invalid specification of subject location (Format: start-stop)
tblastx	same-error	spelling -subject_loc '-5-10'	-query tests/fasta/outfmt0/e2d_x_q.fa -subject tests/fasta/outfmt0/e2d_t_ts.fa -subject_loc -5-10 -outfmt 6	BLAST engine error: Invalid specification of subject location (Format: start-stop)
tblastx	losat-rejects	spelling -subject_loc ' 1-5'	-query tests/fasta/outfmt0/e2d_x_q.fa -subject tests/fasta/outfmt0/e2d_t_ts.fa -subject_loc ' 1-5' -outfmt 6	NCBI exit 255 'Error: NCBI C++ Exception:\n    T0 "/opt/conda/conda-bld/blast_1754905306566/work'; LOSAT 'Error: the -subject_loc value " 1-5" has a part " 1" that NCBI BLAST+ cannot convert to an int (it stops with a CStringE'
tblastx	losat-rejects	spelling -subject_loc '1- 5'	-query tests/fasta/outfmt0/e2d_x_q.fa -subject tests/fasta/outfmt0/e2d_t_ts.fa -subject_loc '1- 5' -outfmt 6	NCBI exit 255 'Error: NCBI C++ Exception:\n    T0 "/opt/conda/conda-bld/blast_1754905306566/work'; LOSAT 'Error: the -subject_loc value "1- 5" has a part " 5" that NCBI BLAST+ cannot convert to an int (it stops with a CStringE'
tblastx	losat-rejects	spelling -subject_loc '1-5 '	-query tests/fasta/outfmt0/e2d_x_q.fa -subject tests/fasta/outfmt0/e2d_t_ts.fa -subject_loc '1-5 ' -outfmt 6	NCBI exit 255 'Error: NCBI C++ Exception:\n    T0 "/opt/conda/conda-bld/blast_1754905306566/work'; LOSAT 'Error: the -subject_loc value "1-5 " has a part "5 " that NCBI BLAST+ cannot convert to an int (it stops with a CStringE'
tblastx	losat-rejects	spelling -subject_loc 'a-5'	-query tests/fasta/outfmt0/e2d_x_q.fa -subject tests/fasta/outfmt0/e2d_t_ts.fa -subject_loc a-5 -outfmt 6	NCBI exit 255 'Error: NCBI C++ Exception:\n    T0 "/opt/conda/conda-bld/blast_1754905306566/work'; LOSAT 'Error: the -subject_loc value "a-5" has a part "a" that NCBI BLAST+ cannot convert to an int (it stops with a CStringExc'
tblastx	losat-rejects	spelling -subject_loc '1-5a'	-query tests/fasta/outfmt0/e2d_x_q.fa -subject tests/fasta/outfmt0/e2d_t_ts.fa -subject_loc 1-5a -outfmt 6	NCBI exit 255 'Error: NCBI C++ Exception:\n    T0 "/opt/conda/conda-bld/blast_1754905306566/work'; LOSAT 'Error: the -subject_loc value "1-5a" has a part "5a" that NCBI BLAST+ cannot convert to an int (it stops with a CStringE'
tblastx	losat-rejects	spelling -subject_loc '1.0-5'	-query tests/fasta/outfmt0/e2d_x_q.fa -subject tests/fasta/outfmt0/e2d_t_ts.fa -subject_loc 1.0-5 -outfmt 6	NCBI exit 255 'Error: NCBI C++ Exception:\n    T0 "/opt/conda/conda-bld/blast_1754905306566/work'; LOSAT 'Error: the -subject_loc value "1.0-5" has a part "1.0" that NCBI BLAST+ cannot convert to an int (it stops with a CStrin'
tblastx	losat-rejects	spelling -subject_loc '0x10-0x20'	-query tests/fasta/outfmt0/e2d_x_q.fa -subject tests/fasta/outfmt0/e2d_t_ts.fa -subject_loc 0x10-0x20 -outfmt 6	NCBI exit 255 'Error: NCBI C++ Exception:\n    T0 "/opt/conda/conda-bld/blast_1754905306566/work'; LOSAT 'Error: the -subject_loc value "0x10-0x20" has a part "0x10" that NCBI BLAST+ cannot convert to an int (it stops with a C'
tblastx	losat-rejects	spelling -subject_loc '1,0-50'	-query tests/fasta/outfmt0/e2d_x_q.fa -subject tests/fasta/outfmt0/e2d_t_ts.fa -subject_loc 1,0-50 -outfmt 6	NCBI exit 255 'Error: NCBI C++ Exception:\n    T0 "/opt/conda/conda-bld/blast_1754905306566/work'; LOSAT 'Error: the -subject_loc value "1,0-50" has a part "1,0" that NCBI BLAST+ cannot convert to an int (it stops with a CStri'
tblastx	losat-rejects	spelling -subject_loc '0-a'	-query tests/fasta/outfmt0/e2d_x_q.fa -subject tests/fasta/outfmt0/e2d_t_ts.fa -subject_loc 0-a -outfmt 6	NCBI exit 255 'Error: NCBI C++ Exception:\n    T0 "/opt/conda/conda-bld/blast_1754905306566/work'; LOSAT 'Error: the -subject_loc value "0-a" has a part "a" that NCBI BLAST+ cannot convert to an int (it stops with a CStringExc'
tblastx	losat-rejects	spelling -subject_loc '1-2147483648'	-query tests/fasta/outfmt0/e2d_x_q.fa -subject tests/fasta/outfmt0/e2d_t_ts.fa -subject_loc 1-2147483648 -outfmt 6	NCBI exit 255 'Error: NCBI C++ Exception:\n    T0 "/opt/conda/conda-bld/blast_1754905306566/work'; LOSAT 'Error: the -subject_loc value "1-2147483648" has a part "2147483648" that NCBI BLAST+ cannot convert to an int (it stops'
tblastx	losat-rejects	spelling -subject_loc '2147483648-1'	-query tests/fasta/outfmt0/e2d_x_q.fa -subject tests/fasta/outfmt0/e2d_t_ts.fa -subject_loc 2147483648-1 -outfmt 6	NCBI exit 255 'Error: NCBI C++ Exception:\n    T0 "/opt/conda/conda-bld/blast_1754905306566/work'; LOSAT 'Error: the -subject_loc value "2147483648-1" has a part "2147483648" that NCBI BLAST+ cannot convert to an int (it stops'
tblastx	losat-rejects	spelling -subject_loc '1-9999999999999999999'	-query tests/fasta/outfmt0/e2d_x_q.fa -subject tests/fasta/outfmt0/e2d_t_ts.fa -subject_loc 1-9999999999999999999 -outfmt 6	NCBI exit 255 'Error: NCBI C++ Exception:\n    T0 "/opt/conda/conda-bld/blast_1754905306566/work'; LOSAT 'Error: the -subject_loc value "1-9999999999999999999" has a part "9999999999999999999" that NCBI BLAST+ cannot convert t'
tblastx	same	edge -query_loc 1-2	-query tests/fasta/outfmt0/e2d_x_q.fa -subject tests/fasta/outfmt0/e2d_t_ts.fa -query_loc 1-2 -outfmt 6	Warning: [tblastx] Query_1 xq1 nt query one: Could not calculate ungapped Karlin-Altschul parameters due to an invalid q
tblastx	same	edge -query_loc 1-767	-query tests/fasta/outfmt0/e2d_x_q.fa -subject tests/fasta/outfmt0/e2d_t_ts.fa -query_loc 1-767 -outfmt 6	
tblastx	same	edge -query_loc 1-768	-query tests/fasta/outfmt0/e2d_x_q.fa -subject tests/fasta/outfmt0/e2d_t_ts.fa -query_loc 1-768 -outfmt 6	
tblastx	same	edge -query_loc 1-769	-query tests/fasta/outfmt0/e2d_x_q.fa -subject tests/fasta/outfmt0/e2d_t_ts.fa -query_loc 1-769 -outfmt 6	
tblastx	same	edge -query_loc 1-2147483647	-query tests/fasta/outfmt0/e2d_x_q.fa -subject tests/fasta/outfmt0/e2d_t_ts.fa -query_loc 1-2147483647 -outfmt 6	
tblastx	same	edge -query_loc 767-768	-query tests/fasta/outfmt0/e2d_x_q.fa -subject tests/fasta/outfmt0/e2d_t_ts.fa -query_loc 767-768 -outfmt 6	Warning: [tblastx] Query_1 xq1 nt query one: Could not calculate ungapped Karlin-Altschul parameters due to an invalid q
tblastx	same	edge -query_loc 767-769	-query tests/fasta/outfmt0/e2d_x_q.fa -subject tests/fasta/outfmt0/e2d_t_ts.fa -query_loc 767-769 -outfmt 6	Warning: [tblastx] Query_1 xq1 nt query one: Could not calculate ungapped Karlin-Altschul parameters due to an invalid q
tblastx	same	edge -query_loc 767-2147483647	-query tests/fasta/outfmt0/e2d_x_q.fa -subject tests/fasta/outfmt0/e2d_t_ts.fa -query_loc 767-2147483647 -outfmt 6	Warning: [tblastx] Query_1 xq1 nt query one: Could not calculate ungapped Karlin-Altschul parameters due to an invalid q
tblastx	same	edge -query_loc 768-769	-query tests/fasta/outfmt0/e2d_x_q.fa -subject tests/fasta/outfmt0/e2d_t_ts.fa -query_loc 768-769 -outfmt 6	Warning: [tblastx] Query_1 xq1 nt query one: Could not calculate ungapped Karlin-Altschul parameters due to an invalid q
tblastx	same	edge -query_loc 768-2147483647	-query tests/fasta/outfmt0/e2d_x_q.fa -subject tests/fasta/outfmt0/e2d_t_ts.fa -query_loc 768-2147483647 -outfmt 6	Warning: [tblastx] Query_1 xq1 nt query one: Could not calculate ungapped Karlin-Altschul parameters due to an invalid q
tblastx	losat-rejects	edge -query_loc 769-770	-query tests/fasta/outfmt0/e2d_x_q.fa -subject tests/fasta/outfmt0/e2d_t_ts.fa -query_loc 769-770 -outfmt 6	NCBI exit 3 'BLAST engine error: Warning: Sequence contains no data'; LOSAT 'Error: query record 1 (xq1) has no letters in the -query_loc range (the range starts just past its end); NCBI BLAST+ sea'
tblastx	losat-rejects	edge -query_loc 769-2147483647	-query tests/fasta/outfmt0/e2d_x_q.fa -subject tests/fasta/outfmt0/e2d_t_ts.fa -query_loc 769-2147483647 -outfmt 6	NCBI exit 3 'BLAST engine error: Warning: Sequence contains no data'; LOSAT 'Error: query record 1 (xq1) has no letters in the -query_loc range (the range starts just past its end); NCBI BLAST+ sea'
tblastx	same-error	edge -query_loc 770-771	-query tests/fasta/outfmt0/e2d_x_q.fa -subject tests/fasta/outfmt0/e2d_t_ts.fa -query_loc 770-771 -outfmt 6	BLAST engine error: Empty CBlastQueryVector
tblastx	same-error	edge -query_loc 770-2147483647	-query tests/fasta/outfmt0/e2d_x_q.fa -subject tests/fasta/outfmt0/e2d_t_ts.fa -query_loc 770-2147483647 -outfmt 6	BLAST engine error: Empty CBlastQueryVector
tblastx	same	edge -subject_loc 1-2	-query tests/fasta/outfmt0/e2d_x_q.fa -subject tests/fasta/outfmt0/e2d_t_ts.fa -subject_loc 1-2 -outfmt 6	
tblastx	same	edge -subject_loc 1-796	-query tests/fasta/outfmt0/e2d_x_q.fa -subject tests/fasta/outfmt0/e2d_t_ts.fa -subject_loc 1-796 -outfmt 6	
tblastx	same	edge -subject_loc 1-797	-query tests/fasta/outfmt0/e2d_x_q.fa -subject tests/fasta/outfmt0/e2d_t_ts.fa -subject_loc 1-797 -outfmt 6	
tblastx	same	edge -subject_loc 1-798	-query tests/fasta/outfmt0/e2d_x_q.fa -subject tests/fasta/outfmt0/e2d_t_ts.fa -subject_loc 1-798 -outfmt 6	
tblastx	same	edge -subject_loc 1-2147483647	-query tests/fasta/outfmt0/e2d_x_q.fa -subject tests/fasta/outfmt0/e2d_t_ts.fa -subject_loc 1-2147483647 -outfmt 6	
tblastx	same	edge -subject_loc 796-797	-query tests/fasta/outfmt0/e2d_x_q.fa -subject tests/fasta/outfmt0/e2d_t_ts.fa -subject_loc 796-797 -outfmt 6	
tblastx	same	edge -subject_loc 796-798	-query tests/fasta/outfmt0/e2d_x_q.fa -subject tests/fasta/outfmt0/e2d_t_ts.fa -subject_loc 796-798 -outfmt 6	
tblastx	same	edge -subject_loc 796-2147483647	-query tests/fasta/outfmt0/e2d_x_q.fa -subject tests/fasta/outfmt0/e2d_t_ts.fa -subject_loc 796-2147483647 -outfmt 6	
tblastx	same	edge -subject_loc 797-798	-query tests/fasta/outfmt0/e2d_x_q.fa -subject tests/fasta/outfmt0/e2d_t_ts.fa -subject_loc 797-798 -outfmt 6	
tblastx	same	edge -subject_loc 797-2147483647	-query tests/fasta/outfmt0/e2d_x_q.fa -subject tests/fasta/outfmt0/e2d_t_ts.fa -subject_loc 797-2147483647 -outfmt 6	
tblastx	losat-rejects	edge -subject_loc 798-799	-query tests/fasta/outfmt0/e2d_x_q.fa -subject tests/fasta/outfmt0/e2d_t_ts.fa -subject_loc 798-799 -outfmt 6	NCBI exit 3 'Warning: [tblastx] Subject_1 ts1 nt subject one: Subject sequence contains no da'; LOSAT 'Error: subject record 1 (ts1) has no letters in the -subject_loc range (the range starts just past its end); NCBI BLAST+'
tblastx	losat-rejects	edge -subject_loc 798-2147483647	-query tests/fasta/outfmt0/e2d_x_q.fa -subject tests/fasta/outfmt0/e2d_t_ts.fa -subject_loc 798-2147483647 -outfmt 6	NCBI exit 3 'Warning: [tblastx] Subject_1 ts1 nt subject one: Subject sequence contains no da'; LOSAT 'Error: subject record 1 (ts1) has no letters in the -subject_loc range (the range starts just past its end); NCBI BLAST+'
tblastx	same-error	edge -subject_loc 799-800	-query tests/fasta/outfmt0/e2d_x_q.fa -subject tests/fasta/outfmt0/e2d_t_ts.fa -subject_loc 799-800 -outfmt 6	BLAST query/options error: Invalid from coordinate (greater than sequence length) | Please refer to the BLAST+ user manu
tblastx	same-error	edge -subject_loc 799-2147483647	-query tests/fasta/outfmt0/e2d_x_q.fa -subject tests/fasta/outfmt0/e2d_t_ts.fa -subject_loc 799-2147483647 -outfmt 6	BLAST query/options error: Invalid from coordinate (greater than sequence length) | Please refer to the BLAST+ user manu
tblastx	same-error	pair 2-1 2-1	-query tests/fasta/outfmt0/e2d_x_q.fa -subject tests/fasta/outfmt0/e2d_t_ts.fa -query_loc 2-1 -subject_loc 2-1 -outfmt 6	BLAST engine error: Invalid specification of subject location (start cannot be larger than stop)
tblastx	same-error	pair 10-20-30 5-1	-query tests/fasta/outfmt0/e2d_x_q.fa -subject tests/fasta/outfmt0/e2d_t_ts.fa -query_loc 10-20-30 -subject_loc 5-1 -outfmt 6	BLAST engine error: Invalid specification of subject location (start cannot be larger than stop)
tblastx	same-error	pair 1-50 2-1	-query tests/fasta/outfmt0/e2d_x_q.fa -subject tests/fasta/outfmt0/e2d_t_ts.fa -query_loc 1-50 -subject_loc 2-1 -outfmt 6	BLAST engine error: Invalid specification of subject location (start cannot be larger than stop)
tblastx	same-error	pair 2-1 1-50	-query tests/fasta/outfmt0/e2d_x_q.fa -subject tests/fasta/outfmt0/e2d_t_ts.fa -query_loc 2-1 -subject_loc 1-50 -outfmt 6	BLAST engine error: Invalid specification of query location (start cannot be larger than stop)
tblastx	same	pair 100-600 50-500	-query tests/fasta/outfmt0/e2d_x_q.fa -subject tests/fasta/outfmt0/e2d_t_ts.fa -query_loc 100-600 -subject_loc 50-500 -outfmt 6	
tblastx	same	pair 1-100000 1-100000	-query tests/fasta/outfmt0/e2d_x_q.fa -subject tests/fasta/outfmt0/e2d_t_ts.fa -query_loc 1-100000 -subject_loc 1-100000 -outfmt 6	
tblastx	same	spelling -query_loc '10-20'	-query tests/fasta/outfmt0/e2d_x_q.fa -subject tests/fasta/outfmt0/e2d_t_ts.fa -query_loc 10-20 -outfmt 7	
tblastx	same	spelling -query_loc '1-2'	-query tests/fasta/outfmt0/e2d_x_q.fa -subject tests/fasta/outfmt0/e2d_t_ts.fa -query_loc 1-2 -outfmt 7	Warning: [tblastx] Query_1 xq1 nt query one: Could not calculate ungapped Karlin-Altschul parameters due to an invalid q
tblastx	same	spelling -query_loc '+1-5'	-query tests/fasta/outfmt0/e2d_x_q.fa -subject tests/fasta/outfmt0/e2d_t_ts.fa -query_loc +1-5 -outfmt 7	
tblastx	same	spelling -query_loc '01-05'	-query tests/fasta/outfmt0/e2d_x_q.fa -subject tests/fasta/outfmt0/e2d_t_ts.fa -query_loc 01-05 -outfmt 7	
tblastx	same	spelling -query_loc '1-+5'	-query tests/fasta/outfmt0/e2d_x_q.fa -subject tests/fasta/outfmt0/e2d_t_ts.fa -query_loc 1-+5 -outfmt 7	
tblastx	same	spelling -query_loc '1-2147483647'	-query tests/fasta/outfmt0/e2d_x_q.fa -subject tests/fasta/outfmt0/e2d_t_ts.fa -query_loc 1-2147483647 -outfmt 7	
tblastx	same-error	spelling -query_loc '1-1'	-query tests/fasta/outfmt0/e2d_x_q.fa -subject tests/fasta/outfmt0/e2d_t_ts.fa -query_loc 1-1 -outfmt 7	BLAST engine error: Invalid specification of query location (range cannot be empty)
tblastx	same-error	spelling -query_loc '5-5'	-query tests/fasta/outfmt0/e2d_x_q.fa -subject tests/fasta/outfmt0/e2d_t_ts.fa -query_loc 5-5 -outfmt 7	BLAST engine error: Invalid specification of query location (range cannot be empty)
tblastx	same-error	spelling -query_loc '20-10'	-query tests/fasta/outfmt0/e2d_x_q.fa -subject tests/fasta/outfmt0/e2d_t_ts.fa -query_loc 20-10 -outfmt 7	BLAST engine error: Invalid specification of query location (start cannot be larger than stop)
tblastx	same-error	spelling -query_loc '2-1'	-query tests/fasta/outfmt0/e2d_x_q.fa -subject tests/fasta/outfmt0/e2d_t_ts.fa -query_loc 2-1 -outfmt 7	BLAST engine error: Invalid specification of query location (start cannot be larger than stop)
tblastx	same-error	spelling -query_loc '0-10'	-query tests/fasta/outfmt0/e2d_x_q.fa -subject tests/fasta/outfmt0/e2d_t_ts.fa -query_loc 0-10 -outfmt 7	BLAST engine error: Invalid specification of query location (range elements cannot be less than or equal to 0)
tblastx	same-error	spelling -query_loc '10-0'	-query tests/fasta/outfmt0/e2d_x_q.fa -subject tests/fasta/outfmt0/e2d_t_ts.fa -query_loc 10-0 -outfmt 7	BLAST engine error: Invalid specification of query location (range elements cannot be less than or equal to 0)
tblastx	same-error	spelling -query_loc '-10'	-query tests/fasta/outfmt0/e2d_x_q.fa -subject tests/fasta/outfmt0/e2d_t_ts.fa -query_loc -10 -outfmt 7	BLAST engine error: Invalid specification of query location (Format: start-stop)
tblastx	same-error	spelling -query_loc '10-'	-query tests/fasta/outfmt0/e2d_x_q.fa -subject tests/fasta/outfmt0/e2d_t_ts.fa -query_loc 10- -outfmt 7	BLAST engine error: Invalid specification of query location (Format: start-stop)
tblastx	same-error	spelling -query_loc '10'	-query tests/fasta/outfmt0/e2d_x_q.fa -subject tests/fasta/outfmt0/e2d_t_ts.fa -query_loc 10 -outfmt 7	BLAST engine error: Invalid specification of query location (Format: start-stop)
tblastx	same-error	spelling -query_loc '1--5'	-query tests/fasta/outfmt0/e2d_x_q.fa -subject tests/fasta/outfmt0/e2d_t_ts.fa -query_loc 1--5 -outfmt 7	BLAST engine error: Invalid specification of query location (Format: start-stop)
tblastx	same-error	spelling -query_loc '1-2-3'	-query tests/fasta/outfmt0/e2d_x_q.fa -subject tests/fasta/outfmt0/e2d_t_ts.fa -query_loc 1-2-3 -outfmt 7	BLAST engine error: Invalid specification of query location (Format: start-stop)
tblastx	same-error	spelling -query_loc ''	-query tests/fasta/outfmt0/e2d_x_q.fa -subject tests/fasta/outfmt0/e2d_t_ts.fa -query_loc '' -outfmt 7	BLAST engine error: Invalid specification of query location (Format: start-stop)
tblastx	same-error	spelling -query_loc '-'	-query tests/fasta/outfmt0/e2d_x_q.fa -subject tests/fasta/outfmt0/e2d_t_ts.fa -query_loc - -outfmt 7	BLAST engine error: Invalid specification of query location (Format: start-stop)
tblastx	same-error	spelling -query_loc '--'	-query tests/fasta/outfmt0/e2d_x_q.fa -subject tests/fasta/outfmt0/e2d_t_ts.fa -query_loc -- -outfmt 7	BLAST engine error: Invalid specification of query location (Format: start-stop)
tblastx	same-error	spelling -query_loc '-5-10'	-query tests/fasta/outfmt0/e2d_x_q.fa -subject tests/fasta/outfmt0/e2d_t_ts.fa -query_loc -5-10 -outfmt 7	BLAST engine error: Invalid specification of query location (Format: start-stop)
tblastx	losat-rejects	spelling -query_loc ' 1-5'	-query tests/fasta/outfmt0/e2d_x_q.fa -subject tests/fasta/outfmt0/e2d_t_ts.fa -query_loc ' 1-5' -outfmt 7	NCBI exit 255 'Error: NCBI C++ Exception:\n    T0 "/opt/conda/conda-bld/blast_1754905306566/work'; LOSAT 'Error: the -query_loc value " 1-5" has a part " 1" that NCBI BLAST+ cannot convert to an int (it stops with a CStringExc'
tblastx	losat-rejects	spelling -query_loc '1- 5'	-query tests/fasta/outfmt0/e2d_x_q.fa -subject tests/fasta/outfmt0/e2d_t_ts.fa -query_loc '1- 5' -outfmt 7	NCBI exit 255 'Error: NCBI C++ Exception:\n    T0 "/opt/conda/conda-bld/blast_1754905306566/work'; LOSAT 'Error: the -query_loc value "1- 5" has a part " 5" that NCBI BLAST+ cannot convert to an int (it stops with a CStringExc'
tblastx	losat-rejects	spelling -query_loc '1-5 '	-query tests/fasta/outfmt0/e2d_x_q.fa -subject tests/fasta/outfmt0/e2d_t_ts.fa -query_loc '1-5 ' -outfmt 7	NCBI exit 255 'Error: NCBI C++ Exception:\n    T0 "/opt/conda/conda-bld/blast_1754905306566/work'; LOSAT 'Error: the -query_loc value "1-5 " has a part "5 " that NCBI BLAST+ cannot convert to an int (it stops with a CStringExc'
tblastx	losat-rejects	spelling -query_loc 'a-5'	-query tests/fasta/outfmt0/e2d_x_q.fa -subject tests/fasta/outfmt0/e2d_t_ts.fa -query_loc a-5 -outfmt 7	NCBI exit 255 'Error: NCBI C++ Exception:\n    T0 "/opt/conda/conda-bld/blast_1754905306566/work'; LOSAT 'Error: the -query_loc value "a-5" has a part "a" that NCBI BLAST+ cannot convert to an int (it stops with a CStringExcep'
tblastx	losat-rejects	spelling -query_loc '1-5a'	-query tests/fasta/outfmt0/e2d_x_q.fa -subject tests/fasta/outfmt0/e2d_t_ts.fa -query_loc 1-5a -outfmt 7	NCBI exit 255 'Error: NCBI C++ Exception:\n    T0 "/opt/conda/conda-bld/blast_1754905306566/work'; LOSAT 'Error: the -query_loc value "1-5a" has a part "5a" that NCBI BLAST+ cannot convert to an int (it stops with a CStringExc'
tblastx	losat-rejects	spelling -query_loc '1.0-5'	-query tests/fasta/outfmt0/e2d_x_q.fa -subject tests/fasta/outfmt0/e2d_t_ts.fa -query_loc 1.0-5 -outfmt 7	NCBI exit 255 'Error: NCBI C++ Exception:\n    T0 "/opt/conda/conda-bld/blast_1754905306566/work'; LOSAT 'Error: the -query_loc value "1.0-5" has a part "1.0" that NCBI BLAST+ cannot convert to an int (it stops with a CStringE'
tblastx	losat-rejects	spelling -query_loc '0x10-0x20'	-query tests/fasta/outfmt0/e2d_x_q.fa -subject tests/fasta/outfmt0/e2d_t_ts.fa -query_loc 0x10-0x20 -outfmt 7	NCBI exit 255 'Error: NCBI C++ Exception:\n    T0 "/opt/conda/conda-bld/blast_1754905306566/work'; LOSAT 'Error: the -query_loc value "0x10-0x20" has a part "0x10" that NCBI BLAST+ cannot convert to an int (it stops with a CSt'
tblastx	losat-rejects	spelling -query_loc '1,0-50'	-query tests/fasta/outfmt0/e2d_x_q.fa -subject tests/fasta/outfmt0/e2d_t_ts.fa -query_loc 1,0-50 -outfmt 7	NCBI exit 255 'Error: NCBI C++ Exception:\n    T0 "/opt/conda/conda-bld/blast_1754905306566/work'; LOSAT 'Error: the -query_loc value "1,0-50" has a part "1,0" that NCBI BLAST+ cannot convert to an int (it stops with a CString'
tblastx	losat-rejects	spelling -query_loc '0-a'	-query tests/fasta/outfmt0/e2d_x_q.fa -subject tests/fasta/outfmt0/e2d_t_ts.fa -query_loc 0-a -outfmt 7	NCBI exit 255 'Error: NCBI C++ Exception:\n    T0 "/opt/conda/conda-bld/blast_1754905306566/work'; LOSAT 'Error: the -query_loc value "0-a" has a part "a" that NCBI BLAST+ cannot convert to an int (it stops with a CStringExcep'
tblastx	losat-rejects	spelling -query_loc '1-2147483648'	-query tests/fasta/outfmt0/e2d_x_q.fa -subject tests/fasta/outfmt0/e2d_t_ts.fa -query_loc 1-2147483648 -outfmt 7	NCBI exit 255 'Error: NCBI C++ Exception:\n    T0 "/opt/conda/conda-bld/blast_1754905306566/work'; LOSAT 'Error: the -query_loc value "1-2147483648" has a part "2147483648" that NCBI BLAST+ cannot convert to an int (it stops w'
tblastx	losat-rejects	spelling -query_loc '2147483648-1'	-query tests/fasta/outfmt0/e2d_x_q.fa -subject tests/fasta/outfmt0/e2d_t_ts.fa -query_loc 2147483648-1 -outfmt 7	NCBI exit 255 'Error: NCBI C++ Exception:\n    T0 "/opt/conda/conda-bld/blast_1754905306566/work'; LOSAT 'Error: the -query_loc value "2147483648-1" has a part "2147483648" that NCBI BLAST+ cannot convert to an int (it stops w'
tblastx	losat-rejects	spelling -query_loc '1-9999999999999999999'	-query tests/fasta/outfmt0/e2d_x_q.fa -subject tests/fasta/outfmt0/e2d_t_ts.fa -query_loc 1-9999999999999999999 -outfmt 7	NCBI exit 255 'Error: NCBI C++ Exception:\n    T0 "/opt/conda/conda-bld/blast_1754905306566/work'; LOSAT 'Error: the -query_loc value "1-9999999999999999999" has a part "9999999999999999999" that NCBI BLAST+ cannot convert to '
tblastx	same	spelling -subject_loc '10-20'	-query tests/fasta/outfmt0/e2d_x_q.fa -subject tests/fasta/outfmt0/e2d_t_ts.fa -subject_loc 10-20 -outfmt 7	
tblastx	same	spelling -subject_loc '1-2'	-query tests/fasta/outfmt0/e2d_x_q.fa -subject tests/fasta/outfmt0/e2d_t_ts.fa -subject_loc 1-2 -outfmt 7	
tblastx	same	spelling -subject_loc '+1-5'	-query tests/fasta/outfmt0/e2d_x_q.fa -subject tests/fasta/outfmt0/e2d_t_ts.fa -subject_loc +1-5 -outfmt 7	
tblastx	same	spelling -subject_loc '01-05'	-query tests/fasta/outfmt0/e2d_x_q.fa -subject tests/fasta/outfmt0/e2d_t_ts.fa -subject_loc 01-05 -outfmt 7	
tblastx	same	spelling -subject_loc '1-+5'	-query tests/fasta/outfmt0/e2d_x_q.fa -subject tests/fasta/outfmt0/e2d_t_ts.fa -subject_loc 1-+5 -outfmt 7	
tblastx	same	spelling -subject_loc '1-2147483647'	-query tests/fasta/outfmt0/e2d_x_q.fa -subject tests/fasta/outfmt0/e2d_t_ts.fa -subject_loc 1-2147483647 -outfmt 7	
tblastx	same-error	spelling -subject_loc '1-1'	-query tests/fasta/outfmt0/e2d_x_q.fa -subject tests/fasta/outfmt0/e2d_t_ts.fa -subject_loc 1-1 -outfmt 7	BLAST engine error: Invalid specification of subject location (range cannot be empty)
tblastx	same-error	spelling -subject_loc '5-5'	-query tests/fasta/outfmt0/e2d_x_q.fa -subject tests/fasta/outfmt0/e2d_t_ts.fa -subject_loc 5-5 -outfmt 7	BLAST engine error: Invalid specification of subject location (range cannot be empty)
tblastx	same-error	spelling -subject_loc '20-10'	-query tests/fasta/outfmt0/e2d_x_q.fa -subject tests/fasta/outfmt0/e2d_t_ts.fa -subject_loc 20-10 -outfmt 7	BLAST engine error: Invalid specification of subject location (start cannot be larger than stop)
tblastx	same-error	spelling -subject_loc '2-1'	-query tests/fasta/outfmt0/e2d_x_q.fa -subject tests/fasta/outfmt0/e2d_t_ts.fa -subject_loc 2-1 -outfmt 7	BLAST engine error: Invalid specification of subject location (start cannot be larger than stop)
tblastx	same-error	spelling -subject_loc '0-10'	-query tests/fasta/outfmt0/e2d_x_q.fa -subject tests/fasta/outfmt0/e2d_t_ts.fa -subject_loc 0-10 -outfmt 7	BLAST engine error: Invalid specification of subject location (range elements cannot be less than or equal to 0)
tblastx	same-error	spelling -subject_loc '10-0'	-query tests/fasta/outfmt0/e2d_x_q.fa -subject tests/fasta/outfmt0/e2d_t_ts.fa -subject_loc 10-0 -outfmt 7	BLAST engine error: Invalid specification of subject location (range elements cannot be less than or equal to 0)
tblastx	same-error	spelling -subject_loc '-10'	-query tests/fasta/outfmt0/e2d_x_q.fa -subject tests/fasta/outfmt0/e2d_t_ts.fa -subject_loc -10 -outfmt 7	BLAST engine error: Invalid specification of subject location (Format: start-stop)
tblastx	same-error	spelling -subject_loc '10-'	-query tests/fasta/outfmt0/e2d_x_q.fa -subject tests/fasta/outfmt0/e2d_t_ts.fa -subject_loc 10- -outfmt 7	BLAST engine error: Invalid specification of subject location (Format: start-stop)
tblastx	same-error	spelling -subject_loc '10'	-query tests/fasta/outfmt0/e2d_x_q.fa -subject tests/fasta/outfmt0/e2d_t_ts.fa -subject_loc 10 -outfmt 7	BLAST engine error: Invalid specification of subject location (Format: start-stop)
tblastx	same-error	spelling -subject_loc '1--5'	-query tests/fasta/outfmt0/e2d_x_q.fa -subject tests/fasta/outfmt0/e2d_t_ts.fa -subject_loc 1--5 -outfmt 7	BLAST engine error: Invalid specification of subject location (Format: start-stop)
tblastx	same-error	spelling -subject_loc '1-2-3'	-query tests/fasta/outfmt0/e2d_x_q.fa -subject tests/fasta/outfmt0/e2d_t_ts.fa -subject_loc 1-2-3 -outfmt 7	BLAST engine error: Invalid specification of subject location (Format: start-stop)
tblastx	same-error	spelling -subject_loc ''	-query tests/fasta/outfmt0/e2d_x_q.fa -subject tests/fasta/outfmt0/e2d_t_ts.fa -subject_loc '' -outfmt 7	BLAST engine error: Invalid specification of subject location (Format: start-stop)
tblastx	same-error	spelling -subject_loc '-'	-query tests/fasta/outfmt0/e2d_x_q.fa -subject tests/fasta/outfmt0/e2d_t_ts.fa -subject_loc - -outfmt 7	BLAST engine error: Invalid specification of subject location (Format: start-stop)
tblastx	same-error	spelling -subject_loc '--'	-query tests/fasta/outfmt0/e2d_x_q.fa -subject tests/fasta/outfmt0/e2d_t_ts.fa -subject_loc -- -outfmt 7	BLAST engine error: Invalid specification of subject location (Format: start-stop)
tblastx	same-error	spelling -subject_loc '-5-10'	-query tests/fasta/outfmt0/e2d_x_q.fa -subject tests/fasta/outfmt0/e2d_t_ts.fa -subject_loc -5-10 -outfmt 7	BLAST engine error: Invalid specification of subject location (Format: start-stop)
tblastx	losat-rejects	spelling -subject_loc ' 1-5'	-query tests/fasta/outfmt0/e2d_x_q.fa -subject tests/fasta/outfmt0/e2d_t_ts.fa -subject_loc ' 1-5' -outfmt 7	NCBI exit 255 'Error: NCBI C++ Exception:\n    T0 "/opt/conda/conda-bld/blast_1754905306566/work'; LOSAT 'Error: the -subject_loc value " 1-5" has a part " 1" that NCBI BLAST+ cannot convert to an int (it stops with a CStringE'
tblastx	losat-rejects	spelling -subject_loc '1- 5'	-query tests/fasta/outfmt0/e2d_x_q.fa -subject tests/fasta/outfmt0/e2d_t_ts.fa -subject_loc '1- 5' -outfmt 7	NCBI exit 255 'Error: NCBI C++ Exception:\n    T0 "/opt/conda/conda-bld/blast_1754905306566/work'; LOSAT 'Error: the -subject_loc value "1- 5" has a part " 5" that NCBI BLAST+ cannot convert to an int (it stops with a CStringE'
tblastx	losat-rejects	spelling -subject_loc '1-5 '	-query tests/fasta/outfmt0/e2d_x_q.fa -subject tests/fasta/outfmt0/e2d_t_ts.fa -subject_loc '1-5 ' -outfmt 7	NCBI exit 255 'Error: NCBI C++ Exception:\n    T0 "/opt/conda/conda-bld/blast_1754905306566/work'; LOSAT 'Error: the -subject_loc value "1-5 " has a part "5 " that NCBI BLAST+ cannot convert to an int (it stops with a CStringE'
tblastx	losat-rejects	spelling -subject_loc 'a-5'	-query tests/fasta/outfmt0/e2d_x_q.fa -subject tests/fasta/outfmt0/e2d_t_ts.fa -subject_loc a-5 -outfmt 7	NCBI exit 255 'Error: NCBI C++ Exception:\n    T0 "/opt/conda/conda-bld/blast_1754905306566/work'; LOSAT 'Error: the -subject_loc value "a-5" has a part "a" that NCBI BLAST+ cannot convert to an int (it stops with a CStringExc'
tblastx	losat-rejects	spelling -subject_loc '1-5a'	-query tests/fasta/outfmt0/e2d_x_q.fa -subject tests/fasta/outfmt0/e2d_t_ts.fa -subject_loc 1-5a -outfmt 7	NCBI exit 255 'Error: NCBI C++ Exception:\n    T0 "/opt/conda/conda-bld/blast_1754905306566/work'; LOSAT 'Error: the -subject_loc value "1-5a" has a part "5a" that NCBI BLAST+ cannot convert to an int (it stops with a CStringE'
tblastx	losat-rejects	spelling -subject_loc '1.0-5'	-query tests/fasta/outfmt0/e2d_x_q.fa -subject tests/fasta/outfmt0/e2d_t_ts.fa -subject_loc 1.0-5 -outfmt 7	NCBI exit 255 'Error: NCBI C++ Exception:\n    T0 "/opt/conda/conda-bld/blast_1754905306566/work'; LOSAT 'Error: the -subject_loc value "1.0-5" has a part "1.0" that NCBI BLAST+ cannot convert to an int (it stops with a CStrin'
tblastx	losat-rejects	spelling -subject_loc '0x10-0x20'	-query tests/fasta/outfmt0/e2d_x_q.fa -subject tests/fasta/outfmt0/e2d_t_ts.fa -subject_loc 0x10-0x20 -outfmt 7	NCBI exit 255 'Error: NCBI C++ Exception:\n    T0 "/opt/conda/conda-bld/blast_1754905306566/work'; LOSAT 'Error: the -subject_loc value "0x10-0x20" has a part "0x10" that NCBI BLAST+ cannot convert to an int (it stops with a C'
tblastx	losat-rejects	spelling -subject_loc '1,0-50'	-query tests/fasta/outfmt0/e2d_x_q.fa -subject tests/fasta/outfmt0/e2d_t_ts.fa -subject_loc 1,0-50 -outfmt 7	NCBI exit 255 'Error: NCBI C++ Exception:\n    T0 "/opt/conda/conda-bld/blast_1754905306566/work'; LOSAT 'Error: the -subject_loc value "1,0-50" has a part "1,0" that NCBI BLAST+ cannot convert to an int (it stops with a CStri'
tblastx	losat-rejects	spelling -subject_loc '0-a'	-query tests/fasta/outfmt0/e2d_x_q.fa -subject tests/fasta/outfmt0/e2d_t_ts.fa -subject_loc 0-a -outfmt 7	NCBI exit 255 'Error: NCBI C++ Exception:\n    T0 "/opt/conda/conda-bld/blast_1754905306566/work'; LOSAT 'Error: the -subject_loc value "0-a" has a part "a" that NCBI BLAST+ cannot convert to an int (it stops with a CStringExc'
tblastx	losat-rejects	spelling -subject_loc '1-2147483648'	-query tests/fasta/outfmt0/e2d_x_q.fa -subject tests/fasta/outfmt0/e2d_t_ts.fa -subject_loc 1-2147483648 -outfmt 7	NCBI exit 255 'Error: NCBI C++ Exception:\n    T0 "/opt/conda/conda-bld/blast_1754905306566/work'; LOSAT 'Error: the -subject_loc value "1-2147483648" has a part "2147483648" that NCBI BLAST+ cannot convert to an int (it stops'
tblastx	losat-rejects	spelling -subject_loc '2147483648-1'	-query tests/fasta/outfmt0/e2d_x_q.fa -subject tests/fasta/outfmt0/e2d_t_ts.fa -subject_loc 2147483648-1 -outfmt 7	NCBI exit 255 'Error: NCBI C++ Exception:\n    T0 "/opt/conda/conda-bld/blast_1754905306566/work'; LOSAT 'Error: the -subject_loc value "2147483648-1" has a part "2147483648" that NCBI BLAST+ cannot convert to an int (it stops'
tblastx	losat-rejects	spelling -subject_loc '1-9999999999999999999'	-query tests/fasta/outfmt0/e2d_x_q.fa -subject tests/fasta/outfmt0/e2d_t_ts.fa -subject_loc 1-9999999999999999999 -outfmt 7	NCBI exit 255 'Error: NCBI C++ Exception:\n    T0 "/opt/conda/conda-bld/blast_1754905306566/work'; LOSAT 'Error: the -subject_loc value "1-9999999999999999999" has a part "9999999999999999999" that NCBI BLAST+ cannot convert t'
tblastx	same	edge -query_loc 1-2	-query tests/fasta/outfmt0/e2d_x_q.fa -subject tests/fasta/outfmt0/e2d_t_ts.fa -query_loc 1-2 -outfmt 7	Warning: [tblastx] Query_1 xq1 nt query one: Could not calculate ungapped Karlin-Altschul parameters due to an invalid q
tblastx	same	edge -query_loc 1-767	-query tests/fasta/outfmt0/e2d_x_q.fa -subject tests/fasta/outfmt0/e2d_t_ts.fa -query_loc 1-767 -outfmt 7	
tblastx	same	edge -query_loc 1-768	-query tests/fasta/outfmt0/e2d_x_q.fa -subject tests/fasta/outfmt0/e2d_t_ts.fa -query_loc 1-768 -outfmt 7	
tblastx	same	edge -query_loc 1-769	-query tests/fasta/outfmt0/e2d_x_q.fa -subject tests/fasta/outfmt0/e2d_t_ts.fa -query_loc 1-769 -outfmt 7	
tblastx	same	edge -query_loc 1-2147483647	-query tests/fasta/outfmt0/e2d_x_q.fa -subject tests/fasta/outfmt0/e2d_t_ts.fa -query_loc 1-2147483647 -outfmt 7	
tblastx	same	edge -query_loc 767-768	-query tests/fasta/outfmt0/e2d_x_q.fa -subject tests/fasta/outfmt0/e2d_t_ts.fa -query_loc 767-768 -outfmt 7	Warning: [tblastx] Query_1 xq1 nt query one: Could not calculate ungapped Karlin-Altschul parameters due to an invalid q
tblastx	same	edge -query_loc 767-769	-query tests/fasta/outfmt0/e2d_x_q.fa -subject tests/fasta/outfmt0/e2d_t_ts.fa -query_loc 767-769 -outfmt 7	Warning: [tblastx] Query_1 xq1 nt query one: Could not calculate ungapped Karlin-Altschul parameters due to an invalid q
tblastx	same	edge -query_loc 767-2147483647	-query tests/fasta/outfmt0/e2d_x_q.fa -subject tests/fasta/outfmt0/e2d_t_ts.fa -query_loc 767-2147483647 -outfmt 7	Warning: [tblastx] Query_1 xq1 nt query one: Could not calculate ungapped Karlin-Altschul parameters due to an invalid q
tblastx	same	edge -query_loc 768-769	-query tests/fasta/outfmt0/e2d_x_q.fa -subject tests/fasta/outfmt0/e2d_t_ts.fa -query_loc 768-769 -outfmt 7	Warning: [tblastx] Query_1 xq1 nt query one: Could not calculate ungapped Karlin-Altschul parameters due to an invalid q
tblastx	same	edge -query_loc 768-2147483647	-query tests/fasta/outfmt0/e2d_x_q.fa -subject tests/fasta/outfmt0/e2d_t_ts.fa -query_loc 768-2147483647 -outfmt 7	Warning: [tblastx] Query_1 xq1 nt query one: Could not calculate ungapped Karlin-Altschul parameters due to an invalid q
tblastx	losat-rejects	edge -query_loc 769-770	-query tests/fasta/outfmt0/e2d_x_q.fa -subject tests/fasta/outfmt0/e2d_t_ts.fa -query_loc 769-770 -outfmt 7	NCBI exit 3 'BLAST engine error: Warning: Sequence contains no data'; LOSAT 'Error: query record 1 (xq1) has no letters in the -query_loc range (the range starts just past its end); NCBI BLAST+ sea'
tblastx	losat-rejects	edge -query_loc 769-2147483647	-query tests/fasta/outfmt0/e2d_x_q.fa -subject tests/fasta/outfmt0/e2d_t_ts.fa -query_loc 769-2147483647 -outfmt 7	NCBI exit 3 'BLAST engine error: Warning: Sequence contains no data'; LOSAT 'Error: query record 1 (xq1) has no letters in the -query_loc range (the range starts just past its end); NCBI BLAST+ sea'
tblastx	same-error	edge -query_loc 770-771	-query tests/fasta/outfmt0/e2d_x_q.fa -subject tests/fasta/outfmt0/e2d_t_ts.fa -query_loc 770-771 -outfmt 7	BLAST engine error: Empty CBlastQueryVector
tblastx	same-error	edge -query_loc 770-2147483647	-query tests/fasta/outfmt0/e2d_x_q.fa -subject tests/fasta/outfmt0/e2d_t_ts.fa -query_loc 770-2147483647 -outfmt 7	BLAST engine error: Empty CBlastQueryVector
tblastx	same	edge -subject_loc 1-2	-query tests/fasta/outfmt0/e2d_x_q.fa -subject tests/fasta/outfmt0/e2d_t_ts.fa -subject_loc 1-2 -outfmt 7	
tblastx	same	edge -subject_loc 1-796	-query tests/fasta/outfmt0/e2d_x_q.fa -subject tests/fasta/outfmt0/e2d_t_ts.fa -subject_loc 1-796 -outfmt 7	
tblastx	same	edge -subject_loc 1-797	-query tests/fasta/outfmt0/e2d_x_q.fa -subject tests/fasta/outfmt0/e2d_t_ts.fa -subject_loc 1-797 -outfmt 7	
tblastx	same	edge -subject_loc 1-798	-query tests/fasta/outfmt0/e2d_x_q.fa -subject tests/fasta/outfmt0/e2d_t_ts.fa -subject_loc 1-798 -outfmt 7	
tblastx	same	edge -subject_loc 1-2147483647	-query tests/fasta/outfmt0/e2d_x_q.fa -subject tests/fasta/outfmt0/e2d_t_ts.fa -subject_loc 1-2147483647 -outfmt 7	
tblastx	same	edge -subject_loc 796-797	-query tests/fasta/outfmt0/e2d_x_q.fa -subject tests/fasta/outfmt0/e2d_t_ts.fa -subject_loc 796-797 -outfmt 7	
tblastx	same	edge -subject_loc 796-798	-query tests/fasta/outfmt0/e2d_x_q.fa -subject tests/fasta/outfmt0/e2d_t_ts.fa -subject_loc 796-798 -outfmt 7	
tblastx	same	edge -subject_loc 796-2147483647	-query tests/fasta/outfmt0/e2d_x_q.fa -subject tests/fasta/outfmt0/e2d_t_ts.fa -subject_loc 796-2147483647 -outfmt 7	
tblastx	same	edge -subject_loc 797-798	-query tests/fasta/outfmt0/e2d_x_q.fa -subject tests/fasta/outfmt0/e2d_t_ts.fa -subject_loc 797-798 -outfmt 7	
tblastx	same	edge -subject_loc 797-2147483647	-query tests/fasta/outfmt0/e2d_x_q.fa -subject tests/fasta/outfmt0/e2d_t_ts.fa -subject_loc 797-2147483647 -outfmt 7	
tblastx	losat-rejects	edge -subject_loc 798-799	-query tests/fasta/outfmt0/e2d_x_q.fa -subject tests/fasta/outfmt0/e2d_t_ts.fa -subject_loc 798-799 -outfmt 7	NCBI exit 3 'Warning: [tblastx] Subject_1 ts1 nt subject one: Subject sequence contains no da'; LOSAT 'Error: subject record 1 (ts1) has no letters in the -subject_loc range (the range starts just past its end); NCBI BLAST+'
tblastx	losat-rejects	edge -subject_loc 798-2147483647	-query tests/fasta/outfmt0/e2d_x_q.fa -subject tests/fasta/outfmt0/e2d_t_ts.fa -subject_loc 798-2147483647 -outfmt 7	NCBI exit 3 'Warning: [tblastx] Subject_1 ts1 nt subject one: Subject sequence contains no da'; LOSAT 'Error: subject record 1 (ts1) has no letters in the -subject_loc range (the range starts just past its end); NCBI BLAST+'
tblastx	same-error	edge -subject_loc 799-800	-query tests/fasta/outfmt0/e2d_x_q.fa -subject tests/fasta/outfmt0/e2d_t_ts.fa -subject_loc 799-800 -outfmt 7	BLAST query/options error: Invalid from coordinate (greater than sequence length) | Please refer to the BLAST+ user manu
tblastx	same-error	edge -subject_loc 799-2147483647	-query tests/fasta/outfmt0/e2d_x_q.fa -subject tests/fasta/outfmt0/e2d_t_ts.fa -subject_loc 799-2147483647 -outfmt 7	BLAST query/options error: Invalid from coordinate (greater than sequence length) | Please refer to the BLAST+ user manu
tblastx	same-error	pair 2-1 2-1	-query tests/fasta/outfmt0/e2d_x_q.fa -subject tests/fasta/outfmt0/e2d_t_ts.fa -query_loc 2-1 -subject_loc 2-1 -outfmt 7	BLAST engine error: Invalid specification of subject location (start cannot be larger than stop)
tblastx	same-error	pair 10-20-30 5-1	-query tests/fasta/outfmt0/e2d_x_q.fa -subject tests/fasta/outfmt0/e2d_t_ts.fa -query_loc 10-20-30 -subject_loc 5-1 -outfmt 7	BLAST engine error: Invalid specification of subject location (start cannot be larger than stop)
tblastx	same-error	pair 1-50 2-1	-query tests/fasta/outfmt0/e2d_x_q.fa -subject tests/fasta/outfmt0/e2d_t_ts.fa -query_loc 1-50 -subject_loc 2-1 -outfmt 7	BLAST engine error: Invalid specification of subject location (start cannot be larger than stop)
tblastx	same-error	pair 2-1 1-50	-query tests/fasta/outfmt0/e2d_x_q.fa -subject tests/fasta/outfmt0/e2d_t_ts.fa -query_loc 2-1 -subject_loc 1-50 -outfmt 7	BLAST engine error: Invalid specification of query location (start cannot be larger than stop)
tblastx	same	pair 100-600 50-500	-query tests/fasta/outfmt0/e2d_x_q.fa -subject tests/fasta/outfmt0/e2d_t_ts.fa -query_loc 100-600 -subject_loc 50-500 -outfmt 7	
tblastx	same	pair 1-100000 1-100000	-query tests/fasta/outfmt0/e2d_x_q.fa -subject tests/fasta/outfmt0/e2d_t_ts.fa -query_loc 1-100000 -subject_loc 1-100000 -outfmt 7	
blastn	same	multi e2d_n_qm.fa e2d_n_s_plus.fa -query_loc 1-300	-query tests/fasta/outfmt0/e2d_n_qm.fa -subject tests/fasta/outfmt0/e2d_n_s_plus.fa -query_loc 1-300 -outfmt 0	
blastn	same	multi e2d_n_qm.fa e2d_n_s_plus.fa -subject_loc 1-300	-query tests/fasta/outfmt0/e2d_n_qm.fa -subject tests/fasta/outfmt0/e2d_n_s_plus.fa -subject_loc 1-300 -outfmt 0	
blastn	same	multi e2d_n_qm.fa e2d_n_s_plus.fa -query_loc 100-400	-query tests/fasta/outfmt0/e2d_n_qm.fa -subject tests/fasta/outfmt0/e2d_n_s_plus.fa -query_loc 100-400 -outfmt 0	
blastn	same	multi e2d_n_qm.fa e2d_n_s_plus.fa -subject_loc 100-400	-query tests/fasta/outfmt0/e2d_n_qm.fa -subject tests/fasta/outfmt0/e2d_n_s_plus.fa -subject_loc 100-400 -outfmt 0	
blastn	same	multi e2d_n_qm.fa e2d_n_s_plus.fa -query_loc 301-900	-query tests/fasta/outfmt0/e2d_n_qm.fa -subject tests/fasta/outfmt0/e2d_n_s_plus.fa -query_loc 301-900 -outfmt 0	
blastn	same	multi e2d_n_qm.fa e2d_n_s_plus.fa -subject_loc 301-900	-query tests/fasta/outfmt0/e2d_n_qm.fa -subject tests/fasta/outfmt0/e2d_n_s_plus.fa -subject_loc 301-900 -outfmt 0	
blastn	same	multi e2d_n_qm.fa e2d_n_s_plus.fa -query_loc 502-1000	-query tests/fasta/outfmt0/e2d_n_qm.fa -subject tests/fasta/outfmt0/e2d_n_s_plus.fa -query_loc 502-1000 -outfmt 0	
blastn	same	multi e2d_n_qm.fa e2d_n_s_plus.fa -subject_loc 502-1000	-query tests/fasta/outfmt0/e2d_n_qm.fa -subject tests/fasta/outfmt0/e2d_n_s_plus.fa -subject_loc 502-1000 -outfmt 0	
blastn	same	multi e2d_n_qm.fa e2d_n_s_plus.fa -query_loc 600-5000	-query tests/fasta/outfmt0/e2d_n_qm.fa -subject tests/fasta/outfmt0/e2d_n_s_plus.fa -query_loc 600-5000 -outfmt 0	
blastn	same	multi e2d_n_qm.fa e2d_n_s_plus.fa -subject_loc 600-5000	-query tests/fasta/outfmt0/e2d_n_qm.fa -subject tests/fasta/outfmt0/e2d_n_s_plus.fa -subject_loc 600-5000 -outfmt 0	
blastn	same	multi e2d_n_qm.fa e2d_n_s_plus.fa -query_loc 700-900	-query tests/fasta/outfmt0/e2d_n_qm.fa -subject tests/fasta/outfmt0/e2d_n_s_plus.fa -query_loc 700-900 -outfmt 0	
blastn	same	multi e2d_n_qm.fa e2d_n_s_plus.fa -subject_loc 700-900	-query tests/fasta/outfmt0/e2d_n_qm.fa -subject tests/fasta/outfmt0/e2d_n_s_plus.fa -subject_loc 700-900 -outfmt 0	
blastn	same	multi e2d_n_qm.fa e2d_n_s_plus.fa -query_loc 1001-2500	-query tests/fasta/outfmt0/e2d_n_qm.fa -subject tests/fasta/outfmt0/e2d_n_s_plus.fa -query_loc 1001-2500 -outfmt 0	
blastn	same	multi e2d_n_qm.fa e2d_n_s_plus.fa -subject_loc 1001-2500	-query tests/fasta/outfmt0/e2d_n_qm.fa -subject tests/fasta/outfmt0/e2d_n_s_plus.fa -subject_loc 1001-2500 -outfmt 0	
blastn	same	multi e2d_n_qm.fa e2d_n_s_plus.fa -query_loc 2001-3000	-query tests/fasta/outfmt0/e2d_n_qm.fa -subject tests/fasta/outfmt0/e2d_n_s_plus.fa -query_loc 2001-3000 -outfmt 0	
blastn	same	multi e2d_n_qm.fa e2d_n_s_plus.fa -subject_loc 2001-3000	-query tests/fasta/outfmt0/e2d_n_qm.fa -subject tests/fasta/outfmt0/e2d_n_s_plus.fa -subject_loc 2001-3000 -outfmt 0	
blastn	same-error	multi e2d_n_qm.fa e2d_n_s_plus.fa -query_loc 5000-25000	-query tests/fasta/outfmt0/e2d_n_qm.fa -subject tests/fasta/outfmt0/e2d_n_s_plus.fa -query_loc 5000-25000 -outfmt 0	BLAST engine error: Empty CBlastQueryVector
blastn	same	multi e2d_n_qm.fa e2d_n_s_plus.fa -subject_loc 5000-25000	-query tests/fasta/outfmt0/e2d_n_qm.fa -subject tests/fasta/outfmt0/e2d_n_s_plus.fa -subject_loc 5000-25000 -outfmt 0	
blastn	same	multi e2d_n_qm.fa e2d_n_s_plus.fa -query_loc 100-300	-query tests/fasta/outfmt0/e2d_n_qm.fa -subject tests/fasta/outfmt0/e2d_n_s_plus.fa -query_loc 100-300 -outfmt 0	
blastn	same	multi e2d_n_qm.fa e2d_n_s_plus.fa -subject_loc 100-300	-query tests/fasta/outfmt0/e2d_n_qm.fa -subject tests/fasta/outfmt0/e2d_n_s_plus.fa -subject_loc 100-300 -outfmt 0	
blastn	same	multi e2d_n_qm.fa e2d_n_s_plus.fa -query_loc 1-300	-query tests/fasta/outfmt0/e2d_n_qm.fa -subject tests/fasta/outfmt0/e2d_n_s_plus.fa -query_loc 1-300 -outfmt 6	
blastn	same	multi e2d_n_qm.fa e2d_n_s_plus.fa -subject_loc 1-300	-query tests/fasta/outfmt0/e2d_n_qm.fa -subject tests/fasta/outfmt0/e2d_n_s_plus.fa -subject_loc 1-300 -outfmt 6	
blastn	same	multi e2d_n_qm.fa e2d_n_s_plus.fa -query_loc 100-400	-query tests/fasta/outfmt0/e2d_n_qm.fa -subject tests/fasta/outfmt0/e2d_n_s_plus.fa -query_loc 100-400 -outfmt 6	
blastn	same	multi e2d_n_qm.fa e2d_n_s_plus.fa -subject_loc 100-400	-query tests/fasta/outfmt0/e2d_n_qm.fa -subject tests/fasta/outfmt0/e2d_n_s_plus.fa -subject_loc 100-400 -outfmt 6	
blastn	same	multi e2d_n_qm.fa e2d_n_s_plus.fa -query_loc 301-900	-query tests/fasta/outfmt0/e2d_n_qm.fa -subject tests/fasta/outfmt0/e2d_n_s_plus.fa -query_loc 301-900 -outfmt 6	
blastn	same	multi e2d_n_qm.fa e2d_n_s_plus.fa -subject_loc 301-900	-query tests/fasta/outfmt0/e2d_n_qm.fa -subject tests/fasta/outfmt0/e2d_n_s_plus.fa -subject_loc 301-900 -outfmt 6	
blastn	same	multi e2d_n_qm.fa e2d_n_s_plus.fa -query_loc 502-1000	-query tests/fasta/outfmt0/e2d_n_qm.fa -subject tests/fasta/outfmt0/e2d_n_s_plus.fa -query_loc 502-1000 -outfmt 6	
blastn	same	multi e2d_n_qm.fa e2d_n_s_plus.fa -subject_loc 502-1000	-query tests/fasta/outfmt0/e2d_n_qm.fa -subject tests/fasta/outfmt0/e2d_n_s_plus.fa -subject_loc 502-1000 -outfmt 6	
blastn	same	multi e2d_n_qm.fa e2d_n_s_plus.fa -query_loc 600-5000	-query tests/fasta/outfmt0/e2d_n_qm.fa -subject tests/fasta/outfmt0/e2d_n_s_plus.fa -query_loc 600-5000 -outfmt 6	
blastn	same	multi e2d_n_qm.fa e2d_n_s_plus.fa -subject_loc 600-5000	-query tests/fasta/outfmt0/e2d_n_qm.fa -subject tests/fasta/outfmt0/e2d_n_s_plus.fa -subject_loc 600-5000 -outfmt 6	
blastn	same	multi e2d_n_qm.fa e2d_n_s_plus.fa -query_loc 700-900	-query tests/fasta/outfmt0/e2d_n_qm.fa -subject tests/fasta/outfmt0/e2d_n_s_plus.fa -query_loc 700-900 -outfmt 6	
blastn	same	multi e2d_n_qm.fa e2d_n_s_plus.fa -subject_loc 700-900	-query tests/fasta/outfmt0/e2d_n_qm.fa -subject tests/fasta/outfmt0/e2d_n_s_plus.fa -subject_loc 700-900 -outfmt 6	
blastn	same	multi e2d_n_qm.fa e2d_n_s_plus.fa -query_loc 1001-2500	-query tests/fasta/outfmt0/e2d_n_qm.fa -subject tests/fasta/outfmt0/e2d_n_s_plus.fa -query_loc 1001-2500 -outfmt 6	
blastn	same	multi e2d_n_qm.fa e2d_n_s_plus.fa -subject_loc 1001-2500	-query tests/fasta/outfmt0/e2d_n_qm.fa -subject tests/fasta/outfmt0/e2d_n_s_plus.fa -subject_loc 1001-2500 -outfmt 6	
blastn	same	multi e2d_n_qm.fa e2d_n_s_plus.fa -query_loc 2001-3000	-query tests/fasta/outfmt0/e2d_n_qm.fa -subject tests/fasta/outfmt0/e2d_n_s_plus.fa -query_loc 2001-3000 -outfmt 6	
blastn	same	multi e2d_n_qm.fa e2d_n_s_plus.fa -subject_loc 2001-3000	-query tests/fasta/outfmt0/e2d_n_qm.fa -subject tests/fasta/outfmt0/e2d_n_s_plus.fa -subject_loc 2001-3000 -outfmt 6	
blastn	same-error	multi e2d_n_qm.fa e2d_n_s_plus.fa -query_loc 5000-25000	-query tests/fasta/outfmt0/e2d_n_qm.fa -subject tests/fasta/outfmt0/e2d_n_s_plus.fa -query_loc 5000-25000 -outfmt 6	BLAST engine error: Empty CBlastQueryVector
blastn	same	multi e2d_n_qm.fa e2d_n_s_plus.fa -subject_loc 5000-25000	-query tests/fasta/outfmt0/e2d_n_qm.fa -subject tests/fasta/outfmt0/e2d_n_s_plus.fa -subject_loc 5000-25000 -outfmt 6	
blastn	same	multi e2d_n_qm.fa e2d_n_s_plus.fa -query_loc 100-300	-query tests/fasta/outfmt0/e2d_n_qm.fa -subject tests/fasta/outfmt0/e2d_n_s_plus.fa -query_loc 100-300 -outfmt 6	
blastn	same	multi e2d_n_qm.fa e2d_n_s_plus.fa -subject_loc 100-300	-query tests/fasta/outfmt0/e2d_n_qm.fa -subject tests/fasta/outfmt0/e2d_n_s_plus.fa -subject_loc 100-300 -outfmt 6	
blastn	same	multi e2d_n_qm.fa e2d_n_s_plus.fa -query_loc 1-300	-query tests/fasta/outfmt0/e2d_n_qm.fa -subject tests/fasta/outfmt0/e2d_n_s_plus.fa -query_loc 1-300 -outfmt 7	
blastn	same	multi e2d_n_qm.fa e2d_n_s_plus.fa -subject_loc 1-300	-query tests/fasta/outfmt0/e2d_n_qm.fa -subject tests/fasta/outfmt0/e2d_n_s_plus.fa -subject_loc 1-300 -outfmt 7	
blastn	same	multi e2d_n_qm.fa e2d_n_s_plus.fa -query_loc 100-400	-query tests/fasta/outfmt0/e2d_n_qm.fa -subject tests/fasta/outfmt0/e2d_n_s_plus.fa -query_loc 100-400 -outfmt 7	
blastn	same	multi e2d_n_qm.fa e2d_n_s_plus.fa -subject_loc 100-400	-query tests/fasta/outfmt0/e2d_n_qm.fa -subject tests/fasta/outfmt0/e2d_n_s_plus.fa -subject_loc 100-400 -outfmt 7	
blastn	same	multi e2d_n_qm.fa e2d_n_s_plus.fa -query_loc 301-900	-query tests/fasta/outfmt0/e2d_n_qm.fa -subject tests/fasta/outfmt0/e2d_n_s_plus.fa -query_loc 301-900 -outfmt 7	
blastn	same	multi e2d_n_qm.fa e2d_n_s_plus.fa -subject_loc 301-900	-query tests/fasta/outfmt0/e2d_n_qm.fa -subject tests/fasta/outfmt0/e2d_n_s_plus.fa -subject_loc 301-900 -outfmt 7	
blastn	same	multi e2d_n_qm.fa e2d_n_s_plus.fa -query_loc 502-1000	-query tests/fasta/outfmt0/e2d_n_qm.fa -subject tests/fasta/outfmt0/e2d_n_s_plus.fa -query_loc 502-1000 -outfmt 7	
blastn	same	multi e2d_n_qm.fa e2d_n_s_plus.fa -subject_loc 502-1000	-query tests/fasta/outfmt0/e2d_n_qm.fa -subject tests/fasta/outfmt0/e2d_n_s_plus.fa -subject_loc 502-1000 -outfmt 7	
blastn	same	multi e2d_n_qm.fa e2d_n_s_plus.fa -query_loc 600-5000	-query tests/fasta/outfmt0/e2d_n_qm.fa -subject tests/fasta/outfmt0/e2d_n_s_plus.fa -query_loc 600-5000 -outfmt 7	
blastn	same	multi e2d_n_qm.fa e2d_n_s_plus.fa -subject_loc 600-5000	-query tests/fasta/outfmt0/e2d_n_qm.fa -subject tests/fasta/outfmt0/e2d_n_s_plus.fa -subject_loc 600-5000 -outfmt 7	
blastn	same	multi e2d_n_qm.fa e2d_n_s_plus.fa -query_loc 700-900	-query tests/fasta/outfmt0/e2d_n_qm.fa -subject tests/fasta/outfmt0/e2d_n_s_plus.fa -query_loc 700-900 -outfmt 7	
blastn	same	multi e2d_n_qm.fa e2d_n_s_plus.fa -subject_loc 700-900	-query tests/fasta/outfmt0/e2d_n_qm.fa -subject tests/fasta/outfmt0/e2d_n_s_plus.fa -subject_loc 700-900 -outfmt 7	
blastn	same	multi e2d_n_qm.fa e2d_n_s_plus.fa -query_loc 1001-2500	-query tests/fasta/outfmt0/e2d_n_qm.fa -subject tests/fasta/outfmt0/e2d_n_s_plus.fa -query_loc 1001-2500 -outfmt 7	
blastn	same	multi e2d_n_qm.fa e2d_n_s_plus.fa -subject_loc 1001-2500	-query tests/fasta/outfmt0/e2d_n_qm.fa -subject tests/fasta/outfmt0/e2d_n_s_plus.fa -subject_loc 1001-2500 -outfmt 7	
blastn	same	multi e2d_n_qm.fa e2d_n_s_plus.fa -query_loc 2001-3000	-query tests/fasta/outfmt0/e2d_n_qm.fa -subject tests/fasta/outfmt0/e2d_n_s_plus.fa -query_loc 2001-3000 -outfmt 7	
blastn	same	multi e2d_n_qm.fa e2d_n_s_plus.fa -subject_loc 2001-3000	-query tests/fasta/outfmt0/e2d_n_qm.fa -subject tests/fasta/outfmt0/e2d_n_s_plus.fa -subject_loc 2001-3000 -outfmt 7	
blastn	same-error	multi e2d_n_qm.fa e2d_n_s_plus.fa -query_loc 5000-25000	-query tests/fasta/outfmt0/e2d_n_qm.fa -subject tests/fasta/outfmt0/e2d_n_s_plus.fa -query_loc 5000-25000 -outfmt 7	BLAST engine error: Empty CBlastQueryVector
blastn	same	multi e2d_n_qm.fa e2d_n_s_plus.fa -subject_loc 5000-25000	-query tests/fasta/outfmt0/e2d_n_qm.fa -subject tests/fasta/outfmt0/e2d_n_s_plus.fa -subject_loc 5000-25000 -outfmt 7	
blastn	same	multi e2d_n_qm.fa e2d_n_s_plus.fa -query_loc 100-300	-query tests/fasta/outfmt0/e2d_n_qm.fa -subject tests/fasta/outfmt0/e2d_n_s_plus.fa -query_loc 100-300 -outfmt 7	
blastn	same	multi e2d_n_qm.fa e2d_n_s_plus.fa -subject_loc 100-300	-query tests/fasta/outfmt0/e2d_n_qm.fa -subject tests/fasta/outfmt0/e2d_n_s_plus.fa -subject_loc 100-300 -outfmt 7	
blastn	same	multi e2d_n_qidx.fa e2d_n_s_plus.fa -query_loc 1-300	-query tests/fasta/outfmt0/e2d_n_qidx.fa -subject tests/fasta/outfmt0/e2d_n_s_plus.fa -query_loc 1-300 -outfmt 0	
blastn	same	multi e2d_n_qidx.fa e2d_n_s_plus.fa -subject_loc 1-300	-query tests/fasta/outfmt0/e2d_n_qidx.fa -subject tests/fasta/outfmt0/e2d_n_s_plus.fa -subject_loc 1-300 -outfmt 0	
blastn	same	multi e2d_n_qidx.fa e2d_n_s_plus.fa -query_loc 100-400	-query tests/fasta/outfmt0/e2d_n_qidx.fa -subject tests/fasta/outfmt0/e2d_n_s_plus.fa -query_loc 100-400 -outfmt 0	
blastn	same	multi e2d_n_qidx.fa e2d_n_s_plus.fa -subject_loc 100-400	-query tests/fasta/outfmt0/e2d_n_qidx.fa -subject tests/fasta/outfmt0/e2d_n_s_plus.fa -subject_loc 100-400 -outfmt 0	
blastn	same	multi e2d_n_qidx.fa e2d_n_s_plus.fa -query_loc 301-900	-query tests/fasta/outfmt0/e2d_n_qidx.fa -subject tests/fasta/outfmt0/e2d_n_s_plus.fa -query_loc 301-900 -outfmt 0	
blastn	same	multi e2d_n_qidx.fa e2d_n_s_plus.fa -subject_loc 301-900	-query tests/fasta/outfmt0/e2d_n_qidx.fa -subject tests/fasta/outfmt0/e2d_n_s_plus.fa -subject_loc 301-900 -outfmt 0	
blastn	same	multi e2d_n_qidx.fa e2d_n_s_plus.fa -query_loc 502-1000	-query tests/fasta/outfmt0/e2d_n_qidx.fa -subject tests/fasta/outfmt0/e2d_n_s_plus.fa -query_loc 502-1000 -outfmt 0	
blastn	same	multi e2d_n_qidx.fa e2d_n_s_plus.fa -subject_loc 502-1000	-query tests/fasta/outfmt0/e2d_n_qidx.fa -subject tests/fasta/outfmt0/e2d_n_s_plus.fa -subject_loc 502-1000 -outfmt 0	
blastn	same	multi e2d_n_qidx.fa e2d_n_s_plus.fa -query_loc 600-5000	-query tests/fasta/outfmt0/e2d_n_qidx.fa -subject tests/fasta/outfmt0/e2d_n_s_plus.fa -query_loc 600-5000 -outfmt 0	
blastn	same	multi e2d_n_qidx.fa e2d_n_s_plus.fa -subject_loc 600-5000	-query tests/fasta/outfmt0/e2d_n_qidx.fa -subject tests/fasta/outfmt0/e2d_n_s_plus.fa -subject_loc 600-5000 -outfmt 0	
blastn	same	multi e2d_n_qidx.fa e2d_n_s_plus.fa -query_loc 700-900	-query tests/fasta/outfmt0/e2d_n_qidx.fa -subject tests/fasta/outfmt0/e2d_n_s_plus.fa -query_loc 700-900 -outfmt 0	
blastn	same	multi e2d_n_qidx.fa e2d_n_s_plus.fa -subject_loc 700-900	-query tests/fasta/outfmt0/e2d_n_qidx.fa -subject tests/fasta/outfmt0/e2d_n_s_plus.fa -subject_loc 700-900 -outfmt 0	
blastn	losat-rejects	multi e2d_n_qidx.fa e2d_n_s_plus.fa -query_loc 1001-2500	-query tests/fasta/outfmt0/e2d_n_qidx.fa -subject tests/fasta/outfmt0/e2d_n_s_plus.fa -query_loc 1001-2500 -outfmt 0	NCBI exit 0 'Warning: [blastn] Query_3 r1000: Sequence contains no data'; LOSAT 'Error: query record 3 (r1000) has no letters in the -query_loc range (the range starts just past its end); NCBI BLAST+ s'
blastn	same	multi e2d_n_qidx.fa e2d_n_s_plus.fa -subject_loc 1001-2500	-query tests/fasta/outfmt0/e2d_n_qidx.fa -subject tests/fasta/outfmt0/e2d_n_s_plus.fa -subject_loc 1001-2500 -outfmt 0	
blastn	same	multi e2d_n_qidx.fa e2d_n_s_plus.fa -query_loc 2001-3000	-query tests/fasta/outfmt0/e2d_n_qidx.fa -subject tests/fasta/outfmt0/e2d_n_s_plus.fa -query_loc 2001-3000 -outfmt 0	
blastn	same	multi e2d_n_qidx.fa e2d_n_s_plus.fa -subject_loc 2001-3000	-query tests/fasta/outfmt0/e2d_n_qidx.fa -subject tests/fasta/outfmt0/e2d_n_s_plus.fa -subject_loc 2001-3000 -outfmt 0	
blastn	same-error	multi e2d_n_qidx.fa e2d_n_s_plus.fa -query_loc 5000-25000	-query tests/fasta/outfmt0/e2d_n_qidx.fa -subject tests/fasta/outfmt0/e2d_n_s_plus.fa -query_loc 5000-25000 -outfmt 0	BLAST engine error: Empty CBlastQueryVector
blastn	same	multi e2d_n_qidx.fa e2d_n_s_plus.fa -subject_loc 5000-25000	-query tests/fasta/outfmt0/e2d_n_qidx.fa -subject tests/fasta/outfmt0/e2d_n_s_plus.fa -subject_loc 5000-25000 -outfmt 0	
blastn	same	multi e2d_n_qidx.fa e2d_n_s_plus.fa -query_loc 100-300	-query tests/fasta/outfmt0/e2d_n_qidx.fa -subject tests/fasta/outfmt0/e2d_n_s_plus.fa -query_loc 100-300 -outfmt 0	
blastn	same	multi e2d_n_qidx.fa e2d_n_s_plus.fa -subject_loc 100-300	-query tests/fasta/outfmt0/e2d_n_qidx.fa -subject tests/fasta/outfmt0/e2d_n_s_plus.fa -subject_loc 100-300 -outfmt 0	
blastn	same	multi e2d_n_qidx.fa e2d_n_s_plus.fa -query_loc 1-300	-query tests/fasta/outfmt0/e2d_n_qidx.fa -subject tests/fasta/outfmt0/e2d_n_s_plus.fa -query_loc 1-300 -outfmt 6	
blastn	same	multi e2d_n_qidx.fa e2d_n_s_plus.fa -subject_loc 1-300	-query tests/fasta/outfmt0/e2d_n_qidx.fa -subject tests/fasta/outfmt0/e2d_n_s_plus.fa -subject_loc 1-300 -outfmt 6	
blastn	same	multi e2d_n_qidx.fa e2d_n_s_plus.fa -query_loc 100-400	-query tests/fasta/outfmt0/e2d_n_qidx.fa -subject tests/fasta/outfmt0/e2d_n_s_plus.fa -query_loc 100-400 -outfmt 6	
blastn	same	multi e2d_n_qidx.fa e2d_n_s_plus.fa -subject_loc 100-400	-query tests/fasta/outfmt0/e2d_n_qidx.fa -subject tests/fasta/outfmt0/e2d_n_s_plus.fa -subject_loc 100-400 -outfmt 6	
blastn	same	multi e2d_n_qidx.fa e2d_n_s_plus.fa -query_loc 301-900	-query tests/fasta/outfmt0/e2d_n_qidx.fa -subject tests/fasta/outfmt0/e2d_n_s_plus.fa -query_loc 301-900 -outfmt 6	
blastn	same	multi e2d_n_qidx.fa e2d_n_s_plus.fa -subject_loc 301-900	-query tests/fasta/outfmt0/e2d_n_qidx.fa -subject tests/fasta/outfmt0/e2d_n_s_plus.fa -subject_loc 301-900 -outfmt 6	
blastn	same	multi e2d_n_qidx.fa e2d_n_s_plus.fa -query_loc 502-1000	-query tests/fasta/outfmt0/e2d_n_qidx.fa -subject tests/fasta/outfmt0/e2d_n_s_plus.fa -query_loc 502-1000 -outfmt 6	
blastn	same	multi e2d_n_qidx.fa e2d_n_s_plus.fa -subject_loc 502-1000	-query tests/fasta/outfmt0/e2d_n_qidx.fa -subject tests/fasta/outfmt0/e2d_n_s_plus.fa -subject_loc 502-1000 -outfmt 6	
blastn	same	multi e2d_n_qidx.fa e2d_n_s_plus.fa -query_loc 600-5000	-query tests/fasta/outfmt0/e2d_n_qidx.fa -subject tests/fasta/outfmt0/e2d_n_s_plus.fa -query_loc 600-5000 -outfmt 6	
blastn	same	multi e2d_n_qidx.fa e2d_n_s_plus.fa -subject_loc 600-5000	-query tests/fasta/outfmt0/e2d_n_qidx.fa -subject tests/fasta/outfmt0/e2d_n_s_plus.fa -subject_loc 600-5000 -outfmt 6	
blastn	same	multi e2d_n_qidx.fa e2d_n_s_plus.fa -query_loc 700-900	-query tests/fasta/outfmt0/e2d_n_qidx.fa -subject tests/fasta/outfmt0/e2d_n_s_plus.fa -query_loc 700-900 -outfmt 6	
blastn	same	multi e2d_n_qidx.fa e2d_n_s_plus.fa -subject_loc 700-900	-query tests/fasta/outfmt0/e2d_n_qidx.fa -subject tests/fasta/outfmt0/e2d_n_s_plus.fa -subject_loc 700-900 -outfmt 6	
blastn	losat-rejects	multi e2d_n_qidx.fa e2d_n_s_plus.fa -query_loc 1001-2500	-query tests/fasta/outfmt0/e2d_n_qidx.fa -subject tests/fasta/outfmt0/e2d_n_s_plus.fa -query_loc 1001-2500 -outfmt 6	NCBI exit 0 'Warning: [blastn] Query_3 r1000: Sequence contains no data'; LOSAT 'Error: query record 3 (r1000) has no letters in the -query_loc range (the range starts just past its end); NCBI BLAST+ s'
blastn	same	multi e2d_n_qidx.fa e2d_n_s_plus.fa -subject_loc 1001-2500	-query tests/fasta/outfmt0/e2d_n_qidx.fa -subject tests/fasta/outfmt0/e2d_n_s_plus.fa -subject_loc 1001-2500 -outfmt 6	
blastn	same	multi e2d_n_qidx.fa e2d_n_s_plus.fa -query_loc 2001-3000	-query tests/fasta/outfmt0/e2d_n_qidx.fa -subject tests/fasta/outfmt0/e2d_n_s_plus.fa -query_loc 2001-3000 -outfmt 6	
blastn	same	multi e2d_n_qidx.fa e2d_n_s_plus.fa -subject_loc 2001-3000	-query tests/fasta/outfmt0/e2d_n_qidx.fa -subject tests/fasta/outfmt0/e2d_n_s_plus.fa -subject_loc 2001-3000 -outfmt 6	
blastn	same-error	multi e2d_n_qidx.fa e2d_n_s_plus.fa -query_loc 5000-25000	-query tests/fasta/outfmt0/e2d_n_qidx.fa -subject tests/fasta/outfmt0/e2d_n_s_plus.fa -query_loc 5000-25000 -outfmt 6	BLAST engine error: Empty CBlastQueryVector
blastn	same	multi e2d_n_qidx.fa e2d_n_s_plus.fa -subject_loc 5000-25000	-query tests/fasta/outfmt0/e2d_n_qidx.fa -subject tests/fasta/outfmt0/e2d_n_s_plus.fa -subject_loc 5000-25000 -outfmt 6	
blastn	same	multi e2d_n_qidx.fa e2d_n_s_plus.fa -query_loc 100-300	-query tests/fasta/outfmt0/e2d_n_qidx.fa -subject tests/fasta/outfmt0/e2d_n_s_plus.fa -query_loc 100-300 -outfmt 6	
blastn	same	multi e2d_n_qidx.fa e2d_n_s_plus.fa -subject_loc 100-300	-query tests/fasta/outfmt0/e2d_n_qidx.fa -subject tests/fasta/outfmt0/e2d_n_s_plus.fa -subject_loc 100-300 -outfmt 6	
blastn	same	multi e2d_n_qidx.fa e2d_n_s_plus.fa -query_loc 1-300	-query tests/fasta/outfmt0/e2d_n_qidx.fa -subject tests/fasta/outfmt0/e2d_n_s_plus.fa -query_loc 1-300 -outfmt 7	
blastn	same	multi e2d_n_qidx.fa e2d_n_s_plus.fa -subject_loc 1-300	-query tests/fasta/outfmt0/e2d_n_qidx.fa -subject tests/fasta/outfmt0/e2d_n_s_plus.fa -subject_loc 1-300 -outfmt 7	
blastn	same	multi e2d_n_qidx.fa e2d_n_s_plus.fa -query_loc 100-400	-query tests/fasta/outfmt0/e2d_n_qidx.fa -subject tests/fasta/outfmt0/e2d_n_s_plus.fa -query_loc 100-400 -outfmt 7	
blastn	same	multi e2d_n_qidx.fa e2d_n_s_plus.fa -subject_loc 100-400	-query tests/fasta/outfmt0/e2d_n_qidx.fa -subject tests/fasta/outfmt0/e2d_n_s_plus.fa -subject_loc 100-400 -outfmt 7	
blastn	same	multi e2d_n_qidx.fa e2d_n_s_plus.fa -query_loc 301-900	-query tests/fasta/outfmt0/e2d_n_qidx.fa -subject tests/fasta/outfmt0/e2d_n_s_plus.fa -query_loc 301-900 -outfmt 7	
blastn	same	multi e2d_n_qidx.fa e2d_n_s_plus.fa -subject_loc 301-900	-query tests/fasta/outfmt0/e2d_n_qidx.fa -subject tests/fasta/outfmt0/e2d_n_s_plus.fa -subject_loc 301-900 -outfmt 7	
blastn	same	multi e2d_n_qidx.fa e2d_n_s_plus.fa -query_loc 502-1000	-query tests/fasta/outfmt0/e2d_n_qidx.fa -subject tests/fasta/outfmt0/e2d_n_s_plus.fa -query_loc 502-1000 -outfmt 7	
blastn	same	multi e2d_n_qidx.fa e2d_n_s_plus.fa -subject_loc 502-1000	-query tests/fasta/outfmt0/e2d_n_qidx.fa -subject tests/fasta/outfmt0/e2d_n_s_plus.fa -subject_loc 502-1000 -outfmt 7	
blastn	same	multi e2d_n_qidx.fa e2d_n_s_plus.fa -query_loc 600-5000	-query tests/fasta/outfmt0/e2d_n_qidx.fa -subject tests/fasta/outfmt0/e2d_n_s_plus.fa -query_loc 600-5000 -outfmt 7	
blastn	same	multi e2d_n_qidx.fa e2d_n_s_plus.fa -subject_loc 600-5000	-query tests/fasta/outfmt0/e2d_n_qidx.fa -subject tests/fasta/outfmt0/e2d_n_s_plus.fa -subject_loc 600-5000 -outfmt 7	
blastn	same	multi e2d_n_qidx.fa e2d_n_s_plus.fa -query_loc 700-900	-query tests/fasta/outfmt0/e2d_n_qidx.fa -subject tests/fasta/outfmt0/e2d_n_s_plus.fa -query_loc 700-900 -outfmt 7	
blastn	same	multi e2d_n_qidx.fa e2d_n_s_plus.fa -subject_loc 700-900	-query tests/fasta/outfmt0/e2d_n_qidx.fa -subject tests/fasta/outfmt0/e2d_n_s_plus.fa -subject_loc 700-900 -outfmt 7	
blastn	losat-rejects	multi e2d_n_qidx.fa e2d_n_s_plus.fa -query_loc 1001-2500	-query tests/fasta/outfmt0/e2d_n_qidx.fa -subject tests/fasta/outfmt0/e2d_n_s_plus.fa -query_loc 1001-2500 -outfmt 7	NCBI exit 0 'Warning: [blastn] Query_3 r1000: Sequence contains no data'; LOSAT 'Error: query record 3 (r1000) has no letters in the -query_loc range (the range starts just past its end); NCBI BLAST+ s'
blastn	same	multi e2d_n_qidx.fa e2d_n_s_plus.fa -subject_loc 1001-2500	-query tests/fasta/outfmt0/e2d_n_qidx.fa -subject tests/fasta/outfmt0/e2d_n_s_plus.fa -subject_loc 1001-2500 -outfmt 7	
blastn	same	multi e2d_n_qidx.fa e2d_n_s_plus.fa -query_loc 2001-3000	-query tests/fasta/outfmt0/e2d_n_qidx.fa -subject tests/fasta/outfmt0/e2d_n_s_plus.fa -query_loc 2001-3000 -outfmt 7	
blastn	same	multi e2d_n_qidx.fa e2d_n_s_plus.fa -subject_loc 2001-3000	-query tests/fasta/outfmt0/e2d_n_qidx.fa -subject tests/fasta/outfmt0/e2d_n_s_plus.fa -subject_loc 2001-3000 -outfmt 7	
blastn	same-error	multi e2d_n_qidx.fa e2d_n_s_plus.fa -query_loc 5000-25000	-query tests/fasta/outfmt0/e2d_n_qidx.fa -subject tests/fasta/outfmt0/e2d_n_s_plus.fa -query_loc 5000-25000 -outfmt 7	BLAST engine error: Empty CBlastQueryVector
blastn	same	multi e2d_n_qidx.fa e2d_n_s_plus.fa -subject_loc 5000-25000	-query tests/fasta/outfmt0/e2d_n_qidx.fa -subject tests/fasta/outfmt0/e2d_n_s_plus.fa -subject_loc 5000-25000 -outfmt 7	
blastn	same	multi e2d_n_qidx.fa e2d_n_s_plus.fa -query_loc 100-300	-query tests/fasta/outfmt0/e2d_n_qidx.fa -subject tests/fasta/outfmt0/e2d_n_s_plus.fa -query_loc 100-300 -outfmt 7	
blastn	same	multi e2d_n_qidx.fa e2d_n_s_plus.fa -subject_loc 100-300	-query tests/fasta/outfmt0/e2d_n_qidx.fa -subject tests/fasta/outfmt0/e2d_n_s_plus.fa -subject_loc 100-300 -outfmt 7	
blastn	same	multi e2d_n_qn.fa e2d_n_sub_multi_t.fa -query_loc 1-300	-query tests/fasta/outfmt0/e2d_n_qn.fa -subject tests/fasta/outfmt0/e2d_n_sub_multi_t.fa -query_loc 1-300 -outfmt 0	
blastn	same	multi e2d_n_qn.fa e2d_n_sub_multi_t.fa -subject_loc 1-300	-query tests/fasta/outfmt0/e2d_n_qn.fa -subject tests/fasta/outfmt0/e2d_n_sub_multi_t.fa -subject_loc 1-300 -outfmt 0	
blastn	same	multi e2d_n_qn.fa e2d_n_sub_multi_t.fa -query_loc 100-400	-query tests/fasta/outfmt0/e2d_n_qn.fa -subject tests/fasta/outfmt0/e2d_n_sub_multi_t.fa -query_loc 100-400 -outfmt 0	
blastn	same	multi e2d_n_qn.fa e2d_n_sub_multi_t.fa -subject_loc 100-400	-query tests/fasta/outfmt0/e2d_n_qn.fa -subject tests/fasta/outfmt0/e2d_n_sub_multi_t.fa -subject_loc 100-400 -outfmt 0	
blastn	same	multi e2d_n_qn.fa e2d_n_sub_multi_t.fa -query_loc 301-900	-query tests/fasta/outfmt0/e2d_n_qn.fa -subject tests/fasta/outfmt0/e2d_n_sub_multi_t.fa -query_loc 301-900 -outfmt 0	
blastn	same	multi e2d_n_qn.fa e2d_n_sub_multi_t.fa -subject_loc 301-900	-query tests/fasta/outfmt0/e2d_n_qn.fa -subject tests/fasta/outfmt0/e2d_n_sub_multi_t.fa -subject_loc 301-900 -outfmt 0	
blastn	same	multi e2d_n_qn.fa e2d_n_sub_multi_t.fa -query_loc 502-1000	-query tests/fasta/outfmt0/e2d_n_qn.fa -subject tests/fasta/outfmt0/e2d_n_sub_multi_t.fa -query_loc 502-1000 -outfmt 0	
blastn	same	multi e2d_n_qn.fa e2d_n_sub_multi_t.fa -subject_loc 502-1000	-query tests/fasta/outfmt0/e2d_n_qn.fa -subject tests/fasta/outfmt0/e2d_n_sub_multi_t.fa -subject_loc 502-1000 -outfmt 0	
blastn	same	multi e2d_n_qn.fa e2d_n_sub_multi_t.fa -query_loc 600-5000	-query tests/fasta/outfmt0/e2d_n_qn.fa -subject tests/fasta/outfmt0/e2d_n_sub_multi_t.fa -query_loc 600-5000 -outfmt 0	
blastn	same	multi e2d_n_qn.fa e2d_n_sub_multi_t.fa -subject_loc 600-5000	-query tests/fasta/outfmt0/e2d_n_qn.fa -subject tests/fasta/outfmt0/e2d_n_sub_multi_t.fa -subject_loc 600-5000 -outfmt 0	
blastn	same	multi e2d_n_qn.fa e2d_n_sub_multi_t.fa -query_loc 700-900	-query tests/fasta/outfmt0/e2d_n_qn.fa -subject tests/fasta/outfmt0/e2d_n_sub_multi_t.fa -query_loc 700-900 -outfmt 0	
blastn	same	multi e2d_n_qn.fa e2d_n_sub_multi_t.fa -subject_loc 700-900	-query tests/fasta/outfmt0/e2d_n_qn.fa -subject tests/fasta/outfmt0/e2d_n_sub_multi_t.fa -subject_loc 700-900 -outfmt 0	
blastn	same	multi e2d_n_qn.fa e2d_n_sub_multi_t.fa -query_loc 1001-2500	-query tests/fasta/outfmt0/e2d_n_qn.fa -subject tests/fasta/outfmt0/e2d_n_sub_multi_t.fa -query_loc 1001-2500 -outfmt 0	
blastn	same	multi e2d_n_qn.fa e2d_n_sub_multi_t.fa -subject_loc 1001-2500	-query tests/fasta/outfmt0/e2d_n_qn.fa -subject tests/fasta/outfmt0/e2d_n_sub_multi_t.fa -subject_loc 1001-2500 -outfmt 0	
blastn	same	multi e2d_n_qn.fa e2d_n_sub_multi_t.fa -query_loc 2001-3000	-query tests/fasta/outfmt0/e2d_n_qn.fa -subject tests/fasta/outfmt0/e2d_n_sub_multi_t.fa -query_loc 2001-3000 -outfmt 0	
blastn	same-error	multi e2d_n_qn.fa e2d_n_sub_multi_t.fa -subject_loc 2001-3000	-query tests/fasta/outfmt0/e2d_n_qn.fa -subject tests/fasta/outfmt0/e2d_n_sub_multi_t.fa -subject_loc 2001-3000 -outfmt 0	BLAST query/options error: Invalid from coordinate (greater than sequence length) | Please refer to the BLAST+ user manu
blastn	same	multi e2d_n_qn.fa e2d_n_sub_multi_t.fa -query_loc 5000-25000	-query tests/fasta/outfmt0/e2d_n_qn.fa -subject tests/fasta/outfmt0/e2d_n_sub_multi_t.fa -query_loc 5000-25000 -outfmt 0	
blastn	same-error	multi e2d_n_qn.fa e2d_n_sub_multi_t.fa -subject_loc 5000-25000	-query tests/fasta/outfmt0/e2d_n_qn.fa -subject tests/fasta/outfmt0/e2d_n_sub_multi_t.fa -subject_loc 5000-25000 -outfmt 0	BLAST query/options error: Invalid from coordinate (greater than sequence length) | Please refer to the BLAST+ user manu
blastn	same	multi e2d_n_qn.fa e2d_n_sub_multi_t.fa -query_loc 100-300	-query tests/fasta/outfmt0/e2d_n_qn.fa -subject tests/fasta/outfmt0/e2d_n_sub_multi_t.fa -query_loc 100-300 -outfmt 0	
blastn	same	multi e2d_n_qn.fa e2d_n_sub_multi_t.fa -subject_loc 100-300	-query tests/fasta/outfmt0/e2d_n_qn.fa -subject tests/fasta/outfmt0/e2d_n_sub_multi_t.fa -subject_loc 100-300 -outfmt 0	
blastn	same	multi e2d_n_qn.fa e2d_n_sub_multi_t.fa -query_loc 1-300	-query tests/fasta/outfmt0/e2d_n_qn.fa -subject tests/fasta/outfmt0/e2d_n_sub_multi_t.fa -query_loc 1-300 -outfmt 6	
blastn	same	multi e2d_n_qn.fa e2d_n_sub_multi_t.fa -subject_loc 1-300	-query tests/fasta/outfmt0/e2d_n_qn.fa -subject tests/fasta/outfmt0/e2d_n_sub_multi_t.fa -subject_loc 1-300 -outfmt 6	
blastn	same	multi e2d_n_qn.fa e2d_n_sub_multi_t.fa -query_loc 100-400	-query tests/fasta/outfmt0/e2d_n_qn.fa -subject tests/fasta/outfmt0/e2d_n_sub_multi_t.fa -query_loc 100-400 -outfmt 6	
blastn	same	multi e2d_n_qn.fa e2d_n_sub_multi_t.fa -subject_loc 100-400	-query tests/fasta/outfmt0/e2d_n_qn.fa -subject tests/fasta/outfmt0/e2d_n_sub_multi_t.fa -subject_loc 100-400 -outfmt 6	
blastn	same	multi e2d_n_qn.fa e2d_n_sub_multi_t.fa -query_loc 301-900	-query tests/fasta/outfmt0/e2d_n_qn.fa -subject tests/fasta/outfmt0/e2d_n_sub_multi_t.fa -query_loc 301-900 -outfmt 6	
blastn	same	multi e2d_n_qn.fa e2d_n_sub_multi_t.fa -subject_loc 301-900	-query tests/fasta/outfmt0/e2d_n_qn.fa -subject tests/fasta/outfmt0/e2d_n_sub_multi_t.fa -subject_loc 301-900 -outfmt 6	
blastn	same	multi e2d_n_qn.fa e2d_n_sub_multi_t.fa -query_loc 502-1000	-query tests/fasta/outfmt0/e2d_n_qn.fa -subject tests/fasta/outfmt0/e2d_n_sub_multi_t.fa -query_loc 502-1000 -outfmt 6	
blastn	same	multi e2d_n_qn.fa e2d_n_sub_multi_t.fa -subject_loc 502-1000	-query tests/fasta/outfmt0/e2d_n_qn.fa -subject tests/fasta/outfmt0/e2d_n_sub_multi_t.fa -subject_loc 502-1000 -outfmt 6	
blastn	same	multi e2d_n_qn.fa e2d_n_sub_multi_t.fa -query_loc 600-5000	-query tests/fasta/outfmt0/e2d_n_qn.fa -subject tests/fasta/outfmt0/e2d_n_sub_multi_t.fa -query_loc 600-5000 -outfmt 6	
blastn	same	multi e2d_n_qn.fa e2d_n_sub_multi_t.fa -subject_loc 600-5000	-query tests/fasta/outfmt0/e2d_n_qn.fa -subject tests/fasta/outfmt0/e2d_n_sub_multi_t.fa -subject_loc 600-5000 -outfmt 6	
blastn	same	multi e2d_n_qn.fa e2d_n_sub_multi_t.fa -query_loc 700-900	-query tests/fasta/outfmt0/e2d_n_qn.fa -subject tests/fasta/outfmt0/e2d_n_sub_multi_t.fa -query_loc 700-900 -outfmt 6	
blastn	same	multi e2d_n_qn.fa e2d_n_sub_multi_t.fa -subject_loc 700-900	-query tests/fasta/outfmt0/e2d_n_qn.fa -subject tests/fasta/outfmt0/e2d_n_sub_multi_t.fa -subject_loc 700-900 -outfmt 6	
blastn	same	multi e2d_n_qn.fa e2d_n_sub_multi_t.fa -query_loc 1001-2500	-query tests/fasta/outfmt0/e2d_n_qn.fa -subject tests/fasta/outfmt0/e2d_n_sub_multi_t.fa -query_loc 1001-2500 -outfmt 6	
blastn	same	multi e2d_n_qn.fa e2d_n_sub_multi_t.fa -subject_loc 1001-2500	-query tests/fasta/outfmt0/e2d_n_qn.fa -subject tests/fasta/outfmt0/e2d_n_sub_multi_t.fa -subject_loc 1001-2500 -outfmt 6	
blastn	same	multi e2d_n_qn.fa e2d_n_sub_multi_t.fa -query_loc 2001-3000	-query tests/fasta/outfmt0/e2d_n_qn.fa -subject tests/fasta/outfmt0/e2d_n_sub_multi_t.fa -query_loc 2001-3000 -outfmt 6	
blastn	same-error	multi e2d_n_qn.fa e2d_n_sub_multi_t.fa -subject_loc 2001-3000	-query tests/fasta/outfmt0/e2d_n_qn.fa -subject tests/fasta/outfmt0/e2d_n_sub_multi_t.fa -subject_loc 2001-3000 -outfmt 6	BLAST query/options error: Invalid from coordinate (greater than sequence length) | Please refer to the BLAST+ user manu
blastn	same	multi e2d_n_qn.fa e2d_n_sub_multi_t.fa -query_loc 5000-25000	-query tests/fasta/outfmt0/e2d_n_qn.fa -subject tests/fasta/outfmt0/e2d_n_sub_multi_t.fa -query_loc 5000-25000 -outfmt 6	
blastn	same-error	multi e2d_n_qn.fa e2d_n_sub_multi_t.fa -subject_loc 5000-25000	-query tests/fasta/outfmt0/e2d_n_qn.fa -subject tests/fasta/outfmt0/e2d_n_sub_multi_t.fa -subject_loc 5000-25000 -outfmt 6	BLAST query/options error: Invalid from coordinate (greater than sequence length) | Please refer to the BLAST+ user manu
blastn	same	multi e2d_n_qn.fa e2d_n_sub_multi_t.fa -query_loc 100-300	-query tests/fasta/outfmt0/e2d_n_qn.fa -subject tests/fasta/outfmt0/e2d_n_sub_multi_t.fa -query_loc 100-300 -outfmt 6	
blastn	same	multi e2d_n_qn.fa e2d_n_sub_multi_t.fa -subject_loc 100-300	-query tests/fasta/outfmt0/e2d_n_qn.fa -subject tests/fasta/outfmt0/e2d_n_sub_multi_t.fa -subject_loc 100-300 -outfmt 6	
blastn	same	multi e2d_n_qn.fa e2d_n_sub_multi_t.fa -query_loc 1-300	-query tests/fasta/outfmt0/e2d_n_qn.fa -subject tests/fasta/outfmt0/e2d_n_sub_multi_t.fa -query_loc 1-300 -outfmt 7	
blastn	same	multi e2d_n_qn.fa e2d_n_sub_multi_t.fa -subject_loc 1-300	-query tests/fasta/outfmt0/e2d_n_qn.fa -subject tests/fasta/outfmt0/e2d_n_sub_multi_t.fa -subject_loc 1-300 -outfmt 7	
blastn	same	multi e2d_n_qn.fa e2d_n_sub_multi_t.fa -query_loc 100-400	-query tests/fasta/outfmt0/e2d_n_qn.fa -subject tests/fasta/outfmt0/e2d_n_sub_multi_t.fa -query_loc 100-400 -outfmt 7	
blastn	same	multi e2d_n_qn.fa e2d_n_sub_multi_t.fa -subject_loc 100-400	-query tests/fasta/outfmt0/e2d_n_qn.fa -subject tests/fasta/outfmt0/e2d_n_sub_multi_t.fa -subject_loc 100-400 -outfmt 7	
blastn	same	multi e2d_n_qn.fa e2d_n_sub_multi_t.fa -query_loc 301-900	-query tests/fasta/outfmt0/e2d_n_qn.fa -subject tests/fasta/outfmt0/e2d_n_sub_multi_t.fa -query_loc 301-900 -outfmt 7	
blastn	same	multi e2d_n_qn.fa e2d_n_sub_multi_t.fa -subject_loc 301-900	-query tests/fasta/outfmt0/e2d_n_qn.fa -subject tests/fasta/outfmt0/e2d_n_sub_multi_t.fa -subject_loc 301-900 -outfmt 7	
blastn	same	multi e2d_n_qn.fa e2d_n_sub_multi_t.fa -query_loc 502-1000	-query tests/fasta/outfmt0/e2d_n_qn.fa -subject tests/fasta/outfmt0/e2d_n_sub_multi_t.fa -query_loc 502-1000 -outfmt 7	
blastn	same	multi e2d_n_qn.fa e2d_n_sub_multi_t.fa -subject_loc 502-1000	-query tests/fasta/outfmt0/e2d_n_qn.fa -subject tests/fasta/outfmt0/e2d_n_sub_multi_t.fa -subject_loc 502-1000 -outfmt 7	
blastn	same	multi e2d_n_qn.fa e2d_n_sub_multi_t.fa -query_loc 600-5000	-query tests/fasta/outfmt0/e2d_n_qn.fa -subject tests/fasta/outfmt0/e2d_n_sub_multi_t.fa -query_loc 600-5000 -outfmt 7	
blastn	same	multi e2d_n_qn.fa e2d_n_sub_multi_t.fa -subject_loc 600-5000	-query tests/fasta/outfmt0/e2d_n_qn.fa -subject tests/fasta/outfmt0/e2d_n_sub_multi_t.fa -subject_loc 600-5000 -outfmt 7	
blastn	same	multi e2d_n_qn.fa e2d_n_sub_multi_t.fa -query_loc 700-900	-query tests/fasta/outfmt0/e2d_n_qn.fa -subject tests/fasta/outfmt0/e2d_n_sub_multi_t.fa -query_loc 700-900 -outfmt 7	
blastn	same	multi e2d_n_qn.fa e2d_n_sub_multi_t.fa -subject_loc 700-900	-query tests/fasta/outfmt0/e2d_n_qn.fa -subject tests/fasta/outfmt0/e2d_n_sub_multi_t.fa -subject_loc 700-900 -outfmt 7	
blastn	same	multi e2d_n_qn.fa e2d_n_sub_multi_t.fa -query_loc 1001-2500	-query tests/fasta/outfmt0/e2d_n_qn.fa -subject tests/fasta/outfmt0/e2d_n_sub_multi_t.fa -query_loc 1001-2500 -outfmt 7	
blastn	same	multi e2d_n_qn.fa e2d_n_sub_multi_t.fa -subject_loc 1001-2500	-query tests/fasta/outfmt0/e2d_n_qn.fa -subject tests/fasta/outfmt0/e2d_n_sub_multi_t.fa -subject_loc 1001-2500 -outfmt 7	
blastn	same	multi e2d_n_qn.fa e2d_n_sub_multi_t.fa -query_loc 2001-3000	-query tests/fasta/outfmt0/e2d_n_qn.fa -subject tests/fasta/outfmt0/e2d_n_sub_multi_t.fa -query_loc 2001-3000 -outfmt 7	
blastn	same-error	multi e2d_n_qn.fa e2d_n_sub_multi_t.fa -subject_loc 2001-3000	-query tests/fasta/outfmt0/e2d_n_qn.fa -subject tests/fasta/outfmt0/e2d_n_sub_multi_t.fa -subject_loc 2001-3000 -outfmt 7	BLAST query/options error: Invalid from coordinate (greater than sequence length) | Please refer to the BLAST+ user manu
blastn	same	multi e2d_n_qn.fa e2d_n_sub_multi_t.fa -query_loc 5000-25000	-query tests/fasta/outfmt0/e2d_n_qn.fa -subject tests/fasta/outfmt0/e2d_n_sub_multi_t.fa -query_loc 5000-25000 -outfmt 7	
blastn	same-error	multi e2d_n_qn.fa e2d_n_sub_multi_t.fa -subject_loc 5000-25000	-query tests/fasta/outfmt0/e2d_n_qn.fa -subject tests/fasta/outfmt0/e2d_n_sub_multi_t.fa -subject_loc 5000-25000 -outfmt 7	BLAST query/options error: Invalid from coordinate (greater than sequence length) | Please refer to the BLAST+ user manu
blastn	same	multi e2d_n_qn.fa e2d_n_sub_multi_t.fa -query_loc 100-300	-query tests/fasta/outfmt0/e2d_n_qn.fa -subject tests/fasta/outfmt0/e2d_n_sub_multi_t.fa -query_loc 100-300 -outfmt 7	
blastn	same	multi e2d_n_qn.fa e2d_n_sub_multi_t.fa -subject_loc 100-300	-query tests/fasta/outfmt0/e2d_n_qn.fa -subject tests/fasta/outfmt0/e2d_n_sub_multi_t.fa -subject_loc 100-300 -outfmt 7	
blastn	same	multi e2d_n_qn.fa e2d_n_sub_multi.fa -query_loc 1-300	-query tests/fasta/outfmt0/e2d_n_qn.fa -subject tests/fasta/outfmt0/e2d_n_sub_multi.fa -query_loc 1-300 -outfmt 0	
blastn	same	multi e2d_n_qn.fa e2d_n_sub_multi.fa -subject_loc 1-300	-query tests/fasta/outfmt0/e2d_n_qn.fa -subject tests/fasta/outfmt0/e2d_n_sub_multi.fa -subject_loc 1-300 -outfmt 0	
blastn	same	multi e2d_n_qn.fa e2d_n_sub_multi.fa -query_loc 100-400	-query tests/fasta/outfmt0/e2d_n_qn.fa -subject tests/fasta/outfmt0/e2d_n_sub_multi.fa -query_loc 100-400 -outfmt 0	
blastn	same	multi e2d_n_qn.fa e2d_n_sub_multi.fa -subject_loc 100-400	-query tests/fasta/outfmt0/e2d_n_qn.fa -subject tests/fasta/outfmt0/e2d_n_sub_multi.fa -subject_loc 100-400 -outfmt 0	
blastn	same	multi e2d_n_qn.fa e2d_n_sub_multi.fa -query_loc 301-900	-query tests/fasta/outfmt0/e2d_n_qn.fa -subject tests/fasta/outfmt0/e2d_n_sub_multi.fa -query_loc 301-900 -outfmt 0	
blastn	same	multi e2d_n_qn.fa e2d_n_sub_multi.fa -subject_loc 301-900	-query tests/fasta/outfmt0/e2d_n_qn.fa -subject tests/fasta/outfmt0/e2d_n_sub_multi.fa -subject_loc 301-900 -outfmt 0	
blastn	same	multi e2d_n_qn.fa e2d_n_sub_multi.fa -query_loc 502-1000	-query tests/fasta/outfmt0/e2d_n_qn.fa -subject tests/fasta/outfmt0/e2d_n_sub_multi.fa -query_loc 502-1000 -outfmt 0	
blastn	same	multi e2d_n_qn.fa e2d_n_sub_multi.fa -subject_loc 502-1000	-query tests/fasta/outfmt0/e2d_n_qn.fa -subject tests/fasta/outfmt0/e2d_n_sub_multi.fa -subject_loc 502-1000 -outfmt 0	
blastn	same	multi e2d_n_qn.fa e2d_n_sub_multi.fa -query_loc 600-5000	-query tests/fasta/outfmt0/e2d_n_qn.fa -subject tests/fasta/outfmt0/e2d_n_sub_multi.fa -query_loc 600-5000 -outfmt 0	
blastn	same	multi e2d_n_qn.fa e2d_n_sub_multi.fa -subject_loc 600-5000	-query tests/fasta/outfmt0/e2d_n_qn.fa -subject tests/fasta/outfmt0/e2d_n_sub_multi.fa -subject_loc 600-5000 -outfmt 0	
blastn	same	multi e2d_n_qn.fa e2d_n_sub_multi.fa -query_loc 700-900	-query tests/fasta/outfmt0/e2d_n_qn.fa -subject tests/fasta/outfmt0/e2d_n_sub_multi.fa -query_loc 700-900 -outfmt 0	
blastn	same	multi e2d_n_qn.fa e2d_n_sub_multi.fa -subject_loc 700-900	-query tests/fasta/outfmt0/e2d_n_qn.fa -subject tests/fasta/outfmt0/e2d_n_sub_multi.fa -subject_loc 700-900 -outfmt 0	
blastn	same	multi e2d_n_qn.fa e2d_n_sub_multi.fa -query_loc 1001-2500	-query tests/fasta/outfmt0/e2d_n_qn.fa -subject tests/fasta/outfmt0/e2d_n_sub_multi.fa -query_loc 1001-2500 -outfmt 0	
blastn	same-error	multi e2d_n_qn.fa e2d_n_sub_multi.fa -subject_loc 1001-2500	-query tests/fasta/outfmt0/e2d_n_qn.fa -subject tests/fasta/outfmt0/e2d_n_sub_multi.fa -subject_loc 1001-2500 -outfmt 0	BLAST query/options error: Invalid from coordinate (greater than sequence length) | Please refer to the BLAST+ user manu
blastn	same	multi e2d_n_qn.fa e2d_n_sub_multi.fa -query_loc 2001-3000	-query tests/fasta/outfmt0/e2d_n_qn.fa -subject tests/fasta/outfmt0/e2d_n_sub_multi.fa -query_loc 2001-3000 -outfmt 0	
blastn	same-error	multi e2d_n_qn.fa e2d_n_sub_multi.fa -subject_loc 2001-3000	-query tests/fasta/outfmt0/e2d_n_qn.fa -subject tests/fasta/outfmt0/e2d_n_sub_multi.fa -subject_loc 2001-3000 -outfmt 0	BLAST query/options error: Invalid from coordinate (greater than sequence length) | Please refer to the BLAST+ user manu
blastn	same	multi e2d_n_qn.fa e2d_n_sub_multi.fa -query_loc 5000-25000	-query tests/fasta/outfmt0/e2d_n_qn.fa -subject tests/fasta/outfmt0/e2d_n_sub_multi.fa -query_loc 5000-25000 -outfmt 0	
blastn	same-error	multi e2d_n_qn.fa e2d_n_sub_multi.fa -subject_loc 5000-25000	-query tests/fasta/outfmt0/e2d_n_qn.fa -subject tests/fasta/outfmt0/e2d_n_sub_multi.fa -subject_loc 5000-25000 -outfmt 0	BLAST query/options error: Invalid from coordinate (greater than sequence length) | Please refer to the BLAST+ user manu
blastn	same	multi e2d_n_qn.fa e2d_n_sub_multi.fa -query_loc 100-300	-query tests/fasta/outfmt0/e2d_n_qn.fa -subject tests/fasta/outfmt0/e2d_n_sub_multi.fa -query_loc 100-300 -outfmt 0	
blastn	same	multi e2d_n_qn.fa e2d_n_sub_multi.fa -subject_loc 100-300	-query tests/fasta/outfmt0/e2d_n_qn.fa -subject tests/fasta/outfmt0/e2d_n_sub_multi.fa -subject_loc 100-300 -outfmt 0	
blastn	same	multi e2d_n_qn.fa e2d_n_sub_multi.fa -query_loc 1-300	-query tests/fasta/outfmt0/e2d_n_qn.fa -subject tests/fasta/outfmt0/e2d_n_sub_multi.fa -query_loc 1-300 -outfmt 6	
blastn	same	multi e2d_n_qn.fa e2d_n_sub_multi.fa -subject_loc 1-300	-query tests/fasta/outfmt0/e2d_n_qn.fa -subject tests/fasta/outfmt0/e2d_n_sub_multi.fa -subject_loc 1-300 -outfmt 6	
blastn	same	multi e2d_n_qn.fa e2d_n_sub_multi.fa -query_loc 100-400	-query tests/fasta/outfmt0/e2d_n_qn.fa -subject tests/fasta/outfmt0/e2d_n_sub_multi.fa -query_loc 100-400 -outfmt 6	
blastn	same	multi e2d_n_qn.fa e2d_n_sub_multi.fa -subject_loc 100-400	-query tests/fasta/outfmt0/e2d_n_qn.fa -subject tests/fasta/outfmt0/e2d_n_sub_multi.fa -subject_loc 100-400 -outfmt 6	
blastn	same	multi e2d_n_qn.fa e2d_n_sub_multi.fa -query_loc 301-900	-query tests/fasta/outfmt0/e2d_n_qn.fa -subject tests/fasta/outfmt0/e2d_n_sub_multi.fa -query_loc 301-900 -outfmt 6	
blastn	same	multi e2d_n_qn.fa e2d_n_sub_multi.fa -subject_loc 301-900	-query tests/fasta/outfmt0/e2d_n_qn.fa -subject tests/fasta/outfmt0/e2d_n_sub_multi.fa -subject_loc 301-900 -outfmt 6	
blastn	same	multi e2d_n_qn.fa e2d_n_sub_multi.fa -query_loc 502-1000	-query tests/fasta/outfmt0/e2d_n_qn.fa -subject tests/fasta/outfmt0/e2d_n_sub_multi.fa -query_loc 502-1000 -outfmt 6	
blastn	same	multi e2d_n_qn.fa e2d_n_sub_multi.fa -subject_loc 502-1000	-query tests/fasta/outfmt0/e2d_n_qn.fa -subject tests/fasta/outfmt0/e2d_n_sub_multi.fa -subject_loc 502-1000 -outfmt 6	
blastn	same	multi e2d_n_qn.fa e2d_n_sub_multi.fa -query_loc 600-5000	-query tests/fasta/outfmt0/e2d_n_qn.fa -subject tests/fasta/outfmt0/e2d_n_sub_multi.fa -query_loc 600-5000 -outfmt 6	
blastn	same	multi e2d_n_qn.fa e2d_n_sub_multi.fa -subject_loc 600-5000	-query tests/fasta/outfmt0/e2d_n_qn.fa -subject tests/fasta/outfmt0/e2d_n_sub_multi.fa -subject_loc 600-5000 -outfmt 6	
blastn	same	multi e2d_n_qn.fa e2d_n_sub_multi.fa -query_loc 700-900	-query tests/fasta/outfmt0/e2d_n_qn.fa -subject tests/fasta/outfmt0/e2d_n_sub_multi.fa -query_loc 700-900 -outfmt 6	
blastn	same	multi e2d_n_qn.fa e2d_n_sub_multi.fa -subject_loc 700-900	-query tests/fasta/outfmt0/e2d_n_qn.fa -subject tests/fasta/outfmt0/e2d_n_sub_multi.fa -subject_loc 700-900 -outfmt 6	
blastn	same	multi e2d_n_qn.fa e2d_n_sub_multi.fa -query_loc 1001-2500	-query tests/fasta/outfmt0/e2d_n_qn.fa -subject tests/fasta/outfmt0/e2d_n_sub_multi.fa -query_loc 1001-2500 -outfmt 6	
blastn	same-error	multi e2d_n_qn.fa e2d_n_sub_multi.fa -subject_loc 1001-2500	-query tests/fasta/outfmt0/e2d_n_qn.fa -subject tests/fasta/outfmt0/e2d_n_sub_multi.fa -subject_loc 1001-2500 -outfmt 6	BLAST query/options error: Invalid from coordinate (greater than sequence length) | Please refer to the BLAST+ user manu
blastn	same	multi e2d_n_qn.fa e2d_n_sub_multi.fa -query_loc 2001-3000	-query tests/fasta/outfmt0/e2d_n_qn.fa -subject tests/fasta/outfmt0/e2d_n_sub_multi.fa -query_loc 2001-3000 -outfmt 6	
blastn	same-error	multi e2d_n_qn.fa e2d_n_sub_multi.fa -subject_loc 2001-3000	-query tests/fasta/outfmt0/e2d_n_qn.fa -subject tests/fasta/outfmt0/e2d_n_sub_multi.fa -subject_loc 2001-3000 -outfmt 6	BLAST query/options error: Invalid from coordinate (greater than sequence length) | Please refer to the BLAST+ user manu
blastn	same	multi e2d_n_qn.fa e2d_n_sub_multi.fa -query_loc 5000-25000	-query tests/fasta/outfmt0/e2d_n_qn.fa -subject tests/fasta/outfmt0/e2d_n_sub_multi.fa -query_loc 5000-25000 -outfmt 6	
blastn	same-error	multi e2d_n_qn.fa e2d_n_sub_multi.fa -subject_loc 5000-25000	-query tests/fasta/outfmt0/e2d_n_qn.fa -subject tests/fasta/outfmt0/e2d_n_sub_multi.fa -subject_loc 5000-25000 -outfmt 6	BLAST query/options error: Invalid from coordinate (greater than sequence length) | Please refer to the BLAST+ user manu
blastn	same	multi e2d_n_qn.fa e2d_n_sub_multi.fa -query_loc 100-300	-query tests/fasta/outfmt0/e2d_n_qn.fa -subject tests/fasta/outfmt0/e2d_n_sub_multi.fa -query_loc 100-300 -outfmt 6	
blastn	same	multi e2d_n_qn.fa e2d_n_sub_multi.fa -subject_loc 100-300	-query tests/fasta/outfmt0/e2d_n_qn.fa -subject tests/fasta/outfmt0/e2d_n_sub_multi.fa -subject_loc 100-300 -outfmt 6	
blastn	same	multi e2d_n_qn.fa e2d_n_sub_multi.fa -query_loc 1-300	-query tests/fasta/outfmt0/e2d_n_qn.fa -subject tests/fasta/outfmt0/e2d_n_sub_multi.fa -query_loc 1-300 -outfmt 7	
blastn	same	multi e2d_n_qn.fa e2d_n_sub_multi.fa -subject_loc 1-300	-query tests/fasta/outfmt0/e2d_n_qn.fa -subject tests/fasta/outfmt0/e2d_n_sub_multi.fa -subject_loc 1-300 -outfmt 7	
blastn	same	multi e2d_n_qn.fa e2d_n_sub_multi.fa -query_loc 100-400	-query tests/fasta/outfmt0/e2d_n_qn.fa -subject tests/fasta/outfmt0/e2d_n_sub_multi.fa -query_loc 100-400 -outfmt 7	
blastn	same	multi e2d_n_qn.fa e2d_n_sub_multi.fa -subject_loc 100-400	-query tests/fasta/outfmt0/e2d_n_qn.fa -subject tests/fasta/outfmt0/e2d_n_sub_multi.fa -subject_loc 100-400 -outfmt 7	
blastn	same	multi e2d_n_qn.fa e2d_n_sub_multi.fa -query_loc 301-900	-query tests/fasta/outfmt0/e2d_n_qn.fa -subject tests/fasta/outfmt0/e2d_n_sub_multi.fa -query_loc 301-900 -outfmt 7	
blastn	same	multi e2d_n_qn.fa e2d_n_sub_multi.fa -subject_loc 301-900	-query tests/fasta/outfmt0/e2d_n_qn.fa -subject tests/fasta/outfmt0/e2d_n_sub_multi.fa -subject_loc 301-900 -outfmt 7	
blastn	same	multi e2d_n_qn.fa e2d_n_sub_multi.fa -query_loc 502-1000	-query tests/fasta/outfmt0/e2d_n_qn.fa -subject tests/fasta/outfmt0/e2d_n_sub_multi.fa -query_loc 502-1000 -outfmt 7	
blastn	same	multi e2d_n_qn.fa e2d_n_sub_multi.fa -subject_loc 502-1000	-query tests/fasta/outfmt0/e2d_n_qn.fa -subject tests/fasta/outfmt0/e2d_n_sub_multi.fa -subject_loc 502-1000 -outfmt 7	
blastn	same	multi e2d_n_qn.fa e2d_n_sub_multi.fa -query_loc 600-5000	-query tests/fasta/outfmt0/e2d_n_qn.fa -subject tests/fasta/outfmt0/e2d_n_sub_multi.fa -query_loc 600-5000 -outfmt 7	
blastn	same	multi e2d_n_qn.fa e2d_n_sub_multi.fa -subject_loc 600-5000	-query tests/fasta/outfmt0/e2d_n_qn.fa -subject tests/fasta/outfmt0/e2d_n_sub_multi.fa -subject_loc 600-5000 -outfmt 7	
blastn	same	multi e2d_n_qn.fa e2d_n_sub_multi.fa -query_loc 700-900	-query tests/fasta/outfmt0/e2d_n_qn.fa -subject tests/fasta/outfmt0/e2d_n_sub_multi.fa -query_loc 700-900 -outfmt 7	
blastn	same	multi e2d_n_qn.fa e2d_n_sub_multi.fa -subject_loc 700-900	-query tests/fasta/outfmt0/e2d_n_qn.fa -subject tests/fasta/outfmt0/e2d_n_sub_multi.fa -subject_loc 700-900 -outfmt 7	
blastn	same	multi e2d_n_qn.fa e2d_n_sub_multi.fa -query_loc 1001-2500	-query tests/fasta/outfmt0/e2d_n_qn.fa -subject tests/fasta/outfmt0/e2d_n_sub_multi.fa -query_loc 1001-2500 -outfmt 7	
blastn	same-error	multi e2d_n_qn.fa e2d_n_sub_multi.fa -subject_loc 1001-2500	-query tests/fasta/outfmt0/e2d_n_qn.fa -subject tests/fasta/outfmt0/e2d_n_sub_multi.fa -subject_loc 1001-2500 -outfmt 7	BLAST query/options error: Invalid from coordinate (greater than sequence length) | Please refer to the BLAST+ user manu
blastn	same	multi e2d_n_qn.fa e2d_n_sub_multi.fa -query_loc 2001-3000	-query tests/fasta/outfmt0/e2d_n_qn.fa -subject tests/fasta/outfmt0/e2d_n_sub_multi.fa -query_loc 2001-3000 -outfmt 7	
blastn	same-error	multi e2d_n_qn.fa e2d_n_sub_multi.fa -subject_loc 2001-3000	-query tests/fasta/outfmt0/e2d_n_qn.fa -subject tests/fasta/outfmt0/e2d_n_sub_multi.fa -subject_loc 2001-3000 -outfmt 7	BLAST query/options error: Invalid from coordinate (greater than sequence length) | Please refer to the BLAST+ user manu
blastn	same	multi e2d_n_qn.fa e2d_n_sub_multi.fa -query_loc 5000-25000	-query tests/fasta/outfmt0/e2d_n_qn.fa -subject tests/fasta/outfmt0/e2d_n_sub_multi.fa -query_loc 5000-25000 -outfmt 7	
blastn	same-error	multi e2d_n_qn.fa e2d_n_sub_multi.fa -subject_loc 5000-25000	-query tests/fasta/outfmt0/e2d_n_qn.fa -subject tests/fasta/outfmt0/e2d_n_sub_multi.fa -subject_loc 5000-25000 -outfmt 7	BLAST query/options error: Invalid from coordinate (greater than sequence length) | Please refer to the BLAST+ user manu
blastn	same	multi e2d_n_qn.fa e2d_n_sub_multi.fa -query_loc 100-300	-query tests/fasta/outfmt0/e2d_n_qn.fa -subject tests/fasta/outfmt0/e2d_n_sub_multi.fa -query_loc 100-300 -outfmt 7	
blastn	same	multi e2d_n_qn.fa e2d_n_sub_multi.fa -subject_loc 100-300	-query tests/fasta/outfmt0/e2d_n_qn.fa -subject tests/fasta/outfmt0/e2d_n_sub_multi.fa -subject_loc 100-300 -outfmt 7	
blastp	same	multi e2d_p_qmulti.faa e2d_p_s3.faa -query_loc 1-300	-query tests/fasta/outfmt0/e2d_p_qmulti.faa -subject tests/fasta/outfmt0/e2d_p_s3.faa -query_loc 1-300 -outfmt 0	
blastp	same	multi e2d_p_qmulti.faa e2d_p_s3.faa -subject_loc 1-300	-query tests/fasta/outfmt0/e2d_p_qmulti.faa -subject tests/fasta/outfmt0/e2d_p_s3.faa -subject_loc 1-300 -outfmt 0	
blastp	same	multi e2d_p_qmulti.faa e2d_p_s3.faa -query_loc 100-400	-query tests/fasta/outfmt0/e2d_p_qmulti.faa -subject tests/fasta/outfmt0/e2d_p_s3.faa -query_loc 100-400 -outfmt 0	
blastp	same	multi e2d_p_qmulti.faa e2d_p_s3.faa -subject_loc 100-400	-query tests/fasta/outfmt0/e2d_p_qmulti.faa -subject tests/fasta/outfmt0/e2d_p_s3.faa -subject_loc 100-400 -outfmt 0	
blastp	same	multi e2d_p_qmulti.faa e2d_p_s3.faa -query_loc 301-900	-query tests/fasta/outfmt0/e2d_p_qmulti.faa -subject tests/fasta/outfmt0/e2d_p_s3.faa -query_loc 301-900 -outfmt 0	
blastp	same	multi e2d_p_qmulti.faa e2d_p_s3.faa -subject_loc 301-900	-query tests/fasta/outfmt0/e2d_p_qmulti.faa -subject tests/fasta/outfmt0/e2d_p_s3.faa -subject_loc 301-900 -outfmt 0	
blastp	same	multi e2d_p_qmulti.faa e2d_p_s3.faa -query_loc 502-1000	-query tests/fasta/outfmt0/e2d_p_qmulti.faa -subject tests/fasta/outfmt0/e2d_p_s3.faa -query_loc 502-1000 -outfmt 0	
blastp	same-error	multi e2d_p_qmulti.faa e2d_p_s3.faa -subject_loc 502-1000	-query tests/fasta/outfmt0/e2d_p_qmulti.faa -subject tests/fasta/outfmt0/e2d_p_s3.faa -subject_loc 502-1000 -outfmt 0	BLAST query/options error: Invalid from coordinate (greater than sequence length) | Please refer to the BLAST+ user manu
blastp	same	multi e2d_p_qmulti.faa e2d_p_s3.faa -query_loc 600-5000	-query tests/fasta/outfmt0/e2d_p_qmulti.faa -subject tests/fasta/outfmt0/e2d_p_s3.faa -query_loc 600-5000 -outfmt 0	
blastp	same-error	multi e2d_p_qmulti.faa e2d_p_s3.faa -subject_loc 600-5000	-query tests/fasta/outfmt0/e2d_p_qmulti.faa -subject tests/fasta/outfmt0/e2d_p_s3.faa -subject_loc 600-5000 -outfmt 0	BLAST query/options error: Invalid from coordinate (greater than sequence length) | Please refer to the BLAST+ user manu
blastp	same	multi e2d_p_qmulti.faa e2d_p_s3.faa -query_loc 700-900	-query tests/fasta/outfmt0/e2d_p_qmulti.faa -subject tests/fasta/outfmt0/e2d_p_s3.faa -query_loc 700-900 -outfmt 0	
blastp	same-error	multi e2d_p_qmulti.faa e2d_p_s3.faa -subject_loc 700-900	-query tests/fasta/outfmt0/e2d_p_qmulti.faa -subject tests/fasta/outfmt0/e2d_p_s3.faa -subject_loc 700-900 -outfmt 0	BLAST query/options error: Invalid from coordinate (greater than sequence length) | Please refer to the BLAST+ user manu
blastp	same-error	multi e2d_p_qmulti.faa e2d_p_s3.faa -query_loc 1001-2500	-query tests/fasta/outfmt0/e2d_p_qmulti.faa -subject tests/fasta/outfmt0/e2d_p_s3.faa -query_loc 1001-2500 -outfmt 0	BLAST engine error: Empty CBlastQueryVector
blastp	same-error	multi e2d_p_qmulti.faa e2d_p_s3.faa -subject_loc 1001-2500	-query tests/fasta/outfmt0/e2d_p_qmulti.faa -subject tests/fasta/outfmt0/e2d_p_s3.faa -subject_loc 1001-2500 -outfmt 0	BLAST query/options error: Invalid from coordinate (greater than sequence length) | Please refer to the BLAST+ user manu
blastp	same-error	multi e2d_p_qmulti.faa e2d_p_s3.faa -query_loc 2001-3000	-query tests/fasta/outfmt0/e2d_p_qmulti.faa -subject tests/fasta/outfmt0/e2d_p_s3.faa -query_loc 2001-3000 -outfmt 0	BLAST engine error: Empty CBlastQueryVector
blastp	same-error	multi e2d_p_qmulti.faa e2d_p_s3.faa -subject_loc 2001-3000	-query tests/fasta/outfmt0/e2d_p_qmulti.faa -subject tests/fasta/outfmt0/e2d_p_s3.faa -subject_loc 2001-3000 -outfmt 0	BLAST query/options error: Invalid from coordinate (greater than sequence length) | Please refer to the BLAST+ user manu
blastp	same-error	multi e2d_p_qmulti.faa e2d_p_s3.faa -query_loc 5000-25000	-query tests/fasta/outfmt0/e2d_p_qmulti.faa -subject tests/fasta/outfmt0/e2d_p_s3.faa -query_loc 5000-25000 -outfmt 0	BLAST engine error: Empty CBlastQueryVector
blastp	same-error	multi e2d_p_qmulti.faa e2d_p_s3.faa -subject_loc 5000-25000	-query tests/fasta/outfmt0/e2d_p_qmulti.faa -subject tests/fasta/outfmt0/e2d_p_s3.faa -subject_loc 5000-25000 -outfmt 0	BLAST query/options error: Invalid from coordinate (greater than sequence length) | Please refer to the BLAST+ user manu
blastp	same	multi e2d_p_qmulti.faa e2d_p_s3.faa -query_loc 100-300	-query tests/fasta/outfmt0/e2d_p_qmulti.faa -subject tests/fasta/outfmt0/e2d_p_s3.faa -query_loc 100-300 -outfmt 0	
blastp	same	multi e2d_p_qmulti.faa e2d_p_s3.faa -subject_loc 100-300	-query tests/fasta/outfmt0/e2d_p_qmulti.faa -subject tests/fasta/outfmt0/e2d_p_s3.faa -subject_loc 100-300 -outfmt 0	
blastp	same	multi e2d_p_qmulti.faa e2d_p_s3.faa -query_loc 1-300	-query tests/fasta/outfmt0/e2d_p_qmulti.faa -subject tests/fasta/outfmt0/e2d_p_s3.faa -query_loc 1-300 -outfmt 6	
blastp	same	multi e2d_p_qmulti.faa e2d_p_s3.faa -subject_loc 1-300	-query tests/fasta/outfmt0/e2d_p_qmulti.faa -subject tests/fasta/outfmt0/e2d_p_s3.faa -subject_loc 1-300 -outfmt 6	
blastp	same	multi e2d_p_qmulti.faa e2d_p_s3.faa -query_loc 100-400	-query tests/fasta/outfmt0/e2d_p_qmulti.faa -subject tests/fasta/outfmt0/e2d_p_s3.faa -query_loc 100-400 -outfmt 6	
blastp	same	multi e2d_p_qmulti.faa e2d_p_s3.faa -subject_loc 100-400	-query tests/fasta/outfmt0/e2d_p_qmulti.faa -subject tests/fasta/outfmt0/e2d_p_s3.faa -subject_loc 100-400 -outfmt 6	
blastp	same	multi e2d_p_qmulti.faa e2d_p_s3.faa -query_loc 301-900	-query tests/fasta/outfmt0/e2d_p_qmulti.faa -subject tests/fasta/outfmt0/e2d_p_s3.faa -query_loc 301-900 -outfmt 6	
blastp	same	multi e2d_p_qmulti.faa e2d_p_s3.faa -subject_loc 301-900	-query tests/fasta/outfmt0/e2d_p_qmulti.faa -subject tests/fasta/outfmt0/e2d_p_s3.faa -subject_loc 301-900 -outfmt 6	
blastp	same	multi e2d_p_qmulti.faa e2d_p_s3.faa -query_loc 502-1000	-query tests/fasta/outfmt0/e2d_p_qmulti.faa -subject tests/fasta/outfmt0/e2d_p_s3.faa -query_loc 502-1000 -outfmt 6	
blastp	same-error	multi e2d_p_qmulti.faa e2d_p_s3.faa -subject_loc 502-1000	-query tests/fasta/outfmt0/e2d_p_qmulti.faa -subject tests/fasta/outfmt0/e2d_p_s3.faa -subject_loc 502-1000 -outfmt 6	BLAST query/options error: Invalid from coordinate (greater than sequence length) | Please refer to the BLAST+ user manu
blastp	same	multi e2d_p_qmulti.faa e2d_p_s3.faa -query_loc 600-5000	-query tests/fasta/outfmt0/e2d_p_qmulti.faa -subject tests/fasta/outfmt0/e2d_p_s3.faa -query_loc 600-5000 -outfmt 6	
blastp	same-error	multi e2d_p_qmulti.faa e2d_p_s3.faa -subject_loc 600-5000	-query tests/fasta/outfmt0/e2d_p_qmulti.faa -subject tests/fasta/outfmt0/e2d_p_s3.faa -subject_loc 600-5000 -outfmt 6	BLAST query/options error: Invalid from coordinate (greater than sequence length) | Please refer to the BLAST+ user manu
blastp	same	multi e2d_p_qmulti.faa e2d_p_s3.faa -query_loc 700-900	-query tests/fasta/outfmt0/e2d_p_qmulti.faa -subject tests/fasta/outfmt0/e2d_p_s3.faa -query_loc 700-900 -outfmt 6	
blastp	same-error	multi e2d_p_qmulti.faa e2d_p_s3.faa -subject_loc 700-900	-query tests/fasta/outfmt0/e2d_p_qmulti.faa -subject tests/fasta/outfmt0/e2d_p_s3.faa -subject_loc 700-900 -outfmt 6	BLAST query/options error: Invalid from coordinate (greater than sequence length) | Please refer to the BLAST+ user manu
blastp	same-error	multi e2d_p_qmulti.faa e2d_p_s3.faa -query_loc 1001-2500	-query tests/fasta/outfmt0/e2d_p_qmulti.faa -subject tests/fasta/outfmt0/e2d_p_s3.faa -query_loc 1001-2500 -outfmt 6	BLAST engine error: Empty CBlastQueryVector
blastp	same-error	multi e2d_p_qmulti.faa e2d_p_s3.faa -subject_loc 1001-2500	-query tests/fasta/outfmt0/e2d_p_qmulti.faa -subject tests/fasta/outfmt0/e2d_p_s3.faa -subject_loc 1001-2500 -outfmt 6	BLAST query/options error: Invalid from coordinate (greater than sequence length) | Please refer to the BLAST+ user manu
blastp	same-error	multi e2d_p_qmulti.faa e2d_p_s3.faa -query_loc 2001-3000	-query tests/fasta/outfmt0/e2d_p_qmulti.faa -subject tests/fasta/outfmt0/e2d_p_s3.faa -query_loc 2001-3000 -outfmt 6	BLAST engine error: Empty CBlastQueryVector
blastp	same-error	multi e2d_p_qmulti.faa e2d_p_s3.faa -subject_loc 2001-3000	-query tests/fasta/outfmt0/e2d_p_qmulti.faa -subject tests/fasta/outfmt0/e2d_p_s3.faa -subject_loc 2001-3000 -outfmt 6	BLAST query/options error: Invalid from coordinate (greater than sequence length) | Please refer to the BLAST+ user manu
blastp	same-error	multi e2d_p_qmulti.faa e2d_p_s3.faa -query_loc 5000-25000	-query tests/fasta/outfmt0/e2d_p_qmulti.faa -subject tests/fasta/outfmt0/e2d_p_s3.faa -query_loc 5000-25000 -outfmt 6	BLAST engine error: Empty CBlastQueryVector
blastp	same-error	multi e2d_p_qmulti.faa e2d_p_s3.faa -subject_loc 5000-25000	-query tests/fasta/outfmt0/e2d_p_qmulti.faa -subject tests/fasta/outfmt0/e2d_p_s3.faa -subject_loc 5000-25000 -outfmt 6	BLAST query/options error: Invalid from coordinate (greater than sequence length) | Please refer to the BLAST+ user manu
blastp	same	multi e2d_p_qmulti.faa e2d_p_s3.faa -query_loc 100-300	-query tests/fasta/outfmt0/e2d_p_qmulti.faa -subject tests/fasta/outfmt0/e2d_p_s3.faa -query_loc 100-300 -outfmt 6	
blastp	same	multi e2d_p_qmulti.faa e2d_p_s3.faa -subject_loc 100-300	-query tests/fasta/outfmt0/e2d_p_qmulti.faa -subject tests/fasta/outfmt0/e2d_p_s3.faa -subject_loc 100-300 -outfmt 6	
blastp	same	multi e2d_p_qmulti.faa e2d_p_s3.faa -query_loc 1-300	-query tests/fasta/outfmt0/e2d_p_qmulti.faa -subject tests/fasta/outfmt0/e2d_p_s3.faa -query_loc 1-300 -outfmt 7	
blastp	same	multi e2d_p_qmulti.faa e2d_p_s3.faa -subject_loc 1-300	-query tests/fasta/outfmt0/e2d_p_qmulti.faa -subject tests/fasta/outfmt0/e2d_p_s3.faa -subject_loc 1-300 -outfmt 7	
blastp	same	multi e2d_p_qmulti.faa e2d_p_s3.faa -query_loc 100-400	-query tests/fasta/outfmt0/e2d_p_qmulti.faa -subject tests/fasta/outfmt0/e2d_p_s3.faa -query_loc 100-400 -outfmt 7	
blastp	same	multi e2d_p_qmulti.faa e2d_p_s3.faa -subject_loc 100-400	-query tests/fasta/outfmt0/e2d_p_qmulti.faa -subject tests/fasta/outfmt0/e2d_p_s3.faa -subject_loc 100-400 -outfmt 7	
blastp	same	multi e2d_p_qmulti.faa e2d_p_s3.faa -query_loc 301-900	-query tests/fasta/outfmt0/e2d_p_qmulti.faa -subject tests/fasta/outfmt0/e2d_p_s3.faa -query_loc 301-900 -outfmt 7	
blastp	same	multi e2d_p_qmulti.faa e2d_p_s3.faa -subject_loc 301-900	-query tests/fasta/outfmt0/e2d_p_qmulti.faa -subject tests/fasta/outfmt0/e2d_p_s3.faa -subject_loc 301-900 -outfmt 7	
blastp	same	multi e2d_p_qmulti.faa e2d_p_s3.faa -query_loc 502-1000	-query tests/fasta/outfmt0/e2d_p_qmulti.faa -subject tests/fasta/outfmt0/e2d_p_s3.faa -query_loc 502-1000 -outfmt 7	
blastp	same-error	multi e2d_p_qmulti.faa e2d_p_s3.faa -subject_loc 502-1000	-query tests/fasta/outfmt0/e2d_p_qmulti.faa -subject tests/fasta/outfmt0/e2d_p_s3.faa -subject_loc 502-1000 -outfmt 7	BLAST query/options error: Invalid from coordinate (greater than sequence length) | Please refer to the BLAST+ user manu
blastp	same	multi e2d_p_qmulti.faa e2d_p_s3.faa -query_loc 600-5000	-query tests/fasta/outfmt0/e2d_p_qmulti.faa -subject tests/fasta/outfmt0/e2d_p_s3.faa -query_loc 600-5000 -outfmt 7	
blastp	same-error	multi e2d_p_qmulti.faa e2d_p_s3.faa -subject_loc 600-5000	-query tests/fasta/outfmt0/e2d_p_qmulti.faa -subject tests/fasta/outfmt0/e2d_p_s3.faa -subject_loc 600-5000 -outfmt 7	BLAST query/options error: Invalid from coordinate (greater than sequence length) | Please refer to the BLAST+ user manu
blastp	same	multi e2d_p_qmulti.faa e2d_p_s3.faa -query_loc 700-900	-query tests/fasta/outfmt0/e2d_p_qmulti.faa -subject tests/fasta/outfmt0/e2d_p_s3.faa -query_loc 700-900 -outfmt 7	
blastp	same-error	multi e2d_p_qmulti.faa e2d_p_s3.faa -subject_loc 700-900	-query tests/fasta/outfmt0/e2d_p_qmulti.faa -subject tests/fasta/outfmt0/e2d_p_s3.faa -subject_loc 700-900 -outfmt 7	BLAST query/options error: Invalid from coordinate (greater than sequence length) | Please refer to the BLAST+ user manu
blastp	same-error	multi e2d_p_qmulti.faa e2d_p_s3.faa -query_loc 1001-2500	-query tests/fasta/outfmt0/e2d_p_qmulti.faa -subject tests/fasta/outfmt0/e2d_p_s3.faa -query_loc 1001-2500 -outfmt 7	BLAST engine error: Empty CBlastQueryVector
blastp	same-error	multi e2d_p_qmulti.faa e2d_p_s3.faa -subject_loc 1001-2500	-query tests/fasta/outfmt0/e2d_p_qmulti.faa -subject tests/fasta/outfmt0/e2d_p_s3.faa -subject_loc 1001-2500 -outfmt 7	BLAST query/options error: Invalid from coordinate (greater than sequence length) | Please refer to the BLAST+ user manu
blastp	same-error	multi e2d_p_qmulti.faa e2d_p_s3.faa -query_loc 2001-3000	-query tests/fasta/outfmt0/e2d_p_qmulti.faa -subject tests/fasta/outfmt0/e2d_p_s3.faa -query_loc 2001-3000 -outfmt 7	BLAST engine error: Empty CBlastQueryVector
blastp	same-error	multi e2d_p_qmulti.faa e2d_p_s3.faa -subject_loc 2001-3000	-query tests/fasta/outfmt0/e2d_p_qmulti.faa -subject tests/fasta/outfmt0/e2d_p_s3.faa -subject_loc 2001-3000 -outfmt 7	BLAST query/options error: Invalid from coordinate (greater than sequence length) | Please refer to the BLAST+ user manu
blastp	same-error	multi e2d_p_qmulti.faa e2d_p_s3.faa -query_loc 5000-25000	-query tests/fasta/outfmt0/e2d_p_qmulti.faa -subject tests/fasta/outfmt0/e2d_p_s3.faa -query_loc 5000-25000 -outfmt 7	BLAST engine error: Empty CBlastQueryVector
blastp	same-error	multi e2d_p_qmulti.faa e2d_p_s3.faa -subject_loc 5000-25000	-query tests/fasta/outfmt0/e2d_p_qmulti.faa -subject tests/fasta/outfmt0/e2d_p_s3.faa -subject_loc 5000-25000 -outfmt 7	BLAST query/options error: Invalid from coordinate (greater than sequence length) | Please refer to the BLAST+ user manu
blastp	same	multi e2d_p_qmulti.faa e2d_p_s3.faa -query_loc 100-300	-query tests/fasta/outfmt0/e2d_p_qmulti.faa -subject tests/fasta/outfmt0/e2d_p_s3.faa -query_loc 100-300 -outfmt 7	
blastp	same	multi e2d_p_qmulti.faa e2d_p_s3.faa -subject_loc 100-300	-query tests/fasta/outfmt0/e2d_p_qmulti.faa -subject tests/fasta/outfmt0/e2d_p_s3.faa -subject_loc 100-300 -outfmt 7	
blastp	same	multi e2d_p_qp75.faa e2d_p_sp_multi.faa -query_loc 1-300	-query tests/fasta/outfmt0/e2d_p_qp75.faa -subject tests/fasta/outfmt0/e2d_p_sp_multi.faa -query_loc 1-300 -outfmt 0	
blastp	same	multi e2d_p_qp75.faa e2d_p_sp_multi.faa -subject_loc 1-300	-query tests/fasta/outfmt0/e2d_p_qp75.faa -subject tests/fasta/outfmt0/e2d_p_sp_multi.faa -subject_loc 1-300 -outfmt 0	
blastp	same	multi e2d_p_qp75.faa e2d_p_sp_multi.faa -query_loc 100-400	-query tests/fasta/outfmt0/e2d_p_qp75.faa -subject tests/fasta/outfmt0/e2d_p_sp_multi.faa -query_loc 100-400 -outfmt 0	
blastp	same	multi e2d_p_qp75.faa e2d_p_sp_multi.faa -subject_loc 100-400	-query tests/fasta/outfmt0/e2d_p_qp75.faa -subject tests/fasta/outfmt0/e2d_p_sp_multi.faa -subject_loc 100-400 -outfmt 0	
blastp	same	multi e2d_p_qp75.faa e2d_p_sp_multi.faa -query_loc 301-900	-query tests/fasta/outfmt0/e2d_p_qp75.faa -subject tests/fasta/outfmt0/e2d_p_sp_multi.faa -query_loc 301-900 -outfmt 0	
blastp	same-error	multi e2d_p_qp75.faa e2d_p_sp_multi.faa -subject_loc 301-900	-query tests/fasta/outfmt0/e2d_p_qp75.faa -subject tests/fasta/outfmt0/e2d_p_sp_multi.faa -subject_loc 301-900 -outfmt 0	BLAST query/options error: Invalid from coordinate (greater than sequence length) | Please refer to the BLAST+ user manu
blastp	same	multi e2d_p_qp75.faa e2d_p_sp_multi.faa -query_loc 502-1000	-query tests/fasta/outfmt0/e2d_p_qp75.faa -subject tests/fasta/outfmt0/e2d_p_sp_multi.faa -query_loc 502-1000 -outfmt 0	
blastp	same-error	multi e2d_p_qp75.faa e2d_p_sp_multi.faa -subject_loc 502-1000	-query tests/fasta/outfmt0/e2d_p_qp75.faa -subject tests/fasta/outfmt0/e2d_p_sp_multi.faa -subject_loc 502-1000 -outfmt 0	BLAST query/options error: Invalid from coordinate (greater than sequence length) | Please refer to the BLAST+ user manu
blastp	same	multi e2d_p_qp75.faa e2d_p_sp_multi.faa -query_loc 600-5000	-query tests/fasta/outfmt0/e2d_p_qp75.faa -subject tests/fasta/outfmt0/e2d_p_sp_multi.faa -query_loc 600-5000 -outfmt 0	
blastp	same-error	multi e2d_p_qp75.faa e2d_p_sp_multi.faa -subject_loc 600-5000	-query tests/fasta/outfmt0/e2d_p_qp75.faa -subject tests/fasta/outfmt0/e2d_p_sp_multi.faa -subject_loc 600-5000 -outfmt 0	BLAST query/options error: Invalid from coordinate (greater than sequence length) | Please refer to the BLAST+ user manu
blastp	same	multi e2d_p_qp75.faa e2d_p_sp_multi.faa -query_loc 700-900	-query tests/fasta/outfmt0/e2d_p_qp75.faa -subject tests/fasta/outfmt0/e2d_p_sp_multi.faa -query_loc 700-900 -outfmt 0	
blastp	same-error	multi e2d_p_qp75.faa e2d_p_sp_multi.faa -subject_loc 700-900	-query tests/fasta/outfmt0/e2d_p_qp75.faa -subject tests/fasta/outfmt0/e2d_p_sp_multi.faa -subject_loc 700-900 -outfmt 0	BLAST query/options error: Invalid from coordinate (greater than sequence length) | Please refer to the BLAST+ user manu
blastp	same-error	multi e2d_p_qp75.faa e2d_p_sp_multi.faa -query_loc 1001-2500	-query tests/fasta/outfmt0/e2d_p_qp75.faa -subject tests/fasta/outfmt0/e2d_p_sp_multi.faa -query_loc 1001-2500 -outfmt 0	BLAST engine error: Empty CBlastQueryVector
blastp	same-error	multi e2d_p_qp75.faa e2d_p_sp_multi.faa -subject_loc 1001-2500	-query tests/fasta/outfmt0/e2d_p_qp75.faa -subject tests/fasta/outfmt0/e2d_p_sp_multi.faa -subject_loc 1001-2500 -outfmt 0	BLAST query/options error: Invalid from coordinate (greater than sequence length) | Please refer to the BLAST+ user manu
blastp	same-error	multi e2d_p_qp75.faa e2d_p_sp_multi.faa -query_loc 2001-3000	-query tests/fasta/outfmt0/e2d_p_qp75.faa -subject tests/fasta/outfmt0/e2d_p_sp_multi.faa -query_loc 2001-3000 -outfmt 0	BLAST engine error: Empty CBlastQueryVector
blastp	same-error	multi e2d_p_qp75.faa e2d_p_sp_multi.faa -subject_loc 2001-3000	-query tests/fasta/outfmt0/e2d_p_qp75.faa -subject tests/fasta/outfmt0/e2d_p_sp_multi.faa -subject_loc 2001-3000 -outfmt 0	BLAST query/options error: Invalid from coordinate (greater than sequence length) | Please refer to the BLAST+ user manu
blastp	same-error	multi e2d_p_qp75.faa e2d_p_sp_multi.faa -query_loc 5000-25000	-query tests/fasta/outfmt0/e2d_p_qp75.faa -subject tests/fasta/outfmt0/e2d_p_sp_multi.faa -query_loc 5000-25000 -outfmt 0	BLAST engine error: Empty CBlastQueryVector
blastp	same-error	multi e2d_p_qp75.faa e2d_p_sp_multi.faa -subject_loc 5000-25000	-query tests/fasta/outfmt0/e2d_p_qp75.faa -subject tests/fasta/outfmt0/e2d_p_sp_multi.faa -subject_loc 5000-25000 -outfmt 0	BLAST query/options error: Invalid from coordinate (greater than sequence length) | Please refer to the BLAST+ user manu
blastp	same	multi e2d_p_qp75.faa e2d_p_sp_multi.faa -query_loc 100-300	-query tests/fasta/outfmt0/e2d_p_qp75.faa -subject tests/fasta/outfmt0/e2d_p_sp_multi.faa -query_loc 100-300 -outfmt 0	
blastp	same	multi e2d_p_qp75.faa e2d_p_sp_multi.faa -subject_loc 100-300	-query tests/fasta/outfmt0/e2d_p_qp75.faa -subject tests/fasta/outfmt0/e2d_p_sp_multi.faa -subject_loc 100-300 -outfmt 0	
blastp	same	multi e2d_p_qp75.faa e2d_p_sp_multi.faa -query_loc 1-300	-query tests/fasta/outfmt0/e2d_p_qp75.faa -subject tests/fasta/outfmt0/e2d_p_sp_multi.faa -query_loc 1-300 -outfmt 6	
blastp	same	multi e2d_p_qp75.faa e2d_p_sp_multi.faa -subject_loc 1-300	-query tests/fasta/outfmt0/e2d_p_qp75.faa -subject tests/fasta/outfmt0/e2d_p_sp_multi.faa -subject_loc 1-300 -outfmt 6	
blastp	same	multi e2d_p_qp75.faa e2d_p_sp_multi.faa -query_loc 100-400	-query tests/fasta/outfmt0/e2d_p_qp75.faa -subject tests/fasta/outfmt0/e2d_p_sp_multi.faa -query_loc 100-400 -outfmt 6	
blastp	same	multi e2d_p_qp75.faa e2d_p_sp_multi.faa -subject_loc 100-400	-query tests/fasta/outfmt0/e2d_p_qp75.faa -subject tests/fasta/outfmt0/e2d_p_sp_multi.faa -subject_loc 100-400 -outfmt 6	
blastp	same	multi e2d_p_qp75.faa e2d_p_sp_multi.faa -query_loc 301-900	-query tests/fasta/outfmt0/e2d_p_qp75.faa -subject tests/fasta/outfmt0/e2d_p_sp_multi.faa -query_loc 301-900 -outfmt 6	
blastp	same-error	multi e2d_p_qp75.faa e2d_p_sp_multi.faa -subject_loc 301-900	-query tests/fasta/outfmt0/e2d_p_qp75.faa -subject tests/fasta/outfmt0/e2d_p_sp_multi.faa -subject_loc 301-900 -outfmt 6	BLAST query/options error: Invalid from coordinate (greater than sequence length) | Please refer to the BLAST+ user manu
blastp	same	multi e2d_p_qp75.faa e2d_p_sp_multi.faa -query_loc 502-1000	-query tests/fasta/outfmt0/e2d_p_qp75.faa -subject tests/fasta/outfmt0/e2d_p_sp_multi.faa -query_loc 502-1000 -outfmt 6	
blastp	same-error	multi e2d_p_qp75.faa e2d_p_sp_multi.faa -subject_loc 502-1000	-query tests/fasta/outfmt0/e2d_p_qp75.faa -subject tests/fasta/outfmt0/e2d_p_sp_multi.faa -subject_loc 502-1000 -outfmt 6	BLAST query/options error: Invalid from coordinate (greater than sequence length) | Please refer to the BLAST+ user manu
blastp	same	multi e2d_p_qp75.faa e2d_p_sp_multi.faa -query_loc 600-5000	-query tests/fasta/outfmt0/e2d_p_qp75.faa -subject tests/fasta/outfmt0/e2d_p_sp_multi.faa -query_loc 600-5000 -outfmt 6	
blastp	same-error	multi e2d_p_qp75.faa e2d_p_sp_multi.faa -subject_loc 600-5000	-query tests/fasta/outfmt0/e2d_p_qp75.faa -subject tests/fasta/outfmt0/e2d_p_sp_multi.faa -subject_loc 600-5000 -outfmt 6	BLAST query/options error: Invalid from coordinate (greater than sequence length) | Please refer to the BLAST+ user manu
blastp	same	multi e2d_p_qp75.faa e2d_p_sp_multi.faa -query_loc 700-900	-query tests/fasta/outfmt0/e2d_p_qp75.faa -subject tests/fasta/outfmt0/e2d_p_sp_multi.faa -query_loc 700-900 -outfmt 6	
blastp	same-error	multi e2d_p_qp75.faa e2d_p_sp_multi.faa -subject_loc 700-900	-query tests/fasta/outfmt0/e2d_p_qp75.faa -subject tests/fasta/outfmt0/e2d_p_sp_multi.faa -subject_loc 700-900 -outfmt 6	BLAST query/options error: Invalid from coordinate (greater than sequence length) | Please refer to the BLAST+ user manu
blastp	same-error	multi e2d_p_qp75.faa e2d_p_sp_multi.faa -query_loc 1001-2500	-query tests/fasta/outfmt0/e2d_p_qp75.faa -subject tests/fasta/outfmt0/e2d_p_sp_multi.faa -query_loc 1001-2500 -outfmt 6	BLAST engine error: Empty CBlastQueryVector
blastp	same-error	multi e2d_p_qp75.faa e2d_p_sp_multi.faa -subject_loc 1001-2500	-query tests/fasta/outfmt0/e2d_p_qp75.faa -subject tests/fasta/outfmt0/e2d_p_sp_multi.faa -subject_loc 1001-2500 -outfmt 6	BLAST query/options error: Invalid from coordinate (greater than sequence length) | Please refer to the BLAST+ user manu
blastp	same-error	multi e2d_p_qp75.faa e2d_p_sp_multi.faa -query_loc 2001-3000	-query tests/fasta/outfmt0/e2d_p_qp75.faa -subject tests/fasta/outfmt0/e2d_p_sp_multi.faa -query_loc 2001-3000 -outfmt 6	BLAST engine error: Empty CBlastQueryVector
blastp	same-error	multi e2d_p_qp75.faa e2d_p_sp_multi.faa -subject_loc 2001-3000	-query tests/fasta/outfmt0/e2d_p_qp75.faa -subject tests/fasta/outfmt0/e2d_p_sp_multi.faa -subject_loc 2001-3000 -outfmt 6	BLAST query/options error: Invalid from coordinate (greater than sequence length) | Please refer to the BLAST+ user manu
blastp	same-error	multi e2d_p_qp75.faa e2d_p_sp_multi.faa -query_loc 5000-25000	-query tests/fasta/outfmt0/e2d_p_qp75.faa -subject tests/fasta/outfmt0/e2d_p_sp_multi.faa -query_loc 5000-25000 -outfmt 6	BLAST engine error: Empty CBlastQueryVector
blastp	same-error	multi e2d_p_qp75.faa e2d_p_sp_multi.faa -subject_loc 5000-25000	-query tests/fasta/outfmt0/e2d_p_qp75.faa -subject tests/fasta/outfmt0/e2d_p_sp_multi.faa -subject_loc 5000-25000 -outfmt 6	BLAST query/options error: Invalid from coordinate (greater than sequence length) | Please refer to the BLAST+ user manu
blastp	same	multi e2d_p_qp75.faa e2d_p_sp_multi.faa -query_loc 100-300	-query tests/fasta/outfmt0/e2d_p_qp75.faa -subject tests/fasta/outfmt0/e2d_p_sp_multi.faa -query_loc 100-300 -outfmt 6	
blastp	same	multi e2d_p_qp75.faa e2d_p_sp_multi.faa -subject_loc 100-300	-query tests/fasta/outfmt0/e2d_p_qp75.faa -subject tests/fasta/outfmt0/e2d_p_sp_multi.faa -subject_loc 100-300 -outfmt 6	
blastp	same	multi e2d_p_qp75.faa e2d_p_sp_multi.faa -query_loc 1-300	-query tests/fasta/outfmt0/e2d_p_qp75.faa -subject tests/fasta/outfmt0/e2d_p_sp_multi.faa -query_loc 1-300 -outfmt 7	
blastp	same	multi e2d_p_qp75.faa e2d_p_sp_multi.faa -subject_loc 1-300	-query tests/fasta/outfmt0/e2d_p_qp75.faa -subject tests/fasta/outfmt0/e2d_p_sp_multi.faa -subject_loc 1-300 -outfmt 7	
blastp	same	multi e2d_p_qp75.faa e2d_p_sp_multi.faa -query_loc 100-400	-query tests/fasta/outfmt0/e2d_p_qp75.faa -subject tests/fasta/outfmt0/e2d_p_sp_multi.faa -query_loc 100-400 -outfmt 7	
blastp	same	multi e2d_p_qp75.faa e2d_p_sp_multi.faa -subject_loc 100-400	-query tests/fasta/outfmt0/e2d_p_qp75.faa -subject tests/fasta/outfmt0/e2d_p_sp_multi.faa -subject_loc 100-400 -outfmt 7	
blastp	same	multi e2d_p_qp75.faa e2d_p_sp_multi.faa -query_loc 301-900	-query tests/fasta/outfmt0/e2d_p_qp75.faa -subject tests/fasta/outfmt0/e2d_p_sp_multi.faa -query_loc 301-900 -outfmt 7	
blastp	same-error	multi e2d_p_qp75.faa e2d_p_sp_multi.faa -subject_loc 301-900	-query tests/fasta/outfmt0/e2d_p_qp75.faa -subject tests/fasta/outfmt0/e2d_p_sp_multi.faa -subject_loc 301-900 -outfmt 7	BLAST query/options error: Invalid from coordinate (greater than sequence length) | Please refer to the BLAST+ user manu
blastp	same	multi e2d_p_qp75.faa e2d_p_sp_multi.faa -query_loc 502-1000	-query tests/fasta/outfmt0/e2d_p_qp75.faa -subject tests/fasta/outfmt0/e2d_p_sp_multi.faa -query_loc 502-1000 -outfmt 7	
blastp	same-error	multi e2d_p_qp75.faa e2d_p_sp_multi.faa -subject_loc 502-1000	-query tests/fasta/outfmt0/e2d_p_qp75.faa -subject tests/fasta/outfmt0/e2d_p_sp_multi.faa -subject_loc 502-1000 -outfmt 7	BLAST query/options error: Invalid from coordinate (greater than sequence length) | Please refer to the BLAST+ user manu
blastp	same	multi e2d_p_qp75.faa e2d_p_sp_multi.faa -query_loc 600-5000	-query tests/fasta/outfmt0/e2d_p_qp75.faa -subject tests/fasta/outfmt0/e2d_p_sp_multi.faa -query_loc 600-5000 -outfmt 7	
blastp	same-error	multi e2d_p_qp75.faa e2d_p_sp_multi.faa -subject_loc 600-5000	-query tests/fasta/outfmt0/e2d_p_qp75.faa -subject tests/fasta/outfmt0/e2d_p_sp_multi.faa -subject_loc 600-5000 -outfmt 7	BLAST query/options error: Invalid from coordinate (greater than sequence length) | Please refer to the BLAST+ user manu
blastp	same	multi e2d_p_qp75.faa e2d_p_sp_multi.faa -query_loc 700-900	-query tests/fasta/outfmt0/e2d_p_qp75.faa -subject tests/fasta/outfmt0/e2d_p_sp_multi.faa -query_loc 700-900 -outfmt 7	
blastp	same-error	multi e2d_p_qp75.faa e2d_p_sp_multi.faa -subject_loc 700-900	-query tests/fasta/outfmt0/e2d_p_qp75.faa -subject tests/fasta/outfmt0/e2d_p_sp_multi.faa -subject_loc 700-900 -outfmt 7	BLAST query/options error: Invalid from coordinate (greater than sequence length) | Please refer to the BLAST+ user manu
blastp	same-error	multi e2d_p_qp75.faa e2d_p_sp_multi.faa -query_loc 1001-2500	-query tests/fasta/outfmt0/e2d_p_qp75.faa -subject tests/fasta/outfmt0/e2d_p_sp_multi.faa -query_loc 1001-2500 -outfmt 7	BLAST engine error: Empty CBlastQueryVector
blastp	same-error	multi e2d_p_qp75.faa e2d_p_sp_multi.faa -subject_loc 1001-2500	-query tests/fasta/outfmt0/e2d_p_qp75.faa -subject tests/fasta/outfmt0/e2d_p_sp_multi.faa -subject_loc 1001-2500 -outfmt 7	BLAST query/options error: Invalid from coordinate (greater than sequence length) | Please refer to the BLAST+ user manu
blastp	same-error	multi e2d_p_qp75.faa e2d_p_sp_multi.faa -query_loc 2001-3000	-query tests/fasta/outfmt0/e2d_p_qp75.faa -subject tests/fasta/outfmt0/e2d_p_sp_multi.faa -query_loc 2001-3000 -outfmt 7	BLAST engine error: Empty CBlastQueryVector
blastp	same-error	multi e2d_p_qp75.faa e2d_p_sp_multi.faa -subject_loc 2001-3000	-query tests/fasta/outfmt0/e2d_p_qp75.faa -subject tests/fasta/outfmt0/e2d_p_sp_multi.faa -subject_loc 2001-3000 -outfmt 7	BLAST query/options error: Invalid from coordinate (greater than sequence length) | Please refer to the BLAST+ user manu
blastp	same-error	multi e2d_p_qp75.faa e2d_p_sp_multi.faa -query_loc 5000-25000	-query tests/fasta/outfmt0/e2d_p_qp75.faa -subject tests/fasta/outfmt0/e2d_p_sp_multi.faa -query_loc 5000-25000 -outfmt 7	BLAST engine error: Empty CBlastQueryVector
blastp	same-error	multi e2d_p_qp75.faa e2d_p_sp_multi.faa -subject_loc 5000-25000	-query tests/fasta/outfmt0/e2d_p_qp75.faa -subject tests/fasta/outfmt0/e2d_p_sp_multi.faa -subject_loc 5000-25000 -outfmt 7	BLAST query/options error: Invalid from coordinate (greater than sequence length) | Please refer to the BLAST+ user manu
blastp	same	multi e2d_p_qp75.faa e2d_p_sp_multi.faa -query_loc 100-300	-query tests/fasta/outfmt0/e2d_p_qp75.faa -subject tests/fasta/outfmt0/e2d_p_sp_multi.faa -query_loc 100-300 -outfmt 7	
blastp	same	multi e2d_p_qp75.faa e2d_p_sp_multi.faa -subject_loc 100-300	-query tests/fasta/outfmt0/e2d_p_qp75.faa -subject tests/fasta/outfmt0/e2d_p_sp_multi.faa -subject_loc 100-300 -outfmt 7	
blastp	same	multi e2d_p_qabshort.faa e2d_p_s3.faa -query_loc 1-300	-query tests/fasta/outfmt0/e2d_p_qabshort.faa -subject tests/fasta/outfmt0/e2d_p_s3.faa -query_loc 1-300 -outfmt 0	
blastp	same	multi e2d_p_qabshort.faa e2d_p_s3.faa -subject_loc 1-300	-query tests/fasta/outfmt0/e2d_p_qabshort.faa -subject tests/fasta/outfmt0/e2d_p_s3.faa -subject_loc 1-300 -outfmt 0	
blastp	same-error	multi e2d_p_qabshort.faa e2d_p_s3.faa -query_loc 100-400	-query tests/fasta/outfmt0/e2d_p_qabshort.faa -subject tests/fasta/outfmt0/e2d_p_s3.faa -query_loc 100-400 -outfmt 0	BLAST engine error: Empty CBlastQueryVector
blastp	same	multi e2d_p_qabshort.faa e2d_p_s3.faa -subject_loc 100-400	-query tests/fasta/outfmt0/e2d_p_qabshort.faa -subject tests/fasta/outfmt0/e2d_p_s3.faa -subject_loc 100-400 -outfmt 0	
blastp	same-error	multi e2d_p_qabshort.faa e2d_p_s3.faa -query_loc 301-900	-query tests/fasta/outfmt0/e2d_p_qabshort.faa -subject tests/fasta/outfmt0/e2d_p_s3.faa -query_loc 301-900 -outfmt 0	BLAST engine error: Empty CBlastQueryVector
blastp	same	multi e2d_p_qabshort.faa e2d_p_s3.faa -subject_loc 301-900	-query tests/fasta/outfmt0/e2d_p_qabshort.faa -subject tests/fasta/outfmt0/e2d_p_s3.faa -subject_loc 301-900 -outfmt 0	
blastp	same-error	multi e2d_p_qabshort.faa e2d_p_s3.faa -query_loc 502-1000	-query tests/fasta/outfmt0/e2d_p_qabshort.faa -subject tests/fasta/outfmt0/e2d_p_s3.faa -query_loc 502-1000 -outfmt 0	BLAST engine error: Empty CBlastQueryVector
blastp	same-error	multi e2d_p_qabshort.faa e2d_p_s3.faa -subject_loc 502-1000	-query tests/fasta/outfmt0/e2d_p_qabshort.faa -subject tests/fasta/outfmt0/e2d_p_s3.faa -subject_loc 502-1000 -outfmt 0	BLAST query/options error: Invalid from coordinate (greater than sequence length) | Please refer to the BLAST+ user manu
blastp	same-error	multi e2d_p_qabshort.faa e2d_p_s3.faa -query_loc 600-5000	-query tests/fasta/outfmt0/e2d_p_qabshort.faa -subject tests/fasta/outfmt0/e2d_p_s3.faa -query_loc 600-5000 -outfmt 0	BLAST engine error: Empty CBlastQueryVector
blastp	same-error	multi e2d_p_qabshort.faa e2d_p_s3.faa -subject_loc 600-5000	-query tests/fasta/outfmt0/e2d_p_qabshort.faa -subject tests/fasta/outfmt0/e2d_p_s3.faa -subject_loc 600-5000 -outfmt 0	BLAST query/options error: Invalid from coordinate (greater than sequence length) | Please refer to the BLAST+ user manu
blastp	same-error	multi e2d_p_qabshort.faa e2d_p_s3.faa -query_loc 700-900	-query tests/fasta/outfmt0/e2d_p_qabshort.faa -subject tests/fasta/outfmt0/e2d_p_s3.faa -query_loc 700-900 -outfmt 0	BLAST engine error: Empty CBlastQueryVector
blastp	same-error	multi e2d_p_qabshort.faa e2d_p_s3.faa -subject_loc 700-900	-query tests/fasta/outfmt0/e2d_p_qabshort.faa -subject tests/fasta/outfmt0/e2d_p_s3.faa -subject_loc 700-900 -outfmt 0	BLAST query/options error: Invalid from coordinate (greater than sequence length) | Please refer to the BLAST+ user manu
blastp	same-error	multi e2d_p_qabshort.faa e2d_p_s3.faa -query_loc 1001-2500	-query tests/fasta/outfmt0/e2d_p_qabshort.faa -subject tests/fasta/outfmt0/e2d_p_s3.faa -query_loc 1001-2500 -outfmt 0	BLAST engine error: Empty CBlastQueryVector
blastp	same-error	multi e2d_p_qabshort.faa e2d_p_s3.faa -subject_loc 1001-2500	-query tests/fasta/outfmt0/e2d_p_qabshort.faa -subject tests/fasta/outfmt0/e2d_p_s3.faa -subject_loc 1001-2500 -outfmt 0	BLAST query/options error: Invalid from coordinate (greater than sequence length) | Please refer to the BLAST+ user manu
blastp	same-error	multi e2d_p_qabshort.faa e2d_p_s3.faa -query_loc 2001-3000	-query tests/fasta/outfmt0/e2d_p_qabshort.faa -subject tests/fasta/outfmt0/e2d_p_s3.faa -query_loc 2001-3000 -outfmt 0	BLAST engine error: Empty CBlastQueryVector
blastp	same-error	multi e2d_p_qabshort.faa e2d_p_s3.faa -subject_loc 2001-3000	-query tests/fasta/outfmt0/e2d_p_qabshort.faa -subject tests/fasta/outfmt0/e2d_p_s3.faa -subject_loc 2001-3000 -outfmt 0	BLAST query/options error: Invalid from coordinate (greater than sequence length) | Please refer to the BLAST+ user manu
blastp	same-error	multi e2d_p_qabshort.faa e2d_p_s3.faa -query_loc 5000-25000	-query tests/fasta/outfmt0/e2d_p_qabshort.faa -subject tests/fasta/outfmt0/e2d_p_s3.faa -query_loc 5000-25000 -outfmt 0	BLAST engine error: Empty CBlastQueryVector
blastp	same-error	multi e2d_p_qabshort.faa e2d_p_s3.faa -subject_loc 5000-25000	-query tests/fasta/outfmt0/e2d_p_qabshort.faa -subject tests/fasta/outfmt0/e2d_p_s3.faa -subject_loc 5000-25000 -outfmt 0	BLAST query/options error: Invalid from coordinate (greater than sequence length) | Please refer to the BLAST+ user manu
blastp	same-error	multi e2d_p_qabshort.faa e2d_p_s3.faa -query_loc 100-300	-query tests/fasta/outfmt0/e2d_p_qabshort.faa -subject tests/fasta/outfmt0/e2d_p_s3.faa -query_loc 100-300 -outfmt 0	BLAST engine error: Empty CBlastQueryVector
blastp	same	multi e2d_p_qabshort.faa e2d_p_s3.faa -subject_loc 100-300	-query tests/fasta/outfmt0/e2d_p_qabshort.faa -subject tests/fasta/outfmt0/e2d_p_s3.faa -subject_loc 100-300 -outfmt 0	
blastp	same	multi e2d_p_qabshort.faa e2d_p_s3.faa -query_loc 1-300	-query tests/fasta/outfmt0/e2d_p_qabshort.faa -subject tests/fasta/outfmt0/e2d_p_s3.faa -query_loc 1-300 -outfmt 6	
blastp	same	multi e2d_p_qabshort.faa e2d_p_s3.faa -subject_loc 1-300	-query tests/fasta/outfmt0/e2d_p_qabshort.faa -subject tests/fasta/outfmt0/e2d_p_s3.faa -subject_loc 1-300 -outfmt 6	
blastp	same-error	multi e2d_p_qabshort.faa e2d_p_s3.faa -query_loc 100-400	-query tests/fasta/outfmt0/e2d_p_qabshort.faa -subject tests/fasta/outfmt0/e2d_p_s3.faa -query_loc 100-400 -outfmt 6	BLAST engine error: Empty CBlastQueryVector
blastp	same	multi e2d_p_qabshort.faa e2d_p_s3.faa -subject_loc 100-400	-query tests/fasta/outfmt0/e2d_p_qabshort.faa -subject tests/fasta/outfmt0/e2d_p_s3.faa -subject_loc 100-400 -outfmt 6	
blastp	same-error	multi e2d_p_qabshort.faa e2d_p_s3.faa -query_loc 301-900	-query tests/fasta/outfmt0/e2d_p_qabshort.faa -subject tests/fasta/outfmt0/e2d_p_s3.faa -query_loc 301-900 -outfmt 6	BLAST engine error: Empty CBlastQueryVector
blastp	same	multi e2d_p_qabshort.faa e2d_p_s3.faa -subject_loc 301-900	-query tests/fasta/outfmt0/e2d_p_qabshort.faa -subject tests/fasta/outfmt0/e2d_p_s3.faa -subject_loc 301-900 -outfmt 6	
blastp	same-error	multi e2d_p_qabshort.faa e2d_p_s3.faa -query_loc 502-1000	-query tests/fasta/outfmt0/e2d_p_qabshort.faa -subject tests/fasta/outfmt0/e2d_p_s3.faa -query_loc 502-1000 -outfmt 6	BLAST engine error: Empty CBlastQueryVector
blastp	same-error	multi e2d_p_qabshort.faa e2d_p_s3.faa -subject_loc 502-1000	-query tests/fasta/outfmt0/e2d_p_qabshort.faa -subject tests/fasta/outfmt0/e2d_p_s3.faa -subject_loc 502-1000 -outfmt 6	BLAST query/options error: Invalid from coordinate (greater than sequence length) | Please refer to the BLAST+ user manu
blastp	same-error	multi e2d_p_qabshort.faa e2d_p_s3.faa -query_loc 600-5000	-query tests/fasta/outfmt0/e2d_p_qabshort.faa -subject tests/fasta/outfmt0/e2d_p_s3.faa -query_loc 600-5000 -outfmt 6	BLAST engine error: Empty CBlastQueryVector
blastp	same-error	multi e2d_p_qabshort.faa e2d_p_s3.faa -subject_loc 600-5000	-query tests/fasta/outfmt0/e2d_p_qabshort.faa -subject tests/fasta/outfmt0/e2d_p_s3.faa -subject_loc 600-5000 -outfmt 6	BLAST query/options error: Invalid from coordinate (greater than sequence length) | Please refer to the BLAST+ user manu
blastp	same-error	multi e2d_p_qabshort.faa e2d_p_s3.faa -query_loc 700-900	-query tests/fasta/outfmt0/e2d_p_qabshort.faa -subject tests/fasta/outfmt0/e2d_p_s3.faa -query_loc 700-900 -outfmt 6	BLAST engine error: Empty CBlastQueryVector
blastp	same-error	multi e2d_p_qabshort.faa e2d_p_s3.faa -subject_loc 700-900	-query tests/fasta/outfmt0/e2d_p_qabshort.faa -subject tests/fasta/outfmt0/e2d_p_s3.faa -subject_loc 700-900 -outfmt 6	BLAST query/options error: Invalid from coordinate (greater than sequence length) | Please refer to the BLAST+ user manu
blastp	same-error	multi e2d_p_qabshort.faa e2d_p_s3.faa -query_loc 1001-2500	-query tests/fasta/outfmt0/e2d_p_qabshort.faa -subject tests/fasta/outfmt0/e2d_p_s3.faa -query_loc 1001-2500 -outfmt 6	BLAST engine error: Empty CBlastQueryVector
blastp	same-error	multi e2d_p_qabshort.faa e2d_p_s3.faa -subject_loc 1001-2500	-query tests/fasta/outfmt0/e2d_p_qabshort.faa -subject tests/fasta/outfmt0/e2d_p_s3.faa -subject_loc 1001-2500 -outfmt 6	BLAST query/options error: Invalid from coordinate (greater than sequence length) | Please refer to the BLAST+ user manu
blastp	same-error	multi e2d_p_qabshort.faa e2d_p_s3.faa -query_loc 2001-3000	-query tests/fasta/outfmt0/e2d_p_qabshort.faa -subject tests/fasta/outfmt0/e2d_p_s3.faa -query_loc 2001-3000 -outfmt 6	BLAST engine error: Empty CBlastQueryVector
blastp	same-error	multi e2d_p_qabshort.faa e2d_p_s3.faa -subject_loc 2001-3000	-query tests/fasta/outfmt0/e2d_p_qabshort.faa -subject tests/fasta/outfmt0/e2d_p_s3.faa -subject_loc 2001-3000 -outfmt 6	BLAST query/options error: Invalid from coordinate (greater than sequence length) | Please refer to the BLAST+ user manu
blastp	same-error	multi e2d_p_qabshort.faa e2d_p_s3.faa -query_loc 5000-25000	-query tests/fasta/outfmt0/e2d_p_qabshort.faa -subject tests/fasta/outfmt0/e2d_p_s3.faa -query_loc 5000-25000 -outfmt 6	BLAST engine error: Empty CBlastQueryVector
blastp	same-error	multi e2d_p_qabshort.faa e2d_p_s3.faa -subject_loc 5000-25000	-query tests/fasta/outfmt0/e2d_p_qabshort.faa -subject tests/fasta/outfmt0/e2d_p_s3.faa -subject_loc 5000-25000 -outfmt 6	BLAST query/options error: Invalid from coordinate (greater than sequence length) | Please refer to the BLAST+ user manu
blastp	same-error	multi e2d_p_qabshort.faa e2d_p_s3.faa -query_loc 100-300	-query tests/fasta/outfmt0/e2d_p_qabshort.faa -subject tests/fasta/outfmt0/e2d_p_s3.faa -query_loc 100-300 -outfmt 6	BLAST engine error: Empty CBlastQueryVector
blastp	same	multi e2d_p_qabshort.faa e2d_p_s3.faa -subject_loc 100-300	-query tests/fasta/outfmt0/e2d_p_qabshort.faa -subject tests/fasta/outfmt0/e2d_p_s3.faa -subject_loc 100-300 -outfmt 6	
blastp	same	multi e2d_p_qabshort.faa e2d_p_s3.faa -query_loc 1-300	-query tests/fasta/outfmt0/e2d_p_qabshort.faa -subject tests/fasta/outfmt0/e2d_p_s3.faa -query_loc 1-300 -outfmt 7	
blastp	same	multi e2d_p_qabshort.faa e2d_p_s3.faa -subject_loc 1-300	-query tests/fasta/outfmt0/e2d_p_qabshort.faa -subject tests/fasta/outfmt0/e2d_p_s3.faa -subject_loc 1-300 -outfmt 7	
blastp	same-error	multi e2d_p_qabshort.faa e2d_p_s3.faa -query_loc 100-400	-query tests/fasta/outfmt0/e2d_p_qabshort.faa -subject tests/fasta/outfmt0/e2d_p_s3.faa -query_loc 100-400 -outfmt 7	BLAST engine error: Empty CBlastQueryVector
blastp	same	multi e2d_p_qabshort.faa e2d_p_s3.faa -subject_loc 100-400	-query tests/fasta/outfmt0/e2d_p_qabshort.faa -subject tests/fasta/outfmt0/e2d_p_s3.faa -subject_loc 100-400 -outfmt 7	
blastp	same-error	multi e2d_p_qabshort.faa e2d_p_s3.faa -query_loc 301-900	-query tests/fasta/outfmt0/e2d_p_qabshort.faa -subject tests/fasta/outfmt0/e2d_p_s3.faa -query_loc 301-900 -outfmt 7	BLAST engine error: Empty CBlastQueryVector
blastp	same	multi e2d_p_qabshort.faa e2d_p_s3.faa -subject_loc 301-900	-query tests/fasta/outfmt0/e2d_p_qabshort.faa -subject tests/fasta/outfmt0/e2d_p_s3.faa -subject_loc 301-900 -outfmt 7	
blastp	same-error	multi e2d_p_qabshort.faa e2d_p_s3.faa -query_loc 502-1000	-query tests/fasta/outfmt0/e2d_p_qabshort.faa -subject tests/fasta/outfmt0/e2d_p_s3.faa -query_loc 502-1000 -outfmt 7	BLAST engine error: Empty CBlastQueryVector
blastp	same-error	multi e2d_p_qabshort.faa e2d_p_s3.faa -subject_loc 502-1000	-query tests/fasta/outfmt0/e2d_p_qabshort.faa -subject tests/fasta/outfmt0/e2d_p_s3.faa -subject_loc 502-1000 -outfmt 7	BLAST query/options error: Invalid from coordinate (greater than sequence length) | Please refer to the BLAST+ user manu
blastp	same-error	multi e2d_p_qabshort.faa e2d_p_s3.faa -query_loc 600-5000	-query tests/fasta/outfmt0/e2d_p_qabshort.faa -subject tests/fasta/outfmt0/e2d_p_s3.faa -query_loc 600-5000 -outfmt 7	BLAST engine error: Empty CBlastQueryVector
blastp	same-error	multi e2d_p_qabshort.faa e2d_p_s3.faa -subject_loc 600-5000	-query tests/fasta/outfmt0/e2d_p_qabshort.faa -subject tests/fasta/outfmt0/e2d_p_s3.faa -subject_loc 600-5000 -outfmt 7	BLAST query/options error: Invalid from coordinate (greater than sequence length) | Please refer to the BLAST+ user manu
blastp	same-error	multi e2d_p_qabshort.faa e2d_p_s3.faa -query_loc 700-900	-query tests/fasta/outfmt0/e2d_p_qabshort.faa -subject tests/fasta/outfmt0/e2d_p_s3.faa -query_loc 700-900 -outfmt 7	BLAST engine error: Empty CBlastQueryVector
blastp	same-error	multi e2d_p_qabshort.faa e2d_p_s3.faa -subject_loc 700-900	-query tests/fasta/outfmt0/e2d_p_qabshort.faa -subject tests/fasta/outfmt0/e2d_p_s3.faa -subject_loc 700-900 -outfmt 7	BLAST query/options error: Invalid from coordinate (greater than sequence length) | Please refer to the BLAST+ user manu
blastp	same-error	multi e2d_p_qabshort.faa e2d_p_s3.faa -query_loc 1001-2500	-query tests/fasta/outfmt0/e2d_p_qabshort.faa -subject tests/fasta/outfmt0/e2d_p_s3.faa -query_loc 1001-2500 -outfmt 7	BLAST engine error: Empty CBlastQueryVector
blastp	same-error	multi e2d_p_qabshort.faa e2d_p_s3.faa -subject_loc 1001-2500	-query tests/fasta/outfmt0/e2d_p_qabshort.faa -subject tests/fasta/outfmt0/e2d_p_s3.faa -subject_loc 1001-2500 -outfmt 7	BLAST query/options error: Invalid from coordinate (greater than sequence length) | Please refer to the BLAST+ user manu
blastp	same-error	multi e2d_p_qabshort.faa e2d_p_s3.faa -query_loc 2001-3000	-query tests/fasta/outfmt0/e2d_p_qabshort.faa -subject tests/fasta/outfmt0/e2d_p_s3.faa -query_loc 2001-3000 -outfmt 7	BLAST engine error: Empty CBlastQueryVector
blastp	same-error	multi e2d_p_qabshort.faa e2d_p_s3.faa -subject_loc 2001-3000	-query tests/fasta/outfmt0/e2d_p_qabshort.faa -subject tests/fasta/outfmt0/e2d_p_s3.faa -subject_loc 2001-3000 -outfmt 7	BLAST query/options error: Invalid from coordinate (greater than sequence length) | Please refer to the BLAST+ user manu
blastp	same-error	multi e2d_p_qabshort.faa e2d_p_s3.faa -query_loc 5000-25000	-query tests/fasta/outfmt0/e2d_p_qabshort.faa -subject tests/fasta/outfmt0/e2d_p_s3.faa -query_loc 5000-25000 -outfmt 7	BLAST engine error: Empty CBlastQueryVector
blastp	same-error	multi e2d_p_qabshort.faa e2d_p_s3.faa -subject_loc 5000-25000	-query tests/fasta/outfmt0/e2d_p_qabshort.faa -subject tests/fasta/outfmt0/e2d_p_s3.faa -subject_loc 5000-25000 -outfmt 7	BLAST query/options error: Invalid from coordinate (greater than sequence length) | Please refer to the BLAST+ user manu
blastp	same-error	multi e2d_p_qabshort.faa e2d_p_s3.faa -query_loc 100-300	-query tests/fasta/outfmt0/e2d_p_qabshort.faa -subject tests/fasta/outfmt0/e2d_p_s3.faa -query_loc 100-300 -outfmt 7	BLAST engine error: Empty CBlastQueryVector
blastp	same	multi e2d_p_qabshort.faa e2d_p_s3.faa -subject_loc 100-300	-query tests/fasta/outfmt0/e2d_p_qabshort.faa -subject tests/fasta/outfmt0/e2d_p_s3.faa -subject_loc 100-300 -outfmt 7	
tblastn	same	multi e2d_p_qmulti.faa e2d_n_sub_multi_t.fa -query_loc 1-300	-query tests/fasta/outfmt0/e2d_p_qmulti.faa -subject tests/fasta/outfmt0/e2d_n_sub_multi_t.fa -query_loc 1-300 -outfmt 0	
tblastn	same	multi e2d_p_qmulti.faa e2d_n_sub_multi_t.fa -subject_loc 1-300	-query tests/fasta/outfmt0/e2d_p_qmulti.faa -subject tests/fasta/outfmt0/e2d_n_sub_multi_t.fa -subject_loc 1-300 -outfmt 0	
tblastn	same	multi e2d_p_qmulti.faa e2d_n_sub_multi_t.fa -query_loc 100-400	-query tests/fasta/outfmt0/e2d_p_qmulti.faa -subject tests/fasta/outfmt0/e2d_n_sub_multi_t.fa -query_loc 100-400 -outfmt 0	
tblastn	same	multi e2d_p_qmulti.faa e2d_n_sub_multi_t.fa -subject_loc 100-400	-query tests/fasta/outfmt0/e2d_p_qmulti.faa -subject tests/fasta/outfmt0/e2d_n_sub_multi_t.fa -subject_loc 100-400 -outfmt 0	
tblastn	same	multi e2d_p_qmulti.faa e2d_n_sub_multi_t.fa -query_loc 301-900	-query tests/fasta/outfmt0/e2d_p_qmulti.faa -subject tests/fasta/outfmt0/e2d_n_sub_multi_t.fa -query_loc 301-900 -outfmt 0	
tblastn	same	multi e2d_p_qmulti.faa e2d_n_sub_multi_t.fa -subject_loc 301-900	-query tests/fasta/outfmt0/e2d_p_qmulti.faa -subject tests/fasta/outfmt0/e2d_n_sub_multi_t.fa -subject_loc 301-900 -outfmt 0	
tblastn	same	multi e2d_p_qmulti.faa e2d_n_sub_multi_t.fa -query_loc 502-1000	-query tests/fasta/outfmt0/e2d_p_qmulti.faa -subject tests/fasta/outfmt0/e2d_n_sub_multi_t.fa -query_loc 502-1000 -outfmt 0	
tblastn	same	multi e2d_p_qmulti.faa e2d_n_sub_multi_t.fa -subject_loc 502-1000	-query tests/fasta/outfmt0/e2d_p_qmulti.faa -subject tests/fasta/outfmt0/e2d_n_sub_multi_t.fa -subject_loc 502-1000 -outfmt 0	
tblastn	same	multi e2d_p_qmulti.faa e2d_n_sub_multi_t.fa -query_loc 600-5000	-query tests/fasta/outfmt0/e2d_p_qmulti.faa -subject tests/fasta/outfmt0/e2d_n_sub_multi_t.fa -query_loc 600-5000 -outfmt 0	
tblastn	same	multi e2d_p_qmulti.faa e2d_n_sub_multi_t.fa -subject_loc 600-5000	-query tests/fasta/outfmt0/e2d_p_qmulti.faa -subject tests/fasta/outfmt0/e2d_n_sub_multi_t.fa -subject_loc 600-5000 -outfmt 0	
tblastn	same	multi e2d_p_qmulti.faa e2d_n_sub_multi_t.fa -query_loc 700-900	-query tests/fasta/outfmt0/e2d_p_qmulti.faa -subject tests/fasta/outfmt0/e2d_n_sub_multi_t.fa -query_loc 700-900 -outfmt 0	
tblastn	same	multi e2d_p_qmulti.faa e2d_n_sub_multi_t.fa -subject_loc 700-900	-query tests/fasta/outfmt0/e2d_p_qmulti.faa -subject tests/fasta/outfmt0/e2d_n_sub_multi_t.fa -subject_loc 700-900 -outfmt 0	
tblastn	same-error	multi e2d_p_qmulti.faa e2d_n_sub_multi_t.fa -query_loc 1001-2500	-query tests/fasta/outfmt0/e2d_p_qmulti.faa -subject tests/fasta/outfmt0/e2d_n_sub_multi_t.fa -query_loc 1001-2500 -outfmt 0	BLAST engine error: Empty CBlastQueryVector
tblastn	same	multi e2d_p_qmulti.faa e2d_n_sub_multi_t.fa -subject_loc 1001-2500	-query tests/fasta/outfmt0/e2d_p_qmulti.faa -subject tests/fasta/outfmt0/e2d_n_sub_multi_t.fa -subject_loc 1001-2500 -outfmt 0	
tblastn	same-error	multi e2d_p_qmulti.faa e2d_n_sub_multi_t.fa -query_loc 2001-3000	-query tests/fasta/outfmt0/e2d_p_qmulti.faa -subject tests/fasta/outfmt0/e2d_n_sub_multi_t.fa -query_loc 2001-3000 -outfmt 0	BLAST engine error: Empty CBlastQueryVector
tblastn	same-error	multi e2d_p_qmulti.faa e2d_n_sub_multi_t.fa -subject_loc 2001-3000	-query tests/fasta/outfmt0/e2d_p_qmulti.faa -subject tests/fasta/outfmt0/e2d_n_sub_multi_t.fa -subject_loc 2001-3000 -outfmt 0	BLAST query/options error: Invalid from coordinate (greater than sequence length) | Please refer to the BLAST+ user manu
tblastn	same-error	multi e2d_p_qmulti.faa e2d_n_sub_multi_t.fa -query_loc 5000-25000	-query tests/fasta/outfmt0/e2d_p_qmulti.faa -subject tests/fasta/outfmt0/e2d_n_sub_multi_t.fa -query_loc 5000-25000 -outfmt 0	BLAST engine error: Empty CBlastQueryVector
tblastn	same-error	multi e2d_p_qmulti.faa e2d_n_sub_multi_t.fa -subject_loc 5000-25000	-query tests/fasta/outfmt0/e2d_p_qmulti.faa -subject tests/fasta/outfmt0/e2d_n_sub_multi_t.fa -subject_loc 5000-25000 -outfmt 0	BLAST query/options error: Invalid from coordinate (greater than sequence length) | Please refer to the BLAST+ user manu
tblastn	same	multi e2d_p_qmulti.faa e2d_n_sub_multi_t.fa -query_loc 100-300	-query tests/fasta/outfmt0/e2d_p_qmulti.faa -subject tests/fasta/outfmt0/e2d_n_sub_multi_t.fa -query_loc 100-300 -outfmt 0	
tblastn	same	multi e2d_p_qmulti.faa e2d_n_sub_multi_t.fa -subject_loc 100-300	-query tests/fasta/outfmt0/e2d_p_qmulti.faa -subject tests/fasta/outfmt0/e2d_n_sub_multi_t.fa -subject_loc 100-300 -outfmt 0	
tblastn	same	multi e2d_p_qmulti.faa e2d_n_sub_multi_t.fa -query_loc 1-300	-query tests/fasta/outfmt0/e2d_p_qmulti.faa -subject tests/fasta/outfmt0/e2d_n_sub_multi_t.fa -query_loc 1-300 -outfmt 6	
tblastn	same	multi e2d_p_qmulti.faa e2d_n_sub_multi_t.fa -subject_loc 1-300	-query tests/fasta/outfmt0/e2d_p_qmulti.faa -subject tests/fasta/outfmt0/e2d_n_sub_multi_t.fa -subject_loc 1-300 -outfmt 6	
tblastn	same	multi e2d_p_qmulti.faa e2d_n_sub_multi_t.fa -query_loc 100-400	-query tests/fasta/outfmt0/e2d_p_qmulti.faa -subject tests/fasta/outfmt0/e2d_n_sub_multi_t.fa -query_loc 100-400 -outfmt 6	
tblastn	same	multi e2d_p_qmulti.faa e2d_n_sub_multi_t.fa -subject_loc 100-400	-query tests/fasta/outfmt0/e2d_p_qmulti.faa -subject tests/fasta/outfmt0/e2d_n_sub_multi_t.fa -subject_loc 100-400 -outfmt 6	
tblastn	same	multi e2d_p_qmulti.faa e2d_n_sub_multi_t.fa -query_loc 301-900	-query tests/fasta/outfmt0/e2d_p_qmulti.faa -subject tests/fasta/outfmt0/e2d_n_sub_multi_t.fa -query_loc 301-900 -outfmt 6	
tblastn	same	multi e2d_p_qmulti.faa e2d_n_sub_multi_t.fa -subject_loc 301-900	-query tests/fasta/outfmt0/e2d_p_qmulti.faa -subject tests/fasta/outfmt0/e2d_n_sub_multi_t.fa -subject_loc 301-900 -outfmt 6	
tblastn	same	multi e2d_p_qmulti.faa e2d_n_sub_multi_t.fa -query_loc 502-1000	-query tests/fasta/outfmt0/e2d_p_qmulti.faa -subject tests/fasta/outfmt0/e2d_n_sub_multi_t.fa -query_loc 502-1000 -outfmt 6	
tblastn	same	multi e2d_p_qmulti.faa e2d_n_sub_multi_t.fa -subject_loc 502-1000	-query tests/fasta/outfmt0/e2d_p_qmulti.faa -subject tests/fasta/outfmt0/e2d_n_sub_multi_t.fa -subject_loc 502-1000 -outfmt 6	
tblastn	same	multi e2d_p_qmulti.faa e2d_n_sub_multi_t.fa -query_loc 600-5000	-query tests/fasta/outfmt0/e2d_p_qmulti.faa -subject tests/fasta/outfmt0/e2d_n_sub_multi_t.fa -query_loc 600-5000 -outfmt 6	
tblastn	same	multi e2d_p_qmulti.faa e2d_n_sub_multi_t.fa -subject_loc 600-5000	-query tests/fasta/outfmt0/e2d_p_qmulti.faa -subject tests/fasta/outfmt0/e2d_n_sub_multi_t.fa -subject_loc 600-5000 -outfmt 6	
tblastn	same	multi e2d_p_qmulti.faa e2d_n_sub_multi_t.fa -query_loc 700-900	-query tests/fasta/outfmt0/e2d_p_qmulti.faa -subject tests/fasta/outfmt0/e2d_n_sub_multi_t.fa -query_loc 700-900 -outfmt 6	
tblastn	same	multi e2d_p_qmulti.faa e2d_n_sub_multi_t.fa -subject_loc 700-900	-query tests/fasta/outfmt0/e2d_p_qmulti.faa -subject tests/fasta/outfmt0/e2d_n_sub_multi_t.fa -subject_loc 700-900 -outfmt 6	
tblastn	same-error	multi e2d_p_qmulti.faa e2d_n_sub_multi_t.fa -query_loc 1001-2500	-query tests/fasta/outfmt0/e2d_p_qmulti.faa -subject tests/fasta/outfmt0/e2d_n_sub_multi_t.fa -query_loc 1001-2500 -outfmt 6	BLAST engine error: Empty CBlastQueryVector
tblastn	same	multi e2d_p_qmulti.faa e2d_n_sub_multi_t.fa -subject_loc 1001-2500	-query tests/fasta/outfmt0/e2d_p_qmulti.faa -subject tests/fasta/outfmt0/e2d_n_sub_multi_t.fa -subject_loc 1001-2500 -outfmt 6	
tblastn	same-error	multi e2d_p_qmulti.faa e2d_n_sub_multi_t.fa -query_loc 2001-3000	-query tests/fasta/outfmt0/e2d_p_qmulti.faa -subject tests/fasta/outfmt0/e2d_n_sub_multi_t.fa -query_loc 2001-3000 -outfmt 6	BLAST engine error: Empty CBlastQueryVector
tblastn	same-error	multi e2d_p_qmulti.faa e2d_n_sub_multi_t.fa -subject_loc 2001-3000	-query tests/fasta/outfmt0/e2d_p_qmulti.faa -subject tests/fasta/outfmt0/e2d_n_sub_multi_t.fa -subject_loc 2001-3000 -outfmt 6	BLAST query/options error: Invalid from coordinate (greater than sequence length) | Please refer to the BLAST+ user manu
tblastn	same-error	multi e2d_p_qmulti.faa e2d_n_sub_multi_t.fa -query_loc 5000-25000	-query tests/fasta/outfmt0/e2d_p_qmulti.faa -subject tests/fasta/outfmt0/e2d_n_sub_multi_t.fa -query_loc 5000-25000 -outfmt 6	BLAST engine error: Empty CBlastQueryVector
tblastn	same-error	multi e2d_p_qmulti.faa e2d_n_sub_multi_t.fa -subject_loc 5000-25000	-query tests/fasta/outfmt0/e2d_p_qmulti.faa -subject tests/fasta/outfmt0/e2d_n_sub_multi_t.fa -subject_loc 5000-25000 -outfmt 6	BLAST query/options error: Invalid from coordinate (greater than sequence length) | Please refer to the BLAST+ user manu
tblastn	same	multi e2d_p_qmulti.faa e2d_n_sub_multi_t.fa -query_loc 100-300	-query tests/fasta/outfmt0/e2d_p_qmulti.faa -subject tests/fasta/outfmt0/e2d_n_sub_multi_t.fa -query_loc 100-300 -outfmt 6	
tblastn	same	multi e2d_p_qmulti.faa e2d_n_sub_multi_t.fa -subject_loc 100-300	-query tests/fasta/outfmt0/e2d_p_qmulti.faa -subject tests/fasta/outfmt0/e2d_n_sub_multi_t.fa -subject_loc 100-300 -outfmt 6	
tblastn	same	multi e2d_p_qmulti.faa e2d_n_sub_multi_t.fa -query_loc 1-300	-query tests/fasta/outfmt0/e2d_p_qmulti.faa -subject tests/fasta/outfmt0/e2d_n_sub_multi_t.fa -query_loc 1-300 -outfmt 7	
tblastn	same	multi e2d_p_qmulti.faa e2d_n_sub_multi_t.fa -subject_loc 1-300	-query tests/fasta/outfmt0/e2d_p_qmulti.faa -subject tests/fasta/outfmt0/e2d_n_sub_multi_t.fa -subject_loc 1-300 -outfmt 7	
tblastn	same	multi e2d_p_qmulti.faa e2d_n_sub_multi_t.fa -query_loc 100-400	-query tests/fasta/outfmt0/e2d_p_qmulti.faa -subject tests/fasta/outfmt0/e2d_n_sub_multi_t.fa -query_loc 100-400 -outfmt 7	
tblastn	same	multi e2d_p_qmulti.faa e2d_n_sub_multi_t.fa -subject_loc 100-400	-query tests/fasta/outfmt0/e2d_p_qmulti.faa -subject tests/fasta/outfmt0/e2d_n_sub_multi_t.fa -subject_loc 100-400 -outfmt 7	
tblastn	same	multi e2d_p_qmulti.faa e2d_n_sub_multi_t.fa -query_loc 301-900	-query tests/fasta/outfmt0/e2d_p_qmulti.faa -subject tests/fasta/outfmt0/e2d_n_sub_multi_t.fa -query_loc 301-900 -outfmt 7	
tblastn	same	multi e2d_p_qmulti.faa e2d_n_sub_multi_t.fa -subject_loc 301-900	-query tests/fasta/outfmt0/e2d_p_qmulti.faa -subject tests/fasta/outfmt0/e2d_n_sub_multi_t.fa -subject_loc 301-900 -outfmt 7	
tblastn	same	multi e2d_p_qmulti.faa e2d_n_sub_multi_t.fa -query_loc 502-1000	-query tests/fasta/outfmt0/e2d_p_qmulti.faa -subject tests/fasta/outfmt0/e2d_n_sub_multi_t.fa -query_loc 502-1000 -outfmt 7	
tblastn	same	multi e2d_p_qmulti.faa e2d_n_sub_multi_t.fa -subject_loc 502-1000	-query tests/fasta/outfmt0/e2d_p_qmulti.faa -subject tests/fasta/outfmt0/e2d_n_sub_multi_t.fa -subject_loc 502-1000 -outfmt 7	
tblastn	same	multi e2d_p_qmulti.faa e2d_n_sub_multi_t.fa -query_loc 600-5000	-query tests/fasta/outfmt0/e2d_p_qmulti.faa -subject tests/fasta/outfmt0/e2d_n_sub_multi_t.fa -query_loc 600-5000 -outfmt 7	
tblastn	same	multi e2d_p_qmulti.faa e2d_n_sub_multi_t.fa -subject_loc 600-5000	-query tests/fasta/outfmt0/e2d_p_qmulti.faa -subject tests/fasta/outfmt0/e2d_n_sub_multi_t.fa -subject_loc 600-5000 -outfmt 7	
tblastn	same	multi e2d_p_qmulti.faa e2d_n_sub_multi_t.fa -query_loc 700-900	-query tests/fasta/outfmt0/e2d_p_qmulti.faa -subject tests/fasta/outfmt0/e2d_n_sub_multi_t.fa -query_loc 700-900 -outfmt 7	
tblastn	same	multi e2d_p_qmulti.faa e2d_n_sub_multi_t.fa -subject_loc 700-900	-query tests/fasta/outfmt0/e2d_p_qmulti.faa -subject tests/fasta/outfmt0/e2d_n_sub_multi_t.fa -subject_loc 700-900 -outfmt 7	
tblastn	same-error	multi e2d_p_qmulti.faa e2d_n_sub_multi_t.fa -query_loc 1001-2500	-query tests/fasta/outfmt0/e2d_p_qmulti.faa -subject tests/fasta/outfmt0/e2d_n_sub_multi_t.fa -query_loc 1001-2500 -outfmt 7	BLAST engine error: Empty CBlastQueryVector
tblastn	same	multi e2d_p_qmulti.faa e2d_n_sub_multi_t.fa -subject_loc 1001-2500	-query tests/fasta/outfmt0/e2d_p_qmulti.faa -subject tests/fasta/outfmt0/e2d_n_sub_multi_t.fa -subject_loc 1001-2500 -outfmt 7	
tblastn	same-error	multi e2d_p_qmulti.faa e2d_n_sub_multi_t.fa -query_loc 2001-3000	-query tests/fasta/outfmt0/e2d_p_qmulti.faa -subject tests/fasta/outfmt0/e2d_n_sub_multi_t.fa -query_loc 2001-3000 -outfmt 7	BLAST engine error: Empty CBlastQueryVector
tblastn	same-error	multi e2d_p_qmulti.faa e2d_n_sub_multi_t.fa -subject_loc 2001-3000	-query tests/fasta/outfmt0/e2d_p_qmulti.faa -subject tests/fasta/outfmt0/e2d_n_sub_multi_t.fa -subject_loc 2001-3000 -outfmt 7	BLAST query/options error: Invalid from coordinate (greater than sequence length) | Please refer to the BLAST+ user manu
tblastn	same-error	multi e2d_p_qmulti.faa e2d_n_sub_multi_t.fa -query_loc 5000-25000	-query tests/fasta/outfmt0/e2d_p_qmulti.faa -subject tests/fasta/outfmt0/e2d_n_sub_multi_t.fa -query_loc 5000-25000 -outfmt 7	BLAST engine error: Empty CBlastQueryVector
tblastn	same-error	multi e2d_p_qmulti.faa e2d_n_sub_multi_t.fa -subject_loc 5000-25000	-query tests/fasta/outfmt0/e2d_p_qmulti.faa -subject tests/fasta/outfmt0/e2d_n_sub_multi_t.fa -subject_loc 5000-25000 -outfmt 7	BLAST query/options error: Invalid from coordinate (greater than sequence length) | Please refer to the BLAST+ user manu
tblastn	same	multi e2d_p_qmulti.faa e2d_n_sub_multi_t.fa -query_loc 100-300	-query tests/fasta/outfmt0/e2d_p_qmulti.faa -subject tests/fasta/outfmt0/e2d_n_sub_multi_t.fa -query_loc 100-300 -outfmt 7	
tblastn	same	multi e2d_p_qmulti.faa e2d_n_sub_multi_t.fa -subject_loc 100-300	-query tests/fasta/outfmt0/e2d_p_qmulti.faa -subject tests/fasta/outfmt0/e2d_n_sub_multi_t.fa -subject_loc 100-300 -outfmt 7	
tblastn	same	multi e2d_t_qabshort.faa e2d_n_sub8k.fa -query_loc 1-300	-query tests/fasta/outfmt0/e2d_t_qabshort.faa -subject tests/fasta/outfmt0/e2d_n_sub8k.fa -query_loc 1-300 -outfmt 0	
tblastn	same	multi e2d_t_qabshort.faa e2d_n_sub8k.fa -subject_loc 1-300	-query tests/fasta/outfmt0/e2d_t_qabshort.faa -subject tests/fasta/outfmt0/e2d_n_sub8k.fa -subject_loc 1-300 -outfmt 0	
tblastn	same-error	multi e2d_t_qabshort.faa e2d_n_sub8k.fa -query_loc 100-400	-query tests/fasta/outfmt0/e2d_t_qabshort.faa -subject tests/fasta/outfmt0/e2d_n_sub8k.fa -query_loc 100-400 -outfmt 0	BLAST engine error: Empty CBlastQueryVector
tblastn	same	multi e2d_t_qabshort.faa e2d_n_sub8k.fa -subject_loc 100-400	-query tests/fasta/outfmt0/e2d_t_qabshort.faa -subject tests/fasta/outfmt0/e2d_n_sub8k.fa -subject_loc 100-400 -outfmt 0	
tblastn	same-error	multi e2d_t_qabshort.faa e2d_n_sub8k.fa -query_loc 301-900	-query tests/fasta/outfmt0/e2d_t_qabshort.faa -subject tests/fasta/outfmt0/e2d_n_sub8k.fa -query_loc 301-900 -outfmt 0	BLAST engine error: Empty CBlastQueryVector
tblastn	same	multi e2d_t_qabshort.faa e2d_n_sub8k.fa -subject_loc 301-900	-query tests/fasta/outfmt0/e2d_t_qabshort.faa -subject tests/fasta/outfmt0/e2d_n_sub8k.fa -subject_loc 301-900 -outfmt 0	
tblastn	same-error	multi e2d_t_qabshort.faa e2d_n_sub8k.fa -query_loc 502-1000	-query tests/fasta/outfmt0/e2d_t_qabshort.faa -subject tests/fasta/outfmt0/e2d_n_sub8k.fa -query_loc 502-1000 -outfmt 0	BLAST engine error: Empty CBlastQueryVector
tblastn	same	multi e2d_t_qabshort.faa e2d_n_sub8k.fa -subject_loc 502-1000	-query tests/fasta/outfmt0/e2d_t_qabshort.faa -subject tests/fasta/outfmt0/e2d_n_sub8k.fa -subject_loc 502-1000 -outfmt 0	
tblastn	same-error	multi e2d_t_qabshort.faa e2d_n_sub8k.fa -query_loc 600-5000	-query tests/fasta/outfmt0/e2d_t_qabshort.faa -subject tests/fasta/outfmt0/e2d_n_sub8k.fa -query_loc 600-5000 -outfmt 0	BLAST engine error: Empty CBlastQueryVector
tblastn	same	multi e2d_t_qabshort.faa e2d_n_sub8k.fa -subject_loc 600-5000	-query tests/fasta/outfmt0/e2d_t_qabshort.faa -subject tests/fasta/outfmt0/e2d_n_sub8k.fa -subject_loc 600-5000 -outfmt 0	
tblastn	same-error	multi e2d_t_qabshort.faa e2d_n_sub8k.fa -query_loc 700-900	-query tests/fasta/outfmt0/e2d_t_qabshort.faa -subject tests/fasta/outfmt0/e2d_n_sub8k.fa -query_loc 700-900 -outfmt 0	BLAST engine error: Empty CBlastQueryVector
tblastn	same	multi e2d_t_qabshort.faa e2d_n_sub8k.fa -subject_loc 700-900	-query tests/fasta/outfmt0/e2d_t_qabshort.faa -subject tests/fasta/outfmt0/e2d_n_sub8k.fa -subject_loc 700-900 -outfmt 0	
tblastn	same-error	multi e2d_t_qabshort.faa e2d_n_sub8k.fa -query_loc 1001-2500	-query tests/fasta/outfmt0/e2d_t_qabshort.faa -subject tests/fasta/outfmt0/e2d_n_sub8k.fa -query_loc 1001-2500 -outfmt 0	BLAST engine error: Empty CBlastQueryVector
tblastn	same	multi e2d_t_qabshort.faa e2d_n_sub8k.fa -subject_loc 1001-2500	-query tests/fasta/outfmt0/e2d_t_qabshort.faa -subject tests/fasta/outfmt0/e2d_n_sub8k.fa -subject_loc 1001-2500 -outfmt 0	
tblastn	same-error	multi e2d_t_qabshort.faa e2d_n_sub8k.fa -query_loc 2001-3000	-query tests/fasta/outfmt0/e2d_t_qabshort.faa -subject tests/fasta/outfmt0/e2d_n_sub8k.fa -query_loc 2001-3000 -outfmt 0	BLAST engine error: Empty CBlastQueryVector
tblastn	same	multi e2d_t_qabshort.faa e2d_n_sub8k.fa -subject_loc 2001-3000	-query tests/fasta/outfmt0/e2d_t_qabshort.faa -subject tests/fasta/outfmt0/e2d_n_sub8k.fa -subject_loc 2001-3000 -outfmt 0	
tblastn	same-error	multi e2d_t_qabshort.faa e2d_n_sub8k.fa -query_loc 5000-25000	-query tests/fasta/outfmt0/e2d_t_qabshort.faa -subject tests/fasta/outfmt0/e2d_n_sub8k.fa -query_loc 5000-25000 -outfmt 0	BLAST engine error: Empty CBlastQueryVector
tblastn	same	multi e2d_t_qabshort.faa e2d_n_sub8k.fa -subject_loc 5000-25000	-query tests/fasta/outfmt0/e2d_t_qabshort.faa -subject tests/fasta/outfmt0/e2d_n_sub8k.fa -subject_loc 5000-25000 -outfmt 0	
tblastn	same-error	multi e2d_t_qabshort.faa e2d_n_sub8k.fa -query_loc 100-300	-query tests/fasta/outfmt0/e2d_t_qabshort.faa -subject tests/fasta/outfmt0/e2d_n_sub8k.fa -query_loc 100-300 -outfmt 0	BLAST engine error: Empty CBlastQueryVector
tblastn	same	multi e2d_t_qabshort.faa e2d_n_sub8k.fa -subject_loc 100-300	-query tests/fasta/outfmt0/e2d_t_qabshort.faa -subject tests/fasta/outfmt0/e2d_n_sub8k.fa -subject_loc 100-300 -outfmt 0	
tblastn	same	multi e2d_t_qabshort.faa e2d_n_sub8k.fa -query_loc 1-300	-query tests/fasta/outfmt0/e2d_t_qabshort.faa -subject tests/fasta/outfmt0/e2d_n_sub8k.fa -query_loc 1-300 -outfmt 6	
tblastn	same	multi e2d_t_qabshort.faa e2d_n_sub8k.fa -subject_loc 1-300	-query tests/fasta/outfmt0/e2d_t_qabshort.faa -subject tests/fasta/outfmt0/e2d_n_sub8k.fa -subject_loc 1-300 -outfmt 6	
tblastn	same-error	multi e2d_t_qabshort.faa e2d_n_sub8k.fa -query_loc 100-400	-query tests/fasta/outfmt0/e2d_t_qabshort.faa -subject tests/fasta/outfmt0/e2d_n_sub8k.fa -query_loc 100-400 -outfmt 6	BLAST engine error: Empty CBlastQueryVector
tblastn	same	multi e2d_t_qabshort.faa e2d_n_sub8k.fa -subject_loc 100-400	-query tests/fasta/outfmt0/e2d_t_qabshort.faa -subject tests/fasta/outfmt0/e2d_n_sub8k.fa -subject_loc 100-400 -outfmt 6	
tblastn	same-error	multi e2d_t_qabshort.faa e2d_n_sub8k.fa -query_loc 301-900	-query tests/fasta/outfmt0/e2d_t_qabshort.faa -subject tests/fasta/outfmt0/e2d_n_sub8k.fa -query_loc 301-900 -outfmt 6	BLAST engine error: Empty CBlastQueryVector
tblastn	same	multi e2d_t_qabshort.faa e2d_n_sub8k.fa -subject_loc 301-900	-query tests/fasta/outfmt0/e2d_t_qabshort.faa -subject tests/fasta/outfmt0/e2d_n_sub8k.fa -subject_loc 301-900 -outfmt 6	
tblastn	same-error	multi e2d_t_qabshort.faa e2d_n_sub8k.fa -query_loc 502-1000	-query tests/fasta/outfmt0/e2d_t_qabshort.faa -subject tests/fasta/outfmt0/e2d_n_sub8k.fa -query_loc 502-1000 -outfmt 6	BLAST engine error: Empty CBlastQueryVector
tblastn	same	multi e2d_t_qabshort.faa e2d_n_sub8k.fa -subject_loc 502-1000	-query tests/fasta/outfmt0/e2d_t_qabshort.faa -subject tests/fasta/outfmt0/e2d_n_sub8k.fa -subject_loc 502-1000 -outfmt 6	
tblastn	same-error	multi e2d_t_qabshort.faa e2d_n_sub8k.fa -query_loc 600-5000	-query tests/fasta/outfmt0/e2d_t_qabshort.faa -subject tests/fasta/outfmt0/e2d_n_sub8k.fa -query_loc 600-5000 -outfmt 6	BLAST engine error: Empty CBlastQueryVector
tblastn	same	multi e2d_t_qabshort.faa e2d_n_sub8k.fa -subject_loc 600-5000	-query tests/fasta/outfmt0/e2d_t_qabshort.faa -subject tests/fasta/outfmt0/e2d_n_sub8k.fa -subject_loc 600-5000 -outfmt 6	
tblastn	same-error	multi e2d_t_qabshort.faa e2d_n_sub8k.fa -query_loc 700-900	-query tests/fasta/outfmt0/e2d_t_qabshort.faa -subject tests/fasta/outfmt0/e2d_n_sub8k.fa -query_loc 700-900 -outfmt 6	BLAST engine error: Empty CBlastQueryVector
tblastn	same	multi e2d_t_qabshort.faa e2d_n_sub8k.fa -subject_loc 700-900	-query tests/fasta/outfmt0/e2d_t_qabshort.faa -subject tests/fasta/outfmt0/e2d_n_sub8k.fa -subject_loc 700-900 -outfmt 6	
tblastn	same-error	multi e2d_t_qabshort.faa e2d_n_sub8k.fa -query_loc 1001-2500	-query tests/fasta/outfmt0/e2d_t_qabshort.faa -subject tests/fasta/outfmt0/e2d_n_sub8k.fa -query_loc 1001-2500 -outfmt 6	BLAST engine error: Empty CBlastQueryVector
tblastn	same	multi e2d_t_qabshort.faa e2d_n_sub8k.fa -subject_loc 1001-2500	-query tests/fasta/outfmt0/e2d_t_qabshort.faa -subject tests/fasta/outfmt0/e2d_n_sub8k.fa -subject_loc 1001-2500 -outfmt 6	
tblastn	same-error	multi e2d_t_qabshort.faa e2d_n_sub8k.fa -query_loc 2001-3000	-query tests/fasta/outfmt0/e2d_t_qabshort.faa -subject tests/fasta/outfmt0/e2d_n_sub8k.fa -query_loc 2001-3000 -outfmt 6	BLAST engine error: Empty CBlastQueryVector
tblastn	same	multi e2d_t_qabshort.faa e2d_n_sub8k.fa -subject_loc 2001-3000	-query tests/fasta/outfmt0/e2d_t_qabshort.faa -subject tests/fasta/outfmt0/e2d_n_sub8k.fa -subject_loc 2001-3000 -outfmt 6	
tblastn	same-error	multi e2d_t_qabshort.faa e2d_n_sub8k.fa -query_loc 5000-25000	-query tests/fasta/outfmt0/e2d_t_qabshort.faa -subject tests/fasta/outfmt0/e2d_n_sub8k.fa -query_loc 5000-25000 -outfmt 6	BLAST engine error: Empty CBlastQueryVector
tblastn	same	multi e2d_t_qabshort.faa e2d_n_sub8k.fa -subject_loc 5000-25000	-query tests/fasta/outfmt0/e2d_t_qabshort.faa -subject tests/fasta/outfmt0/e2d_n_sub8k.fa -subject_loc 5000-25000 -outfmt 6	
tblastn	same-error	multi e2d_t_qabshort.faa e2d_n_sub8k.fa -query_loc 100-300	-query tests/fasta/outfmt0/e2d_t_qabshort.faa -subject tests/fasta/outfmt0/e2d_n_sub8k.fa -query_loc 100-300 -outfmt 6	BLAST engine error: Empty CBlastQueryVector
tblastn	same	multi e2d_t_qabshort.faa e2d_n_sub8k.fa -subject_loc 100-300	-query tests/fasta/outfmt0/e2d_t_qabshort.faa -subject tests/fasta/outfmt0/e2d_n_sub8k.fa -subject_loc 100-300 -outfmt 6	
tblastn	same	multi e2d_t_qabshort.faa e2d_n_sub8k.fa -query_loc 1-300	-query tests/fasta/outfmt0/e2d_t_qabshort.faa -subject tests/fasta/outfmt0/e2d_n_sub8k.fa -query_loc 1-300 -outfmt 7	
tblastn	same	multi e2d_t_qabshort.faa e2d_n_sub8k.fa -subject_loc 1-300	-query tests/fasta/outfmt0/e2d_t_qabshort.faa -subject tests/fasta/outfmt0/e2d_n_sub8k.fa -subject_loc 1-300 -outfmt 7	
tblastn	same-error	multi e2d_t_qabshort.faa e2d_n_sub8k.fa -query_loc 100-400	-query tests/fasta/outfmt0/e2d_t_qabshort.faa -subject tests/fasta/outfmt0/e2d_n_sub8k.fa -query_loc 100-400 -outfmt 7	BLAST engine error: Empty CBlastQueryVector
tblastn	same	multi e2d_t_qabshort.faa e2d_n_sub8k.fa -subject_loc 100-400	-query tests/fasta/outfmt0/e2d_t_qabshort.faa -subject tests/fasta/outfmt0/e2d_n_sub8k.fa -subject_loc 100-400 -outfmt 7	
tblastn	same-error	multi e2d_t_qabshort.faa e2d_n_sub8k.fa -query_loc 301-900	-query tests/fasta/outfmt0/e2d_t_qabshort.faa -subject tests/fasta/outfmt0/e2d_n_sub8k.fa -query_loc 301-900 -outfmt 7	BLAST engine error: Empty CBlastQueryVector
tblastn	same	multi e2d_t_qabshort.faa e2d_n_sub8k.fa -subject_loc 301-900	-query tests/fasta/outfmt0/e2d_t_qabshort.faa -subject tests/fasta/outfmt0/e2d_n_sub8k.fa -subject_loc 301-900 -outfmt 7	
tblastn	same-error	multi e2d_t_qabshort.faa e2d_n_sub8k.fa -query_loc 502-1000	-query tests/fasta/outfmt0/e2d_t_qabshort.faa -subject tests/fasta/outfmt0/e2d_n_sub8k.fa -query_loc 502-1000 -outfmt 7	BLAST engine error: Empty CBlastQueryVector
tblastn	same	multi e2d_t_qabshort.faa e2d_n_sub8k.fa -subject_loc 502-1000	-query tests/fasta/outfmt0/e2d_t_qabshort.faa -subject tests/fasta/outfmt0/e2d_n_sub8k.fa -subject_loc 502-1000 -outfmt 7	
tblastn	same-error	multi e2d_t_qabshort.faa e2d_n_sub8k.fa -query_loc 600-5000	-query tests/fasta/outfmt0/e2d_t_qabshort.faa -subject tests/fasta/outfmt0/e2d_n_sub8k.fa -query_loc 600-5000 -outfmt 7	BLAST engine error: Empty CBlastQueryVector
tblastn	same	multi e2d_t_qabshort.faa e2d_n_sub8k.fa -subject_loc 600-5000	-query tests/fasta/outfmt0/e2d_t_qabshort.faa -subject tests/fasta/outfmt0/e2d_n_sub8k.fa -subject_loc 600-5000 -outfmt 7	
tblastn	same-error	multi e2d_t_qabshort.faa e2d_n_sub8k.fa -query_loc 700-900	-query tests/fasta/outfmt0/e2d_t_qabshort.faa -subject tests/fasta/outfmt0/e2d_n_sub8k.fa -query_loc 700-900 -outfmt 7	BLAST engine error: Empty CBlastQueryVector
tblastn	same	multi e2d_t_qabshort.faa e2d_n_sub8k.fa -subject_loc 700-900	-query tests/fasta/outfmt0/e2d_t_qabshort.faa -subject tests/fasta/outfmt0/e2d_n_sub8k.fa -subject_loc 700-900 -outfmt 7	
tblastn	same-error	multi e2d_t_qabshort.faa e2d_n_sub8k.fa -query_loc 1001-2500	-query tests/fasta/outfmt0/e2d_t_qabshort.faa -subject tests/fasta/outfmt0/e2d_n_sub8k.fa -query_loc 1001-2500 -outfmt 7	BLAST engine error: Empty CBlastQueryVector
tblastn	same	multi e2d_t_qabshort.faa e2d_n_sub8k.fa -subject_loc 1001-2500	-query tests/fasta/outfmt0/e2d_t_qabshort.faa -subject tests/fasta/outfmt0/e2d_n_sub8k.fa -subject_loc 1001-2500 -outfmt 7	
tblastn	same-error	multi e2d_t_qabshort.faa e2d_n_sub8k.fa -query_loc 2001-3000	-query tests/fasta/outfmt0/e2d_t_qabshort.faa -subject tests/fasta/outfmt0/e2d_n_sub8k.fa -query_loc 2001-3000 -outfmt 7	BLAST engine error: Empty CBlastQueryVector
tblastn	same	multi e2d_t_qabshort.faa e2d_n_sub8k.fa -subject_loc 2001-3000	-query tests/fasta/outfmt0/e2d_t_qabshort.faa -subject tests/fasta/outfmt0/e2d_n_sub8k.fa -subject_loc 2001-3000 -outfmt 7	
tblastn	same-error	multi e2d_t_qabshort.faa e2d_n_sub8k.fa -query_loc 5000-25000	-query tests/fasta/outfmt0/e2d_t_qabshort.faa -subject tests/fasta/outfmt0/e2d_n_sub8k.fa -query_loc 5000-25000 -outfmt 7	BLAST engine error: Empty CBlastQueryVector
tblastn	same	multi e2d_t_qabshort.faa e2d_n_sub8k.fa -subject_loc 5000-25000	-query tests/fasta/outfmt0/e2d_t_qabshort.faa -subject tests/fasta/outfmt0/e2d_n_sub8k.fa -subject_loc 5000-25000 -outfmt 7	
tblastn	same-error	multi e2d_t_qabshort.faa e2d_n_sub8k.fa -query_loc 100-300	-query tests/fasta/outfmt0/e2d_t_qabshort.faa -subject tests/fasta/outfmt0/e2d_n_sub8k.fa -query_loc 100-300 -outfmt 7	BLAST engine error: Empty CBlastQueryVector
tblastn	same	multi e2d_t_qabshort.faa e2d_n_sub8k.fa -subject_loc 100-300	-query tests/fasta/outfmt0/e2d_t_qabshort.faa -subject tests/fasta/outfmt0/e2d_n_sub8k.fa -subject_loc 100-300 -outfmt 7	
tblastx	same	multi e2d_x_ab15.fa e2d_n_s_plus.fa -query_loc 1-300	-query tests/fasta/outfmt0/e2d_x_ab15.fa -subject tests/fasta/outfmt0/e2d_n_s_plus.fa -query_loc 1-300 -outfmt 0	
tblastx	same	multi e2d_x_ab15.fa e2d_n_s_plus.fa -subject_loc 1-300	-query tests/fasta/outfmt0/e2d_x_ab15.fa -subject tests/fasta/outfmt0/e2d_n_s_plus.fa -subject_loc 1-300 -outfmt 0	
tblastx	same	multi e2d_x_ab15.fa e2d_n_s_plus.fa -query_loc 100-400	-query tests/fasta/outfmt0/e2d_x_ab15.fa -subject tests/fasta/outfmt0/e2d_n_s_plus.fa -query_loc 100-400 -outfmt 0	
tblastx	same	multi e2d_x_ab15.fa e2d_n_s_plus.fa -subject_loc 100-400	-query tests/fasta/outfmt0/e2d_x_ab15.fa -subject tests/fasta/outfmt0/e2d_n_s_plus.fa -subject_loc 100-400 -outfmt 0	
tblastx	same	multi e2d_x_ab15.fa e2d_n_s_plus.fa -query_loc 301-900	-query tests/fasta/outfmt0/e2d_x_ab15.fa -subject tests/fasta/outfmt0/e2d_n_s_plus.fa -query_loc 301-900 -outfmt 0	
tblastx	same	multi e2d_x_ab15.fa e2d_n_s_plus.fa -subject_loc 301-900	-query tests/fasta/outfmt0/e2d_x_ab15.fa -subject tests/fasta/outfmt0/e2d_n_s_plus.fa -subject_loc 301-900 -outfmt 0	
tblastx	same-error	multi e2d_x_ab15.fa e2d_n_s_plus.fa -query_loc 502-1000	-query tests/fasta/outfmt0/e2d_x_ab15.fa -subject tests/fasta/outfmt0/e2d_n_s_plus.fa -query_loc 502-1000 -outfmt 0	BLAST engine error: Empty CBlastQueryVector
tblastx	same	multi e2d_x_ab15.fa e2d_n_s_plus.fa -subject_loc 502-1000	-query tests/fasta/outfmt0/e2d_x_ab15.fa -subject tests/fasta/outfmt0/e2d_n_s_plus.fa -subject_loc 502-1000 -outfmt 0	
tblastx	same-error	multi e2d_x_ab15.fa e2d_n_s_plus.fa -query_loc 600-5000	-query tests/fasta/outfmt0/e2d_x_ab15.fa -subject tests/fasta/outfmt0/e2d_n_s_plus.fa -query_loc 600-5000 -outfmt 0	BLAST engine error: Empty CBlastQueryVector
tblastx	same	multi e2d_x_ab15.fa e2d_n_s_plus.fa -subject_loc 600-5000	-query tests/fasta/outfmt0/e2d_x_ab15.fa -subject tests/fasta/outfmt0/e2d_n_s_plus.fa -subject_loc 600-5000 -outfmt 0	
tblastx	same-error	multi e2d_x_ab15.fa e2d_n_s_plus.fa -query_loc 700-900	-query tests/fasta/outfmt0/e2d_x_ab15.fa -subject tests/fasta/outfmt0/e2d_n_s_plus.fa -query_loc 700-900 -outfmt 0	BLAST engine error: Empty CBlastQueryVector
tblastx	same	multi e2d_x_ab15.fa e2d_n_s_plus.fa -subject_loc 700-900	-query tests/fasta/outfmt0/e2d_x_ab15.fa -subject tests/fasta/outfmt0/e2d_n_s_plus.fa -subject_loc 700-900 -outfmt 0	
tblastx	same-error	multi e2d_x_ab15.fa e2d_n_s_plus.fa -query_loc 1001-2500	-query tests/fasta/outfmt0/e2d_x_ab15.fa -subject tests/fasta/outfmt0/e2d_n_s_plus.fa -query_loc 1001-2500 -outfmt 0	BLAST engine error: Empty CBlastQueryVector
tblastx	same	multi e2d_x_ab15.fa e2d_n_s_plus.fa -subject_loc 1001-2500	-query tests/fasta/outfmt0/e2d_x_ab15.fa -subject tests/fasta/outfmt0/e2d_n_s_plus.fa -subject_loc 1001-2500 -outfmt 0	
tblastx	same-error	multi e2d_x_ab15.fa e2d_n_s_plus.fa -query_loc 2001-3000	-query tests/fasta/outfmt0/e2d_x_ab15.fa -subject tests/fasta/outfmt0/e2d_n_s_plus.fa -query_loc 2001-3000 -outfmt 0	BLAST engine error: Empty CBlastQueryVector
tblastx	same	multi e2d_x_ab15.fa e2d_n_s_plus.fa -subject_loc 2001-3000	-query tests/fasta/outfmt0/e2d_x_ab15.fa -subject tests/fasta/outfmt0/e2d_n_s_plus.fa -subject_loc 2001-3000 -outfmt 0	
tblastx	same-error	multi e2d_x_ab15.fa e2d_n_s_plus.fa -query_loc 5000-25000	-query tests/fasta/outfmt0/e2d_x_ab15.fa -subject tests/fasta/outfmt0/e2d_n_s_plus.fa -query_loc 5000-25000 -outfmt 0	BLAST engine error: Empty CBlastQueryVector
tblastx	same	multi e2d_x_ab15.fa e2d_n_s_plus.fa -subject_loc 5000-25000	-query tests/fasta/outfmt0/e2d_x_ab15.fa -subject tests/fasta/outfmt0/e2d_n_s_plus.fa -subject_loc 5000-25000 -outfmt 0	
tblastx	same	multi e2d_x_ab15.fa e2d_n_s_plus.fa -query_loc 100-300	-query tests/fasta/outfmt0/e2d_x_ab15.fa -subject tests/fasta/outfmt0/e2d_n_s_plus.fa -query_loc 100-300 -outfmt 0	
tblastx	same	multi e2d_x_ab15.fa e2d_n_s_plus.fa -subject_loc 100-300	-query tests/fasta/outfmt0/e2d_x_ab15.fa -subject tests/fasta/outfmt0/e2d_n_s_plus.fa -subject_loc 100-300 -outfmt 0	
tblastx	same	multi e2d_x_ab15.fa e2d_n_s_plus.fa -query_loc 1-300	-query tests/fasta/outfmt0/e2d_x_ab15.fa -subject tests/fasta/outfmt0/e2d_n_s_plus.fa -query_loc 1-300 -outfmt 6	
tblastx	same	multi e2d_x_ab15.fa e2d_n_s_plus.fa -subject_loc 1-300	-query tests/fasta/outfmt0/e2d_x_ab15.fa -subject tests/fasta/outfmt0/e2d_n_s_plus.fa -subject_loc 1-300 -outfmt 6	
tblastx	same	multi e2d_x_ab15.fa e2d_n_s_plus.fa -query_loc 100-400	-query tests/fasta/outfmt0/e2d_x_ab15.fa -subject tests/fasta/outfmt0/e2d_n_s_plus.fa -query_loc 100-400 -outfmt 6	
tblastx	same	multi e2d_x_ab15.fa e2d_n_s_plus.fa -subject_loc 100-400	-query tests/fasta/outfmt0/e2d_x_ab15.fa -subject tests/fasta/outfmt0/e2d_n_s_plus.fa -subject_loc 100-400 -outfmt 6	
tblastx	same	multi e2d_x_ab15.fa e2d_n_s_plus.fa -query_loc 301-900	-query tests/fasta/outfmt0/e2d_x_ab15.fa -subject tests/fasta/outfmt0/e2d_n_s_plus.fa -query_loc 301-900 -outfmt 6	
tblastx	same	multi e2d_x_ab15.fa e2d_n_s_plus.fa -subject_loc 301-900	-query tests/fasta/outfmt0/e2d_x_ab15.fa -subject tests/fasta/outfmt0/e2d_n_s_plus.fa -subject_loc 301-900 -outfmt 6	
tblastx	same-error	multi e2d_x_ab15.fa e2d_n_s_plus.fa -query_loc 502-1000	-query tests/fasta/outfmt0/e2d_x_ab15.fa -subject tests/fasta/outfmt0/e2d_n_s_plus.fa -query_loc 502-1000 -outfmt 6	BLAST engine error: Empty CBlastQueryVector
tblastx	same	multi e2d_x_ab15.fa e2d_n_s_plus.fa -subject_loc 502-1000	-query tests/fasta/outfmt0/e2d_x_ab15.fa -subject tests/fasta/outfmt0/e2d_n_s_plus.fa -subject_loc 502-1000 -outfmt 6	
tblastx	same-error	multi e2d_x_ab15.fa e2d_n_s_plus.fa -query_loc 600-5000	-query tests/fasta/outfmt0/e2d_x_ab15.fa -subject tests/fasta/outfmt0/e2d_n_s_plus.fa -query_loc 600-5000 -outfmt 6	BLAST engine error: Empty CBlastQueryVector
tblastx	same	multi e2d_x_ab15.fa e2d_n_s_plus.fa -subject_loc 600-5000	-query tests/fasta/outfmt0/e2d_x_ab15.fa -subject tests/fasta/outfmt0/e2d_n_s_plus.fa -subject_loc 600-5000 -outfmt 6	
tblastx	same-error	multi e2d_x_ab15.fa e2d_n_s_plus.fa -query_loc 700-900	-query tests/fasta/outfmt0/e2d_x_ab15.fa -subject tests/fasta/outfmt0/e2d_n_s_plus.fa -query_loc 700-900 -outfmt 6	BLAST engine error: Empty CBlastQueryVector
tblastx	same	multi e2d_x_ab15.fa e2d_n_s_plus.fa -subject_loc 700-900	-query tests/fasta/outfmt0/e2d_x_ab15.fa -subject tests/fasta/outfmt0/e2d_n_s_plus.fa -subject_loc 700-900 -outfmt 6	
tblastx	same-error	multi e2d_x_ab15.fa e2d_n_s_plus.fa -query_loc 1001-2500	-query tests/fasta/outfmt0/e2d_x_ab15.fa -subject tests/fasta/outfmt0/e2d_n_s_plus.fa -query_loc 1001-2500 -outfmt 6	BLAST engine error: Empty CBlastQueryVector
tblastx	same	multi e2d_x_ab15.fa e2d_n_s_plus.fa -subject_loc 1001-2500	-query tests/fasta/outfmt0/e2d_x_ab15.fa -subject tests/fasta/outfmt0/e2d_n_s_plus.fa -subject_loc 1001-2500 -outfmt 6	
tblastx	same-error	multi e2d_x_ab15.fa e2d_n_s_plus.fa -query_loc 2001-3000	-query tests/fasta/outfmt0/e2d_x_ab15.fa -subject tests/fasta/outfmt0/e2d_n_s_plus.fa -query_loc 2001-3000 -outfmt 6	BLAST engine error: Empty CBlastQueryVector
tblastx	same	multi e2d_x_ab15.fa e2d_n_s_plus.fa -subject_loc 2001-3000	-query tests/fasta/outfmt0/e2d_x_ab15.fa -subject tests/fasta/outfmt0/e2d_n_s_plus.fa -subject_loc 2001-3000 -outfmt 6	
tblastx	same-error	multi e2d_x_ab15.fa e2d_n_s_plus.fa -query_loc 5000-25000	-query tests/fasta/outfmt0/e2d_x_ab15.fa -subject tests/fasta/outfmt0/e2d_n_s_plus.fa -query_loc 5000-25000 -outfmt 6	BLAST engine error: Empty CBlastQueryVector
tblastx	same	multi e2d_x_ab15.fa e2d_n_s_plus.fa -subject_loc 5000-25000	-query tests/fasta/outfmt0/e2d_x_ab15.fa -subject tests/fasta/outfmt0/e2d_n_s_plus.fa -subject_loc 5000-25000 -outfmt 6	
tblastx	same	multi e2d_x_ab15.fa e2d_n_s_plus.fa -query_loc 100-300	-query tests/fasta/outfmt0/e2d_x_ab15.fa -subject tests/fasta/outfmt0/e2d_n_s_plus.fa -query_loc 100-300 -outfmt 6	
tblastx	same	multi e2d_x_ab15.fa e2d_n_s_plus.fa -subject_loc 100-300	-query tests/fasta/outfmt0/e2d_x_ab15.fa -subject tests/fasta/outfmt0/e2d_n_s_plus.fa -subject_loc 100-300 -outfmt 6	
tblastx	same	multi e2d_x_ab15.fa e2d_n_s_plus.fa -query_loc 1-300	-query tests/fasta/outfmt0/e2d_x_ab15.fa -subject tests/fasta/outfmt0/e2d_n_s_plus.fa -query_loc 1-300 -outfmt 7	
tblastx	same	multi e2d_x_ab15.fa e2d_n_s_plus.fa -subject_loc 1-300	-query tests/fasta/outfmt0/e2d_x_ab15.fa -subject tests/fasta/outfmt0/e2d_n_s_plus.fa -subject_loc 1-300 -outfmt 7	
tblastx	same	multi e2d_x_ab15.fa e2d_n_s_plus.fa -query_loc 100-400	-query tests/fasta/outfmt0/e2d_x_ab15.fa -subject tests/fasta/outfmt0/e2d_n_s_plus.fa -query_loc 100-400 -outfmt 7	
tblastx	same	multi e2d_x_ab15.fa e2d_n_s_plus.fa -subject_loc 100-400	-query tests/fasta/outfmt0/e2d_x_ab15.fa -subject tests/fasta/outfmt0/e2d_n_s_plus.fa -subject_loc 100-400 -outfmt 7	
tblastx	same	multi e2d_x_ab15.fa e2d_n_s_plus.fa -query_loc 301-900	-query tests/fasta/outfmt0/e2d_x_ab15.fa -subject tests/fasta/outfmt0/e2d_n_s_plus.fa -query_loc 301-900 -outfmt 7	
tblastx	same	multi e2d_x_ab15.fa e2d_n_s_plus.fa -subject_loc 301-900	-query tests/fasta/outfmt0/e2d_x_ab15.fa -subject tests/fasta/outfmt0/e2d_n_s_plus.fa -subject_loc 301-900 -outfmt 7	
tblastx	same-error	multi e2d_x_ab15.fa e2d_n_s_plus.fa -query_loc 502-1000	-query tests/fasta/outfmt0/e2d_x_ab15.fa -subject tests/fasta/outfmt0/e2d_n_s_plus.fa -query_loc 502-1000 -outfmt 7	BLAST engine error: Empty CBlastQueryVector
tblastx	same	multi e2d_x_ab15.fa e2d_n_s_plus.fa -subject_loc 502-1000	-query tests/fasta/outfmt0/e2d_x_ab15.fa -subject tests/fasta/outfmt0/e2d_n_s_plus.fa -subject_loc 502-1000 -outfmt 7	
tblastx	same-error	multi e2d_x_ab15.fa e2d_n_s_plus.fa -query_loc 600-5000	-query tests/fasta/outfmt0/e2d_x_ab15.fa -subject tests/fasta/outfmt0/e2d_n_s_plus.fa -query_loc 600-5000 -outfmt 7	BLAST engine error: Empty CBlastQueryVector
tblastx	same	multi e2d_x_ab15.fa e2d_n_s_plus.fa -subject_loc 600-5000	-query tests/fasta/outfmt0/e2d_x_ab15.fa -subject tests/fasta/outfmt0/e2d_n_s_plus.fa -subject_loc 600-5000 -outfmt 7	
tblastx	same-error	multi e2d_x_ab15.fa e2d_n_s_plus.fa -query_loc 700-900	-query tests/fasta/outfmt0/e2d_x_ab15.fa -subject tests/fasta/outfmt0/e2d_n_s_plus.fa -query_loc 700-900 -outfmt 7	BLAST engine error: Empty CBlastQueryVector
tblastx	same	multi e2d_x_ab15.fa e2d_n_s_plus.fa -subject_loc 700-900	-query tests/fasta/outfmt0/e2d_x_ab15.fa -subject tests/fasta/outfmt0/e2d_n_s_plus.fa -subject_loc 700-900 -outfmt 7	
tblastx	same-error	multi e2d_x_ab15.fa e2d_n_s_plus.fa -query_loc 1001-2500	-query tests/fasta/outfmt0/e2d_x_ab15.fa -subject tests/fasta/outfmt0/e2d_n_s_plus.fa -query_loc 1001-2500 -outfmt 7	BLAST engine error: Empty CBlastQueryVector
tblastx	same	multi e2d_x_ab15.fa e2d_n_s_plus.fa -subject_loc 1001-2500	-query tests/fasta/outfmt0/e2d_x_ab15.fa -subject tests/fasta/outfmt0/e2d_n_s_plus.fa -subject_loc 1001-2500 -outfmt 7	
tblastx	same-error	multi e2d_x_ab15.fa e2d_n_s_plus.fa -query_loc 2001-3000	-query tests/fasta/outfmt0/e2d_x_ab15.fa -subject tests/fasta/outfmt0/e2d_n_s_plus.fa -query_loc 2001-3000 -outfmt 7	BLAST engine error: Empty CBlastQueryVector
tblastx	same	multi e2d_x_ab15.fa e2d_n_s_plus.fa -subject_loc 2001-3000	-query tests/fasta/outfmt0/e2d_x_ab15.fa -subject tests/fasta/outfmt0/e2d_n_s_plus.fa -subject_loc 2001-3000 -outfmt 7	
tblastx	same-error	multi e2d_x_ab15.fa e2d_n_s_plus.fa -query_loc 5000-25000	-query tests/fasta/outfmt0/e2d_x_ab15.fa -subject tests/fasta/outfmt0/e2d_n_s_plus.fa -query_loc 5000-25000 -outfmt 7	BLAST engine error: Empty CBlastQueryVector
tblastx	same	multi e2d_x_ab15.fa e2d_n_s_plus.fa -subject_loc 5000-25000	-query tests/fasta/outfmt0/e2d_x_ab15.fa -subject tests/fasta/outfmt0/e2d_n_s_plus.fa -subject_loc 5000-25000 -outfmt 7	
tblastx	same	multi e2d_x_ab15.fa e2d_n_s_plus.fa -query_loc 100-300	-query tests/fasta/outfmt0/e2d_x_ab15.fa -subject tests/fasta/outfmt0/e2d_n_s_plus.fa -query_loc 100-300 -outfmt 7	
tblastx	same	multi e2d_x_ab15.fa e2d_n_s_plus.fa -subject_loc 100-300	-query tests/fasta/outfmt0/e2d_x_ab15.fa -subject tests/fasta/outfmt0/e2d_n_s_plus.fa -subject_loc 100-300 -outfmt 7	
tblastx	same	multi e2d_n_qn.fa e2d_n_sub_multi_t.fa -query_loc 1-300	-query tests/fasta/outfmt0/e2d_n_qn.fa -subject tests/fasta/outfmt0/e2d_n_sub_multi_t.fa -query_loc 1-300 -outfmt 0	
tblastx	same	multi e2d_n_qn.fa e2d_n_sub_multi_t.fa -subject_loc 1-300	-query tests/fasta/outfmt0/e2d_n_qn.fa -subject tests/fasta/outfmt0/e2d_n_sub_multi_t.fa -subject_loc 1-300 -outfmt 0	
tblastx	same	multi e2d_n_qn.fa e2d_n_sub_multi_t.fa -query_loc 100-400	-query tests/fasta/outfmt0/e2d_n_qn.fa -subject tests/fasta/outfmt0/e2d_n_sub_multi_t.fa -query_loc 100-400 -outfmt 0	
tblastx	same	multi e2d_n_qn.fa e2d_n_sub_multi_t.fa -subject_loc 100-400	-query tests/fasta/outfmt0/e2d_n_qn.fa -subject tests/fasta/outfmt0/e2d_n_sub_multi_t.fa -subject_loc 100-400 -outfmt 0	
tblastx	same	multi e2d_n_qn.fa e2d_n_sub_multi_t.fa -query_loc 301-900	-query tests/fasta/outfmt0/e2d_n_qn.fa -subject tests/fasta/outfmt0/e2d_n_sub_multi_t.fa -query_loc 301-900 -outfmt 0	
tblastx	same	multi e2d_n_qn.fa e2d_n_sub_multi_t.fa -subject_loc 301-900	-query tests/fasta/outfmt0/e2d_n_qn.fa -subject tests/fasta/outfmt0/e2d_n_sub_multi_t.fa -subject_loc 301-900 -outfmt 0	
tblastx	same	multi e2d_n_qn.fa e2d_n_sub_multi_t.fa -query_loc 502-1000	-query tests/fasta/outfmt0/e2d_n_qn.fa -subject tests/fasta/outfmt0/e2d_n_sub_multi_t.fa -query_loc 502-1000 -outfmt 0	
tblastx	same	multi e2d_n_qn.fa e2d_n_sub_multi_t.fa -subject_loc 502-1000	-query tests/fasta/outfmt0/e2d_n_qn.fa -subject tests/fasta/outfmt0/e2d_n_sub_multi_t.fa -subject_loc 502-1000 -outfmt 0	
tblastx	same	multi e2d_n_qn.fa e2d_n_sub_multi_t.fa -query_loc 600-5000	-query tests/fasta/outfmt0/e2d_n_qn.fa -subject tests/fasta/outfmt0/e2d_n_sub_multi_t.fa -query_loc 600-5000 -outfmt 0	
tblastx	same	multi e2d_n_qn.fa e2d_n_sub_multi_t.fa -subject_loc 600-5000	-query tests/fasta/outfmt0/e2d_n_qn.fa -subject tests/fasta/outfmt0/e2d_n_sub_multi_t.fa -subject_loc 600-5000 -outfmt 0	
tblastx	same	multi e2d_n_qn.fa e2d_n_sub_multi_t.fa -query_loc 700-900	-query tests/fasta/outfmt0/e2d_n_qn.fa -subject tests/fasta/outfmt0/e2d_n_sub_multi_t.fa -query_loc 700-900 -outfmt 0	
tblastx	same	multi e2d_n_qn.fa e2d_n_sub_multi_t.fa -subject_loc 700-900	-query tests/fasta/outfmt0/e2d_n_qn.fa -subject tests/fasta/outfmt0/e2d_n_sub_multi_t.fa -subject_loc 700-900 -outfmt 0	
tblastx	same	multi e2d_n_qn.fa e2d_n_sub_multi_t.fa -query_loc 1001-2500	-query tests/fasta/outfmt0/e2d_n_qn.fa -subject tests/fasta/outfmt0/e2d_n_sub_multi_t.fa -query_loc 1001-2500 -outfmt 0	
tblastx	same	multi e2d_n_qn.fa e2d_n_sub_multi_t.fa -subject_loc 1001-2500	-query tests/fasta/outfmt0/e2d_n_qn.fa -subject tests/fasta/outfmt0/e2d_n_sub_multi_t.fa -subject_loc 1001-2500 -outfmt 0	
tblastx	same	multi e2d_n_qn.fa e2d_n_sub_multi_t.fa -query_loc 2001-3000	-query tests/fasta/outfmt0/e2d_n_qn.fa -subject tests/fasta/outfmt0/e2d_n_sub_multi_t.fa -query_loc 2001-3000 -outfmt 0	
tblastx	same-error	multi e2d_n_qn.fa e2d_n_sub_multi_t.fa -subject_loc 2001-3000	-query tests/fasta/outfmt0/e2d_n_qn.fa -subject tests/fasta/outfmt0/e2d_n_sub_multi_t.fa -subject_loc 2001-3000 -outfmt 0	BLAST query/options error: Invalid from coordinate (greater than sequence length) | Please refer to the BLAST+ user manu
tblastx	same	multi e2d_n_qn.fa e2d_n_sub_multi_t.fa -query_loc 5000-25000	-query tests/fasta/outfmt0/e2d_n_qn.fa -subject tests/fasta/outfmt0/e2d_n_sub_multi_t.fa -query_loc 5000-25000 -outfmt 0	
tblastx	same-error	multi e2d_n_qn.fa e2d_n_sub_multi_t.fa -subject_loc 5000-25000	-query tests/fasta/outfmt0/e2d_n_qn.fa -subject tests/fasta/outfmt0/e2d_n_sub_multi_t.fa -subject_loc 5000-25000 -outfmt 0	BLAST query/options error: Invalid from coordinate (greater than sequence length) | Please refer to the BLAST+ user manu
tblastx	same	multi e2d_n_qn.fa e2d_n_sub_multi_t.fa -query_loc 100-300	-query tests/fasta/outfmt0/e2d_n_qn.fa -subject tests/fasta/outfmt0/e2d_n_sub_multi_t.fa -query_loc 100-300 -outfmt 0	
tblastx	same	multi e2d_n_qn.fa e2d_n_sub_multi_t.fa -subject_loc 100-300	-query tests/fasta/outfmt0/e2d_n_qn.fa -subject tests/fasta/outfmt0/e2d_n_sub_multi_t.fa -subject_loc 100-300 -outfmt 0	
tblastx	same	multi e2d_n_qn.fa e2d_n_sub_multi_t.fa -query_loc 1-300	-query tests/fasta/outfmt0/e2d_n_qn.fa -subject tests/fasta/outfmt0/e2d_n_sub_multi_t.fa -query_loc 1-300 -outfmt 6	
tblastx	same	multi e2d_n_qn.fa e2d_n_sub_multi_t.fa -subject_loc 1-300	-query tests/fasta/outfmt0/e2d_n_qn.fa -subject tests/fasta/outfmt0/e2d_n_sub_multi_t.fa -subject_loc 1-300 -outfmt 6	
tblastx	same	multi e2d_n_qn.fa e2d_n_sub_multi_t.fa -query_loc 100-400	-query tests/fasta/outfmt0/e2d_n_qn.fa -subject tests/fasta/outfmt0/e2d_n_sub_multi_t.fa -query_loc 100-400 -outfmt 6	
tblastx	same	multi e2d_n_qn.fa e2d_n_sub_multi_t.fa -subject_loc 100-400	-query tests/fasta/outfmt0/e2d_n_qn.fa -subject tests/fasta/outfmt0/e2d_n_sub_multi_t.fa -subject_loc 100-400 -outfmt 6	
tblastx	same	multi e2d_n_qn.fa e2d_n_sub_multi_t.fa -query_loc 301-900	-query tests/fasta/outfmt0/e2d_n_qn.fa -subject tests/fasta/outfmt0/e2d_n_sub_multi_t.fa -query_loc 301-900 -outfmt 6	
tblastx	same	multi e2d_n_qn.fa e2d_n_sub_multi_t.fa -subject_loc 301-900	-query tests/fasta/outfmt0/e2d_n_qn.fa -subject tests/fasta/outfmt0/e2d_n_sub_multi_t.fa -subject_loc 301-900 -outfmt 6	
tblastx	same	multi e2d_n_qn.fa e2d_n_sub_multi_t.fa -query_loc 502-1000	-query tests/fasta/outfmt0/e2d_n_qn.fa -subject tests/fasta/outfmt0/e2d_n_sub_multi_t.fa -query_loc 502-1000 -outfmt 6	
tblastx	same	multi e2d_n_qn.fa e2d_n_sub_multi_t.fa -subject_loc 502-1000	-query tests/fasta/outfmt0/e2d_n_qn.fa -subject tests/fasta/outfmt0/e2d_n_sub_multi_t.fa -subject_loc 502-1000 -outfmt 6	
tblastx	same	multi e2d_n_qn.fa e2d_n_sub_multi_t.fa -query_loc 600-5000	-query tests/fasta/outfmt0/e2d_n_qn.fa -subject tests/fasta/outfmt0/e2d_n_sub_multi_t.fa -query_loc 600-5000 -outfmt 6	
tblastx	same	multi e2d_n_qn.fa e2d_n_sub_multi_t.fa -subject_loc 600-5000	-query tests/fasta/outfmt0/e2d_n_qn.fa -subject tests/fasta/outfmt0/e2d_n_sub_multi_t.fa -subject_loc 600-5000 -outfmt 6	
tblastx	same	multi e2d_n_qn.fa e2d_n_sub_multi_t.fa -query_loc 700-900	-query tests/fasta/outfmt0/e2d_n_qn.fa -subject tests/fasta/outfmt0/e2d_n_sub_multi_t.fa -query_loc 700-900 -outfmt 6	
tblastx	same	multi e2d_n_qn.fa e2d_n_sub_multi_t.fa -subject_loc 700-900	-query tests/fasta/outfmt0/e2d_n_qn.fa -subject tests/fasta/outfmt0/e2d_n_sub_multi_t.fa -subject_loc 700-900 -outfmt 6	
tblastx	same	multi e2d_n_qn.fa e2d_n_sub_multi_t.fa -query_loc 1001-2500	-query tests/fasta/outfmt0/e2d_n_qn.fa -subject tests/fasta/outfmt0/e2d_n_sub_multi_t.fa -query_loc 1001-2500 -outfmt 6	
tblastx	same	multi e2d_n_qn.fa e2d_n_sub_multi_t.fa -subject_loc 1001-2500	-query tests/fasta/outfmt0/e2d_n_qn.fa -subject tests/fasta/outfmt0/e2d_n_sub_multi_t.fa -subject_loc 1001-2500 -outfmt 6	
tblastx	same	multi e2d_n_qn.fa e2d_n_sub_multi_t.fa -query_loc 2001-3000	-query tests/fasta/outfmt0/e2d_n_qn.fa -subject tests/fasta/outfmt0/e2d_n_sub_multi_t.fa -query_loc 2001-3000 -outfmt 6	
tblastx	same-error	multi e2d_n_qn.fa e2d_n_sub_multi_t.fa -subject_loc 2001-3000	-query tests/fasta/outfmt0/e2d_n_qn.fa -subject tests/fasta/outfmt0/e2d_n_sub_multi_t.fa -subject_loc 2001-3000 -outfmt 6	BLAST query/options error: Invalid from coordinate (greater than sequence length) | Please refer to the BLAST+ user manu
tblastx	same	multi e2d_n_qn.fa e2d_n_sub_multi_t.fa -query_loc 5000-25000	-query tests/fasta/outfmt0/e2d_n_qn.fa -subject tests/fasta/outfmt0/e2d_n_sub_multi_t.fa -query_loc 5000-25000 -outfmt 6	
tblastx	same-error	multi e2d_n_qn.fa e2d_n_sub_multi_t.fa -subject_loc 5000-25000	-query tests/fasta/outfmt0/e2d_n_qn.fa -subject tests/fasta/outfmt0/e2d_n_sub_multi_t.fa -subject_loc 5000-25000 -outfmt 6	BLAST query/options error: Invalid from coordinate (greater than sequence length) | Please refer to the BLAST+ user manu
tblastx	same	multi e2d_n_qn.fa e2d_n_sub_multi_t.fa -query_loc 100-300	-query tests/fasta/outfmt0/e2d_n_qn.fa -subject tests/fasta/outfmt0/e2d_n_sub_multi_t.fa -query_loc 100-300 -outfmt 6	
tblastx	same	multi e2d_n_qn.fa e2d_n_sub_multi_t.fa -subject_loc 100-300	-query tests/fasta/outfmt0/e2d_n_qn.fa -subject tests/fasta/outfmt0/e2d_n_sub_multi_t.fa -subject_loc 100-300 -outfmt 6	
tblastx	same	multi e2d_n_qn.fa e2d_n_sub_multi_t.fa -query_loc 1-300	-query tests/fasta/outfmt0/e2d_n_qn.fa -subject tests/fasta/outfmt0/e2d_n_sub_multi_t.fa -query_loc 1-300 -outfmt 7	
tblastx	same	multi e2d_n_qn.fa e2d_n_sub_multi_t.fa -subject_loc 1-300	-query tests/fasta/outfmt0/e2d_n_qn.fa -subject tests/fasta/outfmt0/e2d_n_sub_multi_t.fa -subject_loc 1-300 -outfmt 7	
tblastx	same	multi e2d_n_qn.fa e2d_n_sub_multi_t.fa -query_loc 100-400	-query tests/fasta/outfmt0/e2d_n_qn.fa -subject tests/fasta/outfmt0/e2d_n_sub_multi_t.fa -query_loc 100-400 -outfmt 7	
tblastx	same	multi e2d_n_qn.fa e2d_n_sub_multi_t.fa -subject_loc 100-400	-query tests/fasta/outfmt0/e2d_n_qn.fa -subject tests/fasta/outfmt0/e2d_n_sub_multi_t.fa -subject_loc 100-400 -outfmt 7	
tblastx	same	multi e2d_n_qn.fa e2d_n_sub_multi_t.fa -query_loc 301-900	-query tests/fasta/outfmt0/e2d_n_qn.fa -subject tests/fasta/outfmt0/e2d_n_sub_multi_t.fa -query_loc 301-900 -outfmt 7	
tblastx	same	multi e2d_n_qn.fa e2d_n_sub_multi_t.fa -subject_loc 301-900	-query tests/fasta/outfmt0/e2d_n_qn.fa -subject tests/fasta/outfmt0/e2d_n_sub_multi_t.fa -subject_loc 301-900 -outfmt 7	
tblastx	same	multi e2d_n_qn.fa e2d_n_sub_multi_t.fa -query_loc 502-1000	-query tests/fasta/outfmt0/e2d_n_qn.fa -subject tests/fasta/outfmt0/e2d_n_sub_multi_t.fa -query_loc 502-1000 -outfmt 7	
tblastx	same	multi e2d_n_qn.fa e2d_n_sub_multi_t.fa -subject_loc 502-1000	-query tests/fasta/outfmt0/e2d_n_qn.fa -subject tests/fasta/outfmt0/e2d_n_sub_multi_t.fa -subject_loc 502-1000 -outfmt 7	
tblastx	same	multi e2d_n_qn.fa e2d_n_sub_multi_t.fa -query_loc 600-5000	-query tests/fasta/outfmt0/e2d_n_qn.fa -subject tests/fasta/outfmt0/e2d_n_sub_multi_t.fa -query_loc 600-5000 -outfmt 7	
tblastx	same	multi e2d_n_qn.fa e2d_n_sub_multi_t.fa -subject_loc 600-5000	-query tests/fasta/outfmt0/e2d_n_qn.fa -subject tests/fasta/outfmt0/e2d_n_sub_multi_t.fa -subject_loc 600-5000 -outfmt 7	
tblastx	same	multi e2d_n_qn.fa e2d_n_sub_multi_t.fa -query_loc 700-900	-query tests/fasta/outfmt0/e2d_n_qn.fa -subject tests/fasta/outfmt0/e2d_n_sub_multi_t.fa -query_loc 700-900 -outfmt 7	
tblastx	same	multi e2d_n_qn.fa e2d_n_sub_multi_t.fa -subject_loc 700-900	-query tests/fasta/outfmt0/e2d_n_qn.fa -subject tests/fasta/outfmt0/e2d_n_sub_multi_t.fa -subject_loc 700-900 -outfmt 7	
tblastx	same	multi e2d_n_qn.fa e2d_n_sub_multi_t.fa -query_loc 1001-2500	-query tests/fasta/outfmt0/e2d_n_qn.fa -subject tests/fasta/outfmt0/e2d_n_sub_multi_t.fa -query_loc 1001-2500 -outfmt 7	
tblastx	same	multi e2d_n_qn.fa e2d_n_sub_multi_t.fa -subject_loc 1001-2500	-query tests/fasta/outfmt0/e2d_n_qn.fa -subject tests/fasta/outfmt0/e2d_n_sub_multi_t.fa -subject_loc 1001-2500 -outfmt 7	
tblastx	same	multi e2d_n_qn.fa e2d_n_sub_multi_t.fa -query_loc 2001-3000	-query tests/fasta/outfmt0/e2d_n_qn.fa -subject tests/fasta/outfmt0/e2d_n_sub_multi_t.fa -query_loc 2001-3000 -outfmt 7	
tblastx	same-error	multi e2d_n_qn.fa e2d_n_sub_multi_t.fa -subject_loc 2001-3000	-query tests/fasta/outfmt0/e2d_n_qn.fa -subject tests/fasta/outfmt0/e2d_n_sub_multi_t.fa -subject_loc 2001-3000 -outfmt 7	BLAST query/options error: Invalid from coordinate (greater than sequence length) | Please refer to the BLAST+ user manu
tblastx	same	multi e2d_n_qn.fa e2d_n_sub_multi_t.fa -query_loc 5000-25000	-query tests/fasta/outfmt0/e2d_n_qn.fa -subject tests/fasta/outfmt0/e2d_n_sub_multi_t.fa -query_loc 5000-25000 -outfmt 7	
tblastx	same-error	multi e2d_n_qn.fa e2d_n_sub_multi_t.fa -subject_loc 5000-25000	-query tests/fasta/outfmt0/e2d_n_qn.fa -subject tests/fasta/outfmt0/e2d_n_sub_multi_t.fa -subject_loc 5000-25000 -outfmt 7	BLAST query/options error: Invalid from coordinate (greater than sequence length) | Please refer to the BLAST+ user manu
tblastx	same	multi e2d_n_qn.fa e2d_n_sub_multi_t.fa -query_loc 100-300	-query tests/fasta/outfmt0/e2d_n_qn.fa -subject tests/fasta/outfmt0/e2d_n_sub_multi_t.fa -query_loc 100-300 -outfmt 7	
tblastx	same	multi e2d_n_qn.fa e2d_n_sub_multi_t.fa -subject_loc 100-300	-query tests/fasta/outfmt0/e2d_n_qn.fa -subject tests/fasta/outfmt0/e2d_n_sub_multi_t.fa -subject_loc 100-300 -outfmt 7	
