range	row	ncbi_file	ncbi_lines	ncbi_function	branch	losat_location	status_before	impact	proposal	evidence	notes
LA	1	algo/blast/blastinput/blast_args.cpp	1944-1948	CQueryOptionsArgs::SetArgumentDescriptions	N: -query_loc key (AddOptionalKey "query_loc" "range" eString, no constraint, no default)	cli.rs:215(is_unported_blastn_arg: "query_loc" at 247); cli.rs:334(unknown_option_error); algorithm/blastn/args.rs(the Args struct has no query_loc field)	unported	high	port:S	out/L_lb_blastn_* (LOSAT-before); out/N_k1..k20, out/N_sp*_blastn_q.* (NCBI)	NCBI: any string is accepted by CArgs (empty, starting with -, -query_loc=1-5 form), key twice -> USAGE "Argument with this name is defined already: query_loc" rc1 (LOSAT exception 1: clap text rc2). LOSAT today: "the NCBI BLAST+ option -query_loc is not supported by LOSAT's BLASTN" rc2 for every spelling, raised at translation time (cli.rs unknown_option_error) before anything else. Change: add query_loc: Option<String> (no value_parser, empty allowed) to the Args struct and drop "query_loc" from the unported list; cli.rs try_parse_from already passes any next token (also "-5-10", "") as the value.
LA	2	algo/blast/blastinput/blast_args.cpp	1944-1948	CQueryOptionsArgs::SetArgumentDescriptions	P: -query_loc key (AddOptionalKey "query_loc" "range" eString, no constraint, no default)	cli.rs:283(is_unported_blastp_arg: "query_loc" at 313); cli.rs:334(unknown_option_error); algorithm/blastp/args.rs(the Args struct has no query_loc field)	unported	high	port:S	out/L_lb_blastp_* (LOSAT-before); out/N_k1..k20, out/N_sp*_blastp_q.* (NCBI)	NCBI: any string is accepted by CArgs (empty, starting with -, -query_loc=1-5 form), key twice -> USAGE "Argument with this name is defined already: query_loc" rc1 (LOSAT exception 1: clap text rc2). LOSAT today: "the NCBI BLAST+ option -query_loc is not supported by LOSAT's BLASTP" rc2 for every spelling, raised at translation time (cli.rs unknown_option_error) before anything else. Change: add query_loc: Option<String> (no value_parser, empty allowed) to the Args struct and drop "query_loc" from the unported list; cli.rs try_parse_from already passes any next token (also "-5-10", "") as the value.
LA	3	algo/blast/blastinput/blast_args.cpp	1944-1948	CQueryOptionsArgs::SetArgumentDescriptions	T: -query_loc key (AddOptionalKey "query_loc" "range" eString, no constraint, no default)	cli.rs:493(is_unported_tblastn_arg: "query_loc" at 522); cli.rs:334(unknown_option_error); algorithm/tblastn/args.rs(the Args struct has no query_loc field)	unported	high	port:S	out/L_lb_tblastn_* (LOSAT-before); out/N_k1..k20, out/N_sp*_tblastn_q.* (NCBI)	NCBI: any string is accepted by CArgs (empty, starting with -, -query_loc=1-5 form), key twice -> USAGE "Argument with this name is defined already: query_loc" rc1 (LOSAT exception 1: clap text rc2). LOSAT today: "the NCBI BLAST+ option -query_loc is not supported by LOSAT's TBLASTN" rc2 for every spelling, raised at translation time (cli.rs unknown_option_error) before anything else. Change: add query_loc: Option<String> (no value_parser, empty allowed) to the Args struct and drop "query_loc" from the unported list; cli.rs try_parse_from already passes any next token (also "-5-10", "") as the value.
LA	4	algo/blast/blastinput/blast_args.cpp	1944-1948	CQueryOptionsArgs::SetArgumentDescriptions	X: -query_loc key (AddOptionalKey "query_loc" "range" eString, no constraint, no default)	cli.rs:551(is_unported_tblastx_arg: "query_loc" at 580); cli.rs:334(unknown_option_error); algorithm/tblastx/args.rs(the Args struct has no query_loc field)	unported	high	port:S	out/L_lb_tblastx_* (LOSAT-before); out/N_k1..k20, out/N_sp*_tblastx_q.* (NCBI)	NCBI: any string is accepted by CArgs (empty, starting with -, -query_loc=1-5 form), key twice -> USAGE "Argument with this name is defined already: query_loc" rc1 (LOSAT exception 1: clap text rc2). LOSAT today: "the NCBI BLAST+ option -query_loc is not supported by LOSAT's TBLASTX" rc2 for every spelling, raised at translation time (cli.rs unknown_option_error) before anything else. Change: add query_loc: Option<String> (no value_parser, empty allowed) to the Args struct and drop "query_loc" from the unported list; cli.rs try_parse_from already passes any next token (also "-5-10", "") as the value.
LA	5	algo/blast/blastinput/blast_args.cpp	2373-2386	CBlastDatabaseArgs::SetArgumentDescriptions	N: -subject_loc key (AddOptionalKey "subject_loc" "range" eString; only registered when not RPS/KBlast/IgBlast)	cli.rs:215(is_unported_blastn_arg: "subject_loc" at 256); cli.rs:334(unknown_option_error)	unported	high	port:S	out/L_lb_blastn_* ; out/N_k2, out/N_sp*_blastn_s.*	Same as -query_loc: NCBI accepts any string at parse time; LOSAT rejects every spelling with "the NCBI BLAST+ option -subject_loc is not supported by LOSAT's BLASTN" rc2. Change: add subject_loc: Option<String>, remove from the unported list (for TBLASTN also update the unit test args.rs:1174, which expects the rejection).
LA	6	algo/blast/blastinput/blast_args.cpp	2373-2386	CBlastDatabaseArgs::SetArgumentDescriptions	P: -subject_loc key (AddOptionalKey "subject_loc" "range" eString; only registered when not RPS/KBlast/IgBlast)	cli.rs:283(is_unported_blastp_arg: "subject_loc" at 322); cli.rs:334(unknown_option_error)	unported	high	port:S	out/L_lb_blastp_* ; out/N_k2, out/N_sp*_blastp_s.*	Same as -query_loc: NCBI accepts any string at parse time; LOSAT rejects every spelling with "the NCBI BLAST+ option -subject_loc is not supported by LOSAT's BLASTP" rc2. Change: add subject_loc: Option<String>, remove from the unported list (for TBLASTN also update the unit test args.rs:1174, which expects the rejection).
LA	7	algo/blast/blastinput/blast_args.cpp	2373-2386	CBlastDatabaseArgs::SetArgumentDescriptions	T: -subject_loc key (AddOptionalKey "subject_loc" "range" eString; only registered when not RPS/KBlast/IgBlast)	cli.rs:493(is_unported_tblastn_arg: "subject_loc" at 530; test algorithm/tblastn/args.rs:1174); cli.rs:334(unknown_option_error)	unported	high	port:S	out/L_lb_tblastn_* ; out/N_k2, out/N_sp*_tblastn_s.*	Same as -query_loc: NCBI accepts any string at parse time; LOSAT rejects every spelling with "the NCBI BLAST+ option -subject_loc is not supported by LOSAT's TBLASTN" rc2. Change: add subject_loc: Option<String>, remove from the unported list (for TBLASTN also update the unit test args.rs:1174, which expects the rejection).
LA	8	algo/blast/blastinput/blast_args.cpp	2373-2386	CBlastDatabaseArgs::SetArgumentDescriptions	X: -subject_loc key (AddOptionalKey "subject_loc" "range" eString; only registered when not RPS/KBlast/IgBlast)	cli.rs:551(is_unported_tblastx_arg: "subject_loc" at 590); cli.rs:334(unknown_option_error)	unported	high	port:S	out/L_lb_tblastx_* ; out/N_k2, out/N_sp*_tblastx_s.*	Same as -query_loc: NCBI accepts any string at parse time; LOSAT rejects every spelling with "the NCBI BLAST+ option -subject_loc is not supported by LOSAT's TBLASTX" rc2. Change: add subject_loc: Option<String>, remove from the unported list (for TBLASTN also update the unit test args.rs:1174, which expects the rejection).
LA	9	algo/blast/blastinput/blast_args.cpp	2377-2385, 2211-2228, 1175-1176, 1220-1221, 1244-1247	CBlastDatabaseArgs::SetArgumentDescriptions / CPsiBlastArgs::SetArgumentDescriptions	NPTX: CArgs dependencies of the range keys (-subject_loc excludes -db family and -remote; -in_pssm excludes -query and -query_loc; -in_msa/-ignore_msa_master likewise)	cli.rs:215,283,493,551(unported lists name db, gilist, seqidlist, taxids, db_soft_mask, db_hard_mask, remote, in_pssm)	rejected	low	keep	out/N_ord13, N_ord14, N_dep1..dep5	NCBI USAGE rc1: `Argument "subject_loc". Incompatible with argument:  `db'` (also for -remote); with -subject and -db: `Argument "subject". Incompatible with argument:  `db'`; tblastn -in_pssm with -query_loc: `Argument "query". Incompatible with argument:  `in_pssm'`. LOSAT rejects every partner option (-db family, -remote, -in_pssm) as unsupported, so the exclusion cannot fire; the rejection of the partner stays (LOSAT text, rc2, exception 1).
LA	10	algo/blast/blastinput/blast_args.cpp	2558-2562	CBlastDatabaseArgs::ExtractAlgorithmOptions	NPTX: -subject_loc without -subject (no -db)	algorithm/blastn/blast_engine/run.rs:5209(inline NativeError); blastinput/app.rs:59(missing_subject_error) used at algorithm/blastp/blast_engine.rs:4627, algorithm/tblastn/args.rs:618, algorithm/tblastx/blast_engine/run_impl.rs:667	faithful	medium	keep	out/N_ord10, N_ord11, N_ord12	NCBI: `BLAST query/options error: Either a BLAST database or subject sequence(s) must be specified` + `Please refer to the BLAST+ user manual.` rc1; -subject_loc is NEVER parsed in this branch, so even `-subject_loc a-5` gives this message. LOSAT already raises it before reading the subject; keep, and make sure the new subject-range parse runs only after this check and after the subject file is opened.
LA	11	algo/blast/blastinput/blast_args.cpp	2525-2557	CBlastDatabaseArgs::ExtractAlgorithmOptions	N: subject branch: AsInputFile (open error) -> ParseSequenceRange(-subject_loc, "Invalid specification of subject location") -> ReadSequencesToBlast(range) -> CObjMgr_QueryFactory	algorithm/blastn/blast_engine/run.rs:5214(open_input subject) .. 5215(read_fasta_bytes) .. 5217(read_records) .. 5224(check_subjects_not_empty)	unported	high	port:S	out/N_ord1, N_ord2, N_ord15..N_ord18, N_ord21, N_ord40; out/N_emp_subj_bad_empty	Order in NCBI: outfmt parse, then (CArgs errors before all) subject file open error (rc1 `Command line argument error: Argument "subject". File is not accessible:  `x'`), THEN subject range parse, THEN reading all records, all before -query open, -out open, GenericSearch, Filtering (-dust/-seg), query range (ord16 dust, ord17 -out, ord18 missing query, ord2 bad -query_loc: the subject error wins). A bad -subject_loc on an EMPTY subject file still gives the range error (rc3), not Empty CBlastQueryVector. Insert the parse between open_input and read of the subject (also in `validate` of the adapter, before the query range); pass the parsed range into the read.
LA	12	algo/blast/blastinput/blast_args.cpp	2525-2557	CBlastDatabaseArgs::ExtractAlgorithmOptions	P: subject branch: AsInputFile (open error) -> ParseSequenceRange(-subject_loc, "Invalid specification of subject location") -> ReadSequencesToBlast(range) -> CObjMgr_QueryFactory	algorithm/blastp/blast_engine.rs:4630(open_input subject) .. 4631(read_fasta_bytes) .. 4635(bio_records_of)	unported	high	port:S	out/N_ord1, N_ord2, N_ord15..N_ord18, N_ord21, N_ord40; out/N_emp_subj_bad_empty	Order in NCBI: outfmt parse, then (CArgs errors before all) subject file open error (rc1 `Command line argument error: Argument "subject". File is not accessible:  `x'`), THEN subject range parse, THEN reading all records, all before -query open, -out open, GenericSearch, Filtering (-dust/-seg), query range (ord16 dust, ord17 -out, ord18 missing query, ord2 bad -query_loc: the subject error wins). A bad -subject_loc on an EMPTY subject file still gives the range error (rc3), not Empty CBlastQueryVector. Insert the parse between open_input and read of the subject (also in `validate` of the adapter, before the query range); pass the parsed range into the read.
LA	13	algo/blast/blastinput/blast_args.cpp	2525-2557	CBlastDatabaseArgs::ExtractAlgorithmOptions	T: subject branch: AsInputFile (open error) -> ParseSequenceRange(-subject_loc, "Invalid specification of subject location") -> ReadSequencesToBlast(range) -> CObjMgr_QueryFactory	algorithm/blastn/input.rs:824(open_input) .. 825(read_fasta_bytes) in read_nucleotide_subjects:808, called from algorithm/tblastn/args.rs:620-621	unported	high	port:S	out/N_ord1, N_ord2, N_ord15..N_ord18, N_ord21, N_ord40; out/N_emp_subj_bad_empty	Order in NCBI: outfmt parse, then (CArgs errors before all) subject file open error (rc1 `Command line argument error: Argument "subject". File is not accessible:  `x'`), THEN subject range parse, THEN reading all records, all before -query open, -out open, GenericSearch, Filtering (-dust/-seg), query range (ord16 dust, ord17 -out, ord18 missing query, ord2 bad -query_loc: the subject error wins). A bad -subject_loc on an EMPTY subject file still gives the range error (rc3), not Empty CBlastQueryVector. Insert the parse between open_input and read of the subject (also in `validate` of the adapter, before the query range); pass the parsed range into the read.
LA	14	algo/blast/blastinput/blast_args.cpp	2525-2557	CBlastDatabaseArgs::ExtractAlgorithmOptions	X: subject branch: AsInputFile (open error) -> ParseSequenceRange(-subject_loc, "Invalid specification of subject location") -> ReadSequencesToBlast(range) -> CObjMgr_QueryFactory	algorithm/blastn/input.rs:824(open_input) .. 825(read_fasta_bytes) in read_nucleotide_subjects:808, called from algorithm/tblastx/blast_engine/run_impl.rs:669-670	unported	high	port:S	out/N_ord1, N_ord2, N_ord15..N_ord18, N_ord21, N_ord40; out/N_emp_subj_bad_empty	Order in NCBI: outfmt parse, then (CArgs errors before all) subject file open error (rc1 `Command line argument error: Argument "subject". File is not accessible:  `x'`), THEN subject range parse, THEN reading all records, all before -query open, -out open, GenericSearch, Filtering (-dust/-seg), query range (ord16 dust, ord17 -out, ord18 missing query, ord2 bad -query_loc: the subject error wins). A bad -subject_loc on an EMPTY subject file still gives the range error (rc3), not Empty CBlastQueryVector. Insert the parse between open_input and read of the subject (also in `validate` of the adapter, before the query range); pass the parsed range into the read.
LA	15	algo/blast/blastinput/blast_input_aux.cpp	153-158	ParseSequenceRange	NPTX: NStr::Split(range,"-") flags 0, tokens.size()!=2 or front/back empty -> "<prefix> (Format: start-stop)"	- (no counterpart; new shared function in blastinput/, errors via blastinput/app.rs:40 engine_error)	unported	high	port:S	spellings.tsv; out/N_sp{6,7,8,9,10,21,26,27}_<prog>_{q,s}.err, N_k16..k19	Split with flags 0 keeps empty tokens: "-10" -> ["","10"], "10-" -> ["10",""], "1--5" and "1-2-3" -> 3 tokens, "" -> 0 tokens, "-" and "--" -> empty tokens; all -> CBlastException eInvalidArgument -> CATCH_ALL (blast_app_util.hpp:221-227): stderr `BLAST engine error: Invalid specification of query location (Format: start-stop)` (subject role: `... subject location ...`), rc 3, stdout empty, before any output. Same bytes for blastn, blastp, tblastn, tblastx. The check is on the string as typed (no trimming).
LA	16	algo/blast/blastinput/blast_input_aux.cpp	159-164	ParseSequenceRange	NPTX: from<=0 (after both StringToInt calls, 159-160) or to<=0 -> "(range elements cannot be less than or equal to 0)"	- (new shared function)	unported	high	port:S	out/N_sp4_*, N_sp5_* (0-10, 10-0)	Raised only after BOTH tokens converted (so `0-a` reports the conversion of `a`). rc3 `BLAST engine error: Invalid specification of query location (range elements cannot be less than or equal to 0)`. `0-0` takes this branch (not "empty").
LA	17	algo/blast/blastinput/blast_input_aux.cpp	165-168	ParseSequenceRange	NPTX: from==to -> "(range cannot be empty)"	- (new shared function)	unported	high	port:S	out/N_sp1_*, N_sp2_* (1-1, 5-5)	rc3 `BLAST engine error: Invalid specification of query location (range cannot be empty)`: a one-letter range cannot be requested (`5-5` is an error, `5-6` is two letters).
LA	18	algo/blast/blastinput/blast_input_aux.cpp	169-172	ParseSequenceRange	NPTX: from>to -> "(start cannot be larger than stop)"	- (new shared function)	unported	high	port:S	out/N_sp3_*, N_sp24_* (20-10, 2-1)	rc3 `BLAST engine error: Invalid specification of query location (start cannot be larger than stop)`.
LA	19	corelib/ncbistr.cpp	635-643, 798-880	NStr::StringToInt / StringToInt8 (flags 0, base 10)	NPTX: accepted token forms (one optional +, digits, leading zeros) and the int range	blastinput/query_batch.rs:98(ncbi_string_to_int: i32::from_str, same accepted set for tokens without -); blastinput/value_parsers.rs:190(ncbi_integer: CArg_Integer, different function, also accepts 0x)	unported	high	port:S	out/N_sp13_*, N_sp14_*, N_sp15_*, N_sp28_* (accepted); N_conv_order	Accepted: `+1-5`, `01-05`, `1-+5`, `1-2147483647` (end past the end is clamped later); `ncbi_string_to_int`/`i32::from_str` accept and reject the same strings for a token without `-`, but `value_parsers::ncbi_integer` (the CArg_Integer reader, hex allowed) must NOT be reused: `0x10-0x20` is an error here. Convert front first, then back, both before the <=0/==/> checks. Result 0-based: from-1, to-1.
LA	20	corelib/ncbistr.cpp	852, 861, 870, 640; blast_app_util.hpp 240-243	NStr::StringToInt8 error path + CATCH_ALL CException branch	NPTX: token not a plain integer or out of int range -> CStringException, `Error: NCBI C++ Exception: ...`, rc 255	- (no builder; blastinput/app.rs:243 only has `Error: Formatting choice is out of range` rc255)	rejected	low	reject:the exception text contains the oracle build's source path (/opt/conda/conda-bld/.../ncbistr.cpp) and line, not reproducible from NCBI's source; TD-15 precedent (rejection, exit 1)	out/N_sp11_*, N_sp12_*, N_sp16_*, N_sp17_*, N_sp18..20, N_sp22_*, N_sp25, N_sp29..N_sp34 (rc255), spellings.tsv	NCBI stderr (bytes): `Error: NCBI C++ Exception:\n    T0 "/opt/conda/conda-bld/blast_1754905306566/work/c++/src/corelib/ncbistr.cpp", line 861: Error: (CStringException::eConvert) ncbi::NStr::StringToInt8() - Cannot convert string ' 1' to Int8 (m_Pos = 0)\n\n`, rc 255, stdout empty. Lines: 861 first char not a digit (` 1`, `a`, non-ASCII shown as \331\243), 870 trailing garbage (`5 `, `5a`, `1.0`, `0x10`, `1,0`, m_Pos = index of first bad byte), 852 Int8 overflow (`to Int8, overflow (m_Pos = 18)`), 640 int overflow (`2147483648`, `4294967296`: `to int, overflow (m_Pos = 0)`). DECISION D1: LOSAT either reproduces these bytes verbatim (exit 255) or keeps an explicit `not supported by LOSAT` rejection (TD-15 precedent, exit 1). Proposed: reject.
LA	21	algo/blast/blastinput/blast_input_aux.cpp	173-178	ParseSequenceRange	NPTX: from--, to-- -> 0-based closed TSeqRange [from,to] (no clamping to the record here)	- (new)	unported	high	port:S	out/N_k3, N_k10 (1-500 -> qstart 1 qend 500)	User 1-based closed "s-e" becomes [s-1, e-1]; ranges are stored as typed (e may exceed the record length; clamping and the s>L checks are in x_FastaToSeqLoc). The same typed range is later given to the formatter (SetQueryRange, see RF).
LA	22	app/blast/blast_app_util.hpp	151-163, 167-260	CATCH_ALL (exit codes and frames)	NPTX: CBlastException eInvalidArgument -> `BLAST engine error: <msg>` rc3; CInputException -> `BLAST query/options error: <msg>\nPlease refer to the BLAST+ user manual.` rc1; other CException -> `Error: ` + what() rc255; std::exception -> `Error: ` + what() rc255	blastinput/app.rs:40(engine_error rc3); blastinput/app.rs:21(options_error rc1); blastinput/app.rs:243(rc255 only for outfmt out of range)	faithful	medium	keep	out/N_sp*_*; out/N_q3s_*_past_*; out/N_ord4	Range parse failures use the rc3 frame; `Invalid from coordinate (greater than sequence length)` (subject) uses the rc1 CInputException frame (`BLAST query/options error: Invalid from coordinate (greater than sequence length)\nPlease refer to the BLAST+ user manual.`); both builders already exist and match NCBI byte for byte. Only the rc255 CStringException frame has no builder (row on StringToInt8).
LA	23	algo/blast/blastinput/blast_args.cpp	1995-1999	CQueryOptionsArgs::ExtractAlgorithmOptions	N: query range parse position: after Filtering (-dust), Gapped, HspFiltering, WindowSize, OffDiagonal, MbIndex; before Formatting, MT, Remote, Validate	algorithm/blastn/blast_engine/run.rs:5323(args.resolve_dust) .. 5324(process_options: few-matches warning, check_scoring_options)	unported	high	port:S	out/N_ord1, N_ord6, N_ord16, N_ord22, N_ord26, N_ord31, N_ord32, N_few1, N_sc3, N_sc4, N_val6, N_val7	NCBI: `-dust foo` (rc1 `BLAST query/options error: Invalid number of arguments to filtering option`) beats a bad -query_loc; a bad -query_loc beats Validate errors (`-evalue 0`: `expect value or cutoff score must be greater than zero` rc1) and the few-matches warning (`Examining 5 or more matches is recommended` is NOT printed before the range error). LOSAT: insert the query-range parse in search_cli between resolve_dust and process_options; also in the adapter validate (blastn: between resolve_dust and check_scoring, after the subject range parse).
LA	24	algo/blast/blastinput/blast_args.cpp	1995-1999	CQueryOptionsArgs::ExtractAlgorithmOptions	P: query range parse position: after -seg (Filtering), Matrix, WordThreshold, HspFiltering, WindowSize; before Formatting, MT, Gapped, CompBasedStats, Validate	algorithm/blastp/args.rs:599(options.window_size) .. 611(parse_formatting_string) in check_options:467	unported	high	port:S	out/N_ord38, N_ord39, N_val4, N_val5, N_sc5	`-seg foo` error beats -query_loc; a bad -query_loc beats gap-cost Validate errors (val4 `Gap existence and extension values of 100 and 1 not supported for BLOSUM62` rc1 vs val5 range error rc3). Insert after window_size and before parse_formatting_string (blastp args.rs check_options is used by run, validate and run_local).
LA	25	algo/blast/blastinput/blast_args.cpp	1995-1999	CQueryOptionsArgs::ExtractAlgorithmOptions	T: query range parse position: after GeneticCode(db), Gapped, LargestIntron, Filtering (-seg), Matrix, WordThreshold, HspFiltering, WindowSize; before Formatting, MT, CompBasedStats, PsiBlast, Validate	algorithm/tblastn/args.rs:370(window_size) .. 381(parse_formatting_string) in TblastnArgs::check_options:205	unported	high	port:S	out/N_ord35, N_ord37	`-seg foo` and `-db_gencode 99` (CArgs) win over -query_loc; insert between window_size and parse_formatting_string. NCBI tblastn has no -strand (USAGE rc1 `Unknown argument: "strand"`, LOSAT unknown option rc2: exception 1).
LA	26	algo/blast/blastinput/blast_args.cpp	1995-1999	CQueryOptionsArgs::ExtractAlgorithmOptions	X: query range parse position: after Filtering (-seg), Matrix, WordThreshold, HspFiltering, WindowSize; BEFORE GeneticCode(query/db), Formatting, MT; Validate after	algorithm/tblastx/blast_engine/run_impl.rs:814(args.seg_spec) .. 815(formatting_handler_check) in check_ncbi_options:810	unported	high	port:S	out/N_ord33, N_ord34, N_ord36, N_ord41, N_ord44, N_sc6, N_sc7	-query_gencode/-db_gencode errors are CArgs constraints (USAGE rc1) and come first anyway; `-seg foo` first; then the range; then formatting handler and Validate (`-evalue 0` rc1). Insert between seg_spec and formatting_handler_check; the same function serves validate, run and run_local.
LA	27	algo/blast/blastinput/blast_args.cpp	1971-1991	CQueryOptionsArgs::ExtractAlgorithmOptions	NX: -strand extraction precedes the range; -strand plus|minus with -query_loc (blastp/tblastn have no -strand)	cli.rs:215(is_unported_blastn_arg "strand"), cli.rs:551(is_unported_tblastx_arg "strand")	rejected	low	keep	out/N_k7..k15, N_ord41..N_ord43, out/L_lb_blastn__strand_plus__query_loc_1_300_	-strand is out of scope (rejected by LOSAT today: "the NCBI BLAST+ option -strand is not supported by LOSAT's BLASTN/TBLASTX"). Record: NCBI blastn -query_loc 1-500 -strand plus = same row as without strand, -strand minus = no hit for the plus-strand hit; tblastx -query_loc 1-500 plus 23 rows, minus 25, default 48; the range parse is independent of the strand value. blastp/tblastn: NCBI USAGE `Unknown argument: "strand"` rc1.
LA	28	algo/blast/blastinput/blast_args.cpp	3585-3650, 2795-2870	CBlastAppArgs::SetOptions / CFormattingArgs::ParseFormattingString	NPTX: -outfmt is parsed (ArchiveFormatRequested, line 3625) before every ExtractAlgorithmOptions, hence before both range errors	algorithm/blastn/blast_engine/run.rs:5135(parse_output_formats); algorithm/blastp/blast_engine.rs:4603; algorithm/tblastn/args.rs:597; algorithm/tblastx/blast_engine/run_impl.rs:646	faithful	medium	keep	out/N_ord4, N_ord15	NCBI `-outfmt 99` with a bad range: `Error: Formatting choice is out of range` rc255 (std::out_of_range), not the range error. LOSAT already parses outfmt first in every program; no change except that the range steps go after it.
LA	29	algo/blast/blastinput/blast_args.cpp	3454-3480	CStdCmdLineArgs::ExtractAlgorithmOptions	NPTX: -query opened, then -out opened; after the subject read (and subject range), before the query range	algorithm/blastn/blast_engine/run.rs:5250(open_input query), 5258(File::create -out); algorithm/blastp/blast_engine.rs:4664, 4670; algorithm/tblastn/args.rs:639, 645; algorithm/tblastx/blast_engine/run_impl.rs:688, 694	faithful	medium	keep	out/N_ord17, N_ord18, N_ord19, N_ord22	NCBI: bad subject range beats an unwritable -out (ord17) and a missing -query file (ord18); a missing -query file or unwritable -out (`Command line argument error: Argument "query"/"out". File is not accessible`, rc1) beats the query range (ord19, ord22). LOSAT's run() already opens subject, query, -out in this order; keep it and slot the subject range before the query open and the query range later.
LA	30	app/blast/blastn_app.cpp	209-214	CBlastnApp::x_RunMTBySplitDB (IsIStreamEmpty; same in blastp 211, tblastn 213, tblastx 132)	NPTX: empty query stream: `Warning: [<prog>] Query is Empty!` rc0 even with a valid -query_loc; a bad -query_loc still fails first	algorithm/blastn/blast_engine/run.rs:5347-5357(is_blank -> Query is Empty!); blastp blast_engine.rs:4772; tblastn args.rs:738; tblastx run_impl.rs:929	faithful	low	keep	out/N_emp_empty_noloc, N_emp_empty_loc, N_emp_empty_badloc, N_stdin_q_empty	The range parse (SetOptions) precedes the empty check, so a malformed -query_loc on an empty file is rc3 (range error); a valid one gives the warning rc0. LOSAT: keep the blank-query check after the query-range parse.
LA	31	algo/blast/blastinput/blast_args.cpp	3203-3236	CMTArgs::ExtractAlgorithmOptions	NPTX: -num_threads > 1 with -subject (range options present or not)	utils/threading.rs(validate_threads); cli.rs	exception	none	keep	out/N_nt1_*, N_nt4_*, N_dep9	NCBI warns `Warning: [<prog>] 'num_threads' is currently ignored when 'subject' is specified.` and searches single threaded, output identical with -query_loc; approved exception 2 (PD-LOSAT-CLI-NONSEARCH-DIFFERENCES, AGENTS.md): LOSAT honors -num_threads and prints no warning.
LA	32	algo/blast/blastinput/blast_args.cpp	(none)	CArgDescriptions (no dependency between the range keys and -lcase_masking, -dust, -seg, -soft_masking, -query_gencode, -db_gencode, -comp_based_stats, -max_target_seqs, -evalue, -outfmt, -task)	NPTX: combinations at the argument level	-	n/a	none	keep	out/N_cmb1..N_cmb11	No parse-time or extraction-time error arises from combining the range keys with these options (11 combinations over the 4 programs, outfmt 0/6/7, all rc0); their range effects are in QN/QP/SB.
LA	33	app/blast/blast_app_util.cpp	590-600	CBlastAppArgs recovery from a saved strategy (SetRange(strategy.GetQueryRange()))	NPTX: range imported with -import_search_strategy	cli.rs:215,283,493,551("import_search_strategy", "export_search_strategy" in the unported lists)	rejected	none	reject:-import_search_strategy needs an ASN.1 Blast4 strategy (unported, rejected before any range logic); a strategy carries the database, never -subject_loc	out/N_dep7, N_dep8 (NCBI), out/L_* (rejection text)	Out of scope: when a strategy is imported and -query is not given, NCBI takes the range from the strategy (blast_app_util.cpp:595-600) and x_IssueWarningsForIgnoredOptions lists query_loc/subject_loc as overridable; LOSAT rejects both strategy options, so none of it is reachable.
LA	34	app/blast/blastn_app.cpp	205-209, 250	CBlastnApp::x_RunMTBySplitDB: CBlastInputSourceConfig(range) and formatter.SetQueryRange(range)	N: the parsed query range reaches the FASTA reader (CBlastInputSourceConfig) and the formatter (typed range)	algorithm/blastn/blast_engine/run.rs:5365(parse_fasta query)	unported	high	port:M	out/N_k3, N_q3m_*	The query range is applied per record when the query is read (x_FastaToSeqLoc rows) and the TYPED range (end not clamped) goes to the formatter (qlen etc., see RF). LOSAT has no hook: the parsed range must be carried from the Args into the query read and the report layer. The cut itself is in QN/QP.
LA	35	app/blast/blastp_app.cpp	207-210, 245	CBlastpApp::x_RunMTBySplitDB: CBlastInputSourceConfig(range) and formatter.SetQueryRange(range)	P: the parsed query range reaches the FASTA reader (CBlastInputSourceConfig) and the formatter (typed range)	algorithm/blastp/blast_engine.rs:4791(bio_records_of query)	unported	high	port:M	out/N_k3, N_q3m_*	The query range is applied per record when the query is read (x_FastaToSeqLoc rows) and the TYPED range (end not clamped) goes to the formatter (qlen etc., see RF). LOSAT has no hook: the parsed range must be carried from the Args into the query read and the report layer. The cut itself is in QN/QP.
LA	36	app/blast/tblastn_app.cpp	209-212, 262	CTblastnApp::x_RunMTBySplitDB: CBlastInputSourceConfig(range) and formatter.SetQueryRange(range)	T: the parsed query range reaches the FASTA reader (CBlastInputSourceConfig) and the formatter (typed range)	algorithm/tblastn/args.rs:744(bio_records_of query)	unported	high	port:M	out/N_k3, N_q3m_*	The query range is applied per record when the query is read (x_FastaToSeqLoc rows) and the TYPED range (end not clamped) goes to the formatter (qlen etc., see RF). LOSAT has no hook: the parsed range must be carried from the Args into the query read and the report layer. The cut itself is in QN/QP.
LA	37	app/blast/tblastx_app.cpp	128-131, 165	CTblastxApp::x_RunMTBySplitDB: CBlastInputSourceConfig(range) and formatter.SetQueryRange(range)	X: the parsed query range reaches the FASTA reader (CBlastInputSourceConfig) and the formatter (typed range)	algorithm/tblastx/blast_engine/run_impl.rs:942(parse_fasta query)	unported	high	port:M	out/N_k3, N_q3m_*	The query range is applied per record when the query is read (x_FastaToSeqLoc rows) and the TYPED range (end not clamped) goes to the formatter (qlen etc., see RF). LOSAT has no hook: the parsed range must be carried from the Args into the query read and the report layer. The cut itself is in QN/QP.
LA	38	algo/blast/blastinput/blast_input_aux.cpp	222-246	ReadSequencesToBlast	NPTX: subject reading with iconfig.SetRange(subj_range), SetSubjectLocalIdMode (ids Subject_<n> by file position), CBlastInput::GetAllSeqs (no exception swallowing)	algorithm/blastn/input.rs:808(read_nucleotide_subjects); algorithm/blastn/blast_engine/run.rs:5217(read_records); algorithm/blastp/blast_engine.rs:4635(bio_records_of)	unported	high	port:M	out/N_q3s_*	One range for EVERY subject record. Ids `Subject_<n>` count file positions (`Warning: [<prog>] Subject_2 ...`). Exceptions of x_FastaToSeqLoc propagate (next row). The cut/translation of the subject is SB.
LA	39	algo/blast/blastinput/blast_fasta_input.cpp	433-437, 445-448	CBlastFastaInputSource::x_FastaToSeqLoc	NPTX: no range given -> from=to=0 -> whole record [0, seqlen-1]; `to>0 && to<from` -> "Invalid sequence range" (unreachable after ParseSequenceRange)	algorithm/blastn/input.rs:761(parse_fasta); algorithm/blastn/input.rs:738(bio_records_of)	faithful	none	keep	source	LOSAT reads whole records today, which equals the no-range case; the "Invalid sequence range" branch cannot be reached because ParseSequenceRange guarantees from<to; nothing to port.
LA	40	algo/blast/blastinput/blast_fasta_input.cpp	450-453	CBlastFastaInputSource::x_FastaToSeqLoc	NPTX queries: start > L+1 (from > seqlen) -> CInputException eInvalidRange, swallowed by CBlastInput::GetNextSeqBatch catch(const exception&){continue;} (blast_input.cpp:153-155): record silently skipped, rc0; all records skipped -> `BLAST engine error: Empty CBlastQueryVector` rc3	algorithm/blastn/input.rs:761(parse_fasta) <- blastn run.rs:5365, tblastx run_impl.rs:942; algorithm/blastn/input.rs:738(bio_records_of) <- blastp blast_engine.rs:4791, tblastn args.rs:744	unported	medium	port:M	out/N_q3m_<prog>_past_{ABA,BAA,AAB,B}_{6,0}; N_q3_*_past*; N_q3_bp_longpast_{6,7,0}; q3_matrix.txt	Verified blastn, blastp, tblastn, tblastx, outfmt 6 and 0 (7 on blastp): a query whose length L < start-1 is dropped with no stderr and no stdout line (outfmt 0 prints no `Query=` block for it); the rest of the file is searched; its ordinal still counts for later `Query_<n>` ids (idx1: [B, A, C901] with 902-951: C901 is Query_3). If every query of a batch is dropped: stderr `BLAST engine error: Empty CBlastQueryVector` rc3 (outfmt 0: 12 prolog lines already on stdout; earlier batches already printed). Do NOT turn this into an error.
LA	41	algo/blast/blastinput/blast_fasta_input.cpp	450-453	CBlastFastaInputSource::x_FastaToSeqLoc	NPTX subjects: start > L+1 -> CInputException eInvalidRange propagates (CBlastInput::GetAllSeqs has no catch): `BLAST query/options error: Invalid from coordinate (greater than sequence length)` + `Please refer to the BLAST+ user manual.`, rc1, nothing on stdout	algorithm/blastn/blast_engine/run.rs:5217(read_records); algorithm/blastp/blast_engine.rs:4635; algorithm/blastn/input.rs:808(read_nucleotide_subjects) <- tblastn args.rs:621, tblastx run_impl.rs:670; blastinput/app.rs:21(options_error)	unported	medium	port:S	out/N_q3s_<prog>_past_{SLL,LSL,LLS,S}_{6,0}; q3s_matrix.txt	Same bytes for the 4 programs, outfmt 0/6/7: stderr exactly `BLAST query/options error: Invalid from coordinate (greater than sequence length)\nPlease refer to the BLAST+ user manual.\n`, rc1, stdout 0 bytes (no outfmt 0 prolog), whichever position the short record has (all subjects are read before the search); the first failing record in file order decides (a FASTA error in an earlier record comes first; LOSAT parses the whole file first, see notes D3).
LA	42	algo/blast/blastinput/blast_fasta_input.cpp	459-460	CBlastFastaInputSource::x_FastaToSeqLoc	NPTX queries: start == L+1 (from == seqlen): empty interval [L, L-1] -> SetupQueries_OMF catches CBlastException "Sequence contains no data" (blast_setup.hpp:192-197): `Warning: [<prog>] Query_<n> <title>: Sequence contains no data ` rc0, query dropped; all queries of the batch -> `BLAST engine error: Warning: Sequence contains no data` rc3	algorithm/blastn/input.rs:475(comment: LOSAT rejects records without residues, "Sequence contains no data ... which LOSAT does not reproduce"); report/query_warnings.rs:187(Query_<n> id)	unported	medium	port:M	out/N_q3m_<prog>_eqp1_{ABA,BAA,AAB,B}_{6,0}; N_bd_B_901-950_6; N_q3_bp_long_{6,0}, N_q3_bp_short_{6,0}, N_q3_bp_longP1P2_{6,0}, N_q3_bp_shortS1P2_{6,0}	Warning text has a trailing space; stdout: outfmt 6 nothing for it; outfmt 0 still prints its `Query= <title>` block with `***** No hits found *****` and `Effective search space used: 0` (blastp, q3_bp_long_0 lines 79-90). Warning (rc0) vs error (rc3) depends on whether another valid query is in the SAME BATCH, and batches are cut by FULL record length (next rows). The setup/warning logic itself is QN/QP; the arguments layer must create the empty interval for start == L+1.
LA	43	algo/blast/blastinput/blast_fasta_input.cpp	459-460	CBlastFastaInputSource::x_FastaToSeqLoc	NPTX subjects: start == L+1: empty interval -> `Warning: [<prog>] Subject_<n> <title>: Subject sequence contains no data` rc0, subject dropped; if it is the only subject: blastn/tblastx `BLAST engine error: The average subject length is too short` rc3 (outfmt 0: prolog printed first), blastp/tblastn rc0 empty result	algorithm/blastn/input.rs:360-373(write_empty_subject_warnings: same warning text for subjects without residues)	unported	medium	port:M	out/N_q3s_<prog>_eqp1_{SLL,LSL,LLS,S}_{6,0}; N_emp_subj_emptyrec	The warning text and numbering already exist for empty subject records; with a range an interval-empty subject must reach the same writer. The average-length error (core/blast_message.c:216) for blastn/tblastx is SB.
LA	44	algo/blast/blastinput/blast_fasta_input.cpp	459-460	CBlastFastaInputSource::x_FastaToSeqLoc	NPTX: start == L: one-letter interval; end >= L: silently clamped to L-1 (no message)	algorithm/blastn/input.rs:761,738 (records whole today)	unported	medium	port:S	out/N_q3m_*_eq_*, N_q3m_*_endpast_*, N_q3s_*_eq_*, N_q3s_*_endpast_*, N_bd_B_900-905_6, N_bd_B_1-5000_6	Start = L searches a 1-letter query/subject, rc0 (tblastx 1-nt query: `Warning: [tblastx] Query_1 ...: Could not calculate ungapped Karlin-Altschul parameters due to an invalid query sequence or its translation. Please verify the query sequence(s) and/or filtering options ` rc0); `1-2147483647` and any end past the end are clamped with no message. The record length used for later statistics is QN/QP/SB.
LA	45	algo/blast/blastinput/blast_fasta_input.cpp	450-453, 459	CBlastFastaInputSource::x_FastaToSeqLoc	NPTX: record with no letters (L=0) and a range: from=0 passes the from>seqlen test (1-based start 1), interval [0, UINT_MAX]; behaves as without a range	algorithm/blastn/input.rs:477-490(check_records_have_residues), 403(check_residues)	rejected	low	keep	out/N_emp_qe_mid_loc, N_emp_qe_only_loc, N_emp_qe_first_loc, N_emp_subj_emptyrec	NCBI: `Warning: [blastn] Query_2 emptyrec: Sequence contains no data` rc0 (or `BLAST engine error: Warning: Sequence contains no data` rc3 when alone), identical with and without -query_loc. LOSAT rejects records without residues explicitly (adapter doc, input.rs); a range does not change that, keep the rejection.
LA	46	algo/blast/blastinput/blast_input.cpp	135-176 (accounting 157-168)	CBlastInput::GetNextSeqBatch	N: batch size accounting adds sequence::GetLength(seq-id) = the FULL record length even when the query is an interval; swallowed records (start>L+1) add nothing	blastinput/query_batch.rs:54(next_query_batch_end) called at algorithm/blastn/blast_engine/run.rs:5895 with lengths built at 5882, 6421, 12695	divergent	medium	port:S	out/N_q3_bp_longP1P2_6, N_q3_bp_shortS1P2_6, N_q3_bp_longP1P2_0, N_q3_bp_longpast_{6,7,0}, N_q3_bp_shortpast_6	blastp batch 10000: [P1 10050 aa, P2 400 aa] with -query_loc 401-800: P1 (searched range 400) fills batch 1 by its full length and is printed, batch 2=[P2] (from==L) -> rc3 `BLAST engine error: Warning: Sequence contains no data` AFTER P1 output (outfmt 6: 1 row; outfmt 0: 76 lines); with a 1000-aa first record both are one batch -> warning rc0. query_batch.rs itself is right, but its `lengths` must be the FULL record lengths (not the cut sequence) and must exclude records skipped by the from>L+1 rule. Earlier batches print before a later batch fails (also outfmt 7).
LA	47	algo/blast/blastinput/blast_input.cpp	135-176 (accounting 157-168)	CBlastInput::GetNextSeqBatch	P: batch size accounting adds sequence::GetLength(seq-id) = the FULL record length even when the query is an interval; swallowed records (start>L+1) add nothing	blastinput/query_batch.rs:19(query_batches) called at algorithm/blastp/blast_engine.rs:5116, 5437 with lengths built at 5274	divergent	medium	port:S	out/N_q3_bp_longP1P2_6, N_q3_bp_shortS1P2_6, N_q3_bp_longP1P2_0, N_q3_bp_longpast_{6,7,0}, N_q3_bp_shortpast_6	blastp batch 10000: [P1 10050 aa, P2 400 aa] with -query_loc 401-800: P1 (searched range 400) fills batch 1 by its full length and is printed, batch 2=[P2] (from==L) -> rc3 `BLAST engine error: Warning: Sequence contains no data` AFTER P1 output (outfmt 6: 1 row; outfmt 0: 76 lines); with a 1000-aa first record both are one batch -> warning rc0. query_batch.rs itself is right, but its `lengths` must be the FULL record lengths (not the cut sequence) and must exclude records skipped by the from>L+1 rule. Earlier batches print before a later batch fails (also outfmt 7).
LA	48	algo/blast/blastinput/blast_input.cpp	135-176 (accounting 157-168)	CBlastInput::GetNextSeqBatch	T: batch size accounting adds sequence::GetLength(seq-id) = the FULL record length even when the query is an interval; swallowed records (start>L+1) add nothing	blastinput/query_batch.rs:19(query_batches) called at algorithm/tblastn/args.rs:911 with query_lengths at 910	divergent	medium	port:S	out/N_q3_bp_longP1P2_6, N_q3_bp_shortS1P2_6, N_q3_bp_longP1P2_0, N_q3_bp_longpast_{6,7,0}, N_q3_bp_shortpast_6	blastp batch 10000: [P1 10050 aa, P2 400 aa] with -query_loc 401-800: P1 (searched range 400) fills batch 1 by its full length and is printed, batch 2=[P2] (from==L) -> rc3 `BLAST engine error: Warning: Sequence contains no data` AFTER P1 output (outfmt 6: 1 row; outfmt 0: 76 lines); with a 1000-aa first record both are one batch -> warning rc0. query_batch.rs itself is right, but its `lengths` must be the FULL record lengths (not the cut sequence) and must exclude records skipped by the from>L+1 rule. Earlier batches print before a later batch fails (also outfmt 7).
LA	49	algo/blast/blastinput/blast_input.cpp	135-176 (accounting 157-168)	CBlastInput::GetNextSeqBatch	X: batch size accounting adds sequence::GetLength(seq-id) = the FULL record length even when the query is an interval; swallowed records (start>L+1) add nothing	blastinput/query_batch.rs:54(next_query_batch_end) called at algorithm/tblastx/blast_engine/run_impl.rs:1508, 1521 with lengths at 1232, 1504; report/query_warnings.rs:73	divergent	medium	port:S	out/N_q3_bp_longP1P2_6, N_q3_bp_shortS1P2_6, N_q3_bp_longP1P2_0, N_q3_bp_longpast_{6,7,0}, N_q3_bp_shortpast_6	blastp batch 10000: [P1 10050 aa, P2 400 aa] with -query_loc 401-800: P1 (searched range 400) fills batch 1 by its full length and is printed, batch 2=[P2] (from==L) -> rc3 `BLAST engine error: Warning: Sequence contains no data` AFTER P1 output (outfmt 6: 1 row; outfmt 0: 76 lines); with a 1000-aa first record both are one batch -> warning rc0. query_batch.rs itself is right, but its `lengths` must be the FULL record lengths (not the cut sequence) and must exclude records skipped by the from>L+1 rule. Earlier batches print before a later batch fails (also outfmt 7).
LA	50	algo/blast/blastinput/blast_input.cpp	135-176 (catch at 146-155)	CBlastInput::GetNextSeqBatch	NPTX: Query_<n> ordinal: the reader local id counts every record read (also skipped ones)	report/query_warnings.rs:187(index + 1)	divergent	low	port:S	out/N_idx1, N_q3m_*_eqp1_*	`Warning: [blastn] Query_3 C901: Sequence contains no data ` for file [B(skipped, from>L+1), A, C901]: LOSAT's `Query_<n>` is the index in the kept query vector; with skipped records the ordinal must stay the file position.
LA	51	algo/blast/blastinput/blast_args.cpp	1995-1999, 2540-2545	ABI v2 validate/register/run (adapter)	NPTX: argv validation without records; record-dependent range effects at run	web/adapter/src/run.rs:62(parse = LOSAT::cli::try_parse_from, same unported rejection), 82-97(validate: parse + per-program check_options / blastn resolve_dust+check_scoring); register/run via run_local (algorithm/*/ run_local)	unported	medium	port:S	source (web/adapter/src/run.rs, docs/web/abi_v2.md section on validate/register/run)	validate must (1) accept the options once cli.rs does, (2) run the subject range parse then the query range parse (NCBI order, syntax errors rc3 texts above) with no records; the adapter parse() already rejects -out/-outfmt. register (per input, no argv) cannot know the range, so from>L+1 (subject error rc1; query skip), empty-interval warnings and clamping belong to run/run_local, which receive the registered records and the argv. Messages returned by validate must be NCBI's (`BLAST engine error: ...`).
LA	52	app/blast/blastn_app.cpp	116-170, 330-411	CBlastnApp::Run / x_RunMTBySplitQuery (CBlastNodeInputReader, per-node CBlastnNode)	NPT: -mt_mode 1 (split by queries) with a range	cli.rs:215,493,283("mt_mode" in the unported lists)	n/a	none	keep	out/N_mt0, N_mt1, N_dep9	With -subject, CMTArgs (blast_args.cpp:3203-3236) resets num_threads to 1 and mt_mode to split-by-DB with the warning `'num_threads and mt_mode' is currently ignored when 'subject' is specified.`, so the node-based path is unreachable for bl2seq; output with `-num_threads 2 -mt_mode 1 -query_loc 1-500` is byte identical to the single-thread run. LOSAT also rejects -mt_mode.
QN	1	src/algo/blast/blastinput/blast_fasta_input.cpp	377-432	CBlastFastaInputSource::x_FastaToSeqLoc (read part)	NX: the record is read in full by CFastaReader (SaveMask, invalid-residue removal with a warning, hyphen/ambiguity handling, defline/title) before any range is looked at; the range applies to the sequence AFTER invalid letters were removed	algorithm/blastn/input.rs:761(parse_fasta);algorithm/blastn/input.rs:403(check_residues_of);algorithm/blastn/blast_engine/run.rs:5476(search: check_residues);algorithm/tblastx/blast_engine/run_impl.rs:1003(search: check_residues_of)	faithful	none	keep	amb/ev_a_qJ_none.err amb/ev_a_qJ_100-2000.err amb/ev_a_qJ_1-2000.err	NCBI warns "FASTA-Reader: Ignoring invalid residues at position(s): On line 2: 51" (removes the letter) identically with no range, a range that excludes position 51 and one that includes it; the range then counts the post-removal letters. LOSAT rejects such letters on the full record before the search (input.rs), so cutting after those checks is faithful; keep the checks on the full record and cut afterwards.
QN	2	src/algo/blast/blastinput/blast_fasta_input.cpp	433-460	CBlastFastaInputSource::x_FastaToSeqLoc (range -> CSeq_interval)	N: interval from0=start-1 (ParseSequenceRange) to min(end-1, len-1), strand both; an end at or past the record end is fixed silently; every record of the query file gets the same typed range	algorithm/blastn/blast_engine/run.rs:5476(search)/6289(search_query_batch: queries = query_records.to_vec())	unported	high	port:S	bn/bneq_megablast_q1_3000_9000_ranged.out bn/bneq_megablast_q1_3000_9000_cut.out	to = (to>0 && to<seqlen) ? to : seqlen-1; from0 > seqlen is the swallowed error of row 4; from0 == seqlen gives an empty interval (row 8). Ranged result == result for the record cut to [from0, min(to0,len-1)] with qstart/qend + from0 for every tested case (ranges 1-8000, 1001-6000, 1500-6003, 3000-9000, 2400-3300; both query strands; megablast, blastn, dc-megablast, blastn-short; -subject_besthit, -max_hsps, -num_threads; 3 records with one range): all columns byte-identical (bn/bneq_*, eq.py). So LOSAT should cut each record seq to the interval (keeping case) after all record checks and carry from0 per query for the report.
QN	3	src/algo/blast/blastinput/blast_fasta_input.cpp	433-460	CBlastFastaInputSource::x_FastaToSeqLoc (range -> CSeq_interval)	X: same interval rule as blastn (strand both: -strand is out of scope)	algorithm/tblastx/blast_engine/run_impl.rs:1003(search)/1709(search_query_batch: queries_raw=query_records)	unported	high	port:S	tx/txeq_3000_9000_ranged.out tx/txeq_3000_9000_cut.out tx/txeq_1001_6000_ranged.out	Ranged tblastx == cut run for every tested start offset (0,1,2 mod 3) and length (4998-5002, 3000-9000 with end past the record end): same rows, coordinates (+from0), e-values, bit scores, order; only the qframe label differs (row 29). Cut each record before generate_frames; keep from0.
QN	4	src/algo/blast/blastinput/blast_input.cpp	135-170	CBlastInput::GetNextSeqBatch (catch (const exception&) { continue; })	NX: record with from0 > record length (typed start > length+1): x_FastaToSeqLoc throws CInputException eInvalidRange "Invalid from coordinate (greater than sequence length)" (blast_fasta_input.cpp:450-453) but the batch reader swallows every std::exception and skips the record: no warning, no report block, not counted in "# BLAST processed N queries", size_read not increased; its local id Query_<k> (k = position in the input file) is consumed, so later warnings keep the file position	algorithm/blastn/blast_engine/run.rs:5882(run_in_pool: lengths);algorithm/blastn/blast_engine/run.rs:5895(next_query_batch_end);algorithm/tblastx/blast_engine/run_impl.rs:1504(run_in_pool: lengths)	unported	medium	port:M	edge/ev_skipmid_blastn.out edge/ev_skipmid_tblastx.out batch/ev_idx.err batch/ev_idx.out	qm.fa (8000, 500, 3000 letters) with -query_loc 1001-3000: the 500-letter record vanishes silently (stderr empty, rc 0, "# BLAST processed 2 queries"). With records [8000, 500, 1000, 3000] and 1001-2000 the warning of record 3 reads "Query_3 r1000", i.e. the numbering counts the skipped record. LOSAT must drop such records (not an error), keep the original input index for Query_<n> and for any per-record message, and remove them from the batch-length vector.
QN	5	src/algo/blast/blastinput/blast_input.cpp	135-170	CBlastInput::GetNextSeqBatch (size_read += sequence::GetLength(loc->GetInt().GetId(), scope))	N: query batches are composed from the FULL record length (length of the Seq-id, not of the interval); batch size from CBatchSizeMixer (initial 5000 for megablast with a small subject)	algorithm/blastn/blast_engine/run.rs:5882(run_in_pool: lengths = record.seq().len());algorithm/blastn/blast_engine/run.rs:5895(next_query_batch_end)	divergent	medium	port:S	batch/ev_b_AB_6.err batch/ev_b_BA_7.rc batch/ev_b_AB_7.out batch/ev_b_BA_7.out	Oracle: A = 8000 letters, B = 500 letters, -query_loc 501-1000. Order A,B: A (full length 8000 >= 5000) is its own batch, B (empty interval) alone in batch 2 -> "BLAST engine error: Warning: Sequence contains no data ", exit 3, after A was written. Order B,A: one batch, warning "Query_1 B: Sequence contains no data ", rc 0. With interval lengths (500+0) both orders would be one batch, so the full length is used. LOSAT: once records are cut, pass the FULL record lengths (and drop skipped records, row 4) to next_query_batch_end and the mixer; use the interval lengths for everything else (split, contexts, statistics, subject_besthit query_len at run.rs:4739).
QN	6	src/algo/blast/blastinput/blast_input.cpp	135-170	CBlastInput::GetNextSeqBatch (size_read += GetLength(id)); tblastx_app.cpp:137 CBlastInput input(&fasta, GetQueryBatchSize())	X: batch size 10002 letters (BATCH_SIZE env if set) counted over FULL record lengths	algorithm/tblastx/blast_engine/run_impl.rs:1504(run_in_pool: lengths);algorithm/tblastx/blast_engine/run_impl.rs:1521(next_query_batch_end)	divergent	medium	port:S	tx/ev_bt_AB15_6.err tx/ev_bt_BA15_6.err tx/ev_bt_AB15_0.rc tx/ev_bt_BA15_0.rc	A = 15000 letters, B = 500 letters, -query_loc 501-1000: order A,B -> rc 3 "BLAST engine error: Warning: Sequence contains no data " (B alone in batch 2, after A was reported); order B,A -> rc 0, warning "Query_1 B: Sequence contains no data ". Same rule as blastn: full record length for batch composition. LOSAT must keep full lengths for next_query_batch_end.
QN	7	src/algo/blast/api/objmgr_query_data.cpp	375-380	CObjMgr_QueryFactory::CObjMgr_QueryFactory(CBlastQueryVector&)	NX: a batch in which every record was skipped (row 4) is empty -> CBlastException eInvalidArgument "Empty CBlastQueryVector"	algorithm/blastn/blast_engine/run.rs:5866(run_in_pool: batch size 0 -> same message);algorithm/tblastx/blast_engine/run_impl.rs:1487(same)	unported	medium	port:S	edge/ev_allskip_0.out edge/ev_allskip_0.err edge/ev_allskip_7.rc batch/ev_skip2_7.out batch/ev_skip2_0.out batch/ev_skip2_0.err	Message "BLAST engine error: Empty CBlastQueryVector", exit 3. First batch empty: outfmt 0 has already written its prolog (BLASTN banner, Reference, "Database: ... N sequences; M total letters"), outfmt 6/7 nothing. A LATER batch empty (A 8000 letters then a skipped 500-letter record, -query_loc 1001-3000): A is reported completely, then the error; no epilog (outfmt 7 has no "# BLAST processed", outfmt 0 no footer). LOSAT already has the error text for BATCH size 0; add this trigger (read all records, decide skipping per record, error at the first empty batch in NCBI order).
QN	8	src/algo/blast/api/blast_setup.hpp;src/algo/blast/api/blast_setup_cxx.cpp	193-198;485-658	IBlastSeqVector::size() ("Sequence contains no data"); SetupQueries_OMF per-query catch + BlastSetup_Validate	NX: empty interval (from0 == record length, e.g. -query_loc 501-600 on 500 letters; also an empty record with start 1): per-query warning "Warning: [<prog>] Query_<n> <title>: Sequence contains no data " (trailing space); the query reports no hits (outfmt 0: Length=<record length>, "***** No hits found *****", "Effective search space used: 0", no Lambda block; outfmt 7: "# N hits found" 0 and no Fields line; outfmt 6: nothing); if all queries of a batch are invalid the batch throws CBlastException eSetup: "BLAST engine error: Warning: Sequence contains no data " once per query (no separator), exit 3	algorithm/blastn/input.rs:514(no_residues: records without residues are rejected);report/query_warnings.rs:133(invalid_query_warning, Karlin text only)	rejected	low	reject:same class as the existing rejection of records without residues (input.rs:514, E2c); NCBI behaviour is deterministic and byte-checkable, so a later port is M (new warning text, outfmt 0/7 empty blocks, all-invalid batch error) and should be done together with empty records	edge/ev_r500_501-600.err edge/edge_two_zero.txt edge/ev_both_blastn.err edge/ev_both_tblastx.err edge/ev_emp_blastn_1-100.err edge/emp_cmp.txt	Evidence: single 500-letter record + 501-600 -> rc 3 "BLAST engine error: Warning: Sequence contains no data "; two such records -> the message twice; with a valid second record rc 0 and q3 searched; 500-600 (interval of 1 letter) is NOT empty (0 hits, rc 0). LOSAT-before already rejects an empty record ("query record 1 (empty) has no residues; NCBI BLAST+ reports such a record differently ...") although NCBI treats it exactly like this empty interval; reject the empty interval in the same way (message naming -query_loc) unless empty records get ported.
QN	9	src/algo/blast/blastinput/blast_fasta_input.cpp;src/algo/blast/api/blast_aux_priv.cpp	484-505;369-440	CBlastFastaInputSource::GetNextSequence + PackedSeqLocToMaskedQueryRegions	N: -lcase_masking: CFastaReader::SaveMask gives the lowercase runs of the FULL record (0-based, record coordinates); masks become frames +1 and -1 for both strands (assume_both_strands=true) and are stored in the query vector in record coordinates	algorithm/blastn/coordination.rs:938(collect_lowercase_masks);algorithm/blastn/coordination.rs:1250(query_masks)	faithful	none	keep (after the cut) - but see row 23 for the split path, which needs record coordinates	lc/lceq_smtrue_701_1400_ranged.out lc/lceq_smtrue_701_1400_cut.out lc/lceq_smfalse_601_800_ranged.out lc/lceq_smtrue_650_750_cut.out	Without a split the net effect is the lowercase mask clipped to the interval and shifted (row 15): a run straddling the range start masks only its part inside the range, a run covering the whole interval masks everything (hard-masked: invalid-query Karlin warning, lc/ev_lcfull0.err); ranged output == cut output for 701-1400, 301-700, 650-750, 601-800, 590-1000, 301-1000 with soft masking default and false. Collecting lowercase from the CUT slice gives exactly this. Lowercase is only read with -lcase_masking (no effect otherwise).
QN	10	src/algo/blast/blastinput/blast_fasta_input.cpp;src/algo/blast/api/blast_aux_priv.cpp	484-505;369-440	CBlastFastaInputSource::GetNextSequence + PackedSeqLocToMaskedQueryRegions	X: -lcase_masking on tblastx (nucleotide masks, frames +1/-1, converted to protein coordinates per frame with dna_length = INTERVAL length, blast_setup_cxx.cpp:1588-1630)	cli.rs:566(is_unported_tblastx_arg: lcase_masking)	rejected	none	reject:-lcase_masking is out of scope for LOSAT TBLASTX (cli.rs:566); NCBI result for ranged input == cut run (tx/lcx_*)	lc/ev_lcx_n.out lc/ev_lcx_y.out lc/lcx_701_1400_ranged.out lc/lcx_702_1400_ranged.out	For the record: NCBI tblastx -lcase_masking with ranges 701-1400, 702-1400, 703-1399, 301-700, 302-701, 650-750, 301-1000 equals the cut run (qframe record-relative as in row 29). The same split defect as row 23 would apply to a split tblastx query (chunk 10002) but cannot occur in LOSAT.
QN	11	src/algo/blast/api/blast_objmgr_tools.cpp	484-580	CBlastSeqVectorOM / GetSequence (letters of the interval, both strands)	N: sequence data = letters of the interval only (CSeqVector(seqloc)); plus strand = interval, minus strand = reverse complement of the interval; ambiguity letters (N, R...) kept as IUPAC (ncbi4na/blastna); sentinels around each strand	algorithm/blastn/blast_engine/run.rs:3971(build_query_blastna_concat_buffers);algorithm/blastn/blast_engine/run.rs:6289(queries = query_records.to_vec())	faithful	none	keep (after the cut)	bn/bneq_blastn_q1rc_1001_6000_ranged.out amb/ambeq_1650_2900_ranged.out amb/ambeq_40_1800_ranged.out	Built from the already cut record, the buffers equal NCBI byte for byte (hits identical to the cut run on both strands, with N and R inside/outside the range).
QN	12	src/algo/blast/api/blast_setup_cxx.cpp	544-585 (+core/blast_util.c:1076-1101)	SetupQueries_OMF translate branch: GetBlastSequence(strand both) + BLAST_GetTranslation on the interval	X: six frames are translated from the INTERVAL: frame +k starts at interval letter k, frame -k at the k-th letter from the interval END (reverse complement of the interval); query genetic code from -query_gencode (x_AutoDetectGeneticCodes, blast_objmgr_tools.cpp:111-170, independent of the range)	algorithm/tblastx/translation.rs:generate_frames (called at algorithm/tblastx/blast_engine/run_impl.rs:1755)	faithful	none	keep (after the cut)	tx/gceq_4_ranged.out tx/gceq_11_ranged.out tx/gceqd_4_ranged.out tx/txeq_2001_5002_ranged.out	Translating the cut slice gives the NCBI frames (engine frames are interval-relative). -query_gencode 4 and 11 (+ -db_gencode 2) with range 2001-5002 equal the cut run. The reported frame labels are record-relative (row 29), not the engine frames.
QN	13	src/algo/blast/api/blast_setup_cxx.cpp	64-93;153-281	SetupQueryInfo_OMF / s_QueryInfo_SetContext / s_AdjustFirstContext	N: contexts: two per query (plus then minus), each of length GetLength(i) = INTERVAL length (sequence::GetLength(seqloc)); offsets prev_offset+prev_len+1; max/min length from interval lengths; exception in GetLength ignored (length 0)	algorithm/blastn/blast_engine/run.rs:3838(QueryContext);algorithm/blastn/blast_engine/run.rs:3971(build_query_blastna_concat_buffers)	faithful	none	keep (after the cut)	bn/ev_o0_ranged.out bn/ev_o0_cut.out	Context lengths come from the cut sequence; "Effective search space used", Lambda/K/H lines of outfmt 0 are identical for ranged and cut runs (only "Length=" and Query coordinates differ, RF).
QN	14	src/algo/blast/api/blast_setup_cxx.cpp	153-281	SetupQueryInfo_OMF translated branch (BLAST_GetTranslatedProteinLength, blast_util.c:923)	X: six contexts per query with protein lengths (L-offset)/3 of the INTERVAL length L (L/3, (L-1)/3, (L-2)/3 for frames 1..3 on each strand); a context of length 0 is invalid (queries of 1 or 2 letters have no valid context: no warning, "No hits found")	algorithm/tblastx/blast_engine/run_impl.rs:2172(query_len_aa = ctx.aa_len);algorithm/tblastx/translation.rs:generate_frames	faithful	none	keep (after the cut)	tx/ev_sh_rec2A_7.out tx/ev_shL_rec2A_7.out tx/ev_sw_len_500-600.err	A 1- or 2-letter record gives the same output in NCBI and LOSAT-before today (tx/ev_sh_*, no warning, in a batch with a valid query); a 1-letter INTERVAL (500-600 on a 500-letter record) alone in the batch gives "Warning: [tblastx] Query_1 tiny: Could not calculate ungapped Karlin-Altschul parameters ..." rc 0 as an unranged 1-letter record would. Cut slices reproduce this through the existing paths.
QN	15	src/algo/blast/api/blast_setup_cxx.cpp;src/algo/blast/core/blast_setup.c	440-470;399-430;1030-1060	s_GetRestrictedBlastSeqLocs / s_RestrictSeqLocs_Multiframe / BlastSeqLoc_RestrictToInterval	N: every mask of the query vector (record coordinates: lowercase and DUST) is restricted to the interval and shifted: left=max(0,left-from), right=min(right,to)-from, dropped when left>right (a mask touching only the interval end letter survives with 1 letter); done once per query at setup	algorithm/blastn/blast_engine/run.rs:6391(masks = query_masks(args,&queries));algorithm/blastn/coordination.rs:938/1008/1250	faithful	none	keep (after the cut)	lc/lceq_smfalse_701_1400_ranged.out lc/lceq_smfalse_301_700_ranged.out dust/dueq_smfalse_351_660_ranged.out	Masks computed on the cut slice are interval-relative already, equal to NCBI restricted+shifted masks. Verified with hard masking (-soft_masking false) so the HSP edges show the mask edges.
QN	16	src/algo/blast/api/dust_filter.cpp	63-186	Blast_FindDustFilterLoc(CBlastQueryVector&) / s_CombineDustMasksWithUserProvidedMasks	N: DUST runs on the letters of the INTERVAL only (CSeqVector(*GetQuerySeqLoc(i)), strand of the interval); its masks are mapped back to record coordinates by CSeq_loc_Mapper(Whole -> interval), merged (Add, fMerge_All|fSort|fStrand_Ignore) with the lowercase masks; empty DUST result leaves the lowercase masks unchanged	algorithm/blastn/coordination.rs:1008(apply_dust_masking: DustMasker on record.seq());algorithm/blastn/coordination.rs:1250(query_masks)	faithful	none	keep (after the cut)	dust/dust_range_hardmask.txt dust/dueq_smfalse_351_660_ranged.out dust/duxs_minus_351_660_ranged.out dust/dueq_smtrue_1_310_ranged.out	The masked region does NOT depend on letters outside the range: a 60-letter AT run at record 301-360 is masked (HSP starts at 361) with -query_loc 331-660, 321-660, 311-660 and 340-660 but NOT with 351-660 (only 10 run letters inside: HSP starts at 351), and a run cut at the range end behaves the same (1-340 masked, 1-310 not). Equal to the cut run in all of them, also with -strand plus|minus. A run at the interval start/end is therefore treated like one at a record edge (dust/q60.fa, s60.fa).
QN	17	src/algo/blast/core/blast_filter.c	1122-1170;1192-1258	BlastSetUp_Filter (SeqBufferSeg) via s_GetFilteringLocationsForOneContext	X: SEG (default on for tblastx: window 12 locut 2.2 hicut 2.5) runs per context on the translated frame of the INTERVAL (buffer = query_blk->sequence + context offset); masks in protein coordinates of that frame	algorithm/tblastx/blast_engine/run_impl.rs:1760-1830(SegMasker over frame.aa_seq)	faithful	none	keep (after the cut)	tx/sgeq_yes_331_720_ranged.out tx/sgeq_yes_301_400_ranged.out tx/sgeq_yes_1_370_ranged.out tx/sgeq_no_301_400_ranged.out	CAG*40 run at record 301-420: ranges 301-720, 331-720, 340-720, 361-720, 301-400, 301-430, 1-330, 1-370, 1-720 with -seg yes and no are equal to the cut runs (rows, e-values, bit scores; qframe record-relative, row 29). SEG sees only the interval translation, so a low-complexity run straddling the range start is judged on the part inside.
QN	18	src/algo/blast/core/blast_setup.c	670-697;774-860	BLAST_CalcEffLengths / Blast_..LengthAdjustment per context	N: effective search space and length adjustment per context from context query_length = INTERVAL length (and the subject set)	algorithm/blastn/blast_engine/run.rs:6819-6893(effective_db_length * effective_query_length)	faithful	none	keep (after the cut)	bn/ev_o0_ranged.out bn/ev_o0_cut.out bn/bneq_blastn_q1_1001_6000_ranged.out	"Effective search space used: 34772361" and the e-values/bit scores of the ranged run equal those of the cut run (1001-6000 of an 8000-letter record). No full-record length enters the statistics.
QN	19	src/algo/blast/core/blast_setup.c;src/algo/blast/core/blast_parameters.c	670-697;774-860;998-1082	BLAST_CalcEffLengths_ex / BlastLinkHSPParametersNew (avg query length)	X: per-context search space from the INTERVAL protein lengths; average query length (linking cutoffs) from the interval nucleotide lengths	algorithm/tblastx/blast_engine/run_impl.rs:1956-1957(avg_query_length from queries_raw lengths);algorithm/tblastx/blast_engine/run_impl.rs:2172(query_len_aa)	faithful	none	keep (after the cut)	tx/txeq_1001_6000_ranged.out tx/txeq_3000_5999_ranged.out tx/sgeq_no_301_400_ranged.out	e-values and bit scores of ranged tblastx runs equal those of cut runs in every tested case (multi-HSP, 130-650 rows each).
QN	20	src/algo/blast/core/blast_setup.c	590-690	BLAST_MainSetUp / Blast_ScoreBlkKbpUngappedCalc per context (query composition)	NX: Karlin-Altschul parameters from the masked INTERVAL; a fully masked interval (hard mask) or untranslatable interval is an invalid query exactly as a fully masked record	report/query_warnings.rs:133(invalid_query_warning)	faithful	none	keep (after the cut)	lc/ev_lcfull7.out lc/ev_lcfull0.out lc/ev_lcfull0.err tx/ev_sw_len_500-600.err	-query_loc 601-800 -lcase_masking -soft_masking false on a lowercase 601-800: "Warning: [blastn] Query_1 lq: Could not calculate ungapped Karlin-Altschul parameters due to an invalid query sequence or its translation. Please verify the query sequence(s) and/or filtering options ", rc 0, outfmt 0 prints Lambda -1.00 lines and "Effective search space used: 0" (Length=1400, RF). Same as the unranged case already ported (E2c).
QN	21	src/algo/blast/api/query_data.cpp;src/algo/blast/api/split_query_cxx.cpp;src/algo/blast/api/split_query_aux_priv.cpp	107-122;52-70;100-145	ILocalQueryData::GetSumOfSequenceLengths + CQuerySplitter ctor + SplitQuery_CalculateNumChunks	N: the batch is split when the SUM OF INTERVAL LENGTHS of its queries (invalid/empty queries count 0) / (chunk-100) >= 2 (blastn 1,999,800; megablast 9,999,800) -- not the full record lengths used for the batch (row 5)	algorithm/blastn/blast_engine/run.rs:12695(search_query_chunks: lengths = queries seq len);algorithm/blastn/query_split.rs:157(calculate_num_chunks);algorithm/blastn/query_split.rs:312(split_query_batch)	faithful	none	keep (after the cut: search_query_chunks must see the cut records)	split/speq_plain_blastn_ranged.out split/speq_plain_blastn_cut.out split/speq_lc_blastn_nosplit_range_ranged.out	EDL933 prefix of 3,500,000 letters: -query_loc 1000001-3200000 (2,200,000 letters, 2 chunks of 1,100,051) -task blastn, megablast, and 1500001-3500000 are byte-identical to the cut runs (34, 2, 89 rows); 1000001-2000000 (1,000,000 letters < 1,999,800, no split) too. A 5.5 Mb record with a small range is not split. The split input is the interval, so cutting first is faithful.
QN	22	src/algo/blast/api/split_query_cxx.cpp	187-210;250-275;215-232	s_SetSplitQuerySeqInterval + x_ComputeQueryIndicesForChunks (chunk Seq-interval = chunk range relative to the interval + q_sl_offset = interval from0)	N: chunk geometry (starts, overlaps 100, concatenated query_ranges) uses interval lengths; the chunk Seq-loc is expressed in RECORD coordinates (from0 added), the chunk letters are the interval letters; contexts/offsets/HSP merge are interval-relative	algorithm/blastn/query_split.rs:312(split_query_batch);algorithm/blastn/blast_engine/run.rs:12724(search_query_chunks: parts = record.seq()[part.from..part.to])	faithful	none	keep (after the cut)	split/speq_plain_blastn_ranged.out split/speq_plain_2_ranged.out	Because the parts are slices of the cut record the merged HSPs equal NCBI (3 split ranges byte-identical to cut runs, both strands, 34-89 rows).
QN	23	src/algo/blast/api/split_query_cxx.cpp;src/objects/seq/seqlocinfo.cpp	276-281;98-125	CQuerySplitter::x_ComputeQueryIndicesForChunks: m_UserSpecifiedMasks[qindex].RestrictToSeqInt(interval built with s_SetSplitQuerySeqInterval(chunk, query_range, 0 /*offset*/, ...))	N: NCBI DEFECT (deterministic): in a split ranged query (from0 > 0) the chunk mask window is built WITHOUT the interval offset (interval-relative coordinates) but is applied to masks that are in RECORD coordinates; the chunk query then restricts again with the record-coordinate chunk interval [pf+d, pt-1+d] (d=from0, part [pf,pt) interval-relative). Net: a mask [m0,m1] (0-based closed, record coordinates) survives in the chunk only inside [max(pf,pf+d), min(pt-1,pt-1+d)] = [pf+d, pt-1) (RestrictToSeqInt drops the part's last letter and lengthens the surviving mask by one letter as in E2f). Lowercase masks (-lcase_masking) outside that window are LOST (hits appear in masked regions); for d=0 no effect	algorithm/blastn/query_split.rs:606(restrict_masks, cut-relative masks, no offset);algorithm/blastn/blast_engine/run.rs:12739-12741(restricted masks, chunk_query_masks)	divergent	low	port:S	split/ev_sp_range_lc.out split/ev_sp_range_lc_nosplit.out split/ev_m4_split.out split/ev_m4_nosplit.out split/ev_m4_nolc.out split/speq_lc_blastn_ranged.out split/speq_lc_blastn_cut.out	qlc.fa (EDL933 first 3.5 Mb, lowercase 1,200,001-1,300,000), -task blastn -lcase_masking -query_loc 1000001-3200000 (d=1,000,000, chunks [0,1100051) and [1099951,2200000)): split run reports a 20,000-letter 100% hit inside the masked region (identical to the run WITHOUT -lcase_masking, 33 rows), CHUNK_SIZE=100000000 (no split) masks it (30 rows), and the cut-record run masks it too. 4-region test q4lc.fa (lowercase at record 1,050,000, 1,200,000, 2,120,000, 2,300,000, 5000 letters each): split run keeps R1 and R3 masked and loses R2 and R4 (hits at 1200001-1205000 and 2300001-2305000), matching the window [pf+d, pt-1): chunk 0 keeps record [1,000,000,1,100,050), chunk 1 [2,099,951,2,199,999). To reproduce, restrict_masks needs the masks in record coordinates (cut masks + d) and a second restriction with the record chunk interval; the batch-level DUST masks go through the same path but chunk DUST recomputes them (dust test split/spdu_* identical to the cut run). Rare (>=2 Mb range + -lcase_masking + from>1) but deterministic: reproduce (NCBI defect policy: deterministic bugs stay reproduced).
QN	24	src/algo/blast/api/dust_filter.cpp;src/algo/blast/api/blast_setup_cxx.cpp	171-186;485-530	Blast_FindDustFilterLoc on the chunk query + SetupQueries_OMF restriction of the chunk query	N: each chunk query (record interval of the chunk) gets its own DUST on the chunk letters, merged with the (wrongly restricted, row 23) split masks	algorithm/blastn/coordination.rs:1303(chunk_query_masks)	faithful	none	keep	split/spdu_true_ranged.out split/spdu_false_ranged.out	qdust.fa (four 200-letter AT runs at record 1,051,000 / 1,201,000 / 2,121,000 / 2,301,000 inside the range 1000001-3200000, -task blastn, soft masking true and false): ranged == cut run (43 and 47 rows). Chunk DUST masks equal the cut-model ones; the extra batch-level DUST masks that survive the row-17 window are DUST masks of the same letters.
QN	25	src/algo/blast/api/split_query_cxx.cpp	174-178	CQuerySplitter tblastx split (chunk 10002 letters, overlap 100/3)	X: a ranged tblastx query whose INTERVAL (not record) length is large is split into 10002-letter chunks exactly as a record of that length would be	blastinput/app.rs:check_query_split_environment (LOSAT does not split TBLASTX; E2e R2c-1: output unchanged)	exception	none	keep	tx/txsplit_a_ranged.out tx/txsplit_a_cut.out tx/txsplit_b_ranged.out	big4.fa (291 kb record), -query_loc 150001-250000 and 100002-199999 (100 kb intervals, split by NCBI): ranged == cut run (650 and 400 rows, qframe record-relative). LOSAT searches without splitting; cut records give the same output as the cut runs (E2e R2c-1 claim carried to ranges). Exception: AGENTS.md/E2e R2c-1 (tblastx split not reproduced because output is unchanged).
QN	26	src/algo/blast/api/setup_factory.cpp;src/algo/blast/api/blast_aux.cpp	190-198,86-114;822-841,904-950	CSetupFactory::CreateScoreBlock -> Blast_GetSeqLocInfoVector / s_ConvertBlastnMasks / Map(kTarget, range)	N: masked_query_regions used by the outfmt 0 query display (lowercase letters): core masks (interval-relative) are mapped back to RECORD coordinates by adding interval from0 (Map: from = target.from + left, to = min(target.from + right, target.to)); a mask equal to the whole interval is dropped (range != kTarget); the mask list of the plus context (or the minus one for a minus-only search) is used	algorithm/blastn/blast_engine/run.rs:4572(BlastnReportInputs.query_masks);algorithm/blastn/blast_engine/run.rs:4607(blastn_pairwise_report)	divergent	medium	port:S	bn/ev_o0_ranged.out bn/ev_o0_cut.out	outfmt 0 of -query_loc 1001-6000 vs the cut record: identical text except "Length=" (8000 vs 5000, RF) and the Query coordinates (5119 vs 4119: +1000); the lowercase soft-mask letters of the alignments are the same, so the report must add from0 to the mask positions when it places them (LOSAT passes cut-relative masks). The whole-interval-mask drop (range != kTarget) is source-only (not exercised here): UNSURE whether an outfmt 0 run with a fully soft-masked interval shows lowercase; check with RF.
QN	27	src/algo/blast/api/blast_aux.cpp;src/objtools/align_format/showalign.cpp	904-966;4292-4330	Blast_GetSeqLocInfoVector (translated branch: Map(kTarget(DNA interval), masked_range(PROTEIN coords))) + CDisplaySeqalign::x_FillLocList	X: outfmt 0 (the default format) shows SEG-masked query residues in lowercase. NCBI converts the protein-coordinate masks of the six contexts with Map(), which ADDS the DNA interval start to protein positions, and the display intersects each mask interval (frame ignored) with the alignment rows	algorithm/tblastx/blast_engine/run_impl.rs:3655(convert_coords);algorithm/tblastx/report.rs:236-330(query_dna_masks: SEG masks protein->DNA, used for the outfmt 0 lowercase)	divergent	high	port:M	tx/ev_dr_1003.out tx/ev_dc_1003.out tx/ev_dr_1001.out tx/ev_dc_1001.out tx/ev_sgr_302.out tx/ev_sgc_302.out tx/ev_q0_r1.out tx/ev_q0_c1.out tx/ev_q0_r102.out tx/ev_q0_c102.out tx/ev_q0_r301.out tx/ev_q0_c301.out	UNSURE: needs RF (outfmt 0 writer). With the default -seg (tblastx default is ON) the lowercase (SEG-masked) residues of the displayed query lines of a RANGED outfmt 0 differ from the cut run shifted by from0, although letters, scores, coordinates (+from0) and e-values are identical. q1.fa (8000 letters), -query_loc F-6000 vs the cut record: lowercase letters 1360 vs 822 (from0=1000), 1323 vs 822 (1001), 1165 vs 822 (1002), 1360 vs 822 (1003); alignments with lowercase 37-45 vs 13; one example: ranged alignment Frame -1/+1 at Query 2390 shows 'cctpflysch' lowercase, the same alignment in the cut run (Query 1388, Frame -2/+1) has no lowercase. sq.fa (CAG*40 at record 301-420, 720 letters), -seg yes: from0 = 0, 30, 99, 300, 303 (multiples of 3) give lowercase positions identical to the cut run shifted by from0 (and equal to the unranged run); from0 = 101 (102-720) lists at least 8 alignments with lowercase where the cut run has 4 (ev_q0_r102.out vs ev_q0_c102.out, first 8 listed). Source: Blast_GetSeqLocInfoVector maps the DNA-coordinate SEG masks of every context with Map(kTarget=[from0,to0], range) = [from0+left, min(from0+right,to0)] and CDisplaySeqalign::x_FillLocList intersects every mask (frame ignored) with the alignment rows; that predicts a pure shift, so the cause is not understood. outfmt 6/7 have no masks and are unaffected; blastn outfmt 0 soft-mask lowercase IS a pure shift (row 26). Not reduced to a rule: needs a targeted experiment (single mask, known frame) before porting; until then ranged TBLASTX outfmt 0 with SEG cannot be claimed byte-identical.
QN	28	src/algo/blast/api/blast_setup_cxx.cpp	534-546	SetupQueries_OMF: messages[index].SetQueryId(id->GetSeqIdString() + " " + title), truncated to 25+".. " when longer than 35	NX: the "Query_<n> <title>" prefix of per-query warnings uses the Seq-id assigned by the reader (counter over ALL records read, skipped ones included) and the record title; with a range nothing else changes	report/query_warnings.rs:133(invalid_query_warning: 0-based position of the query in the input)	divergent	low	port:S	batch/ev_idx.err batch/ev_idx.out batch/ev_idxA.err	Records [q1 8000, tiny 500 (skipped), r1000 (empty interval), q3]: "Warning: [blastn] Query_3 r1000: Sequence contains no data " (r1000 is the 2nd retained query but the 3rd record). LOSAT today derives the number from the position among the queries it keeps; after row 4 it must use the original record number.
QN	29	src/algo/blast/api/blast_seqalign.cpp	1520-1531	RemapToQueryLoc (sar->OffsetRow(query_row, interval from0)) -> frames printed from the shifted Seq-align	X: HSPs are searched in INTERVAL frames but reported (qframe, outfmt 0 "Frame = +a/-b") with RECORD-relative frame labels; coordinates qstart/qend are record positions (from0 added) -- owner: RF	algorithm/tblastx/blast_engine/run_impl.rs:3655(convert_coords(.., ctx.frame, ctx.orig_len));algorithm/tblastx/extension/mod.rs:73(convert_coords);algorithm/tblastx/report.rs:136-150(display frames = search frames)	divergent	high	port:S	tx/txeq_1001_6000_ranged.out tx/txeq_1001_6000_cut.out tx/txeq_1003_6000_ranged.out tx/txeq_1001_6002_ranged.out tx/txeq_3000_9000_ranged.out tx/ev_o0x_ranged.out tx/ev_o0x_cut.out	Formula verified on 14 ranged runs (all rows, eq.py QF=1: 0 mismatches), with from0 = typed start-1, e = record length - min(typed end, record length): cut/engine frame +f (1..3) is reported as +(((from0+f-1) mod 3)+1); cut frame -k as -(((e+k-1) mod 3)+1). E.g. from0=1000: 1->2, 2->3, 3->1; e=2000 (end 6000 of 8000): -1->-3, -2->-1, -3->-2. All other columns (coordinates + from0, e-values, bit scores, row order) equal the cut run. The same labels appear in outfmt 0 ("Frame = +1/+1" vs cut "+3/+1"). Needed by the writer (RF).
QN	30	src/algo/blast/api/blast_setup_cxx.cpp	485-658	SetupQueries_OMF: per-query gencode (GetGeneticCodeId) and encoding	X: genetic code per query: -query_gencode, else Seq-descr source gencode (FASTA records have none -> 1)	algorithm/tblastx/blast_engine/run_impl.rs:1638(query_code = GeneticCode::from_id(args.query_gencode))	n/a	none	keep	tx/gceq_4_ranged.out tx/gceq_11_ranged.out	Independent of the range (gencode 4 and 11 ranged == cut).
QN	31	src/app/blast/blastn_app.cpp;src/app/blast/tblastx_app.cpp	116-170,200-215;125-140	CBlastnApp::Run / CTblastxApp::Run: query from stdin (-query -), -num_threads, IsIStreamEmpty	NX: standard input and -num_threads do not interact with the range (bl2seq has no -db: x_RunMTBySplitDB always; -mt_mode is rejected by LOSAT)	cli.rs:235,302(mt_mode unported)	faithful	none	keep	bn/ev_stdin.out bn/ev_thr4.out tx/thr4_ranged.out	cat q1.fa | blastn -query - -query_loc 1001-6000 == file input (byte-identical); -num_threads 4 identical to 1 thread (blastn and tblastx ranged vs cut). A blank query file still prints "Query is Empty!" before any range logic.
QN	32	src/algo/blast/api/blast_options_handle.cpp	-	options that read query lengths: -max_target_seqs, -evalue, -subject_besthit, -max_hsps, -task variants, -perc_identity	N: none depends on the record length; all use interval lengths through the contexts	algorithm/blastn/blast_engine/run.rs:4739(subject_best_hit query_len = lengths[q_idx])	divergent	medium	port:S	bn/bneq_blastn_q1_1001_6000_ranged.out bn/sbh_1001_ranged.out bn/mh_1001_ranged.out bn/pi_1001_ranged.out bn/sh_1001_ranged.out	-subject_besthit, -max_hsps 2 -max_target_seqs 3 -evalue 1e-10 -num_threads 3 (query on minus strand), dc-megablast, blastn-short -word_size 11 all equal the cut run at 1001-6000 and 3000-9000. LOSAT note: post_process_hits_and_write takes `lengths` for subject_best_hit query_len (run.rs:4739); in the ranged port this must be the INTERVAL length while the batch composition takes the full length (rows 5 and 6) -- two separate vectors.
QN	33	src/algo/blast/blastinput/blast_fasta_input.cpp;src/algo/blast/api/blast_setup_cxx.cpp	418-431;96-123,127-150	x_FastaToSeqLoc strand of the interval (-strand plus|minus) + s_BlastSetup_GetStrand / s_AdjustFirstContext	NX: -strand plus|minus with -query_loc: the interval gets that strand; only the requested strand contexts are valid (the other has length 0, min_length 0); DUST runs on the minus-strand letters of the interval for -strand minus	cli.rs:255(is_unported_blastn_arg: strand);cli.rs:588(is_unported_tblastx_arg: strand)	rejected	none	reject:-strand itself is out of scope for LOSAT (cli.rs); NCBI behaviour with a range equals the cut run	bn/bneq_strandplus_q1_1001_6000_ranged.out bn/bneq_strandminus_q1rc_3000_9000_ranged.out dust/duxs_minus_351_660_ranged.out	Recorded only: blastn -task blastn -strand plus|minus -query_loc 1001-6000 and 3000-9000 on both a query and its reverse complement, and the DUST straddle tests with -strand plus|minus, equal the cut run (qstart/qend + from0, all columns). No extra range logic beyond the cut.
QP	1	algo/blast/blastinput/blast_args.cpp	1996-1999	CQueryOptionsArgs::ExtractAlgorithmOptions (query location)	PT: -query_loc given -> m_Range = ParseSequenceRange(arg, "Invalid specification of query location")	cli.rs:313(is_unported_blastp_arg);cli.rs:522(is_unported_tblastn_arg);algorithm/blastp/args.rs:209(BlastpArgs: no field);algorithm/tblastn/args.rs:43(TblastnArgs: no field);(adapter) web/adapter/src/run.rs:228-229(run_local_blastp/run_local_tblastn receive parsed records: apply the range inside run_local, shared by CLI and ABI v2)	unported	high	port:S	o_p_mid.6.txt;t_mid.out;L_p_qloc.err;L_t_qloc.err	NCBI keeps ONE 0-based closed TSeqRange [from-1,to-1] for every query record of the run (no per-record ranges). LOSAT today stops with 'error: the NCBI BLAST+ option -query_loc is not supported by LOSAT's BLASTP' (exit 2, TBLASTN alike). Needs: accept the option, carry (from,to) in BlastpArgs/TblastnArgs and the ABI v2 argv path. Parsing, texts and exit codes are owned by range RF (observed: wrong format/<=0/equal/start>stop -> 'BLAST engine error: Invalid specification of query location (...)' exit 3; non-numeric -> CStringException exit 255; see notes).
QP	2	algo/blast/blastinput/blast_input_aux.cpp	145-179	ParseSequenceRange	PT: range string -> [from-1,to-1] (RF owns the parser; listed because QP consumes its result)	-	unported	high	port:S	p_parse_1.err..p_parse_18.err	Observed with 'blastp -query q1.faa -subject s3.faa -query_loc V': '100','100-','-100','1-2-3','100--400','100,400','' -> exit 3 'BLAST engine error: Invalid specification of query location (Format: start-stop)'; '0-100' -> '(range elements cannot be less than or equal to 0)'; '50-50' -> '(range cannot be empty)'; '100-50' -> '(start cannot be larger than stop)'; 'a-b',' 1-10','1e2-300', int overflow -> exit 255 with an uncaught CStringException; '+5-10' is accepted (StringToInt). All raised before any query is read. '1-2' and '5-6' are legal (2-residue query, no hits, exit 0).
QP	3	algo/blast/blastinput/blast_fasta_input.cpp	377-466	CBlastFastaInputSource::x_FastaToSeqLoc (record read, whole record)	PT: reader reads and validates the WHOLE record (all reader warnings/errors) before the range is applied; the range then addresses the cleaned residue sequence	algorithm/blastp/blast_engine.rs:4790-4795(search_cli: bio_records_of, check_protein_sequence_lines_of, check_protein_input_of on the whole file);algorithm/tblastn/args.rs:742-748(search_cli);algorithm/blastn/input.rs:197-262,449-475	faithful	none	keep	p_O_out.err;p_hyph_out.err;p_digit_out.err;p_title_skip.err	Letters outside the range are still read: a '-' at residue 50 with -query_loc 100-400 still gives 'CFastaReader: Hyphens are invalid and will be ignored around line 2'; a digit gives 'FASTA-Reader: Ignoring invalid residues at position(s): On line 2: 50' and the range then refers to the cleaned sequence (hit moved by one residue). LOSAT rejects both kinds of byte for the whole file before the search (existing explicit rejection), so no range-specific change; the cut must come AFTER these whole-file checks and must keep them.
QP	4	algo/blast/blastinput/blast_fasta_input.cpp	446-453	CBlastFastaInputSource::x_FastaToSeqLoc (range sanity: from > seqlen)	PT: from (0-based) > full record length -> CInputException eInvalidRange 'Invalid from coordinate (greater than sequence length)' (swallowed by GetNextSeqBatch, record silently skipped)	-	unported	medium	port:S	p_from_gt_len.err;p_multi_700_900.out;p_multi_1000_1100.err;t_multi_700_900.out;p_AshortB.out;p_ABshort.err	The range of record N is checked against that record's own length; a record shorter than the range start is dropped with NO message while other records are searched (-query_loc 700-900 on records of 986/674/394 letters searches only the 986-letter record). Dropped records keep their ordinal: later warnings say Query_<original ordinal>. If nothing is left in the final batch: exit 3 'BLAST engine error: Empty CBlastQueryVector' (see row for GetNextSeqBatch). The exception text 'Invalid from coordinate' is never printed. LOSAT: filter records before the search with from_0 > len.
QP	5	algo/blast/blastinput/blast_fasta_input.cpp	458-461	CBlastFastaInputSource::x_FastaToSeqLoc (interval construction)	PT: interval = [from, (to>0 && to<seqlen) ? to : seqlen-1]; to past the record end is clipped silently	-	unported	medium	port:S	p_end_past.out;p_big_to.out;p_to_just_past.out;p_to_eq_len.out;p_whole_range.out;t_end_past.out	Interval length = min(to,seqlen-1)-from+1 is the query length of the search (e.g. -query_loc 600-1000 on 674 letters -> 75 residues, E-values equal to a 75-letter query); no warning, exit 0. -query_loc 1-674 on 674 letters equals no range (qlen 674). Interval is 0-based closed in record coordinates; the residues searched are record[from..=to] only.
QP	6	algo/blast/blastinput/blast_fasta_input.cpp	450-460	CBlastFastaInputSource::x_FastaToSeqLoc (from == seqlen: zero-length interval)	PT: range start = record length + 1 (from == seqlen is NOT rejected): interval [seqlen, seqlen-1] has length 0	algorithm/blastp/blast_engine.rs:4795(check_records_have_residues_of rejects only zero-length RECORDS);algorithm/tblastn/args.rs:748,834	unported	low	port:S	p_from_eq_len1.err;p_eq_multi.err;p_eq_multi0.out;p_eq_only0.out;t_from_eq.err;t_eq_multi.err	Record kept as a query of length 0: stderr 'Warning: [blastp] Query_1 <id title>: Sequence contains no data ' (exit 0 when another query is valid); outfmt 0 prints 'Query= <title>', 'Length=<FULL record length>', '***** No hits found *****', 'Effective search space used: 0'; outfmt 6 prints nothing for it. If every query of the batch is invalid: exit 3 'BLAST engine error: Warning: Sequence contains no data ' after the outfmt 0 prolog. -query_loc 674-800 on 674 letters (from=673) is an ordinary 1-residue query. LOSAT has no zero-length query path (rejects empty records). Decision: share one 'Sequence contains no data' query path with the empty-record case or keep an explicit rejection.
QP	7	algo/blast/blastinput/blast_fasta_input.cpp	433-460	CBlastFastaInputSource::x_FastaToSeqLoc (empty record)	PT: record with no residues and a range	algorithm/blastp/blast_engine.rs:4795;algorithm/tblastn/args.rs:748	unported	low	port:S	p_empty_noloc.err;p_empty_loc.err;p_empty_loc1.err;p_empty_loc1.out	seqlen=0: with range start >= 2 (from>0) the record is skipped silently (no 'Sequence contains no data'); with range start 1 (from=0) the interval is [0,seqlen-1=4294967295] and the record is read as a zero-length query exactly as without a range ('Warning: [blastp] Query_1 empty1 nothing: Sequence contains no data ', other queries searched). LOSAT rejects such a record for any input today (check_records_have_residues_of); with a range the silent-skip case would need the record to pass the empty-record check first.
QP	8	algo/blast/blastinput/blast_input.cpp	135-170	CBlastInput::GetNextSeqBatch (SB-2307 catch)	PT: catch (const exception&) { continue; } around GetNextSequence	algorithm/blastp/blast_engine.rs:4791-4795,5274;algorithm/tblastn/args.rs:744-748,883	unported	medium	port:S	p_multi_700_900.out;p_skip_first.err;p_ABC.err;t_multi_700_900.out	Any CException from x_FastaToSeqLoc (eInvalidRange from the range checks) drops that record from the batch without a message. Records are numbered by the reader before the drop: Query_<n> in warnings is the ORIGINAL record ordinal (qshort_then_O.faa: dropped record 1, O warning says Query_2); LOSAT numbers by position in the list it searches, so the list must carry the original ordinal.
QP	9	algo/blast/blastinput/blast_input.cpp	138-166	CBlastInput::GetNextSeqBatch (batch size accounting)	P: size_read += GetLength(id) = FULL bioseq length (not the interval); batch closes when size_read >= 10000	algorithm/blastp/blast_engine.rs:5274(query_lengths from record.seq().len());algorithm/blastp/blast_engine.rs:5437(query_batches for query_batch_skipped);algorithm/blastp/blast_engine.rs:5116(search_split_query_batches);algorithm/blastp/blast_engine.rs:7472(prepend_batch_title_warnings);blastinput/query_batch.rs:19(query_batches)	divergent	medium	port:S	p_ABshort.err;p_ABshort.out;p_AshortB.out;p_ABshort_nolocjunk.out	Batches ignore the range: A(6000)+B(6000) close a batch (12000>=10000) although the intervals total 400; with S(50) after them the last batch has only a dropped record -> exit 3 'BLAST engine error: Empty CBlastQueryVector' after A and B were printed (p_ABshort), whereas S before B (A,S,B) gives one batch and exit 0 (p_AshortB). Dropped records add 0. LOSAT's query_batches(&query_lengths) takes record.seq().len(); if the cut sequences replace the records it would batch by interval length. Keep a separate vector of FULL lengths of the kept records for query_batches/title warnings, and interval lengths for the split.
QP	10	algo/blast/blastinput/blast_input.cpp	138-166	CBlastInput::GetNextSeqBatch (batch size accounting)	T: size_read += GetLength(id) = FULL bioseq length; batch closes at 20000	algorithm/tblastn/args.rs:883(query_seqs from record.seq());algorithm/tblastn/args.rs:910-911(query_lengths, query_batches);algorithm/tblastn/args.rs:995(prepend_batch_title_warnings with query_lengths);blastinput/query_batch.rs:19	divergent	medium	port:S	t_ABshort.out;t_ABshort2.err;t_ABshort2.out	Same as the blastp row with batch size 20000: A(12000)+B(12000) then S(50) -> exit 3 Empty CBlastQueryVector (t_ABshort2); with 6000-letter records everything is one batch (t_ABshort). LOSAT: query_lengths computed from the cut sequences would be wrong; use full lengths of kept records for batching, interval lengths for the split.
QP	11	algo/blast/api/objmgr_query_data.cpp	375-380	CObjMgr_QueryFactory::CObjMgr_QueryFactory(CBlastQueryVector&)	P: final batch contains no kept record -> CBlastException eInvalidArgument 'Empty CBlastQueryVector'	algorithm/blastp/blast_engine.rs:5023-5050(check_blastp_environment: only the BATCH_SIZE==0 case)	divergent	medium	port:S	p_from_gt_len.err;p_from_gt_len0.out;p_ABshort.err;p_multi_1000_1100.err;p_big_from.err	Text 'BLAST engine error: Empty CBlastQueryVector', exit 3. The outfmt 0 prolog (version, references, 'Database: ... N sequences; M total letters') has already been written; earlier batches' reports stay. Raised when the first or a later batch has only dropped records (the loop runs while the input is not at its end). LOSAT has the message only for BATCH_SIZE=0 (before the first batch).
QP	12	algo/blast/api/objmgr_query_data.cpp	375-380	CObjMgr_QueryFactory::CObjMgr_QueryFactory(CBlastQueryVector&)	T: final batch contains no kept record -> 'Empty CBlastQueryVector'	algorithm/tblastn/args.rs:849-879(search: only the batch_size==0 case)	divergent	medium	port:S	t_from_gt.err;t_ABshort2.err	As the blastp row; tblastn prints the outfmt 0 prolog first, then exit 3 with the same text.
QP	13	algo/blast/blastinput/blast_fasta_input.cpp	484-505	CBlastFastaInputSource::GetNextSequence (lowercase mask intake)	T: -lcase_masking: whole-record lowercase runs saved by the reader in RECORD coordinates, converted by PackedSeqLocToMaskedQueryRegions (program blastp, both strands)	algorithm/tblastn/search_seed.rs:26-68(encode_tblastn_lookup_query computes runs from the bytes it is given)	faithful	none	keep	t_lower_mask.out;t_lower_mask_noloc.out;t_lower_mask0.out;slice_cmp tblastn qLower_straddle.faa 150 400 -lcase_masking;evidence_slice_cmp.txt	For an unsplit ranged query the mask restricted to the interval (next rows) is exactly the lowercase runs of the cut residues clipped at both ends, so LOSAT can compute runs on the cut slice (run straddling the start/end is clipped, run outside is dropped); oracle: ranged == unranged cut slice (shifted) for runs straddling start and end, also with -soft_masking true. Only the split path differs (row of s_SetSplitQuerySeqInterval).
QP	14	algo/blast/blastinput/blast_fasta_input.cpp	484-505	CBlastFastaInputSource::GetNextSequence (lowercase mask intake)	P: -lcase_masking with -query_loc	cli.rs:300(is_unported_blastp_arg lcase_masking)	rejected	none	reject:-lcase_masking is not supported by LOSAT's BLASTP (out-of-scope option for this session)	source	NCBI blastp accepts -lcase_masking; LOSAT rejects it for blastp today, independent of the range. Keep the rejection; if it is ported later the tblastn rows (mask restriction and the split mask coordinate defect) apply to blastp unchanged.
QP	15	algo/blast/api/blast_objmgr_tools.cpp	324-345	CBlastQuerySourceOM::GetLength	PT: length of query i = sequence::GetLength(Seq-interval) = to-from+1 (interval, not record)	algorithm/blastp/blast_engine.rs:5274-5277(query_lengths);algorithm/tblastn/args.rs:910(query_lengths);algorithm/tblastn/stage_d_pipeline.rs:415,530(query lengths from the byte slices)	faithful	none	keep	p_end_past.out;slice_cmp blastp q1.faa 600 1000;evidence_slice_cmp.txt	Every search statistic below takes this interval length; given the cut slice as the query LOSAT's existing lengths are the same value. Observed: -query_loc 600-1000 on 674 letters has the E-values of a 75-letter query (0.015/0.24 equal in cut-slice run). NOTE the tabular 'qlen' column prints the range length UNCLIPPED (401 here), not this value (formatter, owned by RF).
QP	16	algo/blast/api/blast_setup_cxx.cpp	153-281	SetupQueryInfo_OMF (protein: s_QueryInfo_SetContext, max/min_length)	P: one context per query, context length = interval length, offset = previous offset + previous length + 1	algorithm/blastp/blast_engine.rs:5283-5289(query_frames from record.seq());algorithm/tblastx/lookup/backbone.rs:312-420(prepare_lookup_query: frame_bases/contexts)	faithful	none	keep	slice_cmp blastp q1.faa 100 400 (IDENTICAL);slice_cmp blastp qmulti.faa 50 300 -seg yes -comp_based_stats 2;evidence_slice_cmp.txt	Receives the sequence of each query; with the cut slice it builds the same contexts. Zero-length intervals make an invalid context (see zero-length row). Nothing range-specific otherwise.
QP	17	algo/blast/api/blast_setup_cxx.cpp	153-281	SetupQueryInfo_OMF (protein: s_QueryInfo_SetContext, max/min_length)	T: same, query is protein	algorithm/tblastn/stage_d_pipeline.rs:1079-1121(query_set_setup: working_frames, contexts);algorithm/tblastx/lookup/backbone.rs:312-420	faithful	none	keep	slice_cmp tblastn q1.faa 100 400;slice_cmp tblastn qmulti.faa 100 400;evidence_slice_cmp.txt	As blastp: contexts built from the byte slices LOSAT is given.
QP	18	algo/blast/api/blast_setup_cxx.cpp	871-943	GetSequenceProtein (via CBlastQuerySourceOM::GetBlastSequence -> GetSequence -> CBlastSeqVectorOM, blast_objmgr_tools.cpp:308-322,484-577)	P: residues of the INTERVAL only; O replaced by X with warning 'One or more O characters replaced by X for alignment score calculations at positions i, j' (positions = 0-based indexes INSIDE the interval, max 20 then ',... (only first 20 shown)')	algorithm/blastp/blast_engine.rs:7461-7468(replaced_o_message(record.seq()));report/query_warnings.rs:228-249(replaced_o_message);algorithm/blastp/encoding.rs:54-67(encode_protein_sequence O->X)	divergent	medium	port:S	p_O_out.err;p_O_in.err;p_O_both.err;p_O_in_noloc.err;p_U_in.out;p_Star_in.out;p_J_in.out;p_B_in.out;slice_cmp blastp qO_both.faa 100 400;evidence_slice_cmp.txt	O at record positions 200 and 250 (1-based) with -query_loc 100-400 -> 'positions 100, 150' (no range: 'positions 199, 249'); O at 50 and 600 outside the range -> NO warning and the same hits as a clean query; U, J, B, Z, * are valid residues without warning (E-values change slightly). replaced_o_message must be called on the cut interval (it is called on record.seq() today), positions then come out interval-local as in NCBI. encode_protein_sequence already does O->X silently.
QP	19	algo/blast/api/blast_setup_cxx.cpp	871-943	GetSequenceProtein (via CBlastQuerySourceOM::GetBlastSequence -> GetSequence -> CBlastSeqVectorOM, blast_objmgr_tools.cpp:308-322,484-577)	T: same	algorithm/tblastn/args.rs:980-992(replaced_o_message(query.seq()) in query_warning_lines);report/query_warnings.rs:228-249;algorithm/blastp/encoding.rs:54-67	divergent	medium	port:S	t_O_out.err;t_O_in.err;t_O_both.err;t_O_in_noloc.err;t_U_in.out;t_Star_in.out;t_J_in.out	Identical behaviour to blastp (tblastn warning prefix '[tblastn]'): 'positions 100, 150' for the in-range O's, none for O outside the range. Pass the cut interval to replaced_o_message.
QP	20	algo/blast/api/blast_setup_cxx.cpp	897-918	GetSequenceProtein (invalid residue branch)	PT: residue code >= BLASTAA_SIZE -> CBlastException eInvalidCharacter 'Invalid residues found at positions ...' (interval-local positions)	algorithm/blastn/input.rs:449-475(check_protein_residues_of rejects any byte that is not a letter or *)	n/a	none	keep	p_digit_out.err;p_hyph_out.err	Cannot be reached: the FASTA reader removes invalid bytes before the sequence reaches this function (stderr 'Ignoring invalid residues'), and LOSAT rejects those bytes up front; every letter and '*' maps to a code < 28.
QP	21	algo/blast/api/blast_setup_cxx.cpp	533-545	SetupQueries_OMF (messages[index].SetQueryId)	PT: message prefix 'Query_<ordinal> <title>' (25 chars + '.. ' when longer than 35); ordinal is the reader's record counter, dropped records included	algorithm/blastp/blast_engine.rs:7457-7468(query_warning("blastp", q_idx, record,...));algorithm/tblastn/args.rs:980-992(query_warning("tblastn", index, ...));report/query_warnings.rs:175-199	divergent	medium	port:S	p_skip_first.err;p_ABC.err;p_eq_multi.err;t_eq_multi.err	qshort_then_O.faa (record 1 shorter than the range start, dropped): warning says 'Query_2 BDT63357.1 heat s.. :'. LOSAT passes the index in the list of searched queries (would print Query_1). Needs the original 1-based record ordinal for every kept query. Query_<n> numbering is global over the file, not per batch (qABC.faa: Query_3 in the second batch).
QP	22	algo/blast/api/blast_setup_cxx.cpp	632-654	SetupQueries_OMF (catch CException -> message + s_InvalidateQueryContexts; BlastSetup_Validate)	PT: zero-length interval (see from==seqlen row) throws 'Sequence contains no data' in IBlastSeqVector::size(); the query becomes a warning message and its contexts invalid; all contexts invalid -> CBlastException eSetup with the messages	algorithm/blastp/blast_engine.rs:5428-5441(query_valid/invalid_query path for Karlin failures only);report/query_warnings.rs:133-134(invalid_query_warning)	unported	low	port:S	p_eq_multi.err;p_eq_only0.out;p_from_eq_len1.err	Same as the zero-length row; listed separately because the all-invalid case is raised by BlastSetup_Validate/SetupQueries (exit 3 text 'BLAST engine error: Warning: Sequence contains no data ' including the trailing space) rather than by the empty-batch check.
QP	23	algo/blast/api/blast_setup_cxx.cpp	439-471	s_GetRestrictedBlastSeqLocs (-> core/blast_setup.c:1029-1062 BlastSeqLoc_RestrictToInterval)	T: lowercase mask (record coordinates) restricted to the interval [from,to] and shifted to interval-local: left=max(0,left-from), right=min(right,to)-from, dropped when left>right; early return when from==0&&to==0	algorithm/tblastn/search_seed.rs:26-68(encode_tblastn_lookup_query)	faithful	none	keep	slice_cmp tblastn qLower_straddle.faa 150 400 -lcase_masking;slice_cmp tblastn qLower_straddle_end.faa 100 400 -lcase_masking;t_lower_mask.out;evidence_slice_cmp.txt	Runs straddling the start are clipped at residue 0 of the interval, runs straddling the end at its last residue, runs outside vanish: identical to taking lowercase runs of the cut residues. No change if the cut slice keeps the original letter case.
QP	24	algo/blast/core/blast_filter.c	1192-1305	s_GetFilteringLocationsForOneContext / BlastSetUp_GetFilteringLocations (SEG + lowercase combine)	T: SEG (default 12 2.2 2.5) runs on the context buffer = interval residues; restricted lowercase mask appended; BlastSeqLocCombine	algorithm/tblastn/search_seed.rs:26-68;algorithm/tblastn/stage_d_pipeline.rs:1079-1093(query_set_setup);algorithm/blastp/encoding.rs:83-111(encode_protein_query_frame_with_seg)	faithful	none	keep	slice_cmp tblastn qLC.faa 100 400;slice_cmp tblastn qLC_end.faa 100 400;slice_cmp tblastn qLower_straddle.faa 150 400 -lcase_masking;evidence_slice_cmp.txt	SEG sees only the interval: a low-complexity run straddling the range start/end is judged on the cut residues; ranged output == cut-slice output (shifted) for runs straddling start and end. LOSAT calls SEG on the byte slice it is given, so it is right once handed the interval.
QP	25	algo/blast/core/blast_filter.c	1192-1305	s_GetFilteringLocationsForOneContext / BlastSetUp_GetFilteringLocations (SEG)	P: -seg yes on the interval buffer	algorithm/blastp/blast_engine.rs:5282-5289(encode_protein_query_frame_with_seg(record.seq(), seg_params))	faithful	none	keep	p_LC_seg_range.out;p_LC_seg_range6.out;p_LC_seg_full6.out;slice_cmp blastp qLC.faa 100 400 -seg yes;slice_cmp blastp qLC_end.faa 100 400 -seg yes;evidence_slice_cmp.txt	blastp default is -seg no (tblastn default is yes). With -seg yes the mask is computed on the interval only (hits at 145-400, masked G-run shown lowercase in the same place as an unranged run only where the run lies inside the range). Pass the cut interval into encode_protein_query_frame_with_seg.
QP	26	algo/blast/core/blast_filter.c	1307-1410;core/blast_setup.c:563-640	BlastSetUp_MaskQuery / Blast_MaskTheResidues / BLAST_ComplementMaskLocations	PT: masked residues -> X in the context buffer; lookup segments = complement of the masks (interval-local coordinates)	algorithm/tblastx/lookup/backbone.rs:312-380(prepare_lookup_query: build_lookup_segments_for_context);algorithm/blastp/encoding.rs:89-101	faithful	none	keep	slice_cmp tblastn/blastp qLC + lower rows;evidence_slice_cmp.txt	All mask coordinates are context-local (0 = first residue of the interval); nothing refers to record coordinates, so LOSAT's existing handling is right for the cut slice.
QP	27	algo/blast/core/blast_stat.c	2737-2829	Blast_ScoreBlkKbpUngappedCalc (via BlastSetup_ScoreBlkInit, core/blast_setup.c:772-846; Blast_ResFreqString blast_stat.c:2078)	PT: ungapped Karlin block of the context from the residue composition of the (masked) interval buffer; invalid context when Lambda cannot be computed	algorithm/tblastx/lookup/backbone.rs:380-411(compute_aa_composition(frame.aa_seq, aa_len); compute_karlin_params_ungapped; is_valid)	faithful	none	keep	slice_cmp blastp q1.faa 100 400 -comp_based_stats 0..3;slice_cmp tblastn q1.faa 100 400 -comp_based_stats 0..3;o_p_mid.6.txt;evidence_slice_cmp.txt	Composition comes from the interval after SEG/lowercase masking (E-values of the ranged run equal those of the cut slice; 6.67e-130 for 100-400 vs 0.0 for the whole record). LOSAT derives it per frame from the bytes given; correct for a cut slice.
QP	28	algo/blast/core/blast_setup.c	699-860	BLAST_CalcEffLengths (length adjustment, effective search space)	P: query_length = context query_length (interval), db_length from the subject set	algorithm/blastp/blast_engine.rs:5472-5490(search_spaces: SearchSpace::for_database_search(ctx.aa_len,...))	faithful	none	keep	slice_cmp blastp q1.faa 100 400 (E-values identical);o_p_mid.0.txt footer (Effective search space);evidence_slice_cmp.txt	Uses the interval length; for outfmt 0 the footer 'Effective search space used' is the interval's. Nothing to change if ctx.aa_len is the interval length.
QP	29	algo/blast/core/blast_setup.c	699-860	BLAST_CalcEffLengths (length adjustment, effective search space)	T: same with db_length/3 for the translated subject	algorithm/tblastn/stage_d_pipeline.rs:1125-1215(query_set_setup parameters.lengths);algorithm/tblastn/stage_d_stats.rs	faithful	none	keep	slice_cmp tblastn q1.faa 100 400;t_mid.out;evidence_slice_cmp.txt	As blastp; per-query lengths from the byte slices.
QP	30	algo/blast/core/blast_kappa.c	2306-2349	s_GetQueryInfo / Blast_RedoAlignmentCore (composition-based statistics, query composition)	P: -comp_based_stats 1/2/3 reads the composition of the interval (query_info->seq.data = context buffer)	algorithm/blastp/kappa.rs:20(read_aa_composition use)	faithful	none	keep	slice_cmp blastp q1.faa 100 400 -comp_based_stats 0;1;2;3 (all IDENTICAL);evidence_slice_cmp.txt	Context buffer is the interval; ranged == cut-slice output for modes 0-3. Traceback uses the same buffer; nothing range-specific.
QP	31	algo/blast/core/blast_kappa.c	2306-2349	s_GetQueryInfo / Blast_RedoAlignmentCore (composition-based statistics, query composition)	T: same	algorithm/tblastn/kappa.rs:611,1050,1091,1296,2311(read_aa_composition(&query))	faithful	none	keep	slice_cmp tblastn q1.faa 100 400 -comp_based_stats 0;1;2;3 (all IDENTICAL);evidence_slice_cmp.txt	As blastp.
QP	32	algo/blast/api/split_query_cxx.cpp	48-60	CQuerySplitter::CQuerySplitter (total length) / SplitQuery_CalculateNumChunks	P: m_TotalQueryLength = sum of GetSeqLength = sum of INTERVAL lengths of the batch; chunks = total/(10000-100); no split below 2*9900	algorithm/blastp/blast_engine.rs:5101-5124(search_split_query_batches: query_lengths from records);algorithm/blastp/blast_engine.rs:6577;algorithm/common/protein_query_split.rs:109-122(split_protein_batch)	divergent	high	port:S	split_cmp qSkew25k.faa ranges 1-12000, 12001-25000, 9950-10150, 1-19799, 1-19800, 5000-25000, 3001-22800; qSkew2rec.faa 5001-25000;evidence_split_cmp.txt	Split is decided from the interval lengths, never from the record length: a 25000-letter record with -query_loc 1-19799 / 12001-25000 / 1-12000 / 9950-10150 is NOT split (ranged output == unsplit cut slice == CHUNK_SIZE=1000000 output, != forced split), while 1-19800, 5000-25000 (20001) and 3001-22800 are split into 2 chunks (output == cut slice with default chunking, != unsplit). Test query: skewed 12000-aa prefix + AvCLPV proteins, -evalue 1000 (split changes the hit list). Multi-record batches: sum of the kept records' intervals (qSkew2rec 5001-25000: 4000+20000 -> split). LOSAT passes the record lengths; must pass interval lengths of the kept records of the batch (the batch itself is formed by FULL lengths).
QP	33	algo/blast/api/split_query_cxx.cpp	48-60	CQuerySplitter::CQuerySplitter (total length) / SplitQuery_CalculateNumChunks	T: same with chunk size 20000, overlap 100 (tblastn query is protein, not translated)	algorithm/tblastn/stage_d_pipeline.rs:530-531(batch_lengths = queries.iter().map(Vec::len), split_protein_batch);algorithm/tblastn/args.rs:883,910-911(query_seqs/query_lengths for the batches)	faithful	none	keep	slice_cmp tblastn qMaskA_low.faa 5001 45000 (split);t_maskA_lc_range_nosplit.out;evidence_slice_cmp.txt	split_protein_batch receives the sequences of the batch; with the cut slices it splits on interval lengths exactly as NCBI. Only the batch formation (query_batches in args.rs) must not use these slice lengths (see batch rows).
QP	34	algo/blast/api/split_query_aux_priv.cpp	90-145	SplitQuery_ShouldSplit / SplitQuery_CalculateNumChunks	PT: num_chunks = L/(chunk-overlap) (L = sum of interval lengths); chunk = (L+(n-1)*overlap)/n (+1 if n < chunk-overlap); ungapped searches never split (SB-1082)	algorithm/blastn/query_split.rs:157(calculate_num_chunks; used by algorithm/common/protein_query_split.rs:109)	faithful	none	keep	split_cmp rows (19799 unsplit vs 19800 split);evidence_split_cmp.txt	Pure function of the total length; faithful once fed interval lengths. Observed thresholds: total 19799 -> 1 chunk, 19800 -> 2 chunks for blastp.
QP	35	algo/blast/api/split_query_cxx.cpp	138-208,218-300	x_ComputeChunkRanges / s_SetSplitQuerySeqInterval / x_ComputeQueryIndicesForChunks (sequence parts)	PT: chunk ranges are in concatenated INTERVAL coordinates; each chunk's Seq-interval is shifted by q_sl_offset = interval start (record coordinates) so it addresses the same residues	algorithm/common/protein_query_split.rs:109-180(split_protein_batch parts);algorithm/blastp/blast_engine.rs:5134-5145(part = record.seq()[part.from..part.to]);algorithm/tblastn/stage_d_pipeline.rs:975-981	faithful	none	keep	split_cmp qSkew25k.faa 5000-25000 and 3001-22800 and qSkew2rec 5001-25000 (ranged == cut slice, default chunking);evidence_split_cmp.txt	Chunk boundaries in record coordinates are interval_start + (chunk range); since LOSAT slices parts out of the cut interval the chunk residues are identical. Oracle: ranged output == cut-slice output for all split cases above, for single and multiple records and with a dropped record in the batch.
QP	36	algo/blast/api/split_query_cxx.cpp	278-281;objects/seq/seqlocinfo.cpp:98-120	x_ComputeQueryIndicesForChunks mask restriction (TMaskedQueryRegions::RestrictToSeqInt with a range-local interval)	T: -lcase_masking, ranged query with interval start f>0, query split: masks (RECORD coordinates) are restricted with the chunk interval in RANGE-LOCAL coordinates (s_SetSplitQuerySeqInterval(chunk,query_range,0,...)) and then restricted again to the chunk's record interval in SetupQueries	algorithm/common/protein_query_split.rs:311-340(protein_chunk_part);algorithm/blastn/query_split.rs:606-620(restrict_masks);algorithm/tblastn/stage_d_pipeline.rs:975-981	divergent	low	port:S	t_maskA_lc_range_full.out;t_maskA_lc_slice.out;t_maskA_lc_range_nosplit.out;evidence_mask_boundary.txt;slice_cmp tblastn qMaskA_low.faa 5001 45000 -lcase_masking (DIFFER); same with 1 45000, 2 45000, 5001 30000 (IDENTICAL);evidence_slice_cmp.txt	DETERMINISTIC NCBI DEFECT (coordinate-space mismatch). With record qMaskA_low (45000 aa, lowercase run at 41530-41870), -query_loc 5001-45000 -lcase_masking: 2 chunks (range-local [0,20051) and [19951,40000)); a mask at record x is kept in a chunk only if x lies in the range-LOCAL chunk interval [cs,ce-1) AND in the record interval [f+cs,f+ce): the mask is lost for x in [ce-1, f+ce) of each chunk (width f+1: here 20050-25050 and 39999-45000). Observed: ranged output differs from the cut slice (one HSP 42207-42356 vs 42210-42356, E 1.41e-10 vs 1.18e-10) ONLY when the query is split and f>0 (no difference unranged, f=0/1, or unsplit via CHUNK_SIZE=1000000). The final traceback uses the full query with correct masks, so only marginal HSPs change; the difference shows only when most of the mask is lost (evidence_mask_boundary.txt: identical for F<=3350, differing for F>=3400, consistent with the lost span starting at x=L-1). Per the NCBI-defect policy this stays reproduced: in protein_chunk_part use record-coordinate whole-record lowercase runs, apply restrict_masks with the range-local part [from,to) (note its +1 extension and the open/closed quirk), then restrict to the record interval [f+from, f+to-1] and shift by -(f+from). Session decision: confirm reproduction (approved-exception style entry in PD-LOSAT-NCBI-DEFECTS is NOT needed if reproduced).
QP	37	algo/blast/api/split_query_cxx.cpp	278-281	x_ComputeQueryIndicesForChunks mask restriction	P: lowercase masks with a split ranged query	cli.rs:300(is_unported_blastp_arg lcase_masking)	rejected	none	reject:-lcase_masking is not supported by LOSAT's BLASTP	source	Same defect would apply to blastp -lcase_masking; moot while the option is rejected.
QP	38	algo/blast/api/split_query_cxx.cpp	545-640	x_ComputeContextOffsets_NonTranslatedQueries (offset corrections) and CContextTranslator	T: chunk part lengths relative to the interval; correction = prev_len - min(overlap, prev_len)	algorithm/common/protein_query_split.rs:193-262(part_length, context_offsets);algorithm/tblastn/stage_d_pipeline.rs:965-1040(split_preliminary_hitlists merge_query_chunk)	faithful	none	keep	split_cmp qSkew25k.faa 5000-25000;slice_cmp tblastn qMaskA_low.faa 5001 45000 -evalue 1e-5 (without -lcase_masking: IDENTICAL);evidence_slice_cmp.txt;evidence_split_cmp.txt	Offsets are differences of part lengths inside the interval; independent of the interval start. Ranged == cut slice for split queries (without the mask defect).
QP	39	algo/blast/api/split_query_cxx.cpp	545-640	x_ComputeContextOffsets_NonTranslatedQueries (offset corrections) and CContextTranslator	P: BlastpChunkPart.query_length must be the interval length	algorithm/blastp/blast_engine.rs:5165-5172(BlastpChunkPart { query_length: query_lengths[range.start+part.query] });algorithm/blastp/query_split.rs:12-61	divergent	high	port:S	split_cmp qSkew2rec.faa 5001-25000;qSkew25k.faa 5000-25000;evidence_split_cmp.txt	query_length is the query's full length in the merge; with a range it is the interval length (the length of the query context in the full batch), not the record length. Same fix as the split-decision row (use interval lengths).
QP	40	algo/blast/api/split_query_aux_priv.cpp	149-190	SplitQuery_SetEffectiveSearchSpace (CEffectiveSearchSpaceCalculator, api/effsearchspace_calc.cpp:83-145)	PT: effective search space per context from the whole batch's interval lengths and the subject set, applied to every chunk	algorithm/tblastn/stage_d_pipeline.rs:939-955(batch_eff_searchsp);algorithm/blastp/blast_engine.rs:5472-5490	faithful	none	keep	split_cmp rows;o_p_mid.0.txt footer;evidence_split_cmp.txt	Uses interval lengths via the query factory; faithful for the cut slices.
QP	41	algo/blast/api/prelim_stage.cpp	262-275	CBlastPrelimSearch::Run (restore full query after chunks)	PT: traceback runs on the full ranged query (interval, masks restricted correctly in record coordinates by SetupQueries_OMF)	algorithm/tblastn/stage_d_pipeline.rs:540-580;algorithm/blastp/blast_engine.rs:6577-6590	faithful	none	keep	t_maskA_lc_range_full.out (lowercase hit at 41538-41863 absent although the chunk lost the mask)	The traceback sees the correct (interval, restricted) mask, which is why the lost mask in the chunk only affects marginal HSPs. LOSAT already runs the traceback on the whole query set.
QP	42	algo/blast/api/blast_seqalign.cpp	1520-1530,1551-1648,1790-1846	RemapToQueryLoc / BlastHitList2SeqAlign_OMF (query row offset)	P: HSP query coordinates are interval-local; Seq-align query row shifted by the interval start (q_shift = Seq-interval from) so reported coordinates are RECORD coordinates (1-based qstart/qend = local+from+1)	algorithm/blastp/blast_engine.rs:1342(q_start: hit.query_start+1);algorithm/blastp/blast_engine.rs:2404,2482,2741(tabular/pairwise q_start);algorithm/blastp/blast_engine.rs:3012,3132,3219,3243(query residues indexed by q_start)	unported	high	port:S	o_p_mid.6.txt (qstart 100/qend 400 for -query_loc 100-400);p_multi_100_400.out;slice_cmp rows (qstart shifted by from-1);evidence_slice_cmp.txt	Shift qstart/qend (and every output that prints query coordinates) by +from; rendering that indexes the query residues must keep using interval-local indexes (or keep the full record) -- the display of alignments 'Query  101 ...' uses record numbers. Subject coordinates and all statistics are unaffected. The tabular and pairwise writers are owned by range RF; listed because the shift is applied where hits become Seq-aligns.
QP	43	algo/blast/api/blast_seqalign.cpp	1520-1530,1551-1648,1790-1846	RemapToQueryLoc / BlastHitList2SeqAlign_OMF (query row offset)	T: same shift for tblastn (query protein, subject nucleotide frames)	algorithm/tblastn/stage_e_report.rs:50-460(render: query start/end printing);algorithm/tblastn/stage_d_results.rs	unported	high	port:S	t_mid.out;t_multi_100_400.out;slice_cmp tblastn rows;evidence_slice_cmp.txt	As blastp; tblastn qstart/qend (101-400 for -query_loc 100-400) are record coordinates; subject coordinates (frames) unchanged.
QP	44	objtools/align_format/tabular.cpp	787-788,884-885	CBlastTabularInfo (qlen with m_QueryRange) -- formatter, owned by RF	PT: -outfmt 6/7 field qlen = m_QueryRange.GetLength() = to-from+1 UNCLIPPED when -query_loc was given; outfmt 0 'Length=' = full record length; outfmt 7 '# BLAST processed N queries' counts kept records only	algorithm/blastp/blast_engine.rs:2404,2482(QueryLength field, query_lengths);algorithm/tblastn/stage_e_report.rs	unported	high	port:S	p_end_past.out (qlen 401 for a 75-residue interval);p_multi_100_400.out (qlen 301 for a 394-letter record cut to 100-394);o_p_mid.0.txt (Length=674);p_o7.out	NOT the search-setup length: for -query_loc 600-1000 on 674 letters the search uses 75 residues (E-values) but qlen prints 401; with 100-400 on a 394-letter record qlen prints 301. This is the formatter's own range (CFormattingArgs/SetQueryRange), recorded here only so QP and RF use one consistent set of lengths: interval length for statistics, range length for qlen, record length for 'Length='.
QP	45	algo/blast/blastinput/blast_fasta_input.cpp	377-466	CBlastFastaInputSource::x_FastaToSeqLoc (reader warnings of dropped records)	PT: the reader's title warning ('FASTA-Reader: Title ends with at least 50 valid amino acid characters ...') is written when the record is read, also for a record that the range drops	algorithm/blastp/blast_engine.rs:7472-7479(prepend_batch_title_warnings(query_records,...));algorithm/tblastn/args.rs:995-1003;report/query_warnings.rs:73-92	divergent	low	port:S	p_title_skip.err;p_title_noloc.err	A dropped record (shorter than the range start) with a title ending in 50+ amino-acid letters still produces the warning, printed with the batch in which the record was read (before that batch's first report; for a dropped record after the closing record of a batch it belongs to the next batch, possibly the empty final one followed by the exit-3 error). LOSAT builds title warnings from the kept records only; keep the dropped records' warnings.
QP	46	algo/blast/api/blast_objmgr_tools.cpp	110-170	CBlastQuerySourceOM::x_AutoDetectGeneticCodes	T: tblastn (subject translated) looks up the query bioseq's source genetic code	-	n/a	none	keep	source;t_mid.out	Keyed by the Seq-id, not by the interval; plain FASTA queries have no biosource descriptor, so the code stays 1 with or without a range. -query_gencode does not apply (query is protein).
QP	47	algo/blast/blastinput/blast_input_aux.cpp	70-139	GetQueryBatchSize	PT: batch size 10000 (blastp) / 20000 (tblastn), BATCH_SIZE environment variable	blastinput/app.rs:669(query_batch_size);blastinput/query_batch.rs	n/a	none	keep	source	Same constants with or without a range; only the lengths that are summed against it change (full record lengths of kept records, see batch rows).
QP	48	app/blast/blastp_app.cpp / tblastn_app.cpp	120-170	CBlastpApp::Run / CTblastnApp::Run (thread mode selection)	PT: -num_threads > 1 with -subject (no database name) always runs x_RunMTBySplitDB	utils/threading.rs	n/a	none	keep	p_threads.out (identical to the single-thread run)	x_RunMTBySplitQuery needs a database name or -mt_mode 1 (LOSAT rejects -mt_mode); a range does not change the path. -num_threads 4 gives byte-identical -query_loc output.
SB	1	c++/src/algo/blast/blastinput/blast_input_aux.cpp	146-178	ParseSequenceRange	NPTX: parse -subject_loc a-b (error prefix 'Invalid specification of subject location')	cli.rs:215(is_unported_blastn_arg);cli.rs:283(is_unported_blastp_arg);cli.rs:493(is_unported_tblastn_arg);cli.rs:551(is_unported_tblastx_arg);blastinput/value_parsers.rs(no range parser)	unported	high	port:S	n_err_*.out n_err_*.err n_loc_*.err L_rej_*.err	NCBI: split on '-' (NStr::Split default flags); need exactly 2 non-empty tokens else CBlastException eInvalidArgument 'Invalid specification of subject location (Format: start-stop)'; ints via NStr::StringToInt; a<=0 or b<=0 -> '(range elements cannot be less than or equal to 0)'; a==b -> '(range cannot be empty)'; a>b -> '(start cannot be larger than stop)'; then 0-based closed [a-1,b-1]. Printed as 'BLAST engine error: <msg>' exit 3 (CBlastException), ~0.04 s, before the query is read. LOSAT today: any -subject_loc -> 'error: the NCBI BLAST+ option -subject_loc is not supported by LOSAT's <PROGRAM>' exit 2. Port one shared parser (the same function serves -query_loc with prefix 'Invalid specification of query location'). '+5-10' is accepted, ' 5-10' is not (next row). Empty string and '5-', '-5', '5-6-7', 'abc', '1000-' give the Format message.
SB	2	c++/src/algo/blast/blastinput/blast_input_aux.cpp	155-156	ParseSequenceRange (NStr::StringToInt)	NPTX: token that is not a plain decimal int, or overflows Int4	cli.rs:215(is_unported_blastn_arg);cli.rs:283(is_unported_blastp_arg);cli.rs:493(is_unported_tblastn_arg);cli.rs:551(is_unported_tblastx_arg)	unported	low	port:S	n_err_5_10x.out n_err__5_10.out n_err_0x10_20.out n_err_5_10_5.out n_err_100_2147483648.out n_loc_sp.err	UNSURE: NCBI throws an uncaught CStringException: exit 255, stdout empty, stderr 'Error: NCBI C++ Exception:' + '    T0 "/opt/conda/conda-bld/blast_1754905306566/work/c++/src/corelib/ncbistr.cpp", line 870: Error: (CStringException::eConvert) ncbi::NStr::StringToInt8() - Cannot convert string '10x' to Int8 (m_Pos = 2)' + blank line; leading blank ' 5' -> line 861 (m_Pos = 0); '1 ' -> line 870 (m_Pos = 1); '0x10', '10.5' likewise; overflow '2147483648' -> 'StringToInt() - Cannot convert string '2147483648' to int, overflow (m_Pos = 0)' line 640. The text carries the conda build path of the oracle binary. Session must decide: reproduce exit 255 + text, or reject with an explicit LOSAT error (NCBI defect policy). Shared with -query_loc (range QN).
SB	3	c++/src/algo/blast/blastinput/blast_args.cpp	2525-2557	CBlastDatabaseArgs::ExtractAlgorithmOptions (subject branch)	N: subject read	algorithm/blastn/blast_engine/run.rs:5217(run: read_records of -subject);algorithm/blastn/input.rs:676(read_records)	unported	high	port:S	n_both_bad.err n_both_bad2.err n_both_bad3.err n_both_bad4.err n_err_8003_8100.err	NCBI reads the -subject file here, in the third option handler (blastn_args.cpp:65), i.e. BEFORE the query is opened/read and before the later handlers' option checks; range parse errors (exit 3) and 'Invalid from coordinate' (exit 1) therefore come first (bad -subject_loc plus bad -query_loc prints the subject message; valid subject range plus bad query range prints the query message). LOSAT reads the subject records at this point already; the range must be parsed and applied right after the read (cut each record, same range for every record, keep offset/full length/masks), and its errors raised before the query is opened. Today the order of run() (subject read, empty-subject check) is already NCBI's.
SB	4	c++/src/algo/blast/blastinput/blast_args.cpp	2525-2557	CBlastDatabaseArgs::ExtractAlgorithmOptions (subject branch)	P: subject read	algorithm/blastp/blast_engine.rs:4626(run: subject read, bio_records_of)	unported	high	port:S	n_both_bad.err n_both_bad2.err n_both_bad3.err n_both_bad4.err n_err_8003_8100.err	NCBI reads the -subject file here, in the third option handler (blastn_args.cpp:65), i.e. BEFORE the query is opened/read and before the later handlers' option checks; range parse errors (exit 3) and 'Invalid from coordinate' (exit 1) therefore come first (bad -subject_loc plus bad -query_loc prints the subject message; valid subject range plus bad query range prints the query message). LOSAT reads the subject records at this point already; the range must be parsed and applied right after the read (cut each record, same range for every record, keep offset/full length/masks), and its errors raised before the query is opened. 
SB	5	c++/src/algo/blast/blastinput/blast_args.cpp	2525-2557	CBlastDatabaseArgs::ExtractAlgorithmOptions (subject branch)	T: subject read	algorithm/tblastn/args.rs:617(run: read_nucleotide_subjects);algorithm/blastn/input.rs:808(read_nucleotide_subjects)	unported	high	port:S	n_both_bad.err n_both_bad2.err n_both_bad3.err n_both_bad4.err n_err_8003_8100.err	NCBI reads the -subject file here, in the third option handler (blastn_args.cpp:65), i.e. BEFORE the query is opened/read and before the later handlers' option checks; range parse errors (exit 3) and 'Invalid from coordinate' (exit 1) therefore come first (bad -subject_loc plus bad -query_loc prints the subject message; valid subject range plus bad query range prints the query message). LOSAT reads the subject records at this point already; the range must be parsed and applied right after the read (cut each record, same range for every record, keep offset/full length/masks), and its errors raised before the query is opened. 
SB	6	c++/src/algo/blast/blastinput/blast_args.cpp	2525-2557	CBlastDatabaseArgs::ExtractAlgorithmOptions (subject branch)	X: subject read	algorithm/tblastx/blast_engine/run_impl.rs:666(run: read_nucleotide_subjects);algorithm/blastn/input.rs:808(read_nucleotide_subjects)	unported	high	port:S	n_both_bad.err n_both_bad2.err n_both_bad3.err n_both_bad4.err n_err_8003_8100.err	NCBI reads the -subject file here, in the third option handler (blastn_args.cpp:65), i.e. BEFORE the query is opened/read and before the later handlers' option checks; range parse errors (exit 3) and 'Invalid from coordinate' (exit 1) therefore come first (bad -subject_loc plus bad -query_loc prints the subject message; valid subject range plus bad query range prints the query message). LOSAT reads the subject records at this point already; the range must be parsed and applied right after the read (cut each record, same range for every record, keep offset/full length/masks), and its errors raised before the query is opened. 
SB	7	c++/src/algo/blast/blastinput/blast_args.cpp	2558-2563	CBlastDatabaseArgs::ExtractAlgorithmOptions (no -subject, no -db)	NPTX: -subject_loc given without -subject	algorithm/blastn/blast_engine/run.rs:5206(run: missing subject);algorithm/blastp/blast_engine.rs:4627(app::missing_subject_error);algorithm/tblastn/args.rs:618;algorithm/tblastx/blast_engine/run_impl.rs:667	faithful	low	keep	n_loc_nosubj.err	NCBI: 'BLAST query/options error: Either a BLAST database or subject sequence(s) must be specified' + 'Please refer to the BLAST+ user manual.' exit 1 (the range is not looked at). LOSAT already emits this text and exit code when -subject is missing; once -subject_loc is accepted by the CLI no change is needed.
SB	8	c++/src/algo/blast/blastinput/blast_args.cpp	2373-2386	CBlastDatabaseArgs::SetArgumentDescriptions (-subject_loc dependencies)	NPTX: -subject_loc with -db, with -remote, or given twice	cli.rs:215-256;cli.rs:283-345 (-db, -remote, -subject_loc listed as unported)	rejected	low	reject:-db and -remote are out of scope; a duplicate option is a parser error	n_loc_db.err n_loc_dbsub.err n_loc_dup.err	NCBI arg parser: eExcludes dependency of -subject_loc on -db/-gilist/.../-remote, and a duplicate -subject_loc, give the USAGE text and exit 1 (LOSAT parser syntax errors: approved exception PD-LOSAT-CLI-NONSEARCH-DIFFERENCES, exit 2). Keep rejecting -db/-remote.
SB	9	c++/src/algo/blast/blastinput/blast_input_aux.cpp	220-243	ReadSequencesToBlast	NPTX: the range applies to every subject record; local ids Subject_<n>	algorithm/blastn/blast_engine/run.rs:5217;algorithm/blastp/blast_engine.rs:4626;algorithm/tblastn/args.rs:617;algorithm/tblastx/blast_engine/run_impl.rs:666	unported	high	port:S	n_m_r.err n_m2_r.out n_sub_multi_1000.err n_stdin.out	CBlastInputSourceConfig: SetRange(range), SetLowercaseMask(-lcase_masking), SetSubjectLocalIdMode (ids 'Subject_<1-based record index in the file>', used in the empty-subject warning); CBlastInput::GetAllSeqs (blast_input.cpp:199-217) reads ALL records and rethrows CInputException (the query loop blast_input.cpp:149-152 swallows std::exception, the subject loop does not), so the first record with start past its end aborts the whole run: exit 1, empty stdout (n_m_r: records 8001/3000/900/1500 with 1001-2500 -> error at the 900-letter record). Same for a single record, many records and '-' (stdin: n_stdin.out equals the file result).
SB	10	c++/src/algo/blast/blastinput/blast_fasta_input.cpp	433-453	CBlastFastaInputSource::x_FastaToSeqLoc (range checks)	NPTX: start past the end of a record	algorithm/blastn/input.rs:676(read_records);algorithm/blastp/blast_engine.rs:4626;algorithm/tblastn/args.rs:617;algorithm/tblastx/blast_engine/run_impl.rs:666	unported	medium	port:S	n_err_8002_8100.err n_err_8003_8100.err n_err_9000_9100.err p_m_r.err n_emptyrec_loc.err	Per record: if from0 > seqlen -> CInputException eInvalidRange 'Invalid from coordinate (greater than sequence length)' -> stderr 'BLAST query/options error: Invalid from coordinate (greater than sequence length)' + 'Please refer to the BLAST+ user manual.', exit 1, nothing on stdout. The comparison is on the 0-based start, so 1-based start = seqlen+1 does NOT fail (empty interval, next row) and start >= seqlen+2 fails; an empty record (seqlen 0) fails for any start >= 2. The check (to>0 && to<from) is unreachable after parsing.
SB	11	c++/src/algo/blast/blastinput/blast_fasta_input.cpp	454-461	CBlastFastaInputSource::x_FastaToSeqLoc (interval)	NPTX: end >= record length; start = record length + 1 (empty interval)	algorithm/blastn/input.rs:676(read_records)	unported	medium	port:S	n_qn_endpast.out n_exact_end.out n_err_8001_8100.out n_err_8002_8100.err n_sub_multi_1000.err n_m2_r.out	Interval = [from0, (to0>0 && to0<seqlen) ? to0 : seqlen-1] (0-based closed; strand both for nucleotides, unknown for protein); an end beyond the record is clipped silently (oracle: 7001-9999 on 8001 letters -> 1,001 letters, hit 7001-7501; 1001-2500 on a 1500-letter record -> 500 letters, sstart 1001 send 1500). Interval length = to-from+1; 1-based start = seqlen gives 1 letter (valid, no hits, exit 0); start = seqlen+1 gives an EMPTY interval (empty-subject rows). from==to is rejected by the parser, so intervals have >= 2 letters except at the record end.
SB	12	c++/src/algo/blast/blastinput/blast_fasta_input.cpp	377-383,455-460	CBlastFastaInputSource::x_FastaToSeqLoc (strand of the interval)	NPTX: interval strand both (nucleotide) / unknown (protein)	-	n/a	none	keep	n_rc_r.out	The interval strand only matters for RemapAlignToLoc (strand both/unknown: plain shift by the interval start, no flip) and for CMultiSeqInfo (translated subjects: strand forced both while the subject is set up, restored afterwards). Subject minus-strand hits keep sstart > send as without a range (n_rc_r.out: 2500 -> 1002). No LOSAT change.
SB	13	c++/src/algo/blast/blastinput/blast_fasta_input.cpp	380-390,484-508	x_FastaToSeqLoc/GetNextSequence (SaveMask) + PackedSeqLocToMaskedQueryRegions (blast_aux_priv.cpp:369-430)	N: -lcase_masking mask in full-record coordinates, one interval per strand	algorithm/blastn/blast_engine/run.rs:7382(collect_lowercase_masks of the subject record);algorithm/blastn/coordination.rs:938(collect_lowercase_masks)	faithful	none	keep	n_lcs_*.out n_lcf_*.out n_edge_*.out L_edge_*.out	NCBI keeps the lowercase mask in FULL-record coordinates (0-based closed) and converts it with assume_both_strands=true to Packed-seqint with each interval twice (plus and minus frame; CObjMgr_QueryFactory::GetTSeqLocVector, objmgr_query_data.cpp:400-426). LOSAT derives the mask from the letters of the record handed to the search, so with a cut record (letters and case preserved) it equals the NCBI mask shifted/clipped to the interval (see the s_SeqLoc2MaskedSubjRanges row). The duplicated intervals only add inverted empty scan ranges [b,a] in NCBI, which the scanner skips. No change if the cut keeps the case.
SB	14	c++/src/algo/blast/blastinput/blast_fasta_input.cpp	380-390,484-508	x_FastaToSeqLoc/GetNextSequence (SaveMask)	T: -lcase_masking on a nucleotide subject (translated search)	algorithm/tblastn/search_seed.rs:29-40;algorithm/tblastn/search_seed.rs:184(subject soft ranges from lowercase);algorithm/tblastn/args.rs:919(mask_lowercase)	faithful	none	keep	t_lcb_*.out	Same as N: mask from the letters of the (cut) record. NCBI then converts the interval-relative ranges to protein coordinates per context (blast_engine.c:777-790) exactly as without a range.
SB	15	c++/src/algo/blast/blastinput/blast_fasta_input.cpp	380-390,484-508	GetNextSequence (SaveMask)	P: -lcase_masking on a protein subject	cli.rs:283-345(is_unported_blastp_arg: lcase_masking)	rejected	none	keep	L_lcm_blastp.err p_lc_*.out	NCBI applies subject lowercase masking to protein subjects too (p_lc_*: the hit disappears with -lcase_masking, with and without a range); LOSAT rejects -lcase_masking for BLASTP altogether ('error: the NCBI BLAST+ option -lcase_masking is not supported by LOSAT's BLASTP', exit 2), independent of the range. Nothing range-specific to add while the option stays rejected.
SB	16	c++/src/algo/blast/blastinput/blast_fasta_input.cpp	380-390,484-508	GetNextSequence (SaveMask)	X: -lcase_masking on a nucleotide subject	cli.rs:551-600(is_unported_tblastx_arg: lcase_masking)	rejected	none	keep	x_lc_*.out L_x_lc_*.err	NCBI applies subject lowercase masking in tblastx (x_lc_*: hits change); LOSAT rejects -lcase_masking for TBLASTX altogether (exit 2). Nothing range-specific while rejected.
SB	17	c++/src/algo/blast/api/local_db_adapter.cpp	60-84,124-148	CLocalDbAdapter ctor / MakeSeqSrc	NPTX: subjects as a multi-sequence source, dbscan_mode=true (env BL2SEQ_LEGACY unset)	algorithm/blastn/coordination.rs:850(subject_metadata_from_records);algorithm/blastp/blast_engine.rs:5451;algorithm/tblastn/stage_d_pipeline.rs:368;algorithm/tblastx/blast_engine/run_impl.rs:1357	n/a	none	keep	source	Plumbing: m_Subjects = GetTSeqLocVector() (interval Seq-locs + packed masks); MultiSeqBlastSeqSrcInit(m_Subjects, program, dbscan_mode). dbscan_mode=true is what makes TotLen the SUM of the interval lengths (CMultiSeqInfo ctor) and NumSeqs the record count, i.e. 'database' statistics. LOSAT already uses these semantics for whole records; the range only changes the lengths.
SB	18	c++/src/algo/blast/api/seqsrc_multiseq.cpp	122-185	CMultiSeqInfo::CMultiSeqInfo (totals)	N: TotLength = sum of seqblk lengths (interval), NumSeqs = records (empty intervals included)	algorithm/blastn/blast_engine/run.rs:5799(subject_metadata_from_records);algorithm/blastn/coordination.rs:850-872	faithful	none	keep	n_m2_r0.out n_sub_multi_1000_o0.out	With a cut record the metadata (db_len_total = sum of cut letters, db_num_seqs = records) equals NCBI: oracle 1500+1500+500 = 3,500 letters / 3 sequences; with an empty interval 2,000 letters / 3 sequences (the empty record is counted). Only requires that the cut records (not the full ones) are passed here.
SB	19	c++/src/algo/blast/api/seqsrc_multiseq.cpp	122-185	CMultiSeqInfo::CMultiSeqInfo (totals)	P: TotLength/NumSeqs	algorithm/blastp/blast_engine.rs:5451(total_db_len from aa_len);algorithm/blastp/blast_engine.rs:7331	faithful	none	keep	p_m_ok2_o0.out	Same: oracle p_m_ok2_o0 with records 871/300/200/201 and 201-600: '4 sequences; 501 total letters' (400+100+0+1).
SB	20	c++/src/algo/blast/api/seqsrc_multiseq.cpp	122-185	CMultiSeqInfo::CMultiSeqInfo (translated: strand both; totals in nucleotides)	T: TotLength in nucleotides, /3 in the statistics	algorithm/tblastn/stage_d_pipeline.rs:368(total_nt);algorithm/tblastn/stage_d_stats.rs:161-205;algorithm/tblastn/stage_e_report.rs:609-622	faithful	none	keep	t_r_o0.out t_full_o0.out tblastn_multi_o0.out	tblastn range 1001-6000 prints '5,000 total letters' (nucleotides; effective search space and e-values from 5000/3). With cut records total_nt is the interval sum, matching. Subject strand: NCBI forces strand both for translated subjects while setting up and restores it, so both strands are searched.
SB	21	c++/src/algo/blast/api/seqsrc_multiseq.cpp	122-185	CMultiSeqInfo::CMultiSeqInfo (translated)	X: TotLength in nucleotides, /3 in the statistics	algorithm/tblastx/blast_engine/run_impl.rs:1357-1358(database_total_letters);algorithm/tblastx/blast_engine/run_impl.rs:2089(avg_length)	faithful	none	keep	x_r_o0.out tblastx_multi_o0.out	tblastx range 1001-6000 prints '5,000 total letters'; multi-subject set of 5 records 3,515 letters. Cut records give the same sums. The average subject length for the ungapped cutoff (BlastSeqSrcGetAvgSeqLen = total/num_seqs, integer, empty intervals counted) is also computed from the cut records.
SB	22	c++/src/algo/blast/api/seqsrc_multiseq.cpp	190-300	s_MultiSeqGetMaxLength/GetAvgLength/GetSeqLen/GetNumSeqs	N: lengths of the interval letters	algorithm/blastn/blast_engine/run.rs:7330(s_len_full of the subject record);algorithm/blastn/blast_engine/run.rs:432(SubjectSplitState::new)	faithful	none	keep	source	All getters read seqblk->length = interval length. blastn uses them for the search space and chunking (the average-length cutoff only matters for -ungapped and matrix-only scoring, which LOSAT BLASTN does not support). Cut record -> same values.
SB	23	c++/src/algo/blast/api/seqsrc_multiseq.cpp	226-240	s_MultiSeqGetMinLength (raised to BLAST_SEQSRC_MINLENGTH=10)	P: minimum subject length used for the hit-saving cutoff	algorithm/blastp/blast_engine.rs:1292(blastp_preliminary_cutoff_subject_length)	faithful	none	keep	L_p_allempty0.out N_p_allempty0.out	LOSAT already takes the minimum of the record lengths (an empty record counts 0) and raises it to 10; with cut records the interval lengths enter. All-empty protein subjects already give byte-identical outfmt 0 in LOSAT-before and NCBI (L_p_allempty0.out = N_p_allempty0.out).
SB	24	c++/src/algo/blast/api/seqsrc_multiseq.cpp	226-240	s_MultiSeqGetMinLength	T: minimum subject length (nucleotides/3) for the hit-saving cutoff	algorithm/tblastn/stage_d_stats.rs:439(min_subject_length: subject_length/3);algorithm/tblastn/stage_d_stats.rs:582	faithful	none	keep	source	Uses the length of the record passed in; cut record -> interval length (not range specific otherwise).
SB	25	c++/src/algo/blast/api/blast_setup_cxx.cpp	733-775,836-850	SetupSubjects_OMF (letters of the interval, encodings)	N: ncbi4na/blastna with sentinels + ncbi2na copy of the interval only	algorithm/blastn/blast_engine/run.rs:5800-5812(PreparedSubjects: encode_iupac_to_blastna, encode_subject_ncbi2na_packed)	faithful	none	keep	n_r1.out n_m2_r.out n_big_*.out	GetBlastSequence(i, ..., plus, sentinels) builds the buffers from the interval's letters only (CBlastSeqVectorOM over the interval Seq-loc); IUPAC ambiguity codes are handled as without a range. LOSAT encodes whatever record it is given, so a cut record is equivalent. Oracle: hits at the interval edges and across the 5,000,000-letter chunk boundary are complete and identical to the unranged search (n_big_*).
SB	26	c++/src/algo/blast/api/blast_setup_cxx.cpp	733-775,836-850	SetupSubjects_OMF	P: ncbistdaa letters of the interval	algorithm/blastp/blast_engine.rs:650(prepare_blastp_subjects_preserving_order)	faithful	none	keep	p_r1.out	Protein subject interval encoded from its letters; cut record equivalent (p_r1.out: positions 201..600; composition-based statistics use the 400 interval letters as the subject).
SB	27	c++/src/algo/blast/api/blast_setup_cxx.cpp	733-775,836-850	SetupSubjects_OMF	T: ncbi2na/4na interval; translation made later from the interval (BLAST_GetAllTranslations on backup.full_range.right = interval length)	algorithm/tblastn/stage_e_report.rs:455(TargetTranslation::new(subject.seq()));algorithm/tblastn/search_seed.rs:416-470	faithful	none	keep	t_r_1001-6000.out t_edge_4530-5999.out t_minus_*.out	Six frames are built from the interval: plus frames from the interval start, minus frames from the interval end; partial codons at both ends are dropped (range 4530-5999 loses the first codon of the 4529 hit: sstart 4532, qstart 2; a range ending at 2500 stops the minus hit at 2498, ending 2501 reaches 2501). A cut record gives the same translation. Non-default -db_gencode: approved exception (AGENTS.md TBLASTN local -subject decision PD-TLOSAN-LOCAL-GENCODE-32; PD-LOSAT-NCBI-DEFECTS), unchanged by the range.
SB	28	c++/src/algo/blast/api/blast_setup_cxx.cpp	733-775,836-850	SetupSubjects_OMF	X: the same translation of the interval	algorithm/tblastx/translation.rs;algorithm/tblastx/blast_engine/run_impl.rs:2374-2377	faithful	none	keep	x_r.out x_r3.out x_r4.out	Same as T; non-default -db_gencode: approved exception (AGENTS.md TBLASTX local -subject), cite only.
SB	29	c++/src/algo/blast/api/blast_setup_cxx.cpp	766-790	SetupSubjects_OMF (empty subject branch: eInvalidArgument 'Sequence contains no data', blast_setup.hpp:192-197)	N: interval with no letters (1-based start = record length + 1) or empty record	algorithm/blastn/blast_engine/run.rs:5224(check_subjects_not_empty);algorithm/blastn/input.rs:477-523(check_records_have_residues rejects records without residues)	unported	low	port:M	n_qempty_subjrange.err n_qempty_subjbad.err n_err_8002_8100.err n_sub_multi_1000.err n_sub_only_1000.err n_empty1_o0.out t_empty1.err x_empty1.err p_empty1.err p_empty1_o0.out N_empty_*.err L_empty_*.err	NCBI: stderr 'Warning: [blastn] Subject_<i> <defline text>: Subject sequence contains no data' (once per empty subject, written when the formatter builds the seq-src, i.e. after 'Query is Empty!': with an empty query file only 'Warning: [blastn] Query is Empty!' is printed (n_qempty_subjrange), but an out-of-range start still fails first with exit 1 (n_qempty_subjbad)); the empty subject stays in the set (counted in NumSeqs, length 0) and the others are searched (n_sub_multi_1000: exit 0, hits for the other records, outfmt 0 '3 sequences; 2,000 total letters'). If all subjects are empty: the warning, then 'BLAST engine error: The average subject length is too short' exit 3 (BLASTERR_SUBJECT_LENGTH_INVALID, blast_setup.c:975-979); outfmt 0 has already printed the prolog with '1 sequences; 0 total letters' (n_empty1_o0). LOSAT-before rejects any subject record without residues ('subject record 1 (e1) has no residues; NCBI BLAST+ reports such a record differently, which is not supported by LOSAT's BLASTN', exit 1). The range makes the empty case reachable from non-empty records: either port the NCBI branch or keep an explicit rejection for the empty interval (decision).
SB	30	c++/src/algo/blast/api/blast_setup_cxx.cpp	766-790	SetupSubjects_OMF (empty subject branch: eInvalidArgument 'Sequence contains no data', blast_setup.hpp:192-197)	P: empty interval or empty record	algorithm/blastp/blast_engine.rs:4783(write_empty_subject_warnings);algorithm/blastp/blast_engine.rs:1292	faithful	none	keep	n_qempty_subjrange.err n_qempty_subjbad.err n_err_8002_8100.err n_sub_multi_1000.err n_sub_only_1000.err n_empty1_o0.out t_empty1.err x_empty1.err p_empty1.err p_empty1_o0.out N_empty_*.err L_empty_*.err	LOSAT BLASTP already writes the NCBI warning (same text, 'Subject_<i>' and 'id desc', after 'Query is Empty!'), keeps the empty subject in the set and gives byte-identical output for all-empty subjects (L_p_allempty0.out vs N_p_allempty0.out). NCBI protein single empty interval: exit 0, no hits, outfmt 0 '1 sequences; 0 total letters', 'Effective search space used: 0'. A cut empty record flows into the existing path.
SB	31	c++/src/algo/blast/api/blast_setup_cxx.cpp	766-790	SetupSubjects_OMF (empty subject branch: eInvalidArgument 'Sequence contains no data', blast_setup.hpp:192-197)	T: empty interval or empty record	algorithm/blastn/input.rs:477-523(check_records_have_residues_of rejects);algorithm/tblastn/args.rs:832(check_records_have_residues_of subject)	unported	low	port:M	n_qempty_subjrange.err n_qempty_subjbad.err n_err_8002_8100.err n_sub_multi_1000.err n_sub_only_1000.err n_empty1_o0.out t_empty1.err x_empty1.err p_empty1.err p_empty1_o0.out N_empty_*.err L_empty_*.err	NCBI tblastn: warning 'Warning: [tblastn] Subject_1 <defline>: Subject sequence contains no data', exit 0, no hits; outfmt 0 prints '1 sequences; 0 total letters' and 'Effective search space used: 0' (t_empty1_o0.out) because TotLen==0 makes each subject its own database and min_subject_length comes from the seq-src minimum (10): no error. With other non-empty subjects the empty one is skipped but counted. LOSAT rejects records without residues today (exit 1); stage_d_stats.rs:169 asserts db_num_seqs>0 and divides total nucleotides by 3, the all-empty (total 0) path needs the per-subject branch (BLAST_OneSubjectUpdateParameters).
SB	32	c++/src/algo/blast/api/blast_setup_cxx.cpp	766-790	SetupSubjects_OMF (empty subject branch: eInvalidArgument 'Sequence contains no data', blast_setup.hpp:192-197)	X: empty interval or empty record	algorithm/blastn/input.rs:477-523(check_records_have_residues_of rejects);algorithm/tblastx/blast_engine/run_impl.rs:1026-1030(residue checks)	unported	low	port:M	n_qempty_subjrange.err n_qempty_subjbad.err n_err_8002_8100.err n_sub_multi_1000.err n_sub_only_1000.err n_empty1_o0.out t_empty1.err x_empty1.err p_empty1.err p_empty1_o0.out N_empty_*.err L_empty_*.err	NCBI tblastx: same warning; all subjects empty -> 'BLAST engine error: The average subject length is too short' exit 3 (x_empty1; gbp is NULL so min_subject_length = total/num_seqs = 0); partly empty (empty first record + one record): the empty subject is skipped and counted, hits for the other record, exit 0 (N_empty_tblastx.out/.err). LOSAT rejects records without residues (exit 1).
SB	33	c++/src/algo/blast/api/blast_setup_cxx.cpp	660-731	s_SeqLoc2MaskedSubjRanges	N: shift/clip of the full-record masks to the interval	algorithm/blastn/blast_engine/run.rs:4145(build_subject_seq_ranges_from_masks);algorithm/blastn/blast_engine/run.rs:7382-7391	faithful	none	keep	n_lcs_*.out n_lcf_*.out n_edge_*.out	NCBI: offset = interval start; per mask: first = from>offset ? from-offset : 0; second = min(to-offset, len-1) (inclusive end stored as if exclusive: the quirk); kept iff to >= offset && first < len. LOSAT derives masks from the cut record, which gives the same intervals: mask 900-1300 (1-based) with range 1001-2500 -> interval positions 0..299; a mask ending exactly at the interval start gives (0,0) in NCBI and one masked letter at position 0 in LOSAT; masks beyond the end are dropped in both. Oracle (lowercase 900-1300, query 1100-1299 inside the range): the ranged search with -lcase_masking finds nothing (n_lcs_q_in_mask__subject_loc_1001_2500_lcase_masking_.out), as the full search finds nothing in the masked part. The quirk (last masked letter stays searchable) is already reproduced by LOSAT without a range (L_edge_q_edgeR.out).
SB	34	c++/src/algo/blast/api/blast_setup_cxx.cpp	660-731	s_SeqLoc2MaskedSubjRanges	T: shift/clip of the masks to the interval (then nucleotide->protein per context)	algorithm/tblastn/search_seed.rs:184-225(subject soft ranges from the cut letters)	faithful	none	keep	t_lcb_*.out	Same as N (soft ranges are derived from the letters of the subject handed to the search).
SB	35	c++/src/algo/blast/api/blast_setup_cxx.cpp	660-731	s_SeqLoc2MaskedSubjRanges	P: protein subject masks	cli.rs:283-345(lcase_masking rejected)	rejected	none	keep	L_lcm_blastp.err	LOSAT BLASTP rejects -lcase_masking (see the mask rows).
SB	36	c++/src/algo/blast/api/blast_setup_cxx.cpp	660-731	s_SeqLoc2MaskedSubjRanges	X: nucleotide subject masks	cli.rs:551-600(lcase_masking rejected)	rejected	none	keep	L_x_lc_*.err	LOSAT TBLASTX rejects -lcase_masking.
SB	37	c++/src/algo/blast/core/blast_util.c	182-218	BlastSeqBlkSetSeqRanges	NT: complement ranges {mask k-1 'to', mask k 'from'}, first left=0, last right=interval length	algorithm/blastn/blast_engine/run.rs:4145-4160(build_subject_seq_ranges_from_masks);algorithm/tblastn/search_seed.rs:171-230	faithful	none	keep	n_edge_*.out	Already ported for whole records; the interval length (not the record length) is the last right bound, which holds once the cut record is passed (s_len_full is the cut length).
SB	38	c++/src/algo/blast/core/blast_setup.c	888-980	BLAST_GapAlignSetUp (database length and sequence count)	N: effective search space from the sum of interval lengths and the record count	algorithm/blastn/blast_engine/run.rs:6819-6893(db_len_total_i64, db_num_seqs_i64, effective_db_length)	faithful	none	keep	n_full_o0.out n_r1_o0.out n_m2_r0.out	total_length = BlastSeqSrcGetTotLen (sum of intervals), num_seqs = GetNumSeqs; BLAST_CalcEffLengths: effective_db_length = total - num_seqs*adj. Oracle: query 7001, ESS 55760256 (8,001 letters) vs 10365740 (1,500 letters) vs 24087816 (3,500 letters, 3 records). LOSAT computes both from the metadata of the records it is given; cut records suffice.
SB	39	c++/src/algo/blast/core/blast_setup.c	888-980	BLAST_GapAlignSetUp	P: effective search space and e-values from the interval totals	algorithm/blastp/blast_engine.rs:5451;algorithm/blastp/blast_engine.rs:7137	faithful	none	keep	p_full_o0.out p_r1_o0.out	ESS 687241 (871 letters) vs 302742 (400 letters); e-value of the second alignment 7.7 vs 4.7. Cut record suffices.
SB	40	c++/src/algo/blast/core/blast_setup.c	888-980	BLAST_GapAlignSetUp (translated: dbl/3; Gumbel db_length)	T: db length = total nucleotides/3	algorithm/tblastn/stage_d_stats.rs:161-205;algorithm/tblastn/stage_d_pipeline.rs:440(lookup_protein_gumbel_params(total_nt/3))	faithful	none	keep	t_full.out t_r_1001-6000.out	e-value 2.29e-38 (8,001 letters) vs 1.17e-38 (5,000 letters) for the same alignment. Cut records give the Gumbel/length-adjustment inputs of NCBI.
SB	41	c++/src/algo/blast/core/blast_setup.c	888-980	BLAST_GapAlignSetUp (translated)	X: db length = total nucleotides/3	algorithm/tblastx/blast_engine/run_impl.rs:2089-2130	faithful	none	keep	x_r_o0.out	ESS 3771648 for 5,000 letters, query 7001.
SB	42	c++/src/algo/blast/core/blast_setup.c	896-980	BLAST_GapAlignSetUp (total_length <= 0: 'not a database search' branch, min_subject_length)	NX: every subject interval empty (total 0)	algorithm/blastn/blast_engine/run.rs:5799-5802(db_num_seqs==0 only);algorithm/tblastx/blast_engine/run_impl.rs:1861(subjects_raw.is_empty())	unported	low	port:S	n_err_8002_8100.err n_empty1_o0.err x_empty1.err	total_length 0 -> total = GetSeqLen(0) = 0, num_seqs = 1, min_subject_length = 0 -> BLASTERR_SUBJECT_LENGTH_INVALID 'The average subject length is too short' -> stderr 'BLAST engine error: The average subject length is too short', exit 3, after the warning (and after the outfmt 0 prolog for blastn). Part of the empty-subject port.
SB	43	c++/src/algo/blast/core/blast_setup.c	896-980	BLAST_GapAlignSetUp / BLAST_PreliminarySearchEngine (db_length == 0)	PT: every subject interval empty (total 0)	algorithm/blastp/blast_engine.rs:8931(db_length==0 comment);algorithm/tblastn/stage_d_stats.rs:169(assert db_num_seqs>0)	unported	low	port:S	p_empty1_o0.out t_empty1_o0.out L_p_allempty0.out	UNSURE: blastp already matches NCBI for all-empty records (identical outfmt 0, L_p_allempty0.out). tblastn: NCBI runs with db_length 0 (per-subject effective lengths, ESS 0, exit 0); LOSAT-before cannot be run on an empty record (rejected earlier), so the stage D path with total 0 (assert db_num_seqs>0, total_nt/3 = 0) is unverified; check when the empty-subject branch is ported.
SB	44	c++/src/algo/blast/core/blast_engine.c	1354-1370,1425-1432	BLAST_PreliminarySearchEngine (min_subj_seq_length)	TX: translated subjects shorter than word_length*3+2 (=11) are skipped	algorithm/tblastn/search_seed.rs:364-425;algorithm/tblastx/blast_engine/run_impl.rs:2374-2377	faithful	none	keep	tblastn_multi_o0.out	Applied to the interval length (seq_arg.seq->length). Oracle: records of 1005 and 1010 letters with start 1001 -> 5- and 10-letter intervals, skipped without message but counted in '5 sequences'. LOSAT already has the same test on the record it is given.
SB	45	c++/src/algo/blast/core/blast_engine.c	215-300	s_GetNextSubjectChunk (MAX_DBSEQ_LEN 5,000,000, overlap 100)	N: chunking of the interval	algorithm/blastn/blast_engine/run.rs:432-600(SubjectSplitState)	faithful	none	keep	n_big_*.out	Chunks are relative to the interval letters. Oracle: 7,000,000-letter record, range 1000001-7000000 (interval 6,000,000): the hit across the interval chunk boundary (full coordinate 6,000,000) and the hit across the full-record boundary (5,000,000) are both complete (n_big_*). Cut record -> same chunk offsets.
SB	46	c++/src/algo/blast/core/blast_engine.c	215-300,700-880	s_GetNextSubjectChunk / s_BlastSearchEngineCore (translated frames of the interval, per-context mask translation, stat_length)	TX: frame lengths, last-frame stat_length, mask conversion from the interval length	algorithm/tblastn/search_seed.rs:226-300;algorithm/tblastx/blast_engine/run_impl.rs:84-148,242	faithful	none	keep	t_edge_*.out t_minus_*.out x_r3.out x_r4.out	All derived from subject->length of the interval (BLAST_GetAllTranslations on backup.full_range.right = interval length; frame length (len-frame)/3). stat_length for sum statistics = last translated frame length. Cut record -> same.
SB	47	c++/src/algo/blast/api/split_query_aux_priv.cpp	149-185	SplitQuery_SetEffectiveSearchSpace	NP: effective search space of a split query batch (TotLen, NumSeqs of the seq-src)	algorithm/blastn/blast_engine/run.rs:6819-6893;algorithm/blastn/query_split.rs;algorithm/common/protein_query_split.rs	faithful	none	keep	source	Takes BlastSeqSrcGetTotLen/NumSeqs = interval sums, the same inputs as the unsplit batch. LOSAT uses db_len_total/db_num_seqs of the records handed in.
SB	48	c++/src/app/blast/blastn_app.cpp	261-300	CBlastnApp::x_RunMTBySplitDB (batch size from formatter.GetDbTotalLength())	N: query batch size scales with the total subject letters	algorithm/blastn/blast_engine/run.rs:5841(total_length / 3000 into BatchSizeMixer)	faithful	none	keep	source	GetDbTotalLength = FillScanModeBlastDbInfo total = (int)BlastSeqSrcGetTotLen = interval sum; LOSAT uses subjects.metadata.db_len_total, so cut records give the NCBI batch size.
SB	49	c++/src/algo/blast/format/blast_format.cpp	127-140	CBlastFormat ctor (FillScanModeBlastDbInfo: num_seqs, int total_length)	NPTX: 'N sequences; M total letters' (outfmt 0 prolog) and 'Number of letters in database' (epilog)	algorithm/blastn/blast_engine/run.rs:4654(database_total_letters);algorithm/blastp/blast_engine.rs:7331,7538;algorithm/tblastn/stage_e_report.rs:609-622;algorithm/tblastx/blast_engine/run_impl.rs:1357-1358	faithful	none	keep	n_r1_o0.out n_m2_r0.out p_r1_o0.out t_r_o0.out x_r_o0.out	Printed from BlastSeqSrcGetNumSeqs/GetTotLen of the multi-seq source: interval sum and record count (empty intervals counted); oracle '1 sequences; 1,500 total letters', '3 sequences; 3,500', '1 sequences; 5,000' (tblastn/tblastx in nucleotides). The 32-bit int cast already exists in LOSAT. Cut records suffice. (The outfmt 7 header has no totals.)
SB	50	c++/src/algo/blast/api/blast_seqalign.cpp	1550-1600	BlastHitList2SeqAlign_OMF (subj_length = seqinfo GetLength)	NPTX: HSPs converted with the INTERVAL length (CSeqVecSeqInfoSrc::GetLength)	algorithm/blastn/blast_engine/run.rs:950-972(adjust_blastn_offsets: subject side not flipped);algorithm/tblastn/stage_e_report.rs:455-470(subject_len from the cut record);algorithm/blastp/blast_engine.rs:3190	faithful	none	keep	t_minus_*.out n_rc_r.out	Alignment rows are produced in interval coordinates (minus frames/strand flipped against the interval length, e.g. tblastn s_start = subject_len - 3*s_start + frame + 1 with subject_len the interval length). LOSAT's engine and stage E code use the length of the record they are given, so with a cut record the pre-remap coordinates are those of NCBI. Hit order and ties (sorted by e-value/score/offsets before the remap) are interval-based in both.
SB	51	c++/src/algo/blast/api/blast_seqalign.cpp	1536-1546,1630-1636,1855-1859	s_RemapToSubjectLoc -> RemapAlignToLoc (c++/src/objmgr/util/seq_align_util.cpp:52-77)	N: shift of subject coordinates by the interval start; plus and minus subject strand	algorithm/blastn/blast_engine/run.rs:11852(adjust_blastn_offsets: hit_s_start/hit_s_end);algorithm/blastn/blast_engine/run.rs:950	unported	high	port:S	n_r1.out n_rc_r.out n_qn_endpast.out n_qn_rc_endpast.out	CSeq_loc_Mapper from (id, 0..len-1, strand both) to the interval: every subject coordinate += interval start (0-based); no flip because the strand is both; reported 1-based s_start/s_end += from0 for plus and minus hits alike (oracle 1001-2500: sstart 1002 send 2500; minus: sstart 2500 send 1002; 7001-9999: 7001..7501 and 7501..7001). Apply only to the reported hit coordinates, not to the internal offsets used for display rows, sorting or traceback (BlastnHsp.internal_s_*). Not applied when is_ooframe (never in the CLI).
SB	52	c++/src/algo/blast/api/blast_seqalign.cpp	1536-1546,1630-1636,1855-1859	s_RemapToSubjectLoc -> RemapAlignToLoc	P: shift of subject coordinates by the interval start	algorithm/blastp/blast_engine.rs:3190-3332(build_pairwise_hits: hit.s_start/hit.s_end after rendering)	unported	high	port:S	p_r1.out p_m_ok.out	Shift hit.s_start/s_end (1-based) by from0 after the alignment rows are rendered from the cut subject (rendering and restore_displayed_o use interval coordinates); oracle 201-600: first alignment sstart 201 send 600, second alignment 305-323 (interval 205-223 + 100).
SB	53	c++/src/algo/blast/api/blast_seqalign.cpp	1536-1546,1630-1636,1855-1859	s_RemapToSubjectLoc -> RemapAlignToLoc	T: shift of subject DNA coordinates (plus and minus frames) by the interval start	algorithm/tblastn/stage_e_report.rs:458-470(s_start/s_end from 3*hsp.s_start+frame and subject_len)	unported	high	port:S	t_r_1001-6000.out t_minus_*.out t_edge_*.out	After NCBI's own conversion with subject_len = interval length (plus: 3*s+frame .. ; minus: subject_len - 3*s + frame + 1 ..), add from0 to both ends; strand both -> no flip, so minus-frame hits keep s_start > s_end (oracle: minus hit 3125 -> 1218 identical to the unranged coordinates; ranges ending at 2500/2501/2502/2503 give an upper end of 2498/2501/2501/2501). The sort fields (sort_subject_offset/end) must stay interval-based.
SB	54	c++/src/algo/blast/api/blast_seqalign.cpp	1536-1546,1630-1636,1855-1859	s_RemapToSubjectLoc -> RemapAlignToLoc	X: shift of subject DNA coordinates by the interval start	algorithm/tblastx/report.rs:594-595(hit.s_start/hit.s_end);algorithm/tblastx/report.rs:430-470	unported	high	port:S	x_r.out x_r3.out x_r4.out	Same shift for tblastx hits (both strands; sstart > send for minus frames). Oracle: the first rows of x_r.out equal x_full.out because those hits lie inside the range.
SB	55	c++/src/objtools/align_format/align_format_util.cpp	1233-1245	CAlignFormatUtil::GetFrame (called from CBlastTabularInfo::SetFields tabular.cpp:1073-1085)	T: tabular sframe/qframe computed from the remapped full-record coordinates and the FULL bioseq length	cli.rs:493-545;blastinput/app.rs:287-291(custom fields rejected for TBLASTN)	rejected	none	keep	t_r_*.out L_o6_tblastn.err	outfmt 6 'sframe' is only available through custom field lists, which LOSAT TBLASTN rejects (not range related); the default outfmt 6/7 has no frame column. NCBI prints with a range the frame of the full record (starts 1001/1002/1003 all print +2 for the 4529 hit).
SB	56	c++/src/objtools/align_format/align_format_util.cpp	1233-1245	CAlignFormatUtil::GetFrame (tabular sframe)	X: same	blastinput/app.rs:287-291(custom fields rejected for TBLASTX)	rejected	none	keep	x_r3.out L_o6_tblastx.err	Same as T.
SB	57	c++/src/objtools/align_format/showalign.cpp	411-425,1270-1278,322-330	s_GetFrame / CDisplaySeqalign 'Frame = ' line	T: outfmt 0 'Frame = +2' computed from full-record coordinates and the full bioseq length	algorithm/tblastn/stage_e_report.rs:557(subject_frame: Some(hsp.frame));report/pairwise.rs:2589,2678,3754(Frame line)	divergent	high	port:S	t_edge_o0.out t_r_o0.out t_full_o0.out	LOSAT prints the engine frame (hsp.frame, relative to the interval: plus frames from the interval start, minus from the interval end). NCBI: plus ((s_start0) % 3)+1, minus -(((L_full - s_start0 - 1) % 3) + 1) with s_start0 the 0-based start of the aligned subject row in full coordinates (the larger coordinate for minus) and L_full the full record length. Differs whenever from0 % 3 != 0 (plus) or (L_full - to0 - 1) % 3 != 0 (minus). Recompute the label from the shifted coordinates and the full length (same for the 'Frame = a/b' line of tblastx).
SB	58	c++/src/objtools/align_format/showalign.cpp	411-425,1270-1278,322-330	s_GetFrame / CDisplaySeqalign 'Frame = ' line	X: outfmt 0 'Frame = q/s' subject part from full-record coordinates	algorithm/tblastx/report.rs:463(subject_frame: Some(hsp.subject_frame));report/pairwise.rs:2589	divergent	high	port:S	x_full_o0.out x_r_o0.out x_r3.out x_r4.out	Same rule as T for the subject frame (the query part follows -query_loc, range QN). Oracle x_full_o0 vs x_r_o0: identical 'Frame = -3/-2' lines.
SB	59	c++/src/objtools/align_format/tabular.cpp	890-897	CBlastTabularInfo::SetFields (eSubjectLength = sequence::GetLength of the bioseq)	P: 'slen' custom field = FULL record length	algorithm/blastp/blast_engine.rs:3314(subject_length: Some(subjects[s_idx].aa_len));algorithm/blastp/blast_engine.rs:2403,2481(SubjectLength)	divergent	high	port:S	p_r1.out p_m_ok.out	Oracle: slen 871 for a 400-letter interval, 300 for the 300-letter record. LOSAT would print the cut length (aa_len of the encoded subject) -> must print the full record length. Only BLASTP supports custom fields in LOSAT (blastn/tblastn/tblastx reject them).
SB	60	c++/src/objtools/align_format/showalign.cpp	2476-2480	CDisplaySeqalign 'Length=' of the subject (bsp_handle.GetBioseqLength())	N: outfmt 0 'Length=' = FULL record length	algorithm/blastn/pairwise.rs:91(subject_length: Some(subject.seq().len()))	divergent	high	port:S	n_r1_o0.out n_m2_r0.out	Oracle 'Length=8001' with 1,500 interval letters (and 'Length=1500' for the 1500-letter record); LOSAT would print the cut length. Carry the full length per subject.
SB	61	c++/src/objtools/align_format/showalign.cpp	2476-2480	'Length=' of the subject	P: outfmt 0	algorithm/blastp/blast_engine.rs:3314(subject_length)	divergent	high	port:S	p_r1_o0.out	Oracle 'Length=871' with 400 interval letters; same fix as the slen row.
SB	62	c++/src/objtools/align_format/showalign.cpp	2476-2480	'Length=' of the subject	T: outfmt 0	algorithm/tblastn/stage_e_report.rs:560(subject_length: Some(subject.seq().len()))	divergent	high	port:S	t_r_o0.out	Oracle 'Length=8001' with 5,000 interval letters.
SB	63	c++/src/objtools/align_format/showalign.cpp	2476-2480	'Length=' of the subject	X: outfmt 0	algorithm/tblastx/report.rs:458(subject_length: Some(subject.seq().len()))	divergent	high	port:S	x_r_o0.out	Oracle 'Length=8001' with 5,000 interval letters.
SB	64	c++/src/algo/blast/api/seqinfosrc_seqvec.cpp	111-160	CSeqVecSeqInfoSrc::GetMasks (called from BlastHitList2SeqAlign_OMF blast_seqalign.cpp:1583-1587 and 1841-1855)	N: subject lowercase shown in the outfmt 0 Sbjct rows (-lcase_masking) with a range	algorithm/blastn/pairwise.rs:42-90(subject_masks = merged(...); lowercase_masked(subject_row ...));algorithm/blastn/blast_engine/run.rs:4871-4881	divergent	medium	port:M	n_disp__.out n_disp__subject_loc_1001_2500_.out n_disp__subject_loc_1_2500_.out n_disp__subject_loc_1901_2500_.out	NCBI selects the masks to display with s_SeqIntervalToSeqLocInfo: a FULL-record mask interval is returned only if it intersects (TSeqRange, closed) one of the HSP ranges [hsp.subject.offset, hsp.subject.end] given in INTERVAL coordinates (union over all HSPs of the subject); the returned masks are drawn in full coordinates. So with from0>0 a mask that overlaps the alignment in the file can be dropped and the Sbjct row shows no lowercase (oracle: mask 2000-2200, hit 1901-2300: lowercase shown with no range and with range 1-2500; none with 1001-2500 and 1901-2500). LOSAT-before marks every mask of the cut subject that overlaps the row (right positions, wrong selection). Port: keep the full-record masks per subject, apply the NCBI intersection test with interval-coordinate HSP offsets and draw the selected masks at full coordinates. Visible only in outfmt 0 (and the hit records of the web ABI).
SB	65	c++/src/algo/blast/api/seqinfosrc_seqvec.cpp	111-160	CSeqVecSeqInfoSrc::GetMasks	P: the same selection for protein subjects	cli.rs:283-345(lcase_masking rejected)	rejected	none	keep	p_disp2__.out p_disp2__subject_loc_101_600_.out p_disp2__subject_loc_1_600_.out L_lcm_blastp.err	NCBI blastp shows the same range-dependent loss of lowercase (mask 450-480, hit 401-530: lowercase with no range and with 1-600, uppercase with 101-600); LOSAT rejects -lcase_masking for BLASTP, so nothing to do now. Port the same selection if the option is ever accepted.
SB	66	c++/src/algo/blast/api/seqinfosrc_seqvec.cpp	111-160	CSeqVecSeqInfoSrc::GetMasks	T: subject masks in outfmt 0	algorithm/tblastn/stage_e_report.rs:430-460	n/a	none	keep	t_disp_lc.out L_t_disp_lc.out	tblastn outfmt 0 shows no lowercase on the translated Sbjct rows (NCBI and LOSAT-before outputs are identical), so the selection cannot change output.
SB	67	c++/src/algo/blast/blastinput/blast_input_aux.cpp	220-243	ReadSequencesToBlast (stream)	NPTX: -subject - (standard input) with -subject_loc	algorithm/blastn/input.rs:621-657(open_input/standard_input)	faithful	none	keep	n_stdin.out	The same range processing for a stream (n_stdin.out equals the file result). LOSAT already reads '-' once; the range is applied to the bytes after reading.
SB	68	c++/src/algo/blast/blastinput/blast_args.cpp	2540-2557	CBlastDatabaseArgs::ExtractAlgorithmOptions (web ABI entry)	NPTX: ABI v2 run_local(args, query_records, subject_records, outputs) takes already parsed records	algorithm/blastn/blast_engine/run.rs:5456(run_local);algorithm/blastp/blast_engine.rs:4848(run_local);algorithm/tblastn/args.rs:789(run_local);algorithm/tblastx/blast_engine/run_impl.rs:962(run_local)	unported	low	port:S	source	The ABI v2 entries skip the file read; if the adapter should accept a subject range the cut + range metadata must be applied inside run_local too (or by the caller before it). Not exercised by the CLI oracle.
RF	1	src/algo/blast/api/blast_seqalign.cpp	1520-1534	RemapToQueryLoc (called from BlastHitList2SeqAlign_OMF 1634/1643)	N: query row shift of every Seq-align	algorithm/blastn/blast_engine/run.rs:950(adjust_blastn_offsets); algorithm/blastn/hsp.rs:1262-1270(write_hit_fields call); common.rs:96-99(Hit.q_start/q_end)	unported	high	port:S	n6_qs_all.out;n6_cut_all.out;n6_st_plus.out;n6_st_minus.out;n6_st_both.out;n7_multi.out;n7_multi_cut.out	NCBI builds the Seq-align on the interval (query_length = interval length, minus-strand coords computed from that length) and then adds q_shift = typed from-1 (0-based start of -query_loc, 0 if no range) to the query row (OffsetRow) for plus AND minus HSPs; oracle -query_loc 150-5000: ranged qstart/qend = cut run +149 for every row (plus 200-620 vs 51-471; minus 821-1101 vs 672-952). LOSAT has no shift; add q_from to q_start/q_end of the final Hit after adjust_blastn_offsets (which must get query_length = interval length)
RF	2	src/algo/blast/api/blast_seqalign.cpp	1520-1534	RemapToQueryLoc	P: query row shift	algorithm/blastp/blast_engine.rs:2404-2405(blastp_tabular_field_text QueryStart/QueryEnd); algorithm/blastp/blast_engine.rs:2470-2485(write_blastp_hsp_tabular_field)	unported	high	port:S	p6.out;p6_cut.out;p7_multi.out;p7_multi_cut.out;p0_multi.out	Amino-acid units: q_shift = typed from-1 added to qstart/qend; oracle blastp -query_loc 20-400 on a 295-aa query: qstart/qend = cut run +19 (31-225 vs 12-206). Same shift in outfmt 0 'Query  N' lines and every row of outfmt 7. LOSAT has none; add once on the final hit before the writers (also feeds outfmt 0 coordinates)
RF	3	src/algo/blast/api/blast_seqalign.cpp	1520-1534	RemapToQueryLoc	T: query row shift (protein query)	algorithm/tblastn/stage_e_report.rs:272-273(hsp.q_start + 1, hsp.q_end); algorithm/tblastn/stage_e_report.rs:524-560(pairwise_hits PairwiseHit.hit q_start/q_end)	unported	high	port:S	t6_41.out;t6c_41.out;t0.out;t0c.out	Protein query, so the shift is in amino acids: oracle -query_loc 20-400: qstart/qend 31-150 vs cut 12-131 (+19). Applies to tabular and to 'Query  N' lines of outfmt 0. LOSAT has none
RF	4	src/algo/blast/api/blast_seqalign.cpp	1520-1534	RemapToQueryLoc	X: query row shift (nucleotide query, translated)	algorithm/tblastx/extension/mod.rs:73(convert_coords); algorithm/tblastx/report.rs:544-600(write_tabular uses hit.q_start/q_end); algorithm/tblastx/report.rs:423-483(pairwise_hits)	unported	high	port:S	x6_30.out;x6c_30.out;x6p.out;x6pc.out;x0.out;x0c.out	Nucleotide units although the query is translated: oracle -query_loc 30-700: qstart/qend = cut +29 on all 20 rows incl. minus-frame rows (679-440 vs 650-411). The std-seg coordinates are computed on the interval (query_length = interval nt length) then shifted. LOSAT has none
RF	5	src/algo/blast/api/blast_seqalign.cpp; src/objmgr/util/seq_align_util.cpp	1541-1547; 52-76	s_RemapToSubjectLoc -> sequence::RemapAlignToLoc (CSeq_loc_Mapper from [0,len-1] to the subject Seq-loc); called at 1636 and 1859	N: subject row shift (CanReturnPartialSequence()==true for CSeqVecSeqInfoSrc)	algorithm/blastn/blast_engine/run.rs:950(adjust_blastn_offsets); algorithm/blastn/hsp.rs:1262-1270	unported	high	port:S	n6_qs_all.out;n6_cut_all.out;n7_multi.out;n7_multi_cut.out	Subject interval start (typed from-1) is added to the subject row; HSPs on the subject minus strand keep descending order (s_start>s_end) and shift by the same amount: oracle -subject_loc 100-900: sstart/send 120/540 and 900/620 vs cut 21/441 and 801/521 (+99 both). Whole locs are not remapped. LOSAT has none: add s_from to s_start/s_end of every final hit
RF	6	src/algo/blast/api/blast_seqalign.cpp; src/objmgr/util/seq_align_util.cpp	1541-1547; 52-76	s_RemapToSubjectLoc	P: subject row shift	algorithm/blastp/blast_engine.rs:2406-2407(blastp_tabular_field_text SubjectStart/SubjectEnd); algorithm/blastp/blast_engine.rs:2470-2485	unported	high	port:S	p6.out;p6_cut.out;p7_multi.out;p7_multi_cut.out	Amino-acid shift: oracle -subject_loc 10-220: sstart/send 16-220 vs cut 7-211 (+9); multi-subject: each subject record gets the same typed range (ps2 195 aa: 136-195 vs 127-186). LOSAT has none
RF	7	src/algo/blast/api/blast_seqalign.cpp; src/objmgr/util/seq_align_util.cpp	1541-1547; 52-76	s_RemapToSubjectLoc	T: subject row shift (translated subject, nucleotide units)	algorithm/tblastn/stage_e_report.rs:244-252(s_start,s_end for tabular); algorithm/tblastn/stage_e_report.rs:463-470(s_start,s_end for pairwise)	unported	high	port:S	t6_41.out;t6c_41.out;t6_43.out;t6c_43.out;t0.out;t0c.out	Nucleotide shift (typed from-1) added to the already computed nt coordinates (minus frames: computed from subject_length = interval length first, formula blast_seqalign.cpp s_GetAlignmentStart 114-145: original_length - 3*(pos+num) + frame + 1). Oracle -subject_loc 43-700: sstart/send 45-401 vs cut 3-359 (+42); minus 700-458 vs 658-416. LOSAT computes s_start/s_end from subject.seq().len(): that length must be the interval length, then add s_from
RF	8	src/algo/blast/api/blast_seqalign.cpp; src/objmgr/util/seq_align_util.cpp	1541-1547; 52-76	s_RemapToSubjectLoc	X: subject row shift (translated subject, nucleotide units)	algorithm/tblastx/extension/mod.rs:73(convert_coords with s_orig_len); algorithm/tblastx/report.rs:544-600(write_tabular hit.s_start/s_end); algorithm/tblastx/report.rs:423-483	unported	high	port:S	x6_30.out;x6c_30.out;x6p.out;x6pc.out	Same as T for tblastx: oracle -subject_loc 43-5000 (shift 42): sstart/send = cut +42 on all 21 rows incl. minus-frame rows; subject_length for minus frames is the interval length (755), not the record length (797). LOSAT has none
RF	9	src/algo/blast/api/blast_seqalign.cpp; src/algo/blast/api/blast_seqinfosrc_aux.cpp; src/algo/blast/api/seqinfosrc_seqvec.cpp	1549-1651 (lengths at 1578-1583, 1620-1626); 51-70; 88-97	BlastHitList2SeqAlign_OMF + GetSequenceLengthAndId + CSeqVecSeqInfoSrc::GetLength (the path -subject takes: CLocalDbAdapter dbscan_mode=true => eDatabaseSearch, local_blast.cpp 288-292; query_length = query.GetSeqLength(i), subject_length = sequence::GetLength(subject Seq-loc))	N: lengths handed to the Seq-align builder (interval lengths)	algorithm/blastn/blast_engine/run.rs:955(adjust_blastn_offsets query_length param); algorithm/blastn/blast_engine/run.rs:3253(query_length: query_lengths[..]); algorithm/blastn/blast_engine/run.rs:4620(query_length: query.seq().len())	faithful	none	keep	n6_qs_all.out;n6_cut_all.out;n6_st_minus.out	query_length and subject_length given to the builders are the INTERVAL lengths (to clipped to record end-1): the Seq-loc is Int [from, min(to,len-1)] (blast_fasta_input.cpp 458-459) and GetLength(Seq-loc) is to-from+1. Oracle: ranged minus-query rows equal cut-run rows + shift, so minus coords use the interval length. LOSAT's query_length argument is the length of the query it searched: no change if the engine receives the cut interval (do NOT pass the record length; do NOT pass the typed range length)
RF	10	src/algo/blast/api/blast_seqalign.cpp	168-269 (s_CollectSeqAlignData, s_GetAlignmentStart 114-145, s_GetProteinFrameLength 147-152); 1323-1381	BLASTHspListToSeqAlign/s_BlastHSP2SeqAlign gapped path and x_UngappedHSPToStdSeg/x_UngappedHSPToDenseDiag ungapped path: coordinate formulas with query_length and subject_length (translated: original nt length, frame)	T: subject nt coordinates of minus frames (length = interval length)	algorithm/tblastn/stage_e_report.rs:244-252; algorithm/tblastn/stage_e_report.rs:463-470	faithful	none	keep	t6_41.out;t6c_41.out;t6_43.out;t6c_43.out;t6_42.out;t6c_42.out	Plus frame: 3*offset+frame-1; minus frame: subject_length-3*end+frame+1 with subject_length = interval length, then +from (row 5-8). Oracle: ranged minus rows (700-458) = cut rows (658-416) + 42 for from=43; sstart/send never use the record length. LOSAT's subject_len = subject.seq().len(): correct if it is the cut interval; BUT the same variable feeds 'Length=' (needs the full record, see the Length rows), so keep both lengths
RF	11	src/algo/blast/api/blast_seqalign.cpp	1323-1381 (x_UngappedHSPToStdSeg: query 1347-1360, subject 1362-1376); 1397-1459	BLASTUngappedHspListToSeqAlign -> x_UngappedHSPToStdSeg (tblastx is always ungapped)	X: nucleotide coordinates of both translated rows (query_length/subject_length = interval lengths)	algorithm/tblastx/extension/mod.rs:73(convert_coords q_orig_len/s_orig_len); algorithm/tblastx/blast_gapalign.rs:87-88; algorithm/tblastx/sum_stats_linking/linking.rs:149	faithful	none	keep	x6_30.out;x6c_30.out;x6_past.out;x6c_past.out;x6p.out;x6pc.out	Plus frame: from=3*offset+frame-1, to=3*end+frame-2; minus: query_length-3*end+frame+1 .. query_length-3*offset+frame, with the INTERVAL nt length (oracle: ranged = cut + shift on all 20 rows, incl. the case where the range end is past the record end: typed 4971 vs interval 739). LOSAT's convert_coords takes q_orig_len/s_orig_len = length of the sequence the engine translated: correct if that is the cut interval; the report also needs the full record length for frame labels (frame rows)
RF	12	src/algo/blast/api/blast_seqalign.cpp; src/algo/blast/core/blast_hits.c	1162-1231 (hsp_percent_coverage 1219-1227); 1034-1042 (Blast_HSPGetQueryCoverage)	s_BuildScoreList -> Blast_HSPGetQueryCoverage(hsp, query_length): pct = 100*(query.end-query.offset)/query_length, +0.5 if <99; becomes the 'hsp_percent_coverage' score read by x_SetQueryCovSeqalign (tabular.cpp 737-747)	NPTX: qcovhsp denominator	algorithm/blastp/blast_engine.rs:2277-2280(blastp_tabular_field: qcovhsp rejected); (BLASTN/TBLASTN/TBLASTX: custom fields rejected by cli.rs/args)	rejected	low	reject:field qcovhsp is not supported by any LOSAT program (independent of ranges); when ported use the formulas in notes	n6_qs_all.out;n6_cut_all.out;p6.out;p6_cut.out;t6_41.out;t6c_41.out;x6_past.out;x6c_past.out;x6g.out;x6gc.out	Denominator = INTERVAL length, not typed: N 421/1101->38 (-query_loc 150-5000 on 1250 nt: typed 4851), P/T 71 and 43 equal the cut run. X (ungapped path, query_length not divided by 3): qcovhsp = aa HSP length / nt interval length, e.g. 120 aa / 739 nt -> 16 (x6_past.out; cut run identical). The score is on the Seq-align for the gapped programs (N/P/T), so the typed-range fallback in x_SetQueryCovSeqalign (tabular.cpp 740-746) is not reached there. X EXCEPTION: when a subject has exactly ONE HSP, PrepareBlastUngappedSeqalign (showalign.cpp 3163-3215) passes the Seq-align through without copying the Std-seg scores, GetNamedScore fails and the fallback gives 100*(nt HSP length in record coordinates)/(typed range length, or record length without -query_loc) (+0.5 if <99), e.g. 27 nt / 4971 -> 1 where the cut run gives 10 (x6g.out row xq2/ts3 qcovhsp 1 vs 10; also true without ranges with the record length). Result is (int) of the percentage after +0.5 if <99
RF	13	src/algo/blast/api/blast_seqalign.cpp	1461-1510 (query_length/3 at 1494-1497)	BLASTHspListToSeqAlign: translated-query branch s_AddScoresToSeqAlign(..., query_length/3)	NPTX: translated-query coverage argument	-	n/a	none	keep	x6_past.out	Executes only for gapped alignments of programs with a translated query (blastx, out of scope). tblastn has a protein query and tblastx is ungapped (goes through x_UngappedHSPToStdSeg), so the /3 never applies to the four programs here (the ungapped X path divides nothing, see the qcovhsp row)
RF	14	src/algo/blast/api/blast_seqalign.cpp	1727-1741 (s_AdjustNegativeSubjFrameInBlastn)	BLASTN subject on minus strand: sets hsp->subject.frame=-1 for every HSP	N: subject Seq-loc strand minus	-	n/a	none	keep	source	Needs a minus-strand subject Seq-loc. bl2seq subjects read from FASTA get strand 'both' (nucleotide) or 'unknown' (protein) (blast_fasta_input.cpp 399-409 with a config strand 'other'), and no CLI option sets a subject strand, so the branch is unreachable with -subject_loc
RF	15	src/algo/blast/api/blast_seqalign.cpp	768-1096 (s_OOFBlastHSP2SeqAlign); 1636 and 1859 (if (!is_ooframe) s_RemapToSubjectLoc)	Out-of-frame (frame_shift_penalty) gapped alignments: the subject remap is skipped	T: -frame_shift_penalty (out-of-frame gapping) with -subject_loc	-	rejected	low	reject:-frame_shift_penalty is not a LOSAT option; NCBI would return UNSHIFTED subject coordinates (remap skipped) for ranged subjects in this mode	source	Only reachable with -frame_shift_penalty (tblastn/blastx). Note for any future port: in that mode NCBI skips s_RemapToSubjectLoc, so subject coordinates would NOT be shifted by -subject_loc (the query row still is). Not run (option not supported by LOSAT)
RF	16	src/algo/blast/api/blast_seqalign.cpp	1549-1651 (the else branch at 1641-1647: CanReturnPartialSequence()==false); 1756-1877; 1901-1944 (eSequenceComparison)	BlastHitList2SeqAlign_OMF for BLAST databases (CSeqDbSeqInfoSrc/CBioseqSeqInfoSrc return false: no subject remap) and the pairwise-comparison path s_BLAST_OneSubjectResults2CSeqAlign/s_BlastResults2SeqAlignSequenceCmp_OMF (result type eSequenceComparison, chosen only when dbscan_mode is false, i.e. env BL2SEQ_LEGACY set, blast_app_util.cpp 205-210)	NPTX: -db search / BL2SEQ_LEGACY	-	rejected	none	reject:-db is out of scope; BL2SEQ_LEGACY is an environment switch	source	Not reachable with -query/-subject and no BL2SEQ_LEGACY. The legacy path also remaps both rows (lines 1853-1860) so the numbers would not differ, but its prolog/epilog differ (no database report, 'Subject=' header via x_CreateSubjectBioseq)
RF	17	src/algo/blast/format/blast_format.cpp; src/objtools/align_format/align_format_util.cpp; src/algo/blast/api/seqsrc_multiseq.cpp	112-145 (ctor, dbscan branch 128-143), 348-443 (PrintProlog, db report 439-441), 2204-2285 (PrintEpilog, db report 2256-2258); 412-427, 506-575; 132-186 (175-181), 293-297	CBlastFormat ctor/PrintProlog/PrintEpilog + FillScanModeBlastDbInfo + PrintDbReport + CMultiSeqInfo::GetTotLength	N: outfmt 0 database totals (prolog and epilog)	algorithm/blastn/coordination.rs:849-868(subject_metadata_from_records db_len_total += record.seq().len()); algorithm/blastn/blast_engine/run.rs:4655(database_total_letters); report/pairwise.rs:2213-2283(write_blastn_pairwise_prolog)	divergent	high	port:S	n0_qs.out;n0_qs_cut.out;n0_multi.out;n0_multi_cut.out	NCBI (dbscan mode, the -subject default): m_DbInfo = FillScanModeBlastDbInfo(num_seqs=BlastSeqSrcGetNumSeqs, total_length=(int)BlastSeqSrcGetTotLen) and CMultiSeqInfo sums the subject sequence-block lengths = sum of INTERVAL lengths (CMultiSeqInfo 175-181), printed in the prolog ('Database: User specified sequence set (Input: <-subject text>).' then 11 spaces + 'N sequences; M total letters', thousands commas) and in the epilog ('  Number of letters in database: M', '  Number of sequences in database:  N'). N counts every subject record. Oracle: -subject_loc 100-900 on 1100 nt -> '1 sequences; 801 total letters' (query_loc does not matter); ns3 with -subject_loc 30-700 (subjects 1100/660/200 nt) -> '3 sequences; 1,473 total letters' = 671+631+171 (the 200-nt subject contributes 200-30+1=171, end clipped). LOSAT sums the whole record; must sum min(to,len)-from+1 per subject (0 for an empty record, still counted in N). Also feeds the engine's db length (LA)
RF	18	src/algo/blast/format/blast_format.cpp; src/objtools/align_format/align_format_util.cpp; src/algo/blast/api/seqsrc_multiseq.cpp	112-145, 348-443, 2204-2285; 412-427, 506-575; 132-186	same as above	P: outfmt 0 database totals (prolog and epilog)	algorithm/blastp/blast_engine.rs:5451(total_db_len = sum aa_len); algorithm/blastp/blast_engine.rs:7330-7331; algorithm/blastp/blast_engine.rs:7537-7538(database_total_letters)	divergent	high	port:S	p0_multi.out;p0_multi_cut.out	NCBI (dbscan mode, the -subject default): m_DbInfo = FillScanModeBlastDbInfo(num_seqs=BlastSeqSrcGetNumSeqs, total_length=(int)BlastSeqSrcGetTotLen) and CMultiSeqInfo sums the subject sequence-block lengths = sum of INTERVAL lengths (CMultiSeqInfo 175-181), printed in the prolog ('Database: User specified sequence set (Input: <-subject text>).' then 11 spaces + 'N sequences; M total letters', thousands commas) and in the epilog ('  Number of letters in database: M', '  Number of sequences in database:  N'). N counts every subject record. Amino-acid letters: -subject_loc 10-220 on ps1/ps2/ps3 (275/195/100 aa) -> '3 sequences; 488 total letters' = 211+186+91. LOSAT sums aa_len of the full records; must sum the interval lengths
RF	19	src/algo/blast/format/blast_format.cpp; src/objtools/align_format/align_format_util.cpp; src/algo/blast/api/seqsrc_multiseq.cpp	112-145, 348-443, 2204-2285; 412-427, 506-575; 132-186	same as above	T: outfmt 0 database totals (prolog and epilog)	algorithm/tblastn/stage_e_report.rs:609-622(total_nt, database_total_letters)	divergent	high	port:S	t0.out;t0c.out	NCBI (dbscan mode, the -subject default): m_DbInfo = FillScanModeBlastDbInfo(num_seqs=BlastSeqSrcGetNumSeqs, total_length=(int)BlastSeqSrcGetTotLen) and CMultiSeqInfo sums the subject sequence-block lengths = sum of INTERVAL lengths (CMultiSeqInfo 175-181), printed in the prolog ('Database: User specified sequence set (Input: <-subject text>).' then 11 spaces + 'N sequences; M total letters', thousands commas) and in the epilog ('  Number of letters in database: M', '  Number of sequences in database:  N'). N counts every subject record. Nucleotide letters (not divided by 3): -subject_loc 42-700 on a 797-nt subject -> '1 sequences; 659 total letters'. LOSAT sums the record lengths; must sum interval lengths. The engine's own db length (total_nt/3 in stage_d_pipeline.rs:368,440) is LA's
RF	20	src/algo/blast/format/blast_format.cpp; src/objtools/align_format/align_format_util.cpp; src/algo/blast/api/seqsrc_multiseq.cpp	112-145, 348-443, 2204-2285; 412-427, 506-575; 132-186	same as above	X: outfmt 0 database totals (prolog and epilog)	algorithm/tblastx/blast_engine/run_impl.rs:1358(database_total_letters = sum seq().len())	divergent	high	port:S	x0.out;x0c.out	NCBI (dbscan mode, the -subject default): m_DbInfo = FillScanModeBlastDbInfo(num_seqs=BlastSeqSrcGetNumSeqs, total_length=(int)BlastSeqSrcGetTotLen) and CMultiSeqInfo sums the subject sequence-block lengths = sum of INTERVAL lengths (CMultiSeqInfo 175-181), printed in the prolog ('Database: User specified sequence set (Input: <-subject text>).' then 11 spaces + 'N sequences; M total letters', thousands commas) and in the epilog ('  Number of letters in database: M', '  Number of sequences in database:  N'). N counts every subject record. Nucleotide letters: -subject_loc 42-700 on 797 nt -> '659 total letters'. LOSAT sums the whole records
RF	21	src/algo/blast/format/blast_format.cpp; src/objtools/align_format/align_format_util.cpp	1411-1495 (PrintOneResultSet, AcknowledgeBlastQuery call 1485-1495); 685-698, 728-746 (x_AcknowledgeBlastSequence: 'Length=' + cbs.GetInst().GetLength())	outfmt 0 'Query= <defline>' / 'Length=N' block of each query	NPTX: query Length= (FULL record, not range)	report/pairwise.rs:1286-1297(write_blastp_query_header) called at :1595(P), :2306(N), :3523(T), :2931(X); algorithm/blastn/blast_engine/run.rs:4620; algorithm/blastp/blast_engine.rs:7516-7518; algorithm/tblastn/stage_e_report.rs:656; algorithm/tblastx/blast_engine/run_impl.rs:1344	faithful	none	keep	n0_qs.out;n0_multi.out;p0_multi.out;t0.out;x0.out;n_skipall_0.out	Length= is the bioseq length of the RECORD from the scope (not the interval, not the typed range): blastn -query_loc 150-5000 on 1250 nt prints Length=1250 (cut run 1101); multi-query 1250/350/500 (cut 1151/251/401); blastp 295; tblastn 295; tblastx 768. LOSAT prints the record length today (query.seq().len() etc.): keep the full record available; do not take it from the cut interval
RF	22	src/algo/blast/format/blast_format.cpp; src/objtools/align_format/showalign.cpp	1411-1590; 2285-2290, 2479 (out<<kLengthString<<bsp_handle.GetBioseqLength())	outfmt 0 subject block '> <defline>' / 'Length=N' (CDisplaySeqalign::x_DisplayAlnDefline...)	NPTX: subject Length= (FULL record)	report/pairwise.rs:210-237(write_subject_header, Length=) fed by PairwiseHit.subject_length: algorithm/blastn/pairwise.rs:90(subject.seq().len()); algorithm/blastp/blast_engine.rs:3314(subjects[s_idx].aa_len); algorithm/tblastn/stage_e_report.rs:560; algorithm/tblastx/report.rs:477	faithful	none	keep	n0_qs.out;n0_multi.out;p0_multi.out;t0.out;x0.out	Subject Length= is the full record length: blastn subject 1100 with -subject_loc 100-900 prints 'Length=1100' (cut run 801); ns3 1100/660/200 hold; blastp 275; tblastn/tblastx 797. LOSAT already uses the record length; if the session cuts subject Records before reporting, keep the original length for this line
RF	23	src/app/blast/blastn_app.cpp; src/app/blast/blastp_app.cpp; src/app/blast/tblastn_app.cpp; src/app/blast/tblastx_app.cpp; include/algo/blast/format/blast_format.hpp; src/algo/blast/blastinput/blast_args.cpp; src/algo/blast/blastinput/blast_input_aux.cpp	250; 245; 262; 165; 309-312; 1996-1999; 146-176	formatter.SetQueryRange(query_opts->GetRange()) -> CBlastFormat::m_QueryRange (typed -query_loc as TSeqRange: 0-based, inclusive, NOT clipped to the record, one range for ALL queries; empty when no -query_loc); ParseSequenceRange	NPTX: typed query range handed to the formatter	-	unported	high	port:S	n6_multi_qlen.out;n6_qs_all.out;n6_f_qlen_slen.out	m_QueryRange = [from-1, to-1] of the typed string (so GetLength() = to-from+1 even when to is past the record end); the SAME range is used for every query record (oracle: 3 queries of 1250/350/500 nt with -query_loc 100-5000 all print qlen 4901). Used by tabular qlen/qcovhsp-fallback/qcovs only (the following rows). LOSAT has no field for it: add QueryRange{from,to_typed} to each program's report options and keep it separate from the clipped interval
RF	24	src/objtools/align_format/tabular.cpp	776-801 (m_QueryLength at 784-790); 880-889	CBlastTabularInfo::SetFields: eQueryLength = m_QueryRange.GetLength() when m_QueryRange is set, else bioseq/sequence length	P: qlen	algorithm/blastp/blast_engine.rs:2399(blastp_tabular_field_text QueryLength => h.query_length); algorithm/blastp/blast_engine.rs:2477(write_blastp_hsp_tabular_field)	divergent	high	port:S	n6_qs_all.out;n6_cut_all.out;n6_f_qlen_slen.out;n6_f_qcovhsp_qlen.out;n6_multi_qlen.out;p6.out;p6_cut.out;n7_stdins.out;n6_stdinq.out	qlen = TYPED range length to-from+1 even when to is past the record end (blastp -query_loc 20-400 on 295 aa: 381; cut run 276; blastn -query_loc 150-5000 on 1250: 4851, interval 1101); identical for all query records; whole record length when no -query_loc (blastn 1250). Both code paths (query id requested at 784, or not at 880) give the same value. LOSAT prints h.query_length = record length: must print the typed length when -query_loc is given
RF	25	src/objtools/align_format/tabular.cpp	776-801; 880-889	same	NTX: qlen (and every custom field list)	algorithm/blastn/hsp.rs:78-170(parse_blastn_output_format rejects custom fields); algorithm/tblastn/stage_e_report.rs:45-48(format_number); algorithm/tblastx/args.rs:120	rejected	none	keep	source	LOSAT BLASTN/TBLASTN/TBLASTX accept outfmt 0/6/7 with the default 12 fields only (custom field lists/delimiters are rejected, checked with LOSAT-before). NCBI values for a later port are in the qlen/slen/qcov rows. Fields LOSAT BLASTP accepts: qseqid qacc qaccver qlen sseqid sacc saccver slen qstart qend sstart send qseq sseq evalue bitscore score length pident nident mismatch positive gapopen gaps ppos qframe sframe frames btop stitle (and 'std'); it rejects qgi sallseqid sgi sallgi sallacc staxid ssciname scomname sblastname sskingdom staxids sscinames scomnames sblastnames sskingdoms salltitles sstrand qcovs qcovhsp qcovus
RF	26	src/objtools/align_format/tabular.cpp	811-860 (m_SubjectLength = subject_bh.GetBioseqLength() at 842); 891-898	SetFields: eSubjectLength = full bioseq length (also when the subject id is not requested: sequence::GetLength(seq-id))	P: slen	algorithm/blastp/blast_engine.rs:2403(SubjectLength => hit.subject_length); algorithm/blastp/blast_engine.rs:2481; algorithm/blastp/blast_engine.rs:3314(subject_length: Some(subjects[s_idx].aa_len))	faithful	none	keep	n6_f_slen_sstrand.out;n6_qs_all.out;p6.out;p6_cut.out;t6_41.out;x6_30.out	slen = FULL record length, never the interval nor typed range: blastn 1100 (cut 801), blastp 275 (cut 211), tblastn/tblastx 797 (cut 660/659). LOSAT uses aa_len of the record: keep the full record length separate from the cut sequence
RF	27	src/objtools/align_format/tabular.cpp; src/objtools/align_format/align_format_util.cpp	900-1000 (alnVec built over the Dense-seg with record coordinates; GetWholeAlnSeqString 985-986); 936-1010 (btop/nident/positives)	SetFields: qseq/sseq/btop/nident/mismatch/positive/ppos/length/gaps/gapopen come from CAlnVec over the scope's full bioseqs at the REMAPPED (record) coordinates	P: qseq sseq btop positive ppos length nident mismatch gapopen gaps	algorithm/blastp/blast_engine.rs:2129-2140(blastp_tabular_fields_require_rendered_alignment); algorithm/blastp/blast_engine.rs:2383-2440	faithful	none	keep	p6.out;p6_cut.out	Oracle: all these columns equal the cut run's (only qstart/qend/sstart/send shift): same letters because the record interval is the cut sequence. LOSAT renders from its (cut) sequences: no change; masks/lowercase are not part of qseq (original letters)
RF	28	src/objtools/align_format/tabular.cpp; src/objtools/align_format/align_format_util.cpp	1071-1093 (frames); 1233-1245 (CAlignFormatUtil::GetFrame)	SetFields: qframe/sframe/frames: GetFrame(start0, strand, bioseq handle): plus (start0%3)+1, minus -(((FULL_RECORD_LENGTH - start0 - 1) % 3) + 1); protein and unknown strand give 0 (translated) or the initial 1 (non-translated)	P: qframe sframe frames	algorithm/blastp/blast_engine.rs:2325-2327(blastp_frame_value); algorithm/blastp/blast_engine.rs:2472-2476; algorithm/blastp/blast_engine.rs:3305-3307(query_frame/subject_frame Some(1))	faithful	none	keep	p6.out;p6_cut.out	blastp: not translated, so frames stay 1/1 -> '1','1','1/1' with and without ranges (oracle p6.out). No change
RF	29	src/objtools/align_format/tabular.cpp; src/objtools/align_format/align_format_util.cpp	1071-1093; 1233-1245	SetFields frames for translated programs (same GetFrame): RECORD-relative frame labels using the full bioseq length, not the engine frames of the interval	TX: qframe sframe frames (tabular, custom fields)	algorithm/tblastn/stage_e_report.rs:557(subject_frame: Some(hsp.frame)); algorithm/tblastx/report.rs:478-479(query_frame/subject_frame); (custom fields rejected for TBLASTN/TBLASTX)	rejected	none	keep	t6_41.out;t6c_41.out;t6_42.out;t6c_42.out;x6_30.out;x6c_30.out;x6_31.out;x6c_31.out;x6_32.out;x6c_32.out	Field unsupported today, values for a later port: plus frame = ((start0 %3)+1) with start0 = 0-based record coordinate of the HSP low end; minus frame = -(((record_len - high0 - 1) % 3)+1) with high0 = 0-based record coordinate of the high end. tblastn: qframe 0 (strand unknown), sframe e.g. 3,-2 (cut run: 2,-1); tblastx qframe/sframe differ from the cut run whenever the offset is not a multiple of 3 (from=30: 2/3 vs 3/1; from=32: 2/3 vs 1/1). Same rule drives the outfmt 0 'Frame =' lines (next rows)
RF	30	src/objtools/align_format/showalign.cpp	411-423 (s_GetFrame), 1273-1279 (frame[row]), 249-285 and 4015-4022 (Frame = / Strand= output), 306-330 (s_DisplayIdentityInfo)	CDisplaySeqalign: ' Frame = +a/-b' line from s_GetFrame(IsPositiveStrand ? GetSeqStart : GetSeqStop, strand, id) with the FULL bioseq length (record coordinates)	T: outfmt 0 ' Frame = ' line (subject frame)	report/pairwise.rs:3680(write_tblastn_hsp_info); algorithm/tblastn/stage_e_report.rs:557(subject_frame: Some(hsp.frame)); algorithm/tblastn/stage_e_report.rs:233(frame from engine)	divergent	high	port:S	t0.out;t0c.out;t6_41.out;t6c_41.out	Printed frame is record-relative: -subject_loc 42-700 on 797 nt: ' Frame = +3' and ' Frame = -2' (cut run +1/-1). LOSAT prints the engine frame of the interval (hsp.frame): must recompute from the record coordinates after the shift: plus ((s_low0 %3)+1), minus -(((record_len - s_high0 - 1)%3)+1) with the FULL subject length. Only a from-1 that is a multiple of 3 (and same end mod 3) leaves frames unchanged
RF	31	src/objtools/align_format/showalign.cpp	411-423, 1273-1279, 249-285, 306-330	same: ' Frame = +a/+b' for translated query and subject	X: outfmt 0 ' Frame = ' line (query and subject frames)	report/pairwise.rs:2558(write_tblastx_hsp_info); algorithm/tblastx/report.rs:478-479(query_frame: hit.query_frame, subject_frame: hsp.subject_frame)	divergent	high	port:S	x0.out;x0c.out;x6_30.out;x6c_30.out	Both frames record-relative with the full lengths of query AND subject record (-query_loc 30-5000, -subject_loc 42-700: ' Frame = +2/+3', '+3/+3', '-3/-2' ... cut run '+3/+1', '+1/+1', '-3/-1'). LOSAT prints the interval frames; recompute after the shift (see tabular frames row). The engine rows keep using interval frames
RF	32	src/objtools/align_format/showalign.cpp	306-330 (' Strand=Plus/Minus' for nucleotide-nucleotide)	s_DisplayIdentityInfo: ' Strand=' line (blastn) from the Dense-seg strands	N: outfmt 0 ' Strand=Plus/Minus' line	report/pairwise.rs:2263-2460(write_blastn_pairwise_report)	n/a	none	keep	n0_qs.out;n0_qs_cut.out	Strand comes from the alignment orientation only (oracle: 'Strand=Plus/Plus' and 'Plus/Minus' identical with and without ranges); no range logic
RF	33	src/algo/blast/format/blast_format.cpp; src/algo/blast/format/blastfmtutil.cpp; src/objtools/align_format/tabular.cpp	759-835 (qcovs/qcovus switches 815-826, InsertSubjectScores call 824); 572-650 (InsertSubjectScores: query_len = typed m_QueryRange.GetLength() if set, else bioseq length 603-614; 100*master_coverage/query_len, +0.5 if <99, int); 707-735	qcovs ('% query coverage per subject') / qcovus (blastn only) via CBlastFormatUtil::InsertSubjectScores(…, m_QueryRange, …); GetMasterCoverage/GetUniqSeqCoverage work on record coordinates	NPTX: qcovs, qcovus	algorithm/blastp/blast_engine.rs:2277-2280(qcovs qcovus rejected for BLASTP); custom fields rejected for BLASTN/TBLASTN/TBLASTX	rejected	none	keep	n6_qs_all.out;n6_cut_all.out;n6_f_qcovs.out;n6_multi_qlen.out;p6.out;p6_cut.out;t6_41.out;t6c_41.out;x6_past.out;x6c_past.out	Unsupported fields today. Values for a later port: denominator = TYPED range length (not the interval): blastn -query_loc 150-5000 on 1250 nt -> qcovs 14 (421+281 nt of 4851) vs 64 for the cut run (1101); blastp 51 vs 71 (381 vs 276); tblastn 53 vs 73; tblastx 13 vs 86 (4971 vs 739, numerator in nt). Multi-query: same typed length for every query (qlen 4901 for 1250/350/500-nt records). The substring test is on the custom spec text ('qcovs' anywhere, qcovus only for blastn)
RF	34	src/algo/blast/api/blast_aux.cpp; src/algo/blast/api/setup_factory.cpp; src/algo/blast/api/blast_setup_cxx.cpp; src/algo/blast/core/blast_setup.c; src/objtools/align_format/showalign.cpp	826-841 (Map), 872-901 (s_ConvertBlastnMasks), 904-958 (Blast_GetSeqLocInfoVector); 185-193; 396-460; 1030-1062 (BlastSeqLoc_RestrictToInterval); 4292-4340 (x_FillLocList), 1246	Masked query regions shown in lowercase in outfmt 0: engine masks (DUST/SEG/lcase, interval-relative) -> Map(kTarget=record interval [from,to], mask): [from+left, min(from+right, to)], dropped if empty or equal to the whole interval -> SeqLocInfo in RECORD coordinates -> x_FillLocList lowercases the aligned part	N: query masks in the alignment display (lcase_masking, dust)	algorithm/blastn/pairwise.rs:196-205(shown_query_masks drops start==0&&end>=query_length); algorithm/blastn/pairwise.rs:41-47,61-66,232-259(lowercase_masked on hsp.q_start); algorithm/blastn/blast_engine/run.rs:4078(reverse_mask_intervals)	divergent	medium	port:S	nm_lcase_masking.out;nmc_lcase_masking.out;nm_dustyes.out;nmc_dustyes.out;nm_dustyeslcase_masking.out;nq_q.out;nq_qc.out;n0_lc.out;n0_lc_cut.out	Result in record coordinates, identical to the cut run's lowercase (oracle: no difference after removing the coordinates, -query_loc 100-600 with dust and lowercase; and the HSP-edge case nq_q.out: query lowercase 170-230 shown on HSP 118-181 exactly like the cut run). LOSAT today compares mask positions with the sequence it searched; if the engine runs on the cut interval the masks are interval-relative: shift by +from and apply LOSAT's 'whole query' drop against the INTERVAL ([0,interval_len)), then match with hit q_start in record coordinates
RF	35	src/algo/blast/api/blast_aux.cpp; src/objtools/align_format/showalign.cpp	826-841, 904-958; 4292-4340; 2495-2521	same Map conversion for protein queries (SEG, lowercase), amino-acid coordinates	P: query masks in the alignment display (seg, soft_masking; -lcase_masking is rejected by LOSAT)	algorithm/blastp/blast_engine.rs:2977-3040(lowercase of masked columns, whole-query mask skipped)	divergent	medium	port:S	pm_segyeslcasemasking.out;pmc_segyeslcasemasking.out;pm_segnolcasemasking.out;pm_segyessoftmaskingfalsecompbasedstats.out;L_p_subm.err	Oracle: -query_loc 30-200 (protein): lowercase pattern identical to the cut run (SEG poly-Q region and input lowercase); Map shifts by +from in aa and clips to the interval end. LOSAT blastp rejects -lcase_masking today (L_p_subm.err) but supports SEG masks: shift SEG masks (interval-relative) by +from, drop a mask equal to the interval, then compare with record-coordinate q_start
RF	36	src/algo/blast/api/blast_aux.cpp; src/objtools/align_format/showalign.cpp	826-841, 904-958; 4292-4340	same Map conversion for the protein query of tblastn	T: query masks in the alignment display (seg, lcase_masking)	algorithm/tblastn/stage_e_report.rs:440-445(report_masks from encode_tblastn_lookup_query); algorithm/tblastn/stage_e_report.rs:766,820	divergent	medium	port:S	tm_segyeslcasemasking.out;tmc_segyeslcasemasking.out;tm_segnolcasemasking.out;tmc_segnolcasemasking.out	Oracle: -query_loc 30-200 (aa): lowercase identical to the cut run. LOSAT's report_masks are built from the query it passes to encode_tblastn_lookup_query (record): with a cut interval they are interval-relative: shift by +from (q positions in record coordinates), clip to interval end, drop a mask equal to the interval
RF	37	src/algo/blast/api/blast_aux.cpp; src/objtools/align_format/showalign.cpp; src/algo/blast/core/blast_setup.c	904-958 (translated branch: masks per context/frame, then Map adds from in NUCLEOTIDE units to frame masks); 4292-4340; 1030-1062	tblastx: masks of the translated query (SEG/lowercase) shown in the display with the same Map conversion	X: query masks in the alignment display (-seg yes, -lcase_masking, -query_loc with from>0)	algorithm/tblastx/report.rs:283-310(query_dna_masks); algorithm/tblastx/report.rs:374-415(lowercase_query_row); algorithm/tblastx/report.rs:423-440	unported	medium	port:M	mx_1.out;mx_19.out;mx_20.out;mx_21.out;mxs_2.out;mxs_30.out;xm_segyeslcasemasking.out;xmc_segyeslcasemasking.out;xm_segnolcasemasking.out;xmc_segnolcasemasking.out;x_subm.out	UNSURE: oracle shows that ranged tblastx prints lowercase letters at positions that the cut run does not (cut run 0 lowercase letters, ranged 128 with -seg yes -lcase_masking, -query_loc 31-450; with -lcase_masking -seg no a single stray lowercase letter for from=2,20,21,30,47,48,50,60 and none for from=1,10,19,22,49,100,140: mxs_*.out), and none at all without a range (mx_1.out). Source reading: Map adds the interval start (nt) to masks that the engine made per frame, so the shifted masks land on other residues (mix of frame-based and nt coordinates), and LOSAT already reproduces NCBI's no-range conversion (query_dna_masks, 'one codon after the run' for minus frames). The session must port the exact conversion chain (frame masks -> DNA coordinates in the interval -> Map(+from, clip to interval end, drop if == whole interval) -> x_FillLocList column mapping) and check against mx_*/xm_* ; behaviour is outside what a cut-interval run reproduces
RF	38	src/algo/blast/api/blast_setup_cxx.cpp; src/algo/blast/api/seqinfosrc_seqvec.cpp; src/algo/blast/api/blast_seqalign.cpp; src/objtools/align_format/showalign.cpp	1572-1580 (hsp subject ranges union), 1583-1584 (SetSubjectMasks); 108-166 (CSeqVecSeqInfoSrc::GetMasks, s_SeqIntervalToSeqLocInfo: keep a mask iff it intersects ANY HSP subject range); 1047-1053, 1248-1251	Subject soft masks (lowercase) in the alignment display: mask (RECORD coordinates) is kept only if it intersects an HSP range given in INTERVAL-relative engine coordinates [subject.offset, subject.end] (one list per query-subject pair, end treated as inclusive); the kept masks are then drawn in record coordinates	N: subject lowercase mask in the alignment display with -subject_loc from>0 (-lcase_masking)	algorithm/blastn/pairwise.rs:47-49,67-75(subject_masks merged and applied with lowercase_masked on hsp.s_start/s_end)	unported	low	port:S	nq_sub.out;nq_subc.out;nm_lcase_masking.out;n_subm_full.out;L_n_subm.out	NCBI quirk (bytes differ from a cut run): subject record 100-160 aligned, lowercase 150-200, -subject_loc 60-500: the Sbjct line shows NO lowercase (nq_sub.out) while the cut run shows 'gagggtg/cttc' lowercase (nq_subc.out), because the mask [149,199] does not intersect the HSP's interval-relative range [40,100]. With no range or with from=1 it is equal to the plain behaviour (n_subm_full.out 11 lowercase letters, LOSAT-before 11). Port: apply NCBI's filter (keep a mask only if it intersects some HSP [offset,end] of the same query-subject pair in interval-relative coordinates), then shift/draw in record coordinates. When the mask lies inside the HSP's interval range (typical, nm_*.out) the result equals the cut run
RF	39	src/algo/blast/api/seqinfosrc_seqvec.cpp; src/objtools/align_format/showalign.cpp	108-166; 1047-1053, 1248-1251	same subject-mask filter for protein subjects	P: subject lowercase mask in the alignment display with -subject_loc from>0	-	rejected	low	reject:LOSAT BLASTP rejects -lcase_masking (no subject lowercase masks exist); NCBI applies the same quirk as for blastn	p_subm.out;L_p_subm.err;pm_segyeslcasemasking.out	NCBI shows subject lowercase for blastp (15 letters, p_subm.out); with -subject_loc the same interval-vs-record mask filter applies (not separately run). Nothing to port while -lcase_masking stays rejected
RF	40	src/algo/blast/api/seqinfosrc_seqvec.cpp; src/objtools/align_format/showalign.cpp	108-166; 2495-2521	translated subjects: subject masks are never displayed	TX: subject lowercase mask in the display	-	n/a	none	keep	t_subm.out;x_subm.out;tm_segyeslcasemasking.out	Oracle (no range): tblastn/tblastx print 0 lowercase letters on 'Sbjct' lines even when the subject record has lowercase (t_subm.out, x_subm.out); the same with ranges (tm_*, xm_*). Nothing to port
RF	41	src/algo/blast/blastinput/blast_fasta_input.cpp	399-409 (strand), 433-460 (range checks and Seq-loc)	CBlastFastaInputSource::x_FastaToSeqLoc: Seq-loc Int [from, (to>0 && to<seqlen) ? to : seqlen-1]; errors 'Invalid sequence range' (to>0 && to<from) and 'Invalid from coordinate (greater than sequence length)' (from>seqlen); end past the record end is clipped silently	NPTX: typed range vs interval (source of both numbers)	-	unported	high	port:S	n6_qs_all.out;n6_f_qlen_slen.out;n_subj_err.err;t_subjerr.err;n_loc_1250_1250.out	Owned by QN/SB; RF needs BOTH values per record: typed length to-from+1 (qlen, qcovs) and interval [from-1, min(to,len)-1] (shift, lengths, Database totals). Subject side: an out-of-range -subject_loc is a hard error 'BLAST query/options error: Invalid from coordinate (greater than sequence length)' + 'Please refer to the BLAST+ user manual.' on stderr, exit 1, before any stdout byte (n_subj_err.err/t_subjerr.err). Parse errors of the string itself are 'BLAST engine error: Invalid specification of query location (range cannot be empty)' / '(start cannot be larger than stop)', exit 3 (p_inv.err, p_inv2.err)
RF	42	src/algo/blast/blastinput/blast_input.cpp	126-170 (GetNextSeqBatch: catch (const exception&) { continue; } and size_read += GetLength(seq-id) = FULL record length)	Query records whose range is invalid (from > record length) are SILENTLY skipped when queries are read in batches; a skipped query prints nothing (no Query=, no '# Query:' block, no warning) and is not counted in '# BLAST processed N queries'	NPTX: query records skipped by an invalid range	algorithm/blastn/hsp.rs:1280-1289(# BLAST processed hit_lists.len()); algorithm/tblastn/stage_e_report.rs:297(query_records.len()); algorithm/tblastx/report.rs:616-620(query_titles.len()); algorithm/blastp/blast_engine.rs:2623(query_headers.len())	unported	medium	port:S	n7_err1.out;n6_err1.out;n_skipall_0.out;n_skipall_0.err;n_skipall_6.out;n_skipall_7.out;p_skipall.err;t_skipall.out;t_skipall.err;x_skipall.err	Oracle: queries 1250/350/500 nt with -query_loc 400-5000: the 350-nt record (from 400>350) vanishes (stdout has q1 and q3; rc 0, empty stderr; outfmt 7 ends '# BLAST processed 2 queries'). If EVERY query is skipped: rc 3 after 'BLAST engine error: Empty CBlastQueryVector' on stderr; outfmt 6/7 stdout empty; outfmt 0 stdout already holds the prolog (version, reference, 'Database: ... N sequences; M total letters') = 282 bytes for blastn (n_skipall_0.out), tblastn 378 bytes. The check is per record against ITS OWN length (a range valid for one query can skip another). LOSAT must print/count only searched queries. (An EMPTY query record behaves the same with or without a range: warning 'Query_1 e empty: Sequence contains no data', '0 hits found', counted as processed: n_empty_loc.err/n_empty_noloc.err)
RF	43	src/algo/blast/format/blast_format.cpp	445-480 (x_PrintOneQueryFooter: 'Effective search space used:'), 1411-1590; src/algo/blast/api/blast_results.cpp 72-115	Per-query footer: Lambda/K/H, 'Effective search space used: N' and the epilog 'Matrix:' / 'Gap Penalties:' lines	NPTX: outfmt 0 footer numbers	report/pairwise.rs:1383-1440(write_blastp_query_footer); report/pairwise.rs:2078-2114; report/pairwise.rs:2748-2764; algorithm/tblastn/stage_e_report.rs:647-658	n/a	none	keep	n0_multi.out;n0_multi_cut.out;p0_multi.out;p0_multi_cut.out;t0.out;t0c.out;x0.out;x0c.out;n0_qs.out;n0_qs_cut.out	Printed by the formatter but computed by the engine (ancillary data) from INTERVAL lengths: oracle search space and Lambda/K/H lines are byte-identical between a ranged run and a run on physically cut sequences (blastn 1622208/341292/556392, blastp 99047/30388/19228, tblastn/tblastx 49140). Owned by LA; RF adds no logic
RF	44	src/objtools/align_format/tabular.cpp; src/algo/blast/format/blast_format.cpp	1262-1338 (PrintHeader, x_PrintQueryAndDbNames), 1322-1325 (PrintNumProcessed); 759-808	outfmt 7 comment block: '# <PROGRAM> 2.17.0+', '# Query: <defline of the record>', '# Database: User specified sequence set (Input: <-subject text, - for stdin>)', '# Fields: ...' (only when hits), '# N hits found'	NPTX: outfmt 7 header lines	algorithm/blastn/hsp.rs:179-198(write_blastn_outfmt7_header); algorithm/blastp/blast_engine.rs:2334-2379; algorithm/tblastn/stage_e_report.rs:196-220; algorithm/tblastx/report.rs:507-525	faithful	none	keep	n7_multi.out;n7_multi_cut.out;p7_multi.out;n7_stdins.out	No range dependence: '# Query:' is the full record defline (bioseq core), '# Database:' names the file as typed ('Input: -' for stdin, n7_stdins.out), '# N hits found' counts the HSPs of that query; the only range effect is that skipped queries are absent (previous row) and '# BLAST processed N' counts printed queries
RF	45	src/algo/blast/format/blast_format.cpp; src/algo/blast/blastinput/blast_args.cpp	759-835; 1996-1999	Other options with the ranges: -num_threads, -max_target_seqs, -evalue, -comp_based_stats, -query_gencode, -db_gencode, -soft_masking, -dust, -seg, -outfmt 0/6/7 default fields, stdin ('-')	NPTX: option combinations	-	n/a	none	keep	t6g.out;t6gc.out;x6g.out;x6gc.out;n6_stdinq.out;n7_stdins.out;nm_dustyessoft_maskingfalse.out	The formatter has no range logic tied to these options: tblastn -db_gencode 5 -comp_based_stats 0 -max_target_seqs 1 -evalue 1 -num_threads 3 and tblastx -query_gencode 4 -db_gencode 2 -max_target_seqs 2 -num_threads 2 (3 queries x 3 subjects, ranges 30-5000/43-700) give the same rows as the cut run apart from the range-dependent columns listed in the other rows (coordinates shifted, record frames, qlen/slen/qcovs). Query and subject from stdin behave like files (n6_stdinq.out, n7_stdins.out)
RF	46	src/algo/blast/blastinput/blast_fasta_input.cpp; src/algo/blast/format/blast_format.cpp	399-409; 759-835	blastn -strand plus|minus|both with -query_loc	N: -strand with the range	-	rejected	none	reject:-strand is out of scope (LOSAT BLASTN rejects it)	n6_st_plus.out;n6_stc_plus.out;n6_st_minus.out;n6_stc_minus.out;n6_st_both.out;n6_stc_both.out	For information: the range shift/lengths are identical with -strand plus, minus and both (ranged = cut + shift in qstart/qend/sstart/send; qlen typed; qcovs typed; qcovhsp interval). -strand minus: the only row is the minus HSP (821-1101 vs subject 900-620), query shown on its plus strand
RF	47	src/objtools/align_format/showalign.cpp	1362-1367 (maxStartLen from max(GetSeqStart,GetSeqStop) of the remapped Dense-seg), 1614 (padding), 4015-4022	CDisplaySeqalign: width of the 'Query  <start>' / 'Sbjct  <start>' number column and the per-line start/stop numbers come from RECORD coordinates after the remap	NPTX: outfmt 0 alignment line numbering and number-column width	report/pairwise.rs:947-949(coordinate_width from hit.q_start/q_end/s_start/s_end); report/pairwise.rs:655-690(write_sequence_row)	faithful	none	keep	n0_qs.out;n0_qs_cut.out;p0_multi.out;t0.out;x0.out	Line numbers and the column width follow the shifted coordinates (blastn second alignment: ranged 'Query  821   GTT...' with number width 4 because the query end is 1101, cut run 'Query  672  GTT...' width 3, so the '|' midline is indented one column more: visible in n0_qs.out vs n0_qs_cut.out). LOSAT derives the width from the Hit coordinates: correct as soon as the Hit already carries the shifted record coordinates (rows 1-8)
