module	case	status	losat_test	note	since
aalookup	BackboneIntegrityTest	partial	LOSAT/src/algorithm/blastx/stage_c_tests.rs::active_ncbi_lookup_overflow_u16_boundary_preserves_all_offsets;LOSAT/src/algorithm/tblastx/lookup/backbone.rs::test_build_ncbi_lookup_debruijn_exact_words_match_ncbi_counts	LOSAT asserts the 'exactly length-2 words indexed when threshold is 0' behaviour only on synthetic sequences. Missing: no assertion on lookup.threshold (field exists, backbone.rs:124, never asserted in any test), no neighbor_matches counte…	2026-10-10
aalookup	DebruijnSequenceTest	ported	LOSAT/src/algorithm/tblastx/lookup/backbone.rs::test_build_ncbi_lookup_debruijn_exact_words_match_ncbi_counts		2026-10-10
aalookup	NeighboringWordsTest	partial	LOSAT/src/algorithm/tblastx/lookup/backbone.rs::test_build_ncbi_lookup_representative_neighbor_counts_match_bruteforce	Same de Bruijn query, same threshold 11, same BLOSUM62 brute-force rule including the exact-match clause, but asserted only for 3 representative words (AAA, WWW, ARN) instead of all 21952 cells; bone_type not asserted (not ported).	2026-10-10
aalookup	BackboneSequenceTest	partial	LOSAT/src/algorithm/blastx/stage_c_tests.rs::active_ncbi_lookup_overflow_u16_boundary_preserves_all_offsets	LOSAT reproduces and strengthens the offset assertions (hits.len() == len-2, last == len-3, and the full 0..len-2 sequence via build_ncbi_lookup_from_prepared, backbone.rs:857). Missing: the bone_type == eBackbone assertion, because the eB…	2026-10-10
aalookup	SmallboneSequenceTest	partial	LOSAT/src/algorithm/blastx/stage_c_tests.rs::active_ncbi_lookup_overflow_u16_boundary_preserves_all_offsets	Same offset assertions as BackboneSequenceTest are reproduced for len 65533. Missing: bone_type == eSmallbone and the Uint2 storage check, not ported (single i32 representation); the u16 boundary therefore has no behavioural meaning in LOS…	2026-10-10
aalookup	testDebruijnPSSM	n-a		NCBI compiles this case out (#if 0 / SEQLOC_MIX_QUERY_OK); mapping said not_ported	2026-10-10
aalookup	CompressedLookupNeighboringWordsTest	partial	LOSAT/tests/compressed_lookup.rs::compressed_neighbor_lookup_builds_representative_blosum62_word;LOSAT/tests/compressed_lookup.rs::compressed_encoded_and_unencoded_indices_match	Implementation present: compressed.rs:193 new (threshold*100 at :205, alphabet via compressed_lookup_parameters :1064-1070 accepting 5|6 -> 15, 7 -> 10), build_blosum62_compressed_lookup :1250. Missing at function level: no test asserts th…	2026-10-10
aalookup	CompressedLookupNeighboringWordsTest2	partial	LOSAT/tests/compressed_lookup.rs::compressed_word_hit_overflow_matches_ncbi_scan_order;LOSAT/tests/compressed_lookup.rs::compressed_finalize_sets_pv_and_longest_chain;LOSAT/src/algorithm/tblastx/lookup/compressed.rs::compressed_word_hit_overflow_matches_ncbi_scan_order	LOSAT tests the overflow-cell chaining that produces num_used > 3 synthetically (add_word_hit compressed.rs:298) and more finely than NCBI (scan order of the chain), but asserts no table-configuration fields and uses no real sequence; same…	2026-10-10
aascan	ScanOffsetTest	partial	LOSAT/src/algorithm/tblastx/blast_aascan.rs::test_s_blast_aa_scan_subject_small_buffer_resumes_without_splitting_subject_offset;LOSAT/src/algorithm/blastp/blast_engine.rs::test_blastp_for_each_offset_pair_preserves_scan_emission_order	Both LOSAT tests use a 6-residue poly-A synthetic subject with a 5-slot buffer and 4 hits per position: they assert resume without repetition, ascending s_off 0..3 and the exact emission order. Missing versus NCBI: the in-bounds checks on…	2026-10-10
aascan	ScanMaxHitsTest	partial	LOSAT/src/algorithm/blastp/blast_engine.rs::test_blastp_for_each_offset_pair_preserves_scan_emission_order;LOSAT/src/algorithm/tblastx/blast_aascan.rs::test_s_blast_aa_scan_subject_small_buffer_resumes_without_splitting_subject_offset;LOSAT/tests/unit/tblastx/lookup.rs::test_build_ncbi_lookup_longest_chain_tracks_max_cell;LOSAT/src/algorithm/tblastx/lookup/compressed.rs::compressed_finalize_sets_pv_and_longest_chain	The small-buffer tests show that a 5-slot buffer still emits the complete 16-pair set, which is the invariance property in a weak form, but no LOSAT test runs one scan with two buffer sizes and compares totals, none uses max(size/3, longes…	2026-10-10
aascan	SkipMaskedRanges	partial	LOSAT/src/algorithm/tblastn/search_seed.rs::ncbi_lowercase_mask_candidates_match_in_set_and_order	The tblastn test does exercise masked-range skipping (lowercase subject masks, compared with an NCBI candidate trace), but through external per-range iteration of the one-range scanner, not through the ported determine_scanning_offsets wal…	2026-10-10
aascan	ScanCheckScores	partial	LOSAT/src/algorithm/tblastx/lookup/backbone.rs::test_build_ncbi_lookup_representative_neighbor_counts_match_bruteforce;LOSAT/tests/unit/tblastx/lookup.rs::test_build_ncbi_lookup_indexes_low_self_score_exact_word;LOSAT/src/algorithm/tblastn/search_seed.rs::ncbi_all_candidates_match_in_set_and_order	LOSAT checks the same exact-or-score>=11 criterion by brute force, but at lookup-build time for three representative words (cited to aalookup_unit_test.cpp:253-277, not aascan), and checks scan output against an NCBI oracle trace for tblas…	2026-10-10
aascan	CompressedScanOffsetTest	partial	LOSAT/src/algorithm/tblastx/lookup/compressed.rs::compressed_scan_subject_emits_ncbi_subject_major_order;LOSAT/src/algorithm/tblastx/lookup/compressed.rs::compressed_scan_subject_small_buffer_resumes_without_splitting_subject_offset;LOSAT/src/algorithm/blastp/blast_engine.rs::test_blastp_for_each_offset_pair_dispatches_compressed_lookup	The two compressed.rs tests assert exact pair order ((10,0),(11,0),(10,5),(11,5)), s_range[1]==6 after one call, and resume with a 6-slot buffer across an X residue (compressed.rs:1655) that exercises the bad-character skip path; the blast…	2026-10-10
aascan	CompressedScanHitsFound	partial	LOSAT/src/algorithm/tblastx/lookup/compressed.rs::compressed_scan_subject_emits_ncbi_subject_major_order;LOSAT/src/algorithm/tblastx/lookup/compressed.rs::compressed_scan_subject_small_buffer_resumes_without_splitting_subject_offset		2026-10-10
aascan	CompressedSkipMaskedRanges	to-port		evidence (b28e42e1): implementation LOSAT/src/algorithm/tblastx/lookup/compressed.rs:970 determine_compressed_scanning_offsets (port of masksubj.inl:43-58), called from scan_subject at compressed.rs:768; both production callers pass one full range: LOSAT/src/a…	2026-10-10
blast	SSeqRangeIntersect	n-a		Dead utility in NCBI 598d8ae6 itself; nothing for LOSAT to port.	2026-10-10
blast	SSeqRange_TestLowerBound	n-a		Dead utility in NCBI; no LOSAT analogue needed.	2026-10-10
blast	SSeqRange_RangeSelection	n-a		Composite of two dead utilities.	2026-10-10
blast	Blast_usage_report_timeout	n-a		Network telemetry plumbing; the NCBI test even depends on an internal iwebdev host.	2026-10-10
blastdiag	testDiagClear	ported	LOSAT/src/algorithm/blastx/seed.rs::reset_occurs_at_entry_threshold_and_clears_stale_flags;LOSAT/src/algorithm/blastx/seed.rs::diagonal_overflow_threshold_clears_flags_and_negative_window		2026-10-10
blastdiag	testDiagUpdateFull	ported	LOSAT/src/algorithm/blastx/seed.rs::diagonal_overflow_threshold_clears_flags_and_negative_window;LOSAT/src/algorithm/blastx/seed.rs::reset_occurs_at_entry_threshold_and_clears_stale_flags		2026-10-10
blastdiag	testDiagUpdateNotFull	ported	LOSAT/src/algorithm/blastx/seed.rs::uneven_wave_slots_and_new_batch_keep_separate_offsets;LOSAT/src/algorithm/blastx/seed.rs::diagonal_overflow_threshold_clears_flags_and_negative_window;LOSAT/src/algorithm/blastx/seed.rs::reset_occurs_at_entry_threshold_and_clears_stale_flags		2026-10-10
blastengine	testTBLASTNLongMatchBlastEngine	partial	LOSAT/src/algorithm/tblastn/search_seed.rs::unmasked_long_translated_chunks_match_ncbi_wordfinder_calls;LOSAT/src/algorithm/tblastn/search_gapped.rs::long_chunk_overlap_merge_matches_ncbi_input_score_and_order;LOSAT/src/algorithm/tblastn/search_gapped.rs::long_multi_query_chunk_hsps_and_append_match_ncbi	Chunk schedule, chunk-overlap merge and chunk-local gapped HSPs are asserted at function level against pinned NCBI traces, but on synthetic >=5 Mb-per-frame subjects. Missing: NCBI's BlastDiagnostics counters are not ported for tblastn (sr…	2026-10-10
blastengine	testTBLASTNShortMatchBlastEngine	partial	LOSAT/src/algorithm/tblastn/search_gapped.rs::real_path_start_offset_success_writeback_matches_ncbi;LOSAT/src/algorithm/tblastn/search_gapped.rs::real_path_start_offset_failure_deletion_matches_ncbi;LOSAT/tests/run_local_tblastn.rs::formats_of_one_search_equal_the_ncbi_bytes_and_warn_once	The prelim chain is run at function level on a short local fixture and HSP coordinates/scores are compared with NCBI traces, but e-values, the per-list HSP count, the sorted-by-score check and the diagnostic counters are not asserted anywh…	2026-10-10
blastengine	testBlastnWithLargeWordSize	e2e		evidence (b28e42e1): LOSAT/tests/fixtures/blastn_regression/manifest.tsv:41 rep.megablast (repeat-containing rep_query.fa vs rep_subject.fa, megablast default word size 28), :44 rep.word16, :40 sq.word16_fmt7, checked by LOSAT/tests/blastn_regression_fixtures.…	2026-10-10
blastengine	testBlastnWithRepeatsFiltering	n-a		Repeat filtering needs a BLAST database and a nested blastn search; LOSAT has neither a BLAST-db reader nor -filtering_db, so the masked-length and 3-HSP assertions have no implementation. Rejection of unported options is tested genericall…	2026-10-10
blastengine	testDiscMegaBlastPartialRun	e2e		evidence (b28e42e1): LOSAT/tests/outfmt0_manifest.tsv:83-94 dc.* frozen NCBI outfmt 0/7 fixtures (row 91 dc.scores: -reward 1 -penalty -2 -gapopen 5 -gapextend 2; row 83 dc.default) checked by docs/evidence/losat_web_e2a/check_losat.py via LOSAT/tests/ci_fast_…	2026-10-10
blastengine	testBlastpPrelimSearch	e2e		evidence (b28e42e1): LOSAT/tests/outfmt0_manifest.tsv:125 e2e.blastp.many (300 subjects), :126 e2e.blastp.many_mts280, :113 e2e.blastp.fast, checked by docs/evidence/losat_web_e2a/check_losat.py via LOSAT/tests/ci_fast_regressions.py; LOSAT/tests/run_local_bla…	2026-10-10
blastengine	testGappedOffsets	partial	LOSAT/src/algorithm/blastx/traceback.rs::offsets_match_pinned_ncbi_boundary_oracle;LOSAT/src/algorithm/tblastn/search_gapped.rs::protein_start_offset_window_boundaries_follow_ncbi;LOSAT/src/algorithm/tblastn/search_gapped.rs::real_path_start_offset_success_writeback_matches_ncbi;LOSAT/src/algorithm/tblastn/search_gapped.rs::real_path_start_offset_failure_deletion_matches_ncbi	The same function and all three branches (including the FALSE/no-solution case) are asserted, but not with NCBI's vectors ((22,21), (18,17), FALSE on its 29/28-residue sequences). The port is duplicated per program: the blastn copy LOSAT/s…	2026-10-10
blastextend	testGapAlignment	e2e		evidence (b28e42e1): LOSAT/tests/fixtures/blastn_regression/manifest.tsv:5 (prelim.task_blastn, frozen hash checked by tests/blastn_regression_fixtures.py check, run from LOSAT/tests/ci_fast_regressions.py:173-197); LOSAT/tests/outfmt0_manifest.tsv:9 (compact.…	2026-10-10
blastextend	testGreedyAlignment	partial	LOSAT/src/algorithm/blastn/alignment/greedy.rs::test_greedy_traceback_ncbi_regression_cases;LOSAT/src/algorithm/blastn/alignment/greedy.rs::test_greedy_reverse_and_empty_boundary_cases	Missing: the score-only variant greedy_gapped_alignment_score_only (greedy.rs:3654), the one the preliminary stage calls (run.rs:10502), has no test; no test drives a hit list through containment (14 seeds -> 7 HSPs), counts extensions, or…	2026-10-10
blastextend	testGreedyAlignmentWithBadStart	e2e		evidence (b28e42e1): LOSAT/tests/megablast_xdrop.rs:22 megablast_automatic_xdrop_preserves_oracle_scripts (whole megablast self-search of tests/fasta/NZ_CP006932.fasta, byte-compared with LOSAT/tests/fixtures/megablast_automatic_xdrop.outfmt6, a frozen NCBI 2.…	2026-10-10
blastextend	testGapAlignmentWithChaining	partial	LOSAT/src/algorithm/blastp/blast_engine.rs::test_chain_blastp_init_hsps_drops_a_lone_hsp_below_the_gapped_cutoff;LOSAT/src/algorithm/blastp/blast_engine.rs::test_chain_blastp_init_hsps_restores_ncbi_score_order;LOSAT/src/algorithm/blastp/args.rs::test_blastp_fast_task_resolves_ncbi_defaults	Asserts the drop at the chaining-function level with synthetic cutoffs, including the boundary case NCBI does not test, but not the NCBI observable (zero HSPs and zero gapped extensions after BLAST_GetGappedScore on real sequences). The do…	2026-10-10
blastextend	testSmallMBSpaceValue	n-a		LOSAT replaces the SMBSpace linked pool with growable Vecs, so the minimum-allocation policy does not exist; it is an allocation-size detail with no effect on output.	2026-10-10
blastextend	testZeroMBSpaceValue	n-a		Same as testSmallMBSpaceValue.	2026-10-10
blastextend	testLargeMBSpaceValue	n-a		Same as testSmallMBSpaceValue.	2026-10-10
blastextend	testInitHitListFreeWithNULLInput	n-a		C free(NULL) idiom; LOSAT's initial hit lists are Vecs released by Drop, so there is no NULL-free path to test.	2026-10-10
blastextend	testBlastExtendWordFreeWithNULLInput	n-a		C free(NULL) idiom with no Rust analogue.	2026-10-10
blastfilter	TSeqLocVector2Packed_seqint_TestIntervals	n-a		CSeq_loc/CPacked_seqint object-manager conversion; LOSAT queries are FASTA records (LOSAT/src/algorithm/blastx/query_setup.rs:112 batch_ranges on FastaRecord).	2026-10-10
blastfilter	TSeqLocVector2Packed_seqint_TestNoIntervals	n-a		Object-manager plumbing (sequence lengths from the scope).	2026-10-10
blastfilter	TSeqLocVector2Packed_seqint_TestEmptyInput	n-a		CRef plumbing.	2026-10-10
blastfilter	SegFilter	ported	LOSAT/src/utils/seg.rs::test_mask_sequence_matches_ncbi_core_bdv02435_1_query_defaults;LOSAT/src/utils/seg.rs::test_mask_sequence_matches_ncbi_segmasker_yp_009220568_1;LOSAT/src/utils/seg.rs::test_mask_sequence_matches_ncbi_segmasker_yp_009220574_1		2026-10-10
blastfilter	RepeatsFilter	n-a		Repeat filtering needs a BLAST database of repeats; LOSAT has no -db and rejects -filtering_db explicitly.	2026-10-10
blastfilter	WindowMasker	n-a		WindowMasker data files are not supported.	2026-10-10
blastfilter	RepeatsFilter_OnSeqInterval	n-a		Both the repeats database and -query_loc are unported.	2026-10-10
blastfilter	CSeqLocInfo_EqualityOperators	n-a		No CSeqLocInfo in LOSAT; masks are (i32,i32) tuples or MaskedInterval with derived PartialEq (LOSAT/src/utils/dust.rs:108-109) and carry no Seq-id or frame.	2026-10-10
blastfilter	CombineDustAndLowerCaseMasking_WithBlastQueryVector	partial	LOSAT/src/algorithm/blastn/coordination.rs::test_merge_mask_intervals;LOSAT/src/algorithm/blastn/coordination.rs::test_collect_lowercase_masks	Only the interval merge and the lowercase collection are asserted, on synthetic data; no test combines real DUST output with a lowercase mask, and the +1/-1 frame bookkeeping and the GetMasks exception are object-manager API without analog…	2026-10-10
blastfilter	RepeatsAndDustFilter	n-a		Repeats filtering unported.	2026-10-10
blastfilter	WindowMaskerAndDustFilter	n-a		WindowMasker unported.	2026-10-10
blastfilter	WindowMasker_OnSeqInterval	n-a		WindowMasker and -query_loc unported.	2026-10-10
blastfilter	RepeatsFilter_NoHitsFound	n-a		Repeats filtering unported.	2026-10-10
blastfilter	WindowMasker_NoHitsFound	n-a		The NCBI body actually calls the repeats filter, so it tests nothing WindowMasker-specific; both features are unported.	2026-10-10
blastfilter	RepeatsFilterWithMissingParameter	n-a		Repeats database and the legacy filter string are unported.	2026-10-10
blastfilter	WindowMaskerWithMissingParameter	n-a		WindowMasker unported.	2026-10-10
blastfilter	TestGetFilteredQueryRegions_BothStrandsOneQuery	e2e		evidence (b28e42e1): LOSAT/tests/outfmt0_manifest.tsv:17 (mask.dust.blastn: DUST-masked repeat shown lowercase in the Query row, frozen hash) and LOSAT/tests/fixtures/outfmt0/dc.default.out (23 Query rows with lowercase DUST regions); checker docs/evidence/los…	2026-10-10
blastfilter	TestGetFilteredQueryRegions_PlusStrandsOneQuery	n-a		LOSAT blastn always searches both strands; -strand is rejected.	2026-10-10
blastfilter	TestGetFilteredQueryRegions_MinusStrandsOneQuery	n-a		-strand rejected.	2026-10-10
blastfilter	RestrictLowerCaseMask	ported	LOSAT/src/algorithm/blastn/query_split.rs::restricted_masks_grow_by_one_and_drop_one_at_the_last_residue;LOSAT/src/algorithm/common/protein_query_split.rs::a_part_keeps_ncbis_restricted_lower_case_masks		2026-10-10
blastfilter	BlastxLowerCaseMask	partial	LOSAT/src/algorithm/blastx/query_setup.rs::ncbi_active_lowercase_frame_assertions	The six-frame spread is exercised through dna_to_protein_masks per frame; no test asserts that prepare_queries gives all six contexts a non-empty lowercase mask list.	2026-10-10
blastfilter	BlastxLowerCaseMaskProteinLocations	ported	LOSAT/src/algorithm/blastx/query_setup.rs::ncbi_active_lowercase_frame_assertions		2026-10-10
blastfilter	BlastnLowerCaseMask_SingleStrand	n-a		LOSAT masks come from FASTA case and carry no strand, so a one-strand lowercase mask cannot be expressed.	2026-10-10
blastfilter	BlastnLowerCaseMask_BothStrands	n-a		Frame bookkeeping of CBlastQueryFilteredFrames; LOSAT's strandless masks always apply to both contexts (reverse_mask_intervals, run.rs:4078, has no test).	2026-10-10
blastfilter	LowerCaseMask_PlusStrand	partial	LOSAT/src/algorithm/blastn/coordination.rs::test_collect_lowercase_masks	Only mask collection is asserted. LOSAT blastn has no hard query masking (-soft_masking rejected, LOSAT/src/cli.rs:252; run.rs:6543-6552 states only the soft path exists), so masked bases are never written into the buffer. E2E: LOSAT/tests…	2026-10-10
blastfilter	LowerCaseMask_MinusStrand	partial	LOSAT/src/algorithm/blastn/coordination.rs::test_collect_lowercase_masks	Same as LowerCaseMask_PlusStrand: the mask strand is ignored in NCBI and does not exist in LOSAT.	2026-10-10
blastfilter	LowerCaseMask_BothStrands	partial	LOSAT/src/algorithm/blastn/coordination.rs::test_collect_lowercase_masks	Same as LowerCaseMask_PlusStrand.	2026-10-10
blastfilter	LowerCaseMask_PlusStrand_Explicit	n-a		A strand on the mask Seq-loc has no LOSAT input form; LOSAT masks both contexts.	2026-10-10
blastfilter	LowerCaseMask_MinusStrand_Explicit	n-a		No strand on LOSAT masks.	2026-10-10
blastfilter	LowerCaseMask_BothStrands_Explicit	partial	LOSAT/src/algorithm/blastn/coordination.rs::test_collect_lowercase_masks	LOSAT's unconditional both-context behaviour matches this variant; hard masking of the buffer is still not available (LOSAT/src/cli.rs:252).	2026-10-10
blastfilter	CombineRepeatAndLowerCaseMask	n-a		Repeats filtering unported.	2026-10-10
blastfilter	CombineRepeatAndDustFilter	n-a		Repeats filtering unported.	2026-10-10
blastfilter	FilterLocNuclBoth	partial	LOSAT/src/utils/dust.rs::test_simple_repeat;LOSAT/src/utils/dust.rs::test_complex_sequence;LOSAT/src/utils/dust.rs::test_short_sequence	The DUST tests assert only that a poly-A run is masked, a de Bruijn sequence is not heavily masked and "AC" gives nothing; there is no interval-level oracle test (unlike seg.rs). Exact intervals are frozen only by whole-search fixtures: LO…	2026-10-10
blastfilter	FilterLocNuclPlus	n-a		-strand rejected; DUST itself as in FilterLocNuclBoth.	2026-10-10
blastfilter	FilterLocNuclMinus	n-a		-strand rejected.	2026-10-10
blastfilter	FilterLocProtein	partial	LOSAT/src/algorithm/tblastn/search_gapped.rs::hard_seg_query_bytes_and_integrated_hsp_match_ncbi;LOSAT/src/utils/seg.rs::test_mask_sequence_matches_ncbi_core_bdv02435_1_query_defaults	SEG interval equality is asserted; the per-context mask assembly for BLASTP (and BLASTX's prepare_queries, LOSAT/src/algorithm/blastx/query_setup.rs:333-368) has no direct interval assertion.	2026-10-10
blastfilter	MaskProteinSequence	ported	LOSAT/src/algorithm/tblastn/search_gapped.rs::hard_seg_query_bytes_and_integrated_hsp_match_ncbi;LOSAT/src/algorithm/tblastn/search_gapped.rs::internal_seg_crossing_traceback_uses_masked_score_and_unmasked_identity		2026-10-10
blastfilter	MaskNucleotideBothStrands	n-a		Hard nucleotide query masking (mask_at_hash = false) does not exist in LOSAT blastn. The minus-strand reversal is ported for lookup restriction only (run.rs:4078 reverse_mask_intervals, cites blast_filter.c:1173-1178) and has no test.	2026-10-10
blastfilter	FilterMultipleQueriesLocNuclPlus	e2e		evidence (b28e42e1): LOSAT/tests/blastn_regression_fixtures.py:89 and :94 (batches.default, batches.fmt0: multi-query mq.fa with default DUST, frozen hashes); run by LOSAT/tests/ci_fast_regressions.py:189-195	2026-10-10
blastfilter	MaskRestrictToInterval	partial	LOSAT/src/algorithm/blastn/query_split.rs::restricted_masks_grow_by_one_and_drop_one_at_the_last_residue	Shift, clamp and drop are asserted; the negative/zero-to whole-sequence convention and the restrict-twice-to-empty case are not, and LOSAT's function also applies RestrictToSeqInt's +1 quirk, so its coordinates differ by one from the C fun…	2026-10-10
blastfilter	ConvertTranslatedFilterOffsets	partial	LOSAT/src/algorithm/blastx/query_setup.rs::ncbi_active_lowercase_frame_assertions;LOSAT/src/algorithm/tblastx/report.rs::query_masks_convert_with_ncbis_frame_formulas	Both directions are asserted only on small examples; NCBI's multi-query context layout, end-of-sequence clamping (to = 1163 at length 1164) and the round trip are not; BLASTX's protein_to_dna_masks (query_setup.rs:519) has no test of its o…	2026-10-10
blastfilter	FilterOptionsToStringFromNULL	n-a		The legacy "-F" filter-string grammar is not implemented; LOSAT ports the BLAST+ -dust/-seg values of blast_args.cpp.	2026-10-10
blastfilter	FilterOptionsToStringFromMaskAtHashOnly	n-a		Legacy filter string unported.	2026-10-10
blastfilter	FilterOptionsToStringLargeData	n-a		Legacy filter string and repeats DB unported.	2026-10-10
blastfilter	FilterOptionsFromNULLString	n-a		LOSAT's defaults are BLAST+ CLI defaults (DUST on except for blastn-short), not the C API's NULL-string semantics.	2026-10-10
blastfilter	FilterOptionsFromStringDustMaskAtHash	n-a		Legacy grammar unported; mask_at_hash for blastn is always true in LOSAT (-soft_masking rejected, LOSAT/src/cli.rs:252).	2026-10-10
blastfilter	FilterOptionsFromStringDust	partial	LOSAT/tests/cli_v2.rs::filtering_has_exactly_one_shared_value_grammar;LOSAT/tests/unit/blastn/args.rs::test_default_values		2026-10-10
blastfilter	FilterOptionsFromStringSEGWithParams	partial	LOSAT/tests/cli_v2.rs::filtering_has_exactly_one_shared_value_grammar;LOSAT/tests/unit/tblastx/args.rs::test_seg_options	The three-number parse and the serializer round trip are asserted for the BLAST+ -seg value; the "S ...;" legacy grammar is not ported.	2026-10-10
blastfilter	FilterOptionsFromBadStringSEGWithParams	partial	LOSAT/tests/cli_v2.rs::filtering_has_exactly_one_shared_value_grammar	Same rejection for the BLAST+ grammar, with NCBI's message "Invalid number of arguments to filtering option" (LOSAT/src/blastinput/value_parsers.rs:99-101); the legacy grammar is not ported.	2026-10-10
blastfilter	FilterOptionsFromStringBlastnL	n-a		LOSAT exposes DUST through -dust (blastn) and SEG through -seg (protein programs); there is no program-dependent "L" token.	2026-10-10
blastfilter	FilterOptionsFromStringBlastpL	n-a		Legacy grammar unported.	2026-10-10
blastfilter	FilterOptionsFromStringBlastnW	n-a		WindowMasker unported.	2026-10-10
blastfilter	FilterMerge	n-a		LOSAT has no SBlastFilterOptions struct and nothing to merge.	2026-10-10
blastfilter	FilterStringFalse	partial	LOSAT/tests/cli_v2.rs::filtering_has_exactly_one_shared_value_grammar;LOSAT/tests/cli_v2.rs::canonical_options_for_every_program;LOSAT/tests/cli_v2.rs::legacy_and_unsupported_syntax_is_unknown		2026-10-10
blastfilter	MergeOptionHandle	n-a		Repeats database and options-handle API unported.	2026-10-10
blastfilter	OptionsHandleNotClear	n-a		Options-handle API unported.	2026-10-10
blastfilter	OptionsHandleClear	n-a		Options-handle API unported.	2026-10-10
blastfilter	GetSeqLocInfoVector_EmptyQueryIdVector	n-a		BlastMaskLoc -> TSeqLocInfoVector conversion for the formatter; LOSAT's report layer takes the masks per program directly (LOSAT/src/algorithm/blastp/blast_engine.rs:2980 masked_query_rows; LOSAT/src/algorithm/tblastx/report.rs:238 query_d…	2026-10-10
blastfilter	GetSeqLocInfoVector_EmptyMasks	n-a		Same conversion plumbing.	2026-10-10
blastfilter	BlastSeqLocCombineTest	partial	LOSAT/src/algorithm/blastx/query_setup.rs::touching_and_duplicate_masks_preserve_lookup_intervals;LOSAT/src/algorithm/blastn/coordination.rs::test_merge_mask_intervals;LOSAT/src/utils/seg.rs::test_merge_segs_inclusive_matches_ncbi_overlap_merge;LOSAT/src/algorithm/tblastn/search_gapped.rs::overlapping_seg_and_lowercase_query_mask_matches_ncbi	No test feeds combine_masks or the TBLASTN merger (LOSAT/src/algorithm/tblastn/search_seed.rs:48-58) several overlapping intervals and asserts the merged list; LOSAT has three separate interval mergers for the same NCBI function.	2026-10-10
blastfilter	GetSeqLocInfoVector_AllPrograms	n-a		No TSeqLocInfoVector in LOSAT; the nearest behaviour (frame-specific mask display) is tested only for TBLASTX frames +1/-1 (LOSAT/src/algorithm/tblastx/report.rs:1031).	2026-10-10
blastfilter	DustSeqlocMix	n-a		NCBI compiles this case out (#if 0 / SEQLOC_MIX_QUERY_OK); mapping said out_of_scope	2026-10-10
blastfilter	TestBlastSeqLocCombine_MergeElems	partial	LOSAT/src/algorithm/blastn/coordination.rs::test_merge_mask_intervals;LOSAT/src/utils/seg.rs::test_merge_segs_inclusive_matches_ncbi_overlap_merge;LOSAT/src/algorithm/blastx/query_setup.rs::touching_and_duplicate_masks_preserve_lookup_intervals	Nested-interval merging is asserted for the Seq-loc Merge and s_MergeSegs analogues, not for the BlastSeqLocCombine port itself.	2026-10-10
blastfilter	TestBlastSeqLocCombine_MergeIdenticals	partial	LOSAT/src/algorithm/blastn/coordination.rs::test_merge_mask_intervals;LOSAT/src/algorithm/blastx/query_setup.rs::touching_and_duplicate_masks_preserve_lookup_intervals	No assertion that identical multi-residue intervals collapse in combine_masks.	2026-10-10
blastfilter	TestBlastSeqLocCombine_NoMerging	partial	LOSAT/src/algorithm/blastx/query_setup.rs::touching_and_duplicate_masks_preserve_lookup_intervals	Sorting of disjoint intervals is implemented but not asserted.	2026-10-10
blastfilter	TestBlastSeqLocListReverse	n-a		Linked-list helper; LOSAT masks are sorted Vecs.	2026-10-10
blastfilter	TestGetTaxIdWithWindowMaskerSupport	n-a		WindowMasker unported.	2026-10-10
blasthits	BlastTargetSequence	partial	LOSAT/src/algorithm/tblastn/search_gapped.rs::long_multi_hsp_partial_windows_and_retry_match_ncbi;LOSAT/src/algorithm/tblastn/search_gapped.rs::nonzero_base_partial_traceback_without_fence_matches_ncbi;LOSAT/src/algorithm/tblastn/search_gapped.rs::full_translation_traceback_matches_ncbi_post_fence_scores_and_offsets	Window range (NCBI range[2*context..]) is asserted against a pinned NCBI oracle; the sentinel byte positions, the +33 length, the per-position residue values and the NULL-HSP case are not asserted directly (fence detection is only observed…	2026-10-10
blasthits	testMergeHSPLists	ported	LOSAT/src/algorithm/tblastn/search_gapped.rs::long_chunk_overlap_merge_matches_ncbi_input_score_and_order;LOSAT/src/algorithm/tblastn/search_gapped.rs::long_subject_chunk_local_gapped_hsps_match_ncbi;LOSAT/src/algorithm/tblastn/search_gapped.rs::skipped_middle_chunk_preserves_both_hsps_and_all_append_rows		2026-10-10
blasthits	testPurgeOfNewHSPList	n-a		C pointer-array / detached hspcnt bookkeeping; LOSAT keeps HSPs in Vec (no NULL slots, no separate count), so an empty-list purge has no analogue to test.	2026-10-10
blasthits	testPurgeOfEmptyHSPList	n-a		A count that disagrees with the pointer array cannot be represented with Vec; no LOSAT analogue.	2026-10-10
blasthits	testPurgeOfFullHSPList	partial	LOSAT/src/algorithm/blastp/hsp.rs::test_purge_hits_with_common_endpoints_no_duplicate_allocates_no_removal_marks	Asserts the no-removal/no-compaction case only as a side effect of the endpoint purge, with 3 HSPs rather than 25 and no standalone purge-null function.	2026-10-10
blasthits	testOrderingOfFullHSPList	partial	LOSAT/src/algorithm/blastx/preliminary.rs::capped_save_heap_ties_preserve_ncbi_comparator	Only BLASTX caps the preliminary HSP list; BLASTN and TBLASTX use hsp_num_max = INT4_MAX (tblastx/blast_gapalign.rs:215 pushes unconditionally). The LOSAT test uses a cap of 2 with distinct subject starts, not the NCBI 5-cap/equal-score/eq…	2026-10-10
blasthits	testPurgeOfHSPListWithHoles	partial	LOSAT/src/algorithm/blastn/filtering/purge_endpoints.rs::common_endpoint_shifts_preserve_trimmed_tail_and_active_boundary;LOSAT/src/algorithm/blastn/filtering/purge_endpoints.rs::handle_sort_keeps_payload_addresses_equal_order_and_tail;LOSAT/src/algorithm/blastp/hsp.rs::test_purge_hits_with_common_endpoints_sparse_duplicate_uses_index_marks	Compaction of NULL slots is asserted only as part of the endpoint purge, not as a standalone purge of arbitrary manually freed holes; trailing-slot NULLing is not observable in Vec.	2026-10-10
blasthits	testHSPInit	n-a		LOSAT has no HSP constructor function: HSP structs (common.rs Hit, BlastnHsp, GappedHsp, UngappedHit) are built as literals and edit-script ownership is a move of Option<Vec<GapEditOp>>. The return code and pointer-nulling are C ownership…	2026-10-10
blasthits	testHSPInitWithNulls	n-a		NULL out-parameter error code; no Rust analogue.	2026-10-10
blasthits	testReevaluateWithAmbiguitiesUngappedNucl	n-a		Ungapped BLASTN (-ungapped) is rejected as unported, so the nucleotide (0x0f mask) branch of Blast_HSPReevaluateWithAmbiguitiesUngapped and its ungapped cutoff have no LOSAT path.	2026-10-10
blasthits	testReevaluateWithAmbiguitiesUngappedTransl	e2e		evidence (b28e42e1): LOSAT/tests/fixtures/tblastx_regression/manifest.tsv:32-34 (ambig.fmt6, ambig.fmt6_threads4, ambig.fmt0_threads2 frozen hashes, defined in LOSAT/tests/tblastx_regression_fixtures.py:101-103, run by tests/ci_fast_regressions.py); implementa…	2026-10-10
blasthits	testReevaluateWithAmbiguitiesGapped	partial	LOSAT/src/algorithm/tblastn/search_gapped.rs::blast_hsp_test_deletion_matches_ncbi_api	The identity/length predicate is unit-tested only in its TBLASTN copy; the BLASTN gapped reevaluation (trimmed edit script, new coordinates, cutoff dependence) and the BLASTN copy of the identity/length test (-perc_identity is supported fo…	2026-10-10
blasthits	testReevaluateWithAmbiguitiesBadHit	to-port		evidence (b28e42e1): LOSAT/src/algorithm/blastn/filtering/purge_endpoints.rs:1756 (wrapper returns true when the _ex reevaluation signals deletion; the _ex body after :1691 returns true for an empty edit script or best sub-alignment below cutoff); deletion han…	2026-10-10
blasthits	testGetOOFNumIdentities	n-a		Out-of-frame (frameshift) gapped alignment is not implemented in any LOSAT program; the frameshift edit-script operations do not exist.	2026-10-10
blasthits	testHSPListSort	partial	LOSAT/src/algorithm/blastp/hsp.rs::test_sort_hsplist_by_score_matches_ncbi_tie_breakers;LOSAT/src/algorithm/blastp/hsp.rs::test_sort_hsplist_by_evalue_uses_score_compare_as_tie_breaker;LOSAT/src/algorithm/blastn/hsp.rs::hit_list_evalues_below_1e180_compare_equal	Score sort and e-value sort with ScoreCompareHSPs tie-breakers are asserted (BLASTP copy); the <1e-180 'zero' equivalence is asserted only for s_EvalueCompareHSPLists in the BLASTN hit list, not for HSP sorting, and the subject-offset tie…	2026-10-10
blasthits	testHSPListSaveHSP	partial	LOSAT/src/algorithm/blastx/preliminary.rs::capped_save_heap_ties_preserve_ncbi_comparator	Allocation growth and do_not_reallocate are C memory details; the heap-cap semantics are ported only for BLASTX and tested with 4 inserts and cap 2, without asserting the heap invariant, the first/last scores or the max-score count after m…	2026-10-10
blasthits	testCheckHSPCommonEndpoints	partial	LOSAT/src/algorithm/tblastx/filtering/purge_endpoints.rs::test_purge_ncbi_parity;LOSAT/src/algorithm/blastn/filtering/purge_endpoints.rs::final_active_slot_can_be_trimmed_or_deleted_in_either_pass;LOSAT/src/algorithm/blastp/hsp.rs::test_purge_hits_with_common_endpoints_keeps_longer_match	The TBLASTX test checks survivor membership, not the output order NCBI asserts, and the PHI-BLAST no-op is not applicable (PHI-BLAST not ported). The function is ported four times (blastn, tblastx, blastp/hsp.rs:1180, tblastn search_gapped…	2026-10-10
blasthits	testSBlastHitsParamsGapped	ported	LOSAT/src/algorithm/blastn/hsp.rs::test_prelim_hitlist_size_gapped		2026-10-10
blasthits	testSBlastHitsParamsUngapped	to-port		evidence (b28e42e1): LOSAT/src/algorithm/blastn/hsp.rs:508-538 (get_prelim_hitlist_size falls through unchanged when neither composition_based_stats nor gapped_calculation); LOSAT/src/algorithm/blastx/results.rs:790 (prelim_hitlist_size `else { n }`)	2026-10-10
blasthits	testSBlastHitsParamsCompStats	to-port		evidence (b28e42e1): LOSAT/src/algorithm/blastn/hsp.rs:508-530 (composition_based_stats branch: 1050 when hitlist_size <= 500, else 2n+50, ADAPTIVE_CBS env honoured); called with the CBS flag at LOSAT/src/algorithm/blastp/blast_engine.rs:5545 and LOSAT/src/alg…	2026-10-10
blasthits	testAdjustOddBlastnScores	n-a		The behaviour that is live in NCBI, rounding the score down to even only for the E-value (Blast_HSPListGetEvalues, blast_hits.c:1864-1870), is ported at LOSAT/src/algorithm/blastn/blast_engine/run.rs:212-213 and filtering/purge_endpoints.r…	2026-10-10
blasthits	testHitListUpdate	partial	LOSAT/src/algorithm/blastn/hsp.rs::test_hitlist_update_keeps_best;LOSAT/src/algorithm/tblastn/stage_d_results.rs::saved_local_kappa_pop_hitlist_update_and_reverse_match_ncbi;LOSAT/src/algorithm/tblastn/stage_d_results.rs::saved_multi_query_result_updates_follow_ncbi_query_order	Count, low_score and worst_evalue are asserted (TBLASTN copy, oracle-driven); hsplist_current == 100 and hsplist_max are not asserted anywhere although grow_hsplist_array models them. Four Blast_HitListUpdate ports exist (blastn generic Hi…	2026-10-10
blasthits	testQueryCoverage	n-a		-qcov_hsp_perc is rejected for all five programs; no coverage filter exists.	2026-10-10
blasthits	testMaxHspsPerSubject	e2e		evidence (b28e42e1): LOSAT/tests/outfmt0_manifest.tsv:31 (multi.maxhsps1.blastn, -max_hsps 1), :92 (dc.max, -max_hsps 2), :102 (short.max, -max_hsps 3) frozen outfmt 0 fixtures; LOSAT/tests/blastp_v010_parity_manifest.tsv:1 (max_hsps_per_subject column used by…	2026-10-10
blasthits	testSubjectBestHit	partial	LOSAT/src/algorithm/blastn/filtering/subject_best_hit.rs::test_same_strand_filtering;LOSAT/src/algorithm/blastn/filtering/subject_best_hit.rs::test_different_strand_no_filtering	The BLASTN same-strand pass is asserted with a 3-HSP case (not the 4-nested-to-1 case); the cross-strand pass has no real assertion (len >= 1). The BLASTX copy (LOSAT/src/algorithm/blastx/runtime.rs:1874, results.rs:807) is untested; -subj…	2026-10-10
blastoptions	TestTasksDefinitionsAndDocumentation	partial	LOSAT/src/algorithm/blastn/coordination.rs::task_defaults_follow_ncbi_handles;LOSAT/src/algorithm/blastp/args.rs::test_blastp_short_task_resolves_ncbi_defaults;LOSAT/src/algorithm/blastp/args.rs::test_blastp_fast_task_resolves_ncbi_defaults;LOSAT/src/algorithm/tblastn/args.rs::ncbi_checks_and_losat_limits_are_explicit;LOSAT/tests/cli_v2.rs::defaults_and_task_overrides_remain_distinct	LOSAT asserts that each supported task (megablast, blastn, dc-megablast, blastn-short, blastp, blastp-fast, blastp-short, tblastn-fast) resolves to NCBI's option defaults, and that rmblastn is rejected. There is no documentation-string ana…	2026-10-10
blastoptions	RemoteOptionsTest	n-a		LOSAT has no remote (Blast4) search; -remote and -repeat filtering options are rejected at the CLI.	2026-10-10
blastoptions	BogusProgramWithCreate	n-a		NCBI C++ API plumbing.	2026-10-10
blastoptions	UnifiedPOptionsTest	partial	LOSAT/src/algorithm/blastp/args.rs::test_comp_based_stats_parser_supports_ncbi_modes;LOSAT/src/algorithm/blastp/blast_engine.rs::test_validate_requested_blastp_support_rejects_unified_p_mode;LOSAT/src/algorithm/blastp/args.rs::test_default_blastp_options_resolve_to_ncbi_defaults	Only the option value (parsed from the 'u' suffix of -comp_based_stats) is asserted; a search with unified P-values is explicitly rejected, so the feature itself is not ported. No reset-to-default toggle (API-only).	2026-10-10
blastoptions	GetSuggestedThresholdTest	partial	LOSAT/src/stats/protein_options.rs::suggestions_follow_blast_options_c;LOSAT/src/algorithm/blastp/args.rs::test_matrix_resolution_updates_gap_threshold_and_window_defaults;LOSAT/src/algorithm/blastp/args.rs::test_blastp_short_task_resolves_ncbi_defaults;LOSAT/src/algorithm/blastp/args.rs::test_default_blastp_options_resolve_to_ncbi_defaults	Missing: blastx (+1 -> 12) is never asserted and blastx hard-codes 12.0 at LOSAT/src/algorithm/blastx/args.rs:833-835 without calling suggested_threshold; tblastx value not asserted at function level (only tests/unit/tblastx/args.rs:25 def…	2026-10-10
blastoptions	GetSuggestedWindowSizeTest	partial	LOSAT/src/stats/protein_options.rs::suggestions_follow_blast_options_c;LOSAT/src/algorithm/blastp/args.rs::test_default_blastp_options_resolve_to_ncbi_defaults;LOSAT/src/algorithm/blastp/args.rs::test_matrix_resolution_updates_gap_threshold_and_window_defaults;LOSAT/src/algorithm/blastp/args.rs::test_blastp_short_task_resolves_ncbi_defaults	BLOSUM62 -> 40 is asserted only through blastp CLI resolution; blastx hard-codes 40 at LOSAT/src/algorithm/blastx/args.rs:908 (untested). NULL/blastn status cases have no analogue.	2026-10-10
blastoptions	GetProteinGapExistenceExtendParamsTest	ported	LOSAT/src/stats/protein_options.rs::preferred_gap_costs_are_the_best_rows		2026-10-10
blastoptions	GetNucleotideGapExistenceExtendParamsTest	n-a		NCBI's own blastn command line never calls this function (only the definition exists under c++/src; no caller in blastinput/api/app). LOSAT, like NCBI's Blast_KarlinBlkNuclGappedCalc path, reports unsupported costs with NCBI's message inst…	2026-10-10
blastoptions	FilterSetUpOptionsDustTest	partial	LOSAT/tests/unit/blastn/args.rs::test_default_values;LOSAT/tests/unit/blastn/args.rs::test_dust_options;LOSAT/src/core/blast_filter.rs::test_params_validation	LOSAT asserts the NCBI default dust parameters (20/64/1) of blastn's typed dust option; the 'seg options are NULL' structural assertion has no analogue (blastn has no SEG field). Allocation/free are C plumbing.	2026-10-10
blastoptions	FilterSetUpOptionsSegTest	partial	LOSAT/src/blastinput/app.rs::seg_values_follow_ncbis_filtering_handler;LOSAT/src/algorithm/blastp/args.rs::test_seg_yes_no_and_custom_parser;LOSAT/tests/unit/tblastx/args.rs::test_seg_options;LOSAT/tests/unit/tblastx/args.rs::test_default_values	SEG option construction and NCBI defaults (12/2.2/2.5, SegParametersNewAa fallbacks) are asserted; the 'dust options are NULL' structural assertion has no analogue.	2026-10-10
blastoptions	FilterSetUpOptionsNULLInput	n-a		no analogue: C NULL-pointer guard of an allocator (LOSAT options are typed values, LOSAT/src/blastinput/value_parsers.rs:853)	2026-10-10
blastoptions	OptionsFreeNULLInput	n-a		no analogue: C memory management (Rust drop semantics)	2026-10-10
blastoptions	testCalcLinkHSPCutoffs	partial	LOSAT/src/algorithm/tblastx/sum_stats_linking/cutoffs.rs::complete_database_changes_linking_cutoff;LOSAT/src/algorithm/blastx/even_gap.rs::pinned_official_subject_aa_cutoff_boundaries	The function is ported and tested for tblastx (synthetic Karlin params, translated lengths) and blastx -ungapped (NCBI trace golden rows), not for the NCBI test's blastp inputs (36/41). LOSAT blastp has no ungapped mode (-ungapped rejected…	2026-10-10
blastoptions	testBadKbpForLinkHSPCutoffs	to-port		evidence (b28e42e1): LOSAT/src/algorithm/tblastx/blast_engine/run_impl.rs:2320-2327 (filters ctx.is_valid before find_smallest_lambda_params); LOSAT/src/algorithm/tblastx/sum_stats_linking/params.rs:45-57 (find_smallest_lambda_params, lambda > 0 filter); LOSAT…	2026-10-10
blastoptions	testCalcLinkHSPCutoffsSmallDB	partial	LOSAT/src/algorithm/tblastx/sum_stats_linking/cutoffs.rs::complete_database_changes_linking_cutoff;LOSAT/src/algorithm/blastx/even_gap.rs::pinned_official_subject_aa_cutoff_boundaries	Same branch behaviour asserted for tblastx/blastx inputs; not the blastp 21/0 values.	2026-10-10
blastoptions	testCalcLinkHSPResetGapProb	partial	LOSAT/src/algorithm/tblastx/sum_stats_linking/cutoffs.rs::complete_database_changes_linking_cutoff	LOSAT's gap_prob is an output, not a mutable input, so the 'stale value is reset' scenario is structural; 36/41 not asserted (no blastp linking).	2026-10-10
blastoptions	testLargeWordSize	to-port		evidence (b28e42e1): LOSAT/src/blastinput/value_parsers.rs:535-537 (blastn_word_size: usize with only a lower bound of 4); LOSAT/src/algorithm/blastn/coordination.rs:492 (determine_effective_word_size)	2026-10-10
blastoptions	testExtParamNewSomeInvalidKbp	to-port		evidence (b28e42e1): LOSAT/src/algorithm/blastn/scoring.rs:429-442 (gap_x_dropoffs takes the minimum gapped Lambda over valid contexts only, via .flatten()), called at LOSAT/src/algorithm/blastn/blast_engine/run.rs:7189; blastx LOSAT/src/algorithm/blastx/param…	2026-10-10
blastoptions	testExtensionParamsNew	to-port		evidence (b28e42e1): LOSAT/src/algorithm/blastn/scoring.rs:437-441 ((Int4)(bits*LN2/min_lambda) and max(final, gapped)); LOSAT/src/algorithm/blastx/traceback.rs:129-130; LOSAT/src/algorithm/blastx/kappa.rs:170-171	2026-10-10
blastoptions	testHitSavingParamNewSomeInvalidKbp	partial	LOSAT/src/algorithm/blastp/blast_engine.rs::test_invalid_blastp_context_uses_ncbi_placeholder_cutoffs;LOSAT/src/algorithm/tblastn/stage_d_stats.rs::computed_code1_control_parameters_match_stage_c_inputs	Invalid-context placeholders and minimum over valid contexts are asserted for blastp and tblastn; blastn's cutoff_score_min with partially invalid contexts (the NCBI case) has no test.	2026-10-10
blastoptions	testHitSavingParamNewGappedTblastnLargeSubjectSequence	partial	LOSAT/src/algorithm/tblastn/stage_d_stats.rs::computed_code1_control_parameters_match_stage_c_inputs;LOSAT/src/algorithm/tblastn/stage_d_linking.rs::saved_code1_link_lists_match_ncbi_score_order_num_and_double_evalue	Same function path (Spouge E-to-S, cbs_stretch 5 -> prelim_evalue 50) asserted with LOSAT's own trace-pinned inputs, not the NCBI test's 66.	2026-10-10
blastoptions	testHitSavingParamNewGappedTblastnMidsizeSubjectSequence	partial	LOSAT/src/algorithm/tblastn/search_gapped.rs::computed_default_parameters_preserve_ncbi_preliminary_link_input;LOSAT/src/algorithm/tblastn/stage_d_stats.rs::computed_code1_default_link_parameters_match_stage_d_call	Exact cutoffs asserted for LOSAT fixture subjects, not the NCBI inputs (40).	2026-10-10
blastoptions	testHitSavingParamUpdateMultipleCalls	partial	LOSAT/src/algorithm/tblastn/stage_d_stats.rs::computed_code1_control_parameters_match_stage_c_inputs;LOSAT/src/algorithm/tblastn/stage_d_stats.rs::computed_code1_default_link_parameters_match_stage_d_call;LOSAT/src/algorithm/blastp/args.rs::test_default_blastp_options_resolve_to_ncbi_defaults;LOSAT/tests/cli_v2.rs::defaults_and_task_overrides_remain_distinct	No test calls the Update path twice and asserts cutoff stability; qcov_hsp_perc is not ported.	2026-10-10
blastoptions	testHitSavingParamNewGappedTblastnSmallSubjectSequence	partial	LOSAT/src/algorithm/tblastn/stage_d_stats.rs::computed_code1_default_link_parameters_match_stage_d_call;LOSAT/src/algorithm/tblastn/search_gapped.rs::computed_default_parameters_preserve_ncbi_preliminary_link_input	Small-subject regime asserted on LOSAT fixtures (19/17), not on the NCBI case's query.	2026-10-10
blastoptions	testInitialWordParamNewSomeInvalidKbp	partial	LOSAT/src/algorithm/tblastx/ncbi_cutoffs.rs::test_x_drop_raw_score_blosum62;LOSAT/src/algorithm/tblastx/ncbi_cutoffs.rs::test_x_drop_different_bits;LOSAT/src/algorithm/tblastx/ncbi_cutoffs.rs::test_gap_trigger_raw_score;LOSAT/src/algorithm/blastp/blast_engine.rs::test_invalid_blastp_context_uses_ncbi_placeholder_cutoffs;LOSAT/src/algorithm/tblastn/search_gapped.rs::computed_default_parameters_preserve_ncbi_preliminary_link_input	Raw x-drop/gap-trigger conversions and invalid-context handling are asserted for tblastx, blastp and tblastn; blastn's cutoff_score_min/x_dropoff_max minimum over partially invalid contexts (13/11) has no test.	2026-10-10
blastoptions	testRemoteFilterString	n-a		Remote (Blast4 ASN.1) options and the deprecated -filter string ('F'/'T'/'m L') are not ported; LOSAT uses -dust/-seg only.	2026-10-10
blastoptions	testNewFilteringDefaults	partial	LOSAT/src/algorithm/blastp/args.rs::test_default_blastp_options_resolve_to_ncbi_defaults	blastp's default (SEG off) is asserted. For tblastn LOSAT follows the NCBI command-line default (SEG on, CFilteringArgs kDfltArgSegFiltering, c++/src/algo/blast/blastinput/tblastn_args.cpp:90 and blast_args.cpp:338), so the options-handle…	2026-10-10
blastoptions	testOptionsDeepCopy	n-a		Resolved option structs are plain Rust values; nothing to deep-copy.	2026-10-10
blastsetup	NumberOfContextsBlastp	partial		evidence (b28e42e1): tests/unit/tblastx/lookup.rs:474 (test_get_context_idx_multiple_queries: contexts.len()==12 for 2 queries); tests/unit/tblastx/translation.rs:7 test_generate_frames_basic (frames.len() <= 6 && >= 3); implementation: src/algorithm/blastn/bl…	2026-10-10
blastsetup	NumberOfContextsBlastn	partial		evidence (b28e42e1): tests/unit/tblastx/lookup.rs:474 (test_get_context_idx_multiple_queries: contexts.len()==12 for 2 queries); tests/unit/tblastx/translation.rs:7 test_generate_frames_basic (frames.len() <= 6 && >= 3); implementation: src/algorithm/blastn/bl…	2026-10-10
blastsetup	NumberOfContextsBlastx	partial		evidence (b28e42e1): tests/unit/tblastx/lookup.rs:474 (test_get_context_idx_multiple_queries: contexts.len()==12 for 2 queries); tests/unit/tblastx/translation.rs:7 test_generate_frames_basic (frames.len() <= 6 && >= 3); implementation: src/algorithm/blastn/bl…	2026-10-10
blastsetup	NumberOfContextsTblastx	partial		evidence (b28e42e1): tests/unit/tblastx/lookup.rs:474 (test_get_context_idx_multiple_queries: contexts.len()==12 for 2 queries); tests/unit/tblastx/translation.rs:7 test_generate_frames_basic (frames.len() <= 6 && >= 3); implementation: src/algorithm/blastn/bl…	2026-10-10
blastsetup	NumberOfContextsTblastn	partial		evidence (b28e42e1): tests/unit/tblastx/lookup.rs:474 (test_get_context_idx_multiple_queries: contexts.len()==12 for 2 queries); tests/unit/tblastx/translation.rs:7 test_generate_frames_basic (frames.len() <= 6 && >= 3); implementation: src/algorithm/blastn/bl…	2026-10-10
blastsetup	NumberOfContextsRPSBlast	n-a		RPS-BLAST is not implemented.	2026-10-10
blastsetup	NumberOfContextsRPSTblastn	n-a		RPS-BLAST is not implemented.	2026-10-10
blastsetup	NumberOfContextsThrow	n-a		No EBlastProgramType enum in LOSAT; an undefined program cannot be represented.	2026-10-10
blastsetup	QueryIsTranslated	n-a		LOSAT dispatches statically per program module; the predicates appear only inside quoted NCBI C comments (e.g. src/algorithm/blastx/parameters.rs:57, src/stats/protein_options.rs:286-288). No analogue to test.	2026-10-10
blastsetup	QueryIsPlainNucleotide	n-a		LOSAT dispatches statically per program module; the predicates appear only inside quoted NCBI C comments (e.g. src/algorithm/blastx/parameters.rs:57, src/stats/protein_options.rs:286-288). No analogue to test.	2026-10-10
blastsetup	SubjectIsProtein	n-a		LOSAT dispatches statically per program module; the predicates appear only inside quoted NCBI C comments (e.g. src/algorithm/blastx/parameters.rs:57, src/stats/protein_options.rs:286-288). No analogue to test.	2026-10-10
blastsetup	SubjectIsNucleotide	n-a		LOSAT dispatches statically per program module; the predicates appear only inside quoted NCBI C comments (e.g. src/algorithm/blastx/parameters.rs:57, src/stats/protein_options.rs:286-288). No analogue to test.	2026-10-10
blastsetup	SubjectIsPlainNucleotide	n-a		LOSAT dispatches statically per program module; the predicates appear only inside quoted NCBI C comments (e.g. src/algorithm/blastx/parameters.rs:57, src/stats/protein_options.rs:286-288). No analogue to test.	2026-10-10
blastsetup	BlastNumber2Program_CORE	n-a		No enum->name function; names are literals per module.	2026-10-10
blastsetup	String2Enum_Blastp	partial		evidence (b28e42e1): tests/unit/blastn/args.rs:49 test_custom_task ("-task blastn" accepted); src/algorithm/blastn/coordination.rs:1394 task_defaults_follow_ncbi_handles (megablast/dc-megablast/blastn-short defaults); implementation src/blastinput/value_parser…	2026-10-10
blastsetup	String2Enum_Blastn	partial		evidence (b28e42e1): tests/unit/blastn/args.rs:49 test_custom_task ("-task blastn" accepted); src/algorithm/blastn/coordination.rs:1394 task_defaults_follow_ncbi_handles (megablast/dc-megablast/blastn-short defaults); implementation src/blastinput/value_parser…	2026-10-10
blastsetup	String2Enum_Blastx	partial		evidence (b28e42e1): tests/unit/blastn/args.rs:49 test_custom_task ("-task blastn" accepted); src/algorithm/blastn/coordination.rs:1394 task_defaults_follow_ncbi_handles (megablast/dc-megablast/blastn-short defaults); implementation src/blastinput/value_parser…	2026-10-10
blastsetup	String2Enum_Tblastx	partial		evidence (b28e42e1): tests/unit/blastn/args.rs:49 test_custom_task ("-task blastn" accepted); src/algorithm/blastn/coordination.rs:1394 task_defaults_follow_ncbi_handles (megablast/dc-megablast/blastn-short defaults); implementation src/blastinput/value_parser…	2026-10-10
blastsetup	String2Enum_Tblastn	partial		evidence (b28e42e1): tests/unit/blastn/args.rs:49 test_custom_task ("-task blastn" accepted); src/algorithm/blastn/coordination.rs:1394 task_defaults_follow_ncbi_handles (megablast/dc-megablast/blastn-short defaults); implementation src/blastinput/value_parser…	2026-10-10
blastsetup	String2Enum_Megablast	partial		evidence (b28e42e1): tests/unit/blastn/args.rs:49 test_custom_task ("-task blastn" accepted); src/algorithm/blastn/coordination.rs:1394 task_defaults_follow_ncbi_handles (megablast/dc-megablast/blastn-short defaults); implementation src/blastinput/value_parser…	2026-10-10
blastsetup	String2Enum_DiscoMegablast	partial		evidence (b28e42e1): tests/unit/blastn/args.rs:49 test_custom_task ("-task blastn" accepted); src/algorithm/blastn/coordination.rs:1394 task_defaults_follow_ncbi_handles (megablast/dc-megablast/blastn-short defaults); implementation src/blastinput/value_parser…	2026-10-10
blastsetup	String2Enum_PSIBlast	n-a		PSI-BLAST and RPS-BLAST are not implemented.	2026-10-10
blastsetup	String2Enum_RPSBlast	n-a		PSI-BLAST and RPS-BLAST are not implemented.	2026-10-10
blastsetup	String2Enum_RPSTblastn	n-a		PSI-BLAST and RPS-BLAST are not implemented.	2026-10-10
blastsetup	String2Enum_Throw1	partial		evidence (b28e42e1): tests/cli_v2.rs:350 (parse("blastn", ["-task","rmblastn"]).is_err()); implementation src/blastinput/value_parsers.rs:444 (unknown task -> "expected one of ..." error)	2026-10-10
blastsetup	String2Enum_PSITblastn	n-a		PSI-BLAST and RPS-BLAST are not implemented.	2026-10-10
blastsetup	FindMatrixPathSuccess	partial		evidence (b28e42e1): src/utils/matrix.rs:900 test_non_blosum62_standard_matrices and :920 test_matrix_defscores_follow_ncbi (scores read from each embedded matrix); implementation src/utils/matrix.rs:161 (BLOSUM62 const) and :326-530 (BLOSUM45/50/80/90, PAM30/…	2026-10-10
blastsetup	FindMatrixPathNoNcbiRcFile	n-a		No file-system matrix lookup exists, so a missing data file cannot occur; BLOSUM30 is not among the embedded matrices.	2026-10-10
blastsetup	FindMatrixPathTestBLASTMAT	n-a		Custom matrix files cannot be loaded; only the embedded standard matrices are accepted.	2026-10-10
blastsetup	FindMatrixPathFailure	partial		evidence (b28e42e1): src/stats/protein_options.rs:531 matrix_message_lists_ncbis_matrices ("FOO is not a supported matrix, supported matrices are: ..."); src/algorithm/tblastn/args.rs:1120 (error(&["-matrix","BAD"]).contains("BAD is not a supported matrix"))	2026-10-10
blastsetup	FindMatrixPathWithNull	n-a		C null-pointer handling has no Rust analogue.	2026-10-10
blastsetup	Context2Frame_ProteinQuery	to-port		evidence (b28e42e1): src/algorithm/blastp/encoding.rs:104 (QueryFrame frame: 0 for every protein query)	2026-10-10
blastsetup	Context2Frame_NucleotideQuery	to-port		evidence (b28e42e1): src/algorithm/blastn/blast_engine/run.rs:6486 (frame: 1 for context 2q) and :6493 (frame: -1 for context 2q+1)	2026-10-10
blastsetup	Context2Frame_TranslatedQuery	partial		evidence (b28e42e1): tests/unit/tblastx/translation.rs:25 test_generate_frames_forward_frames and :42 test_generate_frames_reverse_frames (frame labels within 1..3 and -3..-1); src/algorithm/tblastn/search_seed.rs:872 six_frame_translation_and_seed_coverage (f…	2026-10-10
blastsetup	Context2Frame_Error	n-a		Error value for an unrepresentable program.	2026-10-10
blastsetup	SetupSubjectsProt	partial		evidence (b28e42e1): src/algorithm/blastp/encoding.rs test fn test_encode_protein_sequence_adds_sentinels (aa_len==3, 5 bytes, sentinels 0); implementation src/algorithm/blastp/encoding.rs:54-69 used for subjects at src/algorithm/blastp/blast_engine.rs:659,705	2026-10-10
blastsetup	SetupSubjectsProtRange	n-a		Subject sub-ranges (-subject_loc) are rejected as unported.	2026-10-10
blastsetup	SetupSubjectsNuclPlusStrandFiltered	partial		evidence (b28e42e1): src/algorithm/blastn/blast_engine/run.rs:13160 test_build_subject_seq_ranges_from_masks (masks [2,5),[8,12) on length 10 -> ranges (0,2),(4,8),(9,10)); implementation run.rs:4145 and 7382-7392 (masks from -lcase_masking); tblastn: src/algo…	2026-10-10
blastsetup	SetupSubjectsNuclMinusStrandFiltered	partial		evidence (b28e42e1): src/algorithm/blastn/blast_engine/run.rs:13160 test_build_subject_seq_ranges_from_masks (masks [2,5),[8,12) on length 10 -> ranges (0,2),(4,8),(9,10)); implementation run.rs:4145 and 7382-7392 (masks from -lcase_masking); tblastn: src/algo…	2026-10-10
blastsetup	SetupSubjectsNuclBothStrandFiltered	partial		evidence (b28e42e1): src/algorithm/blastn/blast_engine/run.rs:13160 test_build_subject_seq_ranges_from_masks (masks [2,5),[8,12) on length 10 -> ranges (0,2),(4,8),(9,10)); implementation run.rs:4145 and 7382-7392 (masks from -lcase_masking); tblastn: src/algo…	2026-10-10
blastsetup	SetupSubjectsNuclPlusStrand	e2e		evidence (b28e42e1): tests/run_local_blastn.rs:119 every_format_of_one_search_matches_the_cli_run_of_that_format; tests/blastn_regression_fixtures.py (all blastn fixtures, tests/fixtures/blastn_regression); implementation src/algorithm/blastn/blast_engine/run.…	2026-10-10
blastsetup	SetupSubjectsNuclMinusStrand	e2e		evidence (b28e42e1): tests/run_local_blastn.rs:119 every_format_of_one_search_matches_the_cli_run_of_that_format; tests/blastn_regression_fixtures.py (all blastn fixtures, tests/fixtures/blastn_regression); implementation src/algorithm/blastn/blast_engine/run.…	2026-10-10
blastsetup	SetupSubjectsNuclBothStrand	e2e		evidence (b28e42e1): tests/run_local_blastn.rs:119 every_format_of_one_search_matches_the_cli_run_of_that_format; tests/blastn_regression_fixtures.py (all blastn fixtures, tests/fixtures/blastn_regression); implementation src/algorithm/blastn/blast_engine/run.…	2026-10-10
blastsetup	GetSequenceProteinWithSelenocysteine	to-port		evidence (b28e42e1): src/algorithm/blastp/encoding.rs:54-69 (encode_protein_sequence replaces only O by X; U passes through aa_char_to_ncbistdaa); src/utils/matrix.rs:133-158 ('U' -> 24); src/report/query_warnings.rs:228 (replaced_o_message warns for O only)	2026-10-10
blastsetup	GetSequenceNCBI4NA_NoSentinels	e2e		evidence (b28e42e1): src/core/blast_encoding.rs:456 iupacna_to_ncbi4na (one byte per letter), used by src/algorithm/tblastn/search_seed.rs:144 and src/algorithm/tblastx/blast_engine/run_impl.rs:557; exercised by tests/run_local_tblastx.rs:115 and tests/tblastx…	2026-10-10
blastsetup	GetSequenceNCBI2NA	e2e		evidence (b28e42e1): src/core/blast_encoding.rs:603-621 encode_subject_ncbi2na_packed (codes.len()/4 + 1 bytes, remainder in last byte) used at src/algorithm/blastn/blast_engine/run.rs:5812; exercised by tests/run_local_blastn.rs:119 and tests/blastn_regressio…	2026-10-10
blastsetup	GetGapOnlySequenceNCBI2NA	e2e		evidence (b28e42e1): tests/blastn_regression_fixtures.py:98-99 (ambiguity.default, ambiguity.task_blastn_word7), :282 (dc.ambiguity), :341 (short.ambiguity); tests/tblastx_regression_fixtures.py:101-103 (ambig.fmt6, ambig.fmt6_threads4, ambig.fmt0_threads2); i…	2026-10-10
blastsetup	GetGapInSequenceNCBI2NA	e2e		evidence (b28e42e1): tests/blastn_regression_fixtures.py:98-99 (ambiguity.default, ambiguity.task_blastn_word7), :282 (dc.ambiguity), :341 (short.ambiguity); tests/tblastx_regression_fixtures.py:101-103 (ambig.fmt6, ambig.fmt6_threads4, ambig.fmt0_threads2); i…	2026-10-10
blastsetup	testCalcEffLengths	partial		evidence (b28e42e1): src/algorithm/tblastx/ncbi_cutoffs.rs:680 complete_subject_set_effective_lengths (9 exact (length_adjustment, eff_searchsp) pairs, e.g. (300,900,1)->(19,78961)); src/algorithm/tblastn/stage_d_stats.rs:596 two_local_subjects_use_both_sequen…	2026-10-10
blastsetup	testEffSearchSpaceCalculator_Ungapped	n-a		Ungapped blastp is rejected; the calculator class has no analogue.	2026-10-10
blastsetup	testEffSearchSpaceCalculatorNoSideEffects	n-a		Side-effect check on an object-manager-backed query factory; LOSAT's effective-length functions take lengths only.	2026-10-10
blastsetup	testCalcEffLengthsWithUserSearchSpace	to-port		evidence (b28e42e1): src/algorithm/tblastn/stage_d_stats.rs:161-209 (local_subject_effective_lengths_with_search_spaces: a nonzero search_space becomes eff_searchsp unchanged); src/algorithm/blastn/blast_engine/run.rs:6873-6882 (options_searchsp returned when…	2026-10-10
blastsetup	testMitochondrialGeneticCode	n-a		Genetic code discovery from a Bioseq's BioSource through the object manager has no FASTA analogue; LOSAT's option-driven codes are tested separately.	2026-10-10
blastsetup	testMainSetup	partial		evidence (b28e42e1): src/stats/tables.rs:861 unsupported_scores_have_ncbi_messages (1/-6 -> "Substitution scores 1 and -6 are not supported" = status -1; 2/-5 with 5/2 -> "Gap existence and extension values 5 and 2 are not supported ..." = status 1); src/algor…	2026-10-10
blastsetup	testDeltaSeqSetup	n-a		ASN.1 delta-seq input via the object manager; LOSAT reads FASTA only. The Karlin ungapped calculation itself is exercised by every blastn fixture.	2026-10-10
blastsetup	testSetupWithZeroLengthSequence	to-port		evidence (b28e42e1): src/algorithm/blastx/query_setup.rs:324 (bails with "Warning: Sequence contains no data " only when no context is valid) and src/algorithm/blastx/report.rs:1787 (per-query "Sequence contains no data " warning)	2026-10-10
blastsetup	GetSubjectTranslations	partial		evidence (b28e42e1): src/algorithm/tblastx/translation.rs:160 test_sentinel_positions (aa_seq[0]==0, aa_seq[5]==0, aa_len 4 for 12 nt) and :139 test_generate_frames (sentinels at both ends of every frame); implementation src/algorithm/tblastx/translation.rs:68…	2026-10-10
blastsetup	GetMixedFrameQuery	n-a		Out-of-frame gapped alignment is not implemented.	2026-10-10
blastsetup	GetMixedFrameQueryOnOneStrand	n-a		Out-of-frame gapped alignment is not implemented.	2026-10-10
gapinfo	testGapEditScriptNew	to-port		evidence (b28e42e1): implementation LOSAT/src/algorithm/blastn/alignment/greedy.rs:617 GapEditScript::new(size) (private struct at :609, op_type/num vectors of `size`); no test constructs it; only indirect exercise is LOSAT/src/algorithm/blastn/alignment/greed…	2026-10-10
gapinfo	testGapEditScriptDup	n-a		C memory-management helper replaced by language semantics; nothing observable to assert. Nearest LOSAT test, LOSAT/src/algorithm/tblastn/kappa.rs:500 duplicate_numeric_alignments_keep_distinct_owned_scripts, asserts script ownership transf…	2026-10-10
hspstream	testCollectorHSPStream	partial	LOSAT/src/algorithm/blastn/blast_engine/run.rs::the_collector_keeps_prelim_hitlist_size_subjects_per_query;LOSAT/src/algorithm/blastn/hsp.rs::test_prelim_hitlist_size_gapped;LOSAT/src/algorithm/blastn/hsp.rs::test_hitlist_update_keeps_best;LOSAT/src/algorithm/blastn/hsp.rs::hit_list_heap_keeps_the_best_lists_in_comparator_order	Missing: ascending-OID read-out, Eof after exhaustion, write-after-read rejection, idempotent close, concurrent writers. The most literal port, BLASTX's HspStream (LOSAT/src/algorithm/blastx/results.rs:935; write_observed :1147 splits by c…	2026-10-10
hspstream	testQueueHSPStream	partial	LOSAT/src/algorithm/blastn/blast_engine/run.rs::the_collector_keeps_prelim_hitlist_size_subjects_per_query;LOSAT/src/algorithm/blastn/hsp.rs::test_prelim_hitlist_size_gapped;LOSAT/src/algorithm/blastn/hsp.rs::test_hitlist_update_keeps_best	NCBI's own suite carries a dead duplicate here. LOSAT has no queue writer (hspfilter_queue.c is cited nowhere under LOSAT/src).	2026-10-10
hspstream	testMultiSeqHSPCollector	partial	LOSAT/src/algorithm/blastp/blast_engine.rs::test_merge_blastp_subject_results_replays_subject_index_order;LOSAT/src/algorithm/tblastx/report.rs::hit_list_keeps_ncbis_subjects_on_ties	Missing: the read protocol itself (ascending-OID pop and Eof). It is ported untested in blastx results.rs:1598/:1660 and blastn run.rs:3632 prelim_hits_by_subject, and fixture-only in tblastn stage_d_pipeline.rs:596. The blastp test's inpu…	2026-10-10
linkhsp	testUnevenGapLinkHspsTblastn	partial	LOSAT/src/algorithm/tblastn/stage_d_linking.rs::saved_code1_link_lists_match_ncbi_score_order_num_and_double_evalue	Same observables (order, score, num, E-value bits, count after reap) are asserted, but on NCBI-trace HSP lists with the default longest_intron 40 and chains of at most 2; NCBI's longest_intron 4000 is unreachable because tblastn rejects -m…	2026-10-10
linkhsp	testUnevenGapLinkHspsBlastx	e2e		evidence (b28e42e1): docs/evidence/losat_web_e1a/capture_outputs.py:60-63,164-172 (12 default-option blastx hash cases in docs/evidence/losat_web_e1a/baseline/hashes.tsv); implementation LOSAT/src/algorithm/blastx/linking.rs:711 link_uneven (0 tests in file)	2026-10-10
linkhsp	testUnevenGapLinkHspsMiddleInsertion	to-port		evidence (b28e42e1): LOSAT/src/algorithm/tblastn/stage_d_linking.rs:160 merged_chain and :264 combine_sets; LOSAT/src/algorithm/blastx/linking.rs:400 merged_chain, :649 combine_sets	2026-10-10
linkhsp	testEvenGapLinkHspsTblastn	partial	LOSAT/src/algorithm/tblastx/sum_stats_linking/linking.rs::replay_gives_every_chain_hsp_the_head_count;LOSAT/src/algorithm/tblastx/sum_stats_linking/linking.rs::test_final_link_replay_parallel_matches_sequential_complete_payloads	Even-gap linking is ported for tblastx (linking.rs) and blastx (even_gap.rs:422) but no test asserts expected num/score/E-value for a fixed HSP list; the tblastn program path is unreachable (ungapped tblastn rejected, args.rs:458-459).	2026-10-10
linkhsp	testEvenGapLinkHspsBlastn	n-a		LOSAT blastn has no sum-statistics linking (no link_hsps/sum_stats references under src/algorithm/blastn) and -ungapped is an explicit unsupported option.	2026-10-10
linkhsp	UngappedBlastnCutoffs	n-a		blastn/ncbi_cutoffs.rs:465 test_compute_blastn_cutoff_score_ungapped exists but asserts only >0 and <=max, and the ungapped search (do_sum_stats, link cutoffs) cannot be run.	2026-10-10
linkhsp	UngappedBlastpCutoffs	n-a		No blastp sum statistics or link cutoffs exist; gapped-only components (x_drop 16, gap_trigger 41) are covered under GappedBlastpCutoffs.	2026-10-10
linkhsp	UngappedBlastxCutoffs	partial	LOSAT/src/algorithm/blastx/even_gap.rs::pinned_official_subject_aa_cutoff_boundaries	Covers the two link cutoffs and the small-gap-ignored branch (golden rows with small_gap 0) for 83-aa subjects/db 83 and S08_gap* queries; does not assert x_drop, cutoff_score_ungapped/final or do_sum_stats, nor NCBI's db/subject configura…	2026-10-10
linkhsp	UngappedTblastnCutoffs	n-a		Ungapped tblastn (and therefore its even-gap link cutoffs) is explicitly unsupported.	2026-10-10
linkhsp	UngappedTblastxCutoffs	partial	LOSAT/src/algorithm/tblastx/sum_stats_linking/cutoffs.rs::complete_database_changes_linking_cutoff;LOSAT/src/algorithm/tblastx/ncbi_cutoffs.rs::test_x_drop_raw_score_blosum62;LOSAT/src/algorithm/tblastx/ncbi_cutoffs.rs::test_gap_trigger_raw_score;LOSAT/src/algorithm/tblastx/ncbi_cutoffs.rs::test_cutoff_score_for_update_tblastx	Components are tested separately with synthetic Karlin parameters; no test assembles the full NCBI parameter set for a (db_length, num_seqs, subject_length) configuration or asserts the 72/70/68 hit cutoffs.	2026-10-10
linkhsp	GappedBlastnCutoffs	partial	LOSAT/src/algorithm/blastn/ncbi_cutoffs.rs::test_compute_blastn_cutoff_score_gapped;LOSAT/src/algorithm/blastn/ncbi_cutoffs.rs::test_gap_trigger_raw_score;LOSAT/src/algorithm/blastn/ncbi_cutoffs.rs::test_cutoff_score_max_from_evalue	Only bound assertions at function level; the exact x-drop (11/15/50) and cutoff (13/20/19/10) values and the tiny-db minimum are exercised only through blastn outfmt0/regression fixtures (tests/outfmt0_manifest.tsv, tests/blastn_regression…	2026-10-10
linkhsp	GappedBlastpCutoffs	partial	LOSAT/src/algorithm/tblastx/ncbi_cutoffs.rs::test_x_drop_raw_score_blosum62;LOSAT/src/algorithm/tblastx/ncbi_cutoffs.rs::test_gap_trigger_raw_score	No blastp test asserts gap_x_dropoff 38 / final 64 or the Spouge-derived cutoff 19 for a db configuration; do_sum_stats false is implicit (blastp has no linking).	2026-10-10
linkhsp	GappedBlastxCutoffs	partial	LOSAT/src/algorithm/blastx/stage_c_tests.rs::short_subject_cutoff_uses_adapter_minimum_ten		2026-10-10
linkhsp	GappedTblastnCutoffs	partial	LOSAT/src/algorithm/tblastn/stage_d_stats.rs::computed_code1_default_link_parameters_match_stage_d_call;LOSAT/src/algorithm/tblastn/stage_d_stats.rs::computed_code1_control_parameters_match_stage_c_inputs;LOSAT/src/algorithm/tblastn/stage_d_kappa_params.rs::extension_final_xdrop_uses_option_bits_and_previous_cutoff	Same quantities (do_sum_stats as Some/None, word x-drop, hit/word cutoffs, cutoff_small_gap = word cutoff min) asserted for LOSAT's own trace configurations (subject 6377 nt / 15 Mb), not NCBI's db sizes or expected numbers; gap x-drops 38…	2026-10-10
linkhsp	GappedTblastnVeryShortIntron	to-port		evidence (b28e42e1): LOSAT/src/algorithm/tblastn/stage_d_stats.rs:255-260 ((intron > 0).then_some(...)); LOSAT/src/algorithm/blastx/linking.rs:90-91 (else if max_gap <= 0 { return None; }); LOSAT/src/algorithm/blastx/parameters.rs:420-423	2026-10-10
ntlookup	testStdLookupTable	partial	LOSAT/src/algorithm/blastn/lookup.rs::small_and_standard_cells_list_offsets_in_indexing_order	The LOSAT test asserts the per-cell offsets of a small/standard table built from a toy 8-mer query via build_two_stage_lookup(ascending_cells=true). Missing: the table-kind/width choice (no test calls choose_na_lookup_table), backbone_size…	2026-10-10
ntlookup	testMegablastLookupTable	partial	LOSAT/src/algorithm/blastn/lookup.rs::small_and_standard_cells_list_offsets_in_indexing_order	Only the newest-first chain semantics are asserted, on a toy query. Missing: kind/width choice for word 28, hashsize, word_length, scan_step 18, longest_chain, pv_array_bts, hashtable values, pv hash. E2E: LOSAT/tests/megablast_xdrop.rs (f…	2026-10-10
ntlookup	testDiscontiguousMBLookupTableCodingWordSize11	partial	LOSAT/src/algorithm/blastn/disc_lookup.rs::templates_select_the_documented_positions;LOSAT/src/algorithm/blastn/lookup.rs::words_are_indexed_newest_first_with_one_based_starts	Missing: chooser result for (11,16,coding) (template_choice_follows_weight_length_and_type at disc_lookup.rs:1501 asserts only (11,18) and (12,21)), hashsize, scan_step, longest_chain = max(helper)+1 (lookup.rs:2093-2097), pv_array_bts, ce…	2026-10-10
ntlookup	testDiscontiguousMBLookupTableCodingWordSize12	partial	LOSAT/src/algorithm/blastn/disc_lookup.rs::templates_select_the_documented_positions;LOSAT/src/algorithm/blastn/lookup.rs::words_are_indexed_newest_first_with_one_based_starts	Missing: chooser result for (12,16,coding), hashsize 4^12, scan_step, longest_chain, pv_array_bts 10 (compute_mb_pv_params lookup.rs:469-500 untested), cell values, pv hash. E2E: manifest.tsv:120 dc.w12_coding_16, :159 dc.div_w12_coding_16.	2026-10-10
ntlookup	testDiscontiguousMBLookupTableOptimalWordSize11	partial	LOSAT/src/algorithm/blastn/disc_lookup.rs::templates_select_the_documented_positions;LOSAT/src/algorithm/blastn/disc_lookup.rs::template_choice_follows_weight_length_and_type	Missing: chooser result for (11,16,optimal), hashsize, scan_step, longest_chain, pv_array_bts, cell values, pv hash. E2E: manifest.tsv:114 dc.w11_optimal_16, :153 dc.div_w11_optimal_16; outfmt0_manifest.tsv:86 dc.optimal16.	2026-10-10
ntlookup	testDiscontiguousMBLookupTableOptimalWordSize12	partial	LOSAT/src/algorithm/blastn/disc_lookup.rs::templates_select_the_documented_positions	Missing: chooser result for (12,16,optimal), hashsize, scan_step, longest_chain, pv_array_bts, cell values, pv hash. E2E: manifest.tsv:123 dc.w12_optimal_16, :162 dc.div_w12_optimal_16, :170 dc.div_w12_optimal_16_fmt7.	2026-10-10
ntlookup	testDiscontiguousMBLookupTableTwoTemplatesWordSize11	partial	LOSAT/src/algorithm/blastn/lookup.rs::words_are_indexed_newest_first_with_one_based_starts;LOSAT/src/algorithm/blastn/disc_lookup.rs::template_choice_follows_weight_length_and_type	Missing: the (11,16) combination, the longest_chain = (lc1+1)+(lc2+1) value, hashsize, pv_array_bts, pv hash, real-query cell values. E2E: manifest.tsv:117 dc.w11_coding_and_optimal_16, :156 dc.div_w11_coding_and_optimal_16, :132 dc.small_…	2026-10-10
ntlookup	testHashLookupTableWordSize16	n-a		LOSAT implements blastn/megablast/dc-megablast/blastn-short only; there is no magicblast/mapping program, so the hashed nucleotide table has no analogue.	2026-10-10
ntlookup	testHashLookupTableWordSize16WithDbFilter	n-a		The db-filter code that does exist (for the contiguous MB table, blast_nalookup.c:1047-1059 port) is unreachable from any entry point and untested.	2026-10-10
ntlookup	testHashLookupTableMissingSeqSrc	n-a		Nothing to port while magicblast is out of LOSAT's program set.	2026-10-10
ntlookup	testStdLookupTableDebruijn	to-port		evidence (b28e42e1): implementation LOSAT/src/algorithm/blastn/coordination.rs:763-766 (Small->Na fallback at 32767/32768), :801-804 (lut width == word -> direct table), LOSAT/src/algorithm/blastn/lookup.rs:1061 (build_pv_direct_lookup, the table LOSAT builds…	2026-10-10
ntlookup	testMegablastLookupTableDebruijn	to-port		evidence (b28e42e1): implementation LOSAT/src/algorithm/blastn/coordination.rs:752-760 (default word case -> Mb 12), LOSAT/src/algorithm/blastn/lookup.rs:1626 (build_mb_lookup), :1743-1744 (hashtable/next_pos), :1788 (longest_chain floor 2), :469-500 (pv_array…	2026-10-10
ntlookup	testStdTableSmallUnmaskedRegion	to-port		evidence (b28e42e1): implementation LOSAT/src/algorithm/blastn/lookup.rs:1705 (build_mb_lookup `if word_length > range_len { continue; }`, the path for Small width 8 < word 28 via build_two_stage_lookup, LOSAT/src/algorithm/blastn/coordination.rs:801-802), loo…	2026-10-10
ntlookup	testMegablastTableSmallUnmaskedRegion	to-port		evidence (b28e42e1): implementation LOSAT/src/algorithm/blastn/lookup.rs:1705 (build_mb_lookup segment skip), :1788 (longest_chain floor 2), LOSAT/src/algorithm/blastn/coordination.rs:752-760 (word 28 -> Mb), :811 (scan_step 18)	2026-10-10
nuclwordfinder	testWordFinder_8_Aligned_Diag	e2e		evidence (b28e42e1): Implementation: run.rs:8105-8232 (word extension, generic s_BlastNaExtend variant), run.rs:8344 (diag-array last_hit/flag), run.rs:8854-8876 (exact/approx dispatch), extension.rs:727 extend_hit_ungapped_approx_ncbi, extension.rs:104 extend…	2026-10-10
nuclwordfinder	testWordFinder_8_Aligned_Stacks	e2e		evidence (b28e42e1): Implementation: DiagHashTable run.rs:750-893 (retrieve :791, insert :843), container choice run.rs:7698 (query block > 8000), hash path run.rs:8348. Exercised only end to end: LOSAT/tests/outfmt0_manifest.tsv:83 (dc.default, 20 kb query, '…	2026-10-10
nuclwordfinder	testWordFinder_8_Diag	e2e		evidence (b28e42e1): Implementation handles any offset: run.rs:8105-8232 (port of na_ungapped.c:1093-1144). Exercised only by frozen outputs: LOSAT/tests/blastn_regression_fixtures.py:74, :91, :96 via LOSAT/tests/fixtures/blastn_regression/manifest.tsv.	2026-10-10
nuclwordfinder	testWordFinder_8_Stacks	e2e		evidence (b28e42e1): run.rs:750-893 (DiagHashTable), run.rs:7698; e2e only: LOSAT/tests/outfmt0_manifest.tsv:83, LOSAT/tests/blastn_regression_fixtures.py:96-97.	2026-10-10
nuclwordfinder	testWordFinder_12_Diag_NoUngap	n-a		The seed-count observable (88) depends on an option that no LOSAT program can set; no port, no test.	2026-10-10
nuclwordfinder	testWordFinder_12_Stacks_NoUngap	n-a		Same as case 5.	2026-10-10
nuclwordfinder	testWordFinder_12_Diag	e2e		evidence (b28e42e1): Implementation: run.rs:8306-8307 (word_length == lut_word_length: no word extension), extension.rs:996 (type_of_word returns 1). Exercised only end to end where lut width == word size (NCBI picks lut_width = word_size for word sizes 4-7, b…	2026-10-10
nuclwordfinder	testWordFinder_12_Stacks	e2e		evidence (b28e42e1): run.rs:8306-8307 with the hash path run.rs:8348/8820 (diag_hash.insert); e2e only: LOSAT/tests/outfmt0_manifest.tsv:83 (dc.default: Direct path with diagonal hash, discontiguous variant), run.rs:7698 for the container rule.	2026-10-10
nuclwordfinder	testWordFinder_Discontig_Direct_Diag_NoUngap	n-a		The discontiguous two-hit path itself is ported (see case 11); this case's observables (count without extension, hits_extended) are not.	2026-10-10
nuclwordfinder	testWordFinder_Discontig_Direct_Stacks_NoUngap	n-a		Same as case 9.	2026-10-10
nuclwordfinder	testWordFinder_Discontig_Direct_Diag	e2e		evidence (b28e42e1): Implementation: discontiguous scan with template_length as word length run.rs:2842-2865, two-hit run.rs:7881 and :8475, off-diagonal search run.rs:8566-8620, type_of_word extension.rs:972. Exercised only by frozen outputs: LOSAT/tests/blas…	2026-10-10
nuclwordfinder	testWordFinder_Discontig_Direct_Stacks	e2e		evidence (b28e42e1): Implementation: second copy of the hash extension for the discontiguous branch run.rs:9221 (branch), :9564-9615 (retrieve/insert window), :9825-9845 (off-diagonal). Exercised only end to end: LOSAT/tests/outfmt0_manifest.tsv:83 (dc.default…	2026-10-10
nuclwordfinder	testHitAtEndOfSubject	to-port		evidence (b28e42e1): Implemented at run.rs:8232 (`if s_off + (ext_to - ext_left) > s_range { continue; }`, port of na_ungapped.c:1123 for the generic variant); no test targets the subject-end bound of the word extension.	2026-10-10
optionshandle	Set_Get_MaskAtHash_Universal	partial	LOSAT/src/algorithm/tblastn/args.rs::ordinary_defaults_and_code32_are_accepted	NCBI's -soft_masking is SetMaskAtHash (blast_args.cpp:390). Only TBLASTN round-trips it; BLASTN/BLASTP/TBLASTX reject -soft_masking (LOSAT/src/cli.rs:252, :318, :585) and BLASTX's field (blastx/args.rs:144) is not asserted.	2026-10-10
optionshandle	Set_Get_GapXDropoff_Universal	to-port		evidence (b28e42e1): impl LOSAT/src/algorithm/tblastn/args.rs:91 (-xdrop_gap), :285-287 (resolved xdrop_gap); no test passes -xdrop_gap (the only test mention is BLASTP's rejection of -xdrop_gap_final at LOSAT/tests/cli_v2.rs:788); BLASTN/BLASTP/BLASTX reject…	2026-10-10
optionshandle	Set_Get_GapTrigger_Universal	n-a		No LOSAT option sets the gap trigger; NCBI's command line does not expose it either (API only).	2026-10-10
optionshandle	Set_Get_HitlistSize_Universal	partial	LOSAT/tests/unit/blastn/args.rs::test_custom_max_target_seqs;LOSAT/src/algorithm/blastx/args.rs::omission_and_explicit_target_count_remain_distinct;LOSAT/src/algorithm/tblastn/args.rs::ordinary_defaults_and_code32_are_accepted	Missing: a non-default -max_target_seqs asserted on the resolved hitlist size (the explicit value tested equals the default).	2026-10-10
optionshandle	Set_Get_MaxNumHspPerSequence_Universal	partial	LOSAT/tests/cli_v2.rs::numeric_values_are_validated_before_io;LOSAT/src/algorithm/blastp/args.rs::test_default_blastp_options_resolve_to_ncbi_defaults	Missing: a given -max_hsps value read back from the resolved options; TBLASTN/TBLASTX reject -max_hsps (src/cli.rs:511, :569).	2026-10-10
optionshandle	Set_Get_EvalueThreshold_Universal	ported	LOSAT/tests/unit/tblastx/args.rs::test_custom_evalue;LOSAT/src/algorithm/blastp/args.rs::test_blastp_short_task_resolves_ncbi_defaults;LOSAT/src/algorithm/blastp/args.rs::test_blastp_fast_task_resolves_ncbi_defaults;LOSAT/tests/cli_v2.rs::defaults_and_task_overrides_remain_distinct;LOSAT/src/algorithm/blastn/coordination.rs::task_defaults_follow_ncbi_handles		2026-10-10
optionshandle	Set_Get_CutoffScore_Universal	n-a		-min_raw_gapped_score rejected (LOSAT/src/cli.rs:234); cutoff_score exists only as a computed engine value (LOSAT/src/algorithm/tblastn/stage_d_kappa_params.rs:164)	2026-10-10
optionshandle	Set_Get_PercentIdentity_Universal	to-port		evidence (b28e42e1): impl LOSAT/src/algorithm/blastn/args.rs:93-94 (-perc_identity, default 0.0) consumed by LOSAT/src/algorithm/blastn/filtering/purge_endpoints.rs:1560; no test passes -perc_identity (the only percent-identity tests format the output: LOSAT/s…	2026-10-10
optionshandle	Set_Get_GappedMode_Universal	partial	LOSAT/src/algorithm/blastp/args.rs::test_ungapped_with_composition_based_stats_is_rejected;LOSAT/src/algorithm/blastp/args.rs::test_default_blastp_options_resolve_to_ncbi_defaults;LOSAT/src/algorithm/tblastn/args.rs::ncbi_checks_and_losat_limits_are_explicit	Missing: resolved.ungapped == true asserted after -ungapped. BLASTN rejects -ungapped (src/cli.rs:259; tests/cli_v2.rs:516).	2026-10-10
optionshandle	Set_Get_Culling_Universal	to-port		evidence (b28e42e1): impl LOSAT/src/algorithm/tblastx/args.rs:137 and LOSAT/src/algorithm/blastx/args.rs:180 (-culling_limit); no test passes it (LOSAT/tests/unit/tblastx/run_engine.rs:60 only builds a struct literal with culling_limit: 0); BLASTN/BLASTP/TBLAS…	2026-10-10
optionshandle	BlastnTest	ported	LOSAT/tests/unit/blastn/args.rs::given_scores_replace_the_task_defaults_even_when_equal_to_megablast_ones		2026-10-10
optionshandle	BlastnShortTest	ported	LOSAT/src/algorithm/blastn/coordination.rs::task_defaults_follow_ncbi_handles		2026-10-10
optionshandle	MegablastTest	ported	LOSAT/tests/unit/blastn/args.rs::test_default_values;LOSAT/tests/unit/blastn/args.rs::given_scores_replace_the_task_defaults_even_when_equal_to_megablast_ones		2026-10-10
optionshandle	DCMegablastTest	ported	LOSAT/src/algorithm/blastn/coordination.rs::task_defaults_follow_ncbi_handles		2026-10-10
optionshandle	CaseSensitiveTest	n-a		Case-insensitive lookup exists only in the C++ factory; NCBI's command line constrains -task with a case-sensitive CArgAllowStringSet (blast_args.cpp:3158-3163) and LOSAT ports and tests that CLI rule, so the factory behavior has no reacha…	2026-10-10
optionshandle	BadNameTest	ported	LOSAT/tests/cli_v2.rs::defaults_and_task_overrides_remain_distinct;LOSAT/tests/cli_v2.rs::numeric_values_are_validated_before_io		2026-10-10
optionshandle	BlastpTest	ported	LOSAT/src/algorithm/blastp/args.rs::test_default_blastp_options_resolve_to_ncbi_defaults		2026-10-10
optionshandle	BlastpFastTest	ported	LOSAT/src/algorithm/blastp/args.rs::test_blastp_fast_task_resolves_ncbi_defaults;LOSAT/tests/cli_v2.rs::defaults_and_task_overrides_remain_distinct		2026-10-10
optionshandle	BlastpLookupTableType	partial	LOSAT/src/algorithm/blastp/args.rs::test_word_size_above_four_selects_compressed_lookup_thresholds	Missing: word size 6 (21), the switch back to eAaLookupTable for 2 and 3, and the handle's 20 for word size 5. LOSAT follows the CLI handler (blast_args.cpp:586-600 sets 19.3 for -word_size 5), so the handle-level 20 is reachable only via…	2026-10-10
optionshandle	BlastpShortTest	ported	LOSAT/src/algorithm/blastp/args.rs::test_blastp_short_task_resolves_ncbi_defaults		2026-10-10
optionshandle	BlastxTest	to-port		evidence (b28e42e1): impl LOSAT/src/algorithm/blastx/args.rs:806 (word_size.unwrap_or(3)), :837 (matrix "BLOSUM62"); the file's two tests (:1024 cli_acceptance_precedes_core_validation, :1050 omission_and_explicit_target_count_remain_distinct) and LOSAT/tests/…	2026-10-10
optionshandle	TblastnTest	ported	LOSAT/src/algorithm/tblastn/args.rs::ordinary_defaults_and_code32_are_accepted		2026-10-10
optionshandle	TblastxTest	partial	LOSAT/tests/unit/tblastx/args.rs::test_default_values	Missing: the matrix name. TBLASTX's BLOSUM62 is implicit (no -matrix option, no resolved field); only the outfmt0 fixtures (e.g. LOSAT/tests/fixtures/outfmt0/tblastx.mts1.0.out, 'Matrix: BLOSUM62') show it end-to-end.	2026-10-10
optionshandle	KBlastpTest	n-a		No kblastp/kmer prefilter in LOSAT (grep 'kblastp' over LOSAT/src and tests: no hits); blastp -task accepts only blastp, blastp-fast, blastp-short (LOSAT/src/algorithm/blastp/args.rs:230)	2026-10-10
optionshandle	Set_Get_WordThreshold_Protein	ported	LOSAT/tests/unit/tblastx/args.rs::test_custom_threshold		2026-10-10
optionshandle	Set_Get_WordSize_Protein	partial	LOSAT/tests/unit/tblastx/args.rs::test_custom_word_size;LOSAT/src/algorithm/blastp/args.rs::test_word_size_above_four_selects_compressed_lookup_thresholds;LOSAT/src/algorithm/tblastn/args.rs::ordinary_defaults_and_code32_are_accepted;LOSAT/src/algorithm/tblastn/args.rs::ncbi_checks_and_losat_limits_are_explicit	Missing: a non-default protein word size read back as the word size.	2026-10-10
optionshandle	Set_Get_WindowSize_Protein	partial	LOSAT/src/algorithm/blastp/args.rs::test_default_blastp_options_resolve_to_ncbi_defaults;LOSAT/src/algorithm/blastp/args.rs::test_blastp_short_task_resolves_ncbi_defaults;LOSAT/src/algorithm/blastp/args.rs::test_matrix_resolution_updates_gap_threshold_and_window_defaults;LOSAT/src/algorithm/tblastn/args.rs::ordinary_defaults_and_code32_are_accepted;LOSAT/tests/cli_v2.rs::numeric_values_are_validated_before_io	Missing: an explicit -window_size value asserted on the resolved options; only matrix-derived defaults are asserted.	2026-10-10
optionshandle	Set_Get_XDropoff_Protein	n-a		-xdrop_ungap rejected by every program (LOSAT/src/cli.rs:267, :328, :535, :595, :641; LOSAT/src/algorithm/tblastn/args.rs:1176); the ungapped X-drop is a constant (LOSAT/src/algorithm/tblastx/constants.rs:16-22; LOSAT/tests/unit/tblastx/co…	2026-10-10
optionshandle	Set_Get_GapXDropoffFinal_Protein	to-port		evidence (b28e42e1): impl LOSAT/src/algorithm/tblastn/args.rs:93 (-xdrop_gap_final), :288-290; no test passes it; BLASTP rejects it (LOSAT/tests/cli_v2.rs:788)	2026-10-10
optionshandle	Set_Get_DbLength_Protein	n-a		NCBI exposes DbSeqNum only through the API.	2026-10-10
optionshandle	Set_Get_DbSeqNum_Protein	n-a		NCBI exposes DbSeqNum only through the API.	2026-10-10
optionshandle	Set_Get_EffectiveSearchSpace_Protein	n-a		NCBI exposes DbSeqNum only through the API.	2026-10-10
optionshandle	Set_Get_SegFiltering_Protein	ported	LOSAT/src/algorithm/blastp/args.rs::test_seg_yes_no_and_custom_parser;LOSAT/tests/cli_v2.rs::filtering_has_exactly_one_shared_value_grammar		2026-10-10
optionshandle	Set_Get_SegFilteringWindow_Protein	ported	LOSAT/tests/unit/tblastx/args.rs::test_seg_options;LOSAT/src/algorithm/blastp/args.rs::test_seg_yes_no_and_custom_parser;LOSAT/tests/cli_v2.rs::filtering_has_exactly_one_shared_value_grammar		2026-10-10
optionshandle	Get_SegWindowWithSegOptionsUnallocated_Protein	partial	LOSAT/src/algorithm/blastp/args.rs::test_seg_yes_no_and_custom_parser;LOSAT/tests/cli_v2.rs::filtering_has_exactly_one_shared_value_grammar;LOSAT/src/blastinput/app.rs::seg_values_follow_ncbis_filtering_handler	Missing: an assertion that params() is None for SegSpec::No (None replaces NCBI's -1 sentinel).	2026-10-10
optionshandle	Set_Get_SegFilteringLocut_Protein	ported	LOSAT/tests/unit/tblastx/args.rs::test_seg_options;LOSAT/src/algorithm/blastp/args.rs::test_seg_yes_no_and_custom_parser;LOSAT/tests/cli_v2.rs::filtering_has_exactly_one_shared_value_grammar		2026-10-10
optionshandle	Get_SegLocutWithSegOptionsUnallocated_Protein	partial	LOSAT/src/algorithm/blastp/args.rs::test_seg_yes_no_and_custom_parser;LOSAT/tests/cli_v2.rs::filtering_has_exactly_one_shared_value_grammar;LOSAT/src/blastinput/app.rs::seg_values_follow_ncbis_filtering_handler	Missing: an assertion that params() is None for SegSpec::No (None replaces NCBI's -1 sentinel).	2026-10-10
optionshandle	Set_Get_SegFilteringHicut_Protein	ported	LOSAT/tests/unit/tblastx/args.rs::test_seg_options;LOSAT/src/algorithm/blastp/args.rs::test_seg_yes_no_and_custom_parser;LOSAT/tests/cli_v2.rs::filtering_has_exactly_one_shared_value_grammar		2026-10-10
optionshandle	Get_SegHicutWithSegOptionsUnallocated_Protein	partial	LOSAT/src/algorithm/blastp/args.rs::test_seg_yes_no_and_custom_parser;LOSAT/tests/cli_v2.rs::filtering_has_exactly_one_shared_value_grammar;LOSAT/src/blastinput/app.rs::seg_values_follow_ncbis_filtering_handler	Missing: an assertion that params() is None for SegSpec::No (None replaces NCBI's -1 sentinel).	2026-10-10
optionshandle	Set_Get_MatrixName_Protein	ported	LOSAT/src/algorithm/blastp/args.rs::test_matrix_resolution_updates_gap_threshold_and_window_defaults		2026-10-10
optionshandle	Set_Get_GapOpeningCost_Protein	ported	LOSAT/src/algorithm/blastp/args.rs::test_explicit_gap_values_override_matrix_defaults_independently		2026-10-10
optionshandle	Set_Get_GapExtensionCost_Protein	partial	LOSAT/src/algorithm/tblastn/args.rs::ncbi_checks_and_losat_limits_are_explicit;LOSAT/tests/unit/blastn/args.rs::test_custom_scoring_parameters;LOSAT/tests/unit/blastn/args.rs::given_scores_replace_the_task_defaults_even_when_equal_to_megablast_ones	Missing: a protein resolved.gap_extend asserted after an explicit -gapextend (blastp/args.rs:908 asserts the matrix default 1 instead).	2026-10-10
optionshandle	Set_Get_WordThreshold_PSIBlast	n-a		PSI-BLAST is not implemented; -in_pssm is rejected (LOSAT/src/cli.rs:509; LOSAT/src/algorithm/tblastn/args.rs:1173-1182)	2026-10-10
optionshandle	Set_Get_InclusionThreshold_PSIBlast	n-a		PSI-BLAST is not implemented; -in_pssm is rejected (LOSAT/src/cli.rs:509; LOSAT/src/algorithm/tblastn/args.rs:1173-1182)	2026-10-10
optionshandle	Set_Get_SegFiltering_PSIBlast	n-a		PSI-BLAST is not implemented; -in_pssm is rejected (LOSAT/src/cli.rs:509; LOSAT/src/algorithm/tblastn/args.rs:1173-1182)	2026-10-10
optionshandle	Set_Get_SegFilteringWindow_PSIBlast	n-a		PSI-BLAST is not implemented; -in_pssm is rejected (LOSAT/src/cli.rs:509; LOSAT/src/algorithm/tblastn/args.rs:1173-1182)	2026-10-10
optionshandle	Set_Get_CompositionBasedStats_AdvancedProtein	partial	LOSAT/src/algorithm/blastp/args.rs::test_comp_based_stats_parser_supports_ncbi_modes;LOSAT/src/algorithm/blastp/args.rs::test_default_blastp_options_resolve_to_ncbi_defaults;LOSAT/tests/cli_v2.rs::composition_tokens_follow_ncbis_first_character_rule	Missing: a non-default mode asserted on the resolved options; LOSAT's BLASTP searches only with mode 2.	2026-10-10
optionshandle	Set_Get_SmithWatermanMode_AdvancedProtein	partial	LOSAT/src/algorithm/blastp/args.rs::test_default_blastp_options_resolve_to_ncbi_defaults;LOSAT/tests/cli_v2.rs::flags_and_value_tokens_are_not_reinterpreted;LOSAT/tests/cli_v2.rs::numeric_values_are_validated_before_io	Missing: resolved.use_sw_tback == true asserted; the Smith-Waterman traceback itself is not implemented (TBLASTN/BLASTX reject the flag: src/cli.rs:533, :647).	2026-10-10
optionshandle	Set_Get_LookupTableType_BlastNucl	partial	LOSAT/src/algorithm/blastn/scoring.rs::discontiguous_templates_are_checked_after_the_word_size_limit	No setter exists (NCBI's CLI has none either); the per-task type is observable only through the validation message.	2026-10-10
optionshandle	Set_Get_WordSize_BlastNucl	ported	LOSAT/tests/unit/blastn/args.rs::given_scores_replace_the_task_defaults_even_when_equal_to_megablast_ones;LOSAT/src/algorithm/blastn/coordination.rs::task_defaults_follow_ncbi_handles;LOSAT/tests/unit/blastn/args.rs::test_custom_word_size		2026-10-10
optionshandle	Set_Get_StrandOption_BlastNucl	n-a		BLASTN rejects -strand (LOSAT/src/cli.rs:255; LOSAT/tests/cli_v2.rs:515); BLASTX implements -strand (LOSAT/src/algorithm/blastx/args.rs:207) but no test reads it back	2026-10-10
optionshandle	Set_Get_WindowSize_BlastNucl	partial	LOSAT/src/algorithm/blastn/coordination.rs::task_defaults_follow_ncbi_handles	No setter; only the task-derived value is asserted.	2026-10-10
optionshandle	Set_Get_XDropoff_BlastNucl	n-a		-xdrop_ungap rejected (LOSAT/src/cli.rs:267); X_DROP_UNGAPPED is a constant (LOSAT/tests/unit/blastn/constants.rs:7-10 asserts 20)	2026-10-10
optionshandle	Set_Get_GapXDropoffFinal_BlastNucl	partial	LOSAT/src/algorithm/blastn/coordination.rs::task_defaults_follow_ncbi_handles;LOSAT/tests/unit/blastn/constants.rs::test_x_drop_constants	No setter; only the fixed per-task value is asserted.	2026-10-10
optionshandle	Set_Get_GapExtnAlgorithm_BlastNucl	partial	LOSAT/src/algorithm/blastn/coordination.rs::task_defaults_follow_ncbi_handles	No setter; the algorithm is fixed by task. The NCBI assertion that changing the algorithm leaves the gap costs unchanged has no direct analogue (costs and algorithm are asserted side by side for one task).	2026-10-10
optionshandle	Set_Get_GapTracebackAlgorithm_BlastNucl	partial	LOSAT/src/algorithm/blastn/coordination.rs::task_defaults_follow_ncbi_handles	No setter; the algorithm is fixed by task. The NCBI assertion that changing the algorithm leaves the gap costs unchanged has no direct analogue (costs and algorithm are asserted side by side for one task).	2026-10-10
optionshandle	Set_Get_MatchReward_BlastNucl	ported	LOSAT/tests/unit/blastn/args.rs::given_scores_replace_the_task_defaults_even_when_equal_to_megablast_ones;LOSAT/tests/unit/blastn/args.rs::test_custom_scoring_parameters		2026-10-10
optionshandle	Set_Get_MismatchPenalty_BlastNucl	ported	LOSAT/tests/unit/blastn/args.rs::given_scores_replace_the_task_defaults_even_when_equal_to_megablast_ones;LOSAT/tests/unit/blastn/args.rs::test_custom_scoring_parameters		2026-10-10
optionshandle	Set_Get_MatrixName_BlastNucl	n-a		LOSAT's BLASTN has no -matrix; NCBI's nucleotide matrix scoring belongs to rmblastn, which LOSAT rejects (LOSAT/src/blastinput/value_parsers.rs:441-443; LOSAT/tests/cli_v2.rs:350)	2026-10-10
optionshandle	Set_Get_GapOpeningCost_BlastNucl	ported	LOSAT/tests/unit/blastn/args.rs::given_scores_replace_the_task_defaults_even_when_equal_to_megablast_ones;LOSAT/tests/unit/blastn/args.rs::test_custom_scoring_parameters		2026-10-10
optionshandle	Set_Get_GapExtensionCost_BlastNucl	ported	LOSAT/tests/unit/blastn/args.rs::given_scores_replace_the_task_defaults_even_when_equal_to_megablast_ones;LOSAT/tests/unit/blastn/args.rs::test_custom_scoring_parameters		2026-10-10
optionshandle	Set_Get_EffectiveSearchSpace_BlastNucl	n-a		-searchsp rejected (LOSAT/src/cli.rs:249)	2026-10-10
optionshandle	Set_Get_DustFiltering_BlastNucl	ported	LOSAT/tests/unit/blastn/args.rs::test_dust_options;LOSAT/tests/cli_v2.rs::filtering_has_exactly_one_shared_value_grammar		2026-10-10
optionshandle	Set_Get_DustFilteringLevel_BlastNucl	ported	LOSAT/tests/unit/blastn/args.rs::test_dust_options;LOSAT/tests/cli_v2.rs::filtering_has_exactly_one_shared_value_grammar		2026-10-10
optionshandle	Get_DustLevelWithDustOptionsUnallocated_BlastNucl	partial	LOSAT/tests/cli_v2.rs::filtering_has_exactly_one_shared_value_grammar;LOSAT/src/algorithm/blastn/coordination.rs::task_defaults_follow_ncbi_handles	Missing: an assertion that params() is None for DustSpec::No.	2026-10-10
optionshandle	Set_Get_DustFilteringWindow_BlastNucl	ported	LOSAT/tests/unit/blastn/args.rs::test_dust_options;LOSAT/tests/cli_v2.rs::filtering_has_exactly_one_shared_value_grammar		2026-10-10
optionshandle	Get_DustWindowWithDustOptionsUnallocated_BlastNucl	partial	LOSAT/tests/cli_v2.rs::filtering_has_exactly_one_shared_value_grammar;LOSAT/src/algorithm/blastn/coordination.rs::task_defaults_follow_ncbi_handles	Missing: an assertion that params() is None for DustSpec::No.	2026-10-10
optionshandle	Set_Get_DustFilteringLinker_BlastNucl	ported	LOSAT/tests/unit/blastn/args.rs::test_dust_options;LOSAT/tests/cli_v2.rs::filtering_has_exactly_one_shared_value_grammar		2026-10-10
optionshandle	Get_DustLinkerWithDustOptionsUnallocated_BlastNucl	partial	LOSAT/tests/cli_v2.rs::filtering_has_exactly_one_shared_value_grammar;LOSAT/src/algorithm/blastn/coordination.rs::task_defaults_follow_ncbi_handles	Missing: an assertion that params() is None for DustSpec::No.	2026-10-10
optionshandle	Set_Get_RepeatFiltering_BlastNucl	n-a		-filtering_db, -window_masker_db, -window_masker_taxid rejected (LOSAT/src/cli.rs:227, :262-263)	2026-10-10
optionshandle	Set_Get_RepeatFilteringDB_BlastNucl	n-a		-filtering_db, -window_masker_db, -window_masker_taxid rejected (LOSAT/src/cli.rs:227, :262-263)	2026-10-10
optionshandle	Set_Get_TemplateLength_DiscNucleotide	ported	LOSAT/src/algorithm/blastn/coordination.rs::task_defaults_follow_ncbi_handles;LOSAT/tests/cli_v2.rs::defaults_and_task_overrides_remain_distinct		2026-10-10
optionshandle	Set_Get_TemplateType_DiscNucleotide	ported	LOSAT/src/algorithm/blastn/coordination.rs::task_defaults_follow_ncbi_handles;LOSAT/tests/cli_v2.rs::defaults_and_task_overrides_remain_distinct		2026-10-10
optionshandle	Set_Get_WordSize_DiscNucleotide	partial	LOSAT/src/algorithm/blastn/scoring.rs::discontiguous_templates_are_checked_after_the_word_size_limit	LOSAT ports the core check (blast_options.c) with its message, not the handle's; the accepted 12 is asserted as is_ok, not read back for dc-megablast (coordination.rs:1439 reads 12 back for megablast).	2026-10-10
optionshandle	Set_Get_QueryCoverageHspPercentage	n-a		-qcov_hsp_perc rejected by every program (LOSAT/src/cli.rs:246, :312, :521, :579, :634)	2026-10-10
querydata	ObjMgr_QueryFactory_LocalData_GetSumOfSequenceLengths	partial	LOSAT/src/algorithm/blastn/query_split.rs::the_chunk_count_and_size_are_ncbis;LOSAT/src/algorithm/blastn/query_split.rs::small_chunks_cover_the_queries_with_the_overlap;LOSAT/src/algorithm/blastx/stage_c_tests.rs::multiple_queries_and_ungapped_do_not_split	LOSAT only uses the sum to size query splits (also cited at LOSAT/src/blastinput/app.rs:530,601); no test asserts the sum itself and nothing exercises a chromosome-scale query.	2026-10-10
querydata	ObjMgr_QueryFactory_LocalDataFromTSeqLocVector_Protein	partial	LOSAT/src/algorithm/tblastx/lookup/backbone.rs::test_prepare_lookup_query_shares_single_boundary_sentinel_and_context_offsets;LOSAT/src/algorithm/blastp/encoding.rs::test_encode_protein_sequence_adds_sentinels;LOSAT/src/algorithm/blastp/encoding.rs::test_ncbistdaa_to_ascii_roundtrip	Local sequence-block layout and ncbistdaa encoding are asserted, but on synthetic 3-residue queries with no independent reference residues, no query-messages check, and no caching check (NCBI object plumbing). The remote half (Bioseq-set f…	2026-10-10
querydata	ObjMgr_QueryFactory_LocalDataFromTSeqLocVector_Nucleotide	e2e		evidence (b28e42e1): LOSAT/tests/run_local_blastn.rs:309 a_lowercase_query_finds_the_same_hits_on_both_strands (whole-search, cites blast_setup_cxx.cpp:977,989); frozen LOSAT/tests/blastn_regression_fixtures.py:109-111 pal.* (X+revcomp(X) queries, outputs LOSA…	2026-10-10
querydata	ObjMgr_QueryFactory_LocalDataFromBlastQueryVector_Protein	partial	LOSAT/src/algorithm/tblastx/lookup/backbone.rs::test_prepare_lookup_query_shares_single_boundary_sentinel_and_context_offsets;LOSAT/src/algorithm/blastp/encoding.rs::test_encode_protein_sequence_adds_sentinels	The TSeqLocVector-vs-CBlastQueryVector axis is NCBI container plumbing; LOSAT has one input path (FASTA records), so this case adds nothing beyond its TSeqLocVector twin.	2026-10-10
querydata	ObjMgr_QueryFactory_LocalDataFromBlastQueryVector_Nucleotide	e2e		evidence (b28e42e1): LOSAT/tests/run_local_blastn.rs:309; LOSAT/tests/blastn_regression_fixtures.py:109-116 with LOSAT/tests/fixtures/blastn_regression/sq.default.out	2026-10-10
querydata	ObjMgr_QueryFactory_RemoteData_SingleBioseqFromTSeqLocVector	n-a		Remote BLAST and ASN.1 Bioseq-set construction are outside LOSAT's scope. The local half of this case equals a single-query version of the Protein cases (partial coverage at backbone.rs:1592 and blastp/encoding.rs:136).	2026-10-10
querydata	ObjMgr_QueryFactory_RemoteData_SingleBioseqFromBlastQueryVector	n-a		Remote search not in scope; container-plumbing twin of the previous case.	2026-10-10
querydata	ObjMgr_QueryFactory_EmptyTSeqLocVector	e2e		evidence (b28e42e1): LOSAT/tests/tblastx_regression_fixtures.py:88-90 (empty.query_fmt0, empty.query_fmt7, empty.blank_query_fmt6; frozen LOSAT/tests/fixtures/tblastx_regression/empty.query_fmt0.err) and 157-166 (input.*_empty_query); implementation 'Query is…	2026-10-10
querydata	ObjMgr_QueryFactory_EmptyBlastQueryVector	e2e		evidence (b28e42e1): LOSAT/src/algorithm/blastx/native.rs:280-290 (quotes objmgr_query_data.cpp:375-380 and returns engine("Empty CBlastQueryVector") for an empty subject batch); frozen LOSAT/tests/tblastx_regression_fixtures.py:160-166 (input.subject_comment_…	2026-10-10
querydata	ObjMgrFree_QueryFactory_LocalDataFromBioseq_Protein	partial	LOSAT/src/algorithm/blastp/encoding.rs::test_encode_protein_sequence_adds_sentinels;LOSAT/src/algorithm/blastp/encoding.rs::test_ncbistdaa_to_ascii_roundtrip;LOSAT/src/algorithm/tblastx/lookup/backbone.rs::test_prepare_lookup_query_marks_failed_ungapped_ka_context_invalid	The object-manager-free variant has no LOSAT analogue (LOSAT never has an object manager); residues are synthetic, no independent reference, remote half not ported.	2026-10-10
querydata	ObjMgrFree_QueryFactory_LocalDataFromBioseq_Nucleotide	e2e		evidence (b28e42e1): LOSAT/tests/run_local_blastn.rs:309 a_lowercase_query_finds_the_same_hits_on_both_strands (single query, both strands, whole search); frozen LOSAT/tests/blastn_regression_fixtures.py:109-111 pal.*	2026-10-10
querydata	ObjMgrFree_QueryFactory_LocalDataFromBioseq_set_Protein	partial	LOSAT/src/algorithm/tblastx/lookup/backbone.rs::test_prepare_lookup_query_shares_single_boundary_sentinel_and_context_offsets;LOSAT/src/algorithm/tblastn/search_seed.rs::long_multi_query_every_candidate_and_context_matches_ncbi	Layout and offsets are asserted; residue content is asserted only for synthetic 3-residue queries; remote half not ported.	2026-10-10
querydata	ObjMgrFree_QueryFactory_LocalDataFromBioseq_set_Nucleotide	e2e		evidence (b28e42e1): LOSAT/tests/blastn_regression_fixtures.py:113-116 sq.* (12 queries, both strands; LOSAT/tests/fixtures/blastn_regression/sq.default.out); LOSAT/tests/run_local_blastn.rs:236 (three queries across NCBI batches)	2026-10-10
queryinfo	ProteinGetQueryInfo	ported	LOSAT/src/algorithm/tblastn/search_seed.rs::long_multi_query_every_candidate_and_context_matches_ncbi;LOSAT/src/algorithm/tblastn/search_seed.rs::multi_query_candidate_contexts_and_order_match_ncbi		2026-10-10
queryinfo	EmptyBlastxGetQueryInfo	to-port		evidence (b28e42e1): LOSAT/src/algorithm/blastx/query_setup.rs:241-276 (six contexts per record, len = (n - i%3)/3, is_valid = length>0, offset advances only for non-zero lengths, mirroring shift = prev_len ? prev_len+1 : 0) and 321-327 (bail only when no cont…	2026-10-10
queryinfo	BlastnGetQueryInfo	e2e		evidence (b28e42e1): LOSAT/tests/blastn_regression_fixtures.py:113-116 (sq.* cases, 12 queries searched as one two-strand block; frozen LOSAT/tests/fixtures/blastn_regression/sq.default.out) and LOSAT/tests/run_local_blastn.rs:236 an_invalid_query_after_the_fi…	2026-10-10
queryinfo	BlastnGetQueryIndex	partial	LOSAT/src/algorithm/blastp/blast_engine.rs::test_blastp_adjust_hsp_offsets_and_get_query_data_uses_qoff_as_context_truth;LOSAT/src/algorithm/blastp/blast_engine.rs::test_blastp_absolute_lookup_offsets_flow_directly_into_context_and_seed_fields;LOSAT/tests/unit/tblastx/lookup.rs::test_get_context_idx_multiple_queries	Asserted for the blastp (1 context/query) and tblastx (6 contexts/query) layouts only. The blastn layout the NCBI case targets (2 contexts/query) is ported as context_for_offset + ctx.query_idx (LOSAT/src/algorithm/blastn/blast_engine/run.…	2026-10-10
queryinfo	BlastnSearchContextInfo	partial	LOSAT/tests/unit/tblastx/lookup.rs::test_get_context_idx_matches_ncbi	Missing: no LOSAT test asserts min_length/max_length (NCBI asserts both); the blastn port bsearch_context_info (LOSAT/src/algorithm/blastn/blast_engine/run.rs:3935-3955) and its QueryContextIndex::new min/max (3862-3875) are untested; tbla…	2026-10-10
queryinfo	BlastnSearchContextInfoSingleStrand	n-a		blastn always searches both strands, so a zero-length strand context cannot arise. blastx does port the single-strand layout (zero-length contexts LOSAT/src/algorithm/blastx/query_setup.rs:251-256, min_length=0 at 277-279, first_context=3…	2026-10-10
redoalignment	testRedoAlignmentWithCompBasedStats	n-a		The shared core carries the mode-1 rule variant (adjust_scores.rs:2635 and 2875 map CompositionBasedStats to CompoScaleOldMatrix), but no program lets a user reach it: LOSAT BLASTP accepts only -comp_based_stats 2 and TBLASTN only 0 or 2,…	2026-10-10
redoalignment	testRedoAlignmentWithConditionalAdjust	partial	LOSAT/src/algorithm/blastp/kappa.rs::test_evaluate_and_purge_uses_spouge_for_gapped_blastp;LOSAT/src/algorithm/blastp/kappa.rs::test_evaluate_and_purge_uses_scaled_lambda_for_spouge;LOSAT/src/algorithm/blastp/kappa.rs::test_reap_contained_hits_discards_lower_scoring_inner_hit;LOSAT/src/algorithm/blastp/kappa.rs::test_hits_from_distinct_alignments_uses_edit_script_context;LOSAT/src/algorithm/blastp/kappa.rs::test_normalize_scores_uses_blast_nint_and_scaled_bit_score;LOSAT/src/algorithm/blastp/kappa.rs::test_recompute_num_identities_ungapped;LOSAT/src/algorithm/blastp/kappa.rs::test_adjust_evalues_for_composition_matches_ncbi_sequence_scaling;LOSAT/src/core/composition_adjustment/adjust_scores.rs::test_blast_adjust_scores_returns_adjusted_matrix_for_blosum62;LOSAT/src/algorithm/tblastn/kappa.rs::hard_seg_preliminary_hsp_redoes_to_ncbi_alignment;LOSAT/src/algorithm/tblastn/kappa.rs::code32_local_api_subject_translation_redo_and_scores_match_ncbi	Mode 2 is LOSAT BLASTP's only supported mode and the pipeline is ported (postprocess_preliminary_hits, blastp/kappa.rs:1694, called from blast_engine.rs:6898/7052/7212). Each stage of Blast_RedoAlignmentCore has a function-level test, and…	2026-10-10
redoalignment	testPSIRedoAlignmentWithCompBasedStats	n-a		LOSAT has no PSI-BLAST program, no PSSM input, and no position-based matrix path in the composition core; mode 1 is also rejected.	2026-10-10
redoalignment	testRedoAlignmentWithCompBasedStatsBadlyBiasedSequence	partial	LOSAT/src/core/composition_adjustment/adjust_scores.rs::pinned_tblastn_mode2_adjustment_rules_match_ncbi_call_inputs;LOSAT/src/core/composition_adjustment/adjust_scores.rs::test_blast_adjust_scores_returns_adjusted_matrix_for_blosum62;LOSAT/src/core/composition_adjustment/adjust_scores.rs::test_blast_adjust_scores_returns_none_for_zero_composition_ncbi_style;LOSAT/src/algorithm/blastp/kappa.rs::test_subject_seg_masks_when_enabled_and_not_near_identical;LOSAT/src/algorithm/blastp/kappa.rs::test_subject_seg_skips_exact_near_identical_subject	The composition-dependent arithmetic (rule choice, adjusted matrix, lambda ratio) is asserted at function level against recorded NCBI values, and subject SEG gating is tested. Missing: no test with a compositionally biased BLASTP query ass…	2026-10-10
redoalignment	testRedoAlignmentWithSW	n-a		Blast_RedoOneMatchSmithWaterman and the X-drop final-ends search are absent (the new_xdrop_align callback at redo_alignment.rs:519 is always None); mode 0 is also rejected for BLASTP (blast_engine.rs:1976). LOSAT tests assert the rejection…	2026-10-10
redoalignment	testRedoAlignmentWithCompBasedStatsAndSW	n-a		Both the Smith-Waterman traceback and composition mode 1 are unsupported in LOSAT BLASTP.	2026-10-10
redoalignment	testPSIRedoAlignmentWithCompBasedStatsAndSW	n-a		PSI-BLAST, PSSM input, mode 1 and the SW traceback are all absent.	2026-10-10
redoalignment	testRedoAlignmentUseXdropEvalue	n-a		The asserted behaviour (X-drop E-value for SW secondary alignments) needs the Smith-Waterman path, which is not ported. Only the sorting side-topic has tests: LOSAT/src/core/composition_adjustment/redo_alignment.rs:3570 test_distinct_align…	2026-10-10
redoalignment	CheckLowerCaseMatrix	to-port		evidence (b28e42e1): Implementation: LOSAT/src/config/compat.rs:81 (ScoringMatrix::from_str uppercases the name before matching) and LOSAT/src/algorithm/blastp/blast_engine.rs:1958 (eq_ignore_ascii_case("BLOSUM62")); frequency data exists only for BLOSUM62 at…	2026-10-10
scoreblk	GetScoreBlockNucl	e2e		evidence (b28e42e1): impl: LOSAT/src/algorithm/blastn/alignment/gapped.rs:48 (build_blastna_matrix = BlastScoreBlkNuclMatrixCreate), LOSAT/src/algorithm/blastn/pairwise.rs:331-335 (lo/hi score = min/max(reward, penalty)); fixtures: LOSAT/tests/fixtures/blastn_…	2026-10-10
scoreblk	GetScoreBlockProtein	e2e		evidence (b28e42e1): impl: LOSAT/src/core/blast_stat/composition.rs:173-177 (compute_blosum62_ideal_karlin_params hardcodes -4/11), LOSAT/src/algorithm/tblastx/lookup/backbone.rs:27-40 (matrix_score_bounds) and :813-817 (BLOSUM62 -> (-4, 11), other matrices co…	2026-10-10
scoreblk	GetScoreBlockPHI	n-a		Nearest LOSAT analogue of a protein gap-cost rejection is the blastp BlastScoringOptionsValidate message, unit-tested at LOSAT/src/stats/protein_options.rs:544 (allowed_values_list_the_table_in_order) and LOSAT/tests/cli_v2.rs:632-634 ('Ga…	2026-10-10
scoreblk	GetScoreBlockForFullyMaskedProtein	partial	LOSAT/src/algorithm/tblastx/lookup/backbone.rs::test_prepare_lookup_query_marks_failed_ungapped_ka_context_invalid;LOSAT/src/report/query_warnings.rs::invalid_query_warning_matches_ncbi_bytes;LOSAT/src/algorithm/blastp/blast_engine.rs::test_invalid_blastp_context_uses_ncbi_placeholder_cutoffs	Missing versus NCBI: no test masks a range of a real sequence (BlastSetUp_MaskQuery) and then asserts that the warning is attached to that query while setup succeeds; the unit tests check the pieces (invalid context, message bytes, placeho…	2026-10-10
scoreblk	BlastResFreqStdCompProteinTest	partial	LOSAT/src/stats/karlin_calc.rs::test_compute_std_aa_composition;LOSAT/src/core/blast_stat/composition.rs::test_compute_std_aa_composition_matches_robinson_order	Both LOSAT tests assert sum == 1, X == 0, and A, C, R equal 78.05, 19.25, 51.29 divided by the sum of the implementation's own STD_AA_FREQS table (which is 1000, so numerically the same normalization). Missing: independent literal expected…	2026-10-10
scoreblk	BlastResFreqStdCompNucleotideTest	partial	LOSAT/src/algorithm/blastn/pairwise.rs::an_all_n_query_has_no_ungapped_block	LOSAT has no separate nucleotide standard-composition function or array; the only test exercises it indirectly through one Lambda value and never asserts A/C/G/T = 0.25 or the zero ambiguity entries.	2026-10-10
scoreblk	EqualRewardPenaltyLHtoK	e2e		evidence (b28e42e1): impl: LOSAT/src/stats/karlin_calc.rs:635-657 (compute_k_from_lambda_h: gcd divisor and the low == -1 && high == 1 closed form), reached by blastn via LOSAT/src/algorithm/blastn/pairwise.rs:336 (compute_karlin_params_ungapped); fixtures: LO…	2026-10-10
scoreblk	NuclGappedCalc	partial	LOSAT/src/stats/tables.rs::task_defaults_use_the_table_rows;LOSAT/src/stats/tables.rs::scores_with_a_common_divisor_use_the_divided_table;LOSAT/src/stats/tables.rs::gap_costs_beyond_the_table_use_the_ungapped_block;LOSAT/src/stats/tables.rs::unsupported_scores_have_ncbi_messages;LOSAT/src/algorithm/blastn/scoring.rs::table_errors_repeat_for_each_query_of_the_batch;LOSAT/src/algorithm/blastn/scoring.rs::no_valid_query_needs_no_gapped_block	Same kinds of assertion (table row values, gcd scaling, round_down flag, copy-from-ungapped fallback with alpha = Lambda/H and s_GetUngappedBeta, both NCBI messages) but on LOSAT-chosen inputs. Missing: NCBI's exact inputs and values (1/-2…	2026-10-10
split_query	SplitQueriesIn1Chunk	n-a		LOSAT has no SSplitQueryBlk dynamic-array container, error codes or UINT4_MAX sentinel; chunk membership is a Vec filled directly by the splitter. core/split_query.c is cited by no LOSAT file (ncbi_core_to_losat.tsv has no row for it). The…	2026-10-10
split_query	SplitQueriesRandomly	n-a		Container round-trip test of the C dynamic arrays; no LOSAT analogue (see SplitQueriesIn1Chunk).	2026-10-10
split_query	Split4QueriesIn3Chunks	n-a		Hand-built assignment (not computed by a splitter); container API only.	2026-10-10
split_query	QuerySplitter_BlastnSingleQueryMultiChunk_BothStrands	partial	LOSAT/src/algorithm/blastn/query_split.rs::a_query_over_two_chunks_is_mapped_onto_its_contexts;LOSAT/src/algorithm/blastn/query_split.rs::the_chunk_count_and_size_are_ncbis	LOSAT asserts the same output fields (part ranges per chunk, contexts [0,1], context offsets, chunk count/size) but for a 1,999,800-nt query with default sizes, not NCBI's ini data; no explicit chunk-bounds formula check (x_ValidateChunkBo…	2026-10-10
split_query	QuerySplitter_BlastnSingleQueryMultiChunk_PlusStrand	n-a		LOSAT BLASTN rejects -strand as an unported option and always builds both strand contexts per part.	2026-10-10
split_query	QuerySplitter_BlastnSingleQueryMultiChunk_MinusStrand	n-a		No -strand in LOSAT BLASTN.	2026-10-10
split_query	QuerySplitter_BlastnMultiQueryMultiChunk_PlusStrand	n-a		No -strand in LOSAT BLASTN; the both-strands multi-query case is covered partially (see _BothStrands).	2026-10-10
split_query	QuerySplitter_BlastnMultiQueryMultiChunk_MinusStrand	n-a		No -strand in LOSAT BLASTN.	2026-10-10
split_query	QuerySplitter_BlastnMultiQueryMultiChunk_BothStrands	partial	LOSAT/src/algorithm/blastn/query_split.rs::parts_that_end_or_start_in_an_overlap_keep_their_starts;LOSAT/src/algorithm/blastn/query_split.rs::small_chunks_cover_the_queries_with_the_overlap	Same observables (parts per chunk incl. a 42-nt tail, contexts [0,1,2,3], offsets, no empty chunk) on LOSAT-chosen 2- and 3-query batches with default sizes; NCBI's 4-query/CHUNK_SIZE=40000 ini values are not reproduced and no chunk-bounds…	2026-10-10
split_query	QuerySplitter_BlastnMultiQueryMultiChunk_MixedStrands	n-a		Per-query strands need Seq-loc input; LOSAT reads FASTA only and has no -strand.	2026-10-10
split_query	QuerySplitter_BlastxSingleQueryMultiChunk_BothStrands	n-a		NCBI compiles this case out (#if 0 / SEQLOC_MIX_QUERY_OK); mapping said partial	2026-10-10
split_query	QuerySplitter_BlastxSingleQueryMultiChunk_PlusStrand	n-a		NCBI compiles this case out (#if 0 / SEQLOC_MIX_QUERY_OK); mapping said gap	2026-10-10
split_query	QuerySplitter_BlastxSingleQueryMultiChunk_MinusStrand	n-a		NCBI compiles this case out (#if 0 / SEQLOC_MIX_QUERY_OK); mapping said gap	2026-10-10
split_query	QuerySplitter_BlastxMultiQueryMultiChunk_PlusStrand	n-a		NCBI compiles this case out (#if 0 / SEQLOC_MIX_QUERY_OK); mapping said not_ported	2026-10-10
split_query	QuerySplitter_BlastxMultiQueryMultiChunk_MinusStrand	n-a		NCBI compiles this case out (#if 0 / SEQLOC_MIX_QUERY_OK); mapping said not_ported	2026-10-10
split_query	QuerySplitter_BlastxMultiQueryMultiChunk_BothStrands	n-a		NCBI compiles this case out (#if 0 / SEQLOC_MIX_QUERY_OK); mapping said not_ported	2026-10-10
split_query	QuerySplitter_BlastxMultiQueryMultiChunk_MixedStrands	n-a		NCBI compiles this case out (#if 0 / SEQLOC_MIX_QUERY_OK); mapping said not_ported	2026-10-10
split_query	QuerySplitter_BlastpSingleQueryMultiChunk	partial	LOSAT/src/algorithm/common/protein_query_split.rs::a_long_tblastn_query_is_three_overlapping_chunks;LOSAT/src/algorithm/blastn/query_split.rs::the_chunk_count_and_size_are_ncbis	Same fields and the same (n + (k-1)*overlap)/k (+1) chunk-size rule, but on tblastn-sized input, not NCBI's 33423/11208/3; no chunk-bounds formula check or per-chunk query info. No frozen blastp fixture exercises splitting; only the oracle…	2026-10-10
split_query	QuerySplitter_BlastpMultiQueryMultiChunk	partial	LOSAT/src/algorithm/common/protein_query_split.rs::a_query_over_two_chunks_has_the_offset_of_its_first_part	Same observables (query membership per chunk, part ranges, context offsets incl. a query spanning two chunks) on a 2-query batch; NCBI's 4-query data not reproduced, no chunk-bounds or query-info check. Multi-query protein splitting is ora…	2026-10-10
split_query	TestCContextTranslator_BlastnMultiQuery_BothStrands	partial	LOSAT/src/algorithm/blastn/query_split.rs::parts_that_end_or_start_in_an_overlap_keep_their_starts;LOSAT/src/algorithm/blastn/query_split.rs::environment_sizes_follow_ncbis_size_t_arithmetic	starting_chunk (query_split.rs:464-473) and context_in_chunk (:398-403) are private and never asserted directly; absolute contexts and offsets are asserted only through split_query_batch on other data; no sequence-byte comparison. CHUNK_SI…	2026-10-10
split_query	TestCContextTranslator_BlastnMultiQuery_PlusStrand	n-a		No -strand in LOSAT BLASTN.	2026-10-10
split_query	TestCContextTranslator_BlastnMultiQuery_MinusStrand	n-a		No -strand in LOSAT BLASTN.	2026-10-10
split_query	TestCContextTranslator_BlastxSingleQuery_BothStrands_0	partial	LOSAT/src/algorithm/blastx/stage_c_tests.rs::split_modulo_frame_maps_and_shared_positive_corrections	Same observables (absolute-context map and corrections per modulo class) but with the built-in 10002/297 sizes and 2 chunks: LOSAT blastx has constant CHUNK_SIZE/OVERLAP_NT (LOSAT/src/algorithm/blastx/split.rs:23,35) and reads no environme…	2026-10-10
split_query	TestCContextTranslator_BlastxSingleQuery_BothStrands_1	partial	LOSAT/src/algorithm/blastx/stage_c_tests.rs::split_modulo_frame_maps_and_shared_positive_corrections	The shift -1 map and the +1 rule for the last negative context are asserted on LOSAT's own 19411-nt fixture; not NCBI's 34-nt/3-chunk data, no starting-chunk or sequence-byte assertion.	2026-10-10
split_query	TestCContextTranslator_BlastxSingleQuery_BothStrands_2	to-port		evidence (b28e42e1): LOSAT/src/algorithm/blastx/split.rs:417-421 (shift = 1 for length % 3 == 2), :428-433 (context 3 -> 5, 4 -> 3, 5 -> 4), :472-475 (%3==2 correction rules)	2026-10-10
split_query	TestCContextTranslator_BlastxMultiQuery_BothStrands	n-a		NCBI compiles this case out (#if 0 / SEQLOC_MIX_QUERY_OK); mapping said not_ported	2026-10-10
split_query	TestCContextTranslator_BlastxMultiQuery_PlusStrand	n-a		NCBI compiles this case out (#if 0 / SEQLOC_MIX_QUERY_OK); mapping said not_ported	2026-10-10
split_query	TestCContextTranslator_BlastxMultiQuery_MinusStrand	n-a		NCBI compiles this case out (#if 0 / SEQLOC_MIX_QUERY_OK); mapping said not_ported	2026-10-10
split_query	QuerySplitter_NoSplit	partial	LOSAT/src/algorithm/blastn/query_split.rs::the_chunk_count_and_size_are_ncbis;LOSAT/src/algorithm/blastn/query_split.rs::environment_sizes_follow_ncbis_size_t_arithmetic;LOSAT/src/algorithm/common/protein_query_split.rs::a_long_tblastn_query_is_three_overlapping_chunks;LOSAT/src/algorithm/blastx/stage_c_tests.rs::multiple_queries_and_ungapped_do_not_split	LOSAT asserts the core facts (one chunk, chunk size == query length, None/1-chunk results, the ungapped SB-1082 rule) on its own inputs; the out-of-range exception and query-factory identity have no LOSAT analogue. CHUNK_SIZE=40000 whole-s…	2026-10-10
split_query	QuerySplitter_ValidateQueryFactoriesBlastn	n-a		IQueryFactory/CRef object identity and C++ exception type are toolkit plumbing; LOSAT has no per-chunk factory object.	2026-10-10
split_query	CalculateNumberChunks	ported	LOSAT/src/algorithm/blastx/stage_c_tests.rs::active_n04_mutable_chunk_size_and_invalid_divisibility		2026-10-10
split_query	InvalidChunkSizeBlastx	partial	LOSAT/src/algorithm/blastx/stage_c_tests.rs::active_n04_mutable_chunk_size_and_invalid_divisibility	The function-level assertion matches (40000 -> error with NCBI's message), but validate_chunk_size has no caller outside this test: LOSAT blastx uses the constant CHUNK_SIZE=10002 (split.rs:23, :383) and never reads the CHUNK_SIZE environm…	2026-10-10
split_query	InvalidChunkSizeTblastx	e2e		evidence (b28e42e1): LOSAT/tests/tblastx_regression_fixtures.py:182-186 (env.chunk10_fmt0 CHUNK_SIZE=10, env.chunk_minus2_fmt6 CHUNK_SIZE=-2); LOSAT/tests/fixtures/tblastx_regression/env.chunk10_fmt0.err and env.chunk_minus2_fmt6.err ("BLAST engine error: Spli…	2026-10-10
stat	EvalueForProteinFSC	partial	LOSAT/src/stats/spouge.rs::pinned_tblastn_spouge_calls_match_ncbi_double_bits;LOSAT/src/stats/spouge.rs::test_blast_spouge_stoe_matches_ncbi_formula_for_scaled_lambda;LOSAT/src/stats/spouge.rs::test_blast_spouge_stoe_matches_ncbi_formula_for_representative_tail_inputs;LOSAT/src/stats/spouge.rs::test_lookup_protein_gumbel_params_blosum62_11_1;LOSAT/src/stats/tables.rs::test_lookup_protein_params_blosum62	Missing: NCBI's four regression inputs and any explicit e-value >= 0 assertion (equality with pinned NCBI doubles implies it only for the pinned inputs); the pinned test parses the Gumbel block from the evidence rows instead of building it…	2026-10-10
traceback	testHSPUpdateWithTraceback	partial	LOSAT/src/algorithm/tblastn/search_gapped.rs::full_translation_traceback_matches_ncbi_post_fence_scores_and_offsets;LOSAT/src/algorithm/blastp/gapalign.rs::test_adjust_subject_range_shifts_long_subject_ncbi_style	LOSAT has no standalone update function: the copy is written inline in each program's traceback (tblastn, blastp, blastn run.rs:11320-11322 comment) and the edit-script ownership transfer is a Rust move. Traceback-output tests check the re…	2026-10-10
traceback	testBLASTNTraceBack	partial	LOSAT/src/algorithm/blastn/alignment/greedy.rs::test_greedy_traceback_ncbi_regression_cases;LOSAT/src/algorithm/blastn/alignment/gapped.rs::gapped_start_stops_at_the_subject_start	Function-level traceback assertions exist only for the greedy (megablast) aligner on synthetic sequences and for the gapped-start search; the DP (task blastn) path, the list-level drop (9->7), num_ident and gapped_start preservation after…	2026-10-10
traceback	testBLASTNTraceBackLargeXDrop	e2e		evidence (b28e42e1): LOSAT/tests/megablast_xdrop.rs:25 megablast_automatic_xdrop_preserves_oracle_scripts (657,101-bp self-alignment byte-compared to tests/fixtures/megablast_automatic_xdrop.outfmt6); option rejected: LOSAT/src/cli.rs:266 (xdrop_gap_final in i…	2026-10-10
traceback	testBLASTPTraceBack	partial	LOSAT/src/algorithm/blastp/gapalign.rs::test_fence_signed_traceback_grid_matches_pinned_ncbi;LOSAT/src/algorithm/blastp/gapalign.rs::test_traceback_score_matches_rescored_edit_script_wssv_537;LOSAT/src/algorithm/blastp/gapalign.rs::test_blastp_traceback_builds_gap_script	Single-HSP traceback coordinates/scores/edit scripts are pinned against NCBI at function level; the list-level stage (12->10 after purge-common-endpoints and containment, final num_ident, gapped_start retention) is asserted only by frozen…	2026-10-10
traceback	testTBLASTNTraceBack	ported	LOSAT/src/algorithm/tblastn/stage_d_pipeline.rs::ordinary_traceback_controls_match_local_ncbi_full_precision_fields;LOSAT/src/algorithm/tblastn/search_gapped.rs::full_translation_traceback_matches_ncbi_post_fence_scores_and_offsets;LOSAT/src/algorithm/tblastn/search_gapped.rs::six_frame_merged_traceback_endpoint_deletion_matches_ncbi;LOSAT/src/algorithm/tblastn/stage_d_linking.rs::saved_code1_link_lists_match_ncbi_score_order_num_and_double_evalue		2026-10-10
traceback	testNoHSPEvalueCutoffBeforeLink	partial	LOSAT/src/algorithm/tblastn/stage_d_linking.rs::saved_code1_link_lists_match_ncbi_score_order_num_and_double_evalue	The link-then-reap order is asserted against a pinned NCBI trace for the preliminary stage and is coded in the same order for the traceback stage, but no test seeds HSPs that individually exceed the cutoff and asserts they all survive the…	2026-10-10
traceback	testFilterBlastResults_QueryCov	n-a		-qcov_hsp_perc is rejected with an explicit unsupported error in every LOSAT program; the qcovhsp/qcovs output fields are likewise rejected (blastp/blast_engine.rs:2279).	2026-10-10
traceback	testFilterBlastResults_MaxHsps	e2e		evidence (b28e42e1): fixtures: LOSAT/tests/blastn_regression_fixtures.py:79 (prelim.max5_maxhsps1 -> tests/fixtures/blastn_regression/prelim.max5_maxhsps1.out), LOSAT/tests/outfmt0_manifest.tsv:31,92,102 (multi.maxhsps1.blastn, dc.max, short.max -> tests/fixtu…	2026-10-10
traceback	testUnit_TestsDataPath	n-a		LOSAT reads FASTA subjects only; there is no BLAST database reader (CSeqDB/BlastSeqSrc) or shared test-data path.	2026-10-10
traceback	testSetupPartialFetching	n-a		Partial subject fetching is a CSeqDB optimisation for database searches; LOSAT holds whole FASTA subjects in memory.	2026-10-10
traceback	testPartialFetchingMT	n-a		Same feature as testSetupPartialFetching plus BlastSeqSrc thread copies; no LOSAT analogue.	2026-10-10
tracebacksearch	Traceback	n-a		The assertion is about Seq-align ext User-object plumbing on top of a BLAST database search.	2026-10-10
tracebacksearch	SimpleTraceback	n-a		LOSAT has no standalone traceback-search API fed by an HSP stream over a database; its traceback stage is only reachable inside each program's run pipeline or program-specific functions.	2026-10-10
tracebacksearch	TracebackWithPssm_AndWarning	n-a		PSI-BLAST / PSSM input is not implemented in LOSAT.	2026-10-10
tracebacksearch	TracebackEntrez	n-a		GI lists, BLAST databases and Seq-align annotations are all absent from LOSAT.	2026-10-10
bl2seq	NucleotideMultipleSeqLocs1	n-a		Multi-interval Seq-loc queries are object-manager plumbing; LOSAT has no Seq-loc input and rejects even the single-range -query_loc.	2026-10-10
bl2seq	ProteinBlastInvalidSeqIdSelfHit	n-a		GI resolution through CScope/object manager has no LOSAT analogue; LOSAT's nearest behaviour (an invalid FASTA query among valid ones continues the search) is covered under NucleotideBlastMultipleQueriesWithInvalidSeqId.	2026-10-10
bl2seq	ProteinBlastSelfHit	e2e		evidence (b28e42e1): LOSAT/tests/blastp_v010_parity_manifest.tsv:9 (all_hsp_self_serial, SicyWSV self search) and :2 (pairwise_default_serial); LOSAT/tests/run_local_blastp.rs fn every_format_of_one_search_matches_the_cli_run_of_that_format; LOSAT/tests/compar…	2026-10-10
bl2seq	TBlastn2Seqs	e2e		evidence (b28e42e1): LOSAT/tests/run_local_tblastn.rs:76 formats_of_one_search_equal_the_ncbi_bytes_and_warn_once (outputs byte-identical to saved NCBI 2.17.0 bytes under docs/evidence/tlosan_stage_g); LOSAT/tests/outfmt0_manifest.tsv:146 (e2e.tblastn.hardmask…	2026-10-10
bl2seq	TBlastn2SeqsRevStrand1	n-a		The subject-strand restriction exists only on the C++ SSeqLoc API (the NCBI tblastn command line cannot express it); LOSAT's tblastn always searches both subject strands and minus-frame hits are covered by the e2e.tblastn fixtures.	2026-10-10
bl2seq	TBlastn2SeqsRevStrand2	n-a		The subject-strand restriction exists only on the C++ SSeqLoc API (the NCBI tblastn command line cannot express it); LOSAT's tblastn always searches both subject strands and minus-frame hits are covered by the e2e.tblastn fixtures.	2026-10-10
bl2seq	TBlastn2SeqsCompBasedStats	n-a		Mode 1 (eCompositionBasedStats) is not implemented for tblastn.	2026-10-10
bl2seq	TBlastn2SeqsLargeWord	n-a		The compressed lookup table itself is ported for blastp/tblastx and unit-tested in LOSAT/tests/compressed_lookup.rs (fn compressed_word_hit_overflow_matches_ncbi_scan_order) and exercised e2e for blastp (tests/outfmt0_manifest.tsv:112 e2e.…	2026-10-10
bl2seq	IdenticalProteins	e2e		evidence (b28e42e1): LOSAT/tests/blastp_v010_parity_manifest.tsv:9 (all_hsp_self_serial, SicyWSV self search) and :2 (pairwise_default_serial); LOSAT/tests/run_local_blastp.rs fn every_format_of_one_search_matches_the_cli_run_of_that_format; LOSAT/tests/compar…	2026-10-10
bl2seq	UnsupportedOption	n-a		LOSAT has no CBlastOptions object; task defaults live in the args structs (src/algorithm/blastn/args.rs:33 task defaults).	2026-10-10
bl2seq	PositiveMismatchOption	ported	LOSAT/src/algorithm/blastn/scoring.rs::options_are_checked_in_ncbi_order;LOSAT/tests/cli_v2.rs::numeric_values_are_validated_before_io		2026-10-10
bl2seq	FullyMaskedSequence	e2e		evidence (b28e42e1): LOSAT/tests/outfmt0_manifest.tsv:41 (edge.alllower_lcase.blastn: fully lowercase query with -lcase_masking, 'No hits' with a normal Karlin footer, search completes) and :40 (edge.allN.blastn); LOSAT/tests/run_local_blastn.rs:236 an_invalid…	2026-10-10
bl2seq	MultipleQueries1FullyMasked	e2e		evidence (b28e42e1): The NCBI case (bl2seq_unit_test.cpp:882-934) only uses a database incidentally; its observable is that of three tblastn queries the fully masked middle one (data/mult_queries_1fully_masked.fsa: regular, XXXXXXXXXXXXXXXXXXX, regular) gets t…	2026-10-10
bl2seq	testInterruptBlastpExitImmediately	n-a		LOSAT has no cancellation mechanism in its library API or web API (src/web_api.rs has no cancel path).	2026-10-10
bl2seq	Tblastn2Seqs_PlusStrandOnly	n-a		The subject-strand restriction exists only on the C++ SSeqLoc API (the NCBI tblastn command line cannot express it); LOSAT's tblastn always searches both subject strands and minus-frame hits are covered by the e2e.tblastn fixtures.	2026-10-10
bl2seq	testInterruptBlastSetup	n-a		LOSAT has no cancellation mechanism in its library API or web API (src/web_api.rs has no cancel path).	2026-10-10
bl2seq	testInterruptBlastnExitImmediately	n-a		LOSAT has no cancellation mechanism in its library API or web API (src/web_api.rs has no cancel path).	2026-10-10
bl2seq	testInterruptBlastxExitImmediately	n-a		LOSAT has no cancellation mechanism in its library API or web API (src/web_api.rs has no cancel path).	2026-10-10
bl2seq	testInterruptTblastxExitImmediately	n-a		LOSAT has no cancellation mechanism in its library API or web API (src/web_api.rs has no cancel path).	2026-10-10
bl2seq	testInterruptTblastnExitImmediately	n-a		LOSAT has no cancellation mechanism in its library API or web API (src/web_api.rs has no cancel path).	2026-10-10
bl2seq	testInterruptBlastpExitAtRandom	n-a		LOSAT has no cancellation mechanism in its library API or web API (src/web_api.rs has no cancel path).	2026-10-10
bl2seq	testInterruptBlastnExitAtRandom	n-a		LOSAT has no cancellation mechanism in its library API or web API (src/web_api.rs has no cancel path).	2026-10-10
bl2seq	testInterruptBlastxExitAtRandom	n-a		LOSAT has no cancellation mechanism in its library API or web API (src/web_api.rs has no cancel path).	2026-10-10
bl2seq	testInterruptTblastnExitAtRandom	n-a		LOSAT has no cancellation mechanism in its library API or web API (src/web_api.rs has no cancel path).	2026-10-10
bl2seq	testInterruptTblastxExitAtRandom	n-a		LOSAT has no cancellation mechanism in its library API or web API (src/web_api.rs has no cancel path).	2026-10-10
bl2seq	testInterruptBlastpExitAfter3Callbacks	n-a		LOSAT has no cancellation mechanism in its library API or web API (src/web_api.rs has no cancel path).	2026-10-10
bl2seq	testInterruptBlastxExitOnTraceback	n-a		LOSAT has no cancellation mechanism in its library API or web API (src/web_api.rs has no cancel path).	2026-10-10
bl2seq	testInterruptTblastxExitOnTraceback	n-a		LOSAT has no cancellation mechanism in its library API or web API (src/web_api.rs has no cancel path).	2026-10-10
bl2seq	ProteinBlastMultipleQueriesWithInvalidSeqId	n-a		GI resolution through CScope/object manager has no LOSAT analogue; LOSAT's nearest behaviour (an invalid FASTA query among valid ones continues the search) is covered under NucleotideBlastMultipleQueriesWithInvalidSeqId.	2026-10-10
bl2seq	ProteinBlastMultipleQueriesWithBadQuery	e2e		evidence (b28e42e1): LOSAT/tests/outfmt0_manifest.tsv:133 (e2e.blastp.allx with stderr sha256) and LOSAT/tests/fixtures/outfmt0/e2e.blastp.allx.err (exact 'Could not calculate ungapped Karlin-Altschul parameters' line for Query_1); implementation LOSAT/src/alg…	2026-10-10
bl2seq	NucleotideBlastMultipleQueriesWithInvalidSeqId	partial	LOSAT/src/report/query_warnings.rs::messages_of_a_query_are_in_ncbis_sorted_order;LOSAT/src/report/query_warnings.rs::invalid_query_warning_matches_ncbi_bytes;LOSAT/tests/run_local_blastn.rs::an_invalid_query_after_the_first_batch_is_reported_with_its_batch	The function-level tests cover the message text and the no-duplicates rule; 'warning for the middle query only and empty results for it' is asserted only through frozen fixtures.	2026-10-10
bl2seq	ProteinSelfHitWithMask	n-a		User-specified query masks exist in LOSAT only for blastn/tblastn/blastx (-lcase_masking); blastp rejects the option.	2026-10-10
bl2seq	NucleotideMaskedLocation	e2e		evidence (b28e42e1): LOSAT/tests/blastn_regression_fixtures.py:100 (lcase.blastn) and :102 (lcase.megablast); LOSAT/tests/outfmt0_manifest.tsv:19 (mask.lcase.blastn) and :21 (mask.lcase.megablast); implementation LOSAT/src/algorithm/blastn/args.rs:224	2026-10-10
bl2seq	NucleotideMaskedLocation_FromFile	e2e		evidence (b28e42e1): LOSAT/tests/blastn_regression_fixtures.py:100 (lcase.blastn) and :102 (lcase.megablast); LOSAT/tests/outfmt0_manifest.tsv:19 (mask.lcase.blastn) and :21 (mask.lcase.megablast); implementation LOSAT/src/algorithm/blastn/args.rs:224	2026-10-10
bl2seq	InvalidMaskingAlgorithm	n-a		BLAST databases and database masking algorithms are not supported.	2026-10-10
bl2seq	ProteinCompBasedStats	n-a		NCBI bl2seq_unit_test.cpp:1601-1636 needs word size 2, PAM30 with gap costs 9/1 and composition-based statistics. LOSAT rejects that search before it starts: LOSAT/src/algorithm/blastp/blast_engine.rs:1896 validate_requested_blastp_support…	2026-10-10
bl2seq	Blastx2Seqs_QueryBothStrands	e2e		evidence (b28e42e1): docs/evidence/losatx_stage_g_authority_v3/run-20260928T121516Z/GATE_STATUS.md (BLASTX oracle fingerprints; the only BLASTX end-to-end evidence); LOSAT/src/algorithm/blastx/seed.rs:864 (inline test replaying tests/blastx_f_diagonal C word-f…	2026-10-10
bl2seq	NucleotideSelfHitWithSubjectMask	partial	LOSAT/src/algorithm/blastn/blast_engine/run.rs::test_build_subject_seq_ranges_from_masks		2026-10-10
bl2seq	NucleotideBlastSelfHit	partial	LOSAT/src/algorithm/blastn/ncbi_cutoffs.rs::test_gap_trigger_raw_score;LOSAT/src/algorithm/blastn/ncbi_cutoffs.rs::test_cutoff_score_max_from_evalue;LOSAT/src/algorithm/blastn/ncbi_cutoffs.rs::test_compute_blastn_cutoff_score_ungapped;LOSAT/src/algorithm/blastn/ncbi_cutoffs.rs::test_compute_blastn_cutoff_score_gapped;LOSAT/tests/megablast_xdrop.rs::megablast_automatic_xdrop_preserves_oracle_scripts	The cutoff formulas are unit-tested but with other parameters and as ranges (28-29), not NCBI's 16/8/33/13/110/54; lookup/extension counters are never asserted; switching options on one CBl2Seq object has no analogue (each task is a separa…	2026-10-10
bl2seq	MegablastGreedyTraceback	partial	LOSAT/src/algorithm/blastn/alignment/greedy.rs::test_greedy_traceback_ncbi_regression_cases	The function-level test asserts greedy traceback correctness on short synthetic sequences, not a specific GenBank pair's score; no fixture uses reward 1 / penalty -2 / gap 3/1 / word 24.	2026-10-10
bl2seq	MegablastGreedyTraceback2	e2e		evidence (b28e42e1): LOSAT/tests/outfmt0_manifest.tsv:34 (multi.r2p3g00.megablast: non-default scores with zero gap costs under megablast); LOSAT/tests/blastn_regression_fixtures.py:220 (scores.10000_20000, large reward/penalty), :336 (short.dust_no_fmt7)	2026-10-10
bl2seq	MegablastGreedyTracebackSelfHits	e2e		evidence (b28e42e1): LOSAT/tests/megablast_xdrop.rs fn megablast_automatic_xdrop_preserves_oracle_scripts (NZ_CP006932 genome self-search under default megablast, whole outfmt 6 equal to the NCBI oracle in tests/fixtures/megablast_automatic_xdrop.outfmt6); LOS…	2026-10-10
bl2seq	Blastx2Seqs_QueryPlusStrand	e2e		evidence (b28e42e1): Implementation citations verified: LOSAT/src/algorithm/blastx/args.rs:206-207 (-strand both|plus|minus), src/algorithm/blastx/query_setup.rs:251-253, :277, :388 (strand selects the translated contexts); the only blastx args tests (args.rs:…	2026-10-10
bl2seq	Blastx2Seqs_QueryMinusStrand	e2e		evidence (b28e42e1): Implementation citations verified: LOSAT/src/algorithm/blastx/args.rs:206-207 (-strand both|plus|minus), src/algorithm/blastx/query_setup.rs:251-253, :277, :388 (strand selects the translated contexts); the only blastx args tests (args.rs:…	2026-10-10
bl2seq	TBlastx2Seqs_QueryBothStrands	partial	LOSAT/src/algorithm/tblastx/ncbi_cutoffs.rs::test_gap_trigger_raw_score;LOSAT/src/algorithm/tblastx/ncbi_cutoffs.rs::test_x_drop_raw_score_blosum62	The two raw cutoffs NCBI asserts are asserted as the same values at function level; the HSP count and lookup/extension counters of the self-hit are not.	2026-10-10
bl2seq	TBlastx2Seqs_QueryPlusStrand	n-a		LOSAT's tblastx always searches all six frames of both strands.	2026-10-10
bl2seq	TBlastx2Seqs_QueryMinusStrand	n-a		LOSAT's tblastx always searches all six frames of both strands.	2026-10-10
bl2seq	TblastxManyHits	e2e		evidence (b28e42e1): LOSAT/tests/tblastx_regression_fixtures.py:141 (sume.large_gap_seg_no: sum statistics linking per query and strand) and :94 (hitlist.max1); LOSAT/tests/outfmt0_manifest.tsv:56 (tblastx.lc.0: 4319 HSPs with Expect(n) and the N (sum_n) colum…	2026-10-10
bl2seq	ProteinBlast2Seqs	e2e		evidence (b28e42e1): LOSAT/tests/blastp_v010_parity_manifest.tsv:9 (all_hsp_self_serial, SicyWSV self search) and :2 (pairwise_default_serial); LOSAT/tests/run_local_blastp.rs fn every_format_of_one_search_matches_the_cli_run_of_that_format; LOSAT/tests/compar…	2026-10-10
bl2seq	BlastnWithRepeatFiltering_InvalidDB	n-a		No repeat-database filtering in LOSAT.	2026-10-10
bl2seq	BlastnWithRepeatFiltering	n-a		No repeat-database filtering in LOSAT.	2026-10-10
bl2seq	BlastnWithWindowMasker_Db	n-a		No WindowMasker support in LOSAT.	2026-10-10
bl2seq	BlastnWithWindowMasker_Taxid	n-a		No WindowMasker support in LOSAT.	2026-10-10
bl2seq	BlastnWithWindowMasker_InvalidDb	n-a		No WindowMasker support in LOSAT.	2026-10-10
bl2seq	BlastnWithWindowMasker_InvalidTaxid	n-a		No WindowMasker support in LOSAT.	2026-10-10
bl2seq	WindowMaskerPathInitInvalid	n-a		No WindowMasker support in LOSAT.	2026-10-10
bl2seq	WindowMaskerPathInitValid	n-a		No WindowMasker support in LOSAT.	2026-10-10
bl2seq	BlastnWithWindowMasker_DbAndTaxid	n-a		No WindowMasker support in LOSAT.	2026-10-10
bl2seq	ConvertTaxIdToWindowMaskerDb	n-a		No WindowMasker support in LOSAT.	2026-10-10
bl2seq	Alex	n-a		No repeat-database filtering in LOSAT.	2026-10-10
bl2seq	NucleotideBlast2Seqs	e2e		evidence (b28e42e1): LOSAT/tests/blastn_parity_manifest.tsv:6-13 (task blastn genome pairs compared with NCBI outfmt 7); LOSAT/tests/comparison_cases.tsv:22-30 (blastn oracle pairs); LOSAT/tests/outfmt0_manifest.tsv:9 (compact.blastn, 2 queries x 2 subjects)	2026-10-10
bl2seq	ProteinBlastChangeQuery	n-a		Object reuse is C++ API plumbing; the searched pairs themselves are covered under ProteinBlast2Seqs and NucleotideBlast2Seqs.	2026-10-10
bl2seq	ProteinBlastChangeSubject	n-a		Object reuse is C++ API plumbing; the searched pairs themselves are covered under ProteinBlast2Seqs and NucleotideBlast2Seqs.	2026-10-10
bl2seq	NucleotideBlastChangeQuery	n-a		Object reuse is C++ API plumbing; the searched pairs themselves are covered under ProteinBlast2Seqs and NucleotideBlast2Seqs.	2026-10-10
bl2seq	NucleotideBlastChangeSubject	n-a		Object reuse is C++ API plumbing; the searched pairs themselves are covered under ProteinBlast2Seqs and NucleotideBlast2Seqs.	2026-10-10
bl2seq	ProteinBlastMultipleQueries	e2e		evidence (b28e42e1): LOSAT/tests/run_local_blastp.rs fn every_format_of_one_search_matches_the_cli_run_of_that_format (8 queries x 8 subjects, outfmt 0/6/7 and a custom list consistent with the CLI); LOSAT/tests/blastp_v010_parity_manifest.tsv:7-8 (all_hsp_for…	2026-10-10
bl2seq	NucleotideBlastMultipleQueries	e2e		evidence (b28e42e1): LOSAT/tests/run_local_blastn.rs:119 every_format_of_one_search_matches_the_cli_run_of_that_format (3 queries x 4 subjects, with -max_target_seqs 1 and -task blastn variants); LOSAT/tests/outfmt0_manifest.tsv:26 (multi.blastn: 3 queries x 6…	2026-10-10
bl2seq	NucleotideBlastWordSize4	n-a		NCBI compiles this case out (#if 0 / SEQLOC_MIX_QUERY_OK); mapping said e2e_only	2026-10-10
bl2seq	NucleotideBlastWordSize4_EOS	n-a		NCBI compiles this case out (#if 0 / SEQLOC_MIX_QUERY_OK); mapping said e2e_only	2026-10-10
bl2seq	TblastnOutOfFrame	n-a		Out-of-frame alignment is not implemented in LOSAT's blastx or tblastn.	2026-10-10
bl2seq	TblastnOutOfFrame2	n-a		Out-of-frame alignment is not implemented in LOSAT's blastx or tblastn.	2026-10-10
bl2seq	BlastxOutOfFrame	n-a		Out-of-frame alignment is not implemented in LOSAT's blastx or tblastn.	2026-10-10
bl2seq	BlastxOutOfFrame_DifferentFrames	n-a		Out-of-frame alignment is not implemented in LOSAT's blastx or tblastn.	2026-10-10
bl2seq	Blastn_QueryBothStrands_SubjBothStrands	n-a		Only the both/both default is searchable in LOSAT; its minus-strand hits are covered e2e by LOSAT/tests/outfmt0_manifest.tsv:15 (strand.blastn) and LOSAT/tests/run_local_blastn.rs:309 a_lowercase_query_finds_the_same_hits_on_both_strands.	2026-10-10
bl2seq	Blastn_QueryBothStrands_SubjPlusStrand	n-a		Only the both/both default is searchable in LOSAT; its minus-strand hits are covered e2e by LOSAT/tests/outfmt0_manifest.tsv:15 (strand.blastn) and LOSAT/tests/run_local_blastn.rs:309 a_lowercase_query_finds_the_same_hits_on_both_strands.	2026-10-10
bl2seq	Blastn_QueryBothStrands_SubjMinusStrand	n-a		Only the both/both default is searchable in LOSAT; its minus-strand hits are covered e2e by LOSAT/tests/outfmt0_manifest.tsv:15 (strand.blastn) and LOSAT/tests/run_local_blastn.rs:309 a_lowercase_query_finds_the_same_hits_on_both_strands.	2026-10-10
bl2seq	Blastn_QueryPlusStrand_SubjPlusStrand	n-a		Only the both/both default is searchable in LOSAT; its minus-strand hits are covered e2e by LOSAT/tests/outfmt0_manifest.tsv:15 (strand.blastn) and LOSAT/tests/run_local_blastn.rs:309 a_lowercase_query_finds_the_same_hits_on_both_strands.	2026-10-10
bl2seq	Blastn_QueryPlusStrand_SubjMinusStrand	n-a		Only the both/both default is searchable in LOSAT; its minus-strand hits are covered e2e by LOSAT/tests/outfmt0_manifest.tsv:15 (strand.blastn) and LOSAT/tests/run_local_blastn.rs:309 a_lowercase_query_finds_the_same_hits_on_both_strands.	2026-10-10
bl2seq	Blastn_QueryPlusStrand_SubjBothStrands	n-a		Only the both/both default is searchable in LOSAT; its minus-strand hits are covered e2e by LOSAT/tests/outfmt0_manifest.tsv:15 (strand.blastn) and LOSAT/tests/run_local_blastn.rs:309 a_lowercase_query_finds_the_same_hits_on_both_strands.	2026-10-10
bl2seq	Blastn_QueryMinusStrand_SubjMinusStrand	n-a		Only the both/both default is searchable in LOSAT; its minus-strand hits are covered e2e by LOSAT/tests/outfmt0_manifest.tsv:15 (strand.blastn) and LOSAT/tests/run_local_blastn.rs:309 a_lowercase_query_finds_the_same_hits_on_both_strands.	2026-10-10
bl2seq	Blastn_QueryMinusStrand_SubjPlusStrand	n-a		Only the both/both default is searchable in LOSAT; its minus-strand hits are covered e2e by LOSAT/tests/outfmt0_manifest.tsv:15 (strand.blastn) and LOSAT/tests/run_local_blastn.rs:309 a_lowercase_query_finds_the_same_hits_on_both_strands.	2026-10-10
bl2seq	Blastn_QueryMinusStrand_SubjBothStrands	n-a		Only the both/both default is searchable in LOSAT; its minus-strand hits are covered e2e by LOSAT/tests/outfmt0_manifest.tsv:15 (strand.blastn) and LOSAT/tests/run_local_blastn.rs:309 a_lowercase_query_finds_the_same_hits_on_both_strands.	2026-10-10
bl2seq	Blastn_QueryWhole_SubjInterval	n-a		Only the both/both default is searchable in LOSAT; its minus-strand hits are covered e2e by LOSAT/tests/outfmt0_manifest.tsv:15 (strand.blastn) and LOSAT/tests/run_local_blastn.rs:309 a_lowercase_query_finds_the_same_hits_on_both_strands.	2026-10-10
bl2seq	Blastn_QueryInterval_SubjWhole	n-a		Only the both/both default is searchable in LOSAT; its minus-strand hits are covered e2e by LOSAT/tests/outfmt0_manifest.tsv:15 (strand.blastn) and LOSAT/tests/run_local_blastn.rs:309 a_lowercase_query_finds_the_same_hits_on_both_strands.	2026-10-10
bl2seq	BlastpMultipleQueries_MultipleSubjs	e2e		evidence (b28e42e1): LOSAT/tests/run_local_blastp.rs fn every_format_of_one_search_matches_the_cli_run_of_that_format (8 x 8); LOSAT/tests/blastp_v010_parity_manifest.tsv:2-6 (pairwise_* vs NCBI, incl. a no-hit pair :5); LOSAT/tests/outfmt0_manifest.tsv:125 (e…	2026-10-10
bl2seq	BlastpMultipleQueries_MultipleSubjs_RunEx	e2e		evidence (b28e42e1): LOSAT/tests/run_local_blastp.rs fn every_format_of_one_search_matches_the_cli_run_of_that_format (8 x 8); LOSAT/tests/blastp_v010_parity_manifest.tsv:2-6 (pairwise_* vs NCBI, incl. a no-hit pair :5); LOSAT/tests/outfmt0_manifest.tsv:125 (e…	2026-10-10
bl2seq	BlastpMultipleQueries_MultipleSubjs_CLocalBlast	n-a		LOSAT implements only db-scan mode (subjects searched as a set); the non-db-scan mode asserted here is explicitly unsupported and that refusal is what LOSAT tests.	2026-10-10
bl2seq	Blastp_MultipleSubjs_SearchAsSet	e2e		evidence (b28e42e1): LOSAT/tests/blastp_v010_parity_manifest.tsv:2 (pairwise_default_serial: default target limit and multiple subject candidates vs NCBI) and :7 (all_hsp_forward_serial); LOSAT/tests/run_local_blastp.rs fn every_format_of_one_search_matches_th…	2026-10-10
bl2seq	BlastOptionsEquality	n-a		LOSAT has no CBlastOptions object; task defaults live in the args structs (src/algorithm/blastn/args.rs:33 task defaults).	2026-10-10
bl2seq	BlastOptionsInequality	n-a		LOSAT has no CBlastOptions object; task defaults live in the args structs (src/algorithm/blastn/args.rs:33 task defaults).	2026-10-10
bl2seq	DiscontiguousMB	e2e		evidence (b28e42e1): LOSAT/tests/blastn_regression_fixtures.py:248-267 (dc.w11_coding_16 ... dc.default_threads4: every template type/length/word size); LOSAT/tests/outfmt0_manifest.tsv:83 (dc.default) and :93 (dc.megablast_template); implementation LOSAT/src/…	2026-10-10
bl2seq	BlastnHumanChrom_MRNA	e2e		evidence (b28e42e1): LOSAT/tests/blastn_parity_manifest.tsv:15-16 (EDL933.Sakai and Sakai.MG1655 megablast vs NCBI); LOSAT/tests/outfmt0_manifest.tsv:10 (compact.megablast) and LOSAT/tests/fixtures/outfmt0/LC738874_LC738870.megablast.out	2026-10-10
bl2seq	testOneSubjectResults2CSeqAlign	e2e		evidence (b28e42e1): LOSAT/tests/outfmt0_manifest.tsv:26-27 (multi.blastn / multi.megablast: 3 queries x 6 subjects incl. no-hit pairs, per-subject HSP counts frozen as NCBI bytes); LOSAT/tests/run_local_blastn.rs:119 (3 x 4 subjects; -max_target_seqs 1 must d…	2026-10-10
bl2seq	testMultiSeqSearchSymmetry	to-port		evidence (b28e42e1): LOSAT/src/algorithm/blastp/blast_engine.rs:4581 run and :4848 run_local (all queries x all subjects implemented); LOSAT/tests/blastp_v010_parity_manifest.tsv:7-9 (forward, reverse and self searches exist as separate oracle cases but no tes…	2026-10-10
bl2seq	testInterruptCallbackWithNull	n-a		LOSAT has no cancellation mechanism in its library API or web API (src/web_api.rs has no cancel path).	2026-10-10
bl2seq	testInterruptCallbackDoNotInterrupt	n-a		LOSAT has no cancellation mechanism in its library API or web API (src/web_api.rs has no cancel path).	2026-10-10
bl2seq	MultiIntervalLoc	n-a		NCBI compiles this case out (#if 0 / SEQLOC_MIX_QUERY_OK); mapping said out_of_scope	2026-10-10
bl2seq	QueryMaskIgnoredInMiniExtension	to-port		evidence (b28e42e1): LOSAT/src/algorithm/blastn/blast_engine/run.rs:8070-8105 (mini-extension port with the masked-subject fallback to s_BlastNaExtend) and :6543-6545 (mask_at_hash handling); no test targets a seed adjacent to a masked query region	2026-10-10
blast_format	BlastFormatTest	partial	LOSAT/src/report/pairwise.rs::test_write_pairwise_simple	The "Query=" assertion is matched on a synthetic result; the archive input and GetDbTotalLength (-db) have no analogue (-db rejected at LOSAT/src/cli.rs:221). Full pairwise reports are compared byte-for-byte only e2e (tests/outfmt0_manifes…	2026-10-10
blast_format	BlastAsyncFormatTest	n-a		LOSAT has no CBlastAsyncFormatThread. That multi-threaded runs print the same bytes is checked only e2e: LOSAT/tests/blastn_regression_fixtures.py:83 prelim.default_threads4, :95 batches.threads4; LOSAT/tests/run_local_blastn.rs:119 runs w…	2026-10-10
blast_format	BlastAsyncFormatFinalizeThrow	n-a		API does not exist in LOSAT.	2026-10-10
blast_format	BlastAsyncFormatDuplicateThrow	n-a		API does not exist in LOSAT.	2026-10-10
blast_format	GetBlastDeflineFromGenbank	n-a		No GenBank/BLAST-DB data loaders; LOSAT reads FASTA only.	2026-10-10
blast_format	GetBlastDeflineFromBlastDb	n-a		BLAST databases and linkouts are not implemented.	2026-10-10
blast_format	GetAlnScoresAndGetScoreString	partial	LOSAT/src/report/outfmt6.rs::test_format_evalue_ncbi_base_scientific;LOSAT/src/report/outfmt6.rs::test_format_bitscore_ncbi_medium	The GetScoreString branches are unit-tested with LOSAT-chosen values, not 2e-141/503. GetAlnScores (Seq-align Score objects, use_this_gi, sum_n=-1) has no analogue: LOSAT formats from its own Hit struct.	2026-10-10
blast_format	GetSubjectQueryCoverageScore	n-a		Subject coverage (qcovs) is explicitly rejected.	2026-10-10
blast_format	BuildArchiveWithDB	n-a		No ASN.1 Blast4-archive (-outfmt 11) output.	2026-10-10
blast_format	BuildArchiveWithBl2seq	n-a		No Blast4-archive output.	2026-10-10
blast_format	BuildArchiveWithTaxidList	n-a		No archive output and no taxid lists.	2026-10-10
blast_format	s_TestSimpleFiltering	n-a		No GI-based alignment filtering (requires GIs/ASN.1 Seq-aligns).	2026-10-10
blast_format	s_TestDBBasedFiltering	n-a		Requires a BLAST database with GI->OID mapping.	2026-10-10
blast_format	VecscreenRunWithHits	n-a		VecScreen is not implemented.	2026-10-10
blast_format	VecscreenRunWithNoHits	n-a		VecScreen is not implemented.	2026-10-10
blast_format	VecscreenRunWithNoDataLoader	n-a		VecScreen and object-manager data loaders are both absent.	2026-10-10
blast_mt	MT_DataLoaderForEachThread_16S	n-a		Also requires installed NCBI databases and the object manager. LOSAT's thread-safety analogue is thread-count invariance of output, checked end-to-end by docs/evidence/losat_web_e2a/check_losat.py --threads 1/2/4 (.claude/skills/losat-gate…	2026-10-10
blast_mt	MT_DataLoaderForEachThread_RefseqProt	n-a		BLAST database + object manager; no LOSAT analogue.	2026-10-10
blast_mt	MT_SingleDataLoaderForAllThreads_16s	n-a		Assertion-free smoke test of toolkit thread safety.	2026-10-10
blast_mt	MT_SingleDataLoaderForAllThreads_ProtSelect	n-a		BLAST database + object manager.	2026-10-10
blast_mt	SeqDBTest_AccsToOid_nr	n-a		Needs the full nr database.	2026-10-10
blast_mt	SeqDBTest_AccsToOid_nt	n-a		Needs the full nt database.	2026-10-10
blast_mt	SeqDBTest2	n-a		CSeqDB memory-mapping thread safety; no LOSAT analogue (subjects are read from FASTA).	2026-10-10
blast_mt	SeqDBTest3	n-a		CSeqDB shared-handle thread safety; no LOSAT analogue.	2026-10-10
blastinput	ReadAccession_MismatchNuclProt	n-a		LOSAT reads only local FASTA files given with -query/-subject; there is no Seq-id resolution, object manager, Entrez or BLAST database access. 29 cases.	2026-10-10
blastinput	ReadAccession_MismatchProtNucl	n-a		LOSAT reads only local FASTA files given with -query/-subject; there is no Seq-id resolution, object manager, Entrez or BLAST database access. 29 cases.	2026-10-10
blastinput	ReadGi_MismatchNuclProt	n-a		LOSAT reads only local FASTA files given with -query/-subject; there is no Seq-id resolution, object manager, Entrez or BLAST database access. 29 cases.	2026-10-10
blastinput	ReadGi_MismatchProtNucl	n-a		LOSAT reads only local FASTA files given with -query/-subject; there is no Seq-id resolution, object manager, Entrez or BLAST database access. 29 cases.	2026-10-10
blastinput	TestSmallDubiousSequences	n-a		LOSAT never guesses the molecule type: blastn-family readers reject a protein letter as 'not an IUPAC nucleotide letter ... not supported by LOSAT' (test only_inputs_read_as_ncbi_reads_them_are_accepted, input.rs:954-988), and the BLASTX r…	2026-10-10
blastinput	ReadFastaWithDefline_MismatchProtNucl	n-a		LOSAT never guesses the molecule type: blastn-family readers reject a protein letter as 'not an IUPAC nucleotide letter ... not supported by LOSAT' (test only_inputs_read_as_ncbi_reads_them_are_accepted, input.rs:954-988), and the BLASTX r…	2026-10-10
blastinput	ReadFastaWithDefline_MismatchNuclProt	n-a		LOSAT never guesses the molecule type: blastn-family readers reject a protein letter as 'not an IUPAC nucleotide letter ... not supported by LOSAT' (test only_inputs_read_as_ncbi_reads_them_are_accepted, input.rs:954-988), and the BLASTX r…	2026-10-10
blastinput	ReadFastaWithDeflineProtein_Single	partial	LOSAT/src/algorithm/blastx/input.rs::ncbi_reader_preserves_normalized_positions_and_warnings;LOSAT/src/algorithm/blastx/input.rs::empty_file_record_and_optional_defline_differ	Only the BLASTX reader has parser tests, and they assert sequence bytes, title and Query_N ids on short strings, not lengths/coordinates, the strand annotation or the absence of a mask; blastn/blastp/tblastn/tblastx parse with the bio crat…	2026-10-10
blastinput	RawFastaWithSpaces	partial	LOSAT/src/algorithm/blastx/input.rs::ncbi_reader_preserves_normalized_positions_and_warnings;LOSAT/src/algorithm/blastx/input.rs::empty_file_record_and_optional_defline_differ	Only the BLASTX reader has parser tests, and they assert sequence bytes, title and Query_N ids on short strings, not lengths/coordinates, the strand annotation or the absence of a mask; blastn/blastp/tblastn/tblastx parse with the bio crat…	2026-10-10
blastinput	ReadProteinWithGaps	partial	LOSAT/src/algorithm/blastx/input.rs::ncbi_reader_preserves_normalized_positions_and_warnings	The BLASTX reader drops hyphens with a 'hyphens' warning and the test asserts the resulting residues; the other four programs reject '-' explicitly instead of ignoring it (blastn/input.rs:988 asserts "'-' at residue 3" is rejected; input.r…	2026-10-10
blastinput	RawFastaNoSpaces	partial	LOSAT/src/algorithm/blastx/input.rs::ncbi_reader_preserves_normalized_positions_and_warnings;LOSAT/src/algorithm/blastx/input.rs::empty_file_record_and_optional_defline_differ	Only the BLASTX reader has parser tests, and they assert sequence bytes, title and Query_N ids on short strings, not lengths/coordinates, the strand annotation or the absence of a mask; blastn/blastp/tblastn/tblastx parse with the bio crat…	2026-10-10
blastinput	RawFastaNoSpaces_UpperCaseWithN_ReadDeltaSeq	n-a		ASN.1 Bioseq representation (raw vs delta) has no LOSAT analogue; the search-relevant behavior (N read as a residue) is in the group above.	2026-10-10
blastinput	ReadGenbankReport	partial	LOSAT/src/algorithm/blastx/input.rs::ncbi_reader_preserves_normalized_positions_and_warnings	The BLASTX reader records invalid-residue positions and the test asserts them for a synthetic line; the warning text 'FASTA-Reader: Ignoring invalid residues at position(s)' and a GenBank-report input are not tested. blastn-family readers…	2026-10-10
blastinput	ReadInvalidGi	n-a		LOSAT reads only local FASTA files given with -query/-subject; there is no Seq-id resolution, object manager, Entrez or BLAST database access. 29 cases.	2026-10-10
blastinput	ReadInvalidSeqId	n-a		LOSAT reads only local FASTA files given with -query/-subject; there is no Seq-id resolution, object manager, Entrez or BLAST database access. 29 cases.	2026-10-10
blastinput	ReadBadUserInput	partial	LOSAT/src/algorithm/blastx/input.rs::ncbi_reader_preserves_normalized_positions_and_warnings;LOSAT/tests/cli_smoke.rs::malformed_fasta_reports_parse_error	Only is_err() is asserted (no error class or 'doesn't look like plausible data' message, no empty-result assertion). cli_smoke's case feeds '!not a FASTA defline\nACGTACGT' to blastn and asserts bio's 'Expected > at record start.' text, an…	2026-10-10
blastinput	ReadMultipleGis_WithBadInput	n-a		LOSAT reads only local FASTA files given with -query/-subject; there is no Seq-id resolution, object manager, Entrez or BLAST database access. 29 cases.	2026-10-10
blastinput	ReadEmptyUserInput	partial	LOSAT/src/algorithm/blastx/input.rs::empty_file_record_and_optional_defline_differ	The empty-buffer error exists only in the BLASTX web adapter and has no test; the CLI's 'Query is Empty!' path (blastn/blast_engine/run.rs:5357, tblastx run_impl.rs:929) is checked only by frozen-hash regressions.	2026-10-10
blastinput	ReadSingleFasta_WithTitle	ported	LOSAT/src/algorithm/blastx/input.rs::ncbi_reader_preserves_normalized_positions_and_warnings		2026-10-10
blastinput	SingleSequenceString_CFastaReaderNoNewLineAfterSeq	partial	LOSAT/src/algorithm/blastx/input.rs::empty_file_record_and_optional_defline_differ;LOSAT/src/algorithm/blastx/input.rs::ncbi_reader_preserves_normalized_positions_and_warnings	The BLASTX reader covers the three shapes with different strings (no explicit length-4 assertion, no IsProtein assertion). The bio-based programs cannot read a defline-less file at all and document it as unsupported (blastn/input.rs:20-26;…	2026-10-10
blastinput	SingleSequenceString_CFastaReaderWithNewLines	partial	LOSAT/src/algorithm/blastx/input.rs::empty_file_record_and_optional_defline_differ;LOSAT/src/algorithm/blastx/input.rs::ncbi_reader_preserves_normalized_positions_and_warnings	The BLASTX reader covers the three shapes with different strings (no explicit length-4 assertion, no IsProtein assertion). The bio-based programs cannot read a defline-less file at all and document it as unsupported (blastn/input.rs:20-26;…	2026-10-10
blastinput	SingleSequenceString_CFastaReaderNoDeflineNoNewLines	partial	LOSAT/src/algorithm/blastx/input.rs::empty_file_record_and_optional_defline_differ;LOSAT/src/algorithm/blastx/input.rs::ncbi_reader_preserves_normalized_positions_and_warnings	The BLASTX reader covers the three shapes with different strings (no explicit length-4 assertion, no IsProtein assertion). The bio-based programs cannot read a defline-less file at all and document it as unsupported (blastn/input.rs:20-26;…	2026-10-10
blastinput	SingleSequenceString_NoNewLineAfterSeq	partial	LOSAT/src/algorithm/blastx/input.rs::empty_file_record_and_optional_defline_differ;LOSAT/src/algorithm/blastx/input.rs::ncbi_reader_preserves_normalized_positions_and_warnings	The BLASTX reader covers the three shapes with different strings (no explicit length-4 assertion, no IsProtein assertion). The bio-based programs cannot read a defline-less file at all and document it as unsupported (blastn/input.rs:20-26;…	2026-10-10
blastinput	SingleSequenceString_WithNewLines	partial	LOSAT/src/algorithm/blastx/input.rs::empty_file_record_and_optional_defline_differ;LOSAT/src/algorithm/blastx/input.rs::ncbi_reader_preserves_normalized_positions_and_warnings	The BLASTX reader covers the three shapes with different strings (no explicit length-4 assertion, no IsProtein assertion). The bio-based programs cannot read a defline-less file at all and document it as unsupported (blastn/input.rs:20-26;…	2026-10-10
blastinput	SingleSequenceString_NoDeflineNoNewLines	partial	LOSAT/src/algorithm/blastx/input.rs::empty_file_record_and_optional_defline_differ;LOSAT/src/algorithm/blastx/input.rs::ncbi_reader_preserves_normalized_positions_and_warnings	The BLASTX reader covers the three shapes with different strings (no explicit length-4 assertion, no IsProtein assertion). The bio-based programs cannot read a defline-less file at all and document it as unsupported (blastn/input.rs:20-26;…	2026-10-10
blastinput	ReadEmptyUserInput_OnlyTitle	partial	LOSAT/src/algorithm/blastx/input.rs::empty_file_record_and_optional_defline_differ;LOSAT/src/web_api/v1_bio.rs::only_inputs_read_as_ncbi_reads_them_are_accepted	The reader half (record kept with zero length) is asserted for BLASTX; CheckForEmptySequences is not ported (blastx/input.rs:800-803 quotes NCBI's commented-out eEmptyUserInput; the text 'Query contains no sequence data' is absent from src…	2026-10-10
blastinput	ReadSingleAccession	n-a		LOSAT reads only local FASTA files given with -query/-subject; there is no Seq-id resolution, object manager, Entrez or BLAST database access. 29 cases.	2026-10-10
blastinput	ReadSingleAccession_RetrieveLargeSequence	n-a		LOSAT reads only local FASTA files given with -query/-subject; there is no Seq-id resolution, object manager, Entrez or BLAST database access. 29 cases.	2026-10-10
blastinput	ReadSingleAccession_RetrieveLargeSequenceWithRange	n-a		LOSAT reads only local FASTA files given with -query/-subject; there is no Seq-id resolution, object manager, Entrez or BLAST database access. 29 cases.	2026-10-10
blastinput	ReadMultipleAccessions	n-a		LOSAT reads only local FASTA files given with -query/-subject; there is no Seq-id resolution, object manager, Entrez or BLAST database access. 29 cases.	2026-10-10
blastinput	ReadMultipleAccessionsFromMemory	n-a		LOSAT reads only local FASTA files given with -query/-subject; there is no Seq-id resolution, object manager, Entrez or BLAST database access. 29 cases.	2026-10-10
blastinput	ReadSingleGi	n-a		LOSAT reads only local FASTA files given with -query/-subject; there is no Seq-id resolution, object manager, Entrez or BLAST database access. 29 cases.	2026-10-10
blastinput	ReadMultipleGis	n-a		LOSAT reads only local FASTA files given with -query/-subject; there is no Seq-id resolution, object manager, Entrez or BLAST database access. 29 cases.	2026-10-10
blastinput	ReadMultipleSequencesFromSequencer	partial	LOSAT/src/algorithm/blastx/input.rs::empty_file_record_and_optional_defline_differ	Record count and local-id numbering are asserted only for a 2-record string in the BLASTX reader; no test reads a 19- or 96-record file, and the bio-based programs have no parser test. Many-record inputs are covered end to end (tests/outfm…	2026-10-10
blastinput	ReadMultipleSequencesFromSequencerParseLocalIds	n-a		-parse_deflines is rejected explicitly for every program, but no test exercises that rejection (grep of tests for parse_deflines finds nothing).	2026-10-10
blastinput	ReadSequenceWithlclID	n-a		-parse_deflines is rejected explicitly for every program, but no test exercises that rejection (grep of tests for parse_deflines finds nothing).	2026-10-10
blastinput	ReadMultipleSequences_OneEmpty	e2e		evidence (b28e42e1): LOSAT/tests/outfmt0_manifest.tsv:137 (e2e.blastp.empty_subject, a residue-less subject among others, frozen stdout+stderr) and :140 (e2e.blastp.empty_only); LOSAT/tests/tblastx_regression_fixtures.py:157-166 (blank/comment-only subjects wi…	2026-10-10
blastinput	ReadMultipleTis	n-a		LOSAT reads only local FASTA files given with -query/-subject; there is no Seq-id resolution, object manager, Entrez or BLAST database access. 29 cases.	2026-10-10
blastinput	ReadSingleTi	n-a		LOSAT reads only local FASTA files given with -query/-subject; there is no Seq-id resolution, object manager, Entrez or BLAST database access. 29 cases.	2026-10-10
blastinput	ReadAccessionsAndGisWithNewLines	n-a		LOSAT reads only local FASTA files given with -query/-subject; there is no Seq-id resolution, object manager, Entrez or BLAST database access. 29 cases.	2026-10-10
blastinput	ReadAccessionNucleotideIntoBuffer_Single	n-a		LOSAT reads only local FASTA files given with -query/-subject; there is no Seq-id resolution, object manager, Entrez or BLAST database access. 29 cases.	2026-10-10
blastinput	ReadGiNuclWithFlankingSpacesIntoBuffer_Single	n-a		LOSAT reads only local FASTA files given with -query/-subject; there is no Seq-id resolution, object manager, Entrez or BLAST database access. 29 cases.	2026-10-10
blastinput	ReadAccessionNuclWithFlankingSpacesIntoBuffer_Single	n-a		LOSAT reads only local FASTA files given with -query/-subject; there is no Seq-id resolution, object manager, Entrez or BLAST database access. 29 cases.	2026-10-10
blastinput	ReadFastaWithDeflineProteinIntoBuffer_Single	partial	LOSAT/src/algorithm/blastx/input.rs::ncbi_reader_preserves_normalized_positions_and_warnings;LOSAT/src/algorithm/blastx/input.rs::empty_file_record_and_optional_defline_differ	Only the BLASTX reader has parser tests, and they assert sequence bytes, title and Query_N ids on short strings, not lengths/coordinates, the strand annotation or the absence of a mask; blastn/blastp/tblastn/tblastx parse with the bio crat…	2026-10-10
blastinput	RangeBoth	n-a		No LOSAT program restricts a query or subject to a range; the options are refused explicitly (tested only for tblastn -subject_loc).	2026-10-10
blastinput	RangeStartOnly	n-a		No LOSAT program restricts a query or subject to a range; the options are refused explicitly (tested only for tblastn -subject_loc).	2026-10-10
blastinput	RangeInvalid_FromGreaterThanTo	n-a		No LOSAT program restricts a query or subject to a range; the options are refused explicitly (tested only for tblastn -subject_loc).	2026-10-10
blastinput	RangeInvalid_FromGreaterThanSequenceLength	n-a		No LOSAT program restricts a query or subject to a range; the options are refused explicitly (tested only for tblastn -subject_loc).	2026-10-10
blastinput	RangeInvalid_ToEqualThanSequenceLength	n-a		No LOSAT program restricts a query or subject to a range; the options are refused explicitly (tested only for tblastn -subject_loc).	2026-10-10
blastinput	RangeInvalid_ToGreaterThanSequenceLength	n-a		No LOSAT program restricts a query or subject to a range; the options are refused explicitly (tested only for tblastn -subject_loc).	2026-10-10
blastinput	ParseDefline	n-a		-parse_deflines is rejected explicitly for every program, but no test exercises that rejection (grep of tests for parse_deflines finds nothing).	2026-10-10
blastinput	BadProtStrand	n-a		LOSAT has no input-source configuration object; for protein programs -strand is simply not an option, matching NCBI's blastp CLI, but the eInvalidStrand API behavior has no analogue and nothing tests the unknown-option path for -strand.	2026-10-10
blastinput	ReadFastaWithDeflineNucl_Multiple	partial	LOSAT/src/algorithm/blastx/input.rs::ncbi_reader_preserves_normalized_positions_and_warnings;LOSAT/src/algorithm/blastx/input.rs::empty_file_record_and_optional_defline_differ	Only the BLASTX reader has parser tests, and they assert sequence bytes, title and Query_N ids on short strings, not lengths/coordinates, the strand annotation or the absence of a mask; blastn/blastp/tblastn/tblastx parse with the bio crat…	2026-10-10
blastinput	NuclStrand	to-port		evidence (b28e42e1): implementation LOSAT/src/algorithm/blastx/args.rs:207 (-strand both|plus|minus) and LOSAT/src/algorithm/blastx/query_setup.rs:251-255 (contexts enabled by options.strand) and :277; blastn/tblastx refuse -strand: LOSAT/src/cli.rs:255 and :5…	2026-10-10
blastinput	NuclLcaseMask_TSeqLocVector	partial	LOSAT/src/algorithm/blastx/input.rs::ncbi_reader_preserves_normalized_positions_and_warnings;LOSAT/src/algorithm/blastn/coordination.rs::test_collect_lowercase_masks	Interval extraction from lowercase runs is asserted on synthetic strings (two implementations, two tests). Not asserted: the strand annotation of masks, the empty mask of an unmasked record, the both-strand duplication for the query vector…	2026-10-10
blastinput	NuclLcaseMask_BlastQueryVector	partial	LOSAT/src/algorithm/blastx/input.rs::ncbi_reader_preserves_normalized_positions_and_warnings;LOSAT/src/algorithm/blastn/coordination.rs::test_collect_lowercase_masks	Interval extraction from lowercase runs is asserted on synthetic strings (two implementations, two tests). Not asserted: the strand annotation of masks, the empty mask of an unmasked record, the both-strand duplication for the query vector…	2026-10-10
blastinput	MultiSeq	partial	LOSAT/src/algorithm/blastx/input.rs::empty_file_record_and_optional_defline_differ	Record count and local-id numbering are asserted only for a 2-record string in the BLASTX reader; no test reads a 19- or 96-record file, and the bio-based programs have no parser test. Many-record inputs are covered end to end (tests/outfm…	2026-10-10
blastinput	MultiRange	n-a		No LOSAT program restricts a query or subject to a range; the options are refused explicitly (tested only for tblastn -subject_loc).	2026-10-10
blastinput	MultiBatch	partial	LOSAT/src/blastinput/query_batch.rs::the_query_that_reaches_the_batch_size_stays_in_the_batch;LOSAT/src/blastinput/query_batch.rs::the_next_batch_takes_queries_until_the_batch_size_is_reached	The batching rule is asserted on synthetic length arrays (same rule as CBlastInput); the parsed-defline ids are not ported (-parse_deflines), and the BLASTX reader's own batching is untested. BATCH_SIZE-driven batches are frozen end to end…	2026-10-10
blastinput	NoDeflineExpected	partial	LOSAT/src/algorithm/blastx/input.rs::empty_file_record_and_optional_defline_differ	Reproduced and tested for the BLASTX reader only; blastn, blastp, tblastn and tblastx use the bio crate, which fails on text before the first defline, and LOSAT documents this as unsupported (blastn/input.rs:20-26; test lines_that_ncbi_ski…	2026-10-10
blastinput	NoDeflineUnexpected	n-a		-parse_deflines is rejected explicitly for every program, but no test exercises that rejection (grep of tests for parse_deflines finds nothing).	2026-10-10
blastinput	wb325_1	n-a		LOSAT reads only local FASTA files given with -query/-subject; there is no Seq-id resolution, object manager, Entrez or BLAST database access. 29 cases.	2026-10-10
blastinput	wb325_2	n-a		LOSAT reads only local FASTA files given with -query/-subject; there is no Seq-id resolution, object manager, Entrez or BLAST database access. 29 cases.	2026-10-10
blastinput	wb325_single1	n-a		LOSAT reads only local FASTA files given with -query/-subject; there is no Seq-id resolution, object manager, Entrez or BLAST database access. 29 cases.	2026-10-10
blastinput	wb325_single2	n-a		LOSAT reads only local FASTA files given with -query/-subject; there is no Seq-id resolution, object manager, Entrez or BLAST database access. 29 cases.	2026-10-10
blastinput	ReadSinglePdb	n-a		LOSAT reads only local FASTA files given with -query/-subject; there is no Seq-id resolution, object manager, Entrez or BLAST database access. 29 cases.	2026-10-10
blastinput	ThrowOnEmptySequence	n-a		LOSAT reads only local FASTA files given with -query/-subject; there is no Seq-id resolution, object manager, Entrez or BLAST database access. 29 cases.	2026-10-10
blastinput	FetchSraID	n-a		LOSAT reads only local FASTA files given with -query/-subject; there is no Seq-id resolution, object manager, Entrez or BLAST database access. 29 cases.	2026-10-10
blastinput	ReadSinglePdb_InDifferentFormats	n-a		LOSAT reads only local FASTA files given with -query/-subject; there is no Seq-id resolution, object manager, Entrez or BLAST database access. 29 cases.	2026-10-10
blastinput	RawFastaNoSpaces_UpperCaseWithN	partial	LOSAT/src/algorithm/blastx/input.rs::ncbi_reader_preserves_normalized_positions_and_warnings;LOSAT/src/algorithm/blastx/input.rs::empty_file_record_and_optional_defline_differ	Only the BLASTX reader has parser tests, and they assert sequence bytes, title and Query_N ids on short strings, not lengths/coordinates, the strand annotation or the absence of a mask; blastn/blastp/tblastn/tblastx parse with the bio crat…	2026-10-10
blastinput	ParseSequenceRange_EmptyRange	n-a		No LOSAT program restricts a query or subject to a range; the options are refused explicitly (tested only for tblastn -subject_loc).	2026-10-10
blastinput	ParseSequenceRange_0BasedRange	n-a		No LOSAT program restricts a query or subject to a range; the options are refused explicitly (tested only for tblastn -subject_loc).	2026-10-10
blastinput	ParseSequenceRange_InvalidDelimiter	n-a		No LOSAT program restricts a query or subject to a range; the options are refused explicitly (tested only for tblastn -subject_loc).	2026-10-10
blastinput	ParseSequenceRange_IncompleteRange	n-a		No LOSAT program restricts a query or subject to a range; the options are refused explicitly (tested only for tblastn -subject_loc).	2026-10-10
blastinput	ParseSequenceRange_InvalidRange	n-a		No LOSAT program restricts a query or subject to a range; the options are refused explicitly (tested only for tblastn -subject_loc).	2026-10-10
blastinput	ParseSequenceRange_1BasedRange	n-a		No LOSAT program restricts a query or subject to a range; the options are refused explicitly (tested only for tblastn -subject_loc).	2026-10-10
blastinput	CheckQueryBatchSize	partial	LOSAT/src/blastinput/query_batch.rs::batch_size_strings_are_read_as_ncbis_string_to_int	LOSAT ports the BATCH_SIZE environment path and the use_default=false path (0, then CBatchSizeMixer for blastn, tested at query_batch.rs:300 the_mixer_is_ncbis); the per-program default constants are held in app.rs:669-684 without a test,…	2026-10-10
blastinput	FetchGiFromAccessionInput	n-a		LOSAT reads only local FASTA files given with -query/-subject; there is no Seq-id resolution, object manager, Entrez or BLAST database access. 29 cases.	2026-10-10
blastinput	TestPairedReadsFromFasta	n-a		magicblast-only input plumbing.	2026-10-10
blastinput	TestPairedReadsFromTwoFastaFiles	n-a		magicblast-only input plumbing.	2026-10-10
blastinput	TestSingleReadsFromFasta	n-a		magicblast-only input plumbing.	2026-10-10
blastinput	TestPairedReadsFromFastQ	n-a		magicblast-only input plumbing.	2026-10-10
blastinput	TestPairedReadsFromTwoFastQFiles	n-a		magicblast-only input plumbing.	2026-10-10
blastinput	TestPairedReadsFromASN1	n-a		magicblast-only input plumbing.	2026-10-10
blastinput	TestPairedReadsFromTwoASN1Files	n-a		magicblast-only input plumbing.	2026-10-10
blastinput	TestPairedReadsFromFastC	n-a		magicblast-only input plumbing.	2026-10-10
blastinput	PsiBlastAppTestMatrix	n-a		PSI-BLAST and RPS-BLAST are outside LOSAT's five programs.	2026-10-10
blastinput	RpsBlastCBS	n-a		PSI-BLAST and RPS-BLAST are outside LOSAT's five programs.	2026-10-10
blastinput	CheckMutuallyExclusiveOptions	n-a		Remote search is not implemented, so the exclusion with -num_threads cannot exist; LOSAT instead tests that -remote itself is refused with the program-naming message.	2026-10-10
blastinput	CheckDiscoMegablast	ported	LOSAT/tests/cli_v2.rs::defaults_and_task_overrides_remain_distinct;LOSAT/src/algorithm/blastn/scoring.rs::discontiguous_templates_are_checked_after_the_word_size_limit		2026-10-10
blastinput	CheckPercentIdentity	to-port		evidence (b28e42e1): LOSAT/src/blastinput/value_parsers.rs:577 blastn_percentage (rejects values outside 0..=100) wired at LOSAT/src/algorithm/blastn/args.rs:93	2026-10-10
blastinput	CheckNoGreedyExtension	n-a		No test exercises the -no_greedy rejection.	2026-10-10
blastinput	CheckCulling	to-port		evidence (b28e42e1): implementation LOSAT/src/algorithm/blastx/args.rs:180 (value_parser = nonnegative) and LOSAT/src/algorithm/tblastx/args.rs:136-137 (value_parser = nonnegative_ncbi_integer); blastn/blastp/tblastn refuse the option at LOSAT/src/cli.rs:220,…	2026-10-10
blastinput	CheckTaskArgs	ported	LOSAT/tests/unit/blastn/args.rs::test_default_values;LOSAT/tests/unit/blastn/args.rs::test_custom_task;LOSAT/tests/cli_v2.rs::defaults_and_task_overrides_remain_distinct		2026-10-10
blastinput	CheckQueryCoveragePercent	n-a		Query-coverage filtering is not implemented in any program; the refusal is untested.	2026-10-10
blastinput	CheckMaxHspsPerSubject	ported	LOSAT/tests/cli_v2.rs::numeric_values_are_validated_before_io		2026-10-10
align_format	TestFastaPlusGaps	n-a		No multiple-alignment printer (CMultiAlnPrinter is used by cobalt/blast_formatter MSA output).	2026-10-10
align_format	TestClustalW	n-a		No multiple-alignment printer.	2026-10-10
align_format	TestPhylipSequential	n-a		No multiple-alignment printer.	2026-10-10
align_format	TestPhylipInterleaved	n-a		No multiple-alignment printer.	2026-10-10
align_format	TestNexus	n-a		No multiple-alignment printer.	2026-10-10
align_format	TestRejectNexusWithNoAlignType	n-a		No multiple-alignment printer.	2026-10-10
align_format	TestPerformance	e2e		evidence (b28e42e1): docs/evidence/losat_web_e2b/perf_cases.py (V-PERF whole-search timings); .claude/skills/losat-gates/SKILL.md:86 (V-PERF required when 'output writers changed')	2026-10-10
align_format	TestAccConversion	n-a		Requires non-redundant BLAST-DB deflines and use_this_gi/use_this_seq scores.	2026-10-10
align_format	TestAccConversionExt	n-a		Requires BLAST-DB redundant deflines.	2026-10-10
align_format	TestSimpleAlignment_LocalBlastDBLoader	partial	LOSAT/src/report/pairwise.rs::test_write_subject_header;LOSAT/src/report/pairwise.rs::test_write_hsp_info;LOSAT/src/report/pairwise.rs::tblastx_hsp_info_prints_the_linked_set_and_both_frames;LOSAT/src/report/pairwise.rs::tblastx_rows_step_three_nucleotides_in_each_frame_direction;LOSAT/src/algorithm/blastn/pairwise.rs::plus_strand_rows_follow_the_edit_script;LOSAT/src/algorithm/blastn/pairwise.rs::minus_strand_rows_are_reverse_complemented;LOSAT/src/algorithm/blastn/pairwise.rs::masked_positions_are_lowercase_in_the_row_direction	Same elements (defline, Length=, Score/Expect line, Query/Sbjct rows) asserted on synthetic hits, not NCBI's fixture values; long seq-ids/-show_gis not ported (LOSAT/src/cli.rs:251). Whole reports byte-exact only e2e: LOSAT/tests/outfmt0_m…	2026-10-10
align_format	TestSimpleAlignment_RmtBlastDBLoader	n-a		No remote data loader.	2026-10-10
align_format	TestLargeGi	n-a		LOSAT has no GI concept; FASTA ids are printed verbatim.	2026-10-10
align_format	LocalDeflineInfo	partial	LOSAT/src/report/pairwise.rs::description_table_shows_the_linked_set_column;LOSAT/src/report/pairwise.rs::k_bits_follows_ctoolkit_compatible;LOSAT/src/report/defline.rs::titles_follow_ncbi_defline_generator	Score/E-value strings and the sum_n (N) column are asserted on synthetic hits; HTML id_url/score_url not ported (-html rejected LOSAT/src/cli.rs:230); BLAST-DB deflines not available.	2026-10-10
align_format	RemoteDeflineInfo	n-a		No remote data loader.	2026-10-10
align_format	StandardOutput	partial	LOSAT/src/report/outfmt6.rs::test_format_hit_ncbi_compat;LOSAT/src/report/outfmt6.rs::test_format_percent_identity_ncbi_divides_before_scaling;LOSAT/src/algorithm/blastn/hsp.rs::test_blastn_outfmt7_header_matches_ncbi_shape;LOSAT/src/algorithm/blastp/blast_engine.rs::test_parse_blastp_tabular_fields_expands_std_and_dedups	Column formatting and the epilog are unit-tested on synthetic hits; a whole default row of a real alignment is asserted only e2e (LOSAT/tests/blastn_regression_fixtures.py:73 prelim.default; LOSAT/tests/outfmt0_manifest.tsv:143 e2e.blastp.…	2026-10-10
align_format	QuerySubjectScoreOutput	partial	LOSAT/src/report/outfmt6.rs::test_format_bitscore_ncbi_medium;LOSAT/src/report/outfmt6.rs::test_format_bitscore_ncbi_small;LOSAT/src/algorithm/blastp/blast_engine.rs::test_blastp_tabular_field_text_renders_requested_metadata;LOSAT/src/report/outfmt6.rs::test_output_format_parse	Both bit-score branches are unit-tested but not a chosen-field row of a real alignment. Custom field lists exist only for BLASTP/BLASTX: BLASTN rejects them (LOSAT/src/algorithm/blastn/hsp.rs:1648 test_blastn_rejects_custom_outfmt_until_fi…	2026-10-10
align_format	QueryAccSubjectAccIdentScoreOutput	partial	LOSAT/src/algorithm/blastp/blast_engine.rs::accession_and_version_columns_remain_distinct;LOSAT/src/report/outfmt6.rs::test_format_percent_identity_ncbi_divides_before_scaling;LOSAT/src/report/outfmt6.rs::test_format_bitscore_ncbi_medium	Accession extraction from "gi|..|gb|AE000111.1|AE000111" is not ported: local FASTA ids keep their spelling in qacc and qaccver (LOSAT/src/algorithm/blastp/blast_engine.rs:2246-2248).	2026-10-10
align_format	QueryAccSubjectAccIdentBTOPOutput	partial	LOSAT/src/algorithm/blastp/blast_engine.rs::test_build_btop_matches_ncbi_style_match_run_encoding;LOSAT/src/algorithm/blastp/blast_engine.rs::test_blastp_tabular_field_text_renders_requested_metadata	One synthetic 4-column example covers match run, gap pair and mismatch pair; real-alignment BTOP only e2e (LOSAT/tests/run_blastp_custom_fields_comparison.sh:19 includes btop). BLASTN has no btop (custom fields rejected, hsp.rs:1648); BLAS…	2026-10-10
align_format	TaxonomyOutput	n-a		Requires BLAST-DB taxonomy; explicitly rejected.	2026-10-10
align_format	SubjectTitlesOutput	partial	LOSAT/src/algorithm/blastp/blast_engine.rs::test_blastp_tabular_field_text_renders_requested_metadata;LOSAT/tests/cli_v2.rs::output_capabilities_fail_explicitly_and_help_is_canonical	Only the -subject FASTA path (stitle = N/A, which NCBI also prints for local subjects) is tested; BLAST-DB titles, salltitles (rejected at blast_engine.rs:2277-2280) and the comma delimiter (LOSAT/src/blastinput/app.rs:291-295) are not por…	2026-10-10
align_format	ExtractCorrectSeqIdWhenThereIsSourceObjectInDescription	n-a		The bug tested is ASN.1 Bioseq-descriptor plumbing (object manager); LOSAT reads FASTA only, so no descriptor can be mistaken for an id. -parse_deflines itself is not ported.	2026-10-10
align_format	VecscreenDisplay	n-a		VecScreen display is not implemented.	2026-10-10
