range	row	ncbi_file	ncbi_lines	ncbi_function	branch	status_before	e2i_result	e2i_final	losat_location	evidence	notes
A	1	src/algo/blast/blastinput/blast_args.cpp	84-108	CTaskCmdLineArgs::CTaskCmdLineArgs / SetArgumentDescriptions	dc: -task dc-megablast accepted (CArgAllowStringSet of GetTasks(eNuclNucl) minus vecscreen)	unported	ported	ported	blastinput/value_parsers.rs:320(blastn_task);algorithm/blastn/args.rs:33(BlastnArgs)	default runs -task dc-megablast on dc_small_query/dc_subject: stdout/stderr/exit equal; dc comparisons MelaMJNV/MejoMJNV, AP027131/AP027133, EDL933/Sakai	blastn_task accepts megablast, blastn, dc-megablast, blastn-short exactly (case-sensitive); rmblastn is an explicit rejection (exit 2: NCBI runs it, rc 0); vecscreen, DC-MEGABLAST, dc_megablast, Blastn-Short, foo are parser errors (NCBI USAGE exit 1, LOSAT clap exit 2) = approved exception. web_api.rs keeps megablast|blastn (ABI v1 frozen, TD-1).
A	2	src/algo/blast/blastinput/blast_args.cpp	84-108	CTaskCmdLineArgs::CTaskCmdLineArgs / SetArgumentDescriptions	short: -task blastn-short accepted	unported	ported	ported	blastinput/value_parsers.rs:320(blastn_task);algorithm/blastn/args.rs:33(BlastnArgs)	default runs -task blastn-short on short_query/short_subject (outfmt 0, 6, 7): stdout/stderr/exit equal; blastn-short LC738874/LC738875 81055 HSPs	task string kept in args.task and used by task_defaults, task_dust_by_default, task_uses_megablast_chunks, check_scoring_options. Help text in args.rs:33 lists all four tasks and their defaults.
A	3	src/algo/blast/api/disc_nucl_options.cpp	54-64	CDiscNucleotideOptionsHandle::SetMBLookupTableDefaults / CBlastOptionsFactory::CreateTask	dc: word size 11 (SetWordSize(BLAST_WORDSIZE_NUCL)), lut_type eMBLookupTable, threshold 0, stride 0	faithful	faithful	faithful	algorithm/blastn/coordination.rs:333(task_defaults);algorithm/blastn/coordination.rs:492(determine_effective_word_size)	dc default run equal; epilog 'Matrix: blastn matrix 2 -3' equal (outfmt 0)	dc word_size 11 comes from task_defaults; -word_size 11 and 12 accepted, others hit the template check (row 21).
A	4	src/algo/blast/api/disc_nucl_options.cpp	54-64	CDiscNucleotideOptionsHandle::SetMBLookupTableDefaults -> BlastChooseNaLookupTable / BlastMBLookupTableNew	dc: mb_template_type 0 (coding) and mb_template_length 18 by default; mb_template_length > 0 forces eMBLookupTable with lut_width = word_size, scan_step 1, s_FillDiscMBTable	unported	ported	ported	algorithm/blastn/coordination.rs:333(task_defaults);algorithm/blastn/coordination.rs:483(determine_template);algorithm/blastn/coordination.rs:682(choose_na_lookup_table);algorithm/blastn/coordination.rs:1063(build_lookup_tables);algorithm/blastn/blast_engine/run.rs:6595(search_query_batch)	dc default run equal (dc_query/dc_subject outfmt 0, 6, 7); 162 dc runs word_size {default,11,12} x 9 template combos x 6 option sets equal; EDL933/Sakai 11602 HSPs; unit tests disc_lookup.rs, lookup.rs disc_lookup_tests, coordination.rs task_defaults_follow_ncbi_handles	dc defaults template coding / length 18 (determine_template); mb_template_length > 0 selects the discontiguous MB table with scan_step 1 (build_lookup_tables, disc_lookup.rs).
A	5	src/algo/blast/api/disc_nucl_options.cpp	66-74	CDiscNucleotideOptionsHandle::SetMBInitialWordOptionsDefaults	dc: ungapped x-drop 20 bits (BLAST_UNGAPPED_X_DROPOFF_NUCL)	faithful	faithful	faithful	algorithm/blastn/blast_engine/run.rs:7242(search_query_batch);algorithm/blastn/constants.rs:7(X_DROP_UNGAPPED)	dc runs equal (HSP boundaries depend on the ungapped x-drop)	x-drop 20 bits is task independent in LOSAT, same as NCBI for blastn/dc/short.
A	6	src/algo/blast/api/disc_nucl_options.cpp	66-74	CDiscNucleotideOptionsHandle::SetMBInitialWordOptionsDefaults	dc: window size 40 (BLAST_WINDOW_SIZE_DISC) -> two-hit seed extension	divergent	ported	ported	algorithm/blastn/coordination.rs:333(task_defaults window_size 40);algorithm/blastn/coordination.rs:543(configure_task window_size);algorithm/blastn/blast_engine/run.rs:6692(search_query_batch window_size);algorithm/blastn/blast_engine/run.rs:3766(SubjectScratch::new)	dc EDL933/Sakai 11602 HSPs equal; dc_query/dc_subject outfmt 0/6/7 equal; unit test task_defaults_follow_ncbi_handles	TWO_HIT_WINDOW constant replaced by config.window_size (40 dc, 0 others); two-hit diag hash uses it (run.rs diag_hash_insert_window, window_size > 0 branch).
A	7	src/algo/blast/api/disc_nucl_options.cpp	76-84	CDiscNucleotideOptionsHandle::SetMBGappedExtensionDefaults	dc: gap x-drop 30, final 100, gap trigger 27, eDynProgScoreOnly + eDynProgTbck (not greedy)	faithful	faithful	faithful	algorithm/blastn/coordination.rs:543(configure_task use_dp, x_drop_gapped, x_drop_final);algorithm/blastn/scoring.rs:130(check_scoring_options)	dc runs equal; dc with gap costs 5/2, 2/2 (162-run sweep) equal	dc: x-drop 30/100, trigger 27, DP not greedy; zero gap costs with dc give NCBI's 'Greedy extension must be used if gap existence and extension options are zero' (scoring.rs:130), equal text and exit 1.
A	8	src/algo/blast/api/disc_nucl_options.cpp	86-90	CDiscNucleotideOptionsHandle::SetMBScoringOptionsDefaults -> SetScoringOptionsDefaults	dc: reward 2, penalty -3, gap open 5, gap extend 2 (blastn scoring, not megablast 1/-2/0/0)	faithful	faithful	faithful	algorithm/blastn/coordination.rs:333(task_defaults);algorithm/blastn/coordination.rs:517(determine_scoring_params)	dc default run equal; epilog 'Gap Penalties: Existence: 5, Extension: 2' equal	dc blastn scoring 2/-3/5/2.
A	9	src/algo/blast/api/blast_nucl_options.cpp	251-271	CBlastNucleotideOptionsHandle::SetMBHitSavingOptionsDefaults (inherited by CDiscNucleotideOptionsHandle)	dc: min_diag_separation 6 (megablast value; dc does not override SetMBHitSavingOptionsDefaults), hit list 500, evalue 10	divergent	ported	ported	algorithm/blastn/coordination.rs:333(task_defaults min_diag_separation);algorithm/blastn/coordination.rs:543(configure_task);algorithm/blastn/blast_engine/run.rs:7191(search_query_batch)	dc EDL933/Sakai 11602 HSPs equal; AP027131/AP027133 equal	dc uses MIN_DIAG_SEPARATION_MEGABLAST (6) via task_defaults; blastn and blastn-short 50. Read CBlastNucleotideOptionsHandle::SetMBHitSavingOptionsDefaults (blast_nucl_options.cpp:251-271): 6, not overridden by CDiscNucleotideOptionsHandle.
A	10	src/algo/blast/api/blast_nucl_options.cpp	154-160	CBlastNucleotideOptionsHandle::SetQueryOptionDefaults	dc: dust on (20 64 1), mask_at_hash true, strand both	faithful	faithful	faithful	algorithm/blastn/args.rs:302(resolve_dust);algorithm/blastn/coordination.rs:1008(apply_dust_masking)	dc with -dust yes/no/'20 64 1'/'10 32 2'/bad on 6 input pairs, with and without -lcase_masking: equal (672-run sweep over 4 tasks)	dc DUST defaults on (task_dust_by_default true).
A	11	src/algo/blast/api/local_blast.cpp	54-73	SplitQuery_GetChunkSize + CBatchSizeMixer (blastn_app.cpp:260-261)	dc: opt.GetProgram() = eDiscMegablast -> chunk size 5,000,000 (mixer maximum 4,999,000)	divergent	ported	ported	algorithm/blastn/coordination.rs:452(task_uses_megablast_chunks);algorithm/blastn/query_split.rs:23(query_chunk_size);algorithm/blastn/blast_engine/run.rs:5523(run)	unit test coordination.rs task_defaults_follow_ncbi_handles (task_uses_megablast_chunks); dc EDL933/Sakai (5.5 Mb query) equal; 2.33 Mb query (EDL933 1000000-3300000) vs 30 kb Sakai slice, outfmt 0/6/7 equal for dc (no split) and blastn-short (split in 1 Mb chunks)	dc and megablast 5,000,000; blastn and blastn-short 1,000,000. Only visible for queries over 1 Mb; the 2.33 Mb run is in scratch big_q.fa/big_s.fa.
A	12	src/algo/blast/api/blast_options_handle.cpp	344-359	CBlastOptionsFactory::CreateTask	short: SetWordSize(7) after Create(eBlastn)	divergent	ported	ported	algorithm/blastn/coordination.rs:333(task_defaults);algorithm/blastn/coordination.rs:492(determine_effective_word_size)	short default run equal; 420-run sweep over word sizes 4..28 x 7 scoring sets x 4 e-values equal	blastn-short word size 7.
A	13	src/algo/blast/api/blast_options_handle.cpp	344-359	CBlastOptionsFactory::CreateTask	short: SetMatchReward(1), SetMismatchPenalty(-3)	divergent	ported	ported	algorithm/blastn/coordination.rs:333(task_defaults);algorithm/blastn/coordination.rs:517(determine_scoring_params)	short default run equal; 'Matrix: blastn matrix 1 -3' epilog equal (outfmt 0)	blastn-short reward 1, penalty -3.
A	14	src/algo/blast/api/blast_options_handle.cpp	344-359	CBlastOptionsFactory::CreateTask	short: gap open 5, gap extend 2 stay at the blastn defaults (not changed by CreateTask)	faithful	faithful	faithful	algorithm/blastn/coordination.rs:333(task_defaults);algorithm/blastn/coordination.rs:517(determine_scoring_params)	short default run equal; epilog 'Gap Penalties: Existence: 5, Extension: 2' equal	gap 5/2 kept for blastn-short.
A	15	src/algo/blast/api/blast_options_handle.cpp	344-359	CBlastOptionsFactory::CreateTask	short: SetEvalueThreshold(1000)	divergent	ported	ported	algorithm/blastn/args.rs:81(BlastnArgs evalue);algorithm/blastn/coordination.rs:412(determine_evalue);algorithm/blastn/blast_engine/run.rs:7194(search_query_batch);algorithm/blastn/scoring.rs:130(check_scoring_options)	short default run equal (159013 bytes, equal); -evalue 0, 1e-5, 10, 1000, -1, abc, 1e400, 1e-400, nan, inf equal or parser errors only	evalue is Option<f64>; omitted takes the task default (1000 for blastn-short); -evalue 0 gives NCBI's 'expect value or cutoff score must be greater than zero'. hex -evalue 0x10 is accepted by NCBI and rejected by LOSAT (shared option, documented decision in value_parsers.rs, not task specific).
A	16	src/algo/blast/api/blast_options_cxx.cpp	1022-1031	CBlastOptions::ClearFilterOptions (called by CreateTask for blastn-short)	short: dust off, seg off, repeat off, mask_at_hash false, window masker off	divergent	ported	ported	algorithm/blastn/coordination.rs:433(task_dust_by_default);algorithm/blastn/args.rs:302(resolve_dust)	short default run equal on short_query/short_subject and 6 more pairs (rep, lcase_island, pal, warn, mask); outfmt 0/6/7 equal	blastn-short without -dust: DUST off; seg/repeat/window masker are not options of LOSAT.
A	17	src/algo/blast/blastinput/blast_args.cpp	386-391	CFilteringArgs::ExtractAlgorithmOptions	short: -soft_masking default 'true' -> SetMaskAtHash(true), undoing ClearFilterOptions' mask_at_hash=false	faithful	faithful	faithful	algorithm/blastn/coordination.rs:938(collect_lowercase_masks);algorithm/blastn/coordination.rs:1008(apply_dust_masking)	short with -lcase_masking on mask_query/mask_subject_lc, lcase_island_blastn pair, with DUST yes/no/levels: equal	-soft_masking is an explicit rejection (row 33); its default true is what LOSAT does.
A	18	src/algo/blast/api/blast_nucl_options.cpp	70-90	CBlastNucleotideOptionsHandle::SetTraditionalBlastnDefaults (basis of blastn-short)	short: remaining values stay blastn: program eBlastn, window 0, scan range 0, ungapped x-drop 20, gap x-drop 30/100, trigger 27, DP, min_diag_separation 50, hit list 500, lut eNaLookupTable	faithful	faithful	faithful	algorithm/blastn/coordination.rs:543(configure_task)	short runs equal (outfmt 0, 6, 7); blastn-short LC738874/LC738875 equal	window 0, scan range 0, DP, min_diag_separation 50 from task_defaults.
A	19	src/algo/blast/api/local_blast.cpp	54-73	SplitQuery_GetChunkSize + CBatchSizeMixer (blastn_app.cpp:260-261)	short: opt.GetProgram() = eBlastn -> chunk size 1,000,000 (mixer maximum 999,000)	faithful	faithful	faithful	algorithm/blastn/query_split.rs:23(query_chunk_size);algorithm/blastn/coordination.rs:452(task_uses_megablast_chunks)	unit test coordination.rs task_defaults_follow_ncbi_handles; 2.33 Mb query vs 30 kb subject with blastn-short, outfmt 0/6/7 equal (4385 HSP lines in outfmt 6)	blastn-short chunk size 1,000,000.
A	20	src/algo/blast/blastinput/blast_args.cpp	140-157;252-254	CGenericSearchArgs::SetArgumentDescriptions / ExtractAlgorithmOptions	both: -evalue given replaces the task default (CreateTask runs before ExtractAlgorithmOptions)	faithful	faithful	faithful	algorithm/blastn/args.rs:81(BlastnArgs evalue);blastinput/value_parsers.rs:426(blastn_evalue);algorithm/blastn/coordination.rs:412(determine_evalue)	-evalue 1e-5, 10, 1000 with dc and short: equal	given -evalue replaces the task default.
A	21	src/algo/blast/blastinput/blast_args.cpp	159-171;288-301	CGenericSearchArgs: -word_size (constraint >= 4, SetWordSize) + LookupTableOptionsValidate -> s_DiscWordOptionsValidate (blast_options.c:1248-1284, 1396-1412)	dc: -word_size other than 11 or 12 (default template length 18 is always > 0)	unported	ported	ported	algorithm/blastn/scoring.rs:130(check_scoring_options);blastinput/value_parsers.rs:397(blastn_word_size)	dc -word_size 3..101 (20 values) x 4 template settings, and dc/blastn/megablast/short x 6 word sizes x 7 scoring x 3 templates (504 runs): stdout/stderr/exit equal except parser errors (word_size 3, 0, -1, abc, 11.5)	dc word_size 11, 12 only: other values give NCBI's 'Invalid discontiguous template parameters: word size must be either 11 or 12' exit 1; the word-size-100 limit is checked first (101 gives 'Word-size must be less than or equal to 100').
A	22	src/algo/blast/blastinput/blast_args.cpp	159-171;288-301	CGenericSearchArgs: -word_size + LookupTableOptionsValidate	short: -word_size 4..100 accepted; 3 constraint error; 101 'Word-size must be less than or equal to 100'	faithful	faithful	faithful	blastinput/value_parsers.rs:397(blastn_word_size);algorithm/blastn/scoring.rs:130(check_scoring_options)	short -word_size 3 (parser), 4..100, 101: equal; 420-run sweep	word size >= 4 constraint is a parser error (approved exception); 101 is an option check with NCBI's text.
A	23	src/algo/blast/blastinput/blast_args.cpp	173-183;256-275;670-692	CGenericSearchArgs / CNuclArgs: -gapopen -gapextend -reward -penalty	dc: each given value replaces only its own key; the other keys keep 2/-3/5/2	faithful	faithful	faithful	algorithm/blastn/coordination.rs:333(task_defaults);algorithm/blastn/coordination.rs:517(determine_scoring_params);algorithm/blastn/scoring.rs:130(check_scoring_options);algorithm/blastn/scoring.rs:171(check_losat_limits)	35 reward/penalty/gap sets with dc: equal except -reward 0 (explicit rejection)	each given key replaces only itself. -reward 0 is rejected for every task by check_losat_limits (scoring.rs:171, 'a reward of 0 ... is not supported by LOSAT's BLASTN'); NCBI runs and warns 'Could not calculate ungapped Karlin-Altschul parameters' per query (rc 0). Pre-existing rejection, not task specific.
A	24	src/algo/blast/blastinput/blast_args.cpp	173-183;256-275;670-692	CGenericSearchArgs / CNuclArgs: -gapopen -gapextend -reward -penalty	short: a given -reward/-penalty/-gapopen/-gapextend replaces only its own key; the others keep the blastn-short values (reward 1, penalty -3, gaps 5/2)	divergent	ported	ported	algorithm/blastn/coordination.rs:333(task_defaults);algorithm/blastn/coordination.rs:517(determine_scoring_params);algorithm/blastn/scoring.rs:130(check_scoring_options);algorithm/blastn/scoring.rs:171(check_losat_limits)	35 reward/penalty/gap sets with short: equal except -reward 0 (explicit rejection)	each given key replaces only itself; the others keep 1/-3/5/2.
A	25	src/algo/blast/blastinput/blast_args.cpp	695-733;736-765	CDiscontiguousMegablastArgs::SetArgumentDescriptions / ExtractAlgorithmOptions	dc: -template_type {coding,optimal,coding_and_optimal} with -template_length {16,18,21}: SetMBTemplateType(0/1/2), SetMBTemplateLength(16/18/21) after CNuclArgs, overriding the handle default 0/18	unported	ported	ported	algorithm/blastn/args.rs:54(BlastnArgs template_type, template_length);blastinput/value_parsers.rs:357(blastn_template_type);blastinput/value_parsers.rs:382(blastn_template_length);algorithm/blastn/coordination.rs:483(determine_template)	162 dc runs (3 word_size settings x 9 type/length pairs); the 18 template combinations compared after the port; unit test discontiguous_templates_are_checked_after_the_word_size_limit	see GAP in row 27 for a hexadecimal -template_length.
A	26	src/algo/blast/blastinput/blast_args.cpp	708-731	CDiscontiguousMegablastArgs::SetArgumentDescriptions (SetDependency eRequires)	both: only one of -template_type / -template_length given	unported	exception	exception	algorithm/blastn/args.rs:54(BlastnArgs requires);algorithm/blastn/args.rs:56(BlastnArgs requires)	-task dc-megablast, megablast, blastn, blastn-short with only -template_type coding or only -template_length 18: NCBI USAGE + 'Argument ... requires' (exit 1); LOSAT clap 'the following required arguments were not provided' (exit 2)	parser dependency error, approved exception.
A	27	src/algo/blast/blastinput/blast_args.cpp	708-731	CDiscontiguousMegablastArgs::SetArgumentDescriptions (constraints)	both: invalid -template_type or -template_length value	unported	GAP	ported: -template_length is checked against 16/18/21 with a base-10 conversion, as CArgAllowIntegerSet (blast_input_aux.hpp:214-222,239), so 0x12 is a parser error (blastinput/value_parsers.rs blastn_template_length; tests/cli_v2.rs), commit c45e57d85	blastinput/value_parsers.rs:357(blastn_template_type);blastinput/value_parsers.rs:382(blastn_template_length);blastinput/value_parsers.rs:280(ncbi_constrained_integer)	-task dc-megablast ... -template_type coding -template_length 0x12: NCBI exit 1 with Illegal value; LOSAT exit 0 and prints the search result (see result_A_notes.md GAP 1)	Invalid values (foo, 17, x, 018 variants, 18.0, ' 18', -18, 1e1, overflow) are parser errors in both = approved exception. GAP only for hexadecimal 16, 18, 21 (0x10, 0x12, 0X15, 0x012): NCBI's CArgAllowIntegerSet::Verify reads the string with NStr::StringToInt (base 10, no hex fallback) and rejects it; LOSAT's blastn_template_length uses ncbi_constrained_integer, which accepts 0x prefixes, and then searches.
A	28	src/algo/blast/blastinput/blast_args.cpp	736-765;3584-3641	CDiscontiguousMegablastArgs::ExtractAlgorithmOptions + LookupTableOptionsValidate (blast_options.c:1396-1412)	megablast: template options given (default word size 28 -> word-size error; -word_size 11/12 -> a discontiguous search)	unported	ported	ported	algorithm/blastn/scoring.rs:130(check_scoring_options);algorithm/blastn/coordination.rs:483(determine_template)	megablast x template (3 types x lengths) x word sizes {default, 3..101}: equal, e.g. megablast default word size -> 'word size must be either 11 or 12' exit 1; megablast -word_size 12 + template: outfmt 0/6 equal (57698 and 3620 bytes)	template applies to megablast (MB lookup type kept) as NCBI: -word_size 11 or 12 gives a discontiguous search.
A	29	src/algo/blast/blastinput/blast_args.cpp	736-765;3584-3641	CDiscontiguousMegablastArgs::ExtractAlgorithmOptions + LookupTableOptionsValidate	blastn: template options given (lookup table stays eNaLookupTable)	unported	ported	ported	algorithm/blastn/scoring.rs:130(check_scoring_options);algorithm/blastn/coordination.rs:483(determine_template)	blastn x template x word sizes: equal; blastn with a template and word size 11/12 -> 'Invalid lookup table type for discontiguous Mega BLAST' exit 1; with other word size -> 'word size must be either 11 or 12'	the order word-size limit, then template word size, then lookup table type is NCBI's (blast_options.c:1403).
A	30	src/algo/blast/blastinput/blast_args.cpp	736-765;3584-3641	CDiscontiguousMegablastArgs::ExtractAlgorithmOptions + LookupTableOptionsValidate	short: template options given (default word size 7)	unported	ported	ported	algorithm/blastn/scoring.rs:130(check_scoring_options);algorithm/blastn/coordination.rs:483(determine_template)	blastn-short x template x word sizes: equal; -word_size 11 + template -> 'Invalid lookup table type for discontiguous Mega BLAST'; default word size 7 -> 'word size must be either 11 or 12'	same as blastn (lookup type eNaLookupTable).
A	31	src/algo/blast/blastinput/blast_args.cpp	695-733	CDiscontiguousMegablastArgs::SetArgumentDescriptions	both: -min_raw_gapped_score (same class, SetCutoffScore)	rejected	rejected	rejected	cli.rs:205(is_unported_blastn_arg);cli.rs:63(try_parse_from)	ran LOSAT-90c5f0181 blastn -task dc-megablast and -task blastn-short with -min_raw_gapped_score 10: exit 2, 'error: the NCBI BLAST+ option -min_raw_gapped_score is not supported by LOSAT's BLASTN' (rejected_run.txt)	explicit rejection kept (cli.rs is_unported_blastn_arg), same for both tasks; output is clap-style error text, exit 2.
A	32	src/algo/blast/blastinput/blast_args.cpp	344-352;405-421	CFilteringArgs::SetArgumentDescriptions / ExtractAlgorithmOptions	short: -dust given ('yes', 'no', 'level window linker') -> SetDustFiltering(true/false) / levels; mask_at_hash true	faithful	faithful	faithful	blastinput/value_parsers.rs:92(parse_dust_filtering);algorithm/blastn/args.rs:302(resolve_dust)	short with -dust yes, no, '20 64 1', '10 32 2', '2 64 1', '64 64 1', '30 8 1', '20 64 0', '20 64', 'a b c', '1 2 3 4', '100 100 100', '-1 64 1' on 6 input pairs, with/without -lcase_masking: equal	invalid forms give NCBI's 'Invalid number of arguments to filtering option'/'Invalid input for filtering parameters' with equal exit.
A	33	src/algo/blast/blastinput/blast_args.cpp	326-372	CFilteringArgs::SetArgumentDescriptions / ExtractAlgorithmOptions	both: -soft_masking, -filtering_db, -window_masker_taxid, -window_masker_db	rejected	rejected	rejected	cli.rs:205(is_unported_blastn_arg);cli.rs:63(try_parse_from)	ran LOSAT-90c5f0181 blastn -task dc-megablast and -task blastn-short with -soft_masking true: exit 2, 'error: the NCBI BLAST+ option -soft_masking is not supported by LOSAT's BLASTN' (rejected_run.txt)	explicit rejection kept (cli.rs is_unported_blastn_arg), same for both tasks; output is clap-style error text, exit 2.
A	34	src/algo/blast/blastinput/blast_args.cpp	470-498	CWindowSizeArg::ExtractAlgorithmOptions + BLAST_GetSuggestedWindowSize (blast_options.c:1211-1236)	dc: -window_size absent: eBlastTypeBlastn returns 0 without setting window, so the handle's 40 stays	divergent	ported	ported	algorithm/blastn/coordination.rs:333(task_defaults window_size 40);algorithm/blastn/coordination.rs:543(configure_task);algorithm/blastn/blast_engine/run.rs:6692(search_query_batch)	same as row 6	-window_size absent gives 40 for dc.
A	35	src/algo/blast/blastinput/blast_args.cpp	470-498	CWindowSizeArg::ExtractAlgorithmOptions + BLAST_GetSuggestedWindowSize	short: -window_size absent: window stays 0 (one-hit)	faithful	faithful	faithful	algorithm/blastn/coordination.rs:333(task_defaults window_size 0);algorithm/blastn/coordination.rs:543(configure_task)	short runs equal incl. outfmt 0 epilog (no 'Window for multiple hits' line)	one-hit for blastn-short.
A	36	src/algo/blast/blastinput/blast_args.cpp	470-498	CWindowSizeArg::SetArgumentDescriptions	both: -window_size N (N >= 0) given	rejected	rejected	rejected	cli.rs:205(is_unported_blastn_arg);cli.rs:63(try_parse_from)	ran LOSAT-90c5f0181 blastn -task dc-megablast and -task blastn-short with -window_size 40: exit 2, 'error: the NCBI BLAST+ option -window_size is not supported by LOSAT's BLASTN' (rejected_run.txt)	explicit rejection kept (cli.rs is_unported_blastn_arg), same for both tasks; output is clap-style error text, exit 2.
A	37	src/algo/blast/blastinput/blast_args.cpp	500-523;src/algo/blast/core/blast_options.c	COffDiagonalRangeArg::ExtractAlgorithmOptions + BlastInitialWordOptionsValidate (blast_options.c:601-625)	both: -off_diagonal_range absent: default key 0 -> SetOffDiagonalRange(0); the 'only useful in 2-hit algorithm' test cannot fire	faithful	faithful	faithful	algorithm/blastn/constants.rs:35(SCAN_RANGE_BLASTN);algorithm/blastn/coordination.rs:543(configure_task scan_range)	dc and short runs equal	scan range 0 for all tasks; NCBI's check 'off_diagonal_range is only useful in 2-hit algorithm' (blast_options.c) cannot fire with 0.
A	38	src/algo/blast/blastinput/blast_args.cpp	500-523	COffDiagonalRangeArg::SetArgumentDescriptions + BlastInitialWordOptionsValidate	both: -off_diagonal_range N given	rejected	rejected	rejected	cli.rs:205(is_unported_blastn_arg);cli.rs:63(try_parse_from)	ran LOSAT-90c5f0181 blastn -task dc-megablast and -task blastn-short with -off_diagonal_range 5: exit 2, 'error: the NCBI BLAST+ option -off_diagonal_range is not supported by LOSAT's BLASTN' (rejected_run.txt)	explicit rejection kept (cli.rs is_unported_blastn_arg), same for both tasks; output is clap-style error text, exit 2.
A	39	src/algo/blast/blastinput/blast_args.cpp	904-931	CGappedArgs::ExtractAlgorithmOptions	both: -ungapped absent -> SetGappedMode(true)	faithful	faithful	faithful	algorithm/blastn/coordination.rs:543(configure_task)	dc and short runs equal	LOSAT is always gapped; -ungapped is rejected (row 40).
A	40	src/algo/blast/blastinput/blast_args.cpp	904-931	CGappedArgs::SetArgumentDescriptions	both: -ungapped	rejected	rejected	rejected	cli.rs:205(is_unported_blastn_arg);cli.rs:63(try_parse_from)	ran LOSAT-90c5f0181 blastn -task dc-megablast and -task blastn-short with -ungapped: exit 2, 'error: the NCBI BLAST+ option -ungapped is not supported by LOSAT's BLASTN' (rejected_run.txt)	explicit rejection kept (cli.rs is_unported_blastn_arg), same for both tasks; output is clap-style error text, exit 2.
A	41	src/algo/blast/blastinput/blast_args.cpp	3292-3350	CHspFilteringArgs::SetArgumentDescriptions / ExtractAlgorithmOptions	both: -culling_limit (SetCullingLimit)	rejected	rejected	rejected	cli.rs:205(is_unported_blastn_arg);cli.rs:63(try_parse_from)	ran LOSAT-90c5f0181 blastn -task dc-megablast and -task blastn-short with -culling_limit 2: exit 2, 'error: the NCBI BLAST+ option -culling_limit is not supported by LOSAT's BLASTN' (rejected_run.txt)	explicit rejection kept (cli.rs is_unported_blastn_arg), same for both tasks; output is clap-style error text, exit 2.
A	42	src/algo/blast/blastinput/blast_args.cpp	3292-3350	CHspFilteringArgs::SetArgumentDescriptions / ExtractAlgorithmOptions	both: -best_hit_overhang (SetBestHitOverhang)	rejected	rejected	rejected	cli.rs:205(is_unported_blastn_arg);cli.rs:63(try_parse_from)	ran LOSAT-90c5f0181 blastn -task dc-megablast and -task blastn-short with -best_hit_overhang 0.1: exit 2, 'error: the NCBI BLAST+ option -best_hit_overhang is not supported by LOSAT's BLASTN' (rejected_run.txt)	explicit rejection kept (cli.rs is_unported_blastn_arg), same for both tasks; output is clap-style error text, exit 2.
A	43	src/algo/blast/blastinput/blast_args.cpp	3292-3350	CHspFilteringArgs::SetArgumentDescriptions / ExtractAlgorithmOptions	both: -best_hit_score_edge (SetBestHitScoreEdge)	rejected	rejected	rejected	cli.rs:205(is_unported_blastn_arg);cli.rs:63(try_parse_from)	ran LOSAT-90c5f0181 blastn -task dc-megablast and -task blastn-short with -best_hit_score_edge 0.1: exit 2, 'error: the NCBI BLAST+ option -best_hit_score_edge is not supported by LOSAT's BLASTN' (rejected_run.txt)	explicit rejection kept (cli.rs is_unported_blastn_arg), same for both tasks; output is clap-style error text, exit 2.
A	44	src/algo/blast/blastinput/blast_args.cpp	3352-3416	CMbIndexArgs::ExtractAlgorithmOptions	both: -use_index/-index_name absent or given, -subject given (index never applies to bl2seq; non-megablast tasks also force use_index false)	faithful	faithful	faithful	cli.rs:205(is_unported_blastn_arg)	dc and short runs with -subject equal; NCBI sets no index with -subject	bl2seq never uses an index, so absent -use_index/-index_name has no effect.
A	45	src/algo/blast/blastinput/blast_args.cpp	3352-3366	CMbIndexArgs::SetArgumentDescriptions	both: -use_index, -index_name	rejected	rejected	rejected	cli.rs:205(is_unported_blastn_arg);cli.rs:63(try_parse_from)	ran LOSAT-90c5f0181 blastn -task dc-megablast and -task blastn-short with -use_index true: exit 2, 'error: the NCBI BLAST+ option -use_index is not supported by LOSAT's BLASTN' (rejected_run.txt)	explicit rejection kept (cli.rs is_unported_blastn_arg), same for both tasks; output is clap-style error text, exit 2.
A	46	src/algo/blast/blastinput/blast_args.cpp	205-229;283-286	CGenericSearchArgs::SetArgumentDescriptions / ExtractAlgorithmOptions	both: -xdrop_ungap	rejected	rejected	rejected	cli.rs:205(is_unported_blastn_arg);cli.rs:63(try_parse_from)	ran LOSAT-90c5f0181 blastn -task dc-megablast and -task blastn-short with -xdrop_ungap 20: exit 2, 'error: the NCBI BLAST+ option -xdrop_ungap is not supported by LOSAT's BLASTN' (rejected_run.txt)	explicit rejection kept (cli.rs is_unported_blastn_arg), same for both tasks; output is clap-style error text, exit 2.
A	47	src/algo/blast/blastinput/blast_args.cpp	205-229;278-281	CGenericSearchArgs::SetArgumentDescriptions / ExtractAlgorithmOptions	both: -xdrop_gap	rejected	rejected	rejected	cli.rs:205(is_unported_blastn_arg);cli.rs:63(try_parse_from)	ran LOSAT-90c5f0181 blastn -task dc-megablast and -task blastn-short with -xdrop_gap 30: exit 2, 'error: the NCBI BLAST+ option -xdrop_gap is not supported by LOSAT's BLASTN' (rejected_run.txt)	explicit rejection kept (cli.rs is_unported_blastn_arg), same for both tasks; output is clap-style error text, exit 2.
A	48	src/algo/blast/blastinput/blast_args.cpp	205-229;278-281	CGenericSearchArgs::SetArgumentDescriptions / ExtractAlgorithmOptions	both: -xdrop_gap_final	rejected	rejected	rejected	cli.rs:205(is_unported_blastn_arg);cli.rs:63(try_parse_from)	ran LOSAT-90c5f0181 blastn -task dc-megablast and -task blastn-short with -xdrop_gap_final 100: exit 2, 'error: the NCBI BLAST+ option -xdrop_gap_final is not supported by LOSAT's BLASTN' (rejected_run.txt)	explicit rejection kept (cli.rs is_unported_blastn_arg), same for both tasks; output is clap-style error text, exit 2.
A	49	src/algo/blast/blastinput/blast_args.cpp	232-238;303-307	CGenericSearchArgs::SetArgumentDescriptions / ExtractAlgorithmOptions	both: -searchsp	rejected	rejected	rejected	cli.rs:205(is_unported_blastn_arg);cli.rs:63(try_parse_from)	ran LOSAT-90c5f0181 blastn -task dc-megablast and -task blastn-short with -searchsp 100: exit 2, 'error: the NCBI BLAST+ option -searchsp is not supported by LOSAT's BLASTN' (rejected_run.txt)	explicit rejection kept (cli.rs is_unported_blastn_arg), same for both tasks; output is clap-style error text, exit 2.
A	50	src/algo/blast/blastinput/blast_args.cpp	194-199;312-314	CGenericSearchArgs::SetArgumentDescriptions / ExtractAlgorithmOptions	both: -qcov_hsp_perc	rejected	rejected	rejected	cli.rs:205(is_unported_blastn_arg);cli.rs:63(try_parse_from)	ran LOSAT-90c5f0181 blastn -task dc-megablast and -task blastn-short with -qcov_hsp_perc 50: exit 2, 'error: the NCBI BLAST+ option -qcov_hsp_perc is not supported by LOSAT's BLASTN' (rejected_run.txt)	explicit rejection kept (cli.rs is_unported_blastn_arg), same for both tasks; output is clap-style error text, exit 2.
A	51	src/algo/blast/blastinput/blast_args.cpp	641-692	CNuclArgs::SetArgumentDescriptions / ExtractAlgorithmOptions	both: -no_greedy	rejected	rejected	rejected	cli.rs:205(is_unported_blastn_arg);cli.rs:63(try_parse_from)	ran LOSAT-90c5f0181 blastn -task dc-megablast and -task blastn-short with -no_greedy: exit 2, 'error: the NCBI BLAST+ option -no_greedy is not supported by LOSAT's BLASTN' (rejected_run.txt)	explicit rejection kept (cli.rs is_unported_blastn_arg), same for both tasks; output is clap-style error text, exit 2.
A	52	src/algo/blast/blastinput/blast_args.cpp	2576-2742	CFormattingArgs::SetArgumentDescriptions / ExtractAlgorithmOptions	both: -show_gis	rejected	rejected	rejected	cli.rs:205(is_unported_blastn_arg);cli.rs:63(try_parse_from)	ran LOSAT-90c5f0181 blastn -task dc-megablast and -task blastn-short with -show_gis: exit 2, 'error: the NCBI BLAST+ option -show_gis is not supported by LOSAT's BLASTN' (rejected_run.txt)	explicit rejection kept (cli.rs is_unported_blastn_arg), same for both tasks; output is clap-style error text, exit 2.
A	53	src/algo/blast/blastinput/blast_args.cpp	2576-2742	CFormattingArgs::SetArgumentDescriptions / ExtractAlgorithmOptions	both: -num_descriptions	rejected	rejected	rejected	cli.rs:205(is_unported_blastn_arg);cli.rs:63(try_parse_from)	ran LOSAT-90c5f0181 blastn -task dc-megablast and -task blastn-short with -num_descriptions 5: exit 2, 'error: the NCBI BLAST+ option -num_descriptions is not supported by LOSAT's BLASTN' (rejected_run.txt)	explicit rejection kept (cli.rs is_unported_blastn_arg), same for both tasks; output is clap-style error text, exit 2.
A	54	src/algo/blast/blastinput/blast_args.cpp	2576-2742	CFormattingArgs::SetArgumentDescriptions / ExtractAlgorithmOptions	both: -num_alignments	rejected	rejected	rejected	cli.rs:205(is_unported_blastn_arg);cli.rs:63(try_parse_from)	ran LOSAT-90c5f0181 blastn -task dc-megablast and -task blastn-short with -num_alignments 5: exit 2, 'error: the NCBI BLAST+ option -num_alignments is not supported by LOSAT's BLASTN' (rejected_run.txt)	explicit rejection kept (cli.rs is_unported_blastn_arg), same for both tasks; output is clap-style error text, exit 2.
A	55	src/algo/blast/blastinput/blast_args.cpp	2576-2742	CFormattingArgs::SetArgumentDescriptions / ExtractAlgorithmOptions	both: -line_length	rejected	rejected	rejected	cli.rs:205(is_unported_blastn_arg);cli.rs:63(try_parse_from)	ran LOSAT-90c5f0181 blastn -task dc-megablast and -task blastn-short with -line_length 60: exit 2, 'error: the NCBI BLAST+ option -line_length is not supported by LOSAT's BLASTN' (rejected_run.txt)	explicit rejection kept (cli.rs is_unported_blastn_arg), same for both tasks; output is clap-style error text, exit 2.
A	56	src/algo/blast/blastinput/blast_args.cpp	2576-2742	CFormattingArgs::SetArgumentDescriptions / ExtractAlgorithmOptions	both: -html	rejected	rejected	rejected	cli.rs:205(is_unported_blastn_arg);cli.rs:63(try_parse_from)	ran LOSAT-90c5f0181 blastn -task dc-megablast and -task blastn-short with -html: exit 2, 'error: the NCBI BLAST+ option -html is not supported by LOSAT's BLASTN' (rejected_run.txt)	explicit rejection kept (cli.rs is_unported_blastn_arg), same for both tasks; output is clap-style error text, exit 2.
A	57	src/algo/blast/blastinput/blast_args.cpp	2576-2742	CFormattingArgs::SetArgumentDescriptions / ExtractAlgorithmOptions	both: -sorthits	rejected	rejected	rejected	cli.rs:205(is_unported_blastn_arg);cli.rs:63(try_parse_from)	ran LOSAT-90c5f0181 blastn -task dc-megablast and -task blastn-short with -sorthits 1: exit 2, 'error: the NCBI BLAST+ option -sorthits is not supported by LOSAT's BLASTN' (rejected_run.txt)	explicit rejection kept (cli.rs is_unported_blastn_arg), same for both tasks; output is clap-style error text, exit 2.
A	58	src/algo/blast/blastinput/blast_args.cpp	2576-2742	CFormattingArgs::SetArgumentDescriptions / ExtractAlgorithmOptions	both: -sorthsps	rejected	rejected	rejected	cli.rs:205(is_unported_blastn_arg);cli.rs:63(try_parse_from)	ran LOSAT-90c5f0181 blastn -task dc-megablast and -task blastn-short with -sorthsps 1: exit 2, 'error: the NCBI BLAST+ option -sorthsps is not supported by LOSAT's BLASTN' (rejected_run.txt)	explicit rejection kept (cli.rs is_unported_blastn_arg), same for both tasks; output is clap-style error text, exit 2.
A	59	src/app/blast/blastn_app.cpp	222-257	CBlastnApp::x_RunMTBySplitDB (CBlastFormat constructor argument is_megablast)	both: m_CmdLineArgs->GetTask() == \"megablast\" is false for dc-megablast and blastn-short, so the standard blastn reference is printed in the outfmt 0 prolog	faithful	faithful	faithful	algorithm/blastn/blast_engine/run.rs:6089(write_batch_reports);report/pairwise.rs:2113(write_blastn_pairwise_prolog)	dc and short outfmt 0 on dc_query/dc_subject, short_query/short_subject, no-hit and edge inputs: equal (prolog 'Reference' block)	megablast flag is args.task == 'megablast' (false for dc-megablast and blastn-short), as blastn_app.cpp:244.
A	60	src/algo/blast/format/blast_format.cpp	2285-2288	CBlastFormat::PrintEpilog	dc: window size 40 prints 'Window for multiple hits: 40' after the gap penalties line (outfmt 0); blastn-short window 0 prints nothing	unported	ported	ported	report/pairwise.rs:2095(write_blastn_final_footer);report/pairwise.rs:1696(BlastnPairwiseReport window_size);algorithm/blastn/blast_engine/run.rs:6107(write_batch_reports)	dc outfmt 0 on dc_query/dc_subject (62640 bytes) and a no-hit query: equal incl. 'Window for multiple hits: 40' after the gap penalties; short outfmt 0 equal (no line)	megablast/blastn/short window 0 prints nothing. zero_gap_extension_formula is true only for megablast and blastn in LOSAT while NCBI's m_Program is 'blastn' for all four tasks; not observable because gap extension 0 is an option error for dc and blastn-short (see notes).
A	61	src/algo/blast/blastinput/blastn_args.cpp	130-135	CBlastnAppArgs::GetQueryBatchSize + GetQueryBatchSize (blast_input_aux.cpp:69-143)	both: ProgramNameToEnum('dc-megablast') = eDiscMegablast, ('blastn-short') = eBlastn; use_default false and BATCH_SIZE unset -> 0 -> adaptive CBatchSizeMixer	faithful	faithful	faithful	algorithm/blastn/blast_engine/run.rs:5523(run)	dc and short runs equal; BATCH_SIZE unset	GetQueryBatchSize(.., use_default false) returns 0, the adaptive CBatchSizeMixer with maximum chunk size - 1000 (query_split.rs mixer_max_batch_size).
A	62	src/algo/blast/blastinput/blast_args.cpp	3584-3641	CBlastAppArgs::SetOptions	both: CreateTask(task) first, then each class's ExtractAlgorithmOptions in order Task, DB, Std, GenericSearch, Nucl, DiscontiguousMegablast, Filtering, Gapped, HspFiltering, WindowSize, OffDiagonalRange, MbIndex, Query, Formatting, MT, Remote, Debug, then Validate	faithful	faithful	faithful	algorithm/blastn/blast_engine/run.rs:5134(run);algorithm/blastn/scoring.rs:130(check_scoring_options)	504-run combination sweep (4 tasks x word sizes x scoring errors x templates) and 263 more runs of option errors (word size, evalue, gaps, dust, templates together): the first error is NCBI's in every case	NCBI order: CreateTask, ExtractAlgorithmOptions, Validate (Extension, Scoring, Lookup, InitialWord, HitSaving, ExtensionScoring options).
A	63	src/algo/blast/blastinput/blast_args.cpp	135-248	CGenericSearchArgs/CFilteringArgs usage text	both: usage text '(1000 for blastn-short)' / ''no' for blastn-short' and task list	n/a	n/a	n/a	algorithm/blastn/args.rs:33(BlastnArgs);algorithm/blastn/args.rs:81(BlastnArgs);algorithm/blastn/args.rs:212(BlastnArgs dust)	-	usage text only; -help output is clap text (approved exception). LOSAT help text now names the four tasks, e-value 1000 and DUST off for blastn-short.
A	X1	src/algo/blast/blastinput/blast_args.cpp;include/algo/blast/blastinput/blast_input_aux.hpp	719-727;239	CArgAllowIntegerSet::Verify (DEFINE_CARGALLOW_SET_CLASS, NStr::StringToInt) for -template_length	both: constraint check of -template_length reads the string in base 10 only; CArg_Integer conversion (hex fallback) comes first	-	GAP	ported: -template_length is checked against 16/18/21 with a base-10 conversion, as CArgAllowIntegerSet (blast_input_aux.hpp:214-222,239), so 0x12 is a parser error (blastinput/value_parsers.rs blastn_template_length; tests/cli_v2.rs), commit c45e57d85	blastinput/value_parsers.rs:382(blastn_template_length);blastinput/value_parsers.rs:280(ncbi_constrained_integer);blastinput/value_parsers.rs:190(ncbi_integer)	-task dc-megablast ... -template_type coding -template_length 0x12: NCBI exit 1, LOSAT exit 0 with output (GAP 1 in notes)	The same function is behind row 27. Hexadecimal 0x10, 0x12, 0X15, 0x012 are valid conversions (CArg_Integer) but fail the set constraint in NCBI; LOSAT shares ncbi_constrained_integer with the >= constraints (where StringToDouble does accept hex, checked with -word_size 0x0b, equal).
A	X2	src/algo/blast/api/blast_options_local_priv.cpp	374-395	CBlastOptionsLocal::Validate (BLAST_ValidateOptions + index check)	both: dc/short option errors and the index check (m_UseMBIndex only with megablast/blastn/mapper)	-	faithful	faithful	algorithm/blastn/scoring.rs:130(check_scoring_options)	504-run and 263-run option-combination sweeps equal (see rows 21, 62)	BLAST_ValidateOptions order Extension, Scoring, Lookup, InitialWord, HitSaving, ExtensionScoring; the index check cannot fire (bl2seq never uses an index; non-megablast tasks force use_index false, blast_args.cpp:3394).
A	X3	src/algo/blast/core/blast_options.c	1248-1280;1400-1415	s_DiscWordOptionsValidate / LookupTableOptionsValidate template branch	both: mb_template_length > 0: word size 11/12, template length 16/18/21, type 0..2, then lut_type must be eMBLookupTable	-	faithful	faithful	algorithm/blastn/scoring.rs:130(check_scoring_options)	sweeps over 4 tasks x 20 word sizes x 4 template settings equal (sweep1.txt)	The template length/type checks cannot fail through the CLI (constraints); the two reachable messages have NCBI text and exit 1.
A	X4	src/algo/blast/core/blast_options.c	BlastInitialWordOptionsValidate	BlastInitialWordOptionsValidate (off_diagonal_range needs window_size)	dc window 40 / short window 0 with scan_range 0	-	faithful	faithful	algorithm/blastn/constants.rs:35(SCAN_RANGE_BLASTN)	-off_diagonal_range 5 with blastn-short: NCBI exit 1 error text; LOSAT rejects the option (exit 2, row 38)	Only reachable with -off_diagonal_range, an explicit rejection in LOSAT.
A	X5	src/algo/blast/api/blast_options_handle.cpp	340-380	CBlastOptionsFactory::CreateTask (ThrowIfInvalidTask, NStr::CompareNocase)	both: task names compared case-insensitively	-	exception	exception	blastinput/value_parsers.rs:320(blastn_task)	-task Blastn-Short, DC-MEGABLAST: NCBI USAGE exit 1 (the CArgAllowStringSet constraint is case-sensitive and runs first); LOSAT clap exit 2	Parser constraint error, approved exception; CreateTask itself never sees a differently-cased name from the CLI.
A	X6	include/algo/blast/api/disc_nucl_options.hpp	86-93	CDiscNucleotideOptionsHandle::SetWordSize (throws unless 11 or 12)	dc: handle-level word size setter	-	n/a	n/a	-	dc runs with -word_size 5, 28 give the LookupTableOptionsValidate message, not this exception	blastn_args goes through CBlastOptions::SetWordSize (CGenericSearchArgs::ExtractAlgorithmOptions), not the handle, so the exception text \"Word size must be 11 or 12 only\" is never printed; NCBI binary output for -task dc-megablast -word_size 28 confirmed equal to LOSAT.
A	X7	src/app/blast/blastn_app.cpp	141-170	CBlastnApp::Run (-num_threads > 1 with -subject, MT mode)	both: -num_threads given with -subject	-	exception	exception	utils/threading.rs (validate_threads, with_search_pool)	AGENTS.md PD-LOSAT-CLI-NONSEARCH-DIFFERENCES: LOSAT honors -num_threads with -subject, NCBI prints a warning; -num_threads 2 differs only by that warning (sweep3 op32, op69)	Listed for completeness; same for all tasks.
B	1	src/algo/blast/api/blast_options_handle.cpp	211-256	CBlastOptionsFactory::GetTasks (with ThrowIfInvalidTask, blast_aux.cpp:662-674)	both: task names blastn-short and dc-megablast are in the nucleotide task set; the -task constraint is case-sensitive (NCBI 2.17.0 run: -task DC-megablast gives 'Illegal value, expected Permissible values: blastn blastn-short dc-megablast megablast rmblastn')	unported	ported	ported	blastinput/value_parsers.rs:320(blastn_task)	tests/cli_v2.rs defaults_and_task_overrides_remain_distinct; c1-c6 runs of both tasks equal to NCBI 2.17.0; -task DC-megablast: clap text exit 2 (PD-LOSAT-CLI-NONSEARCH-DIFFERENCES) vs NCBI USAGE exit 1	blastn_task accepts megablast, blastn, dc-megablast, blastn-short with exact (case-sensitive) match; rmblastn and other values stay errors (rmblastn: \"the task rmblastn is not supported by LOSAT's BLASTN\"). Invalid-value text is the approved clap exception.
B	2	src/algo/blast/api/blast_options_handle.cpp	377-380;149-151	CBlastOptionsFactory::CreateTask / Create(eDiscMegablast)	dc: task dc-megablast -> new CDiscNucleotideOptionsHandle (program eDiscMegablast, program type eBlastTypeBlastn)	unported	ported	ported	algorithm/blastn/coordination.rs:350(task_defaults dc-megablast arm);algorithm/blastn/coordination.rs:543(configure_task)	unit test coordination.rs task_defaults_follow_ncbi_handles; dc outfmt 0/6/7 on dc_small_query/dc_subject equal to NCBI (runs c1,c3,c5); dc on EDL933/Sakai equal	dc arm: word 11, reward 2, penalty -3, gaps 5/2, evalue 10, DUST on, DP (greedy false), gap x-drop 30 (final 100), min diag separation 6, window 40, template coding/18; every value checked against disc_nucl_options.cpp and the base handle.
B	3	src/algo/blast/api/disc_nucl_options.cpp	47-52	CDiscNucleotideOptionsHandle::CDiscNucleotideOptionsHandle	dc: constructor order: CBlastNucleotideOptionsHandle ctor runs SetDefaults -> SetTraditionalMegablastDefaults with the BASE Set*Defaults (virtual calls in a base constructor), then the derived constructor calls SetDefaults again, now dispatching to the Disc overrides, then SetProgram(eDiscMegablast)	n/a	n/a	n/a	-	-	Structure only (constructor order); net values checked in the rows below.
B	4	src/algo/blast/api/disc_nucl_options.cpp	54-64;N:145-152	CDiscNucleotideOptionsHandle::SetMBLookupTableDefaults (+ CBlastOptionsLocal::SetLookupTableType blast_options_local_priv.hpp:596-603)	dc: default word_size: base sets eMBLookupTable (the setter also forces word_size 28), WordSize 28, then Disc::SetWordSize(BLAST_WORDSIZE_NUCL) -> final word_size 11	faithful	faithful	faithful	algorithm/blastn/coordination.rs:350(task_defaults);algorithm/blastn/coordination.rs:492(determine_effective_word_size)	run c324 (default) equals c325 (-word_size 11) and both equal NCBI; -word_size 12 equal (c326)	Default word size 11 for dc; the megablast-pass 28 is overwritten as in NCBI. threshold/stride are not LOSAT options.
B	5	src/algo/blast/api/disc_nucl_options.cpp	54-64	CDiscNucleotideOptionsHandle::SetMBLookupTableDefaults	dc: mb_template_type 0 (eMBWordCoding) and mb_template_length 18 are set by default	unported	ported	ported	algorithm/blastn/coordination.rs:483(determine_template);algorithm/blastn/coordination.rs:350(task_defaults dc template Coding/18);algorithm/blastn/blast_engine/run.rs:6595(discontig_template);algorithm/blastn/coordination.rs:1161(build_lookup_tables)	18 type x length x word-size combinations (coding/optimal/coding_and_optimal x 16/18/21 x 11/12) on dc_small_query/dc_subject outfmt 6 equal to NCBI (runs c101-c118); disc_lookup.rs unit tests	dc default template is coding/18; -template_type/-template_length replace them. TaskConfig carries mb_template_type/length; the discontiguous table is built when length > 0.
B	6	src/algo/blast/core/blast_nalookup.c	45-70	BlastChooseNaLookupTable	dc: mb_template_length > 0 -> lut_width = word_size, eMBLookupTable regardless of query size	faithful	faithful	faithful	algorithm/blastn/coordination.rs:682(choose_na_lookup_table);algorithm/blastn/coordination.rs:777(finalize_task_config);algorithm/blastn/blast_engine/run.rs:6595(discontig_template)	dc runs equal to NCBI; megablast with -template_length 18 -template_type optimal -word_size 12 equal (c123); same without word size: template error equal (c124)	The flag is now keyed on config.mb_template_length > 0 (as NCBI) instead of task == dc-megablast; scan_step = word - lut_width + 1 = 1. Equal for dc, and megablast/blastn with a template follow NCBI.
B	7	src/algo/blast/api/disc_nucl_options.cpp	66-74	CDiscNucleotideOptionsHandle::SetMBInitialWordOptionsDefaults	dc: ungapped x_dropoff 20 bits (megablast leaves it 0)	faithful	faithful	faithful	algorithm/blastn/blast_engine/run.rs:7236(x_dropoff_init)	dc-megablast on EDL933/Sakai (11602 HSPs) and dc_query/dc_subject (c324) equal to NCBI	x_dropoff_init is ceil(20 ln2/lambda) when args.task != megablast, so dc has the 20-bit ungapped x-drop (megablast 0).
B	8	src/algo/blast/api/disc_nucl_options.cpp	66-74	CDiscNucleotideOptionsHandle::SetMBInitialWordOptionsDefaults	dc: window_size 40 (BLAST_WINDOW_SIZE_DISC): two-hit ungapped extension	divergent	ported	ported	algorithm/blastn/coordination.rs:350(task_defaults window_size 40);algorithm/blastn/blast_engine/run.rs:6692(window_size);algorithm/blastn/blast_engine/run.rs:7700(diag_window);algorithm/blastn/blast_engine/run.rs:7881(two_hits)	dc runs equal to NCBI (c1,c3,c5,c324-337; EDL933/Sakai); unit test task_defaults_follow_ncbi_handles	window_size is a TaskConfig field (dc 40, other tasks 0) used by the diagonal array length, SubjectScratch and the two-hit tests.
B	9	src/algo/blast/api/disc_nucl_options.cpp	66-74;N:162-168	CDiscNucleotideOptionsHandle::SetMBInitialWordOptionsDefaults / CBlastNucleotideOptionsHandle::SetInitialWordOptionsDefaults	both: off-diagonal range (scan_range) 0 (dc: set by neither pass, calloc 0; short: BLAST_SCAN_RANGE_NUCL 0)	faithful	faithful	faithful	algorithm/blastn/coordination.rs:578(scan_range)	dc and blastn-short runs equal to NCBI	scan_range 0 for every task; -off_diagonal_range is rejected.
B	10	src/algo/blast/api/disc_nucl_options.cpp	76-84	CDiscNucleotideOptionsHandle::SetMBGappedExtensionDefaults	dc: gap x-drop 30 bits, final x-drop 100, gap trigger 27, prelim extension eDynProgScoreOnly, traceback eDynProgTbck (blastn values, not megablast greedy 25)	faithful	faithful	faithful	algorithm/blastn/coordination.rs:350(task_defaults);algorithm/blastn/coordination.rs:558(use_dp);algorithm/blastn/coordination.rs:563(x_drop_gapped);algorithm/blastn/coordination.rs:569(x_drop_final)	dc runs equal to NCBI; unit test task_defaults_follow_ncbi_handles asserts use_dp, 30 and 100	dc: DP extension and traceback, gap x-drop 30, final 100; gap trigger 27 shared with blastn (ncbi_cutoffs.rs GAP_TRIGGER_BIT_SCORE_NUCL).
B	11	src/algo/blast/api/disc_nucl_options.cpp	86-90	CDiscNucleotideOptionsHandle::SetMBScoringOptionsDefaults	dc: scoring = blastn scoring (reward 2, penalty -3, gap open 5, gap extend 2, gapped, matrix NULL), not megablast 1/-2/0/0	faithful	faithful	faithful	algorithm/blastn/coordination.rs:350(task_defaults);algorithm/blastn/coordination.rs:517(determine_scoring_params)	dc default and overrides equal to NCBI (c329-c332: -reward/-penalty/-gapopen/-gapextend combinations, c333 error equal)	dc scoring is 2/-3/5/2 unless given.
B	12	src/algo/blast/api/blast_nucl_options.cpp	250-270	CBlastNucleotideOptionsHandle::SetMBHitSavingOptionsDefaults (reached by dc because Disc does not override it)	dc: min_diag_separation 6 (megablast value), hitlist 500, evalue 10, perc_identity 0, max_hsps 0, mask level 101, cutoff 0	divergent	ported	ported	algorithm/blastn/coordination.rs:350(task_defaults min_diag_separation);algorithm/blastn/coordination.rs:587(min_diag_separation)	unit test task_defaults_follow_ncbi_handles (6 for dc, 50 for blastn-short); dc on EDL933/Sakai equal	dc takes the megablast value 6 (MIN_DIAG_SEPARATION_MEGABLAST), blastn and blastn-short 50. Other hit-saving options are shared.
B	13	src/algo/blast/api/blast_nucl_options.cpp	154-160;D:54-90	CBlastNucleotideOptionsHandle::SetQueryOptionDefaults	dc: dust on, mask_at_hash on, strand both (unchanged by the Disc overrides)	faithful	faithful	faithful	algorithm/blastn/args.rs:212(dust);algorithm/blastn/coordination.rs:1014(apply_dust_masking)	dc -dust default/yes/no/levels equal to NCBI (c206-c210)	dust on, mask_at_hash on, both strands, as blastn.
B	14	src/algo/blast/api/disc_nucl_options.cpp	92-97	CDiscNucleotideOptionsHandle::SetTraditionalBlastnDefaults	dc: throws CBlastException eNotSupported	n/a	n/a	n/a	-	-	Not reachable: CreateTask never calls SetTraditionalBlastnDefaults on a dc handle.
B	15	src/algo/blast/api/disc_nucl_options.cpp	(header) disc_nucl_options.hpp:93-100	CDiscNucleotideOptionsHandle::SetWordSize	dc: handle-level SetWordSize throws 'Word size must be 11 or 12 only' for other values	n/a	n/a	n/a	-	dc -word_size 13 gives the Validate text in both programs (c8)	Handle-level SetWordSize is bypassed by CBlastOptions::SetWordSize on the command line.
B	16	src/algo/blast/api/blast_options_handle.cpp	344-361	CBlastOptionsFactory::CreateTask	short: base handle is Create(eBlastn) = CBlastNucleotideOptionsHandle + SetTraditionalBlastnDefaults (program eBlastn, eNaLookupTable, window 0, scan_range 0, x-drop 20/30/100, trigger 27, DP extension and traceback, gap 5/2, min diag separation 50, hitlist 500, dust on, mask_at_hash on); the overrides below follow	faithful	faithful	faithful	algorithm/blastn/coordination.rs:365(task_defaults blastn-short arm);algorithm/blastn/coordination.rs:543(configure_task)	blastn-short outfmt 0/6/7 on short_query/short_subject equal to NCBI (c2,c4,c6); word sizes 4-13,16,28 equal (c301-c312); LC738874/LC738875 81055 HSPs equal	Non-overridden values are the blastn ones: gaps 5/2, DP, x-drop 30/100, min diag separation 50, window 0, no template.
B	17	src/algo/blast/api/blast_options_handle.cpp	356	CBlastOptionsFactory::CreateTask	short: SetMatchReward(1)	divergent	ported	ported	algorithm/blastn/coordination.rs:365(task_defaults reward 1)	blastn-short default outfmt 0/6/7 equal (c2,c4,c6); -reward/-penalty overrides equal (c315-c319; single and paired overrides c501-c539)	Default reward 1; a given -reward replaces it (determine_scoring_params).
B	18	src/algo/blast/api/blast_options_handle.cpp	357	CBlastOptionsFactory::CreateTask	short: SetMismatchPenalty(-3)	faithful	faithful	faithful	algorithm/blastn/coordination.rs:365(task_defaults penalty -3)	blastn-short default equal (c4)	-3 as before.
B	19	src/algo/blast/api/blast_options_handle.cpp	358	CBlastOptionsFactory::CreateTask	short: SetEvalueThreshold(1000)	divergent	ported	ported	algorithm/blastn/args.rs:81(evalue Option);algorithm/blastn/coordination.rs:365(task_defaults evalue 1000);algorithm/blastn/coordination.rs:412(determine_evalue)	blastn-short default outfmt 6 (435 lines) equals NCBI (c4); -evalue 10 and 0.001 equal (c313,c314); -evalue 0 error equal (c21)	Default 1000 for blastn-short, 10 otherwise; a given -evalue wins; the option check uses determine_evalue.
B	20	src/algo/blast/api/blast_options_handle.cpp	359	CBlastOptionsFactory::CreateTask	short: SetWordSize(7) (the lookup table type stays eNaLookupTable)	divergent	ported	ported	algorithm/blastn/coordination.rs:365(task_defaults word_size 7);algorithm/blastn/coordination.rs:492(determine_effective_word_size);algorithm/blastn/coordination.rs:682(choose_na_lookup_table)	blastn-short default and -word_size 4..13,16,28 equal (c301-c312)	Default word size 7; lookup width 6 or 7 by approx entries as NCBI.
B	21	src/algo/blast/api/blast_options_handle.cpp	360;src/algo/blast/api/blast_options_cxx.cpp:1021-1030	CBlastOptionsFactory::CreateTask / CBlastOptions::ClearFilterOptions	short: DUST off (SetDustFiltering(false)); the -dust option can switch it on again (yes -> level 20 window 64 linker 1; or three numbers)	divergent	ported	ported	algorithm/blastn/args.rs:302(resolve_dust);algorithm/blastn/coordination.rs:433(task_dust_by_default);algorithm/blastn/coordination.rs:365(task_defaults dust false)	blastn-short with low-complexity query/subject: default, -dust yes, -dust no, -dust \"10 32 1\" equal (c201-c205)	Default no DUST for blastn-short; -dust yes or three numbers switch it on with the given levels; dc and the others keep DUST on (c206-c210).
B	22	src/algo/blast/api/blast_options_handle.cpp	360;src/algo/blast/api/blast_options_cxx.cpp:1021-1030	CBlastOptions::ClearFilterOptions	short: mask_at_hash cleared (SetMaskAtHash(false)), then restored to true by -soft_masking whose default is 'true' (CFilteringArgs::ExtractAlgorithmOptions blast_args.cpp:389-391)	faithful	faithful	faithful	algorithm/blastn/coordination.rs:1063(build_lookup_tables)	blastn-short -lcase_masking equal (c323); dc equal (c337)	mask_at_hash is true for both tasks (soft_masking default true restores it); -soft_masking is rejected.
B	23	src/algo/blast/api/blast_options_handle.cpp	360;src/algo/blast/api/blast_options_cxx.cpp:1021-1030	CBlastOptions::ClearFilterOptions	short: SEG, repeat filter, window masker cleared (SetSegFiltering/SetRepeatFiltering/SetWindowMaskerTaxId/SetWindowMaskerDatabase)	n/a	n/a	n/a	-	-	SEG, repeat filter and window masker are not reachable for nucleotide bl2seq in scope.
B	24	src/algo/blast/core/blast_nalookup.c	45-186	BlastChooseNaLookupTable	short: word_size 7: approx_table_entries < 250 -> lut_width 6 else 7, eSmallNaLookupTable, promoted to eNaLookupTable when approx entries >= 32767 or max_q_off >= 32768	faithful	faithful	faithful	algorithm/blastn/coordination.rs:682(choose_na_lookup_table)	blastn-short word sizes 4-13,16,28 equal (c301-c312); blastn-short 81055 HSPs equal	Word 7 arm and the small-to-normal promotion unchanged.
B	25	src/algo/blast/api/local_blast.cpp	53-107	SplitQuery_GetChunkSize	short: program eBlastn -> chunk size 1,000,000 (mixer max batch 999,000)	faithful	faithful	faithful	algorithm/blastn/query_split.rs:23(query_chunk_size);algorithm/blastn/blast_engine/run.rs:5523(task_uses_megablast_chunks call)	blastn-short with CHUNK_SIZE=300000 and 120000 on a 2.5 Mb query equal to NCBI (d_blastn-short_*)	blastn-short is not in task_uses_megablast_chunks, so 1,000,000.
B	26	src/algo/blast/api/local_blast.cpp	53-107	SplitQuery_GetChunkSize	dc: program eDiscMegablast -> case with eMegablast/eMapper -> chunk size 5,000,000 (so CBatchSizeMixer max = 4,999,000 at src/app/blast/blastn_app.cpp:261 and query splitting needs a batch of ~10 Mb)	divergent	ported	ported	algorithm/blastn/coordination.rs:452(task_uses_megablast_chunks);algorithm/blastn/blast_engine/run.rs:5523(query_batching_from_environment call);algorithm/blastn/query_split.rs:23(query_chunk_size)	unit test task_defaults_follow_ncbi_handles; dc with a 2.5 Mb query and a 22-record 2.2 Mb query set equal to NCBI (c401,c402); dc with CHUNK_SIZE=300000 and 120000 equal (d_dc-megablast_*)	dc-megablast now gets 5,000,000 (mixer max 4,999,000). I could not find an input whose output depends on 1M vs 5M: NCBI output on the 2.5 Mb query is identical with CHUNK_SIZE=1000000 and the default.
B	27	src/algo/blast/api/split_query_aux_priv.cpp	50-68	SplitQuery_GetOverlapChunkSize	both: nucleotide, OVERLAP_CHUNK_SIZE unset: overlap 100 (not program dependent for dc/short)	faithful	faithful	faithful	algorithm/blastn/query_split.rs:40(QUERY_CHUNK_OVERLAP)	chunked runs equal (d_*)	100 for every task.
B	28	src/algo/blast/api/blast_aux.cpp	706-754	EProgramToEBlastProgramType	both: eDiscMegablast and eBlastn (short) -> eBlastTypeBlastn (program_number of all option structures, CBlastOptionsLocal::SetProgram blast_options_local_priv.hpp:541-560)	n/a	n/a	n/a	-	-	LOSAT BLASTN has no program enum; dc and short use the blastn core program.
B	29	src/algo/blast/api/blast_aux.cpp	757-810;676-704	ProgramNameToEnum / EProgramToTaskName	both: 'dc-megablast' -> eDiscMegablast, 'blastn-short' -> eBlastn (StartsWith 'blastn'); task name round trip	n/a	n/a	n/a	-	-	Task names are only used for the batch size (returns 0 first) and debugging.
B	30	src/algo/blast/blastinput/blast_input_aux.cpp	69-143	GetQueryBatchSize	dc: eDiscMegablast -> 500000 only when use_default is true; blastn_args.cpp:134 passes use_default false	n/a	n/a	n/a	algorithm/blastn/blast_engine/run.rs:5669(query_batching_from_environment)	-	BATCH_SIZE unset returns 0 before the per-program table.
B	31	src/algo/blast/format/blast_format.cpp	94-106;244-245	CBlastFormat constructors (is_megablast)	dc: blastn_app.cpp:244 passes m_CmdLineArgs->GetTask() == \"megablast\", so dc-megablast prints the blastn (Altschul 1997) reference in the outfmt 0 prolog, not the megablast (Zheng Zhang) one; the program name stays BLASTN	faithful	faithful	faithful	algorithm/blastn/blast_engine/run.rs:5816(megablast = task == megablast);algorithm/blastn/blast_engine/run.rs:6089	dc and blastn-short outfmt 0 (prolog with the blastn reference) equal to NCBI (c1,c2)	The prolog flag is task == megablast, false for both tasks.
B	32	src/algo/blast/api/blast_options_builder.cpp	599-631	CBlastOptionsBuilder (remote strategy -> program)	dc: eDiscMegablast returned for service megablast with template options	n/a	n/a	n/a	-	-	Remote/search-strategy import only; -remote and -import_search_strategy are rejected.
B	33	src/algo/blast/api/blast_options_local_priv.cpp	374-396	CBlastOptionsLocal::Validate (index part)	dc: m_UseMBIndex with program other than eMegablast/eBlastn/eMapper -> 'Database index can be used only with contiguous megablast.'	n/a	n/a	n/a	-	NCBI ignores -use_index/-index_name with -subject; LOSAT rejects them (row 47)	Not reachable.
B	34	src/algo/blast/core/blast_options.c	1284-1430;1398-1412	LookupTableOptionsValidate (disc branch) via BLAST_ValidateOptions (1749-1812)	dc: -word_size other than 11 or 12 (mb_template_length 18 > 0): 'Invalid discontiguous template parameters: word size must be either 11 or 12' (checked after the word size 4 and 100 limits, before the e-value check and the greedy-gap check)	unported	ported	ported	algorithm/blastn/scoring.rs:143(check_scoring_options)	dc -word_size 13, 10, 200, 13 with -gapopen 0 -gapextend 0, -evalue 0, -gapopen 5 -gapextend 0 equal to NCBI in stdout, stderr and exit status (c8-c13); unit test discontiguous_templates_are_checked_after_the_word_size_limit	\"Invalid discontiguous template parameters: word size must be either 11 or 12\" after the word-size limit (200 gives the limit message first, c10), before the e-value and the greedy-gap checks; the gap-extension message precedes it (c13).
B	35	src/algo/blast/core/blast_options.c	1248-1282	s_DiscWordOptionsValidate	both: template length not 16/18/21 ('template length must be 16, 18, or 21') or template type > 2	n/a	n/a	n/a	algorithm/blastn/scoring.rs:84(doc comment)	-template_length 20 stops in the argument parser (clap, approved exception; c121)	Template length 16/18/21 and type 0..2 are constrained by the argument parser, so the two later checks cannot fail.
B	36	src/algo/blast/core/blast_options.c	1398-1412	LookupTableOptionsValidate (disc branch)	short: -template_type/-template_length given with the default word size 7: 'Invalid discontiguous template parameters: word size must be either 11 or 12'	unported	ported	ported	algorithm/blastn/scoring.rs:143(check_scoring_options)	blastn-short -template_type coding -template_length 18 equals NCBI (c23); with -word_size 300 the limit message comes first (c27)	Template given with default word size 7 gives the word-size message.
B	37	src/algo/blast/core/blast_options.c	1398-1412	LookupTableOptionsValidate (disc branch)	short: -word_size 11 or 12 with -template_type/-template_length: 'Invalid lookup table type for discontiguous Mega BLAST' (lut_type is eNaLookupTable, not eMBLookupTable)	unported	ported	ported	algorithm/blastn/scoring.rs:145(check_scoring_options mb_lookup_options)	blastn-short -word_size 11 with template equals NCBI (c24); with -gapopen 0 -gapextend 0 or -evalue 0 the lookup-table message comes first (c25,c26); blastn with a template and word size 12 equal (c122)	\"Invalid lookup table type for discontiguous Mega BLAST\" for tasks other than megablast and dc-megablast.
B	38	src/algo/blast/blastinput/blast_args.cpp	695-766	CDiscontiguousMegablastArgs::SetArgumentDescriptions / ExtractAlgorithmOptions	dc: -template_type {coding=0, optimal=1, coding_and_optimal=2} and -template_length {16,18,21}: each requires the other (eRequires), values constrained (case-sensitive), stored as unsigned char via SetMBTemplateType/SetMBTemplateLength; present for every task	unported	ported	ported	algorithm/blastn/args.rs:54(template_type);algorithm/blastn/args.rs:56(template_length);blastinput/value_parsers.rs:357(blastn_template_type);blastinput/value_parsers.rs:382(blastn_template_length)	valid pairs equal to NCBI (c101-c118); only one option, bad length: clap text exit 2 vs NCBI USAGE exit 1 (c119-c121, approved exception); megablast with template equal (c123,c124)	Options present for every task, each requires the other. Error text of constraints/dependencies is the approved clap exception.
B	39	src/algo/blast/core/blast_options.c	1691-1746	s_BlastExtensionScoringOptionsValidate	both: gap_open 0 and gap_extend 0 given with DP extension (dc and short are non-greedy): 'Greedy extension must be used if gap existence and extension options are zero'	faithful	faithful	faithful	algorithm/blastn/scoring.rs:133(greedy = task == megablast);algorithm/blastn/scoring.rs:149(check_scoring_options)	dc and blastn-short with -gapopen 0 -gapextend 0: message and exit 1 equal (c18,c19,c20)	Check is last in the order; greedy is only megablast.
B	40	src/algo/blast/core/blast_options.c	740-771	BlastExtensionOptionsValidate	both: prelim DP and traceback DP for dc and short: no greedy/Smith-Waterman message	n/a	n/a	n/a	-	-	Cannot fail for these tasks.
B	41	src/algo/blast/core/blast_options.c	601-631	BlastInitialWordOptionsValidate	both: scan_range != 0 and window_size == 0 -> 'off_diagonal_range is only useful in 2-hit algorithm'; dc has window 40 by default (accepted), blastn-short window 0 (error)	rejected	rejected	rejected	cli.rs:234(is_unported_blastn_arg off_diagonal_range)	LOSAT run with dc and blastn-short: \"the NCBI BLAST+ option -off_diagonal_range is not supported by LOSAT's BLASTN\" exit 2	Rejected with the message start \"the NCBI BLAST+ option\".
B	42	src/algo/blast/blastinput/blast_args.cpp	471-499	CWindowSizeArg::SetArgumentDescriptions / ExtractAlgorithmOptions	-window_size: given -> SetWindowSize(value); omitted -> BLAST_GetSuggestedWindowSize returns early for blastn (window stays 40 for dc, 0 for short)	rejected	rejected	rejected	cli.rs:254(is_unported_blastn_arg window_size)	LOSAT run: \"the NCBI BLAST+ option -window_size is not supported by LOSAT's BLASTN\" exit 2 (both tasks)	The default 40 for dc is ported (row 8).
B	43	src/algo/blast/blastinput/blast_args.cpp	205-231;276-287	CGenericSearchArgs: -xdrop_ungap, -xdrop_gap, -xdrop_gap_final	both: SetXDropoff / SetGapXDropoff / SetGapXDropoffFinal override the task defaults (dc and short: 20, 30, 100 bits; megablast ungapped 0)	rejected	rejected	rejected	cli.rs:255-257(is_unported_blastn_arg xdrop_gap, xdrop_gap_final, xdrop_ungap)	LOSAT run: \"the NCBI BLAST+ option -xdrop_ungap is not supported by LOSAT's BLASTN\" (and the other two), exit 2	
B	44	src/algo/blast/blastinput/blast_args.cpp	640-690	CNuclArgs: -no_greedy	both: SetGapExtnAlgorithm(eDynProgScoreOnly), SetGapTracebackAlgorithm(eDynProgTbck)	rejected	rejected	rejected	cli.rs:230(is_unported_blastn_arg no_greedy)	LOSAT run: \"the NCBI BLAST+ option -no_greedy is not supported by LOSAT's BLASTN\" exit 2	
B	45	src/algo/blast/blastinput/blast_args.cpp	905-925	CGappedArgs: -ungapped	both: SetGappedMode(false) (gapped_calculation false; ungapped Karlin statistics, no gapped extension)	rejected	rejected	rejected	cli.rs:249(is_unported_blastn_arg ungapped)	LOSAT run: \"the NCBI BLAST+ option -ungapped is not supported by LOSAT's BLASTN\" exit 2	
B	46	src/algo/blast/blastinput/blast_args.cpp	365-369;389-391	CFilteringArgs: -soft_masking	short: default true restores mask_at_hash after ClearFilterOptions; -soft_masking false leaves it false; dc: default true	rejected	rejected	rejected	cli.rs:242(is_unported_blastn_arg soft_masking)	LOSAT run: \"the NCBI BLAST+ option -soft_masking is not supported by LOSAT's BLASTN\" exit 2	
B	47	src/algo/blast/blastinput/blast_args.cpp	3353-3417	CMbIndexArgs: -use_index, -index_name	both: ignored when -subject is given (bl2seq), and use_index forced false for tasks other than megablast	rejected	rejected	rejected	cli.rs:222(index_name);cli.rs:250(use_index)	LOSAT run: \"the NCBI BLAST+ option -use_index is not supported by LOSAT's BLASTN\" and -index_name, exit 2	
B	48	src/algo/blast/format/blast_format.cpp	2204-2292 (2285-2288)	CBlastFormat::PrintEpilog	dc: outfmt 0 footer line 'Window for multiple hits: 40' printed because options.GetWindowSize() != 0 (after Matrix and Gap Penalties; blastn, blastn-short and megablast print none because their window is 0)	unported	ported	ported	report/pairwise.rs:2046(write_blastn_final_footer);algorithm/blastn/blast_engine/run.rs:6107(window_size in the report inputs)	dc outfmt 0 (ends with \"Window for multiple hits: 40\") and blastn-short outfmt 0 equal to NCBI (c1,c2)	Footer prints Window for multiple hits when window_size != 0; zero_gap_extension_formula (run.rs:6106) only for megablast/blastn, unobservable for dc/short (zero gap costs fail the greedy check).
B	X1	src/algo/blast/core/blast_options.c	1749-1812	BLAST_ValidateOptions (call order)	both: Extension, Scoring, LookupTable, InitialWord, HitSaving, ExtensionScoring validators run in this order; first failure wins	-	faithful	faithful	algorithm/blastn/scoring.rs:130(check_scoring_options)	unit test options_are_checked_in_ncbi_order; runs c8-c13, c16, c18-c27 equal in stdout, stderr and exit status	Single if-chain: penalty, gap extension 0, word-size limit, template word size, template lookup type, e-value, zero-gap greedy. Order matches NCBI.
B	X2	src/algo/blast/core/blast_options.c	862-935	BlastScoringOptionsValidate (blastn branch)	both: gap_open > 0 and gap_extend == 0 -> \"BLASTN gap extension penalty cannot be 0\"	-	faithful	faithful	algorithm/blastn/scoring.rs:139(check_scoring_options)	run c13 (dc -word_size 13 -gapopen 5 -gapextend 0) equal, gap message before the template message	Same branch for dc and short as for blastn (E2g).
B	X3	src/algo/blast/core/blast_options.c	1505-1520	BlastHitSavingOptionsValidate (expect_value)	both: expect_value <= 0 and cutoff_score <= 0 -> \"expect value or cutoff score must be greater than zero\"	-	faithful	faithful	algorithm/blastn/scoring.rs:147(check_scoring_options);algorithm/blastn/coordination.rs:412(determine_evalue)	runs c16, c17, c21 (-evalue 0 / -1 on dc and blastn-short) equal	Uses the task e-value only when -evalue is omitted (always positive).
B	X4	src/algo/blast/blastinput/blast_args.cpp	3621-3640 (SetOptions) with 380-440 (CFilteringArgs::ExtractAlgorithmOptions)	CBlastAppArgs::SetOptions / CFilteringArgs::ExtractAlgorithmOptions	both: all ExtractAlgorithmOptions run (-dust token errors \"Invalid number of arguments to filtering option\", \"Invalid input for filtering parameters\") before Validate	-	faithful	faithful	algorithm/blastn/args.rs:302(resolve_dust)	runs c601-c607 (-dust malformed together with -word_size 13 / -evalue 0 / template errors) equal	The -dust errors precede the option-check errors as in NCBI; -dust yes or three numbers switches DUST on for blastn-short after ClearFilterOptions (c202,c204).
B	X5	src/algo/blast/core/blast_options.c	1284-1330	LookupTableOptionsValidate (word-size limit, blastn)	both: word_size > DBSEQ_CHUNK_OVERLAP (100) -> \"Word-size must be less than or equal to 100\"	-	faithful	faithful	algorithm/blastn/scoring.rs:141(check_scoring_options)	runs c10, c22, c27 equal	Before the template checks; word_size < 4 is stopped by the argument parser (approved exception).
B	AU1	src/algo/blast/api/blast_options_cxx.cpp	2712-2719	CBlastOptions::GetDefaultsMode	dc and short: read while the task's options are set	-	-	n/a	-	SD audit (a), round 1: reached in NCBI's callgrind runs of the tasks, named by no inventory row	Remote searches only (m_Remote); false for a local search, no output effect.
B	AU2	src/algo/blast/api/blast_options_cxx.cpp	990-998,1009-1017	CBlastOptions::SetMBTemplateLength / SetMBTemplateType	dc (and any task given -template_type/-template_length): store the template in the local options	-	-	n/a	algorithm/blastn/coordination.rs (determine_template)	SD audit (a), round 1: reached in NCBI's callgrind runs of the tasks, named by no inventory row	Store the values whose sources and uses have rows A-25, B-5 and D-5.
B	AU3	src/algo/blast/api/blast_options_cxx.cpp	1237-1245,1313-1321,1343-1388	CBlastOptions::SetSegFiltering / SetRepeatFiltering / Get,SetWindowMaskerTaxId / Get,SetWindowMaskerDatabase	short: called by ClearFilterOptions (B-23)	-	-	n/a	-	SD audit (a), round 1: reached in NCBI's callgrind runs of the tasks, named by no inventory row	Clear filters that LOSAT's BLASTN does not have (B-23); DUST, the filter LOSAT has, is A-16 and A-32.
B	AU4	src/algo/blast/core/blast_options.c	90-115,158-175	SWindowMaskerOptionsNew / SWindowMaskerOptionsFree / SWindowMaskerOptionsResetDB	short: SetWindowMaskerDatabase(NULL) resets the window masker options	-	-	n/a	-	SD audit (a), round 1: reached in NCBI's callgrind runs of the tasks, named by no inventory row	Memory of the cleared window masker options; no output effect.
C	1	src/algo/blast/core/blast_parameters.c	199-222	BlastInitialWordParametersNew (x_dropoff_init per context)	dc: word_options->x_dropoff = 20 (CDiscNucleotideOptionsHandle::SetMBInitialWordOptionsDefaults, disc_nucl_options.cpp:66-73), so x_dropoff_init = (Int4)(scale_factor*ceil(20*LN2/Lambda_ungapped)); traditional megablast leaves it 0	faithful	faithful	faithful	algorithm/blastn/blast_engine/run.rs:7236(x_dropoff_init: megablast->0 else ceil(X_DROP_UNGAPPED*LN2/lambda_ungapped)); run.rs:6717(megablast = task==\"megablast\")	dc-megablast MelaMJNV/MejoMJNV, AP027131/33, EDL933/Sakai (RESULT_COMMON); my 60+120 random dc/short cases t/stress (all SAME); scoring variants -reward/-penalty on dc SAME	dc takes the ceil branch (20 bits) because only the task string megablast gives 0; a megablast task with -template_length also keeps 0 as NCBI (megablast handle). Lambda is the ungapped block of each context (NCBI sbp->kbp = kbp_std, blast_setup.c:420).
C	2	src/algo/blast/core/blast_parameters.c	199-222	BlastInitialWordParametersNew (x_dropoff_init per context)	short: eBlastn handle, x_dropoff 20; Lambda_ungapped is that of the 1/-3 scoring system (composition block of each context)	faithful	faithful	faithful	algorithm/blastn/blast_engine/run.rs:7236(x_dropoff_init); algorithm/blastn/scoring.rs:349(context_ungapped_blocks)	blastn-short 1/-3 runs: LC738874/75 outfmt 0 and 6 (81055 HSPs); my t/shq x t/shs 10 option variants SAME (dust/lcase/word 4,11/evalue)	No change from baseline.
C	3	src/algo/blast/core/blast_parameters.c	236-262;405-413	BlastInitialWordParametersNew nucl_score_table; BlastInitialWordParametersUpdate reduced_nucl_cutoff_score	short: word_size 7 (< 11), so na_ungapped.c:741 and :911 take s_NuclUngappedExtendExact and never read the table or reduced cutoff	n/a	n/a	n/a	algorithm/blastn/blast_engine/run.rs:7219(nucl_score_table); run.rs:7534(reduced_cutoff_scores); run.rs:8854(word_length < 11 -> exact extension; word_length is the template length for dc)	my blastn-short word 4..9 runs with 700-1500 queries SAME; dc runs use the table path (word_length 16/18/21 >= 11) SAME	For short (word 7) the exact path is taken at run.rs:8854; table and reduced cutoff are computed but unused. For dc NCBI and LOSAT both take s_NuclUngappedExtend with the table because word_length (template length) >= 11 (run.rs:8854 uses the template length, not the word size).
C	4	src/algo/blast/core/blast_parameters.c	422-490	BlastExtensionParametersNew	dc: gap_x_dropoff = (Int4)(30*LN2/min_lambda), final = MAX(100*LN2/min_lambda, gap_x_dropoff) (Disc SetMBGappedExtensionDefaults: BLAST_GAP_X_DROPOFF_NUCL 30, eDynProgScoreOnly/eDynProgTbck, not the greedy 25 of megablast)	faithful	faithful	faithful	algorithm/blastn/scoring.rs:428(gap_x_dropoffs); algorithm/blastn/coordination.rs:333(task_defaults dc: greedy false, x_drop_gapped 30); coordination.rs:543(configure_task use_dp = !greedy); run.rs:7188	dc runs listed in RESULT_COMMON; reward/penalty/gap variants on dc (7 combos) SAME	Final X-drop uses X_DROP_GAPPED_FINAL 100 for every task. dc gets DP score-only and 30 bits as the Disc handle; short gets the same.
C	5	src/algo/blast/core/blast_parameters.c	733-826 (option consumed at blast_gapalign.c:3919, blast_traceback.c:405,683, blast_itree.c:833-841)	BlastHitSavingParametersNew (options->min_diag_separation)	dc: min_diag_separation = 6 (Disc does not override SetMBHitSavingOptionsDefaults, blast_nucl_options.cpp:259 SetMinDiagSeparation(6)); blastn/blastn-short use 50	divergent	ported	ported	algorithm/blastn/coordination.rs:333(task_defaults dc min_diag_separation: MIN_DIAG_SEPARATION_MEGABLAST=6); coordination.rs:543(configure_task min_diag_separation = defaults.min_diag_separation); run.rs:7191 and uses 10331,11266,11363,12293	unit test coordination.rs task_defaults_follow_ncbi_handles (min_diag_separation == 6 for dc, 50 for blastn-short); 42 tandem-repeat dc cases (periods 9-48, HSPs on diagonals 6-49 apart) SAME; EDL933/Sakai	blastn-short keeps 50 as the Blastn handle. Sensitivity of the tandem test to 6 vs 50 not demonstrated (NCBI has no option for it).
C	6	src/algo/blast/core/blast_parameters.c	830-993	BlastHitSavingParametersUpdate (cutoff_score_max, prelim_evalue from options->expect_value)	short: expect_value 1000 (CBlastOptionsFactory::CreateTask SetEvalueThreshold(1000), blast_options_handle.cpp:358; -evalue is an optional key, blast_args.cpp:144-146, so 1000 stays unless -evalue is given)	divergent	ported	ported	algorithm/blastn/args.rs:82(evalue: Option<f64>); algorithm/blastn/coordination.rs:412(determine_evalue); run.rs:7194(evalue_threshold) feeding run.rs:7491 cutoff_score_max, run.rs:11007, 12409	unit test task_defaults_follow_ncbi_handles; blastn-short default (17720 rows on t/shq x t/shs), -evalue 10 (17502 rows), -evalue 0.01 -dust no SAME; blastn-short LC738874/75 81055 HSPs	No other user of args.evalue remains in the blastn engine (grep). outfmt 0 footer/params lines for short matched (t/shs outfmt 0, 2977 rows SAME).
C	7	src/algo/blast/core/blast_setup.c	330-375	Blast_ScoreBlkMatrixInit (reward/penalty/name \"blastn matrix:R P\")	short: scoring options reward 1, penalty -3 (CreateTask SetMatchReward(1)/SetMismatchPenalty(-3)), gap 5/2, matrix name \"blastn matrix:1 -3\"	divergent	ported	ported	algorithm/blastn/coordination.rs:333(task_defaults blastn-short reward 1 penalty -3 gaps 5/2); coordination.rs:517(determine_scoring_params); stats/tables.rs:475(BLASTN_1_3)	blastn-short outfmt 0/6/7 on t/shq x t/shs and LC738874/75 SAME; word 4..11 SAME	Task default now 1/-3; explicit -reward/-penalty still win (determine_scoring_params uses unwrap_or).
C	8	src/algo/blast/core/blast_setup.c	330-375	Blast_ScoreBlkMatrixInit (reward/penalty/name)	dc: reward 2, penalty -3, gaps 5/2 (Disc SetMBScoringOptionsDefaults calls SetScoringOptionsDefaults), word size 11	faithful	faithful	faithful	algorithm/blastn/coordination.rs:333(task_defaults dc 2/-3, 5/2, word 11); coordination.rs:492(determine_effective_word_size)	dc outfmt 0 and 7 on t/qa x t/sa SAME incl. footer; 7 scoring variants SAME	-
C	9	src/algo/blast/core/blast_setup.c	563-650	BLAST_MainSetUp (qsup_options->filtering_options; BlastSetUp_GetFilteringLocations -> lookup_segments)	short: no DUST by default (CreateTask ClearFilterOptions, blast_options_handle.cpp:360; -dust is an optional key, blast_args.cpp:346-348 \"no for blastn-short\"); mask_at_hash is set back to TRUE by -soft_masking default	divergent	ported	ported	algorithm/blastn/args.rs:302(resolve_dust: no DustSpec default for blastn-short); algorithm/blastn/coordination.rs:433(task_dust_by_default); coordination.rs:1008(apply_dust_masking); coordination.rs:1250(query_masks)	blastn-short default vs -dust no on repeat queries (t/shq: default 17720 rows = -dust no 17720, -dust yes 237 SAME); unit test task_defaults_follow_ncbi_handles	Order matches NCBI: the argument has no default, so the task decides.
C	10	src/algo/blast/core/blast_setup.c	563-650	BLAST_MainSetUp (filtering_options with DUST after ClearFilterOptions)	short: -dust yes or \"level window linker\" given (SetDustFiltering(true) / SDustOptionsNew plus level, window, linker, blast_args.cpp:410-422)	faithful	faithful	faithful	algorithm/blastn/args.rs:302(resolve_dust); blastinput/value_parsers.rs:92(parse_dust_filtering); coordination.rs:1008(apply_dust_masking)	blastn-short -dust yes (237 rows), -dust \"20 64 1\" (237), -dust \"10 32 2\" (195), -dust yes outfmt 0 SAME	-
C	11	src/algo/blast/core/blast_setup.c	563-650	BLAST_MainSetUp / BLAST_ComplementMaskLocations (lcase_mask only)	short: -lcase_masking with DUST off: only the lowercase masks of the query reach the lookup segments; core filter list empty	faithful	faithful	faithful	algorithm/blastn/coordination.rs:1250(query_masks); algorithm/blastn/lookup.rs:1019(build_unmasked_ranges)	blastn-short -lcase_masking (17644 rows) and -dust yes -lcase_masking (212 rows) SAME; dc -lcase_masking with lowercase query and subjects (341 rows, 5 template variants, outfmt 0) SAME	-
C	12	src/algo/blast/core/lookup_wrap.c	116-166	LookupTableWrapInit_MT (nucleotide cases: BlastChooseNaLookupTable, BlastMBLookupTableNew)	dc: mb_template_length > 0 -> eMBLookupTable with lut_width = word_size (blast_nalookup.c:64-67); BlastMBLookupTableNew fills the discontiguous table (s_FillDiscMBTable, blast_nalookup.c:656-780; template from word_size 11/12 x template_length 16/18/21 x coding/optimal/two templates; scan_step 1)	unported	ported	ported	algorithm/blastn/coordination.rs:1161(build_lookup_tables: discontiguous table when mb_template_length > 0); algorithm/blastn/lookup.rs:build_disc_mb_lookup (disc_lookup_tests at lookup.rs:2341); coordination.rs:682(choose_na_lookup_table discontig -> (Mb, word_size)); run.rs:6595(discontig_template = config.mb_template_length > 0)	disc_lookup_tests in lookup.rs; 18 type x length x word combos (RESULT_COMMON); my chunkRn runs 9 type/length combos x 150 HSPs and te runs 18 combos on 480 short subjects, all SAME	Template length 18 and type coding are the dc defaults (task_defaults).
C	13	src/algo/blast/core/lookup_wrap.c	116-166	LookupTableWrapInit_MT (EstimateNumTableEntries, BlastChooseNaLookupTable)	short: default word_size 7 (CreateTask SetWordSize(7)); LOSAT would use the blastn default 11	divergent	ported	ported	algorithm/blastn/coordination.rs:333(task_defaults blastn-short word_size 7); coordination.rs:492(determine_effective_word_size)	blastn-short default word 7 runs SAME (t/shq x t/shs; LC738874/75)	-
C	14	src/algo/blast/core/blast_nalookup.c	46-185	BlastChooseNaLookupTable (called from LookupTableWrapInit_MT)	short: word_size 4-8 -> eSmallNaLookupTable (4,5,6: width = word; 7: width 6 if approx_table_entries < 250 else 7; 8: width 7 if < 8500 else 8); approx_table_entries >= 32767 or max_q_off >= 32768 -> eNaLookupTable	faithful	faithful	faithful	algorithm/blastn/coordination.rs:682(choose_na_lookup_table); coordination.rs:777(finalize_task_config); run.rs:4013(compute_lookup_query_stats)	my t/shq_{700,1000,1200,1500} x t/shs2 blastn-short word 4,5 (700,1000), 6 (700), 7,8,9 (all four sizes) SAME (1000 queries total 34307 letters, so the approx entries are near the 32767 switch; exact count not computed); earlier 70/450/700-query runs	Word 4/5 with 1200+ queries and word 6 with 1000+ not run (output near 1.4M rows each, machine load); word 7-9 cover the 32767 boundary.
C	15	src/algo/blast/core/lookup_wrap.c	139-146	LookupTableWrapInit_MT (BlastSmallNaLookupTableNew status != 0 -> eNaLookupTable fallback)	short: word_size 4-8 with lut width == word size and many/repeated query words (overflow_cells_needed >= 32768, blast_nalookup.c:219-224), e.g. word 7 with ~28000-32766 table entries, or word 4-6 with more than ~28000 entries	n/a	n/a	n/a	-	my n=1000..1500 x word 7..9 runs SAME	No fallback in LOSAT (small kind kept); output neutral as the inventory states. Not shown to trigger. SD audit (a), round 1: the fallback does trigger for blastn-short (a 16 kb query of two copies of an 8 kb unit with -word_size 7 or 8: BlastSmallNaLookupTableNew fails and NCBI uses BlastNaLookupTableNew and s_BlastNaScanSubject_Any); LOSAT keeps its table and outfmt 0 and 6 are equal at -evalue 1e-5 and 1e-20.
C	16	src/algo/blast/core/lookup_wrap.c	255-290	GetOffsetArraySize (longest_chain)	both: dc eMBLookupTable (longest_chain of the discontiguous table) and short eSmallNaLookupTable (longest_chain of the small table): OFFSET_ARRAY_SIZE + longest_chain	n/a	n/a	n/a	algorithm/blastn/blast_engine/run.rs:6992(offset_array_size: OFFSET_ARRAY_SIZE + two_stage.longest_chain() via lookup.rs:974)	dc runs SAME	Only sizes a buffer; dc takes the longest chain from the discontiguous MB table (lookup.rs:974). Scans stream words in scan order so batch boundaries do not change extension order.
C	17	src/algo/blast/core/blast_nascan.c	2982-2992;2602-2640	BlastChooseNucleotideScanSubject (s_MBChooseScanSubject)	dc: mb_lt->discontiguous -> s_MB_DiscWordScanSubject_TwoTemplates_1 / _11_18_1 / _11_21_1 / _1 (stride 1, reads discontiguous words, honours masked-subject start offsets)	unported	ported	ported	algorithm/blastn/disc_lookup.rs:600(choose_disc_scan_subject); disc_lookup.rs:621(disc_word_scan_subject); algorithm/blastn/blast_engine/run.rs:2829(scan_subject_disc_words_with_ranges, kind at 2852); run.rs:9250 call	disc_lookup.rs unit tests; 18 combos (RESULT_COMMON); te test: 480 subjects of length 8-47 with exact/rc/1-mismatch/flanked hits at both ends, 18 type x length x word runs SAME; lcase masked subjects SAME	-
C	18	src/algo/blast/core/blast_nascan.c	1298-1360	BlastChooseNucleotideScanSubject (s_SmallNaChooseScanSubject)	short: small table, lut width 4/5/6 with stride 1 (and 6 with stride 2) get specialised scans, other widths/strides the generic one	n/a	n/a	n/a	algorithm/blastn/blast_engine/run.rs:6656(small_na_aligned_one_byte)	blastn-short words 4-9 SAME	Speed specialisations only; LOSAT keeps one scan loop.
C	19	src/algo/blast/core/na_ungapped.c	1791-1840;1627-1631	BlastChooseNaExtend; BlastNaWordFinder word_length/lut_word_length	dc: MB table with discontiguous: extend_callback = s_BlastNaExtendDirect and BlastNaWordFinder uses word_length = lut_word_length = template_length (16/18/21), so scan_range[2] = subject length - template_length	unported	ported	ported	algorithm/blastn/lookup.rs:940(lut_word_length returns template_length when disc); lookup.rs:949(word_length); run.rs two-stage branch uses two_stage.lut_word_length()/word_length(); run.rs:8854(word_length < 11)	te test (subjects 8-47 nt around template length, hits at the subject ends) SAME for template 16/18/21; stress 180 cases SAME	Scan end = subject length - template length via the disc scans; subjects shorter than the template give no words. The preliminary s_len_full < effective_word_size return (run.rs:7394) uses the word size (11/12), which is below the template length, so subjects between 11 and template-1 enter the scan and find nothing.
C	20	src/algo/blast/core/na_ungapped.c	1791-1840	BlastChooseNaExtend	short: small table: lut_word_length == word_length -> s_BlastNaExtendDirect; lut%4==0 && scan_step%4==0 && word-lut<=4 -> s_BlastSmallNaExtendAlignedOneByte; else s_BlastSmallNaExtend (cases word/lut 7/6, 8/7, 9/8, 9/7, 10/8, 10/7)	faithful	faithful	faithful	algorithm/blastn/blast_engine/run.rs:6656(small_na_aligned_one_byte); run.rs:8084(small_na_word.extend_aligned_one_byte / extend)	blastn-short words 4,6,7,8,9,11 SAME	-
C	21	src/algo/blast/core/blast_extend.c	42-70	s_BlastDiagTableNew (array container)	dc: window_size 40: multiple_hits TRUE, diag_array_length = smallest power of 2 >= query->length + 40, diag_table->offset = window = 40	divergent	ported	ported	algorithm/blastn/blast_engine/run.rs:6692-6698(diag_array_length: smallest power of 2 >= query_concat_length + config.window_size); run.rs:3807(SubjectScratch diag_table_offset = window_size); run.rs:7684(diag_table_length); constants.rs TWO_HIT_WINDOW no longer used by blastn	single query L=3997-4002 and 7998-8003 (concat 2L+1 around 8000: array 7999, hash 8001) dc SAME; crafted diagonal-aliasing inputs (exact 24-nt segments whose diagonals differ by 4096, L=2040,2043,2046,2047, concat 4081-4095, both orders) SAME with 0 rows; many-subject runs on arrays (L=800) SAME; 180 random stress cases SAME	Window 40 is on in NCBI for dc: with window_size 0 NCBI gives 526 rows and with window 40 gives 157 rows on t/q4000 x t/s4000 (NCBI -window_size 0 check), so the tests are sensitive to the window. Sizing difference (2^k-40,2^k] can matter only for L>=2039 at 4096 (alias needs 2L+1+gap >= 4096); I found no positive control because the old size cannot be reproduced; both binaries give 0 rows on the aliasing input.
C	22	src/algo/blast/core/blast_extend.c	128-135	BlastExtendWordNew (eDiagHash container)	dc: query block > 8000 -> hash table with window = offset = 40	divergent	ported	ported	algorithm/blastn/blast_engine/run.rs:3806(DiagHashTable::new(window_size): offset = window = 40); run.rs:7698(use_diag_hash = query_concat_length > 8000); run.rs:843(DiagHashTable::insert, stale test s_off - level > window); run.rs:893(diag_hash_insert_window = window + min(scan_range, window - word_length) + 1 = 41 for dc)	L=4000/4001/4002 (concat 8001+) and multi-query batches (many3999/4000/4600: 3000 subjects 1-600 nt) dc SAME; 124-record 570 Mb wrap run with 4500-nt query (hash) SAME 489 rows	Container choice unchanged from blastn. Delta = min(scan_range 0, 40 - template_length) = 0 so the insert window is 41; for window 0 the negative Delta value is kept as NCBI does.
C	23	src/algo/blast/core/blast_extend.c	136-149	BlastExtendWordNew (hit_len_array)	dc: window_size > 0 -> hit_len_array (Uint1 per diagonal) allocated next to hit_level_array	divergent	ported	ported	algorithm/blastn/blast_engine/run.rs:7772-7790(hit_len_array allocated if window_size > 0, cleared otherwise); advance_diag_table_offset run.rs:652 clears it on reset	dc runs (array case: L<=3999) SAME; 124-record wrap run with 1200-nt query (array) SAME 484 rows	hit_len_array is Vec<u8> as NCBI Uint1; for dc hit_len = template length (word_length == lut_word_length so s_TypeOfWord returns 1 with extension 0), at most 21. Off-diagonal reads happen only for Delta > 0, never reached because -off_diagonal_range is rejected.
C	24	src/algo/blast/core/blast_extend.c	87-107	s_BlastDiagClear	dc: reset on offset wrap sets last_hit = -40, offset = 40, flag 0 and zeroes hit_len_array	divergent	ported	ported	algorithm/blastn/blast_engine/run.rs:652(advance_diag_table_offset: array reset sets offset = window, last_hit = -window, flag 0, hit_len_array 0; hash reset occupancy 1, offset = window, backbone 0)	124 records x 4.6 Mb (offset passes INT4_MAX/4 = 536870911 at record 118, so records 119-124 run after the reset), -num_threads 1, array (1200-nt query) and hash (4500-nt query), same planted diagonals in every record: SAME 484 and 489 rows with hits in all 124 records	The reset code is a line-by-line copy for any window. A missing clear would lose hits after the reset (stale last_hit above s_off_pos), which the test would show.
C	25	src/algo/blast/core/blast_extend.c	162-185	Blast_ExtendWordExit	dc: offset += subject_length + 40 after every subject chunk (array and hash), reset to 40 at INT4_MAX/4	divergent	ported	ported	algorithm/blastn/blast_engine/run.rs:652(advance_diag_table_offset: offset += subject_len + diag_window); call at run.rs:10739 (end of every chunk) and run.rs:7818 (subject chunk shorter than word size)	chunk tests: EDL933 (5.53 Mb, 2 chunks) with queries across 4999900 SAME (19 rows); 10.3 Mb single record (3 chunks, overlaps at 4999900 and 9999800) with 60 mutated pieces at the two overlaps, 9 template variants SAME (174 rows); 3000 subjects 1-600 nt SAME	Per chunk (not per sequence) as NCBI Blast_ExtendWordExit(subject->length) after each BlastNaWordFinder. Deviation without output effect: a whole subject shorter than effective_word_size returns at run.rs:7394 before the advance, whereas NCBI advances by length + 40; stale entries are always >= 40 behind the next offset either way, and only the wrap point moves (shorter subjects do not count).
C	26	src/algo/blast/core/blast_parameters.c	279-416	BlastInitialWordParametersUpdate (cutoff_score, x_dropoff, reduced_nucl_cutoff_score)	dc: gapped blastn path: gap_trigger = (Int4)((27*LN2+logK_ungapped)/Lambda_ungapped); cutoff_score = MIN(gap_trigger, cutoff_score_max); x_dropoff = x_dropoff_init (20 bits, nonzero) instead of cutoff_score; reduced_nucl_cutoff_score = (Int4)(0.8*cutoff_score); no window_size term	faithful	faithful	faithful	algorithm/blastn/blast_engine/run.rs:7236(x_dropoff_init); algorithm/blastn/ncbi_cutoffs.rs:49(gap_trigger_raw_score); ncbi_cutoffs.rs:138(cutoff_score_for_ungapped_extension); run.rs:7519-7545(x_dropoff_scores, reduced_cutoff_scores)	dc and short runs as above	Window does not enter the update; the !gapped_calculation branch is only reachable with -ungapped (rejected).
C	27	src/algo/blast/core/blast_setup.c	456-533	BlastSetup_ScoreBlkInit / Blast_ScoreBlkKbpUngappedCalc (invalid contexts)	short: reward 1/penalty -3 makes the expected score non-negative for skewed query composition (match probability > 0.75, e.g. poly-A), so the ungapped Karlin block fails and that context is invalid; DUST is off so such queries are no longer masked away	faithful	faithful	faithful	algorithm/blastn/blast_engine/run.rs:6717-6794(context_blocks / context_valid); algorithm/blastn/scoring.rs:379(context_blocks)	poly-A query with blastn-short 1/-3 outfmt 0/6/7 (RESULT_COMMON); t/shq has poly-A/AT/ACGT repeat queries with dust off SAME	-
C	28	src/algo/blast/core/blast_engine.c	987-1075	s_BlastSetUpAuxStructures (BlastExtendWordNew, WordFinder, offset_pairs)	both: WordFinder = BlastNaWordFinder for every nucleotide lookup type (eSmallNaLookupTable, eNaLookupTable, eMBLookupTable incl. discontiguous), BlastChooseNucleotideScanSubject + BlastChooseNaExtend first; BlastExtendWordNew(query->length, word_params) takes window_size from the options (0 for blastn/blastn-short, 40 for dc)	faithful	faithful	faithful	algorithm/blastn/blast_engine/run.rs:6692(diag_array_length); run.rs:6992(offset_array_size); run.rs:3766(SubjectScratch::new(.., window_size)); run.rs:12573(per-batch scratch)	all runs	Single WordFinder for every nucleotide table, with the window taken from config.window_size (0 or 40).
C	29	src/algo/blast/api/local_blast.cpp	54-100	SplitQuery_GetChunkSize (used by blastn_app.cpp:261 CBatchSizeMixer(chunk - 1000) and CQuerySplitter)	dc: program eDiscMegablast -> chunk size 5,000,000 (same as megablast); blastn and blastn-short (eBlastn) use 1,000,000	divergent	ported	ported	algorithm/blastn/blast_engine/run.rs:5523(query_batching_from_environment(task_uses_megablast_chunks(&args.task))); algorithm/blastn/coordination.rs:452(task_uses_megablast_chunks: megablast | dc-megablast); algorithm/blastn/query_split.rs:23(query_chunk_size)	unit test task_defaults_follow_ncbi_handles; dc with 100 queries x 12 kb (1.2 Mb, one batch for dc, two for blastn) SAME 78 rows (blastn SAME 860); dc with one 2.6 Mb query (no split for dc, split for blastn) SAME 302 rows (blastn SAME 561)	Differences from batching would show only in rare chunk-border HSPs, so the tests are weak evidence; the code path is the NCBI program-to-chunk-size mapping.
C	30	src/algo/blast/core/blast_parameters.c	199-222	BlastInitialWordParametersNew (word_options->x_dropoff)	both: -xdrop_ungap changes the ungapped X-drop in bits	rejected	rejected	rejected	cli.rs:205(is_unported_blastn_arg), cli.rs:113-118	ran LOSAT-90c5f0181 blastn -task dc-megablast and -task blastn-short with -xdrop_ungap 20: \"error: the NCBI BLAST+ option -xdrop_ungap is not supported by LOSAT's BLASTN\", exit 2	Checked for both tasks.
C	31	src/algo/blast/core/blast_parameters.c	454-463	BlastExtensionParametersNew (options->gap_x_dropoff, gap_x_dropoff_final)	both: -xdrop_gap and -xdrop_gap_final change the gapped X-drops in bits	rejected	rejected	rejected	cli.rs:205(is_unported_blastn_arg), cli.rs:113-118	ran LOSAT-90c5f0181 blastn -task dc-megablast and -task blastn-short with -xdrop_gap 25 (and -xdrop_gap_final 50): \"error: the NCBI BLAST+ option -xdrop_gap is not supported by LOSAT's BLASTN\", exit 2	Checked for both tasks.
C	32	src/algo/blast/core/blast_extend.c	42-70;110-149	s_BlastDiagTableNew / BlastExtendWordNew (options->window_size)	both: -window_size changes the two-hit window (0 for blastn/blastn-short, 40 for dc-megablast)	rejected	rejected	rejected	cli.rs:205(is_unported_blastn_arg), cli.rs:113-118	ran LOSAT-90c5f0181 blastn -task dc-megablast and -task blastn-short with -window_size 40: \"error: the NCBI BLAST+ option -window_size is not supported by LOSAT's BLASTN\", exit 2	Checked for both tasks.
C	33	src/algo/blast/core/blast_parameters.c	279-416	BlastInitialWordParametersNew/Update (options->scan_range)	both: -off_diagonal_range sets scan_range (needs window_size > 0, blast_options.c:621)	rejected	rejected	rejected	cli.rs:205(is_unported_blastn_arg), cli.rs:113-118	ran LOSAT-90c5f0181 blastn -task dc-megablast and -task blastn-short with -off_diagonal_range 2: \"error: the NCBI BLAST+ option -off_diagonal_range is not supported by LOSAT's BLASTN\", exit 2	Checked for both tasks.
C	34	src/algo/blast/core/blast_engine.c	987-1075	s_BlastSetUpAuxStructures / BlastExtensionOptions (ePrelimGapExt)	both: -no_greedy selects dynamic-programming extension (already the dc-megablast and blastn-short default)	rejected	rejected	rejected	cli.rs:205(is_unported_blastn_arg), cli.rs:113-118	ran LOSAT-90c5f0181 blastn -task dc-megablast and -task blastn-short with -no_greedy: \"error: the NCBI BLAST+ option -no_greedy is not supported by LOSAT's BLASTN\", exit 2	Checked for both tasks.
C	35	src/algo/blast/core/blast_parameters.c	279-416	BlastInitialWordParametersUpdate (!gapped_calculation branch: BLAST_Cutoffs with CUTOFF_E_BLASTN 0.05 and query_length*2)	both: -ungapped	rejected	rejected	rejected	cli.rs:205(is_unported_blastn_arg), cli.rs:113-118	ran LOSAT-90c5f0181 blastn -task dc-megablast and -task blastn-short with -ungapped: \"error: the NCBI BLAST+ option -ungapped is not supported by LOSAT's BLASTN\", exit 2	Checked for both tasks.
C	36	src/algo/blast/core/blast_setup.c	563-650	BLAST_MainSetUp (mask_at_hash FALSE -> BlastSetUp_MaskQuery)	both: -soft_masking false	rejected	rejected	rejected	cli.rs:205(is_unported_blastn_arg), cli.rs:113-118	ran LOSAT-90c5f0181 blastn -task dc-megablast and -task blastn-short with -soft_masking false: \"error: the NCBI BLAST+ option -soft_masking is not supported by LOSAT's BLASTN\", exit 2	Checked for both tasks.
C	37	src/algo/blast/core/lookup_wrap.c	110-114;208-210	LookupTableWrapInit_MT (eIndexedMBLookupTable / read_indexed_db)	both: -use_index	rejected	rejected	rejected	cli.rs:205(is_unported_blastn_arg), cli.rs:113-118	ran LOSAT-90c5f0181 blastn -task dc-megablast and -task blastn-short with -use_index false: \"error: the NCBI BLAST+ option -use_index is not supported by LOSAT's BLASTN\", exit 2	Checked for both tasks.
C	X1	src/algo/blast/core/blast_parameters.c	226-231	BlastInitialWordParametersNew container_type (kQueryLenForHashTable 8000 on last context offset+length)	both: eDiagHash when the query block is longer than 8000, else eDiagArray	-	faithful	faithful	algorithm/blastn/blast_engine/run.rs:7698(use_diag_hash = query_concat_length > 8000); run.rs:6518(query_concat_length = sum(2L+1)+K-1 = last context offset + length)	single queries 3997-4002 and 7998-8003 SAME; multi-query batches SAME	Concat of K queries is 2*sum(L)+2K-1 (always odd), so exactly 8000 cannot occur. Counts every query of the batch including invalid ones, as the contexts stay in NCBI query_info.
C	X2	src/algo/blast/api/blast_setup_cxx.cpp; src/algo/blast/core/blast_query_info.c	654; 246-250	query->length passed to BlastExtendWordNew (buflen - 2 with QueryInfo_GetSeqBufLen = last offset + last length + 2)	both	-	faithful	faithful	algorithm/blastn/blast_engine/run.rs:6692-6698(diag_array_length from query_concat_length + window)	boundary runs as for row 21	For both strands the last context has length > 0 so length = last offset + last length.
C	X3	src/algo/blast/core/blast_engine.c	222-310;478-593	s_GetNextSubjectChunk / s_BlastSearchEngineOneContext (MAX_DBSEQ_LEN 5000000, DBSEQ_CHUNK_OVERLAP 100, one word finder call and one Blast_ExtendWordExit per chunk)	both; matters for window 40 because each chunk advances the diagonal offset by chunk length + 40	-	faithful	faithful	algorithm/blastn/blast_engine/run.rs:256,262(constants); run.rs:418-580(SubjectSplitState::next_chunk)	EDL933 2-chunk and 10.3 Mb 3-chunk runs, 60 pieces at the overlaps, SAME	-
C	X4	src/algo/blast/core/na_ungapped.c	1686	BlastNaWordFinder calls Blast_ExtendWordExit(ewp, subject->length) even when the scan range is empty	dc and short: subjects shorter than the lookup word	-	n/a	n/a	algorithm/blastn/blast_engine/run.rs:7394(return before the advance when s_len_full < effective_word_size)	3000 subjects of 1-600 nt SAME	No effect on output (only the wrap point moves); see row 25.
C	X5	src/algo/blast/core/blast_nalookup.c	1258;1327-1334	BlastMBLookupTableNew: mb_lt->stride = stride > 0; scan_step = 1 for the discontiguous table	dc: scan_step 1, check_masks TRUE (stride 0)	-	faithful	faithful	algorithm/blastn/coordination.rs:777(finalize_task_config scan_step = word - lut + 1 = 1 for the discontiguous table); disc_lookup.rs scans step 1	dc runs SAME	LOSAT has no user stride option.
C	X6	src/algo/blast/api/disc_nucl_options.cpp	47-90	CDiscNucleotideOptionsHandle: SetMBLookupTableDefaults (template type 0, length 18, word size 11), SetMBInitialWordOptionsDefaults (x-drop 20, window 40, scan_range left at the BlastInitialWordOptionsNew default 0), SetMBGappedExtensionDefaults, SetMBScoringOptionsDefaults	dc	-	faithful	faithful	algorithm/blastn/coordination.rs:333(task_defaults dc); coordination.rs:543(configure_task scan_range = SCAN_RANGE_BLASTN 0)	unit test task_defaults_follow_ncbi_handles	The dc handle does not override SetMBHitSavingOptionsDefaults (min_diag 6, hitlist 500) - matches row 5.
D	1	src/algo/blast/core/blast_nalookup.c	46-186	BlastChooseNaLookupTable	dc: mb_template_length > 0 -> *lut_width = word_size, eMBLookupTable (before the word_size switch and before the Small->Na promotion)	faithful	faithful	faithful	algorithm/blastn/coordination.rs:682(choose_na_lookup_table);algorithm/blastn/coordination.rs:777(finalize_task_config);algorithm/blastn/blast_engine/run.rs:6595(discontig_template = config.mb_template_length > 0)	dc-megablast vs NCBI 2.17.0, byte-identical outfmt 6 and 0 (stdout, stderr, exit): 18 template type x length x word size combos on a soft-masked LC738875 (20 runs), 36 runs with 60 mutated queries (up to 10222 lines), 72 + 72 small-input runs; megablast -template_* runs	Same early return (Mb, word_size) before the word_size switch; unchanged by SD except the key: the final code takes it from mb_template_length > 0 (as NCBI) instead of the task string, so megablast with -template_* also builds the disc table (megablast -word_size 11/12 -template_type X -template_length N: 42 and 27196 lines, identical). blastn with -template_* is an NCBI options error (lut_type is not MB), same text and exit 1 in both.
D	2	src/algo/blast/core/blast_nalookup.c	46-186	BlastChooseNaLookupTable	short: word_size 7 (blastn-short default): approx_table_entries < 250 -> lut 6 (Small, scan_step 2) else lut 7 (Small, scan_step 1); >= 32767 entries or max_q_off >= 32768 -> eNaLookupTable	faithful	faithful	faithful	algorithm/blastn/coordination.rs:682(choose_na_lookup_table)	blastn-short vs NCBI: matrix of 72 runs (300, 15 and 1 short queries incl. N, both strands; plain and -lcase_masking subject; default, outfmt 0, -word_size 4..13,16): identical	Unchanged by SD. The default word 7 is now reached because task_defaults(blastn-short) sets it (row 3); entries < 250 give lut 6 (single query) and lut 7 (300 queries).
D	3	src/algo/blast/api/blast_options_handle.cpp	341-363	CBlastOptionsFactory::CreateTask (feeds BlastChooseNaLookupTable)	short: blastn-short sets reward 1, penalty -3, evalue 1000, word_size 7, ClearFilterOptions on a blastn handle (gaps 5/2, window 0, dust off)	divergent	ported	ported	algorithm/blastn/coordination.rs:333(task_defaults);algorithm/blastn/coordination.rs:492(determine_effective_word_size);algorithm/blastn/coordination.rs:517(determine_scoring_params);algorithm/blastn/coordination.rs:412(determine_evalue);algorithm/blastn/coordination.rs:433(task_dust_by_default)	unit test coordination.rs task_defaults_follow_ncbi_handles; blastn-short default runs (outfmt 6 and 0) identical to NCBI on 3 query sets x plain/lcase subjects; 81055-HSP comparison named in RESULT_COMMON	blastn-short: word 7, reward 1, penalty -3, gaps 5/2, evalue 1000, window 0, no DUST, min_diag_separation 50, no template; all four tasks now have their own TaskDefaults.
D	4	src/algo/blast/core/blast_nalookup.c	46-186	BlastChooseNaLookupTable	short: user -word_size 4-6 (lut = word, Small), 8 (lut 7 if < 8500 else 8), 9-12 (Small lut 7/8 or MB lut 9-12 by entries), >= 13 (Small lut 8 / MB lut 11/12)	faithful	faithful	faithful	algorithm/blastn/coordination.rs:682(choose_na_lookup_table)	blastn-short -word_size 4,5,6,8,9,10,11,12,13,16 x {300,15,1} queries x {plain, lcase} subject: 60 runs identical stdout/stderr/exit	Unchanged by SD.
D	5	src/algo/blast/core/blast_nalookup.c	596-643	s_GetDiscTemplateType	dc: (weight = word_size 11|12, template length 16|18|21, type) -> EDiscTemplateType; coding and two_templates -> *_Coding, optimal -> *_Optimal; anything else -> eDiscTemplateContiguous (0, unreachable after option validation)	unported	ported	ported	algorithm/blastn/disc_lookup.rs:168(get_disc_template_type);algorithm/blastn/disc_lookup.rs:66(DiscTemplateType);algorithm/blastn/disc_lookup.rs:84(from_value)	unit test disc_lookup.rs template_choice_follows_weight_length_and_type; source text compared line by line with blast_nalookup.c:596-643; 18 combos identical to NCBI	Weight/length/type -> enum identical (11/16 C=1 O=2, 12/16 C=3 O=4, 11/18 C=5 O=6, 12/18 C=7 O=8, 11/21 C=9 O=10, 12/21 C=11 O=12; two templates -> the Coding value; anything else Contiguous). length is passed as u8 like Uint1.
D	6	src/algo/blast/core/blast_nalookup.c	657-826	s_FillDiscMBTable	dc: single template (-template_type coding or optimal): per query location loop, 1-based start offsets, Uint8 accumulator, ambiguity reset, ComputeDiscontiguousIndex, newest-first chain, PV set on first entry, helper_array/longest_chain	unported	ported	ported	algorithm/blastn/lookup.rs:2004(build_disc_mb_lookup)	unit test lookup.rs disc_lookup_tests::words_are_indexed_newest_first_with_one_based_starts; compared line by line with blast_nalookup.c:657-826; dc runs with N/RY in queries, dust and -lcase_masking queries, queries shorter than the template (10,17,18,21,22,40 nt): identical	Checked item by item: 1-based index = query_offset + pos + 2 - tl (NCBI from = left-(tl-2), first add when seq reaches pos = seq0+tl); accum u64 shifted 2 per base, not masked, reset to 0 per location and at an ambiguity (val & 0xFC) which also restarts the tl-base count (NCBI pos = seq+tl); no skip for locations shorter than tl; next_pos[index] = hashtable[ecode]; hashtable[ecode] = index (newest = largest offset first); PV_SET only when hashtable[ecode]==0 else helper_array[ecode/2048]++; longest_chain = max(2,max helper)+1. next_pos sized (concatenated length + 1). Locations are build_unmasked_ranges (the same as the contiguous table).
D	7	src/algo/blast/core/blast_nalookup.c	657-826	s_FillDiscMBTable	dc: two templates (-template_type coding_and_optimal): second template = first + 1, hashtable2/next_pos2/helper_array2, shared PV	unported	ported	ported	algorithm/blastn/lookup.rs:2004(build_disc_mb_lookup);algorithm/blastn/lookup.rs:757(DiscTemplates);algorithm/blastn/lookup.rs:893(for_each_hit2)	unit test disc_lookup_tests (two templates: coding 11_18 + optimal 11_18, shared PV); coding_and_optimal x 3 lengths x 2 word sizes identical in all matrices (incl. 10222-line outputs)	Second template = template + 1 (DiscTemplateType::next, from_value); ecode2 filled right after ecode1 for the same index into hashtable2/next_pos2; pv_set_shift on the SAME pv_array for ecode2; longest_chain = (c1+1)+(c2+1).
D	8	src/algo/blast/core/blast_nalookup.c	1227-1368	BlastMBLookupTableNew	dc: discontiguous branch: word_length = lut_word_length = word_size (11|12), hashsize = 1ULL << (2*lut), scan_step = 1, no counts (db_filter off), s_FillDiscMBTable instead of s_FillContigMBTable	unported	ported	ported	algorithm/blastn/lookup.rs:2004(build_disc_mb_lookup);algorithm/blastn/coordination.rs:1161(build_lookup_tables)	dc-megablast and megablast+template runs identical to NCBI; fully masked queries (poly-A with dust, all-N) give the same empty output and no crash	hashsize = 1 << 2*word_size, lut_word_length = word_size, scan_step 1 (config.scan_step = word - lut + 1 = 1), discontiguous table built instead of the contiguous one when mb_template_length > 0; TwoStageLookup.disc carries template_type, second_template_type, two_templates, template_length, hashtable2, next_pos2. NCBI returns -1 for an empty location list and LOSAT builds an empty table; neither can be reached with a searchable query (compared).
D	9	src/algo/blast/core/blast_nalookup.c	1286-1304	BlastMBLookupTableNew	dc: pv_size/pv_array_bts for lut 11 or 12 (hashsize > 8*131072 -> 131072/4 words; halved when approx_table_entries <= 15000 or >= 800000 since db_filter is off)	faithful	faithful	faithful	algorithm/blastn/lookup.rs:466(compute_mb_pv_params)	row arithmetic checked by hand: lut 11 -> pv_array_bts 7 (8 with <= 15000 or >= 800000 entries), lut 12 -> 9 (10); output cannot depend on it	Same function as the contiguous table, called with hashsize 4^word_size and db_filter false (blastn has no -limit_lookup: it is magicblast-only, blast_args.cpp:1492/1572).
D	10	src/algo/blast/core/blast_nalookup.c	1268-1272	BlastMBLookupTableNew	dc: masked_locations not built (word_length > lut_word_length is false, so s_SeqLocListInvert is skipped)	faithful	faithful	faithful	algorithm/blastn/extension.rs:972(type_of_word)	dc runs: TypeOfWord is always the early return	Unchanged: no masked_locations are built and type_of_word returns (1,0,q,s) when word_length == lut_word_length, now with both = template_length.
D	11	src/algo/blast/core/blast_nalookup.c	1371-1388	BlastMBLookupTableDestruct	dc: also frees hashtable2 and next_pos2	n/a	n/a	n/a	-	-	Memory release only (hashtable2/next_pos2 are Vec fields of the table, freed by Drop).
D	12	include/algo/blast/core/blast_nalookup.h	184-235	EDiscWordType / EDiscTemplateType	dc: enum values (Coding 0, Optimal 1, TwoTemplates 2; templates 0..12 as listed in s_GetDiscTemplateType row)	unported	ported	ported	algorithm/blastn/disc_lookup.rs:18(DiscWordType);algorithm/blastn/disc_lookup.rs:66(DiscTemplateType)	unit test disc_lookup.rs template_choice_follows_weight_length_and_type; enum values compared with blast_nalookup.h:184-235	Values 0/1/2 and 0..12 identical; DiscTemplateType::next() reproduces template_type + 1.
D	13	include/algo/blast/core/blast_nalookup.h	238-269	BlastMBLookupTable (struct)	dc: fields discontiguous, template_length, template_type, two_templates, second_template_type, hashtable2, next_pos2, scan_step 1, scansub_callback/extend_callback	unported	ported	ported	algorithm/blastn/lookup.rs:727(TwoStageLookup);algorithm/blastn/lookup.rs:757(DiscTemplates);algorithm/blastn/lookup.rs:781(MbLookupTable)	dc runs	discontiguous flag = disc.is_some(); template_length, template_type, two_templates, second_template_type, hashtable2, next_pos2 are DiscTemplates fields; scansub_callback is chosen per scan by choose_disc_scan_subject; extend callback is the Direct path (word_length == lut_word_length).
D	14	include/algo/blast/core/blast_nalookup.h	307-316	DiscontigIndex_11_16_Coding	dc: eDiscTemplate_11_16_Coding (enum 1): weight 11, length 16, coding	unported	ported	ported	algorithm/blastn/disc_lookup.rs:227(discontig_index_11_16_coding)	every (mask,shift) term of the Rust function equals the C header function, checked by a script over all 12 (scratch cmp_idx.py: 12/12 equal, term order, lo/hi use); unit test disc_lookup.rs templates_select_the_documented_positions; template 11_16_Coding identical to NCBI end to end	Masks and shifts transcribed verbatim (u64 accum, lo = low 32 bits, hi = bits 32..63).
D	15	include/algo/blast/core/blast_nalookup.h	325-333	DiscontigIndex_11_16_Optimal	dc: eDiscTemplate_11_16_Optimal (enum 2): weight 11, length 16, optimal	unported	ported	ported	algorithm/blastn/disc_lookup.rs:250(discontig_index_11_16_optimal)	every (mask,shift) term of the Rust function equals the C header function, checked by a script over all 12 (scratch cmp_idx.py: 12/12 equal, term order, lo/hi use); unit test disc_lookup.rs templates_select_the_documented_positions; template 11_16_Optimal identical to NCBI end to end	Masks and shifts transcribed verbatim (u64 accum, lo = low 32 bits, hi = bits 32..63).
D	16	include/algo/blast/core/blast_nalookup.h	342-353	DiscontigIndex_11_18_Coding	dc: eDiscTemplate_11_18_Coding (enum 5): weight 11, length 18, coding	unported	ported	ported	algorithm/blastn/disc_lookup.rs:275(discontig_index_11_18_coding)	every (mask,shift) term of the Rust function equals the C header function, checked by a script over all 12 (scratch cmp_idx.py: 12/12 equal, term order, lo/hi use); unit test disc_lookup.rs templates_select_the_documented_positions; template 11_18_Coding identical to NCBI end to end (default dc-megablast template)	Masks and shifts transcribed verbatim (u64 accum, lo = low 32 bits, hi = bits 32..63).
D	17	include/algo/blast/core/blast_nalookup.h	362-373	DiscontigIndex_11_18_Optimal	dc: eDiscTemplate_11_18_Optimal (enum 6): weight 11, length 18, optimal	unported	ported	ported	algorithm/blastn/disc_lookup.rs:303(discontig_index_11_18_optimal)	every (mask,shift) term of the Rust function equals the C header function, checked by a script over all 12 (scratch cmp_idx.py: 12/12 equal, term order, lo/hi use); unit test disc_lookup.rs templates_select_the_documented_positions; template 11_18_Optimal identical to NCBI end to end	Masks and shifts transcribed verbatim (u64 accum, lo = low 32 bits, hi = bits 32..63).
D	18	include/algo/blast/core/blast_nalookup.h	382-394	DiscontigIndex_11_21_Coding	dc: eDiscTemplate_11_21_Coding (enum 9): weight 11, length 21, coding	unported	ported	ported	algorithm/blastn/disc_lookup.rs:332(discontig_index_11_21_coding)	every (mask,shift) term of the Rust function equals the C header function, checked by a script over all 12 (scratch cmp_idx.py: 12/12 equal, term order, lo/hi use); unit test disc_lookup.rs templates_select_the_documented_positions; template 11_21_Coding identical to NCBI end to end	Masks and shifts transcribed verbatim (u64 accum, lo = low 32 bits, hi = bits 32..63).
D	19	include/algo/blast/core/blast_nalookup.h	403-414	DiscontigIndex_11_21_Optimal	dc: eDiscTemplate_11_21_Optimal (enum 10): weight 11, length 21, optimal	unported	ported	ported	algorithm/blastn/disc_lookup.rs:361(discontig_index_11_21_optimal)	every (mask,shift) term of the Rust function equals the C header function, checked by a script over all 12 (scratch cmp_idx.py: 12/12 equal, term order, lo/hi use); unit test disc_lookup.rs templates_select_the_documented_positions; template 11_21_Optimal identical to NCBI end to end	Masks and shifts transcribed verbatim (u64 accum, lo = low 32 bits, hi = bits 32..63).
D	20	include/algo/blast/core/blast_nalookup.h	423-431	DiscontigIndex_12_16_Coding	dc: eDiscTemplate_12_16_Coding (enum 3): weight 12, length 16, coding	unported	ported	ported	algorithm/blastn/disc_lookup.rs:386(discontig_index_12_16_coding)	every (mask,shift) term of the Rust function equals the C header function, checked by a script over all 12 (scratch cmp_idx.py: 12/12 equal, term order, lo/hi use); unit test disc_lookup.rs templates_select_the_documented_positions; template 12_16_Coding identical to NCBI end to end	Masks and shifts transcribed verbatim (u64 accum, lo = low 32 bits, hi = bits 32..63).
D	21	include/algo/blast/core/blast_nalookup.h	440-448	DiscontigIndex_12_16_Optimal	dc: eDiscTemplate_12_16_Optimal (enum 4): weight 12, length 16, optimal	unported	ported	ported	algorithm/blastn/disc_lookup.rs:408(discontig_index_12_16_optimal)	every (mask,shift) term of the Rust function equals the C header function, checked by a script over all 12 (scratch cmp_idx.py: 12/12 equal, term order, lo/hi use); unit test disc_lookup.rs templates_select_the_documented_positions; template 12_16_Optimal identical to NCBI end to end	Masks and shifts transcribed verbatim (u64 accum, lo = low 32 bits, hi = bits 32..63).
D	22	include/algo/blast/core/blast_nalookup.h	457-468	DiscontigIndex_12_18_Coding	dc: eDiscTemplate_12_18_Coding (enum 7): weight 12, length 18, coding	unported	ported	ported	algorithm/blastn/disc_lookup.rs:433(discontig_index_12_18_coding)	every (mask,shift) term of the Rust function equals the C header function, checked by a script over all 12 (scratch cmp_idx.py: 12/12 equal, term order, lo/hi use); unit test disc_lookup.rs templates_select_the_documented_positions; template 12_18_Coding identical to NCBI end to end	Masks and shifts transcribed verbatim (u64 accum, lo = low 32 bits, hi = bits 32..63).
D	23	include/algo/blast/core/blast_nalookup.h	477-488	DiscontigIndex_12_18_Optimal	dc: eDiscTemplate_12_18_Optimal (enum 8): weight 12, length 18, optimal	unported	ported	ported	algorithm/blastn/disc_lookup.rs:461(discontig_index_12_18_optimal)	every (mask,shift) term of the Rust function equals the C header function, checked by a script over all 12 (scratch cmp_idx.py: 12/12 equal, term order, lo/hi use); unit test disc_lookup.rs templates_select_the_documented_positions; template 12_18_Optimal identical to NCBI end to end	Masks and shifts transcribed verbatim (u64 accum, lo = low 32 bits, hi = bits 32..63).
D	24	include/algo/blast/core/blast_nalookup.h	497-509	DiscontigIndex_12_21_Coding	dc: eDiscTemplate_12_21_Coding (enum 11): weight 12, length 21, coding	unported	ported	ported	algorithm/blastn/disc_lookup.rs:490(discontig_index_12_21_coding)	every (mask,shift) term of the Rust function equals the C header function, checked by a script over all 12 (scratch cmp_idx.py: 12/12 equal, term order, lo/hi use); unit test disc_lookup.rs templates_select_the_documented_positions; template 12_21_Coding identical to NCBI end to end	Masks and shifts transcribed verbatim (u64 accum, lo = low 32 bits, hi = bits 32..63).
D	25	include/algo/blast/core/blast_nalookup.h	518-529	DiscontigIndex_12_21_Optimal	dc: eDiscTemplate_12_21_Optimal (enum 12): weight 12, length 21, optimal	unported	ported	ported	algorithm/blastn/disc_lookup.rs:519(discontig_index_12_21_optimal)	every (mask,shift) term of the Rust function equals the C header function, checked by a script over all 12 (scratch cmp_idx.py: 12/12 equal, term order, lo/hi use); unit test disc_lookup.rs templates_select_the_documented_positions; template 12_21_Optimal identical to NCBI end to end	Masks and shifts transcribed verbatim (u64 accum, lo = low 32 bits, hi = bits 32..63).
D	26	include/algo/blast/core/blast_nalookup.h	540-585	ComputeDiscontiguousIndex	dc: switch on EDiscTemplateType over the 12 functions; default (incl. eDiscTemplateContiguous) returns 0	unported	ported	ported	algorithm/blastn/disc_lookup.rs:558(compute_discontiguous_index)	script check of the dispatch: each enum case calls the same-named function (12/12); Contiguous -> 0 like the C default	Used by build_disc_mb_lookup and by the generic and two-template scans.
D	27	src/algo/blast/core/blast_nascan.c	1386-1400	s_BlastMBLookupHasHits	dc: PV test shared by both templates (index and index2 tested against the same pv_array)	n/a	n/a	n/a	algorithm/blastn/lookup.rs:798(MbLookupTable::has_hits);algorithm/blastn/lookup.rs:893(for_each_hit2)	-	PV is a presence filter only. The final code shares one pv_array between both templates exactly as NCBI (pv_set_shift for ecode1 and ecode2 on the same array; for_each_hit2 tests the same PV).
D	28	src/algo/blast/core/blast_nascan.c	1406-1420	s_BlastMBLookupRetrieve	dc: template 1 table (hashtable, next_pos): pairs (q_off = cell - 1, s_off = scan_range[0]) in chain order = newest first = descending 1-based query offset	faithful	faithful	faithful	algorithm/blastn/lookup.rs:813(MbLookupTable::for_each_hit);algorithm/blastn/blast_engine/run.rs:9070(on_word)	all dc runs	Unchanged walk newest first; the caller subtracts 1 for q_off and uses the 0-based subject start of the template window as s_off.
D	29	src/algo/blast/core/blast_nascan.c	1430-1444	s_BlastMBLookupRetrieve2	dc: two templates: same walk over hashtable2/next_pos2	unported	ported	ported	algorithm/blastn/lookup.rs:893(TwoStageLookup::for_each_hit2)	coding_and_optimal x 3 lengths x 2 word sizes identical in every matrix	Walks hashtable2/next_pos2 after the PV test; on_word calls it after the chain of template 1.
D	30	src/algo/blast/core/blast_nascan.c	1447-1455	MB_ACCESS_HITS	dc: max_hits test only when the PV bit is set; on overflow break leaves scan_range[0] on the unprocessed position (resume there)	n/a	n/a	n/a	algorithm/blastn/blast_engine/run.rs:9212(offset_pairs_len >= offset_array_size flush)	-	Batch splitting only; LOSAT flushes at OFFSET_ARRAY_SIZE / offset_array_size and the diag state persists, so the pairs and their order are those of NCBI.
D	31	src/algo/blast/core/blast_nascan.c	1457-1470	MB_ACCESS_HITS2	dc: two templates: at every position first test total_hits >= max_hits (even without hits) and break, then append the chain of template 1 (index, hashtable/next_pos) and then the chain of template 2 (index2, hashtable2/next_pos2)	unported	ported	ported	algorithm/blastn/blast_engine/run.rs:9070(on_word: template 1 chain then template 2 chain);algorithm/blastn/disc_lookup.rs:874(mb_disc_word_scan_subject_two_templates_1)	coding_and_optimal x 3 lengths x 2 word sizes: 18 dc runs on LC738875_lc, 12 on s2/s3/dup inputs: identical; a pair found by both templates appears twice and the second is rejected by the diagonal test as in NCBI	Order per subject position: all template-1 pairs (descending q) then all template-2 pairs, one on_word call per position.
D	32	src/algo/blast/core/blast_nascan.c	2202-2274	s_MB_DiscWordScanSubject_1	dc: single template, generic (any template except single 11_18 coding / 11_21 coding): Uint8 accum, byte fill, phase switch, ComputeDiscontiguousIndex(accum >> 0/6/4/2)	unported	ported	ported	algorithm/blastn/disc_lookup.rs:727(mb_disc_word_scan_subject_1)	unit test disc_lookup.rs scans_give_the_index_of_every_word_from_any_start; line-by-line against blast_nascan.c:2202-2274 (fill loop, switch on extra bases 1/2/3 with accum >>= 8 and s -= 1 for 3, phases accum >> 0/6/4/2, break checks); dc optimal/coding 16/21/12-weight runs identical	Phase state machine reproduces the gotos; same byte reads. NCBI max_hits batching is replaced by streaming the words in order (row 30).
D	33	src/algo/blast/core/blast_nascan.c	2289-2367	s_MB_DiscWordScanSubject_TwoTemplates_1	dc: two templates, stride 1: index and index2 per position from the same accumulator	unported	ported	ported	algorithm/blastn/disc_lookup.rs:874(mb_disc_word_scan_subject_two_templates_1)	same as row 32 plus coding_and_optimal runs	Same accumulator logic; index and index2 from the same shifted accum.
D	34	src/algo/blast/core/blast_nascan.c	2381-2480	s_MB_DiscWordScanSubject_11_18_1	dc: single 11_18 coding template (the dc-megablast default): hand-unrolled lo/hi (Uint4) accumulator with four precomputed index expressions	unported	ported	ported	algorithm/blastn/disc_lookup.rs:1044(mb_disc_word_scan_subject_11_18_1)	script compare (scratch cmp_scan.py): the 4 index expressions (7,7,7,8 terms) and the lo/hi shift statements equal blast_nascan.c; default dc-megablast runs (11_18 coding) identical	kTemplateLength 18; fill, switch and hi/lo rotation as C.
D	35	src/algo/blast/core/blast_nascan.c	2494-2596	s_MB_DiscWordScanSubject_11_21_1	dc: single 11_21 coding template (-template_length 21): same unrolled lo/hi scheme	unported	ported	ported	algorithm/blastn/disc_lookup.rs:1238(mb_disc_word_scan_subject_11_21_1)	script compare: the 4 index expressions (8,8,8,9 terms) equal blast_nascan.c; -template_length 21 coding runs identical	kTemplateLength 21.
D	36	src/algo/blast/core/blast_nascan.c	2602-2627	s_MBChooseScanSubject	dc: discontiguous branch: two_templates -> TwoTemplates_1, else 11_18 coding -> 11_18_1, 11_21 coding -> 11_21_1, else _1 (scan_step is not consulted)	unported	ported	ported	algorithm/blastn/disc_lookup.rs:600(choose_disc_scan_subject);algorithm/blastn/blast_engine/run.rs:2829(scan_subject_disc_words_with_ranges)	compared with blast_nascan.c:2617-2627; every template/type combination run	two_templates -> TwoTemplates_1; 11_18 coding -> 11_18_1; 11_21 coding -> 11_21_1; else _1; scan_step not consulted. The contiguous selectors choose_mb_scan_subject_kind/select_mb_scan_kind are not reached for a disc table (run.rs:9221 branch).
D	37	src/algo/blast/core/blast_nascan.c	2994-3007	BlastChooseNucleotideScanSubjectAny	dc: not used for a discontiguous table (BlastNaWordFinder keeps the dc scanner for masked subjects); it would return s_MBScanSubject_Any (contiguous)	unported	ported	ported	algorithm/blastn/blast_engine/run.rs:9221(if let Some(disc) = two_stage.disc());algorithm/blastn/blast_engine/run.rs:2304(select_mb_scan_kind, contiguous only)	dc runs on soft-masked subjects (LC738875_lc: 400 lowercase intervals 1..1000 bases incl. ends; s2/s3/edge/short/all-lowercase subjects): identical	A masked subject keeps the disc scanner (no Any replacement), as NCBI.
D	38	src/algo/blast/core/masksubj.inl	43-58	s_DetermineScanningOffsets	dc: called with word_length = lut_word_length = template_length (shift word_length - lut_word_length = 0); unmasked range [0, length - tl], masked ranges [left, right - tl]	faithful	faithful	faithful	algorithm/blastn/blast_engine/run.rs:2508(determine_scanning_offsets);algorithm/blastn/blast_engine/run.rs:2533(scan_subject_kmers_with_offsets)	dc masked-subject runs identical	Unchanged function; the disc caller passes template_length as word_length and lut_word_length, so the ranges are [left, right - tl] (row 39).
D	39	src/algo/blast/core/na_ungapped.c	1597-1695	BlastNaWordFinder	dc: word_length = lut_word_length = template_length (16|18|21) for a discontiguous table; scan_range[2] = subject->length - template_length; extend gets s_range = scan_range[2] + template_length	divergent	ported	ported	algorithm/blastn/blast_engine/run.rs:2829(scan_subject_disc_words_with_ranges);algorithm/blastn/lookup.rs:940(lut_word_length);algorithm/blastn/lookup.rs:949(word_length)	subjects of 10,11,12,15,16..22,25,30,45 bases and 21/16/18-base subjects (plain and lowercase): identical to NCBI	scan_range[2] = subject_len - tl, s_range = end + tl, early guards harmless (a subject shorter than tl scans nothing; offsets still advance).
D	40	src/algo/blast/core/na_ungapped.c	1651-1668	BlastNaWordFinder	dc: soft-masked subject (-lcase_masking): the discontiguous scanner and s_BlastNaExtendDirect are kept (not replaced by the Any scanner / generic extender); scan_range[1] = seq_ranges[0].left, scan_range[2] = seq_ranges[0].right - template_length	unported	ported	ported	algorithm/blastn/blast_engine/run.rs:2829(scan_subject_disc_words_with_ranges);algorithm/blastn/blast_engine/run.rs:4145(build_subject_seq_ranges_from_masks)	LC738875_lc (359,647 bases, 26,229 lowercase) x 20 settings and x 36 mutated-query settings, small s2/s3/edge/short inputs (-lcase_masking changes NCBI output, so the masked path is reached): identical	For a soft-masked subject scan_range[1] = left, scan_range[2] = right - tl per range; arbitrary start offsets go through the generic accumulators (any start).
D	41	src/algo/blast/core/na_ungapped.c	964-1030	s_BlastNaExtendDirect	dc: word_length = template_length (lut->discontiguous), check_masks = !stride = TRUE, query mask NULL, both diag containers; called with word_length for word and lut length	divergent	ported	ported	algorithm/blastn/lookup.rs:949(word_length);algorithm/blastn/blast_engine/run.rs:7833(word_length/lut_word_length from two_stage);algorithm/blastn/blast_engine/run.rs:7941(process_offset_pairs)	all dc runs; unit test lookup.rs disc_lookup_tests	word_length = lut_word_length = template_length, so no word extension, s_end = s_off + tl, check_masks path returns at once; q_off/s_off pairs unchanged.
D	42	src/algo/blast/core/na_ungapped.c	1791-1800	BlastChooseNaExtend	dc: eMBLookupTable with lut->discontiguous -> s_BlastNaExtendDirect (never the Aligned/generic word extension)	faithful	faithful	faithful	algorithm/blastn/blast_engine/run.rs:8104(word_length > lut_word_length selects word extension, else no extension)	dc runs	Now with both = tl; the Direct branch is taken for every template length.
D	43	src/algo/blast/core/na_ungapped.c	508-606	s_TypeOfWord	dc: word_length == lut_word_length -> return 1 immediately, extended = 0 (also in the two-hit call with check_double TRUE, so word_type is always 1, never 2)	faithful	faithful	faithful	algorithm/blastn/extension.rs:972(type_of_word)	dc runs (word_type always 1)	Unchanged early return; the early return now fires with word = lut = template_length.
D	44	src/algo/blast/core/na_ungapped.c	631-775	s_BlastnDiagTableExtendInitialHit	dc: window_size = 40 (BLAST_WINDOW_SIZE_DISC, disc_nucl_options.cpp:72; scan_range 0): two_hits TRUE, Delta = MIN(0, 40 - tl) = 0 (no off-diagonal search), word_type 1 => hit_ready = 0 for a first hit; extension only for a second non-overlapping hit with s_end_pos <= last_hit + 40 and flag 0; hit_len_array[real_diag] = hit_ready ? 0 : s_end_pos - s_off_pos stored in Uint1	divergent	ported	ported	algorithm/blastn/blast_engine/run.rs:6692(window_size = config.window_size);algorithm/blastn/blast_engine/run.rs:3766(SubjectScratch::new, diag_table_offset = window);algorithm/blastn/blast_engine/run.rs:7780(hit_len_array when window > 0);algorithm/blastn/blast_engine/run.rs:7881(two_hits);algorithm/blastn/blast_engine/run.rs:8475(two-hit branch)	dc vs NCBI identical on about 450 runs: array container (queries with concatenated length < 8000: q_small, q2_small, q3_small, dup_qs...), repeat-rich subjects with gaps 0..60 between motif copies, duplicate subjects (stale state across subjects) at -num_threads 1/2/4; hairpin runs (n = 1010..1025, tl 16/18/21)	Delta = min(scan_range 0, 40 - tl) = 0, word_type 1 -> first hit hit_ready 0, second non-overlapping hit within 40 extends; hit_len stored as u8 (value tl or extended length); last_hit = ungapped end after a saved hit. The window is the runtime config.window_size (40 dc, 0 others); constants.rs TWO_HIT_WINDOW is no longer used by blastn.
D	45	src/algo/blast/core/na_ungapped.c	799-944	s_BlastnDiagHashExtendInitialHit	dc: window_size 40, hash container (concatenated query > 8000): two-hit branch as the array version; hit state kept in BLAST_DiagHash with Int4 hit_len; Delta = 0	divergent	ported	ported	algorithm/blastn/blast_engine/run.rs:763(DiagHashTable::new(window));algorithm/blastn/blast_engine/run.rs:3806(DiagHashTable::new(window_size));algorithm/blastn/blast_engine/run.rs:7876(diag_hash_insert_window)	dc vs NCBI identical with concatenated query > 8000 (hash container): q_large, q2_large, q3_large, q_mut_big (60 queries), 1 and 2 templates, plain/lcase	Hash table window and offset = 40 at creation; retrieve/insert and Delta=0 off-diagonal loop transcribed (row 44).
D	46	src/algo/blast/core/na_ungapped.c	396-450	s_BlastDiagHashInsert	dc: window_size argument = window + Delta + 1 = 41 for the stale-cell test (s_off - chain.level > 41)	divergent	ported	ported	algorithm/blastn/blast_engine/run.rs:893(diag_hash_insert_window);algorithm/blastn/blast_engine/run.rs:843(DiagHashTable::insert)	same runs as row 45	window + min(scan_range, window - word_length) + 1 = 41 for dc with word_length = tl (NCBI Delta is clamped to >= 0 only inside the two-hit off-diagonal block; for dc both give 0).
D	47	src/algo/blast/core/blast_extend.c	42-67;110-159	s_BlastDiagTableNew / BlastExtendWordNew	dc: window_size 40: diag_array_length = smallest power of 2 >= qlen + 40, offset = window = 40, hit_len_array (Uint1 per diagonal) allocated; hash container window = offset = 40	divergent	ported	ported	algorithm/blastn/blast_engine/run.rs:6692(window_size);algorithm/blastn/blast_engine/run.rs:6693(diag_array_length >= qlen + window);algorithm/blastn/blast_engine/run.rs:3806(offset = window);algorithm/blastn/blast_engine/run.rs:7780(hit_len_array)	hairpin runs built so that a diag array of 2^k instead of 2^(k+1) entries would alias two words of one subject into a false two-hit (query length n = 1010..1025, so the concatenated length is in (2^11 - 40, 2^11]): identical (no HSP) in NCBI and LOSAT; a control with two exact words on one diagonal gives the same 1 HSP	Array length is the smallest power of two >= query->length + window; query->length is the concatenated query (query_concat_length). A 4057..4096 case was not run separately (same code path).
D	48	src/algo/blast/core/blast_extend.c	87-107;161-185	s_BlastDiagClear / Blast_ExtendWordExit	dc: window 40: per subject offset += subject_length + 40; at offset >= INT4_MAX/4 reset offset = 40, last_hit = -40, flag 0, hit_len_array 0 (hash: occupancy 1, backbone cleared)	divergent	ported	ported	algorithm/blastn/blast_engine/run.rs:652(advance_diag_table_offset);algorithm/blastn/blast_engine/run.rs:7818(call, short subject);algorithm/blastn/blast_engine/run.rs:10739(call, end of subject)	duplicate-subject files (offset advancing by subject_length + 40 per subject) identical; the INT4_MAX/4 wrap (~536 Mb of subjects) was not run, checked by reading against blast_extend.c:87-107,161-185	Both callers pass window_size as diag_window: offset += len + 40; the reset sets offset = window, last_hit = -window, flag 0, hit_len 0 (hash: occupancy 1, backbone cleared).
D	49	src/algo/blast/core/na_ungapped.c	262-350;740-750;911-921	s_NuclUngappedExtend (choice vs s_NuclUngappedExtendExact)	dc: word_length = template_length >= 16 so word_length < 11 is false: s_NuclUngappedExtend with s_match_end = s_off + template_length, score_table, reduced_cutoff	divergent	ported	ported	algorithm/blastn/blast_engine/run.rs:8865(extend_hit_ungapped_approx_ncbi call, s_end = s_ext_start + word_length);algorithm/blastn/extension.rs:727(extend_hit_ungapped_approx_ncbi)	NCBI s_NuclUngappedExtend (na_ungapped.c:262-349) compared with extension.rs:727 line by line; all dc runs identical (HSP coordinates in outfmt 6, outfmt 0 alignments 11251 lines)	s_match_end = s_off + tl; word_length < 11 is false (tl >= 16) so the approximate extension with reduced cutoff is used; query_four_base is built because effective_word_size >= 11 (word 11/12).
D	50	src/algo/blast/core/blast_nascan.c	1298-1380	s_SmallNaChooseScanSubject	short: default word 7 -> lut 6 step 2 -> s_BlastSmallNaScanSubject_6_2; lut 7 step 1 -> s_BlastSmallNaScanSubject_7_1; subject with lowercase mask -> s_BlastSmallNaScanSubject_Any (via BlastNaWordFinder)	faithful	faithful	faithful	algorithm/blastn/blast_engine/run.rs:2339(scan_subject_kmers_range);algorithm/blastn/blast_engine/run.rs:2566(scan_subject_kmers_with_ranges)	blastn-short matrix (72 runs) identical	Unchanged by SD.
D	51	src/algo/blast/core/blast_nascan.c	1298-1380	s_SmallNaChooseScanSubject	short: user -word_size 4,5,6 (4_1/5_1/6_1), 8 (lut 7 step 2 -> 7_2, lut 8 step 1 -> 8_1Mod4), 9 (7_3 or 8_2Mod4), 10 (8_3Mod4), 11 (8_4), 12 (8_1Mod4), >= 13 (lut 8: Any/8_xMod4)	faithful	faithful	faithful	algorithm/blastn/blast_engine/run.rs:2339(scan_subject_kmers_range)	blastn-short -word_size 4..13,16 (60 runs) identical	Unchanged by SD.
D	52	src/algo/blast/core/na_ungapped.c	1791-1836	BlastChooseNaExtend	short: small table: lut == word (word 7 lut 7) -> s_BlastNaExtendDirect; word 7 lut 6 -> s_BlastSmallNaExtend (word - lut = 1, lut % 4 != 0); lut 8 with scan_step % 4 == 0 and word - lut <= 4 (word 11) -> s_BlastSmallNaExtendAlignedOneByte; soft-masked subject -> s_BlastSmallNaExtend	faithful	faithful	faithful	algorithm/blastn/blast_engine/run.rs:6656(small_na_aligned_one_byte);algorithm/blastn/extension.rs:363(SmallNaWord)	blastn-short word 7 (lut 6 and 7), 11 (OneByte), masked subject: identical	Unchanged by SD.
D	53	src/algo/blast/core/blast_nalookup.c	378-421;197-321	BlastSmallNaLookupTableNew / s_BlastSmallNaLookupFinalize	short: word 7 with lut 6 (word > lut): compressed query kept, masked_locations (inverted query locations) always built, cells list query offsets ascending, scan_step = word - lut + 1	faithful	faithful	faithful	algorithm/blastn/lookup.rs:1626(build_mb_lookup, ascending_cells)	blastn-short queries with N and mutations: identical	Unchanged by SD.
D	54	src/algo/blast/core/na_ungapped.c	1597-1695	BlastNaWordFinder	short: unmasked subject: scan_range [0, length - lut] with lut 6 or 7, extension s_range = length; soft-masked subject: Any scanner, start left + word - lut, end right - lut	faithful	faithful	faithful	algorithm/blastn/blast_engine/run.rs:2566(scan_subject_kmers_with_ranges)	blastn-short vs NCBI with subjects of 4,6,7,8,10,12,20 bases (plain and lowercase), word sizes default,4,6,11,12: identical	Unchanged by SD.
D	55	src/algo/blast/core/na_ungapped.c	631-775;799-944	s_BlastnDiagTableExtendInitialHit / s_BlastnDiagHashExtendInitialHit	short: window_size 0 (blastn handle), scan_range 0: one-hit branch, check_masks TRUE, s_TypeOfWord with locations for word 7 lut 6	faithful	faithful	faithful	algorithm/blastn/blast_engine/run.rs:7881(two_hits = window_size > 0, false for blastn-short)	blastn-short matrix identical	window 0 comes from task_defaults(blastn-short).
D	56	src/algo/blast/core/na_ungapped.c	148-243;740-750;911-921	s_NuclUngappedExtendExact	short: word_length 7 (< 11) -> exact matrix extension (reward 1, penalty -3); with -word_size >= 11 -> s_NuclUngappedExtend with the 1/-3 score table	faithful	faithful	faithful	algorithm/blastn/extension.rs:104(extend_hit_ungapped_exact_ncbi);algorithm/blastn/blast_engine/run.rs:8854(word_length < 11 branch)	blastn-short -word_size 4..10 identical	Unchanged by SD.
D	57	src/algo/blast/core/lookup_wrap.c	255-289	GetOffsetArraySize	dc: eMBLookupTable -> OFFSET_ARRAY_SIZE + longest_chain (two templates: longest_chain is the sum (c1 + 1) + (c2 + 1))	n/a	n/a	n/a	algorithm/blastn/blast_engine/run.rs:6992(offset_array_size)	-	Buffer size only. The final longest_chain of a two-template table is the sum of both chains (lookup.rs:2097).
D	58	src/algo/blast/core/blast_options.c	1248-1285;1398-1415	s_DiscWordOptionsValidate / LookupTableOptionsValidate	dc: mb_template_length > 0 requires word_size 11 or 12 (\"Invalid discontiguous template parameters: word size must be either 11 or 12\", exit 1), length 16|18|21, type <= 2, lut_type eMB	unported	ported	ported	algorithm/blastn/scoring.rs:130(check_scoring_options)	unit test scoring.rs discontiguous_templates_are_checked_after_the_word_size_limit; NCBI vs LOSAT on dc-megablast -word_size 10, 7, 28 and 13: same text and exit 1; megablast/blastn-short with template args: same	Message \"BLAST query/options error: Invalid discontiguous template parameters: word size must be either 11 or 12\"; a bad -template_length (17) or a missing partner option is a clap error (exit 2 vs USAGE exit 1), the approved exception.
D	59	src/algo/blast/core/blast_options.c	1398-1415	LookupTableOptionsValidate	short: -template_type/-template_length given with blastn-short: error \"word size must be either 11 or 12\" for the default word 7, or \"Invalid lookup table type for discontiguous Mega BLAST\" with -word_size 11|12 (lut_type is not MB)	unported	ported	ported	algorithm/blastn/scoring.rs:130(check_scoring_options)	blastn-short -template_type coding -template_length 18 (word size error), + -word_size 11 and + -word_size 12 -template_type optimal -template_length 16 (\"Invalid lookup table type for discontiguous Mega BLAST\"); blastn with a template (same lookup-type error): identical stdout/stderr/exit to NCBI	-
D	60	src/algo/blast/blastinput/blast_args.cpp	471-497	CWindowSizeArg	dc/short: -window_size (dc default 40, blastn-short 0) changes two_hits, diag array length, offsets and the hash insert window	rejected	rejected	rejected	cli.rs:113(unported-arg check);cli.rs:205(is_unported_blastn_arg)	LOSAT blastn -task dc-megablast and -task blastn-short with -window_size 0: \"error: the NCBI BLAST+ option -window_size is not supported by LOSAT's BLASTN\", exit 2	The window is fixed per task (dc 40, others 0).
D	61	src/algo/blast/blastinput/blast_args.cpp	500-522	COffDiagonalRangeArg	dc: -off_diagonal_range N gives Delta = MIN(N, 40 - template_length) off-diagonals for the second hit (default 0 = off)	rejected	rejected	rejected	cli.rs:113(unported-arg check);cli.rs:205(is_unported_blastn_arg)	-off_diagonal_range 3 with both tasks: \"the NCBI BLAST+ option -off_diagonal_range is not supported by LOSAT's BLASTN\", exit 2	scan_range stays 0 (Delta 0).
D	62	src/algo/blast/blastinput/blast_args.cpp	212-280	CGenericSearchArgs (-xdrop_ungap)	dc/short: -xdrop_ungap sets options->x_dropoff used as -(cutoffs->x_dropoff) in s_NuclUngappedExtend/Exact	rejected	rejected	rejected	cli.rs:113(unported-arg check);cli.rs:205(is_unported_blastn_arg)	-xdrop_ungap 10 with both tasks: same message, exit 2	Default ungapped X-drop only.
D	63	src/algo/blast/blastinput/blast_args.cpp	3353-3375	CMbIndexArgs (-use_index / -index_name)	dc/short: -use_index selects eIndexedMBLookupTable and MB_IndexedWordFinder instead of the dc table / BlastNaWordFinder	rejected	rejected	rejected	cli.rs:113(unported-arg check);cli.rs:205(is_unported_blastn_arg)	-use_index true and -index_name x with both tasks: same message, exit 2	The indexed word finder is never reached.
D	X1	src/algo/blast/core/blast_parameters.c	166-233	BlastInitialWordParametersNew	dc/short: container_type = eDiagHash when the last context offset + length > 8000, else eDiagArray (feeds the two-hit window into the hash/array of BlastExtendWordNew)	-	faithful	faithful	algorithm/blastn/blast_engine/run.rs:7698(use_diag_hash = query_concat_length > 8000)	dc vs NCBI identical with single queries of 3998..4001 bases (concatenated length 7997..8003, both containers) and with the small/large query sets of every matrix	Not in the inventory. Shared with blastn; the window passed to the two containers is the row 44-47 change.
D	X2	src/algo/blast/core/lookup_wrap.c	60-150	LookupTableWrapInit_MT (EstimateNumTableEntries -> BlastChooseNaLookupTable -> BlastMBLookupTableNew with num_table_entries)	dc: approx_table_entries is only used for the PV size (pv_size halved when <= 15000 or >= 800000)	-	n/a	n/a	algorithm/blastn/blast_engine/run.rs:4013(compute_lookup_query_stats);algorithm/blastn/coordination.rs:1063(build_lookup_tables)	-	Not in the inventory. For a disc table the table choice ignores the entry count, so the estimate cannot change output. The NULL-location case (fully masked query) is shared and was compared (poly-A with dust, all-N query).
D	X3	src/algo/blast/api/setup_factory.cpp	444-447	CSetupFactory::InitializeMegablastDbIndex	dc: -use_index with a template length > 0 -> warning \"Database indexing is not available for discontiguous searches\" and the index is not used	-	rejected	rejected	cli.rs:113(unported-arg check);cli.rs:205(is_unported_blastn_arg)	dc-megablast -use_index true and -index_name x: \"the NCBI BLAST+ option -use_index is not supported by LOSAT's BLASTN\", exit 2	Not in the inventory; rejected together with row 63.
D	X4	src/algo/blast/core/na_ungapped.c	1960-2030	JumperNaWordFinder (discontiguous branch)	jumper/magicblast mapper only (word_length = lut_word_length = template_length)	-	n/a	n/a	-	-	Not in the inventory. Only reached by the mapper (magicblast) programs; LOSAT has no such program and blastn has no such task.
E	1	src/algo/blast/api/blast_nucl_options.cpp;src/algo/blast/api/disc_nucl_options.cpp	250-269;47-52;76-84	CBlastNucleotideOptionsHandle::SetMBHitSavingOptionsDefaults (inherited by CDiscNucleotideOptionsHandle, which does not override it)	dc: min_diag_separation 6 (megablast hit saving defaults) together with DP extension	divergent	ported	ported	algorithm/blastn/coordination.rs:360(task_defaults dc-megablast min_diag_separation);algorithm/blastn/coordination.rs:587(configure_task)	unit test coordination.rs task_defaults_follow_ncbi_handles (dc min_diag_separation == 6); dc-megablast NCBI-vs-LOSAT outfmt 6 byte-identical (stdout, stderr, exit) on 28 self-comparisons of LC738874 14 kb windows and synthetic tandem repeats (sd-res-E/dcs_*), 20 kb windows, reverse-complement and overlapping/nested windows, 700x700 subjects, LC738874 vs itself (670 HSPs); in 6 of them (win0, w14, w15, win3, t0, t4) and big1 NCBI's output holds HSP pairs with box containment and both diagonal differences 30..70 that min_diag 50 would have deleted	dc-megablast min_diag_separation is MIN_DIAG_SEPARATION_MEGABLAST (6); megablast 6, blastn and blastn-short 50. BlastnArgs.min_diag_separation (args.rs:155, skip) and web_api.rs:256 (0) are not read anywhere.
E	2	src/algo/blast/core/blast_gapalign.c	3664-4115	BLAST_GetGappedScore (BlastIntervalTreeContainsHSP at 3918-3919)	dc: DP prelim extension (is_greedy FALSE) with hit_options->min_diag_separation 6: init hit skipped when contained in an earlier gapped HSP (box containment AND start-or-end diagonal difference < 6)	divergent	ported	ported	algorithm/blastn/blast_engine/run.rs:7191(search_query_batch min_diag_separation=config value);algorithm/blastn/blast_engine/run.rs:10328(containing_hsp, init hit vs gapped HSP tree)	same runs as row 1 (dc output equal to NCBI where an extra or missing extension would change the HSP set)	Reads config.min_diag_separation (6 for dc) as NCBI hit_options->min_diag_separation. The block is shared by all tasks; only the value differs.
E	3	src/algo/blast/core/blast_traceback.c	259-723 (BlastIntervalTreeContainsHSP at 403-406)	Blast_TracebackFromHSPList: containment test before each traceback	dc: eDynProgTbck with min_diag_separation 6	divergent	ported	ported	algorithm/blastn/blast_engine/run.rs:11266(speculative prefilter containing_hsp);algorithm/blastn/blast_engine/run.rs:11360(traceback_containing_hsp)	same runs as row 1	Both traceback pre-checks read the captured config value (6 for dc).
E	4	src/algo/blast/core/blast_traceback.c	259-723 (BlastIntervalTreeContainsHSP at 681-684)	Blast_TracebackFromHSPList: final containment purge after score re-sort	dc: eDynProgTbck with min_diag_separation 6	divergent	ported	ported	algorithm/blastn/blast_engine/run.rs:12293(final_tree_containing_hsp)	same runs as row 1; the pairs of win0/w14/w15/t0/t4 are exactly the HSPs the final purge keeps with c=6 and would drop with c=50	Final purge reads the config value. blast_engine/mod.rs:257 filter_hsps (hard-coded 0) has no caller in the crate (grep) and is not on the CLI path, see notes.
E	5	src/algo/blast/core/blast_itree.c	809-847;930-995	s_HSPIsContained;BlastIntervalTreeContainsHSP (MB_HSP_CLOSE macro blast_gapalign_priv.h:123-124)	both: min_diag_separation passed as parameter (dc 6, short 50), HSPs from DP extension	faithful	faithful	faithful	algorithm/blastn/interval_tree.rs:1182(is_hsp_contained);algorithm/blastn/interval_tree.rs:1267(mb_hsp_close);algorithm/blastn/interval_tree.rs:937(containing_hsp)	code read: value passed as parameter, == 0 shortcut, OR of start/end, ABS < c; no reference to task or use_dp; reader list in notes	interval_tree.rs unchanged by SD (git show 90c5f0181 --stat does not list it).
E	6	src/algo/blast/api/blast_nucl_options.cpp;src/algo/blast/api/disc_nucl_options.cpp	176-185;76-84	CBlastNucleotideOptionsHandle::SetGappedExtensionDefaults;CDiscNucleotideOptionsHandle::SetMBGappedExtensionDefaults	dc: gap x-drop BLAST_GAP_X_DROPOFF_NUCL 30, final 100, gap trigger 27, eDynProgScoreOnly, eDynProgTbck	faithful	faithful	faithful	algorithm/blastn/coordination.rs:350-361(task_defaults dc-megablast x_drop_gapped X_DROP_GAPPED_NUCL 30);algorithm/blastn/coordination.rs:558-569(configure_task use_dp, x_drop_final 100);algorithm/blastn/blast_engine/run.rs:7188(gap_x_dropoffs);algorithm/blastn/blast_engine/run.rs:7500(gap_trigger_raw_score GAP_TRIGGER_BIT_SCORE_NUCL)	unit test task_defaults_follow_ncbi_handles ((30,100), use_dp); dc runs of row 1	use_dp = !defaults.greedy; the gapped x-drops are read at run.rs:7188-7189, 10425, 10576 and 11310/11499 (x_drop_final). No other reader of x_drop_gapped/x_drop_final in the BLASTN path (grep).
E	7	src/algo/blast/core/blast_gapalign.c	3664-4115 (4012-4047)	BLAST_GetGappedScore: extension method branch	dc: is_greedy FALSE -> s_end >= s_off+8 shifts the start by 3, s_BlastDynProgNtGappedAlignment (score only, packed subject)	faithful	faithful	faithful	algorithm/blastn/blast_engine/run.rs:10401(use_dp branch);algorithm/blastn/alignment/gapped.rs:776(extend_gapped_heuristic_with_scratch)	dc runs of row 1 and the tiny-query runs tiny4..tiny10 (blastn-short)	Seeds now come from the discontiguous word finder (range D, ported); the +3 shift and the DP are task independent.
E	8	src/algo/blast/core/blast_traceback.c	259-723 (503-516,585-598,640-644)	Blast_TracebackFromHSPList: traceback method branch	dc: kGreedyTraceback FALSE -> BLAST_GappedAlignmentWithTraceback, Blast_HSPGetNumIdentitiesAndPositives/Blast_HSPTest, extra_start kept (not reset to 0)	faithful	faithful	faithful	algorithm/blastn/blast_engine/run.rs:11520(use_dp traceback);algorithm/blastn/blast_engine/run.rs:11643;algorithm/blastn/blast_engine/run.rs:11680;algorithm/blastn/blast_engine/run.rs:11765(hsp_test);algorithm/blastn/blast_engine/run.rs:11969(if !use_dp extra_start=0)	dc runs of row 1; outfmt 0 and 7 identical for dc-megablast and blastn-short on w15 (3632 and 82 lines, 83952 and 9035 lines)	All use_dp readers (grep use_dp in algorithm/blastn: run.rs 6276,7171,10401,10576,11520,11643,11680,11765,11969; coordination.rs 558; gapped.rs; mod.rs _use_dp unused) are keyed on the flag, not the task name.
E	9	src/algo/blast/core/greedy_align.c;src/algo/blast/core/blast_gapalign.c	1-end;2762-2947	BLAST_GreedyAlign;BLAST_AffineGreedyAlign;BLAST_GreedyGappedAlignment	dc: eGreedyScoreOnly/eGreedyTbck never selected, greedy code not called	n/a	n/a	n/a	algorithm/blastn/alignment/greedy.rs(not called when use_dp)	dc and blastn-short runs; no BLASTN option can select greedy for them (-no_greedy rejected)	Inventory reason kept: greedy code is not reached for dc-megablast and blastn-short.
E	10	src/algo/blast/core/blast_options.c	1688-1712	s_BlastExtensionScoringOptionsValidate	both: gap_open == gap_extend == 0 with DP extension (dc-megablast, blastn-short, e.g. -reward 1 -penalty -2 -gapopen 0 -gapextend 0)	faithful	faithful	faithful	algorithm/blastn/scoring.rs:130(check_scoring_options greedy = task == megablast)	NCBI and LOSAT with -reward 1 -penalty -2 -gapopen 0 -gapextend 0 for dc-megablast and blastn-short: stdout, stderr and exit 1 equal (z_dc-megablast, z_blastn-short)	Message 'Greedy extension must be used if gap existence and extension options are zero'.
E	11	src/algo/blast/api/blast_nucl_options.cpp;src/algo/blast/api/disc_nucl_options.cpp	197-212;87-90;145-155;55-64	SetScoringOptionsDefaults via CDiscNucleotideOptionsHandle::SetMBScoringOptionsDefaults;SetMBLookupTableDefaults	dc: reward 2, penalty -3, gap open 5, gap extend 2, word size 11 (BLAST_WORDSIZE_NUCL), template length 18	faithful	faithful	faithful	algorithm/blastn/coordination.rs:350(task_defaults dc-megablast);algorithm/blastn/coordination.rs:492(determine_effective_word_size);algorithm/blastn/coordination.rs:517(determine_scoring_params)	outfmt 0 and 7 for dc-megablast identical (Matrix and gap penalties lines); test task_defaults_follow_ncbi_handles; override runs x9 (-reward 1 -penalty -3 -gapopen 2 -gapextend 2)	dc: 11, 2, -3, 5, 2.
E	12	src/algo/blast/core/blast_engine.c	971-1067	s_BlastSetUpAuxStructures	dc: eMBLookupTable (discontiguous) -> WordFinder BlastNaWordFinder, GetGappedScore BLAST_GetGappedScore (not smith-waterman, not jumper)	n/a	ported	ported	algorithm/blastn/blast_engine/run.rs:6595(discontig_template = config.mb_template_length > 0);algorithm/blastn/disc_lookup.rs(disc_word_scan_subject);algorithm/blastn/blast_engine/run.rs:10401(DP gapped half)	dc-megablast comparisons listed in RESULT_COMMON (MelaMJNV, AP027131/3, EDL933/Sakai 11602 HSPs) plus row 1 runs	Gapped half faithful (rows 6-9); the discontiguous word finder half with window 40 was ported by SD (inventory said no LOSAT counterpart).
E	13	src/algo/blast/api/blast_options_handle.cpp	337-376	CBlastOptionsFactory::CreateTask	short: Create(eBlastn) then SetMatchReward(1), SetMismatchPenalty(-3), SetWordSize(7), ClearFilterOptions (gap costs 5/2, min_diag 50, x-drops 30/100, trigger 27, DP all stay blastn)	divergent	ported	ported	algorithm/blastn/coordination.rs:365(task_defaults blastn-short: 7, 1, -3, 5, 2, no DUST, window 0);algorithm/blastn/args.rs:33(task);algorithm/blastn/args.rs:302(resolve_dust)	blastn-short on LC738874/LC738875 (81055 HSPs); this audit: s1-s9, m1-m4 (up to 84510 lines), tiny4..tiny10, d1/d2 (DUST off by default, on with -dust yes) all byte-identical; test task_defaults_follow_ncbi_handles	Task now accepted by the parser (value_parsers.rs blastn_task).
E	14	src/algo/blast/api/blast_options_handle.cpp	337-376	CBlastOptionsFactory::CreateTask (SetEvalueThreshold(1000))	short: expect_value 1000 (default evalue; hit_options->expect_value, prelim_evalue and the cutoff_score_max source)	divergent	ported	ported	algorithm/blastn/coordination.rs:412(determine_evalue);algorithm/blastn/coordination.rs:371(task_defaults blastn-short evalue 1000.0);algorithm/blastn/args.rs:81(evalue Option<f64>);algorithm/blastn/blast_engine/run.rs:7194	s6 (default) vs s7 (-evalue 10): NCBI 9716 vs 3041 lines and LOSAT the same; ev3 (-evalue 1000) equals the default; s8 (-evalue 20000) equal; test task_defaults_follow_ncbi_handles	Readers of the threshold: run.rs:7194 only (grep determine_evalue / args.evalue); scoring.rs:147 uses determine_evalue for the <= 0 check (ev0_* equal: exit 1 message for both tasks).
E	15	src/algo/blast/core/blast_engine.c	642-674	s_Blast_HSPListReapByPrelimEvalue	short: cutoff = prelim_evalue = expect_value (1000 by default)	faithful	faithful	faithful	algorithm/blastn/blast_engine/run.rs:10995(combined_prelim_hits.retain_mut hsp_survives_evalue_reap)	s6, s7, s8, m1, m4 (E-value 1000 and 100000) byte-identical	Reads evalue_threshold from determine_evalue, so 1000 flows through.
E	16	src/algo/blast/core/blast_hits.c	1976-2005	Blast_HSPListReapByEvalue	short: cutoff = hit_options->expect_value (1000 by default), called from s_HSPListPostTracebackUpdate (blast_traceback.c:239)	faithful	faithful	faithful	algorithm/blastn/blast_engine/run.rs:12409(final_hits.retain hsp_survives_evalue_reap)	s6, s7, s8, m1, m4, ev1/ev2 byte-identical	Same threshold.
E	17	src/algo/blast/core/blast_parameters.c	830-994 (925-946)	BlastHitSavingParametersUpdate: BLAST_Cutoffs(expect_value) -> cutoff_score_max; BlastInitialWordParametersUpdate min with gap_trigger	short: e-value 1000 gives a small cutoff_score_max (S starts at 1, es raised only if larger), cutoff_score = MIN(gap_trigger, cutoff_score_max)	faithful	faithful	faithful	algorithm/blastn/ncbi_cutoffs.rs:74(cutoff_score_max_from_evalue);algorithm/blastn/ncbi_cutoffs.rs:49(gap_trigger_raw_score);algorithm/blastn/blast_engine/run.rs:7484-7504	s6-s9, m4 (-evalue 100000), tiny4..tiny10 byte-identical	Cutoffs computed from the task threshold (evalue_threshold) at run.rs:7491.
E	18	src/algo/blast/api/blast_nucl_options.cpp	230-249	CBlastNucleotideOptionsHandle::SetHitSavingOptionsDefaults	short: min_diag_separation 50, hitlist 500, mask level 101, DP extension	faithful	faithful	faithful	algorithm/blastn/coordination.rs:375(task_defaults blastn-short min_diag_separation MIN_DIAG_SEPARATION_BLASTN 50);algorithm/blastn/coordination.rs:587(configure_task)	unit test task_defaults_follow_ncbi_handles (50); blastn-short runs s1-s9, m1-m4	blastn-short and blastn keep 50.
E	19	src/algo/blast/core/blast_gapalign.c	2949-3016	s_BlastDynProgNtGappedAlignment (start rounding and end-of-sequence rollback)	short: queries under 50 bases and word size 4..10: offset_adjustment rollback when q_length > query length or s_length > subject length	faithful	faithful	faithful	algorithm/blastn/alignment/gapped.rs:776-880(extend_gapped_heuristic_with_scratch)	tiny4, tiny5, tiny7, tiny8, tiny10 (60 queries of 4..20 bases taken from the end of a 5003-base subject, -word_size 4..10) byte-identical with NCBI	Rollback and the early return are unreachable for inside hits, as the inventory says; no difference seen.
E	20	src/algo/blast/blastinput/blast_args.cpp	270-286	CGenericSearchArgs::ExtractAlgorithmOptions: -xdrop_gap -> SetGapXDropoff	both: -xdrop_gap given (dc-megablast or blastn-short)	rejected	rejected	rejected	cli.rs:255(is_unported_blastn_arg xdrop_gap);cli.rs:113(check)	dc-megablast and blastn-short with -xdrop_gap 20: exit 2, message 'the NCBI BLAST+ option -xdrop_gap is not supported by LOSAT's BLASTN'	-
E	21	src/algo/blast/blastinput/blast_args.cpp	270-286	CGenericSearchArgs::ExtractAlgorithmOptions: -xdrop_gap_final -> SetGapXDropoffFinal	both: -xdrop_gap_final given	rejected	rejected	rejected	cli.rs:256(is_unported_blastn_arg xdrop_gap_final);cli.rs:113(check)	same with -xdrop_gap_final 90	-
E	22	src/algo/blast/blastinput/blast_args.cpp;src/algo/blast/core/blast_engine.c	905-930;557-563	CGappedArgs (-ungapped -> SetGappedMode(false)); s_BlastSearchEngineOneContext else branch BLAST_GetUngappedHSPList	both: -ungapped given (gapped_calculation FALSE, no gapped stage)	rejected	rejected	rejected	cli.rs:249(is_unported_blastn_arg ungapped);cli.rs:113(check)	same with -ungapped	-
E	23	src/algo/blast/blastinput/blast_args.cpp	663-686	CNuclArgs -no_greedy -> SetGapExtnAlgorithm(eDynProgScoreOnly), SetGapTracebackAlgorithm(eDynProgTbck)	both: -no_greedy given (already DP for dc-megablast and blastn-short, so NCBI output is unchanged)	rejected	rejected	rejected	cli.rs:230(is_unported_blastn_arg no_greedy);cli.rs:113(check)	same with -no_greedy	-
E	X1	src/algo/blast/core/blast_options.c	1505-1530	BlastHitSavingOptionsValidate (expect value or cutoff score must be greater than zero)	both: e-value default 1000 for blastn-short and an explicit -evalue 0	-	faithful	faithful	algorithm/blastn/scoring.rs:147(check_scoring_options via determine_evalue)	ev0_dc-megablast and ev0_blastn-short: NCBI and LOSAT stdout, stderr and exit 1 equal	Not in the inventory. The check now reads the task threshold (determine_evalue), so the blastn-short default 1000 passes and 0 fails as in NCBI.
E	X2	src/algo/blast/core/blast_hits.c	95;213-225	BlastHspNumMax (hsp_num_max for the HSP list heap and BLAST_GetGappedScore kHspNumMax)	both: -max_hsps with many HSPs (dc-megablast, blastn-short with e-value 1000)	-	faithful	faithful	algorithm/blastn/blast_engine/run.rs:4735(trim_by_max_hsps);algorithm/blastn/blast_engine/run.rs:7057(max_hsps_per_subject)	m3: blastn-short -max_hsps 2 on 5 queries x 700 subjects, 3890 lines, stdout equal (only NCBI num_threads warning differs, approved exception); x7: dc-megablast -max_hsps 5 -evalue 1e-5 equal	Not in the inventory; task independent, checked because e-value 1000 yields many HSPs per subject.
E	X3	src/algo/blast/core/blast_engine.c	893-899	Blast_HSPListReapByRawScore branch (sbp->matrix_only_scoring) in place of s_Blast_HSPListReapByPrelimEvalue	both: only reachable with reward 0 and penalty 0 (rmblastn matrix scoring)	-	rejected	rejected	algorithm/blastn/scoring.rs:171(check_losat_limits reward <= 0)	-task rmblastn rejected (known decision); a reward of 0 stops with 'a reward of 0 (NCBI BLAST+s 16-bit value'	Not in the inventory; not reachable by dc-megablast or blastn-short with a valid LOSAT option set.
F	1	src/app/blast/blastn_app.cpp	228-246	CBlastnApp::x_RunMTBySplitDB (CBlastFormat constructor argument is_megablast)	both: is_megablast = (GetTask() == \"megablast\"); false for dc-megablast and blastn-short	faithful	faithful	faithful	algorithm/blastn/blast_engine/run.rs:5816(run_in_pool);algorithm/blastn/blast_engine/run.rs:6089(write_batch_reports);algorithm/blastn/blast_engine/run.rs:6717(search_query_batch)	A set of 84 runs (dc-megablast and blastn-short x outfmt 0/6/7 x 14 inputs: multi-query with an all-N query and a no-hit query, no hits, all-N, short queries, -max_target_seqs 1/3, -lcase_masking) had stdout, stderr and exit status identical to NCBI 2.17.0 (scratch sd-res-F/matrix.log); run.rs passes megablast = (task == \"megablast\") to write_pairwise_prologs / BlastnReportInputs.megablast	Unchanged by SD (task string compare against \"megablast\" only). Verified in the final code: report.megablast is used only at report/pairwise.rs:2178 (write_blastn_pairwise_report -> write_blastn_pairwise_prolog) and the three run.rs places; no other task-dependent formatter input exists.
F	2	src/algo/blast/format/blast_format.cpp ; src/algo/blast/format/blastfmtutil.cpp	95,386-389 ; 60-73	CBlastFormat::CBlastFormat (m_Program) / CBlastFormatUtil::BlastGetVersion / BlastPrintVersionInfo	both: program line is \"BLASTN 2.17.0+\" for dc-megablast and blastn-short (program type eBlastTypeBlastn, m_Program \"blastn\"; \"megablast\"/\"dc-megablast\" are never printed)	faithful	faithful	faithful	report/pairwise.rs:3707(write_translated_pairwise_intro);algorithm/blastn/hsp.rs:161(NCBI_BLASTN_VERSION)	A set of 84 runs (dc-megablast and blastn-short x outfmt 0/6/7 x 14 inputs: multi-query with an all-N query and a no-hit query, no hits, all-N, short queries, -max_target_seqs 1/3, -lcase_masking) had stdout, stderr and exit status identical to NCBI 2.17.0 (scratch sd-res-F/matrix.log); first line \"BLASTN 2.17.0+\" in outfmt 0 and \"# BLASTN 2.17.0+\" in outfmt 7 equal for both tasks	-
F	3	src/algo/blast/format/blast_format.cpp ; src/algo/blast/format/blastfmtutil.cpp ; src/algo/blast/api/version.cpp	399-407 ; 76-130 ; 44-62	CBlastFormat::PrintProlog (reference choice) / CBlastFormatUtil::BlastPrintReference	dc: m_Megablast false -> eGappedBlast reference (not the megablast one)	faithful	faithful	faithful	report/pairwise.rs:2111(write_blastn_pairwise_prolog);report/pairwise.rs:3707(write_translated_pairwise_intro);algorithm/blastn/blast_engine/run.rs:5831(write_pairwise_prologs)	54 dc-megablast outfmt 0/6/7 runs over the 9 template type x length combos x word size 11/12 on dc_query/dc_subject plus 24 more with templates (matrix2.log): stdout, stderr, rc identical to NCBI; the Altschul reference text is in all outfmt 0 outputs	-
F	4	src/algo/blast/format/blast_format.cpp ; src/algo/blast/format/blastfmtutil.cpp	399-407 ; 76-130	CBlastFormat::PrintProlog (reference choice)	short: m_Megablast false -> eGappedBlast reference	faithful	faithful	faithful	report/pairwise.rs:2111(write_blastn_pairwise_prolog);report/pairwise.rs:3707(write_translated_pairwise_intro)	A set of 84 runs (dc-megablast and blastn-short x outfmt 0/6/7 x 14 inputs: multi-query with an all-N query and a no-hit query, no hits, all-N, short queries, -max_target_seqs 1/3, -lcase_masking) had stdout, stderr and exit status identical to NCBI 2.17.0 (scratch sd-res-F/matrix.log); blastn-short outfmt 0 prolog with the Altschul reference equal to NCBI	-
F	5	src/algo/blast/format/blast_format.cpp	409-414	CBlastFormat::PrintProlog (second reference)	both: m_Megablast && m_IndexedMegablast -> extra \"Reference for database indexing\"; never for dc/short (m_Megablast false)	n/a	n/a	n/a	-	LOSAT -use_index true with dc-megablast/blastn-short/megablast/blastn exits 2 with \"error: the NCBI BLAST+ option -use_index is not supported by LOSAT's BLASTN\" (cli.rs:250 is_unported_blastn_arg), so the indexed-database reference is unreachable	Inventory reason kept (needs an indexed database; -use_index is rejected).
F	6	src/algo/blast/format/blast_format.cpp ; src/algo/blast/format/blastfmtutil.cpp	2261-2267 ; (reward/penalty from CreateTask)	CBlastFormat::PrintEpilog (\"Matrix: blastn matrix R P\")	dc: reward 2, penalty -3 (CDiscNucleotideOptionsHandle::SetMBScoringOptionsDefaults -> SetScoringOptionsDefaults, blast_nucl_options.cpp:197-208)	faithful	faithful	faithful	report/pairwise.rs:2046(write_blastn_final_footer);algorithm/blastn/coordination.rs:333(task_defaults)	dc_0_dcfix, R1_dc_0 (-reward 1 -penalty -2), R4_dc_0, R7_dc_0 (-reward 5 -penalty -4): epilog \"Matrix: blastn matrix R P\" identical to NCBI	-
F	7	src/algo/blast/format/blast_format.cpp	2261-2267 ; src/algo/blast/api/blast_options_handle.cpp:337-362	CBlastFormat::PrintEpilog (\"Matrix: blastn matrix R P\") / CBlastOptionsFactory::CreateTask	short: reward 1, penalty -3 (SetMatchReward(1), SetMismatchPenalty(-3) in CreateTask)	divergent	ported	ported	report/pairwise.rs:2046(write_blastn_final_footer);algorithm/blastn/coordination.rs:333(task_defaults)	bl_0_shfix, bl_0_dcfix, bl_0_multi etc. (blastn-short outfmt 0, default scoring) print \"Matrix: blastn matrix 1 -3\" as NCBI; R1_bl_0/R2_bl_0 (-reward 1 -penalty -2 / -reward 2 -penalty -3) identical; unit test task_defaults_follow_ncbi_handles	task_defaults(\"blastn-short\") now has reward 1, penalty -3 (coordination.rs:370-382).
F	8	src/algo/blast/format/blast_format.cpp	2268-2280	CBlastFormat::PrintEpilog (\"Gap Penalties: Existence: O, Extension: E\")	both: dc-megablast and blastn-short: gap open 5, gap extend 2 (blast_nucl_options.cpp BLAST_GAP_OPEN_NUCL/BLAST_GAP_EXTN_NUCL; the blastn-short branch of CreateTask does not change them)	faithful	faithful	faithful	report/pairwise.rs:2046(write_blastn_final_footer);algorithm/blastn/coordination.rs:333(task_defaults)	R3 (-gapopen 2 -gapextend 2), R4 (-gapopen 0 -gapextend 2 with 1/-2), R7 (-gapopen 8 -gapextend 6) for both tasks, outfmt 0 and 7: identical to NCBI; defaults \"Existence: 5, Extension: 2\" in all default runs	-
F	9	src/algo/blast/format/blast_format.cpp ; src/algo/blast/core/blast_options.c	2271-2276 ; 899-905,1698-1711	CBlastFormat::PrintEpilog (gap extension 0 formula) / BlastScoringOptionsValidate	both: gap_extend == 0 printed as (reward - 2*penalty)/2.0 -- unreachable for dc and blastn-short	n/a	n/a	n/a	-	R5/R6 for both tasks (-gapopen 0 -gapextend 0; -gapopen 5 -gapextend 0), outfmt 0 and 7: LOSAT and NCBI both print the same options error (\"Greedy extension must be used if gap existence and extension options are zero\" / \"BLASTN gap extension penalty cannot be 0\") with rc=1 and empty stdout; the formula branch (report/pairwise.rs:2085) stays reachable only for megablast and blastn	Inventory reason kept; byte-compared here.
F	10	src/algo/blast/format/blast_format.cpp ; src/algo/blast/api/disc_nucl_options.cpp ; include/algo/blast/core/blast_options.h	2285-2288 ; 66-74 ; 61	CBlastFormat::PrintEpilog (\"Window for multiple hits\") / CDiscNucleotideOptionsHandle::SetMBInitialWordOptionsDefaults	dc: options.GetWindowSize() == BLAST_WINDOW_SIZE_DISC == 40 -> epilog ends with the line \"Window for multiple hits: 40\"	unported	ported	ported	report/pairwise.rs:2046(write_blastn_final_footer);report/pairwise.rs:1696(BlastnPairwiseReport.window_size);algorithm/blastn/blast_engine/run.rs:6107(write_batch_reports: window_size: config.window_size);algorithm/blastn/coordination.rs:333(task_defaults)	dc_0_dcfix and all dc-megablast outfmt 0 runs (matrix.log, matrix2.log, matrix3.log) end with \"Window for multiple hits: 40\" and equal NCBI; R1_dc_0..R9_dc_0 with -reward/-penalty/-gapopen/-perc_identity/-evalue/-max_hsps keep the line; unit test task_defaults_follow_ncbi_handles	window_size is carried in report inputs and printed when != 0.
F	11	src/algo/blast/format/blast_format.cpp ; src/algo/blast/api/blast_nucl_options.cpp	2285-2288 ; 166,173	CBlastFormat::PrintEpilog (\"Window for multiple hits\")	short: window size BLAST_WINDOW_SIZE_NUCL == 0 -> no line	faithful	faithful	faithful	report/pairwise.rs:2095(write_blastn_final_footer: window_size != 0)	bl_0_* runs (blastn-short, window 0) print no Window line, identical to NCBI	-
F	12	src/algo/blast/format/blast_format.cpp	2285-2288	CBlastFormat::PrintEpilog (\"Window for multiple hits\" for a user -window_size)	both: -window_size N (N > 0) with any task prints \"Window for multiple hits: N\"	rejected	rejected	rejected	cli.rs:254(is_unported_blastn_arg: window_size)	LOSAT -window_size 40 and -window_size 0 with dc-megablast, blastn-short, megablast and blastn: exit 2, stderr \"error: the NCBI BLAST+ option -window_size is not supported by LOSAT's BLASTN\" (NCBI runs them: rc 0)	Explicit rejection kept (Known decisions).
F	13	src/algo/blast/format/blast_format.cpp	2281-2284	CBlastFormat::PrintEpilog (\"Neighboring words threshold\")	both: GetWordThreshold() is 0 for dc-megablast and blastn-short (BLAST_WORD_THRESHOLD_BLASTN/MEGABLAST == 0) -> no line	faithful	faithful	faithful	report/pairwise.rs:2046(write_blastn_final_footer)	All dc/short outfmt 0 outputs (NCBI and LOSAT equal) have no \"Neighboring words threshold\" line; the function never prints one for BLASTN	-
F	14	src/algo/blast/api/disc_nucl_options.cpp ; src/algo/blast/format/blast_format.cpp	49-64 ; 2204-2293	CDiscNucleotideOptionsHandle::SetMBLookupTableDefaults (template type 0, template length 18) / CBlastFormat::PrintEpilog	dc: -template_type / -template_length (16/18/21 x coding/optimal/coding_and_optimal) change nothing in the report text	n/a	n/a	n/a	-	54 dc-megablast runs over the 9 template combos x word size 11/12 x outfmt 0/6/7 plus U_* runs (multi-query, lowercase masking, all-N, -max_target_seqs 2) are byte-identical to NCBI in stdout, stderr and rc; no template text in any output	Inventory reason kept.
F	15	src/algo/blast/format/blast_format.cpp ; src/objtools/align_format/align_format_util.cpp	445-479 ; 578-620	CBlastFormat::x_PrintOneQueryFooter / CAlignFormatUtil::PrintKAParameters (ungapped and gapped Lambda K H)	dc: reward 2 penalty -3 gaps 5/2: ungapped \"0.634 0.408 0.912\", gapped \"0.625 0.410 0.780\"	faithful	faithful	faithful	report/pairwise.rs:1976(write_nucleotide_query_footer);stats/tables.rs:468(NuclValues::new);algorithm/blastn/scoring.rs:379(context_blocks)	dc_0_dcfix, dc_0_multi, dc_0_lcm2 etc.: footer \"0.634 0.408 0.912 / 0.625 0.410 0.780\" blocks identical to NCBI (dc_0_dcfix shows both blocks); R3/R7 for other gap costs identical	-
F	16	src/algo/blast/format/blast_format.cpp ; src/objtools/align_format/align_format_util.cpp ; src/algo/blast/core/blast_stat.c	445-479 ; 578-620 ; 638-645,3283-3289,3875-3935	CBlastFormat::x_PrintOneQueryFooter / PrintKAParameters / Blast_KarlinBlkNuclGappedCalc	short: reward 1 penalty -3, gaps 5/2 beyond the table maximum 2/2 -> gapped block copies the ungapped one: both blocks \"1.37 0.711 1.31\"	divergent	ported	ported	report/pairwise.rs:1976(write_nucleotide_query_footer);stats/tables.rs:468(NuclValues::new: (1,-3) arm);algorithm/blastn/coordination.rs:333(task_defaults)	bl_0_shfix, bl_0_dcfix, bl_0_multi, bl_7_*: both blocks \"1.37 0.711 1.31\" (ungapped and Gapped) identical to NCBI; LOSAT blastn-short on LC738874/LC738875 (81055 HSPs) was compared after the port	Follows from the task_defaults reward 1.
F	17	src/algo/blast/format/blast_format.cpp	445-479 ; 477-478	CBlastFormat::x_PrintOneQueryFooter (\"Effective search space used\")	dc: search space from reward 2/-3 and gaps 5/2, same as blastn	faithful	faithful	faithful	report/pairwise.rs:1976(write_nucleotide_query_footer);algorithm/blastn/blast_engine/run.rs:4607(blastn_pairwise_report)	dc_0_dcfix (search spaces 156378264 and 208626264 for its two queries), dc_0_multi, dc_0_short, dc_0_mtseq3 identical to NCBI	-
F	18	src/algo/blast/format/blast_format.cpp	445-479 ; 477-478	CBlastFormat::x_PrintOneQueryFooter (\"Effective search space used\")	short: search space from reward 1/-3 (gapped alpha/beta of the ungapped copy), e.g. 534053520 for a 1500-base query	divergent	ported	ported	report/pairwise.rs:1976(write_nucleotide_query_footer);algorithm/blastn/blast_engine/run.rs:4607(blastn_pairwise_report);algorithm/blastn/coordination.rs:333(task_defaults)	bl_0_shfix, bl_0_shnohit, bl_0_dcfix, bl_0_multi, bl_0_short, R1_bl_0..R9_bl_0: \"Effective search space used\" identical to NCBI (e.g. 146812 / 181293 for short_query)	Follows from the task_defaults reward 1.
F	19	src/algo/blast/format/blast_format.cpp ; src/objtools/align_format/tabular.cpp	790-815 ; 1266-1320	CBlastFormat::x_PrintTabularReport / CBlastTabularInfo::PrintHeader (outfmt 7 header)	both: \"# BLASTN 2.17.0+\", \"# Query: ...\", \"# Database: User specified sequence set (Input: s.fa)\", \"# Fields: ...\" only when hits > 0, \"# N hits found\", final \"# BLAST processed N queries\"; identical for dc-megablast and blastn-short	faithful	faithful	faithful	algorithm/blastn/hsp.rs:179(write_blastn_outfmt7_header)	dc_7_*, bl_7_* (14 inputs each: no hits, all-N, multi-query, -max_target_seqs, -lcase_masking) identical to NCBI, including \"# 0 hits found\" and \"# BLAST processed N queries\"; bl_7_allN has the header without Fields	-
F	20	src/objtools/align_format/align_format_util.cpp ; src/objtools/align_format/tabular.cpp	940-1011 ; 1327-1337	CAlignFormatUtil::GetScoreString / CBlastTabularInfo::SetScores (e-value and bit score text)	short: e-value threshold 1000 -> values of 10 to 1000 are printed with \"%2.0lf\" (e.g. \"323\", \"34\"), bit scores below 99.9 with \"%4.1lf\" (e.g. 14.4); blastn/megablast/dc reach e >= 10 only at exactly 10	faithful	faithful	faithful	report/outfmt6.rs:256(format_evalue_ncbi);report/outfmt6.rs:290(format_evalue_ncbi_tabular);report/outfmt6.rs:380(write_evalue_ncbi_base);report/outfmt6.rs:407(write_evalue_ncbi_tabular);report/outfmt6.rs:431(write_bitscore_ncbi)	bl_6_shfix has e-values 11, 15, 16 with bit score 14.4 (also bl_0/bl_7, R8_bl_*, X-runs with -evalue 1000): identical to NCBI	-
F	X1	src/algo/blast/format/blast_format.cpp	2270-2280	CBlastFormat::PrintEpilog (gapped-mode condition around \"Gap Penalties\")	both: printed only if options.GetGappedMode(); -ungapped switches it off	-	rejected	rejected	cli.rs:249(is_unported_blastn_arg: ungapped)	cli.rs lists ungapped among the unported options (message \"error: the NCBI BLAST+ option -ungapped is not supported by LOSAT's BLASTN\")	Gapped mode is always on in LOSAT; the inventory missed this condition.
F	X2	src/algo/blast/format/blast_format.cpp	445-479	CBlastFormat::x_PrintOneQueryFooter (null kbp_ungap/kbp_gap of an invalid query: Lambda blocks skipped)	both: a query with only N/invalid bases has no Karlin blocks; the footer keeps the blank lines and the Effective search space line	-	faithful	faithful	report/pairwise.rs:1986(write_nucleotide_query_footer_spacing)	dc_0_allN, dc_0_allNm, dc_7_allN, bl_0_allN, bl_0_allNm, bl_7_allNm and the multi-query inputs with an all-N query (matrix.log): stdout and the stderr warning \"Warning: [blastn] Query_1 ...: Could not calculate ungapped Karlin-Altschul parameters ...\" identical to NCBI	The inventory has no row for the invalid-query footer path.
