[losat-wasi-threads] shared-memory guards: 126 fills, 1233 copies
[losat-wasi-event] {"event":"spawn_attempt","at_ms":125.399634,"tid":1,"attempt":1}
[losat-wasi-event] {"event":"spawned","at_ms":127.757732,"tid":1}
[losat-wasi-threads] worker boot tid=1
[losat-wasi-threads] worker instantiate tid=1 start_arg=2506200
[losat-wasi-threads] worker start tid=1
[losat-wasi-event] {"event":"ready","at_ms":173.77072,"tid":1}
[losat-wasi-event] {"event":"spawn_attempt","at_ms":173.940774,"tid":2,"attempt":2}
[losat-wasi-event] {"event":"spawned","at_ms":174.496187,"tid":2}
[losat-wasi-threads] worker boot tid=2
[losat-wasi-threads] worker instantiate tid=2 start_arg=3555576
[losat-wasi-threads] worker start tid=2
[losat-wasi-event] {"event":"ready","at_ms":214.389799,"tid":2}
[losat-wasi-event] {"event":"spawn_attempt","at_ms":214.625968,"tid":3,"attempt":3}
[losat-wasi-event] {"event":"spawned","at_ms":217.812358,"tid":3}
[losat-wasi-threads] worker boot tid=3
[losat-wasi-threads] worker instantiate tid=3 start_arg=4604952
[losat-wasi-threads] worker start tid=3
[losat-wasi-event] {"event":"ready","at_ms":256.574006,"tid":3}
[losat-wasi-event] {"event":"spawn_attempt","at_ms":256.899073,"tid":4,"attempt":4}
[losat-wasi-event] {"event":"spawned","at_ms":257.357124,"tid":4}
[losat-wasi-threads] worker boot tid=4
[losat-wasi-threads] worker instantiate tid=4 start_arg=5654328
[losat-wasi-threads] worker start tid=4
[losat-wasi-event] {"event":"ready","at_ms":313.487443,"tid":4}
[losat-wasi-event] {"event":"spawn_attempt","at_ms":313.646176,"tid":5,"attempt":5}
[losat-wasi-event] {"event":"spawned","at_ms":314.182642,"tid":5}
[losat-wasi-threads] worker boot tid=5
[losat-wasi-threads] worker instantiate tid=5 start_arg=6703704
[losat-wasi-threads] worker start tid=5
[losat-wasi-event] {"event":"ready","at_ms":353.297708,"tid":5}
[losat-wasi-event] {"event":"spawn_attempt","at_ms":353.439445,"tid":6,"attempt":6}
[losat-wasi-event] {"event":"spawned","at_ms":353.91676,"tid":6}
[losat-wasi-threads] worker boot tid=6
[losat-wasi-threads] worker instantiate tid=6 start_arg=7753080
[losat-wasi-threads] worker start tid=6
[losat-wasi-event] {"event":"ready","at_ms":397.115593,"tid":6}
[losat-wasi-event] {"event":"spawn_attempt","at_ms":397.392212,"tid":7,"attempt":7}
[losat-wasi-event] {"event":"spawned","at_ms":397.919442,"tid":7}
[losat-wasi-threads] worker boot tid=7
[losat-wasi-threads] worker instantiate tid=7 start_arg=8802456
[losat-wasi-threads] worker start tid=7
[losat-wasi-event] {"event":"ready","at_ms":439.896301,"tid":7}
[losat-wasi-event] {"event":"spawn_attempt","at_ms":440.188063,"tid":8,"attempt":8}
[losat-wasi-event] {"event":"spawned","at_ms":440.681022,"tid":8}
[losat-wasi-threads] worker boot tid=8
[losat-wasi-threads] worker instantiate tid=8 start_arg=9851832
[losat-wasi-threads] worker start tid=8
[losat-wasi-event] {"event":"ready","at_ms":483.852706,"tid":8}
[losat-thread-pool] program=blastn requested_threads=8 pool_threads=8 caller_participates=false measured_activity=null
[losat-thread-stage] program=blastn stage=subjects work_items=1 parallel_selected=false measured_activity=null
[losat-thread-stage] program=blastn stage=subject_chunks work_items=1 parallel_selected=false measured_activity=null
[losat-thread-stage] program=blastn stage=dp_traceback_max_batch work_items=16 parallel_selected=true measured_activity=null
[DP-DIAGNOSTIC] subject=0 consumed=12468 fallback=0 scratch_count=8 scratch_creation_seconds=0.000023813 scratch_initial=[9600, 9600, 9600, 9600, 9600, 9600, 9600, 9600] scratch_final=[142442654, 137352623, 852098, 72745028, 72737125, 722005, 72742613, 72668807] batches=[(0, 16, 0.734546151, [(2, (0, 0.734277998, 0.000200153, 0.734478743)), (2, (1, 0.030712374, 0.000321789, 0.031034671)), (2, (2, 0.030279112, 0.000343634, 0.030623471)), (2, (3, 0.034224705, 0.000509334, 0.03473444)), (2, (4, 0.034125449, 0.000321864, 0.034447735)), (2, (5, 0.033300923, 0.000373295, 0.033674725)), (2, (6, 0.036391126, 0.000349928, 0.036741639)), (2, (7, 0.030404741, 0.000517884, 0.030923464))]), (16, 16, 0.003174513, [(2, (0, 0.001725253, 2.1638e-5, 0.001747231)), (2, (1, 0.001927008, 0.000127643, 0.002055023)), (2, (2, 0.002386828, 0.000106523, 0.002493763)), (2, (3, 0.002421745, 0.000253942, 0.002676076)), (2, (4, 0.002337616, 6.3617e-5, 0.002401743)), (2, (5, 0.002888637, 0.000235027, 0.003124163)), (2, (6, 0.002923296, 0.000152895, 0.003076764)), (2, (7, 0.00199522, 0.000394943, 0.002390643))]), (32, 14, 0.002236093, [(2, (0, 0.001402237, 1.2133e-5, 0.001414725)), (2, (1, 0.001136598, 1.6391e-5, 0.001153497)), (2, (2, 0.001389377, 7.9439e-5, 0.00146922)), (2, (3, 0.002013316, 0.000130597, 0.002144345)), (2, (4, 0.002042472, 4.2327e-5, 0.002085119)), (2, (5, 0.001300476, 0.000142073, 0.001442837)), (1, (6, 0.000798328, 4.4303e-5, 0.000842946)), (1, (7, 0.000479659, 6.6942e-5, 0.000546971))]), (48, 16, 0.002581534, [(2, (0, 0.002551179, 2.7515e-5, 0.002578951)), (2, (1, 0.001808919, 7.1999e-5, 0.001881221)), (2, (2, 0.001766365, 4.1606e-5, 0.00180828)), (2, (3, 0.001987865, 0.000297199, 0.002285534)), (2, (4, 0.002062571, 5.4668e-5, 0.002117534)), (2, (5, 0.00190833, 0.000249435, 0.002158045)), (2, (6, 0.001907847, 8.6407e-5, 0.001994648)), (2, (7, 0.001808725, 0.000237409, 0.002046537))]), (64, 14, 0.209446952, [(2, (0, 0.00149058, 1.3294e-5, 0.001504135)), (2, (1, 0.000974913, 0.000147179, 0.001122386)), (2, (2, 0.000976819, 6.782e-5, 0.001044989)), (2, (3, 0.209280622, 0.000101565, 0.20938274)), (2, (4, 0.206472949, 3.8702e-5, 0.206512542)), (2, (5, 0.001583143, 0.000267456, 0.001850978)), (1, (6, 0.00072078, 8.0133e-5, 0.000801277)), (1, (7, 0.00033841, 0.000271738, 0.000610473))]), (80, 16, 0.002446284, [(2, (0, 0.001276146, 1.2262e-5, 0.001288763)), (2, (1, 0.001561283, 0.000262314, 0.001824012)), (2, (2, 0.00191169, 7.8843e-5, 0.001990956)), (2, (3, 0.001960485, 0.000154668, 0.002115675)), (2, (4, 0.001232667, 3.664e-5, 0.001269732)), (2, (5, 0.002243179, 9.7195e-5, 0.002340827)), (2, (6, 0.002261857, 6.0146e-5, 0.002322449)), (2, (7, 0.002090011, 0.00025145, 0.002341971))]), (96, 16, 0.00257693, [(2, (0, 0.002097494, 1.3605e-5, 0.002111394)), (2, (1, 0.002467971, 7.4266e-5, 0.002542525)), (2, (2, 0.002425593, 6.1172e-5, 0.002487112)), (2, (3, 0.001061536, 0.000129105, 0.001190956)), (2, (4, 0.001092068, 3.5772e-5, 0.001128093)), (2, (5, 0.001452704, 0.000110407, 0.001563502)), (2, (6, 0.001974557, 8.6213e-5, 0.002061125)), (2, (7, 0.001784509, 0.000136641, 0.001921461))]), (112, 16, 0.001826284, [(2, (0, 0.001559178, 1.3469e-5, 0.001572988)), (2, (1, 0.00149441, 7.1048e-5, 0.00156579)), (2, (2, 0.001455621, 4.7406e-5, 0.001503297)), (2, (3, 0.001564609, 0.000198702, 0.001763801)), (2, (4, 0.001027192, 3.372e-5, 0.001061244)), (2, (5, 0.001063161, 0.00010183, 0.001165342)), (2, (6, 0.001170355, 8.518e-5, 0.001255926)), (2, (7, 0.001149063, 0.000197697, 0.001347049))]), (128, 16, 0.001931631, [(2, (0, 0.001445964, 1.4743e-5, 0.001461034)), (2, (1, 0.001095803, 6.7585e-5, 0.001163658)), (2, (2, 0.000886683, 3.3272e-5, 0.000920182)), (2, (3, 0.000681535, 0.000103417, 0.000785362)), (2, (4, 0.000927888, 5.8801e-5, 0.00098703)), (2, (5, 0.001383916, 0.000132813, 0.001517131)), (2, (6, 0.001312326, 0.000118846, 0.00143149)), (2, (7, 0.001590197, 0.000186552, 0.001777892))]), (144, 12, 0.126770848, [(2, (0, 0.000754874, 1.5525e-5, 0.000770763)), (2, (1, 0.001258731, 5.561e-5, 0.001314793)), (2, (2, 0.001516432, 4.8756e-5, 0.001565708)), (2, (3, 0.12661159, 7.0905e-5, 0.126683361)), (1, (4, 0.126658119, 3.2376e-5, 0.126691006)), (1, (5, 0.000839246, 6.9171e-5, 0.000908966)), (1, (6, 0.000633803, 6.4073e-5, 0.00069819)), (1, (7, 0.00041941, 7.4608e-5, 0.000494326))]), (160, 16, 0.151981302, [(2, (0, 0.113312719, 1.4476e-5, 0.113327867)), (2, (1, 0.001504015, 9.3179e-5, 0.001597602)), (2, (2, 0.001516089, 6.2053e-5, 0.00157849)), (2, (3, 0.001485788, 7.3191e-5, 0.001559372)), (2, (4, 0.00164871, 3.7639e-5, 0.001686839)), (2, (5, 0.001302979, 0.000249352, 0.001552698)), (2, (6, 0.001277789, 0.000123441, 0.001401554)), (2, (7, 0.15160744, 0.000260889, 0.151868964))]), (176, 16, 0.001929394, [(2, (0, 0.00067072, 2.1982e-5, 0.000692985)), (2, (1, 0.001659156, 7.5524e-5, 0.00173509)), (2, (2, 0.00089769, 6.0878e-5, 0.000958914)), (2, (3, 0.001661944, 0.000210802, 0.001873192)), (2, (4, 0.000936068, 3.9098e-5, 0.000975604)), (2, (5, 0.001297913, 0.000160047, 0.001458326)), (2, (6, 0.001174864, 9.2896e-5, 0.001268171)), (2, (7, 0.00095495, 0.000214809, 0.001170164))]), (192, 14, 0.001698588, [(2, (0, 0.001330915, 1.4693e-5, 0.001345913)), (2, (1, 0.001343813, 5.5967e-5, 0.001400093)), (2, (2, 0.001288855, 2.9832e-5, 0.001319067)), (2, (3, 0.001418768, 0.000226774, 0.001645955)), (2, (4, 0.001402161, 4.2907e-5, 0.001445394)), (2, (5, 0.001300402, 0.000137892, 0.001439021)), (1, (6, 0.00063149, 8.4423e-5, 0.000716255)), (1, (7, 0.000720117, 0.000154389, 0.000874832))]), (208, 12, 0.00253704, [(2, (0, 0.001201436, 1.5504e-5, 0.001217255)), (2, (1, 0.002393187, 4.065e-5, 0.002434238)), (2, (2, 0.002299006, 0.000179579, 0.002478912)), (2, (3, 0.001082202, 0.000224544, 0.001307088)), (1, (4, 0.000518229, 9.2088e-5, 0.000610588)), (1, (5, 0.000253007, 0.000110702, 0.00036396)), (1, (6, 0.00024614, 9.7807e-5, 0.000344157)), (1, (7, 0.000498845, 0.000224809, 0.000723973))]), (224, 14, 0.00127728, [(2, (0, 0.001055529, 1.3157e-5, 0.001068918)), (2, (1, 0.000892869, 0.000101358, 0.000994547)), (2, (2, 0.001075863, 2.9257e-5, 0.001105505)), (2, (3, 0.001105093, 0.000126527, 0.001232004)), (2, (4, 0.001202346, 4.4189e-5, 0.001246831)), (2, (5, 0.001156419, 8.6606e-5, 0.001243335)), (1, (6, 0.000562474, 7.1637e-5, 0.000634445)), (1, (7, 0.000638374, 0.00017009, 0.000808896))]), (240, 10, 0.001227729, [(2, (0, 0.001061765, 0.000164172, 0.001226224)), (2, (1, 0.001134495, 4.2202e-5, 0.00117697)), (1, (2, 0.000532682, 0.000151833, 0.000684855)), (1, (3, 0.000672266, 0.000167938, 0.000840448)), (1, (4, 0.000710046, 1.9635e-5, 0.00073022)), (1, (5, 0.000647012, 5.8421e-5, 0.000705712)), (1, (6, 0.000668762, 2.7036e-5, 0.000696052)), (1, (7, 0.000579541, 7.1024e-5, 0.000650866))]), (256, 15, 0.001535766, [(2, (0, 0.000932423, 1.5181e-5, 0.000947866)), (2, (1, 0.001255607, 7.1365e-5, 0.001327235)), (2, (2, 0.001122921, 5.6651e-5, 0.001179805)), (2, (3, 0.001185399, 0.000162399, 0.001348104)), (2, (4, 0.001460408, 4.236e-5, 0.001503069)), (2, (5, 0.000863276, 0.000144178, 0.001007985)), (2, (6, 0.001074335, 8.3275e-5, 0.001157798)), (1, (7, 0.000382741, 0.000177944, 0.000560938))]), (272, 13, 0.001821891, [(2, (0, 0.001354431, 1.7883e-5, 0.001372634)), (2, (1, 0.001370907, 6.5445e-5, 0.001436622)), (2, (2, 0.001304817, 4.7063e-5, 0.001352327)), (2, (3, 0.001305876, 0.000206652, 0.001512897)), (2, (4, 0.001756915, 3.5721e-5, 0.001792937)), (1, (5, 0.000558969, 0.000124624, 0.000683868)), (1, (6, 0.00114343, 0.000111579, 0.001255667)), (1, (7, 0.001065478, 0.000378399, 0.001444232))]), (288, 7, 0.001060513, [(1, (0, 0.001043067, 1.4831e-5, 0.001058168)), (1, (1, 0.00045416, 7.405e-5, 0.000528475)), (1, (2, 0.000471663, 6.2535e-5, 0.000534511)), (1, (3, 0.000350581, 0.000156941, 0.000507775)), (1, (4, 0.00035649, 3.1503e-5, 0.00038845)), (1, (5, 0.00061981, 8.8201e-5, 0.000708254)), (1, (6, 0.000614034, 4.758e-5, 0.000661907)), (0, (7, 5.15e-7, 0.000158845, 0.000160023))]), (304, 11, 0.002103726, [(2, (0, 0.001748544, 1.735e-5, 0.00176617)), (2, (1, 0.001314187, 0.000196935, 0.001511371)), (2, (2, 0.001913885, 0.000147768, 0.002062986)), (1, (3, 0.00087643, 0.000284409, 0.001161079)), (1, (4, 0.000605237, 9.2163e-5, 0.000697868)), (1, (5, 0.000488368, 0.000250514, 0.000739121)), (1, (6, 0.000332422, 0.000213225, 0.000545968)), (1, (7, 0.000955172, 0.000546399, 0.001501837))]), (320, 11, 0.001383238, [(2, (0, 0.001113844, 1.4743e-5, 0.001128918)), (2, (1, 0.001200085, 3.3797e-5, 0.001234209)), (2, (2, 0.001197479, 0.000133003, 0.001331035)), (1, (3, 0.000633722, 0.000192547, 0.000826532)), (1, (4, 0.000467055, 4.8956e-5, 0.000516375)), (1, (5, 0.000599952, 0.000193606, 0.000793823)), (1, (6, 0.000574563, 6.2685e-5, 0.000637473)), (1, (7, 0.000440358, 8.3866e-5, 0.000524453))]), (336, 8, 0.001016097, [(1, (0, 0.00050424, 1.2694e-5, 0.000517284)), (1, (1, 0.000689521, 2.6749e-5, 0.000716621)), (1, (2, 0.000652678, 8.2292e-5, 0.000735226)), (1, (3, 0.000501389, 0.000117073, 0.000618749)), (1, (4, 0.000517976, 3.826e-5, 0.000556448)), (1, (5, 0.000606296, 0.000227474, 0.000834032)), (1, (6, 0.000492309, 5.2436e-5, 0.000545042)), (1, (7, 0.000812426, 6.6264e-5, 0.00087891))]), (352, 14, 0.001739631, [(2, (0, 0.001101575, 1.0669e-5, 0.001112472)), (2, (1, 0.001143841, 0.000184925, 0.001329087)), (2, (2, 0.001517137, 0.000186417, 0.001704399)), (2, (3, 0.00128279, 0.000225522, 0.001508696)), (2, (4, 0.001199938, 1.313e-5, 0.001213432)), (2, (5, 0.001201103, 0.00027897, 0.001480324)), (1, (6, 0.000666682, 0.000204277, 0.000871296)), (1, (7, 0.000269896, 0.000286223, 0.000556387))]), (368, 10, 0.001366704, [(2, (0, 0.001119965, 1.4723e-5, 0.001134996)), (2, (1, 0.001258848, 6.6448e-5, 0.001325597)), (1, (2, 0.000712718, 4.6638e-5, 0.000759572)), (1, (3, 0.000512319, 0.000173832, 0.000686457)), (1, (4, 0.00062588, 3.141e-5, 0.000657603)), (1, (5, 0.000594724, 0.000113647, 0.000708658)), (1, (6, 0.000587986, 0.000100467, 0.000688709)), (1, (7, 0.000626868, 0.000167743, 0.000795318))]), (384, 12, 0.001143098, [(2, (0, 0.00112725, 1.415e-5, 0.001141737)), (2, (1, 0.001015861, 5.3816e-5, 0.001069946)), (2, (2, 0.001048986, 2.9079e-5, 0.001078367)), (2, (3, 0.000970989, 6.8812e-5, 0.001040083)), (1, (4, 0.000960772, 4.3708e-5, 0.001004741)), (1, (5, 0.000570155, 0.000137212, 0.000707594)), (1, (6, 0.000665393, 8.3621e-5, 0.000749288)), (1, (7, 0.000533856, 0.000135577, 0.000669677))]), (400, 16, 0.001999379, [(2, (0, 0.000763647, 1.5215e-5, 0.000779106)), (2, (1, 0.001760311, 0.000206554, 0.001967191)), (2, (2, 0.001872432, 6.0589e-5, 0.001933317)), (2, (3, 0.001177191, 0.00026679, 0.001444412)), (2, (4, 0.001142937, 4.3999e-5, 0.001187181)), (2, (5, 0.001149313, 0.000251243, 0.00140097)), (2, (6, 0.001126222, 0.000132316, 0.001259108)), (2, (7, 0.001177, 0.000177301, 0.001354741))]), (416, 12, 0.001525485, [(2, (0, 0.001291214, 1.4449e-5, 0.001305977)), (2, (1, 0.001158793, 6.9938e-5, 0.001228962)), (2, (2, 0.001470577, 2.9132e-5, 0.001499944)), (2, (3, 0.00134575, 0.000120782, 0.001466909)), (1, (4, 0.000621092, 4.7584e-5, 0.000668962)), (1, (5, 0.000490991, 0.000158291, 0.000649583)), (1, (6, 0.000491345, 0.000141972, 0.000633595)), (1, (7, 0.000548818, 0.000186545, 0.00073598))]), (432, 14, 0.001757603, [(2, (0, 0.001109305, 1.5181e-5, 0.001124788)), (2, (1, 0.001160078, 7.4845e-5, 0.001235298)), (2, (2, 0.001299236, 4.7459e-5, 0.001346913)), (2, (3, 0.00155194, 0.000104497, 0.001656751)), (2, (4, 0.000991371, 5.9065e-5, 0.001050756)), (2, (5, 0.000871634, 0.000259249, 0.001131228)), (1, (6, 0.000378636, 0.00014795, 0.000526892)), (1, (7, 0.00050149, 0.000267853, 0.000769642))]), (448, 7, 0.000823859, [(1, (0, 0.000486722, 1.5537e-5, 0.000502503)), (1, (1, 0.000450167, 3.3978e-5, 0.000484428)), (1, (2, 0.000458355, 3.1288e-5, 0.000490006)), (1, (3, 0.000614859, 3.5181e-5, 0.000650368)), (1, (4, 0.000624313, 4.6841e-5, 0.000671473)), (1, (5, 0.000657361, 8.3699e-5, 0.000741405)), (1, (6, 0.000653344, 6.9881e-5, 0.000723543)), (0, (7, 6.46e-7, 0.000115222, 0.000116602))]), (464, 11, 0.001603875, [(2, (0, 0.00124951, 1.4542e-5, 0.001264361)), (2, (1, 0.001183297, 1.6564e-5, 0.001200067)), (2, (2, 0.001446168, 0.00012458, 0.001570984)), (1, (3, 0.000633969, 0.000155238, 0.00078942)), (1, (4, 0.000634709, 8.8609e-5, 0.000723601)), (1, (5, 0.000662603, 0.000109381, 0.000772192)), (1, (6, 0.000537609, 9.6941e-5, 0.000634876)), (1, (7, 0.000601056, 0.000148616, 0.000749963))]), (480, 12, 0.001588336, [(2, (0, 0.001467241, 6.507e-5, 0.001532696)), (2, (1, 0.001320755, 0.000190888, 0.001511955)), (2, (2, 0.001192693, 0.000108283, 0.00130134)), (2, (3, 0.001363312, 0.000174137, 0.001537762)), (1, (4, 0.000809338, 9.1826e-5, 0.000901678)), (1, (5, 0.000310412, 0.000364107, 0.000674764)), (1, (6, 0.000275924, 0.000290197, 0.000566402)), (1, (7, 0.000657176, 0.000566742, 0.001224081))]), (496, 10, 0.001297739, [(2, (0, 0.000696714, 1.5203e-5, 0.000712272)), (2, (1, 0.00118016, 4.5347e-5, 0.001226548)), (1, (2, 0.001125192, 5.2071e-5, 0.001177498)), (1, (3, 0.000723561, 7.1101e-5, 0.000794951)), (1, (4, 0.000670875, 0.000101673, 0.000772776)), (1, (5, 0.000410577, 0.000152658, 0.000563521)), (1, (6, 0.000401127, 0.000101305, 0.000502682)), (1, (7, 0.000400563, 0.000159156, 0.000559942))]), (512, 6, 0.000701135, [(1, (0, 0.000439141, 6.855e-6, 0.000446244)), (1, (1, 0.000610092, 6.6788e-5, 0.000677125)), (1, (2, 0.000558443, 5.2774e-5, 0.000611503)), (1, (3, 0.000577679, 8.3017e-5, 0.000660904)), (1, (4, 0.000351145, 4.2225e-5, 0.000393821)), (1, (5, 0.000310235, 0.000156537, 0.000466892)), (0, (6, 1.85e-7, 0.000155007, 0.000155435)), (0, (7, 7.3e-8, 0.000155821, 0.000155996))]), (528, 10, 0.001369029, [(2, (0, 0.001160679, 1.4193e-5, 0.001175101)), (2, (1, 0.001197999, 1.5918e-5, 0.001214294)), (1, (2, 0.00060093, 0.000722478, 0.001323664)), (1, (3, 0.000440351, 0.000733945, 0.001174521)), (1, (4, 0.000623227, 5.6026e-5, 0.00067959)), (1, (5, 0.000648727, 5.6389e-5, 0.000705355)), (1, (6, 0.000648104, 5.6264e-5, 0.000704594)), (1, (7, 0.000705266, 0.000222792, 0.000928378))]), (544, 9, 0.001573298, [(2, (0, 0.001069784, 1.5723e-5, 0.001085781)), (1, (1, 0.000916623, 6.2891e-5, 0.000979793)), (1, (2, 0.000501637, 3.1267e-5, 0.000533112)), (1, (3, 0.000906543, 7.6766e-5, 0.000983524)), (1, (4, 0.001450653, 4.5583e-5, 0.001496495)), (1, (5, 0.000763041, 0.000154317, 0.000917579)), (1, (6, 0.000733363, 0.000105728, 0.000839383)), (1, (7, 0.000934359, 0.000146968, 0.001081616))]), (560, 10, 0.00154613, [(2, (0, 0.001537253, 6.495e-6, 0.001544124)), (2, (1, 0.00129036, 0.000137345, 0.001428026)), (1, (2, 0.001151089, 8.1441e-5, 0.001233033)), (1, (3, 0.000546372, 0.000232614, 0.000779237)), (1, (4, 0.000641993, 2.7199e-5, 0.000669462)), (1, (5, 0.00056948, 0.000218889, 0.0007887)), (1, (6, 0.001006214, 0.000155202, 0.001161647)), (1, (7, 0.000987414, 0.000205332, 0.001192979))]), (576, 14, 0.002312332, [(2, (0, 0.001697363, 2.3585e-5, 0.001721288)), (2, (1, 0.001932442, 0.000216926, 0.002149981)), (2, (2, 0.002049265, 0.000125601, 0.002175106)), (2, (3, 0.000932489, 0.000326893, 0.001259676)), (2, (4, 0.001645844, 4.167e-5, 0.001687795)), (2, (5, 0.001916474, 0.000286266, 0.00220303)), (1, (6, 0.000769239, 6.6073e-5, 0.000835882)), (1, (7, 0.000384986, 0.000310748, 0.000696004))]), (592, 8, 0.001435604, [(1, (0, 0.000743342, 1.7113e-5, 0.000760979)), (1, (1, 0.00053346, 0.00016258, 0.000696351)), (1, (2, 0.000403924, 0.000140036, 0.00054425)), (1, (3, 0.000995217, 0.000343416, 0.001338883)), (1, (4, 0.0003074, 3.4935e-5, 0.000342563)), (1, (5, 0.000988491, 0.000189359, 0.001178328)), (1, (6, 0.000539125, 0.000128514, 0.000668028)), (1, (7, 0.000498852, 0.000278857, 0.000778027))]), (608, 10, 0.001444773, [(2, (0, 0.000734453, 1.5744e-5, 0.000750505)), (2, (1, 0.000772778, 3.4069e-5, 0.000807081)), (1, (2, 0.000569121, 5.3312e-5, 0.000622781)), (1, (3, 0.000921687, 0.000263023, 0.00118534)), (1, (4, 0.000678373, 0.000484801, 0.001163597)), (1, (5, 0.000507325, 0.000482623, 0.000990226)), (1, (6, 0.000785917, 0.000483681, 0.001270029)), (1, (7, 0.000807084, 0.000520266, 0.001327864))]), (624, 14, 0.00169543, [(2, (0, 0.001370814, 2.1534e-5, 0.001392674)), (2, (1, 0.001182976, 0.000153257, 0.001336528)), (2, (2, 0.001012421, 5.3625e-5, 0.00106635)), (2, (3, 0.001499729, 0.000140791, 0.001640935)), (2, (4, 0.000796395, 3.8538e-5, 0.000835168)), (2, (5, 0.000799078, 0.000329205, 0.001128681)), (1, (6, 0.000407861, 0.000231997, 0.000640255)), (1, (7, 0.000398091, 0.000339206, 0.000737694))]), (640, 8, 0.001228883, [(1, (0, 0.000455615, 5.2885e-5, 0.000508842)), (1, (1, 0.000646695, 0.00011027, 0.000757383)), (1, (2, 0.000471084, 3.6866e-5, 0.000508336)), (1, (3, 0.000477386, 0.000305374, 0.000783082)), (1, (4, 0.000585982, 1.9263e-5, 0.000605534)), (1, (5, 0.000584675, 0.000233081, 0.000818059)), (1, (6, 0.000897138, 0.000219375, 0.001116946)), (1, (7, 0.000831754, 0.000314625, 0.001146826))]), (656, 6, 0.001232209, [(1, (0, 0.000263952, 1.769e-5, 0.000281947)), (1, (1, 0.000273092, 3.226e-5, 0.000305787)), (1, (2, 0.000805847, 0.000217832, 0.001024003)), (1, (3, 0.000324311, 0.000239877, 0.00056456)), (1, (4, 0.00044709, 6.9702e-5, 0.000517296)), (1, (5, 0.001007192, 0.00014107, 0.001148433)), (0, (6, 1.94e-7, 0.000138783, 0.000139377)), (0, (7, 7.9e-8, 0.00014013, 0.00014036))]), (672, 12, 0.001407877, [(2, (0, 0.000983042, 1.5658e-5, 0.000999033)), (2, (1, 0.001168397, 7.1912e-5, 0.001240723)), (2, (2, 0.001306142, 5.8991e-5, 0.001365413)), (2, (3, 0.0010993, 0.000204941, 0.001304646)), (1, (4, 0.000514169, 3.4201e-5, 0.000548752)), (1, (5, 0.000514885, 0.000250247, 0.000765563)), (1, (6, 0.000507914, 0.000152, 0.00066031)), (1, (7, 0.000810946, 0.00037999, 0.001191567))]), (688, 10, 0.001259435, [(2, (0, 0.001040806, 1.6966e-5, 0.001058089)), (2, (1, 0.000945338, 0.000165482, 0.00111124)), (1, (2, 0.00088191, 3.2954e-5, 0.000915154)), (1, (3, 0.000539609, 0.000101122, 0.000641383)), (1, (4, 0.000473116, 6.7906e-5, 0.000541394)), (1, (5, 0.000853777, 0.000270477, 0.001124649)), (1, (6, 0.000521704, 0.000176757, 0.00069877)), (1, (7, 0.000546324, 0.000273181, 0.000819779))]), (704, 4, 0.001080561, [(1, (0, 0.000541128, 1.6583e-5, 0.000558048)), (1, (1, 0.000738972, 0.000148083, 0.000887294)), (1, (2, 0.001008338, 3.465e-5, 0.001043355)), (1, (3, 0.000576547, 0.000211479, 0.000788577)), (0, (4, 2.09e-7, 0.000143676, 0.000144302)), (0, (5, 9.2e-8, 0.000145061, 0.000145318)), (0, (6, 9.3e-8, 0.000145821, 0.000146069)), (0, (7, 9.1e-8, 0.000146272, 0.000146519))]), (720, 8, 0.001217391, [(1, (0, 0.000599242, 1.6632e-5, 0.000616099)), (1, (1, 0.000600983, 3.6267e-5, 0.000637468)), (1, (2, 0.000767072, 0.000124576, 0.000892104)), (1, (3, 0.000958141, 0.000169418, 0.001128056)), (1, (4, 0.000543088, 5.6771e-5, 0.000600246)), (1, (5, 0.000549564, 0.000235691, 0.000785646)), (1, (6, 0.000548587, 7.4678e-5, 0.000623546)), (1, (7, 0.000524664, 9.2914e-5, 0.000618026))]), (736, 11, 0.00117119, [(2, (0, 0.001151444, 1.8158e-5, 0.001169813)), (2, (1, 0.000862474, 0.000233437, 0.001096225)), (2, (2, 0.000738859, 0.000188349, 0.000927466)), (1, (3, 0.00034957, 0.000242735, 0.000592546)), (1, (4, 0.000705289, 3.4169e-5, 0.000739825)), (1, (5, 0.000584474, 0.000161357, 0.000746221)), (1, (6, 0.000783019, 8.646e-5, 0.000869861)), (1, (7, 0.000867228, 0.000170405, 0.001037946))]), (752, 9, 0.0013157, [(2, (0, 0.001234574, 1.501e-5, 0.001249821)), (1, (1, 0.000651471, 0.000192772, 0.00084471)), (1, (2, 0.000693946, 0.000115387, 0.00080974)), (1, (3, 0.000996483, 0.000229497, 0.001226257)), (1, (4, 0.001279465, 3.0554e-5, 0.001310458)), (1, (5, 0.000288285, 0.000217417, 0.000505946)), (1, (6, 0.000485359, 0.000202033, 0.000687634)), (1, (7, 0.00053258, 0.000338847, 0.000871706))]), (768, 12, 0.001380486, [(2, (0, 0.00135836, 1.9816e-5, 0.001378468)), (2, (1, 0.00080077, 2.7597e-5, 0.000828767)), (2, (2, 0.000646823, 0.000191724, 0.000838765)), (2, (3, 0.000957628, 0.000206074, 0.001164034)), (1, (4, 0.000908426, 5.6993e-5, 0.000965828)), (1, (5, 0.000801911, 0.000180299, 0.000982604)), (1, (6, 0.000686069, 5.6347e-5, 0.00074266)), (1, (7, 0.000545775, 7.0783e-5, 0.000616803))]), (784, 7, 0.001106682, [(1, (0, 0.000585753, 1.9273e-5, 0.000605271)), (1, (1, 0.000781729, 0.00025485, 0.001037017)), (1, (2, 0.000603956, 0.000117727, 0.000722109)), (1, (3, 0.000626235, 0.000406775, 0.001033274)), (1, (4, 0.000500328, 3.7543e-5, 0.000538113)), (1, (5, 0.000514696, 0.000373283, 0.000888093)), (1, (6, 0.000692539, 0.000127171, 0.000819954)), (0, (7, 1.85e-7, 0.000371666, 0.000372239))]), (800, 5, 0.000718573, [(1, (0, 0.000699722, 1.7424e-5, 0.000717428)), (1, (1, 0.000539315, 0.000133373, 0.000673104)), (1, (2, 0.000529644, 3.6215e-5, 0.000566116)), (1, (3, 0.000479725, 0.000145851, 0.000625862)), (1, (4, 0.000475685, 4.945e-5, 0.000525381)), (0, (5, 8.1e-8, 0.000194107, 0.000194303)), (0, (6, 1.6e-7, 0.000192399, 0.0001928)), (0, (7, 8.1e-8, 0.00019324, 0.000193437))]), (816, 15, 0.177422108, [(2, (0, 0.129642269, 1.6194e-5, 0.129659157)), (2, (1, 0.177276477, 9.4077e-5, 0.177371272)), (2, (2, 0.001167225, 8.4259e-5, 0.001251908)), (2, (3, 0.001027465, 0.000283433, 0.001311303)), (2, (4, 0.000858726, 5.5264e-5, 0.000914228)), (2, (5, 0.001116309, 0.000426525, 0.001543208)), (2, (6, 0.001750988, 0.000204204, 0.001955648)), (1, (7, 0.000661231, 0.000417231, 0.001078767))]), (832, 8, 0.002134373, [(1, (0, 0.001206176, 2.1645e-5, 0.001228116)), (1, (1, 0.000559653, 0.000252375, 0.000812338)), (1, (2, 0.000633713, 0.000163132, 0.000797219)), (1, (3, 0.000601074, 0.000188545, 0.000790064)), (1, (4, 0.000638359, 0.000114484, 0.000753303)), (1, (5, 0.000670741, 0.000137994, 0.000809098)), (1, (6, 0.001965576, 0.000126321, 0.00209295)), (1, (7, 0.000553881, 0.000313522, 0.000867778))]), (848, 4, 0.00056145, [(1, (0, 0.000316145, 1.6814e-5, 0.00033326)), (1, (1, 0.000316385, 4.5942e-5, 0.000362434)), (1, (2, 0.000411779, 4.6488e-5, 0.0004586)), (1, (3, 0.0004663, 5.8506e-5, 0.000525118)), (0, (4, 1.35e-7, 4.3523e-5, 4.3886e-5)), (0, (5, 6.8e-8, 4.43e-5, 4.4466e-5)), (0, (6, 6.9e-8, 4.4795e-5, 4.4962e-5)), (0, (7, 6.7e-8, 4.5098e-5, 4.5264e-5))]), (864, 8, 0.00114954, [(1, (0, 0.00042974, 4.604e-5, 0.000476088)), (1, (1, 0.000211841, 6.1375e-5, 0.000273554)), (1, (2, 0.000196409, 0.000151154, 0.000347878)), (1, (3, 0.000664745, 0.000205512, 0.000871134)), (1, (4, 0.000370283, 1.9596e-5, 0.000390164)), (1, (5, 0.001023247, 7.5818e-5, 0.001099331)), (1, (6, 0.000365991, 3.1228e-5, 0.000397533)), (1, (7, 0.000377619, 9.1341e-5, 0.000469251))]), (880, 10, 0.001371583, [(2, (0, 0.000953291, 1.6522e-5, 0.00097003)), (2, (1, 0.001277814, 6.0349e-5, 0.001338646)), (1, (2, 0.000397138, 4.5353e-5, 0.000442741)), (1, (3, 0.001034067, 0.000103254, 0.001137614)), (1, (4, 0.000247179, 3.1992e-5, 0.000279416)), (1, (5, 0.000254524, 9.0429e-5, 0.000345199)), (1, (6, 0.000578597, 7.4669e-5, 0.000653537)), (1, (7, 0.000790139, 0.0001532, 0.000944191))]), (896, 5, 0.000628041, [(1, (0, 0.000401676, 1.6429e-5, 0.000418325)), (1, (1, 0.000470933, 0.000128961, 0.000600177)), (1, (2, 0.000356959, 5.018e-5, 0.000407353)), (1, (3, 0.000392808, 0.000140409, 0.000533432)), (1, (4, 0.000575039, 3.426e-5, 0.000609683)), (0, (5, 7.2e-8, 0.000171332, 0.000171505)), (0, (6, 1.74e-7, 0.000169763, 0.000170234)), (0, (7, 7.1e-8, 0.000170717, 0.000170889))]), (912, 7, 0.000805524, [(1, (0, 0.000583826, 1.5982e-5, 0.000600096)), (1, (1, 0.000671631, 6.0642e-5, 0.000732478)), (1, (2, 0.000437956, 3.1411e-5, 0.000469621)), (1, (3, 0.000444623, 9.3794e-5, 0.000538683)), (1, (4, 0.000676329, 4.8003e-5, 0.000724554)), (1, (5, 0.00058852, 0.000114359, 0.000702999)), (1, (6, 0.000706259, 7.2261e-5, 0.000779008)), (0, (7, 1.56e-7, 0.000113322, 0.000113686))]), (928, 12, 0.001301374, [(2, (0, 0.000994826, 1.5074e-5, 0.001010095)), (2, (1, 0.001052407, 1.7191e-5, 0.001069824)), (2, (2, 0.001179634, 9.5854e-5, 0.001275812)), (2, (3, 0.000886028, 0.00010445, 0.000990711)), (1, (4, 0.000318605, 4.2932e-5, 0.000361774)), (1, (5, 0.000248384, 6.8549e-5, 0.000317143)), (1, (6, 0.000413739, 4.3291e-5, 0.000457285)), (1, (7, 0.000597285, 5.7703e-5, 0.000655225))]), (944, 16, 0.002079037, [(2, (0, 0.000950322, 1.4248e-5, 0.000964984)), (2, (1, 0.001947108, 0.000101287, 0.002048865)), (2, (2, 0.000841961, 4.3186e-5, 0.000885342)), (2, (3, 0.000962783, 0.000140063, 0.001103097)), (2, (4, 0.001158438, 3.0678e-5, 0.001189336)), (2, (5, 0.001155237, 0.000187256, 0.001342737)), (2, (6, 0.000871361, 0.000160588, 0.001032149)), (2, (7, 0.000905555, 0.000195255, 0.00110106))]), (960, 14, 0.00114354, [(2, (0, 0.000805881, 1.4982e-5, 0.000821153)), (2, (1, 0.000810594, 0.000118817, 0.000929676)), (2, (2, 0.000814736, 3.3706e-5, 0.000848768)), (2, (3, 0.000883162, 0.000217959, 0.001101349)), (2, (4, 0.000894295, 9.8491e-5, 0.000993005)), (2, (5, 0.000755557, 0.000211786, 0.000967541)), (1, (6, 0.000358806, 0.000182006, 0.000540987)), (1, (7, 0.000262214, 0.000198985, 0.00046146))]), (976, 14, 0.001102658, [(2, (0, 0.000936035, 1.4319e-5, 0.000950617)), (2, (1, 0.000990852, 7.4035e-5, 0.001065136)), (2, (2, 0.00100528, 3.1236e-5, 0.001036843)), (2, (3, 0.001005011, 8.8397e-5, 0.001093669)), (2, (4, 0.000970327, 4.2857e-5, 0.001013383)), (2, (5, 0.000803258, 0.000109788, 0.000913286)), (1, (6, 0.00046456, 5.9303e-5, 0.000524126)), (1, (7, 0.0004357, 0.000103308, 0.000539232))]), (992, 8, 0.001185889, [(1, (0, 0.000314273, 1.636e-5, 0.000330961)), (1, (1, 0.000368237, 1.8601e-5, 0.000387033)), (1, (2, 0.000310712, 5.9535e-5, 0.000370469)), (1, (3, 0.000363281, 0.000147442, 0.000511032)), (1, (4, 0.000337098, 6.9153e-5, 0.000406476)), (1, (5, 0.000482043, 0.000165666, 0.000648119)), (1, (6, 0.000564084, 8.4538e-5, 0.000648834)), (1, (7, 0.000846926, 0.000204024, 0.001051327))]), (1008, 11, 0.001187456, [(2, (0, 0.000921183, 4.0351e-5, 0.000961847)), (2, (1, 0.001069337, 9.0077e-5, 0.001159675)), (2, (2, 0.000955223, 8.5967e-5, 0.001041481)), (1, (3, 0.000306634, 0.000118138, 0.000425071)), (1, (4, 0.000475459, 6.6125e-5, 0.00054188)), (1, (5, 0.000506116, 9.7589e-5, 0.00060392)), (1, (6, 0.000895819, 7.7622e-5, 0.000973736)), (1, (7, 0.000516361, 0.000104637, 0.000621325))]), (1024, 11, 0.001146828, [(2, (0, 0.000991995, 1.6993e-5, 0.001009273)), (2, (1, 0.00101813, 9.9439e-5, 0.001117768)), (2, (2, 0.000977559, 3.0234e-5, 0.001008085)), (1, (3, 0.000638523, 0.000113412, 0.000752154)), (1, (4, 0.000250335, 4.7027e-5, 0.000297582)), (1, (5, 0.000262535, 0.000146152, 0.000409008)), (1, (6, 0.000647908, 0.000127257, 0.000775408)), (1, (7, 0.000656812, 0.000191995, 0.000849693))]), (1040, 13, 0.00146262, [(2, (0, 0.001445385, 1.5084e-5, 0.001460727)), (2, (1, 0.001255773, 6.1403e-5, 0.001317457)), (2, (2, 0.001103805, 4.2772e-5, 0.001146788)), (2, (3, 0.001117763, 0.000107256, 0.001225245)), (2, (4, 0.001150807, 3.0691e-5, 0.00118189)), (1, (5, 0.000439965, 9.2082e-5, 0.000532266)), (1, (6, 0.000527269, 7.7949e-5, 0.000605452)), (1, (7, 0.000419171, 0.000150842, 0.0005704))]), (1056, 10, 0.001277548, [(2, (0, 0.000965685, 1.7971e-5, 0.000983911)), (2, (1, 0.001097962, 0.000142253, 0.001240702)), (1, (2, 0.000446679, 5.0048e-5, 0.000496971)), (1, (3, 0.000575424, 0.000193607, 0.000769255)), (1, (4, 0.000581874, 4.0121e-5, 0.000622397)), (1, (5, 0.000311844, 0.000215995, 0.000528142)), (1, (6, 0.000451873, 6.7173e-5, 0.000519387)), (1, (7, 0.000577647, 0.000207376, 0.000785223))]), (1072, 10, 0.00087688, [(2, (0, 0.000784469, 1.6281e-5, 0.000801025)), (2, (1, 0.00081212, 3.4431e-5, 0.000846876)), (1, (2, 0.000265402, 0.000193119, 0.000458741)), (1, (3, 0.000272821, 0.000269604, 0.000542636)), (1, (4, 0.000219368, 4.8932e-5, 0.000268624)), (1, (5, 0.000213573, 0.000211491, 0.000425369)), (1, (6, 0.000377091, 0.000117653, 0.000494958)), (1, (7, 0.000501248, 0.000131207, 0.000632662))]), (1088, 9, 0.001014142, [(2, (0, 0.000979949, 3.2018e-5, 0.001012257)), (1, (1, 0.000465623, 7.4153e-5, 0.000539991)), (1, (2, 0.000471001, 7.1026e-5, 0.000542268)), (1, (3, 0.000549929, 9.2855e-5, 0.000643047)), (1, (4, 0.000449922, 5.6425e-5, 0.000506594)), (1, (5, 0.00064418, 9.2434e-5, 0.000736931)), (1, (6, 0.000752892, 8.2116e-5, 0.000835266)), (1, (7, 0.000489443, 9.5365e-5, 0.000585051))]), (1104, 16, 0.002087567, [(2, (0, 0.000921274, 1.8986e-5, 0.000940506)), (2, (1, 0.001181274, 0.000115498, 0.001297072)), (2, (2, 0.000994017, 6.1547e-5, 0.001055775)), (2, (3, 0.001238819, 0.000294126, 0.001533208)), (2, (4, 0.001197177, 5.1831e-5, 0.00124936)), (2, (5, 0.001035323, 0.000149597, 0.001185155)), (2, (6, 0.001253355, 0.000136802, 0.001390494)), (2, (7, 0.001670174, 0.000285757, 0.001956401))]), (1120, 6, 0.000677046, [(1, (0, 0.000571517, 1.8871e-5, 0.000590701)), (1, (1, 0.000482905, 7.7849e-5, 0.000561247)), (1, (2, 0.000568701, 5.962e-5, 0.000628671)), (1, (3, 0.000391153, 0.00011494, 0.000506338)), (1, (4, 0.000388087, 3.5549e-5, 0.000423912)), (1, (5, 0.000574525, 9.5669e-5, 0.000670458)), (0, (6, 1.85e-7, 7.6015e-5, 7.6426e-5)), (0, (7, 9.9e-8, 7.6929e-5, 7.7134e-5))]), (1136, 11, 0.001130786, [(2, (0, 0.001068894, 5.9849e-5, 0.001129171)), (2, (1, 0.000751164, 7.1026e-5, 0.00082317)), (2, (2, 0.000699306, 0.00013833, 0.000837972)), (1, (3, 0.000514692, 0.000143901, 0.000658828)), (1, (4, 0.000686481, 9.2115e-5, 0.000778898)), (1, (5, 0.000676745, 0.000108057, 0.000785091)), (1, (6, 0.000466521, 9.2718e-5, 0.000559513)), (1, (7, 0.000696876, 0.000120319, 0.000817518))]), (1152, 7, 0.000949678, [(1, (0, 0.000498027, 2.2765e-5, 0.000521073)), (1, (1, 0.000488229, 0.000132995, 0.0006215)), (1, (2, 0.000498682, 5.9672e-5, 0.000558605)), (1, (3, 0.000540254, 0.000355199, 0.000895788)), (1, (4, 0.000550194, 4.4628e-5, 0.00059509)), (1, (5, 0.000497129, 0.000334473, 0.000831963)), (1, (6, 0.00042279, 0.000319213, 0.000742412)), (0, (7, 1.39e-7, 0.000526441, 0.000526736))]), (1168, 9, 0.000854555, [(2, (0, 0.000833482, 1.9398e-5, 0.000853144)), (1, (1, 0.000550183, 9.6077e-5, 0.000646623)), (1, (2, 0.000270565, 3.6156e-5, 0.000307016)), (1, (3, 0.000346987, 8.0676e-5, 0.000427953)), (1, (4, 0.000545255, 5.0919e-5, 0.000596503)), (1, (5, 0.000528194, 0.000130439, 0.000658977)), (1, (6, 0.000426679, 6.7049e-5, 0.000494097)), (1, (7, 0.000417674, 0.000138106, 0.000556042))]), (1184, 13, 0.00141305, [(2, (0, 0.000996824, 1.5435e-5, 0.001012498)), (2, (1, 0.001155667, 6.5041e-5, 0.001220968)), (2, (2, 0.00114525, 4.6891e-5, 0.001192414)), (2, (3, 0.001288539, 7.9504e-5, 0.001368316)), (2, (4, 0.00071814, 3.557e-5, 0.000753997)), (1, (5, 0.000596226, 0.000143684, 0.00074016)), (1, (6, 0.000793603, 0.000132763, 0.000926584)), (1, (7, 0.000372389, 0.000151167, 0.000523789))]), (1200, 4, 0.000505637, [(1, (0, 0.000412737, 1.7825e-5, 0.000430896)), (1, (1, 0.000426575, 5.3723e-5, 0.000480537)), (1, (2, 0.000452353, 4.3072e-5, 0.000495593)), (1, (3, 0.000266213, 7.152e-5, 0.000337959)), (0, (4, 2.03e-7, 4.0068e-5, 4.0505e-5)), (0, (5, 7.8e-8, 4.0933e-5, 4.112e-5)), (0, (6, 7.8e-8, 4.1439e-5, 4.1625e-5)), (0, (7, 7.6e-8, 4.1759e-5, 4.1944e-5))]), (1216, 8, 0.001164053, [(1, (0, 0.000761212, 6.582e-6, 0.000767991)), (1, (1, 0.001080883, 4.8701e-5, 0.001129885)), (1, (2, 0.000609808, 4.0152e-5, 0.000650211)), (1, (3, 0.000487399, 6.3369e-5, 0.000551011)), (1, (4, 0.000317567, 2.1795e-5, 0.000339613)), (1, (5, 0.000767397, 7.5803e-5, 0.000843798)), (1, (6, 0.000520625, 3.669e-5, 0.000557547)), (1, (7, 0.000500485, 5.8067e-5, 0.000558868))]), (1232, 4, 0.000581813, [(1, (0, 0.000298493, 1.5321e-5, 0.000314133)), (1, (1, 0.000388586, 0.000125742, 0.000514439)), (1, (2, 0.000486595, 8.5405e-5, 0.000572427)), (1, (3, 0.00020557, 0.000133753, 0.000339588)), (0, (4, 1.99e-7, 0.000122399, 0.00012287)), (0, (5, 9.3e-8, 0.000123469, 0.000123671)), (0, (6, 7.8e-8, 0.000124007, 0.000124195)), (0, (7, 7.8e-8, 0.00012433, 0.000124518))]), (1248, 4, 0.000553892, [(1, (0, 0.000490638, 8.544e-6, 0.0004994)), (1, (1, 0.00050281, 2.607e-5, 0.000529156)), (1, (2, 0.000491181, 1.4548e-5, 0.000505861)), (1, (3, 0.000392589, 4.2705e-5, 0.000435684)), (0, (4, 2.09e-7, 1.1282e-5, 1.1888e-5)), (0, (5, 7.6e-8, 1.2624e-5, 1.2831e-5)), (0, (6, 7.7e-8, 1.3198e-5, 1.3386e-5)), (0, (7, 7.6e-8, 1.3531e-5, 1.3715e-5))]), (1264, 7, 0.000662978, [(1, (0, 0.0006216, 1.716e-5, 0.000638998)), (1, (1, 0.000615251, 3.678e-5, 0.000652318)), (1, (2, 0.000405759, 9.8209e-5, 0.000504214)), (1, (3, 0.000396947, 0.000117153, 0.00051441)), (1, (4, 0.000522592, 5.2214e-5, 0.000575131)), (1, (5, 0.000414528, 8.4238e-5, 0.000498899)), (1, (6, 0.000492933, 6.5044e-5, 0.000558224)), (0, (7, 1.67e-7, 8.2951e-5, 8.3361e-5))]), (1280, 7, 0.000707502, [(1, (0, 0.000506507, 1.4973e-5, 0.000521725)), (1, (1, 0.000520696, 2.8601e-5, 0.000549563)), (1, (2, 0.000319968, 4.4607e-5, 0.000364811)), (1, (3, 0.000276098, 6.075e-5, 0.000337106)), (1, (4, 0.00034343, 9.1691e-5, 0.000435347)), (1, (5, 0.000348388, 0.000112643, 0.00046116)), (1, (6, 0.000551332, 0.000109445, 0.000661072)), (0, (7, 2.12e-7, 0.000111537, 0.000111987))]), (1296, 6, 0.000593131, [(1, (0, 0.000572346, 1.9465e-5, 0.000592055)), (1, (1, 0.000346945, 3.7327e-5, 0.000384536)), (1, (2, 0.000346127, 5.2768e-5, 0.000399125)), (1, (3, 0.000296795, 6.8032e-5, 0.000365104)), (1, (4, 0.000479467, 9.7517e-5, 0.000577205)), (1, (5, 0.000416694, 9.9957e-5, 0.000516813)), (0, (6, 1.8e-7, 9.8478e-5, 9.8886e-5)), (0, (7, 1e-7, 9.918e-5, 9.9386e-5))]), (1312, 6, 0.001020885, [(1, (0, 0.000825027, 2.2474e-5, 0.000847815)), (1, (1, 0.000457687, 7.0725e-5, 0.000528678)), (1, (2, 0.000872878, 5.6324e-5, 0.000929568)), (1, (3, 0.0006274, 0.000103912, 0.000731562)), (1, (4, 0.000635039, 4.0898e-5, 0.000676219)), (1, (5, 0.000553248, 9.0342e-5, 0.000643712)), (0, (6, 2.03e-7, 8.875e-5, 8.9187e-5)), (0, (7, 7.9e-8, 8.9644e-5, 8.9829e-5))]), (1328, 8, 0.001104867, [(1, (0, 0.000501786, 1.243e-5, 0.000514515)), (1, (1, 0.000410848, 6.2836e-5, 0.000473962)), (1, (2, 0.000399447, 2.6465e-5, 0.000426188)), (1, (3, 0.000438669, 9.5111e-5, 0.000534038)), (1, (4, 0.0004084, 4.4087e-5, 0.000452838)), (1, (5, 0.00083527, 0.000171152, 0.001006937)), (1, (6, 0.000722948, 7.888e-5, 0.000802039)), (1, (7, 0.000860687, 0.000150295, 0.001011237))]), (1344, 9, 0.001064195, [(2, (0, 0.001009395, 1.5834e-5, 0.001025484)), (1, (1, 0.000374279, 6.0802e-5, 0.000435335)), (1, (2, 0.000352853, 4.5791e-5, 0.000398899)), (1, (3, 0.000361189, 9.1831e-5, 0.000453296)), (1, (4, 0.000374744, 3.1899e-5, 0.000406987)), (1, (5, 0.000384055, 0.000106994, 0.000491278)), (1, (6, 0.000648033, 7.6629e-5, 0.000724902)), (1, (7, 0.000567626, 0.000120826, 0.000688797))]), (1360, 5, 0.000817444, [(1, (0, 0.000476762, 1.7208e-5, 0.000494196)), (1, (1, 0.000546391, 0.000107506, 0.000654148)), (1, (2, 0.000676479, 4.8802e-5, 0.000725564)), (1, (3, 0.000647511, 0.000122704, 0.000770472)), (1, (4, 0.000551636, 3.576e-5, 0.000590658)), (0, (5, 7.6e-8, 0.00017673, 0.000176914)), (0, (6, 1.84e-7, 0.000175264, 0.00017569)), (0, (7, 7.8e-8, 0.00017611, 0.000176297))]), (1376, 7, 0.001174708, [(1, (0, 0.000770107, 1.8261e-5, 0.000788645)), (1, (1, 0.000667019, 4.7583e-5, 0.000714906)), (1, (2, 0.000558111, 3.5524e-5, 0.000593896)), (1, (3, 0.000373338, 6.3326e-5, 0.000436881)), (1, (4, 0.000526706, 0.000265342, 0.000792437)), (1, (5, 0.000639136, 0.000367879, 0.001007239)), (1, (6, 0.00078496, 0.00034007, 0.001125595)), (0, (7, 1.78e-7, 0.000366526, 0.000366986))]), (1392, 7, 0.000752179, [(1, (0, 0.000731938, 1.7749e-5, 0.000750171)), (1, (1, 0.000392577, 6.4795e-5, 0.000457729)), (1, (2, 0.000401067, 3.5197e-5, 0.000436643)), (1, (3, 0.000409028, 8.4737e-5, 0.000494051)), (1, (4, 0.000517945, 5.054e-5, 0.000568723)), (1, (5, 0.000583821, 0.000116392, 0.000700584)), (1, (6, 0.000533675, 0.000101635, 0.000635555)), (0, (7, 1.74e-7, 0.000124569, 0.000124994))]), (1408, 10, 0.001369854, [(2, (0, 0.001336253, 2.8237e-5, 0.001364837)), (2, (1, 0.001172001, 8.8885e-5, 0.001261159)), (1, (2, 0.000479358, 5.5024e-5, 0.00053471)), (1, (3, 0.000377956, 0.000126392, 0.000504597)), (1, (4, 0.00042624, 4.2562e-5, 0.000469092)), (1, (5, 0.000407285, 0.000115721, 0.00052324)), (1, (6, 0.000404595, 7.293e-5, 0.00047777)), (1, (7, 0.000682909, 0.000101471, 0.000784616))]), (1424, 11, 0.001480876, [(2, (0, 0.001457843, 2.0882e-5, 0.001479087)), (2, (1, 0.001282174, 0.000130057, 0.001412638)), (2, (2, 0.001169749, 7.2938e-5, 0.001242943)), (1, (3, 0.000382599, 0.000187779, 0.000570766)), (1, (4, 0.000698523, 4.0544e-5, 0.000739306)), (1, (5, 0.000547887, 0.000105086, 0.000653251)), (1, (6, 0.000977535, 9.1878e-5, 0.00106966)), (1, (7, 0.000372281, 0.000187816, 0.000560325))]), (1440, 7, 0.000999019, [(1, (0, 0.000771281, 2.2908e-5, 0.000794572)), (1, (1, 0.000836522, 0.000113308, 0.000950328)), (1, (2, 0.000414101, 7.359e-5, 0.000488069)), (1, (3, 0.000397606, 0.000208689, 0.000606419)), (1, (4, 0.000383103, 4.8604e-5, 0.000432014)), (1, (5, 0.000369945, 0.000200744, 0.00057098)), (1, (6, 0.000503418, 0.000136103, 0.000639937)), (0, (7, 1.84e-7, 0.000207667, 0.000208083))]), (1456, 13, 0.001257635, [(2, (0, 0.000840671, 2.2345e-5, 0.000863284)), (2, (1, 0.001143528, 8.394e-5, 0.001227804)), (2, (2, 0.000953237, 4.2174e-5, 0.000995799)), (2, (3, 0.000971622, 0.000144764, 0.00111669)), (2, (4, 0.000903491, 5.4507e-5, 0.000958276)), (1, (5, 0.000493259, 0.000219506, 0.00071305)), (1, (6, 0.000590686, 0.000163843, 0.000754852)), (1, (7, 0.000369049, 0.000229225, 0.000598565))]), (1472, 4, 0.000592135, [(1, (0, 0.000491513, 1.6246e-5, 0.000508046)), (1, (1, 0.000482555, 7.0851e-5, 0.000553723)), (1, (2, 0.000391084, 4.3907e-5, 0.000435101)), (1, (3, 0.00043034, 5.5985e-5, 0.000486584)), (0, (4, 1.64e-7, 4.0005e-5, 4.0517e-5)), (0, (5, 5.7e-8, 4.1133e-5, 4.1301e-5)), (0, (6, 5.8e-8, 4.1617e-5, 4.1782e-5)), (0, (7, 5.8e-8, 4.191e-5, 4.2077e-5))]), (1488, 10, 0.001019787, [(2, (0, 0.001000778, 1.7312e-5, 0.001018349)), (2, (1, 0.000751278, 3.6078e-5, 0.000787675)), (1, (2, 0.00038096, 9.9828e-5, 0.000481018)), (1, (3, 0.00043398, 0.000172446, 0.000606748)), (1, (4, 0.000371112, 5.3256e-5, 0.000424666)), (1, (5, 0.000730081, 0.000110252, 0.000840915)), (1, (6, 0.000759269, 8.2503e-5, 0.000842112)), (1, (7, 0.000538795, 0.000180045, 0.000719391))]), (1504, 13, 0.001835773, [(2, (0, 0.000859089, 1.8181e-5, 0.000877521)), (2, (1, 0.000772218, 6.793e-5, 0.000840538)), (2, (2, 0.001221638, 4.9279e-5, 0.001271176)), (2, (3, 0.001623821, 0.000142638, 0.001766751)), (2, (4, 0.000890806, 3.6711e-5, 0.000927828)), (1, (5, 0.001031417, 0.000122949, 0.001154799)), (1, (6, 0.000323301, 0.000110294, 0.000433889)), (1, (7, 0.000654695, 0.000159605, 0.000814683))]), (1520, 12, 0.001035418, [(2, (0, 0.000587658, 1.8084e-5, 0.000606041)), (2, (1, 0.000920155, 8.0696e-5, 0.001001058)), (2, (2, 0.000955948, 3.8064e-5, 0.000994336)), (2, (3, 0.000623089, 0.000101273, 0.000724604)), (1, (4, 0.000375401, 6.6263e-5, 0.000441962)), (1, (5, 0.000398893, 0.000171373, 0.000570618)), (1, (6, 0.000445371, 0.000118685, 0.000564358)), (1, (7, 0.000364114, 0.000178391, 0.000542762))]), (1536, 10, 0.001131456, [(2, (0, 0.000549187, 1.8467e-5, 0.000567921)), (2, (1, 0.000716417, 0.000115178, 0.000831833)), (1, (2, 0.000522363, 5.2605e-5, 0.00057522)), (1, (3, 0.000568952, 0.000219816, 0.000789095)), (1, (4, 0.000556127, 3.7703e-5, 0.000594077)), (1, (5, 0.000859112, 0.000208029, 0.001067504)), (1, (6, 0.000699169, 0.000168645, 0.00086805)), (1, (7, 0.000402503, 0.000189918, 0.000592704))]), (1552, 14, 0.001294899, [(2, (0, 0.000667408, 1.8639e-5, 0.000686305)), (2, (1, 0.000912637, 0.000177817, 0.001090824)), (2, (2, 0.000936425, 0.000110484, 0.001047249)), (2, (3, 0.000929489, 0.000192943, 0.001122713)), (2, (4, 0.001219276, 4.1245e-5, 0.001260905)), (2, (5, 0.000952303, 8.8721e-5, 0.001041266)), (1, (6, 0.000551237, 5.5991e-5, 0.000607536)), (1, (7, 0.000365471, 7.5545e-5, 0.00044132))]), (1568, 10, 0.001097331, [(2, (0, 0.001073577, 1.8523e-5, 0.001092346)), (2, (1, 0.000899444, 6.8257e-5, 0.000967997)), (1, (2, 0.00046041, 5.2721e-5, 0.000513356)), (1, (3, 0.00053794, 0.000119149, 0.000657357)), (1, (4, 0.000720394, 3.7897e-5, 0.000758609)), (1, (5, 0.000561317, 0.000101528, 0.000663136)), (1, (6, 0.000580705, 8.2788e-5, 0.00066377)), (1, (7, 0.000373025, 0.000125743, 0.000499022))]), (1584, 14, 0.001192039, [(2, (0, 0.001047607, 1.7746e-5, 0.00106562)), (2, (1, 0.001094411, 6.6847e-5, 0.001161507)), (2, (2, 0.001015331, 5.2412e-5, 0.001068024)), (2, (3, 0.000742534, 0.000113761, 0.000856537)), (2, (4, 0.000869427, 3.5984e-5, 0.000905716)), (2, (5, 0.000915723, 9.7592e-5, 0.001013543)), (1, (6, 0.000438604, 8.221e-5, 0.000521073)), (1, (7, 0.000504206, 0.000120294, 0.000624766))]), (1600, 6, 0.000916266, [(1, (0, 0.000683645, 1.6897e-5, 0.000700801)), (1, (1, 0.000842485, 3.8218e-5, 0.000880946)), (1, (2, 0.000532638, 0.000273528, 0.000806562)), (1, (3, 0.000320209, 0.000309722, 0.000630324)), (1, (4, 0.000483629, 5.4758e-5, 0.00053861)), (1, (5, 0.000516338, 7.1828e-5, 0.000588365)), (0, (6, 1.33e-7, 6.9626e-5, 7.0091e-5)), (0, (7, 5.8e-8, 7.075e-5, 7.0916e-5))]), (1616, 8, 0.001126546, [(1, (0, 0.000461461, 1.7867e-5, 0.000479575)), (1, (1, 0.000321839, 3.8201e-5, 0.000360333)), (1, (2, 0.000862414, 0.00010795, 0.000970667)), (1, (3, 0.000507846, 0.000126149, 0.000634381)), (1, (4, 0.000301381, 5.2426e-5, 0.000354027)), (1, (5, 0.000307159, 8.4379e-5, 0.000391765)), (1, (6, 0.000430924, 6.9419e-5, 0.000500617)), (1, (7, 0.000721208, 0.000165352, 0.000887573))]), (1632, 15, 0.0013448, [(2, (0, 0.0007879, 1.9731e-5, 0.000807939)), (2, (1, 0.00105883, 6.7148e-5, 0.001126251)), (2, (2, 0.000717398, 3.7073e-5, 0.000754713)), (2, (3, 0.000981631, 0.00011765, 0.001099558)), (2, (4, 0.001087638, 5.2458e-5, 0.001140338)), (2, (5, 0.001198008, 0.0001004, 0.001298666)), (2, (6, 0.00108607, 8.3916e-5, 0.001170297)), (1, (7, 0.000428098, 0.000130176, 0.000558553))]), (1648, 11, 0.001602386, [(2, (0, 0.001295394, 1.7903e-5, 0.001313527)), (2, (1, 0.000964882, 6.6109e-5, 0.001031208)), (2, (2, 0.001468502, 5.0403e-5, 0.001519248)), (1, (3, 0.000679718, 0.000120709, 0.00080067)), (1, (4, 0.000679867, 3.4356e-5, 0.000714576)), (1, (5, 0.000490295, 0.000125221, 0.000615766)), (1, (6, 0.001131102, 8.2109e-5, 0.001213481)), (1, (7, 0.000480044, 9.565e-5, 0.000575942))]), (1664, 10, 0.00089378, [(2, (0, 0.000767483, 1.8377e-5, 0.000786177)), (2, (1, 0.000806676, 6.1524e-5, 0.000868531)), (1, (2, 0.000328197, 3.3571e-5, 0.00036202)), (1, (3, 0.000273305, 0.00011278, 0.00038632)), (1, (4, 0.000211011, 4.772e-5, 0.000259084)), (1, (5, 0.000660162, 0.000180235, 0.000840709)), (1, (6, 0.000395882, 0.00013252, 0.000528641)), (1, (7, 0.000398772, 0.000149056, 0.0005481))]), (1680, 10, 0.001259297, [(2, (0, 0.001239801, 1.7559e-5, 0.00125767)), (2, (1, 0.001114507, 3.834e-5, 0.001153087)), (1, (2, 0.00052586, 0.000162749, 0.000688862)), (1, (3, 0.000540728, 0.000169921, 0.000710916)), (1, (4, 0.00052742, 7.1235e-5, 0.000598927)), (1, (5, 0.000576992, 0.000144306, 0.000721537)), (1, (6, 0.000403835, 7.1168e-5, 0.000475266)), (1, (7, 0.00081091, 0.000129704, 0.00094089))]), (1696, 6, 0.000868051, [(1, (0, 0.000659783, 1.8499e-5, 0.000678592)), (1, (1, 0.000511231, 0.000151196, 0.000662654)), (1, (2, 0.000509783, 9.5389e-5, 0.000605433)), (1, (3, 0.000628151, 0.000166776, 0.000795111)), (1, (4, 0.000382808, 4.1682e-5, 0.000424764)), (1, (5, 0.000485809, 0.000226226, 0.000712295)), (0, (6, 1.63e-7, 0.000165235, 0.00016564)), (0, (7, 8.1e-8, 0.000166016, 0.000166222))]), (1712, 13, 0.00161569, [(2, (0, 0.00094944, 6.2166e-5, 0.001011921)), (2, (1, 0.00111298, 0.00015798, 0.001271325)), (2, (2, 0.001459227, 0.000119046, 0.001578696)), (2, (3, 0.00122877, 0.000174789, 0.0014038)), (2, (4, 0.001168858, 4.8773e-5, 0.001217859)), (1, (5, 0.000366588, 0.000127414, 0.00049434)), (1, (6, 0.000356824, 8.2774e-5, 0.000439963)), (1, (7, 0.000459354, 0.000440523, 0.000900117))]), (1728, 11, 0.001224082, [(2, (0, 0.001062036, 2.125e-5, 0.001083563)), (2, (1, 0.001048648, 0.000142467, 0.001191336)), (2, (2, 0.001107254, 4.4669e-5, 0.001152189)), (1, (3, 0.000687537, 0.000306071, 0.000993971)), (1, (4, 0.000417944, 5.9862e-5, 0.000478047)), (1, (5, 0.000474433, 0.000163358, 0.00063805)), (1, (6, 0.000446615, 0.000105621, 0.000553054)), (1, (7, 0.000422302, 0.000242273, 0.000665079))]), (1744, 9, 0.000989837, [(2, (0, 0.000832115, 1.0674e-5, 0.000842981)), (1, (1, 0.000668857, 0.000128338, 0.000797437)), (1, (2, 0.000398861, 7.1971e-5, 0.000471077)), (1, (3, 0.000425337, 0.000187892, 0.000613467)), (1, (4, 0.00053876, 5.1641e-5, 0.000590743)), (1, (5, 0.000649851, 0.000286078, 0.000936431)), (1, (6, 0.000464509, 0.00020382, 0.000668577)), (1, (7, 0.000323452, 0.000302963, 0.000626662))]), (1760, 8, 0.000955485, [(1, (0, 0.000619887, 0.000152756, 0.000773017)), (1, (1, 0.000598834, 0.000124707, 0.000724167)), (1, (2, 0.000440771, 3.6331e-5, 0.000477374)), (1, (3, 0.000440948, 7.4515e-5, 0.000515735)), (1, (4, 0.000626259, 5.3146e-5, 0.000679731)), (1, (5, 0.000411912, 0.000478447, 0.000890553)), (1, (6, 0.000450906, 5.2926e-5, 0.000504102)), (1, (7, 0.000589363, 0.000155425, 0.000745051))]), (1776, 9, 0.001280891, [(2, (0, 0.001262034, 1.7326e-5, 0.001279637)), (1, (1, 0.000590745, 7.4851e-5, 0.000665878)), (1, (2, 0.000732519, 3.8615e-5, 0.000771424)), (1, (3, 0.000800045, 0.000100152, 0.000900582)), (1, (4, 0.000773571, 5.2596e-5, 0.000826475)), (1, (5, 0.000522718, 0.000391678, 0.000914609)), (1, (6, 0.000314952, 0.000231269, 0.000546621)), (1, (7, 0.000341935, 0.000385877, 0.000728207))]), (1792, 7, 0.000860966, [(1, (0, 0.000366183, 1.8298e-5, 0.000384733)), (1, (1, 0.00045551, 0.000317006, 0.000772865)), (1, (2, 0.000314096, 0.000132235, 0.0004466)), (1, (3, 0.00033786, 0.000265744, 0.000603935)), (1, (4, 0.00017464, 7.6981e-5, 0.000251848)), (1, (5, 0.000269083, 0.000252201, 0.000521398)), (1, (6, 0.000437629, 0.000369792, 0.000807667)), (0, (7, 1.04e-7, 0.000386544, 0.000386812))]), (1808, 12, 0.00154005, [(2, (0, 0.000911697, 1.7331e-5, 0.000929342)), (2, (1, 0.001329433, 0.000168163, 0.001497969)), (2, (2, 0.001460965, 3.4835e-5, 0.001496064)), (2, (3, 0.001059724, 0.000193316, 0.001253285)), (1, (4, 0.00026105, 5.075e-5, 0.000312027)), (1, (5, 0.000680467, 0.000271101, 0.000952)), (1, (6, 0.000410446, 0.000179193, 0.000589932)), (1, (7, 0.000328818, 0.0002122, 0.000541268))]), (1824, 12, 0.001670055, [(2, (0, 0.001583534, 1.9304e-5, 0.001603099)), (2, (1, 0.001589644, 4.4714e-5, 0.001634743)), (2, (2, 0.001213299, 5.9439e-5, 0.001273172)), (2, (3, 0.000889063, 8.5712e-5, 0.000975089)), (1, (4, 0.000863924, 0.000120315, 0.000984541)), (1, (5, 0.0007493, 0.00018237, 0.000932048)), (1, (6, 0.000510007, 0.000144901, 0.000655143)), (1, (7, 0.000467645, 0.000216805, 0.000684869))]), (1840, 6, 0.000847595, [(1, (0, 0.000376448, 2.2457e-5, 0.000399216)), (1, (1, 0.000398683, 0.000137308, 0.000536242)), (1, (2, 0.000417088, 4.7892e-5, 0.000465225)), (1, (3, 0.00052078, 0.000277816, 0.000798955)), (1, (4, 0.000410861, 0.000121388, 0.000532492)), (1, (5, 0.000327299, 0.000197727, 0.000525155)), (0, (6, 1.8e-7, 0.000195767, 0.00019621)), (0, (7, 5.8e-8, 0.00019679, 0.000196992))]), (1856, 10, 0.001121749, [(2, (0, 0.000967339, 1.9318e-5, 0.000986912)), (2, (1, 0.001052289, 3.7866e-5, 0.001090415)), (1, (2, 0.000499495, 5.2601e-5, 0.000552349)), (1, (3, 0.000382595, 0.00010853, 0.000491403)), (1, (4, 0.000483133, 0.000148414, 0.000631908)), (1, (5, 0.000360385, 0.000164096, 0.000524868)), (1, (6, 0.000367683, 0.00015892, 0.000526845)), (1, (7, 0.000344514, 0.000162838, 0.000507611))]), (1872, 6, 0.000812857, [(1, (0, 0.000648641, 1.929e-5, 0.000668192)), (1, (1, 0.000413222, 0.000113009, 0.000526488)), (1, (2, 0.000470559, 0.000102576, 0.000573505)), (1, (3, 0.000393604, 0.000218231, 0.000612224)), (1, (4, 0.00049711, 5.5595e-5, 0.000553102)), (1, (5, 0.000618072, 0.000138286, 0.000756705)), (0, (6, 2.44e-7, 0.00013614, 0.000136713)), (0, (7, 7e-8, 0.000137333, 0.000137554))]), (1888, 7, 0.000878252, [(1, (0, 0.000257368, 1.644e-5, 0.000274087)), (1, (1, 0.000269785, 9.5689e-5, 0.000365704)), (1, (2, 0.000651583, 3.3449e-5, 0.000685351)), (1, (3, 0.000615763, 0.000167425, 0.000783452)), (1, (4, 0.000528576, 8.6198e-5, 0.000615303)), (1, (5, 0.000457823, 0.000184429, 0.000642467)), (1, (6, 0.000613503, 0.000151999, 0.000765763)), (0, (7, 1.47e-7, 0.000194267, 0.000194649))]), (1904, 7, 0.000700264, [(1, (0, 0.000615298, 1.7019e-5, 0.000632589)), (1, (1, 0.000575739, 6.4335e-5, 0.000640324)), (1, (2, 0.000470356, 3.3142e-5, 0.000503746)), (1, (3, 0.00053791, 0.00013331, 0.000671624)), (1, (4, 0.000518888, 4.9398e-5, 0.000568571)), (1, (5, 0.000523451, 0.000161931, 0.000685611)), (1, (6, 0.000232813, 0.000143793, 0.000376857)), (0, (7, 1.78e-7, 0.000169378, 0.000169803))]), (1920, 9, 0.000684214, [(2, (0, 0.000644248, 2.0717e-5, 0.000665225)), (1, (1, 0.000233281, 2.276e-5, 0.000256282)), (1, (2, 0.000248139, 0.00017395, 0.000422349)), (1, (3, 0.000243332, 0.000183262, 0.000426851)), (1, (4, 0.000238556, 5.3499e-5, 0.000292302)), (1, (5, 0.00024248, 0.000166609, 0.000409496)), (1, (6, 0.00024509, 5.3473e-5, 0.000298795)), (1, (7, 0.000539884, 6.732e-5, 0.000607416))]), (1936, 9, 0.001219845, [(2, (0, 0.001201463, 1.6111e-5, 0.001217932)), (1, (1, 0.000549254, 1.7945e-5, 0.000567428)), (1, (2, 0.000758981, 4.7412e-5, 0.000806678)), (1, (3, 0.00066607, 4.7809e-5, 0.000714145)), (1, (4, 0.00057312, 8.4603e-5, 0.000657987)), (1, (5, 0.000630135, 9.6639e-5, 0.000727045)), (1, (6, 0.000501453, 8.5856e-5, 0.000587556)), (1, (7, 0.000474709, 8.8882e-5, 0.00056383))]), (1952, 14, 0.001161847, [(2, (0, 0.000996126, 2.3271e-5, 0.001019755)), (2, (1, 0.000699961, 9.5295e-5, 0.000795571)), (2, (2, 0.000794667, 8.0355e-5, 0.000875357)), (2, (3, 0.000790887, 0.000223571, 0.001014768)), (2, (4, 0.000882968, 5.173e-5, 0.000935022)), (2, (5, 0.000898782, 0.000214721, 0.001113752)), (1, (6, 0.000481796, 0.000120987, 0.000603121)), (1, (7, 0.000474609, 0.000189381, 0.000664421))]), (1968, 12, 0.000914949, [(2, (0, 0.000594298, 1.877e-5, 0.00061337)), (2, (1, 0.000671462, 3.765e-5, 0.00070936)), (2, (2, 0.000786226, 0.000100738, 0.00088722)), (2, (3, 0.000761221, 0.000114312, 0.00087575)), (1, (4, 0.000476569, 5.4232e-5, 0.000531052)), (1, (5, 0.000444418, 0.000170242, 0.0006156)), (1, (6, 0.000304609, 6.6127e-5, 0.000370941)), (1, (7, 0.000293551, 8.2612e-5, 0.000376521))]), (1984, 11, 0.000790585, [(2, (0, 0.000661838, 1.6433e-5, 0.000678546)), (2, (1, 0.000604949, 6.6881e-5, 0.000672081)), (2, (2, 0.000630926, 3.3593e-5, 0.00066481)), (1, (3, 0.000306779, 8.3897e-5, 0.000390961)), (1, (4, 0.00054006, 5.069e-5, 0.00059111)), (1, (5, 0.000319011, 0.000138033, 0.000457281)), (1, (6, 0.000541364, 0.000104676, 0.00064633)), (1, (7, 0.000546847, 0.000144224, 0.000691337))]), (2000, 8, 0.000716064, [(1, (0, 0.000531163, 1.8727e-5, 0.000550146)), (1, (1, 0.000420303, 0.000102129, 0.000523212)), (1, (2, 0.000367359, 7.4228e-5, 0.000441826)), (1, (3, 0.000467208, 0.000135425, 0.00060291)), (1, (4, 0.000410082, 3.6646e-5, 0.000446973)), (1, (5, 0.000445477, 0.000107274, 0.000553007)), (1, (6, 0.00041266, 5.7348e-5, 0.000470236)), (1, (7, 0.000445666, 0.000124168, 0.00057005))]), (2016, 5, 0.000729986, [(1, (0, 0.000446727, 1.8552e-5, 0.000465536)), (1, (1, 0.000641325, 4.754e-5, 0.000689338)), (1, (2, 0.000482318, 3.9299e-5, 0.000521876)), (1, (3, 0.000485421, 9.2911e-5, 0.000578658)), (1, (4, 0.000568462, 0.00015575, 0.000724505)), (0, (5, 6.8e-8, 0.000167772, 0.00016796)), (0, (6, 1.62e-7, 0.000166243, 0.000166647)), (0, (7, 7.2e-8, 0.00016714, 0.000167336))]), (2032, 7, 0.001034976, [(1, (0, 0.000391773, 1.6898e-5, 0.000408939)), (1, (1, 0.000818351, 3.8084e-5, 0.000856914)), (1, (2, 0.000329815, 0.000123346, 0.000453388)), (1, (3, 0.000476011, 0.000176487, 0.000652625)), (1, (4, 0.00063339, 5.3813e-5, 0.000687609)), (1, (5, 0.000384961, 0.000106802, 0.000492009)), (1, (6, 0.00091335, 7.15e-5, 0.000985174)), (0, (7, 1.61e-7, 0.000174889, 0.00017528))]), (2048, 10, 0.00122347, [(2, (0, 0.0008193, 1.8608e-5, 0.000838177)), (2, (1, 0.001085258, 0.000102356, 0.001187872)), (1, (2, 0.000640658, 3.6897e-5, 0.000677778)), (1, (3, 0.000427861, 0.000119698, 0.000547825)), (1, (4, 0.000432356, 6.5648e-5, 0.000498398)), (1, (5, 0.000732966, 0.000163278, 0.000896483)), (1, (6, 0.000706828, 8.3256e-5, 0.000790368)), (1, (7, 0.000467147, 0.000141, 0.000608439))]), (2064, 13, 0.00144952, [(2, (0, 0.000621337, 1.3306e-5, 0.000634897)), (2, (1, 0.000729222, 0.000101973, 0.000831497)), (2, (2, 0.001318796, 8.1853e-5, 0.00140104)), (2, (3, 0.000882994, 9.5962e-5, 0.000979204)), (2, (4, 0.000762062, 7.4023e-5, 0.000836319)), (1, (5, 0.000371207, 8.9976e-5, 0.00046145)), (1, (6, 0.000564505, 7.511e-5, 0.000639911)), (1, (7, 0.000764525, 0.000156089, 0.000921536))]), (2080, 9, 0.001136727, [(2, (0, 0.000729342, 1.9322e-5, 0.000749102)), (1, (1, 0.001017819, 8.4626e-5, 0.001102764)), (1, (2, 0.000528282, 5.6191e-5, 0.000584741)), (1, (3, 0.000348677, 0.000232232, 0.000581252)), (1, (4, 0.000447554, 4.2465e-5, 0.00049034)), (1, (5, 0.00058956, 0.000172509, 0.00076233)), (1, (6, 0.000517155, 0.000110808, 0.000628303)), (1, (7, 0.000291255, 0.000161398, 0.000453066))]), (2096, 14, 0.001357657, [(2, (0, 0.000999546, 2.7978e-5, 0.00102784)), (2, (1, 0.000935577, 8.3889e-5, 0.001019828)), (2, (2, 0.00075414, 6.2396e-5, 0.000816828)), (2, (3, 0.001052529, 0.000102916, 0.0011557)), (2, (4, 0.000947567, 4.5984e-5, 0.000993822)), (2, (5, 0.001117845, 0.000190095, 0.00130877)), (1, (6, 0.000413346, 0.000120905, 0.00053456)), (1, (7, 0.000372325, 0.000137876, 0.000510482))]), (2112, 9, 0.001049061, [(2, (0, 0.001028785, 1.7824e-5, 0.001046878)), (1, (1, 0.000735547, 0.000119932, 0.000855737)), (1, (2, 0.000323128, 5.2843e-5, 0.000376206)), (1, (3, 0.000695358, 6.759e-5, 0.000763186)), (1, (4, 0.000577067, 3.617e-5, 0.00061351)), (1, (5, 0.00057777, 0.000170832, 0.000749356)), (1, (6, 0.00027844, 8.3795e-5, 0.000362424)), (1, (7, 0.00051849, 0.000105371, 0.000624192))]), (2128, 12, 0.001233022, [(2, (0, 0.00080355, 2.3435e-5, 0.000827242)), (2, (1, 0.001111823, 8.5988e-5, 0.001198098)), (2, (2, 0.000743832, 5.671e-5, 0.00080082)), (2, (3, 0.000543388, 0.000510949, 0.001054732)), (1, (4, 0.000576725, 4.094e-5, 0.000617921)), (1, (5, 0.000383283, 0.000515732, 0.000899298)), (1, (6, 0.000567698, 0.000135422, 0.000703528)), (1, (7, 0.000366953, 0.000154012, 0.000521204))]), (2144, 8, 0.000767895, [(1, (0, 0.000667955, 1.9773e-5, 0.000688017)), (1, (1, 0.000533815, 7.5429e-5, 0.000609497)), (1, (2, 0.000291671, 5.5368e-5, 0.00034731)), (1, (3, 0.000643682, 9.2242e-5, 0.000736212)), (1, (4, 0.000283955, 4.0777e-5, 0.000325141)), (1, (5, 0.000369139, 0.000133222, 0.000502645)), (1, (6, 0.000568022, 0.000106407, 0.000674649)), (1, (7, 0.000324212, 0.000123847, 0.000448291))]), (2160, 14, 0.001263339, [(2, (0, 0.000987042, 2.1271e-5, 0.001008608)), (2, (1, 0.000864468, 4.0502e-5, 0.000905198)), (2, (2, 0.001115022, 0.000118483, 0.001233785)), (2, (3, 0.000758211, 0.00014412, 0.000902602)), (2, (4, 0.000761898, 5.5143e-5, 0.000817303)), (2, (5, 0.000581231, 0.000101451, 0.00068292)), (1, (6, 0.000424414, 7.2711e-5, 0.000497365)), (1, (7, 0.000568605, 0.000135818, 0.000704683))]), (2176, 13, 0.001047136, [(2, (0, 0.000598825, 8.4951e-5, 0.000683997)), (2, (1, 0.000438516, 4.641e-5, 0.000485235)), (2, (2, 0.000481418, 2.9257e-5, 0.000510942)), (2, (3, 0.000846851, 0.000134516, 0.000981663)), (2, (4, 0.000709368, 3.8611e-5, 0.000748255)), (1, (5, 0.000493981, 8.238e-5, 0.000576685)), (1, (6, 0.000679819, 6.4933e-5, 0.000745054)), (1, (7, 0.000479272, 9.0162e-5, 0.000569676))]), (2192, 11, 0.001162431, [(2, (0, 0.001139922, 1.9608e-5, 0.001159834)), (2, (1, 0.000731497, 7.4595e-5, 0.000806467)), (2, (2, 0.000878968, 5.6221e-5, 0.000935466)), (1, (3, 0.000391121, 0.000198202, 0.000589558)), (1, (4, 0.000627913, 4.1009e-5, 0.000669277)), (1, (5, 0.000252522, 0.000182317, 0.000435169)), (1, (6, 0.000416985, 0.000124807, 0.000542074)), (1, (7, 0.000310209, 0.000211435, 0.000521934))]), (2208, 11, 0.00123296, [(2, (0, 0.001209966, 2.0567e-5, 0.001230852)), (2, (1, 0.001034338, 0.000122273, 0.001156916)), (2, (2, 0.00112012, 6.4277e-5, 0.001184683)), (1, (3, 0.0007915, 0.000236716, 0.001028491)), (1, (4, 0.00076961, 4.9557e-5, 0.000819608)), (1, (5, 0.000583463, 0.000266996, 0.000850727)), (1, (6, 0.000301871, 0.000170333, 0.00047245)), (1, (7, 0.000303995, 0.000253702, 0.000557933))]), (2224, 7, 0.000650395, [(1, (0, 0.000359031, 2.6967e-5, 0.00038628)), (1, (1, 0.000433259, 0.00014717, 0.000580679)), (1, (2, 0.000218751, 0.000132431, 0.000351435)), (1, (3, 0.000415864, 0.000185002, 0.000601016)), (1, (4, 0.000336063, 4.7438e-5, 0.000383717)), (1, (5, 0.000374921, 0.000166084, 0.000541276)), (1, (6, 0.000222147, 6.3605e-5, 0.000285995)), (0, (7, 1.67e-7, 0.000183814, 0.00018424))]), (2240, 12, 0.001336561, [(2, (0, 0.000597154, 1.795e-5, 0.000615374)), (2, (1, 0.001026661, 3.807e-5, 0.001064977)), (2, (2, 0.000939322, 0.000107554, 0.001047159)), (2, (3, 0.001117501, 0.000142583, 0.001260535)), (1, (4, 0.000409593, 6.01e-5, 0.000469981)), (1, (5, 0.000386355, 0.000122084, 0.000508698)), (1, (6, 0.000530974, 7.4436e-5, 0.000605633)), (1, (7, 0.000410338, 8.8129e-5, 0.000498736))]), (2256, 14, 0.001158951, [(2, (0, 0.00045702, 1.7727e-5, 0.000475046)), (2, (1, 0.000792866, 8.9314e-5, 0.000882529)), (2, (2, 0.000725915, 2.6453e-5, 0.000752651)), (2, (3, 0.000598522, 0.000108804, 0.000707617)), (2, (4, 0.001056257, 5.5819e-5, 0.001112477)), (2, (5, 0.000797975, 0.000142854, 0.000941202)), (1, (6, 0.000418812, 8.1975e-5, 0.000501193)), (1, (7, 0.000552271, 0.00013362, 0.000686116))]), (2272, 8, 0.000813731, [(1, (0, 0.000272965, 1.9871e-5, 0.000293087)), (1, (1, 0.000298742, 0.000112797, 0.000412552)), (1, (2, 0.000429272, 7.6808e-5, 0.000506484)), (1, (3, 0.000472255, 0.000155928, 0.000628441)), (1, (4, 0.000372236, 4.3501e-5, 0.000415973)), (1, (5, 0.000480219, 0.00019956, 0.000680089)), (1, (6, 0.000579007, 0.000177047, 0.000756294)), (1, (7, 0.000467284, 0.000256931, 0.000724975))]), (2288, 12, 0.001073109, [(2, (0, 0.000990409, 1.9375e-5, 0.001010064)), (2, (1, 0.000928096, 6.8742e-5, 0.000997095)), (2, (2, 0.000986823, 5.3418e-5, 0.0010405)), (2, (3, 0.000656419, 0.000121186, 0.000777867)), (1, (4, 0.000126868, 3.6846e-5, 0.000163968)), (1, (5, 0.000342057, 0.000101218, 0.00044351)), (1, (6, 0.000815678, 8.868e-5, 0.000904714)), (1, (7, 0.000468357, 0.000127964, 0.000596587))]), (2304, 12, 0.00155215, [(2, (0, 0.000459685, 1.987e-5, 0.000479802)), (2, (1, 0.001351592, 0.000160482, 0.001512386)), (2, (2, 0.001258408, 0.000124102, 0.001382764)), (2, (3, 0.00064209, 0.000286936, 0.000929266)), (1, (4, 0.000197396, 3.5228e-5, 0.000232956)), (1, (5, 0.00056565, 0.000233446, 0.000799269)), (1, (6, 0.000758859, 0.000176816, 0.000935938)), (1, (7, 0.000794912, 0.000248295, 0.001043653))]), (2320, 13, 0.001060996, [(2, (0, 0.000610428, 2.1385e-5, 0.000632108)), (2, (1, 0.000734034, 0.000153206, 0.000887554)), (2, (2, 0.000959449, 7.4221e-5, 0.001033967)), (2, (3, 0.000907913, 9.1375e-5, 0.000999511)), (2, (4, 0.000788808, 3.9951e-5, 0.000829035)), (1, (5, 0.000541192, 0.000242453, 0.000784094)), (1, (6, 0.000713931, 5.5218e-5, 0.000769358)), (1, (7, 0.000413099, 0.000243746, 0.000657164))]), (2336, 6, 0.001049486, [(1, (0, 0.000511682, 1.7232e-5, 0.0005292)), (1, (1, 0.000947392, 7.1669e-5, 0.001019333)), (1, (2, 0.000592098, 5.1651e-5, 0.00064399)), (1, (3, 0.000367804, 9.9847e-5, 0.000467888)), (1, (4, 0.000482814, 3.6023e-5, 0.000519072)), (1, (5, 0.000390912, 8.5742e-5, 0.000476834)), (0, (6, 1.58e-7, 8.4169e-5, 8.4533e-5)), (0, (7, 8e-8, 8.4882e-5, 8.5077e-5))]), (2352, 15, 0.001283632, [(2, (0, 0.001162761, 1.9545e-5, 0.00118258)), (2, (1, 0.000993539, 6.8603e-5, 0.001062391)), (2, (2, 0.000776808, 5.1817e-5, 0.000828848)), (2, (3, 0.001143373, 8.4086e-5, 0.001227725)), (2, (4, 0.000907507, 3.559e-5, 0.000943389)), (2, (5, 0.000975382, 0.000118962, 0.001094762)), (2, (6, 0.000764058, 0.000103401, 0.000867757)), (1, (7, 0.000394032, 0.000126112, 0.000520371))]), (2368, 9, 0.000779477, [(2, (0, 0.000704326, 1.9638e-5, 0.000724228)), (1, (1, 0.000371251, 3.7411e-5, 0.000408945)), (1, (2, 0.000434742, 5.3688e-5, 0.000488741)), (1, (3, 0.000495564, 7.0491e-5, 0.000566464)), (1, (4, 0.000440468, 0.000104729, 0.000545444)), (1, (5, 0.000473978, 0.000154222, 0.00062861)), (1, (6, 0.000378888, 0.000106116, 0.000485279)), (1, (7, 0.000533767, 0.000159361, 0.000693526))]), (2384, 12, 0.001112203, [(2, (0, 0.000484746, 1.7352e-5, 0.000502337)), (2, (1, 0.000609575, 9.46e-5, 0.00070442)), (2, (2, 0.000518973, 3.6296e-5, 0.000555589)), (2, (3, 0.000914236, 0.000139154, 0.001053835)), (1, (4, 0.000335295, 5.0023e-5, 0.000385632)), (1, (5, 0.000423721, 7.8103e-5, 0.000502079)), (1, (6, 0.000409426, 6.5491e-5, 0.000475142)), (1, (7, 0.00044509, 0.000139595, 0.000584934))]), (2400, 7, 0.00077508, [(1, (0, 0.000322075, 1.9824e-5, 0.000342175)), (1, (1, 0.000380714, 3.7692e-5, 0.000418694)), (1, (2, 0.000691165, 5.33e-5, 0.000744703)), (1, (3, 0.000406886, 6.6234e-5, 0.00047333)), (1, (4, 0.000342385, 0.000137029, 0.000479653)), (1, (5, 0.000350955, 0.000204516, 0.000555745)), (1, (6, 0.000518424, 0.00013752, 0.000656177)), (0, (7, 1.55e-7, 0.000217319, 0.000217906))]), (2416, 11, 0.000992682, [(2, (0, 0.000606053, 1.928e-5, 0.000625616)), (2, (1, 0.000493665, 7.7092e-5, 0.000571019)), (2, (2, 0.000857265, 3.4595e-5, 0.000892115)), (1, (3, 0.000826659, 9.6253e-5, 0.000923169)), (1, (4, 0.000737901, 6.1732e-5, 0.000799939)), (1, (5, 0.000688731, 0.000132665, 0.000821663)), (1, (6, 0.000565806, 0.000115624, 0.000681774)), (1, (7, 0.000583816, 0.000140221, 0.000724329))]), (2432, 9, 0.000718795, [(2, (0, 0.000607276, 2.4794e-5, 0.000632317)), (1, (1, 0.000243972, 7.6088e-5, 0.000320371)), (1, (2, 0.000322024, 5.9153e-5, 0.000381406)), (1, (3, 0.000315334, 0.000120958, 0.000436559)), (1, (4, 0.000515766, 4.2581e-5, 0.000558744)), (1, (5, 0.000513153, 0.000157369, 0.000670973)), (1, (6, 0.000374801, 0.000126031, 0.000501195)), (1, (7, 0.000303144, 0.000135283, 0.000438701))]), (2448, 11, 0.190539078, [(2, (0, 0.142486853, 2.2053e-5, 0.14250951)), (2, (1, 0.143138948, 7.6429e-5, 0.143215928)), (2, (2, 0.000715472, 5.9683e-5, 0.000775409)), (1, (3, 0.000400881, 0.000166557, 0.000567725)), (1, (4, 0.000490932, 4.0717e-5, 0.000531876)), (1, (5, 0.000313606, 0.000140952, 0.000454828)), (1, (6, 0.190315873, 0.000102802, 0.190419233)), (1, (7, 0.139823731, 0.000120232, 0.139944737))]), (2464, 15, 0.001243443, [(2, (0, 0.000663078, 2.2962e-5, 0.000686287)), (2, (1, 0.000949657, 0.000137103, 0.001087128)), (2, (2, 0.000832809, 7.0233e-5, 0.000903409)), (2, (3, 0.000952073, 0.000242539, 0.001195041)), (2, (4, 0.000513219, 4.7465e-5, 0.000560945)), (2, (5, 0.000770419, 0.000216722, 0.000987587)), (2, (6, 0.000664748, 0.000155698, 0.000820881)), (1, (7, 0.00034633, 0.000249613, 0.000596364))]), (2480, 12, 0.000763965, [(2, (0, 0.000739621, 2.2649e-5, 0.000762555)), (2, (1, 0.000541056, 6.8332e-5, 0.00060967)), (2, (2, 0.000593928, 5.3505e-5, 0.000647708)), (2, (3, 0.000628629, 0.00011049, 0.000739358)), (1, (4, 0.000316057, 3.9933e-5, 0.000356228)), (1, (5, 0.000260265, 9.8584e-5, 0.000359103)), (1, (6, 0.0002122, 8.2318e-5, 0.000294801)), (1, (7, 0.000338802, 0.000169561, 0.000509466))]), (2496, 10, 0.001027878, [(2, (0, 0.001007981, 1.8155e-5, 0.001026387)), (2, (1, 0.000745037, 0.000108281, 0.000853913)), (1, (2, 0.000399678, 5.8883e-5, 0.000458797)), (1, (3, 0.000465038, 0.000392243, 0.000857492)), (1, (4, 0.000417161, 3.5343e-5, 0.000452759)), (1, (5, 0.000626494, 0.00021317, 0.000839964)), (1, (6, 0.000432043, 0.000119901, 0.000552284)), (1, (7, 0.000200961, 0.000453914, 0.000655002))]), (2512, 10, 0.001020425, [(2, (0, 0.00090745, 1.828e-5, 0.000925969)), (2, (1, 0.000928699, 6.135e-5, 0.000990282)), (1, (2, 0.000187357, 4.7545e-5, 0.000235111)), (1, (3, 0.000537125, 0.000128459, 0.000665972)), (1, (4, 0.000269103, 3.7459e-5, 0.000306868)), (1, (5, 0.000284763, 0.000113091, 0.00039814)), (1, (6, 0.000562696, 7.9322e-5, 0.00064232)), (1, (7, 0.000268544, 9.4768e-5, 0.000363641))]), (2528, 15, 0.001022787, [(2, (0, 0.000484825, 1.9037e-5, 0.00050414)), (2, (1, 0.000509364, 0.000117023, 0.000626616)), (2, (2, 0.000596597, 3.6207e-5, 0.000633144)), (2, (3, 0.000802611, 9.661e-5, 0.000899494)), (2, (4, 0.000601172, 4.6664e-5, 0.00064806)), (2, (5, 0.000777786, 0.000190472, 0.000968464)), (2, (6, 0.000754593, 0.000136627, 0.000891464)), (1, (7, 0.000213136, 0.000197875, 0.000411209))]), (2544, 8, 0.000520549, [(1, (0, 0.000376027, 1.7194e-5, 0.000393455)), (1, (1, 0.000421012, 7.4135e-5, 0.000495352)), (1, (2, 0.000358314, 3.2137e-5, 0.000390708)), (1, (3, 0.000286212, 9.0081e-5, 0.000376552)), (1, (4, 0.000213461, 4.7221e-5, 0.000260936)), (1, (5, 0.000328883, 0.00014777, 0.000476864)), (1, (6, 0.000249092, 6.0363e-5, 0.000309656)), (1, (7, 0.000244168, 0.000104215, 0.000348611))]), (2560, 7, 0.000667799, [(1, (0, 0.000208339, 1.5407e-5, 0.000223976)), (1, (1, 0.000237626, 3.1644e-5, 0.000269522)), (1, (2, 0.000461366, 8.9181e-5, 0.000550778)), (1, (3, 0.000453384, 9.5278e-5, 0.00054879)), (1, (4, 0.000566047, 7.482e-5, 0.000641105)), (1, (5, 0.00022933, 8.8666e-5, 0.000318206)), (1, (6, 0.000239335, 7.6178e-5, 0.000315736)), (0, (7, 1.42e-7, 9.4e-5, 9.4355e-5))]), (2576, 8, 0.000700804, [(1, (0, 0.000301356, 1.7652e-5, 0.000319274)), (1, (1, 0.000276302, 8.446e-5, 0.000361002)), (1, (2, 0.000341243, 3.5648e-5, 0.000377285)), (1, (3, 0.000131407, 9.5154e-5, 0.000226856)), (1, (4, 0.000354626, 4.7983e-5, 0.000402891)), (1, (5, 0.000263458, 0.000128793, 0.000392462)), (1, (6, 0.000374172, 0.000118588, 0.000493002)), (1, (7, 0.000371173, 0.000227673, 0.000598946))]), (2592, 5, 0.000570294, [(1, (0, 0.000244763, 1.819e-5, 0.000263194)), (1, (1, 0.000385914, 9.2896e-5, 0.00047911)), (1, (2, 0.000402158, 5.1971e-5, 0.000454334)), (1, (3, 0.000369854, 0.000110307, 0.000480315)), (1, (4, 0.000499755, 3.7851e-5, 0.000537916)), (0, (5, 5.4e-8, 0.000109514, 0.000109674)), (0, (6, 1.72e-7, 0.000107731, 0.000108124)), (0, (7, 5.5e-8, 0.000108647, 0.000108803))]), (2608, 9, 0.000806762, [(2, (0, 0.00078604, 1.8957e-5, 0.00080527)), (1, (1, 0.000137832, 3.4206e-5, 0.000172272)), (1, (2, 0.00034673, 0.00013378, 0.000480805)), (1, (3, 0.000495701, 0.000147101, 0.000643023)), (1, (4, 0.000327542, 5.8482e-5, 0.000386259)), (1, (5, 0.000422858, 0.000105803, 0.000528886)), (1, (6, 0.000423689, 9.3666e-5, 0.00051769)), (1, (7, 0.000371878, 0.000172833, 0.000544838))]), (2624, 11, 0.000995175, [(2, (0, 0.000479582, 2.0041e-5, 0.000499886)), (2, (1, 0.000868007, 8.6625e-5, 0.000954859)), (2, (2, 0.000593384, 5.4583e-5, 0.00064819)), (1, (3, 0.000287952, 7.0611e-5, 0.000358777)), (1, (4, 0.000351776, 4.0019e-5, 0.000392024)), (1, (5, 0.000180631, 0.000153292, 0.000334281)), (1, (6, 0.000221651, 0.000104043, 0.000325925)), (1, (7, 0.000197485, 0.000118193, 0.000315909))]), (2640, 11, 0.000855132, [(2, (0, 0.000527981, 2.2189e-5, 0.000550395)), (2, (1, 0.000525717, 0.000296722, 0.000822646)), (2, (2, 0.000456671, 0.00013993, 0.000596877)), (1, (3, 0.000434044, 0.000209742, 0.000643996)), (1, (4, 0.000251742, 4.3727e-5, 0.000295667)), (1, (5, 0.000338902, 0.000118707, 0.000457824)), (1, (6, 0.000310527, 0.00010476, 0.000415565)), (1, (7, 0.000472867, 0.000150783, 0.000623836))]), (2656, 5, 0.000589962, [(1, (0, 0.000324526, 1.8435e-5, 0.000343196)), (1, (1, 0.000406408, 0.00014023, 0.000547094)), (1, (2, 0.000450651, 9.6545e-5, 0.000547479)), (1, (3, 0.000333198, 0.000150006, 0.000483334)), (1, (4, 0.000234015, 8.5459e-5, 0.000319977)), (0, (5, 5.5e-8, 0.00014932, 0.000149478)), (0, (6, 1.72e-7, 0.000147384, 0.000147847)), (0, (7, 5.5e-8, 0.000148515, 0.000148673))]), (2672, 0, 9.1317e-5, [(0, (0, 1.65e-7, 1.5442e-5, 1.5859e-5)), (0, (1, 1.07e-7, 1.6327e-5, 1.6556e-5)), (0, (2, 1.54e-7, 6.6202e-5, 6.657e-5)), (0, (3, 5.4e-8, 6.5827e-5, 6.5986e-5)), (0, (4, 1.19e-7, 5.0198e-5, 5.0576e-5)), (0, (5, 5.4e-8, 5.1005e-5, 5.1177e-5)), (0, (6, 4.519e-6, 5.1446e-5, 5.6073e-5)), (0, (7, 5.3e-8, 5.6213e-5, 5.6369e-5))]), (2688, 6, 0.000688443, [(1, (0, 0.000447078, 6.37e-6, 0.00045366)), (1, (1, 0.000623369, 3.5801e-5, 0.00065942)), (1, (2, 0.000323047, 9.458e-6, 0.00033283)), (1, (3, 0.000394513, 2.6439e-5, 0.000421304)), (1, (4, 0.000391954, 9.054e-6, 0.00040126)), (1, (5, 0.000306287, 4.1406e-5, 0.000347849)), (0, (6, 1.13e-7, 3.9889e-5, 4.0209e-5)), (0, (7, 6.3e-8, 4.0473e-5, 4.066e-5))]), (2704, 10, 0.001123631, [(2, (0, 0.000994678, 2.263e-5, 0.001017542)), (2, (1, 0.000981357, 7.1125e-5, 0.001052821)), (1, (2, 0.000250765, 5.4963e-5, 0.000305962)), (1, (3, 0.000847644, 0.000203972, 0.001052426)), (1, (4, 0.000268828, 4.2905e-5, 0.000311954)), (1, (5, 0.00021226, 0.000143112, 0.000355659)), (1, (6, 0.000502606, 8.5395e-5, 0.000588237)), (1, (7, 0.000541389, 0.000149202, 0.000690876))]), (2720, 14, 0.001054677, [(2, (0, 0.000893615, 1.9505e-5, 0.000913373)), (2, (1, 0.000488901, 0.000115349, 0.000604499)), (2, (2, 0.000991697, 3.5252e-5, 0.001027213)), (2, (3, 0.000671082, 0.000102059, 0.000773338)), (2, (4, 0.000824686, 9.0315e-5, 0.000915275)), (2, (5, 0.000668147, 0.000193241, 0.000861614)), (1, (6, 0.000388694, 0.000180014, 0.000568892)), (1, (7, 0.000542018, 0.000202635, 0.000744898))]), (2736, 10, 0.000814127, [(2, (0, 0.000792182, 1.9494e-5, 0.000812008)), (2, (1, 0.000642875, 6.2515e-5, 0.000705637)), (1, (2, 0.000289037, 4.7899e-5, 0.000337155)), (1, (3, 0.000466546, 0.000198925, 0.000665734)), (1, (4, 0.000284734, 3.485e-5, 0.000319823)), (1, (5, 0.000467099, 0.000174742, 0.000642296)), (1, (6, 0.000349808, 0.000113423, 0.00046349)), (1, (7, 0.000263345, 0.00012855, 0.000392152))]), (2752, 8, 0.000784653, [(1, (0, 0.000507273, 2.4635e-5, 0.000532171)), (1, (1, 0.000560681, 8.2016e-5, 0.000642902)), (1, (2, 0.000277903, 6.9455e-5, 0.000347682)), (1, (3, 0.000425654, 0.000125194, 0.000551134)), (1, (4, 0.000367525, 4.0227e-5, 0.000408022)), (1, (5, 0.000597723, 0.00013993, 0.000737864)), (1, (6, 0.000484277, 9.4621e-5, 0.00057911)), (1, (7, 0.000480916, 0.000146688, 0.000627836))]), (2768, 11, 0.001034343, [(2, (0, 0.000941093, 1.8717e-5, 0.000960036)), (2, (1, 0.000971047, 3.4284e-5, 0.001005599)), (2, (2, 0.000860064, 0.000108937, 0.000969219)), (1, (3, 0.000417843, 0.000162826, 0.000581571)), (1, (4, 0.000316874, 5.0612e-5, 0.000367745)), (1, (5, 0.000576013, 9.3029e-5, 0.000669275)), (1, (6, 0.00041688, 7.9662e-5, 0.000496818)), (1, (7, 0.000316524, 0.000124173, 0.000440927))]), (2784, 9, 0.000875875, [(2, (0, 0.000576957, 1.7573e-5, 0.000594788)), (1, (1, 0.00039726, 6.3631e-5, 0.000461132)), (1, (2, 0.000373217, 4.688e-5, 0.000420344)), (1, (3, 0.000694339, 7.9106e-5, 0.000773662)), (1, (4, 0.000467162, 3.5119e-5, 0.000505706)), (1, (5, 0.000269374, 0.000151365, 0.000420963)), (1, (6, 0.00035457, 0.000134754, 0.000489587)), (1, (7, 0.000208248, 0.000158059, 0.000366504))]), (2800, 8, 0.000564561, [(1, (0, 0.00042385, 1.7971e-5, 0.000442049)), (1, (1, 0.000196458, 7.7493e-5, 0.000274166)), (1, (2, 0.000236921, 4.7845e-5, 0.000284983)), (1, (3, 0.000420753, 6.3022e-5, 0.00048399)), (1, (4, 0.000276069, 3.4779e-5, 0.000311117)), (1, (5, 0.000304955, 0.000162254, 0.000467977)), (1, (6, 0.000207173, 9.7694e-5, 0.000305092)), (1, (7, 0.000230528, 0.00010938, 0.000340117))]), (2816, 5, 0.000568599, [(1, (0, 0.000246892, 1.8115e-5, 0.000265242)), (1, (1, 0.00042343, 9.9953e-5, 0.000523745)), (1, (2, 0.000237753, 3.2449e-5, 0.000270446)), (1, (3, 0.000393427, 6.2341e-5, 0.000455999)), (1, (4, 0.000498813, 4.7497e-5, 0.00054663)), (0, (5, 5.6e-8, 0.000112707, 0.000112867)), (0, (6, 1.56e-7, 0.000111043, 0.00011142)), (0, (7, 5.5e-8, 0.000111828, 0.000111988))]), (2832, 2, 0.000469427, [(1, (0, 0.000453415, 1.4947e-5, 0.000468645)), (1, (1, 0.000268029, 3.36e-5, 0.00030196)), (0, (2, 1.65e-7, 0.000125017, 0.000125523)), (0, (3, 1.47e-7, 0.00014107, 0.00014147)), (0, (4, 1.74e-7, 5.4393e-5, 5.4797e-5)), (0, (5, 5.4e-8, 5.5224e-5, 5.5396e-5)), (0, (6, 5.4e-8, 5.5699e-5, 5.5858e-5)), (0, (7, 5.4e-8, 5.5993e-5, 5.6151e-5))]), (2848, 0, 1.9549e-5, [(0, (0, 1.23e-7, 1.3193e-5, 1.3574e-5)), (0, (1, 1.08e-7, 1.6106e-5, 1.6325e-5)), (0, (2, 6.9e-8, 1.6869e-5, 1.7042e-5)), (0, (3, 5.4e-8, 1.7157e-5, 1.7318e-5)), (0, (4, 5.4e-8, 1.7955e-5, 1.8114e-5)), (0, (5, 5.5e-8, 1.8228e-5, 1.8387e-5)), (0, (6, 5.9e-8, 1.8585e-5, 1.8748e-5)), (0, (7, 5.8e-8, 1.8873e-5, 1.9039e-5))]), (2864, 11, 0.000857899, [(2, (0, 0.000848512, 8.115e-6, 0.000856756)), (2, (1, 0.000612993, 3.9464e-5, 0.000652662)), (2, (2, 0.000708065, 2.447e-5, 0.000732757)), (1, (3, 0.000368975, 0.000141399, 0.000510621)), (1, (4, 0.000489703, 1.1894e-5, 0.000501877)), (1, (5, 0.000217316, 0.000119652, 0.000337203)), (1, (6, 0.00038146, 5.7825e-5, 0.000439599)), (1, (7, 0.000175158, 0.000134486, 0.000309871))]), (2880, 13, 0.000962799, [(2, (0, 0.000826103, 1.9419e-5, 0.00084576)), (2, (1, 0.000801468, 8.225e-5, 0.000883967)), (2, (2, 0.000778746, 6.8191e-5, 0.000847194)), (2, (3, 0.000759252, 0.000158236, 0.000917722)), (2, (4, 0.000504517, 4.0708e-5, 0.000545475)), (1, (5, 0.000403708, 0.000216173, 0.000620663)), (1, (6, 0.000427303, 5.1084e-5, 0.000478622)), (1, (7, 0.000313327, 9.8369e-5, 0.000411942))]), (2896, 10, 0.000781724, [(2, (0, 0.000756962, 2.3297e-5, 0.000780499)), (2, (1, 0.000508254, 6.2988e-5, 0.000574473)), (1, (2, 0.000354904, 5.1144e-5, 0.000406281)), (1, (3, 0.000398698, 0.000115164, 0.000514141)), (1, (4, 0.00026847, 3.912e-5, 0.000307824)), (1, (5, 0.000286338, 9.8203e-5, 0.000384766)), (1, (6, 0.000308552, 8.1656e-5, 0.000390432)), (1, (7, 0.000274098, 0.000120731, 0.000395057))]), (2912, 6, 0.000522837, [(1, (0, 0.000300086, 1.7254e-5, 0.000317553)), (1, (1, 0.000337716, 6.0989e-5, 0.000398944)), (1, (2, 0.000446317, 4.6625e-5, 0.000493177)), (1, (3, 0.000246745, 0.000138769, 0.000385854)), (1, (4, 0.000250801, 3.3068e-5, 0.000284071)), (1, (5, 0.000193255, 0.000125117, 0.0003185)), (0, (6, 1.53e-7, 0.000123607, 0.000123997)), (0, (7, 5.5e-8, 0.000124368, 0.000124527))]), (2928, 9, 0.000766766, [(2, (0, 0.000617627, 1.5591e-5, 0.000633475)), (1, (1, 0.000505671, 2.9661e-5, 0.000535575)), (1, (2, 0.000322494, 0.000190062, 0.000512784)), (1, (3, 0.000340019, 0.000370509, 0.000710851)), (1, (4, 0.000420226, 4.5023e-5, 0.000465514)), (1, (5, 0.000346574, 0.000171692, 0.000518507)), (1, (6, 0.000554678, 0.000150189, 0.000705292)), (1, (7, 0.000312068, 0.000374353, 0.000686663))]), (2944, 11, 0.001130514, [(2, (0, 0.000689994, 2.2105e-5, 0.000712385)), (2, (1, 0.000774971, 3.8003e-5, 0.000813209)), (2, (2, 0.000984285, 0.000120615, 0.001105174)), (1, (3, 0.000635608, 0.00013805, 0.000773976)), (1, (4, 0.000241295, 7.0467e-5, 0.000311976)), (1, (5, 0.0006809, 0.000190556, 0.00087233)), (1, (6, 0.000240409, 8.7792e-5, 0.000328463)), (1, (7, 0.000229915, 0.000100361, 0.000330516))]), (2960, 2, 0.124132168, [(1, (0, 0.124113722, 1.4813e-5, 0.12412899)), (1, (1, 0.122586226, 3.5943e-5, 0.122622732)), (0, (2, 1.53e-7, 3.3413e-5, 3.379e-5)), (0, (3, 5.6e-8, 3.4233e-5, 3.4396e-5)), (0, (4, 1.35e-7, 4.9215e-5, 4.9564e-5)), (0, (5, 5.8e-8, 4.9968e-5, 5.0135e-5)), (0, (6, 5.6e-8, 5.0421e-5, 5.0585e-5)), (0, (7, 5.6e-8, 5.0726e-5, 5.0888e-5))]), (2976, 1, 0.000231752, [(1, (0, 0.000203874, 2.7013e-5, 0.000231141)), (0, (1, 5.5e-8, 6.5391e-5, 6.5547e-5)), (0, (2, 5.5e-8, 6.452e-5, 6.4675e-5)), (0, (3, 5.3e-8, 6.4788e-5, 6.4943e-5)), (0, (4, 1.45e-7, 5.9871e-5, 6.0361e-5)), (0, (5, 5.5e-8, 6.1234e-5, 6.1394e-5)), (0, (6, 5.4e-8, 6.1755e-5, 6.1912e-5)), (0, (7, 5.4e-8, 6.2058e-5, 6.2214e-5))]), (2992, 12, 0.000943268, [(2, (0, 0.000820922, 2.5226e-5, 0.000846423)), (2, (1, 0.000649824, 8.1256e-5, 0.000731454)), (2, (2, 0.000668035, 6.7355e-5, 0.000735737)), (2, (3, 0.000707698, 0.000177893, 0.000890199)), (1, (4, 0.000347787, 4.2514e-5, 0.000390548)), (1, (5, 0.000335694, 0.000113429, 0.00045032)), (1, (6, 0.000439776, 9.4805e-5, 0.000534954)), (1, (7, 0.000271012, 0.000392166, 0.000663322))]), (3008, 12, 0.001141099, [(2, (0, 0.000398425, 1.9821e-5, 0.000418492)), (2, (1, 0.000784519, 0.000110931, 0.000895719)), (2, (2, 0.000571319, 5.9217e-5, 0.000630773)), (2, (3, 0.000932024, 0.000149343, 0.001081622)), (1, (4, 0.000261485, 3.6724e-5, 0.000298502)), (1, (5, 0.000252817, 0.000130956, 0.00038413)), (1, (6, 0.000365934, 0.000115518, 0.000481757)), (1, (7, 0.000282828, 0.000299614, 0.000582636))]), (3024, 14, 0.001154084, [(2, (0, 0.000629586, 2.9117e-5, 0.00065896)), (2, (1, 0.000531039, 9.073e-5, 0.00062205)), (2, (2, 0.000720176, 7.1872e-5, 0.000792398)), (2, (3, 0.000622752, 0.000216003, 0.000838964)), (2, (4, 0.000567278, 5.7623e-5, 0.000625189)), (2, (5, 0.000897512, 0.000202928, 0.001100712)), (1, (6, 0.000297661, 0.000107356, 0.000405233)), (1, (7, 0.000300115, 0.000129691, 0.00043017))]), (3040, 11, 0.000849106, [(2, (0, 0.000530353, 1.8975e-5, 0.000549579)), (2, (1, 0.000662798, 0.000111279, 0.000775289)), (2, (2, 0.000750195, 7.0428e-5, 0.000820896)), (1, (3, 0.000440225, 0.000129788, 0.000570238)), (1, (4, 0.000428828, 6.0035e-5, 0.000489096)), (1, (5, 0.000443298, 0.000150734, 0.000594282)), (1, (6, 0.000438894, 0.00011521, 0.000554365)), (1, (7, 0.000247884, 0.000489996, 0.000737999))]), (3056, 13, 0.001064882, [(2, (0, 0.0010464, 1.6858e-5, 0.001063487)), (2, (1, 0.000713038, 6.0906e-5, 0.000774153)), (2, (2, 0.000987807, 4.745e-5, 0.001035549)), (2, (3, 0.000767012, 7.5812e-5, 0.000843061)), (2, (4, 0.000483701, 3.347e-5, 0.00051743)), (1, (5, 0.000458843, 0.000120349, 0.000579401)), (1, (6, 0.000189888, 8.8533e-5, 0.000278612)), (1, (7, 0.000162413, 0.000120334, 0.000282965))]), (3072, 6, 0.295385495, [(1, (0, 0.000408558, 2.1803e-5, 0.000430575)), (1, (1, 0.295222253, 7.9444e-5, 0.295302303)), (1, (2, 0.000242402, 5.4199e-5, 0.000296856)), (1, (3, 0.000284205, 0.000172274, 0.000456969)), (1, (4, 0.000396891, 4.4631e-5, 0.000441819)), (1, (5, 0.000583471, 0.000129532, 0.00071324)), (0, (6, 4.03e-7, 0.000125329, 0.000126533)), (0, (7, 1.83e-7, 0.000127706, 0.000128247))]), (3088, 6, 0.00075959, [(1, (0, 0.000424714, 2.6717e-5, 0.000451683)), (1, (1, 0.000619079, 0.000112281, 0.000731739)), (1, (2, 0.000372331, 8.2782e-5, 0.000455631)), (1, (3, 0.000333948, 0.000144001, 0.000478296)), (1, (4, 0.000313584, 5.0507e-5, 0.000364478)), (1, (5, 0.000314803, 0.000130216, 0.000445379)), (0, (6, 1.55e-7, 0.000128115, 0.000128624)), (0, (7, 5.2e-8, 0.00012941, 0.00012959))]), (3104, 13, 0.001081281, [(2, (0, 0.000609776, 2.0688e-5, 0.000630752)), (2, (1, 0.00094884, 4.0428e-5, 0.000989574)), (2, (2, 0.000766242, 0.000132063, 0.00089858)), (2, (3, 0.000832742, 0.000185543, 0.00101856)), (2, (4, 0.000632228, 5.4578e-5, 0.000687052)), (1, (5, 0.000288144, 0.000128172, 0.000416996)), (1, (6, 0.000641713, 7.226e-5, 0.00071426)), (1, (7, 0.00033847, 0.000189154, 0.000527866))]), (3120, 8, 0.000646055, [(1, (0, 0.000222883, 2.0044e-5, 0.000243197)), (1, (1, 0.000281409, 6.5728e-5, 0.00034743)), (1, (2, 0.000537555, 4.9419e-5, 0.000587227)), (1, (3, 0.000241823, 0.000159884, 0.000402033)), (1, (4, 0.00027077, 3.517e-5, 0.00030617)), (1, (5, 0.000362074, 0.000101781, 0.00046418)), (1, (6, 0.000168503, 7.9766e-5, 0.000248498)), (1, (7, 0.000410338, 0.000174802, 0.000585381))]), (3136, 12, 0.001128132, [(2, (0, 0.000540028, 2.602e-5, 0.000566293)), (2, (1, 0.000905586, 2.7066e-5, 0.000932885)), (2, (2, 0.000772195, 5.7076e-5, 0.00082961)), (2, (3, 0.000640457, 0.000210454, 0.000851364)), (1, (4, 0.000459497, 4.3357e-5, 0.000503087)), (1, (5, 0.000862453, 0.000199024, 0.001061891)), (1, (6, 0.000478718, 6.2745e-5, 0.000541747)), (1, (7, 0.000200083, 6.3865e-5, 0.000264194))]), (3152, 13, 0.000908905, [(2, (0, 0.000501239, 2.9025e-5, 0.000530539)), (2, (1, 0.000729966, 0.000155382, 0.000885739)), (2, (2, 0.000557419, 0.000140172, 0.000697839)), (2, (3, 0.000622682, 0.000218265, 0.000844849)), (2, (4, 0.000519648, 4.7348e-5, 0.000567261)), (1, (5, 0.000351312, 0.000204944, 0.000556511)), (1, (6, 0.000289386, 0.000192019, 0.000481647)), (1, (7, 0.000216896, 0.000223919, 0.000441067))]), (3168, 12, 0.000919329, [(2, (0, 0.000471691, 1.8916e-5, 0.000490831)), (2, (1, 0.000470337, 6.2711e-5, 0.000533252)), (2, (2, 0.000391812, 4.8553e-5, 0.000440614)), (2, (3, 0.000736103, 0.000141194, 0.000877578)), (1, (4, 0.000353774, 3.6345e-5, 0.000390341)), (1, (5, 0.000240574, 0.000139405, 0.000380184)), (1, (6, 0.000546637, 7.8935e-5, 0.000625869)), (1, (7, 0.000438198, 9.1508e-5, 0.000529945))]), (3184, 12, 0.000918061, [(2, (0, 0.000500828, 2.8469e-5, 0.000529529)), (2, (1, 0.000435105, 7.0525e-5, 0.000505835)), (2, (2, 0.000519128, 4.303e-5, 0.000562457)), (2, (3, 0.000750795, 0.00012693, 0.000878306)), (1, (4, 0.000224342, 5.9075e-5, 0.0002837)), (1, (5, 0.000202638, 0.000189577, 0.000392784)), (1, (6, 0.000166634, 0.000132529, 0.000299385)), (1, (7, 0.000183809, 0.000187764, 0.000374961))]), (3200, 11, 0.000984397, [(2, (0, 0.000397693, 1.5192e-5, 0.000413108)), (2, (1, 0.000905636, 2.9995e-5, 0.000935902)), (2, (2, 0.00083673, 0.000105994, 0.000942952)), (1, (3, 0.000270233, 0.000129769, 0.000400333)), (1, (4, 0.000198239, 4.0356e-5, 0.000238775)), (1, (5, 0.000487476, 0.000133081, 0.000620795)), (1, (6, 0.000496629, 7.3243e-5, 0.000570172)), (1, (7, 0.000219143, 9.4945e-5, 0.000314408))]), (3216, 12, 0.00103141, [(2, (0, 0.000514291, 1.7778e-5, 0.000532323)), (2, (1, 0.000890333, 0.000108194, 0.000998772)), (2, (2, 0.000586031, 3.6015e-5, 0.000622261)), (2, (3, 0.000772449, 0.000173039, 0.000945837)), (1, (4, 0.000500442, 5.1093e-5, 0.00055177)), (1, (5, 0.000472895, 0.000175051, 0.000648168)), (1, (6, 0.000340895, 6.0901e-5, 0.000402001)), (1, (7, 0.000212972, 0.000122624, 0.000335808))]), (3232, 14, 0.001287096, [(2, (0, 0.000662408, 7.275e-6, 0.000669894)), (2, (1, 0.000641231, 0.000131237, 0.000772678)), (2, (2, 0.000935458, 0.000117145, 0.001052851)), (2, (3, 0.00098724, 0.000206657, 0.001194128)), (2, (4, 0.000555907, 3.7326e-5, 0.000593461)), (2, (5, 0.000599026, 0.000202435, 0.000801811)), (1, (6, 0.000220139, 4.732e-5, 0.000267759)), (1, (7, 0.000170425, 0.000101907, 0.000272535))]), (3248, 10, 0.000785923, [(2, (0, 0.000628509, 2.1692e-5, 0.00065041)), (2, (1, 0.000681257, 6.7023e-5, 0.000748549)), (1, (2, 0.000226069, 0.000101621, 0.000327944)), (1, (3, 0.000241285, 0.00010209, 0.000343589)), (1, (4, 0.000269112, 4.7061e-5, 0.000316385)), (1, (5, 0.000302186, 0.000193709, 0.000496123)), (1, (6, 0.000256112, 7.1125e-5, 0.00032748)), (1, (7, 0.000221372, 0.000109526, 0.000331102))]), (3264, 7, 0.000752909, [(1, (0, 0.000330997, 1.7938e-5, 0.000349187)), (1, (1, 0.000289043, 8.2129e-5, 0.000371571)), (1, (2, 0.000368179, 8.7096e-5, 0.000455798)), (1, (3, 0.000223776, 0.00010538, 0.000329377)), (1, (4, 0.000525262, 5.7483e-5, 0.000583005)), (1, (5, 0.000566183, 0.000139363, 0.000705873)), (1, (6, 0.000468709, 0.000120685, 0.000589628)), (0, (7, 1.39e-7, 0.000143393, 0.000143738))]), (3280, 13, 0.000708953, [(2, (0, 0.000406368, 2.4043e-5, 0.000430622)), (2, (1, 0.000646034, 3.4697e-5, 0.000680979)), (2, (2, 0.000427063, 6.5236e-5, 0.000492606)), (2, (3, 0.000529387, 0.000112486, 0.000642099)), (2, (4, 0.000414834, 4.5925e-5, 0.000461072)), (1, (5, 0.000521472, 7.7518e-5, 0.0005992)), (1, (6, 0.000309216, 7.0754e-5, 0.000380256)), (1, (7, 0.00022583, 7.1794e-5, 0.000297911))]), (3296, 4, 0.000559023, [(1, (0, 0.000492044, 2.0501e-5, 0.000512795)), (1, (1, 0.000484213, 4.7845e-5, 0.000532356)), (1, (2, 0.000514915, 3.9483e-5, 0.000554501)), (1, (3, 0.00029227, 6.4151e-5, 0.000356641)), (0, (4, 1.97e-7, 3.6851e-5, 3.7301e-5)), (0, (5, 5.3e-8, 3.7728e-5, 3.7886e-5)), (0, (6, 5.4e-8, 3.8193e-5, 3.8349e-5)), (0, (7, 5.4e-8, 3.8472e-5, 3.863e-5))]), (3312, 12, 0.000833321, [(2, (0, 0.000814015, 1.7847e-5, 0.000832105)), (2, (1, 0.000354275, 6.6796e-5, 0.000421329)), (2, (2, 0.000425931, 3.4969e-5, 0.000461196)), (2, (3, 0.000509865, 0.000121759, 0.000631913)), (1, (4, 0.000499673, 5.2536e-5, 0.000552464)), (1, (5, 0.000463031, 0.000113968, 0.000577321)), (1, (6, 0.000217695, 8.0626e-5, 0.00029857)), (1, (7, 0.000270997, 9.5383e-5, 0.000366664))]), (3328, 16, 0.001485374, [(2, (0, 0.000753688, 1.8728e-5, 0.000772651)), (2, (1, 0.000815394, 0.000152208, 0.000967877)), (2, (2, 0.000511544, 7.729e-5, 0.000589078)), (2, (3, 0.000702785, 0.000136817, 0.000839855)), (2, (4, 0.001027927, 3.5628e-5, 0.001064097)), (2, (5, 0.001208767, 0.000215555, 0.001425099)), (2, (6, 0.001122084, 4.6763e-5, 0.001169109)), (2, (7, 0.001036766, 6.3123e-5, 0.001100132))]), (3344, 6, 0.000587297, [(1, (0, 0.000514907, 1.9079e-5, 0.000534277)), (1, (1, 0.000338475, 0.000112765, 0.000451532)), (1, (2, 0.000445338, 6.6947e-5, 0.000512552)), (1, (3, 0.0002796, 8.1028e-5, 0.000360861)), (1, (4, 0.000256906, 3.9132e-5, 0.000296259)), (1, (5, 0.000488461, 5.2789e-5, 0.000541353)), (0, (6, 1.55e-7, 5.106e-5, 5.1458e-5)), (0, (7, 5.6e-8, 5.2048e-5, 5.2206e-5))]), (3360, 12, 0.001244145, [(2, (0, 0.000556128, 1.6394e-5, 0.000572767)), (2, (1, 0.000651321, 3.1387e-5, 0.000683211)), (2, (2, 0.001160004, 4.5345e-5, 0.001210799)), (2, (3, 0.000405339, 6.2972e-5, 0.000468559)), (1, (4, 0.00016387, 9.5741e-5, 0.000259902)), (1, (5, 0.00042065, 0.000112651, 0.000533544)), (1, (6, 0.000312028, 9.7472e-5, 0.0004098)), (1, (7, 0.000241273, 0.000119436, 0.000360946))]), (3376, 13, 0.001091152, [(2, (0, 0.000495754, 1.7952e-5, 0.000513945)), (2, (1, 0.000698404, 5.9803e-5, 0.000758441)), (2, (2, 0.000856696, 4.6663e-5, 0.000903646)), (2, (3, 0.00093398, 0.000115109, 0.001049286)), (2, (4, 0.00089954, 3.2803e-5, 0.000932587)), (1, (5, 0.000228795, 0.00015715, 0.000386175)), (1, (6, 0.000361484, 0.00013728, 0.00049967)), (1, (7, 0.000381289, 0.000149332, 0.000530837))]), (3392, 12, 0.001209471, [(2, (0, 0.000728705, 1.7125e-5, 0.000746067)), (2, (1, 0.000611486, 6.1579e-5, 0.000673394)), (2, (2, 0.001138721, 3.4881e-5, 0.001173879)), (2, (3, 0.000623113, 0.000106348, 0.000729679)), (1, (4, 0.000402277, 4.8511e-5, 0.000451103)), (1, (5, 0.000312037, 0.000124618, 0.000436896)), (1, (6, 0.000443964, 7.8106e-5, 0.000522358)), (1, (7, 0.000427864, 8.902e-5, 0.000517139))]), (3408, 10, 0.000784506, [(2, (0, 0.000748351, 2.1735e-5, 0.000770361)), (2, (1, 0.000655405, 0.000117665, 0.000773317)), (1, (2, 0.000403451, 7.2559e-5, 0.000476424)), (1, (3, 0.000337912, 0.000139977, 0.000478212)), (1, (4, 0.000326669, 5.3068e-5, 0.000380095)), (1, (5, 0.000239528, 0.000101186, 0.000340926)), (1, (6, 0.000223396, 9.1386e-5, 0.000315104)), (1, (7, 0.000329128, 0.000191685, 0.000521264))]), (3424, 6, 0.000660271, [(1, (0, 0.000292053, 1.7258e-5, 0.000309587)), (1, (1, 0.000325971, 5.9573e-5, 0.000385823)), (1, (2, 0.000355557, 3.2321e-5, 0.000388104)), (1, (3, 0.000307774, 0.000120849, 0.000428889)), (1, (4, 0.000590654, 4.3833e-5, 0.000634719)), (1, (5, 0.000287731, 0.000140231, 0.000428095)), (0, (6, 1.3e-7, 0.000138884, 0.000139195)), (0, (7, 7.8e-8, 0.000139529, 0.000139711))]), (3440, 12, 0.000792529, [(2, (0, 0.000524835, 1.642e-5, 0.000541481)), (2, (1, 0.000622429, 3.1321e-5, 0.000654029)), (2, (2, 0.000675156, 8.9976e-5, 0.000765388)), (2, (3, 0.000493936, 0.00011425, 0.000608423)), (1, (4, 0.000305502, 4.6702e-5, 0.000352459)), (1, (5, 0.000312187, 7.5244e-5, 0.000387654)), (1, (6, 0.000481656, 5.8382e-5, 0.000540251)), (1, (7, 0.000265352, 0.000106297, 0.000371854))]), (3456, 11, 0.0008558, [(2, (0, 0.000523221, 1.7438e-5, 0.000540929)), (2, (1, 0.000458419, 6.1655e-5, 0.000520292)), (2, (2, 0.000783177, 4.7287e-5, 0.000830706)), (1, (3, 0.000387398, 0.000104974, 0.00049259)), (1, (4, 0.000364452, 3.2269e-5, 0.000396938)), (1, (5, 0.000206803, 8.8832e-5, 0.000295878)), (1, (6, 0.000627429, 7.3946e-5, 0.000701644)), (1, (7, 0.000235071, 0.00011313, 0.000348443))]), (3472, 13, 0.001572758, [(2, (0, 0.000672496, 1.8173e-5, 0.000690938)), (2, (1, 0.000801064, 8.6052e-5, 0.000887446)), (2, (2, 0.000594422, 4.4122e-5, 0.00063876)), (2, (3, 0.001308151, 0.000199017, 0.001508165)), (2, (4, 0.000541738, 3.2707e-5, 0.000574714)), (1, (5, 0.000270366, 0.000212091, 0.000482668)), (1, (6, 0.00023374, 0.000188095, 0.000422077)), (1, (7, 0.000350967, 0.000205894, 0.000557125))]), (3488, 16, 0.00119537, [(2, (0, 0.000702211, 1.0739e-5, 0.000713181)), (2, (1, 0.001078983, 8.8246e-5, 0.001167511)), (2, (2, 0.000630693, 2.8068e-5, 0.000659034)), (2, (3, 0.000792912, 0.000271617, 0.001064882)), (2, (4, 0.000494643, 1.4317e-5, 0.0005092)), (2, (5, 0.00089881, 0.000213088, 0.001112103)), (2, (6, 0.000715035, 0.000151735, 0.000867061)), (2, (7, 0.000723325, 0.000176904, 0.000900551))]), (3504, 10, 0.001144537, [(2, (0, 0.000739408, 1.8673e-5, 0.000758347)), (2, (1, 0.001046993, 6.5599e-5, 0.001112847)), (1, (2, 0.000462932, 5.1842e-5, 0.000515068)), (1, (3, 0.000489676, 0.000119636, 0.000609558)), (1, (4, 0.000420046, 3.4141e-5, 0.000454447)), (1, (5, 0.00024344, 0.000112873, 0.000356577)), (1, (6, 0.000598363, 8.0749e-5, 0.000679379)), (1, (7, 0.000458412, 9.6318e-5, 0.000554987))]), (3520, 12, 0.00111772, [(2, (0, 0.000800285, 1.6947e-5, 0.000817456)), (2, (1, 0.000873896, 0.000163339, 0.001037476)), (2, (2, 0.000568147, 4.8327e-5, 0.000616694)), (2, (3, 0.000879197, 0.000192583, 0.001071986)), (1, (4, 0.00029579, 3.308e-5, 0.000329085)), (1, (5, 0.000274412, 0.000177504, 0.000452172)), (1, (6, 0.000291723, 0.000101803, 0.000393752)), (1, (7, 0.000228294, 0.000200835, 0.000429385))]), (3536, 11, 0.000926819, [(2, (0, 0.000907313, 1.6869e-5, 0.000924457)), (2, (1, 0.00039817, 6.5488e-5, 0.000463923)), (2, (2, 0.000533396, 3.5416e-5, 0.00056923)), (1, (3, 0.000310176, 0.000126108, 0.000436513)), (1, (4, 0.00030045, 5.1044e-5, 0.000351879)), (1, (5, 0.000156331, 0.000148842, 0.00030539)), (1, (6, 0.000245178, 0.000138549, 0.000384099)), (1, (7, 0.000298924, 0.000140739, 0.000439905))]), (3552, 13, 0.001150241, [(2, (0, 0.000925683, 2.352e-5, 0.000949475)), (2, (1, 0.000754035, 0.000164893, 0.00091916)), (2, (2, 0.001020378, 0.000102087, 0.001122755)), (2, (3, 0.000684863, 0.000177189, 0.000862284)), (2, (4, 0.000535384, 3.9641e-5, 0.000575286)), (1, (5, 0.000174501, 0.000261089, 0.00043578)), (1, (6, 0.000316363, 0.000199572, 0.000516235)), (1, (7, 0.000470105, 0.000269762, 0.000740089))]), (3568, 16, 0.001189984, [(2, (0, 0.000523742, 1.794e-5, 0.000541933)), (2, (1, 0.000682808, 6.3288e-5, 0.000746335)), (2, (2, 0.000802147, 4.8552e-5, 0.000850938)), (2, (3, 0.001071182, 7.7519e-5, 0.001148919)), (2, (4, 0.000812129, 3.4344e-5, 0.000846808)), (2, (5, 0.000561116, 0.000108531, 0.000669878)), (2, (6, 0.000480025, 9.3505e-5, 0.000573782)), (2, (7, 0.000672004, 0.000131849, 0.000804257))]), (3584, 15, 0.001306839, [(2, (0, 0.000889392, 1.865e-5, 0.000908276)), (2, (1, 0.000871096, 8.1102e-5, 0.000952559)), (2, (2, 0.001023268, 3.665e-5, 0.00106015)), (2, (3, 0.000589506, 0.000155757, 0.000745513)), (2, (4, 0.000563718, 5.5255e-5, 0.000619233)), (2, (5, 0.001046948, 0.000208313, 0.001255784)), (2, (6, 0.000622416, 0.000202802, 0.000825486)), (1, (7, 0.00019283, 0.000217415, 0.000410528))]), (3600, 13, 0.001089544, [(2, (0, 0.000980804, 1.8401e-5, 0.000999459)), (2, (1, 0.000714417, 6.4892e-5, 0.000779554)), (2, (2, 0.001009894, 5.039e-5, 0.001060599)), (2, (3, 0.000910281, 8.3405e-5, 0.000993927)), (2, (4, 0.000777783, 3.6925e-5, 0.000815154)), (1, (5, 0.000313526, 0.000179614, 0.000493401)), (1, (6, 0.000255759, 0.000110865, 0.000366868)), (1, (7, 0.000159112, 0.000172455, 0.000331814))]), (3616, 11, 0.001005989, [(2, (0, 0.000888265, 1.8265e-5, 0.000906802)), (2, (1, 0.000880528, 0.000100858, 0.000981634)), (2, (2, 0.00081205, 3.8279e-5, 0.000850593)), (1, (3, 0.000370604, 0.000178154, 0.000549183)), (1, (4, 0.000590578, 5.3794e-5, 0.000644586)), (1, (5, 0.000382167, 8.361e-5, 0.000465998)), (1, (6, 0.00025197, 6.796e-5, 0.000320164)), (1, (7, 0.00045509, 0.000177976, 0.000633346))]), (3632, 15, 0.001028977, [(2, (0, 0.000679244, 1.6521e-5, 0.000696011)), (2, (1, 0.000505097, 6.5553e-5, 0.000570872)), (2, (2, 0.000954966, 3.7633e-5, 0.000992862)), (2, (3, 0.000567057, 8.331e-5, 0.000650597)), (2, (4, 0.000825605, 4.7651e-5, 0.000873596)), (2, (5, 0.000394857, 0.000153991, 0.000549054)), (2, (6, 0.000573625, 9.8307e-5, 0.00067221)), (1, (7, 0.000569096, 0.000160399, 0.000729744))]), (3648, 10, 0.000882705, [(2, (0, 0.000432834, 1.9013e-5, 0.000452095)), (2, (1, 0.000721126, 0.000131473, 0.000853026)), (1, (2, 0.000230032, 7.2067e-5, 0.000302369)), (1, (3, 0.000318385, 8.6586e-5, 0.000405212)), (1, (4, 0.000453729, 3.7017e-5, 0.000491036)), (1, (5, 0.000629074, 0.000176196, 0.000805541)), (1, (6, 0.000357983, 5.4102e-5, 0.00041237)), (1, (7, 0.000221126, 0.000182356, 0.000403746))]), (3664, 10, 0.000718197, [(2, (0, 0.00038923, 1.6381e-5, 0.000405864)), (2, (1, 0.000495157, 3.115e-5, 0.000526526)), (1, (2, 0.00050568, 0.000143246, 0.000649194)), (1, (3, 0.000168687, 0.000212899, 0.000381964)), (1, (4, 0.000177745, 4.9172e-5, 0.000227165)), (1, (5, 0.000220549, 0.000127296, 0.000348073)), (1, (6, 0.000631141, 6.2886e-5, 0.000694264)), (1, (7, 0.000374958, 0.000223483, 0.000598658))]), (3680, 11, 0.001038094, [(2, (0, 0.000650061, 1.6767e-5, 0.00066705)), (2, (1, 0.000628008, 2.9483e-5, 0.000657694)), (2, (2, 0.000919596, 9.1288e-5, 0.001011154)), (1, (3, 0.000387597, 0.000166952, 0.000564964)), (1, (4, 0.000238311, 4.3345e-5, 0.000281858)), (1, (5, 0.000572077, 0.000167555, 0.000739909)), (1, (6, 0.000524586, 5.94e-5, 0.000584192)), (1, (7, 0.000547171, 7.3986e-5, 0.000621387))]), (3696, 12, 0.002096548, [(2, (0, 0.002076384, 1.7758e-5, 0.0020945)), (2, (1, 0.000692988, 0.000102493, 0.000795721)), (2, (2, 0.001971092, 3.3977e-5, 0.002005429)), (2, (3, 0.000703232, 0.000156808, 0.000860253)), (1, (4, 0.000141747, 8.6854e-5, 0.000228856)), (1, (5, 0.000322655, 0.000229234, 0.000551998)), (1, (6, 0.000674133, 0.00021331, 0.000887651)), (1, (7, 0.000565442, 0.000231282, 0.000796967))]), (3712, 10, 0.000720708, [(2, (0, 0.000686105, 2.2682e-5, 0.000709044)), (2, (1, 0.000495798, 8.3262e-5, 0.000579297)), (1, (2, 0.000315405, 6.7543e-5, 0.000383389)), (1, (3, 0.000466346, 0.000220262, 0.000687009)), (1, (4, 0.000489501, 4.7442e-5, 0.000537352)), (1, (5, 0.000235161, 0.00018242, 0.000417849)), (1, (6, 0.000423222, 0.000138986, 0.00056244)), (1, (7, 0.000378882, 0.000159295, 0.000538507))]), (3728, 14, 0.001154107, [(2, (0, 0.00077428, 2.4688e-5, 0.000799225)), (2, (1, 0.001093056, 2.6894e-5, 0.001120178)), (2, (2, 0.000935289, 0.00011025, 0.001045834)), (2, (3, 0.000988925, 0.000118459, 0.001110403)), (2, (4, 0.001037681, 6.1203e-5, 0.001099111)), (2, (5, 0.000883948, 7.7662e-5, 0.000961855)), (1, (6, 0.000320886, 6.2578e-5, 0.00038373)), (1, (7, 0.000446285, 9.3707e-5, 0.000540243))]), (3744, 14, 0.001347335, [(2, (0, 0.000801147, 2.056e-5, 0.000821988)), (2, (1, 0.001041214, 7.9408e-5, 0.001120916)), (2, (2, 0.001007099, 6.3191e-5, 0.001070542)), (2, (3, 0.000937313, 0.00014553, 0.001083088)), (2, (4, 0.000862175, 3.9241e-5, 0.000901649)), (2, (5, 0.001120963, 0.000166783, 0.001288113)), (1, (6, 0.000506808, 0.000133281, 0.000640349)), (1, (7, 0.000430764, 0.000174458, 0.00060543))]), (3760, 10, 0.001212834, [(2, (0, 0.0011896, 2.1144e-5, 0.001211007)), (2, (1, 0.000703017, 6.5659e-5, 0.000768958)), (1, (2, 0.000293541, 4.9537e-5, 0.000343353)), (1, (3, 0.000482658, 0.000146136, 0.000629088)), (1, (4, 0.000272314, 3.8104e-5, 0.000310781)), (1, (5, 0.000304016, 9.9229e-5, 0.000403527)), (1, (6, 0.000550631, 8.2649e-5, 0.000633505)), (1, (7, 0.000255722, 0.000159677, 0.000415751))]), (3776, 13, 0.00121889, [(2, (0, 0.000728783, 1.9074e-5, 0.000748145)), (2, (1, 0.000888368, 0.000108754, 0.00099739)), (2, (2, 0.000875715, 5.0255e-5, 0.000926317)), (2, (3, 0.000934717, 0.00023624, 0.001171199)), (2, (4, 0.000947413, 3.3429e-5, 0.000981133)), (1, (5, 0.000572853, 0.000171632, 0.000744743)), (1, (6, 0.000272134, 0.000159673, 0.000432061)), (1, (7, 0.00028059, 0.000228941, 0.000509779))]), (3792, 10, 0.001124501, [(2, (0, 0.00075919, 1.8759e-5, 0.000778277)), (2, (1, 0.000999401, 8.4621e-5, 0.001084268)), (1, (2, 0.00034407, 3.5146e-5, 0.000379431)), (1, (3, 0.000434369, 0.000116814, 0.0005514)), (1, (4, 0.000640186, 5.0771e-5, 0.000694219)), (1, (5, 0.000295359, 9.9502e-5, 0.00039507)), (1, (6, 0.00037095, 6.8852e-5, 0.00044005)), (1, (7, 0.000316115, 0.000127389, 0.00044373))]), (3808, 13, 0.001188008, [(2, (0, 0.000785978, 1.7416e-5, 0.000803678)), (2, (1, 0.001088657, 6.3371e-5, 0.001152237)), (2, (2, 0.000840155, 3.688e-5, 0.00087742)), (2, (3, 0.000739676, 8.0825e-5, 0.000820721)), (2, (4, 0.000809389, 5.137e-5, 0.000861015)), (1, (5, 0.000663819, 0.000110328, 0.000774387)), (1, (6, 0.000343679, 9.6231e-5, 0.000440147)), (1, (7, 0.00036302, 0.000391125, 0.000754782))]), (3824, 15, 0.00106326, [(2, (0, 0.000524436, 1.842e-5, 0.000543119)), (2, (1, 0.000727779, 3.7604e-5, 0.000765816)), (2, (2, 0.000589536, 4.8983e-5, 0.000638758)), (2, (3, 0.000732708, 7.0655e-5, 0.000803698)), (2, (4, 0.00093432, 0.000100944, 0.001035524)), (2, (5, 0.000412656, 0.000139405, 0.000552332)), (2, (6, 0.000557053, 0.00010207, 0.00065938)), (1, (7, 0.000230014, 0.000127909, 0.000358225))]), (3840, 13, 0.000881852, [(2, (0, 0.0006892, 1.8405e-5, 0.000707866)), (2, (1, 0.000657617, 8.4633e-5, 0.000742545)), (2, (2, 0.000802082, 5.3019e-5, 0.000855371)), (2, (3, 0.000754377, 6.6723e-5, 0.000821315)), (2, (4, 0.000721217, 3.9846e-5, 0.000761294)), (1, (5, 0.000294746, 0.000116283, 0.00041125)), (1, (6, 0.000302087, 9.9154e-5, 0.000401484)), (1, (7, 0.00018923, 0.000130457, 0.000319915))]), (3856, 16, 0.001271259, [(2, (0, 0.000839856, 1.6444e-5, 0.000856548)), (2, (1, 0.000832462, 6.294e-5, 0.000895629)), (2, (2, 0.001018014, 4.9397e-5, 0.001067695)), (2, (3, 0.000794651, 0.000107666, 0.000902521)), (2, (4, 0.000524395, 3.535e-5, 0.000560033)), (2, (5, 0.0011277, 9.4964e-5, 0.001222949)), (2, (6, 0.000710842, 8.0311e-5, 0.000791396)), (2, (7, 0.000549453, 0.00012829, 0.000678009))]), (3872, 6, 0.000844358, [(1, (0, 0.000440616, 2.0554e-5, 0.000461428)), (1, (1, 0.000397003, 3.9289e-5, 0.000436605)), (1, (2, 0.000367423, 0.000180285, 0.00054845)), (1, (3, 0.000286729, 0.000180479, 0.00046749)), (1, (4, 0.000424207, 5.6487e-5, 0.000480977)), (1, (5, 0.000716635, 7.8913e-5, 0.000795699)), (0, (6, 1.58e-7, 7.3292e-5, 7.378e-5)), (0, (7, 6e-8, 7.4398e-5, 7.4567e-5))]), (3888, 13, 0.001040922, [(2, (0, 0.000518997, 1.8701e-5, 0.000537957)), (2, (1, 0.000898691, 3.4157e-5, 0.000933116)), (2, (2, 0.000886925, 0.000127302, 0.00101447)), (2, (3, 0.00044684, 0.000187807, 0.000634881)), (2, (4, 0.000717058, 9.171e-5, 0.000809015)), (1, (5, 0.000260385, 0.000195331, 0.000455968)), (1, (6, 0.000444993, 9.4202e-5, 0.000539505)), (1, (7, 0.000585393, 0.000110119, 0.000695809))]), (3904, 8, 0.000601904, [(1, (0, 0.000178296, 1.9699e-5, 0.000198242)), (1, (1, 0.000226358, 6.2527e-5, 0.000289113)), (1, (2, 0.000266381, 4.7409e-5, 0.000313997)), (1, (3, 0.000292901, 9.6564e-5, 0.000389717)), (1, (4, 0.000538247, 3.541e-5, 0.000573909)), (1, (5, 0.000380889, 0.00011153, 0.000492653)), (1, (6, 0.000213766, 8.4203e-5, 0.000298216)), (1, (7, 0.000195686, 0.000118872, 0.000314797))]), (3920, 9, 0.000913745, [(2, (0, 0.000896625, 1.5539e-5, 0.000912438)), (1, (1, 0.000193848, 6.1248e-5, 0.000255326)), (1, (2, 0.000220807, 2.9675e-5, 0.000250701)), (1, (3, 0.000341365, 7.6326e-5, 0.000417927)), (1, (4, 0.000348627, 4.6299e-5, 0.000395157)), (1, (5, 0.000306228, 0.000162059, 0.000469659)), (1, (6, 0.000173053, 9.2801e-5, 0.00026608)), (1, (7, 0.000211247, 0.000108582, 0.00032007))]), (3936, 11, 0.001015447, [(2, (0, 0.000778652, 2.0152e-5, 0.000799041)), (2, (1, 0.000781109, 0.000176493, 0.000957857)), (2, (2, 0.000599129, 6.2697e-5, 0.000662074)), (1, (3, 0.000273446, 0.000123701, 0.000397376)), (1, (4, 0.000306886, 4.23e-5, 0.000349454)), (1, (5, 0.000290519, 0.000350037, 0.00064078)), (1, (6, 0.000483731, 0.000194603, 0.000678607)), (1, (7, 0.000629918, 0.000287114, 0.000917329))]), (3952, 15, 0.001083755, [(2, (0, 0.000653602, 1.8977e-5, 0.000672841)), (2, (1, 0.000854054, 7.3591e-5, 0.000928117)), (2, (2, 0.000468318, 4.0239e-5, 0.000508965)), (2, (3, 0.000946433, 0.000100407, 0.001047181)), (2, (4, 0.000371416, 5.8285e-5, 0.00042995)), (2, (5, 0.000570604, 0.000203916, 0.000774756)), (2, (6, 0.000583888, 0.000131784, 0.000715898)), (1, (7, 0.000431409, 0.000201113, 0.000632965))]), (3968, 13, 0.000918407, [(2, (0, 0.000659447, 1.896e-5, 0.000678639)), (2, (1, 0.000780948, 0.000106745, 0.000887946)), (2, (2, 0.000580651, 9.2602e-5, 0.000673582)), (2, (3, 0.000483877, 0.000125362, 0.000609534)), (2, (4, 0.0007229, 3.8293e-5, 0.000761439)), (1, (5, 0.000302498, 0.000133238, 0.000436003)), (1, (6, 0.000405298, 6.1562e-5, 0.000467123)), (1, (7, 0.000172297, 7.9093e-5, 0.00025171))]), (3984, 15, 0.00104794, [(2, (0, 0.000420929, 2.1614e-5, 0.000442821)), (2, (1, 0.000641777, 8.8576e-5, 0.000730618)), (2, (2, 0.000776785, 4.2363e-5, 0.000819408)), (2, (3, 0.000804376, 0.000154276, 0.000958883)), (2, (4, 0.000595827, 5.6754e-5, 0.000652835)), (2, (5, 0.000619289, 0.000135769, 0.000755278)), (2, (6, 0.000678164, 0.000123639, 0.000802079)), (1, (7, 0.000409128, 0.000183386, 0.000592742))]), (4000, 13, 0.001089726, [(2, (0, 0.001066747, 2.0813e-5, 0.001087801)), (2, (1, 0.000805711, 0.000135404, 0.000941337)), (2, (2, 0.000461025, 5.2294e-5, 0.000513552)), (2, (3, 0.000668184, 9.6298e-5, 0.000764723)), (2, (4, 0.000767196, 3.8276e-5, 0.00080571)), (1, (5, 0.0001821, 0.000113621, 0.000295993)), (1, (6, 0.000797712, 7.9943e-5, 0.000877964)), (1, (7, 0.000444878, 0.000130032, 0.000575195))]), (4016, 10, 0.001239946, [(2, (0, 0.000995871, 2.1811e-5, 0.001017932)), (2, (1, 0.001122489, 8.7085e-5, 0.001209905)), (1, (2, 0.000324512, 7.145e-5, 0.000396208)), (1, (3, 0.000516876, 0.000197974, 0.000715066)), (1, (4, 0.00056197, 3.9952e-5, 0.000602288)), (1, (5, 0.00056024, 0.000144628, 0.000705148)), (1, (6, 0.000364287, 0.000118223, 0.000482831)), (1, (7, 0.000404391, 0.000194192, 0.000598792))]), (4032, 11, 0.000732191, [(2, (0, 0.000703638, 2.6084e-5, 0.000730017)), (2, (1, 0.000617054, 6.0921e-5, 0.000678229)), (2, (2, 0.000358059, 3.2384e-5, 0.000390705)), (1, (3, 0.000475998, 8.6361e-5, 0.000562589)), (1, (4, 0.000344212, 4.5773e-5, 0.000390216)), (1, (5, 0.000245131, 8.005e-5, 0.000325668)), (1, (6, 0.000462738, 7.2637e-5, 0.000535617)), (1, (7, 0.000184342, 7.6877e-5, 0.000261485))]), (4048, 13, 0.001014425, [(2, (0, 0.000547478, 1.8503e-5, 0.000566232)), (2, (1, 0.000916386, 6.8606e-5, 0.000985381)), (2, (2, 0.000443927, 4.8706e-5, 0.000492899)), (2, (3, 0.000792474, 8.2218e-5, 0.000874939)), (2, (4, 0.000901373, 3.6664e-5, 0.000938302)), (1, (5, 0.000230944, 0.000113588, 0.00034477)), (1, (6, 0.000309595, 9.829e-5, 0.000408116)), (1, (7, 0.00031489, 0.000172115, 0.00048726))]), (4064, 11, 0.001001274, [(2, (0, 0.000978071, 2.1008e-5, 0.000999378)), (2, (1, 0.000889945, 7.2134e-5, 0.000962397)), (2, (2, 0.000540557, 5.6511e-5, 0.000597368)), (1, (3, 0.000213004, 0.000133025, 0.000346296)), (1, (4, 0.000426755, 4.0611e-5, 0.000467585)), (1, (5, 0.000299467, 0.00010955, 0.000409268)), (1, (6, 0.000320289, 8.7107e-5, 0.000407636)), (1, (7, 0.000254393, 0.000142884, 0.000397557))]), (4080, 12, 0.001123487, [(2, (0, 0.00056772, 2.3904e-5, 0.000591873)), (2, (1, 0.000741616, 7.3961e-5, 0.000815845)), (2, (2, 0.000802727, 6.2229e-5, 0.000865333)), (2, (3, 0.000969838, 9.6937e-5, 0.001067069)), (1, (4, 0.000280246, 4.5349e-5, 0.000325855)), (1, (5, 0.000357888, 0.000177707, 0.000535962)), (1, (6, 0.000466732, 0.000126546, 0.000593503)), (1, (7, 0.000190359, 0.000168794, 0.000359482))]), (4096, 10, 0.000764137, [(2, (0, 0.000586325, 1.7773e-5, 0.000604373)), (2, (1, 0.00053132, 3.3045e-5, 0.000564606)), (1, (2, 0.000479104, 4.6654e-5, 0.000526008)), (1, (3, 0.000597295, 0.000111174, 0.000708765)), (1, (4, 0.000473427, 0.00013996, 0.000613592)), (1, (5, 0.000328127, 0.000149581, 0.000477954)), (1, (6, 0.000192002, 0.00014889, 0.000341115)), (1, (7, 0.00050087, 0.000156685, 0.000657857))]), (4112, 11, 0.000829738, [(2, (0, 0.00048278, 1.6844e-5, 0.000499916)), (2, (1, 0.000653625, 3.4201e-5, 0.000688021)), (2, (2, 0.000651552, 4.9739e-5, 0.00070154)), (1, (3, 0.000295631, 6.3266e-5, 0.000359119)), (1, (4, 0.000498577, 9.3903e-5, 0.000592725)), (1, (5, 0.000341733, 0.000116999, 0.000458999)), (1, (6, 0.000632536, 9.3555e-5, 0.000726339)), (1, (7, 0.000633541, 0.000108788, 0.000742573))]), (4128, 10, 0.000831601, [(2, (0, 0.00073503, 1.7806e-5, 0.000753093)), (2, (1, 0.000741305, 6.4133e-5, 0.000805708)), (1, (2, 0.000264531, 3.2439e-5, 0.000297201)), (1, (3, 0.000320539, 0.000113177, 0.000433993)), (1, (4, 0.000433021, 4.9291e-5, 0.000482595)), (1, (5, 0.000312502, 9.2587e-5, 0.000405286)), (1, (6, 0.000338991, 8.0222e-5, 0.000419457)), (1, (7, 0.000225974, 0.00012311, 0.000349331))]), (4144, 12, 0.000841208, [(2, (0, 0.000750519, 1.8002e-5, 0.000768754)), (2, (1, 0.000650644, 0.000112299, 0.000763218)), (2, (2, 0.000583833, 4.6079e-5, 0.00063025)), (2, (3, 0.000665937, 0.000122429, 0.00078867)), (1, (4, 0.00027715, 5.9278e-5, 0.000336714)), (1, (5, 0.000190221, 0.000165129, 0.000355564)), (1, (6, 0.000409699, 9.3704e-5, 0.000503829)), (1, (7, 0.000372042, 0.000155696, 0.000528114))]), (4160, 14, 0.000944966, [(2, (0, 0.000503729, 1.9224e-5, 0.000523201)), (2, (1, 0.000879498, 3.4332e-5, 0.000914145)), (2, (2, 0.000552531, 0.000123565, 0.000676381)), (2, (3, 0.000495877, 0.000190814, 0.000686931)), (2, (4, 0.000518816, 5.0104e-5, 0.000569291)), (2, (5, 0.000614001, 0.000108154, 0.000722407)), (1, (6, 0.000306505, 9.3327e-5, 0.000400069)), (1, (7, 0.000387753, 0.00018501, 0.000573151))]), (4176, 12, 0.000710024, [(2, (0, 0.000542491, 2.0559e-5, 0.000563324)), (2, (1, 0.000617391, 6.4605e-5, 0.00068223)), (2, (2, 0.000599283, 5.142e-5, 0.000651007)), (2, (3, 0.000505958, 0.00012454, 0.000630743)), (1, (4, 0.000267203, 3.6837e-5, 0.000304287)), (1, (5, 0.000265051, 9.8149e-5, 0.000363413)), (1, (6, 0.000348562, 8.1865e-5, 0.000430705)), (1, (7, 0.000263366, 0.000132127, 0.000395814))]), (4192, 14, 0.00127625, [(2, (0, 0.000662533, 1.693e-5, 0.000679722)), (2, (1, 0.000428069, 0.000108268, 0.000536561)), (2, (2, 0.000444634, 3.4455e-5, 0.00047934)), (2, (3, 0.000588969, 0.000121037, 0.000712955)), (2, (4, 0.00040881, 6.0068e-5, 0.000469192)), (2, (5, 0.00103564, 0.000177256, 0.001213778)), (1, (6, 0.00018866, 7.6291e-5, 0.000265227)), (1, (7, 0.000467131, 9.1678e-5, 0.000559075))]), (4208, 9, 0.000755167, [(2, (0, 0.000424014, 1.7291e-5, 0.000441581)), (1, (1, 0.000290673, 6.9253e-5, 0.000360187)), (1, (2, 0.000498495, 5.3569e-5, 0.000552391)), (1, (3, 0.000456429, 0.000149084, 0.000605956)), (1, (4, 0.000682229, 4.2394e-5, 0.000724939)), (1, (5, 0.000252695, 0.000163813, 0.000416807)), (1, (6, 0.000401994, 0.000125259, 0.000527622)), (1, (7, 0.000427392, 0.000169868, 0.000597591))]), (4224, 12, 0.00098043, [(2, (0, 0.000958693, 2.0085e-5, 0.000979022)), (2, (1, 0.000541933, 8.468e-5, 0.000626845)), (2, (2, 0.000585231, 3.9375e-5, 0.00062492)), (2, (3, 0.000653659, 0.000102851, 0.000756722)), (1, (4, 0.000382003, 5.3824e-5, 0.000436072)), (1, (5, 0.000559453, 0.000126656, 0.000686357)), (1, (6, 0.000462266, 6.7388e-5, 0.000530054)), (1, (7, 0.000322586, 0.000117287, 0.000440133))]), (4240, 15, 0.000740467, [(2, (0, 0.000722222, 1.6561e-5, 0.000739048)), (2, (1, 0.000520977, 9.9945e-5, 0.00062115)), (2, (2, 0.00063985, 5.2527e-5, 0.000692635)), (2, (3, 0.000439501, 0.000225665, 0.000665415)), (2, (4, 0.0006636, 3.9655e-5, 0.000703488)), (2, (5, 0.000496237, 0.000163097, 0.00065961)), (2, (6, 0.000419526, 0.00014622, 0.000566035)), (1, (7, 0.000258305, 0.000231729, 0.000490288))]), (4256, 14, 0.001135268, [(2, (0, 0.00042521, 1.8471e-5, 0.000443928)), (2, (1, 0.00048185, 6.5997e-5, 0.000548099)), (2, (2, 0.000637044, 5.0876e-5, 0.000688187)), (2, (3, 0.000776336, 0.000129708, 0.000906294)), (2, (4, 0.001066517, 3.7389e-5, 0.001104166)), (2, (5, 0.000878998, 0.000106453, 0.000985696)), (1, (6, 0.000351149, 8.8711e-5, 0.000440115)), (1, (7, 0.000200364, 0.000120098, 0.000320718))]), (4272, 16, 0.001224515, [(2, (0, 0.000858455, 1.9235e-5, 0.000878031)), (2, (1, 0.001049035, 0.000140775, 0.001190251)), (2, (2, 0.001067405, 7.0386e-5, 0.001138075)), (2, (3, 0.000485426, 0.000151776, 0.000637463)), (2, (4, 0.00099727, 3.7833e-5, 0.001035574)), (2, (5, 0.000668703, 0.000198374, 0.000867356)), (2, (6, 0.000731141, 0.000164282, 0.00089565)), (2, (7, 0.00076832, 0.000209847, 0.000981714))]), (4288, 16, 0.00108326, [(2, (0, 0.000736611, 2.0496e-5, 0.000757366)), (2, (1, 0.000571051, 8.4867e-5, 0.000656328)), (2, (2, 0.000552801, 7.0609e-5, 0.000623854)), (2, (3, 0.000683709, 0.00010696, 0.000790905)), (2, (4, 0.000818821, 4.0385e-5, 0.000859481)), (2, (5, 0.000865696, 0.000167199, 0.001033195)), (2, (6, 0.000795664, 0.000124606, 0.000920525)), (2, (7, 0.000607692, 0.000162455, 0.000770383))]), (4304, 15, 0.000846242, [(2, (0, 0.000654996, 1.9106e-5, 0.000674347)), (2, (1, 0.000506453, 6.9399e-5, 0.000576105)), (2, (2, 0.000599094, 5.3688e-5, 0.000653154)), (2, (3, 0.000490653, 8.5678e-5, 0.000576607)), (2, (4, 0.00047322, 3.8312e-5, 0.000514865)), (2, (5, 0.000421831, 0.000127538, 0.000549689)), (2, (6, 0.000459737, 0.000105117, 0.000565107)), (1, (7, 0.000415417, 0.00020746, 0.000623285))]), (4320, 15, 0.00132178, [(2, (0, 0.000653382, 2.0521e-5, 0.000674175)), (2, (1, 0.000585721, 6.5296e-5, 0.000651339)), (2, (2, 0.001232522, 4.9518e-5, 0.001282337)), (2, (3, 0.000688554, 0.000127133, 0.000815999)), (2, (4, 0.000525304, 3.8702e-5, 0.000564289)), (2, (5, 0.00048847, 0.000116938, 0.00060575)), (2, (6, 0.000577551, 8.3683e-5, 0.000661607)), (1, (7, 0.000200018, 9.7616e-5, 0.000297926))]), (4336, 10, 0.001206205, [(2, (0, 0.000936794, 4.0968e-5, 0.000978239)), (2, (1, 0.000939931, 0.00016661, 0.001107023)), (1, (2, 0.000335274, 0.000100523, 0.000436114)), (1, (3, 0.000867426, 0.000266598, 0.001134289)), (1, (4, 0.000266389, 6.1214e-5, 0.000328001)), (1, (5, 0.000215035, 0.000252239, 0.000467548)), (1, (6, 0.000458789, 0.000217922, 0.000677113)), (1, (7, 0.000420477, 0.000243062, 0.000663849))]), (4352, 14, 0.000995908, [(2, (0, 0.000555129, 2.1722e-5, 0.000577125)), (2, (1, 0.00088016, 8.245e-5, 0.000962946)), (2, (2, 0.000592565, 5.8759e-5, 0.000651703)), (2, (3, 0.000534102, 0.000169049, 0.000703415)), (2, (4, 0.000845019, 3.8681e-5, 0.000884028)), (2, (5, 0.000758207, 0.000110915, 0.000869399)), (1, (6, 0.000223931, 9.4902e-5, 0.000319093)), (1, (7, 0.000279167, 0.000180455, 0.000459902))]), (4368, 8, 0.00080609, [(1, (0, 0.000782473, 2.1349e-5, 0.0008041)), (1, (1, 0.000626383, 6.7443e-5, 0.00069423)), (1, (2, 0.000353608, 5.1167e-5, 0.000405032)), (1, (3, 0.000287376, 0.000138488, 0.000426084)), (1, (4, 0.000254708, 4.0591e-5, 0.000295573)), (1, (5, 0.000315932, 0.000101015, 0.000417332)), (1, (6, 0.000277156, 8.3928e-5, 0.000361396)), (1, (7, 0.000450536, 0.000131509, 0.000582299))]), (4384, 15, 0.001247508, [(2, (0, 0.001226742, 1.8265e-5, 0.001245301)), (2, (1, 0.000842752, 7.2073e-5, 0.000915093)), (2, (2, 0.000360601, 5.752e-5, 0.000418483)), (2, (3, 0.000347344, 0.000181868, 0.000529428)), (2, (4, 0.000331496, 3.6117e-5, 0.000367871)), (2, (5, 0.000534585, 0.000184117, 0.000719146)), (2, (6, 0.000332672, 8.8654e-5, 0.000421609)), (1, (7, 0.00017419, 0.000116399, 0.000290988))]), (4400, 16, 0.00075583, [(2, (0, 0.000541628, 1.7024e-5, 0.000558904)), (2, (1, 0.000525331, 0.000181722, 0.000707462)), (2, (2, 0.000330693, 0.00012735, 0.000458431)), (2, (3, 0.000325731, 0.000200043, 0.000525991)), (2, (4, 0.00033713, 4.1149e-5, 0.000378589)), (2, (5, 0.000321114, 0.000103762, 0.000425127)), (2, (6, 0.000314483, 6.0217e-5, 0.00037504)), (2, (7, 0.000309148, 0.000195427, 0.00050492))]), (4416, 16, 0.000624108, [(2, (0, 0.000606241, 1.5433e-5, 0.000621973)), (2, (1, 0.00040721, 7.9719e-5, 0.00048719)), (2, (2, 0.000349485, 3.2661e-5, 0.000382363)), (2, (3, 0.000357038, 6.3483e-5, 0.000420796)), (2, (4, 0.00034196, 4.7774e-5, 0.000389965)), (2, (5, 0.000344628, 0.000118684, 0.000463505)), (2, (6, 0.000366613, 9.5552e-5, 0.000462422)), (2, (7, 0.000347834, 0.000113766, 0.000461845))]), (4432, 16, 0.000590378, [(2, (0, 0.000319708, 1.488e-5, 0.000334851)), (2, (1, 0.000333429, 6.2149e-5, 0.000395816)), (2, (2, 0.00034413, 4.7206e-5, 0.000391591)), (2, (3, 0.000311365, 0.000213235, 0.000524893)), (2, (4, 0.000302801, 3.1944e-5, 0.000335012)), (2, (5, 0.000327518, 0.000110753, 0.0004385)), (2, (6, 0.000475828, 7.9213e-5, 0.000555304)), (2, (7, 0.000387813, 9.4763e-5, 0.00048278))]), (4448, 14, 0.001264805, [(2, (0, 0.000777909, 2.0453e-5, 0.000798608)), (2, (1, 0.000721207, 2.1534e-5, 0.000742996)), (2, (2, 0.000890496, 5.3487e-5, 0.000944224)), (2, (3, 0.000905518, 5.4552e-5, 0.00096031)), (2, (4, 0.00055938, 6.9747e-5, 0.000629382)), (2, (5, 0.001078865, 0.000113416, 0.001192805)), (1, (6, 0.000943781, 8.3332e-5, 0.001027349)), (1, (7, 0.000462345, 9.8348e-5, 0.000560945))]), (4464, 11, 0.001087252, [(2, (0, 0.000608792, 2.1769e-5, 0.000630863)), (2, (1, 0.000582821, 9.818e-5, 0.000681263)), (2, (2, 0.000820878, 2.8851e-5, 0.000849969)), (1, (3, 0.000899357, 0.000136196, 0.001035946)), (1, (4, 0.000791465, 8.0435e-5, 0.000872402)), (1, (5, 0.000412183, 0.000242087, 0.000654659)), (1, (6, 0.000179452, 0.000158111, 0.000337939)), (1, (7, 0.000260617, 0.000249501, 0.00051043))]), (4480, 12, 0.00125249, [(2, (0, 0.001029293, 0.000220731, 0.001250433)), (2, (1, 0.000870427, 0.000295015, 0.00116575)), (2, (2, 0.000690176, 7.1434e-5, 0.000762019)), (2, (3, 0.000966735, 0.000101564, 0.001068583)), (1, (4, 0.000306154, 2.3882e-5, 0.000330394)), (1, (5, 0.000317643, 0.000119109, 0.000437127)), (1, (6, 0.00021573, 3.7783e-5, 0.00025384)), (1, (7, 0.000221155, 8.7716e-5, 0.000309279))]), (4496, 11, 0.000948244, [(2, (0, 0.000732028, 2.6148e-5, 0.000758426)), (2, (1, 0.000549022, 0.000132894, 0.000682231)), (2, (2, 0.000816133, 0.000102229, 0.000918746)), (1, (3, 0.000423221, 0.000114996, 0.000538456)), (1, (4, 0.000272423, 4.1223e-5, 0.000313897)), (1, (5, 0.000544736, 0.000257765, 0.000802862)), (1, (6, 0.000424025, 0.000198365, 0.000626468)), (1, (7, 0.000307792, 0.000214599, 0.000522683))]), (4512, 15, 0.001388494, [(2, (0, 0.000629364, 2.692e-5, 0.000656548)), (2, (1, 0.000600406, 7.5118e-5, 0.000675754)), (2, (2, 0.000582527, 5.8276e-5, 0.000641036)), (2, (3, 0.000519156, 0.000126575, 0.000646001)), (2, (4, 0.000459775, 4.5585e-5, 0.000505606)), (2, (5, 0.001172009, 0.000156559, 0.001328848)), (2, (6, 0.001117632, 0.000142192, 0.001260151)), (1, (7, 0.000319939, 0.000162131, 0.000482331))]), (4528, 15, 0.001103885, [(2, (0, 0.000933443, 2.2418e-5, 0.000956129)), (2, (1, 0.000963864, 0.000104838, 0.00106913)), (2, (2, 0.000449086, 5.9389e-5, 0.000508823)), (2, (3, 0.000491323, 0.000118067, 0.000609603)), (2, (4, 0.000602498, 7.3551e-5, 0.000676402)), (2, (5, 0.000753648, 0.000149747, 0.000903607)), (2, (6, 0.000464306, 0.000131557, 0.000596111)), (1, (7, 0.000337441, 0.000191856, 0.000530092))]), (4544, 12, 0.001128532, [(2, (0, 0.000802767, 1.9885e-5, 0.000822947)), (2, (1, 0.000973603, 0.000125169, 0.001099013)), (2, (2, 0.001006888, 9.7104e-5, 0.001104306)), (2, (3, 0.00070327, 0.000147467, 0.00085103)), (1, (4, 0.000588274, 3.754e-5, 0.000626112)), (1, (5, 0.000462937, 0.000227783, 0.000691107)), (1, (6, 0.000423954, 0.000110373, 0.000534671)), (1, (7, 0.000277386, 0.000227637, 0.000505288))]), (4560, 13, 0.000932305, [(2, (0, 0.00075348, 1.5841e-5, 0.000769585)), (2, (1, 0.000588838, 7.9147e-5, 0.000668227)), (2, (2, 0.000559217, 7.2453e-5, 0.00063199)), (2, (3, 0.000539686, 0.00011283, 0.000652768)), (2, (4, 0.000849133, 5.327e-5, 0.000902657)), (1, (5, 0.000335502, 0.000120329, 0.000456074)), (1, (6, 0.00017604, 9.3139e-5, 0.000269402)), (1, (7, 0.000324511, 0.000108682, 0.000434119))]), (4576, 13, 0.002694461, [(2, (0, 0.001479762, 1.9951e-5, 0.001500043)), (2, (1, 0.000549356, 6.7282e-5, 0.00061686)), (2, (2, 0.00092417, 5.9511e-5, 0.000984629)), (2, (3, 0.001119075, 0.000138592, 0.001257914)), (2, (4, 0.002616823, 3.8924e-5, 0.002656172)), (1, (5, 0.000901098, 0.000133374, 0.001034745)), (1, (6, 0.000611855, 8.9361e-5, 0.000701495)), (1, (7, 0.000320444, 0.000104421, 0.000425114))]), (4592, 15, 0.002762328, [(2, (0, 0.000866617, 3.191e-5, 0.000898878)), (2, (1, 0.000975017, 9.2502e-5, 0.001067897)), (2, (2, 0.000796633, 7.0306e-5, 0.000867288)), (2, (3, 0.002566377, 0.000141697, 0.0027085)), (2, (4, 0.000891006, 5.9507e-5, 0.000950893)), (2, (5, 0.000725091, 0.000124512, 0.000849927)), (2, (6, 0.001028137, 0.000109402, 0.001137909)), (1, (7, 0.000209986, 0.000149447, 0.000359693))]), (4608, 15, 0.001130366, [(2, (0, 0.000697674, 2.0653e-5, 0.000718595)), (2, (1, 0.000642873, 0.000167911, 0.000811037)), (2, (2, 0.000631108, 0.000104442, 0.000735897)), (2, (3, 0.000911431, 0.000164839, 0.001076724)), (2, (4, 0.000867385, 4.087e-5, 0.000908664)), (2, (5, 0.000633587, 7.0842e-5, 0.00070473)), (2, (6, 0.000615039, 5.256e-5, 0.000668156)), (1, (7, 0.000332201, 8.5057e-5, 0.000417489))]), (4624, 16, 0.001084476, [(2, (0, 0.001059358, 2.2697e-5, 0.001082327)), (2, (1, 0.000581188, 8.2176e-5, 0.00066364)), (2, (2, 0.000631131, 4.346e-5, 0.000674935)), (2, (3, 0.000420808, 0.000100725, 0.000521891)), (2, (4, 0.0006257, 6.462e-5, 0.000690665)), (2, (5, 0.000632301, 0.000150032, 0.000782566)), (2, (6, 0.000499682, 0.000120455, 0.000620379)), (2, (7, 0.000639251, 0.000172016, 0.000811627))]), (4640, 13, 0.001073958, [(2, (0, 0.000840241, 2.5748e-5, 0.000866354)), (2, (1, 0.000758266, 0.000111284, 0.000869817)), (2, (2, 0.000724133, 6.4243e-5, 0.000788759)), (2, (3, 0.00079977, 0.00020931, 0.001009337)), (2, (4, 0.000624456, 4.3342e-5, 0.000668144)), (1, (5, 0.000201663, 0.000167458, 0.000369341)), (1, (6, 0.000555141, 0.000105722, 0.000661743)), (1, (7, 0.000575518, 0.000211286, 0.000787449))]), (4656, 15, 0.001178443, [(2, (0, 0.000653396, 5.8197e-5, 0.000711812)), (2, (1, 0.000569411, 0.0001098, 0.000679554)), (2, (2, 0.000569428, 4.3725e-5, 0.000613445)), (2, (3, 0.000407529, 7.5315e-5, 0.000483108)), (2, (4, 0.00054263, 2.6886e-5, 0.000569782)), (2, (5, 0.000599408, 0.000140275, 0.000743365)), (2, (6, 0.000576696, 0.000123818, 0.000700827)), (1, (7, 0.000857469, 0.000171423, 0.001029325))]), (4672, 13, 0.001329864, [(2, (0, 0.001210914, 2.0889e-5, 0.001232084)), (2, (1, 0.001228504, 6.87e-5, 0.001297506)), (2, (2, 0.000630334, 5.4301e-5, 0.000684909)), (2, (3, 0.000627646, 0.00014203, 0.000769996)), (2, (4, 0.000955826, 4.0158e-5, 0.000996259)), (1, (5, 0.000199956, 0.000163792, 0.000364051)), (1, (6, 0.000453275, 0.000128344, 0.000581906)), (1, (7, 0.00024007, 0.000159036, 0.000399396))]), (4688, 15, 0.001556315, [(2, (0, 0.000680116, 2.6804e-5, 0.000707168)), (2, (1, 0.000821051, 4.2212e-5, 0.000863481)), (2, (2, 0.000676951, 3.0534e-5, 0.000708958)), (2, (3, 0.000760543, 9.4518e-5, 0.000855779)), (2, (4, 0.000638746, 4.5039e-5, 0.000684034)), (2, (5, 0.00140943, 8.3731e-5, 0.001493612)), (2, (6, 0.000421356, 6.2809e-5, 0.000484456)), (1, (7, 0.000422442, 0.00010691, 0.000530191))]), (4704, 12, 0.00086017, [(2, (0, 0.000641388, 2.2023e-5, 0.000663691)), (2, (1, 0.000721616, 0.000103171, 0.00082526)), (2, (2, 0.000803714, 4.2703e-5, 0.000846725)), (2, (3, 0.000493615, 9.0736e-5, 0.000584716)), (1, (4, 0.000334714, 7.5145e-5, 0.000410188)), (1, (5, 0.000284005, 0.000211715, 0.000495956)), (1, (6, 0.000356085, 0.000133533, 0.00048996)), (1, (7, 0.000346027, 0.000224545, 0.00057084))]), (4720, 11, 0.001256158, [(2, (0, 0.000859293, 2.1196e-5, 0.000880767)), (2, (1, 0.001119828, 0.000106106, 0.001226256)), (2, (2, 0.001156761, 4.0475e-5, 0.001197553)), (1, (3, 0.000492213, 9.0696e-5, 0.000583175)), (1, (4, 0.000459921, 5.4487e-5, 0.000514649)), (1, (5, 0.000229616, 0.000164562, 0.000395137)), (1, (6, 0.000626101, 7.4358e-5, 0.000700795)), (1, (7, 0.000789352, 0.000123909, 0.000913492))]), (4736, 16, 0.001063117, [(2, (0, 0.000500227, 1.8616e-5, 0.00051909)), (2, (1, 0.000674859, 0.000115593, 0.000790718)), (2, (2, 0.000461143, 5.3525e-5, 0.000514922)), (2, (3, 0.00047269, 0.000137845, 0.000610814)), (2, (4, 0.000690872, 3.5963e-5, 0.000727144)), (2, (5, 0.000534105, 0.000212679, 0.00074705)), (2, (6, 0.000472734, 0.000196615, 0.000669587)), (2, (7, 0.000734341, 0.000220316, 0.000954922))]), (4752, 12, 0.001170576, [(2, (0, 0.000732479, 2.4018e-5, 0.000756762)), (2, (1, 0.000855539, 0.00014367, 0.000999458)), (2, (2, 0.000754345, 7.2193e-5, 0.000826786)), (2, (3, 0.000990688, 0.000126944, 0.001117867)), (1, (4, 0.000666546, 4.3926e-5, 0.000710904)), (1, (5, 0.000496977, 0.000159262, 0.000656478)), (1, (6, 0.000227623, 5.8278e-5, 0.000286163)), (1, (7, 0.000506547, 0.000166675, 0.000673462))]), (4768, 14, 0.00176593, [(2, (0, 0.000691915, 2.2924e-5, 0.000715122)), (2, (1, 0.000728757, 0.000123421, 0.000852491)), (2, (2, 0.000820297, 4.3213e-5, 0.000863881)), (2, (3, 0.000952884, 8.0161e-5, 0.001033353)), (2, (4, 0.000614514, 5.7688e-5, 0.000672434)), (2, (5, 0.001520206, 0.00018907, 0.001710134)), (1, (6, 0.000378392, 0.000111493, 0.000490309)), (1, (7, 0.000771056, 0.000143255, 0.000914569))]), (4784, 9, 0.001445253, [(2, (0, 0.001405457, 3.7822e-5, 0.001443508)), (1, (1, 0.000455116, 4.7464e-5, 0.00050283)), (1, (2, 0.000665071, 7.2492e-5, 0.00073788)), (1, (3, 0.00026284, 8.8387e-5, 0.000351472)), (1, (4, 0.000327012, 5.6617e-5, 0.000383953)), (1, (5, 0.000358022, 0.0001137, 0.000471995)), (1, (6, 0.000774103, 9.6382e-5, 0.00087074)), (1, (7, 0.000220778, 0.00010699, 0.000327964))]), (4800, 13, 0.001166303, [(2, (0, 0.000946256, 2.4017e-5, 0.000970561)), (2, (1, 0.00083181, 8.4533e-5, 0.000916679)), (2, (2, 0.001023732, 6.1484e-5, 0.001085495)), (2, (3, 0.001003278, 0.000109352, 0.001113024)), (2, (4, 0.000655491, 4.3193e-5, 0.000698918)), (1, (5, 0.000643201, 0.0001863, 0.000829962)), (1, (6, 0.000433413, 0.000125862, 0.000559507)), (1, (7, 0.00026648, 0.00016294, 0.000429682))]), (4816, 14, 0.001099379, [(2, (0, 0.000570999, 1.946e-5, 0.000590774)), (2, (1, 0.000464088, 7.1469e-5, 0.000535893)), (2, (2, 0.000612771, 5.6485e-5, 0.000669645)), (2, (3, 0.000914564, 0.000126896, 0.001041699)), (2, (4, 0.00063423, 4.002e-5, 0.000674541)), (2, (5, 0.000567314, 0.000120233, 0.000687837)), (1, (6, 0.000253938, 8.4993e-5, 0.00033915)), (1, (7, 0.000363159, 0.000103343, 0.000466744))]), (4832, 13, 0.001308102, [(2, (0, 0.000568245, 2.2183e-5, 0.000590654)), (2, (1, 0.000431709, 5.3871e-5, 0.000485827)), (2, (2, 0.001234021, 3.9773e-5, 0.001274114)), (2, (3, 0.000849362, 7.0793e-5, 0.000920391)), (2, (4, 0.000717237, 9.848e-5, 0.000815992)), (1, (5, 0.000511924, 9.8905e-5, 0.000611066)), (1, (6, 0.000485887, 9.9133e-5, 0.000585263)), (1, (7, 0.000230518, 0.000171271, 0.000402053))]), (4848, 14, 0.000948354, [(2, (0, 0.00092408, 1.8689e-5, 0.000943013)), (2, (1, 0.000617205, 0.000107789, 0.000725222)), (2, (2, 0.000504975, 5.5366e-5, 0.000560684)), (2, (3, 0.000646195, 0.000167846, 0.000814263)), (2, (4, 0.000470809, 3.6915e-5, 0.000507978)), (2, (5, 0.000496086, 0.000148868, 0.00064517)), (1, (6, 0.000360794, 7.2642e-5, 0.000433701)), (1, (7, 0.000613591, 0.000211883, 0.00082584))]), (4864, 15, 0.001064071, [(2, (0, 0.000479786, 2.6189e-5, 0.00050624)), (2, (1, 0.000492525, 9.649e-5, 0.00058937)), (2, (2, 0.000874957, 4.2465e-5, 0.000917675)), (2, (3, 0.000898833, 0.000108897, 0.001007972)), (2, (4, 0.000934162, 4.2181e-5, 0.000976587)), (2, (5, 0.000495511, 0.00019699, 0.000692827)), (2, (6, 0.000506663, 5.9011e-5, 0.000565983)), (1, (7, 0.000422333, 0.000171715, 0.000594556))]), (4880, 13, 0.000952973, [(2, (0, 0.000669849, 2.2225e-5, 0.000692308)), (2, (1, 0.000790365, 7.394e-5, 0.000864519)), (2, (2, 0.000776728, 5.9248e-5, 0.00083621)), (2, (3, 0.000718756, 0.000125678, 0.000844702)), (2, (4, 0.000840949, 3.6747e-5, 0.000877939)), (1, (5, 0.000466189, 0.000108714, 0.000575182)), (1, (6, 0.000440794, 9.2829e-5, 0.000533846)), (1, (7, 0.000689617, 0.000180407, 0.00087051))]), (4896, 13, 0.001163572, [(2, (0, 0.000772463, 2.3286e-5, 0.000795976)), (2, (1, 0.00069739, 2.6108e-5, 0.000723727)), (2, (2, 0.000605101, 5.3113e-5, 0.000658458)), (2, (3, 0.000751941, 5.4296e-5, 0.000806471)), (2, (4, 0.001044271, 9.0407e-5, 0.001134946)), (1, (5, 0.000859794, 9.7027e-5, 0.00095705)), (1, (6, 0.000494417, 9.0879e-5, 0.000585536)), (1, (7, 0.000418234, 0.000105875, 0.000524347))]), (4912, 13, 0.001175458, [(2, (0, 0.000704931, 2.1056e-5, 0.000726253)), (2, (1, 0.001105978, 3.7553e-5, 0.001143798)), (2, (2, 0.000394713, 5.5264e-5, 0.000450286)), (2, (3, 0.00092672, 0.000114873, 0.001041877)), (2, (4, 0.00061589, 0.00016799, 0.000784228)), (1, (5, 0.000399564, 0.000451264, 0.000851027)), (1, (6, 0.000364419, 0.000182895, 0.000547562)), (1, (7, 0.000333824, 0.000189246, 0.000523339))]), (4928, 14, 0.001398494, [(2, (0, 0.000563894, 2.1157e-5, 0.000585336)), (2, (1, 0.000342221, 0.000114213, 0.000456696)), (2, (2, 0.000981953, 5.4853e-5, 0.001037022)), (2, (3, 0.000783242, 0.000168831, 0.000952301)), (2, (4, 0.001330541, 3.8729e-5, 0.001369526)), (2, (5, 0.000974867, 0.000201648, 0.001176768)), (1, (6, 0.000326319, 0.000187959, 0.00051461)), (1, (7, 0.00083605, 0.000269214, 0.001105698))]), (4944, 14, 0.001419169, [(2, (0, 0.001177742, 2.0285e-5, 0.001198395)), (2, (1, 0.001164873, 0.00012646, 0.001291581)), (2, (2, 0.000979414, 6.7387e-5, 0.001047001)), (2, (3, 0.000727364, 0.00029542, 0.001023193)), (2, (4, 0.000708435, 3.5456e-5, 0.000744113)), (2, (5, 0.001134809, 0.000236388, 0.001371479)), (1, (6, 0.000565852, 5.0241e-5, 0.000616301)), (1, (7, 0.00063721, 0.000182273, 0.000819687))]), (4960, 14, 0.001184091, [(2, (0, 0.000519646, 1.5513e-5, 0.000535429)), (2, (1, 0.000566857, 6.4053e-5, 0.000631159)), (2, (2, 0.000463235, 4.7405e-5, 0.000510874)), (2, (3, 0.000965302, 0.000159286, 0.00112499)), (2, (4, 0.000633661, 3.1538e-5, 0.000665601)), (2, (5, 0.00081909, 0.00015139, 0.000970784)), (1, (6, 0.000214241, 0.000113557, 0.000328036)), (1, (7, 0.000234087, 0.000158666, 0.000392982))]), (4976, 15, 0.001376543, [(2, (0, 0.000542613, 2.0246e-5, 0.000563094)), (2, (1, 0.000637591, 6.8552e-5, 0.00070637)), (2, (2, 0.000484074, 5.3583e-5, 0.000537895)), (2, (3, 0.000877036, 0.000137945, 0.001015201)), (2, (4, 0.000480381, 3.8847e-5, 0.000519545)), (2, (5, 0.000584189, 0.000133835, 0.000718425)), (2, (6, 0.001232162, 9.9119e-5, 0.001331567)), (1, (7, 0.000594123, 0.00010996, 0.000704308))]), (4992, 16, 0.001389158, [(2, (0, 0.00079353, 1.6526e-5, 0.000810304)), (2, (1, 0.000492428, 2.3725e-5, 0.00051638)), (2, (2, 0.00086082, 8.3079e-5, 0.0009441)), (2, (3, 0.001167079, 0.000126003, 0.001293361)), (2, (4, 0.000390474, 3.9522e-5, 0.000430214)), (2, (5, 0.000687592, 6.9239e-5, 0.000757056)), (2, (6, 0.001142632, 5.1849e-5, 0.001194701)), (2, (7, 0.000533341, 0.000133017, 0.000666666))]), (5008, 16, 0.001183838, [(2, (0, 0.000718792, 9.608e-6, 0.000728577)), (2, (1, 0.000706381, 9.5963e-5, 0.000802594)), (2, (2, 0.000886185, 7.8181e-5, 0.000964623)), (2, (3, 0.000657575, 0.00012771, 0.000785564)), (2, (4, 0.000905012, 5.2807e-5, 0.000958077)), (2, (5, 0.00066081, 0.00013536, 0.000796402)), (2, (6, 0.001037237, 6.5372e-5, 0.001102876)), (2, (7, 0.00080939, 0.000113491, 0.000923109))]), (5024, 15, 0.00092263, [(2, (0, 0.000743292, 2.0273e-5, 0.000763821)), (2, (1, 0.000803078, 9.2431e-5, 0.000895759)), (2, (2, 0.00055655, 8.093e-5, 0.000637913)), (2, (3, 0.000511727, 0.000137779, 0.000649828)), (2, (4, 0.000491941, 3.9277e-5, 0.000531619)), (2, (5, 0.000731305, 0.000106541, 0.000838103)), (2, (6, 0.000483324, 5.5154e-5, 0.000538721)), (1, (7, 0.000260206, 0.000123786, 0.000384249))]), (5040, 14, 0.001127012, [(2, (0, 0.000623711, 2.2386e-5, 0.00064638)), (2, (1, 0.000735784, 9.1568e-5, 0.000827611)), (2, (2, 0.00070625, 7.3042e-5, 0.000779538)), (2, (3, 0.000712423, 0.000130398, 0.000843128)), (2, (4, 0.000716322, 4.1733e-5, 0.000758319)), (2, (5, 0.000984267, 0.000103136, 0.001087611)), (1, (6, 0.000471631, 5.767e-5, 0.000529566)), (1, (7, 0.000357654, 0.000124356, 0.00048224))]), (5056, 14, 0.001152306, [(2, (0, 0.001036056, 1.8698e-5, 0.001055019)), (2, (1, 0.000583516, 6.4251e-5, 0.000647975)), (2, (2, 0.000885054, 4.9989e-5, 0.000935286)), (2, (3, 0.000597434, 0.0001752, 0.000772887)), (2, (4, 0.00079672, 3.4566e-5, 0.000831492)), (2, (5, 0.001003646, 9.6627e-5, 0.001100498)), (1, (6, 0.000542755, 8.0996e-5, 0.000623976)), (1, (7, 0.000567522, 0.000112884, 0.000680681))]), (5072, 16, 0.001009334, [(2, (0, 0.000836891, 2.2249e-5, 0.000859455)), (2, (1, 0.000450446, 9.2033e-5, 0.000542864)), (2, (2, 0.00092383, 5.9307e-5, 0.000983361)), (2, (3, 0.000385949, 0.000185497, 0.000571737)), (2, (4, 0.000343899, 4.6788e-5, 0.000390979)), (2, (5, 0.000374138, 0.000124051, 0.000498446)), (2, (6, 0.000802674, 0.000111155, 0.000914256)), (2, (7, 0.000376984, 0.000392135, 0.000769255))]), (5088, 15, 0.000882044, [(2, (0, 0.000577529, 1.6653e-5, 0.000594411)), (2, (1, 0.000392938, 5.1294e-5, 0.000444552)), (2, (2, 0.000418055, 3.844e-5, 0.000456726)), (2, (3, 0.000763345, 6.6628e-5, 0.000830248)), (2, (4, 0.000527272, 3.0189e-5, 0.000557763)), (2, (5, 0.000584205, 0.000100124, 0.00068457)), (2, (6, 0.000431503, 8.4524e-5, 0.000516287)), (1, (7, 0.000394449, 0.000108357, 0.00050311))]), (5104, 11, 0.000756561, [(2, (0, 0.000734425, 2.0281e-5, 0.000754963)), (2, (1, 0.000394557, 0.000109759, 0.00050455)), (2, (2, 0.000580299, 9.4345e-5, 0.000674922)), (1, (3, 0.000474562, 0.00020406, 0.000678917)), (1, (4, 0.000476653, 3.7212e-5, 0.000514102)), (1, (5, 0.000469059, 0.00018754, 0.000656868)), (1, (6, 0.000550448, 0.000126823, 0.000677517)), (1, (7, 0.000197493, 0.000210448, 0.000408145))]), (5120, 16, 0.000820244, [(2, (0, 0.000572851, 1.3383e-5, 0.000586468)), (2, (1, 0.000662316, 6.3239e-5, 0.00072582)), (2, (2, 0.000445664, 4.9236e-5, 0.00049515)), (2, (3, 0.000397711, 0.000109622, 0.000507553)), (2, (4, 0.000462754, 3.2194e-5, 0.000495183)), (2, (5, 0.000622484, 9.6454e-5, 0.000719183)), (2, (6, 0.000708639, 8.0225e-5, 0.000789153)), (2, (7, 0.000561592, 0.000158649, 0.000721089))]), (5136, 14, 0.001295221, [(2, (0, 0.000628891, 1.9918e-5, 0.000649091)), (2, (1, 0.000725532, 7.1545e-5, 0.000797338)), (2, (2, 0.000386117, 5.6792e-5, 0.000443142)), (2, (3, 0.000689767, 0.000124804, 0.000814814)), (2, (4, 0.000663221, 4.0821e-5, 0.000704269)), (2, (5, 0.000583281, 0.000117443, 0.000700956)), (1, (6, 0.001142552, 8.884e-5, 0.001231671)), (1, (7, 0.001016192, 0.000103582, 0.001120057))]), (5152, 14, 0.00112409, [(2, (0, 0.000858313, 2.2503e-5, 0.00088107)), (2, (1, 0.000504427, 0.00011727, 0.000621991)), (2, (2, 0.000502154, 6.0937e-5, 0.00056347)), (2, (3, 0.00088045, 0.000139509, 0.001020248)), (2, (4, 0.000653113, 4.3815e-5, 0.000697131)), (2, (5, 0.00087024, 9.9661e-5, 0.000970295)), (1, (6, 0.000525971, 7.6289e-5, 0.00060302)), (1, (7, 0.000246466, 0.000144601, 0.00039136))]), (5168, 15, 0.001167567, [(2, (0, 0.000708572, 2.0387e-5, 0.000729225)), (2, (1, 0.00093509, 0.000107377, 0.001042716)), (2, (2, 0.000584965, 5.0945e-5, 0.000636171)), (2, (3, 0.000835757, 0.000158026, 0.000994093)), (2, (4, 0.000558064, 3.6459e-5, 0.000594755)), (2, (5, 0.000800233, 0.000141867, 0.000942363)), (2, (6, 0.00099732, 0.000125231, 0.001122831)), (1, (7, 0.000500587, 0.000164172, 0.000665012))]), (5184, 12, 0.000575255, [(2, (0, 0.000552013, 2.153e-5, 0.00057383)), (2, (1, 0.000404036, 8.8793e-5, 0.000493073)), (2, (2, 0.00046593, 7.1932e-5, 0.000538193)), (2, (3, 0.000412784, 0.000127791, 0.000540838)), (1, (4, 0.000335792, 3.8478e-5, 0.000374486)), (1, (5, 0.000226798, 0.000102973, 0.000329979)), (1, (6, 0.000227637, 5.5265e-5, 0.000283163)), (1, (7, 0.000214569, 0.000121593, 0.000336444))]), (5200, 14, 0.001166689, [(2, (0, 0.000498641, 2.1121e-5, 0.00052)), (2, (1, 0.000689144, 0.000175104, 0.000864645)), (2, (2, 0.000424885, 5.6697e-5, 0.000481878)), (2, (3, 0.00073217, 0.000272375, 0.001004884)), (2, (4, 0.000686101, 4.0284e-5, 0.000726633)), (2, (5, 0.000753957, 0.000361187, 0.00111542)), (1, (6, 0.000897053, 7.3847e-5, 0.000971415)), (1, (7, 0.000538709, 0.000369358, 0.000908369))]), (5216, 15, 0.000816989, [(2, (0, 0.000376206, 1.8318e-5, 0.00039481)), (2, (1, 0.000616123, 0.000123518, 0.000740045)), (2, (2, 0.000497461, 5.3654e-5, 0.000551353)), (2, (3, 0.000691992, 6.7306e-5, 0.000759572)), (2, (4, 0.000572993, 4.2013e-5, 0.000615305)), (2, (5, 0.000615607, 0.000127201, 0.000743078)), (2, (6, 0.000436481, 8.1112e-5, 0.000517816)), (1, (7, 0.000211364, 9.8887e-5, 0.000310746))]), (5232, 12, 0.001647296, [(2, (0, 0.000919622, 2.1449e-5, 0.000941362)), (2, (1, 0.000923221, 3.9375e-5, 0.00096284)), (2, (2, 0.001557638, 5.5817e-5, 0.001613715)), (2, (3, 0.001231137, 6.9248e-5, 0.001300656)), (1, (4, 0.000546768, 0.000103424, 0.000650473)), (1, (5, 0.000340943, 0.000119141, 0.000460333)), (1, (6, 0.000636949, 0.000104116, 0.000741423)), (1, (7, 0.000255421, 0.000125246, 0.000380912))]), (5248, 15, 0.000770622, [(2, (0, 0.000533662, 3.6208e-5, 0.00057015)), (2, (1, 0.000680157, 4.921e-5, 0.000729693)), (2, (2, 0.000331551, 0.000120135, 0.00045194)), (2, (3, 0.00048848, 0.000125262, 0.000613983)), (2, (4, 0.000438552, 5.7076e-5, 0.000495859)), (2, (5, 0.000509673, 0.000132524, 0.000642449)), (2, (6, 0.00054423, 0.000109291, 0.000653767)), (1, (7, 0.000187022, 0.000128926, 0.000316212))]), (5264, 16, 0.00082451, [(2, (0, 0.00045353, 1.6265e-5, 0.00047004)), (2, (1, 0.000734455, 5.2429e-5, 0.000787425)), (2, (2, 0.000583601, 3.3206e-5, 0.000617073)), (2, (3, 0.000490646, 0.000225191, 0.000716127)), (2, (4, 0.000376129, 3.0543e-5, 0.000406984)), (2, (5, 0.000443496, 0.00013508, 0.000578851)), (2, (6, 0.000540599, 6.8255e-5, 0.000609073)), (2, (7, 0.000438223, 0.000228242, 0.000666697))]), (5280, 16, 0.001170642, [(2, (0, 0.000546639, 2.0079e-5, 0.000566968)), (2, (1, 0.000409942, 6.7769e-5, 0.000477942)), (2, (2, 0.000603608, 3.4904e-5, 0.000638732)), (2, (3, 0.000520879, 8.3973e-5, 0.000605083)), (2, (4, 0.000655822, 5.4146e-5, 0.000710271)), (2, (5, 0.000963651, 0.000154781, 0.001118754)), (2, (6, 0.000511784, 0.000140652, 0.000652705)), (2, (7, 0.000545414, 0.000198412, 0.000749779))]), (5296, 11, 0.000811196, [(2, (0, 0.000488622, 1.1024e-5, 0.000499861)), (2, (1, 0.000556305, 6.1509e-5, 0.000618099)), (2, (2, 0.000736933, 4.2628e-5, 0.00077983)), (1, (3, 0.000537752, 0.000170349, 0.000708333)), (1, (4, 0.00074068, 2.3546e-5, 0.000764466)), (1, (5, 0.000232505, 0.000177993, 0.000410738)), (1, (6, 0.000235984, 0.000107785, 0.000344119)), (1, (7, 0.000451665, 0.000156924, 0.000608817))]), (5312, 14, 0.000756135, [(2, (0, 0.000680155, 1.5738e-5, 0.00069612)), (2, (1, 0.000556962, 9.5462e-5, 0.000652681)), (2, (2, 0.000452636, 4.9147e-5, 0.000502077)), (2, (3, 0.000603627, 0.000106759, 0.00071063)), (2, (4, 0.000383607, 3.2195e-5, 0.000416042)), (2, (5, 0.000501492, 7.8481e-5, 0.000580231)), (1, (6, 0.000171068, 6.2775e-5, 0.00023407)), (1, (7, 0.000185815, 0.000113762, 0.000299812))]), (5328, 16, 0.001234746, [(2, (0, 0.001216915, 1.5168e-5, 0.001232345)), (2, (1, 0.000595094, 1.7043e-5, 0.000612384)), (2, (2, 0.000582526, 0.00014822, 0.000731)), (2, (3, 0.000567131, 0.000153089, 0.000720469)), (2, (4, 0.000821868, 5.9385e-5, 0.000881479)), (2, (5, 0.000605643, 0.000133253, 0.000739131)), (2, (6, 0.001070834, 5.9603e-5, 0.001130708)), (2, (7, 0.000493153, 7.4563e-5, 0.000567979))]), (5344, 14, 0.001145813, [(2, (0, 0.000487708, 2.5507e-5, 0.000513473)), (2, (1, 0.000779108, 0.000164729, 0.000944198)), (2, (2, 0.001010901, 7.6406e-5, 0.00108777)), (2, (3, 0.000906295, 0.000199348, 0.001105957)), (2, (4, 0.000356549, 5.319e-5, 0.000409967)), (2, (5, 0.000410302, 0.000201994, 0.000612532)), (1, (6, 0.000189533, 9.5063e-5, 0.000284903)), (1, (7, 0.000339545, 0.000177071, 0.000516855))]), (5360, 16, 0.000972151, [(2, (0, 0.000633132, 5.0713e-5, 0.000684094)), (2, (1, 0.000747471, 6.8814e-5, 0.000816521)), (2, (2, 0.000711233, 3.7199e-5, 0.000748715)), (2, (3, 0.000740252, 0.000172219, 0.000913721)), (2, (4, 0.000569057, 2.4272e-5, 0.000593586)), (2, (5, 0.000651953, 0.000128102, 0.000780311)), (2, (6, 0.000642638, 8.5225e-5, 0.000728168)), (2, (7, 0.000348405, 0.000100631, 0.0004493))]), (5376, 12, 0.000765597, [(2, (0, 0.000741399, 2.192e-5, 0.000763584)), (2, (1, 0.000544671, 7.0546e-5, 0.000615448)), (2, (2, 0.000445491, 5.6189e-5, 0.00050192)), (2, (3, 0.000598705, 0.000102466, 0.00070143)), (1, (4, 0.000404214, 3.8684e-5, 0.000443165)), (1, (5, 0.000326292, 0.000120287, 0.000446837)), (1, (6, 0.000192151, 8.7362e-5, 0.000279764)), (1, (7, 0.000281268, 0.000130896, 0.000412411))]), (5392, 12, 0.001545707, [(2, (0, 0.001042699, 2.3742e-5, 0.0010667)), (2, (1, 0.001354475, 0.000155411, 0.001510161)), (2, (2, 0.001214207, 7.2497e-5, 0.001286987)), (2, (3, 0.000601413, 0.000278776, 0.000880551)), (1, (4, 0.000235728, 4.1456e-5, 0.000277429)), (1, (5, 0.000193647, 0.000170931, 0.000364838)), (1, (6, 0.000198593, 9.8712e-5, 0.000297579)), (1, (7, 0.000180696, 0.000297944, 0.000478765))]), (5408, 15, 0.001145678, [(2, (0, 0.001099942, 4.319e-5, 0.001143423)), (2, (1, 0.000874717, 0.000144173, 0.0010191)), (2, (2, 0.000664449, 6.7946e-5, 0.000732771)), (2, (3, 0.000684801, 0.00024478, 0.000929989)), (2, (4, 0.000563975, 8.3567e-5, 0.000651217)), (2, (5, 0.000420143, 0.000181136, 0.000601586)), (2, (6, 0.000383959, 0.000158589, 0.000542742)), (1, (7, 0.00024818, 0.00024814, 0.000496578))]), (5424, 15, 0.001135067, [(2, (0, 0.000635458, 2.1127e-5, 0.000656852)), (2, (1, 0.000621397, 7.1512e-5, 0.000693131)), (2, (2, 0.001050346, 5.5824e-5, 0.001106427)), (2, (3, 0.00059474, 0.000196288, 0.000791283)), (2, (4, 0.000796461, 4.0857e-5, 0.000837601)), (2, (5, 0.000597725, 0.000190335, 0.000788312)), (2, (6, 0.000490692, 0.000136376, 0.000627301)), (1, (7, 0.00031565, 0.000189588, 0.000505492))]), (5440, 16, 0.000975108, [(2, (0, 0.000449982, 1.843e-5, 0.000468698)), (2, (1, 0.000567308, 0.000124477, 0.000692066)), (2, (2, 0.000380236, 0.00011207, 0.000492549)), (2, (3, 0.000559858, 0.000143721, 0.000703883)), (2, (4, 0.000369377, 3.4805e-5, 0.000404428)), (2, (5, 0.000614472, 0.000133279, 0.000748027)), (2, (6, 0.000578256, 9.1302e-5, 0.000673265)), (2, (7, 0.000684901, 0.000176717, 0.000861863))]), (5456, 16, 0.000846109, [(2, (0, 0.000649312, 1.5459e-5, 0.000665005)), (2, (1, 0.000655696, 7.2818e-5, 0.00072888)), (2, (2, 0.000459026, 4.5587e-5, 0.0005049)), (2, (3, 0.000442539, 0.000138541, 0.000584904)), (2, (4, 0.000483774, 5.7034e-5, 0.000541234)), (2, (5, 0.000622802, 0.00017517, 0.000798479)), (2, (6, 0.000410239, 8.7699e-5, 0.00049817)), (2, (7, 0.000327488, 0.000148692, 0.000476383))]), (5472, 15, 0.000840187, [(2, (0, 0.000820995, 1.7604e-5, 0.000838884)), (2, (1, 0.000525701, 4.8905e-5, 0.000574847)), (2, (2, 0.000501315, 6.4547e-5, 0.000566762)), (2, (3, 0.00059845, 7.6095e-5, 0.000674864)), (2, (4, 0.000746628, 3.8376e-5, 0.000785273)), (2, (5, 0.00047987, 7.468e-5, 0.000554817)), (2, (6, 0.000574945, 5.3614e-5, 0.000628779)), (1, (7, 0.000260661, 6.8077e-5, 0.000328987))]), (5488, 13, 0.001007318, [(2, (0, 0.000372932, 1.9428e-5, 0.000392644)), (2, (1, 0.000847487, 0.000129842, 0.000977595)), (2, (2, 0.000639447, 5.4606e-5, 0.000694323)), (2, (3, 0.000597313, 0.000161158, 0.000758751)), (2, (4, 0.000389059, 3.7926e-5, 0.000427247)), (1, (5, 0.000364845, 0.000144189, 0.000509261)), (1, (6, 0.000604298, 0.000114904, 0.00071944)), (1, (7, 0.000432229, 0.000174398, 0.000606889))]), (5504, 15, 0.001166843, [(2, (0, 0.000756988, 1.5945e-5, 0.000773171)), (2, (1, 0.001049295, 7.8128e-5, 0.00112785)), (2, (2, 0.000982084, 6.1826e-5, 0.001044111)), (2, (3, 0.000875473, 0.000146532, 0.001022278)), (2, (4, 0.000492309, 4.6702e-5, 0.000539229)), (2, (5, 0.000660946, 0.000211798, 0.000873014)), (2, (6, 0.000406623, 0.000130217, 0.000537087)), (1, (7, 0.000600579, 0.000255412, 0.000856743))]), (5520, 16, 0.000758869, [(2, (0, 0.000413223, 1.5553e-5, 0.000429091)), (2, (1, 0.000691423, 3.5344e-5, 0.000727048)), (2, (2, 0.000561921, 0.000112086, 0.000674327)), (2, (3, 0.000515886, 0.00012479, 0.000640909)), (2, (4, 0.000363268, 5.3211e-5, 0.000416735)), (2, (5, 0.000450466, 0.000136082, 0.000586851)), (2, (6, 0.000432288, 6.7097e-5, 0.000499679)), (2, (7, 0.000399672, 8.4532e-5, 0.000484465))]), (5536, 16, 0.000880593, [(2, (0, 0.000438169, 1.5518e-5, 0.000453992)), (2, (1, 0.000524674, 7.7926e-5, 0.000602858)), (2, (2, 0.000407652, 4.5463e-5, 0.000453373)), (2, (3, 0.000372918, 0.000110274, 0.000483429)), (2, (4, 0.000819744, 3.1391e-5, 0.000851404)), (2, (5, 0.000440404, 9.3568e-5, 0.00053424)), (2, (6, 0.000536369, 5.9091e-5, 0.000595755)), (2, (7, 0.00043948, 0.000117064, 0.000556815))]), (5552, 15, 0.001225306, [(2, (0, 0.00088147, 2.0665e-5, 0.000902452)), (2, (1, 0.000776799, 6.7482e-5, 0.000844526)), (2, (2, 0.000678245, 5.4325e-5, 0.000732808)), (2, (3, 0.000620112, 0.000115755, 0.000736104)), (2, (4, 0.00056766, 3.968e-5, 0.000607581)), (2, (5, 0.001074738, 0.000101609, 0.001176596)), (2, (6, 0.000887448, 8.4228e-5, 0.000971916)), (1, (7, 0.000264262, 0.000122861, 0.000387358))]), (5568, 15, 0.00151449, [(2, (0, 0.001301878, 0.000102466, 0.001404612)), (2, (1, 0.000714637, 4.219e-5, 0.000757095)), (2, (2, 0.001259313, 0.000221594, 0.001481181)), (2, (3, 0.000671169, 0.000222149, 0.000893544)), (2, (4, 0.000529588, 2.4557e-5, 0.000554372)), (2, (5, 0.000564334, 0.000191818, 0.000756403)), (2, (6, 0.001021904, 0.000161146, 0.001183304)), (1, (7, 0.00045035, 0.000175273, 0.000625943))]), (5584, 15, 0.001619349, [(2, (0, 0.001594961, 2.1767e-5, 0.001617009)), (2, (1, 0.000657532, 7.4107e-5, 0.000731874)), (2, (2, 0.000423415, 5.9115e-5, 0.000482776)), (2, (3, 0.000587654, 0.000134856, 0.000722852)), (2, (4, 0.000787204, 4.1845e-5, 0.000829288)), (2, (5, 0.000813014, 0.000105583, 0.000918859)), (2, (6, 0.000682134, 9.1273e-5, 0.000773685)), (1, (7, 0.000544113, 0.000143216, 0.000687652))]), (5600, 16, 0.00128302, [(2, (0, 0.000788649, 3.0203e-5, 0.000819135)), (2, (1, 0.000642223, 0.000204898, 0.000847376)), (2, (2, 0.001025878, 6.6238e-5, 0.001092425)), (2, (3, 0.000762023, 0.000186841, 0.000949093)), (2, (4, 0.000518881, 4.7942e-5, 0.000567068)), (2, (5, 0.000427075, 0.000292249, 0.000719593)), (2, (6, 0.000568289, 0.000130875, 0.00069942)), (2, (7, 0.000866202, 0.000295222, 0.001161923))]), (5616, 13, 0.001239329, [(2, (0, 0.000604545, 1.0872e-5, 0.000615663)), (2, (1, 0.000413639, 0.000275493, 0.000689453)), (2, (2, 0.000585058, 7.0441e-5, 0.000655717)), (2, (3, 0.000438614, 8.1743e-5, 0.000520562)), (2, (4, 0.001004562, 7.6916e-5, 0.00108261)), (1, (5, 0.000863185, 0.000317838, 0.001181618)), (1, (6, 0.000293767, 0.000119023, 0.000413068)), (1, (7, 0.000743655, 0.00022545, 0.000969367))]), (5632, 14, 0.000907184, [(2, (0, 0.000887451, 1.727e-5, 0.000905002)), (2, (1, 0.000743895, 3.5078e-5, 0.000779262)), (2, (2, 0.000650344, 0.000103673, 0.000754416)), (2, (3, 0.000543321, 0.000119309, 0.00066286)), (2, (4, 0.000636855, 5.6335e-5, 0.000694022)), (2, (5, 0.000594149, 8.468e-5, 0.000679061)), (1, (6, 0.000514792, 7.161e-5, 0.000586648)), (1, (7, 0.000252747, 0.00019672, 0.000449712))]), (5648, 16, 0.000957156, [(2, (0, 0.000422105, 1.8847e-5, 0.000441206)), (2, (1, 0.000762027, 9.397e-5, 0.000856327)), (2, (2, 0.000858346, 7.149e-5, 0.000930076)), (2, (3, 0.000545186, 0.00017937, 0.000724803)), (2, (4, 0.000398179, 3.8622e-5, 0.000437085)), (2, (5, 0.000596316, 0.000154628, 0.000751201)), (2, (6, 0.000436704, 5.4333e-5, 0.000491324)), (2, (7, 0.000632184, 0.000173313, 0.000805728))]), (5664, 16, 0.000836607, [(2, (0, 0.0005621, 3.753e-5, 0.000599918)), (2, (1, 0.000499602, 8.077e-5, 0.000580624)), (2, (2, 0.000470685, 7.8315e-5, 0.000549226)), (2, (3, 0.000651453, 9.9753e-5, 0.000754877)), (2, (4, 0.000768978, 6.3529e-5, 0.00083274)), (2, (5, 0.000706801, 9.3417e-5, 0.000800428)), (2, (6, 0.000444113, 9.2546e-5, 0.000536931)), (2, (7, 0.000499796, 0.000102706, 0.000602763))]), (5680, 16, 0.001254821, [(2, (0, 0.000745919, 1.807e-5, 0.000764262)), (2, (1, 0.000468498, 7.6841e-5, 0.000545569)), (2, (2, 0.000469286, 7.0222e-5, 0.000539842)), (2, (3, 0.000629805, 0.000148625, 0.00077868)), (2, (4, 0.00073732, 4.7046e-5, 0.000784711)), (2, (5, 0.0005291, 0.000117384, 0.000646738)), (2, (6, 0.000846798, 0.000103463, 0.000950515)), (2, (7, 0.000819981, 0.000347227, 0.001167766))]), (5696, 14, 0.001041234, [(2, (0, 0.000709299, 2.0087e-5, 0.000729673)), (2, (1, 0.000393146, 7.3789e-5, 0.000467173)), (2, (2, 0.000945524, 6.7288e-5, 0.001013091)), (2, (3, 0.000869266, 0.00012684, 0.000997013)), (2, (4, 0.000511589, 6.0859e-5, 0.000572682)), (2, (5, 0.000487748, 6.1388e-5, 0.000549437)), (1, (6, 0.000271256, 6.0811e-5, 0.000332323)), (1, (7, 0.000684186, 7.7707e-5, 0.000762129))]), (5712, 11, 0.000877008, [(2, (0, 0.000731305, 1.8451e-5, 0.000750036)), (2, (1, 0.000644957, 0.000125953, 0.000771206)), (2, (2, 0.000789051, 5.5648e-5, 0.000845008)), (1, (3, 0.000261289, 0.00015705, 0.000418621)), (1, (4, 0.000298235, 3.6621e-5, 0.000335138)), (1, (5, 0.000455239, 0.000139697, 0.000595185)), (1, (6, 0.000302685, 0.00010802, 0.000410928)), (1, (7, 0.000196829, 0.000162693, 0.000359784))]), (5728, 15, 0.000727439, [(2, (0, 0.000352916, 4.8595e-5, 0.000401808)), (2, (1, 0.000474387, 3.9352e-5, 0.000514011)), (2, (2, 0.000370368, 0.000119658, 0.00049027)), (2, (3, 0.000561961, 0.000119874, 0.000682084)), (2, (4, 0.000681312, 1.7008e-5, 0.000698576)), (2, (5, 0.000426099, 7.8949e-5, 0.000505268)), (2, (6, 0.000415005, 6.5893e-5, 0.00048112)), (1, (7, 0.000245898, 9.8127e-5, 0.00034423))]), (5744, 15, 0.001160748, [(2, (0, 0.000348785, 8.2203e-5, 0.000431218)), (2, (1, 0.000469574, 0.000403753, 0.000873602)), (2, (2, 0.000982859, 0.000143309, 0.001126597)), (2, (3, 0.000472739, 0.000159254, 0.000632209)), (2, (4, 0.000517726, 5.0198e-5, 0.000568163)), (2, (5, 0.000448231, 0.000111292, 0.000559804)), (2, (6, 0.000429064, 6.6135e-5, 0.000495442)), (1, (7, 0.000293998, 9.4417e-5, 0.000388644))]), (5760, 16, 0.000676616, [(2, (0, 0.000514982, 2.3939e-5, 0.000539186)), (2, (1, 0.000537579, 4.8805e-5, 0.000586724)), (2, (2, 0.000434729, 2.4462e-5, 0.00045944)), (2, (3, 0.000337598, 7.5092e-5, 0.000412989)), (2, (4, 0.000346304, 5.6839e-5, 0.00040352)), (2, (5, 0.000452519, 0.00010009, 0.00055285)), (2, (6, 0.000475847, 9.1871e-5, 0.000567984)), (2, (7, 0.000502532, 9.9835e-5, 0.000603165))]), (5776, 15, 0.001226961, [(2, (0, 0.000393563, 2.0037e-5, 0.000413877)), (2, (1, 0.001131712, 6.6691e-5, 0.001198639)), (2, (2, 0.000910452, 5.283e-5, 0.000963596)), (2, (3, 0.000973848, 0.000117033, 0.001094154)), (2, (4, 0.000429764, 4.1224e-5, 0.000471267)), (2, (5, 0.000437749, 0.000112539, 0.00055049)), (2, (6, 0.000454177, 8.2731e-5, 0.000537114)), (1, (7, 0.00028091, 9.6044e-5, 0.000377238))]), (5792, 15, 0.001278656, [(2, (0, 0.00067299, 2.2337e-5, 0.000695606)), (2, (1, 0.000673, 0.000122666, 0.000795918)), (2, (2, 0.000795871, 5.4912e-5, 0.000851045)), (2, (3, 0.001112814, 7.3701e-5, 0.001186758)), (2, (4, 0.000922266, 4.1495e-5, 0.000964107)), (2, (5, 0.000781375, 0.000126383, 0.000907974)), (2, (6, 0.000729336, 9.0411e-5, 0.000819996)), (1, (7, 0.00032779, 0.000106405, 0.000434414))]), (5808, 15, 0.001978738, [(2, (0, 0.000722115, 2.2193e-5, 0.000744601)), (2, (1, 0.000818717, 0.000117036, 0.000936059)), (2, (2, 0.000717311, 9.0184e-5, 0.000807797)), (2, (3, 0.000821149, 0.000181336, 0.001002741)), (2, (4, 0.001261242, 3.5573e-5, 0.001297117)), (2, (5, 0.001228005, 0.000134436, 0.001362756)), (2, (6, 0.001834879, 5.408e-5, 0.001893873)), (1, (7, 0.000529403, 7.0587e-5, 0.000600477))]), (5824, 16, 0.001351167, [(2, (0, 0.001337116, 1.2038e-5, 0.001349426)), (2, (1, 0.001102433, 9.8655e-5, 0.001201346)), (2, (2, 0.000666189, 4.6722e-5, 0.000713174)), (2, (3, 0.000931308, 0.000169905, 0.001101507)), (2, (4, 0.000612662, 3.4669e-5, 0.000647571)), (2, (5, 0.000730608, 0.000218798, 0.000949714)), (2, (6, 0.000449194, 0.0001171, 0.000566554)), (2, (7, 0.000937934, 0.000224294, 0.001162544))]), (5840, 15, 0.001224125, [(2, (0, 0.001201393, 2.0531e-5, 0.001222221)), (2, (1, 0.001063694, 9.7249e-5, 0.001161181)), (2, (2, 0.000501664, 5.3911e-5, 0.000555845)), (2, (3, 0.00080621, 8.521e-5, 0.000891668)), (2, (4, 0.000690927, 3.8511e-5, 0.000729709)), (2, (5, 0.000770096, 0.000115996, 0.000886425)), (2, (6, 0.000716618, 6.9617e-5, 0.000786491)), (1, (7, 0.000523669, 0.00012039, 0.000644312))]), (5856, 16, 0.000959357, [(2, (0, 0.000686764, 2.2345e-5, 0.000709359)), (2, (1, 0.00044537, 8.0051e-5, 0.000525819)), (2, (2, 0.000610412, 5.6629e-5, 0.000667291)), (2, (3, 0.000556655, 0.000137363, 0.000694309)), (2, (4, 0.000903457, 4.231e-5, 0.000946009)), (2, (5, 0.000760238, 0.000109081, 0.000869541)), (2, (6, 0.00066053, 9.9182e-5, 0.000760034)), (2, (7, 0.000742746, 0.000141702, 0.000884701))]), (5872, 15, 0.00091304, [(2, (0, 0.000818609, 1.9266e-5, 0.000838174)), (2, (1, 0.00058072, 0.000111802, 0.000692743)), (2, (2, 0.000797324, 4.7671e-5, 0.000845233)), (2, (3, 0.0005319, 7.7809e-5, 0.000609939)), (2, (4, 0.000851404, 3.3974e-5, 0.000885637)), (2, (5, 0.000750596, 0.000130916, 0.000881782)), (2, (6, 0.000467382, 6.3833e-5, 0.000531454)), (1, (7, 0.000288718, 9.4329e-5, 0.000383338))]), (5888, 15, 0.00066993, [(2, (0, 0.00038337, 1.7271e-5, 0.000400919)), (2, (1, 0.00041185, 0.000118218, 0.000530303)), (2, (2, 0.000448981, 7.4063e-5, 0.000523252)), (2, (3, 0.000426148, 0.000198021, 0.000624455)), (2, (4, 0.000406554, 3.716e-5, 0.000444063)), (2, (5, 0.000510337, 0.000105175, 0.000615759)), (2, (6, 0.00046539, 6.058e-5, 0.000526204)), (1, (7, 0.000162398, 9.0459e-5, 0.000253085))]), (5904, 16, 0.000799607, [(2, (0, 0.000782948, 1.4317e-5, 0.000797519)), (2, (1, 0.000725429, 1.6478e-5, 0.000742198)), (2, (2, 0.000534895, 9.0826e-5, 0.000625965)), (2, (3, 0.000607168, 0.000131846, 0.000739242)), (2, (4, 0.00044496, 9.8067e-5, 0.000543282)), (2, (5, 0.000401825, 0.000121314, 0.000523381)), (2, (6, 0.000304991, 0.000113862, 0.00041909)), (2, (7, 0.000511738, 0.000165714, 0.000677678))]), (5920, 16, 0.000884864, [(2, (0, 0.00063265, 2.113e-5, 0.00065407)), (2, (1, 0.000737567, 3.8475e-5, 0.000776293)), (2, (2, 0.000789913, 7.9662e-5, 0.000869804)), (2, (3, 0.000533068, 8.6286e-5, 0.000619649)), (2, (4, 0.000290272, 0.000499777, 0.000790381)), (2, (5, 0.000401529, 0.000388942, 0.000790841)), (2, (6, 0.000357026, 9.7349e-5, 0.000454625)), (2, (7, 0.00058136, 0.000267102, 0.000848866))]), (5936, 16, 0.000729874, [(2, (0, 0.000418656, 5.1039e-5, 0.00046992)), (2, (1, 0.000477626, 9.5694e-5, 0.000573561)), (2, (2, 0.000585233, 6.9851e-5, 0.000655351)), (2, (3, 0.000457367, 8.8227e-5, 0.000546022)), (2, (4, 0.000589731, 1.6786e-5, 0.000606775)), (2, (5, 0.000668701, 1.7453e-5, 0.000686374)), (2, (6, 0.00047653, 1.7557e-5, 0.000494382)), (2, (7, 0.0005619, 1.8472e-5, 0.000580689))]), (5952, 14, 0.00118528, [(2, (0, 0.000358669, 1.0172e-5, 0.000369049)), (2, (1, 0.000449218, 6.8812e-5, 0.000518275)), (2, (2, 0.000560162, 2.2885e-5, 0.000583331)), (2, (3, 0.000599234, 8.4222e-5, 0.000683731)), (2, (4, 0.001119311, 3.7879e-5, 0.001157506)), (2, (5, 0.000956779, 0.000107387, 0.001064423)), (1, (6, 0.000188307, 5.312e-5, 0.000241663)), (1, (7, 0.000274283, 0.000101206, 0.000375714))]), (5968, 15, 0.001087531, [(2, (0, 0.000752959, 1.8782e-5, 0.000772064)), (2, (1, 0.000911625, 0.000142051, 0.001054085)), (2, (2, 0.000910733, 8.6918e-5, 0.000997875)), (2, (3, 0.000788621, 0.000119516, 0.000908392)), (2, (4, 0.000680808, 4.2047e-5, 0.000723144)), (2, (5, 0.000436808, 0.000114468, 0.000551632)), (2, (6, 0.000619391, 0.000105136, 0.000724751)), (1, (7, 0.000523072, 0.000110846, 0.000634164))]), (5984, 16, 0.001356623, [(2, (0, 0.000546177, 7.6749e-5, 0.00062318)), (2, (1, 0.000613588, 0.000154043, 0.00076788)), (2, (2, 0.000465175, 0.000146012, 0.000611835)), (2, (3, 0.000355442, 0.000305282, 0.000661002)), (2, (4, 0.000998079, 9.2127e-5, 0.00109047)), (2, (5, 0.000507315, 0.000196816, 0.000704729)), (2, (6, 0.000739868, 0.000110453, 0.000850718)), (2, (7, 0.000946901, 0.000301223, 0.001248463))]), (6000, 16, 0.000993746, [(2, (0, 0.000506331, 1.7309e-5, 0.000523893)), (2, (1, 0.000493608, 0.000111418, 0.000605323)), (2, (2, 0.000908223, 4.7031e-5, 0.000955548)), (2, (3, 0.000581747, 0.000169646, 0.000751722)), (2, (4, 0.000537472, 3.3993e-5, 0.000571887)), (2, (5, 0.000787738, 0.000142222, 0.000930241)), (2, (6, 0.000418244, 0.000128086, 0.000546546)), (2, (7, 0.000504846, 0.000160045, 0.000665145))]), (6016, 16, 0.000809723, [(2, (0, 0.000510843, 1.6424e-5, 0.000527552)), (2, (1, 0.00063079, 0.000113376, 0.000744412)), (2, (2, 0.000573791, 5.3966e-5, 0.00062804)), (2, (3, 0.000604746, 0.000157997, 0.000762949)), (2, (4, 0.000669493, 4.1502e-5, 0.000711278)), (2, (5, 0.000622076, 0.000143202, 0.000765526)), (2, (6, 0.00050914, 0.000130392, 0.000639826)), (2, (7, 0.000543652, 0.00016757, 0.000711519))]), (6032, 16, 0.000733237, [(2, (0, 0.000344735, 1.5451e-5, 0.00036043)), (2, (1, 0.000543462, 3.0311e-5, 0.000573995)), (2, (2, 0.000613588, 8.9509e-5, 0.000703363)), (2, (3, 0.000387284, 0.000113553, 0.000501088)), (2, (4, 0.000595812, 4.586e-5, 0.000641929)), (2, (5, 0.000487537, 0.000107863, 0.00059564)), (2, (6, 0.000440453, 5.9317e-5, 0.00050004)), (2, (7, 0.000346251, 7.2146e-5, 0.000418628))]), (6048, 14, 0.000925117, [(2, (0, 0.000778877, 1.8907e-5, 0.000798041)), (2, (1, 0.000779076, 3.8236e-5, 0.000817842)), (2, (2, 0.000510558, 0.000216481, 0.000727336)), (2, (3, 0.000619673, 0.000256526, 0.000876373)), (2, (4, 0.000497448, 6.3009e-5, 0.000560832)), (2, (5, 0.000498787, 0.000263005, 0.000762033)), (1, (6, 0.000169484, 8.5927e-5, 0.000255632)), (1, (7, 0.000518497, 9.7034e-5, 0.000615881))]), (6064, 15, 0.0011508, [(2, (0, 0.000596563, 1.9492e-5, 0.000616376)), (2, (1, 0.000562178, 3.8741e-5, 0.000601171)), (2, (2, 0.000493946, 7.0313e-5, 0.000564512)), (2, (3, 0.000681735, 7.1015e-5, 0.000753048)), (2, (4, 0.000653053, 0.00010457, 0.000757852)), (2, (5, 0.000871599, 0.000142583, 0.001014486)), (2, (6, 0.000998622, 0.000105191, 0.001104088)), (1, (7, 0.00032726, 0.000129721, 0.000457421))]), (6080, 15, 0.00079732, [(2, (0, 0.000772614, 2.303e-5, 0.000795893)), (2, (1, 0.000603713, 0.000119573, 0.000723574)), (2, (2, 0.00043283, 5.4677e-5, 0.000487812)), (2, (3, 0.000526661, 0.000165597, 0.000692512)), (2, (4, 0.000601783, 4.2046e-5, 0.00064407)), (2, (5, 0.000496447, 0.00017392, 0.000670587)), (2, (6, 0.000628438, 0.000136407, 0.000765129)), (1, (7, 0.000360206, 0.000151943, 0.00051235))]), (6096, 11, 0.000737634, [(2, (0, 0.000416667, 1.7707e-5, 0.00043462)), (2, (1, 0.000639809, 6.6648e-5, 0.000706659)), (2, (2, 0.000531657, 5.1104e-5, 0.000583003)), (1, (3, 0.000381305, 0.000116852, 0.00049841)), (1, (4, 0.000289081, 3.2594e-5, 0.000321941)), (1, (5, 0.000173354, 9.9433e-5, 0.000273042)), (1, (6, 0.000241322, 8.6145e-5, 0.000327843)), (1, (7, 0.00016979, 0.00012541, 0.00029546))]), (6112, 6, 0.000689972, [(1, (0, 0.00022186, 2.1319e-5, 0.000243446)), (1, (1, 0.000246025, 7.222e-5, 0.000318506)), (1, (2, 0.000323803, 4.1029e-5, 0.000365129)), (1, (3, 0.000281174, 0.000140588, 0.00042201)), (1, (4, 0.000573165, 5.7137e-5, 0.000630552)), (1, (5, 0.000504173, 0.000127456, 0.000631807)), (0, (6, 1.63e-7, 0.000125699, 0.000126119)), (0, (7, 8e-8, 0.000126541, 0.000126751))]), (6128, 12, 0.000920691, [(2, (0, 0.000897816, 2.1019e-5, 0.000919146)), (2, (1, 0.000554895, 0.000286331, 0.000841393)), (2, (2, 0.000478086, 8.1859e-5, 0.000560222)), (2, (3, 0.000550258, 0.000127114, 0.000677718)), (1, (4, 0.000317876, 5.4949e-5, 0.000373177)), (1, (5, 0.000205186, 0.000362863, 0.000568493)), (1, (6, 0.00021866, 6.6564e-5, 0.000285489)), (1, (7, 0.00031777, 9.8561e-5, 0.000416583))]), (6144, 16, 0.000913839, [(2, (0, 0.000507968, 1.616e-5, 0.000524381)), (2, (1, 0.000523836, 7.7795e-5, 0.000601877)), (2, (2, 0.000502716, 5.198e-5, 0.000555018)), (2, (3, 0.000648594, 0.000218155, 0.000867045)), (2, (4, 0.000476358, 3.5084e-5, 0.0005117)), (2, (5, 0.000436883, 0.00014992, 0.000587124)), (2, (6, 0.000499987, 9.2425e-5, 0.000592678)), (2, (7, 0.000528779, 0.000223888, 0.000752932))]), (6160, 16, 0.001129477, [(2, (0, 0.000944938, 2.5941e-5, 0.000971131)), (2, (1, 0.000618605, 7.4221e-5, 0.000693073)), (2, (2, 0.00049404, 4.0584e-5, 0.000534892)), (2, (3, 0.000937472, 9.0437e-5, 0.001028194)), (2, (4, 0.000988749, 5.8628e-5, 0.001047605)), (2, (5, 0.00088074, 0.000130938, 0.001011935)), (2, (6, 0.000598025, 0.000106968, 0.000705243)), (2, (7, 0.000935102, 0.000137154, 0.001072533))]), (6176, 16, 0.001068547, [(2, (0, 0.000601915, 1.9249e-5, 0.000621416)), (2, (1, 0.000797331, 8.5386e-5, 0.000882964)), (2, (2, 0.000827863, 5.3653e-5, 0.000881774)), (2, (3, 0.000717553, 6.8829e-5, 0.000786658)), (2, (4, 0.00077902, 3.7497e-5, 0.000816763)), (2, (5, 0.000851208, 0.00015568, 0.001007816)), (2, (6, 0.000530643, 0.000102164, 0.000633095)), (2, (7, 0.000732129, 0.000115469, 0.000851976))]), (6192, 16, 0.000978177, [(2, (0, 0.000529665, 1.5996e-5, 0.000545975)), (2, (1, 0.000509632, 3.4929e-5, 0.00054479)), (2, (2, 0.000441588, 0.000120736, 0.000562649)), (2, (3, 0.000482526, 0.00027655, 0.00075941)), (2, (4, 0.00037701, 5.0842e-5, 0.000428107)), (2, (5, 0.000507451, 8.5346e-5, 0.00059308)), (2, (6, 0.000764573, 6.747e-5, 0.000832306)), (2, (7, 0.000610482, 0.0002638, 0.000874678))]), (6208, 16, 0.000992644, [(2, (0, 0.000481024, 1.5875e-5, 0.00049718)), (2, (1, 0.000393341, 9.504e-5, 0.00048864)), (2, (2, 0.00033039, 6.3506e-5, 0.000394135)), (2, (3, 0.000461663, 0.000119135, 0.000581056)), (2, (4, 0.000595657, 3.2495e-5, 0.000628422)), (2, (5, 0.000604574, 0.000112465, 0.000717321)), (2, (6, 0.000591985, 4.8587e-5, 0.000640869)), (2, (7, 0.000815882, 7.8965e-5, 0.000895118))]), (6224, 16, 0.000943153, [(2, (0, 0.000694638, 1.6807e-5, 0.000711705)), (2, (1, 0.000614739, 5.6047e-5, 0.000671022)), (2, (2, 0.00043411, 4.257e-5, 0.000476914)), (2, (3, 0.000615799, 6.6768e-5, 0.000682808)), (2, (4, 0.000706713, 4.0066e-5, 0.000747068)), (2, (5, 0.000545318, 7.1297e-5, 0.000616902)), (2, (6, 0.000417873, 5.9826e-5, 0.000477959)), (2, (7, 0.000804179, 7.6828e-5, 0.000881233))]), (6240, 16, 0.000672341, [(2, (0, 0.000463786, 1.5859e-5, 0.000479891)), (2, (1, 0.000542969, 3.5708e-5, 0.000578926)), (2, (2, 0.000556663, 0.000100085, 0.000657105)), (2, (3, 0.000476798, 0.000116189, 0.000593232)), (2, (4, 0.000502997, 5.2263e-5, 0.000555461)), (2, (5, 0.000369729, 0.000119711, 0.000489653)), (2, (6, 0.000569312, 6.7691e-5, 0.00063722)), (2, (7, 0.000480818, 8.3229e-5, 0.000564292))]), (6256, 16, 0.000891831, [(2, (0, 0.000566516, 1.6052e-5, 0.000582942)), (2, (1, 0.000330581, 1.7431e-5, 0.000348246)), (2, (2, 0.000710749, 0.00014284, 0.000854026)), (2, (3, 0.000534046, 0.000144074, 0.000678488)), (2, (4, 0.000778419, 6.7444e-5, 0.000846113)), (2, (5, 0.000395345, 0.000124155, 0.000519772)), (2, (6, 0.000561516, 8.5356e-5, 0.000647116)), (2, (7, 0.000454619, 9.8195e-5, 0.000553044))]), (6272, 16, 0.001206766, [(2, (0, 0.000792067, 1.7187e-5, 0.000809559)), (2, (1, 0.000616384, 5.0967e-5, 0.000667688)), (2, (2, 0.000564559, 0.000122696, 0.000687535)), (2, (3, 0.000487316, 0.000135798, 0.000623297)), (2, (4, 0.001114335, 6.1899e-5, 0.001176492)), (2, (5, 0.000633831, 0.000102753, 0.000736809)), (2, (6, 0.000389195, 8.9877e-5, 0.000479293)), (2, (7, 0.000516616, 0.000228943, 0.000747224))]), (6288, 16, 0.001176763, [(2, (0, 0.00036642, 1.7715e-5, 0.000384379)), (2, (1, 0.000411952, 3.7977e-5, 0.000450204)), (2, (2, 0.000530218, 0.00019245, 0.000722972)), (2, (3, 0.000498346, 0.000208267, 0.000706814)), (2, (4, 0.00062042, 0.000107885, 0.000728633)), (2, (5, 0.000488944, 0.000177761, 0.000666995)), (2, (6, 0.000926372, 0.000161355, 0.00108803)), (2, (7, 0.000705196, 0.000254215, 0.00096026))]), (6304, 15, 0.001220501, [(2, (0, 0.000392563, 8.842e-6, 0.000401613)), (2, (1, 0.000681932, 8.9354e-5, 0.000771557)), (2, (2, 0.00111444, 7.1217e-5, 0.001189455)), (2, (3, 0.000865266, 0.000162157, 0.00102769)), (2, (4, 0.000625144, 4.54e-5, 0.000670821)), (2, (5, 0.000715007, 0.000171484, 0.000886736)), (2, (6, 0.000440187, 5.7515e-5, 0.000497922)), (1, (7, 0.000282605, 0.000146082, 0.000428946))]), (6320, 15, 0.000865654, [(2, (0, 0.000450547, 2.1045e-5, 0.000471885)), (2, (1, 0.000564722, 8.2772e-5, 0.000647798)), (2, (2, 0.000703368, 6.9283e-5, 0.00077302)), (2, (3, 0.000650508, 0.000164273, 0.000815057)), (2, (4, 0.000521416, 3.9045e-5, 0.000560869)), (2, (5, 0.000410132, 0.000157018, 0.000567452)), (2, (6, 0.000674861, 0.000131724, 0.000806944)), (1, (7, 0.000313534, 0.000145719, 0.000459544))]), (6336, 16, 0.000835131, [(2, (0, 0.000553272, 1.6085e-5, 0.000569638)), (2, (1, 0.000426339, 1.8776e-5, 0.000445352)), (2, (2, 0.000449754, 6.2033e-5, 0.000512028)), (2, (3, 0.000714928, 6.2903e-5, 0.000778117)), (2, (4, 0.000443323, 7.1468e-5, 0.000515034)), (2, (5, 0.000497973, 0.000104367, 0.000602651)), (2, (6, 0.000600166, 8.634e-5, 0.000686808)), (2, (7, 0.000449295, 8.6934e-5, 0.000536493))]), (6352, 16, 0.000993968, [(2, (0, 0.000492831, 1.5966e-5, 0.000509051)), (2, (1, 0.000471489, 8.1555e-5, 0.00055328)), (2, (2, 0.000450713, 4.8612e-5, 0.00049958)), (2, (3, 0.000373378, 0.000115598, 0.000489213)), (2, (4, 0.000720133, 3.456e-5, 0.000754953)), (2, (5, 0.000602472, 9.8834e-5, 0.000701568)), (2, (6, 0.000524843, 6.6316e-5, 0.000591397)), (2, (7, 0.000768665, 0.00013066, 0.000899605))]), (6368, 16, 0.000797303, [(2, (0, 0.000526941, 1.6455e-5, 0.000543642)), (2, (1, 0.000731711, 3.5333e-5, 0.000767283)), (2, (2, 0.000453936, 9.1231e-5, 0.000545363)), (2, (3, 0.000392347, 0.000104741, 0.000497427)), (2, (4, 0.000566439, 0.000134959, 0.00070165)), (2, (5, 0.000515107, 0.000151995, 0.000667344)), (2, (6, 0.000474176, 0.000135665, 0.000610132)), (2, (7, 0.000339333, 0.000157998, 0.000497594))]), (6384, 16, 0.000905558, [(2, (0, 0.000478795, 1.6718e-5, 0.00049581)), (2, (1, 0.000506866, 9.3962e-5, 0.000601122)), (2, (2, 0.000422268, 5.1676e-5, 0.000474188)), (2, (3, 0.00050886, 0.000239682, 0.000748826)), (2, (4, 0.000363775, 3.5649e-5, 0.00039968)), (2, (5, 0.000539025, 0.000176453, 0.000715727)), (2, (6, 0.000396812, 7.0005e-5, 0.000467123)), (2, (7, 0.000633982, 0.00016293, 0.000797236))]), (6400, 16, 0.000721707, [(2, (0, 0.000518905, 1.5933e-5, 0.000535089)), (2, (1, 0.000380939, 3.8136e-5, 0.000419404)), (2, (2, 0.000494768, 5.3316e-5, 0.00054842)), (2, (3, 0.000592979, 7.0314e-5, 0.00066363)), (2, (4, 0.00049388, 9.9911e-5, 0.000594021)), (2, (5, 0.000553367, 0.000118885, 0.000672573)), (2, (6, 0.000532411, 0.000100263, 0.000632902)), (2, (7, 0.000393124, 0.000134825, 0.000528199))]), (6416, 16, 0.000644743, [(2, (0, 0.000378974, 1.6209e-5, 0.000395439)), (2, (1, 0.000468416, 1.9465e-5, 0.000488189)), (2, (2, 0.000538977, 7.7704e-5, 0.000616931)), (2, (3, 0.0004414, 7.8222e-5, 0.000519918)), (2, (4, 0.000563738, 5.566e-5, 0.000619672)), (2, (5, 0.000374241, 8.5132e-5, 0.000459612)), (2, (6, 0.000502712, 6.5121e-5, 0.000568091)), (2, (7, 0.00036548, 8.6089e-5, 0.000451798))]), (6432, 16, 0.000776315, [(2, (0, 0.00046685, 5.2156e-5, 0.00051923)), (2, (1, 0.000678917, 6.8241e-5, 0.000747441)), (2, (2, 0.00041271, 2.0806e-5, 0.000433771)), (2, (3, 0.000392032, 3.6007e-5, 0.000428328)), (2, (4, 0.000448913, 0.000108761, 0.000557963)), (2, (5, 0.000559842, 0.000109383, 0.000669476)), (2, (6, 0.000380958, 0.00010972, 0.000490885)), (2, (7, 0.000393924, 0.000117894, 0.000512053))]), (6448, 14, 0.001073873, [(2, (0, 0.000463654, 1.9198e-5, 0.00048314)), (2, (1, 0.000461131, 6.8729e-5, 0.000530128)), (2, (2, 0.000621458, 5.2505e-5, 0.000674195)), (2, (3, 0.000829684, 0.000186741, 0.00101666)), (2, (4, 0.000632984, 3.5702e-5, 0.000668886)), (2, (5, 0.000846039, 9.9668e-5, 0.000945951)), (1, (6, 0.000328406, 8.397e-5, 0.000412606)), (1, (7, 0.000299286, 0.000187661, 0.000487438))]), (6464, 14, 0.000968135, [(2, (0, 0.000841461, 2.2353e-5, 0.000864074)), (2, (1, 0.000823246, 0.000104993, 0.000928764)), (2, (2, 0.000747809, 5.7069e-5, 0.000805148)), (2, (3, 0.000512233, 0.000215786, 0.000728252)), (2, (4, 0.000607579, 3.7313e-5, 0.000645155)), (2, (5, 0.000721637, 0.000133543, 0.00085548)), (1, (6, 0.000360005, 0.000115873, 0.000476122)), (1, (7, 0.000185787, 0.00024591, 0.000432071))]), (6480, 15, 0.001068944, [(2, (0, 0.000406964, 2.2827e-5, 0.000430086)), (2, (1, 0.000800759, 7.5158e-5, 0.000876193)), (2, (2, 0.000708946, 6.2742e-5, 0.000772059)), (2, (3, 0.000874926, 0.000137665, 0.001012917)), (2, (4, 0.00060092, 3.9673e-5, 0.000640863)), (2, (5, 0.000694662, 0.000111668, 0.000806631)), (2, (6, 0.000888074, 9.193e-5, 0.000980224)), (1, (7, 0.000800058, 0.000153054, 0.000953532))]), (6496, 16, 0.000919969, [(2, (0, 0.000636723, 1.8702e-5, 0.000655679)), (2, (1, 0.000613689, 6.6681e-5, 0.00068062)), (2, (2, 0.000555448, 5.2813e-5, 0.000608498)), (2, (3, 0.000726506, 0.00011872, 0.000845491)), (2, (4, 0.000559716, 3.8844e-5, 0.00059883)), (2, (5, 0.000416709, 0.000103168, 0.000520121)), (2, (6, 0.000564964, 8.9135e-5, 0.000654391)), (2, (7, 0.000677161, 0.00012755, 0.000804969))]), (6512, 14, 0.001379673, [(2, (0, 0.000789495, 2.1815e-5, 0.000811592)), (2, (1, 0.000936807, 0.0001015, 0.001038606)), (2, (2, 0.000828729, 7.1064e-5, 0.000900048)), (2, (3, 0.001186434, 0.00013491, 0.001321556)), (2, (4, 0.000602234, 3.9528e-5, 0.000642011)), (2, (5, 0.000708067, 0.00011881, 0.000827128)), (1, (6, 0.000281922, 5.5539e-5, 0.00033768)), (1, (7, 0.000186508, 8.7271e-5, 0.00027405))]), (6528, 15, 0.000944824, [(2, (0, 0.000675699, 1.9746e-5, 0.00069572)), (2, (1, 0.000624552, 7.3083e-5, 0.000697932)), (2, (2, 0.000648654, 4.0321e-5, 0.000689314)), (2, (3, 0.000445018, 8.8108e-5, 0.000533355)), (2, (4, 0.000551914, 5.6418e-5, 0.000608578)), (2, (5, 0.000685747, 0.000192799, 0.000879201)), (2, (6, 0.000544631, 0.000121987, 0.000666945)), (1, (7, 0.000243009, 0.000195362, 0.000438782))]), (6544, 14, 0.001068106, [(2, (0, 0.000522291, 5.2522e-5, 0.00057513)), (2, (1, 0.000487931, 0.000122515, 0.000610681)), (2, (2, 0.000821772, 7.0869e-5, 0.000893064)), (2, (3, 0.00077936, 0.000197311, 0.000976987)), (2, (4, 0.000581414, 2.1988e-5, 0.00060368)), (2, (5, 0.000571577, 0.000203259, 0.000775107)), (1, (6, 0.00028107, 3.9038e-5, 0.000320376)), (1, (7, 0.000356664, 0.000136074, 0.000493068))]), (6560, 16, 0.001062824, [(2, (0, 0.000650723, 2.2875e-5, 0.000673875)), (2, (1, 0.000810758, 7.3855e-5, 0.000884844)), (2, (2, 0.000839182, 5.6003e-5, 0.00089553)), (2, (3, 0.00057841, 0.000195417, 0.000774054)), (2, (4, 0.000776964, 3.8406e-5, 0.000815643)), (2, (5, 0.00048538, 0.000211879, 0.000697518)), (2, (6, 0.00038912, 0.000139466, 0.000528893)), (2, (7, 0.000751419, 0.000218186, 0.000969883))]), (6576, 16, 0.000814887, [(2, (0, 0.000471384, 1.5949e-5, 0.000487589)), (2, (1, 0.000665878, 0.000115926, 0.000782089)), (2, (2, 0.000433321, 8.135e-5, 0.000514938)), (2, (3, 0.000537453, 9.8964e-5, 0.00063669)), (2, (4, 0.000415771, 3.4469e-5, 0.000450503)), (2, (5, 0.000482015, 0.000122106, 0.000604362)), (2, (6, 0.000498367, 4.8789e-5, 0.000547457)), (2, (7, 0.000444735, 6.5699e-5, 0.000510695))]), (6592, 16, 0.000916942, [(2, (0, 0.000410719, 1.5356e-5, 0.000426414)), (2, (1, 0.000409625, 8.7642e-5, 0.000497674)), (2, (2, 0.00069031, 0.000191534, 0.000882336)), (2, (3, 0.000545843, 0.000251313, 0.000797429)), (2, (4, 0.000518646, 0.00011142, 0.000630529)), (2, (5, 0.000537846, 0.000163104, 0.000701438)), (2, (6, 0.000431618, 0.00012252, 0.000554365)), (2, (7, 0.000471055, 0.000301441, 0.000772737))]), (6608, 16, 0.000831657, [(2, (0, 0.00044119, 1.6699e-5, 0.000458183)), (2, (1, 0.000386503, 6.6611e-5, 0.000453354)), (2, (2, 0.000477751, 5.6379e-5, 0.000534382)), (2, (3, 0.000675485, 0.000105966, 0.000781739)), (2, (4, 0.000568597, 3.5763e-5, 0.000604608)), (2, (5, 0.000507098, 0.000123054, 0.000630453)), (2, (6, 0.00067823, 8.6703e-5, 0.000765164)), (2, (7, 0.000346904, 0.000129929, 0.000477073))]), (6624, 16, 0.000832612, [(2, (0, 0.000628641, 1.7046e-5, 0.00064595)), (2, (1, 0.000388394, 1.9546e-5, 0.000408246)), (2, (2, 0.000395753, 6.1142e-5, 0.000457145)), (2, (3, 0.000352595, 6.1679e-5, 0.000414497)), (2, (4, 0.000501361, 6.0887e-5, 0.000562498)), (2, (5, 0.000517063, 6.1517e-5, 0.000578827)), (2, (6, 0.000337533, 6.1595e-5, 0.000399426)), (2, (7, 0.000652153, 8.4682e-5, 0.000737266))]), (6640, 16, 0.000809029, [(2, (0, 0.00042667, 1.5184e-5, 0.000442091)), (2, (1, 0.000456525, 3.1202e-5, 0.00048807)), (2, (2, 0.000524657, 0.000138632, 0.000663539)), (2, (3, 0.000565744, 0.000197524, 0.000764073)), (2, (4, 0.000328392, 4.7799e-5, 0.000376452)), (2, (5, 0.000471517, 0.000122328, 0.0005941)), (2, (6, 0.00049447, 0.000105211, 0.00059989)), (2, (7, 0.000427595, 0.00015517, 0.000583006))]), (6656, 16, 0.000860204, [(2, (0, 0.000520333, 1.4637e-5, 0.000535233)), (2, (1, 0.000456659, 3.7043e-5, 0.000493965)), (2, (2, 0.000612975, 0.000103382, 0.000716605)), (2, (3, 0.000419571, 0.000177752, 0.000597579)), (2, (4, 0.000773392, 5.4606e-5, 0.000828301)), (2, (5, 0.000617019, 8.389e-5, 0.000701303)), (2, (6, 0.000513226, 6.9062e-5, 0.000582513)), (2, (7, 0.000544739, 0.000178043, 0.000723022))]), (6672, 16, 0.000929887, [(2, (0, 0.000575554, 1.6735e-5, 0.000592552)), (2, (1, 0.000402254, 7.8723e-5, 0.000481327)), (2, (2, 0.000454898, 3.7083e-5, 0.000492267)), (2, (3, 0.00053243, 9.2754e-5, 0.000625446)), (2, (4, 0.000450504, 5.2105e-5, 0.00050282)), (2, (5, 0.000430529, 0.000148844, 0.000579642)), (2, (6, 0.000671481, 0.000126695, 0.000798593)), (2, (7, 0.000656956, 0.000173765, 0.0008313))]), (6688, 16, 0.00109287, [(2, (0, 0.000527009, 1.6163e-5, 0.000543463)), (2, (1, 0.000437039, 0.000122985, 0.000560275)), (2, (2, 0.000448638, 5.103e-5, 0.00049994)), (2, (3, 0.000419164, 0.000104614, 0.000524015)), (2, (4, 0.000602371, 3.5367e-5, 0.000637976)), (2, (5, 0.000811425, 0.000222866, 0.0010346)), (2, (6, 0.000692903, 0.000140873, 0.000834027)), (2, (7, 0.000417389, 0.000156157, 0.00057382))]), (6704, 16, 0.000861827, [(2, (0, 0.000507356, 1.7007e-5, 0.000524665)), (2, (1, 0.00039709, 1.9152e-5, 0.00041649)), (2, (2, 0.000441905, 8.6667e-5, 0.000528809)), (2, (3, 0.000448738, 8.7594e-5, 0.00053657)), (2, (4, 0.000501584, 0.000126844, 0.00062868)), (2, (5, 0.000594199, 0.00012845, 0.000722924)), (2, (6, 0.000396556, 0.000127602, 0.000528256)), (2, (7, 0.000562906, 0.000193897, 0.000757129))]), (6720, 14, 0.000847469, [(2, (0, 0.000472095, 1.8963e-5, 0.000491332)), (2, (1, 0.00068723, 9.1484e-5, 0.000778958)), (2, (2, 0.000483768, 3.8268e-5, 0.000522314)), (2, (3, 0.000671743, 6.9774e-5, 0.000741795)), (2, (4, 0.000567642, 5.3262e-5, 0.000621174)), (2, (5, 0.000572141, 0.000124551, 0.000696961)), (1, (6, 0.000236995, 0.000106218, 0.00034346)), (1, (7, 0.000275227, 0.000132274, 0.000407772))]), (6736, 16, 0.001048099, [(2, (0, 0.000497923, 1.738e-5, 0.000515581)), (2, (1, 0.000432283, 3.6586e-5, 0.000469131)), (2, (2, 0.00045987, 0.000138173, 0.000598398)), (2, (3, 0.000563754, 0.000274662, 0.000838976)), (2, (4, 0.000528117, 5.2743e-5, 0.00058116)), (2, (5, 0.000870353, 0.000107314, 0.000978195)), (2, (6, 0.000736349, 9.898e-5, 0.000835894)), (2, (7, 0.000324392, 0.000470095, 0.000794602))]), (6752, 16, 0.000997047, [(2, (0, 0.000426343, 2.1179e-5, 0.000447852)), (2, (1, 0.000450892, 4.036e-5, 0.00049154)), (2, (2, 0.000503155, 0.000102374, 0.000605836)), (2, (3, 0.000608402, 0.000170927, 0.000780253)), (2, (4, 0.000796317, 5.6643e-5, 0.000853331)), (2, (5, 0.000854853, 8.6512e-5, 0.000941604)), (2, (6, 0.000384017, 7.1556e-5, 0.00045583)), (2, (7, 0.000641315, 0.000120287, 0.000761888))]), (6768, 14, 0.000940446, [(2, (0, 0.000682197, 1.7992e-5, 0.00070042)), (2, (1, 0.000810355, 0.000102684, 0.000913312)), (2, (2, 0.000467728, 8.4817e-5, 0.000552839)), (2, (3, 0.00050034, 0.000119296, 0.000619935)), (2, (4, 0.000419641, 3.709e-5, 0.00045698)), (2, (5, 0.000594922, 0.00014222, 0.00073758)), (1, (6, 0.000194901, 5.2337e-5, 0.00024753)), (1, (7, 0.000199415, 6.7727e-5, 0.000267389))]), (6784, 16, 0.001025779, [(2, (0, 0.000495581, 1.7354e-5, 0.000513197)), (2, (1, 0.000462782, 6.1003e-5, 0.000524033)), (2, (2, 0.000460273, 4.783e-5, 0.000508371)), (2, (3, 0.00050256, 0.000137871, 0.000640689)), (2, (4, 0.000461593, 3.3282e-5, 0.000495114)), (2, (5, 0.000523509, 0.000169295, 0.000693083)), (2, (6, 0.000852423, 7.9628e-5, 0.000932448)), (2, (7, 0.000438926, 0.000180078, 0.000619306))]), (6800, 16, 0.001104513, [(2, (0, 0.000549859, 1.6964e-5, 0.000567078)), (2, (1, 0.000425654, 7.3095e-5, 0.000499037)), (2, (2, 0.000479329, 6.0945e-5, 0.000540582)), (2, (3, 0.000619646, 0.000154623, 0.000774568)), (2, (4, 0.000496943, 5.0639e-5, 0.000547936)), (2, (5, 0.00056647, 0.000128869, 0.000695879)), (2, (6, 0.00058531, 0.000111424, 0.000697021)), (2, (7, 0.000736081, 0.000256161, 0.000992681))]), (6816, 16, 0.000852433, [(2, (0, 0.000645189, 1.6896e-5, 0.000662383)), (2, (1, 0.000445345, 0.000115541, 0.000561162)), (2, (2, 0.000434527, 6.1141e-5, 0.000495969)), (2, (3, 0.000656607, 0.000150492, 0.000807395)), (2, (4, 0.000534779, 3.4267e-5, 0.00056928)), (2, (5, 0.000546415, 0.000169162, 0.000715886)), (2, (6, 0.000431968, 0.000134628, 0.000566837)), (2, (7, 0.000405388, 0.000233316, 0.000638949))]), (6832, 16, 0.001083443, [(2, (0, 0.000541443, 1.5596e-5, 0.000557303)), (2, (1, 0.00085835, 3.083e-5, 0.00088947)), (2, (2, 0.000523179, 9.3971e-5, 0.000617393)), (2, (3, 0.000471712, 0.000111269, 0.000583252)), (2, (4, 0.000462335, 4.8116e-5, 0.000510682)), (2, (5, 0.000626714, 8.0089e-5, 0.000707072)), (2, (6, 0.000616285, 6.3788e-5, 0.000680348)), (2, (7, 0.000836373, 0.00015644, 0.000993552))]), (6848, 16, 0.000915906, [(2, (0, 0.000554324, 1.6496e-5, 0.00057109)), (2, (1, 0.000425867, 3.089e-5, 0.000456984)), (2, (2, 0.000557077, 0.000104109, 0.000661424)), (2, (3, 0.000711712, 0.000129484, 0.000841462)), (2, (4, 0.000722742, 4.6089e-5, 0.000769103)), (2, (5, 0.000415201, 0.000121859, 0.000537333)), (2, (6, 0.000689279, 6.0679e-5, 0.000750179)), (2, (7, 0.000423974, 7.4925e-5, 0.000499141))]), (6864, 16, 0.000776634, [(2, (0, 0.000573317, 9.085e-6, 0.000582837)), (2, (1, 0.000553761, 2.7419e-5, 0.000581448)), (2, (2, 0.000422212, 1.0459e-5, 0.000432912)), (2, (3, 0.000516878, 4.6569e-5, 0.000563676)), (2, (4, 0.000581426, 1.0917e-5, 0.000592877)), (2, (5, 0.000525282, 0.000197867, 0.000723399)), (2, (6, 0.000404078, 6.4285e-5, 0.00046869)), (2, (7, 0.000474491, 0.000190465, 0.000665232))]), (6880, 16, 0.000796915, [(2, (0, 0.000435933, 1.7678e-5, 0.000453845)), (2, (1, 0.0004004, 6.8039e-5, 0.000468676)), (2, (2, 0.000539393, 5.4171e-5, 0.00059381)), (2, (3, 0.000565602, 0.000152697, 0.000719134)), (2, (4, 0.000420846, 3.704e-5, 0.000458152)), (2, (5, 0.000345576, 0.000119893, 0.000465717)), (2, (6, 0.000579373, 8.4057e-5, 0.000663683)), (2, (7, 0.000539823, 0.000101352, 0.00064145))]), (6896, 15, 0.000674338, [(2, (0, 0.000512994, 5.3589e-5, 0.00056688)), (2, (1, 0.000469914, 0.000124868, 0.000595042)), (2, (2, 0.000411331, 0.000118689, 0.000530288)), (2, (3, 0.000428631, 0.000118989, 0.000547852)), (2, (4, 0.000353202, 2.0655e-5, 0.000374093)), (2, (5, 0.000509971, 8.7992e-5, 0.000598206)), (2, (6, 0.000438888, 3.8378e-5, 0.000477543)), (1, (7, 0.000203257, 7.1041e-5, 0.000274542))]), (6912, 16, 0.00080034, [(2, (0, 0.000487751, 1.7009e-5, 0.000505021)), (2, (1, 0.000391868, 6.3648e-5, 0.000455774)), (2, (2, 0.000522306, 3.5176e-5, 0.000557754)), (2, (3, 0.000429585, 8.0734e-5, 0.00051058)), (2, (4, 0.000717895, 4.8769e-5, 0.000766974)), (2, (5, 0.000400113, 0.000117755, 0.000518094)), (2, (6, 0.00042036, 9.7307e-5, 0.000517939)), (2, (7, 0.000450466, 0.000125611, 0.000576331))]), (6928, 13, 0.001254589, [(2, (0, 0.000467999, 2.2329e-5, 0.000490605)), (2, (1, 0.000757381, 0.000103439, 0.000861086)), (2, (2, 0.00108269, 7.0197e-5, 0.001153127)), (2, (3, 0.001074513, 0.000126111, 0.001200868)), (2, (4, 0.00083078, 4.0392e-5, 0.000871432)), (1, (5, 0.000349136, 8.7539e-5, 0.000436886)), (1, (6, 0.00027729, 5.5528e-5, 0.000333071)), (1, (7, 0.000263989, 0.000118653, 0.000382866))]), (6944, 14, 0.000957136, [(2, (0, 0.00078498, 2.2367e-5, 0.000807606)), (2, (1, 0.000562871, 4.6209e-5, 0.00060937)), (2, (2, 0.000778212, 0.000147304, 0.00092579)), (2, (3, 0.000740614, 0.000163305, 0.00090417)), (2, (4, 0.00064093, 6.4388e-5, 0.000705623)), (2, (5, 0.000631958, 0.000176184, 0.000808526)), (1, (6, 0.000400837, 7.5546e-5, 0.000476724)), (1, (7, 0.000468049, 0.000132538, 0.000600838))]), (6960, 12, 0.000947465, [(2, (0, 0.000719543, 2.2842e-5, 0.000742689)), (2, (1, 0.000837887, 8.0643e-5, 0.000918762)), (2, (2, 0.000458738, 6.6887e-5, 0.000525854)), (2, (3, 0.000548887, 0.000174394, 0.000723536)), (1, (4, 0.00026629, 5.1921e-5, 0.000318573)), (1, (5, 0.000207999, 0.000154046, 0.000362335)), (1, (6, 0.000209035, 9.8999e-5, 0.000308265)), (1, (7, 0.000256837, 0.0001865, 0.000443561))]), (6976, 9, 0.000969505, [(2, (0, 0.000949166, 1.8598e-5, 0.000968059)), (1, (1, 0.000533285, 6.2016e-5, 0.000595513)), (1, (2, 0.000190524, 4.9437e-5, 0.000240204)), (1, (3, 0.000535883, 0.00016561, 0.000701776)), (1, (4, 0.000316963, 3.5684e-5, 0.000352893)), (1, (5, 0.000342797, 0.000158158, 0.000501203)), (1, (6, 0.000287619, 8.0498e-5, 0.000368347)), (1, (7, 0.00018454, 9.7071e-5, 0.00028183))]), (6992, 15, 0.001112972, [(2, (0, 0.000537197, 1.7888e-5, 0.000555586)), (2, (1, 0.000930656, 0.000143596, 0.001074478)), (2, (2, 0.000408576, 9.2552e-5, 0.000501373)), (2, (3, 0.000554077, 0.000132822, 0.000687813)), (2, (4, 0.000916632, 3.6028e-5, 0.000952929)), (2, (5, 0.000516945, 0.000229181, 0.00074638)), (2, (6, 0.000659087, 0.000160451, 0.000819789)), (1, (7, 0.000187591, 0.000220738, 0.000408547))]), (7008, 15, 0.00102867, [(2, (0, 0.000405738, 1.9892e-5, 0.000425945)), (2, (1, 0.000455711, 8.6279e-5, 0.000542237)), (2, (2, 0.000541111, 6.739e-5, 0.000608789)), (2, (3, 0.000482509, 0.000151818, 0.000634775)), (2, (4, 0.00044207, 5.0711e-5, 0.000493097)), (2, (5, 0.00039334, 0.000117714, 0.000511277)), (2, (6, 0.000457074, 0.000102842, 0.000560197)), (1, (7, 0.000768571, 0.000169757, 0.000938739))]), (7024, 16, 0.00074558, [(2, (0, 0.000342194, 1.8403e-5, 0.000360834)), (2, (1, 0.000485654, 2.0605e-5, 0.000506547)), (2, (2, 0.000546847, 0.000124584, 0.000671723)), (2, (3, 0.000462347, 0.000129139, 0.000591724)), (2, (4, 0.000577737, 5.5613e-5, 0.000633659)), (2, (5, 0.000536429, 5.6015e-5, 0.000592733)), (2, (6, 0.00064133, 5.6299e-5, 0.000698019)), (2, (7, 0.000536829, 6.2917e-5, 0.000599998))]), (7040, 15, 0.001080584, [(2, (0, 0.000943241, 2.0269e-5, 0.000963802)), (2, (1, 0.000616724, 3.5534e-5, 0.000652483)), (2, (2, 0.000777571, 9.9192e-5, 0.000876992)), (2, (3, 0.000671122, 0.000119714, 0.000791061)), (2, (4, 0.000929309, 5.3745e-5, 0.000983365)), (2, (5, 0.00094268, 8.2887e-5, 0.001025834)), (2, (6, 0.000764802, 6.7875e-5, 0.000832935)), (1, (7, 0.000317631, 0.000128678, 0.000446608))]), (7056, 16, 0.000895906, [(2, (0, 0.000509108, 1.63e-5, 0.000525652)), (2, (1, 0.000507329, 6.5328e-5, 0.00057293)), (2, (2, 0.000507711, 5.1416e-5, 0.000559351)), (2, (3, 0.0004471, 0.000111046, 0.000558376)), (2, (4, 0.000288323, 3.6169e-5, 0.000324718)), (2, (5, 0.000485716, 9.6698e-5, 0.000582637)), (2, (6, 0.000758435, 8.3865e-5, 0.000842617)), (2, (7, 0.000490045, 0.000120078, 0.000610393))]), (7072, 16, 0.000960058, [(2, (0, 0.000455289, 3.6625e-5, 0.000492188)), (2, (1, 0.000810123, 0.000113293, 0.000923691)), (2, (2, 0.000633241, 9.6407e-5, 0.000730061)), (2, (3, 0.000548911, 0.000166574, 0.000715728)), (2, (4, 0.000484815, 7.1344e-5, 0.000556515)), (2, (5, 0.000353834, 0.000128132, 0.000482218)), (2, (6, 0.000375403, 8.5775e-5, 0.000461498)), (2, (7, 0.000364046, 0.00016034, 0.000524622))]), (7088, 16, 0.000764286, [(2, (0, 0.000337311, 1.7707e-5, 0.00035533)), (2, (1, 0.000450266, 3.8514e-5, 0.000489059)), (2, (2, 0.00059836, 0.000138158, 0.000736759)), (2, (3, 0.000317297, 0.000169511, 0.000487066)), (2, (4, 0.000415488, 5.3518e-5, 0.000469222)), (2, (5, 0.000364896, 0.000125841, 0.000491026)), (2, (6, 0.000489896, 7.1353e-5, 0.000561534)), (2, (7, 0.000344422, 0.000162725, 0.000507517))]), (7104, 16, 0.000836499, [(2, (0, 0.000658562, 1.671e-5, 0.000675524)), (2, (1, 0.000725908, 8.4742e-5, 0.00081091)), (2, (2, 0.000508668, 3.6444e-5, 0.000545452)), (2, (3, 0.0003441, 0.000134017, 0.000478383)), (2, (4, 0.000581756, 4.9279e-5, 0.000631297)), (2, (5, 0.000460325, 0.000157945, 0.000618504)), (2, (6, 0.000409206, 6.5938e-5, 0.000475435)), (2, (7, 0.000504352, 0.000148856, 0.000653454))]), (7120, 16, 0.000724249, [(2, (0, 0.000482108, 1.5984e-5, 0.000498318)), (2, (1, 0.000629469, 3.5054e-5, 0.00066486)), (2, (2, 0.000607189, 9.9075e-5, 0.000706525)), (2, (3, 0.000583576, 0.00012514, 0.000708974)), (2, (4, 0.000437839, 5.1711e-5, 0.00048978)), (2, (5, 0.000439761, 0.000117278, 0.000557276)), (2, (6, 0.000570663, 6.5225e-5, 0.000636125)), (2, (7, 0.000425734, 8.0885e-5, 0.000506844))]), (7136, 16, 0.000965815, [(2, (0, 0.000508694, 1.7507e-5, 0.000526471)), (2, (1, 0.000487428, 3.4077e-5, 0.000521753)), (2, (2, 0.000849497, 7.5238e-5, 0.000924996)), (2, (3, 0.000433518, 8.3976e-5, 0.000517733)), (2, (4, 0.00076072, 6.3881e-5, 0.00082486)), (2, (5, 0.000852657, 6.4257e-5, 0.000917188)), (2, (6, 0.000451271, 6.459e-5, 0.000516133)), (2, (7, 0.00065265, 7.6257e-5, 0.00072918))]), (7152, 16, 0.000761691, [(2, (0, 0.000539588, 1.7391e-5, 0.000557216)), (2, (1, 0.000609349, 2.1683e-5, 0.000631437)), (2, (2, 0.000430404, 0.000114528, 0.000545165)), (2, (3, 0.000593803, 0.000122964, 0.000716988)), (2, (4, 0.000382343, 5.433e-5, 0.000437194)), (2, (5, 0.000472742, 0.000100927, 0.000573928)), (2, (6, 0.000626953, 5.3976e-5, 0.000681177)), (2, (7, 0.000449086, 8.6527e-5, 0.000536))]), (7168, 16, 0.000775002, [(2, (0, 0.000579085, 1.5954e-5, 0.000595307)), (2, (1, 0.000493199, 1.8115e-5, 0.000511587)), (2, (2, 0.000396257, 5.0063e-5, 0.000446591)), (2, (3, 0.000469344, 4.9826e-5, 0.000519498)), (2, (4, 0.000341649, 8.9169e-5, 0.000431063)), (2, (5, 0.000611889, 0.000106188, 0.000718338)), (2, (6, 0.000449359, 9.0204e-5, 0.0005398)), (2, (7, 0.000523753, 9.8126e-5, 0.000622122))]), (7184, 16, 0.000777108, [(2, (0, 0.000637413, 1.713e-5, 0.000654829)), (2, (1, 0.00050572, 3.4069e-5, 0.000540025)), (2, (2, 0.000439163, 5.0959e-5, 0.000490349)), (2, (3, 0.000364105, 6.7201e-5, 0.000431587)), (2, (4, 0.00064924, 0.0001029, 0.000752422)), (2, (5, 0.000472096, 0.000128418, 0.000600764)), (2, (6, 0.000381222, 0.000111147, 0.000492611)), (2, (7, 0.000587545, 0.000138145, 0.000725985))]), (7200, 16, 0.001178937, [(2, (0, 0.000576871, 2.4361e-5, 0.000601531)), (2, (1, 0.000350218, 3.7599e-5, 0.000388058)), (2, (2, 0.000796913, 5.8984e-5, 0.000856152)), (2, (3, 0.000574968, 7.0584e-5, 0.000645815)), (2, (4, 0.00050966, 4.2825e-5, 0.00055274)), (2, (5, 0.001053976, 6.7196e-5, 0.001121464)), (2, (6, 0.000519473, 6.5474e-5, 0.000585179)), (2, (7, 0.00038583, 7.1899e-5, 0.000457993))]), (7216, 16, 0.000974223, [(2, (0, 0.000450689, 1.7609e-5, 0.000468582)), (2, (1, 0.000657272, 3.755e-5, 0.000695169)), (2, (2, 0.00041923, 0.000136396, 0.000555905)), (2, (3, 0.000496341, 0.000470314, 0.000966837)), (2, (4, 0.000833814, 8.8006e-5, 0.000922433)), (2, (5, 0.000584626, 0.00011839, 0.000703277)), (2, (6, 0.000558925, 9.7671e-5, 0.000656888)), (2, (7, 0.000626128, 0.000274672, 0.000901209))]), (7232, 16, 0.000781537, [(2, (0, 0.00056586, 1.9104e-5, 0.0005852)), (2, (1, 0.000546052, 4.3435e-5, 0.000589821)), (2, (2, 0.000702801, 6.2929e-5, 0.000765994)), (2, (3, 0.000560229, 7.9376e-5, 0.000639833)), (2, (4, 0.000515805, 4.9596e-5, 0.000565664)), (2, (5, 0.000527503, 7.3521e-5, 0.000601363)), (2, (6, 0.000656049, 6.2086e-5, 0.00071841)), (2, (7, 0.00042699, 9.7265e-5, 0.000524497))]), (7248, 15, 0.000997522, [(2, (0, 0.000489089, 1.9926e-5, 0.000509321)), (2, (1, 0.00047346, 7.3473e-5, 0.000547179)), (2, (2, 0.000635744, 5.7632e-5, 0.000693664)), (2, (3, 0.000822763, 0.000126657, 0.000949702)), (2, (4, 0.000731807, 3.8997e-5, 0.000771104)), (2, (5, 0.000613029, 0.000105759, 0.000718998)), (2, (6, 0.000590188, 9.0517e-5, 0.00068097)), (1, (7, 0.000560182, 0.000132708, 0.000693168))]), (7264, 16, 0.00094455, [(2, (0, 0.000531656, 2.1952e-5, 0.000553861)), (2, (1, 0.000535978, 6.7581e-5, 0.000603812)), (2, (2, 0.000544763, 5.2893e-5, 0.000597927)), (2, (3, 0.000438565, 0.000125984, 0.000564809)), (2, (4, 0.000697777, 4.0114e-5, 0.000738177)), (2, (5, 0.00066522, 0.000119324, 0.000784841)), (2, (6, 0.000416811, 8.4841e-5, 0.000501896)), (2, (7, 0.000735339, 0.000100718, 0.000836361))]), (7280, 16, 0.001037021, [(2, (0, 0.000425389, 9.315e-6, 0.000434957)), (2, (1, 0.000526418, 6.5753e-5, 0.0005924)), (2, (2, 0.000874754, 3.2678e-5, 0.000907818)), (2, (3, 0.000611888, 8.3754e-5, 0.000695892)), (2, (4, 0.000778186, 4.9765e-5, 0.0008282)), (2, (5, 0.0004323, 0.000146448, 0.000578986)), (2, (6, 0.000467233, 0.000100503, 0.000567976)), (2, (7, 0.000788335, 0.000154124, 0.000942725))]), (7296, 16, 0.000715208, [(2, (0, 0.000532657, 1.687e-5, 0.000549774)), (2, (1, 0.00066016, 2.0713e-5, 0.000681294)), (2, (2, 0.000443515, 8.1606e-5, 0.000525406)), (2, (3, 0.00044264, 8.8923e-5, 0.000531836)), (2, (4, 0.000490318, 5.7677e-5, 0.000548204)), (2, (5, 0.000387455, 7.9685e-5, 0.000467377)), (2, (6, 0.000394758, 6.351e-5, 0.000458518)), (2, (7, 0.000394142, 7.2094e-5, 0.000466534))]), (7312, 16, 0.000855592, [(2, (0, 0.000464005, 1.7557e-5, 0.000481811)), (2, (1, 0.000585888, 6.8985e-5, 0.000655164)), (2, (2, 0.000543045, 3.7036e-5, 0.000580324)), (2, (3, 0.0005483, 8.5035e-5, 0.000633596)), (2, (4, 0.000546018, 5.2612e-5, 0.00059891)), (2, (5, 0.000549762, 0.000116052, 0.000666068)), (2, (6, 0.000707755, 9.8555e-5, 0.000806587)), (2, (7, 0.000412372, 0.000124027, 0.000536717))]), (7328, 16, 0.000799781, [(2, (0, 0.000579231, 1.5983e-5, 0.000595472)), (2, (1, 0.000633896, 2.6163e-5, 0.000660331)), (2, (2, 0.000625257, 0.000147456, 0.000772932)), (2, (3, 0.000436862, 0.000107937, 0.000545095)), (2, (4, 0.000411762, 0.000115355, 0.000527378)), (2, (5, 0.000523527, 0.000132419, 0.000656229)), (2, (6, 0.000389937, 0.000128863, 0.00051901)), (2, (7, 0.000390164, 0.00012945, 0.000523333))]), (7344, 16, 0.000756286, [(2, (0, 0.000379578, 1.6535e-5, 0.000396384)), (2, (1, 0.000451702, 9.7117e-5, 0.000549095)), (2, (2, 0.000415636, 5.1313e-5, 0.000467217)), (2, (3, 0.000417007, 8.0454e-5, 0.000497692)), (2, (4, 0.000688673, 3.4861e-5, 0.000723853)), (2, (5, 0.000500722, 0.000115343, 0.000616316)), (2, (6, 0.000551947, 6.4605e-5, 0.00061683)), (2, (7, 0.000488627, 0.000124011, 0.000612918))]), (7360, 16, 0.001248941, [(2, (0, 0.000734059, 4.7741e-5, 0.000782053)), (2, (1, 0.000564761, 8.4508e-5, 0.000649545)), (2, (2, 0.000445359, 3.3498e-5, 0.000479115)), (2, (3, 0.001076641, 6.6178e-5, 0.001143151)), (2, (4, 0.000831671, 1.8594e-5, 0.000850534)), (2, (5, 0.000575007, 0.000232095, 0.000807331)), (2, (6, 0.000409535, 0.000100265, 0.000510058)), (2, (7, 0.000504484, 0.000243374, 0.000748185))]), (7376, 16, 0.000751655, [(2, (0, 0.000398676, 8.754e-6, 0.000407634)), (2, (1, 0.000544796, 5.92e-5, 0.000604269)), (2, (2, 0.000476366, 4.088e-5, 0.000520254)), (2, (3, 0.000418519, 0.000198589, 0.000617389)), (2, (4, 0.000470583, 2.5919e-5, 0.000496753)), (2, (5, 0.000473737, 0.000187266, 0.000661221)), (2, (6, 0.000441174, 0.000117687, 0.000562294)), (2, (7, 0.000444095, 0.000173295, 0.000617782))]), (7392, 16, 0.000658448, [(2, (0, 0.000331799, 1.7143e-5, 0.000349196)), (2, (1, 0.000498071, 3.3891e-5, 0.000532217)), (2, (2, 0.00052819, 9.8325e-5, 0.000626789)), (2, (3, 0.000308829, 0.000123328, 0.000432412)), (2, (4, 0.000496428, 5.0377e-5, 0.000547054)), (2, (5, 0.000453849, 0.000115404, 0.000569513)), (2, (6, 0.000543218, 6.5596e-5, 0.000609049)), (2, (7, 0.000493014, 8.3415e-5, 0.000576697))]), (7408, 16, 0.000903188, [(2, (0, 0.000411938, 1.7151e-5, 0.000429349)), (2, (1, 0.000753692, 0.000100097, 0.000854065)), (2, (2, 0.000546187, 3.5548e-5, 0.000581966)), (2, (3, 0.000432182, 6.5886e-5, 0.000498285)), (2, (4, 0.000650961, 5.0011e-5, 0.000701237)), (2, (5, 0.000514312, 0.000116177, 0.000630779)), (2, (6, 0.000781838, 8.2252e-5, 0.000864336)), (2, (7, 0.000384573, 0.000123222, 0.000508053))]), (7424, 16, 0.000623453, [(2, (0, 0.000468469, 8.448e-6, 0.000477105)), (2, (1, 0.000454176, 2.8856e-5, 0.000483322)), (2, (2, 0.00059918, 1.2194e-5, 0.000611611)), (2, (3, 0.000447044, 1.5205e-5, 0.000462486)), (2, (4, 0.000387685, 1.5838e-5, 0.000404407)), (2, (5, 0.000557099, 3.2682e-5, 0.00059007)), (2, (6, 0.000473903, 1.7395e-5, 0.000492054)), (2, (7, 0.000401996, 4.7571e-5, 0.000449873))]), (7440, 16, 0.001234763, [(2, (0, 0.00047904, 6.0643e-5, 0.00053994)), (2, (1, 0.000419834, 7.7072e-5, 0.000497148)), (2, (2, 0.000615665, 0.000580576, 0.001196597)), (2, (3, 0.000415919, 0.000597857, 0.001014048)), (2, (4, 0.000523539, 1.9379e-5, 0.000543152)), (2, (5, 0.000436515, 0.00033341, 0.000770318)), (2, (6, 0.000908184, 2.0081e-5, 0.00092853)), (2, (7, 0.000358357, 3.6906e-5, 0.000395551))]), (7456, 16, 0.001087898, [(2, (0, 0.000479564, 1.8284e-5, 0.000498116)), (2, (1, 0.000923982, 0.000131726, 0.001056168)), (2, (2, 0.000572661, 5.1121e-5, 0.000624046)), (2, (3, 0.000503627, 0.000174913, 0.000678757)), (2, (4, 0.000667041, 3.4781e-5, 0.000702023)), (2, (5, 0.000539017, 0.000159549, 0.000698833)), (2, (6, 0.000605775, 0.000139483, 0.000745548)), (2, (7, 0.000348905, 0.000292432, 0.000641681))]), (7472, 16, 0.000996597, [(2, (0, 0.000407813, 1.6412e-5, 0.00042448)), (2, (1, 0.000545619, 7.4107e-5, 0.00062011)), (2, (2, 0.000467908, 5.104e-5, 0.000519387)), (2, (3, 0.000418142, 0.000111796, 0.000530274)), (2, (4, 0.000525671, 2.2868e-5, 0.000549015)), (2, (5, 0.000382431, 0.00026882, 0.000651472)), (2, (6, 0.000452978, 3.6267e-5, 0.000489526)), (2, (7, 0.000799615, 9.6674e-5, 0.000896539))]), (7488, 16, 0.001383771, [(2, (0, 0.000405429, 2.2153e-5, 0.000427797)), (2, (1, 0.000947403, 7.5681e-5, 0.001023462)), (2, (2, 0.000550267, 6.167e-5, 0.0006123)), (2, (3, 0.000405908, 0.000123024, 0.000529191)), (2, (4, 0.000502826, 3.7451e-5, 0.0005406)), (2, (5, 0.000525924, 0.000104771, 0.000630938)), (2, (6, 0.001226014, 9.3036e-5, 0.001319417)), (2, (7, 0.000570068, 0.000170533, 0.000740852))]), (7504, 16, 0.000984068, [(2, (0, 0.000527787, 2.0145e-5, 0.00054825)), (2, (1, 0.000484292, 7.6796e-5, 0.000561455)), (2, (2, 0.000478592, 4.106e-5, 0.000520113)), (2, (3, 0.000386137, 0.000146941, 0.000533351)), (2, (4, 0.000514361, 5.5867e-5, 0.00057049)), (2, (5, 0.000689646, 0.000241553, 0.000931742)), (2, (6, 0.000446883, 9.3441e-5, 0.000540635)), (2, (7, 0.000472904, 0.000121864, 0.000595145))]), (7520, 15, 0.000933518, [(2, (0, 0.000420616, 2.3919e-5, 0.000444868)), (2, (1, 0.00085677, 4.2985e-5, 0.000900056)), (2, (2, 0.000691605, 0.000122677, 0.000814566)), (2, (3, 0.000461378, 0.000215507, 0.000677144)), (2, (4, 0.000431588, 7.145e-5, 0.000503302)), (2, (5, 0.000633246, 0.00011069, 0.000744292)), (2, (6, 0.000719094, 8.4453e-5, 0.000803854)), (1, (7, 0.000594414, 0.000216962, 0.000811815))]), (7536, 16, 0.000979479, [(2, (0, 0.000639083, 2.5778e-5, 0.000665162)), (2, (1, 0.000774944, 9.6347e-5, 0.0008715)), (2, (2, 0.000471476, 6.3998e-5, 0.000535779)), (2, (3, 0.000690566, 8.0528e-5, 0.000771406)), (2, (4, 0.000721847, 4.5458e-5, 0.000767554)), (2, (5, 0.000773662, 0.000157015, 0.000931061)), (2, (6, 0.000333846, 0.000114681, 0.000448757)), (2, (7, 0.000433747, 0.000162943, 0.000597006))]), (7552, 16, 0.001629826, [(2, (0, 0.001306549, 2.6601e-5, 0.001333382)), (2, (1, 0.000566099, 7.8176e-5, 0.000644518)), (2, (2, 0.000493155, 6.1407e-5, 0.000554821)), (2, (3, 0.000589748, 0.000110266, 0.000700266)), (2, (4, 0.000680471, 4.6007e-5, 0.000726852)), (2, (5, 0.001013946, 0.000555716, 0.001569843)), (2, (6, 0.000628681, 9.489e-5, 0.000723883)), (2, (7, 0.000592285, 0.000645322, 0.001237725))]), (7568, 16, 0.000929994, [(2, (0, 0.000485908, 5.9661e-5, 0.000545832)), (2, (1, 0.000400876, 0.000149637, 0.000550823)), (2, (2, 0.00049701, 7.6908e-5, 0.000574149)), (2, (3, 0.000445986, 9.433e-5, 0.000540674)), (2, (4, 0.000868118, 3.0117e-5, 0.000898547)), (2, (5, 0.000637488, 0.000125574, 0.000763356)), (2, (6, 0.000832279, 4.4576e-5, 0.00087731)), (2, (7, 0.00058325, 0.000140722, 0.00072422))]), (7584, 16, 0.00084664, [(2, (0, 0.000825713, 1.8635e-5, 0.000844639)), (2, (1, 0.000412336, 6.9888e-5, 0.000482464)), (2, (2, 0.000613436, 5.2621e-5, 0.000666334)), (2, (3, 0.000593253, 9.074e-5, 0.000684225)), (2, (4, 0.000490275, 3.9629e-5, 0.00053016)), (2, (5, 0.000569836, 0.000126967, 0.000697045)), (2, (6, 0.000603891, 0.000109048, 0.0007132)), (2, (7, 0.000387523, 0.00013439, 0.000522185))]), (7600, 16, 0.000817965, [(2, (0, 0.000440926, 1.9616e-5, 0.000460772)), (2, (1, 0.000427751, 0.000130629, 0.000558668)), (2, (2, 0.000473, 9.5599e-5, 0.000568854)), (2, (3, 0.000539708, 0.000139007, 0.000679054)), (2, (4, 0.000442268, 4.3116e-5, 0.000485797)), (2, (5, 0.000509535, 7.8116e-5, 0.000587897)), (2, (6, 0.000529632, 6.4151e-5, 0.000594174)), (2, (7, 0.000579826, 0.000112754, 0.000692863))]), (7616, 16, 0.001315172, [(2, (0, 0.000596305, 1.9945e-5, 0.000616539)), (2, (1, 0.000463443, 3.984e-5, 0.000503508)), (2, (2, 0.000512534, 0.000161878, 0.00067467)), (2, (3, 0.000381453, 0.000269458, 0.000651301)), (2, (4, 0.000788885, 5.6755e-5, 0.00084602)), (2, (5, 0.00046612, 0.000248755, 0.000715175)), (2, (6, 0.000447944, 8.3813e-5, 0.000531996)), (2, (7, 0.001085384, 9.0905e-5, 0.001176779))]), (7632, 15, 0.001172191, [(2, (0, 0.001144702, 2.5797e-5, 0.001170793)), (2, (1, 0.00063522, 6.4774e-5, 0.000700335)), (2, (2, 0.000913688, 3.1341e-5, 0.000945268)), (2, (3, 0.000391686, 4.0533e-5, 0.00043245)), (2, (4, 0.000550425, 4.5339e-5, 0.000596031)), (2, (5, 0.00082537, 7.2258e-5, 0.000897849)), (2, (6, 0.000680245, 5.6767e-5, 0.000737332)), (1, (7, 0.000409859, 7.4061e-5, 0.00048428))]), (7648, 16, 0.000892994, [(2, (0, 0.000686003, 1.7752e-5, 0.000704055)), (2, (1, 0.000442272, 0.00017552, 0.000618012)), (2, (2, 0.000591495, 8.5803e-5, 0.000677529)), (2, (3, 0.00060527, 0.000106484, 0.000712046)), (2, (4, 0.000425903, 3.999e-5, 0.000466193)), (2, (5, 0.000446432, 0.000184253, 0.000630981)), (2, (6, 0.000607245, 5.5364e-5, 0.00066291)), (2, (7, 0.000712962, 7.1796e-5, 0.000784999))]), (7664, 16, 0.000866674, [(2, (0, 0.000423483, 1.7985e-5, 0.000441726)), (2, (1, 0.000516761, 6.4847e-5, 0.000581864)), (2, (2, 0.000788469, 4.8582e-5, 0.000837324)), (2, (3, 0.000425042, 0.000122364, 0.000547642)), (2, (4, 0.000398155, 3.5998e-5, 0.000434434)), (2, (5, 0.000401476, 0.000114439, 0.000516195)), (2, (6, 0.000316659, 8.1008e-5, 0.000397898)), (2, (7, 0.000479119, 9.8389e-5, 0.000577807))]), (7680, 16, 0.000790263, [(2, (0, 0.000376086, 1.7956e-5, 0.000394309)), (2, (1, 0.000400699, 6.9818e-5, 0.000470928)), (2, (2, 0.000652018, 5.5938e-5, 0.000708506)), (2, (3, 0.000448496, 9.4149e-5, 0.000542901)), (2, (4, 0.000448765, 3.776e-5, 0.000486776)), (2, (5, 0.000514486, 0.000224211, 0.000739334)), (2, (6, 0.000526649, 0.00018484, 0.000711748)), (2, (7, 0.00039757, 0.000205948, 0.000603865))]), (7696, 16, 0.000711794, [(2, (0, 0.000346911, 1.8302e-5, 0.000365525)), (2, (1, 0.000589496, 3.4987e-5, 0.000628555)), (2, (2, 0.000325907, 0.000158483, 0.00048477)), (2, (3, 0.000402531, 0.000171646, 0.00057441)), (2, (4, 0.000389187, 5.0145e-5, 0.000439594)), (2, (5, 0.000379419, 8.1467e-5, 0.000461141)), (2, (6, 0.000459216, 6.3087e-5, 0.000522587)), (2, (7, 0.000452666, 0.000180094, 0.00063304))]), (7712, 16, 0.000627742, [(2, (0, 0.000412167, 1.8217e-5, 0.000430657)), (2, (1, 0.000363356, 6.4001e-5, 0.000427611)), (2, (2, 0.000564569, 5.054e-5, 0.000615397)), (2, (3, 0.000380713, 5.1516e-5, 0.000432466)), (2, (4, 0.000336659, 3.6746e-5, 0.000373678)), (2, (5, 0.000506577, 7.5628e-5, 0.000582458)), (2, (6, 0.000470286, 6.6931e-5, 0.000537432)), (2, (7, 0.00039839, 7.2283e-5, 0.000470957))]), (7728, 16, 0.000783813, [(2, (0, 0.000422299, 1.6781e-5, 0.000439295)), (2, (1, 0.000732769, 1.8765e-5, 0.000751769)), (2, (2, 0.000533524, 9.8852e-5, 0.000632618)), (2, (3, 0.000588989, 0.000106936, 0.000696212)), (2, (4, 0.000481465, 4.9633e-5, 0.000531356)), (2, (5, 0.000449541, 8.1337e-5, 0.000531134)), (2, (6, 0.000619362, 5.0145e-5, 0.000669732)), (2, (7, 0.000489959, 6.5727e-5, 0.000555948))]), (7744, 16, 0.000928411, [(2, (0, 0.00034426, 1.653e-5, 0.000361022)), (2, (1, 0.000380157, 6.5529e-5, 0.000445897)), (2, (2, 0.000429745, 5.0004e-5, 0.000480012)), (2, (3, 0.000455036, 9.9462e-5, 0.000554737)), (2, (4, 0.000347821, 3.3634e-5, 0.000381712)), (2, (5, 0.000509473, 0.000143281, 0.000653147)), (2, (6, 0.000647835, 8.2849e-5, 0.000730953)), (2, (7, 0.000673767, 0.000120784, 0.00079484))]), (7760, 16, 0.000966718, [(2, (0, 0.000752546, 2.5365e-5, 0.000778218)), (2, (1, 0.000613643, 3.9287e-5, 0.00065336)), (2, (2, 0.000477798, 7.184e-5, 0.000549999)), (2, (3, 0.000554854, 7.2834e-5, 0.000627954)), (2, (4, 0.000552543, 4.5004e-5, 0.000597812)), (2, (5, 0.000802382, 0.000109314, 0.000912049)), (2, (6, 0.000765761, 6.766e-5, 0.000833716)), (2, (7, 0.00049234, 7.7431e-5, 0.00057008))]), (7776, 16, 0.000848302, [(2, (0, 0.000660976, 5.2408e-5, 0.000713653)), (2, (1, 0.000562901, 0.000125602, 0.000688778)), (2, (2, 0.000587479, 0.000109848, 0.000697713)), (2, (3, 0.000522574, 0.000166651, 0.000689527)), (2, (4, 0.000622485, 2.135e-5, 0.000644176)), (2, (5, 0.000625353, 0.000172077, 0.000797689)), (2, (6, 0.0004345, 3.7271e-5, 0.000472081)), (2, (7, 0.00045481, 0.000143168, 0.000598226))]), (7792, 16, 0.000853769, [(2, (0, 0.000543315, 1.7263e-5, 0.000560859)), (2, (1, 0.000338696, 3.4977e-5, 0.000373924)), (2, (2, 0.000634509, 0.000102723, 0.000737488)), (2, (3, 0.000677612, 0.000128406, 0.000806261)), (2, (4, 0.000499877, 4.9985e-5, 0.000550123)), (2, (5, 0.000350887, 0.000120586, 0.000471725)), (2, (6, 0.000392599, 6.9554e-5, 0.000462414)), (2, (7, 0.000412248, 8.6413e-5, 0.000498914))]), (7808, 16, 0.000647844, [(2, (0, 0.000331595, 1.9383e-5, 0.000351214)), (2, (1, 0.000361929, 5.6733e-5, 0.000418934)), (2, (2, 0.000484908, 5.2231e-5, 0.00053746)), (2, (3, 0.000496774, 7.7409e-5, 0.000574569)), (2, (4, 0.000390686, 3.6694e-5, 0.000427603)), (2, (5, 0.000385792, 7.4113e-5, 0.000460206)), (2, (6, 0.000354048, 6.8372e-5, 0.000422686)), (2, (7, 0.000390324, 0.00013577, 0.000526333))]), (7824, 16, 0.000902458, [(2, (0, 0.000666807, 0.000109947, 0.000777074)), (2, (1, 0.000503223, 5.0043e-5, 0.000553529)), (2, (2, 0.000488926, 0.000103328, 0.000592523)), (2, (3, 0.000748475, 0.000100333, 0.000849065)), (2, (4, 0.000473679, 1.8704e-5, 0.000492705)), (2, (5, 0.00044175, 3.4144e-5, 0.000476231)), (2, (6, 0.000471496, 2.9024e-5, 0.000500814)), (2, (7, 0.000464822, 6.7012e-5, 0.000532086))]), (7840, 16, 0.000826631, [(2, (0, 0.000464412, 1.7927e-5, 0.000482594)), (2, (1, 0.000546448, 0.00024646, 0.000793429)), (2, (2, 0.000439716, 5.3436e-5, 0.000493394)), (2, (3, 0.00044267, 8.641e-5, 0.00052935)), (2, (4, 0.000556143, 7.1791e-5, 0.000628256)), (2, (5, 0.000418391, 0.000249414, 0.000668157)), (2, (6, 0.000417247, 0.000107695, 0.000525268)), (2, (7, 0.000357281, 0.000193258, 0.000555266))]), (7856, 16, 0.000882264, [(2, (0, 0.000438879, 1.9484e-5, 0.000458627)), (2, (1, 0.000342233, 7.2571e-5, 0.000415074)), (2, (2, 0.000409867, 6.2326e-5, 0.000473056)), (2, (3, 0.000382485, 0.000111067, 0.000493828)), (2, (4, 0.000356785, 3.8636e-5, 0.00039572)), (2, (5, 0.000446561, 0.000129187, 0.000576059)), (2, (6, 0.000475705, 9.2289e-5, 0.000568275)), (2, (7, 0.000598356, 0.000174842, 0.000773727))]), (7872, 16, 0.000841815, [(2, (0, 0.000516229, 1.8813e-5, 0.000535322)), (2, (1, 0.000618725, 6.5919e-5, 0.000684895)), (2, (2, 0.000423123, 4.8044e-5, 0.000471405)), (2, (3, 0.000437879, 0.000120835, 0.000558987)), (2, (4, 0.00054528, 3.5293e-5, 0.000580808)), (2, (5, 0.000368414, 0.000156969, 0.00052564)), (2, (6, 0.000453195, 0.00013384, 0.000587249)), (2, (7, 0.000584616, 0.000148399, 0.000733272))]), (7888, 16, 0.001064335, [(2, (0, 0.000549334, 5.3051e-5, 0.000602646)), (2, (1, 0.000316405, 3.3684e-5, 0.000350352)), (2, (2, 0.000800949, 0.000230462, 0.001031833)), (2, (3, 0.000526265, 0.000229496, 0.000755992)), (2, (4, 0.000446539, 1.8664e-5, 0.000465435)), (2, (5, 0.000527748, 0.000143597, 0.000671627)), (2, (6, 0.000561007, 7.2539e-5, 0.000633825)), (2, (7, 0.00037121, 0.000126303, 0.000497746))]), (7904, 16, 0.000833651, [(2, (0, 0.000458285, 8.1823e-5, 0.000540463)), (2, (1, 0.000396872, 0.000121747, 0.000518885)), (2, (2, 0.000731743, 5.7202e-5, 0.000789217)), (2, (3, 0.000476925, 6.4189e-5, 0.00054146)), (2, (4, 0.000687951, 5.2465e-5, 0.00074087)), (2, (5, 0.000520872, 0.000123077, 0.000644258)), (2, (6, 0.000525009, 0.000111357, 0.00063671)), (2, (7, 0.000494571, 0.000129103, 0.000623928))]), (7920, 16, 0.000833998, [(2, (0, 0.000407284, 1.9795e-5, 0.000427372)), (2, (1, 0.00040755, 0.000226161, 0.000634176)), (2, (2, 0.000445402, 9.7581e-5, 0.000543334)), (2, (3, 0.000548248, 0.000198732, 0.000747235)), (2, (4, 0.000564378, 4.2634e-5, 0.000607258)), (2, (5, 0.00069951, 7.0429e-5, 0.000770204)), (2, (6, 0.00041163, 5.5124e-5, 0.000467024)), (2, (7, 0.000521029, 0.000183798, 0.000705146))]), (7936, 16, 0.001317923, [(2, (0, 0.00040882, 1.8976e-5, 0.000428052)), (2, (1, 0.000599553, 2.0705e-5, 0.000620519)), (2, (2, 0.00041843, 8.4947e-5, 0.000503681)), (2, (3, 0.000527821, 8.4163e-5, 0.000612251)), (2, (4, 0.000584804, 0.000101004, 0.000686088)), (2, (5, 0.000815976, 0.000165809, 0.000982776)), (2, (6, 0.000526965, 0.000116174, 0.000643375)), (2, (7, 0.001046784, 0.000131303, 0.00117836))]), (7952, 16, 0.000844522, [(2, (0, 0.000671241, 1.9818e-5, 0.000691323)), (2, (1, 0.000483609, 3.5624e-5, 0.00051948)), (2, (2, 0.000502291, 9.9299e-5, 0.000601856)), (2, (3, 0.000509079, 0.000123262, 0.0006326)), (2, (4, 0.000553307, 5.4289e-5, 0.00060788)), (2, (5, 0.000681561, 0.000115766, 0.00079755)), (2, (6, 0.000587896, 6.7738e-5, 0.00065594)), (2, (7, 0.000630941, 8.3579e-5, 0.000714787))]), (7968, 16, 0.001092689, [(2, (0, 0.000419376, 1.8993e-5, 0.000438642)), (2, (1, 0.000656056, 4.0842e-5, 0.000697127)), (2, (2, 0.000600747, 0.000109063, 0.000710082)), (2, (3, 0.000738738, 0.000294983, 0.001034316)), (2, (4, 0.000756962, 5.6971e-5, 0.000814308)), (2, (5, 0.00034878, 0.000294945, 0.000643967)), (2, (6, 0.000382034, 7.3716e-5, 0.000455989)), (2, (7, 0.000618106, 9.2452e-5, 0.000711022))]), (7984, 16, 0.001106951, [(2, (0, 0.000492205, 5.5699e-5, 0.000548246)), (2, (1, 0.000495949, 9.1136e-5, 0.000587412)), (2, (2, 0.000492152, 7.2855e-5, 0.000565326)), (2, (3, 0.000641749, 0.000177349, 0.000819605)), (2, (4, 0.000410319, 2.217e-5, 0.000432741)), (2, (5, 0.000507837, 0.000125613, 0.000633682)), (2, (6, 0.000529018, 4.1067e-5, 0.000570407)), (2, (7, 0.000898246, 0.000109128, 0.001007644))]), (8000, 16, 0.002117145, [(2, (0, 0.000385929, 2.1912e-5, 0.000408089)), (2, (1, 0.00051178, 5.2076e-5, 0.000564139)), (2, (2, 0.000520358, 7.3055e-5, 0.000593743)), (2, (3, 0.000499277, 9.4723e-5, 0.000594298)), (2, (4, 0.00094654, 4.1579e-5, 0.000988389)), (2, (5, 0.000433647, 8.0242e-5, 0.000514161)), (2, (6, 0.001855873, 7.0239e-5, 0.001926433)), (2, (7, 0.00059938, 8.6062e-5, 0.000685717))]), (8016, 16, 0.000985926, [(2, (0, 0.000465045, 1.7659e-5, 0.000482975)), (2, (1, 0.000808202, 0.00013115, 0.00093981)), (2, (2, 0.000598651, 0.000116069, 0.000715046)), (2, (3, 0.000505826, 0.000248189, 0.000754697)), (2, (4, 0.000413482, 3.8457e-5, 0.000452255)), (2, (5, 0.000388205, 0.000213089, 0.000601731)), (2, (6, 0.000432476, 0.00015497, 0.000587744)), (2, (7, 0.000458262, 0.00017056, 0.000629097))]), (8032, 16, 0.000750472, [(2, (0, 0.000434651, 1.9835e-5, 0.00045478)), (2, (1, 0.000497931, 7.7408e-5, 0.000575593)), (2, (2, 0.000466514, 5.9911e-5, 0.000526721)), (2, (3, 0.000430582, 0.000131254, 0.000562087)), (2, (4, 0.00035288, 4.8103e-5, 0.000401318)), (2, (5, 0.00051607, 0.000182702, 0.000699265)), (2, (6, 0.000391785, 9.2559e-5, 0.000484642)), (2, (7, 0.000432829, 0.000113991, 0.000547131))]), (8048, 16, 0.000682765, [(2, (0, 0.000545588, 1.7915e-5, 0.000563772)), (2, (1, 0.000616979, 3.6315e-5, 0.000653562)), (2, (2, 0.000391873, 0.000100451, 0.000492557)), (2, (3, 0.000465423, 0.000126958, 0.000592663)), (2, (4, 0.0004385, 5.3713e-5, 0.000492438)), (2, (5, 0.000396819, 0.0001186, 0.000515672)), (2, (6, 0.000444753, 7.0646e-5, 0.000515716)), (2, (7, 0.000446082, 8.2818e-5, 0.000529159))]), (8064, 16, 0.000821903, [(2, (0, 0.000449447, 1.8026e-5, 0.000467729)), (2, (1, 0.000535454, 8.2425e-5, 0.00061816)), (2, (2, 0.000418896, 4.9849e-5, 0.000468973)), (2, (3, 0.000454279, 9.9523e-5, 0.000554071)), (2, (4, 0.000490672, 3.7251e-5, 0.000528176)), (2, (5, 0.000397061, 0.000115517, 0.000512794)), (2, (6, 0.000463531, 6.5132e-5, 0.000528899)), (2, (7, 0.000592358, 0.000125441, 0.000718054))]), (8080, 16, 0.000929407, [(2, (0, 0.000636923, 1.6636e-5, 0.000653835)), (2, (1, 0.000385489, 0.000123254, 0.000509004)), (2, (2, 0.000478575, 6.5289e-5, 0.000544111)), (2, (3, 0.000629319, 0.000204604, 0.000834387)), (2, (4, 0.000471763, 3.5438e-5, 0.000507456)), (2, (5, 0.000553758, 0.000138405, 0.000692414)), (2, (6, 0.00049378, 4.9506e-5, 0.00054367)), (2, (7, 0.000540787, 0.000156867, 0.000697885))]), (8096, 16, 0.001080849, [(2, (0, 0.000809172, 8.406e-6, 0.000817829)), (2, (1, 0.000479916, 6.4221e-5, 0.000544458)), (2, (2, 0.000707415, 4.311e-5, 0.000750771)), (2, (3, 0.000545365, 0.000162395, 0.000708041)), (2, (4, 0.000600141, 3.1047e-5, 0.000631537)), (2, (5, 0.000867704, 0.000152748, 0.001020968)), (2, (6, 0.000474515, 8.2118e-5, 0.00055692)), (2, (7, 0.000568762, 0.000250193, 0.000819386))]), (8112, 16, 0.000722091, [(2, (0, 0.00061707, 1.8894e-5, 0.000636238)), (2, (1, 0.000616873, 3.6249e-5, 0.000653361)), (2, (2, 0.000665668, 3.52e-5, 0.00070111)), (2, (3, 0.000422082, 4.9255e-5, 0.000471647)), (2, (4, 0.000358562, 5.3787e-5, 0.00041263)), (2, (5, 0.000457643, 7.2906e-5, 0.000530895)), (2, (6, 0.000487237, 6.1691e-5, 0.000549173)), (2, (7, 0.0005467, 0.000122144, 0.000669323))]), (8128, 16, 0.000722532, [(2, (0, 0.000549506, 1.7801e-5, 0.000567555)), (2, (1, 0.000422943, 1.9469e-5, 0.00044267)), (2, (2, 0.000508018, 9.3188e-5, 0.000601453)), (2, (3, 0.000366381, 9.3206e-5, 0.000459826)), (2, (4, 0.000420973, 0.000102208, 0.000523433)), (2, (5, 0.000504627, 0.000168046, 0.000673069)), (2, (6, 0.000431484, 0.000119511, 0.000551357)), (2, (7, 0.000332339, 0.000118673, 0.000451253))]), (8144, 16, 0.000734863, [(2, (0, 0.000596033, 4.6877e-5, 0.000643125)), (2, (1, 0.000429757, 3.1927e-5, 0.000461896)), (2, (2, 0.000582908, 0.000121864, 0.000705053)), (2, (3, 0.000475947, 0.000122225, 0.000598396)), (2, (4, 0.000473273, 1.9927e-5, 0.000493577)), (2, (5, 0.000452691, 7.9998e-5, 0.000533022)), (2, (6, 0.000520023, 6.3111e-5, 0.000583378)), (2, (7, 0.000460206, 9.6686e-5, 0.000557126))]), (8160, 16, 0.001054895, [(2, (0, 0.00067273, 1.6966e-5, 0.000690214)), (2, (1, 0.000495161, 9.8664e-5, 0.000594123)), (2, (2, 0.000404913, 5.251e-5, 0.000457724)), (2, (3, 0.000518679, 6.7587e-5, 0.000586503)), (2, (4, 0.000669065, 3.5859e-5, 0.000705191)), (2, (5, 0.000810005, 0.000168921, 0.000979718)), (2, (6, 0.000532743, 0.000115503, 0.000648514)), (2, (7, 0.000317609, 0.000132229, 0.000450083))]), (8176, 16, 0.000822348, [(2, (0, 0.000453316, 6.8764e-5, 0.00052241)), (2, (1, 0.000624637, 6.4949e-5, 0.000690008)), (2, (2, 0.000736122, 4.9099e-5, 0.000785675)), (2, (3, 0.000631265, 7.8445e-5, 0.000710045)), (2, (4, 0.000420149, 8.6156e-5, 0.000506544)), (2, (5, 0.000597805, 0.000141225, 0.000739514)), (2, (6, 0.000481144, 9.6528e-5, 0.000577968)), (2, (7, 0.00040798, 0.000115417, 0.000523751))]), (8192, 16, 0.000696447, [(2, (0, 0.00040931, 1.6124e-5, 0.000425716)), (2, (1, 0.000405727, 6.7156e-5, 0.000473262)), (2, (2, 0.000555803, 5.2884e-5, 0.000608977)), (2, (3, 0.00045515, 0.000116936, 0.000572328)), (2, (4, 0.000359187, 3.7418e-5, 0.000396871)), (2, (5, 0.000511237, 0.000100779, 0.000612249)), (2, (6, 0.000502767, 8.2804e-5, 0.000585886)), (2, (7, 0.000434538, 0.000126139, 0.000560969))]), (8208, 16, 0.000874089, [(2, (0, 0.000375846, 1.8209e-5, 0.000394345)), (2, (1, 0.000423881, 7.034e-5, 0.000494457)), (2, (2, 0.000322334, 5.923e-5, 0.000381879)), (2, (3, 0.000423852, 0.000127856, 0.000551981)), (2, (4, 0.00055189, 3.6036e-5, 0.000588166)), (2, (5, 0.000708639, 0.000105938, 0.000814804)), (2, (6, 0.000476114, 8.7572e-5, 0.000563956)), (2, (7, 0.000323702, 0.000119363, 0.000443314))]), (8224, 16, 0.000823597, [(2, (0, 0.000367784, 1.8412e-5, 0.000386473)), (2, (1, 0.000366135, 6.4845e-5, 0.000431242)), (2, (2, 0.00036301, 4.857e-5, 0.000411886)), (2, (3, 0.000563348, 8.1518e-5, 0.000645123)), (2, (4, 0.000444074, 3.4612e-5, 0.00047897)), (2, (5, 0.000538283, 0.000151253, 0.000689814)), (2, (6, 0.000401799, 0.000134591, 0.000536655)), (2, (7, 0.000525802, 0.00020062, 0.000726926))]), (8240, 16, 0.000928497, [(2, (0, 0.000560691, 1.8295e-5, 0.000579236)), (2, (1, 0.000483561, 6.6262e-5, 0.000550073)), (2, (2, 0.000424421, 3.566e-5, 0.000460401)), (2, (3, 0.000786178, 8.3371e-5, 0.000869826)), (2, (4, 0.000855966, 5.0692e-5, 0.000906956)), (2, (5, 0.000561018, 0.000162002, 0.000723272)), (2, (6, 0.000414508, 0.000143556, 0.000558316)), (2, (7, 0.000537224, 0.000152768, 0.000690275))]), (8256, 16, 0.000742539, [(2, (0, 0.000426555, 1.9452e-5, 0.000446305)), (2, (1, 0.000404913, 4.0026e-5, 0.000445257)), (2, (2, 0.000444333, 6.3557e-5, 0.00050831)), (2, (3, 0.000391844, 8.0653e-5, 0.000472803)), (2, (4, 0.000406942, 0.000120288, 0.000527536)), (2, (5, 0.000400339, 0.000136704, 0.000537321)), (2, (6, 0.000554656, 0.00013197, 0.000686919)), (2, (7, 0.000406346, 0.000142414, 0.000549014))]), (8272, 15, 0.000795962, [(2, (0, 0.000458295, 1.8288e-5, 0.000476875)), (2, (1, 0.000459054, 3.8181e-5, 0.000497467)), (2, (2, 0.000577582, 0.000100478, 0.000678345)), (2, (3, 0.000562493, 0.000176667, 0.000739608)), (2, (4, 0.000464537, 5.3796e-5, 0.000518626)), (2, (5, 0.000402919, 0.000123852, 0.000527031)), (2, (6, 0.000389994, 6.8299e-5, 0.00045856)), (1, (7, 0.00018139, 8.5938e-5, 0.000267593))]), (8288, 16, 0.000872284, [(2, (0, 0.000452025, 1.7073e-5, 0.000469382)), (2, (1, 0.000534498, 6.8915e-5, 0.000603722)), (2, (2, 0.000793802, 5.1369e-5, 0.000845417)), (2, (3, 0.000531221, 9.9416e-5, 0.000630855)), (2, (4, 0.000614533, 3.523e-5, 0.000649997)), (2, (5, 0.000656266, 0.000165672, 0.000822437)), (2, (6, 0.000394231, 8.4688e-5, 0.00048208)), (2, (7, 0.000368619, 0.000114431, 0.000483272))]), (8304, 16, 0.001212966, [(2, (0, 0.000837509, 2.1534e-5, 0.000861428)), (2, (1, 0.000842473, 4.6596e-5, 0.00088932)), (2, (2, 0.001067027, 0.000111735, 0.001179037)), (2, (3, 0.000731118, 0.00016745, 0.000898812)), (2, (4, 0.00084812, 6.7378e-5, 0.000915785)), (2, (5, 0.000660936, 0.000205485, 0.000866929)), (2, (6, 0.000394262, 7.6965e-5, 0.000471442)), (2, (7, 0.000463366, 9.4277e-5, 0.000557939))]), (8320, 16, 0.000946488, [(2, (0, 0.000923337, 2.1325e-5, 0.000944939)), (2, (1, 0.000725723, 9.9595e-5, 0.000825564)), (2, (2, 0.000876475, 5.8074e-5, 0.000934932)), (2, (3, 0.000684226, 0.000220974, 0.000905558)), (2, (4, 0.000473437, 4.1852e-5, 0.000515549)), (2, (5, 0.000593783, 0.000214296, 0.000809037)), (2, (6, 0.000575477, 8.8633e-5, 0.000664455)), (2, (7, 0.000650447, 0.000229836, 0.000880559))]), (8336, 16, 0.000712668, [(2, (0, 0.000390122, 1.8402e-5, 0.000408792)), (2, (1, 0.000359082, 0.000125731, 0.000485107)), (2, (2, 0.000608777, 7.1459e-5, 0.00068073)), (2, (3, 0.000364033, 0.000133693, 0.000497988)), (2, (4, 0.000391447, 3.6568e-5, 0.000428229)), (2, (5, 0.000473584, 0.000105313, 0.000579178)), (2, (6, 0.000424447, 5.5989e-5, 0.000480674)), (2, (7, 0.000428788, 8.4162e-5, 0.000513168))]), (8352, 11, 0.000553797, [(2, (0, 0.000392993, 2.0478e-5, 0.000413709)), (2, (1, 0.000354976, 8.3042e-5, 0.000438242)), (2, (2, 0.000459232, 6.8289e-5, 0.000527784)), (1, (3, 0.000229436, 0.000123356, 0.000353019)), (1, (4, 0.000242115, 3.6746e-5, 0.000279137)), (1, (5, 0.000206691, 9.8939e-5, 0.000305837)), (1, (6, 0.000206414, 5.3478e-5, 0.000260148)), (1, (7, 0.000232174, 0.000113759, 0.000346153))]), (8368, 13, 0.001665497, [(2, (0, 0.001390818, 1.9748e-5, 0.001410806)), (2, (1, 0.001539433, 6.9001e-5, 0.001608807)), (2, (2, 0.000734985, 5.1966e-5, 0.000787243)), (2, (3, 0.000382688, 0.000126389, 0.000509319)), (2, (4, 0.000611677, 3.7978e-5, 0.000649917)), (1, (5, 0.000143924, 0.000103613, 0.000247795)), (1, (6, 0.000372403, 8.6575e-5, 0.000459242)), (1, (7, 0.000468452, 0.000119518, 0.000588234))]), (8384, 15, 0.001877796, [(2, (0, 0.000613553, 2.3683e-5, 0.000637691)), (2, (1, 0.00082848, 0.000146925, 0.000975772)), (2, (2, 0.000633739, 5.3936e-5, 0.000687981)), (2, (3, 0.000570325, 0.000117637, 0.000688272)), (2, (4, 0.000784365, 4.0163e-5, 0.000824781)), (2, (5, 0.001726887, 9.9428e-5, 0.001826639)), (2, (6, 0.000732261, 8.56e-5, 0.000818273)), (1, (7, 0.00025261, 0.000153145, 0.000406052))]), (8400, 16, 0.000933995, [(2, (0, 0.000685045, 2.0398e-5, 0.000705703)), (2, (1, 0.000748223, 3.9136e-5, 0.000787657)), (2, (2, 0.000756026, 0.000149549, 0.000905798)), (2, (3, 0.000641352, 0.000167312, 0.000808955)), (2, (4, 0.000452247, 5.4703e-5, 0.000507242)), (2, (5, 0.000376841, 0.000130357, 0.000507425)), (2, (6, 0.00037065, 7.3719e-5, 0.000444617)), (2, (7, 0.000473259, 0.000174138, 0.000647682))]), (8416, 16, 0.000691967, [(2, (0, 0.000346646, 1.751e-5, 0.00036441)), (2, (1, 0.000566418, 6.9386e-5, 0.000636072)), (2, (2, 0.000484565, 5.3476e-5, 0.000538353)), (2, (3, 0.000512977, 0.000138472, 0.000651752)), (2, (4, 0.000317705, 3.6065e-5, 0.000353988)), (2, (5, 0.000557788, 0.000103579, 0.000661643)), (2, (6, 0.000420502, 8.5668e-5, 0.000506427)), (2, (7, 0.000443121, 0.000121436, 0.000564782))]), (8432, 16, 0.001184994, [(2, (0, 0.000823885, 1.718e-5, 0.00084138)), (2, (1, 0.000782637, 1.8948e-5, 0.000801829)), (2, (2, 0.000504701, 9.3863e-5, 0.000598849)), (2, (3, 0.00045533, 0.00010268, 0.000558272)), (2, (4, 0.000749454, 4.8187e-5, 0.000797891)), (2, (5, 0.000717071, 6.3549e-5, 0.000780895)), (2, (6, 0.000516695, 4.8835e-5, 0.000565825)), (2, (7, 0.000966741, 7.8932e-5, 0.001045957))]), (8448, 15, 0.001015839, [(2, (0, 0.000530006, 1.3414e-5, 0.000543679)), (2, (1, 0.000397414, 0.000177828, 0.000575522)), (2, (2, 0.000758735, 0.000161991, 0.000921067)), (2, (3, 0.000590609, 0.000199997, 0.000790856)), (2, (4, 0.000792848, 5.6512e-5, 0.000849616)), (2, (5, 0.000540247, 0.000145191, 0.000685852)), (2, (6, 0.000829588, 0.000116463, 0.000946367)), (1, (7, 0.000209694, 0.0001297, 0.000339764))]), (8464, 16, 0.001176651, [(2, (0, 0.000752271, 2.2855e-5, 0.000775447)), (2, (1, 0.000734309, 8.7264e-5, 0.000821829)), (2, (2, 0.000626138, 5.4399e-5, 0.000680823)), (2, (3, 0.000710812, 6.9428e-5, 0.000780447)), (2, (4, 0.000758338, 3.7932e-5, 0.000796533)), (2, (5, 0.000483159, 0.00012065, 0.000604035)), (2, (6, 0.000482534, 0.000105718, 0.000588554)), (2, (7, 0.000897278, 0.000172478, 0.001070272))]), (8480, 16, 0.000733435, [(2, (0, 0.000387152, 1.6885e-5, 0.000404299)), (2, (1, 0.000392194, 6.6788e-5, 0.000459259)), (2, (2, 0.000413492, 4.9264e-5, 0.000463018)), (2, (3, 0.000356886, 0.000135593, 0.000492751)), (2, (4, 0.000440072, 3.6498e-5, 0.00048012)), (2, (5, 0.000506576, 0.000175592, 0.00068242)), (2, (6, 0.000404218, 0.000151064, 0.000555527)), (2, (7, 0.000398916, 0.000168681, 0.000567867))]), (8496, 16, 0.000788775, [(2, (0, 0.000311254, 1.7311e-5, 0.000328794)), (2, (1, 0.000562742, 3.6749e-5, 0.000599732)), (2, (2, 0.000510777, 7.7126e-5, 0.000588233)), (2, (3, 0.000361787, 8.3084e-5, 0.00044513)), (2, (4, 0.00039291, 5.5182e-5, 0.000448342)), (2, (5, 0.000374385, 0.000330164, 0.000704667)), (2, (6, 0.000436998, 6.7838e-5, 0.000505072)), (2, (7, 0.000545459, 7.1301e-5, 0.000617067))]), (8512, 16, 0.000827015, [(2, (0, 0.000464627, 1.849e-5, 0.000483438)), (2, (1, 0.000604276, 0.000190165, 0.000794975)), (2, (2, 0.000532443, 6.827e-5, 0.000600962)), (2, (3, 0.000414375, 0.000188324, 0.00060298)), (2, (4, 0.000423908, 3.499e-5, 0.000459148)), (2, (5, 0.000378841, 0.000112428, 0.000491531)), (2, (6, 0.000489219, 5.526e-5, 0.000544756)), (2, (7, 0.00047803, 9.6323e-5, 0.000574726))]), (8528, 16, 0.000630825, [(2, (0, 0.000372755, 1.7707e-5, 0.000390763)), (2, (1, 0.00037316, 6.5142e-5, 0.000438579)), (2, (2, 0.000457377, 3.7776e-5, 0.000495391)), (2, (3, 0.000466121, 8.2884e-5, 0.000549298)), (2, (4, 0.000508001, 4.9358e-5, 0.000557608)), (2, (5, 0.000390071, 0.000129958, 0.00052039)), (2, (6, 0.000480657, 0.000110465, 0.000591383)), (2, (7, 0.00044444, 0.000135546, 0.000580224))]), (8544, 16, 0.000562453, [(2, (0, 0.000341845, 9.232e-6, 0.000351299)), (2, (1, 0.000391021, 1.1846e-5, 0.000403129)), (2, (2, 0.000419906, 4.0404e-5, 0.000460564)), (2, (3, 0.000403699, 7.7141e-5, 0.000481097)), (2, (4, 0.000449736, 1.1508e-5, 0.000461484)), (2, (5, 0.000370619, 7.0365e-5, 0.000441226)), (2, (6, 0.000469243, 2.2242e-5, 0.000491747)), (2, (7, 0.000354826, 5.6127e-5, 0.000411228))]), (8560, 16, 0.000799931, [(2, (0, 0.000493661, 1.8473e-5, 0.000512384)), (2, (1, 0.000645973, 0.000124739, 0.000771198)), (2, (2, 0.000446169, 3.4603e-5, 0.000481008)), (2, (3, 0.000426933, 0.000126036, 0.000553239)), (2, (4, 0.00028902, 3.1314e-5, 0.00032058)), (2, (5, 0.000380263, 4.8389e-5, 0.000428875)), (2, (6, 0.00036708, 3.3377e-5, 0.000400711)), (2, (7, 0.000408356, 3.9012e-5, 0.000447622))]), (8576, 16, 0.001157519, [(2, (0, 0.000440068, 1.7273e-5, 0.000457629)), (2, (1, 0.000634069, 0.000159407, 0.000793732)), (2, (2, 0.000735045, 0.000127573, 0.000862937)), (2, (3, 0.000950897, 0.000142544, 0.001093786)), (2, (4, 0.000773114, 3.5979e-5, 0.000809326)), (2, (5, 0.000398399, 0.000167758, 0.000566386)), (2, (6, 0.000382794, 5.1386e-5, 0.000434403)), (2, (7, 0.000394094, 7.0425e-5, 0.000464799))]), (8592, 16, 0.000738965, [(2, (0, 0.000347732, 1.8141e-5, 0.000366125)), (2, (1, 0.000439507, 2.0515e-5, 0.000460279)), (2, (2, 0.000421204, 0.000112689, 0.000534238)), (2, (3, 0.000564918, 0.000135312, 0.000700717)), (2, (4, 0.000457206, 5.5135e-5, 0.000512676)), (2, (5, 0.000580522, 7.2818e-5, 0.000653685)), (2, (6, 0.000479607, 5.5619e-5, 0.000535515)), (2, (7, 0.000539877, 9.1159e-5, 0.000631287))]), (8608, 16, 0.000675011, [(2, (0, 0.000333019, 1.7591e-5, 0.000350848)), (2, (1, 0.000444339, 2.0159e-5, 0.00046474)), (2, (2, 0.000510559, 5.3944e-5, 0.000564812)), (2, (3, 0.000573665, 5.4256e-5, 0.000628198)), (2, (4, 0.00044586, 9.1529e-5, 0.00053769)), (2, (5, 0.000463699, 0.000106002, 0.000569947)), (2, (6, 0.000413784, 9.2379e-5, 0.000506447)), (2, (7, 0.000380135, 9.8363e-5, 0.000478837))]), (8624, 16, 0.000823097, [(2, (0, 0.000383005, 1.7638e-5, 0.000400884)), (2, (1, 0.000407592, 8.7209e-5, 0.000495051)), (2, (2, 0.000508459, 5.0662e-5, 0.000559349)), (2, (3, 0.000488943, 6.6202e-5, 0.000555382)), (2, (4, 0.00049555, 3.7258e-5, 0.000533066)), (2, (5, 0.000521679, 0.000119784, 0.000641716)), (2, (6, 0.000499756, 0.000103182, 0.0006032)), (2, (7, 0.000591085, 0.000128724, 0.00072003))]), (8640, 16, 0.00076678, [(2, (0, 0.000508769, 1.6738e-5, 0.000525761)), (2, (1, 0.000612288, 7.8661e-5, 0.000691201)), (2, (2, 0.000537217, 3.5391e-5, 0.000572864)), (2, (3, 0.000567918, 0.000132838, 0.000701036)), (2, (4, 0.00055796, 6.332e-5, 0.000621561)), (2, (5, 0.000564946, 0.000164556, 0.000729766)), (2, (6, 0.000459199, 0.000148403, 0.000607874)), (2, (7, 0.000462259, 0.000172361, 0.000634893))]), (8656, 16, 0.000989001, [(2, (0, 0.00068916, 5.0618e-5, 0.000740036)), (2, (1, 0.000387639, 0.00015033, 0.000538225)), (2, (2, 0.000638718, 0.000142003, 0.000780964)), (2, (3, 0.000530924, 0.000269161, 0.000800349)), (2, (4, 0.000690888, 1.8126e-5, 0.000709259)), (2, (5, 0.000404836, 0.000106066, 0.000511369)), (2, (6, 0.000916288, 3.4739e-5, 0.000951269)), (2, (7, 0.000445617, 6.7081e-5, 0.000512982))]), (8672, 16, 0.00089085, [(2, (0, 0.000490689, 1.8499e-5, 0.000509444)), (2, (1, 0.000532937, 4.4425e-5, 0.000577641)), (2, (2, 0.000494198, 5.7169e-5, 0.00055161)), (2, (3, 0.000584783, 7.2926e-5, 0.000657959)), (2, (4, 0.000538367, 0.000104939, 0.000643538)), (2, (5, 0.000490301, 0.000128353, 0.000619039)), (2, (6, 0.000487244, 0.000105258, 0.000592742)), (2, (7, 0.000644176, 0.000150254, 0.000794859))]), (8688, 16, 0.000788076, [(2, (0, 0.000479575, 1.7922e-5, 0.000497741)), (2, (1, 0.000606747, 6.2602e-5, 0.000669597)), (2, (2, 0.000351352, 2.8038e-5, 0.00037964)), (2, (3, 0.000504394, 8.1105e-5, 0.000585905)), (2, (4, 0.000382864, 5.0463e-5, 0.00043359)), (2, (5, 0.000353126, 0.000119847, 0.00047324)), (2, (6, 0.000630993, 9.6179e-5, 0.000727403)), (2, (7, 0.000360127, 0.000110617, 0.000471043))]), (8704, 16, 0.000668033, [(2, (0, 0.000418308, 1.6953e-5, 0.000435545)), (2, (1, 0.000574734, 7.372e-5, 0.000648706)), (2, (2, 0.000303297, 4.9065e-5, 0.000352641)), (2, (3, 0.000508086, 9.137e-5, 0.000599697)), (2, (4, 0.00047731, 3.2344e-5, 0.000509898)), (2, (5, 0.000511715, 0.000131893, 0.000643897)), (2, (6, 0.000353892, 0.000107159, 0.000461292)), (2, (7, 0.000483636, 0.00012268, 0.000606568))]), (8720, 16, 0.000748955, [(2, (0, 0.000396964, 1.8965e-5, 0.000416188)), (2, (1, 0.000488352, 2.0021e-5, 0.000508611)), (2, (2, 0.000452373, 0.000100286, 0.00055293)), (2, (3, 0.000540122, 0.000148101, 0.000688704)), (2, (4, 0.000376269, 5.1246e-5, 0.000427736)), (2, (5, 0.00046885, 8.2828e-5, 0.000551948)), (2, (6, 0.000525335, 5.1978e-5, 0.000577647)), (2, (7, 0.000392554, 6.7845e-5, 0.000460652))]), (8736, 16, 0.000926854, [(2, (0, 0.00058746, 1.7106e-5, 0.000604823)), (2, (1, 0.000824054, 6.777e-5, 0.000892116)), (2, (2, 0.000694533, 5.1776e-5, 0.00074659)), (2, (3, 0.000340261, 0.000138228, 0.000478751)), (2, (4, 0.000438209, 3.4515e-5, 0.000472987)), (2, (5, 0.000639513, 0.00010307, 0.000742848)), (2, (6, 0.000380224, 8.7669e-5, 0.000468154)), (2, (7, 0.000503079, 0.000174732, 0.000678212))]), (8752, 16, 0.000884008, [(2, (0, 0.000399534, 1.7539e-5, 0.00041737)), (2, (1, 0.000479158, 6.8837e-5, 0.0005482)), (2, (2, 0.000481425, 3.7714e-5, 0.00051941)), (2, (3, 0.000546684, 8.8061e-5, 0.000634977)), (2, (4, 0.000435186, 5.7575e-5, 0.000493083)), (2, (5, 0.000710263, 0.000125998, 0.000836571)), (2, (6, 0.00048081, 0.000103516, 0.000584579)), (2, (7, 0.000459838, 0.000133664, 0.000593726))]), (8768, 16, 0.000859785, [(2, (0, 0.000393913, 1.8396e-5, 0.000412585)), (2, (1, 0.000469114, 0.000107175, 0.00057653)), (2, (2, 0.000698015, 9.2093e-5, 0.000790378)), (2, (3, 0.000692378, 0.000121878, 0.000814492)), (2, (4, 0.000539241, 3.5616e-5, 0.000575167)), (2, (5, 0.000550043, 0.000205982, 0.000756521)), (2, (6, 0.000540342, 0.000138426, 0.000682882)), (2, (7, 0.000537866, 0.000152137, 0.000690264))]), (8784, 16, 0.000987351, [(2, (0, 0.000427939, 1.6511e-5, 0.000444721)), (2, (1, 0.000787493, 3.1473e-5, 0.000819227)), (2, (2, 0.000674834, 4.8964e-5, 0.000724043)), (2, (3, 0.000488788, 6.4985e-5, 0.00055402)), (2, (4, 0.000441769, 9.5027e-5, 0.000537052)), (2, (5, 0.00057814, 0.000114471, 0.000692841)), (2, (6, 0.000375962, 9.6042e-5, 0.000472238)), (2, (7, 0.00074972, 0.000165468, 0.000915637))]), (8800, 16, 0.000803957, [(2, (0, 0.000585084, 2.7202e-5, 0.000612541)), (2, (1, 0.00052146, 3.6183e-5, 0.000557922)), (2, (2, 0.000464938, 2.0429e-5, 0.000485614)), (2, (3, 0.000388404, 2.1963e-5, 0.000410628)), (2, (4, 0.000424316, 4.0323e-5, 0.000464891)), (2, (5, 0.000677077, 5.3399e-5, 0.000730735)), (2, (6, 0.000503855, 4.8728e-5, 0.000552837)), (2, (7, 0.000669416, 6.1672e-5, 0.000731406))]), (8816, 16, 0.000944489, [(2, (0, 0.000470022, 4.9074e-5, 0.000519348)), (2, (1, 0.000710093, 0.000190111, 0.000900715)), (2, (2, 0.000433013, 0.000149614, 0.000582991)), (2, (3, 0.000556414, 0.000202216, 0.000759097)), (2, (4, 0.000433449, 2.0136e-5, 0.000453843)), (2, (5, 0.00052619, 3.301e-5, 0.000559452)), (2, (6, 0.000560656, 2.038e-5, 0.000581536)), (2, (7, 0.000526728, 0.000100444, 0.000627657))]), (8832, 16, 0.000771112, [(2, (0, 0.000531717, 6.167e-5, 0.000593667)), (2, (1, 0.000513472, 9.4958e-5, 0.000608709)), (2, (2, 0.000447541, 4.0509e-5, 0.000488393)), (2, (3, 0.000550892, 7.7022e-5, 0.00062817)), (2, (4, 0.000325949, 2.1632e-5, 0.00034787)), (2, (5, 0.000548195, 0.000176721, 0.000725708)), (2, (6, 0.000563939, 0.000112602, 0.000676779)), (2, (7, 0.00049211, 0.000128582, 0.000620941))]), (8848, 15, 0.000864171, [(2, (0, 0.00054093, 2.0092e-5, 0.000561342)), (2, (1, 0.000383277, 0.000135278, 0.000518841)), (2, (2, 0.000710294, 5.2239e-5, 0.000762837)), (2, (3, 0.00075359, 6.9808e-5, 0.00082367)), (2, (4, 0.000617158, 4.0878e-5, 0.000658249)), (2, (5, 0.000472803, 0.000125933, 0.000598971)), (2, (6, 0.000522935, 9.537e-5, 0.000618569)), (1, (7, 0.000176178, 0.000109401, 0.000285832))]), (8864, 14, 0.000885409, [(2, (0, 0.000861548, 2.1925e-5, 0.000883731)), (2, (1, 0.000794623, 7.0494e-5, 0.000865364)), (2, (2, 0.000818345, 3.8419e-5, 0.000857022)), (2, (3, 0.00061445, 0.000109565, 0.000724305)), (2, (4, 0.000597421, 5.4253e-5, 0.000651944)), (2, (5, 0.000548043, 0.000126723, 0.000675026)), (1, (6, 0.00036299, 9.0821e-5, 0.000454067)), (1, (7, 0.000173457, 0.000133178, 0.000306864))]), (8880, 16, 0.000966583, [(2, (0, 0.000437453, 1.7164e-5, 0.000454876)), (2, (1, 0.000758152, 0.000136312, 0.000894852)), (2, (2, 0.000474876, 5.4776e-5, 0.000529896)), (2, (3, 0.000574085, 9.6828e-5, 0.000671417)), (2, (4, 0.00078795, 3.9585e-5, 0.000827893)), (2, (5, 0.000572777, 0.000309325, 0.000882726)), (2, (6, 0.000607969, 0.000152034, 0.000760291)), (2, (7, 0.000516993, 0.000250071, 0.000767412))]), (8896, 16, 0.001218173, [(2, (0, 0.000374245, 1.782e-5, 0.000392374)), (2, (1, 0.00042517, 9.6084e-5, 0.000521497)), (2, (2, 0.000357085, 6.4562e-5, 0.000422002)), (2, (3, 0.000373108, 7.646e-5, 0.000449846)), (2, (4, 0.000418646, 3.8194e-5, 0.000457135)), (2, (5, 0.00051906, 0.000218226, 0.000737722)), (2, (6, 0.00094188, 0.000174435, 0.001116632)), (2, (7, 0.000401478, 0.00022098, 0.000622697))]), (8912, 16, 0.000974518, [(2, (0, 0.000530546, 2.1594e-5, 0.000552404)), (2, (1, 0.00075749, 0.000169419, 0.000927212)), (2, (2, 0.000405965, 0.00010918, 0.00051542)), (2, (3, 0.000485214, 0.000438398, 0.00092386)), (2, (4, 0.000395811, 4.115e-5, 0.00043729)), (2, (5, 0.00053834, 0.000231597, 0.000770483)), (2, (6, 0.000450618, 0.000186056, 0.000636952)), (2, (7, 0.000535023, 0.000203248, 0.000738556))]), (8928, 16, 0.001120459, [(2, (0, 0.000575418, 2.2739e-5, 0.000598417)), (2, (1, 0.000791826, 4.0791e-5, 0.000832883)), (2, (2, 0.000739544, 0.000120564, 0.000860355)), (2, (3, 0.000729529, 0.00013742, 0.000867179)), (2, (4, 0.000507956, 5.8496e-5, 0.000566756)), (2, (5, 0.000978035, 8.9157e-5, 0.001067542)), (2, (6, 0.00062797, 7.3962e-5, 0.000702209)), (2, (7, 0.000502871, 0.000146759, 0.000650072))]), (8944, 16, 0.000990101, [(2, (0, 0.000452152, 1.9697e-5, 0.000472114)), (2, (1, 0.000580065, 7.9393e-5, 0.000659865)), (2, (2, 0.000398957, 5.2387e-5, 0.000451569)), (2, (3, 0.000491214, 0.000178697, 0.000670241)), (2, (4, 0.000673124, 3.8642e-5, 0.000712069)), (2, (5, 0.000762547, 0.000170179, 0.000933252)), (2, (6, 0.000716295, 9.7418e-5, 0.000814043)), (2, (7, 0.000389159, 0.00011877, 0.000508199))]), (8960, 16, 0.000665857, [(2, (0, 0.000428101, 1.8321e-5, 0.000446757)), (2, (1, 0.000437691, 3.4101e-5, 0.000472065)), (2, (2, 0.000447161, 0.000106266, 0.000553689)), (2, (3, 0.000408583, 0.000170426, 0.000579271)), (2, (4, 0.000446463, 6.4222e-5, 0.00051098)), (2, (5, 0.000390169, 0.000204966, 0.000595368)), (2, (6, 0.000446423, 7.6807e-5, 0.000523499)), (2, (7, 0.000439835, 9.2643e-5, 0.000532891))]), (8976, 16, 0.000685214, [(2, (0, 0.000384078, 5.597e-5, 0.000440302)), (2, (1, 0.000457282, 0.000133657, 0.000591189)), (2, (2, 0.00048474, 9.8046e-5, 0.000583022)), (2, (3, 0.00051976, 0.000117322, 0.000637362)), (2, (4, 0.000488242, 2.2925e-5, 0.000511433)), (2, (5, 0.000513919, 8.138e-5, 0.000595546)), (2, (6, 0.000405996, 4.0194e-5, 0.000446527)), (2, (7, 0.000401967, 0.000142401, 0.000544654))]), (8992, 16, 0.000648464, [(2, (0, 0.000376433, 1.7956e-5, 0.000394661)), (2, (1, 0.000468852, 0.00010324, 0.000572327)), (2, (2, 0.000357999, 3.4014e-5, 0.000392264)), (2, (3, 0.000440708, 0.000121096, 0.000562089)), (2, (4, 0.000441527, 5.165e-5, 0.000493427)), (2, (5, 0.000433041, 0.000129127, 0.000562448)), (2, (6, 0.000496018, 6.9089e-5, 0.00056534)), (2, (7, 0.000505748, 8.5173e-5, 0.000591132))]), (9008, 16, 0.000788599, [(2, (0, 0.000680053, 1.7409e-5, 0.000697743)), (2, (1, 0.000516986, 8.5151e-5, 0.000602485)), (2, (2, 0.00035979, 3.5801e-5, 0.000395842)), (2, (3, 0.000436686, 6.8867e-5, 0.000505807)), (2, (4, 0.000411561, 5.322e-5, 0.000465035)), (2, (5, 0.000604293, 0.00013065, 0.000735188)), (2, (6, 0.000390749, 0.000103722, 0.000494745)), (2, (7, 0.00046024, 0.000120839, 0.000581356))]), (9024, 16, 0.000853361, [(2, (0, 0.000660782, 2.4813e-5, 0.000686052)), (2, (1, 0.000446451, 0.000120227, 0.000567041)), (2, (2, 0.00054506, 6.1236e-5, 0.000606566)), (2, (3, 0.000511186, 0.000276934, 0.000788519)), (2, (4, 0.000804548, 4.2436e-5, 0.000847397)), (2, (5, 0.000563572, 0.000219541, 0.000783393)), (2, (6, 0.000726434, 0.000111701, 0.000838522)), (2, (7, 0.00047404, 0.000287959, 0.000762317))]), (9040, 16, 0.000864818, [(2, (0, 0.000511231, 2.0626e-5, 0.000532134)), (2, (1, 0.000470164, 9.7638e-5, 0.000568068)), (2, (2, 0.000552902, 8.281e-5, 0.000635997)), (2, (3, 0.000549718, 0.000114919, 0.000664959)), (2, (4, 0.000510924, 4.0077e-5, 0.000551317)), (2, (5, 0.00052701, 0.000132989, 0.000660247)), (2, (6, 0.000624731, 6.0321e-5, 0.000685371)), (2, (7, 0.000579833, 0.000183702, 0.000764026))]), (9056, 16, 0.00083411, [(2, (0, 0.000513585, 1.8742e-5, 0.000532612)), (2, (1, 0.000733166, 8.7985e-5, 0.000821456)), (2, (2, 0.000662169, 5.4481e-5, 0.000716918)), (2, (3, 0.00066491, 0.000120804, 0.000785966)), (2, (4, 0.000410485, 3.6209e-5, 0.000446923)), (2, (5, 0.00048197, 0.000104466, 0.000586712)), (2, (6, 0.000439496, 6.9716e-5, 0.000509479)), (2, (7, 0.000399111, 0.000128785, 0.00052815))]), (9072, 16, 0.000764953, [(2, (0, 0.00041578, 1.8636e-5, 0.000434709)), (2, (1, 0.000390455, 3.7174e-5, 0.000427851)), (2, (2, 0.000406975, 5.5361e-5, 0.000462613)), (2, (3, 0.000545937, 7.1092e-5, 0.000617268)), (2, (4, 0.000628225, 0.000107061, 0.000735566)), (2, (5, 0.000531243, 0.000114978, 0.000646459)), (2, (6, 0.000445841, 0.000115063, 0.000561169)), (2, (7, 0.000511229, 0.000124524, 0.000636034))]), (9088, 16, 0.000991674, [(2, (0, 0.000483902, 1.8404e-5, 0.000502679)), (2, (1, 0.000413269, 8.7198e-5, 0.000500735)), (2, (2, 0.000454858, 6.9298e-5, 0.000524405)), (2, (3, 0.000785103, 0.000145529, 0.00093104)), (2, (4, 0.000546414, 3.5272e-5, 0.000581952)), (2, (5, 0.000380814, 0.000105486, 0.000486557)), (2, (6, 0.000556011, 5.1675e-5, 0.00060793)), (2, (7, 0.000344296, 0.000122138, 0.000466699))]), (9104, 16, 0.000793818, [(2, (0, 0.000740949, 4.9716e-5, 0.000790937)), (2, (1, 0.000470325, 3.6601e-5, 0.000507233)), (2, (2, 0.000520423, 0.000175535, 0.000696384)), (2, (3, 0.000389839, 0.000174313, 0.000564393)), (2, (4, 0.000699293, 2.2802e-5, 0.000722411)), (2, (5, 0.000574227, 0.000143307, 0.000717931)), (2, (6, 0.000429667, 6.7184e-5, 0.000497085)), (2, (7, 0.00061454, 0.000101933, 0.000716832))]), (9120, 16, 0.000846511, [(2, (0, 0.000325595, 2.0263e-5, 0.000346105)), (2, (1, 0.000624185, 0.000115219, 0.000739722)), (2, (2, 0.000493415, 5.2434e-5, 0.00054608)), (2, (3, 0.000544863, 0.000168549, 0.000713679)), (2, (4, 0.000611898, 3.9478e-5, 0.000651638)), (2, (5, 0.00063524, 0.000148158, 0.000783635)), (2, (6, 0.000505714, 0.000133911, 0.000639899)), (2, (7, 0.000589615, 0.000174076, 0.00076395))]), (9136, 16, 0.00077423, [(2, (0, 0.000631408, 0.000139952, 0.000771651)), (2, (1, 0.000619108, 3.8869e-5, 0.000658202)), (2, (2, 0.000436261, 5.4107e-5, 0.00049069)), (2, (3, 0.000421085, 0.000120509, 0.000541896)), (2, (4, 0.000548202, 2.1836e-5, 0.000570323)), (2, (5, 0.000388341, 0.000103694, 0.000492276)), (2, (6, 0.000380666, 7.1264e-5, 0.000452154)), (2, (7, 0.000426312, 8.4768e-5, 0.000511329))]), (9152, 16, 0.000668144, [(2, (0, 0.000372296, 1.9523e-5, 0.000392081)), (2, (1, 0.000582883, 6.9565e-5, 0.000652709)), (2, (2, 0.000553771, 5.2011e-5, 0.000606026)), (2, (3, 0.000450943, 0.000212158, 0.000663353)), (2, (4, 0.000508816, 3.7369e-5, 0.000546424)), (2, (5, 0.000443471, 0.00017411, 0.000617816)), (2, (6, 0.000511299, 0.000142539, 0.000654078)), (2, (7, 0.000399511, 0.000204542, 0.000604323))]), (9168, 16, 0.000759055, [(2, (0, 0.000466054, 9.185e-6, 0.000475427)), (2, (1, 0.000501292, 1.0229e-5, 0.000511728)), (2, (2, 0.000498748, 1.0125e-5, 0.000509039)), (2, (3, 0.000510482, 1.1512e-5, 0.00052227)), (2, (4, 0.00054093, 1.0457e-5, 0.000551575)), (2, (5, 0.000616012, 1.1135e-5, 0.000627402)), (2, (6, 0.000670463, 1.1845e-5, 0.00068261)), (2, (7, 0.000430935, 1.2279e-5, 0.000443477))]), (9184, 16, 0.000767546, [(2, (0, 0.000290725, 6.0675e-5, 0.000351656)), (2, (1, 0.000453659, 0.000115141, 0.000569043)), (2, (2, 0.00041396, 0.000101793, 0.000516132)), (2, (3, 0.000517117, 0.000175831, 0.000694027)), (2, (4, 0.000530826, 8.7992e-5, 0.000619214)), (2, (5, 0.000400556, 0.000179623, 0.000580489)), (2, (6, 0.00052644, 0.000147249, 0.000673948)), (2, (7, 0.000350368, 0.000310055, 0.000660694))]), (9200, 16, 0.00077815, [(2, (0, 0.00035624, 5.2661e-5, 0.000409171)), (2, (1, 0.000505559, 7.351e-5, 0.000579315)), (2, (2, 0.000555035, 3.7009e-5, 0.000592389)), (2, (3, 0.000449371, 0.000109111, 0.000558736)), (2, (4, 0.00056594, 1.8605e-5, 0.000589354)), (2, (5, 0.000502564, 0.0001248, 0.000627627)), (2, (6, 0.000445565, 8.9129e-5, 0.000534976)), (2, (7, 0.000546326, 0.000132823, 0.000679466))]), (9216, 16, 0.000923039, [(2, (0, 0.000588239, 1.8287e-5, 0.000606808)), (2, (1, 0.000447099, 6.8509e-5, 0.000515865)), (2, (2, 0.000492035, 3.6227e-5, 0.000528471)), (2, (3, 0.000572726, 0.000103299, 0.000676313)), (2, (4, 0.000524331, 5.2582e-5, 0.000577169)), (2, (5, 0.000715048, 0.000158314, 0.000873817)), (2, (6, 0.000488268, 8.5095e-5, 0.000573647)), (2, (7, 0.000525645, 0.000115733, 0.000641638))]), (9232, 16, 0.000946238, [(2, (0, 0.000423033, 1.6766e-5, 0.000440059)), (2, (1, 0.000478473, 6.7029e-5, 0.000545725)), (2, (2, 0.000385689, 5.1581e-5, 0.000437533)), (2, (3, 0.000409566, 0.000118405, 0.000528216)), (2, (4, 0.000538394, 3.6806e-5, 0.000578971)), (2, (5, 0.000429439, 9.9437e-5, 0.00052914)), (2, (6, 0.000454867, 8.613e-5, 0.000541343)), (2, (7, 0.000673228, 0.000165832, 0.000839573))]), (9248, 16, 0.000884487, [(2, (0, 0.000410209, 1.8748e-5, 0.000429219)), (2, (1, 0.000570946, 6.8379e-5, 0.00063962)), (2, (2, 0.000548353, 5.1326e-5, 0.00059992)), (2, (3, 0.000445968, 0.000130196, 0.000576389)), (2, (4, 0.00043761, 3.5953e-5, 0.000473811)), (2, (5, 0.000409919, 0.00010807, 0.000518274)), (2, (6, 0.000571217, 8.9237e-5, 0.00066073)), (2, (7, 0.00065778, 0.000152446, 0.000810505))]), (9264, 16, 0.000767397, [(2, (0, 0.000426578, 1.7742e-5, 0.000444601)), (2, (1, 0.000401691, 2.193e-5, 0.00042395)), (2, (2, 0.000399439, 5.8946e-5, 0.00045866)), (2, (3, 0.000398303, 6.0844e-5, 0.000459501)), (2, (4, 0.000422246, 9.9149e-5, 0.000521636)), (2, (5, 0.000583178, 0.000133033, 0.000716755)), (2, (6, 0.000457312, 0.000100347, 0.000561498)), (2, (7, 0.000355495, 0.000104653, 0.000460379))]), (9280, 16, 0.000704066, [(2, (0, 0.00038118, 1.8818e-5, 0.000400275)), (2, (1, 0.000577408, 9.7749e-5, 0.000675415)), (2, (2, 0.000387438, 3.8201e-5, 0.000425874)), (2, (3, 0.000423838, 0.000114455, 0.000538556)), (2, (4, 0.000381393, 5.2545e-5, 0.000434158)), (2, (5, 0.000422447, 0.000184429, 0.000607151)), (2, (6, 0.000423511, 6.97e-5, 0.000493477)), (2, (7, 0.000342805, 0.00017544, 0.000518543))]), (9296, 16, 0.000715881, [(2, (0, 0.000458063, 1.7499e-5, 0.000475809)), (2, (1, 0.000463641, 6.6347e-5, 0.000530262)), (2, (2, 0.000417629, 5.0144e-5, 0.000468018)), (2, (3, 0.00055636, 0.000127102, 0.000683754)), (2, (4, 0.000415112, 3.4966e-5, 0.000450303)), (2, (5, 0.000492488, 0.000114112, 0.000606826)), (2, (6, 0.000555266, 8.2348e-5, 0.000637865)), (2, (7, 0.000447452, 9.7652e-5, 0.000545355))]), (9312, 16, 0.000775116, [(2, (0, 0.000362044, 4.0779e-5, 0.000403079)), (2, (1, 0.000507015, 2.4095e-5, 0.000531351)), (2, (2, 0.000370573, 0.000118303, 0.000489128)), (2, (3, 0.000607436, 0.000118883, 0.000726547)), (2, (4, 0.00061899, 1.2063e-5, 0.0006313)), (2, (5, 0.00036755, 8.7555e-5, 0.000455334)), (2, (6, 0.000443436, 5.7436e-5, 0.000501109)), (2, (7, 0.000388643, 7.4152e-5, 0.000463086))]), (9328, 16, 0.000813047, [(2, (0, 0.000535211, 5.2491e-5, 0.000587977)), (2, (1, 0.000597416, 0.00017836, 0.000776095)), (2, (2, 0.000511347, 0.000166963, 0.000678575)), (2, (3, 0.000434591, 0.000167519, 0.000602345)), (2, (4, 0.000349144, 2.1637e-5, 0.000371041)), (2, (5, 0.000601718, 9.1677e-5, 0.000693666)), (2, (6, 0.000404415, 3.6462e-5, 0.00044118)), (2, (7, 0.000538177, 7.1403e-5, 0.00060988))]), (9344, 16, 0.000786021, [(2, (0, 0.000501399, 2.173e-5, 0.000523626)), (2, (1, 0.000646615, 0.000101506, 0.00074862)), (2, (2, 0.000547345, 4.1151e-5, 0.000588794)), (2, (3, 0.00039976, 0.000190748, 0.000590862)), (2, (4, 0.000466003, 5.8218e-5, 0.00052449)), (2, (5, 0.000380663, 0.000191535, 0.000572437)), (2, (6, 0.000524087, 0.000127321, 0.000651799)), (2, (7, 0.000487883, 0.000143659, 0.000631803))]), (9360, 16, 0.000987741, [(2, (0, 0.00086918, 2.126e-5, 0.000890814)), (2, (1, 0.00069478, 7.1957e-5, 0.000767003)), (2, (2, 0.000561118, 5.5614e-5, 0.000617039)), (2, (3, 0.000527566, 0.00014428, 0.00067206)), (2, (4, 0.000705685, 3.8967e-5, 0.000745116)), (2, (5, 0.000805919, 0.000128891, 0.000935088)), (2, (6, 0.000633548, 0.000106741, 0.000740642)), (2, (7, 0.000548577, 0.000152115, 0.000700961))]), (9376, 16, 0.001167097, [(2, (0, 0.001141997, 2.0486e-5, 0.001162778)), (2, (1, 0.000610246, 7.5917e-5, 0.000686463)), (2, (2, 0.00073993, 5.7167e-5, 0.000797347)), (2, (3, 0.000601278, 0.000133671, 0.000735229)), (2, (4, 0.000461123, 4.0289e-5, 0.000501696)), (2, (5, 0.000384449, 0.00011658, 0.000501369)), (2, (6, 0.000369344, 9.5802e-5, 0.00046537)), (2, (7, 0.000504658, 0.000170319, 0.000675393))]), (9392, 16, 0.001335307, [(2, (0, 0.000466595, 4.6053e-5, 0.000512918)), (2, (1, 0.000611758, 0.000199135, 0.000811158)), (2, (2, 0.000576756, 0.000132958, 0.000710012)), (2, (3, 0.000523346, 0.000340054, 0.000863635)), (2, (4, 0.0008661, 0.000109539, 0.000975963)), (2, (5, 0.00093347, 0.000326574, 0.001260293)), (2, (6, 0.000864265, 0.000296252, 0.001160923)), (2, (7, 0.000480059, 0.00030886, 0.00078916))]), (9408, 16, 0.001195614, [(2, (0, 0.000867441, 2.9492e-5, 0.000897305)), (2, (1, 0.00088826, 0.000188757, 0.001077298)), (2, (2, 0.000976615, 0.000149517, 0.001126409)), (2, (3, 0.000870491, 0.000180552, 0.001051429)), (2, (4, 0.000840977, 6.5595e-5, 0.000906905)), (2, (5, 0.000492958, 9.9612e-5, 0.000592876)), (2, (6, 0.001066184, 7.8264e-5, 0.001144793)), (2, (7, 0.000678685, 0.000117712, 0.000796644))]), (9424, 16, 0.001431934, [(2, (0, 0.000808048, 3.4273e-5, 0.000842603)), (2, (1, 0.000996969, 8.8917e-5, 0.001086288)), (2, (2, 0.000505588, 7.2112e-5, 0.00057795)), (2, (3, 0.000692281, 0.000193511, 0.000886086)), (2, (4, 0.000607557, 5.6176e-5, 0.000664032)), (2, (5, 0.001207721, 0.000150899, 0.00135894)), (2, (6, 0.000815175, 0.000138304, 0.000954152)), (2, (7, 0.000493723, 0.000202853, 0.000696837))]), (9440, 16, 0.001174312, [(2, (0, 0.000403834, 3.1701e-5, 0.000435814)), (2, (1, 0.000874209, 9.5498e-5, 0.000970058)), (2, (2, 0.000605366, 7.9775e-5, 0.000685612)), (2, (3, 0.00047375, 0.000153314, 0.000627317)), (2, (4, 0.000787005, 5.5006e-5, 0.000842302)), (2, (5, 0.000496742, 0.000136096, 0.000633159)), (2, (6, 0.000637458, 0.000119756, 0.00075749)), (2, (7, 0.00081651, 0.000164526, 0.000981325))]), (9456, 16, 0.001781767, [(2, (0, 0.000351862, 2.7988e-5, 0.000380142)), (2, (1, 0.000488902, 0.000103037, 0.000592212)), (2, (2, 0.000577082, 6.0771e-5, 0.000638207)), (2, (3, 0.00058607, 8.6055e-5, 0.000672529)), (2, (4, 0.000602811, 4.6442e-5, 0.000649758)), (2, (5, 0.000382539, 0.000327341, 0.000710146)), (2, (6, 0.000818532, 0.000133096, 0.000951978)), (2, (7, 0.001341201, 0.000320092, 0.001661989))]), (9472, 10, 0.000911541, [(2, (0, 0.000885087, 2.474e-5, 0.00091012)), (2, (1, 0.000714913, 8.0926e-5, 0.000796161)), (1, (2, 0.000312245, 6.5068e-5, 0.000377616)), (1, (3, 0.000542169, 0.000179959, 0.000722616)), (1, (4, 0.000164383, 4.7314e-5, 0.000212051)), (1, (5, 0.000225771, 0.000127866, 0.000354087)), (1, (6, 0.000216555, 9.6743e-5, 0.000313593)), (1, (7, 0.000190834, 0.000143421, 0.000334582))]), (9488, 16, 0.001149037, [(2, (0, 0.000475016, 2.6115e-5, 0.000501375)), (2, (1, 0.000626503, 0.000115883, 0.000742624)), (2, (2, 0.000436802, 9.8384e-5, 0.00053546)), (2, (3, 0.000553177, 0.000220546, 0.000774143)), (2, (4, 0.000527672, 4.4728e-5, 0.000572704)), (2, (5, 0.000939788, 0.000152185, 0.001092289)), (2, (6, 0.000455671, 0.00013503, 0.000590987)), (2, (7, 0.000522007, 0.0002792, 0.00080208))]), (9504, 16, 0.001206031, [(2, (0, 0.00049011, 7.1244e-5, 0.000561726)), (2, (1, 0.000580566, 0.000589293, 0.001170388)), (2, (2, 0.000441847, 0.000361642, 0.000803826)), (2, (3, 0.000462396, 0.000414404, 0.00087728)), (2, (4, 0.000448637, 3.4831e-5, 0.000483829)), (2, (5, 0.000492512, 8.8096e-5, 0.000580845)), (2, (6, 0.000755773, 4.9167e-5, 0.000805262)), (2, (7, 0.000416875, 0.000138415, 0.000555552))]), (9520, 16, 0.000897361, [(2, (0, 0.000471559, 2.1286e-5, 0.000493183)), (2, (1, 0.000499912, 7.3289e-5, 0.000573448)), (2, (2, 0.000438705, 6.0744e-5, 0.00049978)), (2, (3, 0.000481777, 0.000124472, 0.000606487)), (2, (4, 0.00049357, 4.4477e-5, 0.000538302)), (2, (5, 0.000432552, 0.000107042, 0.000539852)), (2, (6, 0.00037186, 8.9378e-5, 0.000461481)), (2, (7, 0.000500895, 0.000286926, 0.000788726))]), (9536, 16, 0.000808065, [(2, (0, 0.000498645, 2.1057e-5, 0.000519972)), (2, (1, 0.000573799, 7.2355e-5, 0.000646389)), (2, (2, 0.000348276, 5.6567e-5, 0.000405263)), (2, (3, 0.000565368, 0.000176344, 0.000742241)), (2, (4, 0.000466967, 3.9473e-5, 0.000506697)), (2, (5, 0.000463226, 0.000146599, 0.000610094)), (2, (6, 0.000347684, 0.000121838, 0.00046978)), (2, (7, 0.000331883, 0.000128268, 0.000460403))]), (9552, 16, 0.001007421, [(2, (0, 0.000449721, 2.0902e-5, 0.000470937)), (2, (1, 0.000439624, 8.7045e-5, 0.000526907)), (2, (2, 0.000500563, 5.3123e-5, 0.000554014)), (2, (3, 0.000504182, 7.0467e-5, 0.000574916)), (2, (4, 0.000615693, 3.9806e-5, 0.000655749)), (2, (5, 0.00055528, 0.00012305, 0.000678614)), (2, (6, 0.000501528, 0.000105578, 0.000607355)), (2, (7, 0.000758979, 0.000134525, 0.000893798))]), (9568, 16, 0.001120302, [(2, (0, 0.000530231, 7.7332e-5, 0.000607943)), (2, (1, 0.00059555, 0.000115291, 0.000711197)), (2, (2, 0.000589597, 0.000471949, 0.001062054)), (2, (3, 0.0003755, 0.000482883, 0.00085875)), (2, (4, 0.00047597, 2.3135e-5, 0.000499414)), (2, (5, 0.000426179, 0.000173924, 0.000600357)), (2, (6, 0.000381548, 4.2608e-5, 0.000424416)), (2, (7, 0.000587396, 9.3789e-5, 0.000681511))]), (9584, 16, 0.001190857, [(2, (0, 0.000396599, 2.5381e-5, 0.000422261)), (2, (1, 0.00061433, 0.000133561, 0.000748327)), (2, (2, 0.000552268, 7.561e-5, 0.000628146)), (2, (3, 0.000931602, 0.000207473, 0.001139375)), (2, (4, 0.000676832, 4.3409e-5, 0.000720564)), (2, (5, 0.000595933, 0.00026923, 0.000865428)), (2, (6, 0.000461586, 5.6517e-5, 0.000518387)), (2, (7, 0.000660122, 0.000263106, 0.000923509))]), (9600, 16, 0.001256292, [(2, (0, 0.000956692, 2.8264e-5, 0.000985269)), (2, (1, 0.000681027, 8.9222e-5, 0.000770485)), (2, (2, 0.000923356, 7.3145e-5, 0.000996786)), (2, (3, 0.000826031, 0.000298877, 0.001125442)), (2, (4, 0.000581826, 4.8946e-5, 0.000635014)), (2, (5, 0.000693331, 0.000185713, 0.000879305)), (2, (6, 0.001037756, 0.000109041, 0.001147048)), (2, (7, 0.000814631, 0.00016385, 0.00097871))]), (9616, 16, 0.000987442, [(2, (0, 0.000896655, 1.3432e-5, 0.00091033)), (2, (1, 0.000620813, 7.6926e-5, 0.000697995)), (2, (2, 0.000587369, 6.2828e-5, 0.000650517)), (2, (3, 0.000737465, 7.7654e-5, 0.000815565)), (2, (4, 0.00051387, 5.9977e-5, 0.000574222)), (2, (5, 0.000656587, 0.000122776, 0.00077966)), (2, (6, 0.000437997, 5.992e-5, 0.000498174)), (2, (7, 0.000722194, 0.000112856, 0.000835556))]), (9632, 16, 0.000819174, [(2, (0, 0.000686009, 2.5409e-5, 0.000711749)), (2, (1, 0.000484897, 7.9144e-5, 0.000564339)), (2, (2, 0.000653371, 6.0349e-5, 0.000713948)), (2, (3, 0.000428002, 0.000142209, 0.000570475)), (2, (4, 0.000400149, 4.6912e-5, 0.000447493)), (2, (5, 0.000556703, 0.000131848, 0.000688886)), (2, (6, 0.000469753, 9.5904e-5, 0.000569599)), (2, (7, 0.000616872, 0.000111839, 0.000728949))]), (9648, 16, 0.000766982, [(2, (0, 0.000658858, 2.2232e-5, 0.000681379)), (2, (1, 0.000494966, 8.1386e-5, 0.000576639)), (2, (2, 0.000454268, 6.689e-5, 0.000521488)), (2, (3, 0.000453307, 0.000128779, 0.000582375)), (2, (4, 0.000534376, 3.2202e-5, 0.000566904)), (2, (5, 0.000390924, 0.000100466, 0.000491651)), (2, (6, 0.000683806, 4.2192e-5, 0.000726272)), (2, (7, 0.000480986, 0.000117286, 0.000598534))]), (9664, 16, 0.000852218, [(2, (0, 0.000714594, 2.0755e-5, 0.000735705)), (2, (1, 0.000345184, 7.1926e-5, 0.000417356)), (2, (2, 0.000424287, 4.0555e-5, 0.000465121)), (2, (3, 0.000588239, 0.000107134, 0.000695622)), (2, (4, 0.000439009, 5.4237e-5, 0.000493485)), (2, (5, 0.000675801, 0.00012606, 0.000802115)), (2, (6, 0.000609137, 8.99e-5, 0.000699346)), (2, (7, 0.000558762, 0.000132896, 0.000691892))]), (9680, 16, 0.000786172, [(2, (0, 0.000403719, 2.1793e-5, 0.000425808)), (2, (1, 0.000496733, 7.3759e-5, 0.000570781)), (2, (2, 0.000553479, 3.9787e-5, 0.000593549)), (2, (3, 0.000406572, 9.0399e-5, 0.000497244)), (2, (4, 0.000480463, 5.6845e-5, 0.000537623)), (2, (5, 0.000472937, 0.000124417, 0.000597626)), (2, (6, 0.00035545, 0.000108333, 0.000464052)), (2, (7, 0.000447186, 0.000135363, 0.000582803))]), (9696, 16, 0.000865621, [(2, (0, 0.000791771, 1.9216e-5, 0.000811282)), (2, (1, 0.000483859, 8.8013e-5, 0.000572166)), (2, (2, 0.000411548, 7.0567e-5, 0.000482383)), (2, (3, 0.000510418, 0.000185828, 0.000696469)), (2, (4, 0.000641374, 5.2081e-5, 0.000693806)), (2, (5, 0.000580804, 0.000143908, 0.000725101)), (2, (6, 0.00040383, 0.00011094, 0.000515069)), (2, (7, 0.00056401, 0.000235279, 0.000799824))]), (9712, 16, 0.000716324, [(2, (0, 0.000341131, 2.1504e-5, 0.000362941)), (2, (1, 0.00047378, 4.5063e-5, 0.000519132)), (2, (2, 0.00057546, 0.000112766, 0.00068851)), (2, (3, 0.000404107, 0.000137574, 0.000541943)), (2, (4, 0.000377462, 5.8634e-5, 0.000436346)), (2, (5, 0.000408092, 0.000127674, 0.000536012)), (2, (6, 0.000441426, 7.7375e-5, 0.00051908)), (2, (7, 0.000314034, 9.471e-5, 0.000409023))]), (9728, 16, 0.000731466, [(2, (0, 0.000604852, 1.9379e-5, 0.000624526)), (2, (1, 0.000567154, 7.5972e-5, 0.000643405)), (2, (2, 0.000524523, 5.8231e-5, 0.000583033)), (2, (3, 0.000367654, 0.000109108, 0.000477035)), (2, (4, 0.000400634, 3.913e-5, 0.000440003)), (2, (5, 0.000335914, 0.000127351, 0.000463576)), (2, (6, 0.000404401, 9.0882e-5, 0.000495538)), (2, (7, 0.000491842, 0.000135605, 0.000627745))]), (9744, 16, 0.000855912, [(2, (0, 0.000591648, 1.827e-5, 0.000610213)), (2, (1, 0.000491301, 7.3981e-5, 0.000569842)), (2, (2, 0.000569743, 5.0979e-5, 0.000620986)), (2, (3, 0.000562095, 6.6284e-5, 0.000628681)), (2, (4, 0.000786025, 3.9251e-5, 0.000825732)), (2, (5, 0.000446369, 7.1719e-5, 0.000518386)), (2, (6, 0.000701896, 5.3224e-5, 0.00075539)), (2, (7, 0.000495752, 8.1341e-5, 0.000577356))]), (9760, 16, 0.000873275, [(2, (0, 0.000401675, 3.1014e-5, 0.000432969)), (2, (1, 0.000416776, 0.000101449, 0.000518481)), (2, (2, 0.000653121, 8.3966e-5, 0.000737678)), (2, (3, 0.00062346, 0.000198742, 0.000822792)), (2, (4, 0.000366804, 4.9455e-5, 0.000416516)), (2, (5, 0.000656763, 0.000118679, 0.000775733)), (2, (6, 0.000427085, 6.6075e-5, 0.000493497)), (2, (7, 0.000373957, 0.000136597, 0.000510811))]), (9776, 16, 0.000816177, [(2, (0, 0.000525254, 2.3068e-5, 0.000548612)), (2, (1, 0.000554548, 0.000109537, 0.000664333)), (2, (2, 0.000359288, 4.2823e-5, 0.000402386)), (2, (3, 0.000460698, 0.000178685, 0.00063971)), (2, (4, 0.000518022, 6.6349e-5, 0.000584768)), (2, (5, 0.000462455, 0.000164526, 0.000627363)), (2, (6, 0.000677343, 9.5939e-5, 0.000773647)), (2, (7, 0.000421053, 0.00012875, 0.000550114))]), (9792, 16, 0.000896922, [(2, (0, 0.000416358, 1.9649e-5, 0.00043631)), (2, (1, 0.000557434, 3.5815e-5, 0.000593592)), (2, (2, 0.000556767, 5.4853e-5, 0.000611874)), (2, (3, 0.000453888, 6.9561e-5, 0.000523707)), (2, (4, 0.000540411, 0.000106426, 0.000647165)), (2, (5, 0.000490368, 0.000114442, 0.000605062)), (2, (6, 0.000362707, 0.00011583, 0.00047882)), (2, (7, 0.000615099, 0.000179179, 0.000794698))]), (9808, 16, 0.000874223, [(2, (0, 0.000433545, 2.0692e-5, 0.000454512)), (2, (1, 0.000572515, 8.5847e-5, 0.000658622)), (2, (2, 0.000377818, 4.0436e-5, 0.000418498)), (2, (3, 0.000682003, 0.000104736, 0.000786993)), (2, (4, 0.000728906, 5.7261e-5, 0.000786427)), (2, (5, 0.000688181, 0.000131943, 0.00082041)), (2, (6, 0.000612089, 7.0238e-5, 0.000682543)), (2, (7, 0.000343321, 0.000122374, 0.000465943))]), (9824, 16, 0.00075594, [(2, (0, 0.000338343, 1.9034e-5, 0.000357652)), (2, (1, 0.000464862, 2.1219e-5, 0.000486346)), (2, (2, 0.000344093, 6.8702e-5, 0.00041304)), (2, (3, 0.000619745, 7.3249e-5, 0.000693262)), (2, (4, 0.000471155, 5.8404e-5, 0.000529806)), (2, (5, 0.000407837, 8.8948e-5, 0.000497016)), (2, (6, 0.00050995, 7.9031e-5, 0.000589228)), (2, (7, 0.000586114, 8.0119e-5, 0.000666468))]), (9840, 16, 0.000974155, [(2, (0, 0.000594946, 1.991e-5, 0.000615113)), (2, (1, 0.000447807, 2.1621e-5, 0.000469695)), (2, (2, 0.000623812, 0.000186493, 0.000810857)), (2, (3, 0.000439109, 0.00019034, 0.000629819)), (2, (4, 0.000401004, 5.5202e-5, 0.00045648)), (2, (5, 0.000474228, 5.5818e-5, 0.000530309)), (2, (6, 0.000859705, 5.5787e-5, 0.000915779)), (2, (7, 0.000652154, 5.6503e-5, 0.000708987))]), (9856, 16, 0.000822759, [(2, (0, 0.000515831, 1.136e-5, 0.000527448)), (2, (1, 0.000581696, 5.1202e-5, 0.000633124)), (2, (2, 0.0004833, 3.639e-5, 0.00052012)), (2, (3, 0.00047072, 0.000123533, 0.000594582)), (2, (4, 0.000524405, 1.2669e-5, 0.000537286)), (2, (5, 0.000527274, 0.00010534, 0.000632973)), (2, (6, 0.00053714, 8.8516e-5, 0.000625916)), (2, (7, 0.000540491, 0.000180063, 0.000721493))]), (9872, 16, 0.001132131, [(2, (0, 0.000422027, 2.0482e-5, 0.000442766)), (2, (1, 0.000411086, 7.1697e-5, 0.000483048)), (2, (2, 0.000383227, 4.028e-5, 0.000423799)), (2, (3, 0.000536988, 8.9871e-5, 0.000627104)), (2, (4, 0.00040772, 5.4356e-5, 0.000462327)), (2, (5, 0.000622968, 0.000122793, 0.000746021)), (2, (6, 0.000593138, 0.00010366, 0.000697053)), (2, (7, 0.000861298, 0.000171001, 0.001032736))]), (9888, 16, 0.00079046, [(2, (0, 0.000638125, 2.9574e-5, 0.00066796)), (2, (1, 0.000421429, 4.2567e-5, 0.00046424)), (2, (2, 0.00057121, 6.6474e-5, 0.000637918)), (2, (3, 0.000459415, 9.1614e-5, 0.000551295)), (2, (4, 0.000373375, 4.8422e-5, 0.000422041)), (2, (5, 0.000431391, 4.912e-5, 0.00048074)), (2, (6, 0.000347091, 5.4888e-5, 0.00040285)), (2, (7, 0.000507775, 0.000183029, 0.000691317))]), (9904, 16, 0.000984816, [(2, (0, 0.000346978, 1.8292e-5, 0.00036552)), (2, (1, 0.000608865, 8.6676e-5, 0.000696009)), (2, (2, 0.000485476, 3.5939e-5, 0.000521667)), (2, (3, 0.000361791, 0.000149034, 0.000511164)), (2, (4, 0.000400732, 5.315e-5, 0.000454127)), (2, (5, 0.000505069, 0.000366844, 0.000872151)), (2, (6, 0.000445721, 7.0295e-5, 0.000516288)), (2, (7, 0.000396124, 0.00015753, 0.000553927))]), (9920, 16, 0.000891902, [(2, (0, 0.000387213, 1.0038e-5, 0.000397478)), (2, (1, 0.000624912, 0.000236326, 0.000861711)), (2, (2, 0.000577223, 2.6406e-5, 0.000603997)), (2, (3, 0.000522034, 7.3934e-5, 0.000596284)), (2, (4, 0.000491545, 4.4887e-5, 0.000536746)), (2, (5, 0.000596937, 0.000111157, 0.000708329)), (2, (6, 0.000419322, 9.1046e-5, 0.000510685)), (2, (7, 0.000432594, 0.000129962, 0.000562826))]), (9936, 16, 0.001074371, [(2, (0, 0.000353649, 1.8243e-5, 0.000372155)), (2, (1, 0.000405108, 7.1097e-5, 0.00047647)), (2, (2, 0.000417333, 3.5578e-5, 0.000453153)), (2, (3, 0.000332833, 0.000133905, 0.000467046)), (2, (4, 0.000391921, 5.3243e-5, 0.000445388)), (2, (5, 0.000334269, 0.000166264, 0.000500744)), (2, (6, 0.000460016, 0.000151268, 0.000611538)), (2, (7, 0.000631116, 0.000256855, 0.000888401))]), (9952, 16, 0.001024213, [(2, (0, 0.000518516, 2.5881e-5, 0.000544688)), (2, (1, 0.000508349, 0.000177085, 0.000685704)), (2, (2, 0.00040661, 0.000164461, 0.000571342)), (2, (3, 0.000484567, 0.00022355, 0.000708369)), (2, (4, 0.000523407, 8.1356e-5, 0.000608959)), (2, (5, 0.000593716, 0.000360415, 0.00095459)), (2, (6, 0.000508008, 0.000207118, 0.000715395)), (2, (7, 0.000435329, 0.000241858, 0.000677439))]), (9968, 16, 0.001006316, [(2, (0, 0.000392876, 1.9544e-5, 0.000412681)), (2, (1, 0.000521628, 0.000111436, 0.000633649)), (2, (2, 0.000507238, 9.3495e-5, 0.000601061)), (2, (3, 0.000354355, 0.000342968, 0.000697631)), (2, (4, 0.000469298, 5.1001e-5, 0.000520559)), (2, (5, 0.00073032, 0.000224406, 0.000955231)), (2, (6, 0.000334844, 6.1324e-5, 0.000396415)), (2, (7, 0.000425581, 0.000343049, 0.000769215))]), (9984, 16, 0.0008908, [(2, (0, 0.00045286, 1.9246e-5, 0.000472354)), (2, (1, 0.000468111, 3.8901e-5, 0.000507245)), (2, (2, 0.000405064, 0.000112302, 0.000517725)), (2, (3, 0.000419195, 0.000144184, 0.000563616)), (2, (4, 0.00080394, 5.6098e-5, 0.000860316)), (2, (5, 0.000547995, 0.000150676, 0.000698972)), (2, (6, 0.000426181, 7.3275e-5, 0.00049973)), (2, (7, 0.000426874, 8.9553e-5, 0.000516698))]), (10000, 16, 0.000816508, [(2, (0, 0.000385112, 1.8919e-5, 0.000404303)), (2, (1, 0.000498642, 0.000147485, 0.000646385)), (2, (2, 0.000536119, 7.3769e-5, 0.000610163)), (2, (3, 0.000525604, 0.000282332, 0.00081234)), (2, (4, 0.000398891, 4.3961e-5, 0.000443784)), (2, (5, 0.000550907, 0.000197019, 0.00074818)), (2, (6, 0.000586963, 5.7962e-5, 0.000645178)), (2, (7, 0.000637594, 0.00012655, 0.000764392))]), (10016, 16, 0.000722867, [(2, (0, 0.000475403, 1.7117e-5, 0.000492781)), (2, (1, 0.000349401, 1.8659e-5, 0.000368334)), (2, (2, 0.000389711, 6.1185e-5, 0.000451131)), (2, (3, 0.000503458, 6.9964e-5, 0.000573695)), (2, (4, 0.0005949, 7.4757e-5, 0.000669912)), (2, (5, 0.000498476, 6.2478e-5, 0.000561208)), (2, (6, 0.000443409, 8.0862e-5, 0.000524528)), (2, (7, 0.000578843, 8.165e-5, 0.000660742))]), (10032, 16, 0.001083304, [(2, (0, 0.000849121, 0.000114811, 0.000964192)), (2, (1, 0.000880463, 0.000167476, 0.001048634)), (2, (2, 0.00070532, 4.8969e-5, 0.000754564)), (2, (3, 0.000783087, 7.9346e-5, 0.000862704)), (2, (4, 0.000522126, 2.0675e-5, 0.000543039)), (2, (5, 0.000791366, 9.9283e-5, 0.000890941)), (2, (6, 0.000406485, 3.4701e-5, 0.000441464)), (2, (7, 0.000515569, 6.6495e-5, 0.000582346))]), (10048, 16, 0.000885342, [(2, (0, 0.000705425, 1.9915e-5, 0.000725584)), (2, (1, 0.000597695, 7.2874e-5, 0.00067083)), (2, (2, 0.000531074, 3.8139e-5, 0.000569498)), (2, (3, 0.00044851, 9.0573e-5, 0.000539362)), (2, (4, 0.000386859, 5.8482e-5, 0.000445759)), (2, (5, 0.000590623, 0.000138755, 0.000729655)), (2, (6, 0.000519726, 0.000117887, 0.000638033)), (2, (7, 0.000640667, 0.000131683, 0.000772623))]), (10064, 16, 0.000662198, [(2, (0, 0.000505788, 1.8559e-5, 0.000524605)), (2, (1, 0.000578671, 6.9882e-5, 0.000648891)), (2, (2, 0.000562462, 5.2893e-5, 0.000615622)), (2, (3, 0.000491113, 0.00011989, 0.000611248)), (2, (4, 0.000397055, 3.659e-5, 0.000433903)), (2, (5, 0.000494755, 0.000103405, 0.000598394)), (2, (6, 0.000401596, 8.6306e-5, 0.000488153)), (2, (7, 0.000459007, 0.000128351, 0.000587597))]), (10080, 16, 0.000790578, [(2, (0, 0.00042505, 6.7288e-5, 0.000492605)), (2, (1, 0.000645522, 9.6278e-5, 0.000742281)), (2, (2, 0.000477715, 3.7818e-5, 0.000515754)), (2, (3, 0.000659918, 9.3716e-5, 0.00075389)), (2, (4, 0.000452424, 1.2572e-5, 0.000465272)), (2, (5, 0.000447003, 8.6249e-5, 0.000533499)), (2, (6, 0.000506779, 5.3984e-5, 0.000561007)), (2, (7, 0.000542278, 9.4462e-5, 0.000637011))]), (10096, 16, 0.000982123, [(2, (0, 0.000442656, 2.0544e-5, 0.000463447)), (2, (1, 0.000518425, 2.2363e-5, 0.000541021)), (2, (2, 0.000421392, 6.2906e-5, 0.000484522)), (2, (3, 0.000468161, 8.6546e-5, 0.000554943)), (2, (4, 0.00057851, 7.0514e-5, 0.000649259)), (2, (5, 0.00048637, 9.6096e-5, 0.000582699)), (2, (6, 0.000797947, 8.173e-5, 0.000879927)), (2, (7, 0.000450488, 8.6912e-5, 0.000537633))]), (10112, 16, 0.000819275, [(2, (0, 0.000721607, 1.8851e-5, 0.000740757)), (2, (1, 0.000420024, 7.4935e-5, 0.000495194)), (2, (2, 0.000754056, 3.4457e-5, 0.000788776)), (2, (3, 0.000529526, 9.852e-5, 0.000628343)), (2, (4, 0.000675193, 5.3848e-5, 0.000729394)), (2, (5, 0.000543607, 0.000151592, 0.000695463)), (2, (6, 0.000369892, 0.00011719, 0.000487361)), (2, (7, 0.000484995, 0.000145425, 0.000630812))]), (10128, 16, 0.000829753, [(2, (0, 0.00053977, 1.9783e-5, 0.000560001)), (2, (1, 0.000593815, 7.5977e-5, 0.00067007)), (2, (2, 0.000602122, 5.4918e-5, 0.000657294)), (2, (3, 0.000561982, 0.000144969, 0.000707219)), (2, (4, 0.000497117, 4.2855e-5, 0.000540208)), (2, (5, 0.000506231, 0.000131709, 0.000638208)), (2, (6, 0.000478509, 9.4206e-5, 0.000572937)), (2, (7, 0.000590502, 0.000135747, 0.000726495))]), (10144, 15, 0.000777558, [(2, (0, 0.000344173, 5.3596e-5, 0.000397998)), (2, (1, 0.000557219, 0.000142141, 0.000699639)), (2, (2, 0.00048228, 0.000123011, 0.000605568)), (2, (3, 0.000582755, 0.000147419, 0.000730438)), (2, (4, 0.000430567, 2.2071e-5, 0.000452865)), (2, (5, 0.000484444, 8.769e-5, 0.00057239)), (2, (6, 0.000432527, 3.8197e-5, 0.000470943)), (1, (7, 0.000233516, 7.0493e-5, 0.000304238))]), (10160, 16, 0.000809503, [(2, (0, 0.000479359, 1.7872e-5, 0.000497509)), (2, (1, 0.000707665, 3.4479e-5, 0.000742409)), (2, (2, 0.000607142, 0.000100913, 0.000708286)), (2, (3, 0.000448977, 0.000128015, 0.000577247)), (2, (4, 0.000510622, 5.2353e-5, 0.000563192)), (2, (5, 0.000639739, 0.0001202, 0.000760223)), (2, (6, 0.000549943, 6.8744e-5, 0.000618938)), (2, (7, 0.000564602, 8.3758e-5, 0.00065548))]), (10176, 15, 0.001036772, [(2, (0, 0.000403332, 2.0206e-5, 0.000423797)), (2, (1, 0.000659088, 7.2177e-5, 0.000731534)), (2, (2, 0.000569489, 5.5392e-5, 0.000625119)), (2, (3, 0.000434669, 0.000130305, 0.000565214)), (2, (4, 0.000439947, 4.1039e-5, 0.00048122)), (2, (5, 0.000461077, 0.000105919, 0.000567265)), (2, (6, 0.000890779, 8.9894e-5, 0.00098092)), (1, (7, 0.000661828, 0.000123552, 0.000785673))]), (10192, 16, 0.000757457, [(2, (0, 0.000734375, 2.1221e-5, 0.000755876)), (2, (1, 0.000383199, 0.0001184, 0.000501896)), (2, (2, 0.000462383, 3.9008e-5, 0.00050163)), (2, (3, 0.000471559, 0.000107251, 0.000579105)), (2, (4, 0.000558074, 5.5842e-5, 0.000614168)), (2, (5, 0.00051429, 0.000141939, 0.000656533)), (2, (6, 0.000498992, 7.1755e-5, 0.000570973)), (2, (7, 0.000333588, 0.000187282, 0.000521657))]), (10208, 16, 0.00107162, [(2, (0, 0.000480914, 1.9243e-5, 0.000500421)), (2, (1, 0.000661256, 8.9103e-5, 0.00075064)), (2, (2, 0.000409854, 5.465e-5, 0.000464738)), (2, (3, 0.000425115, 7.1787e-5, 0.000497212)), (2, (4, 0.000518329, 3.8416e-5, 0.000556981)), (2, (5, 0.000800977, 0.000178942, 0.00098062)), (2, (6, 0.00059171, 0.000105643, 0.000697587)), (2, (7, 0.000513376, 0.000125561, 0.000639197))]), (10224, 16, 0.000767735, [(2, (0, 0.000390708, 2.0867e-5, 0.000411869)), (2, (1, 0.000411656, 2.957e-5, 0.000441982)), (2, (2, 0.000391192, 0.00015513, 0.000546543)), (2, (3, 0.000416833, 0.000163416, 0.000580541)), (2, (4, 0.000492893, 5.913e-5, 0.000552269)), (2, (5, 0.000590121, 0.00012028, 0.000710639)), (2, (6, 0.000538001, 8.8918e-5, 0.000627148)), (2, (7, 0.000326467, 0.000138402, 0.000465132))]), (10240, 16, 0.001173328, [(2, (0, 0.000538277, 2.3057e-5, 0.000561592)), (2, (1, 0.000415021, 7.314e-5, 0.000488436)), (2, (2, 0.000396919, 5.6946e-5, 0.000454143)), (2, (3, 0.000461933, 0.000119916, 0.000582092)), (2, (4, 0.000784014, 4.1662e-5, 0.000825925)), (2, (5, 0.00100631, 0.0001063, 0.001112876)), (2, (6, 0.000589373, 8.7683e-5, 0.000677316)), (2, (7, 0.00060988, 0.000131021, 0.000741173))]), (10256, 16, 0.001390406, [(2, (0, 0.000500864, 2.0001e-5, 0.000521126)), (2, (1, 0.000482111, 6.9898e-5, 0.000552449)), (2, (2, 0.000587535, 4.929e-5, 0.00063708)), (2, (3, 0.000551312, 0.000148661, 0.000700605)), (2, (4, 0.000518755, 3.676e-5, 0.000555838)), (2, (5, 0.00054622, 0.000188162, 0.000734642)), (2, (6, 0.001118449, 0.000168266, 0.00128702)), (2, (7, 0.000766649, 0.000204093, 0.000971069))]), (10272, 16, 0.000678459, [(2, (0, 0.00044756, 1.7551e-5, 0.000465361)), (2, (1, 0.000544743, 0.000128773, 0.000673824)), (2, (2, 0.000432297, 3.5542e-5, 0.000468253)), (2, (3, 0.00045439, 0.000158697, 0.000613304)), (2, (4, 0.000383247, 0.000107272, 0.000490817)), (2, (5, 0.000414157, 0.000184389, 0.000598832)), (2, (6, 0.000400788, 0.000144516, 0.00054558)), (2, (7, 0.000436841, 0.000174173, 0.000611239))]), (10288, 16, 0.000802545, [(2, (0, 0.0003944, 0.000119849, 0.000514529)), (2, (1, 0.000535195, 0.000168923, 0.000704527)), (2, (2, 0.000507463, 5.5675e-5, 0.000563402)), (2, (3, 0.000512097, 0.000105332, 0.000617732)), (2, (4, 0.0004832, 2.1591e-5, 0.000505029)), (2, (5, 0.00063647, 9.0782e-5, 0.00072752)), (2, (6, 0.00041035, 3.7372e-5, 0.000448003)), (2, (7, 0.000406585, 7.2889e-5, 0.000479705))]), (10304, 16, 0.000903709, [(2, (0, 0.000381074, 1.9111e-5, 0.000400438)), (2, (1, 0.000392191, 0.000102427, 0.000494856)), (2, (2, 0.000485511, 3.6719e-5, 0.000522489)), (2, (3, 0.000443999, 8.5176e-5, 0.00052942)), (2, (4, 0.000525205, 5.1679e-5, 0.000577128)), (2, (5, 0.000682949, 0.000168174, 0.000851554)), (2, (6, 0.000597456, 6.929e-5, 0.000667037)), (2, (7, 0.000433175, 0.000119767, 0.000553197))]), (10320, 16, 0.001111177, [(2, (0, 0.000664051, 1.8574e-5, 0.000683048)), (2, (1, 0.000923677, 0.000153809, 0.001077882)), (2, (2, 0.000444291, 4.1563e-5, 0.00049037)), (2, (3, 0.000592033, 0.000199834, 0.000792417)), (2, (4, 0.000512946, 5.8054e-5, 0.000571266)), (2, (5, 0.000596574, 0.000226116, 0.000822927)), (2, (6, 0.000519261, 0.000102027, 0.000621734)), (2, (7, 0.000510578, 0.000159477, 0.000670346))]), (10336, 16, 0.000871744, [(2, (0, 0.000406818, 5.2585e-5, 0.000459744)), (2, (1, 0.000406569, 7.1956e-5, 0.00047886)), (2, (2, 0.000476978, 3.9821e-5, 0.000517019)), (2, (3, 0.000456885, 0.000111446, 0.000568591)), (2, (4, 0.000378528, 2.352e-5, 0.000402392)), (2, (5, 0.000645078, 0.000173824, 0.000819303)), (2, (6, 0.000503924, 0.000145158, 0.000649326)), (2, (7, 0.000475132, 0.000164738, 0.000640166))]), (10352, 16, 0.000801243, [(2, (0, 0.000548104, 2.0445e-5, 0.000568804)), (2, (1, 0.000689461, 8.771e-5, 0.000777465)), (2, (2, 0.000536869, 5.4027e-5, 0.000591125)), (2, (3, 0.000556591, 7.0057e-5, 0.000626887)), (2, (4, 0.000495624, 3.854e-5, 0.000534435)), (2, (5, 0.000614965, 0.000137825, 0.00075305)), (2, (6, 0.000591392, 0.000134388, 0.000726543)), (2, (7, 0.000493465, 0.00014563, 0.000639371))]), (10368, 16, 0.000802435, [(2, (0, 0.000458823, 1.8869e-5, 0.000477945)), (2, (1, 0.000387084, 3.5498e-5, 0.000422823)), (2, (2, 0.000460571, 0.000105559, 0.000566392)), (2, (3, 0.000454002, 0.000131384, 0.000585638)), (2, (4, 0.000359742, 5.2063e-5, 0.000412092)), (2, (5, 0.000445843, 0.000123047, 0.000569128)), (2, (6, 0.000467973, 6.7856e-5, 0.000536079)), (2, (7, 0.000613233, 8.7679e-5, 0.000701159))]), (10384, 16, 0.000923164, [(2, (0, 0.000680872, 1.8882e-5, 0.000700017)), (2, (1, 0.000815472, 7.1749e-5, 0.000887525)), (2, (2, 0.000559531, 5.5854e-5, 0.000615697)), (2, (3, 0.000497243, 0.000129939, 0.000627429)), (2, (4, 0.000375284, 4.0422e-5, 0.000415973)), (2, (5, 0.000585779, 0.00010557, 0.0006916)), (2, (6, 0.000406304, 8.935e-5, 0.000495917)), (2, (7, 0.000415093, 0.000122311, 0.000537624))]), (10400, 16, 0.000774967, [(2, (0, 0.000460766, 1.9263e-5, 0.000480316)), (2, (1, 0.00050695, 7.6467e-5, 0.00058364)), (2, (2, 0.000507992, 6.1468e-5, 0.000569735)), (2, (3, 0.000473587, 0.000144012, 0.000617938)), (2, (4, 0.000659149, 4.3238e-5, 0.000702788)), (2, (5, 0.000539895, 0.000184089, 0.000724878)), (2, (6, 0.000396565, 0.000100771, 0.000497662)), (2, (7, 0.000487102, 0.000114223, 0.000601557))]), (10416, 16, 0.000790864, [(2, (0, 0.000474742, 5.1701e-5, 0.000526701)), (2, (1, 0.000632725, 0.000126457, 0.00075944)), (2, (2, 0.000448143, 6.8453e-5, 0.000516834)), (2, (3, 0.000537759, 0.000134414, 0.000672418)), (2, (4, 0.000423047, 2.0788e-5, 0.000444097)), (2, (5, 0.000450236, 0.000109208, 0.000559747)), (2, (6, 0.000386547, 3.3102e-5, 0.000419904)), (2, (7, 0.000456385, 8.5836e-5, 0.000542496))]), (10432, 16, 0.00086548, [(2, (0, 0.000521968, 1.9281e-5, 0.000541532)), (2, (1, 0.000511546, 6.9207e-5, 0.000581029)), (2, (2, 0.000441457, 5.3242e-5, 0.000494932)), (2, (3, 0.00068167, 0.000125903, 0.000807804)), (2, (4, 0.000496523, 3.7336e-5, 0.000534149)), (2, (5, 0.000577491, 0.000192065, 0.000769987)), (2, (6, 0.000677785, 8.6937e-5, 0.000764973)), (2, (7, 0.000565272, 0.000144515, 0.000710022))]), (10448, 16, 0.000822595, [(2, (0, 0.000542827, 1.7768e-5, 0.000560859)), (2, (1, 0.00046713, 6.707e-5, 0.000534461)), (2, (2, 0.000411672, 3.5258e-5, 0.000447147)), (2, (3, 0.000659459, 8.4224e-5, 0.000743956)), (2, (4, 0.000424194, 5.1015e-5, 0.000475457)), (2, (5, 0.00052667, 0.000115873, 0.000642791)), (2, (6, 0.000427047, 0.000100145, 0.000527463)), (2, (7, 0.00044943, 0.000124859, 0.000574525))]), (10464, 16, 0.00115299, [(2, (0, 0.000790299, 1.8189e-5, 0.000808836)), (2, (1, 0.000739584, 0.00016602, 0.000905949)), (2, (2, 0.000432586, 6.6429e-5, 0.000499267)), (2, (3, 0.000554147, 0.000240776, 0.000795221)), (2, (4, 0.001065533, 4.8643e-5, 0.001114519)), (2, (5, 0.000774754, 0.000233725, 0.001008959)), (2, (6, 0.000617363, 0.000182153, 0.000799764)), (2, (7, 0.000731343, 0.000266477, 0.000998331))]), (10480, 16, 0.00070138, [(2, (0, 0.000450694, 5.6389e-5, 0.000507382)), (2, (1, 0.000430377, 7.3197e-5, 0.000503821)), (2, (2, 0.000635392, 3.8654e-5, 0.000674258)), (2, (3, 0.000517158, 9.2073e-5, 0.00060951)), (2, (4, 0.000428237, 2.3873e-5, 0.000452356)), (2, (5, 0.000415172, 0.000125592, 0.000541025)), (2, (6, 0.000430469, 0.000109252, 0.00053998)), (2, (7, 0.000412473, 0.000136348, 0.000549194))]), (10496, 16, 0.000600398, [(2, (0, 0.000347329, 1.9253e-5, 0.000366844)), (2, (1, 0.00049873, 7.1876e-5, 0.000570897)), (2, (2, 0.000529975, 5.6579e-5, 0.000586808)), (2, (3, 0.000461577, 0.000118399, 0.000580207)), (2, (4, 0.000417984, 4.0238e-5, 0.000458504)), (2, (5, 0.000447147, 0.000105111, 0.0005525)), (2, (6, 0.000407536, 8.6399e-5, 0.000494204)), (2, (7, 0.00036923, 0.000128157, 0.000497649))]), (10512, 16, 0.000774648, [(2, (0, 0.000436007, 2.731e-5, 0.00046354)), (2, (1, 0.000566129, 3.8806e-5, 0.00060518)), (2, (2, 0.000431016, 6.1569e-5, 0.000492842)), (2, (3, 0.000639675, 8.3377e-5, 0.000723494)), (2, (4, 0.000404588, 4.448e-5, 0.000449306)), (2, (5, 0.000559716, 6.359e-5, 0.000623595)), (2, (6, 0.000514719, 4.6289e-5, 0.000561269)), (2, (7, 0.000448293, 5.5288e-5, 0.000503803))]), (10528, 16, 0.000622116, [(2, (0, 0.000490484, 1.9099e-5, 0.000509838)), (2, (1, 0.000376659, 7.2746e-5, 0.000449657)), (2, (2, 0.000453718, 3.6211e-5, 0.000490172)), (2, (3, 0.000409051, 0.000122587, 0.000531927)), (2, (4, 0.000500138, 5.4164e-5, 0.000554574)), (2, (5, 0.000407365, 0.000104809, 0.000512419)), (2, (6, 0.000392054, 8.7548e-5, 0.000479892)), (2, (7, 0.000406521, 0.000129427, 0.00053935))]), (10544, 16, 0.00081446, [(2, (0, 0.000543333, 2.6056e-5, 0.000569631)), (2, (1, 0.000468363, 3.7575e-5, 0.000506192)), (2, (2, 0.000474069, 7.9639e-5, 0.000553976)), (2, (3, 0.000484749, 8.1616e-5, 0.00056674)), (2, (4, 0.000433617, 4.6249e-5, 0.000480126)), (2, (5, 0.000419304, 7.195e-5, 0.000491497)), (2, (6, 0.000699329, 4.6949e-5, 0.000746515)), (2, (7, 0.000412071, 5.6191e-5, 0.000468554))]), (10560, 16, 0.000772135, [(2, (0, 0.000352077, 1.0875e-5, 0.000363167)), (2, (1, 0.000505146, 5.9163e-5, 0.000564547)), (2, (2, 0.000626316, 1.8623e-5, 0.000645171)), (2, (3, 0.000522131, 0.000130286, 0.000652696)), (2, (4, 0.000739214, 1.3154e-5, 0.000752731)), (2, (5, 0.000595811, 0.000111997, 0.000708126)), (2, (6, 0.000526586, 8.2694e-5, 0.000609599)), (2, (7, 0.000492046, 0.000172414, 0.000664925))]), (10576, 16, 0.00078392, [(2, (0, 0.000763622, 1.8513e-5, 0.000782388)), (2, (1, 0.000564481, 3.7274e-5, 0.00060203)), (2, (2, 0.000430282, 0.000105919, 0.000536479)), (2, (3, 0.00043723, 0.000138406, 0.000575989)), (2, (4, 0.000651856, 5.6323e-5, 0.00070849)), (2, (5, 0.00054968, 0.000129739, 0.000679672)), (2, (6, 0.000497203, 7.3715e-5, 0.000571255)), (2, (7, 0.000507138, 8.6922e-5, 0.000594344))]), (10592, 16, 0.000843728, [(2, (0, 0.000533209, 1.6928e-5, 0.000550391)), (2, (1, 0.000356621, 6.9222e-5, 0.000426127)), (2, (2, 0.00039592, 5.2428e-5, 0.000448613)), (2, (3, 0.000454006, 0.000119501, 0.000573759)), (2, (4, 0.000404736, 3.5321e-5, 0.00044031)), (2, (5, 0.000432598, 0.000101186, 0.000534035)), (2, (6, 0.000411912, 8.619e-5, 0.000498344)), (2, (7, 0.000582739, 0.000167939, 0.000751109))]), (10608, 16, 0.000730263, [(2, (0, 0.000406489, 1.9659e-5, 0.000426414)), (2, (1, 0.000330937, 3.8799e-5, 0.000369967)), (2, (2, 0.000402996, 0.000143426, 0.000546656)), (2, (3, 0.00040605, 0.000161705, 0.000568044)), (2, (4, 0.000372526, 5.4208e-5, 0.000427075)), (2, (5, 0.000393473, 0.00016707, 0.000560796)), (2, (6, 0.000400908, 7.1103e-5, 0.000472271)), (2, (7, 0.000444453, 0.000126579, 0.000571317))]), (10624, 16, 0.00127035, [(2, (0, 0.00037378, 1.9213e-5, 0.000393263)), (2, (1, 0.001033948, 0.000190583, 0.001225039)), (2, (2, 0.000428862, 3.7994e-5, 0.000467126)), (2, (3, 0.000411606, 8.6067e-5, 0.000497904)), (2, (4, 0.00056589, 5.4026e-5, 0.000620197)), (2, (5, 0.000561891, 0.000103168, 0.00066529)), (2, (6, 0.000415666, 6.9703e-5, 0.000485665)), (2, (7, 0.000718345, 0.000198241, 0.000916889))]), (10640, 16, 0.000959204, [(2, (0, 0.000461003, 1.9323e-5, 0.000480619)), (2, (1, 0.000409583, 0.000117452, 0.000527272)), (2, (2, 0.000334227, 2.7402e-5, 0.000361958)), (2, (3, 0.000397725, 0.000136211, 0.000534251)), (2, (4, 0.000519506, 6.1588e-5, 0.00058145)), (2, (5, 0.000668673, 0.000225329, 0.000894526)), (2, (6, 0.000429103, 0.000158041, 0.000587486)), (2, (7, 0.000358237, 0.000174284, 0.000532821))]), (10656, 16, 0.000742716, [(2, (0, 0.000481225, 1.0652e-5, 0.000492165)), (2, (1, 0.000493392, 0.000124696, 0.000618343)), (2, (2, 0.000372326, 4.6786e-5, 0.000419348)), (2, (3, 0.000452155, 0.000142766, 0.000595304)), (2, (4, 0.000501608, 2.3352e-5, 0.000525236)), (2, (5, 0.000563856, 0.000129886, 0.000694244)), (2, (6, 0.00037216, 4.6505e-5, 0.000418945)), (2, (7, 0.000414402, 0.000124996, 0.000539673))]), (10672, 16, 0.00077964, [(2, (0, 0.000467169, 1.9192e-5, 0.000486651)), (2, (1, 0.000474956, 8.1568e-5, 0.000556777)), (2, (2, 0.000410446, 3.3177e-5, 0.000443852)), (2, (3, 0.000602383, 0.000116336, 0.000719046)), (2, (4, 0.000401123, 4.9639e-5, 0.000451037)), (2, (5, 0.000400921, 0.000103082, 0.000504288)), (2, (6, 0.00053799, 6.6502e-5, 0.000604734)), (2, (7, 0.00050873, 0.000192691, 0.000701739))]), (10688, 16, 0.000834292, [(2, (0, 0.00054273, 2.9907e-5, 0.000572932)), (2, (1, 0.000518507, 4.172e-5, 0.000560472)), (2, (2, 0.000476024, 6.1436e-5, 0.000537721)), (2, (3, 0.000629441, 6.3315e-5, 0.000693037)), (2, (4, 0.000602592, 4.6789e-5, 0.000649679)), (2, (5, 0.000466591, 7.0155e-5, 0.000537053)), (2, (6, 0.000691295, 5.1123e-5, 0.000742868)), (2, (7, 0.000425588, 5.8807e-5, 0.000484666))]), (10704, 16, 0.000885449, [(2, (0, 0.00041113, 5.3127e-5, 0.000464514)), (2, (1, 0.000418345, 0.000112829, 0.000531496)), (2, (2, 0.000425133, 3.5807e-5, 0.000461262)), (2, (3, 0.000583949, 0.000105636, 0.000690172)), (2, (4, 0.000446129, 2.0653e-5, 0.000467033)), (2, (5, 0.000399291, 0.000150945, 0.000550563)), (2, (6, 0.000466364, 0.000133379, 0.000600016)), (2, (7, 0.000619617, 0.000172041, 0.000792005))]), (10720, 16, 0.000777986, [(2, (0, 0.000419324, 1.9083e-5, 0.000438676)), (2, (1, 0.000479625, 8.4512e-5, 0.000564393)), (2, (2, 0.000695142, 5.3417e-5, 0.000748851)), (2, (3, 0.000411457, 0.000101181, 0.000512891)), (2, (4, 0.00049262, 6.7174e-5, 0.000560026)), (2, (5, 0.000370364, 0.000144515, 0.000515101)), (2, (6, 0.000450081, 0.000119331, 0.000569665)), (2, (7, 0.000490231, 0.000136405, 0.000626972))]), (10736, 16, 0.000771718, [(2, (0, 0.000407947, 1.8688e-5, 0.000426909)), (2, (1, 0.000373108, 7.041e-5, 0.00044376)), (2, (2, 0.000427469, 5.4035e-5, 0.000481788)), (2, (3, 0.000546769, 0.000176234, 0.000723482)), (2, (4, 0.000481413, 3.7644e-5, 0.00051933)), (2, (5, 0.000403061, 0.000122772, 0.000526109)), (2, (6, 0.00054751, 8.8667e-5, 0.00063646)), (2, (7, 0.000500257, 0.000105749, 0.000606258))]), (10752, 15, 0.00092205, [(2, (0, 0.000355056, 2.1755e-5, 0.000377081)), (2, (1, 0.00071966, 0.000169692, 0.000889842)), (2, (2, 0.000753628, 9.1923e-5, 0.000845839)), (2, (3, 0.000656701, 0.000125197, 0.000782129)), (2, (4, 0.000550688, 4.0654e-5, 0.000591589)), (2, (5, 0.000438746, 7.369e-5, 0.000512655)), (2, (6, 0.000500909, 5.6077e-5, 0.000557227)), (1, (7, 0.00019843, 0.000107947, 0.000306614))]), (10768, 16, 0.001062697, [(2, (0, 0.000727079, 1.9018e-5, 0.000746349)), (2, (1, 0.000958753, 6.7331e-5, 0.001026361)), (2, (2, 0.000765008, 3.5274e-5, 0.00080069)), (2, (3, 0.000681344, 0.000176022, 0.000857631)), (2, (4, 0.000447594, 5.0934e-5, 0.000498818)), (2, (5, 0.000564244, 0.000162558, 0.000727128)), (2, (6, 0.000395051, 0.000140645, 0.000536)), (2, (7, 0.000759985, 0.000182564, 0.000942782))]), (10784, 16, 0.001086289, [(2, (0, 0.000608052, 1.8654e-5, 0.000627006)), (2, (1, 0.000598244, 3.5855e-5, 0.000634372)), (2, (2, 0.000545899, 5.3883e-5, 0.000600029)), (2, (3, 0.000526302, 9.7413e-5, 0.000623944)), (2, (4, 0.000475041, 0.000145948, 0.000621298)), (2, (5, 0.000798119, 0.000223714, 0.001022277)), (2, (6, 0.000517824, 0.000202946, 0.00072105)), (2, (7, 0.000476622, 0.000272327, 0.000749618))]), (10800, 16, 0.000827428, [(2, (0, 0.000454328, 1.9334e-5, 0.000473908)), (2, (1, 0.000363884, 4.0615e-5, 0.000404847)), (2, (2, 0.000427722, 0.000105842, 0.000533801)), (2, (3, 0.00040606, 0.000171683, 0.000578016)), (2, (4, 0.000542058, 5.8396e-5, 0.00060075)), (2, (5, 0.000447463, 8.9649e-5, 0.000537376)), (2, (6, 0.000452232, 7.3727e-5, 0.00052619)), (2, (7, 0.000600372, 0.000125644, 0.000726317))]), (10816, 15, 0.001332592, [(2, (0, 0.000473121, 2.4896e-5, 0.00049827)), (2, (1, 0.000794113, 9.5333e-5, 0.000889697)), (2, (2, 0.000505661, 6.2332e-5, 0.000568243)), (2, (3, 0.001146643, 0.000131911, 0.001278817)), (2, (4, 0.000682723, 4.2457e-5, 0.000725462)), (2, (5, 0.000561112, 0.00011331, 0.000674686)), (2, (6, 0.000532599, 7.8408e-5, 0.000611255)), (1, (7, 0.000321596, 0.000182412, 0.000504505))]), (10832, 16, 0.001130685, [(2, (0, 0.001105454, 2.3524e-5, 0.00112924)), (2, (1, 0.000999497, 2.8123e-5, 0.001028064)), (2, (2, 0.000637731, 0.000168416, 0.00080636)), (2, (3, 0.000757021, 0.000209661, 0.000967042)), (2, (4, 0.000875588, 0.000129179, 0.001005021)), (2, (5, 0.000580527, 0.000162084, 0.000743144)), (2, (6, 0.00053497, 0.000153476, 0.000688828)), (2, (7, 0.000568688, 0.000164811, 0.000733834))]), (10848, 16, 0.00090689, [(2, (0, 0.000453485, 2.0951e-5, 0.0004747)), (2, (1, 0.000482277, 8.8606e-5, 0.000571105)), (2, (2, 0.000518251, 5.8015e-5, 0.000576533)), (2, (3, 0.000517625, 0.000125298, 0.000643175)), (2, (4, 0.000561773, 4.244e-5, 0.000604541)), (2, (5, 0.000497726, 0.000108483, 0.000606576)), (2, (6, 0.000584403, 7.4725e-5, 0.000659441)), (2, (7, 0.000618635, 0.000178856, 0.000797929))]), (10864, 16, 0.000676331, [(2, (0, 0.000436057, 1.9593e-5, 0.000455948)), (2, (1, 0.000420774, 6.7565e-5, 0.000488622)), (2, (2, 0.000548688, 5.2665e-5, 0.00060166)), (2, (3, 0.000383786, 0.000170878, 0.000554908)), (2, (4, 0.000314902, 3.5914e-5, 0.000351049)), (2, (5, 0.000416292, 0.000107042, 0.000523586)), (2, (6, 0.000450854, 8.696e-5, 0.000538081)), (2, (7, 0.000395462, 0.000179579, 0.000575275))]), (10880, 16, 0.000799432, [(2, (0, 0.000366993, 2.1622e-5, 0.000388915)), (2, (1, 0.000485844, 7.2273e-5, 0.000558394)), (2, (2, 0.000600353, 5.5771e-5, 0.000656375)), (2, (3, 0.000364684, 0.000124992, 0.000489942)), (2, (4, 0.000453841, 4.0501e-5, 0.000494568)), (2, (5, 0.000504132, 0.000106062, 0.000610458)), (2, (6, 0.000546167, 8.7861e-5, 0.000637688)), (2, (7, 0.000570883, 0.000133042, 0.000704185))]), (10896, 16, 0.001019845, [(2, (0, 0.000836787, 2.0788e-5, 0.000857828)), (2, (1, 0.000855426, 0.000122313, 0.000978012)), (2, (2, 0.000349005, 5.5201e-5, 0.000404468)), (2, (3, 0.000875461, 8.7732e-5, 0.000963474)), (2, (4, 0.000406656, 3.883e-5, 0.000445733)), (2, (5, 0.000547797, 0.000167971, 0.000716232)), (2, (6, 0.000386287, 7.0823e-5, 0.000457362)), (2, (7, 0.000558677, 0.000102838, 0.000661743))]), (10912, 16, 0.000937273, [(2, (0, 0.00057563, 2.2678e-5, 0.000598575)), (2, (1, 0.000534558, 6.1316e-5, 0.000596253)), (2, (2, 0.000719357, 0.000130737, 0.000850496)), (2, (3, 0.000514286, 0.000150159, 0.000664699)), (2, (4, 0.000447467, 7.5044e-5, 0.000522761)), (2, (5, 0.000692454, 0.000201465, 0.000894393)), (2, (6, 0.000829963, 9.6577e-5, 0.000926899)), (2, (7, 0.000781761, 0.000113467, 0.000895522))]), (10928, 16, 0.000667439, [(2, (0, 0.000504323, 2.0462e-5, 0.000525088)), (2, (1, 0.000536134, 4.2313e-5, 0.000578697)), (2, (2, 0.000437516, 6.8659e-5, 0.000506413)), (2, (3, 0.000503753, 8.2139e-5, 0.000586151)), (2, (4, 0.000469893, 6.2396e-5, 0.000532528)), (2, (5, 0.000486634, 6.191e-5, 0.0005488)), (2, (6, 0.000468235, 6.2615e-5, 0.000531163)), (2, (7, 0.000567138, 7.3434e-5, 0.000640827))]), (10944, 16, 0.000832194, [(2, (0, 0.00056008, 2.0052e-5, 0.000580393)), (2, (1, 0.000414552, 2.2018e-5, 0.000436806)), (2, (2, 0.000484864, 0.000101086, 0.000586211)), (2, (3, 0.000440113, 0.000105499, 0.000545822)), (2, (4, 0.000508334, 5.2445e-5, 0.000561042)), (2, (5, 0.00041816, 6.879e-5, 0.000487229)), (2, (6, 0.000538948, 5.316e-5, 0.000592357)), (2, (7, 0.000647104, 8.2625e-5, 0.000729974))]), (10960, 16, 0.00076172, [(2, (0, 0.000385652, 1.9731e-5, 0.000405632)), (2, (1, 0.000421848, 7.8555e-5, 0.000500702)), (2, (2, 0.000431348, 5.9162e-5, 0.000490718)), (2, (3, 0.000525448, 0.000202824, 0.000728811)), (2, (4, 0.000400567, 4.3447e-5, 0.000444248)), (2, (5, 0.000468125, 0.000170456, 0.000638819)), (2, (6, 0.000468924, 0.000134752, 0.000603946)), (2, (7, 0.000520559, 0.00014753, 0.000668324))]), (10976, 16, 0.000928455, [(2, (0, 0.00076035, 1.8088e-5, 0.000778781)), (2, (1, 0.000447972, 3.684e-5, 0.00048503)), (2, (2, 0.000435271, 0.000103679, 0.000539208)), (2, (3, 0.000410183, 0.000121933, 0.000532394)), (2, (4, 0.000830178, 5.3916e-5, 0.000884367)), (2, (5, 0.000592889, 0.000251304, 0.000844902)), (2, (6, 0.000376401, 6.9582e-5, 0.000446244)), (2, (7, 0.000598985, 8.8895e-5, 0.000688268))]), (10992, 16, 0.000950427, [(2, (0, 0.000508665, 2.087e-5, 0.000529871)), (2, (1, 0.000404639, 7.9229e-5, 0.000484277)), (2, (2, 0.000496871, 4.0413e-5, 0.000537517)), (2, (3, 0.000589231, 9.9224e-5, 0.000688722)), (2, (4, 0.0004883, 6.3623e-5, 0.000552271)), (2, (5, 0.000426731, 0.000133933, 0.000560921)), (2, (6, 0.000432074, 0.000115264, 0.000547587)), (2, (7, 0.0006722, 0.00018659, 0.00085931))]), (11008, 16, 0.000609429, [(2, (0, 0.000456841, 1.9575e-5, 0.000476719)), (2, (1, 0.000407999, 3.9072e-5, 0.000447359)), (2, (2, 0.000416902, 3.4275e-5, 0.000451519)), (2, (3, 0.00036659, 6.1308e-5, 0.000428148)), (2, (4, 0.000479426, 4.7499e-5, 0.000527192)), (2, (5, 0.000457619, 7.0631e-5, 0.000528485)), (2, (6, 0.000385844, 5.3439e-5, 0.00043952)), (2, (7, 0.000443271, 6.5674e-5, 0.000509205))]), (11024, 16, 0.000757006, [(2, (0, 0.000360702, 2.0254e-5, 0.000381193)), (2, (1, 0.000423689, 7.2056e-5, 0.000496017)), (2, (2, 0.000455857, 5.5385e-5, 0.00051153)), (2, (3, 0.000326711, 0.000111585, 0.000438585)), (2, (4, 0.000472552, 3.9688e-5, 0.00051249)), (2, (5, 0.000437467, 0.000128947, 0.000566667)), (2, (6, 0.000607978, 8.934e-5, 0.000697594)), (2, (7, 0.000505723, 0.000137189, 0.00064318))]), (11040, 16, 0.00109145, [(2, (0, 0.000365974, 2.6204e-5, 0.000392443)), (2, (1, 0.000492075, 7.6894e-5, 0.000569224)), (2, (2, 0.000679555, 6.0245e-5, 0.000740056)), (2, (3, 0.000884254, 0.000128426, 0.001012926)), (2, (4, 0.00077795, 4.3552e-5, 0.000821782)), (2, (5, 0.000840821, 0.000112226, 0.000953296)), (2, (6, 0.000613336, 9.5072e-5, 0.000708668)), (2, (7, 0.000778063, 0.000208937, 0.000987343))]), (11056, 16, 0.000955156, [(2, (0, 0.000689201, 2.6066e-5, 0.000715515)), (2, (1, 0.000455668, 0.000102439, 0.000558347)), (2, (2, 0.000828206, 4.6824e-5, 0.000875309)), (2, (3, 0.000754455, 0.000150704, 0.000905751)), (2, (4, 0.000400929, 6.4518e-5, 0.000465726)), (2, (5, 0.000416729, 0.000188138, 0.000605205)), (2, (6, 0.000459322, 8.3921e-5, 0.000543514)), (2, (7, 0.000507323, 0.000186083, 0.000694123))]), (11072, 16, 0.000845065, [(2, (0, 0.000555498, 1.926e-5, 0.000575013)), (2, (1, 0.000636218, 0.000105712, 0.000742175)), (2, (2, 0.000464716, 3.4342e-5, 0.000499301)), (2, (3, 0.000737705, 7.1282e-5, 0.000809273)), (2, (4, 0.000499112, 5.3133e-5, 0.000552614)), (2, (5, 0.000505728, 0.00013075, 0.000636781)), (2, (6, 0.000613409, 8.7619e-5, 0.000701285)), (2, (7, 0.000478606, 0.000122135, 0.000601012))]), (11088, 16, 0.000750913, [(2, (0, 0.000488498, 2.0167e-5, 0.000508926)), (2, (1, 0.000616184, 0.000111337, 0.000727773)), (2, (2, 0.000611339, 4.5288e-5, 0.00065973)), (2, (3, 0.000552041, 0.000130623, 0.000682942)), (2, (4, 0.000613286, 6.3934e-5, 0.000677509)), (2, (5, 0.000536388, 9.9805e-5, 0.000637217)), (2, (6, 0.000467781, 7.674e-5, 0.000544753)), (2, (7, 0.000471071, 0.000139141, 0.000610438))]), (11104, 16, 0.000749758, [(2, (0, 0.000334366, 1.8377e-5, 0.000352991)), (2, (1, 0.000355486, 0.00010068, 0.000456388)), (2, (2, 0.000501535, 5.2177e-5, 0.00055394)), (2, (3, 0.000428519, 0.000118255, 0.000547041)), (2, (4, 0.00044588, 3.7956e-5, 0.000484099)), (2, (5, 0.000518205, 0.000171342, 0.000690529)), (2, (6, 0.000503729, 6.9379e-5, 0.000573396)), (2, (7, 0.000590961, 8.7527e-5, 0.000678759))]), (11120, 16, 0.000891236, [(2, (0, 0.000420306, 1.852e-5, 0.000439087)), (2, (1, 0.000714828, 3.5106e-5, 0.000750446)), (2, (2, 0.000578425, 0.000102181, 0.000680828)), (2, (3, 0.000438058, 0.000128802, 0.000567118)), (2, (4, 0.000540162, 5.2676e-5, 0.000593061)), (2, (5, 0.000566362, 8.6039e-5, 0.000652785)), (2, (6, 0.000454035, 6.9116e-5, 0.000523398)), (2, (7, 0.000645678, 0.000119369, 0.000765315))]), (11136, 16, 0.000998861, [(2, (0, 0.0004262, 1.8549e-5, 0.000445016)), (2, (1, 0.000379047, 4.0446e-5, 0.000419824)), (2, (2, 0.000430854, 0.000179495, 0.000610672)), (2, (3, 0.000548619, 0.000212177, 0.000761187)), (2, (4, 0.000392282, 6.0893e-5, 0.000453529)), (2, (5, 0.000423165, 0.000171807, 0.000602401)), (2, (6, 0.00080476, 0.000128715, 0.000933949)), (2, (7, 0.000431808, 0.000196203, 0.000628285))]), (11152, 16, 0.000815568, [(2, (0, 0.000545788, 1.8576e-5, 0.00056469)), (2, (1, 0.000545174, 3.9383e-5, 0.000584857)), (2, (2, 0.000517034, 0.000112115, 0.00062953)), (2, (3, 0.000586037, 0.000183281, 0.000769768)), (2, (4, 0.000364821, 5.6822e-5, 0.000421885)), (2, (5, 0.000522918, 0.000129181, 0.000652372)), (2, (6, 0.000412506, 7.1787e-5, 0.0004846)), (2, (7, 0.000348506, 8.8207e-5, 0.000436955))]), (11168, 16, 0.00074435, [(2, (0, 0.000484412, 2.0488e-5, 0.000505189)), (2, (1, 0.000654835, 3.8548e-5, 0.000693637)), (2, (2, 0.00056375, 0.000106474, 0.000670441)), (2, (3, 0.000573094, 0.000139195, 0.000712545)), (2, (4, 0.000656611, 5.4736e-5, 0.000711636)), (2, (5, 0.000532915, 8.9069e-5, 0.000622296)), (2, (6, 0.000421722, 7.0968e-5, 0.00049294)), (2, (7, 0.00038585, 0.000129924, 0.000516051))]), (11184, 16, 0.00097317, [(2, (0, 0.000544842, 1.8572e-5, 0.000563685)), (2, (1, 0.00038713, 2.0249e-5, 0.000407684)), (2, (2, 0.000381018, 0.00011917, 0.000500439)), (2, (3, 0.000442921, 0.000136488, 0.000579683)), (2, (4, 0.000369839, 0.000124496, 0.000494616)), (2, (5, 0.00073088, 0.000189784, 0.000921153)), (2, (6, 0.000450596, 0.000154114, 0.000604978)), (2, (7, 0.000339563, 0.000170401, 0.000510201))]), (11200, 16, 0.000905839, [(2, (0, 0.000480016, 2.0174e-5, 0.000500471)), (2, (1, 0.000523392, 9.8062e-5, 0.000621797)), (2, (2, 0.00083083, 4.2202e-5, 0.000873381)), (2, (3, 0.000502539, 0.000137631, 0.000640818)), (2, (4, 0.000647088, 0.000138521, 0.000786165)), (2, (5, 0.000482781, 0.000167829, 0.000650878)), (2, (6, 0.000470121, 0.000146571, 0.000616968)), (2, (7, 0.000608803, 0.000179972, 0.000789074))]), (11216, 16, 0.000907262, [(2, (0, 0.00053902, 1.932e-5, 0.00055861)), (2, (1, 0.000586122, 7.137e-5, 0.000657768)), (2, (2, 0.000619916, 5.4014e-5, 0.000674147)), (2, (3, 0.000441885, 0.000119937, 0.000562094)), (2, (4, 0.000438775, 3.917e-5, 0.000478255)), (2, (5, 0.000689616, 0.000105307, 0.000795191)), (2, (6, 0.000394338, 9.0299e-5, 0.000484974)), (2, (7, 0.000622921, 0.000172389, 0.000795801))]), (11232, 16, 0.001285033, [(2, (0, 0.000440309, 1.9208e-5, 0.00045978)), (2, (1, 0.000416582, 7.1603e-5, 0.000488511)), (2, (2, 0.000404807, 5.458e-5, 0.000459643)), (2, (3, 0.001054387, 0.000174765, 0.001229719)), (2, (4, 0.000576368, 3.8408e-5, 0.000615044)), (2, (5, 0.00064739, 0.000116947, 0.000764624)), (2, (6, 0.000443314, 8.906e-5, 0.000532667)), (2, (7, 0.000416195, 0.000136122, 0.000552608))]), (11248, 16, 0.000714657, [(2, (0, 0.000367237, 5.2182e-5, 0.000419676)), (2, (1, 0.00043515, 0.00012559, 0.000560965)), (2, (2, 0.000464823, 0.000233949, 0.000699215)), (2, (3, 0.000381586, 0.000236028, 0.000617889)), (2, (4, 0.000427526, 2.0735e-5, 0.000448529)), (2, (5, 0.000372648, 6.9735e-5, 0.000442644)), (2, (6, 0.00046532, 4.0193e-5, 0.000505824)), (2, (7, 0.000457812, 0.000145111, 0.000603173))]), (11264, 16, 0.0010693, [(2, (0, 0.000421172, 1.9003e-5, 0.000440423)), (2, (1, 0.000565409, 0.000103414, 0.000669141)), (2, (2, 0.00063443, 5.1396e-5, 0.000686112)), (2, (3, 0.000639681, 0.000148965, 0.000788905)), (2, (4, 0.000518954, 3.7689e-5, 0.000556907)), (2, (5, 0.00086536, 0.00015201, 0.001017872)), (2, (6, 0.000544074, 6.6908e-5, 0.00061125)), (2, (7, 0.000542789, 8.457e-5, 0.000627652))]), (11280, 16, 0.001322394, [(2, (0, 0.000380676, 5.3882e-5, 0.000434812)), (2, (1, 0.000458172, 3.7577e-5, 0.000495996)), (2, (2, 0.000751016, 0.000114871, 0.000866131)), (2, (3, 0.000655726, 0.000130962, 0.000786929)), (2, (4, 0.000442559, 6.1323e-5, 0.000504235)), (2, (5, 0.001099802, 0.000171881, 0.001272577)), (2, (6, 0.000492608, 7.6211e-5, 0.000569126)), (2, (7, 0.000472812, 9.7699e-5, 0.000570898))]), (11296, 16, 0.000751771, [(2, (0, 0.000582347, 2.1331e-5, 0.000603952)), (2, (1, 0.000464281, 4.2561e-5, 0.000507156)), (2, (2, 0.000480588, 0.000145815, 0.00062666)), (2, (3, 0.000366757, 0.000165222, 0.000532238)), (2, (4, 0.000364499, 5.7387e-5, 0.000422122)), (2, (5, 0.000452233, 0.000130478, 0.000582992)), (2, (6, 0.000321781, 7.6984e-5, 0.000399072)), (2, (7, 0.000449033, 0.000212924, 0.000662475))]), (11312, 16, 0.000862924, [(2, (0, 0.000384401, 1.7563e-5, 0.000402224)), (2, (1, 0.00052026, 6.6942e-5, 0.000587513)), (2, (2, 0.000629601, 5.1648e-5, 0.000681492)), (2, (3, 0.000701243, 0.000114722, 0.000816195)), (2, (4, 0.000505581, 3.5753e-5, 0.000541605)), (2, (5, 0.00046669, 9.7406e-5, 0.00056433)), (2, (6, 0.000436019, 8.3063e-5, 0.000522962)), (2, (7, 0.000401806, 0.000134299, 0.00053638))]), (11328, 16, 0.000724404, [(2, (0, 0.000628954, 1.9057e-5, 0.000648284)), (2, (1, 0.000603079, 6.8069e-5, 0.000671417)), (2, (2, 0.000561225, 5.2281e-5, 0.000613798)), (2, (3, 0.00052185, 0.000129798, 0.000651971)), (2, (4, 0.000491511, 3.7291e-5, 0.000529065)), (2, (5, 0.000504011, 0.000155246, 0.000659731)), (2, (6, 0.000572387, 9.4855e-5, 0.000667492)), (2, (7, 0.000442031, 0.000112849, 0.000555126))]), (11344, 16, 0.00065637, [(2, (0, 0.000495782, 1.9565e-5, 0.000515632)), (2, (1, 0.00053134, 7.5062e-5, 0.000606664)), (2, (2, 0.000567981, 5.8282e-5, 0.000626512)), (2, (3, 0.000464982, 0.000140848, 0.000606134)), (2, (4, 0.000484002, 4.475e-5, 0.000529076)), (2, (5, 0.000438668, 0.000129833, 0.000568771)), (2, (6, 0.000404827, 0.000101499, 0.000506603)), (2, (7, 0.000442374, 0.000111135, 0.000553755))]), (11360, 16, 0.000853962, [(2, (0, 0.000651494, 1.9637e-5, 0.000671438)), (2, (1, 0.000488547, 7.1219e-5, 0.000559985)), (2, (2, 0.000386685, 5.8181e-5, 0.000445116)), (2, (3, 0.000422818, 0.00012417, 0.00054726)), (2, (4, 0.000486427, 3.826e-5, 0.000524925)), (2, (5, 0.000492218, 0.0001064, 0.00059889)), (2, (6, 0.000524861, 8.9824e-5, 0.000614945)), (2, (7, 0.000564132, 0.00017965, 0.000744213))]), (11376, 16, 0.000883005, [(2, (0, 0.000365974, 2.0081e-5, 0.000386318)), (2, (1, 0.00034913, 8.8721e-5, 0.00043814)), (2, (2, 0.000384886, 7.245e-5, 0.000457563)), (2, (3, 0.000488764, 0.000105817, 0.000594874)), (2, (4, 0.000345794, 3.8615e-5, 0.000384639)), (2, (5, 0.000618745, 0.000141388, 0.000760349)), (2, (6, 0.000491692, 5.5535e-5, 0.000547501)), (2, (7, 0.00065698, 0.000173018, 0.000830434))]), (11392, 16, 0.001069311, [(2, (0, 0.000525797, 1.8871e-5, 0.00054494)), (2, (1, 0.00046556, 2.1043e-5, 0.000486857)), (2, (2, 0.000473355, 8.5594e-5, 0.000559207)), (2, (3, 0.000859146, 0.000137888, 0.000997429)), (2, (4, 0.000537054, 5.392e-5, 0.000591259)), (2, (5, 0.000518688, 8.9487e-5, 0.000608423)), (2, (6, 0.000499645, 6.9627e-5, 0.000569492)), (2, (7, 0.000586777, 8.1864e-5, 0.000668874))]), (11408, 16, 0.000933442, [(2, (0, 0.000381655, 1.0513e-5, 0.000392416)), (2, (1, 0.000393616, 6.4041e-5, 0.00045796)), (2, (2, 0.000444015, 2.4945e-5, 0.000469226)), (2, (3, 0.000724215, 0.000114113, 0.000838753)), (2, (4, 0.000603834, 4.2735e-5, 0.00064693)), (2, (5, 0.000417062, 0.000190991, 0.000608425)), (2, (6, 0.000708593, 0.000136896, 0.000845837)), (2, (7, 0.000441953, 0.000150793, 0.000593005))]), (11424, 16, 0.001058126, [(2, (0, 0.000531732, 1.9721e-5, 0.000551721)), (2, (1, 0.000699636, 7.5795e-5, 0.000775811)), (2, (2, 0.0006404, 5.301e-5, 0.000693677)), (2, (3, 0.000827225, 0.000182066, 0.001009804)), (2, (4, 0.000470462, 3.6861e-5, 0.0005076)), (2, (5, 0.000423688, 0.000106893, 0.000530853)), (2, (6, 0.000545344, 8.984e-5, 0.000635421)), (2, (7, 0.000551534, 0.000182059, 0.000733883))]), (11440, 16, 0.000740379, [(2, (0, 0.000396468, 1.8657e-5, 0.000415395)), (2, (1, 0.00059346, 0.00012148, 0.000715196)), (2, (2, 0.000467924, 3.5245e-5, 0.00050345)), (2, (3, 0.000526363, 0.000137486, 0.00066409)), (2, (4, 0.000374874, 5.0466e-5, 0.000425605)), (2, (5, 0.000509087, 0.000152398, 0.000661744)), (2, (6, 0.000324873, 6.6431e-5, 0.000391589)), (2, (7, 0.000317369, 0.000160686, 0.000478262))]), (11456, 16, 0.000771257, [(2, (0, 0.000516762, 2.8287e-5, 0.000545314)), (2, (1, 0.000474883, 7.5443e-5, 0.000550536)), (2, (2, 0.000437273, 8.7704e-5, 0.000525228)), (2, (3, 0.000477097, 9.5535e-5, 0.000572876)), (2, (4, 0.000673274, 6.7784e-5, 0.000741323)), (2, (5, 0.00044722, 6.8144e-5, 0.000515633)), (2, (6, 0.000421949, 7.8335e-5, 0.000500599)), (2, (7, 0.00038254, 8.6354e-5, 0.000469174))]), (11472, 16, 0.000717237, [(2, (0, 0.000362266, 1.8756e-5, 0.000381283)), (2, (1, 0.000537546, 8.2117e-5, 0.000619921)), (2, (2, 0.000363241, 5.174e-5, 0.000415237)), (2, (3, 0.000394, 6.5788e-5, 0.000460025)), (2, (4, 0.00031722, 3.6181e-5, 0.000353667)), (2, (5, 0.000469012, 0.000116301, 0.000585561)), (2, (6, 0.000358127, 9.9049e-5, 0.000457425)), (2, (7, 0.000464544, 0.0001514, 0.000617184))]), (11488, 16, 0.000865122, [(2, (0, 0.00035821, 2.0147e-5, 0.000378608)), (2, (1, 0.000499922, 0.000129359, 0.000629537)), (2, (2, 0.000588652, 3.808e-5, 0.000627162)), (2, (3, 0.000485054, 0.000141479, 0.000626948)), (2, (4, 0.000552565, 5.4857e-5, 0.000607778)), (2, (5, 0.000705839, 0.00011039, 0.00081651)), (2, (6, 0.000452775, 7.8634e-5, 0.000531784)), (2, (7, 0.000344172, 9.0694e-5, 0.000435118))]), (11504, 16, 0.000762839, [(2, (0, 0.000391994, 5.0225e-5, 0.000442494)), (2, (1, 0.000414372, 6.2199e-5, 0.000476877)), (2, (2, 0.000472093, 3.1238e-5, 0.000503637)), (2, (3, 0.000389705, 8.5196e-5, 0.00047514)), (2, (4, 0.000401153, 3.7558e-5, 0.000438949)), (2, (5, 0.000500576, 9.8871e-5, 0.000599727)), (2, (6, 0.000683773, 4.2247e-5, 0.000726293)), (2, (7, 0.000428431, 7.7204e-5, 0.000505876))]), (11520, 16, 0.000675492, [(2, (0, 0.00039442, 5.1007e-5, 0.000445649)), (2, (1, 0.000513528, 0.000131673, 0.000645526)), (2, (2, 0.000456982, 0.000123914, 0.000581134)), (2, (3, 0.000415207, 0.000123714, 0.000539207)), (2, (4, 0.000395705, 2.013e-5, 0.000416066)), (2, (5, 0.000358254, 8.6886e-5, 0.000445431)), (2, (6, 0.000393995, 3.4456e-5, 0.000428687)), (2, (7, 0.000340624, 6.604e-5, 0.00040694))]), (11536, 16, 0.000702497, [(2, (0, 0.000478633, 2.8412e-5, 0.000507295)), (2, (1, 0.000592702, 7.9142e-5, 0.000672109)), (2, (2, 0.000530432, 6.2773e-5, 0.000593442)), (2, (3, 0.000386152, 0.000154814, 0.000541209)), (2, (4, 0.000516272, 4.6735e-5, 0.000563282)), (2, (5, 0.000437956, 0.000117851, 0.000556074)), (2, (6, 0.00048588, 9.9475e-5, 0.000585618)), (2, (7, 0.00041966, 0.000162672, 0.000582572))]), (11552, 16, 0.000712265, [(2, (0, 0.000406644, 1.8102e-5, 0.000425001)), (2, (1, 0.000631872, 6.8102e-5, 0.000700253)), (2, (2, 0.000475329, 5.1004e-5, 0.00052659)), (2, (3, 0.000407146, 0.000126867, 0.000534287)), (2, (4, 0.000507632, 3.6668e-5, 0.000544547)), (2, (5, 0.000558951, 0.000100272, 0.000659468)), (2, (6, 0.000525589, 8.5144e-5, 0.000610972)), (2, (7, 0.000507415, 0.000117769, 0.000625443))]), (11568, 16, 0.000784613, [(2, (0, 0.000403024, 5.0814e-5, 0.000454086)), (2, (1, 0.00041587, 0.000118087, 0.000534252)), (2, (2, 0.000529177, 6.9774e-5, 0.000599243)), (2, (3, 0.000654595, 7.2481e-5, 0.000727476)), (2, (4, 0.000379957, 4.145e-5, 0.000421691)), (2, (5, 0.000509197, 6.2019e-5, 0.00057151)), (2, (6, 0.000479445, 4.3903e-5, 0.00052387)), (2, (7, 0.000413323, 7.0082e-5, 0.000483728))]), (11584, 16, 0.00076821, [(2, (0, 0.000542983, 1.9639e-5, 0.000562887)), (2, (1, 0.000395389, 9.9434e-5, 0.000495119)), (2, (2, 0.000457594, 3.8626e-5, 0.000496499)), (2, (3, 0.000436934, 0.000113251, 0.000550417)), (2, (4, 0.000341617, 5.4765e-5, 0.000396734)), (2, (5, 0.000366614, 0.000139015, 0.00050586)), (2, (6, 0.000452543, 7.3515e-5, 0.000526366)), (2, (7, 0.00054542, 0.000130607, 0.000676285))]), (11600, 16, 0.000931644, [(2, (0, 0.000377554, 2.0452e-5, 0.000398245)), (2, (1, 0.000415349, 8.6607e-5, 0.000502196)), (2, (2, 0.000841138, 5.5469e-5, 0.000896859)), (2, (3, 0.000509498, 7.0201e-5, 0.000579955)), (2, (4, 0.000561765, 3.8929e-5, 0.000600977)), (2, (5, 0.000395852, 0.000129041, 0.00052519)), (2, (6, 0.000456213, 0.000104982, 0.000561437)), (2, (7, 0.000337527, 0.000120959, 0.000458741))]), (11616, 16, 0.000802923, [(2, (0, 0.000469009, 2.041e-5, 0.000489675)), (2, (1, 0.000392422, 0.000107748, 0.000500453)), (2, (2, 0.000491757, 3.6595e-5, 0.000528612)), (2, (3, 0.000404015, 0.00020569, 0.000609947)), (2, (4, 0.000501751, 5.3232e-5, 0.000555217)), (2, (5, 0.000545039, 0.000210352, 0.000755654)), (2, (6, 0.000525054, 0.000122866, 0.000648147)), (2, (7, 0.000450543, 0.00018903, 0.000639824))]), (11632, 16, 0.000958137, [(2, (0, 0.000446838, 1.9893e-5, 0.00046699)), (2, (1, 0.000562005, 7.1992e-5, 0.000634281)), (2, (2, 0.000383431, 3.9041e-5, 0.000422727)), (2, (3, 0.000567264, 0.000106033, 0.000673566)), (2, (4, 0.000551778, 5.64e-5, 0.000608405)), (2, (5, 0.000723773, 0.000173344, 0.00089761)), (2, (6, 0.000411716, 8.7697e-5, 0.00049966)), (2, (7, 0.000429805, 0.000120098, 0.000550153))]), (11648, 16, 0.001214868, [(2, (0, 0.00042262, 1.9418e-5, 0.000442301)), (2, (1, 0.000619964, 3.1533e-5, 0.000651743)), (2, (2, 0.001032978, 0.000100714, 0.001134406)), (2, (3, 0.000728006, 0.000116652, 0.000845125)), (2, (4, 0.000727148, 5.8772e-5, 0.000786206)), (2, (5, 0.000503173, 5.9894e-5, 0.00056333)), (2, (6, 0.000538822, 5.9579e-5, 0.000598647)), (2, (7, 0.000329317, 7.9473e-5, 0.000409153))]), (11664, 16, 0.001012531, [(2, (0, 0.00036957, 4.929e-5, 0.000419118)), (2, (1, 0.000498616, 0.000141651, 0.000640621)), (2, (2, 0.000508244, 3.649e-5, 0.000544981)), (2, (3, 0.000593987, 0.000153762, 0.000747975)), (2, (4, 0.000536225, 2.0851e-5, 0.000557326)), (2, (5, 0.000533792, 0.000209692, 0.00074372)), (2, (6, 0.000859026, 0.000115813, 0.000975116)), (2, (7, 0.000664871, 0.000259311, 0.000924598))]), (11680, 16, 0.000814534, [(2, (0, 0.000551133, 2.0103e-5, 0.000571494)), (2, (1, 0.000545911, 9.0554e-5, 0.000636724)), (2, (2, 0.00058642, 3.933e-5, 0.000626053)), (2, (3, 0.000441549, 7.3012e-5, 0.00051482)), (2, (4, 0.000435011, 5.7342e-5, 0.000492595)), (2, (5, 0.00062808, 0.000128694, 0.000757235)), (2, (6, 0.000652123, 0.000109458, 0.000761853)), (2, (7, 0.000480883, 0.00013539, 0.000616529))]), (11696, 16, 0.000792545, [(2, (0, 0.000505324, 1.9284e-5, 0.00052487)), (2, (1, 0.000677194, 6.9613e-5, 0.000747064)), (2, (2, 0.000706203, 5.4156e-5, 0.000760877)), (2, (3, 0.000449893, 0.000124488, 0.000574651)), (2, (4, 0.000561731, 3.7786e-5, 0.000599756)), (2, (5, 0.000549549, 0.000105003, 0.000654848)), (2, (6, 0.000430537, 8.7971e-5, 0.000518744)), (2, (7, 0.000469489, 0.000133086, 0.000602798))]), (11712, 16, 0.001126721, [(2, (0, 0.000538774, 1.8683e-5, 0.000557749)), (2, (1, 0.000823936, 0.000117347, 0.000941622)), (2, (2, 0.000447589, 3.5372e-5, 0.000483202)), (2, (3, 0.000321728, 0.000132362, 0.000454431)), (2, (4, 0.000476382, 9.6326e-5, 0.000572989)), (2, (5, 0.000526442, 0.00021639, 0.000743256)), (2, (6, 0.000515389, 0.000156615, 0.000672522)), (2, (7, 0.00085606, 0.000202567, 0.001059062))]), (11728, 16, 0.001126856, [(2, (0, 0.000613511, 1.9547e-5, 0.0006333)), (2, (1, 0.000493397, 2.2672e-5, 0.00051634)), (2, (2, 0.000559557, 8.4955e-5, 0.000644739)), (2, (3, 0.000924903, 0.000136938, 0.001062238)), (2, (4, 0.000487115, 5.4635e-5, 0.000542046)), (2, (5, 0.000533096, 8.9873e-5, 0.000623205)), (2, (6, 0.000420773, 7.1482e-5, 0.000492528)), (2, (7, 0.000448372, 8.0111e-5, 0.000528724))]), (11744, 16, 0.001018482, [(2, (0, 0.000321221, 5.408e-5, 0.00037563)), (2, (1, 0.000395336, 0.000152057, 0.000547624)), (2, (2, 0.000409164, 0.000136581, 0.000546162)), (2, (3, 0.000748924, 0.000204763, 0.000954502)), (2, (4, 0.000416787, 2.3167e-5, 0.000440223)), (2, (5, 0.000477657, 6.2021e-5, 0.000539955)), (2, (6, 0.00047563, 3.7347e-5, 0.000513241)), (2, (7, 0.000509103, 5.2233e-5, 0.000561613))]), (11760, 16, 0.000977721, [(2, (0, 0.000699187, 2.0555e-5, 0.000719985)), (2, (1, 0.00051256, 0.000188956, 0.000701807)), (2, (2, 0.000904334, 4.014e-5, 0.000944728)), (2, (3, 0.000514862, 0.00020644, 0.000725321)), (2, (4, 0.000494809, 5.3673e-5, 0.000548758)), (2, (5, 0.000614926, 0.000215006, 0.000830195)), (2, (6, 0.00054518, 0.000117425, 0.000662896)), (2, (7, 0.000418392, 0.000175414, 0.000594081))]), (11776, 16, 0.000825374, [(2, (0, 0.000480703, 1.844e-5, 0.000499435)), (2, (1, 0.000488218, 6.9705e-5, 0.000558145)), (2, (2, 0.00037352, 5.51e-5, 0.000428863)), (2, (3, 0.000550995, 0.000184089, 0.000736237)), (2, (4, 0.000467398, 3.9433e-5, 0.000507094)), (2, (5, 0.000459867, 0.00010602, 0.000566166)), (2, (6, 0.000505891, 8.7246e-5, 0.000593378)), (2, (7, 0.000552618, 0.00013993, 0.000692842))]), (11792, 16, 0.000715352, [(2, (0, 0.000453665, 2.0244e-5, 0.000474166)), (2, (1, 0.000598847, 8.6216e-5, 0.00068534)), (2, (2, 0.000495121, 7.0036e-5, 0.000565392)), (2, (3, 0.000417406, 0.00014476, 0.000562457)), (2, (4, 0.000640544, 3.8959e-5, 0.000679729)), (2, (5, 0.000543304, 0.000102275, 0.000645852)), (2, (6, 0.000630581, 5.417e-5, 0.000685062)), (2, (7, 0.000479153, 0.000120891, 0.000600287))]), (11808, 16, 0.000867905, [(2, (0, 0.000847008, 1.9326e-5, 0.000866588)), (2, (1, 0.000832839, 2.0425e-5, 0.000853519)), (2, (2, 0.000621077, 9.6982e-5, 0.000718282)), (2, (3, 0.00061498, 0.000106415, 0.000721681)), (2, (4, 0.000433631, 4.8742e-5, 0.000482611)), (2, (5, 0.000572944, 8.2873e-5, 0.00065607)), (2, (6, 0.00053217, 4.9248e-5, 0.000581663)), (2, (7, 0.000477914, 6.5001e-5, 0.000543171))]), (11824, 16, 0.000890722, [(2, (0, 0.000431029, 1.9658e-5, 0.000450948)), (2, (1, 0.000524716, 7.0115e-5, 0.000595085)), (2, (2, 0.000679876, 5.4695e-5, 0.000734897)), (2, (3, 0.000488849, 8.7868e-5, 0.000576947)), (2, (4, 0.000612712, 3.7459e-5, 0.000650403)), (2, (5, 0.000649547, 0.000122303, 0.000772079)), (2, (6, 0.000549477, 0.00010089, 0.000650616)), (2, (7, 0.000708949, 0.000115855, 0.000825066))]), (11840, 16, 0.001214215, [(2, (0, 0.000636581, 1.8854e-5, 0.000655682)), (2, (1, 0.000755858, 3.859e-5, 0.000794775)), (2, (2, 0.000773731, 0.000157479, 0.0009315)), (2, (3, 0.000902928, 0.000234725, 0.001138288)), (2, (4, 0.000471974, 5.3897e-5, 0.000526086)), (2, (5, 0.000660799, 0.000175287, 0.000842284)), (2, (6, 0.000624829, 7.1624e-5, 0.000696706)), (2, (7, 0.000648132, 0.000172745, 0.000821187))]), (11856, 16, 0.000909818, [(2, (0, 0.00074571, 1.9488e-5, 0.000765464)), (2, (1, 0.00046952, 0.000150574, 0.000620437)), (2, (2, 0.000588446, 5.4559e-5, 0.000643326)), (2, (3, 0.000473682, 7.3327e-5, 0.000547408)), (2, (4, 0.000517992, 3.9496e-5, 0.000557746)), (2, (5, 0.000737317, 0.000134155, 0.000871793)), (2, (6, 0.000488771, 8.6818e-5, 0.000575828)), (2, (7, 0.000600218, 0.000198871, 0.000799597))]), (11872, 16, 0.000693686, [(2, (0, 0.000499245, 5.5959e-5, 0.000555503)), (2, (1, 0.000428264, 7.1787e-5, 0.000500335)), (2, (2, 0.000535761, 0.000132607, 0.000668669)), (2, (3, 0.000526887, 0.000132268, 0.000659451)), (2, (4, 0.000353378, 2.2779e-5, 0.000376394)), (2, (5, 0.000562485, 8.5633e-5, 0.000648349)), (2, (6, 0.000469529, 3.9501e-5, 0.000509255)), (2, (7, 0.000424829, 0.00010457, 0.000529682))]), (11888, 16, 0.000607013, [(2, (0, 0.000476939, 1.9521e-5, 0.000496726)), (2, (1, 0.000369341, 3.5325e-5, 0.000404911)), (2, (2, 0.000458707, 0.000102665, 0.000561656)), (2, (3, 0.000453095, 0.000115955, 0.000569266)), (2, (4, 0.000446324, 5.2484e-5, 0.000499093)), (2, (5, 0.000473398, 8.6422e-5, 0.000560052)), (2, (6, 0.000505471, 6.8187e-5, 0.000573933)), (2, (7, 0.00045025, 0.000128107, 0.000578616))]), (11904, 16, 0.000820339, [(2, (0, 0.000432984, 5.5886e-5, 0.000489129)), (2, (1, 0.000465662, 7.1804e-5, 0.000537745)), (2, (2, 0.000480456, 3.8141e-5, 0.00051886)), (2, (3, 0.000425832, 8.9558e-5, 0.000515637)), (2, (4, 0.000762861, 2.2685e-5, 0.000785792)), (2, (5, 0.000484807, 0.00012476, 0.00060984)), (2, (6, 0.000468513, 0.000107296, 0.000576091)), (2, (7, 0.00050727, 0.000131479, 0.000639016))]), (11920, 16, 0.000920997, [(2, (0, 0.000453977, 2.0523e-5, 0.000474762)), (2, (1, 0.000756967, 0.00013402, 0.00089127)), (2, (2, 0.000746349, 3.8509e-5, 0.000785259)), (2, (3, 0.00057527, 0.000162814, 0.00073858)), (2, (4, 0.000711253, 5.8363e-5, 0.000769966)), (2, (5, 0.000491437, 0.000186609, 0.00067839)), (2, (6, 0.000678028, 0.000116553, 0.000794845)), (2, (7, 0.00054869, 0.00020804, 0.000757255))]), (11936, 16, 0.000697103, [(2, (0, 0.000501732, 1.9875e-5, 0.000521898)), (2, (1, 0.000504207, 0.00011138, 0.000615867)), (2, (2, 0.000514533, 9.3596e-5, 0.00060838)), (2, (3, 0.000356445, 0.000142274, 0.00049902)), (2, (4, 0.000579131, 3.889e-5, 0.000618251)), (2, (5, 0.000505812, 0.000149125, 0.000655204)), (2, (6, 0.000436138, 5.6258e-5, 0.000492611)), (2, (7, 0.000447136, 7.5848e-5, 0.000523309))]), (11952, 14, 0.000755546, [(2, (0, 0.00047203, 2.3201e-5, 0.000495509)), (2, (1, 0.000632694, 9.205e-5, 0.000725041)), (2, (2, 0.000456333, 5.8173e-5, 0.000514785)), (2, (3, 0.000426989, 7.38e-5, 0.000501059)), (2, (4, 0.000379258, 4.1826e-5, 0.000421318)), (2, (5, 0.000420184, 0.000128071, 0.000548485)), (1, (6, 0.000178251, 0.000105525, 0.000284013)), (1, (7, 0.000180967, 0.000146166, 0.000327422))]), (11968, 15, 0.001073352, [(2, (0, 0.000483567, 2.1381e-5, 0.000505213)), (2, (1, 0.000415832, 6.8486e-5, 0.000484578)), (2, (2, 0.000564928, 5.1793e-5, 0.000616966)), (2, (3, 0.000476813, 0.000138332, 0.000615369)), (2, (4, 0.000417276, 3.8461e-5, 0.000455964)), (2, (5, 0.000893386, 0.000131449, 0.001025082)), (2, (6, 0.00078537, 9.8216e-5, 0.000883823)), (1, (7, 0.00065913, 0.000116083, 0.000775469))]), (11984, 16, 0.000990413, [(2, (0, 0.000421525, 1.8999e-5, 0.000440834)), (2, (1, 0.000548504, 7.6193e-5, 0.000624968)), (2, (2, 0.000534791, 0.000174679, 0.000709736)), (2, (3, 0.000518842, 0.000191929, 0.000711043)), (2, (4, 0.000387002, 9.3331e-5, 0.000480591)), (2, (5, 0.000604406, 0.000156744, 0.000761401)), (2, (6, 0.000426728, 0.000144206, 0.00057116)), (2, (7, 0.000673733, 0.000242932, 0.000917158))]), (12000, 16, 0.000723383, [(2, (0, 0.000371613, 6.0922e-5, 0.000432891)), (2, (1, 0.000472859, 0.000161536, 0.00063466)), (2, (2, 0.000387626, 0.000146879, 0.000534787)), (2, (3, 0.000452596, 0.000208255, 0.000661343)), (2, (4, 0.000344501, 2.454e-5, 0.000369288)), (2, (5, 0.000496093, 7.479e-5, 0.000571114)), (2, (6, 0.000388003, 4.3241e-5, 0.000431472)), (2, (7, 0.000367572, 9.9711e-5, 0.000467675))]), (12016, 16, 0.000702502, [(2, (0, 0.000440021, 1.965e-5, 0.000459927)), (2, (1, 0.000465961, 0.000121776, 0.000588024)), (2, (2, 0.000443198, 8.8348e-5, 0.000531813)), (2, (3, 0.00046359, 0.000105964, 0.000569829)), (2, (4, 0.000534231, 3.9013e-5, 0.000573477)), (2, (5, 0.000525148, 0.000131334, 0.000656833)), (2, (6, 0.000391444, 5.6649e-5, 0.000448432)), (2, (7, 0.00036766, 7.1904e-5, 0.000439817))]), (12032, 16, 0.000623537, [(2, (0, 0.000436163, 1.9735e-5, 0.000456162)), (2, (1, 0.000491385, 6.7017e-5, 0.000558634)), (2, (2, 0.000490856, 3.6847e-5, 0.000527915)), (2, (3, 0.00045752, 0.000102249, 0.000560005)), (2, (4, 0.000463091, 5.4405e-5, 0.000517778)), (2, (5, 0.000370303, 0.000129042, 0.000499597)), (2, (6, 0.000454138, 8.6588e-5, 0.000541005)), (2, (7, 0.000373881, 0.000120049, 0.000494202))]), (12048, 16, 0.000863215, [(2, (0, 0.000429207, 1.6923e-5, 0.000446378)), (2, (1, 0.000443754, 1.9128e-5, 0.000463167)), (2, (2, 0.000725715, 9.1947e-5, 0.000817919)), (2, (3, 0.000741483, 9.1518e-5, 0.000833235)), (2, (4, 0.000500918, 4.7266e-5, 0.000548424)), (2, (5, 0.000479212, 6.428e-5, 0.000543757)), (2, (6, 0.000421993, 4.8057e-5, 0.000470324)), (2, (7, 0.000534928, 4.8583e-5, 0.00058376))]), (12064, 16, 0.000877162, [(2, (0, 0.00044373, 3.4267e-5, 0.000478255)), (2, (1, 0.000401599, 5.1619e-5, 0.000453486)), (2, (2, 0.000453641, 0.000119298, 0.000573178)), (2, (3, 0.000469889, 0.000137767, 0.000607927)), (2, (4, 0.000521863, 6.945e-5, 0.000591602)), (2, (5, 0.000684949, 0.000101693, 0.000786938)), (2, (6, 0.000447279, 8.3835e-5, 0.000531373)), (2, (7, 0.00054986, 0.000160262, 0.000710418))]), (12080, 16, 0.000727214, [(2, (0, 0.000416151, 5.9922e-5, 0.000476306)), (2, (1, 0.000379566, 9.4818e-5, 0.000474635)), (2, (2, 0.00045073, 4.4151e-5, 0.000495171)), (2, (3, 0.000435517, 0.000120121, 0.000559279)), (2, (4, 0.000362399, 2.3606e-5, 0.000386292)), (2, (5, 0.000377396, 0.000188459, 0.000566179)), (2, (6, 0.000449749, 7.6571e-5, 0.000526642)), (2, (7, 0.000469458, 0.000190847, 0.000661351))]), (12096, 16, 0.00085048, [(2, (0, 0.000508319, 1.9636e-5, 0.000528228)), (2, (1, 0.000543352, 2.239e-5, 0.000566)), (2, (2, 0.000519328, 0.000101013, 0.000620619)), (2, (3, 0.000512169, 0.000107878, 0.000620354)), (2, (4, 0.000697433, 5.4768e-5, 0.000752498)), (2, (5, 0.000615637, 8.3205e-5, 0.00069914)), (2, (6, 0.000742018, 5.4207e-5, 0.000796463)), (2, (7, 0.000476748, 6.9509e-5, 0.000546542))]), (12112, 16, 0.000679349, [(2, (0, 0.000606953, 5.3248e-5, 0.00066044)), (2, (1, 0.000474998, 0.000156645, 0.00063185)), (2, (2, 0.000574759, 8.5521e-5, 0.000660548)), (2, (3, 0.000569571, 0.00010552, 0.000675389)), (2, (4, 0.000527609, 2.1978e-5, 0.000549827)), (2, (5, 0.000577356, 6.6039e-5, 0.00064362)), (2, (6, 0.000565973, 3.5905e-5, 0.000602099)), (2, (7, 0.000325349, 0.000163852, 0.000489489))]), (12128, 16, 0.000805193, [(2, (0, 0.000460378, 8.132e-6, 0.000468679)), (2, (1, 0.000516999, 8.908e-6, 0.000526024)), (2, (2, 0.000475329, 9.866e-6, 0.000485459)), (2, (3, 0.000354811, 9.525e-6, 0.000364528)), (2, (4, 0.000422899, 9.882e-6, 0.000433033)), (2, (5, 0.000414364, 1.0088e-5, 0.000424699)), (2, (6, 0.000381523, 1.0825e-5, 0.00039262)), (2, (7, 0.000671003, 2.8186e-5, 0.000699635))]), (12144, 16, 0.000979202, [(2, (0, 0.000556633, 1.7442e-5, 0.000574356)), (2, (1, 0.000424084, 3.5936e-5, 0.000460356)), (2, (2, 0.000507206, 0.000101793, 0.000609301)), (2, (3, 0.000401542, 0.000170559, 0.000572441)), (2, (4, 0.000479138, 5.012e-5, 0.000529517)), (2, (5, 0.000508408, 8.4111e-5, 0.000592819)), (2, (6, 0.000585033, 6.714e-5, 0.000652406)), (2, (7, 0.000620244, 0.000215247, 0.000835947))]), (12160, 16, 0.000943061, [(2, (0, 0.000520417, 1.9832e-5, 0.000540561)), (2, (1, 0.000550338, 0.000157122, 0.0007077)), (2, (2, 0.000530618, 7.538e-5, 0.000606272)), (2, (3, 0.000767752, 0.000112723, 0.000880786)), (2, (4, 0.000752479, 4.7294e-5, 0.000800166)), (2, (5, 0.000514535, 0.00019934, 0.000714773)), (2, (6, 0.000435956, 8.4868e-5, 0.0005211)), (2, (7, 0.000356568, 0.000143228, 0.000500113))]), (12176, 16, 0.00080613, [(2, (0, 0.000477862, 2.0043e-5, 0.000498133)), (2, (1, 0.000402094, 7.6396e-5, 0.00047878)), (2, (2, 0.000498097, 5.9888e-5, 0.000558294)), (2, (3, 0.000574867, 0.000184387, 0.000759671)), (2, (4, 0.000363682, 3.7478e-5, 0.000401467)), (2, (5, 0.000451073, 0.00012758, 0.000578872)), (2, (6, 0.000472185, 9.6554e-5, 0.00056905)), (2, (7, 0.000418441, 0.000114559, 0.000533277))]), (12192, 16, 0.00087659, [(2, (0, 0.000442842, 1.9821e-5, 0.000462934)), (2, (1, 0.000468868, 0.000109517, 0.000578701)), (2, (2, 0.000440938, 3.7944e-5, 0.000479148)), (2, (3, 0.000431756, 0.000174934, 0.000606951)), (2, (4, 0.000463016, 5.4719e-5, 0.000517982)), (2, (5, 0.000649449, 0.000167345, 0.000817051)), (2, (6, 0.000406674, 0.00012761, 0.000534591)), (2, (7, 0.000543052, 0.000149423, 0.000692794))]), (12208, 16, 0.000789493, [(2, (0, 0.000612729, 2.0037e-5, 0.000633055)), (2, (1, 0.00049863, 4.1801e-5, 0.000544101)), (2, (2, 0.000523972, 0.000105474, 0.000629689)), (2, (3, 0.00052808, 0.000171151, 0.000699741)), (2, (4, 0.0004084, 5.7381e-5, 0.000466047)), (2, (5, 0.000361044, 0.000121483, 0.000482779)), (2, (6, 0.000499896, 7.3425e-5, 0.000573542)), (2, (7, 0.000563151, 8.6708e-5, 0.00065008))]), (12224, 16, 0.000963708, [(2, (0, 0.000513698, 1.8819e-5, 0.00053278)), (2, (1, 0.00076849, 0.000126492, 0.000895479)), (2, (2, 0.000424656, 6.1194e-5, 0.000486115)), (2, (3, 0.000445176, 0.000171728, 0.00061723)), (2, (4, 0.000541646, 3.8319e-5, 0.000580358)), (2, (5, 0.000646791, 0.000133862, 0.000780929)), (2, (6, 0.000514573, 7.4769e-5, 0.00058963)), (2, (7, 0.000500756, 0.000160328, 0.000661431))]), (12240, 16, 0.001145543, [(2, (0, 0.000549883, 1.9581e-5, 0.000569737)), (2, (1, 0.000889033, 4.0401e-5, 0.000929845)), (2, (2, 0.000495046, 0.000106567, 0.000601961)), (2, (3, 0.000936172, 0.000161947, 0.001098973)), (2, (4, 0.000538408, 5.9478e-5, 0.000598211)), (2, (5, 0.000612659, 9.0987e-5, 0.000703963)), (2, (6, 0.000538127, 7.1507e-5, 0.000609903)), (2, (7, 0.000472219, 0.000126978, 0.000599623))]), (12256, 16, 0.000984687, [(2, (0, 0.000439511, 1.9146e-5, 0.000458917)), (2, (1, 0.000644832, 3.7731e-5, 0.000682873)), (2, (2, 0.000523717, 5.1032e-5, 0.000575018)), (2, (3, 0.000509052, 6.9272e-5, 0.000578548)), (2, (4, 0.000595648, 0.00016784, 0.000763766)), (2, (5, 0.00039671, 0.000168118, 0.000565089)), (2, (6, 0.000599182, 0.000168452, 0.000767925)), (2, (7, 0.000649123, 0.000217038, 0.000866614))]), (12272, 16, 0.000820332, [(2, (0, 0.000692591, 1.9592e-5, 0.000712478)), (2, (1, 0.000503798, 7.0844e-5, 0.000574904)), (2, (2, 0.000542583, 5.411e-5, 0.000596963)), (2, (3, 0.000558966, 0.000146022, 0.00070534)), (2, (4, 0.000748922, 4.2249e-5, 0.000791464)), (2, (5, 0.000504716, 0.00017059, 0.000675547)), (2, (6, 0.000445804, 0.000127334, 0.000573405)), (2, (7, 0.000485631, 0.000162939, 0.000648806))]), (12288, 16, 0.001079572, [(2, (0, 0.000751852, 1.8862e-5, 0.00077098)), (2, (1, 0.000800965, 7.2411e-5, 0.000873719)), (2, (2, 0.000983397, 5.7137e-5, 0.001040802)), (2, (3, 0.000570393, 0.000108073, 0.000678743)), (2, (4, 0.000582738, 4.0697e-5, 0.000623718)), (2, (5, 0.000669366, 0.000178972, 0.000848769)), (2, (6, 0.000677981, 9.0039e-5, 0.000768295)), (2, (7, 0.000556183, 0.000179623, 0.000736083))]), (12304, 16, 0.000768446, [(2, (0, 0.000508102, 1.9832e-5, 0.000528228)), (2, (1, 0.000459108, 6.7301e-5, 0.000526652)), (2, (2, 0.000432007, 5.4559e-5, 0.000486837)), (2, (3, 0.000473567, 0.000175917, 0.000649909)), (2, (4, 0.000375874, 3.7902e-5, 0.000414003)), (2, (5, 0.000561871, 0.00017445, 0.000736783)), (2, (6, 0.00042905, 8.6824e-5, 0.000516191)), (2, (7, 0.000508816, 0.000105312, 0.000614424))]), (12320, 16, 0.000734434, [(2, (0, 0.000365545, 5.1201e-5, 0.00041704)), (2, (1, 0.0005313, 0.000171227, 0.000703022)), (2, (2, 0.00043492, 0.000122239, 0.000557444)), (2, (3, 0.000451, 0.000122285, 0.000573541)), (2, (4, 0.000335839, 2.2255e-5, 0.000358524)), (2, (5, 0.000363039, 8.684e-5, 0.000450141)), (2, (6, 0.000454867, 3.8697e-5, 0.000493824)), (2, (7, 0.000453301, 7.026e-5, 0.000523901))]), (12336, 16, 0.000846218, [(2, (0, 0.000590801, 1.8108e-5, 0.000609194)), (2, (1, 0.000529835, 6.7475e-5, 0.000597582)), (2, (2, 0.000549953, 3.504e-5, 0.000585237)), (2, (3, 0.000625851, 8.6842e-5, 0.000713018)), (2, (4, 0.0003154, 5.2073e-5, 0.000367693)), (2, (5, 0.000405364, 0.000121789, 0.000527438)), (2, (6, 0.000395311, 0.000104801, 0.000500427)), (2, (7, 0.00056677, 0.000172808, 0.000740052))]), (12352, 16, 0.000809399, [(2, (0, 0.00040748, 2.0586e-5, 0.000428306)), (2, (1, 0.000505034, 7.2458e-5, 0.000577746)), (2, (2, 0.00041424, 5.6702e-5, 0.000471232)), (2, (3, 0.000571616, 0.000121364, 0.00069328)), (2, (4, 0.000566177, 3.9399e-5, 0.000605873)), (2, (5, 0.00057452, 0.00010401, 0.000678794)), (2, (6, 0.00058587, 8.677e-5, 0.000672919)), (2, (7, 0.000550031, 0.000170112, 0.000720562))]), (12368, 16, 0.00083271, [(2, (0, 0.000351297, 2.4564e-5, 0.000376305)), (2, (1, 0.000467309, 8.626e-5, 0.000553816)), (2, (2, 0.000739068, 5.8096e-5, 0.000797442)), (2, (3, 0.000394845, 0.000156799, 0.000551931)), (2, (4, 0.000374924, 4.016e-5, 0.000415321)), (2, (5, 0.000413651, 0.000135347, 0.000549272)), (2, (6, 0.000387339, 7.0894e-5, 0.000458482)), (2, (7, 0.000477752, 0.000165941, 0.000643944))]), (12384, 16, 0.000695755, [(2, (0, 0.000666933, 2.004e-5, 0.000687267)), (2, (1, 0.000432198, 7.2549e-5, 0.000505016)), (2, (2, 0.000394374, 5.5999e-5, 0.000450655)), (2, (3, 0.000391327, 0.000123058, 0.000514619)), (2, (4, 0.000503227, 4.0713e-5, 0.000544191)), (2, (5, 0.000557865, 0.00010476, 0.000662894)), (2, (6, 0.000508532, 9.0782e-5, 0.000599554)), (2, (7, 0.000479796, 0.000133967, 0.000614034))]), (12400, 16, 0.000875629, [(2, (0, 0.000461827, 2.1167e-5, 0.000483253)), (2, (1, 0.000535454, 2.2484e-5, 0.000558178)), (2, (2, 0.000589773, 5.5528e-5, 0.000645542)), (2, (3, 0.000379735, 7.2726e-5, 0.000452723)), (2, (4, 0.000453313, 9.0066e-5, 0.000543727)), (2, (5, 0.000486129, 9.2463e-5, 0.000578843)), (2, (6, 0.000490002, 8.9229e-5, 0.000579499)), (2, (7, 0.000594764, 0.000140157, 0.000735392))]), (12416, 16, 0.000898445, [(2, (0, 0.00040751, 1.9582e-5, 0.000427352)), (2, (1, 0.000371989, 6.9571e-5, 0.000441797)), (2, (2, 0.000500402, 5.4629e-5, 0.000555276)), (2, (3, 0.000521814, 0.000122986, 0.000645059)), (2, (4, 0.000722496, 3.7891e-5, 0.000760751)), (2, (5, 0.00054018, 0.000104371, 0.000644818)), (2, (6, 0.000751503, 8.8143e-5, 0.000839913)), (2, (7, 0.000657447, 0.000174274, 0.00083217))]), (12432, 16, 0.000980686, [(2, (0, 0.000484895, 2.0161e-5, 0.000505313)), (2, (1, 0.00051833, 7.1811e-5, 0.000590423)), (2, (2, 0.000481789, 5.5315e-5, 0.000537413)), (2, (3, 0.000455982, 0.000123635, 0.000579944)), (2, (4, 0.000528626, 3.6732e-5, 0.000565618)), (2, (5, 0.000651247, 0.000106611, 0.000758155)), (2, (6, 0.000472549, 8.7241e-5, 0.000560048)), (2, (7, 0.000676629, 0.000176954, 0.000854391))]), (12448, 16, 0.000885095, [(2, (0, 0.000408123, 2.1278e-5, 0.000429775)), (2, (1, 0.000414942, 7.2476e-5, 0.000487682)), (2, (2, 0.000369023, 5.5478e-5, 0.000424776)), (2, (3, 0.000628993, 0.000200487, 0.000829872)), (2, (4, 0.000464706, 4.1003e-5, 0.000505949)), (2, (5, 0.000606499, 0.000180677, 0.000787455)), (2, (6, 0.000467467, 8.6384e-5, 0.000554153)), (2, (7, 0.000548239, 0.000168603, 0.000717274))]), (12464, 16, 0.000678621, [(2, (0, 0.000373331, 1.7849e-5, 0.000391433)), (2, (1, 0.000389182, 8.5005e-5, 0.00047444)), (2, (2, 0.000395589, 5.12e-5, 0.000447094)), (2, (3, 0.00042761, 6.9502e-5, 0.000497495)), (2, (4, 0.000378312, 3.903e-5, 0.000417601)), (2, (5, 0.000521105, 0.000129987, 0.000651365)), (2, (6, 0.000453318, 0.000102973, 0.000556576)), (2, (7, 0.000473134, 0.000117572, 0.000591016))]), (12480, 16, 0.000707307, [(2, (0, 0.000427683, 1.9302e-5, 0.000447273)), (2, (1, 0.000364197, 3.8268e-5, 0.000402722)), (2, (2, 0.000463208, 0.000103958, 0.000567435)), (2, (3, 0.000428763, 0.00012155, 0.000550565)), (2, (4, 0.000423832, 5.3281e-5, 0.000477329)), (2, (5, 0.000360108, 0.000129851, 0.000490223)), (2, (6, 0.000407783, 6.96e-5, 0.000477622)), (2, (7, 0.000553445, 8.8785e-5, 0.000642541))]), (12496, 16, 0.000621106, [(2, (0, 0.000396645, 1.8838e-5, 0.000415753)), (2, (1, 0.000500432, 2.1104e-5, 0.00052181)), (2, (2, 0.000396796, 5.3319e-5, 0.000450358)), (2, (3, 0.000408188, 5.3887e-5, 0.000462311)), (2, (4, 0.000426932, 9.5499e-5, 0.000522676)), (2, (5, 0.000401836, 0.000105127, 0.000507202)), (2, (6, 0.000478295, 9.5856e-5, 0.000574441)), (2, (7, 0.000404311, 9.9271e-5, 0.000503867))]), (12512, 16, 0.000697911, [(2, (0, 0.000438622, 1.9513e-5, 0.000458387)), (2, (1, 0.000402493, 6.9977e-5, 0.000472741)), (2, (2, 0.000486259, 3.6833e-5, 0.000523319)), (2, (3, 0.000442206, 8.6377e-5, 0.000528838)), (2, (4, 0.000405968, 5.4295e-5, 0.000460514)), (2, (5, 0.000366177, 0.0001194, 0.000485828)), (2, (6, 0.000435149, 0.000104474, 0.000539865)), (2, (7, 0.000475459, 0.000130449, 0.000606172))]), (12528, 16, 0.000902056, [(2, (0, 0.000388998, 1.7806e-5, 0.000407039)), (2, (1, 0.000569323, 9.4967e-5, 0.000664877)), (2, (2, 0.000377696, 3.6819e-5, 0.00041479)), (2, (3, 0.000608312, 0.000244644, 0.000853423)), (2, (4, 0.000459859, 5.3116e-5, 0.000513222)), (2, (5, 0.000519872, 0.000230411, 0.000750709)), (2, (6, 0.000527777, 0.00016392, 0.000692034)), (2, (7, 0.000381991, 0.00018453, 0.000566892))]), (12544, 16, 0.000714963, [(2, (0, 0.000419636, 1.0981e-5, 0.000430806)), (2, (1, 0.000417905, 7.0183e-5, 0.000488354)), (2, (2, 0.00039514, 2.5995e-5, 0.000421534)), (2, (3, 0.000432643, 0.000127399, 0.000560333)), (2, (4, 0.00046818, 3.7728e-5, 0.000506177)), (2, (5, 0.000393812, 0.00015627, 0.000550455)), (2, (6, 0.000370735, 5.6175e-5, 0.0004272)), (2, (7, 0.000484218, 0.000146302, 0.000630846))]), (12560, 16, 0.000842243, [(2, (0, 0.000404853, 5.3144e-5, 0.000458267)), (2, (1, 0.000538994, 0.000124153, 0.000663403)), (2, (2, 0.000478694, 0.000117023, 0.000595966)), (2, (3, 0.000455502, 0.000116714, 0.000572528)), (2, (4, 0.000455531, 2.1065e-5, 0.000476886)), (2, (5, 0.000714067, 8.3668e-5, 0.000797977)), (2, (6, 0.000370504, 3.6882e-5, 0.000407673)), (2, (7, 0.000414326, 7.1111e-5, 0.00048572))]), (12576, 16, 0.000895411, [(2, (0, 0.000490977, 1.77e-5, 0.00050894)), (2, (1, 0.000600403, 3.3729e-5, 0.000634429)), (2, (2, 0.000439776, 9.7076e-5, 0.000537142)), (2, (3, 0.000449897, 0.000150708, 0.000600865)), (2, (4, 0.000815524, 4.9431e-5, 0.000865226)), (2, (5, 0.000531102, 0.000160952, 0.000692326)), (2, (6, 0.000422597, 6.3548e-5, 0.000486422)), (2, (7, 0.000475558, 8.1649e-5, 0.000557454))]), (12592, 16, 0.000674091, [(2, (0, 0.00054427, 2.0168e-5, 0.000564715)), (2, (1, 0.00056293, 6.8953e-5, 0.000632132)), (2, (2, 0.000379098, 3.601e-5, 0.000415352)), (2, (3, 0.000453048, 8.3654e-5, 0.000536993)), (2, (4, 0.00048079, 5.4351e-5, 0.00053544)), (2, (5, 0.000449606, 0.000136738, 0.000586611)), (2, (6, 0.00053902, 0.000101691, 0.000640952)), (2, (7, 0.000385528, 0.000144004, 0.000529795))]), (12608, 16, 0.001057254, [(2, (0, 0.000581674, 1.1005e-5, 0.000592955)), (2, (1, 0.000382773, 1.2879e-5, 0.000395902)), (2, (2, 0.000750602, 8.9965e-5, 0.000845284)), (2, (3, 0.000830257, 9.996e-5, 0.000930753)), (2, (4, 0.00042572, 4.0877e-5, 0.000466857)), (2, (5, 0.000465427, 4.0048e-5, 0.000505719)), (2, (6, 0.000680541, 4.0782e-5, 0.00072159)), (2, (7, 0.000789706, 5.7563e-5, 0.000847817))]), (12624, 16, 0.000837712, [(2, (0, 0.000449859, 2.0678e-5, 0.000470801)), (2, (1, 0.000398644, 4.0271e-5, 0.000439198)), (2, (2, 0.00041418, 5.7241e-5, 0.000471701)), (2, (3, 0.000435653, 7.2605e-5, 0.000508502)), (2, (4, 0.000525678, 0.000111922, 0.000638033)), (2, (5, 0.000472887, 0.000189747, 0.000662919)), (2, (6, 0.000616324, 0.000164396, 0.000781163)), (2, (7, 0.0004998, 0.000186399, 0.000686612))]), (12640, 16, 0.000829616, [(2, (0, 0.000417669, 2.3284e-5, 0.000441264)), (2, (1, 0.000461142, 4.1629e-5, 0.00050634)), (2, (2, 0.000450896, 6.1956e-5, 0.000513118)), (2, (3, 0.000441184, 7.7678e-5, 0.000519234)), (2, (4, 0.000450931, 0.000114755, 0.000566084)), (2, (5, 0.000645038, 0.000130411, 0.000775698)), (2, (6, 0.000581408, 0.000114733, 0.000696483)), (2, (7, 0.000454834, 0.000138786, 0.000593914))]), (12656, 16, 0.000875893, [(2, (0, 0.000460588, 2.295e-5, 0.000483865)), (2, (1, 0.000511093, 0.000115723, 0.000627063)), (2, (2, 0.000412662, 0.000101161, 0.000514104)), (2, (3, 0.000395267, 0.000198784, 0.000594344)), (2, (4, 0.000476774, 4.1552e-5, 0.000518578)), (2, (5, 0.000422572, 0.000211829, 0.000634666)), (2, (6, 0.0003893, 0.000136542, 0.000526155)), (2, (7, 0.000530722, 0.00026521, 0.000796686))]), (12672, 16, 0.001208711, [(2, (0, 0.000457064, 0.000137642, 0.000594987)), (2, (1, 0.000384578, 0.000139996, 0.000524828)), (2, (2, 0.000480907, 5.9224e-5, 0.000540393)), (2, (3, 0.000419098, 0.00011084, 0.000530175)), (2, (4, 0.000528412, 2.4996e-5, 0.000553887)), (2, (5, 0.000724206, 7.573e-5, 0.000800213)), (2, (6, 0.000543362, 4.2335e-5, 0.000585928)), (2, (7, 0.000937863, 9.3417e-5, 0.001031553))]), (12688, 16, 0.000805234, [(2, (0, 0.000467282, 2.341e-5, 0.000491053)), (2, (1, 0.000432485, 7.4979e-5, 0.000507703)), (2, (2, 0.000375641, 5.7495e-5, 0.000433489)), (2, (3, 0.000421699, 0.000152421, 0.000574484)), (2, (4, 0.000332643, 4.5048e-5, 0.000378013)), (2, (5, 0.00038551, 0.000120733, 0.000506654)), (2, (6, 0.000333679, 9.3471e-5, 0.000427479)), (2, (7, 0.000526769, 0.000174633, 0.000701809))]), (12704, 16, 0.001081345, [(2, (0, 0.000559882, 1.9425e-5, 0.000579626)), (2, (1, 0.000739065, 7.056e-5, 0.00080999)), (2, (2, 0.000532068, 5.6437e-5, 0.000588784)), (2, (3, 0.000526358, 8.7857e-5, 0.000614469)), (2, (4, 0.000864609, 3.878e-5, 0.000903631)), (2, (5, 0.000649715, 0.000192057, 0.000842188)), (2, (6, 0.000744654, 0.000107525, 0.00085243)), (2, (7, 0.000790669, 0.000182389, 0.000973419))]), (12720, 16, 0.000893181, [(2, (0, 0.000519707, 2.0877e-5, 0.000540865)), (2, (1, 0.000493834, 0.000115573, 0.000609645)), (2, (2, 0.000480724, 0.000102007, 0.000582998)), (2, (3, 0.000559936, 0.000214246, 0.000774445)), (2, (4, 0.000470665, 3.887e-5, 0.000509752)), (2, (5, 0.000577689, 0.000196336, 0.000774368)), (2, (6, 0.00054482, 0.000134348, 0.000679413)), (2, (7, 0.000544924, 0.000262135, 0.000807613))]), (12736, 16, 0.001039193, [(2, (0, 0.000557295, 1.8846e-5, 0.000576441)), (2, (1, 0.000503227, 7.0875e-5, 0.000574376)), (2, (2, 0.000851256, 5.4976e-5, 0.000906532)), (2, (3, 0.000554486, 0.000133638, 0.000688378)), (2, (4, 0.000414802, 3.9189e-5, 0.000454484)), (2, (5, 0.000630961, 0.000104439, 0.000735723)), (2, (6, 0.000384568, 8.6284e-5, 0.000471108)), (2, (7, 0.000757917, 0.000143573, 0.00090188))]), (12752, 16, 0.000788435, [(2, (0, 0.000557122, 2.1343e-5, 0.000578784)), (2, (1, 0.000435687, 0.000106821, 0.000542761)), (2, (2, 0.000410111, 7.1133e-5, 0.000481483)), (2, (3, 0.000437321, 8.8807e-5, 0.000526376)), (2, (4, 0.000368354, 4.0598e-5, 0.000409215)), (2, (5, 0.00035652, 0.000130937, 0.000487861)), (2, (6, 0.000423383, 5.5998e-5, 0.000479722)), (2, (7, 0.000537323, 0.000137118, 0.000674798))]), (12768, 16, 0.001064603, [(2, (0, 0.00090385, 2.635e-5, 0.000930486)), (2, (1, 0.000954799, 8.2175e-5, 0.001037285)), (2, (2, 0.000767608, 6.4438e-5, 0.00083232)), (2, (3, 0.000606459, 0.000183905, 0.00079068)), (2, (4, 0.000901808, 4.2035e-5, 0.000944156)), (2, (5, 0.000647888, 0.000178573, 0.000826781)), (2, (6, 0.000416758, 0.00010272, 0.000519764)), (2, (7, 0.000602204, 0.000155213, 0.000757677))]), (12784, 16, 0.001121998, [(2, (0, 0.000445472, 2.2173e-5, 0.000467921)), (2, (1, 0.000668282, 7.4492e-5, 0.000743046)), (2, (2, 0.00041281, 5.7574e-5, 0.000470629)), (2, (3, 0.000445696, 0.000167854, 0.000613832)), (2, (4, 0.000399361, 4.2269e-5, 0.000441873)), (2, (5, 0.000455748, 0.000147702, 0.000603713)), (2, (6, 0.000391831, 0.000128547, 0.000520623)), (2, (7, 0.00080656, 0.000213641, 0.001020643))]), (12800, 13, 0.000928689, [(2, (0, 0.000567067, 2.5958e-5, 0.000593311)), (2, (1, 0.000656408, 7.8976e-5, 0.000735672)), (2, (2, 0.000420409, 6.1743e-5, 0.000482417)), (2, (3, 0.000585253, 0.000145696, 0.000731195)), (2, (4, 0.000846904, 4.3109e-5, 0.000890357)), (1, (5, 0.000358942, 0.000208277, 0.000567645)), (1, (6, 0.000685221, 0.000163304, 0.00084881)), (1, (7, 0.000454014, 0.000241799, 0.000696437))]), (12816, 16, 0.000869458, [(2, (0, 0.000420811, 2.4671e-5, 0.000445801)), (2, (1, 0.000331421, 9.4515e-5, 0.000426142)), (2, (2, 0.000436802, 4.7085e-5, 0.000484217)), (2, (3, 0.000404842, 7.7331e-5, 0.000482415)), (2, (4, 0.000306654, 6.3462e-5, 0.000370418)), (2, (5, 0.000522086, 0.000132655, 0.00065507)), (2, (6, 0.00069852, 0.000110809, 0.000809564)), (2, (7, 0.000571865, 0.000182446, 0.000754782))]), (12832, 14, 0.000665074, [(2, (0, 0.000403444, 2.0549e-5, 0.000424252)), (2, (1, 0.000502178, 6.8632e-5, 0.000571049)), (2, (2, 0.000433264, 5.3379e-5, 0.000486949)), (2, (3, 0.000455901, 0.000176428, 0.000633028)), (2, (4, 0.0004224, 3.8327e-5, 0.000460991)), (2, (5, 0.000343003, 0.0001019, 0.000445129)), (1, (6, 0.000186211, 8.6075e-5, 0.000272531)), (1, (7, 0.000427376, 0.000124431, 0.000552158))]), (12848, 15, 0.000613537, [(2, (0, 0.000441443, 1.8459e-5, 0.00046015)), (2, (1, 0.00056312, 3.5755e-5, 0.000599096)), (2, (2, 0.000420962, 5.2541e-5, 0.000473714)), (2, (3, 0.000331935, 6.999e-5, 0.000402239)), (2, (4, 0.000360569, 0.000106556, 0.000467426)), (2, (5, 0.000427485, 0.000115002, 0.000542748)), (2, (6, 0.000453813, 0.000114931, 0.000569035)), (1, (7, 0.000324252, 0.000124096, 0.000448617))]), (12864, 13, 0.000972019, [(2, (0, 0.000373114, 2.0399e-5, 0.000393789)), (2, (1, 0.000866346, 6.853e-5, 0.000935125)), (2, (2, 0.000793662, 5.1045e-5, 0.000844937)), (2, (3, 0.000342328, 8.6757e-5, 0.000429353)), (2, (4, 0.000373613, 3.9843e-5, 0.000413691)), (1, (5, 0.000278644, 0.000120233, 0.000399105)), (1, (6, 0.000282578, 0.000103432, 0.000386272)), (1, (7, 0.000275288, 0.000127015, 0.000402576))]), (12880, 15, 0.001074907, [(2, (0, 0.000345301, 2.5398e-5, 0.00037099)), (2, (1, 0.000882789, 0.000157832, 0.00104099)), (2, (2, 0.000615811, 6.1955e-5, 0.000678037)), (2, (3, 0.000566822, 0.00017513, 0.000742221)), (2, (4, 0.000439211, 4.3707e-5, 0.000483188)), (2, (5, 0.000423699, 0.00021528, 0.000639372)), (2, (6, 0.000734103, 0.000182355, 0.000917077)), (1, (7, 0.000363859, 0.000293035, 0.000657587))]), (12896, 16, 0.000799757, [(2, (0, 0.000485791, 2.1752e-5, 0.000507832)), (2, (1, 0.000673374, 7.5959e-5, 0.000749765)), (2, (2, 0.000418755, 5.792e-5, 0.000476933)), (2, (3, 0.00043614, 0.000193912, 0.00063044)), (2, (4, 0.00038182, 3.998e-5, 0.000422038)), (2, (5, 0.000452342, 0.000120143, 0.000572782)), (2, (6, 0.000433512, 0.000101024, 0.000534847)), (2, (7, 0.00052576, 0.000188776, 0.000715106))]), (12912, 16, 0.000800525, [(2, (0, 0.000426626, 1.9031e-5, 0.000445965)), (2, (1, 0.000609153, 4.8062e-5, 0.000657458)), (2, (2, 0.000618561, 7.5858e-5, 0.000694694)), (2, (3, 0.000456195, 8.4089e-5, 0.000540598)), (2, (4, 0.000397448, 5.5253e-5, 0.000452968)), (2, (5, 0.00051538, 7.2348e-5, 0.000588019)), (2, (6, 0.00069176, 5.7554e-5, 0.000749702)), (2, (7, 0.000360463, 6.4543e-5, 0.000425287))]), (12928, 15, 0.001045206, [(2, (0, 0.001021831, 2.1441e-5, 0.001043545)), (2, (1, 0.000940824, 4.2748e-5, 0.000983883)), (2, (2, 0.000727701, 2.9807e-5, 0.000757752)), (2, (3, 0.000355069, 7.4107e-5, 0.000429437)), (2, (4, 0.000341607, 5.5468e-5, 0.000397321)), (2, (5, 0.000546116, 0.000108431, 0.000654801)), (2, (6, 0.000384918, 9.1114e-5, 0.000476259)), (1, (7, 0.000331544, 0.000161667, 0.000493879))]), (12944, 16, 0.000925984, [(2, (0, 0.000507526, 1.8687e-5, 0.000526478)), (2, (1, 0.000768191, 0.000116988, 0.000885538)), (2, (2, 0.000531466, 9.9167e-5, 0.000630855)), (2, (3, 0.000411396, 0.000218379, 0.000630054)), (2, (4, 0.000359257, 4.0785e-5, 0.000400333)), (2, (5, 0.000448742, 0.000158607, 0.00060763)), (2, (6, 0.000618719, 0.00013735, 0.000756364)), (2, (7, 0.000604825, 0.000251075, 0.000856411))]), (12960, 16, 0.000949805, [(2, (0, 0.000448438, 2.2465e-5, 0.000471178)), (2, (1, 0.000526655, 2.5608e-5, 0.000552669)), (2, (2, 0.00047017, 6.8279e-5, 0.000538804)), (2, (3, 0.000543053, 6.8015e-5, 0.000611371)), (2, (4, 0.000443986, 0.000108357, 0.00055279)), (2, (5, 0.000425585, 0.000171009, 0.000596837)), (2, (6, 0.000411202, 0.000125555, 0.000537048)), (2, (7, 0.000711375, 0.000171501, 0.000883311))]), (12976, 16, 0.000727583, [(2, (0, 0.000408509, 2.0416e-5, 0.000429192)), (2, (1, 0.000408898, 3.8425e-5, 0.000447607)), (2, (2, 0.000436039, 0.000112424, 0.000548775)), (2, (3, 0.000479802, 0.000129695, 0.000609738)), (2, (4, 0.000453179, 5.3656e-5, 0.000507069)), (2, (5, 0.000544458, 0.000138615, 0.00068338)), (2, (6, 0.000421672, 6.9031e-5, 0.000490956)), (2, (7, 0.000362134, 9.6635e-5, 0.000459092))]), (12992, 16, 0.000760945, [(2, (0, 0.000395298, 2.0685e-5, 0.00041624)), (2, (1, 0.000415096, 7.6587e-5, 0.000491938)), (2, (2, 0.000526419, 3.9676e-5, 0.000566346)), (2, (3, 0.000454223, 0.000127963, 0.000582497)), (2, (4, 0.000537492, 5.5257e-5, 0.000593015)), (2, (5, 0.000450571, 0.00013263, 0.000583423)), (2, (6, 0.000485051, 9.3992e-5, 0.000579297)), (2, (7, 0.000549209, 0.000110108, 0.000659597))]), (13008, 16, 0.000639363, [(2, (0, 0.000406867, 1.8277e-5, 0.000425426)), (2, (1, 0.000492352, 8.5983e-5, 0.000578578)), (2, (2, 0.000466719, 5.1739e-5, 0.00051868)), (2, (3, 0.000476093, 0.000133349, 0.000609665)), (2, (4, 0.000477193, 3.639e-5, 0.000513782)), (2, (5, 0.000414861, 9.9429e-5, 0.000514514)), (2, (6, 0.000465404, 6.7729e-5, 0.000533364)), (2, (7, 0.000391234, 0.000118222, 0.000509698))]), (13024, 16, 0.000978321, [(2, (0, 0.000691612, 1.9996e-5, 0.000711872)), (2, (1, 0.000596313, 3.8033e-5, 0.000634621)), (2, (2, 0.00041657, 0.000105695, 0.000526585)), (2, (3, 0.00078852, 0.000129328, 0.000918216)), (2, (4, 0.000722586, 5.5742e-5, 0.000778707)), (2, (5, 0.00057109, 0.000124301, 0.000695636)), (2, (6, 0.000423509, 7.2055e-5, 0.0004958)), (2, (7, 0.000445006, 8.9731e-5, 0.000535009))]), (13040, 15, 0.000695114, [(2, (0, 0.000403453, 1.9362e-5, 0.000423084)), (2, (1, 0.000305621, 3.7127e-5, 0.000343084)), (2, (2, 0.000579858, 5.7519e-5, 0.000637753)), (2, (3, 0.000568335, 7.5117e-5, 0.000643754)), (2, (4, 0.000441786, 0.000117984, 0.000560153)), (2, (5, 0.000435489, 0.00014582, 0.000581634)), (2, (6, 0.000539188, 0.000133204, 0.000672677)), (1, (7, 0.000318947, 0.000195077, 0.000514478))]), (13056, 16, 0.001276034, [(2, (0, 0.000425377, 1.9993e-5, 0.000445684)), (2, (1, 0.000483797, 2.2007e-5, 0.000506088)), (2, (2, 0.000489249, 8.0502e-5, 0.000570027)), (2, (3, 0.000378225, 9.0833e-5, 0.000469356)), (2, (4, 0.00042613, 0.000124782, 0.000551199)), (2, (5, 0.000573458, 0.000129941, 0.000703631)), (2, (6, 0.000276126, 0.000104263, 0.000380619)), (2, (7, 0.000978961, 0.000129716, 0.00110919))]), (13072, 16, 0.000526751, [(2, (0, 0.00038862, 9.263e-6, 0.000398131)), (2, (1, 0.000391786, 6.8281e-5, 0.00046037)), (2, (2, 0.000387496, 4.539e-5, 0.000433202)), (2, (3, 0.000376262, 8.7941e-5, 0.000464466)), (2, (4, 0.000394629, 3.7957e-5, 0.000432877)), (2, (5, 0.000425628, 9.7832e-5, 0.00052376)), (2, (6, 0.000453381, 5.0601e-5, 0.000504277)), (2, (7, 0.000375406, 8.8654e-5, 0.000464279))]), (13088, 16, 0.00123375, [(2, (0, 0.001209716, 2.1152e-5, 0.001231181)), (2, (1, 0.000375359, 2.7001e-5, 0.000402626)), (2, (2, 0.000511756, 4.6994e-5, 0.000558968)), (2, (3, 0.000553269, 4.8235e-5, 0.000601779)), (2, (4, 0.000643821, 6.6143e-5, 0.000710221)), (2, (5, 0.000895546, 7.0514e-5, 0.000966322)), (2, (6, 0.000816335, 6.6373e-5, 0.000882955)), (2, (7, 0.000669182, 6.9747e-5, 0.000739163))]), (13104, 16, 0.000963598, [(2, (0, 0.000637934, 3.0454e-5, 0.000668627)), (2, (1, 0.000548769, 9.0278e-5, 0.000639446)), (2, (2, 0.000421516, 6.5489e-5, 0.000487275)), (2, (3, 0.00067251, 0.000224578, 0.000897534)), (2, (4, 0.000446125, 5.0151e-5, 0.000496573)), (2, (5, 0.000530818, 0.000185259, 0.000716673)), (2, (6, 0.000585432, 0.000103848, 0.000689535)), (2, (7, 0.00050291, 0.000192758, 0.00069593))]), (13120, 16, 0.000688368, [(2, (0, 0.000603933, 1.9801e-5, 0.000624054)), (2, (1, 0.000503061, 7.2304e-5, 0.000575677)), (2, (2, 0.00043815, 3.9307e-5, 0.000477763)), (2, (3, 0.000491854, 9.2982e-5, 0.000585746)), (2, (4, 0.000404292, 5.6244e-5, 0.000460967)), (2, (5, 0.000410801, 0.000157376, 0.000568436)), (2, (6, 0.000519091, 0.000109517, 0.00062888)), (2, (7, 0.00050814, 0.000130035, 0.000638448))]), (13136, 16, 0.000770373, [(2, (0, 0.000466329, 1.9569e-5, 0.000486203)), (2, (1, 0.000535923, 2.2489e-5, 0.000558754)), (2, (2, 0.000486748, 0.000105609, 0.000592729)), (2, (3, 0.0006036, 0.000114549, 0.000722421)), (2, (4, 0.000432445, 5.5159e-5, 0.000487837)), (2, (5, 0.000501711, 7.0665e-5, 0.000572742)), (2, (6, 0.000441021, 5.5916e-5, 0.000497185)), (2, (7, 0.000380546, 8.9659e-5, 0.000470459))]), (13152, 16, 0.000748104, [(2, (0, 0.000395625, 1.8259e-5, 0.000414136)), (2, (1, 0.00067591, 3.5837e-5, 0.000712067)), (2, (2, 0.000436725, 0.000113984, 0.000550991)), (2, (3, 0.000517742, 0.000141212, 0.000659214)), (2, (4, 0.000679725, 6.3519e-5, 0.000743504)), (2, (5, 0.000396773, 0.000129263, 0.000526304)), (2, (6, 0.000409154, 7.9679e-5, 0.00048909)), (2, (7, 0.000513648, 9.4218e-5, 0.000608127))]), (13168, 16, 0.0007995, [(2, (0, 0.00055211, 1.8709e-5, 0.00057126)), (2, (1, 0.000651584, 3.828e-5, 0.000690313)), (2, (2, 0.000483552, 0.000103772, 0.000587802)), (2, (3, 0.000369673, 0.000133125, 0.00050307)), (2, (4, 0.00060149, 5.4418e-5, 0.000656181)), (2, (5, 0.000643639, 8.6159e-5, 0.000730034)), (2, (6, 0.00034726, 7.089e-5, 0.000418385)), (2, (7, 0.000585476, 0.000122832, 0.000708558))]), (13184, 16, 0.000929888, [(2, (0, 0.000482445, 2.5898e-5, 0.000508617)), (2, (1, 0.000698264, 0.000201122, 0.000899817)), (2, (2, 0.000650012, 4.4871e-5, 0.000695267)), (2, (3, 0.000541824, 9.6669e-5, 0.000638739)), (2, (4, 0.000457688, 6.0659e-5, 0.00051857)), (2, (5, 0.000596501, 0.00012173, 0.000718919)), (2, (6, 0.000544323, 8.1129e-5, 0.000625755)), (2, (7, 0.000678782, 0.000178149, 0.000857469))]), (13200, 16, 0.000976633, [(2, (0, 0.000619392, 1.9946e-5, 0.000639595)), (2, (1, 0.000460361, 5.2513e-5, 0.00051313)), (2, (2, 0.000468553, 7.0298e-5, 0.000539102)), (2, (3, 0.00047615, 8.4303e-5, 0.000560713)), (2, (4, 0.000469777, 0.000121928, 0.000592148)), (2, (5, 0.000720178, 0.0001975, 0.000918117)), (2, (6, 0.000473097, 0.000121037, 0.000594396)), (2, (7, 0.000509598, 0.000211845, 0.000721883))]), (13216, 16, 0.000724979, [(2, (0, 0.000334937, 2.0342e-5, 0.000355533)), (2, (1, 0.000411405, 8.896e-5, 0.000501212)), (2, (2, 0.000427901, 5.2001e-5, 0.000480215)), (2, (3, 0.000488831, 0.000177122, 0.000666398)), (2, (4, 0.000440285, 3.8765e-5, 0.000479273)), (2, (5, 0.000523913, 0.000137279, 0.000661441)), (2, (6, 0.000428067, 8.957e-5, 0.000517849)), (2, (7, 0.00043826, 0.000116164, 0.000554725))]), (13232, 16, 0.000851063, [(2, (0, 0.00039282, 1.9953e-5, 0.000413032)), (2, (1, 0.000444692, 3.5346e-5, 0.000480311)), (2, (2, 0.000400368, 5.1552e-5, 0.000452151)), (2, (3, 0.000375842, 6.843e-5, 0.000444542)), (2, (4, 0.000438429, 0.000102787, 0.000541464)), (2, (5, 0.000370496, 0.000121109, 0.000491902)), (2, (6, 0.000481114, 0.000103739, 0.000585141)), (2, (7, 0.000569574, 0.000168454, 0.000738411))]), (13248, 16, 0.000863508, [(2, (0, 0.000488621, 1.8343e-5, 0.000507221)), (2, (1, 0.000589461, 7.7303e-5, 0.000667108)), (2, (2, 0.00042811, 5.4973e-5, 0.000483318)), (2, (3, 0.000462354, 0.000180513, 0.000643148)), (2, (4, 0.00059079, 3.8134e-5, 0.000629241)), (2, (5, 0.000431642, 0.000149692, 0.000581612)), (2, (6, 0.000661947, 0.000141525, 0.000803934)), (2, (7, 0.000363651, 0.000185993, 0.000549928))]), (13264, 16, 0.000987918, [(2, (0, 0.000375785, 2.083e-5, 0.000396871)), (2, (1, 0.000509139, 7.3019e-5, 0.000582405)), (2, (2, 0.000551406, 3.729e-5, 0.000588946)), (2, (3, 0.000543727, 9.299e-5, 0.000636954)), (2, (4, 0.000555623, 5.9119e-5, 0.000615142)), (2, (5, 0.000539115, 0.000128248, 0.000667653)), (2, (6, 0.000354149, 0.000108776, 0.000463134)), (2, (7, 0.000748754, 0.000135325, 0.000884369))]), (13280, 16, 0.000772131, [(2, (0, 0.000547166, 2.0109e-5, 0.000567544)), (2, (1, 0.000376488, 0.000125508, 0.000502298)), (2, (2, 0.000592702, 3.6508e-5, 0.000629448)), (2, (3, 0.000553514, 6.9957e-5, 0.000623741)), (2, (4, 0.000522305, 5.3068e-5, 0.000575655)), (2, (5, 0.000567165, 0.000158575, 0.000725993)), (2, (6, 0.000361852, 0.000141622, 0.000503727)), (2, (7, 0.000389472, 0.000167109, 0.000556861))]), (13296, 16, 0.00080756, [(2, (0, 0.000394978, 2.1514e-5, 0.000416781)), (2, (1, 0.000348204, 8.1555e-5, 0.000430019)), (2, (2, 0.000380864, 6.3545e-5, 0.000444653)), (2, (3, 0.000417836, 0.000117265, 0.000535368)), (2, (4, 0.000461428, 3.7077e-5, 0.000498743)), (2, (5, 0.000505827, 0.000101094, 0.000607167)), (2, (6, 0.000479151, 5.128e-5, 0.000530695)), (2, (7, 0.000537774, 0.000168227, 0.000706469))]), (13312, 16, 0.001051183, [(2, (0, 0.000453642, 2.0393e-5, 0.000474298)), (2, (1, 0.00037344, 7.1311e-5, 0.000445018)), (2, (2, 0.000475277, 5.7358e-5, 0.000532867)), (2, (3, 0.000343263, 0.000122752, 0.0004663)), (2, (4, 0.000347585, 3.7596e-5, 0.000385424)), (2, (5, 0.000478813, 0.000103416, 0.00058253)), (2, (6, 0.00034436, 8.9395e-5, 0.000434008)), (2, (7, 0.000739627, 0.000173969, 0.000914135))]), (13328, 16, 0.000868567, [(2, (0, 0.000440042, 1.9187e-5, 0.000459486)), (2, (1, 0.000417977, 8.0399e-5, 0.000498644)), (2, (2, 0.000447268, 6.7657e-5, 0.000515313)), (2, (3, 0.000595723, 0.000202107, 0.000798415)), (2, (4, 0.000455497, 3.9948e-5, 0.000495776)), (2, (5, 0.000612902, 0.000189327, 0.000802792)), (2, (6, 0.00050477, 9.989e-5, 0.000604938)), (2, (7, 0.000397866, 0.000115979, 0.000514144))]), (13344, 16, 0.000679058, [(2, (0, 0.000435476, 2.3394e-5, 0.000459166)), (2, (1, 0.000428685, 4.5673e-5, 0.000474632)), (2, (2, 0.00031255, 0.000119331, 0.00043216)), (2, (3, 0.000476638, 0.000144257, 0.000621151)), (2, (4, 0.000298477, 6.1093e-5, 0.00035988)), (2, (5, 0.000420091, 0.000136771, 0.000557134)), (2, (6, 0.000371113, 7.9872e-5, 0.000451255)), (2, (7, 0.000407781, 0.000102374, 0.000510414))]), (13360, 16, 0.000645937, [(2, (0, 0.000474688, 1.9244e-5, 0.000494195)), (2, (1, 0.000405737, 0.000102979, 0.000509071)), (2, (2, 0.000400299, 6.704e-5, 0.000467568)), (2, (3, 0.000471002, 0.000129276, 0.000600577)), (2, (4, 0.000448513, 3.7768e-5, 0.000486536)), (2, (5, 0.000503795, 8.4426e-5, 0.000588463)), (2, (6, 0.000496413, 5.1149e-5, 0.0005478)), (2, (7, 0.000467416, 0.000120549, 0.00058819))]), (13376, 16, 0.00091319, [(2, (0, 0.000472051, 2.071e-5, 0.000493055)), (2, (1, 0.00050498, 8.242e-5, 0.000587636)), (2, (2, 0.000395239, 6.7532e-5, 0.000463029)), (2, (3, 0.000505325, 0.000185883, 0.000691707)), (2, (4, 0.000418917, 4.8039e-5, 0.000467195)), (2, (5, 0.000412261, 0.000116202, 0.000528686)), (2, (6, 0.000398554, 9.9642e-5, 0.000498443)), (2, (7, 0.000611549, 0.000190214, 0.000802033))]), (13392, 16, 0.000822589, [(2, (0, 0.000285237, 1.9492e-5, 0.000305042)), (2, (1, 0.000391542, 8.5859e-5, 0.000477696)), (2, (2, 0.000405363, 5.3048e-5, 0.000458782)), (2, (3, 0.000651036, 0.00011897, 0.000770391)), (2, (4, 0.000700484, 3.7514e-5, 0.00073826)), (2, (5, 0.000382348, 0.000102636, 0.000485216)), (2, (6, 0.000451137, 6.9284e-5, 0.000520669)), (2, (7, 0.000454262, 0.000128704, 0.000583225))]), (13408, 16, 0.000683756, [(2, (0, 0.000485266, 2.1556e-5, 0.000507145)), (2, (1, 0.000381004, 9.0081e-5, 0.000471462)), (2, (2, 0.000441652, 6.2589e-5, 0.00050449)), (2, (3, 0.000411448, 0.000216548, 0.000628293)), (2, (4, 0.000415836, 5.27e-5, 0.000468836)), (2, (5, 0.00042203, 0.000132869, 0.000555165)), (2, (6, 0.000515472, 0.000103786, 0.000619536)), (2, (7, 0.000444201, 0.000148899, 0.000593381))]), (13424, 16, 0.000805575, [(2, (0, 0.000410114, 2.1584e-5, 0.00043193)), (2, (1, 0.000531832, 2.3542e-5, 0.000555652)), (2, (2, 0.000533309, 9.9136e-5, 0.000632682)), (2, (3, 0.000654863, 9.975e-5, 0.000754906)), (2, (4, 0.000318036, 0.000107419, 0.000425757)), (2, (5, 0.000410336, 0.000151791, 0.000562363)), (2, (6, 0.00044915, 0.000135582, 0.000584998)), (2, (7, 0.000372745, 0.000160088, 0.000533105))]), (13440, 16, 0.00060077, [(2, (0, 0.000449926, 1.913e-5, 0.000469329)), (2, (1, 0.000445126, 3.9329e-5, 0.000484688)), (2, (2, 0.000513483, 5.6286e-5, 0.000570008)), (2, (3, 0.000451473, 7.2449e-5, 0.000524178)), (2, (4, 0.000490006, 0.000105507, 0.000595786)), (2, (5, 0.000450435, 0.000137301, 0.000587986)), (2, (6, 0.000373036, 0.000125891, 0.000499167)), (2, (7, 0.000350219, 0.000132695, 0.000483154))]), (13456, 16, 0.000832062, [(2, (0, 0.000484072, 1.8448e-5, 0.000502787)), (2, (1, 0.000448487, 8.3399e-5, 0.000532126)), (2, (2, 0.000750127, 5.1361e-5, 0.000801745)), (2, (3, 0.000556669, 0.000115807, 0.000672727)), (2, (4, 0.000407423, 3.6698e-5, 0.000444364)), (2, (5, 0.000533815, 9.9704e-5, 0.000633784)), (2, (6, 0.000558091, 6.5982e-5, 0.000624314)), (2, (7, 0.000545589, 0.000123695, 0.000669554))]), (13472, 16, 0.000822109, [(2, (0, 0.000563768, 1.9044e-5, 0.000583275)), (2, (1, 0.000533874, 6.5082e-5, 0.000599185)), (2, (2, 0.000659011, 4.744e-5, 0.000706701)), (2, (3, 0.0004762, 0.000123746, 0.000600188)), (2, (4, 0.00066936, 3.4838e-5, 0.000704727)), (2, (5, 0.000630249, 0.000106411, 0.00073689)), (2, (6, 0.000531219, 9.2017e-5, 0.000623478)), (2, (7, 0.000518029, 0.000132186, 0.000650472))]), (13488, 16, 0.000965319, [(2, (0, 0.000395975, 1.8801e-5, 0.000415046)), (2, (1, 0.000674831, 3.5768e-5, 0.000711047)), (2, (2, 0.000577893, 0.000130134, 0.000708285)), (2, (3, 0.00052251, 0.000184002, 0.000707063)), (2, (4, 0.000512125, 5.2175e-5, 0.000564551)), (2, (5, 0.000702449, 0.000197073, 0.000899983)), (2, (6, 0.000430841, 6.9803e-5, 0.000500907)), (2, (7, 0.000516777, 0.000100014, 0.000617135))]), (13504, 16, 0.000921918, [(2, (0, 0.00039864, 1.8179e-5, 0.000417093)), (2, (1, 0.000393769, 9.0642e-5, 0.00048491)), (2, (2, 0.000514607, 0.000103824, 0.000618676)), (2, (3, 0.000425309, 0.000122417, 0.000547978)), (2, (4, 0.000388238, 5.6983e-5, 0.00044553)), (2, (5, 0.000496973, 9.0524e-5, 0.00058772)), (2, (6, 0.000478751, 7.3135e-5, 0.000552156)), (2, (7, 0.000631553, 0.000177767, 0.000810176))]), (13520, 16, 0.000807058, [(2, (0, 0.000481723, 1.899e-5, 0.000501052)), (2, (1, 0.000653832, 7.1787e-5, 0.000725865)), (2, (2, 0.000564365, 5.5148e-5, 0.000619737)), (2, (3, 0.000569668, 0.000110133, 0.000680053)), (2, (4, 0.000457241, 3.8673e-5, 0.000496189)), (2, (5, 0.000478659, 0.000144873, 0.000623934)), (2, (6, 0.000416277, 0.000124538, 0.000541037)), (2, (7, 0.000575907, 0.000150933, 0.000727104))]), (13536, 16, 0.000801569, [(2, (0, 0.000426202, 1.9767e-5, 0.000446225)), (2, (1, 0.000488493, 3.4947e-5, 0.000523637)), (2, (2, 0.000411419, 0.000101375, 0.000513021)), (2, (3, 0.000346075, 0.000118538, 0.000464866)), (2, (4, 0.000359944, 5.3693e-5, 0.000413956)), (2, (5, 0.000420225, 8.5485e-5, 0.000506067)), (2, (6, 0.000525876, 6.9212e-5, 0.00059535)), (2, (7, 0.000548217, 0.000166862, 0.000715494))]), (13552, 16, 0.000859445, [(2, (0, 0.000402429, 1.9446e-5, 0.000422135)), (2, (1, 0.000655687, 0.000190503, 0.000846481)), (2, (2, 0.000537735, 3.6959e-5, 0.000575088)), (2, (3, 0.000369737, 0.000180992, 0.000551158)), (2, (4, 0.000366075, 5.3029e-5, 0.000419345)), (2, (5, 0.000512541, 0.000198799, 0.000711662)), (2, (6, 0.000588373, 6.783e-5, 0.000656491)), (2, (7, 0.000604352, 0.000118763, 0.000723352))]), (13568, 16, 0.000810574, [(2, (0, 0.000732431, 7.4983e-5, 0.000807791)), (2, (1, 0.000467389, 0.000143265, 0.000610969)), (2, (2, 0.000485061, 0.000114845, 0.000600268)), (2, (3, 0.000530274, 0.000166208, 0.000696718)), (2, (4, 0.000400522, 2.175e-5, 0.000422536)), (2, (5, 0.000657432, 8.8103e-5, 0.000745793)), (2, (6, 0.000516994, 3.9985e-5, 0.000557258)), (2, (7, 0.000461144, 0.000160463, 0.000622036))]), (13584, 16, 0.000751094, [(2, (0, 0.000727464, 2.1926e-5, 0.000749651)), (2, (1, 0.000557914, 7.4338e-5, 0.000632576)), (2, (2, 0.000376746, 5.8331e-5, 0.00043534)), (2, (3, 0.000560416, 0.000125946, 0.000686627)), (2, (4, 0.00034681, 4.0553e-5, 0.000387589)), (2, (5, 0.000339157, 0.000107257, 0.000446695)), (2, (6, 0.000486899, 9.0492e-5, 0.000577678)), (2, (7, 0.000518108, 0.000173224, 0.000691839))]), (13600, 16, 0.000848685, [(2, (0, 0.000545661, 1.9986e-5, 0.000565907)), (2, (1, 0.000648929, 2.2271e-5, 0.00067148)), (2, (2, 0.000620154, 8.9354e-5, 0.000709743)), (2, (3, 0.000515787, 9.0741e-5, 0.000606872)), (2, (4, 0.000581486, 0.000109024, 0.000690793)), (2, (5, 0.000434309, 0.000148688, 0.000583221)), (2, (6, 0.000457806, 0.000126343, 0.000584375)), (2, (7, 0.00061051, 0.000141243, 0.000752003))]), (13616, 16, 0.000807663, [(2, (0, 0.000669314, 1.9528e-5, 0.000689106)), (2, (1, 0.000574561, 7.196e-5, 0.000646795)), (2, (2, 0.000538305, 3.7554e-5, 0.00057613)), (2, (3, 0.000603842, 9.3407e-5, 0.000697574)), (2, (4, 0.000722527, 5.4845e-5, 0.000777644)), (2, (5, 0.000564525, 0.000135883, 0.000700683)), (2, (6, 0.000545784, 0.000111675, 0.000657741)), (2, (7, 0.000562015, 0.000128378, 0.000690712))]), (13632, 16, 0.000859464, [(2, (0, 0.000474537, 1.9191e-5, 0.000493977)), (2, (1, 0.00068085, 7.4993e-5, 0.000756127)), (2, (2, 0.000361293, 5.7082e-5, 0.00041864)), (2, (3, 0.000362031, 0.000218698, 0.000581019)), (2, (4, 0.000492032, 4.0823e-5, 0.00053312)), (2, (5, 0.000663629, 0.000174161, 0.000838354)), (2, (6, 0.000456345, 9.4761e-5, 0.000551333)), (2, (7, 0.000557459, 0.000217202, 0.000775231))]), (13648, 16, 0.000695655, [(2, (0, 0.000450076, 1.998e-5, 0.000470356)), (2, (1, 0.000532265, 2.4661e-5, 0.000557366)), (2, (2, 0.000438498, 8.4231e-5, 0.000523148)), (2, (3, 0.000314958, 8.7587e-5, 0.000402853)), (2, (4, 0.000430714, 5.8605e-5, 0.000489628)), (2, (5, 0.00036635, 7.9272e-5, 0.000445869)), (2, (6, 0.000580168, 6.4169e-5, 0.000644618)), (2, (7, 0.000456466, 7.3964e-5, 0.000530667))]), (13664, 16, 0.000669945, [(2, (0, 0.000389528, 5.4353e-5, 0.000444174)), (2, (1, 0.000418408, 3.7651e-5, 0.000456324)), (2, (2, 0.000462354, 0.000174646, 0.000637314)), (2, (3, 0.000322828, 0.000176835, 0.000502533)), (2, (4, 0.000371923, 2.16e-5, 0.000393773)), (2, (5, 0.00035785, 9.177e-5, 0.000449939)), (2, (6, 0.000386788, 7.2909e-5, 0.000459953)), (2, (7, 0.000436031, 0.000111948, 0.000548224))]), (13680, 16, 0.00077904, [(2, (0, 0.00039901, 1.9526e-5, 0.000418803)), (2, (1, 0.00046073, 6.9904e-5, 0.000530929)), (2, (2, 0.000466125, 3.7076e-5, 0.000503421)), (2, (3, 0.000345628, 8.6599e-5, 0.000432474)), (2, (4, 0.000467377, 5.4166e-5, 0.000521795)), (2, (5, 0.000462587, 0.000117529, 0.000580333)), (2, (6, 0.000382445, 0.000104905, 0.000487592)), (2, (7, 0.000510358, 0.000172504, 0.000683347))]), (13696, 16, 0.00064255, [(2, (0, 0.000375922, 1.7575e-5, 0.00039378)), (2, (1, 0.000448092, 3.289e-5, 0.000481201)), (2, (2, 0.000505588, 9.7526e-5, 0.000603387)), (2, (3, 0.000454075, 0.000157965, 0.000612433)), (2, (4, 0.000471463, 4.9598e-5, 0.000521301)), (2, (5, 0.000423952, 0.000114926, 0.000539163)), (2, (6, 0.000444655, 6.5022e-5, 0.00050992)), (2, (7, 0.000416427, 7.9074e-5, 0.000495731))]), (13712, 16, 0.000845689, [(2, (0, 0.000797177, 2.0013e-5, 0.000817447)), (2, (1, 0.000728594, 0.000103698, 0.000832637)), (2, (2, 0.000620098, 3.9978e-5, 0.000660348)), (2, (3, 0.000522346, 8.6304e-5, 0.000608884)), (2, (4, 0.000606813, 5.5786e-5, 0.000662871)), (2, (5, 0.000390132, 0.000133463, 0.000523833)), (2, (6, 0.000490225, 7.1084e-5, 0.000561555)), (2, (7, 0.000551062, 0.000125143, 0.000676429))]), (13728, 16, 0.00071697, [(2, (0, 0.000432365, 1.8741e-5, 0.000451363)), (2, (1, 0.000487537, 3.9758e-5, 0.000527558)), (2, (2, 0.000421368, 0.000117835, 0.000539423)), (2, (3, 0.000501983, 0.000162082, 0.000668956)), (2, (4, 0.000337967, 5.6565e-5, 0.000394948)), (2, (5, 0.000415284, 0.000102357, 0.000517947)), (2, (6, 0.000508031, 7.1852e-5, 0.000580122)), (2, (7, 0.00036281, 0.000161237, 0.000524482))]), (13744, 16, 0.000874153, [(2, (0, 0.000387698, 1.9278e-5, 0.000407261)), (2, (1, 0.000414082, 9.188e-5, 0.000506264)), (2, (2, 0.000415248, 5.5087e-5, 0.000470578)), (2, (3, 0.000381113, 0.000123334, 0.000504687)), (2, (4, 0.000448202, 4.0057e-5, 0.000488491)), (2, (5, 0.000456918, 0.000108859, 0.000566005)), (2, (6, 0.000432609, 7.5649e-5, 0.000508532)), (2, (7, 0.000595768, 0.000169373, 0.000765995))]), (13760, 16, 0.000671383, [(2, (0, 0.000433091, 1.9575e-5, 0.00045296)), (2, (1, 0.000361316, 0.000106184, 0.000467781)), (2, (2, 0.000331836, 5.1492e-5, 0.000383589)), (2, (3, 0.000368143, 0.000205848, 0.000574226)), (2, (4, 0.000332506, 3.6722e-5, 0.000369486)), (2, (5, 0.00034728, 0.000197327, 0.000544862)), (2, (6, 0.000354518, 0.000124323, 0.000479112)), (2, (7, 0.00039059, 0.000176489, 0.00056735))]), (13776, 16, 0.000672642, [(2, (0, 0.000414513, 1.7812e-5, 0.000432592)), (2, (1, 0.000424775, 3.7394e-5, 0.000462486)), (2, (2, 0.000592148, 5.1596e-5, 0.000644015)), (2, (3, 0.000470067, 6.6426e-5, 0.000536742)), (2, (4, 0.000539036, 9.9537e-5, 0.000638819)), (2, (5, 0.000441863, 0.00011612, 0.000558218)), (2, (6, 0.00048123, 9.9632e-5, 0.000581105)), (2, (7, 0.000450048, 0.0001229, 0.00057317))]), (13792, 16, 0.000632095, [(2, (0, 0.000457781, 1.8509e-5, 0.000476545)), (2, (1, 0.000421239, 0.000112683, 0.000534168)), (2, (2, 0.000397428, 4.775e-5, 0.000445429)), (2, (3, 0.000397433, 0.000122426, 0.000520129)), (2, (4, 0.000375905, 3.495e-5, 0.000411088)), (2, (5, 0.000396199, 9.9209e-5, 0.000495659)), (2, (6, 0.000438218, 6.3735e-5, 0.000502195)), (2, (7, 0.000364566, 8.2895e-5, 0.000447711))]), (13808, 16, 0.000746618, [(2, (0, 0.000550052, 1.8556e-5, 0.000568893)), (2, (1, 0.000523663, 3.8463e-5, 0.000562394)), (2, (2, 0.000444761, 0.000116159, 0.000561204)), (2, (3, 0.000480251, 0.000176492, 0.000657307)), (2, (4, 0.000436239, 5.4224e-5, 0.000490716)), (2, (5, 0.000397659, 0.000131871, 0.000529779)), (2, (6, 0.000659955, 6.8937e-5, 0.000729164)), (2, (7, 0.000394317, 9.2399e-5, 0.000486996))]), (13824, 16, 0.000766243, [(2, (0, 0.000426551, 1.7781e-5, 0.00044461)), (2, (1, 0.00032748, 6.8258e-5, 0.000395988)), (2, (2, 0.000436772, 5.2921e-5, 0.00048997)), (2, (3, 0.000383811, 0.000125479, 0.000509661)), (2, (4, 0.000442505, 3.7607e-5, 0.000480387)), (2, (5, 0.000510552, 9.95e-5, 0.000610277)), (2, (6, 0.000449687, 8.4966e-5, 0.000534902)), (2, (7, 0.000527526, 0.000131311, 0.000659079))]), (13840, 16, 0.00056802, [(2, (0, 0.000458379, 1.8619e-5, 0.000477291)), (2, (1, 0.000434453, 3.4683e-5, 0.000469422)), (2, (2, 0.000463635, 9.6855e-5, 0.000560757)), (2, (3, 0.000426271, 0.000112444, 0.000539014)), (2, (4, 0.00037925, 4.8224e-5, 0.000427722)), (2, (5, 0.000453515, 7.803e-5, 0.000531772)), (2, (6, 0.000404434, 6.46e-5, 0.000469277)), (2, (7, 0.000397912, 0.000120589, 0.000518819))]), (13856, 16, 0.000603796, [(2, (0, 0.000396953, 1.8894e-5, 0.000416126)), (2, (1, 0.000436417, 2.0916e-5, 0.000457584)), (2, (2, 0.000448415, 5.3907e-5, 0.000502565)), (2, (3, 0.000444792, 5.4161e-5, 0.000499194)), (2, (4, 0.000467266, 9.4367e-5, 0.000561865)), (2, (5, 0.000474257, 9.7729e-5, 0.00057224)), (2, (6, 0.00040748, 9.4812e-5, 0.000502544)), (2, (7, 0.000400659, 0.000102386, 0.000503281))]), (13872, 16, 0.00069088, [(2, (0, 0.000445748, 1.8813e-5, 0.000464807)), (2, (1, 0.000635615, 3.6196e-5, 0.000672058)), (2, (2, 0.000371401, 0.000101001, 0.000472679)), (2, (3, 0.000507158, 0.000136236, 0.000643645)), (2, (4, 0.000437611, 5.2904e-5, 0.000490772)), (2, (5, 0.000491857, 8.3713e-5, 0.000575804)), (2, (6, 0.000417436, 6.5801e-5, 0.000483453)), (2, (7, 0.000465967, 0.000116695, 0.000582926))]), (13888, 16, 0.000569795, [(2, (0, 0.000541833, 1.7892e-5, 0.000559983)), (2, (1, 0.000384324, 8.4359e-5, 0.000468928)), (2, (2, 0.000485532, 5.0344e-5, 0.000536133)), (2, (3, 0.000394192, 6.5331e-5, 0.000459751)), (2, (4, 0.00044625, 3.5336e-5, 0.00048182)), (2, (5, 0.000397846, 0.000124334, 0.000522477)), (2, (6, 0.000406546, 9.9075e-5, 0.000505859)), (2, (7, 0.000411403, 0.000115579, 0.000527244))]), (13904, 16, 0.000968911, [(2, (0, 0.000532728, 2.8811e-5, 0.000561801)), (2, (1, 0.000904055, 3.0393e-5, 0.0009348)), (2, (2, 0.000381422, 6.6954e-5, 0.000448604)), (2, (3, 0.000766857, 7.1382e-5, 0.000838713)), (2, (4, 0.000752173, 5.118e-5, 0.000803624)), (2, (5, 0.000510234, 5.8008e-5, 0.000568474)), (2, (6, 0.000600118, 5.5406e-5, 0.000656029)), (2, (7, 0.000459635, 6.1099e-5, 0.000521008))]), (13920, 16, 0.000899668, [(2, (0, 0.000476283, 1.8141e-5, 0.000494664)), (2, (1, 0.000485093, 7.7274e-5, 0.000562615)), (2, (2, 0.000626971, 3.8161e-5, 0.000665389)), (2, (3, 0.000748558, 9.3469e-5, 0.000842338)), (2, (4, 0.00053418, 6.4459e-5, 0.00059894)), (2, (5, 0.000578252, 0.000162365, 0.000741062)), (2, (6, 0.00053118, 0.000111864, 0.000643308)), (2, (7, 0.000439396, 0.000164147, 0.000603808))]), (13936, 16, 0.000738225, [(2, (0, 0.00039227, 1.9275e-5, 0.000411802)), (2, (1, 0.00038491, 6.7337e-5, 0.000452522)), (2, (2, 0.000561509, 3.8031e-5, 0.000599885)), (2, (3, 0.00047277, 8.4375e-5, 0.000560467)), (2, (4, 0.000396244, 5.4421e-5, 0.000450936)), (2, (5, 0.000458165, 0.000151458, 0.000609903)), (2, (6, 0.000554951, 0.000134996, 0.000690211)), (2, (7, 0.000469961, 0.000145243, 0.000615517))]), (13952, 16, 0.000667122, [(2, (0, 0.000410233, 1.9619e-5, 0.000430107)), (2, (1, 0.000466051, 6.9732e-5, 0.000536039)), (2, (2, 0.000442086, 5.2235e-5, 0.000494521)), (2, (3, 0.000484016, 0.000132101, 0.000616386)), (2, (4, 0.000528609, 3.7429e-5, 0.000566279)), (2, (5, 0.000413791, 0.000117796, 0.000531855)), (2, (6, 0.000448012, 8.6539e-5, 0.00053479)), (2, (7, 0.00049394, 0.000104479, 0.000598657))]), (13968, 16, 0.000738099, [(2, (0, 0.000408044, 2.967e-5, 0.000437994)), (2, (1, 0.000494167, 4.0367e-5, 0.000534794)), (2, (2, 0.00038127, 4.8498e-5, 0.000430032)), (2, (3, 0.00056271, 4.9108e-5, 0.000612079)), (2, (4, 0.000480099, 6.4973e-5, 0.000545362)), (2, (5, 0.000541377, 6.551e-5, 0.000607193)), (2, (6, 0.000415575, 6.5091e-5, 0.000480919)), (2, (7, 0.000381287, 7.3517e-5, 0.000455081))]), (13984, 16, 0.001051068, [(2, (0, 0.000517078, 1.8276e-5, 0.000535835)), (2, (1, 0.000704348, 0.000102336, 0.000807028)), (2, (2, 0.000649455, 3.5696e-5, 0.000685389)), (2, (3, 0.000543731, 0.000122376, 0.000666387)), (2, (4, 0.000610643, 8.2916e-5, 0.000694008)), (2, (5, 0.000771883, 0.000182596, 0.000954969)), (2, (6, 0.000687553, 0.000144768, 0.000834112)), (2, (7, 0.000390448, 0.000162287, 0.000552994))]), (14000, 16, 0.000859335, [(2, (0, 0.000484983, 2.071e-5, 0.000505986)), (2, (1, 0.000563786, 0.000106619, 0.000670684)), (2, (2, 0.000411258, 5.692e-5, 0.000468431)), (2, (3, 0.000469915, 0.000140583, 0.000610818)), (2, (4, 0.000438906, 3.7854e-5, 0.000477035)), (2, (5, 0.000543686, 8.9182e-5, 0.000633179)), (2, (6, 0.000473367, 6.9972e-5, 0.000543557)), (2, (7, 0.000552371, 0.000196124, 0.000749276))]), (14016, 16, 0.000680442, [(2, (0, 0.000420425, 1.9846e-5, 0.000440598)), (2, (1, 0.000548589, 7.1214e-5, 0.000620046)), (2, (2, 0.000518245, 5.5104e-5, 0.000573574)), (2, (3, 0.000541381, 8.6703e-5, 0.000628336)), (2, (4, 0.000437017, 3.8497e-5, 0.000475759)), (2, (5, 0.000537727, 0.000119254, 0.000657245)), (2, (6, 0.000519105, 0.000101254, 0.000620595)), (2, (7, 0.000462423, 0.000129109, 0.000591836))]), (14032, 16, 0.000859718, [(2, (0, 0.000407228, 5.6816e-5, 0.000464316)), (2, (1, 0.000439439, 9.0693e-5, 0.000530376)), (2, (2, 0.000623315, 0.000207462, 0.000831195)), (2, (3, 0.000545005, 0.00020641, 0.000751688)), (2, (4, 0.000404077, 2.2318e-5, 0.000426662)), (2, (5, 0.000408801, 7.207e-5, 0.000481141)), (2, (6, 0.00056118, 4.0389e-5, 0.000601844)), (2, (7, 0.000559276, 0.000107722, 0.000667248))]), (14048, 16, 0.000941519, [(2, (0, 0.000326975, 1.9126e-5, 0.000346373)), (2, (1, 0.000623685, 0.000103462, 0.000727436)), (2, (2, 0.000464571, 5.1116e-5, 0.000515974)), (2, (3, 0.000489457, 8.6007e-5, 0.000575714)), (2, (4, 0.000472226, 3.7622e-5, 0.000510084)), (2, (5, 0.000468563, 0.000119689, 0.000588515)), (2, (6, 0.000666319, 6.8508e-5, 0.000735138)), (2, (7, 0.000627054, 0.000167437, 0.00079496))]), (14064, 16, 0.000877273, [(2, (0, 0.000605106, 4.1224e-5, 0.000646826)), (2, (1, 0.0003874, 9.2428e-5, 0.00048006)), (2, (2, 0.00046543, 7.9728e-5, 0.000545583)), (2, (3, 0.000462622, 0.000166645, 0.000629589)), (2, (4, 0.000417826, 6.3561e-5, 0.000481741)), (2, (5, 0.000532237, 0.000134509, 0.00066699)), (2, (6, 0.000640675, 0.000115753, 0.000756704)), (2, (7, 0.000586262, 0.000186897, 0.000773655))]), (14080, 16, 0.000909907, [(2, (0, 0.000523192, 2.2012e-5, 0.000545487)), (2, (1, 0.000447377, 7.0446e-5, 0.000518155)), (2, (2, 0.000417838, 5.6022e-5, 0.000474137)), (2, (3, 0.000461922, 8.793e-5, 0.00055012)), (2, (4, 0.0004429, 3.9908e-5, 0.00048623)), (2, (5, 0.000657074, 0.000189761, 0.000847248)), (2, (6, 0.000506254, 0.000106965, 0.000613517)), (2, (7, 0.000415556, 0.000194168, 0.000610119))]), (14096, 16, 0.001033085, [(2, (0, 0.000502779, 2.1424e-5, 0.000524505)), (2, (1, 0.000393528, 7.1823e-5, 0.000465605)), (2, (2, 0.000583737, 3.7858e-5, 0.000621824)), (2, (3, 0.000472148, 8.7134e-5, 0.000559528)), (2, (4, 0.000493718, 5.5881e-5, 0.000549889)), (2, (5, 0.00051729, 0.000134098, 0.000651702)), (2, (6, 0.000503738, 0.000113867, 0.000617824)), (2, (7, 0.000737465, 0.00018729, 0.000925199))]), (14112, 16, 0.001166643, [(2, (0, 0.000612277, 6.0593e-5, 0.000673173)), (2, (1, 0.000471639, 5.2381e-5, 0.000524318)), (2, (2, 0.000503469, 7.8547e-5, 0.000582297)), (2, (3, 0.000517788, 7.879e-5, 0.000596822)), (2, (4, 0.000549501, 8.3334e-5, 0.000633085)), (2, (5, 0.000622034, 9.5138e-5, 0.000717463)), (2, (6, 0.000539228, 9.2485e-5, 0.000631969)), (2, (7, 0.000849191, 0.000144873, 0.000994639))]), (14128, 16, 0.001039036, [(2, (0, 0.000518687, 1.969e-5, 0.000538633)), (2, (1, 0.000552447, 8.655e-5, 0.000639363)), (2, (2, 0.000428209, 5.3404e-5, 0.000481853)), (2, (3, 0.000546959, 0.000254254, 0.000801826)), (2, (4, 0.000679548, 3.905e-5, 0.000719008)), (2, (5, 0.000500593, 0.000250585, 0.000751555)), (2, (6, 0.000463744, 0.000101059, 0.000565028)), (2, (7, 0.000776009, 0.000173922, 0.000950765))]), (14144, 15, 0.001087611, [(2, (0, 0.000485862, 2.376e-5, 0.000509881)), (2, (1, 0.000497189, 7.3574e-5, 0.000571232)), (2, (2, 0.000459738, 5.7697e-5, 0.000517692)), (2, (3, 0.000888076, 0.000133817, 0.00102216)), (2, (4, 0.001041542, 4.0929e-5, 0.001082731)), (2, (5, 0.000534853, 0.000106871, 0.000641978)), (2, (6, 0.000525062, 8.8597e-5, 0.000613891)), (1, (7, 0.000382887, 0.000174932, 0.000558305))]), (14160, 16, 0.000860027, [(2, (0, 0.000515334, 1.41e-5, 0.000529657)), (2, (1, 0.000486421, 1.9642e-5, 0.000506339)), (2, (2, 0.000569045, 1.9699e-5, 0.000588958)), (2, (3, 0.000718957, 8.2522e-5, 0.000802473)), (2, (4, 0.00040563, 3.2645e-5, 0.000438593)), (2, (5, 0.000663815, 9.325e-5, 0.000757471)), (2, (6, 0.000432533, 4.2008e-5, 0.000474809)), (2, (7, 0.000621133, 8.8609e-5, 0.000710302))]), (14176, 16, 0.001094245, [(2, (0, 0.000692053, 2.0611e-5, 0.000712926)), (2, (1, 0.000485092, 7.0605e-5, 0.000555966)), (2, (2, 0.000559432, 5.3255e-5, 0.000612926)), (2, (3, 0.000639646, 8.5459e-5, 0.000725454)), (2, (4, 0.001034385, 3.762e-5, 0.001072353)), (2, (5, 0.000806946, 0.000205451, 0.001012999)), (2, (6, 0.000502716, 0.000101559, 0.000604553)), (2, (7, 0.00079134, 0.000237375, 0.001029036))]), (14192, 15, 0.000737602, [(2, (0, 0.000415942, 2.3347e-5, 0.000439595)), (2, (1, 0.000656415, 5.0931e-5, 0.000707697)), (2, (2, 0.000425253, 4.3565e-5, 0.000469083)), (2, (3, 0.00050988, 6.3393e-5, 0.000573578)), (2, (4, 0.000672855, 2.9567e-5, 0.000702911)), (2, (5, 0.000500745, 0.000152103, 0.000653337)), (2, (6, 0.000407723, 6.9311e-5, 0.00047735)), (1, (7, 0.000389032, 0.000155452, 0.000545342))]), (14208, 16, 0.000877131, [(2, (0, 0.000402274, 2.0329e-5, 0.00042288)), (2, (1, 0.000548107, 9.2482e-5, 0.000640961)), (2, (2, 0.00055948, 5.9143e-5, 0.000618942)), (2, (3, 0.000567827, 7.1831e-5, 0.000639893)), (2, (4, 0.000478453, 4.1456e-5, 0.000520186)), (2, (5, 0.00046845, 0.000124463, 0.000593171)), (2, (6, 0.000468137, 0.000107008, 0.000575402)), (2, (7, 0.000614417, 0.000141854, 0.000756651))]), (14224, 16, 0.000787048, [(2, (0, 0.000478745, 2.0767e-5, 0.000499798)), (2, (1, 0.000494679, 7.1044e-5, 0.000566014)), (2, (2, 0.000464978, 5.4527e-5, 0.000519741)), (2, (3, 0.000514256, 8.6059e-5, 0.000600546)), (2, (4, 0.000557922, 3.897e-5, 0.000597156)), (2, (5, 0.000543171, 0.000174434, 0.000718025)), (2, (6, 0.000488693, 0.000102914, 0.000591865)), (2, (7, 0.00039319, 0.000130437, 0.000523851))]), (14240, 5, 0.000417791, [(1, (0, 0.00020412, 1.5366e-5, 0.000219799)), (1, (1, 0.000131845, 6.7172e-5, 0.000199259)), (1, (2, 0.000156736, 4.6769e-5, 0.000203764)), (1, (3, 0.000284566, 8.5928e-5, 0.000370608)), (1, (4, 0.000292516, 3.2883e-5, 0.000325627)), (0, (5, 5.9e-8, 8.5333e-5, 8.5506e-5)), (0, (6, 1.27e-7, 8.395e-5, 8.4308e-5)), (0, (7, 8.4e-8, 8.4683e-5, 8.488e-5))])]
[TIMING] scan_lookup: 0.440s (calls=1)
[TIMING] ungapped_extend: 0.287s (calls=1991372)
[TIMING] gapped_extend: 1.762s (calls=195387)
[TIMING] traceback_prune: 21.257s (calls=2)
[TIMING] traceback_sort_prelim: 0.000s
[TIMING] traceback_tree_precheck: 0.008s
[TIMING] traceback_start_offsets: 0.002s
[TIMING] traceback_alignment: 0.002s (dp=0.002s greedy=0.000s)
[TIMING] traceback_hsp_build: 0.018s
[TIMING] purge_common_endpoint_pass1: 0.096s
[TIMING] reevaluate_ambiguities: 0.001s
[TIMING] identity_length_test: 0.000s
[TIMING] purge_common_endpoint_pass2: 0.009s
[TIMING] traceback_score_resort: 0.003s
[TIMING] traceback_final_tree_contains: 0.003s
[TIMING] traceback_final_tree_add: 0.006s
[TIMING] traceback_postprocess: 0.000s
[TIMING] traceback_counts: prelim=14245 tree_skipped=1777 full_traceback=12468 deleted_evalue_cutoff=0 deleted_reevaluation=20 deleted_identity_length=0 endpoint_pass1_removed=52 endpoint_pass2_removed=55 final_tree_removed=1
[TIMING] traceback_lengths: edit_script_samples=12468 edit_script_max=179 edit_script_median=3.0 alignment_samples=12468 alignment_max=657176 alignment_median=47.0
[TIMING] format_output: 0.055s (calls=1)
[TIMING] search_total: 23.884s
[TIMING] total: 24.109s
[losat-wasi-threads] worker done tid=1
[losat-wasi-threads] worker done tid=4
[losat-wasi-threads] worker done tid=2
[losat-wasi-threads] worker done tid=3
[losat-wasi-threads] worker done tid=7
[losat-wasi-threads] worker done tid=5
[losat-wasi-threads] worker done tid=6
[losat-wasi-threads] worker done tid=8
[losat-wasi-event] {"event":"exited","at_ms":24602.103748,"tid":1,"code":0}
[losat-wasi-event] {"event":"exited","at_ms":24602.927725,"tid":3,"code":0}
[losat-wasi-event] {"event":"exited","at_ms":24603.280297,"tid":4,"code":0}
[losat-wasi-event] {"event":"exited","at_ms":24603.636151,"tid":7,"code":0}
[losat-wasi-event] {"event":"exited","at_ms":24603.821686,"tid":2,"code":0}
[losat-wasi-event] {"event":"exited","at_ms":24604.047662,"tid":5,"code":0}
[losat-wasi-event] {"event":"exited","at_ms":24604.266714,"tid":6,"code":0}
[losat-wasi-event] {"event":"exited","at_ms":24604.696885,"tid":8,"code":0}
