range	row	ncbi_file	ncbi_lines	ncbi_function	branch	status_before	s08_result	s08_final	losat_location	evidence	notes
A	1	src/app/blast/tblastx_app.cpp	54-66	CTblastxApp::CTblastxApp / ~CTblastxApp	-	n/a	n/a	n/a	-	-	Usage-report bookkeeping only (BLAST_USAGE_REPORT is an environment variable, out of scope); no effect on bytes, stderr or exit status.
A	2	src/app/blast/tblastx_app.cpp	79-89	CTblastxApp::Init	argument syntax error / -help	divergent	exception	exception	cli.rs:63(try_parse_from);main.rs:36(Cli parse)	oracle (rscratch_A/cmp.sh): -bogus, -evalue abc, -max_target_seqs 0: NCBI USAGE text rc 1, LOSAT clap text rc 2	Approved exception (argument-parser errors use clap text, exit 2). Same class: -threshold 0 and -seg bad (NCBI Validate errors 'Non-zero threshold required' / 'Invalid number of arguments to filtering option', rc 1) are clap value-parser errors in LOSAT (rc 2). Not an exception but an explicit rejection: -word_size 2/4/5 (NCBI runs word size 2, 27965 B for q1 vs s1; or 'Word-size must be less than 6'); LOSAT's value parser stops with 'unsupported TBLASTX word_size: only 3 is implemented'.
A	3	src/app/blast/tblastx_app.cpp	93-101	CTblastxApp::Run (diagnostics setup)	-	missing	ported	ported	algorithm/tblastx/blast_engine/run_impl.rs:759(process_options);algorithm/tblastx/blast_engine/run_impl.rs:775(search_cli);report/query_warnings.rs:98(invalid_query_warning);report/query_warnings.rs:122(few_matches_warning)	warnings.mts2_fmt0.merged;warnings.unsearched_fmt0.merged;empty.query_fmt0;tblastx.mts1.0 (.err)	LOSAT TBLASTX now has the diagnostics channel: ReportOutputs.diagnostics (stderr in the CLI) receives 'Warning: [tblastx] <text>\\n' for Query is Empty!, Examining 5 or more matches, and the invalid-query warnings. Errors are NativeError text without prefix (cli.rs:397). Oracle: cmp.sh empty_0/6/7, emptymts_0/6/7 byte-identical stderr (35 B and 97 B).
A	4	src/app/blast/tblastx_app.cpp	104-112	CTblastxApp::Run (SetOptions)	no -import_search_strategy	divergent	ported	ported	algorithm/tblastx/blast_engine/run_impl.rs:644(run);algorithm/tblastx/blast_engine/run_impl.rs:759(process_options);algorithm/tblastx/blast_engine/run_impl.rs:775(search_cli)	warnings.mts2_fmt0.merged;empty.subject_fmt0;oracle cmp.sh thr2_mts1	Order reproduced: subject read + empty-subject error (3), query read, -out created, then 'Examining 5 or more matches is recommended', then 'Query is Empty!'. Validate errors (word size, threshold 0, -seg) are clap errors: row 2 (exception/rejection). The -num_threads warnings are the approved exception (row 129): thr2_mts1 shows NCBI 'Examining' + 'num_threads ignored', LOSAT only 'Examining'.
A	5	src/app/blast/tblastx_app.cpp	114-120	CTblastxApp::Run (InitializeSubject call)	-	divergent	ported	ported	algorithm/tblastx/blast_engine/run_impl.rs:644(run: subject read at 660, check_subjects_not_empty at 740, then the query read)	empty.subject_fmt0;empty.subject_fmt6; oracle cmp.sh emptyq_emptysub, noq_emptysub (both rc 3 'BLAST engine error: Empty CBlastQueryVector' as NCBI)	Subject problems beat query problems as in NCBI. The text of a missing-file error ('Command line argument error: Argument \"subject\" ...') is deferred (LOSAT prints 'Error: failed to open subject FASTA ...', rc 1; same rc).
A	6	src/app/blast/tblastx_app.cpp	122-131	CTblastxApp::Run (query input config)	defaults	divergent	GAP	rejected: query and subject read as BLASTN reads them (blastn/input.rs check_deflines_of, check_residues_of, check_records_have_residues_of, check_utf8_file_name), 06953c68d (empty deflines and deflines starting with white space, in every format)	algorithm/tblastx/blast_engine/run_impl.rs:1298(run_in_pool: query_ids = first defline word or \"unknown\");report/query_warnings.rs:98(invalid_query_warning: Query_<n> label)	oracle (rscratch_A/cmp.sh): et_emptytitle_6, et_spacetitle_6, lt_lead_space_title (outfmt 6); et_emptytitle_0/7 are rejected	The Query_<n> numbering in the warnings is ported (b_seq2.fa, two_allN.fa merged streams identical). GAP (outfmt 6 only): a query whose defline is empty or blank gets the generated local id in NCBI's first column, LOSAT prints 'unknown'. Command: LOSAT/NCBI tblastx -query emptytitle.fa -subject s1.fa -outfmt 6 (emptytitle.fa = '>' then the q1 sequence): NCBI first row 'Query_1<TAB>swin0<TAB>47.826...', LOSAT 'unknown<TAB>swin0<TAB>47.826...' (3235 B both, bytes differ). Same for '>   '. A defline that starts with a space ('> abc def'): NCBI id 'abc', LOSAT 'unknown' (lt_lead_space_title). In outfmt 0 and 7 these deflines are rejected (check_report_titles, message 'query record 1 has a defline that is empty, starts with white space...'). Query counterpart of the deferred Subject_N ids (empty SUBJECT defline in outfmt 6: NCBI 'Subject_1', LOSAT 'unknown', st_s_emptytitle).
A	7	src/app/blast/tblastx_app.cpp	132-135	CTblastxApp::Run (empty query)	IsIStreamEmpty(query stream)	missing	ported	ported	algorithm/tblastx/blast_engine/run_impl.rs:789(search_cli);algorithm/tblastx/blast_engine/run_impl.rs:832(run_local);algorithm/blastn/input.rs:39(is_blank)	empty.query_fmt0;empty.query_fmt7;empty.blank_query_fmt6;env.batch_text_empty_query;oracle cmp.sh empty_*/ws_*/emptymts_* (outfmt 0/6/7)	'Warning: [tblastx] Query is Empty!' on stderr, empty stdout, rc 0, after the 'Examining' warning; -out file is created empty (checked: outA.txt exists, 0 B in both). The non-seekable pipe case is row 40.
A	8	src/app/blast/tblastx_app.cpp	136-137	CTblastxApp::Run (query input source and batch size)	-	reusable	reused	reused	blastinput/query_batch.rs:54(next_query_batch_end);algorithm/tblastx/blast_engine/run_impl.rs:1233(tblastx_query_batch_size);algorithm/tblastx/blast_engine/run_impl.rs:1271(run_in_pool)	tblastx.batch.0;tblastx.batch.7;env.batch700;env.batch22000_fmt0;env.batch100000_fmt7	Batch size 10002 nt (BATCH_SIZE honoured), no BatchSizeMixer. The shared batch functions are reused; the search itself is now batch by batch (row 16). Oracle: bd_10001/10002/10003/5001 (query lengths at the 10002 boundary), b_seq1/2/3 outfmt 0/6/7 all byte-identical.
A	9	src/app/blast/tblastx_app.cpp	139-144	CTblastxApp::Run (formatting args, archive flag)	outfmt 0/6/7	n/a	n/a	n/a	-	-	No output effect for outfmt 0/6/7 (archive flag false; saved diagnostic messages dropped).
A	10	src/app/blast/tblastx_app.cpp	145-163	CTblastxApp::Run (CBlastFormat construction)	tblastx values	missing	ported	ported	algorithm/tblastx/blast_engine/run_impl.rs:1036(write_tblastx_outputs: TblastxPairwiseReport / TblastxPairwiseQuery built from args)	tblastx.multi.0;tblastx.multi.7;tblastx.thrwin.0;tblastx.many.0	Formatter inputs for tblastx: 500/250 or N/N descriptions and alignments (max_target_seqs Option), threshold and window for the epilog, nucleotide database totals, subject tag, sum statistics (N column), query/db genetic codes.
A	11	src/app/blast/tblastx_app.cpp	165-172	CTblastxApp::Run (formatter setters)	defaults	n/a	n/a	n/a	-	-	Defaults for in-scope options (line length 60, no sort option); no effect on bytes.
A	12	src/app/blast/tblastx_app.cpp	173	CTblastxApp::Run (PrintProlog position)	before batch loop	missing	ported	ported	algorithm/tblastx/blast_engine/run_impl.rs:994(write_pairwise_prologs);algorithm/tblastx/blast_engine/run_impl.rs:1307(run_in_pool: called before the first batch);report/pairwise.rs:2368(write_tblastx_pairwise_prolog)	env.batch0_fmt0;write.devfull_fmt0;write.devfull_unsearched_fmt0; oracle cmp.sh b0_0 (BATCH_SIZE=0: 379 B prolog then rc 3, same as NCBI)	The outfmt 0 prolog is written and flushed before the first query batch; a failing write stops there (exit 6, 'BLAST failed to write output', nothing else). outfmt 6/7 write no prolog. hdronly.fa (record without data) is deferred, see row 69.
A	13	src/app/blast/tblastx_app.cpp	176	CTblastxApp::Run (batch loop control)	-	reusable	reused	reused	algorithm/tblastx/blast_engine/run_impl.rs:1330(run_in_pool: while loop over next_query_batch_end);blastinput/query_batch.rs:54(next_query_batch_end)	tblastx.batch.0; oracle cmp.sh trail0/trail7 (q1 + blank lines == q1)	One iteration per batch; trailing blank lines make no extra batch.
A	14	src/app/blast/tblastx_app.cpp	178-179	CTblastxApp::Run (read one batch)	-	reusable	reused	reused	blastinput/query_batch.rs:54(next_query_batch_end);algorithm/tblastx/blast_engine/run_impl.rs:1330(run_in_pool)	tblastx.batch.0;tblastx.batch.7;env.batch700	Queries are added until 10002 nt are reached, the query that crosses the limit stays. FASTA-reader diagnostics ('FASTA-Reader: Ignoring invalid residues ...', 'CFastaReader: Hyphens are invalid ...') for residues outside the IUPAC nucleotide letters are not produced: see the GAP of row 26 (outside the declared input scope).
A	15	src/app/blast/tblastx_app.cpp	181	CTblastxApp::Run (SaveSearchStrategy)	no -export_search_strategy	n/a	n/a	n/a	-	-	-export_search_strategy is out of scope.
A	16	src/app/blast/tblastx_app.cpp	185-195	CTblastxApp::Run (search call)	local search	divergent	ported	ported	algorithm/tblastx/blast_engine/run_impl.rs:1373(search_query_batch);algorithm/tblastx/blast_engine/run_impl.rs:1330(run_in_pool);algorithm/tblastx/blast_engine/run_impl.rs:1914(unsearched batch return)	tblastx.batch.0;tblastx.batch.7;tblastx.invalid.0;tblastx.unsearched.0;env.batch700;env.batch300_invalid_fmt7.merged	Each batch is searched on its own, so hits depend on the batch (linking cutoffs). A batch without a valid context returns the not-searched result. Oracle: bseq1/bseq2/bseq3 and the random 7x5 multi-record set (rq.fa/rs.fa, 14 option combos) byte-identical for outfmt 0/6/7. Observation outside this row: -culling_limit N>0 differs from NCBI (see notes).
A	17	src/app/blast/tblastx_app.cpp	197-206	CTblastxApp::Run (format results)	not archive	missing	ported	ported	algorithm/tblastx/blast_engine/run_impl.rs:1036(write_tblastx_outputs);report/pairwise.rs:2717(write_tblastx_pairwise_report);algorithm/tblastx/report.rs:544(write_tabular)	tblastx.multi.0;tblastx.multi.7;warnings.unsearched_fmt0.merged;env.batch300_invalid_fmt0.merged	One result per query in query order. LOSAT searches all batches and then writes all reports (NCBI formats each batch before it searches the next); the 2>&1 interleaving of warnings and report is reproduced through QueryWarnings (merged runs mg_* identical, 15 combos). Only the partial output left by a search that fails in a later batch would differ; no in-scope input fails there.
A	18	src/app/blast/tblastx_app.cpp	209	CTblastxApp::Run (PrintEpilog position)	after last batch	missing	ported	ported	report/pairwise.rs:2664(write_tblastx_epilog);algorithm/tblastx/report.rs:544(write_tabular: '# BLAST processed N queries')	tblastx.multi.0;tblastx.multi.7;empty.query_fmt7 (no epilog)	Epilog after the last query; none after 'Query is Empty!'.
A	19	src/app/blast/tblastx_app.cpp	211-213	CTblastxApp::Run (debug dump)	-	n/a	n/a	n/a	-	-	-verbose exists only when _BLAST_DEBUG is defined; not in the release oracle.
A	20	src/app/blast/tblastx_app.cpp	215-216	CTblastxApp::Run (usage logging)	-	n/a	n/a	n/a	-	-	Usage-report parameters only.
A	21	src/app/blast/tblastx_app.cpp	218-224	CTblastxApp::Run (end)	archive error report / status	divergent	ported	ported	main.rs:129(Commands::Tblastx: exit_on_native_error);cli.rs:511(exit_on_native_error);cli.rs:397(NativeError)	empty.subject_fmt0 (rc 3);write.devfull_fmt0 (rc 6)	Exit status is the NativeError exit code; PrintErrorArchive prints only for -outfmt 11 (out of scope). Errors that are not NativeError (file open, FASTA parse) still leave main as 'Error: ...' rc 1: rows 24, 25, 26.
A	22	src/app/blast/blast_app_util.hpp	148-163	BLAST_EXIT_* codes	-	missing	ported	ported	cli.rs:397(NativeError{exit,message});cli.rs:511(exit_on_native_error);main.rs:129(Commands::Tblastx)	empty.subject_fmt0 (3);write.devfull_fmt0 (6); oracle cmp.sh emptysub (rc 3), full_0 (rc 6)	TBLASTX errors that NCBI maps to a BLAST_* code now leave as NativeError with that code: engine error 3, output error 6, input error 1 (-out). The unmapped ones are rows 24-26.
A	23	src/app/blast/blast_app_util.hpp	168-171	CATCH_ALL: CInvalidDataException	-	n/a	n/a	n/a	-	-	Only for invalid custom -outfmt field specifiers; custom field lists are rejected (row 55).
A	24	src/app/blast/blast_app_util.hpp	172-176	CATCH_ALL: CInputException	-	missing	deferred	ported: -evalue 0 fails with NCBI's hit saving check (run_impl.rs check_hit_saving_options), 7fbbfad96; deferred to S08+ (TD-13): NCBI's texts and exit 1 of the other option checks after parsing (-threshold 0, malformed -seg, -word_size), which LOSAT's parser stops with exit 2	value_parsers.rs:678(tblastx_outfmt: clap error, rc 2);blastinput/value_parsers.rs:file_path	oracle cmp.sh of_abc, of_6x, of_6.0, of_ (NCBI \"BLAST query/options error: '<x>' is not a valid output format\" rc 1; LOSAT clap 'unsupported TBLASTX outfmt' rc 2), nosub_arg (missing -subject)	Reached through -outfmt text (deferred: -outfmt text), the -subject-missing error (deferred), and Validate errors (-word_size, -threshold 0, -seg: clap errors, rows 2/4). LOSAT stops in every case; only text and exit code differ.
A	25	src/app/blast/blast_app_util.hpp	177-180	CATCH_ALL: CArgException	-	reusable	deferred	deferred	cli.rs:468(inaccessible);run_impl.rs:682(run: -out)	oracle cmp.sh noout (-out /nonexistent/d/x: identical text and rc 1); nofile, nosubj (differ)	-out: ported (same text, rc 1, checked also with an empty query). -query and -subject that cannot be opened: NCBI 'Command line argument error: Argument \"query\". File is not accessible:  `x'' rc 1; LOSAT 'Error: failed to open query FASTA x' rc 1 (deferred: NCBI's file error texts for -query/-subject). Same rc.
A	26	src/app/blast/blast_app_util.hpp	181-184	CATCH_ALL: CObjReaderParseException	-	missing	GAP	rejected: query and subject read as BLASTN reads them (blastn/input.rs check_deflines_of, check_residues_of, check_records_have_residues_of, check_utf8_file_name), 06953c68d (residues that are not IUPAC nucleotide letters)	algorithm/tblastx/blast_engine/run_impl.rs:775(search_cli: bio fasta::Reader)	oracle: cmp.sh binq, bins (rscratch_A/bin.fa = '>a' then bytes 00 01 02 + ACGT), in_badres, digits	Input outside the declared scope (non-IUPAC residues) but neither reproduced nor rejected. tblastx -query bin.fa -subject s1.fa -outfmt 0: NCBI stderr 'BLAST query error: CFastaReader: Near line 2, there's a line that doesn't look like plausible data, but it's not marked as defline or comment.' rc 1, stdout 379 B (prolog only); LOSAT prints a full report (760 B), rc 0. Related: invalid residues that CFastaReader ignores with a stderr diagnostic ('FASTA-Reader: Ignoring invalid residues at position(s): On line 2: 9-10, 67', 'CFastaReader: Hyphens are invalid and will be ignored around line 2'; digits, hyphen, *, X in a nucleotide query): NCBI drops them (digits.fa: outfmt 7 row 'a swin0 46.154 13 7 0 60 22 ...'), LOSAT keeps them as sequence (63 25 ...) and prints no diagnostic (in_badres, digits, uq_x_q, uq_star_q: stderr 70-144 B vs 0). Text before the first defline (leading blank line, ';' comment, BOM, no defline): NCBI reads it, LOSAT stops with 'Error: failed to read query FASTA ... Expected > at record start.' (explicit stop, rc 1). (Reproduced on a build of commit 0d533ba76. An uncommitted working-tree edit, not part of the commit, now rejects non-IUPAC residues and records without residues for TBLASTX.)
A	27	src/app/blast/blast_app_util.hpp	185-215	CATCH_ALL: CSeqDBException / CDbIndex_Exception / CIndexedDbException / CWriteDBException	-	n/a	n/a	n/a	-	-	No BLAST database is opened with -subject.
A	28	src/app/blast/blast_app_util.hpp	216-229	CATCH_ALL: CBlastException	eInvalidOptions / out-of-memory text / other	missing	ported	ported	cli.rs:397(NativeError exit 3);run_impl.rs:740(check_subjects_not_empty);run_impl.rs:1308(run_in_pool: batch size 0)	empty.subject_fmt0;empty.subject_fmt6;env.batch0_fmt0;env.batch0_fmt7; oracle cmp.sh emptysub, b0_0, b0_7	'BLAST engine error: Empty CBlastQueryVector' rc 3 (after the prolog for BATCH_SIZE=0) is identical. The other default-branch case, 'BLAST engine error: Warning: Sequence contains no data ' for a batch of records without data (hdronly.fa), is deferred (row 69).
A	29	src/app/blast/blast_app_util.hpp	230-241	CATCH_ALL: CBlastSystemException	eOutOfMemory / eNetworkError / other	n/a	n/a	n/a	-	-	Allocation failure is an approved exception (LOSAT aborts); network is remote-only.
A	30	src/app/blast/blast_app_util.hpp	242-247	CATCH_ALL: CIOException	eFlush / other code	n/a	n/a	n/a	-	-	No local input of the in-scope path raises a CIOException (UNSURE in the inventory; I found no trigger either).
A	31	src/app/blast/blast_app_util.hpp	248-251	CATCH_ALL: CException (generic)	-	n/a	n/a	n/a	-	-	Needs an environment variable or an internal failure.
A	32	src/app/blast/blast_app_util.hpp	252-255	CATCH_ALL: std::ios::failure	outfmt 0 write failure	missing	ported	ported	algorithm/tblastx/blast_engine/run_impl.rs:713(run: stream.failed && pairwise -> NativeError exit 6);cli.rs:433(ReportStream)	write.devfull_fmt0;write.devfull_unsearched_fmt0; oracle cmp.sh full_0, fullN_0, full_mixed0, fullE_0, stdout>/dev/full	outfmt 0: 'BLAST failed to write output' and rc 6, nothing else on stderr and nothing on stdout, also with an all-N query (warning not printed, as NCBI) and an empty query (rc 0, 'Query is Empty!'). Closed pipe: LOSAT rc 6 (approved exception), NCBI killed by SIGPIPE.
A	33	src/app/blast/blast_app_util.hpp	252-255	CATCH_ALL: write failure in outfmt 6/7	abort instead of handler	missing	exception	exception	algorithm/tblastx/blast_engine/run_impl.rs:699-713(run: outfmt 6/7 write error returns the io error)	oracle cmp.sh full_6, full_7, fullN_7 (NCBI rc 134 abort; LOSAT rc 1 'Error: No space left on device (os error 28)')	Approved exception: an outfmt 6/7 write failure exits non-zero. For fullN_7 the invalid-query warning is printed first by both.
A	34	src/app/blast/blast_app_util.hpp	256-259	CATCH_ALL: std::bad_alloc	-	n/a	n/a	n/a	-	-	Allocation failure is an approved exception (LOSAT aborts).
A	35	src/app/blast/blast_app_util.hpp	260-263	CATCH_ALL: std::exception	e.g. out-of-range -outfmt	needs-param	deferred	deferred	value_parsers.rs:678(tblastx_outfmt)	oracle cmp.sh of_22, of_-1 (NCBI 'Error: Formatting choice is out of range' rc 255; LOSAT clap 'unsupported TBLASTX outfmt' rc 2)	-outfmt text (deferred). LOSAT stops with a message.
A	36	src/app/blast/blast_app_util.hpp	264-267	CATCH_ALL: catch (...)	-	n/a	n/a	n/a	-	-	No in-scope trigger.
A	37	src/app/blast/blast_app_util.cpp	163-231	InitializeSubject (local, -subject)	scope + subject adapter	divergent	ported	ported	algorithm/tblastx/blast_engine/run_impl.rs:660(run: subject read before the query);algorithm/tblastx/blast_engine/run_impl.rs:964(tblastx_database_name);algorithm/tblastx/blast_engine/run_impl.rs:994(write_pairwise_prologs)	empty.subject_fmt0;tblastx.multi.0	Subject sequences are read and counted first; the report is the db-scan form (Database lines, description table, no 'Subject=' line).
A	38	src/app/blast/blast_app_util.cpp	234-242	InitializeSubject (database branch)	search_db set	n/a	n/a	n/a	-	-	-db is out of scope.
A	39	src/app/blast/blast_app_util.cpp	845-875	IsIStreamEmpty	seekable stream	reusable	reused	reused	algorithm/blastn/input.rs:39(is_blank);algorithm/tblastx/blast_engine/run_impl.rs:789(search_cli)	empty.query_fmt0;empty.blank_query_fmt6; oracle cmp.sh empty_*, ws_*	Empty or white-space-only file (space, tab, LF, VT, FF, CR) is an empty query; a leading blank line before a record is not empty in NCBI (see row 26 for what LOSAT does with such a file).
A	40	src/app/blast/blast_app_util.cpp	845-875	IsIStreamEmpty	non-seekable stream (pipe)	rejected	rejected	rejected	blastinput/value_parsers.rs:535(file_path)	oracle: LOSAT tblastx -query - -subject s1.fa -outfmt 7 -> \"error: invalid value '-' for '-query <PATH>': a file path is required; stdin is not implemented\" rc 2; NCBI cat empty.fa | tblastx -query - ... prints '# BLAST processed 0 queries'	LOSAT rejects '-query -' and '-subject -' (clap error) before any read.
A	41	src/app/blast/blast_app_util.cpp	902-911	GetSubjectFile	-subject given	missing	GAP	rejected: query and subject read as BLASTN reads them (blastn/input.rs check_deflines_of, check_residues_of, check_records_have_residues_of, check_utf8_file_name), 06953c68d (a file name that is not UTF-8)	algorithm/tblastx/blast_engine/run_impl.rs:964(tblastx_database_name: args.subject.display())	oracle: cmp.sh sp_nonutf (subject file named 'caf<E9>.fa', Latin-1 byte), sp_utf, sp_abs_*, sp_rel_*, sp_long_* (identical)	The '-subject' text is reproduced for UTF-8 names (relative, absolute, spaces, wrapped 80+ bytes). A file name that is not valid UTF-8 is neither reproduced nor rejected: tblastx -query q1.fa -subject \"$(printf 'caf\\xe9.fa')\" -outfmt 7: NCBI '# Database: User specified sequence set (Input: caf\\xe9.fa)' (raw byte E9), LOSAT writes U+FFFD (EF BF BD) in its place (stdout 3421 vs 3423 B). Very low impact.
A	42	src/app/blast/blast_app_util.cpp	727-788	BlastFormatter_PreFetchSequenceData / s_PreFetchSeqs / s_IsPrefetchFormat	outfmt 0/6/7	n/a	n/a	n/a	-	-	Prefetch is not observable for in-memory subjects (PRE_FETCH_SEQS_LIMIT is an environment variable).
A	43	src/app/blast/blast_app_util.cpp	887-900	UseXInclude	outfmt 0/6/7	n/a	n/a	n/a	-	-	False for outfmt 0/6/7.
A	44	src/app/blast/blast_app_util.cpp	931-944	QueryBatchCleanup / LogQueryInfo / GetCmdlineArgs	-	n/a	n/a	n/a	-	-	Memory trimming and usage parameters.
A	45	src/app/blast/blast_app_util.cpp	65-81	CBatchSizeMixer::GetBatchSize	not used by tblastx	n/a	n/a	n/a	-	-	CBatchSizeMixer is not used by tblastx; LOSAT's TBLASTX does not use BatchSizeMixer (run_impl.rs:1233).
A	46	src/algo/blast/blastinput/tblastx_args.cpp	128-133	CTblastxAppArgs::GetQueryBatchSize	local search	reusable	reused	reused	blastinput/query_batch.rs:120(get_query_batch_size);run_impl.rs:1233(tblastx_query_batch_size)	tblastx.batch.0;env.batch700;env.batch22000_fmt0	Default 10002 for tblastx.
A	47	src/algo/blast/blastinput/blast_input_aux.cpp	86-91	GetQueryBatchSize (BATCH_SIZE override)	BATCH_SIZE set	n/a	reused	reused	blastinput/query_batch.rs:98(ncbi_string_to_int);blastinput/query_batch.rs:120(get_query_batch_size);run_impl.rs:1233(tblastx_query_batch_size)	env.batch700;env.batch_negative;env.batch0_fmt0;env.batch_text_empty_query; oracle cmp.sh b1_mixed7, bneg, b0_0, babc	The inventory marked this n/a (environment is out of scope), but the final code honours BATCH_SIZE as BLASTN does (a negative value is a huge TSeqPos, 0 gives rc 3 after the prolog). A BATCH_SIZE that is not an integer is an explicit rejection (message 'the BATCH_SIZE value ... is not an integer; NCBI stops with a CStringException ...', rc 1; NCBI rc 255).
A	48	src/algo/blast/blastinput/blast_input_aux.cpp	130-134	GetQueryBatchSize (tblastx size)	eTblastx	reusable	reused	reused	blastinput/query_batch.rs:54(next_query_batch_end);run_impl.rs:1233(tblastx_query_batch_size: 10002)	tblastx.batch.0;tblastx.batch.7; oracle cmp.sh bd_10001/10002/10003_6, bseq1_*, bseq2_*	Batches of 10002 nucleotides.
A	49	src/algo/blast/blastinput/blast_input.cpp	138-171	CBlastInput::GetNextSeqBatch	grouping loop	reusable	reused	reused	blastinput/query_batch.rs:54(next_query_batch_end);run_impl.rs:1330(run_in_pool)	tblastx.batch.0;tblastx.batch.7; oracle cmp.sh bd_*, bseq3_*	The query that reaches or crosses the limit stays in the batch.
A	50	src/algo/blast/blastinput/blast_input.cpp	145-156	CBlastInput::GetNextSeqBatch	reader exceptions	n/a	n/a	n/a	-	-	No local-FASTA input reaches the second branch.
A	51	src/algo/blast/blastinput/blast_fasta_input.cpp	370-374	CBlastFastaInputSource::End	trailing blanks	reusable	reused	reused	blastinput/query_batch.rs:54(next_query_batch_end)	oracle cmp.sh trail0, trail7 (query + blank lines == query)	Blank lines after the last record make no extra batch.
A	52	src/algo/blast/blastinput/blast_args.cpp	3453-3480	CStdCmdLineArgs::ExtractAlgorithmOptions	-query / -out opened	divergent	GAP	ported: the query is opened, -out created, then the query read (run_impl.rs run, search_cli), 06953c68d	algorithm/tblastx/blast_engine/run_impl.rs:660-699(run: subject, query, then -out created, then search_cli)	oracle: -query empty.fa -out outA.txt (both create a 0-byte file); -query q1.fa -subject empty.fa -out outD.txt (neither creates it); cmp.sh noout	LOSAT creates -out (truncating it) after it has read the subject and the whole query file and before the query is parsed or found empty; NCBI opens the query stream, truncates -out, and reads the query later. Query-file-missing and -out-unwritable keep NCBI's order (query first). For '>hdr only' NCBI truncates an existing -out file to 0 and exits 3; LOSAT writes a report (deferred, row 69). GAP (very low impact): -out the same file as -query. NCBI opens the query stream, then creates/truncates -out, then reads the (now empty) query: 'Warning: [tblastx] Query is Empty!', rc 0, file size 0 (cp q1.fa qcopy.fa; tblastx -query qcopy.fa -subject s1.fa -out qcopy.fa -outfmt 7). LOSAT reads the whole query before it creates -out, so it searches and writes a 3419-byte report into the file, rc 0, no warning. (With -out the same file as -subject both programs read the subject first: identical.)
A	53	src/algo/blast/blastinput/blast_args.cpp	2828-2835	CFormattingArgs::ParseFormattingString	integer parse of the format token	needs-param	deferred	deferred	value_parsers.rs:678(tblastx_outfmt: trim, accepts 0, 6, 7);algorithm/tblastx/report.rs:641(output_format)	oracle cmp.sh of__7, of_7_ (' 7' and '7 ' identical); of_abc, of_6x, of_6.0, of_ (NCBI rc 1 text; LOSAT clap rc 2); of_+6, of_06 (LOSAT rejects)	' 7' and '7 ' are accepted and identical; '+6' and '06' are explicit rejections (listed decisions); non-integers ('abc', '6x', '6.0', '') stop in both programs, but with different text and exit code (deferred: -outfmt text).
A	54	src/algo/blast/blastinput/blast_args.cpp	2836-2843	CFormattingArgs::ParseFormattingString	range check	needs-param	deferred	deferred	value_parsers.rs:678(tblastx_outfmt)	oracle cmp.sh of_22, of_-1	Out-of-range numbers: NCBI 'Error: Formatting choice is out of range' rc 255, LOSAT clap rc 2 (deferred: -outfmt text).
A	55	src/algo/blast/blastinput/blast_args.cpp	2845-2851	CFormattingArgs::ParseFormattingString	custom spec / delim	rejected	rejected	rejected	value_parsers.rs:678(tblastx_outfmt: 'unsupported TBLASTX outfmt: only 0, 6 and 7 without custom fields are implemented')	oracle cmp.sh of_7_std, of_0_std (LOSAT rc 2; NCBI output equals plain 7 / 0)	Custom field list or delim after the number is rejected for every format, also '0 std' which NCBI ignores.
A	56	src/algo/blast/blastinput/blast_args.cpp	2875-2886	CFormattingArgs::ExtractAlgorithmOptions	formats reserved for other programs	rejected	rejected	rejected	value_parsers.rs:678(tblastx_outfmt)	oracle cmp.sh of_17, of_19, of_21 (LOSAT rc 2 'unsupported TBLASTX outfmt ...')	Formats other than 0, 6, 7 are explicit rejections (NCBI would stop with 'SAM format is only applicable to blastn' etc., rc 1).
A	57	src/algo/blast/blastinput/blast_args.cpp	2894-2928	CFormattingArgs::ExtractAlgorithmOptions	outfmt 0, -max_target_seqs omitted vs given	needs-param	ported	ported	algorithm/tblastx/args.rs:75(max_target_seqs: Option<usize>);algorithm/tblastx/blast_engine/run_impl.rs:1154(write_tblastx_outputs: (500,250) when omitted, (N,N) when given);algorithm/tblastx/blast_engine/run_impl.rs:1058	tblastx.many.0;tblastx.many.7;tblastx.many_mts255.0;hitlist.max250; oracle cmp.sh s300_0/6/7, s300m280_0/6/7	300 identical subjects: default 300 description rows but 250 alignments; -max_target_seqs 280: 280 and 280; byte-identical to NCBI for outfmt 0, 6, 7.
A	58	src/algo/blast/blastinput/blast_args.cpp	2947-2973	CFormattingArgs::ExtractAlgorithmOptions	outfmt 6 / 7	divergent	ported	ported	algorithm/tblastx/report.rs:765(final_hit_order: hit list of the given size);algorithm/tblastx/blast_engine/run_impl.rs:1058(write_tblastx_outputs)	hitlist.max1;hitlist.max2_fmt7;hitlist.max5;hitlist.max250;tblastx.mts1.7; oracle cmp.sh m1_6, m1_7, m2_6, s300m1_6, s300m4_7	-max_target_seqs 1 on q1 vs s2: 37 rows (best subject only) in NCBI and LOSAT; '# 37 hits found' in outfmt 7.
A	59	src/algo/blast/blastinput/blast_args.cpp	2975-2978	CFormattingArgs::ExtractAlgorithmOptions	hit list size below 5	reusable	reused	reused	report/query_warnings.rs:122(few_matches_warning);run_impl.rs:759(process_options)	tblastx.mts1.0 (.err);warnings.mts2_fmt0.merged;warnings.mts4_fmt7.merged; oracle cmp.sh emptymts_*, m1_*, s300m4_*	Printed once, before 'Query is Empty!' and before the prolog, for -max_target_seqs 1..4 in every format; not for 5 (s300m5_* no stderr).
A	60	src/algo/blast/blastinput/blast_args.cpp	2980-2989	CFormattingArgs::ExtractAlgorithmOptions	-sorthsps / -sorthits	n/a	n/a	n/a	-	-	-sorthsps/-sorthits are out of scope.
A	61	src/algo/blast/api/local_blast.cpp	166-177	CLocalBlast::Run	batch has a valid context	divergent	ported	ported	algorithm/tblastx/blast_engine/run_impl.rs:1914(search_query_batch: batch without a valid context returns searched=false);algorithm/tblastx/blast_engine/run_impl.rs:2092-2108(query_stats: first valid context)	tblastx.invalid.0;tblastx.invalid.7;env.batch300_invalid_fmt0.merged; oracle cmp.sh mixed_0/6/7, mix... short2_*, deg_* (12 degenerate queries x outfmt 0/7)	An invalid query inside a searched batch is silent: outfmt 0 'No hits found' + footer without Karlin blocks and search space 0, outfmt 7 '# 0 hits found', outfmt 6 nothing; identical to NCBI in mixed.fa, mixed_short.fa. With no valid query in the whole input LOSAT no longer fails (two_allN, allN, short2 identical to NCBI).
A	62	src/algo/blast/api/prelim_stage.cpp	321-327	CBlastPrelimSearch::CheckInternalData / BlastScoreBlkCheck	batch validity test	needs-param	ported	ported	algorithm/tblastx/blast_engine/run_impl.rs:1914(search_query_batch: !contexts_ref.iter().any(|ctx| ctx.is_valid))	tblastx.unsearched.0;tblastx.unsearched.7;env.batch300_invalid_fmt0.merged; oracle cmp.sh bseq2_0/6/7 (batches [N10003][valid,N10003][N300]: Query_1 and Query_4 warn, Query_3 does not)	The unit is the query batch of 10002 nt; same all-N query is not searched when alone in its batch and searched with 0 hits next to a valid query.
A	63	src/algo/blast/api/local_blast.cpp	177-225	CLocalBlast::Run	batch not searched	needs-param	ported	ported	report/pairwise.rs:2717(write_tblastx_pairwise_report: unsearched -> write_tblastn_unsearched_query_footer_spacing at 2763);algorithm/tblastx/report.rs:507(write_outfmt7_query_header num_hits None);algorithm/tblastx/blast_engine/run_impl.rs:1083(unsearched flags)	tblastx.unsearched.0;tblastx.unsearched.7;warnings.unsearched_fmt0.merged;warnings.unsearched_fmt7.merged; oracle cmp.sh allN_0/7, short2_0/7, two_allN_0/6/7	'No hits found' + the -1.00 Lambda/K/H blocks with the 'Gapped' heading + 'Effective search space used: 0'; outfmt 7: three comment lines, no '# N hits found', but '# BLAST processed N queries' counts the query; outfmt 6 nothing.
A	64	src/algo/blast/core/blast_stat.c	2778-2792	Blast_ScoreBlkKbpUngappedCalc	translated program, context fails	missing	ported	ported	algorithm/tblastx/lookup/backbone.rs:384(compute_karlin_params_ungapped -> is_valid);algorithm/tblastx/blast_engine/run_impl.rs:2105	tblastx.invalid.0;tblastx.invalid.7; oracle cmp.sh mixed_0/7 (stderr empty), deg_taa_q, deg_tga_q	A failing context is invalidated silently; no per-context warning for tblastx (the batch-wide warning is row 65).
A	65	src/algo/blast/core/blast_stat.c	2815-2823	Blast_ScoreBlkKbpUngappedCalc	no valid context in the batch	reusable	reused	reused	report/query_warnings.rs:98(invalid_query_warning);run_impl.rs:1103-1109(write_tblastx_outputs: warnings for unsearched queries)	tblastx.unsearched.0 (.err);warnings.unsearched_fmt7.merged; oracle cmp.sh two_allN_0/6/7 (3 warnings), allN_0	One warning line per query of a batch without a valid context, text ending 'filtering options ' + newline, program name 'tblastx'.
A	66	src/algo/blast/api/blast_aux_priv.cpp	66-109	Blast_Message2TSearchMessages	no-context message	n/a	n/a	n/a	-	-	Mechanism of row 65; no separate output.
A	67	src/algo/blast/api/blast_setup_cxx.cpp	532-544	SetupQueries_OMF	query label for messages	reusable	reused	reused	report/query_warnings.rs:98(invalid_query_warning: 'Query_<n> <defline>', >35 bytes cut to 25 + '.. ')	oracle cmp.sh t_allN_title27_7 (35 bytes whole), t_allN_title28_7 ('abcdefghijklmnopq.. :'), t_allN_longtitle_7, t_allN_midtitle_7	Label rule identical. A title whose first white space is a tab/VT/FF would differ: row 126.
A	68	src/algo/blast/api/blast_results.cpp	276-293	CSearchResults::GetWarningStrings	-	reusable	reused	reused	report/query_warnings.rs:98(invalid_query_warning)	oracle cmp.sh allN_0 stderr identical (210 B)	'<label>: <message> ' per query, trailing space, one line.
A	69	src/algo/blast/api/blast_setup_cxx.cpp	632-657	SetupQueries_OMF	query without data	needs-param	deferred	rejected: a record without residues (blastn/input.rs check_records_have_residues_of), 06953c68d	algorithm/tblastx/blast_engine/run_impl.rs:1914(search_query_batch treats a record without data as an invalid query)	oracle cmp.sh hdronly_0/6/7 ('>hdr only'): NCBI rc 3, stderr 'BLAST engine error: Warning: Sequence contains no data ', stdout 379 B prolog (outfmt 0) / empty; LOSAT rc 0 with the 'Could not calculate ungapped Karlin-Altschul parameters' warning and a report; mixempty_0/6/7 (valid, '>emptyseq', all-N): NCBI warns 'Query_2 emptyseq: Sequence contains no data ', LOSAT no warning	Deferred item 'records without data'. LOSAT does not stop; it treats the record as an invalid query. Also hdr2.fa ('>a' directly followed by '>b'): NCBI stderr 'Warning: [tblastx] Query_1 a: Sequence contains no data ', LOSAT none. (Reproduced on a build of commit 0d533ba76; header-only subject: LOSAT 'Error: invalid subject length' rc 1 vs NCBI rc 3. An uncommitted working-tree edit now rejects records without residues.)
A	70	src/algo/blast/api/local_blast.cpp	229-256	CLocalBlast::Run (search)	exceptions	n/a	n/a	n/a	-	-	No in-scope input raises these errors.
A	71	src/algo/blast/api/blast_results.cpp	72-115	CBlastAncillaryData (from score block)	first valid context	needs-param	ported	ported	algorithm/tblastx/blast_engine/run_impl.rs:2092-2108(search_query_batch: TblastxQueryStats karlin/eff_searchsp of the first valid context);report/pairwise.rs:2324(TblastxPairwiseQuery);report/pairwise.rs:2612(write_tblastx_query_footer)	tblastx.multi.0;tblastx.multi.7;tblastx.ambig.0; oracle cmp.sh deg_taa_q_0, deg_tga_q_0 (first frames invalid, later valid), r_def0	Footer shows Lambda/K/H and search space of the first valid frame (+1,+2,+3,-1,-2,-3); identical for 12 degenerate queries.
A	72	src/algo/blast/format/blast_format.cpp	90-122	CBlastFormat::CBlastFormat (stream and flags)	-	missing	ported	ported	cli.rs:433(ReportStream: records a failed write);algorithm/tblastx/blast_engine/run_impl.rs:685-713(run)	write.devfull_fmt0;write.devfull_unsearched_fmt0; oracle cmp.sh full_0	Stream failure detection for outfmt 0 (exit 6); db-scan report form (database blocks and description table kept, no Subject= lines).
A	73	src/algo/blast/format/blast_format.cpp	123-139	CBlastFormat::CBlastFormat (database info for -subject)	m_IsDbScan	needs-param	ported	ported	algorithm/tblastx/blast_engine/run_impl.rs:994(write_pairwise_prologs: subject_records.len(), nucleotide letter sum);algorithm/tblastx/blast_engine/run_impl.rs:1161-1162(write_tblastx_outputs: database_num_sequences, database_total_letters);algorithm/tblastx/blast_engine/run_impl.rs:964(tblastx_database_name)	tblastx.multi.0;tblastx.multi.7; oracle cmp.sh sub_withempty0/7 ('3 sequences; 6,000 total letters' identical), sp_*	Number of sequences counts every record, letters are nucleotide totals. Stderr 'Warning: [tblastx] Subject_2 emptysubj: Subject sequence contains no data' (NCBI) is not printed by LOSAT: deferred item 'records without data'.
A	74	src/algo/blast/format/blast_format.cpp	165-167	CBlastFormat::CBlastFormat (linked set size)	tblastx	reusable	ported	ported	report/pairwise.rs:2801(write_tblastx_pairwise_report -> write_blastn_description_table with show_sum_n=true);report/pairwise.rs:1783(write_blastn_description_table show_sum_n)	tblastx.multi.0;tblastx.lc.0	The N column (linked-set size of the subject's best HSP) in the table; shared writer got the new show_sum_n parameter.
A	75	src/algo/blast/format/blast_format.cpp	168-183	CBlastFormat::CBlastFormat (rmblastn switch, matrix)	tblastx	n/a	n/a	n/a	-	-	Nothing tblastx-specific.
A	76	src/algo/blast/format/blast_format.cpp	201-205	CBlastFormat::CBlastFormat (LONG_SEQID)	registry	n/a	n/a	n/a	-	-	LONG_SEQID comes from .ncbirc only (unset).
A	77	src/algo/blast/format/blast_format.cpp	318-324	CBlastFormat::~CBlastFormat	end of run / unwinding	missing	ported	ported	algorithm/tblastx/blast_engine/run_impl.rs:702(run: flush of the stream after an error);algorithm/tblastx/blast_engine/run_impl.rs:713	env.batch0_fmt0 (prolog stays on stdout, rc 3); oracle cmp.sh b0_0	What was written before an error stays in the output (379 B prolog, rc 3).
A	78	src/algo/blast/format/blast_format.cpp	361-369	CBlastFormat::PrintProlog	outfmt 6 / 7	n/a	n/a	n/a	-	-	No prolog bytes for outfmt 6/7.
A	79	src/algo/blast/format/blast_format.cpp	386-395	CBlastFormat::PrintProlog	outfmt 0, version line	reusable	reused	reused	report/pairwise.rs:3649(write_translated_pairwise_intro 'TBLASTX');report/pairwise.rs:2368(write_tblastx_pairwise_prolog)	tblastx.multi.0;env.batch0_fmt0 (379 B)	Version line and first flushed newlines.
A	80	src/algo/blast/format/blast_format.cpp	402-426	CBlastFormat::PrintProlog	outfmt 0, references	reusable	reused	reused	report/pairwise.rs:3649(write_translated_pairwise_intro)	tblastx.multi.0	Gapped BLAST reference lines.
A	81	src/algo/blast/format/blast_format.cpp	436-441	CBlastFormat::PrintProlog	outfmt 0, database block	reusable	reused	reused	report/pairwise.rs:1205(write_blastp_database_header_spacing);report/pairwise.rs:2368(write_tblastx_pairwise_prolog)	tblastx.multi.0; oracle cmp.sh sp_long_0 (wrapped path)	Database block; path text wrapped as NCBI (non-UTF-8 names: row 41).
A	82	src/algo/blast/format/blast_format.cpp	444-462	CBlastFormat::x_PrintOneQueryFooter	searched query, ungapped block	reusable	ported	ported	report/pairwise.rs:2612(write_tblastx_query_footer: Lambda/K/H of the first valid context)	tblastx.multi.0;tblastx.lc.0; oracle cmp.sh r_def0	Footer of a searched query: '%#8.3g ' fields, no Gapped block.
A	83	src/algo/blast/format/blast_format.cpp	464-478	CBlastFormat::x_PrintOneQueryFooter	gapped block and search space	reusable	ported	ported	report/pairwise.rs:2612(write_tblastx_query_footer);report/pairwise.rs:2763(write_tblastn_unsearched_query_footer_spacing for not-searched queries)	tblastx.invalid.0;tblastx.unsearched.0; oracle cmp.sh mixed_0, allN_0, deg_*	Three shapes reproduced: valid; searched-but-invalid (no blocks, space 0); not searched (-1.00 blocks with Gapped).
A	84	src/algo/blast/format/blast_format.cpp	497-527	CBlastFormat::x_ConfigCShowBlastDefline	tblastx outfmt 0	reusable	ported	ported	report/pairwise.rs:1783(write_blastn_description_table show_sum_n);report/pairwise.rs:2801	tblastx.multi.0;tblastx.lc.0	Description table flags: N column only.
A	85	src/algo/blast/format/blast_format.cpp	604-613	CBlastFormat::x_DisplayDeflines	not PSI-BLAST iteration	reusable	ported	ported	report/pairwise.rs:2800-2808(write_tblastx_pairwise_report: described = first num_descriptions subjects, blank line after)	tblastx.mts1.0;tblastx.mts3.0;tblastx.many.0; oracle cmp.sh s300m4_0, s300m5_0	At most num_descriptions rows; 500 by default, N with -max_target_seqs N.
A	86	src/algo/blast/format/blast_format.cpp	616-658	s_SetFlags	tblastx, outfmt 0	needs-param	ported	ported	report/pairwise.rs:2514(write_tblastx_alignment);report/pairwise.rs:2422(write_tblastx_hsp_info)	tblastx.lc.0;tblastx.multi.0;tblastx.ambig.0; oracle cmp.sh r_*_0 (14 option combinations)	Frame line, 3x coordinates, character middle line, '> title / Length=' for every subject.
A	87	src/algo/blast/format/blast_format.cpp	1430	CBlastFormat::PrintOneResultSet	query counter	missing	ported	ported	algorithm/tblastx/report.rs:544(write_tabular: '# BLAST processed N queries' with N = number of queries)	tblastx.multi.7;tblastx.unsearched.7;tblastx.invalid.7; oracle cmp.sh mixed_7, two_allN_7, bseq2_7 (4), empty_7 (no line)	Counts every query that reaches the formatter, searched or not; none after 'Query is Empty!'.
A	88	src/algo/blast/format/blast_format.cpp	1446-1449	CBlastFormat::PrintOneResultSet	results.HasErrors()	n/a	n/a	n/a	-	-	UNSURE (as in the inventory): no per-query error-severity message is producible for tblastx with in-scope options (filtering errors need an internal failure; SEG parameters tried: seg_*). Kept n/a.
A	89	src/algo/blast/format/blast_format.cpp	1450-1452	CBlastFormat::PrintOneResultSet	query warnings	reusable	reused	reused	report/query_warnings.rs:38(QueryWarnings::before_query: flush the report, then write the warning)	warnings.unsearched_fmt0.merged;warnings.unsearched_fmt7.merged;warnings.unsearched_fmt6.merged;env.batch300_invalid_fmt0.merged; oracle merged runs mg_* (17 combinations identical)	The warning follows the previous query's report and precedes this query's preamble in the merged stream, for outfmt 0, 6, 7.
A	90	src/algo/blast/format/blast_format.cpp	1454-1460	CBlastFormat::PrintOneResultSet	tabular dispatch	divergent	ported	ported	algorithm/tblastx/report.rs:544(write_tabular);algorithm/tblastx/report.rs:641(output_format);algorithm/tblastx/blast_engine/run_impl.rs:1187(write_tblastx_outputs: write_tabular call)	tblastx.multi.7;tblastx.lc.7	Per-query tabular blocks; outfmt 6 and 7 share the row writer.
A	91	src/algo/blast/format/blast_format.cpp	762-768	CBlastFormat::x_PrintTabularReport	ungapped search	faithful	faithful	faithful	algorithm/tblastx/report.rs:544(write_tabular: one row per HSP)	tblastx.lc.7;tblastx.multi.7; oracle cmp.sh r_def6, r_def7	One row per HSP; '# N hits found' = rows of that query.
A	92	src/algo/blast/format/blast_format.cpp	777-793	CBlastFormat::x_PrintTabularReport	tabular info setup	faithful	faithful	faithful	algorithm/tblastx/report.rs:544(write_tabular);report/outfmt6.rs:520(write_hit_fields)	tblastx.lc.7; oracle cmp.sh t6, r_def6	Default 12 fields, tab delimiter. Empty query/subject deflines in outfmt 6: row 6 GAP.
A	93	src/objtools/align_format/tabular.cpp	160-163	CBlastTabularInfo::~CBlastTabularInfo	end of each query's tabular block	missing	ported	ported	algorithm/tblastx/blast_engine/run_impl.rs:1202(write_tblastx_outputs: writer.flush() per format);report/query_warnings.rs:38(before_query flush)	warnings.unsearched_fmt7.merged;warnings.unsearched_fmt6.merged; oracle merged runs mg_*_7, mg_*_6	The per-query flush of ~CBlastTabularInfo is observable only through the cerr tie (flush before each warning), which before_query reproduces; a failed flush aborts NCBI (row 33, exception).
A	94	src/algo/blast/format/blast_format.cpp	794-809	CBlastFormat::x_PrintTabularReport	outfmt 7 header	needs-param	ported	ported	algorithm/tblastx/report.rs:507(write_outfmt7_query_header: '# TBLASTX 2.17.0+', '# Query: <defline>', '# Database: ...')	tblastx.multi.7;tblastx.lc.7;tblastx.batch.7	Per-query header with the -subject text. A first white space other than a space in the query defline: row 126.
A	95	src/objtools/align_format/tabular.cpp	1266-1284	CBlastTabularInfo::PrintHeader	align_set null / empty / non-empty	needs-param	ported	ported	algorithm/tblastx/report.rs:507(write_outfmt7_query_header: num_hits Option; '# Fields:' only with hits)	tblastx.nohit.7;tblastx.invalid.7;tblastx.unsearched.7; oracle cmp.sh nohit_7, allN_7, mixed_7	Three shapes: hits (Fields + count), searched without hits ('# 0 hits found' only), not searched (neither line).
A	96	src/objtools/align_format/tabular.cpp	1286-1320	CBlastTabularInfo::x_PrintQueryAndDbNames	dbname non-empty	needs-param	ported	ported	algorithm/tblastx/report.rs:507(write_outfmt7_query_header);algorithm/tblastx/report.rs:485(fasta_defline)	tblastx.multi.7;tblastx.lc.7; oracle cmp.sh ti_trail_space_7, ti_long100_7, ti_pipe_id_7, ti_lcl_7	'# Query: ' + full defline. GAP for a defline whose first white space is a tab/VT/FF/non-ASCII: see row 126.
A	97	src/algo/blast/format/blast_format.cpp	811-833	CBlastFormat::x_PrintTabularReport	rows	divergent	ported	ported	algorithm/tblastx/report.rs:765(final_hit_order);algorithm/tblastx/report.rs:208(set_displayed_identities);algorithm/tblastx/blast_engine/run_impl.rs:1058	hitlist.max1;hitlist.max2_fmt7;tblastx.code4.7;tblastx.code4q.7;tblastx.ambig.7; oracle cmp.sh m1_6, qg2_6, qg4_6	Hit-list pruning by subjects and identity/mismatch recomputed from the displayed letters with the query and database genetic codes. The -db_gencode difference (LOSAT applies the code to the search too: dbg2_6 and dbg4_6 differ from NCBI) is the approved exception.
A	98	src/algo/blast/format/blast_format.cpp	1461-1467	CBlastFormat::PrintOneResultSet	eTaxFormat	n/a	n/a	n/a	-	-	Format 18 only.
A	99	src/algo/blast/format/blast_format.cpp	1478-1495	CBlastFormat::PrintOneResultSet	query preamble	reusable	reused	reused	report/pairwise.rs:1249(write_blastp_query_header);report/pairwise.rs:2758(write_tblastx_pairwise_report)	tblastx.multi.0;tblastx.lc.0; oracle cmp.sh ti_*_0	'Query= ' + wrapped defline + 'Length=<nt>'. GAP for a defline whose first white space is not a space: row 126.
A	100	src/algo/blast/format/blast_format.cpp	1497-1506	CBlastFormat::PrintOneResultSet	bl2seq 'Subject=' block	n/a	n/a	n/a	-	-	Taken only with BL2SEQ_LEGACY.
A	101	src/algo/blast/format/blast_format.cpp	1508-1515	CBlastFormat::PrintOneResultSet	no alignments	reusable	reused	reused	report/pairwise.rs:1270(write_no_hits_found);report/pairwise.rs:2761-2765(write_tblastx_pairwise_report)	tblastx.nohit.0;tblastx.multi.0 (AvCLPV query without hits); oracle cmp.sh nohit_0	'No hits found' block, then the footer of the query's shape (row 83).
A	102	src/algo/blast/format/blast_format.cpp	1517-1521	CBlastFormat::PrintOneResultSet	ungapped Seq-align split	faithful	faithful	faithful	report/pairwise.rs:2739-2757(write_tblastx_pairwise_report groups the per-HSP hits of a query by subject in hit-list order)	tblastx.multi.0;tblastx.lc.0	LOSAT's TBLASTX hits are one record per HSP, as the split Seq-align set; the description table and the alignments use that order.
A	103	src/algo/blast/format/blast_format.cpp	1523-1532	CBlastFormat::PrintOneResultSet	re-sorting and global alignments	n/a	n/a	n/a	-	-	No re-sorting (-sorthits/-sorthsps out of scope); BLAST alignments are not global.
A	104	src/algo/blast/format/blast_format.cpp	1539-1541	CBlastFormat::PrintOneResultSet	description table	reusable	ported	ported	report/pairwise.rs:2800-2809(write_tblastx_pairwise_report);report/pairwise.rs:1783(write_blastn_description_table show_sum_n=true)	tblastx.multi.0;tblastx.lc.0;tblastx.many.0; oracle cmp.sh r_def0, s300_0	Table with the N column and up to num_descriptions subjects, then a blank line.
A	105	src/algo/blast/format/blast_format.cpp	1545-1551	CBlastFormat::PrintOneResultSet	blank line, masks, alignment pruning	needs-param	ported	ported	report/pairwise.rs:2809(writeln after the table);report/pairwise.rs:2813(aligned = first num_alignments subjects);algorithm/tblastx/report.rs:283(query_dna_masks)	tblastx.many.0;tblastx.many_mts255.0;tblastx.lc.0; oracle cmp.sh s300_0, s300m280_0	250 alignments by default, N with -max_target_seqs N; SEG masks collected per frame.
A	106	src/algo/blast/format/blast_format.cpp	1553-1561	CBlastFormat::PrintOneResultSet	display object	needs-param	ported	ported	report/pairwise.rs:2514(write_tblastx_alignment: line length 60, BLOSUM62 positives)	tblastx.lc.0;tblastx.ambig.0;tblastx.code4q.0; oracle cmp.sh r_*_0	60-column alignment blocks, positives with BLOSUM62.
A	107	src/algo/blast/format/blast_format.cpp	1570-1577	CBlastFormat::PrintOneResultSet	middle line style and alignment type	reusable	ported	ported	report/pairwise.rs:2514(write_tblastx_alignment: character middle line, protein type)	tblastx.lc.0;tblastx.ambig.0; oracle cmp.sh r_def0	Identical residue repeated, '+' for positive, space otherwise.
A	108	src/algo/blast/format/blast_format.cpp	1579-1581	CBlastFormat::PrintOneResultSet	genetic codes, lowercase masks	missing	ported	ported	algorithm/tblastx/report.rs:137(displayed_rows: query rows with -query_gencode, subject rows with -db_gencode);algorithm/tblastx/report.rs:104(display_residue);algorithm/tblastx/report.rs:283(query_dna_masks);algorithm/tblastx/report.rs:374(lowercase_query_row)	tblastx.lc.0;tblastx.code4q.0;tblastx.code4.0;tblastx.ambig.0; oracle cmp.sh qg2_0, qg4_0, qg11_0 (identical), r_query_gencode4_0	Both rows are translated again at display time; SEG-masked query residues are lowercase. -db_gencode: LOSAT applies it to the search too (approved exception: dbg2_0, dbg4_0 differ from NCBI).
A	109	src/algo/blast/format/blast_format.cpp	1582-1585	CBlastFormat::PrintOneResultSet	subject masks and display	needs-param	ported	ported	report/pairwise.rs:2717(write_tblastx_pairwise_report: subject heading once per subject, then the HSP blocks)	tblastx.lc.0;tblastx.multi.0; oracle cmp.sh lcs_0, lcs_7, lcs_6 (lowercase letters in the subject change nothing; identical)	No subject masks for tblastx; '> title / Length=' per subject.
A	110	src/algo/blast/format/blast_format.cpp	1587-1589	CBlastFormat::PrintOneResultSet	query footer	needs-param	ported	ported	report/pairwise.rs:2871(write_tblastx_pairwise_report -> write_tblastx_query_footer)	tblastx.multi.0;tblastx.lc.0	Footer after the last alignment of a query.
A	111	src/algo/blast/format/blast_format.cpp	2233-2238	CBlastFormat::PrintEpilog	outfmt 7 / outfmt 6	needs-param	ported	ported	algorithm/tblastx/report.rs:544(write_tabular: '# BLAST processed N queries' after the last query, outfmt 7 only)	tblastx.multi.7;tblastx.nohit.7;tblastx.unsearched.7;empty.query_fmt7; oracle cmp.sh nohit_7, allN_7, mixed_7	Written even when no query has hits; not after 'Query is Empty!'; outfmt 6 none.
A	112	src/objtools/align_format/tabular.cpp	1322-1325	CBlastTabularInfo::PrintNumProcessed	-	reusable	ported	ported	algorithm/tblastx/report.rs:544(write_tabular: writeln!(\"# BLAST processed {} queries\"))	tblastx.multi.7; oracle cmp.sh bseq2_7	Fixed text with 'queries' also for 1 (own code, not the BLASTN function).
A	113	src/algo/blast/format/blast_format.cpp	2249-2259	CBlastFormat::PrintEpilog	outfmt 0, database block	reusable	ported	ported	report/pairwise.rs:2664(write_tblastx_epilog: '\\n\\n' then write_final_database_report)	tblastx.multi.0;tblastx.lc.0	Epilog database block after the last footer.
A	114	src/algo/blast/format/blast_format.cpp	2261-2268	CBlastFormat::PrintEpilog	matrix line	reusable	ported	ported	report/pairwise.rs:2664(write_tblastx_epilog: 'Matrix: BLOSUM62')	tblastx.multi.0	Matrix line.
A	115	src/algo/blast/format/blast_format.cpp	2270-2280	CBlastFormat::PrintEpilog	gapped mode	reusable	ported	ported	report/pairwise.rs:2664(write_tblastx_epilog: no Gap Penalties line)	tblastx.multi.0	Ungapped: no 'Gap Penalties' line.
A	116	src/algo/blast/format/blast_format.cpp	2281-2288	CBlastFormat::PrintEpilog	threshold and window lines	needs-param	GAP	ported: the threshold written as a C++ stream writes a double (report/pairwise.rs cpp_default_double), 06953c68d	report/pairwise.rs:2664(write_tblastx_epilog: `{}` of the i32 threshold);algorithm/tblastx/args.rs:44(threshold: i32)	oracle: cmp.sh thr_1000000, thr_1234567 (differ), thr_999999, thr_100000, thr_13 (identical), thr_11.5 (LOSAT rejects: clap rc 2)	NCBI prints the threshold (a double) with the C++ default precision (%g, 6 significant digits). An integer threshold of 1000000 or more, which LOSAT accepts, prints differently: tblastx -query q1.fa -subject s1.fa -threshold 1000000 -outfmt 0: NCBI 'Neighboring words threshold: 1e+06', LOSAT 'Neighboring words threshold: 1000000'; -threshold 1234567: NCBI '1.23457e+06', LOSAT '1234567' (stdout 2268 vs 2270 B and 2274 vs 2270 B). Non-integer thresholds (11.5 -> '11.5', 12.3456789 -> '12.3457') are rejected by LOSAT (deferred: -threshold parsing as ncbi_double); the epilog formatting must become %g when that is ported. 'Window for multiple hits' is an int in NCBI and prints correctly (omitted for -window_size 0, which LOSAT rejects).
A	117	src/algo/blast/format/blast_format.cpp	2290-2292	CBlastFormat::PrintEpilog	html	n/a	n/a	n/a	-	-	-html is out of scope.
A	118	src/algo/blast/format/blast_format.cpp	2295-2314	CBlastFormat::ResetScopeHistory	m_IsBl2Seq	n/a	n/a	n/a	-	-	Returns at once for -subject searches.
A	119	src/algo/blast/format/blast_format.cpp	350-358, 676-756, 873-1136, 1338-1408, 1592-2200, 2316-2561	CBlastFormat other members (CSV header, structured reports, tax report, IgBLAST, PHI-BLAST, XML2/JSON masters, SAM, PrintReport, WriteArchive, LogBlastSearchInfo)	not executed	n/a	n/a	n/a	-	-	Other formats, programs and apps.
A	120	src/objtools/align_format/align_format_util.cpp	506-537	CAlignFormatUtil::PrintDbReport	top = true	reusable	reused	reused	report/pairwise.rs:1205(write_blastp_database_header_spacing);report/pairwise.rs:1096(write_flatfile_wrapped)	tblastx.multi.0; oracle cmp.sh sp_long_0, sp_abs_0, sp_rel_0	Database block of the prolog, wrapped as NCBI.
A	121	src/objtools/align_format/align_format_util.cpp	541-575	CAlignFormatUtil::PrintDbReport	top = false	reusable	reused	reused	report/pairwise.rs:1468(write_final_database_report)	tblastx.multi.0	Epilog block: Database, Posted date Unknown, letters, sequences.
A	122	src/objtools/align_format/align_format_util.cpp	411-428	CAlignFormatUtil::FillScanModeBlastDbInfo	-subject tag	reusable	reused	reused	report/pairwise.rs:957(ensure_trailing_period);algorithm/tblastx/blast_engine/run_impl.rs:964(tblastx_database_name)	tblastx.multi.0;tblastx.multi.7	'User specified sequence set (Input: <tag>).' with the -subject text (non-UTF-8 names: row 41).
A	123	src/objtools/align_format/align_format_util.cpp	578-620	CAlignFormatUtil::PrintKAParameters	gapped=false, gbp=NULL; and -1 values	reusable	reused	reused	report/pairwise.rs:1017(write_ncbi_ka_field);report/pairwise.rs:1316(write_tblastn_unsearched_query_footer_spacing)	tblastx.multi.0;tblastx.unsearched.0	'%#8.3g ' fields; the -1.00 blocks of not-searched queries.
A	124	src/algo/blast/format/blastfmtutil.cpp	60-73	CBlastFormatUtil::BlastGetVersion / BlastPrintVersionInfo	non-html	reusable	reused	reused	report/pairwise.rs:3649(write_translated_pairwise_intro)	tblastx.multi.0;tblastx.multi.7	'TBLASTX 2.17.0+' (outfmt 0) / '# TBLASTX 2.17.0+' (outfmt 7, report.rs NCBI_TBLASTX_VERSION).
A	125	src/algo/blast/format/blastfmtutil.cpp	75-122	CBlastFormatUtil::BlastPrintReference	non-html, default publication	reusable	reused	reused	report/pairwise.rs:3649(write_translated_pairwise_intro)	tblastx.multi.0	Reference lines.
A	126	src/objtools/align_format/align_format_util.cpp	685-755	CAlignFormatUtil::AcknowledgeBlastQuery / x_AcknowledgeBlastSequence	non-tabular and tabular	reusable	GAP	rejected: query and subject read as BLASTN reads them (blastn/input.rs check_deflines_of, check_residues_of, check_records_have_residues_of, check_utf8_file_name), 06953c68d (control characters, non-ASCII bytes, found in the bytes of the file)	algorithm/tblastx/report.rs:485(fasta_defline: record.id() + ' ' + record.desc());algorithm/tblastx/blast_engine/run_impl.rs:889(check_report_titles: checks the rebuilt string)	oracle: cmp.sh tq_tab_0/7, tq_vt_0/7, tq_ff_0/7, tq_tabsp_*, tq_nbsp_*, ts_tab_0, ts_vt_0, ts_ff_0 (all differ); ti_trail_space, ti_double_space, ti_long100, ti_pipe_id, ti_lcl, ti_ref, ti_angle, ti_quote (identical)	The defline is rebuilt from bio's id and description, which bio splits at the first white-space character (any Unicode white space) and rejoins with one space; so a tab, vertical tab, form feed or a Unicode white space (NBSP) as the FIRST white space of a defline becomes a space, and check_report_titles (control character / non-ASCII rejection) never sees it. Query 'abc<TAB>def': tblastx -query tq_tab.fa -subject s1.fa -outfmt 7: NCBI '# Query: abc', LOSAT '# Query: abc def'; outfmt 0: NCBI 'Query= abc' (and 'Length=3000'), LOSAT 'Query= abc def'. A tab after the first white space ('abc def<TAB>ghi') is rejected as intended. Subject deflines with the same shape differ too: NCBI description row and '> abc' heading are 'abc', LOSAT 'abc def' (ts_tab_0, 13545 vs 13549 B); the first-word id in outfmt 6 is 'abc' in both. NBSP: tq_nbsp_7 3577 vs 3286 B (NCBI keeps the raw bytes).
A	127	src/objtools/align_format/align_format_util.cpp	1014-1040	CAlignFormatUtil::PruneSeqalign	number = subjects	missing	ported	ported	algorithm/tblastx/report.rs:765(final_hit_order);algorithm/tblastx/blast_engine/run_impl.rs:1058;report/pairwise.rs:2813(aligned = first num_alignments subjects)	hitlist.max1;hitlist.max5;hitlist.max250;tblastx.many.0;tblastx.mts1.0; oracle cmp.sh s300m4_*, m1_*, m2_*	The hit list limit (tabular and engine hit list) and the num_alignments limit of the pairwise report.
A	128	src/objtools/align_format/showalign.cpp	3163-3213	CDisplaySeqalign::PrepareBlastUngappedSeqalign	Std-seg with several segments	faithful	faithful	faithful	algorithm/tblastx/report.rs:544(write_tabular, one record per HSP);common.rs:705	tblastx.lc.7;tblastx.multi.7	Per-HSP records with their own scores.
A	129	src/algo/blast/blastinput/blast_args.cpp	3203-3237	CMTArgs::x_ExtractAlgorithmOptions	-num_threads	divergent	exception	exception	algorithm/tblastx/args.rs:48(num_threads);algorithm/tblastx/blast_engine/run_impl.rs:876(search: with_search_pool(args.num_threads))	oracle cmp.sh thr2 (NCBI warning 'num_threads' is currently ignored when 'subject' is specified., LOSAT none), thr1000 (two warnings vs none), thr2_mts1	Approved exception: with -subject LOSAT honours -num_threads and prints no thread warning. Output bytes identical (r_num_threads4_0/7).
A	130	src/algo/blast/blastinput/blast_args.cpp	3441-3444, 3479	CStdCmdLineArgs::SetArgumentDescriptions / ExtractAlgorithmOptions	-out -	divergent	ported	ported	algorithm/tblastx/blast_engine/run_impl.rs:680-686(run: -out '-' is standard output)	oracle: tblastx ... -out - (stdout identical to NCBI, no file named '-' created)	-out defaults to '-' = standard output; the report stream is stdout with the cerr tie.
A	131	src/algo/blast/api/split_query_cxx.cpp	50-63	CQuerySplitter::CQuerySplitter	ungapped (tblastx)	n/a	n/a	n/a	-	-	Queries are never split for an ungapped search; the 10002 that matters is the batch size.
A	132	src/algo/blast/format/blast_format.cpp	337-345, 484-495, 529-566, 1425-1427	CBlastFormat::GetDbTotalLength / s_HasLocalIDs / x_SplitSeqAlign / s_IsGlobalSeqAlign / remote scope reset	not reached	n/a	n/a	n/a	-	-	Remote-search and PSI-BLAST helpers.
B	1	src/algo/blast/format/blast_format.cpp	98;1517-1521	CBlastFormat::PrintOneResultSet (alignment section: Seq-align preparation)	tblastx is ungapped (m_IsUngappedSearch)	missing	ported	ported	algorithm/tblastx/report.rs:423(pairwise_hits); report/pairwise.rs:2717(write_tblastx_pairwise_report)	tblastx.lc.0; tblastx.multi.0	PrepareBlastUngappedSeqalign splits a multi-Std-seg Seq-align into one display unit per HSP. LOSAT has no Seq-align: the hit list already holds one record per HSP, pairwise_hits makes one PairwiseHit per HSP and the report writes one block per HSP, in hit-list order. 360 random window pairs (rnd_results*.txt) byte-identical to NCBI 2.17.0.
B	2	src/algo/blast/format/blast_format.cpp	1523-1530	CBlastFormat::PrintOneResultSet (optional re-sort)	default: -sorthits/-sorthsps unset	n/a	n/a	n/a	-	LOSAT tblastx ... -sorthits 1 -> \"error: unknown option or argument\"	Inventory reason kept: -sorthits/-sorthsps unset, so no re-sort. TblastxArgs (algorithm/tblastx/args.rs) has no such options, so clap rejects them as unknown options (cli.rs:243-244 lists them only for other programs). The HSP order inside a subject comes from final_hit_order (algorithm/tblastx/report.rs:765), the same list as outfmt 6/7.
B	3	src/algo/blast/format/blast_format.cpp	1550-1561	CBlastFormat::PrintOneResultSet (prune and display object)	-	missing	ported	ported	report/pairwise.rs:2813(write_tblastx_pairwise_report: aligned = subject_order[..min(num_alignments)]); algorithm/tblastx/blast_engine/run_impl.rs:1154(write_tblastx_outputs: (500,250) by default, (n,n) with -max_target_seqs n)	tblastx.many.0; tblastx.many_mts255.0; tblastx.mts1.0; tblastx.mts3.0; hitlist.max5_fmt0_threads2	PruneSeqalign keeps the first m_NumAlignments subjects (align_format_util.cpp:1014-1040), all HSPs of each kept subject (kAlignToShow 2e9). LOSAT slices the subject list (first-appearance order = hit-list order) and prints every HSP of a kept subject. Line length 60 = PairwiseConfig::default (pairwise.rs:41).
B	4	src/algo/blast/format/blast_format.cpp	616-658;1553-1554	s_SetFlags	program == \"tblastx\"; -subject is DbScan so isbl2seq == false	missing	ported	ported	report/pairwise.rs:2717(write_tblastx_pairwise_report); report/pairwise.rs:2514(write_tblastx_alignment); report/pairwise.rs:2422(write_tblastx_hsp_info)	tblastx.lc.0; tblastx.multi.0	Effect of the flags eShowBlastInfo|eShowBlastStyleId|eShowMiddleLine|eTranslateNucToNucAlignment for -subject: deflines shown (no eShowNoDeflineInfo), Query/Sbjct labels, middle line, both rows translated; no Strand line. All written by the TBLASTX-specific writers; there is no flag word.
B	5	src/algo/blast/format/blast_format.cpp	1556-1559;1570-1585; src/app/blast/tblastx_app.cpp:145-156	CBlastFormat::PrintOneResultSet (display configuration for tblastx)	else branch of blastn/megablast test; DB is nucleotide (m_DbIsAA false)	missing	ported	ported	algorithm/tblastx/blast_engine/run_impl.rs:1042-1043(write_tblastx_outputs: query_code/db_code); algorithm/tblastx/report.rs:137(displayed_rows); report/pairwise.rs:2422(write_tblastx_hsp_info); report/pairwise.rs:2514(write_tblastx_alignment: eChar middle line); algorithm/tblastx/report.rs:374(lowercase_query_row)	tblastx.code4q.0; tblastx.code4.0; tblastx.lc.0; oracle -query_gencode 2/4/11 on random pairs identical	Display configuration: eChar middle line, eProt (Positives counted, no Strand line), gen codes = -query_gencode / -db_gencode as given, query masks lowercase, matrix BLOSUM62. -db_gencode N: NCBI display re-translates the subject row with N (oracle: w/pm_q.fa vs w/pm_s.fa -db_gencode 4 prints the code-4 subject row); LOSAT does the same, and also applies N to the SEARCH (approved exception), so scores/HSPs differ from NCBI local -subject there (rscratch_B o_gcs4, o_gcr*): not a display defect (fixture tblastx.code4.0 equals the NCBI database-mode oracle).
B	6	src/objtools/align_format/showalign.cpp	149-218	CDisplaySeqalign::CDisplaySeqalign	matrix_name = BLOSUM62	reusable	reused	reused	utils/matrix.rs:716(protein_display_score); algorithm/tblastx/report.rs:182(row_counts); report/pairwise.rs:687(is_positive_match)	tblastx.ambig.0; tblastx.lc.0	Shared function used unchanged (utils/matrix.rs is not in the S08 diff): BLOSUM62 > 0 table with * and U/C rules and -1000 for other letters. Called from row_counts (counts) and from write_tblastx_alignment via is_positive_match (middle line). Both with ScoringMatrix::Blosum62.
B	7	src/objtools/align_format/align_format_util.cpp	3549-3582	CAlignFormatUtil::GetAsciiProteinMatrix	BLOSUM62	reusable	reused	reused	utils/matrix.rs:716(protein_display_score)	tblastx.ambig.0; oracle rscratch_B/w/amb2 (B/D +, Z/E +, J/I blank, X/X identity, */* identity) identical	Same function as row 6 (port of GetAsciiProteinMatrix: 23 letters + *, U/C; everything else -1000).
B	8	src/objtools/align_format/showalign.cpp	1911-1920;1938-1947	CDisplaySeqalign::DisplaySeqalign (pairwise branch loop)	!(m_AlignOption&eMergeAlign); outfmt 0	missing	ported	ported	report/pairwise.rs:2813-2866(write_tblastx_pairwise_report: subject loop, HSP loop)	tblastx.multi.0; tblastx.lc.0; tblastx.many.0	One pass over the pruned list in list order, one block per HSP, never re-sorted. Subjects are grouped by first appearance in the query's hit-list slice (HSPs of a subject are contiguous in final_hit_order). Non-Disc Seq-aligns: nothing to extract.
B	9	src/objtools/align_format/showalign.cpp	1949-1953	CDisplaySeqalign::DisplaySeqalign (gen codes)	-	needs-param	ported	ported	algorithm/tblastx/report.rs:137(displayed_rows: query_code for the query row, db_code for the subject row); algorithm/tblastx/blast_engine/run_impl.rs:1042-1043(write_tblastx_outputs)	tblastx.code4q.0; tblastx.code4.0	Row 0 translated with -query_gencode, row 1 with -db_gencode via display_codon(masks, &GeneticCode). The search-side use of -db_gencode is the approved exception (see row 5).
B	10	src/objtools/align_format/showalign.cpp	1955-1980	CDisplaySeqalign::DisplaySeqalign (exception path)	GetBioseqHandle(1) or the display throws a CException	n/a	n/a	n/a	-	-	Inventory reason kept: unreachable for valid tblastx results (both sequences in scope, every HSP is 3*L nt). LOSAT never prints the \"Sequence with id ... no longer exists\" text.
B	11	src/objtools/align_format/showalign.cpp	1961-1973	CDisplaySeqalign::DisplaySeqalign (scores and showDefLine)	-	reusable	ported	ported	report/pairwise.rs:2819-2845(write_tblastx_pairwise_report: write_subject_header once, before the first HSP of each subject)	tblastx.multi.0; tblastx.lc.0; oracle rscratch_B/w/dup_s.fa (two subjects with the same title) identical	showDefLine is true for the first HSP of each subject (ids are per-subject Subject_N, so two subjects with identical deflines still each get a header). The scores (score, bits, e_value, sum_n) are read from Hit/TblastxHsp per HSP (rows 13, 17).
B	12	src/algo/blast/api/blast_seqalign.cpp	1324-1386;1397-1448;1620	BLASTUngappedHspListToSeqAlign / x_UngappedHSPToStdSeg (what the display receives)	translated search, is_gapped == false (tblastx)	needs-param	ported	ported	algorithm/tblastx/blast_engine/mod.rs:155(TblastxHsp{hit, subject_frame, num}); algorithm/tblastx/blast_engine/run_impl.rs:3605(final_hits.push(TblastxHsp{..})); common.rs:80(Hit)	tblastx.lc.0 (4319 HSPs, all 36 frame pairs); 360 random window pairs identical	The HSP's nucleotide interval is Hit.q_start/q_end/s_start/s_end (outfmt 6 orientation, already faithful); the protein-coordinate offsets sort_query_offset/end, sort_subject_offset/end select the residues to re-translate; the subject frame and BlastHSP::num were added to the kept record (TblastxHsp).
B	13	src/algo/blast/api/blast_seqalign.cpp	1163-1228	s_BuildScoreList (score names the display reads)	ungapped HSP with sum statistics	needs-param	ported	ported	algorithm/tblastx/blast_engine/mod.rs:155(TblastxHsp.num = BlastHSP::num); algorithm/tblastx/report.rs:423(pairwise_hits: sum_n: Some(hsp.num)); report/pairwise.rs:2422(write_tblastx_hsp_info)	tblastx.lc.0 (Expect(n) on 3328 of 4319 HSPs); tblastx.multi.0	Seq-align score sum_n exists only for hsp->num > 1, e_value/sum_e is the HSP's own evalue (a group shares it). LOSAT carries num from the linking and Hit.e_value/bit_score/raw_score; the writer prints (n) iff num > 1.
B	14	src/objects/seqalign/Seq_align.cpp	728-945 (width test 789-812; reset 927-934)	CSeq_align::CreateDensegFromStdseg	Std-seg with two nucleotide Seq-intervals of equal length (tblastx)	missing	ported	ported	report/pairwise.rs:2514(write_tblastx_alignment: one ungapped segment, no gap handling)	tblastx.lc.0	Implicit: one segment of 3L nucleotides per row, no gaps, widths not inferred. Nothing in LOSAT can fail where the NCBI THROWs (strands/lengths are consistent by construction).
B	15	src/objects/seqalign/Seq_align.cpp	953-999	CSeq_align::CreateTranslatedDensegFromNADenseg	eTranslateNucToNucAlignment (tblastx only)	missing	ported	ported	algorithm/tblastx/report.rs:137(displayed_rows: residues sort_*_offset..sort_*_end); report/pairwise.rs:2514(write_tblastx_alignment: 3 nt per residue)	tblastx.lc.0	Residues per HSP = nt length / 3; both rows translated; coordinates advance 3*count per chunk.
B	16	src/objtools/align_format/showalign.cpp	1817-1829;1850-1866	CDisplaySeqalign::x_GetAlnVecForSeqalign	Std-seg + eTranslateNucToNucAlignment; strands minus with widths==3	needs-param	ported	ported	report/pairwise.rs:2514(write_tblastx_alignment: q_direction/s_direction from the frame sign of each row, no strand flip)	tblastx.lc.0 (all 36 frame pairs); rscratch_B/w/pp,pm,mp,mm identical; 360 random pairs identical	A minus-frame query row stays on its minus strand and its Query coordinates decrease; the subject row has its own direction. Oracle: Frame = -2/+2 prints Query 427..248 then 247.. with Sbjct 41..220 (pm).
B	17	src/objtools/align_format/align_format_util.cpp	863-905;811-849	CAlignFormatUtil::GetAlnScores (list<string> overload used by DisplaySeqalign)	scores in Seq-align or in the first Std-seg	needs-param	ported	ported	algorithm/tblastx/report.rs:423(pairwise_hits: raw_score, bit_score, e_value from Hit; sum_n from TblastxHsp.num)	tblastx.lc.0; tblastx.multi.0	Scores come from the first Std-seg of the HSP (score, bit_score, e_value|sum_e, sum_n); LOSAT reads the equal values from the final Hit.
B	18	src/objtools/align_format/align_format_util.cpp	230-270	s_GetBlastScore	-	reusable	ported	ported	report/pairwise.rs:2422(write_tblastx_hsp_info: hit.sum_n.filter(|n| n > 1))	unit test tblastx_hsp_info_prints_the_linked_set_and_both_frames (report/pairwise.rs:4331); tblastx.lc.0	Expect(n) iff the HSP is in a sum group of two or more. TBLASTN's write_tblastn_hsp_info was not reused; a TBLASTX writer applies the same n > 1 rule.
B	19	src/objtools/align_format/showalign.cpp	3956-3981	CDisplaySeqalign::x_DisplayAlnvecInfo	no templates (not HTML)	reusable	ported	ported	report/pairwise.rs:2861-2863(write_tblastx_pairwise_report: write_tblastx_hsp_info; write_tblastx_alignment; writeln!)	tblastx.lc.0; tblastx.multi.0	Rows and counts are built before anything is written (pairwise_hits), then score block, identity block, chunks, and one extra blank line per HSP (x_DisplayAlnvecInfo out<<\"\\n\"): every HSP block ends with two blank lines; after the last HSP the footer adds its own (3 blank lines before Lambda, verified in fixtures).
B	20	src/objtools/align_format/showalign.cpp	3613-3644	CDisplaySeqalign::x_ShowAlnvecInfo	show_defline, eShowBlastInfo, no eShowNoDeflineInfo, not HTML	reusable	ported	ported	report/pairwise.rs:2819-2845(write_tblastx_pairwise_report: header before the first HSP of a subject only); report/pairwise.rs:200(write_subject_header reused for the header text)	tblastx.multi.0; tblastx.lc.0	First HSP of a subject: \"> title\" (wrapped), \"Length=N\", blank line, then the score block; later HSPs of the subject have no header and no extra blank line. The header writer is the shared write_subject_header; the ordering is new TBLASTX driver code.
B	21	src/objtools/align_format/showalign.cpp	2279-2482 (FASTA subject branch 2309-2366, 2479)	CDisplaySeqalign::x_PrintDefLine	bdl.empty() (no Blast-def-line): FASTA -subject; lcl|Subject_ id	reusable	reused	reused	report/pairwise.rs:200(write_subject_header); report/defline.rs:94(ncbi_nucleotide_title); call site report/pairwise.rs:2843-2845	tblastx.multi.0 (long deflines wrapped); 26 title variants in rscratch_B/ttl identical to NCBI (e.g. gi|123|gb|X1.1| t, [organism=..], TPA:/MAG:/UNVERIFIED:, 130-char words, trailing punctuation)	Same call as BLASTN: heading = ncbi_nucleotide_title(defline, false); write_subject_header(w, &heading, None, Some(len)); the id is shown as part of the title (-subject ids are not parsed). Length= is the nucleotide length without separators.
B	22	src/objtools/align_format/showalign.cpp	2262-2276	CDisplaySeqalign::x_FillAlnDispParams(CBioseq_Handle)	FASTA subject (no bdl)	reusable	reused	reused	report/defline.rs:94(ncbi_nucleotide_title); algorithm/tblastx/blast_engine/run_impl.rs:889(check_report_titles)	tblastx.multi.0; rscratch_B/ttl (26 deflines identical)	CDeflineGenerator title for a FASTA nucleotide subject is the shared function. Subjects it cannot reproduce are rejected up front by check_report_titles: \"subject record N has an HTML character reference (such as &amp;) ...\" and \"subject record N has a defline of punctuation that NCBI BLAST+ reads past its end ...\" (also the empty / non-ASCII / control-character message \"... has a defline that is empty, starts with white space or has a control character or a non-ASCII byte ...\").
B	23	src/objtools/align_format/showalign.cpp	340-359	s_WrapOutputLine	title longer than 60 bytes	reusable	reused	reused	report/pairwise.rs:200(write_subject_header: byte loop with is_ascii_whitespace() || 11)	tblastx.multi.0; rscratch_B/ttl m,u,v (title of 60-byte words and 130-char word) identical	Shared s_WrapOutputLine port, unchanged.
B	24	src/objtools/align_format/showalign.cpp	3985-4023	CDisplaySeqalign::x_DisplaySingleAlignParams	eShowBlastInfo, not HTML, no dynamic features	needs-param	ported	ported	report/pairwise.rs:2422(write_tblastx_hsp_info)	unit test tblastx_hsp_info_prints_the_linked_set_and_both_frames; tblastx.lc.0	Score line, identity line with aln_is_prot=true (Positives printed, no Strand), Frame line with both frames, trailing blank line. Counts are the recounts of the displayed rows (rows 36/37).
B	25	src/objtools/align_format/showalign.cpp	3570-3607	CDisplaySeqalign::x_DisplayAlignInfo	not global, not eShowRawScoreOnly, comp_adj_method 0	reusable	ported	ported	report/pairwise.rs:2422(write_tblastx_hsp_info: \" Score = {bits} bits ({raw}),  Expect[({n})] = {E}\")	tblastx.lc.0; tblastx.thrwin.0	Two spaces after the comma, (n) iff sum_n > 1, no Method suffix.
B	26	src/objtools/align_format/align_format_util.cpp	940-1011	CAlignFormatUtil::GetScoreString	evalue and bit score formats	reusable	reused	reused	report/outfmt6.rs:256(format_evalue_ncbi); report/outfmt6.rs:313(format_bitscore_ncbi)	tblastx.lc.0; rscratch_B: -evalue 1000 / 100000 / 1e-50 on 5 random pairs identical	Shared formatters unchanged (outfmt6.rs is not in the S08 diff). The > 99999 bits branch (%5.3le) did not occur in any run (largest HSP 7014 bits in a 140 kb self comparison).
B	27	src/objtools/align_format/showalign.cpp	304-334	s_DisplayIdentityInfo	aln_is_prot == true; master_frame != 0 && slave_frame != 0	needs-param	ported	ported	report/pairwise.rs:2422(write_tblastx_hsp_info: identity/positive/gap line and \" Frame = qf/sf\")	unit test tblastx_hsp_info_prints_the_linked_set_and_both_frames; tblastx.lc.0	\" Identities = m/L (p%), Positives = P/L (q%), Gaps = 0/L (0%)\" with P = identities + \"+\" columns; Frame with an explicit \"+\" for positive frames; no Strand line; blank line. percentages via ncbi_percent_match.
B	28	src/objtools/align_format/showalign.cpp	411-423;1273-1279	s_GetFrame / x_PrepareRowData frame[row]	GetWidth(row) == 3 for both rows	needs-param	ported	ported	algorithm/tblastx/report.rs:423(pairwise_hits: query_frame = hsp.hit.query_frame, subject_frame = hsp.subject_frame); algorithm/tblastx/blast_engine/mod.rs:155(TblastxHsp.subject_frame)	tblastx.lc.0 (36 frame pairs); 360 random pairs identical	LOSAT prints the engine's frames, NCBI recomputes them from the row coordinates and the full sequence length (s_GetFrame); they coincide for every HSP seen (queries and subjects of all lengths mod 3).
B	29	src/objtools/align_format/showalign.cpp	1200-1210;1364-1367	CDisplaySeqalign::x_PrepareRowData (widths and margins)	-	reusable	reused	reused	report/pairwise.rs:930(coordinate_width)	rscratch_B/w/p10 (max coordinate 10000 -> width 4) identical; tblastx.lc.0 (width 5/6)	Shared function unchanged: digits of (max of q_start,q_end,s_start,s_end) - 1.
B	30	src/objtools/align_format/showalign.cpp	4495-4575	CDisplaySeqalign::x_FillSeqid	eShowBlastStyleId, not merge	reusable	ported	ported	report/pairwise.rs:2514(write_tblastx_alignment: literals \"Query \" / \"Sbjct \")	tblastx.lc.0	Labels without colon (CTOOLKIT_COMPATIBLE unset), padded to width 5, then 2 spaces.
B	31	src/objtools/alnmgr/alnvec.cpp	108-143	CAlnVec::x_GetSeqVector	nucleotide Bioseq, IUPAC coding, strand from the row	needs-param	ported	ported	algorithm/tblastx/report.rs:56(display_base); algorithm/tblastx/report.rs:104(display_residue: minus rows read from the other end with the IUPAC complement by bit reversal)	tblastx.ambig.0; tblastx.lc.0; ambig.fmt0_threads2; rscratch_B/w/lc, w/amb, w/amb2 identical; 360 random pairs (28% with IUPAC letters, 15% lowercase input) identical	Rows are re-read from the FASTA bytes as 4-bit IUPAC codes (case-insensitive, U as T, X as N), strand-aware, both rows (the BLASTX helper display_query_residue was not needed). Non-IUPAC letters in a FASTA are an input-reading matter (see notes, observations outside the range).
B	32	include/objtools/alnmgr/alnvec.hpp	288-318	CAlnVec::GetSeqString (width 3)	GetWidth(row) == 3, plus and minus row	needs-param	ported	ported	algorithm/tblastx/report.rs:137(displayed_rows: residue offsets sort_query_offset..sort_query_end, sort_subject_offset..sort_subject_end); algorithm/tblastx/report.rs:104(display_residue)	tblastx.lc.0 (4319 HSPs); 360 random pairs identical	Row string = one residue per codon in reading order of the row strand: plus rows from the lowest nucleotide, minus rows from the highest (reverse complement); first column = codon at the printed start coordinate.
B	33	src/objtools/alnmgr/alnvec.cpp	893-923	CAlnVec::TranslateNAToAA (+ CTrans_table::NextCodonState/GetCodonResidue)	-	needs-param	reused	reused	algorithm/blastx/report.rs:243(display_codon, only changed fn -> pub(crate) fn in S08); called from algorithm/tblastx/report.rs:115(display_residue)	unit tests display_codons_match_pinned_cpp_all_26_codes (algorithm/blastx/report.rs:1891), displayed_residues_merge_ambiguous_codons_on_both_strands (algorithm/tblastx/report.rs:849); tblastx.code4q.0; tblastx.code4.0	The CTrans_table state-machine result (expansion of ambiguous codons) is the shared display_codon with the query/subject GeneticCode; git diff 2bcb86b1f..0d533ba76 shows only the visibility change.
B	34	src/objects/seqfeat/Genetic_code_table.cpp	90-136;139-241	CTrans_table::x_InitFsaTable / x_InitFsaTransl (ambiguous codons)	codons containing IUPAC ambiguity letters or N	reusable	reused	reused	algorithm/blastx/report.rs:243(display_codon)	tblastx.ambig.0; rscratch_B/w/amb, w/amb2 identical (GCN->A, RAY->B, SAR->Z, MTA->J, NNN/GAN/KGA->X, TAR->*)	Same function as row 33; B/Z/J/X merge rules and the T,C,A,G expansion order are NCBI's.
B	35	src/objtools/alnmgr/alnvec.cpp	199-400 (scrn_width 230; coords 303-358, 381-401)	CAlnVec::GetWholeAlnSeqString (seqStarts/seqStops per screen line)	one segment, width 3, scrn_width = 60*3 = 180 nucleotides	needs-param	ported	ported	report/pairwise.rs:2514(write_tblastx_alignment: q_end = q_pos + dir*(3*len-1); next start = q_end + dir, per row)	unit test tblastx_rows_step_three_nucleotides_in_each_frame_direction (report/pairwise.rs:4349); tblastx.lc.0; rscratch_B big1..big7 (12-140 kb windows, up to 4000-residue HSPs) identical	Each 60-residue chunk spans 180 nt in the row's own direction, the last chunk ends at the HSP end; a length that is a multiple of 60 gives no extra chunk (HSPs of exactly 60 and 240 residues occur in tblastx.lc.0).
B	36	src/objtools/align_format/showalign.cpp	1786-1807	CDisplaySeqalign::x_PrepareIdentityInfo	eShowBlastInfo set; no eColorDifferentBases	needs-param	ported	ported	algorithm/tblastx/report.rs:182(row_counts); algorithm/tblastx/report.rs:423(pairwise_hits: hit.num_ident = identities, hit.num_positives = positives, PairwiseHit.positives, gaps: Some(0)); algorithm/tblastx/report.rs:208(set_displayed_identities, the same recount for outfmt 6/7)	tblastx.ambig.0; tblastx.ambig.7; unit test row_counts_use_the_displayed_letters (algorithm/tblastx/report.rs:868)	Counts come from the two displayed uppercase rows (identical characters, then BLOSUM62 > 0), not from the engine's alignment letters (they differ next to ambiguity codes). The lowercase copy is made after the counts.
B	37	src/objtools/align_format/showalign.cpp	2120-2157	CDisplaySeqalign::x_FillIdentityInfo	eChar middle line, eProt	reusable	ported	ported	report/pairwise.rs:2514(write_tblastx_alignment: middle line loop, query compared in uppercase, \"+\" via is_positive_match); algorithm/tblastx/report.rs:182(row_counts)	tblastx.ambig.0; tblastx.lc.0; rscratch_B/w/amb2 identical	Equal characters print the residue (X/X and */* are identities), BLOSUM62 > 0 prints +, else a space. The middle line is never lowercased.
B	38	src/objtools/align_format/align_format_util.cpp	3152-3161	CAlignFormatUtil::GetPercentMatch	-	reusable	reused	reused	report/pairwise.rs:247(ncbi_percent_match)	tblastx.lc.0; unit test tblastx_hsp_info_prints_the_linked_set_and_both_frames (60/61 -> 98%)	Shared function unchanged.
B	39	src/objtools/align_format/showalign.cpp	2576-2614	CDisplaySeqalign::x_GetNumGaps	not global type	reusable	ported	ported	algorithm/tblastx/report.rs:423(pairwise_hits: gaps: Some(0)); report/pairwise.rs:2422(write_tblastx_hsp_info: Gaps = g/L (r%))	tblastx.lc.0 (every HSP prints Gaps = 0/L (0%))	A single ungapped segment has no gap columns.
B	40	src/objtools/align_format/showalign.cpp	1435-1472;1476-1554	CDisplaySeqalign::x_DisplayRowData / x_DisplayRowDataSet (chunk loop)	pairwise, eShowMiddleLine, no MasterAnchored	reusable	ported	ported	report/pairwise.rs:2514(write_tblastx_alignment: q.chunks(line_length), Query line, middle line, Sbjct line, blank line)	tblastx.lc.0; rscratch_B/w/pm (142 residues = chunks 60/60/22) identical	60 columns per chunk (PairwiseConfig line_length 60), one blank line after each chunk.
B	41	src/objtools/align_format/showalign.cpp	1679-1692	CDisplaySeqalign::x_DisplaySequenceIDForPairwise	not HTML	reusable	ported	ported	report/pairwise.rs:2514(write_tblastx_alignment: \"Query  \" / \"Sbjct  \" labels)	tblastx.lc.0	Only the label is written (no HTML branch).
B	42	src/objtools/align_format/showalign.cpp	1595-1627	CDisplaySeqalign::x_DisplaySequenceLine	non-empty row (the empty-row test cannot be true for tblastx)	needs-param	ported	ported	report/pairwise.rs:2514(write_tblastx_alignment: label, 2 spaces, start, width+2-digits spaces, residues, 2 spaces, end; end not padded)	tblastx.lc.0; rscratch_B/w/p10 (5-digit start with width 4 -> 1 space) identical; 360 random pairs identical	Written by the TBLASTX writer with 3 nt per residue (write_sequence_row was not changed). The empty-row test of x_DisplaySequenceLine cannot fire for tblastx.
B	43	src/objtools/align_format/align_format_util.cpp	932-938	CAlignFormatUtil::AddSpace	size_t argument	reusable	ported	ported	report/pairwise.rs:2514(write_tblastx_alignment: write_spaces(width + 2 - digit_count(start)) in usize)	rscratch_B/w/p10 (Query 10000 next to Sbjct 5001: 1 and 2 spaces) identical; tblastx.lc.0	digits(start) <= width + 1 always holds here, so the usize subtraction gives the same 1-space case as NCBI's size_t wrap and never underflows.
B	44	src/objtools/align_format/showalign.cpp	1776-1784	CDisplaySeqalign::x_DisplayMiddLine	no_id -> no mask applied	reusable	ported	ported	report/pairwise.rs:2514(write_tblastx_alignment: write_spaces(7 + width + 2), then the middle characters, trailing spaces kept)	tblastx.lc.0; rscratch_B/w/amb2 identical	Indent 5+2+width+2; the query residue is uppercased before the comparison, so masked (lowercase) query residues print uppercase in the middle line.
B	45	src/objtools/align_format/showalign.cpp	2485-2574	CDisplaySeqalign::x_OutputSeq (lowercase masking)	m_SeqLocChar == eLowerCase, id set (rows only)	needs-param	ported	ported	algorithm/tblastx/report.rs:374(lowercase_query_row); algorithm/tblastx/report.rs:423(pairwise_hits: lowercase after the counts)	tblastx.lc.0 (lowercase on plus and minus frames, minus-frame last residue uppercase); tblastx.segno.0 (-seg no: none); tblastx.ambig.0; 127 of 360 random outputs contain lowercase query residues and are identical (also -seg yes, -seg \"10 1.8 2.0\", -seg \"20 2.0 2.5\")	Only the Query row is lowercased, only by masks of the row's own frame, copy lowercased after the counts, subject and middle line untouched.
B	46	src/objtools/align_format/showalign.cpp	1244-1251;4292-4337	CDisplaySeqalign::x_FillLocList / x_PrepareRowData (mask intervals to columns)	query masks (row 0); subject rows use m_SubjectMasks (empty)	needs-param	ported	ported	algorithm/tblastx/report.rs:374(lowercase_query_row: the intersection test `to < low || from > high`, columns first/last per row direction)	tblastx.lc.0; 127 random outputs with lowercase identical	A mask applies when the HSP's nucleotide range [low,high] intersects [from,to] (mask frame equal to the row frame); plus row -> columns (col(from), col(to)), minus row -> (col(to), col(from)).
B	47	src/objtools/alnmgr/alnmap.cpp	399-524;527-596	CAlnMap::GetRawSeg / GetAlnPosFromSeqPos (width 3)	dir = eBackwards, try_reverse_dir = true; single segment	needs-param	ported	ported	algorithm/tblastx/report.rs:383(lowercase_query_row: column closure)	tblastx.lc.0; 127 random outputs with lowercase identical	col(p) = (p-low)/3 for plus rows, n-1-(p-low)/3 for minus rows, clamped to the nearest end for positions outside the HSP (alnmap.cpp:551-558 with one segment).
B	48	src/algo/blast/api/blast_aux.cpp	903-959 (Map 825-843)	Blast_GetSeqLocInfoVector (translated query masks)	program is not blastn: one CSeqLocInfo per mask per context with frame = BLAST_ContextToFrame	needs-param	ported	ported	algorithm/tblastx/report.rs:403(lowercase_query_row: skips from > to and from == 0 && to == query_length - 1)	tblastx.lc.0; unit test query_masks_convert_with_ncbis_frame_formulas (algorithm/tblastx/report.rs:875)	Map() returns the whole target for an empty (inverted) range and the mask is dropped; both kTarget cases ([0,L-1] or [0,L] from s_LocalQueryData2Packed_seqint) are unreachable for SEG masks of a translated query (plus frames end at most at L-3, minus frames begin at >= 1 after the conversion), so the full-query test is dead but harmless.
B	49	src/algo/blast/core/blast_filter.c	892-953; src/algo/blast/core/blast_setup.c:641-646	BlastMaskLocProteinToDNA (SEG masks of the translated query, protein -> nucleotide)	tblastx (Blast_QueryIsTranslated); frame < 0 versus frame > 0	reusable	reused	reused	algorithm/blastx/query_setup.rs:517(protein_to_dna_masks, unchanged); algorithm/tblastx/report.rs:283(query_dna_masks: dna_length as BlastQueryInfoGetQueryLength, frames kept)	tblastx.lc.0 (minus-frame quirk: last residue of each masked run stays uppercase); unit test query_masks_convert_with_ncbis_frame_formulas (algorithm/tblastx/report.rs:875); independent segmasker check in B_notes.md section 3.4	protein_to_dna_masks is the shared faithful port of BlastMaskLocProteinToDNA (not in the S08 diff), including the minus-frame one-codon error and the [0,L-1] clamps; the TBLASTX glue computes dna_length = 2 + sum of the three frames' protein lengths (blast_query_info.c:143-160) and passes the frame.
B	50	src/objtools/align_format/showalign.cpp	1047-1053;1249-1251	CDisplaySeqalign::SetSubjectMasks / subject-row x_FillLocList	tblastx -subject without -lcase_masking	n/a	n/a	n/a	-	tblastx.lc.0 (no lowercase in any Sbjct row); rscratch_B/w/lc (lowercase subject input prints uppercase subject rows)	Inventory reason kept: a local -subject without -lcase_masking has no subject masks, and tblastx records none for the subject. LOSAT's write_tblastx_alignment never lowercases the subject row.
B	51	src/algo/blast/format/blast_format.cpp	1585-1589;444-479	CBlastFormat::PrintOneResultSet end / x_PrintOneQueryFooter (boundary)	tblastx has ungapped Karlin block only	reusable	ported	ported	report/pairwise.rs:2612(write_tblastx_query_footer: leading blank line, ungapped Lambda/K/H block, search space)	tblastx.lc.0; tblastx.multi.0; tblastx.invalid.0; tblastx.unsearched.0; tblastx.nohit.0	Boundary only (the footer belongs to another range): after the last Sbjct line the chunk, HSP and footer blank lines give three blank lines before \"Lambda      K        H\"; no gapped block for tblastx.
B	52	src/objtools/align_format/showalign.cpp	1986-2150	CDisplaySeqalign::DisplaySeqalign (eMergeAlign branch)	-outfmt 1-4 (query-anchored / flat)	rejected	rejected	rejected	blastinput/value_parsers.rs:678(tblastx_outfmt)	LOSAT tblastx ... -outfmt 1 -> \"error: invalid value '1' for '-outfmt <SPEC>': unsupported TBLASTX outfmt: only 0, 6 and 7 without custom fields are implemented\"	eMergeAlign (-outfmt 1-4) is not reachable: tblastx_outfmt accepts only 0, 6 and 7 (also not \"6 qseqid\", \"7 std\", \"+6\", \"06\").
B	53	src/objtools/align_format/showalign.cpp	1629-1677;1694-1774	x_DisplayInsertsForQueryAnchored / x_DisplaySequenceIDForQueryAnchored	eMasterAnchored / eMergeAlign / eHyperLink*	rejected	rejected	rejected	blastinput/value_parsers.rs:678(tblastx_outfmt); algorithm/tblastx/args.rs (TblastxArgs has no -html: clap rejects it)	LOSAT tblastx ... -outfmt 1 -> unsupported TBLASTX outfmt message (as row 52); -sorthits 1 -> \"unknown option or argument\"	Query-anchored / hyperlink display is reachable only through -outfmt 1-4 or -html; neither is accepted.
B	54	src/objtools/align_format/showalign.cpp	883-962;4341-4398;4427-4493;4095-4118;1080-1198;2616-2944	x_PrintFeatures / x_GetQueryFeatureList / x_GetDomainInfo / x_PrepareDynamicFeatureInfo / x_AddTranslationForLocalSeq / x_GetFeatureInfo	feature lines	n/a	n/a	n/a	-	-	Inventory reason kept: no feature, domain, CDS or translation lines (m_QueryFeature / m_DomainInfo NULL, no feature flags); LOSAT writes none.
B	55	src/objtools/align_format/showalign.cpp	1869-1909;4577-4658;3465-3493;3923-3954;4026-4093;4690-4787	x_InitAlignParams / x_PreProcessSeqAlign / x_CalcUrlLinksParams / x_DisplayMpvAnchor / x_ShowAlnvecInfoTemplate / x_FormatSingleAlign / DisplayPairwiseSeqalign	HTML, linkout, templates	n/a	n/a	n/a	-	LOSAT tblastx ... -html -> unknown option	Inventory reason kept: HTML / linkout / template work is skipped for plain text; -html is not an option of LOSAT's TBLASTX.
B	56	src/objtools/align_format/showalign.cpp	394-410;2535-2574	s_ColorDifferentBases / s_ProcessStyledContent (colour and styled mask output)	eHtml or eColorDifferentBases	n/a	n/a	n/a	-	-	Inventory reason kept: no colour or styled-mask output without eHtml; the plain lowercase copy is what is written (row 45).
B	57	src/algo/blast/format/blast_format.cpp	1547-1548;1581-1584; src/algo/blast/api/local_blast.cpp:294	CBlastFormat::PrintOneResultSet (mask hand-off)	-seg yes (default for tblastx), no -lcase_masking	needs-param	ported	ported	algorithm/tblastx/blast_engine/run_impl.rs:1574(frame.seg_masks.push); algorithm/tblastx/blast_engine/run_impl.rs:2097(TblastxQueryStats.seg_masks per frame); algorithm/tblastx/blast_engine/mod.rs:184(TblastxQueryStats.seg_masks); algorithm/tblastx/report.rs:431(pairwise_hits: query_dna_masks per query)	tblastx.lc.0; tblastx.segno.0 (-seg no -> no masks, no lowercase); tblastx.batch.0; 127 random outputs with lowercase identical	The masks of every frame (+1..+3,-1..-3) of every query are kept next to the query (protein coordinates, end exclusive), converted per query at report time (row 49), independent of where the HSPs are; with -seg no the SegMasker is not run so the lists are empty.
B	58	src/objtools/alnmgr/alnvec.cpp	273-298	CAlnVec::GetWholeAlnSeqString (sequence shorter than the segment)	buf_len < seg_len	n/a	n/a	n/a	-	-	Inventory reason kept: the translated sequence is never shorter than the segment (HSP inside both sequences, 3*L nt).
B	59	src/objtools/align_format/showalign.cpp	84-100;2285-2293	file-level constants of the pairwise layout	-	reusable	ported	ported	report/pairwise.rs:2514(write_tblastx_alignment: \"Query  \"/\"Sbjct  \" + width + 2 + 2 + 7 literals)	tblastx.lc.0; rscratch_B/w/pp (3-digit start width 3 -> 2 spaces; 2-digit -> 3 spaces) identical	k_IdStartMargin 2, k_StartSequenceMargin 2, k_SeqStopMargin 2 and \"Length=\" (write_subject_header) as in NCBI with CTOOLKIT_COMPATIBLE unset.
B	60	src/algo/blast/core/blast_filter.c	972-1014;1256	BlastSeqLocCombine (via BlastSetUp_Filter)	SEG intervals of one translated frame	reusable	reused	reused	algorithm/blastx/query_setup.rs:557(combine_masks, unchanged); algorithm/tblastx/report.rs:304(query_dna_masks calls it on the inclusive (start, end-1) pairs of each frame)	unit test query_masks_convert_with_ncbis_frame_formulas (algorithm/tblastx/report.rs:875); tblastx.lc.0	Shared BlastSeqLocCombine(link 0) port: sort by start, merge only strictly overlapping intervals (touching [a,b],[b+1,c] stay separate). A touching pair on a minus frame was not produced by SEG in any oracle run (B_notes section 6a), so that path is checked by code reading only.
B	61	src/objtools/align_format/align_format_util.cpp	1125-1147	CAlignFormatUtil::ExtractSeqalignSetFromDiscSegs	no Disc Seq-align in a tblastx result	n/a	n/a	n/a	-	-	Inventory reason kept: no Disc Seq-align in a tblastx result; LOSAT has no Seq-align.
C	1	src/algo/blast/format/blast_format.cpp	1539-1541	CBlastFormat::PrintOneResultSet (table gate)	tblastx -subject (bl2seq in DbScan mode), query has hits	missing	ported	ported	report/pairwise.rs:2800-2810(write_tblastx_pairwise_report)	tblastx.multi.0; tblastx.lc.0	The description table is written for every query with hits, then the blank line of blast_format.cpp:1545; a query without hits takes the No hits found branch (pairwise.rs:2760-2767). For -subject NCBI has m_IsBl2Seq && m_IsDbScan, m_DisableKAStats false, kIsGlobal false, so the gate is always true (BL2SEQ_LEGACY out of scope). Oracle (rscratch_C/cmp.sh, full outfmt 0 byte equal): multi1, ev, title_ascii, titles4, titles5, dup, link, lowbits, many540b, sc1_* (24 windows).
C	2	src/algo/blast/format/blast_format.cpp	1519-1521; showalign.cpp:3163-3215	CBlastFormat::PrintOneResultSet + CDisplaySeqalign::PrepareBlastUngappedSeqalign	m_IsUngappedSearch (always true for tblastx)	n/a	n/a	n/a	algorithm/tblastx/report.rs:765(final_hit_order); report/pairwise.rs:2771-2784(subject grouping)	tblastx.multi.0	Inventory reason kept: only a data-model step. LOSAT keeps one ordered HSP list per subject (final_hit_order gives Blast_HSPListSortByEvalue order) and groups by subject index, so equal ids of different records stay separate as in NCBI (oracle dup_s.fa: records with identical deflines give separate rows and headings, byte equal).
C	3	src/algo/blast/format/blast_format.cpp	98,165-166,236-237,280-281; src/algo/blast/api/tblastx_options.cpp:73,80; src/app/blast/tblastx_app.cpp:157	CBlastFormat::CBlastFormat (m_ShowLinkedSetSize)	use_sum_statistics && m_IsUngappedSearch	missing	ported	ported	report/pairwise.rs:2807(show_sum_n=true), 1851-1854, 1897-1899	tblastx.lc.0; unit test description_table_shows_the_linked_set_column	TBLASTX always passes show_sum_n=true (use_sum_statistics and !gapped always hold; -sum_stats cannot be given, row 4), so every TBLASTX table has the N column. BLASTX still passes !options.gapped && options.sum_stats (pairwise.rs:3828).
C	4	src/algo/blast/blastinput/blast_args.cpp	240-243,321-322	CGenericSearchArgs (-sum_stats)	-sum_stats false / -max_intron_length	rejected	deferred	deferred	algorithm/tblastx/args.rs (no -sum_stats / -max_intron_length)	-	Option is in the deferred list (options TBLASTX does not accept). Oracle: LOSAT tblastx -sum_stats false and -max_intron_length 10 stop with: error: unknown option or argument ... use -help for CLI v2 syntax (exit 2); NCBI accepts both (-sum_stats false drops the N column).
C	5	src/algo/blast/format/blast_format.cpp	498-523	CBlastFormat::x_ConfigCShowBlastDefline	default options	missing	ported	ported	report/pairwise.rs:1851-1854, 1897-1899 (only the N column; no Max ident, Total score or Query cover columns)	tblastx.multi.0	eShowSumN is the only flag: header and rows have no extra columns. -sorthits (which would add three) and -num_descriptions are not accepted (deferred list). eNoShowHeader needs 0 descriptions; -max_target_seqs 0 is a parser error (exception: clap text, exit 2 vs NCBI USAGE exit 1; oracle).
C	6	src/algo/blast/format/blast_format.cpp	566-614	CBlastFormat::x_DisplayDeflines (non-PSI branch)	itr_num == max (not iterative)	missing	ported	ported	report/pairwise.rs:2800-2810; report/pairwise.rs:1902 (blank line of blast_format.cpp:613)	tblastx.multi.0; tblastx.lc.0	Non-PSI branch only (itr_num is never set for tblastx). Stream order after the Length= line: header line 1, header line 2, empty line, rows, empty line (613, pairwise.rs:1902), empty line (1545, pairwise.rs:2809), then the first > heading. Byte equal on all oracle sets.
C	7	src/algo/blast/blastinput/blast_args.cpp	2910-2977; include/algo/blast/blastinput/blast_args.hpp:1103; src/objtools/align_format/format_flags.cpp:219	CFormattingArgs::ExtractAlgorithmOptions (m_NumDescriptions)	outfmt 0: default / -max_target_seqs N	missing	ported	ported	algorithm/tblastx/blast_engine/run_impl.rs:1154-1157(write_tblastx_outputs: num_descriptions, num_alignments)	tblastx.many.0; tblastx.many_mts255.0; tblastx.mts3.0; tblastx.mts1.0	Default 500 descriptions and 250 alignments; -max_target_seqs N gives N and N (blast_args.cpp:2960-2968; the hitlist_size > 500 block 2899-2908 is import-search-strategy only). Own oracle: 540 subjects (many540b) default 500 rows/250 alignments, -max_target_seqs 530/510/5/1, all byte equal incl. stderr.
C	8	src/algo/blast/core/blast_hits.c	3243-3300	Blast_HitListUpdate (hit list size = hitlist_size)	-max_target_seqs N smaller than the number of subjects with hits	divergent	ported	ported	algorithm/tblastx/report.rs:765(final_hit_order with hitlist_size = max_target_seqs or 500); algorithm/blastn/hsp.rs:1023(HitList::update, shared port of Blast_HitListUpdate)	tblastx.mts1.0; tblastx.mts3.0; hitlist.max2_fmt7; hitlist.max5	Applied before every format (RI:1058). Own oracle (byte equal): many540b with -max_target_seqs 1,5,510,530, 2147483647; big3_XY(-mts 1,2), big3_XYY2(-mts 1,2,3), dup_s(-mts 1..5), ties_s (12 identical subjects, -mts 1,3,5,11,12). -max_target_seqs 2147483648 is a parser error in both (exception).
C	9	src/algo/blast/blastinput/blast_args.cpp	2975-2977	CFormattingArgs::ExtractAlgorithmOptions (hitlist_size < 5 warning)	-max_target_seqs 1..4	divergent	ported	ported	algorithm/tblastx/blast_engine/run_impl.rs:759-772(process_options); report/query_warnings.rs:122(few_matches_warning)	tblastx.mts1.0 (stderr); warnings.mts2_fmt0.merged; warnings.mts4_fmt7.merged; hitlist.max1.err	Warning: [tblastx] Examining 5 or more matches is recommended, for -max_target_seqs 1..4 in every format, before Query is Empty! Oracle: -max_target_seqs 1,3,4 stderr equal; 5 and 510 print nothing in both. -max_target_seqs 0, -1, abc, 2147483648: parser errors (exception: clap text, exit 2).
C	10	src/objtools/align_format/showdefline.cpp	1004-1011	CShowBlastDefline::DisplayBlastDefline	-	needs-param	ported	ported	report/pairwise.rs:1783-1903(write_blastn_description_table, new show_sum_n parameter)	tblastx.multi.0; tblastx.lc.0; unit test description_table_shows_the_linked_set_column	x_InitDeflineTable then x_DisplayDefline are done by the one shared writer: widths from all rows first, then header and rows. TBLASTX calls it from pairwise.rs:2801.
C	11	src/objtools/align_format/showdefline.cpp	594-603; 659-733; 1483-1516	CShowBlastDefline::Init / x_InitDefline / x_GetScoreInfo	m_DeflineTemplates == NULL via Init()	n/a	n/a	n/a	-	-	Inventory reason kept: blast_format never calls Init(), so x_InitDefline/x_GetScoreInfo (the first-HSP rule) are not reached. LOSAT TBLASTX does not use write_subject_summary_table_with_sum_n, which models that dead code (BLASTP and BLASTX still do, see row 38).
C	12	src/objtools/align_format/showdefline.cpp	1055-1062	CShowBlastDefline::x_InitDeflineTable (width initialisation)	-	needs-param	ported	ported	report/pairwise.rs:1815-1818(max_score, max_evalue, max_total, max_sum_n)	tblastx.multi.0; tblastx.lc.0	Start widths 6, 5, 1, 5. CTOOLKIT_COMPATIBLE gives (bits) as in NCBI (ncbi_k_bits, pairwise.rs:756); oracle with CTOOLKIT_COMPATIBLE=1 byte equal on multi1, big2_Y, lowbits.
C	13	src/objtools/align_format/showdefline.cpp	1076-1131	CShowBlastDefline::x_InitDeflineTable (loop over the Seq-align set)	default	needs-param	ported	ported	report/pairwise.rs:1791-1831(rows, width loop); report/pairwise.rs:2771-2800(subjects in hit-list order, first num_descriptions described)	tblastx.multi.0; tblastx.lc.0	Per described subject the table takes its HSPs in Seq-align order. The NCBI loop stops after num_descriptions subjects (num_align < m_NumToShow); LOSAT slices subject_order to num_descriptions. Oracle: big3_XYY2 with -max_target_seqs 1,2,3 and many540b (540 subjects, default) equal.
C	14	src/objtools/align_format/showdefline.cpp	1133-1158	CShowBlastDefline::x_InitDeflineTable (the last hit)	subjects <= m_NumToShow (always, with in-scope options)	reusable	reused	reused	report/pairwise.rs:1824-1830(last_row_counted); report/pairwise.rs:2804(subject_order.len() <= report.num_descriptions)	tblastx.lc.0 (score column 9 wide); tblastx.many.0	Shared with BLASTN: for the last described row the score width is set to the total string length when it exceeds the Total width (assignment to the SCORE width, showdefline.cpp:1140-1142); not applied when subjects exceed the descriptions. Oracle byte equal: big_A_only, big_A_small, big2_XY, big3_XY (also -mts 2 = subject count), big3_XYY2(-mts 2,3), big3_YY2.
C	15	src/objtools/align_format/showdefline.cpp	1518-1560	CShowBlastDefline::x_GetScoreInfoForTable	BLAST Seq-aligns (no seq_hspnum score)	needs-param	ported	ported	report/pairwise.rs:1791-1810(rows)	tblastx.multi.0; tblastx.lc.0	One row per subject: best-bit HSP for score and E, first HSP for N, sum of all bit scores for the total. Oracle where first HSP != best-bit HSP (multi1 sub3; sc1_123796_..., sc1_129875_..., sc1_182408_...): byte equal.
C	16	src/objtools/align_format/align_format_util.cpp	4247-4313	CAlignFormatUtil::GetSeqAlignSetCalcParams (score)	subject with several HSPs	reusable	reused	reused	report/pairwise.rs:1796-1801	tblastx.multi.0; oracle multi1 sub3, sc1_*	Highest bit score with strict > scanning in Seq-align order (first of equal wins). LOSAT starts from the first HSP, NCBI from 0; they differ only for a bit score <= 0, which a positive raw score cannot give (needs K > 1). Uses Hit.bit_score of the per-context Karlin block.
C	17	src/objtools/align_format/align_format_util.cpp	4247-4313	CAlignFormatUtil::GetSeqAlignSetCalcParams (E-value)	subject with several HSPs	reusable	reused	reused	report/pairwise.rs:1796-1801	tblastx.multi.0; oracle multi1 sub3, sc1_*	E-value of the best-bit HSP (not the lowest E of the subject), as in NCBI variable lowest_evalue. Byte equal where the row E is larger than the first HSP E (multi1 sub3: 0.017 vs first Expect(3)=9e-04).
C	18	src/objtools/align_format/align_format_util.cpp	4215-4245,4259	CAlignFormatUtil::GetSeqAlignCalcParams / GetSeqAlignSetCalcParams (N)	default	needs-param	ported	ported	report/pairwise.rs:1802; algorithm/tblastx/report.rs:469(pairwise_hits: sum_n=Some(hsp.num)); algorithm/tblastx/sum_stats_linking/linking.rs:557,887-893(num)	tblastx.lc.0; tblastx.multi.0; unit test description_table_shows_the_linked_set_column	N = num of the FIRST HSP in Seq-align order, 1 when num <= 1 (no sum_n score), digits counted for Wn. Oracle: N of 3 digits (link set: 102, 159, 84 with the trailing space of Wn=3), N of the front HSP while the best-bit HSP has another N (multi1 sub3), front HSP single while others linked (sc1_200199_...): byte equal.
C	19	src/objtools/align_format/align_format_util.cpp	4285,4310-4311	CAlignFormatUtil::GetSeqAlignSetCalcParams (total bits)	default	reusable	reused	reused	report/pairwise.rs:1806, 1823-1830	tblastx.lc.0	Total = sum of the bit scores of all HSPs of the subject, used only for the width rule (> 99999 gives 9 characters).
C	20	src/objtools/align_format/align_format_util.cpp	782-861; 230-263	CAlignFormatUtil::GetAlnScores / s_GetBlastScore (8-arg)	Seq-align score names read	missing	ported	ported	report/pairwise.rs:1791-1810; algorithm/tblastx/report.rs:469	tblastx.multi.0	No Seq-align object exists in LOSAT: score names map to fields (bit_score to hit.bit_score, e_value or sum_e to hit.e_value, sum_n to PairwiseHit.sum_n read only when > 1). NCBI skips bit_score when hsp->bit_score < 0 (blast_seqalign.cpp:1194), which a positive raw score cannot give; E-value below 1e-180 prints 0.0 in both (format_evalue_ncbi).
C	21	src/algo/blast/api/blast_seqalign.cpp	1131,1180-1198	s_BuildScoreList (what BLAST writes)	hsp->num > 1 or not; evalue < 1e-180	faithful	faithful	faithful	algorithm/tblastx/report.rs:469; algorithm/tblastx/report.rs:765	tblastx.lc.0; tblastx.multi.0	The producer side (num > 1 gives sum_n, E below 1e-180 gives 0.0, e_value vs sum_e is the same variable) was already faithful in the engine; S08 only carries num to the report (row 18).
C	22	src/algo/blast/api/blast_seqalign.cpp; src/algo/blast/core/blast_hits.c	blast_seqalign.cpp:1577; blast_hits.c:1330-1355,1396-1457	Blast_HSPListSortByEvalue (Seq-align order inside a subject)	all subjects	faithful	faithful	faithful	algorithm/tblastx/report.rs:765(final_hit_order); common.rs:380(evalue_compare_hsps)	tblastx.multi.0; tblastx.lc.0; tblastx.many.0	Per-subject HSP order E-value ascending (1e-180 epsilon), raw score descending, then offsets: it decides first/front. Byte equal on all oracle sets (3539 HSPs in big sets, 4319 in lc).
C	23	src/algo/blast/core/blast_stat.c	2764-2790	Blast_ScoreBlkKbpUngappedCalc (per-context Karlin block)	tblastx	faithful	faithful	faithful	algorithm/tblastx/blast_engine/run_impl.rs:3442-3447(bit score from the HSP context karlin_params); algorithm/tblastx/lookup/backbone.rs:367-372(per-context Karlin blocks)	tblastx.lc.0; tblastx.segno.0; tblastx.code4q.0	Equal raw scores can have different bit scores in different frames, so the best-bit HSP is chosen by Hit.bit_score; verified by the byte equal oracle sets above.
C	24	src/objtools/align_format/align_format_util.cpp	940-1004	CAlignFormatUtil::GetScoreString (E-value)	thresholds	reusable	reused	reused	report/outfmt6.rs:256(format_evalue_ncbi)	tblastx.lc.0; oracle ev (-evalue 100000), big2_Y (E 8e-133), lowbits (-evalue 1e9)	Thresholds 1e-180, 1e-99, 0.0009, 0.1, 1, 10 and formats; byte equal on every table above (0.0, 8e-133, 8e-100, 0.017, 0.59, 1.1, 10, 14, 5939).
C	25	src/objtools/align_format/align_format_util.cpp	940-1004	CAlignFormatUtil::GetScoreString (bit score)	thresholds	reusable	reused	reused	report/outfmt6.rs:313(format_bitscore_ncbi)	tblastx.lc.0; oracle lowbits (9.3 prints as \" 9.3\"), multi1	> 99999 %5.3le, > 99.9 (long) truncation in a field of 3, else %4.1lf.
C	26	src/objtools/align_format/align_format_util.cpp	940-1004	CAlignFormatUtil::GetScoreString (total bit score)	thresholds	reusable	reused	reused	report/outfmt6.rs:313(format_bitscore_ncbi)	tblastx.lc.0 (total 1.392e+05)	Total uses %2.1lf at or below 99.9 where the bit score uses %4.1lf; only the length > 5 case matters (the width rule) and it is identical.
C	27	src/objtools/align_format/align_format_util.cpp	932-938	CAlignFormatUtil::AddSpace	negative difference	n/a	n/a	n/a	-	-	Inventory reason kept: AddSpace with a negative difference is not reachable (widths never fall below a row; the title is cut to 68 bytes). LOSAT pads with write_spaces and 68 - len only when len <= 68.
C	28	src/objtools/align_format/showdefline.cpp	757-849	CShowBlastDefline::x_DisplayDefline (header lines)	eShowSumN set, eShowPercentIdent/TotalScore/QueryCoverage off, first pass	needs-param	ported	ported	report/pairwise.rs:1832-1856	tblastx.multi.0; tblastx.lc.0; unit test description_table_shows_the_linked_set_column	Header line 1: 70 spaces, Score padded to Wscore, 4 spaces, E. Header line 2: the 43-character text padded to 69, (Bits) padded to Wscore, 2 spaces, Value, then Wvalue-5+2 spaces and N, no trailing space; then the empty line. Byte equal in all oracle sets (Wscore 6 and 9, Wvalue 5 to 7, Wn 1 to 3).
C	29	src/objtools/align_format/showdefline.cpp	893-909	CShowBlastDefline::x_DisplayDefline (row id)	subject id contains lcl|Subject_	reusable	reused	reused	report/pairwise.rs:1857-1865 (the id is not printed; the label is the whole defline)	tblastx.multi.0; oracle titles5 (lcl|abc, gnl|BL_ORD_ID|5 x, Subject_5 x, ref|NC_1.1|, gi|123|gb|..)	NCBI skips ids that contain lcl|Subject_ or gnl|BL_ORD_ID, which is every -subject id, so the title is the whole defline; titles with lcl|, gnl|, ref| and gi| prefixes are byte equal.
C	30	src/objtools/align_format/showdefline.cpp	498; 913-930; src/objtools/align_format/align_format_util.cpp:4727-4787	CShowBlastDefline::x_FillDeflineAndId / x_DisplayDefline (title text)	nucleotide subject title	reusable	reused	reused	report/defline.rs:94(ncbi_nucleotide_title with leave_prefix=true)	tblastx.multi.0; oracle titles4, titles5, title_ascii	Cleaning (trailing .,;~ trimmed, space runs compressed, MAG:/TPA:/TSA:/UNVERIFIED: prefixes kept, even the id8;, ~ quirk of x_CleanAndCompress) byte equal. HTML character references and punctuation titles that read past the end are rejected (row 37).
C	31	src/objtools/align_format/showdefline.cpp	913-930	CShowBlastDefline::x_DisplayDefline (title truncation and padding)	line_component.size() + line_length > m_LineLen	reusable	reused	reused	report/pairwise.rs:1876-1882	tblastx.multi.0; oracle title_ascii (66-120 byte titles), titles4 (id6)	Byte based: more than 68 bytes gives the first 65 plus ..., else padded to 68.
C	32	src/objtools/align_format/showdefline.cpp	936-940	CShowBlastDefline::x_DisplayDefline (score column)	-	reusable	reused	reused	report/pairwise.rs:1883-1887	tblastx.multi.0; tblastx.lc.0	Two spaces, bit string padded to Wscore.
C	33	src/objtools/align_format/showdefline.cpp	958-959	CShowBlastDefline::x_DisplayDefline (E column)	-	reusable	reused	reused	report/pairwise.rs:1883-1887	tblastx.multi.0; tblastx.lc.0	Two spaces, E string padded to Wvalue.
C	34	src/objtools/align_format/showdefline.cpp	961-965	CShowBlastDefline::x_DisplayDefline (N column)	eShowSumN	needs-param	ported	ported	report/pairwise.rs:1897-1899	tblastx.multi.0; tblastx.lc.0; unit test description_table_shows_the_linked_set_column	Two spaces then N padded to Wn (trailing spaces only when Wn is wider than that row N); no pad after the last digit otherwise.
C	35	src/objtools/align_format/showdefline.cpp	852-854,985	CShowBlastDefline::x_DisplayDefline (row loop)	rows = m_ScoreList	reusable	reused	reused	report/pairwise.rs:1857-1901	tblastx.multi.0	Rows in subject order, one per described subject.
C	36	src/algo/blast/core/blast_hits.c	3078-3110	s_EvalueCompareHSPLists (subject order)	equal best E-values	faithful	faithful	faithful	algorithm/tblastx/report.rs:765(final_hit_order: HitList::update then sort_by_evalue); algorithm/blastn/hsp.rs:1096(HitList::sort_by_evalue)	tblastx.multi.0; tblastx.many.0; oracle ties_s, dup_s, big3_YY2	Subjects by best E-value, ties by the first HSP raw score, then higher oid first (12 identical subjects c00..c11 print c11 first, byte equal, also with -max_target_seqs 3 which keeps c11, c10, c09).
C	37	src/algo/blast/api/blast_seqalign.cpp; src/objtools/align_format/showdefline.cpp	n/a	titles with non-ASCII bytes (oracle only)	subject defline with a non-ASCII byte	missing	rejected	rejected	algorithm/tblastx/blast_engine/run_impl.rs:889-930(check_report_titles)	oracle: LOSAT tblastx -outfmt 0 on sets/title2_s.fa and sets/title_s.fa (exit 1)	Message starts: subject record N has a defline that is empty, starts with white space or has a control character or a non-ASCII byte, which NCBI BLAST+ reads differently in the outfmt 0 and 7 titles; this is not supported by LOSAT TBLASTX. The same check also rejects, for outfmt 0 subjects, an HTML character reference in the defline and a punctuation title that x_CleanAndCompress reads past. All subjects are checked, even those without hits.
C	38	src/objtools/align_format/showdefline.cpp	1051-1160 (all callers of the BLASTP/TBLASTN/BLASTX writer)	CShowBlastDefline for every program (switch question)	program-agnostic	divergent	n/a	n/a	report/pairwise.rs:3378(write_tblastn_pairwise_report calls write_blastn_description_table); BLASTP report/pairwise.rs:1576,2986 and BLASTX report/pairwise.rs:3823 still call write_subject_summary_table_with_sum_n	tblastx.multi.0 (TBLASTX); oracle 12 BLASTX windows byte equal (rscratch_C/bx)	Inventory asks whether other programs should move to the x_InitDeflineTable rule. For TBLASTX the final code uses it (rows 10-36). S08 also moved TBLASTN (pairwise.rs:3378). BLASTP and BLASTX keep the older first-HSP/plain-width table: outside this session TBLASTX scope; it can differ from NCBI only for a subject whose first HSP has fewer bits than another HSP or whose last total exceeds 99999 bits. Not a TBLASTX row; flagged for the owners.
C	39	src/objtools/align_format/showdefline.cpp	1087,1100-1127; 541-575	CShowBlastDefline::x_InitDeflineTable (skip range) / constructor	m_SkipFrom = m_SkipTo = -1	n/a	n/a	n/a	-	-	Inventory reason kept: skip range is -1/-1 for non-PSI runs (blast_format.cpp:609, showdefline.cpp:541-575).
C	40	src/objtools/align_format/align_format_util.cpp	2997-3016,1462-1490	GetSeqAlignCoverageParams / GetAlignmentLength (called by GetSeqAlignSetCalcParams)	every HSP of every shown subject	n/a	n/a	n/a	-	-	Inventory reason kept: only percent_coverage and percent_identity are computed there and they are not shown (eShowQueryCoverage and eShowPercentIdent off). No oracle input threw an exception there.
C	41	src/objtools/align_format/showdefline.cpp	1577-1620	CShowBlastDefline::x_GetDeflineInfo (exception path)	CException while fetching the Bioseq	n/a	n/a	n/a	-	-	Inventory reason kept: the exception path (CException while fetching the subject Bioseq) cannot occur for a local -subject FASTA.
D	1	src/app/blast/tblastx_app.cpp	132-135	CTblastxApp::Run (empty query)	query file has no non-whitespace character	missing	ported	ported	algorithm/tblastx/blast_engine/run_impl.rs:775-792(search_cli: process_options, is_blank, writes \"Warning: [tblastx] Query is Empty!\"); algorithm/tblastx/blast_engine/run_impl.rs:832(run_local: query_records.is_empty()); algorithm/blastn/input.rs:39(is_blank, shared)	empty.query_fmt7; empty.query_fmt0; empty.blank_query_fmt6; live: empty, \"\\n\", spaces/tabs/newlines, \" \\t\\v\\f\\r\\n \" files -> stdout, stderr, rc identical to NCBI; -out file is created empty in both; with -max_target_seqs 1 the \"Examining 5 or more matches\" line precedes \"Query is Empty!\" in both	Returns before any prolog/epilog: no \"# BLAST processed\" line, rc 0. is_blank = C isspace set (space \\t \\n \\v \\f \\r) as `in >> c`. A file with a non-space byte that is not a FASTA line (e.g. only NBSP or NUL) is an error in both (rc 1) with different texts: NCBI \"BLAST query error: CFastaReader: Near line 1, there's a line that doesn't look like plausible data...\" vs LOSAT \"Error: failed to read query FASTA ... Expected > at record start.\" -> deferred item \"NCBI file error texts for -query\".
D	2	src/app/blast/blast_app_util.cpp	846-875	IsIStreamEmpty	seekable stream vs pipe	missing	GAP	rejected: an empty query from a stream without a position (run_impl.rs search_cli), 06953c68d; -query - stays an argument error (deferred)	algorithm/tblastx/blast_engine/run_impl.rs:789(is_blank on the bytes of a path; seekable-file branch only); blastinput/value_parsers.rs:539(file_path: \"-query -\" rejected with \"a file path is required; stdin is not implemented\")	oracle: printf \"\" | tblastx -query /dev/stdin -subject ss.fa -outfmt 7 ; printf \"  \\n\" | tblastx -query /dev/stdin ... ; same with LOSAT tblastx	LOW. Seekable branch (empty or whitespace-only file) is ported (row 1). `-query -` (the usual pipe) is rejected by the argument parser (clap text, exit 2). Residual GAP: a pipe given as a path. `printf \"\" | tblastx -query /dev/stdin -subject in/s1.fa -outfmt 7`: NCBI stdout `# BLAST processed 0 queries`, stderr empty, rc 0 (tellg<0 so IsIStreamEmpty is false); LOSAT stdout empty, stderr `Warning: [tblastx] Query is Empty!`, rc 0. `printf \"  \\n\" | tblastx -query /dev/stdin ...`: NCBI stderr `BLAST engine error: Empty CBlastQueryVector`, rc 3; LOSAT `Query is Empty!`, rc 0. Only reachable through /dev/stdin, /proc/self/fd, FIFOs or process substitution. Inventory says `-query -` is out of scope; downgrade to rejected-equivalent if named pipes are out of scope too.
D	3	src/app/blast/tblastx_app.cpp	173-217	CTblastxApp::Run (batch loop)	order of prolog, batches, epilog; exception	missing	ported	ported	algorithm/tblastx/blast_engine/run_impl.rs:1271-1362(run_in_pool: prologs, batch loop with next_query_batch_end, one write_tblastx_outputs after the last batch); algorithm/tblastx/blast_engine/run_impl.rs:1036(write_tblastx_outputs); algorithm/tblastx/report.rs:544(write_tabular)	tblastx.multi.7; tblastx.batch.7; env.batch100000_fmt7; env.batch0_fmt7 (exit 3, empty stdout); env.batch300_invalid_fmt7.merged; warnings.unsearched_fmt7.merged; live mb1..mb5, big_then_N with 2>&1 equal to NCBI	PrintProlog writes nothing for outfmt 6/7 (write_pairwise_prologs acts on outfmt 0 sinks only). Each batch is searched on its own (search_query_batch), but the report of ALL batches is written after the last batch is searched, so stdout bytes and the 2>&1 interleaving equal NCBI (checked big_then_N, mb4), only the timing differs. Consequence: if a LATER batch fails, NCBI has already written the blocks of earlier batches while LOSAT writes nothing. In scope that failure is reachable only through a record without residues (deferred, \"Sequence contains no data\", NCBI rc 3 with earlier blocks on stdout and no footer; e2.fa in scratch_D). Working tree (uncommitted, after 0d533ba76) rejects such records up front for TBLASTX.
D	4	src/algo/blast/blastinput/blast_input_aux.cpp	130-134	GetQueryBatchSize	program == eTblastx	reusable	reused	reused	blastinput/query_batch.rs:120(get_query_batch_size, BATCH_SIZE) + :54(next_query_batch_end); algorithm/tblastx/blast_engine/run_impl.rs:1233(tblastx_query_batch_size: TBLASTX default 10002)	tblastx.batch.7; env.batch700; env.batch22000_fmt0; env.batch100000_fmt7; env.batch_negative; env.batch0_fmt7; live mb1..mb5 (10002-nt batch edges) stdout/stderr/rc equal	The shared BATCH_SIZE reader and batch cutter are unchanged; only the TBLASTX default (10002) and the BATCH_SIZE error text for a non-integer (rejected, see COMMON) are in run_impl.rs.
D	5	src/algo/blast/blastinput/blast_input.cpp	135-177	CBlastInput::GetNextSeqBatch	while (size_read < GetBatchSize())	reusable	reused	reused	blastinput/query_batch.rs:54(next_query_batch_end); algorithm/tblastx/blast_engine/run_impl.rs:1331(call in run_in_pool)	tblastx.batch.7; live mb1..mb5 (a batch ends with the query that reaches 10002 nt) equal	Lengths passed are the nucleotide record lengths, as NCBI counts before translation. No reader exceptions mid-file are reached by FASTA input (bio reads the whole file first; see row 3 for the consequence).
D	6	src/algo/blast/format/blast_format.cpp	119-122	CBlastFormat::CBlastFormat	-subject (local sequence set)	n/a	n/a	n/a	-	live: -subject s.fa, ./in/ss.fa, in//ss.fa, ./in/../in/ss.fa, absolute, in/./ss.fa, a path with a space -> `Input: <as typed>` identical; one block per query with 2 subjects	Selector only (m_IsBl2Seq/m_IsDbScan); its effects are in rows 20, 33-36, 46. Inventory reason kept.
D	7	src/app/blast/blast_app_util.cpp	205-210	InitializeSubject	BL2SEQ_LEGACY unset	n/a	n/a	n/a	-	-	BL2SEQ_LEGACY is an environment variable (out of scope per COMMON); LOSAT always uses the per-query (dbscan) layout.
D	8	src/algo/blast/format/blast_format.cpp	119-119	CBlastFormat::CBlastFormat (+ CBlastTabularInfo::~CBlastTabularInfo, tabular.cpp:160-163)	stdout or -out file write fails	divergent	exception	exception	cli.rs:433(ReportStream.failed); algorithm/tblastx/blast_engine/run_impl.rs:689-713(run: stream.failed); main.rs (anyhow error -> exit 1)	live: LOSAT tblastx ... -outfmt 6|7 > /dev/full and -out /dev/full -> stderr \"Error: No space left on device (os error 28)\", rc 1 (NCBI: terminate called after throwing std::__ios_failure, rc 134); also for an unsearched-only outfmt 7 run; write.devfull_fmt0 covers outfmt 0 (exit 6)	Approved exception (COMMON: an outfmt 6/7 write failure exits non-zero where NCBI aborts). Note outfmt 6 with an unsearched query writes nothing, so it succeeds on /dev/full in both (checked: LOSAT rc 0).
D	9	src/algo/blast/format/blast_format.cpp	347-361	CBlastFormat::PrintProlog	eTabular / eTabularWithComments	n/a	n/a	n/a	algorithm/tblastx/blast_engine/run_impl.rs:994(write_pairwise_prologs acts on outfmt 0 only)	-	Executes, prints nothing for outfmt 6/7 in NCBI and in LOSAT.
D	10	src/algo/blast/format/blast_format.cpp	1429-1430	CBlastFormat::PrintOneResultSet	count of formatted queries	missing	ported	ported	algorithm/tblastx/report.rs:544-620(write_tabular: `# BLAST processed {query_titles.len()} queries` for all queries of all batches, comments && epilog)	tblastx.multi.7; tblastx.unsearched.7; tblastx.invalid.7; live qq (3), qN alone (1), mb4 (5 queries in 2 batches) equal	Count = every query record of the file (also queries with no hits and queries of unsearched batches). Skipped-reader-record case is not reachable from FASTA input.
D	11	src/algo/blast/format/blast_format.cpp	1446-1449	CBlastFormat::PrintOneResultSet	results.HasErrors()	n/a	n/a	n/a	-	-	No setup message of tblastx has severity Error; branch not reached (inventory reason kept). LOSAT has no results.HasErrors() equivalent for TBLASTX and needs none.
D	12	src/algo/blast/format/blast_format.cpp	1450-1452	CBlastFormat::PrintOneResultSet	results.HasWarnings()	needs-param	ported	ported	algorithm/tblastx/blast_engine/run_impl.rs:1103-1115(warnings: invalid_query_warning only when unsearched[index]); algorithm/tblastx/blast_engine/run_impl.rs:1115-1118(QueryWarnings); report/query_warnings.rs:38(QueryWarnings::before_query flushes the report, then writes); report/query_warnings.rs:98(invalid_query_warning); algorithm/tblastx/report.rs:561-565(before_query per query in write_tabular)	warnings.unsearched_fmt7.merged; warnings.unsearched_fmt6.merged; env.batch300_invalid_fmt7.merged; tblastx.invalid.7 (mixed batch: no warning); live mb4 (two warnings alternating with headers), big_then_N (2>&1), w_long/w_35/w_36 (25-byte cut + \".. \") equal incl. 2>&1	Only the queries of an unsearched batch get the Karlin warning (every one of them); an invalid query in a batch with a valid one gets none. LOW residual shared with row 17: with -outfmt 6 (check_report_titles skips tabular-only runs) the label comes from bio id+desc, so an odd defline gives other bytes, e.g. `>` + 300 N: NCBI `Warning: [tblastx] Query_1: Could not...` vs LOSAT `Query_1 : Could not...`; `>   leading title`: NCBI `Query_1 leading title:` vs LOSAT `Query_1    leading title:`; `>x<TAB>TAB title`: NCBI `Query_1 x:` vs LOSAT `Query_1 x TAB title:`. outfmt 7 rejects the first two before searching.
D	13	src/algo/blast/format/blast_format.cpp	1454-1459	CBlastFormat::PrintOneResultSet	eTabular / eTabularWithComments -> x_PrintTabularReport	needs-param	ported	ported	algorithm/tblastx/blast_engine/run_impl.rs:1036(write_tblastx_outputs dispatches on report::output_format); algorithm/tblastx/report.rs:641(output_format); blastinput/value_parsers.rs:678(tblastx_outfmt accepts 0, 6, 7 after trim); algorithm/tblastx/blast_engine/run_impl.rs:855,1287(validation of every requested format)	tblastx.multi.7; tblastx.lc.7; options.thrwin_fmt7; live: rows of -outfmt 7 equal NCBI and equal the non-# lines of -outfmt 6 (qq/ss, mts 1..1000, LC738874 x LC738875 4319 hits); \"7 std\", \"6 qseqid\", \"07\", \"+7\", 8, 10, 5 rejected with the clap text (exit 2); \" 7\" and \"7 \" accepted	Custom field lists remain rejected (explicit S08 rejection).
D	14	src/algo/blast/format/blast_format.cpp	762-765	CBlastFormat::x_PrintTabularReport	m_IsUngappedSearch (tblastx is always ungapped)	missing	ported	ported	algorithm/tblastx/report.rs:544-620(write_tabular: num_hits = query_hits.len(), one entry per HSP after final_hit_order); algorithm/tblastx/report.rs:765(final_hit_order)	tblastx.lc.7 (4319); tblastx.multi.7; tblastx.many.7; hitlist.max2_fmt7; live q1/s1 176 hits, qq/ss 153/22/7	N counts HSPs (rows), not subjects, and is taken after the hit list cut to -max_target_seqs.
D	15	src/objtools/align_format/showalign.cpp	3163-3215	CDisplaySeqalign::PrepareBlastUngappedSeqalign	Std-seg count > 1 / == 1	faithful	ported	ported	algorithm/tblastx/report.rs:765(final_hit_order: per-query HitList, per-subject HSP order); algorithm/tblastx/report.rs:544(write_tabular prints one row per HSP)	tblastx.multi.7; tblastx.lc.7; hitlist.max5; live weak settings -evalue 1000 -threshold 8 (16242 lines) equal	Splitting the Seq-align into one-HSP aligns only changes the grouping, not the order; LOSAT keeps the HSP order of final_hit_order. The TBLASTX output no longer goes through common.rs write_output_ncbi_order_evalue_hsp_order_to_writer (only re-exported in blast_engine/mod.rs:71). OBSERVATION (see notes, row 54): fully tied HSPs at extreme options can come out in another order.
D	16	src/algo/blast/format/blast_format.cpp	786-789	CBlastFormat::x_PrintTabularReport	SetParseLocalIds / SetParseSubjectDefline	faithful	faithful	faithful	algorithm/tblastx/blast_engine/run_impl.rs:1298(query_ids); algorithm/tblastx/blast_engine/run_impl.rs:1302(subject_ids)	tblastx.multi.7; live d00,d01,d04..d18 deflines (id token and `# Query:`) equal; sd_tab subject	First whitespace-delimited token of the title for ordinary deflines (certified outfmt 6). Odd deflines (empty, leading white space, control character, Unicode white space) are the GAP of row 17. No -parse_deflines (unknown argument).
D	17	src/objtools/align_format/tabular.cpp	474-508	s_ReplaceLocalId (+ SetQueryId 510-519, x_PrintQueryAccessionVersion 214-217)	local id replaced by the first token of the title	divergent	GAP	rejected: query and subject read as BLASTN reads them (blastn/input.rs check_deflines_of, check_residues_of, check_records_have_residues_of, check_utf8_file_name), 06953c68d (the deflines NCBI reads differently; Subject_N ids not reached)	algorithm/tblastx/blast_engine/run_impl.rs:1298,1302(query_ids/subject_ids: r.id().split_whitespace().next().unwrap_or(\"unknown\")); algorithm/tblastx/blast_engine/run_impl.rs:889(check_report_titles returns Ok when every format is tabular, so outfmt 6 is never checked); algorithm/tblastx/report.rs:485(fasta_defline)	oracle+LOSAT, query = 1500 nt of LC738874 (rscratch_D/in/defl3/d02.fa d03.fa d2_ctrl1.fa d2_nbsp.fa d2_emsp.fa d2_tab_lead.fa), subject in/s1.fa, -evalue 1e-20; cmp.sh h6_* in rscratch_D/out	LOW-MEDIUM. First column of rows (outfmt 6 and 7) for deflines that bio reads differently from CFastaReader; `tblastx -query Q -subject in/s1.fa -outfmt 6 -evalue 1e-20`. (a) defline `>` (empty): NCBI `Query_1\\ts1\\t100.000...`, LOSAT `unknown\\ts1\\t100.000...`. (b) `>  leading space title`: NCBI `leading`, LOSAT `unknown`. (c) `>x<0x01>y t`: NCBI `x`, LOSAT `x<0x01>y`. (d) `>\\tx title`: NCBI `x`, LOSAT `unknown`. (e) `>x<NBSP>t` (c2 a0): NCBI `x<NBSP>t`, LOSAT `x`; same for EM SPACE (e2 80 83). Subject side, `-subject` with the same deflines and outfmt 6: `>  lead title` NCBI `lead` vs LOSAT `unknown`; `>x<0x01>y t` NCBI `x` vs LOSAT `x<0x01>y`; empty defline NCBI `Subject_1` vs LOSAT `unknown` (this one is the deferred Subject_N item). With outfmt 7, (a)-(d) are rejected by check_report_titles (\"query record 1 has a defline that is empty, starts with white space or has a control character...\"), but (e) is not rejected: bio splits at Unicode white space (char::is_whitespace), so the non-ASCII byte vanishes before the check; see row 37. outfmt 6 has no rejection at all (pre-existing, certified only for ordinary deflines). Fix options: run the same check for outfmt 6 (BLASTN rejects such deflines in every format), and make the check on the raw defline bytes, not on bio id/desc.
D	18	src/algo/blast/format/blast_format.cpp	790-792	CBlastFormat::x_PrintTabularReport	SetNoFetch only for blastn	faithful	ported	ported	algorithm/tblastx/report.rs:208(set_displayed_identities: identities, mismatches and pident from the displayed rows) called at algorithm/tblastx/blast_engine/run_impl.rs:1059; algorithm/tblastx/report.rs:182(row_counts)	tblastx.ambig.7; ambig.fmt6; ambig.fmt6_threads4; tblastx.code4q.7; live tblastx_ambig_query x tblastx_ambig_subject outfmt 6 and 7 equal	tblastx does not set no-fetch, so NCBI counts identities on the displayed translation (IUPAC codons show B, Z, J, X, *). Before S08 the engine value h.num_ident was printed; identical for unambiguous codons, now recomputed from displayed letters. -db_gencode other than 1 follows the approved exception (c44 runs differ from NCBI local -subject by design).
D	19	src/algo/blast/format/blast_format.cpp	795-796	CBlastFormat::x_PrintTabularReport	program/version string	needs-param	ported	ported	algorithm/tblastx/report.rs:507-531(write_outfmt7_query_header: `# TBLASTX {NCBI_TBLASTX_VERSION}`); algorithm/tblastx/report.rs:29(NCBI_TBLASTX_VERSION = \"2.17.0+\")	tblastx.multi.7; unit test outfmt7_headers_follow_print_header (report.rs:919); live every block	Own TBLASTX header writer (BLASTN keeps its private one).
D	20	src/algo/blast/format/blast_format.cpp	797-801	CBlastFormat::x_PrintTabularReport	dbname for -subject (m_IsDbScan)	needs-param	ported	ported	algorithm/tblastx/blast_engine/run_impl.rs:964(tblastx_database_name: `User specified sequence set (Input: {args.subject.display()})`)	tblastx.multi.7; live -subject as typed: ./in/ss.fa, in//ss.fa, ./in/../in/ss.fa, absolute, a path with a space equal	The text is the -subject argument as typed (PathBuf keeps the string).
D	21	src/algo/blast/format/blast_format.cpp	802-808	CBlastFormat::x_PrintTabularReport	dbname empty (not dbscan; BL2SEQ_LEGACY)	n/a	n/a	n/a	-	-	BL2SEQ_LEGACY only (environment variable, out of scope). Inventory reason kept.
D	22	src/algo/blast/format/blast_format.cpp	806-808	CBlastFormat::x_PrintTabularReport	RID and iteration arguments	n/a	n/a	n/a	-	-	No RID and no iteration for a local search; LOSAT writes neither. Inventory reason kept.
D	23	src/algo/blast/format/blast_format.cpp	811-833	CBlastFormat::x_PrintTabularReport	results.HasAlignments(): rows	faithful	ported	ported	algorithm/tblastx/report.rs:544(write_tabular: all queries, rows via report/outfmt6.rs write_hit_fields); algorithm/tblastx/report.rs:765(final_hit_order); algorithm/tblastx/blast_engine/run_impl.rs:1058	tblastx.multi.7; tblastx.lc.7; tblastx.many.7; hitlist.max1; hitlist.max2_fmt7; hitlist.max250; live many_m1..many_m1000, weak7/weak6	Replaces the common.rs writer for TBLASTX; subject order = hit list (best e-value, score, oid), HSP order = Blast_HSPListSortByEvalue. Queries without hits write no rows.
D	24	src/objtools/align_format/align_format_util.cpp	1014-1039	CAlignFormatUtil::PruneSeqalign	number = m_HitlistSize	n/a	n/a	n/a	algorithm/tblastx/report.rs:765(final_hit_order: HitList::new(hitlist_size) already limits the subjects)	hitlist.max1; hitlist.max5; live many_m*	PruneSeqalign never prunes beyond what the hit list keeps; \"# N hits found\" is the printed row count. Inventory reason kept.
D	25	src/algo/blast/format/blast_format.cpp	813-813	-max_target_seqs (hit list size, m_HitlistSize(options.GetHitlistSize()) at line 93) as seen by the formatter	tblastx -max_target_seqs N with more than N subjects with hits	divergent	ported	ported	algorithm/tblastx/blast_engine/run_impl.rs:759-772(process_options: few_matches_warning for max_target_seqs < 5); algorithm/tblastx/blast_engine/run_impl.rs:1058(final_hit_order(hits, max_target_seqs.unwrap_or(500))); algorithm/tblastx/args.rs:75(max_target_seqs: Option<usize>); algorithm/tblastx/report.rs:765	tblastx.mts1.7; tblastx.mts3.0; hitlist.max1; hitlist.max2_fmt7; hitlist.max5; hitlist.max250; warnings.mts4_fmt7.merged; live many_m1,2,3,4,5,6,10,100,259,260,261,1000 outfmt 7 (stdout, stderr incl. warning) equal	The inventory UNSURE (ties when the cut falls between equal e-values) is covered: the 260-subject hitlist fixtures have ties and agree. Argument parsing of the value (0, negative, text) is deferred (ncbi_integer).
D	26	src/objtools/align_format/tabular.cpp	1100-1108	CBlastTabularInfo::Print	default 12 fields, tab, \"\\n\"	faithful	faithful	faithful	algorithm/tblastx/report.rs:583(write_tabular calls write_hit_fields); report/outfmt6.rs:520(write_hit_fields)	tblastx.lc.7; tblastx.multi.7; live rows of outfmt 7 == outfmt 6 == NCBI (LC738874 x LC738875 4319 rows; qq/ss; weak settings 16242 lines)	Same shared row writer as before S08, now called from write_tabular instead of common.rs.
D	27	src/objtools/align_format/tabular.cpp	1328-1338	CBlastTabularInfo::SetScores	evalue in [1e-180, 0.0009)	faithful	faithful	faithful	report/outfmt6.rs:290(format_evalue_ncbi_tabular); report/outfmt6.rs:407(write_evalue_ncbi_tabular)	tblastx.lc.7 (e-values in all branches); live weak7/weak6 (e-values N, N.N, N.NN, N.NNN, N.NNe-NN) equal	Unchanged shared code.
D	28	src/objtools/align_format/align_format_util.cpp	965-994	CAlignFormatUtil::GetScoreString	e-value and bit-score text (CTOOLKIT_COMPATIBLE unset)	faithful	faithful	faithful	report/outfmt6.rs:256-313(format_evalue_ncbi, format_bitscore_ncbi)	tblastx.lc.7; live weak7b -evalue 100000 -threshold 8 -seg no (bit scores 7.9, 8.4 with the leading space) equal except for tie order (see row 54)	Unchanged shared code.
D	29	src/objtools/align_format/tabular.cpp	749-1098	CBlastTabularInfo::SetFields	kTranslated && query_is_na && subject_is_na (tblastx)	faithful	ported	ported	algorithm/tblastx/report.rs:208(set_displayed_identities: identities, mismatches from displayed rows); algorithm/tblastx/report.rs:137(displayed_rows); length, coordinates, gap opens (0) from the engine hit via report/outfmt6.rs:520	tblastx.ambig.7; ambig.fmt6; tblastx.lc.7; tblastx.code4q.7; live ambig, code4 (query code), multi, batch equal	Coordinates (minus frames reversed), alignment length and gap opens were already right (outfmt 6 certified); the identity/mismatch counts are now taken from the displayed translation, which differs from the engine value for IUPAC codons. -db_gencode != 1: approved exception.
D	30	src/objtools/align_format/tabular.cpp	139-158	CBlastTabularInfo::CBlastTabularInfo	format spec empty (no custom fields)	faithful	faithful	faithful	report/outfmt6.rs:520(write_hit_fields: the 12 default fields); blastinput/value_parsers.rs:678(tblastx_outfmt rejects any custom field list)	live: \"7 std\", \"6 qseqid\" rejected (exit 2); default rows equal	Custom specs are an explicit S08 rejection.
D	31	include/objtools/align_format/tabular.hpp	437-442	CBlastTabularInfo::x_PrintPercentIdentical	identity column	faithful	faithful	faithful	report/outfmt6.rs:347(format_percent_identity_ncbi)	tblastx.lc.7; tblastx.ambig.7 (pident from displayed letters)	Format unchanged; value now from set_displayed_identities (row 18).
D	32	src/objtools/align_format/tabular.cpp	1266-1275	CBlastTabularInfo::PrintHeader	always: x_PrintQueryAndDbNames first	needs-param	ported	ported	algorithm/tblastx/report.rs:507-531(write_outfmt7_query_header); algorithm/tblastx/report.rs:565-575(called per query when comments)	tblastx.multi.7; unit test outfmt7_headers_follow_print_header	Every block starts with version, Query, Database lines.
D	33	src/objtools/align_format/tabular.cpp	1277-1283	CBlastTabularInfo::PrintHeader	align_set == NULL (query of an unsearched batch)	needs-param	ported	ported	algorithm/tblastx/report.rs:507-531(num_hits: Option<usize>; None returns after the Database line); algorithm/tblastx/report.rs:572(`(!unsearched[q_idx]).then_some(query_hits.len())`); algorithm/tblastx/blast_engine/run_impl.rs:1914-1921(batch without a valid context: searched = false)	tblastx.unsearched.7; warnings.unsearched_fmt7.merged; env.batch300_invalid_fmt7.merged; live qN, q2nt, qA (poly-A), aACGT (ACGT x75), aIU (IUPAC-only) alone: header-only block + footer, warning, rc 0, equal to NCBI	Header-only block (no Fields, no count line) for every query of an unsearched batch; outfmt 6 prints nothing for them.
D	34	src/objtools/align_format/tabular.cpp	1277-1283	CBlastTabularInfo::PrintHeader	align_set non-null, num_hits == 0 (searched, no hits)	needs-param	ported	ported	algorithm/tblastx/report.rs:507-531(`# 0 hits found` for Some(0)); algorithm/tblastx/report.rs:572	tblastx.nohit.7; tblastx.invalid.7; tblastx.multi.7 (query without hits); live a3, a9, a30 (valid 3/9/30 nt), qR (-evalue 1e-100), qN between valid queries, q1_2nt, q2nt_q1, qN1N2, q1N2 equal	Also the invalid query in a batch with a valid query (searched, no warning).
D	35	src/objtools/align_format/tabular.cpp	1277-1283	CBlastTabularInfo::PrintHeader	align_set non-null, num_hits > 0	needs-param	ported	ported	algorithm/tblastx/report.rs:507-531(Fields line then `# N hits found`)	tblastx.multi.7; tblastx.lc.7; tblastx.many.7	Order Fields, then hits found.
D	36	src/objtools/align_format/tabular.cpp	1287-1320	CBlastTabularInfo::x_PrintQueryAndDbNames	dbname non-empty (-subject, dbscan)	needs-param	ported	ported	algorithm/tblastx/report.rs:507-531(three writeln! lines: version, Query, Database)	tblastx.multi.7; live cat -A bytes equal	Exact layout `# TBLASTX 2.17.0+`, `# Query: <title>`, `# Database: ...` each newline-terminated.
D	37	src/objtools/align_format/align_format_util.cpp	726-739	CAlignFormatUtil::x_AcknowledgeBlastSequence	tabular, label \"Query\"	needs-param	GAP	rejected: query and subject read as BLASTN reads them (blastn/input.rs check_deflines_of, check_residues_of, check_records_have_residues_of, check_utf8_file_name), 06953c68d	algorithm/tblastx/report.rs:485(fasta_defline: bio id + \" \" + desc); algorithm/tblastx/blast_engine/run_impl.rs:889-960(check_report_titles: rejects empty/non-ASCII/control-character/empty-id deflines, but on the bio-split defline)	oracle+LOSAT -outfmt 7 -evalue 1e-100, query 300 nt of LC738875 with deflines: rscratch_D/in/defl2/{vt,ff,nbsp,nel,emsp}.fa and in/defl/d09.fa; cmp.sh dd_* and d09_7 in rscratch_D/out	LOW. `# Query:` line differs, exit 0 and no warning in both. `>x<TAB>TAB title`: NCBI `# Query: x` (the title ends at the first control character), LOSAT `# Query: x TAB title`. Same for `>x<VT>TAB title` and `>x<FF>TAB title`. `>x<NBSP>title` (c2 a0): NCBI `# Query: x<c2 a0>title`, LOSAT `# Query: x title`; also NEL (c2 85) and EM SPACE (e2 80 83). Cause: bio splits id/description at the first char::is_whitespace (tab, VT, FF, Unicode white space), turning it into a plain space before check_report_titles looks for control characters and non-ASCII bytes. A tab after a space (`>x <TAB>title`), a DEL or 0x01 in the title and a leading space ARE rejected; a trailing tab is fine (equal). Also affects the id column (row 17).
D	38	src/objtools/align_format/align_format_util.cpp	630-668	CAlignFormatUtil::GetSeqIdString	wid->Which() == e_Local and believe_local_id == false	rejected	rejected	rejected	algorithm/tblastx/args.rs (no parse_deflines option; clap: `error: unknown option or argument '-parse_deflines'`, exit 2)	live: LOSAT tblastx ... -parse_deflines -> rc 2	Out of scope option; the default (local ids not shown) is the only branch.
D	39	src/objtools/align_format/align_format_util.cpp	668-683	CAlignFormatUtil::GetSeqDescrString	Title descriptors of the query Bioseq	n/a	n/a	n/a	-	-	A FASTA record has one Title descriptor; included in row 37. Inventory reason kept.
D	40	src/objtools/align_format/align_format_util.cpp	685-711	CAlignFormatUtil::AcknowledgeBlastSubject	tabular, label \"Subject\"	n/a	n/a	n/a	-	-	AcknowledgeBlastSubject is reached only with BL2SEQ_LEGACY (out of scope). Inventory reason kept.
D	41	src/objtools/align_format/tabular.cpp	1111-1236	CBlastTabularInfo::PrintFieldNames	default 12 fields	needs-param	ported	ported	algorithm/tblastx/report.rs:507-531(Fields line literal, NCBI text)	tblastx.multi.7; unit test outfmt7_headers_follow_print_header	NCBI text `query acc.ver, subject acc.ver, % identity, ...` (not the generic writer's text).
D	42	src/objtools/align_format/format_flags.cpp	38-40	kDfltArgTabularOutputFmt	default field set	faithful	faithful	faithful	report/outfmt6.rs:520(write_hit_fields)	tblastx.multi.7; tblastx.lc.7	Default field list; query column = first token of the title (see row 17 for odd deflines).
D	43	src/objtools/align_format/tabular.cpp	1322-1325	CBlastTabularInfo::PrintNumProcessed	outfmt 7 epilog	missing	ported	ported	algorithm/tblastx/report.rs:606-621(`# BLAST processed {n} queries` when comments && epilog)	tblastx.multi.7; tblastx.unsearched.7; empty.query_fmt7 (no footer); env.batch0_fmt7 (no footer, exit 3); live qq (3), qN (1)	Always \"queries\"; not written after `Query is Empty!` nor when a batch fails.
D	44	src/algo/blast/format/blast_format.cpp	2233-2238	CBlastFormat::PrintEpilog	eTabularWithComments vs eTabular	missing	ported	ported	algorithm/tblastx/report.rs:606-621(`comments && epilog`: outfmt 7 only); algorithm/tblastx/blast_engine/run_impl.rs:1187-1199(epilog = true)	tblastx.multi.7 (outfmt 7 footer); live outfmt 6 has no footer in either (qq/ss)	Outfmt 6 writes no footer.
D	45	src/objtools/align_format/tabular.cpp	160-163	CBlastTabularInfo::~CBlastTabularInfo	flush at the end of each query block	reusable	reused	reused	report/query_warnings.rs:38(QueryWarnings::before_query: report.flush() then warning); algorithm/tblastx/report.rs:565(call before each query block); algorithm/tblastx/blast_engine/run_impl.rs:1036-1215(writer flushed after each format)	warnings.unsearched_fmt7.merged; env.batch300_invalid_fmt7.merged; live big_then_N, mb4, mb2 with 2>&1 equal to NCBI line by line	Warning lines appear after every earlier block and before the query's header, as with NCBI's cerr-tied-to-cout flush; the writer is flushed after each format (and at the end of run).
D	46	src/algo/blast/api/local_blast.cpp	177-224	CLocalBlast::Run	CheckInternalData() != 0 (no valid context in the whole batch)	divergent	ported	ported	algorithm/tblastx/blast_engine/run_impl.rs:1914-1921(search_query_batch: no valid context in the batch -> TblastxBatch{searched:false}); algorithm/tblastx/blast_engine/run_impl.rs:1328-1347(run_in_pool: per-batch searched flags); algorithm/tblastx/blast_engine/run_impl.rs:1103-1114(warnings for unsearched queries); algorithm/tblastx/report.rs:572	tblastx.unsearched.7; tblastx.unsearched.0; env.batch300_invalid_fmt7.merged; warnings.unsearched_fmt7.merged; warnings.unsearched_fmt6.merged; live qN, q2nt, qA, aACGT, aIU alone and mb1..mb5: header-only blocks, warnings, rc 0 equal	Validity is checked per query batch (10002-nt batches), not per file. The `ensure!(any ctx.is_valid)` abort of the old run_in_pool is gone. Each query of an unsearched batch gets the header-only block and the warning; outfmt 6 prints nothing for them. OBSERVATION ENGINE-1 (notes): 3- and 4-nt queries (some frames missing) placed before other queries in a batch change those queries' sum-statistics e-values in LOSAT but not in NCBI; not tied to a D row.
D	47	src/algo/blast/api/prelim_stage.cpp	321-327	CBlastPrelimSearch::CheckInternalData	BlastScoreBlkCheck(m_ScoreBlk)	needs-param	ported	ported	algorithm/tblastx/lookup/backbone.rs:384(compute_karlin_params_ungapped -> QueryContext.is_valid); algorithm/tblastx/blast_engine/run_impl.rs:1914(batch test `!contexts_ref.iter().any(|ctx| ctx.is_valid)`)	live (121 small queries, each alone as -outfmt 7 -evalue 1e-100, stdout/stderr/rc equal): all 64 3-nt codons, random 1,2,4,5,6,7,8,10,12,15,20,25,40 nt, homopolymers A/C/G/T x 3,6,9,30,300, dinucleotide/trinucleotide repeats, stop-codon runs, IUPAC-only, N-padded, lowercase, mixed case, A x100 + C + A x100; plus the 119 together in one file: alone (allval) and after q1 (q1_allval) equal, before q1 (allval_q1) differs only through ENGINE-1 (the 3-/4-nt queries ahead of q1 change q1's e-values; the unsearched/valid decision of every query is equal); tblastx.invalid.7	The inventory UNSURE is resolved: LOSAT is invalid for 300 N, AC, poly-A, ACGT x75, IUPAC-only and valid for ACG, 9 nt, 30 nt exactly as NCBI (and in every other tested composition). Not equal only for a file with non-nucleotide letters (e.g. `X`), outside the IUPAC input scope.
D	48	src/algo/blast/api/blast_aux_priv.cpp	173-187	BlastSetupPreliminarySearchEx (CreateScoreBlock catch)	kBlastErrMsg_CantCalculateUngappedKAParams	missing	ported	ported	algorithm/tblastx/blast_engine/run_impl.rs:1914-1921(an invalid-Karlin batch continues as unsearched instead of an error)	tblastx.unsearched.7; live qN/q2nt/qA alone rc 0 with warning	The swallowed exception (kBlastErrMsg_CantCalculateUngappedKAParams) is ported. The \"any other setup exception is fatal, exit 3\" half is reachable in scope only through a record without residues: deferred (live donly.fa: NCBI `BLAST engine error: Warning: Sequence contains no data `, rc 3, empty stdout; committed LOSAT: Karlin warning for `Query_1 x` and a header-only block, rc 0). The uncommitted working tree adds a rejection of such records.
D	49	src/algo/blast/core/blast_stat.c	2783-2790	Blast_ScoreBlkKbpUngappedCalc	context invalid, program NOT translated	n/a	ported	ported	algorithm/tblastx/blast_engine/run_impl.rs:1103-1114(a warning only when unsearched[index]); report/query_warnings.rs:98(invalid_query_warning is called only for unsearched queries)	tblastx.invalid.7 (all-N and 2-nt queries in a batch with valid queries: no warning); env.batch300_invalid_fmt7.merged; live q1N2, qN1N2, q1N, q1_2nt, q2nt_q1, q1_q2nt: stderr empty in both	The per-context warning of the non-translated programs is not produced for TBLASTX.
D	50	src/algo/blast/core/blast_stat.c	2815-2823	Blast_ScoreBlkKbpUngappedCalc	no valid context, program translated	needs-param	ported	ported	algorithm/tblastx/blast_engine/run_impl.rs:1103-1114; report/query_warnings.rs:98(invalid_query_warning(\"tblastx\", index, query): `Warning: [tblastx] Query_<n> <title>: Could not calculate ungapped Karlin-Altschul parameters ... filtering options ` + newline)	warnings.unsearched_fmt7.merged; env.batch300_invalid_fmt7.merged; live mb4 (Query_4 and Query_5 numbered by file position), w_long/w_35/w_36 (25 bytes + \".. \" when the label exceeds 35 bytes), w_two	One warning per query of the unsearched batch, n = position in the whole file. Odd deflines with -outfmt 6 only: see row 12 (GAP class of row 17).
D	51	src/algo/blast/api/blast_setup_cxx.cpp	608-640	SetupQueries_OMF	record with no sequence data (and other per-query setup errors)	missing	deferred	rejected: a record without residues (blastn/input.rs check_records_have_residues_of), 06953c68d	-	live: e1.fa (record `>x` without residues in a mixed batch): NCBI stderr `Warning: [tblastx] Query_2 x: Sequence contains no data ` and block `# Query: x`+`# 0 hits found`; committed LOSAT: no warning, same stdout. emN.fa/Nem.fa: NCBI adds `...filtering options Sequence contains no data `; donly.fa/e2.fa: NCBI rc 3	Listed as deferred in RESULT_COMMON (\"records without data\"). The uncommitted working tree (after 0d533ba76) rejects any record without residues for TBLASTX (check_records_have_residues_of).
D	52	src/algo/blast/api/blast_results.cpp	276-293	CSearchResults::GetWarningStrings	label + \": \" + messages joined with trailing space	reusable	reused	reused	report/query_warnings.rs:98(invalid_query_warning: label `Query_<n> <title>` , `: `, message, trailing space)	warnings.unsearched_fmt7.merged; unit test in query_warnings.rs; live mb4, w_long	Unchanged shared function, called with program \"tblastx\".
D	53	src/algo/blast/api/blast_seqalign.cpp	1559-1562	BlastHitList2SeqAlign_OMF	hit_list == NULL (searched query without hits)	needs-param	ported	ported	algorithm/tblastx/report.rs:507-531(None = unsearched, Some(0) = searched without hits); algorithm/tblastx/report.rs:572	tblastx.nohit.7; tblastx.invalid.7; tblastx.unsearched.7; live qR -evalue 1e-100 (`# 0 hits found`), qN (no count line)	The per-query unsearched flag comes from the batch result (run_in_pool).
D	54	src/algo/blast/api/blast_seqalign.cpp	1571-1577	BlastHitList2SeqAlign_OMF	per subject: HSP order and subject order	faithful	ported	ported	algorithm/tblastx/report.rs:765(final_hit_order: per-query HitList of hitlist_size lists, sort_by_evalue, per-list HSP sort_by evalue_compare_hsps); algorithm/tblastx/report.rs:665-750(TblastxHspList implements HitListEntry)	tblastx.multi.7; tblastx.many.7; hitlist.max1/max2_fmt7/max5/max250; unit test hit_list_keeps_ncbis_subjects_on_ties; live many_m* equal	Sorting step as NCBI. OBSERVATION (notes O-5, low): under extreme options (-evalue 100000 -threshold 8 -seg no, 2-aa HSPs) exactly tied HSPs (same e-value, score, subject and frame-relative query offsets, different frames) come out in another order in 10 of 48604 rows; the tie order is inherited from the engine order before the sort, not from this step.
D	55	src/algo/blast/api/blast_seqalign.cpp	1396-1450	BLASTUngappedHspListToSeqAlign	translated search (tblastx)	n/a	n/a	n/a	-	-	One Seq-align per subject is an internal NCBI structure; included in the count rows. Inventory reason kept.
D	56	src/app/blast/blast_app_util.cpp	756-788	BlastFormatter_PreFetchSequenceData	tabular formats prefetch	n/a	n/a	n/a	-	-	Prefetch warning cannot occur for local FASTA input. Inventory reason kept.
D	57	include/objtools/align_format/tabular.hpp	417-425	CBlastTabularInfo::x_PrintEvalue / x_PrintBitScore	print stored strings	faithful	faithful	faithful	report/outfmt6.rs:431(write_bitscore_ncbi)	live weak7b (-evalue 100000 -threshold 8 -seg no): bit scores ` 7.9`, ` 8.4` with the leading space equal to NCBI (apart from the tie order of row 54); tblastx.lc.7	Unchanged shared code.
D	58	src/objtools/align_format/tabular.cpp	1266-1284	CBlastTabularInfo::PrintHeader (vs LOSAT generic write_outfmt7_header)	shared writer used by write_outfmt7 / write_outfmt7_grouped	divergent	ported	ported	algorithm/tblastx/report.rs:507(write_outfmt7_query_header) and algorithm/tblastx/report.rs:544(write_tabular) replace report/outfmt6.rs:659(write_outfmt7_header)/:705(write_outfmt7)/:779(write_outfmt7_grouped) for TBLASTX	tblastx.multi.7; tblastx.unsearched.7	The generic writers are untouched and no longer reached by TBLASTX (grep: algorithm/tblastx calls neither).
D	59	src/objtools/align_format/tabular.cpp	1264-1284	CBlastTabularInfo::PrintHeader (vs LOSAT common.rs TabularWithComments)	common.rs write_output_ncbi_order_with_format_to_writer_impl	divergent	ported	ported	algorithm/tblastx/blast_engine/run_impl.rs:1036-1215(write_tblastx_outputs -> algorithm/tblastx/report.rs:544 write_tabular) instead of common.rs write_output_ncbi_order_evalue_hsp_order_to_writer (re-exported at blast_engine/mod.rs:71 but unused)	tblastx.multi.7; tblastx.lc.7	Query order, subject groups and HSP order come from final_hit_order.
D	60	src/app/blast/tblastx_app.cpp	203-205	CTblastxApp::Run (result loop)	queries without hits	needs-param	ported	ported	algorithm/tblastx/report.rs:544-575(write_tabular builds by_query for ALL query records and loops over them in input order)	tblastx.multi.7 (a query without hits); tblastx.unsearched.7; live qq/ss, q1N2, allval (119 queries)	Queries without hits get their block in outfmt 7 and nothing in outfmt 6.
E	1	src/algo/blast/api/blast_seqalign.cpp	1987-2033	LocalBlastResults2SeqAlign	tblastx -subject = DbScanMode (result_type eDatabaseSearch); not PHI	needs-param	ported	ported	algorithm/tblastx/blast_engine/run_impl.rs:1036(write_tblastx_outputs); algorithm/tblastx/report.rs:765(final_hit_order); report/pairwise.rs:2717(write_tblastx_pairwise_report)	tblastx.multi.0; tblastx.multi.7; oracle: tblastx -query qS8.fa -subject sMulti.fa -outfmt 0|6|7 (rscratch_E/out/qS8_sMulti_*) bytes, stderr, exit equal	One result per query with all its subjects in one block (Query= ... footer once per query); gapped=false, subjects in hit-list order. The final code builds TblastxHsp lists per (query,subject) and one pairwise block per query (hits_by_query), not a Seq-align. About 400 random oracle runs (rnd/: 1-3 and 8-16 subjects, 1-45 queries) were identical in stdout, stderr and exit status.
E	2	src/app/blast/blast_app_util.cpp	206-210	InitializeSubject (db_adapter for -subject)	BL2SEQ_LEGACY unset	faithful	faithful	faithful	algorithm/tblastx/blast_engine/run_impl.rs:1894-1898(search_query_batch: db_length_nucl, db_num_seqs)	tblastx.multi.0 (4 subjects); oracle qS8_sMulti_0 footer 'Effective search space used: 220246'	DbScanMode statistics (total subject length / number of subjects feed BLAST_CalcEffLengths) were already in TBLASTX before S08. BL2SEQ_LEGACY is out of scope.
E	3	src/algo/blast/api/blast_seqalign.cpp	1756-1944	s_BLAST_OneSubjectResults2CSeqAlign / s_BlastResults2SeqAlignSequenceCmp_OMF / s_TransposeSeqAlignVector	result_type eSequenceComparison	n/a	n/a	n/a	-	-	Reached only with env BL2SEQ_LEGACY (excluded by COMMON.md). OBSERVATION outside the path scope: LOSAT's TBLASTX never reads BL2SEQ_LEGACY (BLASTN rejects it, algorithm/blastn/blast_engine/run.rs:5624). Oracle: BL2SEQ_LEGACY=1 tblastx -query qS8.fa -subject sMulti.fa -outfmt 0 -> NCBI prints the legacy bl2seq report ('Subject= sS8' blocks, no Reference/Database prolog), LOSAT prints the normal database-scan report (rscratch_E/out/leg.n.out vs leg.l.out).
E	4	src/algo/blast/api/blast_seqalign.cpp	1946-1985	s_BlastResults2SeqAlignDatabaseSearch_OMF	-	needs-param	ported	ported	algorithm/tblastx/blast_engine/run_impl.rs:1330-1346(run_in_pool batch loop, q_idx += start); algorithm/tblastx/report.rs:558-561(write_tabular by_query); report/pairwise.rs:2739-2744(hits_by_query)	tblastx.batch.0; tblastx.batch.7; tblastx.multi.0/7; env.batch700; oracle rnd/bq1..4 (26-42 queries, 15k-26k nt, default 10002-nt batches) outfmt 0|6|7 identical	Queries are reported in input order, per batch; queries without HSPs get the empty (non-NULL) result.
E	5	src/algo/blast/api/blast_seqalign.cpp	1549-1566	BlastHitList2SeqAlign_OMF	hit_list == NULL (query with no HSP list, or invalid query in a batch that has valid contexts)	needs-param	ported	ported	algorithm/tblastx/report.rs:507-526(write_outfmt7_query_header, num_hits=Some(0) prints '# 0 hits found' without Fields); report/pairwise.rs:2760-2768(write_tblastx_pairwise_report: write_no_hits_found + write_tblastx_query_footer)	tblastx.invalid.0; tblastx.invalid.7; tblastx.nohit.0/7; oracle qSmallplus2_sC_0|6|7, e_qm_* (q_mixed: valid + 3nt + 2nt + all-N)	Searched query with no HSP list or invalid query inside a batch with valid contexts: 'No hits found', blank footer, '# 0 hits found', no stderr warning. Unit test outfmt7_headers_follow_print_header.
E	6	src/algo/blast/api/blast_seqalign.cpp	1569-1577	BlastHitList2SeqAlign_OMF	per HSP list, in hit-list order	faithful	faithful	faithful	algorithm/tblastx/report.rs:765-794(final_hit_order; lists.sort + HitListEntry::sort_by_evalue at 717-720); common.rs:380(evalue_compare_hsps)	oracle: qS8_sDup (dupA/B/C identical) -> dupC,dupB,dupA in 0|6|7; sMultiR; tblastx.multi.*; 250 many-subject runs m*_*	TBLASTX already ordered by NCBI's comparators before S08 (common.rs ncbi_query_subject_groups); S08 moved the ordering of all three formats into final_hit_order (which reuses blastn::hsp::HitList). Behaviour unchanged except row 31.
E	7	src/algo/blast/api/blast_seqalign.cpp	1579-1586	BlastHitList2SeqAlign_OMF	subject id lookup fails	n/a	n/a	n/a	-	-	Every FASTA subject has an id; unreachable.
E	8	src/algo/blast/api/blast_seqalign.cpp	1588-1602	BlastHitList2SeqAlign_OMF	subject masks extraction	n/a	n/a	n/a	-	-	Subject masks exist only with -lcase_masking (out of scope). Checked: lowercase subject/query FASTA (rnd/lc_s*, lc_q*) gives identical outfmt 0/7, no lowercase in the Sbjct row.
E	9	src/algo/blast/api/blast_seqalign.cpp	1604-1607	BlastHitList2SeqAlign_OMF / s_AddUserObjectToSeqAlign	seqid_list for local subjects	n/a	n/a	n/a	-	-	No use_this_seqid object for local subjects; no effect on 0/6/7.
E	10	src/algo/blast/api/blast_seqalign.cpp	1609-1628	BlastHitList2SeqAlign_OMF	is_gapped == false (tblastx)	n/a	n/a	n/a	-	-	tblastx always takes BLASTUngappedHspListToSeqAlign; gapped path unreachable (blast_options.c:869-873).
E	11	src/algo/blast/api/blast_seqalign.cpp	1396-1448	BLASTUngappedHspListToSeqAlign	program tblastx (else-branch of blastn/blastp/rps test)	needs-param	ported	ported	algorithm/tblastx/report.rs:423-473(pairwise_hits); algorithm/tblastx/blast_engine/run_impl.rs:3605-3609(final_hits.push(TblastxHsp)); algorithm/tblastx/blast_engine/mod.rs:155-160(TblastxHsp)	tblastx.lc.0 (4319 HSPs, all 36 frame pairs); oracle qPA_sPA_segno_0|6|7 (1440 HSPs, many comparator-equal) identical	One entry per HSP, nothing dropped or merged between the engine's final list and the report (only the -evalue reap, run_impl.rs:3394, which NCBI does in s_Blast_HSPListReapByPrelimEvalue).
E	12	src/algo/blast/api/blast_seqalign.cpp	1323-1386	x_UngappedHSPToStdSeg	query row	faithful	faithful	faithful	algorithm/tblastx/extension/mod.rs:73(convert_coords); algorithm/tblastx/blast_engine/run_impl.rs:3427-3428	tblastx.lc.7; Gate A outfmt 6; oracle rnd/ r1..r160 outfmt 0 (Query rows start/end) identical	I re-derived: plus start=3*off+frame, end=3*end+frame-1; minus start=L-3*off-(|f|-1), end=L-3*end-(|f|-1)+1 equal NCBI from+1/to+1 (blast_seqalign.cpp:1345-1377). outfmt 0 coordinates of the Query row use Hit.q_start/q_end.
E	13	src/algo/blast/api/blast_seqalign.cpp	1323-1386	x_UngappedHSPToStdSeg	subject row	faithful	faithful	faithful	algorithm/tblastx/extension/mod.rs:73(convert_coords); algorithm/tblastx/blast_engine/run_impl.rs:3429-3430; TblastxHsp.subject_frame (algorithm/tblastx/blast_engine/mod.rs:155-160)	tblastx.lc.7; oracle rnd/ r1..r160 (subjects of non-multiple-of-3 length, minus-strand subjects) identical	Subject nucleotide length s_len (unpadded subject length) as in NCBI. TblastxHsp.subject_frame was added in S08 only to carry the frame to the outfmt 0 'Frame =' line and row direction.
E	14	src/algo/blast/api/blast_seqalign.cpp	73-83	s_Frame2Strand	-	faithful	faithful	faithful	algorithm/tblastx/blast_engine/run_impl.rs:3554,3607(query_frame, subject_frame); report/pairwise.rs:2442-2454,2534-2542(frame sign -> 'Frame = +3/-1' and row direction)	tblastx.lc.0; oracle qA_sA_0	Sign of the frame gives the strand; frames are never 0 for tblastx.
E	15	src/algo/blast/api/blast_seqalign.cpp	1630-1646	BlastHitList2SeqAlign_OMF / RemapToQueryLoc / s_RemapToSubjectLoc	CanReturnPartialSequence()==true (CSeqVecSeqInfoSrc)	n/a	n/a	n/a	-	-	No -query_loc/-subject_loc (out of scope); the remap is the identity.
E	16	src/algo/blast/api/blast_seqalign.cpp	1162-1181	s_BuildScoreList	score names \"score\" and \"blast_score\"	faithful	faithful	faithful	algorithm/tblastx/blast_engine/run_impl.rs:3558(Hit.raw_score); report/pairwise.rs:2426(write_tblastx_hsp_info)	tblastx.lc.0; oracle qA_sA_0 ('Score = 776 bits (1688)')	Raw score is printed only by outfmt 0.
E	17	src/algo/blast/api/blast_seqalign.cpp	1180-1183	s_BuildScoreList	sum_n only when hsp->num > 1	needs-param	ported	ported	algorithm/tblastx/chaining.rs:132(UngappedHit.num); algorithm/tblastx/sum_stats_linking/linking.rs:557(num=1 reset, link_hsps.c:1773-1776) and 878-893(replay_ncbi_output_list: chain members get head's hsp_link_num); algorithm/tblastx/blast_engine/run_impl.rs:3608(TblastxHsp.num); report/pairwise.rs:2427-2429('Expect(n)' only if n>1)	tblastx.lc.0 (Expect(n) and N column); tblastx.multi.0; oracle qA_sA_0 ('Expect(4) = 0.0'); rnd r1..r160: 'Expect(' present in 54 of the first 60; unit tests tblastx_hsp_info_prints_the_linked_set_and_both_frames and the linking replay test (linking.rs:2866-2881)	num is taken from the final BLAST_LinkHsps pass (after reevaluation: the engine links twice as NCBI does, blast_engine.c:871 and 1517; run_impl.rs:3128-3139 prelink, ~3270-3286 final link). Singletons keep 1. The description table N column (show_sum_n) uses the same value.
E	18	src/algo/blast/api/blast_seqalign.cpp	1185-1190	s_BuildScoreList	e_value vs sum_e; SMALLEST_EVALUE clamp	faithful	faithful	faithful	algorithm/tblastx/blast_engine/run_impl.rs:3544(Hit.e_value); report/outfmt6.rs:256(format_evalue_ncbi, <1e-180 prints 0.0); common.rs:251(evalue_comp keeps the unclamped value for sorting)	oracle qA_sA_6|0|7 (e-values 0.0 and 1e-180 boundary); Gate A outfmt 6	The name e_value/sum_e does not matter to the 0/6/7 formatters (align_format_util.cpp:230-270). Every member of a chain has the chain's sum e-value. Caveat: the chain e-values are about 1 ULP of the normalized score away from NCBI's in many cases (row X2); singleton e-values agree to the 15 digits the ASN output shows.
E	19	src/algo/blast/api/blast_seqalign.cpp	1192-1197	s_BuildScoreList / Blast_HSPListGetBitScores	bit_score	faithful	faithful	faithful	algorithm/tblastx/blast_engine/run_impl.rs:3425-3426(bit_params = contexts_ref[h.ctx_idx].karlin_params; calc_bit_score)	oracle qE_sC_segno_0|6|7 (frame +1 block lambda 0.286: 217.6 bits vs 240.7 for the same raw 519); rnd/bi1..40 (-seg no, stop-free biased frames, 7 non-ideal footers) identical	Bit score of the HSP's own query context.
E	20	src/algo/blast/api/blast_seqalign.cpp	1199-1220	s_BuildScoreList	num_ident, comp_adjustment_method, num_positives	divergent	ported	ported	algorithm/tblastx/report.rs:208-234(set_displayed_identities: num_ident/num_positives/mismatch/identity from the displayed rows); algorithm/tblastx/report.rs:457(pairwise_hits num_positives)	tblastx.ambig.0; tblastx.ambig.7 (IUPAC codons show B,Z,J,X; identities from displayed letters); oracle e_* edge cases and rnd runs with 'RAY' and N runs in queries/subjects	Hit.num_positives is no longer the engine's identity count: both num_ident and num_positives are recomputed from the displayed translation exactly as tabular.cpp:1003-1021 and showalign.cpp:2131-2150 do. The Seq-align score 'num_ident'/'num_positives' of NCBI are not read by outfmt 0/6/7 for tblastx (tabular overwrites num_ident from the rows), so the old divergence cannot reach the output.
E	21	src/algo/blast/api/blast_seqalign.cpp	1222-1226	s_BuildScoreList / Blast_HSPGetQueryCoverage	hsp_percent_coverage	n/a	n/a	n/a	-	-	hsp_percent_coverage is only read by -qcov_hsp_perc (out of scope).
E	22	src/algo/blast/api/blast_seqalign.cpp	1098-1110	s_MakeScore	int vs real	n/a	n/a	n/a	-	-	Score types are internal to the Seq-align.
E	23	src/objtools/align_format/showalign.cpp	3162-3213	CDisplaySeqalign::PrepareBlastUngappedSeqalign	m_IsUngappedSearch (= !GetGappedMode(), true for tblastx); outfmt 0 and 6/7	needs-param	ported	ported	algorithm/tblastx/report.rs:575,507-526(write_tabular: '# N hits found' = HSPs of the query); report/pairwise.rs:2856-2863(each HSP its own block)	tblastx.many.7 (260 subjects, '# N hits found' counts all HSPs); tblastx.multi.7; oracle rnd/r*_7	A subject with several HSPs is one block of HSP blocks; the tabular count is the number of HSP Seq-aligns (before -num_alignments), which equals query_hits.len().
E	24	src/objtools/align_format/align_format_util.cpp	230-270	s_GetBlastScore (consumer of the score names)	-	n/a	n/a	n/a	-	-	Consumer of the score names; the data it reads (score, bit_score, e-value, sum_n, num_ident) are covered by rows 16-20.
E	25	src/algo/blast/core/blast_hits.c	1329-1356	ScoreCompareHSPs	tie-break after e-value	faithful	faithful	faithful	common.rs:283(score_compare_hsps, has_sort_offsets path); algorithm/tblastx/blast_engine/run_impl.rs:3583-3587(sort_*_offset = *_aa_start/_aa_end)	oracle qA_sA_*, qT_sT_*, qPA_sPA_segno_* identical; tblastx.multi.0	Frame-relative protein offsets as in NCBI; frame is not compared.
E	26	src/algo/blast/core/blast_hits.c	1385-1404	s_EvalueComp	-	faithful	faithful	faithful	common.rs:251(evalue_comp)	oracle qE_sC_segno_* (raw 519 listed after raw 518/488/479 because of its e-value)	
E	27	src/algo/blast/core/blast_hits.c	1406-1435	s_EvalueCompareHSPs	-	faithful	faithful	faithful	common.rs:380(evalue_compare_hsps); algorithm/tblastx/report.rs:717-720(sort_by_evalue)	oracle qE_sC_segno_0|6|7; qA_sA_*	Comparator is NCBI's. The order it produces is NCBI's unless two e-values differ only in the last bits (row X2) or comparator-equal HSPs arrive in a different incoming order (row 29).
E	28	src/algo/blast/core/blast_hits.c	1437-1457	Blast_HSPListSortByEvalue	list already sorted?	faithful	faithful	faithful	algorithm/tblastx/report.rs:717-720 and 788-790(HitListEntry::sort_by_evalue, Rust stable sort); algorithm/blastn/hsp.rs:1096-1102(HitList::sort_by_evalue)	oracle qPA_sPA_segno_0|6|7 (1440 HSPs, all comparator-equal ties kept in incoming order) identical; qA_sA_*	NCBI qsorts only when the list has an inversion; LOSAT always sorts with a stable sort. Equivalent while qsort is a stable merge sort (this host: glibc 2.39, Ubuntu; the oracle ties in qPA come out in incoming order). A platform whose qsort is unstable (macOS libc) could order comparator-equal HSPs differently; not reproducible here.
E	29	src/algo/blast/core/blast_hits.c	1329-1357	ScoreCompareHSPs / Blast_HSPListSortByEvalue	comparator-equal HSPs (same e-value, score and frame-relative offsets/ends in different frames)	faithful	GAP	ported: the init hit list sorted by score_compare_match per subject chunk (blast_gapalign.rs sort_init_hsps_by_score_ncbi), 06953c68d; fixture tie.init_seg_no	algorithm/tblastx/report.rs:717-720; algorithm/tblastx/chaining.rs (UngappedHit order) and linking.rs:878-912(replay_ncbi_output_list)	oracle qPA_sPA_segno_0|6|7 identical (1440 HSPs) but two random counterexamples differ (pre-S08 binary and final identical for the first): (1) cd rscratch_E; diff <(tblastx -query bs/gap2_q.fa -subject bs/gap2_s.fa -outfmt 6 -seg no) <(LOSAT tblastx -query bs/gap2_q.fa -subject bs/gap2_s.fa -outfmt 6 -seg no); (2) same with bs/gap3_q.fa and bs/gap3_s.fa (subject with a 9-N island; there the pre-S08 binary equals NCBI and the final differs: two chain partners of equal score are exchanged, rows 4 and 6)	GAP found by random testing (seed 158, 1 of 400 inputs with -seg no). Two singleton HSPs with the same score 46, same e-value, same frame-relative query offset (aa 122) and subject offset (aa 130) in different query frames: NCBI lists q367-402 s391-426 (Frame +1/+1, Positives 11/12) first, LOSAT lists q368-403 s391-426 (Frame +2/+1, Positives 10/12) first (outfmt 6: lines 89/90; outfmt 0: the two blocks are swapped). The comparators are equal, so the order is the incoming order of the hsp list (BLAST_LinkHsps replay + Blast_HSPListSortByScore, link_hsps.c:990-1000 and 1080-1085, in front of that the engine's HSP generation order for a subject word that hits two query contexts); LOSAT's incoming order differs here. Engine-level (outside E), pre-existing, not caused by S08. The inventory's UNSURE is therefore not resolved by qPA alone. UNSURE: the second counterexample (bs/gap3_*, seed 683) may come from NCBI's random resolution of the subject's N island (ported in S08, right in 233 of 236 differing runs) instead of from the incoming order; not decidable from outside.
E	30	src/algo/blast/core/blast_hits.c	3071-3107	s_EvalueCompareHSPLists	subject order inside a query	faithful	faithful	faithful	algorithm/tblastx/report.rs:787(hit_list.sort_by_evalue); algorithm/blastn/hsp.rs:1096(HitList::sort_by_evalue with compare_hsp_lists = s_EvalueCompareHSPLists)	oracle qS8_sDup_0|6|7 (dupC,dupB,dupA); rnd/m1..25 x -max_target_seqs 1,2,3,4,6 (duplicate subjects, 8-16 per set) identical; tblastx.multi.*; tblastx.many.*	Implemented through the shared HitList of the BLASTN port (S08 replaced common.rs ncbi_query_subject_groups for TBLASTX); behaviour is NCBI's.
E	31	src/algo/blast/core/link_hsps.c	1802-1810	BLAST_LinkHsps (end)	hsp_array order when the hit lists are sorted	divergent	ported	ported	algorithm/tblastx/report.rs:779-785(each subject's HSPs sorted by score_compare_hsps before HitList::update, so first_score() = max raw score = hsp_array[0]->score); report.rs:708-710(first_score)	oracle (rscratch_E/bs/keep_q1.fa + keep_sXY1.fa, command: tblastx -query bs/keep_q1.fa -subject bs/keep_sXY1.fa -outfmt 6 -seg no): both subjects have the same best e-value 2.96e-21 (a chain), X has the higher max score (74.8 vs 69.8 bits); NCBI lists X then Y; the pre-S08 binary (s08/bin/LOSAT-base) lists Y then X (oid order); the final binary lists X then Y. Unit test hit_list_keeps_ncbis_subjects_on_ties	Was divergent (score of the first HSP after the e-value sort). Now the hit list is fed with score-sorted HSP lists as BLAST_LinkHsps leaves them and sorted by e-value only inside Blast_HitListUpdate once the list overflows (report.rs:765-794).
E	32	src/algo/blast/core/blast_traceback.c	1768-1777	Blast_RunTracebackSearchWithInterrupt (end)	database-style source (BlastSeqSrcGetTotLen > 0)	faithful	faithful	faithful	algorithm/tblastx/report.rs:765-794(final_hit_order: HitList::sort_by_evalue then purge); algorithm/tblastx/blast_engine/run_impl.rs:1058	tblastx.multi.*; tblastx.many.0/7; hitlist.* fixtures; oracle rnd/m*	DbScanMode: Blast_HSPResultsSortByEvalue always applies. s_BlastPruneExtraHits is a no-op because prelim_hitlist_size == hitlist_size for ungapped tblastx (GetPrelimHitlistSize, blast_hits.c:44-71, compositionBasedStats=0, gapped FALSE).
E	33	src/algo/blast/core/blast_hits.c	3243-3299	Blast_HitListUpdate / s_BlastPruneExtraHits (hitlist_size, -max_target_seqs)	number of subjects > hitlist_size	missing	ported	ported	algorithm/tblastx/report.rs:765-794(final_hit_order with hitlist_size = -max_target_seqs or 500); algorithm/blastn/hsp.rs:1023-1075(HitList::update = Blast_HitListUpdate incl. heap); algorithm/tblastx/blast_engine/run_impl.rs:759-767(process_options: few_matches_warning); report/query_warnings.rs:122(few_matches_warning)	tblastx.mts1.0/7; tblastx.mts3.0; tblastx.many_mts255.0; hitlist.max1/max2_fmt7/max5/max250; warnings.mts2_fmt0.merged; oracle rnd/m1..25 (250 runs, N=1,2,3,4,6, ties) and qS8_sDup_m1/m2 identical in stdout and stderr	Was missing (max_target_seqs parsed, not applied). Now applied at the hit-list stage as NCBI does.
E	34	src/algo/blast/core/blast_traceback.c	1556-1630	Blast_RunTracebackSearchWithInterrupt (batch loop)	perform_traceback = gapped_calculation = FALSE	n/a	n/a	n/a	-	-	No traceback for ungapped tblastx; search statistics are the batch-wide ones (rows 43-44).
E	35	src/algo/blast/api/blast_results.cpp	72-98	CBlastAncillaryData::CBlastAncillaryData(program_type, query_number, sbp, query_info)	context choice	needs-param	ported	ported	algorithm/tblastx/blast_engine/run_impl.rs:2092-2109(query_stats: first valid context of each query in order +1,+2,+3,-1,-2,-3, its karlin_params and eff_searchsp); algorithm/tblastx/translation.rs:98(generate_frames order; frames shorter than one codon are absent)	tblastx.multi.0 (footers); oracle q4_sS8_0 (ACGT: frame +3 absent, footer 0.278 0.0810 0.188, space 148), qStop_sS8_segno_0 (frame +1 all stops: footer from frame +2, 3645), qE_sC_segno_0 (non-ideal frame +1 footer 0.286 0.0978 0.222), rnd/bi1..40 (7 non-ideal footers) all identical	Query without a valid context: karlin None, eff_searchsp 0 (default).
E	36	src/algo/blast/api/blast_results.cpp	99-114	CBlastAncillaryData ctor / s_InitializeKarlinBlk / s_InitializeGumbelBlk	blocks for tblastx	reusable	ported	ported	algorithm/tblastx/blast_engine/mod.rs:177-185(TblastxQueryStats.karlin); report/pairwise.rs:2612-2635(write_tblastx_query_footer: one ungapped table, no Gapped table, no Gumbel columns); report/pairwise.rs write_ncbi_ka_field (shared)	tblastx.multi.0; tblastx.invalid.0; oracle q4/qStop/qE footers	The inventory proposed reusing write_blastx_query_footer; S08 wrote a TBLASTX-specific footer writer that reuses only the number field helper.
E	37	src/algo/blast/api/blast_results.cpp	99-104	CBlastAncillaryData ctor	kbp_std value = ideal or computed	faithful	faithful	faithful	algorithm/tblastx/lookup/backbone.rs:334-410(prepare_lookup_query: composition of the SEG-masked frame, compute_karlin_params_ungapped, apply_check_ideal); stats/karlin_calc.rs:752,782	oracle qE_sC_segno_0 ('0.286 0.0978 0.222') vs qE_sC_0 (SEG: '0.318 0.134 0.401', space 145180 vs 142506); rnd/bi1..40	Not changed by S08 (files not in the S08 diff).
E	38	src/algo/blast/api/blast_results.cpp	92-95	CBlastAncillaryData ctor	query with no valid context while the batch has valid contexts	reusable	ported	ported	report/pairwise.rs:2612-2635(write_tblastx_query_footer with karlin None: three newline-only lines and 'Effective search space used: 0'); report/pairwise.rs:2760-2768	tblastx.invalid.0; oracle qSmallplus2_sC_0, e_qm_0, e2_mix2_0, rnd/r* (14 of the first 60 runs have 'space 0' footers)	Blank footer, no stderr text, exit 0.
E	39	src/algo/blast/api/local_blast.cpp	177-225	CLocalBlast::Run	unsearched batch (CheckInternalData != 0)	reusable	reused	reused	report/pairwise.rs:1316-1343(write_tblastn_unsearched_query_footer_spacing(writer, false)); called at report/pairwise.rs:2762-2764	tblastx.unsearched.0; tblastx.unsearched.7; warnings.unsearched_fmt0.merged; env.batch300_invalid_fmt0.merged; oracle q2_sS8_0, qN_sS8_0, e_s*	The TBLASTN footer writer was generalized with a 'trailing' flag in S08 (TBLASTN passes true, unchanged); TBLASTX passes false. NULL set: outfmt 7 prints the header lines without a count, outfmt 6 prints nothing.
E	40	src/algo/blast/core/blast_stat.c	2815-2823	Blast_ScoreBlkKbpUngappedCalc	no valid context in the batch (translated query)	reusable	reused	reused	report/query_warnings.rs:98(invalid_query_warning, unchanged by S08); algorithm/tblastx/blast_engine/run_impl.rs:1103-1114(warnings of the queries of an unsearched batch); report/query_warnings.rs:38(QueryWarnings::before_query)	warnings.unsearched_fmt0|7|6.merged; tblastx.unsearched.0; oracle qBigplus2_sC (warnings only for Query_2 q2, Query_3 qN), e3_long (35-byte title truncation 'Query_1 invalidquery_with.. : ...')	Warning text with trailing space, per query, printed when its result is formatted, exit 0; no warning for an invalid query inside a searched batch.
E	41	src/algo/blast/core/blast_stat.c	852-877	BlastScoreBlkCheck / CBlastPrelimSearch::CheckInternalData (prelim_stage.cpp:321-327)	-	faithful	faithful	faithful	algorithm/tblastx/blast_engine/run_impl.rs:1914-1920(!contexts_ref.iter().any(is_valid) -> TblastxBatch{searched:false})	tblastx.unsearched.0|7; env.batch300_invalid_*.merged	The check follows the subject-length check at 1901 (db_length/db_num_seqs > 0); NCBI checks the score block first. They differ only for subjects that make the average length 0, which needs a zero-length record (deferred: records without data).
E	42	src/algo/blast/api/blast_aux_priv.cpp	262-302	BuildBlastAncillaryData	result_type eDatabaseSearch	faithful	faithful	faithful	algorithm/tblastx/blast_engine/run_impl.rs:1957-1994,2092-2109(eff_searchsp_per_context -> TblastxQueryStats.eff_searchsp)	oracle qS8_sMulti_0 ('Effective search space used: 220246', once per query after all subjects); tblastx.multi.0	
E	43	src/algo/blast/core/blast_setup.c	699-850	BLAST_CalcEffLengths	tblastx, ungapped, DbScanMode	faithful	faithful	faithful	algorithm/tblastx/ncbi_cutoffs.rs:143(compute_eff_lengths_tblastx)	oracle qS8_sMulti_*, q4_sS8_0, qStop_sS8_segno_0; tblastx.many.0/7	Not changed by S08.
E	44	src/algo/blast/core/blast_setup.c	887-999	BLAST_GapAlignSetUp	database totals for a -subject set	faithful	faithful	faithful	algorithm/tblastx/blast_engine/run_impl.rs:1894-1901(db_length_nucl = sum of subject lengths, db_num_seqs)	oracle qS8_sMulti_* (7882 nt, 3 sequences, length adjustment 22)	Once per query batch.
E	45	src/algo/blast/core/blast_stat.c	2736-2829	Blast_ScoreBlkKbpUngappedCalc	tblastx: check_ideal = TRUE	faithful	faithful	faithful	algorithm/tblastx/lookup/backbone.rs:334-410(prepare_lookup_query); stats/karlin_calc.rs:752-800	oracle qE, qStop, bi1..40	
E	46	src/algo/blast/core/blast_stat.c	2831-2854	Blast_ScoreBlkKbpIdealCalc	-	faithful	faithful	faithful	algorithm/tblastx/lookup/backbone.rs:21-23(blosum62_ideal_karlin_params)	every footer with '0.318 0.134 0.401'	
E	47	src/algo/blast/core/blast_stat.c	1984-2016	BlastResCompStr / Blast_ResFreqString	composition of a frame	faithful	faithful	faithful	stats/karlin_calc.rs:87(compute_aa_composition)	oracle qStop (stop codons counted), qE	
E	48	src/algo/blast/core/blast_setup.c	563-667	BLAST_MainSetUp	order masking vs score block	faithful	faithful	faithful	algorithm/tblastx/blast_engine/run_impl.rs:1561-1626(generate_frames, SEG mask to X, then build_ncbi_lookup computes the blocks from the masked frames)	oracle qE_sC_segno_0 vs qE_sC_0 footers	
E	49	src/algo/blast/core/blast_setup.c	455-532	BlastSetup_ScoreBlkInit	gapped_calculation FALSE	n/a	n/a	n/a	-	-	Gapped/Gumbel blocks do not exist for tblastx.
E	50	src/algo/blast/core/blast_filter.c	1191-1259	s_GetFilteringLocationsForOneContext / BlastSetUp_Filter	SEG on one translated frame	faithful	faithful	ported: a SEG window, locut or hicut that is not above 0 keeps NCBI's default (blast_filter.c:1147-1154; value_parsers.rs SegSpec::params), 7fbbfad96; fixtures options.seg_*	algorithm/tblastx/blast_engine/run_impl.rs:1568-1575(SegMasker per frame, window/locut/hicut); algorithm/tblastx/args.rs (seg)	tblastx.lc.0; oracle seeds 4,9,14,22,40,52 x -seg yes | '12 2.2 2.5' | '10 1.8 2.2' | '20 3.0 3.5' | no, outfmt 0: 30 of 30 identical (seed 31 with -seg no hits the sum_e bit difference, row X2)	
E	51	src/algo/blast/core/blast_filter.c	971-1011	BlastSeqLocCombine	merge of intervals	reusable	reused	reused	algorithm/blastx/query_setup.rs:557(combine_masks), called from algorithm/tblastx/report.rs:304; file unchanged by S08	tblastx.lc.0; unit test query_masks_convert_with_ncbis_frame_formulas	Applied now to the raw per-frame intervals (end-exclusive -> inclusive) in query_dna_masks.
E	52	src/algo/blast/core/blast_filter.c	1306-1333	Blast_MaskTheResidues / BlastSetUp_MaskQuery	applying the mask	faithful	faithful	faithful	algorithm/tblastx/blast_engine/run_impl.rs:1588-1601(aa_seq_nomask copy, X=21 in the working buffer)	oracle qS8_sS8_0 (masked stretch counted as identities); tblastx.lc.0	
E	53	src/algo/blast/core/blast_filter.c	892-953	BlastMaskLocProteinToDNA	conversion of frame masks to query nt coordinates	reusable	reused	reused	algorithm/blastx/query_setup.rs:517(protein_to_dna_masks), called from algorithm/tblastx/report.rs:307; file unchanged by S08	tblastx.lc.0 ('the minus-frame conversion leaves the last residue of a run uppercase'); unit test query_masks_convert_with_ncbis_frame_formulas	dna_length = 2 + sum of the three frame lengths (report.rs:283-295), as NCBI.
E	54	src/algo/blast/api/blast_aux.cpp	903-959	Blast_GetSeqLocInfoVector / Map	core masks -> TMaskedQueryRegions	needs-param	ported	ported	algorithm/tblastx/report.rs:283-313(query_dna_masks, frame order from TblastxQueryStats.seg_masks = +1..+3,-1..-3); algorithm/tblastx/report.rs:374-417(lowercase_query_row: skips from>to and the whole query [0,L-1])	tblastx.lc.0; oracle rnd/r1..r160 outfmt 0 (60/60 of the first 60 had lowercase query residues) identical	
E	55	src/algo/blast/api/setup_factory.cpp	121-197	CSetupFactory::CreateScoreBlock	prelim stage only	n/a	n/a	n/a	-	-	Masks come from the single filtering pass of the batch.
E	56	src/algo/blast/api/blast_results.cpp	522-556	CSearchResultSet::SetFilteredQueryRegions / CSearchResults::GetMaskedQueryRegions	masks per result	needs-param	ported	ported	algorithm/tblastx/blast_engine/run_impl.rs:2092-2101(TblastxQueryStats.seg_masks); algorithm/tblastx/report.rs:431-435(query_masks per query), 447-454(applied only to the Query row in the HSP's own frame); not used for outfmt 6/7	tblastx.lc.0; tblastx.segno.0 (-seg no: no lowercase); oracle qS8_sS8_0 vs qS8_sS8_segno_0	An unsearched batch has no masks (TblastxQueryStats::default).
E	57	src/algo/blast/blastinput/blast_input_aux.cpp	221-246	ReadSequencesToBlast (subject FASTA)	subject lowercase	n/a	n/a	n/a	-	-	Subject masks only with -lcase_masking (out of scope). Checked: lowercase subject FASTA gives identical bytes (rnd/lc_s*).
E	58	src/algo/blast/blastinput/blast_input.cpp	134-176	CBlastInput::GetNextSeqBatch (batch = 10002 nt for tblastx)	-	needs-param	ported	ported	algorithm/tblastx/blast_engine/run_impl.rs:1233-1245(tblastx_query_batch_size), 1330-1346(batch loop); blastinput/query_batch.rs:54(next_query_batch_end, unchanged)	tblastx.batch.0|7; env.batch700, env.batch22000_fmt0, env.batch100000_fmt7, env.batch300_invalid_*; oracle rnd/bq1..4 (default 10002-nt batches, 26-42 queries each) identical	The batch ends once the cumulative query length reaches the size; the crossing query stays in the batch. Per batch: validity, statistics, linking cutoffs, warnings.
E	59	src/algo/blast/format/blast_format.cpp	445-479	CBlastFormat::x_PrintOneQueryFooter (consumer of the ancillary data)	-	reusable	ported	ported	report/pairwise.rs:2612-2635(write_tblastx_query_footer)	tblastx.multi.0; tblastx.invalid.0	See row 36.
E	60	src/objtools/align_format/tabular.cpp	1266-1284	CBlastTabularInfo::PrintHeader (reads the align set)	null vs empty set	needs-param	ported	ported	algorithm/tblastx/report.rs:507-526(write_outfmt7_query_header: Option<usize>; None for an unsearched query)	tblastx.unsearched.7 (no count); tblastx.invalid.7 and tblastx.nohit.7 ('# 0 hits found' without Fields); unit test outfmt7_headers_follow_print_header	
E	X1	-	-	-	-	-	GAP	rejected: -culling_limit above 0 (run_impl.rs search), 06953c68d	algorithm/tblastx/hsp_culling.rs:830(apply_culling), called per subject at algorithm/tblastx/blast_engine/run_impl.rs:3319	oracle: tblastx -query qE.fa -subject sC.fa -seg no -culling_limit 1 -outfmt 6 | wc -l -> NCBI 18, LOSAT 0 (pre-S08 binary also 0); qA.fa/sA.fa -culling_limit 1: NCBI 91, LOSAT 0; -culling_limit 2: NCBI 128, LOSAT 90; -culling_limit 5: 148 vs 143; -culling_limit 100 equal	Outside E (the inventory's G rows CreateHspWriter/CreateHspPipe say 'missing'): -culling_limit is in the path scope, is not rejected and gives a different HSP set in outfmt 0, 6 and 7. NCBI culls across all subjects of a query per context (hspfilter_culling.c), LOSAT per subject chunk. Details in result_E_notes.md section X1.
E	X2	-	-	-	-	-	GAP	ported: BLAST_LargeGapSumE in NCBI's order of evaluation (stats/sum_statistics.rs ncbi_large_gap_sum_e), 06953c68d; fixture sume.large_gap_seg_no	stats/sum_statistics.rs:793(large_gap_sum_e: adjusted_xsum = xsum - num*ln(prod) + ln_factorial); called from algorithm/tblastx/sum_stats_linking/linking.rs:2003,2033	oracle: cd rscratch_E; diff <(tblastx -query bs/gap_q.fa -subject bs/gap_s.fa -outfmt 6 -seg no) <(LOSAT tblastx -query bs/gap_q.fa -subject bs/gap_s.fa -outfmt 6 -seg no) shows rows 2 and 4 swapped (also in outfmt 0 and 7); seeds 31, 113 of rnd/ (-seg no) likewise. Scratch build with the NCBI association xsum - (num*ln(prod) - lnfact) (rscratch_E/lcopy, 1 line changed, not in the repository) makes seeds 31 and 113 byte-identical to NCBI; 0 of 400 random -seg no inputs change otherwise	Two chains of 2 HSPs with the same raw score sum (114+65 and 69+110) get NCBI sum_e 3.2628699764908501e-18 and 3.2628699764908802e-18 (1 ULP of the normalized score apart, both print 3.26e-18); LOSAT gives all four HSPs 3.26286997649087786e-18, so the comparator falls through to the raw score and interleaves the chains. Chain e-values differ from NCBI by a median 7.1e-15 relative (single HSPs: within the 15 printed digits). NCBI blast_stat.c:4560-4561 'xsum -= num*log(lcl_subject_length*lcl_query_length) - BLAST_LnFactorial((double) num)' is xsum - (num*ln - lnfact); the Rust expression is (xsum - num*ln) + lnfact. Engine/linking range (outside E) but visible in E's HSP order in all three formats; pre-existing (pre-S08 binary identical). 6 of 700 random -seg no inputs (outfmt 6) differ from NCBI: 4 by this (seeds 31, 113, 430, 668), 2 by row 29 (158, 683); with default SEG 0 of 200 differ (outfmt 0).
F	1	src/app/blast/tblastx_app.cpp	145-157	CTblastxApp::Run (CBlastFormat construction)	-	faithful	faithful	faithful	algorithm/tblastx/args.rs:52-55(query_gencode,db_gencode); algorithm/tblastx/blast_engine/run_impl.rs:1042-1043(write_tblastx_outputs: GeneticCode::from_id of both, passed to set_displayed_identities/pairwise_hits)	tblastx.code4q.0; tblastx.code4.0; oracle: 26 codes x outfmt 0/6/7 with -query_gencode N on t5_amb.fa vs t5_conc.fa byte identical to NCBI (rscratch_F/codes.sh)	Option values are parsed as before and are now consumed by the TBLASTX report: query code for the Query row, db code for the Sbjct row (rows 3, 7).
F	2	src/algo/blast/blastinput/blast_args.cpp	997-1056	CArgAllowGeneticCodeInteger / CGeneticCodeArgs::ExtractAlgorithmOptions	-query_gencode and -db_gencode	faithful	faithful	faithful	blastinput/value_parsers.rs:416(genetic_code); utils/genetic_code.rs:10(TABLES)	oracle: -query_gencode/-db_gencode 7,8,17,32,34,0 rejected by both (NCBI rc 1 USAGE text, LOSAT rc 2 clap text = approved exception); all 26 accepted codes run (codes.sh)	Accepted set 1-6, 9-16, 21-31, 33 equals blast_args.cpp:1003 (id 32 is in TABLES but the parser rejects it). Rejection text/exit status is the approved parser-error exception; odd integer spellings are the deferred ncbi_integer item.
F	3	src/algo/blast/format/blast_format.cpp	1579-1580	CBlastFormat::PrintOneResultSet (outfmt 0 pairwise)	tblastx, -outfmt 0	missing	ported	ported	algorithm/tblastx/report.rs:137(displayed_rows: query_code, db_code); algorithm/tblastx/report.rs:423(pairwise_hits); algorithm/tblastx/blast_engine/run_impl.rs:1066-1077(write_tblastx_outputs)	tblastx.code4.0; tblastx.code4q.0; oracle: -db_gencode N (26 codes) query=t5_conc.fa subject=t5_amb.fa: 4,212,879 Sbjct/Query columns in common with NCBI, 0 differ (rscratch_F/dbcodes.py)	Query row translated with -query_gencode, Sbjct row with -db_gencode, independently of the code the search used. With -db_gencode N!=1 only search-derived values differ from NCBI (approved exception, row 31): the displayed Sbjct rows, midline, Identities/Positives follow code N exactly as NCBI.
F	4	src/algo/blast/format/blast_format.cpp	650-652	s_SetFlags	program == tblastx	missing	ported	ported	report/pairwise.rs:2514(write_tblastx_alignment: both rows are translated rows, 3 nt per residue, direction by frame); report/pairwise.rs:2422(write_tblastx_hsp_info); algorithm/tblastx/report.rs:423(pairwise_hits)	tblastx.lc.0 (4319 HSPs, all 36 frame pairs); tblastx.multi.0; unit test tblastx_rows_step_three_nucleotides_in_each_frame_direction; oracle LC738874 vs LC738875 outfmt 0/6/7 identical	The Std-seg -> translated Dense-seg treatment is realised by building both rows from nucleotides and stepping coordinates by 3 in the direction of each frame.
F	5	src/objtools/align_format/showalign.cpp	1817-1866	CDisplaySeqalign::x_GetAlnVecForSeqalign	Std-seg + eTranslateNucToNucAlignment	missing	ported	ported	report/pairwise.rs:2514(write_tblastx_alignment: minus-frame row not reversed, runs in alignment order with descending coordinates); algorithm/tblastx/report.rs:137(displayed_rows)	tblastx.lc.0; oracle t5a/t5b (all six frames, 81 kb) and pairs_q/pairs_s outfmt 0 byte identical	Row start/stop numbers: q_pos + direction*(3*len-1), see write_tblastx_alignment.
F	6	src/objects/seqalign/Seq_align.cpp	953-999	CSeq_align::CreateTranslatedDensegFromNADenseg	-	missing	ported	ported	algorithm/tblastx/report.rs:137(displayed_rows: residue offsets sort_*_offset..sort_*_end = aa units); report/pairwise.rs:2549-2554(3*len nt per row chunk)	tblastx.lc.0; sequences with length mod 3 = 0,1,2 (rscratch_F e6/e_len1 vs e_len2 identical in 0/6/7)	Lengths are aa counts with width 3 for both rows; the throw for a segment length not divisible by 3 cannot occur for engine HSPs and has no counterpart.
F	7	src/objtools/align_format/showalign.cpp	1947-1953	CDisplaySeqalign::DisplaySeqalign (pairwise branch)	!(m_AlignOption&eMergeAlign)	missing	ported	ported	algorithm/tblastx/report.rs:137(displayed_rows(hsp, query, subject, query_code, db_code)); algorithm/tblastx/report.rs:104(display_residue(.., code))	tblastx.code4.0; oracle dbcodes.py (26 db codes) and codes.sh (26 query codes) as in row 3	Per-row code: query row = -query_gencode, subject row = -db_gencode (the NCBI SetGenCode(slave) then SetGenCode(master,0) result).
F	8	src/objtools/align_format/showalign.cpp	1257-1283	CDisplaySeqalign::x_PrepareRowData	width==3 rows	missing	ported	ported	algorithm/tblastx/report.rs:423(pairwise_hits: Query/Sbjct rows from nucleotides, counts, frames, sum_n, subject length into PairwiseHit); report/pairwise.rs:2442-2454(Frame line)	tblastx.lc.0; tblastx.ambig.0; oracle t5a (27,007 codons, all IUPAC triplets) outfmt 0 byte identical	Rows are never cut from the search frame buffers: they are re-translated from the HSP nucleotide range with the display rule. Frame values are the engine contexts; equal to NCBI s_GetFrame on every oracle input (all 36 frame pairs, lengths mod 3 = 0,1,2).
F	9	src/objtools/alnmgr/alnvec.cpp	243-285	CAlnVec::GetWholeAlnSeqString	segment with start>=0	missing	ported	ported	algorithm/tblastx/report.rs:137(displayed_rows: one ungapped segment per HSP: residues sort_query_offset..sort_query_end and sort_subject_offset..sort_subject_end)	tblastx.lc.0; tblastx.ambig.0; oracle t5a/t5b byte identical in outfmt 0/6/7	tblastx HSPs have one segment, so no gap characters; Gaps = 0/len is printed by write_tblastx_hsp_info.
F	10	include/objtools/alnmgr/alnvec.hpp	287-313	CAlnVec::GetSeqString (inline, width 3)	GetWidth(row)==3, minus strand	needs-param	ported	ported	algorithm/tblastx/report.rs:104(display_residue: plus strand reads bases first+i; minus strand reads the IUPAC complement of sequence[len-first-i-1])	unit test displayed_residues_merge_ambiguous_codons_on_both_strands; oracle t5a/t5b, t7, e_q_iupac/e_s_iupac vs NCBI identical	Equivalent to GetSeqData(size-to-1, size-from) on the reverse-complemented vector followed by TranslateNAToAA; the TBLASTX writer needs it for both rows (BLASTX had it for the query only).
F	11	src/objtools/alnmgr/alnvec.cpp	108-142	CAlnVec::x_GetSeqVector	nucleotide row	needs-param	ported	ported	algorithm/tblastx/report.rs:56(display_base: A,C,G,T,IUPAC both cases, U->T, X->N); algorithm/tblastx/report.rs:104-114(display_residue: complement = bit reversal of the 4-bit code)	unit test display_bases_follow_the_translation_table; oracle e_q_iupac_lc.fa/e_s_iupac_lc.fa (lowercase IUPAC) vs NCBI identical in 0/6/7	The display complement is the 4-bit reversal and handles U correctly. The SEARCH translation of the minus strand uses bio dna::revcomp, which leaves U unchanged: see row 27 (GAP).
F	12	src/objtools/alnmgr/alnvec.cpp	893-923	CAlnVec::TranslateNAToAA	-	missing	ported	ported	algorithm/tblastx/report.rs:104-116(display_residue -> algorithm/blastx/report.rs:243 display_codon)	unit test display_codons_match_pinned_cpp_all_26_codes; oracle codes.sh: -query_gencode N, 26 codes, all 3375 IUPAC triplets, outfmt 0/6/7 byte identical; dbcodes.py for the subject row	Plain 3-base to 1-residue loop, no start-codon logic, stop = *, uppercase letters; a partial codon cannot occur.
F	13	src/objects/seqfeat/Genetic_code_table.cpp	90-136	CTrans_table::x_InitFsaTable	base letter mapping	n/a	GAP	rejected: query and subject read as BLASTN reads them (blastn/input.rs check_deflines_of, check_residues_of, check_records_have_residues_of, check_utf8_file_name), 06953c68d (residues that are not IUPAC nucleotide letters)	algorithm/tblastx/report.rs:56(display_base, literal port of sm_BaseToIdx incl. U->T, X->N); no FASTA letter cleaning anywhere in algorithm/tblastx/ (algorithm/tblastx/blast_engine/run_impl.rs:602 read_tblastx_fasta_records keeps every byte)	oracle: cd rscratch_F; tblastx -query t4_qgap.fa -subject t4_s.fa -seg no -outfmt 6 vs LOSAT tblastx (same args); also lt_hyph/lt_star/lt_X/lt_x/lt_J/lt_E/lt_O/lt_dig/lt_dot/lt_Z.fa	GAP (input reading, surfaced here): NCBI never lets a letter outside IUPAC-na reach the translation because CFastaReader removes it and warns on stderr; LOSAT TBLASTX keeps it. Input: t4_qgap.fa (the 544-nt query s1 with a hyphen inserted after nt 323). NCBI stderr: \"CFastaReader: Hyphens are invalid and will be ignored around line 7\" and the hyphen is dropped (query length 544); LOSAT prints no warning, keeps \"-\" in the sequence (query length 545, every later nucleotide shifted by one, the codons around it contain a gap letter and translate to X) and rows differ: NCBI outfmt 6 line 2 \"qgap s1 100.000 80 0 0 543 304 539 300 9.24e-126 203\", LOSAT \"qgap s1 100.000 80 0 0 544 305 539 300 9.24e-126 203\". Same for \"*\" (t4_qs.fa), X/x, J, E, O, Z, digits and \".\" : NCBI stderr \"FASTA-Reader: Ignoring invalid residues at position(s): On line 7: 24\" (or \": 3\") and the letter is dropped; LOSAT silent and keeps it. B (valid IUPAC) is identical. Not in the rejected or deferred lists. The display_base mapping itself is faithful.
F	14	src/objects/seqfeat/Genetic_code_table.cpp	155-231	CTrans_table::x_InitFsaTransl	ambiguous codon (display translation)	needs-param	reused	reused	algorithm/blastx/report.rs:243(display_codon, now pub(crate)), called by algorithm/tblastx/report.rs:115(display_residue)	unit test display_codons_match_pinned_cpp_all_26_codes (26 codes x 4096 triplets vs tests/unit/blastx_stage_e_display_codon_expected.tsv); oracle codes.sh (3375 IUPAC triplets x 26 query codes) and dbcodes.py (26 db codes) identical to NCBI	B/Z/J merge of {D,N},{E,Q},{I,L}, sticky X, in A,C,G,T expansion order, exactly the pinned C++ rule.
F	15	include/objects/seqfeat/Genetic_code_table.hpp	200-230	CTrans_table::NextCodonState / GetCodonResidue	-	n/a	n/a	n/a	-	-	Implementation detail of rows 12 and 14 (the sliding state is equivalent to an independent lookup per codon); no separate LOSAT code needed.
F	16	src/objects/seqfeat/Genetic_code_table.cpp	507-558	CGen_code_table_imp::GetTransTable(int)	code id not in table	n/a	n/a	n/a	utils/genetic_code.rs:159(try_from_id); blastinput/value_parsers.rs:416(genetic_code)	-	Unreachable: the parser accepts only the 26 ids of gc.inc (row 2), so GetTransTable never throws; LOSAT has no counterpart because from_id receives only parsed ids.
F	17	src/objtools/align_format/showalign.cpp	2120-2157	CDisplaySeqalign::x_FillIdentityInfo	tblastx (eProt)	reusable	ported	ported	algorithm/tblastx/report.rs:182(row_counts: identity = equal letters, positive = display-matrix score > 0 via utils/matrix.rs protein_display_score); report/pairwise.rs:2556-2564 + report/pairwise.rs:687(is_positive_match, shared, for the midline); counts reach the header through algorithm/tblastx/report.rs:423(pairwise_hits)	oracle pairs_q.fa vs pairs_s.fa (all 625 ordered pairs of the letters ARNDCQEGHILKMFPSTWYV B Z J X * as aligned columns, 8569 HSPs) outfmt 0/6/7 byte identical; unit test row_counts_use_the_displayed_letters; tblastx.ambig.0	Counts are made on the uppercase displayed rows before the SEG lowercase is applied (NCBI applies masks only when printing). Identities use the displayed letters (X=X, B=B counted), so they differ from the engine num_ident exactly where row 19 says.
F	18	src/objtools/align_format/tabular.cpp	915-924	CBlastTabularInfo::SetFields (translated Seq-align)	tblastx: query_is_na && subject_is_na	n/a	n/a	n/a	-	-	Supporting row: the aa-unit length (hit.length) and the strand/frame bookkeeping of outfmt 6/7 are the engine values, equal to NCBI on every oracle input; the identity side is row 19.
F	19	src/objtools/align_format/tabular.cpp	971-1029	CBlastTabularInfo::SetFields (identity / mismatch / positive)	fields pident, mismatch, nident, positive, BTOP, qseq, sseq (default outfmt 6/7 has pident and mismatch)	divergent	ported	ported	algorithm/tblastx/report.rs:208(set_displayed_identities: num_ident, num_positives, mismatch = length - identities, identity from the displayed rows), called for every output format at algorithm/tblastx/blast_engine/run_impl.rs:1059	oracle t7_q.fa vs t7_s.fa (RAY/SAR/MTA/NNN/RAY vs SAR/RAY/HTA/NNN/NNN) outfmt 0/6/7: NCBI and LOSAT both give \"q s 97.500 120 3 0 1 360 1 360 7.77e-81 280\"; tblastx.ambig.7; regression ambig.fmt6	Fixes the earlier divergence (LOSAT used engine num_ident, X==X identical, giving 100.000 / 0 mismatches). pident printed as identities/length*100 with 3 decimals, mismatch = length - identities (x_PrintMismatches, Gaps = 0).
F	20	src/objtools/alnmgr/alnvec.cpp	145-196	CAlnVec::GetAlnSeqString	-	n/a	n/a	n/a	-	-	Called only by aln_printer.cpp, not on the tblastx path.
F	21	src/objtools/align_format/showalign.cpp	698-1147	CSeqTranslator::Translate calls (x_AddTranslationForLocalSeq, feature translation)	eShowTranslationForLocalSeq / eShowCdsFeature	n/a	n/a	n/a	-	-	Reached only with eShowTranslationForLocalSeq or CDS features; tblastx rows have width 3 and are excluded by the GetWidth(row) != 3 guards.
F	22	src/algo/blast/api/blast_objmgr_tools.cpp	110-173	CBlastQuerySourceOM::x_AutoDetectGeneticCodes	query (options present)	faithful	faithful	faithful	algorithm/tblastx/blast_engine/run_impl.rs:1446(query_code = GeneticCode::from_id(args.query_gencode)); algorithm/tblastx/blast_engine/run_impl.rs:1563(generate_frames(r.seq(), &query_code))	tblastx.code4q.0/.7; oracle codes.sh: -query_gencode N for the 26 codes, outfmt 0/6/7 byte identical	Search and display use the same -query_gencode, as NCBI (no Source descriptor in FASTA).
F	23	src/algo/blast/api/blast_setup_cxx.cpp	548-588	SetupQueries_OMF (translated query)	tblastx	faithful	faithful	faithful	algorithm/tblastx/translation.rs:98(generate_frames); algorithm/tblastx/blast_engine/run_impl.rs:1561-1564	tblastx.lc.0; tblastx.code4q.0; oracle t5a (27,007 codons incl. all IUPAC triplets, six frames) identical in outfmt 0/6/7	Frames +1,+2,+3,-1,-2,-3 with sentinels; a frame is omitted when fewer than 3 nt remain, as contexts with query_length 0. Letters outside IUPAC-na are not removed first: see row 13.
F	24	src/algo/blast/api/blast_aux.cpp	588-624	FindGeneticCode	-	faithful	faithful	faithful	utils/genetic_code.rs:159(try_from_id); utils/genetic_code.rs:10(TABLES, pinned to gc.prt by a unit test)	unit test pinned_gc_prt_all_27_codes_and_64_codons; oracle codes.sh	Same 64-residue ncbieaa strings for search and display.
F	25	src/algo/blast/core/blast_util.c	369-425	s_CodonToAA	ambiguous codon (search translation)	faithful	faithful	faithful	utils/genetic_code.rs:188(GeneticCode::get: all A/C/G/T expansions equal -> that residue else X, no B/Z/J)	oracle t6_q.fa vs t6_s.fa (3375 queries, one IUPAC triplet each, 125,690 HSP rows) -seg no -max_target_seqs 5 outfmt 0/6/7 byte identical, also with -query_gencode 5; t7, t2a-c; tblastx.ambig.0 (raw scores use X for RAY/SAR/MTA)	For a base outside IUPAC-na LOSAT returns X where NCBI would return 0 (dropped); NCBI cannot reach that case because the FASTA reader removes such letters (row 13 GAP).
F	26	src/algo/blast/core/blast_util.c	427-456	BLAST_GetTranslation	frame>0 / frame<0	faithful	faithful	faithful	algorithm/tblastx/translation.rs:68(translate_sequence); algorithm/tblastx/translation.rs:98(generate_frames)	tblastx.lc.0; sequences of length mod 3 = 0,1,2 (e6 identical)	First codon at index |frame|-1, trailing 1-2 nt ignored, no start-codon logic, * = 25. The reverse strand of a U base is wrong, see row 27.
F	27	src/algo/blast/core/blast_util.c	807-868	GetReverseNuclSequence / BLAST_ContextToFrame	reverse strand; frame order	faithful	GAP	ported: U read as T before the search (blastn/input.rs with_u_as_t), 06953c68d; fixtures input.rna_*	algorithm/tblastx/translation.rs:100(let rev_seq = dna::revcomp(seq): bio 1.6 complement table AGCTYRWSKMDVHBN only, so U stays U and translates as T)	oracle: cd rscratch_F; tblastx -query e_core_rna.fa -subject e_core.fa -outfmt 6 (e_core_rna.fa = e_core.fa with every T replaced by U) vs LOSAT tblastx; NCBI output equals the DNA query output byte for byte	GAP (low impact, RNA letters). NCBI reads U as T on both strands (CSeqVector IUPAC reverse complement, GetReverseNuclSequence). LOSAT complements U to U, so every minus-frame codon with a U is wrong in the search (frames -1..-3 of query and subject) and the HSP list changes. NCBI: \"core core 100.000 199 0 0 3 599 3 599 8.85e-141 481\" then \"core core 100.000 199 0 0 599 3 599 3 5.53e-139 475\"; LOSAT line 2: \"core core 100.000 200 0 0 1 600 1 600 1.22e-124 427\" (an RNA subject differs the same way: e_core.fa vs e_core_rna.fa gives 15 NCBI rows, 12 LOSAT rows). The report rows use display_base (U -> T, correct), only the search translation is wrong. Fix would be to map U to T before dna::revcomp or use the ncbi4na reverse complement.
F	28	src/algo/blast/core/blast_engine.c	747-785	s_BlastSearchEngineCore (translated subject, preliminary stage)	tblastx subject frames	divergent	ported	ported	algorithm/tblastx/blast_engine/run_impl.rs:2217-2220(s_frames_preliminary from preliminary_subject_bases, used by the frame loop at algorithm/tblastx/blast_engine/run_impl.rs:2269); re-evaluation and report keep the 4na frames s_frames (algorithm/tblastx/blast_engine/run_impl.rs:2195, 3155)	tblastx.ambig.0/.7; regression ambig.fmt6, ambig.fmt0_threads2; oracle t8_q.fa vs t8_sa/sb/sc/sd.fa (10 NNN codons), t9_s.fa and t9x_0..t9x_11 (subject length 0..11 nt longer; the NCBI HSP list changes with the length, 11 distinct outputs) outfmt 0/6/7 byte identical; also -num_threads 3/4	Subjects of A/C/G/T only are used unchanged (preliminary_subject_bases returns None). Fixes the earlier divergence (one 200-aa HSP instead of NCBI two HSPs of 100 and 89 aa for t8_sa.fa).
F	29	src/algo/blast/api/blast_objmgr_tools.cpp	424-480	s_Ncbi4naToNcbi2na (compressed subject for the preliminary search)	ambiguous or N subject base	reusable	reused	reused	core/blast_encoding.rs:553(resolve_ncbi4na_to_ncbi2na, with the NCBI CRandom seeded by the subject length; shared with TBLASTN) called from algorithm/tblastx/blast_engine/run_impl.rs:546(preliminary_subject_bases: letters -> ncbi4na incl. U -> T, lowercase)	same runs as row 28 (t8_*, t9x_0..11, e_s_iupac.fa, e_s_iupac_lc.fa) identical to NCBI	Per subject record; the resolved bases feed only the preliminary frames.
F	30	src/algo/blast/core/blast_hits.c	2643-2720	Blast_HSPListReevaluateUngapped (translated subject)	tblastx, ungapped	faithful	faithful	faithful	algorithm/tblastx/blast_engine/mod.rs:291(reevaluate_ungapped_hsp_list); algorithm/tblastx/reevaluate.rs:655(get_num_identities_and_positives_ungapped)	tblastx.ambig.0/.7; oracle t5a/t5b (ambiguous query vs concrete subject and the reverse) identical	Raw score, extents and HSP survival come from the 4na subject translation (ambiguity -> X). The engine num_ident this produces is no longer what is printed: row 19 replaces it with the displayed-letter counts.
F	31	src/algo/blast/api/blast_setup_cxx.cpp	796-810	SetupSubjects_OMF (subject genetic code)	local -subject, translated subject (tblastx/tblastn)	divergent	exception	exception	algorithm/tblastx/blast_engine/run_impl.rs:1447(db_code) and algorithm/tblastx/blast_engine/run_impl.rs:2195(generate_frames(s_rec.seq(), &db_code): db code used for search AND report)	tblastx.code4.0/.7 (frozen); oracle: tblastx -query t3_q.fa -subject t3_s.fa -seg no -db_gencode 5 -outfmt 6: NCBI \"q1 s1 100.000 180 0 0 1 540 1 540 1.44e-125 430\" vs LOSAT \"... 1.44e-129 443\" (same extents, rows and counts)	Approved exception (AGENTS.md). With -db_gencode N != 1 only search-derived values differ (Score/bits, Expect, description-table score/E value, HSP set and order, sum-statistics N); Sbjct rows, midline, Identities, Positives, Frame, coordinates, pident, mismatch of any HSP both programs report are identical (row 3, dbcodes.py). -db_gencode 1 and -query_gencode N have no difference.
F	32	src/algo/blast/core/blast_engine.c	1458-1468	BLAST_PreliminarySearchEngine (subject genetic code fallback)	subject->gen_code_string == NULL	n/a	n/a	n/a	-	-	Fallback not executed for a FASTA -subject (SetupSubjects_OMF always sets code 1); LOSAT has no fallback and uses the exception of row 31.
F	33	src/algo/blast/api/blast_options_cxx.cpp	2411-2420	CBlastOptions::SetDbGeneticCode	-db_gencode set	n/a	n/a	n/a	-	-	Stores the option and registers the table; nothing reads it for a local -subject in NCBI. LOSAT reads -db_gencode through the approved exception (row 31).
F	34	src/objects/seqfeat/Genetic_code_table.cpp	191-207	display vs search translation (difference set)	ambiguous codons	needs-param	ported	ported	algorithm/tblastx/report.rs:104-116(display_residue -> display_codon: B/Z/J rule) kept separate from utils/genetic_code.rs:188(GeneticCode::get: X); counts/rows from the display, scores from the search	oracle t7 (0/6/7 identical, pident 97.500), t2a/t2b/t2c, t5a/t5b (3311 ambiguous codons per code x 26 codes x both rows), pairs_*.fa; tblastx.ambig.0/.7	Display and search differ exactly on the codons listed in the inventory table; both behaviours are present and verified.
F	35	src/objtools/align_format/showalign.cpp	1273-1283	tblastx Query/Sbjct rows from LOSAT frame buffers	use of aa_seq / aa_seq_nomask for the rows	needs-param	ported	ported	algorithm/tblastx/report.rs:137(displayed_rows: rows re-translated from nucleotides, not cut from aa_seq/aa_seq_nomask); algorithm/tblastx/report.rs:374(lowercase_query_row: SEG intervals applied after translation); algorithm/tblastx/report.rs:283(query_dna_masks)	tblastx.lc.0 (SEG lowercase, minus-frame last residue uppercase); tblastx.segno.0; oracle LC738874 vs LC738875 default SEG identical in outfmt 0/6/7 (22,659 lines with lowercase)	The nucleotide route makes the unmasked/masked buffer question moot and gives B/Z/J for free; counts are recomputed from the displayed letters (row 17/19).
F	36	src/objtools/align_format/showalign.cpp	1273-1283	TBLASTX pairwise row builder (query + subject)	tblastx, -outfmt 0	missing	ported	ported	algorithm/tblastx/report.rs:423(pairwise_hits); report/pairwise.rs:2514(write_tblastx_alignment); report/pairwise.rs:2422(write_tblastx_hsp_info); report/pairwise.rs:2717(write_tblastx_pairwise_report)	tblastx.multi.0; tblastx.lc.0; tblastx.ambig.0; tblastx.code4q.0; tblastx.code4.0; regression ambig.fmt0_threads2; oracle runs above (0/6/7 identical)	Query with query_gencode, subject with db_gencode, shared identity/midline logic, both from nucleotides.
G	1	src/algo/blast/blastinput/blast_args.cpp	2724-2738	CFormattingArgs::SetArgumentDescriptions (-max_target_seqs)	-	faithful	deferred	deferred	algorithm/tblastx/args.rs:74-75(max_target_seqs: Option<usize>, value_parser positive_usize); blastinput/value_parsers.rs:121(positive_usize)	oracle: cmp.sh Q.fa tie3.fa v_* 6 -max_target_seqs V for V in 0,-1,abc,2147483648,2147483647,1.5,' 5','+5',05,'5 ',0x10,1e3,'',99999999999999999999	Accepted decimal values 1..2147483647 (also +5, 05) give identical stdout/stderr/exit 0 in NCBI and LOSAT. Rejected values (0,-1,abc,2147483648,1.5,' 5','5 ',1e3,'',huge): NCBI exit 1 + USAGE, LOSAT exit 2 clap text = approved exception (parser errors). Remaining difference is the deferred ncbi_integer item: NCBI accepts hex '0x10' as 16 (ncbiargs.cpp:118-129; tblastx prints 210 rows, exit 0), LOSAT exits 2 with no output; value_parsers.rs:190 ncbi_integer exists but TBLASTX -max_target_seqs still uses positive_usize. -num_descriptions/-num_alignments exclusion: options not accepted by LOSAT (deferred list).
G	2	src/algo/blast/blastinput/blast_args.cpp	2895-2978	CFormattingArgs::ExtractAlgorithmOptions (hit list size)	-outfmt 6 or 7 (format > 4)	missing	ported	ported	algorithm/tblastx/blast_engine/run_impl.rs:1058(write_tblastx_outputs: report::final_hit_order(hits, args.max_target_seqs.unwrap_or(500))); algorithm/tblastx/report.rs:765(final_hit_order)	tblastx.mts1.7, tblastx.many.7, hitlist.max1, hitlist.max2_fmt7, hitlist.max5, hitlist.max250; oracle cmp.sh {tie3,tie3b,tie3c,tie2AB,tie2BA,zero,multi,multi_shuf,Q2,Q3,copies600,copies300,st1-3,sx4-11} N=1,2,3,4,5,.. fmt 6/7: all stdout+stderr+exit identical	The one hit list size N (500 when -max_target_seqs absent) now cuts the subjects per query for outfmt 6 and 7 as Blast_HitListUpdate does (see rows 17-21). copies600 default: 500 subjects C599..C100 as NCBI (inventory: LOSAT-base printed 600). Same N used for outfmt 0 (row 3). Not frozen as a fixture: the exact-tie inputs tie3/tie2AB/zero (only the unit test hit_list_keeps_ncbis_subjects_on_ties and my oracle runs cover them).
G	3	src/algo/blast/blastinput/blast_args.cpp	2910-2937	CFormattingArgs::ExtractAlgorithmOptions (hit list size)	-outfmt 0 (format <= 4)	needs-param	ported	ported	algorithm/tblastx/blast_engine/run_impl.rs:1154-1157((num_descriptions,num_alignments) = (N,N) or (500,250)); report/pairwise.rs:2800-2813(write_tblastx_pairwise_report: described/aligned caps); hit list N via report.rs:765	tblastx.mts1.0, tblastx.mts3.0, tblastx.many_mts255.0, hitlist.max5_fmt0_threads2, warnings.mts2_fmt0.merged; oracle cmp.sh Q.fa copies600.fa c600_{def,m7,m499,m500,m600} fmt 0 and copies300 default: identical (500 description rows / 250 blocks by default)	Default outfmt 0: hit list 500, descriptions 500, alignment blocks 250; with -max_target_seqs N all three are N. The hitlist_size>500 branch (blast_args.cpp:2899-2908) needs -import_search_strategy (not available). dup300.fa (adjacent records with the same id, 300 subjects): 250 blocks in both. -num_descriptions/-num_alignments combos are in the deferred list.
G	4	src/algo/blast/blastinput/blast_args.cpp	2975-2977	CFormattingArgs::ExtractAlgorithmOptions (warning)	hit list size < 5	missing	ported	ported	algorithm/tblastx/blast_engine/run_impl.rs:759-772(process_options) called at :781(search_cli) and :828(run_local); report/query_warnings.rs:122(few_matches_warning)	warnings.mts2_fmt0.merged, warnings.mts4_fmt7.merged, hitlist.max1, hitlist.max2_fmt7 (frozen stderr); oracle w_m4/w_m5 fmt7, w_emptyq (empty query N=2), w_emptys/w_emptys0 (empty subject N=2): stderr and exit identical	Text 'Warning: [tblastx] Examining 5 or more matches is recommended' once, N<5, every format; placed after the subject read/empty-subject error and before 'Query is Empty!' as in NCBI (empty query N=2: warning then 'Query is Empty!', exit 0; empty subject N=2: exit 3, same stderr). Order relative to FASTA-Reader messages is NOT checkable here: LOSAT TBLASTX prints no 'FASTA-Reader: Ignoring invalid residues' line at all (NCBI: subject message before the warning, query message after it; w_badres, w_badresq in rscratch_G) - that is range F, see notes.
G	5	src/algo/blast/core/blast_options.c	1444-1479, 1504-1516	BlastHitSavingOptionsNew / BlastHitSavingOptionsValidate	default; hitlist_size < 1	faithful	faithful	faithful	algorithm/tblastx/args.rs:74-75(no clap default); run_impl.rs:1058 and :1154-1157(unwrap_or(500)/(500,250))	tblastx.lc.0, tblastx.lc.7, tblastx.many.0 (default runs); oracle c600_def_{6,7,0}	Default hit list 500 as BLAST_HITLIST_SIZE. The < 1 validation is unreachable (CArg constraint, row 1). do_sum_stats TRUE for tblastx and hsp_num_max/max_hsps_per_subject/culling_limit 0 as before. Unchanged behaviour; the default moved from a clap default to Option plus unwrap_or(500).
G	6	src/algo/blast/core/blast_hits.c	44-71	GetPrelimHitlistSize	tblastx: compositionBasedStats == 0 and gapped_calculation == FALSE	reusable	ported	ported	algorithm/tblastx/report.rs:765(final_hit_order: the preliminary hit list is HitList::new(hitlist_size), doc comment 758-764 cites blast_hits.c:44-71); algorithm/blastn/hsp.rs:508(get_prelim_hitlist_size) is NOT called	oracle copies600 default and -max_target_seqs 7/50/333/499/500/600 (fmt 6/7/0): identical; mix600.fa N=5/40/100	For tblastx (no composition-based statistics, ungapped) NCBI's prelim size is N unchanged; the final code uses N directly instead of calling get_prelim_hitlist_size(n,false,false). Equivalent; no env (ADAPTIVE_CBS) effect for tblastx. Inventory said reusable; the final code did not need the call.
G	7	src/algo/blast/core/blast_hits.c	213-228, 75-98	BlastHspNumMax / SBlastHitsParametersNew	default; no -max_hsps	faithful	faithful	faithful	-	oracle: multi.fa / copies600.fa / mix600.fa runs keep every HSP of a kept subject (identical rows)	No per-subject HSP cap in LOSAT (hsp_num_max 0 -> INT4_MAX in NCBI, no option sets it). Unchanged.
G	8	src/algo/blast/blastinput/blast_args.cpp	195-207, 313-319	CGenericSearchArgs (-max_hsps / kArgMaxHSPsPerSubject)	tblastx accepts -max_hsps	rejected	rejected	rejected	- (clap: algorithm/tblastx/args.rs has no max_hsps option)	oracle: LOSAT tblastx -query Q.fa -subject tie3.fa -max_hsps 2 -> stderr 'error: unknown option or argument '-max_hsps'; use -help for CLI v2 syntax', exit 2	Out of scope per COMMON.md (-max_hsps). NCBI accepts it (2 rows per subject). If ever added it must run after the hit list, on lists in the overflow-dependent order (inventory notes section 2).
G	9	src/algo/blast/api/setup_factory.cpp	285-294, 296-358	CSetupFactory::CreateHspStream / CreateHspWriter	default (no hsp_filt_opt): collector writer	missing	ported	ported	algorithm/tblastx/report.rs:765-795(final_hit_order: per query HitList::new(N), update per subject in increasing oid); algorithm/blastn/hsp.rs:896(HitList::new)	hitlist.max1, hitlist.max2_fmt7, hitlist.max5, hitlist.max250, tblastx.mts1.0; oracle tie3/tie3b/tie3c/tie2AB/tie2BA/zero N=1,2,3,5 fmt 6/7/0	The collector writer exists as a post-pass on the final HSPs (same set as the list at BlastHSPStreamWrite). Inventory suggested a post-pass after the parallel subject loop; the final code does it later, in write_tblastx_outputs on the complete hit vector (global q_idx, s_idx = oid), which is equivalent because the result does not depend on arrival order (checked with -num_threads 4/8 on tie3/tie3b/tie3c/tie2AB/zero N=1,2,3, copies600: stdout identical, only the approved thread-warning stderr differs). Stale comment: run_impl.rs:3941-3945 still quotes the qsort of blast_hits.c:3331-3337 above 'let hits = final_hits.unwrap_or_default()', where no sort happens any more.
G	10	src/algo/blast/api/split_query_cxx.cpp	58-61	CQuerySplitter::CQuerySplitter	ungapped search (tblastx)	n/a	n/a	n/a	-	-	Ungapped search: NCBI never splits the query into chunks (no merge); LOSAT has one hit list per query over the whole run. Oracle: Q3.fa (2 batches) and Q2.fa N=1,2,3 identical.
G	11	src/app/blast/blast_app_util.cpp	204-210	InitializeSubject (-subject)	BL2SEQ_LEGACY unset	faithful	faithful	faithful	algorithm/tblastx/blast_engine/run_impl.rs:1894-1898(db_length_nucl, db_num_seqs: whole subject set as the database); hit lists per query over all subjects (report.rs:765)	tblastx.multi.0, tblastx.many.0, tblastx.lc.0 (e-values); oracle all runs	-subject runs in database-scan mode (BL2SEQ_LEGACY unset), so e-values use the whole subject set and the final Blast_HSPResultsSortByEvalue runs (row 28). Unchanged.
G	12	src/algo/blast/blastinput/blast_args.cpp	3203-3243	CMTArgs::x_ExtractAlgorithmOptions	-num_threads > 1 with -subject	n/a	exception	exception	algorithm/tblastx/report.rs:765(hit list applied after the subject loop, independent of the number of threads)	hitlist.default_threads4, hitlist.max5_fmt0_threads2, env.batch700_threads4; oracle th_* (tie3,tie3b,tie3c,tie2AB,zero N=1,2,3 -num_threads 4; Q2 fmt0 -num_threads 8; copies600 -num_threads 8): stdout identical, stderr differs only by NCBI's 'Warning: [tblastx] 'num_threads' is currently ignored when 'subject' is specified.'	Approved exception: with -subject LOSAT honors -num_threads and prints no thread warning. The hit-list result is independent of the thread count because final_hit_order groups by (q_idx, s_idx) in a BTreeMap and feeds subjects in increasing oid.
G	13	src/algo/blast/core/blast_engine.c	1407-1432, 1469-1478	BLAST_PreliminarySearchEngine (subject loop)	-	faithful	faithful	faithful	algorithm/tblastx/blast_engine/run_impl.rs:2166-2173(process_subject: s_idx = enumeration index of every subject record, subjects shorter than wordsize*3+2 return early); :3801-3830(parallel enumerate) and :1878-1886(for_each_subjects)	oracle t3s_* (tie3_short.fa: 1,2,3-nt and all-N records interleaved between SA/SB/SC, N=1,2,3,default, fmt 6 and 7): identical	Hit.s_idx equals NCBI's oid (0-based file index, skipped short subjects keep their number); it is the tie-break key of the hit list (BLAST_CMP(h2->oid,h1->oid)).
G	14	src/algo/blast/core/blast_engine.c	870-904	s_BlastSearchEngineCore (first link + prelim reap)	link_hsp_params set (tblastx: sum statistics)	faithful	faithful	faithful	algorithm/tblastx/blast_engine/run_impl.rs:3112-3135(first link: apply_sum_stats_even_gap_linking_with_parallel and prelim e-value reap at :3135)	tblastx.lc.0, tblastx.multi.0, tblastx.many.0; oracle -evalue 1e-170,1e-100,1e-60,1e-20,10 with N=1,2,3 on multi.fa and tie3.fa: identical	Unchanged by S08. A subject enters a hit list only with an HSP at or below -evalue after the second link (row 15).
G	15	src/algo/blast/core/blast_engine.c	1480-1554	BLAST_PreliminarySearchEngine (ungapped post-processing and stream write)	ungapped (not gapped_calculation)	needs-param	ported	ported	algorithm/tblastx/blast_engine/run_impl.rs:3155-3187(reevaluate_ungapped_hsp_list), :3277-3290(relink), :3373-3380(e-value reap) feed the hit vector; the write step is report.rs:765(final_hit_order) called at run_impl.rs:1058	hitlist.* fixtures; oracle -evalue sweep (row 14) and all hit-list runs	Per-subject reevaluate/relink/reap were already NCBI-faithful; the BlastHSPStreamWrite into the collector (a per-query hit list in oid order) is the new part, done after the subject loop on the complete vector (see row 9).
G	16	src/algo/blast/core/link_hsps.c	1802-1810	BLAST_LinkHsps (end)	-	needs-param	ported	ported	algorithm/tblastx/report.rs:780(hsps.sort_by(score_compare_hsps) before update); algorithm/blastn/hsp.rs:1023(HitList::update recomputes best_evalue); common.rs:283(score_compare_hsps)	unit test algorithm::tblastx::report::tests::hit_list_keeps_ncbis_subjects_on_ties; oracle tie2AB.fa default (SA SB; LOSAT-base printed SB SA) and tie3 default (SA SB SC), all fmts identical	Each (query,subject) group is put in ScoreCompareHSPs order (hsp_array[0] = highest raw score) before the first update, which is the BLAST_LinkHsps end state; best_evalue is the minimum e-value of the list (not hsp_array[0]'s).
G	17	src/algo/blast/core/hspfilter_collector.c	82-168	s_BlastHSPCollectorRun	single query (hspcnt > 0) and results->num_queries > 1	missing	ported	ported	algorithm/tblastx/report.rs:765-795(final_hit_order: groups by q_idx then s_idx, one HitList per query, lists with no HSP never exist)	oracle Q2.fa/Q3.fa/Qpair.fa (3 queries) with tie3/tie3b/tie3c/tie2AB N=1,2,3 and default; stress sets sx4-sx11 (2-5 queries, 40-96 subjects) N=1..33, fmt 6/7/0	Per-query lists, a subject takes one place per query that it has HSPs for; empty lists are never created. BATCH_SIZE-split query batches: hit lists are per query (Q3.fa = 2 batches, N=2,3 identical).
G	18	src/algo/blast/core/blast_hits.c	3243-3299	Blast_HitListUpdate	(a) hit list not full; (b) first overflow; (c) full and heapified	reusable	reused	reused	algorithm/blastn/hsp.rs:1023(HitList::update) via algorithm/tblastx/report.rs:671(impl HitListEntry for TblastxHspList)	tblastx.mts1.0, hitlist.max1, hitlist.max2_fmt7; oracle tie3 N=2 (SB SA, e-value state), tie3 N=3/default (SA SB SC, score state), 160 stress comparisons	All three branches (not full: append; first overflow: sort all lists by e-value + heap; full: compare with root) behave as NCBI. Checked: the line-by-line port in hsp.rs:1023-1060 against blast_hits.c:3243-3299, including best_evalue recomputation, the 'evalue_order < 0 -> discard' (newer equal list wins) rule. The 'already sorted' pre-check of Blast_HSPListSortByEvalue (blast_hits.c:1445-1450) only skips a qsort and cannot change the order.
G	19	src/algo/blast/core/blast_hits.c	3078-3107, 1389-1404	s_EvalueCompareHSPLists / s_EvalueComp	-	reusable	reused	reused	algorithm/blastn/hsp.rs:793(compare_hsp_lists), :549(evalue_comp)	oracle zero.fa (E=0.0 ties: Cd Cc Cb Ca D1 D2 by score then higher oid), tie2AB/tie3 default and N=1,2,3; copies600 (all-equal lists, higher oid first)	Total order: best_evalue (both < 1e-180 equal), first-HSP score descending, oid descending. first_score = raw_score of hsps[0] in the list's current order (report.rs:708-710), which is what makes the score/e-value state difference visible.
G	20	src/algo/blast/core/blast_hits.c	1627-1677, 3196-3210	s_Heapify / s_CreateHeap / s_BlastHitListInsertHSPListInHeap	-	reusable	reused	reused	algorithm/blastn/hsp.rs:834(heapify_hsplist_array), :871(create_hsplist_heap), :965(insert_hsplist_in_heap)	oracle copies600 N=7/50/333/499, mix600 N=5/40/100, zero N=1,2,3,5, stress sets	Kept set is independent of heap shape (strict total order, distinct oids); worst_evalue/low_score are bookkeeping only.
G	21	src/algo/blast/core/blast_hits.c	1415-1457	s_EvalueCompareHSPs / Blast_HSPListSortByEvalue	called from the overflow branch of Blast_HitListUpdate and from BlastHitList2SeqAlign_OMF	needs-param	reused	reused	common.rs:380(evalue_compare_hsps, now pub(crate)) via algorithm/tblastx/report.rs:717-721(TblastxHspList::sort_by_evalue); algorithm/blastn/hsp.rs:1023(update calls it)	oracle tie3 N=2 (e-value-state first HSP) vs N=3 (score state); every default run's HSP order inside a subject (Seq-align order, row 30)	Needs-param only meant the visibility change. e-value (both < 1e-180 equal) then ScoreCompareHSPs, as s_EvalueCompareHSPs.
G	22	src/algo/blast/core/blast_hits.c	1329-1383, 1740-1749	ScoreCompareHSPs / Blast_HSPListSortByScore / s_BlastGetBestEvalue	-	faithful	faithful	faithful	common.rs:283(score_compare_hsps, tblastx sort offsets via Hit::has_sort_offsets); algorithm/tblastx/report.rs:698-706(update_best_evalue = minimum over HSPs, INT4_MAX start)	all default fixtures (HSP order), unit test hit_list_keeps_ncbis_subjects_on_ties	Unchanged; the new HitListEntry calls them.
G	23	src/algo/blast/core/blast_hits.c	3172-3188, 3331-3339	s_BlastHitListPurge / Blast_HitListSortByEvalue	hit lists without empty HSP lists (tblastx)	n/a	n/a	n/a	algorithm/blastn/hsp.rs:1072(purge) runs inside HitList::sort_by_evalue (report.rs:787)	-	A tblastx hit list never holds an empty list (collector frees them; LOSAT never builds one), so purge removes nothing. Inventory reason kept.
G	24	src/algo/blast/core/blast_hspstream.c	133-207, 568-614, 652-695	BlastHSPStreamClose / BlastHSPStreamBatchRead / BlastHSPStreamNew	sort_by_score == NULL (tblastx)	missing	n/a	n/a	-	oracle tie3/tie3b/tie3c N=1,2,3 (three file orders) identical to NCBI	Not modelled and not needed: BlastHSPStreamClose only re-orders the kept lists by decreasing oid (read back as increasing oid); the traceback stage inserts them unchanged and the next step sorts by a strict total order, so the kept set and final order do not depend on it. Argued from blast_hspstream.c:133-207 and confirmed by the oracle runs.
G	25	src/algo/blast/core/blast_traceback.c	1505-1526, 1691-1707	BLAST_ComputeTraceback_MT (ungapped branch)	score_params->options->gapped_calculation == FALSE	missing	n/a	n/a	-	oracle as row 24	Ungapped tblastx traceback: no alignment, only Blast_HSPListGetBitScores (bit scores already computed in the prelim stage, same values) and insertion into a second hit list of the same size N (never full: no sort, no cut). Identity on the hit list; final_hit_order's doc comment (report.rs:758-764) records it.
G	26	src/algo/blast/core/blast_hits.c	3554-3569	Blast_HSPResultsInsertHSPList	traceback stage	missing	n/a	n/a	-	oracle as row 24	Blast_HitListUpdate branch (a) only (list not full): append, best_evalue recomputed to the same value, HSP order unchanged. Identity.
G	27	src/algo/blast/core/blast_traceback_mt_priv.c	139-200	SThreadLocalDataArrayConsolidateResults	one thread (-subject)	n/a	n/a	n/a	-	-	One thread with -subject: copies the hit list per query unchanged. Inventory reason kept.
G	28	src/algo/blast/core/blast_traceback.c	1768-1772	BLAST_ComputeTraceback_MT (final subject sort)	BlastSeqSrcGetTotLen(seq_src) > 0 (-subject database-scan mode)	divergent	ported	ported	algorithm/tblastx/report.rs:787(hit_list.sort_by_evalue()) with algorithm/blastn/hsp.rs:1096(HitList::sort_by_evalue); the old common.rs:795-905 best_score rule is no longer used for tblastx	oracle tie2AB.fa default (SA SB), tie2BA.fa default (SA SB), tie3/tie3b/tie3c default and N=1,2,3 (SB SA / SB / SA SB), zero.fa, stress sets: identical in fmt 6, 7 and 0	The final subject order is the sort of the hit list in whatever state the prelim hit list left it (score order unless that query overflowed, then e-value order), so hsp_array[0] is read from the right state in both cases. The inventory's divergence (best_score from the e-value state, or the uncommitted max-raw-score edit) is gone.
G	29	src/algo/blast/core/blast_traceback.c	877-893, 1775-1777	s_BlastPruneExtraHits	hitlist_size == prelim_hitlist_size (tblastx)	n/a	n/a	n/a	algorithm/blastn/hsp.rs:1115(prune_by_size) exists but is not called for tblastx	oracle: kept-set equals NCBI for all N	No-op for tblastx (prelim size = final size = N), as in the inventory. The cut is Blast_HitListUpdate (rows 17-21).
G	30	src/algo/blast/api/blast_seqalign.cpp	1569-1577, 2017-2029	BlastHitList2SeqAlign_OMF / LocalBlastResults2SeqAlign	eDatabaseSearch result	faithful	faithful	faithful	algorithm/tblastx/report.rs:788-790(per list HitListEntry::sort_by_evalue after the subject order is fixed)	tblastx.lc.0, tblastx.multi.0, tblastx.many.0 and every oracle default run (HSP order inside subjects identical)	HSPs of each kept subject are sorted by e-value then score after the subject order is fixed (blast_seqalign.cpp:1574-1577), as before S08, now inside final_hit_order.
G	31	src/objtools/align_format/align_format_util.cpp	1014-1040	CAlignFormatUtil::PruneSeqalign (called at blast_format.cpp:813 with m_HitlistSize)	outfmt 6/7 tabular	n/a	n/a	n/a	-	oracle dup300.fa (300 subjects, ids shared by adjacent records) outfmt 6/7/0 default and N=11: identical	After the hit list at most N subjects remain, so PruneSeqalign (first N runs of different ids) can never cut anything for outfmt 6/7. For outfmt 0 the printed alignment cap behaved the same on dup300 (250 blocks in both). Inventory's remark that adjacent equal ids 'count as one subject' cannot matter for the N cut.
G	32	src/algo/blast/api/setup_factory.cpp	330-342, 365-400	CreateHspWriter / CreateHspPipe (-culling_limit > 0)	-culling_limit N > 0 (eBoth stages)	missing	GAP	rejected: -culling_limit above 0 (run_impl.rs search), 06953c68d	algorithm/tblastx/blast_engine/run_impl.rs:3315-3330(hsp_culling::apply_culling per subject on the linked HSPs); algorithm/tblastx/hsp_culling.rs; the hit list (report.rs:765) is the ordinary collector one	oracle: cd rscratch_G; tblastx -query Q.fa -subject tie3.fa -culling_limit 100 -max_target_seqs 2 -outfmt 6 (NCBI vs LOSAT); also -query Q.fa -subject multi.fa -culling_limit 100 -outfmt 6	GAP, two independent differences, details in result_G_notes.md. (1) Hit list under -culling_limit: NCBI uses the culling writer, so the cut at N happens in the traceback stage and the final subject sort sees the score state; LOSAT applies the collector (e-value state when overflowing). tie3.fa -culling_limit 100 -max_target_seqs 2: NCBI prints SA (100 rows) then SB (97 rows), LOSAT SB (97) then SA (100); md5 66e63517... vs c24c5a9f..., first line Q1 SA 50.407 123 61 0 718 350 752 384 2.67e-167 137 vs Q1 SB same fields. With -culling_limit 100 and default N the same inputs are identical. (2) Pre-existing and independent of N: LOSAT's HSP culling itself differs from NCBI: multi.fa -culling_limit 100 gives 489 rows (NCBI) vs 646 (LOSAT, same 646 in LOSAT-base).
H	1	src/algo/blast/core/blast_options.c	1518-1523	BlastHitSavingOptionsValidate	-evalue <= 0	-	-	ported: 7fbbfad96	tblastx/blast_engine/run_impl.rs check_hit_saving_options	fixtures options.evalue0_*; adapter validate	added by the independent audit
H	2	src/algo/blast/core/blast_options.c	1303-1311 and the other validators	BLAST_ValidateOptions	-threshold 0, -word_size	-	-	deferred: NCBI's texts and exit 1 (S08+, TD-13); LOSAT's parser stops (exit 2)	blastinput/value_parsers.rs	audit (a) F5	added by the independent audit
H	3	src/algo/blast/blastinput/blast_args.cpp	375-384, 396-406	CFilteringArgs::x_TokenizeFilteringArgs / ExtractAlgorithmOptions	-seg WINDOW LOCUT HICUT	-	-	ported: single spaces, an int window, 7fbbfad96; deferred: NCBI's texts and exit 1 of the errors (S08+)	blastinput/value_parsers.rs parse_seg_filtering	tests/cli_v2.rs; audit (a) F2	added by the independent audit
H	4	src/algo/blast/core/blast_filter.c	1147-1154	BlastSetUp_Filter	SEG parameters not above 0	-	-	ported: 7fbbfad96	blastinput/value_parsers.rs SegSpec::params	fixtures options.seg_*; audit (a) F3	added by the independent audit
H	5	src/algo/blast/api/local_blast.cpp	54-103	SplitQuery_GetChunkSize	CHUNK_SIZE	-	-	ported: the error for a size not divisible by 3, the rejection of a value NCBI cannot convert, 7fbbfad96	tblastx/blast_engine/run_impl.rs check_query_split_environment	fixtures env.chunk*	added by the independent audit
H	6	src/algo/blast/api/split_query_aux_priv.cpp	53-60, 100-111	SplitQuery_GetOverlapChunkSize / SplitQuery_CalculateNumChunks	OVERLAP_CHUNK_SIZE	-	-	ported: no effect on an ungapped search, the rejection of a value NCBI cannot convert, 7fbbfad96	tblastx/blast_engine/run_impl.rs check_query_split_environment	fixture env.overlap_negative_fmt6	added by the independent audit
H	7	src/app/blast/blast_app_util.cpp	206-210	InitializeSubject	BL2SEQ_LEGACY	-	-	rejected: the legacy bl2seq report, 7fbbfad96	tblastx/blast_engine/run_impl.rs check_unsupported_environment	audit (a) F4	added by the independent audit
H	8	src/algo/blast/format/blast_format.cpp	1540, 1550-1551	CBlastFormat::PrintOneResultSet	the titles of the shown subjects	-	-	ported: the outfmt 0 title checks of the subjects with hits only, after the search, 7fbbfad96	tblastx/blast_engine/run_impl.rs check_shown_subject_titles; tblastn/args.rs run_local	fixtures title.*; punct_defline.py; audit (c) F1	added by the independent audit
H	9	src/corelib/ncbistr.cpp	4523-4590	NStr::HtmlDecode	character references in a title	-	-	rejected: exactly where NCBI decodes (its scan and entity table), 7fbbfad96	report/defline.rs ncbi_nucleotide_title_is_decoded	html_titles.py; fixture title.kept_fmt0	added by the independent audit
H	10	src/objtools/readers/fasta_reader_utils.cpp	215-225	CFastaReader::ParseDefLine	a DEL byte	-	-	ported: the title ends at the first byte below a space only, 7fbbfad96	tblastx/blast_engine/run_impl.rs check_report_titles	fixtures input.del_deflines_*	added by the independent audit
H	11	src/app/blast/blast_app_util.hpp	252-255	CATCH_ALL: std::ios::failure	standard output closed	-	-	deferred: pending the maintainer; Rust's runtime opens /dev/null on a closed standard output before main, so LOSAT writes the report there and succeeds (the check of 7fbbfad96 failed callers with a /dev/null opened read and write; removed in 1117e8c17)	cli.rs report_standard_output	tests/run_local_tblastx.rs a_standard_output_on_dev_null_is_written	added by the independent audit
H	12	src/app/blast/tblastx_app.cpp	132-137	CTblastxApp::Run	Query is Empty!, then BATCH_SIZE	-	-	ported: BATCH_SIZE before the queries and the deferred subject checks; a subject bio cannot read rejected where the search starts, 7fbbfad96	tblastx/blast_engine/run_impl.rs run, search_cli	fixture input.subject_blank_first_empty_query; tests a_batch_size_that_is_not_an_integer_is_rejected	added by the independent audit
H	13	src/algo/blast/core/*.c	(audit (a) COVERAGE.tsv section S7)	114 functions of the search core	default and accepted options	-	-	faithful: cited by LOSAT's references; no difference in the audit's differential runs, except BLAST_Cutoffs (the next row)	LOSAT/src/algorithm/tblastx	audit (a): about 985 cases, round 2 1600 random runs; investigations/	added by the independent audit
H	14	src/algo/blast/core/blast_stat.c	4090-4135	BLAST_Cutoffs	a large -evalue against a small search space	-	-	ported: at least the caller's 1, aa4b6f8c3	tblastx/ncbi_cutoffs.rs blast_cutoffs_from_one	fixture cutoff.floor_evalue_1e10; audit (b) F-1, (a) round 2 N3	added by the independent audit
H	15	src/algo/blast/core/blast_stat.c	4040-4063	BlastKarlinEtoS_simple	-	-	-	faithful: the score from E	tblastx/ncbi_cutoffs.rs cutoff_score_from_evalue	audit (a) round 2	added by the independent audit
H	16	src/algo/blast/core/blast_stat.c	4157-	BLAST_KarlinStoE_simple	-	-	-	faithful: the e-value of a score	stats/	audit (a) round 2: 1600 random runs equal	added by the independent audit
H	17	src/algo/blast/core/blast_stat.c	4418-, 4491-	BLAST_SmallGapSumE / BLAST_UnevenGapSumE	-	-	-	faithful	stats/sum_statistics.rs	audit (a) round 2	added by the independent audit
H	18	src/algo/blast/core/blast_stat.c	5041-	BLAST_ComputeLengthAdjustment	-	-	-	faithful	tblastx/ncbi_cutoffs.rs compute_eff_lengths_tblastx	equal footers in every outfmt 0 run	added by the independent audit
H	19	src/algo/blast/core/blast_engine.c	221-262	s_GetNextSubjectChunk	subjects over 5,000,000 nt	-	-	faithful	tblastx/blast_engine/run_impl.rs (subject chunks)	audit (a) round 2: 28 runs with subjects of 5.53 and 11.03 Mnt	added by the independent audit
H	20	src/algo/blast/core/lookup_wrap.c	99-100	LookupTableWrapInit	the bone type of the lookup table	-	-	faithful	tblastx/lookup/backbone.rs	audit (a) round 2: 28 runs	added by the independent audit
H	21	src/app/blast/blast_app_util.cpp	728-750	s_PreFetchSeqs	PRE_FETCH_SEQS_LIMIT	-	-	rejected: a value that NCBI cannot convert, aa4b6f8c3	tblastx/blast_engine/run_impl.rs check_unsupported_environment	tests/run_local_tblastx.rs; audit (b) F-4b, (a) round 2 N2	added by the independent audit
H	22	src/objtools/readers/fasta.cpp	375-384	CFastaReader::ReadOneSeq	lines before the first defline	-	-	ported: a subject bio cannot read is deferred only after lines NCBI skips; other text rejected at read, 5fa53b3f0	blastn/input.rs only_skipped_lines_before_first_defline	audit (a) round 2 N1	added by the independent audit
H	23	src/algo/blast/api/seqsrc_multiseq.cpp	-	the subject sequence source, SplitQuery_SetEffectiveSearchSpace	-	-	-	faithful: rows E43, E44	LOSAT/src/algorithm/tblastx	audit (a): equal footers in every outfmt 0 run	added by the independent audit
