range	row	ncbi_file	ncbi_lines	ncbi_function	branch	losat_location	status_before	blastx_location	blastx_port	impact	proposal	evidence	notes
LR	1	src/corelib/ncbiargs.cpp	695-737	CArg_InputFile::x_Open (value '-')	all: q,s -query - / -subject -	algorithm/blastn/input.rs:621(open_input);633(standard_input);algorithm/blastn/blast_engine/run.rs:5473(search_cli seekable);algorithm/tblastn/args.rs:776;algorithm/tblastx/blast_engine/run_impl.rs:951;algorithm/blastp/blast_engine.rs:4873	divergent	algorithm/blastx/args.rs:737(rejects any '-')	absent	medium	port:S	n_blastn_stdin_file; n_blastn_stdin_cat; n_blastn_subj_stdin_cat; n_blastn_both_stdin; n_blastn_qs_stdin_file_two(_o0); n_blastp_*stdin*; L_blastn_both_stdin	Value '-' (ncbiargs.cpp:717-721) makes the argument the process-wide std::cin, no open and no mode change on Linux (the Windows setmode branch 718-720 is n/a). -query and -subject can both be '-': they are then the SAME cin object (the subject is read to its end first, so the query reader sees a stream with eofbit/failbit set). Observed: `-query - -subject - < two_lf.fa` and `cat two_lf.fa | ... -query - -subject -` give rc 0, empty stdout, empty stderr (no 'Query is Empty!': tellg() on the failed cin is -1 (inferred: a valid position would have printed 'Query is Empty!'), IsIStreamEmpty returns false; the reader finds no query; outfmt 0 prints header and epilog of 'Input: -'). `-subject -` alone (file or pipe) works like a file. LOSAT: open_input dups fd 0 as a File (shares the offset like cin); BLASTN/BLASTP/TBLASTN/TBLASTX special-case 'both -' only in the blank-query branch (bail 'empty query from a stream without a position'), so a both-'-' run with a blank stream is rejected where NCBI exits 0 silently; BLASTX rejects every '-'. new: stream_is_empty ok for one stream (False when stream_position fails) but differs for both-'-' (each FastaStream has its own failed flag; NCBI shares one cin, so the query stream must start in the failed state when the subject consumed cin).
LR	2	src/corelib/ncbiargs.cpp	695-716;726-737;615-621	CArg_InputFile::x_Open / CArg_Ios::x_Open (file name)	all: q,s -query FILE / -subject FILE	algorithm/blastn/input.rs:621(open_input);cli.rs:842(inaccessible)	faithful	algorithm/blastx/native.rs:255-256;341(File::open+inaccessible)	faithful	none	keep	n_blastn_q_nofile; n_blastn_s_nofile; n_blastn_q_emptyname; n_blastn_bothbad; n_blastn_q_dir; n_blastn_s_dir	ifstream.open(name, in|mode) (727); if it fails m_Ios is NULL and CArg_Ios::x_Open throws CArgException eNoFile 'File is not accessible' (619): stderr `Command line argument error: Argument "query". File is not accessible:  `NAME'` (two spaces, backquote and quote), rc 1; for an empty name no `NAME' part. A directory opens successfully and reads as no bytes (query: 'Query is Empty!' rc 0; subject: 'BLAST engine error: Empty CBlastQueryVector' rc 3). The subject argument is opened and read during SetOptions (before the query is opened): with both names bad only the subject error is printed. LOSAT-before gives the same messages and codes (SAME in all six cases); read_fasta_bytes maps IsADirectory to no bytes. new: n/a (the caller opens the File; FastaStream::from_file takes it).
LR	3	src/algo/blast/blastinput/blast_args.cpp;src/algo/blast/blastinput/cmdline_flags.cpp	3425-3428;3454-3470;3497-3505;cmdline_flags.cpp:47	CStdCmdLineArgs: -query declaration, ExtractAlgorithmOptions, GetInputStream	all: q	cli.rs (clap default for --query)	faithful	algorithm/blastx/args.rs (query default)	faithful	none	keep	n_blastn_noquery_arg; L_blastn_noquery_arg	-query is AddDefaultKey with default kDfltArgQuery = "-" (cmdline_flags.cpp:47): omitting -query reads standard input. m_InputStream is the CArg's stream, set in ExtractAlgorithmOptions (3458-3468); the gzip branch (3460-3466) needs m_GzipEnabled, which only the mapper sets (magicblast_args.cpp:243), so the four programs never decompress. Observed: `cat two_lf.fa | blastn -subject two_lf.fa -outfmt 6` works in NCBI and LOSAT-before with identical output. GetInputStream() abort()s if the stream is NULL (unreachable here). new: n/a.
LR	4	src/algo/blast/blastinput/blast_args.cpp;src/corelib/ncbiargs.cpp	3458-3468;2525-2537;ncbiargs.cpp:695-737	no gzip for -query/-subject (m_GzipEnabled, m_IsMapper)	all: q,s file named *.gz	algorithm/blastn/input.rs:657(read_fasta_bytes);24(unreadable_fasta)	divergent	algorithm/blastx/input.rs:1358(FastaStream::new)	faithful	low	port:S	n_blastn_gz; L_blastn_gz	A .gz name is read as plain bytes: blastn -query two_lf.fa.gz -> stderr `BLAST query error: CFastaReader: Near line 1, there's a line that doesn't look like plausible data, but it's not marked as defline or comment.` rc 1 (gzip magic 1f 8b is data). LOSAT-before also rc 1 but with `failed to read query FASTA ... stream did not contain valid UTF-8` (bio); the new reader gives the NCBI text once bytes are read by CFastaReader (row of range RD, CheckDataLine). Nothing to implement beyond not adding decompression. new: n/a (no decompression is added; bytes go to the reader).
LR	5	src/algo/blast/blastinput/blast_fasta_input.cpp;src/algo/blast/blastinput/blast_input_aux.cpp;src/util/line_reader.cpp	290-298;301-313;222-232;238-240;line_reader.cpp:367-381	CBlastFastaInputSource ctor (CStreamLineReader vs CStreamLineReaderConverter vs CMemoryLineReader)	all: q,s which line reader class	-	n/a	algorithm/blastx/input.rs:1118-1187(FastaMemoryLines, tests only)	n/a	none	keep	source	The stream constructor (294-297) builds CStreamLineReaderConverter only when iconfig.GetConvertGapsToNs(), set by ReadSequencesToBlast only for `!read_proteins && gaps_to_Ns` with gaps_to_Ns = m_IsMapper (blast_input_aux.cpp:238-240; blast_args.cpp:2554), i.e. magicblast: unreachable for blastn/blastp/tblastn/tblastx. CMemoryLineReader is used only by the CBlastFastaInputSource(const string&) constructor (301-313), not by any command-line path (the ABI's registered inputs are 'read as a file with the same bytes', so the stream reader applies); its operator++ (line_reader.cpp:353-381) splits at CR, LF or CRLF with no style detection and no pushback, and BLASTX keeps its port (FastaMemoryLines) only for the C++ oracle test. All four programs: the query reader is `new CStreamLineReader(infile)` (auto EOL), the subject reader is created in ReadSequencesToBlast (blast_input_aux.cpp:242). new: n/a (stream.rs has only LineReader = CStreamLineReader).
LR	6	src/app/blast/blast_app_util.cpp	845-875	IsIStreamEmpty (non-Windows branch 855-874): seekable stream, only white space	all: q	algorithm/blastn/input.rs:40(is_blank);algorithm/blastn/blast_engine/run.rs:5473-5490(search_cli);algorithm/tblastn/args.rs:776-796;algorithm/tblastx/blast_engine/run_impl.rs:951-972;algorithm/blastp/blast_engine.rs:4873-4893	faithful	algorithm/blastx/input.rs:1229(stream_is_empty);algorithm/blastx/native.rs:342	faithful	none	keep	n_blastn_q_empty.o6/.o0; n_blastn_q_ws_only.o6/.o0; n_blastn_q_blank_lines.o6; n_blastn_q_nl_only.o6; n_blastn_stdin_emptyfile; n_blastn_stdin_wsfile; n_blastn_query_devnull; n_blastn_stdin_devnull(_o7); n_blastn_q_dir; n_blastn_stdin_closed; n_blastp_q_*; n_tblastn_q_*; n_tblastx_q_*; n_blastn_q_nbsp_only; n_blastn_q_ctrlz_only; n_blastn_q_nul_only(_nonl); n_blastn_q_ff_only	tellg() >= 0 (file, /dev/null, directory, redirected stdin file), then `in >> c` with skipws skips C-locale isspace = space, \t, \n, \v, \f, \r (also the test input_space); if no non-space byte exists the answer is true, otherwise seekg(orig_p), flags and state are restored (false). NUL, 0x1A, 0xA0 (also UTF-8 C2 A0) are NOT space: such files are not empty and reach CFastaReader, which fails with `BLAST query error: CFastaReader: Near line 1, there's a line that doesn't look like plausible data, but it's not marked as defline or comment.` rc 1 (n_blastn_q_nbsp_only, _ctrlz_only, _nul_only, _ff_only). Empty file, white-space-only file, blank lines only, /dev/null, a directory, `<&-` (closed stdin) and a redirected empty file are all 'empty' (stderr `Warning: [blastn] Query is Empty!`, rc 0, stdout empty for outfmt 0/6/7). LOSAT-before: is_blank on the whole file bytes (same six bytes), seekable = stream_position().is_ok(): SAME for all of these runs. new: stream_is_empty ok (same body as BLASTX; Err from stream_position -> false; read error -> true, matching the directory case).
LR	7	src/app/blast/blast_app_util.cpp	856-860	IsIStreamEmpty: stream without a position (tellg() < 0) returns false	all: q piped (-query - from a pipe, FIFO, tty)	algorithm/blastn/blast_engine/run.rs:5473-5486(search_cli bail);algorithm/tblastn/args.rs:776-790;algorithm/tblastx/blast_engine/run_impl.rs:951-966;algorithm/blastp/blast_engine.rs:4873-4888	rejected-now	algorithm/blastx/input.rs:1229-1241(stream_is_empty Err -> false);algorithm/blastx/args.rs:737(rejects '-')	divergent	medium	port:M	n_blastn_emptypipe_o0/o6/o7/o10; n_blastp_emptypipe_*; n_tblastn_emptypipe_*; n_tblastx_emptypipe_*; n_blastn_stdin_emptypipe; n_blastn_query_fifo; n_blastn_query_fifo_empty; L_blastn_emptypipe_o6; L_blastn_stdin_emptypipe	`: | blastn -query - -subject S` (empty pipe): no 'Query is Empty!', rc 0; the app continues with an empty input: outfmt 6 and 10 print nothing, outfmt 7 prints only `# BLAST processed 0 queries`, outfmt 0 prints the full header (BLASTN 2.17.0+ ... `Database: User specified sequence set (Input: S).` ... 2 sequences; 210 total letters) and then the epilog (`  Database: ...`, `Posted date:  Unknown`, `Number of letters in database`, `Number of sequences in database`, `Matrix:`, `Gap Penalties:`; for blastp also `Neighboring words threshold` and `Window for multiple hits`), because End() is true at once (peek at EOF) so the batch loop never runs. The same for an empty named FIFO. Identical for blastp, tblastn, tblastx (outfmt 0 header names the program). LOSAT-before bails `an empty query from a stream without a position (such as a pipe) is not supported by LOSAT's <PROGRAM>` (rc 1); outfmt 10 is rejected earlier. The port needs a 'no queries' report for outfmt 0/6/7 (the header and epilog texts are range AD/RP) and must treat 'stream_position fails' as not empty. new: stream_is_empty ok (False on Err), but see row 1 for stdin shared with the subject. Windows branch (blast_app_util.cpp:848-854, `in >> c` then unget, no tellg) would call an empty pipe empty: Linux semantics are the oracle here (open question).
LR	8	src/app/blast/blast_app_util.cpp;src/algo/blast/api/objmgr_query_data.cpp	856-873;objmgr_query_data.cpp:376-380	stream with only white space but no position (pipe): reader finds no record	all: q piped, subject piped/empty	algorithm/blastn/blast_engine/run.rs:5473-5486	rejected-now	algorithm/blastx/args.rs:737	absent	medium	port:S	n_blastn_stdin_nlpipe; n_blastn_stdin_wspipe; n_blastn_nlpipe_o0; n_blastp_stdin_nlpipe; n_blastp_stdin_wspipe; n_blastn_subj_stdin_emptypipe; n_blastn_subj_stdin_nlpipe; n_blastn_cmt_only_o0/o6	`printf '\n\n\n' | blastn -query - ...` (also ' \t\r\n\v\f\n', or a comment-only file given by name): tellg < 0 (or a non-empty file) so IsIStreamEmpty is false; End() is false (a byte is left); GetNextSeqBatch -> ReadOneSeq throws eEOF ('Expected defline') which CBlastInput swallows (break), the batch is empty, CObjMgr_QueryFactory throws CBlastException 'Empty CBlastQueryVector': stderr `BLAST engine error: Empty CBlastQueryVector`, rc 3. With -outfmt 0 the header up to `           2 sequences; 210 total letters` (+ blank lines) is already on stdout (PrintProlog precedes the first batch); for outfmt 6 stdout is empty. A whitespace-only SEEKABLE file is 'Query is Empty!' rc 0 instead (previous row), so the same bytes give rc 0 from a file and rc 3 from a pipe. LOSAT-before: pipe case rejected with the 'stream without a position' error (rc 1); comment-only file: `FASTA that bio cannot read ... Expected > at record start.` rc 1. new: needs reader.rs/read_queries to return an empty batch and the caller to raise the engine error (Empty CBlastQueryVector, rc 3); stream.rs part ok.
LR	9	src/app/blast/blastn_app.cpp;src/app/blast/tblastx_app.cpp;src/app/blast/tblastn_app.cpp;src/app/blast/blastp_app.cpp	blastn_app.cpp:199-214,258;tblastx_app.cpp:128-137,173;tblastn_app.cpp:209-224,270;blastp_app.cpp:207-216,253	where each program tests IsIStreamEmpty and prints 'Query is Empty!'	all: q (N,X,T,P)	algorithm/blastn/blast_engine/run.rs:5443-5490,5686-5693;algorithm/tblastx/blast_engine/run_impl.rs:919-972;algorithm/tblastn/args.rs:746-796;algorithm/blastp/blast_engine.rs:4845-4893	faithful	algorithm/blastx/native.rs:341-344	faithful	none	keep	n_blastn_q_empty.o0; n_blastn_q_ws_s_empty; n_blastn_qempty_sempty_stdin; n_blastn_qs_empty; n_blastn_threads_emptyq; n_blastp_q_empty; n_tblastn_q_empty; n_tblastx_q_empty	Order: options and subject first (InitializeSubject reads the whole subject set; a bad/empty subject fails before the query is looked at: empty query + empty subject -> `BLAST engine error: Empty CBlastQueryVector` rc 3, n_blastn_qs_empty), then IsIStreamEmpty(query) -> ERR_POST(Warning << "Query is Empty!") printed as `Warning: [blastn] Query is Empty!` (prefix from SetDiagPostPrefix, program name lower case) and BLAST_EXIT_SUCCESS (0) BEFORE CBlastFastaInputSource is built and before PrintProlog, so stdout stays empty even for outfmt 0/7. TBLASTN calls it only when no PSSM (-in_pssm; out of scope). With -num_threads > 1 NCBI first prints `Warning: [blastn] 'num_threads' is currently ignored when 'subject' is specified.` (approved exception, PD-LOSAT-CLI-NONSEARCH-DIFFERENCES item 2; LOSAT omits it, stderr differs only there); x_RunMTBySplitQuery (blastn_app.cpp:352, blastp_app.cpp:327, tblastn_app.cpp:368) is reached only for -db searches (bl2seq prints `... 'num_threads and mt_mode' is currently ignored ...` and runs single-threaded, n_blastn_threads_mt1; LOSAT rejects -mt_mode with rc 2). LOSAT-before reproduces text, stream (stderr), exit code and order (SAME in all runs listed). new: input_is_empty ok.
LR	10	src/algo/blast/blastinput/blast_input.cpp;src/algo/blast/api/objmgr_query_data.cpp	198-219;objmgr_query_data.cpp:376-380;blast_args.cpp:2553-2557	subject set read with GetAllSeqs; no IsIStreamEmpty for the subject	all: s	algorithm/blastn/input.rs:811-870(read_nucleotide_subjects);algorithm/blastn/blast_engine/run.rs:5296-5340;algorithm/blastp/blast_engine.rs:4713-4760	faithful	algorithm/blastx/native.rs:255-275	faithful	none	keep	n_blastn_s_empty.o6/.o0; n_blastn_s_ws_only.o6; n_blastn_s_blank_lines.o6; n_blastn_s_nl_only.o6; n_blastn_s_dir; n_blastn_subj_devnull; n_blastn_subj_stdin_emptypipe; n_blastp_s_*; n_tblastn_s_*; n_tblastx_s_*; n_blastn_s_gt_only_nl; n_blastn_s_lone_gt_only	The subject stream is never tested for emptiness: GetAllSeqs (End() -> GetNextSequence until eEOF) returns an empty CBlastQueryVector for an empty, white-space-only, blank-line-only, /dev/null, directory or pipe subject, and `new CObjMgr_QueryFactory(*subjects)` (blast_args.cpp:2557) throws: stderr `BLAST engine error: Empty CBlastQueryVector`, rc 3, nothing on stdout (this happens in SetOptions, before PrintProlog, so even outfmt 0 prints nothing). A subject that is only `>` (or `>\n`) is one record without data: `Warning: [blastn] Subject_1 : Subject sequence contains no data` then `BLAST engine error: The average subject length is too short` rc 3 (record rules are range RD/BI/AD). GetAllSeqs' eNoDefline branch (`Query input doesn't start with a defline or comment, line N`, 209-213) needs a thrown eNoDefline, which CFastaReader throws only without fDLOptional (fasta.cpp:387-395); BLAST sets fDLOptional, so it is unreachable. LOSAT-before: SAME rc and text for all runs listed (check_subjects_not_empty). new: read_all(...) in mod.rs:350 follows GetAllSeqs; caller must raise the engine error on an empty vector.
LR	11	src/util/line_reader.cpp	77-93	CStreamLineReader::CStreamLineReader (stream, auto EOL)	all: q,s	-	unported	algorithm/blastx/input.rs:1304-1360(FastaStream::new,struct)	faithful	high	port:S	source	State: m_LineNumber 0, m_LastReadSize 0, m_UngetLine false, m_AutoEOL true, m_EOLStyle eEOL_unknown, no stream owned; one reader per -query stream and one per -subject stream (a new reader per CBlastFastaInputSource). The EOL style is decided once, from the first line, and is never reset between records or query batches. LOSAT-before has no line reader: bio::io::fasta splits on LF only and trims a trailing CR, and the whole file is read into memory first (read_fasta_bytes). new: LineReader::new/FastaStream::new ok (state fields copied, 8191-byte BufReader window as the pinned ifstream).
LR	12	src/util/line_reader.cpp;src/algo/blast/blastinput/blast_fasta_input.cpp	100-105;blast_fasta_input.cpp:370-374	CStreamLineReader::AtEOF / CBlastFastaInputSource::End	all: q,s	-	unported	algorithm/blastx/input.rs:1650(at_eof);2034(parse_fasta_stream_with_warnings)	faithful	high	port:S	n_blastn_nlpipe_o0; n_blastn_stdin_emptypipe; n_blastn_q_rec_then_cmt; n_blastn_cmt_only_o6; n_batch_two_then_cmt_50 (scratch .out/.err)	AtEOF = !m_UngetLine && (stream.eof() || stream.peek() == EOF); peek() sets eofbit when it finds the end, and the eofbit then stays (the next AtEOF is true without peeking). An ungot line makes AtEOF false even when the stream is exhausted. End() is exactly AtEOF. Consequences observed: an empty pipe is at EOF at once (no batch, rc 0); a pipe/file with only blank, white-space or comment lines is NOT at EOF, so one batch is tried, ReadOneSeq throws eEOF, the batch is empty and `BLAST engine error: Empty CBlastQueryVector` rc 3 follows (previous rows); a record followed by blank or `#`/`;`/`!` comment lines is fine, because ReadOneSeq of the LAST record reads (and skips) those lines while looking for the next defline, so no empty trailing batch exists even when BATCH_SIZE=50 makes every record fill a batch (n_batch_two_then_cmt_50, n_batch_two_then_blank_50: both queries reported, rc 0). new: LineReader::at_eof/FastaInputSource::end ok.
LR	13	src/util/line_reader.cpp	107-140	CStreamLineReader::PeekChar	all: q,s	-	unported	algorithm/blastx/input.rs:373(parse_fasta_lines, no PeekChar: it looks at the line itself)	faithful	high	port:S	source	Returns the first byte of the next line: after UngetLine the first byte of the ungot line (0 for an empty line); otherwise stream.peek(), mapped to 0 when it is CR or LF (an empty next line); at EOF (undefined in NCBI, returns peek()) -1. Used by CFastaReader::ReadOneSeq (fasta.cpp:337) to see a '>' without consuming. A peek that reaches the end sets eofbit like AtEOF. BLASTX has no PeekChar: its loop reads the line and decides on it, which is equivalent because the peeked byte is only compared with '>' / used for the data-line test. new: LineReader::peek_char ok (same three cases).
LR	14	src/util/line_reader.cpp	142-152;208-217	CStreamLineReader::UngetLine / GetLineNumber	all: q,s	-	unported	algorithm/blastx/input.rs:373-380(parse_fasta_lines uses lines.enumerate(): line_index+1)	faithful	high	port:S	n_blastn_probe_lf; n_blastn_probe_crlf; n_blastn_probe_cr; n_blastn_probe_lfcr; *_nofinal; n_blastn_q_hi_defline; n_blastn_q_mid_probe; n_near_lf; n_near_cr; n_near_crlf	m_LineNumber counts every physical line returned by operator++ (blank, white-space-only, comment and defline lines too; the first line is 1); UngetLine decrements it and sets m_UngetLine so the next operator++ returns the same line with the number increased again (net zero); at EOF operator++ neither returns a line nor increments (the number stays at the last line). These numbers appear in `CFastaReader: Hyphens are invalid and will be ignored around line N`, `FASTA-Reader: Ignoring invalid residues at position(s): On line N: ...`, `Near line N, there's a line that doesn't look like plausible data...` and the gap-line messages (range RD). Probe file (7 lines, hyphen in lines 2,3,5,7,8): the same warnings `around line 2/3/5/7/8` for LF, CRLF, CR-only, and each without final EOL (identical stderr); `Near line 4` for a bad data line at line 4 in LF, CR and CRLF versions (n_near_*). LF+CR pairs ('\n\r' as in probe_lfcr) count two lines per break: hyphen lines 3,4,7,11,13. LOSAT-before: no line numbers in warnings (it rejects every input that NCBI warns about), bio sees a CR-only file as one line. new: LineReader::unget_line/line_number ok.
LR	15	src/util/line_reader.cpp	154-176	CStreamLineReader::operator++ (dispatch on EOL style)	all: q,s	-	unported	algorithm/blastx/input.rs:1979-2030(FastaStream::next)	faithful	high	port:S	source; fixcheck.py against LOSAT/tests/unit/blastx_stage_e_io_stream_expected.tsv (1413 file_ rows, 0 mismatches of the Python model lrmodel.py)	At EOF: clears the line, no increment. Else ++m_LineNumber; an ungot line is returned as is; else switch(m_EOLStyle): unknown -> x_AdvanceEOLUnknown; cr -> x_AdvanceEOLSimple('\r','\n'); lf -> x_AdvanceEOLSimple('\n','\r'); crlf -> x_AdvanceEOLCRLF; mixed -> NcbiGetline("\r\n"). operator* returns m_Line (a trailing CR is never part of a line returned in the cr/lf/crlf/mixed styles; a lone trailing CR at the end of an LF file is dropped, n_blastn_w_lf_trailing_cr_eof). new: FastaStream::advance + LineReader::next_line ok (the same switch; the pushed-back tail goes through push_back).
LR	16	src/util/line_reader.cpp	219-243	CStreamLineReader::x_AdvanceEOLUnknown (first line decides the style)	all: q,s	-	unported	algorithm/blastx/input.rs:1985-2000(FastaStream::next, EolStyle::Unknown)	faithful	high	port:S	n_blastn_two_lf_o6; n_blastn_two_crlf_o6; n_blastn_two_cr_o6; n_blastn_two_*_nofinal_*; n_blastp_two_*_o6/o0; n_blastn_probe_lf/crlf/cr/lfcr; L_blastn_two_cr_o6	NcbiGetline(stream, line, "\r\n") reads the first line; unget() then get() reads back the last byte the multi-delimiter read consumed: CR (a CR not followed by LF) -> eEOL_cr; LF, also the LF of a CRLF pair (the pair is consumed together and unget() returns the LF) -> eEOL_crlf (deferred LF-or-CRLF decision, see next rows); a single-line file with no terminator (or an empty first line at EOF) leaves the style unknown (unget clears eofbit again). Result for the same two-record input in LF, CRLF, CR-only and no-final-EOL variants, blastn and blastp, outfmt 6 and 0: identical records and identical stdout/stderr (n_*_two_* are byte-identical across the variants except `Input: <name>` in outfmt 0). LOSAT-before: LF and CRLF identical to NCBI (SAME); CR-only: rc 1 `... defline that has the control character 0x0d` (bio reads the whole file as one line). new: ok.
LR	17	src/util/line_reader.cpp	245-269;271-297	CStreamLineReader::x_AdvanceEOLSimple / x_AdvanceEOLCRLF (LF, CRLF, CR styles; embedded alternate EOL)	all: q,s	-	unported	algorithm/blastx/input.rs:1801-1856(advance_simple);2005-2025(CrLf/Cr/Lf arms)	faithful	high	port:M	n_blastn_two_mixed_o6/o0; n_blastp_two_mixed_o6/o0; n_blastn_w_cr_crlf; n_blastn_w_crcrlf; n_blastn_w_crlf_blank; n_blastn_w_crlf_then_lf; n_blastn_w_lf_then_crlf; n_blastn_w_lfcr; n_blastn_w_lf_trailing_cr_eof; n_blastn_probe_lfcr; n_lost_a..d, n_lost_g55, n_lost_g55_nl; fuzz/ (5440 earlier inputs; re-run this session against lrmodel.py: fuzz.py 901 (40 files), 904 (30, via cat), 905 (30, subject), fuzz2.py 902 (7 files, file/stdin/cat): hyphen-warning line numbers, 0 mismatches)	x_AdvanceEOLSimple(eol, alt): NcbiGetline(single delimiter eol) reads to eol; if the line contains alt (the other EOL character) at index p: pos=p+1; unless (eol=='\n' && pos==line.size(), i.e. an immediately preceding CR before the LF = CRLF) the tail line[pos:] is pushed back with CStreamUtils::Pushback and the style becomes eEOL_mixed; the line is cut to line[:p]; in x_AdvanceEOLCRLF a mixed result switches the style to eEOL_cr (an embedded CR in an LF/CRLF file) and a non-CRLF result switches crlf -> eEOL_lf. For eol=='\r' with no LF inside, a LF directly after the CR is consumed (peek/get), so CRLF in a CR-style file is ONE break. KEY BEHAVIOUR: the physical line's own terminator was consumed by NcbiGetline and is NOT part of the pushed-back tail, so the break after an embedded alternate EOL is lost and the tail is glued to the next line: `>q1 first\nA..\r\nB..\r>q2 second\nC..\n` (LF, CRLF, then a CR) reads as lines `>q1 first`, `A..`, `B..`, `>q2 secondC..`: oracle (two_mixed): q2's title is `q2 secondTGGC...` (the sequence is in the title), the record has no data (`Warning: [blastn] Query_2 q2 secondTGGCATTT.. : Sequence contains no data`), plus the 20-nt title warning, outfmt 6 lists only q1. Pure CR+LF mixtures where each break is a complete CRLF or LF work: w_cr_crlf (`>q1 x\r` + `A\r\n`), w_crcrlf (`\r\r\n` = break + blank line), w_crlf_then_lf, w_lf_then_crlf, w_crlf_blank all give both records. LOSAT-before: SAME for CRLF-only and LF-only; every file with a CR-only break or a lone CR is rejected (control character 0x0d in a defline / `0x0d at residue N`), e.g. L_blastn_two_mixed_o6, L_blastn_w_lfcr. The Rust LF-then-CR file '\n\r' (w_lfcr, probe_lfcr) is read by NCBI with doubled line numbers but correct records. new: advance_simple ok (copies the same arithmetic, push_back of line[pos:]); the NCBI lost-break behaviour is reproduced because the tail is pushed back without the terminator.
LR	18	src/util/line_reader.cpp	154-176 (eEOL_mixed arm);ncbistre.cpp:55-134	eEOL_mixed: NcbiGetline("\r\n") (multi-delimiter form)	all: q,s	-	unported	algorithm/blastx/input.rs:1737-1795(getline, 2+ delimiters);2026(Mixed arm)	faithful	medium	port:S	n_blastn_probe_lfcr; fuzz mixes of LF/CR/CRLF/LFCR (fuzz.py 'any' mode)	Once mixed (after the first embedded alternate EOL), each line ends at the first CR or LF; CR directly followed by LF is one delimiter (delims.find(next, delim_pos+1): only the order CR,LF merges), LF followed by CR is two delimiters, so '\n\r' pairs produce an empty line between lines. No tail glue happens in this style. The multi-delimiter NcbiGetline (ncbistre.cpp:55-134) reads with sbumpc/sgetc (no eofbit until the end; EOF with an empty string sets failbit). new: getline(b"\r\n") ok.
LR	19	src/corelib/ncbistre.cpp	137-176	NcbiGetline(single delimiter): get/unget/get(buf,n,delim) form	all: q,s	-	unported	algorithm/blastx/input.rs:1737-1795(getline, 1 delimiter);1678(next_byte)	faithful	medium	port:S	n_blastn_long (3 000 000-byte line, n_blastn_long2 outfmt 6); n_blastn_q_mid_probe (5000-byte line)	Reads char by char with get()/unget() and bulk with get(buf,1024,delim); a delimiter-less last line returns its text with eofbit set (failbit only if the string is empty); there is no line length limit other than string::max_size (3 MB line read; line 2 of a 5058-byte file reports `around line 2`). `is.good()` false on entry sets failbit and returns an empty line: with the eofbit left set by an earlier read this is how a pushed-back tail can be lost (next row). LOSAT-before reads long lines fine (bio); SAME on n_blastn_long2. new: getline has an added fast path over the buffered 8191-byte window when no pushback buffer exists (delimiter search with memchr-like scan); by source reading it consumes the same bytes and sets the same failed state as the byte loop (not run by this inventory; the BLASTX oracle table was not re-run against stream.rs).
LR	20	src/corelib/stream_utils.cpp	379-443;134-161;224-237;306-358	CStreamUtils::Pushback / CPushback_Streambuf (recycling vs new streambuf; eofbit)	all: q,s	-	unported	algorithm/blastx/input.rs:1304(PushbackBuffer);1470(raw_peek);1565(raw_take);1621(push_back)	faithful	medium	port:M	n_lost_g55; n_lost_g55_nl; n_lost_a; n_lost_b; n_lost_c; n_lost_d (cmd/out/err/rc in scratch_LR/out); fuzz2.py/fuzz3.py (files fuzz/g*, fuzz/h*)	x_Pushback: if the stream's rdbuf is already a CPushback_Streambuf and the data are <= 256 bytes (kMinBufSize 4096 >> 4, a copy without del_ptr) they are written back into the already-read part of that buffer (take = min(avail, size)) and NO new streambuf is made: rdbuf() is not called, so the stream state is NOT cleared. Otherwise a new CPushback_Streambuf is installed with is.rdbuf(this), whose basic_ios::rdbuf(sb) calls clear() (eofbit gone). Refill (underflow -> x_FillBuffer(in_avail)): buffer size max(4096, old), reads min(size, in_avail) bytes from the next streambuf, where in_avail is the remaining file size for an ifstream on a regular file (libstdc++ filebuf window 8191 bytes) and 0 for cin/pipes (then 1 byte per fill). OBSERVABLE DATA LOSS (NCBI quirk the port must keep): when a tail is recycled into an old pushback buffer while eofbit is already set because the last, unterminated physical line hit the end of the file (a second pushback: an earlier embedded EOL has already installed a pushback buffer, and the last, unterminated physical line contains another alternate EOL, e.g. a CR-style stream whose last line is `ACGTACGT\n-ACGT...`), AtEOF() sees eofbit and the pushed-back tail `ATTACC...` is never returned. Oracle n_lost_g55: file `>first\r\nTC-..\rTT-..\r\r\nACGTACGT\n-ACGTACGTACGTACGTACGTAC` (and the same plus a final LF): NCBI warns `Hyphens ... around line 2` and `line 3` only; the tail line `-ACGT...` (line 6, would warn) is dropped; the model has separate 'file' and 'pipe' modes (in_avail differs), fuzz files that exercise it: fuzz/g*, h*. Simple one-time embedded EOLs (n_lost_a..d) do NOT lose the tail (a new streambuf is installed, clear()). new: push_back + raw_peek copy BLASTX's logic (capacity max(4096), take-from-position for <= 256 bytes, `failed=false` only when a new buffer is pushed); same as the independently checked BLASTX code.
LR	21	src/util/line_reader.cpp;src/corelib/stream_utils.cpp	219-243;306-358;ncbistream in_avail	stream kind: regular file vs pipe/FIFO/cin (in_avail and window)	all: q,s	algorithm/blastn/input.rs:633(standard_input)	unported	algorithm/blastx/input.rs:1858-1890(file_available, FIONREAD)	faithful	low	port:S	n_blastn_stdin_file; n_blastn_stdin_cat; n_blastn_query_fifo; fuzz.py 904 (cat) 905 (file subject)	The same bytes can be lost or kept depending on how they arrive (file vs `cat |`) only through the pushback quirk above: in_avail is the remaining file size for an ifstream, the bytes already queued for a pipe (FIONREAD), 0 for cin (a sync_with_stdio filebuf over fd 0 has no window). Plain reading is identical for file, redirected stdin, pipe and FIFO (n_blastn_stdin_file, _cat, query_fifo: same output). For stdin the port must size fills like cin (1 byte when nothing is queued). new: FastaStream::from_file sets backend_available = file_available (regular file: remaining bytes; else FIONREAD); it is used for stdin only if standard input is passed as a File, as open_input does.
LR	22	src/util/line_reader.cpp;src/corelib/ncbistre.cpp	219-243;55-134;137-176	bytes the line reader passes through: BOM, NUL, 0x80-0xFF, control characters, TAB, FF	all: q,s	algorithm/blastn/input.rs:24(unreadable_fasta);84-148(check_deflines_with);148-170(check_sequence_lines_of)	rejected-now	algorithm/blastx/input.rs:1737(getline: byte based);2057(input_space)	faithful	medium	port:S	n_blastn_q_bom_two; n_blastn_s_bom_two; n_blastn_q_nul_defline; n_blastn_q_nul_data; n_blastn_q_hi_defline; n_blastn_q_nbsp_only; n_blastn_q_ctrlz_only; n_blastn_q_ff_only; L_blastn_q_bom_two; L_blastn_q_nul_defline; L_blastn_q_hi_defline; L_blastn_q_nul_data	The line reader is byte transparent (std::string lines, no encoding or NUL handling; only CR and LF are delimiters): a UTF-8 BOM, NUL, 0x1A, 0xA0, 0xFF stay in the line. Record-level consequences belong to range RD: BOM before the first `>` (bom_two, query and subject) -> `BLAST query error: CFastaReader: Near line 1, there's a line that doesn't look like plausible data, but it's not marked as defline or comment.` rc 1; a defline `>q1 a\0b` or `>q1 caf\xc3\xa9 \xff\xfe` is accepted and the next data lines keep their numbers (hyphen warnings `around line 2` and `4`; n_blastn_q_nul_defline/_hi_defline); a NUL inside a data line is one bad residue: `FASTA-Reader: Ignoring invalid residues at position(s): On line 2: 11` between the hyphen warnings of lines 2 and 3 (n_blastn_q_nul_data, rc 0). A file with only NUL / 0x1A / 0xA0 is NOT empty for IsIStreamEmpty and fails as CFastaReader above. LOSAT-before: BOM -> `FASTA that bio cannot read (...)  Expected > at record start.`; NUL / non-ASCII bytes in a defline -> `defline that has the control character 0x00` / `has a non-ASCII byte`; NUL in a data line -> `has 0x00 at residue 11` (all rc 1). new: byte-based lines ok (Vec<u8>).
LR	23	src/util/line_reader.cpp;src/corelib/ncbistre.cpp	154-176;137-176	no final line break / empty last line / blank tail	all: q,s	algorithm/blastn/input.rs:40(is_blank);676(read_records)	divergent	algorithm/blastx/input.rs:1650(at_eof);1979(next)	faithful	medium	port:S	n_blastn_two_lf_nofinal_o6; n_blastn_two_crlf_nofinal_o6; n_blastn_two_cr_nofinal_o6; n_blastp_two_*_nofinal_*; n_blastn_w_crlf_nofinal; n_blastn_w_lf_blank_trailing; n_blastn_w_lf_trailing_cr_eof; n_blastn_q_rec_then_blank_cr; n_blastn_q_rec_then_cmt	An unterminated last line is returned (eofbit set after it, then AtEOF); a file ending in a single LF has no extra empty line (after the last LF the stream is at EOF); each additional blank line is a counted line (`>q1 x\n<100>\n\n\n` = lines 1..4); a trailing lone CR in an LF file is dropped; records followed by blank/comment lines (`#tail comment`, white space lines, CR-only blank lines) give rc 0 without message in NCBI. LOSAT-before: LF/CRLF no-final-EOL files SAME as NCBI; a `#` comment line after the sequence is read by bio as sequence and rejected (`has '#' at residue 121`, rec_then_cmt), and CR-only blank tails fail on the 0x0d rule. new: ok.
LR	24	src/algo/blast/blastinput/blast_input.cpp;src/app/blast/blastn_app.cpp;src/app/blast/tblastx_app.cpp;src/app/blast/tblastn_app.cpp;src/app/blast/blastp_app.cpp	blast_input.cpp:131-170;blastn_app.cpp:277-279;tblastx_app.cpp:176;tblastn_app.cpp:(loop after 270);blastp_app.cpp:257	batch loop: for(; !input.End(); ...) GetNextSeqBatch (eEOF break; other std::exception -> continue)	all: q	algorithm/blastn/blast_engine/run.rs:5139(read_blastn_fasta_records);5686-5740(search); algorithm/blastn/coordination.rs(query batches); blastinput/query_batch.rs	divergent	algorithm/blastx/input.rs:1091(emit_fasta_batch);2034(parse_fasta_stream_with_warnings)	faithful	high	port:M	n_batch_two_then_cmt_50; n_batch_two_then_blank_50; n_batch_two_lf_100; n_batch_two_then_cmt_100; n_blastn_nlpipe_o0; n_blastn_cmt_only_o0; n_blastn_stdin_nlpipe	The query is read lazily, batch by batch, AFTER PrintProlog: GetNextSeqBatch loops while size_read < batch size: End() -> break; GetNextSequence; CObjReaderParseException eEOF -> break (swallowed), any other CObjReaderParseException is rethrown (the app prints `BLAST query error: ...` rc 1 after earlier batches were already printed), any other std::exception (e.g. a CInputException for a well-formed but unknown accession, SB-2307) is skipped with `continue`. size_read adds the record length, so BATCH_SIZE (env) smaller than a record makes every record its own batch. No empty trailing batch arises from trailing blank/comment lines (the last ReadOneSeq consumes them); the only empty batch is an input with no record at all that is not at EOF, giving `Empty CBlastQueryVector` rc 3. The batch size comes from GetQueryBatchSize (env BATCH_SIZE, else the default mixer). LOSAT-before reads the whole query file into memory and parses it with bio before the first batch, so reader errors cannot occur after earlier output and warnings of later batches cannot interleave; BLASTX already delivers records by batch from the stream (emit_fasta_batch). new: FastaInputSource::end/next_sequence/read_queries (mod.rs:276-421) follow the loop; the 'empty batch -> Empty CBlastQueryVector' and per-batch error timing must be built by the caller.
LR	25	src/util/line_reader.cpp	154-176;219-243	reading does not depend on the BLAST task or the program	all: q,s (N,X,T,P; megablast, blastn, blastn-short, dc-megablast)	-	n/a	-	n/a	none	keep	n_task_blastn_cr; n_task_blastn-short_cr; n_task_dc-megablast_cr; n_blastp_*; n_tblastn_*; n_tblastx_*	The line reader, the stream tests and the batch loop are the same code for blastn (megablast default, blastn, blastn-short, dc-megablast), tblastx, tblastn and blastp; only the reader flags (fAssumeNuc / fAssumeProt, range RD) and the batch size differ. Oracle: the CR-only probe file gives hyphen warnings `around line 2,3,5,7,8` for all three blastn tasks; 'Query is Empty!', 'Empty CBlastQueryVector' and the empty-pipe behaviour are identical for blastn, blastp, tblastn and tblastx (only the program name in `Warning: [prog]` and the outfmt 0 header differ). new: ok (the reader takes no task input).
LR	26	src/util/line_reader.cpp;src/algo/blast/blastinput/blast_args.cpp	154-176;2525-2557	subject stream: read completely at argument processing, with its own line reader and line numbers	all: s	algorithm/blastn/input.rs:811(read_nucleotide_subjects);algorithm/blastn/blast_engine/run.rs:5296-5340;algorithm/blastp/blast_engine.rs:4713-4760	divergent	algorithm/blastx/native.rs:255-275	faithful	high	port:M	n_blastn_cr_titlewarn_subj; n_blastn_lf_titlewarn_subj; n_blastn_s_*; n_blastn_subj_stdin_*; n_blastn_two_mixed_o6	ReadSequencesToBlast builds a CBlastFastaInputSource (new CStreamLineReader) over the subject stream and calls GetAllSeqs: the whole subject file is consumed (all deflines, residues, warnings, errors) while the options are processed, before the query stream is opened. Subject warnings therefore come first on stderr (`FASTA-Reader: Title ends with at least 20 valid nucleotide characters.  Was the sequence accidentally put in the title line?` with no line number, for LF and CR-only files alike: n_blastn_cr_titlewarn_subj, n_blastn_lf_titlewarn_subj), and a bad subject fails with `BLAST query error: CFastaReader: Near line N, ...` rc 1 before any query is read (the same wording `BLAST query error:` is used for subjects). Line numbers restart at 1 in each file. LOSAT-before: subjects are read first too (SAME order), but it parses with bio (CR-only subject rejected, rc 1: L_blastn_cr_titlewarn_subj prints the title warning then fails on 0x0d). new: read_all (mod.rs:350) is the GetAllSeqs port; it must be called before the query file is opened.
LR	27	src/algo/blast/blastinput/blast_args.cpp;src/algo/blast/blastinput/blastn_args.cpp	blast_args.cpp:3203-3236;blastn_args.cpp:131-135	-num_threads / -mt_mode with -subject do not change reading	all: q	cli.rs; algorithm/blastn/blast_engine/run.rs (rejects -mt_mode)	exception	-	n/a	none	keep	n_blastn_threads; n_blastn_threads_emptyq; n_blastn_threads_mt1; L_blastn_threads_mt1	With -subject NCBI forces one thread: `Warning: [blastn] 'num_threads' is currently ignored when 'subject' is specified.` (or `'num_threads and mt_mode' is currently ignored ...` with -mt_mode 1) is printed during argument processing, before `Query is Empty!`, and the single-threaded x_RunMTBySplitDB path (blastn_app.cpp:Run 116-175, x_RunMTBySplitDB from 179) reads the query as above; CBlastNodeInputReader (the multi-threaded split-by-query reader of blastn_app.cpp:365) is never used for bl2seq. LOSAT omits the warning (approved exception: PD-LOSAT-CLI-NONSEARCH-DIFFERENCES item 2) and rejects -mt_mode (rc 2, `the NCBI BLAST+ option -mt_mode is not supported`). Nothing for the shared reader to do. new: n/a.
LR	28	src/util/line_reader.cpp;src/objtools/readers/fasta.cpp	154-176;337-345	blank, white-space and comment lines before the first defline are counted lines	all: q,s	algorithm/blastn/input.rs:709(only_skipped_lines_before_first_defline);725(from_first_defline)	divergent	algorithm/blastx/input.rs:373-470(parse_fasta_lines: enumerate counts them)	faithful	medium	port:S	n_cmt_probe; n_cmt_probe_cr; n_blastn_q_cmt_first; n_blastn_q_cmt_first_cr; n_blastn_s_cmt_first; n_blastn_q_ws_then_rec; n_blastn_s_ws_then_rec; L_blastn_q_cmt_first	`#c1`, `;c2`, a white-space-only line, then `>p` and a data line with a hyphen (LF and CR-only): `CFastaReader: Hyphens are invalid and will be ignored around line 5` in both (the skipped lines count). Files that start with comment / white-space lines then a record are read normally (rc 0, cmt_first, ws_then_rec, query and subject). LOSAT-before rejects them (`FASTA that bio cannot read ... Expected > at record start.`), except that its subject path skips them via only_skipped_lines_before_first_defline. The skipping itself is range RD; the line reader only has to count them. new: ok.
LR	29	src/util/line_reader.cpp;src/objtools/readers/fasta.cpp	154-176 (last line `>`)	last line is a lone `>` (with and without final LF)	all: q,s	algorithm/blastn/input.rs:84-148(check_deflines_with: 'defline that is empty')	rejected-now	algorithm/blastx/input.rs:373-470	faithful	medium	port:S	n_blastn_q_lone_gt; n_blastn_q_lone_gt_nl; n_blastn_q_lone_gt_only; n_blastn_q_gt_only_nl; n_blastn_s_lone_gt; n_blastn_s_lone_gt_nl; n_blastn_s_lone_gt_only; n_blastn_s_gt_only_nl; L_blastn_q_lone_gt	Line reading is the same with or without the final LF (the `>` line is returned; EOF follows). `>q1 one\nACGT..\n>` (query): a second record without residues: stderr `Warning: [blastn] Query_2: Sequence contains no data ` (note the trailing space), rc 0; a file that is only `>` or `>\n`: `BLAST engine error: Warning: Sequence contains no data ` rc 3. As subject: `Warning: [blastn] Subject_2 : Subject sequence contains no data` rc 0, and for a subject set with only that record also `BLAST engine error: The average subject length is too short` rc 3. LOSAT-before: `query record 2 has a defline that is empty; NCBI BLAST+ reads such a defline differently, which is not supported ...` rc 1 (the record-level rules are ranges RD/BI/AD). new: LineReader ok (the lone > is an ordinary line); the record rules are reader.rs (range RD).
LR	30	src/app/blast/blast_app_util.cpp	848-854	IsIStreamEmpty, NCBI_OS_MSWIN branch	all: q (Windows builds only)	algorithm/blastn/input.rs:633(standard_input cfg(windows))	n/a	-	n/a	none	keep	source	On Windows NCBI does `in.setf(ios::skipws); if (!(in >> c)) return true; in.unget(); return false;` with no tellg test, so an empty PIPE counts as empty there ('Query is Empty!' rc 0) while on Linux/macOS it does not. The oracle (BLAST+ 2.17.0 on Linux) and the rows above follow the non-Windows branch; the port must decide whether the Windows build of LOSAT follows its own platform's NCBI or the Linux behaviour (open question). new: stream_is_empty implements the non-Windows branch only.
RD	1	src/objtools/readers/fasta.cpp	312-335	CFastaReader::ReadOneSeq (per-record reset, mask objects)	all:	algorithm/blastn/coordination.rs:938(collect_lowercase_masks);970(collect_lowercase_masks_for_records);1263	divergent	algorithm/blastx/input.rs:373(parse_fasta_lines);729(lowercase_masks)	faithful	low	port:S	m_basic,m_nomask,m_lines (NCBI outfmt 0, .out); m_basic.n/.l	NCBI resets m_SeqData,m_Gaps,m_CurrentPos,m_BestID,m_MaskRangeStart and titles per record; m_NextMask/m_CurrentMask exist only when -lcase_masking (x_FastaToSeqLoc blast_fasta_input.cpp:383 calls SaveMask() before each ReadOneSeq(); m_MaskVec is null). Persistent state between records: line reader (line number, EOL style, pushback), ID generator counter, flags. LOSAT derives masks afterwards from lowercase letters of the finished bio record (same result only for inputs LOSAT accepts today); the new reader must build the mask while reading (rows below) and keep no other per-record state.
RD	2	src/objtools/readers/fasta.cpp	337-345	CFastaReader::ReadOneSeq (loop head, PeekChar, FASTA_PROGRESS, inner AtEOF)	all:	-	n/a	algorithm/blastx/input.rs:373(parse_fasta_lines)	n/a	none	keep	source	PeekChar() reads the first byte of the next line (0 for an empty line); FASTA_PROGRESS("Processing line N") every 10000 lines goes to pMessageListener->PutProgress and is a no-op because x_FastaToSeqLoc calls ReadOneSeq() with the default nullptr listener, so nothing is printed. The inner AtEOF() test after PeekChar (eEOF "Unexpected end-of-file") cannot be true right after the loop condition checked AtEOF().
RD	3	src/objtools/readers/fasta.cpp	346-372	CFastaReader::ReadOneSeq (line starts with > in column 0: >?_ rewrite, >? gap, defline, next record)	all:	algorithm/blastn/input.rs:100(check_deflines_with);111;(bio splits records at every line starting with >)	rejected-now	algorithm/blastx/input.rs:420-449(parse_fasta_lines)	faithful	low	port:S	g_underscore,g_mid100,g_start_nohdr (.out/.err); g_*.l (LOSAT-before: rejected)	Only a line whose FIRST byte is > is examined here (a line with leading white space is a data line, see the data-line row). >?_X is rewritten to >X and then handled as a plain defline: it starts a record when need_defline, otherwise it ends the current record (the original line is UngetLine()d and the next ReadOneSeq sees it again): oracle g_underscore gives records q1 and "x". A line starting with >? (after that rewrite test) is UngetLine()d and read again as data (ParseGapLine). Another > line while need_defline is false ends the record (UngetLine); while need_defline is true it is the record defline (ParseDefLine) and the loop continues. LOSAT: check_deflines_with rejects every defline whose text starts with ? with a "not supported by LOSAT's <PROGRAM>" error.
RD	4	src/objtools/readers/fasta.cpp	376-386	CFastaReader::ReadOneSeq (data line: TruncateSpaces_Unsafe, blank line, !/#/; comment lines)	all:	algorithm/blastn/input.rs:709(only_skipped_lines_before_first_defline);24(unreadable_fasta);408(check_residues_of);524(invalid_residue);197(check_protein_sequence_lines_of)	rejected-now	algorithm/blastx/input.rs:450(parse_fasta_lines)	faithful	medium	port:S	s_comments,s_lead_ws,e_only_ws_seq,e_only_comment_seq,p_blank_comment_first,l_cr_only_comment (NCBI .out/.err; .l for LOSAT-before)	line = NStr::TruncateSpaces_Unsafe(raw line) removes isspace bytes (C locale: space, \t, \n, \v, \f, \r; NOT U+00A0) from BOTH ends before anything else; an empty result is skipped silently; a result starting with ! # or ; is a comment and skipped silently (anywhere: before the first defline, between sequence lines, after a gap line). Skipped lines still count in LineNumber(). Comment lines do not close a lowercase mask run. LOSAT: bio cannot read comment/blank lines before the first defline (unreadable_fasta) and leaves comment lines inside a record as residues which check_residues_of rejects; leading white space on a sequence line is rejected as residue 0x20.
RD	5	src/objtools/readers/fasta.cpp	387-398	CFastaReader::ReadOneSeq (need_defline, fDLOptional -> ParseDefLine(">"))	all:	algorithm/blastn/input.rs:24(unreadable_fasta);709;725;738(bio_records_of)	rejected-now	algorithm/blastx/input.rs:695(parse_fasta_lines: current.get_or_insert_with new_record);502	faithful	medium	port:S	p_nodefline,p_nodefline_o0,p_seq_then_defline,p_bom,p_bom_nodef,p_lead_ws_gt,p_comment_then_ws_gt,p_gt_midline (NCBI .out/.err; .l LOSAT-before)	First non-blank non-comment line that is not a column-0 defline while need_defline: ParseDefLine(">") (empty title, a generated ID consumed) and then the SAME line is processed as a data line (CheckDataLine + ParseDataLine). Oracle: a file that is only sequence gives one record "Query_1" (outfmt 0 "Query= " with empty title); sequence, then >q2 gives Query_1 and q2; a UTF-8 BOM before the sequence gives warning "FASTA-Reader: Ignoring invalid residues at position(s): On line 1: 1-3"; a BOM before >q1 gives the CheckDataLine error (rc 1); " >q1" (leading space) is DATA (bytes >,q,1 are bad residues "On line 1: 1-3") and a mid-record "  >q2" is data too. Without data loaders (.ncbirc DATA_LOADERS=none) CCustomizedFastaReader is used; with loaders CBlastInputReader::ReadOneSeq (range BI) first tries the line as a Seq-id. fNoParseID|fDLOptional means eNoDefline (non-DLOptional branch 388-396, and blast_input.cpp:209 mapping) is unreachable. LOSAT: bio fails on text before the first defline (unreadable_fasta message "FASTA that bio cannot read ...").
RD	6	src/objtools/readers/fasta.cpp	399-423	CFastaReader::ReadOneSeq (fNoSeqData, catch CBadResiduesException, post-loop throw)	all:	-	n/a	algorithm/blastx/input.rs:-	n/a	none	keep	source	fNoSeqData is not set so every data line goes to ParseDataLine (inside a try block). CBadResiduesException is thrown only under fValidate (fasta.cpp:995-1000, AssembleSeq 1369-1378), which BLAST does not set, so bad_residue_positions stays empty and the "There are invalid residue(s) in input sequence" throw at 413-419 is unreachable. In a data line the >?_ prefix is rewritten to > (399-408) before ParseDataLine (only reachable for a line with leading white space, since a column-0 >?_ was consumed above).
RD	7	src/objtools/readers/fasta.cpp	421-440	CFastaReader::ReadOneSeq (end of record, eEOF Expected defline, AssembleSeq call)	all:	algorithm/blastn/input.rs:24(unreadable_fasta);709(only_skipped_lines_before_first_defline)	rejected-now	algorithm/blastx/input.rs:-	absent	low	port:S	p_comment_file,p_ws_file,p_empty_file,p_gt_only (NCBI .out/.err/.rc; .l LOSAT-before)	The record loop ends at the next column-0 defline or EOF. If need_defline is still true at EOF (only blank/comment lines remained) FASTA_ERROR(...eEOF) "CFastaReader: Expected defline around line N" is thrown (severity error with a null listener -> CObjReaderParseException); CBlastInput::GetAllSeqs/GetNextSeqBatch (blast_input.cpp:109,147,187) catch eEOF and stop reading with no sequence. Oracle: a file of only a comment line ";c" ends with rc 3 and stderr "BLAST engine error: Empty CBlastQueryVector"; a whitespace-only or empty file never reaches the reader ("Warning: [blastn] Query is Empty!", rc 0: IsIStreamEmpty, range BI); ">" alone gives a record (rc 3 "BLAST engine error: Warning: Sequence contains no data"). AssembleSeq always runs and a record is returned even with 0 residues. Trailing blank/comment lines after the last record belong to that record (loop only stops at a defline), so no eEOF there.
RD	8	src/objtools/readers/fasta.cpp	566-617	CFastaReader::ParseDefLine(const TStr&,...) (ids, mol, best ID, user object, fUniqueIDs)	all:	-	n/a	algorithm/blastx/input.rs:577-690(parse_fasta_lines:is_header)	faithful	none	keep	source; id_counter,p_two_nodefline_noseq (NCBI)	Called once per record (need_defline). With fNoParseID CFastaDeflineReader::ParseDefline never parses IDs, so data.ids is empty: fRequireID is unset (no "lacks a proper ID" error), xSetSeqMol/SetMol is skipped (the molecule stays unset until AssignMolType at the end of the record), x_ProcessIDs/CSeqIdCheck never run (fQuickIDCheck, fParseRawID, comma-to-underscore warning, "Could not construct seq-id" error, fUniqueIDs duplicate check and range parsing/has_range are all unreachable), PostProcessIDs calls GenerateID. The raw defline is stored in a "CFastaReader" user object (fNoUserObjs unset) which no BLAST report reads. FASTA_PROGRESS("Processing Seq-id") is a no-op without a listener.
RD	9	src/objtools/readers/fasta.cpp; src/objtools/readers/fasta_reader_utils.cpp	619-645,703-708; 439-486	CFastaReader::PostProcessIDs, GenerateID, CSeqIdGenerator::GenerateID	all:	report/query_warnings.rs:226(Query_ numbering for query warnings); algorithm/blastn/input.rs:373(Subject_ numbering for empty-subject warning)	unported	algorithm/blastx/input.rs:782(new_record)	divergent	medium	port:S	id_counter,p_two_nodefline_noseq,p_seq_then_defline,e_empty_mid (NCBI .out/.err; .l LOSAT-before: rejected)	Every record (with or without title, also a >?_x pseudo-defline and a record that starts without defline) consumes one generated local ID: prefix + counter (CSeqIdGenerator(m_Config.GetLocalIdCounterInitValue(), prefix): prefix "" would give a numeric local id; the BLAST apps set "Query_" for queries and "Subject_" for subjects, see range BI) formatted NStr::IntToString, counter starts at 1 and increases by 1 per record (not per displayed ID): oracle id_counter (q1, empty, q3, empty) shows qseqid q1, Query_2, q3, Query_4. A record without title is displayed by its generated ID (outfmt 6 "Query_2", outfmt 0 "Query= " with empty title). LOSAT has no record counter for empty deflines (it rejects them); BLASTX new_record uses records.len()+1 and the fixed prefix Query_/Subject_ chosen by the protein flag (not by role).
RD	10	src/objtools/readers/fasta_reader_utils.cpp	165-169	CFastaDeflineReader::ParseDefline (len <= 1 or IsBlank(defline.substr(1)))	all:	algorithm/blastn/input.rs:100(check_deflines_with):117	rejected-now	algorithm/blastx/input.rs:577-604(parse_fasta_lines)	faithful	medium	port:S	d_empty,d_empty_o0,d_ws,d_ws_o0,p_gt_only,p_two_nodefline_noseq (NCBI .out/.err; .l LOSAT-before)	A defline that is ">" or ">" plus only isspace bytes (space \t \n \v \f \r) returns at once: no title, no ID. The record is kept (displayed as Query_N; outfmt 0 prints "Query= " followed by nothing, then "Length=N"). ">\x01" is NOT blank (control bytes other than the isspace set count as text). LOSAT: check_deflines_with bails "has a defline that is empty ... not supported by LOSAT's <PROGRAM>" (also for white-space-only deflines because bio trims).
RD	11	src/objtools/readers/fasta_reader_utils.cpp	171-181,213-217	CFastaDeflineReader::ParseDefline (white space after >, fNoParseID title start, leading title white space)	all:	algorithm/blastn/input.rs:100(check_deflines_with):119	rejected-now	algorithm/blastx/input.rs:599-604(parse_fasta_lines)	faithful	medium	port:S	d_lead,d_lead_o0,d_ctl_first,d_ctl_first_o0 (NCBI .out/.err; .l LOSAT-before)	start = first byte after > that is not isspace(); with fNoParseID title_start = start (the whole rest of the defline is the title, the first word is NOT an ID here); the second loop (213-217) skips isspace again. outfmt 0 prints "Query= lead title" for ">   lead title" and outfmt 6 shows ID "lead" (first word of the title; report layer, range RP). The first title byte is kept even if it is a control byte ("\x01q1 title" stays, d_ctl_first). isspace is called on a signed char: bytes >= 0x80 are not white space in the C locale. LOSAT: check_deflines_with rejects a defline starting with white space ("starts with white space").
RD	12	src/objtools/readers/fasta_reader_utils.cpp	219-225	CFastaDeflineReader::ParseDefline (title end at first byte < 0x20, trailing bytes kept)	all:	algorithm/blastn/input.rs:100(check_deflines_with):121;113-116	rejected-now	algorithm/blastx/input.rs:599-604(parse_fasta_lines)	faithful	medium	port:S	d_tab,d_tab_o0,d_ctl,d_ctl_o0,d_long_ctl,cr_in_def,nul_def,cd_nuc_tabend,cd_nuc_ctl_after,d_trail,d_nuc20sp (NCBI .out/.err; .l LOSAT-before)	Starting at title_start+1 the title ends at the FIRST byte whose unsigned value is < 0x20 (tab, CR in a file whose EOL is LF, NUL and other controls); everything after is dropped silently (">q1\ttab title" -> title "q1"; ">q1 ctl\x01tail" -> "q1 ctl"; ">q1\x00zz title" -> "q1"). Bytes 0x20-0xFF (including DEL 0x7f and every byte >= 0x80) stay. Trailing spaces stay in the title that CreateWarningsForSeqDataInTitle sees (they are removed later by x_ApplyMods), so a space after 20 nucleotides suppresses the title warning but a tab/control byte after them does not (it ends the title first). LOSAT: check_deflines_with rejects any control byte in the defline (including tab) and rejects trailing white space after 20 nucleotides/50 amino acids.
RD	13	src/objtools/readers/fasta_reader_utils.cpp	219-225	CFastaDeflineReader::ParseDefline (title bytes >= 0x80: UTF-8 and non-UTF-8)	all:	algorithm/blastn/input.rs:100(check_deflines_with):123	rejected-now	algorithm/blastx/input.rs:604(String::from_utf8 -> error "invalid UTF-8 FASTA title")	divergent	medium	port:S	d_utf8,d_utf8_o0,d_bin,d_bin_o0,cd_nuc_utf8_end (NCBI .out; .l LOSAT-before)	Title bytes are kept as they are (no UTF-8 validation, no normalisation): outfmt 0 prints "Query= q1 caf\xc3\xa9 \xc2\xa0x" and "q1 \xff\xfe bad" byte for byte (the byte-wise wrapping is range RP). A non-ASCII byte also breaks the 20-nucleotide/50-amino-acid tests. LOSAT: check_deflines_with rejects non-ASCII bytes; BLASTX accepts UTF-8 titles but fails on non-UTF-8 ("invalid UTF-8 FASTA title", input.rs:604) so its title type must become bytes.
RD	14	src/objtools/readers/fasta.cpp	670-686,1362-1366	CFastaReader::ParseTitle (called from AssembleSeq after all data lines; 1000-character check)	all:	algorithm/blastn/input.rs:280(write_title_warnings);314(write_protein_title_warnings)	divergent	algorithm/blastx/input.rs:604-690(parse_fasta_lines: warn at the defline)	divergent	low	port:S	w_order (NCBI .err order); w_order.l; d_long,d_long_o0 (SAME)	ParseTitle runs from AssembleSeq, i.e. AFTER the whole record is read: so for one record the stderr order is data-line warnings (hyphens, invalid residues, gap-line warnings, in line order) and only then the title warning (w_order: "CFastaReader: Hyphens are invalid ... line 2", "FASTA-Reader: Ignoring invalid residues ... On line 2: 52", then "FASTA-Reader: Title ends with at least 20 ..."). The 1000-character test ("FASTA-Reader: Title is very long: N characters (max is 1000)", eProblem_TooLong) is dropped by IgnoreProblem(eProblem_TooLong), so nothing is printed and the title is unchanged (d_long: 1104-byte title accepted, rc 0, empty stderr). LOSAT writes the title warnings from write_title_warnings at read time with no data-line warnings to order against yet; BLASTX prints the title warning when it sees the defline (before the record data warnings) which differs from NCBI whenever a record has both.
RD	15	src/objtools/readers/fasta.cpp	2018-2045	CFastaReader::x_ApplyMods (without fAddMods/fIgnoreMods) + TruncateSpacesInPlace	all:	(bio defline text; no counterpart)	faithful	algorithm/blastx/input.rs:604-606(trim_input_end)	faithful	none	keep	d_mod,d_mod_o0,d_trail,d_trail_o0 (SAME as LOSAT-before)	fAddMods is not set: [key=value] modifiers are NOT parsed (the whole text, brackets included, stays in the title: outfmt 0 "Query= q1 [organism=Homo sapiens] [gene=x] desc"); CTitleParser::HasMods(title) true -> FASTA_WARNING eProblem_ModifierFoundButNoneExpected, dropped by IgnoreProblem, so silent. Then NStr::TruncateSpacesInPlace(processed_title) trims isspace from both ends; a non-empty result becomes the title descriptor, an empty one gives no title. x_AddMods (needs fAddMods) is unreachable. LOSAT keeps bio's trimmed defline text: same for every ASCII defline it accepts.
RD	16	src/objtools/readers/fasta.cpp	1617-1649	CFastaReader::CreateWarningsForSeqDataInTitle (nucleotide test, !fAssumeProt)	nuc: N,X (queries and subjects), T (subject)	algorithm/blastn/input.rs:269(ends_with_nucleotides);280(write_title_warnings);113-116(check_deflines_with trailing-white-space rejection); call sites blastn/blast_engine/run.rs:5334,5647,6039,6162; tblastx/blast_engine/run_impl.rs:1028,1431,1634,1646,1701; tblastn/args.rs:870	divergent	algorithm/blastx/input.rs:660-690(parse_fasta_lines)	divergent	medium	port:S	d_nuc20,d_nuc20sp,d_nuc19,cd_nuc20_title_exact20,cd_nuc21_title,cd_nuc_lower_title,cd_nuc_U_title,cd_nuc_N_title,cd_nuc_utf8_end,cd_nuc_tabend,cd_nuc_two_rec,l_crlf_trail_title,l_crlf_defsp,w_order (NCBI .err)	Tested on the title text as ParseDefline produced it: length in BYTES of the title WITHOUT trimming trailing spaces (leading white space already skipped, text ends before the first byte < 0x20); the test runs when length > 20 and the last 20 bytes are all in ACGTacgt (U, N and other IUPAC letters, digits, non-ASCII bytes and spaces break it). Text (stderr, once per record, followed by newline, no prefix): "FASTA-Reader: Title ends with at least 20 valid nucleotide characters.  Was the sequence accidentally put in the title line?" (two spaces after the period). A title of exactly 20 nucleotides does not warn, 21 does (cd_nuc20_title_exact20 vs cd_nuc21_title); "q1 "+ACGT*5+"  " (trailing spaces) does not (d_nuc20sp), with a tab or control byte after it does (title cut there). CRLF files: the CR is not part of the line (l_crlf_trail_title warns, l_crlf_defsp does not). Posted at AssembleSeq (after the record's data-line warnings). LOSAT: same text and same 20-byte test, but built from bio id + " " + desc and it rejects (not supported) any defline that has trailing white space after 20 nucleotides; the new reader gets the raw title bytes and drops that rejection.
RD	17	src/objtools/readers/fasta.cpp	1651-1673	CFastaReader::CreateWarningsForSeqDataInTitle (amino-acid test, !fAssumeNuc)	prot: P (queries, subjects), T (query)	algorithm/blastn/input.rs:170(ends_with_amino_acids);314(write_protein_title_warnings);325(protein_title_warning);96(check_protein_deflines_of); call sites blastp/blast_engine.rs:4749,4979,5213; tblastn/args.rs:1002	divergent	algorithm/blastx/input.rs:660-690(parse_fasta_lines)	divergent	low	port:S	pt_50,pt_exact50,pt_51,pt_nuc20,pt_50_sp,pt_50_digit,d_prot50 (NCBI .err)	Protein flag: only the amino-acid test runs (the nucleotide test is skipped by !fAssumeProt, and with fAssumeNuc the amino-acid test is skipped). length > 50 bytes and the last 50 bytes all ASCII letters A-Z/a-z (digits, spaces, non-ASCII break it): stderr "FASTA-Reader: Title ends with at least 50 valid amino acid characters.  Was the sequence accidentally put in the title line?" once per record at AssembleSeq. Exactly 50 letters does not warn (pt_exact50), 51 does (pt_51); 50 letters plus a trailing space or digit do not (pt_50_sp, pt_50_digit); a protein query that ends with 20 nucleotides does not (pt_nuc20); a nucleotide query that ends with 50 amino-acid letters only warns through the 20-nucleotide test (d_prot50 prints nothing because its tail is not ACGT). LOSAT: same text/length, bio-built title, rejects trailing white space after 50 letters.
RD	18	src/objtools/readers/fasta.cpp	710-717	CFastaReader::CheckDataLine (which line is checked)	all:	algorithm/blastn/input.rs:408(check_residues_of);524(invalid_residue);197(check_protein_sequence_lines_of);449(check_protein_residues_of)	divergent	algorithm/blastx/input.rs:891(check_data_line);696-698(parse_fasta_lines raw_residues == 0)	faithful	medium	port:S	c_fail_rec1_short,c_ok_bad_third,cd_later_line_bad,c_after_gap,c_after_gap_ok,cd_beyond70,c_semi_first,c_ws_then_ok,pp_first_bad,pp_first_bad2 (NCBI .err; .l LOSAT-before)	Called by ParseDataLine for every non-gap data line while m_SeqData is empty (fSkipCheck is not set by BLAST: GetSkipSeqCheck() is false in every BLAST app): i.e. the first line of EACH record (and of the next lines too if the earlier lines kept no residue, e.g. a first line that only held a gap line does not count: CheckDataLine runs on the first real data line, g_start). A line already skipped as comment/blank never gets here. Later lines of a record are never checked (cd_later_line_bad: only the invalid-residue warning). The checked text is the trimmed line, first min(len,70) bytes only (cd_beyond70: 30 bad bytes after byte 70 do not matter). LOSAT has no such check: it rejects every line with a non-IUPAC residue (also lines NCBI would accept with a warning, e.g. one bad byte among 100) and its message for the failing lines is different.
RD	19	src/objtools/readers/fasta.cpp	718-759	CFastaReader::CheckDataLine (scoring, error condition and text)	all:	algorithm/blastn/input.rs:524(invalid_residue) message "query record N (id) has X at residue K, which is not an IUPAC nucleotide letter; ... not supported by LOSAT's PROGRAM"	divergent	algorithm/blastx/input.rs:891-909(check_data_line)	faithful	medium	port:S	cd_AA,cd_A,cd_AAA,cd_len2bad,cd_8_2,cd_8_1,cd_semi,cd_dash3,cd_AdashA,cd_star,cd_ws_lead,cd_ctl,cd_hash_mid,c_digits,c_digits3,c_digits_short_after,c_hyph_first,c_hyph_first2,c_amb,pp_first_hyph,pp_first_digits (NCBI .err/.rc)	Per byte of the first min(len,70) bytes: ASCII letter or * -> good; - -> neutral because fHyphensIgnoreAndWarn is set (not good, not bad); isspace byte or 0-9 -> neutral; ; -> stop scanning (the rest of the line is ignored but len_to_check keeps the full length); anything else (including every byte >= 0x80) -> bad. bIsNuc = (fAssumeNuc && fForceType) || mol already set: false here (no ID, no fForceType), so the ambiguous-nucleotide count is 0 for nucleotide and protein alike. Error iff bad >= good/3 (integer division) && (len_to_check > 3 || good == 0 || bad > good): e.g. "@@A" error, "@A" ok (warning only), "@@@A" error, "ACGTACGT@@" error (2 >= 2), "ACGTACGT@" ok, "AC;@@@@@@@" error (good 2 -> good/3 = 0 so any line longer than 3 bytes with fewer than 3 letters fails), "---" and "12 34" and "12345" error (good == 0), "*ACGT" ok in nucleotide mode (the * is good here but a bad residue in the data warning). Exception CObjReaderParseException eFormat, text "CFastaReader: Near line N, there's a line that doesn't look like plausible data, but it's not marked as defline or comment." where N = LineNumber() (physical 1-based line). The same code runs for protein records (flag only changes bIsNuc, which is false anyway).
RD	20	src/objtools/readers/fasta.cpp	750-757,432-440	CFastaReader::CheckDataLine error -> exception out of ReadOneSeq (exit status, timing)	all:	algorithm/blastn/input.rs:408(check_residues_of);run.rs:5495;blast_engine.rs:4907 (reads before any output)	divergent	algorithm/blastx/input.rs:891-909	faithful	medium	port:S	c_fail_rec3,c_fail_rec3_o0,o_subj_fail_q_warn,o_subj2_fail,c_fail_rec1_short (NCBI .out/.err/.rc)	FASTA_ERROR with the null listener throws CObjReaderParseException(eFormat); it is not eEOF so CBlastInput does not swallow it; the BLAST app prints to stderr "BLAST query error: <text above>" + newline (also when the failing record is a SUBJECT: subjects are read first during argument processing) and exits with status 1. Nothing of earlier records is printed: with -outfmt 6 stdout is empty even when the failing record is the third (c_fail_rec3 and an earlier valid record 1 and 2); with -outfmt 0 the report header ("BLASTN 2.17.0+ ... Database: User specified sequence set ...") has already been written to stdout before the queries are read, then the error (c_fail_rec3_o0). Warnings of records read before the error are already on stderr. LOSAT also exits 1 but with its own message (not NCBI text) and for different inputs.
RD	21	src/objtools/readers/fasta.cpp	774-798	CFastaReader::ParseDataLine (gap-line dispatch, fSkipCheck fast path, bIsNuc, flags)	all:	-	n/a	algorithm/blastx/input.rs:453-575;696-755(parse_fasta_lines)	faithful	none	keep	source	Lines starting with >? go to ParseGapLine before CheckDataLine (rows below). The fSkipCheck/fParseGaps/fValidate fast path (copy bytes up to ;) needs fSkipCheck and is unreachable. bIsNuc = TestFlag(fAssumeNuc) because the molecule is never set before AssignMolType (no IDs; the FIELD_CHAIN test is false): nucleotide tables for BLASTN/TBLASTX queries and subjects and TBLASTN subjects, protein tables for BLASTP and TBLASTN queries. bHyphensAreGaps = false (fParseGaps unset), bAllowLetterGaps = false, so eCharType_Gap is never produced from letters or hyphens. m_SeqData is resized to m_CurrentPos+len, then to the number of kept bytes (no quadratic growth issue for any line length: very long lines are read whole by the line reader).
RD	22	src/objtools/readers/fasta.cpp	856-905	CFastaReader::ParseDataLine (nucleotide letters kept)	nuc:	algorithm/blastn/input.rs:47(IUPAC_NUCLEOTIDE table ACGTUMRWSYKVHDBN, both cases);568(with_u_as_t)	faithful	algorithm/blastx/input.rs:713-728(parse_fasta_lines)	faithful	none	keep	s_amb,s_u,u_all,u_lower,s_lower,m_basic (NCBI + .l SAME for the accepted letters)	Kept as residues (stored upper-case): A B C D G H K M N R S T U V W Y and their lower-case forms (lower case also opens a mask when -lcase_masking). U/u is kept as U in the Seq-data (iupacna) and BLAST then searches and displays it as T (u_all: query with all T replaced by U gives 0 mismatches and qseq with T); LOSAT maps U->T/u->t with with_u_as_t after reading (blastn run.rs, tblastx run_impl.rs:1124-1125, tblastn args.rs:961). Not applicable to protein (U is a protein letter).
RD	23	src/objtools/readers/fasta.cpp	881-905	CFastaReader::ParseDataLine (nucleotide mode: E F I J L O P Q Z X * are bad)	nuc:	algorithm/blastn/input.rs:408(check_residues_of);524(invalid_residue)	rejected-now	algorithm/blastx/input.rs:713-722	faithful	medium	port:S	s_protletters,s_star,prot_in_blastn,m_prot_letters_lower (NCBI .err); .l	In nucleotide mode the letters E F I J L O P Q Z X (both cases) and * are eCharType_Bad: removed from the sequence and reported in one warning per line (see the warning row); a whole protein sequence given to blastn is therefore mostly removed (prot_in_blastn: rc 0, no hit, one long warning "On line 2: 6, 9, 11-12, ..."). They do not close or open a mask. LOSAT rejects the record: "has 'E' at residue 51, which is not an IUPAC nucleotide letter ... not supported by LOSAT's <PROGRAM>".
RD	24	src/objtools/readers/fasta.cpp	906-935,974-980	CFastaReader::ParseDataLine (digits, . and other ASCII, DEL, NUL, > not in column 0: bad residues)	all:	algorithm/blastn/input.rs:408(check_residues_of);524;197(check_protein_sequence_lines_of);449(check_protein_residues_of)	rejected-now	algorithm/blastx/input.rs:713-722;750-760	faithful	medium	port:S	s_digits,pp_digit,pp_dot,nul_data,del_data,p_gt_midline,p_bom_nodef,w_leadpos (NCBI .err); .l	default: case -> eCharType_Bad for digits, ., @, #, !, >, DEL 0x7f, NUL and every other byte not listed (in nucleotide AND protein mode): the byte is dropped, its 0-based index in the trimmed line is stored (reported 1-based). Line numbers for these warnings are LineNumber() at that line. In protein mode the nucleotide-only bad letters do not exist (all 26 letters are kept). Warning text/format is in the warning row. LOSAT rejects ("has '1' at residue 51 ... not supported by LOSAT's BLASTN"; protein: "has '1' in a sequence line ... not supported by LOSAT's BLASTP").
RD	25	src/objtools/readers/fasta.cpp	906-935	CFastaReader::ParseDataLine (bytes >= 0x80 in sequence lines, U+00A0, BOM)	all:	algorithm/blastn/input.rs:153(check_sequence_lines_of: non-ASCII byte in a sequence line);197(check_protein_sequence_lines_of)	rejected-now	algorithm/blastx/input.rs:713-722	faithful	low	port:S	s_nbsp,pp_nbsp,p_bom_nodef (NCBI .err); .l	Each byte >= 0x80 is its own bad residue (U+00A0 = 2 bytes -> "On line 2: 51-52"); nothing is treated as white space (C locale isspace). A UTF-8 BOM at the start of the file is 3 bad residues of the first data line (or fails CheckDataLine, see the defline rows). LOSAT: check_sequence_lines_of / check_protein_sequence_lines_of reject non-ASCII bytes of sequence lines.
RD	26	src/objtools/readers/fasta.cpp	933-935	CFastaReader::ParseDataLine (white space inside a data line: \t \n \v \f \r space)	all:	algorithm/blastn/input.rs:408(check_residues_of);524 (0x20 etc. rejected);197(check_protein_sequence_lines_of)	rejected-now	algorithm/blastx/input.rs:705-707(input_space)	faithful	medium	port:S	s_ws_inside,s_lead_ws,pp_ws,cr_in_data,m_ws_inside,w_leadpos,w_trailbad (NCBI .out/.err; .l LOSAT-before)	These six bytes inside the (already trimmed) line are skipped silently with continue: no warning, no residue, no effect on a lowercase mask run (m_ws_inside: mask continues across a space and a tab). They still occupy index positions in the "position(s)" list of later bad residues (w_leadpos: "   AC GT1..." reports position 6 = index in the trimmed line). A stray CR in an LF-terminated file is white space too (cr_in_data). LOSAT: bio keeps the byte in the sequence and check_residues_of / check_protein_residues_of reject it (nucleotide "has 0x20 at residue 51"; protein "has the residue byte 0x20 at position 31").
RD	27	src/objtools/readers/fasta.cpp	919-925,947-949,985-992	CFastaReader::ParseDataLine (hyphen with fHyphensIgnoreAndWarn)	all:	algorithm/blastn/input.rs:408(check_residues_of);524;197(check_protein_sequence_lines_of)	rejected-now	algorithm/blastx/input.rs:708-712,741-749(parse_fasta_lines)	faithful	medium	port:S	s_hyphen,s_hyphen2,pp_dash,m_hyph_inside,e_hyph_only_after_ok,t_both,x_both,w_multi,w_order (NCBI .err); .l	- is eCharType_HyphenToIgnoreAndWarn: dropped from the sequence; it neither opens nor closes a mask. After the line loop ONE warning per line that contained at least one hyphen (any number of them): stderr "CFastaReader: Hyphens are invalid and will be ignored around line N" + newline, N = LineNumber() (physical line). It is posted before that line's invalid-residue warning. Problem eProblem_IgnoredResidue is not in the ignore list. In CheckDataLine a hyphen counts as neither good nor bad, so a record whose first data line is only hyphens ("----") fails the plausibility check (c_hyph_first). Aligned FASTA with gaps therefore reads with one warning per line and the gaps deleted. LOSAT rejects every - (also in protein records) with "not supported by LOSAT's <PROGRAM>".
RD	28	src/objtools/readers/fasta.cpp	926-928,969-973	CFastaReader::ParseDataLine (; inside a data line)	all:	algorithm/blastn/input.rs:197(check_protein_sequence_lines_of: ; ends the line check);408(check_residues_of rejects ; for nucleotide);449	rejected-now	algorithm/blastx/input.rs:700-703(parse_fasta_lines)	faithful	low	port:S	s_semicolon,pp_semicolon,m_comment,cd_semi (NCBI .out/.err); .l	; ends the scan of the line silently: the rest of the line (any bytes, no warning) is ignored, and a lowercase mask run continues on the next line (m_comment). In CheckDataLine ; also stops the scan. A line that STARTS with ; is a comment line (earlier row). LOSAT: bio keeps the text after ; as residues, so nucleotide input is rejected by check_residues_of and protein input by check_protein_residues_of (pp_semicolon: "has the residue ';' at position 61").
RD	29	src/objtools/readers/fasta.cpp	856-905	CFastaReader::ParseDataLine (protein letters kept: all A-Z, *, U O J B Z X)	prot:	algorithm/blastn/input.rs:197;449(check_protein_*: accept ASCII letters and *)	faithful	algorithm/blastx/input.rs:713-727	faithful	none	keep	pp_base,pp_B,pp_J,pp_O,pp_U,pp_X,pp_Z,pp_star,pp_star_end,pp_lower,pm_ojxu (NCBI + .l SAME)	In protein mode every ASCII letter is a residue (stored upper-case; lower case also masks) and * is a residue: the query q1 with a * keeps it (qlen 101, qseq shows * aligned to a gap) and a trailing * counts in qlen (pp_star_end qlen 101, qend 100). U, J, B, Z, X, O are kept unchanged; BLAST later prints for O only "Warning: [blastp] Query_1 q1: One or more O characters replaced by X for alignment score calculations at positions 40" (search layer, not the reader). LOSAT matches for all of these (pp_B,J,O,U,X,Z,star SAME).
RD	30	src/objtools/readers/fasta.cpp	866-873,903-905,1062-1092	CFastaReader::ParseDataLine + x_OpenMask/x_CloseMask/OpenMask/CloseMask (lower case -> mask intervals, -lcase_masking)	nuc: N,T; prot: T (query)	algorithm/blastn/coordination.rs:938(collect_lowercase_masks);970;1263; tblastn/args.rs:145,1058(mask_lowercase); tblastn/stage_e_report.rs:518-529	divergent	algorithm/blastx/input.rs:729-740(parse_fasta_lines)	faithful	medium	port:S	m_basic,m_lines,m_ws_inside,m_bad_inside,m_bad_up,m_hyph_inside,m_comment,m_prot_letters_lower,m_start,m_end,m_two_runs,m_line_boundary_up,m_empty_lines_inside,m_all_lower,m_comment_line,pm_basic,pm_star,pm_dash_digit,pm_ojxu (NCBI outfmt 0 query rows with lower case)	A kept lower-case letter is stored upper-case and, when m_CurrentMask is set (only with -lcase_masking, see row 1), OpenMask() starts an interval at GetCurrentPos(ePosWithGapsAndSegs) = residues so far + gap length so far; CloseMask() adds [start, pos-1] (0-based, plus strand) when the next kept UPPER-case residue (or * in protein) arrives and at the end of the record (AssembleSeq). Not closing a run: white space, hyphens, bad bytes (also bad LOWER-case letters like e in nucleotide mode), digits, ; comment text, line ends, blank/comment lines, gap lines (gap rows). So lower, bad byte, lower is ONE interval and lower, bad byte, UPPER closes at the UPPER residue (m_bad_up). outfmt 0 shows masked query residues in lower case (m_basic) and the lower-case run is not seeded. Whole-lower-case query: no hit (m_all_lower, rc 0, empty output). LOSAT collects maximal runs of lower-case letters of the finished bio sequence: same intervals for the inputs it accepts, but it cannot see runs bridged by removed bytes (all rejected today) or gap lines. -lcase_masking is accepted by LOSAT BLASTN and TBLASTN only (BLASTP/TBLASTX: "option -lcase_masking is not supported", cli.rs:375,637), NCBI accepts it for all four.
RD	31	src/objtools/readers/fasta.cpp	1062-1075,866-873	CFastaReader::OpenMask (no -lcase_masking)	all:	algorithm/blastn/input.rs:738(bio_records_of; seq keeps case, later upper-cased)	faithful	algorithm/blastx/input.rs:729(parse_fasta_lines lowercase flag)	faithful	none	keep	m_nomask (NCBI .out/.l SAME)	Without -lcase_masking m_CurrentMask is empty, OpenMask() is a no-op, lower-case letters are only upper-cased: outfmt 0 shows the query in upper case (m_nomask). LOSAT: identical output.
RD	32	src/objtools/readers/fasta.cpp	1062-1092	CFastaReader mask intervals for SUBJECT sequences (ReadSequencesToBlast use_lcase_masks)	nuc-s: N,X,T	algorithm/blastn/coordination.rs:970(collect_lowercase_masks_for_records)	faithful	-	n/a	low	keep	sm_subj_lower,sm_subj_lower_nomask (NCBI + .l SAME)	blast_args.cpp:2547-2557 passes use_lcase_masks (the -lcase_masking flag) to the subject reader as well: the subject is read by the same CFastaReader with the same mask logic. Oracle: with -lcase_masking the Sbjct rows of outfmt 0 show the lower-case run in lower case (sm_subj_lower) and the alignment is still found over the whole length; without it all upper case. LOSAT output is identical for this case.
RD	33	src/objtools/readers/fasta.cpp; src/objtools/readers/fasta_exception.cpp	995-1016; 81-136	CFastaReader::ParseDataLine (invalid-residue warning) + CBadResiduesException::SBadResiduePositions::ConvertBadIndexesToString	all:	- (LOSAT rejects the input instead)	rejected-now	algorithm/blastx/input.rs:750-760(parse_fasta_lines);algorithm/blastx/native.rs:565-575(reader_warning)	faithful	medium	port:S	s_digits,s_star,s_nbsp,s_protletters,w_multi,w_leadpos,w_trailbad,w_order,cd_beyond70,r_ranges,r_ranges_1000,r_ranges_1001,prot_in_blastn,pp_digit,pp_first_bad (NCBI .err)	After a data line with at least one bad byte (not fValidate): FASTA_WARNING(0, "FASTA-Reader: Ignoring invalid " + x_NucOrProt() + "residues at position(s): " + positions). x_NucOrProt() is empty because the molecule is not set yet, so the text is exactly "FASTA-Reader: Ignoring invalid residues at position(s): On line N: R1, R2-R3, ..." (never "nucleotide "/"protein "). N = LineNumber() of the line (physical, 1-based); positions are 1-based BYTE indexes in the TRIMMED line (leading white space removed; embedded white space, hyphens and earlier bad bytes count as positions; bytes after a ; are never examined); consecutive indexes merge into "a-b"; ranges are joined with ", "; at most 1000 ranges per line and the rest is cut silently without "and more" (r_ranges: 1500 isolated bad bytes -> 1000 ranges ending "2000"). One warning per line, printed immediately on the stderr stream when the line is read (queries during query reading, subjects earlier, during argument processing, so subject warnings come first: o_both_warn). Problem eProblem_InvalidResidue is not ignored. LOSAT cannot print it: such a record is a hard error today.
RD	34	src/objtools/readers/fasta.cpp	2196-2223,66-90	CFastaReader::PostWarning, IgnoreProblem and the FASTA_WARNING/FASTA_ERROR/FASTA_PROGRESS macros	all:	algorithm/blastn/input.rs:280;314(only the two title warning texts are reproduced; writes with write_all to the diagnostics stream)	unported	algorithm/blastx/input.rs:algorithm/blastx/native.rs:560-575(reader_warning)	divergent	medium	port:S	every NCBI .err in scratch_RD; pp_O (separate search-layer warning)	m_ignorable = {eProblem_ModifierFoundButNoneExpected, eProblem_TooLong, eProblem_TooManyAmbiguousResidues} (blast_fasta_input.cpp:358-360; InvalidResidue and IgnoredResidue are NOT ignored): those warnings are dropped silently. All others: because ReadOneSeq() runs with pMessageListener == nullptr, a warning (severity <= warning) is written by LOG_POST_X(1, Warning << pLineExpt->Message()); Message() of CObjReaderLineException returns the message text itself, so stderr gets EXACTLY the text plus "\n": no "Warning: [blastn]" prefix, no SeqId, no line prefix (compare the app-level "Warning: [blastn] Query_2 q2: Sequence contains no data" which does have a prefix). An error-severity message (FASTA_ERROR) with a null listener throws CObjReaderParseException instead (eFormat for CheckDataLine, eEOF for Expected defline). Order = order of reading; stderr is unbuffered relative to stdout. LOSAT has no shared emitter: only the two title warnings exist, as fixed strings. The new reader should return a list of (text) warnings per record and let the caller write them in order.
RD	35	src/objtools/readers/fasta.cpp	761-770	CFastaReader::CheckDataLine (>40% ambiguous nucleotides warning)	nuc:	-	n/a	algorithm/blastx/input.rs:891-909(check_data_line: not implemented)	n/a	none	keep	c_amb (NCBI: no warning, .l SAME)	FASTA_WARNING eProblem_TooManyAmbiguousResidues ("FASTA-Reader: Start of first data line in seq is about N% ambiguous nucleotides (shouldn't be over 40%)") is in the ignore list, and also ambig_nuc stays 0 because bIsNuc is false in CheckDataLine (no mol, no fForceType). Nothing is printed (c_amb: first line NNNNNNNNNN, rc 0, empty stderr).
RD	36	src/objtools/readers/fasta.cpp	1094-1141,1344-1349	CFastaReader::ParseGapLine (>?N, >?unkN, >?, >?abc, trailing text, size warnings)	all:	algorithm/blastn/input.rs:100(check_deflines_with):111 (rejects any defline starting with ?)	rejected-now	algorithm/blastx/input.rs:453-575(parse_fasta_lines gap branch; accepts only [unk]digits with a value 1..u32::MAX, otherwise bail! "unsupported FASTA assembly-gap size/modifiers")	divergent	low	port:M	g_mid100,g_mid_unk,g_nonum,g_abc,g_zero,g_big,g_spaces,g_lead_ws,g_unk_space,g_unk_nonum,g_trailtext,g_two,g_start,g_start_nohdr,g_end,pg_mid,pg_start,c_after_gap (NCBI .out/.err; .l rejected)	Reached from ParseDataLine for a data line (after TruncateSpaces, so " >?7" with leading white space also works: g_lead_ws) that starts with >? . remaining = TruncateSpaces(line[2:]); optional prefix "unk" (case-sensitive; then leading white space dropped) marks an unknown size (no effect under !fParseGaps: the substitution always uses the number); digits = leading ASCII digits (isdigit), value by StringToUInt (no throw): empty, 0 or > 4294967295 -> warning "CFastaReader: Bad gap size at line N" (eProblem_NonPositiveLength, printed) and size 1; then white space is dropped from what remains and anything left is parsed as [key=value] mods: a remainder that does not start with "[" or lacks = or ] -> warning "CFastaReader: Problem parsing gap mods at line N" once. So ">?100" = 100 Ns (200+100 -> qlen 300), ">?unk100" same, ">?" = Bad gap size + 1 N, ">?abc" = Bad gap size + Problem parsing + 1 N, ">?0" and ">?4294967296" = Bad gap size + 1 N, ">?5xyz" = 5 N + Problem parsing, ">?  7  " and ">?unk 5" fine, two consecutive gap lines add up (11 N), a gap at the record start (position 0) or end is allowed (g_start: qlen 210 with 10 Ns first; g_end). N = LineNumber() of the gap line. The gap line is NOT checked by CheckDataLine and does not count as a residue for it. Position stored = raw residues so far (m_CurrentPos). In protein records the gap is X (pg_mid: "XXXXXXX", qlen 107). The gap length is not capped (a huge >?N allocates N bytes). LOSAT rejects every ?-defline; BLASTX handles only plain [unk]digits>0 (no warnings, no mods) and bails on the rest.
RD	37	src/objtools/readers/fasta.cpp	1142-1342; src/objects/seq/Seq_gap.cpp:181-190	CFastaReader::ParseGapLine (gap [key=value] modifiers: gap-type, linkage-evidence, checks)	all:	algorithm/blastn/input.rs:100(check_deflines_with):111	rejected-now	algorithm/blastx/input.rs:575 (bails)	absent	low	port:M	g_mods_type,g_mods_unknown,g_mods_badparse,g_mods_gt_bad,g_mods_le_bad,g_mods_conflict,g_mods_unk_le,g_mods_forbidden,g_mods_required,g_mods_required2,g_mods_req_alone,g_mods_contam,g_mods_unknown_alone,g_mods_le_only,g_mods_le_multi,g_mods_upper_key,g_mods_two_unknown,g_mods_empty_key,g_mods_noclose (NCBI .err; all rc 0)	Mods never change the residues (the gap is N/X of the number given); only stderr text. Mods are collected into a multimap ordered by key (two unknown mods print in key order: "bar" before "foo"); key/value = TruncateSpaces of the text between [ and = and between = and ]; keys are canonicalised (upper -> lower, space and _ -> -) so "Gap_Type" = gap-type; known keys gap-type (value names after the same canonicalisation: between-scaffolds, centromere, contamination, heterochromatin, repeat-between-scaffolds, repeat-within-scaffold, short-arm, telomere, unknown, within-scaffold) and linkage-evidence (values split on ; with merged delimiters). Printed messages (stderr, text + newline): "Unknown gap-type: <value>"; "Unknown linkage-evidence: <whole value text>" (the whole value, once per unknown item); "Unknown gap modifier name(s): <key>" (key may be empty: "[=x]"); "There were conflicting gap-types around line N"; "FASTA-Reader: Unknown gap-type can have linkage-evidence of type 'unspecified' only." (evidence given with unknown/no gap-type, g_mods_le_only); "CFastaReader: This gap-type should have at least one specified linkage-evidence." (gap-type between-scaffolds/contamination/repeat-within-scaffold without evidence); and "CFastaReader: Problem parsing gap mods at line N" for a broken [..]. NOT printed because eProblem_ModifierFoundButNoneExpected is ignored: "This gap-type cannot have any linkage-evidence specified, so any will be ignored." (centromere, heterochromatin, repeat-between-scaffolds, short-arm, telomere, within-scaffold with evidence) and AssembleSeq's "Gap mods are ignored because gaps are becoming N's or X's in this case." Only the unusual input pays for this; LOSAT rejects it, BLASTX bails; the session may choose to port it fully (needs the 10 gap-type names and the Linkage-evidence enum names from Linkage_evidence.hpp) or reject ">?" lines that carry [..] mods (a decision for the session: no NCBI-defect or data-loader reason applies, so a rejection would need an approved exception).
RD	38	src/objtools/readers/fasta.cpp	1351-1360,1387-1432	CFastaReader::AssembleSeq (CloseGap/CloseMask, N/X substitution of >? gaps under fNoSplit/!fParseGaps)	all:	algorithm/blastn/input.rs:100(check_deflines_with):111 (rejected before reaching here)	rejected-now	algorithm/blastx/input.rs:502-575(parse_fasta_lines: resize with N/X directly)	faithful	low	port:M	g_mid100,g_mid_unk,g_start,g_start_nohdr,g_end,g_two,pg_mid,pg_start,m_gap_inside (NCBI .out qseq/qlen)	CloseGap() is a no-op (fParseGaps unset, m_CurrentGapLength 0; CCustomizedFastaReader::x_CloseGap is an empty override for the same reason), CloseMask() closes an open run, then AssignMolType, then ParseTitle. Because fParseGaps is not set and m_TotalGapLength > 0 the gaps become runs of N (nucleotide: inst.IsAa() false) or X (protein) of the given length, inserted at the raw position recorded when the gap line was read, in file order (consecutive gap lines at the same position just add up); the sequence length counts them (qlen 300 for 100+100 residues with ">?100"; start/end gaps allowed); m_Gaps is cleared so the delta-seq branch is not used for gaps. The gap letters count as ordinary residues for the search (BLAST sees N or X) and the report. LOSAT: rejected; BLASTX builds the N/X run immediately in parse_fasta_lines.
RD	39	src/objtools/readers/fasta.cpp	1062-1092,1094-1100,1405-1411	CFastaReader x_OpenMask/x_CloseMask with gap lines (mask run across >? lines)	nuc: N,T; prot: T (query)	algorithm/blastn/input.rs:100(check_deflines_with):111; algorithm/blastn/coordination.rs:938(collect_lowercase_masks)	rejected-now	algorithm/blastx/input.rs:560-568(parse_fasta_lines: last mask extended by the gap)	faithful	low	port:S	m_gap_inside,m_gap_after_lower,m_gap_before_lower,pm_gap (NCBI outfmt 0 query rows with lower case)	ParseGapLine does not call CloseMask: an open lower-case run stays open over the gap line and its positions include the gap (GetCurrentPos(ePosWithGapsAndSegs) adds m_TotalGapLength). lower run + >?20 + lower run = ONE interval covering the 20 Ns (displayed as n, m_gap_inside); lower run + >?20 + UPPER residue: the interval is closed by the UPPER residue and includes the gap (m_gap_after_lower); UPPER residues + >?20 + lower run: the interval starts after the gap, the Ns are not masked (m_gap_before_lower); in protein records the gap is x (pm_gap). BLASTX extends the last interval by the gap length only when the gap directly follows it (same result).
RD	40	src/objtools/readers/fasta.cpp	1434-1442	CFastaReader::AssembleSeq (record without residues, fDisableNoResidues)	all:	algorithm/blastn/input.rs:482(check_records_have_residues_of);514(no_residues)	rejected-now	algorithm/blastx/input.rs:825-840(finish_record: keeps a record with an empty sequence)	faithful	medium	port:S	e_empty_mid,e_empty_first,e_empty_last,e_empty_last_o0,e_empty_all,e_only_ws_seq,e_only_comment_seq,e_hyph_only_after_ok,p_gt_only,p_gt_only_nonl (NCBI .out/.err/.rc; .l LOSAT-before: rejected)	m_Gaps empty and m_SeqData empty: Seq-inst length 0, repr virtual, and because fDisableNoResidues is set no error "FASTA-Reader: No residues given" is raised: the record is kept (order, local ID counter and title preserved). A record is empty when it has no data line, only blank/comment lines (e_only_ws_seq, e_only_comment_seq) or only lines whose bytes are all dropped AFTER passing CheckDataLine (impossible for a first line with no good letter: that line fails CheckDataLine, e_only_bad_seq, e_only_ctl_seq). What happens next is outside the reader (range BI/AD/search): "Warning: [blastn] Query_2 q2: Sequence contains no data" on stderr and the record is skipped, rc 0 (e_empty_mid, e_empty_first, e_empty_last) with outfmt 0 printing "Query= q2 / Length=0 / ***** No hits found *****" (e_empty_last_o0); all queries empty: rc 3 "BLAST engine error: Warning: Sequence contains no data  Warning: Sequence contains no data" (e_empty_all). A hyphen-only later line after a valid first letter is fine ("A--": record of length 1, e_hyph_only_after_ok). LOSAT rejects every record without residues with "has no residues ... not supported by LOSAT's <PROGRAM>" (check_records_have_residues_of), subjects included (their own warning exists for subjects: write_empty_subject_warnings).
RD	41	src/objtools/readers/fasta.cpp	1362-1386,1443-1452	CFastaReader::AssembleSeq (stored residues, format iupacna/ncbieaa, length, Pack, fValidate, delta branch)	all:	algorithm/blastn/input.rs:738(bio_records_of; sequence = kept bytes of all lines concatenated)	faithful	algorithm/blastx/input.rs:825-840(finish_record)	faithful	none	keep	base_n,pp_base,s_amb,pp_star_end (NCBI + .l SAME)	Data format = Iupacna for nucleotide, Ncbieaa for protein (fUseIupacaa unset, so protein bytes are stored as given, upper-case); fValidate unset (the CSeqportUtil::Validate step is skipped); with fNoSplit and no gaps the sequence is one raw Seq-data of length m_CurrentPos, packed (CSeqportUtil::Pack, no effect on residues). Length = number of kept bytes (+ gap bytes). For LOSAT-accepted input bio gives the same residues; the length limit is TSeqPos (2^32-1) in NCBI; LOSAT/BLASTX check i32::MAX (blastx input.rs:534,844) which is a separate limit decision.
RD	42	src/algo/blast/blastinput/blast_fasta_input.cpp	321-337; FASTA 1363-1368,1443-1520	BLASTINPUT_GEN_DELTA_SEQ (fNoSplit unset: delta-seq branch of AssembleSeq)	all: environment BLASTINPUT_GEN_DELTA_SEQ non-empty	-	n/a	-	n/a	none	keep	env_delta_gap,env_delta_empty,env_delta_plain,env_delta_empty_rec,envbig_off,envbig_on (NCBI .out/.err)	When the variable is set and non-empty, fNoSplit is not added and AssembleSeq builds a delta-seq (AddAndSplit chunks) instead of a raw sequence. Oracle runs with the variable set (a plain query, a query with a >?20 gap, an empty record, and a 250000-byte query) gave byte-identical stdout/stderr and exit status to runs without it, so it has no observable effect on reading; the COMMON.md rule is to unset it. LOSAT ignores the variable; nothing to port (document that it is ignored).
RD	43	src/algo/blast/blastinput/blast_fasta_input.cpp	83-95,330-356; blast_input.hpp 98-107	CCustomizedFastaReader::AssignMolType (threshold = UINT_MAX: mol from the flag)	all:	-	faithful	algorithm/blastx/input.rs:-	n/a	none	keep	s_protletters,prot_in_blastn,nuc_in_blastp,pp_base (NCBI .err/.out)	CBlastInputSourceConfig seqlen_thresh2guess defaults to numeric_limits<unsigned int>::max() and no BLAST app sets it, so GetCurrentPos(eRawPos) < threshold is always true: Seq-inst.mol = na for fAssumeNuc, aa for fAssumeProt, even for an empty sequence; CFastaReader::AssignMolType (CFormatGuess::SequenceType, sRefineNaMol DNA/RNA, eAmbiguous "Unable to determine sequence type") is never called. Hence a protein sequence given to blastn is still nucleotide (letters removed with the invalid-residue warning, prot_in_blastn rc 0), a nucleotide sequence given to blastp is read as protein letters (nuc_in_blastp rc 0, no warning), and the errors "Protein FASTA provided for nucleotide sequence"/"Nucleotide FASTA provided for protein sequence" of x_FastaToSeqLoc (blast_fasta_input.cpp:405-411) cannot occur for FASTA input. LOSAT never guesses the type, so it already behaves this way.
RD	44	src/objtools/readers/fasta.cpp	1548-1615	CFastaReader::AssignMolType (base class: guess, RNA/DNA refine, ambiguous error)	all:	-	n/a	-	n/a	none	keep	source	Unreachable (see the previous row: the override never delegates to the base class for sequences shorter than UINT_MAX bytes). sRefineNaMol (biomol descriptor, DNA vs RNA) and the eAmbiguous error text "CFastaReader: Unable to determine sequence type (is it nucleotide? protein?) around line N" are therefore not observable.
RD	45	src/objtools/readers/fasta.cpp; src/util/line_reader.cpp	all line-number uses; line_reader.cpp 107-175	CFastaReader::LineNumber() as used in every message (CStreamLineReader::GetLineNumber, UngetLine)	all:	-	unported	algorithm/blastx/input.rs:373,1262-1345(FastaStream, EolStyle)	faithful	medium	port:S	l_cr_only,l_crlf,l_mixed,l_mixed2,l_nofinal,l_blank_lines_count,w_multi (NCBI .err)	Line numbers in warnings/errors are 1-based physical lines counted by the line reader: blank, comment and defline lines count; LF, CR, CRLF and mixed endings each end one line (l_cr_only, l_crlf, l_mixed, l_mixed2 give the same numbers: hyphen warning "around line 2", invalid residue "On line 3"); a missing final newline still counts the last line (l_nofinal); the two-line peek/UngetLine pairs do not double count (UngetLine decrements). Leading blank lines count (l_blank_lines_count: hyphen on physical line 5). The EOL handling itself is range LR. LOSAT (bio) has no line numbers; BLASTX counts lines with its FastaStream port (line_index + 1).
RD	46	src/objtools/readers/fasta.cpp	1062-1092	-lcase_masking for BLASTP/TBLASTX and its interplay with the reader	prot: P; nuc: X	cli.rs:375,637 (option -lcase_masking rejected for these programs)	rejected-now	-	n/a	low	port:M	pm_basic,pm_star,pm_dash_digit,pm_gap (NCBI blastp -lcase_masking, outfmt 0 shows lower case)	NCBI accepts -lcase_masking for all four programs and the protein reader builds masks exactly as for nucleotides (pm_*: * closes a run, hyphens and digits do not, a gap line extends the run). LOSAT BLASTP and TBLASTX reject the option ("the NCBI BLAST+ option -lcase_masking is not supported by LOSAT's BLASTP/TBLASTX"), so the reader module only needs to return masks; whether BLASTP/TBLASTX start to consume them is a program decision outside this range.
RD	47	src/objtools/readers/fasta.cpp; src/algo/blast/blastinput/blast_fasta_input.cpp	1018-1060; 77-82	CFastaReader::x_CloseGap / CCustomizedFastaReader::x_CloseGap (empty override)	all:	-	n/a	algorithm/blastx/input.rs:-	n/a	none	keep	source; env_delta_gap (no effect)	x_CloseGap is only called from CloseGap() when m_CurrentGapLength > 0, which needs eCharType_Gap (letters/hyphens as gaps: fParseGaps/fLetterGaps), unset in BLAST, so it is unreachable; the BLAST subclass overrides it with an empty body anyway. Gaps from >? lines never go through it (ParseGapLine pushes into m_Gaps directly; AssembleSeq turns them into N/X).
RD	48	src/algo/blast/blastinput/blast_fasta_input.cpp; src/objtools/readers/fasta_reader_utils.cpp	319-322; 146-226	-parse_deflines (m_Config.GetBelieveDeflines(): fParseRawID instead of fNoParseID|fDLOptional)	all: -parse_deflines	cli.rs:322,386,593,649,713 (option rejected)	rejected-now	-	n/a	low	reject:out-of-scope option (-parse_deflines is rejected by LOSAT's cli.rs:322,386,593,649,713 with "the NCBI BLAST+ option -parse_deflines is not supported by LOSAT's BLASTN")	source	With -parse_deflines the first token of the defline would be parsed as a Seq-id (CSeq_id::ParseIDs with fParse_PartialOK|fParse_AnyLocal|fParse_RawText: comma-to-underscore warning, "Could not construct seq-id from 'X'" error, fQuickIDCheck local-ID check, range suffix :start-stop parsed by ParseRange), the rest is the title, fDLOptional is dropped (a first line that is not a defline is the error "CFastaReader: Input doesn't start with a defline or comment around line N", mapped by GetAllSeqs to "Query input doesn't start with a defline or comment, line N"), and reports show the parsed IDs. LOSAT rejects the option, so none of that is needed by the shared reader.
RD	49	src/objtools/readers/fasta.cpp; src/algo/blast/blastinput/blast_input.cpp	313-345 (ReadOneSeq loop); blast_input.cpp 100-165	Errors and warnings in a later query batch (CBlastInput::GetNextSeqBatch, BATCH_SIZE)	nuc: N,X; prot: P,T (queries)	algorithm/blastn/blast_engine/run.rs:5495(parse_fasta reads the whole query file first);blastinput/query_batch.rs	divergent	algorithm/blastx/input.rs:311-372(parse_fasta_batches_with_warnings: batch delivery)	faithful	low	port:M	bt_small,bt_default,bt_small_ok,bt_small_ok_o0,bt_l (NCBI .out/.err/.rc; bt_l.l LOSAT-before)	Queries are read lazily one batch at a time (a batch ends when the residues read reach the batch size; BATCH_SIZE env var, default per program). Warnings of a record are written when that record is read; a CheckDataLine error in a LATER batch is raised after the results of the earlier batches were printed: with BATCH_SIZE=250 and queries q1,q2 (valid), q3 (valid), q4 (bad first line) stdout has q1 and q2 and then "BLAST query error: CFastaReader: Near line 8, ..." with rc 1 (bt_small / bt_l.n.out); with the default batch size nothing is printed (bt_default). LOSAT reads and checks the whole query file before searching, so the same input prints nothing and exits 1 with its own message (bt_l.l.out empty). A reader that works batch by batch (like BLASTX's parse_fasta_batches) is needed to reproduce this; subjects are always read completely first.
BI	1	src/algo/blast/blastinput/blast_args.cpp	3629-3641	CBlastAppArgs::SetOptions (+ blastn_args.cpp:49-118 order of m_Args)	all: ExtractAlgorithmOptions runs in m_Args order: ProgramDescription, Task, BlastDatabaseArgs (-subject is READ HERE), StdCmdLineArgs (opens -query), GenericSearch (-evalue...), Nucl/Prot, Filtering, Gapped, ..., QueryOptions (-query_loc), Formatting, MT, Remote, Debug	algorithm/blastn/blast_engine/run.rs:5232(run);algorithm/tblastx/blast_engine/run_impl.rs:637(run);algorithm/tblastn/args.rs:631(run);algorithm/blastp/blast_engine.rs:4664(run)	faithful	algorithm/blastx/native.rs:210(run)	faithful	none	keep	No1/Bo1,No2/Bo2,No3/Bo3,No5/Bo5,No6/Bo6,No8tblastx/No8blastp/No8tblastn (N=NCBI, B=LOSAT pairs),t07,t08	NCBI order observed: nonexistent -subject (`Command line argument error: Argument "subject". File is not accessible:  `nonexist.fa'` exit 1) before everything; a bad subject record (`BLAST query error: CFastaReader: ...` exit 1) before a nonexistent -query and before -evalue -5; nonexistent -query (`Argument "query"`, exit 1) before -evalue -5 (`BLAST query/options error: expect value or cutoff score must be greater than zero`+`Please refer to the BLAST+ user manual.`, exit 1). LOSAT run() reads the subject first, opens the query second, checks options in search_cli: same order, byte-identical in the 8 pairs run; keep this order when the reader is replaced.
BI	2	src/algo/blast/blastinput/blast_args.cpp	2525-2557	CBlastDatabaseArgs::ExtractAlgorithmOptions (-subject branch)	all: subject stream (`-subject -` is stdin; .gz only for magicblast), `-subject_loc` via ParseSequenceRange("Invalid specification of subject location"), parse_deflines=false and lcase masking from options, ReadSequencesToBlast, CObjMgr_QueryFactory(*subjects) (empty set -> CBlastException)	algorithm/blastn/blast_engine/run.rs:5260-5348(run);algorithm/blastn/input.rs:811(read_nucleotide_subjects);algorithm/blastp/blast_engine.rs:4664-4760(run);blastinput/app.rs:59(missing_subject_error),74(empty_subjects_error)	faithful	algorithm/blastx/native.rs:240-262(run)	faithful	none	keep	t10,t11,t12,t13,p05,n05,x05,o2,Bo2,L06	Subjects are read, with every reader error, in this handler: before the option errors, before `Query is Empty!`, before any output (NCBI: `-subject bad.fa -evalue -5` prints the reader error; `-query empty.fa -subject bad.fa` prints the reader error, not `Query is Empty!`). LOSAT run() reads subjects first and defers its own content checks (subject_checks/subject_deflines) until after `Query is Empty!`: same order. An empty subject set (empty file, white space only, comments only) -> `BLAST engine error: Empty CBlastQueryVector` exit 3 with nothing on stdout, also with -evalue -5 (t11,t12,t13,x05,p05,n05): LOSAT identical for an empty or white-space file (L06); a comments-only subject file is rejected-now by the reader checks (see the reader rows).
BI	3	src/algo/blast/blastinput/blast_input_aux.cpp	221-247	ReadSequencesToBlast	all-s: SDataLoaderConfig(read_proteins) (default options = BLAST DB + GenBank loaders on), OptimizeForWholeLargeSequenceRetrieval, CBlastInputSourceConfig(dlconfig) defaults, SetRange(-subject_loc), SetBelieveDeflines(parse_deflines=false), SetLowercaseMask, SetSubjectLocalIdMode (prefix "Subject_", counter 1), gaps_to_Ns only for magicblast, new CBlastFastaInputSource, GetAllSeqs, new CScope	algorithm/blastn/input.rs:811(read_nucleotide_subjects);algorithm/blastn/input.rs:360(write_empty_subject_warnings)	faithful	algorithm/blastx/native.rs:240-262(run)	faithful	none	keep	e10,t13	Subject IDs are Subject_<n> with n = 1-based position of the record in the file, counting records without residues (e10: `Subject_1`, `Subject_3` warned). UseDataLoaders() is true by default, so a SUBJECT file whose first line is a Seq-id is fetched like a query (net6: subject `AB000000` -> `BLAST query/options error: Sequence ID not found: 'dbj|AB000000|'`, exit 1): the Seq-id decision (rows below) applies to the subject file too. No -parse_deflines.
BI	4	src/algo/blast/blastinput/blast_scope_src.cpp	55-95	SDataLoaderConfig::x_Init / x_LoadDataLoadersConfig (UseDataLoaders, blast_scope_src.hpp:111)	all: [BLAST] DATA_LOADERS of the merged registry; no entry -> blastdb and genbank loaders on; entry present -> blastdb off unless the value contains `blastdb`, genbank off unless it contains `genbank` (case-insensitive substring tests), both off if it contains `none`; UseDataLoaders() = blastdb||genbank	blastinput/ncbi_environment.rs:26-36(HARMLESS_ENTRIES);blastinput/ncbi_environment.rs:461(check_ncbi_application_settings)	unported	-	absent	medium	port:S	none/.ncbirc (all DATA_LOADERS=none runs), fl_*,env_gi	Resolved by source and one run (BI session 2): CNcbiRegistry::x_Init adds the environment registry at ePriority_Environment (corelib/ncbireg.cpp:1567-1581), so NCBI_CONFIG__BLAST__DATA_LOADERS=none reaches app->GetConfig() like the .ncbirc entry; oracle env_gi (HOME=empty dir, no .ncbirc, that variable, first line `gi|abc|`) gives the same CFastaReader error as the .ncbirc run fl_gi. Not tested (needs a loaders-on run): an empty value `DATA_LOADERS=` (HasEntry may be false for an empty value, then both loaders stay on): UseDataLoaders() chooses the reader class (next rows): true -> CBlastInputReader (first line tried as Seq-id), false -> CCustomizedFastaReader (never). Any DATA_LOADERS value without `blastdb` and `genbank` (`none`, `x`, empty) turns both off. With `.ncbirc` DATA_LOADERS=none the first lines `AB123456`, `lcl|foo`, `gi|abc|`, `gb|AB123456.1|`, `1234`, `0123`, `P01308`, `SRA:SRR000001` are all FASTA data (fl_*: the reader's own `doesn't look like plausible data` error or `Ignoring invalid residues` warning, never a lookup). LOSAT today lists DATA_LOADERS as a harmless registry entry: that stops being true once text before the first defline is read: the port must evaluate the effective value (<prog>.ini / .ncbirc along the NCBI search path, and the environment mapping NCBI_CONFIG__BLAST__DATA_LOADERS; see UNSURE above) and reject, instead of reading as FASTA, a first line that may be a Seq-id when a loader is on.
BI	5	src/algo/blast/blastinput/blast_scope_src.cpp	98-125	SDataLoaderConfig::x_LoadBlastDbDataLoaderConfig (BLASTDB_NUCL_DATA_LOADER / BLASTDB_PROT_DATA_LOADER)	all: only names the BLAST DB (default `nt`/`nr`) that the blastdb loader opens for Seq-id lookups	blastinput/ncbi_environment.rs:26-36(HARMLESS_ENTRIES)	n/a	-	n/a	none	keep	source	Changes only which database a Seq-id lookup uses; LOSAT rejects every input that would reach a lookup, so these keys stay harmless. (If the first line is a Seq-id, NCBI's result depends on the keys and on the network.)
BI	6	src/app/blast/blast_app_util.cpp	127-160	InitializeQueryDataLoaderConfiguration	all: SDataLoaderConfig(query_is_protein) (blastn/tblastx false, tblastn/blastp true) with OptimizeForWholeLargeSequenceRetrieval; the searched BLAST DB name is added only for -db searches	-	n/a	-	n/a	none	keep	source	With -subject db_adapter->IsBlastDb() is false, so the query data loader configuration equals SDataLoaderConfig(query_is_protein): UseDataLoaders() follows the same registry rows as for the subject. Not reachable otherwise (-db is out of scope).
BI	7	src/app/blast/blast_app_util.cpp	163-215	InitializeSubject	all: -subject: new CScope, CLocalDbAdapter(subjects, opts, dbscan_mode = !getenv(BL2SEQ_LEGACY)); no subject sequence is set up here (the empty-subject warnings come later, see the SetupSubjects row)	blastinput/app.rs:643(check_unsupported_environment)	n/a	-	n/a	none	reject:out-of-scope option (BL2SEQ_LEGACY already rejected by LOSAT)	source	BL2SEQ_LEGACY set (even empty) -> NCBI's legacy per-subject mode; LOSAT rejects the variable explicitly (app.rs:643); unchanged. Without it nothing observable happens in this function for the reader.
BI	8	src/algo/blast/blastinput/blast_input.cpp	48-74	CBlastInputSourceConfig::CBlastInputSourceConfig	all: defaults used by the apps: strand other -> both (nucleotide) / unknown (protein), lowercase false (apps pass -lcase_masking), believe_defline false (apps pass -parse_deflines), retrieve_seq_data true, local_id_counter 1, seqlen_thresh2guess UINT_MAX, skip_seq_check false, GapsToNs false; SetQueryLocalIdMode -> prefix "Query_"	algorithm/blastn/input.rs:360(write_empty_subject_warnings);report/query_warnings.rs	faithful	algorithm/blastx/input.rs:782(new_record)	faithful	none	keep	e01,id1,id2	IDs are `Query_<n>` / `Subject_<n>`, n starting at 1 for each file. seqlen_thresh2guess = UINT_MAX makes CCustomizedFastaReader::AssignMolType always take the flag (fAssumeNuc/fAssumeProt), so the molecule type is never guessed. skip_seq_check false: no fSkipCheck flag.
BI	9	src/algo/blast/blastinput/blast_fasta_input.cpp	317-368	CBlastFastaInputSource::x_InitInputReader	all: reader flags: fNoParseID|fDLOptional (fParseRawID with -parse_deflines), + fAssumeNuc (blastn, tblastx, tblastn subject) or fAssumeProt (blastp, tblastn query), fNoSplit unless BLASTINPUT_GEN_DELTA_SEQ is set and non-empty, fHyphensIgnoreAndWarn, fDisableNoResidues, fQuickIDCheck; IgnoreProblem(ModifierFoundButNoneExpected, TooLong, TooManyAmbiguousResidues)	algorithm/blastn/input.rs:1-22(module doc);algorithm/blastn/input.rs:100(check_deflines_with)	faithful	algorithm/blastx/input.rs:373(parse_fasta_lines)	faithful	none	keep	e01,fl_text,fl_long,pd1-pd6	The flag set is E2g A-147 (faithful). fDLOptional is what lets a file without any defline be read as one record named Query_1 (fl_text, fl_long, none-dir runs); without it (-parse_deflines) the same file stops: query `BLAST query error: CFastaReader: Input doesn't start with a defline or comment around line 1` exit 1 (pd1), subject `BLAST query/options error: Query input doesn't start with a defline or comment, line 1<NUL>` + `Please refer to the BLAST+ user manual.` exit 1 (pd2; the message carries a NUL byte from `ostringstream << ends`). -parse_deflines also puts the parsed ID in the empty-record warnings (pd4: `Warning: [blastn] q2 empty two: Sequence contains no data `). LOSAT rejects -parse_deflines (exit 2, `the NCBI BLAST+ option -parse_deflines is not supported`), proposal unchanged: reject:out-of-scope option.
BI	10	src/algo/blast/blastinput/blast_fasta_input.cpp	331-334	CBlastFastaInputSource::x_InitInputReader (BLASTINPUT_GEN_DELTA_SEQ)	all: variable unset or empty -> fNoSplit; set non-empty -> no fNoSplit (records become delta sequences)	-	n/a	-	n/a	none	keep	g01,g02,g03,g04,g05,gd_q_gap_only_*,gd_q_gap_edges_*,gd_q_gap_big_*	No effect on the output, including with `>?100` / `>?unk100` gap lines (leading, trailing, gap-only record, a 150000-nt gap): stdout, stderr and exit status are byte-identical with the variable unset, empty, or `1` (cmp on all 5 pairs). BLAST never sets fParseGaps, so CFastaReader::AssembleSeq always turns the gap runs into N (nucleotide) / X (protein) and CCustomizedFastaReader::x_CloseGap is never reached. LOSAT does not read the variable: correct, keep ignoring it (E2g A-148 stands).
BI	11	src/algo/blast/blastinput/blast_fasta_input.cpp	352-367	CBlastFastaInputSource::x_InitInputReader (reader class, ID generator)	all: UseDataLoaders() -> CBlastInputReader else CCustomizedFastaReader; SetIDGenerator(CSeqIdGenerator(counter 1, "Query_"/"Subject_")) shared for the whole file	algorithm/blastn/input.rs:360(write_empty_subject_warnings);algorithm/blastx/input.rs:782(new_record)	faithful	algorithm/blastx/input.rs:782(new_record)	faithful	none	keep	id1,id2,id3,net5_blastn_probe,e12	ONE reader and ONE ID counter serve all batches of a file: the n-th FASTA record is Query_n (Subject_n) whether or not it has residues (e12: third record Query_3), and also when a query is silently skipped later by a -query_loc check (id1: `-query_loc 5-100` skips the 3-nt record 2, the others are Query_1 and Query_3). A Seq-id record does not consume a number (net5: five Seq-id lines, then the first FASTA record is Query_1). The ID is shown by outfmt 6/7 only for records whose defline gives no ID (empty defline: `Query_1`, id2).
BI	12	src/algo/blast/blastinput/blast_fasta_input.cpp	371-374	CBlastFastaInputSource::End	all: m_LineReader->AtEOF()	blastinput/query_batch.rs:54(next_query_batch_end)	faithful	algorithm/blastx/input.rs:2034(parse_fasta_stream_with_warnings)	faithful	none	keep	pipe_empty_fmt0.out,t03,t06	The batch loop `for (; !input.End(); ...)` ends when the stream is at EOF: trailing blank/comment lines are consumed by the last record, so no empty batch follows. A file that is only comments/blank lines is NOT at EOF at the start: ReadOneSeq consumes it and raises eEOF (`Expected defline around line N`), the batch is empty (see GetNextSeqBatch row).
BI	13	src/algo/blast/blastinput/blast_fasta_input.cpp	130-135, 148-151	CBlastInputReader::ReadOneSeq (gate)	all (only when UseDataLoaders): line = TruncateSpaces_Unsafe(*++GetLineReader()) (reads the NEXT line, blank lines are not skipped); tried as Seq-id only if non-empty and isalnum(first byte) (C locale: [A-Za-z0-9]); otherwise GetLineReader().UngetLine() and CFastaReader::ReadOneSeq	algorithm/blastn/input.rs:24(unreadable_fasta);algorithm/blastn/input.rs:738(bio_records_of)	rejected-now	-	absent	medium	port:S	net2,net4,net5,fl_*,blank_first.fa,pd6	Whitespace trimmed with isspace (space \t \n \v \f \r) at both ends. A blank first line, a `>` line, a `;`/`#`/`!` comment, a BOM (0xEF) or any non-ASCII first byte is not tried (pd6: blank lines before the first defline read normally). Today LOSAT rejects every file with text before the first defline (`FASTA that bio cannot read ... not supported by LOSAT's <PROGRAM>`, input.rs:24); the shared reader must call the decision procedure of the next rows at the start of EVERY record read (cheap), and read the line as ordinary FASTA data when it is not a Seq-id.
BI	14	src/algo/blast/blastinput/blast_fasta_input.cpp	130-152	CBlastInputReader::ReadOneSeq (which records can start with a letter or digit)	all: a record other than the first starts with an alphanumeric line only after a Seq-id record or a skipped Seq-id record (each consumed exactly one line), never after a FASTA record	algorithm/blastn/input.rs:24(unreadable_fasta);algorithm/blastn/input.rs:738(bio_records_of)	rejected-now	-	absent	low	port:S	net2,net5	CFastaReader::ReadOneSeq stops only at a `>` line (peeked) or EOF and consumes blank/comment lines, so after a FASTA record the next read starts at `>` or EOF. After a Seq-id record the next line starts a new record: net2 `AB123456` then `>q1`: record 1 = the accession, record 2 = q1; net5: five Seq-id lines in a row, each its own record (the 4 that were not fetched were skipped, see the batch row). A Malformatted line ends the chain: it is read as FASTA data and absorbs everything up to the next `>`. So a file can be a chain of accessions only at its start; LOSAT, rejecting every Seq-id line, needs the check only at stream start, but must run it at each record start to stay faithful (a second accession line after an accession).
BI	15	src/objects/seqloc/Seq_id.cpp	2457-2467, 2517-2551, 632-642 (s_CheckForFastaTag)	CSeq_id::Set: FASTA tag form (lcl|, gb|, gi|, ...)	all (UseDataLoaders): line[2]=='|' and size>3 -> tag = first 2 bytes, else line[3]=='|' and size>4 -> tag = first 3 bytes (an if/else-if on the position, not on the lookup); tag matched case-insensitively against bbm bbs dbj emb gb gi gim gnl gpp lcl nat pat pdb pgp pir prf ref sp tpd tpe tpg tr; found -> tag path: Split on '|', x_Init, never `Malformatted ID`	algorithm/blastn/input.rs:24(unreadable_fasta);algorithm/blastn/input.rs:738(bio_records_of)	rejected-now	-	absent	low	port:S	net5_blastn_probe,fl_lcl,fl_gi,fl_gb	A known tag always leaves the FASTA route: if x_Init throws a CSeqIdException other than `Malformatted ID` (`Not enough fields for ID of type ...`, `FASTA-style ID ... has too many parts.`, `Malformatted PDB ID ...` (no `ID` directly after `Malformatted`), `Bad sequence number`, numeric parse errors) it is rethrown; otherwise a Seq-id is built and looked up. Query: the exception/NotFound is swallowed by GetNextSeqBatch (record skipped, no message; net5 `lcl|foo`, `gb|AB123456.1|` produced no query); subject: `BLAST query/options error: Sequence ID not found: 'lcl|foo'` exit 1 (CInputException) or `Error: ...` exit 255 for a CException. An unknown tag (`xx|abc`) or a 2/3-byte prefix followed by `|` that is not in the list is not a tag: raw route. Port as: classification returns SeqId -> LOSAT errors explicitly (reject: network/BLAST DB data loader).
BI	16	src/objects/seqloc/Seq_id.cpp	1634-1664, 1666-1830 (x_IdentifyAccession), 2457-2551	CSeq_id::Set raw route: table-free accession shapes	all (UseDataLoaders; no tag): IdentifyAccession(line, flags|fParse_FallbackOK): main = text before the first '.', which must be followed only by digits (else unknown); upper-cased; then (a) digits only, first byte not '0', no '.' -> GI; (b) digit first, not versioned, size>=4, first non-digit within 5 bytes, bytes 1-3 alphanumeric: PDB if size==4, or size 5-17 with byte 4 in `|-_` and (size<=6 or byte 5 alnum); (c) PRF: digit first, not versioned, first non-digit at 6 or 7, then end, or ':', or one letter then end/':'; (d) Swiss-Prot shapes: size 6 [A-Z]\d[A-Z0-9]{3}\d with first byte O/P/Q or byte 2 a letter, or size 10 [A-Z]\d[A-Z]... (first not O/P/Q); a hit is a Seq-id	algorithm/blastn/input.rs:24(unreadable_fasta);algorithm/blastn/input.rs:738(bio_records_of)	rejected-now	-	absent	low	port:S	net4_blastp_probe,net5_blastn_probe,seqid_probe.py,seqid_probe_table.txt	These shapes need no table: `1234` (GI), `1ABC` `1ABC-A` (PDB), `123456AB:x` (PRF), `Q9XYZ1`-like six/ten byte Swiss-Prot shapes are Seq-ids; `0123`, `12.5`, `1 acgt acgt`, letters-only lines, lines with a space inside a letter-first line are NOT (-> FASTA). Digit-first lines are therefore fully decidable. seqid_probe.py implements the decision (classify -> FASTA / SEQID / TABLE) and reproduces the 6 network observations.
BI	17	src/objects/seqloc/Seq_id.cpp	1666-1830, 1370-1425 (SAccGuide::Find), accguide2.inc/accguide2.txt	CSeq_id::Set raw route: accession tables	all (UseDataLoaders; no tag): letter-first line, all bytes after the first digit are digits (optionally `.digits`, or one S/P flag letter inside the digits for WGS/TSA protein shapes): key (letters before the first digit, digits after it) looked up in the accession guide; format not in the guide -> unknown; format present -> the prefix is matched against ~1450 prefix/wildcard rules (A??, 2-letter prefixes, ...) and 2578 special ranges	algorithm/blastn/input.rs:24(unreadable_fasta);algorithm/blastn/input.rs:738(bio_records_of)	rejected-now	-	absent	medium	reject:network/BLAST DB data loader (accession tables are data, not portable; reject broadly)	net1..net6,seqid_probe_table.txt	The guide knows only these (prefix letters+digits) formats: 1+5 2+6 2+8 2+10 3+5 3+6 3+7 3+8 3+9 3+11 4+5 4+6 4+8 4+9 4+10 5+6 5+7 6+9 6+10 6+11 7+8 7+9 7+10 9+9 9+10 9+11 (prefix may contain `_`, e.g. NC_000001.11 = 3+6). A letter-first line of that shape is a possible accession (AB123456, AB123456.1, ab123456, P01308, NC_000001.11 all fetched or looked up in the oracle); `ACGT1234` (4+4), `contig1`, `XP_123` (3+3) are not. Rule for LOSAT: reject (explicit `not supported by LOSAT's <PROGRAM>`: input line may be a Seq-id that NCBI fetches from the network/BLAST DB) every letter-first line that has a format in the list above, optionally followed by `.digits`; everything else with a letter first is FASTA data. This over-rejects prefixes that are not in the tables (ZZ123456 is read as FASTA by NCBI) and nucleotide sequence lines with digits that happen to fit, both rare. accguide2.inc (the built-in copy of accguide2.txt, array kBuiltInGuide at lines 36-25779, 1458 prefix rules `N+M PFX type` plus `special2` range lists from line 1527): 3+5 rules from line 41 (`3+5  ??_  unknown` at 42), 3+6 from 277 (NC_ 279, NM_ 281), 4+5 NZ_? 290, 1+5 from 319 (`1+5  N  unreserved_nuc` 332, O/P swissprot 333-334), 2+6/2+8/2+10 from 348, the catch-all `2+6  ??  unreserved_nuc` near 1511. A rule whose type has E_Choice e_not_set (unreserved_nuc/prot, unknown, ambiguous_*, maybe_*, gb_embl*) makes GetAccType return e_not_set, i.e. NOT an accession (SAccGuide::Find Seq_id.cpp:1370-1450 does the prefix/wildcard/special lookup; wildcard `?` only matches alphanumerics): so ZZ123456, XP_123456 (2+6 XP deliberately skipped), N12345 are FASTA data. An exact port needs the 1458 rules and the specials (mechanical, port:M); the broad format rule needs nothing. Recommendation: broad rule (impact low: the line would have to be a sequence line of letters followed by digits only).
BI	18	src/objects/seqloc/Seq_id.cpp	2483-2495, 98-124 (kSupportedRawDbtags)	CSeq_id::Set raw route: general database tags with ':'	all (UseDataLoaders; no tag, accession type e_not_set): text before the first ':' upper-cased and looked up (case-sensitively) in {ATGC BCMHGSC BERKELEY CELERA GSDB HOOD LANLCHGS LRG MIPS NCBI_EXT_ACC NCBI_GENOMES NCBI_MITO PGEC PID SGD SHGC SRA TIGR UOKNOR UWGC WASHU WIBR WUGSC dbGSS dbSTS}: found -> general Seq-id	algorithm/blastn/input.rs:24(unreadable_fasta);algorithm/blastn/input.rs:738(bio_records_of)	rejected-now	-	absent	low	port:S	fl_colon,seqid_probe.py	`SRA:SRR000001` is a Seq-id (general|SRA|SRR000001); the entries `dbGSS` and `dbSTS` contain lower-case letters and the key is upper-cased before the lookup, so they can never match (source quirk, `DBGSS:x` is FASTA). The rule is evaluated after IdentifyAccession returned no type.
BI	19	src/objects/seqloc/Seq_id.cpp	2496-2503, 2576-2600 (IsValidLocalID/CheckLocalID), blast_fasta_input.cpp:136-140	CSeq_id::Set raw route: local ID, retry, Malformatted ID	all (UseDataLoaders): not a tag/accession/general: with fParse_ValidLocal and a valid local ID (non-blank, <=50 bytes, no byte in ` >[]|"`, no control or non-ASCII byte) -> local Seq-id, then `id->IsLocal() && !StartsWith(line, "lcl|")` -> retry CSeq_id(line) with default flags, which throws `Malformatted ID <line>` (CSeqIdException); an invalid local ID throws the same; ReadOneSeq catches it (message contains `Malformatted ID`) and falls back to CFastaReader	algorithm/blastn/input.rs:24(unreadable_fasta);algorithm/blastn/input.rs:738(bio_records_of)	rejected-now	-	absent	high	port:S	fl_text,fl_long,fl_dig0,net4_blastp_probe,net5_blastn_probe,n02,q_seqonly.fa	Every line that is neither a known tag, an accession shape, nor a whitelisted `DB:` ends here and is read as FASTA data: `ACGTACGT`, a 40-nt line, `MKVLAAGIVGLLLAQ` (net4), `0123`, `ACGT ACGT`, a sequence-only file (record named Query_1, empty title; n01 outfmt 6 `Query_1`; net5 40-nt line -> Query_1). This is the common case that LOSAT rejects today (`unreadable_fasta`) and must read as FASTA with fDLOptional. A `lcl|...` line stays a Seq-id (tag route, no retry).
BI	20	src/algo/blast/blastinput/blast_fasta_input.cpp	140-151	CBlastInputReader::ReadOneSeq (exception handling)	all (UseDataLoaders): catch CSeqIdException containing `Malformatted ID` -> FASTA; any other CSeqIdException or std::exception -> rethrow; catch(...) -> FASTA	algorithm/blastn/input.rs:24(unreadable_fasta);algorithm/blastn/input.rs:738(bio_records_of)	rejected-now	-	absent	low	port:S	net3,net4,net5,net6	Rethrown exceptions leave the reader with the line already consumed (no UngetLine): in GetNextSeqBatch they are swallowed (the next record starts at the following line), in GetAllSeqs (subject) they reach CATCH_ALL. Non-std exceptions (`...`) are the only other FASTA fallback (unreachable in practice).
BI	21	src/algo/blast/blastinput/blast_fasta_input.cpp	186-266	CBlastInputReader::x_CreateBioseq / x_ValidateMoleculeType	all (UseDataLoaders, Seq-id found): new CBlastScopeSource(dlconfig) on first use; IsProtein(id) (throws `Sequence ID not found: '<fasta id>'`, eSeqIdNotFound), protein/nucleotide mismatch -> `GI/accession/sequence mismatch: protein input required but nucleotide provided` / `... nucleotide input required but protein provided` (eSequenceMismatch; for a protein program a `pir|<acc>` retry first); nucleotide without data -> `No sequence available for <id>`	algorithm/blastn/input.rs:24(unreadable_fasta);algorithm/blastn/input.rs:738(bio_records_of)	rejected-now	-	absent	low	reject:network/BLAST DB data loader	net3,net4,net5,net6	All are CInputException: query -> silently skipped (net3 `AB000000`, net4 `AB123456` for blastp, net5 `P01308` for blastn: no stdout/stderr text about them, exit 0, the skipped record is not counted in `# BLAST processed N queries`); subject -> `BLAST query/options error: Sequence ID not found: 'dbj|AB000000|'` + `Please refer to the BLAST+ user manual.` exit 1 (net6; the ID is printed in FASTA form with the type tag NCBI chose, here dbj). A fetched record is named by its accession.version with GenBank's title (net2 `AB123456.1 Verrucosispora sp. ...`, net4 `P01308.1 RecName: ...`). The connection layer also prints environment-dependent diagnostics on stderr (`Error: (302.26) [blastn] SOCK#...`, `CReader: waiting 1s before new connection`). LOSAT: explicit rejection of the first line that the decision procedure marks as a possible Seq-id; never fetch.
BI	22	src/algo/blast/blastinput/blast_fasta_input.cpp	377-431 (HasRawSequenceData branch), blast_input.cpp:222-253	CBlastFastaInputSource::x_FastaToSeqLoc / CBlastBioseqMaker::CreateBioseqFromId	all (Seq-id records only): bioseq without raw data -> query_scope_source->AddDataLoaders(scope); type mismatch checks `Nucleotide FASTA provided for protein sequence` / `Protein FASTA provided for nucleotide sequence` (eSequenceMismatch)	-	n/a	-	absent	none	reject:network/BLAST DB data loader	source	With the molecule type forced by the flags (fAssumeNuc/fAssumeProt, seqlen_thresh2guess = UINT_MAX) a FASTA record can never trigger the two mismatch checks; they are reachable only for fetched records (already rejected).
BI	23	src/algo/blast/blastinput/blast_fasta_input.cpp	130-152, 186-266	CBlastInputReader::ReadOneSeq (an accession written twice, or in another spelling)	all (UseDataLoaders): a second Seq-id line for a sequence that is already in the scope (`gb|AB123456.1|`, lower case `ab123456`) after `AB123456.1`	algorithm/blastn/input.rs:24(unreadable_fasta);algorithm/blastn/input.rs:738(bio_records_of)	rejected-now	-	absent	low	reject:network/BLAST DB data loader	net5_blastn_probe,net5	UNSURE: in net5 the lines `gb|AB123456.1|` and `ab123456` (both the same GenBank record as the fetched `AB123456.1`) gave no query and no message; the cause is either CObjectManager refusing a second top-level Bioseq with the same ID (scope.AddTopLevelSeqEntry in x_FastaToSeqLoc, an exception swallowed by GetNextSeqBatch) or a failed lookup. Irrelevant for LOSAT, which rejects every Seq-id line, but the oracle cannot say which; do not rely on it.
BI	24	src/algo/blast/blastinput/blast_fasta_input.cpp	377-391	CBlastFastaInputSource::x_FastaToSeqLoc (lowercase mask)	all: -lcase_masking (query and subject): lcase_mask = m_InputReader->SaveMask() BEFORE ReadOneSeq; after it a non-empty mask gets strand plus (applied to both strands later, GetNextSequence)	algorithm/blastn/coordination.rs:634(collect_lowercase_masks)	faithful	algorithm/blastx/input.rs:373(parse_fasta_lines)	faithful	none	keep	source,E2g A-150	One fresh mask per record (a record without residues gets an empty mask); no flag, no mask. What counts as lowercase is a CFastaReader matter (other ranges).
BI	25	src/algo/blast/blastinput/blast_fasta_input.cpp	377-431	CBlastFastaInputSource::x_FastaToSeqLoc (scope, molecule and strand checks)	all: scope.AddTopLevelSeqEntry; molecule mismatch checks (Seq-id rows); strand: -strand other/unknown -> both (nucleotide) or unknown (protein); plus/minus with a protein -> `Cannot assign nucleotide strand to protein sequence` (eInvalidStrand)	-	n/a	-	n/a	none	keep	source	Unreachable with these flags: the protein programs have no -strand option and the molecule type is forced by fAssumeNuc/fAssumeProt. Plus/minus strand handling of the search itself is outside BI.
BI	26	src/algo/blast/blastinput/blast_fasta_input.cpp	433-466	CBlastFastaInputSource::x_FastaToSeqLoc (range checks, interval)	nuc-q/nuc-s/prot-q/prot-s: from = range.from (0 if unset), to = range.to (0 if unset), seqlen = record length; `to>0 && to<from` -> `Invalid sequence range`; `from>seqlen` -> `Invalid from coordinate (greater than sequence length)` (CInputException eInvalidRange); interval [from, (to>0 && to<seqlen) ? to : seqlen-1] (TSeqPos: seqlen 0 wraps to 4294967295); ID = best-ranked ID	blastinput/seq_range.rs:304(cut_subjects);blastinput/seq_range.rs:470(cut_queries);blastinput/seq_range.rs:424(batches)	faithful	-	n/a	none	keep	q01,q02,q03,ql1,ql2,ql4,ql5,ql6,r1,r2,id1,Lql1,Lql4,Nr1/Br1,Nr2/Br2	Handled in E2d; re-verified. -query_loc 5-10 on a 3-nt or empty record silently drops the record (the CInputException is swallowed by GetNextSeqBatch; not counted in `# BLAST processed N queries`, but it consumed its Query_<n>, id1); -subject_loc 5-10 on a shorter subject is fatal: `BLAST query/options error: Invalid from coordinate (greater than sequence length)` + `Please refer to the BLAST+ user manual.` exit 1 (q03, r1, LOSAT identical); every query dropped -> `BLAST engine error: Empty CBlastQueryVector` exit 3 after the outfmt 0 prolog (ql1; LOSAT identical, Lql1; ql2/ql5/ql6 for outfmt 7 and the other programs).
BI	27	src/algo/blast/blastinput/blast_fasta_input.cpp	433-466	CBlastFastaInputSource::x_FastaToSeqLoc (range starting at the sequence end)	nuc-q/nuc-s/prot-q/prot-s: from == seqlen (e.g. -query_loc 301-500 on 300 letters, 4-10 on a 3-letter record) is no error: the record is searched as a sequence without data	blastinput/seq_range.rs:351(check_no_empty_interval)	rejected-now	-	n/a	low	port:S	r3,r4,ql3,Lql3,Br3,Br4	NCBI: query -> `Warning: [blastn] Query_2 q2 short: Sequence contains no data ` and the record is listed (r3, 3 queries processed); subject -> `Warning: [blastn] Subject_2 s2 short: Subject sequence contains no data` and the subject is skipped, rc 0 (r4); all queries like that -> exit 3 (ql3). LOSAT rejects: `query record N (id) has no letters in the -query_loc range (the range starts just past its end); NCBI BLAST+ searches it as a sequence without data, which is not supported by LOSAT's BLASTN`. Once records without residues are ported (rows below) this case follows from the same code.
BI	28	src/algo/blast/blastinput/blast_fasta_input.cpp	483-503	CBlastFastaInputSource::GetNextSequence	all: -lcase_masking: PackedSeqLocToMaskedQueryRegions(mask, blastn (nucleotide) or blastp (protein), apply_mask_to_both_strands=true)	algorithm/blastn/blast_engine/run.rs:3952(reverse_mask_intervals);algorithm/blastn/coordination.rs:634(collect_lowercase_masks)	faithful	algorithm/blastx/query_setup.rs:229(prepare_queries)	faithful	none	keep	source,E2g A-154	Unchanged by BI; listed for the call path.
BI	29	src/algo/blast/blastinput/blast_input.cpp	135-177	CBlastInput::GetNextSeqBatch	all (queries): while (size_read < GetBatchSize()) { if End() break; try q = GetNextSequence(scope) catch CObjReaderParseException: eEOF -> break, other codes -> rethrow; catch (const exception&) -> continue (SB-2307); size_read += GetLength(whole sequence); AddQuery } (lines 140-171; see rows 50-52 for the three catch branches)	blastinput/query_batch.rs:54(next_query_batch_end);blastinput/query_batch.rs:19(query_batches);blastinput/seq_range.rs:424(batches);algorithm/blastn/blast_engine/run.rs:5443(search_cli)	divergent	algorithm/blastx/input.rs:2034(parse_fasta_stream_with_warnings)	faithful	medium	port:M	b_q_b2_allempty_0,b_q_b2_allempty_7,b_q_b3_bad_0,b_q_b3_bad_7,b_q_b2_bad_0,b_q_b2_bad_7,bb1,bb2,bb3,bb4,t03,t05,pipe_empty_fmt0,L08,L09,L10,Nbd1,Lbd1,Lc1	Batch sizes agree with LOSAT (query_batch.rs) but NCBI READS one batch at a time and the reader's side effects (stderr warnings, errors, Seq-id lookups, ID counter) happen at that moment. (1) A record without residues adds 0 to size_read, so it never closes a batch. (2) eEOF (only comments/blank lines left, `CFastaReader: Expected defline around line N`) ends the batch silently: a file with only comments/blank lines gives an empty batch and `BLAST engine error: Empty CBlastQueryVector` exit 3 after the outfmt 0 prolog (t03; outfmt 7: nothing on stdout, t04). (3) Any other CObjReaderParseException (`CFastaReader: Near line N, there's a line that doesn't look like plausible data, but it's not marked as defline or comment.`) is rethrown, reaches CATCH_ALL: `BLAST query error: <msg>` exit 1 AFTER the reports of the earlier batches were written and flushed, with no epilog (bb1: default blastn, 8 x 1000 nt, bad record 6: queries 1-5 reported, then the error; BATCH_SIZE=300: b_q_b2_bad_7 prints q1's rows then the error, no `# BLAST processed`; tblastx batch 10002: nothing printed because record 6 is in batch 1). (4) Every other exception (a Seq-id that is not found / not the molecule type / a CSeqIdException of the tag path, and the CInputException of a -query_loc that does not fit the record) is swallowed: the record is skipped without a message, its line(s) are consumed, and the loop re-tests End(); a skipped FASTA record used up its Query_<n>, a skipped Seq-id line did not (generator not advanced). (5) If the skipped records are the last ones, the NEXT batch is empty: Empty CBlastQueryVector exit 3 after the earlier batch's report (Nbd1/Lbd1: BATCH_SIZE=300, 300-nt q1 then a 3-nt record with -query_loc 5-100; LOSAT identical; the Seq-id variant follows from the same code). (6) size_read adds the length of the WHOLE sequence in the scope, not of the -query_loc range. Timing of reader warnings: row 47. LOSAT reads and checks the whole query file before searching (L08, L09, L10: its own reject text, nothing printed). After the port the queries must be read lazily per batch (BLASTX's FastaStream/parse_fasta_stream_with_warnings model) so that error timing, flushed output, skipped records and exit codes match.
BI	30	src/algo/blast/blastinput/blast_input.cpp	199-220	CBlastInput::GetAllSeqs	all (subjects): while (!End()) { try AddQuery(GetNextSequence) catch CObjReaderParseException: eEOF -> break; eNoDefline -> CInputException(`Query input doesn't start with a defline or comment, line <pos>` + trailing NUL); else rethrow }; no skip-on-error	algorithm/blastn/input.rs:811(read_nucleotide_subjects);algorithm/blastn/blast_engine/run.rs:5260-5348(run);algorithm/blastp/blast_engine.rs:4664-4760(run)	faithful	algorithm/blastx/input.rs:2034(parse_fasta_stream_with_warnings)	faithful	none	keep	pd2,t11,t12,t13,o1,Bo1,L11,net6	All subjects are read at once in the first handler. A reader error is fatal (`BLAST query error: ...` exit 1, o1), eEOF just ends the set, no exception is swallowed (a failed Seq-id lookup is fatal: net6). eNoDefline is reachable only with -parse_deflines (pd2). An empty set -> `Empty CBlastQueryVector` (see the -subject row).
BI	31	include/algo/blast/blastinput/blast_input.hpp	313	CBlastInput::CBlastInput (default batch size)	all: default batch size kMax_Int; blastn sets it later (SetBatchSize), tblastx/tblastn/blastp pass GetQueryBatchSize() to the constructor	blastinput/app.rs:669(query_batch_size)	faithful	-	n/a	none	keep	source	Only the BLASTN batch size changes between batches (mixer); the others use one fixed size.
BI	32	src/algo/blast/blastinput/blast_input_aux.cpp	70-143	GetQueryBatchSize (+ blastn_args.cpp:131-135, tblastx_args.cpp:129-133, tblastn_args.cpp:168-172, blastp_args.cpp:128-132)	all: getenv("BATCH_SIZE") set (even empty) -> NStr::StringToInt(value) (CStringException on a non-integer); blastn calls it with use_default=false -> 0 (adaptive mixer, any task); tblastx 10002, tblastn 20000, blastp 10000 (BLASTX 10002)	blastinput/query_batch.rs:98(ncbi_string_to_int);blastinput/query_batch.rs:120(get_query_batch_size);blastinput/app.rs:669(query_batch_size);algorithm/blastn/blast_engine/run.rs:5903(query_batching_from_environment)	faithful	algorithm/blastx/query_setup.rs:81(BATCH_SIZE)	divergent	none	keep	bs_p1,bs_n1,bs_x1,bs_b1,bsv_blastn_abc_,bsv_tblastx_abc_,bst_blastn,bst_tblastx,bst_blastp,bst_tblastn,Lbs0_tblastx,Lbs0_p,Lbs300,Nx9,Bx9	NCBI honours BATCH_SIZE in all four programs (BATCH_SIZE=300 splits after the first 300-nt query: bs_*: a later all-empty batch gives rc 3 after the first batch's report); `-1` = one huge batch (TSeqPos wrap), `+5` accepted, `0` -> blastn mixer, tblastx/blastp/tblastn `BLAST engine error: Empty CBlastQueryVector` exit 3 (empty batches; LOSAT identical, Lbs0_*); `abc`, empty value, ` 5` -> stderr `Error: NCBI C++ Exception:` / `    T0 "<build path>/ncbistr.cpp", line 861: Error: (CStringException::eConvert) ncbi::NStr::StringToInt8() - Cannot convert string 'abc' to Int8 (m_Pos = 0)` / blank line, exit 255 (blastn after the outfmt 0 prolog, bst_blastn out=281 bytes; the others before any output). LOSAT BLASTN/TBLASTX/TBLASTN/BLASTP port the sizes and reject non-integers explicitly (the NCBI text names build paths: keep reject). BLASTX ignores BATCH_SIZE (fixed 10002): Nx9 vs Bx9 differ (NCBI exit 3 after batch 1, LOSAT exit 0).
BI	33	src/app/blast/blast_app_util.hpp	57-85 (+ blast_app_util.cpp:65-81, blastn_app.cpp:261-300)	CBatchSizeMixer / blastn batch loop	N: mixer(SplitQuery_GetChunkSize - 1000); BATCH_SIZE 0/unset -> SetTargetHits(db_total_length/3000) when >0, SetBatchSize(GetBatchSize()), after each batch SetBatchSize(GetBatchSize(NumExtensions))	blastinput/query_batch.rs:161(BatchSizeMixer);algorithm/blastn/blast_engine/run.rs:6077(search)	faithful	-	n/a	none	keep	bb1,bb2,bb3	Re-verified with 8 x 1000-nt queries and a 2 x 1000-nt subject: first batch 5 queries (5 x 1000 >= 5000), next batch starts at record 6 (bb1/bb3: the reader error there prints q1..q5 first). Ported and tested in E2f.
BI	34	src/app/blast/blast_app_util.cpp	845-875	IsIStreamEmpty	all: tellg() < 0 (pipe) -> not empty; else skipws `in >> c` fails -> empty (only isspace bytes of the C locale); then the stream position is restored	algorithm/blastn/input.rs:40(is_blank);algorithm/blastn/blast_engine/run.rs:5477(search_cli);algorithm/tblastx/blast_engine/run_impl.rs:959(search_cli);algorithm/tblastn/args.rs:784(search_cli);algorithm/blastp/blast_engine.rs:4881(search_cli)	divergent	algorithm/blastx/input.rs:1229(stream_is_empty)	faithful	medium	port:S	t01,t02,t12,pipe_empty_fmt0,Lpipe2,Lpipe3,x07,p07	A regular file with only white space or no bytes (also /dev/null, `< empty.fa`) -> `Warning: [blastn] Query is Empty!` rc 0, empty stdout (t01,t02; same text with [tblastx]/[blastp]/[tblastn], x07,p07). A PIPE (`printf '' | blastn -query - ...`) is never empty: the reader finds EOF, zero batches: outfmt 0 prints the prolog and the database epilog (`Database: ...  Number of letters in database: 600 ... Matrix: blastn matrix 1 -2 / Gap Penalties: Existence: 0, Extension: 2.5`), outfmt 7 prints only `# BLAST processed 0 queries`, outfmt 6 nothing, rc 0 (all four programs); a pipe with only white space -> prolog, then `BLAST engine error: Empty CBlastQueryVector` exit 3. LOSAT rejects both pipe cases (`an empty query from a stream without a position (such as a pipe) is not supported by LOSAT's BLASTN`, Lpipe2, Lpipe3); BLASTX already follows NCBI. Port the zero-batch path and the white-space pipe error.
BI	35	src/app/blast/blastn_app.cpp	195-214, 228-258, 276-318	CBlastnApp::x_RunMTBySplitDB (order of events)	N: [SetOptions: subject read] -> InitializeSubject -> InitializeQueryDataLoaderConfiguration -> IsIStreamEmpty? `Query is Empty!` rc 0 -> CBlastFastaInputSource -> CBlastFormat (subject set-up: empty-subject warnings) -> PrintProlog -> BATCH_SIZE parse -> per batch: GetNextSeqBatch (reader errors) -> CLocalBlast::Run (query set-up: warnings/errors) -> PrintOneResultSet (per-query warning, report) -> PrintEpilog	algorithm/blastn/blast_engine/run.rs:5232(run);algorithm/blastn/blast_engine/run.rs:5443(search_cli);algorithm/blastn/blast_engine/run.rs:5637(run_local);algorithm/blastn/blast_engine/run.rs:5676(search)	faithful	algorithm/blastx/native.rs:210(run)	faithful	none	keep	ord1,ord2,ord3,ord4,bst_blastn,t05,t06	Merged stdout+stderr (stdbuf -o0; NCBI's cerr is tied to cout, so earlier stdout is flushed before each diagnostic): empty-subject warnings appear BEFORE the outfmt 0 prolog (ord3) but after `Query is Empty!` (t10); an empty-query warning appears just before that query's report, after the reports of the earlier queries (ord1); the all-queries-empty error comes after the prolog (ord4); a reader error in batch 1 comes after the outfmt 0 prolog (t05: out=281 bytes) and for outfmt 7 with nothing on stdout (t06). LOSAT's order is the same except the batch-wise reading (GetNextSeqBatch row).
BI	36	src/app/blast/tblastx_app.cpp	100-217 (118 InitializeSubject, 132 IsIStreamEmpty, 137 CBlastInput(batch size), 145 CBlastFormat, 173 PrintProlog, 178 GetNextSeqBatch, 209 PrintEpilog)	CTblastxApp::Run	X: like blastn but the batch size is fixed (GetQueryBatchSize(), default 10002) and the CBlastInput is built before the formatter, so a BATCH_SIZE parse error comes BEFORE the prolog	algorithm/tblastx/blast_engine/run_impl.rs:637(run);algorithm/tblastx/blast_engine/run_impl.rs:922(search_cli);algorithm/tblastx/blast_engine/run_impl.rs:1013(run_local)	faithful	algorithm/blastx/native.rs:210(run)	faithful	none	keep	bst_tblastx,x01,x02,x03,x04,x05,x06,x07,Lbs0_tblastx	LOSAT run_impl.rs:969/1042 `Warning: [tblastx] Query is Empty!`, :980 query_batch_size after the empty check, :981 deferred subject checks: same observable order.
BI	37	src/app/blast/tblastn_app.cpp	192-342 (192 InitializeSubject, 213 IsIStreamEmpty, 220 CBlastInput(batch size), 242 CBlastFormat, 270 PrintProlog, 277 GetNextSeqBatch, 342 PrintEpilog)	CTblastnApp::x_RunMTBySplitDB	T: protein queries (fAssumeProt), nucleotide subjects (fAssumeNuc), batch 20000; the reader is used only when no PSSM (-in_pssm) is given	algorithm/tblastn/args.rs:631(run);algorithm/tblastn/args.rs:748(search_cli);algorithm/tblastn/args.rs:850(run_local)	faithful	-	n/a	none	keep	bst_tblastn,n01,n02,n03,n04,n05	LOSAT args.rs:792/886 `Warning: [tblastn] Query is Empty!`, :796 subject_checks, :960 query_batch_size. -in_pssm is out of scope.
BI	38	src/app/blast/blastp_app.cpp	197-304 (197 InitializeSubject, 211 IsIStreamEmpty, 216 CBlastInput(batch size), 225 CBlastFormat, 253 PrintProlog, 259 GetNextSeqBatch, 295 PrintEpilog)	CBlastpApp::x_RunMTBySplitDB	P: protein queries and subjects, batch 10000	algorithm/blastp/blast_engine.rs:4664(run);algorithm/blastp/blast_engine.rs:4846(search_cli);algorithm/blastp/blast_engine.rs:4965(run_local)	faithful	-	n/a	none	keep	bst_blastp,p01,p02,p03,p04,p05,p06,p07,Lbs0_p	LOSAT blast_engine.rs:4889/5000 `Warning: [blastp] Query is Empty!`, :4900/5003 write_empty_subject_warnings (after the empty check, as NCBI), :4906 subject_checks, :5189/5288/5623 query_batch_size. BLASTP is the only program that already writes the empty-subject warnings (it still rejects the record afterwards).
BI	39	src/app/blast/blast_app_util.hpp	149-262	CATCH_ALL (exit codes and texts)	all: CInvalidDataException `BLAST options error: <msg>` 1; CInputException `BLAST query/options error: <msg>` + `Please refer to the BLAST+ user manual.` 1; CArgException `Command line argument error: <msg>` 1; CObjReaderParseException `BLAST query error: <msg>` 1; CBlastException: eInvalidOptions `BLAST options error: <msg>` 1, `Out of memory`/`Failed to allocate` 4, else `BLAST engine error: <msg>` 3; CBlastSystemException 4/5/255; CIOException eFlush `BLAST failed to write output: <msg>` 6; CException `Error: <what()>` 255; std::ios::failure 6; bad_alloc 4; std::exception `Error: <what>` 255	cli.rs;blastinput/app.rs:59-80	faithful	algorithm/blastx/native.rs:45-99(engine,input_error,output_error,report_error)	faithful	none	keep	t05,t11,e03,e08,pd1,pd2,bsv_blastn_abc_,net6	Observed: `BLAST query error: CFastaReader: Near line 2, ...` 1 (t05); `BLAST engine error: Empty CBlastQueryVector` 3 (t11); `BLAST engine error: Warning: Sequence contains no data Warning: Sequence contains no data Warning: Sequence contains no data ` 3 (e03); `BLAST engine error: The average subject length is too short` 3 (e08); BATCH_SIZE CException form 255; `BLAST query/options error: Sequence ID not found: 'dbj|AB000000|'` 1 (net6).
BI	40	src/algo/blast/api/blast_setup_cxx.cpp	485-650 (532-544 id/title, 636-640 catch, 650-652 validate)	SetupQueries_OMF: query without residues (+ blast_setup.hpp:190-198 size(), blast_format.cpp:1447-1452 PrintOneResultSet)	all: IBlastSeqVector::size() throws CBlastException eInvalidArgument `Sequence contains no data` for a 0-length query; per query: SetQueryId(`<GetSeqIdString()>[ <title>]`, longer than 35 bytes -> first 25 bytes + `.. `) and a CSearchMessage(eBlastSevWarning, `Sequence contains no data`); contexts invalidated; the query stays in the batch and in the report	algorithm/blastn/input.rs:482(check_records_have_residues_of);algorithm/tblastn/args.rs:802,930;algorithm/tblastx/blast_engine/run_impl.rs:1122;algorithm/blastp/blast_engine.rs:4912,5014	rejected-now	algorithm/blastx/query_setup.rs:303-324(prepare_queries)	faithful	medium	port:M	e01,e02,e11,e12,v01,v02,v03,p01,n01,x01,ord1,ordq_blastp,Nx1/Bx1	Printed by PrintOneResultSet as `Warning: [<program>] <ID>[ <title>]: Sequence contains no data ` (trailing space) on stderr just before that query's report (ID = Query_<n>, or the parsed ID with -parse_deflines; no title -> `Query_2: Sequence...`: `>` empty defline, v01; ID+space+title > 35 bytes -> `Query_2 xxxxxxxxxxxxxx.. : Sequence...` (v02, the 25 bytes include `Query_2 `), `Query_3 q3 comment only: ...` for a record with only comment lines). Same text for nucleotide (blastn, tblastx) and protein (blastp, tblastn) queries (p01,n01,x01). LOSAT rejects every record without residues (`query record N (id) has no residues; NCBI BLAST+ reports such a record differently, which is not supported by LOSAT's <PROGRAM>`); BLASTX reproduces the warning byte for byte (Nx1/Bx1). Port: keep the empty record in the batch, build the id/title string with the 35/25 truncation, print before the query's report, treat it as no hits.
BI	41	src/algo/blast/api/blast_setup_cxx.cpp	650-652 (BlastSetup_Validate)	SetupQueries_OMF: every query of a batch invalid	all: no valid context in the batch -> CBlastException eSetup(messages.ToString()) = `Warning: Sequence contains no data ` once per empty query; CATCH_ALL -> `BLAST engine error: <that>` exit 3	algorithm/blastn/input.rs:482(check_records_have_residues_of)	rejected-now	algorithm/blastx/query_setup.rs:303-324(prepare_queries)	faithful	medium	port:S	e03,e04,e05,b_q_b2_allempty_0,b_q_b2_allempty_7,bs_p1,bs_n1,bs_x1,bs_b1,p02,n02,x02,Nx2/Bx2	Per BATCH, not per file: all-empty batch -> after the outfmt 0 prolog (e03 out=281 bytes; outfmt 6/7: nothing) `BLAST engine error: Warning: Sequence contains no data Warning: Sequence contains no data Warning: Sequence contains no data ` exit 3 (one `Warning: Sequence contains no data ` per empty query, no IDs; BLASTX byte-identical); with BATCH_SIZE=300 and a later all-empty batch the earlier batch's report is complete (b_q_b2_allempty_7: q1's row, then the error, no `# BLAST processed`). Same for blastp/tblastn/tblastx (bs_*). Only comments in the file is a different error (empty batch: `Empty CBlastQueryVector`).
BI	42	src/algo/blast/format/blast_format.cpp	1447-1452 (+ outfmt 0/6/7 report code)	Report of a query without residues	all: after the warning the query is formatted like a query without hits; it is counted in `# BLAST processed N queries`; it consumed its Query_<n>	report/pairwise.rs;report/outfmt6.rs;algorithm/blastn/blast_engine/run.rs:5232	rejected-now	algorithm/blastx/report.rs:1787	faithful	medium	port:M	e01,e02,e11,e12,v01,p01,n01,x01	outfmt 0 (e01 lines 63-77): `Query= q2 empty two`, blank, `Length=0`, blank, blank, `***** No hits found *****`, 5 blank lines, `Effective search space used: 0`, 2 blank lines (no Lambda/K/H block); outfmt 7: `# BLASTN 2.17.0+` / `# Query: q2 empty two` / `# Database: ...` / `# 0 hits found` (no Fields line); `# BLAST processed 3 queries` counts it (e02); outfmt 6 prints nothing for it. The same for a first or last empty record (e11, e12). A query dropped by -query_loc is NOT counted.
BI	43	src/algo/blast/api/blast_setup_cxx.cpp	733-800 (773-788)	SetupSubjects_OMF: subject without residues	all: CBlastException eInvalidArgument for a 0-length subject is turned into a skipped subject (NULL-data block kept in the vector); warning `<GetSeqIdString()> <title>: Subject sequence contains no data` through ERR_POST(Warning)	algorithm/blastn/input.rs:360(write_empty_subject_warnings);algorithm/blastp/blast_engine.rs:4900,5003;algorithm/blastn/input.rs:482(check_records_have_residues_of)	rejected-now	algorithm/blastx/native.rs:362-376(run)	faithful	medium	port:M	e06,e07,e10,ord2,ord3,ordm_blastp,ordm_tblastn,ordm_tblastx,p03,n03,x03,d_blastn_mid,d_blastn_norm,d_blastp_mid,d_blastp_norm,d_tblastn_mid,d_tblastn_norm,d_tblastx_mid,d_tblastx_norm,Nx3/Bx3	Text (no trailing space): `Warning: [blastn] Subject_2 s2 empty sub two: Subject sequence contains no data` on stderr, once per empty subject while the CBlastFormat is constructed: after `Query is Empty!` (t10: an empty query with empty subjects prints only `Query is Empty!`) and BEFORE the outfmt 0 prolog (ord3, ordm_*), in all four programs. The empty subject stays in the database statistics: prolog `3 sequences; 600 total letters`, `Number of sequences in database:  3`, and the effective search space changes (blastn 163863 vs 167042 for two subjects; blastp 19467/20808, tblastn 15808/17472, tblastx 13175/14450: d_*_mid vs d_*_norm); it keeps its ordinal (Subject_1 and Subject_3 in e10) and never hits. With -parse_deflines the text starts with the parsed ID (pd4). LOSAT BLASTN/TBLASTX/TBLASTN reject any subject without residues (`subject record N (id) has no residues; ... not supported by LOSAT's <PROGRAM>`, input.rs:482); BLASTP prints the warning, then rejects; BLASTX is byte-identical to NCBI (Nx3/Bx3).
BI	44	src/algo/blast/core/blast_setup.c	975-980 (BLAST_GapAlignSetUp, min_subject_length)	Every subject empty (database statistics)	N,X: total_length/num_seqs == 0 -> BLASTERR_SUBJECT_LENGTH_INVALID -> CBlastException `The average subject length is too short`; P,T: no error	algorithm/blastn/input.rs:482(check_records_have_residues_of)	rejected-now	algorithm/blastx/native.rs:362-376(run)	faithful	low	port:S	e08,e09,x04,p04,n04,Nx4/Bx4	blastn and tblastx: both subject warnings, the outfmt 0 prolog (`2 sequences; 0 total letters`), then `BLAST engine error: The average subject length is too short` exit 3 (e08, x04); blastp and tblastn finish: exit 0, every query `***** No hits found *****`, `Effective search space used: 0`, `Number of letters in database: 0` / `Number of sequences in database:  2` (p04, n04); blastx also finishes (byte-identical to LOSAT's BLASTX, Nx4/Bx4). Reproduce per program (E2g C-023).
BI	45	src/algo/blast/blastinput/blast_args.cpp	3203-3236	CMTArgs::ExtractAlgorithmOptions (-num_threads with -subject)	all: `-num_threads N>1` with -subject prints `Warning: [blastn] 'num_threads' is currently ignored when 'subject' is specified.` (`'num_threads and mt_mode'` with -mt_mode) and runs with one thread; reading is unaffected	-	exception	-	n/a	none	keep	th1,th2,th3,Lth1	Approved exception 2 of PD-LOSAT-CLI-NONSEARCH-DIFFERENCES: LOSAT prints neither warning (Lth1: no stderr). The search output is byte-identical (th1 equals e02). The reader and batches do not depend on the thread count.
BI	46	src/algo/blast/blastinput/blast_args.cpp	2537-2545	Standard input (-query -, -subject -, -query omitted) (also blast_args.cpp:3421-3424,3457-3470; blast_fasta_input.cpp:284-293)	all: stdin as `-query -`, `-subject -`, or -query omitted (default kDfltArgQuery = "-", cmdline_flags.cpp:47); no gzip for these four programs (SetGzipEnabled only in magicblast_args.cpp:243); the stream (cin) goes into CStreamLineReader (EOL style auto-detected) and then through the same reader layer as a file, including the Seq-id test of the first line (rows 13-23) and IsIStreamEmpty (row 34)	algorithm/blastn/input.rs:621(open_input);algorithm/blastn/input.rs:633(standard_input);algorithm/blastn/input.rs:657(read_fasta_bytes);algorithm/blastn/blast_engine/run.rs:5470(seekable)	divergent	algorithm/blastx/args.rs:738	absent	none	port:S	Lpipe1,pp_n,pp_l,pp3_n,pp3_l,pipe_empty_fmt0,Bx11,Ns1,Ls1,Ns4,Ls4,Ns2,Ls2,Ns3,Ls3	`cat subj.fa | blastn -query q3.fa -subject -` and `cat q3.fa | blastn -query - -subject subj.fa` equal the file runs (LOSAT byte-identical: pp_n/pp_l, pp3_n/pp3_l); an omitted -query reads stdin the same way (Ns1 = Ls1 blastn, Ns4 = Ls4 blastp). The subject handler runs first (row 2) and reads cin to EOF, so `-query - -subject -` gives the query handler a stream at EOF: IsIStreamEmpty sees tellg() < 0 (eofbit set, so the sentry sets failbit) and answers not-empty even when stdin was redirected from a regular file, so NCBI runs ZERO batches, never `Query is Empty!`: outfmt 7 prints only `# BLAST processed 0 queries`, rc 0 (Ns2 pipe, Ns3 `< q3.fa`). LOSAT rejects both (Ls2, Ls3: `an empty query from a stream without a position (such as a pipe) is not supported by LOSAT's BLASTN`, rc 1): same zero-batch path as the pipe row 34. `-subject -` with an empty pipe: `Empty CBlastQueryVector` exit 3. IsIStreamEmpty on stdin redirected from an empty regular file (`< empty.fa`) when the query is read first is seekable: `Query is Empty!`. BLASTX rejects stdin altogether (`unsupported BLASTX stdin query/subject`, Bx11); the shared reader must accept it in all five programs.
BI	47	src/algo/blast/blastinput/blast_input.cpp	135-177 (with objtools/readers/fasta.cpp:2196-2219 PostWarning)	Reader warnings while a batch is read (timing)	all (queries): CFastaReader posts its warnings (severity <= warning, no listener) with LOG_POST(Warning << message) at the moment a record is read, i.e. while GetNextSeqBatch fills the batch; errors (severity error) throw CObjReaderParseException	report/query_warnings.rs:66(prepend_batch_title_warnings);blastinput/query_batch.rs:54(next_query_batch_end)	rejected-now	algorithm/blastx/input.rs:2034(parse_fasta_stream_with_warnings)	faithful	medium	port:M	ord5,ord6,ord7,fl_lcl,fl_colon,Bx10	Printed on stderr as `FASTA-Reader: Ignoring invalid residues at position(s): On line 89: 11` (no program prefix) when the record is READ: with the default blastn batching (8 x 1000 nt, residue `J` in record 6) the line appears after the reports of batch 1 (q1-q5) and before batch 2's first report (ord5, ord7: outfmt 0 line 493 between `Query= q5` and `Query= q6`); tblastx (one batch of 10002) prints it before every report (ord6). Subject warnings are printed in the subject handler, before everything. LOSAT has this machinery for the title warnings (`prepend_batch_title_warnings`, input.rs write_title_warnings); the other reader warnings are rejected today (the residue checks of input.rs:403-565), and need the same per-batch placement when ported.
BI	48	src/app/blast/blastn_app.cpp	344-390 (x_RunMTBySplitQuery), blast_args.cpp:3203-3236	Split-by-queries mode (-mt_mode 1, CBlastNodeInputReader)	N: with -subject num_threads/mt_mode are ignored, so x_RunMTBySplitQuery (which re-reads the query as text chunks through CBlastNodeInputReader) is never entered	-	n/a	-	n/a	none	keep	th2,th3	`-num_threads 2 -mt_mode 1` with -subject prints `Warning: [blastn] 'num_threads and mt_mode' is currently ignored when 'subject' is specified.` and runs the ordinary batch loop (th2 output equals e02's); tblastx/tblastn/blastp have no -mt_mode (usage error, exit 1). The same exception (approved exception 2) covers the warning.
BI	49	src/app/blast/blastn_app.cpp	227-258 (CBlastFormat), src/algo/blast/format/blast_format.cpp	Subject set-up for -subject (when the empty-subject warnings are printed)	all: the subject BLAST_SequenceBlk vector is built when the formatter/local database adapter first needs the subject sequences, i.e. while CBlastFormat is constructed, after `Query is Empty!` and before PrintProlog	algorithm/blastn/input.rs:360(write_empty_subject_warnings);algorithm/blastp/blast_engine.rs:4900,5003	faithful	algorithm/blastx/native.rs:362-376(run)	faithful	none	keep	t10,ord3,ordm_blastp,ordm_tblastn,ordm_tblastx	Observation, not source reading: `-query empty.fa -subject s_mid_empty.fa` prints only `Warning: [blastn] Query is Empty!` (no subject warning), and for a real query the subject warning comes first in the merged stream, before the outfmt 0 prolog. LOSAT's BLASTP and BLASTX place it there; BLASTN/TBLASTX/TBLASTN will do so when the empty-subject rows are ported (reuse write_empty_subject_warnings).
BI	50	src/algo/blast/blastinput/blast_input.cpp	147-150	CBlastInput::GetNextSeqBatch (eEOF)	all (queries): catch CObjReaderParseException with code eEOF -> break out of the batch loop; the batch keeps the queries already read	blastinput/query_batch.rs:54(next_query_batch_end);algorithm/blastn/input.rs:24(unreadable_fasta)	rejected-now	algorithm/blastx/input.rs:2034(parse_fasta_stream_with_warnings)	faithful	medium	port:S	t03,t04,Lc1,pipe_empty_fmt0	eEOF is thrown by CFastaReader when only blank/comment lines remain (`CFastaReader: Expected defline around line N`, fasta.cpp:430-431) and is never shown. A file of only comments/blank lines (but with some non-white bytes, so IsIStreamEmpty is false): empty batch -> `BLAST engine error: Empty CBlastQueryVector` exit 3 after the outfmt 0 prolog; outfmt 7/6 print nothing on stdout (t03, t04). The same exception after the last record of a normal file just ends the batch. LOSAT rejects the comments-only file (Lc1: `FASTA that bio cannot read ... not supported by LOSAT's BLASTN`, exit 1): the reader must raise this as a batch end, and the empty batch as Empty CBlastQueryVector exit 3.
BI	51	src/algo/blast/blastinput/blast_input.cpp	147-152	CBlastInput::GetNextSeqBatch (other reader errors)	all (queries): catch CObjReaderParseException with any other code -> rethrow (fatal, CATCH_ALL `BLAST query error: <msg>` exit 1)	algorithm/blastn/input.rs:100(check_deflines_with);algorithm/blastn/input.rs:403(check_sequence_lines_of)	divergent	algorithm/blastx/input.rs:2034(parse_fasta_stream_with_warnings)	faithful	medium	port:M	t05,t06,bb1,b_q_b2_bad_7,b_q_b3_bad_7,L08,L09,L10	Exact text from CFastaReader (other ranges): `CFastaReader: Near line N, there's a line that doesn't look like plausible data, but it's not marked as defline or comment.` The error aborts at the moment the record is read: output of earlier batches is complete and flushed; for outfmt 0 the prolog is already printed (t05: out=281 bytes), for outfmt 7 nothing is on stdout in batch 1 (t06); no epilog, no `# BLAST processed`. LOSAT checks the whole file first and prints only its reject text (L08-L10), so nothing of the earlier batches appears: the port must read batch by batch.
BI	52	src/algo/blast/blastinput/blast_input.cpp	153-155	CBlastInput::GetNextSeqBatch (catch exception, continue)	all (queries): any other std::exception from GetNextSequence is swallowed (SB-2307): Seq-id not found (CInputException eSeqIdNotFound), protein/nucleotide mismatch, `No sequence available`, CSeqIdException of the tag path (`FASTA-style ID ... has too many parts.`, `Not enough fields...`, numeric parse errors), CBlastBioseqMaker errors, x_FastaToSeqLoc range errors (row 26); the record is skipped silently and the loop continues	blastinput/seq_range.rs:470(cut_queries);algorithm/blastn/input.rs:24(unreadable_fasta)	divergent	-	absent	medium	port:S	net3,net4,net5,id1,ql1,ql2,ql5,ql6,Nbd1,Lbd1	Skipped silently: nothing on stdout/stderr (apart from the environment noise of the GenBank connection), not counted in `# BLAST processed N queries`. The skipped Seq-id line consumed exactly one line and NO Query_<n> (net5: first FASTA record after five Seq-id lines is Query_1); a skipped FASTA record (range error) did consume its Query_<n> (id1). If every query of a batch is skipped the batch is empty: Empty CBlastQueryVector exit 3 (net3 with only the unknown accession would end like ql1; with a later batch the earlier reports are already written, Nbd1/Lbd1 identical in NCBI and LOSAT for the -query_loc variant). LOSAT has the -query_loc skip (cut_queries, faithful) but no Seq-id path: it rejects explicitly every first line the decision procedure (rows 15-19) marks as a Seq-id, so this catch is reachable in LOSAT only through -query_loc. Subjects have no such catch (GetAllSeqs, row 30).
BI	53	src/algo/blast/blastinput/blast_args.cpp	3421-3424	CStdCmdLineArgs::SetArgumentDescriptions (-query default)	all: -query has default "-" (kDfltArgQuery): omitting -query reads standard input; `-subject` has no default (a missing -subject and missing -db is `Either a BLAST database or subject sequence(s) must be specified`, CInputException exit 1)	blastinput/app.rs:59(missing_subject_error);algorithm/blastn/input.rs:621(open_input)	faithful	algorithm/blastx/args.rs:738	absent	none	keep	Ns1,Ls1,Ns4,Ls4	Run: `cat q3.fa | blastn -subject subj.fa -outfmt 6` and the blastp analogue: LOSAT and NCBI byte-identical (rc 0, same rows). The stdin rules of row 46 apply.
BI	54	src/algo/blast/blastinput/blast_scope_src.cpp	55-125	SDataLoaderConfig keys vs LOSAT blastinput/ncbi_environment.rs (HARMLESS_ENTRIES)	all: LOSAT accepts [BLAST] BLASTDB, BLASTMAT, DATA_LOADERS, BLASTDB_NUCL_DATA_LOADER, BLASTDB_PROT_DATA_LOADER, IGDATA, MAX_SEQID_LENGTH, BLAST_USAGE_REPORT (Boolean), [NCBI] DATA, DONT_USE_NCBIRC from <prog>.ini / .ncbirc / NCBI_CONFIG__<SECTION>__<NAME> and rejects every other entry; check_ncbi_application_settings returns no value, so the effective DATA_LOADERS is not available to the readers	blastinput/ncbi_environment.rs:26-36(HARMLESS_ENTRIES);blastinput/ncbi_environment.rs:396-420(check_registry_file);blastinput/ncbi_environment.rs:461(check_ncbi_application_settings)	divergent	-	absent	medium	port:S	env_gi,fl_gi,fl_lcl,fl_gb,fl_acc,fl_colon,fl_dig,source	Which keys still change nothing once the Seq-id path exists: BLASTDB (only for -db and for the blastdb loader's path), BLASTMAT, IGDATA, MAX_SEQID_LENGTH (read only by seqdb_writer/build_db.cpp:742), BLAST_USAGE_REPORT, [NCBI] DATA/DONT_USE_NCBIRC (file search): unchanged. BLASTDB_NUCL_DATA_LOADER / BLASTDB_PROT_DATA_LOADER only name the BLAST database that a Seq-id lookup opens (blast_scope_src.cpp:98-125): harmless as long as every Seq-id first line is rejected. DATA_LOADERS stops being harmless: its effective value (merged precedence environment > <prog>.ini > .ncbirc, as LOSAT already merges) selects the reader class, so check_ncbi_application_settings (or a sibling) must return `loaders_on = value absent || value contains blastdb/genbank (case-insensitive) and not none`, and the reader must treat Seq-id-like first lines as plain FASTA data when it is false and reject them when it is true. A DATA_LOADERS entry with any value lacking `blastdb` and `genbank` (such as `x`) turns both loaders off; the tests are the case-insensitive substring searches of blast_scope_src.cpp:77-87.
BI	55	src/algo/blast/blastinput/blast_fasta_input.cpp	130-152	CBlastInputReader::ReadOneSeq (decision procedure summary for LOSAT)	all (only when UseDataLoaders): the complete rule that LOSAT implements for the explicit rejection; evaluated at the start of every ReadOneSeq call on the next stream line, which is only ever the first line of the stream or the line after a Seq-id line	algorithm/blastn/input.rs:24(unreadable_fasta);algorithm/blastn/input.rs:738(bio_records_of)	rejected-now	-	absent	high	port:S	seqid_probe.py,seqid_probe_table.txt,net1..net6,fl_*	line = trimmed first line (isspace both ends); loaders on (row 4) and line non-empty and first byte [A-Za-z0-9]: (A) SEQID if length>3 and byte 2 is `|` with 2-byte tag in {gb gi sp tr}, or length>4 and byte 3 is `|` with 3-byte tag in {bbm bbs dbj emb gim gnl gpp lcl nat pat pdb pgp pir prf ref tpd tpe tpg} (case-insensitive); (B) otherwise, if the text after the first `.` exists and is all digits or there is no `.`: main = text before it, upper-cased: digits only with first byte not `0` and no version -> SEQID (GI); digit first, no version, size>=4, bytes 1-3 alnum, first non-digit within 5 bytes: SEQID when size==4 or (5<=size<=17, byte 4 in `|-_`, size<=6 or byte 5 alnum) (PDB); digit first, no version, first non-digit at index 6 or 7 followed by end, `:`, or one letter then end/`:` -> SEQID (PRF); six bytes [A-Z]\d[A-Z0-9]{3}\d with first byte O/P/Q or third byte a letter, or ten bytes with first not O/P/Q (Swiss-Prot shapes) -> SEQID; letters/`_` then digits only (letters L = index of the first digit, D = digit count, optionally `.digits`, or two digits + one S/P flag letter + digits for WGS/TSA protein shapes) and (L,D) in the 26 guide formats -> POSSIBLE (reject; exact answer needs accguide2.inc, row 17); (C) otherwise, text before the first `:` upper-cased in {ATGC BCMHGSC BERKELEY CELERA GSDB HOOD LANLCHGS LRG MIPS NCBI_EXT_ACC NCBI_GENOMES NCBI_MITO PGEC PID SGD SHGC SRA TIGR UOKNOR UWGC WASHU WIBR WUGSC} -> SEQID (dbGSS/dbSTS can never match); (D) everything else is FASTA data (Malformatted ID path). Reject = SEQID or POSSIBLE with an explicit `not supported by LOSAT's <PROGRAM>` message. scratch_BI/seqid_probe.py implements it and reproduces all 6 network observations plus the DATA_LOADERS=none runs.
RP	1	objtools/readers/fasta_reader_utils.cpp;algo/blast/blastinput/blast_input.hpp	456-471;189-191	CSeqIdGenerator::GenerateID; CBlastInputSourceConfig::SetQueryLocalIdMode/SetSubjectLocalIdMode	all: generated local ID `Query_N` (query input) / `Subject_N` (subject input); N starts at 1 and advances for every record read of that input, also empty-title and no-residue records	report/query_warnings.rs:107(query_warning: Query_{index+1});algorithm/blastn/input.rs:360-376(write_empty_subject_warnings: Subject_{index+1}); no other place generates an ID	unported	algorithm/blastx/input.rs:784(internal_id format! Query_N/Subject_N)	faithful	medium	port:S	multi/ncbi_blastp_6_qseqid_sseqid_sallseqid_qacc_sacc_stitle.out; out/t04_empty/*_f6x.out	NCBI numbers by record position in the file: 2nd query with empty title prints Query_2, 5th subject with empty title Subject_5 (multi/ncbi_blastp_7.out). Prefix `Query_`/`Subject_` set in blast_input.cpp:73 and blast_input_aux.cpp:237 (subject). AsFastaString is `lcl|Query_1`; GetSeqIdString/GetLabel(eContent) is `Query_1`. LOSAT keeps bio IDs and uses the generated ID only in two warning texts; the shared reader must give every record its local ID (counter over all records, also skipped ones; ranges BI/LR decide batches) so tabular, outfmt 0 and warnings can print it.
RP	2	objtools/align_format/tabular.cpp;objtools/align_format/align_format_util.cpp	474-504,510-520,522-532;4934-4943	s_ReplaceLocalId (via CBlastTabularInfo::SetQueryId, SetSubjectId); CAlignFormatUtil::GetTitle	all-N: record with a non-empty title: the ID of every tabular ID field is the first token of the title, split only at the space byte ' ' (NStr::Split(title+" ", " ")[0], flags 0), so `a|b|c desc` -> `a|b|c`, `gi|123|gb|AB1.1| desc` -> `gi|123|gb|AB1.1|`, `lcl|x desc` -> `lcl|x`, `id\xc2\xa0x desc` -> whole `id\xc2\xa0x`, `\x01id desc` -> `\x01id`	algorithm/blastn/blast_engine/run.rs:6439(write_batch_reports: query_ids);algorithm/blastn/coordination.rs:831(read_sequences),850(subject_metadata_from_records),882(scan_subjects_metadata);algorithm/blastn/hsp.rs:1143(write_output_blastn_hitlists_to_writer: row IDs)	divergent	algorithm/blastx/report.rs:799(local_id),833(id_field),1021(field_value)	faithful	high	port:S	out/t01_id_desc/blastn_f6.out;out/t11_pipes/blastn_f6x.out;out/t17_same_word/blastn_f6x.out	NCBI: title bytes up to the first 0x20 (other white space such as NBSP, U+3000, 0x0B, 0x0C or a BOM stays in the token; a tab cannot occur because the reader ends the title at the first byte below 0x20). LOSAT today takes bio's ID = first Unicode-white-space word of the defline, `split_whitespace().next().unwrap_or("unknown")` (BLASTN/TBLASTX/BLASTP) or bio's id() (TBLASTN): equal for every input LOSAT accepts (ASCII, no control byte, no leading white space) and different for those it rejects (input.rs check_deflines_with). After the port the ID is the first ' '-delimited token of the title bytes (not UTF-8 str, not split_whitespace); `unwrap_or("unknown")` must go (empty title -> local ID, next row).
RP	3	objtools/align_format/tabular.cpp;objtools/align_format/align_format_util.cpp	474-504,510-520,522-532;4934-4943	s_ReplaceLocalId (via CBlastTabularInfo::SetQueryId, SetSubjectId); CAlignFormatUtil::GetTitle	all-X: record with a non-empty title: the ID of every tabular ID field is the first token of the title, split only at the space byte ' ' (NStr::Split(title+" ", " ")[0], flags 0), so `a|b|c desc` -> `a|b|c`, `gi|123|gb|AB1.1| desc` -> `gi|123|gb|AB1.1|`, `lcl|x desc` -> `lcl|x`, `id\xc2\xa0x desc` -> whole `id\xc2\xa0x`, `\x01id desc` -> `\x01id`	algorithm/tblastx/blast_engine/run_impl.rs:1612,1616(run_in_pool),1872,2071(search_query_batch);algorithm/tblastx/report.rs:690(write_hit_fields caller: row IDs via hit.resolve_ids)	divergent	algorithm/blastx/report.rs:799(local_id),833(id_field),1021(field_value)	faithful	high	port:S	out/t01_id_desc/tblastx_f6.out;out/t17_same_word/tblastx_f6x.out	NCBI: title bytes up to the first 0x20 (other white space such as NBSP, U+3000, 0x0B, 0x0C or a BOM stays in the token; a tab cannot occur because the reader ends the title at the first byte below 0x20). LOSAT today takes bio's ID = first Unicode-white-space word of the defline, `split_whitespace().next().unwrap_or("unknown")` (BLASTN/TBLASTX/BLASTP) or bio's id() (TBLASTN): equal for every input LOSAT accepts (ASCII, no control byte, no leading white space) and different for those it rejects (input.rs check_deflines_with). After the port the ID is the first ' '-delimited token of the title bytes (not UTF-8 str, not split_whitespace); `unwrap_or("unknown")` must go (empty title -> local ID, next row).
RP	4	objtools/align_format/tabular.cpp;objtools/align_format/align_format_util.cpp	474-504,510-520,522-532;4934-4943	s_ReplaceLocalId (via CBlastTabularInfo::SetQueryId, SetSubjectId); CAlignFormatUtil::GetTitle	all-T: record with a non-empty title: the ID of every tabular ID field is the first token of the title, split only at the space byte ' ' (NStr::Split(title+" ", " ")[0], flags 0), so `a|b|c desc` -> `a|b|c`, `gi|123|gb|AB1.1| desc` -> `gi|123|gb|AB1.1|`, `lcl|x desc` -> `lcl|x`, `id\xc2\xa0x desc` -> whole `id\xc2\xa0x`, `\x01id desc` -> `\x01id`	algorithm/tblastn/stage_e_report.rs:295-296(tabular row: query.id(), subject.id());:787-789(subject_ids for outfmt 0)	divergent	algorithm/blastx/report.rs:799(local_id),833(id_field),1021(field_value)	faithful	high	port:S	out/t01_id_desc/tblastn_f6.out;out/t17_same_word/tblastn_f6x.out	NCBI: title bytes up to the first 0x20 (other white space such as NBSP, U+3000, 0x0B, 0x0C or a BOM stays in the token; a tab cannot occur because the reader ends the title at the first byte below 0x20). LOSAT today takes bio's ID = first Unicode-white-space word of the defline, `split_whitespace().next().unwrap_or("unknown")` (BLASTN/TBLASTX/BLASTP) or bio's id() (TBLASTN): equal for every input LOSAT accepts (ASCII, no control byte, no leading white space) and different for those it rejects (input.rs check_deflines_with). After the port the ID is the first ' '-delimited token of the title bytes (not UTF-8 str, not split_whitespace); `unwrap_or("unknown")` must go (empty title -> local ID, next row).
RP	5	objtools/align_format/tabular.cpp;objtools/align_format/align_format_util.cpp	474-504,510-520,522-532;4934-4943	s_ReplaceLocalId (via CBlastTabularInfo::SetQueryId, SetSubjectId); CAlignFormatUtil::GetTitle	all-P: record with a non-empty title: the ID of every tabular ID field is the first token of the title, split only at the space byte ' ' (NStr::Split(title+" ", " ")[0], flags 0), so `a|b|c desc` -> `a|b|c`, `gi|123|gb|AB1.1| desc` -> `gi|123|gb|AB1.1|`, `lcl|x desc` -> `lcl|x`, `id\xc2\xa0x desc` -> whole `id\xc2\xa0x`, `\x01id desc` -> `\x01id`	algorithm/blastp/blast_engine.rs:598(fasta_id);:658,704(prepare_blastp_subjects_preserving_order);:5459(query_ids);:2603(blastp_tabular_field_text caller)	divergent	algorithm/blastx/report.rs:799(local_id),833(id_field),1021(field_value)	faithful	high	port:S	out/t01_id_desc/blastp_f6.out;out/t11_pipes/blastp_f6x.out;out/t17_same_word/blastp_f6x.out	NCBI: title bytes up to the first 0x20 (other white space such as NBSP, U+3000, 0x0B, 0x0C or a BOM stays in the token; a tab cannot occur because the reader ends the title at the first byte below 0x20). LOSAT today takes bio's ID = first Unicode-white-space word of the defline, `split_whitespace().next().unwrap_or("unknown")` (BLASTN/TBLASTX/BLASTP) or bio's id() (TBLASTN): equal for every input LOSAT accepts (ASCII, no control byte, no leading white space) and different for those it rejects (input.rs check_deflines_with). After the port the ID is the first ' '-delimited token of the title bytes (not UTF-8 str, not split_whitespace); `unwrap_or("unknown")` must go (empty title -> local ID, next row).
RP	6	objtools/align_format/tabular.cpp	474-504	s_ReplaceLocalId	all: empty title (defline `>`, `>   `, only white space, or no defline) -> the local ID string: `Query_N` for the query, `Subject_N` for the subject (default fields qaccver saccver, qseqid, sseqid, qacc, sacc, sallseqid, sallacc)	algorithm/blastn/input.rs:100-132(check_deflines_with: 'has a defline that is empty'); BLASTN/TBLASTX/BLASTP/TBLASTN ID places of the previous rows (`unwrap_or("unknown")`)	rejected-now	algorithm/blastx/report.rs:799-806(local_id: internal_id when title empty)	faithful	medium	port:S	out/t04_empty/blastn_f6x.out;out/t05_ws_only/blastp_f6x.out;out/t23_q_only_title/blastp_f6x.out;out/t24_s_only_title/blastn_f6x.out;out_losat/t04_empty/blastn_f6.err	NCBI: `Query_1\tSubject_1` for outfmt 6 (all four programs), and `# Query: ` (with the trailing space) in outfmt 7. Exception for BLASTP subjects: sseqid/sacc/saccver of an EMPTY-title protein subject print `unnamed` (row on GetSeqIdList), only sallseqid/sallacc print Subject_N. LOSAT today: `Error: query|subject record N has a defline that is empty; NCBI BLAST+ reads such a defline differently, which is not supported by LOSAT's <PROGRAM>` (exit 1). Port: take the local ID from the reader (Query_N counts every record, skipped ones too: `Query_2`, `Subject_5` in multi/).
RP	7	objtools/align_format/tabular.cpp	474-504,1375-1385	s_ReplaceLocalId parse_local branch; SetParseLocalIds(m_BelieveQuery)	all: -parse_deflines (CBlastInputSourceConfig::SetBelieveDeflines -> fNoParseID cleared, m_BelieveQuery=true): ID is the local ID string (not the title token)	cli.rs:322,386,593,649,713(-parse_deflines in the unported-option lists)	rejected-now	-	absent	low	reject:-parse_deflines (out-of-scope option; reads Seq-ids, data loaders)	pd/*.out (oracle blastn -parse_deflines)	With -parse_deflines NCBI parses the first word of the defline as a Seq-id: `id desc` -> local `id` (Query= id desc, `>id desc` heading without the space after `>`), `lcl|x desc` -> `x`, `gi|123|gb|AB1.1| desc` -> `AB1.1`, an empty defline -> `Query_1` and heading `> `, `a|b|c` -> CSeqIdException exit 1 (`Warning: ... CSeqIdException::eFormat`), and a first line starting with a letter or digit may reach the data loaders (BI range). Keep rejecting.
RP	8	objtools/align_format/align_format_util.cpp	4934-4943	CAlignFormatUtil::GetTitle (input of s_ReplaceLocalId)	all: each Title descriptor of the Bioseq is appended with a trailing space; a FASTA record has at most one	-	n/a	-	n/a	none	keep	source	Effect only on an empty title: GetTitle returns " ", NStr::Split gives ["",""], token empty -> local ID (row 3 of the ID rules). A title never starts with a space (reader skips isspace after `>`), so the token is never empty for a non-empty title. No LOSAT counterpart needed.
RP	9	objtools/align_format/tabular.cpp	166-196,199-222,247-256	s_GetSeqIdListString; x_PrintQuerySeqId/QueryAccession/QueryAccessionVersion; x_PrintSubjectSeqId/SubjectAccession/SubjectAccessionVersion	all-N: custom -outfmt 6/7 fields qseqid, qacc, qaccver, sseqid, sacc, saccver: all print the local ID content (first title token, row 'first token'); eAccession and eAccVersion use GetLabel(eContent[, fLabel_Version]) which is the same string for a local ID; an empty result would print `Unknown` (unreachable)	algorithm/blastn/hsp.rs:78-170(parse_blastn_output_format: 'custom output format specification ... not supported by LOSAT's BLASTN')	rejected-now	algorithm/blastx/report.rs:1021-1056(field_value)	faithful	low	keep	out/t01_id_desc/*_f6x.out;out_losat/t01_id_desc/*_f6x.err;out_qvar/t21_nbsp/blastp_f7x.out	LOSAT rejects every custom field list of this program (not a reader matter; keep rejecting, port only with a field-list session). NCBI prints the ID verbatim (no escaping of control bytes, high bytes or `|`).
RP	10	objtools/align_format/tabular.cpp	166-196,199-222,247-256	s_GetSeqIdListString; x_PrintQuerySeqId/QueryAccession/QueryAccessionVersion; x_PrintSubjectSeqId/SubjectAccession/SubjectAccessionVersion	all-X: custom -outfmt 6/7 fields qseqid, qacc, qaccver, sseqid, sacc, saccver: all print the local ID content (first title token, row 'first token'); eAccession and eAccVersion use GetLabel(eContent[, fLabel_Version]) which is the same string for a local ID; an empty result would print `Unknown` (unreachable)	blastinput/app.rs:289(custom -outfmt specification rejected for TBLASTX)	rejected-now	algorithm/blastx/report.rs:1021-1056(field_value)	faithful	low	keep	out/t01_id_desc/*_f6x.out;out_losat/t01_id_desc/*_f6x.err;out_qvar/t21_nbsp/blastp_f7x.out	LOSAT rejects every custom field list of this program (not a reader matter; keep rejecting, port only with a field-list session). NCBI prints the ID verbatim (no escaping of control bytes, high bytes or `|`).
RP	11	objtools/align_format/tabular.cpp	166-196,199-222,247-256	s_GetSeqIdListString; x_PrintQuerySeqId/QueryAccession/QueryAccessionVersion; x_PrintSubjectSeqId/SubjectAccession/SubjectAccessionVersion	all-T: custom -outfmt 6/7 fields qseqid, qacc, qaccver, sseqid, sacc, saccver: all print the local ID content (first title token, row 'first token'); eAccession and eAccVersion use GetLabel(eContent[, fLabel_Version]) which is the same string for a local ID; an empty result would print `Unknown` (unreachable)	blastinput/app.rs:289(custom -outfmt specification rejected for TBLASTN)	rejected-now	algorithm/blastx/report.rs:1021-1056(field_value)	faithful	low	keep	out/t01_id_desc/*_f6x.out;out_losat/t01_id_desc/*_f6x.err;out_qvar/t21_nbsp/blastp_f7x.out	LOSAT rejects every custom field list of this program (not a reader matter; keep rejecting, port only with a field-list session). NCBI prints the ID verbatim (no escaping of control bytes, high bytes or `|`).
RP	12	objtools/align_format/tabular.cpp	166-196,199-222,247-256	s_GetSeqIdListString; x_PrintQuerySeqId/QueryAccession/QueryAccessionVersion; x_PrintSubjectSeqId/SubjectAccession/SubjectAccessionVersion	all-P: custom -outfmt 6/7 fields qseqid, qacc, qaccver, sseqid, sacc, saccver: all print the local ID content (first title token, row 'first token'); eAccession and eAccVersion use GetLabel(eContent[, fLabel_Version]) which is the same string for a local ID; an empty result would print `Unknown` (unreachable)	algorithm/blastp/blast_engine.rs:2201-2224(parse_blastp_tabular_fields),2245-2253(blastp_tabular_field),2397-2405,2475-2478(write ids)	faithful	algorithm/blastx/report.rs:1021-1056(field_value)	faithful	medium	keep	out/t01_id_desc/*_f6x.out;out_losat/t01_id_desc/*_f6x.err;out_qvar/t21_nbsp/blastp_f7x.out	LOSAT's BLASTP supports these fields and prints the same ID as the default fields (equal for accepted inputs). NCBI prints the ID verbatim (no escaping of control bytes, high bytes or `|`).
RP	13	objtools/align_format/tabular.cpp	204-207,233-246,1100-1108	x_PrintQueryGi; x_PrintSubjectGi; x_PrintSubjectAllGis	all: custom fields qgi, sgi, sallgi for local IDs print `0` (NStr::NumericToString(FindGi(id)) with no gi)	algorithm/blastp/blast_engine.rs:2278-2281(blastp_tabular_field: qgi/sgi/sallgi bail 'not supported by LOSAT's BLASTP'); BLASTN/TBLASTX/TBLASTN custom lists rejected (blastinput/app.rs:289; blastn/hsp.rs:78)	rejected-now	-	absent	low	keep	out/t01_id_desc/blastn_f6x.out (columns 10,11,12 = 0 0 0)	Not a reader matter. If a later session ports these fields: qgi, sgi and sallgi are `0` for FASTA input in all four programs.
RP	14	objtools/align_format/tabular.cpp	224-231,257-263,534-566	x_PrintSubjectAllSeqIds; x_PrintSubjectAllAccessions; x_SetSubjectIds	all: custom fields sallseqid, sallacc: built by s_ReplaceLocalId only (no GetSeqIdList): first title token, or Subject_N for an empty title (also for BLASTP protein subjects), no HTML decoding, no GenerateDefline	algorithm/blastp/blast_engine.rs:2278-2281(sallseqid bails; sallacc is 'sallacc' bail); other programs reject custom lists	rejected-now	-	absent	low	keep	out/t04_empty/blastp_f6x.out (sseqid `unnamed`, sallseqid `Subject_1`);out/v01_subj_ent/blastn_f6x.out (sseqid `Subject_&x`, sallseqid `Subject_&amp;x`)	Differs from sseqid exactly where GetSeqIdList rewrites the ID (next rows). Records only; keep rejecting.
RP	15	objtools/align_format/tabular.cpp	387-436,749-880	x_PrintSubjectTitle; x_PrintSubjectAllTitles; SetFields (setSubjectTitle)	all: custom fields stitle, salltitles print `N/A` for FASTA subjects (CSeqDB::ExtractBlastDefline finds no Blast-def-line user object, so m_SubjectDefline stays empty): the title is never shown in tabular output	algorithm/blastp/blast_engine.rs:2450(SubjectTitle => "N/A"),2277(stitle),2278-2281(salltitles bails); BLASTN/TBLASTX/TBLASTN custom lists rejected	faithful	algorithm/blastx/report.rs:1055("stitle" => "N/A")	faithful	low	keep	out/t01_id_desc/*_f6x.out (col 8,9 = N/A N/A);out_losat/t01_id_desc/blastp_f7x.out	BLASTP stitle already equals NCBI; salltitles is rejected. The title bytes never reach outfmt 6/7 data rows, only the `# Query:` line.
RP	16	objtools/blast/seqdb_reader/seqdbvol.cpp	1233-1259	CSeqDB::ExtractBlastDefline(CBioseq_Handle)	all: no `ASN1_BlastDefLine` user object in a FASTA Bioseq -> null def-line set (this is why stitle/salltitles are N/A and why tabular sseqid and outfmt 0 use SetSubjectId/GenerateDefline)	-	n/a	-	n/a	none	keep	source	Unreachable difference: FASTA input never has the user object.
RP	17	objtools/align_format/tabular.cpp;objtools/align_format/showdefline.cpp	522-532;192-247	CBlastTabularInfo::SetSubjectId -> CShowBlastDefline::GetSeqIdList(bh, ids, out)	nuc-s (N,X,T) subject with EMPTY title: replaced ID is `lcl|Subject_N`, which contains `lcl|Subject_`, so the ID is re-derived from CDeflineGenerator::GenerateDefline(bh): empty for a nucleotide record -> keeps `Subject_N`	algorithm/blastn/blast_engine/run.rs:6439(write_batch_reports subject_ids); algorithm/tblastx/blast_engine/run_impl.rs:1616,2071(subject ids); algorithm/tblastn/stage_e_report.rs:295-296,787-789	rejected-now	-	absent	medium	port:S	out/t04_empty/blastn_f6x.out;out/t04_empty/tblastn_f6x.out;out/t04_empty/tblastx_f6x.out;out_losat/t04_empty/blastn_f6.err	Printed `Subject_N` in sseqid/sacc/saccver (N = record position in the subject file). LOSAT rejects empty deflines today (input.rs:100-132).
RP	18	objtools/align_format/showdefline.cpp;objmgr/util/create_defline.cpp	219-247;2423-2520,3994-4050	GetSeqIdList + CDeflineGenerator::x_SetTitleFromProtein	prot-s P: subject with EMPTY title: GenerateDefline gives `unnamed protein product`, the ID becomes its first token `unnamed` in sseqid, sacc and saccver (not in sallseqid/sallacc, which stay Subject_N)	algorithm/blastp/blast_engine.rs:598,658,704(subject ids)	rejected-now	algorithm/blastx/report.rs:799-806 (prints Subject_N)	divergent	medium	port:S	out/t04_empty/blastp_f6x.out;out/t04_empty/blastp_f0.out;multi/ncbi_blastp_6_qseqid_sseqid_sallseqid_qacc_sacc_stitle.out	BLASTP only (protein subject); BLASTX has the same protein subjects and prints Subject_N where NCBI prints `unnamed`. No ', partial' and no organism suffix (no MolInfo/source). Also in outfmt 0 (rows below).
RP	19	objtools/align_format/showdefline.cpp	219-247	GetSeqIdList: substring test `AsFastaString().find("lcl|Subject_")`	all: subject whose title's first token STARTS WITH `Subject_` (or contains `lcl|Subject_`): the ID is replaced by the first space-delimited token of GenerateDefline(title) (HtmlDecode, trailing `.,;~ ` strip, TPA prefix removal, CleanAndCompress): `Subject_&amp;x desc` -> `Subject_&x`, `Subject_4.` -> `Subject_4`, `Subject_\xe9 desc` -> `Subject_\xc3\xa9`	algorithm/blastn/blast_engine/run.rs:6439(write_batch_reports subject_ids); algorithm/tblastx/blast_engine/run_impl.rs:1616,2071(subject ids); algorithm/tblastn/stage_e_report.rs:295-296,787-789; algorithm/blastp/blast_engine.rs:598,658,704(subject ids)	divergent	algorithm/blastx/report.rs:799-806	divergent	low	port:S	out/v09_subj_dotonly/blastn_f6.out vs out_losat/v09_subj_dotonly/blastn_f6.out;out/v01_subj_ent/blastp_f6.out;out/v05_subj_e9/blastn_f6x.out	LOSAT is wrong today on ACCEPTED input (v09 `Subject_4.`: NCBI `Subject_4`, LOSAT `Subject_4.`; v01 NCBI `Subject_&x`, LOSAT `Subject_&amp;x`); all four programs. Queries are not affected (SetQueryId has no GetSeqIdList). Needs the shared GenerateDefline port (rows below) applied to the title.
RP	20	objtools/align_format/showdefline.cpp;objtools/align_format/tabular.cpp	219-247;749-880,1375-1385	GenerateDefline throws in GetSeqIdList (title not decodable) -> SetFields catch	all: `Subject_`-token title that is not valid UTF-8 and has one of the bytes 0x81 0x8D 0x8F 0x90 0x9D: NCBI dies in outfmt 6/7/custom: stdout has the first field(s) of the row, exit 255, `NCBI C++ Exception ... CCoreException::eNullPtr` with a build-path stack trace on stderr	-	rejected-now	-	absent	low	reject:NCBI exception with a stack trace of NCBI's build paths and a partial row (cannot be reproduced byte for byte); ask in a batch (NCBI defect policy)	out/v06_subj_81/blastn_f6.out;out/v06_subj_81/blastn_f6.rc;out/v06_subj_81/blastn_f6x.err	Deterministic. stdout before the crash is `Subject_\x81\t` (the query ID field) for outfmt 6. LOSAT never reaches it today (non-UTF-8 FASTA rejected). Without the `Subject_` prefix the same title is harmless in outfmt 6/7 (title not generated) but gives the `Unknown` description in outfmt 0.
RP	21	objtools/align_format/tabular.cpp;objtools/align_format/align_format_util.cpp	1266-1325;714-755	CBlastTabularInfo::PrintHeader -> x_PrintQueryAndDbNames -> CAlignFormatUtil::x_AcknowledgeBlastSequence (tabular=true)	all-N: outfmt 7 line `# Query: ` + TruncateSpaces(GetSeqIdString(believe=false)="" + " " + title): the title bytes verbatim, no length limit, no wrapping; empty title -> `# Query: ` (trailing space kept) ; printed once per query before `# Database:`	algorithm/blastn/hsp.rs:179-198(write_blastn_outfmt7_header);algorithm/blastn/blast_engine/run.rs:133-138(fasta_defline),6447,6722(query_titles)	rejected-now	algorithm/blastx/report.rs:1238-1262	faithful	medium	port:S	out/t04_empty/blastn_f7.out;out/t10_long1500/blastn_f7.out;out/t02_tab/blastp_f7.out;out/t06_e_acute/tblastn_f7.out;out_losat/t06_e_acute/blastn_f7.err	NCBI never prints the ID here (local ID, believe_query false): `id desc` -> `# Query: id desc`; `id\tdesc` -> `# Query: id`; non-UTF-8 bytes raw; 1500-byte title in full (verified length). LOSAT today builds id + ' ' + desc from bio (equal on accepted input; empty title, leading white space, tab, control, non-ASCII are rejected by input.rs:100-132). Must print the title bytes (needs a byte writer: write_blastn_outfmt7_header takes &str).
RP	22	objtools/align_format/tabular.cpp;objtools/align_format/align_format_util.cpp	1266-1325;714-755	CBlastTabularInfo::PrintHeader -> x_PrintQueryAndDbNames -> CAlignFormatUtil::x_AcknowledgeBlastSequence (tabular=true)	all-X: outfmt 7 line `# Query: ` + TruncateSpaces(GetSeqIdString(believe=false)="" + " " + title): the title bytes verbatim, no length limit, no wrapping; empty title -> `# Query: ` (trailing space kept) ; printed once per query before `# Database:`	algorithm/tblastx/report.rs:592-598(fasta_defline),614-625(write_outfmt7_query_header);algorithm/tblastx/blast_engine/run_impl.rs:1394	rejected-now	algorithm/blastx/report.rs:1238-1262	faithful	medium	port:S	out/t04_empty/blastn_f7.out;out/t10_long1500/blastn_f7.out;out/t02_tab/blastp_f7.out;out/t06_e_acute/tblastn_f7.out;out_losat/t06_e_acute/blastn_f7.err	NCBI never prints the ID here (local ID, believe_query false): `id desc` -> `# Query: id desc`; `id\tdesc` -> `# Query: id`; non-UTF-8 bytes raw; 1500-byte title in full (verified length). LOSAT today builds id + ' ' + desc from bio (equal on accepted input; empty title, leading white space, tab, control, non-ASCII are rejected by input.rs:100-132). Must print the title bytes (needs a byte writer: write_blastn_outfmt7_header takes &str).
RP	23	objtools/align_format/tabular.cpp;objtools/align_format/align_format_util.cpp	1266-1325;714-755	CBlastTabularInfo::PrintHeader -> x_PrintQueryAndDbNames -> CAlignFormatUtil::x_AcknowledgeBlastSequence (tabular=true)	all-T: outfmt 7 line `# Query: ` + TruncateSpaces(GetSeqIdString(believe=false)="" + " " + title): the title bytes verbatim, no length limit, no wrapping; empty title -> `# Query: ` (trailing space kept) ; printed once per query before `# Database:`	algorithm/tblastn/stage_e_report.rs:213-217(# Query: id + desc)	rejected-now	algorithm/blastx/report.rs:1238-1262	faithful	medium	port:S	out/t04_empty/blastn_f7.out;out/t10_long1500/blastn_f7.out;out/t02_tab/blastp_f7.out;out/t06_e_acute/tblastn_f7.out;out_losat/t06_e_acute/blastn_f7.err	NCBI never prints the ID here (local ID, believe_query false): `id desc` -> `# Query: id desc`; `id\tdesc` -> `# Query: id`; non-UTF-8 bytes raw; 1500-byte title in full (verified length). LOSAT today builds id + ' ' + desc from bio (equal on accepted input; empty title, leading white space, tab, control, non-ASCII are rejected by input.rs:100-132). Must print the title bytes (needs a byte writer: write_blastn_outfmt7_header takes &str).
RP	24	objtools/align_format/tabular.cpp;objtools/align_format/align_format_util.cpp	1266-1325;714-755	CBlastTabularInfo::PrintHeader -> x_PrintQueryAndDbNames -> CAlignFormatUtil::x_AcknowledgeBlastSequence (tabular=true)	all-P: outfmt 7 line `# Query: ` + TruncateSpaces(GetSeqIdString(believe=false)="" + " " + title): the title bytes verbatim, no length limit, no wrapping; empty title -> `# Query: ` (trailing space kept) ; printed once per query before `# Database:`	algorithm/blastp/blast_engine.rs:609-614(fasta_defline),2352(write_blastp_outfmt7_header),5460(query_headers)	rejected-now	algorithm/blastx/report.rs:1238-1262	faithful	medium	port:S	out/t04_empty/blastn_f7.out;out/t10_long1500/blastn_f7.out;out/t02_tab/blastp_f7.out;out/t06_e_acute/tblastn_f7.out;out_losat/t06_e_acute/blastn_f7.err	NCBI never prints the ID here (local ID, believe_query false): `id desc` -> `# Query: id desc`; `id\tdesc` -> `# Query: id`; non-UTF-8 bytes raw; 1500-byte title in full (verified length). LOSAT today builds id + ' ' + desc from bio (equal on accepted input; empty title, leading white space, tab, control, non-ASCII are rejected by input.rs:100-132). Must print the title bytes (needs a byte writer: write_blastn_outfmt7_header takes &str).
RP	25	algo/blast/format/blast_format.cpp	759-810,1411-1470	CBlastFormat::x_PrintTabularReport; PrintOneResultSet	all: `# Database: User specified sequence set (Input: <-subject argument exactly as given>)` (m_SubjectTag); `-subject -` prints `Input: -`, `./s.fa` prints `Input: ./s.fa`; no title of the subject is printed	algorithm/blastn/blast_engine/run.rs:6065(subject_title format!);algorithm/tblastx/blast_engine/run_impl.rs:tblastx_database_name;algorithm/tblastn/stage_e_report.rs:215-219;algorithm/blastp/blast_engine.rs:2362-2368	faithful	algorithm/blastx/report.rs:1262-	faithful	none	keep	multi/ (stdin and ./ runs, shown in the session log);out/t01_id_desc/blastp_f7.out	LOSAT prints the same strings for `-subject s.fa`, `./s.fa` and stdin `-` (checked for BLASTN). Not an ID or a title.
RP	26	objtools/align_format/align_format_util.cpp	685-755	CAlignFormatUtil::AcknowledgeBlastQuery -> x_AcknowledgeBlastSequence (tabular=false)	all: outfmt 0 `Query= ` + x_WrapOutputLine(TruncateSpaces("" + " " + title), 68) + `\nLength=<n>\n`; the title is the raw defline title (no GenerateDefline, no HTML decoding, no UTF-8 conversion)	report/pairwise.rs:1286-1298(write_blastp_query_header; callers 1596 P,2318 N,2943 X,3536 T);query_name from algorithm/blastn/blast_engine/run.rs:6447; algorithm/tblastx/blast_engine/run_impl.rs:1394; algorithm/tblastn/stage_e_report.rs:771-774; algorithm/blastp/blast_engine.rs:5460	rejected-now	report/pairwise.rs:4071 via algorithm/blastx/report.rs:1396(query_name: query.title)	divergent	high	port:S	out/t01_id_desc/blastn_f0.out;out/t09_ff/blastn_f0.out;out/t16_amp/blastn_f0.out;out/u08_entities/blastn_f0.out	Verified raw: `\xe9`/`\xff` stay single bytes, `&amp;` stays `&amp;`, TPA prefix kept. The line is wrapped as bytes (next rows). The writer takes `&str`; change to bytes. BLASTX's title is a UTF-8 `String`, so it rejects non-UTF-8 titles.
RP	27	objtools/align_format/align_format_util.cpp	714-755	x_AcknowledgeBlastSequence: empty title	all: `Query= ` followed directly by `\nLength=<n>` (NStr::Wrap of an empty string writes nothing, so there is NO blank line between the two); description and heading handled in the generator rows	report/pairwise.rs:1294-1297(write_blastp_query_header writes `Query= `, wrapped text, newline, Length)	rejected-now	report/pairwise.rs:1286	divergent	medium	port:S	out/t04_empty/blastn_f0.out;out/t05_ws_only/tblastx_f0.out	NCBI bytes: `Query= \nLength=330\n` (after `\n\n` before it). LOSAT's write_blastp_query_header already gives the same bytes for an empty wrapped text (`Query= ` + nothing + writeln + Length), so only the empty-defline rejection (input.rs:100-132) has to go.
RP	28	corelib/ncbistr.cpp	5088-5340,5352-5360	NStr::WrapIt / NStr::Wrap with fWrap_FlatFile (width 68 = kFormatLineLength)	all: Query= title wrapping works on BYTES (std::string size, no UTF-8 awareness): a multi-byte character can be split by the line break (`\xe6\xbc` newline `\xa2`); breaks at space (preferred), `,` and `-`, forced at width when a word is longer; spaces after a break are dropped	report/pairwise.rs:1113-1198(write_flatfile_wrapped, text: &str, bytes inside)	faithful	report/pairwise.rs:1113	faithful	medium	port:S	out/w_cjk_66/blastn_f0.out;out/w_eac_67/blastn_f0.out;out/t10_long1500/blastp_f0.out;out_losat/t10_long1500/blastp_f0.out	LOSAT's loop already equals NWrap byte for byte (t10 and w_asc_* identical to NCBI). Only the parameter type: take `&[u8]` so non-UTF-8 and split multi-byte sequences can be written. w_cjk_* / w_eac_* (non-ASCII titles) are rejected today.
RP	29	objtools/align_format/showdefline.cpp	880-935	CShowBlastDefline::x_DisplayDefline (description list row)	all: the row shows NO ID for `lcl|Subject_N` (skipped by the `find("lcl|Subject_")` test) and then the generated defline; if its size > 68 bytes: first 65 BYTES + `...` (can cut a UTF-8 sequence), else padded with spaces to 68 bytes, then 2 spaces, bits, E-value	report/pairwise.rs:1897-2043(write_blastn_description_table, row text 1979-2005; callers 1652 P,2358 N,2986 X,3595 T)	faithful	report/pairwise.rs:4088-4105(write_subject_summary_table_with_sum_n:797-930 and write_subject_header: raw id + title, no GenerateDefline)	faithful	medium	port:S	out/u27_len68/blastn_f0.out;out/u28_len69/blastn_f0.out;out/w_cjk_60/blastn_f0.out (cut `...\xe6\xbc...`);out_losat/u28_len69/blastn_f0.out	LOSAT already cuts and pads by bytes (`label.len()`, `as_bytes()[..65]`); equal on accepted input (u27/u28 identical). Pad width counts BYTES (idxe9x desc pads 1 less than ASCII). Needs byte labels instead of `String`. Empty generated title -> only spaces then scores (t04 NA subject).
RP	30	objtools/align_format/showdefline.cpp	498	x_FillDeflineAndId: sdl->defline = CDeflineGenerator().GenerateDefline(handle, fLeavePrefixSuffix)	all: description list title = GenerateDefline WITH fLeavePrefixSuffix (TPA/MAG/UNVERIFIED prefixes kept); the heading below uses flags 0 (prefixes removed)	report/pairwise.rs:1897-2043(write_blastn_description_table, row text 1979-2005; callers 1652 P,2358 N,2986 X,3595 T);report/pairwise.rs:210-250(write_subject_header; headings built at 1700 P,2404 N,3030 X,3634 T)	faithful	report/pairwise.rs:4088-4105(write_subject_summary_table_with_sum_n:797-930 and write_subject_header: raw id + title, no GenerateDefline)	divergent	medium	port:S	out/u13_tpa/blastn_f0.out;out/u14_unverified/blastp_f0.out;out/x07_two_prefix/blastn_f0.out	LOSAT passes `leave_prefix` true/false to ncbi_nucleotide_title/ncbi_protein_title (report/defline.rs:94,111). BLASTX prints the raw title in both places (`TPA: id x` heading shows `TPA: id x`, NCBI `id x`).
RP	31	objmgr/util/create_defline.cpp	3952-3960	CDeflineGenerator::GenerateDefline: strip trailing `.,;~ ` from the title	all: m_MainTitle = the Title descriptor; trailing run of `.`,`,`,`;`,`~`,` ` erased UNLESS the title consists only of those bytes (find_last_not_of returns npos, nothing erased)	report/defline.rs:175-185(nucleotide_title_before_decoding),389(trim_end_of)	faithful	-	absent	medium	keep	out/u16_trail_punct/blastn_f0.out;out/u17_trail_punct2/blastn_f0.out;out/t15_punct2/blastn_f0.out;out/x04_comma3/blastp_f0.out	`id desc.` -> `id desc`; `...` stays `...`. Equal in LOSAT (ASCII); bytes >= 0x80 are not special here.
RP	32	objmgr/util/create_defline.cpp	4050-4066	GenerateDefline: TPA/MAG prefix removal and leading-space strip (flags 0 only)	all (heading only): for each of the 14 prefixes in s_tpaPrefixList order (`MAG `,`MAG:`,`MULTISPECIES:`,`TLS:`,`TPA:`,`TPA_exp:`...`UNVERIFIED:`), case-insensitive StartsWith -> erase it and the following spaces (single pass in list order: `TPA: MAG x` -> `MAG x`); then leading spaces stripped; a title that was only the prefix (`TPA:`) gives an EMPTY heading `> ` (no `unnamed protein product`)	report/defline.rs:175-195(nucleotide_title_before_decoding),48-69(TPA_PREFIXES)	faithful	-	absent	low	keep	out/x01_tpa_only/blastp_f0.out;out/x07_two_prefix/blastn_f0.out;out/x08_tpa_lower/blastn_f0.out	Equal in LOSAT for ASCII (SAME for x01..x08). Case-insensitive match is ASCII only (NStr::eNocase).
RP	33	corelib/ncbistr.cpp	4523-4623	NStr::HtmlDecode (called at create_defline.cpp:4066 on m_MainTitle)	all: entity decoding of the title: `&name;` (case-sensitive, 280 names, e.g. amp lt gt quot apos nbsp eacute), `&#N;`, `&#xH;`/`&#XH;`; the `;` must come within 16 characters; numeric values wrap modulo 2^32 and are written as UTF-8 WITHOUT validation (`&#0;` -> NUL byte, `&#xD800;` -> ed a0 80, `&#1114112;` -> f4 90 80 80, `&#4294967361;` -> `A`); unterminated `&#65 ` and 16+ digit references stay; `&AMP;` stays	report/defline.rs:190-230,330-388(ncbi_nucleotide_title_is_decoded, html_decode_changes: DETECTS decoding only);callers algorithm/blastn/blast_engine/run.rs:5710-5725,algorithm/tblastx/blast_engine/run_impl.rs:1210-1220,algorithm/tblastn/args.rs:1112,algorithm/blastp/blast_engine.rs:7780-7800	rejected-now	-	absent	low	port:M	out/u08_entities/blastn_f0.out;out/y01_ovf..y09 (see y*/blastn_f0.out);out/x10_decimal_ent/blastn_f0.out;out_losat/y03_dig15/blastn_f0.err	LOSAT rejects every outfmt 0 subject whose title NCBI decodes (`subject record N has an HTML character reference ... not supported by LOSAT's BLASTN`; only the subjects with hits for TBLASTX/TBLASTN/BLASTP; ABI v2 run likewise) and has the entity NAME list but not the code points. Port: table with code points (NCBI ncbistr.cpp:4223-4508), the scan rules above, UTF-8 writer without validation. Applies to description AND heading, not to Query=, outfmt 6/7 or warnings (queries and tabular show `&amp;` verbatim). The rejection stays valid for no title once ported.
RP	34	corelib/ncbistr.cpp	6711-6767,7143-7172	CUtf8::GuessEncoding (default encoding of HtmlDecode) and x_EvalFirst/x_EvalNext	all: the whole (stripped) title is classified: ASCII; structurally valid UTF-8 (lead C2..F4 with the right number of 10xxxxxx bytes; E0/ED/F0/F4 second-byte ranges NOT checked) -> bytes copied unchanged; otherwise ISO-8859-1 if no byte in 0x80-0x9F; otherwise Windows-1252 unless one of 0x81 0x8D 0x8F 0x90 0x9D occurs -> Unknown	-	rejected-now	-	absent	low	port:M	out/u04_mixed/blastn_f0.out;out/u05_cp1252/blastn_f0.out;out/u07_euro80/blastn_f0.out;out/u12_cesu8/blastn_f0.out;out/t08_e9/blastn_f0.out	Valid UTF-8 titles (`id\xc3\xa9x`, CJK) are printed unchanged in description/heading; any invalid byte makes the WHOLE title non-UTF-8, so valid sequences inside it are converted too (u04: `\xc3\xa9 \xe9` -> `\xc3\x83\xc2\xa9 \xc3\xa9`). LOSAT today: bio fails on non-UTF-8 (`failed to read FASTA ... not UTF-8`) and non-ASCII UTF-8 titles are rejected (`has a non-ASCII byte`) for subjects in BLASTN/TBLASTX/TBLASTN/BLASTP and queries.
RP	35	corelib/ncbistr.cpp	6852-6880,7040-7117	CUtf8::CharToSymbol / x_AppendChar / x_Append (per byte of HtmlDecode, ISO-8859-1 and Windows-1252 branches; CESU-8 branch)	all: non-UTF-8 title bytes become UTF-8 one by one: ISO-8859-1 byte b -> U+00b (`\xe9`->`\xc3\xa9`, `\xff`->`\xc3\xbf`); Windows-1252 0x80..0x9F via s_cp1252_table (0x80->U+20AC, 0x93->U+201C, 0x94->U+201D; entries for the five undefined bytes are never reached); CESU-8 (surrogate pair bytes ed a0..) copied unchanged	-	rejected-now	-	absent	low	port:S	out/u05_cp1252/blastn_f0.out;out/u07_euro80/blastn_f0.out;out/t09_ff/blastn_f0.out;out/t08_e9/blastp_f0.out	Observed bytes: u05 `id \x93quoted\x94 x` -> `id \xe2\x80\x9cquoted\xe2\x80\x9d x`; u07 `\x80` -> `\xe2\x82\xac`.
RP	36	corelib/ncbistr.cpp;objtools/align_format/showdefline.cpp;objtools/align_format/showalign.cpp	4529-4531;1576-1625;1960-1981	HtmlDecode(Unknown encoding) throws CStringException -> x_GetDeflineInfo catch / x_ShowAlnvecInfo catch	all: subject title that is not UTF-8 and contains 0x81, 0x8D, 0x8F, 0x90 or 0x9D (e.g. `id \x81 x`): outfmt 0 shows description `Unknown` (no ID, padded as usual) and NO heading; instead, once per HSP of that subject, stdout gets `Sequence with id Subject_N no longer exists in database...alignment skipped` and then the next HSP; exit 0, stderr empty	-	rejected-now	-	absent	low	port:S	out/u06_undef81/blastn_f0.out;out/u06_undef81/tblastn_f0.out (3 HSP lines);out/u06_undef81/tblastx_f0.out;out/u06_undef81/blastp_f0.out	Deterministic NCBI behaviour, reproduced per the defect policy. Tabular output of the same input is normal (u06 *_f6.out). `Subject_N` is GetSeqIdString of the alignment's subject ID.
RP	37	objmgr/util/create_defline.cpp	219-312,4070-4095	x_CleanAndCompress(dest, penult, isProt)	all: strip leading/trailing ' ', collapse `  `, `( `, ` )`, ` ,` and ` ;` (swapped), `,,`/`, `/`; ` normalised to `, ` / `; `; protein only: `. [` -> ` [` and `, [` -> ` [`; AFTER decoding; final `if (curr > 0 && curr != ' ')` writes the last byte only if it is a positive `char`	report/defline.rs:466-560(clean_and_compress)	faithful	-	absent	medium	port:S	out/u18_compress/blastn_f0.out;out/u19_prot_brk/blastp_f0.out;out/u20_prot_brk2/blastp_f0.out;out/x04_comma3/blastn_f0.out	ASCII is faithful (SAME). Quirk for bytes >= 0x80 (signed char): when the title ENDS with a byte >= 0x80 that last byte is dropped: `id desc \xc3\xa9` -> `id desc \xc3`, `id \xe6\xbc\xa2` -> `id \xe6\xbc`, `id desc \xff` (Latin-1 -> c3 bf) -> `id desc \xc3` (u01, u02, u03; description and heading, all four programs). The 0xFF sign extension of two_chars never matches a pattern, so middle bytes are unaffected. Port must treat input as signed chars. The approved exception (PD-LOSAT-NCBI-DEFECTS 2, TBLASTX/TBLASTN extension) keeps its meaning: titles of only `,;~ ` bytes that read past the end stop at the end of the string; a non-ASCII byte in the title makes the title not 'only punctuation', and entities cannot create such a title (the trailing `;` of an entity is stripped before decoding).
RP	38	objmgr/util/create_defline.cpp	3956-3958,4097-4101	GenerateDefline: capitalization	all: first lowercase letter capitalized only when m_MainTitle was empty before generation (`capitalize` true); a FASTA title is not empty so nothing is capitalized (`tpa: lower` stays)	-	n/a	-	n/a	none	keep	out/x08_tpa_lower/blastn_f0.out	Empty titles produce an empty (nucleotide) or `unnamed protein product` (protein) title; no capitalization difference visible.
RP	39	objmgr/util/create_defline.cpp	2423-2520,3962-3972,3262-3300	CDeflineGenerator::x_SetTitleFromProtein; x_AdjustProteinTitleSuffix	prot-s P: EMPTY title of a protein subject: m_MainTitle = `unnamed protein product` (description and heading); non-empty titles: x_AdjustProteinTitleSuffix returns at once (m_Source empty)	report/defline.rs:111-122(ncbi_protein_title; suffix adjust skipped)	rejected-now	-	absent	medium	port:S	out/t04_empty/blastp_f0.out;multi/ncbi_blastp_0.out	BLASTP: `unnamed protein product` in the description list and `> unnamed protein product` as heading; nucleotide subjects (BLASTN/TBLASTX/TBLASTN) and the Query= line stay empty. LOSAT rejects empty deflines. BLASTX has the same protein subjects and prints Subject_N (divergent).
RP	40	objtools/align_format/showalign.cpp	2279-2370,340-359	CDisplaySeqalign::x_PrintDefLine (bdl.empty branch); s_WrapOutputLine	all: heading `> ` (the ID is skipped for `lcl|Subject_N`; the space is always written) + title (GenerateDefline flags 0) wrapped by s_WrapOutputLine: after every 60 BYTES a newline is written after the next white-space byte (the space stays at the line end: `...zz \ntail words`); then `\nLength=<len>`	report/pairwise.rs:210-250(write_subject_header; headings built at 1700 P,2404 N,3030 X,3634 T)	faithful	report/pairwise.rs:4099-4105 (same writer, raw title)	faithful	medium	port:S	out/w_cjk_60..81/blastn_f0.out;out/t10_long1500/blastn_f0.out;out_losat/t10_long1500/blastn_f0.out;out/t04_empty/blastn_f0.out (`> ` + newline)	LOSAT's write_subject_header reproduces it byte-wise (isspace incl. 0x0B); equal for accepted titles (t10 1500 bytes). Empty title: `> \nLength=450`. Change to a byte title. In BLASTP the heading for an empty title is `> unnamed protein product`.
RP	41	objtools/align_format/showalign.cpp	1944-1981,4776-4784	x_DisplayAlnvecInfo callers: per-HSP try/catch	all: any CException while one HSP's heading is built is caught per HSP (message above); other exceptions escape	-	rejected-now	-	absent	low	port:S	out/u06_undef81/tblastn_f0.out	See the Unknown row; listed separately because the catch is per alignment (HSP), not per subject.
RP	42	algo/blast/format/blast_format.cpp;blastinput/blast_args.cpp	1470-1500;(html, show_gis, line_length, num_descriptions options)	m_IsHTML, m_ShowGi, m_LongSeqId, m_LineLength branches of AcknowledgeBlastQuery/x_DisplayDefline/x_PrintDefLine	all: -html (HTMLEncode of titles, links), -show_gis, -line_length, -num_descriptions/-num_alignments, -long_seqids change IDs/titles in outfmt 0	cli.rs:307,372,580,635,686(-html),327,391,598,654,682(-show_gis),(-line_length,-num_descriptions,-num_alignments in the same lists)	rejected-now	-	absent	none	reject:out-of-scope options (HTML, gi display, line length)	source	Explicitly rejected by LOSAT as unported options; the port need not touch them.
RP	43	algo/blast/api/blast_setup_cxx.cpp;algo/blast/api/blast_results.cpp;algo/blast/api/blast_objmgr_tools.cpp	533-543;258-296;347-378	SetupQueries_OMF (SetQueryId); CSearchResults::GetWarningStrings; CBlastQuerySourceOM::GetTitle	all: warning of an invalid query (`Could not calculate ungapped Karlin-Altschul parameters due to an invalid query sequence or its translation. Please verify the query sequence(s) and/or filtering options `) and of a protein query with O: stderr `Warning: [prog] ` + query_id + `: ` + messages each followed by a space + newline; query_id = `Query_N` + (` ` + title if the title is not empty), and if its size > 35 BYTES: first 25 bytes + `.. `	report/query_warnings.rs:95-120(query_warning),172(invalid_query_warning); callers per program (BLASTN algorithm/blastn/blast_engine/run.rs, TBLASTX run_impl.rs, TBLASTN stage_e_report.rs, BLASTP blast_engine.rs)	rejected-now	algorithm/blastx/report.rs:1767-1792(query_warning: internal_id + title, 35/25 bytes)	faithful	medium	port:S	warn/out/iq_a_plain_blastn_6.err;warn/out/iq_b_empty_blastn_6.err;warn/out/iq_c_eacute_blastn_6.err;warn/out/iq_e_tab_blastn_6.err;warn/o_q.fa (O warning);warn/outl/iq_a_plain_blastp_6.err	NCBI bytes: `Warning: [blastn] Query_1 sid sdesc: Could not ...options \n`; empty title `Query_1: Could ...`; title `id\xc3\xa9 x` raw; `id\t...` -> title `id`; non-UTF-8 and control bytes (`\x01`, `\x7f`) raw, not escaped; the 25-byte cut can split a UTF-8 sequence (O test: `Query_1 id \xc3\xa9 x desc long.. : One or more O characters replaced ...`). LOSAT builds `Query_{index+1} {bio id} {desc}` from &str; equal for accepted input (SAME in warn/), rejected otherwise. Port: use the record's local ID and title bytes (Vec<u8>), keep the byte truncation.
RP	44	algo/blast/api/blast_setup_cxx.cpp	773-788	SetupSubjects_OMF: skipped subject without data	all: stderr `Warning: [prog] Subject_N <title>: Subject sequence contains no data` (id + ' ' + title + ': '); empty title -> `Subject_N : Subject sequence ...` (space before the colon); title bytes raw; exit 0, the record is skipped	algorithm/blastn/input.rs:360-376(write_empty_subject_warnings); only BLASTP reaches it: algorithm/blastp/blast_engine.rs (subjects without residues); BLASTN/TBLASTX/TBLASTN reject such a record ('has no residues')	divergent	algorithm/blastx/ (not checked)	absent	low	port:S	warn/out/es_a_plain_blastn_6.err;warn/out/es_b_empty_blastn_6.err;warn/out/es_c_eacute_blastn_6.err;warn/outl/es_a_plain_blastp_6.err	BLASTP equals NCBI for ASCII titles; for BLASTN/TBLASTX/TBLASTN LOSAT stops with `subject record 1 (sid) has no residues; NCBI BLAST+ reports such a record differently, which is not supported` (range LR decides). The title is bio id + desc today; port to title bytes (non-ASCII/tab/empty cases are rejected now; es_b_empty: LOSAT even ends with `Empty CBlastQueryVector` because bio drops the empty record).
RP	45	algo/blast/api/blast_setup_cxx.cpp (SetupQueries_OMF)	(exception text, no ID)	`BLAST engine error: Warning: Sequence contains no data ` for a query without residues	all: query record with no residues: stderr only that text, exit 3, no ID or title in it (the title does not matter)	algorithm/blastn/input.rs:482(check_records_have_residues_of) rejects: `query record 1 (sid) has no residues ... not supported by LOSAT's BLASTN`	rejected-now	-	absent	none	keep (range LR)	warn/out/eq_a_plain_blastn_6.err;warn/out/eq_c_eacute_blastp_6.err;warn/outl/eq_a_plain_blastp_6.err	No ID or title printed; recorded because the brief lists the message. LOSAT's own message prints the bio id (`(sid)`), which is LOSAT-specific and goes away with the rejection.
RP	46	algo/blast/api/blast_setup_cxx.cpp;algo/blast/blastinput/blast_fasta_input.cpp	(ParseSequenceRange, x_FastaToSeqLoc 383-392)	range errors: Invalid from coordinate / Invalid sequence range / Empty CBlastQueryVector / Invalid specification of query location	all: -query_loc/-subject_loc errors print only the message, no ID or title	blastinput/seq_range.rs	faithful	-	n/a	none	keep	(commands in session: blastn -query_loc 5000-6000, -subject_loc 5000-6000, -query_loc 10-5 on a record with an é title)	`BLAST engine error: Empty CBlastQueryVector`, `BLAST query/options error: Invalid from coordinate (greater than sequence length)`, `BLAST engine error: Invalid specification of query location (start cannot be larger than stop)`: no ID/title in any.
RP	47	objtools/readers/fasta.cpp	(CreateWarningsForSeqDataInTitle 1617-1679; ParseTitle 670-686)	reader title warnings `FASTA-Reader: Title ends with at least 20 valid nucleotide characters. Was the sequence accidentally put in the title line?` / `... 50 valid amino acid characters ...`	all: warnings of the reader contain no ID or title	algorithm/blastn/input.rs:280-335(write_title_warnings, write_protein_title_warnings)	n/a	algorithm/blastx/input.rs	faithful	none	keep	(range RD)	Only the decision uses the title bytes (range RD); the text carries no ID.
RP	48	algo/blast/format/blast_format.cpp	1483-1490	PrintOneResultSet: `Failed to resolve SeqId: <id>`	all: only when the query Bioseq is missing from the scope; unreachable for FASTA input	-	n/a	-	n/a	none	keep	source	No path to it with FASTA files.
RP	49	-	-	LOSAT structured result: report::pairwise::PairwiseHit.subject_title (+ subject_ids, query_name)	all-N: PairwiseHit carries bio's DESCRIPTION (text after the first word) as Option<String>; writers rebuild the defline as `id` + ' ' + desc; hit.query_id/subject_id come from separate Arc<str> vectors	algorithm/blastn/pairwise.rs:101(subject_title: subject.desc());report/pairwise.rs:95,194-199(subject_defline),888-896	divergent	algorithm/blastx/report.rs:1463(subject_title: title.split_once(' ').1)	divergent	high	port:M	source	After the port a record has: local ID (Query_N/Subject_N), title bytes (full title incl. its first word), tabular ID token. PairwiseHit should hold the subject's TITLE BYTES (Option<Vec<u8>> or Arc<[u8]>); description/heading call GenerateDefline on it; tabular ID is the token (or GetSeqIdList-derived). `subject_ids: &[Arc<str>]` must become bytes or be derived. Today's split (id/desc) breaks when the first word is not the token (leading-space-free titles are fine, so this is hidden by rejections).
RP	50	-	-	LOSAT structured result: report::pairwise::PairwiseHit.subject_title (+ subject_ids, query_name)	all-X: PairwiseHit carries bio's DESCRIPTION (text after the first word) as Option<String>; writers rebuild the defline as `id` + ' ' + desc; hit.query_id/subject_id come from separate Arc<str> vectors	algorithm/tblastx/report.rs:534;report/pairwise.rs:95,194-199(subject_defline),888-896	divergent	algorithm/blastx/report.rs:1463(subject_title: title.split_once(' ').1)	divergent	high	port:M	source	After the port a record has: local ID (Query_N/Subject_N), title bytes (full title incl. its first word), tabular ID token. PairwiseHit should hold the subject's TITLE BYTES (Option<Vec<u8>> or Arc<[u8]>); description/heading call GenerateDefline on it; tabular ID is the token (or GetSeqIdList-derived). `subject_ids: &[Arc<str>]` must become bytes or be derived. Today's split (id/desc) breaks when the first word is not the token (leading-space-free titles are fine, so this is hidden by rejections).
RP	51	-	-	LOSAT structured result: report::pairwise::PairwiseHit.subject_title (+ subject_ids, query_name)	all-T: PairwiseHit carries bio's DESCRIPTION (text after the first word) as Option<String>; writers rebuild the defline as `id` + ' ' + desc; hit.query_id/subject_id come from separate Arc<str> vectors	algorithm/tblastn/stage_e_report.rs:678;report/pairwise.rs:95,194-199(subject_defline),888-896	divergent	algorithm/blastx/report.rs:1463(subject_title: title.split_once(' ').1)	divergent	high	port:M	source	After the port a record has: local ID (Query_N/Subject_N), title bytes (full title incl. its first word), tabular ID token. PairwiseHit should hold the subject's TITLE BYTES (Option<Vec<u8>> or Arc<[u8]>); description/heading call GenerateDefline on it; tabular ID is the token (or GetSeqIdList-derived). `subject_ids: &[Arc<str>]` must become bytes or be derived. Today's split (id/desc) breaks when the first word is not the token (leading-space-free titles are fine, so this is hidden by rejections).
RP	52	-	-	LOSAT structured result: report::pairwise::PairwiseHit.subject_title (+ subject_ids, query_name)	all-P: PairwiseHit carries bio's DESCRIPTION (text after the first word) as Option<String>; writers rebuild the defline as `id` + ' ' + desc; hit.query_id/subject_id come from separate Arc<str> vectors	algorithm/blastp/blast_engine.rs:640-700(BlastpPreparedSubject.title = record.desc()),3398;report/pairwise.rs:95,194-199(subject_defline),888-896	divergent	algorithm/blastx/report.rs:1463(subject_title: title.split_once(' ').1)	divergent	high	port:M	source	After the port a record has: local ID (Query_N/Subject_N), title bytes (full title incl. its first word), tabular ID token. PairwiseHit should hold the subject's TITLE BYTES (Option<Vec<u8>> or Arc<[u8]>); description/heading call GenerateDefline on it; tabular ID is the token (or GetSeqIdList-derived). `subject_ids: &[Arc<str>]` must become bytes or be derived. Today's split (id/desc) breaks when the first word is not the token (leading-space-free titles are fine, so this is hidden by rejections).
RP	53	-	-	ABI v1 web_api.rs request path	all: ABI v1 reads records with bio (parse_fasta_records) and calls the same engines; no ID or title is returned in JSON, only text	web_api.rs:59-72,145,160-175(parse_fasta_records)	unported	-	absent	medium	port:S	source	Must use the shared reader like the CLI (range AD/BI decide); UTF-8 check at web_api.rs:145 is for option names, not titles.
RP	54	-	-	ABI v2 register JSON and scan	all: `register` returns {"records":[{"index":i,"id":...}]}; id = bio's first word, written with json::string(&str) (valid UTF-8 only)	web/adapter/src/store.rs:133-134,150-165(id compare with scan);web/adapter/src/scan.rs:5-20,345-351(bio-compatible ID);web/adapter/src/json.rs:8-24	divergent	-	absent	medium	port:S	source	Decision for the session: the JSON `id` should be the NCBI display ID (first ' '-token of the title, or Query_N/Subject_N) as lossy UTF-8 (String::from_utf8_lossy: invalid bytes -> U+FFFD) ONLY in JSON; outfmt streams 0/6/7 and stream 3 are Vec<u8> in the adapter (emit.rs:27,48) and must stay raw bytes (out0/out6 ranges are byte offsets). docs/web/abi_v2.md:103 says stream 3 is UTF-8: change to bytes. scan.rs and store.rs:161 must reproduce the new reader's records or drop the ID equality check.
RP	55	objtools/align_format/tabular.cpp	510-532	SetQueryId/SetSubjectId with query and subject sharing the first word	all: no deduplication between query and subject IDs (`same qdesc` / `same sdesc` -> `same`/`same`); the IDs are independent per role	all ID places above	faithful	algorithm/blastx/report.rs:799	faithful	none	keep	out/t17_same_word/*_f6x.out;out_losat/t17_same_word/blastn_f6.out	Equal in LOSAT (SAME). The warning `lcl|Query_1` vs `lcl|Subject_1` collision cannot occur (different prefixes); titles named `Query_1`/`Subject_1` are ordinary tokens (t25).
RP	56	algo/blast/blastinput/blast_args.cpp	(-num_threads, ignored with -subject)	-num_threads with bl2seq	all: no effect on IDs or titles; NCBI writes `Warning: [blastn] 'num_threads' is currently ignored when 'subject' is specified.` to stderr	-	n/a	-	n/a	none	keep	(blastn -num_threads 4 vs default in the session log)	Not an ID/title matter.
AD	1	src/util/line_reader.cpp	154-296	CStreamLineReader::operator++ / x_AdvanceEOLUnknown / Simple / CRLF	all: line terminator rule and EOL style state (unknown->crlf->lf|cr->mixed)	scan.rs:317(Scanner::character: only \n ends a line; \r is trailing whitespace)	divergent	algorithm/blastx/input.rs:1262-1860(FastaStream,advance_simple)	faithful	high	port:M	o_a4_mixed1;o_a4_cr;o_a4_crlf;o_c1_lines_crlf;o_c2_lines_cr;o_c3_lines_mixed;o_d1_lfcr_defline;l_a4_cr	NCBI: \r\n, \n and (after the first line) a lone \r all end a line; NcbiGetline treats \r\n as ONE delimiter and \n\r as two (ncbistre.cpp:55-135). Quirk: in lf style a physical line with a CR inside (not right before its LF) is split at the CR, the rest is pushed back WITHOUT the line's LF, so the next physical line is joined to it (d1: '>q2 x' + next sequence line became one title, record q2 empty); same in crlf->cr and cr->mixed switches; after mixed no more loss. State is a pure function of the byte stream, so a chunked scanner can reproduce it with (style, pending CR, drop-next-LF flag, line number). Kind 0 only knows \n. New kinds must share the engine reader's line splitter (byte-pushed) and call it for scan and register.
AD	2	src/objtools/readers/fasta.cpp	338-373	CFastaReader::ReadOneSeq	all: record boundary = raw first byte '>' (no leading-space skip) and not '>?' (but '>?_x' is a defline)	scan.rs:286-293(character at_line_start '>')	divergent	algorithm/blastx/input.rs:373-520(parse_fasta_lines)	faithful	high	port:S	o_b5_leading_ws_gt;o_b6_gt_inside;o_b9_gtq_underscore;l_b9_gtq_underscore	'  >q2' is a DATA line (bad residues warning, o_b5); '>?_x desc' is a defline with ID x (o_b9); LOSAT-before rejects any defline starting with '?'. end_offset of a record = offset of the next such line. Scan must apply the same test on the physical line start as the line splitter yields it (after the CR/LF-loss quirk).
AD	3	src/objtools/readers/fasta.cpp	376-392	CFastaReader::ReadOneSeq (need_defline && fDLOptional)	all: record without a defline (sequence/data before first '>')	scan.rs:265,298(Err 'Expected > at record start.'); store.rs:88-94(rejected-now unreadable_fasta)	rejected-now	algorithm/blastx/input.rs:373(new_record on first data line)	faithful	medium	port:M	o_a5_nodef;o_a5_nodef_acc;l_a5_nodef	NCBI reads text before the first defline: blank and ! # ; lines skipped, first data line starts a headerless record (ID Query_1 by position, title empty); a later '>' ends it (o_a5_nodef: Query_1 then q2). LOSAT-before: 'Expected > at record start'. Contract problem: JSON header_offset has no '>' and data-service.ts:365 requires header_offset < sequence_offset; and runInputBytes concatenates record ranges/revisions: a headerless record not first in the concatenation would merge into the previous record. Session must decide: header_offset==sequence_offset (relax check to <=) AND the app must prepend '>\n' (or refuse) when a headerless record is not first.
AD	4	src/objtools/readers/fasta.cpp	376-386	CFastaReader::ReadOneSeq (comment/blank lines)	all: line after TruncateSpaces empty or starting with ! # ; is skipped, anywhere	scan.rs:316-338(Line::Sequence counts every non-trailing-ws byte as a residue)	divergent	algorithm/blastx/input.rs:441-444	faithful	medium	port:S	o_c5_lines_blank_comment;o_a5_comment;o_b11_trailing_blank;l_b11_trailing_blank	Comment lines count as lines (line numbers in warnings: o_c5 'On line 9') but give no residues; they are inside the record range (end_offset = next defline). LOSAT-before rejects them via the residue check ('#' not IUPAC). line_layout: such lines make a record non-uniform; the forward read from a checkpoint must skip them (test: first byte of the whitespace-truncated line is ! # ;).
AD	5	src/objtools/readers/fasta.cpp	774-1010	CFastaReader::ParseDataLine	all: which bytes of a data line become residues	scan.rs:90-104(RecordBuilder::commit counts all bytes) ; store.rs:101-109(check_residues_of)	divergent	algorithm/blastx/input.rs:620-780	faithful	high	port:M	o_a1_nbsp;o_b7_hyphen;o_b8_semicolon;o_c5_lines_blank_comment;l_b7_hyphen;l_b8_semicolon	Residues = bytes kept after: skip \t \n \v \f \r space anywhere; ';' ends the line; '-' removed with warning 'CFastaReader: Hyphens are invalid and will be ignored around line N' (fHyphensIgnoreAndWarn); letters kept (lowercase -> uppercase + mask); nuc flag: E F I J L O P Q X Z * (both cases) and every non-letter incl. digits, bytes>=0x80, controls are Bad: removed, one warning per line 'FASTA-Reader: Ignoring invalid residues at position(s): On line 3: 141-142' (o_a1: NBSP = 2 bytes removed; length stays 240); prot flag: all letters and * kept. Scan length = count of kept residues; residue_counts counts kept residues (stored upper case; decide whether to count original bytes). 'Read forward from a checkpoint' must skip exactly: whitespace chars, bytes after ';', '-' , invalid bytes, comment/blank lines, line terminators. Kind 0 counts everything but trailing whitespace.
AD	6	src/objtools/readers/fasta.cpp	710-771	CFastaReader::CheckDataLine	all: error on a data line that does not look like sequence (while record has no residue yet)	-	unported	algorithm/blastx/input.rs:891(check_data_line)	faithful	medium	port:S	o_b1_checkdata;o_b3_checkdata_second_line;o_b4_checkdata_later;o_b2_ambig;l_b1_checkdata	Runs for EVERY data line while the record's sequence is still empty (not only the first line), on the first 70 bytes of the truncated line: good=letters,*,(-unless ignored); neutral=whitespace,digits; ';' stops; else bad. Error when bad >= good/3 && (len>3 || good==0 || bad>good). A digits-only first line fails (good=0,bad=0, o_b3). Exact stderr: 'BLAST query error: CFastaReader: Near line 2, there's a line that doesn't look like plausible data, but it's not marked as defline or comment.' exit 1 (o_b1). Later lines of a record with residues: only a warning (o_b4). >40% ambiguous warning: unreachable (IgnoreProblem TooManyAmbiguousResidues, blast_fasta_input.cpp:358-360; o_b2 prints nothing). A chunked scanner needs a 70-byte window per line while the record is empty; scan fails with this message at scan_end (feed stops).
AD	7	src/objtools/readers/fasta.cpp	340-373;1100-1140	CFastaReader::ReadOneSeq / ParseGapLine ('>?' lines)	all: '>?...' (not '>?_') line is a data line = assembly gap	scan.rs:286(treated as record start); input.rs check_deflines rejects '?'	rejected-now	algorithm/blastx/input.rs:468-505	divergent	low	reject:maintainer decision (ABI v2 register and scan reject '>?')	o_a2_gap100;o_a2_gapunk;o_a2_gapq;l_a2_gap100	NCBI: '>?100' and '>?unk100' insert 100 N (qlen 340, o_a2_gap100); bare '>?' -> stderr 'CFastaReader: Bad gap size at line 3' and 1 extra residue (o_a2_gapq). BLASTX port handles digits/unk, rejects other forms. Scan and register must reject a line starting '>?' that is not '>?_' with one shared message (TBD), at the point where the physical line starts; today kind 0 would see a record start. Without the rule a '>?100' line would end a record in scan but not in the engine reader.
AD	8	src/objtools/readers/fasta.cpp	338-434;1351-1440	CFastaReader::ReadOneSeq / AssembleSeq (empty record, fDisableNoResidues)	all: record with no residues is a record	scan.rs:160-166,363-367(bio stops at first empty record, 'draining'); store.rs:129-136(index = bio record index)	divergent	algorithm/blastx/input.rs:825(finish_record)	faithful	medium	port:S	o_a6_empty_mid;o_a6_empty_first;o_b12_nonl_comment_last;o_b13_gtonly;l_a6_empty_mid	NCBI keeps empty records (no 'No residues' error because fDisableNoResidues); the search then warns 'Warning: [blastn] Query_2 q2: Sequence contains no data ' (trailing space; position-numbered Query_N). Records after it are read (o_a6_empty_first: a, c hit). bio stops at the first empty record and drops the rest; register index/q_idx/s_idx must count empty records (session decision). '>' alone (empty defline) is a record: IDs Query_1,Query_2 (o_b13). Scan: empty records appear with length 0, end_offset = next defline.
AD	9	src/algo/blast/blastinput/blast_fasta_input.cpp	317-368	CBlastFastaInputSource::x_InitInputReader (flags per role)	nuc:/prot: reader flags	store.rs:48-60(program/role -> nucleotide/protein names)	unported	algorithm/blastx/input.rs:107(read_fasta protein flag)	faithful	high	port:S	source	Flags: fNoParseID|fDLOptional (parse_deflines off), fAssumeNuc or fAssumeProt, fNoSplit (env BLASTINPUT_GEN_DELTA_SEQ empty: host env is empty), fHyphensIgnoreAndWarn, fDisableNoResidues, fQuickIDCheck; CCustomizedFastaReader: seqlen threshold UINT_MAX in the CLI (blast_input.cpp:54-65) so no molecule guessing. Role mapping for the new scan kinds: 1 = fAssumeNuc, 2 = fAssumeProt; BLASTN q/s=1, TBLASTX q/s=1, BLASTP q/s=2, TBLASTN q=2 s=1, BLASTX q=1 s=2. Reading does not depend on -task or -num_threads. register needs only (program, role).
AD	10	-	-	kind selection in the app	scan kind per program AND role	web/app programs.ts:51(fastaParser per program); draft.ts:166,534,727(indexParser(program)); coordinator.ts:130-131(snapshotInput uses program.fastaParser for both roles); dataset.ts:7(FastaParserKind=0|1)	divergent	-	n/a	medium	port:M	source	TBLASTN and BLASTX need different kinds for query and subject, so fastaParser must become per role (queryParser/subjectParser), FastaParserKind 0|1|2, indexParser(program, role), and the reindex test at draft.ts:166 per role (one source file may be used as query and as subject). docs abi_v2.md §4 currently reserves kind 1 for BLASTX's reader: renumber (1 nuc, 2 prot). FakeScanner (fake-fasta.ts:23) accepts only 0.
AD	11	-	-	lib.rs scan_begin	scan_begin parser kinds	lib.rs:445-459(losat_web2_scan_begin: parser != 0 -> Err 'unknown or unavailable FASTA parser kind N')	unported	-	n/a	medium	port:S	source	Add kinds 1 and 2 (and keep 0 for ABI users who still use it, or drop it: the app no longer needs it). Scanner type becomes an enum. Handle lifecycle (lib.rs:437-489): scanner map keyed by counter, removed only by scan_end (success or failure); scan_chunk after an internal error is ignored until scan_end reports it; no scan_release, so a host that abandons a scan must call scan_end (the app's ReactorScanner does, scanner.ts:19-27). Faithful; no change except that the new feed must not fail on any byte.
AD	12	-	-	scan.rs Scanner::feed chunk handling	chunk splits at any byte	scan.rs:224-249(partial UTF-8 buffer); 251-280(finish)	divergent	-	n/a	high	port:M	scan_properties.rs (source)	Kind 0 buffers an incomplete UTF-8 character and a whitespace run. New kinds are byte-oriented (no UTF-8 error at all) but need chunk-crossing state: line splitter (style, pending CR/LF lookahead, drop-LF flag), line number, current-line prefix state (first non-space byte, 70-byte window for CheckDataLine, ';' seen, '>' prefix test), pending whitespace run if it matters for nothing (all whitespace is skipped), header bytes (title can be long: keep first word and last 50 bytes + flags only) and the record builder. Must give identical records for every chunking incl. 1-byte chunks (a CR at a chunk end waits for the next byte, EOF resolves it).
AD	13	src/objtools/readers/fasta.cpp	1624-1673	CFastaReader::CreateWarningsForSeqDataInTitle (title ends with 20 nuc / 50 aa)	nuc:/prot: title warning	scan.rs:344-357(end_header); algorithm/blastn/input.rs:280-330	n/a	algorithm/blastx/input.rs:825	faithful	low	keep	o_d1_lfcr_defline	Cannot change records, lengths or IDs, so the scan ignores it. The warning text (stderr/stream 3) 'FASTA-Reader: Title ends with at least 20 valid nucleotide characters.  Was the sequence accidentally put in the title line?' depends on the last 20/50 title bytes INCLUDING trailing white space (kept by NCBI, dropped by bio), so register must store it with the record and replay it in stream 3 each run at the CLI's time (subjects when read; queries per batch). ID/title rules: BI range.
AD	14	-	-	store.rs register: id/index/length JSON	register JSON fields	store.rs:129-136(bio record.id(), index = position in bio list, length = seq().len())	divergent	-	n/a	high	port:S	source	New: id = NCBI title up to the first ' ' (empty if no title, never Query_N); index counts empty records; length = residues kept; non-UTF-8 bytes become U+FFFD only when written to JSON (json.rs:7 takes &str: use from_utf8_lossy at the cut AFTER the split at ' ' in both scan and register so check_scan agrees). Today ids are bio's first Unicode-whitespace token.
AD	15	-	-	store.rs register: check order per program/role	register checks (today)	store.rs:39-120	rejected-now	-	n/a	high	port:L	l_a2_gap100;l_a3_emptydef;l_a5_nodef;l_a6_empty_mid;l_a1_nbsp;l_b1_checkdata (CLI runs of the same functions)	Today in order. BLASTN/TBLASTX query: is_blank?(no records) else check_deflines_of, check_sequence_lines_of, bio parse (error 'failed to read query FASTA: <bio> (FASTA that bio cannot read ... not supported by LOSAT's <P>)'), scan::scan + check_scan, check_residues_of, check_records_have_residues_of. Subject (BLASTN, TBLASTX, TBLASTN): no deflines first; sequence_lines, parse, scan, residues, THEN check_deflines_of, then records_have_residues. BLASTP q/s and TBLASTN q: check_protein_sequence_lines_of, bio parse, scan, check_protein_input_of(deflines then residues), query only: check_records_have_residues_of (a protein subject without residues is a run-time warning). All 'not supported by LOSAT's X' rejections go away with the new reader; remaining register errors: CheckDataLine error, '>?' gap, I/O. Each input is checked alone, as today.
AD	16	-	-	abi_v2.md §4 register rejection list	documented rejections	docs/web/abi_v2.md:83	rejected-now	-	n/a	medium	port:S	o_a3_emptydef;o_a5_blank;o_a6_empty_mid;o_a1_nbsp;o_b7_hyphen	New reading per item: empty defline -> record, ID empty; leading white space skipped (title); byte <0x20 ends the title; non-ASCII title bytes kept; record without residues -> record (warning at run); non-IUPAC residue removed with warning (stream 3); text before first defline -> skipped or headerless record; non-UTF-8 bytes allowed (U+FFFD in JSON); '>?' rejected (maintainer); U read as T unchanged. Doc §4 register and §9 bullet on white-space-only input must be rewritten: kind 1/2 scan of a blank or comment-only file gives records [] (NCBI: no record) instead of 'Expected > at record start.'; app S09 refusal then needs its own message.
AD	17	-	-	store.rs Registered / with_inputs / run.rs run	record type handed to the engine	store.rs:18-23,190-215; run.rs:203-247; engine run_local_{blastn,blastp,tblastn,tblastx}(...&[bio::io::fasta::Record])	unported	algorithm/blastx/input.rs:40(FastaRecord)	faithful	high	port:L	source	bio::fasta::Record has id, desc, seq only. New records must carry: residues (kept form), title bytes (for outfmt 0/7/6 and title warnings), local ID position, lowercase mask or original-case bytes (register runs before argv, so -lcase_masking is a run-time decision: keep both), reader warnings with their text and ordering key, line numbers. Handle rules (program/role match, with_inputs error texts '<h> is not a registered <role> handle', 'registered for X, not Y') stay.
AD	18	-	-	store.rs check_scan	scan vs reader agreement	store.rs:149-176; abi_v2.md §9 register bullet	faithful	-	n/a	medium	keep	source	Keep as the safety net (TD-8): number of records, id, length, residue counts. For kinds 1/2 the engine record must give the same counts as the scan: define residue_counts over the kept residues in the stored form (upper case) on both sides.
AD	19	-	-	run.rs: stream 3 / failure path	warnings to stream 3	run.rs:210-211,257-264(diagnostics StreamWriter, finish only on success); emit.rs:60-90	divergent	-	n/a	medium	port:M	source	Reader warnings that today are derived from bio records inside run_local (write_title_warnings etc.) become stored per record and replayed at NCBI's time (subjects at read time before option errors, queries after 'Query is Empty!' per batch). On a failing run nothing of stream 3 is sent (chunks already emitted are discarded by the host), whereas the CLI prints the warnings before the error: parity only for successful runs; errors of a later query batch (CheckDataLine in batch 2) arrive after batch 1 output in the CLI but fail the whole run here, and register would reject early: session decision (propose register rejects, as today).
AD	20	-	-	run.rs emit_hit_records q_idx/s_idx	HSP record indices (abi_v2 §8)	run.rs:271-277(hit.q_idx,hit.s_idx as the engine numbers them); blastp/blast_engine.rs:683,7673; seq_range.rs:470-500(cut_queries keeps only non-skipped records; ordinals kept only for display)	divergent	-	n/a	medium	port:S	source	s_idx = position in the registered list (prepare_subject maps 1:1; empty subjects keep their index; -subject_loc keeps all records). q_idx = position in the SEARCHED query list: with -query_loc a record whose interval starts past its end is skipped (NCBI ignores it) and later q_idx are shifted, contradicting §8 '0-based record index in the registered inputs'. Map through QueryInput.ordinals in the hits sink. With the new reader empty records count in the registered index, so the engine must keep them in the list (today bio drops from the first empty record on). UNSURE only for BLASTN batches: verify q_idx is global across query batches.
AD	21	-	-	argv-dependent reading	what register must not depend on	web/adapter run.rs:58-75(parse); api/local_blast.rs	faithful	-	n/a	none	keep	source	-lcase_masking, -query_loc/-subject_loc, -outfmt are run-time; -parse_deflines is rejected by the CLI parser; BLASTINPUT_GEN_DELTA_SEQ etc. are absent (empty WASI env). NCBI's reader flags depend only on program and role, so one registered record set serves every argv and every run with a retained subject (R1); reader warnings must be replayed per run.
AD	22	src/algo/blast/blastinput/blast_fasta_input.cpp	130-179	CBlastInputReader::ReadOneSeq (Seq-id on first line)	all: first line alphanumeric -> Seq-id / data loader	-	n/a	-	absent	low	reject:network data loader (DATA_LOADERS)	o_a5_nodef_acc	Not reachable in the Web build: no data loaders (UseDataLoaders false -> CCustomizedFastaReader). With .ncbirc DATA_LOADERS=none the oracle reads 'AC...' as a headerless record (Query_1, o_a5_nodef_acc). BI range owns the live-network behaviour.
AD	23	-	-	web_api.rs run_pair / blastn::run_web_pair	ABI v1 BLASTN (outfmt 6/7 only, no ranges, no -lcase_masking)	web_api.rs:679-760; blastn/blast_engine/run.rs:5170-5230,5110-5121	faithful	-	n/a	none	keep	source;l_a4_cr;l_a3_emptydef	Order (TD-1 frozen): arg parse; bio parse query then subject ('failed to parse in-memory FASTA'); outfmt 0 -> 'unsupported BLASTN output format: 0'; validate_threads; query empty -> check_subjects_not_empty('Empty CBlastQueryVector'), check_scoring_options, empty report; check_deflines(subject) then (query); check_sequence_lines(subject) then (query); if subjects non-empty: check_scoring_options, check_losat_limits, check_records(subject) then (query) (no residues / non-IUPAC); then run_local. Accepted inputs: ASCII deflines without control chars/leading space/'?'/empty, ASCII sequence lines of IUPAC letters (+ trailing whitespace), non-empty records. I found no accepted input where bio and NCBI differ (interior whitespace, ';', '#', digits, '-', CR, NBSP all fail check_records/check_sequence_lines); passing them to the new reader gives the same records. Only change: warnings (e.g. title warning) text unchanged.
AD	24	-	-	web_api.rs run_pair / tblastx::run_web_pair	ABI v1 TBLASTX (outfmt 6 only)	web_api.rs:339-448,679-760; tblastx/blast_engine/run_impl.rs:604-636,1013-1060,1085-1200(check_report_titles skips tabular)	divergent	-	n/a	medium	keep	source	Order: arg parse (outfmt other than 6 rejected); bio parse query, subject; run_local: title warnings, empty subject check, options, 'Query is Empty!' warning; search: check_report_formats, check_report_titles (skipped for outfmt 6), limits, check_residues_of(subject), check_no_empty_interval, check_residues/check_records_have_residues for subject then query. NO check_deflines / check_sequence_lines in v1, so accepted inputs include deflines NCBI reads differently (empty defline: NCBI ID Query_N; tab or non-ASCII in defline; leading space; '>?100' which NCBI turns into 100 N) and an NBSP at a line end (bio drops it, NCBI removes it with a warning; same residues, o_a1_nbsp). With the maintainer's decision (current checks, then new reader) these inputs get NCBI's reading: results for '>?...' and ID text change relative to v1; list for the session as intended consequences. Empty first record: v1 'subject FASTA did not contain any records' only in store; run_pair empty is a CLI-style message.
AD	25	-	-	web_api.rs run_pair / blastp::run_web_pair(_records)	ABI v1 BLASTP (outfmt 0/6/7)	web_api.rs:492-672,679-848; blastp/blast_engine.rs:4566-4660(run_web_pair, check_web_v1_request),4965-5030(run_local)	divergent	-	n/a	medium	keep	source	Order: arg parse; bio parse query, subject ('failed to parse web query FASTA'); check_web_v1_request (options before outfmt, custom field check); run_local: subject range, protein title warnings, empty subject set error, formats/options, 'Query is Empty!', empty-subject warnings, check_protein_residues_of(subject), (query), check_records_have_residues_of(query), engine support check. No deflines or sequence-line byte check: accepted inputs include deflines NCBI reads differently (empty -> Query_N, tab/non-ASCII, '>?'), U+00A0 etc. at line end (bio drops), ';' comment? (';' is not a letter: rejected), residues that are letters only. Same consequence as TBLASTX: new reader changes ID text/gap lines for those inputs; titles trailing-white-space warning now follows NCBI.
AD	26	-	-	web_api.rs run_pair_handles / store_fasta	ABI v1 handle API	web_api.rs:160-173,760-848,869-906; FastaStore insert(:70)	faithful	algorithm/blastx/web.rs:49(run_pair uses own reader)	faithful	low	keep	source	store_fasta: bio parse and 'FASTA store input did not contain any records' (an empty list is an error, unlike v2); stores bytes (BLASTX) and bio records (BLASTP). BLASTN/TBLASTX: 'FASTA handle API is not yet ported for X; use losat_web_run_pair'. BLASTX v1 uses algorithm/blastx/input.rs (already NCBI-style) and is unaffected. TBLASTN is not available in v1 ('unsupported LOSAT program: tblastn'). The handle API for BLASTP must keep working: its records type changes with the shared reader (port with BLASTP).
AD	27	-	-	web_api.rs read_str	ABI v1 UTF-8 requirement	web_api.rs:135-146	faithful	-	n/a	low	keep	source	v1 takes FASTA as &str: non-UTF-8 input fails ('query FASTA is not valid UTF-8') before any reading; this frozen rejection stays and means v1 never sees non-UTF-8 bytes.
AD	28	-	-	web/adapter/tests/scan_properties.rs	property tests of scan vs reader	scan_properties.rs:47-103(reference),161-270(check),286-344(generate),376-405(edge cases)	unported	-	n/a	high	port:L	source	Kind-0 test: xorshift generator (LF/CRLF, uneven lines, blanks, interior/trailing/Unicode ws, non-ASCII ids, empty records, >2*65536 residues, 0xff, leading \n), reference walk with residue offsets, chunk sizes 1, 1..7, 1..4096. Kind 1/2 needs: oracle = the engine reader itself (records, ids, lengths, counts) plus an independent reference walk giving the byte offset of every kept residue; generator additions from COMMON.md: CR-only, mixed EOL, '\n\r' (lost-LF quirk), comment lines ! # ;, ';' mid-line, '-', digits, bytes >=0x80, '>?100' and '>?_x', headerless first record, text before first defline, empty records and '>' alone, titles >1000 bytes, CheckDataLine failures; chunk splits at every byte (a CR at a chunk end) and random; check line_layout both ways (uniform formula, checkpoints + forward read skipping the rules above); error equality (message, no records) and chunk-independent errors.
AD	29	-	-	web/adapter/tests/v_abi.js checkSurface	V-ABI scan/register checks	v_abi.js:223-241	divergent	-	n/a	medium	port:S	source	Line 239-241 expects register('blastp', ACGT without defline) to fail with /Expected > at record start/: under the new reader a headerless protein record is read, so the case changes (use the CheckDataLine error or the '>?' rejection instead). Line 228-236: kind 0 scan vs tblastn register: becomes kind 1/2 per role. Add: scan and register agree for CR-only, mixed, empty records; blank file -> records []. Tools v_abi_cases.py / run_v_abi_parallel.py need no change (they compare run outputs with the native CLI).
AD	30	-	-	docs/evidence/losat_web_e1a/v1_requests.js; LOSAT/tests/check_wasm_threading.py	v1 tools	v1_requests.js:42-70; check_wasm_threading.py:27-61	faithful	-	n/a	none	keep	source	v1_requests.js sends fixed BLASTP FASTA through losat_web_run_pair and prints status/length/sha256/error: rerun with old and new reactor; outputs must match for accepted inputs (TD-1). check_wasm_threading.py builds simple '>seqN' FASTA and runs the command-WASI builds; it does not exercise v1 FASTA parsing.
AD	31	-	-	web/app infra/fake/fake-fasta.ts; infra/data/data-service.ts runInputBytes	app side contract users	fake-fasta.ts:21-131(kind 0 only); data-service.ts:132-160(runInputBytes),359-371(checkRecordTable)	divergent	-	n/a	medium	port:M	source	runInputBytes reads the whole file when no record is excluded, else concatenates [header_offset,end_offset) ranges, adding LF between revisions when the previous part does not end in LF. Hazards for the NCBI reader: a headerless record (see row 3); text between records (comments) is dropped by range reads (no effect on records, line numbers in warnings shift); a revision ending in lone CR gets an LF appended (CR-only -> CRLF at the join: harmless to the reader); recordMismatch compares only id and length. checkRecordTable (header_offset < sequence_offset, previousEnd <= header_offset) must allow headerless and empty-defline records. FakeScanner must learn kinds 1/2 or the fake engine will diverge. sequence-kind.ts estimateKind counts letters of residue_counts case-insensitively: fine for upper-case counts.
AD	32	-	-	oracle: engine reader stream mode	file vs memory stream behaviour	algorithm/blastx/input.rs:1262-1990(FastaStream; backend_available, 8191-byte windows); tests/unit/blastx_stage_e_io_stream_expected.tsv (12180 C++ oracle rows: memory_/file_/exhaustive)	faithful	algorithm/blastx/input.rs:1229,2353	faithful	medium	keep	source	BLASTX's session found NCBI's results depend on the CPushback_Streambuf/in_avail behaviour of the stream (file vs pipe vs seekable). The ABI only has in-memory bytes: the shared reader must behave like the CLI reading a regular file (V-ABI compares with the native CLI on files). The 12180-row fixture is a ready test asset for the shared line splitter, also for the chunked scan.
