[losat-wasi-threads] shared-memory guards: 126 fills, 1233 copies
[losat-wasi-event] {"event":"spawn_attempt","at_ms":245.051093,"tid":1,"attempt":1}
[losat-wasi-event] {"event":"spawned","at_ms":248.97621,"tid":1}
[losat-wasi-threads] worker boot tid=1
[losat-wasi-threads] worker instantiate tid=1 start_arg=2506184
[losat-wasi-threads] worker start tid=1
[losat-wasi-event] {"event":"ready","at_ms":374.459284,"tid":1}
[losat-wasi-event] {"event":"spawn_attempt","at_ms":374.969514,"tid":2,"attempt":2}
[losat-wasi-event] {"event":"spawned","at_ms":375.881025,"tid":2}
[losat-wasi-threads] worker boot tid=2
[losat-wasi-threads] worker instantiate tid=2 start_arg=3555560
[losat-wasi-threads] worker start tid=2
[losat-wasi-event] {"event":"ready","at_ms":511.839015,"tid":2}
[losat-thread-pool] program=blastn requested_threads=2 pool_threads=2 caller_participates=false measured_activity=null
[losat-thread-stage] program=blastn stage=subjects work_items=1 parallel_selected=false measured_activity=null
[losat-thread-stage] program=blastn stage=subject_chunks work_items=1 parallel_selected=false measured_activity=null
[losat-thread-stage] program=blastn stage=dp_traceback_max_batch work_items=16 parallel_selected=true measured_activity=null
[DP-DIAGNOSTIC] subject=0 consumed=59087 fallback=0 scratch_count=2 scratch_creation_seconds=0.000003604 scratch_initial=[9600, 9600] scratch_final=[5114714, 5102711] batches=[(0, 16, 0.073004238, [(8, (0, 0.072624198, 0.000211125, 0.072836557)), (8, (1, 0.06317929, 0.000363438, 0.06354384))]), (16, 9, 0.02258493, [(5, (0, 0.022533564, 4.7222e-5, 0.022581368)), (4, (1, 0.021487388, 7.7401e-5, 0.021565733))]), (32, 10, 0.006455678, [(5, (0, 0.005216957, 2.4175e-5, 0.005241765)), (5, (1, 0.006341548, 4.814e-5, 0.006390123))]), (48, 14, 0.00777385, [(7, (0, 0.007753893, 1.7655e-5, 0.007772)), (7, (1, 0.006846152, 4.2534e-5, 0.006889465))]), (64, 14, 0.006600075, [(7, (0, 0.006576662, 2.1799e-5, 0.006598767)), (7, (1, 0.006308768, 5.164e-5, 0.006360744))]), (80, 14, 0.004926195, [(7, (0, 0.004029161, 1.5536e-5, 0.00404495)), (7, (1, 0.004845825, 3.9349e-5, 0.004885954))]), (96, 16, 0.006692888, [(8, (0, 0.006673875, 1.6355e-5, 0.006690727)), (8, (1, 0.006552002, 3.2604e-5, 0.006585548))]), (112, 16, 0.007051415, [(8, (0, 0.007028674, 1.9204e-5, 0.007048509)), (8, (1, 0.006246439, 3.4715e-5, 0.006281735))]), (128, 11, 0.003867227, [(6, (0, 0.003838004, 2.6582e-5, 0.003865205)), (5, (1, 0.003423922, 5.911e-5, 0.003483422))]), (144, 16, 0.00417399, [(8, (0, 0.004099966, 1.9007e-5, 0.004119276)), (8, (1, 0.004085637, 5.8662e-5, 0.004145513))]), (160, 14, 0.009652442, [(7, (0, 0.004550974, 1.6569e-5, 0.004568174)), (7, (1, 0.009564038, 2.7953e-5, 0.009592474))]), (176, 8, 0.00303696, [(4, (0, 0.003018697, 1.6675e-5, 0.003035693)), (4, (1, 0.002725303, 2.4484e-5, 0.002750176))]), (192, 7, 0.003313434, [(4, (0, 0.003293489, 1.8326e-5, 0.003312484)), (3, (1, 0.002797603, 3.3507e-5, 0.002831539))]), (208, 5, 0.001914625, [(3, (0, 0.001895514, 1.8035e-5, 0.001913889)), (2, (1, 0.001055863, 4.06e-5, 0.001096895))]), (224, 8, 0.002193057, [(4, (0, 0.002047449, 2.1721e-5, 0.002069649)), (4, (1, 0.00212131, 4.0147e-5, 0.002161732))]), (240, 7, 0.002350985, [(4, (0, 0.002333358, 1.6685e-5, 0.002350286)), (3, (1, 0.002058649, 2.3078e-5, 0.002082154))]), (256, 12, 0.003078972, [(6, (0, 0.003060677, 1.7282e-5, 0.003078187)), (6, (1, 0.002605438, 3.2106e-5, 0.002637871))]), (272, 11, 0.00265154, [(6, (0, 0.002632728, 1.7859e-5, 0.002650832)), (5, (1, 0.002340155, 4.0719e-5, 0.002381359))]), (288, 10, 0.002596851, [(5, (0, 0.002581646, 1.4249e-5, 0.002596125)), (5, (1, 0.002431996, 2.7077e-5, 0.002467138))]), (304, 11, 0.003341305, [(6, (0, 0.003322704, 1.5851e-5, 0.003339187)), (5, (1, 0.001848383, 3.6473e-5, 0.001885561))]), (320, 15, 0.004825443, [(8, (0, 0.004785383, 3.738e-5, 0.004823141)), (7, (1, 0.00396524, 6.0078e-5, 0.004025636))]), (336, 14, 0.006298754, [(7, (0, 0.005634111, 2.5846e-5, 0.005660326)), (7, (1, 0.006165689, 3.813e-5, 0.006204158))]), (352, 16, 0.006311297, [(8, (0, 0.004637212, 1.7988e-5, 0.004655893)), (8, (1, 0.006232106, 2.5073e-5, 0.006257434))]), (368, 15, 0.005875271, [(8, (0, 0.005394715, 8.244e-6, 0.005403495)), (7, (1, 0.005770652, 1.4254e-5, 0.005785403))]), (384, 13, 0.004230002, [(7, (0, 0.004211613, 1.598e-5, 0.004227989)), (6, (1, 0.003223377, 2.5022e-5, 0.003248969))]), (400, 15, 0.009037571, [(8, (0, 0.003301546, 2.4818e-5, 0.003327017)), (7, (1, 0.008882129, 4.7495e-5, 0.008930068))]), (416, 15, 0.005166941, [(8, (0, 0.005141595, 2.2486e-5, 0.005164858)), (7, (1, 0.004195332, 2.8863e-5, 0.004224504))]), (432, 16, 0.00444634, [(8, (0, 0.004415583, 2.7483e-5, 0.004443817)), (8, (1, 0.003191965, 4.3244e-5, 0.003235635))]), (448, 15, 0.004126922, [(8, (0, 0.004097307, 2.8146e-5, 0.004125826)), (7, (1, 0.00339985, 5.2489e-5, 0.00345298))]), (464, 8, 0.001698052, [(4, (0, 0.001679502, 1.7168e-5, 0.001697154)), (4, (1, 0.001259683, 3.7311e-5, 0.001297321))]), (480, 6, 0.001609496, [(3, (0, 0.000940381, 1.7537e-5, 0.000958183)), (3, (1, 0.001501307, 4.2476e-5, 0.00154407))]), (496, 11, 0.001928678, [(6, (0, 0.001921607, 5.478e-6, 0.001927396)), (5, (1, 0.001726662, 3.2866e-5, 0.001759774))]), (512, 10, 0.0019161, [(5, (0, 0.001617273, 1.7055e-5, 0.001634613)), (5, (1, 0.001735054, 2.5865e-5, 0.001761158))]), (528, 14, 0.005918183, [(7, (0, 0.005897795, 1.5715e-5, 0.005914703)), (7, (1, 0.00237452, 2.6925e-5, 0.002401965))]), (544, 13, 0.002682523, [(7, (0, 0.002437543, 4.2726e-5, 0.002480917)), (6, (1, 0.002570383, 8.1393e-5, 0.002652259))]), (560, 15, 0.003158351, [(8, (0, 0.003140307, 1.668e-5, 0.003157274)), (7, (1, 0.002329724, 2.4143e-5, 0.002354472))]), (576, 12, 0.001936098, [(6, (0, 0.001764683, 1.5761e-5, 0.001780731)), (6, (1, 0.001802954, 2.4078e-5, 0.001827721))]), (592, 16, 0.003051364, [(8, (0, 0.002767684, 1.5135e-5, 0.002783188)), (8, (1, 0.002959323, 2.3059e-5, 0.002982705))]), (608, 15, 0.003288991, [(8, (0, 0.003272978, 1.3562e-5, 0.003286891)), (7, (1, 0.002972784, 1.9742e-5, 0.002992826))]), (624, 15, 0.003347386, [(8, (0, 0.003323501, 2.2007e-5, 0.003345829)), (7, (1, 0.003087675, 0.000105475, 0.003193778))]), (640, 15, 0.003247751, [(8, (0, 0.003226448, 1.9306e-5, 0.003246206)), (7, (1, 0.00276993, 4.6286e-5, 0.002816598))]), (656, 16, 0.003901799, [(8, (0, 0.003874916, 2.5634e-5, 0.003900934)), (8, (1, 0.003361236, 7.0873e-5, 0.003432617))]), (672, 15, 0.003268244, [(8, (0, 0.003250477, 1.6267e-5, 0.003267096)), (7, (1, 0.002750986, 2.802e-5, 0.002779262))]), (688, 14, 0.002384699, [(7, (0, 0.002368862, 1.4354e-5, 0.002383541)), (7, (1, 0.002277551, 6.4762e-5, 0.002342683))]), (704, 16, 0.003820711, [(8, (0, 0.00308689, 1.6924e-5, 0.003104293)), (8, (1, 0.0036953, 3.1897e-5, 0.003727575))]), (720, 15, 0.003176107, [(8, (0, 0.003157176, 1.7228e-5, 0.003174977)), (7, (1, 0.003115527, 2.4255e-5, 0.003140139))]), (736, 13, 0.003276706, [(7, (0, 0.0029062, 1.8172e-5, 0.00292476)), (6, (1, 0.003158213, 2.5529e-5, 0.003183997))]), (752, 14, 0.002916703, [(7, (0, 0.002811518, 1.7762e-5, 0.002829772)), (7, (1, 0.002860249, 2.9215e-5, 0.00288969))]), (768, 16, 0.003795598, [(8, (0, 0.003693484, 1.9821e-5, 0.003713681)), (8, (1, 0.003725848, 4.4821e-5, 0.003771215))]), (784, 16, 0.003108377, [(8, (0, 0.003092159, 1.448e-5, 0.003107125)), (8, (1, 0.002825618, 2.2079e-5, 0.002848133))]), (800, 16, 0.004162778, [(8, (0, 0.003558067, 2.3245e-5, 0.00358175)), (8, (1, 0.004029885, 4.609e-5, 0.004085252))]), (816, 16, 0.003172603, [(8, (0, 0.003001195, 1.3658e-5, 0.003015222)), (8, (1, 0.003094011, 5.1305e-5, 0.003146062))]), (832, 16, 0.003293807, [(8, (0, 0.003275159, 1.6936e-5, 0.003292696)), (8, (1, 0.002933692, 7.2399e-5, 0.003006432))]), (848, 16, 0.003538767, [(8, (0, 0.003285397, 1.6595e-5, 0.003302408)), (8, (1, 0.003433646, 7.001e-5, 0.003504101))]), (864, 16, 0.003188898, [(8, (0, 0.003169906, 1.7758e-5, 0.003187963)), (8, (1, 0.002851841, 2.5109e-5, 0.002877246))]), (880, 16, 0.003732773, [(8, (0, 0.003054557, 1.8148e-5, 0.003073029)), (8, (1, 0.003633262, 4.2498e-5, 0.003676064))]), (896, 16, 0.003091089, [(8, (0, 0.003072674, 1.7003e-5, 0.003090081)), (8, (1, 0.00280892, 4.1373e-5, 0.002850597))]), (912, 16, 0.003148203, [(8, (0, 0.003129216, 1.7484e-5, 0.003147121)), (8, (1, 0.003113387, 2.4065e-5, 0.00313776))]), (928, 16, 0.003574223, [(8, (0, 0.003170392, 1.6467e-5, 0.003187257)), (8, (1, 0.003456683, 2.2662e-5, 0.003479726))]), (944, 16, 0.003936879, [(8, (0, 0.003915347, 1.7953e-5, 0.003934021)), (8, (1, 0.003361696, 2.7043e-5, 0.003388993))]), (960, 16, 0.003601658, [(8, (0, 0.003121281, 2.5299e-5, 0.003147079)), (8, (1, 0.003463276, 4.2694e-5, 0.003506235))]), (976, 16, 0.003809943, [(8, (0, 0.003787054, 1.9497e-5, 0.003807166)), (8, (1, 0.003221125, 2.5941e-5, 0.00324742))]), (992, 15, 0.00301184, [(8, (0, 0.002980957, 2.9612e-5, 0.003010973)), (7, (1, 0.002693229, 4.7552e-5, 0.002741148))]), (1008, 16, 0.003065795, [(8, (0, 0.003038254, 2.6139e-5, 0.003064727)), (8, (1, 0.003014414, 3.102e-5, 0.003045971))]), (1024, 16, 0.003674894, [(8, (0, 0.003652939, 2.0597e-5, 0.003673854)), (8, (1, 0.003217961, 3.1214e-5, 0.003249848))]), (1040, 16, 0.003486505, [(8, (0, 0.002869675, 1.6597e-5, 0.002886576)), (8, (1, 0.003397381, 2.7218e-5, 0.003424952))]), (1056, 16, 0.003371266, [(8, (0, 0.003259685, 1.7257e-5, 0.003277329)), (8, (1, 0.003323191, 2.5893e-5, 0.003349397))]), (1072, 16, 0.003439678, [(8, (0, 0.003415919, 2.1676e-5, 0.003437908)), (8, (1, 0.003027453, 2.9201e-5, 0.003057045))]), (1088, 15, 0.005191216, [(8, (0, 0.005166529, 2.3364e-5, 0.005190212)), (7, (1, 0.003327428, 5.8828e-5, 0.003386987))]), (1104, 16, 0.003445077, [(8, (0, 0.003424664, 1.871e-5, 0.003443656)), (8, (1, 0.0029273, 6.7783e-5, 0.00299548))]), (1120, 16, 0.003428264, [(8, (0, 0.003410438, 1.6875e-5, 0.00342753)), (8, (1, 0.003054551, 2.3651e-5, 0.0030787))]), (1136, 16, 0.003100783, [(8, (0, 0.003081745, 1.7723e-5, 0.003099712)), (8, (1, 0.0029728, 5.3557e-5, 0.003026699))]), (1152, 16, 0.003125865, [(8, (0, 0.003104842, 1.9961e-5, 0.003125078)), (8, (1, 0.002700639, 3.9047e-5, 0.002740043))]), (1168, 16, 0.003164724, [(8, (0, 0.003147931, 1.5867e-5, 0.003164026)), (8, (1, 0.003103752, 3.4111e-5, 0.003138428))]), (1184, 16, 0.003554935, [(8, (0, 0.003062462, 1.5312e-5, 0.003077993)), (8, (1, 0.003445139, 2.2015e-5, 0.003467636))]), (1200, 16, 0.003904195, [(8, (0, 0.003883539, 1.7543e-5, 0.003901681)), (8, (1, 0.003468246, 2.7502e-5, 0.003496213))]), (1216, 16, 0.003159219, [(8, (0, 0.003131205, 2.4939e-5, 0.003156556)), (8, (1, 0.003044444, 4.6285e-5, 0.003091361))]), (1232, 15, 0.002899568, [(8, (0, 0.002699465, 2.3527e-5, 0.002723601)), (7, (1, 0.002826797, 3.1914e-5, 0.002859167))]), (1248, 15, 0.002676907, [(8, (0, 0.002657777, 1.7033e-5, 0.002675224)), (7, (1, 0.002578613, 3.453e-5, 0.002613605))]), (1264, 16, 0.00333826, [(8, (0, 0.002916759, 2.8171e-5, 0.002945559)), (8, (1, 0.003244826, 3.8287e-5, 0.003283638))]), (1280, 16, 0.003142481, [(8, (0, 0.003119822, 2.1315e-5, 0.003141543)), (8, (1, 0.003075379, 2.7695e-5, 0.003103597))]), (1296, 16, 0.003227908, [(8, (0, 0.003015778, 2.0566e-5, 0.003036996)), (8, (1, 0.003169991, 2.8903e-5, 0.003199115))]), (1312, 16, 0.003474354, [(8, (0, 0.003323163, 2.0274e-5, 0.003343877)), (8, (1, 0.003367448, 4.8697e-5, 0.003416853))]), (1328, 16, 0.003411001, [(8, (0, 0.003386637, 2.1782e-5, 0.003408767)), (8, (1, 0.003351169, 3.9014e-5, 0.003390766))]), (1344, 16, 0.003178641, [(8, (0, 0.003154455, 2.1867e-5, 0.003176696)), (8, (1, 0.00305907, 3.9828e-5, 0.003099511))]), (1360, 16, 0.003433498, [(8, (0, 0.003410943, 2.0889e-5, 0.003432174)), (8, (1, 0.003225612, 2.9713e-5, 0.003255811))]), (1376, 15, 0.003515852, [(8, (0, 0.003494141, 2.0271e-5, 0.003514678)), (7, (1, 0.003404863, 4.5541e-5, 0.003450936))]), (1392, 16, 0.003458367, [(8, (0, 0.003438723, 1.7584e-5, 0.003456694)), (8, (1, 0.003129818, 2.7933e-5, 0.003158151))]), (1408, 16, 0.004276499, [(8, (0, 0.003574435, 1.826e-5, 0.003592936)), (8, (1, 0.004185712, 3.7028e-5, 0.00422355))]), (1424, 16, 0.003320613, [(8, (0, 0.003293062, 2.5517e-5, 0.003318961)), (8, (1, 0.003037949, 4.272e-5, 0.003081205))]), (1440, 16, 0.003176381, [(8, (0, 0.003151133, 2.229e-5, 0.003174112)), (8, (1, 0.003040553, 2.9079e-5, 0.003069965))]), (1456, 16, 0.003413332, [(8, (0, 0.003377042, 2.8175e-5, 0.003405751)), (8, (1, 0.003115976, 5.1662e-5, 0.003168145))]), (1472, 16, 0.002824972, [(8, (0, 0.002798634, 2.491e-5, 0.002823893)), (8, (1, 0.00249933, 8.7691e-5, 0.002587462))]), (1488, 15, 0.003213255, [(8, (0, 0.003187938, 2.391e-5, 0.003212273)), (7, (1, 0.002474527, 5.7552e-5, 0.002532766))]), (1504, 15, 0.003272137, [(8, (0, 0.003161755, 2.0493e-5, 0.003182677)), (7, (1, 0.003206269, 3.7027e-5, 0.003243665))]), (1520, 16, 0.00322062, [(8, (0, 0.003124192, 1.7616e-5, 0.003142163)), (8, (1, 0.00317092, 2.6291e-5, 0.003197507))]), (1536, 15, 0.003213412, [(8, (0, 0.003193933, 1.8357e-5, 0.003212544)), (7, (1, 0.00256527, 2.417e-5, 0.00258973))]), (1552, 16, 0.00397606, [(8, (0, 0.003582606, 1.934e-5, 0.00360251)), (8, (1, 0.003870322, 4.7592e-5, 0.003918406))]), (1568, 16, 0.00399918, [(8, (0, 0.003976079, 2.0126e-5, 0.003996575)), (8, (1, 0.003537687, 4.1974e-5, 0.003580303))]), (1584, 16, 0.003095624, [(8, (0, 0.00306621, 2.7509e-5, 0.003094149)), (8, (1, 0.00287511, 4.2503e-5, 0.002918251))]), (1600, 16, 0.003200207, [(8, (0, 0.003176984, 2.0694e-5, 0.003198163)), (8, (1, 0.003118418, 3.1209e-5, 0.003150043))]), (1616, 15, 0.003167449, [(8, (0, 0.003133577, 3.246e-5, 0.003166415)), (7, (1, 0.002673884, 4.4294e-5, 0.002718596))]), (1632, 14, 0.003532268, [(7, (0, 0.00342588, 2.3154e-5, 0.0034493)), (7, (1, 0.00344858, 5.313e-5, 0.003502115))]), (1648, 15, 0.004080147, [(8, (0, 0.004057027, 2.1915e-5, 0.004079223)), (7, (1, 0.003273817, 4.6828e-5, 0.003321307))]), (1664, 16, 0.003371166, [(8, (0, 0.003340097, 2.821e-5, 0.00336883)), (8, (1, 0.003315128, 4.994e-5, 0.003365429))]), (1680, 16, 0.003386736, [(8, (0, 0.003357447, 2.6498e-5, 0.00338447)), (8, (1, 0.003325391, 3.4053e-5, 0.003359769))]), (1696, 16, 0.003987766, [(8, (0, 0.003699223, 3.215e-5, 0.003732045)), (8, (1, 0.003909956, 4.9271e-5, 0.003959824))]), (1712, 16, 0.003050882, [(8, (0, 0.002861997, 2.0764e-5, 0.002883181)), (8, (1, 0.002982935, 3.9553e-5, 0.003023144))]), (1728, 16, 0.003272152, [(8, (0, 0.003247667, 2.2122e-5, 0.003270243)), (8, (1, 0.00313826, 3.8495e-5, 0.003177587))]), (1744, 16, 0.003517601, [(8, (0, 0.003149224, 2.6083e-5, 0.003175852)), (8, (1, 0.003439623, 4.199e-5, 0.00348202))]), (1760, 16, 0.00337905, [(8, (0, 0.003120575, 2.3303e-5, 0.003144365)), (8, (1, 0.003309993, 2.987e-5, 0.003340211))]), (1776, 15, 0.003054942, [(8, (0, 0.003026744, 2.6738e-5, 0.003053988)), (7, (1, 0.00264387, 5.3791e-5, 0.002698168))]), (1792, 13, 0.002596492, [(7, (0, 0.002572737, 2.2357e-5, 0.002595482)), (6, (1, 0.002241656, 4.4616e-5, 0.002286744))]), (1808, 16, 0.003574218, [(8, (0, 0.00355128, 2.0822e-5, 0.003572525)), (8, (1, 0.002810103, 6.3193e-5, 0.002873811))]), (1824, 16, 0.004239958, [(8, (0, 0.003998185, 2.4859e-5, 0.004023713)), (8, (1, 0.004078527, 0.000111355, 0.004198332))]), (1840, 15, 0.003974715, [(8, (0, 0.003950616, 2.1378e-5, 0.003972664)), (7, (1, 0.002786588, 3.1432e-5, 0.002818428))]), (1856, 14, 0.002960718, [(7, (0, 0.002584546, 2.7349e-5, 0.002612286)), (7, (1, 0.002866053, 6.6595e-5, 0.002933336))]), (1872, 15, 0.003268181, [(8, (0, 0.003247485, 1.9201e-5, 0.003267082)), (7, (1, 0.002285786, 3.4154e-5, 0.002320423))]), (1888, 12, 0.002512448, [(6, (0, 0.002482229, 2.1186e-5, 0.002503811)), (6, (1, 0.002453767, 5.6541e-5, 0.002510796))]), (1904, 15, 0.003083836, [(8, (0, 0.003062074, 2.0342e-5, 0.003082725)), (7, (1, 0.002794145, 3.46e-5, 0.002829262))]), (1920, 15, 0.004034726, [(8, (0, 0.004012152, 2.1439e-5, 0.004033869)), (7, (1, 0.003097758, 2.8761e-5, 0.003126832))]), (1936, 14, 0.003668394, [(7, (0, 0.002564592, 1.8403e-5, 0.002583302)), (7, (1, 0.003567124, 4.0132e-5, 0.003607938))]), (1952, 16, 0.004612901, [(8, (0, 0.004347582, 1.9704e-5, 0.004367623)), (8, (1, 0.004546968, 3.9839e-5, 0.004587139))]), (1968, 13, 0.002655376, [(7, (0, 0.00253806, 3.0954e-5, 0.002569362)), (6, (1, 0.00256884, 5.5759e-5, 0.002624921))]), (1984, 15, 0.003050959, [(8, (0, 0.003023136, 2.6794e-5, 0.00305017)), (7, (1, 0.002810472, 3.5408e-5, 0.002846228))]), (2000, 15, 0.003421221, [(8, (0, 0.003397908, 2.2253e-5, 0.003420368)), (7, (1, 0.003117324, 0.00010318, 0.003221309))]), (2016, 11, 0.003500094, [(6, (0, 0.003479936, 1.8702e-5, 0.003498865)), (5, (1, 0.002412168, 7.5597e-5, 0.00248826))]), (2032, 16, 0.003562911, [(8, (0, 0.003247364, 2.3455e-5, 0.003271057)), (8, (1, 0.003456024, 5.7565e-5, 0.003514035))]), (2048, 12, 0.002995248, [(6, (0, 0.002453637, 2.4714e-5, 0.002478822)), (6, (1, 0.002840165, 4.2964e-5, 0.002883379))]), (2064, 13, 0.0036002, [(7, (0, 0.003574562, 2.2802e-5, 0.003597745)), (6, (1, 0.002315891, 2.8887e-5, 0.00234503))]), (2080, 15, 0.003938434, [(8, (0, 0.00390698, 2.9941e-5, 0.003937432)), (7, (1, 0.002703727, 5.7253e-5, 0.002761431))]), (2096, 16, 0.003892722, [(8, (0, 0.003864185, 2.7041e-5, 0.003891621)), (8, (1, 0.003702798, 8.2457e-5, 0.003786064))]), (2112, 16, 0.003301433, [(8, (0, 0.00300283, 2.3992e-5, 0.003027167)), (8, (1, 0.003140304, 4.748e-5, 0.003188312))]), (2128, 16, 0.003488055, [(8, (0, 0.003462282, 2.2095e-5, 0.003484989)), (8, (1, 0.003155297, 3.1796e-5, 0.003187698))]), (2144, 13, 0.003123854, [(7, (0, 0.003084051, 3.714e-5, 0.00312176)), (6, (1, 0.002489554, 6.6579e-5, 0.002556704))]), (2160, 13, 0.002742545, [(7, (0, 0.002585433, 4.1893e-5, 0.002627926)), (6, (1, 0.002568709, 0.000104976, 0.002674264))]), (2176, 10, 0.002503846, [(5, (0, 0.002477967, 2.4001e-5, 0.002502316)), (5, (1, 0.002053541, 3.5122e-5, 0.002089109))]), (2192, 15, 0.00338541, [(8, (0, 0.002957445, 2.2293e-5, 0.002980531)), (7, (1, 0.003241585, 4.1389e-5, 0.003283301))]), (2208, 16, 0.003798752, [(8, (0, 0.003771788, 2.3069e-5, 0.003795288)), (8, (1, 0.003524737, 3.1502e-5, 0.003556709))]), (2224, 15, 0.002748732, [(8, (0, 0.002715955, 3.0378e-5, 0.002746721)), (7, (1, 0.002582391, 4.922e-5, 0.002631932))]), (2240, 15, 0.003397165, [(8, (0, 0.00337249, 2.2832e-5, 0.003395802)), (7, (1, 0.002867067, 3.0523e-5, 0.002898002))]), (2256, 13, 0.003034903, [(7, (0, 0.003001478, 3.197e-5, 0.003033757)), (6, (1, 0.00290739, 9.763e-5, 0.003006291))]), (2272, 14, 0.00280188, [(7, (0, 0.002776671, 2.4019e-5, 0.002801048)), (7, (1, 0.002682848, 4.7964e-5, 0.002731523))]), (2288, 16, 0.003796949, [(8, (0, 0.003116693, 1.979e-5, 0.003136864)), (8, (1, 0.003698853, 2.6853e-5, 0.003733847))]), (2304, 16, 0.004101135, [(8, (0, 0.004072639, 2.5195e-5, 0.004098317)), (8, (1, 0.003148329, 3.5134e-5, 0.003183825))]), (2320, 14, 0.002629743, [(7, (0, 0.0023597, 3.3774e-5, 0.002393858)), (7, (1, 0.002547519, 5.1775e-5, 0.002599722))]), (2336, 15, 0.003832342, [(8, (0, 0.003810574, 1.9666e-5, 0.003830619)), (7, (1, 0.003738308, 2.7031e-5, 0.003765719))]), (2352, 13, 0.002751747, [(7, (0, 0.002728008, 2.2359e-5, 0.002750759)), (6, (1, 0.002655986, 3.4093e-5, 0.002690474))]), (2368, 13, 0.003197168, [(7, (0, 0.00317175, 2.3986e-5, 0.003196201)), (6, (1, 0.001962971, 7.3441e-5, 0.002037216))]), (2384, 14, 0.003004474, [(7, (0, 0.002431439, 2.6623e-5, 0.002458377)), (7, (1, 0.002813621, 5.442e-5, 0.002868771))]), (2400, 15, 0.003521399, [(8, (0, 0.003276784, 2.4395e-5, 0.003301773)), (7, (1, 0.003335903, 3.0472e-5, 0.003366778))]), (2416, 13, 0.003348128, [(7, (0, 0.00332125, 2.4854e-5, 0.003346583)), (6, (1, 0.002227229, 3.0254e-5, 0.00225771))]), (2432, 16, 0.00345323, [(8, (0, 0.003119449, 3.1272e-5, 0.003150959)), (8, (1, 0.003323832, 9.5629e-5, 0.003420125))]), (2448, 14, 0.003336112, [(7, (0, 0.003314233, 2.0555e-5, 0.00333501)), (7, (1, 0.00271575, 3.7494e-5, 0.00275392))]), (2464, 16, 0.003792101, [(8, (0, 0.003622843, 2.9133e-5, 0.003652221)), (8, (1, 0.003719252, 4.8054e-5, 0.003767791))]), (2480, 16, 0.003684774, [(8, (0, 0.003663214, 1.9013e-5, 0.003682765)), (8, (1, 0.003181203, 2.5742e-5, 0.003207195))]), (2496, 15, 0.004199216, [(8, (0, 0.004160811, 3.4253e-5, 0.004195716)), (7, (1, 0.002805713, 9.9888e-5, 0.002906064))]), (2512, 13, 0.002965025, [(7, (0, 0.002926287, 3.7218e-5, 0.002963988)), (6, (1, 0.002520862, 9.7212e-5, 0.002618733))]), (2528, 15, 0.003360906, [(8, (0, 0.003337568, 2.1564e-5, 0.003359728)), (7, (1, 0.003047901, 4.361e-5, 0.003091958))]), (2544, 14, 0.002721831, [(7, (0, 0.002635841, 1.9208e-5, 0.002655412)), (7, (1, 0.002662128, 3.1286e-5, 0.00269365))]), (2560, 16, 0.003048217, [(8, (0, 0.002882712, 1.6634e-5, 0.002899715)), (8, (1, 0.003005485, 2.3578e-5, 0.003029293))]), (2576, 14, 0.003098283, [(7, (0, 0.003076837, 2.01e-5, 0.003097252)), (7, (1, 0.00241586, 2.6272e-5, 0.002442478))]), (2592, 16, 0.003475902, [(8, (0, 0.003451725, 2.223e-5, 0.003474326)), (8, (1, 0.002756493, 3.4121e-5, 0.002790968))]), (2608, 15, 0.003257706, [(8, (0, 0.003231249, 2.5326e-5, 0.003256882)), (7, (1, 0.002403966, 6.5482e-5, 0.002469973))]), (2624, 13, 0.002898859, [(7, (0, 0.002878517, 1.8824e-5, 0.002897585)), (6, (1, 0.002507672, 3.789e-5, 0.002546086))]), (2640, 11, 0.002339446, [(6, (0, 0.002314319, 2.3957e-5, 0.002338555)), (5, (1, 0.001802189, 8.3536e-5, 0.001886311))]), (2656, 14, 0.003209187, [(7, (0, 0.002505355, 2.1184e-5, 0.002527008)), (7, (1, 0.002982568, 5.0804e-5, 0.003033776))]), (2672, 16, 0.002973102, [(8, (0, 0.002949646, 2.0897e-5, 0.002971061)), (8, (1, 0.002567982, 2.636e-5, 0.002594648))]), (2688, 16, 0.002945953, [(8, (0, 0.002915787, 2.8402e-5, 0.002944592)), (8, (1, 0.002783989, 7.9577e-5, 0.002864032))]), (2704, 16, 0.003729059, [(8, (0, 0.003426521, 2.4773e-5, 0.003451739)), (8, (1, 0.003520719, 3.3517e-5, 0.003554596))]), (2720, 11, 0.002438218, [(6, (0, 0.002413226, 2.2475e-5, 0.002436079)), (5, (1, 0.001994667, 3.1177e-5, 0.00202613))]), (2736, 9, 0.001710765, [(5, (0, 0.00168227, 2.7018e-5, 0.001709617)), (4, (1, 0.001581738, 5.8066e-5, 0.00164034))]), (2752, 11, 0.001882912, [(6, (0, 0.001860227, 2.098e-5, 0.001881492)), (5, (1, 0.001503084, 3.7627e-5, 0.001541119))]), (2768, 15, 0.002808881, [(8, (0, 0.002788339, 1.8837e-5, 0.002807469)), (7, (1, 0.002593552, 2.8385e-5, 0.002622281))]), (2784, 15, 0.002773072, [(8, (0, 0.002751591, 2.0179e-5, 0.002772007)), (7, (1, 0.002482819, 5.6207e-5, 0.002539756))]), (2800, 13, 0.003612111, [(7, (0, 0.003583731, 2.6464e-5, 0.003610447)), (6, (1, 0.003284584, 3.9535e-5, 0.003324643))]), (2816, 10, 0.002276504, [(5, (0, 0.002253626, 2.1481e-5, 0.002275403)), (5, (1, 0.002119794, 4.1261e-5, 0.002161631))]), (2832, 16, 0.003500075, [(8, (0, 0.003477285, 1.9931e-5, 0.003497831)), (8, (1, 0.003033108, 3.3645e-5, 0.003067121))]), (2848, 12, 0.003407635, [(6, (0, 0.00247053, 3.8427e-5, 0.002509624)), (6, (1, 0.003261079, 5.704e-5, 0.003318705))]), (2864, 10, 0.001852992, [(5, (0, 0.001830903, 1.9764e-5, 0.001851099)), (5, (1, 0.00178335, 2.9762e-5, 0.00181356))]), (2880, 12, 0.001890821, [(6, (0, 0.001762293, 2.1135e-5, 0.001783862)), (6, (1, 0.001825964, 3.4135e-5, 0.0018607))]), (2896, 10, 0.002444614, [(5, (0, 0.002415358, 2.6148e-5, 0.002442079)), (5, (1, 0.00192224, 3.449e-5, 0.001957168))]), (2912, 15, 0.00296409, [(8, (0, 0.002936352, 2.61e-5, 0.002962907)), (7, (1, 0.002594828, 4.1752e-5, 0.002637273))]), (2928, 15, 0.00332431, [(8, (0, 0.00329884, 2.3029e-5, 0.003322481)), (7, (1, 0.002699985, 3.8021e-5, 0.002738399))]), (2944, 15, 0.003069075, [(8, (0, 0.003036242, 3.0549e-5, 0.003067267)), (7, (1, 0.002541959, 4.5519e-5, 0.002587954))]), (2960, 8, 0.00206075, [(4, (0, 0.00142217, 2.3215e-5, 0.001445753)), (4, (1, 0.001996121, 3.6181e-5, 0.002032943))]), (2976, 11, 0.002368, [(6, (0, 0.002344596, 2.1444e-5, 0.002366558)), (5, (1, 0.001646863, 2.7048e-5, 0.001674195))]), (2992, 7, 0.001433255, [(4, (0, 0.001411289, 2.101e-5, 0.001432631)), (3, (1, 0.001042961, 3.3046e-5, 0.001076414))]), (3008, 6, 0.001187539, [(3, (0, 0.000880862, 1.6571e-5, 0.000897711)), (3, (1, 0.001127783, 2.9094e-5, 0.00115733))]), (3024, 15, 0.002539076, [(8, (0, 0.002516426, 2.0971e-5, 0.002537745)), (7, (1, 0.002416226, 3.2128e-5, 0.002448952))]), (3040, 12, 0.002431851, [(6, (0, 0.001884001, 2.1337e-5, 0.001905749)), (6, (1, 0.002370426, 2.8945e-5, 0.002399815))]), (3056, 11, 0.002188757, [(6, (0, 0.002166305, 2.1191e-5, 0.002187825)), (5, (1, 0.001999977, 3.4932e-5, 0.002035469))]), (3072, 13, 0.00251009, [(7, (0, 0.002492161, 1.6708e-5, 0.00250925)), (6, (1, 0.002286291, 2.9531e-5, 0.002316329))]), (3088, 9, 0.002114455, [(5, (0, 0.00208859, 2.4901e-5, 0.002113746)), (4, (1, 0.001750087, 3.322e-5, 0.001783762))]), (3104, 4, 0.001212344, [(2, (0, 0.00111537, 1.7112e-5, 0.001132947)), (2, (1, 0.00115537, 2.85e-5, 0.001184216))]), (3120, 9, 0.001819801, [(5, (0, 0.001798167, 2.0607e-5, 0.001819107)), (4, (1, 0.001400522, 3.1018e-5, 0.001431844))]), (3136, 9, 0.001648622, [(5, (0, 0.001629584, 1.7209e-5, 0.001647258)), (4, (1, 0.001074577, 2.6419e-5, 0.001101329))]), (3152, 11, 0.002129993, [(6, (0, 0.002108717, 2.0265e-5, 0.002129267)), (5, (1, 0.001594427, 3.6362e-5, 0.001631195))]), (3168, 14, 0.002777126, [(7, (0, 0.002759418, 1.5502e-5, 0.00277536)), (7, (1, 0.002239051, 2.7906e-5, 0.002267309))]), (3184, 13, 0.002643766, [(7, (0, 0.002620294, 2.2273e-5, 0.00264293)), (6, (1, 0.002146725, 3.3898e-5, 0.002181056))]), (3200, 10, 0.002361619, [(5, (0, 0.002343465, 1.6549e-5, 0.002360422)), (5, (1, 0.0022787, 2.9375e-5, 0.002308492))]), (3216, 13, 0.002776034, [(7, (0, 0.002755813, 1.8573e-5, 0.002774847)), (6, (1, 0.002343391, 2.5047e-5, 0.002368672))]), (3232, 4, 0.000750512, [(2, (0, 0.000653032, 1.8182e-5, 0.000671543)), (2, (1, 0.000699122, 3.0257e-5, 0.000729643))]), (3248, 6, 0.001041299, [(3, (0, 0.00089408, 1.7468e-5, 0.000911795)), (3, (1, 0.000998581, 2.3366e-5, 0.001022141))]), (3264, 13, 0.002260759, [(7, (0, 0.002239804, 1.9482e-5, 0.002259552)), (6, (1, 0.001953213, 9.3215e-5, 0.002046887))]), (3280, 10, 0.002159117, [(5, (0, 0.001971058, 1.9088e-5, 0.001990554)), (5, (1, 0.002036438, 7.0503e-5, 0.002107672))]), (3296, 12, 0.002572459, [(6, (0, 0.00254896, 2.1495e-5, 0.002570918)), (6, (1, 0.002410583, 4.0272e-5, 0.002451438))]), (3312, 11, 0.002548458, [(6, (0, 0.002524034, 2.2547e-5, 0.002547098)), (5, (1, 0.002177493, 3.0337e-5, 0.002208135))]), (3328, 6, 0.000997373, [(3, (0, 0.000975475, 2.0842e-5, 0.000996618)), (3, (1, 0.000896392, 3.0945e-5, 0.000927647))]), (3344, 8, 0.001745895, [(4, (0, 0.001725033, 1.9708e-5, 0.001745039)), (4, (1, 0.001417695, 2.5677e-5, 0.001443772))]), (3360, 8, 0.001409414, [(4, (0, 0.0011315, 1.863e-5, 0.001150426)), (4, (1, 0.001354345, 3.2182e-5, 0.001386775))]), (3376, 11, 0.002121147, [(6, (0, 0.002100355, 1.8944e-5, 0.002119614)), (5, (1, 0.001975316, 7.7992e-5, 0.002053714))]), (3392, 13, 0.002204004, [(7, (0, 0.002180498, 2.2268e-5, 0.002203021)), (6, (1, 0.001972142, 2.954e-5, 0.002001945))]), (3408, 9, 0.002168292, [(5, (0, 0.002149663, 1.7367e-5, 0.002167295)), (4, (1, 0.001901292, 7.7249e-5, 0.001978923))]), (3424, 11, 0.002225536, [(6, (0, 0.002203673, 2.0452e-5, 0.002224417)), (5, (1, 0.001931242, 4.5564e-5, 0.001977257))]), (3440, 9, 0.0022064, [(5, (0, 0.002186135, 1.9124e-5, 0.002205524)), (4, (1, 0.001542918, 3.7126e-5, 0.001580404))]), (3456, 10, 0.002086966, [(5, (0, 0.001974418, 1.805e-5, 0.001992718)), (5, (1, 0.001987625, 2.9931e-5, 0.002017838))]), (3472, 15, 0.003047685, [(8, (0, 0.003025334, 2.0399e-5, 0.003046035)), (7, (1, 0.002772182, 3.4952e-5, 0.00280761))]), (3488, 9, 0.002039138, [(5, (0, 0.002014084, 2.4055e-5, 0.002038385)), (4, (1, 0.001453623, 5.3423e-5, 0.001507275))]), (3504, 11, 0.002263399, [(6, (0, 0.002243236, 1.8841e-5, 0.00226233)), (5, (1, 0.001427509, 6.8427e-5, 0.00149637))]), (3520, 12, 0.002251817, [(6, (0, 0.002232321, 1.8114e-5, 0.002250689)), (6, (1, 0.001927543, 0.000139407, 0.002067314))]), (3536, 10, 0.002108982, [(5, (0, 0.002086452, 2.1487e-5, 0.002108157)), (5, (1, 0.001914502, 3.7246e-5, 0.001952165))]), (3552, 7, 0.00134876, [(4, (0, 0.001329257, 1.8317e-5, 0.001347816)), (3, (1, 0.001190238, 3.8664e-5, 0.001229301))]), (3568, 10, 0.002006497, [(5, (0, 0.001935017, 1.9166e-5, 0.001954429)), (5, (1, 0.001937558, 4.3848e-5, 0.001981897))]), (3584, 10, 0.001818686, [(5, (0, 0.001716474, 1.7626e-5, 0.001734335)), (5, (1, 0.001672633, 0.000122217, 0.001795221))]), (3600, 14, 0.002776606, [(7, (0, 0.002758529, 1.7105e-5, 0.002775878)), (7, (1, 0.002531921, 9.3984e-5, 0.002626351))]), (3616, 12, 0.002324065, [(6, (0, 0.002304788, 1.7987e-5, 0.002323039)), (6, (1, 0.001829761, 0.000124615, 0.001954787))]), (3632, 6, 0.001311296, [(3, (0, 0.000949468, 1.5199e-5, 0.000964894)), (3, (1, 0.001142203, 0.00013875, 0.001281298))]), (3648, 12, 0.002071287, [(6, (0, 0.002049666, 2.0604e-5, 0.002070507)), (6, (1, 0.001906148, 0.000110235, 0.002016756))]), (3664, 9, 0.001742443, [(5, (0, 0.001722538, 1.7615e-5, 0.001740577)), (4, (1, 0.001359012, 7.6896e-5, 0.001436282))]), (3680, 6, 0.001126886, [(3, (0, 0.001054622, 6.9589e-5, 0.001125156)), (3, (1, 0.000910584, 0.000155744, 0.001066693))]), (3696, 12, 0.002176582, [(6, (0, 0.001960699, 2.8045e-5, 0.001989011)), (6, (1, 0.002038732, 0.000113895, 0.002153009))]), (3712, 10, 0.00191346, [(5, (0, 0.001438273, 1.897e-5, 0.001457479)), (5, (1, 0.001750485, 8.6927e-5, 0.001837745))]), (3728, 14, 0.002846325, [(7, (0, 0.002822901, 2.2283e-5, 0.002845465)), (7, (1, 0.002763289, 2.8555e-5, 0.002792076))]), (3744, 13, 0.002551569, [(7, (0, 0.002530373, 1.9977e-5, 0.002550648)), (6, (1, 0.002164491, 2.6011e-5, 0.002190774))]), (3760, 9, 0.001537718, [(5, (0, 0.001517968, 1.8745e-5, 0.001536962)), (4, (1, 0.001312102, 2.4928e-5, 0.001337225))]), (3776, 13, 0.002162863, [(7, (0, 0.002143623, 1.7303e-5, 0.002161334)), (6, (1, 0.002009369, 2.3445e-5, 0.002033023))]), (3792, 10, 0.001654771, [(5, (0, 0.001629952, 2.358e-5, 0.001653824)), (5, (1, 0.001573515, 3.2078e-5, 0.001605802))]), (3808, 11, 0.002070126, [(6, (0, 0.002050822, 1.8057e-5, 0.002069145)), (5, (1, 0.001989936, 2.4633e-5, 0.002014813))]), (3824, 7, 0.001190812, [(4, (0, 0.001170252, 1.956e-5, 0.001190048)), (3, (1, 0.000870953, 4.233e-5, 0.000913507))]), (3840, 12, 0.002518444, [(6, (0, 0.00249823, 1.836e-5, 0.002516876)), (6, (1, 0.002320807, 2.8171e-5, 0.002349238))]), (3856, 14, 0.002603554, [(7, (0, 0.002578437, 2.3684e-5, 0.002602397)), (7, (1, 0.0023826, 3.081e-5, 0.002413609))]), (3872, 6, 0.001104857, [(3, (0, 0.001085974, 1.7882e-5, 0.001104096)), (3, (1, 0.000959471, 3.1416e-5, 0.000991098))]), (3888, 13, 0.002465701, [(7, (0, 0.002444747, 1.9342e-5, 0.002464318)), (6, (1, 0.001971762, 2.7136e-5, 0.001999135))]), (3904, 11, 0.00209263, [(6, (0, 0.002065018, 2.6688e-5, 0.002091934)), (5, (1, 0.001863811, 0.000110505, 0.001974525))]), (3920, 8, 0.001431148, [(4, (0, 0.001411499, 1.8827e-5, 0.001430549)), (4, (1, 0.001397253, 2.7707e-5, 0.001425183))]), (3936, 12, 0.001778519, [(6, (0, 0.001759683, 1.7859e-5, 0.001777763)), (6, (1, 0.001599086, 2.3942e-5, 0.001623231))]), (3952, 14, 0.002849289, [(7, (0, 0.002830495, 1.7587e-5, 0.002848347)), (7, (1, 0.002522181, 2.3468e-5, 0.002545946))]), (3968, 12, 0.00241232, [(6, (0, 0.00239431, 1.6929e-5, 0.002411486)), (6, (1, 0.002100348, 2.2561e-5, 0.002123153))]), (3984, 13, 0.002591018, [(7, (0, 0.002572774, 1.7269e-5, 0.002590292)), (6, (1, 0.001716149, 3.3666e-5, 0.001750041))]), (4000, 14, 0.002460942, [(7, (0, 0.002440929, 1.9121e-5, 0.002460275)), (7, (1, 0.002234381, 3.8101e-5, 0.002272797))]), (4016, 10, 0.001860042, [(5, (0, 0.001703977, 1.483e-5, 0.001719028)), (5, (1, 0.001812679, 2.1864e-5, 0.00183475))]), (4032, 12, 0.002219654, [(6, (0, 0.00220209, 1.6568e-5, 0.002218898)), (6, (1, 0.002012311, 2.2318e-5, 0.002034892))]), (4048, 10, 0.001719432, [(5, (0, 0.001452497, 1.8994e-5, 0.001471727)), (5, (1, 0.001596786, 8.3144e-5, 0.001680129))]), (4064, 11, 0.002323458, [(6, (0, 0.00229966, 2.2831e-5, 0.002322734)), (5, (1, 0.001974607, 3.1523e-5, 0.002006354))]), (4080, 13, 0.002394106, [(7, (0, 0.002373476, 1.8255e-5, 0.002392177)), (6, (1, 0.002010116, 2.4574e-5, 0.002034901))]), (4096, 11, 0.002292006, [(6, (0, 0.00226203, 2.6781e-5, 0.002289116)), (5, (1, 0.001754269, 4.1692e-5, 0.001796175))]), (4112, 14, 0.002361466, [(7, (0, 0.002249288, 3.8322e-5, 0.002287881)), (7, (1, 0.002261978, 5.2426e-5, 0.002314666))]), (4128, 15, 0.003062973, [(8, (0, 0.00303483, 2.592e-5, 0.00306111)), (7, (1, 0.002497524, 3.7258e-5, 0.002535213))]), (4144, 13, 0.002416689, [(7, (0, 0.002387607, 2.7907e-5, 0.002415766)), (6, (1, 0.001715729, 4.3569e-5, 0.001759664))]), (4160, 8, 0.001404475, [(4, (0, 0.001046684, 2.1159e-5, 0.001068079)), (4, (1, 0.001261604, 2.9825e-5, 0.001291681))]), (4176, 11, 0.00191066, [(6, (0, 0.001885986, 2.3455e-5, 0.00190971)), (5, (1, 0.001408148, 2.9819e-5, 0.001438204))]), (4192, 12, 0.002419229, [(6, (0, 0.002397753, 2.04e-5, 0.0024184)), (6, (1, 0.001855203, 3.3066e-5, 0.001888586))]), (4208, 11, 0.002090281, [(6, (0, 0.002070975, 1.819e-5, 0.002089412)), (5, (1, 0.0016056, 2.5698e-5, 0.001631557))]), (4224, 16, 0.003320816, [(8, (0, 0.002578463, 2.0227e-5, 0.002599012)), (8, (1, 0.003128612, 4.1009e-5, 0.003169959))]), (4240, 13, 0.002441218, [(7, (0, 0.002414853, 2.4772e-5, 0.002440001)), (6, (1, 0.001974813, 3.4489e-5, 0.002009557))]), (4256, 11, 0.002527384, [(6, (0, 0.002499338, 2.7086e-5, 0.002526666)), (5, (1, 0.001789455, 6.4535e-5, 0.001854595))]), (4272, 13, 0.002380196, [(7, (0, 0.002359114, 1.985e-5, 0.00237921)), (6, (1, 0.001930364, 7.0281e-5, 0.00200092))]), (4288, 9, 0.001654752, [(5, (0, 0.001632671, 1.9818e-5, 0.001652721)), (4, (1, 0.00113614, 6.4415e-5, 0.001201996))]), (4304, 14, 0.001748858, [(7, (0, 0.001718144, 2.9286e-5, 0.001747657)), (7, (1, 0.001685915, 4.6379e-5, 0.001732747))]), (4320, 16, 0.002836016, [(8, (0, 0.002798691, 2.3528e-5, 0.002822464)), (8, (1, 0.002798566, 2.9838e-5, 0.002828673))]), (4336, 14, 0.002607841, [(7, (0, 0.002581627, 2.5114e-5, 0.002606973)), (7, (1, 0.002462194, 3.2503e-5, 0.002495064))]), (4352, 15, 0.002755494, [(8, (0, 0.002733991, 2.0328e-5, 0.002754581)), (7, (1, 0.002286064, 2.952e-5, 0.002315817))]), (4368, 16, 0.002899876, [(8, (0, 0.002688733, 2.171e-5, 0.002710675)), (8, (1, 0.002794573, 7.182e-5, 0.00286681))]), (4384, 14, 0.002113153, [(7, (0, 0.002091187, 2.0745e-5, 0.002112193)), (7, (1, 0.0019493, 2.7621e-5, 0.001977152))]), (4400, 14, 0.00279142, [(7, (0, 0.002771727, 1.8143e-5, 0.002790112)), (7, (1, 0.00245927, 2.4079e-5, 0.002483566))]), (4416, 14, 0.002574983, [(7, (0, 0.002263608, 2.2469e-5, 0.002286306)), (7, (1, 0.002490337, 5.2846e-5, 0.002543602))]), (4432, 16, 0.00290546, [(8, (0, 0.00288338, 2.0945e-5, 0.002904562)), (8, (1, 0.002433373, 2.7746e-5, 0.002461417))]), (4448, 12, 0.001904995, [(6, (0, 0.001821894, 1.8468e-5, 0.001840599)), (6, (1, 0.001824985, 5.4711e-5, 0.001880072))]), (4464, 15, 0.002745885, [(8, (0, 0.00272867, 1.6158e-5, 0.002745078)), (7, (1, 0.002269303, 4.5899e-5, 0.002315853))]), (4480, 14, 0.002083391, [(7, (0, 0.002019944, 2.2963e-5, 0.002043132)), (7, (1, 0.001958069, 0.000100851, 0.002059333))]), (4496, 14, 0.001978529, [(7, (0, 0.001957903, 1.95e-5, 0.001977641)), (7, (1, 0.001772663, 2.5004e-5, 0.001797915))]), (4512, 12, 0.00214119, [(6, (0, 0.00211884, 2.1147e-5, 0.002140228)), (6, (1, 0.001877911, 3.6308e-5, 0.001914511))]), (4528, 15, 0.003240788, [(8, (0, 0.003220073, 1.9171e-5, 0.003239502)), (7, (1, 0.002225358, 2.662e-5, 0.002252177))]), (4544, 15, 0.002994411, [(8, (0, 0.002967064, 2.6255e-5, 0.002993557)), (7, (1, 0.00250205, 4.728e-5, 0.002549629))]), (4560, 12, 0.002019668, [(6, (0, 0.00199303, 2.5738e-5, 0.002018993)), (6, (1, 0.001660894, 6.249e-5, 0.001723861))]), (4576, 15, 0.001978867, [(8, (0, 0.001958378, 1.9204e-5, 0.00197781)), (7, (1, 0.001708586, 2.6666e-5, 0.001735599))]), (4592, 13, 0.001553973, [(7, (0, 0.001533693, 1.8825e-5, 0.001552763)), (6, (1, 0.001329737, 2.8192e-5, 0.00135821))]), (4608, 13, 0.001494099, [(7, (0, 0.001461983, 2.0538e-5, 0.001482785)), (6, (1, 0.001461994, 3.0481e-5, 0.001492732))]), (4624, 15, 0.002175078, [(8, (0, 0.002151558, 2.208e-5, 0.002173891)), (7, (1, 0.001923045, 4.9923e-5, 0.001973634))]), (4640, 16, 0.002521081, [(8, (0, 0.00249415, 2.5735e-5, 0.002520124)), (8, (1, 0.002445985, 3.8028e-5, 0.002484284))]), (4656, 16, 0.002805562, [(8, (0, 0.002523235, 2.0057e-5, 0.002543532)), (8, (1, 0.002708528, 2.7405e-5, 0.002736269))]), (4672, 10, 0.002094088, [(5, (0, 0.002055415, 3.5877e-5, 0.002091861)), (5, (1, 0.001984667, 4.478e-5, 0.002029727))]), (4688, 14, 0.002426447, [(7, (0, 0.001748451, 5.1676e-5, 0.00180048)), (7, (1, 0.002306999, 7.6469e-5, 0.002383847))]), (4704, 16, 0.002380594, [(8, (0, 0.002349117, 2.8905e-5, 0.002378348)), (8, (1, 0.001785371, 4.3309e-5, 0.00182908))]), (4720, 15, 0.00214654, [(8, (0, 0.002109878, 3.4872e-5, 0.002145064)), (7, (1, 0.001547588, 6.7754e-5, 0.001615806))]), (4736, 15, 0.002014176, [(8, (0, 0.001986881, 2.5864e-5, 0.002013074)), (7, (1, 0.001955555, 5.0572e-5, 0.002006962))]), (4752, 16, 0.003044992, [(8, (0, 0.002709353, 3.026e-5, 0.00273986)), (8, (1, 0.002934216, 7.0173e-5, 0.0030052))]), (4768, 12, 0.002113435, [(6, (0, 0.001729526, 3.2157e-5, 0.001761906)), (6, (1, 0.002009504, 4.3804e-5, 0.002053619))]), (4784, 15, 0.002475963, [(8, (0, 0.002453129, 2.1104e-5, 0.002474467)), (7, (1, 0.002060379, 2.6775e-5, 0.002088285))]), (4800, 15, 0.00222745, [(8, (0, 0.002201594, 2.478e-5, 0.002226603)), (7, (1, 0.001840193, 4.9678e-5, 0.001890162))]), (4816, 15, 0.002062776, [(8, (0, 0.002041879, 1.963e-5, 0.002061758)), (7, (1, 0.001439567, 4.3504e-5, 0.001483427))]), (4832, 15, 0.00204715, [(8, (0, 0.002018177, 2.7932e-5, 0.002046326)), (7, (1, 0.001813707, 6.3775e-5, 0.001878024))]), (4848, 13, 0.002267716, [(7, (0, 0.002246295, 1.999e-5, 0.002266504)), (6, (1, 0.002103072, 3.0852e-5, 0.002134212))]), (4864, 7, 0.00100394, [(4, (0, 0.000982157, 2.0874e-5, 0.001003268)), (3, (1, 0.00070983, 4.7324e-5, 0.000757723))]), (4880, 13, 0.001995133, [(7, (0, 0.001967473, 2.078e-5, 0.001988568)), (6, (1, 0.001946469, 4.2089e-5, 0.001989057))]), (4896, 13, 0.002336452, [(7, (0, 0.002309614, 2.5101e-5, 0.002334943)), (6, (1, 0.001820481, 3.5573e-5, 0.001856318))]), (4912, 13, 0.001701115, [(7, (0, 0.001532599, 2.3559e-5, 0.001556394)), (6, (1, 0.001544084, 0.000102075, 0.001646643))]), (4928, 14, 0.001974235, [(7, (0, 0.001935989, 3.6276e-5, 0.001972558)), (7, (1, 0.001600991, 5.782e-5, 0.001663001))]), (4944, 13, 0.001844557, [(7, (0, 0.001803826, 3.8248e-5, 0.001842468)), (6, (1, 0.001684828, 5.2682e-5, 0.001737745))]), (4960, 16, 0.002806972, [(8, (0, 0.002259779, 3.7108e-5, 0.002297148)), (8, (1, 0.002685491, 5.2395e-5, 0.00273812))]), (4976, 10, 0.001762405, [(5, (0, 0.001238461, 3.0206e-5, 0.001268944)), (5, (1, 0.001664124, 3.8613e-5, 0.001702967))]), (4992, 15, 0.002414815, [(8, (0, 0.00238383, 2.8046e-5, 0.002412156)), (7, (1, 0.001451199, 3.3919e-5, 0.001485355))]), (5008, 15, 0.002571207, [(8, (0, 0.002535038, 3.2263e-5, 0.002567727)), (7, (1, 0.002402608, 6.7058e-5, 0.002470117))]), (5024, 14, 0.002371059, [(7, (0, 0.002333074, 3.5403e-5, 0.002368758)), (7, (1, 0.002155366, 4.3627e-5, 0.002199277))]), (5040, 14, 0.001919758, [(7, (0, 0.001889591, 2.8955e-5, 0.001918779)), (7, (1, 0.001817143, 4.4755e-5, 0.001862139))]), (5056, 14, 0.002069385, [(7, (0, 0.001816015, 2.1778e-5, 0.00183803)), (7, (1, 0.001986582, 3.7533e-5, 0.00202438))]), (5072, 11, 0.002032383, [(6, (0, 0.002005216, 2.5857e-5, 0.002031364)), (5, (1, 0.001295116, 5.0699e-5, 0.001346412))]), (5088, 10, 0.001608931, [(5, (0, 0.00157921, 2.8622e-5, 0.00160808)), (5, (1, 0.001398037, 5.4893e-5, 0.001453217))]), (5104, 14, 0.002239429, [(7, (0, 0.002098753, 2.6334e-5, 0.002125389)), (7, (1, 0.002175027, 3.687e-5, 0.002212156))]), (5120, 14, 0.002259734, [(7, (0, 0.001808076, 2.9583e-5, 0.001837883)), (7, (1, 0.002164634, 5.6888e-5, 0.00222201))]), (5136, 15, 0.002416488, [(8, (0, 0.002387741, 2.7254e-5, 0.002415227)), (7, (1, 0.002151698, 3.4859e-5, 0.002186836))]), (5152, 12, 0.002228714, [(6, (0, 0.002194303, 3.3376e-5, 0.002227911)), (6, (1, 0.002141054, 6.7681e-5, 0.002209545))]), (5168, 10, 0.001931473, [(5, (0, 0.00169414, 2.3933e-5, 0.001718302)), (5, (1, 0.001847355, 3.2458e-5, 0.001880091))]), (5184, 13, 0.002336572, [(7, (0, 0.002175904, 2.7151e-5, 0.002203405)), (6, (1, 0.00222185, 8.2547e-5, 0.002304863))]), (5200, 14, 0.002347177, [(7, (0, 0.002320514, 2.5435e-5, 0.002346208)), (7, (1, 0.001612013, 3.3247e-5, 0.001645775))]), (5216, 15, 0.00239471, [(8, (0, 0.002363704, 2.9904e-5, 0.002393922)), (7, (1, 0.002021807, 5.5101e-5, 0.002077226))]), (5232, 15, 0.002251822, [(8, (0, 0.00222566, 2.4897e-5, 0.002250776)), (7, (1, 0.002086063, 8.3149e-5, 0.002169717))]), (5248, 10, 0.001680991, [(5, (0, 0.001658479, 2.1311e-5, 0.001680081)), (5, (1, 0.001498572, 7.3114e-5, 0.001571987))]), (5264, 16, 0.002948811, [(8, (0, 0.0029225, 2.5177e-5, 0.002947913)), (8, (1, 0.002879803, 3.4413e-5, 0.002914733))]), (5280, 15, 0.002407447, [(8, (0, 0.002380671, 2.5331e-5, 0.002406222)), (7, (1, 0.001907968, 4.5897e-5, 0.00195438))]), (5296, 15, 0.002338871, [(8, (0, 0.001943378, 2.4131e-5, 0.001967751)), (7, (1, 0.002188186, 5.5775e-5, 0.002244347))]), (5312, 11, 0.001683325, [(6, (0, 0.001647109, 3.4607e-5, 0.001682033)), (5, (1, 0.001297046, 4.8653e-5, 0.001345974))]), (5328, 11, 0.001907603, [(6, (0, 0.001873673, 3.1621e-5, 0.001905589)), (5, (1, 0.001354236, 3.597e-5, 0.001390453))]), (5344, 9, 0.001311033, [(5, (0, 0.001283176, 2.6763e-5, 0.001310189)), (4, (1, 0.001119036, 4.8404e-5, 0.001167857))]), (5360, 15, 0.002079711, [(8, (0, 0.002054925, 2.3332e-5, 0.002078478)), (7, (1, 0.001861372, 3.1303e-5, 0.00189297))]), (5376, 14, 0.00226031, [(7, (0, 0.002233873, 2.4588e-5, 0.002258798)), (7, (1, 0.002186267, 3.4433e-5, 0.00222091))]), (5392, 10, 0.001710241, [(5, (0, 0.001370797, 2.321e-5, 0.001394316)), (5, (1, 0.00153664, 3.004e-5, 0.001566908))]), (5408, 13, 0.002333419, [(7, (0, 0.002302901, 2.9226e-5, 0.00233239)), (6, (1, 0.002102214, 3.9612e-5, 0.002142036))]), (5424, 14, 0.002210326, [(7, (0, 0.001693712, 2.4192e-5, 0.001718176)), (7, (1, 0.001995612, 4.2691e-5, 0.002038663))]), (5440, 13, 0.00166957, [(7, (0, 0.00162176, 4.5982e-5, 0.001667999)), (6, (1, 0.00123394, 5.4629e-5, 0.00128882))]), (5456, 13, 0.002578791, [(7, (0, 0.002545314, 3.1914e-5, 0.002577514)), (6, (1, 0.002056628, 5.2868e-5, 0.00210985))]), (5472, 11, 0.001698143, [(6, (0, 0.001668241, 2.8852e-5, 0.001697342)), (5, (1, 0.001164702, 7.0508e-5, 0.001235804))]), (5488, 15, 0.002369464, [(8, (0, 0.002340254, 2.8133e-5, 0.002368615)), (7, (1, 0.001845056, 5.8466e-5, 0.001903911))]), (5504, 7, 0.001983212, [(4, (0, 0.001959268, 2.2497e-5, 0.001982053)), (3, (1, 0.001155809, 3.1499e-5, 0.00118754))]), (5520, 6, 0.001551183, [(3, (0, 0.00066451, 2.1508e-5, 0.00068626)), (3, (1, 0.001383056, 4.242e-5, 0.001425798))]), (5536, 8, 0.001547629, [(4, (0, 0.001189418, 3.0633e-5, 0.001220322)), (4, (1, 0.001447798, 4.2932e-5, 0.001491019))]), (5552, 13, 0.00224812, [(7, (0, 0.002217611, 2.9042e-5, 0.002246956)), (6, (1, 0.001687782, 3.5483e-5, 0.00172347))]), (5568, 11, 0.001766651, [(6, (0, 0.001735279, 2.9983e-5, 0.001765555)), (5, (1, 0.001639789, 9.483e-5, 0.001735098))]), (5584, 9, 0.001555696, [(5, (0, 0.001334708, 2.1972e-5, 0.001356924)), (4, (1, 0.001434413, 2.7951e-5, 0.00146256))]), (5600, 6, 0.001400942, [(3, (0, 0.001198188, 2.4964e-5, 0.001223404)), (3, (1, 0.001286293, 4.8742e-5, 0.00133544))]), (5616, 12, 0.002380908, [(6, (0, 0.002349457, 2.6976e-5, 0.002376919)), (6, (1, 0.001908893, 3.4269e-5, 0.001943445))]), (5632, 12, 0.002363148, [(6, (0, 0.001818018, 4.1287e-5, 0.001859786)), (6, (1, 0.002263956, 6.7048e-5, 0.002331418))]), (5648, 12, 0.001868418, [(6, (0, 0.001832682, 3.3197e-5, 0.001866146)), (6, (1, 0.001765023, 5.0007e-5, 0.001815489))]), (5664, 6, 0.001051107, [(3, (0, 0.001020425, 2.954e-5, 0.001050196)), (3, (1, 0.000921555, 7.6873e-5, 0.000998813))]), (5680, 4, 0.001096064, [(2, (0, 0.001067945, 2.7224e-5, 0.001095399)), (2, (1, 0.000922, 4.054e-5, 0.000962846))]), (5696, 10, 0.00198352, [(5, (0, 0.001958919, 2.3071e-5, 0.001982271)), (5, (1, 0.001514098, 4.9799e-5, 0.001564421))]), (5712, 15, 0.00255266, [(8, (0, 0.002523567, 2.7162e-5, 0.002550983)), (7, (1, 0.00225377, 5.1124e-5, 0.002305258))]), (5728, 12, 0.002201291, [(6, (0, 0.002166811, 3.328e-5, 0.002200376)), (6, (1, 0.002105506, 6.7499e-5, 0.002173936))]), (5744, 11, 0.00164556, [(6, (0, 0.001622376, 2.1529e-5, 0.001644152)), (5, (1, 0.001405182, 3.1065e-5, 0.00143652))]), (5760, 5, 0.001062622, [(3, (0, 0.001032539, 2.8949e-5, 0.001061788)), (2, (1, 0.000614796, 5.3003e-5, 0.000668088))]), (5776, 0, 3.3797e-5, [(0, (0, 1.46e-7, 2.3638e-5, 2.4018e-5)), (0, (1, 1e-7, 2.4814e-5, 2.5049e-5))]), (5792, 7, 0.001455597, [(4, (0, 0.001443957, 1.0655e-5, 0.001454793)), (3, (1, 0.000938419, 2.5895e-5, 0.00096564))]), (5808, 6, 0.001037265, [(3, (0, 0.000798146, 1.8121e-5, 0.00081658)), (3, (1, 0.000929086, 4.8073e-5, 0.000977732))]), (5824, 7, 0.001729593, [(4, (0, 0.001105304, 3.5987e-5, 0.001141611)), (3, (1, 0.001595926, 6.4013e-5, 0.001660546))]), (5840, 9, 0.001373073, [(5, (0, 0.001338523, 3.1963e-5, 0.001370782)), (4, (1, 0.001045087, 4.1647e-5, 0.001087061))]), (5856, 7, 0.001128336, [(4, (0, 0.001088267, 3.7928e-5, 0.001126463)), (3, (1, 0.000878091, 5.2919e-5, 0.000931373))]), (5872, 9, 0.001363343, [(5, (0, 0.001332323, 2.9902e-5, 0.001362477)), (4, (1, 0.001167263, 6.6316e-5, 0.001234114))]), (5888, 9, 0.001625742, [(5, (0, 0.001374905, 2.4111e-5, 0.00139931)), (4, (1, 0.001505985, 4.9231e-5, 0.001555642))]), (5904, 4, 0.000832169, [(2, (0, 0.000707766, 2.515e-5, 0.000733187)), (2, (1, 0.000774176, 3.3377e-5, 0.000807786))]), (5920, 8, 0.001540011, [(4, (0, 0.000906755, 2.8351e-5, 0.000935372)), (4, (1, 0.001440755, 3.6352e-5, 0.00147732))]), (5936, 16, 0.002237272, [(8, (0, 0.001774203, 2.5589e-5, 0.001800171)), (8, (1, 0.002150125, 5.6921e-5, 0.002207425))]), (5952, 12, 0.001692239, [(6, (0, 0.001649975, 4.0929e-5, 0.001691302)), (6, (1, 0.001535597, 4.99e-5, 0.001585811))]), (5968, 11, 0.00220159, [(6, (0, 0.002172238, 2.7336e-5, 0.002199836)), (5, (1, 0.002055917, 3.6299e-5, 0.002092526))]), (5984, 12, 0.00169023, [(6, (0, 0.001533373, 3.1486e-5, 0.001565104)), (6, (1, 0.001567889, 4.5497e-5, 0.001613603))]), (6000, 11, 0.001874491, [(6, (0, 0.001849807, 2.345e-5, 0.001873489)), (5, (1, 0.001501926, 4.5145e-5, 0.001547586))]), (6016, 1, 0.000468231, [(1, (0, 0.000435315, 3.2143e-5, 0.000467687)), (0, (1, 3.16e-7, 6.7469e-5, 6.8411e-5))]), (6032, 6, 0.00092236, [(3, (0, 0.000814585, 2.2136e-5, 0.000837078)), (3, (1, 0.000845359, 4.4614e-5, 0.000890559))]), (6048, 6, 0.001012836, [(3, (0, 0.000939539, 2.6474e-5, 0.000966259)), (3, (1, 0.000947696, 4.507e-5, 0.000993014))]), (6064, 9, 0.001797385, [(5, (0, 0.001773372, 2.2008e-5, 0.001795627)), (4, (1, 0.001550408, 2.811e-5, 0.001578978))]), (6080, 8, 0.001174761, [(4, (0, 0.001146067, 2.773e-5, 0.001174032)), (4, (1, 0.000965699, 9.4718e-5, 0.001060823))]), (6096, 9, 0.001774839, [(5, (0, 0.001751057, 2.2935e-5, 0.001774232)), (4, (1, 0.00122745, 4.087e-5, 0.001268665))]), (6112, 6, 0.001132797, [(3, (0, 0.001112658, 1.9272e-5, 0.001132151)), (3, (1, 0.000803989, 3.4169e-5, 0.000838532))]), (6128, 6, 0.000959629, [(3, (0, 0.000932133, 2.6393e-5, 0.000958808)), (3, (1, 0.000691883, 4.0569e-5, 0.000732682))]), (6144, 14, 0.002108044, [(7, (0, 0.001924961, 2.9172e-5, 0.001954395)), (7, (1, 0.00199473, 4.8112e-5, 0.002043229))]), (6160, 4, 0.000817829, [(2, (0, 0.000788854, 2.7518e-5, 0.000816725)), (2, (1, 0.000436621, 3.9776e-5, 0.000476604))]), (6176, 9, 0.002073844, [(5, (0, 0.002039586, 3.0283e-5, 0.002070403)), (4, (1, 0.000992418, 4.0397e-5, 0.001033062))]), (6192, 7, 0.00140908, [(4, (0, 0.001369218, 3.7809e-5, 0.001407549)), (3, (1, 0.00079704, 6.818e-5, 0.000865594))]), (6208, 11, 0.002015556, [(6, (0, 0.001980083, 3.3529e-5, 0.002013884)), (5, (1, 0.001904216, 0.000103638, 0.002008401))]), (6224, 11, 0.002193785, [(6, (0, 0.002165589, 2.6357e-5, 0.002192179)), (5, (1, 0.001718824, 3.5419e-5, 0.001754748))]), (6240, 13, 0.003313843, [(7, (0, 0.003279659, 3.2182e-5, 0.003312105)), (6, (1, 0.002594635, 8.1314e-5, 0.002676164))]), (6256, 11, 0.001711164, [(6, (0, 0.00168229, 2.7368e-5, 0.001709906)), (5, (1, 0.00118199, 6.7041e-5, 0.001249575))]), (6272, 13, 0.00269548, [(7, (0, 0.002545047, 2.8251e-5, 0.002573668)), (6, (1, 0.002596787, 6.3586e-5, 0.002661097))]), (6288, 8, 0.001270404, [(4, (0, 0.001248115, 2.1469e-5, 0.001269828)), (4, (1, 0.001070389, 4.2597e-5, 0.001113333))]), (6304, 8, 0.001086283, [(4, (0, 0.000931825, 1.621e-5, 0.000948295)), (4, (1, 0.001024691, 2.8826e-5, 0.001053753))]), (6320, 6, 0.000949705, [(3, (0, 0.000926482, 1.8545e-5, 0.000945833)), (3, (1, 0.000770621, 4.3524e-5, 0.000814561))]), (6336, 6, 0.001243116, [(3, (0, 0.001200677, 3.9613e-5, 0.001240645)), (3, (1, 0.000897093, 9.2966e-5, 0.000990523))]), (6352, 11, 0.001914018, [(6, (0, 0.00159862, 3.6406e-5, 0.001635263)), (5, (1, 0.001758688, 9.2537e-5, 0.001851561))]), (6368, 14, 0.003019502, [(7, (0, 0.002981183, 3.4452e-5, 0.003016059)), (7, (1, 0.002665117, 6.0617e-5, 0.002726336))]), (6384, 16, 0.002843199, [(8, (0, 0.002421155, 4.1953e-5, 0.002463394)), (8, (1, 0.0026796, 8.3085e-5, 0.002763256))]), (6400, 5, 0.000793433, [(3, (0, 0.000764838, 2.7428e-5, 0.000792636)), (2, (1, 0.00060648, 4.3332e-5, 0.000650251))]), (6416, 7, 0.001037501, [(4, (0, 0.001012112, 2.4374e-5, 0.00103682)), (3, (1, 0.000735813, 3.2866e-5, 0.000768938))]), (6432, 7, 0.00164807, [(4, (0, 0.00155415, 3.1391e-5, 0.001585777)), (3, (1, 0.001558358, 6.2154e-5, 0.001621205))]), (6448, 11, 0.001639273, [(6, (0, 0.001616254, 2.1416e-5, 0.001637913)), (5, (1, 0.001523008, 6.9292e-5, 0.001592647))]), (6464, 9, 0.001392593, [(5, (0, 0.001366748, 2.4435e-5, 0.001391418)), (4, (1, 0.001008547, 3.3312e-5, 0.001042162))]), (6480, 12, 0.002341834, [(6, (0, 0.002311688, 2.8117e-5, 0.002340138)), (6, (1, 0.002043648, 5.0855e-5, 0.002094836))]), (6496, 13, 0.002470054, [(7, (0, 0.002443205, 2.5736e-5, 0.002469203)), (6, (1, 0.001917234, 3.9102e-5, 0.001956601))]), (6512, 12, 0.002303669, [(6, (0, 0.002277134, 2.5529e-5, 0.002302899)), (6, (1, 0.002194693, 6.5805e-5, 0.002260733))]), (6528, 8, 0.001372889, [(4, (0, 0.001140365, 2.5591e-5, 0.001166183)), (4, (1, 0.001234064, 3.5164e-5, 0.001269422))]), (6544, 8, 0.001223655, [(4, (0, 0.001197596, 2.4736e-5, 0.001222619)), (4, (1, 0.001185531, 3.3503e-5, 0.001219411))]), (6560, 13, 0.001762255, [(7, (0, 0.001728855, 2.8871e-5, 0.001758098)), (6, (1, 0.00146612, 3.6126e-5, 0.001502479))]), (6576, 11, 0.001817161, [(6, (0, 0.00177012, 4.574e-5, 0.001816113)), (5, (1, 0.001366411, 7.3614e-5, 0.001440286))]), (6592, 10, 0.001889697, [(5, (0, 0.001866546, 2.1698e-5, 0.001888469)), (5, (1, 0.001640249, 3.8265e-5, 0.001678769))]), (6608, 13, 0.002299001, [(7, (0, 0.002268929, 2.8269e-5, 0.002297437)), (6, (1, 0.00215871, 5.8521e-5, 0.002217553))]), (6624, 10, 0.001402636, [(5, (0, 0.001379695, 2.1929e-5, 0.00140186)), (5, (1, 0.001329848, 2.8903e-5, 0.001358969))]), (6640, 8, 0.001344687, [(4, (0, 0.00131588, 2.7897e-5, 0.001344074)), (4, (1, 0.001173842, 3.5263e-5, 0.00120938))]), (6656, 1, 0.000334063, [(1, (0, 0.000311311, 2.2042e-5, 0.000333574)), (0, (1, 1.52e-7, 2.9623e-5, 2.9986e-5))]), (6672, 15, 0.002200427, [(8, (0, 0.002173349, 2.58e-5, 0.002199472)), (7, (1, 0.001706576, 3.0403e-5, 0.001737247))]), (6688, 9, 0.001189075, [(5, (0, 0.001160232, 2.8015e-5, 0.001188481)), (4, (1, 0.001032298, 6.0841e-5, 0.001093563))]), (6704, 11, 0.001588611, [(6, (0, 0.001569355, 1.8277e-5, 0.001587893)), (5, (1, 0.001433317, 4.394e-5, 0.001477683))]), (6720, 14, 0.002691842, [(7, (0, 0.002575379, 1.631e-5, 0.002591919)), (7, (1, 0.00257136, 6.7294e-5, 0.002639353))]), (6736, 13, 0.002067353, [(7, (0, 0.002038572, 2.639e-5, 0.002065298)), (6, (1, 0.001903188, 8.3797e-5, 0.001987391))]), (6752, 8, 0.001326621, [(4, (0, 0.001290481, 3.3333e-5, 0.001324074)), (4, (1, 0.001096891, 5.5622e-5, 0.001152929))]), (6768, 10, 0.00172342, [(5, (0, 0.001675354, 4.682e-5, 0.001722409)), (5, (1, 0.001411163, 7.2631e-5, 0.00148424))]), (6784, 14, 0.001771545, [(7, (0, 0.001553527, 2.1239e-5, 0.001575016)), (7, (1, 0.001709527, 3.4422e-5, 0.001744238))]), (6800, 6, 0.00159461, [(3, (0, 0.00109233, 2.3497e-5, 0.001116068)), (3, (1, 0.001461068, 3.891e-5, 0.001500378))]), (6816, 10, 0.001737238, [(5, (0, 0.001704115, 3.0176e-5, 0.001734575)), (5, (1, 0.001618413, 3.6173e-5, 0.001655036))]), (6832, 4, 0.000681727, [(2, (0, 0.000447619, 2.997e-5, 0.000477888)), (2, (1, 0.000544663, 3.7909e-5, 0.000582799))]), (6848, 13, 0.001890315, [(7, (0, 0.00186333, 2.5312e-5, 0.001888876)), (6, (1, 0.00167844, 3.1281e-5, 0.001709916))]), (6864, 4, 0.000720207, [(2, (0, 0.000698812, 2.0119e-5, 0.000719175)), (2, (1, 0.000642697, 6.0708e-5, 0.000703841))]), (6880, 9, 0.0013893, [(5, (0, 0.001355767, 3.102e-5, 0.001387032)), (4, (1, 0.001257322, 7.0516e-5, 0.001328288))]), (6896, 11, 0.001829075, [(6, (0, 0.001804297, 2.3566e-5, 0.001828085)), (5, (1, 0.001321957, 4.1533e-5, 0.001363927))]), (6912, 7, 0.001469314, [(4, (0, 0.001438925, 2.9118e-5, 0.001468437)), (3, (1, 0.00104285, 4.7002e-5, 0.001090159))]), (6928, 9, 0.0018162, [(5, (0, 0.001789408, 2.6012e-5, 0.001815647)), (4, (1, 0.001291185, 6.4107e-5, 0.001355757))]), (6944, 10, 0.001631704, [(5, (0, 0.001060394, 2.1922e-5, 0.001082536)), (5, (1, 0.00145367, 6.5922e-5, 0.001520064))]), (6960, 6, 0.001199167, [(3, (0, 0.000982303, 2.8111e-5, 0.001010693)), (3, (1, 0.001110801, 6.9162e-5, 0.001180196))]), (6976, 12, 0.001810857, [(6, (0, 0.001507296, 3.2866e-5, 0.001540497)), (6, (1, 0.001668963, 9.5466e-5, 0.001764819))]), (6992, 9, 0.001363161, [(5, (0, 0.001331129, 3.0858e-5, 0.001362258)), (4, (1, 0.001127025, 5.6777e-5, 0.001184164))]), (7008, 7, 0.001188096, [(4, (0, 0.001162755, 2.4243e-5, 0.001187271)), (3, (1, 0.000785599, 3.1354e-5, 0.000817168))]), (7024, 6, 0.000605833, [(3, (0, 0.000583859, 2.1125e-5, 0.000605209)), (3, (1, 0.000541403, 4.0143e-5, 0.000589755))]), (7040, 4, 0.000702257, [(2, (0, 0.000361482, 1.9328e-5, 0.000381028)), (2, (1, 0.000606752, 2.6141e-5, 0.000633147))]), (7056, 6, 0.001116162, [(3, (0, 0.001088636, 2.6583e-5, 0.001115525)), (3, (1, 0.000692359, 4.4597e-5, 0.000737187))]), (7072, 6, 0.001064685, [(3, (0, 0.000608509, 2.4678e-5, 0.000633455)), (3, (1, 0.00097163, 6.8823e-5, 0.001041167))]), (7088, 9, 0.001304596, [(5, (0, 0.001281143, 2.2558e-5, 0.00130395)), (4, (1, 0.000750111, 3.3325e-5, 0.000783614))]), (7104, 7, 0.001134419, [(4, (0, 0.001106192, 2.6271e-5, 0.001132753)), (3, (1, 0.000998631, 4.9771e-5, 0.001048799))]), (7120, 12, 0.001691073, [(6, (0, 0.001657261, 3.2081e-5, 0.00168963)), (6, (1, 0.001545529, 0.000113053, 0.001659026))]), (7136, 6, 0.001319783, [(3, (0, 0.001289948, 2.8792e-5, 0.001318985)), (3, (1, 0.001245651, 4.5387e-5, 0.001291506))]), (7152, 7, 0.001238062, [(4, (0, 0.001213284, 2.3644e-5, 0.001237195)), (3, (1, 0.00097901, 3.2358e-5, 0.001011609))]), (7168, 13, 0.002146459, [(7, (0, 0.002122577, 2.1677e-5, 0.002144471)), (6, (1, 0.001774848, 4.3015e-5, 0.001818156))]), (7184, 9, 0.002182347, [(5, (0, 0.002159425, 2.1693e-5, 0.002181405)), (4, (1, 0.001209328, 9.5533e-5, 0.00130538))]), (7200, 8, 0.001684438, [(4, (0, 0.001154051, 2.9126e-5, 0.001183421)), (4, (1, 0.001434057, 8.5426e-5, 0.001519842))]), (7216, 10, 0.001701695, [(5, (0, 0.001669721, 2.88e-5, 0.001698838)), (5, (1, 0.001530687, 4.0838e-5, 0.001571948))]), (7232, 8, 0.001419163, [(4, (0, 0.001165889, 3.7202e-5, 0.001203366)), (4, (1, 0.001328401, 6.9088e-5, 0.001397731))]), (7248, 4, 0.000646103, [(2, (0, 0.000625186, 2.021e-5, 0.000645625)), (2, (1, 0.000388224, 2.6029e-5, 0.000414464))]), (7264, 3, 0.000593904, [(2, (0, 0.000570512, 2.2161e-5, 0.000592907)), (1, (1, 0.000415047, 8.1532e-5, 0.000496817))]), (7280, 4, 0.0011753, [(2, (0, 0.000871871, 2.1888e-5, 0.000893977)), (2, (1, 0.001052969, 7.9386e-5, 0.001132649))]), (7296, 11, 0.001705344, [(6, (0, 0.001677967, 2.6124e-5, 0.001704308)), (5, (1, 0.000803915, 3.2863e-5, 0.000836978))]), (7312, 9, 0.00116434, [(5, (0, 0.00114425, 1.9141e-5, 0.001163612)), (4, (1, 0.000857007, 6.8191e-5, 0.000925424))]), (7328, 7, 0.001087928, [(4, (0, 0.001065305, 2.1471e-5, 0.001086996)), (3, (1, 0.000700337, 2.9312e-5, 0.000729877))]), (7344, 8, 0.001131895, [(4, (0, 0.000903991, 2.8094e-5, 0.000932336)), (4, (1, 0.00107177, 3.5759e-5, 0.001107777))]), (7360, 9, 0.002039621, [(5, (0, 0.002018133, 2.0529e-5, 0.002038884)), (4, (1, 0.001967638, 3.3069e-5, 0.002000916))]), (7376, 7, 0.000913089, [(4, (0, 0.000797264, 2.0383e-5, 0.000817875)), (3, (1, 0.000867983, 2.6599e-5, 0.000894767))]), (7392, 7, 0.00106659, [(4, (0, 0.001042225, 2.358e-5, 0.00106603)), (3, (1, 0.000966245, 4.0598e-5, 0.00100706))]), (7408, 9, 0.001296065, [(5, (0, 0.001269732, 2.5345e-5, 0.001295306)), (4, (1, 0.000802104, 3.2847e-5, 0.000835145))]), (7424, 10, 0.002029223, [(5, (0, 0.001999897, 2.5772e-5, 0.002026074)), (5, (1, 0.00191987, 4.1484e-5, 0.001961957))]), (7440, 10, 0.001648711, [(5, (0, 0.001025791, 4.1219e-5, 0.001067262)), (5, (1, 0.001506483, 9.3509e-5, 0.001600253))]), (7456, 8, 0.001126795, [(4, (0, 0.001100165, 2.5791e-5, 0.00112619)), (4, (1, 0.000786044, 3.4849e-5, 0.000821105))]), (7472, 9, 0.001075231, [(5, (0, 0.001047767, 2.6555e-5, 0.00107458)), (4, (1, 0.000775974, 3.3095e-5, 0.000809271))]), (7488, 9, 0.001207593, [(5, (0, 0.001181849, 2.4461e-5, 0.00120655)), (4, (1, 0.001094075, 7.3738e-5, 0.001168602))]), (7504, 4, 0.001082377, [(2, (0, 0.001056526, 2.4474e-5, 0.001081224)), (2, (1, 0.00047765, 3.2335e-5, 0.000510335))]), (7520, 12, 0.001772923, [(6, (0, 0.00173517, 3.6422e-5, 0.001771867)), (6, (1, 0.001274371, 8.7557e-5, 0.001362146))]), (7536, 11, 0.001436702, [(6, (0, 0.001404774, 2.4063e-5, 0.001429114)), (5, (1, 0.001343945, 8.8402e-5, 0.001433045))]), (7552, 15, 0.002006708, [(8, (0, 0.001978847, 2.6376e-5, 0.002005462)), (7, (1, 0.001639971, 0.000106481, 0.00174704))]), (7568, 5, 0.001222423, [(3, (0, 0.001188553, 3.2937e-5, 0.001221714)), (2, (1, 0.000784869, 6.0682e-5, 0.000852052))]), (7584, 6, 0.001658717, [(3, (0, 0.001635029, 2.2618e-5, 0.001657857)), (3, (1, 0.000918396, 3.8693e-5, 0.000957391))]), (7600, 7, 0.001186404, [(4, (0, 0.001161958, 2.3368e-5, 0.001185554)), (3, (1, 0.000713366, 4.6679e-5, 0.000760386))]), (7616, 9, 0.001269202, [(5, (0, 0.001243379, 2.502e-5, 0.00126863)), (4, (1, 0.000710937, 5.2394e-5, 0.000763796))]), (7632, 9, 0.001008681, [(5, (0, 0.000992498, 1.5173e-5, 0.001007926)), (4, (1, 0.000977149, 2.7738e-5, 0.001005209))]), (7648, 13, 0.001660384, [(7, (0, 0.001640902, 1.8069e-5, 0.001659229)), (6, (1, 0.001487385, 3.7076e-5, 0.001524814))]), (7664, 11, 0.001647284, [(6, (0, 0.001623987, 2.244e-5, 0.001646657)), (5, (1, 0.001180637, 8.3276e-5, 0.001264474))]), (7680, 8, 0.001132252, [(4, (0, 0.001110624, 2.0376e-5, 0.001131243)), (4, (1, 0.001031841, 3.4681e-5, 0.001066784))]), (7696, 11, 0.001397915, [(6, (0, 0.001373216, 2.3793e-5, 0.001397252)), (5, (1, 0.001349391, 3.2303e-5, 0.001381957))]), (7712, 7, 0.000894778, [(4, (0, 0.000875719, 1.8174e-5, 0.000894111)), (3, (1, 0.000528381, 2.4535e-5, 0.00055318))]), (7728, 8, 0.001027395, [(4, (0, 0.001003383, 2.2968e-5, 0.001026601)), (4, (1, 0.000788406, 0.000100108, 0.000889154))]), (7744, 13, 0.001619475, [(7, (0, 0.001599211, 1.9153e-5, 0.001618676)), (6, (1, 0.001280984, 4.2335e-5, 0.001323741))]), (7760, 12, 0.002277259, [(6, (0, 0.001709295, 2.1749e-5, 0.001731287)), (6, (1, 0.002187216, 4.2311e-5, 0.002230097))]), (7776, 12, 0.001943396, [(6, (0, 0.001913989, 2.8464e-5, 0.001942689)), (6, (1, 0.001720254, 3.536e-5, 0.001755843))]), (7792, 13, 0.001690131, [(7, (0, 0.001664993, 2.3585e-5, 0.001688815)), (6, (1, 0.001643587, 2.9815e-5, 0.001673636))]), (7808, 10, 0.001348184, [(5, (0, 0.001318728, 2.8449e-5, 0.001347452)), (5, (1, 0.001105272, 3.7009e-5, 0.001142528))]), (7824, 5, 0.000794572, [(3, (0, 0.000767246, 2.6516e-5, 0.000793994)), (2, (1, 0.000338132, 5.0609e-5, 0.00038903))]), (7840, 15, 0.002037673, [(8, (0, 0.00200923, 2.7385e-5, 0.00203698)), (7, (1, 0.001331157, 6.5391e-5, 0.001397154))]), (7856, 16, 0.001849225, [(8, (0, 0.001828154, 1.9923e-5, 0.00184832)), (8, (1, 0.001753417, 3.385e-5, 0.001787594))]), (7872, 8, 0.000944574, [(4, (0, 0.000922917, 2.0515e-5, 0.000943664)), (4, (1, 0.00078675, 2.8725e-5, 0.000815753))]), (7888, 13, 0.001794715, [(7, (0, 0.001774315, 1.9251e-5, 0.001793807)), (6, (1, 0.001659181, 2.8558e-5, 0.001687995))]), (7904, 2, 0.000470411, [(1, (0, 0.00044856, 2.1062e-5, 0.00046986)), (1, (1, 0.000273771, 2.7618e-5, 0.000301578))]), (7920, 7, 0.001082739, [(4, (0, 0.001059684, 2.1837e-5, 0.001081858)), (3, (1, 0.000804195, 2.8574e-5, 0.000833053))]), (7936, 9, 0.00115775, [(5, (0, 0.001129578, 2.7366e-5, 0.001157184)), (4, (1, 0.001036493, 7.2397e-5, 0.001109267))]), (7952, 13, 0.001688174, [(7, (0, 0.001670625, 1.6657e-5, 0.001687527)), (6, (1, 0.001147476, 3.1025e-5, 0.001178772))]), (7968, 15, 0.002372772, [(8, (0, 0.002348545, 2.0196e-5, 0.002369209)), (7, (1, 0.001442719, 2.6515e-5, 0.00146947))]), (7984, 9, 0.001310757, [(5, (0, 0.001271744, 3.5407e-5, 0.001307439)), (4, (1, 0.000968368, 9.3883e-5, 0.001062581))]), (8000, 11, 0.001636403, [(6, (0, 0.001600033, 3.4918e-5, 0.001635252)), (5, (1, 0.001330302, 4.7954e-5, 0.001378486))]), (8016, 11, 0.001486887, [(6, (0, 0.001463568, 2.1348e-5, 0.001485154)), (5, (1, 0.001369779, 3.461e-5, 0.001404649))]), (8032, 12, 0.001406078, [(6, (0, 0.001373542, 3.0992e-5, 0.001404783)), (6, (1, 0.001355978, 4.0567e-5, 0.001396911))]), (8048, 10, 0.001332892, [(5, (0, 0.001312166, 1.9904e-5, 0.001332301)), (5, (1, 0.00128626, 2.6337e-5, 0.001312776))]), (8064, 10, 0.001487714, [(5, (0, 0.001319608, 2.3624e-5, 0.001343523)), (5, (1, 0.001419938, 2.9321e-5, 0.001449484))]), (8080, 10, 0.0013216, [(5, (0, 0.001289203, 3.1493e-5, 0.001320922)), (5, (1, 0.001092888, 3.6842e-5, 0.001129939))]), (8096, 12, 0.001956055, [(6, (0, 0.001702209, 2.1567e-5, 0.001724054)), (6, (1, 0.001778872, 0.000143526, 0.001923101))]), (8112, 15, 0.001953281, [(8, (0, 0.001683675, 2.2977e-5, 0.001707019)), (7, (1, 0.001707375, 3.631e-5, 0.001743976))]), (8128, 10, 0.001406507, [(5, (0, 0.001374444, 3.0554e-5, 0.00140527)), (5, (1, 0.001209899, 4.6305e-5, 0.001256432))]), (8144, 9, 0.001321677, [(5, (0, 0.001280388, 3.7651e-5, 0.001318342)), (4, (1, 0.000871072, 4.5788e-5, 0.000917188))]), (8160, 12, 0.001486152, [(6, (0, 0.001423358, 6.1532e-5, 0.001485221)), (6, (1, 0.001093336, 7.6062e-5, 0.001169585))]), (8176, 7, 0.000957631, [(4, (0, 0.000852129, 2.5137e-5, 0.000877508)), (3, (1, 0.000840182, 5.8334e-5, 0.000898898))]), (8192, 14, 0.00233826, [(7, (0, 0.00231306, 2.1803e-5, 0.002335163)), (7, (1, 0.002106539, 2.8828e-5, 0.002135603))]), (8208, 11, 0.001601342, [(6, (0, 0.001567098, 3.2967e-5, 0.001600324)), (5, (1, 0.001272229, 4.8223e-5, 0.001320735))]), (8224, 13, 0.001376076, [(7, (0, 0.001349547, 2.4029e-5, 0.001373859)), (6, (1, 0.001298899, 3.0739e-5, 0.001329885))]), (8240, 16, 0.001821844, [(8, (0, 0.001790187, 3.0162e-5, 0.001820736)), (8, (1, 0.001586947, 3.7843e-5, 0.001625059))]), (8256, 11, 0.001821198, [(6, (0, 0.001793304, 2.6811e-5, 0.001820395)), (5, (1, 0.001597471, 4.048e-5, 0.001638257))]), (8272, 6, 0.001273369, [(3, (0, 0.001241934, 3.035e-5, 0.00127274)), (3, (1, 0.000773222, 4.2085e-5, 0.000815526))]), (8288, 8, 0.001330158, [(4, (0, 0.000953812, 2.0589e-5, 0.000974657)), (4, (1, 0.001050043, 8.0036e-5, 0.001130642))]), (8304, 7, 0.001246568, [(4, (0, 0.001218954, 2.6177e-5, 0.001245416)), (3, (1, 0.000820279, 3.4375e-5, 0.000854881))]), (8320, 8, 0.001116319, [(4, (0, 0.001075463, 3.6982e-5, 0.001112706)), (4, (1, 0.001036922, 7.6496e-5, 0.001114206))]), (8336, 15, 0.002325109, [(8, (0, 0.002289797, 3.3957e-5, 0.002323983)), (7, (1, 0.002038656, 4.8113e-5, 0.002087019))]), (8352, 9, 0.001686659, [(5, (0, 0.001658154, 2.3579e-5, 0.001682432)), (4, (1, 0.000769494, 3.3459e-5, 0.000803205))]), (8368, 10, 0.001956837, [(5, (0, 0.001286956, 5.4498e-5, 0.001341723)), (5, (1, 0.001810217, 0.000108853, 0.001919622))]), (8384, 8, 0.001162295, [(4, (0, 0.001140333, 2.103e-5, 0.001161648)), (4, (1, 0.001047092, 3.947e-5, 0.001086814))]), (8400, 14, 0.001928721, [(7, (0, 0.00190554, 2.148e-5, 0.001927523)), (7, (1, 0.001814256, 3.745e-5, 0.001851954))]), (8416, 13, 0.002003372, [(7, (0, 0.001980883, 2.1352e-5, 0.002002514)), (6, (1, 0.001435836, 3.0016e-5, 0.001466064))]), (8432, 11, 0.001731295, [(6, (0, 0.001708741, 2.1299e-5, 0.001730292)), (5, (1, 0.001422524, 4.7176e-5, 0.00147019))]), (8448, 12, 0.002280398, [(6, (0, 0.002242233, 3.719e-5, 0.002279687)), (6, (1, 0.001642931, 4.4545e-5, 0.001687693))]), (8464, 13, 0.001959727, [(7, (0, 0.001928249, 3.0322e-5, 0.001958803)), (6, (1, 0.00165175, 5.5621e-5, 0.001707928))]), (8480, 15, 0.002097549, [(8, (0, 0.002076624, 1.9848e-5, 0.002096705)), (7, (1, 0.001698088, 3.0415e-5, 0.001728804))]), (8496, 14, 0.001773812, [(7, (0, 0.001485968, 2.5108e-5, 0.001511367)), (7, (1, 0.001606134, 6.104e-5, 0.001667643))]), (8512, 11, 0.001384465, [(6, (0, 0.001355067, 2.8272e-5, 0.001383625)), (5, (1, 0.000921635, 3.8816e-5, 0.000960704))]), (8528, 9, 0.001420584, [(5, (0, 0.001392444, 2.6356e-5, 0.00141902)), (4, (1, 0.000850183, 6.6963e-5, 0.00091799))]), (8544, 8, 0.001182745, [(4, (0, 0.000955697, 3.3864e-5, 0.00098979)), (4, (1, 0.000968071, 7.809e-5, 0.001046407))]), (8560, 9, 0.001436089, [(5, (0, 0.001411408, 2.3791e-5, 0.001435452)), (4, (1, 0.000969128, 4.2695e-5, 0.001012055))]), (8576, 11, 0.001756131, [(6, (0, 0.001727147, 2.3315e-5, 0.001751014)), (5, (1, 0.001248174, 2.9959e-5, 0.001278329))]), (8592, 13, 0.00147664, [(7, (0, 0.001424195, 5.1475e-5, 0.001475971)), (6, (1, 0.001076405, 7.1671e-5, 0.00114833))]), (8608, 13, 0.001688624, [(7, (0, 0.001393413, 2.4966e-5, 0.001418637)), (6, (1, 0.001447764, 4.4328e-5, 0.00149229))]), (8624, 13, 0.001920805, [(7, (0, 0.001899854, 1.9626e-5, 0.001919725)), (6, (1, 0.001548964, 2.5586e-5, 0.001574831))]), (8640, 13, 0.001515068, [(7, (0, 0.001492607, 1.9904e-5, 0.00151279)), (6, (1, 0.001358247, 2.5993e-5, 0.001384447))]), (8656, 10, 0.001647685, [(5, (0, 0.001606724, 3.9848e-5, 0.00164682)), (5, (1, 0.001163207, 9.0504e-5, 0.001254128))]), (8672, 13, 0.002085352, [(7, (0, 0.002056567, 2.6375e-5, 0.002083492)), (6, (1, 0.001829683, 4.076e-5, 0.001870849))]), (8688, 8, 0.001799712, [(4, (0, 0.0013292, 2.6721e-5, 0.001356175)), (4, (1, 0.001681415, 6.3721e-5, 0.00174558))]), (8704, 11, 0.001617753, [(6, (0, 0.001231781, 2.0114e-5, 0.001252199)), (5, (1, 0.001534801, 2.5858e-5, 0.001560855))]), (8720, 10, 0.001887347, [(5, (0, 0.00182051, 6.4443e-5, 0.001885251)), (5, (1, 0.001654103, 7.773e-5, 0.001732151))]), (8736, 10, 0.001512832, [(5, (0, 0.001476954, 3.4636e-5, 0.001511846)), (5, (1, 0.001378177, 4.0512e-5, 0.001418909))]), (8752, 13, 0.002140231, [(7, (0, 0.002113342, 2.4843e-5, 0.00213842)), (6, (1, 0.00192684, 3.3356e-5, 0.001960427))]), (8768, 10, 0.001646777, [(5, (0, 0.001620405, 2.4724e-5, 0.001645366)), (5, (1, 0.001246879, 3.3062e-5, 0.001280137))]), (8784, 8, 0.001049181, [(4, (0, 0.001012324, 3.5934e-5, 0.001048502)), (4, (1, 0.000799379, 5.957e-5, 0.0008592))]), (8800, 10, 0.001399677, [(5, (0, 0.001373206, 2.5602e-5, 0.001399044)), (5, (1, 0.001212135, 6.3723e-5, 0.001276375))]), (8816, 9, 0.001326569, [(5, (0, 0.001308149, 1.7326e-5, 0.001325708)), (4, (1, 0.001109505, 8.0662e-5, 0.00119187))]), (8832, 4, 0.000590951, [(2, (0, 0.000433325, 2.3853e-5, 0.000457402)), (2, (1, 0.000473095, 8.554e-5, 0.000559143))]), (8848, 4, 0.000744195, [(2, (0, 0.000577458, 2.3739e-5, 0.000601414)), (2, (1, 0.000615407, 9.6904e-5, 0.000712713))]), (8864, 9, 0.001335624, [(5, (0, 0.001310842, 2.3801e-5, 0.001334884)), (4, (1, 0.001025403, 8.4611e-5, 0.001110356))]), (8880, 14, 0.001609174, [(7, (0, 0.001501122, 2.1524e-5, 0.001522873)), (7, (1, 0.001554617, 2.9415e-5, 0.001584306))]), (8896, 14, 0.002049272, [(7, (0, 0.002023731, 2.4075e-5, 0.002048046)), (7, (1, 0.001657504, 5.7897e-5, 0.001715636))]), (8912, 11, 0.001957052, [(6, (0, 0.0019326, 2.3512e-5, 0.001956352)), (5, (1, 0.00149238, 4.4762e-5, 0.001537451))]), (8928, 10, 0.001443292, [(5, (0, 0.001359214, 2.77e-5, 0.001387215)), (5, (1, 0.001370759, 4.386e-5, 0.001414935))]), (8944, 11, 0.001309508, [(6, (0, 0.001286172, 2.2404e-5, 0.001308798)), (5, (1, 0.001137857, 6.9733e-5, 0.001207986))]), (8960, 11, 0.001320839, [(6, (0, 0.001298919, 2.0518e-5, 0.00131968)), (5, (1, 0.001215425, 3.4715e-5, 0.001250487))]), (8976, 13, 0.001514519, [(7, (0, 0.001480084, 3.3017e-5, 0.001513342)), (6, (1, 0.001324032, 3.7177e-5, 0.001361436))]), (8992, 6, 0.000755807, [(3, (0, 0.000735052, 1.9901e-5, 0.000755196)), (3, (1, 0.000691605, 3.8453e-5, 0.000730292))]), (9008, 13, 0.001937571, [(7, (0, 0.001916785, 1.9777e-5, 0.00193678)), (6, (1, 0.001413145, 2.5733e-5, 0.001439225))]), (9024, 11, 0.001626321, [(6, (0, 0.001599295, 2.6066e-5, 0.001625597)), (5, (1, 0.001190141, 5.6301e-5, 0.00124666))]), (9040, 15, 0.002440195, [(8, (0, 0.002413824, 2.5321e-5, 0.002439369)), (7, (1, 0.001953618, 9.6834e-5, 0.002050988))]), (9056, 11, 0.001758846, [(6, (0, 0.001729702, 2.8171e-5, 0.001758118)), (5, (1, 0.001437474, 9.1583e-5, 0.001529482))]), (9072, 11, 0.001470089, [(6, (0, 0.001447876, 2.0911e-5, 0.001469025)), (5, (1, 0.001192022, 2.9444e-5, 0.001221712))]), (9088, 7, 0.001048848, [(4, (0, 0.001028767, 1.9086e-5, 0.001048089)), (3, (1, 0.000681841, 3.556e-5, 0.00071765))]), (9104, 15, 0.002802401, [(8, (0, 0.002779873, 2.0936e-5, 0.002801035)), (7, (1, 0.001697114, 2.8664e-5, 0.001726077))]), (9120, 11, 0.002041043, [(6, (0, 0.002015135, 2.4938e-5, 0.002040355)), (5, (1, 0.001592719, 9.6844e-5, 0.001689855))]), (9136, 10, 0.001299076, [(5, (0, 0.001274451, 2.1836e-5, 0.001296584)), (5, (1, 0.001256174, 4.0944e-5, 0.001297406))]), (9152, 8, 0.000960531, [(4, (0, 0.000936491, 2.2862e-5, 0.000959596)), (4, (1, 0.000808217, 2.9959e-5, 0.000838417))]), (9168, 9, 0.001341209, [(5, (0, 0.001320467, 1.9648e-5, 0.001340375)), (4, (1, 0.001122152, 2.8687e-5, 0.00115711))]), (9184, 5, 0.000962245, [(3, (0, 0.000937539, 2.3897e-5, 0.000961678)), (2, (1, 0.000523329, 5.7915e-5, 0.000581678))]), (9200, 7, 0.001501708, [(4, (0, 0.001482962, 1.7699e-5, 0.001500909)), (3, (1, 0.00094545, 2.9455e-5, 0.00097518))]), (9216, 9, 0.00130433, [(5, (0, 0.001280107, 2.323e-5, 0.001303547)), (4, (1, 0.000982565, 5.9854e-5, 0.001043095))]), (9232, 15, 0.00206478, [(8, (0, 0.002038612, 2.4732e-5, 0.00206358)), (7, (1, 0.001578322, 6.3655e-5, 0.001643517))]), (9248, 13, 0.001896792, [(7, (0, 0.001877399, 1.8284e-5, 0.001895921)), (6, (1, 0.00169342, 3.4132e-5, 0.001727817))]), (9264, 11, 0.00171717, [(6, (0, 0.001694339, 2.1625e-5, 0.001716294)), (5, (1, 0.001363124, 3.9526e-5, 0.001403109))]), (9280, 10, 0.00139967, [(5, (0, 0.001189249, 2.1054e-5, 0.001210544)), (5, (1, 0.001334216, 3.5108e-5, 0.001370194))]), (9296, 13, 0.001628951, [(7, (0, 0.001609689, 1.8014e-5, 0.001627947)), (6, (1, 0.001339553, 4.0718e-5, 0.001380568))]), (9312, 9, 0.001102272, [(5, (0, 0.001077748, 2.3649e-5, 0.001101618)), (4, (1, 0.001024566, 4.2172e-5, 0.00106757))]), (9328, 13, 0.00185329, [(7, (0, 0.001827645, 2.4221e-5, 0.001852119)), (6, (1, 0.001433612, 3.0505e-5, 0.001464368))]), (9344, 10, 0.001694209, [(5, (0, 0.001191693, 2.4379e-5, 0.001216359)), (5, (1, 0.001417101, 9.51e-5, 0.001512553))]), (9360, 9, 0.001396933, [(5, (0, 0.001362331, 3.3703e-5, 0.001396282)), (4, (1, 0.001259143, 6.6044e-5, 0.001325559))]), (9376, 14, 0.002008174, [(7, (0, 0.001973417, 3.019e-5, 0.00200406)), (7, (1, 0.001831093, 4.0668e-5, 0.001872226))]), (9392, 13, 0.001331205, [(7, (0, 0.001288175, 4.1954e-5, 0.001330374)), (6, (1, 0.001082113, 5.6772e-5, 0.001139079))]), (9408, 6, 0.000925982, [(3, (0, 0.000723714, 2.329e-5, 0.000747241)), (3, (1, 0.000856007, 2.9719e-5, 0.000885914))]), (9424, 14, 0.001964379, [(7, (0, 0.001708265, 3.2372e-5, 0.001740882)), (7, (1, 0.00190567, 3.8582e-5, 0.001944469))]), (9440, 12, 0.001262161, [(6, (0, 0.001235371, 2.5785e-5, 0.001261367)), (6, (1, 0.001225727, 3.1553e-5, 0.001257465))]), (9456, 11, 0.001696482, [(6, (0, 0.001670618, 2.4651e-5, 0.00169554)), (5, (1, 0.001060463, 3.098e-5, 0.001091731))]), (9472, 9, 0.001269145, [(5, (0, 0.001235785, 3.2092e-5, 0.001268106)), (4, (1, 0.000888267, 7.4164e-5, 0.000963571))]), (9488, 13, 0.001857469, [(7, (0, 0.001833446, 2.3035e-5, 0.001856708)), (6, (1, 0.001504606, 5.1145e-5, 0.001556078))]), (9504, 10, 0.001246495, [(5, (0, 0.001223275, 2.2447e-5, 0.001245936)), (5, (1, 0.001028612, 6.3651e-5, 0.001092688))]), (9520, 8, 0.001442027, [(4, (0, 0.001420884, 2.0228e-5, 0.001441328)), (4, (1, 0.001243883, 3.3352e-5, 0.001277597))]), (9536, 12, 0.001581496, [(6, (0, 0.001556271, 2.4236e-5, 0.001580737)), (6, (1, 0.001320807, 3.1287e-5, 0.001352319))]), (9552, 9, 0.001235261, [(5, (0, 0.001083095, 2.2896e-5, 0.001106313)), (4, (1, 0.001171555, 3.1952e-5, 0.001203689))]), (9568, 12, 0.001570851, [(6, (0, 0.001548444, 2.1461e-5, 0.001570136)), (6, (1, 0.0014423, 2.7232e-5, 0.001469794))]), (9584, 13, 0.00163257, [(7, (0, 0.001611801, 1.9776e-5, 0.001631794)), (6, (1, 0.001236328, 3.1259e-5, 0.001268044))]), (9600, 14, 0.001990553, [(7, (0, 0.001966099, 2.3358e-5, 0.001989681)), (7, (1, 0.001510564, 3.0834e-5, 0.001541647))]), (9616, 14, 0.002272602, [(7, (0, 0.001993004, 2.8307e-5, 0.002021576)), (7, (1, 0.00203671, 6.9872e-5, 0.002107943))]), (9632, 13, 0.001935747, [(7, (0, 0.001902007, 3.2154e-5, 0.00193447)), (6, (1, 0.001512658, 4.1122e-5, 0.001553997))]), (9648, 15, 0.001924611, [(8, (0, 0.001793014, 3.484e-5, 0.001828341)), (7, (1, 0.001805929, 7.8196e-5, 0.001884388))]), (9664, 14, 0.00174151, [(7, (0, 0.001713406, 2.6554e-5, 0.001740206)), (7, (1, 0.001524434, 3.2489e-5, 0.001557316))]), (9680, 13, 0.001937611, [(7, (0, 0.001914943, 2.0979e-5, 0.00193612)), (6, (1, 0.001514501, 3.6829e-5, 0.0015597))]), (9696, 14, 0.002094434, [(7, (0, 0.002062597, 3.016e-5, 0.00209312)), (7, (1, 0.001718991, 4.5138e-5, 0.001764425))]), (9712, 12, 0.001571451, [(6, (0, 0.00132267, 2.4888e-5, 0.001347828)), (6, (1, 0.001395465, 0.000126072, 0.001522061))]), (9728, 8, 0.00117749, [(4, (0, 0.001146335, 3.0134e-5, 0.001176747)), (4, (1, 0.000884761, 0.000117254, 0.001002375))]), (9744, 7, 0.000754997, [(4, (0, 0.000730993, 2.2264e-5, 0.000753498)), (3, (1, 0.000575172, 9.1764e-5, 0.000667163))]), (9760, 9, 0.001255818, [(5, (0, 0.001225898, 2.8342e-5, 0.001254466)), (4, (1, 0.001098604, 3.6391e-5, 0.00113523))]), (9776, 13, 0.001649165, [(7, (0, 0.001617891, 3.012e-5, 0.001648231)), (6, (1, 0.001403758, 3.7008e-5, 0.001441018))]), (9792, 14, 0.002031281, [(7, (0, 0.002003002, 2.688e-5, 0.002030108)), (7, (1, 0.001799636, 5.9724e-5, 0.001859572))]), (9808, 13, 0.001617425, [(7, (0, 0.001562288, 5.3922e-5, 0.001616461)), (6, (1, 0.001368118, 8.9268e-5, 0.001457606))]), (9824, 13, 0.003308359, [(7, (0, 0.003272121, 3.2691e-5, 0.003305041)), (6, (1, 0.00246538, 6.5757e-5, 0.00253152))]), (9840, 13, 0.00198705, [(7, (0, 0.001958669, 2.6823e-5, 0.001985729)), (6, (1, 0.001780266, 5.4796e-5, 0.001835502))]), (9856, 14, 0.002006479, [(7, (0, 0.001980236, 2.469e-5, 0.002005152)), (7, (1, 0.001844128, 3.1073e-5, 0.001875495))]), (9872, 14, 0.002326632, [(7, (0, 0.001999297, 2.3662e-5, 0.002023253)), (7, (1, 0.002270054, 3.0718e-5, 0.00230097))]), (9888, 8, 0.001034699, [(4, (0, 0.000858719, 2.2792e-5, 0.000881801)), (4, (1, 0.000983907, 2.8916e-5, 0.001013043))]), (9904, 13, 0.001694474, [(7, (0, 0.001666384, 2.7143e-5, 0.001693764)), (6, (1, 0.001242142, 0.000103109, 0.001345664))]), (9920, 15, 0.001868814, [(8, (0, 0.001842383, 2.364e-5, 0.001866261)), (7, (1, 0.001640208, 6.1153e-5, 0.001701639))]), (9936, 13, 0.001813156, [(7, (0, 0.001774068, 3.8144e-5, 0.00181245)), (6, (1, 0.001660367, 0.000101557, 0.001762362))]), (9952, 10, 0.001366675, [(5, (0, 0.001113453, 2.2363e-5, 0.001136048)), (5, (1, 0.001295043, 2.9513e-5, 0.001324779))]), (9968, 12, 0.001890161, [(6, (0, 0.001863391, 2.5605e-5, 0.001889265)), (6, (1, 0.0017514, 3.2817e-5, 0.001784551))]), (9984, 10, 0.001953887, [(5, (0, 0.001443828, 2.7233e-5, 0.001471292)), (5, (1, 0.00185221, 3.4728e-5, 0.001887128))]), (10000, 10, 0.001346674, [(5, (0, 0.001259373, 2.4632e-5, 0.001284285)), (5, (1, 0.001296231, 3.0491e-5, 0.001326911))]), (10016, 11, 0.001206768, [(6, (0, 0.001179639, 2.5982e-5, 0.001205848)), (5, (1, 0.000982719, 3.1891e-5, 0.001014853))]), (10032, 14, 0.001848978, [(7, (0, 0.001816405, 3.1392e-5, 0.001848028)), (7, (1, 0.001700741, 5.5963e-5, 0.001756918))]), (10048, 14, 0.002376247, [(7, (0, 0.002020381, 2.2685e-5, 0.002043433)), (7, (1, 0.002073469, 0.000128201, 0.002202293))]), (10064, 14, 0.001414555, [(7, (0, 0.001379677, 3.3066e-5, 0.001413009)), (7, (1, 0.001287585, 4.0536e-5, 0.001328375))]), (10080, 15, 0.002211484, [(8, (0, 0.002008613, 4.3363e-5, 0.002052216)), (7, (1, 0.002037117, 0.000121742, 0.002159145))]), (10096, 13, 0.001813111, [(7, (0, 0.001719279, 3.3794e-5, 0.001753346)), (6, (1, 0.001749889, 4.1189e-5, 0.00179131))]), (10112, 6, 0.00087477, [(3, (0, 0.000732143, 2.9937e-5, 0.000762362)), (3, (1, 0.000783326, 7.3683e-5, 0.000857206))]), (10128, 10, 0.001190529, [(5, (0, 0.001092819, 2.7301e-5, 0.001120373)), (5, (1, 0.00113779, 3.3037e-5, 0.001171012))]), (10144, 9, 0.001255704, [(5, (0, 0.001228391, 2.6302e-5, 0.001254933)), (4, (1, 0.00095287, 3.2173e-5, 0.000985364))]), (10160, 10, 0.001668632, [(5, (0, 0.001426802, 3.3892e-5, 0.001460928)), (5, (1, 0.001583608, 4.5036e-5, 0.001629244))]), (10176, 9, 0.001273736, [(5, (0, 0.001251895, 2.0404e-5, 0.001272546)), (4, (1, 0.00119321, 7.905e-5, 0.001272461))]), (10192, 12, 0.001649607, [(6, (0, 0.001445414, 2.9119e-5, 0.001474845)), (6, (1, 0.001538839, 3.5375e-5, 0.001574423))]), (10208, 15, 0.002459033, [(8, (0, 0.002424408, 2.8802e-5, 0.002454001)), (7, (1, 0.001928564, 4.4485e-5, 0.001973294))]), (10224, 15, 0.002405054, [(8, (0, 0.002354638, 4.8842e-5, 0.002403752)), (7, (1, 0.001743463, 8.8268e-5, 0.001832361))]), (10240, 16, 0.003333764, [(8, (0, 0.002200394, 2.742e-5, 0.002228313)), (8, (1, 0.003102135, 4.1206e-5, 0.003143579))]), (10256, 14, 0.002086341, [(7, (0, 0.002029022, 5.4157e-5, 0.002083542)), (7, (1, 0.001721364, 6.0876e-5, 0.001782519))]), (10272, 11, 0.001709176, [(6, (0, 0.00152948, 4.1297e-5, 0.001571058)), (5, (1, 0.001629045, 5.7117e-5, 0.001686442))]), (10288, 12, 0.00155512, [(6, (0, 0.001525082, 2.894e-5, 0.001554272)), (6, (1, 0.001450037, 3.4594e-5, 0.001484823))]), (10304, 14, 0.001949414, [(7, (0, 0.001917535, 3.081e-5, 0.001948562)), (7, (1, 0.001777235, 4.0103e-5, 0.001817772))]), (10320, 14, 0.002233667, [(7, (0, 0.002207936, 2.4515e-5, 0.002232686)), (7, (1, 0.001864921, 3.6591e-5, 0.001901731))]), (10336, 14, 0.001883701, [(7, (0, 0.001846272, 3.634e-5, 0.001882839)), (7, (1, 0.00170088, 7.8874e-5, 0.001779965))]), (10352, 13, 0.001592899, [(7, (0, 0.001340425, 2.5799e-5, 0.001366513)), (6, (1, 0.001399694, 3.2206e-5, 0.001432117))]), (10368, 10, 0.002148017, [(5, (0, 0.001808754, 3.0664e-5, 0.001839911)), (5, (1, 0.001942969, 4.6722e-5, 0.001989949))]), (10384, 8, 0.001460015, [(4, (0, 0.001431374, 2.6975e-5, 0.00145866)), (4, (1, 0.000885616, 3.4168e-5, 0.000920023))]), (10400, 14, 0.002145369, [(7, (0, 0.002012854, 4.3804e-5, 0.00205711)), (7, (1, 0.002055227, 6.5065e-5, 0.00212056))]), (10416, 6, 0.000944614, [(3, (0, 0.000908982, 2.7827e-5, 0.000937029)), (3, (1, 0.000909539, 3.3497e-5, 0.000943264))]), (10432, 14, 0.001716146, [(7, (0, 0.001315758, 3.141e-5, 0.001347407)), (7, (1, 0.00156803, 6.7934e-5, 0.001636164))]), (10448, 16, 0.001702149, [(8, (0, 0.00166954, 3.0816e-5, 0.00170068)), (8, (1, 0.001611561, 3.9868e-5, 0.001651685))]), (10464, 16, 0.00183471, [(8, (0, 0.001719882, 3.1505e-5, 0.00175172)), (8, (1, 0.001739635, 6.6786e-5, 0.001806617))]), (10480, 15, 0.00167052, [(8, (0, 0.00164018, 2.872e-5, 0.001669192)), (7, (1, 0.001335037, 3.584e-5, 0.00137108))]), (10496, 16, 0.002428587, [(8, (0, 0.001816376, 2.5867e-5, 0.001842462)), (8, (1, 0.002319074, 4.6701e-5, 0.002366049))]), (10512, 15, 0.002423463, [(8, (0, 0.002391453, 3.0557e-5, 0.002422245)), (7, (1, 0.001862742, 3.8485e-5, 0.001901445))]), (10528, 16, 0.001954007, [(8, (0, 0.001765366, 4.3805e-5, 0.001809424)), (8, (1, 0.00184351, 8.7371e-5, 0.001931243))]), (10544, 15, 0.001868084, [(8, (0, 0.001841936, 2.5242e-5, 0.00186739)), (7, (1, 0.001487855, 3.1032e-5, 0.001519111))]), (10560, 16, 0.001853287, [(8, (0, 0.00182995, 2.1944e-5, 0.001852176)), (8, (1, 0.001341771, 4.1269e-5, 0.001383423))]), (10576, 12, 0.001322815, [(6, (0, 0.001209807, 2.6926e-5, 0.001237179)), (6, (1, 0.001247385, 3.5077e-5, 0.001282678))]), (10592, 16, 0.001732463, [(8, (0, 0.001331925, 2.0824e-5, 0.001352971)), (8, (1, 0.00159376, 9.2393e-5, 0.001686549))]), (10608, 6, 0.000796037, [(3, (0, 0.000762356, 3.2816e-5, 0.000795444)), (3, (1, 0.000607225, 6.7562e-5, 0.000675392))]), (10624, 10, 0.001307766, [(5, (0, 0.001219281, 3.3153e-5, 0.001252669)), (5, (1, 0.001199258, 8.3148e-5, 0.001282607))]), (10640, 14, 0.002177907, [(7, (0, 0.002149018, 2.72e-5, 0.002176451)), (7, (1, 0.002022709, 3.3308e-5, 0.002056306))]), (10656, 14, 0.002035366, [(7, (0, 0.001751972, 2.9064e-5, 0.001781283)), (7, (1, 0.001947149, 6.0627e-5, 0.002008189))]), (10672, 11, 0.001530939, [(6, (0, 0.001499098, 3.0661e-5, 0.001529988)), (5, (1, 0.001325468, 7.1866e-5, 0.001397866))]), (10688, 14, 0.001637511, [(7, (0, 0.001582077, 3.3795e-5, 0.001616093)), (7, (1, 0.001575499, 5.257e-5, 0.001628375))]), (10704, 11, 0.001434149, [(6, (0, 0.001408588, 2.4782e-5, 0.001433599)), (5, (1, 0.001113932, 4.9518e-5, 0.001169894))]), (10720, 16, 0.001928313, [(8, (0, 0.001814285, 3.0103e-5, 0.001844764)), (8, (1, 0.001842655, 5.4293e-5, 0.001897222))]), (10736, 14, 0.001651881, [(7, (0, 0.001622418, 2.8093e-5, 0.001650763)), (7, (1, 0.001512668, 3.4278e-5, 0.001547188))]), (10752, 15, 0.002205472, [(8, (0, 0.002177341, 2.6724e-5, 0.002204296)), (7, (1, 0.00184823, 4.8396e-5, 0.00189697))]), (10768, 15, 0.002531827, [(8, (0, 0.002497546, 3.322e-5, 0.002530987)), (7, (1, 0.00231218, 7.4513e-5, 0.002387509))]), (10784, 15, 0.002305995, [(8, (0, 0.002269787, 3.5208e-5, 0.00230521)), (7, (1, 0.001841758, 5.2816e-5, 0.001894797))]), (10800, 14, 0.002002066, [(7, (0, 0.001972282, 2.8694e-5, 0.002001256)), (7, (1, 0.001766238, 0.000120573, 0.001887102))]), (10816, 9, 0.001154804, [(5, (0, 0.001125714, 2.8114e-5, 0.001154055)), (4, (1, 0.000711259, 5.9594e-5, 0.000771221))]), (10832, 15, 0.002163886, [(8, (0, 0.002139201, 2.3478e-5, 0.002162914)), (7, (1, 0.001684384, 4.4322e-5, 0.001729142))]), (10848, 11, 0.001408498, [(6, (0, 0.001387265, 2.0311e-5, 0.001407812)), (5, (1, 0.00105578, 3.9872e-5, 0.001095935))]), (10864, 13, 0.001997676, [(7, (0, 0.001853145, 2.2173e-5, 0.001875734)), (6, (1, 0.001936119, 2.8868e-5, 0.001965287))]), (10880, 14, 0.002403287, [(7, (0, 0.002323086, 2.4429e-5, 0.002347784)), (7, (1, 0.002287356, 9.2306e-5, 0.002380223))]), (10896, 12, 0.001495236, [(6, (0, 0.001463839, 3.0444e-5, 0.00149452)), (6, (1, 0.001169246, 3.8267e-5, 0.001207817))]), (10912, 16, 0.00213466, [(8, (0, 0.001904902, 2.4457e-5, 0.001929677)), (8, (1, 0.0019588, 6.7288e-5, 0.002026393))]), (10928, 15, 0.001850713, [(8, (0, 0.00181825, 2.9911e-5, 0.001848486)), (7, (1, 0.001557762, 6.4529e-5, 0.001622528))]), (10944, 11, 0.001867889, [(6, (0, 0.001483223, 3.8997e-5, 0.001522505)), (5, (1, 0.00157341, 0.000125457, 0.001699964))]), (10960, 12, 0.00206697, [(6, (0, 0.002021486, 4.2389e-5, 0.002064257)), (6, (1, 0.001804728, 5.8033e-5, 0.001863649))]), (10976, 7, 0.000749056, [(4, (0, 0.00071988, 2.834e-5, 0.000748472)), (3, (1, 0.000470187, 4.0808e-5, 0.000511233))]), (10992, 14, 0.001352082, [(7, (0, 0.001169366, 2.3079e-5, 0.001192753)), (7, (1, 0.001262507, 4.3054e-5, 0.001305986))]), (11008, 13, 0.00190279, [(7, (0, 0.00186536, 3.5684e-5, 0.001901286)), (6, (1, 0.001049335, 5.5263e-5, 0.001104853))]), (11024, 13, 0.001748857, [(7, (0, 0.001411234, 2.6081e-5, 0.001437699)), (6, (1, 0.001630994, 4.2376e-5, 0.001673719))]), (11040, 16, 0.001621022, [(8, (0, 0.001605504, 1.4492e-5, 0.001620192)), (8, (1, 0.001541703, 4.2584e-5, 0.001584696))]), (11056, 16, 0.002593193, [(8, (0, 0.001488463, 3.2204e-5, 0.001520887)), (8, (1, 0.002341054, 0.00016312, 0.00250523))]), (11072, 15, 0.002572335, [(8, (0, 0.002538908, 3.0982e-5, 0.00257034)), (7, (1, 0.001926865, 4.3417e-5, 0.001970601))]), (11088, 15, 0.002871983, [(8, (0, 0.002821062, 4.9006e-5, 0.002870563)), (7, (1, 0.002341642, 8.3289e-5, 0.002425474))]), (11104, 16, 0.001638409, [(8, (0, 0.00161031, 2.7032e-5, 0.001637593)), (8, (1, 0.001524248, 4.1825e-5, 0.001566462))]), (11120, 16, 0.001516616, [(8, (0, 0.001309831, 2.0903e-5, 0.001330978)), (8, (1, 0.001433753, 3.3828e-5, 0.001467937))]), (11136, 16, 0.001920282, [(8, (0, 0.001893946, 2.4328e-5, 0.001918711)), (8, (1, 0.0017207, 3.2671e-5, 0.001753737))]), (11152, 16, 0.00167303, [(8, (0, 0.001350469, 2.7773e-5, 0.001378498)), (8, (1, 0.001607284, 3.5874e-5, 0.001643386))]), (11168, 10, 0.001358042, [(5, (0, 0.00116521, 3.6701e-5, 0.001202153)), (5, (1, 0.001287194, 4.7419e-5, 0.001334856))]), (11184, 14, 0.002343592, [(7, (0, 0.002065876, 3.1345e-5, 0.002097502)), (7, (1, 0.002275919, 4.5682e-5, 0.002321949))]), (11200, 14, 0.002445811, [(7, (0, 0.00241604, 2.841e-5, 0.002444758)), (7, (1, 0.002054312, 3.5075e-5, 0.002089874))]), (11216, 15, 0.001952101, [(8, (0, 0.001919785, 3.0723e-5, 0.001950733)), (7, (1, 0.0015989, 5.201e-5, 0.001651286))]), (11232, 13, 0.002071645, [(7, (0, 0.002045727, 2.4818e-5, 0.002070768)), (6, (1, 0.001459618, 4.9769e-5, 0.001509832))]), (11248, 11, 0.001469632, [(6, (0, 0.001443009, 2.5412e-5, 0.001468697)), (5, (1, 0.001166712, 7.8269e-5, 0.001245333))]), (11264, 10, 0.00257669, [(5, (0, 0.002544776, 2.8253e-5, 0.002573487)), (5, (1, 0.001591547, 4.2127e-5, 0.001634085))]), (11280, 9, 0.002253379, [(5, (0, 0.002175004, 7.6091e-5, 0.002251667)), (4, (1, 0.001272489, 0.000100727, 0.001373679))]), (11296, 13, 0.002396278, [(7, (0, 0.002352152, 4.1605e-5, 0.002394066)), (6, (1, 0.002248905, 6.0107e-5, 0.002309427))]), (11312, 12, 0.00185764, [(6, (0, 0.001561407, 4.3992e-5, 0.001605716)), (6, (1, 0.001777034, 5.0847e-5, 0.001828338))]), (11328, 12, 0.001639112, [(6, (0, 0.001480619, 3.4129e-5, 0.001515065)), (6, (1, 0.001529204, 4.2388e-5, 0.001571847))]), (11344, 10, 0.001228881, [(5, (0, 0.001074321, 2.8823e-5, 0.001103386)), (5, (1, 0.00111688, 6.1642e-5, 0.001178947))]), (11360, 15, 0.001523171, [(8, (0, 0.00148296, 3.8995e-5, 0.001522213)), (7, (1, 0.001287182, 5.9079e-5, 0.001346683))]), (11376, 15, 0.002187485, [(8, (0, 0.002149328, 3.6704e-5, 0.00218632)), (7, (1, 0.001987562, 4.8658e-5, 0.002036552))]), (11392, 15, 0.002024336, [(8, (0, 0.00199691, 2.6097e-5, 0.002023286)), (7, (1, 0.001346408, 3.5625e-5, 0.001382297))]), (11408, 15, 0.001907476, [(8, (0, 0.001482952, 2.65e-5, 0.001509702)), (7, (1, 0.001815488, 4.4606e-5, 0.001860365))]), (11424, 15, 0.002233571, [(8, (0, 0.002199501, 3.2963e-5, 0.002232747)), (7, (1, 0.001904716, 4.5987e-5, 0.001951065))]), (11440, 12, 0.001580316, [(6, (0, 0.001549599, 2.8183e-5, 0.0015782)), (6, (1, 0.001529832, 4.1908e-5, 0.001572093))]), (11456, 9, 0.001154244, [(5, (0, 0.001122154, 3.0996e-5, 0.001153421)), (4, (1, 0.000993024, 3.7192e-5, 0.001030481))]), (11472, 16, 0.00176128, [(8, (0, 0.001732602, 2.7553e-5, 0.001760434)), (8, (1, 0.001393005, 7.8153e-5, 0.001471531))]), (11488, 16, 0.001580378, [(8, (0, 0.001553264, 2.6191e-5, 0.001579668)), (8, (1, 0.001425597, 4.2283e-5, 0.001468277))]), (11504, 15, 0.001768059, [(8, (0, 0.001745459, 2.1435e-5, 0.001767153)), (7, (1, 0.001557835, 2.8606e-5, 0.001586704))]), (11520, 16, 0.003583891, [(8, (0, 0.003561029, 2.1607e-5, 0.003582858)), (8, (1, 0.003118252, 3.076e-5, 0.003149243))]), (11536, 14, 0.001896688, [(7, (0, 0.001869743, 2.5792e-5, 0.001895756)), (7, (1, 0.001729748, 3.8592e-5, 0.00176871))]), (11552, 11, 0.00130848, [(6, (0, 0.001286491, 2.1166e-5, 0.001307872)), (5, (1, 0.001033361, 0.000107445, 0.001141171))]), (11568, 13, 0.001477506, [(7, (0, 0.001457915, 1.868e-5, 0.001476819)), (6, (1, 0.001335112, 8.0777e-5, 0.001416235))]), (11584, 11, 0.001574396, [(6, (0, 0.001250299, 1.9949e-5, 0.001270466)), (5, (1, 0.001446971, 9.0178e-5, 0.001537509))]), (11600, 11, 0.001273467, [(6, (0, 0.001245053, 2.743e-5, 0.00127274)), (5, (1, 0.001039922, 3.9716e-5, 0.001079848))]), (11616, 13, 0.001916655, [(7, (0, 0.001522813, 2.5679e-5, 0.001548741)), (6, (1, 0.00172859, 0.00016316, 0.001892101))]), (11632, 15, 0.002383459, [(8, (0, 0.00235684, 2.4972e-5, 0.002382064)), (7, (1, 0.001653091, 0.000101412, 0.001754881))]), (11648, 16, 0.002047272, [(8, (0, 0.002013737, 3.1733e-5, 0.002045701)), (8, (1, 0.001699687, 4.5546e-5, 0.00174561))]), (11664, 15, 0.002092886, [(8, (0, 0.00206279, 2.9098e-5, 0.00209211)), (7, (1, 0.001696433, 4.061e-5, 0.001737309))]), (11680, 13, 0.001949485, [(7, (0, 0.001921557, 2.704e-5, 0.001948821)), (6, (1, 0.001383536, 0.000144592, 0.001528474))]), (11696, 13, 0.001735629, [(7, (0, 0.001708204, 2.6532e-5, 0.00173497)), (6, (1, 0.001313272, 3.9218e-5, 0.001352818))]), (11712, 16, 0.002018228, [(8, (0, 0.001913761, 2.546e-5, 0.001939452)), (8, (1, 0.00196073, 3.5335e-5, 0.001996346))]), (11728, 14, 0.001642329, [(7, (0, 0.001617784, 2.353e-5, 0.001641549)), (7, (1, 0.001499883, 3.8074e-5, 0.001538179))]), (11744, 15, 0.002389091, [(8, (0, 0.002365454, 2.2603e-5, 0.002388301)), (7, (1, 0.001736036, 3.1065e-5, 0.001767326))]), (11760, 16, 0.00175648, [(8, (0, 0.001732305, 2.3253e-5, 0.001755788)), (8, (1, 0.001521801, 0.000143157, 0.001665297))]), (11776, 14, 0.001672221, [(7, (0, 0.001648723, 2.1568e-5, 0.001670528)), (7, (1, 0.00148496, 3.2807e-5, 0.001518061))]), (11792, 12, 0.001613516, [(6, (0, 0.001583821, 2.8445e-5, 0.001612518)), (6, (1, 0.00149718, 4.2181e-5, 0.001539749))]), (11808, 7, 0.001148141, [(4, (0, 0.00112016, 2.7034e-5, 0.001147479)), (3, (1, 0.001049199, 7.693e-5, 0.001126498))]), (11824, 11, 0.001600623, [(6, (0, 0.001578209, 2.1521e-5, 0.001599964)), (5, (1, 0.001267834, 2.7528e-5, 0.001295607))]), (11840, 14, 0.002754624, [(7, (0, 0.002728932, 2.4742e-5, 0.002753905)), (7, (1, 0.002246776, 4.2039e-5, 0.002289397))]), (11856, 10, 0.001264519, [(5, (0, 0.001243228, 2.0385e-5, 0.001263851)), (5, (1, 0.001125767, 3.0119e-5, 0.001156133))]), (11872, 10, 0.000960338, [(5, (0, 0.000936414, 2.3047e-5, 0.000959701)), (5, (1, 0.000859322, 2.8893e-5, 0.000888437))]), (11888, 16, 0.002051554, [(8, (0, 0.002026745, 2.3381e-5, 0.002050343)), (8, (1, 0.001541996, 2.9465e-5, 0.001571703))]), (11904, 16, 0.001760166, [(8, (0, 0.001656216, 2.5187e-5, 0.001681632)), (8, (1, 0.001684712, 4.9686e-5, 0.001734889))]), (11920, 14, 0.001904945, [(7, (0, 0.00148959, 2.5005e-5, 0.001514844)), (7, (1, 0.001814163, 3.9564e-5, 0.001854148))]), (11936, 16, 0.00165385, [(8, (0, 0.001628544, 2.4051e-5, 0.001652895)), (8, (1, 0.001470697, 3.1005e-5, 0.001501923))]), (11952, 15, 0.002058654, [(8, (0, 0.002031871, 2.573e-5, 0.002057866)), (7, (1, 0.00153769, 3.4785e-5, 0.001572684))]), (11968, 13, 0.001444776, [(7, (0, 0.001421623, 2.2021e-5, 0.001443897)), (6, (1, 0.001213932, 3.8343e-5, 0.001252663))]), (11984, 16, 0.001723471, [(8, (0, 0.001688775, 3.2294e-5, 0.001721313)), (8, (1, 0.001587599, 4.8967e-5, 0.001636952))]), (12000, 16, 0.002124172, [(8, (0, 0.001649029, 3.0785e-5, 0.001680038)), (8, (1, 0.002023563, 6.1784e-5, 0.002085854))]), (12016, 14, 0.001926216, [(7, (0, 0.001900159, 2.4946e-5, 0.001925376)), (7, (1, 0.001692163, 4.3746e-5, 0.001736215))]), (12032, 15, 0.001814626, [(8, (0, 0.001790233, 2.3415e-5, 0.001813962)), (7, (1, 0.001208731, 4.1859e-5, 0.001250876))]), (12048, 16, 0.001616191, [(8, (0, 0.00137127, 2.322e-5, 0.001394768)), (8, (1, 0.00153397, 3.7578e-5, 0.001571826))]), (12064, 15, 0.001429627, [(8, (0, 0.001402033, 2.6425e-5, 0.001428753)), (7, (1, 0.001283486, 3.3557e-5, 0.001317298))]), (12080, 11, 0.001171313, [(6, (0, 0.001141504, 2.7668e-5, 0.001169445)), (5, (1, 0.000990219, 4.3396e-5, 0.001034029))]), (12096, 13, 0.001700129, [(7, (0, 0.001661817, 3.7167e-5, 0.001699247)), (6, (1, 0.001254433, 5.1214e-5, 0.001306001))]), (12112, 13, 0.001753287, [(7, (0, 0.001727115, 2.5107e-5, 0.001752452)), (6, (1, 0.001571651, 4.2919e-5, 0.001614967))]), (12128, 11, 0.001803626, [(6, (0, 0.001318249, 2.7981e-5, 0.001346463)), (5, (1, 0.001731018, 3.4221e-5, 0.001765474))]), (12144, 13, 0.001814068, [(7, (0, 0.001786126, 2.6742e-5, 0.001813146)), (6, (1, 0.001331554, 3.6996e-5, 0.001368784))]), (12160, 8, 0.00103336, [(4, (0, 0.001008762, 2.3711e-5, 0.001032742)), (4, (1, 0.000919909, 3.0967e-5, 0.000951112))]), (12176, 14, 0.00151986, [(7, (0, 0.001494882, 2.389e-5, 0.001519012)), (7, (1, 0.001441704, 3.0298e-5, 0.001472224))]), (12192, 15, 0.001901018, [(8, (0, 0.001877062, 2.286e-5, 0.001900165)), (7, (1, 0.00165436, 2.9135e-5, 0.00168379))]), (12208, 15, 0.001824175, [(8, (0, 0.00160208, 2.2043e-5, 0.001624421)), (7, (1, 0.001757863, 2.8851e-5, 0.001786988))]), (12224, 12, 0.002000963, [(6, (0, 0.00133365, 2.6172e-5, 0.001360059)), (6, (1, 0.001899019, 3.205e-5, 0.001931297))]), (12240, 16, 0.001976692, [(8, (0, 0.001950855, 2.3674e-5, 0.001974732)), (8, (1, 0.001807346, 2.964e-5, 0.001837214))]), (12256, 15, 0.001978047, [(8, (0, 0.001947113, 2.9743e-5, 0.001977098)), (7, (1, 0.001732736, 5.0873e-5, 0.001783824))]), (12272, 9, 0.000975723, [(5, (0, 0.000912629, 2.9191e-5, 0.000942057)), (4, (1, 0.000919765, 3.5869e-5, 0.000955836))]), (12288, 13, 0.002035588, [(7, (0, 0.002008401, 2.6021e-5, 0.002034637)), (6, (1, 0.00153586, 3.1832e-5, 0.001567892))]), (12304, 15, 0.002338943, [(8, (0, 0.002313976, 2.3984e-5, 0.002338206)), (7, (1, 0.001833657, 2.9875e-5, 0.001863806))]), (12320, 13, 0.002357594, [(7, (0, 0.002334948, 2.1647e-5, 0.002356823)), (6, (1, 0.001349231, 4.5898e-5, 0.001395406))]), (12336, 16, 0.001891747, [(8, (0, 0.001618924, 2.0532e-5, 0.00163969)), (8, (1, 0.001832961, 3.6746e-5, 0.00187003))]), (12352, 11, 0.001315107, [(6, (0, 0.001292114, 2.2073e-5, 0.001314423)), (5, (1, 0.001038792, 2.8283e-5, 0.001067317))]), (12368, 13, 0.001401834, [(7, (0, 0.00137407, 2.6855e-5, 0.001401163)), (6, (1, 0.001312016, 3.7025e-5, 0.001349312))]), (12384, 14, 0.001189756, [(7, (0, 0.001166636, 2.2209e-5, 0.001189064)), (7, (1, 0.001132519, 3.7292e-5, 0.001170028))]), (12400, 14, 0.001225126, [(7, (0, 0.001202338, 2.1712e-5, 0.001224275)), (7, (1, 0.001154571, 2.6806e-5, 0.001181576))]), (12416, 14, 0.00214474, [(7, (0, 0.002016156, 2.2402e-5, 0.002038791)), (7, (1, 0.002095903, 2.7939e-5, 0.002124063))]), (12432, 16, 0.001818653, [(8, (0, 0.001793701, 2.3848e-5, 0.001817782)), (8, (1, 0.001718581, 3.0611e-5, 0.00174941))]), (12448, 5, 0.000480616, [(3, (0, 0.000461066, 1.8721e-5, 0.000480017)), (2, (1, 0.000412956, 2.9189e-5, 0.000442341))]), (12464, 6, 0.000805887, [(3, (0, 0.000787489, 1.7571e-5, 0.00080531)), (3, (1, 0.000650503, 2.3245e-5, 0.000674016))]), (12480, 14, 0.001231758, [(7, (0, 0.001210325, 2.0385e-5, 0.001230941)), (7, (1, 0.001135487, 2.7444e-5, 0.00116318))]), (12496, 10, 0.001022261, [(5, (0, 0.000950466, 2.0456e-5, 0.000971148)), (5, (1, 0.000975581, 2.677e-5, 0.001002544))]), (12512, 16, 0.001620519, [(8, (0, 0.001432227, 2.2442e-5, 0.001454889)), (8, (1, 0.001544798, 2.8327e-5, 0.001573325))]), (12528, 7, 0.001258555, [(4, (0, 0.001233974, 2.3548e-5, 0.001257751)), (3, (1, 0.00080278, 4.6102e-5, 0.000849203))]), (12544, 14, 0.0019248, [(7, (0, 0.001777631, 2.5821e-5, 0.001803667)), (7, (1, 0.001840203, 6.5977e-5, 0.001906923))]), (12560, 15, 0.001505803, [(8, (0, 0.00148067, 2.4037e-5, 0.001504947)), (7, (1, 0.001345034, 2.9867e-5, 0.001375121))]), (12576, 16, 0.00157805, [(8, (0, 0.00154577, 3.0898e-5, 0.001576881)), (8, (1, 0.001398002, 3.6694e-5, 0.001434891))]), (12592, 16, 0.001655576, [(8, (0, 0.001444177, 2.3101e-5, 0.001467508)), (8, (1, 0.001608337, 2.9421e-5, 0.001637975))]), (12608, 12, 0.001371166, [(6, (0, 0.001163121, 2.3778e-5, 0.001187136)), (6, (1, 0.001324738, 2.9323e-5, 0.001354243))]), (12624, 13, 0.001300863, [(7, (0, 0.001274872, 2.505e-5, 0.001300159)), (6, (1, 0.001167695, 3.0579e-5, 0.001198506))]), (12640, 13, 0.001285157, [(7, (0, 0.001257615, 2.6508e-5, 0.001284372)), (6, (1, 0.001144769, 4.7217e-5, 0.001192346))]), (12656, 12, 0.001274366, [(6, (0, 0.00125152, 2.19e-5, 0.00127365)), (6, (1, 0.001185717, 4.3842e-5, 0.001229915))]), (12672, 15, 0.002094244, [(8, (0, 0.00206994, 2.3207e-5, 0.002093384)), (7, (1, 0.001501248, 3.6419e-5, 0.001538041))]), (12688, 14, 0.001573138, [(7, (0, 0.001454194, 2.2569e-5, 0.001476985)), (7, (1, 0.001503333, 5.0009e-5, 0.001553622))]), (12704, 9, 0.000949262, [(5, (0, 0.000926445, 2.176e-5, 0.000948449)), (4, (1, 0.000882048, 2.7492e-5, 0.000909784))]), (12720, 13, 0.001709607, [(7, (0, 0.001687965, 2.0252e-5, 0.001708468)), (6, (1, 0.001459321, 3.8279e-5, 0.001497847))]), (12736, 15, 0.001960436, [(8, (0, 0.001932216, 2.5035e-5, 0.001957667)), (7, (1, 0.001772137, 4.3102e-5, 0.001815745))]), (12752, 12, 0.001510741, [(6, (0, 0.001477386, 3.224e-5, 0.001509914)), (6, (1, 0.00134235, 4.604e-5, 0.001388615))]), (12768, 14, 0.001778358, [(7, (0, 0.001749611, 2.6237e-5, 0.001776285)), (7, (1, 0.001382037, 3.2603e-5, 0.001414869))]), (12784, 13, 0.001620294, [(7, (0, 0.001590811, 2.841e-5, 0.001619505)), (6, (1, 0.00130823, 4.5504e-5, 0.001353963))]), (12800, 14, 0.001383537, [(7, (0, 0.001332041, 2.8656e-5, 0.001360946)), (7, (1, 0.00129218, 8.3049e-5, 0.001379599))]), (12816, 14, 0.001723605, [(7, (0, 0.001681844, 4.0221e-5, 0.001722302)), (7, (1, 0.001514188, 4.8503e-5, 0.001563035))]), (12832, 15, 0.00217417, [(8, (0, 0.002144145, 2.8762e-5, 0.002173132)), (7, (1, 0.001916015, 3.5241e-5, 0.001951506))]), (12848, 14, 0.001555299, [(7, (0, 0.001450881, 3.2039e-5, 0.00148314)), (7, (1, 0.001437855, 7.9637e-5, 0.001518086))]), (12864, 15, 0.002533092, [(8, (0, 0.00249517, 3.4955e-5, 0.00253038)), (7, (1, 0.002020523, 4.8983e-5, 0.002069714))]), (12880, 12, 0.001912167, [(6, (0, 0.001594623, 4.0897e-5, 0.001635789)), (6, (1, 0.001758877, 0.000121301, 0.001880755))]), (12896, 16, 0.001926575, [(8, (0, 0.001770663, 3.1e-5, 0.001801913)), (8, (1, 0.001858934, 3.6187e-5, 0.001895373))]), (12912, 16, 0.001965926, [(8, (0, 0.001626793, 4.3271e-5, 0.001670303)), (8, (1, 0.00188854, 6.0893e-5, 0.001949672))]), (12928, 14, 0.002002015, [(7, (0, 0.00141973, 2.6269e-5, 0.001446327)), (7, (1, 0.001896698, 3.2517e-5, 0.001929418))]), (12944, 16, 0.002490574, [(8, (0, 0.002457891, 3.1623e-5, 0.002489754)), (8, (1, 0.001754217, 3.8549e-5, 0.001793009))]), (12960, 16, 0.002374281, [(8, (0, 0.002344387, 2.8279e-5, 0.002372965)), (8, (1, 0.001892284, 3.7681e-5, 0.001930182))]), (12976, 11, 0.001331463, [(6, (0, 0.001298791, 3.1758e-5, 0.001330773)), (5, (1, 0.001083799, 0.000178486, 0.001263523))]), (12992, 11, 0.001168548, [(6, (0, 0.001059723, 3.6563e-5, 0.001096572)), (5, (1, 0.001059816, 6.6454e-5, 0.001126773))]), (13008, 8, 0.000867894, [(4, (0, 0.000836512, 3.0303e-5, 0.000867064)), (4, (1, 0.000734864, 4.3547e-5, 0.000778626))]), (13024, 15, 0.001703556, [(8, (0, 0.00167105, 3.0518e-5, 0.001701802)), (7, (1, 0.001613313, 3.8344e-5, 0.001651905))]), (13040, 12, 0.002005936, [(6, (0, 0.001518692, 4.0566e-5, 0.001559488)), (6, (1, 0.001876258, 5.0123e-5, 0.001926598))]), (13056, 13, 0.001989725, [(7, (0, 0.00162885, 3.077e-5, 0.001659971)), (6, (1, 0.001885149, 3.7244e-5, 0.001922592))]), (13072, 9, 0.001607938, [(5, (0, 0.001578583, 2.7257e-5, 0.001606214)), (4, (1, 0.001283032, 5.002e-5, 0.001333467))]), (13088, 13, 0.001269941, [(7, (0, 0.001233103, 3.5707e-5, 0.001269141)), (6, (1, 0.001048019, 8.8419e-5, 0.001136792))]), (13104, 14, 0.00172319, [(7, (0, 0.001315404, 3.4243e-5, 0.001349867)), (7, (1, 0.001641628, 4.3869e-5, 0.001685742))]), (13120, 13, 0.001899066, [(7, (0, 0.001864333, 3.3267e-5, 0.001897878)), (6, (1, 0.000947749, 9.2899e-5, 0.001040981))]), (13136, 13, 0.001888498, [(7, (0, 0.001300652, 3.6419e-5, 0.001337286)), (6, (1, 0.001741111, 9.7126e-5, 0.00183851))]), (13152, 14, 0.001514692, [(7, (0, 0.00120879, 2.7483e-5, 0.001236517)), (7, (1, 0.001441593, 3.3168e-5, 0.00147496))]), (13168, 13, 0.001417725, [(7, (0, 0.001386619, 2.9707e-5, 0.001416621)), (6, (1, 0.001175012, 3.6977e-5, 0.00121225))]), (13184, 9, 0.001187827, [(5, (0, 0.001148783, 3.6792e-5, 0.001185837)), (4, (1, 0.000946417, 5.5638e-5, 0.001002405))]), (13200, 10, 0.001268012, [(5, (0, 0.001146049, 4.8894e-5, 0.001195231)), (5, (1, 0.001164426, 7.0349e-5, 0.001235154))]), (13216, 11, 0.001334967, [(6, (0, 0.001301018, 3.2838e-5, 0.00133412)), (5, (1, 0.000991585, 3.9356e-5, 0.001031124))]), (13232, 15, 0.001780122, [(8, (0, 0.001751114, 2.7103e-5, 0.001778456)), (7, (1, 0.001384285, 7.4355e-5, 0.001458951))]), (13248, 12, 0.001321349, [(6, (0, 0.00121359, 3.2765e-5, 0.00124657)), (6, (1, 0.001220358, 7.0718e-5, 0.001291398))]), (13264, 10, 0.001648189, [(5, (0, 0.001604813, 4.2253e-5, 0.001647267)), (5, (1, 0.001212379, 4.9905e-5, 0.00126252))]), (13280, 11, 0.001891714, [(6, (0, 0.00186074, 2.9651e-5, 0.001890656)), (5, (1, 0.001202871, 5.0332e-5, 0.00125343))]), (13296, 16, 0.002031304, [(8, (0, 0.001928883, 4.0099e-5, 0.001969209)), (8, (1, 0.001926002, 8.3906e-5, 0.00201014))]), (13312, 10, 0.001407159, [(5, (0, 0.00137934, 2.6952e-5, 0.001406556)), (5, (1, 0.001227645, 3.5621e-5, 0.001268208))]), (13328, 13, 0.001786298, [(7, (0, 0.001620549, 2.5426e-5, 0.001646194)), (6, (1, 0.001738437, 3.0771e-5, 0.001769425))]), (13344, 15, 0.003756289, [(8, (0, 0.002383804, 2.7357e-5, 0.002411385)), (7, (1, 0.003659137, 3.3108e-5, 0.003692473))]), (13360, 11, 0.00242476, [(6, (0, 0.00238206, 3.8416e-5, 0.00242084)), (5, (1, 0.001598987, 5.0442e-5, 0.00164964))]), (13376, 15, 0.002235472, [(8, (0, 0.002185905, 4.7958e-5, 0.002234093)), (7, (1, 0.001764198, 6.8442e-5, 0.001832884))]), (13392, 13, 0.001579188, [(7, (0, 0.001548536, 2.9111e-5, 0.00157787)), (6, (1, 0.001282708, 3.9854e-5, 0.001322772))]), (13408, 12, 0.001482713, [(6, (0, 0.001441231, 4.0082e-5, 0.001481625)), (6, (1, 0.001323239, 8.1887e-5, 0.001405837))]), (13424, 14, 0.001441896, [(7, (0, 0.00140822, 3.2736e-5, 0.001441243)), (7, (1, 0.001317831, 6.0066e-5, 0.001378106))]), (13440, 14, 0.0016065, [(7, (0, 0.001396133, 2.5366e-5, 0.00142172)), (7, (1, 0.001547371, 3.4557e-5, 0.001582133))]), (13456, 15, 0.001912945, [(8, (0, 0.001881348, 3.012e-5, 0.001911728)), (7, (1, 0.001527794, 3.5622e-5, 0.001563697))]), (13472, 10, 0.00143186, [(5, (0, 0.001402671, 2.7791e-5, 0.001430696)), (5, (1, 0.001307581, 6.9669e-5, 0.001377808))]), (13488, 15, 0.002053267, [(8, (0, 0.002024323, 2.8042e-5, 0.002052585)), (7, (1, 0.001733992, 3.4913e-5, 0.00176911))]), (13504, 11, 0.001113201, [(6, (0, 0.001081603, 3.0621e-5, 0.001112459)), (5, (1, 0.00084016, 3.9255e-5, 0.000879618))]), (13520, 16, 0.001661318, [(8, (0, 0.001427317, 2.7477e-5, 0.001455079)), (8, (1, 0.001557105, 4.0679e-5, 0.001597992))]), (13536, 12, 0.001332309, [(6, (0, 0.001179847, 3.5996e-5, 0.001216114)), (6, (1, 0.001234052, 5.0874e-5, 0.001285182))]), (13552, 8, 0.001043578, [(4, (0, 0.001014127, 2.7743e-5, 0.001042115)), (4, (1, 0.000788062, 3.5504e-5, 0.000823825))]), (13568, 10, 0.001387244, [(5, (0, 0.001079043, 2.7304e-5, 0.001106568)), (5, (1, 0.001296917, 3.8669e-5, 0.001335773))]), (13584, 14, 0.001483617, [(7, (0, 0.001450454, 3.1004e-5, 0.001481839)), (7, (1, 0.001250415, 3.9116e-5, 0.001289845))]), (13600, 11, 0.001256679, [(6, (0, 0.001218758, 3.6609e-5, 0.001255607)), (5, (1, 0.001014439, 9.1134e-5, 0.001105872))]), (13616, 14, 0.001605294, [(7, (0, 0.001533037, 7.0501e-5, 0.001603757)), (7, (1, 0.001159098, 8.0915e-5, 0.001240232))]), (13632, 10, 0.001280784, [(5, (0, 0.001201114, 3.1438e-5, 0.001232829)), (5, (1, 0.001164924, 9.3413e-5, 0.001258561))]), (13648, 10, 0.00113201, [(5, (0, 0.001099158, 2.3427e-5, 0.001122805)), (5, (1, 0.001084942, 4.5249e-5, 0.001130392))]), (13664, 13, 0.002248761, [(7, (0, 0.002211971, 3.55e-5, 0.002247728)), (6, (1, 0.001492925, 4.3792e-5, 0.001536981))]), (13680, 15, 0.002190285, [(8, (0, 0.002154052, 3.4961e-5, 0.002189306)), (7, (1, 0.001196267, 4.6149e-5, 0.001242631))]), (13696, 14, 0.00139678, [(7, (0, 0.001358766, 3.698e-5, 0.001395973)), (7, (1, 0.001259451, 6.9531e-5, 0.001329532))]), (13712, 13, 0.001521322, [(7, (0, 0.00149217, 2.8122e-5, 0.001520521)), (6, (1, 0.001391882, 4.9797e-5, 0.001441946))]), (13728, 15, 0.001541401, [(8, (0, 0.001511571, 2.8945e-5, 0.001540726)), (7, (1, 0.001369637, 3.9786e-5, 0.001409642))]), (13744, 16, 0.00271612, [(8, (0, 0.002062028, 2.4639e-5, 0.002086925)), (8, (1, 0.002501656, 3.1609e-5, 0.002533507))]), (13760, 15, 0.002827344, [(8, (0, 0.002785423, 3.8073e-5, 0.002824129)), (7, (1, 0.001681927, 6.041e-5, 0.001742663))]), (13776, 7, 0.001378462, [(4, (0, 0.001326114, 5.1148e-5, 0.00137753)), (3, (1, 0.001109544, 9.3763e-5, 0.001203764))]), (13792, 14, 0.002425537, [(7, (0, 0.002389253, 3.5261e-5, 0.002424734)), (7, (1, 0.002137739, 5.5092e-5, 0.002193292))]), (13808, 13, 0.001515695, [(7, (0, 0.001482735, 3.1448e-5, 0.001514437)), (6, (1, 0.001338408, 3.9703e-5, 0.001378362))]), (13824, 11, 0.001203648, [(6, (0, 0.001171793, 3.1033e-5, 0.001203066)), (5, (1, 0.000979768, 6.8988e-5, 0.001049097))]), (13840, 15, 0.00196135, [(8, (0, 0.001935032, 2.4912e-5, 0.001960185)), (7, (1, 0.001561092, 3.4932e-5, 0.001602239))]), (13856, 15, 0.001789046, [(8, (0, 0.001759418, 2.8204e-5, 0.001787895)), (7, (1, 0.001390155, 4.1338e-5, 0.00143178))]), (13872, 12, 0.001534437, [(6, (0, 0.001502923, 2.9562e-5, 0.001532714)), (6, (1, 0.001074584, 6.8143e-5, 0.00114295))]), (13888, 15, 0.001530619, [(8, (0, 0.001498588, 3.0908e-5, 0.001529814)), (7, (1, 0.001364723, 7.3535e-5, 0.001438473))]), (13904, 11, 0.001181132, [(6, (0, 0.001156484, 2.3725e-5, 0.001180476)), (5, (1, 0.00090249, 8.1318e-5, 0.000984092))]), (13920, 12, 0.001421002, [(6, (0, 0.001394701, 2.4803e-5, 0.001419806)), (6, (1, 0.001139524, 3.3915e-5, 0.001173766))]), (13936, 15, 0.001705149, [(8, (0, 0.001679849, 2.3705e-5, 0.001703847)), (7, (1, 0.001565117, 3.5053e-5, 0.00160044))]), (13952, 10, 0.001762032, [(5, (0, 0.001263114, 2.4466e-5, 0.001287818)), (5, (1, 0.001572661, 3.0993e-5, 0.001603892))]), (13968, 15, 0.001766546, [(8, (0, 0.001725836, 3.7678e-5, 0.001763829)), (7, (1, 0.001362842, 4.6584e-5, 0.001409702))]), (13984, 14, 0.002068162, [(7, (0, 0.001545033, 4.7659e-5, 0.001592916)), (7, (1, 0.001944115, 0.000100351, 0.002044823))]), (14000, 13, 0.001618911, [(7, (0, 0.001589964, 2.6681e-5, 0.001616883)), (6, (1, 0.001172777, 3.6266e-5, 0.001209255))]), (14016, 13, 0.001745272, [(7, (0, 0.001391297, 3.6936e-5, 0.001428614)), (6, (1, 0.001650966, 5.2328e-5, 0.00170354))]), (14032, 12, 0.001430525, [(6, (0, 0.001400366, 2.8699e-5, 0.001429295)), (6, (1, 0.001332208, 3.4503e-5, 0.00136693))]), (14048, 11, 0.001224634, [(6, (0, 0.001193051, 3.0321e-5, 0.001223611)), (5, (1, 0.000865382, 3.648e-5, 0.000902069))]), (14064, 11, 0.001834877, [(6, (0, 0.001797263, 3.6415e-5, 0.001833908)), (5, (1, 0.001261408, 5.7442e-5, 0.001319053))]), (14080, 14, 0.003371189, [(7, (0, 0.002851325, 3.0268e-5, 0.002881875)), (7, (1, 0.003204354, 8.6783e-5, 0.003291383))]), (14096, 13, 0.00176339, [(7, (0, 0.001735587, 2.6815e-5, 0.001762704)), (6, (1, 0.00136158, 3.2775e-5, 0.001394656))]), (14112, 12, 0.001847241, [(6, (0, 0.001821343, 2.4961e-5, 0.001846553)), (6, (1, 0.001214128, 3.4152e-5, 0.001248537))]), (14128, 14, 0.001435474, [(7, (0, 0.001261394, 2.5095e-5, 0.001286713)), (7, (1, 0.001321102, 4.6472e-5, 0.001367972))]), (14144, 5, 0.000682104, [(3, (0, 0.000651043, 2.994e-5, 0.000681253)), (2, (1, 0.00038695, 4.2738e-5, 0.0004299))]), (14160, 15, 0.001786706, [(8, (0, 0.001758087, 2.5099e-5, 0.001783743)), (7, (1, 0.001671042, 3.2035e-5, 0.00170331))]), (14176, 15, 0.002050681, [(8, (0, 0.001856932, 5.1812e-5, 0.001909057)), (7, (1, 0.001937894, 5.8961e-5, 0.001997069))]), (14192, 15, 0.002413057, [(8, (0, 0.002371727, 3.8573e-5, 0.002410683)), (7, (1, 0.001731933, 4.589e-5, 0.001778028))]), (14208, 11, 0.001249648, [(6, (0, 0.001151357, 4.4838e-5, 0.00119647)), (5, (1, 0.001110808, 0.000118437, 0.001229476))]), (14224, 9, 0.001769771, [(5, (0, 0.001740033, 2.7021e-5, 0.001767404)), (4, (1, 0.00097956, 3.3065e-5, 0.001012838))]), (14240, 14, 0.001749257, [(7, (0, 0.001471007, 4.1277e-5, 0.00151251)), (7, (1, 0.001572099, 6.4679e-5, 0.001637018))]), (14256, 11, 0.001221469, [(6, (0, 0.001187694, 3.2277e-5, 0.001220244)), (5, (1, 0.001128265, 4.1222e-5, 0.001169694))]), (14272, 12, 0.001456576, [(6, (0, 0.001120452, 3.853e-5, 0.001159332)), (6, (1, 0.001371603, 4.6069e-5, 0.001417894))]), (14288, 10, 0.001321894, [(5, (0, 0.001290416, 3.0402e-5, 0.001321022)), (5, (1, 0.001244368, 3.6146e-5, 0.001280921))]), (14304, 12, 0.001313025, [(6, (0, 0.001286318, 2.5124e-5, 0.001311658)), (6, (1, 0.001222777, 3.8646e-5, 0.001261746))]), (14320, 15, 0.00151552, [(8, (0, 0.001478323, 3.5871e-5, 0.001514421)), (7, (1, 0.001144242, 4.2991e-5, 0.001187481))]), (14336, 12, 0.001186646, [(6, (0, 0.001159596, 2.596e-5, 0.00118596)), (6, (1, 0.001084107, 4.207e-5, 0.001126721))]), (14352, 15, 0.001353635, [(8, (0, 0.00133225, 2.0178e-5, 0.001352648)), (7, (1, 0.001244762, 3.5603e-5, 0.001280636))]), (14368, 16, 0.002000447, [(8, (0, 0.001971442, 2.7723e-5, 0.001999389)), (8, (1, 0.001649041, 3.6492e-5, 0.001692285))]), (14384, 13, 0.001255258, [(7, (0, 0.001228598, 2.5673e-5, 0.001254491)), (6, (1, 0.001199212, 4.844e-5, 0.001247934))]), (14400, 8, 0.000991258, [(4, (0, 0.000760339, 2.2688e-5, 0.000783254)), (4, (1, 0.000919394, 2.8304e-5, 0.000947914))]), (14416, 7, 0.001071228, [(4, (0, 0.001044924, 2.5476e-5, 0.00107071)), (3, (1, 0.000642614, 9.6693e-5, 0.000739684))]), (14432, 12, 0.001573026, [(6, (0, 0.001384773, 3.7711e-5, 0.001422708)), (6, (1, 0.001430403, 5.6075e-5, 0.001486781))]), (14448, 11, 0.001184536, [(6, (0, 0.001156697, 2.6573e-5, 0.001183524)), (5, (1, 0.001117926, 5.5763e-5, 0.001174031))]), (14464, 13, 0.001758924, [(7, (0, 0.001731039, 2.5859e-5, 0.001757166)), (6, (1, 0.001439697, 4.673e-5, 0.001486788))]), (14480, 9, 0.001202366, [(5, (0, 0.001154494, 4.6686e-5, 0.001201605)), (4, (1, 0.00066522, 0.000111807, 0.000777418))]), (14496, 10, 0.001090412, [(5, (0, 0.001063633, 2.5801e-5, 0.001089655)), (5, (1, 0.000939029, 3.9796e-5, 0.000979082))]), (14512, 11, 0.001776226, [(6, (0, 0.001737105, 3.7805e-5, 0.001775136)), (5, (1, 0.001093451, 4.7863e-5, 0.001141639))]), (14528, 6, 0.000628524, [(3, (0, 0.000604499, 2.315e-5, 0.000627876)), (3, (1, 0.000567553, 5.1403e-5, 0.000619259))]), (14544, 13, 0.001575048, [(7, (0, 0.001459829, 2.1365e-5, 0.001481436)), (6, (1, 0.001511443, 2.7757e-5, 0.001539458))]), (14560, 11, 0.002232994, [(6, (0, 0.002199507, 3.1409e-5, 0.002231184)), (5, (1, 0.001789511, 3.8776e-5, 0.001828508))]), (14576, 14, 0.001835267, [(7, (0, 0.001722374, 4.9868e-5, 0.001772485)), (7, (1, 0.001710972, 8.3358e-5, 0.001794607))]), (14592, 12, 0.001599328, [(6, (0, 0.001515089, 3.0976e-5, 0.001546891)), (6, (1, 0.001521949, 3.7397e-5, 0.001559558))]), (14608, 12, 0.001716815, [(6, (0, 0.00119988, 3.1963e-5, 0.001232152)), (6, (1, 0.001638243, 5.2867e-5, 0.001691504))]), (14624, 10, 0.001427536, [(5, (0, 0.001168599, 3.5486e-5, 0.001204321)), (5, (1, 0.001346982, 4.6476e-5, 0.001393832))]), (14640, 14, 0.001941355, [(7, (0, 0.001905029, 3.4814e-5, 0.001940049)), (7, (1, 0.001391567, 5.1309e-5, 0.001443295))]), (14656, 12, 0.001605268, [(6, (0, 0.001197751, 3.4833e-5, 0.001232803)), (6, (1, 0.001524503, 5.1602e-5, 0.001576487))]), (14672, 16, 0.002128676, [(8, (0, 0.002089497, 3.7008e-5, 0.002126731)), (8, (1, 0.002023917, 5.2614e-5, 0.002076946))]), (14688, 16, 0.002252739, [(8, (0, 0.002206358, 4.5137e-5, 0.002251724)), (8, (1, 0.002084627, 8.7729e-5, 0.002172838))]), (14704, 15, 0.00210063, [(8, (0, 0.002070256, 2.923e-5, 0.002099696)), (7, (1, 0.00136063, 5.0172e-5, 0.001411212))]), (14720, 16, 0.002086254, [(8, (0, 0.002054573, 3.0071e-5, 0.002084942)), (8, (1, 0.001575688, 6.6626e-5, 0.001642736))]), (14736, 11, 0.001719009, [(6, (0, 0.001686091, 3.2058e-5, 0.001718377)), (5, (1, 0.001437449, 5.1205e-5, 0.001489257))]), (14752, 13, 0.001569321, [(7, (0, 0.001537148, 3.0888e-5, 0.001568273)), (6, (1, 0.001413793, 5.6103e-5, 0.001470417))]), (14768, 15, 0.001657013, [(8, (0, 0.00161831, 3.3573e-5, 0.001652328)), (7, (1, 0.001372393, 4.4755e-5, 0.001417546))]), (14784, 11, 0.001604253, [(6, (0, 0.001544542, 5.6979e-5, 0.00160193)), (5, (1, 0.001420721, 8.5408e-5, 0.001506845))]), (14800, 13, 0.001868244, [(7, (0, 0.001821374, 4.34e-5, 0.001865254)), (6, (1, 0.001428912, 6.1525e-5, 0.001491006))]), (14816, 12, 0.001367663, [(6, (0, 0.001315285, 5.1099e-5, 0.001366777)), (6, (1, 0.001248238, 6.9459e-5, 0.001318128))]), (14832, 13, 0.001956905, [(7, (0, 0.001917034, 3.8032e-5, 0.001955326)), (6, (1, 0.001487027, 4.7599e-5, 0.001535018))]), (14848, 11, 0.001073188, [(6, (0, 0.001036667, 3.5478e-5, 0.001072371)), (5, (1, 0.000809274, 6.7207e-5, 0.000876851))]), (14864, 12, 0.001533051, [(6, (0, 0.001081089, 2.3393e-5, 0.001104697)), (6, (1, 0.001446353, 4.1937e-5, 0.00148866))]), (14880, 11, 0.00133232, [(6, (0, 0.001302056, 2.8311e-5, 0.001330683)), (5, (1, 0.000928025, 4.9278e-5, 0.000977559))]), (14896, 13, 0.001410631, [(7, (0, 0.001381716, 2.5828e-5, 0.001407989)), (6, (1, 0.001099329, 4.5416e-5, 0.001145052))]), (14912, 14, 0.001389869, [(7, (0, 0.001356302, 3.1811e-5, 0.001388439)), (7, (1, 0.001279301, 5.4028e-5, 0.001333666))]), (14928, 13, 0.00142946, [(7, (0, 0.001367528, 6.0404e-5, 0.001428379)), (6, (1, 0.001122639, 9.7591e-5, 0.001220675))]), (14944, 16, 0.001913602, [(8, (0, 0.001757613, 2.6501e-5, 0.001784403)), (8, (1, 0.001830635, 4.2413e-5, 0.001873702))]), (14960, 14, 0.001351493, [(7, (0, 0.001239936, 4.1778e-5, 0.001282152)), (7, (1, 0.001229963, 9.147e-5, 0.001321734))]), (14976, 15, 0.001494499, [(8, (0, 0.001466382, 2.5269e-5, 0.001491935)), (7, (1, 0.001263453, 3.2533e-5, 0.001296236))]), (14992, 16, 0.001681919, [(8, (0, 0.001623335, 5.5221e-5, 0.001679027)), (8, (1, 0.001427427, 6.9333e-5, 0.001497037))]), (15008, 13, 0.003423434, [(7, (0, 0.003381545, 3.5715e-5, 0.003417716)), (6, (1, 0.001097124, 5.2727e-5, 0.001150126))]), (15024, 13, 0.001214964, [(7, (0, 0.001170413, 4.333e-5, 0.001214107)), (6, (1, 0.001030476, 7.9342e-5, 0.001110129))]), (15040, 13, 0.00181528, [(7, (0, 0.001781452, 3.1854e-5, 0.001813633)), (6, (1, 0.001552577, 9.2364e-5, 0.001645241))]), (15056, 10, 0.001163985, [(5, (0, 0.000997014, 3.2942e-5, 0.00103024)), (5, (1, 0.001045653, 5.4926e-5, 0.001100896))]), (15072, 14, 0.002239231, [(7, (0, 0.0015537, 3.6182e-5, 0.001590242)), (7, (1, 0.002038324, 9.0048e-5, 0.002128792))]), (15088, 13, 0.001590453, [(7, (0, 0.001552129, 3.667e-5, 0.001589058)), (6, (1, 0.0013631, 4.8899e-5, 0.001412296))]), (15104, 12, 0.001701957, [(6, (0, 0.001663389, 3.6875e-5, 0.001700658)), (6, (1, 0.00124654, 6.3213e-5, 0.00131019))]), (15120, 13, 0.001314202, [(7, (0, 0.001284585, 2.8471e-5, 0.001313342)), (6, (1, 0.001009517, 5.6618e-5, 0.001066683))]), (15136, 15, 0.001643064, [(8, (0, 0.001609836, 3.0403e-5, 0.001640586)), (7, (1, 0.001221805, 6.7909e-5, 0.001290311))]), (15152, 14, 0.002145713, [(7, (0, 0.001956816, 4.4021e-5, 0.002001098)), (7, (1, 0.002049146, 5.3035e-5, 0.002102679))]), (15168, 11, 0.001513209, [(6, (0, 0.001464184, 4.6914e-5, 0.001511364)), (5, (1, 0.001352286, 7.9599e-5, 0.001432792))]), (15184, 11, 0.00155038, [(6, (0, 0.001521812, 2.6659e-5, 0.00154874)), (5, (1, 0.001076304, 3.9962e-5, 0.001116626))]), (15200, 10, 0.001144121, [(5, (0, 0.001101758, 3.8652e-5, 0.001140796)), (5, (1, 0.001018436, 5.9379e-5, 0.001078372))]), (15216, 12, 0.00138705, [(6, (0, 0.001343286, 4.1042e-5, 0.001384758)), (6, (1, 0.001232384, 8.2577e-5, 0.001315376))]), (15232, 14, 0.001752847, [(7, (0, 0.001705575, 4.5583e-5, 0.001751432)), (7, (1, 0.001389055, 5.9499e-5, 0.001448965))]), (15248, 14, 0.001849748, [(7, (0, 0.001437931, 3.0414e-5, 0.001468874)), (7, (1, 0.001742596, 7.0567e-5, 0.001813856))]), (15264, 16, 0.001480417, [(8, (0, 0.001444866, 3.4168e-5, 0.001479278)), (8, (1, 0.001370649, 4.311e-5, 0.001414024))]), (15280, 11, 0.001227517, [(6, (0, 0.00116743, 5.137e-5, 0.001219211)), (5, (1, 0.000979725, 7.9432e-5, 0.001059782))]), (15296, 11, 0.00123688, [(6, (0, 0.001183178, 5.171e-5, 0.001235163)), (5, (1, 0.0010227, 8.5123e-5, 0.001108306))]), (15312, 11, 0.0010841, [(6, (0, 0.001052001, 2.9749e-5, 0.001082166)), (5, (1, 0.000849545, 5.4728e-5, 0.000904703))]), (15328, 11, 0.001194892, [(6, (0, 0.001147698, 4.4915e-5, 0.001192889)), (5, (1, 0.001021854, 9.8354e-5, 0.001120841))]), (15344, 14, 0.001460016, [(7, (0, 0.001419409, 3.8529e-5, 0.001458195)), (7, (1, 0.001372866, 6.1471e-5, 0.001434767))]), (15360, 11, 0.00111567, [(6, (0, 0.001089584, 2.4838e-5, 0.001114655)), (5, (1, 0.00090233, 3.206e-5, 0.000934646))]), (15376, 14, 0.001689117, [(7, (0, 0.00165243, 3.5432e-5, 0.001688081)), (7, (1, 0.001300222, 0.000114886, 0.00141559))]), (15392, 14, 0.002244905, [(7, (0, 0.002206121, 3.3744e-5, 0.002240326)), (7, (1, 0.001620743, 6.1129e-5, 0.001682449))]), (15408, 15, 0.001979531, [(8, (0, 0.001892352, 8.3552e-5, 0.001976363)), (7, (1, 0.001701986, 0.000199098, 0.001901964))]), (15424, 14, 0.001828578, [(7, (0, 0.001782957, 4.3434e-5, 0.0018267)), (7, (1, 0.001712102, 9.5639e-5, 0.001808112))]), (15440, 14, 0.002326554, [(7, (0, 0.002285399, 4.002e-5, 0.002325648)), (7, (1, 0.002151983, 5.355e-5, 0.002205819))]), (15456, 14, 0.001667832, [(7, (0, 0.0016408, 2.5543e-5, 0.001666574)), (7, (1, 0.001530644, 3.2064e-5, 0.001562953))]), (15472, 15, 0.002240607, [(8, (0, 0.002205167, 3.3228e-5, 0.002238833)), (7, (1, 0.001764871, 6.461e-5, 0.001830079))]), (15488, 16, 0.001513076, [(8, (0, 0.001475909, 3.339e-5, 0.001509871)), (8, (1, 0.00134035, 5.1988e-5, 0.001392895))]), (15504, 5, 0.000627426, [(3, (0, 0.000581775, 4.3769e-5, 0.00062606)), (2, (1, 0.000381206, 5.7722e-5, 0.00043917))]), (15520, 16, 0.001717727, [(8, (0, 0.001565232, 4.8263e-5, 0.001613902)), (8, (1, 0.00156263, 9.5424e-5, 0.001658543))]), (15536, 11, 0.001204317, [(6, (0, 0.001146996, 5.5432e-5, 0.001202681)), (5, (1, 0.00083112, 6.4411e-5, 0.00089594))]), (15552, 15, 0.00230204, [(8, (0, 0.002260166, 3.7497e-5, 0.002298141)), (7, (1, 0.00180528, 6.5512e-5, 0.001871372))]), (15568, 11, 0.001288794, [(6, (0, 0.001207401, 5.0371e-5, 0.001258034)), (5, (1, 0.001214024, 6.2666e-5, 0.001277023))]), (15584, 13, 0.001596246, [(7, (0, 0.001553672, 4.1014e-5, 0.001594938)), (6, (1, 0.001496752, 6.0242e-5, 0.001557389))]), (15600, 15, 0.00191479, [(8, (0, 0.001879033, 3.4017e-5, 0.001913295)), (7, (1, 0.001641304, 6.2577e-5, 0.001704356))]), (15616, 13, 0.001910248, [(7, (0, 0.00146901, 4.4278e-5, 0.00151355)), (6, (1, 0.00177515, 7.3989e-5, 0.001849838))]), (15632, 13, 0.001952423, [(7, (0, 0.001906237, 4.466e-5, 0.001951139)), (6, (1, 0.001672875, 7.6398e-5, 0.001750139))]), (15648, 10, 0.002147248, [(5, (0, 0.001922015, 4.0289e-5, 0.001962533)), (5, (1, 0.002000321, 7.1086e-5, 0.00207234))]), (15664, 11, 0.001203166, [(6, (0, 0.001174594, 2.7569e-5, 0.001202423)), (5, (1, 0.001027343, 4.8588e-5, 0.001076347))]), (15680, 12, 0.001303326, [(6, (0, 0.001272916, 2.7372e-5, 0.001300747)), (6, (1, 0.00117464, 4.5916e-5, 0.001221063))]), (15696, 12, 0.001640876, [(6, (0, 0.001223135, 4.9491e-5, 0.001272983)), (6, (1, 0.001515598, 6.4142e-5, 0.001580161))]), (15712, 12, 0.001330543, [(6, (0, 0.00112839, 2.3486e-5, 0.001152219)), (6, (1, 0.001229612, 3.4954e-5, 0.001264981))]), (15728, 14, 0.001357137, [(7, (0, 0.001331838, 2.274e-5, 0.001355064)), (7, (1, 0.001254277, 3.0254e-5, 0.001284887))]), (15744, 9, 0.000941036, [(5, (0, 0.000908203, 3.17e-5, 0.000940181)), (4, (1, 0.000764754, 5.8167e-5, 0.000823296))]), (15760, 11, 0.001134013, [(6, (0, 0.001108344, 2.3741e-5, 0.001132359)), (5, (1, 0.000987651, 3.9524e-5, 0.001027648))]), (15776, 11, 0.001181629, [(6, (0, 0.001152122, 2.7421e-5, 0.001179801)), (5, (1, 0.000930474, 4.4985e-5, 0.000975875))]), (15792, 12, 0.001663093, [(6, (0, 0.001197372, 5.1487e-5, 0.001249318)), (6, (1, 0.001476514, 8.878e-5, 0.001565807))]), (15808, 15, 0.001408648, [(8, (0, 0.001375138, 3.2118e-5, 0.001407505)), (7, (1, 0.001260965, 4.0819e-5, 0.00130225))]), (15824, 14, 0.001502093, [(7, (0, 0.001225815, 2.4658e-5, 0.001251063)), (7, (1, 0.001421467, 3.869e-5, 0.001461798))]), (15840, 16, 0.001517427, [(8, (0, 0.001474867, 4.1382e-5, 0.001516531)), (8, (1, 0.001406512, 6.2681e-5, 0.001469644))]), (15856, 14, 0.001699096, [(7, (0, 0.001339474, 4.1577e-5, 0.001381315)), (7, (1, 0.00154886, 5.9041e-5, 0.001608563))]), (15872, 12, 0.001736841, [(6, (0, 0.001683202, 4.281e-5, 0.001726299)), (6, (1, 0.00167667, 5.7607e-5, 0.001734814))]), (15888, 15, 0.001875087, [(8, (0, 0.001845114, 2.7309e-5, 0.001872685)), (7, (1, 0.001411904, 4.5142e-5, 0.001457573))]), (15904, 13, 0.001394474, [(7, (0, 0.001361136, 3.2198e-5, 0.001393566)), (6, (1, 0.000932712, 0.000107222, 0.001040442))]), (15920, 13, 0.00196975, [(7, (0, 0.00193642, 3.0392e-5, 0.001967174)), (6, (1, 0.001320093, 4.6764e-5, 0.001367272))]), (15936, 15, 0.001733234, [(8, (0, 0.00169388, 3.5568e-5, 0.001730027)), (7, (1, 0.001400783, 6.1742e-5, 0.001463047))]), (15952, 14, 0.001611541, [(7, (0, 0.001531855, 7.6482e-5, 0.001608799)), (7, (1, 0.001392458, 0.000112651, 0.001505464))]), (15968, 13, 0.001465451, [(7, (0, 0.001424953, 3.8847e-5, 0.001464137)), (6, (1, 0.00113709, 8.3998e-5, 0.001227485))]), (15984, 11, 0.001439516, [(6, (0, 0.00140703, 3.1325e-5, 0.001438676)), (5, (1, 0.001034639, 5.6191e-5, 0.001091113))]), (16000, 12, 0.001761909, [(6, (0, 0.001559609, 3.7825e-5, 0.001598201)), (6, (1, 0.001680943, 4.5388e-5, 0.001726581))]), (16016, 13, 0.00279789, [(7, (0, 0.001411534, 5.407e-5, 0.001465934)), (6, (1, 0.002663178, 6.2883e-5, 0.0027267))]), (16032, 9, 0.0016363, [(5, (0, 0.0015839, 5.0294e-5, 0.00163458)), (4, (1, 0.001305923, 6.3699e-5, 0.001370093))]), (16048, 14, 0.002281906, [(7, (0, 0.001668276, 4.2094e-5, 0.001710718)), (7, (1, 0.002049679, 4.6123e-5, 0.002096395))]), (16064, 13, 0.002247936, [(7, (0, 0.002202985, 4.0952e-5, 0.002244787)), (6, (1, 0.001298137, 0.000141441, 0.001440901))]), (16080, 11, 0.001121469, [(6, (0, 0.001064823, 5.5093e-5, 0.001120168)), (5, (1, 0.000893752, 8.3686e-5, 0.000977854))]), (16096, 14, 0.001788094, [(7, (0, 0.001748051, 3.6749e-5, 0.001785502)), (7, (1, 0.001132167, 5.4566e-5, 0.001187073))]), (16112, 15, 0.001806204, [(8, (0, 0.001757709, 4.745e-5, 0.001805413)), (7, (1, 0.00149897, 6.5617e-5, 0.001564913))]), (16128, 15, 0.002142174, [(8, (0, 0.002112001, 2.6139e-5, 0.00213856)), (7, (1, 0.001827616, 4.1e-5, 0.001869045))]), (16144, 16, 0.001979491, [(8, (0, 0.001815661, 4.4619e-5, 0.001860646)), (8, (1, 0.001855861, 6.9949e-5, 0.001926248))]), (16160, 12, 0.001547946, [(6, (0, 0.001087732, 3.8148e-5, 0.001126152)), (6, (1, 0.001450133, 4.8759e-5, 0.001499781))]), (16176, 14, 0.002104838, [(7, (0, 0.002062629, 3.8197e-5, 0.002101301)), (7, (1, 0.002027857, 6.0365e-5, 0.002088706))]), (16192, 15, 0.001707002, [(8, (0, 0.001488998, 4.0357e-5, 0.001529679)), (7, (1, 0.001539732, 6.1782e-5, 0.001602548))]), (16208, 13, 0.001673314, [(7, (0, 0.001623955, 4.6739e-5, 0.001671125)), (6, (1, 0.00145519, 6.4075e-5, 0.001519684))]), (16224, 15, 0.001652506, [(8, (0, 0.001595515, 4.7735e-5, 0.001643746)), (7, (1, 0.001170314, 6.5672e-5, 0.001236268))]), (16240, 13, 0.001569426, [(7, (0, 0.001488335, 7.7584e-5, 0.001566382)), (6, (1, 0.001279588, 0.00011674, 0.001396859))]), (16256, 12, 0.001587997, [(6, (0, 0.00112636, 4.4025e-5, 0.001170656)), (6, (1, 0.001467842, 6.1518e-5, 0.001529844))]), (16272, 13, 0.00159512, [(7, (0, 0.001288442, 4.0166e-5, 0.00132886)), (6, (1, 0.001480873, 6.9645e-5, 0.001551134))]), (16288, 13, 0.001355324, [(7, (0, 0.001330486, 2.3475e-5, 0.001354304)), (6, (1, 0.001184918, 4.8145e-5, 0.001233724))]), (16304, 12, 0.001192789, [(6, (0, 0.001163372, 2.6952e-5, 0.001190703)), (6, (1, 0.001077482, 5.2344e-5, 0.001130326))]), (16320, 15, 0.001523317, [(8, (0, 0.001446603, 7.4398e-5, 0.001521278)), (7, (1, 0.001218324, 7.749e-5, 0.001296116))]), (16336, 16, 0.002547059, [(8, (0, 0.002223383, 3.7008e-5, 0.002260626)), (8, (1, 0.002383166, 0.000106861, 0.002490479))]), (16352, 8, 0.000891721, [(4, (0, 0.000699502, 3.5275e-5, 0.000735118)), (4, (1, 0.000794012, 4.2745e-5, 0.000837043))]), (16368, 11, 0.001069037, [(6, (0, 0.001029501, 3.8549e-5, 0.001068304)), (5, (1, 0.000906972, 4.7886e-5, 0.000955263))]), (16384, 13, 0.00150426, [(7, (0, 0.001474406, 2.7792e-5, 0.00150242)), (6, (1, 0.001273545, 3.3749e-5, 0.001307637))]), (16400, 13, 0.001573102, [(7, (0, 0.00152518, 4.6036e-5, 0.001571487)), (6, (1, 0.001148039, 8.064e-5, 0.0012294))]), (16416, 15, 0.001703027, [(8, (0, 0.001667542, 3.4398e-5, 0.001702156)), (7, (1, 0.001453286, 4.7567e-5, 0.001501122))]), (16432, 16, 0.002010255, [(8, (0, 0.001757672, 2.7929e-5, 0.001785832)), (8, (1, 0.001840816, 9.0285e-5, 0.001931758))]), (16448, 15, 0.001841205, [(8, (0, 0.001639256, 4.6237e-5, 0.001685805)), (7, (1, 0.001760668, 5.2739e-5, 0.001813691))]), (16464, 15, 0.001896635, [(8, (0, 0.001863159, 3.1008e-5, 0.001894448)), (7, (1, 0.001591632, 3.7641e-5, 0.001629589))]), (16480, 14, 0.001597657, [(7, (0, 0.001565312, 2.9005e-5, 0.001594657)), (7, (1, 0.001389758, 4.4646e-5, 0.001434629))]), (16496, 11, 0.001160759, [(6, (0, 0.001125331, 3.2855e-5, 0.001158443)), (5, (1, 0.00097155, 4.1461e-5, 0.001013245))]), (16512, 11, 0.001028047, [(6, (0, 0.0009841, 4.1093e-5, 0.001025693)), (5, (1, 0.000795759, 5.0526e-5, 0.000846542))]), (16528, 11, 0.001120867, [(6, (0, 0.001084699, 3.5249e-5, 0.001120168)), (5, (1, 0.000867157, 5.2159e-5, 0.000919539))]), (16544, 16, 0.001811401, [(8, (0, 0.001612102, 3.2655e-5, 0.00164504)), (8, (1, 0.001692989, 4.1546e-5, 0.00173476))]), (16560, 13, 0.001655013, [(7, (0, 0.001616327, 3.3793e-5, 0.001650504)), (6, (1, 0.001075672, 4.0901e-5, 0.0011168))]), (16576, 14, 0.001298705, [(7, (0, 0.001267443, 3.0201e-5, 0.00129798)), (7, (1, 0.001182174, 5.2163e-5, 0.001234754))]), (16592, 16, 0.001557463, [(8, (0, 0.001536685, 1.7852e-5, 0.001554794)), (8, (1, 0.001380571, 3.342e-5, 0.001414436))]), (16608, 14, 0.001670501, [(7, (0, 0.001543387, 4.6343e-5, 0.001590067)), (7, (1, 0.001504529, 0.000141895, 0.001647021))]), (16624, 16, 0.002072413, [(8, (0, 0.002034078, 3.6826e-5, 0.002071147)), (8, (1, 0.001913478, 5.2723e-5, 0.001966689))]), (16640, 16, 0.001715237, [(8, (0, 0.001688111, 2.6035e-5, 0.001714391)), (8, (1, 0.001642526, 5.4087e-5, 0.001697049))]), (16656, 14, 0.001666174, [(7, (0, 0.001641513, 2.3635e-5, 0.001665403)), (7, (1, 0.001460722, 4.1555e-5, 0.001502765))]), (16672, 13, 0.001470644, [(7, (0, 0.001432974, 3.6786e-5, 0.001469989)), (6, (1, 0.001200083, 6.1393e-5, 0.001261807))]), (16688, 15, 0.002063239, [(8, (0, 0.002041502, 2.0652e-5, 0.002062384)), (7, (1, 0.001773089, 3.8437e-5, 0.001811843))]), (16704, 14, 0.001536373, [(7, (0, 0.001508907, 2.6405e-5, 0.001535547)), (7, (1, 0.001447768, 5.3327e-5, 0.001501702))]), (16720, 10, 0.001336083, [(5, (0, 0.001313108, 2.2054e-5, 0.001335396)), (5, (1, 0.001021577, 3.0723e-5, 0.001052515))]), (16736, 8, 0.000880328, [(4, (0, 0.000856875, 2.2535e-5, 0.000879649)), (4, (1, 0.000745168, 4.5785e-5, 0.000791277))]), (16752, 12, 0.001315588, [(6, (0, 0.001126386, 3.0053e-5, 0.00115667)), (6, (1, 0.001199455, 3.8585e-5, 0.001238277))]), (16768, 10, 0.001074732, [(5, (0, 0.00104549, 2.829e-5, 0.001074031)), (5, (1, 0.000889377, 3.4297e-5, 0.0009239))]), (16784, 13, 0.001528866, [(7, (0, 0.001503393, 2.0942e-5, 0.00152506)), (6, (1, 0.001268122, 2.8386e-5, 0.001296752))]), (16800, 7, 0.001064725, [(4, (0, 0.000756177, 3.1481e-5, 0.000787977)), (3, (1, 0.000947124, 5.4523e-5, 0.001002028))]), (16816, 12, 0.001130404, [(6, (0, 0.001103878, 2.5329e-5, 0.001129486)), (6, (1, 0.001086451, 3.2849e-5, 0.001119735))]), (16832, 11, 0.001397002, [(6, (0, 0.001131177, 2.1902e-5, 0.001153424)), (5, (1, 0.001293091, 3.6895e-5, 0.001330231))]), (16848, 9, 0.001040415, [(5, (0, 0.001011509, 2.7594e-5, 0.001039385)), (4, (1, 0.000838593, 3.7915e-5, 0.000876794))]), (16864, 14, 0.001342073, [(7, (0, 0.001303538, 3.7069e-5, 0.001340882)), (7, (1, 0.001288877, 4.6822e-5, 0.001335926))]), (16880, 14, 0.001656564, [(7, (0, 0.001613757, 4.1245e-5, 0.00165524)), (7, (1, 0.001238644, 6.5873e-5, 0.001304872))]), (16896, 15, 0.001461289, [(8, (0, 0.001419428, 4.0604e-5, 0.001460275)), (7, (1, 0.001378528, 6.9194e-5, 0.001448345))]), (16912, 15, 0.00154562, [(8, (0, 0.00151843, 2.6112e-5, 0.001544778)), (7, (1, 0.001303197, 4.8415e-5, 0.001351974))]), (16928, 16, 0.001974637, [(8, (0, 0.001491503, 2.4391e-5, 0.001516135)), (8, (1, 0.001729625, 9.9592e-5, 0.001834586))]), (16944, 16, 0.002261332, [(8, (0, 0.00221929, 3.641e-5, 0.002256463)), (8, (1, 0.002188582, 4.3869e-5, 0.00223298))]), (16960, 15, 0.001665986, [(8, (0, 0.001617871, 4.6786e-5, 0.001664937)), (7, (1, 0.001437259, 0.000105065, 0.001542687))]), (16976, 12, 0.001329872, [(6, (0, 0.001300979, 2.7617e-5, 0.001328851)), (6, (1, 0.001138651, 4.4444e-5, 0.001183503))]), (16992, 14, 0.002148005, [(7, (0, 0.002116018, 2.9678e-5, 0.002145948)), (7, (1, 0.001967125, 4.9887e-5, 0.002017544))]), (17008, 14, 0.001759913, [(7, (0, 0.001554126, 3.0805e-5, 0.001585184)), (7, (1, 0.001654592, 4.1506e-5, 0.001696373))]), (17024, 13, 0.001332926, [(7, (0, 0.001276127, 4.3934e-5, 0.00132037)), (6, (1, 0.001268538, 6.1266e-5, 0.001330246))]), (17040, 16, 0.001729927, [(8, (0, 0.001659783, 6.0122e-5, 0.001720163)), (8, (1, 0.00151707, 8.5183e-5, 0.001602686))]), (17056, 11, 0.000978764, [(6, (0, 0.000939863, 3.6816e-5, 0.000976897)), (5, (1, 0.000768924, 4.9519e-5, 0.0008187))]), (17072, 8, 0.001189692, [(4, (0, 0.000632524, 4.2434e-5, 0.000675295)), (4, (1, 0.001049645, 7.5105e-5, 0.001125114))]), (17088, 11, 0.001115527, [(6, (0, 0.001065145, 4.9286e-5, 0.001114685)), (5, (1, 0.000902221, 6.2958e-5, 0.000965462))]), (17104, 12, 0.001804336, [(6, (0, 0.001312148, 3.1186e-5, 0.001343835)), (6, (1, 0.001699032, 5.2528e-5, 0.001752146))]), (17120, 13, 0.002220594, [(7, (0, 0.002176741, 4.2005e-5, 0.002219019)), (6, (1, 0.001901579, 0.000109438, 0.00201149))]), (17136, 14, 0.001714474, [(7, (0, 0.001672508, 3.9191e-5, 0.001711968)), (7, (1, 0.001554482, 6.6617e-5, 0.001621869))]), (17152, 13, 0.0015013, [(7, (0, 0.001442159, 5.5888e-5, 0.001498455)), (6, (1, 0.001321174, 8.0356e-5, 0.001402033))]), (17168, 13, 0.00183495, [(7, (0, 0.001800799, 3.1616e-5, 0.00183268)), (6, (1, 0.000940407, 3.9439e-5, 0.000980106))]), (17184, 14, 0.001525505, [(7, (0, 0.001476458, 4.5882e-5, 0.001522562)), (7, (1, 0.001322456, 8.5178e-5, 0.001408167))]), (17200, 14, 0.001229373, [(7, (0, 0.00115845, 4.3479e-5, 0.001202159)), (7, (1, 0.001153675, 6.5313e-5, 0.001219404))]), (17216, 13, 0.001540542, [(7, (0, 0.001500552, 3.8561e-5, 0.001539364)), (6, (1, 0.001281708, 5.2725e-5, 0.001334838))]), (17232, 14, 0.001574775, [(7, (0, 0.001539382, 3.4218e-5, 0.001573834)), (7, (1, 0.001368717, 6.8063e-5, 0.00143776))]), (17248, 14, 0.001679835, [(7, (0, 0.001387497, 3.0555e-5, 0.001418285)), (7, (1, 0.00155353, 4.765e-5, 0.00160155))]), (17264, 14, 0.002065897, [(7, (0, 0.001899952, 3.4757e-5, 0.001935)), (7, (1, 0.001998668, 4.2849e-5, 0.002041782))]), (17280, 13, 0.002006413, [(7, (0, 0.001980101, 2.3252e-5, 0.00200363)), (6, (1, 0.001739376, 4.9043e-5, 0.001788928))]), (17296, 13, 0.001615999, [(7, (0, 0.001423633, 4.6348e-5, 0.001470233)), (6, (1, 0.001509402, 6.6141e-5, 0.001575807))]), (17312, 14, 0.002117172, [(7, (0, 0.001946733, 2.9848e-5, 0.001976855)), (7, (1, 0.001998443, 5.1345e-5, 0.002050192))]), (17328, 13, 0.002029955, [(7, (0, 0.001987019, 4.0038e-5, 0.002027459)), (6, (1, 0.001802604, 6.2684e-5, 0.001865856))]), (17344, 12, 0.001503406, [(6, (0, 0.001253722, 4.0679e-5, 0.001294696)), (6, (1, 0.001386227, 5.2613e-5, 0.001439158))]), (17360, 12, 0.001456524, [(6, (0, 0.001409833, 4.4331e-5, 0.00145441)), (6, (1, 0.001319477, 6.4323e-5, 0.001384146))]), (17376, 8, 0.000856228, [(4, (0, 0.000716096, 6.835e-5, 0.000784798)), (4, (1, 0.000752719, 8.0243e-5, 0.000833375))]), (17392, 8, 0.000854987, [(4, (0, 0.00073865, 3.3722e-5, 0.000772666)), (4, (1, 0.000774241, 4.6342e-5, 0.000820897))]), (17408, 15, 0.001574136, [(8, (0, 0.001529001, 4.1696e-5, 0.001571044)), (7, (1, 0.001284768, 5.3631e-5, 0.00133889))]), (17424, 13, 0.001406836, [(7, (0, 0.001351418, 5.3751e-5, 0.001405389)), (6, (1, 0.001242369, 7.8581e-5, 0.001321163))]), (17440, 14, 0.0012564, [(7, (0, 0.001227403, 2.7077e-5, 0.001254704)), (7, (1, 0.001218256, 3.4292e-5, 0.001252883))]), (17456, 15, 0.001495702, [(8, (0, 0.001464577, 2.9681e-5, 0.001494511)), (7, (1, 0.001301398, 9.6589e-5, 0.001398854))]), (17472, 15, 0.001550013, [(8, (0, 0.001527143, 2.175e-5, 0.001549116)), (7, (1, 0.001351385, 4.4564e-5, 0.001396271))]), (17488, 14, 0.001892958, [(7, (0, 0.001865168, 2.4506e-5, 0.001890166)), (7, (1, 0.001424915, 8.8564e-5, 0.001514103))]), (17504, 14, 0.00149318, [(7, (0, 0.001305676, 4.0885e-5, 0.001346866)), (7, (1, 0.001395652, 5.1065e-5, 0.001447001))]), (17520, 14, 0.001747568, [(7, (0, 0.001453286, 3.926e-5, 0.001492836)), (7, (1, 0.001658238, 4.7714e-5, 0.001706219))]), (17536, 14, 0.002013495, [(7, (0, 0.001691436, 3.6993e-5, 0.001728679)), (7, (1, 0.00190156, 7.1445e-5, 0.001981314))]), (17552, 14, 0.001974754, [(7, (0, 0.001691261, 3.4396e-5, 0.001725984)), (7, (1, 0.001847445, 5.0506e-5, 0.001898392))]), (17568, 12, 0.001423343, [(6, (0, 0.001341254, 3.095e-5, 0.001372506)), (6, (1, 0.001351438, 4.6887e-5, 0.001398534))]), (17584, 11, 0.001574608, [(6, (0, 0.001264735, 3.048e-5, 0.001295477)), (5, (1, 0.001466158, 5.6904e-5, 0.001523468))]), (17600, 15, 0.002590019, [(8, (0, 0.002543485, 4.2558e-5, 0.002586559)), (7, (1, 0.001782563, 5.3966e-5, 0.001836795))]), (17616, 16, 0.001765265, [(8, (0, 0.001722048, 4.0333e-5, 0.001762703)), (8, (1, 0.001613742, 6.8535e-5, 0.001682878))]), (17632, 14, 0.001814362, [(7, (0, 0.001613862, 3.9341e-5, 0.001653462)), (7, (1, 0.00171421, 6.024e-5, 0.001774868))]), (17648, 16, 0.002043591, [(8, (0, 0.001999857, 4.0372e-5, 0.002040531)), (8, (1, 0.001839908, 4.7046e-5, 0.00188756))]), (17664, 14, 0.001784409, [(7, (0, 0.001744899, 3.8009e-5, 0.001783224)), (7, (1, 0.001540181, 5.8527e-5, 0.001599051))]), (17680, 15, 0.001978388, [(8, (0, 0.001948671, 2.4706e-5, 0.001974212)), (7, (1, 0.001304909, 3.4709e-5, 0.001339936))]), (17696, 16, 0.001766519, [(8, (0, 0.001692201, 7.1539e-5, 0.001764187)), (8, (1, 0.001623241, 0.000105808, 0.001729408))]), (17712, 14, 0.00166709, [(7, (0, 0.001622068, 4.2109e-5, 0.001664464)), (7, (1, 0.001582595, 4.8269e-5, 0.001631093))]), (17728, 15, 0.002299055, [(8, (0, 0.002254435, 4.1972e-5, 0.002296666)), (7, (1, 0.002180521, 7.5618e-5, 0.00225695))]), (17744, 15, 0.001577701, [(8, (0, 0.001535463, 3.8978e-5, 0.001574692)), (7, (1, 0.001497706, 4.8386e-5, 0.00154654))]), (17760, 14, 0.001388631, [(7, (0, 0.001326247, 6.1091e-5, 0.00138758)), (7, (1, 0.001224411, 7.879e-5, 0.001303542))]), (17776, 14, 0.001501372, [(7, (0, 0.001466574, 3.3396e-5, 0.001500196)), (7, (1, 0.001253592, 4.0963e-5, 0.001294747))]), (17792, 13, 0.001541991, [(7, (0, 0.001397199, 2.9124e-5, 0.001426545)), (6, (1, 0.001447008, 5.8827e-5, 0.001506623))]), (17808, 9, 0.001068364, [(5, (0, 0.001040319, 2.7238e-5, 0.00106779)), (4, (1, 0.00092339, 5.0074e-5, 0.000973838))]), (17824, 12, 0.001162344, [(6, (0, 0.001054684, 2.486e-5, 0.00107976)), (6, (1, 0.00105663, 4.963e-5, 0.001106616))]), (17840, 14, 0.001954735, [(7, (0, 0.001807518, 3.6387e-5, 0.001844571)), (7, (1, 0.001870285, 4.4529e-5, 0.001915367))]), (17856, 14, 0.001802514, [(7, (0, 0.001547632, 3.8061e-5, 0.001585941)), (7, (1, 0.001686868, 6.33e-5, 0.001750582))]), (17872, 16, 0.001615742, [(8, (0, 0.001581324, 2.8484e-5, 0.001610202)), (8, (1, 0.001533307, 3.6162e-5, 0.001569695))]), (17888, 14, 0.001396737, [(7, (0, 0.001359588, 3.5694e-5, 0.001395539)), (7, (1, 0.001314253, 4.5585e-5, 0.001360018))]), (17904, 15, 0.001950292, [(8, (0, 0.001920076, 2.8345e-5, 0.001948696)), (7, (1, 0.001791907, 5.3241e-5, 0.001845705))]), (17920, 14, 0.001748981, [(7, (0, 0.001712173, 3.542e-5, 0.001747868)), (7, (1, 0.001660562, 6.4316e-5, 0.00172552))]), (17936, 13, 0.001681811, [(7, (0, 0.001644649, 3.6123e-5, 0.001680996)), (6, (1, 0.001499219, 5.5392e-5, 0.001554949))]), (17952, 14, 0.002022535, [(7, (0, 0.001990338, 3.1208e-5, 0.002021782)), (7, (1, 0.001810564, 5.7522e-5, 0.001868618))]), (17968, 14, 0.001562116, [(7, (0, 0.001321213, 2.7879e-5, 0.001349402)), (7, (1, 0.001443728, 4.9488e-5, 0.001493634))]), (17984, 13, 0.001792396, [(7, (0, 0.001762295, 2.7649e-5, 0.001790225)), (6, (1, 0.001503887, 3.5355e-5, 0.001539649))]), (18000, 13, 0.001632078, [(7, (0, 0.001585766, 4.4422e-5, 0.001630459)), (6, (1, 0.001313079, 5.8558e-5, 0.001371977))]), (18016, 14, 0.001524195, [(7, (0, 0.001475731, 4.3084e-5, 0.001519301)), (7, (1, 0.001335921, 8.2331e-5, 0.001418635))]), (18032, 14, 0.001996759, [(7, (0, 0.001949322, 4.4957e-5, 0.001994555)), (7, (1, 0.001473971, 6.7121e-5, 0.001541539))]), (18048, 15, 0.002112133, [(8, (0, 0.002065401, 4.3784e-5, 0.002109622)), (7, (1, 0.001444385, 7.7317e-5, 0.001522292))]), (18064, 16, 0.002016105, [(8, (0, 0.001800092, 3.0751e-5, 0.001831141)), (8, (1, 0.001905844, 4.867e-5, 0.001955022))]), (18080, 16, 0.002427434, [(8, (0, 0.002060616, 2.7487e-5, 0.002088366)), (8, (1, 0.002310516, 6.0473e-5, 0.002371846))]), (18096, 16, 0.001908148, [(8, (0, 0.001870816, 3.5659e-5, 0.001906879)), (8, (1, 0.001485674, 4.287e-5, 0.001528871))]), (18112, 12, 0.001321794, [(6, (0, 0.001064606, 2.9985e-5, 0.00109488)), (6, (1, 0.001236728, 6.125e-5, 0.001298377))]), (18128, 13, 0.001760187, [(7, (0, 0.001730263, 2.8601e-5, 0.001759102)), (6, (1, 0.00150848, 3.4375e-5, 0.00154332))]), (18144, 15, 0.002251647, [(8, (0, 0.002204017, 4.6529e-5, 0.002250801)), (7, (1, 0.00167593, 7.0821e-5, 0.001747051))]), (18160, 14, 0.002106666, [(7, (0, 0.00188127, 2.432e-5, 0.001905797)), (7, (1, 0.001991312, 4.9236e-5, 0.002041024))]), (18176, 4, 0.000604197, [(2, (0, 0.000571802, 3.1549e-5, 0.000603616)), (2, (1, 0.000486849, 3.8421e-5, 0.000525485))]), (18192, 14, 0.001439497, [(7, (0, 0.00137908, 3.8918e-5, 0.001418582)), (7, (1, 0.001389936, 4.6756e-5, 0.001436969))]), (18208, 10, 0.001232423, [(5, (0, 0.001060778, 4.2319e-5, 0.001103475)), (5, (1, 0.001100882, 5.8239e-5, 0.001159474))]), (18224, 10, 0.001010911, [(5, (0, 0.000962857, 4.2718e-5, 0.001005866)), (5, (1, 0.000952783, 5.6341e-5, 0.00100935))]), (18240, 11, 0.001203937, [(6, (0, 0.001163698, 3.5924e-5, 0.001200053)), (5, (1, 0.001027039, 5.3709e-5, 0.001081209))]), (18256, 12, 0.001608488, [(6, (0, 0.001487019, 4.6785e-5, 0.001534091)), (6, (1, 0.001511517, 6.6671e-5, 0.001578638))]), (18272, 13, 0.001718729, [(7, (0, 0.001669607, 4.7407e-5, 0.001717283)), (6, (1, 0.001551486, 5.5769e-5, 0.001607496))]), (18288, 14, 0.001786303, [(7, (0, 0.001590649, 3.2225e-5, 0.001623084)), (7, (1, 0.001684112, 3.8512e-5, 0.001722952))]), (18304, 15, 0.002501336, [(8, (0, 0.00245482, 4.2841e-5, 0.002498203)), (7, (1, 0.001272193, 5.5993e-5, 0.001328509))]), (18320, 12, 0.001752988, [(6, (0, 0.001714146, 3.581e-5, 0.001750484)), (6, (1, 0.00136616, 8.26e-5, 0.001449244))]), (18336, 13, 0.001992216, [(7, (0, 0.001950954, 3.9812e-5, 0.001991048)), (6, (1, 0.00116061, 6.5924e-5, 0.001227075))]), (18352, 14, 0.001330553, [(7, (0, 0.001290706, 3.8525e-5, 0.001329543)), (7, (1, 0.001248899, 5.4531e-5, 0.001303665))]), (18368, 15, 0.001666501, [(8, (0, 0.00162817, 3.6936e-5, 0.001665369)), (7, (1, 0.001133673, 4.3032e-5, 0.001176957))]), (18384, 16, 0.003981266, [(8, (0, 0.003947339, 2.8896e-5, 0.003976844)), (8, (1, 0.002374556, 6.1135e-5, 0.002436239))]), (18400, 15, 0.001776831, [(8, (0, 0.001688566, 8.4647e-5, 0.001773672)), (7, (1, 0.001426188, 0.000149203, 0.001575978))]), (18416, 15, 0.001851174, [(8, (0, 0.001791327, 5.7196e-5, 0.0018488)), (7, (1, 0.001574912, 9.1665e-5, 0.001667209))]), (18432, 14, 0.001683137, [(7, (0, 0.001388446, 3.3918e-5, 0.001422672)), (7, (1, 0.001495033, 5.8165e-5, 0.001553611))]), (18448, 14, 0.001596876, [(7, (0, 0.001526575, 3.8204e-5, 0.001565092)), (7, (1, 0.001533787, 4.9164e-5, 0.001583433))]), (18464, 14, 0.001845206, [(7, (0, 0.001811326, 3.1961e-5, 0.001843557)), (7, (1, 0.001236054, 9.1944e-5, 0.001328417))]), (18480, 13, 0.001862055, [(7, (0, 0.00181725, 4.2623e-5, 0.00186016)), (6, (1, 0.001280863, 6.4965e-5, 0.001346356))]), (18496, 13, 0.001992153, [(7, (0, 0.001960074, 3.0812e-5, 0.001991137)), (6, (1, 0.00144965, 5.2751e-5, 0.001502673))]), (18512, 11, 0.001441478, [(6, (0, 0.00141543, 2.4256e-5, 0.00143993)), (5, (1, 0.001099454, 9.1061e-5, 0.001191066))]), (18528, 16, 0.002245827, [(8, (0, 0.002205412, 3.8922e-5, 0.002244763)), (8, (1, 0.002106024, 6.7257e-5, 0.002173781))]), (18544, 16, 0.00236937, [(8, (0, 0.002334549, 2.3221e-5, 0.002358019)), (8, (1, 0.0023142, 4.9837e-5, 0.002364547))]), (18560, 13, 0.001443267, [(7, (0, 0.001401766, 4.0358e-5, 0.00144237)), (6, (1, 0.001160969, 7.7816e-5, 0.001239451))]), (18576, 16, 0.001526256, [(8, (0, 0.001437643, 2.4396e-5, 0.001462308)), (8, (1, 0.001457331, 3.1633e-5, 0.001489254))]), (18592, 13, 0.001500657, [(7, (0, 0.001457054, 4.2404e-5, 0.001499737)), (6, (1, 0.001283749, 7.5628e-5, 0.001367896))]), (18608, 12, 0.001209698, [(6, (0, 0.001125457, 2.5293e-5, 0.001151)), (6, (1, 0.00113816, 4.5358e-5, 0.001183821))]), (18624, 14, 0.001404077, [(7, (0, 0.00137893, 2.3551e-5, 0.001402725)), (7, (1, 0.001331518, 4.3686e-5, 0.001375632))]), (18640, 13, 0.001599675, [(7, (0, 0.001565756, 3.2614e-5, 0.001598653)), (6, (1, 0.001206548, 6.1159e-5, 0.001268092))]), (18656, 7, 0.001293091, [(4, (0, 0.000757895, 2.8346e-5, 0.000786488)), (3, (1, 0.001214132, 3.8433e-5, 0.001252913))]), (18672, 3, 0.000570618, [(2, (0, 0.000542988, 2.6756e-5, 0.000570012)), (1, (1, 0.000202789, 3.4887e-5, 0.000237919))]), (18688, 15, 0.002059564, [(8, (0, 0.002029088, 2.9306e-5, 0.002058655)), (7, (1, 0.001455756, 5.6929e-5, 0.001513296))]), (18704, 13, 0.001763428, [(7, (0, 0.001736442, 2.2866e-5, 0.001759731)), (6, (1, 0.001528276, 4.348e-5, 0.00157215))]), (18720, 0, 3.3744e-5, [(0, (0, 1.5e-7, 3.2038e-5, 3.2457e-5)), (0, (1, 1.01e-7, 3.3157e-5, 3.3375e-5))]), (18736, 12, 0.001433363, [(6, (0, 0.001415533, 1.5235e-5, 0.001430985)), (6, (1, 0.001317259, 1.8833e-5, 0.001336353))]), (18752, 15, 0.002081681, [(8, (0, 0.001625513, 2.7325e-5, 0.001653105)), (7, (1, 0.001989613, 4.3684e-5, 0.002033596))]), (18768, 6, 0.000635256, [(3, (0, 0.000581804, 3.9323e-5, 0.000621393)), (3, (1, 0.000568058, 6.5366e-5, 0.000633826))]), (18784, 4, 0.000564929, [(2, (0, 0.000537557, 2.6498e-5, 0.000564316)), (2, (1, 0.000391409, 4.3135e-5, 0.000434985))]), (18800, 14, 0.001460328, [(7, (0, 0.001432047, 2.6999e-5, 0.00145931)), (7, (1, 0.001325714, 4.405e-5, 0.00137024))]), (18816, 16, 0.002034734, [(8, (0, 0.001998172, 3.3034e-5, 0.002031463)), (8, (1, 0.00197742, 5.3588e-5, 0.002031466))]), (18832, 12, 0.001235767, [(6, (0, 0.001208702, 2.6008e-5, 0.00123496)), (6, (1, 0.001164327, 5.5392e-5, 0.001220177))]), (18848, 16, 0.001658341, [(8, (0, 0.001633052, 2.387e-5, 0.001657172)), (8, (1, 0.001546714, 3.1008e-5, 0.001577989))]), (18864, 12, 0.001582274, [(6, (0, 0.001381099, 4.0388e-5, 0.001421741)), (6, (1, 0.00146933, 8.1249e-5, 0.001551072))]), (18880, 15, 0.001670317, [(8, (0, 0.001631504, 3.7609e-5, 0.001669363)), (7, (1, 0.001477435, 4.599e-5, 0.001523664))]), (18896, 10, 0.001444496, [(5, (0, 0.001005092, 2.3227e-5, 0.001028588)), (5, (1, 0.001290741, 5.3306e-5, 0.001344537))]), (18912, 16, 0.001839931, [(8, (0, 0.001780308, 5.6991e-5, 0.001837772)), (8, (1, 0.001630789, 7.0765e-5, 0.001702051))]), (18928, 16, 0.002376956, [(8, (0, 0.001929042, 3.7349e-5, 0.001966684)), (8, (1, 0.002255857, 5.3567e-5, 0.002309909))]), (18944, 12, 0.001399098, [(6, (0, 0.001361057, 3.6855e-5, 0.001398211)), (6, (1, 0.001198224, 4.3912e-5, 0.001242408))]), (18960, 15, 0.001461883, [(8, (0, 0.001427072, 3.2789e-5, 0.001460137)), (7, (1, 0.001274095, 5.2289e-5, 0.001326699))]), (18976, 14, 0.001405044, [(7, (0, 0.001363188, 4.0626e-5, 0.001404065)), (7, (1, 0.001330212, 5.3357e-5, 0.001383797))]), (18992, 15, 0.002068312, [(8, (0, 0.00203916, 2.7856e-5, 0.002067343)), (7, (1, 0.001626944, 3.4585e-5, 0.001661767))]), (19008, 14, 0.00171111, [(7, (0, 0.001378449, 2.7768e-5, 0.001406566)), (7, (1, 0.00161899, 6.3023e-5, 0.001682506))]), (19024, 11, 0.001698203, [(6, (0, 0.00166779, 2.92e-5, 0.001697248)), (5, (1, 0.00086775, 4.3901e-5, 0.000912025))]), (19040, 14, 0.001771584, [(7, (0, 0.001606221, 2.6787e-5, 0.001633306)), (7, (1, 0.001651005, 4.1972e-5, 0.00169327))]), (19056, 13, 0.001580181, [(7, (0, 0.001538455, 4.0439e-5, 0.001579176)), (6, (1, 0.001195746, 5.0158e-5, 0.001246149))]), (19072, 15, 0.001730922, [(8, (0, 0.001700317, 2.8428e-5, 0.001728994)), (7, (1, 0.001591656, 3.6569e-5, 0.001628781))]), (19088, 15, 0.001938584, [(8, (0, 0.00189823, 3.8896e-5, 0.001937388)), (7, (1, 0.001642245, 6.3443e-5, 0.001706371))]), (19104, 13, 0.00170848, [(7, (0, 0.001675126, 3.1899e-5, 0.001707273)), (6, (1, 0.001431535, 5.953e-5, 0.00149148))]), (19120, 14, 0.001572905, [(7, (0, 0.001533077, 3.5706e-5, 0.001569168)), (7, (1, 0.001418987, 5.6821e-5, 0.001476286))]), (19136, 16, 0.001974392, [(8, (0, 0.001788649, 3.7774e-5, 0.001826897)), (8, (1, 0.001799149, 0.00011887, 0.001936499))]), (19152, 16, 0.004101166, [(8, (0, 0.003300236, 2.6586e-5, 0.003327991)), (8, (1, 0.003862384, 0.000148437, 0.004012457))]), (19168, 16, 0.00323367, [(8, (0, 0.003176193, 5.4526e-5, 0.003231274)), (8, (1, 0.002921424, 8.1371e-5, 0.003003315))]), (19184, 8, 0.00085316, [(4, (0, 0.000739219, 3.8484e-5, 0.00077799)), (4, (1, 0.000733293, 8.1043e-5, 0.000814921))]), (19200, 10, 0.001220589, [(5, (0, 0.001177062, 4.1057e-5, 0.001218532)), (5, (1, 0.00083847, 4.8318e-5, 0.000887131))]), (19216, 14, 0.001730192, [(7, (0, 0.001674514, 5.3812e-5, 0.001728744)), (7, (1, 0.001270536, 7.4197e-5, 0.001344999))]), (19232, 16, 0.001721399, [(8, (0, 0.001675394, 4.4802e-5, 0.001720462)), (8, (1, 0.001559347, 8.4185e-5, 0.001644045))]), (19248, 15, 0.001523654, [(8, (0, 0.001482031, 3.8723e-5, 0.001521189)), (7, (1, 0.00128558, 7.3274e-5, 0.001359351))]), (19264, 14, 0.00141074, [(7, (0, 0.001366657, 3.9903e-5, 0.001406812)), (7, (1, 0.001260367, 5.7848e-5, 0.001318652))]), (19280, 16, 0.002309464, [(8, (0, 0.002153033, 5.7602e-5, 0.002210936)), (8, (1, 0.002193303, 8.2256e-5, 0.002275869))]), (19296, 16, 0.001981501, [(8, (0, 0.001951576, 2.8623e-5, 0.001980433)), (8, (1, 0.001813982, 3.6611e-5, 0.00185079))]), (19312, 14, 0.001888489, [(7, (0, 0.001572758, 3.1174e-5, 0.001604235)), (7, (1, 0.001770675, 6.8219e-5, 0.001839443))]), (19328, 16, 0.00220515, [(8, (0, 0.002173469, 2.9478e-5, 0.002203217)), (8, (1, 0.002046101, 3.6004e-5, 0.00208234))]), (19344, 16, 0.002094475, [(8, (0, 0.002059236, 3.3428e-5, 0.002092927)), (8, (1, 0.001950266, 5.8127e-5, 0.002009115))]), (19360, 16, 0.002052805, [(8, (0, 0.001874851, 4.1787e-5, 0.001917074)), (8, (1, 0.001942974, 6.9225e-5, 0.002012821))]), (19376, 16, 0.001671993, [(8, (0, 0.001641845, 2.9034e-5, 0.001671163)), (8, (1, 0.001518355, 3.7963e-5, 0.00155661))]), (19392, 13, 0.001331361, [(7, (0, 0.001304837, 2.4898e-5, 0.001330051)), (6, (1, 0.001169366, 4.3042e-5, 0.001212877))]), (19408, 11, 0.001118227, [(6, (0, 0.001086415, 3.0734e-5, 0.00111746)), (5, (1, 0.000770596, 5.6805e-5, 0.00082795))]), (19424, 16, 0.001596722, [(8, (0, 0.001569199, 2.6203e-5, 0.001595754)), (8, (1, 0.001377909, 3.7483e-5, 0.001415693))]), (19440, 11, 0.001405399, [(6, (0, 0.001377558, 2.5789e-5, 0.001403705)), (5, (1, 0.001091443, 3.8116e-5, 0.001129918))]), (19456, 11, 0.001983127, [(6, (0, 0.001955908, 2.5976e-5, 0.001982158)), (5, (1, 0.001551142, 5.0284e-5, 0.001601809))]), (19472, 15, 0.001945628, [(8, (0, 0.001911622, 3.2857e-5, 0.001944718)), (7, (1, 0.001729655, 0.000108095, 0.001838436))]), (19488, 12, 0.001688555, [(6, (0, 0.001660309, 2.3949e-5, 0.00168451)), (6, (1, 0.001560823, 3.652e-5, 0.001597636))]), (19504, 14, 0.00168049, [(7, (0, 0.001646882, 3.0283e-5, 0.001677704)), (7, (1, 0.001472057, 4.0785e-5, 0.001513077))]), (19520, 14, 0.001607044, [(7, (0, 0.001560192, 4.4677e-5, 0.001605304)), (7, (1, 0.001403112, 7.1624e-5, 0.001475185))]), (19536, 13, 0.001560435, [(7, (0, 0.001329257, 4.102e-5, 0.001370615)), (6, (1, 0.001462696, 4.8542e-5, 0.001511555))]), (19552, 15, 0.001944903, [(8, (0, 0.001875487, 6.8014e-5, 0.001943866)), (7, (1, 0.001614961, 8.5784e-5, 0.001701198))]), (19568, 11, 0.001518047, [(6, (0, 0.001481499, 3.4394e-5, 0.00151616)), (5, (1, 0.001389717, 4.663e-5, 0.001436669))]), (19584, 9, 0.001283508, [(5, (0, 0.001236504, 4.5925e-5, 0.001282699)), (4, (1, 0.000888668, 6.1152e-5, 0.00095006))]), (19600, 16, 0.001767666, [(8, (0, 0.001392013, 2.8048e-5, 0.001420296)), (8, (1, 0.001585746, 6.0175e-5, 0.001646283))]), (19616, 14, 0.00161288, [(7, (0, 0.001578183, 3.2268e-5, 0.001610791)), (7, (1, 0.001345295, 4.0441e-5, 0.001386116))]), (19632, 15, 0.001758616, [(8, (0, 0.001727525, 2.8274e-5, 0.001756239)), (7, (1, 0.001379244, 4.5936e-5, 0.001425569))]), (19648, 6, 0.001021299, [(3, (0, 0.00052651, 3.695e-5, 0.000563682)), (3, (1, 0.000896466, 5.5231e-5, 0.000951972))]), (19664, 12, 0.001663458, [(6, (0, 0.001574238, 3.2515e-5, 0.001607051)), (6, (1, 0.001594935, 4.1171e-5, 0.001642305))]), (19680, 12, 0.001309108, [(6, (0, 0.001270977, 3.6318e-5, 0.001307576)), (6, (1, 0.001190863, 4.4486e-5, 0.001235577))]), (19696, 12, 0.001293132, [(6, (0, 0.001253807, 3.5734e-5, 0.001290077)), (6, (1, 0.001171825, 5.5648e-5, 0.001228161))]), (19712, 15, 0.002290964, [(8, (0, 0.002242099, 4.7024e-5, 0.00228941)), (7, (1, 0.001848397, 6.9044e-5, 0.001917844))]), (19728, 16, 0.001885183, [(8, (0, 0.001853273, 2.9523e-5, 0.001883071)), (8, (1, 0.001589331, 3.7833e-5, 0.001627521))]), (19744, 16, 0.001453365, [(8, (0, 0.001294539, 3.4473e-5, 0.001329399)), (8, (1, 0.001329864, 5.0731e-5, 0.001381014))]), (19760, 15, 0.002057704, [(8, (0, 0.002022868, 3.2188e-5, 0.00205535)), (7, (1, 0.001645452, 3.8121e-5, 0.001683827))]), (19776, 16, 0.002357858, [(8, (0, 0.001724868, 4.9254e-5, 0.00177441)), (8, (1, 0.002257837, 7.4526e-5, 0.002332693))]), (19792, 15, 0.001938739, [(8, (0, 0.001908334, 2.8898e-5, 0.001937521)), (7, (1, 0.001562767, 3.4857e-5, 0.001597864))]), (19808, 15, 0.002020561, [(8, (0, 0.001997452, 2.209e-5, 0.002019798)), (7, (1, 0.001710736, 4.3138e-5, 0.001754091))]), (19824, 15, 0.002142735, [(8, (0, 0.002117907, 2.3586e-5, 0.002141758)), (7, (1, 0.001576551, 3.0658e-5, 0.001607426))]), (19840, 16, 0.00198617, [(8, (0, 0.001832492, 3.043e-5, 0.001863131)), (8, (1, 0.001868481, 7.4725e-5, 0.001943809))]), (19856, 15, 0.00209757, [(8, (0, 0.002071141, 2.4949e-5, 0.002096375)), (7, (1, 0.001782444, 3.017e-5, 0.001812979))]), (19872, 16, 0.002648402, [(8, (0, 0.001989077, 2.7324e-5, 0.002016676)), (8, (1, 0.002555967, 3.6365e-5, 0.002592673))]), (19888, 14, 0.001934481, [(7, (0, 0.001903531, 2.8816e-5, 0.001932752)), (7, (1, 0.001888735, 3.7951e-5, 0.001926954))]), (19904, 16, 0.002686703, [(8, (0, 0.001993239, 2.8061e-5, 0.002021607)), (8, (1, 0.002626898, 3.3772e-5, 0.002660889))]), (19920, 1, 0.000186303, [(1, (0, 0.000164405, 2.1149e-5, 0.000185847)), (0, (1, 2.07e-7, 2.783e-5, 2.8311e-5))]), (19936, 8, 0.001024148, [(4, (0, 0.000998839, 2.4333e-5, 0.001023419)), (4, (1, 0.000825927, 4.5045e-5, 0.00087141))]), (19952, 16, 0.002411593, [(8, (0, 0.002386502, 2.2203e-5, 0.0024091)), (8, (1, 0.002244734, 3.4002e-5, 0.002279151))]), (19968, 11, 0.001638687, [(6, (0, 0.001483826, 3.6221e-5, 0.001520327)), (5, (1, 0.001574282, 4.3328e-5, 0.001617864))]), (19984, 14, 0.001849137, [(7, (0, 0.001821428, 2.4982e-5, 0.001846842)), (7, (1, 0.001422231, 4.0162e-5, 0.001462791))]), (20000, 16, 0.001732202, [(8, (0, 0.001694381, 3.5785e-5, 0.001730521)), (8, (1, 0.001656557, 5.0175e-5, 0.001707193))]), (20016, 15, 0.001767927, [(8, (0, 0.001545077, 3.8036e-5, 0.001583531)), (7, (1, 0.001649092, 8.8976e-5, 0.001738361))]), (20032, 6, 0.001263185, [(3, (0, 0.001222564, 3.9575e-5, 0.001262429)), (3, (1, 0.000911007, 4.8468e-5, 0.000959898))]), (20048, 12, 0.001423945, [(6, (0, 0.001127019, 2.9482e-5, 0.001156862)), (6, (1, 0.001357051, 4.3219e-5, 0.001400645))]), (20064, 15, 0.002226454, [(8, (0, 0.002194178, 3.081e-5, 0.002225315)), (7, (1, 0.001856398, 3.6856e-5, 0.001893542))]), (20080, 13, 0.001474658, [(7, (0, 0.001439722, 3.3875e-5, 0.001473835)), (6, (1, 0.001119837, 9.4895e-5, 0.001215081))]), (20096, 12, 0.001255284, [(6, (0, 0.001151755, 2.6757e-5, 0.001178749)), (6, (1, 0.001165998, 4.002e-5, 0.001206308))]), (20112, 15, 0.001492985, [(8, (0, 0.00146635, 2.5589e-5, 0.00149224)), (7, (1, 0.001236964, 3.487e-5, 0.001272051))]), (20128, 16, 0.002037331, [(8, (0, 0.001981356, 5.3533e-5, 0.00203546)), (8, (1, 0.001961848, 5.6466e-5, 0.002018573))]), (20144, 16, 0.001875105, [(8, (0, 0.001643756, 4.3291e-5, 0.00168749)), (8, (1, 0.001797044, 5.6633e-5, 0.001854074))]), (20160, 13, 0.001267713, [(7, (0, 0.001233263, 3.3379e-5, 0.001266945)), (6, (1, 0.001123211, 3.9204e-5, 0.001162665))]), (20176, 16, 0.001892897, [(8, (0, 0.001865434, 2.4766e-5, 0.001890571)), (8, (1, 0.001360488, 6.7586e-5, 0.001428552))]), (20192, 14, 0.001644358, [(7, (0, 0.001399323, 3.4757e-5, 0.001434334)), (7, (1, 0.001544721, 5.1616e-5, 0.001596767))]), (20208, 16, 0.003350164, [(8, (0, 0.002675565, 3.1585e-5, 0.002707427)), (8, (1, 0.003224295, 4.2318e-5, 0.003266923))]), (20224, 13, 0.002303661, [(7, (0, 0.00227852, 2.3586e-5, 0.002302348)), (6, (1, 0.002103306, 8.7391e-5, 0.002192662))]), (20240, 13, 0.002588102, [(7, (0, 0.001558265, 2.393e-5, 0.00158243)), (6, (1, 0.002518775, 3.8963e-5, 0.002558175))]), (20256, 16, 0.002070915, [(8, (0, 0.001881177, 3.2659e-5, 0.001914156)), (8, (1, 0.001941367, 4.981e-5, 0.001991641))]), (20272, 0, 1.8387e-5, [(0, (0, 1.45e-7, 1.6622e-5, 1.7015e-5)), (0, (1, 9.4e-8, 1.7684e-5, 1.7913e-5))]), (20288, 11, 0.001793726, [(6, (0, 0.001779906, 1.2864e-5, 0.001792947)), (5, (1, 0.001355907, 1.3752e-5, 0.00136997))]), (20304, 15, 0.002236204, [(8, (0, 0.002210487, 2.2986e-5, 0.002233878)), (7, (1, 0.002122726, 4.096e-5, 0.002164032))]), (20320, 15, 0.003662486, [(8, (0, 0.003632432, 2.8557e-5, 0.003661283)), (7, (1, 0.002793507, 3.492e-5, 0.002828764))]), (20336, 12, 0.001914471, [(6, (0, 0.001887235, 2.6048e-5, 0.001913568)), (6, (1, 0.001506781, 3.7568e-5, 0.001544652))]), (20352, 15, 0.003625108, [(8, (0, 0.003466389, 2.0697e-5, 0.003487327)), (7, (1, 0.003538843, 3.6609e-5, 0.003575761))]), (20368, 6, 0.000701883, [(3, (0, 0.0005162, 2.3521e-5, 0.000540019)), (3, (1, 0.000633107, 2.9812e-5, 0.000663127))]), (20384, 5, 0.00090963, [(3, (0, 0.000884598, 2.4004e-5, 0.000908903)), (2, (1, 0.000369282, 4.0745e-5, 0.000410431))]), (20400, 15, 0.00356314, [(8, (0, 0.003526878, 3.3511e-5, 0.003560776)), (7, (1, 0.002352948, 4.7912e-5, 0.002401141))]), (20416, 15, 0.002426542, [(8, (0, 0.00239481, 2.935e-5, 0.002424506)), (7, (1, 0.002151749, 4.4575e-5, 0.002196734))]), (20432, 11, 0.002332833, [(6, (0, 0.002300091, 3.0419e-5, 0.002330786)), (5, (1, 0.001187188, 4.438e-5, 0.001231961))]), (20448, 16, 0.003637857, [(8, (0, 0.003471583, 3.5886e-5, 0.003507987)), (8, (1, 0.003565612, 4.8458e-5, 0.003614464))]), (20464, 6, 0.000997629, [(3, (0, 0.000974264, 2.2512e-5, 0.000997057)), (3, (1, 0.000505284, 3.2019e-5, 0.000537543))]), (20480, 4, 0.000364422, [(2, (0, 0.000347304, 1.6376e-5, 0.000363911)), (2, (1, 0.000280194, 2.5498e-5, 0.000305929))]), (20496, 16, 0.003572619, [(8, (0, 0.003431754, 2.4017e-5, 0.003456058)), (8, (1, 0.003510772, 3.078e-5, 0.003541785))]), (20512, 16, 0.002800301, [(8, (0, 0.002775638, 2.3118e-5, 0.002799057)), (8, (1, 0.00232445, 3.0442e-5, 0.002355206))]), (20528, 16, 0.001647255, [(8, (0, 0.001327646, 2.0685e-5, 0.001348588)), (8, (1, 0.001567084, 2.9834e-5, 0.001597134))]), (20544, 16, 0.00187312, [(8, (0, 0.001836282, 3.5119e-5, 0.001871651)), (8, (1, 0.001419761, 4.706e-5, 0.001467123))]), (20560, 16, 0.00206587, [(8, (0, 0.002039831, 2.3715e-5, 0.002063941)), (8, (1, 0.001965502, 4.1318e-5, 0.002007318))]), (20576, 12, 0.002224416, [(6, (0, 0.00218444, 3.7414e-5, 0.002222248)), (6, (1, 0.00215369, 4.4931e-5, 0.002198884))]), (20592, 10, 0.002271993, [(5, (0, 0.002238147, 3.2256e-5, 0.002270681)), (5, (1, 0.001028136, 3.8631e-5, 0.001066958))]), (20608, 16, 0.002830076, [(8, (0, 0.00280271, 2.6227e-5, 0.00282919)), (8, (1, 0.002752326, 4.1709e-5, 0.002794591))]), (20624, 13, 0.001770723, [(7, (0, 0.001746018, 2.3062e-5, 0.001769319)), (6, (1, 0.001449228, 3.1524e-5, 0.001481018))]), (20640, 10, 0.001310212, [(5, (0, 0.001176222, 2.7181e-5, 0.001203635)), (5, (1, 0.001195861, 8.233e-5, 0.001278656))]), (20656, 5, 0.001140981, [(3, (0, 0.001111659, 2.8274e-5, 0.001140215)), (2, (1, 0.000364529, 3.5906e-5, 0.000400718))]), (20672, 14, 0.001442705, [(7, (0, 0.001405571, 3.5854e-5, 0.001441712)), (7, (1, 0.001284452, 4.8886e-5, 0.001333624))]), (20688, 15, 0.002009726, [(8, (0, 0.001976502, 3.2258e-5, 0.002009001)), (7, (1, 0.001280385, 4.631e-5, 0.001327162))]), (20704, 16, 0.001803042, [(8, (0, 0.00178216, 1.95e-5, 0.001801886)), (8, (1, 0.001712828, 3.5818e-5, 0.001749132))]), (20720, 16, 0.002022082, [(8, (0, 0.001999865, 2.1052e-5, 0.002021147)), (8, (1, 0.001817433, 2.9903e-5, 0.001851867))]), (20736, 16, 0.003491558, [(8, (0, 0.003465037, 2.3306e-5, 0.003488697)), (8, (1, 0.003338931, 8.3976e-5, 0.003423476))]), (20752, 15, 0.002720837, [(8, (0, 0.002678303, 3.9122e-5, 0.002717846)), (7, (1, 0.002262254, 5.1598e-5, 0.002314286))]), (20768, 14, 0.003212, [(7, (0, 0.002599512, 3.5489e-5, 0.002635454)), (7, (1, 0.003135739, 4.2604e-5, 0.003178841))]), (20784, 16, 0.004666728, [(8, (0, 0.0046377, 2.6723e-5, 0.004664717)), (8, (1, 0.00395231, 6.7353e-5, 0.00402023))]), (20800, 13, 0.002445926, [(7, (0, 0.002419412, 2.4767e-5, 0.002444426)), (6, (1, 0.001859274, 3.2714e-5, 0.001892261))]), (20816, 16, 0.00307206, [(8, (0, 0.003040193, 3.0484e-5, 0.003070949)), (8, (1, 0.002950324, 5.7391e-5, 0.003008117))]), (20832, 14, 0.002435614, [(7, (0, 0.002411542, 2.2749e-5, 0.002434533)), (7, (1, 0.002311892, 3.034e-5, 0.002342466))]), (20848, 14, 0.002701442, [(7, (0, 0.002448691, 2.0546e-5, 0.002469565)), (7, (1, 0.002613221, 6.1979e-5, 0.002676839))]), (20864, 16, 0.004014225, [(8, (0, 0.003983235, 2.9206e-5, 0.00401275)), (8, (1, 0.003519062, 4.7782e-5, 0.003567279))]), (20880, 16, 0.002702978, [(8, (0, 0.002670469, 3.1179e-5, 0.002701901)), (8, (1, 0.002636404, 4.4231e-5, 0.002681004))]), (20896, 14, 0.00358139, [(7, (0, 0.00355973, 2.0172e-5, 0.003580155)), (7, (1, 0.003511391, 4.0389e-5, 0.003552282))]), (20912, 13, 0.001925455, [(7, (0, 0.001904075, 2e-5, 0.001924308)), (6, (1, 0.001471761, 2.8319e-5, 0.00150038))]), (20928, 8, 0.001376794, [(4, (0, 0.001355625, 2.0296e-5, 0.001376121)), (4, (1, 0.00127268, 3.805e-5, 0.001311125))]), (20944, 13, 0.002226978, [(7, (0, 0.002203472, 2.0132e-5, 0.002224036)), (6, (1, 0.001957031, 2.5516e-5, 0.001982873))]), (20960, 14, 0.003077587, [(7, (0, 0.002421695, 3.1396e-5, 0.002453358)), (7, (1, 0.002990673, 5.25e-5, 0.003043745))]), (20976, 16, 0.004303974, [(8, (0, 0.004273874, 2.8164e-5, 0.004302281)), (8, (1, 0.003982273, 4.128e-5, 0.004024118))]), (20992, 13, 0.002524893, [(7, (0, 0.002498584, 2.4661e-5, 0.002523509)), (6, (1, 0.001653794, 6.1664e-5, 0.001715886))]), (21008, 16, 0.001310669, [(8, (0, 0.001206573, 2.8931e-5, 0.00123573)), (8, (1, 0.001237023, 4.1277e-5, 0.001278705))]), (21024, 12, 0.004010096, [(6, (0, 0.002940834, 3.7144e-5, 0.002978493)), (6, (1, 0.003929734, 4.4352e-5, 0.003974525))]), (21040, 8, 0.003480399, [(4, (0, 0.003444555, 3.2472e-5, 0.003477597)), (4, (1, 0.002791396, 4.7292e-5, 0.002839098))]), (21056, 14, 0.005659452, [(7, (0, 0.005618502, 3.7809e-5, 0.005656757)), (7, (1, 0.004900375, 5.2015e-5, 0.004953232))]), (21072, 16, 0.002088141, [(8, (0, 0.002046818, 3.9987e-5, 0.002087071)), (8, (1, 0.001599778, 6.2102e-5, 0.001662358))]), (21088, 16, 0.002013411, [(8, (0, 0.001596861, 2.7587e-5, 0.001624894)), (8, (1, 0.001948581, 3.961e-5, 0.001988763))]), (21104, 15, 0.001388776, [(8, (0, 0.001353625, 3.2754e-5, 0.001386847)), (7, (1, 0.001133276, 4.4942e-5, 0.001178523))]), (21120, 14, 0.002170456, [(7, (0, 0.002050322, 4.7408e-5, 0.002098317)), (7, (1, 0.002070239, 5.4512e-5, 0.002125028))]), (21136, 14, 0.001705173, [(7, (0, 0.0016744, 2.7746e-5, 0.001702521)), (7, (1, 0.001345687, 3.9886e-5, 0.00138581))]), (21152, 15, 0.002531837, [(8, (0, 0.00248578, 4.297e-5, 0.002529232)), (7, (1, 0.001441802, 5.6069e-5, 0.001498108))]), (21168, 13, 0.003063483, [(7, (0, 0.003015131, 4.3712e-5, 0.003059431)), (6, (1, 0.002776391, 6.7572e-5, 0.002848986))]), (21184, 16, 0.004092374, [(8, (0, 0.004053375, 3.4943e-5, 0.004088843)), (8, (1, 0.003345836, 5.5743e-5, 0.003401961))]), (21200, 16, 0.003807746, [(8, (0, 0.003769049, 3.4051e-5, 0.003803655)), (8, (1, 0.00297095, 5.5361e-5, 0.003026975))]), (21216, 16, 0.00276136, [(8, (0, 0.002613366, 5.1518e-5, 0.002665159)), (8, (1, 0.002644276, 7.2869e-5, 0.002717513))]), (21232, 15, 0.001755587, [(8, (0, 0.00167349, 3.1634e-5, 0.001705399)), (7, (1, 0.001677519, 4.606e-5, 0.001723861))]), (21248, 16, 0.002477231, [(8, (0, 0.002237389, 3.1552e-5, 0.002269256)), (8, (1, 0.002351143, 3.8793e-5, 0.002390173))]), (21264, 15, 0.002459508, [(8, (0, 0.002316622, 5.1851e-5, 0.002368875)), (7, (1, 0.002364336, 6.378e-5, 0.002428586))]), (21280, 13, 0.001738625, [(7, (0, 0.001297328, 5.4158e-5, 0.001351779)), (6, (1, 0.001481458, 0.000102176, 0.001584213))]), (21296, 14, 0.001533691, [(7, (0, 0.001493704, 3.7302e-5, 0.001531358)), (7, (1, 0.001377104, 4.7723e-5, 0.001425275))]), (21312, 14, 0.001369537, [(7, (0, 0.001274698, 3.48e-5, 0.001309876)), (7, (1, 0.001300872, 4.2784e-5, 0.00134392))]), (21328, 16, 0.00188865, [(8, (0, 0.001804954, 4.0806e-5, 0.001846024)), (8, (1, 0.001739374, 0.000123524, 0.001863363))]), (21344, 16, 0.001480102, [(8, (0, 0.001447885, 3.0232e-5, 0.00147836)), (8, (1, 0.001400065, 4.305e-5, 0.001443388))]), (21360, 15, 0.001649034, [(8, (0, 0.001609866, 3.6572e-5, 0.001646821)), (7, (1, 0.001051656, 4.3813e-5, 0.001095724))]), (21376, 16, 0.001601224, [(8, (0, 0.001419054, 3.8869e-5, 0.00145824)), (8, (1, 0.001459247, 7.2101e-5, 0.001531766))]), (21392, 15, 0.001730062, [(8, (0, 0.001681695, 4.494e-5, 0.001726975)), (7, (1, 0.001389436, 5.5376e-5, 0.001445091))]), (21408, 12, 0.001705472, [(6, (0, 0.001658179, 4.4847e-5, 0.001703366)), (6, (1, 0.001496016, 7.8812e-5, 0.001575497))]), (21424, 15, 0.002073132, [(8, (0, 0.002035229, 3.5596e-5, 0.002071306)), (7, (1, 0.001789645, 4.9693e-5, 0.001839594))]), (21440, 14, 0.001943427, [(7, (0, 0.001903624, 3.7784e-5, 0.001941703)), (7, (1, 0.001738209, 4.8814e-5, 0.0017875))]), (21456, 16, 0.002473121, [(8, (0, 0.002310701, 2.8492e-5, 0.002339419)), (8, (1, 0.002374577, 4.4721e-5, 0.002419594))]), (21472, 14, 0.001964077, [(7, (0, 0.001929949, 3.2926e-5, 0.001963183)), (7, (1, 0.001827436, 4.8322e-5, 0.00187602))]), (21488, 15, 0.002390437, [(8, (0, 0.00235114, 3.3779e-5, 0.002385224)), (7, (1, 0.002121983, 4.2165e-5, 0.002164377))]), (21504, 15, 0.001829394, [(8, (0, 0.00178314, 4.4221e-5, 0.001828054)), (7, (1, 0.001255719, 6.1209e-5, 0.00131722))]), (21520, 16, 0.001970701, [(8, (0, 0.00194738, 2.0945e-5, 0.001968585)), (8, (1, 0.001749502, 8.6438e-5, 0.001836495))]), (21536, 15, 0.001723133, [(8, (0, 0.001692792, 2.8996e-5, 0.001722114)), (7, (1, 0.001529106, 4.6579e-5, 0.001576087))]), (21552, 14, 0.001175609, [(7, (0, 0.001155356, 1.8899e-5, 0.001174498)), (7, (1, 0.001131122, 3.9303e-5, 0.00117088))]), (21568, 15, 0.001386166, [(8, (0, 0.001357035, 2.7499e-5, 0.00138476)), (7, (1, 0.001037454, 4.7372e-5, 0.001085246))]), (21584, 14, 0.001742933, [(7, (0, 0.001468841, 3.4849e-5, 0.001503927)), (7, (1, 0.001618544, 6.9481e-5, 0.00168847))]), (21600, 15, 0.00186022, [(8, (0, 0.001826261, 3.0554e-5, 0.001857244)), (7, (1, 0.001587634, 3.665e-5, 0.001624636))]), (21616, 15, 0.001644973, [(8, (0, 0.00160134, 4.253e-5, 0.001644151)), (7, (1, 0.001314756, 5.187e-5, 0.001366855))]), (21632, 15, 0.001857444, [(8, (0, 0.00182839, 2.5303e-5, 0.001854089)), (7, (1, 0.001453106, 4.7337e-5, 0.001501077))]), (21648, 15, 0.002245066, [(8, (0, 0.002197023, 4.6836e-5, 0.002244099)), (7, (1, 0.001757823, 0.000108614, 0.001866745))]), (21664, 15, 0.002213212, [(8, (0, 0.002189451, 2.19e-5, 0.002211567)), (7, (1, 0.002030432, 3.5993e-5, 0.002066999))]), (21680, 15, 0.001762012, [(8, (0, 0.001719861, 4.0711e-5, 0.001760858)), (7, (1, 0.001511395, 7.8399e-5, 0.001590093))]), (21696, 16, 0.002043328, [(8, (0, 0.001683599, 2.6263e-5, 0.001710132)), (8, (1, 0.00195498, 3.7705e-5, 0.001992965))]), (21712, 15, 0.002197558, [(8, (0, 0.002153259, 4.1798e-5, 0.002195334)), (7, (1, 0.001956964, 6.2566e-5, 0.002020146))]), (21728, 13, 0.001320226, [(7, (0, 0.001284378, 3.3489e-5, 0.001318314)), (6, (1, 0.001256318, 6.0953e-5, 0.001317626))]), (21744, 15, 0.001638392, [(8, (0, 0.00159832, 3.8944e-5, 0.001637498)), (7, (1, 0.001204407, 6.1865e-5, 0.001266639))]), (21760, 14, 0.001515252, [(7, (0, 0.0013571, 3.0769e-5, 0.001388093)), (7, (1, 0.001411511, 4.6587e-5, 0.001458431))]), (21776, 15, 0.00151038, [(8, (0, 0.001470386, 3.8531e-5, 0.001509186)), (7, (1, 0.001318004, 4.6496e-5, 0.001364794))]), (21792, 14, 0.001511937, [(7, (0, 0.00147562, 3.4332e-5, 0.001510211)), (7, (1, 0.001385754, 4.1727e-5, 0.001427927))]), (21808, 11, 0.001448653, [(6, (0, 0.00141024, 3.6678e-5, 0.001447274)), (5, (1, 0.000853656, 8.5824e-5, 0.000939708))]), (21824, 10, 0.001116207, [(5, (0, 0.001079149, 3.4409e-5, 0.001113951)), (5, (1, 0.000987514, 8.7934e-5, 0.001075901))]), (21840, 11, 0.001492444, [(6, (0, 0.001456687, 3.459e-5, 0.001491552)), (5, (1, 0.001046548, 7.4507e-5, 0.001121245))]), (21856, 12, 0.001602226, [(6, (0, 0.001348105, 2.7207e-5, 0.001375582)), (6, (1, 0.001445413, 9.4623e-5, 0.001540409))]), (21872, 9, 0.00113886, [(5, (0, 0.001097756, 3.9999e-5, 0.00113806)), (4, (1, 0.00072224, 5.2755e-5, 0.000775247))]), (21888, 9, 0.001240918, [(5, (0, 0.001213602, 2.5515e-5, 0.001239361)), (4, (1, 0.000694557, 3.8539e-5, 0.000733364))]), (21904, 13, 0.001922777, [(7, (0, 0.001688182, 3.3511e-5, 0.001722249)), (6, (1, 0.001818662, 6.2118e-5, 0.001881414))]), (21920, 13, 0.00133972, [(7, (0, 0.001304025, 3.4458e-5, 0.001338743)), (6, (1, 0.001091401, 4.1572e-5, 0.001133239))]), (21936, 14, 0.001598115, [(7, (0, 0.001563265, 3.2503e-5, 0.001596039)), (7, (1, 0.001285032, 6.7925e-5, 0.001354591))]), (21952, 13, 0.001406484, [(7, (0, 0.001256214, 2.8289e-5, 0.001284908)), (6, (1, 0.001325037, 5.6386e-5, 0.001381814))]), (21968, 12, 0.001254324, [(6, (0, 0.001122371, 3.7299e-5, 0.00115996)), (6, (1, 0.001176582, 5.2123e-5, 0.001229087))]), (21984, 13, 0.001352384, [(7, (0, 0.001209406, 2.6902e-5, 0.001236769)), (6, (1, 0.001279486, 4.3114e-5, 0.001323028))]), (22000, 13, 0.002028991, [(7, (0, 0.001994154, 3.0687e-5, 0.002025166)), (6, (1, 0.001258491, 3.7691e-5, 0.001296442))]), (22016, 8, 0.000897233, [(4, (0, 0.000727376, 4.198e-5, 0.000769797)), (4, (1, 0.000792708, 7.6937e-5, 0.000870091))]), (22032, 14, 0.001373665, [(7, (0, 0.001133747, 3.7557e-5, 0.001171526)), (7, (1, 0.001284579, 5.6273e-5, 0.001341205))]), (22048, 16, 0.001615834, [(8, (0, 0.001577649, 3.6155e-5, 0.001614082)), (8, (1, 0.001533385, 4.5644e-5, 0.001579271))]), (22064, 15, 0.001457274, [(8, (0, 0.001416049, 3.9152e-5, 0.001455423)), (7, (1, 0.001369669, 5.9039e-5, 0.001429107))]), (22080, 15, 0.001864521, [(8, (0, 0.001828746, 3.1627e-5, 0.001860781)), (7, (1, 0.001345111, 5.4941e-5, 0.001400425))]), (22096, 16, 0.001543708, [(8, (0, 0.00150247, 3.7285e-5, 0.001540169)), (8, (1, 0.001368869, 4.8041e-5, 0.001417158))]), (22112, 13, 0.001606837, [(7, (0, 0.001564041, 4.163e-5, 0.001605991)), (6, (1, 0.001371166, 6.3247e-5, 0.001434901))]), (22128, 16, 0.001412659, [(8, (0, 0.001389937, 1.9747e-5, 0.0014099)), (8, (1, 0.001311959, 2.829e-5, 0.001340509))]), (22144, 14, 0.001752906, [(7, (0, 0.001718754, 3.3078e-5, 0.001752061)), (7, (1, 0.001523244, 4.1201e-5, 0.001564682))]), (22160, 16, 0.001459546, [(8, (0, 0.001368507, 2.2486e-5, 0.001391204)), (8, (1, 0.00139697, 3.747e-5, 0.001434814))]), (22176, 13, 0.001600266, [(7, (0, 0.001578693, 2.0248e-5, 0.001599239)), (6, (1, 0.001330951, 2.6182e-5, 0.001357319))]), (22192, 14, 0.001496407, [(7, (0, 0.001469594, 2.5956e-5, 0.001495798)), (7, (1, 0.001216111, 4.619e-5, 0.001262588))]), (22208, 13, 0.001849939, [(7, (0, 0.001701043, 2.7108e-5, 0.001728617)), (6, (1, 0.001706336, 0.000108494, 0.001815476))]), (22224, 14, 0.001296458, [(7, (0, 0.001258621, 3.6512e-5, 0.00129541)), (7, (1, 0.0011922, 5.0466e-5, 0.001243028))]), (22240, 16, 0.001779782, [(8, (0, 0.001726245, 2.4079e-5, 0.001750555)), (8, (1, 0.00173196, 3.6701e-5, 0.001773939))]), (22256, 16, 0.001573572, [(8, (0, 0.00139554, 4.8351e-5, 0.001444227)), (8, (1, 0.001462042, 7.9042e-5, 0.001541546))]), (22272, 15, 0.001734787, [(8, (0, 0.001700892, 3.263e-5, 0.001733812)), (7, (1, 0.001496351, 4.464e-5, 0.001541229))]), (22288, 15, 0.001344766, [(8, (0, 0.001322008, 2.0604e-5, 0.00134289)), (7, (1, 0.001196142, 4.1632e-5, 0.001238188))]), (22304, 16, 0.001749414, [(8, (0, 0.001711724, 3.6311e-5, 0.001748273)), (8, (1, 0.001306283, 6.6208e-5, 0.001372849))]), (22320, 15, 0.001820724, [(8, (0, 0.001791158, 2.8019e-5, 0.001819408)), (7, (1, 0.001591715, 5.6723e-5, 0.00164889))]), (22336, 16, 0.002051781, [(8, (0, 0.001759598, 2.5661e-5, 0.0017855)), (8, (1, 0.001973167, 5.1151e-5, 0.002024746))]), (22352, 16, 0.001670305, [(8, (0, 0.001482588, 4.3625e-5, 0.001526474)), (8, (1, 0.001535689, 0.000105683, 0.001642515))]), (22368, 15, 0.001498235, [(8, (0, 0.001468005, 2.935e-5, 0.001497597)), (7, (1, 0.001252298, 9.1547e-5, 0.001344314))]), (22384, 10, 0.001405709, [(5, (0, 0.001383162, 2.1272e-5, 0.001404684)), (5, (1, 0.001308362, 2.8783e-5, 0.001337557))]), (22400, 13, 0.001479674, [(7, (0, 0.001450902, 2.7541e-5, 0.001478674)), (6, (1, 0.001330884, 5.12e-5, 0.001382398))]), (22416, 15, 0.001560065, [(8, (0, 0.001526698, 3.239e-5, 0.001559318)), (7, (1, 0.001327643, 6.4168e-5, 0.001392226))]), (22432, 13, 0.002065367, [(7, (0, 0.002030009, 3.3927e-5, 0.002064204)), (6, (1, 0.001567755, 4.6043e-5, 0.001614085))]), (22448, 14, 0.001260316, [(7, (0, 0.001219272, 4.0072e-5, 0.001259562)), (7, (1, 0.001139587, 5.4602e-5, 0.001194446))]), (22464, 15, 0.001433991, [(8, (0, 0.001411151, 2.1594e-5, 0.001432976)), (7, (1, 0.001149873, 2.7855e-5, 0.001177944))]), (22480, 14, 0.001983788, [(7, (0, 0.001752591, 2.9107e-5, 0.001782036)), (7, (1, 0.001887429, 4.5505e-5, 0.001933166))]), (22496, 16, 0.001441307, [(8, (0, 0.001412236, 2.7867e-5, 0.001440432)), (8, (1, 0.001384951, 5.0931e-5, 0.001436305))]), (22512, 15, 0.001394546, [(8, (0, 0.001366176, 2.6622e-5, 0.001393029)), (7, (1, 0.00128353, 4.2489e-5, 0.001326507))]), (22528, 15, 0.001485356, [(8, (0, 0.001441675, 4.2671e-5, 0.001484556)), (7, (1, 0.001272558, 7.7768e-5, 0.001350795))]), (22544, 15, 0.001536715, [(8, (0, 0.001509313, 2.5885e-5, 0.001535537)), (7, (1, 0.001284387, 4.0274e-5, 0.001324933))]), (22560, 14, 0.001330358, [(7, (0, 0.001303346, 2.5987e-5, 0.001329566)), (7, (1, 0.001211523, 5.5988e-5, 0.001268217))]), (22576, 14, 0.002250846, [(7, (0, 0.002207139, 4.1673e-5, 0.002249305)), (7, (1, 0.002158643, 6.0605e-5, 0.002219764))]), (22592, 14, 0.002033951, [(7, (0, 0.001710719, 2.9325e-5, 0.001740761)), (7, (1, 0.001942174, 6.1226e-5, 0.00200398))]), (22608, 12, 0.002138609, [(6, (0, 0.002109414, 2.7509e-5, 0.002137158)), (6, (1, 0.002006567, 4.4643e-5, 0.002051554))]), (22624, 12, 0.001903705, [(6, (0, 0.001646835, 2.6081e-5, 0.001673202)), (6, (1, 0.001826897, 5.2195e-5, 0.001879483))]), (22640, 11, 0.001900869, [(6, (0, 0.001872814, 2.6642e-5, 0.001899774)), (5, (1, 0.001114925, 7.2383e-5, 0.001187616))]), (22656, 16, 0.003045577, [(8, (0, 0.003009723, 3.2329e-5, 0.003042313)), (8, (1, 0.002343314, 4.4467e-5, 0.002388049))]), (22672, 10, 0.00156637, [(5, (0, 0.001521755, 4.1749e-5, 0.001563981)), (5, (1, 0.000832306, 6.9297e-5, 0.000902078))]), (22688, 15, 0.003288596, [(8, (0, 0.00323276, 5.3908e-5, 0.003286919)), (7, (1, 0.001836175, 0.000116426, 0.00195282))]), (22704, 12, 0.002586971, [(6, (0, 0.002072444, 4.5077e-5, 0.002117773)), (6, (1, 0.002343085, 0.000129599, 0.002473314))]), (22720, 13, 0.002832576, [(7, (0, 0.001833635, 3.1954e-5, 0.001865888)), (6, (1, 0.002695645, 4.5391e-5, 0.002741348))]), (22736, 14, 0.002132102, [(7, (0, 0.002100538, 2.987e-5, 0.002130676)), (7, (1, 0.002030583, 3.8712e-5, 0.002069725))]), (22752, 15, 0.001732054, [(8, (0, 0.001698351, 3.2382e-5, 0.001731)), (7, (1, 0.001548364, 4.3484e-5, 0.001592102))]), (22768, 14, 0.001142591, [(7, (0, 0.001114278, 2.6973e-5, 0.001141517)), (7, (1, 0.001018013, 5.3253e-5, 0.00108749))]), (22784, 12, 0.001407531, [(6, (0, 0.001373924, 3.2414e-5, 0.001406568)), (6, (1, 0.001104155, 6.5765e-5, 0.00117034))]), (22800, 14, 0.002076436, [(7, (0, 0.001821818, 3.053e-5, 0.001852603)), (7, (1, 0.001851329, 0.000111427, 0.001963198))]), (22816, 14, 0.002168606, [(7, (0, 0.001938057, 3.443e-5, 0.001972772)), (7, (1, 0.002029339, 4.0386e-5, 0.002069976))]), (22832, 15, 0.002936421, [(8, (0, 0.002903604, 3.0312e-5, 0.002934326)), (7, (1, 0.001987742, 5.4591e-5, 0.002042565))]), (22848, 13, 0.00210591, [(7, (0, 0.002062817, 4.1378e-5, 0.002104446)), (6, (1, 0.001869573, 6.9545e-5, 0.001939445))]), (22864, 13, 0.002681574, [(7, (0, 0.002431321, 3.965e-5, 0.002471204)), (6, (1, 0.002606816, 4.6755e-5, 0.002653792))]), (22880, 15, 0.001426783, [(8, (0, 0.001401996, 2.385e-5, 0.001426086)), (7, (1, 0.001278117, 3.066e-5, 0.001308995))]), (22896, 11, 0.001426536, [(6, (0, 0.001390614, 3.1954e-5, 0.001422868)), (5, (1, 0.001106496, 5.8901e-5, 0.001166086))]), (22912, 14, 0.001288392, [(7, (0, 0.001233497, 4.8318e-5, 0.001282172)), (7, (1, 0.001211205, 7.2917e-5, 0.001284397))]), (22928, 7, 0.000922556, [(4, (0, 0.00089728, 2.4169e-5, 0.000921689)), (3, (1, 0.000548402, 4.4895e-5, 0.000593765))]), (22944, 0, 1.9174e-5, [(0, (0, 1.47e-7, 1.7885e-5, 1.8265e-5)), (0, (1, 1.02e-7, 1.8612e-5, 1.8829e-5))]), (22960, 15, 0.001451815, [(8, (0, 0.001429839, 2.035e-5, 0.001450322)), (7, (1, 0.001181292, 3.1789e-5, 0.001213833))]), (22976, 16, 0.001662487, [(8, (0, 0.001632571, 2.8538e-5, 0.001661352)), (8, (1, 0.001520702, 5.4723e-5, 0.00157586))]), (22992, 14, 0.002691045, [(7, (0, 0.002300328, 3.5229e-5, 0.002335834)), (7, (1, 0.002571384, 4.2951e-5, 0.002615089))]), (23008, 14, 0.003142613, [(7, (0, 0.003105613, 3.44e-5, 0.003140318)), (7, (1, 0.002957145, 4.9428e-5, 0.003006884))]), (23024, 13, 0.001786743, [(7, (0, 0.001750121, 3.1176e-5, 0.001782094)), (6, (1, 0.001490218, 3.9644e-5, 0.001530122))]), (23040, 10, 0.002405699, [(5, (0, 0.002073116, 7.3855e-5, 0.002147292)), (5, (1, 0.002232381, 9.6399e-5, 0.002329155))]), (23056, 11, 0.002226782, [(6, (0, 0.002191574, 3.3312e-5, 0.002225265)), (5, (1, 0.001574604, 5.4736e-5, 0.001629671))]), (23072, 11, 0.001838303, [(6, (0, 0.001812499, 2.4202e-5, 0.001836964)), (5, (1, 0.001556909, 4.5208e-5, 0.001602545))]), (23088, 13, 0.002287452, [(7, (0, 0.002051324, 2.8401e-5, 0.002080165)), (6, (1, 0.002193849, 6.4549e-5, 0.002258974))]), (23104, 9, 0.001317648, [(5, (0, 0.001293331, 2.3075e-5, 0.00131677)), (4, (1, 0.000986252, 3.1182e-5, 0.001017681))]), (23120, 14, 0.00365442, [(7, (0, 0.00361489, 3.8078e-5, 0.003653204)), (7, (1, 0.003225064, 6.3247e-5, 0.003288794))]), (23136, 13, 0.001975735, [(7, (0, 0.001937608, 3.5342e-5, 0.001973486)), (6, (1, 0.001725779, 7.749e-5, 0.001804844))]), (23152, 11, 0.002640079, [(6, (0, 0.002597233, 4.0012e-5, 0.002637519)), (5, (1, 0.002107292, 4.6854e-5, 0.002154495))]), (23168, 9, 0.001482648, [(5, (0, 0.00120017, 2.8801e-5, 0.001229233)), (4, (1, 0.001337067, 5.2037e-5, 0.001389516))]), (23184, 12, 0.001753694, [(6, (0, 0.00155812, 2.9882e-5, 0.00158827)), (6, (1, 0.001662684, 4.3874e-5, 0.001707013))]), (23200, 11, 0.001675129, [(6, (0, 0.001643956, 2.9326e-5, 0.001673534)), (5, (1, 0.001449492, 3.7759e-5, 0.001487488))]), (23216, 11, 0.002522549, [(6, (0, 0.002497553, 2.2402e-5, 0.002520239)), (5, (1, 0.002216102, 3.2986e-5, 0.002249335))]), (23232, 12, 0.003419613, [(6, (0, 0.003381614, 3.6482e-5, 0.003418344)), (6, (1, 0.003248, 6.8022e-5, 0.003325401))]), (23248, 13, 0.003404323, [(7, (0, 0.003371379, 2.8569e-5, 0.003400491)), (6, (1, 0.002603287, 4.1408e-5, 0.002645003))]), (23264, 16, 0.001800423, [(8, (0, 0.0017459, 5.2707e-5, 0.001798881)), (8, (1, 0.001433496, 6.756e-5, 0.001501445))]), (23280, 13, 0.002448694, [(7, (0, 0.002417298, 2.9278e-5, 0.002446953)), (6, (1, 0.00200325, 4.5181e-5, 0.002048781))]), (23296, 14, 0.003138385, [(7, (0, 0.003091414, 4.0871e-5, 0.003132582)), (7, (1, 0.002998311, 7.2313e-5, 0.00307112))]), (23312, 11, 0.002633595, [(6, (0, 0.002319146, 4.9756e-5, 0.002369177)), (5, (1, 0.002517524, 8.0099e-5, 0.002605553))]), (23328, 15, 0.003177302, [(8, (0, 0.002931312, 2.5978e-5, 0.002957608)), (7, (1, 0.002975665, 8.6494e-5, 0.003062782))]), (23344, 14, 0.001360175, [(7, (0, 0.001274069, 4.4137e-5, 0.001318589)), (7, (1, 0.00128021, 5.8904e-5, 0.001339375))]), (23360, 15, 0.001297189, [(8, (0, 0.001264467, 3.0812e-5, 0.001295709)), (7, (1, 0.001072911, 4.4118e-5, 0.001117407))]), (23376, 16, 0.002214099, [(8, (0, 0.002054802, 3.2722e-5, 0.002087818)), (8, (1, 0.002104358, 5.8698e-5, 0.002163338))]), (23392, 15, 0.003365907, [(8, (0, 0.003320524, 4.1227e-5, 0.003362647)), (7, (1, 0.002643308, 4.923e-5, 0.002692817))]), (23408, 10, 0.000996585, [(5, (0, 0.000958454, 3.6759e-5, 0.000995479)), (5, (1, 0.000872121, 5.6878e-5, 0.000929347))]), (23424, 16, 0.002091736, [(8, (0, 0.001539766, 2.9892e-5, 0.001569928)), (8, (1, 0.001986719, 3.766e-5, 0.002024616))]), (23440, 16, 0.001716518, [(8, (0, 0.001672825, 4.093e-5, 0.001714168)), (8, (1, 0.001574979, 6.7778e-5, 0.001643491))]), (23456, 16, 0.001652889, [(8, (0, 0.001623802, 2.4633e-5, 0.001648696)), (8, (1, 0.001473522, 3.8827e-5, 0.001512716))]), (23472, 16, 0.003548382, [(8, (0, 0.003490041, 5.4726e-5, 0.003545336)), (8, (1, 0.003155789, 6.4837e-5, 0.00322091))]), (23488, 15, 0.004007579, [(8, (0, 0.00397555, 3.0012e-5, 0.004005858)), (7, (1, 0.003387062, 4.7757e-5, 0.003435096))]), (23504, 16, 0.003695748, [(8, (0, 0.003664555, 2.9855e-5, 0.003694709)), (8, (1, 0.003536838, 0.000100147, 0.003637811))]), (23520, 15, 0.004109167, [(8, (0, 0.003984606, 2.4157e-5, 0.004009341)), (7, (1, 0.004037641, 3.5403e-5, 0.00407361))]), (23536, 16, 0.003942205, [(8, (0, 0.003580075, 3.5813e-5, 0.003616485)), (8, (1, 0.003842621, 5.5368e-5, 0.003898729))]), (23552, 12, 0.002325842, [(6, (0, 0.002287391, 3.4358e-5, 0.002322202)), (6, (1, 0.002077789, 5.0066e-5, 0.002128221))]), (23568, 15, 0.002759536, [(8, (0, 0.002701355, 5.425e-5, 0.002756119)), (7, (1, 0.002212488, 9.6125e-5, 0.002309432))]), (23584, 14, 0.002103096, [(7, (0, 0.001536884, 3.9048e-5, 0.001576199)), (7, (1, 0.001972544, 5.085e-5, 0.00202367))]), (23600, 16, 0.002013607, [(8, (0, 0.001954368, 3.3476e-5, 0.001988155)), (8, (1, 0.001954208, 4.9635e-5, 0.002004323))]), (23616, 16, 0.006954055, [(8, (0, 0.006905961, 4.3154e-5, 0.006949582)), (8, (1, 0.003278101, 4.787e-5, 0.003326245))]), (23632, 16, 0.004771334, [(8, (0, 0.004727349, 4.0013e-5, 0.004767818)), (8, (1, 0.004543439, 7.3512e-5, 0.004617854))]), (23648, 16, 0.004521476, [(8, (0, 0.004475315, 4.2962e-5, 0.004518595)), (8, (1, 0.004251872, 6.0143e-5, 0.004312631))]), (23664, 15, 0.002978702, [(8, (0, 0.002934102, 4.3565e-5, 0.002978005)), (7, (1, 0.002040646, 9.6231e-5, 0.002137604))]), (23680, 16, 0.00412132, [(8, (0, 0.004093094, 2.2401e-5, 0.004116052)), (8, (1, 0.002275961, 3.8605e-5, 0.002315006))]), (23696, 10, 0.001151979, [(5, (0, 0.00095745, 5.7417e-5, 0.001015307)), (5, (1, 0.001025349, 8.0022e-5, 0.001105717))]), (23712, 16, 0.001777288, [(8, (0, 0.001718199, 5.7448e-5, 0.00177593)), (8, (1, 0.00165011, 6.4176e-5, 0.001714523))]), (23728, 16, 0.001700325, [(8, (0, 0.001667071, 2.9182e-5, 0.00169666)), (8, (1, 0.00159465, 4.2589e-5, 0.001637888))]), (23744, 15, 0.001597137, [(8, (0, 0.001537899, 5.5975e-5, 0.001594336)), (7, (1, 0.00118485, 6.9117e-5, 0.001254194))]), (23760, 15, 0.00154566, [(8, (0, 0.001491597, 5.1974e-5, 0.00154388)), (7, (1, 0.001405188, 7.4879e-5, 0.001480478))]), (23776, 16, 0.001952479, [(8, (0, 0.001699066, 4.2789e-5, 0.001742126)), (8, (1, 0.001846996, 6.8138e-5, 0.001915548))]), (23792, 16, 0.001299286, [(8, (0, 0.001267779, 3.037e-5, 0.001298441)), (8, (1, 0.001242004, 4.3845e-5, 0.001286137))]), (23808, 14, 0.001640375, [(7, (0, 0.00161521, 2.3289e-5, 0.001638793)), (7, (1, 0.001577107, 4.4879e-5, 0.001622444))]), (23824, 12, 0.00163221, [(6, (0, 0.001604812, 2.6362e-5, 0.0016314)), (6, (1, 0.0014189, 3.8659e-5, 0.001457819))]), (23840, 15, 0.002000535, [(8, (0, 0.001964861, 3.4386e-5, 0.001999542)), (7, (1, 0.001902064, 5.4557e-5, 0.001956954))]), (23856, 12, 0.001328843, [(6, (0, 0.00130268, 2.5194e-5, 0.001328102)), (6, (1, 0.001110989, 3.335e-5, 0.001144523))]), (23872, 15, 0.001860828, [(8, (0, 0.001662641, 3.2575e-5, 0.001695615)), (7, (1, 0.001772863, 5.8697e-5, 0.001832115))]), (23888, 15, 0.001927267, [(8, (0, 0.001899345, 2.6689e-5, 0.00192631)), (7, (1, 0.001730642, 4.3283e-5, 0.001774515))]), (23904, 13, 0.001660758, [(7, (0, 0.001631898, 2.7656e-5, 0.001659847)), (6, (1, 0.001227675, 3.8008e-5, 0.001266066))]), (23920, 14, 0.001750599, [(7, (0, 0.001378611, 2.5242e-5, 0.001404185)), (7, (1, 0.00163272, 5.2675e-5, 0.001685894))]), (23936, 13, 0.001778803, [(7, (0, 0.001742065, 3.4595e-5, 0.001776923)), (6, (1, 0.00152471, 4.0831e-5, 0.001565827))]), (23952, 15, 0.001571722, [(8, (0, 0.001542059, 2.7369e-5, 0.001569687)), (7, (1, 0.001503875, 4.4749e-5, 0.00154888))]), (23968, 15, 0.001725888, [(8, (0, 0.001694039, 3.096e-5, 0.001725212)), (7, (1, 0.001156676, 3.9356e-5, 0.001196601))]), (23984, 14, 0.001694052, [(7, (0, 0.001661975, 2.8563e-5, 0.001690978)), (7, (1, 0.001581756, 4.5521e-5, 0.001627655))]), (24000, 16, 0.002203529, [(8, (0, 0.002002804, 4.0112e-5, 0.002043257)), (8, (1, 0.002119035, 5.34e-5, 0.002172739))]), (24016, 15, 0.002302441, [(8, (0, 0.002276073, 2.3991e-5, 0.002300352)), (7, (1, 0.00192325, 3.2952e-5, 0.001956429))]), (24032, 15, 0.001524549, [(8, (0, 0.001491983, 3.1388e-5, 0.001523686)), (7, (1, 0.00114801, 5.5433e-5, 0.00120375))]), (24048, 16, 0.001885113, [(8, (0, 0.001390518, 3.2204e-5, 0.001423021)), (8, (1, 0.001786843, 5.3229e-5, 0.001840507))]), (24064, 14, 0.001553296, [(7, (0, 0.001499855, 3.1109e-5, 0.001531331)), (7, (1, 0.001184668, 4.901e-5, 0.001234028))]), (24080, 6, 0.000536756, [(3, (0, 0.000437089, 3.2478e-5, 0.000469868)), (3, (1, 0.000463911, 4.9974e-5, 0.000514318))]), (24096, 16, 0.001546995, [(8, (0, 0.001385054, 2.2547e-5, 0.001407877)), (8, (1, 0.001419831, 2.6798e-5, 0.001446866))]), (24112, 14, 0.001296416, [(7, (0, 0.001269437, 2.5663e-5, 0.001295387)), (7, (1, 0.001096058, 4.3422e-5, 0.001139712))]), (24128, 14, 0.00161609, [(7, (0, 0.001565149, 3.5436e-5, 0.001600854)), (7, (1, 0.001560886, 5.2117e-5, 0.001613309))]), (24144, 15, 0.001821947, [(8, (0, 0.001785334, 3.3441e-5, 0.001819067)), (7, (1, 0.001269248, 4.868e-5, 0.001318348))]), (24160, 16, 0.001721058, [(8, (0, 0.001630966, 3.4393e-5, 0.001665661)), (8, (1, 0.001610354, 7.0714e-5, 0.001681436))]), (24176, 15, 0.001326623, [(8, (0, 0.001300116, 2.3892e-5, 0.001324308)), (7, (1, 0.001057425, 3.9821e-5, 0.001097673))]), (24192, 15, 0.001300356, [(8, (0, 0.001272499, 2.6259e-5, 0.001299048)), (7, (1, 0.001091447, 5.4045e-5, 0.001145927))]), (24208, 15, 0.001949641, [(8, (0, 0.001909139, 3.8977e-5, 0.001948378)), (7, (1, 0.001603154, 4.5719e-5, 0.001649084))]), (24224, 16, 0.001609991, [(8, (0, 0.001580474, 2.6564e-5, 0.001607343)), (8, (1, 0.001412279, 6.7345e-5, 0.001479988))]), (24240, 16, 0.001868773, [(8, (0, 0.001748795, 2.9253e-5, 0.001778333)), (8, (1, 0.001804561, 3.622e-5, 0.00184105))]), (24256, 16, 0.002263766, [(8, (0, 0.002218858, 4.2882e-5, 0.002262374)), (8, (1, 0.001886311, 6.9606e-5, 0.001956492))]), (24272, 16, 0.001866856, [(8, (0, 0.00183625, 2.8935e-5, 0.001865476)), (8, (1, 0.001499576, 5.3414e-5, 0.001553466))]), (24288, 15, 0.001404236, [(8, (0, 0.001375519, 2.7801e-5, 0.001403551)), (7, (1, 0.001176538, 6.7692e-5, 0.001244738))]), (24304, 16, 0.001445364, [(8, (0, 0.001424128, 2.0119e-5, 0.001444476)), (8, (1, 0.001352225, 3.758e-5, 0.001390138))]), (24320, 15, 0.001411948, [(8, (0, 0.001384731, 2.606e-5, 0.001411009)), (7, (1, 0.001200773, 4.1463e-5, 0.00124265))]), (24336, 12, 0.001280071, [(6, (0, 0.001122913, 3.2692e-5, 0.001155867)), (6, (1, 0.001180926, 4.1627e-5, 0.001222835))]), (24352, 15, 0.001773522, [(8, (0, 0.001736494, 3.3914e-5, 0.001770924)), (7, (1, 0.001470546, 5.8505e-5, 0.001529469))]), (24368, 14, 0.001356246, [(7, (0, 0.001304486, 5.0174e-5, 0.001354955)), (7, (1, 0.001209712, 6.3426e-5, 0.001273539))]), (24384, 15, 0.001629771, [(8, (0, 0.001592845, 3.5483e-5, 0.001628574)), (7, (1, 0.001271965, 6.0871e-5, 0.001333282))]), (24400, 16, 0.001435881, [(8, (0, 0.001403293, 3.1148e-5, 0.001434691)), (8, (1, 0.001307671, 5.3906e-5, 0.00136205))]), (24416, 15, 0.00195756, [(8, (0, 0.001922832, 3.3664e-5, 0.001956792)), (7, (1, 0.001462306, 6.2411e-5, 0.001525124))]), (24432, 15, 0.002200291, [(8, (0, 0.002169553, 2.8502e-5, 0.002198311)), (7, (1, 0.001606901, 9.4048e-5, 0.001701507))]), (24448, 12, 0.001976769, [(6, (0, 0.001941894, 3.3864e-5, 0.001976056)), (6, (1, 0.001798434, 8.4008e-5, 0.001882807))]), (24464, 15, 0.00219784, [(8, (0, 0.002167781, 2.8744e-5, 0.002196767)), (7, (1, 0.001880395, 5.0057e-5, 0.001930968))]), (24480, 16, 0.002813928, [(8, (0, 0.002777906, 3.4276e-5, 0.002812528)), (8, (1, 0.002417436, 7.4348e-5, 0.002492426))]), (24496, 11, 0.001599476, [(6, (0, 0.001357053, 3.1748e-5, 0.001389154)), (5, (1, 0.001509868, 6.0861e-5, 0.001571256))]), (24512, 12, 0.001839337, [(6, (0, 0.001617325, 3.5129e-5, 0.001652722)), (6, (1, 0.001757242, 5.1109e-5, 0.001808864))]), (24528, 16, 0.00251271, [(8, (0, 0.00247393, 3.7254e-5, 0.002511422)), (8, (1, 0.002127258, 5.1363e-5, 0.002178975))]), (24544, 13, 0.001664016, [(7, (0, 0.001420178, 3.0992e-5, 0.001451428)), (6, (1, 0.001573548, 6.0822e-5, 0.001634766))]), (24560, 15, 0.003068637, [(8, (0, 0.001709848, 3.4997e-5, 0.001745193)), (7, (1, 0.0029519, 5.0107e-5, 0.003002403))]), (24576, 16, 0.00174069, [(8, (0, 0.001702784, 3.5681e-5, 0.001738761)), (8, (1, 0.001362527, 4.2138e-5, 0.001404949))]), (24592, 13, 0.001369849, [(7, (0, 0.001147625, 3.0833e-5, 0.001178791)), (6, (1, 0.00130029, 4.5179e-5, 0.00134572))]), (24608, 13, 0.001571798, [(7, (0, 0.001532876, 3.7537e-5, 0.001570764)), (6, (1, 0.0013722, 5.6291e-5, 0.001428918))]), (24624, 16, 0.001485662, [(8, (0, 0.001460266, 2.4246e-5, 0.001484735)), (8, (1, 0.00123921, 4.5992e-5, 0.001285632))]), (24640, 15, 0.001407665, [(8, (0, 0.001382859, 2.368e-5, 0.001406782)), (7, (1, 0.001206946, 4.024e-5, 0.001247611))]), (24656, 12, 0.00204687, [(6, (0, 0.001936262, 3.1832e-5, 0.001968408)), (6, (1, 0.001952258, 4.2993e-5, 0.001995769))]), (24672, 16, 0.00474185, [(8, (0, 0.00437048, 3.4487e-5, 0.004405251)), (8, (1, 0.004618787, 4.9913e-5, 0.00466911))]), (24688, 15, 0.002573573, [(8, (0, 0.002219699, 3.0547e-5, 0.002250519)), (7, (1, 0.002473079, 4.1928e-5, 0.002515327))]), (24704, 13, 0.001288208, [(7, (0, 0.001254627, 3.2513e-5, 0.00128743)), (6, (1, 0.00105704, 4.4768e-5, 0.001102009))]), (24720, 13, 0.002175226, [(7, (0, 0.002143501, 2.9342e-5, 0.002173137)), (6, (1, 0.001344993, 4.3205e-5, 0.00138864))]), (24736, 14, 0.001246807, [(7, (0, 0.001212755, 3.2831e-5, 0.001245871)), (7, (1, 0.001136432, 8.17e-5, 0.001218739))]), (24752, 10, 0.00104081, [(5, (0, 0.000872351, 2.7207e-5, 0.000899824)), (5, (1, 0.00097745, 3.3548e-5, 0.001011258))]), (24768, 14, 0.001335739, [(7, (0, 0.001302625, 3.2019e-5, 0.001334867)), (7, (1, 0.00121165, 5.7336e-5, 0.001270472))]), (24784, 13, 0.001283951, [(7, (0, 0.001243972, 3.8989e-5, 0.001283183)), (6, (1, 0.001096999, 4.8217e-5, 0.001145458))]), (24800, 15, 0.001612841, [(8, (0, 0.001586565, 2.4793e-5, 0.001611592)), (7, (1, 0.001063325, 4.8891e-5, 0.001112695))]), (24816, 16, 0.00163113, [(8, (0, 0.001598926, 3.0959e-5, 0.001630152)), (8, (1, 0.001493078, 9.7301e-5, 0.001590737))]), (24832, 16, 0.002044897, [(8, (0, 0.001928952, 2.7611e-5, 0.001956973)), (8, (1, 0.001936196, 4.7898e-5, 0.00198452))]), (24848, 16, 0.001393973, [(8, (0, 0.001333549, 2.8098e-5, 0.001361907)), (8, (1, 0.001330205, 5.0545e-5, 0.001381144))]), (24864, 16, 0.002285612, [(8, (0, 0.002237233, 4.3931e-5, 0.002281846)), (8, (1, 0.002147682, 7.031e-5, 0.002218438))]), (24880, 15, 0.001562752, [(8, (0, 0.001457175, 4.6269e-5, 0.001504002)), (7, (1, 0.001457997, 7.1075e-5, 0.001529454))]), (24896, 16, 0.001413054, [(8, (0, 0.001225033, 3.1283e-5, 0.001256612)), (8, (1, 0.001349233, 3.9104e-5, 0.001388636))]), (24912, 16, 0.002092935, [(8, (0, 0.002053523, 3.613e-5, 0.002089972)), (8, (1, 0.001899462, 6.0573e-5, 0.001960415))]), (24928, 13, 0.001944351, [(7, (0, 0.00189838, 4.3917e-5, 0.001942558)), (6, (1, 0.001285457, 8.85e-5, 0.001374523))]), (24944, 16, 0.001964697, [(8, (0, 0.001773479, 2.6599e-5, 0.001800697)), (8, (1, 0.001891815, 4.4113e-5, 0.001936287))]), (24960, 16, 0.001948671, [(8, (0, 0.001723143, 1.9764e-5, 0.001743404)), (8, (1, 0.001882264, 2.6903e-5, 0.001909403))]), (24976, 16, 0.001861048, [(8, (0, 0.001832436, 2.6931e-5, 0.001859625)), (8, (1, 0.00167772, 3.2711e-5, 0.001710648))]), (24992, 16, 0.001797336, [(8, (0, 0.001761703, 3.1581e-5, 0.001793717)), (8, (1, 0.001716702, 4.8523e-5, 0.001765449))]), (25008, 16, 0.001974946, [(8, (0, 0.001838565, 3.777e-5, 0.001876733)), (8, (1, 0.001903203, 4.5276e-5, 0.001948779))]), (25024, 16, 0.002329871, [(8, (0, 0.002289347, 3.5683e-5, 0.002325625)), (8, (1, 0.00176862, 4.8222e-5, 0.00181733))]), (25040, 15, 0.002000334, [(8, (0, 0.001952081, 4.5125e-5, 0.001997579)), (7, (1, 0.001060327, 6.6227e-5, 0.001127038))]), (25056, 15, 0.001637925, [(8, (0, 0.001592609, 4.106e-5, 0.001634033)), (7, (1, 0.001550816, 8.4001e-5, 0.00163526))]), (25072, 14, 0.00138989, [(7, (0, 0.00135175, 3.5421e-5, 0.001387461)), (7, (1, 0.001318018, 4.2721e-5, 0.001361101))]), (25088, 16, 0.001681078, [(8, (0, 0.001644555, 3.397e-5, 0.001678811)), (8, (1, 0.001211733, 4.2397e-5, 0.001254355))]), (25104, 14, 0.001397861, [(7, (0, 0.001367318, 2.8424e-5, 0.001395971)), (7, (1, 0.00129789, 5.423e-5, 0.001352452))]), (25120, 13, 0.001648591, [(7, (0, 0.001622521, 2.5109e-5, 0.001647843)), (6, (1, 0.001427116, 3.2052e-5, 0.001459398))]), (25136, 16, 0.001458684, [(8, (0, 0.001431252, 2.6339e-5, 0.001457902)), (8, (1, 0.001270153, 3.8902e-5, 0.001309297))]), (25152, 16, 0.001517604, [(8, (0, 0.001490983, 2.5367e-5, 0.001516609)), (8, (1, 0.001233439, 3.239e-5, 0.001266109))]), (25168, 16, 0.001690312, [(8, (0, 0.001641614, 4.5202e-5, 0.001687276)), (8, (1, 0.00145099, 6.0928e-5, 0.00151223))]), (25184, 13, 0.001736054, [(7, (0, 0.001639413, 4.2757e-5, 0.00168259)), (6, (1, 0.001668543, 5.04e-5, 0.001719233))]), (25200, 15, 0.002202179, [(8, (0, 0.002155367, 4.5348e-5, 0.002201239)), (7, (1, 0.001742047, 4.7667e-5, 0.001790083))]), (25216, 16, 0.002347938, [(8, (0, 0.002313488, 2.9418e-5, 0.002343142)), (8, (1, 0.002214074, 5.5223e-5, 0.002270148))]), (25232, 15, 0.001808001, [(8, (0, 0.00176503, 4.0803e-5, 0.001806081)), (7, (1, 0.0015338, 5.0138e-5, 0.00158442))]), (25248, 16, 0.00122874, [(8, (0, 0.00120074, 2.6161e-5, 0.001227162)), (8, (1, 0.001148081, 3.9727e-5, 0.001188156))]), (25264, 15, 0.001756456, [(8, (0, 0.001714552, 4.0656e-5, 0.001755441)), (7, (1, 0.001231899, 0.00011405, 0.001346391))]), (25280, 15, 0.001831309, [(8, (0, 0.001808721, 2.0787e-5, 0.001829757)), (7, (1, 0.001712636, 3.4321e-5, 0.001747469))]), (25296, 14, 0.00167565, [(7, (0, 0.001642457, 3.1879e-5, 0.00167458)), (7, (1, 0.001274118, 5.0136e-5, 0.00132463))]), (25312, 15, 0.00176537, [(8, (0, 0.00172919, 3.4545e-5, 0.001763979)), (7, (1, 0.001378268, 5.5324e-5, 0.001433829))]), (25328, 15, 0.001528425, [(8, (0, 0.001487029, 4.0538e-5, 0.001527767)), (7, (1, 0.001240888, 7.4496e-5, 0.001315811))]), (25344, 14, 0.001404929, [(7, (0, 0.001152161, 2.8751e-5, 0.001181144)), (7, (1, 0.001264641, 8.9026e-5, 0.001354138))]), (25360, 12, 0.00202477, [(6, (0, 0.00198318, 3.736e-5, 0.002020932)), (6, (1, 0.000988402, 4.4193e-5, 0.001033022))]), (25376, 14, 0.002145451, [(7, (0, 0.002090858, 5.2692e-5, 0.002143788)), (7, (1, 0.00148952, 8.2924e-5, 0.001572805))]), (25392, 11, 0.001887335, [(6, (0, 0.001850535, 3.4406e-5, 0.001885187)), (5, (1, 0.00145106, 6.2804e-5, 0.001514239))]), (25408, 14, 0.002015526, [(7, (0, 0.001363872, 4.1678e-5, 0.001405771)), (7, (1, 0.001826327, 0.000110135, 0.001936877))]), (25424, 14, 0.001906158, [(7, (0, 0.001869669, 3.4466e-5, 0.00190441)), (7, (1, 0.001800803, 4.1302e-5, 0.001842408))]), (25440, 15, 0.00200767, [(8, (0, 0.001965237, 3.9404e-5, 0.002005021)), (7, (1, 0.001608635, 5.4825e-5, 0.001663781))]), (25456, 11, 0.001626188, [(6, (0, 0.001587489, 3.7437e-5, 0.001625157)), (5, (1, 0.000963733, 7.0827e-5, 0.001034992))]), (25472, 15, 0.002668156, [(8, (0, 0.002632737, 3.3207e-5, 0.002666186)), (7, (1, 0.001398584, 7.554e-5, 0.001474432))]), (25488, 14, 0.002101821, [(7, (0, 0.001621292, 3.0848e-5, 0.001652374)), (7, (1, 0.001965423, 9.5196e-5, 0.00206146))]), (25504, 14, 0.002188672, [(7, (0, 0.002144912, 4.0052e-5, 0.002185446)), (7, (1, 0.001824086, 6.7813e-5, 0.001892695))]), (25520, 13, 0.002152643, [(7, (0, 0.001650464, 5.6869e-5, 0.001707656)), (6, (1, 0.002029994, 8.6576e-5, 0.002116972))]), (25536, 16, 0.002161512, [(8, (0, 0.002118809, 3.985e-5, 0.002158944)), (8, (1, 0.001976124, 5.7477e-5, 0.002034082))]), (25552, 15, 0.001475892, [(8, (0, 0.001432844, 4.1761e-5, 0.001474927)), (7, (1, 0.001177331, 5.3909e-5, 0.001231495))]), (25568, 14, 0.001912168, [(7, (0, 0.001881923, 2.8434e-5, 0.001910604)), (7, (1, 0.001246383, 4.5402e-5, 0.001292417))]), (25584, 4, 0.000451838, [(2, (0, 0.000417747, 3.3357e-5, 0.000451339)), (2, (1, 0.000338602, 5.6281e-5, 0.000395117))]), (25600, 16, 0.001409042, [(8, (0, 0.001379839, 2.8214e-5, 0.001408288)), (8, (1, 0.001309304, 3.4408e-5, 0.001343957))]), (25616, 15, 0.00187065, [(8, (0, 0.001847453, 2.1444e-5, 0.001869175)), (7, (1, 0.001256528, 2.7476e-5, 0.001284291))]), (25632, 15, 0.002261745, [(8, (0, 0.002230713, 2.9694e-5, 0.002260786)), (7, (1, 0.002018164, 6.0065e-5, 0.002078827))]), (25648, 15, 0.002655647, [(8, (0, 0.002189983, 2.773e-5, 0.002217957)), (7, (1, 0.002523144, 3.7783e-5, 0.00256138))]), (25664, 13, 0.001578741, [(7, (0, 0.001545206, 3.1304e-5, 0.001576907)), (6, (1, 0.001001795, 3.7609e-5, 0.00103968))]), (25680, 13, 0.001760076, [(7, (0, 0.001719996, 3.8569e-5, 0.00175884)), (6, (1, 0.00112123, 7.446e-5, 0.001196312))]), (25696, 15, 0.001384232, [(8, (0, 0.001356613, 2.6365e-5, 0.001383235)), (7, (1, 0.001254739, 5.7587e-5, 0.001312844))]), (25712, 13, 0.002156776, [(7, (0, 0.002114725, 3.9513e-5, 0.00215463)), (6, (1, 0.001347286, 6.6089e-5, 0.001413829))]), (25728, 16, 0.002201682, [(8, (0, 0.002157535, 3.9339e-5, 0.002197297)), (8, (1, 0.00208538, 7.3255e-5, 0.002159181))]), (25744, 15, 0.001761623, [(8, (0, 0.001693143, 6.6754e-5, 0.001760316)), (7, (1, 0.001329923, 8.0431e-5, 0.001410597))]), (25760, 13, 0.001219794, [(7, (0, 0.001180871, 3.7349e-5, 0.001218461)), (6, (1, 0.001077182, 6.0684e-5, 0.001138308))]), (25776, 16, 0.001952886, [(8, (0, 0.001922423, 2.8636e-5, 0.001951274)), (8, (1, 0.001833575, 4.2483e-5, 0.001876377))]), (25792, 16, 0.003263268, [(8, (0, 0.003210636, 3.8591e-5, 0.003249659)), (8, (1, 0.003174242, 8.5534e-5, 0.003260593))]), (25808, 15, 0.001854301, [(8, (0, 0.001390028, 2.6928e-5, 0.001417284)), (7, (1, 0.00170481, 3.8483e-5, 0.001743655))]), (25824, 11, 0.001936151, [(6, (0, 0.001870329, 3.6421e-5, 0.001907153)), (5, (1, 0.001866404, 6.087e-5, 0.001927722))]), (25840, 15, 0.001681949, [(8, (0, 0.001640302, 3.9985e-5, 0.001680552)), (7, (1, 0.001444636, 4.895e-5, 0.001494152))]), (25856, 10, 0.001839751, [(5, (0, 0.001806866, 3.0417e-5, 0.001837625)), (5, (1, 0.00133446, 4.9789e-5, 0.001384623))]), (25872, 16, 0.002558459, [(8, (0, 0.002333459, 2.9346e-5, 0.002363055)), (8, (1, 0.00245706, 5.0769e-5, 0.002508447))]), (25888, 13, 0.002648506, [(7, (0, 0.002600111, 4.437e-5, 0.002644773)), (6, (1, 0.002180887, 5.6588e-5, 0.002238056))]), (25904, 16, 0.002192085, [(8, (0, 0.001560851, 5.0556e-5, 0.001611734)), (8, (1, 0.002026798, 0.000111156, 0.002138386))]), (25920, 14, 0.00168803, [(7, (0, 0.001632919, 5.103e-5, 0.001684442)), (7, (1, 0.001576137, 6.7062e-5, 0.001643504))]), (25936, 16, 0.0029937, [(8, (0, 0.00279057, 5.7417e-5, 0.002848438)), (8, (1, 0.002883758, 6.6846e-5, 0.002951022))]), (25952, 12, 0.001624666, [(6, (0, 0.001384792, 4.0423e-5, 0.001425861)), (6, (1, 0.001462198, 5.8857e-5, 0.001521553))]), (25968, 16, 0.002181095, [(8, (0, 0.001875923, 3.5383e-5, 0.00191167)), (8, (1, 0.002049983, 5.5746e-5, 0.002106182))]), (25984, 15, 0.001868632, [(8, (0, 0.00182845, 3.6743e-5, 0.001865676)), (7, (1, 0.001672639, 5.456e-5, 0.00172747))]), (26000, 15, 0.001651545, [(8, (0, 0.001600732, 4.7483e-5, 0.001648494)), (7, (1, 0.001316484, 5.6011e-5, 0.001372913))]), (26016, 9, 0.001242708, [(5, (0, 0.001199424, 4.2332e-5, 0.001242004)), (4, (1, 0.000735066, 7.4983e-5, 0.000810382))]), (26032, 16, 0.002429344, [(8, (0, 0.001926807, 3.2941e-5, 0.001960014)), (8, (1, 0.002303804, 4.9966e-5, 0.002354294))]), (26048, 16, 0.003600965, [(8, (0, 0.00355957, 3.7068e-5, 0.003597113)), (8, (1, 0.003145655, 5.5886e-5, 0.00320213))]), (26064, 15, 0.00131262, [(8, (0, 0.001246384, 6.5009e-5, 0.001311668)), (7, (1, 0.001098565, 0.00010923, 0.001208254))]), (26080, 13, 0.001585753, [(7, (0, 0.001494153, 3.0729e-5, 0.001525139)), (6, (1, 0.001500447, 4.8522e-5, 0.001549355))]), (26096, 16, 0.002140061, [(8, (0, 0.002109346, 2.844e-5, 0.002138049)), (8, (1, 0.001758644, 3.494e-5, 0.00179388))]), (26112, 14, 0.00298753, [(7, (0, 0.00294729, 3.7474e-5, 0.002985002)), (7, (1, 0.002854162, 5.015e-5, 0.002904529))]), (26128, 12, 0.001532156, [(6, (0, 0.001416845, 3.6514e-5, 0.001453674)), (6, (1, 0.001464189, 4.4769e-5, 0.001509204))]), (26144, 13, 0.002553801, [(7, (0, 0.002525234, 2.6895e-5, 0.00255239)), (6, (1, 0.002363699, 5.2719e-5, 0.002416964))]), (26160, 15, 0.002643618, [(8, (0, 0.002604288, 3.7776e-5, 0.002642366)), (7, (1, 0.00156722, 6.9932e-5, 0.001637788))]), (26176, 16, 0.003004552, [(8, (0, 0.002142758, 2.4282e-5, 0.002167282)), (8, (1, 0.002796291, 0.000124514, 0.002921599))]), (26192, 16, 0.004055875, [(8, (0, 0.00401648, 3.6312e-5, 0.00405315)), (8, (1, 0.002955605, 4.3483e-5, 0.002999552))]), (26208, 16, 0.001771446, [(8, (0, 0.001648782, 3.6319e-5, 0.001685366)), (8, (1, 0.001659826, 6.9614e-5, 0.001729853))]), (26224, 16, 0.001449096, [(8, (0, 0.001345705, 3.6488e-5, 0.001382455)), (8, (1, 0.001376395, 4.9806e-5, 0.001426491))]), (26240, 15, 0.001729445, [(8, (0, 0.001696362, 2.7212e-5, 0.001724184)), (7, (1, 0.001226583, 3.4019e-5, 0.001260839))]), (26256, 14, 0.002330057, [(7, (0, 0.00207912, 6.6145e-5, 0.002145588)), (7, (1, 0.002195858, 0.000101673, 0.002297953))]), (26272, 16, 0.001852082, [(8, (0, 0.001814323, 3.399e-5, 0.001848806)), (8, (1, 0.001461868, 0.000101743, 0.001564195))]), (26288, 16, 0.001771408, [(8, (0, 0.001738187, 3.1765e-5, 0.001770234)), (8, (1, 0.001709596, 5.0347e-5, 0.001760307))]), (26304, 15, 0.00169881, [(8, (0, 0.001664959, 3.0836e-5, 0.001696074)), (7, (1, 0.001342361, 4.7058e-5, 0.001389815))]), (26320, 16, 0.002914199, [(8, (0, 0.002270747, 4.7147e-5, 0.002318473)), (8, (1, 0.002748644, 7.6231e-5, 0.002825297))]), (26336, 14, 0.00264012, [(7, (0, 0.002515386, 2.9683e-5, 0.002545344)), (7, (1, 0.00258033, 3.5863e-5, 0.002616426))]), (26352, 15, 0.002654805, [(8, (0, 0.002622387, 2.9153e-5, 0.002651835)), (7, (1, 0.001769271, 6.0931e-5, 0.001830862))]), (26368, 15, 0.002051727, [(8, (0, 0.002023951, 2.6732e-5, 0.00205102)), (7, (1, 0.001399916, 7.4306e-5, 0.001474676))]), (26384, 14, 0.002539523, [(7, (0, 0.002512829, 2.5487e-5, 0.00253857)), (7, (1, 0.002473477, 4.7397e-5, 0.002521396))]), (26400, 13, 0.002381256, [(7, (0, 0.002355045, 2.1276e-5, 0.002376864)), (6, (1, 0.001555453, 3.5941e-5, 0.001591677))]), (26416, 15, 0.002573919, [(8, (0, 0.002519876, 4.9508e-5, 0.002569842)), (7, (1, 0.002171988, 0.000128689, 0.002301312))]), (26432, 15, 0.002333791, [(8, (0, 0.002287605, 4.2814e-5, 0.002331057)), (7, (1, 0.0019018, 9.8071e-5, 0.002000208))]), (26448, 9, 0.000975887, [(5, (0, 0.00093606, 3.8537e-5, 0.000974961)), (4, (1, 0.000654867, 5.9535e-5, 0.000714799))]), (26464, 16, 0.001652294, [(8, (0, 0.001621953, 2.4813e-5, 0.001647177)), (8, (1, 0.001523379, 3.421e-5, 0.00155807))]), (26480, 15, 0.002734899, [(8, (0, 0.002669226, 6.3389e-5, 0.002732926)), (7, (1, 0.00252299, 9.8785e-5, 0.002622349))]), (26496, 13, 0.003069724, [(7, (0, 0.003029349, 3.8224e-5, 0.003067894)), (6, (1, 0.002496186, 6.0065e-5, 0.002556701))]), (26512, 16, 0.001750377, [(8, (0, 0.001715472, 2.9594e-5, 0.00174534)), (8, (1, 0.00159748, 9.8311e-5, 0.001696231))]), (26528, 12, 0.001278352, [(6, (0, 0.001077567, 5.3469e-5, 0.001131283)), (6, (1, 0.001165745, 8.5589e-5, 0.001251724))]), (26544, 11, 0.001281796, [(6, (0, 0.001256745, 2.4213e-5, 0.001281207)), (5, (1, 0.001002034, 3.9085e-5, 0.001041513))]), (26560, 13, 0.0017287, [(7, (0, 0.001690772, 3.2423e-5, 0.001724242)), (6, (1, 0.001304136, 5.1624e-5, 0.001356441))]), (26576, 16, 0.001972521, [(8, (0, 0.001698199, 6.2133e-5, 0.001760606)), (8, (1, 0.001853395, 8.1632e-5, 0.00193539))]), (26592, 16, 0.001645527, [(8, (0, 0.001453387, 4.2237e-5, 0.00149596)), (8, (1, 0.001554764, 5.7435e-5, 0.001612534))]), (26608, 16, 0.00143068, [(8, (0, 0.001385495, 4.373e-5, 0.001429488)), (8, (1, 0.001301184, 5.1783e-5, 0.001353259))]), (26624, 15, 0.001685399, [(8, (0, 0.001648727, 3.5401e-5, 0.001684412)), (7, (1, 0.001291781, 7.1302e-5, 0.001363563))]), (26640, 15, 0.001813451, [(8, (0, 0.001361729, 3.8361e-5, 0.001400348)), (7, (1, 0.001654964, 8.9135e-5, 0.001745084))]), (26656, 16, 0.001661151, [(8, (0, 0.001621137, 3.8305e-5, 0.001659705)), (8, (1, 0.001294147, 4.615e-5, 0.001340682))]), (26672, 14, 0.001902347, [(7, (0, 0.001774697, 3.6079e-5, 0.001811197)), (7, (1, 0.001807215, 6.3521e-5, 0.001871214))]), (26688, 15, 0.001800083, [(8, (0, 0.001548042, 4.9732e-5, 0.001598095)), (7, (1, 0.0016975, 5.9233e-5, 0.00175709))]), (26704, 5, 0.000723436, [(3, (0, 0.000689429, 3.239e-5, 0.000722135)), (2, (1, 0.000347962, 4.498e-5, 0.000393167))]), (26720, 13, 0.002484647, [(7, (0, 0.002451466, 2.9456e-5, 0.002481314)), (6, (1, 0.00206924, 5.0335e-5, 0.002120105))]), (26736, 15, 0.001357072, [(8, (0, 0.001317538, 3.8401e-5, 0.001356267)), (7, (1, 0.001029677, 5.2735e-5, 0.00108268))]), (26752, 14, 0.001600752, [(7, (0, 0.00156642, 3.2752e-5, 0.001599412)), (7, (1, 0.00152418, 4.2833e-5, 0.001567545))]), (26768, 13, 0.001811517, [(7, (0, 0.001770206, 4.0402e-5, 0.00181084)), (6, (1, 0.001699937, 6.3754e-5, 0.001764012))]), (26784, 15, 0.001943068, [(8, (0, 0.001516904, 2.8181e-5, 0.001545328)), (7, (1, 0.001848253, 4.3901e-5, 0.001892642))]), (26800, 5, 0.000653606, [(3, (0, 0.00060483, 4.7949e-5, 0.000653035)), (2, (1, 0.000412152, 6.6912e-5, 0.000479309))]), (26816, 16, 0.003212782, [(8, (0, 0.003182193, 2.6415e-5, 0.003208991)), (8, (1, 0.00219379, 3.2674e-5, 0.002226712))]), (26832, 14, 0.001401367, [(7, (0, 0.001351148, 4.9058e-5, 0.001400455)), (7, (1, 0.001297133, 7.264e-5, 0.001370139))]), (26848, 13, 0.002437729, [(7, (0, 0.002405128, 3.0189e-5, 0.002435565)), (6, (1, 0.002064195, 5.4853e-5, 0.002119468))]), (26864, 14, 0.001884326, [(7, (0, 0.001713931, 2.8859e-5, 0.00174309)), (7, (1, 0.001786356, 5.8963e-5, 0.001845902))]), (26880, 14, 0.001947419, [(7, (0, 0.0016219, 4.5131e-5, 0.001667359)), (7, (1, 0.001865424, 5.5481e-5, 0.001921207))]), (26896, 12, 0.001707758, [(6, (0, 0.001674684, 2.9282e-5, 0.001704275)), (6, (1, 0.001390728, 4.5146e-5, 0.001436347))]), (26912, 13, 0.001841978, [(7, (0, 0.001801967, 3.7148e-5, 0.001839381)), (6, (1, 0.001544975, 5.4584e-5, 0.001599851))]), (26928, 14, 0.002363659, [(7, (0, 0.002286838, 6.749e-5, 0.002354584)), (7, (1, 0.002284773, 7.65e-5, 0.002361505))]), (26944, 15, 0.002018223, [(8, (0, 0.001619775, 6.0784e-5, 0.001680833)), (7, (1, 0.001857356, 9.9512e-5, 0.001957503))]), (26960, 14, 0.001812517, [(7, (0, 0.001777797, 3.2134e-5, 0.001810276)), (7, (1, 0.001193228, 4.6315e-5, 0.001239882))]), (26976, 15, 0.001961197, [(8, (0, 0.00191773, 4.1703e-5, 0.001959709)), (7, (1, 0.001697947, 7.335e-5, 0.001771794))]), (26992, 12, 0.001776643, [(6, (0, 0.001747624, 2.6624e-5, 0.001774608)), (6, (1, 0.001570725, 9.0486e-5, 0.001661676))]), (27008, 16, 0.00159654, [(8, (0, 0.001563287, 2.9874e-5, 0.001593446)), (8, (1, 0.001496893, 4.1891e-5, 0.001539054))]), (27024, 16, 0.001580254, [(8, (0, 0.001334731, 3.015e-5, 0.001365136)), (8, (1, 0.001478992, 5.9027e-5, 0.001538409))]), (27040, 14, 0.001780405, [(7, (0, 0.001463116, 4.1077e-5, 0.001504494)), (7, (1, 0.001677372, 5.3621e-5, 0.001731314))]), (27056, 15, 0.001572355, [(8, (0, 0.001529451, 4.1745e-5, 0.001571473)), (7, (1, 0.001290067, 5.7067e-5, 0.001347412))]), (27072, 16, 0.001160943, [(8, (0, 0.001139084, 1.8074e-5, 0.00115757)), (8, (1, 0.001113004, 2.4866e-5, 0.001138098))]), (27088, 15, 0.001446205, [(8, (0, 0.00139691, 4.7043e-5, 0.001444227)), (7, (1, 0.00127219, 5.3928e-5, 0.001326343))]), (27104, 8, 0.000781526, [(4, (0, 0.000673907, 3.3891e-5, 0.000708067)), (4, (1, 0.000677932, 5.6443e-5, 0.000734787))]), (27120, 15, 0.001413015, [(8, (0, 0.001384211, 2.5411e-5, 0.00140989)), (7, (1, 0.001098142, 4.4681e-5, 0.001143089))]), (27136, 14, 0.00146357, [(7, (0, 0.001218411, 6.1578e-5, 0.001280521)), (7, (1, 0.001359528, 6.7358e-5, 0.001427397))]), (27152, 16, 0.00193761, [(8, (0, 0.001896254, 3.9939e-5, 0.001936489)), (8, (1, 0.001841215, 5.6655e-5, 0.001898471))]), (27168, 16, 0.001788457, [(8, (0, 0.001474957, 4.0887e-5, 0.00151611)), (8, (1, 0.00165038, 6.9864e-5, 0.001720688))]), (27184, 16, 0.001622906, [(8, (0, 0.001589676, 3.123e-5, 0.001621186)), (8, (1, 0.001308925, 4.7963e-5, 0.001357172))]), (27200, 15, 0.001281884, [(8, (0, 0.001253273, 2.7315e-5, 0.001280822)), (7, (1, 0.001136279, 4.0572e-5, 0.001177399))]), (27216, 15, 0.001191811, [(8, (0, 0.001167047, 2.3187e-5, 0.001190447)), (7, (1, 0.001031752, 4.305e-5, 0.001075209))]), (27232, 15, 0.001318751, [(8, (0, 0.001228643, 2.5682e-5, 0.001254526)), (7, (1, 0.001263721, 3.3015e-5, 0.001297041))]), (27248, 16, 0.00193499, [(8, (0, 0.001552513, 2.4797e-5, 0.001577541)), (8, (1, 0.001861251, 3.7915e-5, 0.001899572))]), (27264, 13, 0.002084, [(7, (0, 0.002051637, 3.1234e-5, 0.002083144)), (6, (1, 0.001618895, 8.3787e-5, 0.001703108))]), (27280, 14, 0.001870061, [(7, (0, 0.001845668, 2.182e-5, 0.00186774)), (7, (1, 0.001685032, 3.5901e-5, 0.001721483))]), (27296, 16, 0.001652169, [(8, (0, 0.001622724, 2.833e-5, 0.001651293)), (8, (1, 0.001584527, 4.9008e-5, 0.001633884))]), (27312, 14, 0.001884044, [(7, (0, 0.001483425, 2.1766e-5, 0.001505576)), (7, (1, 0.0018155, 3.4928e-5, 0.001850767))]), (27328, 16, 0.001649001, [(8, (0, 0.001618716, 2.8223e-5, 0.001647341)), (8, (1, 0.001445428, 4.236e-5, 0.001488183))]), (27344, 16, 0.001523349, [(8, (0, 0.001491622, 3.0183e-5, 0.001522097)), (8, (1, 0.001402239, 4.0473e-5, 0.001442995))]), (27360, 16, 0.002631632, [(8, (0, 0.001896141, 3.2861e-5, 0.001929242)), (8, (1, 0.00255553, 4.7862e-5, 0.002603681))]), (27376, 16, 0.001631257, [(8, (0, 0.001439149, 2.0449e-5, 0.001459839)), (8, (1, 0.001515097, 7.5004e-5, 0.001590468))]), (27392, 16, 0.001375425, [(8, (0, 0.001350329, 2.3952e-5, 0.00137453)), (8, (1, 0.001333563, 3.7843e-5, 0.001371689))]), (27408, 14, 0.001458669, [(7, (0, 0.001307956, 2.2269e-5, 0.001330466)), (7, (1, 0.001370067, 2.7258e-5, 0.001397683))]), (27424, 15, 0.001810602, [(8, (0, 0.001553784, 4.3972e-5, 0.001598163)), (7, (1, 0.001723509, 5.9937e-5, 0.00178399))]), (27440, 15, 0.001613217, [(8, (0, 0.001581206, 3.0789e-5, 0.001612282)), (7, (1, 0.001355163, 3.8127e-5, 0.001393564))]), (27456, 15, 0.001881714, [(8, (0, 0.001854965, 2.4806e-5, 0.001880083)), (7, (1, 0.001734243, 3.4717e-5, 0.001769305))]), (27472, 14, 0.001578531, [(7, (0, 0.001318061, 3.1761e-5, 0.001350061)), (7, (1, 0.001478078, 5.0746e-5, 0.001529247))]), (27488, 14, 0.001300924, [(7, (0, 0.001210329, 3.0175e-5, 0.001240949)), (7, (1, 0.001218983, 4.0087e-5, 0.001259331))]), (27504, 15, 0.00192847, [(8, (0, 0.001897443, 2.9465e-5, 0.001927202)), (7, (1, 0.001472994, 3.5977e-5, 0.001509185))]), (27520, 12, 0.001561402, [(6, (0, 0.001528581, 3.1014e-5, 0.001559873)), (6, (1, 0.001428313, 4.914e-5, 0.001477927))]), (27536, 14, 0.002244506, [(7, (0, 0.001771491, 3.1514e-5, 0.001803222)), (7, (1, 0.0021671, 4.4463e-5, 0.002211848))]), (27552, 12, 0.001151646, [(6, (0, 0.001126873, 2.3775e-5, 0.00115089)), (6, (1, 0.001000705, 3.0218e-5, 0.001031129))]), (27568, 14, 0.001998641, [(7, (0, 0.001970988, 2.6057e-5, 0.001997306)), (7, (1, 0.001494991, 3.4933e-5, 0.001530183))]), (27584, 12, 0.001493709, [(6, (0, 0.000958129, 1.9625e-5, 0.000978016)), (6, (1, 0.00143136, 3.6855e-5, 0.00146848))]), (27600, 15, 0.002375645, [(8, (0, 0.00234392, 2.8808e-5, 0.002373314)), (7, (1, 0.002192814, 3.4995e-5, 0.002228079))]), (27616, 12, 0.001403868, [(6, (0, 0.001371889, 3.0865e-5, 0.001403015)), (6, (1, 0.000940351, 5.0407e-5, 0.000990962))]), (27632, 14, 0.00251992, [(7, (0, 0.001675398, 3.1666e-5, 0.001707316)), (7, (1, 0.002392869, 9.0441e-5, 0.002483805))]), (27648, 12, 0.00147047, [(6, (0, 0.000912736, 2.7698e-5, 0.000940673)), (6, (1, 0.001340022, 4.5412e-5, 0.001385886))]), (27664, 14, 0.00207492, [(7, (0, 0.001759644, 3.0681e-5, 0.001790678)), (7, (1, 0.001994217, 3.807e-5, 0.002032541))]), (27680, 15, 0.002260235, [(8, (0, 0.002069094, 3.1008e-5, 0.002100377)), (7, (1, 0.002204371, 3.724e-5, 0.002241827))]), (27696, 15, 0.002235759, [(8, (0, 0.002199023, 3.5044e-5, 0.002234487)), (7, (1, 0.001833991, 5.8454e-5, 0.001892939))]), (27712, 12, 0.00172115, [(6, (0, 0.001689911, 2.9571e-5, 0.001719723)), (6, (1, 0.001503514, 4.0732e-5, 0.001544539))]), (27728, 15, 0.002740459, [(8, (0, 0.001812568, 2.8811e-5, 0.001841611)), (7, (1, 0.002656502, 4.6379e-5, 0.002703383))]), (27744, 16, 0.002032431, [(8, (0, 0.001530254, 2.8379e-5, 0.001558892)), (8, (1, 0.001920104, 8.1623e-5, 0.00200221))]), (27760, 15, 0.001883055, [(8, (0, 0.0018464, 3.415e-5, 0.00188097)), (7, (1, 0.001529519, 4.0988e-5, 0.001570772))]), (27776, 16, 0.001440398, [(8, (0, 0.001406622, 3.2092e-5, 0.00143895)), (8, (1, 0.001259926, 3.8761e-5, 0.001298965))]), (27792, 14, 0.001307742, [(7, (0, 0.001164542, 2.6279e-5, 0.001191054)), (7, (1, 0.001226282, 5.4558e-5, 0.001281058))]), (27808, 14, 0.002104996, [(7, (0, 0.00184812, 3.1615e-5, 0.001879974)), (7, (1, 0.002027775, 4.9612e-5, 0.002077763))]), (27824, 16, 0.00175297, [(8, (0, 0.001574747, 2.9153e-5, 0.001604196)), (8, (1, 0.001676238, 4.5927e-5, 0.001722523))]), (27840, 12, 0.001249998, [(6, (0, 0.000993031, 2.9864e-5, 0.001023201)), (6, (1, 0.001190052, 4.0448e-5, 0.001230762))]), (27856, 12, 0.001209309, [(6, (0, 0.000935262, 2.0547e-5, 0.000956204)), (6, (1, 0.001113909, 2.6906e-5, 0.001141126))]), (27872, 14, 0.001383355, [(7, (0, 0.001347222, 3.5145e-5, 0.001382606)), (7, (1, 0.001197504, 4.6175e-5, 0.001243906))]), (27888, 15, 0.001850437, [(8, (0, 0.001825639, 2.3061e-5, 0.001848998)), (7, (1, 0.00146167, 3.7627e-5, 0.001499719))]), (27904, 16, 0.002901433, [(8, (0, 0.001918348, 3.0513e-5, 0.001949168)), (8, (1, 0.002798347, 6.8934e-5, 0.002868331))]), (27920, 16, 0.003013938, [(8, (0, 0.002979378, 3.1788e-5, 0.00301166)), (8, (1, 0.00213588, 7.5681e-5, 0.002212371))]), (27936, 16, 0.003141815, [(8, (0, 0.002567545, 3.6465e-5, 0.002604297)), (8, (1, 0.003059138, 5.5457e-5, 0.003114956))]), (27952, 16, 0.00224404, [(8, (0, 0.002211843, 3.069e-5, 0.002242762)), (8, (1, 0.002130144, 5.1313e-5, 0.002181928))]), (27968, 16, 0.002278883, [(8, (0, 0.00210481, 2.6372e-5, 0.002131409)), (8, (1, 0.002207343, 4.3306e-5, 0.002251122))]), (27984, 16, 0.001625673, [(8, (0, 0.001600913, 2.3412e-5, 0.001624587)), (8, (1, 0.001407042, 3.0879e-5, 0.001438224))]), (28000, 13, 0.001485238, [(7, (0, 0.001461825, 2.205e-5, 0.001484291)), (6, (1, 0.00086827, 4.0015e-5, 0.000908787))]), (28016, 16, 0.001336557, [(8, (0, 0.001312064, 1.7818e-5, 0.00133012)), (8, (1, 0.001259775, 7.508e-5, 0.0013353))]), (28032, 16, 0.001764249, [(8, (0, 0.001744678, 1.8355e-5, 0.001763282)), (8, (1, 0.001442201, 3.2486e-5, 0.001475061))]), (28048, 15, 0.00316116, [(8, (0, 0.002040411, 2.9437e-5, 0.002070097)), (7, (1, 0.003059419, 4.6493e-5, 0.003106347))]), (28064, 15, 0.001438595, [(8, (0, 0.001406573, 3.0865e-5, 0.001437748)), (7, (1, 0.001162552, 4.5641e-5, 0.001208539))]), (28080, 12, 0.001282457, [(6, (0, 0.001083081, 3.2156e-5, 0.001115541)), (6, (1, 0.001185383, 5.011e-5, 0.001235951))]), (28096, 13, 0.00139389, [(7, (0, 0.001360999, 2.9998e-5, 0.001391342)), (6, (1, 0.001032178, 4.4821e-5, 0.001077273))]), (28112, 12, 0.001143758, [(6, (0, 0.001083722, 3.7201e-5, 0.001121299)), (6, (1, 0.001080707, 5.4011e-5, 0.001134995))]), (28128, 16, 0.001752328, [(8, (0, 0.001720312, 3.1018e-5, 0.001751564)), (8, (1, 0.001608789, 4.6629e-5, 0.001655974))]), (28144, 16, 0.001864838, [(8, (0, 0.0016158, 2.2164e-5, 0.001638313)), (8, (1, 0.001801485, 3.53e-5, 0.001837188))]), (28160, 15, 0.001408953, [(8, (0, 0.001370072, 3.7866e-5, 0.001408236)), (7, (1, 0.001286901, 4.4991e-5, 0.001332135))]), (28176, 12, 0.001157422, [(6, (0, 0.001131213, 2.4838e-5, 0.001156301)), (6, (1, 0.001072433, 3.6691e-5, 0.001109375))]), (28192, 15, 0.001407214, [(8, (0, 0.001377918, 2.7671e-5, 0.001405838)), (7, (1, 0.001145383, 3.1754e-5, 0.001177347))]), (28208, 15, 0.00188389, [(8, (0, 0.001855496, 2.7322e-5, 0.001883121)), (7, (1, 0.001612065, 3.8497e-5, 0.00165093))]), (28224, 13, 0.001251231, [(7, (0, 0.00122618, 2.3522e-5, 0.001249936)), (6, (1, 0.001117215, 6.319e-5, 0.001180788))]), (28240, 15, 0.001307689, [(8, (0, 0.001288149, 1.8489e-5, 0.001306876)), (7, (1, 0.00110671, 3.843e-5, 0.001145557))]), (28256, 15, 0.002007952, [(8, (0, 0.00197888, 2.7888e-5, 0.002007066)), (7, (1, 0.001727078, 5.5637e-5, 0.001783162))]), (28272, 14, 0.001344339, [(7, (0, 0.001315557, 2.778e-5, 0.001343599)), (7, (1, 0.00127627, 4.8161e-5, 0.001324851))]), (28288, 16, 0.001586108, [(8, (0, 0.001560415, 2.4124e-5, 0.001584786)), (8, (1, 0.001513156, 3.9118e-5, 0.001552705))]), (28304, 12, 0.001341471, [(6, (0, 0.001312547, 2.7436e-5, 0.001340223)), (6, (1, 0.001139655, 5.6597e-5, 0.001196707))]), (28320, 15, 0.001351998, [(8, (0, 0.001331069, 1.9952e-5, 0.001351244)), (7, (1, 0.001132726, 2.8923e-5, 0.001161903))]), (28336, 16, 0.001347962, [(8, (0, 0.001326467, 2.0565e-5, 0.001347296)), (8, (1, 0.001240097, 2.7503e-5, 0.001267837))]), (28352, 13, 0.001260873, [(7, (0, 0.001239095, 2.0768e-5, 0.001260107)), (6, (1, 0.000977811, 5.1013e-5, 0.001029203))]), (28368, 16, 0.00201398, [(8, (0, 0.001504565, 2.2682e-5, 0.00152749)), (8, (1, 0.001939251, 3.1658e-5, 0.001971167))]), (28384, 16, 0.001654478, [(8, (0, 0.001624981, 2.7866e-5, 0.001653143)), (8, (1, 0.001559919, 3.501e-5, 0.001595278))]), (28400, 15, 0.001715479, [(8, (0, 0.001684256, 2.993e-5, 0.001714486)), (7, (1, 0.001418037, 4.8971e-5, 0.001467383))]), (28416, 11, 0.0022569, [(6, (0, 0.002223203, 3.2347e-5, 0.002255785)), (5, (1, 0.000858033, 5.1266e-5, 0.000909654))]), (28432, 16, 0.001941885, [(8, (0, 0.001479835, 2.6981e-5, 0.001507064)), (8, (1, 0.001854313, 4.8658e-5, 0.001903421))]), (28448, 16, 0.001459273, [(8, (0, 0.001428513, 2.9411e-5, 0.001458213)), (8, (1, 0.001346901, 4.1531e-5, 0.001388723))]), (28464, 15, 0.001731609, [(8, (0, 0.001697385, 3.2386e-5, 0.001730053)), (7, (1, 0.001447281, 4.8264e-5, 0.001495907))]), (28480, 16, 0.001584511, [(8, (0, 0.00155575, 2.7278e-5, 0.001583272)), (8, (1, 0.00136537, 5.987e-5, 0.00142562))]), (28496, 15, 0.00196858, [(8, (0, 0.00191636, 4.9975e-5, 0.001966591)), (7, (1, 0.001613616, 0.000264016, 0.001878319))]), (28512, 15, 0.001804423, [(8, (0, 0.001777275, 2.4285e-5, 0.001801825)), (7, (1, 0.001543342, 3.3784e-5, 0.001577458))]), (28528, 16, 0.001821832, [(8, (0, 0.001698097, 3.7469e-5, 0.00173604)), (8, (1, 0.001711606, 5.6167e-5, 0.001768286))]), (28544, 15, 0.002669595, [(8, (0, 0.002630725, 3.5644e-5, 0.002666854)), (7, (1, 0.001719392, 4.4298e-5, 0.001764178))]), (28560, 16, 0.003928696, [(8, (0, 0.00388483, 4.0842e-5, 0.003926275)), (8, (1, 0.003560637, 6.3079e-5, 0.003624232))]), (28576, 15, 0.00192723, [(8, (0, 0.001878641, 4.7341e-5, 0.001926243)), (7, (1, 0.001536353, 0.000110109, 0.001646869))]), (28592, 16, 0.001670827, [(8, (0, 0.001555417, 2.5937e-5, 0.001581677)), (8, (1, 0.001565359, 4.7368e-5, 0.001613121))]), (28608, 12, 0.001339775, [(6, (0, 0.001306897, 3.1502e-5, 0.001338698)), (6, (1, 0.001010957, 3.7251e-5, 0.001048643))]), (28624, 13, 0.00142337, [(7, (0, 0.001394896, 2.6349e-5, 0.00142152)), (6, (1, 0.001164974, 3.9151e-5, 0.001204521))]), (28640, 16, 0.001262798, [(8, (0, 0.001228814, 3.2576e-5, 0.001261621)), (8, (1, 0.001152263, 5.0646e-5, 0.001203289))]), (28656, 16, 0.001319178, [(8, (0, 0.001291812, 2.4414e-5, 0.001316512)), (8, (1, 0.001132378, 4.3673e-5, 0.00117652))]), (28672, 15, 0.001424, [(8, (0, 0.001381861, 3.9566e-5, 0.001421894)), (7, (1, 0.001113286, 5.4371e-5, 0.001167922))]), (28688, 16, 0.001860782, [(8, (0, 0.001772894, 3.1668e-5, 0.001805081)), (8, (1, 0.001787829, 3.9668e-5, 0.001827765))]), (28704, 16, 0.002633558, [(8, (0, 0.002596075, 3.3973e-5, 0.002630413)), (8, (1, 0.002231269, 3.9155e-5, 0.002270651))]), (28720, 16, 0.001407339, [(8, (0, 0.001363454, 3.7866e-5, 0.001402079)), (8, (1, 0.001290309, 5.9431e-5, 0.001350141))]), (28736, 16, 0.001368752, [(8, (0, 0.001311426, 4.6221e-5, 0.001358031)), (8, (1, 0.001292281, 7.3909e-5, 0.001366762))]), (28752, 15, 0.00231913, [(8, (0, 0.002277575, 3.8754e-5, 0.002316614)), (7, (1, 0.001435106, 5.9117e-5, 0.00149475))]), (28768, 16, 0.00171288, [(8, (0, 0.001675459, 3.6144e-5, 0.00171187)), (8, (1, 0.001461537, 5.7522e-5, 0.001519413))]), (28784, 16, 0.001769467, [(8, (0, 0.001576596, 2.5586e-5, 0.001602504)), (8, (1, 0.00169878, 4.0365e-5, 0.001739649))]), (28800, 13, 0.002233847, [(7, (0, 0.002192068, 3.832e-5, 0.00223087)), (6, (1, 0.001512248, 5.7791e-5, 0.001570438))]), (28816, 16, 0.001681778, [(8, (0, 0.001624483, 5.4546e-5, 0.001679315)), (8, (1, 0.001596181, 8.2607e-5, 0.001679107))]), (28832, 13, 0.001432901, [(7, (0, 0.001396763, 3.3117e-5, 0.001430185)), (6, (1, 0.000984747, 5.9271e-5, 0.001044444))]), (28848, 16, 0.002189644, [(8, (0, 0.00149905, 3.8541e-5, 0.00153794)), (8, (1, 0.00205161, 5.9997e-5, 0.002112026))]), (28864, 16, 0.002051846, [(8, (0, 0.002013258, 3.7128e-5, 0.002050661)), (8, (1, 0.001875583, 5.6706e-5, 0.00193274))]), (28880, 16, 0.001832965, [(8, (0, 0.001791932, 3.8888e-5, 0.001831063)), (8, (1, 0.001677524, 5.6541e-5, 0.00173444))]), (28896, 11, 0.001244408, [(6, (0, 0.001209876, 3.3411e-5, 0.001243516)), (5, (1, 0.001133587, 6.2607e-5, 0.001196608))]), (28912, 16, 0.001658604, [(8, (0, 0.001409725, 2.27e-5, 0.001432656)), (8, (1, 0.001563856, 3.2781e-5, 0.001596976))]), (28928, 15, 0.003407034, [(8, (0, 0.003373649, 2.949e-5, 0.003403553)), (7, (1, 0.001837177, 3.5736e-5, 0.001873266))]), (28944, 15, 0.001920094, [(8, (0, 0.00186477, 5.1314e-5, 0.001916569)), (7, (1, 0.001312368, 0.000123785, 0.001436967))]), (28960, 13, 0.001462905, [(7, (0, 0.001418873, 4.198e-5, 0.001461137)), (6, (1, 0.001225857, 7.4923e-5, 0.001301157))]), (28976, 15, 0.002110502, [(8, (0, 0.002052749, 5.5183e-5, 0.00210818)), (7, (1, 0.001242519, 8.3625e-5, 0.001326628))]), (28992, 16, 0.001806521, [(8, (0, 0.001764887, 3.7823e-5, 0.001803044)), (8, (1, 0.001524765, 7.7947e-5, 0.001603463))]), (29008, 13, 0.001617669, [(7, (0, 0.001559701, 5.4601e-5, 0.00161464)), (6, (1, 0.001317541, 8.756e-5, 0.001405562))]), (29024, 16, 0.002056267, [(8, (0, 0.001675644, 4.2379e-5, 0.001718469)), (8, (1, 0.001964681, 6.3445e-5, 0.002028553))]), (29040, 8, 0.000921097, [(4, (0, 0.00088705, 3.271e-5, 0.000920047)), (4, (1, 0.000711675, 4.0555e-5, 0.000752471))]), (29056, 16, 0.001853384, [(8, (0, 0.001816055, 3.4119e-5, 0.001850708)), (8, (1, 0.001593017, 6.3283e-5, 0.001656697))]), (29072, 16, 0.002237043, [(8, (0, 0.002053447, 4.1179e-5, 0.002095065)), (8, (1, 0.002079539, 9.2647e-5, 0.002172601))]), (29088, 16, 0.002008419, [(8, (0, 0.001810818, 2.2508e-5, 0.001833583)), (8, (1, 0.001904963, 3.2104e-5, 0.001937305))]), (29104, 14, 0.001770838, [(7, (0, 0.001740623, 2.7837e-5, 0.001768826)), (7, (1, 0.001167738, 3.7921e-5, 0.001206312))]), (29120, 15, 0.001985713, [(8, (0, 0.001712839, 3.2284e-5, 0.001745378)), (7, (1, 0.001834113, 0.000104021, 0.001938904))]), (29136, 16, 0.002220873, [(8, (0, 0.002172671, 4.4807e-5, 0.002217861)), (8, (1, 0.00158876, 5.8928e-5, 0.001648073))]), (29152, 16, 0.001944033, [(8, (0, 0.001899193, 4.3105e-5, 0.001942621)), (8, (1, 0.00173484, 6.5693e-5, 0.00180102))]), (29168, 16, 0.002264403, [(8, (0, 0.002223492, 3.9292e-5, 0.002263088)), (8, (1, 0.00178314, 7.286e-5, 0.001856452))]), (29184, 16, 0.001536774, [(8, (0, 0.001510554, 2.4969e-5, 0.001535743)), (8, (1, 0.001325094, 9.7712e-5, 0.001423229))]), (29200, 14, 0.001691572, [(7, (0, 0.00111574, 2.0548e-5, 0.001136528)), (7, (1, 0.001563596, 4.3352e-5, 0.001607321))]), (29216, 13, 0.002260871, [(7, (0, 0.002082699, 5.7106e-5, 0.002140348)), (6, (1, 0.002135132, 8.4207e-5, 0.002219835))]), (29232, 16, 0.002110855, [(8, (0, 0.001688452, 4.9033e-5, 0.00173783)), (8, (1, 0.001999671, 6.8079e-5, 0.002068242))]), (29248, 9, 0.000904407, [(5, (0, 0.00086666, 3.6693e-5, 0.000903656)), (4, (1, 0.00070772, 6.3274e-5, 0.00077143))]), (29264, 13, 0.001249632, [(7, (0, 0.001222168, 2.6407e-5, 0.001248806)), (6, (1, 0.000935333, 3.3475e-5, 0.000969243))]), (29280, 16, 0.001689488, [(8, (0, 0.001622355, 6.3691e-5, 0.001686598)), (8, (1, 0.001521181, 7.2607e-5, 0.001594045))]), (29296, 16, 0.002495261, [(8, (0, 0.00244984, 4.2397e-5, 0.002492712)), (8, (1, 0.002035671, 6.8096e-5, 0.002104399))]), (29312, 16, 0.002016492, [(8, (0, 0.001506924, 4.359e-5, 0.001550785)), (8, (1, 0.001884885, 6.5948e-5, 0.001951232))]), (29328, 14, 0.001536402, [(7, (0, 0.00149637, 3.4617e-5, 0.001531272)), (7, (1, 0.00142345, 5.2088e-5, 0.00147591))]), (29344, 13, 0.0020528, [(7, (0, 0.00199922, 5.152e-5, 0.002051135)), (6, (1, 0.001781332, 7.5603e-5, 0.001857398))]), (29360, 16, 0.002100191, [(8, (0, 0.001784613, 3.1922e-5, 0.001816781)), (8, (1, 0.001965837, 9.1184e-5, 0.002057439))]), (29376, 13, 0.001591151, [(7, (0, 0.001554217, 3.4813e-5, 0.00158934)), (6, (1, 0.001337688, 5.4844e-5, 0.001392957))]), (29392, 14, 0.001970142, [(7, (0, 0.001932822, 3.3313e-5, 0.001966646)), (7, (1, 0.001745851, 5.9122e-5, 0.001805425))]), (29408, 15, 0.001778332, [(8, (0, 0.001736485, 4.0474e-5, 0.001777228)), (7, (1, 0.001424518, 6.8918e-5, 0.001493901))]), (29424, 14, 0.002015929, [(7, (0, 0.00198021, 3.192e-5, 0.002012607)), (7, (1, 0.001695518, 8.6671e-5, 0.001782627))]), (29440, 10, 0.001129609, [(5, (0, 0.001065914, 4.8212e-5, 0.001114606)), (5, (1, 0.001057607, 7.0017e-5, 0.001128008))]), (29456, 11, 0.001675711, [(6, (0, 0.001616188, 5.6992e-5, 0.001673648)), (5, (1, 0.001405203, 7.0439e-5, 0.001476299))]), (29472, 16, 0.002107537, [(8, (0, 0.002068257, 3.5025e-5, 0.002103572)), (8, (1, 0.001830782, 5.0552e-5, 0.001881921))]), (29488, 12, 0.001218033, [(6, (0, 0.001154065, 4.4361e-5, 0.00119871)), (6, (1, 0.001153903, 6.2293e-5, 0.001216629))]), (29504, 9, 0.002237603, [(5, (0, 0.002203036, 3.1144e-5, 0.002234463)), (4, (1, 0.001701209, 3.9052e-5, 0.001740921))]), (29520, 15, 0.002327041, [(8, (0, 0.002274789, 4.981e-5, 0.002324975)), (7, (1, 0.001603712, 7.1826e-5, 0.001675986))]), (29536, 15, 0.00194355, [(8, (0, 0.001902175, 3.9454e-5, 0.001942038)), (7, (1, 0.001065273, 6.7664e-5, 0.001133378))]), (29552, 15, 0.001448607, [(8, (0, 0.001413477, 3.4182e-5, 0.00144788)), (7, (1, 0.00136791, 6.0524e-5, 0.001428825))]), (29568, 16, 0.00136546, [(8, (0, 0.001283505, 2.3616e-5, 0.001307405)), (8, (1, 0.001287127, 4.4845e-5, 0.001332394))]), (29584, 16, 0.001790733, [(8, (0, 0.001529796, 3.0777e-5, 0.001560797)), (8, (1, 0.001650581, 4.4253e-5, 0.001696489))]), (29600, 15, 0.001365232, [(8, (0, 0.001334122, 2.9301e-5, 0.001363671)), (7, (1, 0.001157103, 3.6094e-5, 0.001193442))]), (29616, 16, 0.002912042, [(8, (0, 0.002878636, 3.1719e-5, 0.002910619)), (8, (1, 0.002552569, 5.4148e-5, 0.00260717))]), (29632, 16, 0.002989939, [(8, (0, 0.002289662, 2.6567e-5, 0.002316799)), (8, (1, 0.00284382, 9.12e-5, 0.00293556))]), (29648, 9, 0.001314077, [(5, (0, 0.001285453, 2.7469e-5, 0.001313288)), (4, (1, 0.001150997, 4.131e-5, 0.001192564))]), (29664, 16, 0.002334978, [(8, (0, 0.002308503, 2.4286e-5, 0.002333045)), (8, (1, 0.002139607, 0.000105682, 0.002245666))]), (29680, 16, 0.001759992, [(8, (0, 0.001435935, 2.8796e-5, 0.001465011)), (8, (1, 0.001639941, 5.1902e-5, 0.001692112))]), (29696, 16, 0.002551935, [(8, (0, 0.002508129, 4.0907e-5, 0.00254937)), (8, (1, 0.002457326, 6.1856e-5, 0.002519668))]), (29712, 16, 0.001517003, [(8, (0, 0.001479922, 3.3994e-5, 0.00151425)), (8, (1, 0.001397879, 0.000103975, 0.001502395))]), (29728, 16, 0.002383819, [(8, (0, 0.002323785, 4.813e-5, 0.002372216)), (8, (1, 0.002303449, 7.0086e-5, 0.002373999))]), (29744, 16, 0.001839255, [(8, (0, 0.001810941, 2.6835e-5, 0.001838031)), (8, (1, 0.001745867, 4.8179e-5, 0.001794511))]), (29760, 16, 0.002218812, [(8, (0, 0.002193307, 2.4516e-5, 0.002218054)), (8, (1, 0.0020562, 3.197e-5, 0.00208842))]), (29776, 14, 0.001505885, [(7, (0, 0.001108155, 2.511e-5, 0.001133572)), (7, (1, 0.001413676, 4.9903e-5, 0.001464159))]), (29792, 14, 0.001575342, [(7, (0, 0.001381873, 3.9119e-5, 0.001421237)), (7, (1, 0.001438146, 9.3352e-5, 0.001531899))]), (29808, 14, 0.0015995, [(7, (0, 0.001340035, 4.5454e-5, 0.001385779)), (7, (1, 0.001479592, 5.9198e-5, 0.001539))]), (29824, 15, 0.001817999, [(8, (0, 0.001778191, 3.5544e-5, 0.001814204)), (7, (1, 0.001334692, 4.2395e-5, 0.001377333))]), (29840, 12, 0.001568207, [(6, (0, 0.001524869, 4.1609e-5, 0.001566722)), (6, (1, 0.001216639, 6.6868e-5, 0.00128393))]), (29856, 16, 0.00164144, [(8, (0, 0.001605468, 3.3331e-5, 0.001639036)), (8, (1, 0.001555343, 4.3535e-5, 0.001599139))]), (29872, 16, 0.001501569, [(8, (0, 0.001465715, 3.4474e-5, 0.001500441)), (8, (1, 0.001356478, 4.4879e-5, 0.001401592))]), (29888, 16, 0.002402721, [(8, (0, 0.002153219, 3.4738e-5, 0.002188986)), (8, (1, 0.002276769, 4.5138e-5, 0.00232217))]), (29904, 16, 0.002078676, [(8, (0, 0.002034158, 4.0017e-5, 0.002074588)), (8, (1, 0.001704042, 5.2586e-5, 0.001756887))]), (29920, 13, 0.001609752, [(7, (0, 0.001498376, 0.000107171, 0.001606417)), (6, (1, 0.001408524, 0.000138302, 0.001547226))]), (29936, 9, 0.001228051, [(5, (0, 0.001175907, 5.0732e-5, 0.00122693)), (4, (1, 0.000879864, 6.9684e-5, 0.000949962))]), (29952, 15, 0.001508242, [(8, (0, 0.001473939, 3.2696e-5, 0.001506912)), (7, (1, 0.001283946, 6.8941e-5, 0.001353596))]), (29968, 12, 0.001593919, [(6, (0, 0.001472754, 3.7263e-5, 0.001510323)), (6, (1, 0.001473042, 6.6163e-5, 0.001539738))]), (29984, 15, 0.001654047, [(8, (0, 0.001613336, 3.7446e-5, 0.001651066)), (7, (1, 0.001420808, 4.6033e-5, 0.001467117))]), (30000, 5, 0.000696358, [(3, (0, 0.000649009, 4.5626e-5, 0.000694984)), (2, (1, 0.00043159, 7.2053e-5, 0.000503978))]), (30016, 11, 0.001143321, [(6, (0, 0.001110718, 3.112e-5, 0.001142076)), (5, (1, 0.00083231, 5.6352e-5, 0.000889072))]), (30032, 13, 0.001365296, [(7, (0, 0.001330214, 3.3837e-5, 0.001364307)), (6, (1, 0.00110808, 4.3949e-5, 0.00115234))]), (30048, 10, 0.001271308, [(5, (0, 0.001239522, 2.8524e-5, 0.001268473)), (5, (1, 0.001099941, 4.9281e-5, 0.001149619))]), (30064, 9, 0.001051006, [(5, (0, 0.001007478, 4.2158e-5, 0.001049979)), (4, (1, 0.000686697, 6.4791e-5, 0.000751834))]), (30080, 16, 0.001568415, [(8, (0, 0.001517249, 4.0001e-5, 0.001557614)), (8, (1, 0.001512121, 4.99e-5, 0.001562313))]), (30096, 12, 0.001374361, [(6, (0, 0.001341119, 2.9887e-5, 0.001371496)), (6, (1, 0.001300706, 4.0247e-5, 0.001341188))]), (30112, 8, 0.000874767, [(4, (0, 0.000821873, 5.1586e-5, 0.000873747)), (4, (1, 0.000804038, 6.0027e-5, 0.000864283))]), (30128, 16, 0.001643654, [(8, (0, 0.001585116, 5.6274e-5, 0.001641633)), (8, (1, 0.001439989, 6.2272e-5, 0.001502566))]), (30144, 15, 0.001719864, [(8, (0, 0.001667555, 4.9894e-5, 0.001717708)), (7, (1, 0.001476854, 7.121e-5, 0.001548857))]), (30160, 4, 0.00062117, [(2, (0, 0.000472111, 3.9387e-5, 0.000511738)), (2, (1, 0.000454993, 0.000121961, 0.000577367))]), (30176, 12, 0.001116597, [(6, (0, 0.001023652, 3.5201e-5, 0.001059111)), (6, (1, 0.001035782, 5.0696e-5, 0.001086961))]), (30192, 15, 0.00195792, [(8, (0, 0.001918278, 3.7596e-5, 0.001956241)), (7, (1, 0.001599264, 6.7513e-5, 0.001667209))]), (30208, 9, 0.000882066, [(5, (0, 0.000851705, 2.9463e-5, 0.000881419)), (4, (1, 0.000790646, 4.3011e-5, 0.000833896))]), (30224, 14, 0.001230318, [(7, (0, 0.00120124, 2.16e-5, 0.001223102)), (7, (1, 0.001191797, 3.5657e-5, 0.001227781))]), (30240, 14, 0.001352473, [(7, (0, 0.001316871, 3.0779e-5, 0.00134799)), (7, (1, 0.001251216, 5.6383e-5, 0.001307978))]), (30256, 16, 0.001777829, [(8, (0, 0.001723256, 5.0537e-5, 0.001774208)), (8, (1, 0.001595654, 0.000108622, 0.001704546))]), (30272, 6, 0.000880822, [(3, (0, 0.000830066, 4.705e-5, 0.000877398)), (3, (1, 0.000681004, 6.94e-5, 0.00075086))]), (30288, 12, 0.001443985, [(6, (0, 0.001387847, 5.151e-5, 0.001439838)), (6, (1, 0.001081139, 7.1137e-5, 0.001153066))]), (30304, 15, 0.002252372, [(8, (0, 0.002165987, 7.9311e-5, 0.002245991)), (7, (1, 0.00164669, 0.000111294, 0.001758502))]), (30320, 16, 0.001712291, [(8, (0, 0.001402594, 3.9714e-5, 0.001443054)), (8, (1, 0.00158513, 7.978e-5, 0.001665652))]), (30336, 16, 0.001809659, [(8, (0, 0.0016369, 4.2832e-5, 0.001680049)), (8, (1, 0.001703843, 5.1304e-5, 0.001755404))]), (30352, 16, 0.001837725, [(8, (0, 0.001521203, 2.9796e-5, 0.001551295)), (8, (1, 0.001746608, 4.1032e-5, 0.001788297))]), (30368, 15, 0.001292264, [(8, (0, 0.001263346, 2.6917e-5, 0.001290538)), (7, (1, 0.001107652, 4.4479e-5, 0.001152479))]), (30384, 16, 0.001818597, [(8, (0, 0.001779707, 3.6982e-5, 0.001816992)), (8, (1, 0.001559884, 4.905e-5, 0.001609548))]), (30400, 13, 0.001418248, [(7, (0, 0.001371636, 4.5697e-5, 0.001417564)), (6, (1, 0.001111483, 7.4378e-5, 0.001186415))]), (30416, 16, 0.001504153, [(8, (0, 0.001362731, 2.3809e-5, 0.001386862)), (8, (1, 0.001402278, 7.3716e-5, 0.001476215))]), (30432, 7, 0.001009619, [(4, (0, 0.000778675, 4.7819e-5, 0.000826828)), (3, (1, 0.000848402, 0.000111816, 0.000960783))]), (30448, 10, 0.001046753, [(5, (0, 0.0009266, 3.6225e-5, 0.000963082)), (5, (1, 0.000934125, 9.0661e-5, 0.001025547))]), (30464, 13, 0.00165792, [(7, (0, 0.001622749, 3.0442e-5, 0.001653588)), (6, (1, 0.001164892, 4.678e-5, 0.001212022))]), (30480, 15, 0.001614901, [(8, (0, 0.001532752, 8.0595e-5, 0.001613589)), (7, (1, 0.001230729, 0.00010814, 0.001339216))]), (30496, 16, 0.001516536, [(8, (0, 0.001493024, 2.2489e-5, 0.00151575)), (8, (1, 0.001428954, 8.4184e-5, 0.001513586))]), (30512, 16, 0.001353263, [(8, (0, 0.001240953, 2.6426e-5, 0.001267821)), (8, (1, 0.001292253, 3.5468e-5, 0.001328006))]), (30528, 16, 0.001365389, [(8, (0, 0.001283273, 2.8555e-5, 0.00131213)), (8, (1, 0.001300676, 4.524e-5, 0.001346219))]), (30544, 13, 0.00122255, [(7, (0, 0.001194243, 2.7071e-5, 0.001221565)), (6, (1, 0.001001584, 3.3574e-5, 0.001035382))]), (30560, 11, 0.001061624, [(6, (0, 0.001033233, 2.6478e-5, 0.001059958)), (5, (1, 0.000886245, 3.5151e-5, 0.000921863))]), (30576, 14, 0.001381635, [(7, (0, 0.001227881, 2.492e-5, 0.001253135)), (7, (1, 0.001288622, 5.0215e-5, 0.001339348))]), (30592, 16, 0.001703848, [(8, (0, 0.001553418, 3.1242e-5, 0.001584956)), (8, (1, 0.001582369, 5.5755e-5, 0.001638564))]), (30608, 14, 0.001729127, [(7, (0, 0.00167555, 5.051e-5, 0.001726527)), (7, (1, 0.001581695, 7.0536e-5, 0.001652616))]), (30624, 12, 0.001295982, [(6, (0, 0.001259403, 3.5411e-5, 0.001295112)), (6, (1, 0.001162737, 4.9878e-5, 0.00121297))]), (30640, 11, 0.00147425, [(6, (0, 0.001443992, 2.7327e-5, 0.001471636)), (5, (1, 0.001011114, 4.1753e-5, 0.001053199))]), (30656, 9, 0.001058884, [(5, (0, 0.001006668, 5.0328e-5, 0.001057515)), (4, (1, 0.00074663, 0.000103601, 0.000850748))]), (30672, 16, 0.002154936, [(8, (0, 0.001848316, 2.7849e-5, 0.001876396)), (8, (1, 0.002081053, 3.7927e-5, 0.002119232))]), (30688, 16, 0.001992125, [(8, (0, 0.001959047, 2.7994e-5, 0.001987574)), (8, (1, 0.001498574, 3.5143e-5, 0.001533935))]), (30704, 16, 0.002681634, [(8, (0, 0.002622744, 5.6383e-5, 0.002679438)), (8, (1, 0.00258548, 8.6331e-5, 0.002672601))]), (30720, 16, 0.003043434, [(8, (0, 0.001535372, 2.3734e-5, 0.001559749)), (8, (1, 0.002829084, 4.7336e-5, 0.002878124))]), (30736, 16, 0.002776826, [(8, (0, 0.002113424, 8.8172e-5, 0.002201923)), (8, (1, 0.002593073, 0.000102488, 0.00269638))]), (30752, 16, 0.001925356, [(8, (0, 0.00136679, 3.3095e-5, 0.001400202)), (8, (1, 0.001773772, 7.6476e-5, 0.001851116))]), (30768, 14, 0.001820106, [(7, (0, 0.001389582, 4.2445e-5, 0.001432582)), (7, (1, 0.001697839, 8.2699e-5, 0.00178122))]), (30784, 15, 0.001650221, [(8, (0, 0.001597528, 4.607e-5, 0.001644125)), (7, (1, 0.001162, 6.5771e-5, 0.001228223))]), (30800, 14, 0.00168331, [(7, (0, 0.001607299, 7.3317e-5, 0.001681123)), (7, (1, 0.001276438, 0.000117292, 0.001394423))]), (30816, 15, 0.001567791, [(8, (0, 0.001432208, 9.3649e-5, 0.001564362)), (7, (1, 0.001357102, 0.000103051, 0.001460899))]), (30832, 15, 0.002111038, [(8, (0, 0.002061708, 4.74e-5, 0.002109461)), (7, (1, 0.001481331, 5.9493e-5, 0.0015411))]), (30848, 16, 0.002154594, [(8, (0, 0.002115221, 3.7961e-5, 0.002153438)), (8, (1, 0.001430485, 6.5248e-5, 0.00149629))]), (30864, 16, 0.001366507, [(8, (0, 0.001213664, 3.5062e-5, 0.001248964)), (8, (1, 0.001263027, 7.2302e-5, 0.001335791))]), (30880, 16, 0.002082717, [(8, (0, 0.001916024, 3.6216e-5, 0.001952478)), (8, (1, 0.00193114, 5.6237e-5, 0.001987916))]), (30896, 14, 0.00160697, [(7, (0, 0.001539345, 4.7258e-5, 0.001587304)), (7, (1, 0.00152947, 6.581e-5, 0.001595562))]), (30912, 16, 0.002429501, [(8, (0, 0.002089815, 6.3785e-5, 0.002154058)), (8, (1, 0.002268645, 7.4344e-5, 0.002343289))]), (30928, 15, 0.001960613, [(8, (0, 0.001922587, 3.5948e-5, 0.001958836)), (7, (1, 0.001763661, 0.000107628, 0.001871654))]), (30944, 13, 0.00169565, [(7, (0, 0.001656318, 3.7875e-5, 0.001694479)), (6, (1, 0.001441522, 0.00015823, 0.001600108))]), (30960, 15, 0.001711564, [(8, (0, 0.001682345, 2.7808e-5, 0.001710455)), (7, (1, 0.001389717, 0.000108076, 0.001498263))]), (30976, 15, 0.001766457, [(8, (0, 0.001727827, 2.6779e-5, 0.001754856)), (7, (1, 0.001632502, 0.000130103, 0.001764032))]), (30992, 16, 0.002357928, [(8, (0, 0.002328046, 2.7545e-5, 0.002355818)), (8, (1, 0.002275907, 4.9013e-5, 0.002325434))]), (31008, 15, 0.00193905, [(8, (0, 0.001901167, 3.6842e-5, 0.00193823)), (7, (1, 0.001707146, 4.6288e-5, 0.001753709))]), (31024, 15, 0.001913132, [(8, (0, 0.001878809, 3.2364e-5, 0.001911412)), (7, (1, 0.001183819, 4.8443e-5, 0.001232672))]), (31040, 15, 0.002482156, [(8, (0, 0.002444463, 3.3642e-5, 0.002478393)), (7, (1, 0.002074795, 4.7052e-5, 0.002122118))]), (31056, 15, 0.001818431, [(8, (0, 0.001778113, 3.8064e-5, 0.001816445)), (7, (1, 0.001447466, 7.9755e-5, 0.00152883))]), (31072, 14, 0.001494179, [(7, (0, 0.001462598, 2.9532e-5, 0.001492428)), (7, (1, 0.001382365, 5.7485e-5, 0.001440294))]), (31088, 16, 0.002404909, [(8, (0, 0.00230616, 3.6982e-5, 0.002343394)), (8, (1, 0.002332504, 4.7116e-5, 0.00237989))]), (31104, 14, 0.002346442, [(7, (0, 0.002314752, 3.0351e-5, 0.002345361)), (7, (1, 0.001494586, 5.4807e-5, 0.001549953))]), (31120, 14, 0.001563217, [(7, (0, 0.001459705, 4.3291e-5, 0.001503255)), (7, (1, 0.00145563, 8.065e-5, 0.001537987))]), (31136, 14, 0.001953757, [(7, (0, 0.001517492, 2.9689e-5, 0.001547486)), (7, (1, 0.001827525, 6.9194e-5, 0.0018972))]), (31152, 16, 0.001849835, [(8, (0, 0.001704787, 3.495e-5, 0.001740162)), (8, (1, 0.001756968, 5.6892e-5, 0.001814188))]), (31168, 15, 0.001678055, [(8, (0, 0.001644507, 3.1442e-5, 0.001676336)), (7, (1, 0.00104912, 3.8558e-5, 0.001087898))]), (31184, 15, 0.002324927, [(8, (0, 0.002287767, 3.425e-5, 0.002322287)), (7, (1, 0.001838204, 6.5206e-5, 0.001903838))]), (31200, 16, 0.001341562, [(8, (0, 0.001213881, 3.2087e-5, 0.001246236)), (8, (1, 0.001163892, 0.000108258, 0.001272546))]), (31216, 16, 0.001406123, [(8, (0, 0.001362302, 4.2362e-5, 0.001404954)), (8, (1, 0.001272473, 4.9728e-5, 0.001322439))]), (31232, 15, 0.001355689, [(8, (0, 0.001324039, 2.8441e-5, 0.001352856)), (7, (1, 0.001181082, 4.4852e-5, 0.001226319))]), (31248, 13, 0.001648279, [(7, (0, 0.001611447, 3.4816e-5, 0.001646505)), (6, (1, 0.001252994, 5.0087e-5, 0.00130364))]), (31264, 12, 0.001429256, [(6, (0, 0.001037866, 3.3787e-5, 0.001071889)), (6, (1, 0.0013096, 9.2728e-5, 0.001402772))]), (31280, 13, 0.001608891, [(7, (0, 0.001578886, 2.7737e-5, 0.001607112)), (6, (1, 0.001275001, 7.9076e-5, 0.001360879))]), (31296, 15, 0.00168085, [(8, (0, 0.001631513, 4.8089e-5, 0.001679854)), (7, (1, 0.001394167, 7.648e-5, 0.001470981))]), (31312, 16, 0.00215916, [(8, (0, 0.002132629, 2.4885e-5, 0.00215782)), (8, (1, 0.001816518, 4.1543e-5, 0.001858396))]), (31328, 16, 0.002092545, [(8, (0, 0.001752367, 2.5435e-5, 0.001778045)), (8, (1, 0.001941275, 5.4165e-5, 0.001995962))]), (31344, 14, 0.002445634, [(7, (0, 0.002010438, 3.4141e-5, 0.002044934)), (7, (1, 0.002352703, 4.1387e-5, 0.002394366))]), (31360, 15, 0.00186539, [(8, (0, 0.00182951, 3.3791e-5, 0.001863645)), (7, (1, 0.001813047, 3.9631e-5, 0.001852933))]), (31376, 14, 0.00179654, [(7, (0, 0.001265649, 3.5193e-5, 0.001301134)), (7, (1, 0.001690903, 4.2096e-5, 0.001733304))]), (31392, 14, 0.001359484, [(7, (0, 0.001328852, 2.9653e-5, 0.001358775)), (7, (1, 0.001137158, 4.1851e-5, 0.001179214))]), (31408, 15, 0.001971916, [(8, (0, 0.00194484, 2.3841e-5, 0.001968945)), (7, (1, 0.001518839, 3.4049e-5, 0.001553232))]), (31424, 16, 0.002522266, [(8, (0, 0.002296712, 6.1096e-5, 0.002358055)), (8, (1, 0.002394188, 0.000103466, 0.002498055))]), (31440, 15, 0.00246605, [(8, (0, 0.002426932, 3.6455e-5, 0.002463665)), (7, (1, 0.002184914, 9.5114e-5, 0.002280494))]), (31456, 16, 0.002573851, [(8, (0, 0.002547432, 2.5325e-5, 0.00257299)), (8, (1, 0.002300949, 5.5382e-5, 0.002356723))]), (31472, 16, 0.001551352, [(8, (0, 0.001236838, 2.328e-5, 0.001260517)), (8, (1, 0.001433418, 8.3333e-5, 0.001518472))]), (31488, 15, 0.002417636, [(8, (0, 0.002379083, 3.7257e-5, 0.002416588)), (7, (1, 0.001682997, 5.6824e-5, 0.001740216))]), (31504, 14, 0.00131359, [(7, (0, 0.001283464, 2.8755e-5, 0.001312538)), (7, (1, 0.001090775, 4.3365e-5, 0.00113454))]), (31520, 15, 0.001346661, [(8, (0, 0.001302535, 4.2904e-5, 0.001345699)), (7, (1, 0.001254352, 5.5228e-5, 0.00130988))]), (31536, 16, 0.001306722, [(8, (0, 0.001277669, 2.8031e-5, 0.001305932)), (8, (1, 0.001198651, 3.8308e-5, 0.001237292))]), (31552, 16, 0.001640165, [(8, (0, 0.001609412, 2.9543e-5, 0.001639188)), (8, (1, 0.001470113, 3.6005e-5, 0.001506351))]), (31568, 14, 0.001290194, [(7, (0, 0.001263684, 2.5567e-5, 0.001289488)), (7, (1, 0.001100281, 5.4467e-5, 0.001155262))]), (31584, 16, 0.001576711, [(8, (0, 0.001445061, 2.3985e-5, 0.001473925)), (8, (1, 0.001506321, 4.2017e-5, 0.001548641))]), (31600, 16, 0.001587595, [(8, (0, 0.001469837, 3.3371e-5, 0.001503484)), (8, (1, 0.001510655, 5.309e-5, 0.001564249))]), (31616, 16, 0.002842197, [(8, (0, 0.002253087, 2.3036e-5, 0.002276366)), (8, (1, 0.002658891, 4.0565e-5, 0.002699832))]), (31632, 14, 0.001433112, [(7, (0, 0.001393714, 3.5555e-5, 0.001429858)), (7, (1, 0.001210313, 5.7715e-5, 0.001268315))]), (31648, 15, 0.002163915, [(8, (0, 0.002116467, 4.4115e-5, 0.002160865)), (7, (1, 0.001423747, 6.3659e-5, 0.00148784))]), (31664, 11, 0.001104321, [(6, (0, 0.001065032, 3.8244e-5, 0.001103574)), (5, (1, 0.001018953, 5.7927e-5, 0.001077209))]), (31680, 13, 0.001627432, [(7, (0, 0.001298731, 2.5627e-5, 0.001324612)), (6, (1, 0.001541765, 3.1464e-5, 0.001573494))]), (31696, 14, 0.001817583, [(7, (0, 0.001789167, 2.681e-5, 0.001816272)), (7, (1, 0.001146172, 3.9303e-5, 0.00118568))]), (31712, 16, 0.001536779, [(8, (0, 0.001505803, 2.9832e-5, 0.001535899)), (8, (1, 0.001422653, 5.262e-5, 0.001475692))]), (31728, 11, 0.001227763, [(6, (0, 0.001185857, 4.0877e-5, 0.001226965)), (5, (1, 0.000960797, 5.1935e-5, 0.00101322))]), (31744, 10, 0.001503566, [(5, (0, 0.001473879, 2.8596e-5, 0.00150271)), (5, (1, 0.000962093, 0.000106375, 0.001069015))]), (31760, 12, 0.001397258, [(6, (0, 0.001167841, 3.0279e-5, 0.001198389)), (6, (1, 0.001269035, 7.3495e-5, 0.001342794))]), (31776, 12, 0.001873425, [(6, (0, 0.001237866, 3.11e-5, 0.001269599)), (6, (1, 0.001770544, 3.8798e-5, 0.001809593))]), (31792, 11, 0.001457647, [(6, (0, 0.001424363, 3.2085e-5, 0.001456697)), (5, (1, 0.001369196, 5.0185e-5, 0.001419753))]), (31808, 16, 0.001471042, [(8, (0, 0.001325573, 5.8303e-5, 0.001384232)), (8, (1, 0.001353113, 9.1764e-5, 0.001445256))]), (31824, 15, 0.001503431, [(8, (0, 0.001475015, 2.7036e-5, 0.001502339)), (7, (1, 0.001327752, 3.2773e-5, 0.001360789))]), (31840, 13, 0.001437227, [(7, (0, 0.001398265, 3.7974e-5, 0.001436462)), (6, (1, 0.000996586, 6.0553e-5, 0.001057579))]), (31856, 16, 0.001752883, [(8, (0, 0.001727176, 2.4795e-5, 0.001752199)), (8, (1, 0.001382017, 4.5721e-5, 0.001428129))]), (31872, 15, 0.001675056, [(8, (0, 0.001445537, 2.7966e-5, 0.001473777)), (7, (1, 0.00159648, 4.9601e-5, 0.001646434))]), (31888, 13, 0.001178425, [(7, (0, 0.001153037, 2.4256e-5, 0.001177557)), (6, (1, 0.001022139, 3.1655e-5, 0.00105406))]), (31904, 16, 0.001725955, [(8, (0, 0.001701069, 2.3478e-5, 0.001724779)), (8, (1, 0.001558042, 3.1025e-5, 0.00158929))]), (31920, 15, 0.001434896, [(8, (0, 0.001315134, 3.1528e-5, 0.001346893)), (7, (1, 0.001371106, 4.1757e-5, 0.001413044))]), (31936, 13, 0.001274851, [(7, (0, 0.001246724, 2.7148e-5, 0.001274154)), (6, (1, 0.001097084, 3.2606e-5, 0.00112997))]), (31952, 16, 0.001728463, [(8, (0, 0.001705924, 2.1499e-5, 0.001727659)), (8, (1, 0.00165354, 4.1032e-5, 0.001694853))]), (31968, 15, 0.001546867, [(8, (0, 0.00151793, 2.7907e-5, 0.001546076)), (7, (1, 0.001358755, 5.47e-5, 0.001413887))]), (31984, 15, 0.001578822, [(8, (0, 0.00155564, 2.2211e-5, 0.001578087)), (7, (1, 0.001327386, 3.739e-5, 0.001365097))]), (32000, 14, 0.001666207, [(7, (0, 0.001541332, 2.3698e-5, 0.001565687)), (7, (1, 0.001589736, 3.3698e-5, 0.00162392))]), (32016, 15, 0.002475097, [(8, (0, 0.002446454, 2.7235e-5, 0.002473979)), (7, (1, 0.001374994, 4.4663e-5, 0.001419996))]), (32032, 15, 0.003179358, [(8, (0, 0.003141284, 3.6687e-5, 0.003178312)), (7, (1, 0.001878803, 6.5006e-5, 0.001944252))]), (32048, 16, 0.001804711, [(8, (0, 0.001423262, 3.2083e-5, 0.001455594)), (8, (1, 0.001643082, 6.1901e-5, 0.001705439))]), (32064, 16, 0.001599278, [(8, (0, 0.001512841, 2.8395e-5, 0.001541495)), (8, (1, 0.001539469, 3.8691e-5, 0.001578446))]), (32080, 12, 0.001257537, [(6, (0, 0.001229662, 2.5211e-5, 0.001255302)), (6, (1, 0.000928184, 3.4567e-5, 0.000963011))]), (32096, 14, 0.001171448, [(7, (0, 0.001130582, 3.0953e-5, 0.001161842)), (7, (1, 0.001103772, 6.1158e-5, 0.001165182))]), (32112, 13, 0.001145807, [(7, (0, 0.001039116, 4.034e-5, 0.001079697)), (6, (1, 0.00107917, 4.6863e-5, 0.001126273))]), (32128, 14, 0.001237262, [(7, (0, 0.001200509, 3.4984e-5, 0.001235701)), (7, (1, 0.001066975, 4.1426e-5, 0.001108828))]), (32144, 16, 0.001664279, [(8, (0, 0.001330105, 3.6481e-5, 0.001366813)), (8, (1, 0.001554991, 6.8873e-5, 0.001624139))]), (32160, 16, 0.0015884, [(8, (0, 0.001547056, 3.8085e-5, 0.001585516)), (8, (1, 0.001430457, 4.3928e-5, 0.001474668))]), (32176, 16, 0.001512056, [(8, (0, 0.001342136, 3.6805e-5, 0.001379384)), (8, (1, 0.001426694, 6.0384e-5, 0.001487783))]), (32192, 14, 0.001588602, [(7, (0, 0.001222085, 3.6502e-5, 0.001258934)), (7, (1, 0.001506149, 5.0774e-5, 0.001557204))]), (32208, 16, 0.00271034, [(8, (0, 0.002076182, 3.2804e-5, 0.002109442)), (8, (1, 0.002587587, 9.1736e-5, 0.002679718))]), (32224, 15, 0.001944074, [(8, (0, 0.001904972, 3.8032e-5, 0.001943248)), (7, (1, 0.001583729, 5.7723e-5, 0.001641725))]), (32240, 16, 0.001435814, [(8, (0, 0.001409793, 2.4778e-5, 0.001434827)), (8, (1, 0.001218465, 4.6629e-5, 0.001265425))]), (32256, 13, 0.001365606, [(7, (0, 0.001335445, 2.9255e-5, 0.001364945)), (6, (1, 0.001212635, 5.0728e-5, 0.001263578))]), (32272, 16, 0.002094808, [(8, (0, 0.002064361, 2.8991e-5, 0.002093575)), (8, (1, 0.001729056, 5.78e-5, 0.001787172))]), (32288, 15, 0.001488447, [(8, (0, 0.001453458, 2.1867e-5, 0.001475565)), (7, (1, 0.001420769, 6.531e-5, 0.001486353))]), (32304, 16, 0.001526195, [(8, (0, 0.001502952, 2.2049e-5, 0.001525332)), (8, (1, 0.001443683, 4.8476e-5, 0.001492703))]), (32320, 15, 0.001707906, [(8, (0, 0.001556795, 3.9133e-5, 0.001596144)), (7, (1, 0.001632931, 5.0114e-5, 0.001683339))]), (32336, 16, 0.001378252, [(8, (0, 0.001330987, 1.6996e-5, 0.001348232)), (8, (1, 0.001324354, 2.4361e-5, 0.001359253))]), (32352, 15, 0.002013291, [(8, (0, 0.001989232, 2.2493e-5, 0.002011938)), (7, (1, 0.00171915, 2.9267e-5, 0.001748638))]), (32368, 14, 0.002108801, [(7, (0, 0.002079852, 2.8013e-5, 0.002108096)), (7, (1, 0.001697288, 3.6371e-5, 0.001733883))]), (32384, 15, 0.001573493, [(8, (0, 0.001463297, 1.8086e-5, 0.001481609)), (7, (1, 0.001467221, 7.6657e-5, 0.001544396))]), (32400, 14, 0.001436905, [(7, (0, 0.001236221, 2.3786e-5, 0.001260307)), (7, (1, 0.001365505, 4.3084e-5, 0.001408836))]), (32416, 16, 0.001794171, [(8, (0, 0.001759929, 3.3132e-5, 0.001793346)), (8, (1, 0.001687281, 7.7659e-5, 0.001766762))]), (32432, 15, 0.001996391, [(8, (0, 0.001406969, 2.5077e-5, 0.00143255)), (7, (1, 0.001902506, 3.3049e-5, 0.001935806))]), (32448, 16, 0.00163374, [(8, (0, 0.001552345, 2.6432e-5, 0.001579088)), (8, (1, 0.001574938, 3.4722e-5, 0.001609896))]), (32464, 16, 0.001343064, [(8, (0, 0.001319447, 2.0368e-5, 0.001340175)), (8, (1, 0.001282644, 4.3512e-5, 0.001326694))]), (32480, 15, 0.001615607, [(8, (0, 0.001561967, 5.0331e-5, 0.001612787)), (7, (1, 0.001254073, 7.6246e-5, 0.00133065))]), (32496, 16, 0.001435123, [(8, (0, 0.00139078, 4.0756e-5, 0.001431812)), (8, (1, 0.001291103, 8.1115e-5, 0.001373071))]), (32512, 16, 0.001992931, [(8, (0, 0.001948081, 4.3181e-5, 0.001991483)), (8, (1, 0.001708685, 5.1594e-5, 0.001760584))]), (32528, 15, 0.001866491, [(8, (0, 0.001720439, 3.1475e-5, 0.001752356)), (7, (1, 0.001714364, 9.1496e-5, 0.001807094))]), (32544, 12, 0.001404742, [(6, (0, 0.001069909, 4.1424e-5, 0.001111704)), (6, (1, 0.001269331, 6.1107e-5, 0.001330748))]), (32560, 15, 0.001407896, [(8, (0, 0.001202377, 3.2612e-5, 0.001235227)), (7, (1, 0.001334781, 4.4134e-5, 0.001379202))]), (32576, 9, 0.000846289, [(5, (0, 0.000820026, 2.4302e-5, 0.000844609)), (4, (1, 0.000684232, 4.0052e-5, 0.000724502))]), (32592, 14, 0.001674109, [(7, (0, 0.001159604, 3.5238e-5, 0.001195125)), (7, (1, 0.001590998, 5.9204e-5, 0.001650604))]), (32608, 15, 0.001490389, [(8, (0, 0.001455567, 3.2229e-5, 0.001488076)), (7, (1, 0.001066247, 5.3182e-5, 0.001119766))]), (32624, 16, 0.001274975, [(8, (0, 0.001237184, 3.1231e-5, 0.001268645)), (8, (1, 0.001211984, 5.973e-5, 0.001272114))]), (32640, 16, 0.001552205, [(8, (0, 0.001522674, 2.83e-5, 0.001551206)), (8, (1, 0.001461411, 5.1008e-5, 0.001512711))]), (32656, 15, 0.001855038, [(8, (0, 0.001827361, 2.5499e-5, 0.001853086)), (7, (1, 0.001289643, 3.315e-5, 0.001323027))]), (32672, 14, 0.001442069, [(7, (0, 0.001416636, 2.4569e-5, 0.001441417)), (7, (1, 0.001313187, 4.2623e-5, 0.001356085))]), (32688, 16, 0.001430786, [(8, (0, 0.001405734, 2.3016e-5, 0.001428981)), (8, (1, 0.001377826, 2.9695e-5, 0.001408094))]), (32704, 16, 0.001797843, [(8, (0, 0.001653016, 4.1075e-5, 0.001694381)), (8, (1, 0.001658537, 7.2134e-5, 0.001731472))]), (32720, 16, 0.001622371, [(8, (0, 0.001349432, 2.576e-5, 0.001375466)), (8, (1, 0.001548519, 3.2724e-5, 0.001581479))]), (32736, 16, 0.001328543, [(8, (0, 0.00128368, 3.11e-5, 0.001315013)), (8, (1, 0.001286676, 3.8684e-5, 0.001325575))]), (32752, 15, 0.001807742, [(8, (0, 0.001419276, 3.056e-5, 0.001450212)), (7, (1, 0.001710365, 6.0043e-5, 0.001770643))]), (32768, 16, 0.002124227, [(8, (0, 0.002084432, 3.7453e-5, 0.00212212)), (8, (1, 0.001844634, 9.7889e-5, 0.001943266))]), (32784, 16, 0.001641118, [(8, (0, 0.00148558, 3.1553e-5, 0.00151738)), (8, (1, 0.001529501, 6.2754e-5, 0.001592633))]), (32800, 16, 0.001964545, [(8, (0, 0.001481947, 3.2883e-5, 0.001515116)), (8, (1, 0.001841572, 3.8696e-5, 0.001880524))]), (32816, 16, 0.001368987, [(8, (0, 0.00133583, 3.1975e-5, 0.001368087)), (8, (1, 0.001165494, 5.3851e-5, 0.001219565))]), (32832, 15, 0.001477447, [(8, (0, 0.001447831, 2.7569e-5, 0.00147576)), (7, (1, 0.001131013, 4.3236e-5, 0.001174612))]), (32848, 16, 0.001528839, [(8, (0, 0.001331494, 4.3878e-5, 0.001375609)), (8, (1, 0.001404526, 7.1425e-5, 0.001476604))]), (32864, 14, 0.001334574, [(7, (0, 0.00120653, 3.6768e-5, 0.001243568)), (7, (1, 0.001228059, 4.9634e-5, 0.001277933))]), (32880, 16, 0.002088037, [(8, (0, 0.002056621, 2.8161e-5, 0.00208528)), (8, (1, 0.001590631, 4.2902e-5, 0.001633915))]), (32896, 14, 0.00192002, [(7, (0, 0.001552113, 5.4082e-5, 0.001606579)), (7, (1, 0.001770957, 8.0864e-5, 0.001852205))]), (32912, 16, 0.001469168, [(8, (0, 0.001435844, 3.0784e-5, 0.001466951)), (8, (1, 0.001325545, 4.7121e-5, 0.001372953))]), (32928, 16, 0.002308222, [(8, (0, 0.002251213, 5.3798e-5, 0.002305297)), (8, (1, 0.001441755, 6.5982e-5, 0.001508124))]), (32944, 15, 0.00186416, [(8, (0, 0.00143284, 3.6012e-5, 0.001469118)), (7, (1, 0.001651635, 0.000110047, 0.001762077))]), (32960, 15, 0.001621999, [(8, (0, 0.001587518, 3.0917e-5, 0.001618907)), (7, (1, 0.001166371, 4.1243e-5, 0.001207819))]), (32976, 16, 0.00218338, [(8, (0, 0.002131625, 4.7013e-5, 0.002179031)), (8, (1, 0.002000392, 6.8368e-5, 0.002069567))]), (32992, 15, 0.001827898, [(8, (0, 0.001784283, 4.1799e-5, 0.001826368)), (7, (1, 0.001653218, 5.3024e-5, 0.00170667))]), (33008, 11, 0.001489963, [(6, (0, 0.001449258, 3.8643e-5, 0.001488181)), (5, (1, 0.000842617, 5.3169e-5, 0.00089612))]), (33024, 15, 0.001394583, [(8, (0, 0.001364496, 2.9155e-5, 0.001393889)), (7, (1, 0.001194901, 5.7495e-5, 0.001252877))]), (33040, 13, 0.001639489, [(7, (0, 0.001603118, 3.4424e-5, 0.001637902)), (6, (1, 0.001455887, 5.1767e-5, 0.00150808))]), (33056, 13, 0.00148243, [(7, (0, 0.00144464, 3.6435e-5, 0.001481541)), (6, (1, 0.001165301, 6.8699e-5, 0.001234419))]), (33072, 14, 0.00180669, [(7, (0, 0.001778602, 2.4324e-5, 0.001803364)), (7, (1, 0.001246881, 5.2119e-5, 0.001299467))]), (33088, 16, 0.001498585, [(8, (0, 0.00144739, 3.5016e-5, 0.001482697)), (8, (1, 0.001430773, 5.5577e-5, 0.00148666))]), (33104, 14, 0.001671484, [(7, (0, 0.001411728, 5.7622e-5, 0.001469637)), (7, (1, 0.001485817, 6.4747e-5, 0.00155086))]), (33120, 12, 0.001755801, [(6, (0, 0.001716086, 3.5334e-5, 0.001751861)), (6, (1, 0.00154155, 4.2666e-5, 0.001584437))]), (33136, 10, 0.000961402, [(5, (0, 0.000899745, 5.989e-5, 0.000959867)), (5, (1, 0.000891862, 6.8224e-5, 0.000960294))]), (33152, 12, 0.001489201, [(6, (0, 0.001326998, 2.9026e-5, 0.001356269)), (6, (1, 0.001428791, 3.4598e-5, 0.001463593))]), (33168, 15, 0.001522138, [(8, (0, 0.001484506, 3.4599e-5, 0.001519499)), (7, (1, 0.001051543, 4.0879e-5, 0.001092633))]), (33184, 15, 0.001232674, [(8, (0, 0.00117775, 5.3533e-5, 0.001231818)), (7, (1, 0.001037303, 8.1686e-5, 0.001119415))]), (33200, 14, 0.001398535, [(7, (0, 0.001370114, 2.4774e-5, 0.001395274)), (7, (1, 0.001320567, 5.1736e-5, 0.001372693))]), (33216, 16, 0.001591197, [(8, (0, 0.001471335, 5.4048e-5, 0.001525871)), (8, (1, 0.001481855, 7.6578e-5, 0.00155873))]), (33232, 16, 0.001537135, [(8, (0, 0.001493355, 4.0147e-5, 0.001534004)), (8, (1, 0.001261875, 4.8092e-5, 0.001310192))]), (33248, 16, 0.001488336, [(8, (0, 0.001446291, 3.9772e-5, 0.001486325)), (8, (1, 0.001382103, 6.8862e-5, 0.001451393))]), (33264, 16, 0.001664399, [(8, (0, 0.00161933, 4.3887e-5, 0.001663455)), (8, (1, 0.001550191, 5.0464e-5, 0.001600917))]), (33280, 16, 0.001598413, [(8, (0, 0.001575861, 2.105e-5, 0.001597132)), (8, (1, 0.001494055, 3.042e-5, 0.00152473))]), (33296, 15, 0.00160205, [(8, (0, 0.001483312, 2.7081e-5, 0.001510685)), (7, (1, 0.001491113, 5.5988e-5, 0.001547588))]), (33312, 16, 0.001761561, [(8, (0, 0.001629674, 3.8064e-5, 0.001667998)), (8, (1, 0.001652623, 5.6592e-5, 0.001709619))]), (33328, 15, 0.001451501, [(8, (0, 0.00141114, 3.7322e-5, 0.001448748)), (7, (1, 0.001280772, 4.5627e-5, 0.00132679))]), (33344, 16, 0.001819502, [(8, (0, 0.001769865, 4.8152e-5, 0.001818309)), (8, (1, 0.001757455, 6.0286e-5, 0.001817959))]), (33360, 14, 0.001412989, [(7, (0, 0.001130387, 2.6335e-5, 0.001157085)), (7, (1, 0.001330924, 3.2128e-5, 0.001363245))]), (33376, 13, 0.001893672, [(7, (0, 0.001850308, 4.2145e-5, 0.001892842)), (6, (1, 0.001426694, 4.8914e-5, 0.00147597))]), (33392, 14, 0.001336636, [(7, (0, 0.001212626, 3.2321e-5, 0.001245231)), (7, (1, 0.001198966, 6.9035e-5, 0.001268348))]), (33408, 14, 0.001569124, [(7, (0, 0.00152449, 4.0726e-5, 0.001565533)), (7, (1, 0.001452342, 5.95e-5, 0.001512313))]), (33424, 14, 0.001473893, [(7, (0, 0.001420227, 5.1769e-5, 0.001472289)), (7, (1, 0.001328694, 6.2903e-5, 0.00139183))]), (33440, 16, 0.001544841, [(8, (0, 0.001492713, 5.0429e-5, 0.001543397)), (8, (1, 0.001476833, 6.3382e-5, 0.00154076))]), (33456, 16, 0.001817501, [(8, (0, 0.00177412, 4.1842e-5, 0.00181629)), (8, (1, 0.00146481, 4.8926e-5, 0.001514023))]), (33472, 16, 0.001794784, [(8, (0, 0.001512399, 4.937e-5, 0.001562384)), (8, (1, 0.001683861, 6.1029e-5, 0.001745259))]), (33488, 16, 0.002441243, [(8, (0, 0.002406696, 3.3066e-5, 0.002440041)), (8, (1, 0.002145958, 5.4434e-5, 0.002200678))]), (33504, 10, 0.001082082, [(5, (0, 0.001049935, 3.1023e-5, 0.001081201)), (5, (1, 0.000979365, 5.1489e-5, 0.001031182))]), (33520, 16, 0.002726643, [(8, (0, 0.002364179, 3.5312e-5, 0.002399729)), (8, (1, 0.002541829, 6.7866e-5, 0.002610164))]), (33536, 15, 0.001484883, [(8, (0, 0.001455124, 2.6459e-5, 0.001482121)), (7, (1, 0.001279584, 3.9969e-5, 0.001319817))]), (33552, 6, 0.001112218, [(3, (0, 0.00059077, 3.6197e-5, 0.000627242)), (3, (1, 0.00100762, 6.4267e-5, 0.001072271))]), (33568, 16, 0.002411346, [(8, (0, 0.002358619, 5.0922e-5, 0.002409838)), (8, (1, 0.001857803, 5.7332e-5, 0.001915366))]), (33584, 15, 0.001505451, [(8, (0, 0.001471345, 3.2427e-5, 0.001504056)), (7, (1, 0.001155097, 6.5766e-5, 0.001221249))]), (33600, 11, 0.001093066, [(6, (0, 0.00106221, 2.9969e-5, 0.00109243)), (5, (1, 0.000793779, 9.7938e-5, 0.000892288))]), (33616, 16, 0.002574259, [(8, (0, 0.002538158, 3.3919e-5, 0.002572326)), (8, (1, 0.002284098, 5.1874e-5, 0.002336425))]), (33632, 16, 0.001475692, [(8, (0, 0.001301432, 2.6561e-5, 0.001328294)), (8, (1, 0.001390901, 5.6491e-5, 0.001447829))]), (33648, 5, 0.000712386, [(3, (0, 0.000688245, 2.3273e-5, 0.000711828)), (2, (1, 0.000517404, 4.0304e-5, 0.00055805))]), (33664, 15, 0.001575851, [(8, (0, 0.0015444, 3.0317e-5, 0.001574984)), (7, (1, 0.001269572, 5.2665e-5, 0.001322738))]), (33680, 16, 0.001587365, [(8, (0, 0.001552328, 3.3301e-5, 0.001585859)), (8, (1, 0.001444798, 7.0562e-5, 0.001516188))]), (33696, 6, 0.000825884, [(3, (0, 0.000724654, 2.8028e-5, 0.000752942)), (3, (1, 0.000745043, 5.8202e-5, 0.000803671))]), (33712, 16, 0.001548941, [(8, (0, 0.001525019, 2.1615e-5, 0.001546949)), (8, (1, 0.001516912, 2.9711e-5, 0.00154695))]), (33728, 12, 0.001461359, [(6, (0, 0.001410905, 4.6946e-5, 0.001458464)), (6, (1, 0.001245993, 5.7339e-5, 0.001303554))]), (33744, 16, 0.002355851, [(8, (0, 0.002314858, 3.6349e-5, 0.002351663)), (8, (1, 0.002282348, 5.5771e-5, 0.002338729))]), (33760, 15, 0.0018953, [(8, (0, 0.001821316, 7.0229e-5, 0.001892079)), (7, (1, 0.001460622, 9.517e-5, 0.001556256))]), (33776, 16, 0.00144122, [(8, (0, 0.001394593, 4.3836e-5, 0.001438714)), (8, (1, 0.001370981, 6.418e-5, 0.001435527))]), (33792, 8, 0.001030665, [(4, (0, 0.000882149, 4.5214e-5, 0.000927732)), (4, (1, 0.00091252, 5.2495e-5, 0.00096525))]), (33808, 16, 0.003215364, [(8, (0, 0.003155039, 3.6582e-5, 0.00319193)), (8, (1, 0.003147639, 4.8733e-5, 0.003196634))]), (33824, 16, 0.001626534, [(8, (0, 0.001568077, 5.5105e-5, 0.001623601)), (8, (1, 0.001365448, 0.00010678, 0.001473325))]), (33840, 15, 0.001678664, [(8, (0, 0.001633783, 4.2758e-5, 0.001676783)), (7, (1, 0.001563175, 5.9151e-5, 0.001623161))]), (33856, 16, 0.001900259, [(8, (0, 0.001551115, 4.6287e-5, 0.001597672)), (8, (1, 0.001799733, 6.9401e-5, 0.001869835))]), (33872, 16, 0.001929872, [(8, (0, 0.001793431, 2.9326e-5, 0.001823284)), (8, (1, 0.001838794, 3.8094e-5, 0.001877249))]), (33888, 16, 0.001735738, [(8, (0, 0.0016944, 3.9324e-5, 0.001733981)), (8, (1, 0.001674565, 5.6321e-5, 0.001731222))]), (33904, 15, 0.001702189, [(8, (0, 0.001578625, 3.1206e-5, 0.001610091)), (7, (1, 0.001639617, 4.0147e-5, 0.001680032))]), (33920, 7, 0.000692752, [(4, (0, 0.000658223, 3.3466e-5, 0.000691949)), (3, (1, 0.00059637, 4.2384e-5, 0.000646892))]), (33936, 14, 0.001305719, [(7, (0, 0.001271684, 2.5823e-5, 0.001298042)), (7, (1, 0.001248111, 5.4702e-5, 0.00130334))]), (33952, 16, 0.001629396, [(8, (0, 0.001584946, 4.3225e-5, 0.001628419)), (8, (1, 0.00150111, 7.288e-5, 0.001574439))]), (33968, 16, 0.001557608, [(8, (0, 0.001533212, 2.3201e-5, 0.001556704)), (8, (1, 0.001387463, 5.0854e-5, 0.001438753))]), (33984, 11, 0.002202886, [(6, (0, 0.001897707, 3.0955e-5, 0.001929299)), (5, (1, 0.002093621, 4.513e-5, 0.002139054))]), (34000, 12, 0.001389046, [(6, (0, 0.001091539, 3.0821e-5, 0.001122608)), (6, (1, 0.001264907, 4.1776e-5, 0.001307181))]), (34016, 14, 0.002575052, [(7, (0, 0.002200028, 3.1709e-5, 0.002232683)), (7, (1, 0.002421626, 4.7505e-5, 0.002469711))]), (34032, 8, 0.000886282, [(4, (0, 0.000716172, 3.6149e-5, 0.000752611)), (4, (1, 0.000771476, 4.4377e-5, 0.000816119))]), (34048, 14, 0.001385638, [(7, (0, 0.001171582, 2.9849e-5, 0.001201724)), (7, (1, 0.001294969, 5.1044e-5, 0.001346355))]), (34064, 14, 0.001412273, [(7, (0, 0.001370323, 2.5377e-5, 0.001396068)), (7, (1, 0.001369238, 3.8703e-5, 0.00140826))]), (34080, 16, 0.001851381, [(8, (0, 0.001613904, 4.8076e-5, 0.00166228)), (8, (1, 0.001632788, 0.0001111, 0.001744308))]), (34096, 16, 0.002092589, [(8, (0, 0.00153879, 2.8517e-5, 0.001567918)), (8, (1, 0.002010906, 4.3117e-5, 0.002054306))]), (34112, 15, 0.001857275, [(8, (0, 0.001817967, 3.6487e-5, 0.001854894)), (7, (1, 0.001630014, 5.0283e-5, 0.001680589))]), (34128, 13, 0.001202455, [(7, (0, 0.001155501, 4.5082e-5, 0.001200891)), (6, (1, 0.00098857, 6.1037e-5, 0.001049866))]), (34144, 16, 0.001835997, [(8, (0, 0.00173061, 4.3885e-5, 0.001774738)), (8, (1, 0.001751689, 5.2409e-5, 0.001804368))]), (34160, 16, 0.001694472, [(8, (0, 0.00165493, 3.7775e-5, 0.001693068)), (8, (1, 0.001557307, 4.8571e-5, 0.001606156))]), (34176, 16, 0.001590924, [(8, (0, 0.001390385, 4.1435e-5, 0.001432094)), (8, (1, 0.001465883, 9.0824e-5, 0.001558262))]), (34192, 16, 0.001338933, [(8, (0, 0.001273856, 2.2815e-5, 0.001296929)), (8, (1, 0.001232846, 7.6277e-5, 0.001309599))]), (34208, 14, 0.001346543, [(7, (0, 0.001068417, 3.4666e-5, 0.001103321)), (7, (1, 0.00125603, 5.5207e-5, 0.00131157))]), (34224, 16, 0.001861606, [(8, (0, 0.001486512, 3.9319e-5, 0.001526211)), (8, (1, 0.001772503, 4.5318e-5, 0.001818055))]), (34240, 14, 0.001331141, [(7, (0, 0.001284619, 4.0303e-5, 0.001325178)), (7, (1, 0.001253023, 7.5772e-5, 0.001329064))]), (34256, 15, 0.00182823, [(8, (0, 0.00178634, 3.989e-5, 0.001826486)), (7, (1, 0.001756628, 4.5419e-5, 0.001802295))]), (34272, 16, 0.002272524, [(8, (0, 0.001810567, 4.2429e-5, 0.001853251)), (8, (1, 0.00216578, 7.0976e-5, 0.002237225))]), (34288, 15, 0.002687857, [(8, (0, 0.002652565, 3.3431e-5, 0.00268624)), (7, (1, 0.002241625, 9.5031e-5, 0.002336906))]), (34304, 16, 0.001866659, [(8, (0, 0.001542639, 3.3439e-5, 0.001576303)), (8, (1, 0.001750264, 6.0284e-5, 0.001810993))]), (34320, 15, 0.002678533, [(8, (0, 0.00265007, 2.6375e-5, 0.002676704)), (7, (1, 0.002118127, 3.2173e-5, 0.002150642))]), (34336, 16, 0.002287999, [(8, (0, 0.00225245, 3.4247e-5, 0.002287102)), (8, (1, 0.002029553, 6.5803e-5, 0.002095729))]), (34352, 16, 0.001810865, [(8, (0, 0.001776614, 3.2826e-5, 0.001809773)), (8, (1, 0.001704065, 4.6856e-5, 0.001751144))]), (34368, 16, 0.002353843, [(8, (0, 0.00203369, 2.6926e-5, 0.002060843)), (8, (1, 0.002262248, 5.4937e-5, 0.002317547))]), (34384, 16, 0.001927336, [(8, (0, 0.001738055, 3.286e-5, 0.001771163)), (8, (1, 0.001852615, 5.1234e-5, 0.001904213))]), (34400, 15, 0.002752812, [(8, (0, 0.002723293, 2.829e-5, 0.00275184)), (7, (1, 0.002650054, 3.6197e-5, 0.002686516))]), (34416, 14, 0.001859948, [(7, (0, 0.001828207, 3.0446e-5, 0.001858897)), (7, (1, 0.001616392, 4.0715e-5, 0.001657322))]), (34432, 16, 0.0018957, [(8, (0, 0.001858053, 3.6474e-5, 0.001894761)), (8, (1, 0.001801138, 6.8092e-5, 0.001869814))]), (34448, 14, 0.00192895, [(7, (0, 0.001900794, 2.7274e-5, 0.001928304)), (7, (1, 0.00161339, 4.0989e-5, 0.001654595))]), (34464, 16, 0.001672844, [(8, (0, 0.001648355, 2.3462e-5, 0.001672055)), (8, (1, 0.001557623, 4.4541e-5, 0.001602521))]), (34480, 16, 0.002305875, [(8, (0, 0.002273883, 3.0677e-5, 0.00230481)), (8, (1, 0.002069597, 3.8906e-5, 0.00210879))]), (34496, 15, 0.002550747, [(8, (0, 0.002522017, 2.733e-5, 0.002549628)), (7, (1, 0.002110724, 4.8652e-5, 0.002159657))]), (34512, 16, 0.002082707, [(8, (0, 0.001960393, 3.2229e-5, 0.001992868)), (8, (1, 0.00199476, 6.0456e-5, 0.002055819))]), (34528, 16, 0.002806896, [(8, (0, 0.002490062, 2.7636e-5, 0.002517966)), (8, (1, 0.002742622, 3.553e-5, 0.002778403))]), (34544, 16, 0.003344291, [(8, (0, 0.00253159, 3.5123e-5, 0.002566951)), (8, (1, 0.003190761, 4.4067e-5, 0.003235081))]), (34560, 15, 0.001460319, [(8, (0, 0.001415385, 4.2393e-5, 0.001458256)), (7, (1, 0.001300793, 6.281e-5, 0.001363914))]), (34576, 15, 0.001724267, [(8, (0, 0.001674319, 4.4266e-5, 0.001718856)), (7, (1, 0.001333698, 5.3194e-5, 0.001387145))]), (34592, 14, 0.001762221, [(7, (0, 0.0013755, 5.8207e-5, 0.001433948)), (7, (1, 0.001634807, 9.9331e-5, 0.001734614))]), (34608, 13, 0.001298905, [(7, (0, 0.001185065, 3.1577e-5, 0.001216906)), (6, (1, 0.001170723, 9.0012e-5, 0.001261039))]), (34624, 16, 0.002351179, [(8, (0, 0.002253141, 4.0486e-5, 0.002293952)), (8, (1, 0.002274271, 5.1856e-5, 0.002326393))]), (34640, 15, 0.001797952, [(8, (0, 0.001763951, 3.0018e-5, 0.001794264)), (7, (1, 0.001334368, 3.7185e-5, 0.001371816))]), (34656, 16, 0.002135168, [(8, (0, 0.002079245, 5.3845e-5, 0.002133356)), (8, (1, 0.001905482, 7.9856e-5, 0.001985663))]), (34672, 15, 0.001952361, [(8, (0, 0.001923127, 2.6812e-5, 0.001950173)), (7, (1, 0.001417836, 3.7321e-5, 0.001455391))]), (34688, 15, 0.002378813, [(8, (0, 0.002351031, 2.6717e-5, 0.002377975)), (7, (1, 0.002146948, 5.7302e-5, 0.002204812))]), (34704, 16, 0.002875999, [(8, (0, 0.002848488, 2.6284e-5, 0.002875002)), (8, (1, 0.002815547, 3.5464e-5, 0.002851245))]), (34720, 16, 0.002354435, [(8, (0, 0.002328738, 2.408e-5, 0.002353199)), (8, (1, 0.002052917, 3.315e-5, 0.002086292))]), (34736, 16, 0.003124985, [(8, (0, 0.003007484, 2.3825e-5, 0.003031537)), (8, (1, 0.003014524, 3.879e-5, 0.003053603))]), (34752, 16, 0.001935126, [(8, (0, 0.00167112, 2.8873e-5, 0.001700297)), (8, (1, 0.001849773, 3.8434e-5, 0.001888425))]), (34768, 16, 0.001850766, [(8, (0, 0.001821387, 2.8216e-5, 0.001849867)), (8, (1, 0.001569186, 3.4844e-5, 0.001604223))]), (34784, 15, 0.002279906, [(8, (0, 0.002248922, 2.8841e-5, 0.002278022)), (7, (1, 0.002107859, 5.5669e-5, 0.002164028))]), (34800, 16, 0.002260111, [(8, (0, 0.002223243, 3.5818e-5, 0.002259309)), (8, (1, 0.001432048, 4.4994e-5, 0.001477318))]), (34816, 15, 0.001495103, [(8, (0, 0.001304402, 3.0713e-5, 0.00133541)), (7, (1, 0.001408564, 5.7402e-5, 0.001466263))]), (34832, 14, 0.001188997, [(7, (0, 0.001165665, 2.2112e-5, 0.00118806)), (7, (1, 0.001116718, 2.8894e-5, 0.00114586))]), (34848, 15, 0.001328956, [(8, (0, 0.001291767, 3.6177e-5, 0.001328182)), (7, (1, 0.001212586, 4.2116e-5, 0.001254929))]), (34864, 16, 0.001586389, [(8, (0, 0.001489504, 3.2671e-5, 0.001522469)), (8, (1, 0.001516876, 4.0294e-5, 0.0015574))]), (34880, 16, 0.001737244, [(8, (0, 0.001424896, 4.1474e-5, 0.001466667)), (8, (1, 0.001595119, 0.000107666, 0.001703484))]), (34896, 16, 0.001653674, [(8, (0, 0.00161275, 3.7449e-5, 0.001650517)), (8, (1, 0.001469588, 4.3834e-5, 0.001513639))]), (34912, 15, 0.001522125, [(8, (0, 0.001481009, 3.9836e-5, 0.00152115)), (7, (1, 0.001338129, 7.0329e-5, 0.001408842))]), (34928, 16, 0.001643149, [(8, (0, 0.00120685, 2.9587e-5, 0.001236712)), (8, (1, 0.0015191, 8.1098e-5, 0.001600621))]), (34944, 11, 0.001348109, [(6, (0, 0.001314066, 3.2488e-5, 0.001346845)), (5, (1, 0.000782552, 4.491e-5, 0.000827677))]), (34960, 14, 0.001727077, [(7, (0, 0.001694644, 2.8955e-5, 0.00172399)), (7, (1, 0.001287135, 4.8356e-5, 0.001335961))]), (34976, 16, 0.002277971, [(8, (0, 0.0022343, 3.8331e-5, 0.002272974)), (8, (1, 0.001810179, 5.1528e-5, 0.001861983))]), (34992, 15, 0.001610416, [(8, (0, 0.001582849, 2.5636e-5, 0.001608807)), (7, (1, 0.001070179, 4.8657e-5, 0.00111915))]), (35008, 15, 0.001577251, [(8, (0, 0.001553969, 2.2051e-5, 0.001576253)), (7, (1, 0.001114771, 3.7125e-5, 0.001152178))]), (35024, 12, 0.001187899, [(6, (0, 0.001154705, 3.2307e-5, 0.001187236)), (6, (1, 0.00095308, 5.8492e-5, 0.001012229))]), (35040, 15, 0.001464256, [(8, (0, 0.001440218, 2.3056e-5, 0.001463502)), (7, (1, 0.001054816, 4.3089e-5, 0.001098263))]), (35056, 13, 0.001193847, [(7, (0, 0.001163533, 2.9156e-5, 0.001192908)), (6, (1, 0.001118131, 4.6908e-5, 0.001165254))]), (35072, 16, 0.001637316, [(8, (0, 0.001613272, 2.2554e-5, 0.001636064)), (8, (1, 0.001351789, 4.6375e-5, 0.001398613))]), (35088, 12, 0.001736641, [(6, (0, 0.001380002, 3.5146e-5, 0.001415396)), (6, (1, 0.00164576, 6.0602e-5, 0.001706845))]), (35104, 15, 0.001333868, [(8, (0, 0.001308898, 2.4109e-5, 0.001333259)), (7, (1, 0.001198341, 3.0667e-5, 0.001229275))]), (35120, 16, 0.001676452, [(8, (0, 0.001652374, 2.2711e-5, 0.001675322)), (8, (1, 0.001433163, 3.0761e-5, 0.001464152))]), (35136, 15, 0.001353241, [(8, (0, 0.001318797, 3.3571e-5, 0.001352581)), (7, (1, 0.001184977, 9.9714e-5, 0.001285171))]), (35152, 16, 0.001719988, [(8, (0, 0.001437636, 2.46e-5, 0.001462468)), (8, (1, 0.00151016, 4.0589e-5, 0.00155107))]), (35168, 15, 0.00141288, [(8, (0, 0.001382145, 2.9675e-5, 0.001412097)), (7, (1, 0.001215651, 4.6742e-5, 0.001262789))]), (35184, 13, 0.001318157, [(7, (0, 0.001282246, 3.3258e-5, 0.0013158)), (6, (1, 0.000928095, 4.9856e-5, 0.000978198))]), (35200, 16, 0.001348474, [(8, (0, 0.001309396, 3.5614e-5, 0.001345314)), (8, (1, 0.001188381, 4.1094e-5, 0.001229687))]), (35216, 16, 0.001467554, [(8, (0, 0.001430857, 3.5264e-5, 0.001466337)), (8, (1, 0.001316958, 7.5046e-5, 0.001392335))]), (35232, 16, 0.001287065, [(8, (0, 0.001158419, 2.384e-5, 0.001182474)), (8, (1, 0.001219046, 4.0171e-5, 0.00125954))]), (35248, 15, 0.001620373, [(8, (0, 0.001540838, 2.4459e-5, 0.001565591)), (7, (1, 0.001569792, 3.1151e-5, 0.001601179))]), (35264, 15, 0.001680564, [(8, (0, 0.001661301, 1.8027e-5, 0.001679627)), (7, (1, 0.001265524, 5.8841e-5, 0.001325668))]), (35280, 16, 0.002056177, [(8, (0, 0.002031907, 2.0103e-5, 0.002052512)), (8, (1, 0.001445419, 3.7779e-5, 0.0014835))]), (35296, 15, 0.001708408, [(8, (0, 0.001655217, 5.116e-5, 0.00170665)), (7, (1, 0.001225969, 0.000122277, 0.001348646))]), (35312, 16, 0.00154572, [(8, (0, 0.001509683, 3.4016e-5, 0.001543944)), (8, (1, 0.001405738, 5.0214e-5, 0.00145628))]), (35328, 15, 0.001335268, [(8, (0, 0.001299839, 3.3592e-5, 0.001333672)), (7, (1, 0.001183362, 7.706e-5, 0.00126078))]), (35344, 16, 0.001600699, [(8, (0, 0.001344117, 2.7017e-5, 0.00137136)), (8, (1, 0.001462995, 4.2756e-5, 0.001506086))]), (35360, 13, 0.001253733, [(7, (0, 0.001170204, 2.3414e-5, 0.0011939)), (6, (1, 0.001178459, 3.0943e-5, 0.001209676))]), (35376, 9, 0.00132178, [(5, (0, 0.001284465, 3.5273e-5, 0.001320022)), (4, (1, 0.000816096, 4.1309e-5, 0.000857604))]), (35392, 13, 0.00183065, [(7, (0, 0.001779943, 4.8752e-5, 0.001828964)), (6, (1, 0.001418325, 6.0938e-5, 0.001479474))]), (35408, 16, 0.002045402, [(8, (0, 0.002008624, 3.5469e-5, 0.002044315)), (8, (1, 0.001870647, 5.9294e-5, 0.001930241))]), (35424, 16, 0.001565845, [(8, (0, 0.001489831, 3.4138e-5, 0.001524206)), (8, (1, 0.001501456, 4.131e-5, 0.001542991))]), (35440, 14, 0.001536068, [(7, (0, 0.001454657, 2.9115e-5, 0.001484045)), (7, (1, 0.001479161, 3.4138e-5, 0.001513512))]), (35456, 14, 0.001709977, [(7, (0, 0.001173991, 2.6789e-5, 0.001201015)), (7, (1, 0.001637709, 3.2942e-5, 0.001670892))]), (35472, 16, 0.001253024, [(8, (0, 0.001226683, 2.5212e-5, 0.00125213)), (8, (1, 0.001152598, 3.1483e-5, 0.001184267))]), (35488, 16, 0.001886662, [(8, (0, 0.001812778, 2.1778e-5, 0.001834819)), (8, (1, 0.001838231, 2.8053e-5, 0.001866506))]), (35504, 16, 0.001716102, [(8, (0, 0.001689676, 2.5461e-5, 0.001715364)), (8, (1, 0.001548738, 3.4025e-5, 0.001590139))]), (35520, 16, 0.001815783, [(8, (0, 0.00177762, 2.8055e-5, 0.001805912)), (8, (1, 0.001778214, 3.5504e-5, 0.001813934))]), (35536, 16, 0.002233164, [(8, (0, 0.002200773, 3.1163e-5, 0.002232163)), (8, (1, 0.00196749, 3.8894e-5, 0.002006652))]), (35552, 14, 0.002436725, [(7, (0, 0.00241108, 2.4293e-5, 0.002435669)), (7, (1, 0.00173502, 4.3229e-5, 0.001778477))]), (35568, 16, 0.001667117, [(8, (0, 0.001457869, 3.6776e-5, 0.001494892)), (8, (1, 0.001585646, 5.8634e-5, 0.001644597))]), (35584, 16, 0.002042276, [(8, (0, 0.00160005, 2.9115e-5, 0.001629459)), (8, (1, 0.001942717, 3.4845e-5, 0.001977822))]), (35600, 14, 0.001480532, [(7, (0, 0.001149109, 2.1132e-5, 0.001170472)), (7, (1, 0.001428574, 2.7429e-5, 0.001456203))]), (35616, 14, 0.001902891, [(7, (0, 0.001483578, 2.9783e-5, 0.001513598)), (7, (1, 0.001845051, 3.5122e-5, 0.001880446))]), (35632, 16, 0.001921286, [(8, (0, 0.001890533, 2.9771e-5, 0.001920541)), (8, (1, 0.001348894, 3.53e-5, 0.001384406))]), (35648, 16, 0.001435688, [(8, (0, 0.001315469, 2.3044e-5, 0.001338756)), (8, (1, 0.001379955, 3.6979e-5, 0.001417222))]), (35664, 15, 0.001686708, [(8, (0, 0.001661943, 2.3785e-5, 0.001685975)), (7, (1, 0.001426824, 2.9479e-5, 0.001456539))]), (35680, 16, 0.002827488, [(8, (0, 0.002799142, 2.7297e-5, 0.002826672)), (8, (1, 0.002082989, 6.1678e-5, 0.002145224))]), (35696, 15, 0.001535574, [(8, (0, 0.001369559, 2.2916e-5, 0.001392713)), (7, (1, 0.00148077, 3.543e-5, 0.001516462))]), (35712, 15, 0.002393127, [(8, (0, 0.002370356, 2.1819e-5, 0.002392414)), (7, (1, 0.00204984, 2.8655e-5, 0.00207874))]), (35728, 16, 0.001635532, [(8, (0, 0.001610416, 2.4184e-5, 0.001634839)), (8, (1, 0.001211531, 3.3452e-5, 0.001245194))]), (35744, 16, 0.00179569, [(8, (0, 0.001769157, 2.5549e-5, 0.001794949)), (8, (1, 0.001461128, 4.1393e-5, 0.001502764))]), (35760, 13, 0.00173276, [(7, (0, 0.001703974, 2.7935e-5, 0.001732135)), (6, (1, 0.000951038, 4.4558e-5, 0.000995833))]), (35776, 15, 0.001820933, [(8, (0, 0.001792929, 2.5189e-5, 0.001818489)), (7, (1, 0.001607867, 3.969e-5, 0.001647906))]), (35792, 16, 0.001938487, [(8, (0, 0.001666156, 4.5584e-5, 0.001712119)), (8, (1, 0.001824585, 8.1015e-5, 0.001906245))]), (35808, 15, 0.002072597, [(8, (0, 0.002037837, 3.3581e-5, 0.002071705)), (7, (1, 0.001160465, 4.1828e-5, 0.00120254))]), (35824, 14, 0.001507346, [(7, (0, 0.001479965, 2.6214e-5, 0.001506447)), (7, (1, 0.001158493, 3.489e-5, 0.001193705))]), (35840, 16, 0.002156311, [(8, (0, 0.001541339, 2.7802e-5, 0.001569372)), (8, (1, 0.002001993, 7.9115e-5, 0.002081485))]), (35856, 16, 0.001359042, [(8, (0, 0.001327265, 3.0626e-5, 0.001358163)), (8, (1, 0.001159501, 3.6299e-5, 0.001196005))]), (35872, 15, 0.001645918, [(8, (0, 0.001616636, 2.8209e-5, 0.001645077)), (7, (1, 0.001195021, 9.0911e-5, 0.001286345))]), (35888, 16, 0.00160296, [(8, (0, 0.001290744, 2.2994e-5, 0.001313963)), (8, (1, 0.001497706, 8.0062e-5, 0.001578067))]), (35904, 14, 0.002448235, [(7, (0, 0.001494381, 2.611e-5, 0.001520732)), (7, (1, 0.002334431, 3.2618e-5, 0.002367295))]), (35920, 16, 0.001550565, [(8, (0, 0.001512987, 3.3638e-5, 0.001546872)), (8, (1, 0.001159951, 4.0219e-5, 0.001200417))]), (35936, 16, 0.002292307, [(8, (0, 0.002243169, 4.7731e-5, 0.00229123)), (8, (1, 0.001424678, 7.2445e-5, 0.001497521))]), (35952, 15, 0.001650887, [(8, (0, 0.001619051, 3.0897e-5, 0.001650177)), (7, (1, 0.001124752, 6.2661e-5, 0.001187801))]), (35968, 9, 0.002300221, [(5, (0, 0.002278195, 2.1029e-5, 0.002299452)), (4, (1, 0.001565057, 3.1387e-5, 0.001596762))]), (35984, 12, 0.001135017, [(6, (0, 0.001114121, 1.9988e-5, 0.001134336)), (6, (1, 0.000964365, 3.8791e-5, 0.001003543))]), (36000, 16, 0.001568613, [(8, (0, 0.00153305, 2.583e-5, 0.001559145)), (8, (1, 0.001522425, 4.4839e-5, 0.001567513))]), (36016, 15, 0.001579536, [(8, (0, 0.001550774, 2.7806e-5, 0.001578815)), (7, (1, 0.001257195, 8.8945e-5, 0.00134648))]), (36032, 14, 0.001457056, [(7, (0, 0.001428862, 2.2802e-5, 0.001451897)), (7, (1, 0.001417562, 3.7855e-5, 0.001455672))]), (36048, 14, 0.001542218, [(7, (0, 0.001517863, 2.324e-5, 0.00154132)), (7, (1, 0.00137825, 6.7385e-5, 0.001446901))]), (36064, 16, 0.002047085, [(8, (0, 0.001794359, 3.1891e-5, 0.001826469)), (8, (1, 0.001930365, 4.5554e-5, 0.001976241))]), (36080, 16, 0.001897717, [(8, (0, 0.001862495, 3.2769e-5, 0.001895557)), (8, (1, 0.001134172, 3.9846e-5, 0.001174243))]), (36096, 16, 0.001911116, [(8, (0, 0.001389905, 3.3169e-5, 0.001423309)), (8, (1, 0.00176224, 6.8256e-5, 0.001830782))]), (36112, 16, 0.001586893, [(8, (0, 0.001167457, 2.6744e-5, 0.001194477)), (8, (1, 0.00148303, 3.1852e-5, 0.001515126))]), (36128, 15, 0.001407398, [(8, (0, 0.001378933, 2.7538e-5, 0.001406756)), (7, (1, 0.001184712, 3.2973e-5, 0.001217883))]), (36144, 16, 0.002090878, [(8, (0, 0.001771616, 2.8141e-5, 0.001800141)), (8, (1, 0.002030018, 3.947e-5, 0.002069724))]), (36160, 16, 0.001517766, [(8, (0, 0.001487613, 2.9194e-5, 0.001517083)), (8, (1, 0.001197088, 8.6426e-5, 0.001283935))]), (36176, 16, 0.001731165, [(8, (0, 0.001532566, 2.8423e-5, 0.001561225)), (8, (1, 0.001672728, 4.0634e-5, 0.001713655))]), (36192, 16, 0.001790662, [(8, (0, 0.001768566, 2.1035e-5, 0.001789853)), (8, (1, 0.001506363, 2.6483e-5, 0.001533059))]), (36208, 15, 0.001609138, [(8, (0, 0.001585713, 2.2357e-5, 0.001608298)), (7, (1, 0.001261801, 8.9502e-5, 0.001352433))]), (36224, 16, 0.001621047, [(8, (0, 0.0014901, 4.9975e-5, 0.001540661)), (8, (1, 0.001500581, 7.3979e-5, 0.001575121))]), (36240, 16, 0.001385093, [(8, (0, 0.001353358, 3.0622e-5, 0.00138424)), (8, (1, 0.001291307, 5.7694e-5, 0.001349417))]), (36256, 14, 0.002356387, [(7, (0, 0.00232816, 2.6245e-5, 0.002354793)), (7, (1, 0.001378042, 3.3624e-5, 0.001411882))]), (36272, 15, 0.001375516, [(8, (0, 0.001252273, 3.9187e-5, 0.00129172)), (7, (1, 0.001303849, 5.1566e-5, 0.001355847))]), (36288, 13, 0.001675871, [(7, (0, 0.001585438, 2.9527e-5, 0.001615328)), (6, (1, 0.001610355, 4.2408e-5, 0.001653262))]), (36304, 16, 0.002108151, [(8, (0, 0.00184304, 3.2674e-5, 0.001875977)), (8, (1, 0.002008994, 7.9966e-5, 0.00208943))]), (36320, 16, 0.001465351, [(8, (0, 0.001285781, 2.4121e-5, 0.001310166)), (8, (1, 0.001360035, 7.7168e-5, 0.001437597))]), (36336, 15, 0.00135276, [(8, (0, 0.001314621, 3.7262e-5, 0.001352108)), (7, (1, 0.001131336, 4.3043e-5, 0.00117461))]), (36352, 14, 0.001499126, [(7, (0, 0.001243648, 2.1806e-5, 0.001265686)), (7, (1, 0.001401099, 7.1755e-5, 0.001473134))]), (36368, 13, 0.0021005, [(7, (0, 0.002069188, 3.0158e-5, 0.002099595)), (6, (1, 0.001380361, 3.8496e-5, 0.001419112))]), (36384, 14, 0.001533353, [(7, (0, 0.001404603, 2.8139e-5, 0.001432975)), (7, (1, 0.001448284, 6.8753e-5, 0.001517236))]), (36400, 13, 0.001691957, [(7, (0, 0.001663776, 2.6864e-5, 0.001690877)), (6, (1, 0.001279485, 3.1716e-5, 0.001311399))]), (36416, 15, 0.001671859, [(8, (0, 0.001646854, 2.3832e-5, 0.001670908)), (7, (1, 0.001245017, 6.2371e-5, 0.001308066))]), (36432, 14, 0.001934396, [(7, (0, 0.001905386, 2.7659e-5, 0.001933269)), (7, (1, 0.001679873, 8.8485e-5, 0.001768841))]), (36448, 10, 0.001364821, [(5, (0, 0.001101801, 2.6054e-5, 0.001128081)), (5, (1, 0.00128021, 3.4301e-5, 0.001314766))]), (36464, 13, 0.001358915, [(7, (0, 0.001263206, 3.0306e-5, 0.0012938)), (6, (1, 0.001301448, 4.038e-5, 0.0013421))]), (36480, 15, 0.001432755, [(8, (0, 0.001406794, 2.4817e-5, 0.001431902)), (7, (1, 0.001327906, 3.123e-5, 0.001359564))]), (36496, 16, 0.001730178, [(8, (0, 0.001702837, 2.6227e-5, 0.001729303)), (8, (1, 0.001553497, 4.5591e-5, 0.001599535))]), (36512, 13, 0.0016978, [(7, (0, 0.001614546, 2.7316e-5, 0.001642217)), (6, (1, 0.001631766, 4.2014e-5, 0.001674219))]), (36528, 16, 0.00256741, [(8, (0, 0.002156289, 3.0452e-5, 0.002187002)), (8, (1, 0.002488709, 3.6393e-5, 0.002525395))]), (36544, 15, 0.001660592, [(8, (0, 0.001630408, 2.899e-5, 0.001659692)), (7, (1, 0.001528627, 4.1915e-5, 0.001570964))]), (36560, 11, 0.001131486, [(6, (0, 0.001112624, 1.7869e-5, 0.001130755)), (5, (1, 0.000859753, 3.1279e-5, 0.000895957))]), (36576, 13, 0.001423717, [(7, (0, 0.001396513, 2.629e-5, 0.001423036)), (6, (1, 0.001099066, 3.601e-5, 0.001135347))]), (36592, 10, 0.002625058, [(5, (0, 0.002597928, 2.3195e-5, 0.002621335)), (5, (1, 0.002590437, 3.3162e-5, 0.002623863))]), (36608, 16, 0.002263251, [(8, (0, 0.002049209, 3.2554e-5, 0.002082009)), (8, (1, 0.002172924, 3.8996e-5, 0.002212151))]), (36624, 15, 0.002300396, [(8, (0, 0.001574101, 2.9646e-5, 0.001604025)), (7, (1, 0.00222441, 4.2083e-5, 0.002266755))]), (36640, 14, 0.001528179, [(7, (0, 0.001496713, 3.0314e-5, 0.001527274)), (7, (1, 0.001208564, 4.3709e-5, 0.001252839))]), (36656, 14, 0.001415425, [(7, (0, 0.00138704, 2.7113e-5, 0.001414429)), (7, (1, 0.001341666, 6.2802e-5, 0.001404868))]), (36672, 15, 0.001506423, [(8, (0, 0.001468337, 3.5882e-5, 0.001504647)), (7, (1, 0.001257669, 4.2941e-5, 0.001300837))]), (36688, 16, 0.001582768, [(8, (0, 0.001512929, 3.228e-5, 0.001545492)), (8, (1, 0.001491731, 6.882e-5, 0.001561284))]), (36704, 15, 0.001598687, [(8, (0, 0.001568656, 2.8088e-5, 0.001597078)), (7, (1, 0.001334578, 4.2391e-5, 0.001377308))]), (36720, 16, 0.00180985, [(8, (0, 0.001390693, 3.3338e-5, 0.001424413)), (8, (1, 0.001615336, 6.3354e-5, 0.00167927))]), (36736, 16, 0.001545319, [(8, (0, 0.001510079, 3.4114e-5, 0.001544443)), (8, (1, 0.001454021, 3.988e-5, 0.001494192))]), (36752, 15, 0.002239157, [(8, (0, 0.002039011, 3.1699e-5, 0.002071117)), (7, (1, 0.002168967, 4.7591e-5, 0.002217143))]), (36768, 16, 0.001429676, [(8, (0, 0.001403997, 2.4539e-5, 0.001428811)), (8, (1, 0.001325451, 3.0923e-5, 0.001356653))]), (36784, 15, 0.001345418, [(8, (0, 0.001321229, 2.2377e-5, 0.001344009)), (7, (1, 0.001257778, 7.7335e-5, 0.001335589))]), (36800, 16, 0.001641078, [(8, (0, 0.001298556, 2.4164e-5, 0.001322977)), (8, (1, 0.00152229, 4.336e-5, 0.00156592))]), (36816, 15, 0.001339418, [(8, (0, 0.001306984, 3.1243e-5, 0.001338491)), (7, (1, 0.001225467, 3.8527e-5, 0.001264389))]), (36832, 16, 0.001631963, [(8, (0, 0.001602782, 2.7397e-5, 0.001630513)), (8, (1, 0.001588056, 4.0641e-5, 0.001629087))]), (36848, 16, 0.001507789, [(8, (0, 0.001464758, 3.7852e-5, 0.001503052)), (8, (1, 0.001462172, 4.282e-5, 0.001505266))]), (36864, 10, 0.001067364, [(5, (0, 0.000837798, 3.0028e-5, 0.000868055)), (5, (1, 0.000991116, 3.9454e-5, 0.001030795))]), (36880, 16, 0.001627383, [(8, (0, 0.001595769, 3.0072e-5, 0.001626104)), (8, (1, 0.001511105, 3.6696e-5, 0.001548296))]), (36896, 16, 0.001472833, [(8, (0, 0.001404559, 2.9193e-5, 0.001434006)), (8, (1, 0.001367461, 8.3177e-5, 0.001450979))]), (36912, 15, 0.002531726, [(8, (0, 0.00250563, 2.5082e-5, 0.002530949)), (7, (1, 0.00196235, 3.1732e-5, 0.001994347))]), (36928, 12, 0.001175325, [(6, (0, 0.001148685, 2.5698e-5, 0.001174618)), (6, (1, 0.001092814, 3.2934e-5, 0.001125955))]), (36944, 14, 0.00126324, [(7, (0, 0.001239666, 2.2545e-5, 0.001262435)), (7, (1, 0.001166377, 2.8162e-5, 0.001194748))]), (36960, 14, 0.001499488, [(7, (0, 0.001478557, 1.9988e-5, 0.001498782)), (7, (1, 0.001369519, 2.544e-5, 0.001395145))]), (36976, 11, 0.00103599, [(6, (0, 0.001011774, 2.3413e-5, 0.001035386)), (5, (1, 0.000846595, 2.9042e-5, 0.000875831))]), (36992, 9, 0.000810704, [(5, (0, 0.000790602, 1.9197e-5, 0.000810026)), (4, (1, 0.000625523, 2.8562e-5, 0.000654338))]), (37008, 15, 0.001905007, [(8, (0, 0.001882363, 2.024e-5, 0.001903065)), (7, (1, 0.00129298, 3.1977e-5, 0.001325229))]), (37024, 16, 0.002640022, [(8, (0, 0.00260168, 3.5923e-5, 0.002638058)), (8, (1, 0.001976973, 4.6106e-5, 0.002023309))]), (37040, 12, 0.001269454, [(6, (0, 0.001001088, 3.5876e-5, 0.001037246)), (6, (1, 0.001165103, 7.4266e-5, 0.00124038))]), (37056, 16, 0.001668431, [(8, (0, 0.001638031, 2.92e-5, 0.001667513)), (8, (1, 0.001436221, 4.2083e-5, 0.001478604))]), (37072, 13, 0.001356189, [(7, (0, 0.001293916, 2.4594e-5, 0.001318753)), (6, (1, 0.001296929, 3.3783e-5, 0.001331103))]), (37088, 12, 0.001225577, [(6, (0, 0.001103006, 2.2437e-5, 0.001125697)), (6, (1, 0.001156957, 3.639e-5, 0.001198319))]), (37104, 8, 0.00069621, [(4, (0, 0.000624371, 3.1998e-5, 0.000656597)), (4, (1, 0.000626912, 4.2993e-5, 0.000670201))]), (37120, 16, 0.002446295, [(8, (0, 0.002216013, 2.9782e-5, 0.002246086)), (8, (1, 0.002357206, 4.2072e-5, 0.002399677))]), (37136, 10, 0.001155215, [(5, (0, 0.001129905, 2.4383e-5, 0.001154548)), (5, (1, 0.000772109, 2.9863e-5, 0.000802224))]), (37152, 13, 0.001323513, [(7, (0, 0.001298918, 2.3596e-5, 0.00132281)), (6, (1, 0.001108832, 4.469e-5, 0.001153844))]), (37168, 15, 0.00135617, [(8, (0, 0.001332911, 2.2319e-5, 0.001355467)), (7, (1, 0.001102216, 3.8955e-5, 0.001141461))]), (37184, 16, 0.00138997, [(8, (0, 0.001361828, 2.1677e-5, 0.001383722)), (8, (1, 0.001358959, 2.9667e-5, 0.001388869))]), (37200, 14, 0.001383049, [(7, (0, 0.00136166, 2.0504e-5, 0.001382384)), (7, (1, 0.001335519, 2.6321e-5, 0.001362076))]), (37216, 16, 0.001469209, [(8, (0, 0.001393812, 2.3433e-5, 0.001417454)), (8, (1, 0.001420971, 2.928e-5, 0.001450469))]), (37232, 14, 0.001274134, [(7, (0, 0.001251352, 2.0036e-5, 0.001271612)), (7, (1, 0.001247498, 2.5634e-5, 0.001273315))]), (37248, 16, 0.00171798, [(8, (0, 0.001698599, 1.8117e-5, 0.001716957)), (8, (1, 0.001513676, 2.3521e-5, 0.001537405))]), (37264, 15, 0.001467906, [(8, (0, 0.001440308, 2.6536e-5, 0.001467061)), (7, (1, 0.0010962, 3.2091e-5, 0.001128489))]), (37280, 16, 0.001517132, [(8, (0, 0.001306187, 2.6342e-5, 0.001332778)), (8, (1, 0.001429259, 6.3613e-5, 0.001493558))]), (37296, 14, 0.001281644, [(7, (0, 0.001165158, 2.2774e-5, 0.001188159)), (7, (1, 0.00123648, 2.8349e-5, 0.001265009))]), (37312, 16, 0.001758471, [(8, (0, 0.001735408, 2.0841e-5, 0.001756474)), (8, (1, 0.00150325, 2.655e-5, 0.001530029))]), (37328, 15, 0.001596696, [(8, (0, 0.001556347, 3.9295e-5, 0.001595859)), (7, (1, 0.001289863, 5.3546e-5, 0.001343933))]), (37344, 13, 0.001372751, [(7, (0, 0.001341963, 2.9901e-5, 0.001372075)), (6, (1, 0.001150334, 6.4429e-5, 0.001215254))]), (37360, 16, 0.002037208, [(8, (0, 0.001776512, 2.8976e-5, 0.001805859)), (8, (1, 0.001882991, 0.000106135, 0.001990466))]), (37376, 15, 0.001748767, [(8, (0, 0.001711639, 3.5749e-5, 0.001747707)), (7, (1, 0.001379336, 5.3557e-5, 0.001433114))]), (37392, 13, 0.001390069, [(7, (0, 0.001362347, 2.5448e-5, 0.001388112)), (6, (1, 0.001045444, 3.2513e-5, 0.001078139))]), (37408, 16, 0.001509524, [(8, (0, 0.001343489, 3.7259e-5, 0.001380978)), (8, (1, 0.001407622, 7.2979e-5, 0.001481013))]), (37424, 16, 0.001456673, [(8, (0, 0.001215565, 3.0319e-5, 0.001246126)), (8, (1, 0.001351644, 5.1784e-5, 0.001403719))]), (37440, 16, 0.001388074, [(8, (0, 0.001252939, 2.9964e-5, 0.001283184)), (8, (1, 0.001291076, 4.6963e-5, 0.001338291))]), (37456, 16, 0.001893165, [(8, (0, 0.001512635, 2.3289e-5, 0.001536166)), (8, (1, 0.001770389, 3.6029e-5, 0.001806778))]), (37472, 16, 0.001601625, [(8, (0, 0.001568852, 2.9812e-5, 0.001598974)), (8, (1, 0.001354344, 3.5961e-5, 0.001390589))]), (37488, 16, 0.001442347, [(8, (0, 0.001400729, 4.0396e-5, 0.001441368)), (8, (1, 0.001256573, 6.2266e-5, 0.001319141))]), (37504, 16, 0.001952139, [(8, (0, 0.001690919, 3.0483e-5, 0.001721649)), (8, (1, 0.001859531, 3.7147e-5, 0.001896914))]), (37520, 15, 0.001781021, [(8, (0, 0.001746836, 3.1854e-5, 0.001779073)), (7, (1, 0.001110623, 4.1097e-5, 0.001151915))]), (37536, 16, 0.001508036, [(8, (0, 0.001350982, 3.4295e-5, 0.001385539)), (8, (1, 0.001397193, 8.3778e-5, 0.00148135))]), (37552, 16, 0.001551095, [(8, (0, 0.001520549, 2.8683e-5, 0.001549447)), (8, (1, 0.001241448, 4.1357e-5, 0.001283116))]), (37568, 15, 0.000815323, [(8, (0, 0.000784324, 2.9403e-5, 0.000813947)), (7, (1, 0.000627482, 5.1227e-5, 0.00067897))]), (37584, 16, 0.002090111, [(8, (0, 0.002048832, 3.9322e-5, 0.002088394)), (8, (1, 0.001578087, 5.2775e-5, 0.001631559))]), (37600, 15, 0.002307906, [(8, (0, 0.002273743, 3.2971e-5, 0.002306931)), (7, (1, 0.001872136, 0.000103747, 0.001976604))]), (37616, 16, 0.002500981, [(8, (0, 0.002470357, 2.9658e-5, 0.002500254)), (8, (1, 0.002069939, 4.684e-5, 0.002117173))]), (37632, 16, 0.001860203, [(8, (0, 0.00173254, 2.9692e-5, 0.001762554)), (8, (1, 0.001777825, 4.4646e-5, 0.001823049))]), (37648, 14, 0.001901851, [(7, (0, 0.001595852, 3.242e-5, 0.001628497)), (7, (1, 0.00180343, 4.145e-5, 0.001845178))]), (37664, 14, 0.002044781, [(7, (0, 0.002011202, 3.1761e-5, 0.002043345)), (7, (1, 0.001566934, 4.6345e-5, 0.001613704))]), (37680, 16, 0.001979738, [(8, (0, 0.001942969, 3.4699e-5, 0.001977932)), (8, (1, 0.00163859, 4.8662e-5, 0.00168762))]), (37696, 15, 0.002112514, [(8, (0, 0.001776507, 3.8279e-5, 0.001815061)), (7, (1, 0.001998928, 5.5735e-5, 0.0020551))]), (37712, 13, 0.00165873, [(7, (0, 0.001625799, 3.0256e-5, 0.001656336)), (6, (1, 0.001200445, 3.9218e-5, 0.00123994))]), (37728, 16, 0.002121906, [(8, (0, 0.001966309, 5.3204e-5, 0.002019825)), (8, (1, 0.002012881, 8.5073e-5, 0.002098317))]), (37744, 14, 0.001664518, [(7, (0, 0.001625141, 3.6162e-5, 0.001661725)), (7, (1, 0.00143493, 4.2997e-5, 0.001478152))]), (37760, 16, 0.002204098, [(8, (0, 0.001713952, 3.7402e-5, 0.001751621)), (8, (1, 0.00207965, 5.9992e-5, 0.002139944))]), (37776, 16, 0.00208289, [(8, (0, 0.001723483, 3.9234e-5, 0.001763066)), (8, (1, 0.001998761, 4.961e-5, 0.00204863))]), (37792, 16, 0.002926428, [(8, (0, 0.002229787, 4.2898e-5, 0.002273069)), (8, (1, 0.002827557, 5.1821e-5, 0.002879866))]), (37808, 13, 0.001768404, [(7, (0, 0.001731903, 3.4045e-5, 0.00176629)), (6, (1, 0.001106344, 5.7174e-5, 0.001163894))]), (37824, 16, 0.001930563, [(8, (0, 0.00154087, 4.4057e-5, 0.001585182)), (8, (1, 0.001802766, 7.7971e-5, 0.001881142))]), (37840, 15, 0.001946575, [(8, (0, 0.001910533, 3.4676e-5, 0.00194556)), (7, (1, 0.001774969, 8.6268e-5, 0.001861704))]), (37856, 16, 0.002077048, [(8, (0, 0.002042647, 3.2704e-5, 0.002075587)), (8, (1, 0.001473966, 5.801e-5, 0.001532227))]), (37872, 13, 0.001931018, [(7, (0, 0.001887672, 4.1478e-5, 0.001929557)), (6, (1, 0.001442074, 7.1027e-5, 0.001513693))]), (37888, 16, 0.001424535, [(8, (0, 0.001229039, 2.8071e-5, 0.001257409)), (8, (1, 0.001321457, 4.4656e-5, 0.001366389))]), (37904, 13, 0.001878096, [(7, (0, 0.001641044, 3.6526e-5, 0.001677881)), (6, (1, 0.001745071, 5.6694e-5, 0.001802144))]), (37920, 16, 0.002387538, [(8, (0, 0.002324135, 5.9127e-5, 0.002383644)), (8, (1, 0.002129442, 8.4602e-5, 0.002214882))]), (37936, 16, 0.002068946, [(8, (0, 0.001633262, 6.3956e-5, 0.001697672)), (8, (1, 0.001935915, 9.1969e-5, 0.002028265))]), (37952, 15, 0.001991622, [(8, (0, 0.001951371, 3.7056e-5, 0.00198879)), (7, (1, 0.001443582, 5.1e-5, 0.00149483))]), (37968, 16, 0.002407523, [(8, (0, 0.001667416, 4.1253e-5, 0.001709053)), (8, (1, 0.002293357, 5.1136e-5, 0.002344714))]), (37984, 13, 0.001382026, [(7, (0, 0.00134893, 3.1347e-5, 0.001380565)), (6, (1, 0.001128689, 4.7811e-5, 0.00117682))]), (38000, 16, 0.001388309, [(8, (0, 0.00133426, 5.2478e-5, 0.001387157)), (8, (1, 0.001217163, 6.2205e-5, 0.001279712))]), (38016, 16, 0.001488319, [(8, (0, 0.001447682, 3.7548e-5, 0.001485597)), (8, (1, 0.001403981, 4.4224e-5, 0.001448566))]), (38032, 15, 0.001527868, [(8, (0, 0.001486198, 3.8338e-5, 0.00152479)), (7, (1, 0.001148329, 4.6418e-5, 0.001194958))]), (38048, 16, 0.001426451, [(8, (0, 0.001382297, 4.231e-5, 0.001424878)), (8, (1, 0.0013069, 7.5661e-5, 0.001382869))]), (38064, 16, 0.001509064, [(8, (0, 0.00148085, 2.68e-5, 0.00150787)), (8, (1, 0.001335637, 4.1312e-5, 0.001377254))]), (38080, 16, 0.001342468, [(8, (0, 0.001312551, 2.8598e-5, 0.001341436)), (8, (1, 0.00127482, 3.5499e-5, 0.00131055))]), (38096, 16, 0.001369734, [(8, (0, 0.001342424, 2.6199e-5, 0.001368838)), (8, (1, 0.001231052, 3.4227e-5, 0.001265487))]), (38112, 14, 0.001431195, [(7, (0, 0.001237347, 3.3395e-5, 0.001270959)), (7, (1, 0.001352736, 5.3269e-5, 0.001406325))]), (38128, 16, 0.001591479, [(8, (0, 0.00155784, 3.267e-5, 0.001590742)), (8, (1, 0.001473427, 5.2128e-5, 0.001525924))]), (38144, 16, 0.001431063, [(8, (0, 0.0012543, 2.6582e-5, 0.00128121)), (8, (1, 0.001348246, 5.197e-5, 0.001400533))]), (38160, 16, 0.001519636, [(8, (0, 0.001493734, 2.4937e-5, 0.001518922)), (8, (1, 0.001345798, 5.281e-5, 0.001399059))]), (38176, 16, 0.001541419, [(8, (0, 0.001387884, 2.955e-5, 0.001417661)), (8, (1, 0.00144811, 4.2721e-5, 0.001491085))]), (38192, 16, 0.001473846, [(8, (0, 0.001305498, 3.4761e-5, 0.001340549)), (8, (1, 0.001372419, 4.384e-5, 0.001416464))]), (38208, 16, 0.001483199, [(8, (0, 0.001453419, 2.8499e-5, 0.001482157)), (8, (1, 0.001377384, 8.812e-5, 0.001465829))]), (38224, 16, 0.001572847, [(8, (0, 0.001541844, 2.9119e-5, 0.001571276)), (8, (1, 0.001283212, 4.4397e-5, 0.001328131))]), (38240, 16, 0.001551405, [(8, (0, 0.001289612, 3.2929e-5, 0.00132277)), (8, (1, 0.001432946, 8.2388e-5, 0.001516281))]), (38256, 15, 0.00139496, [(8, (0, 0.001271664, 2.6875e-5, 0.001298796)), (7, (1, 0.001309105, 5.276e-5, 0.001362136))]), (38272, 16, 0.001370717, [(8, (0, 0.001334513, 3.3929e-5, 0.001368716)), (8, (1, 0.001328429, 4.0345e-5, 0.001368987))]), (38288, 15, 0.00173787, [(8, (0, 0.00169353, 4.2081e-5, 0.001736036)), (7, (1, 0.001405489, 6.6317e-5, 0.001472186))]), (38304, 15, 0.00177545, [(8, (0, 0.001736383, 3.7391e-5, 0.001773981)), (7, (1, 0.001607487, 4.553e-5, 0.001653423))]), (38320, 16, 0.001877436, [(8, (0, 0.001445635, 2.8912e-5, 0.00147478)), (8, (1, 0.001673053, 3.5788e-5, 0.001709077))]), (38336, 16, 0.001826562, [(8, (0, 0.001731381, 3.1689e-5, 0.001763442)), (8, (1, 0.001754147, 4.7893e-5, 0.001802268))]), (38352, 16, 0.001597937, [(8, (0, 0.001558412, 3.2618e-5, 0.001591288)), (8, (1, 0.001548329, 4.7962e-5, 0.001596558))]), (38368, 13, 0.001425553, [(7, (0, 0.001395335, 2.8218e-5, 0.001423816)), (6, (1, 0.001192854, 4.0044e-5, 0.001233171))]), (38384, 14, 0.001763274, [(7, (0, 0.001723313, 3.8757e-5, 0.001762293)), (7, (1, 0.001241169, 5.1102e-5, 0.001292553))]), (38400, 16, 0.002582628, [(8, (0, 0.00254836, 3.2527e-5, 0.002581102)), (8, (1, 0.00247362, 5.5839e-5, 0.002529728))]), (38416, 15, 0.001600075, [(8, (0, 0.001575338, 2.3363e-5, 0.001598928)), (7, (1, 0.001219559, 3.0652e-5, 0.001250435))]), (38432, 16, 0.002066341, [(8, (0, 0.001914076, 2.4823e-5, 0.001939123)), (8, (1, 0.001986083, 5.2597e-5, 0.00203918))]), (38448, 14, 0.001320544, [(7, (0, 0.001191711, 2.6719e-5, 0.001218659)), (7, (1, 0.001220627, 6.4431e-5, 0.001285495))]), (38464, 16, 0.001482785, [(8, (0, 0.001450801, 3.0272e-5, 0.001481338)), (8, (1, 0.001313462, 5.2636e-5, 0.001366322))]), (38480, 16, 0.001654601, [(8, (0, 0.001594222, 4.0348e-5, 0.001634832)), (8, (1, 0.001604557, 4.6719e-5, 0.001651664))]), (38496, 16, 0.002177663, [(8, (0, 0.002123709, 5.1515e-5, 0.002175514)), (8, (1, 0.001854509, 7.017e-5, 0.001925085))]), (38512, 16, 0.001769401, [(8, (0, 0.001654323, 3.3655e-5, 0.001688264)), (8, (1, 0.001674197, 6.9099e-5, 0.001743558))]), (38528, 16, 0.00138494, [(8, (0, 0.001349595, 3.1393e-5, 0.001381232)), (8, (1, 0.001292063, 9.12e-5, 0.001383563))]), (38544, 15, 0.001731036, [(8, (0, 0.001696983, 3.0456e-5, 0.001727783)), (7, (1, 0.001653574, 4.5262e-5, 0.001699556))]), (38560, 16, 0.001348912, [(8, (0, 0.001244736, 3.5872e-5, 0.001280835)), (8, (1, 0.001259637, 5.9218e-5, 0.001319183))]), (38576, 7, 0.001116559, [(4, (0, 0.001082594, 3.301e-5, 0.001115894)), (3, (1, 0.000757916, 3.9179e-5, 0.000797292))]), (38592, 16, 0.001613893, [(8, (0, 0.001323036, 3.7878e-5, 0.001361162)), (8, (1, 0.001514537, 5.3654e-5, 0.001568576))]), (38608, 15, 0.00168347, [(8, (0, 0.001643022, 3.9131e-5, 0.001682427)), (7, (1, 0.001018181, 5.5618e-5, 0.001074038))]), (38624, 16, 0.001676731, [(8, (0, 0.001641623, 3.2982e-5, 0.001674882)), (8, (1, 0.001341689, 4.4292e-5, 0.001386408))]), (38640, 16, 0.002025754, [(8, (0, 0.00198569, 3.7551e-5, 0.002023704)), (8, (1, 0.001677562, 4.5132e-5, 0.001723058))]), (38656, 16, 0.001474692, [(8, (0, 0.001322394, 3.6966e-5, 0.001359654)), (8, (1, 0.001391517, 5.2914e-5, 0.001444824))]), (38672, 16, 0.001998496, [(8, (0, 0.00194119, 5.5618e-5, 0.00199705)), (8, (1, 0.001578251, 6.7253e-5, 0.001645786))]), (38688, 16, 0.00173959, [(8, (0, 0.001705853, 3.2135e-5, 0.001738201)), (8, (1, 0.001322121, 5.0305e-5, 0.001372823))]), (38704, 16, 0.002052098, [(8, (0, 0.002020279, 3.0452e-5, 0.002050953)), (8, (1, 0.001733457, 4.6008e-5, 0.001779851))]), (38720, 16, 0.001710673, [(8, (0, 0.001662204, 2.8629e-5, 0.001691191)), (8, (1, 0.001659316, 4.7531e-5, 0.001707323))]), (38736, 16, 0.002156838, [(8, (0, 0.001682172, 3.1928e-5, 0.001714541)), (8, (1, 0.002073191, 3.9377e-5, 0.002112875))]), (38752, 14, 0.001895789, [(7, (0, 0.001846567, 4.6847e-5, 0.001893689)), (7, (1, 0.001655115, 6.084e-5, 0.001716318))]), (38768, 16, 0.001996628, [(8, (0, 0.001961038, 3.2806e-5, 0.001994209)), (8, (1, 0.001860226, 5.823e-5, 0.001919072))]), (38784, 15, 0.001811755, [(8, (0, 0.001763468, 4.5259e-5, 0.001809179)), (7, (1, 0.001163317, 6.0957e-5, 0.001224721))]), (38800, 16, 0.002121348, [(8, (0, 0.001712038, 4.1482e-5, 0.00175377)), (8, (1, 0.002034377, 6.131e-5, 0.002096078))]), (38816, 14, 0.001512295, [(7, (0, 0.001470807, 3.9292e-5, 0.001510373)), (7, (1, 0.001274544, 4.7235e-5, 0.001322054))]), (38832, 16, 0.001998906, [(8, (0, 0.001941229, 5.6279e-5, 0.001997732)), (8, (1, 0.001598251, 8.0757e-5, 0.001679455))]), (38848, 15, 0.001830206, [(8, (0, 0.001796249, 3.0558e-5, 0.001827273)), (7, (1, 0.001554995, 7.0221e-5, 0.001626118))]), (38864, 13, 0.00238485, [(7, (0, 0.002344106, 3.848e-5, 0.002382957)), (6, (1, 0.001540995, 5.7137e-5, 0.001598671))]), (38880, 16, 0.001841535, [(8, (0, 0.001796325, 4.2332e-5, 0.001839243)), (8, (1, 0.001329239, 5.4863e-5, 0.001384659))]), (38896, 16, 0.00253778, [(8, (0, 0.002491724, 4.3754e-5, 0.002535781)), (8, (1, 0.001965968, 6.327e-5, 0.002029732))]), (38912, 16, 0.001501145, [(8, (0, 0.001467422, 3.1928e-5, 0.001499601)), (8, (1, 0.001436882, 4.9743e-5, 0.001487091))]), (38928, 15, 0.001893423, [(8, (0, 0.001862803, 2.8352e-5, 0.001891604)), (7, (1, 0.001798452, 3.6559e-5, 0.001835268))]), (38944, 15, 0.001522241, [(8, (0, 0.00147974, 3.9659e-5, 0.001519693)), (7, (1, 0.001260397, 5.1594e-5, 0.001312232))]), (38960, 16, 0.00154598, [(8, (0, 0.001499963, 4.3798e-5, 0.001544039)), (8, (1, 0.001331254, 6.7142e-5, 0.001399007))]), (38976, 15, 0.00168911, [(8, (0, 0.001649031, 3.7878e-5, 0.001687153)), (7, (1, 0.001222635, 9.7725e-5, 0.001320702))]), (38992, 13, 0.001230146, [(7, (0, 0.001189994, 3.2162e-5, 0.001222408)), (6, (1, 0.001172721, 4.9447e-5, 0.00122242))]), (39008, 14, 0.00142031, [(7, (0, 0.00125886, 3.3372e-5, 0.001292465)), (7, (1, 0.001343731, 5.1536e-5, 0.001395746))]), (39024, 16, 0.002495076, [(8, (0, 0.002453989, 3.9742e-5, 0.002493971)), (8, (1, 0.001968163, 4.5632e-5, 0.002014149))]), (39040, 15, 0.002105874, [(8, (0, 0.002074898, 2.9795e-5, 0.00210492)), (7, (1, 0.001943989, 5.4876e-5, 0.001999126))]), (39056, 15, 0.002044605, [(8, (0, 0.002014525, 2.6645e-5, 0.002041585)), (7, (1, 0.001776496, 4.5051e-5, 0.001822219))]), (39072, 14, 0.001995787, [(7, (0, 0.001948782, 4.5552e-5, 0.001994642)), (7, (1, 0.00152757, 5.9975e-5, 0.0015878))]), (39088, 16, 0.001659495, [(8, (0, 0.001615611, 4.1918e-5, 0.001657846)), (8, (1, 0.001525277, 6.1911e-5, 0.001587455))]), (39104, 15, 0.00150071, [(8, (0, 0.00147391, 2.5439e-5, 0.001499595)), (7, (1, 0.001310624, 4.6662e-5, 0.001357707))]), (39120, 15, 0.001893918, [(8, (0, 0.001604132, 2.3207e-5, 0.001627596)), (7, (1, 0.001794114, 4.3835e-5, 0.001838418))]), (39136, 15, 0.002060752, [(8, (0, 0.002027124, 3.1474e-5, 0.002058929)), (7, (1, 0.001884134, 3.8669e-5, 0.001923203))]), (39152, 16, 0.001885613, [(8, (0, 0.001849703, 3.4031e-5, 0.001884002)), (8, (1, 0.001765466, 4.7336e-5, 0.001813099))]), (39168, 16, 0.001608348, [(8, (0, 0.001575038, 3.1825e-5, 0.001607114)), (8, (1, 0.001405697, 3.8734e-5, 0.001444631))]), (39184, 16, 0.00240332, [(8, (0, 0.002322275, 7.9436e-5, 0.002401971)), (8, (1, 0.00202337, 0.000105013, 0.002128866))]), (39200, 16, 0.00178243, [(8, (0, 0.001736195, 4.3795e-5, 0.001780328)), (8, (1, 0.001450603, 6.2725e-5, 0.001513603))]), (39216, 16, 0.001383301, [(8, (0, 0.001226078, 2.9721e-5, 0.001256149)), (8, (1, 0.001317784, 4.1467e-5, 0.001359488))]), (39232, 16, 0.001263989, [(8, (0, 0.001132642, 2.8873e-5, 0.001161741)), (8, (1, 0.001164651, 3.7078e-5, 0.001201965))]), (39248, 12, 0.001095112, [(6, (0, 0.001067974, 2.5929e-5, 0.001094154)), (6, (1, 0.001052833, 3.6263e-5, 0.001089298))]), (39264, 11, 0.001783588, [(6, (0, 0.001745265, 3.4901e-5, 0.001780454)), (5, (1, 0.001191283, 5.0227e-5, 0.001241778))]), (39280, 16, 0.001646513, [(8, (0, 0.001595877, 4.9381e-5, 0.001645532)), (8, (1, 0.001541078, 6.5272e-5, 0.001606657))]), (39296, 16, 0.001827104, [(8, (0, 0.001791688, 3.2355e-5, 0.00182449)), (8, (1, 0.001693041, 3.8916e-5, 0.001732308))]), (39312, 16, 0.001992536, [(8, (0, 0.001942441, 4.5224e-5, 0.001987973)), (8, (1, 0.001643426, 5.1792e-5, 0.001695667))]), (39328, 16, 0.001949835, [(8, (0, 0.001899424, 4.8762e-5, 0.001948448)), (8, (1, 0.001829029, 5.9338e-5, 0.001888873))]), (39344, 16, 0.001893509, [(8, (0, 0.00184944, 4.2031e-5, 0.001891784)), (8, (1, 0.001463262, 4.9647e-5, 0.001513235))]), (39360, 14, 0.001748472, [(7, (0, 0.001474184, 2.7212e-5, 0.001501622)), (7, (1, 0.001667996, 4.172e-5, 0.001710156))]), (39376, 14, 0.001283067, [(7, (0, 0.001171507, 3.0105e-5, 0.001201861)), (7, (1, 0.001223199, 3.6352e-5, 0.001259771))]), (39392, 15, 0.001499058, [(8, (0, 0.001465938, 3.1831e-5, 0.001498004)), (7, (1, 0.00123818, 6.2987e-5, 0.001301579))]), (39408, 16, 0.001763483, [(8, (0, 0.001548284, 2.8918e-5, 0.001577466)), (8, (1, 0.001680057, 4.2693e-5, 0.001723071))]), (39424, 15, 0.00172013, [(8, (0, 0.001675665, 4.2762e-5, 0.001718738)), (7, (1, 0.001599848, 4.9292e-5, 0.001649423))]), (39440, 14, 0.001807411, [(7, (0, 0.001767827, 3.6799e-5, 0.001804924)), (7, (1, 0.001664594, 5.8723e-5, 0.001723658))]), (39456, 16, 0.001678997, [(8, (0, 0.001640025, 3.6562e-5, 0.001676816)), (8, (1, 0.00151444, 4.4547e-5, 0.001559406))]), (39472, 16, 0.002249535, [(8, (0, 0.001659518, 3.8996e-5, 0.001698756)), (8, (1, 0.002148771, 4.8588e-5, 0.002197811))]), (39488, 13, 0.002141728, [(7, (0, 0.002105799, 3.3293e-5, 0.002139415)), (6, (1, 0.001405699, 5.3791e-5, 0.001459713))]), (39504, 14, 0.00221126, [(7, (0, 0.002159295, 4.3261e-5, 0.002202813)), (7, (1, 0.002136207, 6.8643e-5, 0.00220509))]), (39520, 11, 0.001274029, [(6, (0, 0.001244638, 2.7958e-5, 0.001272956)), (5, (1, 0.000995568, 5.3442e-5, 0.001049536))]), (39536, 16, 0.002134359, [(8, (0, 0.001700011, 2.5159e-5, 0.001725414)), (8, (1, 0.002027255, 4.1434e-5, 0.00206898))]), (39552, 15, 0.001555514, [(8, (0, 0.001513347, 3.996e-5, 0.001553623)), (7, (1, 0.001253528, 5.6446e-5, 0.001310351))]), (39568, 14, 0.002045707, [(7, (0, 0.002009379, 3.3109e-5, 0.002042944)), (7, (1, 0.001618494, 5.2582e-5, 0.001671478))]), (39584, 16, 0.001724357, [(8, (0, 0.001687283, 3.3993e-5, 0.001721552)), (8, (1, 0.001418906, 4.9139e-5, 0.001468477))]), (39600, 14, 0.001703866, [(7, (0, 0.001662995, 3.8416e-5, 0.001701686)), (7, (1, 0.001308147, 5.693e-5, 0.001365307))]), (39616, 13, 0.0018504, [(7, (0, 0.001808287, 4.1009e-5, 0.001849534)), (6, (1, 0.00154917, 8.8372e-5, 0.001637826))]), (39632, 16, 0.001868786, [(8, (0, 0.001836678, 3.0875e-5, 0.001867847)), (8, (1, 0.00158549, 5.1086e-5, 0.00163677))]), (39648, 16, 0.001887234, [(8, (0, 0.001849983, 2.6612e-5, 0.001877059)), (8, (1, 0.001842882, 3.9911e-5, 0.001883044))]), (39664, 15, 0.001331888, [(8, (0, 0.001295758, 3.4834e-5, 0.001330903)), (7, (1, 0.001034101, 4.5065e-5, 0.001079383))]), (39680, 14, 0.002188894, [(7, (0, 0.002153729, 3.2789e-5, 0.002186771)), (7, (1, 0.001986783, 7.3989e-5, 0.002062162))]), (39696, 16, 0.002496075, [(8, (0, 0.002171239, 3.478e-5, 0.002206359)), (8, (1, 0.002346146, 4.4863e-5, 0.002391189))]), (39712, 16, 0.002185515, [(8, (0, 0.002148927, 3.4072e-5, 0.002183474)), (8, (1, 0.001902566, 4.523e-5, 0.001948044))]), (39728, 16, 0.001712908, [(8, (0, 0.001433334, 4.7084e-5, 0.001480685)), (8, (1, 0.001599463, 8.6666e-5, 0.001686793))]), (39744, 15, 0.002530832, [(8, (0, 0.002256126, 3.693e-5, 0.002293361)), (7, (1, 0.002463844, 4.2405e-5, 0.002506453))]), (39760, 16, 0.00200215, [(8, (0, 0.001973249, 2.7874e-5, 0.002001346)), (8, (1, 0.001647369, 4.1224e-5, 0.00168881))]), (39776, 16, 0.001705779, [(8, (0, 0.001463107, 2.5974e-5, 0.001489295)), (8, (1, 0.001529084, 0.000148291, 0.001677598))]), (39792, 16, 0.001467211, [(8, (0, 0.001434335, 3.1761e-5, 0.001466343)), (8, (1, 0.001343974, 9.627e-5, 0.001440503))]), (39808, 16, 0.001642464, [(8, (0, 0.001612881, 2.8393e-5, 0.001641507)), (8, (1, 0.001513903, 4.1352e-5, 0.001555883))]), (39824, 15, 0.001474666, [(8, (0, 0.001440612, 3.3011e-5, 0.001473872)), (7, (1, 0.001367018, 4.5171e-5, 0.001412455))]), (39840, 15, 0.001492654, [(8, (0, 0.001456094, 3.5252e-5, 0.001491584)), (7, (1, 0.00112098, 5.6129e-5, 0.001178118))]), (39856, 16, 0.001610787, [(8, (0, 0.001571857, 3.727e-5, 0.00160938)), (8, (1, 0.001196205, 6.3858e-5, 0.001260322))]), (39872, 14, 0.001361005, [(7, (0, 0.001325423, 3.4639e-5, 0.001360305)), (7, (1, 0.001173849, 7.4411e-5, 0.001248844))]), (39888, 16, 0.001503931, [(8, (0, 0.001469116, 2.5746e-5, 0.001495091)), (8, (1, 0.001457978, 3.8863e-5, 0.001497112))]), (39904, 14, 0.001547983, [(7, (0, 0.001418556, 3.1572e-5, 0.001450435)), (7, (1, 0.001342125, 0.000163914, 0.00150641))]), (39920, 15, 0.002304599, [(8, (0, 0.002265821, 3.5459e-5, 0.002301662)), (7, (1, 0.001255721, 4.6815e-5, 0.001302771))]), (39936, 13, 0.001711913, [(7, (0, 0.001669273, 3.8504e-5, 0.001708072)), (6, (1, 0.001012373, 5.7292e-5, 0.001070251))]), (39952, 14, 0.001701504, [(7, (0, 0.001648863, 5.156e-5, 0.001700684)), (7, (1, 0.001378412, 8.1355e-5, 0.00146025))]), (39968, 15, 0.002187888, [(8, (0, 0.00215611, 3.0227e-5, 0.002186568)), (7, (1, 0.001448235, 4.6476e-5, 0.001495002))]), (39984, 11, 0.001207197, [(6, (0, 0.001170838, 3.493e-5, 0.001206276)), (5, (1, 0.001049667, 9.5293e-5, 0.001145377))]), (40000, 16, 0.002147369, [(8, (0, 0.001478217, 3.3567e-5, 0.001512025)), (8, (1, 0.002015252, 4.9491e-5, 0.002065171))]), (40016, 13, 0.00144203, [(7, (0, 0.00141012, 3.0736e-5, 0.001441108)), (6, (1, 0.001139724, 3.6607e-5, 0.001176597))]), (40032, 16, 0.002467095, [(8, (0, 0.002404719, 5.9334e-5, 0.002464332)), (8, (1, 0.001758798, 0.000137693, 0.001896862))]), (40048, 15, 0.001601189, [(8, (0, 0.001426628, 4.8392e-5, 0.001475263)), (7, (1, 0.001402279, 9.9283e-5, 0.001501936))]), (40064, 16, 0.002207079, [(8, (0, 0.002018964, 3.1828e-5, 0.002051141)), (8, (1, 0.002125256, 4.9722e-5, 0.002175214))]), (40080, 16, 0.001454105, [(8, (0, 0.001350479, 3.085e-5, 0.001381603)), (8, (1, 0.001391072, 4.3203e-5, 0.001434478))]), (40096, 15, 0.001874857, [(8, (0, 0.001845053, 2.833e-5, 0.001873647)), (7, (1, 0.001431672, 3.4305e-5, 0.001466167))]), (40112, 16, 0.001524555, [(8, (0, 0.001372252, 3.3574e-5, 0.001406078)), (8, (1, 0.001432116, 7.2517e-5, 0.00150525))]), (40128, 15, 0.00163206, [(8, (0, 0.001588349, 4.2016e-5, 0.001630614)), (7, (1, 0.001299203, 4.7616e-5, 0.001347096))]), (40144, 15, 0.001845121, [(8, (0, 0.001816387, 2.7429e-5, 0.001844039)), (7, (1, 0.001407611, 5.1452e-5, 0.001459319))]), (40160, 16, 0.001602572, [(8, (0, 0.00157417, 2.698e-5, 0.001601371)), (8, (1, 0.001509403, 4.2042e-5, 0.001551756))]), (40176, 15, 0.001677975, [(8, (0, 0.001633171, 4.1722e-5, 0.00167518)), (7, (1, 0.001290506, 0.000122604, 0.001413475))]), (40192, 16, 0.001614068, [(8, (0, 0.001350488, 4.3626e-5, 0.001394436)), (8, (1, 0.001438435, 0.000111256, 0.001550339))]), (40208, 15, 0.001627763, [(8, (0, 0.001584152, 4.2069e-5, 0.001626526)), (7, (1, 0.001518833, 5.9507e-5, 0.001578879))]), (40224, 16, 0.001976463, [(8, (0, 0.001561621, 3.91e-5, 0.001601004)), (8, (1, 0.001863585, 5.6316e-5, 0.001920502))]), (40240, 16, 0.001838715, [(8, (0, 0.001584357, 3.3046e-5, 0.001617674)), (8, (1, 0.00175983, 4.1069e-5, 0.001801281))]), (40256, 15, 0.001694513, [(8, (0, 0.001655635, 3.6883e-5, 0.001692809)), (7, (1, 0.001219563, 4.4334e-5, 0.001264144))]), (40272, 16, 0.001823774, [(8, (0, 0.001781525, 4.0755e-5, 0.001822548)), (8, (1, 0.001392813, 6.2448e-5, 0.001455557))]), (40288, 15, 0.001553951, [(8, (0, 0.001449065, 2.8107e-5, 0.00147741)), (7, (1, 0.001489151, 4.3478e-5, 0.001532907))]), (40304, 16, 0.001863196, [(8, (0, 0.001826634, 3.5066e-5, 0.001861926)), (8, (1, 0.001636755, 4.0784e-5, 0.001677869))]), (40320, 16, 0.001724955, [(8, (0, 0.001685351, 3.8176e-5, 0.001723764)), (8, (1, 0.001566907, 9.7978e-5, 0.001665162))]), (40336, 16, 0.001566639, [(8, (0, 0.001534882, 3.0882e-5, 0.00156599)), (8, (1, 0.001445064, 5.49e-5, 0.00150021))]), (40352, 16, 0.001892452, [(8, (0, 0.001855899, 3.4732e-5, 0.001890874)), (8, (1, 0.001537572, 5.5745e-5, 0.001593541))]), (40368, 15, 0.002270153, [(8, (0, 0.002230136, 3.8437e-5, 0.002268942)), (7, (1, 0.001878917, 5.1374e-5, 0.001930649))]), (40384, 16, 0.002413582, [(8, (0, 0.00165628, 3.7737e-5, 0.001694259)), (8, (1, 0.00226079, 7.5654e-5, 0.002337128))]), (40400, 14, 0.001902847, [(7, (0, 0.001871977, 2.9809e-5, 0.001902)), (7, (1, 0.00152494, 4.9636e-5, 0.001574875))]), (40416, 16, 0.002148052, [(8, (0, 0.002113152, 3.3881e-5, 0.002147279)), (8, (1, 0.002050337, 7.3909e-5, 0.002125219))]), (40432, 16, 0.002223004, [(8, (0, 0.002054751, 2.6965e-5, 0.002081965)), (8, (1, 0.00216498, 3.37e-5, 0.00219893))]), (40448, 15, 0.001948732, [(8, (0, 0.001781778, 2.5194e-5, 0.00180721)), (7, (1, 0.001899786, 3.1903e-5, 0.001931904))]), (40464, 14, 0.002064102, [(7, (0, 0.0020349, 2.8119e-5, 0.00206326)), (7, (1, 0.001916862, 3.4081e-5, 0.001951234))]), (40480, 14, 0.002229953, [(7, (0, 0.002197153, 3.1532e-5, 0.002228942)), (7, (1, 0.002147546, 5.1263e-5, 0.002199121))]), (40496, 16, 0.002091812, [(8, (0, 0.001538097, 3.3016e-5, 0.001571356)), (8, (1, 0.001982297, 3.9158e-5, 0.002021704))]), (40512, 15, 0.00158142, [(8, (0, 0.0015575, 2.2861e-5, 0.001580595)), (7, (1, 0.001208202, 2.9188e-5, 0.00123761))]), (40528, 16, 0.002368758, [(8, (0, 0.002335766, 3.1534e-5, 0.002367539)), (8, (1, 0.001735905, 9.5837e-5, 0.001832214))]), (40544, 16, 0.001655976, [(8, (0, 0.001624368, 3.0384e-5, 0.001655015)), (8, (1, 0.001525669, 4.5412e-5, 0.001571287))]), (40560, 16, 0.001615217, [(8, (0, 0.001589273, 2.4816e-5, 0.001614324)), (8, (1, 0.001479826, 3.2491e-5, 0.001512562))]), (40576, 16, 0.002263079, [(8, (0, 0.002232787, 2.9011e-5, 0.002262067)), (8, (1, 0.001463879, 3.6871e-5, 0.001500973))]), (40592, 16, 0.00200655, [(8, (0, 0.001976519, 2.8847e-5, 0.002005596)), (8, (1, 0.001460971, 6.4633e-5, 0.001526024))]), (40608, 15, 0.001682593, [(8, (0, 0.001656878, 2.4734e-5, 0.001681858)), (7, (1, 0.001309195, 0.000109478, 0.00141888))]), (40624, 15, 0.00196985, [(8, (0, 0.001941447, 2.7347e-5, 0.00196905)), (7, (1, 0.001765411, 4.0128e-5, 0.001805816))]), (40640, 12, 0.000957377, [(6, (0, 0.000933649, 2.2788e-5, 0.000956676)), (6, (1, 0.000908327, 2.8494e-5, 0.000937048))]), (40656, 15, 0.001544034, [(8, (0, 0.001512922, 3.023e-5, 0.001543385)), (7, (1, 0.001369253, 9.7781e-5, 0.001467591))]), (40672, 16, 0.001960292, [(8, (0, 0.001526197, 3.0177e-5, 0.001556615)), (8, (1, 0.001799681, 4.5767e-5, 0.001845822))]), (40688, 16, 0.0023753, [(8, (0, 0.001834247, 3.2874e-5, 0.001867554)), (8, (1, 0.002255417, 3.9027e-5, 0.00229468))]), (40704, 16, 0.003318341, [(8, (0, 0.002933007, 3.0044e-5, 0.002963322)), (8, (1, 0.003238361, 5.3883e-5, 0.003292552))]), (40720, 16, 0.001650516, [(8, (0, 0.001476928, 3.576e-5, 0.001512946)), (8, (1, 0.001573692, 4.2634e-5, 0.001625367))]), (40736, 16, 0.001595245, [(8, (0, 0.001453433, 4.4749e-5, 0.001498422)), (8, (1, 0.001519741, 5.1827e-5, 0.001571788))]), (40752, 16, 0.00155665, [(8, (0, 0.001520113, 3.5455e-5, 0.001555832)), (8, (1, 0.00147654, 4.5337e-5, 0.001522167))]), (40768, 15, 0.001484236, [(8, (0, 0.001449135, 3.4005e-5, 0.001483404)), (7, (1, 0.001365831, 4.249e-5, 0.00140855))]), (40784, 14, 0.001473134, [(7, (0, 0.001429829, 4.249e-5, 0.001472557)), (7, (1, 0.0013186, 9.1461e-5, 0.001410545))]), (40800, 16, 0.001621307, [(8, (0, 0.001598731, 2.1521e-5, 0.001620486)), (8, (1, 0.001355644, 3.6425e-5, 0.001392509))]), (40816, 15, 0.001766922, [(8, (0, 0.001735737, 2.9865e-5, 0.001765832)), (7, (1, 0.001102174, 4.076e-5, 0.001143228))]), (40832, 15, 0.001626993, [(8, (0, 0.001601868, 2.4173e-5, 0.001626278)), (7, (1, 0.001317645, 4.8831e-5, 0.001366747))]), (40848, 15, 0.001437302, [(8, (0, 0.001411679, 2.4488e-5, 0.001436408)), (7, (1, 0.001310931, 3.3553e-5, 0.001344909))]), (40864, 15, 0.002022748, [(8, (0, 0.001987946, 3.3532e-5, 0.002021719)), (7, (1, 0.001422028, 0.000102105, 0.001524524))]), (40880, 16, 0.00173673, [(8, (0, 0.00146959, 2.0175e-5, 0.001490011)), (8, (1, 0.0015225, 4.9914e-5, 0.001572722))]), (40896, 15, 0.002221801, [(8, (0, 0.002183354, 3.5291e-5, 0.002219165)), (7, (1, 0.001477072, 4.1699e-5, 0.001519051))]), (40912, 16, 0.001705577, [(8, (0, 0.00166285, 4.0789e-5, 0.001703904)), (8, (1, 0.00158989, 6.5465e-5, 0.0016557))]), (40928, 16, 0.001885133, [(8, (0, 0.001718791, 2.7901e-5, 0.00174703)), (8, (1, 0.001734457, 8.0655e-5, 0.001815348))]), (40944, 14, 0.001799429, [(7, (0, 0.001334247, 3.0957e-5, 0.001365494)), (7, (1, 0.001611456, 4.6135e-5, 0.001657861))]), (40960, 16, 0.001580135, [(8, (0, 0.001404988, 4.0847e-5, 0.001446238)), (8, (1, 0.001485177, 4.9003e-5, 0.001534363))]), (40976, 13, 0.001336171, [(7, (0, 0.001307701, 2.7545e-5, 0.00133549)), (6, (1, 0.001064452, 3.3242e-5, 0.001097892))]), (40992, 16, 0.00182162, [(8, (0, 0.001792624, 2.6776e-5, 0.001819656)), (8, (1, 0.00134633, 3.4641e-5, 0.001381184))]), (41008, 15, 0.00159727, [(8, (0, 0.001558294, 3.7596e-5, 0.001596128)), (7, (1, 0.001528715, 6.262e-5, 0.001591631))]), (41024, 14, 0.001601999, [(7, (0, 0.001278123, 2.7047e-5, 0.001305492)), (7, (1, 0.001544607, 3.2436e-5, 0.001577265))]), (41040, 16, 0.001733207, [(8, (0, 0.0016987, 3.3572e-5, 0.001732521)), (8, (1, 0.001532018, 6.1156e-5, 0.001593702))]), (41056, 16, 0.001807956, [(8, (0, 0.001780893, 2.3758e-5, 0.001804879)), (8, (1, 0.001745088, 5.9506e-5, 0.001804958))]), (41072, 16, 0.001579123, [(8, (0, 0.00155367, 2.4384e-5, 0.001578282)), (8, (1, 0.001537184, 3.4431e-5, 0.001571811))]), (41088, 16, 0.001431687, [(8, (0, 0.001324711, 2.1189e-5, 0.001346127)), (8, (1, 0.001375965, 2.7551e-5, 0.001403726))]), (41104, 16, 0.001789858, [(8, (0, 0.001755487, 3.3329e-5, 0.001789078)), (8, (1, 0.001549873, 4.1942e-5, 0.001592113))]), (41120, 15, 0.001528615, [(8, (0, 0.001247461, 2.1709e-5, 0.00126944)), (7, (1, 0.001452365, 2.7678e-5, 0.001480252))]), (41136, 4, 0.000472415, [(2, (0, 0.000303035, 2.2621e-5, 0.000325896)), (2, (1, 0.000422568, 2.889e-5, 0.000451746))]), (41152, 15, 0.001819788, [(8, (0, 0.001780401, 3.8218e-5, 0.001818854)), (7, (1, 0.001300658, 6.4331e-5, 0.001365391))]), (41168, 16, 0.00123792, [(8, (0, 0.001202154, 3.479e-5, 0.001237189)), (8, (1, 0.001169627, 4.6011e-5, 0.001215983))]), (41184, 16, 0.00142782, [(8, (0, 0.001310252, 2.7557e-5, 0.001338434)), (8, (1, 0.001362633, 3.4055e-5, 0.001396876))]), (41200, 14, 0.001553776, [(7, (0, 0.001516885, 3.578e-5, 0.00155291)), (7, (1, 0.001381853, 9.1045e-5, 0.001473156))]), (41216, 15, 0.00162854, [(8, (0, 0.001268684, 3.2153e-5, 0.001301121)), (7, (1, 0.001535102, 3.9522e-5, 0.001574829))]), (41232, 14, 0.002571252, [(7, (0, 0.001698413, 3.6241e-5, 0.001734917)), (7, (1, 0.002433544, 8.4888e-5, 0.002518688))]), (41248, 16, 0.001842893, [(8, (0, 0.001792135, 4.754e-5, 0.0018401)), (8, (1, 0.001744602, 5.495e-5, 0.001809721))]), (41264, 15, 0.002070181, [(8, (0, 0.001795036, 4.3423e-5, 0.001838755)), (7, (1, 0.001924315, 0.000118866, 0.002043579))]), (41280, 15, 0.002399705, [(8, (0, 0.001715279, 2.9078e-5, 0.00174472)), (7, (1, 0.002296723, 3.7459e-5, 0.002334412))]), (41296, 14, 0.001919092, [(7, (0, 0.00171196, 3.3804e-5, 0.001746059)), (7, (1, 0.001830984, 4.6418e-5, 0.001877614))]), (41312, 16, 0.001957674, [(8, (0, 0.001920076, 3.5119e-5, 0.001955461)), (8, (1, 0.001601351, 4.8805e-5, 0.001650367))]), (41328, 15, 0.00242376, [(8, (0, 0.001986368, 4.7734e-5, 0.002034526)), (7, (1, 0.002269861, 0.000120877, 0.002391611))]), (41344, 16, 0.002386444, [(8, (0, 0.002350187, 3.4195e-5, 0.002384642)), (8, (1, 0.001859231, 5.7111e-5, 0.00191673))]), (41360, 16, 0.00145842, [(8, (0, 0.001421496, 3.5528e-5, 0.001457251)), (8, (1, 0.00133825, 5.083e-5, 0.001389343))]), (41376, 16, 0.001585159, [(8, (0, 0.00154434, 3.9103e-5, 0.001583671)), (8, (1, 0.001359344, 0.000106928, 0.001466603))]), (41392, 16, 0.001534777, [(8, (0, 0.001501807, 3.1545e-5, 0.00153375)), (8, (1, 0.001205546, 5.49e-5, 0.001260789))]), (41408, 14, 0.001442643, [(7, (0, 0.001139205, 4.6432e-5, 0.001185867)), (7, (1, 0.001248298, 8.1847e-5, 0.001330422))]), (41424, 13, 0.001850441, [(7, (0, 0.001812648, 3.4641e-5, 0.00184771)), (6, (1, 0.001345031, 7.7512e-5, 0.001423053))]), (41440, 16, 0.001724184, [(8, (0, 0.001671649, 4.97e-5, 0.001721897)), (8, (1, 0.001442023, 0.000112349, 0.001554713))]), (41456, 15, 0.002428171, [(8, (0, 0.001961615, 4.05e-5, 0.002002392)), (7, (1, 0.00231818, 7.0631e-5, 0.002389322))]), (41472, 16, 0.00183801, [(8, (0, 0.001799918, 3.6528e-5, 0.001836678)), (8, (1, 0.001665037, 4.5715e-5, 0.001711038))]), (41488, 16, 0.00147171, [(8, (0, 0.001423552, 4.718e-5, 0.001470953)), (8, (1, 0.001353023, 6.3389e-5, 0.001416687))]), (41504, 16, 0.002237441, [(8, (0, 0.001307241, 2.9579e-5, 0.001337046)), (8, (1, 0.002139652, 5.5918e-5, 0.002195897))]), (41520, 15, 0.001750633, [(8, (0, 0.001711939, 3.6689e-5, 0.00174903)), (7, (1, 0.001697808, 4.1473e-5, 0.001739514))]), (41536, 15, 0.001822814, [(8, (0, 0.001783606, 3.7945e-5, 0.001821799)), (7, (1, 0.001243744, 4.2427e-5, 0.00128636))]), (41552, 16, 0.001539169, [(8, (0, 0.001385156, 3.5583e-5, 0.001420985)), (8, (1, 0.001447464, 5.7274e-5, 0.001505096))]), (41568, 16, 0.001768169, [(8, (0, 0.001736684, 2.9085e-5, 0.001766044)), (8, (1, 0.001562311, 4.0312e-5, 0.001602989))]), (41584, 12, 0.001279805, [(6, (0, 0.001040212, 3.7885e-5, 0.001078432)), (6, (1, 0.001088273, 0.000104963, 0.001193858))]), (41600, 3, 0.000614482, [(2, (0, 0.000602822, 1.1023e-5, 0.000614064)), (1, (1, 0.000459115, 1.3525e-5, 0.00047297))]), (41616, 5, 0.000840677, [(3, (0, 0.000817893, 2.1973e-5, 0.000840112)), (2, (1, 0.000530126, 3.4239e-5, 0.000564772))]), (41632, 15, 0.001990349, [(8, (0, 0.001950228, 3.8507e-5, 0.00198899)), (7, (1, 0.001813508, 4.6654e-5, 0.001860607))]), (41648, 16, 0.00251496, [(8, (0, 0.002198921, 3.4329e-5, 0.002233532)), (8, (1, 0.002427582, 4.4225e-5, 0.002472281))]), (41664, 11, 0.001213077, [(6, (0, 0.001183141, 2.8832e-5, 0.001212213)), (5, (1, 0.000889519, 3.4607e-5, 0.000924382))]), (41680, 15, 0.001433235, [(8, (0, 0.00123828, 3.1849e-5, 0.001270419)), (7, (1, 0.001367823, 3.8845e-5, 0.001406915))]), (41696, 15, 0.002022167, [(8, (0, 0.0019864, 3.4667e-5, 0.002021398)), (7, (1, 0.001592891, 0.000101558, 0.001694838))]), (41712, 15, 0.002414853, [(8, (0, 0.00200079, 2.9677e-5, 0.002030688)), (7, (1, 0.00229178, 5.259e-5, 0.002344625))]), (41728, 16, 0.00215678, [(8, (0, 0.002129326, 2.5412e-5, 0.002155271)), (8, (1, 0.001778524, 3.2211e-5, 0.001810946))]), (41744, 15, 0.001730803, [(8, (0, 0.00157705, 2.8817e-5, 0.001606094)), (7, (1, 0.001596445, 7.3573e-5, 0.001670215))]), (41760, 16, 0.002769464, [(8, (0, 0.002316336, 3.3888e-5, 0.0023507)), (8, (1, 0.002600494, 5.415e-5, 0.002655159))]), (41776, 15, 0.002280332, [(8, (0, 0.002246605, 3.0949e-5, 0.002277961)), (7, (1, 0.002133233, 3.9781e-5, 0.002179466))]), (41792, 14, 0.001696599, [(7, (0, 0.001467044, 5.139e-5, 0.001518691)), (7, (1, 0.00160734, 6.3889e-5, 0.001671472))]), (41808, 15, 0.002313237, [(8, (0, 0.002282848, 2.7477e-5, 0.002310564)), (7, (1, 0.002257163, 3.4132e-5, 0.002291527))]), (41824, 15, 0.00237405, [(8, (0, 0.002342329, 2.9655e-5, 0.002372353)), (7, (1, 0.001803066, 3.9182e-5, 0.001842463))]), (41840, 15, 0.001853949, [(8, (0, 0.001819169, 3.3889e-5, 0.00185331)), (7, (1, 0.001605233, 5.5581e-5, 0.001661178))]), (41856, 15, 0.001594608, [(8, (0, 0.001566899, 2.5966e-5, 0.001593112)), (7, (1, 0.001282335, 3.2671e-5, 0.001315335))]), (41872, 16, 0.002806242, [(8, (0, 0.002771498, 3.3358e-5, 0.002805156)), (8, (1, 0.002469604, 6.8203e-5, 0.002538109))]), (41888, 14, 0.002305995, [(7, (0, 0.002276041, 2.9047e-5, 0.002305302)), (7, (1, 0.002048452, 4.3726e-5, 0.002092531))]), (41904, 14, 0.001229027, [(7, (0, 0.001197084, 3.1053e-5, 0.00122837)), (7, (1, 0.001139194, 4.8576e-5, 0.001188234))]), (41920, 11, 0.002730293, [(6, (0, 0.002696101, 3.2857e-5, 0.002729198)), (5, (1, 0.001826466, 5.1684e-5, 0.001878491))]), (41936, 16, 0.002730685, [(8, (0, 0.002202679, 3.2181e-5, 0.002235093)), (8, (1, 0.00257026, 5.4483e-5, 0.002625042))]), (41952, 13, 0.001615788, [(7, (0, 0.001579388, 3.4485e-5, 0.001614143)), (6, (1, 0.001349879, 4.1885e-5, 0.001392049))]), (41968, 15, 0.001818265, [(8, (0, 0.001782972, 3.3445e-5, 0.001816659)), (7, (1, 0.001599671, 4.7528e-5, 0.001647564))]), (41984, 12, 0.00150576, [(6, (0, 0.001255091, 3.6967e-5, 0.001292298)), (6, (1, 0.001363997, 6.4908e-5, 0.001429197))]), (42000, 11, 0.002029369, [(6, (0, 0.001994073, 3.2405e-5, 0.00202673)), (5, (1, 0.001437197, 4.033e-5, 0.001477751))]), (42016, 16, 0.001993159, [(8, (0, 0.001951105, 4.0815e-5, 0.001992147)), (8, (1, 0.001648607, 0.000121144, 0.001769973))]), (42032, 16, 0.001886213, [(8, (0, 0.001544557, 2.6712e-5, 0.001571541)), (8, (1, 0.001789128, 4.8459e-5, 0.001838352))]), (42048, 14, 0.001685947, [(7, (0, 0.001656032, 2.8775e-5, 0.001685089)), (7, (1, 0.001354036, 4.2276e-5, 0.001396516))]), (42064, 16, 0.002044496, [(8, (0, 0.002003494, 3.7663e-5, 0.002041482)), (8, (1, 0.001827894, 8.1187e-5, 0.001909429))]), (42080, 16, 0.001974728, [(8, (0, 0.001916229, 5.7279e-5, 0.001973738)), (8, (1, 0.00158523, 9.9828e-5, 0.001685347))]), (42096, 14, 0.001779404, [(7, (0, 0.001751249, 2.6595e-5, 0.001778113)), (7, (1, 0.001723719, 4.1067e-5, 0.001765103))]), (42112, 12, 0.002382686, [(6, (0, 0.001960412, 3.2007e-5, 0.001992656)), (6, (1, 0.002299311, 3.9332e-5, 0.002338846))]), (42128, 14, 0.001249608, [(7, (0, 0.001215499, 3.3168e-5, 0.001248956)), (7, (1, 0.001058211, 3.8798e-5, 0.00109725))]), (42144, 15, 0.001600006, [(8, (0, 0.001560535, 3.8144e-5, 0.001598923)), (7, (1, 0.001084628, 4.6838e-5, 0.001131815))]), (42160, 15, 0.001240329, [(8, (0, 0.001209697, 2.974e-5, 0.001239687)), (7, (1, 0.001070686, 4.9899e-5, 0.001120884))]), (42176, 16, 0.001283442, [(8, (0, 0.001251117, 2.2446e-5, 0.00127384)), (8, (1, 0.001240225, 4.1729e-5, 0.001282337))]), (42192, 16, 0.001691149, [(8, (0, 0.001293588, 2.9218e-5, 0.001323071)), (8, (1, 0.001570997, 4.2329e-5, 0.001613624))]), (42208, 15, 0.00167026, [(8, (0, 0.00162769, 4.0067e-5, 0.001668063)), (7, (1, 0.001386908, 4.9163e-5, 0.001436392))]), (42224, 15, 0.001604958, [(8, (0, 0.001330195, 4.4589e-5, 0.001375026)), (7, (1, 0.001499982, 7.7817e-5, 0.001578191))]), (42240, 15, 0.002572046, [(8, (0, 0.002537586, 3.1201e-5, 0.002569166)), (7, (1, 0.002137025, 4.8451e-5, 0.002185853))]), (42256, 16, 0.001949296, [(8, (0, 0.001902291, 4.3747e-5, 0.001946325)), (8, (1, 0.001681047, 6.5377e-5, 0.001746754))]), (42272, 16, 0.001806407, [(8, (0, 0.001756687, 4.7946e-5, 0.001805021)), (8, (1, 0.001598655, 6.6828e-5, 0.001665979))]), (42288, 16, 0.001805557, [(8, (0, 0.001775057, 2.9037e-5, 0.001804345)), (8, (1, 0.001680589, 4.0882e-5, 0.001721741))]), (42304, 14, 0.00180299, [(7, (0, 0.001321938, 3.555e-5, 0.00135782)), (7, (1, 0.001614334, 9.3346e-5, 0.001713918))]), (42320, 16, 0.001674634, [(8, (0, 0.001581005, 2.9799e-5, 0.001611131)), (8, (1, 0.001607722, 3.7406e-5, 0.001645357))]), (42336, 15, 0.001552392, [(8, (0, 0.00151663, 3.3548e-5, 0.001550413)), (7, (1, 0.001435312, 4.517e-5, 0.001480688))]), (42352, 15, 0.002221429, [(8, (0, 0.00217247, 4.5883e-5, 0.00221885)), (7, (1, 0.001562673, 8.9687e-5, 0.001652809))]), (42368, 15, 0.00169422, [(8, (0, 0.001645771, 4.5989e-5, 0.001692071)), (7, (1, 0.001497964, 6.8936e-5, 0.001567424))]), (42384, 14, 0.001704968, [(7, (0, 0.001673072, 3.0408e-5, 0.001703811)), (7, (1, 0.001341627, 3.9587e-5, 0.001381475))]), (42400, 16, 0.001662052, [(8, (0, 0.001514261, 2.8629e-5, 0.001543158)), (8, (1, 0.001541483, 4.2252e-5, 0.001583948))]), (42416, 16, 0.001625102, [(8, (0, 0.001349046, 2.7665e-5, 0.001376969)), (8, (1, 0.001551912, 4.6925e-5, 0.001599069))]), (42432, 15, 0.001279398, [(8, (0, 0.001247073, 3.0893e-5, 0.001278239)), (7, (1, 0.001106523, 7.8103e-5, 0.001185437))]), (42448, 16, 0.001149216, [(8, (0, 0.001121252, 2.5452e-5, 0.001146967)), (8, (1, 0.001084194, 4.5672e-5, 0.00113014))]), (42464, 14, 0.00127228, [(7, (0, 0.001227646, 4.3366e-5, 0.001271247)), (7, (1, 0.001045913, 6.1176e-5, 0.001107354))]), (42480, 16, 0.002000574, [(8, (0, 0.001970441, 2.8267e-5, 0.001998933)), (8, (1, 0.001273135, 4.1961e-5, 0.001315372))]), (42496, 16, 0.001890413, [(8, (0, 0.001844849, 4.4333e-5, 0.001889482)), (8, (1, 0.001734021, 6.5109e-5, 0.001799391))]), (42512, 16, 0.002000989, [(8, (0, 0.00197055, 2.8261e-5, 0.001999048)), (8, (1, 0.001485635, 3.3877e-5, 0.001519737))]), (42528, 16, 0.00173934, [(8, (0, 0.001707941, 3.0271e-5, 0.001738469)), (8, (1, 0.001469266, 5.0636e-5, 0.001520297))]), (42544, 14, 0.001660592, [(7, (0, 0.001407431, 2.7495e-5, 0.001435194)), (7, (1, 0.001559225, 3.4734e-5, 0.001594214))]), (42560, 15, 0.001574437, [(8, (0, 0.001539586, 3.2544e-5, 0.001572511)), (7, (1, 0.001280111, 3.8774e-5, 0.001319276))]), (42576, 16, 0.00180318, [(8, (0, 0.001770686, 3.0405e-5, 0.001801373)), (8, (1, 0.001668992, 3.6998e-5, 0.001706211))]), (42592, 16, 0.002478071, [(8, (0, 0.002433731, 4.2377e-5, 0.002476365)), (8, (1, 0.001960935, 4.9779e-5, 0.002011007))]), (42608, 8, 0.000899127, [(4, (0, 0.000813611, 2.98e-5, 0.000843723)), (4, (1, 0.000834709, 4.0538e-5, 0.000875448))]), (42624, 14, 0.001559666, [(7, (0, 0.001524213, 3.4574e-5, 0.001559018)), (7, (1, 0.001449141, 5.732e-5, 0.001506957))]), (42640, 11, 0.001047084, [(6, (0, 0.001013646, 3.228e-5, 0.001046174)), (5, (1, 0.000835159, 5.1289e-5, 0.000886772))]), (42656, 6, 0.000801904, [(3, (0, 0.000775106, 2.5793e-5, 0.000801126)), (3, (1, 0.00066522, 3.5198e-5, 0.000700636))]), (42672, 16, 0.001388804, [(8, (0, 0.001101043, 3.1525e-5, 0.001132856)), (8, (1, 0.001287112, 4.0491e-5, 0.001327831))]), (42688, 11, 0.001488362, [(6, (0, 0.001455562, 3.1538e-5, 0.001487383)), (5, (1, 0.000844977, 3.7626e-5, 0.000882822))]), (42704, 16, 0.002282627, [(8, (0, 0.001661648, 6.9972e-5, 0.001731867)), (8, (1, 0.002152109, 8.3515e-5, 0.002235913))]), (42720, 16, 0.001595623, [(8, (0, 0.001559196, 3.4902e-5, 0.001594359)), (8, (1, 0.00123157, 5.1372e-5, 0.00128325))]), (42736, 16, 0.00161913, [(8, (0, 0.001589547, 2.7782e-5, 0.001617596)), (8, (1, 0.001530835, 3.7958e-5, 0.001569047))]), (42752, 16, 0.001389343, [(8, (0, 0.001351286, 3.6578e-5, 0.001388112)), (8, (1, 0.001228371, 4.5316e-5, 0.00127397))]), (42768, 16, 0.001797484, [(8, (0, 0.001504251, 2.789e-5, 0.00153237)), (8, (1, 0.001704287, 3.7508e-5, 0.001742033))]), (42784, 16, 0.001701867, [(8, (0, 0.001339835, 2.5967e-5, 0.001366092)), (8, (1, 0.001622097, 3.2142e-5, 0.00165446))]), (42800, 16, 0.001614123, [(8, (0, 0.001577716, 3.5116e-5, 0.001613076)), (8, (1, 0.001247755, 4.205e-5, 0.001290008))]), (42816, 16, 0.002074251, [(8, (0, 0.002044197, 2.8193e-5, 0.002072638)), (8, (1, 0.001551902, 8.8181e-5, 0.001640429))]), (42832, 13, 0.001411393, [(7, (0, 0.001379953, 3.0419e-5, 0.001410607)), (6, (1, 0.001212142, 6.2178e-5, 0.001274649))]), (42848, 12, 0.00125026, [(6, (0, 0.001230246, 1.8911e-5, 0.00124944)), (6, (1, 0.000989068, 3.1088e-5, 0.00102039))]), (42864, 16, 0.001393169, [(8, (0, 0.00136979, 2.2148e-5, 0.001392175)), (8, (1, 0.00131333, 3.5168e-5, 0.001348771))]), (42880, 10, 0.001116038, [(5, (0, 0.00108426, 3.0635e-5, 0.001115129)), (5, (1, 0.000852805, 3.8567e-5, 0.000891592))]), (42896, 16, 0.0018175, [(8, (0, 0.001793273, 2.2908e-5, 0.001816476)), (8, (1, 0.001467036, 2.9282e-5, 0.001496529))]), (42912, 16, 0.002749466, [(8, (0, 0.002715448, 3.2654e-5, 0.002748341)), (8, (1, 0.002388866, 5.8352e-5, 0.002447625))]), (42928, 15, 0.001275002, [(8, (0, 0.001246208, 2.7561e-5, 0.001274012)), (7, (1, 0.00110381, 3.9431e-5, 0.00114346))]), (42944, 14, 0.001674038, [(7, (0, 0.001428915, 2.9178e-5, 0.001458334)), (7, (1, 0.001527189, 3.4647e-5, 0.001562045))]), (42960, 16, 0.001445127, [(8, (0, 0.001418102, 2.5973e-5, 0.001444366)), (8, (1, 0.001314963, 3.1909e-5, 0.001347078))]), (42976, 15, 0.001863562, [(8, (0, 0.001826714, 3.417e-5, 0.001861132)), (7, (1, 0.001512233, 5.116e-5, 0.001563725))]), (42992, 15, 0.001565314, [(8, (0, 0.00151532, 4.8478e-5, 0.001564)), (7, (1, 0.001430333, 5.9526e-5, 0.001490078))]), (43008, 11, 0.001015748, [(6, (0, 0.000990383, 2.4132e-5, 0.001014744)), (5, (1, 0.000810662, 3.105e-5, 0.000841901))]), (43024, 14, 0.001178313, [(7, (0, 0.001155684, 2.139e-5, 0.001177323)), (7, (1, 0.001106608, 2.7964e-5, 0.001134875))]), (43040, 11, 0.001164487, [(6, (0, 0.000991878, 2.1163e-5, 0.001013269)), (5, (1, 0.001080341, 2.8137e-5, 0.001108689))]), (43056, 10, 0.001101526, [(5, (0, 0.000822334, 2.1463e-5, 0.000844036)), (5, (1, 0.001034983, 2.9215e-5, 0.001064414))]), (43072, 14, 0.001172956, [(7, (0, 0.001151773, 1.9732e-5, 0.001171794)), (7, (1, 0.001127074, 2.5424e-5, 0.001152683))]), (43088, 12, 0.001008414, [(6, (0, 0.0009856, 2.1569e-5, 0.00100741)), (6, (1, 0.000948234, 2.9908e-5, 0.000978377))]), (43104, 16, 0.001334805, [(8, (0, 0.001308764, 2.4309e-5, 0.001333365)), (8, (1, 0.001209564, 4.1193e-5, 0.00125102))]), (43120, 14, 0.001274193, [(7, (0, 0.001234362, 3.8612e-5, 0.001273222)), (7, (1, 0.00116425, 4.5293e-5, 0.001209766))]), (43136, 12, 0.00179175, [(6, (0, 0.001402572, 2.0394e-5, 0.00142319)), (6, (1, 0.001697118, 2.781e-5, 0.001725126))]), (43152, 16, 0.001511968, [(8, (0, 0.001480577, 2.9746e-5, 0.00151061)), (8, (1, 0.00139827, 4.5442e-5, 0.00144431))]), (43168, 15, 0.001722811, [(8, (0, 0.001671613, 4.9633e-5, 0.001721499)), (7, (1, 0.001338217, 6.3734e-5, 0.001402351))]), (43184, 16, 0.001269061, [(8, (0, 0.001240322, 2.7577e-5, 0.001268116)), (8, (1, 0.001193053, 6.8895e-5, 0.001262861))]), (43200, 16, 0.001881794, [(8, (0, 0.00184591, 3.3853e-5, 0.001880121)), (8, (1, 0.001834009, 4.0123e-5, 0.001874345))]), (43216, 16, 0.001666071, [(8, (0, 0.001559492, 3.9217e-5, 0.001598934)), (8, (1, 0.001528716, 0.000109286, 0.001638289))]), (43232, 16, 0.001467971, [(8, (0, 0.001223871, 3.4839e-5, 0.001258949)), (8, (1, 0.001387953, 5.1613e-5, 0.001439875))]), (43248, 16, 0.001793189, [(8, (0, 0.001377192, 3.374e-5, 0.001411274)), (8, (1, 0.001547212, 0.000166292, 0.001713879))]), (43264, 16, 0.00153346, [(8, (0, 0.001435585, 1.2565e-5, 0.001448343)), (8, (1, 0.001463206, 4.2963e-5, 0.001506521))]), (43280, 15, 0.002107724, [(8, (0, 0.002078735, 2.7145e-5, 0.002106149)), (7, (1, 0.001373458, 7.9877e-5, 0.001453663))]), (43296, 15, 0.001795298, [(8, (0, 0.001758352, 3.5793e-5, 0.001794367)), (7, (1, 0.00130798, 0.000164598, 0.001472919))]), (43312, 16, 0.002024148, [(8, (0, 0.001997574, 2.4753e-5, 0.002022557)), (8, (1, 0.001567169, 4.1202e-5, 0.001608653))]), (43328, 15, 0.001532085, [(8, (0, 0.001318029, 2.6388e-5, 0.001344661)), (7, (1, 0.001355265, 5.5072e-5, 0.001410735))]), (43344, 15, 0.001610336, [(8, (0, 0.001478886, 3.7954e-5, 0.001517075)), (7, (1, 0.001514433, 4.5578e-5, 0.001560197))]), (43360, 16, 0.001573206, [(8, (0, 0.001404793, 2.4069e-5, 0.001429114)), (8, (1, 0.001513652, 3.7154e-5, 0.001551032))]), (43376, 16, 0.00167799, [(8, (0, 0.00164735, 2.8481e-5, 0.001676081)), (8, (1, 0.001602978, 3.3746e-5, 0.001636929))]), (43392, 15, 0.001730343, [(8, (0, 0.001690462, 3.1153e-5, 0.001721918)), (7, (1, 0.00168978, 3.8376e-5, 0.001728379))]), (43408, 16, 0.00170198, [(8, (0, 0.001667809, 3.2641e-5, 0.001700688)), (8, (1, 0.001416061, 0.000121439, 0.001537887))]), (43424, 16, 0.002582125, [(8, (0, 0.002553182, 2.7892e-5, 0.002581321)), (8, (1, 0.001311047, 0.000101066, 0.001412508))]), (43440, 16, 0.001729834, [(8, (0, 0.001700333, 2.8321e-5, 0.001728905)), (8, (1, 0.001551104, 0.000155027, 0.00170648))]), (43456, 15, 0.001361922, [(8, (0, 0.001329628, 3.1173e-5, 0.001361037)), (7, (1, 0.001176276, 4.756e-5, 0.0012242))]), (43472, 15, 0.001310382, [(8, (0, 0.001285029, 2.4385e-5, 0.001309639)), (7, (1, 0.001100622, 3.0944e-5, 0.001131793))]), (43488, 14, 0.001464062, [(7, (0, 0.001334881, 2.9591e-5, 0.001364702)), (7, (1, 0.001372263, 6.5787e-5, 0.001438285))]), (43504, 15, 0.001473099, [(8, (0, 0.001447843, 2.4381e-5, 0.00147245)), (7, (1, 0.00116952, 3.0399e-5, 0.001200143))]), (43520, 16, 0.001785169, [(8, (0, 0.001415533, 2.993e-5, 0.001445699)), (8, (1, 0.001576332, 3.6587e-5, 0.001613255))]), (43536, 16, 0.001605723, [(8, (0, 0.001566984, 3.7545e-5, 0.001604807)), (8, (1, 0.001478555, 6.4886e-5, 0.001543669))]), (43552, 16, 0.001651506, [(8, (0, 0.001626142, 2.3543e-5, 0.001650005)), (8, (1, 0.001604476, 3.4435e-5, 0.001639169))]), (43568, 16, 0.001335917, [(8, (0, 0.001308046, 2.5236e-5, 0.001333583)), (8, (1, 0.001181439, 3.1793e-5, 0.001213449))]), (43584, 15, 0.001601287, [(8, (0, 0.001558194, 4.2066e-5, 0.001600521)), (7, (1, 0.00131623, 5.7277e-5, 0.001373736))]), (43600, 16, 0.001471542, [(8, (0, 0.001448058, 2.1704e-5, 0.001470022)), (8, (1, 0.001343911, 3.0766e-5, 0.00137504))]), (43616, 15, 0.001288023, [(8, (0, 0.001238917, 3.412e-5, 0.001273334)), (7, (1, 0.001246789, 3.9604e-5, 0.001286591))]), (43632, 13, 0.001285885, [(7, (0, 0.001252155, 3.2902e-5, 0.001285283)), (6, (1, 0.001037539, 3.7843e-5, 0.001075619))]), (43648, 16, 0.001327353, [(8, (0, 0.001293487, 3.2836e-5, 0.001326571)), (8, (1, 0.001267315, 4.2294e-5, 0.001309888))]), (43664, 14, 0.001531131, [(7, (0, 0.001033625, 3.9836e-5, 0.001073701)), (7, (1, 0.001328969, 4.6266e-5, 0.001375426))]), (43680, 16, 0.001349847, [(8, (0, 0.001315352, 3.2856e-5, 0.001348472)), (8, (1, 0.00128966, 3.8286e-5, 0.001328176))]), (43696, 15, 0.001468923, [(8, (0, 0.00143127, 3.5185e-5, 0.001466696)), (7, (1, 0.001192237, 6.4022e-5, 0.001256742))]), (43712, 16, 0.001456753, [(8, (0, 0.001413223, 4.2438e-5, 0.001455878)), (8, (1, 0.001390216, 6.1091e-5, 0.001451717))]), (43728, 14, 0.001358435, [(7, (0, 0.001325826, 3.1498e-5, 0.001357553)), (7, (1, 0.001314947, 3.8007e-5, 0.001353242))]), (43744, 15, 0.001284007, [(8, (0, 0.001256367, 2.6015e-5, 0.001282623)), (7, (1, 0.001026939, 3.2114e-5, 0.001059245))]), (43760, 16, 0.00187496, [(8, (0, 0.00184194, 3.206e-5, 0.001874318)), (8, (1, 0.00131627, 4.6324e-5, 0.001363091))]), (43776, 16, 0.001614327, [(8, (0, 0.001417459, 2.2874e-5, 0.001440538)), (8, (1, 0.001545056, 4.7646e-5, 0.001592913))]), (43792, 16, 0.001571539, [(8, (0, 0.001541949, 2.7903e-5, 0.001570086)), (8, (1, 0.001348156, 3.4601e-5, 0.00138297))]), (43808, 14, 0.001289706, [(7, (0, 0.001104983, 2.8837e-5, 0.001134043)), (7, (1, 0.001224396, 4.2653e-5, 0.001267316))]), (43824, 16, 0.00154379, [(8, (0, 0.001223891, 2.6805e-5, 0.001250928)), (8, (1, 0.001489739, 3.2222e-5, 0.001522144))]), (43840, 13, 0.001431801, [(7, (0, 0.001390608, 3.9427e-5, 0.001430356)), (6, (1, 0.000958921, 5.6698e-5, 0.001015912))]), (43856, 16, 0.001572044, [(8, (0, 0.001233508, 4.2222e-5, 0.001275941)), (8, (1, 0.001448313, 0.000100907, 0.001549428))]), (43872, 16, 0.001338438, [(8, (0, 0.001313808, 2.3758e-5, 0.001337792)), (8, (1, 0.001215594, 2.9547e-5, 0.001245417))]), (43888, 15, 0.001543058, [(8, (0, 0.001514256, 2.7343e-5, 0.001541831)), (7, (1, 0.001421105, 3.3562e-5, 0.001455331))]), (43904, 16, 0.001958631, [(8, (0, 0.001297948, 3.1526e-5, 0.001329704)), (8, (1, 0.001871144, 3.8432e-5, 0.001909777))]), (43920, 15, 0.00161917, [(8, (0, 0.001584041, 3.3534e-5, 0.001617801)), (7, (1, 0.001146846, 4.4115e-5, 0.001191247))]), (43936, 14, 0.001189024, [(7, (0, 0.001039976, 3.4855e-5, 0.001075124)), (7, (1, 0.001101532, 6.722e-5, 0.001168978))]), (43952, 15, 0.002033248, [(8, (0, 0.002009907, 2.1692e-5, 0.002031833)), (7, (1, 0.001107359, 4.2416e-5, 0.001149995))]), (43968, 16, 0.001666855, [(8, (0, 0.00124012, 2.7948e-5, 0.001268294)), (8, (1, 0.001567412, 4.0263e-5, 0.001607902))]), (43984, 13, 0.001197621, [(7, (0, 0.00117007, 2.6694e-5, 0.001197008)), (6, (1, 0.001020799, 3.2132e-5, 0.001053132))]), (44000, 16, 0.001762862, [(8, (0, 0.001731051, 3.077e-5, 0.001762073)), (8, (1, 0.001670219, 5.6537e-5, 0.001727277))]), (44016, 16, 0.001569281, [(8, (0, 0.001539349, 2.8948e-5, 0.00156852)), (8, (1, 0.001435225, 5.596e-5, 0.001491529))]), (44032, 16, 0.001853903, [(8, (0, 0.001822973, 2.9624e-5, 0.001852819)), (8, (1, 0.001397345, 3.5636e-5, 0.001433251))]), (44048, 16, 0.001672264, [(8, (0, 0.001456204, 3.567e-5, 0.001492091)), (8, (1, 0.001590561, 5.5623e-5, 0.001646406))]), (44064, 16, 0.002283715, [(8, (0, 0.002258027, 2.4751e-5, 0.002283017)), (8, (1, 0.001368353, 3.115e-5, 0.001399768))]), (44080, 16, 0.002364601, [(8, (0, 0.002331215, 3.2359e-5, 0.002363804)), (8, (1, 0.002024665, 5.4382e-5, 0.002079583))]), (44096, 15, 0.001482746, [(8, (0, 0.001453082, 2.8398e-5, 0.00148169)), (7, (1, 0.001127895, 3.7828e-5, 0.001166001))]), (44112, 13, 0.001245633, [(7, (0, 0.00122025, 2.432e-5, 0.001244798)), (6, (1, 0.001028012, 3.2862e-5, 0.001061115))]), (44128, 5, 0.000666432, [(3, (0, 0.000528272, 1.8581e-5, 0.000547079)), (2, (1, 0.000619222, 2.5003e-5, 0.000644451))]), (44144, 6, 0.000713905, [(3, (0, 0.000459274, 1.6475e-5, 0.000475975)), (3, (1, 0.000675921, 2.2218e-5, 0.000698335))]), (44160, 14, 0.009603944, [(7, (0, 0.009572455, 2.9487e-5, 0.009602171)), (7, (1, 0.001551854, 3.5082e-5, 0.001587199))]), (44176, 13, 0.001535739, [(7, (0, 0.001492026, 4.2523e-5, 0.001534789)), (6, (1, 0.001080419, 6.1309e-5, 0.00114211))]), (44192, 16, 0.001488208, [(8, (0, 0.001454825, 3.2387e-5, 0.001487438)), (8, (1, 0.001287583, 7.3264e-5, 0.001361107))]), (44208, 14, 0.001546726, [(7, (0, 0.001319877, 3.1985e-5, 0.001352084)), (7, (1, 0.001487392, 3.9247e-5, 0.001526836))]), (44224, 16, 0.001641288, [(8, (0, 0.001615816, 2.4473e-5, 0.001640504)), (8, (1, 0.001296021, 3.0239e-5, 0.001326486))]), (44240, 16, 0.001421922, [(8, (0, 0.001400125, 2.0858e-5, 0.00142121)), (8, (1, 0.001325724, 4.7996e-5, 0.001374348))]), (44256, 15, 0.001574984, [(8, (0, 0.001453216, 2.4733e-5, 0.001478173)), (7, (1, 0.001492143, 4.7533e-5, 0.001540095))]), (44272, 15, 0.001691344, [(8, (0, 0.001658467, 3.0797e-5, 0.001689728)), (7, (1, 0.001379414, 8.5887e-5, 0.001465682))]), (44288, 16, 0.001528992, [(8, (0, 0.001492697, 3.4471e-5, 0.001527525)), (8, (1, 0.001316402, 4.6881e-5, 0.001363678))]), (44304, 15, 0.001630807, [(8, (0, 0.001597852, 3.1803e-5, 0.001629937)), (7, (1, 0.001453036, 4.4621e-5, 0.001498031))]), (44320, 15, 0.001681775, [(8, (0, 0.001642523, 3.7723e-5, 0.001680516)), (7, (1, 0.001211005, 5.0511e-5, 0.001261772))]), (44336, 15, 0.001687819, [(8, (0, 0.001656648, 2.9422e-5, 0.001686385)), (7, (1, 0.001389843, 4.4546e-5, 0.001434784))]), (44352, 16, 0.0015855, [(8, (0, 0.001555794, 2.7862e-5, 0.001584089)), (8, (1, 0.00152701, 4.0904e-5, 0.001568362))]), (44368, 15, 0.001356038, [(8, (0, 0.001310236, 3.5185e-5, 0.001345691)), (7, (1, 0.001266856, 8.7723e-5, 0.001354976))]), (44384, 14, 0.002054216, [(7, (0, 0.001794657, 2.9102e-5, 0.001824017)), (7, (1, 0.001963842, 6.1254e-5, 0.002025506))]), (44400, 15, 0.001581593, [(8, (0, 0.001554339, 2.5083e-5, 0.001579778)), (7, (1, 0.00139787, 3.0519e-5, 0.001428643))]), (44416, 14, 0.001518836, [(7, (0, 0.001486234, 3.1616e-5, 0.001518088)), (7, (1, 0.001199894, 4.1059e-5, 0.001241261))]), (44432, 15, 0.001820231, [(8, (0, 0.001789114, 3.0233e-5, 0.001819599)), (7, (1, 0.001271436, 3.5807e-5, 0.001307637))]), (44448, 15, 0.001324814, [(8, (0, 0.001146511, 2.3286e-5, 0.001170007)), (7, (1, 0.00122798, 3.4779e-5, 0.00126307))]), (44464, 15, 0.001869133, [(8, (0, 0.001837148, 3.0618e-5, 0.001868005)), (7, (1, 0.00119005, 3.526e-5, 0.001225544))]), (44480, 13, 0.001563994, [(7, (0, 0.001473798, 3.6353e-5, 0.001510405)), (6, (1, 0.001436877, 0.000104663, 0.001541875))]), (44496, 16, 0.002583383, [(8, (0, 0.002555053, 2.7395e-5, 0.002582696)), (8, (1, 0.002316505, 3.3842e-5, 0.002350568))]), (44512, 15, 0.001468625, [(8, (0, 0.001446424, 2.1295e-5, 0.001467944)), (7, (1, 0.001299419, 3.0348e-5, 0.001330012))]), (44528, 9, 0.000934584, [(5, (0, 0.000911804, 2.191e-5, 0.000933942)), (4, (1, 0.000751826, 6.8494e-5, 0.00082064))]), (44544, 14, 0.001274978, [(7, (0, 0.001156137, 2.661e-5, 0.001183034)), (7, (1, 0.001224125, 3.2796e-5, 0.001257138))]), (44560, 16, 0.001657327, [(8, (0, 0.001222859, 2.1039e-5, 0.001244186)), (8, (1, 0.001568969, 2.6445e-5, 0.001595643))]), (44576, 16, 0.001450155, [(8, (0, 0.001199233, 2.3881e-5, 0.001223323)), (8, (1, 0.001400186, 2.9315e-5, 0.001429769))]), (44592, 16, 0.001079223, [(8, (0, 0.001054765, 2.3507e-5, 0.0010785)), (8, (1, 0.001031303, 2.9267e-5, 0.001060777))]), (44608, 14, 0.001136453, [(7, (0, 0.00111407, 2.1301e-5, 0.001135587)), (7, (1, 0.001075885, 2.6948e-5, 0.001103036))]), (44624, 16, 0.001417284, [(8, (0, 0.001270695, 2.1222e-5, 0.001292303)), (8, (1, 0.001327491, 6.3711e-5, 0.001391592))]), (44640, 14, 0.002118273, [(7, (0, 0.001455902, 3.0755e-5, 0.001486886)), (7, (1, 0.00204667, 4.3766e-5, 0.00209074))]), (44656, 16, 0.002069116, [(8, (0, 0.002034897, 3.2325e-5, 0.002067658)), (8, (1, 0.001763725, 4.4722e-5, 0.0018088))]), (44672, 15, 0.001965165, [(8, (0, 0.001933134, 3.0951e-5, 0.001964361)), (7, (1, 0.001724544, 3.8741e-5, 0.001763537))]), (44688, 15, 0.001956408, [(8, (0, 0.001630366, 2.8703e-5, 0.001659343)), (7, (1, 0.001890376, 4.0895e-5, 0.001931847))]), (44704, 15, 0.001878342, [(8, (0, 0.001844064, 3.2876e-5, 0.001877243)), (7, (1, 0.001379373, 4.0482e-5, 0.001420102))]), (44720, 16, 0.001269762, [(8, (0, 0.001229339, 3.1192e-5, 0.001260899)), (8, (1, 0.001220443, 4.7088e-5, 0.001267897))]), (44736, 16, 0.00139649, [(8, (0, 0.001176519, 2.4377e-5, 0.001201134)), (8, (1, 0.001345459, 3.0549e-5, 0.001376248))]), (44752, 16, 0.00144862, [(8, (0, 0.001356032, 2.9413e-5, 0.001385739)), (8, (1, 0.001374941, 3.4645e-5, 0.001409829))]), (44768, 16, 0.001573097, [(8, (0, 0.001543369, 2.6711e-5, 0.001570347)), (8, (1, 0.00146366, 3.3124e-5, 0.001497014))]), (44784, 15, 0.001634381, [(8, (0, 0.001608098, 2.5014e-5, 0.001633361)), (7, (1, 0.001397204, 3.8284e-5, 0.001435919))]), (44800, 16, 0.001890932, [(8, (0, 0.001783999, 2.7111e-5, 0.001811334)), (8, (1, 0.001791048, 7.7199e-5, 0.001868716))]), (44816, 15, 0.001353284, [(8, (0, 0.001321792, 3.0477e-5, 0.001352491)), (7, (1, 0.001142014, 3.9292e-5, 0.001181579))]), (44832, 15, 0.001469908, [(8, (0, 0.00144477, 2.3812e-5, 0.001468817)), (7, (1, 0.000991564, 3.6516e-5, 0.001028443))]), (44848, 15, 0.001403661, [(8, (0, 0.001197089, 2.9069e-5, 0.001226376)), (7, (1, 0.001316664, 6.8162e-5, 0.001385698))]), (44864, 16, 0.001585877, [(8, (0, 0.001211319, 4.3729e-5, 0.001255306)), (8, (1, 0.00140314, 9.2794e-5, 0.001496157))]), (44880, 16, 0.001244491, [(8, (0, 0.001125585, 1.9959e-5, 0.001145853)), (8, (1, 0.001182084, 2.7651e-5, 0.00120998))]), (44896, 15, 0.0016528, [(8, (0, 0.001628979, 2.2718e-5, 0.001651982)), (7, (1, 0.001536141, 3.6685e-5, 0.001573266))]), (44912, 16, 0.001462113, [(8, (0, 0.001440211, 2.1011e-5, 0.001461481)), (8, (1, 0.001360205, 3.3231e-5, 0.001393714))]), (44928, 15, 0.001479037, [(8, (0, 0.001458727, 1.9359e-5, 0.001478335)), (7, (1, 0.001322723, 2.823e-5, 0.001351187))]), (44944, 16, 0.00135692, [(8, (0, 0.001340039, 1.5961e-5, 0.00135623)), (8, (1, 0.001316532, 2.779e-5, 0.001344586))]), (44960, 16, 0.001438049, [(8, (0, 0.001406163, 3.1007e-5, 0.001437402)), (8, (1, 0.001341263, 4.6773e-5, 0.001388245))]), (44976, 16, 0.001613166, [(8, (0, 0.001233439, 1.6536e-5, 0.001250192)), (8, (1, 0.00138238, 8.4308e-5, 0.001466924))]), (44992, 16, 0.001200878, [(8, (0, 0.001178534, 2.0439e-5, 0.001199296)), (8, (1, 0.001141196, 2.6403e-5, 0.001167828))]), (45008, 16, 0.001567825, [(8, (0, 0.001533931, 3.1938e-5, 0.001566136)), (8, (1, 0.001395153, 5.4127e-5, 0.001450387))]), (45024, 10, 0.000829622, [(5, (0, 0.000752261, 2.6675e-5, 0.000779175)), (5, (1, 0.000780443, 3.2087e-5, 0.000812754))]), (45040, 15, 0.001642635, [(8, (0, 0.001608414, 3.3229e-5, 0.001641881)), (7, (1, 0.001097004, 3.8296e-5, 0.001135496))]), (45056, 13, 0.001189857, [(7, (0, 0.001159443, 2.9603e-5, 0.001189263)), (6, (1, 0.000876132, 5.5978e-5, 0.000932321))]), (45072, 16, 0.001266931, [(8, (0, 0.001240836, 2.5111e-5, 0.001266184)), (8, (1, 0.001221297, 2.9749e-5, 0.001251277))]), (45088, 16, 0.001316861, [(8, (0, 0.001288219, 2.7586e-5, 0.001316021)), (8, (1, 0.001197619, 3.2657e-5, 0.001230468))]), (45104, 16, 0.001213907, [(8, (0, 0.0010774, 1.9135e-5, 0.001096741)), (8, (1, 0.001150802, 2.4175e-5, 0.001175168))]), (45120, 14, 0.001040588, [(7, (0, 0.001017555, 2.1945e-5, 0.001039782)), (7, (1, 0.00099173, 2.6839e-5, 0.001018781))]), (45136, 0, 2.6452e-5, [(0, (0, 1.6e-7, 2.5018e-5, 2.5422e-5)), (0, (1, 1.12e-7, 2.5829e-5, 2.6083e-5))]), (45152, 14, 0.001594857, [(7, (0, 0.001560968, 3.1684e-5, 0.001593)), (7, (1, 0.001489689, 3.6909e-5, 0.001526816))]), (45168, 16, 0.001880832, [(8, (0, 0.001845432, 3.4155e-5, 0.001879838)), (8, (1, 0.001753732, 9.9975e-5, 0.001854215))]), (45184, 16, 0.001839831, [(8, (0, 0.001619641, 2.5485e-5, 0.001645362)), (8, (1, 0.001782932, 3.4357e-5, 0.001817523))]), (45200, 16, 0.001791848, [(8, (0, 0.001651834, 2.613e-5, 0.001678185)), (8, (1, 0.0017433, 3.1175e-5, 0.001774737))]), (45216, 16, 0.001799394, [(8, (0, 0.001715598, 3.079e-5, 0.001746807)), (8, (1, 0.001742853, 3.644e-5, 0.001779497))]), (45232, 16, 0.001557671, [(8, (0, 0.001400678, 2.5412e-5, 0.001426323)), (8, (1, 0.001487076, 3.124e-5, 0.001518503))]), (45248, 3, 0.000412993, [(2, (0, 0.000390191, 2.2063e-5, 0.000412508)), (1, (1, 0.000154393, 3.1692e-5, 0.000186288))]), (45264, 9, 0.001424828, [(5, (0, 0.001392963, 3.0233e-5, 0.001423468)), (4, (1, 0.000838787, 3.7846e-5, 0.000876863))]), (45280, 12, 0.001283672, [(6, (0, 0.00124917, 3.3549e-5, 0.001282954)), (6, (1, 0.001038319, 7.1047e-5, 0.001109996))]), (45296, 0, 2.2802e-5, [(0, (0, 1.25e-7, 2.138e-5, 2.1717e-5)), (0, (1, 1e-7, 2.2294e-5, 2.2524e-5))]), (45312, 16, 0.001392714, [(8, (0, 0.001373832, 1.6933e-5, 0.001390907)), (8, (1, 0.001356899, 2.2182e-5, 0.001379523))]), (45328, 15, 0.001569494, [(8, (0, 0.001528713, 3.887e-5, 0.001567816)), (7, (1, 0.0013213, 9.4404e-5, 0.001415924))]), (45344, 15, 0.001482232, [(8, (0, 0.001272878, 3.1739e-5, 0.001304852)), (7, (1, 0.001341936, 0.000105697, 0.001448759))]), (45360, 11, 0.001326445, [(6, (0, 0.001180533, 2.9214e-5, 0.001210111)), (5, (1, 0.001267678, 4.0919e-5, 0.001308923))]), (45376, 16, 0.001348756, [(8, (0, 0.001290115, 2.3891e-5, 0.00131428)), (8, (1, 0.001303265, 2.9775e-5, 0.001333283))]), (45392, 16, 0.001323074, [(8, (0, 0.001239222, 1.858e-5, 0.001258037)), (8, (1, 0.001284, 2.3907e-5, 0.001308126))]), (45408, 15, 0.001247374, [(8, (0, 0.00122495, 2.1413e-5, 0.001246584)), (7, (1, 0.00108899, 3.6284e-5, 0.001125638))]), (45424, 15, 0.001476505, [(8, (0, 0.001454183, 2.1331e-5, 0.001475741)), (7, (1, 0.001260507, 3.3069e-5, 0.0012938))]), (45440, 16, 0.001465382, [(8, (0, 0.001445589, 1.8811e-5, 0.001464613)), (8, (1, 0.001346439, 7.5421e-5, 0.001422249))]), (45456, 0, 2.2518e-5, [(0, (0, 1.23e-7, 2.1186e-5, 2.1522e-5)), (0, (1, 9.6e-8, 2.1962e-5, 2.2172e-5))]), (45472, 2, 0.000311994, [(1, (0, 0.000294006, 1.7331e-5, 0.000311547)), (1, (1, 0.000134185, 2.2966e-5, 0.00015736))]), (45488, 4, 0.000499724, [(2, (0, 0.000408193, 1.7243e-5, 0.000425661)), (2, (1, 0.000445091, 2.9362e-5, 0.000474704))]), (45504, 0, 1.9042e-5, [(0, (0, 1.38e-7, 1.7449e-5, 1.7834e-5)), (0, (1, 9.5e-8, 1.8492e-5, 1.8703e-5))]), (45520, 5, 0.000536425, [(3, (0, 0.000520259, 1.5537e-5, 0.000535919)), (2, (1, 0.000287093, 1.6174e-5, 0.000303498))]), (45536, 5, 0.000574135, [(3, (0, 0.000554976, 1.8348e-5, 0.000573561)), (2, (1, 0.000304072, 2.3716e-5, 0.000328))]), (45552, 16, 0.001752807, [(8, (0, 0.001732541, 1.9156e-5, 0.001751928)), (8, (1, 0.001219648, 2.5688e-5, 0.001245561))]), (45568, 16, 0.00118664, [(8, (0, 0.00116747, 1.8257e-5, 0.001185943)), (8, (1, 0.001121937, 5.6339e-5, 0.001178936))]), (45584, 16, 0.001622506, [(8, (0, 0.001603505, 1.779e-5, 0.001621527)), (8, (1, 0.001511576, 2.3112e-5, 0.001534883))]), (45600, 16, 0.002022394, [(8, (0, 0.002005, 1.6468e-5, 0.002021698)), (8, (1, 0.001419705, 3.6208e-5, 0.001456253))]), (45616, 15, 0.001445044, [(8, (0, 0.001417142, 1.7744e-5, 0.00143512)), (7, (1, 0.001412731, 3.0678e-5, 0.001443784))]), (45632, 8, 0.000734498, [(4, (0, 0.000705206, 2.8467e-5, 0.000733902)), (4, (1, 0.000623472, 3.4829e-5, 0.000658514))]), (45648, 11, 0.001298845, [(6, (0, 0.001274014, 2.3367e-5, 0.001297643)), (5, (1, 0.000960787, 2.8978e-5, 0.000989977))]), (45664, 15, 0.00148041, [(8, (0, 0.001452309, 2.7083e-5, 0.001479642)), (7, (1, 0.001213904, 4.5387e-5, 0.0012598))]), (45680, 12, 0.001010333, [(6, (0, 0.000892071, 2.7256e-5, 0.000919551)), (6, (1, 0.000942456, 4.7151e-5, 0.000990351))]), (45696, 16, 0.001403713, [(8, (0, 0.001242656, 2.8827e-5, 0.001271725)), (8, (1, 0.001352512, 3.43e-5, 0.001387005))]), (45712, 16, 0.001941991, [(8, (0, 0.001465591, 2.779e-5, 0.001493624)), (8, (1, 0.001844365, 3.3404e-5, 0.001877981))]), (45728, 15, 0.002047989, [(8, (0, 0.002030521, 1.6184e-5, 0.002047032)), (7, (1, 0.001186454, 2.8945e-5, 0.001215807))]), (45744, 16, 0.002150355, [(8, (0, 0.002122648, 2.544e-5, 0.002148393)), (8, (1, 0.001328158, 4.093e-5, 0.001369396))]), (45760, 15, 0.001809706, [(8, (0, 0.001778493, 2.9816e-5, 0.00180857)), (7, (1, 0.0011458, 7.6159e-5, 0.001222274))]), (45776, 16, 0.001648465, [(8, (0, 0.00161669, 3.0675e-5, 0.001647606)), (8, (1, 0.001485415, 4.0305e-5, 0.001525982))]), (45792, 16, 0.001637721, [(8, (0, 0.001610628, 2.6088e-5, 0.001636953)), (8, (1, 0.001534745, 3.6896e-5, 0.001571949))]), (45808, 16, 0.001720033, [(8, (0, 0.001696071, 2.2912e-5, 0.001719208)), (8, (1, 0.001135398, 3.7314e-5, 0.001172964))]), (45824, 16, 0.00166193, [(8, (0, 0.00163807, 2.2778e-5, 0.001661075)), (8, (1, 0.001341113, 3.977e-5, 0.001381192))]), (45840, 16, 0.001761936, [(8, (0, 0.001737468, 2.2297e-5, 0.001760074)), (8, (1, 0.001296121, 2.9051e-5, 0.001325509))]), (45856, 16, 0.002045202, [(8, (0, 0.001743439, 3.0317e-5, 0.001774034)), (8, (1, 0.00192219, 4.0322e-5, 0.001962736))]), (45872, 13, 0.00120162, [(7, (0, 0.00117275, 2.771e-5, 0.00120074)), (6, (1, 0.00084873, 3.6656e-5, 0.000885591))]), (45888, 15, 0.001414013, [(8, (0, 0.001395163, 1.7725e-5, 0.001413142)), (7, (1, 0.001086401, 2.6217e-5, 0.001112859))]), (45904, 15, 0.001788345, [(8, (0, 0.001760435, 2.5971e-5, 0.001786709)), (7, (1, 0.001438701, 4.0251e-5, 0.001479351))]), (45920, 15, 0.002381968, [(8, (0, 0.002344234, 3.6752e-5, 0.002381233)), (7, (1, 0.001181013, 4.6916e-5, 0.00122826))]), (45936, 16, 0.001773473, [(8, (0, 0.001750798, 2.1298e-5, 0.001772324)), (8, (1, 0.001198763, 4.5932e-5, 0.001245004))]), (45952, 16, 0.001836843, [(8, (0, 0.001811059, 2.3145e-5, 0.00183443)), (8, (1, 0.001133993, 6.1764e-5, 0.001196078))]), (45968, 16, 0.001954141, [(8, (0, 0.001182874, 2.9084e-5, 0.001212182)), (8, (1, 0.00179, 0.000124303, 0.001914896))]), (45984, 16, 0.001953282, [(8, (0, 0.001254509, 2.9547e-5, 0.001284266)), (8, (1, 0.001846729, 7.2867e-5, 0.001919942))]), (46000, 15, 0.001463765, [(8, (0, 0.001291972, 2.9723e-5, 0.001321901)), (7, (1, 0.001340329, 5.8814e-5, 0.001399348))]), (46016, 16, 0.001699155, [(8, (0, 0.001484362, 3.7729e-5, 0.001522413)), (8, (1, 0.001622805, 5.1845e-5, 0.001675014))]), (46032, 16, 0.00118624, [(8, (0, 0.001111071, 2.1609e-5, 0.001132896)), (8, (1, 0.001105363, 5.9599e-5, 0.001165542))]), (46048, 14, 0.009678465, [(7, (0, 0.000821761, 2.4357e-5, 0.000846325)), (7, (1, 0.009530223, 3.1729e-5, 0.009562211))]), (46064, 16, 0.001435071, [(8, (0, 0.001394317, 3.96e-5, 0.00143423)), (8, (1, 0.001234934, 4.7156e-5, 0.001282313))]), (46080, 16, 0.001767601, [(8, (0, 0.00157094, 4.9546e-5, 0.001620831)), (8, (1, 0.001603225, 0.000122567, 0.001736816))]), (46096, 16, 0.001393405, [(8, (0, 0.001271361, 3.5941e-5, 0.001307564)), (8, (1, 0.001324702, 4.4244e-5, 0.00136917))]), (46112, 16, 0.001361413, [(8, (0, 0.001335594, 2.4681e-5, 0.001360564)), (8, (1, 0.00127895, 3.248e-5, 0.001311874))]), (46128, 15, 0.001545492, [(8, (0, 0.001508778, 3.581e-5, 0.00154481)), (7, (1, 0.001194654, 4.9972e-5, 0.001244888))]), (46144, 16, 0.001459091, [(8, (0, 0.001423894, 3.3806e-5, 0.001457943)), (8, (1, 0.00133463, 4.3883e-5, 0.00137954))]), (46160, 10, 0.001113092, [(5, (0, 0.001081763, 3.0374e-5, 0.001112368)), (5, (1, 0.000876345, 5.4796e-5, 0.000931606))]), (46176, 12, 0.001103089, [(6, (0, 0.001018339, 2.7594e-5, 0.001046204)), (6, (1, 0.001024453, 4.3844e-5, 0.001068679))]), (46192, 14, 0.001306569, [(7, (0, 0.001280179, 2.5089e-5, 0.001305502)), (7, (1, 0.001136521, 3.3576e-5, 0.001170335))]), (46208, 10, 0.000775893, [(5, (0, 0.000749273, 2.2012e-5, 0.000771591)), (5, (1, 0.000744576, 2.9573e-5, 0.000774386))]), (46224, 16, 0.001463783, [(8, (0, 0.001410095, 2.9362e-5, 0.001439829)), (8, (1, 0.001271266, 0.000188516, 0.001460253))]), (46240, 11, 0.00148391, [(6, (0, 0.00143474, 4.6396e-5, 0.001481637)), (5, (1, 0.000816468, 0.000106176, 0.000923168))]), (46256, 11, 0.001026909, [(6, (0, 0.000991075, 3.3818e-5, 0.001025167)), (5, (1, 0.000801933, 4.3894e-5, 0.000846032))]), (46272, 16, 0.00174476, [(8, (0, 0.001700883, 3.9185e-5, 0.001740447)), (8, (1, 0.001166133, 5.6817e-5, 0.00122327))]), (46288, 10, 0.000869754, [(5, (0, 0.000817558, 5.0933e-5, 0.000868775)), (5, (1, 0.000796562, 6.7252e-5, 0.000864032))]), (46304, 15, 0.001403466, [(8, (0, 0.001263823, 4.6136e-5, 0.001310257)), (7, (1, 0.001299912, 5.3915e-5, 0.001354184))]), (46320, 11, 0.001097202, [(6, (0, 0.001065256, 3.0178e-5, 0.001095709)), (5, (1, 0.000788461, 4.3339e-5, 0.000832008))]), (46336, 11, 0.000890489, [(6, (0, 0.000855714, 3.3745e-5, 0.000889732)), (5, (1, 0.000681056, 7.7353e-5, 0.00075956))]), (46352, 16, 0.001641889, [(8, (0, 0.001603798, 3.6746e-5, 0.001640827)), (8, (1, 0.001387818, 5.2086e-5, 0.001440103))]), (46368, 16, 0.001687399, [(8, (0, 0.001658472, 2.688e-5, 0.001685613)), (8, (1, 0.001294889, 4.3712e-5, 0.001338931))]), (46384, 11, 0.001292068, [(6, (0, 0.001266274, 2.3007e-5, 0.001289696)), (5, (1, 0.000862107, 3.5734e-5, 0.000898192))]), (46400, 14, 0.00171443, [(7, (0, 0.001467289, 4.028e-5, 0.001507832)), (7, (1, 0.001588204, 5.467e-5, 0.001643166))]), (46416, 16, 0.001438916, [(8, (0, 0.001262791, 3.6746e-5, 0.001299811)), (8, (1, 0.001373217, 4.5398e-5, 0.00141884))]), (46432, 16, 0.001664518, [(8, (0, 0.001632906, 2.8942e-5, 0.001662091)), (8, (1, 0.001565222, 3.5515e-5, 0.001600987))]), (46448, 15, 0.001797909, [(8, (0, 0.001674612, 2.6185e-5, 0.001701091)), (7, (1, 0.001740439, 3.6039e-5, 0.001776969))]), (46464, 15, 0.001531715, [(8, (0, 0.00150039, 2.7422e-5, 0.001528349)), (7, (1, 0.001359427, 3.3168e-5, 0.001392817))]), (46480, 16, 0.001922245, [(8, (0, 0.001598243, 4.5313e-5, 0.001644146)), (8, (1, 0.0018205, 5.2418e-5, 0.001873149))]), (46496, 15, 0.001502962, [(8, (0, 0.001461105, 4.0327e-5, 0.001501689)), (7, (1, 0.001096695, 4.5418e-5, 0.001142315))]), (46512, 16, 0.001594357, [(8, (0, 0.001417429, 5.0453e-5, 0.001468348)), (8, (1, 0.0014343, 7.0083e-5, 0.001504581))]), (46528, 16, 0.001390449, [(8, (0, 0.001220586, 2.9628e-5, 0.001250495)), (8, (1, 0.001319091, 3.9174e-5, 0.001358462))]), (46544, 12, 0.001327223, [(6, (0, 0.001185866, 3.9407e-5, 0.001225613)), (6, (1, 0.001238537, 5.6341e-5, 0.001295205))]), (46560, 14, 0.001383458, [(7, (0, 0.00128917, 3.0641e-5, 0.001320074)), (7, (1, 0.001266028, 8.1394e-5, 0.001347631))]), (46576, 15, 0.00131412, [(8, (0, 0.001278869, 3.3628e-5, 0.00131278)), (7, (1, 0.001191424, 3.8465e-5, 0.001230121))]), (46592, 11, 0.001461725, [(6, (0, 0.001432909, 2.4643e-5, 0.001458044)), (5, (1, 0.000861695, 4.8036e-5, 0.000910188))]), (46608, 15, 0.001539071, [(8, (0, 0.001479447, 5.6079e-5, 0.001535894)), (7, (1, 0.001182308, 6.9138e-5, 0.001251676))]), (46624, 11, 0.001641378, [(6, (0, 0.001591768, 4.6832e-5, 0.001638879)), (5, (1, 0.00132311, 0.000103799, 0.001427236))]), (46640, 16, 0.001203988, [(8, (0, 0.00116902, 3.3162e-5, 0.001202431)), (8, (1, 0.001143491, 5.0974e-5, 0.001194818))]), (46656, 14, 0.001586093, [(7, (0, 0.001112528, 3.5557e-5, 0.00114835)), (7, (1, 0.001504806, 5.1133e-5, 0.001556264))]), (46672, 16, 0.001767248, [(8, (0, 0.001235438, 2.5525e-5, 0.00126122)), (8, (1, 0.001630287, 4.4908e-5, 0.001675674))]), (46688, 11, 0.001745123, [(6, (0, 0.001723269, 2.081e-5, 0.001744342)), (5, (1, 0.001165008, 2.7919e-5, 0.001193502))]), (46704, 12, 0.001551922, [(6, (0, 0.001522653, 2.7928e-5, 0.001550834)), (6, (1, 0.001028008, 5.4006e-5, 0.00108252))]), (46720, 16, 0.001796231, [(8, (0, 0.001507919, 3.4945e-5, 0.001543094)), (8, (1, 0.001683462, 5.8223e-5, 0.001742091))]), (46736, 16, 0.001167071, [(8, (0, 0.001128819, 3.1804e-5, 0.001160984)), (8, (1, 0.001125144, 3.7195e-5, 0.001162549))]), (46752, 13, 0.00139705, [(7, (0, 0.001361805, 3.2793e-5, 0.001394901)), (6, (1, 0.001033487, 4.0018e-5, 0.00107377))]), (46768, 8, 0.000851484, [(4, (0, 0.000723809, 3.9491e-5, 0.000763521)), (4, (1, 0.000752364, 7.5371e-5, 0.000828121))]), (46784, 13, 0.001602411, [(7, (0, 0.001216685, 4.1541e-5, 0.00125847)), (6, (1, 0.001520236, 4.7288e-5, 0.001567924))]), (46800, 15, 0.002370071, [(8, (0, 0.002329742, 3.5937e-5, 0.002366056)), (7, (1, 0.001661906, 6.9091e-5, 0.001731285))]), (46816, 14, 0.001578652, [(7, (0, 0.001543247, 3.2459e-5, 0.001575993)), (7, (1, 0.001060753, 4.8179e-5, 0.001109192))]), (46832, 16, 0.002800612, [(8, (0, 0.002758347, 3.9611e-5, 0.002798385)), (8, (1, 0.002640537, 0.000127672, 0.002768692))]), (46848, 16, 0.002239602, [(8, (0, 0.002194086, 4.3339e-5, 0.00223774)), (8, (1, 0.001642169, 5.0829e-5, 0.00169328))]), (46864, 14, 0.001857678, [(7, (0, 0.001752636, 3.1685e-5, 0.001784771)), (7, (1, 0.00177432, 5.9174e-5, 0.001833783))]), (46880, 15, 0.00183012, [(8, (0, 0.001804015, 2.4334e-5, 0.001828624)), (7, (1, 0.001337323, 3.0413e-5, 0.00136798))]), (46896, 15, 0.001874872, [(8, (0, 0.001577067, 3.6751e-5, 0.001614062)), (7, (1, 0.001765724, 7.1884e-5, 0.001838109))]), (46912, 16, 0.003027888, [(8, (0, 0.002973282, 5.0254e-5, 0.003024046)), (8, (1, 0.002750756, 6.0327e-5, 0.002811326))]), (46928, 11, 0.001457484, [(6, (0, 0.001409508, 4.4051e-5, 0.001454149)), (5, (1, 0.001028289, 5.4443e-5, 0.001082983))]), (46944, 15, 0.002643249, [(8, (0, 0.002595984, 4.369e-5, 0.002640139)), (7, (1, 0.002148986, 7.1907e-5, 0.002221518))]), (46960, 14, 0.001829132, [(7, (0, 0.001291131, 4.9913e-5, 0.001341434)), (7, (1, 0.001704444, 6.1385e-5, 0.001766116))]), (46976, 15, 0.001636705, [(8, (0, 0.001594414, 3.9283e-5, 0.001634077)), (7, (1, 0.001124199, 4.4899e-5, 0.001169352))]), (46992, 15, 0.001406758, [(8, (0, 0.001365944, 3.9182e-5, 0.001405384)), (7, (1, 0.001187568, 0.00010245, 0.001290331))]), (47008, 16, 0.001591053, [(8, (0, 0.001438317, 4.0281e-5, 0.001478831)), (8, (1, 0.001502437, 5.1154e-5, 0.001554092))]), (47024, 16, 0.002480926, [(8, (0, 0.002427017, 5.0001e-5, 0.002477489)), (8, (1, 0.002251819, 5.8242e-5, 0.002310384))]), (47040, 13, 0.001372299, [(7, (0, 0.001316915, 5.4103e-5, 0.001371344)), (6, (1, 0.001210756, 8.5577e-5, 0.00129677))]), (47056, 11, 0.001532716, [(6, (0, 0.001500273, 3.092e-5, 0.001531452)), (5, (1, 0.001163005, 4.4132e-5, 0.001207561))]), (47072, 14, 0.001366665, [(7, (0, 0.00123622, 3.1999e-5, 0.001268752)), (7, (1, 0.001280076, 5.0066e-5, 0.001330522))]), (47088, 16, 0.001568875, [(8, (0, 0.001526319, 4.1585e-5, 0.001568179)), (8, (1, 0.001306606, 4.709e-5, 0.001353903))]), (47104, 14, 0.001333722, [(7, (0, 0.001293357, 3.7113e-5, 0.001330839)), (7, (1, 0.001197269, 6.2574e-5, 0.00126047))]), (47120, 16, 0.001991444, [(8, (0, 0.001938087, 5.0843e-5, 0.001989273)), (8, (1, 0.001809777, 6.6522e-5, 0.001876712))]), (47136, 15, 0.001609285, [(8, (0, 0.001464299, 3.6348e-5, 0.001500935)), (7, (1, 0.001471234, 9.5664e-5, 0.001567264))]), (47152, 16, 0.001152516, [(8, (0, 0.001049304, 3.9424e-5, 0.001089043)), (8, (1, 0.001064381, 5.8094e-5, 0.001122902))]), (47168, 13, 0.000932688, [(7, (0, 0.000904314, 2.7274e-5, 0.00093185)), (6, (1, 0.0007496, 3.3248e-5, 0.000783058))]), (47184, 16, 0.001375388, [(8, (0, 0.001341341, 3.1764e-5, 0.001373379)), (8, (1, 0.001224457, 4.3828e-5, 0.001268546))]), (47200, 15, 0.001549328, [(8, (0, 0.001507647, 3.9741e-5, 0.00154765)), (7, (1, 0.001060965, 5.9565e-5, 0.00112098))]), (47216, 16, 0.001370721, [(8, (0, 0.001341465, 2.7053e-5, 0.001368754)), (8, (1, 0.001243698, 3.4033e-5, 0.00127806))]), (47232, 15, 0.001429294, [(8, (0, 0.001405759, 2.2495e-5, 0.001428482)), (7, (1, 0.001247649, 4.4704e-5, 0.001292815))]), (47248, 15, 0.00156818, [(8, (0, 0.00153825, 2.8434e-5, 0.001566942)), (7, (1, 0.001281238, 4.0654e-5, 0.001322136))]), (47264, 16, 0.001468034, [(8, (0, 0.001363348, 2.3918e-5, 0.001387499)), (8, (1, 0.001394011, 4.6141e-5, 0.001440619))]), (47280, 16, 0.001529703, [(8, (0, 0.001504481, 2.3893e-5, 0.001528613)), (8, (1, 0.001359749, 3.0714e-5, 0.001390814))]), (47296, 15, 0.001521058, [(8, (0, 0.001482835, 3.7185e-5, 0.00152026)), (7, (1, 0.001265154, 4.319e-5, 0.001308591))]), (47312, 16, 0.00138285, [(8, (0, 0.001363128, 1.8755e-5, 0.001382121)), (8, (1, 0.001282709, 2.7078e-5, 0.00131002))]), (47328, 15, 0.001390088, [(8, (0, 0.001365323, 2.3822e-5, 0.001389405)), (7, (1, 0.001154157, 3.8537e-5, 0.001193201))]), (47344, 16, 0.001561489, [(8, (0, 0.001440008, 3.0881e-5, 0.001471126)), (8, (1, 0.001469221, 6.0093e-5, 0.001529788))]), (47360, 16, 0.001501638, [(8, (0, 0.001481137, 1.8771e-5, 0.001500358)), (8, (1, 0.001440036, 3.1971e-5, 0.001472295))]), (47376, 15, 0.001498425, [(8, (0, 0.001457885, 3.9289e-5, 0.001497537)), (7, (1, 0.001361638, 4.749e-5, 0.001409391))]), (47392, 16, 0.00152315, [(8, (0, 0.001494259, 2.7634e-5, 0.001522258)), (8, (1, 0.001391243, 3.6484e-5, 0.001427914))]), (47408, 16, 0.001559106, [(8, (0, 0.001470376, 2.3236e-5, 0.001493867)), (8, (1, 0.001472927, 5.8902e-5, 0.001532292))]), (47424, 16, 0.001504729, [(8, (0, 0.001429402, 2.2436e-5, 0.001452069)), (8, (1, 0.001422178, 4.8179e-5, 0.001470729))]), (47440, 16, 0.001502651, [(8, (0, 0.00147625, 2.3869e-5, 0.0015004)), (8, (1, 0.001438638, 3.055e-5, 0.001469416))]), (47456, 16, 0.001573069, [(8, (0, 0.001508327, 6.3496e-5, 0.001572091)), (8, (1, 0.001474823, 7.6628e-5, 0.001551667))]), (47472, 16, 0.001581061, [(8, (0, 0.0015599, 1.914e-5, 0.001579295)), (8, (1, 0.001466795, 6.3941e-5, 0.001531024))]), (47488, 16, 0.001271255, [(8, (0, 0.001241295, 2.8557e-5, 0.001270113)), (8, (1, 0.001154872, 5.8475e-5, 0.001213541))]), (47504, 16, 0.001600574, [(8, (0, 0.001458794, 3.9575e-5, 0.001498708)), (8, (1, 0.001509079, 6.3583e-5, 0.001573195))]), (47520, 16, 0.00151365, [(8, (0, 0.001408187, 2.38e-5, 0.001432467)), (8, (1, 0.00144392, 4.0557e-5, 0.001484863))]), (47536, 16, 0.001147151, [(8, (0, 0.001123767, 2.2531e-5, 0.001146541)), (8, (1, 0.001095612, 2.9997e-5, 0.001125815))]), (47552, 16, 0.001640001, [(8, (0, 0.00142824, 3.7139e-5, 0.00146561)), (8, (1, 0.001532376, 7.4318e-5, 0.001606956))]), (47568, 16, 0.001984548, [(8, (0, 0.001655466, 4.5824e-5, 0.001701684)), (8, (1, 0.00187287, 5.2747e-5, 0.00192603))]), (47584, 16, 0.001703349, [(8, (0, 0.001325359, 3.4656e-5, 0.001360296)), (8, (1, 0.001630697, 4.2638e-5, 0.001673646))]), (47600, 14, 0.00137532, [(7, (0, 0.001233536, 3.7248e-5, 0.001271128)), (7, (1, 0.001286131, 5.109e-5, 0.001337806))]), (47616, 16, 0.001770457, [(8, (0, 0.001556913, 2.6086e-5, 0.001583274)), (8, (1, 0.001711783, 3.8513e-5, 0.001750561))]), (47632, 15, 0.00158766, [(8, (0, 0.001556804, 2.695e-5, 0.00158401)), (7, (1, 0.001188835, 3.3881e-5, 0.001223039))]), (47648, 14, 0.001805423, [(7, (0, 0.00176348, 3.8849e-5, 0.001802778)), (7, (1, 0.001360156, 5.9758e-5, 0.001420165))]), (47664, 13, 0.001410556, [(7, (0, 0.001375357, 3.3449e-5, 0.001409113)), (6, (1, 0.001239702, 5.0614e-5, 0.00129061))]), (47680, 16, 0.00135895, [(8, (0, 0.001313957, 3.0426e-5, 0.001344642)), (8, (1, 0.001299199, 5.7849e-5, 0.001357485))]), (47696, 16, 0.001536678, [(8, (0, 0.001398354, 2.5634e-5, 0.0014242)), (8, (1, 0.001428964, 8.2116e-5, 0.001511385))]), (47712, 16, 0.00173955, [(8, (0, 0.001714612, 2.2503e-5, 0.001737337)), (8, (1, 0.001669186, 3.0878e-5, 0.001700265))]), (47728, 16, 0.001976328, [(8, (0, 0.00176296, 2.318e-5, 0.00178636)), (8, (1, 0.001840655, 3.6077e-5, 0.001876921))]), (47744, 16, 0.001602753, [(8, (0, 0.001581186, 1.7758e-5, 0.001599308)), (8, (1, 0.001528898, 5.4533e-5, 0.001583976))]), (47760, 16, 0.001546736, [(8, (0, 0.00149819, 4.7147e-5, 0.001545611)), (8, (1, 0.001429825, 7.7579e-5, 0.001507899))]), (47776, 16, 0.001499694, [(8, (0, 0.001469913, 2.5942e-5, 0.001496147)), (8, (1, 0.001319267, 7.7185e-5, 0.001396991))]), (47792, 16, 0.001502561, [(8, (0, 0.001370755, 4.3966e-5, 0.001415104)), (8, (1, 0.001416379, 6.0407e-5, 0.001477223))]), (47808, 16, 0.001489892, [(8, (0, 0.001462148, 2.6669e-5, 0.001489093)), (8, (1, 0.001322089, 3.8271e-5, 0.001360628))]), (47824, 14, 0.001301376, [(7, (0, 0.001275957, 2.2096e-5, 0.001298529)), (7, (1, 0.001263807, 2.9528e-5, 0.00129358))]), (47840, 16, 0.0016128, [(8, (0, 0.001577973, 3.3245e-5, 0.001611452)), (8, (1, 0.001399403, 4.3104e-5, 0.001442731))]), (47856, 16, 0.001405366, [(8, (0, 0.001363327, 3.2068e-5, 0.00139568)), (8, (1, 0.001360265, 4.364e-5, 0.001404112))]), (47872, 16, 0.001569511, [(8, (0, 0.00153962, 2.889e-5, 0.001568767)), (8, (1, 0.001225422, 3.4022e-5, 0.001259709))]), (47888, 15, 0.001695294, [(8, (0, 0.00166329, 3.0866e-5, 0.001694393)), (7, (1, 0.001029726, 0.000110704, 0.001140765))]), (47904, 15, 0.001783524, [(8, (0, 0.00153638, 3.8803e-5, 0.001575414)), (7, (1, 0.001699681, 5.8543e-5, 0.001758613))]), (47920, 16, 0.001802366, [(8, (0, 0.001757953, 4.306e-5, 0.001801228)), (8, (1, 0.001303966, 7.2233e-5, 0.001376594))]), (47936, 11, 0.001104928, [(6, (0, 0.00106327, 4.08e-5, 0.001104313)), (5, (1, 0.000793056, 5.4174e-5, 0.00084776))]), (47952, 16, 0.001929625, [(8, (0, 0.001622753, 3.3934e-5, 0.001656901)), (8, (1, 0.001802858, 9.8241e-5, 0.001901653))]), (47968, 14, 0.001235406, [(7, (0, 0.001148266, 3.4852e-5, 0.00118333)), (7, (1, 0.00115585, 4.3668e-5, 0.001199787))]), (47984, 16, 0.001531144, [(8, (0, 0.001499233, 2.7989e-5, 0.001527637)), (8, (1, 0.001297636, 3.4301e-5, 0.001332272))]), (48000, 16, 0.001946224, [(8, (0, 0.001893182, 5.0275e-5, 0.001943844)), (8, (1, 0.001419461, 6.1182e-5, 0.001480865))]), (48016, 16, 0.001515521, [(8, (0, 0.001483282, 2.9355e-5, 0.001512892)), (8, (1, 0.001463745, 4.2723e-5, 0.001506815))]), (48032, 16, 0.001400247, [(8, (0, 0.001367864, 3.0859e-5, 0.001398952)), (8, (1, 0.0013062, 3.857e-5, 0.001345024))]), (48048, 16, 0.00167452, [(8, (0, 0.001647093, 2.5926e-5, 0.001673264)), (8, (1, 0.001358551, 3.1999e-5, 0.001390755))]), (48064, 16, 0.001547586, [(8, (0, 0.001519923, 2.6496e-5, 0.001546636)), (8, (1, 0.001451786, 6.3431e-5, 0.001515511))]), (48080, 16, 0.001571296, [(8, (0, 0.001433865, 2.8703e-5, 0.001462805)), (8, (1, 0.001498409, 4.8697e-5, 0.001547363))]), (48096, 15, 0.00209553, [(8, (0, 0.001519779, 3.3491e-5, 0.001553565)), (7, (1, 0.001965541, 3.919e-5, 0.002005043))]), (48112, 15, 0.002419367, [(8, (0, 0.002381785, 3.493e-5, 0.002417078)), (7, (1, 0.001181258, 4.4845e-5, 0.001226292))]), (48128, 15, 0.001480722, [(8, (0, 0.001433208, 4.369e-5, 0.001477282)), (7, (1, 0.00128303, 0.000123478, 0.00140718))]), (48144, 15, 0.002099722, [(8, (0, 0.002048291, 4.8173e-5, 0.002096752)), (7, (1, 0.001806813, 6.4575e-5, 0.0018717))]), (48160, 16, 0.003035372, [(8, (0, 0.00270813, 3.8233e-5, 0.002746818)), (8, (1, 0.002805084, 8.5759e-5, 0.002891259))]), (48176, 14, 0.001648759, [(7, (0, 0.001416612, 4.1803e-5, 0.001458688)), (7, (1, 0.001477563, 5.4389e-5, 0.001532218))]), (48192, 15, 0.002009218, [(8, (0, 0.001980068, 2.6803e-5, 0.00200739)), (7, (1, 0.001673806, 3.3505e-5, 0.00170759))]), (48208, 12, 0.001478592, [(6, (0, 0.001439945, 3.6938e-5, 0.001477136)), (6, (1, 0.001244177, 6.7235e-5, 0.001311645))]), (48224, 16, 0.001549296, [(8, (0, 0.001439952, 3.62e-5, 0.001476429)), (8, (1, 0.001456271, 6.6629e-5, 0.001523354))]), (48240, 15, 0.001762422, [(8, (0, 0.001515993, 2.7808e-5, 0.001544046)), (7, (1, 0.001666136, 4.3207e-5, 0.001709688))]), (48256, 12, 0.001059331, [(6, (0, 0.000953605, 3.8463e-5, 0.000992445)), (6, (1, 0.000974847, 4.4449e-5, 0.00101954))]), (48272, 16, 0.00156467, [(8, (0, 0.0014678, 3.0307e-5, 0.001498352)), (8, (1, 0.001506197, 3.5842e-5, 0.001542275))]), (48288, 16, 0.001536819, [(8, (0, 0.001502754, 3.1766e-5, 0.001534767)), (8, (1, 0.001455572, 3.7334e-5, 0.001493122))]), (48304, 16, 0.001520458, [(8, (0, 0.001403901, 3.3129e-5, 0.001437431)), (8, (1, 0.001427124, 4.3663e-5, 0.001471021))]), (48320, 15, 0.001164055, [(8, (0, 0.001132957, 3.0128e-5, 0.001163385)), (7, (1, 0.001065105, 3.5351e-5, 0.001100635))]), (48336, 16, 0.00141357, [(8, (0, 0.001256629, 3.2451e-5, 0.00128931)), (8, (1, 0.001318816, 3.7872e-5, 0.001356957))]), (48352, 16, 0.001389537, [(8, (0, 0.001243877, 3.063e-5, 0.001274822)), (8, (1, 0.00130258, 3.6307e-5, 0.001339124))]), (48368, 16, 0.002406052, [(8, (0, 0.002368525, 3.3019e-5, 0.002401855)), (8, (1, 0.001359681, 5.0217e-5, 0.001410276))]), (48384, 16, 0.001433626, [(8, (0, 0.001379745, 5.2886e-5, 0.001432887)), (8, (1, 0.001338686, 8.0068e-5, 0.001419126))]), (48400, 16, 0.002142875, [(8, (0, 0.001463873, 2.858e-5, 0.001492703)), (8, (1, 0.002002128, 5.6423e-5, 0.00205902))]), (48416, 16, 0.001774224, [(8, (0, 0.001431272, 2.687e-5, 0.001458511)), (8, (1, 0.001592953, 6.9076e-5, 0.001662465))]), (48432, 16, 0.001684021, [(8, (0, 0.001656549, 2.5887e-5, 0.00168271)), (8, (1, 0.001528091, 3.3728e-5, 0.001562298))]), (48448, 16, 0.001497704, [(8, (0, 0.001455551, 3.976e-5, 0.001495601)), (8, (1, 0.001180448, 5.9231e-5, 0.001240131))]), (48464, 16, 0.001660245, [(8, (0, 0.00142965, 4.9095e-5, 0.001479171)), (8, (1, 0.001529206, 9.4268e-5, 0.001623938))]), (48480, 16, 0.001805428, [(8, (0, 0.001768508, 3.3453e-5, 0.001802575)), (8, (1, 0.001574702, 5.4651e-5, 0.001629844))]), (48496, 16, 0.002109698, [(8, (0, 0.002066795, 4.0433e-5, 0.002107584)), (8, (1, 0.001365264, 5.5739e-5, 0.001421415))]), (48512, 16, 0.001749774, [(8, (0, 0.001563818, 3.6754e-5, 0.001601126)), (8, (1, 0.001582758, 5.6689e-5, 0.001639892))]), (48528, 16, 0.002229662, [(8, (0, 0.002184706, 3.9883e-5, 0.002224852)), (8, (1, 0.001253506, 4.6323e-5, 0.001300086))]), (48544, 16, 0.00169361, [(8, (0, 0.001440742, 4.3209e-5, 0.001484198)), (8, (1, 0.001572108, 7.8961e-5, 0.001651526))]), (48560, 16, 0.001735993, [(8, (0, 0.001683672, 4.7619e-5, 0.001731809)), (8, (1, 0.001473059, 5.6691e-5, 0.001530059))]), (48576, 16, 0.00151393, [(8, (0, 0.001453066, 5.4541e-5, 0.001508017)), (8, (1, 0.001357458, 0.000115271, 0.001473199))]), (48592, 16, 0.001661202, [(8, (0, 0.001513751, 4.4807e-5, 0.001558843)), (8, (1, 0.001499414, 0.000104171, 0.001603917))]), (48608, 16, 0.002466713, [(8, (0, 0.001615073, 3.2411e-5, 0.001647905)), (8, (1, 0.002352472, 3.9659e-5, 0.002392521))]), (48624, 16, 0.001991567, [(8, (0, 0.001429053, 3.9637e-5, 0.001468966)), (8, (1, 0.001887146, 6.0399e-5, 0.001948019))]), (48640, 16, 0.002163152, [(8, (0, 0.001797855, 2.7459e-5, 0.001825814)), (8, (1, 0.002079623, 3.8741e-5, 0.002118678))]), (48656, 16, 0.001459057, [(8, (0, 0.001425844, 3.2194e-5, 0.001458359)), (8, (1, 0.001338534, 3.8618e-5, 0.001377374))]), (48672, 15, 0.001344901, [(8, (0, 0.001305215, 3.7429e-5, 0.001342881)), (7, (1, 0.001248766, 5.0306e-5, 0.001299384))]), (48688, 16, 0.002132062, [(8, (0, 0.002048419, 2.9242e-5, 0.002077873)), (8, (1, 0.0020501, 5.432e-5, 0.002104804))]), (48704, 15, 0.001856042, [(8, (0, 0.001823538, 3.1229e-5, 0.00185501)), (7, (1, 0.001469625, 4.8861e-5, 0.001519203))]), (48720, 16, 0.001444746, [(8, (0, 0.001416175, 2.7665e-5, 0.001444059)), (8, (1, 0.001387482, 4.8732e-5, 0.001442793))]), (48736, 16, 0.001513056, [(8, (0, 0.001493262, 1.8454e-5, 0.001511976)), (8, (1, 0.001404386, 7.9783e-5, 0.00148505))]), (48752, 16, 0.001751797, [(8, (0, 0.001585561, 2.8212e-5, 0.001614255)), (8, (1, 0.001682063, 3.647e-5, 0.001718984))]), (48768, 16, 0.001721416, [(8, (0, 0.001675452, 4.3745e-5, 0.001719476)), (8, (1, 0.00142679, 5.2147e-5, 0.001479191))]), (48784, 16, 0.001670778, [(8, (0, 0.001631693, 3.567e-5, 0.001667938)), (8, (1, 0.001428758, 5.4569e-5, 0.001483689))]), (48800, 16, 0.001921558, [(8, (0, 0.001881675, 3.7455e-5, 0.001919479)), (8, (1, 0.001578951, 8.0679e-5, 0.001660492))]), (48816, 16, 0.002551824, [(8, (0, 0.002496808, 5.2854e-5, 0.00254991)), (8, (1, 0.002180805, 0.000108284, 0.002289383))]), (48832, 15, 0.00149788, [(8, (0, 0.001468499, 2.8324e-5, 0.00149709)), (7, (1, 0.001240931, 5.0619e-5, 0.001292048))]), (48848, 16, 0.001897932, [(8, (0, 0.001328798, 5.1253e-5, 0.001380405)), (8, (1, 0.001781563, 8.113e-5, 0.001863231))]), (48864, 16, 0.001433295, [(8, (0, 0.001407563, 2.4697e-5, 0.001432525)), (8, (1, 0.001369508, 4.0157e-5, 0.00141002))]), (48880, 16, 0.001680134, [(8, (0, 0.001648781, 2.9859e-5, 0.001678913)), (8, (1, 0.001293968, 3.5896e-5, 0.001330422))]), (48896, 15, 0.001432099, [(8, (0, 0.001388368, 4.2628e-5, 0.001431226)), (7, (1, 0.001240781, 5.9335e-5, 0.001300637))]), (48912, 15, 0.001175632, [(8, (0, 0.00114766, 2.6483e-5, 0.001174429)), (7, (1, 0.00094807, 4.1327e-5, 0.000989864))]), (48928, 16, 0.001183566, [(8, (0, 0.001045564, 2.022e-5, 0.001066028)), (8, (1, 0.001095055, 3.5642e-5, 0.001131193))]), (48944, 14, 0.000971178, [(7, (0, 0.00091972, 4.3041e-5, 0.000963049)), (7, (1, 0.000912573, 5.6921e-5, 0.000969712))]), (48960, 16, 0.001537391, [(8, (0, 0.001505827, 2.9258e-5, 0.001535324)), (8, (1, 0.00146871, 4.8731e-5, 0.001517816))]), (48976, 14, 0.00145436, [(7, (0, 0.001404591, 4.8454e-5, 0.001453286)), (7, (1, 0.001086576, 6.9815e-5, 0.001156991))]), (48992, 16, 0.001976246, [(8, (0, 0.00193935, 3.5366e-5, 0.001974995)), (8, (1, 0.001334432, 5.7664e-5, 0.001392561))]), (49008, 15, 0.001545723, [(8, (0, 0.001509786, 3.4826e-5, 0.001544843)), (7, (1, 0.001181516, 6.0342e-5, 0.001242352))]), (49024, 14, 0.001416118, [(7, (0, 0.00108306, 3.0612e-5, 0.001113928)), (7, (1, 0.001319383, 4.41e-5, 0.001363781))]), (49040, 14, 0.002616799, [(7, (0, 0.002573823, 4.0169e-5, 0.002614299)), (7, (1, 0.002325417, 4.5993e-5, 0.002371765))]), (49056, 13, 0.001477638, [(7, (0, 0.001433173, 4.3309e-5, 0.001476735)), (6, (1, 0.001244238, 5.6095e-5, 0.001300638))]), (49072, 15, 0.003442004, [(8, (0, 0.003416174, 2.3189e-5, 0.003439722)), (7, (1, 0.002542375, 4.6803e-5, 0.002589639))]), (49088, 13, 0.002140034, [(7, (0, 0.002105691, 3.2752e-5, 0.002138725)), (6, (1, 0.001846895, 7.0513e-5, 0.001917918))]), (49104, 12, 0.00198455, [(6, (0, 0.001956796, 2.669e-5, 0.001983717)), (6, (1, 0.001771617, 3.8191e-5, 0.001810126))]), (49120, 14, 0.001545467, [(7, (0, 0.001506576, 3.6123e-5, 0.001542937)), (7, (1, 0.001201986, 4.1997e-5, 0.001244211))]), (49136, 13, 0.002447174, [(7, (0, 0.002415033, 3.0797e-5, 0.0024461)), (6, (1, 0.002196388, 4.5023e-5, 0.00224188))]), (49152, 14, 0.002302799, [(7, (0, 0.002272023, 2.7611e-5, 0.002300172)), (7, (1, 0.002168459, 8.4336e-5, 0.00225326))]), (49168, 13, 0.002022206, [(7, (0, 0.001828194, 6.0843e-5, 0.001889384)), (6, (1, 0.001894401, 9.1841e-5, 0.001986519))]), (49184, 16, 0.00347738, [(8, (0, 0.003441444, 3.1818e-5, 0.003473579)), (8, (1, 0.002807764, 3.9869e-5, 0.00284787))]), (49200, 13, 0.002086223, [(7, (0, 0.002043659, 4.0882e-5, 0.002084848)), (6, (1, 0.001504898, 6.7923e-5, 0.001573322))]), (49216, 14, 0.00197872, [(7, (0, 0.001943527, 3.3864e-5, 0.00197762)), (7, (1, 0.001651328, 9.7172e-5, 0.001748804))]), (49232, 14, 0.002435389, [(7, (0, 0.00239722, 3.685e-5, 0.002434285)), (7, (1, 0.002062673, 5.4801e-5, 0.002118082))]), (49248, 16, 0.003417959, [(8, (0, 0.003378458, 3.5884e-5, 0.003414805)), (8, (1, 0.002625897, 5.1685e-5, 0.002678221))]), (49264, 13, 0.002090999, [(7, (0, 0.002043873, 4.467e-5, 0.002088975)), (6, (1, 0.001949773, 9.3765e-5, 0.002043834))]), (49280, 14, 0.002078968, [(7, (0, 0.001717397, 4.2888e-5, 0.001760679)), (7, (1, 0.001887332, 7.8046e-5, 0.001965781))]), (49296, 13, 0.001456484, [(7, (0, 0.001419135, 3.6183e-5, 0.001455594)), (6, (1, 0.001093932, 4.6201e-5, 0.001140439))]), (49312, 14, 0.002870906, [(7, (0, 0.002165511, 7.1545e-5, 0.002237392)), (7, (1, 0.002724707, 8.5359e-5, 0.002810462))]), (49328, 15, 0.002472614, [(8, (0, 0.002297304, 3.6769e-5, 0.002334468)), (7, (1, 0.002367859, 4.4967e-5, 0.002413156))]), (49344, 15, 0.001376325, [(8, (0, 0.001338132, 3.7232e-5, 0.001375634)), (7, (1, 0.001088579, 4.3236e-5, 0.001132015))]), (49360, 16, 0.001710081, [(8, (0, 0.001674732, 3.2016e-5, 0.001707027)), (8, (1, 0.001494697, 4.0052e-5, 0.001535065))]), (49376, 15, 0.002148552, [(8, (0, 0.00133382, 4.0998e-5, 0.001375086)), (7, (1, 0.002010773, 5.9136e-5, 0.002070137))]), (49392, 16, 0.001443436, [(8, (0, 0.001415307, 2.6542e-5, 0.001442094)), (8, (1, 0.001295675, 3.2189e-5, 0.001328155))]), (49408, 15, 0.001596979, [(8, (0, 0.001308482, 3.1103e-5, 0.001339896)), (7, (1, 0.001474313, 6.0849e-5, 0.001535666))]), (49424, 16, 0.001394336, [(8, (0, 0.001356217, 3.7057e-5, 0.001393533)), (8, (1, 0.001331301, 5.1345e-5, 0.001382881))]), (49440, 16, 0.001300355, [(8, (0, 0.001265633, 3.318e-5, 0.001299063)), (8, (1, 0.00123275, 4.8064e-5, 0.001281024))]), (49456, 16, 0.001824484, [(8, (0, 0.001775356, 4.6512e-5, 0.001822228)), (8, (1, 0.001562775, 7.2068e-5, 0.001635314))]), (49472, 15, 0.001756188, [(8, (0, 0.001712385, 4.2319e-5, 0.001754943)), (7, (1, 0.001250108, 5.4011e-5, 0.001304363))]), (49488, 15, 0.001518916, [(8, (0, 0.001281873, 3.7197e-5, 0.001319302)), (7, (1, 0.00136581, 0.000123056, 0.001489359))]), (49504, 14, 0.001241336, [(7, (0, 0.001211039, 2.9502e-5, 0.00124077)), (7, (1, 0.001053091, 3.7907e-5, 0.001091283))]), (49520, 16, 0.001457133, [(8, (0, 0.00142808, 2.7891e-5, 0.00145618)), (8, (1, 0.001372267, 3.3054e-5, 0.001405574))]), (49536, 15, 0.002632678, [(8, (0, 0.00259164, 3.8782e-5, 0.002630746)), (7, (1, 0.002578335, 5.0133e-5, 0.002628757))]), (49552, 15, 0.002708049, [(8, (0, 0.002681276, 2.5182e-5, 0.002706688)), (7, (1, 0.002022464, 8.3066e-5, 0.002106165))]), (49568, 15, 0.00233288, [(8, (0, 0.002307128, 2.4655e-5, 0.002331992)), (7, (1, 0.001935347, 8.4038e-5, 0.00201999))]), (49584, 14, 0.002956184, [(7, (0, 0.002411655, 2.4861e-5, 0.002436756)), (7, (1, 0.002805878, 4.3194e-5, 0.002849386))]), (49600, 14, 0.001457009, [(7, (0, 0.001422805, 3.307e-5, 0.001456318)), (7, (1, 0.001369836, 4.92e-5, 0.001419351))]), (49616, 12, 0.001248118, [(6, (0, 0.000969956, 3.142e-5, 0.00100168)), (6, (1, 0.001170251, 4.5926e-5, 0.00121657))]), (49632, 15, 0.002168638, [(8, (0, 0.00213083, 3.5818e-5, 0.002166892)), (7, (1, 0.0020798, 4.3909e-5, 0.0021241))]), (49648, 16, 0.001982957, [(8, (0, 0.001950793, 3.0522e-5, 0.001981643)), (8, (1, 0.001317645, 4.0599e-5, 0.001358601))]), (49664, 16, 0.001870383, [(8, (0, 0.001516144, 3.9829e-5, 0.001556225)), (8, (1, 0.001753236, 6.8905e-5, 0.001822461))]), (49680, 16, 0.003204748, [(8, (0, 0.003016503, 4.4762e-5, 0.003061696)), (8, (1, 0.003119421, 5.9101e-5, 0.003178742))]), (49696, 15, 0.001741943, [(8, (0, 0.001704105, 3.6173e-5, 0.001740555)), (7, (1, 0.001261754, 4.5855e-5, 0.001307786))]), (49712, 16, 0.001446785, [(8, (0, 0.001406281, 3.8984e-5, 0.00144559)), (8, (1, 0.001270447, 5.9183e-5, 0.001330033))]), (49728, 15, 0.001310416, [(8, (0, 0.00126936, 3.9641e-5, 0.001309231)), (7, (1, 0.001234435, 4.6564e-5, 0.0012812))]), (49744, 16, 0.001528088, [(8, (0, 0.001370441, 3.9512e-5, 0.00141029)), (8, (1, 0.001427094, 6.5169e-5, 0.00149269))]), (49760, 14, 0.001126501, [(7, (0, 0.00108913, 3.0994e-5, 0.001120402)), (7, (1, 0.001029735, 9.5102e-5, 0.001125137))]), (49776, 12, 0.001258091, [(6, (0, 0.001185194, 2.9585e-5, 0.00121501)), (6, (1, 0.001190013, 4.2377e-5, 0.001232658))]), (49792, 16, 0.001469185, [(8, (0, 0.00143935, 2.8826e-5, 0.001468392)), (8, (1, 0.001362991, 9.1389e-5, 0.001454904))]), (49808, 16, 0.00122853, [(8, (0, 0.001200568, 2.5042e-5, 0.001225858)), (8, (1, 0.001180184, 4.6351e-5, 0.001226826))]), (49824, 16, 0.001394411, [(8, (0, 0.001341471, 5.1654e-5, 0.001393361)), (8, (1, 0.001311853, 7.1355e-5, 0.001383673))]), (49840, 16, 0.00145476, [(8, (0, 0.001384318, 2.8075e-5, 0.00141264)), (8, (1, 0.001391162, 3.7882e-5, 0.001429305))]), (49856, 15, 0.002082188, [(8, (0, 0.002054245, 2.6165e-5, 0.002080691)), (7, (1, 0.001327518, 3.2362e-5, 0.001360091))]), (49872, 16, 0.001238184, [(8, (0, 0.001153238, 2.5255e-5, 0.001178789)), (8, (1, 0.001124057, 8.9223e-5, 0.001213727))]), (49888, 16, 0.001373123, [(8, (0, 0.00134535, 2.6797e-5, 0.001372364)), (8, (1, 0.0013081, 3.3223e-5, 0.001341541))]), (49904, 16, 0.001457091, [(8, (0, 0.001432724, 2.3144e-5, 0.001456168)), (8, (1, 0.001287903, 3.287e-5, 0.001320998))]), (49920, 16, 0.002219354, [(8, (0, 0.002183283, 3.4813e-5, 0.002218347)), (8, (1, 0.001731906, 4.2423e-5, 0.001774775))]), (49936, 15, 0.001447609, [(8, (0, 0.001301538, 2.6229e-5, 0.001328051)), (7, (1, 0.001326435, 8.9774e-5, 0.00141667))]), (49952, 16, 0.001320256, [(8, (0, 0.001296577, 2.2491e-5, 0.001319349)), (8, (1, 0.001252749, 4.3578e-5, 0.001296688))]), (49968, 16, 0.001399794, [(8, (0, 0.001373498, 2.3329e-5, 0.001397064)), (8, (1, 0.001368629, 2.9534e-5, 0.001398416))]), (49984, 16, 0.001585012, [(8, (0, 0.001559013, 2.4622e-5, 0.001583857)), (8, (1, 0.001354577, 3.3236e-5, 0.001388067))]), (50000, 16, 0.001410997, [(8, (0, 0.001378455, 3.1405e-5, 0.001410127)), (8, (1, 0.001194156, 4.1002e-5, 0.001235455))]), (50016, 16, 0.001439918, [(8, (0, 0.001307633, 2.2411e-5, 0.001330505)), (8, (1, 0.001349969, 2.8865e-5, 0.001379259))]), (50032, 16, 0.001510447, [(8, (0, 0.001466582, 4.1046e-5, 0.001507887)), (8, (1, 0.001312906, 4.9802e-5, 0.001362972))]), (50048, 16, 0.002251471, [(8, (0, 0.001723939, 7.4509e-5, 0.00179869)), (8, (1, 0.002035967, 0.000141544, 0.002178233))]), (50064, 15, 0.001627429, [(8, (0, 0.001587571, 3.7023e-5, 0.001625058)), (7, (1, 0.001288208, 4.7156e-5, 0.001335662))]), (50080, 16, 0.001306381, [(8, (0, 0.001269682, 3.5436e-5, 0.001305415)), (8, (1, 0.001213331, 7.7895e-5, 0.001291509))]), (50096, 16, 0.001512575, [(8, (0, 0.00133907, 4.017e-5, 0.00137956)), (8, (1, 0.001425462, 4.7711e-5, 0.001473413))]), (50112, 16, 0.001700694, [(8, (0, 0.001351291, 5.2714e-5, 0.001404239)), (8, (1, 0.001610304, 6.0854e-5, 0.001671412))]), (50128, 16, 0.00159024, [(8, (0, 0.001557564, 3.0701e-5, 0.001588518)), (8, (1, 0.001536798, 3.6301e-5, 0.001573285))]), (50144, 16, 0.001879874, [(8, (0, 0.001847192, 3.1616e-5, 0.001879049)), (8, (1, 0.001618783, 7.1047e-5, 0.001690177))]), (50160, 16, 0.001523953, [(8, (0, 0.001267859, 2.8377e-5, 0.001296527)), (8, (1, 0.001424022, 3.9827e-5, 0.001464064))]), (50176, 16, 0.00185508, [(8, (0, 0.001535954, 3.7355e-5, 0.001573816)), (8, (1, 0.001772436, 5.6489e-5, 0.001829383))]), (50192, 16, 0.002194353, [(8, (0, 0.002159326, 3.3623e-5, 0.002193235)), (8, (1, 0.001973939, 5.8275e-5, 0.002032618))]), (50208, 15, 0.001398867, [(8, (0, 0.001364162, 3.2943e-5, 0.001397424)), (7, (1, 0.001194052, 4.4896e-5, 0.00123927))]), (50224, 16, 0.001073328, [(8, (0, 0.001047781, 2.451e-5, 0.001072507)), (8, (1, 0.001027637, 3.3408e-5, 0.001061339))]), (50240, 16, 0.001666293, [(8, (0, 0.001637367, 2.7338e-5, 0.001664925)), (8, (1, 0.001229667, 3.3103e-5, 0.001262976))]), (50256, 15, 0.001234596, [(8, (0, 0.001202226, 3.1219e-5, 0.001233812)), (7, (1, 0.001006402, 0.000113219, 0.001119999))]), (50272, 16, 0.001551378, [(8, (0, 0.001449303, 2.5765e-5, 0.001475293)), (8, (1, 0.001464848, 3.2379e-5, 0.001497483))]), (50288, 16, 0.001930125, [(8, (0, 0.001891698, 3.5595e-5, 0.001927672)), (8, (1, 0.001604754, 4.2958e-5, 0.001647954))]), (50304, 16, 0.001492594, [(8, (0, 0.00138329, 3.0484e-5, 0.001414028)), (8, (1, 0.001419405, 4.5824e-5, 0.001465611))]), (50320, 16, 0.001510848, [(8, (0, 0.001311, 2.7854e-5, 0.001339203)), (8, (1, 0.001367968, 3.5852e-5, 0.001413206))]), (50336, 16, 0.00275428, [(8, (0, 0.002481267, 6.4592e-5, 0.002546152)), (8, (1, 0.002619493, 7.9617e-5, 0.002699415))]), (50352, 16, 0.001940065, [(8, (0, 0.001459601, 4.1807e-5, 0.001502251)), (8, (1, 0.001847756, 5.6693e-5, 0.001904758))]), (50368, 16, 0.001647604, [(8, (0, 0.001403372, 2.6998e-5, 0.001430623)), (8, (1, 0.001537662, 9.0153e-5, 0.00162867))]), (50384, 16, 0.001573609, [(8, (0, 0.001463561, 1.9059e-5, 0.001482948)), (8, (1, 0.001517702, 3.2649e-5, 0.001550734))]), (50400, 15, 0.001962068, [(8, (0, 0.001926931, 3.3309e-5, 0.001960464)), (7, (1, 0.001415457, 0.000103446, 0.001519108))]), (50416, 15, 0.001599076, [(8, (0, 0.001567006, 3.0583e-5, 0.001597862)), (7, (1, 0.001170894, 5.3054e-5, 0.001224217))]), (50432, 16, 0.001382918, [(8, (0, 0.001347767, 3.4039e-5, 0.001382037)), (8, (1, 0.001240923, 7.7026e-5, 0.001318242))]), (50448, 16, 0.001412611, [(8, (0, 0.001390873, 1.9804e-5, 0.001410931)), (8, (1, 0.001273601, 3.5041e-5, 0.001308998))]), (50464, 15, 0.001456139, [(8, (0, 0.001420586, 3.238e-5, 0.001453239)), (7, (1, 0.001154138, 3.8724e-5, 0.001193086))]), (50480, 15, 0.002337327, [(8, (0, 0.002293501, 4.1519e-5, 0.002335249)), (7, (1, 0.001617516, 4.8702e-5, 0.001666452))]), (50496, 13, 0.00121977, [(7, (0, 0.00118431, 3.4371e-5, 0.001218906)), (6, (1, 0.000959852, 5.5672e-5, 0.001015862))]), (50512, 12, 0.001154239, [(6, (0, 0.001123102, 3.0206e-5, 0.001153557)), (6, (1, 0.001098556, 4.1267e-5, 0.001140142))]), (50528, 16, 0.001274153, [(8, (0, 0.001240956, 3.2019e-5, 0.001273211)), (8, (1, 0.001215805, 3.7616e-5, 0.001253628))]), (50544, 16, 0.00133465, [(8, (0, 0.001308877, 2.4176e-5, 0.00133328)), (8, (1, 0.001164728, 2.9756e-5, 0.001194756))]), (50560, 12, 0.001359077, [(6, (0, 0.001063373, 2.4124e-5, 0.001087737)), (6, (1, 0.001266214, 6.1621e-5, 0.001328312))]), (50576, 15, 0.001843687, [(8, (0, 0.001813026, 2.9567e-5, 0.001842834)), (7, (1, 0.001234256, 4.1805e-5, 0.001276392))]), (50592, 16, 0.001285435, [(8, (0, 0.001203405, 2.6346e-5, 0.00122998)), (8, (1, 0.001210835, 5.1105e-5, 0.001262161))]), (50608, 12, 0.000895058, [(6, (0, 0.000870856, 2.3402e-5, 0.000894488)), (6, (1, 0.000828168, 2.9546e-5, 0.000857928))]), (50624, 7, 0.000604369, [(4, (0, 0.000583956, 1.9663e-5, 0.000603854)), (3, (1, 0.000423628, 2.5309e-5, 0.000449127))]), (50640, 16, 0.001362787, [(8, (0, 0.001343649, 1.7975e-5, 0.001361846)), (8, (1, 0.00127103, 2.5925e-5, 0.001297171))]), (50656, 16, 0.001910009, [(8, (0, 0.001885272, 2.3431e-5, 0.00190897)), (8, (1, 0.001670948, 3.2192e-5, 0.001703461))]), (50672, 15, 0.001792874, [(8, (0, 0.001760728, 3.1117e-5, 0.001792063)), (7, (1, 0.001122233, 4.4075e-5, 0.001166684))]), (50688, 15, 0.001817623, [(8, (0, 0.001791303, 2.5201e-5, 0.001816771)), (7, (1, 0.001568695, 5.4635e-5, 0.001623683))]), (50704, 16, 0.001660469, [(8, (0, 0.001455822, 2.5163e-5, 0.001481366)), (8, (1, 0.001595384, 3.2583e-5, 0.001628173))]), (50720, 15, 0.001677921, [(8, (0, 0.001646247, 3.0321e-5, 0.001676868)), (7, (1, 0.001084646, 3.8895e-5, 0.001123823))]), (50736, 16, 0.001801133, [(8, (0, 0.00172961, 2.5725e-5, 0.001755555)), (8, (1, 0.001712148, 6.6703e-5, 0.001779084))]), (50752, 15, 0.001394167, [(8, (0, 0.001371181, 2.2114e-5, 0.001393559)), (7, (1, 0.001319365, 2.8881e-5, 0.001348465))]), (50768, 16, 0.001939884, [(8, (0, 0.001907357, 3.0817e-5, 0.001938403)), (8, (1, 0.001610596, 3.6379e-5, 0.001647158))]), (50784, 15, 0.001537399, [(8, (0, 0.001506664, 2.9572e-5, 0.001536471)), (7, (1, 0.001319975, 5.7559e-5, 0.001377918))]), (50800, 16, 0.002070823, [(8, (0, 0.001685871, 2.8599e-5, 0.001714709)), (8, (1, 0.00191159, 5.0533e-5, 0.001962714))]), (50816, 16, 0.001642178, [(8, (0, 0.001595129, 3.0082e-5, 0.001625616)), (8, (1, 0.001595489, 4.3752e-5, 0.001639595))]), (50832, 16, 0.001506788, [(8, (0, 0.001472697, 3.2398e-5, 0.001505383)), (8, (1, 0.001406002, 5.2363e-5, 0.001458655))]), (50848, 16, 0.001684402, [(8, (0, 0.001650738, 3.1591e-5, 0.001682643)), (8, (1, 0.001415586, 4.7485e-5, 0.001463389))]), (50864, 16, 0.00213581, [(8, (0, 0.002066779, 6.7006e-5, 0.00213446)), (8, (1, 0.001293161, 0.000118681, 0.00141223))]), (50880, 16, 0.001452569, [(8, (0, 0.001423218, 2.7535e-5, 0.001451002)), (8, (1, 0.001257989, 5.3517e-5, 0.001311988))]), (50896, 16, 0.001457901, [(8, (0, 0.001348914, 3.3406e-5, 0.001382534)), (8, (1, 0.001337244, 8.6531e-5, 0.001429065))]), (50912, 16, 0.001324321, [(8, (0, 0.00118809, 3.4626e-5, 0.001222995)), (8, (1, 0.001198638, 9.1591e-5, 0.00129068))]), (50928, 16, 0.001595494, [(8, (0, 0.001460191, 2.8527e-5, 0.001489098)), (8, (1, 0.001478988, 8.4869e-5, 0.00156436))]), (50944, 16, 0.001166147, [(8, (0, 0.001136059, 2.6336e-5, 0.001162638)), (8, (1, 0.001120962, 4.365e-5, 0.001164891))]), (50960, 13, 0.001450342, [(7, (0, 0.001418578, 3.0803e-5, 0.001449604)), (6, (1, 0.001143811, 4.6655e-5, 0.001190849))]), (50976, 16, 0.001091916, [(8, (0, 0.001065901, 2.3928e-5, 0.001090062)), (8, (1, 0.001041433, 4.0981e-5, 0.001082778))]), (50992, 16, 0.001029646, [(8, (0, 0.000999091, 2.8431e-5, 0.001027773)), (8, (1, 0.000980128, 3.7098e-5, 0.001017495))]), (51008, 15, 0.002502549, [(8, (0, 0.001528029, 3.1119e-5, 0.001559353)), (7, (1, 0.00233301, 3.8981e-5, 0.002372241))]), (51024, 16, 0.001965149, [(8, (0, 0.001433255, 4.26e-5, 0.001476128)), (8, (1, 0.00186777, 5.1412e-5, 0.001919533))]), (51040, 16, 0.001759499, [(8, (0, 0.001507962, 2.66e-5, 0.001534837)), (8, (1, 0.001669373, 3.3515e-5, 0.001703154))]), (51056, 16, 0.001641448, [(8, (0, 0.001596155, 4.261e-5, 0.001639018)), (8, (1, 0.001395523, 4.8639e-5, 0.00144446))]), (51072, 16, 0.001564454, [(8, (0, 0.001538363, 2.4353e-5, 0.001563003)), (8, (1, 0.001328986, 4.2571e-5, 0.001371907))]), (51088, 16, 0.00160181, [(8, (0, 0.001430235, 3.6217e-5, 0.001466773)), (8, (1, 0.001497815, 4.922e-5, 0.001547258))]), (51104, 16, 0.00182807, [(8, (0, 0.001702653, 3.5084e-5, 0.00173802)), (8, (1, 0.001733943, 4.3013e-5, 0.001777186))]), (51120, 16, 0.001652447, [(8, (0, 0.001514061, 2.3731e-5, 0.001538254)), (8, (1, 0.00157267, 3.3737e-5, 0.00160668))]), (51136, 16, 0.001852657, [(8, (0, 0.001718116, 3.2334e-5, 0.001750697)), (8, (1, 0.001796196, 3.8568e-5, 0.001834962))]), (51152, 16, 0.00220582, [(8, (0, 0.001858362, 2.8543e-5, 0.001887225)), (8, (1, 0.002112711, 4.8315e-5, 0.002161441))]), (51168, 16, 0.001607634, [(8, (0, 0.001485513, 3.0438e-5, 0.001516312)), (8, (1, 0.001534347, 4.3476e-5, 0.001578143))]), (51184, 16, 0.001751845, [(8, (0, 0.001717593, 3.3109e-5, 0.001750925)), (8, (1, 0.001531888, 5.2841e-5, 0.00158499))]), (51200, 16, 0.001546836, [(8, (0, 0.001528463, 1.7253e-5, 0.001545988)), (8, (1, 0.001501806, 2.471e-5, 0.001526761))]), (51216, 16, 0.001394804, [(8, (0, 0.001369529, 2.3802e-5, 0.001393562)), (8, (1, 0.001326139, 2.9686e-5, 0.001356038))]), (51232, 15, 0.001912207, [(8, (0, 0.001876746, 3.216e-5, 0.00190916)), (7, (1, 0.001612049, 0.000114339, 0.00172687))]), (51248, 16, 0.001550693, [(8, (0, 0.001525095, 2.4025e-5, 0.001549341)), (8, (1, 0.001444202, 3.1681e-5, 0.001476142))]), (51264, 16, 0.001616532, [(8, (0, 0.001591053, 2.4154e-5, 0.001615429)), (8, (1, 0.001493289, 3.7146e-5, 0.001530711))]), (51280, 16, 0.001354504, [(8, (0, 0.001272667, 1.7924e-5, 0.001290799)), (8, (1, 0.001283993, 4.7984e-5, 0.001332269))]), (51296, 16, 0.001775415, [(8, (0, 0.001596953, 2.7113e-5, 0.001624531)), (8, (1, 0.001690096, 3.3692e-5, 0.001724049))]), (51312, 16, 0.001546747, [(8, (0, 0.001523863, 2.177e-5, 0.001545879)), (8, (1, 0.001501799, 2.7365e-5, 0.001529352))]), (51328, 15, 0.00166542, [(8, (0, 0.00153545, 2.5446e-5, 0.001561348)), (7, (1, 0.001567237, 3.2386e-5, 0.001599864))]), (51344, 16, 0.001447985, [(8, (0, 0.00140854, 3.2309e-5, 0.001441109)), (8, (1, 0.00140487, 3.8372e-5, 0.001443466))]), (51360, 16, 0.001616074, [(8, (0, 0.001258491, 4.8476e-5, 0.001307262)), (8, (1, 0.001527146, 5.8883e-5, 0.001586337))]), (51376, 15, 0.001303375, [(8, (0, 0.001268012, 3.3731e-5, 0.001302123)), (7, (1, 0.001083981, 5.1934e-5, 0.001136314))]), (51392, 16, 0.001353241, [(8, (0, 0.001203214, 4.5017e-5, 0.001248481)), (8, (1, 0.001261292, 6.7986e-5, 0.001329585))]), (51408, 15, 0.001535016, [(8, (0, 0.001489944, 4.0539e-5, 0.001531049)), (7, (1, 0.001183716, 4.7351e-5, 0.001231292))]), (51424, 15, 0.001935529, [(8, (0, 0.001888221, 4.5212e-5, 0.001933712)), (7, (1, 0.001649015, 7.4256e-5, 0.001723798))]), (51440, 15, 0.001318331, [(8, (0, 0.001270189, 3.6788e-5, 0.001307241)), (7, (1, 0.001257136, 5.9263e-5, 0.001316893))]), (51456, 11, 0.001328433, [(6, (0, 0.001288512, 3.7344e-5, 0.001326206)), (5, (1, 0.001098053, 5.2546e-5, 0.001151148))]), (51472, 15, 0.001654876, [(8, (0, 0.001609166, 4.3995e-5, 0.001653599)), (7, (1, 0.001337667, 5.8672e-5, 0.00139679))]), (51488, 10, 0.001018112, [(5, (0, 0.000983713, 2.5184e-5, 0.001009135)), (5, (1, 0.000977863, 3.4331e-5, 0.001012819))]), (51504, 13, 0.001467711, [(7, (0, 0.001429964, 3.6173e-5, 0.001466535)), (6, (1, 0.001158585, 7.4838e-5, 0.001234008))]), (51520, 12, 0.001331069, [(6, (0, 0.00129069, 3.7334e-5, 0.001328417)), (6, (1, 0.00101013, 0.000104444, 0.001115045))]), (51536, 11, 0.001378397, [(6, (0, 0.001224215, 4.3909e-5, 0.001268411)), (5, (1, 0.001254271, 7.6941e-5, 0.001331572))]), (51552, 16, 0.001765561, [(8, (0, 0.001704562, 4.5586e-5, 0.001750582)), (8, (1, 0.001697919, 6.4597e-5, 0.001762956))]), (51568, 10, 0.001106531, [(5, (0, 0.000894582, 3.5098e-5, 0.000929958)), (5, (1, 0.001003792, 4.3582e-5, 0.001047622))]), (51584, 14, 0.001461836, [(7, (0, 0.001300303, 3.1496e-5, 0.001332218)), (7, (1, 0.001392437, 3.6826e-5, 0.001429476))]), (51600, 16, 0.001743519, [(8, (0, 0.001664328, 7.6408e-5, 0.001741146)), (8, (1, 0.001362563, 8.57e-5, 0.001448478))]), (51616, 15, 0.00159242, [(8, (0, 0.001541882, 4.7238e-5, 0.001589432)), (7, (1, 0.001082587, 5.6414e-5, 0.00113922))]), (51632, 16, 0.001585418, [(8, (0, 0.001543806, 3.9915e-5, 0.001583939)), (8, (1, 0.001469545, 7.4625e-5, 0.001544865))]), (51648, 16, 0.001278628, [(8, (0, 0.001235684, 4.1716e-5, 0.001277622)), (8, (1, 0.001210749, 5.0692e-5, 0.001261842))]), (51664, 16, 0.001249453, [(8, (0, 0.001101086, 3.6599e-5, 0.001137909)), (8, (1, 0.001102656, 6.8459e-5, 0.001171577))]), (51680, 16, 0.002200068, [(8, (0, 0.001817382, 5.4426e-5, 0.001872446)), (8, (1, 0.00209091, 6.7219e-5, 0.002158539))]), (51696, 16, 0.002669841, [(8, (0, 0.00210971, 9.4539e-5, 0.00220537)), (8, (1, 0.002523325, 0.000100798, 0.002624623))]), (51712, 11, 0.001547833, [(6, (0, 0.001343242, 3.3205e-5, 0.001376961)), (5, (1, 0.001451577, 6.0503e-5, 0.001512555))]), (51728, 11, 0.001565103, [(6, (0, 0.001518408, 4.1236e-5, 0.001560295)), (5, (1, 0.000913394, 5.4748e-5, 0.000968508))]), (51744, 16, 0.00261213, [(8, (0, 0.001682046, 5.4062e-5, 0.00173634)), (8, (1, 0.002449145, 0.00010054, 0.002550153))]), (51760, 16, 0.001928976, [(8, (0, 0.001887033, 4.017e-5, 0.001927525)), (8, (1, 0.001309433, 5.3831e-5, 0.001363672))]), (51776, 16, 0.001616895, [(8, (0, 0.001575967, 3.773e-5, 0.001614096)), (8, (1, 0.001382377, 6.605e-5, 0.0014488))]), (51792, 11, 0.001400928, [(6, (0, 0.001352106, 4.5821e-5, 0.001398299)), (5, (1, 0.000803071, 5.1771e-5, 0.000855095))]), (51808, 15, 0.001974981, [(8, (0, 0.001811592, 4.1175e-5, 0.001853181)), (7, (1, 0.001853532, 5.6303e-5, 0.001910429))]), (51824, 13, 0.001856856, [(7, (0, 0.001814368, 3.8922e-5, 0.001853554)), (6, (1, 0.001296145, 4.5826e-5, 0.001342415))]), (51840, 8, 0.001469475, [(4, (0, 0.001062445, 7.4066e-5, 0.001137012)), (4, (1, 0.001240075, 0.000198748, 0.001439698))]), (51856, 13, 0.002056269, [(7, (0, 0.002028783, 2.5548e-5, 0.002054548)), (6, (1, 0.001471837, 3.432e-5, 0.001506742))]), (51872, 16, 0.001942865, [(8, (0, 0.001885552, 5.4343e-5, 0.001940268)), (8, (1, 0.00161922, 8.8549e-5, 0.001708079))]), (51888, 15, 0.001936687, [(8, (0, 0.001888478, 4.3542e-5, 0.001932406)), (7, (1, 0.001199137, 0.000122993, 0.001322515))]), (51904, 16, 0.001310496, [(8, (0, 0.001261639, 3.6544e-5, 0.001298483)), (8, (1, 0.001235438, 5.996e-5, 0.001303149))]), (51920, 15, 0.001586355, [(8, (0, 0.001540738, 4.3857e-5, 0.001584886)), (7, (1, 0.001077723, 5.133e-5, 0.001129348))]), (51936, 16, 0.00152003, [(8, (0, 0.001480763, 3.5552e-5, 0.001516782)), (8, (1, 0.001328636, 6.6936e-5, 0.00139587))]), (51952, 16, 0.001244283, [(8, (0, 0.001192474, 4.9964e-5, 0.001242726)), (8, (1, 0.001141994, 9.6297e-5, 0.001238729))]), (51968, 15, 0.001697513, [(8, (0, 0.001669427, 2.6372e-5, 0.001696132)), (7, (1, 0.001487225, 3.4164e-5, 0.001521618))]), (51984, 16, 0.001678434, [(8, (0, 0.001638407, 2.299e-5, 0.001661636)), (8, (1, 0.001612404, 5.8251e-5, 0.001670969))]), (52000, 16, 0.00199309, [(8, (0, 0.001490298, 6.7544e-5, 0.001558216)), (8, (1, 0.001810674, 7.709e-5, 0.001888878))]), (52016, 16, 0.001822132, [(8, (0, 0.001307906, 4.7921e-5, 0.001356184)), (8, (1, 0.001687463, 6.4577e-5, 0.00175268))]), (52032, 16, 0.001576174, [(8, (0, 0.001180515, 5.8062e-5, 0.001238864)), (8, (1, 0.00129274, 0.000230964, 0.001524206))]), (52048, 15, 0.001332741, [(8, (0, 0.00126338, 5.0102e-5, 0.001314106)), (7, (1, 0.000993836, 0.000102773, 0.00109735))]), (52064, 16, 0.001647253, [(8, (0, 0.001522025, 5.3627e-5, 0.001576068)), (8, (1, 0.001471869, 0.000136859, 0.001609285))]), (52080, 16, 0.001751663, [(8, (0, 0.001709885, 3.7562e-5, 0.001747989)), (8, (1, 0.001563682, 4.5961e-5, 0.001609949))]), (52096, 16, 0.001667948, [(8, (0, 0.001612633, 5.162e-5, 0.001664795)), (8, (1, 0.001181774, 7.4895e-5, 0.001257102))]), (52112, 16, 0.001742904, [(8, (0, 0.001688018, 4.9738e-5, 0.001738383)), (8, (1, 0.001385259, 7.7258e-5, 0.00146304))]), (52128, 16, 0.001571065, [(8, (0, 0.001437643, 6.1263e-5, 0.001499227)), (8, (1, 0.001448403, 7.8376e-5, 0.001527147))]), (52144, 16, 0.001573558, [(8, (0, 0.001372729, 2.7656e-5, 0.001400643)), (8, (1, 0.001457047, 4.7607e-5, 0.001505098))]), (52160, 16, 0.001715909, [(8, (0, 0.001672822, 4.0994e-5, 0.001714069)), (8, (1, 0.001498787, 6.1177e-5, 0.001560851))]), (52176, 16, 0.001928545, [(8, (0, 0.001452108, 3.0022e-5, 0.001482571)), (8, (1, 0.001822139, 4.9296e-5, 0.001872031))]), (52192, 16, 0.001596729, [(8, (0, 0.001533739, 6.1042e-5, 0.001595057)), (8, (1, 0.001395723, 7.9333e-5, 0.00147545))]), (52208, 16, 0.001526567, [(8, (0, 0.001301146, 3.0031e-5, 0.001331435)), (8, (1, 0.001450043, 4.2575e-5, 0.001492878))]), (52224, 16, 0.001674629, [(8, (0, 0.001631432, 4.1552e-5, 0.00167331)), (8, (1, 0.001525505, 5.1357e-5, 0.001577172))]), (52240, 16, 0.001664393, [(8, (0, 0.001419098, 5.6037e-5, 0.001475439)), (8, (1, 0.00144276, 0.000174654, 0.001618303))]), (52256, 16, 0.001801753, [(8, (0, 0.001741096, 3.954e-5, 0.001780925)), (8, (1, 0.001694726, 0.000102821, 0.001797934))]), (52272, 16, 0.001862557, [(8, (0, 0.001682843, 5.2349e-5, 0.001735575)), (8, (1, 0.001725885, 6.4002e-5, 0.0017902))]), (52288, 16, 0.002084403, [(8, (0, 0.002047438, 3.2716e-5, 0.002080527)), (8, (1, 0.001476074, 3.9346e-5, 0.001516038))]), (52304, 16, 0.00181913, [(8, (0, 0.001743724, 7.3489e-5, 0.001817543)), (8, (1, 0.001447241, 0.000103907, 0.001551617))]), (52320, 16, 0.001404515, [(8, (0, 0.001263865, 3.2086e-5, 0.001296448)), (8, (1, 0.001312023, 5.5116e-5, 0.001367488))]), (52336, 16, 0.00204997, [(8, (0, 0.001524643, 3.8461e-5, 0.001563461)), (8, (1, 0.001978009, 4.4721e-5, 0.002023043))]), (52352, 14, 0.001646628, [(7, (0, 0.00160462, 3.9141e-5, 0.00164402)), (7, (1, 0.001131516, 5.9005e-5, 0.001191017))]), (52368, 16, 0.001655622, [(8, (0, 0.001331508, 5.2973e-5, 0.001384884)), (8, (1, 0.001484166, 0.000132158, 0.001616718))]), (52384, 16, 0.001431832, [(8, (0, 0.001400443, 3.0062e-5, 0.001430761)), (8, (1, 0.001218871, 8.8573e-5, 0.0013077))]), (52400, 16, 0.002030454, [(8, (0, 0.001759163, 3.3851e-5, 0.001793273)), (8, (1, 0.001924081, 4.1397e-5, 0.001965759))]), (52416, 15, 0.002003895, [(8, (0, 0.001839452, 3.3624e-5, 0.00187338)), (7, (1, 0.001927137, 4.3637e-5, 0.001971095))]), (52432, 16, 0.001769303, [(8, (0, 0.001550985, 6.6036e-5, 0.001617429)), (8, (1, 0.001642573, 9.7901e-5, 0.00174154))]), (52448, 16, 0.001850695, [(8, (0, 0.001812042, 3.4932e-5, 0.001847468)), (8, (1, 0.001685547, 4.2976e-5, 0.001728811))]), (52464, 16, 0.001503414, [(8, (0, 0.001470638, 3.1361e-5, 0.001502286)), (8, (1, 0.001429433, 4.1219e-5, 0.001470925))]), (52480, 16, 0.00195969, [(8, (0, 0.001929989, 2.7642e-5, 0.001957915)), (8, (1, 0.00178319, 3.4381e-5, 0.00181777))]), (52496, 16, 0.002005956, [(8, (0, 0.001275976, 4.0186e-5, 0.001316754)), (8, (1, 0.001874059, 5.2255e-5, 0.001926573))]), (52512, 16, 0.002107111, [(8, (0, 0.001699346, 3.5492e-5, 0.001735153)), (8, (1, 0.001929622, 8.107e-5, 0.002011182))]), (52528, 16, 0.002149711, [(8, (0, 0.001634847, 3.2083e-5, 0.001667431)), (8, (1, 0.002081477, 4.2682e-5, 0.002124415))]), (52544, 16, 0.002473424, [(8, (0, 0.001698597, 3.0434e-5, 0.0017293)), (8, (1, 0.002388549, 3.7687e-5, 0.002426521))]), (52560, 16, 0.0022054, [(8, (0, 0.001436552, 5.2879e-5, 0.001489766)), (8, (1, 0.002032324, 6.3061e-5, 0.002095608))]), (52576, 16, 0.001611733, [(8, (0, 0.001569298, 3.7969e-5, 0.001607819)), (8, (1, 0.001505804, 4.8508e-5, 0.001555334))]), (52592, 16, 0.001555715, [(8, (0, 0.001506678, 4.598e-5, 0.001553044)), (8, (1, 0.001489738, 5.4268e-5, 0.001544294))]), (52608, 16, 0.001567765, [(8, (0, 0.001419924, 3.5071e-5, 0.001455459)), (8, (1, 0.001468903, 5.7103e-5, 0.001526399))]), (52624, 16, 0.001939258, [(8, (0, 0.00145836, 3.9554e-5, 0.001498347)), (8, (1, 0.001774504, 5.6591e-5, 0.001831392))]), (52640, 12, 0.002156375, [(6, (0, 0.001130087, 3.0951e-5, 0.001161329)), (6, (1, 0.001941424, 0.00014523, 0.002087199))]), (52656, 16, 0.002525564, [(8, (0, 0.002477943, 4.3695e-5, 0.002522099)), (8, (1, 0.00229418, 5.4637e-5, 0.002349102))]), (52672, 7, 0.001264917, [(4, (0, 0.001228804, 3.4293e-5, 0.001263371)), (3, (1, 0.000892733, 4.5156e-5, 0.000938123))]), (52688, 15, 0.003018886, [(8, (0, 0.002966887, 4.9514e-5, 0.003016901)), (7, (1, 0.002110132, 9.2194e-5, 0.002202608))]), (52704, 15, 0.00246807, [(8, (0, 0.002440079, 2.6808e-5, 0.002467113)), (7, (1, 0.002236921, 6.042e-5, 0.00229799))]), (52720, 15, 0.001932066, [(8, (0, 0.001903446, 2.5583e-5, 0.00192949)), (7, (1, 0.001736156, 4.8694e-5, 0.001785182))]), (52736, 16, 0.001284778, [(8, (0, 0.001136649, 2.9358e-5, 0.001166427)), (8, (1, 0.001197524, 5.5341e-5, 0.001253439))]), (52752, 16, 0.001384493, [(8, (0, 0.001157544, 3.6204e-5, 0.001194036)), (8, (1, 0.001275893, 4.4123e-5, 0.001320266))]), (52768, 10, 0.000925321, [(5, (0, 0.000886814, 3.7212e-5, 0.000924488)), (5, (1, 0.000742919, 4.3753e-5, 0.000786883))]), (52784, 16, 0.001548927, [(8, (0, 0.001493781, 3.8974e-5, 0.001533024)), (8, (1, 0.001487546, 4.9166e-5, 0.001537359))]), (52800, 16, 0.001439588, [(8, (0, 0.001388191, 5.0038e-5, 0.001438706)), (8, (1, 0.001321625, 9.2595e-5, 0.001415621))]), (52816, 15, 0.001492357, [(8, (0, 0.001459582, 3.129e-5, 0.001491176)), (7, (1, 0.001140109, 0.000102681, 0.001243218))]), (52832, 15, 0.001444269, [(8, (0, 0.0012129, 3.9715e-5, 0.00125289)), (7, (1, 0.001366084, 5.1744e-5, 0.001418163))]), (52848, 13, 0.001967797, [(7, (0, 0.001567094, 2.7975e-5, 0.00159556)), (6, (1, 0.001861682, 5.1449e-5, 0.001913548))]), (52864, 13, 0.001792826, [(7, (0, 0.001737606, 5.3015e-5, 0.001790979)), (6, (1, 0.001217298, 8.0582e-5, 0.001298333))]), (52880, 15, 0.001495295, [(8, (0, 0.001454026, 4.0093e-5, 0.001494378)), (7, (1, 0.001351099, 5.9269e-5, 0.001410761))]), (52896, 14, 0.001942402, [(7, (0, 0.001913898, 2.7497e-5, 0.001941628)), (7, (1, 0.001530677, 4.2122e-5, 0.001573238))]), (52912, 16, 0.00180145, [(8, (0, 0.001447675, 2.0374e-5, 0.001468289)), (8, (1, 0.001747616, 2.9406e-5, 0.001777341))]), (52928, 16, 0.00314778, [(8, (0, 0.003112486, 3.3953e-5, 0.003146667)), (8, (1, 0.003056072, 4.0538e-5, 0.003096856))]), (52944, 14, 0.002212856, [(7, (0, 0.0021235, 3.3314e-5, 0.00215707)), (7, (1, 0.002152888, 3.9824e-5, 0.002192931))]), (52960, 16, 0.001695388, [(8, (0, 0.001668436, 2.5664e-5, 0.001694355)), (8, (1, 0.001535573, 8.6845e-5, 0.001622809))]), (52976, 14, 0.002042011, [(7, (0, 0.002011183, 2.9527e-5, 0.002040967)), (7, (1, 0.001749602, 4.3471e-5, 0.001793357))]), (52992, 15, 0.001508943, [(8, (0, 0.001485933, 2.2009e-5, 0.001508187)), (7, (1, 0.001350958, 2.8543e-5, 0.001379741))]), (53008, 14, 0.002013555, [(7, (0, 0.001979749, 3.2692e-5, 0.002012709)), (7, (1, 0.001548483, 3.8242e-5, 0.001586964))]), (53024, 16, 0.001848095, [(8, (0, 0.001821334, 2.5471e-5, 0.001847058)), (8, (1, 0.001477788, 3.1682e-5, 0.001509719))]), (53040, 16, 0.001685862, [(8, (0, 0.001664555, 2.0274e-5, 0.001685071)), (8, (1, 0.001489944, 4.262e-5, 0.001532817))]), (53056, 16, 0.001927875, [(8, (0, 0.001893896, 3.2726e-5, 0.001926879)), (8, (1, 0.001755396, 3.9093e-5, 0.00179474))]), (53072, 15, 0.001844744, [(8, (0, 0.001816936, 2.6695e-5, 0.0018439)), (7, (1, 0.001587974, 3.4118e-5, 0.001627545))]), (53088, 13, 0.001636782, [(7, (0, 0.001608536, 2.6974e-5, 0.00163577)), (6, (1, 0.001309241, 4.6013e-5, 0.001355571))]), (53104, 16, 0.001615305, [(8, (0, 0.001589684, 2.4512e-5, 0.001614466)), (8, (1, 0.001375079, 3.3143e-5, 0.001408458))]), (53120, 13, 0.001377177, [(7, (0, 0.001350169, 2.6157e-5, 0.001376569)), (6, (1, 0.001000663, 3.2965e-5, 0.001033913))]), (53136, 8, 0.000766674, [(4, (0, 0.000742678, 2.3031e-5, 0.000765952)), (4, (1, 0.000649656, 3.1863e-5, 0.000681803))]), (53152, 15, 0.002111097, [(8, (0, 0.002080969, 2.8995e-5, 0.00211021)), (7, (1, 0.001584227, 4.413e-5, 0.001628597))]), (53168, 16, 0.00172195, [(8, (0, 0.00169626, 2.4424e-5, 0.001720939)), (8, (1, 0.001445951, 4.2223e-5, 0.001488573))]), (53184, 16, 0.001847843, [(8, (0, 0.001813625, 3.3195e-5, 0.001847072)), (8, (1, 0.001518026, 5.7533e-5, 0.001575972))]), (53200, 13, 0.001889745, [(7, (0, 0.001484088, 2.6189e-5, 0.001510512)), (6, (1, 0.00175872, 9.9543e-5, 0.001858842))]), (53216, 12, 0.002345867, [(6, (0, 0.001611739, 2.615e-5, 0.001638145)), (6, (1, 0.002194308, 8.6269e-5, 0.002281512))]), (53232, 15, 0.002096781, [(8, (0, 0.002073226, 2.0107e-5, 0.002093794)), (7, (1, 0.001864726, 3.9392e-5, 0.001904497))]), (53248, 13, 0.001777897, [(7, (0, 0.001634355, 3.9496e-5, 0.001674141)), (6, (1, 0.001683246, 4.6416e-5, 0.001729887))]), (53264, 15, 0.001540623, [(8, (0, 0.001368952, 2.6014e-5, 0.001395273)), (7, (1, 0.001438185, 3.1444e-5, 0.001469862))]), (53280, 15, 0.002027096, [(8, (0, 0.001994036, 3.1909e-5, 0.002026225)), (7, (1, 0.00168297, 3.7885e-5, 0.001721064))]), (53296, 16, 0.001539963, [(8, (0, 0.001518722, 1.9566e-5, 0.001538543)), (8, (1, 0.001428738, 3.8249e-5, 0.00146732))]), (53312, 16, 0.00169216, [(8, (0, 0.001660588, 3.0374e-5, 0.001691214)), (8, (1, 0.001540883, 4.9229e-5, 0.001590492))]), (53328, 14, 0.001937875, [(7, (0, 0.001732835, 3.2611e-5, 0.00176574)), (7, (1, 0.001850785, 6.1826e-5, 0.001913434))]), (53344, 6, 0.000780129, [(3, (0, 0.000760499, 1.8847e-5, 0.000779591)), (3, (1, 0.000650006, 2.683e-5, 0.000677088))]), (53360, 10, 0.001373544, [(5, (0, 0.001352478, 2.0199e-5, 0.001372904)), (5, (1, 0.001304948, 2.6122e-5, 0.001331306))]), (53376, 15, 0.001203795, [(8, (0, 0.001174178, 2.8511e-5, 0.001202948)), (7, (1, 0.000985931, 3.4447e-5, 0.001020605))]), (53392, 16, 0.00159981, [(8, (0, 0.001566962, 3.1393e-5, 0.001598582)), (8, (1, 0.001171256, 4.0288e-5, 0.001211735))]), (53408, 15, 0.001381903, [(8, (0, 0.001354232, 2.6455e-5, 0.001380909)), (7, (1, 0.001156149, 3.4328e-5, 0.00119069))]), (53424, 16, 0.001325619, [(8, (0, 0.001293667, 2.7785e-5, 0.00132168)), (8, (1, 0.001276539, 4.6236e-5, 0.001323215))]), (53440, 16, 0.001411132, [(8, (0, 0.001377885, 2.2354e-5, 0.001400453)), (8, (1, 0.001366771, 4.1504e-5, 0.001408826))]), (53456, 13, 0.001267616, [(7, (0, 0.001143256, 2.456e-5, 0.001168036)), (6, (1, 0.00116132, 7.5483e-5, 0.001237214))]), (53472, 13, 0.001090803, [(7, (0, 0.001062692, 2.7166e-5, 0.001090162)), (6, (1, 0.000997082, 4.6645e-5, 0.001044164))]), (53488, 15, 0.001323877, [(8, (0, 0.001301361, 2.1533e-5, 0.001323137)), (7, (1, 0.001263447, 2.9417e-5, 0.001293085))]), (53504, 15, 0.001347811, [(8, (0, 0.001324843, 2.2067e-5, 0.001347137)), (7, (1, 0.001061566, 2.7543e-5, 0.001089342))]), (53520, 16, 0.001590388, [(8, (0, 0.001383688, 2.9649e-5, 0.001413566)), (8, (1, 0.001456226, 4.7219e-5, 0.001503915))]), (53536, 13, 0.001173775, [(7, (0, 0.001151377, 2.1299e-5, 0.001172967)), (6, (1, 0.000944374, 3.1472e-5, 0.000976094))]), (53552, 15, 0.001258812, [(8, (0, 0.001233068, 2.451e-5, 0.001257836)), (7, (1, 0.001177863, 3.4211e-5, 0.001212321))]), (53568, 16, 0.001459186, [(8, (0, 0.001432858, 2.4767e-5, 0.001457831)), (8, (1, 0.001251503, 4.5873e-5, 0.001297695))]), (53584, 14, 0.001101131, [(7, (0, 0.001013163, 2.0586e-5, 0.00103397)), (7, (1, 0.001047013, 3.3827e-5, 0.001081148))]), (53600, 15, 0.001505462, [(8, (0, 0.001470631, 3.3514e-5, 0.001504372)), (7, (1, 0.001125346, 3.9441e-5, 0.001165059))]), (53616, 13, 0.001517683, [(7, (0, 0.001067739, 2.027e-5, 0.001088238)), (6, (1, 0.000875427, 0.000616926, 0.001493103))]), (53632, 16, 0.001468501, [(8, (0, 0.001431286, 3.6101e-5, 0.001467651)), (8, (1, 0.00132265, 8.8466e-5, 0.001411543))]), (53648, 15, 0.001786856, [(8, (0, 0.001752135, 3.286e-5, 0.001785244)), (7, (1, 0.001277576, 5.08e-5, 0.00132876))]), (53664, 16, 0.001860306, [(8, (0, 0.001823947, 3.5277e-5, 0.001859466)), (8, (1, 0.00138053, 5.2794e-5, 0.001433763))]), (53680, 16, 0.001583377, [(8, (0, 0.001550302, 3.2098e-5, 0.001582632)), (8, (1, 0.001354242, 4.7711e-5, 0.001402363))]), (53696, 15, 0.001340051, [(8, (0, 0.001315462, 2.3712e-5, 0.001339411)), (7, (1, 0.001087703, 3.0811e-5, 0.001118759))]), (53712, 15, 0.001483229, [(8, (0, 0.001460937, 2.1081e-5, 0.001482248)), (7, (1, 0.001125563, 2.8093e-5, 0.001154129))]), (53728, 15, 0.001628028, [(8, (0, 0.001604195, 2.2637e-5, 0.001627063)), (7, (1, 0.001146879, 3.971e-5, 0.001186891))]), (53744, 16, 0.001466491, [(8, (0, 0.001364671, 2.5756e-5, 0.001390655)), (8, (1, 0.001362217, 6.7316e-5, 0.001430493))]), (53760, 16, 0.001523035, [(8, (0, 0.001337382, 3.6231e-5, 0.001374053)), (8, (1, 0.001397787, 4.9213e-5, 0.001447331))]), (53776, 16, 0.001272394, [(8, (0, 0.001236394, 3.497e-5, 0.001271614)), (8, (1, 0.001097576, 4.0451e-5, 0.001138257))]), (53792, 16, 0.001416742, [(8, (0, 0.001223469, 3.1824e-5, 0.001255567)), (8, (1, 0.001337494, 3.7054e-5, 0.001374769))]), (53808, 14, 0.001287884, [(7, (0, 0.001178013, 2.4951e-5, 0.001203246)), (7, (1, 0.001219382, 3.3225e-5, 0.001252804))]), (53824, 16, 0.00148513, [(8, (0, 0.001463776, 2.0144e-5, 0.001484193)), (8, (1, 0.001269821, 2.5713e-5, 0.001295742))]), (53840, 16, 0.001371836, [(8, (0, 0.001346627, 2.1478e-5, 0.001368374)), (8, (1, 0.001342574, 2.6971e-5, 0.001369743))]), (53856, 16, 0.002938567, [(8, (0, 0.002590842, 3.3053e-5, 0.002624119)), (8, (1, 0.002860854, 3.8795e-5, 0.002899901))]), (53872, 16, 0.003489767, [(8, (0, 0.003435375, 5.262e-5, 0.003488213)), (8, (1, 0.003107902, 5.8834e-5, 0.003167079))]), (53888, 15, 0.001819542, [(8, (0, 0.001779327, 3.9084e-5, 0.00181864)), (7, (1, 0.001092088, 6.4428e-5, 0.001156817))]), (53904, 16, 0.001714174, [(8, (0, 0.00168576, 2.7371e-5, 0.001713355)), (8, (1, 0.00135829, 7.1981e-5, 0.001430516))]), (53920, 13, 0.001362015, [(7, (0, 0.001241894, 2.507e-5, 0.001267209)), (6, (1, 0.001252983, 6.4324e-5, 0.001318036))]), (53936, 15, 0.001786565, [(8, (0, 0.001336417, 4.8328e-5, 0.00138501)), (7, (1, 0.00168593, 5.4473e-5, 0.001740627))]), (53952, 13, 0.001265891, [(7, (0, 0.001203972, 2.6447e-5, 0.001230677)), (6, (1, 0.001219681, 3.2279e-5, 0.001252163))]), (53968, 16, 0.001457641, [(8, (0, 0.001433754, 2.2175e-5, 0.001456178)), (8, (1, 0.001204814, 2.8149e-5, 0.00123329))]), (53984, 16, 0.001423572, [(8, (0, 0.001243212, 2.0034e-5, 0.0012635)), (8, (1, 0.001355019, 3.9619e-5, 0.001394956))]), (54000, 15, 0.00141021, [(8, (0, 0.001372374, 3.6897e-5, 0.00140951)), (7, (1, 0.001182173, 4.9024e-5, 0.001231444))]), (54016, 16, 0.001297852, [(8, (0, 0.001200431, 3.1009e-5, 0.001231656)), (8, (1, 0.001214331, 4.5474e-5, 0.001260387))]), (54032, 14, 0.00149233, [(7, (0, 0.001461083, 3.023e-5, 0.001491557)), (7, (1, 0.001158316, 3.9648e-5, 0.001198191))]), (54048, 16, 0.001399293, [(8, (0, 0.001225309, 3.4928e-5, 0.001260514)), (8, (1, 0.001323092, 3.9204e-5, 0.001362778))]), (54064, 16, 0.001755161, [(8, (0, 0.00172256, 3.1511e-5, 0.001754304)), (8, (1, 0.001252489, 4.4945e-5, 0.001297771))]), (54080, 14, 0.005830183, [(7, (0, 0.005808724, 1.6799e-5, 0.005825882)), (7, (1, 0.000976597, 3.0681e-5, 0.001007632))]), (54096, 16, 0.001687342, [(8, (0, 0.001304818, 5.9953e-5, 0.001365033)), (8, (1, 0.001531192, 9.0008e-5, 0.001621611))]), (54112, 11, 0.001042147, [(6, (0, 0.001000854, 4.0157e-5, 0.001041286)), (5, (1, 0.000904653, 5.4758e-5, 0.000959842))]), (54128, 1, 0.000234092, [(1, (0, 0.000210259, 2.3044e-5, 0.000233564)), (0, (1, 1.36e-7, 3.8545e-5, 3.9015e-5))]), (54144, 13, 0.001315231, [(7, (0, 0.001252995, 3.6257e-5, 0.001289486)), (6, (1, 0.001261385, 4.2374e-5, 0.001304019))]), (54160, 15, 0.001341356, [(8, (0, 0.001305195, 3.32e-5, 0.001338797)), (7, (1, 0.001122663, 3.7873e-5, 0.001160758))]), (54176, 16, 0.00136213, [(8, (0, 0.00120013, 3.3694e-5, 0.001234084)), (8, (1, 0.00130401, 4.0056e-5, 0.001344267))]), (54192, 13, 0.001175966, [(7, (0, 0.001148965, 2.6166e-5, 0.001175404)), (6, (1, 0.00108399, 3.0484e-5, 0.001114831))]), (54208, 16, 0.001696814, [(8, (0, 0.001663375, 3.2446e-5, 0.001696055)), (8, (1, 0.001214812, 3.8222e-5, 0.001253259))]), (54224, 15, 0.001437876, [(8, (0, 0.00140727, 2.703e-5, 0.001434764)), (7, (1, 0.001392662, 4.2615e-5, 0.001435685))]), (54240, 15, 0.00165685, [(8, (0, 0.001619493, 3.4477e-5, 0.001654271)), (7, (1, 0.00118033, 5.4e-5, 0.00123469))]), (54256, 15, 0.001608764, [(8, (0, 0.001502341, 4.4099e-5, 0.001546682)), (7, (1, 0.001525075, 5.9448e-5, 0.001584893))]), (54272, 16, 0.001301399, [(8, (0, 0.001270902, 2.9329e-5, 0.001300504)), (8, (1, 0.00121786, 3.8251e-5, 0.001256331))]), (54288, 15, 0.001357, [(8, (0, 0.001327793, 2.6897e-5, 0.001355118)), (7, (1, 0.00110155, 3.2672e-5, 0.00113448))]), (54304, 15, 0.001410349, [(8, (0, 0.001375328, 3.4018e-5, 0.001409599)), (7, (1, 0.001107714, 6.2715e-5, 0.001170861))]), (54320, 14, 0.001193088, [(7, (0, 0.001160926, 2.5628e-5, 0.001186796)), (7, (1, 0.00115257, 3.9076e-5, 0.001192))]), (54336, 15, 0.001273061, [(8, (0, 0.001251885, 2.0335e-5, 0.001272461)), (7, (1, 0.001062776, 2.6599e-5, 0.001089655))]), (54352, 15, 0.001294898, [(8, (0, 0.001274665, 1.9241e-5, 0.001294132)), (7, (1, 0.001171574, 2.5456e-5, 0.001197223))]), (54368, 13, 0.001218673, [(7, (0, 0.001199769, 1.7312e-5, 0.001217321)), (6, (1, 0.001001096, 2.3751e-5, 0.001025035))]), (54384, 16, 0.001363402, [(8, (0, 0.001333246, 2.9293e-5, 0.001362777)), (8, (1, 0.001277776, 4.9423e-5, 0.001327519))]), (54400, 16, 0.001150139, [(8, (0, 0.001126684, 2.2427e-5, 0.001149331)), (8, (1, 0.001094838, 3.6412e-5, 0.001131606))]), (54416, 15, 0.001356232, [(8, (0, 0.001331709, 2.3366e-5, 0.001355287)), (7, (1, 0.001167552, 2.9519e-5, 0.001197319))]), (54432, 16, 0.002252657, [(8, (0, 0.002222001, 2.8773e-5, 0.002250998)), (8, (1, 0.001968737, 3.608e-5, 0.002005073))]), (54448, 15, 0.001275878, [(8, (0, 0.00125045, 2.4176e-5, 0.001274874)), (7, (1, 0.001220224, 3.9491e-5, 0.001260015))]), (54464, 16, 0.001120398, [(8, (0, 0.000975372, 1.9565e-5, 0.000995211)), (8, (1, 0.001071841, 2.6614e-5, 0.001098683))]), (54480, 15, 0.001495958, [(8, (0, 0.001470806, 2.4331e-5, 0.001495383)), (7, (1, 0.001318428, 3.0046e-5, 0.001348668))]), (54496, 16, 0.001446948, [(8, (0, 0.001419431, 1.9135e-5, 0.0014388)), (8, (1, 0.001419289, 2.62e-5, 0.001445722))]), (54512, 16, 0.001467266, [(8, (0, 0.00143946, 2.6889e-5, 0.001466583)), (8, (1, 0.00134437, 3.2838e-5, 0.001377426))]), (54528, 16, 0.001265139, [(8, (0, 0.001230809, 3.3413e-5, 0.001264472)), (8, (1, 0.001175394, 4.0915e-5, 0.001216576))]), (54544, 16, 0.001451852, [(8, (0, 0.001430596, 2.0298e-5, 0.001451112)), (8, (1, 0.001330083, 2.6476e-5, 0.001356791))]), (54560, 16, 0.001911447, [(8, (0, 0.001891952, 1.8287e-5, 0.001910467)), (8, (1, 0.001384986, 3.2461e-5, 0.001417687))]), (54576, 15, 0.001397323, [(8, (0, 0.001377043, 1.9349e-5, 0.001396627)), (7, (1, 0.001308396, 3.9811e-5, 0.001348644))]), (54592, 16, 0.001980506, [(8, (0, 0.001961247, 1.8208e-5, 0.001979691)), (8, (1, 0.001806492, 4.3954e-5, 0.001851686))]), (54608, 16, 0.001472131, [(8, (0, 0.001448982, 2.2273e-5, 0.001471488)), (8, (1, 0.001296935, 3.052e-5, 0.00132768))]), (54624, 16, 0.001393759, [(8, (0, 0.001375777, 1.7095e-5, 0.0013931)), (8, (1, 0.001366793, 2.4725e-5, 0.001391772))]), (54640, 16, 0.001561159, [(8, (0, 0.001540392, 1.9873e-5, 0.001560498)), (8, (1, 0.001425702, 2.6031e-5, 0.001451937))]), (54656, 16, 0.001548951, [(8, (0, 0.00152072, 2.5008e-5, 0.001546132)), (8, (1, 0.001478896, 4.2151e-5, 0.001521273))]), (54672, 13, 0.001217456, [(7, (0, 0.001186856, 2.719e-5, 0.001214411)), (6, (1, 0.001027342, 3.3543e-5, 0.001061086))]), (54688, 13, 0.001185946, [(7, (0, 0.001159869, 2.4603e-5, 0.001184738)), (6, (1, 0.000963195, 3.096e-5, 0.000994373))]), (54704, 13, 0.001177528, [(7, (0, 0.001150648, 2.5362e-5, 0.00117624)), (6, (1, 0.000951495, 3.5241e-5, 0.000986982))]), (54720, 13, 0.001194512, [(7, (0, 0.001173145, 2.0226e-5, 0.00119359)), (6, (1, 0.001001494, 4.5108e-5, 0.001046957))]), (54736, 16, 0.001711169, [(8, (0, 0.001681224, 2.9005e-5, 0.00171045)), (8, (1, 0.001531574, 3.5191e-5, 0.001566961))]), (54752, 15, 0.00147641, [(8, (0, 0.001445463, 3e-5, 0.001475681)), (7, (1, 0.001251228, 3.9514e-5, 0.001290981))]), (54768, 16, 0.001500441, [(8, (0, 0.001463875, 2.7741e-5, 0.001491846)), (8, (1, 0.001458065, 3.5308e-5, 0.001494044))]), (54784, 16, 0.001430009, [(8, (0, 0.001400347, 2.5333e-5, 0.001426204)), (8, (1, 0.001173614, 3.1344e-5, 0.001205167))]), (54800, 16, 0.001430651, [(8, (0, 0.001384932, 4.3265e-5, 0.001428503)), (8, (1, 0.001341667, 6.7188e-5, 0.001409303))]), (54816, 16, 0.001311994, [(8, (0, 0.001195303, 3.0677e-5, 0.001226208)), (8, (1, 0.001207613, 8.2071e-5, 0.001290009))]), (54832, 16, 0.001173497, [(8, (0, 0.001152907, 1.9406e-5, 0.001172535)), (8, (1, 0.001111848, 2.6567e-5, 0.001138663))]), (54848, 15, 0.00162426, [(8, (0, 0.001594716, 2.6297e-5, 0.00162125)), (7, (1, 0.001025623, 3.2638e-5, 0.001058474))]), (54864, 9, 0.001454993, [(5, (0, 0.001413016, 3.9918e-5, 0.001453175)), (4, (1, 0.000893251, 8.3739e-5, 0.000977725))]), (54880, 15, 0.001742721, [(8, (0, 0.001705798, 3.3858e-5, 0.001739965)), (7, (1, 0.001116909, 7.2606e-5, 0.0011902))]), (54896, 16, 0.001561114, [(8, (0, 0.001527081, 3.2904e-5, 0.001560219)), (8, (1, 0.001451098, 7.9598e-5, 0.001530925))]), (54912, 16, 0.001772148, [(8, (0, 0.001679515, 2.9291e-5, 0.001709028)), (8, (1, 0.001705233, 3.5667e-5, 0.001741231))]), (54928, 16, 0.001428434, [(8, (0, 0.001401899, 2.5693e-5, 0.001427824)), (8, (1, 0.001372412, 5.4873e-5, 0.001427523))]), (54944, 16, 0.001613197, [(8, (0, 0.001520794, 2.868e-5, 0.001549721)), (8, (1, 0.001545286, 3.5071e-5, 0.001580572))]), (54960, 15, 0.001158573, [(8, (0, 0.001123835, 3.3399e-5, 0.001157782)), (7, (1, 0.000990794, 4.0401e-5, 0.001031452))]), (54976, 16, 0.001263355, [(8, (0, 0.001234421, 2.7838e-5, 0.001262497)), (8, (1, 0.00113682, 3.4774e-5, 0.001171795))]), (54992, 15, 0.001261409, [(8, (0, 0.001235469, 2.4613e-5, 0.001260316)), (7, (1, 0.001100857, 3.2009e-5, 0.001133114))]), (55008, 16, 0.001752806, [(8, (0, 0.001596844, 3.1293e-5, 0.001628393)), (8, (1, 0.001653589, 5.8148e-5, 0.001712198))]), (55024, 13, 0.001361032, [(7, (0, 0.001320645, 3.9239e-5, 0.001360141)), (6, (1, 0.001074582, 5.2175e-5, 0.001127007))]), (55040, 14, 0.001565491, [(7, (0, 0.00133291, 4.369e-5, 0.001376888)), (7, (1, 0.001447194, 5.6502e-5, 0.001504188))]), (55056, 16, 0.001653807, [(8, (0, 0.001615208, 3.721e-5, 0.001652695)), (8, (1, 0.001179084, 4.4376e-5, 0.001223699))]), (55072, 16, 0.001359958, [(8, (0, 0.001318206, 2.4248e-5, 0.001342684)), (8, (1, 0.001318875, 3.8502e-5, 0.001357714))]), (55088, 10, 0.001023186, [(5, (0, 0.000981099, 4.0742e-5, 0.001022067)), (5, (1, 0.000834453, 6.9591e-5, 0.000904468))]), (55104, 16, 0.001581, [(8, (0, 0.001545553, 3.4461e-5, 0.001580258)), (8, (1, 0.001522962, 5.1367e-5, 0.001574571))]), (55120, 16, 0.001346162, [(8, (0, 0.001266446, 2.5025e-5, 0.001291835)), (8, (1, 0.001284683, 3.3637e-5, 0.001318544))]), (55136, 13, 0.001245232, [(7, (0, 0.001223281, 2.0854e-5, 0.001244351)), (6, (1, 0.000993255, 2.8017e-5, 0.001021547))]), (55152, 14, 0.00144157, [(7, (0, 0.001200549, 2.9748e-5, 0.001230521)), (7, (1, 0.001313182, 9.6905e-5, 0.001410503))]), (55168, 11, 0.001312362, [(6, (0, 0.001281074, 3.036e-5, 0.001311682)), (5, (1, 0.000743825, 4.5371e-5, 0.000789408))]), (55184, 15, 0.001740285, [(8, (0, 0.001702132, 3.7076e-5, 0.001739442)), (7, (1, 0.001316846, 0.000101664, 0.001418855))]), (55200, 16, 0.00136917, [(8, (0, 0.001263236, 2.7212e-5, 0.001290677)), (8, (1, 0.001294388, 4.7642e-5, 0.00134228))]), (55216, 13, 0.001241564, [(7, (0, 0.001210033, 3.0242e-5, 0.001240497)), (6, (1, 0.000993172, 3.8026e-5, 0.001031416))]), (55232, 14, 0.001524349, [(7, (0, 0.001485926, 3.7318e-5, 0.001523477)), (7, (1, 0.001173678, 4.3852e-5, 0.001217721))]), (55248, 16, 0.001800226, [(8, (0, 0.001394812, 3.9315e-5, 0.001434358)), (8, (1, 0.001689361, 4.7802e-5, 0.001737387))]), (55264, 16, 0.001544884, [(8, (0, 0.001466287, 3.3931e-5, 0.00150047)), (8, (1, 0.001491372, 3.9881e-5, 0.001531472))]), (55280, 16, 0.00169594, [(8, (0, 0.001654791, 4.014e-5, 0.001695167)), (8, (1, 0.001322478, 4.6664e-5, 0.001369376))]), (55296, 15, 0.00152626, [(8, (0, 0.001332226, 3.4355e-5, 0.001366904)), (7, (1, 0.001399613, 9.9173e-5, 0.001499681))]), (55312, 16, 0.001504547, [(8, (0, 0.001476133, 2.7337e-5, 0.001503707)), (8, (1, 0.001344333, 7.8779e-5, 0.001423416))]), (55328, 16, 0.001443929, [(8, (0, 0.001399945, 4.2753e-5, 0.001442944)), (8, (1, 0.001226173, 6.6804e-5, 0.001293556))]), (55344, 16, 0.001965994, [(8, (0, 0.001923856, 4.0727e-5, 0.00196481)), (8, (1, 0.001610484, 6.2792e-5, 0.001673672))]), (55360, 15, 0.001601421, [(8, (0, 0.001573626, 2.6205e-5, 0.001600073)), (7, (1, 0.00122546, 0.000113332, 0.001340575))]), (55376, 16, 0.002033175, [(8, (0, 0.001998044, 3.4155e-5, 0.002032424)), (8, (1, 0.001935333, 8.2429e-5, 0.002018268))]), (55392, 13, 0.001429346, [(7, (0, 0.001400441, 2.7358e-5, 0.001428037)), (6, (1, 0.00137762, 3.5336e-5, 0.001413271))]), (55408, 11, 0.001242928, [(6, (0, 0.001011285, 2.556e-5, 0.001037094)), (5, (1, 0.001149447, 6.1214e-5, 0.001211157))]), (55424, 16, 0.00126069, [(8, (0, 0.001200833, 2.1472e-5, 0.00122253)), (8, (1, 0.001199901, 3.8536e-5, 0.001238932))]), (55440, 16, 0.001408897, [(8, (0, 0.001182175, 2.2183e-5, 0.001204726)), (8, (1, 0.001324088, 2.9159e-5, 0.001353519))]), (55456, 16, 0.001417321, [(8, (0, 0.001236843, 3.4111e-5, 0.001271305)), (8, (1, 0.001283571, 4.4229e-5, 0.001328043))]), (55472, 12, 0.001619887, [(6, (0, 0.001165893, 3.7914e-5, 0.001204074)), (6, (1, 0.001534493, 4.5672e-5, 0.001580379))]), (55488, 16, 0.002048077, [(8, (0, 0.002020801, 2.5337e-5, 0.00204639)), (8, (1, 0.001880881, 4.7537e-5, 0.001929031))]), (55504, 15, 0.001761403, [(8, (0, 0.001733904, 2.6372e-5, 0.001760506)), (7, (1, 0.001131603, 3.5526e-5, 0.001167348))]), (55520, 14, 0.001299612, [(7, (0, 0.001159862, 3.442e-5, 0.001194503)), (7, (1, 0.001208882, 5.8076e-5, 0.001267436))]), (55536, 16, 0.001343453, [(8, (0, 0.001262867, 3.0766e-5, 0.001293883)), (8, (1, 0.00125996, 5.7996e-5, 0.001318382))]), (55552, 14, 0.001583805, [(7, (0, 0.001252903, 2.8707e-5, 0.001281858)), (7, (1, 0.001496537, 3.5542e-5, 0.001532332))]), (55568, 16, 0.001514151, [(8, (0, 0.001214841, 3.4512e-5, 0.001249571)), (8, (1, 0.001407837, 7.1616e-5, 0.001481295))]), (55584, 16, 0.001843785, [(8, (0, 0.001746695, 3.2994e-5, 0.001780095)), (8, (1, 0.001783441, 4.2798e-5, 0.001826445))]), (55600, 16, 0.001916927, [(8, (0, 0.001801292, 2.5711e-5, 0.001827413)), (8, (1, 0.001779702, 0.00010007, 0.001880179))]), (55616, 16, 0.001339089, [(8, (0, 0.001299101, 3.8666e-5, 0.001338113)), (8, (1, 0.001249185, 5.5986e-5, 0.001305514))]), (55632, 16, 0.001506549, [(8, (0, 0.001382562, 3.9343e-5, 0.001422182)), (8, (1, 0.001420615, 5.6276e-5, 0.001477171))]), (55648, 16, 0.001363762, [(8, (0, 0.001234946, 3.9812e-5, 0.001275117)), (8, (1, 0.001253822, 6.5514e-5, 0.001319783))]), (55664, 16, 0.001581458, [(8, (0, 0.001258927, 3.3066e-5, 0.001292267)), (8, (1, 0.001481518, 7.0592e-5, 0.001552477))]), (55680, 16, 0.001302733, [(8, (0, 0.001265876, 3.0781e-5, 0.001296913)), (8, (1, 0.001258792, 4.0464e-5, 0.001299506))]), (55696, 16, 0.001570482, [(8, (0, 0.001456506, 2.7259e-5, 0.001483997)), (8, (1, 0.001446949, 7.5731e-5, 0.001523261))]), (55712, 16, 0.001238265, [(8, (0, 0.001202557, 3.4784e-5, 0.001237607)), (8, (1, 0.001186999, 4.8312e-5, 0.00123551))]), (55728, 16, 0.001362441, [(8, (0, 0.001338501, 2.1975e-5, 0.001360738)), (8, (1, 0.001293728, 2.7224e-5, 0.001321208))]), (55744, 16, 0.001241357, [(8, (0, 0.001210083, 2.9426e-5, 0.001239783)), (8, (1, 0.00114496, 3.7312e-5, 0.001182476))]), (55760, 16, 0.001297949, [(8, (0, 0.001273367, 2.3785e-5, 0.001297365)), (8, (1, 0.001231415, 3.174e-5, 0.001263355))]), (55776, 16, 0.001886227, [(8, (0, 0.001314356, 3.2573e-5, 0.001347253)), (8, (1, 0.001734715, 6.0794e-5, 0.001796341))]), (55792, 16, 0.001667819, [(8, (0, 0.001638197, 2.8054e-5, 0.001666491)), (8, (1, 0.001579357, 8.6559e-5, 0.001666287))]), (55808, 16, 0.001500922, [(8, (0, 0.001472164, 2.5505e-5, 0.001498001)), (8, (1, 0.001250605, 3.2923e-5, 0.001283816))]), (55824, 16, 0.00184956, [(8, (0, 0.001629937, 4.2298e-5, 0.001672557)), (8, (1, 0.001734724, 6.4107e-5, 0.00179924))]), (55840, 16, 0.001673959, [(8, (0, 0.00163639, 3.5534e-5, 0.001672206)), (8, (1, 0.001219269, 4.0986e-5, 0.001260489))]), (55856, 16, 0.001692575, [(8, (0, 0.001660446, 2.8786e-5, 0.001689471)), (8, (1, 0.001563237, 4.8049e-5, 0.001611625))]), (55872, 16, 0.001492932, [(8, (0, 0.001430449, 6.0331e-5, 0.001491242)), (8, (1, 0.001196548, 9.2358e-5, 0.001289431))]), (55888, 16, 0.001409846, [(8, (0, 0.00138474, 2.3732e-5, 0.001408714)), (8, (1, 0.001312281, 3.1533e-5, 0.001344127))]), (55904, 16, 0.001884923, [(8, (0, 0.001837621, 4.5904e-5, 0.001883775)), (8, (1, 0.001416704, 5.0679e-5, 0.001467732))]), (55920, 16, 0.00208204, [(8, (0, 0.001887209, 2.6345e-5, 0.001913806)), (8, (1, 0.001985013, 5.6337e-5, 0.002041618))]), (55936, 16, 0.001433643, [(8, (0, 0.001405411, 2.7183e-5, 0.001432824)), (8, (1, 0.001308858, 3.6243e-5, 0.001345319))]), (55952, 16, 0.001446192, [(8, (0, 0.001424608, 1.8363e-5, 0.001443399)), (8, (1, 0.001357668, 3.2364e-5, 0.001390296))]), (55968, 16, 0.002038289, [(8, (0, 0.001592126, 4.2357e-5, 0.001634877)), (8, (1, 0.001873843, 6.0749e-5, 0.001934903))]), (55984, 16, 0.001430594, [(8, (0, 0.001343765, 4.4474e-5, 0.001388597)), (8, (1, 0.001340295, 6.6498e-5, 0.001407291))]), (56000, 16, 0.001656344, [(8, (0, 0.001624632, 2.932e-5, 0.001654207)), (8, (1, 0.001327063, 3.5359e-5, 0.001362709))]), (56016, 16, 0.001867432, [(8, (0, 0.001625192, 4.9979e-5, 0.001675412)), (8, (1, 0.001685414, 0.000117259, 0.00180331))]), (56032, 16, 0.001455142, [(8, (0, 0.001417118, 3.6393e-5, 0.001453795)), (8, (1, 0.001396144, 4.5794e-5, 0.001442206))]), (56048, 16, 0.001437703, [(8, (0, 0.001369601, 6.5767e-5, 0.001435697)), (8, (1, 0.001327286, 6.9727e-5, 0.001397264))]), (56064, 16, 0.001921979, [(8, (0, 0.001854051, 6.5695e-5, 0.001920024)), (8, (1, 0.00169319, 0.000104821, 0.001798454))]), (56080, 16, 0.001779432, [(8, (0, 0.001459783, 3.3955e-5, 0.001494036)), (8, (1, 0.001698052, 4.1512e-5, 0.001739866))]), (56096, 16, 0.001786638, [(8, (0, 0.00174866, 3.6151e-5, 0.001785053)), (8, (1, 0.001719926, 4.3712e-5, 0.001764241))]), (56112, 16, 0.001873405, [(8, (0, 0.001840311, 3.1957e-5, 0.001872667)), (8, (1, 0.001617656, 0.000101085, 0.001719306))]), (56128, 16, 0.001972377, [(8, (0, 0.001892882, 2.0149e-5, 0.001913291)), (8, (1, 0.001916828, 2.8132e-5, 0.001945268))]), (56144, 16, 0.001440031, [(8, (0, 0.001390079, 1.7583e-5, 0.001407895)), (8, (1, 0.001397678, 2.5148e-5, 0.001423071))]), (56160, 16, 0.001811256, [(8, (0, 0.001791635, 1.8326e-5, 0.001810317)), (8, (1, 0.001745482, 2.4514e-5, 0.0017702))]), (56176, 16, 0.001809704, [(8, (0, 0.001390829, 2.6526e-5, 0.001417658)), (8, (1, 0.001694063, 7.1584e-5, 0.001766038))]), (56192, 16, 0.00145835, [(8, (0, 0.001432021, 2.354e-5, 0.001455841)), (8, (1, 0.001407422, 3.4491e-5, 0.001442146))]), (56208, 16, 0.001710813, [(8, (0, 0.001657561, 5.1533e-5, 0.00170965)), (8, (1, 0.001507206, 5.2619e-5, 0.001560067))]), (56224, 16, 0.001494565, [(8, (0, 0.0014519, 2.499e-5, 0.001477129)), (8, (1, 0.001425867, 6.5902e-5, 0.001492144))]), (56240, 16, 0.001594906, [(8, (0, 0.001566436, 2.7041e-5, 0.001593728)), (8, (1, 0.001435964, 5.0103e-5, 0.001486592))]), (56256, 16, 0.00175772, [(8, (0, 0.001735883, 2.0744e-5, 0.001756862)), (8, (1, 0.001565357, 4.078e-5, 0.001606527))]), (56272, 16, 0.001740591, [(8, (0, 0.001713751, 2.583e-5, 0.001739806)), (8, (1, 0.00161189, 3.5064e-5, 0.001647337))]), (56288, 16, 0.00156109, [(8, (0, 0.001439308, 3.5163e-5, 0.001474703)), (8, (1, 0.001466694, 5.7547e-5, 0.001524658))]), (56304, 15, 0.001358052, [(8, (0, 0.001322908, 3.2812e-5, 0.001355988)), (7, (1, 0.001128192, 3.8472e-5, 0.001166895))]), (56320, 16, 0.001653204, [(8, (0, 0.001572528, 3.6667e-5, 0.00160944)), (8, (1, 0.001568539, 6.0852e-5, 0.001629742))]), (56336, 16, 0.001485562, [(8, (0, 0.0014586, 2.4757e-5, 0.00148359)), (8, (1, 0.001452813, 3.0774e-5, 0.001483805))]), (56352, 16, 0.001550231, [(8, (0, 0.001437605, 2.2311e-5, 0.001460132)), (8, (1, 0.001483668, 3.8227e-5, 0.001522097))]), (56368, 16, 0.001516502, [(8, (0, 0.001325012, 2.9602e-5, 0.001354903)), (8, (1, 0.001462042, 3.7391e-5, 0.001499659))]), (56384, 16, 0.001457247, [(8, (0, 0.001261007, 1.8164e-5, 0.001279435)), (8, (1, 0.001355369, 2.3738e-5, 0.001379324))]), (56400, 16, 0.001469789, [(8, (0, 0.001439751, 2.8966e-5, 0.00146901)), (8, (1, 0.001384723, 4.1244e-5, 0.001426193))]), (56416, 16, 0.002048877, [(8, (0, 0.001334576, 4.8921e-5, 0.001383764)), (8, (1, 0.001911486, 7.3583e-5, 0.001985488))]), (56432, 15, 0.001346261, [(8, (0, 0.001309139, 3.5683e-5, 0.001345089)), (7, (1, 0.001186429, 4.1469e-5, 0.001228116))]), (56448, 13, 0.001350182, [(7, (0, 0.001324527, 2.2591e-5, 0.00134752)), (6, (1, 0.000974731, 3.1438e-5, 0.001006389))]), (56464, 16, 0.001506231, [(8, (0, 0.001173791, 3.8685e-5, 0.001212745)), (8, (1, 0.001383421, 7.5645e-5, 0.001460107))]), (56480, 16, 0.001766201, [(8, (0, 0.001729048, 3.4319e-5, 0.00176363)), (8, (1, 0.001705958, 5.6795e-5, 0.001763775))]), (56496, 16, 0.001489615, [(8, (0, 0.001458011, 3.046e-5, 0.00148872)), (8, (1, 0.001378173, 4.9528e-5, 0.001428081))]), (56512, 16, 0.00136849, [(8, (0, 0.001327828, 3.8765e-5, 0.001366802)), (8, (1, 0.00128797, 5.19e-5, 0.001340363))]), (56528, 16, 0.001625353, [(8, (0, 0.001574562, 4.9683e-5, 0.001624718)), (8, (1, 0.001384002, 7.9098e-5, 0.00146338))]), (56544, 16, 0.001439223, [(8, (0, 0.001423453, 1.477e-5, 0.001438439)), (8, (1, 0.001259277, 6.7404e-5, 0.001327032))]), (56560, 16, 0.001443079, [(8, (0, 0.00141562, 2.638e-5, 0.001442237)), (8, (1, 0.001372565, 3.541e-5, 0.001408213))]), (56576, 16, 0.002005976, [(8, (0, 0.00176443, 2.8981e-5, 0.001793632)), (8, (1, 0.001926307, 3.591e-5, 0.001962416))]), (56592, 16, 0.001651008, [(8, (0, 0.001484639, 2.4067e-5, 0.001509011)), (8, (1, 0.001543296, 5.6238e-5, 0.001599998))]), (56608, 15, 0.001315459, [(8, (0, 0.001288142, 2.6305e-5, 0.001314676)), (7, (1, 0.001130735, 4.0856e-5, 0.001171816))]), (56624, 16, 0.001547846, [(8, (0, 0.00135907, 2.0257e-5, 0.001379535)), (8, (1, 0.001496963, 2.8101e-5, 0.001525304))]), (56640, 16, 0.001546155, [(8, (0, 0.001520547, 2.3828e-5, 0.001544595)), (8, (1, 0.001407327, 4.8453e-5, 0.001456258))]), (56656, 16, 0.001365536, [(8, (0, 0.001269673, 2.1789e-5, 0.001291689)), (8, (1, 0.001274334, 3.734e-5, 0.001311934))]), (56672, 16, 0.001227105, [(8, (0, 0.001202637, 2.3413e-5, 0.001226287)), (8, (1, 0.001153947, 3.2034e-5, 0.001186196))]), (56688, 16, 0.001446532, [(8, (0, 0.001388653, 5.4315e-5, 0.001443195)), (8, (1, 0.00107539, 6.8785e-5, 0.001144478))]), (56704, 16, 0.001369075, [(8, (0, 0.001327403, 4.0385e-5, 0.001368089)), (8, (1, 0.001131842, 5.4882e-5, 0.001186973))]), (56720, 16, 0.001669047, [(8, (0, 0.001464824, 2.4972e-5, 0.001490017)), (8, (1, 0.001605682, 4.0453e-5, 0.001646449))]), (56736, 16, 0.001356804, [(8, (0, 0.001333523, 2.1913e-5, 0.001355633)), (8, (1, 0.001288658, 5.2595e-5, 0.001342708))]), (56752, 16, 0.001449314, [(8, (0, 0.001421515, 2.6601e-5, 0.001448361)), (8, (1, 0.001385293, 5.5553e-5, 0.001441205))]), (56768, 16, 0.001625268, [(8, (0, 0.001452888, 1.7891e-5, 0.001471003)), (8, (1, 0.001546991, 2.5428e-5, 0.001572633))]), (56784, 16, 0.001307589, [(8, (0, 0.001281529, 2.3683e-5, 0.001305696)), (8, (1, 0.001220815, 3.2682e-5, 0.001253726))]), (56800, 16, 0.001736995, [(8, (0, 0.001684683, 5.0814e-5, 0.001735741)), (8, (1, 0.001621499, 8.3699e-5, 0.001705584))]), (56816, 16, 0.001397293, [(8, (0, 0.001371993, 2.3475e-5, 0.001395697)), (8, (1, 0.001335498, 2.9449e-5, 0.001365156))]), (56832, 16, 0.001552045, [(8, (0, 0.001529346, 2.1595e-5, 0.00155125)), (8, (1, 0.001389301, 2.7894e-5, 0.001417388))]), (56848, 16, 0.001460294, [(8, (0, 0.0013852, 1.6117e-5, 0.001401532)), (8, (1, 0.001347678, 8.4247e-5, 0.001432402))]), (56864, 16, 0.00143061, [(8, (0, 0.001409446, 2.0156e-5, 0.001429835)), (8, (1, 0.001331455, 3.5507e-5, 0.001367394))]), (56880, 16, 0.001751623, [(8, (0, 0.001731185, 1.925e-5, 0.001750679)), (8, (1, 0.001521221, 2.7132e-5, 0.001548639))]), (56896, 16, 0.001463206, [(8, (0, 0.001440894, 2.1172e-5, 0.001462303)), (8, (1, 0.00129038, 3.0454e-5, 0.001321229))]), (56912, 16, 0.001864065, [(8, (0, 0.001490407, 2.2345e-5, 0.001513041)), (8, (1, 0.001782112, 3.1271e-5, 0.001813645))]), (56928, 16, 0.001463743, [(8, (0, 0.001444318, 1.8078e-5, 0.001462723)), (8, (1, 0.001381591, 2.8392e-5, 0.001410289))]), (56944, 16, 0.001704399, [(8, (0, 0.001646097, 5.7161e-5, 0.001703543)), (8, (1, 0.001332526, 8.2231e-5, 0.001415065))]), (56960, 16, 0.002030791, [(8, (0, 0.001621736, 3.7499e-5, 0.00165957)), (8, (1, 0.001923923, 7.4682e-5, 0.001999262))]), (56976, 16, 0.001764922, [(8, (0, 0.001734604, 2.9142e-5, 0.001763988)), (8, (1, 0.001690447, 3.7261e-5, 0.001727937))]), (56992, 16, 0.001352526, [(8, (0, 0.00128643, 2.0447e-5, 0.001307189)), (8, (1, 0.001304322, 2.649e-5, 0.001331026))]), (57008, 16, 0.001819735, [(8, (0, 0.001727466, 2.1605e-5, 0.001749366)), (8, (1, 0.00171246, 8.1665e-5, 0.001794572))]), (57024, 16, 0.001394953, [(8, (0, 0.001376453, 1.7582e-5, 0.00139427)), (8, (1, 0.00130944, 2.475e-5, 0.001334407))]), (57040, 16, 0.001756819, [(8, (0, 0.001736708, 1.8725e-5, 0.001755687)), (8, (1, 0.001473287, 7.6642e-5, 0.001550323))]), (57056, 16, 0.001579572, [(8, (0, 0.001385246, 2.2331e-5, 0.001407806)), (8, (1, 0.001493705, 6.3267e-5, 0.001557193))]), (57072, 16, 0.001773659, [(8, (0, 0.001478722, 1.9958e-5, 0.001498956)), (8, (1, 0.001685867, 3.3455e-5, 0.001719617))]), (57088, 16, 0.001530598, [(8, (0, 0.001503841, 2.5122e-5, 0.001529235)), (8, (1, 0.00143835, 3.3732e-5, 0.001472289))]), (57104, 16, 0.001543355, [(8, (0, 0.001523437, 1.8255e-5, 0.001541932)), (8, (1, 0.001326205, 2.5228e-5, 0.001351646))]), (57120, 16, 0.001496215, [(8, (0, 0.001412463, 2.2034e-5, 0.001434715)), (8, (1, 0.001428921, 4.1676e-5, 0.001470806))]), (57136, 16, 0.002327881, [(8, (0, 0.002282947, 4.3583e-5, 0.002326785)), (8, (1, 0.002163616, 5.0697e-5, 0.002214592))]), (57152, 15, 0.001975905, [(8, (0, 0.001951867, 2.2501e-5, 0.001974599)), (7, (1, 0.001298323, 3.8436e-5, 0.00133695))]), (57168, 15, 0.001228531, [(8, (0, 0.001184936, 4.2613e-5, 0.00122778)), (7, (1, 0.001030624, 6.9721e-5, 0.001100854))]), (57184, 16, 0.001125344, [(8, (0, 0.001029316, 2.4698e-5, 0.001054246)), (8, (1, 0.001055957, 4.3443e-5, 0.001099729))]), (57200, 16, 0.001252636, [(8, (0, 0.001220173, 3.1447e-5, 0.001251865)), (8, (1, 0.001094072, 3.7895e-5, 0.00113228))]), (57216, 15, 0.001306853, [(8, (0, 0.001274648, 3.0942e-5, 0.001305817)), (7, (1, 0.001030789, 9.5236e-5, 0.001126362))]), (57232, 2, 0.000365672, [(1, (0, 0.000165653, 2.5727e-5, 0.000191597)), (1, (1, 0.000260914, 7.9576e-5, 0.000340768))]), (57248, 10, 0.001054332, [(5, (0, 0.001028621, 2.474e-5, 0.001053583)), (5, (1, 0.000757299, 3.0521e-5, 0.00078806))]), (57264, 15, 0.001308085, [(8, (0, 0.001279685, 2.6198e-5, 0.001306107)), (7, (1, 0.001153928, 7.277e-5, 0.001226946))]), (57280, 15, 0.001305416, [(8, (0, 0.001262648, 4.1637e-5, 0.001304575)), (7, (1, 0.001107557, 7.891e-5, 0.001186858))]), (57296, 13, 0.00144389, [(7, (0, 0.001213207, 3.0844e-5, 0.001244292)), (6, (1, 0.001376744, 3.7711e-5, 0.001414719))]), (57312, 15, 0.001608427, [(8, (0, 0.001574405, 3.2693e-5, 0.00160738)), (7, (1, 0.001119003, 9.8746e-5, 0.001218272))]), (57328, 14, 0.001945864, [(7, (0, 0.00166817, 3.6684e-5, 0.001705161)), (7, (1, 0.001761239, 9.1586e-5, 0.001853262))]), (57344, 11, 0.001199354, [(6, (0, 0.001162905, 3.5229e-5, 0.001198412)), (5, (1, 0.001061828, 4.1575e-5, 0.001103591))]), (57360, 16, 0.001791997, [(8, (0, 0.001749845, 3.9722e-5, 0.001789814)), (8, (1, 0.00171352, 4.8847e-5, 0.001762614))]), (57376, 14, 0.001667601, [(7, (0, 0.00162615, 3.9412e-5, 0.00166577)), (7, (1, 0.001422791, 6.7684e-5, 0.001491532))]), (57392, 13, 0.002024859, [(7, (0, 0.001985936, 3.7922e-5, 0.002024239)), (6, (1, 0.00125007, 4.6314e-5, 0.001296632))]), (57408, 14, 0.002018883, [(7, (0, 0.001487212, 3.9041e-5, 0.001526461)), (7, (1, 0.001893304, 6.1414e-5, 0.001954997))]), (57424, 11, 0.001587752, [(6, (0, 0.001050133, 3.6598e-5, 0.001086987)), (5, (1, 0.001493508, 5.5663e-5, 0.001549653))]), (57440, 16, 0.001927702, [(8, (0, 0.001893205, 3.2964e-5, 0.001926417)), (8, (1, 0.001661388, 4.7425e-5, 0.001709307))]), (57456, 15, 0.001634131, [(8, (0, 0.001584025, 4.8015e-5, 0.001632279)), (7, (1, 0.001301791, 5.8843e-5, 0.001360856))]), (57472, 15, 0.001583684, [(8, (0, 0.001544754, 3.689e-5, 0.001581871)), (7, (1, 0.001356416, 7.703e-5, 0.001433662))]), (57488, 15, 0.001657881, [(8, (0, 0.001623545, 3.3035e-5, 0.001656832)), (7, (1, 0.001499904, 4.0631e-5, 0.001540749))]), (57504, 14, 0.001607239, [(7, (0, 0.001572411, 3.3675e-5, 0.001606337)), (7, (1, 0.001472338, 4.0731e-5, 0.001513286))]), (57520, 13, 0.001179787, [(7, (0, 0.001144535, 3.4011e-5, 0.001178788)), (6, (1, 0.000968634, 3.9599e-5, 0.001008428))]), (57536, 5, 0.000416309, [(3, (0, 0.000393152, 2.2197e-5, 0.00041561)), (2, (1, 0.000262022, 2.8539e-5, 0.00029078))]), (57552, 5, 0.000615932, [(3, (0, 0.000591045, 2.4109e-5, 0.000615385)), (2, (1, 0.000335429, 4.4818e-5, 0.000380451))]), (57568, 12, 0.001205943, [(6, (0, 0.000899847, 3.0084e-5, 0.000930209)), (6, (1, 0.001131358, 3.3784e-5, 0.001165356))]), (57584, 13, 0.00126717, [(7, (0, 0.001234945, 3.0863e-5, 0.001266038)), (6, (1, 0.001169759, 3.6255e-5, 0.001206231))]), (57600, 14, 0.001691024, [(7, (0, 0.001313631, 4.4823e-5, 0.001358847)), (7, (1, 0.001488299, 4.483e-5, 0.001533361))]), (57616, 13, 0.001372048, [(7, (0, 0.00129038, 2.5103e-5, 0.001315773)), (6, (1, 0.001309868, 3.7689e-5, 0.001347749))]), (57632, 13, 0.001284176, [(7, (0, 0.001259394, 2.2856e-5, 0.001282529)), (6, (1, 0.001049448, 8.2294e-5, 0.001132096))]), (57648, 13, 0.001640603, [(7, (0, 0.001566381, 7.2817e-5, 0.001639454)), (6, (1, 0.001456131, 9.8828e-5, 0.001555432))]), (57664, 14, 0.001291747, [(7, (0, 0.001138551, 4.1369e-5, 0.001180289)), (7, (1, 0.001193064, 4.9301e-5, 0.001242593))]), (57680, 16, 0.001499921, [(8, (0, 0.001475512, 2.3193e-5, 0.001498991)), (8, (1, 0.001311135, 2.8467e-5, 0.001339804))]), (57696, 15, 0.001393846, [(8, (0, 0.001354079, 3.8582e-5, 0.0013929)), (7, (1, 0.001289998, 5.4123e-5, 0.001344336))]), (57712, 16, 0.001493264, [(8, (0, 0.001297402, 2.906e-5, 0.001326688)), (8, (1, 0.001424828, 4.4964e-5, 0.001470029))]), (57728, 15, 0.001518951, [(8, (0, 0.001473064, 4.4763e-5, 0.001518068)), (7, (1, 0.001070303, 7.3998e-5, 0.001144915))]), (57744, 16, 0.001445386, [(8, (0, 0.001415524, 2.8377e-5, 0.001444196)), (8, (1, 0.001295131, 7.9e-5, 0.001374647))]), (57760, 16, 0.001220502, [(8, (0, 0.00118406, 3.4463e-5, 0.001218763)), (8, (1, 0.001148666, 5.6241e-5, 0.00120522))]), (57776, 15, 0.001320108, [(8, (0, 0.001280628, 3.7937e-5, 0.00131882)), (7, (1, 0.001107738, 6.695e-5, 0.001175133))]), (57792, 16, 0.001724561, [(8, (0, 0.001689314, 3.1864e-5, 0.001721668)), (8, (1, 0.001640213, 4.169e-5, 0.001682157))]), (57808, 16, 0.001776924, [(8, (0, 0.001725801, 4.6804e-5, 0.001773146)), (8, (1, 0.001492802, 5.3361e-5, 0.001546416))]), (57824, 15, 0.001429943, [(8, (0, 0.0013838, 4.468e-5, 0.001428726)), (7, (1, 0.001093488, 6.8228e-5, 0.001162161))]), (57840, 16, 0.001420819, [(8, (0, 0.001267828, 3.6004e-5, 0.001304116)), (8, (1, 0.001350357, 4.9171e-5, 0.001399791))]), (57856, 16, 0.001486901, [(8, (0, 0.001307615, 3.2082e-5, 0.001340109)), (8, (1, 0.001405779, 4.6856e-5, 0.001453079))]), (57872, 16, 0.002331286, [(8, (0, 0.002277607, 4.8171e-5, 0.002326209)), (8, (1, 0.001900902, 6.6068e-5, 0.00196772))]), (57888, 15, 0.002023085, [(8, (0, 0.001974143, 4.7326e-5, 0.002021737)), (7, (1, 0.001694077, 6.7013e-5, 0.001761518))]), (57904, 14, 0.001426425, [(7, (0, 0.001393133, 3.0191e-5, 0.00142365)), (7, (1, 0.001236812, 5.8008e-5, 0.001295396))]), (57920, 16, 0.001439441, [(8, (0, 0.001318172, 3.9627e-5, 0.001358073)), (8, (1, 0.001352572, 5.699e-5, 0.001410066))]), (57936, 16, 0.001438895, [(8, (0, 0.001404965, 3.3006e-5, 0.001438216)), (8, (1, 0.001275554, 4.6124e-5, 0.00132203))]), (57952, 16, 0.001607421, [(8, (0, 0.001576065, 2.7046e-5, 0.001603654)), (8, (1, 0.001336636, 3.89e-5, 0.001375944))]), (57968, 16, 0.001649077, [(8, (0, 0.001615998, 3.1955e-5, 0.001648213)), (8, (1, 0.001309217, 5.1956e-5, 0.001361602))]), (57984, 16, 0.001379736, [(8, (0, 0.001301595, 2.1781e-5, 0.00132375)), (8, (1, 0.001310139, 3.6617e-5, 0.001347307))]), (58000, 16, 0.001642555, [(8, (0, 0.001422683, 4.8823e-5, 0.001471986)), (8, (1, 0.001550706, 6.3358e-5, 0.001614334))]), (58016, 16, 0.001588473, [(8, (0, 0.001487241, 3.1052e-5, 0.001518537)), (8, (1, 0.001518394, 4.5309e-5, 0.001564052))]), (58032, 15, 0.001456554, [(8, (0, 0.001424983, 2.9848e-5, 0.001455062)), (7, (1, 0.001227514, 4.2809e-5, 0.001270824))]), (58048, 16, 0.001778485, [(8, (0, 0.001712462, 6.4346e-5, 0.001777052)), (8, (1, 0.001243307, 9.6825e-5, 0.001340812))]), (58064, 15, 0.001895957, [(8, (0, 0.00185972, 3.1918e-5, 0.001892167)), (7, (1, 0.001297187, 3.9494e-5, 0.001337427))]), (58080, 16, 0.0018038, [(8, (0, 0.001756805, 4.3047e-5, 0.001800279)), (8, (1, 0.001562251, 6.3918e-5, 0.001626678))]), (58096, 16, 0.002113726, [(8, (0, 0.002059048, 5.2406e-5, 0.002111722)), (8, (1, 0.001318753, 5.8432e-5, 0.00137774))]), (58112, 16, 0.001468715, [(8, (0, 0.001432975, 3.4615e-5, 0.001467823)), (8, (1, 0.001313278, 5.2087e-5, 0.001365723))]), (58128, 16, 0.001184736, [(8, (0, 0.001156148, 2.7452e-5, 0.001183837)), (8, (1, 0.001083925, 4.0473e-5, 0.001124751))]), (58144, 16, 0.001400873, [(8, (0, 0.001156536, 3.0271e-5, 0.001187044)), (8, (1, 0.001316236, 4.9874e-5, 0.001366604))]), (58160, 15, 0.001018573, [(8, (0, 0.000992182, 2.5469e-5, 0.001017927)), (7, (1, 0.000834821, 3.2733e-5, 0.000867782))]), (58176, 14, 0.00128291, [(7, (0, 0.001108208, 3.7096e-5, 0.001145544)), (7, (1, 0.001194532, 4.2432e-5, 0.00123731))]), (58192, 16, 0.00131197, [(8, (0, 0.001266923, 4.2121e-5, 0.001309417)), (8, (1, 0.001158537, 5.6897e-5, 0.001215858))]), (58208, 16, 0.00157523, [(8, (0, 0.001535599, 3.7547e-5, 0.001573422)), (8, (1, 0.001308755, 6.7577e-5, 0.00137679))]), (58224, 16, 0.001594877, [(8, (0, 0.001564151, 2.8228e-5, 0.001592655)), (8, (1, 0.001436571, 3.5953e-5, 0.00147281))]), (58240, 14, 0.00119678, [(7, (0, 0.001042801, 3.4214e-5, 0.001077234)), (7, (1, 0.00111737, 5.7899e-5, 0.001175682))]), (58256, 16, 0.001301071, [(8, (0, 0.001150114, 3.6707e-5, 0.001187045)), (8, (1, 0.0012214, 5.0756e-5, 0.001272531))]), (58272, 15, 0.001530718, [(8, (0, 0.001265613, 3.9396e-5, 0.001305282)), (7, (1, 0.001432066, 5.2242e-5, 0.00148472))]), (58288, 16, 0.001660855, [(8, (0, 0.00160306, 5.6684e-5, 0.00166002)), (8, (1, 0.001406919, 7.3906e-5, 0.001481203))]), (58304, 16, 0.001713009, [(8, (0, 0.001683747, 2.7042e-5, 0.001711032)), (8, (1, 0.001550087, 3.3655e-5, 0.001584026))]), (58320, 16, 0.001750995, [(8, (0, 0.001269762, 3.6183e-5, 0.001306272)), (8, (1, 0.001594245, 5.6953e-5, 0.001651458))]), (58336, 16, 0.001397246, [(8, (0, 0.001248007, 2.9732e-5, 0.001278019)), (8, (1, 0.001281391, 3.9349e-5, 0.001321037))]), (58352, 15, 0.001380822, [(8, (0, 0.001345131, 3.1913e-5, 0.001377429)), (7, (1, 0.001207361, 3.7396e-5, 0.001245142))]), (58368, 14, 0.001379695, [(7, (0, 0.00132723, 5.0153e-5, 0.001377867)), (7, (1, 0.001215073, 6.7549e-5, 0.001282971))]), (58384, 16, 0.001394596, [(8, (0, 0.001367386, 2.6097e-5, 0.001393739)), (8, (1, 0.001186697, 4.0648e-5, 0.001227751))]), (58400, 16, 0.001442362, [(8, (0, 0.001417124, 2.1466e-5, 0.001438834)), (8, (1, 0.00120617, 4.1635e-5, 0.001248254))]), (58416, 16, 0.001292494, [(8, (0, 0.001248222, 4.1732e-5, 0.001290258)), (8, (1, 0.001143724, 6.85e-5, 0.001212705))]), (58432, 13, 0.001053177, [(7, (0, 0.001013869, 3.8257e-5, 0.001052395)), (6, (1, 0.000918869, 5.1327e-5, 0.000970586))]), (58448, 15, 0.001366835, [(8, (0, 0.001161002, 4.3715e-5, 0.00120494)), (7, (1, 0.001256448, 5.2506e-5, 0.001309235))]), (58464, 16, 0.001179573, [(8, (0, 0.001147019, 3.1594e-5, 0.001178882)), (8, (1, 0.001118021, 4.4785e-5, 0.001163045))]), (58480, 10, 0.000999072, [(5, (0, 0.000961707, 3.0948e-5, 0.000992935)), (5, (1, 0.000943857, 5.0637e-5, 0.00099477))]), (58496, 16, 0.001273711, [(8, (0, 0.001246667, 2.4241e-5, 0.001271159)), (8, (1, 0.001197144, 4.3508e-5, 0.001241296))]), (58512, 16, 0.001875914, [(8, (0, 0.001666039, 3.7261e-5, 0.001703523)), (8, (1, 0.001755707, 6.3228e-5, 0.001819449))]), (58528, 15, 0.001816526, [(8, (0, 0.001775301, 3.6036e-5, 0.001811746)), (7, (1, 0.001532903, 4.9217e-5, 0.001582374))]), (58544, 16, 0.001353609, [(8, (0, 0.001251434, 5.7245e-5, 0.001309048)), (8, (1, 0.001234766, 9.4971e-5, 0.001330063))]), (58560, 14, 0.001385252, [(7, (0, 0.001352219, 3.168e-5, 0.001384151)), (7, (1, 0.001098739, 3.8126e-5, 0.001137088))]), (58576, 16, 0.00129334, [(8, (0, 0.00124912, 3.6837e-5, 0.00128617)), (8, (1, 0.001218798, 7.199e-5, 0.001291171))]), (58592, 15, 0.001634239, [(8, (0, 0.001594489, 3.8808e-5, 0.001633513)), (7, (1, 0.001094834, 4.7626e-5, 0.001142672))]), (58608, 15, 0.001496616, [(8, (0, 0.001239429, 2.8984e-5, 0.001268642)), (7, (1, 0.001427233, 3.784e-5, 0.001465335))]), (58624, 15, 0.001337182, [(8, (0, 0.001308925, 2.6892e-5, 0.001336046)), (7, (1, 0.001020027, 3.4812e-5, 0.001055104))]), (58640, 14, 0.001496378, [(7, (0, 0.001468929, 2.6224e-5, 0.001495606)), (7, (1, 0.001095123, 5.4026e-5, 0.00114965))]), (58656, 15, 0.001492468, [(8, (0, 0.001470562, 2.0606e-5, 0.001491387)), (7, (1, 0.001169087, 3.4357e-5, 0.001203977))]), (58672, 14, 0.001159277, [(7, (0, 0.001127105, 3.1218e-5, 0.001158546)), (7, (1, 0.001105838, 4.2907e-5, 0.001149023))]), (58688, 16, 0.001941706, [(8, (0, 0.001910237, 3.0323e-5, 0.001940792)), (8, (1, 0.001609545, 4.8947e-5, 0.001658827))]), (58704, 15, 0.00133947, [(8, (0, 0.001305215, 3.3069e-5, 0.001338518)), (7, (1, 0.001100038, 5.4727e-5, 0.001155168))]), (58720, 15, 0.001346664, [(8, (0, 0.001311363, 3.3981e-5, 0.001345589)), (7, (1, 0.001172224, 4.5794e-5, 0.001218277))]), (58736, 16, 0.001737498, [(8, (0, 0.00170954, 2.4228e-5, 0.001734063)), (8, (1, 0.00148338, 5.0476e-5, 0.001534354))]), (58752, 16, 0.001519987, [(8, (0, 0.001400649, 3.4721e-5, 0.001435692)), (8, (1, 0.001415745, 5.111e-5, 0.00146723))]), (58768, 16, 0.001368779, [(8, (0, 0.001342184, 2.5244e-5, 0.001367721)), (8, (1, 0.001316698, 3.1274e-5, 0.001348217))]), (58784, 15, 0.001387692, [(8, (0, 0.001337284, 4.6045e-5, 0.001383777)), (7, (1, 0.001125391, 5.2301e-5, 0.001177887))]), (58800, 16, 0.00182598, [(8, (0, 0.001212017, 4.8833e-5, 0.001261093)), (8, (1, 0.001723426, 7.361e-5, 0.001797378))]), (58816, 16, 0.001202297, [(8, (0, 0.001059463, 3.9109e-5, 0.001098873)), (8, (1, 0.001134509, 4.6487e-5, 0.001181222))]), (58832, 15, 0.001713576, [(8, (0, 0.00167257, 3.8893e-5, 0.001711739)), (7, (1, 0.00139199, 4.686e-5, 0.001439084))]), (58848, 16, 0.001907642, [(8, (0, 0.00187477, 3.1903e-5, 0.001906906)), (8, (1, 0.001749089, 6.0467e-5, 0.001810021))]), (58864, 12, 0.001372693, [(6, (0, 0.001339158, 3.2569e-5, 0.001371978)), (6, (1, 0.001054406, 5.3055e-5, 0.001107912))]), (58880, 16, 0.001548924, [(8, (0, 0.001415007, 3.2599e-5, 0.001447899)), (8, (1, 0.001441014, 4.5104e-5, 0.00148635))]), (58896, 15, 0.001396931, [(8, (0, 0.001365951, 2.9469e-5, 0.001395683)), (7, (1, 0.001277886, 3.6174e-5, 0.001314402))]), (58912, 14, 0.001473919, [(7, (0, 0.001224125, 3.5875e-5, 0.001260323)), (7, (1, 0.001385564, 5.0641e-5, 0.001436511))]), (58928, 16, 0.001318462, [(8, (0, 0.00128684, 3.0302e-5, 0.001317385)), (8, (1, 0.001237478, 3.7413e-5, 0.001275091))]), (58944, 16, 0.001493665, [(8, (0, 0.001471799, 1.8241e-5, 0.001490303)), (8, (1, 0.001430041, 3.927e-5, 0.001469871))]), (58960, 16, 0.001371269, [(8, (0, 0.001337131, 3.1929e-5, 0.001369463)), (8, (1, 0.001244481, 4.6571e-5, 0.001291371))]), (58976, 16, 0.001323307, [(8, (0, 0.001298827, 2.2884e-5, 0.001321966)), (8, (1, 0.001250633, 2.9534e-5, 0.001280421))]), (58992, 15, 0.001294837, [(8, (0, 0.001268642, 2.4379e-5, 0.001293276)), (7, (1, 0.001048355, 3.2933e-5, 0.001081643))]), (59008, 16, 0.001342243, [(8, (0, 0.001318208, 2.3124e-5, 0.001341559)), (8, (1, 0.001302991, 3.0844e-5, 0.001334042))]), (59024, 16, 0.001589548, [(8, (0, 0.001561936, 2.619e-5, 0.001588352)), (8, (1, 0.001244569, 3.1849e-5, 0.001276623))]), (59040, 16, 0.001617649, [(8, (0, 0.00144958, 3.8013e-5, 0.00148781)), (8, (1, 0.001546922, 4.3775e-5, 0.001590908))]), (59056, 15, 0.001238961, [(8, (0, 0.00120078, 3.4622e-5, 0.001235975)), (7, (1, 0.000925281, 8.387e-5, 0.001009793))]), (59072, 16, 0.001289952, [(8, (0, 0.001236991, 4.8826e-5, 0.001286301)), (8, (1, 0.001133613, 6.5419e-5, 0.001199403))]), (59088, 15, 0.001252407, [(8, (0, 0.00119844, 5.2922e-5, 0.001251623)), (7, (1, 0.001067423, 6.6662e-5, 0.001134323))]), (59104, 15, 0.001237795, [(8, (0, 0.00121162, 2.4904e-5, 0.001236781)), (7, (1, 0.001057807, 8.4304e-5, 0.001142446))]), (59120, 14, 0.001404345, [(7, (0, 0.001369857, 3.1279e-5, 0.001401362)), (7, (1, 0.001062258, 4.1268e-5, 0.001103803))]), (59136, 14, 0.001460236, [(7, (0, 0.000953563, 6.8526e-5, 0.001022303)), (7, (1, 0.001268662, 0.000148604, 0.001417614))]), (59152, 15, 0.001856656, [(8, (0, 0.001823602, 3.1866e-5, 0.001855694)), (7, (1, 0.001568009, 3.8606e-5, 0.001606886))]), (59168, 16, 0.002181188, [(8, (0, 0.001752186, 0.000164646, 0.001917443)), (8, (1, 0.001950641, 0.000172442, 0.002123347))]), (59184, 16, 0.001739269, [(8, (0, 0.001696197, 4.1771e-5, 0.001738212)), (8, (1, 0.001289908, 4.9248e-5, 0.001339444))]), (59200, 14, 0.001371555, [(7, (0, 0.001336031, 3.4543e-5, 0.001370797)), (7, (1, 0.001126252, 7.5036e-5, 0.001202881))]), (59216, 16, 0.001518046, [(8, (0, 0.001342709, 3.9066e-5, 0.001382395)), (8, (1, 0.001378413, 5.0287e-5, 0.001428936))]), (59232, 16, 0.001919615, [(8, (0, 0.001878334, 3.8007e-5, 0.001916662)), (8, (1, 0.001271316, 4.6653e-5, 0.001318244))]), (59248, 15, 0.001606913, [(8, (0, 0.001555512, 4.8932e-5, 0.00160471)), (7, (1, 0.000981332, 6.6856e-5, 0.001048475))]), (59264, 16, 0.001575374, [(8, (0, 0.001385725, 4.1892e-5, 0.00142788)), (8, (1, 0.001471028, 8.1799e-5, 0.001553218))]), (59280, 16, 0.001847273, [(8, (0, 0.001807617, 3.7399e-5, 0.001845296)), (8, (1, 0.001785623, 4.5327e-5, 0.001831152))]), (59296, 16, 0.001300028, [(8, (0, 0.001086743, 2.9517e-5, 0.001116598)), (8, (1, 0.001161014, 5.514e-5, 0.001216435))]), (59312, 15, 0.001279073, [(8, (0, 0.00124272, 3.4566e-5, 0.001277552)), (7, (1, 0.001119011, 4.2373e-5, 0.001161613))]), (59328, 16, 0.001409446, [(8, (0, 0.001308095, 4.5729e-5, 0.001354066)), (8, (1, 0.001251694, 0.000124837, 0.001377006))]), (59344, 16, 0.001598224, [(8, (0, 0.001409993, 2.4706e-5, 0.00143494)), (8, (1, 0.001523037, 4.3926e-5, 0.001567393))]), (59360, 16, 0.001516193, [(8, (0, 0.001318117, 3.3224e-5, 0.001351602)), (8, (1, 0.001450324, 4.4996e-5, 0.001495696))]), (59376, 15, 0.001249614, [(8, (0, 0.001228418, 2.0306e-5, 0.001248966)), (7, (1, 0.001025707, 2.686e-5, 0.001052809))]), (59392, 16, 0.00150759, [(8, (0, 0.001356664, 1.7565e-5, 0.001374456)), (8, (1, 0.00140142, 3.6678e-5, 0.001438312))]), (59408, 16, 0.001721301, [(8, (0, 0.001499072, 4.4284e-5, 0.001543669)), (8, (1, 0.001643868, 5.3177e-5, 0.001697278))]), (59424, 16, 0.001424582, [(8, (0, 0.001311849, 2.77e-5, 0.001339845)), (8, (1, 0.001347664, 4.4007e-5, 0.001391984))]), (59440, 16, 0.001633463, [(8, (0, 0.001479391, 2.9714e-5, 0.001509484)), (8, (1, 0.001540038, 3.521e-5, 0.001575468))]), (59456, 15, 0.001256767, [(8, (0, 0.001177893, 4.3001e-5, 0.001221136)), (7, (1, 0.001189215, 5.0358e-5, 0.001239809))]), (59472, 16, 0.001328442, [(8, (0, 0.001197716, 2.5342e-5, 0.001223408)), (8, (1, 0.001277222, 3.1582e-5, 0.001308987))]), (59488, 16, 0.001558009, [(8, (0, 0.001409927, 2.1682e-5, 0.001431848)), (8, (1, 0.001443537, 2.8825e-5, 0.001472576))]), (59504, 15, 0.001363684, [(8, (0, 0.001317866, 3.9408e-5, 0.001357535)), (7, (1, 0.001302286, 5.7302e-5, 0.001359837))]), (59520, 16, 0.001386239, [(8, (0, 0.001301382, 3.076e-5, 0.001332359)), (8, (1, 0.001280592, 8.218e-5, 0.001363099))]), (59536, 16, 0.001561489, [(8, (0, 0.001367579, 2.6874e-5, 0.00139485)), (8, (1, 0.001409434, 4.2058e-5, 0.001451772))]), (59552, 16, 0.001426787, [(8, (0, 0.001387402, 3.8134e-5, 0.001425773)), (8, (1, 0.001316671, 5.8132e-5, 0.001375174))]), (59568, 16, 0.001458647, [(8, (0, 0.001425492, 3.0732e-5, 0.001456474)), (8, (1, 0.001314017, 5.008e-5, 0.001364442))]), (59584, 16, 0.001502187, [(8, (0, 0.001462921, 3.7895e-5, 0.001501044)), (8, (1, 0.001368791, 4.8991e-5, 0.00141799))]), (59600, 16, 0.001066195, [(8, (0, 0.001024227, 4.1086e-5, 0.001065515)), (8, (1, 0.000973633, 7.0579e-5, 0.001044651))]), (59616, 15, 0.001136825, [(8, (0, 0.001106401, 2.937e-5, 0.001136022)), (7, (1, 0.001071002, 4.372e-5, 0.0011151))]), (59632, 15, 0.002097126, [(8, (0, 0.002058148, 3.5764e-5, 0.002094188)), (7, (1, 0.001810319, 3.8146e-5, 0.001848686))]), (59648, 16, 0.002280527, [(8, (0, 0.002004043, 4.849e-5, 0.002052841)), (8, (1, 0.002127475, 0.000121059, 0.00224899))]), (59664, 16, 0.001116511, [(8, (0, 0.001077044, 3.7978e-5, 0.001115349)), (8, (1, 0.001066881, 4.5915e-5, 0.001113009))]), (59680, 16, 0.001285097, [(8, (0, 0.001255727, 2.8199e-5, 0.001284149)), (8, (1, 0.001137019, 3.4077e-5, 0.001171296))]), (59696, 16, 0.001224726, [(8, (0, 0.001203401, 2.0081e-5, 0.001223697)), (8, (1, 0.001189958, 3.088e-5, 0.00122104))]), (59712, 14, 0.001030002, [(7, (0, 0.000991093, 3.8103e-5, 0.001029404)), (7, (1, 0.000899899, 5.2735e-5, 0.000952843))]), (59728, 14, 0.001175349, [(7, (0, 0.000972691, 2.8706e-5, 0.001001607)), (7, (1, 0.001024168, 6.709e-5, 0.001091746))]), (59744, 16, 0.001097281, [(8, (0, 0.001070848, 2.4837e-5, 0.001095924)), (8, (1, 0.00105706, 3.1867e-5, 0.001089121))]), (59760, 16, 0.001129379, [(8, (0, 0.001095436, 3.0894e-5, 0.001126545)), (8, (1, 0.001045162, 3.6779e-5, 0.00108219))]), (59776, 16, 0.001399863, [(8, (0, 0.001351863, 4.6669e-5, 0.001398752)), (8, (1, 0.001136402, 9.3349e-5, 0.001230143))]), (59792, 15, 0.001190947, [(8, (0, 0.001162393, 2.7639e-5, 0.001190262)), (7, (1, 0.000964779, 3.3424e-5, 0.000998453))]), (59808, 16, 0.001523159, [(8, (0, 0.001412521, 3.0735e-5, 0.001443784)), (8, (1, 0.00138802, 9.8318e-5, 0.001486585))]), (59824, 16, 0.001402941, [(8, (0, 0.001239597, 2.8132e-5, 0.001268041)), (8, (1, 0.001320075, 5.8537e-5, 0.001379034))]), (59840, 16, 0.00132024, [(8, (0, 0.001299904, 1.9271e-5, 0.001319414)), (8, (1, 0.001247539, 6.1859e-5, 0.001309587))]), (59856, 16, 0.001612898, [(8, (0, 0.001577736, 3.4068e-5, 0.001612024)), (8, (1, 0.001557507, 4.059e-5, 0.001598758))]), (59872, 16, 0.001346184, [(8, (0, 0.001323893, 2.0248e-5, 0.001344361)), (8, (1, 0.001144556, 2.9731e-5, 0.001174554))]), (59888, 16, 0.001588196, [(8, (0, 0.00107519, 2.5012e-5, 0.001100413)), (8, (1, 0.001503881, 3.2972e-5, 0.00153744))]), (59904, 16, 0.00134559, [(8, (0, 0.001293754, 4.9522e-5, 0.001343576)), (8, (1, 0.001203918, 6.3078e-5, 0.001267274))]), (59920, 15, 0.001193085, [(8, (0, 0.001150996, 3.9601e-5, 0.001191021)), (7, (1, 0.001123404, 4.7037e-5, 0.001170679))]), (59936, 16, 0.001403915, [(8, (0, 0.001362294, 3.9581e-5, 0.001402155)), (8, (1, 0.001228162, 5.4866e-5, 0.001283271))]), (59952, 16, 0.001127716, [(8, (0, 0.001092614, 3.3212e-5, 0.001126084)), (8, (1, 0.001066904, 5.5081e-5, 0.001122362))]), (59968, 15, 0.001279118, [(8, (0, 0.001230364, 4.7431e-5, 0.001278134)), (7, (1, 0.000989304, 6.0454e-5, 0.001049965))]), (59984, 16, 0.001081679, [(8, (0, 0.00103816, 2.8172e-5, 0.001066563)), (8, (1, 0.00104519, 3.4868e-5, 0.00108031))]), (60000, 16, 0.001610772, [(8, (0, 0.001584867, 2.3662e-5, 0.001608807)), (8, (1, 0.001325265, 3.0562e-5, 0.001356093))]), (60016, 16, 0.001174335, [(8, (0, 0.001055919, 2.944e-5, 0.00108559)), (8, (1, 0.001080667, 6.2753e-5, 0.001143937))]), (60032, 16, 0.00121341, [(8, (0, 0.001189856, 2.2676e-5, 0.001212749)), (8, (1, 0.001047428, 3.1335e-5, 0.001078995))]), (60048, 16, 0.001156019, [(8, (0, 0.001128269, 2.6167e-5, 0.001154659)), (8, (1, 0.001091143, 3.6891e-5, 0.001128282))]), (60064, 16, 0.001173163, [(8, (0, 0.001141712, 3.0383e-5, 0.001172337)), (8, (1, 0.001110985, 5.6737e-5, 0.001168213))]), (60080, 16, 0.00129878, [(8, (0, 0.001270893, 2.7001e-5, 0.001298108)), (8, (1, 0.001229533, 4.4738e-5, 0.001274722))]), (60096, 16, 0.002025013, [(8, (0, 0.001222539, 2.5545e-5, 0.0012483)), (8, (1, 0.001945945, 3.1469e-5, 0.001977927))]), (60112, 16, 0.001879637, [(8, (0, 0.001843859, 3.4716e-5, 0.001878911)), (8, (1, 0.001535612, 4.2158e-5, 0.001578012))]), (60128, 16, 0.001097727, [(8, (0, 0.001064198, 3.2261e-5, 0.001096711)), (8, (1, 0.001040204, 4.5717e-5, 0.001086211))]), (60144, 15, 0.001328479, [(8, (0, 0.001221521, 2.8172e-5, 0.001249906)), (7, (1, 0.001226433, 6.3721e-5, 0.001290538))]), (60160, 14, 0.001384144, [(7, (0, 0.001349098, 3.347e-5, 0.001382885)), (7, (1, 0.001126985, 4.5702e-5, 0.001172913))]), (60176, 16, 0.00120737, [(8, (0, 0.001173179, 3.2245e-5, 0.001205669)), (8, (1, 0.001149679, 5.3594e-5, 0.001203689))]), (60192, 16, 0.001397662, [(8, (0, 0.00136432, 3.2114e-5, 0.001396675)), (8, (1, 0.001274106, 4.0071e-5, 0.001314466))]), (60208, 16, 0.001149016, [(8, (0, 0.001051033, 3.5189e-5, 0.001086441)), (8, (1, 0.001036478, 8.969e-5, 0.001126579))]), (60224, 16, 0.001127819, [(8, (0, 0.00109802, 2.8348e-5, 0.001126744)), (8, (1, 0.001031583, 3.473e-5, 0.001066555))]), (60240, 16, 0.001189369, [(8, (0, 0.001157392, 3.0891e-5, 0.001188502)), (8, (1, 0.001022696, 3.7286e-5, 0.001060197))]), (60256, 12, 0.001150541, [(6, (0, 0.001011033, 2.6632e-5, 0.001037913)), (6, (1, 0.001035428, 3.3916e-5, 0.001069592))]), (60272, 14, 0.001533594, [(7, (0, 0.001462026, 4.401e-5, 0.001506306)), (7, (1, 0.001297345, 5.9755e-5, 0.001357438))]), (60288, 16, 0.001304381, [(8, (0, 0.001261564, 4.1525e-5, 0.001303344)), (8, (1, 0.001141619, 6.1089e-5, 0.001203003))]), (60304, 14, 0.001214076, [(7, (0, 0.001179529, 3.3334e-5, 0.001213107)), (7, (1, 0.001141391, 3.9894e-5, 0.001181554))]), (60320, 16, 0.001792065, [(8, (0, 0.001757066, 3.2402e-5, 0.0017897)), (8, (1, 0.001750756, 3.829e-5, 0.001789303))]), (60336, 16, 0.001563045, [(8, (0, 0.001522379, 3.8349e-5, 0.001560948)), (8, (1, 0.00148313, 4.6234e-5, 0.001529565))]), (60352, 13, 0.001904809, [(7, (0, 0.00186857, 3.4051e-5, 0.0019029)), (6, (1, 0.000905285, 4.4513e-5, 0.000950008))]), (60368, 16, 0.001116592, [(8, (0, 0.001077391, 3.7552e-5, 0.001115163)), (8, (1, 0.000959736, 7.9075e-5, 0.00103927))]), (60384, 16, 0.001517499, [(8, (0, 0.001321785, 2.6891e-5, 0.001348895)), (8, (1, 0.001425926, 6.7974e-5, 0.001494638))]), (60400, 16, 0.001377159, [(8, (0, 0.001237404, 2.0728e-5, 0.001258434)), (8, (1, 0.001314662, 3.4537e-5, 0.001349465))]), (60416, 16, 0.001658167, [(8, (0, 0.001627948, 2.9144e-5, 0.001657323)), (8, (1, 0.001558413, 3.6485e-5, 0.001595203))]), (60432, 16, 0.002236117, [(8, (0, 0.001804651, 3.3894e-5, 0.00183876)), (8, (1, 0.002068244, 8.6799e-5, 0.002155453))]), (60448, 14, 0.001457672, [(7, (0, 0.001431204, 2.5561e-5, 0.001456992)), (7, (1, 0.001146603, 3.1218e-5, 0.001178076))]), (60464, 16, 0.002947037, [(8, (0, 0.002674609, 2.9707e-5, 0.00270458)), (8, (1, 0.00288396, 3.657e-5, 0.002920751))]), (60480, 16, 0.0017093, [(8, (0, 0.001666433, 2.9176e-5, 0.001695868)), (8, (1, 0.001393378, 3.9338e-5, 0.001432948))]), (60496, 13, 0.00187239, [(7, (0, 0.001840274, 3.0239e-5, 0.001870758)), (6, (1, 0.001595286, 4.11e-5, 0.001636613))]), (60512, 12, 0.002847602, [(6, (0, 0.00280878, 3.7833e-5, 0.002846854)), (6, (1, 0.002753612, 7.6508e-5, 0.002830794))]), (60528, 16, 0.002984408, [(8, (0, 0.002317308, 3.4743e-5, 0.002352288)), (8, (1, 0.002878626, 4.1135e-5, 0.002919986))]), (60544, 16, 0.002136851, [(8, (0, 0.002097317, 3.8163e-5, 0.002135726)), (8, (1, 0.001883168, 5.1438e-5, 0.001934912))]), (60560, 16, 0.001387214, [(8, (0, 0.001361476, 2.4664e-5, 0.001386393)), (8, (1, 0.001168152, 3.4148e-5, 0.001202568))]), (60576, 14, 0.002395475, [(7, (0, 0.001874834, 3.3659e-5, 0.001908731)), (7, (1, 0.002316908, 4.4382e-5, 0.002361512))]), (60592, 16, 0.002263809, [(8, (0, 0.002228629, 3.3994e-5, 0.002262874)), (8, (1, 0.001584311, 6.4326e-5, 0.001649368))]), (60608, 15, 0.00194584, [(8, (0, 0.001910165, 3.4678e-5, 0.001945158)), (7, (1, 0.001594756, 5.2977e-5, 0.001648048))]), (60624, 14, 0.001128846, [(7, (0, 0.000990603, 2.3632e-5, 0.001014456)), (7, (1, 0.001045542, 3.1564e-5, 0.001077382))]), (60640, 16, 0.002852952, [(8, (0, 0.002609438, 4.5608e-5, 0.0026553)), (8, (1, 0.002747143, 5.4784e-5, 0.002802154))]), (60656, 16, 0.001652616, [(8, (0, 0.001612563, 3.7365e-5, 0.0016502)), (8, (1, 0.001353849, 4.3334e-5, 0.001397399))]), (60672, 16, 0.001201781, [(8, (0, 0.001163644, 3.6859e-5, 0.001200795)), (8, (1, 0.001147571, 4.9498e-5, 0.001197269))]), (60688, 13, 0.002038957, [(7, (0, 0.001998729, 3.8707e-5, 0.002037763)), (6, (1, 0.001538567, 6.3495e-5, 0.001602563))]), (60704, 15, 0.002019198, [(8, (0, 0.001977481, 4.0541e-5, 0.002018375)), (7, (1, 0.001620502, 7.4931e-5, 0.001695938))]), (60720, 14, 0.002584097, [(7, (0, 0.00250581, 2.8168e-5, 0.002534206)), (7, (1, 0.002520033, 3.8316e-5, 0.002558597))]), (60736, 16, 0.001541996, [(8, (0, 0.001516837, 2.4308e-5, 0.001541384)), (8, (1, 0.001299397, 3.1874e-5, 0.001331725))]), (60752, 16, 0.0016746, [(8, (0, 0.00162867, 4.4879e-5, 0.00167377)), (8, (1, 0.001402661, 5.3668e-5, 0.001456705))]), (60768, 14, 0.001501382, [(7, (0, 0.001470596, 2.9939e-5, 0.001500761)), (7, (1, 0.001270348, 5.2151e-5, 0.001322807))]), (60784, 15, 0.001847178, [(8, (0, 0.001817665, 2.7563e-5, 0.001845467)), (7, (1, 0.001349201, 4.9233e-5, 0.001398862))]), (60800, 16, 0.00151499, [(8, (0, 0.00140083, 4.3959e-5, 0.001445044)), (8, (1, 0.001428211, 6.0373e-5, 0.001489036))]), (60816, 16, 0.001465473, [(8, (0, 0.001436839, 2.7724e-5, 0.001464798)), (8, (1, 0.001402871, 5.1215e-5, 0.001454448))]), (60832, 12, 0.001251655, [(6, (0, 0.000890263, 3.3387e-5, 0.000923888)), (6, (1, 0.001103665, 4.0979e-5, 0.001144957))]), (60848, 16, 0.00143425, [(8, (0, 0.001402464, 3.0016e-5, 0.001432767)), (8, (1, 0.001176294, 3.985e-5, 0.001216375))]), (60864, 16, 0.001515597, [(8, (0, 0.001302163, 5.9336e-5, 0.001361791)), (8, (1, 0.001412569, 7.9108e-5, 0.001491977))]), (60880, 16, 0.001451019, [(8, (0, 0.001213872, 2.3744e-5, 0.001237891)), (8, (1, 0.00135409, 4.6911e-5, 0.00140134))]), (60896, 16, 0.0010219, [(8, (0, 0.000982129, 3.8747e-5, 0.001021134)), (8, (1, 0.000924437, 5.5344e-5, 0.000980037))]), (60912, 15, 0.000968117, [(8, (0, 0.000939356, 2.487e-5, 0.000964472)), (7, (1, 0.000797646, 3.212e-5, 0.000829984))]), (60928, 16, 0.001190696, [(8, (0, 0.001139334, 4.2309e-5, 0.00118205)), (8, (1, 0.001136169, 4.9574e-5, 0.001185936))]), (60944, 6, 0.00056062, [(3, (0, 0.000508624, 4.7957e-5, 0.000556819)), (3, (1, 0.000502348, 5.6055e-5, 0.00055863))]), (60960, 9, 0.001399176, [(5, (0, 0.001023172, 4.5186e-5, 0.001068604)), (4, (1, 0.001320789, 5.2048e-5, 0.00137307))]), (60976, 16, 0.00143127, [(8, (0, 0.00140318, 2.6875e-5, 0.001430327)), (8, (1, 0.001294845, 3.2929e-5, 0.001327973))]), (60992, 11, 0.001305828, [(6, (0, 0.001275155, 2.9502e-5, 0.001304895)), (5, (1, 0.001049857, 6.0154e-5, 0.001110651))]), (61008, 16, 0.001368636, [(8, (0, 0.00134104, 2.6388e-5, 0.001367665)), (8, (1, 0.001318344, 4.364e-5, 0.001362442))]), (61024, 16, 0.001416246, [(8, (0, 0.001286279, 3.0285e-5, 0.001316852)), (8, (1, 0.001353018, 3.936e-5, 0.001392588))]), (61040, 14, 0.001961579, [(7, (0, 0.001935428, 2.4306e-5, 0.001959971)), (7, (1, 0.001340991, 8.6423e-5, 0.001427727))]), (61056, 14, 0.001536374, [(7, (0, 0.001243137, 3.9674e-5, 0.001283287)), (7, (1, 0.001410318, 8.0322e-5, 0.001491082))]), (61072, 16, 0.001316526, [(8, (0, 0.001265133, 5.0198e-5, 0.001315585)), (8, (1, 0.001204685, 6.511e-5, 0.00127))]), (61088, 12, 0.000989648, [(6, (0, 0.000945243, 4.0504e-5, 0.000986003)), (6, (1, 0.000930582, 4.8646e-5, 0.00097997))]), (61104, 15, 0.001841878, [(8, (0, 0.001786311, 5.1072e-5, 0.001837711)), (7, (1, 0.00123399, 0.00013818, 0.001372762))]), (61120, 16, 0.001644878, [(8, (0, 0.001595529, 4.7102e-5, 0.001642855)), (8, (1, 0.001386246, 6.4159e-5, 0.001450662))]), (61136, 16, 0.001894893, [(8, (0, 0.001502131, 2.9252e-5, 0.001531629)), (8, (1, 0.001781078, 8.0402e-5, 0.00186194))]), (61152, 16, 0.00150637, [(8, (0, 0.001481435, 2.3491e-5, 0.00150514)), (8, (1, 0.001342029, 3.1869e-5, 0.001374141))]), (61168, 16, 0.001610681, [(8, (0, 0.00156198, 4.7145e-5, 0.001609449)), (8, (1, 0.001431977, 0.000111453, 0.001543689))]), (61184, 14, 0.001980468, [(7, (0, 0.001809154, 3.3455e-5, 0.001842882)), (7, (1, 0.00184142, 6.2012e-5, 0.001903859))]), (61200, 14, 0.002787509, [(7, (0, 0.002695119, 8.749e-5, 0.002783107)), (7, (1, 0.002599878, 0.000100402, 0.002701611))]), (61216, 14, 0.001323797, [(7, (0, 0.001266791, 5.3376e-5, 0.001320581)), (7, (1, 0.001144914, 0.000105585, 0.001250936))]), (61232, 16, 0.00239235, [(8, (0, 0.002326693, 6.1642e-5, 0.002388828)), (8, (1, 0.00189732, 8.4125e-5, 0.001981901))]), (61248, 16, 0.002498992, [(8, (0, 0.002447907, 4.8837e-5, 0.002497058)), (8, (1, 0.001931033, 7.2325e-5, 0.002003884))]), (61264, 12, 0.001325531, [(6, (0, 0.001287683, 2.9456e-5, 0.001317374)), (6, (1, 0.001257183, 6.063e-5, 0.001318215))]), (61280, 16, 0.001117656, [(8, (0, 0.001086032, 2.9803e-5, 0.001116051)), (8, (1, 0.001006207, 5.5936e-5, 0.001062529))]), (61296, 16, 0.00161351, [(8, (0, 0.001562974, 4.7306e-5, 0.001610752)), (8, (1, 0.001454298, 7.9654e-5, 0.001534367))]), (61312, 16, 0.001382122, [(8, (0, 0.001342945, 3.7115e-5, 0.001380333)), (8, (1, 0.001210259, 4.8782e-5, 0.00125926))]), (61328, 16, 0.001225861, [(8, (0, 0.001183406, 4.0559e-5, 0.001224216)), (8, (1, 0.001168086, 4.8403e-5, 0.001216715))]), (61344, 13, 0.001620473, [(7, (0, 0.001574331, 4.4588e-5, 0.001619135)), (6, (1, 0.001349618, 5.0598e-5, 0.001400405))]), (61360, 16, 0.001645699, [(8, (0, 0.001591096, 5.121e-5, 0.001642673)), (8, (1, 0.001471841, 0.000105694, 0.001579917))]), (61376, 10, 0.000995809, [(5, (0, 0.000939299, 5.3331e-5, 0.000992851)), (5, (1, 0.000923921, 6.3046e-5, 0.000987258))]), (61392, 0, 3.7921e-5, [(0, (0, 2.58e-7, 3.5587e-5, 3.6068e-5)), (0, (1, 1.75e-7, 3.7029e-5, 3.7322e-5))]), (61408, 14, 0.001397098, [(7, (0, 0.001146389, 2.8881e-5, 0.001175915)), (7, (1, 0.001259778, 4.1929e-5, 0.00130195))]), (61424, 16, 0.001358489, [(8, (0, 0.001195242, 3.5199e-5, 0.00123084)), (8, (1, 0.001284266, 5.0371e-5, 0.00133505))]), (61440, 16, 0.001065209, [(8, (0, 0.001033625, 2.9899e-5, 0.001063758)), (8, (1, 0.000978442, 5.2284e-5, 0.001031096))]), (61456, 16, 0.00142218, [(8, (0, 0.001144428, 3.8679e-5, 0.001183508)), (8, (1, 0.001296325, 5.8612e-5, 0.001355503))]), (61472, 15, 0.001572104, [(8, (0, 0.001507602, 6.1682e-5, 0.001569644)), (7, (1, 0.001228204, 7.0221e-5, 0.001298676))]), (61488, 13, 0.001370171, [(7, (0, 0.001316429, 5.2231e-5, 0.001368919)), (6, (1, 0.001068298, 6.8246e-5, 0.001136967))]), (61504, 14, 0.001448609, [(7, (0, 0.001418735, 2.8247e-5, 0.001447215)), (7, (1, 0.001330243, 5.2013e-5, 0.001382539))]), (61520, 10, 0.000777509, [(5, (0, 0.000739453, 2.7586e-5, 0.000767261)), (5, (1, 0.000722348, 5.3252e-5, 0.000775984))]), (61536, 15, 0.001633627, [(8, (0, 0.001600412, 3.1961e-5, 0.001632594)), (7, (1, 0.00140988, 5.7336e-5, 0.001467588))]), (61552, 16, 0.001767954, [(8, (0, 0.001362498, 2.9192e-5, 0.001391929)), (8, (1, 0.001543423, 0.000127846, 0.001671659))]), (61568, 15, 0.001674276, [(8, (0, 0.001625623, 4.3555e-5, 0.001669519)), (7, (1, 0.001078609, 4.9808e-5, 0.001128662))]), (61584, 7, 0.000718462, [(4, (0, 0.000655868, 6.0953e-5, 0.000717377)), (3, (1, 0.000509518, 9.9234e-5, 0.000609276))]), (61600, 16, 0.001604913, [(8, (0, 0.001543968, 4.8355e-5, 0.001592608)), (8, (1, 0.001545551, 5.6356e-5, 0.001602152))]), (61616, 15, 0.001548002, [(8, (0, 0.001401055, 3.944e-5, 0.001440728)), (7, (1, 0.001439538, 4.6643e-5, 0.001486413))]), (61632, 12, 0.001044984, [(6, (0, 0.001011851, 3.1597e-5, 0.001043758)), (6, (1, 0.000878942, 4.4933e-5, 0.000924158))]), (61648, 14, 0.002189828, [(7, (0, 0.001627933, 3.8172e-5, 0.001666397)), (7, (1, 0.002103517, 4.525e-5, 0.00214928))]), (61664, 16, 0.001823268, [(8, (0, 0.001324493, 5.6371e-5, 0.001381183)), (8, (1, 0.001676056, 9.8866e-5, 0.0017757))]), (61680, 16, 0.001647625, [(8, (0, 0.00160301, 4.1367e-5, 0.001644627)), (8, (1, 0.001564325, 5.4721e-5, 0.001619332))]), (61696, 14, 0.002443318, [(7, (0, 0.001433594, 6.8955e-5, 0.001502803)), (7, (1, 0.002276733, 9.5275e-5, 0.002372683))]), (61712, 16, 0.001476343, [(8, (0, 0.001232186, 5.2381e-5, 0.001284827)), (8, (1, 0.001372396, 5.9206e-5, 0.001432013))]), (61728, 16, 0.001698656, [(8, (0, 0.001392946, 4.4898e-5, 0.001438064)), (8, (1, 0.001585938, 6.6193e-5, 0.001652532))]), (61744, 16, 0.001823875, [(8, (0, 0.001586693, 6.253e-5, 0.001649791)), (8, (1, 0.001650544, 0.000133685, 0.001785077))]), (61760, 14, 0.002390686, [(7, (0, 0.002344426, 4.3311e-5, 0.002388189)), (7, (1, 0.00163708, 6.5369e-5, 0.001702882))]), (61776, 16, 0.001835785, [(8, (0, 0.001458668, 3.8862e-5, 0.001497976)), (8, (1, 0.001710332, 6.7547e-5, 0.001778214))]), (61792, 15, 0.001769868, [(8, (0, 0.001717417, 4.359e-5, 0.001761237)), (7, (1, 0.001300493, 6.2905e-5, 0.001363924))]), (61808, 15, 0.002322937, [(8, (0, 0.002287339, 3.4109e-5, 0.002321716)), (7, (1, 0.001640779, 6.1403e-5, 0.001703247))]), (61824, 14, 0.001663324, [(7, (0, 0.001508893, 3.1767e-5, 0.001540926)), (7, (1, 0.00155365, 4.9893e-5, 0.001603862))]), (61840, 15, 0.00249001, [(8, (0, 0.001377902, 4.2534e-5, 0.001420738)), (7, (1, 0.00239407, 5.8649e-5, 0.002452979))]), (61856, 13, 0.0019168, [(7, (0, 0.001862087, 4.8323e-5, 0.001911059)), (6, (1, 0.001241695, 7.3778e-5, 0.001316074))]), (61872, 15, 0.002864893, [(8, (0, 0.002791176, 7.0944e-5, 0.002862466)), (7, (1, 0.002073803, 0.000102934, 0.002177207))]), (61888, 14, 0.002002823, [(7, (0, 0.00194923, 5.2394e-5, 0.002001884)), (7, (1, 0.001625284, 7.3221e-5, 0.001698895))]), (61904, 16, 0.002229071, [(8, (0, 0.002189773, 3.7431e-5, 0.002227426)), (8, (1, 0.002019766, 6.4811e-5, 0.00208499))]), (61920, 16, 0.002075954, [(8, (0, 0.002030697, 4.4128e-5, 0.002075068)), (8, (1, 0.001549937, 7.5394e-5, 0.001625761))]), (61936, 16, 0.001667501, [(8, (0, 0.001634028, 3.2124e-5, 0.001666408)), (8, (1, 0.001598564, 5.6806e-5, 0.001655879))]), (61952, 13, 0.002266492, [(7, (0, 0.002231629, 3.3492e-5, 0.002265346)), (6, (1, 0.002146364, 8.4704e-5, 0.002232187))]), (61968, 15, 0.001862563, [(8, (0, 0.001824547, 3.6765e-5, 0.001861555)), (7, (1, 0.001058964, 4.7597e-5, 0.001107))]), (61984, 15, 0.002313983, [(8, (0, 0.002276902, 3.4205e-5, 0.002311651)), (7, (1, 0.001263295, 6.3782e-5, 0.001327538))]), (62000, 16, 0.001881335, [(8, (0, 0.001835425, 4.4569e-5, 0.001880235)), (8, (1, 0.001664672, 6.8304e-5, 0.001733329))]), (62016, 15, 0.001516, [(8, (0, 0.001485158, 2.937e-5, 0.001514792)), (7, (1, 0.001204813, 5.3293e-5, 0.001258516))]), (62032, 10, 0.000939895, [(5, (0, 0.00090643, 3.2017e-5, 0.000938706)), (5, (1, 0.000787522, 5.8225e-5, 0.000846133))]), (62048, 14, 0.002096262, [(7, (0, 0.002053026, 4.1703e-5, 0.002094972)), (7, (1, 0.001157091, 6.7283e-5, 0.001224868))]), (62064, 15, 0.002053948, [(8, (0, 0.002008224, 4.4158e-5, 0.00205263)), (7, (1, 0.001779988, 7.4623e-5, 0.00185521))]), (62080, 16, 0.00182396, [(8, (0, 0.001521586, 3.4875e-5, 0.001556715)), (8, (1, 0.001706034, 5.7793e-5, 0.001764361))]), (62096, 15, 0.001833192, [(8, (0, 0.001791541, 3.7373e-5, 0.001829315)), (7, (1, 0.001413754, 4.4324e-5, 0.001458305))]), (62112, 16, 0.001378908, [(8, (0, 0.001242867, 4.4582e-5, 0.001288226)), (8, (1, 0.001267522, 8.1164e-5, 0.001349178))]), (62128, 16, 0.001979101, [(8, (0, 0.001372768, 4.4841e-5, 0.00141798)), (8, (1, 0.00183392, 6.0167e-5, 0.001894662))]), (62144, 16, 0.001386885, [(8, (0, 0.001325408, 6.0112e-5, 0.001385819)), (8, (1, 0.00105751, 8.1142e-5, 0.001138947))]), (62160, 15, 0.002080968, [(8, (0, 0.002038092, 3.8894e-5, 0.002077257)), (7, (1, 0.001226478, 4.929e-5, 0.001276225))]), (62176, 15, 0.001757742, [(8, (0, 0.001719021, 3.7565e-5, 0.001756815)), (7, (1, 0.000960839, 7.1092e-5, 0.001033568))]), (62192, 16, 0.002667171, [(8, (0, 0.002631961, 3.2461e-5, 0.002664654)), (8, (1, 0.001718656, 3.972e-5, 0.001758915))]), (62208, 15, 0.002141378, [(8, (0, 0.002111095, 2.8217e-5, 0.002139548)), (7, (1, 0.001580876, 5.1335e-5, 0.001633016))]), (62224, 14, 0.002028333, [(7, (0, 0.001991266, 3.5945e-5, 0.002027458)), (7, (1, 0.001487769, 4.6262e-5, 0.001534334))]), (62240, 15, 0.00150422, [(8, (0, 0.001465649, 3.7468e-5, 0.001503356)), (7, (1, 0.001296138, 6.5464e-5, 0.001362194))]), (62256, 14, 0.001456973, [(7, (0, 0.001423997, 3.1968e-5, 0.001456188)), (7, (1, 0.001182798, 6.466e-5, 0.001247939))]), (62272, 16, 0.001234879, [(8, (0, 0.001201591, 3.2265e-5, 0.001234095)), (8, (1, 0.001173178, 5.2889e-5, 0.001226531))]), (62288, 15, 0.001361836, [(8, (0, 0.001332911, 2.794e-5, 0.00136107)), (7, (1, 0.001041693, 3.4879e-5, 0.001076847))]), (62304, 16, 0.001867304, [(8, (0, 0.00184081, 2.5498e-5, 0.001866549)), (8, (1, 0.001649989, 4.0414e-5, 0.001690823))]), (62320, 16, 0.001735237, [(8, (0, 0.001705162, 2.9042e-5, 0.001734446)), (8, (1, 0.001283256, 3.9587e-5, 0.001323093))]), (62336, 9, 0.000955927, [(5, (0, 0.000928903, 2.6019e-5, 0.000955161)), (4, (1, 0.000587814, 3.1915e-5, 0.000619957))]), (62352, 15, 0.00196994, [(8, (0, 0.001939826, 2.9163e-5, 0.001969215)), (7, (1, 0.001529734, 4.6851e-5, 0.001576931))]), (62368, 16, 0.001446112, [(8, (0, 0.001272888, 1.6476e-5, 0.001289759)), (8, (1, 0.001370831, 2.4174e-5, 0.001395258))]), (62384, 16, 0.00113517, [(8, (0, 0.001099033, 3.4982e-5, 0.001134301)), (8, (1, 0.001060346, 5.0278e-5, 0.001110932))]), (62400, 16, 0.001762675, [(8, (0, 0.001246549, 3.0248e-5, 0.001277148)), (8, (1, 0.001687112, 3.6758e-5, 0.001724112))]), (62416, 14, 0.00152215, [(7, (0, 0.001484252, 3.6721e-5, 0.001521259)), (7, (1, 0.00141819, 4.6749e-5, 0.001465166))]), (62432, 16, 0.001712869, [(8, (0, 0.001676306, 3.5461e-5, 0.001712014)), (8, (1, 0.001571771, 4.2302e-5, 0.001614291))]), (62448, 15, 0.001486013, [(8, (0, 0.001456627, 2.828e-5, 0.001485194)), (7, (1, 0.001208267, 4.5855e-5, 0.001254441))]), (62464, 16, 0.00146566, [(8, (0, 0.001332252, 2.7721e-5, 0.001360206)), (8, (1, 0.001367647, 4.1914e-5, 0.00140992))]), (62480, 16, 0.001415831, [(8, (0, 0.001271872, 2.9543e-5, 0.001301683)), (8, (1, 0.001339026, 3.8596e-5, 0.001377855))]), (62496, 14, 0.001330848, [(7, (0, 0.001292608, 3.7223e-5, 0.001330133)), (7, (1, 0.001108855, 4.3042e-5, 0.001152125))]), (62512, 16, 0.001795998, [(8, (0, 0.001569054, 2.7832e-5, 0.001597152)), (8, (1, 0.00173553, 4.0357e-5, 0.001776431))]), (62528, 15, 0.001531227, [(8, (0, 0.001497288, 3.2932e-5, 0.001530467)), (7, (1, 0.001091173, 4.0456e-5, 0.001131907))]), (62544, 15, 0.001595667, [(8, (0, 0.001553952, 4.0678e-5, 0.001594905)), (7, (1, 0.001155612, 4.8834e-5, 0.0012047))]), (62560, 15, 0.00208188, [(8, (0, 0.002052611, 2.8316e-5, 0.002081186)), (7, (1, 0.001683761, 3.48e-5, 0.0017188))]), (62576, 15, 0.001465463, [(8, (0, 0.001434667, 2.9618e-5, 0.001464529)), (7, (1, 0.001055506, 3.7117e-5, 0.001092826))]), (62592, 15, 0.001882273, [(8, (0, 0.001851051, 2.9754e-5, 0.001881037)), (7, (1, 0.001253718, 8.2198e-5, 0.001336292))]), (62608, 15, 0.001549308, [(8, (0, 0.001516546, 3.161e-5, 0.001548426)), (7, (1, 0.001395807, 4.8199e-5, 0.001444437))]), (62624, 15, 0.001401008, [(8, (0, 0.00129324, 3.4752e-5, 0.001328257)), (7, (1, 0.001339234, 4.0802e-5, 0.001380268))]), (62640, 16, 0.001419942, [(8, (0, 0.001366577, 2.5317e-5, 0.001392127)), (8, (1, 0.001372198, 3.0677e-5, 0.001403098))]), (62656, 16, 0.001575684, [(8, (0, 0.001375983, 2.8158e-5, 0.001404368)), (8, (1, 0.00152562, 3.3801e-5, 0.001559634))]), (62672, 16, 0.001618298, [(8, (0, 0.001585082, 3.1982e-5, 0.001617291)), (8, (1, 0.001452269, 3.7713e-5, 0.001490163))]), (62688, 15, 0.001337731, [(8, (0, 0.001308224, 2.8388e-5, 0.001336844)), (7, (1, 0.001278701, 3.934e-5, 0.001318349))]), (62704, 16, 0.001835157, [(8, (0, 0.001722421, 2.8659e-5, 0.00175134)), (8, (1, 0.001767442, 4.6702e-5, 0.001814519))]), (62720, 16, 0.001260156, [(8, (0, 0.001227477, 3.1755e-5, 0.001259447)), (8, (1, 0.001144757, 3.8438e-5, 0.001183445))]), (62736, 16, 0.00122509, [(8, (0, 0.00119821, 2.5742e-5, 0.001224185)), (8, (1, 0.001042597, 3.6183e-5, 0.001079041))]), (62752, 15, 0.001467213, [(8, (0, 0.001443916, 2.2163e-5, 0.001466312)), (7, (1, 0.001240696, 3.5438e-5, 0.001276588))]), (62768, 15, 0.001462127, [(8, (0, 0.001428107, 3.3041e-5, 0.001461382)), (7, (1, 0.001333862, 4.4277e-5, 0.001378409))]), (62784, 16, 0.001451297, [(8, (0, 0.001421359, 2.8931e-5, 0.001450517)), (8, (1, 0.001223034, 3.5488e-5, 0.001258718))]), (62800, 16, 0.001238033, [(8, (0, 0.001215902, 2.1117e-5, 0.001237246)), (8, (1, 0.001154048, 2.7316e-5, 0.00118159))]), (62816, 16, 0.001422606, [(8, (0, 0.001205568, 1.9521e-5, 0.001225375)), (8, (1, 0.001348115, 2.8359e-5, 0.001376703))]), (62832, 16, 0.001503779, [(8, (0, 0.001464996, 3.7624e-5, 0.00150289)), (8, (1, 0.001206722, 5.1561e-5, 0.001258499))]), (62848, 16, 0.001158041, [(8, (0, 0.001107393, 4.0478e-5, 0.001148114)), (8, (1, 0.001105152, 5.0892e-5, 0.001156309))]), (62864, 16, 0.002000988, [(8, (0, 0.001952391, 4.7577e-5, 0.00200021)), (8, (1, 0.001642158, 6.4794e-5, 0.001707301))]), (62880, 13, 0.001586256, [(7, (0, 0.001126482, 2.7753e-5, 0.00115447)), (6, (1, 0.001527829, 3.5377e-5, 0.001563428))]), (62896, 14, 0.001769658, [(7, (0, 0.001740421, 2.8074e-5, 0.001768734)), (7, (1, 0.00114153, 3.8957e-5, 0.001180728))]), (62912, 16, 0.001313183, [(8, (0, 0.001205365, 3.3773e-5, 0.001239392)), (8, (1, 0.001240082, 4.7783e-5, 0.001288152))]), (62928, 15, 0.001302312, [(8, (0, 0.001267886, 3.3189e-5, 0.001301359)), (7, (1, 0.001107712, 4.2578e-5, 0.001150522))]), (62944, 15, 0.001532557, [(8, (0, 0.001500904, 3.0243e-5, 0.001531397)), (7, (1, 0.001309808, 3.4563e-5, 0.001344553))]), (62960, 15, 0.001616284, [(8, (0, 0.001587937, 2.5897e-5, 0.00161422)), (7, (1, 0.001332293, 3.4027e-5, 0.001366558))]), (62976, 16, 0.001144323, [(8, (0, 0.001112368, 3.0749e-5, 0.001143412)), (8, (1, 0.001096892, 3.6705e-5, 0.001133826))]), (62992, 16, 0.001775404, [(8, (0, 0.001417504, 6.826e-5, 0.001486013)), (8, (1, 0.001688325, 5.663e-5, 0.001745351))]), (63008, 15, 0.001451656, [(8, (0, 0.001414338, 3.6177e-5, 0.001450797)), (7, (1, 0.001255081, 4.717e-5, 0.001302498))]), (63024, 16, 0.001441592, [(8, (0, 0.001411104, 2.789e-5, 0.001439365)), (8, (1, 0.001142675, 3.5426e-5, 0.001178312))]), (63040, 16, 0.001169963, [(8, (0, 0.001130383, 3.7587e-5, 0.001168267)), (8, (1, 0.001073313, 8.9311e-5, 0.001162958))]), (63056, 14, 0.001161227, [(7, (0, 0.001122412, 3.7548e-5, 0.001160233)), (7, (1, 0.001033837, 4.3083e-5, 0.001077146))]), (63072, 16, 0.001324764, [(8, (0, 0.001175952, 2.7759e-5, 0.00120396)), (8, (1, 0.001261664, 3.3696e-5, 0.001295735))]), (63088, 16, 0.001790108, [(8, (0, 0.001757551, 3.1427e-5, 0.001789222)), (8, (1, 0.00174359, 4.1839e-5, 0.001785657))]), (63104, 13, 0.001305293, [(7, (0, 0.001268068, 3.6089e-5, 0.001304453)), (6, (1, 0.000979225, 5.0723e-5, 0.001030382))]), (63120, 16, 0.001607182, [(8, (0, 0.001570892, 3.5044e-5, 0.001606192)), (8, (1, 0.00151317, 4.9614e-5, 0.001563121))]), (63136, 16, 0.001241932, [(8, (0, 0.001215627, 2.527e-5, 0.001241116)), (8, (1, 0.001191971, 3.2191e-5, 0.001224416))]), (63152, 15, 0.00134462, [(8, (0, 0.001320932, 2.2586e-5, 0.001343766)), (7, (1, 0.001109945, 2.7604e-5, 0.001137836))]), (63168, 15, 0.001751902, [(8, (0, 0.001715341, 3.531e-5, 0.001750898)), (7, (1, 0.001458582, 5.1359e-5, 0.001510417))]), (63184, 14, 0.001126165, [(7, (0, 0.001104561, 2.0589e-5, 0.001125396)), (7, (1, 0.001018091, 3.601e-5, 0.001054427))]), (63200, 16, 0.001500589, [(8, (0, 0.00141447, 5.285e-5, 0.001467553)), (8, (1, 0.001406777, 7.5721e-5, 0.001482768))]), (63216, 16, 0.001344134, [(8, (0, 0.001232514, 2.0005e-5, 0.001252766)), (8, (1, 0.001217326, 7.413e-5, 0.001291892))]), (63232, 16, 0.001392511, [(8, (0, 0.001361078, 3.0164e-5, 0.001391533)), (8, (1, 0.001326336, 4.3335e-5, 0.001369883))]), (63248, 15, 0.001247694, [(8, (0, 0.001224697, 2.197e-5, 0.001246933)), (7, (1, 0.001059341, 2.8611e-5, 0.001088152))]), (63264, 16, 0.001460283, [(8, (0, 0.001394495, 3.8095e-5, 0.001432935)), (8, (1, 0.001403794, 4.3867e-5, 0.00144788))]), (63280, 14, 0.001365957, [(7, (0, 0.001333432, 3.1271e-5, 0.001365028)), (7, (1, 0.001071369, 3.6832e-5, 0.001108422))]), (63296, 16, 0.001351008, [(8, (0, 0.001270916, 2.2167e-5, 0.001293333)), (8, (1, 0.001283715, 3.8381e-5, 0.001322442))]), (63312, 15, 0.001201781, [(8, (0, 0.001172512, 2.8285e-5, 0.001201072)), (7, (1, 0.000998972, 3.9853e-5, 0.001039093))]), (63328, 16, 0.001196054, [(8, (0, 0.001170281, 2.4858e-5, 0.001195383)), (8, (1, 0.0011492, 3.0621e-5, 0.001180022))]), (63344, 16, 0.001268179, [(8, (0, 0.001248971, 1.82e-5, 0.00126739)), (8, (1, 0.001219954, 2.3765e-5, 0.001243929))]), (63360, 16, 0.001556355, [(8, (0, 0.00144242, 2.8453e-5, 0.001471112)), (8, (1, 0.001487191, 4.1042e-5, 0.001528544))]), (63376, 13, 0.001156591, [(7, (0, 0.001123425, 3.211e-5, 0.00115585)), (6, (1, 0.000955294, 4.2767e-5, 0.000998372))]), (63392, 16, 0.001351141, [(8, (0, 0.001289334, 2.046e-5, 0.001310032)), (8, (1, 0.001289365, 3.9457e-5, 0.001329248))]), (63408, 16, 0.001371385, [(8, (0, 0.001353227, 1.7015e-5, 0.001370494)), (8, (1, 0.001246736, 2.3423e-5, 0.001270449))]), (63424, 16, 0.001409407, [(8, (0, 0.00116067, 1.9811e-5, 0.001180712)), (8, (1, 0.001355712, 3.4659e-5, 0.001390788))]), (63440, 16, 0.001314856, [(8, (0, 0.001297694, 1.6161e-5, 0.001314087)), (8, (1, 0.001265539, 2.2522e-5, 0.001288325))]), (63456, 15, 0.001185416, [(8, (0, 0.001158774, 2.5011e-5, 0.001184015)), (7, (1, 0.001008617, 3.0804e-5, 0.001039637))]), (63472, 16, 0.001439815, [(8, (0, 0.001393119, 3.4581e-5, 0.001428036)), (8, (1, 0.001390936, 4.6784e-5, 0.001437979))]), (63488, 16, 0.001310137, [(8, (0, 0.001279455, 2.9324e-5, 0.001309006)), (8, (1, 0.001222972, 3.5417e-5, 0.001258602))]), (63504, 14, 0.001138018, [(7, (0, 0.001043069, 3.1488e-5, 0.001074859)), (7, (1, 0.001079754, 3.8014e-5, 0.001117964))]), (63520, 16, 0.00126772, [(8, (0, 0.001241855, 2.4368e-5, 0.001266634)), (8, (1, 0.001222809, 2.9175e-5, 0.001252274))]), (63536, 16, 0.001171952, [(8, (0, 0.001150458, 2.029e-5, 0.00117096)), (8, (1, 0.001114499, 2.6002e-5, 0.00114072))]), (63552, 16, 0.001456457, [(8, (0, 0.001349467, 1.7033e-5, 0.001366708)), (8, (1, 0.001333326, 8.7407e-5, 0.001421073))]), (63568, 11, 0.001907311, [(6, (0, 0.001873381, 3.2719e-5, 0.001906365)), (5, (1, 0.001492699, 4.4335e-5, 0.001537273))]), (63584, 10, 0.001277231, [(5, (0, 0.001235894, 4.0397e-5, 0.001276528)), (5, (1, 0.001167505, 8.1665e-5, 0.001249864))]), (63600, 16, 0.001477301, [(8, (0, 0.001447207, 2.7953e-5, 0.00147543)), (8, (1, 0.001409668, 3.3713e-5, 0.001443674))]), (63616, 16, 0.001452372, [(8, (0, 0.001411234, 3.8909e-5, 0.001450365)), (8, (1, 0.00138325, 4.7694e-5, 0.001431166))]), (63632, 13, 0.001386411, [(7, (0, 0.001351846, 3.3201e-5, 0.001385355)), (6, (1, 0.001160442, 6.1867e-5, 0.001222643))]), (63648, 15, 0.001810433, [(8, (0, 0.001778359, 3.0824e-5, 0.001809418)), (7, (1, 0.001458771, 8.4151e-5, 0.001543288))]), (63664, 15, 0.001245437, [(8, (0, 0.001215333, 2.9119e-5, 0.001244684)), (7, (1, 0.001097567, 4.4647e-5, 0.001142502))]), (63680, 16, 0.001298594, [(8, (0, 0.001274243, 2.3447e-5, 0.001297912)), (8, (1, 0.001263996, 3.0482e-5, 0.001294696))]), (63696, 15, 0.001027624, [(8, (0, 0.001004239, 2.2296e-5, 0.00102677)), (7, (1, 0.000852959, 2.8894e-5, 0.000882083))]), (63712, 16, 0.001404114, [(8, (0, 0.001370665, 3.2443e-5, 0.001403352)), (8, (1, 0.001357191, 3.9057e-5, 0.001396494))]), (63728, 15, 0.001348845, [(8, (0, 0.001326924, 2.0856e-5, 0.001348015)), (7, (1, 0.001106366, 4.5483e-5, 0.001152272))]), (63744, 16, 0.001274118, [(8, (0, 0.001253357, 1.9784e-5, 0.001273383)), (8, (1, 0.001146472, 3.4256e-5, 0.001181185))]), (63760, 15, 0.001595193, [(8, (0, 0.001384489, 2.6908e-5, 0.001411639)), (7, (1, 0.001528685, 4.2802e-5, 0.001571798))]), (63776, 15, 0.001851885, [(8, (0, 0.001819899, 3.0937e-5, 0.001851085)), (7, (1, 0.00111981, 4.5898e-5, 0.001166129))]), (63792, 16, 0.001545925, [(8, (0, 0.001409763, 2.9202e-5, 0.001439205)), (8, (1, 0.00142512, 7.2339e-5, 0.00149776))]), (63808, 16, 0.001236115, [(8, (0, 0.001195992, 3.8968e-5, 0.001235264)), (8, (1, 0.001104919, 4.5989e-5, 0.001151108))]), (63824, 14, 0.001373175, [(7, (0, 0.001012823, 3.0984e-5, 0.001044154)), (7, (1, 0.001243783, 3.6428e-5, 0.00128044))]), (63840, 15, 0.001354779, [(8, (0, 0.001319232, 3.4487e-5, 0.001353965)), (7, (1, 0.001146062, 8.9178e-5, 0.001235655))]), (63856, 16, 0.001880928, [(8, (0, 0.001853252, 2.6473e-5, 0.001879976)), (8, (1, 0.001379059, 3.7048e-5, 0.001416311))]), (63872, 15, 0.001302803, [(8, (0, 0.001274018, 2.6819e-5, 0.001301281)), (7, (1, 0.001060037, 3.4127e-5, 0.001094396))]), (63888, 15, 0.001357065, [(8, (0, 0.001319076, 3.6857e-5, 0.001356235)), (7, (1, 0.001103195, 4.2153e-5, 0.001145554))]), (63904, 16, 0.001482072, [(8, (0, 0.00145226, 2.8458e-5, 0.001480982)), (8, (1, 0.001444114, 3.354e-5, 0.001477859))]), (63920, 16, 0.001372773, [(8, (0, 0.001338298, 3.2782e-5, 0.001371304)), (8, (1, 0.001206688, 3.8679e-5, 0.001245731))]), (63936, 16, 0.001435616, [(8, (0, 0.001341667, 2.2929e-5, 0.00136482)), (8, (1, 0.001362309, 4.7739e-5, 0.001410495))]), (63952, 16, 0.001407655, [(8, (0, 0.00138323, 2.3418e-5, 0.001406871)), (8, (1, 0.001334808, 3.0653e-5, 0.001365683))]), (63968, 16, 0.001425575, [(8, (0, 0.001292742, 3.0121e-5, 0.001323093)), (8, (1, 0.00135929, 4.5286e-5, 0.001404968))]), (63984, 16, 0.001459371, [(8, (0, 0.001382641, 1.962e-5, 0.001402504)), (8, (1, 0.001351622, 6.6855e-5, 0.001418743))]), (64000, 14, 0.001169999, [(7, (0, 0.001106677, 2.9277e-5, 0.001136247)), (7, (1, 0.001115617, 3.5746e-5, 0.0011516))]), (64016, 11, 0.001053556, [(6, (0, 0.001025074, 2.7248e-5, 0.001052565)), (5, (1, 0.000859396, 3.3173e-5, 0.000892761))]), (64032, 15, 0.001403125, [(8, (0, 0.001371468, 3.0533e-5, 0.001402296)), (7, (1, 0.001015705, 4.7516e-5, 0.00106344))]), (64048, 16, 0.001639008, [(8, (0, 0.001522787, 3.6365e-5, 0.001559368)), (8, (1, 0.001562112, 5.2965e-5, 0.001615474))]), (64064, 16, 0.001423598, [(8, (0, 0.001388282, 2.9952e-5, 0.001418451)), (8, (1, 0.001379501, 4.2447e-5, 0.0014222))]), (64080, 16, 0.001125699, [(8, (0, 0.001102167, 2.2305e-5, 0.001124722)), (8, (1, 0.00108042, 3.4887e-5, 0.001115642))]), (64096, 15, 0.001309516, [(8, (0, 0.001286143, 2.1913e-5, 0.001308308)), (7, (1, 0.001094306, 2.7589e-5, 0.001122187))]), (64112, 16, 0.001357997, [(8, (0, 0.00131763, 3.8961e-5, 0.001356824)), (8, (1, 0.001249777, 4.7306e-5, 0.001297513))]), (64128, 16, 0.001198904, [(8, (0, 0.001127594, 1.9218e-5, 0.001147036)), (8, (1, 0.001145218, 3.3375e-5, 0.001178957))]), (64144, 16, 0.001588862, [(8, (0, 0.001293117, 1.7028e-5, 0.001310367)), (8, (1, 0.001525229, 2.2973e-5, 0.001548435))]), (64160, 7, 0.001772032, [(4, (0, 0.001738511, 3.2667e-5, 0.001771427)), (3, (1, 0.001461323, 3.815e-5, 0.001499712))]), (64176, 14, 0.001183098, [(7, (0, 0.001145516, 1.8915e-5, 0.001164664)), (7, (1, 0.001149446, 2.7691e-5, 0.001177392))]), (64192, 15, 0.001671514, [(8, (0, 0.00164868, 2.1771e-5, 0.00167068)), (7, (1, 0.001208125, 2.724e-5, 0.001235581))]), (64208, 8, 0.000712131, [(4, (0, 0.000616378, 2.1783e-5, 0.000638398)), (4, (1, 0.000638666, 2.8511e-5, 0.000667403))]), (64224, 15, 0.001196285, [(8, (0, 0.001126847, 2.1855e-5, 0.00114904)), (7, (1, 0.001139136, 3.5016e-5, 0.001174548))]), (64240, 14, 0.001214228, [(7, (0, 0.001182931, 3.0249e-5, 0.001213468)), (7, (1, 0.000981461, 3.7073e-5, 0.001018776))]), (64256, 15, 0.00182374, [(8, (0, 0.00177192, 3.3998e-5, 0.001806174)), (7, (1, 0.001778312, 4.12e-5, 0.001819752))]), (64272, 16, 0.001517935, [(8, (0, 0.001480518, 3.5963e-5, 0.001516713)), (8, (1, 0.001446725, 4.3623e-5, 0.001490552))]), (64288, 16, 0.001588606, [(8, (0, 0.001549668, 3.7466e-5, 0.001587451)), (8, (1, 0.001498944, 4.4109e-5, 0.001543311))]), (64304, 16, 0.001576776, [(8, (0, 0.001537917, 3.4421e-5, 0.001572659)), (8, (1, 0.001533955, 4.0029e-5, 0.001574195))]), (64320, 16, 0.001648097, [(8, (0, 0.001471331, 2.5776e-5, 0.00149738)), (8, (1, 0.001536037, 3.4512e-5, 0.001571493))]), (64336, 16, 0.001540817, [(8, (0, 0.001495891, 4.2143e-5, 0.001538313)), (8, (1, 0.00145619, 5.1485e-5, 0.001507947))]), (64352, 14, 0.001462025, [(7, (0, 0.001415771, 4.4736e-5, 0.001460756)), (7, (1, 0.001325096, 6.5078e-5, 0.001390775))]), (64368, 16, 0.001307236, [(8, (0, 0.001276562, 2.8664e-5, 0.001305462)), (8, (1, 0.001241053, 3.7083e-5, 0.001278385))]), (64384, 16, 0.001577786, [(8, (0, 0.001532829, 4.3304e-5, 0.001576386)), (8, (1, 0.001406901, 6.5028e-5, 0.001472253))]), (64400, 15, 0.002052508, [(8, (0, 0.002012779, 3.8671e-5, 0.002051689)), (7, (1, 0.001292036, 5.5421e-5, 0.001347797))]), (64416, 14, 0.001850507, [(7, (0, 0.001626755, 3.7298e-5, 0.001664317)), (7, (1, 0.001764618, 6.1475e-5, 0.001826514))]), (64432, 16, 0.001661355, [(8, (0, 0.001620458, 3.9365e-5, 0.001660041)), (8, (1, 0.001611402, 4.6979e-5, 0.001658716))]), (64448, 13, 0.001617004, [(7, (0, 0.001585396, 3.0735e-5, 0.001616437)), (6, (1, 0.001022663, 3.819e-5, 0.001061094))]), (64464, 16, 0.00163444, [(8, (0, 0.001601739, 3.152e-5, 0.001633528)), (8, (1, 0.001300315, 5.537e-5, 0.001355977))]), (64480, 16, 0.001352106, [(8, (0, 0.001317305, 3.3806e-5, 0.001351311)), (8, (1, 0.001058491, 6.0667e-5, 0.001119687))]), (64496, 15, 0.001328567, [(8, (0, 0.001302224, 2.542e-5, 0.001327867)), (7, (1, 0.001062718, 4.6946e-5, 0.001109987))]), (64512, 16, 0.001413709, [(8, (0, 0.001191066, 1.8848e-5, 0.001210134)), (8, (1, 0.001361433, 2.6672e-5, 0.001388359))]), (64528, 15, 0.001789177, [(8, (0, 0.001751615, 3.5542e-5, 0.001787519)), (7, (1, 0.001173882, 4.5663e-5, 0.001219776))]), (64544, 13, 0.001744386, [(7, (0, 0.001709753, 3.3436e-5, 0.001743506)), (6, (1, 0.00107152, 5.6609e-5, 0.001128423))]), (64560, 16, 0.001252905, [(8, (0, 0.001231011, 2.0935e-5, 0.001252163)), (8, (1, 0.001142206, 4.7734e-5, 0.001190219))]), (64576, 15, 0.001628303, [(8, (0, 0.001598479, 2.8581e-5, 0.001627338)), (7, (1, 0.001137133, 4.771e-5, 0.001185277))]), (64592, 16, 0.001161822, [(8, (0, 0.001004171, 2.829e-5, 0.001032671)), (8, (1, 0.001057461, 8.1552e-5, 0.001139323))]), (64608, 15, 0.001615082, [(8, (0, 0.001589965, 2.3866e-5, 0.001614055)), (7, (1, 0.001548332, 3.024e-5, 0.00157883))]), (64624, 15, 0.001407936, [(8, (0, 0.001384501, 2.1392e-5, 0.001406223)), (7, (1, 0.001063558, 4.8857e-5, 0.001112997))]), (64640, 16, 0.001961451, [(8, (0, 0.001348902, 3.6567e-5, 0.001385709)), (8, (1, 0.001794366, 6.3653e-5, 0.001858616))]), (64656, 16, 0.001390249, [(8, (0, 0.001065511, 5.4191e-5, 0.00111995)), (8, (1, 0.00123234, 6.8486e-5, 0.001301272))]), (64672, 14, 0.001651575, [(7, (0, 0.001612472, 3.6629e-5, 0.001649377)), (7, (1, 0.001325149, 5.317e-5, 0.001378727))]), (64688, 15, 0.001341819, [(8, (0, 0.001305645, 3.3613e-5, 0.00133952)), (7, (1, 0.001147494, 7.9003e-5, 0.001226827))]), (64704, 13, 0.001377523, [(7, (0, 0.001138317, 4.3336e-5, 0.001181884)), (6, (1, 0.00129032, 5.5813e-5, 0.001346396))]), (64720, 16, 0.001250428, [(8, (0, 0.001225131, 2.4184e-5, 0.001249592)), (8, (1, 0.001091477, 4.6483e-5, 0.001138457))]), (64736, 16, 0.00178302, [(8, (0, 0.001748953, 3.3114e-5, 0.001782279)), (8, (1, 0.001456624, 7.174e-5, 0.001529327))]), (64752, 16, 0.001617352, [(8, (0, 0.001520117, 3.3321e-5, 0.001553714)), (8, (1, 0.001553132, 4.3319e-5, 0.001596819))]), (64768, 13, 0.001501331, [(7, (0, 0.001471984, 2.5971e-5, 0.001498419)), (6, (1, 0.00122736, 4.5376e-5, 0.001273201))]), (64784, 15, 0.001368694, [(8, (0, 0.001326472, 3.9389e-5, 0.001366128)), (7, (1, 0.001113205, 4.6176e-5, 0.001159607))]), (64800, 15, 0.001652621, [(8, (0, 0.001613109, 3.7708e-5, 0.001651102)), (7, (1, 0.001418154, 9.1235e-5, 0.001509719))]), (64816, 14, 0.001397748, [(7, (0, 0.001354185, 4.1461e-5, 0.001395914)), (7, (1, 0.001200725, 5.0225e-5, 0.001251292))]), (64832, 15, 0.001176294, [(8, (0, 0.001137438, 3.7569e-5, 0.001175209)), (7, (1, 0.00095227, 7.4057e-5, 0.001026645))]), (64848, 16, 0.001368265, [(8, (0, 0.00122544, 2.7133e-5, 0.001252788)), (8, (1, 0.001264108, 4.219e-5, 0.001306608))]), (64864, 1, 0.000319214, [(1, (0, 0.000288251, 3.0227e-5, 0.000318738)), (0, (1, 1.22e-7, 4.7363e-5, 4.78e-5))]), (64880, 5, 0.000414962, [(3, (0, 0.0003924, 2.1826e-5, 0.000414474)), (2, (1, 0.000310911, 2.6917e-5, 0.000338072))]), (64896, 15, 0.001349269, [(8, (0, 0.001317506, 2.8656e-5, 0.001346418)), (7, (1, 0.001061778, 3.4041e-5, 0.001096042))]), (64912, 14, 0.001862905, [(7, (0, 0.001131473, 4.252e-5, 0.001174213)), (7, (1, 0.001773644, 5.9578e-5, 0.001833486))]), (64928, 16, 0.001818824, [(8, (0, 0.001664285, 2.6819e-5, 0.001691327)), (8, (1, 0.001760775, 3.3306e-5, 0.00179427))]), (64944, 16, 0.001057985, [(8, (0, 0.001025901, 3.0874e-5, 0.001057006)), (8, (1, 0.001003923, 3.7898e-5, 0.001042006))]), (64960, 16, 0.001537656, [(8, (0, 0.001503532, 3.2944e-5, 0.001536696)), (8, (1, 0.001306893, 3.9836e-5, 0.001346999))]), (64976, 16, 0.00140538, [(8, (0, 0.001191301, 4.7308e-5, 0.001238835)), (8, (1, 0.001312899, 6.9997e-5, 0.001383113))]), (64992, 16, 0.001249123, [(8, (0, 0.001150556, 2.2364e-5, 0.001173121)), (8, (1, 0.001201863, 2.829e-5, 0.001230372))]), (65008, 16, 0.001165606, [(8, (0, 0.001141245, 2.3295e-5, 0.00116476)), (8, (1, 0.001117442, 2.9102e-5, 0.001146729))]), (65024, 16, 0.001584408, [(8, (0, 0.001433675, 3.3325e-5, 0.001467228)), (8, (1, 0.001522529, 3.9857e-5, 0.001562609))]), (65040, 13, 0.001597074, [(7, (0, 0.001566643, 2.9145e-5, 0.001596213)), (6, (1, 0.000975304, 3.5562e-5, 0.001011173))]), (65056, 16, 0.002165837, [(8, (0, 0.002140511, 2.3635e-5, 0.002164376)), (8, (1, 0.001778195, 4.2788e-5, 0.001821257))]), (65072, 16, 0.001537544, [(8, (0, 0.00149976, 3.6523e-5, 0.001536508)), (8, (1, 0.001421502, 4.9724e-5, 0.001471427))]), (65088, 15, 0.001624644, [(8, (0, 0.001596477, 2.7219e-5, 0.001623926)), (7, (1, 0.001478442, 8.851e-5, 0.001567603))]), (65104, 15, 0.001323583, [(8, (0, 0.001288721, 3.3742e-5, 0.001322714)), (7, (1, 0.001242411, 4.2269e-5, 0.001284931))]), (65120, 16, 0.001434137, [(8, (0, 0.001408717, 2.4367e-5, 0.001433312)), (8, (1, 0.00122995, 4.6291e-5, 0.001276691))]), (65136, 15, 0.00192639, [(8, (0, 0.001900568, 2.4517e-5, 0.001925326)), (7, (1, 0.001341, 3.1863e-5, 0.001373131))]), (65152, 15, 0.001398154, [(8, (0, 0.001372109, 2.4726e-5, 0.001397049)), (7, (1, 0.001315179, 6.0618e-5, 0.001376313))]), (65168, 16, 0.001171152, [(8, (0, 0.001152207, 1.7767e-5, 0.001170197)), (8, (1, 0.001132041, 3.5892e-5, 0.001168333))]), (65184, 14, 0.001139445, [(7, (0, 0.001062841, 2.4936e-5, 0.001088057)), (7, (1, 0.001076545, 3.2047e-5, 0.001108808))]), (65200, 16, 0.001310453, [(8, (0, 0.001001648, 2.8894e-5, 0.001030775)), (8, (1, 0.001051335, 3.5775e-5, 0.001087328))]), (65216, 16, 0.001574924, [(8, (0, 0.001528815, 4.4518e-5, 0.001573608)), (8, (1, 0.001444827, 5.027e-5, 0.001495375))]), (65232, 16, 0.001585994, [(8, (0, 0.001542587, 4.1672e-5, 0.001584603)), (8, (1, 0.001506192, 4.7876e-5, 0.00155438))]), (65248, 14, 0.001233846, [(7, (0, 0.001198397, 3.2225e-5, 0.001230952)), (7, (1, 0.001089092, 3.8255e-5, 0.001127558))]), (65264, 16, 0.001531734, [(8, (0, 0.001479686, 5.0608e-5, 0.001530557)), (8, (1, 0.001369349, 5.6872e-5, 0.001426429))]), (65280, 15, 0.001492416, [(8, (0, 0.001459169, 3.2189e-5, 0.001491618)), (7, (1, 0.001285341, 4.1085e-5, 0.001326724))]), (65296, 15, 0.00112856, [(8, (0, 0.001101229, 2.6432e-5, 0.0011279)), (7, (1, 0.000941265, 3.7275e-5, 0.000978886))]), (65312, 15, 0.001054021, [(8, (0, 0.001016721, 3.636e-5, 0.001053303)), (7, (1, 0.000882132, 6.3302e-5, 0.000945801))]), (65328, 4, 0.000686136, [(2, (0, 0.000259603, 2.3455e-5, 0.000283348)), (2, (1, 0.000542556, 3.1181e-5, 0.00057401))]), (65344, 15, 0.001505335, [(8, (0, 0.001471682, 3.2367e-5, 0.001504302)), (7, (1, 0.001103498, 4.0169e-5, 0.001143899))]), (65360, 16, 0.001455684, [(8, (0, 0.001238218, 3.0315e-5, 0.001268831)), (8, (1, 0.001357821, 4.2954e-5, 0.001401008))]), (65376, 16, 0.001756111, [(8, (0, 0.001712948, 4.0302e-5, 0.001753568)), (8, (1, 0.001255349, 5.369e-5, 0.001309277))]), (65392, 16, 0.001218205, [(8, (0, 0.001184441, 3.2535e-5, 0.001217169)), (8, (1, 0.001130133, 4.5851e-5, 0.001176353))]), (65408, 14, 0.00131563, [(7, (0, 0.001064011, 3.8757e-5, 0.001102989)), (7, (1, 0.001209338, 5.6697e-5, 0.00126637))]), (65424, 14, 0.00168408, [(7, (0, 0.001275971, 3.5639e-5, 0.001311974)), (7, (1, 0.001586461, 4.4626e-5, 0.001631358))]), (65440, 13, 0.001999899, [(7, (0, 0.00195893, 3.9051e-5, 0.001998249)), (6, (1, 0.001549106, 9.3058e-5, 0.001642398))]), (65456, 15, 0.001687558, [(8, (0, 0.001655145, 3.0534e-5, 0.001685935)), (7, (1, 0.001458035, 5.3559e-5, 0.001511936))]), (65472, 15, 0.002366338, [(8, (0, 0.002324372, 4.0804e-5, 0.002365436)), (7, (1, 0.002034279, 5.4077e-5, 0.002088608))]), (65488, 15, 0.002331095, [(8, (0, 0.002292822, 3.7336e-5, 0.002330406)), (7, (1, 0.00193217, 5.5058e-5, 0.001987492))]), (65504, 14, 0.001651466, [(7, (0, 0.001617097, 3.327e-5, 0.001650772)), (7, (1, 0.001512737, 5.8167e-5, 0.001571279))]), (65520, 13, 0.001740083, [(7, (0, 0.001704505, 3.4342e-5, 0.001739093)), (6, (1, 0.001457178, 4.2643e-5, 0.001500169))]), (65536, 13, 0.001938502, [(7, (0, 0.001908698, 2.8505e-5, 0.001937553)), (6, (1, 0.001278798, 3.5023e-5, 0.001314046))]), (65552, 15, 0.002175975, [(8, (0, 0.002149208, 2.5633e-5, 0.002175133)), (7, (1, 0.001889528, 4.0377e-5, 0.001930262))]), (65568, 16, 0.002478704, [(8, (0, 0.002326538, 3.0772e-5, 0.002357544)), (8, (1, 0.002342999, 4.3188e-5, 0.002386427))]), (65584, 13, 0.001797745, [(7, (0, 0.001755063, 4.0119e-5, 0.001795498)), (6, (1, 0.001348066, 5.6209e-5, 0.001404719))]), (65600, 15, 0.00200287, [(8, (0, 0.001961206, 3.9098e-5, 0.002000551)), (7, (1, 0.00153643, 8.933e-5, 0.001626067))]), (65616, 13, 0.001654437, [(7, (0, 0.001510145, 3.799e-5, 0.001548366)), (6, (1, 0.001503587, 0.00011169, 0.001616344))]), (65632, 15, 0.002389482, [(8, (0, 0.002346227, 4.0368e-5, 0.002386895)), (7, (1, 0.001960397, 5.403e-5, 0.002014665))]), (65648, 15, 0.002087585, [(8, (0, 0.002035133, 5.0559e-5, 0.002085938)), (7, (1, 0.001774062, 8.1324e-5, 0.001855858))]), (65664, 13, 0.001665935, [(7, (0, 0.001622366, 4.2491e-5, 0.001665095)), (6, (1, 0.00136885, 0.000105653, 0.001474916))]), (65680, 14, 0.001834726, [(7, (0, 0.001803253, 3.0394e-5, 0.00183393)), (7, (1, 0.001550012, 0.000107816, 0.001658137))]), (65696, 15, 0.001691786, [(8, (0, 0.001662739, 2.8002e-5, 0.001690962)), (7, (1, 0.001624537, 5.1196e-5, 0.001676146))]), (65712, 12, 0.001414887, [(6, (0, 0.001386723, 2.7086e-5, 0.00141403)), (6, (1, 0.00127636, 5.782e-5, 0.001334485))]), (65728, 14, 0.001925885, [(7, (0, 0.001654038, 4.2429e-5, 0.001696699)), (7, (1, 0.00184226, 5.8567e-5, 0.001901033))]), (65744, 15, 0.002105789, [(8, (0, 0.002079045, 2.5717e-5, 0.002105024)), (7, (1, 0.001944576, 3.1646e-5, 0.001976449))]), (65760, 15, 0.002292972, [(8, (0, 0.002261551, 3.052e-5, 0.002292302)), (7, (1, 0.002068386, 3.6281e-5, 0.002104895))]), (65776, 15, 0.001935701, [(8, (0, 0.001904167, 3.055e-5, 0.001934934)), (7, (1, 0.001895674, 3.6702e-5, 0.001932582))]), (65792, 11, 0.001527102, [(6, (0, 0.001498094, 2.8003e-5, 0.00152634)), (5, (1, 0.001177487, 3.421e-5, 0.001211981))]), (65808, 7, 0.001161838, [(4, (0, 0.00113831, 2.2652e-5, 0.001161199)), (3, (1, 0.000736825, 4.3956e-5, 0.000781017))]), (65824, 12, 0.001754736, [(6, (0, 0.001721753, 3.1944e-5, 0.001753949)), (6, (1, 0.001427846, 5.189e-5, 0.001480021))]), (65840, 15, 0.002183961, [(8, (0, 0.002156501, 2.6458e-5, 0.002183196)), (7, (1, 0.001646117, 4.3403e-5, 0.001689834))]), (65856, 15, 0.002043225, [(8, (0, 0.001871412, 3.3163e-5, 0.001904838)), (7, (1, 0.001923828, 5.7591e-5, 0.001981754))]), (65872, 12, 0.001147284, [(6, (0, 0.001107621, 3.8545e-5, 0.001146404)), (6, (1, 0.001060709, 5.2317e-5, 0.00111342))]), (65888, 16, 0.002232458, [(8, (0, 0.002193958, 3.5082e-5, 0.002229439)), (8, (1, 0.0018749, 6.2706e-5, 0.001937921))]), (65904, 14, 0.001363259, [(7, (0, 0.00131986, 4.2162e-5, 0.001362283)), (7, (1, 0.001289646, 5.2931e-5, 0.001342789))]), (65920, 15, 0.002002502, [(8, (0, 0.001964386, 3.6681e-5, 0.002001302)), (7, (1, 0.001882139, 7.953e-5, 0.001962214))]), (65936, 16, 0.002521678, [(8, (0, 0.002479076, 4.1374e-5, 0.002520669)), (8, (1, 0.002392318, 5.3535e-5, 0.002446193))]), (65952, 13, 0.001964332, [(7, (0, 0.001929421, 3.3723e-5, 0.001963363)), (6, (1, 0.001402114, 4.316e-5, 0.001445523))]), (65968, 16, 0.002431405, [(8, (0, 0.002233808, 2.8668e-5, 0.002262707)), (8, (1, 0.002352337, 5.0869e-5, 0.00240371))]), (65984, 15, 0.002350358, [(8, (0, 0.002320088, 2.857e-5, 0.002348907)), (7, (1, 0.002201292, 3.7225e-5, 0.002238775))]), (66000, 15, 0.001877493, [(8, (0, 0.001850727, 2.5338e-5, 0.001876305)), (7, (1, 0.001667746, 4.3266e-5, 0.001711259))]), (66016, 10, 0.000975238, [(5, (0, 0.000935455, 3.8763e-5, 0.000974455)), (5, (1, 0.000873977, 4.6547e-5, 0.00092082))]), (66032, 16, 0.001358679, [(8, (0, 0.001109925, 2.5846e-5, 0.001136014)), (8, (1, 0.001263164, 3.2149e-5, 0.001295616))]), (66048, 16, 0.001309115, [(8, (0, 0.001281675, 2.6154e-5, 0.001308104)), (8, (1, 0.001218316, 3.4826e-5, 0.001253355))]), (66064, 15, 0.001737625, [(8, (0, 0.00169228, 4.1469e-5, 0.001734124)), (7, (1, 0.001276208, 4.8421e-5, 0.001324845))]), (66080, 15, 0.001847538, [(8, (0, 0.00179445, 5.0251e-5, 0.001845025)), (7, (1, 0.001688179, 8.4515e-5, 0.001773009))]), (66096, 15, 0.001980872, [(8, (0, 0.001934547, 4.4259e-5, 0.001979078)), (7, (1, 0.001085798, 6.1236e-5, 0.001147389))]), (66112, 15, 0.001750829, [(8, (0, 0.001696666, 3.5014e-5, 0.001732182)), (7, (1, 0.001688847, 5.9015e-5, 0.001748503))]), (66128, 16, 0.001168158, [(8, (0, 0.001006653, 4.8605e-5, 0.001055702)), (8, (1, 0.001080915, 6.4343e-5, 0.001145632))]), (66144, 15, 0.001341645, [(8, (0, 0.001290619, 4.9677e-5, 0.001340593)), (7, (1, 0.001107889, 6.4297e-5, 0.001172559))]), (66160, 15, 0.001737834, [(8, (0, 0.001688623, 4.7328e-5, 0.001736212)), (7, (1, 0.001305038, 6.1451e-5, 0.001366789))]), (66176, 16, 0.002314214, [(8, (0, 0.001811582, 4.0253e-5, 0.001852388)), (8, (1, 0.002167188, 6.3291e-5, 0.00223097))]), (66192, 11, 0.002197061, [(6, (0, 0.002150708, 4.357e-5, 0.002194722)), (5, (1, 0.00194635, 5.7877e-5, 0.002004629))]), (66208, 16, 0.001996963, [(8, (0, 0.0016868, 4.7015e-5, 0.001734055)), (8, (1, 0.00187165, 9.7515e-5, 0.001970371))]), (66224, 16, 0.002151398, [(8, (0, 0.001864228, 2.9187e-5, 0.001893667)), (8, (1, 0.002045155, 5.4051e-5, 0.002100535))]), (66240, 15, 0.001854329, [(8, (0, 0.001824945, 2.6227e-5, 0.001851551)), (7, (1, 0.001570193, 3.9468e-5, 0.001609924))]), (66256, 15, 0.00155221, [(8, (0, 0.00150491, 4.6048e-5, 0.001551231)), (7, (1, 0.001267783, 5.6045e-5, 0.001324078))]), (66272, 16, 0.00206962, [(8, (0, 0.001923434, 4.1144e-5, 0.001964879)), (8, (1, 0.001993914, 4.9671e-5, 0.00204384))]), (66288, 16, 0.002361467, [(8, (0, 0.002298986, 3.6759e-5, 0.002335983)), (8, (1, 0.002309662, 4.2098e-5, 0.00235197))]), (66304, 15, 0.002167447, [(8, (0, 0.002135415, 3.1006e-5, 0.002166689)), (7, (1, 0.001720594, 3.8657e-5, 0.001759522))]), (66320, 16, 0.002192955, [(8, (0, 0.00214718, 2.4937e-5, 0.002172344)), (8, (1, 0.002146044, 3.7769e-5, 0.002184468))]), (66336, 14, 0.001910568, [(7, (0, 0.001702914, 2.7891e-5, 0.001731049)), (7, (1, 0.001811337, 5.6592e-5, 0.00186837))]), (66352, 14, 0.001837005, [(7, (0, 0.001796576, 3.8982e-5, 0.001835813)), (7, (1, 0.001734269, 5.579e-5, 0.001790272))]), (66368, 14, 0.001846795, [(7, (0, 0.001611374, 3.4206e-5, 0.001661149)), (7, (1, 0.001721567, 3.7723e-5, 0.001759495))]), (66384, 15, 0.001731859, [(8, (0, 0.001688428, 4.0965e-5, 0.001729752)), (7, (1, 0.001427832, 4.8205e-5, 0.001476304))]), (66400, 15, 0.001810475, [(8, (0, 0.001774735, 3.3667e-5, 0.001808653)), (7, (1, 0.001605153, 4.9341e-5, 0.001654739))]), (66416, 14, 0.001489711, [(7, (0, 0.00145918, 2.9198e-5, 0.001488605)), (7, (1, 0.001329389, 3.5316e-5, 0.00136493))]), (66432, 14, 0.001515109, [(7, (0, 0.001193848, 3.389e-5, 0.001228023)), (7, (1, 0.001317999, 0.000114427, 0.001432974))]), (66448, 16, 0.001046953, [(8, (0, 0.001020941, 2.4892e-5, 0.001046132)), (8, (1, 0.000954279, 3.2659e-5, 0.000987186))]), (66464, 16, 0.001078277, [(8, (0, 0.001052402, 2.1965e-5, 0.001074783)), (8, (1, 0.000920814, 2.857e-5, 0.000949663))]), (66480, 16, 0.001297611, [(8, (0, 0.001246682, 4.9195e-5, 0.001296132)), (8, (1, 0.000925155, 6.0733e-5, 0.000986108))]), (66496, 16, 0.001140629, [(8, (0, 0.00086673, 2.8257e-5, 0.000895218)), (8, (1, 0.000951756, 4.8378e-5, 0.001000461))]), (66512, 15, 0.001646581, [(8, (0, 0.001604309, 4.0726e-5, 0.001645296)), (7, (1, 0.001199912, 4.6477e-5, 0.001246622))]), (66528, 16, 0.001421074, [(8, (0, 0.001375948, 4.3505e-5, 0.001419683)), (8, (1, 0.001350782, 6.2521e-5, 0.001413598))]), (66544, 11, 0.0010796, [(6, (0, 0.000981639, 4.5109e-5, 0.001026974)), (5, (1, 0.000956057, 9.2749e-5, 0.001049191))]), (66560, 13, 0.001134258, [(7, (0, 0.001093405, 3.9893e-5, 0.001133519)), (6, (1, 0.000708736, 5.1209e-5, 0.00076025))]), (66576, 16, 0.000940958, [(8, (0, 0.00091223, 2.7661e-5, 0.000940116)), (8, (1, 0.000863252, 3.326e-5, 0.000896749))]), (66592, 16, 0.001734777, [(8, (0, 0.00155039, 3.6409e-5, 0.001587018)), (8, (1, 0.001646997, 6.3292e-5, 0.001710641))]), (66608, 15, 0.002488149, [(8, (0, 0.002453139, 3.3023e-5, 0.00248638)), (7, (1, 0.001575832, 4.939e-5, 0.001625653))]), (66624, 15, 0.002006233, [(8, (0, 0.001967173, 3.7957e-5, 0.002005368)), (7, (1, 0.001741431, 5.9564e-5, 0.00180146))]), (66640, 15, 0.001880154, [(8, (0, 0.001845027, 3.3562e-5, 0.001878833)), (7, (1, 0.001385686, 4.8219e-5, 0.00143418))]), (66656, 16, 0.002161613, [(8, (0, 0.001932372, 3.4084e-5, 0.001966751)), (8, (1, 0.002069163, 6.5237e-5, 0.002135095))]), (66672, 16, 0.001657897, [(8, (0, 0.001397941, 3.4423e-5, 0.001432594)), (8, (1, 0.001561145, 4.2114e-5, 0.001603539))]), (66688, 15, 0.001864305, [(8, (0, 0.001764997, 3.7897e-5, 0.001803417)), (7, (1, 0.001775459, 6.3346e-5, 0.001839111))]), (66704, 16, 0.001453451, [(8, (0, 0.001411314, 4.0441e-5, 0.001452005)), (8, (1, 0.001196478, 5.1197e-5, 0.001247917))]), (66720, 16, 0.002288977, [(8, (0, 0.002233029, 5.2284e-5, 0.002285602)), (8, (1, 0.00203425, 7.2681e-5, 0.002107379))]), (66736, 15, 0.001842791, [(8, (0, 0.001797193, 4.3385e-5, 0.001840869)), (7, (1, 0.00150638, 5.1503e-5, 0.001558098))]), (66752, 16, 0.001597565, [(8, (0, 0.001548549, 4.7169e-5, 0.001595946)), (8, (1, 0.001472921, 6.8293e-5, 0.001541477))]), (66768, 16, 0.001614751, [(8, (0, 0.001385812, 4.1083e-5, 0.001427264)), (8, (1, 0.001514486, 6.1599e-5, 0.001576583))]), (66784, 14, 0.002039133, [(7, (0, 0.001559094, 3.8212e-5, 0.001597593)), (7, (1, 0.001914042, 4.6616e-5, 0.001960927))]), (66800, 16, 0.001635778, [(8, (0, 0.00159182, 4.0533e-5, 0.00163263)), (8, (1, 0.001450392, 5.5082e-5, 0.001505735))]), (66816, 16, 0.001706154, [(8, (0, 0.00165491, 4.9307e-5, 0.001704471)), (8, (1, 0.001383756, 6.0906e-5, 0.001444971))]), (66832, 15, 0.001811271, [(8, (0, 0.00177831, 3.147e-5, 0.001810016)), (7, (1, 0.00170511, 3.9294e-5, 0.001744658))]), (66848, 16, 0.001511447, [(8, (0, 0.001474206, 3.575e-5, 0.001510175)), (8, (1, 0.001430991, 4.1946e-5, 0.001473122))]), (66864, 15, 0.002160463, [(8, (0, 0.002125197, 3.4078e-5, 0.002159495)), (7, (1, 0.001591635, 4.0637e-5, 0.001632491))]), (66880, 16, 0.00172425, [(8, (0, 0.001616601, 2.939e-5, 0.001646261)), (8, (1, 0.001648342, 4.9837e-5, 0.001698441))]), (66896, 16, 0.001889035, [(8, (0, 0.001852975, 3.4539e-5, 0.001887782)), (8, (1, 0.001794694, 4.0172e-5, 0.001835095))]), (66912, 16, 0.00391027, [(8, (0, 0.003870365, 3.873e-5, 0.003909341)), (8, (1, 0.003629121, 4.5633e-5, 0.003675002))]), (66928, 15, 0.001697871, [(8, (0, 0.001650893, 4.5712e-5, 0.00169684)), (7, (1, 0.001442938, 8.417e-5, 0.001527867))]), (66944, 16, 0.00175434, [(8, (0, 0.001668373, 3.3331e-5, 0.001701996)), (8, (1, 0.00163033, 9.4644e-5, 0.001725604))]), (66960, 16, 0.004857973, [(8, (0, 0.004819997, 3.482e-5, 0.004855468)), (8, (1, 0.004112472, 4.211e-5, 0.004154818))]), (66976, 15, 0.002125738, [(8, (0, 0.001973612, 5.1687e-5, 0.002025523)), (7, (1, 0.001972688, 0.00012478, 0.002098322))]), (66992, 16, 0.001701937, [(8, (0, 0.001665623, 3.5069e-5, 0.001700929)), (8, (1, 0.001456276, 4.6243e-5, 0.001502745))]), (67008, 14, 0.001497267, [(7, (0, 0.001331842, 3.1327e-5, 0.001363412)), (7, (1, 0.001386549, 4.803e-5, 0.001434864))]), (67024, 16, 0.001883568, [(8, (0, 0.00184761, 3.1212e-5, 0.001879108)), (8, (1, 0.001638749, 3.861e-5, 0.001677588))]), (67040, 16, 0.002237969, [(8, (0, 0.002199112, 3.6452e-5, 0.002235831)), (8, (1, 0.002182849, 4.8423e-5, 0.002231473))]), (67056, 12, 0.001172104, [(6, (0, 0.001146342, 2.3831e-5, 0.001170424)), (6, (1, 0.001045957, 8.4828e-5, 0.001131088))]), (67072, 16, 0.001165916, [(8, (0, 0.000987123, 2.3998e-5, 0.001011427)), (8, (1, 0.001072562, 4.116e-5, 0.001114072))]), (67088, 16, 0.001227296, [(8, (0, 0.001159739, 4.9618e-5, 0.001209624)), (8, (1, 0.001156599, 6.3916e-5, 0.00122076))]), (67104, 16, 0.00119574, [(8, (0, 0.001172025, 2.1077e-5, 0.001193328)), (8, (1, 0.001094041, 3.4391e-5, 0.001128757))]), (67120, 16, 0.001227382, [(8, (0, 0.001075412, 2.5118e-5, 0.001100753)), (8, (1, 0.001087212, 3.0777e-5, 0.001118206))]), (67136, 15, 0.00192103, [(8, (0, 0.001593595, 4.7052e-5, 0.001641018)), (7, (1, 0.001825018, 6.9484e-5, 0.001894778))]), (67152, 15, 0.002364882, [(8, (0, 0.002325165, 3.8096e-5, 0.002363501)), (7, (1, 0.001382666, 8.9855e-5, 0.001472771))]), (67168, 16, 0.001603854, [(8, (0, 0.001567245, 3.2782e-5, 0.001600375)), (8, (1, 0.001433951, 5.2591e-5, 0.001486836))]), (67184, 14, 0.001589885, [(7, (0, 0.001465985, 6.1216e-5, 0.001527659)), (7, (1, 0.001480556, 7.8242e-5, 0.001559096))]), (67200, 15, 0.001864031, [(8, (0, 0.001679838, 3.4147e-5, 0.001714247)), (7, (1, 0.001797473, 4.8756e-5, 0.001846605))]), (67216, 15, 0.002325454, [(8, (0, 0.002288793, 3.4367e-5, 0.002323405)), (7, (1, 0.002069198, 4.0688e-5, 0.002110181))]), (67232, 15, 0.002716006, [(8, (0, 0.002676833, 3.7338e-5, 0.002714392)), (7, (1, 0.001950592, 6.2066e-5, 0.002013108))]), (67248, 16, 0.003057353, [(8, (0, 0.003028916, 2.6907e-5, 0.003056063)), (8, (1, 0.002616607, 4.7762e-5, 0.002664709))]), (67264, 16, 0.002241474, [(8, (0, 0.001602432, 3.5573e-5, 0.001638222)), (8, (1, 0.00197493, 0.000117617, 0.002092985))]), (67280, 16, 0.002543938, [(8, (0, 0.002505067, 3.5184e-5, 0.00254077)), (8, (1, 0.00171164, 4.2655e-5, 0.001754679))]), (67296, 16, 0.00166535, [(8, (0, 0.001283185, 4.7107e-5, 0.001330549)), (8, (1, 0.001509372, 6.5505e-5, 0.001575178))]), (67312, 16, 0.001504559, [(8, (0, 0.001353952, 3.3849e-5, 0.001388116)), (8, (1, 0.001420446, 3.9442e-5, 0.001460151))]), (67328, 15, 0.001526482, [(8, (0, 0.001428677, 3.6897e-5, 0.001465846)), (7, (1, 0.001465861, 4.1846e-5, 0.001507928))]), (67344, 16, 0.001385515, [(8, (0, 0.001294911, 3.1405e-5, 0.001326644)), (8, (1, 0.001318885, 4.4483e-5, 0.001363631))]), (67360, 16, 0.001389032, [(8, (0, 0.00121276, 2.8155e-5, 0.001241232)), (8, (1, 0.001249899, 9.6484e-5, 0.001346695))]), (67376, 16, 0.001164784, [(8, (0, 0.001132272, 3.0862e-5, 0.001163394)), (8, (1, 0.001098759, 4.5899e-5, 0.001145052))]), (67392, 15, 0.00108607, [(8, (0, 0.001054103, 3.0129e-5, 0.001084478)), (7, (1, 0.000867347, 3.7572e-5, 0.000905205))]), (67408, 1, 0.000122814, [(1, (0, 0.000104735, 1.7458e-5, 0.000122415)), (0, (1, 1.74e-7, 4.693e-5, 4.7539e-5))])]
[TIMING] scan_lookup: 0.070s (calls=1)
[TIMING] ungapped_extend: 0.052s (calls=210466)
[TIMING] gapped_extend: 1.360s (calls=81169)
[TIMING] traceback_prune: 87.983s (calls=2)
[TIMING] traceback_sort_prelim: 0.000s
[TIMING] traceback_tree_precheck: 0.067s
[TIMING] traceback_start_offsets: 0.008s
[TIMING] traceback_alignment: 0.006s (dp=0.006s greedy=0.000s)
[TIMING] traceback_hsp_build: 0.109s
[TIMING] purge_common_endpoint_pass1: 5.018s
[TIMING] reevaluate_ambiguities: 0.005s
[TIMING] identity_length_test: 0.002s
[TIMING] purge_common_endpoint_pass2: 0.203s
[TIMING] traceback_score_resort: 0.013s
[TIMING] traceback_final_tree_contains: 0.027s
[TIMING] traceback_final_tree_add: 0.051s
[TIMING] traceback_postprocess: 0.000s
[TIMING] traceback_counts: prelim=67409 tree_skipped=8322 full_traceback=59087 deleted_evalue_cutoff=0 deleted_reevaluation=835 deleted_identity_length=0 endpoint_pass1_removed=2872 endpoint_pass2_removed=561 final_tree_removed=417
[TIMING] traceback_lengths: edit_script_samples=59087 edit_script_max=151 edit_script_median=3.0 alignment_samples=59087 alignment_max=21781 alignment_median=95.0
[TIMING] format_output: 0.404s (calls=1)
[TIMING] search_total: 89.958s
[TIMING] total: 90.132s
[losat-wasi-threads] worker done tid=1
[losat-wasi-threads] worker done tid=2
[losat-wasi-event] {"event":"exited","at_ms":90656.15132,"tid":2,"code":0}
[losat-wasi-event] {"event":"exited","at_ms":90656.724922,"tid":1,"code":0}
