# callgrind format
version: 1
creator: callgrind-3.22.0
pid: 1059621
cmd:  /home/kawato/.cache/losat-web-gui-target/app-s09-native/release/LOSAT tblastn -task tblastn -query docs/evidence/tlosan_stage_g/benchmark/first_AvCLPV_protein.faa -subject LOSAT/tests/fasta/AvCLPV.fasta -outfmt 6 -num_threads 1
part: 1


desc: I1 cache: 
desc: D1 cache: 
desc: LL cache: 

desc: Timerange: Basic block 0 - 96100735
desc: Trigger: Program termination

positions: line
events: Ir
summary: 425472929


ob=(6) /usr/lib/x86_64-linux-gnu/libgcc_s.so.1
fl=(184) ???
fn=(618) 0x0000000000005b10
0 12

fn=(1562) 0x0000000000004940
0 5
cfn=(1564) 0x00000000000048f0
calls=1 0 
0 16
0 2
cfn=(1564)
calls=1 0 
0 16
0 3

fn=(1584) 0x0000000000005a60
0 5

fn=(616) __cpu_indicator_init
0 364

fn=(1564)
0 32

fn=(1574) 0x0000000000005ad0
0 9
cob=(4) ???
cfi=(175) ???
cfn=(1580) 0x000000000484e3c0
calls=1 0 
0 80
0 1
cfn=(1584)
calls=1 0 
0 5
0 3

ob=(4)
fl=(175)
fn=(582) 0x000000000483d000
0 7

fn=(1132) 0x0000000004888340
0 338860
cob=(3) /usr/lib/x86_64-linux-gnu/libm.so.6
cfi=(259) ./math/../sysdeps/ieee754/dbl-64/e_log.c
cfn=(1134) __ieee754_log_fma
calls=169430 49 
0 7582540

fn=(1590) 0x0000000004871748
0 4

fn=(612) 0x000000000484e000
0 7

fn=(692) 0x00000000049893f0
0 6
cob=(2) /usr/lib/x86_64-linux-gnu/libc.so.6
cfi=(207) ./malloc/./malloc/malloc.c
cfn=(694) malloc
calls=3 3294 
0 2187

fn=(810) 0x00000000049893e0
0 12
cob=(2)
cfi=(207)
cfn=(812) free
calls=6 3359 
0 510

fn=(878) 0x0000000004989600
0 144
cob=(2)
cfi=(251) ./string/../sysdeps/x86_64/multiarch/strcmp-avx2.S
cfn=(880) __strncmp_avx2
calls=72 206 
0 2034

fn=(1148) 0x0000000004888400
0 392
cob=(3)
cfi=(261) ./math/../sysdeps/ieee754/dbl-64/e_exp.c
cfn=(1150) __ieee754_exp_fma
calls=196 98 
0 7170

fn=(1560) 0x000000000483d294
0 4

fn=(1608) 0x00000000049063a8
0 4

fn=(1580)
0 2
cob=(2)
cfi=(274) ./stdlib/./stdlib/cxa_finalize.c
cfn=(1526) __cxa_finalize
calls=1 30 
0 78

fn=(646) 0x00000000049897b0
0 2
cob=(1) /usr/lib/x86_64-linux-gnu/ld-linux-x86-64.so.2
cfi=(48) ./elf/./elf/dl-audit.c
cfn=(648) _dl_audit_preinit
calls=1 118 
0 5

fn=(558) 0x0000000004989720
0 42
cob=(1)
cfi=(11) ./elf/./elf/dl-tunables.c
cfn=(28) __tunable_get_val
calls=21 387 
0 493

fn=(596) 0x0000000004989660
0 2
cob=(2)
cfi=(181) ./string/../sysdeps/x86_64/multiarch/strrchr-avx2.S
cfn=(598) __strrchr_avx2
calls=1 53 
0 85

fn=(794) 0x0000000004989500
0 118
cob=(2)
cfi=(231) ./string/../sysdeps/x86_64/multiarch/strlen-avx2.S
cfn=(796) __strlen_avx2
calls=59 52 
0 1578

fn=(846) 0x0000000004989450
0 2
cob=(2)
cfi=(207)
cfn=(848) calloc
calls=1 3699 
0 239

fn=(1322) 0x0000000004888330
0 54
cob=(3)
cfi=(266) ./math/../sysdeps/ieee754/dbl-64/e_asin.c
cfn=(1324) __ieee754_acos_fma
calls=27 184 
0 1892

fn=(1550) 0x000000000483d030
0 2
cob=(2)
cfi=(274)
cfn=(1526)
calls=1 30 
0 78

fn=(1598) 0x0000000004888220
0 2
cob=(2)
cfi=(274)
cfn=(1526)
calls=1 30 
0 78

fn=(772) 0x0000000004989410
0 6
cob=(2)
cfi=(207)
cfn=(774) realloc
calls=3 3407 
0 804

fn=(634) 0x00000000004bc5c8
0 7

fn=(768) 0x0000000004989480
0 104
cob=(2)
cfi=(226) ./string/../sysdeps/x86_64/multiarch/memchr-avx2.S
cfn=(770) __memchr_avx2
calls=52 61 
0 1917

fn=(780) 0x00000000049896b0
0 662
cob=(2)
cfi=(227) ./string/../sysdeps/x86_64/multiarch/memmove-vec-unaligned-erms.S
cfn=(782) __memcpy_avx_unaligned_erms
calls=331 255 
0 5994682

fn=(1540) 0x00000000004bc5e4
0 4

fn=(602) 0x0000000004888000
0 7

fn=(738) 0x0000000004989680
0 2
cob=(2)
cfi=(219) ./string/../sysdeps/x86_64/multiarch/strchr-avx2.S
cfn=(740) __strchr_avx2
calls=1 53 
0 21

fn=(838) 0x0000000004989740
0 21498
cob=(2)
cfi=(240) ./string/../sysdeps/x86_64/multiarch/memset-vec-unaligned-erms.S
cfn=(840) __memset_avx2_unaligned_erms
calls=10749 158 
0 1226945

ob=(5) /usr/libexec/valgrind/vgpreload_core-amd64-linux.so
fl=(178) ???
fn=(586) 0x0000000000001110
0 12

fn=(1554) 0x0000000000001060
0 5

fn=(1544) 0x00000000000010d0
0 9
cob=(4)
cfi=(175)
cfn=(1550)
calls=1 0 
0 80
0 1
cfn=(1554)
calls=1 0 
0 5
0 3

ob=(1)
fl=(38) ./elf/../sysdeps/x86_64/dl-hwcaps-subdirs.c
fn=(106) _dl_hwcaps_subdirs_active
29 1
fi=(19) ./elf/../sysdeps/x86/get-isa-level.h
+2 1
fe=(38)
+7 1
fi=(19)
-8 4
fe=(38)
+22 1
fi=(19)
-20 3
+4 1
fe=(38)
+2 1
fi=(19)
-2 2
+3 4
+1 4
+5 1
fe=(38)
-7 1
fi=(19)
+7 3
fe=(38)
-2 1
fi=(19)
+5 2
+3 5
+2 4
+1 2
+1 2
+3 1
fe=(38)
-10 1
fi=(19)
+10 3
fe=(38)

fl=(140) ./misc/../sysdeps/unix/syscall-template.S
fn=(568) munmap
117 5
+5 1

fn=(436) mprotect
117 30
+5 6

fl=(46) ./elf/../elf/dl-tls.c
fn=(522) _dl_allocate_tls_init
523 11
+1 2
+4 1
+6 1
-6 1
+6 1
cfi=(24) ./elf/../sysdeps/nptl/dl-tls_init_tp.c
cfn=(86) rtld_mutex_dummy
calls=1 42 
* 3
+3 3
+12 1
-18 1
+42 3
-19 12
+9 9
+1 6
+6 9
+3 3
-2 3
+2 3
-2 3
+2 12
+4 3
-4 3
+4 3
-1 6
+4 6
+1 12
+2 6
+1 6
+17 3
-8 3
+8 3
+2 12
cfi=(29) ./string/../sysdeps/x86_64/multiarch/memmove-vec-unaligned-erms.S
cfn=(122) mempcpy
calls=3 197 
* 47
* 18
cfi=(43) ./string/../sysdeps/x86_64/multiarch/../multiarch/memset-vec-unaligned-erms.S
cfn=(126) memset
calls=3 132 
* 81
-49 3
+55 3
-55 12
+6 9
+55 2
cfi=(24)
cfn=(86)
calls=1 42 
* 3
+3 2
+3 9

fn=(248) _dl_tls_static_surplus_init
97 2
+3 1
-3 3
+3 1
-3 1
+3 1
-3 1
+3 1
-3 1
+3 1
cfi=(11)
cfn=(28)
calls=1 387 
* 23
* 1
+1 4
cfi=(11)
cfn=(28)
calls=1 387 
* 23
+1 1
+2 1
-3 1
+1 2
+2 3
+3 1
+2 1
-26 3
+28 3
+1 6

fn=(250) _dl_determine_tlsoffset
216 9
+6 4
+3 2
+36 3
+2 1
-2 1
-2 1
-40 1
-1 1
-1 1
+46 2
+23 9
+3 3
-3 15
+2 6
+6 3
-33 6
+20 3
-20 15
+2 6
+3 3
-1 3
+5 6
-5 3
+1 3
-1 3
+3 6
+2 9
+32 2
-1 1
+53 1
-52 5
+2 2
+51 8

fn=(438) _dl_add_to_slotinfo
1017 24
+9 3
-9 3
+6 3
+4 3
+4 9
+34 6
+3 6
+1 9
+3 18

fn=(224) _dl_assign_tls_modid
125 2
+16 2
-13 2
-3 6
+3 2
+55 2
-2 2
+5 2
+1 4

fn=(252) _dl_allocate_tls_storage
417 7
+2 1
+11 1
+1 1
fi=(28) ./elf/../include/rtld-malloc.h
56 1
cfi=(27) ./elf/./elf/dl-minimal-malloc.c
cfn=(78) __minimal_malloc
calls=1 -20 
* 30
fe=(46)
432 2
+8 3
fi=(28)
44 1
fe=(46)
440 2
+5 1
-5 1
+1 1
+4 304
+19 1
-99 1
+4 1
+1 1
fi=(28)
44 1
cfi=(27)
cfn=(74) __minimal_calloc
calls=1 +36 
* 41
fe=(46)
371 2
+3 1
+6 2
+90 7

fn=(142) _dl_count_modids
192 1
+2 2
+1 1
+15 2

fl=(27)
fn=(138) __minimal_free
97 1
+2 4

fn=(78)
36 272
+1 102
+11 99
+3 33
-3 33
+3 66
-3 2
+3 1
-3 1
+3 130
+19 34
+1 34
+2 204
-17 8
+1 4
+2 2
+1 14
cfi=(57) ./misc/../sysdeps/unix/sysv/linux/mmap64.c
cfn=(178) mmap
calls=2 -13 
* 52
* 2
+2 4
+2 8
cfi=(58) ./misc/../sysdeps/unix/sysv/linux/setvmaname.c
cfn=(180) __set_vma_name
calls=2 -31 
* 56
+1 6
+2 2
+4 2
-4 4
-24 1
-1 1
+1 1
+1 2
-2 2

fn=(74)
80 12
+4 12
-4 48
+7 12
+1 36
fi=(28)
-32 12
cfi=(27)
cfn=(78)
calls=12 -20 
* 522
fe=(27)

fl=(39) ./elf/./elf/dl-hwcaps_split.c
fn=(116) _dl_hwcaps_split
25 5
+1 3
+21 1
-20 1
+20 3

fn=(110) _dl_hwcaps_split_masked
51 110
-25 44
+36 5
-7 5
+7 35
-26 24
+5 27
cfi=(41) ./string/../sysdeps/x86_64/multiarch/../multiarch/strchr-sse2.S
cfn=(114) index
calls=9 -9 
* 216
* 9
+1 18
+3 6
+11 12
+1 18
+1 12
-2 6
+1 9
+1 6
-28 24
+4 48
+1 12
-1 30
+24 6
+9 12
-5 6
-2 6
+2 42
-19 6
cfi=(22) ./string/../sysdeps/x86_64/multiarch/../multiarch/strlen-sse2.S
cfn=(62) strlen
calls=3 +14 
* 51
* 6

fl=(77) ./elf/./elf/dl-reloc.c
fn=(262) _dl_relocate_object
207 77
+1 14
+12 6
+4 24
-4 6
+6 18
+3 6
-1 6
+1 12
+22 30
+4 6
+7 9
fi=(6) ./elf/../sysdeps/x86_64/dl-machine.h
81 14
+6 4
+4 3
+17 1
-11 1
+11 2
+21 2
+5 4
-2 2
fi=(4) ./elf/../sysdeps/generic/ldsodefs.h
-53 1
fe=(77)
301 2
fi=(4)
79 2
fe=(77)
301 2
fi=(4)
79 5
fe=(77)
301 10
fi=(4)
79 10
fe=(77)
301 9887
fi=(4)
79 2
fe=(77)
301 2
fi=(4)
79 4
fe=(77)
301 250
-80 12
fi=(6)
393 12
fe=(77)
190 6
+31 6
-31 6
fi=(6)
393 18
fi=(5) ./elf/./elf/do-rel.h
49 6
fe=(77)
301 6
fi=(5)
50 6
+30 6
-31 12
+4 6
-3 6
+3 6
-3 6
+3 18
+27 12
-31 6
fe=(77)
301 6
fi=(5)
50 6
+30 6
-31 12
+4 6
-3 6
+3 6
-3 6
+3 18
+27 12
-7 1
-1 1
+11 8
fi=(6)
514 114
+4 114
+3 171
+1 57
fi=(5)
83 171
+2 228
+11 6
fe=(77)
301 36
fi=(5)
51 6
fi=(4)
+28 30
fi=(6)
730 12
+4 8
fe=(77)
304 30
+24 6
+3 12
+17 18
+2 56
-98 12
+3 6
+7 3
-9 3
+9 6
fi=(6)
81 6
fi=(5)
+33 33
+9 21
+1 3
fi=(6)
498 3
fi=(5)
124 3
fi=(6)
498 6
fi=(5)
124 6223
fi=(6)
498 6223
fi=(5)
124 6223
fi=(6)
498 12446
+5 12452
+1 6226
fi=(5)
123 6226
fi=(6)
504 6226
-5 6226
fi=(5)
123 12452
+3 33
+3 36
+2 32
fe=(77)
+59 10
fi=(5)
73 5
fe=(77)
190 5
fi=(5)
72 5
fe=(77)
190 45
fi=(5)
-57 10
+1 5
+1 5
-2 5
+2 5
+3 5
-5 5
+2 5
-2 5
+1 10
+2 5
-2 5
+2 15
+2 10
-5 570
+1 285
+1 285
-2 285
+2 285
+3 285
-5 285
+2 285
-2 285
+1 570
+2 285
-2 285
+2 855
+2 570
+9 222
fi=(6)
267 444
+7 444
+4 444
fe=(77)
170 888
fi=(4)
-30 618
fe=(77)
+31 412
+3 412
+8 398
-8 1779
+12 394
-3 197
+1 197
+2 792
-3 2
+1 2
+2 207
+1 199
-1 199
+2 398
-1 796
+3 1194
cfi=(78) ./elf/./elf/dl-lookup.c
cfn=(270) _dl_lookup_symbol_x
calls=199 772 
* 128682
+3 199
+1 398
-4 199
+4 995
fi=(6)
+93 815
+3 197
-3 607
+3 213
-3 213
+5 442
+25 1332
423 27
fi=(5)
150 27
fi=(6)
423 390
fi=(5)
150 621
-19 1175
+33 20
+1 72
+1 252
+3 136
+4 68
-1 68
-3 68
+2 136
+2 68
-2 136
fe=(77)
-1 272
fi=(6)
287 68
+3 68
-3 68
+4 136
476 136
+2 68
cfi=(15) ./elf/../sysdeps/x86/dl-get-cpu-features.c
cfn=(544) __x86_cpu_features
calls=1 71 
* 6
cob=(3)
cfi=(162) ./math/../sysdeps/x86_64/fpu/multiarch/s_sincos.c
cfn=(518) sincos
calls=1 26 
* 8
cob=(3)
cfi=(146) ./math/../sysdeps/x86_64/fpu/multiarch/s_sin.c
cfn=(514) sin
calls=1 27 
* 9
cob=(3)
cfi=(161) ./math/../sysdeps/x86_64/fpu/multiarch/e_atan2.c
cfn=(510) __atan2_finite@GLIBC_2.15
calls=1 26 
* 9
cob=(3)
cfi=(160) ./math/../sysdeps/x86_64/fpu/multiarch/e_exp2f.c
cfn=(506) exp2f@@GLIBC_2.27
calls=1 27 
* 9
cob=(3)
cfi=(159) ./math/../sysdeps/x86_64/fpu/multiarch/s_expm1.c
cfn=(502) expm1
calls=1 26 
* 9
cob=(3)
cfi=(156) ./math/../sysdeps/x86_64/fpu/multiarch/e_asin.c
cfn=(498) __asin_finite@GLIBC_2.15
calls=1 27 
* 8
cob=(3)
cfi=(158) ./math/../sysdeps/x86_64/fpu/multiarch/s_fma.c
cfn=(496) fma
calls=1 49 
* 6
cob=(3)
cfi=(157) ./math/../sysdeps/x86_64/fpu/multiarch/s_sinf.c
cfn=(492) sinf
calls=1 26 
* 9
cob=(3)
cfi=(156)
cfn=(488) __acos_finite@GLIBC_2.15
calls=1 35 
* 8
cob=(3)
cfi=(155) ./math/../sysdeps/x86_64/fpu/multiarch/e_log.c
cfn=(484) __log_finite@GLIBC_2.15
calls=1 27 
* 9
cob=(3)
cfi=(154) ./math/../sysdeps/x86_64/fpu/multiarch/s_log1p.c
cfn=(480) __log1p
calls=1 26 
* 9
cob=(3)
cfi=(153) ./math/../sysdeps/x86_64/fpu/multiarch/e_log2f.c
cfn=(476) log2f@@GLIBC_2.27
calls=1 27 
* 9
cob=(3)
cfi=(151) ./math/../sysdeps/x86_64/fpu/multiarch/e_pow.c
cfn=(472) __pow_finite@GLIBC_2.15
calls=1 27 
* 8
cob=(3)
cfi=(150) ./math/../sysdeps/x86_64/fpu/multiarch/e_powf.c
cfn=(468) powf@@GLIBC_2.27
calls=1 30 
* 9
cob=(3)
cfi=(149) ./math/../sysdeps/x86_64/fpu/multiarch/s_sincosf.c
cfn=(464) sincosf
calls=1 26 
* 9
cob=(3)
cfi=(148) ./math/../sysdeps/x86_64/fpu/multiarch/e_log2.c
cfn=(460) log2@@GLIBC_2.29
calls=1 27 
* 9
cob=(3)
cfi=(147) ./math/../sysdeps/x86_64/fpu/multiarch/e_logf.c
cfn=(456) logf@@GLIBC_2.27
calls=1 27 
* 9
cob=(3)
cfi=(146)
cfn=(452) cos
calls=1 34 
* 9
cob=(3)
cfi=(145) ./math/../sysdeps/x86_64/fpu/multiarch/e_expf.c
cfn=(448) expf@@GLIBC_2.27
calls=1 27 
* 9
cob=(3)
cfi=(143) ./math/../sysdeps/x86_64/fpu/multiarch/e_exp.c
cfn=(444) __exp_finite@GLIBC_2.15
calls=1 27 
* 9
cob=(3)
cfi=(141) ./math/../sysdeps/x86_64/fpu/multiarch/s_cosf.c
cfn=(440) cosf
calls=1 26 
* 9
cob=(2)
cfi=(139) ./string/../sysdeps/x86_64/multiarch/strncase.c
cfn=(432) strncasecmp
calls=1 31 
* 21
cob=(2)
cfi=(138) ./string/../sysdeps/x86_64/multiarch/mempcpy.c
cfn=(428) mempcpy
calls=1 33 
* 22
cob=(2)
cfi=(137) ./wcsmbs/../sysdeps/x86_64/multiarch/wcpcpy.c
cfn=(424) wcpncpy
calls=1 31 
* 18
cob=(2)
cfi=(136) ./string/../sysdeps/x86_64/multiarch/strspn.c
cfn=(422) strspn
calls=1 29 
* 7
cob=(2)
cfi=(134) ./string/../sysdeps/x86_64/multiarch/memchr.c
cfn=(418) memchr
calls=1 29 
* 23
cob=(2)
cfi=(133) ./string/../sysdeps/x86_64/multiarch/memmove.c
cfn=(414) memmove
calls=1 29 
* 22
cob=(2)
cfi=(132) ./string/../sysdeps/x86_64/multiarch/stpcpy.c
cfn=(410) stpcpy
calls=1 33 
* 17
cob=(2)
cfi=(131) ./debug/../sysdeps/x86_64/multiarch/memmove_chk.c
cfn=(406) __memmove_chk
calls=1 29 
* 22
cob=(2)
cfi=(129) ./wcsmbs/../sysdeps/x86_64/multiarch/wmemcmp.c
cfn=(402) wmemcmp
calls=1 29 
* 24
cob=(2)
cfi=(128) ./string/../sysdeps/x86_64/multiarch/strncpy.c
cfn=(398) strncpy
calls=1 29 
* 19
cob=(2)
cfi=(127) ./string/../sysdeps/x86_64/multiarch/strlen.c
cfn=(394) strlen
calls=1 29 
* 25
cob=(2)
cfi=(100) ./wcsmbs/../sysdeps/x86_64/multiarch/wcscat.c
cfn=(390) wcscat
calls=1 31 
* 18
cob=(2)
cfi=(126) ./string/../sysdeps/x86_64/multiarch/strcasecmp_l.c
cfn=(386) strcasecmp_l
calls=1 31 
* 21
cob=(2)
cfi=(125) ./string/../sysdeps/x86_64/multiarch/strcpy.c
cfn=(382) strcpy
calls=1 29 
* 17
cob=(2)
cfi=(123) ./wcsmbs/../sysdeps/x86_64/multiarch/wmemset.c
cfn=(378) wmemset
calls=2 31 
* 20
cob=(2)
cfi=(121) ./string/../sysdeps/x86_64/multiarch/memcmp.c
cfn=(374) bcmp
calls=1 29 
* 24
cob=(2)
cfi=(120) ./string/../sysdeps/x86_64/multiarch/strchrnul.c
cfn=(370) strchrnul
calls=1 31 
* 25
cob=(2)
cfi=(119) ./string/../sysdeps/x86_64/multiarch/strncase_l.c
cfn=(366) strncasecmp_l
calls=1 31 
* 21
cob=(2)
cfi=(117) ./string/../sysdeps/x86_64/multiarch/strcat.c
cfn=(362) strcat
calls=1 29 
* 17
cob=(2)
cfi=(116) ./wcsmbs/../sysdeps/x86_64/multiarch/wcscpy.c
cfn=(360) wcscpy
calls=1 60 
* 16
cob=(2)
cfi=(115) ./string/../sysdeps/x86_64/multiarch/strcspn.c
cfn=(358) strcspn
calls=1 29 
* 7
cob=(2)
cfi=(113) ./string/../sysdeps/x86_64/multiarch/strcasecmp.c
cfn=(354) strcasecmp
calls=1 31 
* 21
cob=(2)
cfi=(112) ./string/../sysdeps/x86_64/multiarch/strncmp.c
cfn=(352) strncmp
calls=1 67 
* 21
cob=(2)
cfi=(110) ./wcsmbs/../sysdeps/x86_64/multiarch/wmemchr.c
cfn=(348) wmemchr
calls=2 31 
* 46
cob=(2)
cfi=(108) ./string/../sysdeps/x86_64/multiarch/stpncpy.c
cfn=(344) stpncpy
calls=1 31 
* 19
cob=(2)
cfi=(107) ./wcsmbs/../sysdeps/x86_64/multiarch/wcscmp.c
cfn=(340) wcscmp
calls=1 30 
* 25
cob=(2)
cfi=(106) ./string/../sysdeps/x86_64/multiarch/strrchr.c
cfn=(336) rindex
calls=1 28 
* 25
cob=(2)
cfi=(104) ./debug/../sysdeps/x86_64/multiarch/memset_chk.c
cfn=(332) __memset_chk
calls=1 29 
* 24
cob=(2)
cfi=(103) ./string/../sysdeps/x86_64/multiarch/strchr.c
cfn=(330) index
calls=1 65 
* 19
cob=(2)
cfi=(100)
cfn=(324) wcschr
calls=2 31 
* 50
cob=(2)
cfi=(98) ./string/../sysdeps/x86_64/multiarch/memcmpeq.c
cfn=(320) memcpy@@GLIBC_2.14
calls=1 29 
* 22
cob=(2)
cfi=(96) ./wcsmbs/../sysdeps/x86_64/multiarch/wcsncpy.c
cfn=(316) wcsncpy
calls=1 31 
* 18
cob=(2)
cfi=(95) ./string/../sysdeps/x86_64/multiarch/memrchr.c
cfn=(312) memrchr
calls=1 29 
* 25
cob=(2)
cfi=(94) ./debug/../sysdeps/x86_64/multiarch/memcpy_chk.c
cfn=(308) __memcpy_chk
calls=1 29 
* 22
cob=(2)
cfi=(92) ./debug/../sysdeps/x86_64/multiarch/mempcpy_chk.c
cfn=(304) __mempcpy_chk
calls=1 29 
* 22
cob=(2)
cfi=(91) ./wcsmbs/../sysdeps/x86_64/multiarch/wcslen.c
cfn=(300) wcslen
calls=1 29 
* 19
cob=(2)
cfi=(89) ./string/../sysdeps/x86_64/multiarch/memset.c
cfn=(296) memset
calls=1 29 
* 24
cob=(2)
cfi=(87) ./wcsmbs/../sysdeps/x86_64/multiarch/wcsnlen.c
cfn=(292) wcsnlen
calls=1 30 
* 19
cob=(2)
cfi=(86) ./string/../sysdeps/x86_64/multiarch/strcmp.c
cfn=(290) strcmp
calls=1 79 
* 19
cob=(2)
cfi=(85) ./string/../sysdeps/x86_64/multiarch/strpbrk.c
cfn=(288) strpbrk
calls=1 29 
* 7
cob=(2)
cfi=(83) ./string/../sysdeps/x86_64/multiarch/strnlen.c
cfn=(284) strnlen
calls=2 31 
* 50
cob=(2)
cfi=(81) ./string/../sysdeps/x86/cacheinfo.c
cfn=(280) __x86_cacheinfo
calls=1 86 
* 28
fi=(5)
165 68
fi=(6)
479 68
fi=(5)
165 145
-14 84
fi=(6)
400 51
+2 68
+4 17
+9 17
-9 34
+9 17
fi=(5)
150 34
fi=(6)
320 28
+3 28
+23 2
+1 3
fi=(5)
150 2
fi=(6)
287 80
fi=(5)
141 68
+1 68
-1 204
+2 68
fi=(6)
287 340
fe=(77)
175 63
+3 7
-1 7
+19 7
-18 14
fi=(6)
295 16
+1 24
+11 16
+7 8
cob=(3)
cfi=(159)
cfn=(502)
calls=1 26 
* 9
cob=(3)
cfi=(146)
cfn=(514)
calls=1 27 
* 9
cob=(2)
cfi=(89)
cfn=(296)
calls=1 29 
* 24
cob=(2)
cfi=(133)
cfn=(414)
calls=1 29 
* 22
cob=(2)
cfi=(127)
cfn=(394)
calls=1 29 
* 25
cob=(2)
cfi=(121)
cfn=(374)
calls=2 29 
* 48
cob=(2)
cfi=(98)
cfn=(320)
calls=1 29 
* 22
* 32
fe=(77)
-13 3
+55 30
+3 6
-3 6
+3 6
+4 12
+1 24
cfi=(140)
cfn=(436)
calls=6 117 
* 36
* 12
-63 9
fi=(5)
180 7
fe=(77)
+10 2
fi=(5)
73 1
fe=(77)
190 3
fi=(6)
436 7
fi=(5)
182 2
+1 2
-1 1
+3 1
-3 4
+3 2
-3 10
+1 10
-1 5
+3 5
-3 20
+3 10
+8 6
fi=(6)
+74 12
+7 12
+4 12
fe=(77)
170 24
fi=(4)
-30 18
fe=(77)
+31 12
+3 12
+8 12
-8 54
+12 12
-3 6
+1 6
+2 36
+4 24
-4 6
+4 18
cfi=(78)
cfn=(270)
calls=6 772 
* 3392
+3 6
+1 12
-4 6
+4 30
fi=(6)
+93 20
+3 2
-3 6
+3 2
-3 2
+5 4
+25 36
423 6
fi=(5)
196 18
-16 24
+31 7
fe=(77)
-33 7
-3 21

fl=(41)
fn=(114)
32 23
+1 23
+1 23
+1 23
+1 23
+1 23
+1 23
+1 23
+1 23
+1 23
+1 23
+1 23
+1 23
+1 23
+1 23
+1 23
+1 23
+1 23
+1 19
+4 19
+1 19
+1 19
+1 19
+2 19
+4 4
+1 4
+1 4
+1 4
+1 4
+1 4
+1 4
+1 4
+1 4
+1 4
+1 4
+1 4
+1 4
+1 4
+1 4
+1 4
+1 4
+1 4
+1 4
+1 4
+1 4
+1 4
+1 4
+1 4
+52 4
+4 4
+1 4
+1 4
+1 4
+2 4

fl=(270) ./elf/./elf/dl-fini.c
fn=(1510) _dl_fini
26 5
+17 1
-17 6
+20 13
+3 2
cob=(2)
cfi=(271) ./nptl/./nptl/pthread_mutex_lock.c
cfn=(1512) pthread_mutex_lock@@GLIBC_2.2.5
calls=1 +28 
* 44
+2 1
+3 2
+2 5
+7 3
-2 1
+2 1
cfi=(48)
cfn=(564) _dl_audit_activity_nsid
calls=1 -22 
* 11
+5 15
+5 1
-5 1
+5 3
+2 12
+2 12
+2 12
+1 6
+1 6
+4 6
-12 18
+14 6
+1 4
+6 6
cfi=(13) ./elf/./elf/dl-sort-maps.c
cfn=(232) _dl_sort_maps
calls=1 298 
* 471
+9 2
cob=(2)
cfi=(272) ./nptl/./nptl/pthread_mutex_unlock.c
cfn=(1514) pthread_mutex_unlock@@GLIBC_2.2.5
calls=1 367 
* 34
+5 6
+2 1
+2 2
-2 5
+2 10
+2 24
cfi=(273) ./elf/./elf/dl-call_fini.c
cfn=(1516) _dl_call_fini
calls=6 -90 
* 656
+3 12
cfi=(48)
cfn=(1542) _dl_audit_objclose
calls=6 -20 
* 30
-9 12
+14 6
-14 18
+18 3
cfi=(48)
cfn=(564)
calls=1 -85 
* 11
* 2
+6 4
+2 1
-2 2
+6 2
+7 8
-77 2

fl=(57)
fn=(178)
47 20
+3 40
-3 120
+6 40
+5 120
+2 80
-7 43

fl=(55) ./io/../sysdeps/unix/sysv/linux/fstat64.c
fn=(174) fstat
30 5
+9 20
+33 5

fl=(48)
fn=(648)
118 1
+1 4

fn=(198) _dl_audit_objopen
77 4
+1 16

fn=(564)
41 3
+4 12
+1 3
+1 15

fn=(148) _dl_audit_activity_map
29 2
+2 1
-2 5
+1 1
+1 2
+6 6

fn=(1542)
97 6
+1 24

fl=(36) ./elf/./elf/dl-load.c
fn=(162) _dl_map_object
1967 108
+8 18
+1 36
+3 180
+5 224
+2 96
cfi=(52) ./elf/./elf/dl-misc.c
cfn=(164) _dl_name_match_p
calls=32 68 
* 3405
* 64
+4 54
+1 81
+4 13
-1 65
+1 13
+1 13
-1 13
+1 26
cfi=(31) ./string/../sysdeps/x86_64/multiarch/../multiarch/strcmp-sse2.S
cfn=(90) strcmp
calls=13 98 
* 434
* 26
2270 85
2011 12
-1 8
+9 4
-50 4
+50 8
+17 8
-2 4
+2 4
cfi=(41)
cfn=(114)
calls=4 32 
* 96
* 8
2202 2
-1 3
cfn=(132) expand_dynamic_string_token
calls=1 385 
* 175
+6 1
-7 1
+1 1
+2 2
+4 7
cfn=(166) open_verify.constprop.0
calls=1 1572 
* 106
+3 2
-3 1
+3 1
+12 4
+45 1
+1 5
-1 1
+1 8
cfn=(172) _dl_map_object_from_fd
calls=1 944 
* 1940
-1 3
+1 15
-1 3
+1 24
cfn=(172)
calls=3 944 
* 6457
* 12
2040 6
cfi=(22)
cfn=(62)
calls=3 57 
* 51
* 6
+2 6
+7 12
+51 39
cfn=(208) open_path
calls=3 1812 
* 1068
+6 3
-6 3
+6 6
2222 12
+46 6
682 3
2107 3
682 6
2135 6
cfi=(67) ./elf/./elf/dl-cache.c
cfn=(214) _dl_load_cache_lookup
calls=3 403 
* 3516
* 3
+2 6
+4 6
+31 3
-23 6
+23 21
cfn=(166)
calls=3 1572 
* 352
+4 6
-4 3
+4 3
+1 3
+17 6
2074 15
682 3
2075 3
682 9
2099 6
+1 6
-47 3
+1 3
696 15
2058 9
682 3
2059 3
682 6
2073 15
+1 6
+41 3
+14 6
+2 9
-47 6

fn=(166)
1572 90
+32 9
-32 18
+32 18
+19 36
cfi=(53) ./io/../sysdeps/unix/sysv/linux/open64_nocancel.c
cfn=(168) __open_nocancel
calls=9 28 
* 195
* 9
+2 18
+8 4
+1 8
+5 4
-5 4
+5 20
cfi=(54) ./io/../sysdeps/unix/sysv/linux/read_nocancel.c
cfn=(170) __read_nocancel
calls=4 25 
* 24
+2 8
+2 8
+2 8
+6 8
+17 52
+81 8
+5 8
+6 16
+6 8
+6 4
+1 4
-1 12
+1 12
+26 81
-22 13
+1 2
-1 1
+1 1
cfi=(70) ./io/../sysdeps/unix/sysv/linux/pread64_nocancel.c
cfn=(226) __pread64_nocancel
calls=1 25 
* 7
* 2
1668 6
-59 10
1777 2

fn=(102) _dl_init_paths
706 11
+14 1
-14 2
+14 2
cfi=(37) ./elf/./elf/dl-hwcaps.c
cfn=(104) _dl_important_hwcaps
calls=1 172 
* 1244
fi=(28)
56 1
fe=(36)
720 1
fi=(28)
56 1
cfi=(27)
cfn=(78)
calls=1 -20 
* 30
fe=(36)
725 1
+2 3
+8 2
-1 3
+5 3
fi=(28)
56 1
cfi=(27)
cfn=(78)
calls=1 -20 
* 30
fe=(36)
739 1
+2 4
+7 1
+8 1
+2 1
+12 2
-23 1
+9 1
+11 1
-4 1
-5 1
+3 2
+7 2
+2 2
-11 1
+11 3
-8 1
+4 1
+1 3
+1 16
cfi=(43)
cfn=(126)
calls=4 132 
* 56
+2 15
-14 3
+10 3
+4 9
-12 3
-2 3
+2 3
+4 3
-3 3
+3 3
+1 3
-2 3
+5 9
+1 6
+3 1
+15 1
-8 1
+5 1
-6 1
+9 2
+2 4
+2 3
+36 5
+2 2
cfi=(22)
cfn=(62)
calls=1 57 
* 17
* 9
-19 1
-2 1
+2 2
+19 9
cfi=(29)
cfn=(82) memcpy
calls=1 210 
* 11
* 1
+5 4
-1 2
+2 1
+1 2
-2 4
+1 13
+1 26
-2 52
+5 1
fi=(28)
56 1
cfi=(27)
cfn=(78)
calls=1 -20 
* 30
fe=(36)
836 1
fi=(28)
56 1
fe=(36)
838 2
+6 6
cfn=(128) fillin_rpath.isra.0
calls=1 468 
* 581
+3 3
+6 1
+4 8
-35 2
+5 2

fn=(204) _dl_dst_count
238 16
+3 8
-3 40
+7 8
-7 16
+3 8
cfi=(41)
cfn=(114)
calls=8 32 
* 264
+3 16
+20 72

fn=(132)
385 18
241 4
385 2
241 2
cfi=(41)
cfn=(114)
calls=2 32 
* 72
+3 4
410 2
-11 2
+11 12
-11 2
cfi=(44) ./string/./string/strdup.c
cfn=(134) strdup
calls=2 40 
* 180

fn=(208)
1812 24
+1 3
-1 9
+1 3
+6 6
+5 51
+67 6
-74 3
+7 9
+57 3
-65 3
+65 3
+10 6
-64 6
+8 18
+7 6
-11 3
+12 3
-1 12
cfi=(29)
cfn=(122)
calls=3 197 
* 39
+1 30
+50 4
-2 8
-48 33
+3 18
+5 35
cfi=(29)
cfn=(122)
calls=5 197 
* 65
* 20
cfi=(29)
cfn=(122)
calls=5 197 
* 65
+3 10
+6 15
+3 35
cfn=(166)
calls=5 1572 
* 280
* 5
+2 15
+2 6
+93 27
-88 6
+1 21
+6 3
+2 6
-2 6
+2 3
cfi=(65) ./io/../sysdeps/unix/sysv/linux/stat64.c
cfn=(210) stat
calls=3 28 
* 46
* 3
+3 3
-3 6
+1 2
+9 8
+2 1
-2 2
+2 5
+44 24
+6 6
-2 3
+2 6
+3 9
1822 6
+2 6

fn=(128)
468 9
+4 1
-4 8
+6 3
cfi=(7) ./elf/./elf/dl-minimal.c
cfn=(130) strsep
calls=1 239 
* 240
* 3
cfi=(7)
cfn=(130)
calls=1 239 
* 8
* 6
+7 2
+2 3
cfn=(132)
calls=1 -98 
* 125
* 1
+4 2
+5 2
cfi=(22)
cfn=(62)
calls=1 57 
* 17
* 1
+1 2
+7 5
+9 15
+1 8
fi=(28)
50 2
cfi=(27)
cfn=(138)
calls=1 +47 
* 5
+1 1
fe=(36)
528 4
+4 4
fi=(28)
56 1
cfi=(27)
cfn=(78)
calls=1 -20 
* 30
* 1
fe=(36)
534 2
+5 1
+1 2
-1 1
-1 1
+2 1
cfi=(29)
cfn=(122)
calls=1 197 
* 13
+3 1
-3 1
+1 1
+2 1
+6 1
+1 1
-1 3
+1 5
+1 1
-1 1
+1 1
-1 3
+1 1
-1 2
+1 1
+2 2
+1 3
+1 1
+6 2
+1 1
+3 3
-60 2
-22 2
+88 1
+3 8
-24 2

fn=(188) _dl_process_pt_gnu_property
868 4
+8 4
-8 8
+8 4
-6 4
+12 8
-13 4
+13 4
-13 4
+13 8
+3 12
+1 8
+1 8
+3 12
+1 12
+4 4
+1 8
+22 4
+2 4
-2 8
+2 12
-20 12
+1 6
+3 12
+3 6
+1 24
fi=(30) ./elf/../sysdeps/x86/dl-prop.h
95 24
+7 12
+16 6
-3 12
254 8
+1 4
+2 16
+3 4
-8 4
+5 2
-4 2
+4 6
+3 2
-2 2
fe=(36)

fn=(172)
944 40
+15 4
-15 8
+15 4
-15 8
+15 8
+77 16
+10 8
+7 28
cfi=(26) ./elf/./elf/dl-object.c
cfn=(72) _dl_new_object
calls=4 59 
* 1529
* 4
+1 8
+11 4
+5 4
-4 4
-1 4
+2 4
+2 4
-2 4
+2 8
+1 12
+1 6
+19 6
-2 3
+2 32
-2 1
+2 46
+10 4
-10 4
+10 12
+27 4
-33 4
-3 4
+2 4
-1 4
+35 4
+9 4
-50 4
+41 4
+9 4
-36 4
+63 20
-62 162
+26 112
+8 32
+1 16
-1 16
+1 64
+1 16
-1 16
+1 16
+2 16
-2 16
+2 16
+2 16
-4 16
+1 16
+3 16
-4 16
+4 80
+2 32
+13 32
+1 60
+5 12
+1 108
-28 24
-35 36
+62 4
+1 36
-28 8
-35 96
+1 246
1213 4
1100 4
1213 8
1100 12
1218 28
+10 12
+1 4
-1 4
+1 4
-1 12
+1 12
-1 12
+1 12
-1 36
1066 8
1235 8
+10 16
+7 16
fi=(59) ./elf/./dl-map-segments.h
28 4
fe=(36)
1252 12
fi=(59)
28 8
+1 32
cfi=(57)
cfn=(178)
calls=4 +18 
* 112
+73 8
-1 4
-72 4
+73 4
+3 8
+1 4
+2 4
-3 4
+1 4
+2 4
+17 4
-44 4
fi=(60) ./elf/./dl-load.h
+10 32
fi=(59)
+58 64
+6 4
+2 4
-2 4
+1 4
+2 8
-1 8
+3 8
+5 8
+3 12
+8 24
cfi=(43)
cfn=(126)
calls=4 -44 
* 371
* 4
+6 8
+12 16
-59 96
+2 48
+2 96
cfi=(57)
cfn=(178)
calls=12 -92 
* 252
* 24
fe=(36)
1264 4
fi=(56) ./elf/../sysdeps/posix/dl-fileid.h
37 8
cfi=(55)
cfn=(174)
calls=4 -7 
* 24
* 8
fe=(36)
989 8
fi=(56)
40 12
fe=(36)
989 4
fi=(56)
40 4
fe=(36)
989 58
+1 28
fi=(56)
49 40
fe=(36)
1519 36
1074 13
+1 2
-1 1
+1 1
-1 1
+1 1
cfi=(70)
cfn=(226)
calls=1 25 
* 7
* 2
+46 2
+1 1
-15 8
+7 4
+2 4
-2 4
+1 4
+1 4
-1 8
+1 32
+60 6
+5 2
-1 4
+5 2
-5 4
-66 2
+71 8
+1 2
+3 2
-3 2
+8 8
+15 8
+1 4
1008 8
1268 16
+1 12
fi=(61) ./elf/./elf/get-dynamic-info.h
39 8
+6 4
-2 4
+11 4
+1 4
-10 8
+8 6
+15 6
-23 24
+23 103
-23 412
+4 218
+3 30
-1 60
+3 96
+1 80
+1 20
+16 16
+12 14
+1 16
+1 16
+1 16
+1 14
+1 15
+1 15
+1 16
+12 4
+7 4
-7 28
+7 9
+5 6
+7 6
+1 12
+6 12
+1 6
+17 12
+5 4
+2 4
+2 4
+2 4
+4 12
+2 9
+1 6
+9 6
+6 6
+4 8
fe=(36)
1275 8
+1 8
+2 8
+10 12
+19 12
+2 24
+52 12
+1 4
+6 36
+1 80
+6 16
cfn=(188)
calls=4 868 
* 308
-7 100
+1 48
+6 48
-6 96
fi=(30)
149 16
fe=(36)
1380 8
cfi=(62) ./io/../sysdeps/unix/sysv/linux/close_nocancel.c
cfn=(194) __GI___close_nocancel
calls=4 25 
* 24
* 8
+13 8
+2 16
+2 8
+16 8
cfi=(8) ./elf/./elf/dl-setup_hash.c
cfn=(14) _dl_setup_hash
calls=4 25 
* 108
+4 8
+1 8
+17 8
+1 1
+3 1
+5 1
-5 1
+5 1
-5 3
+5 3
-5 3
+5 3
+5 8
+12 32
+10 8
+1 8
+5 4
cfi=(46)
cfn=(224)
calls=2 125 
* 24
+7 12
cfi=(26)
cfn=(84) _dl_add_to_namespace_list
calls=4 31 
* 228
+3 8
+4 8
cfi=(45) ./elf/./elf/dl-debug.c
cfn=(196) _dl_debug_update
calls=4 38 
* 28
* 4
+1 12
+22 28
+1 12
cfi=(48)
cfn=(198)
calls=4 77 
* 20
* 4
fi=(60)
92 12
+2 3
-1 3
+1 3
-1 3
+1 3
-1 3
+1 3
-1 6
+3 12
fi=(61)
-37 16
+3 16
+2 16
181 6
-22 4
fe=(36)
1510 8
1074 2
fi=(59)
186 8
cfi=(57)
cfn=(178)
calls=1 47 
* 21
+3 2
fe=(36)
1462 12
+2 3
-1 15
+1 3
-1 3
+1 3
-1 3
cfi=(31)
cfn=(90)
calls=3 98 
* 95
* 6
+2 5
1275 2

fl=(29)
fn=(122)
197 23
+1 23
+1 23
+1 23
+17 23
+1 23
+2 8
+1 8
+1 8
+2 5
+1 5
+1 5
+2 5
+80 15
+1 15
+2 4
+4 4
+1 4
+1 4
+8 4
+39 11
+1 11
+1 11
+1 11
+1 11
+7 3
+1 3
+1 3
+1 3
+1 3
+1 3
+1 3
+11 3
+1 3
+2 3
+1 3
+1 3

fn=(82)
210 26
+1 26
+6 26
+1 26
+2 18
+1 18
+1 18
+2 10
+1 10
+1 10
+2 10
+80 8
+1 8
+2 1
+4 1
+1 1
+1 1
+1 1
+1 1
+4 1
+2 1
+39 7
+1 7
+1 7
+1 7
+1 7
+7 8
+1 8
+1 8
+1 8
+1 8
+1 8
+1 8
+11 8
+1 8
+2 8
+1 8
+1 8

fl=(31)
fn=(244) strncmp
98 1
+27 1
+1 1
+1 1
+1 1
+1 1
+2 1
+1 1
+2 1
+1 1
+21 1
+1 1
+1 1
+1 1
+1 1
+1 1
+1 1
+1 1
+17 1
+1 1
+1 1
+1 1
+1 1
+1 1
+1 1
2104 1
+3 1
+1 1
+2 1
+1 1
+8 1
+1 1

fn=(90)
98 546
+33 546
+1 546
+2 546
+1 546
+21 546
+1 546
+1 409
+1 409
+1 342
+1 342
+1 342
+1 342
+17 342
+1 342
+1 342
+1 342
+1 342
+1 342
+1 342
+5 31
+1 93
+9 31
+1 31
+1 31
+1 31
+1 31
+1 31
+1 31
+1 31
-7 204
+1 204
+1 204
+1 204
+1 204
+1 204
+1 204
+1 204
+1 224
+1 90
+1 90
+1 90
+2 90
+1 90
+1 90
+1 90
+1 90
+1 90
-5 134
+1 134
+1 134
+1 134
+1 134
+1 134
+10 11
+1 11
+1 11
+2 11
+6 11
+1 11
+1 11
+1 11
+1 11
+5 11
+2 1
+1 1
+1 2
+8 1
+1 1
+3 1
+1 1
+1 1
+1 1
+1 1
+1 1
+31 6
+1 6
+1 6
+1 6
+1 6
+2 6
+1 6
+1 6
+1 6
+1 6
+1 6
+1 6
+1 6
+3 6
+1 6
+1 6
+6 6
+1 6
+1 12
+4 6
+1 6
+3 6
+1 6
+1 6
+2 6
+1 6
+1 6
+4 6
+1 6
+1 6
+1 6
+1 6
+1 6
542 1
+1 1
+1 1
+1 1
+1 1
+2 1
+1 1
+1 1
+1 1
+1 1
+1 1
+1 1
661 54
+1 54
+1 54
+1 54
+1 54
+2 54
+1 54
+1 54
+1 54
+1 54
+1 54
+1 54
+1 53
+4 53
+1 53
+1 53
+6 53
+1 53
+1 106
+4 53
+1 53
+3 53
+1 53
+1 53
+2 53
+1 53
+1 53
+4 53
+1 53
+1 53
+1 53
+1 53
+1 53
+7 1
+1 1
+2 1
+1 1
+2 1
+1 1
+1 1
+2 1
+1 1
+1 1
+4 1
+1 1
+1 1
+1 1
+1 1
+1 1
+41 4
+1 4
+1 4
+1 4
+1 4
+2 4
+1 4
+1 4
+1 4
+1 4
+1 4
+1 4
+1 3
+4 3
+1 3
+1 3
+6 3
+1 3
+1 6
+4 3
+1 3
+3 3
+1 3
+1 3
+2 3
+1 3
+1 3
+4 3
+1 3
+1 3
+1 3
+1 3
+1 3
+69 9
+1 9
+1 9
+1 9
+1 9
+2 9
+1 9
+1 9
+1 9
+1 9
+1 9
+1 9
+1 8
+4 8
+1 8
+1 8
+6 8
+1 8
+1 16
+4 8
+1 8
+3 8
+1 8
+1 8
+2 8
+1 8
+1 8
+4 8
+1 8
+1 8
+1 8
+1 8
+1 8
+7 1
+1 1
+2 1
+1 1
+2 1
+1 1
+1 1
+2 1
+1 1
+1 1
+4 1
+1 1
+1 1
+1 1
+1 1
+1 1
+41 11
+1 11
+1 11
+1 11
+1 11
+2 11
+1 11
+1 11
+1 11
+1 11
+1 11
+1 11
+1 8
+4 8
+1 8
+1 8
+6 8
+1 8
+1 16
+4 8
+1 8
+3 8
+1 8
+1 8
+2 8
+1 8
+1 8
+4 8
+1 8
+1 8
+1 8
+1 8
+1 8
+69 6
+1 6
+1 6
+1 6
+1 6
+2 6
+1 6
+1 6
+1 6
+1 6
+1 6
+1 6
+1 3
+4 3
+1 3
+1 3
+6 3
+1 3
+1 6
+4 3
+1 3
+3 3
+1 3
+1 3
+2 3
+1 3
+1 3
+4 3
+1 3
+1 3
+1 3
+1 3
+1 3
+69 10
+1 10
+1 10
+1 10
+1 10
+2 10
+1 10
+1 10
+1 10
+1 10
+1 10
+1 10
+1 2
+4 2
+1 2
+1 2
+6 2
+1 2
+1 4
+4 2
+1 2
+3 2
+1 2
+1 2
+2 2
+1 2
+1 2
+4 2
+1 2
+1 2
+1 2
+1 2
+1 2
+69 21
+1 21
+1 21
+1 21
+1 21
+2 21
+1 21
+1 21
+1 21
+1 21
+1 21
+1 21
+1 11
+4 11
+1 11
+1 11
+6 11
+1 11
+1 22
+4 11
+1 11
+3 11
+1 11
+1 11
+2 11
+1 11
+1 11
+4 11
+1 11
+1 11
+1 11
+1 11
+1 11
+7 2
+1 2
+2 2
+1 2
+2 2
+1 2
+1 2
+2 2
+1 2
+1 2
+4 2
+1 2
+1 2
+1 2
+1 2
+1 2
+41 22
+1 22
+1 22
+1 22
+1 22
+2 22
+1 22
+1 22
+1 22
+1 22
+1 22
+1 22
+1 8
+4 8
+1 8
+1 8
+6 8
+1 8
+1 16
+4 8
+1 8
+3 8
+1 8
+1 8
+2 8
+1 8
+1 8
+4 8
+1 8
+1 8
+1 8
+1 8
+1 8
+69 5
+1 5
+1 5
+1 5
+1 5
+2 5
+1 5
+1 5
+1 5
+1 5
+1 5
+1 5
+1 4
+4 4
+1 4
+1 4
+6 4
+1 4
+1 8
+4 4
+1 4
+3 4
+1 4
+1 4
+2 4
+1 4
+1 4
+4 4
+1 4
+1 4
+1 4
+1 4
+1 4
+7 3
+1 3
+2 3
+1 3
+2 3
+1 3
+1 3
+2 3
+1 3
+1 3
+4 3
+1 3
+1 3
+1 3
+1 3
+1 3
+41 24
+1 24
+1 24
+1 24
+1 24
+2 24
+1 24
+1 24
+1 24
+1 24
+1 24
+1 24
+1 12
+4 12
+1 12
+1 12
+6 12
+1 12
+1 24
+4 12
+1 12
+3 12
+1 12
+1 12
+2 12
+1 12
+1 12
+4 12
+1 12
+1 12
+1 12
+1 12
+1 12
+7 1
+1 1
+2 1
+1 1
+2 1
+1 1
+1 1
+2 1
+1 1
+1 1
+4 1
+1 1
+1 1
+1 1
+1 1
+1 1
+41 24
+1 24
+1 24
+1 24
+1 24
+2 24
+1 24
+1 24
+1 24
+1 24
+1 24
+1 24
+1 7
+4 7
+1 7
+1 7
+6 7
+1 7
+1 14
+4 7
+1 7
+3 7
+1 7
+1 7
+2 7
+1 7
+1 7
+4 7
+1 7
+1 7
+1 7
+1 7
+1 7
+69 27
+1 27
+1 27
+1 27
+1 27
+2 27
+1 27
+1 27
+1 27
+1 27
+1 27
+1 27
+2 9
+4 9
+1 9
+1 9
+6 9
+1 9
+2 18
+4 9
+1 9
+3 9
+1 9
+1 9
+2 9
+1 9
+1 9
+4 9
+1 9
+1 9
+1 9
+1 9
+1 9
+7 2
+1 2
+2 2
+1 2
+2 2
+1 2
+1 2
+2 2
+1 2
+1 2
+4 2
+1 2
+1 2
+1 2
+1 2
+1 2
+43 135
+2 135
+1 135
+1 135
+1 135
-3 100
+1 100
+1 100
+1 100
+1 180
+5 90
+6 90
+1 90
+8 90
+1 90
-16 456
+6 456
+1 456
+8 456
+1 456

fl=(64) ./elf/./elf/dl-deps.c
fn=(206) openaux
61 48
+7 8
-4 24
+1 8
-1 56
cfi=(36)
cfn=(162)
calls=8 1967 
* 16541
* 8
+5 24

fn=(202) _dl_map_object_deps
143 4
+1 2
-1 1
+1 1
-1 2
+1 1
-1 1
+1 1
-1 4
+1 3
-1 1
+1 7
-8 1
+8 2
-8 1
-6 1
-2 1
+16 1
-8 1
-7 1
+1 1
+6 1
+24 4
-28 3
-2 1
+31 1
-33 2
+2 2
+30 2
-30 1
-1 4
+7 4
+24 3
+28 3
-6 1
+46 1
fi=(72) ./elf/../include/scratch_buffer.h
77 1
fe=(64)
+87 1
fi=(72)
-87 1
+1 1
fe=(64)
184 1
+44 4
-31 1
-4 1
+4 7
-4 5
+4 10
+11 16
-18 2
+18 4
417 12
+2 4
+3 4
-3 12
+3 4
-3 4
fi=(28)
56 4
cfi=(27)
cfn=(78)
calls=4 -20 
* 120
fe=(64)
423 12
fi=(28)
56 4
fe=(64)
423 4
+6 4
+1 20
cfi=(29)
cfn=(82)
calls=4 210 
* 44
+1 20
cfi=(29)
cfn=(82)
calls=4 210 
* 44
+3 4
+1 8
+4 18
188 10
442 15
-1 6
+1 12
183 6
+27 16
+7 4
+4 4
-6 4
+1 4
+1 4
+1 8
+3 12
-2 4
-29 20
+32 240
+6 32
cfi=(36)
cfn=(204)
calls=8 +10 
* 448
* 24
+4 16
-2 8
+2 16
cfi=(50) ./elf/./elf/dl-catch.c
cfn=(156) _dl_catch_exception
calls=8 -28 
* 17245
+1 16
+9 8
+2 16
+5 20
+6 4
+2 4
-8 8
+3 4
+1 4
+1 4
+1 4
+4 4
-3 4
+3 12
+4 24
+1 15
-43 492
+7 16
+38 336
fi=(72)
85 3
fe=(64)
448 5
+1 1
+3 4
+11 5
fi=(28)
56 1
cfi=(27)
cfn=(78)
calls=1 -20 
* 30
fe=(64)
465 3
fi=(28)
56 1
fe=(64)
465 1
+5 2
+1 1
-1 3
+4 3
-2 2
+13 5
+5 5
-16 15
+11 5
-7 5
+7 5
-2 10
-5 1
+7 1
-2 2
+2 1
-11 1
+11 1
+5 1
-16 3
+21 3
+37 2
+15 2
-14 2
+20 1
-1 4
+1 4
-1 5
cfi=(13)
cfn=(232)
calls=1 298 
* 413
+5 1
+2 1
+1 1
+1 2
-2 1
+2 1
+7 3
+3 2
+3 8
198 39
+3 4
fi=(72)
-70 16
cfi=(71) ./malloc/./malloc/scratch_buffer_set_array_size.c
cfn=(228) __libc_scratch_buffer_set_array_size
calls=4 30 
* 100
fe=(64)
+70 12
+4 8
547 4
cfi=(29)
cfn=(82)
calls=1 210 
* 19
* 3
-53 2
144 2

fl=(54)
fn=(170)
25 4
+1 16
+1 4

fl=(58)
fn=(180)
33 2
+2 7
-2 4
+7 1
-7 2
+7 1
-7 2
+7 1
-7 1
+7 1
cfi=(11)
cfn=(28)
calls=1 387 
* 24
* 3
+7 1
+2 6

fl=(7)
fn=(130)
239 2
+3 4
+2 2
+1 4
+4 3
-2 2
+4 28
+5 84
-2 56
+13 1
+4 4
-22 14
+15 14
-15 30

fn=(536) lookup_malloc_symbol
61 8
+3 4
-3 12
+3 4
-3 12
+3 4
-3 4
+2 4
+1 16
cfi=(78)
cfn=(270)
calls=4 772 
* 2540
+4 28
+1 28
+2 4
fi=(166) ./elf/./dl-sym-post.h
-30 8
+12 12
fe=(7)
+19 24

fn=(12) __rtld_malloc_init_stubs
42 1
+1 2
+1 2
+1 2
+1 2
+1 1

fn=(532) __rtld_malloc_init_real
76 2
+10 1
fi=(165) ./elf/../sysdeps/generic/dl-hash.h
-41 1
-1 1
fe=(7)
+32 8
+11 1
-1 1
fi=(165)
-43 1
+5 3
+14 4
-17 3
+3 15
+14 20
-17 15
fe=(7)
+46 2
fi=(165)
-24 1
fe=(7)
+22 1
+2 2
fi=(165)
-19 1
fe=(7)
+19 1
cfn=(536)
calls=1 -30 
* 660
+1 3
-1 1
+1 1
cfn=(536)
calls=1 -31 
* 649
+1 3
-1 1
+1 1
cfn=(536)
calls=1 -32 
* 734
+1 3
-1 1
+1 1
cfn=(536)
calls=1 -33 
* 669
+5 1
+1 1
+1 1
+1 1
+1 8

fl=(2) ./elf/./elf/rtld.c
fn=(238) version_check_doit
674 2
+2 1
-2 4
+2 3
cfi=(73) ./elf/./elf/dl-version.c
cfn=(240) _dl_check_all_versions
calls=1 392 
* 16033
* 2
+4 3

fn=(160) map_doit
641 2
+2 1
-2 4
+2 1
+1 2
-1 2
+1 3
cfi=(36)
cfn=(162)
calls=1 1967 
* 2643
* 1
+2 3

fn=(2) _dl_start
517 16
85 1
547 4
85 1
543 1
fi=(6)
55 1
fe=(2)
+30 1
546 1
85 1
fi=(3) ./elf/./get-dynamic-info.h
-40 1
fe=(2)
546 1
fi=(3)
45 2
+23 18
-23 72
+4 36
+3 5
-1 10
+3 20
+1 16
+1 5
fi=(4)
+23 1
fi=(3)
+31 1
-38 3
+12 4
+1 3
+1 4
+1 4
+1 5
+1 3
+1 4
+1 4
+12 7
+7 2
-51 4
+64 3
+6 3
+1 3
+3 2
+1 3
+5 5
+3 5
fe=(2)
563 154
fi=(4)
79 1
fe=(2)
563 1
fi=(4)
79 2
fe=(2)
563 27
fi=(6)
287 3
fi=(5)
49 1
fe=(2)
563 1
fi=(5)
50 1
-1 2
+4 1
-3 1
+3 4
+3 2
-7 1
fe=(2)
563 1
fi=(5)
50 1
-1 2
+4 1
-3 1
+3 4
+3 2
+7 3
+2 3
-2 6
fi=(6)
278 3
fi=(5)
64 6
fi=(6)
278 6
+9 24
+3 6
+1 6
+26 8
+6 2
fi=(5)
61 13
fe=(2)
563 6
fi=(5)
51 1
fi=(4)
+28 2
fi=(3)
-17 4
+2 4
fe=(2)
565 1
+13 1
cfi=(7)
cfn=(12)
calls=1 42 
* 10
458 2
85 1
476 2
85 3
476 1
cfi=(8)
cfn=(14)
calls=1 25 
* 27
+2 1
+16 2
-17 1
+11 1
-10 1
+16 1
cfi=(9) ./elf/../sysdeps/unix/sysv/linux/dl-sysdep.c
cfn=(16) _dl_sysdep_start
calls=1 102 
* 362333
* 1
+2 2
+89 9
fi=(3)
103 3
fe=(2)

fn=(66) dl_main
1346 2
197 1
1346 11
199 1
302 1
+1 1
197 1
+99 3
1357 1
cfi=(24)
cfn=(68) __tls_pre_init_tp
calls=1 53 
* 17
2749 1
2538 1
2749 2
2598 1
+2 2
+15 1
-13 2
cfi=(25) ./elf/./elf/dl-environ.c
cfn=(70) _dl_next_ld_env_entry
calls=1 28 
* 113
* 4
cfi=(25)
cfn=(70)
calls=2 28 
* 377
* 9
+4 6
-2 2
+2 6
+1 2
-1 6
+1 17
-1 89
+9 12
2727 3
1373 1
+1 2
-1 2
+1 2
2687 3
-47 2
+10 2
1637 9
cfi=(26)
cfn=(72)
calls=1 59 
* 210
* 1
+2 2
+1 3
+6 1
-5 2
+1 3
+4 1
cfi=(26)
cfn=(84)
calls=1 31 
* 42
+1 2
1116 1
-1 1
1351 1
1143 1
-21 2
+21 2
-19 1
+1 1
-3 1
+21 2
+57 1
-82 1
+25 1
-3 1
+4 1
+19 1
+37 4
-56 99
+56 4
-1 4
+1 8
-1 4
+2 8
+1 1
+2 12
+1 14
+4 8
+1 8
+1 4
+4 12
-72 21
1253 2
+1 22
-1 24
+1 12
+6 12
-6 24
fi=(30)
235 2
+1 1
-87 4
fe=(2)
1221 3
+7 1
-1 2
+6 1
-6 2
-79 1
+85 3
-90 2
+91 1
+1 1
-1 1
+4 2
-95 2
+5 1
-5 1
+5 2
-5 2
+30 1
-9 2
+2 1
-3 1
+10 2
+18 2
-38 2
-10 1
+10 1
+1 9
-11 2
+1 10
1247 1
1143 1
1247 2
1143 2
1266 4
+2 3
+1 3
+2 3
1672 3
+2 2
-1 1
+1 1
+1 3
-2 2
cfi=(31)
cfn=(90)
calls=1 98 
* 25
* 2
+7 1
+3 1
-5 1
+3 1
+2 1
+1 2
+4 2
+2 2
fi=(3)
39 4
+4 1
+2 1
+9 1
+1 1
-10 2
+23 28
-23 112
+4 56
+3 6
-1 12
+3 24
+1 20
fe=(2)
1243 1
1143 1
1243 1
1143 2
fi=(3)
72 4
+43 2
+7 3
+1 4
+6 3
+18 4
+5 2
+2 2
+2 2
+2 2
+1 2
+3 4
+2 3
+1 2
+9 2
+6 2
+1 3
+3 3
fe=(2)
1698 4
+7 2
cfi=(8)
cfn=(14)
calls=1 25 
* 27
+3 2
fi=(32) ./elf/./setup-vdso.h
24 2
fi=(35) ./elf/./dl-main.h
+85 2
fi=(34) ./elf/../sysdeps/unix/sysv/linux/dl-vdso-setup.h
-64 1
fi=(35)
+64 3
cfi=(36)
cfn=(102)
calls=1 706 
* 2322
fe=(2)
1733 3
cfi=(45)
cfn=(140) _dl_debug_initialize
calls=1 56 
* 34
+7 1
-5 1
-2 1
+7 1
+4 1
+1 1
+2 1
-3 3
+1 2
+3 1
+11 1
-13 1
+13 1
+1 2
+5 1
-3 2
+2 1
+1 2
+5 3
+1 5
-1 2
224 1
+1 1
-1 1
+1 3
+1 2
1788 2
+5 1
-1 1
1352 1
1793 1
+24 1
cfi=(46)
cfn=(142)
calls=1 192 
* 6
* 1
fi=(47) ./elf/../sysdeps/generic/dl-debug.h
29 4
+1 1
fe=(2)
1823 1
+1 1
cfi=(45)
cfn=(146) _dl_debug_state
calls=1 116 
* 2
+1 1
+4 3
cfi=(48)
cfn=(148)
calls=1 29 
* 17
+5 3
+2 1
+2 2
+9 2
+16 4
cfi=(63) ./io/../sysdeps/unix/sysv/linux/access.c
cfn=(200) access
calls=1 25 
* 9
* 2
+76 4
+16 3
85 1
1965 1
85 2
1965 1
85 1
1965 5
85 1
1965 2
cfi=(64)
cfn=(202)
calls=1 143 
* 20416
92 1
+9 1
1971 1
92 2
+9 2
1971 2
+1 6
-1 4
+1 10
-1 20
+4 3
+1 2
+1 1
+2 22
+1 10
+46 1
-42 2
+8 3
+1 2
+2 1
+2 3
+2 1
-4 1
+5 1
-1 2
+14 2
+1 2
+1 3
-25 1
+36 2
+2 1
-2 1
+2 2
-2 1
+1 2
+1 1
-1 2
+1 1
cfi=(50)
cfn=(236) _dl_receive_error
calls=1 186 
* 16070
+10 1
+1 1
-1 1
+1 1
+3 2
837 1
fi=(278) ./elf/../sysdeps/unix/sysv/linux/dl-osinfo.h
39 2
fe=(2)
839 1
fi=(278)
52 1
fe=(2)
848 1
+7 1
-5 1
2047 3
2246 2
+4 1
-4 1
+10 1
-6 1
+6 1
-6 1
+9 2
+8 2
fi=(30)
36 2
+1 3
+3 3
+13 8
-13 5
+9 10
-9 1
+9 24
+4 20
-16 18
+34 1
fe=(2)
2279 1
fi=(30)
71 1
cfi=(76) ./elf/../sysdeps/x86_64/dl-cet.c
cfn=(260) _dl_cet_check
calls=1 361 
* 33
fe=(2)
2282 1
-3 2
+5 1
-2 2
+2 2
+1 6
cfi=(77)
cfn=(262)
calls=1 207 
* 74925
85 2
2292 1
85 2
2292 1
+1 17
+2 12
+5 12
+2 12
+6 6
+2 12
+1 40
cfi=(77)
cfn=(262)
calls=5 207 
* 177843
+4 18
+1 6
-23 3
+23 3
cfi=(46)
cfn=(438)
calls=3 1017 
* 84
-23 7
92 3
+1 1
2325 1
93 1
2325 1
+4 4
+2 1
+7 4
cfi=(46)
cfn=(522)
calls=1 523 
* 343
+3 2
+4 3
+2 2
+33 3
cfi=(169) ./elf/./elf/dl-call-libc-early-init.c
cfn=(546) _dl_call_libc_early_init
calls=1 27 
* 603
+7 1
cfi=(9)
cfn=(562) _dl_sysdep_start_cleanup
calls=1 147 
* 2
+3 3
cfi=(48)
cfn=(564)
calls=1 41 
* 11
+4 2
cfi=(45)
cfn=(196)
calls=1 38 
* 7
+1 1
-1 1
+2 1
cfi=(45)
cfn=(146)
calls=1 116 
* 2
+1 1
+4 1
cfi=(67)
cfn=(566) _dl_unload_cache
calls=1 525 
* 19
+5 8
2304 1
+1 1
-3 2
226 2
-2 1
+1 1
1773 1
+6 1
-6 2
+6 1
fi=(3)
56 5
+3 4
fi=(33) ./elf/../sysdeps/unix/sysv/linux/dl-vdso.h
-19 2
+1 5
fi=(34)
-11 1
+3 1
+3 1
+3 1
fi=(33)
+16 2
fi=(3)
+17 3
+12 3
+1 5
+1 5
+1 5
+1 4
+1 5
+1 5
+1 5
+12 2
+7 1
-7 7
+7 2
fe=(2)
1743 4
2357 1
cfi=(163) ./elf/./elf/dl-find_object.c
cfn=(524) _dl_find_object_init
calls=1 561 
* 873
+5 3
cfi=(7)
cfn=(532)
calls=1 76 
* 2823
+3 1
cfi=(167) ./elf/../sysdeps/nptl/dl-mutex.c
cfn=(540) __rtld_mutex_init
calls=1 30 
* 503
85 1
2371 1
+1 3
85 3
2372 2
cfi=(77)
cfn=(262)
calls=1 207 
* 1785
92 3
+9 3
2687 2
+2 1
+1 1
-1 1
+1 1
+1 1
2040 2
cfn=(246) init_tls
calls=1 734 
* 862
* 2
2650 2
+2 2
+1 1
fi=(3)
62 4
+2 4
fe=(2)
1943 10
85 1
1842 2
85 3
1842 2
cfn=(150) handle_preload_list
calls=1 869 
* 3098
* 1
92 3
+9 3
1943 6
+1 1
-1 1
+4 3
+1 1
+1 2
+1 2
-7 2

fn=(246)
734 1
+6 1
-6 3
+2 2
+4 2
+11 1
fi=(28)
44 1
fe=(2)
746 1
+4 1
fi=(28)
44 1
cfi=(27)
cfn=(74)
calls=1 +36 
* 41
fe=(2)
761 1
-12 1
+6 1
-9 1
+11 1
+4 1
+2 3
-1 2
+3 12
+4 3
+2 3
-2 6
-5 3
-1 6
+10 3
+3 2
cfi=(46)
cfn=(248)
calls=1 97 
* 86
+3 1
cfi=(46)
cfn=(250)
calls=1 216 
* 147
+7 1
cfi=(46)
cfn=(252)
calls=1 417 
* 414
* 1
+1 2
+6 1
fi=(74) ./elf/../sysdeps/generic/dl-call_tls_init_tp.h
31 2
fe=(2)
793 1
fi=(74)
31 6
+2 1
cfi=(24)
cfn=(256) __tls_init_tp
calls=1 +35 
* 79
fe=(2)
800 1
-3 1
+3 4
-36 3
-1 7

fn=(150)
869 11
+5 1
-5 2
+5 2
-4 3
+7 3
cfi=(49) ./string/../string/strcspn.c
cfn=(152) strcspn
calls=1 32 
* 254
* 1
+1 3
+9 1
183 1
889 2
183 2
891 2
-80 1
+5 1
-6 1
-4 1
+10 2
-6 1
+4 1
+2 2
-5 1
+1 1
+4 1
cfi=(50)
cfn=(154) _dl_catch_error
calls=1 254 
* 2754
+1 3
+8 3
+67 1
-18 2
+21 9
-15 4
cfi=(29)
cfn=(82)
calls=1 210 
* 19
+1 2

fl=(44)
fn=(134)
40 30
+1 5
cfi=(22)
cfn=(62)
calls=5 +16 
* 157
* 5
fi=(279) ./string/../include/rtld-malloc.h
+15 10
cfi=(27)
cfn=(78)
calls=5 -20 
* 150
fe=(44)
-12 10
+3 15
+1 15
-1 5
cfi=(29)
cfn=(82)
calls=5 210 
* 71

fl=(163)
fn=(528) _dlfo_process_initial
474 2
+3 2
-3 6
+1 2
+3 4
+26 14
+1 6
+1 12
-1 24
+3 44
+3 40
-7 10
+27 2
-2 2
+2 6
-18 30
+3 10
-1 10
cfi=(164) ./elf/./dl-find_object.h
cfn=(526) _dl_find_object_from_map
calls=5 95 
* 310
+2 20

fn=(530) _dlfo_sort_mappings
536 1
+1 2
+3 4
+4 1
+1 1
-1 1
+1 2
-1 3
+1 3
-1 3
+1 14
+1 50
+3 4
-1 4
-3 30
+8 12
+1 8
-1 4
-13 8
+14 12
+1 8
-15 8
+17 1

fn=(524)
561 2
+3 1
-3 3
+5 2
+13 1
cfn=(528)
calls=1 474 
* 113
+1 1
-1 1
+1 1
fi=(28)
56 1
cfi=(27)
cfn=(78)
calls=1 -20 
* 30
fe=(163)
580 1
fi=(28)
56 1
fe=(163)
582 2
+3 2
+5 1
+1 1
cfn=(528)
calls=1 474 
* 443
+3 3
+10 4
-37 2
cfi=(164)
cfn=(526)
calls=1 95 
* 63
* 1
+29 2
cfn=(530)
calls=1 -60 
* 184
+3 6
+2 1

fl=(9)
fn=(16)
102 5
+4 1
-4 1
+1 1
+3 1
cfn=(18) _dl_sysdep_parse_arguments
calls=1 -28 
* 506
+4 2
cfi=(11)
cfn=(22) __GI___tunables_init
calls=1 261 
* 49114
+3 1
cfi=(13)
cfn=(26) _dl_sort_maps_init
calls=1 289 
* 38
+2 2
cfi=(14) ./elf/../sysdeps/unix/sysv/linux/brk.c
cfn=(30) brk
calls=1 -79 
* 8
fi=(6)
220 1
cfi=(15)
cfn=(34) _dl_x86_init_cpu_features
calls=1 37 
* 7349
fe=(9)
-98 3
+1 1
cfi=(22)
cfn=(62)
calls=1 -66 
* 17
* 1
+2 2
cfi=(23) ./elf/../misc/sbrk.c
cfn=(64) sbrk
calls=1 -88 
* 16
* 3
+12 3
+3 5
cfi=(2)
cfn=(66)
calls=1 1346 
* 305248
+3 4

fn=(18)
78 1
+2 1
-2 6
+1 1
+1 1
-1 1
+2 2
+2 1
-2 1
+2 2
-1 1
+1 2
-1 75
+1 150
+7 56
fi=(10) ./elf/../sysdeps/unix/sysv/linux/dl-parse_auxv.h
-49 1
fe=(9)
+45 1
fi=(10)
-54 1
fe=(9)
+54 1
fi=(10)
-54 1
+1 1
+1 1
+7 3
+1 40
+1 20
-2 20
+2 20
-2 61
fe=(9)
+52 3
+1 1
+1 2
fi=(10)
-49 1
+1 1
fe=(9)
+46 1
fi=(10)
-45 1
+3 1
+1 1
+1 1
+1 1
+2 1
-5 1
-4 1
+1 1
+4 1
+1 1
+3 1
-7 1
-4 1
+1 1
+8 1
fe=(9)
+40 1
-1 1
+2 1
+1 6

fn=(562)
147 1
+1 1

fl=(26)
fn=(72)
59 75
+3 10
+18 8
+3 4
cfi=(22)
cfn=(62)
calls=4 -26 
* 86
+4 4
-4 4
+4 4
+5 4
-9 12
fi=(28)
-39 8
cfi=(27)
cfn=(74)
calls=4 +36 
* 265
fe=(26)
+39 1
fi=(28)
-39 2
cfi=(27)
cfn=(74)
calls=1 +36 
* 47
* 5
fe=(26)
+51 10
+5 5
+4 5
-6 5
+2 5
+4 5
-5 5
+4 5
+1 5
-1 5
+1 10
cfi=(29)
cfn=(82)
calls=5 210 
* 66
* 5
+15 5
-15 5
+2 5
+13 10
+6 1
+2 7
+3 2
-3 28
+3 8
+2 5
+4 5
+3 14
+2 12
-2 8
+2 8
-2 16
+16 10
-5 5
+5 5
-6 5
+6 5
-6 5
+6 10
+2 8
+3 8
-3 8
+7 16
+4 12
+8 1
+13 1
-10 2
+10 7
-10 8
+10 12
+2 4
cfi=(22)
cfn=(62)
calls=4 57 
* 138
+21 4
-21 12
+17 4
-13 12
+50 12
cfi=(29)
cfn=(122)
calls=4 -48 
* 68
* 4
+5 8
+1 8
-1 128
+1 128
+4 8
+1 4
+3 4
+4 45
131 10
-8 4
-4 8
+34 1
+7 4
+8 16
fi=(28)
56 8
cfi=(27)
cfn=(78)
calls=4 -20 
* 120
* 4
fe=(26)
200 8
-1 8
64 2
+2 3
+1 2
+4 6
+6 2

fn=(84)
31 20
+2 5
-2 10
+2 5
-2 15
+2 5
cfi=(24)
cfn=(86)
calls=5 +9 
* 15
+2 44
+3 56
+2 4
+2 4
+4 4
+4 4
-4 8
+1 8
+1 8
+3 20
-1 4
cfi=(24)
cfn=(86)
calls=4 -8 
* 12
-4 1
+4 1
-4 2
+1 2
+1 2
+3 5
-1 1
cfi=(24)
cfn=(86)
calls=1 -8 
* 3
-5 2

fl=(273)
fn=(1516)
24 48
+4 12
+6 6
-2 6
+3 12
+3 4
+1 4
-1 4
+1 8
+3 16
+1 4
cob=(3)
cfi=(183) ???
cfn=(1592) 0x00000000000104a0
calls=1 -43 
* 98
cob=(6)
cfi=(184)
cfn=(1562)
calls=1 -43 
* 42
cob=(5)
cfi=(178)
cfn=(1544)
calls=1 -43 
* 98
cob=(7) /home/kawato/.cache/losat-web-gui-target/app-s09-native/release/LOSAT
cfi=(185) ???
cfn=(1518) 0x00000000000aa7d0
calls=1 -43 
* 97
* 1
cob=(6)
cfi=(184)
cfn=(1574)
calls=1 -43 
* 98
-1 20
+5 6
+1 12
+1 8
+1 20
-1 4
cob=(4)
cfi=(175)
cfn=(1608)
calls=1 -49 
* 4
cob=(4)
cfi=(175)
cfn=(1590)
calls=1 -49 
* 4
cob=(4)
cfi=(175)
cfn=(1560)
calls=1 -49 
* 4
cob=(4)
cfi=(175)
cfn=(1540)
calls=1 -49 
* 4
+1 12

fl=(20) ./elf/../sysdeps/x86/dl-cacheinfo.h
fn=(52) intel_check_word.constprop.0
123 48
-4 72
+10 24
-10 96
+10 48
-10 24
+10 24
-10 24
+10 24
+2 48
+71 48
fi=(21) ./elf/../bits/stdlib-bsearch.h
32 24
fe=(20)
202 120
-71 96
+2 60
+2 120
+8 120
+51 96
+22 48
fi=(21)
28 48
-1 96
+2 216
+2 168
+1 84
fe=(20)
+78 168
+3 324
fi=(21)
-78 264
-6 528
+2 480
+1 240
fe=(20)
+78 480
+15 12
246 144
fi=(21)
37 120
fe=(20)
155 36
+3 36
-6 12
+3 39
+9 18
+23 21
-32 63
+3 63
+4 58
+2 116
+3 84
+1 48
+1 48
+1 30
+2 11
+2 22
+6 14
+3 8
+1 12
-20 15
+12 4
+2 4
+1 4
-2 4
-1 4
+2 8
-2 4
+3 4
-2 12
+2 12
+11 2
-9 12

fn=(56) get_common_cache_info.constprop.0
571 11
+17 1
+1 1
+9 1
-12 1
+2 1
+2 1
+8 1
-11 1
+3 1
+11 2
-5 3
+17 1
+5 3
+4 2
770 5
+1 5
+4 2
+8 1
-1 1
+1 1
+1 1
+1 7
627 5
+3 6
-32 5
+75 4
+8 5
+2 2
-2 1
+6 3
+3 1
+1 5
-4 4
+21 2
-21 4
+2 1
+2 4
-4 1
+6 4
+3 2
+5 1
+2 2
+1 1
+1 1
-2 2
+1 1
-19 4
+46 2
+1 1
+1 2
+1 1
+25 3
630 3
+10 6
+14 2
+4 1
+3 1
+1 1
-4 2
+3 3
+6 4
-37 12
+7 6
-7 3
+7 2
+3 20
+5 2
+4 1
+1 1
-1 2
+1 1
+61 2
+7 1
+2 2
-16 1
+22 1
-6 2
+1 1
+5 1
-30 5

fn=(50) handle_intel.constprop.0
255 24
-5 12
+17 12
-17 96
+11 12
+1 12
+5 36
+4 24
+34 96
-29 12
+3 24
-3 12
+3 36
cfn=(52)
calls=12 123 
* 4092
+2 24
+3 60
cfn=(52)
calls=12 123 
* 1272
+2 24

fl=(11)
fn=(58) __GI___tunable_set_val
153 15
-81 40
+81 15
-81 10
+10 5
fi=(280) ./elf/./dl-tunable-types.h
+2 5
fe=(11)
+9 40
+1 25
fi=(12) ./elf/./elf/dl-tunables.h
+47 10
fe=(11)
-26 25
+1 5
+1 5
+1 5
+39 15
fi=(12)
-15 10
fe=(11)
-45 10
+3 5
fi=(12)
+51 5
fe=(11)
-51 5
+4 10
+7 10
+1 10
-12 25

fn=(28)
387 39
+3 78
-3 39
+3 312
+9 36
-9 72
+19 24
+7 234
+2 39
-19 15
+1 15
+9 6

fn=(22)
261 8
+22 1
-22 1
128 1
283 1
-22 1
+6 4
42 385
+6 76
-3 76
+3 9388
+4 152
+4 152
fi=(12)
160 76
fe=(11)
56 152
fi=(12)
161 26
-1 154
+1 254
-1 152
fe=(11)
281 12464
+6 22572
fi=(12)
160 760
+1 1520
-1 73
+1 292
-1 365
fe=(11)
304 8

fl=(50)
fn=(236)
186 2
58 1
186 4
+2 1
-2 1
58 1
+1 1
+11 1
192 1
+2 1
cfi=(2)
cfn=(238)
calls=1 674 
* 16048
69 2
+1 1
198 1
-1 1
+1 3

fn=(156)
204 54
58 9
204 18
+3 18
+22 9
-1 9
+1 9
58 18
235 27
cfi=(51) ./setjmp/../sysdeps/x86_64/setjmp.S
cfn=(158) __sigsetjmp
calls=9 31 
* 216
* 27
+2 27
cfi=(64)
cfn=(206)
calls=8 61 
* 16717
cfi=(2)
cfn=(160)
calls=1 641 
* 2662
69 9
+1 9
-1 9
+1 9
239 36
-25 9
+34 27
59 18
+11 27

fn=(154)
254 6
+2 1
-2 6
+2 1
cfn=(156)
calls=1 -52 
* 2728
+1 2
+1 1
+1 1
-1 1
+1 1
+2 6

fl=(63)
fn=(200)
25 1
+2 7
+4 1

fl=(16) ./elf/../sysdeps/x86/cpu-features.c
fn=(36) init_cpu_features.constprop.0
682 1
+17 1
-17 7
+3 1
+1 1
+1 1
+3 1
+9 2
+3 6
1001 3
+1 2
+3 2
+1 2
+6 1
+1 1
+1 1
+1 1
fi=(20)
792 1
+1 1
+2 1
+14 2
+85 1
+1 1
+15 1
-5 1
+5 1
-10 1
-6 1
+2 1
+14 1
-15 1
+2 1
-1 1
+2 1
-1 1
+2 1
-1 1
+1 1
+2 1
+1 1
+1 1
+1 1
+35 2
-15 3
+8 2
+27 6
+9 2
+19 2
+8 6
cfi=(11)
cfn=(28)
calls=1 387 
* 23
* 1
+2 2
+3 4
cfi=(11)
cfn=(28)
calls=1 387 
* 23
* 1
+2 2
+3 4
cfi=(11)
cfn=(28)
calls=1 387 
* 23
* 1
+1 5
+16 2
-12 5
cfi=(11)
cfn=(28)
calls=1 387 
* 23
* 1
+1 3
+6 3
+3 1
-3 2
cfi=(11)
cfn=(28)
calls=1 387 
* 23
* 1
+3 5
-3 1
+3 5
cfi=(11)
cfn=(58)
calls=1 153 
* 62
+1 10
cfi=(11)
cfn=(58)
calls=1 153 
* 62
+1 11
cfi=(11)
cfn=(58)
calls=1 153 
* 62
+3 10
cfi=(11)
cfn=(58)
calls=1 153 
* 62
+2 10
cfi=(11)
cfn=(58)
calls=1 153 
* 62
+13 1
+2 1
fe=(16)
-23 1
fi=(20)
+21 1
+3 1
fe=(16)
-24 1
fi=(20)
+26 1
-5 1
+2 1
-2 1
+3 1
fe=(16)
-24 1
fi=(20)
+25 1
+3 1
-1 1
fe=(16)
-27 1
cfi=(11)
cfn=(28)
calls=1 387 
* 22
+3 4
cfi=(11)
cfn=(28)
calls=1 387 
* 24
+6 3
+54 1
-1 1
+1 1
+45 4
cfi=(11)
cfn=(28)
calls=1 387 
* 22
+2 4
cfi=(11)
cfn=(28)
calls=1 387 
* 22
+6 4
cfi=(11)
cfn=(28)
calls=1 387 
* 24
+7 8
fi=(20)
974 12
fe=(16)
+68 1
-1 2
+1 3
+44 3
+27 2
-10 2
+1 2
+2 3
+1 2
+2 3
+1 2
fi=(20)
811 2
cfn=(50)
calls=1 255 
* 455
+1 1
-1 1
+1 1
cfn=(50)
calls=1 255 
* 503
+1 1
-1 1
+1 1
cfn=(50)
calls=1 255 
* 530
+4 1
-4 1
+1 2
+3 1
cfn=(50)
calls=1 255 
* 476
+2 1
-2 1
+2 1
cfn=(50)
calls=1 255 
* 468
+3 1
-3 1
+1 2
+2 1
cfn=(50)
calls=1 255 
* 446
+2 1
-2 1
+2 1
cfn=(50)
calls=1 255 
* 447
+3 1
-2 1
-1 1
+3 1
cfn=(50)
calls=1 255 
* 494
+2 1
-2 1
+2 1
cfn=(50)
calls=1 255 
* 495
+1 1
+2 1
-3 1
+1 1
+2 1
cfn=(50)
calls=1 255 
* 521
+2 1
-2 1
+2 1
cfn=(50)
calls=1 255 
* 522
+2 1
-2 1
+2 1
cfn=(50)
calls=1 255 
* 523
+2 4
-2 1
+2 1
cfn=(56)
calls=1 571 
* 223
+93 1
-6 3
+6 1
-6 2
+6 2
-6 2
+6 2
-1 2
fe=(16)
708 6
cfn=(38) get_common_indices.constprop.0
calls=1 398 
* 74
376 3
+1 2
+1 6
+5 2
713 1
cfn=(42) update_active.constprop.0
calls=1 72 
* 222
+2 1
+2 1
1015 1
715 2
878 2
+7 2
+2 2
+4 2
+6 2
+2 1
706 2
-3 1
384 6
+5 2
+1 7
717 1
fi=(20)
987 1
-48 1
fe=(16)
717 1
fi=(20)
987 2
fe=(16)
717 6
+4 7
+78 1
-25 3
+92 2
+3 2
fi=(20)
+38 1
fe=(16)
-37 1
-89 2
+51 2

fn=(38)
398 3
+4 4
+3 3
+5 2
-5 1
+5 1
-5 1
+4 1
+1 1
+1 4
+1 4
+1 3
+1 2
+7 2
+2 5
+5 1
-5 1
+5 1
-5 1
+5 1
-5 2
+5 1
+7 1
-7 4
+7 1
+1 3
+6 1
-6 4
+6 1
fi=(17) ./elf/../sysdeps/unix/sysv/linux/x86/dl-minsigstacksize.h
24 2
+3 2
+1 2
+37 3
+7 1
+2 1
fe=(16)
457 3

fn=(42)
72 8
+4 1
+10 1
+9 1
+9 1
-19 1
-1 1
+29 1
-4 1
-24 1
+9 1
+9 1
+9 1
-28 2
+25 1
-15 1
-9 1
+9 1
+9 1
+9 1
-3 1
+7 1
-13 1
+9 1
+4 2
-22 1
+22 2
-13 1
+6 1
+3 1
+5 1
+12 1
-8 1
-4 1
+7 1
-3 4
+1 1
+2 1
-2 2
+1 3
+5 1
+2 1
-2 4
+1 1
+1 1
-1 2
+1 1
-1 1
+3 2
+1 4
+14 2
356 2
+4 3
fi=(18) ./elf/../sysdeps/unix/sysv/linux/x86/dl-hwcap2.h
25 2
fi=(19)
+5 1
-2 1
+2 3
fe=(16)
369 1
+1 8
151 2
+1 2
-1 5
+1 2
+2 3
+90 1
+1 1
-1 2
+17 4
+16 2
+5 1
-1 2
+4 4
+4 2
+4 3
+1 2
+3 1
-1 1
+9 1
-5 1
+2 1
-2 1
+5 1
+51 1
fi=(19)
31 1
fe=(16)
356 2
fi=(19)
32 3
+4 3
fe=(16)
158 4
+3 1
+3 2
+14 1
+2 1
+10 3
-12 1
+12 1
-12 1
+2 2
-2 1
+2 1
+8 1
-8 1
+6 3
+2 1
-2 1
+2 3
+7 5
fi=(19)
39 2
+1 4
-2 1
+7 4
+2 1
+1 2
+3 5
+2 4
+1 2
+1 2
+3 1
-1 1
+1 3
fe=(16)
171 1
-5 2
+4 1

fl=(14)
fn=(30)
36 1
fi=(281) ./elf/../sysdeps/unix/sysv/linux/brk_call.h
-12 2
fe=(14)
+13 1
+1 2
+6 1
+1 1

fl=(73)
fn=(242) _dl_check_map_versions
155 60
+15 18
+2 30
+2 6
+1 6
+2 12
+3 8
-16 8
+20 4
-4 4
-24 4
+28 28
+16 8
36 4
200 4
36 28
200 8
36 4
200 4
36 28
+1 32
-1 64
+2 120
cfi=(52)
cfn=(164)
calls=40 +30 
* 3951
* 88
208 24
+5 8
fi=(282) ./elf/../sysdeps/generic/_itoa.h
76 24
fe=(73)
213 16
+4 16
+1 16
-1 16
+4 8
-3 8
+3 8
-3 24
-1 52
+1 52
-1 52
+4 26
-3 26
+3 26
-3 168
56 136
+8 102
+6 102
+16 34
+1 68
+2 34
+5 238
+14 1126
+12 1587
+4 529
-30 1058
231 136
+3 102
+5 26
-24 26
110 34
+3 170
cfi=(31)
cfn=(90)
calls=34 -15 
* 1385
* 102
224 102
+1 3
cfi=(31)
cfn=(90)
calls=1 98 
* 71
* 2
+3 18
+15 24
+5 4
-50 4
+59 20
+3 8
+3 28
+3 16
+4 4
-7 16
+3 12
+4 73
-7 292
+3 223
+8 12
+6 10
fi=(28)
44 5
fe=(73)
280 10
fi=(28)
44 5
cfi=(27)
cfn=(74)
calls=5 +36 
* 260
fe=(73)
281 10
-2 5
fi=(28)
44 5
fe=(73)
281 5
+13 5
-3 5
+3 20
+2 10
+3 16
+4 24
+7 34
+1 34
-1 102
+1 34
+1 34
-2 34
+2 68
+1 102
+3 102
+5 26
-15 26
+2 26
-2 26
+2 26
-2 26
+2 52
-2 8
+2 8
-2 8
+2 8
-2 8
+2 16
+16 24
+5 4
-28 4
+33 8
+3 8
+4 77
+6 77
+1 77
+1 77
-1 231
+1 77
-1 77
+1 77
+1 77
+3 231
+4 77
-14 162
+10 12
+12 8
+1 8
+1 8
+1 4
+19 54
164 2
-8 2
257 5
+17 3
+60 2
-40 2
+76 4
+2 4
+4 2
-4 120
+1 60
+2 1
+1 2
-1 1
+1 1
cfi=(31)
cfn=(244)
calls=1 98 
* 32
* 2

fn=(240)
392 7
+4 5
-2 1
+4 36
cfn=(242)
calls=6 155 
* 15935
-2 6
+2 18
-1 6
-1 12
+5 7

fl=(164)
fn=(526)
95 12
+1 12
+1 6
+6 30
+1 171
+1 118
+2 18
+5 6

fl=(43)
fn=(126)
132 11
+1 55
+5 11
+1 11
+3 4
+1 4
244 4
+1 4
+12 4
+3 4
+1 4
+12 4
+1 4
+13 4
+1 4
+2 4
+3 3
+3 6
+3 3
+1 3
+1 3
+1 3
+1 3
+1 3
+1 3
-6 40
+1 40
+1 40
+1 40
+1 40
+1 40
+1 40
+3 4
+1 4
+1 4
+1 4
+5 4
+34 7
+2 7
+1 7
+39 7
+1 7
+2 7

fl=(66) ./io/../sysdeps/unix/sysv/linux/fstatat64.c
fn=(212) fstatat
146 6
-55 6
+70 7
+1 1
-2 4
+1 4

fl=(168) ./elf/./elf/dl-lookup-direct.c
fn=(542) _dl_lookup_direct
74 30
+2 3
-2 6
+4 3
-4 3
+2 3
+2 9
+37 3
-37 9
+1 6
+2 12
+3 25
+2 6
-54 3
+54 3
-54 3
+54 3
-54 9
+1 9
+2 6
+1 6
+12 9
+3 3
+2 6
-2 3
+2 9
cfi=(31)
cfn=(90)
calls=3 +45 
* 209
* 6
+4 6
+1 3
-1 3
+1 18
+1 9
cfi=(31)
cfn=(90)
calls=3 +39 
* 198
* 6
+57 27
-23 6

fl=(13)
fn=(26)
289 2
+1 2
-1 2
+1 2
cfi=(11)
cfn=(28)
calls=1 +97 
* 24
+2 3
-1 1
+2 2

fn=(232)
298 24
+8 2
-8 2
+8 4
+4 16
-99 2
-28 2
-2 2
+1 4
+29 2
-28 8
+1 2
-1 2
+1 2
-1 4
+1 10
-1 10
+1 10
-1 20
+28 30
+8 6
-3 2
+2 2
+1 4
-3 2
+5 38
+2 12
-83 60
cfn=(234) dfs_traversal.part.0
calls=12 -5 
* 498
+86 36
+18 8
+32 8
+7 2
+27 2
-47 6
cfi=(29)
cfn=(82)
calls=2 -53 
* 38
* 2

fn=(234)
135 108
+10 12
-2 12
+2 24
+2 36
-7 48
+7 96
+9 24
+15 36
+1 12
+1 72
-17 18

fl=(25)
fn=(70)
28 3
+1 3
+3 84
+13 74
-13 148
+2 152
+1 18
+5 2
-3 2
+3 2
+2 2

fl=(67)
fn=(222) _dl_cache_libcmp
357 23
+1 23
+32 23
-33 23
+1 54
+2 129
+2 129
-2 258
+20 250
+2 250
-12 106
+2 106
+14 106
+1 106
-29 212
+32 12
-28 8
+6 4
+2 4
-2 4
+1 4
-1 4
+1 4
-1 4
+2 12
+2 4
-3 4
+3 12
+2 8
+9 57

fn=(566)
525 1
+1 4
-1 1
+3 1
-3 1
+3 1
cfi=(140)
cfn=(568)
calls=1 117 
* 6
+7 1
-6 1
+4 1
+2 1

fn=(214)
403 30
+2 6
+3 9
+69 6
+5 3
205 3
482 6
+3 9
fi=(69) ./elf/../sysdeps/x86/dl-procinfo.h
39 6
+3 9
cfi=(31)
cfn=(90)
calls=3 +56 
* 75
* 12
fe=(67)
208 18
cfi=(11)
cfn=(28)
calls=3 387 
* 69
* 3
+12 3
-10 3
-2 3
+12 6
-7 15
+9 15
+1 3
-32 6
+36 3
-4 3
+4 6
-5 80
+1 16
-32 32
+36 16
-4 16
+4 32
+4 57
cfn=(222)
calls=19 357 
* 1494
+1 38
346 16
+3 7
220 14
347 9
220 24
+2 30
+20 8
+3 8
+2 16
cfn=(222)
calls=4 357 
* 449
* 8
+2 1
-9 8
-30 9
+1 3
fi=(283) ./elf/../sysdeps/x86/dl-isa-level.h
28 6
fe=(67)
210 6
fi=(283)
28 3
fe=(67)
210 3
+1 3
-1 9
+76 9
fi=(283)
28 9
fe=(67)
259 6
+10 9
+1 12
+16 3
fi=(68) ./elf/../sysdeps/generic/dl-cache.h
125 3
fe=(67)
286 9
+9 6
+3 6
+3 3
+1 9
+28 6
500 6
+12 6
cfi=(22)
cfn=(62)
calls=3 57 
* 105
+1 3
-1 3
+1 36
+1 3
-1 3
+1 3
-1 3
+1 3
cfi=(29)
cfn=(82)
calls=3 210 
* 41
* 3
+1 3
cfi=(44)
cfn=(134)
calls=3 40 
* 293
+1 24
411 4
cfi=(52)
cfn=(216) _dl_sysdep_read_whole_file
calls=1 36 
* 103
* 1
+8 5
+1 8
+3 3
+1 1
-1 3
fi=(68)
194 1
+1 5
fe=(67)
431 1
+1 2

fl=(70)
fn=(226)
25 4
+1 8
+1 2

fl=(22)
fn=(62)
57 25
+44 25
+1 25
+1 25
+1 25
+1 25
+1 25
+1 25
+2 25
+2 25
+31 24
+1 24
+1 24
+1 24
+1 24
+1 13
+2 13
+4 11
+1 11
+1 11
+1 11
+1 11
+1 11
+1 11
+1 11
+1 11
+1 11
+1 11
+1 11
+5 88
+4 1
+1 14
+1 8

fl=(76)
fn=(574) _dl_cet_setup_features
331 1
+3 2
+16 1

fn=(260)
361 8
-76 1
-10 2
+2 2
-1 1
+6 1
+3 1
+8 1
-11 1
+1 1
-1 1
+1 1
-1 1
+1 1
+10 4
+70 6

fl=(23)
fn=(64)
37 4
+3 1
-3 2
+21 2
+4 2
+16 5

fl=(53)
fn=(168)
28 20
+3 10
-3 20
+3 60
+8 70
+2 10
-2 15
+2 10

fl=(51)
fn=(158)
31 9
+2 9
+9 9
+1 18
+1 9
+4 9
+1 9
+1 9
+1 9
+1 9
+2 18
+2 9
+1 9
+1 9
+2 18
+2 9
+8 9
+3 9
+1 9
+7 9
+1 9

fl=(42) ./string/../sysdeps/x86_64/multiarch/../multiarch/memcmp-sse2.S
fn=(118) bcmp
59 1
+12 1
+1 1
+22 1
+1 1
+45 1
+1 1
+2 1
+1 1
+2 1
+1 1
+2 1
+1 1
+47 1
+1 1
+1 1
+1 1
+1 1
+1 1

fl=(65)
fn=(210)
28 6
+1 12
cfi=(66)
cfn=(212)
calls=3 146 
* 28

fl=(169)
fn=(546)
27 1
+2 2
-2 1
+6 3
-6 3
+6 1
-6 2
+6 1
cfi=(168)
cfn=(542)
calls=1 +41 
* 225
+4 2
+2 3
+2 1
-1 1
-1 1
+2 2
-1 1
cob=(2)
cfi=(170) ./elf/./elf/libc_early_init.c
cfn=(548) __libc_early_init
calls=1 -7 
* 353

fl=(177) ./elf/./elf/dl-init.c
fn=(580) call_init.part.0
26 72
+17 6
+3 6
-3 12
+3 12
+5 10
+8 15
+1 18
cob=(4)
cfi=(175)
cfn=(612)
calls=1 -60 
* 7
cob=(4)
cfi=(175)
cfn=(602)
calls=1 -60 
* 7
cob=(4)
cfi=(175)
cfn=(582)
calls=1 -60 
* 7
+3 5
+1 10
+6 8
+2 8
-2 4
+3 26
+1 8
cob=(6)
cfi=(184)
cfn=(618)
calls=1 -74 
* 12
cob=(2)
cfi=(182) ./libio/./libio/vtables.c
cfn=(600) check_stdfiles_vtables
calls=1 545 
* 12
* 16
cob=(6)
cfi=(184)
cfn=(616)
calls=1 -74 
* 364
cob=(3)
cfi=(183)
cfn=(606) 0x00000000000104e0
calls=1 -74 
* 12
cob=(2)
cfi=(179) ./csu/./csu/init-first.c
cfn=(592) _init_first
calls=1 -28 
* 135
cob=(5)
cfi=(178)
cfn=(586)
calls=1 -74 
* 12
-1 18
+3 48
-29 2

fn=(578) _dl_init
81 13
+1 1
+1 1
+3 3
+8 2
+25 1
+1 8
+1 12
-92 12
+6 18
+2 27
+83 10
cfn=(580)
calls=5 -94 
* 795
* 10
+7 8
-98 2
+60 2
-54 3
+2 7
cfn=(580)
calls=1 -11 
* 77
* 2

fl=(167)
fn=(540)
30 2
+10 3
-10 3
+10 1
-10 1
+10 1
-10 1
+7 1
+3 2
cfi=(168)
cfn=(542)
calls=1 +34 
* 233
+4 2
+1 8
+2 3
-2 1
+2 3
cfi=(168)
cfn=(542)
calls=1 +27 
* 223
+4 2
+1 7
+1 6

fl=(8)
fn=(14)
25 6
+3 6
-3 6
+3 12
+3 18
+1 12
+2 6
-1 6
+3 18
+1 6
+1 12
+7 6
-5 6
-2 6
+3 12
+2 6
+2 12
+5 6

fl=(78)
fn=(270)
772 1254
+3 209
-3 627
+3 209
-3 836
fi=(79) ./elf/../sysdeps/generic/dl-new-hash.h
74 209
+3 418
-8 209
+1 418
+10 209
+1 418
-1 1191
+1 2382
+20 1296
-2 1296
+6 1296
-3 2592
+2 1296
-30 1296
+3 2592
fe=(78)
774 209
+1 209
+3 209
-4 209
+1 209
+7 806
+5 209
-2 209
+2 209
-2 209
+6 2991
+1 2926
cfn=(274) do_lookup_x
calls=209 347 
* 96786
* 627
+28 209
-23 627
+23 209
-23 418
+24 1160
+7 196
-7 196
+35 784
+34 784
-20 588
+3 392
-57 209
+76 1881
fi=(79)
87 104
+1 104
+1 208
+1 104
fe=(78)
871 2
-72 78
+18 39
+11 52

fn=(276) check_match
70 3045
+3 1218
+13 203
-13 203
+13 203
-13 203
+13 609
+3 946
cfi=(31)
cfn=(90)
calls=135 +9 
* 6992
* 270
+4 203
+1 406
+2 402
+19 402
+1 1608
+2 14
+43 196
+1 1624
-18 4
+2 4
+1 2
-1 4
+1 6
-1 4
-68 14
+39 582
cfi=(31)
cfn=(90)
calls=194 -19 
* 7308
* 388

fn=(274)
347 1881
+1 209
-1 836
+6 209
-6 209
+65 209
-58 209
+11 209
+50 209
-3 418
+3 418
-50 209
+50 836
-19 3123
+8 1041
-4 1041
+1 1041
+3 4164
+1 2082
+3 1041
-3 1041
+4 2082
+4 2082
-2 1041
+5 4164
+3 7287
+99 2535
358 2082
+3 2082
+4 2082
+21 2082
+4 2082
+71 1568
fi=(4)
139 392
+1 588
fe=(78)
476 392
fi=(80) ./elf/../sysdeps/generic/dl-protected.h
29 784
fe=(78)
483 1380
+16 392
+1 196
+22 196
-21 196
+21 1372
-99 633
-1 422
+2 422
+2 204
+6 816
-6 204
+6 1428
+7 795
-10 2305
+2 203
+1 609
-1 203
+1 406
-1 203
+1 203
+1 203
-1 203
+1 203
-1 1421
cfn=(276)
calls=203 70 
* 27063
+4 609
+3 14
+31 64
+52 13
-1 13
+1 91
-35 141

fl=(49)
fn=(152)
32 6
+1 3
+1 2
+5 6
+1 4
+1 4
+1 4
+2 1
+3 3
+1 2
-1 6
+1 4
+3 4
+1 4
+1 4
+1 4
+2 3
+6 1
-1 1
+1 1
+2 2
-1 2
+2 1
+2 6
-5 12
-1 12
+1 12
+2 24
-1 24
+2 12
+2 72
+2 1
+1 3
+1 2
-1 1
+1 1

fl=(52)
fn=(164)
68 504
+1 144
cfi=(31)
cfn=(90)
calls=72 +29 
* 2426
* 144
+3 72
+2 144
+6 71
-6 142
+1 252
cfi=(31)
cfn=(90)
calls=84 +23 
* 2929
* 168
+8 13
-13 13
+13 98
-1 59
+1 177

fn=(216)
36 2
+3 1
-3 7
+3 1
-3 2
+3 1
cfi=(53)
cfn=(168)
calls=1 -11 
* 20
+1 2
+23 8
-21 4
cfi=(55)
cfn=(174)
calls=1 -12 
* 6
* 2
+2 2
+3 2
+13 2
cfi=(62)
cfn=(194)
calls=1 -35 
* 6
* 1
-11 6
cfi=(57)
cfn=(178)
calls=1 -2 
* 26
* 2

fl=(1) ???
fn=(0) 0x000000000001f540
0 2
cfi=(2)
cfn=(2)
calls=1 517 
0 363006
0 8
cfi=(76)
cfn=(574)
calls=1 331 
0 4
0 10
cfi=(177)
cfn=(578)
calls=1 81 
0 1014
0 3
cob=(7)
cfi=(185)
cfn=(626) (below main)
calls=1 0 
0 425108882

fl=(15)
fn=(34)
37 1
+2 3
+2 1
cfi=(16)
cfn=(36)
calls=1 682 
* 7344

fn=(544)
71 1
-32 3
+32 2

fl=(37)
fn=(104)
172 6
+3 1
-3 3
+3 1
-3 5
+2 1
cfi=(38)
cfn=(106)
calls=1 29 
* 49
+1 1
fi=(40) ./elf/./dl-hwcaps.h
43 1
fe=(37)
174 1
fi=(40)
45 2
+32 1
+1 1
+1 1
fe=(37)
-27 2
cfi=(39)
cfn=(110)
calls=1 -1 
* 23
* 2
fi=(40)
-9 1
+2 1
-2 1
+34 2
+1 2
+1 1
fe=(37)
-24 2
-1 2
+1 2
+1 2
+1 2
-5 4
cfi=(39)
cfn=(110)
calls=2 -1 
* 130
* 2
cfi=(39)
cfn=(110)
calls=1 -1 
* 125
* 6
+48 4
fi=(28)
-44 2
cfi=(27)
cfn=(78)
calls=1 -20 
* 30
fe=(37)
+46 2
-2 1
+2 1
+3 1
+3 1
fi=(40)
-65 1
+2 1
fe=(37)
+67 1
fi=(40)
-66 1
fe=(37)
+66 2
cfi=(39)
cfn=(116)
calls=1 -87 
* 13
* 2
fi=(40)
-69 1
+2 1
-2 1
+34 2
+1 2
+1 1
fe=(37)
+48 10
+1 4
+1 2
+1 2
-1 2
-4 4
cfi=(39)
cfn=(110)
calls=2 -74 
* 130
* 2
cfi=(39)
cfn=(110)
calls=1 -74 
* 125
* 6
+8 3
+9 5
+3 8
-2 6
+14 1
+4 1
+1 1
+1 1
-20 3
+19 1
+1 1
-20 2
+8 2
+4 2
-4 3
+4 2
cfi=(42)
cfn=(118)
calls=1 -96 
* 19
+1 3
-14 8
+47 1
-4 2
+4 2
-3 1
+7 1
-7 2
+7 1
fi=(28)
56 1
cfi=(27)
cfn=(78)
calls=1 -20 
* 30
* 1
fe=(37)
194 2
+8 1
fi=(40)
43 1
fe=(37)
201 1
80 1
fi=(40)
-35 1
fe=(37)
+35 1
202 1
fi=(40)
77 1
+1 1
fe=(37)
202 3
fi=(40)
79 1
fe=(37)
-2 2
cfi=(39)
cfn=(110)
calls=1 -26 
* 23
* 2
fi=(40)
-34 1
+2 1
fe=(37)
+35 2
fi=(40)
-37 1
+34 2
+1 2
+1 3
fe=(37)
+1 4
+7 2
-7 8
cfi=(29)
cfn=(122)
calls=2 197 
* 26
+4 2
+2 2
+2 2
-2 4
-9 4
cfi=(39)
cfn=(110)
calls=2 -26 
* 130
* 2
cfi=(39)
cfn=(110)
calls=1 -26 
* 125
* 6
213 2
-5 1
+1 1
-1 1
+5 1
+3 9

fl=(62)
fn=(194)
25 5
+1 20
+1 5

fl=(45)
fn=(140)
56 3
+3 2
+4 1
+22 1
+10 1
-32 2
+1 1
+21 2
+5 2
+1 1
+4 1
-4 1
-1 1
+2 1
+3 1
+4 2
+8 2
-50 1
+4 2
+35 6

fn=(196)
38 5
+3 5
-1 10
+4 10
+4 5

fn=(146)
116 2
+1 2

fl=(24)
fn=(256)
68 2
fi=(284) ./elf/../include/list.h
-24 1
fe=(24)
+24 3
fi=(284)
-25 1
fe=(24)
+26 1
+3 1
fi=(284)
-29 1
+1 1
+1 1
+2 1
fe=(24)
+28 4
+1 2
+1 1
+5 2
+5 1
+6 1
-3 1
+3 1
-6 3
+6 1
+12 4
cfi=(11)
cfn=(28)
calls=1 387 
* 24
fi=(75) ./elf/../sysdeps/unix/sysv/linux/rseq-internal.h
-73 3
+8 1
fe=(24)
+81 3
+7 2
+1 3
fi=(75)
-95 7
+3 2
fe=(24)

fn=(86)
42 12
+2 24

fn=(68)
53 3
+3 8
+5 1
-5 1
+5 1
+1 1
-6 1
+8 1

fl=(71)
fn=(228)
30 52
+4 4
+1 8
+10 8
+18 4
-17 4
+17 20

ob=(7)
fl=(185)
fn=(1140) LOSAT::algorithm::tblastx::lookup::backbone::ideal_karlin_params_for_matrix
0 84
cfn=(1142) LOSAT::stats::karlin_calc::compute_score_freq_profile_for_matrix
calls=2 0 
0 64718
0 6
cfn=(1144) LOSAT::stats::karlin_calc::compute_karlin_params_ungapped
calls=2 0 
0 7749130
0 30
cob=(2)
cfi=(207)
cfn=(812)
calls=2 3359 
0 348

fn=(872) LOSAT::main
0 13
cfn=(874) std::env::_var_os
calls=1 0 
0 870
0 69
cfn=(882) <LOSAT::cli::Cli as clap_builder::derive::Args>::augment_args
calls=1 0 
0 97420
0 2
cob=(2)
cfi=(207)
cfn=(694)
calls=1 3294 
0 389
0 115
cfn=(924) core::str::converts::from_utf8
calls=6 0 
0 453
0 120
cob=(2)
cfi=(252) ./string/../sysdeps/x86_64/multiarch/memcmp-avx2-movbe.S
cfn=(926) __memcmp_avx2_movbe
calls=2 73 
0 41
0 830
cob=(2)
cfi=(252)
cfn=(926)
calls=8 73 
0 175
0 196
cfn=(928) alloc::fmt::format::format_inner
calls=5 0 
0 3168
0 50
cob=(2)
cfi=(227)
cfn=(782)
calls=5 255 
0 70
0 40
cob=(2)
cfi=(207)
cfn=(812)
calls=5 3359 
0 425
0 105
cob=(2)
cfi=(207)
cfn=(812)
calls=5 3359 
0 425
0 18
cfn=(884) alloc::raw_vec::RawVec<T,A>::grow_one
calls=1 0 
0 441
0 19
cfn=(912) alloc::raw_vec::RawVecInner<A>::reserve::do_reserve_and_handle
calls=3 0 
0 996
0 28
cfn=(884)
calls=1 0 
0 311
0 10
cob=(2)
cfi=(207)
cfn=(694)
calls=1 3294 
0 187
0 105
cob=(2)
cfi=(231)
cfn=(796)
calls=12 52 
0 196
0 72
cob=(2)
cfi=(207)
cfn=(694)
calls=12 3294 
0 2087
0 84
cob=(2)
cfi=(227)
cfn=(782)
calls=12 255 
0 178
0 228
cfn=(882)
calls=1 0 
0 86590
0 17
cob=(2)
cfi=(207)
cfn=(812)
calls=1 3359 
0 85
0 2
cfn=(1052) core::ptr::drop_in_place<clap_builder::builder::command::Command>
calls=1 0 
0 33173
0 113
cfn=(1072) LOSAT::algorithm::tblastn::args::TblastnArgs::run
calls=1 0 
0 424589591
0 25
cfn=(938) <std::path::Components as core::iter::traits::double_ended::DoubleEndedIterator>::next_back
calls=1 0 
0 187
0 6
cfn=(924)
calls=1 0 
0 63
0 12
cfn=(944) __rustc::__rust_alloc
calls=1 0 
0 452
0 7
cob=(2)
cfi=(227)
cfn=(782)
calls=1 255 
0 15
0 8
cfn=(946) clap_builder::builder::command::Command::_do_parse
calls=1 0 
0 111682
0 56
cob=(2)
cfi=(207)
cfn=(812)
calls=7 3359 
0 595
0 20
cob=(2)
cfi=(207)
cfn=(812)
calls=1 3359 
0 85
0 2
cfn=(1052)
calls=1 0 
0 33964
0 14
cfn=(1056) <LOSAT::cli::Commands as clap_builder::derive::FromArgMatches>::from_arg_matches_mut
calls=1 0 
0 29446
0 72
cfn=(1068) core::ptr::drop_in_place<clap_builder::parser::matches::arg_matches::ArgMatches>
calls=1 0 
0 31
0 12

fn=(896) std::sys::sync::once::futex::Once::call
0 1002
cfn=(898) std::sync::once::Once::call_once_force::{{closure}}
calls=1 0 
0 69
cfn=(898)
calls=2 0 
0 386
cfn=(898)
calls=1 0 
0 193
cfn=(898)
calls=2 0 
0 393
cfn=(898)
calls=1 0 
0 206
cfn=(898)
calls=2 0 
0 388
cfn=(898)
calls=2 0 
0 384
cfn=(898)
calls=1 0 
0 494
cfn=(898)
calls=1 0 
0 199
cfn=(898)
calls=8 0 
0 1551
cfn=(898)
calls=2 0 
0 398
cfn=(898)
calls=4 0 
0 3142
0 12
cfn=(1212) std::sync::once::Once::call_once::{{closure}}
calls=1 0 
0 667
cfn=(1212)
calls=1 0 
0 95
0 378

fn=(932) <&T as core::fmt::Display>::fmt
0 6
cfn=(934) core::fmt::Formatter::pad
calls=1 0 
0 308
0 145
cfn=(934)
calls=29 0 
0 3814

fn=(1002) <T as core::any::Any>::type_id
0 76

fn=(1022) <F as clap_builder::builder::value_parser::TypedValueParser>::parse_ref
0 22
cfn=(924)
calls=2 0 
0 96
0 16
cfn=(1024) LOSAT::blastinput::value_parsers::positive_usize
calls=2 0 
0 86
0 54
cfn=(924)
calls=2 0 
0 121
0 42
cob=(2)
cfi=(207)
cfn=(694)
calls=2 3294 
0 368
0 14
cob=(2)
cfi=(227)
cfn=(782)
calls=2 255 
0 30
0 136
cob=(2)
cfi=(207)
cfn=(812)
calls=1 3359 
0 85
0 3
cob=(2)
cfi=(207)
cfn=(812)
calls=1 3359 
0 85
0 20
cfn=(924)
calls=1 0 
0 88
0 21
cfn=(980) <alloc::vec::Vec<T> as alloc::vec::spec_from_iter_nested::SpecFromIterNested<T,I>>::from_iter
calls=1 0 
0 438
0 50
cfn=(1028) core::num::dec2flt::<impl core::str::traits::FromStr for f64>::from_str
calls=1 0 
0 114
0 9
cfn=(1028)
calls=1 0 
0 114
0 33
cob=(2)
cfi=(207)
cfn=(812)
calls=1 3359 
0 85
0 19
cfn=(924)
calls=1 0 
0 43
0 14
cob=(2)
cfi=(207)
cfn=(694)
calls=1 3294 
0 184
0 27
cfn=(924)
calls=1 0 
0 43
0 9
cob=(2)
cfi=(207)
cfn=(694)
calls=1 3294 
0 184
0 7
cob=(2)
cfi=(227)
cfn=(782)
calls=1 255 
0 16
0 22
cfn=(924)
calls=1 0 
0 43
0 8
cfn=(1032) LOSAT::blastinput::value_parsers::nonnegative_i32
calls=1 0 
0 37
0 29
cfn=(924)
calls=1 0 
0 43
0 36
cfn=(1030) LOSAT::utils::genetic_code::GeneticCode::try_from_id
calls=1 0 
0 27
0 29
cfn=(924)
calls=1 0 
0 43
0 8
cfn=(1024)
calls=1 0 
0 34
0 34
cfn=(924)
calls=1 0 
0 48
0 8
cfn=(1028)
calls=1 0 
0 85
0 43

fn=(1024)
0 120

fn=(1044) clap_builder::parser::validator::Conflicts::gather_conflicts
0 253
cob=(2)
cfi=(252)
cfn=(926)
calls=6 73 
0 117
0 472
cob=(2)
cfi=(252)
cfn=(926)
calls=6 73 
0 117
0 360

fn=(1054) core::ptr::drop_in_place<clap_builder::builder::value_parser::PossibleValuesParser>
0 316
cob=(2)
cfi=(207)
cfn=(812)
calls=8 3359 
0 743

fn=(1076) LOSAT::algorithm::tblastn::scoring::matrix_params
0 52
cob=(2)
cfi=(207)
cfn=(694)
calls=4 3294 
0 168
0 28
cob=(2)
cfi=(227)
cfn=(782)
calls=4 255 
0 52
0 208
cob=(2)
cfi=(207)
cfn=(812)
calls=4 3359 
0 340
0 40

fn=(1082) alloc::str::<impl str>::to_uppercase
0 32
cob=(2)
cfi=(207)
cfn=(694)
calls=2 3294 
0 84
0 284

fn=(1164) <T as alloc::vec::spec_from_elem::SpecFromElem>::from_elem
0 76
cob=(2)
cfi=(207)
cfn=(694)
calls=4 3294 
0 1844
0 157216
cob=(2)
cfi=(207)
cfn=(694)
calls=1 3294 
0 45
0 20

fn=(1176) ceil
0 69

fn=(1200) LOSAT::algorithm::tblastx::ncbi_cutoffs::cutoff_score_from_evalue
0 19
cob=(3)
cfi=(258) ./math/./w_log_template.c
cfn=(1130) log@@GLIBC_2.29
calls=1 31 
0 54
0 4
cfn=(1176)
calls=1 0 
0 23
0 5
cfn=(874)
calls=1 0 
0 861
0 18

fn=(1220) LOSAT::algorithm::blastp::extension::extend_two_hit_impl
0 930960
cfn=(1222) LOSAT::algorithm::blastp::extension::extend_left
calls=6465 0 
0 4025803
0 95514
cfn=(1224) LOSAT::algorithm::blastp::extension::extend_right
calls=2572 0 
0 1351285
0 152518

fn=(1224)
0 1351285

fn=(1234) LOSAT::algorithm::blastp::gapalign::blastp_score_only_gapped_alignment_with_scratch
0 3290
cfn=(1236) LOSAT::algorithm::blastp::gapalign::align_ex_protein_score_only
calls=47 0 
0 7800648
0 1927
cfn=(1236)
calls=47 0 
0 8449700
0 1175

fn=(1238) LOSAT::algorithm::blastn::interval_tree::BlastIntervalTree::add_hsp
0 920
cfn=(1240) LOSAT::algorithm::blastn::interval_tree::BlastIntervalTree::interval_tree_has_hsp_endpoint
calls=40 0 
0 4903
0 320
cfn=(1240)
calls=40 0 
0 4901
0 1111
cfn=(1242) LOSAT::algorithm::blastn::interval_tree::BlastIntervalTree::split_and_insert
calls=31 0 
0 2959
0 3019

fn=(1264) core::slice::sort::stable::drift::sort
0 2134
cfn=(1266) core::slice::sort::stable::quicksort::quicksort
calls=2 0 
0 7278
0 63
cob=(2)
cfi=(227)
cfn=(782)
calls=1 255 
0 13
0 55
cob=(2)
cfi=(227)
cfn=(782)
calls=1 255 
0 12
0 1695

fn=(1272) LOSAT::stats::sum_statistics::s_ln_gamma
0 183
cob=(3)
cfi=(258)
cfn=(1130)
calls=3 31 
0 162
0 30
cob=(3)
cfi=(258)
cfn=(1130)
calls=3 31 
0 162
0 18

fn=(1288) anyhow::context::<impl anyhow::Context<T,core::convert::Infallible> for core::option::Option<T>>::context
0 17

fn=(1290) LOSAT::algorithm::tblastn::stage_d_kappa_params::local_extension_final_xdrop
0 27

fn=(1342) LOSAT::algorithm::blastp::gapalign::align_ex_protein
0 3294
cfn=(1344) LOSAT::algorithm::blastp::gapalign::gap_alloc_trace_row
calls=27 0 
0 1091
0 115586
cfn=(1344)
calls=3312 0 
0 174637
0 21360461
cfn=(912)
calls=1 0 
0 2426
0 13
cfn=(912)
calls=1 0 
0 506
0 26099
cfn=(1344)
calls=27 0 
0 1080
0 125125
cfn=(1344)
calls=3905 0 
0 284768
0 22308388
cfn=(912)
calls=3 0 
0 32859
0 36
cfn=(912)
calls=3 0 
0 3370
0 65328
cfn=(884)
calls=2 0 
0 567
0 173
cfn=(944)
calls=23 0 
0 1185
0 352
cfn=(944)
calls=24 0 
0 1242
0 3138
cfn=(912)
calls=1 0 
0 126
0 4

fn=(1352) LOSAT::core::composition_adjustment::redo_alignment::extend_right
0 6980

fn=(1372) LOSAT::algorithm::tblastn::search_gapped::TargetTranslation::get
0 1568
cfn=(1210) LOSAT::algorithm::tblastx::translation::generate_frames
calls=18 0 
0 4442555
0 952
cob=(2)
cfi=(227)
cfn=(782)
calls=18 255 
0 704
0 1080
cob=(2)
cfi=(207)
cfn=(812)
calls=108 3359 
0 9510
0 828
cob=(2)
cfi=(207)
cfn=(812)
calls=18 3359 
0 1530
0 396
cob=(2)
cfi=(207)
cfn=(694)
calls=18 3294 
0 2986
0 114
cob=(2)
cfi=(207)
cfn=(812)
calls=12 3359 
0 1081
0 216

fn=(1376) LOSAT::algorithm::tblastn::kappa_heap::CompoHeap::insert
0 43
cfn=(884)
calls=1 0 
0 118
0 4

fn=(1378) hashbrown::map::HashMap<K,V,S,A>::insert
0 15
cfn=(1380) core::hash::BuildHasher::hash_one
calls=1 0 
0 186
0 83
cfn=(1384) hashbrown::raw::RawTable<T,A>::reserve_rehash
calls=1 0 
0 189
0 2

fn=(1420) alloc::collections::btree::map::IntoIter<K,V,A>::dying_next
0 26

fn=(1424) core::ptr::drop_in_place<alloc::vec::Vec<core::option::Option<LOSAT::algorithm::tblastn::stage_d_results::KappaResultHitList>>>
0 20
cfn=(1426) core::ptr::drop_in_place<alloc::vec::Vec<LOSAT::algorithm::tblastn::stage_d_results::KappaResultList>>
calls=1 0 
0 429
0 10
cob=(2)
cfi=(207)
cfn=(812)
calls=1 3359 
0 85

fn=(1448) core::fmt::num::imp::<impl core::fmt::Display for i64>::fmt
0 131
cfn=(1450) core::fmt::Formatter::pad_integral
calls=2 0 
0 446
0 10
cfn=(1450)
calls=1 0 
0 220
0 21

fn=(1466) core::num::bignum::Big32x40::mul_pow2
0 793
cob=(2)
cfi=(240)
cfn=(840)
calls=5 158 
0 71
0 849

fn=(1518)
0 9
cob=(2)
cfi=(274)
cfn=(1526)
calls=1 30 
0 78
0 1
0 1
cfn=(1534) 0x00000000000aa760
calls=1 0 
0 5
0 3

fn=(886) alloc::raw_vec::RawVecInner<A>::finish_grow
0 96
cob=(2)
cfi=(207)
cfn=(774)
calls=3 3407 
0 756
0 10025
cob=(2)
cfi=(207)
cfn=(774)
calls=243 3407 
0 6115834
0 1884
cob=(2)
cfi=(207)
cfn=(694)
calls=71 3294 
0 6248
0 3803
cob=(2)
cfi=(207)
cfn=(774)
calls=9 3407 
0 693
0 228
cob=(2)
cfi=(207)
cfn=(694)
calls=29 3294 
0 1484
0 17512
cob=(2)
cfi=(207)
cfn=(774)
calls=69 3407 
0 23242
0 3306
cob=(2)
cfi=(207)
cfn=(694)
calls=482 3294 
0 51812
0 7832
cob=(2)
cfi=(207)
cfn=(774)
calls=42 3407 
0 17195
0 462
cob=(2)
cfi=(207)
cfn=(694)
calls=35 3294 
0 1711
0 1334
cob=(2)
cfi=(207)
cfn=(774)
calls=2 3407 
0 600
0 150
cob=(2)
cfi=(207)
cfn=(694)
calls=23 3294 
0 4283
0 296

fn=(892) clap_builder::builder::arg::Arg::value_parser
0 40
cob=(2)
cfi=(207)
cfn=(694)
calls=4 3294 
0 615
0 52
cob=(2)
cfi=(207)
cfn=(694)
calls=4 3294 
0 615
0 84
cob=(2)
cfi=(227)
cfn=(782)
calls=4 255 
0 356

fn=(898)
0 16
cob=(2)
cfi=(207)
cfn=(694)
calls=2 3294 
0 354
0 34
cob=(2)
cfi=(207)
cfn=(694)
calls=2 3294 
0 354
0 32
cob=(2)
cfi=(207)
cfn=(694)
calls=2 3294 
0 361
0 24
cob=(2)
cfi=(207)
cfn=(694)
calls=1 3294 
0 177
0 16
cob=(2)
cfi=(207)
cfn=(694)
calls=1 3294 
0 190
0 24
cob=(2)
cfi=(207)
cfn=(694)
calls=2 3294 
0 350
0 39
cfn=(900) core::fmt::float::float_to_decimal_common_shortest
calls=1 0 
0 462
0 75
cob=(2)
cfi=(207)
cfn=(694)
calls=8 3294 
0 1423
0 72
cob=(2)
cfi=(207)
cfn=(694)
calls=1 3294 
0 183
0 24
cob=(2)
cfi=(207)
cfn=(694)
calls=2 3294 
0 366
0 100
cfn=(900)
calls=4 0 
0 3014
0 55
cob=(2)
cfi=(207)
cfn=(694)
calls=1 3294 
0 45
0 13

fn=(902) core::num::flt2dec::strategy::grisu::format_shortest_opt
0 724

fn=(906) core::fmt::Formatter::pad_formatted_parts
0 872
cfn=(908) core::fmt::Formatter::write_formatted_parts
calls=22 0 
0 8089
0 48
cfn=(908)
calls=6 0 
0 1938
0 60

fn=(934)
0 1475
cfn=(1458) <std::io::default_write_fmt::Adapter<T> as core::fmt::Write>::write_str
calls=45 0 
0 2725
cfn=(910) <alloc::string::String as core::fmt::Write>::write_str
calls=14 0 
0 1938

fn=(946)
0 14
cfn=(948) clap_builder::builder::command::Command::_build_self
calls=1 0 
0 3926
0 15
cfn=(962) clap_builder::parser::parser::Parser::get_matches_with
calls=1 0 
0 107213
0 265
cob=(2)
cfi=(252)
cfn=(926)
calls=2 73 
0 41
0 31
cfn=(1048) clap_builder::parser::arg_matcher::ArgMatcher::fill_in_global_values
calls=1 0 
0 135
0 42

fn=(980)
0 16
cfn=(1036) <core::str::pattern::CharSearcher as core::str::pattern::Searcher>::next_match
calls=1 0 
0 103
0 10
cob=(2)
cfi=(207)
cfn=(694)
calls=1 3294 
0 45
0 41
cfn=(1036)
calls=1 0 
0 108
0 4
cfn=(1036)
calls=1 0 
0 71
0 56
cfn=(1278) core::iter::adapters::flatten::and_then_or_clear
calls=1 0 
0 22
0 3
cfn=(1278)
calls=1 0 
0 904
0 72
cob=(2)
cfi=(207)
cfn=(694)
calls=1 3294 
0 45
0 16
cob=(2)
cfi=(227)
cfn=(782)
calls=1 255 
0 30
0 37
cfn=(1278)
calls=1 0 
0 22
0 33
cob=(2)
cfi=(207)
cfn=(694)
calls=1 3294 
0 45
0 32
cob=(2)
cfi=(207)
cfn=(694)
calls=1 3294 
0 256
0 9
cob=(2)
cfi=(227)
cfn=(782)
calls=1 255 
0 137
0 30
cob=(2)
cfi=(207)
cfn=(694)
calls=1 3294 
0 45
0 33
cob=(2)
cfi=(207)
cfn=(694)
calls=1 3294 
0 176
0 14692
cob=(2)
cfi=(207)
cfn=(694)
calls=1 3294 
0 230
0 30
cfn=(1282) LOSAT::core::composition_adjustment::redo_alignment::BlastCompoSequenceData::from_ncbistdaa
calls=1 0 
0 436
0 4
cfn=(1284) LOSAT::core::composition_adjustment::adjust_scores::read_aa_composition
calls=1 0 
0 16164
0 13
cfn=(1286) LOSAT::core::composition_adjustment::redo_alignment::build_query_word_hashes
calls=1 0 
0 22173
0 12
cob=(2)
cfi=(227)
cfn=(782)
calls=1 255 
0 30
0 6
cob=(2)
cfi=(227)
cfn=(782)
calls=1 255 
0 65
0 62
cob=(2)
cfi=(207)
cfn=(694)
calls=2 3294 
0 366
0 430
cob=(2)
cfi=(207)
cfn=(694)
calls=1 3294 
0 45
0 155
cob=(2)
cfi=(207)
cfn=(694)
calls=1 3294 
0 360
0 446
cob=(2)
cfi=(207)
cfn=(812)
calls=1 3359 
0 85
0 64
cfn=(986) <core::iter::adapters::map::Map<I,F> as core::iter::traits::iterator::Iterator>::next
calls=3 0 
0 48
cfn=(982) <core::iter::adapters::cloned::Cloned<I> as core::iter::traits::iterator::Iterator>::next
calls=1 0 
0 54
0 28
cfn=(988) <core::iter::adapters::map::Map<I,F> as core::iter::traits::iterator::Iterator>::size_hint
calls=3 0 
0 24
cfn=(984) <core::iter::adapters::cloned::Cloned<I> as core::iter::traits::iterator::Iterator>::size_hint
calls=1 0 
0 10
0 76
cob=(2)
cfi=(207)
cfn=(694)
calls=4 3294 
0 313
0 80
cfn=(986)
calls=3 0 
0 48
cfn=(982)
calls=1 0 
0 54
0 44
cob=(2)
cfi=(207)
cfn=(812)
calls=4 3359 
0 340
0 124
cfn=(986)
calls=3 0 
0 21
cfn=(982)
calls=1 0 
0 22
0 24

fn=(1074) LOSAT::algorithm::tblastn::args::TblastnArgs::search_settings
0 30
cfn=(1076)
calls=2 0 
0 444
0 308
cfn=(1078) LOSAT::utils::threading::validate_threads
calls=2 0 
0 1870
0 18
cfn=(1080) <LOSAT::config::compat::ScoringMatrix as core::str::traits::FromStr>::from_str
calls=2 0 
0 644
0 16
cfn=(1076)
calls=2 0 
0 444
0 48
cob=(2)
cfi=(207)
cfn=(694)
calls=2 3294 
0 84
0 14
cob=(2)
cfi=(227)
cfn=(782)
calls=2 255 
0 26
0 16
cob=(2)
cfi=(207)
cfn=(694)
calls=2 3294 
0 84
0 14
cob=(2)
cfi=(227)
cfn=(782)
calls=2 255 
0 26
0 238
cob=(2)
cfi=(207)
cfn=(812)
calls=2 3359 
0 170
0 42
cob=(2)
cfi=(207)
cfn=(812)
calls=2 3359 
0 170
0 10

fn=(1156) LOSAT::algorithm::tblastx::lookup::backbone::prepare_lookup_query
0 146
cob=(2)
cfi=(227)
cfn=(782)
calls=2 255 
0 262
0 58
cob=(2)
cfi=(207)
cfn=(694)
calls=2 3294 
0 90
0 14
cob=(2)
cfi=(227)
cfn=(782)
calls=2 255 
0 60
0 492
cfn=(884)
calls=4 0 
0 1571
0 28
cfn=(884)
calls=2 0 
0 564
0 10
cob=(2)
cfi=(207)
cfn=(812)
calls=2 3359 
0 170
0 300
cob=(2)
cfi=(227)
cfn=(782)
calls=2 255 
0 44
0 18
cfn=(1158) LOSAT::stats::karlin_calc::compute_aa_composition
calls=2 0 
0 14080
0 16
cfn=(1142)
calls=2 0 
0 64718
0 6
cfn=(1144)
calls=2 0 
0 8794951
0 52
cob=(2)
cfi=(207)
cfn=(694)
calls=2 3294 
0 748
0 14
cob=(2)
cfi=(227)
cfn=(782)
calls=2 255 
0 262
0 26
cob=(2)
cfi=(207)
cfn=(694)
calls=2 3294 
0 957
0 16
cob=(2)
cfi=(227)
cfn=(782)
calls=2 255 
0 262
0 78
cob=(2)
cfi=(207)
cfn=(812)
calls=2 3359 
0 348
0 10
cob=(2)
cfi=(207)
cfn=(812)
calls=2 3359 
0 348
0 30
cfn=(884)
calls=2 0 
0 742
0 18
cfn=(884)
calls=2 0 
0 236
0 38
cfn=(912)
calls=2 0 
0 795
0 18
cfn=(912)
calls=2 0 
0 252
0 236

fn=(1192) compiler_builtins::math::libm_math::arch::x86::detect::load_x86_features
0 88
cfn=(1194) core::core_arch::x86::xsave::_xgetbv
calls=1 0 
0 5
0 37

fn=(1262) core::slice::sort::stable::driftsort_main
0 27
cob=(2)
cfi=(207)
cfn=(694)
calls=1 3294 
0 375
0 11
cfn=(1264)
calls=1 0 
0 930
0 7
cob=(2)
cfi=(207)
cfn=(812)
calls=1 3359 
0 190
0 31
cfn=(1264)
calls=1 0 
0 1114
0 39
cfn=(1264)
calls=1 0 
0 9206
0 8

fn=(1350) LOSAT::core::composition_adjustment::redo_alignment::test_near_identical
0 234
cfn=(1352)
calls=3 0 
0 3152
0 54
cfn=(1354) LOSAT::core::composition_adjustment::redo_alignment::extend_left
calls=3 0 
0 4514
0 126
cfn=(1356) LOSAT::core::composition_adjustment::redo_alignment::find_num_identical
calls=3 0 
0 39903
0 81

fn=(1384)
0 34
cfn=(1386) hashbrown::raw::RawTableInner::fallible_with_capacity
calls=1 0 
0 125
0 30

fn=(1390) core::ptr::drop_in_place<alloc::vec::Vec<core::option::Option<LOSAT::algorithm::tblastn::kappa::ConvertedKappaHsp>>>
0 216
cob=(2)
cfi=(207)
cfn=(812)
calls=4 3359 
0 420
0 22
cob=(2)
cfi=(207)
cfn=(812)
calls=2 3359 
0 248

fn=(1484) core::ptr::drop_in_place<alloc::vec::Vec<LOSAT::algorithm::tblastn::stage_d_results::KappaResultHitList>>
0 14
cfn=(1426)
calls=1 0 
0 1412
0 12
cob=(2)
cfi=(207)
cfn=(812)
calls=1 3359 
0 106

fn=(1488) <std::io::stdio::Stdout as std::io::Write>::write_all
0 23
cfn=(1490) <std::io::stdio::StdoutLock as std::io::Write>::write_all
calls=1 0 
0 141
0 14

fn=(1496) core::ptr::drop_in_place<std::io::buffered::linewriter::LineWriter<std::io::stdio::StdoutRaw>>
0 13
cfn=(1498) std::io::buffered::bufwriter::BufWriter<W>::flush_buf
calls=1 0 
0 21
0 15
cob=(2)
cfi=(207)
cfn=(812)
calls=1 3359 
0 85

fn=(1498)
0 21

fn=(1500) std::sys::pal::unix::stack_overflow::imp::drop_handler
0 12
cob=(2)
cfi=(246) ./misc/./misc/getauxval.c
cfn=(860) getauxval
calls=1 56 
0 134
0 10
cob=(2)
cfi=(245) ./signal/../sysdeps/unix/syscall-template.S
cfn=(858) sigaltstack
calls=1 120 
0 6
0 5
cob=(2)
cfi=(248) ./misc/../sysdeps/unix/syscall-template.S
cfn=(1172) munmap
calls=1 117 
0 6
0 1
cob=(2)
cfi=(249) ./csu/./csu/errno-loc.c
cfn=(868) __errno_location
calls=1 25 
0 4
0 56
cfn=(1502) alloc::collections::btree::remove::<impl alloc::collections::btree::node::Handle<alloc::collections::btree::node::NodeRef<alloc::collections::btree::node::marker::Mut,K,V,alloc::collections::btree::node::marker::Leaf>,alloc::collections::btree::node::marker::KV>>::remove_leaf_kv
calls=1 0 
0 107
0 13
cob=(2)
cfi=(207)
cfn=(812)
calls=1 3359 
0 106
0 19

fn=(626)
0 12
cob=(2)
cfi=(186) ./csu/../csu/libc-start.c
cfn=(628) __libc_start_main@@GLIBC_2.34
calls=1 242 
0 425108870

fn=(866) std::sys::pal::unix::stack_overflow::thread_info::set_current_info
0 13
cob=(2)
cfi=(249)
cfn=(868)
calls=1 25 
0 4
0 28
cob=(2)
cfi=(207)
cfn=(694)
calls=1 3294 
0 187
0 36

fn=(890) <LOSAT::algorithm::blastx::args::BlastxArgs as clap_builder::derive::Args>::augment_args
0 22
cob=(2)
cfi=(227)
cfn=(782)
calls=2 255 
0 202
0 884
cfn=(884)
calls=8 0 
0 2255
0 18
cfn=(884)
calls=2 0 
0 690
0 42
cob=(2)
cfi=(227)
cfn=(782)
calls=2 255 
0 202
0 4
cob=(2)
cfi=(207)
cfn=(694)
calls=2 3294 
0 235
0 40
cfn=(884)
calls=2 0 
0 620
0 130
cob=(2)
cfi=(227)
cfn=(782)
calls=2 255 
0 202
0 4
cob=(2)
cfi=(207)
cfn=(694)
calls=2 3294 
0 235
0 166
cob=(2)
cfi=(227)
cfn=(782)
calls=2 255 
0 202
0 4
cob=(2)
cfi=(207)
cfn=(694)
calls=2 3294 
0 235
0 166
cob=(2)
cfi=(227)
cfn=(782)
calls=2 255 
0 202
0 4
cob=(2)
cfi=(207)
cfn=(694)
calls=2 3294 
0 235
0 122
cfn=(892)
calls=2 0 
0 736
0 10
cob=(2)
cfi=(207)
cfn=(694)
calls=2 3294 
0 235
0 102
cob=(2)
cfi=(227)
cfn=(782)
calls=2 255 
0 154
0 36
cob=(2)
cfi=(227)
cfn=(782)
calls=2 255 
0 202
0 4
cob=(2)
cfi=(207)
cfn=(694)
calls=2 3294 
0 235
0 50
cob=(2)
cfi=(207)
cfn=(694)
calls=2 3294 
0 438
0 40
cfn=(884)
calls=2 0 
0 967
0 162
cob=(2)
cfi=(227)
cfn=(782)
calls=2 255 
0 202
0 4
cob=(2)
cfi=(207)
cfn=(694)
calls=2 3294 
0 613
0 172
cob=(2)
cfi=(227)
cfn=(782)
calls=2 255 
0 202
0 4
cob=(2)
cfi=(207)
cfn=(694)
calls=2 3294 
0 366
0 172
cob=(2)
cfi=(227)
cfn=(782)
calls=2 255 
0 202
0 4
cob=(2)
cfi=(207)
cfn=(694)
calls=2 3294 
0 364
0 172
cob=(2)
cfi=(227)
cfn=(782)
calls=2 255 
0 202
0 4
cob=(2)
cfi=(207)
cfn=(694)
calls=2 3294 
0 364
0 16
cob=(2)
cfi=(207)
cfn=(694)
calls=2 3294 
0 90
0 44
cfn=(884)
calls=2 0 
0 434
0 140
cob=(2)
cfi=(227)
cfn=(782)
calls=2 255 
0 202
0 4
cob=(2)
cfi=(207)
cfn=(694)
calls=2 3294 
0 364
0 16
cob=(2)
cfi=(207)
cfn=(694)
calls=2 3294 
0 364
0 176
cob=(2)
cfi=(227)
cfn=(782)
calls=2 255 
0 202
0 4
cob=(2)
cfi=(207)
cfn=(694)
calls=2 3294 
0 364
0 50
cob=(2)
cfi=(207)
cfn=(694)
calls=2 3294 
0 364
0 198
cob=(2)
cfi=(227)
cfn=(782)
calls=2 255 
0 202
0 4
cob=(2)
cfi=(207)
cfn=(694)
calls=2 3294 
0 364
0 16
cob=(2)
cfi=(207)
cfn=(694)
calls=2 3294 
0 364
0 174
cob=(2)
cfi=(227)
cfn=(782)
calls=2 255 
0 202
0 4
cob=(2)
cfi=(207)
cfn=(694)
calls=2 3294 
0 364
0 16
cob=(2)
cfi=(207)
cfn=(694)
calls=2 3294 
0 364
0 174
cob=(2)
cfi=(227)
cfn=(782)
calls=2 255 
0 202
0 4
cob=(2)
cfi=(207)
cfn=(694)
calls=2 3294 
0 364
0 166
cob=(2)
cfi=(227)
cfn=(782)
calls=2 255 
0 202
0 4
cob=(2)
cfi=(207)
cfn=(694)
calls=2 3294 
0 364
0 172
cob=(2)
cfi=(227)
cfn=(782)
calls=2 255 
0 202
0 4
cob=(2)
cfi=(207)
cfn=(694)
calls=2 3294 
0 364
0 172
cob=(2)
cfi=(227)
cfn=(782)
calls=2 255 
0 202
0 4
cob=(2)
cfi=(207)
cfn=(694)
calls=2 3294 
0 364
0 50
cob=(2)
cfi=(207)
cfn=(694)
calls=2 3294 
0 364
0 40
cfn=(884)
calls=2 0 
0 1113
0 162
cob=(2)
cfi=(227)
cfn=(782)
calls=2 255 
0 202
0 4
cob=(2)
cfi=(207)
cfn=(694)
calls=2 3294 
0 410
0 162
cob=(2)
cfi=(227)
cfn=(782)
calls=2 255 
0 202
0 4
cob=(2)
cfi=(207)
cfn=(694)
calls=2 3294 
0 364
0 162
cob=(2)
cfi=(227)
cfn=(782)
calls=2 255 
0 202
0 4
cob=(2)
cfi=(207)
cfn=(694)
calls=2 3294 
0 364
0 162
cob=(2)
cfi=(227)
cfn=(782)
calls=2 255 
0 202
0 4
cob=(2)
cfi=(207)
cfn=(694)
calls=2 3294 
0 364
0 16
cob=(2)
cfi=(207)
cfn=(694)
calls=2 3294 
0 358
0 58
cob=(2)
cfi=(207)
cfn=(694)
calls=2 3294 
0 364
0 16
cob=(2)
cfi=(207)
cfn=(694)
calls=2 3294 
0 364
0 176
cob=(2)
cfi=(227)
cfn=(782)
calls=2 255 
0 202
0 4
cob=(2)
cfi=(207)
cfn=(694)
calls=2 3294 
0 364
0 50
cob=(2)
cfi=(207)
cfn=(694)
calls=2 3294 
0 364
0 198
cob=(2)
cfi=(227)
cfn=(782)
calls=2 255 
0 202
0 4
cob=(2)
cfi=(207)
cfn=(694)
calls=2 3294 
0 439
0 16
cob=(2)
cfi=(207)
cfn=(694)
calls=2 3294 
0 489
0 174
cob=(2)
cfi=(227)
cfn=(782)
calls=2 255 
0 202
0 4
cob=(2)
cfi=(207)
cfn=(694)
calls=2 3294 
0 373
0 172
cob=(2)
cfi=(227)
cfn=(782)
calls=2 255 
0 202
0 4
cob=(2)
cfi=(207)
cfn=(694)
calls=2 3294 
0 373
0 50
cob=(2)
cfi=(207)
cfn=(694)
calls=2 3294 
0 373
0 32
cfn=(912)
calls=2 0 
0 535
0 212
cob=(2)
cfi=(227)
cfn=(782)
calls=2 255 
0 202
0 4
cob=(2)
cfi=(207)
cfn=(694)
calls=2 3294 
0 371
0 16
cob=(2)
cfi=(207)
cfn=(694)
calls=2 3294 
0 371
0 172
cob=(2)
cfi=(227)
cfn=(782)
calls=2 255 
0 202
0 17
cfn=(894) std::sync::once_lock::OnceLock<T>::initialize
calls=1 0 
0 856
0 2
cfn=(894)
calls=1 0 
0 266
0 2
cfn=(894)
calls=1 0 
0 266
0 2
cfn=(894)
calls=1 0 
0 260
0 2
cfn=(894)
calls=1 0 
0 266
0 1

fn=(928)
0 1386
cob=(2)
cfi=(207)
cfn=(694)
calls=5 3294 
0 665
0 278
cfn=(930) core::fmt::write
calls=8 0 
0 3924
0 104
cfn=(930)
calls=26 0 
0 27757
0 442

fn=(952) clap_builder::builder::command::Command::about
0 8
cfn=(954) <T as core::convert::Into<U>>::into
calls=1 0 
0 292
0 21
cob=(2)
cfi=(227)
cfn=(782)
calls=1 255 
0 101

fn=(956) clap_builder::builder::arg::Arg::value_names
0 7
cob=(2)
cfi=(207)
cfn=(694)
calls=1 3294 
0 181
0 18
cob=(2)
cfi=(227)
cfn=(782)
calls=1 255 
0 89

fn=(986)
0 117

fn=(1004) clap_builder::util::flat_map::Entry<K,V>::or_insert
0 961
cfn=(1018) core::ptr::drop_in_place<clap_builder::parser::matches::matched_arg::MatchedArg>
calls=4 0 
0 140
0 173
cfn=(884)
calls=4 0 
0 1737
0 20
cfn=(884)
calls=4 0 
0 2178
0 8

fn=(1052)
0 159
cob=(2)
cfi=(207)
cfn=(812)
calls=2 3359 
0 210
0 100
cob=(2)
cfi=(207)
cfn=(812)
calls=1 3359 
0 168
0 6
cob=(2)
cfi=(207)
cfn=(812)
calls=1 3359 
0 85
0 16
cfn=(1053) core::ptr::drop_in_place<clap_builder::builder::command::Command>'2
calls=2 0 
0 13969
0 18
cfn=(1053)
calls=9 0 
0 51299
0 41
cob=(2)
cfi=(207)
cfn=(812)
calls=2 3359 
0 456
0 40
cob=(2)
cfi=(207)
cfn=(812)
calls=2 3359 
0 259
0 40
cob=(2)
cfi=(207)
cfn=(812)
calls=1 3359 
0 85
0 8
cob=(2)
cfi=(207)
cfn=(812)
calls=2 3359 
0 170
0 8

fn=(1053)
0 4149
cob=(2)
cfi=(207)
cfn=(812)
calls=52 3359 
0 5355
0 244
cob=(2)
cfi=(207)
cfn=(812)
calls=18 3359 
0 2064
0 1298
cfn=(1054)
calls=8 0 
0 1059
0 352
cob=(2)
cfi=(207)
cfn=(812)
calls=14 3359 
0 1442
0 454
cob=(2)
cfi=(207)
cfn=(812)
calls=10 3359 
0 1060
0 4618
cob=(2)
cfi=(207)
cfn=(812)
calls=209 3359 
0 22133
0 610
cob=(2)
cfi=(207)
cfn=(812)
calls=95 3359 
0 10070
0 1686
cob=(2)
cfi=(207)
cfn=(812)
calls=3 3359 
0 318
0 1735
cob=(2)
cfi=(207)
cfn=(812)
calls=11 3359 
0 1905
0 24
cob=(2)
cfi=(207)
cfn=(812)
calls=1 3359 
0 168
0 210
cob=(2)
cfi=(207)
cfn=(812)
calls=10 3359 
0 1189
0 82
cob=(2)
cfi=(207)
cfn=(812)
calls=10 3359 
0 1308
0 211
cob=(2)
cfi=(207)
cfn=(812)
calls=1 3359 
0 106
0 6
cob=(2)
cfi=(207)
cfn=(812)
calls=1 3359 
0 106
0 26
cob=(2)
cfi=(207)
cfn=(812)
calls=11 3359 
0 1124
0 46
cob=(2)
cfi=(207)
cfn=(812)
calls=1 3359 
0 106
0 4

fn=(1056)
0 24
cob=(2)
cfi=(207)
cfn=(812)
calls=1 3359 
0 85
0 157
cfn=(1058) clap_builder::parser::matches::arg_matches::ArgMatches::try_remove_one
calls=1 0 
0 1274
0 15
cfn=(1058)
calls=1 0 
0 1281
0 17
cfn=(1058)
calls=1 0 
0 160
0 15
cfn=(1058)
calls=1 0 
0 1322
0 18
cfn=(1058)
calls=1 0 
0 182
0 16
cfn=(1058)
calls=1 0 
0 1418
0 14
cfn=(1058)
calls=1 0 
0 1376
0 14
cfn=(1058)
calls=1 0 
0 169
0 12
cfn=(1058)
calls=1 0 
0 169
0 12
cfn=(1058)
calls=1 0 
0 1364
0 14
cfn=(1058)
calls=1 0 
0 1364
0 14
cfn=(1058)
calls=1 0 
0 1377
0 11
cfn=(1068)
calls=1 0 
0 3375
0 4
cob=(2)
cfi=(207)
cfn=(812)
calls=1 3359 
0 106
0 13
cfn=(1058)
calls=1 0 
0 151
0 4
cfn=(1066) clap_builder::parser::error::MatchesError::unwrap
calls=1 0 
0 9
0 8
cfn=(1058)
calls=1 0 
0 151
0 4
cfn=(1066)
calls=1 0 
0 9
0 8
cfn=(1058)
calls=1 0 
0 151
0 4
cfn=(1066)
calls=1 0 
0 9
0 9
cfn=(1058)
calls=1 0 
0 1337
0 5
cfn=(1066)
calls=1 0 
0 11
0 14
cfn=(1058)
calls=1 0 
0 1337
0 5
cfn=(1066)
calls=1 0 
0 11
0 13
cfn=(1058)
calls=1 0 
0 1324
0 3
cfn=(1066)
calls=1 0 
0 12
0 17
cfn=(1058)
calls=1 0 
0 1300
0 4
cfn=(1066)
calls=1 0 
0 8
0 10
cfn=(1058)
calls=1 0 
0 1278
0 4
cfn=(1066)
calls=1 0 
0 8
0 10
cfn=(1058)
calls=1 0 
0 1278
0 4
cfn=(1066)
calls=1 0 
0 8
0 10
cfn=(1058)
calls=1 0 
0 143
0 4
cfn=(1066)
calls=1 0 
0 9
0 9
cfn=(1058)
calls=1 0 
0 1245
0 4
cfn=(1066)
calls=1 0 
0 9
0 10
cfn=(1058)
calls=1 0 
0 1267
0 4
cfn=(1066)
calls=1 0 
0 9
0 10
cfn=(1058)
calls=1 0 
0 1228
0 4
cfn=(1066)
calls=1 0 
0 8
0 12
cfn=(1058)
calls=1 0 
0 70
0 5
cfn=(1066)
calls=1 0 
0 11
0 7
cfn=(1058)
calls=1 0 
0 1221
0 4
cfn=(1066)
calls=1 0 
0 8
0 9
cfn=(1058)
calls=1 0 
0 92
0 5
cfn=(1066)
calls=1 0 
0 11
0 108

fn=(1070) alloc::sync::Arc<T,A>::drop_slow
0 135
cob=(2)
cfi=(207)
cfn=(812)
calls=5 3359 
0 530

fn=(1084) LOSAT::algorithm::tblastn::args::TblastnArgs::run::{{closure}}
0 44
cfn=(1086) std::fs::OpenOptions::_open
calls=2 0 
0 557
0 10
cob=(2)
cfi=(207)
cfn=(694)
calls=2 3294 
0 42966
0 30
cfn=(1094) core::iter::adapters::try_process
calls=2 0 
0 2893707
0 30

fn=(1086)
0 34
cob=(2)
cfi=(227)
cfn=(782)
calls=2 255 
0 23
0 274
cfn=(1088) std::sys::fs::unix::File::open_c
calls=2 0 
0 198
0 28

fn=(1112) LOSAT::utils::threading::diagnostics_enabled
0 27
cfn=(874)
calls=3 0 
0 2640
0 39

fn=(1128) LOSAT::utils::seg::SegWindow::state_on
0 129222
cob=(2)
cfi=(207)
cfn=(848)
calls=4786 3699 
0 809101
0 1042032
cob=(2)
cfi=(207)
cfn=(848)
calls=4786 3699 
0 809150
0 1162392

fn=(1160) LOSAT::algorithm::tblastx::lookup::backbone::build_lookup_from_prepared
0 26
cfn=(1162) LOSAT::algorithm::common::diagnostics::diagnostics_enabled
calls=2 0 
0 1744
0 158
cob=(2)
cfi=(207)
cfn=(694)
calls=2 3294 
0 90
0 3338
cfn=(1164)
calls=2 0 
0 79668
0 39754
cfn=(1166) LOSAT::algorithm::tblastx::lookup::backbone::blast_lookup_add_word_hit
calls=1542 0 
0 434326
0 22236
cfn=(1166)
calls=18 0 
0 5027
0 178
cfn=(1164)
calls=2 0 
0 79456
0 30
cob=(2)
cfi=(207)
cfn=(848)
calls=2 3699 
0 228857
0 852528
cfn=(1166)
calls=34 0 
0 10408
0 18
cfn=(1166)
calls=2 0 
0 158
0 75606
cfn=(1168) LOSAT::algorithm::tblastx::lookup::backbone::blast_aa_add_word_hits_core
calls=1388 0 
0 9417921
0 889786
cob=(2)
cfi=(207)
cfn=(694)
calls=2 3294 
0 857
0 78566
cob=(2)
cfi=(207)
cfn=(848)
calls=2 3699 
0 7768
0 242684
cob=(2)
cfi=(207)
cfn=(848)
calls=2 3699 
0 960
0 2342992
cob=(2)
cfi=(207)
cfn=(812)
calls=2 3359 
0 360
0 419126
cob=(2)
cfi=(207)
cfn=(812)
calls=9776 3359 
0 1036185
0 9784
cob=(2)
cfi=(207)
cfn=(812)
calls=2 3359 
0 370030
0 402350
cob=(2)
cfi=(207)
cfn=(812)
calls=1388 3359 
0 147080
0 1396
cob=(2)
cfi=(207)
cfn=(812)
calls=2 3359 
0 53711
0 8
cob=(2)
cfi=(207)
cfn=(812)
calls=2 3359 
0 170
0 8
cob=(2)
cfi=(207)
cfn=(812)
calls=2 3359 
0 336
0 16

fn=(1196) compiler_builtins::math::libm_math::arch::x86::fma::fma_with_fma
0 10556

fn=(1210)
0 247
cob=(2)
cfi=(207)
cfn=(694)
calls=19 3294 
0 1085
0 228
cob=(2)
cfi=(207)
cfn=(694)
calls=19 3294 
0 2130
0 4281245
cfn=(896)
calls=1 0 
0 143
0 215
cfn=(1214) LOSAT::algorithm::tblastx::translation::translate_sequence
calls=19 0 
0 25603369
0 456
cfn=(1214)
calls=19 0 
0 25598882
0 437
cfn=(1214)
calls=19 0 
0 25599315
0 418
cfn=(1214)
calls=19 0 
0 25605235
0 494
cfn=(1214)
calls=19 0 
0 25602088
0 627
cfn=(1214)
calls=19 0 
0 25603635
0 741
cob=(2)
cfi=(207)
cfn=(812)
calls=19 3359 
0 1929

fn=(1222)
0 4025803

fn=(1230) LOSAT::algorithm::blastn::interval_tree::BlastIntervalTree::containing_hsp
0 6654

fn=(1236)
0 16250348

fn=(1250) core::slice::sort::shared::smallsort::sort4_stable
0 3083

fn=(1268) core::slice::sort::shared::smallsort::bidirectional_merge
0 2984

fn=(1284)
0 145611
cob=(2)
cfi=(227)
cfn=(782)
calls=28 255 
0 840
0 56

fn=(1294) LOSAT::core::blast_stat::composition::compute_blosum62_ideal_karlin_params
0 41
cob=(2)
cfi=(207)
cfn=(848)
calls=1 3699 
0 202
0 12349
cfn=(1296) LOSAT::core::blast_stat::composition::compute_lambda_nr
calls=1 0 
0 1797
0 19
cob=(3)
cfi=(260) ./math/./w_exp_template.c
cfn=(1146) exp@@GLIBC_2.29
calls=1 31 
0 58
0 376
cob=(2)
cfi=(207)
cfn=(694)
calls=1 3294 
0 45
0 407
cob=(3)
cfi=(260)
cfn=(1146)
calls=1 31 
0 58
0 43
cob=(2)
cfi=(207)
cfn=(812)
calls=1 3359 
0 169
0 7
cfn=(1154) __rustc::__rust_alloc_zeroed
calls=1 0 
0 12381
0 3891213
cob=(3)
cfi=(260)
cfn=(1146)
calls=1 31 
0 58
0 59
cob=(2)
cfi=(207)
cfn=(812)
calls=1 3359 
0 190
0 4
cob=(2)
cfi=(207)
cfn=(812)
calls=1 3359 
0 85
0 3

fn=(1308) LOSAT::core::composition_adjustment::redo_alignment::blast_redo_one_match_with_workspace_queries_and_matrix_observed
0 54
cob=(2)
cfi=(207)
cfn=(694)
calls=1 3294 
0 42
0 161
cfn=(944)
calls=1 0 
0 312
0 911
cfn=(1310) LOSAT::core::composition_adjustment::redo_alignment::alignment_copy
calls=30 0 
0 8510
0 2719
cfn=(884)
calls=4 0 
0 1710
0 341
cfn=(1312) LOSAT::core::composition_adjustment::redo_alignment::distinct_alignments_sort_internal
calls=25 0 
0 873
0 142
cob=(2)
cfi=(207)
cfn=(812)
calls=1 3359 
0 163
0 10
cob=(2)
cfi=(207)
cfn=(812)
calls=1 3359 
0 85
0 11
cob=(2)
cfi=(227)
cfn=(782)
calls=1 255 
0 329
0 702
cob=(2)
cfi=(240)
cfn=(840)
calls=1 158 
0 13
0 88
cfn=(912)
calls=1 0 
0 126
0 403
cfn=(1348) core::ptr::drop_in_place<LOSAT::core::composition_adjustment::redo_alignment::BlastCompoAlignment>
calls=13 0 
0 1287
0 26
cob=(2)
cfi=(207)
cfn=(812)
calls=13 3359 
0 1105
0 1733
cfn=(1314) LOSAT::core::composition_adjustment::redo_alignment::translated_subject_get_range
calls=27 0 
0 26661587
0 654
cob=(2)
cfi=(207)
cfn=(812)
calls=2 3359 
0 326
0 8
cob=(2)
cfi=(207)
cfn=(812)
calls=2 3359 
0 368
0 687
cob=(2)
cfi=(227)
cfn=(782)
calls=30 255 
0 900
0 2727
cfn=(1318) LOSAT::core::composition_adjustment::redo_alignment::blast_redo_one_match_with_workspace_queries_and_matrix::{{closure}}
calls=3 0 
0 3
0 138
cfn=(1318)
calls=27 0 
0 27
0 45948
cfn=(1318)
calls=27 0 
0 27
0 378
cfn=(1338) LOSAT::algorithm::tblastn::kappa::tblastn_redo_one_alignment_callback
calls=27 0 
0 44572064
0 2033
cfn=(1348)
calls=1 0 
0 123
0 2
cob=(2)
cfi=(207)
cfn=(812)
calls=1 3359 
0 85
0 21776
cfn=(1284)
calls=27 0 
0 130343
0 135
cob=(2)
cfi=(227)
cfn=(782)
calls=27 255 
0 810
0 459
cfn=(1318)
calls=27 0 
0 27
0 22273
cob=(3)
cfi=(258)
cfn=(1130)
calls=472 31 
0 25278
0 5464
cob=(3)
cfi=(258)
cfn=(1130)
calls=540 31 
0 28947
0 13608
cob=(3)
cfi=(258)
cfn=(1130)
calls=540 31 
0 28755
0 5940
cob=(3)
cfi=(258)
cfn=(1130)
calls=540 31 
0 28755
0 13781
cob=(3)
cfi=(258)
cfn=(1130)
calls=472 31 
0 25152
0 5532
cob=(3)
cfi=(258)
cfn=(1130)
calls=540 31 
0 28818
0 4266
cob=(3)
cfi=(265) ./math/./math/w_acos_compat.c
cfn=(1320) acos
calls=27 29 
0 2108
0 324
cfn=(1326) LOSAT::core::composition_adjustment::adjust_scores::high_pair_frequencies
calls=27 0 
0 2646
0 162
cfn=(1326)
calls=27 0 
0 2648
0 65
cfn=(1328) LOSAT::core::composition_adjustment::adjust_scores::composition_matrix_adjust
calls=1 0 
0 1654554
0 260
cfn=(1328)
calls=26 0 
0 42792538
0 243
cob=(2)
cfi=(227)
cfn=(782)
calls=27 255 
0 8883
0 243
cob=(2)
cfi=(227)
cfn=(782)
calls=27 255 
0 8883
0 631
cob=(2)
cfi=(227)
cfn=(782)
calls=27 255 
0 8883
0 162
cob=(2)
cfi=(227)
cfn=(782)
calls=27 255 
0 8883
0 486
cfn=(1318)
calls=27 0 
0 27
0 310
cob=(2)
cfi=(207)
cfn=(812)
calls=25 3359 
0 4075
0 100
cob=(2)
cfi=(207)
cfn=(812)
calls=25 3359 
0 2203
0 175
cfn=(1348)
calls=25 0 
0 799
0 50
cob=(2)
cfi=(207)
cfn=(812)
calls=25 3359 
0 2312
0 105
cob=(2)
cfi=(207)
cfn=(812)
calls=1 3359 
0 163
0 4
cob=(2)
cfi=(227)
cfn=(782)
calls=1 255 
0 329
0 33
cfn=(1244) core::slice::sort::unstable::ipnsort
calls=1 0 
0 2608
0 2
cfn=(1244)
calls=1 0 
0 3689
0 1

fn=(1330) LOSAT::core::composition_adjustment::adjust_scores::apply_pseudocounts
0 6264

fn=(1348)
0 341
cob=(2)
cfi=(207)
cfn=(812)
calls=12 3359 
0 1182
0 179
cfn=(1349) core::ptr::drop_in_place<LOSAT::core::composition_adjustment::redo_alignment::BlastCompoAlignment>'2
calls=4 0 
0 3585
0 12
cob=(2)
cfi=(207)
cfn=(812)
calls=4 3359 
0 401
0 98

fn=(1349)
0 332
cfn=(1349)
calls=30 0 
0 45342
0 90
cob=(2)
cfi=(207)
cfn=(812)
calls=30 3359 
0 3155
0 8

fn=(1354)
0 5190

fn=(1364) core::slice::sort::shared::smallsort::insert_tail
0 228

fn=(1370) LOSAT::algorithm::tblastn::kappa::postredo_converted_stats_with_matrix
0 360
cfn=(1372)
calls=18 0 
0 4463520
0 414
cfn=(1346) LOSAT::algorithm::blastp::gapalign::stats_from_edit_ops_protein
calls=18 0 
0 47008
0 824

fn=(1388) core::ptr::drop_in_place<core::option::Option<LOSAT::algorithm::tblastn::stage_d_results::KappaResultList>>
0 28

fn=(1396) core::ptr::drop_in_place<alloc::vec::into_iter::IntoIter<(usize,usize,LOSAT::algorithm::tblastn::stage_d_linking::LinkedHspList)>>
0 23
cob=(2)
cfi=(207)
cfn=(812)
calls=1 3359 
0 85

fn=(1398) alloc::raw_vec::RawVecInner<A>::with_capacity_in
0 9
cob=(2)
cfi=(207)
cfn=(694)
calls=1 3294 
0 45
0 8

fn=(1404) LOSAT::algorithm::tblastn::stage_d_results::KappaResultHitList::reverse_order
0 3

fn=(1412) core::ptr::drop_in_place<alloc::vec::Vec<LOSAT::algorithm::tblastn::kappa_heap::CompoHeap>>
0 20
cob=(2)
cfi=(207)
cfn=(812)
calls=1 3359 
0 106
0 10
cob=(2)
cfi=(207)
cfn=(812)
calls=1 3359 
0 199

fn=(1456) std::io::Write::write_fmt
0 126
cfn=(930)
calls=9 0 
0 23079
0 126

fn=(1458)
0 3456
cob=(2)
cfi=(227)
cfn=(782)
calls=216 255 
0 3434
0 1993
cfn=(912)
calls=7 0 
0 2816
0 21

fn=(1474) core::fmt::float::float_to_exponential_common_exact
0 270
cfn=(1444) core::num::flt2dec::strategy::grisu::format_exact_opt
calls=3 0 
0 653
0 104
cfn=(1464) core::num::flt2dec::strategy::dragon::format_exact
calls=1 0 
0 2155
0 78
cfn=(906)
calls=3 0 
0 1557
0 24

fn=(1502)
0 26
cob=(2)
cfi=(227)
cfn=(782)
calls=1 255 
0 13
0 15
cob=(2)
cfi=(227)
cfn=(782)
calls=1 255 
0 13
0 40

fn=(882)
0 14
cob=(2)
cfi=(227)
cfn=(782)
calls=2 255 
0 202
0 10
cfn=(884)
calls=2 0 
0 513
0 40
cfn=(888) <LOSAT::cli::Commands as clap_builder::derive::Subcommand>::augment_subcommands
calls=2 0 
0 182667
0 26
cfn=(912)
calls=2 0 
0 252
0 76
cob=(2)
cfi=(227)
cfn=(782)
calls=2 255 
0 202
0 8

fn=(976) core::error::Error::cause
0 48

fn=(984)
0 10

fn=(1000) clap_builder::parser::parser::Parser::start_custom_arg
0 1523
cob=(2)
cfi=(252)
cfn=(926)
calls=24 73 
0 498
0 1426
cob=(2)
cfi=(252)
cfn=(926)
calls=8 73 
0 176
0 420
cfn=(1016) <P as clap_builder::builder::value_parser::AnyValueParser>::type_id
calls=5 0 
0 20
cfn=(1016)
calls=1 0 
0 4
cfn=(1016)
calls=1 0 
0 4
cfn=(1016)
calls=1 0 
0 4
cfn=(1016)
calls=4 0 
0 16
cfn=(1016)
calls=3 0 
0 12
cfn=(1016)
calls=2 0 
0 8
cfn=(1002)
calls=1 0 
0 4
0 288
cfn=(1004)
calls=18 0 
0 4927
0 579
cob=(2)
cfi=(227)
cfn=(782)
calls=5 255 
0 73
0 45
cfn=(1006) clap_builder::parser::arg_matcher::ArgMatcher::add_val_to
calls=5 0 
0 2980
0 327
cob=(2)
cfi=(252)
cfn=(926)
calls=8 73 
0 161
0 135
cob=(2)
cfi=(252)
cfn=(926)
calls=4 73 
0 76
0 48
cfn=(1004)
calls=1 0 
0 54
0 60
cfn=(1004)
calls=4 0 
0 236
0 171
cob=(2)
cfi=(207)
cfn=(694)
calls=5 3294 
0 888
0 85
cob=(2)
cfi=(207)
cfn=(694)
calls=5 3294 
0 980
0 19
cfn=(884)
calls=2 0 
0 707
0 8
cfn=(884)
calls=2 0 
0 707
0 200
cfn=(884)
calls=18 0 
0 4927
0 108
cfn=(884)
calls=18 0 
0 4709
0 36

fn=(1036)
0 449
cob=(2)
cfi=(252)
cfn=(926)
calls=5 73 
0 50
0 122

fn=(1046) core::ptr::drop_in_place<core::option::Option<alloc::boxed::Box<clap_builder::parser::matches::arg_matches::SubCommand>>>
0 28

fn=(1072)
0 11
cfn=(1074)
calls=1 0 
0 2358
0 12
cfn=(1084)
calls=1 0 
0 55704
0 10
cfn=(1084)
calls=1 0 
0 2881640
0 26
cob=(2)
cfi=(207)
cfn=(694)
calls=1 3294 
0 42
0 8
cob=(2)
cfi=(227)
cfn=(782)
calls=1 255 
0 16
0 13
cob=(2)
cfi=(227)
cfn=(782)
calls=1 255 
0 65
0 2
cob=(2)
cfi=(207)
cfn=(694)
calls=1 3294 
0 45
0 32
cfn=(1074)
calls=1 0 
0 2358
0 6
cfn=(1486) core::ptr::drop_in_place<LOSAT::algorithm::tblastn::args::TblastnArgs>
calls=1 0 
0 684
0 2
cob=(2)
cfi=(207)
cfn=(812)
calls=1 3359 
0 106
0 26
cob=(2)
cfi=(207)
cfn=(694)
calls=1 3294 
0 45
0 16
cob=(2)
cfi=(207)
cfn=(694)
calls=1 3294 
0 303
0 7
cob=(2)
cfi=(227)
cfn=(782)
calls=1 255 
0 137
0 21
cob=(2)
cfi=(207)
cfn=(694)
calls=1 3294 
0 45
0 16
cob=(2)
cfi=(207)
cfn=(694)
calls=1 3294 
0 377
0 7
cob=(2)
cfi=(227)
cfn=(782)
calls=1 255 
0 416053
0 31
cfn=(1488)
calls=1 0 
0 178
0 35
cob=(2)
cfi=(207)
cfn=(694)
calls=1 3294 
0 45
0 12
cob=(2)
cfi=(207)
cfn=(694)
calls=1 3294 
0 45
0 8
cob=(2)
cfi=(207)
cfn=(694)
calls=1 3294 
0 42
0 7
cob=(2)
cfi=(207)
cfn=(694)
calls=1 3294 
0 42
0 8
cob=(2)
cfi=(207)
cfn=(694)
calls=1 3294 
0 309
0 51
cfn=(884)
calls=1 0 
0 118
0 75
cfn=(1078)
calls=1 0 
0 890
0 12
cfn=(1112)
calls=1 0 
0 890
0 7
cfn=(1114) LOSAT::algorithm::tblastn::stage_d_pipeline::run_local_for_report_threads::{{closure}}
calls=1 0 
0 421151030
0 51
cob=(2)
cfi=(227)
cfn=(782)
calls=1 255 
0 12
0 38
cob=(2)
cfi=(227)
cfn=(782)
calls=1 255 
0 12
0 6
cob=(2)
cfi=(207)
cfn=(812)
calls=1 3359 
0 106
0 24
cob=(2)
cfi=(240)
cfn=(840)
calls=1 158 
0 17
0 15
cob=(2)
cfi=(227)
cfn=(782)
calls=1 255 
0 16
0 6
cob=(2)
cfi=(207)
cfn=(812)
calls=1 3359 
0 106
0 4
cob=(2)
cfi=(207)
cfn=(812)
calls=1 3359 
0 106
0 5
cob=(2)
cfi=(207)
cfn=(812)
calls=1 3359 
0 106
0 26
cob=(2)
cfi=(207)
cfn=(812)
calls=1 3359 
0 106
0 8
cob=(2)
cfi=(207)
cfn=(812)
calls=1 3359 
0 85
0 7
cob=(2)
cfi=(207)
cfn=(812)
calls=1 3359 
0 106
0 4
cob=(2)
cfi=(207)
cfn=(812)
calls=1 3359 
0 65
0 7
cob=(2)
cfi=(207)
cfn=(812)
calls=1 3359 
0 106
0 8
cob=(2)
cfi=(207)
cfn=(812)
calls=1 3359 
0 199
0 8
cob=(2)
cfi=(207)
cfn=(812)
calls=1 3359 
0 106
0 4
cob=(2)
cfi=(207)
cfn=(812)
calls=1 3359 
0 193
0 7
cob=(2)
cfi=(207)
cfn=(812)
calls=1 3359 
0 106
0 8
cob=(2)
cfi=(207)
cfn=(812)
calls=1 3359 
0 193
0 43
cfn=(1434) LOSAT::algorithm::tblastn::stage_e_report::render
calls=1 0 
0 70638
0 18
cfn=(1428) core::ptr::drop_in_place<LOSAT::algorithm::tblastn::stage_d_stats::LocalSubjectParameters>
calls=1 0 
0 221
0 4
cob=(2)
cfi=(207)
cfn=(812)
calls=1 3359 
0 106
0 7
cob=(2)
cfi=(207)
cfn=(812)
calls=1 3359 
0 106
0 5
cob=(2)
cfi=(207)
cfn=(812)
calls=1 3359 
0 106
0 4
cob=(2)
cfi=(207)
cfn=(812)
calls=1 3359 
0 106
0 2
cfn=(1484)
calls=1 0 
0 1544
0 2
cfn=(1416) core::ptr::drop_in_place<alloc::vec::Vec<alloc::vec::Vec<u8>>>
calls=1 0 
0 201
0 2
cfn=(1416)
calls=1 0 
0 323
0 3
cfn=(894)
calls=1 0 
0 139
0 1

fn=(1114)
0 56
cfn=(1116) LOSAT::algorithm::tblastn::stage_d_pipeline::run_local_search_with_pool
calls=1 0 
0 421150112
0 39
cob=(2)
cfi=(207)
cfn=(812)
calls=1 3359 
0 106
0 14
cob=(2)
cfi=(207)
cfn=(812)
calls=1 3359 
0 187
0 5
cob=(2)
cfi=(207)
cfn=(812)
calls=1 3359 
0 199
0 14
cob=(2)
cfi=(207)
cfn=(812)
calls=1 3359 
0 85
0 5
cob=(2)
cfi=(207)
cfn=(812)
calls=1 3359 
0 199
0 9

fn=(1120) LOSAT::algorithm::blastp::encoding::encode_protein_query_frame_with_seg
0 44
cfn=(1122) LOSAT::algorithm::blastp::encoding::encode_protein_sequence
calls=4 0 
0 85048
0 28
cob=(2)
cfi=(207)
cfn=(694)
calls=4 3294 
0 1335
0 32
cob=(2)
cfi=(227)
cfn=(782)
calls=4 255 
0 548
0 3624
cob=(2)
cfi=(227)
cfn=(782)
calls=4 255 
0 308
0 64
cfn=(1124) LOSAT::utils::seg::SegMasker::mask_sequence
calls=4 0 
0 11397293
0 24
cob=(2)
cfi=(207)
cfn=(694)
calls=4 3294 
0 3209
0 28
cob=(2)
cfi=(227)
cfn=(782)
calls=4 255 
0 546
0 7288
cfn=(884)
calls=12 0 
0 4437
0 112
cob=(2)
cfi=(207)
cfn=(812)
calls=4 3359 
0 453
0 72
cob=(2)
cfi=(207)
cfn=(812)
calls=4 3359 
0 744
0 32

fn=(1158)
0 14080

fn=(1190) compiler_builtins::math::libm_math::arch::x86::fma::fma::initializer
0 12
cfn=(1196)
calls=1 0 
0 2
0 7
cfn=(1192)
calls=1 0 
0 130
0 8

fn=(1206) <core::iter::adapters::GenericShunt<I,R> as core::iter::traits::iterator::Iterator>::next
0 15395218
cfn=(1370)
calls=9 0 
0 2257703
0 225
cfn=(1370)
calls=9 0 
0 2254423
0 460

fn=(1212)
0 63
cob=(2)
cfi=(227)
cfn=(782)
calls=1 255 
0 30
0 38
cfn=(1496)
calls=1 0 
0 134
0 14
cfn=(1500)
calls=1 0 
0 479
0 4

fn=(1242)
0 2959

fn=(1248) core::slice::sort::shared::smallsort::small_sort_general
0 24
cfn=(1250)
calls=1 0 
0 77
0 3
cfn=(1250)
calls=1 0 
0 77
0 2404
cfn=(1250)
calls=1 0 
0 109
0 3
cfn=(1250)
calls=1 0 
0 101
0 3512
cfn=(1250)
calls=6 0 
0 780
0 18
cfn=(1250)
calls=6 0 
0 800
0 10159

fn=(1286)
0 33
cob=(2)
cfi=(207)
cfn=(848)
calls=1 3699 
0 8621
0 13519

fn=(1316) LOSAT::core::composition_adjustment::redo_alignment::BlastCompoSequenceData::copy_query_range_with_selenocysteine_fix
0 702
cob=(2)
cfi=(207)
cfn=(848)
calls=27 3699 
0 29745
0 19953

fn=(1318)
0 111

fn=(1358) LOSAT::algorithm::tblastn::kappa::convert_distinct_alignments
0 232
cfn=(1348)
calls=13 0 
0 130
0 26
cob=(2)
cfi=(207)
cfn=(812)
calls=13 3359 
0 1376
0 404
cfn=(884)
calls=3 0 
0 5880
0 49
cfn=(1226) core::slice::sort::shared::smallsort::insertion_sort_shift_left
calls=1 0 
0 1199
0 2

fn=(1366) LOSAT::algorithm::tblastn::stage_d_linking::reap_by_evalue
0 91

fn=(1380)
0 54
cfn=(1382) <std::hash::random::DefaultHasher as core::hash::Hasher>::write
calls=2 0 
0 112
0 10
cfn=(1382)
calls=2 0 
0 56
0 140

fn=(1386)
0 40
cob=(2)
cfi=(207)
cfn=(694)
calls=1 3294 
0 45
0 17
cob=(2)
cfi=(240)
cfn=(840)
calls=1 158 
0 11
0 12

fn=(1416)
0 80
cob=(2)
cfi=(207)
cfn=(812)
calls=4 3359 
0 578
0 40
cob=(2)
cfi=(207)
cfn=(812)
calls=4 3359 
0 422

fn=(1422) core::ptr::drop_in_place<alloc::collections::vec_deque::VecDeque<(core::result::Result<(alloc::vec::Vec<(usize,LOSAT::algorithm::tblastn::search_gapped::GappedHsp)>,LOSAT::algorithm::tblastn::stage_d_linking::LinkedHspList),anyhow::Error>,core::option::Option<usize>)>>
0 22

fn=(1450)
0 2046
cfn=(1452) core::fmt::Formatter::pad_integral::write_prefix
calls=66 0 
0 1320
0 990
cfn=(1458)
calls=63 0 
0 4025
cfn=(910)
calls=3 0 
0 456
0 264

fn=(1490)
0 16
cfn=(1492) core::slice::memchr::memrchr
calls=1 0 
0 42
0 25
cob=(2)
cfi=(267) ./io/../sysdeps/unix/sysv/linux/write.c
cfn=(1494) write
calls=1 25 
0 8
0 25
cob=(2)
cfi=(227)
cfn=(782)
calls=1 255 
0 13
0 12

fn=(1144)
0 6748
cob=(3)
cfi=(258)
cfn=(1130)
calls=4 31 
0 216
0 56
cob=(3)
cfi=(260)
cfn=(1146)
calls=4 31 
0 232
0 1540
cob=(2)
cfi=(207)
cfn=(694)
calls=4 3294 
0 180
0 1752
cob=(3)
cfi=(260)
cfn=(1146)
calls=4 31 
0 232
0 196
cfn=(1154)
calls=4 0 
0 50063
0 16481250
cob=(3)
cfi=(260)
cfn=(1146)
calls=4 31 
0 232
0 232
cob=(2)
cfi=(207)
cfn=(812)
calls=4 3359 
0 780
0 16
cob=(2)
cfi=(207)
cfn=(812)
calls=4 3359 
0 340
0 16

fn=(1256) core::ptr::drop_in_place<LOSAT::algorithm::tblastx::lookup::backbone::BlastAaLookupTable>
0 6
cob=(2)
cfi=(207)
cfn=(812)
calls=1 3359 
0 244
0 4
cob=(2)
cfi=(207)
cfn=(812)
calls=1 3359 
0 211
0 4
cob=(2)
cfi=(207)
cfn=(812)
calls=1 3359 
0 235
0 4
cob=(2)
cfi=(207)
cfn=(812)
calls=1 3359 
0 85
0 5
cob=(2)
cfi=(207)
cfn=(812)
calls=1 3359 
0 85

fn=(640) 0x00000000000aa810
0 12

fn=(904) core::num::flt2dec::digits_to_dec_str
0 676

fn=(920) <LOSAT::algorithm::tblastx::args::TblastxArgs as clap_builder::derive::Args>::augment_args
0 22
cob=(2)
cfi=(227)
cfn=(782)
calls=2 255 
0 202
0 28
cfn=(884)
calls=2 0 
0 508
0 56
cfn=(884)
calls=2 0 
0 614
0 56
cfn=(884)
calls=2 0 
0 1164
0 82
cfn=(884)
calls=2 0 
0 520
0 42
cob=(2)
cfi=(227)
cfn=(782)
calls=2 255 
0 202
0 4
cob=(2)
cfi=(207)
cfn=(694)
calls=2 3294 
0 380
0 42
cfn=(884)
calls=2 0 
0 494
0 136
cob=(2)
cfi=(227)
cfn=(782)
calls=2 255 
0 202
0 4
cob=(2)
cfi=(207)
cfn=(694)
calls=2 3294 
0 380
0 172
cob=(2)
cfi=(227)
cfn=(782)
calls=2 255 
0 202
0 4
cob=(2)
cfi=(207)
cfn=(694)
calls=2 3294 
0 380
0 50
cob=(2)
cfi=(207)
cfn=(694)
calls=2 3294 
0 380
0 198
cob=(2)
cfi=(227)
cfn=(782)
calls=2 255 
0 202
0 4
cob=(2)
cfi=(207)
cfn=(694)
calls=2 3294 
0 380
0 50
cob=(2)
cfi=(207)
cfn=(694)
calls=2 3294 
0 380
0 198
cob=(2)
cfi=(227)
cfn=(782)
calls=2 255 
0 202
0 4
cob=(2)
cfi=(207)
cfn=(694)
calls=2 3294 
0 380
0 50
cob=(2)
cfi=(207)
cfn=(694)
calls=2 3294 
0 380
0 40
cfn=(884)
calls=2 0 
0 1500
0 162
cob=(2)
cfi=(227)
cfn=(782)
calls=2 255 
0 202
0 4
cob=(2)
cfi=(207)
cfn=(694)
calls=2 3294 
0 860
0 50
cob=(2)
cfi=(207)
cfn=(694)
calls=2 3294 
0 366
0 198
cob=(2)
cfi=(227)
cfn=(782)
calls=2 255 
0 202
0 4
cob=(2)
cfi=(207)
cfn=(694)
calls=2 3294 
0 366
0 166
cob=(2)
cfi=(227)
cfn=(782)
calls=2 255 
0 202
0 4
cob=(2)
cfi=(207)
cfn=(694)
calls=2 3294 
0 366
0 50
cob=(2)
cfi=(207)
cfn=(694)
calls=2 3294 
0 366
0 198
cob=(2)
cfi=(227)
cfn=(782)
calls=2 255 
0 202
0 4
cob=(2)
cfi=(207)
cfn=(694)
calls=2 3294 
0 366
0 50
cob=(2)
cfi=(207)
cfn=(694)
calls=2 3294 
0 366
0 40
cfn=(884)
calls=2 0 
0 434
0 162
cob=(2)
cfi=(227)
cfn=(782)
calls=2 255 
0 202
0 4
cob=(2)
cfi=(207)
cfn=(694)
calls=2 3294 
0 366
0 32
cfn=(912)
calls=2 0 
0 528
0 188
cob=(2)
cfi=(227)
cfn=(782)
calls=2 255 
0 202
0 4
cob=(2)
cfi=(207)
cfn=(694)
calls=2 3294 
0 366
0 16
cob=(2)
cfi=(207)
cfn=(694)
calls=2 3294 
0 366
0 34
cfn=(912)
calls=2 0 
0 528
0 186
cob=(2)
cfi=(227)
cfn=(782)
calls=2 255 
0 202
0 4
cob=(2)
cfi=(207)
cfn=(694)
calls=2 3294 
0 366
0 54
cfn=(912)
calls=2 0 
0 522
0 14
cob=(2)
cfi=(227)
cfn=(782)
calls=2 255 
0 60
0 18
cob=(2)
cfi=(207)
cfn=(694)
calls=2 3294 
0 366
0 214
cob=(2)
cfi=(227)
cfn=(782)
calls=2 255 
0 202
0 18
cfn=(912)
calls=2 0 
0 528
0 28
cob=(2)
cfi=(207)
cfn=(694)
calls=2 3294 
0 366
0 16
cob=(2)
cfi=(207)
cfn=(694)
calls=2 3294 
0 366
0 188
cob=(2)
cfi=(227)
cfn=(782)
calls=2 255 
0 202
0 4
cob=(2)
cfi=(207)
cfn=(694)
calls=2 3294 
0 366
0 16
cob=(2)
cfi=(207)
cfn=(694)
calls=2 3294 
0 366
0 56
cfn=(912)
calls=2 0 
0 522
0 14
cob=(2)
cfi=(227)
cfn=(782)
calls=2 255 
0 60
0 18
cob=(2)
cfi=(207)
cfn=(694)
calls=2 3294 
0 366
0 214
cob=(2)
cfi=(227)
cfn=(782)
calls=2 255 
0 130
0 18
cob=(2)
cfi=(227)
cfn=(782)
calls=2 255 
0 130
0 18
cfn=(912)
calls=2 0 
0 390
0 52
cfn=(912)
calls=2 0 
0 385
0 12
cob=(2)
cfi=(227)
cfn=(782)
calls=2 255 
0 202
0 26
cob=(2)
cfi=(227)
cfn=(782)
calls=2 255 
0 130
0 26
cob=(2)
cfi=(227)
cfn=(782)
calls=2 255 
0 130
0 17
cfn=(894)
calls=1 0 
0 856
0 2
cfn=(894)
calls=1 0 
0 273
0 2
cfn=(894)
calls=1 0 
0 267
0 2
cfn=(894)
calls=1 0 
0 260
0 2
cfn=(894)
calls=1 0 
0 260
0 2
cfn=(894)
calls=1 0 
0 260
0 2
cfn=(894)
calls=1 0 
0 260
0 2
cfn=(894)
calls=1 0 
0 260
0 1

fn=(930)
0 1504
cfn=(1440) core::fmt::float::<impl core::fmt::Display for f64>::fmt
calls=11 0 
0 8361
0 135
cfn=(1472) core::fmt::float::<impl core::fmt::LowerExp for f64>::fmt
calls=3 0 
0 4874
cfn=(1448)
calls=3 0 
0 828
cfn=(1440)
calls=9 0 
0 11807
0 1211
cfn=(1458)
calls=99 0 
0 4601
cfn=(910)
calls=5 0 
0 220
0 696
cfn=(1462) core::fmt::num::imp::<impl core::fmt::Display for i32>::fmt
calls=36 0 
0 6682
cfn=(1460) core::fmt::num::imp::<impl core::fmt::Display for u64>::fmt
calls=27 0 
0 4877
cfn=(974) <alloc::string::String as core::fmt::Display>::fmt
calls=29 0 
0 2161
cfn=(932)
calls=1 0 
0 314
cfn=(932)
calls=29 0 
0 3959
0 973
cfn=(1458)
calls=9 0 
0 369
cfn=(910)
calls=5 0 
0 745
0 443

fn=(958) <clap_builder::builder::styled_str::StyledStr as core::convert::From<&str>>::from
0 16
cfn=(912)
calls=1 0 
0 262
0 6
cob=(2)
cfi=(227)
cfn=(782)
calls=1 255 
0 12
0 11

fn=(960) clap_builder::builder::command::Command::arg_internal
0 22
cob=(2)
cfi=(227)
cfn=(782)
calls=1 255 
0 89
0 9
cfn=(884)
calls=1 0 
0 360
0 2

fn=(966) clap_builder::builder::command::Command::_build_subcommand
0 12
cob=(2)
cfi=(207)
cfn=(694)
calls=1 3294 
0 175
0 53
cob=(2)
cfi=(252)
cfn=(926)
calls=2 73 
0 41
0 15
cob=(2)
cfi=(227)
cfn=(782)
calls=1 255 
0 15
0 28
cfn=(968) clap_builder::output::usage::Usage::get_required_usage_from
calls=1 0 
0 898
0 36
cfn=(928)
calls=1 0 
0 718
0 20
cob=(2)
cfi=(207)
cfn=(812)
calls=1 3359 
0 85
0 45
cfn=(928)
calls=1 0 
0 584
0 56
cfn=(928)
calls=1 0 
0 717
0 11
cfn=(948)
calls=1 0 
0 8777
0 6
cob=(2)
cfi=(207)
cfn=(812)
calls=1 3359 
0 85
0 15
cfn=(912)
calls=1 0 
0 256
0 4

fn=(1010) <P as clap_builder::builder::value_parser::AnyValueParser>::parse_ref_
0 18
cfn=(1022)
calls=2 0 
0 246
0 10
cob=(2)
cfi=(207)
cfn=(694)
calls=2 3294 
0 373
0 50
cfn=(1022)
calls=2 0 
0 918
0 10
cob=(2)
cfi=(207)
cfn=(694)
calls=2 3294 
0 90
0 39
cfn=(1022)
calls=1 0 
0 971
0 8
cob=(2)
cfi=(207)
cfn=(694)
calls=1 3294 
0 190
0 26
cfn=(1022)
calls=1 0 
0 270
0 9
cob=(2)
cfi=(207)
cfn=(694)
calls=1 3294 
0 190
0 25
cfn=(1022)
calls=1 0 
0 281
0 9
cob=(2)
cfi=(207)
cfn=(694)
calls=1 3294 
0 190
0 26
cfn=(1022)
calls=1 0 
0 115
0 5
cob=(2)
cfi=(207)
cfn=(694)
calls=1 3294 
0 190
0 25
cfn=(1022)
calls=1 0 
0 136
0 5
cob=(2)
cfi=(207)
cfn=(694)
calls=1 3294 
0 190
0 24
cfn=(1022)
calls=1 0 
0 118
0 5
cob=(2)
cfi=(207)
cfn=(694)
calls=1 3294 
0 190
0 24
cfn=(1022)
calls=1 0 
0 198
0 6
cob=(2)
cfi=(207)
cfn=(694)
calls=1 3294 
0 190
0 28
cfn=(1012) <clap_builder::builder::value_parser::PossibleValuesParser as clap_builder::builder::value_parser::TypedValueParser>::parse_ref
calls=1 0 
0 364
0 9
cob=(2)
cfi=(207)
cfn=(694)
calls=1 3294 
0 211
0 35
cfn=(1020) <clap_builder::builder::value_parser::TryMapValueParser<P,F> as clap_builder::builder::value_parser::TypedValueParser>::parse_ref
calls=2 0 
0 483
0 18
cob=(2)
cfi=(207)
cfn=(694)
calls=2 3294 
0 380
0 64
cfn=(1038) <clap_builder::builder::value_parser::BoolValueParser as clap_builder::builder::value_parser::TypedValueParser>::parse_ref
calls=3 0 
0 93
0 15
cob=(2)
cfi=(207)
cfn=(694)
calls=3 3294 
0 552
0 59
cob=(2)
cfi=(207)
cfn=(694)
calls=1 3294 
0 184
0 8
cob=(2)
cfi=(227)
cfn=(782)
calls=1 255 
0 13
0 7
cfn=(1034) <clap_builder::builder::value_parser::StringValueParser as clap_builder::builder::value_parser::TypedValueParser>::parse
calls=1 0 
0 109
0 9
cob=(2)
cfi=(207)
cfn=(694)
calls=1 3294 
0 190
0 20

fn=(1014) core::ptr::drop_in_place<clap_builder::parser::parser::ParseResult>
0 270

fn=(1018)
0 118
cfn=(1070)
calls=5 0 
0 665
0 30
cob=(2)
cfi=(207)
cfn=(812)
calls=5 3359 
0 870
0 10
cob=(2)
cfi=(207)
cfn=(812)
calls=1 3359 
0 85
0 113
cob=(2)
cfi=(207)
cfn=(812)
calls=5 3359 
0 530
0 35
cob=(2)
cfi=(207)
cfn=(812)
calls=5 3359 
0 530
0 17
cob=(2)
cfi=(207)
cfn=(812)
calls=1 3359 
0 85
0 140

fn=(1026) clap_builder::parser::parser::Parser::add_defaults
0 62
cfn=(1014)
calls=13 0 
0 195
0 1436
cob=(2)
cfi=(252)
cfn=(926)
calls=11 73 
0 233
0 142
cob=(2)
cfi=(207)
cfn=(694)
calls=13 3294 
0 585
0 169
cob=(2)
cfi=(207)
cfn=(694)
calls=13 3294 
0 2382
0 91
cob=(2)
cfi=(227)
cfn=(782)
calls=13 255 
0 201
0 312
cfn=(994) clap_builder::parser::parser::Parser::react
calls=13 0 
0 38429
0 57

fn=(1028)
0 313

fn=(1048)
0 39
cfn=(1049) clap_builder::parser::arg_matcher::ArgMatcher::fill_in_global_values'2
calls=1 0 
0 28
0 19
cfn=(1050) core::ptr::drop_in_place<clap_builder::parser::arg_matcher::ArgMatcher>
calls=1 0 
0 38
0 11

fn=(1049)
0 28

fn=(1078)
0 39
cfn=(874)
calls=3 0 
0 2676
0 45

fn=(1122)
0 64
cob=(2)
cfi=(207)
cfn=(694)
calls=4 3294 
0 1168
0 83816

fn=(1124)
0 620
cfn=(1126) LOSAT::utils::seg::SegMasker::mask_sequence::seg_seq
calls=31 0 
0 34920031
0 3733
cob=(2)
cfi=(227)
cfn=(782)
calls=19 255 
0 336
0 3348

fn=(1162)
0 18
cfn=(874)
calls=2 0 
0 1702
0 24

fn=(1166)
0 775380
cob=(2)
cfi=(207)
cfn=(848)
calls=11164 3699 
0 2402750
0 234450
cob=(2)
cfi=(240)
cfn=(840)
calls=2 158 
0 22
0 278256
cfn=(912)
calls=2 0 
0 902
0 10

fn=(1174) LOSAT::stats::length_adjustment::compute_length_adjustment_ncbi
0 15
cob=(3)
cfi=(258)
cfn=(1130)
calls=1 31 
0 54
0 74
cob=(3)
cfi=(258)
cfn=(1130)
calls=1 31 
0 54
0 28
cob=(3)
cfi=(258)
cfn=(1130)
calls=2 31 
0 108
0 72
cfn=(1176)
calls=1 0 
0 23
0 13
cob=(3)
cfi=(258)
cfn=(1130)
calls=1 31 
0 54
0 10

fn=(1188) fma
0 21112
cfn=(1196)
calls=5277 0 
0 10554
cfn=(1190)
calls=1 0 
0 159
0 10556

fn=(1240)
0 9804

fn=(1258) core::ptr::drop_in_place<alloc::vec::Vec<LOSAT::algorithm::tblastn::search_gapped::PreliminaryEvent>>
0 52
cob=(2)
cfi=(207)
cfn=(812)
calls=6 3359 
0 825
0 60
cob=(2)
cfi=(207)
cfn=(812)
calls=30 3359 
0 3330
0 407
cob=(2)
cfi=(207)
cfn=(812)
calls=1 3359 
0 190

fn=(1260) LOSAT::algorithm::tblastn::stage_d_linking::link_preliminary_hsps
0 68
cob=(2)
cfi=(207)
cfn=(694)
calls=2 3294 
0 2623
0 2854
cfn=(1180) LOSAT::stats::spouge::erf_impl_ncbi
calls=53 0 
0 298484
0 901
cob=(3)
cfi=(260)
cfn=(1146)
calls=53 31 
0 3284
0 583
cfn=(1180)
calls=53 0 
0 3339
0 530
cob=(3)
cfi=(260)
cfn=(1146)
calls=53 31 
0 3233
0 1484
cob=(3)
cfi=(260)
cfn=(1146)
calls=53 31 
0 3122
0 477
cob=(3)
cfi=(258)
cfn=(1130)
calls=53 31 
0 2862
0 1186
cob=(2)
cfi=(207)
cfn=(694)
calls=2 3294 
0 90
0 167
cfn=(1364)
calls=1 0 
0 19
0 44
cfn=(1364)
calls=11 0 
0 209
0 38
cob=(2)
cfi=(207)
cfn=(694)
calls=1 3294 
0 45
0 135
cfn=(1262)
calls=1 0 
0 1153
0 3
cob=(2)
cfi=(207)
cfn=(694)
calls=1 3294 
0 45
0 1798
cfn=(1262)
calls=1 0 
0 9245
0 10
cob=(2)
cfi=(207)
cfn=(848)
calls=2 3699 
0 387
0 1427
cob=(3)
cfi=(258)
cfn=(1130)
calls=2 31 
0 108
0 8
cob=(3)
cfi=(258)
cfn=(1130)
calls=2 31 
0 108
0 35669
cfn=(1270) LOSAT::algorithm::tblastn::stage_d_linking::merged_chain
calls=259 0 
0 57237
0 9252
cob=(2)
cfi=(207)
cfn=(812)
calls=256 3359 
0 21760
0 2316
cob=(2)
cfi=(207)
cfn=(812)
calls=3 3359 
0 255
0 147
cob=(3)
cfi=(258)
cfn=(1130)
calls=3 31 
0 162
0 27
cfn=(1272)
calls=3 0 
0 555
0 39
cfn=(1274) LOSAT::stats::sum_statistics::blast_sum_p
calls=3 0 
0 714
0 409
cfn=(1270)
calls=1 0 
0 220
0 22
cob=(2)
cfi=(207)
cfn=(812)
calls=1 3359 
0 85
0 362
cob=(2)
cfi=(207)
cfn=(812)
calls=2 3359 
0 170
0 4
cob=(2)
cfi=(207)
cfn=(812)
calls=2 3359 
0 170
0 4
cob=(2)
cfi=(207)
cfn=(812)
calls=2 3359 
0 278
0 275
cfn=(1262)
calls=1 0 
0 1540
0 540
cob=(2)
cfi=(207)
cfn=(774)
calls=1 3407 
0 42
0 579

fn=(1298) LOSAT::core::composition_adjustment::adjust_scores::freq_ratio_to_score_square
0 458
cob=(3)
cfi=(258)
cfn=(1130)
calls=27 31 
0 1452
0 276
cob=(3)
cfi=(258)
cfn=(1130)
calls=27 31 
0 1452
0 276
cob=(3)
cfi=(258)
cfn=(1130)
calls=27 31 
0 1458
0 276
cob=(3)
cfi=(258)
cfn=(1130)
calls=27 31 
0 1458
0 276
cob=(3)
cfi=(258)
cfn=(1130)
calls=27 31 
0 1449
0 276
cob=(3)
cfi=(258)
cfn=(1130)
calls=27 31 
0 1452
0 276
cob=(3)
cfi=(258)
cfn=(1130)
calls=27 31 
0 1455
0 276
cob=(3)
cfi=(258)
cfn=(1130)
calls=27 31 
0 1452
0 276
cob=(3)
cfi=(258)
cfn=(1130)
calls=27 31 
0 1455
0 276
cob=(3)
cfi=(258)
cfn=(1130)
calls=27 31 
0 1455
0 276
cob=(3)
cfi=(258)
cfn=(1130)
calls=27 31 
0 1458
0 276
cob=(3)
cfi=(258)
cfn=(1130)
calls=27 31 
0 1455
0 276
cob=(3)
cfi=(258)
cfn=(1130)
calls=27 31 
0 1446
0 276
cob=(3)
cfi=(258)
cfn=(1130)
calls=27 31 
0 1458
0 276
cob=(3)
cfi=(258)
cfn=(1130)
calls=27 31 
0 1449
0 276
cob=(3)
cfi=(258)
cfn=(1130)
calls=27 31 
0 1455
0 276
cob=(3)
cfi=(258)
cfn=(1130)
calls=27 31 
0 1446
0 276
cob=(3)
cfi=(258)
cfn=(1130)
calls=27 31 
0 1449
0 276
cob=(3)
cfi=(258)
cfn=(1130)
calls=27 31 
0 1455
0 276
cob=(3)
cfi=(258)
cfn=(1130)
calls=27 31 
0 1458
0 276
cob=(3)
cfi=(258)
cfn=(1130)
calls=27 31 
0 1458
0 276
cob=(3)
cfi=(258)
cfn=(1130)
calls=27 31 
0 1458
0 276
cob=(3)
cfi=(258)
cfn=(1130)
calls=27 31 
0 1449
0 276
cob=(3)
cfi=(258)
cfn=(1130)
calls=27 31 
0 1458
0 276
cob=(3)
cfi=(258)
cfn=(1130)
calls=27 31 
0 1458
0 276
cob=(3)
cfi=(258)
cfn=(1130)
calls=27 31 
0 1458
0 276
cob=(3)
cfi=(258)
cfn=(1130)
calls=27 31 
0 1458
0 113

fn=(1312)
0 290
cfn=(1313) LOSAT::core::composition_adjustment::redo_alignment::distinct_alignments_sort_internal'2
calls=1 0 
0 92
0 9
cfn=(1313)
calls=1 0 
0 92
0 390

fn=(1313)
0 184

fn=(1336) LOSAT::core::composition_adjustment::adjust_scores::set_xuo_scores
0 161082
cob=(2)
cfi=(227)
cfn=(782)
calls=27 255 
0 810
0 1566
cob=(2)
cfi=(227)
cfn=(782)
calls=27 255 
0 810
0 1647

fn=(1346)
0 81845

fn=(1360) LOSAT::algorithm::tblastn::kappa::reap_contained_postredo_hsps
0 14
cob=(2)
cfi=(207)
cfn=(694)
calls=1 3294 
0 45
0 7
cob=(2)
cfi=(240)
cfn=(840)
calls=1 158 
0 13
0 1131
cob=(2)
cfi=(207)
cfn=(694)
calls=1 3294 
0 45
0 218
cfn=(912)
calls=2 0 
0 821
0 178
cob=(2)
cfi=(207)
cfn=(812)
calls=1 3359 
0 85

fn=(1382)
0 168

fn=(1392) core::ptr::drop_in_place<LOSAT::algorithm::tblastn::search_gapped::TargetTranslation>
0 6
cob=(2)
cfi=(207)
cfn=(812)
calls=1 3359 
0 104
0 4
cob=(2)
cfi=(207)
cfn=(812)
calls=1 3359 
0 104
0 4
cob=(2)
cfi=(207)
cfn=(812)
calls=1 3359 
0 106
0 4
cob=(2)
cfi=(207)
cfn=(812)
calls=1 3359 
0 169
0 4
cob=(2)
cfi=(207)
cfn=(812)
calls=1 3359 
0 106
0 5
cob=(2)
cfi=(207)
cfn=(812)
calls=1 3359 
0 202

fn=(1394) core::ptr::drop_in_place<LOSAT::core::composition_adjustment::redo_alignment::BlastRedoOneMatchResult>
0 32
cob=(2)
cfi=(207)
cfn=(812)
calls=1 3359 
0 106

fn=(1460)
0 824
cfn=(1450)
calls=17 0 
0 2698
0 90
cfn=(1450)
calls=10 0 
0 1130
0 135

fn=(1468) core::num::flt2dec::strategy::dragon::mul_pow10
0 202
cfn=(1466)
calls=1 0 
0 165
0 51
cfn=(1476) core::num::bignum::Big32x40::mul_digits
calls=1 0 
0 213
0 2

fn=(1472)
0 33
cfn=(1474)
calls=3 0 
0 4841

fn=(1142)
0 128
cob=(2)
cfi=(207)
cfn=(848)
calls=4 3699 
0 700
0 128608

fn=(870) std::sys::backtrace::__rust_begin_short_backtrace
0 2
cfn=(872)
calls=1 0 
0 424996261
0 2

fn=(884)
0 30
cfn=(886)
calls=2 0 
0 188
0 453
cfn=(886)
calls=29 0 
0 9577
0 276
cfn=(886)
calls=1 0 
0 94
0 129
cfn=(886)
calls=8 0 
0 2182
0 102
cfn=(886)
calls=2 0 
0 516
0 48
cfn=(886)
calls=2 0 
0 694
0 1458
cfn=(886)
calls=96 0 
0 5743882
0 1074
cfn=(886)
calls=14 0 
0 4778
0 246
cfn=(886)
calls=8 0 
0 752
0 117
cfn=(886)
calls=3 0 
0 5808
0 4272
cfn=(886)
calls=283 0 
0 29394
0 3297
cfn=(886)
calls=50 0 
0 15174
0 1050
cfn=(886)
calls=40 0 
0 13933
0 420
cfn=(886)
calls=4 0 
0 2195
0 216
cfn=(886)
calls=12 0 
0 2995
0 468
cfn=(886)
calls=24 0 
0 5170
0 276
cfn=(886)
calls=4 0 
0 2082
0 666
cfn=(886)
calls=42 0 
0 10821
0 1379
cfn=(886)
calls=77 0 
0 21258
0 1118
cfn=(886)
calls=25 0 
0 6131
0 250

fn=(900)
0 321
cfn=(902)
calls=4 0 
0 724
0 68
cfn=(904)
calls=4 0 
0 96
0 22
cfn=(906)
calls=1 0 
0 384
0 24
cfn=(906)
calls=4 0 
0 1802
0 35

fn=(938)
0 44
cfn=(940) std::path::Components::len_before_body
calls=1 0 
0 19
0 5
cfn=(942) std::path::Components::parse_next_component_back
calls=1 0 
0 100
0 19

fn=(950) clap_builder::builder::command::Command::_propagate_subcommand
0 156

fn=(982)
0 130

fn=(996) clap_builder::parser::parser::Parser::resolve_pending
0 480

fn=(1008) clap_builder::parser::parser::Parser::push_arg_values
0 1211
cfn=(1010)
calls=1 0 
0 554
0 153
cfn=(1010)
calls=2 0 
0 1068
cfn=(1010)
calls=3 0 
0 735
cfn=(1010)
calls=1 0 
0 1195
cfn=(1010)
calls=1 0 
0 505
cfn=(1010)
calls=1 0 
0 334
cfn=(1010)
calls=1 0 
0 356
cfn=(1010)
calls=1 0 
0 337
cfn=(1010)
calls=1 0 
0 418
cfn=(1010)
calls=2 0 
0 677
cfn=(1010)
calls=1 0 
0 495
cfn=(1010)
calls=2 0 
0 933
cfn=(1010)
calls=1 0 
0 614
0 288
cfn=(1006)
calls=18 0 
0 12315
0 1268
cob=(2)
cfi=(252)
cfn=(926)
calls=26 73 
0 518
0 430
cfn=(884)
calls=18 0 
0 4745
0 108
cob=(2)
cfi=(207)
cfn=(812)
calls=18 3359 
0 1530
0 162

fn=(1012)
0 19
cob=(2)
cfi=(207)
cfn=(694)
calls=1 3294 
0 178
0 7
cob=(2)
cfi=(227)
cfn=(782)
calls=1 255 
0 15
0 4
cfn=(924)
calls=1 0 
0 73
0 34
cob=(2)
cfi=(252)
cfn=(926)
calls=1 73 
0 19
0 15

fn=(1032)
0 37

fn=(1050)
0 16
cfn=(1046)
calls=1 0 
0 14
0 8

fn=(1062) <core::iter::adapters::flatten::FlattenCompat<I,U> as core::iter::traits::iterator::Iterator>::next
0 1044

fn=(1088)
0 78
cob=(2)
cfi=(253) ./io/../sysdeps/unix/sysv/linux/open64.c
cfn=(1090) open
calls=2 30 
0 72
0 48

fn=(1094)
0 50
cfn=(1096) <bio::io::fasta::Records<B> as core::iter::traits::iterator::Iterator>::next
calls=2 0 
0 2892403
0 68
cob=(2)
cfi=(207)
cfn=(694)
calls=2 3294 
0 90
0 68
cfn=(1096)
calls=2 0 
0 422
0 14
cob=(2)
cfi=(207)
cfn=(812)
calls=2 3359 
0 390
0 4
cob=(2)
cfi=(255) ./io/../sysdeps/unix/sysv/linux/close.c
cfn=(1104) close
calls=2 26 
0 16
0 10
cob=(2)
cfi=(207)
cfn=(812)
calls=2 3359 
0 170
0 21
cob=(2)
cfi=(207)
cfn=(694)
calls=1 3294 
0 45
0 58
cfn=(1206)
calls=1 0 
0 2203631
0 6
cob=(2)
cfi=(207)
cfn=(694)
calls=1 3294 
0 45
0 195
cfn=(1206)
calls=8 0 
0 1940177
0 3
cfn=(1206)
calls=1 0 
0 369663
0 46
cfn=(912)
calls=2 0 
0 2531
0 20

fn=(1178) LOSAT::stats::spouge::blast_spouge_etos
0 32
cob=(3)
cfi=(258)
cfn=(1130)
calls=1 31 
0 54
0 63
cfn=(1180)
calls=1 0 
0 63
0 7
cob=(3)
cfi=(260)
cfn=(1146)
calls=1 31 
0 61
0 8
cfn=(1180)
calls=1 0 
0 63
0 12
cob=(3)
cfi=(260)
cfn=(1146)
calls=1 31 
0 61
0 39
cob=(3)
cfi=(260)
cfn=(1146)
calls=1 31 
0 58
0 38
cfn=(1180)
calls=1 0 
0 5791
0 7
cob=(3)
cfi=(260)
cfn=(1146)
calls=1 31 
0 58
0 8
cfn=(1180)
calls=1 0 
0 63
0 12
cob=(3)
cfi=(260)
cfn=(1146)
calls=1 31 
0 61
0 29
cob=(3)
cfi=(260)
cfn=(1146)
calls=1 31 
0 58
0 209
cfn=(1180)
calls=4 0 
0 22536
0 28
cob=(3)
cfi=(260)
cfn=(1146)
calls=4 31 
0 253
0 32
cfn=(1180)
calls=4 0 
0 252
0 48
cob=(3)
cfi=(260)
cfn=(1146)
calls=4 31 
0 244
0 116
cob=(3)
cfi=(260)
cfn=(1146)
calls=4 31 
0 232
0 18

fn=(1180)
0 2097
cfn=(1181) LOSAT::stats::spouge::erf_impl_ncbi'2
calls=115 0 
0 310558
0 1410
cfn=(1188)
calls=2 0 
0 16
0 26
cfn=(1188)
calls=1 0 
0 8
0 1521
cfn=(1188)
calls=117 0 
0 936
0 3000
cfn=(1188)
calls=120 0 
0 960
0 9036
cfn=(1188)
calls=3 0 
0 24
0 60
cfn=(1188)
calls=3 0 
0 24
0 60
cfn=(1188)
calls=3 0 
0 24
0 60
cfn=(1188)
calls=3 0 
0 24
0 60
cfn=(1188)
calls=3 0 
0 24
0 60
cfn=(1188)
calls=3 0 
0 24
0 60
cfn=(1188)
calls=3 0 
0 24
0 60
cfn=(1188)
calls=3 0 
0 24
0 60
cfn=(1188)
calls=3 0 
0 24
0 69
cfn=(1188)
calls=3 0 
0 24
0 168
cfn=(1188)
calls=3 0 
0 24
0 42

fn=(1181)
0 7719
cfn=(1188)
calls=48 0 
0 541
0 182
cfn=(1188)
calls=7 0 
0 56
0 27885
cfn=(1188)
calls=2145 0 
0 17160
0 55000
cfn=(1188)
calls=2200 0 
0 17600
0 165660
cfn=(1188)
calls=55 0 
0 440
0 1100
cfn=(1188)
calls=55 0 
0 440
0 1100
cfn=(1188)
calls=55 0 
0 440
0 1100
cfn=(1188)
calls=55 0 
0 440
0 1100
cfn=(1188)
calls=55 0 
0 440
0 1100
cfn=(1188)
calls=55 0 
0 440
0 1100
cfn=(1188)
calls=55 0 
0 440
0 1100
cfn=(1188)
calls=55 0 
0 440
0 1100
cfn=(1188)
calls=55 0 
0 440
0 1265
cfn=(1188)
calls=55 0 
0 440
0 3080
cfn=(1188)
calls=55 0 
0 440
0 770

fn=(1194)
0 5

fn=(1218) LOSAT::algorithm::tblastn::search_init::find_protein_init_hsps_by_chunk_with_mask_mode::{{closure}}
0 12606380
cfn=(1220)
calls=6465 0 
0 6556080
0 211756
cfn=(884)
calls=14 0 
0 5114
0 144
cfn=(1228) LOSAT::algorithm::tblastn::search_gapped::preliminary_protein_hsps_with_comparison_input::{{closure}}
calls=6 0 
0 27426
0 132
cfn=(1228)
calls=6 0 
0 17018761
0 30
cob=(2)
cfi=(207)
cfn=(812)
calls=6 3359 
0 952
0 144
cfn=(1226)
calls=6 0 
0 3838
0 6

fn=(1226)
0 14659

fn=(1244)
0 57
cfn=(1246) core::slice::sort::unstable::quicksort::quicksort
calls=1 0 
0 3632
0 26
cfn=(1246)
calls=1 0 
0 2582
0 2152
cfn=(1246)
calls=4 0 
0 15068

fn=(1266)
0 53
cfn=(1250)
calls=1 0 
0 189
0 5
cfn=(1250)
calls=1 0 
0 189
0 5
cfn=(1268)
calls=1 0 
0 443
0 10
cfn=(1250)
calls=1 0 
0 189
0 7
cfn=(1250)
calls=1 0 
0 194
0 6
cfn=(1268)
calls=1 0 
0 443
0 10
cfn=(1250)
calls=1 0 
0 189
0 4
cfn=(1250)
calls=1 0 
0 189
0 3039
cfn=(1268)
calls=2 0 
0 2098
0 16

fn=(1270)
0 22370
cfn=(884)
calls=91 0 
0 10738
0 520
cfn=(884)
calls=169 0 
0 19942
0 3887

fn=(1278)
0 82
cob=(2)
cfi=(207)
cfn=(694)
calls=1 3294 
0 615
0 8
cob=(2)
cfi=(227)
cfn=(782)
calls=1 255 
0 209
0 34

fn=(1296)
0 78
cob=(3)
cfi=(260)
cfn=(1146)
calls=1 31 
0 58
0 1591
cob=(3)
cfi=(258)
cfn=(1130)
calls=1 31 
0 54
0 16

fn=(1310)
0 600
cob=(2)
cfi=(207)
cfn=(694)
calls=30 3294 
0 7400
0 510

fn=(1344)
0 240972
cfn=(912)
calls=34 0 
0 19502
0 3361
cob=(2)
cfi=(207)
cfn=(694)
calls=823 3294 
0 128040
0 69701

fn=(1362) alloc::vec::in_place_collect::from_iter_in_place
0 470

fn=(1400) LOSAT::algorithm::tblastn::kappa_heap::CompoHeap::pop
0 61

fn=(1402) hashbrown::map::HashMap<K,V,S,A>::remove
0 12
cfn=(1380)
calls=1 0 
0 186
0 76

fn=(1430) core::ptr::drop_in_place<alloc::vec::Vec<LOSAT::algorithm::tblastx::lookup::QueryContext>>
0 20
cob=(2)
cfi=(207)
cfn=(812)
calls=1 3359 
0 163
0 6
cob=(2)
cfi=(207)
cfn=(812)
calls=1 3359 
0 190
0 10
cob=(2)
cfi=(207)
cfn=(812)
calls=1 3359 
0 85

fn=(1432) core::ptr::drop_in_place<alloc::vec::Vec<alloc::vec::Vec<LOSAT::algorithm::tblastx::translation::QueryFrame>>>
0 36
cob=(2)
cfi=(207)
cfn=(812)
calls=1 3359 
0 187
0 6
cob=(2)
cfi=(207)
cfn=(812)
calls=1 3359 
0 193
0 4
cob=(2)
cfi=(207)
cfn=(812)
calls=1 3359 
0 199
0 6
cob=(2)
cfi=(207)
cfn=(812)
calls=1 3359 
0 106
0 13
cob=(2)
cfi=(207)
cfn=(812)
calls=1 3359 
0 106

fn=(1440)
0 200
cfn=(1442) core::fmt::float::float_to_decimal_common_exact
calls=20 0 
0 19968

fn=(1442)
0 1820
cfn=(1444)
calls=20 0 
0 4587
0 259
cfn=(904)
calls=20 0 
0 580
0 58
cfn=(1464)
calls=3 0 
0 5091
0 149
cfn=(906)
calls=20 0 
0 7264
0 160

fn=(1480) std::io::impls::<impl std::io::Write for &mut W>::flush
0 4
cfn=(1482) std::io::impls::<impl std::io::Write for alloc::vec::Vec<u8,A>>::flush
calls=1 0 
0 2

fn=(1492)
0 42

fn=(1254) core::ptr::drop_in_place<alloc::vec::into_iter::IntoIter<LOSAT::algorithm::tblastx::translation::QueryFrame>>
0 23
cob=(2)
cfi=(207)
cfn=(812)
calls=1 3359 
0 85

fn=(658) main
0 21
cob=(2)
cfi=(192) ./io/../sysdeps/unix/sysv/linux/poll.c
cfn=(660) poll
calls=1 27 
0 8
0 5
cob=(2)
cfi=(193) ./signal/../sysdeps/posix/signal.c
cfn=(662) signal
calls=1 30 
0 120
0 4
cob=(2)
cfi=(198) ./posix/../sysdeps/unix/sysv/linux/x86/sysconf.c
cfn=(674) sysconf
calls=1 32 
0 58
0 8
cob=(2)
cfi=(202) ./nptl/./nptl/pthread_self.c
cfn=(682) pthread_self
calls=1 23 
0 3
0 3
cob=(2)
cfi=(203) ./nptl/./nptl/pthread_getattr_np.c
cfn=(684) pthread_getattr_np@@GLIBC_2.32
calls=1 33 
0 108107
0 10
cob=(2)
cfi=(243) ./nptl/./nptl/pthread_attr_getstack.c
cfn=(852) pthread_attr_getstack@@GLIBC_2.34
calls=1 24 
0 9
0 6
cob=(2)
cfi=(244) ./nptl/./nptl/pthread_attr_destroy.c
cfn=(854) pthread_attr_destroy
calls=1 26 
0 191
0 62
cob=(2)
cfi=(196) ./signal/./signal/sigaction.c
cfn=(668) sigaction
calls=1 26 
0 59
0 9
cfn=(856) std::sys::pal::unix::stack_overflow::imp::make_handler
calls=1 0 
0 252
0 5
cob=(2)
cfi=(207)
cfn=(694)
calls=1 3294 
0 184
0 8
cfn=(866)
calls=1 0 
0 268
0 8
cob=(2)
cfi=(196)
cfn=(668)
calls=1 26 
0 60
0 4
cob=(2)
cfi=(196)
cfn=(668)
calls=1 26 
0 59
0 12
cob=(2)
cfi=(196)
cfn=(668)
calls=1 26 
0 60
0 17
cfn=(870)
calls=1 0 
0 424996265
0 7
cob=(2)
cfi=(249)
cfn=(868)
calls=1 25 
0 4
0 22
cfn=(896)
calls=1 0 
0 715
0 1

fn=(856)
0 23
cob=(2)
cfi=(245)
cfn=(858)
calls=1 120 
0 6
0 5
cob=(2)
cfi=(246)
cfn=(860)
calls=1 56 
0 134
0 11
cob=(2)
cfi=(247) ./misc/../sysdeps/unix/sysv/linux/mmap64.c
cfn=(862) mmap
calls=1 47 
0 26
0 7
cob=(2)
cfi=(248)
cfn=(864) mprotect
calls=1 117 
0 6
0 9
cob=(2)
cfi=(245)
cfn=(858)
calls=1 120 
0 6
0 19

fn=(874)
0 132
cob=(2)
cfi=(227)
cfn=(782)
calls=11 255 
0 123
0 804
cob=(2)
cfi=(250) ./stdlib/./stdlib/getenv.c
cfn=(876) getenv
calls=11 24 
0 8143
0 242

fn=(894)
0 17
cfn=(896)
calls=1 0 
0 830
0 19
cfn=(896)
calls=1 0 
0 241
0 19
cfn=(896)
calls=1 0 
0 241
0 19
cfn=(896)
calls=1 0 
0 241
0 19
cfn=(896)
calls=1 0 
0 242
0 19
cfn=(896)
calls=1 0 
0 241
0 19
cfn=(896)
calls=1 0 
0 837
0 19
cfn=(896)
calls=1 0 
0 254
0 19
cfn=(896)
calls=1 0 
0 248
0 19
cfn=(896)
calls=1 0 
0 241
0 19
cfn=(896)
calls=1 0 
0 241
0 19
cfn=(896)
calls=1 0 
0 241
0 19
cfn=(896)
calls=1 0 
0 241
0 19
cfn=(896)
calls=1 0 
0 241
0 19
cfn=(896)
calls=1 0 
0 241
0 19
cfn=(896)
calls=1 0 
0 242
0 19
cfn=(896)
calls=1 0 
0 248
0 19
cfn=(896)
calls=1 0 
0 830
0 19
cfn=(896)
calls=1 0 
0 542
0 19
cfn=(896)
calls=1 0 
0 240
0 19
cfn=(896)
calls=1 0 
0 240
0 19
cfn=(896)
calls=1 0 
0 837
0 19
cfn=(896)
calls=1 0 
0 247
0 19
cfn=(896)
calls=1 0 
0 247
0 19
cfn=(896)
calls=1 0 
0 241
0 19
cfn=(896)
calls=1 0 
0 247
0 21
cfn=(896)
calls=1 0 
0 117
0 3

fn=(910)
0 144
cob=(2)
cfi=(227)
cfn=(782)
calls=9 255 
0 144
0 116
cfn=(912)
calls=5 0 
0 1304
0 1749
cob=(2)
cfi=(227)
cfn=(782)
calls=102 255 
0 1698
0 1108
cfn=(912)
calls=38 0 
0 4428
0 114

fn=(922) <LOSAT::algorithm::tblastn::args::TblastnArgs as clap_builder::derive::Args>::augment_args
0 26
cob=(2)
cfi=(227)
cfn=(782)
calls=2 255 
0 202
0 950
cfn=(884)
calls=8 0 
0 2720
0 18
cfn=(884)
calls=2 0 
0 520
0 42
cob=(2)
cfi=(227)
cfn=(782)
calls=2 255 
0 202
0 4
cob=(2)
cfi=(207)
cfn=(694)
calls=2 3294 
0 380
0 40
cfn=(884)
calls=2 0 
0 494
0 138
cob=(2)
cfi=(227)
cfn=(782)
calls=2 255 
0 202
0 4
cob=(2)
cfi=(207)
cfn=(694)
calls=2 3294 
0 380
0 124
cfn=(884)
calls=2 0 
0 526
0 40
cob=(2)
cfi=(227)
cfn=(782)
calls=2 255 
0 150
0 112
cob=(2)
cfi=(227)
cfn=(782)
calls=2 255 
0 154
0 36
cob=(2)
cfi=(227)
cfn=(782)
calls=2 255 
0 202
0 4
cob=(2)
cfi=(207)
cfn=(694)
calls=2 3294 
0 380
0 132
cfn=(912)
calls=2 0 
0 542
0 62
cob=(2)
cfi=(227)
cfn=(782)
calls=2 255 
0 154
0 108
cob=(2)
cfi=(227)
cfn=(782)
calls=2 255 
0 154
0 34
cob=(2)
cfi=(227)
cfn=(782)
calls=2 255 
0 202
0 4
cob=(2)
cfi=(207)
cfn=(694)
calls=2 3294 
0 380
0 16
cob=(2)
cfi=(207)
cfn=(694)
calls=2 3294 
0 232
0 44
cob=(2)
cfi=(207)
cfn=(694)
calls=2 3294 
0 380
0 16
cob=(2)
cfi=(207)
cfn=(694)
calls=2 3294 
0 380
0 176
cob=(2)
cfi=(227)
cfn=(782)
calls=2 255 
0 202
0 4
cob=(2)
cfi=(207)
cfn=(694)
calls=2 3294 
0 380
0 40
cfn=(884)
calls=2 0 
0 1500
0 130
cob=(2)
cfi=(227)
cfn=(782)
calls=2 255 
0 202
0 4
cob=(2)
cfi=(207)
cfn=(694)
calls=2 3294 
0 860
0 50
cob=(2)
cfi=(207)
cfn=(694)
calls=2 3294 
0 366
0 198
cob=(2)
cfi=(227)
cfn=(782)
calls=2 255 
0 202
0 4
cob=(2)
cfi=(207)
cfn=(694)
calls=2 3294 
0 366
0 50
cob=(2)
cfi=(207)
cfn=(694)
calls=2 3294 
0 366
0 198
cob=(2)
cfi=(227)
cfn=(782)
calls=2 255 
0 202
0 4
cob=(2)
cfi=(207)
cfn=(694)
calls=2 3294 
0 366
0 174
cob=(2)
cfi=(227)
cfn=(782)
calls=2 255 
0 202
0 4
cob=(2)
cfi=(207)
cfn=(694)
calls=2 3294 
0 366
0 40
cfn=(884)
calls=2 0 
0 434
0 138
cob=(2)
cfi=(227)
cfn=(782)
calls=2 255 
0 202
0 4
cob=(2)
cfi=(207)
cfn=(694)
calls=2 3294 
0 366
0 50
cob=(2)
cfi=(207)
cfn=(694)
calls=2 3294 
0 366
0 198
cob=(2)
cfi=(227)
cfn=(782)
calls=2 255 
0 202
0 4
cob=(2)
cfi=(207)
cfn=(694)
calls=2 3294 
0 366
0 50
cob=(2)
cfi=(207)
cfn=(694)
calls=2 3294 
0 366
0 198
cob=(2)
cfi=(227)
cfn=(782)
calls=2 255 
0 202
0 4
cob=(2)
cfi=(207)
cfn=(694)
calls=2 3294 
0 366
0 16
cob=(2)
cfi=(207)
cfn=(694)
calls=2 3294 
0 366
0 168
cob=(2)
cfi=(227)
cfn=(782)
calls=2 255 
0 202
0 4
cob=(2)
cfi=(207)
cfn=(694)
calls=2 3294 
0 366
0 172
cob=(2)
cfi=(227)
cfn=(782)
calls=2 255 
0 202
0 4
cob=(2)
cfi=(207)
cfn=(694)
calls=2 3294 
0 366
0 172
cob=(2)
cfi=(227)
cfn=(782)
calls=2 255 
0 202
0 4
cob=(2)
cfi=(207)
cfn=(694)
calls=2 3294 
0 366
0 172
cob=(2)
cfi=(227)
cfn=(782)
calls=2 255 
0 202
0 4
cob=(2)
cfi=(207)
cfn=(694)
calls=2 3294 
0 366
0 16
cob=(2)
cfi=(207)
cfn=(694)
calls=2 3294 
0 366
0 174
cob=(2)
cfi=(227)
cfn=(782)
calls=2 255 
0 202
0 4
cob=(2)
cfi=(207)
cfn=(694)
calls=2 3294 
0 366
0 16
cob=(2)
cfi=(207)
cfn=(694)
calls=2 3294 
0 366
0 42
cfn=(884)
calls=2 0 
0 434
0 140
cob=(2)
cfi=(227)
cfn=(782)
calls=2 255 
0 202
0 4
cob=(2)
cfi=(207)
cfn=(694)
calls=2 3294 
0 366
0 16
cob=(2)
cfi=(207)
cfn=(694)
calls=2 3294 
0 366
0 174
cob=(2)
cfi=(227)
cfn=(782)
calls=2 255 
0 202
0 4
cob=(2)
cfi=(207)
cfn=(694)
calls=2 3294 
0 366
0 162
cob=(2)
cfi=(227)
cfn=(782)
calls=2 255 
0 202
0 4
cob=(2)
cfi=(207)
cfn=(694)
calls=2 3294 
0 366
0 16
cob=(2)
cfi=(207)
cfn=(694)
calls=2 3294 
0 366
0 178
cob=(2)
cfi=(227)
cfn=(782)
calls=2 255 
0 202
0 4
cob=(2)
cfi=(207)
cfn=(694)
calls=2 3294 
0 366
0 16
cob=(2)
cfi=(207)
cfn=(694)
calls=2 3294 
0 366
0 178
cob=(2)
cfi=(227)
cfn=(782)
calls=2 255 
0 202
0 4
cob=(2)
cfi=(207)
cfn=(694)
calls=2 3294 
0 366
0 172
cob=(2)
cfi=(227)
cfn=(782)
calls=2 255 
0 202
0 4
cob=(2)
cfi=(207)
cfn=(694)
calls=2 3294 
0 366
0 50
cob=(2)
cfi=(207)
cfn=(694)
calls=2 3294 
0 366
0 198
cob=(2)
cfi=(227)
cfn=(782)
calls=2 255 
0 202
0 4
cob=(2)
cfi=(207)
cfn=(694)
calls=2 3294 
0 366
0 50
cob=(2)
cfi=(207)
cfn=(694)
calls=2 3294 
0 366
0 198
cob=(2)
cfi=(227)
cfn=(782)
calls=2 255 
0 202
0 4
cob=(2)
cfi=(207)
cfn=(694)
calls=2 3294 
0 366
0 162
cob=(2)
cfi=(227)
cfn=(782)
calls=2 255 
0 202
0 4
cob=(2)
cfi=(207)
cfn=(694)
calls=2 3294 
0 366
0 122
cfn=(884)
calls=2 0 
0 512
0 40
cob=(2)
cfi=(227)
cfn=(782)
calls=2 255 
0 154
0 112
cob=(2)
cfi=(227)
cfn=(782)
calls=2 255 
0 154
0 36
cob=(2)
cfi=(227)
cfn=(782)
calls=2 255 
0 202
0 4
cob=(2)
cfi=(207)
cfn=(694)
calls=2 3294 
0 366
0 176
cob=(2)
cfi=(227)
cfn=(782)
calls=2 255 
0 154
0 82
cob=(2)
cfi=(227)
cfn=(782)
calls=2 255 
0 154
0 36
cob=(2)
cfi=(227)
cfn=(782)
calls=2 255 
0 202
0 4
cob=(2)
cfi=(207)
cfn=(694)
calls=2 3294 
0 364
0 176
cob=(2)
cfi=(227)
cfn=(782)
calls=2 255 
0 154
0 130
cob=(2)
cfi=(227)
cfn=(782)
calls=2 255 
0 154
0 36
cob=(2)
cfi=(227)
cfn=(782)
calls=2 255 
0 202
0 22
cfn=(884)
calls=2 0 
0 510
0 7
cfn=(894)
calls=1 0 
0 849
0 2
cfn=(894)
calls=1 0 
0 260
0 2
cfn=(894)
calls=1 0 
0 260
0 2
cfn=(894)
calls=1 0 
0 260
0 2
cfn=(894)
calls=1 0 
0 261
0 2
cfn=(894)
calls=1 0 
0 260
0 15
cfn=(912)
calls=2 0 
0 526
0 20

fn=(940)
0 38

fn=(962)
0 135
cfn=(924)
calls=1 0 
0 73
0 14
cfn=(964) clap_builder::parser::parser::Parser::possible_subcommand
calls=1 0 
0 146
0 16
cfn=(944)
calls=1 0 
0 275
0 11
cob=(2)
cfi=(227)
cfn=(782)
calls=1 255 
0 15
0 7
cfn=(996)
calls=1 0 
0 24
0 5
cfn=(1026)
calls=1 0 
0 51
0 16
cfn=(970) clap_builder::builder::command::Command::required_graph
calls=1 0 
0 115
0 4
cfn=(1040) clap_builder::parser::validator::Validator::validate
calls=1 0 
0 215
0 9
cob=(2)
cfi=(207)
cfn=(812)
calls=1 3359 
0 85
0 70
cob=(2)
cfi=(252)
cfn=(926)
calls=2 73 
0 41
0 23
cob=(2)
cfi=(207)
cfn=(694)
calls=1 3294 
0 175
0 8
cob=(2)
cfi=(227)
cfn=(782)
calls=1 255 
0 15
0 8
cfn=(966)
calls=1 0 
0 12652
0 20
cfn=(963) clap_builder::parser::parser::Parser::get_matches_with'2
calls=1 0 
0 92480
0 10
cfn=(944)
calls=1 0 
0 51
0 8
cob=(2)
cfi=(227)
cfn=(782)
calls=1 255 
0 15
0 17
cob=(2)
cfi=(207)
cfn=(694)
calls=1 3294 
0 190
0 17
cfn=(1046)
calls=1 0 
0 14
0 5
cob=(2)
cfi=(207)
cfn=(812)
calls=1 3359 
0 85
0 7
cob=(2)
cfi=(207)
cfn=(812)
calls=1 3359 
0 85
0 1

fn=(963)
0 605
cfn=(924)
calls=5 0 
0 502
0 70
cfn=(964)
calls=5 0 
0 196
0 130
cfn=(990) <std::ffi::os_str::OsStr as clap_lex::ext::OsStrExt>::split_once
calls=5 0 
0 1097
0 70
cfn=(924)
calls=5 0 
0 478
0 463
cob=(2)
cfi=(252)
cfn=(926)
calls=8 73 
0 168
0 144
cfn=(992) clap_builder::parser::parser::Parser::parse_opt_value
calls=5 0 
0 25808
0 184
cfn=(996)
calls=1 0 
0 24
0 5
cfn=(1026)
calls=1 0 
0 44243
0 16
cfn=(970)
calls=1 0 
0 277
0 4
cfn=(1040)
calls=1 0 
0 17901
0 9
cob=(2)
cfi=(207)
cfn=(812)
calls=1 3359 
0 85
0 1

fn=(972) core::ptr::drop_in_place<core::iter::adapters::flatten::Flatten<alloc::vec::into_iter::IntoIter<core::option::Option<clap_builder::builder::styled_str::StyledStr>>>>
0 32

fn=(974)
0 145
cfn=(934)
calls=29 0 
0 2016

fn=(988)
0 24

fn=(998) clap_builder::parser::arg_matcher::ArgMatcher::remove
0 1385
cob=(2)
cfi=(252)
cfn=(926)
calls=8 73 
0 176
0 178

fn=(1016)
0 68

fn=(1020)
0 34
cob=(2)
cfi=(207)
cfn=(694)
calls=2 3294 
0 380
0 14
cob=(2)
cfi=(227)
cfn=(782)
calls=2 255 
0 23
0 32

fn=(1040)
0 307
cfn=(1042) clap_builder::parser::validator::gather_direct_conflicts
calls=6 0 
0 1896
0 178
cfn=(884)
calls=2 0 
0 562
0 10
cfn=(884)
calls=2 0 
0 779
0 653
cob=(2)
cfi=(252)
cfn=(926)
calls=11 73 
0 227
0 704
cob=(2)
cfi=(252)
cfn=(926)
calls=11 73 
0 227
0 765
cob=(2)
cfi=(252)
cfn=(926)
calls=11 73 
0 227
0 57
cfn=(1044)
calls=5 0 
0 1319
0 830
cob=(2)
cfi=(252)
cfn=(926)
calls=11 73 
0 227
0 47
cob=(2)
cfi=(207)
cfn=(694)
calls=5 3294 
0 504
0 502
cob=(2)
cfi=(252)
cfn=(926)
calls=8 73 
0 161
0 101
cfn=(884)
calls=5 0 
0 761
0 29
cob=(2)
cfi=(252)
cfn=(926)
calls=1 73 
0 19
0 51
cob=(2)
cfi=(207)
cfn=(812)
calls=5 3359 
0 425
0 20
cob=(2)
cfi=(207)
cfn=(812)
calls=5 3359 
0 425
0 681
cob=(2)
cfi=(252)
cfn=(926)
calls=11 73 
0 227
0 2947
cob=(2)
cfi=(252)
cfn=(926)
calls=40 73 
0 826
0 1097
cob=(2)
cfi=(207)
cfn=(812)
calls=1 3359 
0 85
0 43
cob=(2)
cfi=(207)
cfn=(812)
calls=1 3359 
0 85
0 9
cob=(2)
cfi=(207)
cfn=(812)
calls=1 3359 
0 85
0 18

fn=(1098) std::io::BufRead::read_line
0 221374
cob=(2)
cfi=(254) ./io/../sysdeps/unix/sysv/linux/read.c
cfn=(1100) read
calls=57 25 
0 456
0 936365
cob=(2)
cfi=(227)
cfn=(782)
calls=54 255 
0 707
0 102056
cob=(2)
cfi=(227)
cfn=(782)
calls=5965 255 
0 130588
0 119300
cfn=(924)
calls=5965 0 
0 602802
0 40
cfn=(924)
calls=4 0 
0 72
0 89551
cfn=(912)
calls=2 0 
0 252
0 8

fn=(1102) core::str::<impl str>::trim_end_matches
0 184902

fn=(1116)
0 35
cfn=(1030)
calls=1 0 
0 27
0 64
cob=(2)
cfi=(207)
cfn=(694)
calls=1 3294 
0 45
0 207
cob=(2)
cfi=(207)
cfn=(694)
calls=1 3294 
0 45
0 22
cfn=(1118) LOSAT::algorithm::tblastn::search_seed::encode_tblastn_lookup_query
calls=1 0 
0 2876070
0 2
cob=(2)
cfi=(207)
cfn=(694)
calls=1 3294 
0 45
0 35
cfn=(1138) LOSAT::algorithm::tblastx::lookup::backbone::build_ncbi_lookup_for_profile
calls=1 0 
0 16768909
0 8
cob=(2)
cfi=(207)
cfn=(812)
calls=1 3359 
0 65
0 6
cob=(2)
cfi=(207)
cfn=(812)
calls=1 3359 
0 423288
0 4
cob=(2)
cfi=(207)
cfn=(812)
calls=1 3359 
0 197
0 4
cob=(2)
cfi=(207)
cfn=(812)
calls=1 3359 
0 85
0 4
cob=(2)
cfi=(207)
cfn=(812)
calls=1 3359 
0 85
0 20
cob=(2)
cfi=(207)
cfn=(694)
calls=1 3294 
0 45
0 23
cob=(2)
cfi=(207)
cfn=(694)
calls=1 3294 
0 42
0 27
cob=(2)
cfi=(207)
cfn=(694)
calls=1 3294 
0 45
0 28
cob=(2)
cfi=(207)
cfn=(694)
calls=1 3294 
0 45
0 78
cob=(2)
cfi=(207)
cfn=(694)
calls=1 3294 
0 45
0 35
cfn=(1174)
calls=1 0 
0 505
0 10
cob=(2)
cfi=(207)
cfn=(694)
calls=1 3294 
0 45
0 9
cob=(2)
cfi=(207)
cfn=(694)
calls=1 3294 
0 42
0 44
cfn=(1178)
calls=1 0 
0 30614
0 80
cfn=(1200)
calls=1 0 
0 984
0 37
cob=(3)
cfi=(258)
cfn=(1130)
calls=1 31 
0 54
0 24
cfn=(1176)
calls=1 0 
0 23
0 58
cob=(2)
cfi=(207)
cfn=(812)
calls=1 3359 
0 85
0 7
cob=(2)
cfi=(207)
cfn=(694)
calls=1 3294 
0 45
0 8
cob=(2)
cfi=(227)
cfn=(782)
calls=1 255 
0 11
0 17
cob=(2)
cfi=(207)
cfn=(694)
calls=1 3294 
0 236
0 10
cob=(2)
cfi=(227)
cfn=(782)
calls=1 255 
0 11
0 43
cob=(2)
cfi=(207)
cfn=(694)
calls=1 3294 
0 45
0 26
cob=(2)
cfi=(207)
cfn=(694)
calls=1 3294 
0 42
0 35
cob=(2)
cfi=(207)
cfn=(694)
calls=1 3294 
0 42
0 52
cob=(2)
cfi=(207)
cfn=(694)
calls=1 3294 
0 42
0 31
cob=(2)
cfi=(207)
cfn=(694)
calls=1 3294 
0 42
0 30
cob=(2)
cfi=(207)
cfn=(694)
calls=1 3294 
0 4084
0 14
cob=(2)
cfi=(207)
cfn=(812)
calls=1 3359 
0 106
0 74
cob=(2)
cfi=(207)
cfn=(694)
calls=1 3294 
0 184
0 21
cfn=(874)
calls=1 0 
0 695
0 18
cob=(2)
cfi=(207)
cfn=(694)
calls=1 3294 
0 45
0 60
cfn=(1112)
calls=1 0 
0 908
0 7
cfn=(1112)
calls=1 0 
0 908
0 18
cfn=(1202) LOSAT::algorithm::tblastn::stage_d_pipeline::run_local_search_with_pool::{{closure}}
calls=1 0 
0 275933181
0 23
cfn=(944)
calls=1 0 
0 317
0 9
cob=(2)
cfi=(227)
cfn=(782)
calls=1 255 
0 185
0 44
cob=(2)
cfi=(207)
cfn=(694)
calls=1 3294 
0 45
0 907
cfn=(912)
calls=3 0 
0 2073
0 345
cfn=(1276) LOSAT::algorithm::tblastn::stage_d_results::KappaResultHitList::update
calls=1 0 
0 462
0 17
cob=(2)
cfi=(207)
cfn=(812)
calls=1 3359 
0 187
0 6
cob=(2)
cfi=(207)
cfn=(812)
calls=1 3359 
0 199
0 11
cfn=(884)
calls=1 0 
0 118
0 20
cfn=(980)
calls=1 0 
0 1175
0 7
cfn=(1280) alloc::slice::<impl [T]>::sort_by
calls=1 0 
0 3
0 4
cfn=(980)
calls=1 0 
0 514
0 4
cfn=(980)
calls=1 0 
0 14939
0 12
cfn=(980)
calls=1 0 
0 39214
0 2
cfn=(1288)
calls=1 0 
0 5
0 21
cfn=(1290)
calls=1 0 
0 27
0 17
cfn=(1292) LOSAT::algorithm::tblastn::stage_d_kappa_params::local_kappa_redo_params
calls=1 0 
0 3995970
0 9
cob=(2)
cfi=(227)
cfn=(782)
calls=1 255 
0 9532
0 18
cfn=(1164)
calls=1 0 
0 77
0 17
cfn=(1094)
calls=1 0 
0 97
0 15
cfn=(1300) std::thread::local::LocalKey<T>::with
calls=1 0 
0 65
0 8
cfn=(1204) LOSAT::algorithm::blastp::gapalign::GapAlignScratch::new
calls=1 0 
0 1554
0 5
cob=(2)
cfi=(227)
cfn=(782)
calls=1 255 
0 329
0 4
cob=(2)
cfi=(240)
cfn=(840)
calls=1 158 
0 3217
0 5
cob=(2)
cfi=(227)
cfn=(782)
calls=1 255 
0 30
0 4
cob=(2)
cfi=(227)
cfn=(782)
calls=1 255 
0 30
0 14
cob=(3)
cfi=(258)
cfn=(1130)
calls=1 31 
0 54
0 40
cfn=(980)
calls=1 0 
0 267
0 21
cfn=(980)
calls=1 0 
0 543
0 26
cfn=(1306) LOSAT::algorithm::tblastn::kappa::redo_preliminary_match
calls=1 0 
0 116219429
0 23
cfn=(1358)
calls=1 0 
0 9298
0 18
cfn=(980)
calls=1 0 
0 203
0 3
cfn=(1360)
calls=1 0 
0 2557
0 8
cfn=(1362)
calls=1 0 
0 235
0 12
cfn=(980)
calls=1 0 
0 924
0 23
cfn=(1260)
calls=1 0 
0 105871
0 16
cfn=(1366)
calls=1 0 
0 91
0 19
cfn=(1368) LOSAT::algorithm::tblastn::kappa::normalize_postredo_scores
calls=1 0 
0 279
0 44
cfn=(1362)
calls=1 0 
0 235
0 18
cfn=(1094)
calls=1 0 
0 4516342
0 16
cfn=(1374) LOSAT::algorithm::tblastn::kappa_heap::CompoHeap::would_insert
calls=1 0 
0 18
0 10
cfn=(1376)
calls=1 0 
0 165
0 17
cfn=(1378)
calls=1 0 
0 475
0 2
cfn=(1388)
calls=1 0 
0 14
0 4
cfn=(1390)
calls=1 0 
0 630
0 2
cfn=(1392)
calls=1 0 
0 818
0 5
cob=(2)
cfi=(207)
cfn=(812)
calls=1 3359 
0 85
0 2
cfn=(1390)
calls=1 0 
0 276
0 4
cob=(2)
cfi=(207)
cfn=(812)
calls=1 3359 
0 85
0 2
cfn=(1394)
calls=1 0 
0 138
0 4
cob=(2)
cfi=(207)
cfn=(812)
calls=1 3359 
0 85
0 4
cob=(2)
cfi=(207)
cfn=(812)
calls=1 3359 
0 163
0 3
cfn=(884)
calls=1 0 
0 118
0 3
cfn=(1396)
calls=1 0 
0 108
0 2
cfn=(1398)
calls=1 0 
0 62
0 35
cfn=(1400)
calls=1 0 
0 38
0 3
cfn=(1400)
calls=1 0 
0 23
0 9
cfn=(1402)
calls=1 0 
0 274
0 3
cfn=(1288)
calls=1 0 
0 12
0 17
cfn=(1276)
calls=1 0 
0 305
0 14
cfn=(1388)
calls=1 0 
0 14
0 6
cfn=(1404)
calls=1 0 
0 3
0 5
cfn=(1406) LOSAT::algorithm::tblastn::stage_d_results::KappaResultHitList::sort_by_evalue_for_positive_totlen
calls=1 0 
0 3
0 27
cfn=(1408) core::ptr::drop_in_place<LOSAT::algorithm::blastp::gapalign::GapAlignScratch>
calls=1 0 
0 169309
0 2
cfn=(1410) core::ptr::drop_in_place<std::collections::hash::map::HashMap<(usize,i32),LOSAT::algorithm::tblastn::stage_d_results::KappaResultList>>
calls=1 0 
0 119
0 2
cfn=(1412)
calls=1 0 
0 335
0 4
cob=(2)
cfi=(207)
cfn=(812)
calls=1 3359 
0 106
0 2
cfn=(1414) core::ptr::drop_in_place<alloc::vec::Vec<LOSAT::core::composition_adjustment::redo_alignment::BlastCompoQueryInfo>>
calls=1 0 
0 558
0 2
cfn=(1416)
calls=1 0 
0 297
0 2
cfn=(1416)
calls=1 0 
0 299
0 2
cfn=(1418) core::ptr::drop_in_place<alloc::collections::btree::set::BTreeSet<usize>>
calls=1 0 
0 49
0 2
cfn=(1422)
calls=1 0 
0 22
0 2
cfn=(1424)
calls=1 0 
0 544
0 4
cob=(2)
cfi=(207)
cfn=(812)
calls=1 3359 
0 106
0 4
cob=(2)
cfi=(207)
cfn=(812)
calls=1 3359 
0 106
0 5
cob=(2)
cfi=(207)
cfn=(812)
calls=1 3359 
0 106
0 2
cob=(2)
cfi=(207)
cfn=(812)
calls=1 3359 
0 106
0 2
cfn=(1428)
calls=1 0 
0 223
0 2
cob=(2)
cfi=(207)
cfn=(812)
calls=1 3359 
0 106
0 4
cob=(2)
cfi=(207)
cfn=(812)
calls=1 3359 
0 106
0 3
cob=(2)
cfi=(207)
cfn=(812)
calls=1 3359 
0 106
0 2
cob=(2)
cfi=(207)
cfn=(812)
calls=1 3359 
0 106
0 2
cfn=(1430)
calls=1 0 
0 474
0 2
cfn=(1432)
calls=1 0 
0 856
0 2

fn=(1356)
0 35300
cfn=(1354)
calls=2 0 
0 676
0 34
cfn=(1352)
calls=2 0 
0 3828
0 65

fn=(1414)
0 20
cob=(2)
cfi=(207)
cfn=(812)
calls=1 3359 
0 163
0 6
cob=(2)
cfi=(207)
cfn=(812)
calls=1 3359 
0 190
0 10
cob=(2)
cfi=(207)
cfn=(812)
calls=1 3359 
0 169

fn=(1418)
0 17
cfn=(1420)
calls=1 0 
0 26
0 6

fn=(1436) LOSAT::algorithm::tblastn::stage_d_results::sort_hsps_by_evalue
0 38
cob=(2)
cfi=(207)
cfn=(694)
calls=1 3294 
0 10335
0 747
cob=(2)
cfi=(207)
cfn=(812)
calls=1 3359 
0 163
0 10
cob=(2)
cfi=(207)
cfn=(812)
calls=1 3359 
0 211
0 38
cfn=(912)
calls=1 0 
0 126
0 25
cob=(2)
cfi=(227)
cfn=(782)
calls=1 255 
0 30
0 51
cob=(2)
cfi=(227)
cfn=(782)
calls=1 255 
0 30
0 21
cob=(2)
cfi=(227)
cfn=(782)
calls=3 255 
0 90
0 104
cob=(2)
cfi=(227)
cfn=(782)
calls=4 255 
0 120
0 128
cob=(2)
cfi=(207)
cfn=(812)
calls=1 3359 
0 187
0 7
cfn=(1226)
calls=1 0 
0 143
0 6
cfn=(912)
calls=1 0 
0 126
0 2

fn=(1452)
0 1320

fn=(1464)
0 312
cfn=(1466)
calls=4 0 
0 300
0 17
cfn=(1468)
calls=1 0 
0 459
0 3
cfn=(1468)
calls=3 0 
0 174
0 20
cob=(2)
cfi=(227)
cfn=(782)
calls=4 255 
0 120
0 1369
cob=(2)
cfi=(227)
cfn=(782)
calls=4 255 
0 120
0 12
cfn=(1466)
calls=4 0 
0 416
0 20
cob=(2)
cfi=(227)
cfn=(782)
calls=4 255 
0 120
0 12
cfn=(1466)
calls=4 0 
0 416
0 20
cob=(2)
cfi=(227)
cfn=(782)
calls=4 255 
0 120
0 16
cfn=(1466)
calls=4 0 
0 416
0 2433
cob=(2)
cfi=(240)
cfn=(840)
calls=1 158 
0 15
0 233
cob=(2)
cfi=(240)
cfn=(840)
calls=3 158 
0 49
0 54

fn=(1470) LOSAT::report::outfmt6::format_scientific_ncbi
0 78
cfn=(928)
calls=3 0 
0 5285
0 36
cfn=(1036)
calls=3 0 
0 339
0 102

fn=(1138)
0 46
cfn=(1140)
calls=2 0 
0 7814316
0 86
cfn=(1156)
calls=2 0 
0 8883084
0 14
cfn=(1160)
calls=2 0 
0 17255700
0 16

fn=(888)
0 142
cfn=(890)
calls=2 0 
0 35818
0 18
cfn=(912)
calls=2 0 
0 533
0 82
cob=(2)
cfi=(227)
cfn=(782)
calls=2 255 
0 130
0 30
cfn=(884)
calls=2 0 
0 561
0 20
cob=(2)
cfi=(227)
cfn=(782)
calls=2 255 
0 130
0 14
cob=(2)
cfi=(227)
cfn=(782)
calls=2 255 
0 130
0 12
cob=(2)
cfi=(227)
cfn=(782)
calls=2 255 
0 202
0 150
cfn=(884)
calls=2 0 
0 673
0 62
cfn=(884)
calls=2 0 
0 524
0 60
cfn=(884)
calls=2 0 
0 938
0 112
cfn=(884)
calls=2 0 
0 434
0 34
cfn=(884)
calls=2 0 
0 520
0 42
cob=(2)
cfi=(227)
cfn=(782)
calls=2 255 
0 202
0 4
cob=(2)
cfi=(207)
cfn=(694)
calls=2 3294 
0 380
0 16
cob=(2)
cfi=(207)
cfn=(694)
calls=2 3294 
0 380
0 42
cfn=(884)
calls=2 0 
0 494
0 140
cob=(2)
cfi=(227)
cfn=(782)
calls=2 255 
0 202
0 4
cob=(2)
cfi=(207)
cfn=(694)
calls=2 3294 
0 380
0 172
cob=(2)
cfi=(227)
cfn=(782)
calls=2 255 
0 202
0 4
cob=(2)
cfi=(207)
cfn=(694)
calls=2 3294 
0 380
0 16
cob=(2)
cfi=(207)
cfn=(694)
calls=2 3294 
0 380
0 34
cfn=(912)
calls=2 0 
0 536
0 14
cob=(2)
cfi=(227)
cfn=(782)
calls=2 255 
0 60
0 172
cob=(2)
cfi=(227)
cfn=(782)
calls=2 255 
0 202
0 4
cob=(2)
cfi=(207)
cfn=(694)
calls=2 3294 
0 380
0 32
cfn=(912)
calls=2 0 
0 542
0 190
cob=(2)
cfi=(227)
cfn=(782)
calls=2 255 
0 202
0 4
cob=(2)
cfi=(207)
cfn=(694)
calls=2 3294 
0 380
0 50
cob=(2)
cfi=(207)
cfn=(694)
calls=2 3294 
0 380
0 40
cfn=(884)
calls=2 0 
0 1500
0 162
cob=(2)
cfi=(227)
cfn=(782)
calls=2 255 
0 202
0 4
cob=(2)
cfi=(207)
cfn=(694)
calls=2 3294 
0 860
0 50
cob=(2)
cfi=(207)
cfn=(694)
calls=2 3294 
0 366
0 198
cob=(2)
cfi=(227)
cfn=(782)
calls=2 255 
0 202
0 4
cob=(2)
cfi=(207)
cfn=(694)
calls=2 3294 
0 366
0 54
cfn=(912)
calls=2 0 
0 528
0 42
cfn=(912)
calls=2 0 
0 522
0 16
cob=(2)
cfi=(227)
cfn=(782)
calls=2 255 
0 130
0 18
cob=(2)
cfi=(207)
cfn=(694)
calls=2 3294 
0 366
0 222
cob=(2)
cfi=(227)
cfn=(782)
calls=2 255 
0 202
0 4
cob=(2)
cfi=(207)
cfn=(694)
calls=2 3294 
0 366
0 32
cfn=(912)
calls=2 0 
0 528
0 188
cob=(2)
cfi=(227)
cfn=(782)
calls=2 255 
0 202
0 4
cob=(2)
cfi=(207)
cfn=(694)
calls=2 3294 
0 366
0 32
cfn=(912)
calls=2 0 
0 252
0 14
cob=(2)
cfi=(227)
cfn=(782)
calls=2 255 
0 60
0 36
cfn=(884)
calls=2 0 
0 434
0 150
cob=(2)
cfi=(227)
cfn=(782)
calls=2 255 
0 202
0 4
cob=(2)
cfi=(207)
cfn=(694)
calls=2 3294 
0 366
0 172
cob=(2)
cfi=(227)
cfn=(782)
calls=2 255 
0 202
0 4
cob=(2)
cfi=(207)
cfn=(694)
calls=2 3294 
0 366
0 32
cfn=(912)
calls=2 0 
0 390
0 194
cob=(2)
cfi=(227)
cfn=(782)
calls=2 255 
0 202
0 4
cob=(2)
cfi=(207)
cfn=(694)
calls=2 3294 
0 366
0 32
cfn=(912)
calls=2 0 
0 528
0 190
cob=(2)
cfi=(227)
cfn=(782)
calls=2 255 
0 202
0 4
cob=(2)
cfi=(207)
cfn=(694)
calls=2 3294 
0 366
0 32
cfn=(912)
calls=2 0 
0 528
0 190
cob=(2)
cfi=(227)
cfn=(782)
calls=2 255 
0 202
0 4
cob=(2)
cfi=(207)
cfn=(694)
calls=2 3294 
0 366
0 32
cfn=(912)
calls=2 0 
0 528
0 190
cob=(2)
cfi=(227)
cfn=(782)
calls=2 255 
0 202
0 4
cob=(2)
cfi=(207)
cfn=(694)
calls=2 3294 
0 366
0 32
cfn=(912)
calls=2 0 
0 526
0 184
cob=(2)
cfi=(227)
cfn=(782)
calls=2 255 
0 202
0 4
cob=(2)
cfi=(207)
cfn=(694)
calls=2 3294 
0 364
0 50
cob=(2)
cfi=(207)
cfn=(694)
calls=2 3294 
0 364
0 192
cob=(2)
cfi=(227)
cfn=(782)
calls=2 255 
0 202
0 4
cob=(2)
cfi=(207)
cfn=(694)
calls=2 3294 
0 364
0 54
cfn=(912)
calls=2 0 
0 385
0 14
cob=(2)
cfi=(227)
cfn=(782)
calls=2 255 
0 60
0 18
cob=(2)
cfi=(207)
cfn=(694)
calls=2 3294 
0 364
0 46
cfn=(884)
calls=2 0 
0 434
0 168
cob=(2)
cfi=(227)
cfn=(782)
calls=2 255 
0 202
0 18
cfn=(912)
calls=2 0 
0 524
0 36
cfn=(912)
calls=2 0 
0 518
0 16
cob=(2)
cfi=(227)
cfn=(782)
calls=2 255 
0 130
0 8
cob=(2)
cfi=(207)
cfn=(694)
calls=2 3294 
0 362
0 16
cob=(2)
cfi=(207)
cfn=(694)
calls=2 3294 
0 362
0 200
cob=(2)
cfi=(227)
cfn=(782)
calls=2 255 
0 130
0 20
cob=(2)
cfi=(227)
cfn=(782)
calls=2 255 
0 130
0 18
cfn=(912)
calls=2 0 
0 524
0 44
cob=(2)
cfi=(227)
cfn=(782)
calls=2 255 
0 130
0 50
cob=(2)
cfi=(227)
cfn=(782)
calls=2 255 
0 130
0 24
cob=(2)
cfi=(227)
cfn=(782)
calls=2 255 
0 130
0 12
cob=(2)
cfi=(227)
cfn=(782)
calls=2 255 
0 202
0 154
cfn=(884)
calls=2 0 
0 583
0 62
cfn=(884)
calls=2 0 
0 881
0 60
cfn=(884)
calls=2 0 
0 799
0 112
cfn=(884)
calls=2 0 
0 434
0 34
cfn=(884)
calls=2 0 
0 520
0 42
cob=(2)
cfi=(227)
cfn=(782)
calls=2 255 
0 202
0 4
cob=(2)
cfi=(207)
cfn=(694)
calls=2 3294 
0 411
0 40
cfn=(884)
calls=2 0 
0 494
0 136
cob=(2)
cfi=(227)
cfn=(782)
calls=2 255 
0 202
0 4
cob=(2)
cfi=(207)
cfn=(694)
calls=2 3294 
0 380
0 172
cob=(2)
cfi=(227)
cfn=(782)
calls=2 255 
0 202
0 4
cob=(2)
cfi=(207)
cfn=(694)
calls=2 3294 
0 380
0 122
cfn=(892)
calls=2 0 
0 1026
0 10
cob=(2)
cfi=(207)
cfn=(694)
calls=2 3294 
0 380
0 102
cob=(2)
cfi=(227)
cfn=(782)
calls=2 255 
0 154
0 36
cob=(2)
cfi=(227)
cfn=(782)
calls=2 255 
0 202
0 4
cob=(2)
cfi=(207)
cfn=(694)
calls=2 3294 
0 380
0 32
cfn=(912)
calls=2 0 
0 542
0 178
cob=(2)
cfi=(227)
cfn=(782)
calls=2 255 
0 202
0 4
cob=(2)
cfi=(207)
cfn=(694)
calls=2 3294 
0 380
0 32
cfn=(912)
calls=2 0 
0 542
0 40
cfn=(912)
calls=2 0 
0 394
0 14
cob=(2)
cfi=(227)
cfn=(782)
calls=2 255 
0 60
0 36
cfn=(884)
calls=2 0 
0 1500
0 154
cob=(2)
cfi=(227)
cfn=(782)
calls=2 255 
0 202
0 4
cob=(2)
cfi=(207)
cfn=(694)
calls=2 3294 
0 860
0 34
cfn=(912)
calls=2 0 
0 528
0 40
cfn=(912)
calls=2 0 
0 522
0 14
cob=(2)
cfi=(227)
cfn=(782)
calls=2 255 
0 60
0 178
cob=(2)
cfi=(227)
cfn=(782)
calls=2 255 
0 202
0 4
cob=(2)
cfi=(207)
cfn=(694)
calls=2 3294 
0 366
0 50
cob=(2)
cfi=(207)
cfn=(694)
calls=2 3294 
0 366
0 198
cob=(2)
cfi=(227)
cfn=(782)
calls=2 255 
0 202
0 4
cob=(2)
cfi=(207)
cfn=(694)
calls=2 3294 
0 366
0 166
cob=(2)
cfi=(227)
cfn=(782)
calls=2 255 
0 202
0 4
cob=(2)
cfi=(207)
cfn=(694)
calls=2 3294 
0 366
0 50
cob=(2)
cfi=(207)
cfn=(694)
calls=2 3294 
0 366
0 40
cfn=(884)
calls=2 0 
0 434
0 162
cob=(2)
cfi=(227)
cfn=(782)
calls=2 255 
0 202
0 4
cob=(2)
cfi=(207)
cfn=(694)
calls=2 3294 
0 366
0 174
cob=(2)
cfi=(227)
cfn=(782)
calls=2 255 
0 202
0 4
cob=(2)
cfi=(207)
cfn=(694)
calls=2 3294 
0 366
0 162
cob=(2)
cfi=(227)
cfn=(782)
calls=2 255 
0 202
0 4
cob=(2)
cfi=(207)
cfn=(694)
calls=2 3294 
0 366
0 32
cfn=(912)
calls=2 0 
0 528
0 40
cfn=(912)
calls=2 0 
0 522
0 14
cob=(2)
cfi=(227)
cfn=(782)
calls=2 255 
0 60
0 178
cob=(2)
cfi=(227)
cfn=(782)
calls=2 255 
0 202
0 4
cob=(2)
cfi=(207)
cfn=(694)
calls=2 3294 
0 366
0 32
cfn=(912)
calls=2 0 
0 528
0 40
cfn=(912)
calls=2 0 
0 522
0 14
cob=(2)
cfi=(227)
cfn=(782)
calls=2 255 
0 60
0 172
cob=(2)
cfi=(227)
cfn=(782)
calls=2 255 
0 202
0 4
cob=(2)
cfi=(207)
cfn=(694)
calls=2 3294 
0 366
0 34
cfn=(912)
calls=2 0 
0 528
0 40
cfn=(912)
calls=2 0 
0 522
0 14
cob=(2)
cfi=(227)
cfn=(782)
calls=2 255 
0 60
0 180
cob=(2)
cfi=(227)
cfn=(782)
calls=2 255 
0 202
0 4
cob=(2)
cfi=(207)
cfn=(694)
calls=2 3294 
0 366
0 34
cfn=(912)
calls=2 0 
0 528
0 40
cfn=(912)
calls=2 0 
0 518
0 14
cob=(2)
cfi=(227)
cfn=(782)
calls=2 255 
0 60
0 180
cob=(2)
cfi=(227)
cfn=(782)
calls=2 255 
0 202
0 4
cob=(2)
cfi=(207)
cfn=(694)
calls=2 3294 
0 362
0 172
cob=(2)
cfi=(227)
cfn=(782)
calls=2 255 
0 202
0 4
cob=(2)
cfi=(207)
cfn=(694)
calls=2 3294 
0 362
0 32
cfn=(912)
calls=2 0 
0 524
0 52
cfn=(884)
calls=2 0 
0 434
0 150
cob=(2)
cfi=(227)
cfn=(782)
calls=2 255 
0 202
0 4
cob=(2)
cfi=(207)
cfn=(694)
calls=2 3294 
0 362
0 16
cob=(2)
cfi=(207)
cfn=(694)
calls=2 3294 
0 362
0 182
cob=(2)
cfi=(227)
cfn=(782)
calls=2 255 
0 130
0 20
cob=(2)
cfi=(227)
cfn=(782)
calls=2 255 
0 130
0 18
cfn=(912)
calls=2 0 
0 524
0 38
cob=(2)
cfi=(227)
cfn=(782)
calls=2 255 
0 130
0 48
cob=(2)
cfi=(227)
cfn=(782)
calls=2 255 
0 130
0 24
cob=(2)
cfi=(227)
cfn=(782)
calls=2 255 
0 130
0 12
cob=(2)
cfi=(227)
cfn=(782)
calls=2 255 
0 202
0 110
cfn=(920)
calls=2 0 
0 28819
0 18
cfn=(912)
calls=2 0 
0 526
0 58
cob=(2)
cfi=(207)
cfn=(812)
calls=2 3359 
0 170
0 22
cob=(2)
cfi=(207)
cfn=(812)
calls=2 3359 
0 170
0 12
cob=(2)
cfi=(227)
cfn=(782)
calls=2 255 
0 130
0 44
cob=(2)
cfi=(227)
cfn=(782)
calls=2 255 
0 130
0 16
cob=(2)
cfi=(227)
cfn=(782)
calls=2 255 
0 128
0 114
cfn=(922)
calls=2 0 
0 42076
0 18
cfn=(912)
calls=2 0 
0 524
0 80
cob=(2)
cfi=(227)
cfn=(782)
calls=2 255 
0 130
0 42
cob=(2)
cfi=(227)
cfn=(782)
calls=2 255 
0 128
0 12
cob=(2)
cfi=(227)
cfn=(782)
calls=2 255 
0 130
0 12
cob=(2)
cfi=(227)
cfn=(782)
calls=2 255 
0 202
0 20
cfn=(884)
calls=2 0 
0 1730
0 3
cfn=(894)
calls=1 0 
0 267
0 2
cfn=(894)
calls=1 0 
0 849
0 2
cfn=(894)
calls=1 0 
0 561
0 2
cfn=(894)
calls=1 0 
0 259
0 2
cfn=(894)
calls=1 0 
0 259
0 2
cfn=(894)
calls=1 0 
0 260
0 2
cfn=(894)
calls=1 0 
0 261
0 1

fn=(942)
0 8
cfn=(940)
calls=1 0 
0 19
0 73

fn=(944)
0 657
cob=(2)
cfi=(207)
cfn=(694)
calls=73 3294 
0 6805

fn=(948)
0 84
cfn=(950)
calls=1 0 
0 26
0 12
cfn=(950)
calls=4 0 
0 104
0 977
cfn=(978) <P as clap_builder::builder::value_parser::AnyValueParser>::possible_values
calls=3 0 
0 171
0 66
cfn=(978)
calls=1 0 
0 199
cfn=(976)
calls=19 0 
0 38
0 63
cfn=(976)
calls=2 0 
0 4
0 12
cfn=(976)
calls=3 0 
0 6
0 18
cfn=(980)
calls=4 0 
0 1362
0 492
cob=(2)
cfi=(207)
cfn=(812)
calls=4 3359 
0 340
0 944
cob=(2)
cfi=(207)
cfn=(694)
calls=3 3294 
0 543
0 410
cob=(2)
cfi=(207)
cfn=(694)
calls=3 3294 
0 543
0 1541
cfn=(884)
calls=1 0 
0 217
0 16
cfn=(912)
calls=1 0 
0 482
0 94
cfn=(912)
calls=2 0 
0 388
0 211
cfn=(952)
calls=1 0 
0 422
0 57
cfn=(956)
calls=1 0 
0 295
0 4
cfn=(958)
calls=1 0 
0 307
0 11
cfn=(960)
calls=1 0 
0 482
0 3
cfn=(950)
calls=1 0 
0 26
0 15
cob=(2)
cfi=(227)
cfn=(782)
calls=1 255 
0 101
0 14
cfn=(884)
calls=1 0 
0 385
0 11
cfn=(912)
calls=2 0 
0 610
0 597

fn=(954)
0 12
cfn=(912)
calls=1 0 
0 262
0 18

fn=(964)
0 279
cob=(2)
cfi=(252)
cfn=(926)
calls=2 73 
0 41
0 22

fn=(990)
0 531
cob=(2)
cfi=(252)
cfn=(926)
calls=38 73 
0 380
0 186

fn=(992)
0 100
cob=(2)
cfi=(207)
cfn=(694)
calls=5 3294 
0 225
0 40
cob=(2)
cfi=(207)
cfn=(694)
calls=5 3294 
0 959
0 40
cob=(2)
cfi=(227)
cfn=(782)
calls=5 255 
0 70
0 80
cfn=(994)
calls=5 0 
0 24099
0 80
cfn=(1014)
calls=5 0 
0 75
0 40

fn=(994)
0 288
cfn=(996)
calls=18 0 
0 432
0 759
cfn=(998)
calls=5 0 
0 243
0 70
cfn=(998)
calls=10 0 
0 1040
0 180
cfn=(1000)
calls=15 0 
0 25225
0 90
cfn=(1008)
calls=15 0 
0 25909
0 285
cfn=(998)
calls=3 0 
0 456
0 36
cfn=(1000)
calls=3 0 
0 2424
0 21
cfn=(1008)
calls=3 0 
0 5040
0 30

fn=(1006)
0 1703
cob=(2)
cfi=(252)
cfn=(926)
calls=31 73 
0 613
0 1304
cfn=(884)
calls=23 0 
0 5529
0 69
cfn=(884)
calls=23 0 
0 6054
0 23

fn=(1034)
0 16
cfn=(924)
calls=1 0 
0 78
0 15

fn=(1064) core::ptr::drop_in_place<core::iter::adapters::flatten::Flatten<alloc::vec::into_iter::IntoIter<alloc::vec::Vec<clap_builder::util::any_value::AnyValue>>>>
0 396
cob=(2)
cfi=(207)
cfn=(812)
calls=18 3359 
0 1885
0 198
cob=(2)
cfi=(207)
cfn=(812)
calls=18 3359 
0 2865
0 198

fn=(1118)
0 52
cfn=(1120)
calls=4 0 
0 11505269
0 92

fn=(1126)
0 899
cob=(2)
cfi=(207)
cfn=(694)
calls=31 3294 
0 11609
0 25729
cfn=(1128)
calls=31 0 
0 25190
0 5879
cob=(3)
cfi=(258)
cfn=(1130)
calls=72 31 
0 3888
0 249459
cfn=(1136) LOSAT::utils::seg::SegWindow::shift_win1
calls=18978 0 
0 9427951
0 748
cfn=(1136)
calls=187 0 
0 102427
0 95856
cob=(2)
cfi=(207)
cfn=(812)
calls=31 3359 
0 3224
0 217
cob=(2)
cfi=(207)
cfn=(812)
calls=31 3359 
0 3286
0 589
cob=(2)
cfi=(207)
cfn=(812)
calls=31 3359 
0 6365
0 357017
cfn=(1128)
calls=4755 0 
0 3926707
0 228240
cob=(3)
cfi=(258)
cfn=(1130)
calls=4755 31 
0 256770
0 1074810
cfn=(1136)
calls=63015 0 
0 7111007
0 10885066
cob=(2)
cfi=(207)
cfn=(812)
calls=4755 3359 
0 494520
0 28530
cob=(2)
cfi=(207)
cfn=(812)
calls=4755 3359 
0 504030
0 61925
cob=(2)
cfi=(227)
cfn=(782)
calls=199 255 
0 3365
0 4872
cfn=(884)
calls=65 0 
0 18515
0 1341

fn=(1136)
0 12687640
cob=(3)
cfi=(258)
cfn=(1130)
calls=49601 31 
0 2677761
0 1275984

fn=(1154)
0 60
cob=(2)
cfi=(207)
cfn=(848)
calls=5 3699 
0 62384

fn=(1204)
0 12
cob=(2)
cfi=(207)
cfn=(694)
calls=2 3294 
0 700
0 1514
cob=(2)
cfi=(207)
cfn=(694)
calls=2 3294 
0 736
0 10
cob=(2)
cfi=(207)
cfn=(694)
calls=2 3294 
0 339
0 40

fn=(1216) LOSAT::utils::genetic_code::GeneticCode::get
0 138906861

fn=(1228)
0 306
cob=(2)
cfi=(207)
cfn=(694)
calls=6 3294 
0 3307
0 231
cob=(2)
cfi=(227)
cfn=(782)
calls=6 255 
0 615122
0 198
cob=(2)
cfi=(207)
cfn=(694)
calls=6 3294 
0 270
0 71
cob=(2)
cfi=(227)
cfn=(782)
calls=2 255 
0 52
0 21
cob=(2)
cfi=(227)
cfn=(782)
calls=3 255 
0 193
0 20
cob=(2)
cfi=(207)
cfn=(812)
calls=5 3359 
0 425
0 2342
cob=(2)
cfi=(227)
cfn=(782)
calls=6 255 
0 277
0 474
cob=(2)
cfi=(207)
cfn=(694)
calls=6 3294 
0 270
0 760
cfn=(912)
calls=8 0 
0 3207
0 142
cfn=(944)
calls=6 0 
0 1280
0 76
cob=(2)
cfi=(207)
cfn=(694)
calls=6 3294 
0 2615
0 4152
cfn=(1230)
calls=51 0 
0 6654
0 1277
cfn=(1232) LOSAT::algorithm::blastp::gapalign::blastp_get_start_for_gapped_alignment
calls=47 0 
0 76328
0 1316
cfn=(1234)
calls=47 0 
0 16256740
0 1329
cfn=(1238)
calls=40 0 
0 18133
0 146
cfn=(884)
calls=13 0 
0 4763
0 37
cob=(2)
cfi=(207)
cfn=(812)
calls=6 3359 
0 886
0 48
cob=(2)
cfi=(207)
cfn=(812)
calls=6 3359 
0 1200
0 7
cfn=(884)
calls=1 0 
0 118
0 115
cob=(2)
cfi=(207)
cfn=(694)
calls=6 3294 
0 1942
0 48
cob=(2)
cfi=(227)
cfn=(782)
calls=6 255 
0 750
0 210
cob=(2)
cfi=(227)
cfn=(782)
calls=6 255 
0 312
0 320
cfn=(944)
calls=6 0 
0 1214
0 48
cob=(2)
cfi=(227)
cfn=(782)
calls=6 255 
0 312
0 884
cfn=(884)
calls=2 0 
0 1334
0 112
cfn=(944)
calls=6 0 
0 972
0 48
cob=(2)
cfi=(227)
cfn=(782)
calls=6 255 
0 312
0 132
cfn=(1226)
calls=6 0 
0 929
0 44
cfn=(884)
calls=2 0 
0 1522
0 28
cfn=(912)
calls=3 0 
0 2766
0 41
cfn=(1226)
calls=1 0 
0 1035
0 40
cfn=(1226)
calls=6 0 
0 3261
0 579
cfn=(1226)
calls=6 0 
0 1385
0 570
cfn=(1226)
calls=6 0 
0 2869
0 36
cfn=(1244)
calls=4 0 
0 17220
0 4

fn=(1232)
0 76328

fn=(1246)
0 21
cfn=(1248)
calls=1 0 
0 2561
0 21
cfn=(1248)
calls=1 0 
0 3611
0 84
cfn=(1248)
calls=4 0 
0 7868
0 3043
cfn=(1247) core::slice::sort::unstable::quicksort::quicksort'2
calls=2 0 
0 4069
0 4

fn=(1247)
0 42
cfn=(1248)
calls=2 0 
0 4027

fn=(1274)
0 75
cob=(3)
cfi=(258)
cfn=(1130)
calls=3 31 
0 162
0 9
cob=(3)
cfi=(258)
cfn=(1130)
calls=3 31 
0 162
0 18
cob=(3)
cfi=(260)
cfn=(1146)
calls=3 31 
0 270
0 18

fn=(1276)
0 529
cfn=(884)
calls=2 0 
0 236
0 2

fn=(1280)
0 3

fn=(1282)
0 15
cob=(2)
cfi=(207)
cfn=(694)
calls=1 3294 
0 249
0 15
cob=(2)
cfi=(227)
cfn=(782)
calls=1 255 
0 137
0 20

fn=(1292)
0 98
cfn=(1294)
calls=1 0 
0 3919564
0 9
cob=(2)
cfi=(227)
cfn=(782)
calls=1 255 
0 617
0 3
cfn=(1298)
calls=1 0 
0 47011
0 5
cob=(2)
cfi=(240)
cfn=(840)
calls=1 158 
0 3153
0 15103
cob=(2)
cfi=(227)
cfn=(782)
calls=1 255 
0 329
0 5
cob=(2)
cfi=(227)
cfn=(782)
calls=1 255 
0 617
0 34
cob=(2)
cfi=(227)
cfn=(782)
calls=1 255 
0 9400
0 22

fn=(1300)
0 4
cfn=(1302) std::sys::random::linux::hashmap_random_keys
calls=1 0 
0 54
0 7

fn=(1302)
0 28
cob=(2)
cfi=(264) ./stdlib/../sysdeps/unix/sysv/linux/getrandom.c
cfn=(1304) getrandom
calls=1 28 
0 8
0 18

fn=(1306)
0 568
cob=(2)
cfi=(207)
cfn=(694)
calls=30 3294 
0 4717
0 845
cfn=(1030)
calls=1 0 
0 27
0 44
cfn=(1308)
calls=1 0 
0 116209647
0 6
cfn=(1348)
calls=1 0 
0 3459
0 2
cob=(2)
cfi=(207)
cfn=(812)
calls=1 3359 
0 106
0 8

fn=(1314)
0 621
cfn=(1030)
calls=27 0 
0 729
0 702
cfn=(1316)
calls=27 0 
0 50400
0 1257
cob=(2)
cfi=(207)
cfn=(694)
calls=16 3294 
0 17445
0 158
cob=(2)
cfi=(207)
cfn=(694)
calls=11 3294 
0 10326
0 260538
cob=(2)
cfi=(227)
cfn=(782)
calls=16 255 
0 2600
0 118
cob=(2)
cfi=(207)
cfn=(694)
calls=27 3294 
0 3273
0 153594
cfn=(1216)
calls=15268 0 
0 2431360
0 107308
cob=(2)
cfi=(207)
cfn=(812)
calls=27 3359 
0 5043
0 597
cfn=(1350)
calls=3 0 
0 48064
0 24471
cob=(2)
cfi=(227)
cfn=(782)
calls=27 255 
0 2079
0 351
cfn=(1124)
calls=27 0 
0 23530775
0 2691
cob=(2)
cfi=(240)
cfn=(840)
calls=171 158 
0 2125
0 333
cob=(2)
cfi=(207)
cfn=(812)
calls=27 3359 
0 3495
0 1134

fn=(1326)
0 5294

fn=(1328)
0 12987
cfn=(1330)
calls=27 0 
0 3132
0 108
cfn=(1330)
calls=27 0 
0 3132
0 81
cob=(2)
cfi=(207)
cfn=(848)
calls=27 3699 
0 107494
0 162
cob=(2)
cfi=(207)
cfn=(848)
calls=27 3699 
0 97580
0 189
cob=(2)
cfi=(227)
cfn=(782)
calls=27 255 
0 8883
0 189
cob=(2)
cfi=(207)
cfn=(694)
calls=27 3294 
0 1645
0 378
cob=(2)
cfi=(207)
cfn=(848)
calls=27 3699 
0 4131
0 3159
cob=(2)
cfi=(207)
cfn=(848)
calls=1053 3699 
0 251086
0 10881
cob=(2)
cfi=(207)
cfn=(848)
calls=27 3699 
0 98411
0 162
cob=(2)
cfi=(207)
cfn=(848)
calls=27 3699 
0 98136
0 162
cob=(2)
cfi=(207)
cfn=(848)
calls=27 3699 
0 98383
0 162
cob=(2)
cfi=(207)
cfn=(848)
calls=27 3699 
0 12657
0 162
cob=(2)
cfi=(207)
cfn=(848)
calls=27 3699 
0 6530
0 162
cob=(2)
cfi=(207)
cfn=(848)
calls=27 3699 
0 98011
0 216
cob=(2)
cfi=(207)
cfn=(848)
calls=27 3699 
0 97701
0 189
cfn=(1332) LOSAT::core::composition_adjustment::adjust_scores::dense_matrix_new
calls=27 0 
0 122180
0 1458
cob=(3)
cfi=(258)
cfn=(1130)
calls=27 31 
0 1458
0 4104
cob=(3)
cfi=(258)
cfn=(1130)
calls=513 31 
0 27612
0 3240
cob=(3)
cfi=(258)
cfn=(1130)
calls=540 31 
0 29082
0 3240
cob=(3)
cfi=(258)
cfn=(1130)
calls=540 31 
0 29094
0 3240
cob=(3)
cfi=(258)
cfn=(1130)
calls=540 31 
0 29046
0 3240
cob=(3)
cfi=(258)
cfn=(1130)
calls=540 31 
0 29082
0 3240
cob=(3)
cfi=(258)
cfn=(1130)
calls=540 31 
0 29052
0 3240
cob=(3)
cfi=(258)
cfn=(1130)
calls=540 31 
0 29094
0 3240
cob=(3)
cfi=(258)
cfn=(1130)
calls=540 31 
0 29022
0 3240
cob=(3)
cfi=(258)
cfn=(1130)
calls=540 31 
0 29058
0 3240
cob=(3)
cfi=(258)
cfn=(1130)
calls=540 31 
0 29106
0 3240
cob=(3)
cfi=(258)
cfn=(1130)
calls=540 31 
0 29088
0 3240
cob=(3)
cfi=(258)
cfn=(1130)
calls=540 31 
0 29091
0 3240
cob=(3)
cfi=(258)
cfn=(1130)
calls=540 31 
0 29097
0 3240
cob=(3)
cfi=(258)
cfn=(1130)
calls=540 31 
0 29097
0 3240
cob=(3)
cfi=(258)
cfn=(1130)
calls=540 31 
0 29070
0 3240
cob=(3)
cfi=(258)
cfn=(1130)
calls=540 31 
0 29067
0 3240
cob=(3)
cfi=(258)
cfn=(1130)
calls=540 31 
0 29025
0 3240
cob=(3)
cfi=(258)
cfn=(1130)
calls=540 31 
0 29103
0 3240
cob=(3)
cfi=(258)
cfn=(1130)
calls=540 31 
0 29115
0 3240
cob=(3)
cfi=(258)
cfn=(1130)
calls=540 31 
0 29049
0 3348
cob=(2)
cfi=(227)
cfn=(782)
calls=27 255 
0 8883
0 5892
cob=(3)
cfi=(258)
cfn=(1130)
calls=215 31 
0 10719
0 514710
cob=(3)
cfi=(258)
cfn=(1130)
calls=85785 31 
0 4259193
0 4536755
cob=(2)
cfi=(227)
cfn=(782)
calls=215 255 
0 6450
0 5590
cfn=(1334) LOSAT::core::composition_adjustment::adjust_scores::multiply_by_a
calls=215 0 
0 515785
0 360922
cob=(2)
cfi=(240)
cfn=(840)
calls=7332 158 
0 172020
0 1768516
cob=(2)
cfi=(227)
cfn=(782)
calls=188 255 
0 61838
0 1056560
cfn=(1334)
calls=188 0 
0 458532
0 21352664
cfn=(1334)
calls=188 0 
0 451012
0 4711219
cob=(2)
cfi=(207)
cfn=(812)
calls=54 3359 
0 10320
0 270
cob=(2)
cfi=(207)
cfn=(812)
calls=27 3359 
0 2295
0 108
cob=(2)
cfi=(207)
cfn=(812)
calls=27 3359 
0 5250
0 54
cob=(2)
cfi=(207)
cfn=(812)
calls=27 3359 
0 5160
0 54
cob=(2)
cfi=(207)
cfn=(812)
calls=27 3359 
0 5424
0 54
cob=(2)
cfi=(207)
cfn=(812)
calls=27 3359 
0 5394
0 54
cob=(2)
cfi=(207)
cfn=(812)
calls=27 3359 
0 5151
0 7641
cob=(2)
cfi=(207)
cfn=(812)
calls=1080 3359 
0 160337
0 1161
cob=(2)
cfi=(207)
cfn=(812)
calls=27 3359 
0 2295
0 54
cob=(2)
cfi=(207)
cfn=(812)
calls=27 3359 
0 5250
0 81
cob=(2)
cfi=(207)
cfn=(812)
calls=27 3359 
0 7382
0 189
cob=(2)
cfi=(227)
cfn=(782)
calls=27 255 
0 8883
0 15309
cob=(2)
cfi=(240)
cfn=(840)
calls=27 158 
0 169803
0 357102
cob=(3)
cfi=(258)
cfn=(1130)
calls=621 31 
0 33405
0 7020
cob=(3)
cfi=(258)
cfn=(1130)
calls=621 31 
0 33327
0 7020
cob=(3)
cfi=(258)
cfn=(1130)
calls=621 31 
0 33381
0 7020
cob=(3)
cfi=(258)
cfn=(1130)
calls=621 31 
0 33444
0 7020
cob=(3)
cfi=(258)
cfn=(1130)
calls=621 31 
0 33441
0 7020
cob=(3)
cfi=(258)
cfn=(1130)
calls=621 31 
0 33432
0 7020
cob=(3)
cfi=(258)
cfn=(1130)
calls=621 31 
0 33450
0 7020
cob=(3)
cfi=(258)
cfn=(1130)
calls=621 31 
0 33387
0 7020
cob=(3)
cfi=(258)
cfn=(1130)
calls=621 31 
0 33483
0 7020
cob=(3)
cfi=(258)
cfn=(1130)
calls=621 31 
0 33465
0 7020
cob=(3)
cfi=(258)
cfn=(1130)
calls=621 31 
0 33471
0 7020
cob=(3)
cfi=(258)
cfn=(1130)
calls=621 31 
0 33456
0 7020
cob=(3)
cfi=(258)
cfn=(1130)
calls=621 31 
0 33438
0 7020
cob=(3)
cfi=(258)
cfn=(1130)
calls=621 31 
0 33519
0 7020
cob=(3)
cfi=(258)
cfn=(1130)
calls=621 31 
0 33477
0 7020
cob=(3)
cfi=(258)
cfn=(1130)
calls=621 31 
0 33462
0 7020
cob=(3)
cfi=(258)
cfn=(1130)
calls=621 31 
0 33342
0 7020
cob=(3)
cfi=(258)
cfn=(1130)
calls=621 31 
0 33435
0 7020
cob=(3)
cfi=(258)
cfn=(1130)
calls=621 31 
0 33501
0 7020
cob=(3)
cfi=(258)
cfn=(1130)
calls=621 31 
0 33345
0 11556
cob=(3)
cfi=(258)
cfn=(1130)
calls=621 31 
0 33531
0 7020
cob=(3)
cfi=(258)
cfn=(1130)
calls=621 31 
0 33435
0 20628
cob=(3)
cfi=(258)
cfn=(1130)
calls=621 31 
0 33471
0 2619
cfn=(1336)
calls=27 0 
0 165915
0 162
cob=(2)
cfi=(240)
cfn=(840)
calls=27 158 
0 85131
0 409644
cob=(2)
cfi=(227)
cfn=(782)
calls=27 255 
0 8883
0 135
cob=(2)
cfi=(207)
cfn=(812)
calls=27 3359 
0 4926
0 54
cob=(2)
cfi=(207)
cfn=(812)
calls=27 3359 
0 4755
0 432

fn=(1338)
0 2079
cfn=(1340) LOSAT::algorithm::blastp::gapalign::blast_gapped_alignment_with_traceback_with_scratch
calls=27 0 
0 44567339
0 648
cob=(2)
cfi=(207)
cfn=(694)
calls=27 3294 
0 1215
0 783

fn=(1340)
0 1323
cfn=(1342)
calls=27 0 
0 21685222
0 1377
cfn=(1342)
calls=27 0 
0 22826632
0 1775
cob=(2)
cfi=(207)
cfn=(812)
calls=24 3359 
0 2040
0 1310
cfn=(1346)
calls=27 0 
0 34837
0 1020
cfn=(912)
calls=24 0 
0 11659
0 144

fn=(1406)
0 3

fn=(1426)
0 56
cob=(2)
cfi=(207)
cfn=(812)
calls=2 3359 
0 275
0 73
cob=(2)
cfi=(207)
cfn=(812)
calls=9 3359 
0 950
0 15
cob=(2)
cfi=(207)
cfn=(812)
calls=1 3359 
0 85
0 25
cob=(2)
cfi=(207)
cfn=(812)
calls=2 3359 
0 362

fn=(1428)
0 12
cob=(2)
cfi=(207)
cfn=(812)
calls=2 3359 
0 210
0 10
cob=(2)
cfi=(207)
cfn=(812)
calls=2 3359 
0 212

fn=(1434)
0 37
cfn=(1436)
calls=1 0 
0 12738
0 110
cfn=(1438) LOSAT::api::local_blast::OutputSink::open
calls=1 0 
0 72
0 661
cfn=(928)
calls=9 0 
0 13040
0 210
cfn=(928)
calls=6 0 
0 5515
0 15
cfn=(928)
calls=3 0 
0 1221
0 94
cfn=(1470)
calls=3 0 
0 5840
0 11
cob=(2)
cfi=(207)
cfn=(694)
calls=1 3294 
0 42
0 20
cfn=(1478) LOSAT::report::outfmt6::format_evalue_ncbi
calls=5 0 
0 4523
0 532
cfn=(1454) std::io::impls::<impl std::io::Write for &mut W>::write_fmt
calls=9 0 
0 23376
0 72
cob=(2)
cfi=(207)
cfn=(812)
calls=9 3359 
0 765
0 36
cob=(2)
cfi=(207)
cfn=(812)
calls=9 3359 
0 765
0 36
cob=(2)
cfi=(207)
cfn=(812)
calls=9 3359 
0 765
0 15
cfn=(1480)
calls=1 0 
0 6
0 11
cob=(2)
cfi=(207)
cfn=(812)
calls=1 3359 
0 85
0 25

fn=(1446) core::num::flt2dec::strategy::grisu::format_exact_opt::possibly_round
0 980
cob=(2)
cfi=(240)
cfn=(840)
calls=9 158 
0 145
0 129

fn=(1478)
0 200
cfn=(928)
calls=5 0 
0 4308
0 15

fn=(1486)
0 10
cob=(2)
cfi=(207)
cfn=(812)
calls=1 3359 
0 106
0 8
cob=(2)
cfi=(207)
cfn=(812)
calls=1 3359 
0 106
0 4
cob=(2)
cfi=(207)
cfn=(812)
calls=1 3359 
0 106
0 4
cob=(2)
cfi=(207)
cfn=(812)
calls=1 3359 
0 106
0 12
cob=(2)
cfi=(207)
cfn=(812)
calls=1 3359 
0 106
0 6
cob=(2)
cfi=(207)
cfn=(812)
calls=1 3359 
0 106
0 4

fn=(1534)
0 5

fn=(638) std::sys::args::unix::imp::ARGV_INIT_ARRAY::init_wrapper
0 4

fn=(908)
0 1036
cfn=(910)
calls=72 0 
0 5591
cfn=(910)
calls=5 0 
0 1559
0 1173
cfn=(910)
calls=4 0 
0 164
0 114
cfn=(910)
calls=3 0 
0 132
0 258

fn=(912)
0 69
cfn=(886)
calls=3 0 
0 900
0 3454
cfn=(886)
calls=149 0 
0 368754
0 2101
cfn=(886)
calls=38 0 
0 3288
0 2496
cfn=(886)
calls=92 0 
0 20220
0 828

fn=(924)
0 605162

fn=(968)
0 23
cfn=(970)
calls=1 0 
0 583
0 84
cob=(2)
cfi=(227)
cfn=(782)
calls=1 255 
0 13
0 18
cob=(2)
cfi=(227)
cfn=(782)
calls=1 255 
0 13
0 21
cfn=(972)
calls=1 0 
0 32
0 26
cob=(2)
cfi=(207)
cfn=(812)
calls=1 3359 
0 85

fn=(970)
0 33
cob=(2)
cfi=(207)
cfn=(694)
calls=3 3294 
0 603
0 339

fn=(978)
0 7
cob=(2)
cfi=(207)
cfn=(694)
calls=1 3294 
0 181
0 20
cob=(2)
cfi=(207)
cfn=(694)
calls=3 3294 
0 135
0 27

fn=(1030)
0 837

fn=(1038)
0 93

fn=(1042)
0 527
cob=(2)
cfi=(252)
cfn=(926)
calls=11 73 
0 227
0 110
cob=(2)
cfi=(207)
cfn=(694)
calls=1 3294 
0 45
0 32
cob=(2)
cfi=(252)
cfn=(926)
calls=1 73 
0 19
0 449
cob=(2)
cfi=(252)
cfn=(926)
calls=8 73 
0 161
0 71
cob=(2)
cfi=(252)
cfn=(926)
calls=5 73 
0 95
0 160

fn=(1058)
0 44
cfn=(1060) clap_builder::util::flat_map::FlatMap<K,V>::remove_entry
calls=4 0 
0 882
0 164
cob=(2)
cfi=(207)
cfn=(812)
calls=2 3359 
0 212
0 50
cob=(2)
cfi=(207)
cfn=(812)
calls=2 3359 
0 212
0 14
cob=(2)
cfi=(207)
cfn=(812)
calls=2 3359 
0 170
0 10
cob=(2)
cfi=(207)
cfn=(812)
calls=2 3359 
0 170
0 8
cfn=(1062)
calls=2 0 
0 116
0 30
cfn=(1002)
calls=2 0 
0 8
0 34
cob=(2)
cfi=(207)
cfn=(812)
calls=2 3359 
0 212
0 22
cfn=(1064)
calls=2 0 
0 447
0 68
cfn=(1060)
calls=6 0 
0 1358
0 298
cob=(2)
cfi=(207)
cfn=(812)
calls=4 3359 
0 424
0 100
cob=(2)
cfi=(207)
cfn=(812)
calls=4 3359 
0 424
0 28
cob=(2)
cfi=(207)
cfn=(812)
calls=4 3359 
0 424
0 20
cob=(2)
cfi=(207)
cfn=(812)
calls=4 3359 
0 424
0 16
cfn=(1062)
calls=4 0 
0 232
0 52
cfn=(1002)
calls=4 0 
0 16
0 68
cob=(2)
cfi=(207)
cfn=(812)
calls=4 3359 
0 424
0 40
cfn=(1064)
calls=4 0 
0 1207
0 48
cfn=(1060)
calls=4 0 
0 723
0 109
cob=(2)
cfi=(207)
cfn=(812)
calls=1 3359 
0 106
0 25
cob=(2)
cfi=(207)
cfn=(812)
calls=1 3359 
0 106
0 7
cob=(2)
cfi=(207)
cfn=(812)
calls=1 3359 
0 106
0 5
cob=(2)
cfi=(207)
cfn=(812)
calls=1 3359 
0 106
0 3
cfn=(1062)
calls=1 0 
0 58
0 13
cfn=(1002)
calls=1 0 
0 4
0 18
cob=(2)
cfi=(207)
cfn=(812)
calls=1 3359 
0 106
0 7
cfn=(1064)
calls=1 0 
0 324
0 56
cfn=(1060)
calls=5 0 
0 1086
0 282
cob=(2)
cfi=(207)
cfn=(812)
calls=4 3359 
0 424
0 100
cob=(2)
cfi=(207)
cfn=(812)
calls=4 3359 
0 424
0 28
cob=(2)
cfi=(207)
cfn=(812)
calls=4 3359 
0 424
0 20
cob=(2)
cfi=(207)
cfn=(812)
calls=4 3359 
0 424
0 12
cfn=(1062)
calls=4 0 
0 232
0 52
cfn=(1002)
calls=4 0 
0 16
0 64
cob=(2)
cfi=(207)
cfn=(812)
calls=4 3359 
0 424
0 28
cfn=(1064)
calls=4 0 
0 1296
0 26
cfn=(1060)
calls=2 0 
0 288
0 39
cfn=(1060)
calls=1 0 
0 293
0 67
cob=(2)
cfi=(207)
cfn=(812)
calls=1 3359 
0 106
0 25
cob=(2)
cfi=(207)
cfn=(812)
calls=1 3359 
0 106
0 7
cob=(2)
cfi=(207)
cfn=(812)
calls=1 3359 
0 106
0 5
cob=(2)
cfi=(207)
cfn=(812)
calls=1 3359 
0 106
0 3
cfn=(1062)
calls=1 0 
0 58
0 13
cfn=(1002)
calls=1 0 
0 4
0 15
cob=(2)
cfi=(207)
cfn=(812)
calls=1 3359 
0 106
0 8
cfn=(1064)
calls=1 0 
0 324
0 14
cfn=(1060)
calls=1 0 
0 243
0 67
cob=(2)
cfi=(207)
cfn=(812)
calls=1 3359 
0 106
0 25
cob=(2)
cfi=(207)
cfn=(812)
calls=1 3359 
0 106
0 7
cob=(2)
cfi=(207)
cfn=(812)
calls=1 3359 
0 106
0 5
cob=(2)
cfi=(207)
cfn=(812)
calls=1 3359 
0 106
0 3
cfn=(1062)
calls=1 0 
0 58
0 14
cfn=(1002)
calls=1 0 
0 4
0 19
cob=(2)
cfi=(207)
cfn=(812)
calls=1 3359 
0 106
0 11
cfn=(1064)
calls=1 0 
0 324
0 56
cfn=(1060)
calls=5 0 
0 960
0 335
cob=(2)
cfi=(207)
cfn=(812)
calls=5 3359 
0 530
0 125
cob=(2)
cfi=(207)
cfn=(812)
calls=5 3359 
0 530
0 35
cob=(2)
cfi=(207)
cfn=(812)
calls=5 3359 
0 530
0 25
cob=(2)
cfi=(207)
cfn=(812)
calls=5 3359 
0 530
0 15
cfn=(1062)
calls=5 0 
0 290
0 65
cfn=(1002)
calls=5 0 
0 20
0 75
cob=(2)
cfi=(207)
cfn=(812)
calls=5 3359 
0 530
0 30
cfn=(1064)
calls=5 0 
0 1620
0 5

fn=(1060)
0 1572
cob=(2)
cfi=(252)
cfn=(926)
calls=30 73 
0 606
0 330
cob=(2)
cfi=(227)
cfn=(782)
calls=18 255 
0 392
0 504
cob=(2)
cfi=(227)
cfn=(782)
calls=18 255 
0 1797
0 632

fn=(1066)
0 150

fn=(1068)
0 41
cob=(2)
cfi=(207)
cfn=(812)
calls=1 3359 
0 85
0 8
cfn=(1018)
calls=1 0 
0 3088
0 7
cob=(2)
cfi=(207)
cfn=(812)
calls=1 3359 
0 168
0 9

fn=(1080)
0 16
cfn=(1082)
calls=2 0 
0 400
0 38
cob=(2)
cfi=(207)
cfn=(812)
calls=2 3359 
0 170
0 20

fn=(1096)
0 108
cfn=(1102)
calls=2 0 
0 62
0 28
cfn=(1098)
calls=4 0 
0 1327
0 62
cfn=(1098)
calls=2 0 
0 747
0 23852
cfn=(1098)
calls=5963 0 
0 2201497
0 53677
cfn=(1102)
calls=5963 0 
0 184840
0 59630
cob=(2)
cfi=(227)
cfn=(782)
calls=5963 255 
0 130986
0 18009
cfn=(912)
calls=20 0 
0 217150
0 532
cob=(2)
cfi=(207)
cfn=(694)
calls=2 3294 
0 90
0 18
cob=(2)
cfi=(227)
cfn=(782)
calls=2 255 
0 26
0 24
cfn=(944)
calls=2 0 
0 108
0 16
cob=(2)
cfi=(227)
cfn=(782)
calls=2 255 
0 34
0 2

fn=(1168)
0 428932
cfn=(1169) LOSAT::algorithm::tblastx::lookup::backbone::blast_aa_add_word_hits_core'2
calls=4174 0 
0 8961189
0 27800

fn=(1169)
0 4323478
cfn=(1166)
calls=12904 0 
0 3166327
0 9560
cfn=(1166)
calls=956 0 
0 75524
0 1259644
cfn=(1169)
calls=7772 0 
0 7625943
0 126656

fn=(1202)
0 45
cob=(2)
cfi=(207)
cfn=(694)
calls=1 3294 
0 45
0 49
cfn=(1118)
calls=1 0 
0 2876267
0 10
cob=(2)
cfi=(207)
cfn=(694)
calls=1 3294 
0 421
0 35
cfn=(1204)
calls=1 0 
0 1797
0 75
cob=(2)
cfi=(207)
cfn=(694)
calls=1 3294 
0 122
0 29
cfn=(1118)
calls=1 0 
0 2876594
0 15
cob=(2)
cfi=(227)
cfn=(782)
calls=1 255 
0 125
0 6
cob=(2)
cfi=(207)
cfn=(812)
calls=1 3359 
0 192
0 7
cob=(2)
cfi=(207)
cfn=(812)
calls=1 3359 
0 198
0 5
cob=(2)
cfi=(207)
cfn=(812)
calls=1 3359 
0 204
0 8
cfn=(912)
calls=1 0 
0 564
0 35
cob=(2)
cfi=(207)
cfn=(848)
calls=1 3699 
0 16929
0 41
cfn=(1030)
calls=1 0 
0 27
0 37
cfn=(1206)
calls=1 0 
0 37
0 7
cob=(2)
cfi=(207)
cfn=(694)
calls=1 3294 
0 122
0 2080355
cfn=(1206)
calls=416068 0 
0 15394484
0 2
cfn=(1206)
calls=1 0 
0 37
0 2080438
cfn=(912)
calls=16 0 
0 66195
0 47
cfn=(1208) LOSAT::core::blast_encoding::resolve_ncbi4na_to_ncbi2na
calls=1 0 
0 4997300
0 3328567
cob=(2)
cfi=(207)
cfn=(812)
calls=1 3359 
0 180
0 11
cfn=(944)
calls=1 0 
0 54
0 13
cob=(2)
cfi=(207)
cfn=(694)
calls=1 3294 
0 45
0 9
cfn=(1118)
calls=1 0 
0 2876482
0 31
cfn=(1138)
calls=1 0 
0 17184353
0 4
cob=(2)
cfi=(227)
cfn=(782)
calls=1 255 
0 30
0 14
cob=(2)
cfi=(207)
cfn=(694)
calls=1 3294 
0 4051
0 8
cob=(2)
cfi=(240)
cfn=(840)
calls=1 158 
0 57353
0 10
cfn=(1210)
calls=1 0 
0 153460364
0 287
cob=(2)
cfi=(207)
cfn=(694)
calls=6 3294 
0 359
0 450
cob=(2)
cfi=(207)
cfn=(694)
calls=6 3294 
0 252
0 78
cfn=(884)
calls=6 0 
0 708
0 48
cob=(2)
cfi=(207)
cfn=(812)
calls=6 3359 
0 510
0 60
cob=(2)
cfi=(207)
cfn=(812)
calls=6 3359 
0 510
0 26066009
cfn=(884)
calls=96 0 
0 5746186
0 1092
cob=(2)
cfi=(207)
cfn=(812)
calls=6 3359 
0 510
0 66
cfn=(1218)
calls=6 0 
0 36403181
0 42
cob=(2)
cfi=(207)
cfn=(812)
calls=6 3359 
0 1188
0 108
cob=(2)
cfi=(207)
cfn=(812)
calls=6 3359 
0 510
0 36
cfn=(1218)
calls=6 0 
0 27582
0 36
cob=(2)
cfi=(207)
cfn=(812)
calls=6 3359 
0 1520
0 73
cfn=(884)
calls=6 0 
0 708
0 21
cfn=(1254)
calls=1 0 
0 108
0 2
cob=(2)
cfi=(207)
cfn=(812)
calls=1 3359 
0 211
0 13
cob=(2)
cfi=(207)
cfn=(812)
calls=1 3359 
0 163
0 6
cob=(2)
cfi=(207)
cfn=(812)
calls=1 3359 
0 199
0 5
cob=(2)
cfi=(207)
cfn=(812)
calls=1 3359 
0 85
0 2
cfn=(1256)
calls=1 0 
0 883
0 23
cob=(2)
cfi=(207)
cfn=(812)
calls=1 3359 
0 163
0 6
cob=(2)
cfi=(207)
cfn=(812)
calls=1 3359 
0 190
0 4
cob=(2)
cfi=(207)
cfn=(812)
calls=1 3359 
0 193
0 7
cob=(2)
cfi=(207)
cfn=(812)
calls=1 3359 
0 85
0 3
cob=(2)
cfi=(207)
cfn=(812)
calls=1 3359 
0 85
0 4
cob=(2)
cfi=(207)
cfn=(812)
calls=1 3359 
0 235
0 6
cob=(2)
cfi=(207)
cfn=(812)
calls=1 3359 
0 190
0 4
cob=(2)
cfi=(207)
cfn=(812)
calls=1 3359 
0 85
0 4
cob=(2)
cfi=(207)
cfn=(812)
calls=1 3359 
0 187
0 24
cob=(2)
cfi=(207)
cfn=(812)
calls=1 3359 
0 163
0 8
cob=(2)
cfi=(207)
cfn=(812)
calls=1 3359 
0 190
0 4
cob=(2)
cfi=(207)
cfn=(812)
calls=1 3359 
0 85
0 6
cob=(2)
cfi=(207)
cfn=(812)
calls=1 3359 
0 85
0 14
cob=(2)
cfi=(207)
cfn=(812)
calls=1 3359 
0 163
0 6
cob=(2)
cfi=(207)
cfn=(812)
calls=1 3359 
0 163
0 4
cob=(2)
cfi=(207)
cfn=(812)
calls=1 3359 
0 193
0 5
cob=(2)
cfi=(207)
cfn=(812)
calls=1 3359 
0 85
0 14
cfn=(1258)
calls=1 0 
0 4864
0 33
cfn=(1260)
calls=1 0 
0 367031
0 275

fn=(1208)
0 4078
cob=(2)
cfi=(227)
cfn=(782)
calls=1 255 
0 30
0 5
cob=(2)
cfi=(207)
cfn=(694)
calls=1 3294 
0 338
0 4992849

fn=(1214)
0 2166
cob=(2)
cfi=(207)
cfn=(694)
calls=114 3294 
0 8579
0 15411754
cfn=(1216)
calls=856122 0 
0 136475501
0 1714524

fn=(1332)
0 378
cob=(2)
cfi=(207)
cfn=(848)
calls=27 3699 
0 99290
0 243
cob=(2)
cfi=(207)
cfn=(694)
calls=27 3294 
0 1215
0 216
cob=(2)
cfi=(207)
cfn=(694)
calls=27 3294 
0 11120
0 216
cob=(2)
cfi=(227)
cfn=(782)
calls=27 255 
0 8881
0 621

fn=(1334)
0 7629
cob=(2)
cfi=(240)
cfn=(840)
calls=188 158 
0 6768
0 1410932

fn=(1368)
0 13
cob=(2)
cfi=(207)
cfn=(694)
calls=1 3294 
0 45
0 221

fn=(1374)
0 18

fn=(1408)
0 10
cob=(2)
cfi=(207)
cfn=(812)
calls=1 3359 
0 190
0 5775
cob=(2)
cfi=(207)
cfn=(812)
calls=824 3359 
0 162003
0 828
cob=(2)
cfi=(207)
cfn=(812)
calls=1 3359 
0 196
0 4
cob=(2)
cfi=(207)
cfn=(812)
calls=1 3359 
0 190
0 9
cob=(2)
cfi=(207)
cfn=(812)
calls=1 3359 
0 104

fn=(1410)
0 34
cob=(2)
cfi=(207)
cfn=(812)
calls=1 3359 
0 85

fn=(1438)
0 14
cob=(2)
cfi=(207)
cfn=(694)
calls=1 3294 
0 45
0 13

fn=(1444)
0 3780
cfn=(1446)
calls=22 0 
0 1254
0 206

fn=(1454)
0 45
cfn=(1456)
calls=9 0 
0 23331

fn=(1462)
0 1644
cfn=(1450)
calls=16 0 
0 1802
0 200
cfn=(1450)
calls=20 0 
0 2805
0 231

fn=(1476)
0 173
cob=(2)
cfi=(227)
cfn=(782)
calls=1 255 
0 30
0 10

fn=(1482)
0 2

ob=(2)
fl=(223) ./io/../sysdeps/unix/sysv/linux/fstat64.c
fn=(756) fstat
30 1
+9 4
+33 1

fl=(239) ./nptl/./nptl/pthread_getaffinity.c
fn=(836) pthread_getaffinity_np@@GLIBC_2.32
30 2
+3 6
+2 2
-5 2
+9 4
fi=(205) ./nptl/../string/bits/string_fortified.h
+20 1
fe=(239)
-29 1
fi=(205)
+29 1
cob=(4)
cfi=(175)
cfn=(838)
calls=1 -59 
* 18
fe=(239)
-18 1
+1 2

fl=(246)
fn=(860)
56 2
-24 2
-2 4
+5 4
+7 168
+1 80
+19 4
+1 2
+1 2

fl=(98)
fn=(320)
29 2
fi=(99) ./string/../sysdeps/x86_64/multiarch/ifunc-memmove.h
+28 6
-1 4
+4 6
+14 4
+3 4
+8 4
+8 4
+3 10
fe=(98)

fl=(174) ./nptl/./nptl/pthread_mutex_conf.c
fn=(556) __pthread_tunables_init
55 2
+1 2
-1 2
+1 2
-1 4
+1 1
cob=(4)
cfi=(175)
cfn=(558)
calls=1 -56 
* 26
+2 4
cob=(4)
cfi=(175)
cfn=(558)
calls=1 -58 
* 25
+2 4
cob=(4)
cfi=(175)
cfn=(558)
calls=1 -60 
* 26
+2 6

fl=(126)
fn=(386)
31 1
fi=(114) ./string/../sysdeps/x86_64/multiarch/ifunc-strcasecmp.h
+6 2
-1 4
fe=(126)
-5 2
fi=(114)
+7 3
+3 2
+4 3
+3 4
fe=(126)

fl=(227)
fn=(782)
255 14280
+1 14280
+6 14280
+1 14280
+2 13754
+1 13754
+1 13754
+3 220
+1 220
+1 220
+3 440
+30 526
+1 526
+2 424
+1 424
+2 372
+4 372
+1 296
+1 296
+1 279
+1 279
+1 83
+1 83
+2 83
+2 83
-2 196
+2 213
+6 76
+1 76
+1 76
+1 76
+1 76
+7 102
+1 102
+1 102
+1 102
+2 102
+17 52
+1 52
+1 52
+1 52
+1 52
+7 12046
+1 12046
+1 12046
+1 12046
+1 12046
+1 12046
+1 24092
+5 13534
+1 13534
+5 13485
+1 13485
+2 12547
+1 12547
+1 12547
+2 501
+1 501
+1 501
+1 501
+1 501
+1 501
+1 501
+1 501
+1 501
+1 501
+1 501
+1 501
+1 501
+1 501
+1 1002
+4 938
+1 938
+4 938
+2 938
+4 938
+1 938
+11 938
+3 938
+2 938
+2 938
+4 938
+1 938
+9 919
+1 919
+2 919
+2 919
+1 919
+1 919
+3 919
+2 919
+2 919
+2 1838
+6 919
+1 919
+1 919
+1 919
+1 919
+1 919
+1 919
+1 919
+1 919
+1 919
+1 919
+1 919
-11 12107
+1 12107
+1 12107
+1 12107
+1 12107
+1 12107
+1 12107
+1 12107
+1 12107
+1 12107
+1 12107
+1 12107
+2 919
+1 919
+1 919
+1 919
+2 919
+4 1838
+13 19
+1 19
+2 19
+1 19
+1 19
+2 19
+2 19
+2 38
+6 19
+1 19
+1 19
+1 19
+1 19
+1 19
+1 19
+1 19
+1 19
+1 19
+1 19
+1 19
-11 231
+1 231
+1 231
+1 231
+1 231
+1 231
+1 231
+1 231
+1 231
+1 231
+1 231
+1 231
+2 19
+1 19
+1 19
+1 19
+2 19
+1 38
+9 43
+7 43
+1 43
+6 5
+3 5
+2 5
+3 5
+1 5
+2 5
+2 572762
+2 5
+2 5
+2 10
+5 49
+1 49
+4 49
+2 49
+3 49
+4 49
+1 49
+4 43
+4 43
+24 38
+2 38
+2 38
+2 38
+3 38
+1 38
+2 5838874
+3 38
+2 38
+2 76
+17 6
+1 6
+1 6
+5 6
+1 6
+1 6
+7 6
+6 6
+2 6
+8 6
+1 6
+2 6
+2 6
+2 6
+2 6
+8 6
+1 6
+1 6
+1 6
+5 2
+1 2
+1 2
+3 2
+2 4
+5 2
+2 4
+1 4
+1 4
+1 4
+2 8
+1 8
+1 2
+2 8
+1 8
+1 2
+1 2
+1 2
-15 257
+2 514
+1 514
+1 514
+1 514
+2 1028
+1 1028
+1 257
+2 1028
+1 1028
+1 257
+1 257
+1 257
-13 16058
+1 16058
+1 16058
+1 16058
+2 32116
+1 32116
+1 8029
+2 32116
+1 32116
+1 8029
+1 8029
+1 8029
+1 259
+1 259
+1 259
+1 259
+1 2
+3 2
+1 2
+5 238
+1 238
+1 119
+1 119
+1 119
+1 119
+1 119
+1 119
+1 119
+1 119
+1 119
+1 119
+1 119
+1 119
+1 119
+4 2
+1 2
+1 2
+1 2
+2 2
+1 2
+1 2
+1 2
+1 4
+5 4
+2 8
+5 4
+4 8
+1 8
+1 8
+1 8
+2 16
+1 16
+1 16
+1 16
+1 4
+2 16
+1 16
+1 16
+1 16
+1 4
+1 4
+1 4
-21 262
+4 524
+1 524
+1 524
+1 524
+2 1048
+1 1048
+1 1048
+1 1048
+1 262
+2 1048
+1 1048
+1 1048
+1 1048
+1 262
+1 262
+1 262
-17 16492
+1 16492
+1 16492
+1 16492
+2 32984
+1 32984
+1 32984
+1 32984
+1 8246
+2 32984
+1 32984
+1 32984
+1 32984
+1 8246
+1 8246
+1 8246
+1 266
+1 266
+1 266
+1 266
+1 4
+2 4
+1 4
+5 420
+1 420
+1 210
+1 210
+1 210
+1 210
+1 210
+1 210
+1 210
+1 210
+1 210
+1 210
+1 210
+1 210
+1 210
+4 4
+1 4
+1 4
+1 4
+2 4
+1 4
+1 4
+1 4
+1 8

fl=(96)
fn=(316)
31 1
fi=(97) ./wcsmbs/../sysdeps/x86_64/multiarch/ifunc-wcs.h
+9 3
-1 4
+2 3
+3 2
+4 4
fe=(96)
-17 1

fl=(138)
fn=(428)
33 1
fi=(99)
+24 3
-1 2
+4 3
+14 2
+3 2
+8 2
+8 2
+3 5
fe=(138)

fl=(245)
fn=(858)
120 15
+2 3

fl=(220) ./stdio-common/./stdio-common/getline.c
fn=(742) getline
27 96
+1 96
cfi=(221) ./libio/./libio/iogetdelim.c
cfn=(744) getdelim
calls=48 +13 
* 8711

fl=(113)
fn=(354)
31 1
fi=(114)
+6 2
-1 4
fe=(113)
-5 2
fi=(114)
+7 3
+3 2
+4 3
+3 4
fe=(113)

fl=(129)
fn=(402)
29 1
fi=(130) ./wcsmbs/../sysdeps/x86_64/multiarch/ifunc-memcmp.h
+5 5
+1 2
+1 2
+1 3
+3 2
+4 3
+3 4
fe=(129)
-18 2

fl=(137)
fn=(424)
31 1
fi=(97)
+9 3
-1 4
+2 3
+3 2
+4 4
fi=(285) ./wcsmbs/../sysdeps/x86_64/multiarch/wcpncpy.c
-17 1
fe=(137)

fl=(171) ./ctype/./ctype/ctype-info.c
fn=(550) __ctype_init
29 1
+2 7
+2 4
+2 4
+1 1

fl=(241) ./nptl/./nptl/pthread_attr_setaffinity.c
fn=(842) pthread_attr_setaffinity_np@@GLIBC_2.32
29 8
+5 5
+28 1
+1 7
-18 1
cfi=(242) ./nptl/./nptl/pthread_attr_extension.c
cfn=(844) __pthread_attr_extension
calls=1 -20 
* 259
+1 2
+3 1
+2 1
-2 2
+2 2
cob=(4)
cfi=(175)
cfn=(772)
calls=1 -51 
* 218
* 1
+1 2
+3 2
+1 1
fi=(205)
-27 3
cob=(4)
cfi=(175)
cfn=(780)
calls=1 -29 
* 14
* 1
fe=(241)

fl=(193)
fn=(662)
30 2
+4 1
-4 5
+4 4
fi=(194) ./signal/../sysdeps/unix/sysv/linux/internal-signals.h
+19 1
fe=(193)
-18 2
fi=(195) ./signal/../sysdeps/unix/sysv/linux/sigsetops.h
+67 1
fe=(193)
-61 1
+4 2
fi=(195)
+57 1
+2 1
-8 1
fe=(193)
-52 4
+1 1
cfi=(196)
cfn=(668)
calls=1 -19 
* 84
* 1
+3 1
-3 2
+4 5

fl=(218) ./string/../string/strstr.c
fn=(736) __GI_strstr
77 9
+5 1
-5 3
+5 2
+2 4
cob=(4)
cfi=(175)
cfn=(738)
calls=1 -84 
* 23
* 1
+1 2
+1 2
+75 12

fl=(181)
fn=(598)
53 1
+1 1
+1 1
+2 1
+1 1
+4 1
+1 1
+1 1
+3 1
+2 1
+1 1
+1 1
+1 1
+84 1
+3 1
+1 1
+1 1
+1 1
+1 1
+1 1
+2 1
+1 1
+1 1
+1 1
+1 1
+3 1
+1 1
+1 2
+5 1
+1 1
+2 1
+1 1
+1 1
+1 1
+1 1
+1 1
+2 1
+1 1
+2 1
+1 1
+4 1
+1 1
+1 1
+57 1
+1 1
+1 2
+5 1
+1 1
+2 1
+1 1
+1 1
+1 1
+1 1
+1 1
+2 1
+1 1
+1 1
+1 1
+1 1
+1 1
+1 1
+1 1
+1 1
+1 1
+6 1
+1 1
+1 1
+1 1
+1 1
+3 1
+1 2
+5 1
+1 1
+1 1
+1 1
+2 1
+1 1
+1 1
+1 1
+1 1
+1 1
+1 1

fl=(251)
fn=(880)
206 72
+24 72
+5 72
+14 72
+25 72
+1 72
+1 72
+2 72
+1 72
+4 72
+4 72
+2 72
+2 72
+3 72
+2 72
+1 72
+11 72
+10 72
+1 72
+3 72
+4 144
+5 72
+1 72
+1 72
957 26
+1 26
+1 26
+1 26
+2 26
+3 26
+1 26
+4 19
+1 19
1076 7
+1 7

fl=(275) ./posix/./posix/register-atfork.c
fn=(1528) __unregister_atfork
82 8
+1 8
-1 16
+1 8
fi=(276) ./posix/../malloc/dynarray-skeleton.c
243 4
fe=(275)
71 8
+38 16
+1 12

fl=(198)
fn=(674)
32 12
+1 3
fi=(199) ./posix/../sysdeps/unix/sysv/linux/x86/../sysconf.c
+16 10
fe=(198)
-12 10
fi=(200) ./posix/../sysdeps/posix/sysconf.c
+23 12
221 1
cfi=(201) ./misc/../sysdeps/unix/sysv/linux/getpagesize.c
cfn=(680) getpagesize
calls=1 27 
* 6
* 2
60 2
fe=(198)

fl=(211) ./misc/./misc/sbrk.c
fn=(710) sbrk
37 176
+3 22
+3 22
-3 22
+3 22
+35 35
-20 44
+4 44
+4 62
+12 3
-28 3
+28 18
-10 4
-2 6
+8 2
cfi=(212) ./misc/../sysdeps/unix/sysv/linux/brk.c
cfn=(712) brk
calls=2 -38 
* 18
* 15
cfi=(212)
cfn=(712)
calls=15 -38 
* 141
* 34
+4 98
-19 2
cfi=(212)
cfn=(712)
calls=1 -23 
* 9
* 2
+4 2

fl=(197) ./signal/../sysdeps/unix/sysv/linux/libc_sigaction.c
fn=(672) __libc_sigaction
43 40
+5 10
+2 3
fi=(286) ./signal/../string/bits/string_fortified.h
-21 3
fe=(197)
+29 3
fi=(286)
-29 6
fe=(197)
+21 3
+3 3
fi=(286)
-24 9
fe=(197)
+24 3
fi=(286)
-24 9
fe=(197)
+24 6
fi=(286)
-24 3
fe=(197)
+29 3
-5 3
+5 9
fi=(286)
-29 18
fe=(197)
+29 30
+5 16
+2 3
fi=(286)
-36 15
fe=(197)
+36 3
fi=(286)
-36 9
fe=(197)
+38 3
fi=(286)
-38 9
fe=(197)
+38 3
+1 3
fi=(286)
-39 3
fe=(197)
+39 3
fi=(286)
-39 12
fe=(197)
+42 30
-13 6

fl=(231)
fn=(796)
52 71
+13 71
+1 71
+1 71
+3 71
+2 71
+1 71
+3 71
+1 71
+8 71
+1 71
+1 21
+5 42
+26 14
+13 14
+1 14
+1 14
+6 28
+4 1
+13 1
+1 1
+1 1
+6 2
+4 11
+13 11
+1 11
+1 11
+6 22
+4 24
+13 24
+1 24
+1 24
+6 48
+7 50
+15 50
+6 50
+1 50
+1 50
+2 36
+1 36
+1 36
+1 36
+2 35
+1 35
+1 35
+1 35
+2 24
+1 24
+1 24
+1 24

fl=(268) ./stdlib/./stdlib/exit.c
fn=(1504) exit
137 2
+1 3
-1 1
+1 1
cfn=(1506) __run_exit_handlers
calls=1 38 
* 1980

fn=(1506)
38 12
+2 2
+3 5
+11 2
+2 2
+38 2
-30 6
+2 1
+1 1
-1 1
+3 7
+44 3
+13 1
-66 1
+66 3
+2 2
+3 2
cfi=(277) ./posix/../sysdeps/unix/sysv/linux/_exit.c
cfn=(1616) _Exit
calls=1 27 
* 4
-29 1
+1 1
-2 1
+3 1
+3 1
-3 2
+3 3
+1 3
cob=(1)
cfi=(270)
cfn=(1510)
calls=1 -82 
* 1527
+1 4
+10 3
+1 2
-79 1
cfi=(269) ./stdlib/./stdlib/cxa_thread_atexit_impl.c
cfn=(1508) __call_tls_dtors
calls=1 148 
* 13
* 1
+88 1
cfi=(214) ./libio/./libio/genops.c
cfn=(1610) _IO_cleanup
calls=1 842 
* 357
* 1

fl=(250)
fn=(876)
24 99
+1 88
+3 11
cob=(4)
cfi=(175)
cfn=(794)
calls=11 -28 
* 176
+1 11
-1 11
+1 3366
+2 1672
+1 288
cob=(4)
cfi=(175)
cfn=(878)
calls=72 -32 
* 2178
* 144
+5 99

fl=(91)
fn=(300)
29 1
fi=(88) ./wcsmbs/../sysdeps/x86_64/multiarch/ifunc-wcslen.h
+12 2
-1 4
+2 3
+3 2
+4 3
+3 3
fe=(91)
-23 1

fl=(204) ./nptl/./nptl/pthread_attr_init.c
fn=(686) pthread_attr_init@@GLIBC_2.2.5
32 2
fi=(205)
+27 1
fe=(204)
-27 4
fi=(205)
+27 4
fe=(204)
-13 1
cfi=(201)
cfn=(680)
calls=1 -19 
* 6
* 2
+3 4

fl=(131)
fn=(406)
29 1
fi=(93) ./debug/../sysdeps/x86_64/multiarch/ifunc-memmove.h
+28 3
-1 2
+4 3
+14 2
+3 2
+8 2
+8 2
+3 5
fe=(131)

fl=(176) ./nptl/../sysdeps/unix/sysv/linux/x86/elision-conf.c
fn=(560) __lll_elision_init
92 2
+4 1
-4 2
+4 2
-4 1
+4 1
-4 3
+4 1
cob=(4)
cfi=(175)
cfn=(558)
calls=1 -96 
* 26
+2 4
cob=(4)
cfi=(175)
cfn=(558)
calls=1 -98 
* 26
+2 4
cob=(4)
cfi=(175)
cfn=(558)
calls=1 0 
* 26
+2 4
cob=(4)
cfi=(175)
cfn=(558)
calls=1 0 
* 26
+2 4
cob=(4)
cfi=(175)
cfn=(558)
calls=1 0 
* 26
+3 3
+1 1
+1 6

fl=(221)
fn=(744)
41 480
+6 48
-6 144
+6 96
+7 192
+8 285
+12 144
+1 96
-34 96
+60 52
+6 52
-7 104
+1 52
+6 52
-6 104
+4 5
+2 1
cob=(4)
cfi=(175)
cfn=(772)
calls=1 0 
* 374
+1 2
-1 1
+1 1
+6 2
+1 2
+2 2
fi=(287) ./libio/../string/bits/string_fortified.h
-88 4
cob=(4)
cfi=(175)
cfn=(780)
calls=1 -29 
* 32
fe=(221)
+88 51
fi=(287)
-88 204
cob=(4)
cfi=(175)
cfn=(780)
calls=51 -29 
* 1065
fe=(221)
+91 52
-2 52
+2 112
cfi=(214)
cfn=(746) __underflow
calls=4 269 
* 524
* 8
+2 8
-3 4
+3 4
-33 16
cob=(4)
cfi=(175)
cfn=(768)
calls=4 -89 
* 106
* 192
cob=(4)
cfi=(175)
cfn=(768)
calls=48 -89 
* 1915
* 52
+2 208
+1 208
fi=(224) ./libio/./libio/libioP.h
979 96
fe=(221)
130 432
-82 96
+16 1
+1 1
-1 1
+1 1
cob=(4)
cfi=(175)
cfn=(692)
calls=1 -65 
* 192
* 2
+1 2
+58 144
fi=(224)
979 96
fe=(221)
77 2
cfi=(214)
cfn=(746)
calls=1 269 
* 435
* 2
+5 4

fl=(242)
fn=(844)
25 1
+1 2
-1 1
+3 1
-3 3
+3 1
-3 1
+3 1
cob=(4)
cfi=(175)
cfn=(846)
calls=1 -28 
* 241
* 1
+1 2
-2 1
+5 3

fl=(186)
fn=(628)
242 13
+69 3
+1 3
cfi=(187) ./stdlib/./stdlib/cxa_atexit.c
cfn=(630) __cxa_atexit
calls=1 67 
* 72
+25 6
+6 2
-3 2
+10 2
cob=(4)
cfi=(175)
cfn=(646)
calls=1 0 
* 7
+2 2
+8 4
cfi=(188) ./csu/../sysdeps/nptl/libc_start_call_main.h
cfn=(650) (below main)
calls=1 29 
* 425108687
128 2
+6 3
+1 6
cob=(4)
cfi=(175)
cfn=(634)
calls=1 0 
* 7
* 1
+3 1
+1 2
+3 2
+1 2
-1 1
+2 9
+1 4
cob=(7)
cfi=(185)
cfn=(640)
calls=1 0 
* 12
* 4
cob=(7)
cfi=(185)
cfn=(638)
calls=1 0 
* 4
-1 7

fl=(269)
fn=(1508)
148 4
+1 1
-1 1
+1 3
+16 4

fl=(119)
fn=(366)
31 1
fi=(114)
+6 2
-1 4
fe=(119)
-5 2
fi=(114)
+7 3
+3 2
+4 3
+3 4
fe=(119)

fl=(172) ./resource/../sysdeps/unix/sysv/linux/getrlimit64.c
fn=(552) getrlimit
38 4
+1 14
+1 2

fl=(264)
fn=(1304)
28 1
+1 6
+1 1

fl=(188)
fn=(650)
29 4
+15 1
-15 5
+15 1
cfi=(189) ./setjmp/../sysdeps/x86_64/bsd-_setjmp.S
cfn=(652) _setjmp
calls=1 -16 
* 38
* 1
+2 2
+5 2
+1 2
+3 2
+3 6
cob=(7)
cfi=(185)
cfn=(658)
calls=1 -58 
* 425106634
+16 2
cfi=(268)
cfn=(1504)
calls=1 +63 
* 1987

fl=(112)
fn=(352)
67 1
-23 2
-1 4
+24 2
-22 3
+3 2
+4 3
+3 4

fl=(215) ./libio/./libio/fileops.c
fn=(748) _IO_file_underflow@@GLIBC_2.2.5
462 5
+4 15
-4 45
+7 10
+6 15
+3 10
+12 8
fi=(224)
1025 5
fe=(215)
506 10
cfi=(214)
cfn=(762) _IO_switch_to_get_mode
calls=5 164 
* 130
+6 5
+5 5
-5 5
fi=(224)
1025 10
fe=(215)
512 5
fi=(224)
1025 5
fe=(215)
512 15
fi=(224)
1026 10
fe=(215)
517 20
cfn=(764) _IO_file_read
calls=5 1131 
* 55
+2 10
+16 5
-9 5
+9 10
+2 10
+1 40
-57 3
+5 2
cfi=(214)
cfn=(750) _IO_doallocbuf
calls=1 343 
* 298
+4 4

fn=(754) _IO_file_stat
1147 1
+1 2
cfi=(223)
cfn=(756)
calls=1 30 
* 6

fn=(730) _IO_file_fopen@@GLIBC_2.2.5
213 12
+9 2
+2 6
+23 14
357 12
-89 1
+1 1
+3 1
-25 20
+34 4
cfn=(732) _IO_file_open
calls=1 -99 
* 87
* 1
+3 2
+3 3
cfi=(218)
cfn=(736)
calls=1 77 
* 59
* 1
+1 2
-41 8
-33 1
+13 1
+1 2
+44 1
-1 1
+1 2

fn=(764)
1131 5
+3 5
-1 5
+1 5
-1 5
cfi=(225) ./io/../sysdeps/unix/sysv/linux/read_nocancel.c
cfn=(766) __read_nocancel
calls=5 25 
* 30

fn=(826) _IO_file_close
1165 1
+3 2
cfi=(238) ./io/../sysdeps/unix/sysv/linux/close_nocancel.c
cfn=(828) __close_nocancel
calls=1 25 
* 6

fn=(732)
182 2
+3 1
-3 10
+2 2
+5 2
+3 2
+3 1
-4 1
+1 3
+3 1
-3 1
+3 1
+10 2
cfi=(214)
cfn=(724) _IO_link_in
calls=1 87 
* 21
+1 1
+1 6
-22 1
cfi=(217) ./io/../sysdeps/unix/sysv/linux/open64_nocancel.c
cfn=(734) __open_nocancel
calls=1 28 
* 27
* 2

fn=(822) _IO_file_close_it@@GLIBC_2.2.5
128 7
+2 3
+4 2
+3 1
-3 1
-1 2
+6 1
+3 1
-3 1
cfi=(214)
cfn=(824) _IO_unsave_markers
calls=1 937 
* 14
+3 3
fi=(224)
1025 3
+1 2
fe=(215)
142 2
cfn=(826)
calls=1 1165 
* 9
* 1
+3 3
+8 5
cfi=(214)
cfn=(758) _IO_setb
calls=1 329 
* 121
+1 1
+3 1
-3 3
+3 1
cfi=(214)
cfn=(818) _IO_un_link
calls=1 53 
* 4
+5 1
-4 1
+1 1
+3 1
-2 1
+3 7

fn=(832) _IO_file_finish@@GLIBC_2.2.5
168 5
+1 1
-1 1
+1 1
+6 2
+1 3
-1 1
cfi=(214)
cfn=(834) _IO_default_finish
calls=1 601 
* 20

fn=(722) _IO_new_file_init_internal
106 6
+5 1
-1 1
+3 1
cfi=(214)
cfn=(724)
calls=1 -26 
* 89
+1 1
+1 3

fl=(228) ./stdio-common/./stdio-common/isoc23_sscanf.c
fn=(788) __isoc23_sscanf
24 720
fi=(229) ./stdio-common/../libio/strfile.h
+64 192
fe=(228)
-64 144
fi=(229)
+64 48
-1 48
+1 96
cfi=(214)
cfn=(718) _IO_no_init
calls=48 563 
* 2256
+1 48
+1 192
-1 48
+1 48
cfi=(230) ./libio/./libio/strops.c
cfn=(792) _IO_str_init_static_internal
calls=48 -54 
* 4832
fe=(228)
-60 48
+1 96
-1 48
+1 48
-1 48
+1 48
-1 144
+1 48
cfi=(232) ./stdio-common/./stdio-common/vfscanf-internal.c
cfn=(798) __vfscanf_internal
calls=48 278 
* 84508
+5 432

fl=(237) ./libio/./libio/iofclose.c
fn=(816) fclose@@GLIBC_2.2.5
34 8
+14 3
+9 1
fi=(224)
1025 3
+1 2
fe=(237)
57 3
cfi=(215)
cfn=(832)
calls=1 168 
* 34
+1 3
+13 2
fi=(224)
951 4
+1 4
+6 2
cob=(4)
cfi=(175)
cfn=(810)
calls=1 0 
* 87
fe=(237)
76 7
-27 1
cfi=(214)
cfn=(818)
calls=1 +4 
* 90
+2 3
+1 2
+1 2
cfi=(215)
cfn=(822)
calls=1 +75 
* 204
fi=(224)
979 1
fe=(237)
53 1
fi=(224)
979 3
+1 9
fe=(237)

fl=(87)
fn=(292)
30 1
fi=(88)
+11 2
-1 4
+2 3
+3 2
+4 3
+3 3
fe=(87)
-22 1

fl=(277)
fn=(1616)
27 2
+3 2

fl=(121)
fn=(374)
29 3
fi=(122) ./string/../sysdeps/x86_64/multiarch/ifunc-memcmp.h
+5 15
+1 6
+1 6
+1 9
+3 6
+4 9
+3 12
fe=(121)
-18 6

fl=(170)
fn=(548)
33 9
+2 1
cfi=(171)
cfn=(550)
calls=1 -6 
* 17
+3 1
fi=(173) ./elf/../sysdeps/nptl/pthread_early_init.h
-5 2
fe=(170)
+8 1
-3 1
+3 1
fi=(173)
-8 1
cfi=(172)
cfn=(552)
calls=1 +5 
* 10
* 3
+1 1
+4 5
+7 1
fi=(288) ./elf/../nptl/nptl-stack.h
+16 3
fi=(173)
-16 1
fi=(288)
+16 2
fi=(173)
-7 1
fi=(288)
+7 3
fi=(173)
-9 1
-6 1
+2 2
+4 4
+1 1
+3 1
cfi=(174)
cfn=(556)
calls=1 -1 
* 104
fe=(170)
-9 3
+2 2
-2 1
cfi=(176)
cfn=(560)
calls=1 +45 
* 169

fl=(179)
fn=(592)
46 6
+5 2
+4 5
+8 1
-2 1
+10 1
-9 1
+1 1
+9 3
-1 1
cfi=(180) ./misc/./misc/init-misc.c
cfn=(594) __init_misc
calls=1 -41 
* 113

fl=(203)
fn=(684)
33 10
+4 1
-4 4
+4 1
cfi=(204)
cfn=(686)
calls=1 -5 
* 24
* 1
+1 2
207 12
43 7
fi=(205)
-14 2
fe=(203)
+23 1
-3 4
+6 2
+4 2
+3 3
+50 7
+66 1
+2 4
cob=(4)
cfi=(175)
cfn=(772)
calls=1 0 
* 218
* 1
+1 2
+7 4
cfi=(239)
cfn=(836)
calls=1 30 
* 40
+3 2
+2 7
+1 6
cfi=(241)
cfn=(842)
calls=1 29 
* 531
+4 1
-4 1
+4 1
cob=(4)
cfi=(175)
cfn=(810)
calls=1 0 
* 87
+3 6
+2 2
85 4
cfi=(206) ./libio/./libio/iofopen.c
cfn=(690) fopen@@GLIBC_2.2.5
calls=1 * 
* 2267
+1 2
-1 1
+1 1
+5 4
cfi=(172)
cfn=(552)
calls=1 -53 
* 10
* 3
+74 4
cfi=(237)
cfn=(816)
calls=1 34 
* 479
* 2
+4 1
+2 2
-63 1
+9 3
-14 1
+17 1
-17 1
-1 2
+6 3
+6 1
+1 1
+5 9
+7 288
cfi=(228)
cfn=(788)
calls=48 24 
* 94140
* 96
+2 96
+1 48
-1 96
+1 96
+28 47
-38 94
+2 192
cfi=(220)
cfn=(742)
calls=48 -95 
* 8903
* 96
+40 4
cob=(4)
cfi=(175)
cfn=(810)
calls=1 0 
* 87
* 3
-59 9
+2 1
+30 1
-2 1
+12 1
-10 3
+6 1
+3 2
-4 2

fl=(206)
fn=(690)
85 7
-20 1
+20 2
-20 1
cob=(4)
cfi=(175)
cfn=(692)
calls=1 -65 
* 1822
+2 3
+3 1
+2 2
-2 1
+2 5
cfi=(214)
cfn=(718)
calls=1 563 
* 56
+1 1
+1 1
-1 1
+1 1
cfi=(215)
cfn=(722)
calls=1 +32 
* 102
+1 5
cfi=(215)
cfn=(730)
calls=1 213 
* 244
* 2
-38 2
+50 7

fl=(89)
fn=(296)
29 2
fi=(90) ./string/../sysdeps/x86_64/multiarch/ifunc-memset.h
+25 10
+3 6
+7 4
+9 4
+2 4
+10 4
+8 4
+3 10
fe=(89)

fl=(257) ./misc/../sysdeps/unix/sysv/linux/mremap.c
fn=(1110) mremap
26 18
+4 6
+7 8
+2 10

fl=(180)
fn=(594)
30 1
+1 2
-1 4
+1 4
+2 3
cob=(4)
cfi=(175)
cfn=(596)
calls=1 -33 
* 87
+4 5
+1 3
+2 4

fl=(210) ./malloc/./malloc/morecore.c
fn=(708) __glibc_morecore
25 22
+1 44
-1 44
+4 22
cfi=(211)
cfn=(710)
calls=22 +8 
* 806
+1 44
+4 38
-7 3
+7 6

fl=(103)
fn=(330)
65 1
-22 2
+1 1
-2 4
+2 2
+3 2
+4 3
+3 3
+11 1

fl=(212)
fn=(712)
36 18
fi=(289) ./misc/../sysdeps/unix/sysv/linux/brk_call.h
-12 36
fe=(212)
+13 36
+1 36
+6 15
+1 15
-5 6
+1 6

fl=(104)
fn=(332)
29 1
fi=(105) ./debug/../sysdeps/x86_64/multiarch/ifunc-memset.h
+25 5
+3 3
+7 2
+9 2
+2 2
+10 2
+8 2
+3 5
fe=(104)

fl=(132)
fn=(410)
33 1
fi=(118) ./string/../sysdeps/x86_64/multiarch/ifunc-strcpy.h
+5 2
+1 1
-1 2
+1 2
+3 2
+4 3
+3 3
fe=(132)
-16 1

fl=(248)
fn=(1172)
117 40
+5 8

fn=(864)
117 5
+5 1

fl=(123)
fn=(378)
31 2
fi=(124) ./wcsmbs/../sysdeps/x86_64/multiarch/ifunc-wmemset.h
+5 10
+1 6
fe=(123)
-6 2

fl=(253)
fn=(1090)
30 4
+3 2
-3 20
+3 12
+8 18
+2 16

fl=(226)
fn=(770)
61 52
+7 52
+2 52
+3 52
+1 52
+2 52
+1 52
+1 52
+1 52
+3 52
+1 52
+3 52
+1 52
+2 51
+1 51
+1 2
+1 2
+2 4
+7 1
+5 1
+7 1
+1 1
+7 10
+1 10
+1 10
+1 20
+4 1
+1 1
+4 4
+1 4
+1 4
+1 8
+4 10
+1 10
+1 10
+1 20
+5 20
+1 20
+1 20
+1 40
+10 49
+1 49
+1 49
+2 49
+10 49
+1 49
+3 49
+1 49
+2 45
+1 45
+2 35
+1 35
+1 35
+1 35
+2 31
+1 31
+1 31
+1 31
+2 21
+1 21
+1 21
+1 21
+4 1
+1 1
+3 1
+1 1
+1 1
+1 1
+5 2
+10 1
+1 1
+1 1
+1 1
+1 1
+1 1
+1 1
+2 1
+6 1
+1 1
+18 4
+1 4
+3 3
+1 3
+4 3
+1 3
+3 2
+1 2
+1 2
+1 2
+1 2
+4 2
+8 1
+1 1
+1 1
+2 1
+1 1
+1 1
+18 1
+2 1
+2 1
+1 1
+1 1
+1 1
+1 2
+3 2
+1 4
+16 1
+4 1
+2 1
+1 2

fl=(120)
fn=(370)
31 1
fi=(84) ./string/../sysdeps/x86_64/multiarch/ifunc-avx2.h
+9 3
-2 4
fe=(120)
-7 2
fi=(84)
+10 2
+1 3
+3 2
+4 3
+3 5
fe=(120)

fl=(182)
fn=(600)
545 1
+1 4
+1 3
+1 3
+2 1

fl=(201)
fn=(680)
27 2
+1 8
+2 2

fl=(189)
fn=(652)
28 1
+2 1
+2 1
cfi=(190) ./setjmp/../sysdeps/x86_64/setjmp.S
cfn=(654) __sigsetjmp
calls=1 -1 
* 35

fl=(219)
fn=(740)
53 1
+2 1
+1 1
+1 1
+1 1
+1 1
+3 1
+1 1
+4 1
+1 1
+1 1
+1 1
+1 1
+1 1
+1 1
+1 1
+3 1
+8 1
+8 1
+1 2

fl=(240)
fn=(840)
158 18521
+1 37042
+5 18521
+1 18521
+1 17777
+1 17777
+1 17777
+2 956
+1 956
+1 1912
+9 11250
+1 11250
+2 22500
+53 16821
+1 16821
+6 16537
+1 16537
+12 16537
+3 16537
+1 16537
+12 5287
+1 5287
+13 5287
+1 5287
+2 5287
+3 1831
+3 1831
+3 1831
+1 1831
+1 1831
+1 1831
+1 1831
+1 1831
+1 1831
-6 188
+1 188
+1 188
+1 188
+1 188
+1 188
+1 2019
+3 1831
+1 1831
+1 1831
+1 1831
+3 3662
-6 3456
+1 3456
+1 3456
+1 3456
+3 6912
+11 284
+1 284
+1 284
+1 1331132
+1 284
+1 568
+7 744
+9 744
+1 744
+5 305
+1 305
+1 37
+1 37
+1 14
+1 14
+1 14
+1 3
+2 14
+17 439
+1 439
+1 439
+9 268
+1 268
+5 268
+8 23
+1 23
+5 23

fl=(254)
fn=(1100)
25 57
+1 342
+1 57

fl=(274)
fn=(1526)
30 8
+3 8
-3 32
+3 20
+3 16
+4 28
-4 12
+57 16
+4 24
-4 12
+12 8
cfi=(275)
cfn=(1528)
calls=4 -23 
* 80
+1 16
+1 32

fl=(207)
fn=(714) alloc_perturb
1985 39042
+2 13014

fn=(848)
3699 44268
+10 22134
-10 154938
+10 177072
+8 44268
+3 66402
+2 44268
+34 110670
fi=(208) ./malloc/./malloc/arena.c
153 44268
fe=(207)
3732 22134
+1 22134
+21 44268
-21 44268
+21 22134
cfn=(706) _int_malloc
calls=22134 +92 
* 2558666
+2 44268
+81 91088
-41 22134
-12 22134
+12 44268
+3 110670
+8 22134
+2 44268
+2 44268
+5 11386
+2 11386
-2 11386
+3 22772
+2 11304
+2 22608
+2 154
+2 308
+2 66
-73 66402
+3 66402
+78 10748
fi=(213) ./malloc/../string/bits/string_fortified.h
59 21496
fe=(207)
3837 64488
fi=(213)
59 10748
cob=(4)
cfi=(175)
cfn=(838)
calls=10748 -59 
* 1248425
fe=(207)

fn=(1092) malloc_consolidate
4811 75
+17 75
-17 375
+28 75
-28 225
+15 75
+2 75
+13 150
+1 150
-1 1350
+1 1350
+62 2250
+1 600
-31 24452
+4 5096
+2 2548
+1 5096
+1 5096
+2 5096
-4 9678
+1 19356
+1 19356
+2 19356
+1 6454
+4 3227
+2 3227
-2 6454
+3 3227
+9 6454
-12 8999
+2 8999
-2 17998
+3 8999
+9 30014
-56 24452
+4 36678
+1 48904
+8 12226
-3 24452
+3 12226
-3 12226
+4 12226
-4 12226
+5 12226
-5 12226
+5 24452
+2 24452
+1 1977
+2 1977
-1 1977
+2 7908
+2 13839
cfn=(918) unlink_chunk.isra.0
calls=1977 1608 
* 42465
* 9885
+3 24452
+4 9678
+1 29034
+16 19356
-16 9678
cfn=(918)
calls=9678 1608 
* 211935
* 38712

fn=(1170) munmap_chunk
3024 7
+2 7
-1 7
+1 14
+2 7
-3 7
-1 7
+4 7
+3 14
+7 7
-8 7
+9 7
-8 7
+1 7
+6 21
+1 28
+3 7
+1 21
+6 7
-1 14
cfi=(248)
cfn=(1172)
calls=7 117 
* 42

fn=(694)
3294 20752
+7 5188
1326 5186
+19 12794
3311 4836
+2 10376
+3 5186
+10 3088
+28 9264
3248 4
cfn=(704) tcache_init.part.0
calls=1 -6 
* 473
+68 2
+1 4
+1 7269
3178 2100
+4 2100
+4 1050
+4 1050
-4 3150
+4 1050
+1 1050
3354 6300
-26 6176
cfn=(706)
calls=1544 3846 
* 342559
+1 7720
fi=(208)
153 3078
264 1
cfn=(698) ptmalloc_init.part.0
calls=1 -2 
* 1151
fe=(207)
1326 2

fn=(706)
3846 263560
1326 47920
+19 143661
3887 47722
1794 23861
3914 47722
+65 43460
-63 86920
+3 21730
+2 43460
+2 19056
-6 9528
+9 19056
+1 47640
+5 19056
+1 19056
+7 9528
-1 19056
+1 47640
+5 19056
3165 9528
3945 9528
+1 28581
+5 60
3165 10
-2 10
+4 10
-2 10
3945 10
3163 10
+3 10
+1 10
3946 59
+2 20
+2 20
+27 4262
+62 5460
+1 1575
+20 14028
-1 14028
-1 14028
+1 28056
+1 28056
-2 28054
+12 70140
-1 24580
+4 24580
+1 12290
+2 24580
-3 2094
+1 1047
+2 2094
+1 40011
+2 13337
+1 53348
+2 53348
-10 13337
+12 26674
+1 26674
+2 26674
+11 51202
+29 1681
+1 1681
+4 3362
+29 3304
+8 6182
+1 202
+1 202
-1 202
+4 404
-4 525
+1 525
-1 525
+4 1050
+5 123
-2 123
+2 369
+1 246
+7 78
-1 312
+2 234
3887 198
+27 198
+66 13907
+2 13907
-2 13907
+2 27814
+2 404
+1 808
+6 404
-4 404
+1 404
+1 404
+2 808
+7 1616
-1 808
+1 808
+5 2233
+1 206
+2 142
-92 297
1345 99
3919 198
+2 198
+9 36903
4041 132
cfn=(1092)
calls=66 4811 
* 69433
* 66
+93 75
+1 75
-1 75
+1 150
-14 75
+19 150
+1 306
1985 28740
4487 287520
1985 404
4020 404
1985 808
4163 2272
+1 3408
+1 1136
-1 1136
+57 2272
+9 1136
-9 2272
+9 1136
-9 3408
+1 1136
+1 1136
+1 1136
+1 1136
+6 2272
-10 1454
+9 727
-9 1454
+9 727
-9 2181
+1 727
+1 727
+1 727
+1 727
+6 1454
4070 5589
4246 1632
+11 7662
+2 1491
+3 497
-3 497
+3 994
+1 2661
+71 7503
-4 2501
+1 2501
+1 2501
-1 2501
+1 2501
+1 5002
+1 7503
+5 11284
+16 9173
+2 18346
-4 21514
+8 1584
+3 3168
+2 645
+1 645
+1 645
-2 2580
-27 645
-99 7452
3163 23
+4 23
-4 23
+2 184
+1 46
+1 23
4070 46
+29 23608
+2 11656
-1 23312
+27 257
+1 257
+4 514
+29 583
+8 805
4008 71
+1 71
+1 142
3159 71
4012 71
3167 71
-8 71
+4 71
4013 71
3163 71
+2 284
+1 71
+2 71
-2 71
+1 71
+1 71
4218 604
-48 604
+48 1812
4343 5538
+3 7236
-3 4950
+3 6496
-3 4665
+3 6204
-3 2990
4443 1562
+1 3124
+2 3124
+3 4686
+17 88
4070 1606
-91 9636
4169 3154
+23 135
+3 12
+1 36
-3 114
+6 45
+7 33
-1 132
+2 66
+2 33
+1 99
+2 33
+1 66
-1 12
+1 24
-44 414
+33 24
-33 726
4343 284
+5 1136
+1 568
+24 3756
+3 1878
+2 939
+3 1878
-3 1878
+3 939
cfn=(918)
calls=939 1608 
* 26076
+3 3756
+15 1582
-5 791
+5 1582
+1 1582
+3 791
+1 791
+1 791
+3 1582
+1 399
+1 1582
+2 966
+3 3864
+2 1449
+1 483
1985 483
4421 483
1985 966
4415 2464
+2 924
+1 308
1985 308
4421 308
1985 764
4421 148
1985 296
4387 148
-1 148
+1 296
4070 23
3199 23
-21 23
+4 46
+8 23
-4 92
+4 23
+1 46
4248 23
4105 11399
-1 11399
+3 11399
-1 11399
+1 22798
+1 34197
+1 22798
+2 20916
+4 10458
+6 10458
-6 10458
+7 10458
-7 62748
+2 31374
+5 10458
-4 10458
+4 10458
cfn=(714)
calls=10458 1985 
* 41832
-7 941
+6 941
-6 941
+7 941
-7 5646
+2 2823
+5 941
-4 941
+4 941
cfn=(714)
calls=941 1985 
* 3764
+1 11399
2552 22
+12 22
-12 110
+12 22
+1 21
+3 28
+8 35
cfn=(1106) sysmalloc_mmap.isra.0
calls=7 2400 
* 802
* 7
+1 14
4482 14
-22 4845
cfn=(714)
calls=1615 1985 
* 6460
+1 1615
-9 3080
+2 3080
-1 1540
+1 1540
-3 1540
+3 1540
+2 1540
-2 6160
+2 1540
+3 3186
4266 53
+1 53
+2 2
-2 275
+6 106
+2 5
+1 10
+2 5
+1 10
-1 10
+1 5
cfn=(918)
calls=5 1608 
* 138
-1 48
+1 96
-1 96
+1 48
cfn=(918)
calls=48 1608 
* 1584
+3 212
+13 74
-4 37
+4 74
+1 74
+3 37
+1 37
+1 37
+1 74
+2 38
+3 152
+2 57
+1 19
+3 19
-6 144
+2 54
+1 18
+3 18
2553 15
+36 45
+1 15
-1 15
+1 15
+9 144
+6 42
+3 45
2921 45
+1 15
+4 15
+4 75
+5 15
-2 15
+5 15
-3 30
-3 15
+2 15
+1 15
+1 15
-1 45
+1 15
4482 15
2669 45
+8 30
+1 39
+13 13
+2 13
-2 28
+2 2
-2 4
+8 75
+8 30
+20 3
+1 3
-1 6
+11 6
+4 6
+2 3
+2 3
-2 3
+2 3
+6 3
-6 3
+9 10
+40 3
+19 2
+3 2
+1 6
+2 1
+1 5
cfi=(210)
cfn=(708)
calls=1 25 
* 33
+12 4
-12 1
+12 1
2008 4
3882 1
2873 1
+3 1
-1 1
+1 4
+12 1
-11 1
+11 2
-15 3
+3 3
-1 3
+1 12
+12 3
-11 3
+11 6
+7 6
+1 9
+8 3
+2 3
+5 6
+2 12
cfn=(784) _int_free
calls=3 4495 
* 432
* 3
-66 6
-65 3
+84 6
-83 1
-1 2
2017 2
2745 1
+1 1
+6 3
-6 1
+6 3
-6 11
+6 33
-6 11
+6 55
+1 66
-21 18
cfn=(1252) sysmalloc_mmap_fallback.constprop.0
calls=3 2490 
* 302
* 3
+2 6
-25 45
cfi=(210)
cfn=(708)
calls=15 25 
* 762
+1 30
-1 15
+1 15
2008 12
2711 12
2008 36
2712 15
+3 30
+29 80
4285 16
-1 16
+1 32

fn=(704)
3242 4
+9 8
+1 3
cfn=(706)
calls=1 3846 
* 359
+1 2
+8 4
+9 1
fi=(213)
59 2
fe=(207)
3270 1
fi=(213)
59 86
fe=(207)
3274 3

fn=(914) _int_free_merge_chunk
4665 10175
+1 2035
-1 6105
+5 12210
+3 4070
+5 6105
+3 4070
+1 4070
+1 4070
1992 6105
4689 4070
+2 1209
+2 1209
-1 1209
+2 4836
+2 2418
cfn=(918)
calls=1209 1608 
* 28239
+18 4070
+6 4056
+4 1496
+9 1496
-1 1496
+1 4488
+1 2992
-1 532
-1 532
+1 1596
+1 1064
+2 2028
+2 4056
+5 2028
+1 2028
+2 6084
+1 2028
-45 2028
-1 4056
+1 12168
-1 2028
cfn=(916) _int_free_maybe_consolidate
calls=2028 +69 
* 474813
+1 7
-1 14
+1 42
-1 7
cfn=(916)
calls=7 +69 
* 423718
+39 4539
+16 7
+1 21
+1 14
-37 532
+1 532
-1 532
cfn=(918)
calls=532 1608 
* 13110
+1 532
-47 579
-2 386

fn=(916)
4770 22385
+6 4070
+22 22363
-20 304
+3 228
-2 9
cfn=(1092)
calls=9 +32 
* 848419
* 9
+5 380
+1 8
+13 14
-13 2
cfn=(936) systrim.constprop.0
calls=2 2957 
* 340

fn=(1106)
2400 35
+13 21
-13 7
+18 14
+63 7
-60 63
cfi=(247)
cfn=(862)
calls=7 47 
* 182
* 7
+3 14
+4 14
2008 28
2432 28
cfi=(256) ./misc/../sysdeps/unix/sysv/linux/setvmaname.c
cfn=(1108) __set_vma_name
calls=7 33 
* 185
+16 21
+19 7
-1 7
+5 7
-4 14
+4 14
+1 31
+3 21
+1 33
+5 42

fn=(784)
4495 175070
+4 75030
+6 100040
+1 50020
+4 125050
+8 100040
-1 50020
+1 50020
+29 24471
-20 24471
-6 24471
+6 48942
+20 97884
1792 23832
4561 47664
+11 87188
+2 65391
1992 21797
4593 21797
1992 43594
4595 21797
+1 21797
+4 43594
+2 21797
-2 21797
+2 21797
+4 43594
+2 65391
+1 21797
+19 77232
+1 116
+29 137850
-21 4070
+3 4070
+18 2035
-12 2035
+12 8140
-12 2035
cfn=(914)
calls=2035 +19 
* 1083940
3163 1178
+4 1178
-4 1178
+2 4712
+1 1178
+1 1178
4550 1178

fn=(936)
2957 12
+9 6
+2 2
+1 4
+5 2
+1 2
-1 4
+4 10
+2 4
+40 12
-33 4
cfi=(210)
cfn=(708)
calls=2 25 
* 66
* 2
+1 8
+12 6
cfi=(210)
cfn=(708)
calls=2 25 
* 102
+1 4
cfi=(210)
cfn=(708)
calls=2 25 
* 66
+2 2
+2 4
+4 4
+4 4
-1 2
+1 4
+2 4

fn=(1252)
2490 33
+4 3
+3 9
+1 5
+3 6
+5 3
-1 6
+3 24
cfi=(247)
cfn=(862)
calls=3 47 
* 78
* 3
+3 6
+4 6
+4 12
cfi=(256)
cfn=(1108)
calls=3 33 
* 63
+5 3
+2 3
+2 27
2008 12

fn=(778) _int_realloc
4914 2848
+11 1424
+1 1780
+1 1424
+6 712
+2 712
+1 1068
+2 1424
+3 712
+14 44
+53 88
-53 88
+57 44
-57 44
+57 88
-2 88
+2 18
+1 9
+16 9
+1 81
-1 35
+1 3123
-79 712
+12 636
+12 1124
cfn=(706)
calls=281 3846 
* 76445
* 281
+1 562
+9 281
-6 281
+1 281
+5 562
+8 278
-1 278
fi=(213)
29 278
fe=(207)
4993 1668
fi=(213)
29 278
cob=(4)
cfi=(175)
cfn=(780)
calls=278 -29 
* 5994233
fe=(207)
4997 1112
cfn=(784)
calls=278 4495 
* 27509
+2 278
+22 35
-4 35
+3 35
+5 35
-4 35
-1 35
+1 35
+3 35
+1 70
cfn=(784)
calls=35 4495 
* 3869
* 35
-60 104
-1 208
+5 123
cfn=(918)
calls=41 1608 
* 972
+44 82
-48 82
+15 3
+7 3
+19 6
-13 3
+20 6
-61 38
+1 38
-2 76
+4 136
+2 34
-2 34
+2 34
-2 68
+1 34
-1 68
+4 34
-3 34
+1 34
+2 34

fn=(812)
3359 24701
+4 49402
-4 74103
+14 24701
-14 74103
+12 24701
+4 24701
-4 24701
+4 49402
+17 74082
fi=(208)
153 74082
fe=(207)
3398 74082
cfn=(784)
calls=24694 4495 
* 2841646
+3 24694
+1 148164
-23 21
+2 20
+2 3
+1 3
-1 3
+1 3
+1 3
+3 6
cfn=(1170)
calls=3 3024 
* 108
* 8
cfn=(1170)
calls=4 3024 
* 144
+13 7
+1 42

fn=(774)
3407 4092
+6 744
+4 744
3538 2
3425 2
3538 12
3425 2
cfn=(694)
calls=2 3294 
* 380
-1 744
5241 370
3433 370
5242 1110
-1 740
+2 736
3489 14
+49 3330
5244 368
3441 736
+2 12
+1 24
+12 1068
fi=(208)
153 1068
fe=(207)
3464 1432
+1 716
1326 716
+19 2148
3475 716
+31 712
-65 4
+12 4
+55 2136
cfn=(778)
calls=356 4914 
* 6129482
* 356
+1 1780
fi=(208)
153 1416
fe=(207)
3509 708
3056 2
+1 2
+6 2
-5 2
-2 2
+7 2
+2 2
+1 6
+1 2
-1 4
+1 10
+4 18
+3 4
+3 12
cfi=(257)
cfn=(1110)
calls=2 26 
* 42
+3 6
-3 2
+3 2
2008 12
3085 2
+2 6
+2 4
+1 2
+3 2
-3 6
+3 6
+2 10

fn=(918)
1608 14429
+2 43287
-2 14429
+2 28858
+3 14429
+1 28858
+2 57716
-3 14429
+6 14429
+1 14429
+1 44221
+2 1366
+1 2049
+3 1366
+14 683
+1 683
+3 28858

fl=(106)
fn=(336)
28 1
fi=(84)
+12 3
-2 4
fe=(106)
-10 2
fi=(84)
+13 2
+1 3
+3 2
+4 3
+3 5
fe=(106)

fl=(133)
fn=(414)
29 2
fi=(99)
+28 6
-1 4
+4 6
+14 4
+3 4
+8 4
+8 4
+3 10
fe=(133)

fl=(238)
fn=(828)
25 1
+1 4
+1 1

fl=(81)
fn=(280)
86 1
fi=(82) ./string/../sysdeps/x86/cacheinfo.h
-27 1
+3 3
+2 1
+1 1
-1 2
+7 3
+2 1
+1 1
-1 2
+5 2
+2 2
+1 2
+1 2
+2 2
+2 2
fe=(81)

fl=(267)
fn=(1494)
25 1
+1 6
+1 1

fl=(272)
fn=(1514)
367 1
51 3
+1 2
367 3
57 2
+8 1
-3 1
-23 1
+1 4
+1 1
+29 1
+2 1
369 2
74 2
+6 4
+4 3
+3 2

fl=(244)
fn=(854)
26 1
+10 3
-10 5
+12 2
cob=(4)
cfi=(175)
cfn=(810)
calls=1 -38 
* 87
+1 2
cob=(4)
cfi=(175)
cfn=(810)
calls=1 -39 
* 87
+5 4

fl=(92)
fn=(304)
29 1
fi=(93)
+28 3
-1 2
+4 3
+14 2
+3 2
+8 2
+8 2
+3 5
fe=(92)

fl=(85)
fn=(288)
29 1
fi=(290) ./string/../sysdeps/x86_64/multiarch/ifunc-sse4_2.h
+7 5
fe=(85)
-7 1

fl=(252)
fn=(926)
73 361
+7 361
+1 361
+75 143
+10 143
+1 143
+1 143
+3 286
401 361
+1 361
+5 318
+1 318
+1 318
+1 318
+1 318
+3 315
+1 315
+1 315
+1 315
+3 315
+1 315
+1 172
+1 344
+6 3
+1 3
+2 3
+1 3
+2 3
+1 3
+2 3
+1 3
+1 3
+1 3
+1 3
+1 3
+1 3
+1 3
+1 3
+2 3
+6 43
+1 43
+1 43
+1 43
+2 43
+4 3
+1 3
+2 3

fl=(107)
fn=(340)
30 1
fi=(101) ./wcsmbs/../sysdeps/x86_64/multiarch/ifunc-avx2.h
+10 3
-2 4
fe=(107)
-8 2
fi=(101)
+11 2
+1 3
+3 2
+4 3
+3 5
fe=(107)

fl=(214)
fn=(720) _IO_old_init
531 49
+3 49
-2 49
+2 49
+5 49
-7 49
+2 49
+10 49
-10 49
+16 49
-11 49
-5 49
+16 49
-16 49
+21 49
-16 245
+16 98
+1 2
+2 49

fn=(724)
87 14
+1 10
+18 18
-16 1
+2 3
-2 1
+2 4
cfi=(216) ./nptl/./nptl/libc-cleanup.c
cfn=(726) __libc_cleanup_push_defer
calls=1 -68 
* 13
+1 7
+10 2
cfi=(216)
cfn=(728) __libc_cleanup_pop_restore
calls=1 -49 
* 9
+3 1
-11 5
+2 1
-2 1
+3 1
-3 1
+2 1
+3 4
+2 1
-2 1
+1 1
+1 5
-9 2
+1 1
+1 2

fn=(758)
329 550
+1 202
+5 100
-3 50
+3 100
-2 50
+2 100
+3 300
-7 1
cob=(4)
cfi=(175)
cfn=(810)
calls=1 0 
* 87
+4 2

fn=(750)
343 1
+1 2
-1 7
+3 3
+1 1
fi=(224)
1025 3
+1 2
fe=(214)
347 2
cfi=(222) ./libio/./libio/filedoalloc.c
cfn=(752) _IO_file_doallocate
calls=1 78 
* 269
* 2
+3 6

fn=(824)
937 6
+2 2
+5 3
+2 3

fn=(1612) _IO_flush_all
686 5
+5 1
-5 1
+5 1
-5 6
+5 4
cfi=(216)
cfn=(726)
calls=1 24 
* 13
+1 6
-5 1
fi=(224)
1025 2
fe=(214)
708 33
+1 3
-14 9
+2 3
+1 27
+2 21
+13 7
+1 2
cfi=(216)
cfn=(728)
calls=1 54 
* 9
+4 12
-20 9
-6 2
-5 2
+8 1
-3 1
+3 2

fn=(802) _IO_sputbackc
635 1344
+3 576
+1 384
+9 192
+3 960
-10 384
+1 192
+5 192

fn=(834)
601 6
+2 3
+6 3
+3 3
54 2
624 3

fn=(818)
53 2
+1 4
+28 2
cfn=(820) __GI__IO_un_link.part.0
calls=1 -30 
* 86

fn=(820)
52 4
+6 1
-6 2
+6 1
-6 4
+6 4
cfi=(216)
cfn=(726)
calls=1 -34 
* 13
+1 7
+2 1
-1 1
+1 3
+4 2
+9 2
+2 2
-13 4
+14 1
+1 3
+1 2
cfi=(216)
cfn=(728)
calls=1 -25 
* 9
+3 9
-4 5
-12 3
-7 3

fn=(762)
164 30
+1 15
+3 15
+4 10
+1 10
+7 5
-4 5
+4 5
-2 10
+3 5
+1 20

fn=(1610)
842 6
-66 1
+66 6
+1 1
cfn=(1612)
calls=1 686 
* 183
-67 2
+67 1
-67 3
cfi=(216)
cfn=(726)
calls=1 24 
* 13
+1 6
fi=(224)
1025 1
fe=(214)
785 1
-1 1
+1 4
-1 2
+1 25
+9 6
+20 2
+2 4
+1 3
-37 9
+41 7
+1 2
cfi=(216)
cfn=(728)
calls=1 54 
* 9
+33 12
-78 2
+39 24
-2 1
+2 1
-31 6
+7 7
-15 1
+3 2
-3 1
+3 2

fn=(718)
563 539
+1 49
cfn=(720)
calls=49 -33 
* 1129
+1 49
+1 98
+2 1
+4 1
+7 1
+2 1
-9 5
+15 1
+1 6
-1 48
+1 288
-2 96

fn=(746)
269 25
+1 5
-1 5
+1 11
+5 15
+3 5
173 5
278 10
+2 10
+6 10
+7 5
fi=(224)
1025 15
+1 10
fe=(214)
293 10
+1 15
-1 5
cfi=(215)
cfn=(748)
calls=5 462 
* 775
-23 8
+21 15

fl=(125)
fn=(382)
29 1
fi=(118)
+9 2
+1 1
-1 2
+1 2
+3 2
+4 3
+3 3
fe=(125)
-20 1

fl=(196)
fn=(668)
26 5
+1 15
fi=(194)
+26 5
fe=(196)
-26 10
+6 5
cfi=(197)
cfn=(672)
calls=5 +10 
* 282

fl=(116)
fn=(360)
60 1
-17 2
-1 4
+2 3
+2 2
+4 3
+10 1

fl=(136)
fn=(422)
29 1
fi=(290)
+7 5
fe=(136)
-7 1

fl=(187)
fn=(630)
67 7
-26 2
+2 8
+1 2
cfn=(632) __new_exitfn
calls=1 +36 
* 33
+2 2
+8 1
-2 1
+3 1
+1 1
-4 2
+1 1
+4 4
+1 1
+11 6

fn=(632)
80 1
+6 2
-6 4
+11 2
-10 1
+10 4
+2 4
-2 1
+10 1
-10 3
+45 1
+5 3
-4 1
+4 2
-18 1
-1 1
+12 1

fl=(256)
fn=(1108)
33 70
+2 50
+14 93
-9 4
cob=(4)
cfi=(175)
cfn=(558)
calls=1 -40 
* 26
* 3
+7 1
+1 1

fl=(191) ./setjmp/./setjmp/sigjmp.c
fn=(656) __sigjmp_save
28 6
+2 2
-1 1
+5 4

fl=(208)
fn=(698)
262 1
fi=(209) ./malloc/../sysdeps/unix/sysv/linux/not-cancel.h
97 3
fe=(208)
262 7
+5 1
fi=(209)
97 3
fi=(207)
3143 2
fe=(208)
292 2
+4 3
fi=(207)
1946 4
+3 1
-3 1
+3 2
-3 2
+3 126
-3 126
+3 252
-3 252
+11 1
fe=(208)
300 3
fi=(207)
1958 1
+2 1
fe=(208)
300 1
cob=(4)
cfi=(175)
cfn=(558)
calls=1 0 
* 25
+1 4
cob=(4)
cfi=(175)
cfn=(558)
calls=1 0 
* 26
+1 4
cob=(4)
cfi=(175)
cfn=(558)
calls=1 0 
* 25
+1 4
cob=(4)
cfi=(175)
cfn=(558)
calls=1 0 
* 25
+1 4
cob=(4)
cfi=(175)
cfn=(558)
calls=1 0 
* 26
+1 4
cob=(4)
cfi=(175)
cfn=(558)
calls=1 0 
* 25
+1 4
cob=(4)
cfi=(175)
cfn=(558)
calls=1 0 
* 25
+2 4
cob=(4)
cfi=(175)
cfn=(558)
calls=1 0 
* 25
+1 4
cob=(4)
cfi=(175)
cfn=(558)
calls=1 0 
* 25
+1 4
cob=(4)
cfi=(175)
cfn=(558)
calls=1 0 
* 25
+3 4
cob=(4)
cfi=(175)
cfn=(558)
calls=1 0 
* 25
+1 4
cob=(4)
cfi=(175)
cfn=(558)
calls=1 0 
* 25
+2 2
+10 8

fl=(222)
fn=(752)
78 11
+6 4
fi=(224)
1025 3
+1 2
fe=(222)
84 3
cfi=(215)
cfn=(754)
calls=1 1147 
* 9
* 2
+2 4
+11 4
+4 2
cob=(4)
cfi=(175)
cfn=(692)
calls=1 0 
* 179
* 1
+1 2
+2 4
cfi=(214)
cfn=(758)
calls=1 329 
* 29
+1 1
+1 9

fl=(83)
fn=(284)
31 2
fi=(84)
+9 6
-2 8
fe=(83)
-7 4
fi=(84)
+10 4
+1 6
+3 4
+4 6
+3 10
fe=(83)

fl=(232)
fn=(798)
278 624
+10 240
+1 48
fi=(236) ./stdio-common/../include/scratch_buffer.h
78 48
fe=(232)
289 48
fi=(236)
77 96
fe=(232)
339 48
fi=(236)
77 48
fe=(232)
339 192
+6 144
+3 192
+4 48
+20 96
-20 48
+13 48
-6 48
+8 96
-8 48
+8 48
+5 96
-5 48
+5 144
cfi=(216)
cfn=(726)
calls=48 24 
* 624
* 144
+9 48
fi=(291) ./stdio-common/../string/bits/string_fortified.h
59 48
fe=(232)
381 144
-49 48
-48 48
-1 48
+10 48
-11 48
+46 48
-1 48
-1 48
-1 48
-12 48
-30 96
419 288
+24 288
+1 288
+3 240
+7 384
+8 48
-8 48
+8 96
+8 96
-27 96
-62 576
3094 288
+3 96
223 96
-17 96
+17 96
-1 96
489 96
222 192
489 192
222 96
489 192
-6 96
fi=(233) ./stdio-common/./stdio-common/printf-parse.h
55 576
fe=(232)
506 480
345 96
3104 192
cfi=(216)
cfn=(728)
calls=48 54 
* 432
fi=(236)
85 192
fe=(232)
3108 96
+17 96
+6 576
660 192
+4 192
+1 576
+4 96
+1 288
-1 96
+1 672
+6 576
+3 192
-3 96
+3 384
-3 192
+4 768
+1 480
+4 288
-4 288
cfi=(214)
cfn=(802)
calls=96 -46 
* 2112
+4 1152
530 96
+3 864
+13 288
+8 96
-21 192
1449 576
+5 96
-5 96
+5 192
+9 672
+2 128
260 64
1465 128
260 128
+3 192
1469 448
+2 512
+12 128
+10 128
1812 384
+9 96
fi=(236)
113 384
fe=(232)
1821 192
fi=(236)
113 288
fe=(232)
1814 1688
260 1496
1876 748
260 1496
+3 2244
1878 2992
+2 6732
-68 1880
231 96
1883 192
206 96
1890 192
214 192
1891 192
+28 672
cfi=(214)
cfn=(802)
calls=96 635 
* 2112
* 288
260 192
+3 288
1923 192
1741 192
1941 192
206 96
1741 192
1940 288
+7 288
+3 480
+6 96
-4 192
+18 864
+9 192
3083 96
-5 192
1816 4316
1497 64
1812 192
1500 288
1944 96
cfi=(234) ./stdlib/../stdlib/strtol.c
cfn=(804) __strtoul_internal
calls=96 107 
* 25540
* 288
+25 192
+1 288

fl=(230)
fn=(792)
36 480
+4 96
+1 96
cob=(4)
cfi=(175)
cfn=(794)
calls=48 -41 
* 1520
* 48
+5 240
cfi=(214)
cfn=(758)
calls=48 329 
* 1392
+5 144
-3 48
+1 48
+1 48
+3 48
+1 48
+1 48
+9 48
+1 288
-14 192

fl=(127)
fn=(394)
29 2
fi=(84)
+11 6
-2 8
fe=(127)
-9 4
fi=(84)
+12 4
+1 6
+3 4
+4 6
+3 10
fe=(127)

fl=(243)
fn=(852)
24 1
+7 1
-7 1
+7 3
+7 1
-3 1
+3 1

fl=(192)
fn=(660)
27 1
+2 6
+14 1

fl=(94)
fn=(308)
29 1
fi=(93)
+28 3
-1 2
+4 3
+14 2
+3 2
+8 2
+8 2
+3 5
fe=(94)

fl=(190)
fn=(654)
31 1
+2 1
+9 1
+1 2
+1 1
+4 1
+1 1
+1 1
+1 1
+1 1
+2 2
+2 1
+1 1
+1 1
+2 2
+2 1
+5 1
+1 1
+17 1
cfi=(191)
cfn=(656)
calls=1 -57 
* 13

fl=(100)
fn=(324)
31 2
fi=(101)
+9 6
-2 8
fi=(102) ./wcsmbs/../sysdeps/x86_64/multiarch/wcschr.c
-7 4
fi=(101)
+10 4
+1 6
+3 4
+4 6
+3 10
fe=(100)

fn=(390)
31 1
fi=(97)
+9 3
-1 4
+2 3
+3 2
+4 4
fe=(100)
-17 1

fl=(108)
fn=(344)
31 1
fi=(109) ./string/../sysdeps/x86_64/multiarch/ifunc-strncpy.h
+4 5
+1 3
+3 2
+4 3
+3 4
fe=(108)
-15 1

fl=(234)
fn=(804)
107 96
+1 384
cfi=(235) ./stdlib/../stdlib/strtol_l.c
cfn=(806) ____strtoul_l_internal
calls=96 238 
* 25060

fl=(271)
fn=(1512)
77 1
+3 3
+2 1
+2 2
-7 4
+11 2
+91 1
+3 1
+2 1
+3 1
-63 1
+66 3
-93 2
+11 4
+4 1
+3 2
-71 1
+1 7
+1 1
+84 3
+1 2

fl=(117)
fn=(362)
29 1
fi=(118)
+9 2
+1 1
-1 2
+1 2
+3 2
+4 3
+3 3
fe=(117)
-20 1

fl=(255)
fn=(1104)
26 2
+1 12
+1 2

fl=(139)
fn=(432)
31 1
fi=(114)
+6 2
-1 4
fe=(139)
-5 2
fi=(114)
+7 3
+3 2
+4 3
+3 4
fe=(139)

fl=(216)
fn=(726)
24 52
+1 52
+2 104
+2 104
+3 104
+14 156
+2 52
+1 52

fn=(728)
54 52
+1 52
+2 104
+2 52
+1 156
+11 52

fl=(110)
fn=(348)
31 2
fi=(111) ./wcsmbs/../sysdeps/x86_64/multiarch/ifunc-evex.h
+7 6
-1 8
+2 6
+6 4
-3 4
+9 6
+3 8
fe=(110)
-23 2

fl=(95)
fn=(312)
29 1
fi=(84)
+11 3
-2 4
fe=(95)
-9 2
fi=(84)
+12 2
+1 3
+3 2
+4 3
+3 5
fe=(95)

fl=(217)
fn=(734)
28 2
+3 1
-3 6
+3 6
+8 7
+2 5

fl=(235)
fn=(806)
238 480
+54 96
-54 96
+19 96
-19 384
+14 96
-14 288
+26 192
+31 384
+9 576
+2 192
+5 192
-1 96
+6 192
+4 192
+15 64
+55 96
+1 96
+4 32
+56 160
+26 32
+1 32
-84 32
-1 32
+96 64
-12 64
+1 64
-84 64
-1 64
+96 128
-5 1624
+5 812
+1 2436
-41 1624
+2 3248
+2 2436
+7 156
+17 156
+1 156
+3 2436
+3 1624
+11 192
+5 288
+1 96
+12 192
+11 480
+22 864
342 64
+48 32
258 32
387 64
-65 448
+5 128
+63 64
+1 128
-1 64
+1 192
+4 128
-63 320

fl=(202)
fn=(682)
23 1
+2 2

fl=(128)
fn=(398)
29 1
fi=(109)
+6 5
+1 3
+3 2
+4 3
+3 4
fe=(128)
-17 1

fl=(247)
fn=(862)
47 11
+3 22
-3 66
+6 22
+5 66
+2 44
-7 55

fl=(249)
fn=(868)
25 3
+1 6
+1 3

fl=(86)
fn=(290)
79 1
-31 2
+1 1
-2 4
+2 2
+3 2
+4 3
+3 3
+20 1

fl=(115)
fn=(358)
29 1
fi=(290)
+7 5
fe=(115)
-7 1

fl=(134)
fn=(418)
29 1
fi=(135) ./string/../sysdeps/x86_64/multiarch/ifunc-evex.h
+9 3
-1 4
+2 3
+6 2
-3 2
+9 3
+3 4
fe=(134)
-25 1

fl=(225)
fn=(766)
25 5
+1 20
+1 5

ob=(3)
fl=(153)
fn=(476)
27 1
fi=(142) ./math/../sysdeps/x86_64/fpu/multiarch/ifunc-fma.h
+2 4
+1 3
fe=(153)
-3 1

fl=(158)
fn=(496)
49 6

fl=(146)
fn=(452)
34 1
fi=(144) ./math/../sysdeps/x86_64/fpu/multiarch/ifunc-avx-fma4.h
-2 5
+1 2
fe=(146)
+1 1

fn=(514)
27 2
fi=(144)
+5 10
+1 4
fe=(146)
-6 2

fl=(145)
fn=(448)
27 1
fi=(142)
+2 4
+1 3
fe=(145)
-3 1

fl=(151)
fn=(472)
27 1
fi=(152) ./math/../sysdeps/x86_64/fpu/multiarch/ifunc-fma4.h
+4 4
+1 2
fe=(151)
-5 1

fl=(265)
fn=(1320)
29 27
+1 108
+8 27
cob=(4)
cfi=(175)
cfn=(1322)
calls=27 -38 
* 1946

fl=(261)
fn=(1150)
98 196
fi=(262) ./math/../sysdeps/ieee754/dbl-64/math_config.h
-13 196
fe=(261)
+3 392
+16 196
+1 588
+30 544
+16 136
fi=(262)
-66 136
fe=(261)
+52 136
+14 136
-12 136
+2 136
+1 136
-3 136
+2 136
+1 136
+9 136
-10 136
+10 136
-6 136
+3 136
+3 544
+1 272
fi=(262)
-55 122
fe=(261)
+60 244
-49 148
+4 148
+2 180
+2 120
+3 60
-1 120
-67 28
fi=(262)
+46 14
fe=(261)
-34 14
fi=(262)
+34 28
fe=(261)
-35 28
+1 28
+17 11
fi=(262)
189 11
cfi=(263) ./math/../sysdeps/ieee754/dbl-64/math_err.c
cfn=(1198) __math_check_uflow
calls=11 -99 
* 66
* 3
cfi=(263)
cfn=(1198)
calls=3 -99 
* 27
fe=(261)
-65 28
-53 3
-1 6
+2 6
+3 3
-3 3
+1 6
+2 9
+3 9
fi=(262)
182 9
fe=(261)
-63 60
cfi=(263)
cfn=(1182) __math_uflow
calls=60 -67 
* 660

fl=(266)
fn=(1324)
184 27
+5 81
+1 54
+2 81
+4 54
+11 52
-23 126
+41 42
+18 16
+18 2
+19 2
-81 1
-2 1
+1 3
+1 1
-1 3
+2 1
-2 1
+2 3
+1 1
+2 1
+23 13
+1 13
-1 39
+1 52
+5 13
-1 26
+1 13
-4 13
+3 13
-1 13
+1 26
-1 13
+1 13
-1 39
+1 13
-1 13
-1 13
+1 26
-1 13
+1 26
+2 13
+2 13
-2 13
+2 13
-4 13
+3 13
+1 39
+56 42
+1 42
+1 21
+39 126
208 14
+2 25
+4 10
-1 5
+1 5
-3 5
+3 5
-1 5
+1 5
-1 10
+1 5
-1 5
-1 5
+1 15
-1 5
+1 10
+1 5
+2 5
-2 5
+2 5
-3 5
+2 5
+1 25
+1 10
+1 5
+2 5
+24 28
+1 7
-1 7
+1 28
+5 7
-1 14
+1 7
-4 7
+3 28
-1 7
+1 14
-1 14
+1 7
-1 14
+1 7
-1 7
-1 7
+1 14
-1 7
+1 14
+2 7
+2 7
-2 7
+2 7
-4 7
+3 7
+1 21
-43 20
+72 1
+1 1
-1 5
+1 4
+6 1
-1 1
+1 1
-5 1
+4 5
-1 1
+1 2
-1 2
+1 1
-1 1
-1 1
+2 1
-2 2
+2 1
-2 2
+1 1
-1 1
-1 1
+1 2
-1 1
+1 2
+3 2
-3 1
+4 1
+1 5

fl=(157)
fn=(492)
26 1
fi=(142)
+3 4
+1 3
fe=(157)
-4 1

fl=(258)
fn=(1130)
31 169430
+1 508290
+9 169430
cob=(4)
cfi=(175)
cfn=(1132)
calls=169430 -41 
* 7921400

fl=(263)
fn=(1184) xflow
46 240
+1 60
cfn=(1186) with_errno.constprop.0
calls=60 -18 
* 180

fn=(1186)
29 126
+2 63

fn=(1182)
52 60
+1 120
cfn=(1184)
calls=60 -7 
* 480

fn=(1198)
90 14
+1 56
+1 11
-1 3
cfn=(1186)
calls=3 -62 
* 9

fl=(150)
fn=(468)
30 1
fi=(142)
-1 4
+1 4
fe=(150)

fl=(161)
fn=(510)
26 1
fi=(144)
+6 5
+1 2
fe=(161)
-7 1

fl=(156)
fn=(498)
27 1
fi=(152)
+4 4
+1 2
fe=(156)
-5 1

fn=(488)
35 1
fi=(152)
-4 4
+1 2
+3 1
fe=(156)

fl=(143)
fn=(444)
27 1
fi=(144)
+5 5
+1 2
fe=(143)
-6 1

fl=(149)
fn=(464)
26 1
fi=(142)
+3 4
+1 3
fe=(149)
-4 1

fl=(183)
fn=(1602) 0x0000000000010430
0 5

fn=(606)
0 12

fn=(1592)
0 9
cob=(4)
cfi=(175)
cfn=(1598)
calls=1 0 
0 80
0 1
cfn=(1602)
calls=1 0 
0 5
0 3

fl=(159)
fn=(502)
26 2
fi=(142)
+3 8
+1 6
fe=(159)
-4 2

fl=(148)
fn=(460)
27 1
fi=(142)
+2 4
+1 3
fe=(148)
-3 1

fl=(154)
fn=(480)
26 1
fi=(142)
+3 4
+1 3
fe=(154)
-4 1

fl=(147)
fn=(456)
27 1
fi=(142)
+2 4
+1 3
fe=(147)
-3 1

fl=(260)
fn=(1146)
31 1176
+1 196
cob=(4)
cfi=(175)
cfn=(1148)
calls=196 -32 
* 7562
+1 1960
+4 588
-4 252
+2 126
+1 63

fl=(259)
fn=(1134)
49 169430
+12 169430
fi=(262)
+24 169430
fe=(259)
-24 169430
-22 169430
+22 169430
-22 169430
+22 338860
+24 452250
+17 150750
+4 150750
+13 150750
-5 150750
-12 150750
+20 150750
+8 150750
-27 150750
+27 150750
-27 150750
+3 603000
-1 301500
-1 150750
+1 150750
+14 150750
-5 150750
+8 150750
-8 150750
+16 150750
-7 150750
+4 150750
-3 452250
+6 904500
+1 150750
-66 56040
+2 7859
+3 7859
+1 7859
-1 7859
+1 7859
+1 7859
-4 7859
+4 7859
-2 7859
+1 7859
-2 7859
+3 23577
+3 7859
-4 7859
+4 23577
+2 15718
-1 7859
+2 15718
+1 7859
+1 7859
-1 7859
+1 15718
+1 7859
+1 7859
+1 7859
-17 10821
+66 10821

fl=(141)
fn=(440)
26 1
fi=(142)
+3 4
+1 3
fe=(141)
-4 1

fl=(160)
fn=(506)
27 1
fi=(142)
+2 4
+1 3
fe=(160)
-3 1

fl=(162)
fn=(518)
26 1
fi=(152)
+5 4
+1 2
fe=(162)
-6 1

fl=(155)
fn=(484)
27 1
fi=(144)
+5 5
+1 2
fe=(155)
-6 1

totals: 425472929
