run	program	case_id	kind	threads_requested	effective_compute_threads	spawned_helpers	active_workers	repeat	timed	diagnostics_enabled	boundary	status	canonical_gate	oracle_status	oracle_contract_status	exit_status	started_utc	wall_seconds	cpu_user_seconds	cpu_system_seconds	peak_rss_bytes	rss_after_bytes	process_lifetime_peak_rss_bytes	linear_memory_after_bytes	raw_output_sha256	raw_output_bytes	output	reason
initial-audit	blastn	PesePMNV.MjPMNV.task_blastn	native	1				0	False	False	cold-process-through-teardown	PASS	PASS	PASS		0		0.2250404649967095	0.15	0.01	32591872				fcd9236c7b02488d868feaf35166a472c73e9f9e6cc45fc6d7449a9edc7d4120	18573	/mnt/c/Users/genom/GitHub/LOSAT/docs/wasm-performance/PR01/initial-audit/blastn/PesePMNV.MjPMNV.task_blastn/native-1/repeat-0/output.txt	
initial-audit	blastn	PesePMNV.MjPMNV.task_blastn	serial	1	1			0	False	False	cold-process-through-teardown	PASS	PASS	PASS		0		0.7243970840027032	0.82	0.03	119234560				fcd9236c7b02488d868feaf35166a472c73e9f9e6cc45fc6d7449a9edc7d4120	18573	/mnt/c/Users/genom/GitHub/LOSAT/docs/wasm-performance/PR01/initial-audit/blastn/PesePMNV.MjPMNV.task_blastn/serial-1/repeat-0/output.txt	
initial-audit	blastn	PmeNMV.MjPMNV.task_blastn	native	1				0	False	False	cold-process-through-teardown	PASS	PASS	PASS		0		0.2302073079990805	0.15	0.01	32464896				ef6a0a0e86db2a125161d7dde38e00ae168c063533abdb7f094b433ead1d4f6c	16148	/mnt/c/Users/genom/GitHub/LOSAT/docs/wasm-performance/PR01/initial-audit/blastn/PmeNMV.MjPMNV.task_blastn/native-1/repeat-0/output.txt	
initial-audit	blastn	PmeNMV.MjPMNV.task_blastn	serial	1	1			0	False	False	cold-process-through-teardown	PASS	PASS	PASS		0		0.6721735149985761	0.76	0.04	113451008				ef6a0a0e86db2a125161d7dde38e00ae168c063533abdb7f094b433ead1d4f6c	16148	/mnt/c/Users/genom/GitHub/LOSAT/docs/wasm-performance/PR01/initial-audit/blastn/PmeNMV.MjPMNV.task_blastn/serial-1/repeat-0/output.txt	
initial-audit	blastn	PmeNMV.PesePMNV.task_blastn	native	1				0	False	False	cold-process-through-teardown	PASS	PASS	PASS		0		0.4926888740010327	0.29	0.01	35774464				228c992d1872254ca395361913b410ea247d61ab9bece993708b716d5a388d1d	106981	/mnt/c/Users/genom/GitHub/LOSAT/docs/wasm-performance/PR01/initial-audit/blastn/PmeNMV.PesePMNV.task_blastn/native-1/repeat-0/output.txt	
initial-audit	blastn	PmeNMV.PesePMNV.task_blastn	serial	1	1			0	False	False	cold-process-through-teardown	PASS	PASS	PASS		0		1.5262725389984553	1.47	0.04	119648256				228c992d1872254ca395361913b410ea247d61ab9bece993708b716d5a388d1d	106981	/mnt/c/Users/genom/GitHub/LOSAT/docs/wasm-performance/PR01/initial-audit/blastn/PmeNMV.PesePMNV.task_blastn/serial-1/repeat-0/output.txt	
initial-audit	blastn	PeseMJNV.PemoMJNVB.task_blastn	native	1				0	False	False	cold-process-through-teardown	PASS	PASS	PASS		0		1.9798753610011772	1.86	0.02	53145600				23b71f4868c442c8e026de8437906037d7d3daaf9a2ba7967570999d5b937adb	867639	/mnt/c/Users/genom/GitHub/LOSAT/docs/wasm-performance/PR01/initial-audit/blastn/PeseMJNV.PemoMJNVB.task_blastn/native-1/repeat-0/output.txt	
initial-audit	blastn	PeseMJNV.PemoMJNVB.task_blastn	serial	1	1			0	False	False	cold-process-through-teardown	PASS	PASS	PASS		0		7.977845662997424	7.97	0.07	128995328				23b71f4868c442c8e026de8437906037d7d3daaf9a2ba7967570999d5b937adb	867639	/mnt/c/Users/genom/GitHub/LOSAT/docs/wasm-performance/PR01/initial-audit/blastn/PeseMJNV.PemoMJNVB.task_blastn/serial-1/repeat-0/output.txt	
initial-audit	blastn	MelaMJNV.PemoMJNVA.task_blastn	native	1				0	False	False	cold-process-through-teardown	PASS	PASS	PASS		0		0.534380183002213	0.48	0.0	34832384				640cf71da6db41c035da8b18fae44672f928abe49600120f4ca0eb04c99879f7	201413	/mnt/c/Users/genom/GitHub/LOSAT/docs/wasm-performance/PR01/initial-audit/blastn/MelaMJNV.PemoMJNVA.task_blastn/native-1/repeat-0/output.txt	
initial-audit	blastn	MelaMJNV.PemoMJNVA.task_blastn	serial	1	1			0	False	False	cold-process-through-teardown	PASS	PASS	PASS		0		1.7820094009985041	1.9	0.03	113348608				640cf71da6db41c035da8b18fae44672f928abe49600120f4ca0eb04c99879f7	201413	/mnt/c/Users/genom/GitHub/LOSAT/docs/wasm-performance/PR01/initial-audit/blastn/MelaMJNV.PemoMJNVA.task_blastn/serial-1/repeat-0/output.txt	
initial-audit	blastn	PemoMJNVA.PeseMJNV.task_blastn	native	1				0	False	False	cold-process-through-teardown	PASS	PASS	PASS		0		1.4351269979997596	1.37	0.02	46931968				f4ffd5d0451fa94376313c9b44d0ef237ef2aa2cb348a700d0280c9db84a59e5	219724	/mnt/c/Users/genom/GitHub/LOSAT/docs/wasm-performance/PR01/initial-audit/blastn/PemoMJNVA.PeseMJNV.task_blastn/native-1/repeat-0/output.txt	
initial-audit	blastn	PemoMJNVA.PeseMJNV.task_blastn	serial	1	1			0	False	False	cold-process-through-teardown	PASS	PASS	PASS		0		5.9431551639972895	6.1	0.06	117325824				f4ffd5d0451fa94376313c9b44d0ef237ef2aa2cb348a700d0280c9db84a59e5	219724	/mnt/c/Users/genom/GitHub/LOSAT/docs/wasm-performance/PR01/initial-audit/blastn/PemoMJNVA.PeseMJNV.task_blastn/serial-1/repeat-0/output.txt	
initial-audit	blastn	MjeNMV.MelaMJNV.task_blastn	native	1				0	False	False	cold-process-through-teardown	PASS	PASS	PASS		0		0.9272715730003256	0.87	0.01	45727744				f83cb49246648cc641cbe638735d79eaecb24de0064699d54b52d69d74619058	199140	/mnt/c/Users/genom/GitHub/LOSAT/docs/wasm-performance/PR01/initial-audit/blastn/MjeNMV.MelaMJNV.task_blastn/native-1/repeat-0/output.txt	
initial-audit	blastn	MjeNMV.MelaMJNV.task_blastn	serial	1	1			0	False	False	cold-process-through-teardown	PASS	PASS	PASS		0		3.391224355000304	3.55	0.02	128663552				f83cb49246648cc641cbe638735d79eaecb24de0064699d54b52d69d74619058	199140	/mnt/c/Users/genom/GitHub/LOSAT/docs/wasm-performance/PR01/initial-audit/blastn/MjeNMV.MelaMJNV.task_blastn/serial-1/repeat-0/output.txt	
initial-audit	blastn	MjPMNV.MlPMNV.task_blastn	native	1				0	False	False	cold-process-through-teardown	PASS	PASS	PASS		0		11.289328566999757	10.83	0.03	113332224				6664b0f838fdaafa1d2d93a373375bc68acd759d73d4a8db5ea05b481d3c520e	4238974	/mnt/c/Users/genom/GitHub/LOSAT/docs/wasm-performance/PR01/initial-audit/blastn/MjPMNV.MlPMNV.task_blastn/native-1/repeat-0/output.txt	
initial-audit	blastn	MjPMNV.MlPMNV.task_blastn	serial	1	1			0	False	False	cold-process-through-teardown	PASS	PASS	PASS		0		47.070624279000185	47.07	0.11	173899776				6664b0f838fdaafa1d2d93a373375bc68acd759d73d4a8db5ea05b481d3c520e	4238974	/mnt/c/Users/genom/GitHub/LOSAT/docs/wasm-performance/PR01/initial-audit/blastn/MjPMNV.MlPMNV.task_blastn/serial-1/repeat-0/output.txt	
initial-audit	blastn	NZ_CP006932.NZ_CP006932.task_blastn	native	1				0	False	False	cold-process-through-teardown	PASS	PASS	PASS		0		8.2512828910003	8.02	0.11	226902016				723d7a8f515cb6d853758d4ccc7054c7cebd3b84ef5932f816d7b9bed0bab8c3	994393	/mnt/c/Users/genom/GitHub/LOSAT/docs/wasm-performance/PR01/initial-audit/blastn/NZ_CP006932.NZ_CP006932.task_blastn/native-1/repeat-0/output.txt	
initial-audit	blastn	NZ_CP006932.NZ_CP006932.task_blastn	serial	1	1			0	False	False	cold-process-through-teardown	PASS	PASS	PASS		0		26.205726549000246	27.98	0.52	291602432				723d7a8f515cb6d853758d4ccc7054c7cebd3b84ef5932f816d7b9bed0bab8c3	994393	/mnt/c/Users/genom/GitHub/LOSAT/docs/wasm-performance/PR01/initial-audit/blastn/NZ_CP006932.NZ_CP006932.task_blastn/serial-1/repeat-0/output.txt	
initial-audit	blastn	EDL933.Sakai.megablast	native	1				0	False	False	cold-process-through-teardown	PASS	PASS	PASS		0		1.429821992998768	1.28	0.08	232235008				3a000ebc6294d85b000112cee74f8de78fd9e932532e8c07a17d84f6f1379b16	473434	/mnt/c/Users/genom/GitHub/LOSAT/docs/wasm-performance/PR01/initial-audit/blastn/EDL933.Sakai.megablast/native-1/repeat-0/output.txt	
initial-audit	blastn	EDL933.Sakai.megablast	serial	1	1			0	False	False	cold-process-through-teardown	PASS	PASS	PASS		0		2.484833955000795	2.77	0.06	315830272				3a000ebc6294d85b000112cee74f8de78fd9e932532e8c07a17d84f6f1379b16	473434	/mnt/c/Users/genom/GitHub/LOSAT/docs/wasm-performance/PR01/initial-audit/blastn/EDL933.Sakai.megablast/serial-1/repeat-0/output.txt	
initial-audit	blastn	Sakai.MG1655.megablast	native	1				0	False	False	cold-process-through-teardown	PASS	PASS	PASS		0		1.431601115000376	1.3	0.06	229289984				3f27c1f1396b59ecb7e78827b5da390e9c97a276c05cbc7a6c82f56bd0a03262	536922	/mnt/c/Users/genom/GitHub/LOSAT/docs/wasm-performance/PR01/initial-audit/blastn/Sakai.MG1655.megablast/native-1/repeat-0/output.txt	
initial-audit	blastn	Sakai.MG1655.megablast	serial	1	1			0	False	False	cold-process-through-teardown	PASS	PASS	PASS		0		2.3347975369979395	2.47	0.14	316104704				3f27c1f1396b59ecb7e78827b5da390e9c97a276c05cbc7a6c82f56bd0a03262	536922	/mnt/c/Users/genom/GitHub/LOSAT/docs/wasm-performance/PR01/initial-audit/blastn/Sakai.MG1655.megablast/serial-1/repeat-0/output.txt	
initial-audit	blastn	compact.multi_query.outfmt6	native	1				0	False	False	cold-process-through-teardown	PASS	PASS	PASS		0		0.02083588499954203	0.0	0.0	4526080				ac4a20b64c8da3eaea725ed09dc89880294f58e971b7207c943489faacdbe03e	154	/mnt/c/Users/genom/GitHub/LOSAT/docs/wasm-performance/PR01/initial-audit/blastn/compact.multi_query.outfmt6/native-1/repeat-0/output.txt	
initial-audit	blastn	compact.multi_query.outfmt6	serial	1	1			0	False	False	cold-process-through-teardown	PASS	PASS	PASS		0		0.27492175600127666	0.3	0.02	103661568				ac4a20b64c8da3eaea725ed09dc89880294f58e971b7207c943489faacdbe03e	154	/mnt/c/Users/genom/GitHub/LOSAT/docs/wasm-performance/PR01/initial-audit/blastn/compact.multi_query.outfmt6/serial-1/repeat-0/output.txt	
initial-audit	blastn	compact.multi_query.outfmt7	native	1				0	False	False	cold-process-through-teardown	PASS	PASS	PASS		0		0.025721688998601167	0.0	0.0	4575232				261381e12bd500fe23c2caf7e7146acb310e7733d5246497b08c4c5ab058a70a	944	/mnt/c/Users/genom/GitHub/LOSAT/docs/wasm-performance/PR01/initial-audit/blastn/compact.multi_query.outfmt7/native-1/repeat-0/output.txt	
initial-audit	blastn	compact.multi_query.outfmt7	serial	1	1			0	False	False	cold-process-through-teardown	PASS	PASS	PASS		0		0.27680629799942835	0.36	0.03	106221568				261381e12bd500fe23c2caf7e7146acb310e7733d5246497b08c4c5ab058a70a	944	/mnt/c/Users/genom/GitHub/LOSAT/docs/wasm-performance/PR01/initial-audit/blastn/compact.multi_query.outfmt7/serial-1/repeat-0/output.txt	
initial-audit	blastn	compact.multi_query.no_hit.outfmt7	native	1				0	False	False	cold-process-through-teardown	PASS	PASS	PASS		0		0.026063440996949794	0.0	0.0	4710400				b5813f5d8b0ce88287d41333ae5540c3dfd2846069ddb2e4955d64e39dc45d3a	492	/mnt/c/Users/genom/GitHub/LOSAT/docs/wasm-performance/PR01/initial-audit/blastn/compact.multi_query.no_hit.outfmt7/native-1/repeat-0/output.txt	
initial-audit	blastn	compact.multi_query.no_hit.outfmt7	serial	1	1			0	False	False	cold-process-through-teardown	PASS	PASS	PASS		0		0.2766369869968912	0.28	0.03	89116672				b5813f5d8b0ce88287d41333ae5540c3dfd2846069ddb2e4955d64e39dc45d3a	492	/mnt/c/Users/genom/GitHub/LOSAT/docs/wasm-performance/PR01/initial-audit/blastn/compact.multi_query.no_hit.outfmt7/serial-1/repeat-0/output.txt	
initial-audit	blastp	pairwise_default_serial	native	1				0	False	False	cold-process-through-teardown	PASS	PASS	PASS		0		1.1792464819991437	1.12	0.0	26988544				fd4b010800e32ce6c823cb38b42a10b7845f3342edae892acccc8f554f9edf34	29641	/mnt/c/Users/genom/GitHub/LOSAT/docs/wasm-performance/PR01/initial-audit/blastp/pairwise_default_serial/native-1/repeat-0/output.txt	
initial-audit	blastp	pairwise_default_serial	serial	1	1			0	False	False	cold-process-through-teardown	PASS	PASS	PASS		0		1.9298613669998304	2.21	0.07	119574528				fd4b010800e32ce6c823cb38b42a10b7845f3342edae892acccc8f554f9edf34	29641	/mnt/c/Users/genom/GitHub/LOSAT/docs/wasm-performance/PR01/initial-audit/blastp/pairwise_default_serial/serial-1/repeat-0/output.txt	
initial-audit	blastp	pairwise_limit1_serial	native	1				0	False	False	cold-process-through-teardown	PASS	PASS	PASS		0		1.1795320530000026	1.12	0.0	27152384				2825ce099d7858d7d23a811bff98f4c42fee96c9519003ee936f25855648d3af	5782	/mnt/c/Users/genom/GitHub/LOSAT/docs/wasm-performance/PR01/initial-audit/blastp/pairwise_limit1_serial/native-1/repeat-0/output.txt	
initial-audit	blastp	pairwise_limit1_serial	serial	1	1			0	False	False	cold-process-through-teardown	PASS	PASS	PASS		0		1.8819147989997873	2.13	0.08	124452864				2825ce099d7858d7d23a811bff98f4c42fee96c9519003ee936f25855648d3af	5782	/mnt/c/Users/genom/GitHub/LOSAT/docs/wasm-performance/PR01/initial-audit/blastp/pairwise_limit1_serial/serial-1/repeat-0/output.txt	
initial-audit	blastp	pairwise_limit5_serial	native	1				0	False	False	cold-process-through-teardown	PASS	PASS	PASS		0		1.1824315400008345	1.1	0.0	27041792				cd02727a3d7bd2548e1db2759a96b6be72ab0709e7bb0e2179312c01d42419c7	23344	/mnt/c/Users/genom/GitHub/LOSAT/docs/wasm-performance/PR01/initial-audit/blastp/pairwise_limit5_serial/native-1/repeat-0/output.txt	
initial-audit	blastp	pairwise_limit5_serial	serial	1	1			0	False	False	cold-process-through-teardown	PASS	PASS	PASS		0		1.8818158060021233	2.04	0.11	119828480				cd02727a3d7bd2548e1db2759a96b6be72ab0709e7bb0e2179312c01d42419c7	23344	/mnt/c/Users/genom/GitHub/LOSAT/docs/wasm-performance/PR01/initial-audit/blastp/pairwise_limit5_serial/serial-1/repeat-0/output.txt	
initial-audit	blastp	pairwise_nohit_serial	native	1				0	False	False	cold-process-through-teardown	PASS	PASS	PASS		0		1.0794281550006417	0.99	0.0	27754496				8c39d7c6c27963e78c01fac416bd86542b64501301919bd74df280e31aa6f4b8	20354	/mnt/c/Users/genom/GitHub/LOSAT/docs/wasm-performance/PR01/initial-audit/blastp/pairwise_nohit_serial/native-1/repeat-0/output.txt	
initial-audit	blastp	pairwise_nohit_serial	serial	1	1			0	False	False	cold-process-through-teardown	PASS	PASS	PASS		0		1.7802884960001393	2.0	0.07	111316992				8c39d7c6c27963e78c01fac416bd86542b64501301919bd74df280e31aa6f4b8	20354	/mnt/c/Users/genom/GitHub/LOSAT/docs/wasm-performance/PR01/initial-audit/blastp/pairwise_nohit_serial/serial-1/repeat-0/output.txt	
initial-audit	blastp	pairwise_default_thread4	native	4				0	False	False	cold-process-through-teardown	PASS	PASS	PASS		0		0.47894392399757635	1.37	0.01	30597120				fd4b010800e32ce6c823cb38b42a10b7845f3342edae892acccc8f554f9edf34	29641	/mnt/c/Users/genom/GitHub/LOSAT/docs/wasm-performance/PR01/initial-audit/blastp/pairwise_default_thread4/native-1/repeat-0/output.txt	
initial-audit	blastp	all_hsp_forward_serial	native	1				0	False	False	cold-process-through-teardown	PASS	PASS	PASS		0		1.129061620998982	1.06	0.01	27205632				a6d38a3200c9570726550a12858101d1eaa414dca236f925da5651e95d819b5d	33167	/mnt/c/Users/genom/GitHub/LOSAT/docs/wasm-performance/PR01/initial-audit/blastp/all_hsp_forward_serial/native-1/repeat-0/output.txt	
initial-audit	blastp	all_hsp_forward_serial	serial	1	1			0	False	False	cold-process-through-teardown	PASS	PASS	PASS		0		1.9321758719997888	2.21	0.08	119373824				a6d38a3200c9570726550a12858101d1eaa414dca236f925da5651e95d819b5d	33167	/mnt/c/Users/genom/GitHub/LOSAT/docs/wasm-performance/PR01/initial-audit/blastp/all_hsp_forward_serial/serial-1/repeat-0/output.txt	
initial-audit	blastp	all_hsp_reverse_limit5_serial	native	1				0	False	False	cold-process-through-teardown	PASS	PASS	PASS		0		1.379866592000326	1.3	0.02	30175232				2db7a6604c7d44731e69f75546340b127037e63fe56ad9370e7d64849ad7162d	27958	/mnt/c/Users/genom/GitHub/LOSAT/docs/wasm-performance/PR01/initial-audit/blastp/all_hsp_reverse_limit5_serial/native-1/repeat-0/output.txt	
initial-audit	blastp	all_hsp_reverse_limit5_serial	serial	1	1			0	False	False	cold-process-through-teardown	PASS	PASS	PASS		0		2.1323153259982064	2.35	0.11	128450560				2db7a6604c7d44731e69f75546340b127037e63fe56ad9370e7d64849ad7162d	27958	/mnt/c/Users/genom/GitHub/LOSAT/docs/wasm-performance/PR01/initial-audit/blastp/all_hsp_reverse_limit5_serial/serial-1/repeat-0/output.txt	
initial-audit	blastp	all_hsp_self_serial	native	1				0	False	False	cold-process-through-teardown	PASS	PASS	PASS		0		1.5824722110010043	1.53	0.0	27000832				67911f4a93327e9622afe10d15a66d9e52ae8e1c3d905db9ca5fb018d6612e46	35004	/mnt/c/Users/genom/GitHub/LOSAT/docs/wasm-performance/PR01/initial-audit/blastp/all_hsp_self_serial/native-1/repeat-0/output.txt	
initial-audit	blastp	all_hsp_self_serial	serial	1	1			0	False	False	cold-process-through-teardown	PASS	PASS	PASS		0		2.685447038998973	2.94	0.12	124760064				67911f4a93327e9622afe10d15a66d9e52ae8e1c3d905db9ca5fb018d6612e46	35004	/mnt/c/Users/genom/GitHub/LOSAT/docs/wasm-performance/PR01/initial-audit/blastp/all_hsp_self_serial/serial-1/repeat-0/output.txt	
initial-audit	blastp	all_hsp_forward_thread4	native	4				0	False	False	cold-process-through-teardown	PASS	PASS	PASS		0		0.5689073749999807	1.41	0.02	30547968				a6d38a3200c9570726550a12858101d1eaa414dca236f925da5651e95d819b5d	33167	/mnt/c/Users/genom/GitHub/LOSAT/docs/wasm-performance/PR01/initial-audit/blastp/all_hsp_forward_thread4/native-1/repeat-0/output.txt	
initial-audit	tblastx	p01_ap027280_self	native	1				0	False	False	cold-process-through-teardown	PASS	PASS	PASS		0		41.50981813300314	40.98	0.08	121724928				845d15661c2a30fa69e01bcd8140792e55a1fa06bbb52181632680435a08eda8	3134850	/mnt/c/Users/genom/GitHub/LOSAT/docs/wasm-performance/PR01/initial-audit/tblastx/p01_ap027280_self/native-1/repeat-0/output.txt	
initial-audit	tblastx	p01_ap027280_self	serial	1	1			0	False	False	cold-process-through-teardown	PASS	PASS	PASS		0		50.65074847199867	50.57	0.06	173961216				845d15661c2a30fa69e01bcd8140792e55a1fa06bbb52181632680435a08eda8	3134850	/mnt/c/Users/genom/GitHub/LOSAT/docs/wasm-performance/PR01/initial-audit/tblastx/p01_ap027280_self/serial-1/repeat-0/output.txt	
initial-audit	tblastx	p02_mje_mela	native	1				0	False	False	cold-process-through-teardown	PASS	PASS	PASS		0		19.842297923998558	19.37	0.07	96038912				b309f77fee038f0559d870737ebeba732c11eba4f7e495f045acbfb831817fd7	1728659	/mnt/c/Users/genom/GitHub/LOSAT/docs/wasm-performance/PR01/initial-audit/tblastx/p02_mje_mela/native-1/repeat-0/output.txt	
initial-audit	tblastx	p02_mje_mela	serial	1	1			0	False	False	cold-process-through-teardown	PASS	PASS	PASS		0		30.360175740999694	30.04	0.05	159576064				b309f77fee038f0559d870737ebeba732c11eba4f7e495f045acbfb831817fd7	1728659	/mnt/c/Users/genom/GitHub/LOSAT/docs/wasm-performance/PR01/initial-audit/tblastx/p02_mje_mela/serial-1/repeat-0/output.txt	
initial-audit	tblastx	p03_mela_pemojnva	native	1				0	False	False	cold-process-through-teardown	PASS	PASS	PASS		0		4.502153986999474	4.42	0.0	70897664				bbef153094025db89dd4a69b2a3c4246b0b8853396fe740bc7e1bd654db105b6	351051	/mnt/c/Users/genom/GitHub/LOSAT/docs/wasm-performance/PR01/initial-audit/tblastx/p03_mela_pemojnva/native-1/repeat-0/output.txt	
initial-audit	tblastx	p03_mela_pemojnva	serial	1	1			0	False	False	cold-process-through-teardown	PASS	PASS	PASS		0		8.07505409100122	8.07	0.06	161214464				bbef153094025db89dd4a69b2a3c4246b0b8853396fe740bc7e1bd654db105b6	351051	/mnt/c/Users/genom/GitHub/LOSAT/docs/wasm-performance/PR01/initial-audit/tblastx/p03_mela_pemojnva/serial-1/repeat-0/output.txt	
initial-audit	tblastx	p04_pemojnva_pesemjnv	native	1				0	False	False	cold-process-through-teardown	PASS	PASS	PASS		0		16.91876270799912	16.56	0.0	85651456				dcc2b425418ecd3ed63a870dfbb6b6e4312e941355db271abbb5ba3243b72b27	2477378	/mnt/c/Users/genom/GitHub/LOSAT/docs/wasm-performance/PR01/initial-audit/tblastx/p04_pemojnva_pesemjnv/native-1/repeat-0/output.txt	
initial-audit	tblastx	p04_pemojnva_pesemjnv	serial	1	1			0	False	False	cold-process-through-teardown	PASS	PASS	PASS		0		25.915802170999086	25.95	0.09	154935296				dcc2b425418ecd3ed63a870dfbb6b6e4312e941355db271abbb5ba3243b72b27	2477378	/mnt/c/Users/genom/GitHub/LOSAT/docs/wasm-performance/PR01/initial-audit/tblastx/p04_pemojnva_pesemjnv/serial-1/repeat-0/output.txt	
initial-audit	tblastx	p05_pesemjnv_pemojnva	native	1				0	False	False	cold-process-through-teardown	PASS	PASS	PASS		0		41.79986077899957	41.56	0.01	100704256				20e0a5679ab8b1fdc7c581716ecc839ccca1174804400726d51e7baa093ae2e2	3291653	/mnt/c/Users/genom/GitHub/LOSAT/docs/wasm-performance/PR01/initial-audit/tblastx/p05_pesemjnv_pemojnva/native-1/repeat-0/output.txt	
initial-audit	tblastx	p05_pesemjnv_pemojnva	serial	1	1			0	False	False	cold-process-through-teardown	PASS	PASS	PASS		0		64.21928940699945	64.35	0.04	159854592				20e0a5679ab8b1fdc7c581716ecc839ccca1174804400726d51e7baa093ae2e2	3291653	/mnt/c/Users/genom/GitHub/LOSAT/docs/wasm-performance/PR01/initial-audit/tblastx/p05_pesemjnv_pemojnva/serial-1/repeat-0/output.txt	
initial-audit	tblastx	p06_pemojnva_lvmjnv	native	1				0	False	False	cold-process-through-teardown	TIMEOUT	TIMEOUT	TIMEOUT				120.01548536000337									/mnt/c/Users/genom/GitHub/LOSAT/docs/wasm-performance/PR01/initial-audit/tblastx/p06_pemojnva_lvmjnv/native-1/repeat-0/output.txt	exceeded 120s
initial-audit	tblastx	p06_pemojnva_lvmjnv	serial	1	1			0	False	False	cold-process-through-teardown	TIMEOUT	TIMEOUT	TIMEOUT				120.02985654700024									/mnt/c/Users/genom/GitHub/LOSAT/docs/wasm-performance/PR01/initial-audit/tblastx/p06_pemojnva_lvmjnv/serial-1/repeat-0/output.txt	exceeded 120s
initial-audit	tblastx	p07_lvmjnv_trcumjnv	native	1				0	False	False	cold-process-through-teardown	PASS	PASS	PASS		0		2.603080803000921	2.51	0.02	66650112				cc79c6f0d9253e03dea324c102cf0f405465fa76ae65ef7419b2a36a66958c41	245877	/mnt/c/Users/genom/GitHub/LOSAT/docs/wasm-performance/PR01/initial-audit/tblastx/p07_lvmjnv_trcumjnv/native-1/repeat-0/output.txt	
initial-audit	tblastx	p07_lvmjnv_trcumjnv	serial	1	1			0	False	False	cold-process-through-teardown	PASS	PASS	PASS		0		4.906843646000198	5.01	0.07	152367104				cc79c6f0d9253e03dea324c102cf0f405465fa76ae65ef7419b2a36a66958c41	245877	/mnt/c/Users/genom/GitHub/LOSAT/docs/wasm-performance/PR01/initial-audit/tblastx/p07_lvmjnv_trcumjnv/serial-1/repeat-0/output.txt	
initial-audit	tblastx	p08_trcumjnv_mellatmjnv	native	1				0	False	False	cold-process-through-teardown	PASS	PASS	PASS		0		15.858322750998923	15.68	0.02	93745152				662e723ffc4d852fde3952743267a8c028bec8f60263d5aacc1216160f308fcf	430947	/mnt/c/Users/genom/GitHub/LOSAT/docs/wasm-performance/PR01/initial-audit/tblastx/p08_trcumjnv_mellatmjnv/native-1/repeat-0/output.txt	
initial-audit	tblastx	p08_trcumjnv_mellatmjnv	serial	1	1			0	False	False	cold-process-through-teardown	PASS	PASS	PASS		0		26.942447297999024	27.04	0.05	159293440				662e723ffc4d852fde3952743267a8c028bec8f60263d5aacc1216160f308fcf	430947	/mnt/c/Users/genom/GitHub/LOSAT/docs/wasm-performance/PR01/initial-audit/tblastx/p08_trcumjnv_mellatmjnv/serial-1/repeat-0/output.txt	
initial-audit	tblastx	p09_mellatmjnv_meenmjnv	native	1				0	False	False	cold-process-through-teardown	PASS	PASS	PASS		0		73.93012060000183	73.79	0.06	127340544				3496edb698855f91b9387f006c9c026d48403865a55ebf827b77de77f7825a1f	1395395	/mnt/c/Users/genom/GitHub/LOSAT/docs/wasm-performance/PR01/initial-audit/tblastx/p09_mellatmjnv_meenmjnv/native-1/repeat-0/output.txt	
initial-audit	tblastx	p09_mellatmjnv_meenmjnv	serial	1	1			0	False	False	cold-process-through-teardown	PASS	PASS	PASS		0		119.36956483100221	119.39	0.08	169603072				3496edb698855f91b9387f006c9c026d48403865a55ebf827b77de77f7825a1f	1395395	/mnt/c/Users/genom/GitHub/LOSAT/docs/wasm-performance/PR01/initial-audit/tblastx/p09_mellatmjnv_meenmjnv/serial-1/repeat-0/output.txt	
initial-audit	tblastx	p10_meenmjnv_mejomjnv	native	1				0	False	False	cold-process-through-teardown	ORACLE_FAIL	PASS	TIMEOUT		0		114.69521511600033	114.55	0.05	124100608				9aa19d6e0f49cc27348ef54e4dd567f63d356e3bd5b0e09d621efc4088db7f3e	1731056	/mnt/c/Users/genom/GitHub/LOSAT/docs/wasm-performance/PR01/initial-audit/tblastx/p10_meenmjnv_mejomjnv/native-1/repeat-0/output.txt	
initial-audit	tblastx	p10_meenmjnv_mejomjnv	serial	1	1			0	False	False	cold-process-through-teardown	TIMEOUT	TIMEOUT	TIMEOUT				120.05890123100107									/mnt/c/Users/genom/GitHub/LOSAT/docs/wasm-performance/PR01/initial-audit/tblastx/p10_meenmjnv_mejomjnv/serial-1/repeat-0/output.txt	exceeded 120s
initial-audit	tblastx	p11_avclpv_psclpv	native	1				0	False	False	cold-process-through-teardown	TIMEOUT	TIMEOUT	TIMEOUT				120.01905330899899									/mnt/c/Users/genom/GitHub/LOSAT/docs/wasm-performance/PR01/initial-audit/tblastx/p11_avclpv_psclpv/native-1/repeat-0/output.txt	exceeded 120s
initial-audit	tblastx	p11_avclpv_psclpv	serial	1	1			0	False	False	cold-process-through-teardown	TIMEOUT	TIMEOUT	TIMEOUT				120.01806094600033									/mnt/c/Users/genom/GitHub/LOSAT/docs/wasm-performance/PR01/initial-audit/tblastx/p11_avclpv_psclpv/serial-1/repeat-0/output.txt	exceeded 120s
initial-audit	tblastx	d01_nz_self_code4	native	1				0	False	False	cold-process-through-teardown	TIMEOUT	TIMEOUT	TIMEOUT				120.01449724300255									/mnt/c/Users/genom/GitHub/LOSAT/docs/wasm-performance/PR01/initial-audit/tblastx/d01_nz_self_code4/native-1/repeat-0/output.txt	exceeded 120s
initial-audit	tblastx	d01_nz_self_code4	serial	1	1			0	False	False	cold-process-through-teardown	TIMEOUT	TIMEOUT	TIMEOUT				120.01255049099927									/mnt/c/Users/genom/GitHub/LOSAT/docs/wasm-performance/PR01/initial-audit/tblastx/d01_nz_self_code4/serial-1/repeat-0/output.txt	exceeded 120s
initial-audit	tblastx	d02_ap027132_nz_code4	native	1				0	False	False	cold-process-through-teardown	TIMEOUT	TIMEOUT	TIMEOUT				120.02469888600172									/mnt/c/Users/genom/GitHub/LOSAT/docs/wasm-performance/PR01/initial-audit/tblastx/d02_ap027132_nz_code4/native-1/repeat-0/output.txt	exceeded 120s
initial-audit	tblastx	d02_ap027132_nz_code4	serial	1	1			0	False	False	cold-process-through-teardown	TIMEOUT	TIMEOUT	TIMEOUT				120.0270979579982									/mnt/c/Users/genom/GitHub/LOSAT/docs/wasm-performance/PR01/initial-audit/tblastx/d02_ap027132_nz_code4/serial-1/repeat-0/output.txt	exceeded 120s
initial-audit	tblastx	d03_ap027078_ap027131_code4	native	1				0	False	False	cold-process-through-teardown	TIMEOUT	TIMEOUT	TIMEOUT				120.00457508799809									/mnt/c/Users/genom/GitHub/LOSAT/docs/wasm-performance/PR01/initial-audit/tblastx/d03_ap027078_ap027131_code4/native-1/repeat-0/output.txt	exceeded 120s
initial-audit	tblastx	d03_ap027078_ap027131_code4	serial	1	1			0	False	False	cold-process-through-teardown	TIMEOUT	TIMEOUT	TIMEOUT				120.04198775400073									/mnt/c/Users/genom/GitHub/LOSAT/docs/wasm-performance/PR01/initial-audit/tblastx/d03_ap027078_ap027131_code4/serial-1/repeat-0/output.txt	exceeded 120s
initial-audit	tblastx	d04_ap027131_ap027133_code4	native	1				0	False	False	cold-process-through-teardown	TIMEOUT	TIMEOUT	PASS				120.00435048600048									/mnt/c/Users/genom/GitHub/LOSAT/docs/wasm-performance/PR01/initial-audit/tblastx/d04_ap027131_ap027133_code4/native-1/repeat-0/output.txt	exceeded 120s
initial-audit	tblastx	d04_ap027131_ap027133_code4	serial	1	1			0	False	False	cold-process-through-teardown	TIMEOUT	TIMEOUT	PASS				120.05238116699911									/mnt/c/Users/genom/GitHub/LOSAT/docs/wasm-performance/PR01/initial-audit/tblastx/d04_ap027131_ap027133_code4/serial-1/repeat-0/output.txt	exceeded 120s
initial-audit	tblastx	d05_ap027133_ap027132_code4	native	1				0	False	False	cold-process-through-teardown	TIMEOUT	TIMEOUT	TIMEOUT				120.00824860400098									/mnt/c/Users/genom/GitHub/LOSAT/docs/wasm-performance/PR01/initial-audit/tblastx/d05_ap027133_ap027132_code4/native-1/repeat-0/output.txt	exceeded 120s
initial-audit	tblastx	d05_ap027133_ap027132_code4	serial	1	1			0	False	False	cold-process-through-teardown	TIMEOUT	TIMEOUT	TIMEOUT				120.0253098739995									/mnt/c/Users/genom/GitHub/LOSAT/docs/wasm-performance/PR01/initial-audit/tblastx/d05_ap027133_ap027132_code4/serial-1/repeat-0/output.txt	exceeded 120s
initial-audit	tblastx	p12_lc738874_lc738875_default	native	1				0	False	False	cold-process-through-teardown	PASS	PASS	PASS		0		4.887448861998564	4.8	0.03	76722176				86c05a04efb50e4026720e2d44fe2db2e6446f9594e174f3fde56931d09d5b49	321589	/mnt/c/Users/genom/GitHub/LOSAT/docs/wasm-performance/PR01/initial-audit/tblastx/p12_lc738874_lc738875_default/native-1/repeat-0/output.txt	
initial-audit	tblastx	p12_lc738874_lc738875_default	serial	1	1			0	False	False	cold-process-through-teardown	PASS	PASS	PASS		0		10.15309021399662	10.27	0.05	173207552				86c05a04efb50e4026720e2d44fe2db2e6446f9594e174f3fde56931d09d5b49	321589	/mnt/c/Users/genom/GitHub/LOSAT/docs/wasm-performance/PR01/initial-audit/tblastx/p12_lc738874_lc738875_default/serial-1/repeat-0/output.txt	
initial-audit	tblastx	p13_mela_mje_reverse	native	1				0	False	False	cold-process-through-teardown	PASS	PASS	PASS		0		15.54207278800095	15.45	0.01	89292800				b34593f9506fb9ca9856c8b9e840295ff40e99c75b4ac144d867da8c032e062b	1674606	/mnt/c/Users/genom/GitHub/LOSAT/docs/wasm-performance/PR01/initial-audit/tblastx/p13_mela_mje_reverse/native-1/repeat-0/output.txt	
initial-audit	tblastx	p13_mela_mje_reverse	serial	1	1			0	False	False	cold-process-through-teardown	PASS	PASS	PASS		0		24.081754458999058	24.14	0.05	159223808				b34593f9506fb9ca9856c8b9e840295ff40e99c75b4ac144d867da8c032e062b	1674606	/mnt/c/Users/genom/GitHub/LOSAT/docs/wasm-performance/PR01/initial-audit/tblastx/p13_mela_mje_reverse/serial-1/repeat-0/output.txt	
initial-audit	tblastx	p14_ap027131_ap027133_query4	native	1				0	False	False	cold-process-through-teardown	PASS	PASS	PASS		0		57.229986878999625	57.07	0.06	230256640				ef33958a8c31146eea7a2b7fea4e7ff1c690e451058c007f1a0cb60047a43de6	1122212	/mnt/c/Users/genom/GitHub/LOSAT/docs/wasm-performance/PR01/initial-audit/tblastx/p14_ap027131_ap027133_query4/native-1/repeat-0/output.txt	
initial-audit	tblastx	p14_ap027131_ap027133_query4	serial	1	1			0	False	False	cold-process-through-teardown	PASS	PASS	PASS		0		83.86134647799918	84.18	0.1	243052544				ef33958a8c31146eea7a2b7fea4e7ff1c690e451058c007f1a0cb60047a43de6	1122212	/mnt/c/Users/genom/GitHub/LOSAT/docs/wasm-performance/PR01/initial-audit/tblastx/p14_ap027131_ap027133_query4/serial-1/repeat-0/output.txt	
initial-audit	tblastx	d06_ap027131_ap027133_db4	native	1				0	False	False	cold-process-through-teardown	PASS	PASS	PASS		0		53.83213408799929	53.7	0.05	186437632				719339294d0f22d0f415dd33106a0fd93c25ac372b1456d19d92390fce081df1	1028722	/mnt/c/Users/genom/GitHub/LOSAT/docs/wasm-performance/PR01/initial-audit/tblastx/d06_ap027131_ap027133_db4/native-1/repeat-0/output.txt	
initial-audit	tblastx	d06_ap027131_ap027133_db4	serial	1	1			0	False	False	cold-process-through-teardown	PASS	PASS	PASS		0		77.58269201800067	77.57	0.14	215609344				719339294d0f22d0f415dd33106a0fd93c25ac372b1456d19d92390fce081df1	1028722	/mnt/c/Users/genom/GitHub/LOSAT/docs/wasm-performance/PR01/initial-audit/tblastx/d06_ap027131_ap027133_db4/serial-1/repeat-0/output.txt	
cold	blastn	PesePMNV.MjPMNV.task_blastn	native	1				0	False	False	cold-process-through-teardown	PASS	PASS	PASS	PASS	0	2026-09-05T05:36:25Z	0.23009997400004067	0.16	0.01	32534528				fcd9236c7b02488d868feaf35166a472c73e9f9e6cc45fc6d7449a9edc7d4120	18573	/mnt/c/Users/genom/GitHub/LOSAT/docs/wasm-performance/PR01/cold/blastn/PesePMNV.MjPMNV.task_blastn/native-1/repeat-0/output.txt	
cold	blastn	PesePMNV.MjPMNV.task_blastn	native	1				1	True	False	cold-process-through-teardown	PASS	PASS	PASS	PASS	0	2026-09-05T05:36:25Z	0.2303395669987367	0.15	0.01	32608256				fcd9236c7b02488d868feaf35166a472c73e9f9e6cc45fc6d7449a9edc7d4120	18573	/mnt/c/Users/genom/GitHub/LOSAT/docs/wasm-performance/PR01/cold/blastn/PesePMNV.MjPMNV.task_blastn/native-1/repeat-1/output.txt	
cold	blastn	PesePMNV.MjPMNV.task_blastn	native	1				2	True	False	cold-process-through-teardown	PASS	PASS	PASS	PASS	0	2026-09-05T05:36:26Z	0.26471007600048324	0.15	0.01	32563200				fcd9236c7b02488d868feaf35166a472c73e9f9e6cc45fc6d7449a9edc7d4120	18573	/mnt/c/Users/genom/GitHub/LOSAT/docs/wasm-performance/PR01/cold/blastn/PesePMNV.MjPMNV.task_blastn/native-1/repeat-2/output.txt	
cold	blastn	PesePMNV.MjPMNV.task_blastn	native	1				3	True	False	cold-process-through-teardown	PASS	PASS	PASS	PASS	0	2026-09-05T05:36:26Z	0.22618034900006023	0.16	0.0	32874496				fcd9236c7b02488d868feaf35166a472c73e9f9e6cc45fc6d7449a9edc7d4120	18573	/mnt/c/Users/genom/GitHub/LOSAT/docs/wasm-performance/PR01/cold/blastn/PesePMNV.MjPMNV.task_blastn/native-1/repeat-3/output.txt	
cold	blastn	PesePMNV.MjPMNV.task_blastn	native	1				4	True	False	cold-process-through-teardown	PASS	PASS	PASS	PASS	0	2026-09-05T05:36:26Z	0.24317549399711424	0.14	0.02	32632832				fcd9236c7b02488d868feaf35166a472c73e9f9e6cc45fc6d7449a9edc7d4120	18573	/mnt/c/Users/genom/GitHub/LOSAT/docs/wasm-performance/PR01/cold/blastn/PesePMNV.MjPMNV.task_blastn/native-1/repeat-4/output.txt	
cold	blastn	PesePMNV.MjPMNV.task_blastn	native	1				5	True	False	cold-process-through-teardown	PASS	PASS	PASS	PASS	0	2026-09-05T05:36:27Z	0.22950569900058326	0.17	0.01	32497664				fcd9236c7b02488d868feaf35166a472c73e9f9e6cc45fc6d7449a9edc7d4120	18573	/mnt/c/Users/genom/GitHub/LOSAT/docs/wasm-performance/PR01/cold/blastn/PesePMNV.MjPMNV.task_blastn/native-1/repeat-5/output.txt	
cold	blastn	PesePMNV.MjPMNV.task_blastn	native	1				6	False	True	cold-process-through-teardown	PASS	PASS	PASS	PASS	0	2026-09-05T05:36:27Z	0.251296670998272	0.16	0.02	32608256				fcd9236c7b02488d868feaf35166a472c73e9f9e6cc45fc6d7449a9edc7d4120	18573	/mnt/c/Users/genom/GitHub/LOSAT/docs/wasm-performance/PR01/cold/blastn/PesePMNV.MjPMNV.task_blastn/native-1/diagnostic/output.txt	
cold	blastn	PesePMNV.MjPMNV.task_blastn	native	2				0	False	False	cold-process-through-teardown	PASS	PASS	PASS	PASS	0	2026-09-05T05:36:27Z	0.1953489500010619	0.15	0.0	32477184				fcd9236c7b02488d868feaf35166a472c73e9f9e6cc45fc6d7449a9edc7d4120	18573	/mnt/c/Users/genom/GitHub/LOSAT/docs/wasm-performance/PR01/cold/blastn/PesePMNV.MjPMNV.task_blastn/native-2/repeat-0/output.txt	
cold	blastn	PesePMNV.MjPMNV.task_blastn	native	2				1	True	False	cold-process-through-teardown	PASS	PASS	PASS	PASS	0	2026-09-05T05:36:28Z	0.23275683099927846	0.16	0.01	32518144				fcd9236c7b02488d868feaf35166a472c73e9f9e6cc45fc6d7449a9edc7d4120	18573	/mnt/c/Users/genom/GitHub/LOSAT/docs/wasm-performance/PR01/cold/blastn/PesePMNV.MjPMNV.task_blastn/native-2/repeat-1/output.txt	
cold	blastn	PesePMNV.MjPMNV.task_blastn	native	2				2	True	False	cold-process-through-teardown	PASS	PASS	PASS	PASS	0	2026-09-05T05:36:28Z	0.2117372369975783	0.16	0.01	32428032				fcd9236c7b02488d868feaf35166a472c73e9f9e6cc45fc6d7449a9edc7d4120	18573	/mnt/c/Users/genom/GitHub/LOSAT/docs/wasm-performance/PR01/cold/blastn/PesePMNV.MjPMNV.task_blastn/native-2/repeat-2/output.txt	
cold	blastn	PesePMNV.MjPMNV.task_blastn	native	2				3	True	False	cold-process-through-teardown	PASS	PASS	PASS	PASS	0	2026-09-05T05:36:28Z	0.20214980200034915	0.15	0.01	32468992				fcd9236c7b02488d868feaf35166a472c73e9f9e6cc45fc6d7449a9edc7d4120	18573	/mnt/c/Users/genom/GitHub/LOSAT/docs/wasm-performance/PR01/cold/blastn/PesePMNV.MjPMNV.task_blastn/native-2/repeat-3/output.txt	
cold	blastn	PesePMNV.MjPMNV.task_blastn	native	2				4	True	False	cold-process-through-teardown	PASS	PASS	PASS	PASS	0	2026-09-05T05:36:29Z	0.24064425999677042	0.15	0.02	32497664				fcd9236c7b02488d868feaf35166a472c73e9f9e6cc45fc6d7449a9edc7d4120	18573	/mnt/c/Users/genom/GitHub/LOSAT/docs/wasm-performance/PR01/cold/blastn/PesePMNV.MjPMNV.task_blastn/native-2/repeat-4/output.txt	
cold	blastn	PesePMNV.MjPMNV.task_blastn	native	2				5	True	False	cold-process-through-teardown	PASS	PASS	PASS	PASS	0	2026-09-05T05:36:29Z	0.18006419200173696	0.13	0.03	32477184				fcd9236c7b02488d868feaf35166a472c73e9f9e6cc45fc6d7449a9edc7d4120	18573	/mnt/c/Users/genom/GitHub/LOSAT/docs/wasm-performance/PR01/cold/blastn/PesePMNV.MjPMNV.task_blastn/native-2/repeat-5/output.txt	
cold	blastn	PesePMNV.MjPMNV.task_blastn	native	2				6	False	True	cold-process-through-teardown	PASS	PASS	PASS	PASS	0	2026-09-05T05:36:29Z	0.231696982998983	0.15	0.01	32927744				fcd9236c7b02488d868feaf35166a472c73e9f9e6cc45fc6d7449a9edc7d4120	18573	/mnt/c/Users/genom/GitHub/LOSAT/docs/wasm-performance/PR01/cold/blastn/PesePMNV.MjPMNV.task_blastn/native-2/diagnostic/output.txt	
cold	blastn	PesePMNV.MjPMNV.task_blastn	native	4				0	False	False	cold-process-through-teardown	PASS	PASS	PASS	PASS	0	2026-09-05T05:36:30Z	0.2399036030001298	0.17	0.01	32481280				fcd9236c7b02488d868feaf35166a472c73e9f9e6cc45fc6d7449a9edc7d4120	18573	/mnt/c/Users/genom/GitHub/LOSAT/docs/wasm-performance/PR01/cold/blastn/PesePMNV.MjPMNV.task_blastn/native-4/repeat-0/output.txt	
cold	blastn	PesePMNV.MjPMNV.task_blastn	native	4				1	True	False	cold-process-through-teardown	PASS	PASS	PASS	PASS	0	2026-09-05T05:36:30Z	0.21783225600302103	0.15	0.01	32608256				fcd9236c7b02488d868feaf35166a472c73e9f9e6cc45fc6d7449a9edc7d4120	18573	/mnt/c/Users/genom/GitHub/LOSAT/docs/wasm-performance/PR01/cold/blastn/PesePMNV.MjPMNV.task_blastn/native-4/repeat-1/output.txt	
cold	blastn	PesePMNV.MjPMNV.task_blastn	native	4				2	True	False	cold-process-through-teardown	PASS	PASS	PASS	PASS	0	2026-09-05T05:36:30Z	0.2557899899984477	0.16	0.01	32829440				fcd9236c7b02488d868feaf35166a472c73e9f9e6cc45fc6d7449a9edc7d4120	18573	/mnt/c/Users/genom/GitHub/LOSAT/docs/wasm-performance/PR01/cold/blastn/PesePMNV.MjPMNV.task_blastn/native-4/repeat-2/output.txt	
cold	blastn	PesePMNV.MjPMNV.task_blastn	native	4				3	True	False	cold-process-through-teardown	PASS	PASS	PASS	PASS	0	2026-09-05T05:36:31Z	0.2228949569980614	0.16	0.01	34914304				fcd9236c7b02488d868feaf35166a472c73e9f9e6cc45fc6d7449a9edc7d4120	18573	/mnt/c/Users/genom/GitHub/LOSAT/docs/wasm-performance/PR01/cold/blastn/PesePMNV.MjPMNV.task_blastn/native-4/repeat-3/output.txt	
cold	blastn	PesePMNV.MjPMNV.task_blastn	native	4				4	True	False	cold-process-through-teardown	PASS	PASS	PASS	PASS	0	2026-09-05T05:36:31Z	0.23889268900165916	0.16	0.01	34668544				fcd9236c7b02488d868feaf35166a472c73e9f9e6cc45fc6d7449a9edc7d4120	18573	/mnt/c/Users/genom/GitHub/LOSAT/docs/wasm-performance/PR01/cold/blastn/PesePMNV.MjPMNV.task_blastn/native-4/repeat-4/output.txt	
cold	blastn	PesePMNV.MjPMNV.task_blastn	native	4				5	True	False	cold-process-through-teardown	PASS	PASS	PASS	PASS	0	2026-09-05T05:36:31Z	0.2296143640014634	0.13	0.02	34635776				fcd9236c7b02488d868feaf35166a472c73e9f9e6cc45fc6d7449a9edc7d4120	18573	/mnt/c/Users/genom/GitHub/LOSAT/docs/wasm-performance/PR01/cold/blastn/PesePMNV.MjPMNV.task_blastn/native-4/repeat-5/output.txt	
cold	blastn	PesePMNV.MjPMNV.task_blastn	native	4				6	False	True	cold-process-through-teardown	PASS	PASS	PASS	PASS	0	2026-09-05T05:36:32Z	0.26585151799736195	0.14	0.03	34758656				fcd9236c7b02488d868feaf35166a472c73e9f9e6cc45fc6d7449a9edc7d4120	18573	/mnt/c/Users/genom/GitHub/LOSAT/docs/wasm-performance/PR01/cold/blastn/PesePMNV.MjPMNV.task_blastn/native-4/diagnostic/output.txt	
cold	blastn	PesePMNV.MjPMNV.task_blastn	native	8				0	False	False	cold-process-through-teardown	PASS	PASS	PASS	PASS	0	2026-09-05T05:36:32Z	0.21197003800261882	0.16	0.0	32772096				fcd9236c7b02488d868feaf35166a472c73e9f9e6cc45fc6d7449a9edc7d4120	18573	/mnt/c/Users/genom/GitHub/LOSAT/docs/wasm-performance/PR01/cold/blastn/PesePMNV.MjPMNV.task_blastn/native-8/repeat-0/output.txt	
cold	blastn	PesePMNV.MjPMNV.task_blastn	native	8				1	True	False	cold-process-through-teardown	PASS	PASS	PASS	PASS	0	2026-09-05T05:36:32Z	0.23119123500146088	0.18	0.0	32858112				fcd9236c7b02488d868feaf35166a472c73e9f9e6cc45fc6d7449a9edc7d4120	18573	/mnt/c/Users/genom/GitHub/LOSAT/docs/wasm-performance/PR01/cold/blastn/PesePMNV.MjPMNV.task_blastn/native-8/repeat-1/output.txt	
cold	blastn	PesePMNV.MjPMNV.task_blastn	native	8				2	True	False	cold-process-through-teardown	PASS	PASS	PASS	PASS	0	2026-09-05T05:36:33Z	0.21371112400083803	0.15	0.01	32505856				fcd9236c7b02488d868feaf35166a472c73e9f9e6cc45fc6d7449a9edc7d4120	18573	/mnt/c/Users/genom/GitHub/LOSAT/docs/wasm-performance/PR01/cold/blastn/PesePMNV.MjPMNV.task_blastn/native-8/repeat-2/output.txt	
cold	blastn	PesePMNV.MjPMNV.task_blastn	native	8				3	True	False	cold-process-through-teardown	PASS	PASS	PASS	PASS	0	2026-09-05T05:36:33Z	0.21642531999896164	0.14	0.02	34811904				fcd9236c7b02488d868feaf35166a472c73e9f9e6cc45fc6d7449a9edc7d4120	18573	/mnt/c/Users/genom/GitHub/LOSAT/docs/wasm-performance/PR01/cold/blastn/PesePMNV.MjPMNV.task_blastn/native-8/repeat-3/output.txt	
cold	blastn	PesePMNV.MjPMNV.task_blastn	native	8				4	True	False	cold-process-through-teardown	PASS	PASS	PASS	PASS	0	2026-09-05T05:36:33Z	0.2078201269978308	0.15	0.0	32800768				fcd9236c7b02488d868feaf35166a472c73e9f9e6cc45fc6d7449a9edc7d4120	18573	/mnt/c/Users/genom/GitHub/LOSAT/docs/wasm-performance/PR01/cold/blastn/PesePMNV.MjPMNV.task_blastn/native-8/repeat-4/output.txt	
cold	blastn	PesePMNV.MjPMNV.task_blastn	native	8				5	True	False	cold-process-through-teardown	PASS	PASS	PASS	PASS	0	2026-09-05T05:36:34Z	0.24887223000041558	0.16	0.01	32374784				fcd9236c7b02488d868feaf35166a472c73e9f9e6cc45fc6d7449a9edc7d4120	18573	/mnt/c/Users/genom/GitHub/LOSAT/docs/wasm-performance/PR01/cold/blastn/PesePMNV.MjPMNV.task_blastn/native-8/repeat-5/output.txt	
cold	blastn	PesePMNV.MjPMNV.task_blastn	native	8				6	False	True	cold-process-through-teardown	PASS	PASS	PASS	PASS	0	2026-09-05T05:36:34Z	0.30880040999909397	0.17	0.01	34701312				fcd9236c7b02488d868feaf35166a472c73e9f9e6cc45fc6d7449a9edc7d4120	18573	/mnt/c/Users/genom/GitHub/LOSAT/docs/wasm-performance/PR01/cold/blastn/PesePMNV.MjPMNV.task_blastn/native-8/diagnostic/output.txt	
cold	blastn	PesePMNV.MjPMNV.task_blastn	serial	1	1			0	False	False	cold-process-through-teardown	PASS	PASS	PASS	PASS	0	2026-09-05T05:36:35Z	0.7208876920012699	0.79	0.03	112402432				fcd9236c7b02488d868feaf35166a472c73e9f9e6cc45fc6d7449a9edc7d4120	18573	/mnt/c/Users/genom/GitHub/LOSAT/docs/wasm-performance/PR01/cold/blastn/PesePMNV.MjPMNV.task_blastn/serial-1/repeat-0/output.txt	
cold	blastn	PesePMNV.MjPMNV.task_blastn	serial	1	1			1	True	False	cold-process-through-teardown	PASS	PASS	PASS	PASS	0	2026-09-05T05:36:35Z	0.7538719700023648	0.8	0.04	114053120				fcd9236c7b02488d868feaf35166a472c73e9f9e6cc45fc6d7449a9edc7d4120	18573	/mnt/c/Users/genom/GitHub/LOSAT/docs/wasm-performance/PR01/cold/blastn/PesePMNV.MjPMNV.task_blastn/serial-1/repeat-1/output.txt	
cold	blastn	PesePMNV.MjPMNV.task_blastn	serial	1	1			2	True	False	cold-process-through-teardown	PASS	PASS	PASS	PASS	0	2026-09-05T05:36:36Z	0.7277486430029967	0.8	0.03	118292480				fcd9236c7b02488d868feaf35166a472c73e9f9e6cc45fc6d7449a9edc7d4120	18573	/mnt/c/Users/genom/GitHub/LOSAT/docs/wasm-performance/PR01/cold/blastn/PesePMNV.MjPMNV.task_blastn/serial-1/repeat-2/output.txt	
cold	blastn	PesePMNV.MjPMNV.task_blastn	serial	1	1			3	True	False	cold-process-through-teardown	PASS	PASS	PASS	PASS	0	2026-09-05T05:36:37Z	0.6773267280004802	0.79	0.03	116408320				fcd9236c7b02488d868feaf35166a472c73e9f9e6cc45fc6d7449a9edc7d4120	18573	/mnt/c/Users/genom/GitHub/LOSAT/docs/wasm-performance/PR01/cold/blastn/PesePMNV.MjPMNV.task_blastn/serial-1/repeat-3/output.txt	
cold	blastn	PesePMNV.MjPMNV.task_blastn	serial	1	1			4	True	False	cold-process-through-teardown	PASS	PASS	PASS	PASS	0	2026-09-05T05:36:38Z	0.732478161000472	0.79	0.06	114176000				fcd9236c7b02488d868feaf35166a472c73e9f9e6cc45fc6d7449a9edc7d4120	18573	/mnt/c/Users/genom/GitHub/LOSAT/docs/wasm-performance/PR01/cold/blastn/PesePMNV.MjPMNV.task_blastn/serial-1/repeat-4/output.txt	
cold	blastn	PesePMNV.MjPMNV.task_blastn	serial	1	1			5	True	False	cold-process-through-teardown	PASS	PASS	PASS	PASS	0	2026-09-05T05:36:39Z	0.7439833799980988	0.8	0.05	117960704				fcd9236c7b02488d868feaf35166a472c73e9f9e6cc45fc6d7449a9edc7d4120	18573	/mnt/c/Users/genom/GitHub/LOSAT/docs/wasm-performance/PR01/cold/blastn/PesePMNV.MjPMNV.task_blastn/serial-1/repeat-5/output.txt	
cold	blastn	PesePMNV.MjPMNV.task_blastn	serial	1	1			6	False	True	cold-process-through-teardown	PASS	PASS	PASS	PASS	0	2026-09-05T05:36:40Z	0.7183324059988081	0.79	0.04	119836672				fcd9236c7b02488d868feaf35166a472c73e9f9e6cc45fc6d7449a9edc7d4120	18573	/mnt/c/Users/genom/GitHub/LOSAT/docs/wasm-performance/PR01/cold/blastn/PesePMNV.MjPMNV.task_blastn/serial-1/diagnostic/output.txt	
cold	blastn	PesePMNV.MjPMNV.task_blastn	threaded	1				0	False	False	cold-process-through-teardown	PASS	PASS	PASS	PASS	0	2026-09-05T05:36:40Z	0.7318116520000331	0.81	0.05	129966080				fcd9236c7b02488d868feaf35166a472c73e9f9e6cc45fc6d7449a9edc7d4120	18573	/mnt/c/Users/genom/GitHub/LOSAT/docs/wasm-performance/PR01/cold/blastn/PesePMNV.MjPMNV.task_blastn/threaded-1/repeat-0/output.txt	
cold	blastn	PesePMNV.MjPMNV.task_blastn	threaded	1				1	True	False	cold-process-through-teardown	PASS	PASS	PASS	PASS	0	2026-09-05T05:36:41Z	0.7140830409989576	0.78	0.09	126312448				fcd9236c7b02488d868feaf35166a472c73e9f9e6cc45fc6d7449a9edc7d4120	18573	/mnt/c/Users/genom/GitHub/LOSAT/docs/wasm-performance/PR01/cold/blastn/PesePMNV.MjPMNV.task_blastn/threaded-1/repeat-1/output.txt	
cold	blastn	PesePMNV.MjPMNV.task_blastn	threaded	1				2	True	False	cold-process-through-teardown	PASS	PASS	PASS	PASS	0	2026-09-05T05:36:42Z	0.7610103609986254	0.86	0.03	129585152				fcd9236c7b02488d868feaf35166a472c73e9f9e6cc45fc6d7449a9edc7d4120	18573	/mnt/c/Users/genom/GitHub/LOSAT/docs/wasm-performance/PR01/cold/blastn/PesePMNV.MjPMNV.task_blastn/threaded-1/repeat-2/output.txt	
cold	blastn	PesePMNV.MjPMNV.task_blastn	threaded	1				3	True	False	cold-process-through-teardown	PASS	PASS	PASS	PASS	0	2026-09-05T05:36:43Z	0.7627874969984987	0.85	0.05	131194880				fcd9236c7b02488d868feaf35166a472c73e9f9e6cc45fc6d7449a9edc7d4120	18573	/mnt/c/Users/genom/GitHub/LOSAT/docs/wasm-performance/PR01/cold/blastn/PesePMNV.MjPMNV.task_blastn/threaded-1/repeat-3/output.txt	
cold	blastn	PesePMNV.MjPMNV.task_blastn	threaded	1				4	True	False	cold-process-through-teardown	PASS	PASS	PASS	PASS	0	2026-09-05T05:36:44Z	0.7408862209995277	0.82	0.06	125841408				fcd9236c7b02488d868feaf35166a472c73e9f9e6cc45fc6d7449a9edc7d4120	18573	/mnt/c/Users/genom/GitHub/LOSAT/docs/wasm-performance/PR01/cold/blastn/PesePMNV.MjPMNV.task_blastn/threaded-1/repeat-4/output.txt	
cold	blastn	PesePMNV.MjPMNV.task_blastn	threaded	1				5	True	False	cold-process-through-teardown	PASS	PASS	PASS	PASS	0	2026-09-05T05:36:45Z	0.7336319790010748	0.8	0.06	129622016				fcd9236c7b02488d868feaf35166a472c73e9f9e6cc45fc6d7449a9edc7d4120	18573	/mnt/c/Users/genom/GitHub/LOSAT/docs/wasm-performance/PR01/cold/blastn/PesePMNV.MjPMNV.task_blastn/threaded-1/repeat-5/output.txt	
cold	blastn	PesePMNV.MjPMNV.task_blastn	threaded	1		0		6	False	True	cold-process-through-teardown	PASS	PASS	PASS	PASS	0	2026-09-05T05:36:45Z	0.803553997000563	0.88	0.03	124829696				fcd9236c7b02488d868feaf35166a472c73e9f9e6cc45fc6d7449a9edc7d4120	18573	/mnt/c/Users/genom/GitHub/LOSAT/docs/wasm-performance/PR01/cold/blastn/PesePMNV.MjPMNV.task_blastn/threaded-1/diagnostic/output.txt	
cold	blastn	PesePMNV.MjPMNV.task_blastn	threaded	2				0	False	False	cold-process-through-teardown	PASS	PASS	PASS	PASS	0	2026-09-05T05:36:46Z	0.7503572250025172	0.84	0.04	127725568				fcd9236c7b02488d868feaf35166a472c73e9f9e6cc45fc6d7449a9edc7d4120	18573	/mnt/c/Users/genom/GitHub/LOSAT/docs/wasm-performance/PR01/cold/blastn/PesePMNV.MjPMNV.task_blastn/threaded-2/repeat-0/output.txt	
cold	blastn	PesePMNV.MjPMNV.task_blastn	threaded	2				1	True	False	cold-process-through-teardown	PASS	PASS	PASS	PASS	0	2026-09-05T05:36:47Z	0.6816007229972456	0.77	0.1	127004672				fcd9236c7b02488d868feaf35166a472c73e9f9e6cc45fc6d7449a9edc7d4120	18573	/mnt/c/Users/genom/GitHub/LOSAT/docs/wasm-performance/PR01/cold/blastn/PesePMNV.MjPMNV.task_blastn/threaded-2/repeat-1/output.txt	
cold	blastn	PesePMNV.MjPMNV.task_blastn	threaded	2				2	True	False	cold-process-through-teardown	PASS	PASS	PASS	PASS	0	2026-09-05T05:36:48Z	0.7486815379998006	0.83	0.05	127778816				fcd9236c7b02488d868feaf35166a472c73e9f9e6cc45fc6d7449a9edc7d4120	18573	/mnt/c/Users/genom/GitHub/LOSAT/docs/wasm-performance/PR01/cold/blastn/PesePMNV.MjPMNV.task_blastn/threaded-2/repeat-2/output.txt	
cold	blastn	PesePMNV.MjPMNV.task_blastn	threaded	2				3	True	False	cold-process-through-teardown	PASS	PASS	PASS	PASS	0	2026-09-05T05:36:49Z	0.7783980140011408	0.87	0.01	129511424				fcd9236c7b02488d868feaf35166a472c73e9f9e6cc45fc6d7449a9edc7d4120	18573	/mnt/c/Users/genom/GitHub/LOSAT/docs/wasm-performance/PR01/cold/blastn/PesePMNV.MjPMNV.task_blastn/threaded-2/repeat-3/output.txt	
cold	blastn	PesePMNV.MjPMNV.task_blastn	threaded	2				4	True	False	cold-process-through-teardown	PASS	PASS	PASS	PASS	0	2026-09-05T05:36:50Z	0.7292607349991158	0.85	0.04	127533056				fcd9236c7b02488d868feaf35166a472c73e9f9e6cc45fc6d7449a9edc7d4120	18573	/mnt/c/Users/genom/GitHub/LOSAT/docs/wasm-performance/PR01/cold/blastn/PesePMNV.MjPMNV.task_blastn/threaded-2/repeat-4/output.txt	
cold	blastn	PesePMNV.MjPMNV.task_blastn	threaded	2				5	True	False	cold-process-through-teardown	PASS	PASS	PASS	PASS	0	2026-09-05T05:36:51Z	0.7359441140033596	0.82	0.05	127152128				fcd9236c7b02488d868feaf35166a472c73e9f9e6cc45fc6d7449a9edc7d4120	18573	/mnt/c/Users/genom/GitHub/LOSAT/docs/wasm-performance/PR01/cold/blastn/PesePMNV.MjPMNV.task_blastn/threaded-2/repeat-5/output.txt	
cold	blastn	PesePMNV.MjPMNV.task_blastn	threaded	2	1	0		6	False	True	cold-process-through-teardown	PASS	PASS	PASS	PASS	0	2026-09-05T05:36:51Z	0.756953511001484	0.85	0.01	123695104				fcd9236c7b02488d868feaf35166a472c73e9f9e6cc45fc6d7449a9edc7d4120	18573	/mnt/c/Users/genom/GitHub/LOSAT/docs/wasm-performance/PR01/cold/blastn/PesePMNV.MjPMNV.task_blastn/threaded-2/diagnostic/output.txt	
cold	blastn	PesePMNV.MjPMNV.task_blastn	threaded	4				0	False	False	cold-process-through-teardown	PASS	PASS	PASS	PASS	0	2026-09-05T05:36:52Z	0.7024352960033866	0.79	0.07	129519616				fcd9236c7b02488d868feaf35166a472c73e9f9e6cc45fc6d7449a9edc7d4120	18573	/mnt/c/Users/genom/GitHub/LOSAT/docs/wasm-performance/PR01/cold/blastn/PesePMNV.MjPMNV.task_blastn/threaded-4/repeat-0/output.txt	
cold	blastn	PesePMNV.MjPMNV.task_blastn	threaded	4				1	True	False	cold-process-through-teardown	PASS	PASS	PASS	PASS	0	2026-09-05T05:36:53Z	0.739001341000403	0.85	0.03	129650688				fcd9236c7b02488d868feaf35166a472c73e9f9e6cc45fc6d7449a9edc7d4120	18573	/mnt/c/Users/genom/GitHub/LOSAT/docs/wasm-performance/PR01/cold/blastn/PesePMNV.MjPMNV.task_blastn/threaded-4/repeat-1/output.txt	
cold	blastn	PesePMNV.MjPMNV.task_blastn	threaded	4				2	True	False	cold-process-through-teardown	PASS	PASS	PASS	PASS	0	2026-09-05T05:36:54Z	0.7352282270003343	0.79	0.08	123109376				fcd9236c7b02488d868feaf35166a472c73e9f9e6cc45fc6d7449a9edc7d4120	18573	/mnt/c/Users/genom/GitHub/LOSAT/docs/wasm-performance/PR01/cold/blastn/PesePMNV.MjPMNV.task_blastn/threaded-4/repeat-2/output.txt	
cold	blastn	PesePMNV.MjPMNV.task_blastn	threaded	4				3	True	False	cold-process-through-teardown	PASS	PASS	PASS	PASS	0	2026-09-05T05:36:55Z	0.6991236499998195	0.82	0.05	125505536				fcd9236c7b02488d868feaf35166a472c73e9f9e6cc45fc6d7449a9edc7d4120	18573	/mnt/c/Users/genom/GitHub/LOSAT/docs/wasm-performance/PR01/cold/blastn/PesePMNV.MjPMNV.task_blastn/threaded-4/repeat-3/output.txt	
cold	blastn	PesePMNV.MjPMNV.task_blastn	threaded	4				4	True	False	cold-process-through-teardown	PASS	PASS	PASS	PASS	0	2026-09-05T05:36:56Z	0.7320041089988081	0.79	0.07	128491520				fcd9236c7b02488d868feaf35166a472c73e9f9e6cc45fc6d7449a9edc7d4120	18573	/mnt/c/Users/genom/GitHub/LOSAT/docs/wasm-performance/PR01/cold/blastn/PesePMNV.MjPMNV.task_blastn/threaded-4/repeat-4/output.txt	
cold	blastn	PesePMNV.MjPMNV.task_blastn	threaded	4				5	True	False	cold-process-through-teardown	PASS	PASS	PASS	PASS	0	2026-09-05T05:36:57Z	0.7559276569991198	0.83	0.04	123142144				fcd9236c7b02488d868feaf35166a472c73e9f9e6cc45fc6d7449a9edc7d4120	18573	/mnt/c/Users/genom/GitHub/LOSAT/docs/wasm-performance/PR01/cold/blastn/PesePMNV.MjPMNV.task_blastn/threaded-4/repeat-5/output.txt	
cold	blastn	PesePMNV.MjPMNV.task_blastn	threaded	4	1	0		6	False	True	cold-process-through-teardown	PASS	PASS	PASS	PASS	0	2026-09-05T05:36:57Z	0.8819330819969764	0.82	0.08	126185472				fcd9236c7b02488d868feaf35166a472c73e9f9e6cc45fc6d7449a9edc7d4120	18573	/mnt/c/Users/genom/GitHub/LOSAT/docs/wasm-performance/PR01/cold/blastn/PesePMNV.MjPMNV.task_blastn/threaded-4/diagnostic/output.txt	
cold	blastn	PesePMNV.MjPMNV.task_blastn	threaded	8				0	False	False	cold-process-through-teardown	PASS	PASS	PASS	PASS	0	2026-09-05T05:36:58Z	0.7610140619981394	0.88	0.0	126824448				fcd9236c7b02488d868feaf35166a472c73e9f9e6cc45fc6d7449a9edc7d4120	18573	/mnt/c/Users/genom/GitHub/LOSAT/docs/wasm-performance/PR01/cold/blastn/PesePMNV.MjPMNV.task_blastn/threaded-8/repeat-0/output.txt	
cold	blastn	PesePMNV.MjPMNV.task_blastn	threaded	8				1	True	False	cold-process-through-teardown	PASS	PASS	PASS	PASS	0	2026-09-05T05:36:59Z	0.7640775520012539	0.82	0.07	124870656				fcd9236c7b02488d868feaf35166a472c73e9f9e6cc45fc6d7449a9edc7d4120	18573	/mnt/c/Users/genom/GitHub/LOSAT/docs/wasm-performance/PR01/cold/blastn/PesePMNV.MjPMNV.task_blastn/threaded-8/repeat-1/output.txt	
cold	blastn	PesePMNV.MjPMNV.task_blastn	threaded	8				2	True	False	cold-process-through-teardown	PASS	PASS	PASS	PASS	0	2026-09-05T05:37:00Z	0.7150766790000489	0.82	0.04	122568704				fcd9236c7b02488d868feaf35166a472c73e9f9e6cc45fc6d7449a9edc7d4120	18573	/mnt/c/Users/genom/GitHub/LOSAT/docs/wasm-performance/PR01/cold/blastn/PesePMNV.MjPMNV.task_blastn/threaded-8/repeat-2/output.txt	
cold	blastn	PesePMNV.MjPMNV.task_blastn	threaded	8				3	True	False	cold-process-through-teardown	PASS	PASS	PASS	PASS	0	2026-09-05T05:37:01Z	0.7202313779998804	0.83	0.05	137863168				fcd9236c7b02488d868feaf35166a472c73e9f9e6cc45fc6d7449a9edc7d4120	18573	/mnt/c/Users/genom/GitHub/LOSAT/docs/wasm-performance/PR01/cold/blastn/PesePMNV.MjPMNV.task_blastn/threaded-8/repeat-3/output.txt	
cold	blastn	PesePMNV.MjPMNV.task_blastn	threaded	8				4	True	False	cold-process-through-teardown	PASS	PASS	PASS	PASS	0	2026-09-05T05:37:02Z	0.6856579080013034	0.83	0.02	124497920				fcd9236c7b02488d868feaf35166a472c73e9f9e6cc45fc6d7449a9edc7d4120	18573	/mnt/c/Users/genom/GitHub/LOSAT/docs/wasm-performance/PR01/cold/blastn/PesePMNV.MjPMNV.task_blastn/threaded-8/repeat-4/output.txt	
cold	blastn	PesePMNV.MjPMNV.task_blastn	threaded	8				5	True	False	cold-process-through-teardown	PASS	PASS	PASS	PASS	0	2026-09-05T05:37:03Z	0.7401438989982125	0.85	0.02	129024000				fcd9236c7b02488d868feaf35166a472c73e9f9e6cc45fc6d7449a9edc7d4120	18573	/mnt/c/Users/genom/GitHub/LOSAT/docs/wasm-performance/PR01/cold/blastn/PesePMNV.MjPMNV.task_blastn/threaded-8/repeat-5/output.txt	
cold	blastn	PesePMNV.MjPMNV.task_blastn	threaded	8	1	0		6	False	True	cold-process-through-teardown	PASS	PASS	PASS	PASS	0	2026-09-05T05:37:04Z	0.7310341709999193	0.84	0.03	135061504				fcd9236c7b02488d868feaf35166a472c73e9f9e6cc45fc6d7449a9edc7d4120	18573	/mnt/c/Users/genom/GitHub/LOSAT/docs/wasm-performance/PR01/cold/blastn/PesePMNV.MjPMNV.task_blastn/threaded-8/diagnostic/output.txt	
cold	blastn	EDL933.Sakai.megablast	native	1				0	False	False	cold-process-through-teardown	PASS	PASS	PASS	PASS	0	2026-09-05T05:37:06Z	1.0549523619993124	0.95	0.06	230273024				3a000ebc6294d85b000112cee74f8de78fd9e932532e8c07a17d84f6f1379b16	473434	/mnt/c/Users/genom/GitHub/LOSAT/docs/wasm-performance/PR01/cold/blastn/EDL933.Sakai.megablast/native-1/repeat-0/output.txt	
cold	blastn	EDL933.Sakai.megablast	native	1				1	True	False	cold-process-through-teardown	PASS	PASS	PASS	PASS	0	2026-09-05T05:37:07Z	1.0579841539984045	0.92	0.06	230543360				3a000ebc6294d85b000112cee74f8de78fd9e932532e8c07a17d84f6f1379b16	473434	/mnt/c/Users/genom/GitHub/LOSAT/docs/wasm-performance/PR01/cold/blastn/EDL933.Sakai.megablast/native-1/repeat-1/output.txt	
cold	blastn	EDL933.Sakai.megablast	native	1				2	True	False	cold-process-through-teardown	PASS	PASS	PASS	PASS	0	2026-09-05T05:37:08Z	1.0613255190000928	0.94	0.04	232095744				3a000ebc6294d85b000112cee74f8de78fd9e932532e8c07a17d84f6f1379b16	473434	/mnt/c/Users/genom/GitHub/LOSAT/docs/wasm-performance/PR01/cold/blastn/EDL933.Sakai.megablast/native-1/repeat-2/output.txt	
cold	blastn	EDL933.Sakai.megablast	native	1				3	True	False	cold-process-through-teardown	PASS	PASS	PASS	PASS	0	2026-09-05T05:37:09Z	1.084714876000362	0.94	0.05	231612416				3a000ebc6294d85b000112cee74f8de78fd9e932532e8c07a17d84f6f1379b16	473434	/mnt/c/Users/genom/GitHub/LOSAT/docs/wasm-performance/PR01/cold/blastn/EDL933.Sakai.megablast/native-1/repeat-3/output.txt	
cold	blastn	EDL933.Sakai.megablast	native	1				4	True	False	cold-process-through-teardown	PASS	PASS	PASS	PASS	0	2026-09-05T05:37:10Z	1.0806689210003242	0.94	0.04	231784448				3a000ebc6294d85b000112cee74f8de78fd9e932532e8c07a17d84f6f1379b16	473434	/mnt/c/Users/genom/GitHub/LOSAT/docs/wasm-performance/PR01/cold/blastn/EDL933.Sakai.megablast/native-1/repeat-4/output.txt	
cold	blastn	EDL933.Sakai.megablast	native	1				5	True	False	cold-process-through-teardown	PASS	PASS	PASS	PASS	0	2026-09-05T05:37:11Z	1.0573301930016896	0.93	0.06	231723008				3a000ebc6294d85b000112cee74f8de78fd9e932532e8c07a17d84f6f1379b16	473434	/mnt/c/Users/genom/GitHub/LOSAT/docs/wasm-performance/PR01/cold/blastn/EDL933.Sakai.megablast/native-1/repeat-5/output.txt	
cold	blastn	EDL933.Sakai.megablast	native	1				6	False	True	cold-process-through-teardown	PASS	PASS	PASS	PASS	0	2026-09-05T05:37:13Z	1.0705644520021451	0.93	0.06	232198144				3a000ebc6294d85b000112cee74f8de78fd9e932532e8c07a17d84f6f1379b16	473434	/mnt/c/Users/genom/GitHub/LOSAT/docs/wasm-performance/PR01/cold/blastn/EDL933.Sakai.megablast/native-1/diagnostic/output.txt	
cold	blastn	EDL933.Sakai.megablast	native	2				0	False	False	cold-process-through-teardown	PASS	PASS	PASS	PASS	0	2026-09-05T05:37:14Z	1.0611537160002626	0.95	0.06	236904448				3a000ebc6294d85b000112cee74f8de78fd9e932532e8c07a17d84f6f1379b16	473434	/mnt/c/Users/genom/GitHub/LOSAT/docs/wasm-performance/PR01/cold/blastn/EDL933.Sakai.megablast/native-2/repeat-0/output.txt	
cold	blastn	EDL933.Sakai.megablast	native	2				1	True	False	cold-process-through-teardown	PASS	PASS	PASS	PASS	0	2026-09-05T05:37:15Z	1.116445453997585	0.91	0.08	233328640				3a000ebc6294d85b000112cee74f8de78fd9e932532e8c07a17d84f6f1379b16	473434	/mnt/c/Users/genom/GitHub/LOSAT/docs/wasm-performance/PR01/cold/blastn/EDL933.Sakai.megablast/native-2/repeat-1/output.txt	
cold	blastn	EDL933.Sakai.megablast	native	2				2	True	False	cold-process-through-teardown	PASS	PASS	PASS	PASS	0	2026-09-05T05:37:16Z	1.0465939169989724	0.89	0.1	233070592				3a000ebc6294d85b000112cee74f8de78fd9e932532e8c07a17d84f6f1379b16	473434	/mnt/c/Users/genom/GitHub/LOSAT/docs/wasm-performance/PR01/cold/blastn/EDL933.Sakai.megablast/native-2/repeat-2/output.txt	
cold	blastn	EDL933.Sakai.megablast	native	2				3	True	False	cold-process-through-teardown	PASS	PASS	PASS	PASS	0	2026-09-05T05:37:18Z	1.024018284999329	0.95	0.06	233451520				3a000ebc6294d85b000112cee74f8de78fd9e932532e8c07a17d84f6f1379b16	473434	/mnt/c/Users/genom/GitHub/LOSAT/docs/wasm-performance/PR01/cold/blastn/EDL933.Sakai.megablast/native-2/repeat-3/output.txt	
cold	blastn	EDL933.Sakai.megablast	native	2				4	True	False	cold-process-through-teardown	PASS	PASS	PASS	PASS	0	2026-09-05T05:37:19Z	0.9925893809995614	0.9	0.05	231563264				3a000ebc6294d85b000112cee74f8de78fd9e932532e8c07a17d84f6f1379b16	473434	/mnt/c/Users/genom/GitHub/LOSAT/docs/wasm-performance/PR01/cold/blastn/EDL933.Sakai.megablast/native-2/repeat-4/output.txt	
cold	blastn	EDL933.Sakai.megablast	native	2				5	True	False	cold-process-through-teardown	PASS	PASS	PASS	PASS	0	2026-09-05T05:37:20Z	1.0266534490001504	0.93	0.05	232763392				3a000ebc6294d85b000112cee74f8de78fd9e932532e8c07a17d84f6f1379b16	473434	/mnt/c/Users/genom/GitHub/LOSAT/docs/wasm-performance/PR01/cold/blastn/EDL933.Sakai.megablast/native-2/repeat-5/output.txt	
cold	blastn	EDL933.Sakai.megablast	native	2				6	False	True	cold-process-through-teardown	PASS	PASS	PASS	PASS	0	2026-09-05T05:37:21Z	1.0629468359984457	0.93	0.07	233222144				3a000ebc6294d85b000112cee74f8de78fd9e932532e8c07a17d84f6f1379b16	473434	/mnt/c/Users/genom/GitHub/LOSAT/docs/wasm-performance/PR01/cold/blastn/EDL933.Sakai.megablast/native-2/diagnostic/output.txt	
cold	blastn	EDL933.Sakai.megablast	native	4				0	False	False	cold-process-through-teardown	PASS	PASS	PASS	PASS	0	2026-09-05T05:37:22Z	1.1571550520020537	0.9	0.09	233230336				3a000ebc6294d85b000112cee74f8de78fd9e932532e8c07a17d84f6f1379b16	473434	/mnt/c/Users/genom/GitHub/LOSAT/docs/wasm-performance/PR01/cold/blastn/EDL933.Sakai.megablast/native-4/repeat-0/output.txt	
cold	blastn	EDL933.Sakai.megablast	native	4				1	True	False	cold-process-through-teardown	PASS	PASS	PASS	PASS	0	2026-09-05T05:37:24Z	1.0454914350011677	0.89	0.1	233426944				3a000ebc6294d85b000112cee74f8de78fd9e932532e8c07a17d84f6f1379b16	473434	/mnt/c/Users/genom/GitHub/LOSAT/docs/wasm-performance/PR01/cold/blastn/EDL933.Sakai.megablast/native-4/repeat-1/output.txt	
cold	blastn	EDL933.Sakai.megablast	native	4				2	True	False	cold-process-through-teardown	PASS	PASS	PASS	PASS	0	2026-09-05T05:37:25Z	1.0476071180019062	0.94	0.06	231358464				3a000ebc6294d85b000112cee74f8de78fd9e932532e8c07a17d84f6f1379b16	473434	/mnt/c/Users/genom/GitHub/LOSAT/docs/wasm-performance/PR01/cold/blastn/EDL933.Sakai.megablast/native-4/repeat-2/output.txt	
cold	blastn	EDL933.Sakai.megablast	native	4				3	True	False	cold-process-through-teardown	PASS	PASS	PASS	PASS	0	2026-09-05T05:37:26Z	1.0675159969978267	0.94	0.06	233078784				3a000ebc6294d85b000112cee74f8de78fd9e932532e8c07a17d84f6f1379b16	473434	/mnt/c/Users/genom/GitHub/LOSAT/docs/wasm-performance/PR01/cold/blastn/EDL933.Sakai.megablast/native-4/repeat-3/output.txt	
cold	blastn	EDL933.Sakai.megablast	native	4				4	True	False	cold-process-through-teardown	PASS	PASS	PASS	PASS	0	2026-09-05T05:37:28Z	1.061221469000884	0.96	0.04	233205760				3a000ebc6294d85b000112cee74f8de78fd9e932532e8c07a17d84f6f1379b16	473434	/mnt/c/Users/genom/GitHub/LOSAT/docs/wasm-performance/PR01/cold/blastn/EDL933.Sakai.megablast/native-4/repeat-4/output.txt	
cold	blastn	EDL933.Sakai.megablast	native	4				5	True	False	cold-process-through-teardown	PASS	PASS	PASS	PASS	0	2026-09-05T05:37:29Z	1.0536972549998609	0.93	0.06	233500672				3a000ebc6294d85b000112cee74f8de78fd9e932532e8c07a17d84f6f1379b16	473434	/mnt/c/Users/genom/GitHub/LOSAT/docs/wasm-performance/PR01/cold/blastn/EDL933.Sakai.megablast/native-4/repeat-5/output.txt	
cold	blastn	EDL933.Sakai.megablast	native	4				6	False	True	cold-process-through-teardown	PASS	PASS	PASS	PASS	0	2026-09-05T05:37:30Z	1.1064291820002836	0.95	0.07	233644032				3a000ebc6294d85b000112cee74f8de78fd9e932532e8c07a17d84f6f1379b16	473434	/mnt/c/Users/genom/GitHub/LOSAT/docs/wasm-performance/PR01/cold/blastn/EDL933.Sakai.megablast/native-4/diagnostic/output.txt	
cold	blastn	EDL933.Sakai.megablast	native	8				0	False	False	cold-process-through-teardown	PASS	PASS	PASS	PASS	0	2026-09-05T05:37:31Z	1.1795223940025608	0.97	0.05	235950080				3a000ebc6294d85b000112cee74f8de78fd9e932532e8c07a17d84f6f1379b16	473434	/mnt/c/Users/genom/GitHub/LOSAT/docs/wasm-performance/PR01/cold/blastn/EDL933.Sakai.megablast/native-8/repeat-0/output.txt	
cold	blastn	EDL933.Sakai.megablast	native	8				1	True	False	cold-process-through-teardown	PASS	PASS	PASS	PASS	0	2026-09-05T05:37:33Z	1.018386396997812	0.92	0.05	233455616				3a000ebc6294d85b000112cee74f8de78fd9e932532e8c07a17d84f6f1379b16	473434	/mnt/c/Users/genom/GitHub/LOSAT/docs/wasm-performance/PR01/cold/blastn/EDL933.Sakai.megablast/native-8/repeat-1/output.txt	
cold	blastn	EDL933.Sakai.megablast	native	8				2	True	False	cold-process-through-teardown	PASS	PASS	PASS	PASS	0	2026-09-05T05:37:34Z	1.0435865170002216	0.9	0.08	233271296				3a000ebc6294d85b000112cee74f8de78fd9e932532e8c07a17d84f6f1379b16	473434	/mnt/c/Users/genom/GitHub/LOSAT/docs/wasm-performance/PR01/cold/blastn/EDL933.Sakai.megablast/native-8/repeat-2/output.txt	
cold	blastn	EDL933.Sakai.megablast	native	8				3	True	False	cold-process-through-teardown	PASS	PASS	PASS	PASS	0	2026-09-05T05:37:35Z	1.0567639670007338	0.94	0.07	232939520				3a000ebc6294d85b000112cee74f8de78fd9e932532e8c07a17d84f6f1379b16	473434	/mnt/c/Users/genom/GitHub/LOSAT/docs/wasm-performance/PR01/cold/blastn/EDL933.Sakai.megablast/native-8/repeat-3/output.txt	
cold	blastn	EDL933.Sakai.megablast	native	8				4	True	False	cold-process-through-teardown	PASS	PASS	PASS	PASS	0	2026-09-05T05:37:36Z	1.0107459270002437	0.93	0.05	233381888				3a000ebc6294d85b000112cee74f8de78fd9e932532e8c07a17d84f6f1379b16	473434	/mnt/c/Users/genom/GitHub/LOSAT/docs/wasm-performance/PR01/cold/blastn/EDL933.Sakai.megablast/native-8/repeat-4/output.txt	
cold	blastn	EDL933.Sakai.megablast	native	8				5	True	False	cold-process-through-teardown	PASS	PASS	PASS	PASS	0	2026-09-05T05:37:38Z	1.0529665920003026	0.97	0.03	232992768				3a000ebc6294d85b000112cee74f8de78fd9e932532e8c07a17d84f6f1379b16	473434	/mnt/c/Users/genom/GitHub/LOSAT/docs/wasm-performance/PR01/cold/blastn/EDL933.Sakai.megablast/native-8/repeat-5/output.txt	
cold	blastn	EDL933.Sakai.megablast	native	8				6	False	True	cold-process-through-teardown	PASS	PASS	PASS	PASS	0	2026-09-05T05:37:39Z	1.0587513009995746	0.93	0.06	233480192				3a000ebc6294d85b000112cee74f8de78fd9e932532e8c07a17d84f6f1379b16	473434	/mnt/c/Users/genom/GitHub/LOSAT/docs/wasm-performance/PR01/cold/blastn/EDL933.Sakai.megablast/native-8/diagnostic/output.txt	
cold	blastn	EDL933.Sakai.megablast	serial	1	1			0	False	False	cold-process-through-teardown	PASS	PASS	PASS	PASS	0	2026-09-05T05:37:40Z	1.6953642170010426	1.82	0.06	314322944				3a000ebc6294d85b000112cee74f8de78fd9e932532e8c07a17d84f6f1379b16	473434	/mnt/c/Users/genom/GitHub/LOSAT/docs/wasm-performance/PR01/cold/blastn/EDL933.Sakai.megablast/serial-1/repeat-0/output.txt	
cold	blastn	EDL933.Sakai.megablast	serial	1	1			1	True	False	cold-process-through-teardown	PASS	PASS	PASS	PASS	0	2026-09-05T05:37:42Z	1.717029637999076	1.83	0.06	314122240				3a000ebc6294d85b000112cee74f8de78fd9e932532e8c07a17d84f6f1379b16	473434	/mnt/c/Users/genom/GitHub/LOSAT/docs/wasm-performance/PR01/cold/blastn/EDL933.Sakai.megablast/serial-1/repeat-1/output.txt	
cold	blastn	EDL933.Sakai.megablast	serial	1	1			2	True	False	cold-process-through-teardown	PASS	PASS	PASS	PASS	0	2026-09-05T05:37:43Z	1.7177571960019122	1.8	0.11	312877056				3a000ebc6294d85b000112cee74f8de78fd9e932532e8c07a17d84f6f1379b16	473434	/mnt/c/Users/genom/GitHub/LOSAT/docs/wasm-performance/PR01/cold/blastn/EDL933.Sakai.megablast/serial-1/repeat-2/output.txt	
cold	blastn	EDL933.Sakai.megablast	serial	1	1			3	True	False	cold-process-through-teardown	PASS	PASS	PASS	PASS	0	2026-09-05T05:37:45Z	1.8214859559993783	1.84	0.12	311762944				3a000ebc6294d85b000112cee74f8de78fd9e932532e8c07a17d84f6f1379b16	473434	/mnt/c/Users/genom/GitHub/LOSAT/docs/wasm-performance/PR01/cold/blastn/EDL933.Sakai.megablast/serial-1/repeat-3/output.txt	
cold	blastn	EDL933.Sakai.megablast	serial	1	1			4	True	False	cold-process-through-teardown	PASS	PASS	PASS	PASS	0	2026-09-05T05:37:47Z	1.702244256000995	1.81	0.08	315703296				3a000ebc6294d85b000112cee74f8de78fd9e932532e8c07a17d84f6f1379b16	473434	/mnt/c/Users/genom/GitHub/LOSAT/docs/wasm-performance/PR01/cold/blastn/EDL933.Sakai.megablast/serial-1/repeat-4/output.txt	
cold	blastn	EDL933.Sakai.megablast	serial	1	1			5	True	False	cold-process-through-teardown	PASS	PASS	PASS	PASS	0	2026-09-05T05:37:49Z	1.7505670620012097	1.85	0.08	315576320				3a000ebc6294d85b000112cee74f8de78fd9e932532e8c07a17d84f6f1379b16	473434	/mnt/c/Users/genom/GitHub/LOSAT/docs/wasm-performance/PR01/cold/blastn/EDL933.Sakai.megablast/serial-1/repeat-5/output.txt	
cold	blastn	EDL933.Sakai.megablast	serial	1	1			6	False	True	cold-process-through-teardown	PASS	PASS	PASS	PASS	0	2026-09-05T05:37:51Z	1.8804169710019778	1.87	0.12	315080704				3a000ebc6294d85b000112cee74f8de78fd9e932532e8c07a17d84f6f1379b16	473434	/mnt/c/Users/genom/GitHub/LOSAT/docs/wasm-performance/PR01/cold/blastn/EDL933.Sakai.megablast/serial-1/diagnostic/output.txt	
cold	blastn	EDL933.Sakai.megablast	threaded	1				0	False	False	cold-process-through-teardown	PASS	PASS	PASS	PASS	0	2026-09-05T05:37:53Z	1.6959696539997822	1.85	0.06	325083136				3a000ebc6294d85b000112cee74f8de78fd9e932532e8c07a17d84f6f1379b16	473434	/mnt/c/Users/genom/GitHub/LOSAT/docs/wasm-performance/PR01/cold/blastn/EDL933.Sakai.megablast/threaded-1/repeat-0/output.txt	
cold	blastn	EDL933.Sakai.megablast	threaded	1				1	True	False	cold-process-through-teardown	PASS	PASS	PASS	PASS	0	2026-09-05T05:37:55Z	1.7053036380020785	1.8	0.12	324562944				3a000ebc6294d85b000112cee74f8de78fd9e932532e8c07a17d84f6f1379b16	473434	/mnt/c/Users/genom/GitHub/LOSAT/docs/wasm-performance/PR01/cold/blastn/EDL933.Sakai.megablast/threaded-1/repeat-1/output.txt	
cold	blastn	EDL933.Sakai.megablast	threaded	1				2	True	False	cold-process-through-teardown	PASS	PASS	PASS	PASS	0	2026-09-05T05:37:57Z	1.8063203769997926	1.88	0.1	321687552				3a000ebc6294d85b000112cee74f8de78fd9e932532e8c07a17d84f6f1379b16	473434	/mnt/c/Users/genom/GitHub/LOSAT/docs/wasm-performance/PR01/cold/blastn/EDL933.Sakai.megablast/threaded-1/repeat-2/output.txt	
cold	blastn	EDL933.Sakai.megablast	threaded	1				3	True	False	cold-process-through-teardown	PASS	PASS	PASS	PASS	0	2026-09-05T05:37:59Z	1.7310757369996281	1.85	0.07	318382080				3a000ebc6294d85b000112cee74f8de78fd9e932532e8c07a17d84f6f1379b16	473434	/mnt/c/Users/genom/GitHub/LOSAT/docs/wasm-performance/PR01/cold/blastn/EDL933.Sakai.megablast/threaded-1/repeat-3/output.txt	
cold	blastn	EDL933.Sakai.megablast	threaded	1				4	True	False	cold-process-through-teardown	PASS	PASS	PASS	PASS	0	2026-09-05T05:38:00Z	1.7354095449991291	1.87	0.06	320827392				3a000ebc6294d85b000112cee74f8de78fd9e932532e8c07a17d84f6f1379b16	473434	/mnt/c/Users/genom/GitHub/LOSAT/docs/wasm-performance/PR01/cold/blastn/EDL933.Sakai.megablast/threaded-1/repeat-4/output.txt	
cold	blastn	EDL933.Sakai.megablast	threaded	1				5	True	False	cold-process-through-teardown	PASS	PASS	PASS	PASS	0	2026-09-05T05:38:02Z	1.9138102610013448	1.9	0.09	321703936				3a000ebc6294d85b000112cee74f8de78fd9e932532e8c07a17d84f6f1379b16	473434	/mnt/c/Users/genom/GitHub/LOSAT/docs/wasm-performance/PR01/cold/blastn/EDL933.Sakai.megablast/threaded-1/repeat-5/output.txt	
cold	blastn	EDL933.Sakai.megablast	threaded	1		0		6	False	True	cold-process-through-teardown	PASS	PASS	PASS	PASS	0	2026-09-05T05:38:04Z	1.7505144699971424	1.84	0.08	324104192				3a000ebc6294d85b000112cee74f8de78fd9e932532e8c07a17d84f6f1379b16	473434	/mnt/c/Users/genom/GitHub/LOSAT/docs/wasm-performance/PR01/cold/blastn/EDL933.Sakai.megablast/threaded-1/diagnostic/output.txt	
cold	blastn	EDL933.Sakai.megablast	threaded	2				0	False	False	cold-process-through-teardown	PASS	PASS	PASS	PASS	0	2026-09-05T05:38:06Z	1.8159017479993054	1.88	0.09	331563008				3a000ebc6294d85b000112cee74f8de78fd9e932532e8c07a17d84f6f1379b16	473434	/mnt/c/Users/genom/GitHub/LOSAT/docs/wasm-performance/PR01/cold/blastn/EDL933.Sakai.megablast/threaded-2/repeat-0/output.txt	
cold	blastn	EDL933.Sakai.megablast	threaded	2				1	True	False	cold-process-through-teardown	PASS	PASS	PASS	PASS	0	2026-09-05T05:38:08Z	1.8034307080015424	1.9	0.07	333795328				3a000ebc6294d85b000112cee74f8de78fd9e932532e8c07a17d84f6f1379b16	473434	/mnt/c/Users/genom/GitHub/LOSAT/docs/wasm-performance/PR01/cold/blastn/EDL933.Sakai.megablast/threaded-2/repeat-1/output.txt	
cold	blastn	EDL933.Sakai.megablast	threaded	2				2	True	False	cold-process-through-teardown	PASS	PASS	PASS	PASS	0	2026-09-05T05:38:10Z	1.7322868570008723	1.9	0.03	334270464				3a000ebc6294d85b000112cee74f8de78fd9e932532e8c07a17d84f6f1379b16	473434	/mnt/c/Users/genom/GitHub/LOSAT/docs/wasm-performance/PR01/cold/blastn/EDL933.Sakai.megablast/threaded-2/repeat-2/output.txt	
cold	blastn	EDL933.Sakai.megablast	threaded	2				3	True	False	cold-process-through-teardown	PASS	PASS	PASS	PASS	0	2026-09-05T05:38:12Z	1.742112552998151	1.86	0.11	329486336				3a000ebc6294d85b000112cee74f8de78fd9e932532e8c07a17d84f6f1379b16	473434	/mnt/c/Users/genom/GitHub/LOSAT/docs/wasm-performance/PR01/cold/blastn/EDL933.Sakai.megablast/threaded-2/repeat-3/output.txt	
cold	blastn	EDL933.Sakai.megablast	threaded	2				4	True	False	cold-process-through-teardown	PASS	PASS	PASS	PASS	0	2026-09-05T05:38:14Z	1.7783218399999896	1.91	0.06	332541952				3a000ebc6294d85b000112cee74f8de78fd9e932532e8c07a17d84f6f1379b16	473434	/mnt/c/Users/genom/GitHub/LOSAT/docs/wasm-performance/PR01/cold/blastn/EDL933.Sakai.megablast/threaded-2/repeat-4/output.txt	
cold	blastn	EDL933.Sakai.megablast	threaded	2				5	True	False	cold-process-through-teardown	PASS	PASS	PASS	PASS	0	2026-09-05T05:38:16Z	1.749088992997713	1.9	0.09	336273408				3a000ebc6294d85b000112cee74f8de78fd9e932532e8c07a17d84f6f1379b16	473434	/mnt/c/Users/genom/GitHub/LOSAT/docs/wasm-performance/PR01/cold/blastn/EDL933.Sakai.megablast/threaded-2/repeat-5/output.txt	
cold	blastn	EDL933.Sakai.megablast	threaded	2	2	1		6	False	True	cold-process-through-teardown	PASS	PASS	PASS	PASS	0	2026-09-05T05:38:18Z	1.8110297469975194	1.87	0.14	339398656				3a000ebc6294d85b000112cee74f8de78fd9e932532e8c07a17d84f6f1379b16	473434	/mnt/c/Users/genom/GitHub/LOSAT/docs/wasm-performance/PR01/cold/blastn/EDL933.Sakai.megablast/threaded-2/diagnostic/output.txt	
cold	blastn	EDL933.Sakai.megablast	threaded	4				0	False	False	cold-process-through-teardown	PASS	PASS	PASS	PASS	0	2026-09-05T05:38:20Z	1.9475234279998404	1.94	0.1	357629952				3a000ebc6294d85b000112cee74f8de78fd9e932532e8c07a17d84f6f1379b16	473434	/mnt/c/Users/genom/GitHub/LOSAT/docs/wasm-performance/PR01/cold/blastn/EDL933.Sakai.megablast/threaded-4/repeat-0/output.txt	
cold	blastn	EDL933.Sakai.megablast	threaded	4				1	True	False	cold-process-through-teardown	PASS	PASS	PASS	PASS	0	2026-09-05T05:38:22Z	1.9931467859969416	2.0	0.08	363855872				3a000ebc6294d85b000112cee74f8de78fd9e932532e8c07a17d84f6f1379b16	473434	/mnt/c/Users/genom/GitHub/LOSAT/docs/wasm-performance/PR01/cold/blastn/EDL933.Sakai.megablast/threaded-4/repeat-1/output.txt	
cold	blastn	EDL933.Sakai.megablast	threaded	4				2	True	False	cold-process-through-teardown	PASS	PASS	PASS	PASS	0	2026-09-05T05:38:24Z	1.842043743999966	1.96	0.07	351571968				3a000ebc6294d85b000112cee74f8de78fd9e932532e8c07a17d84f6f1379b16	473434	/mnt/c/Users/genom/GitHub/LOSAT/docs/wasm-performance/PR01/cold/blastn/EDL933.Sakai.megablast/threaded-4/repeat-2/output.txt	
cold	blastn	EDL933.Sakai.megablast	threaded	4				3	True	False	cold-process-through-teardown	PASS	PASS	PASS	PASS	0	2026-09-05T05:38:26Z	1.8285773130010057	1.98	0.09	356835328				3a000ebc6294d85b000112cee74f8de78fd9e932532e8c07a17d84f6f1379b16	473434	/mnt/c/Users/genom/GitHub/LOSAT/docs/wasm-performance/PR01/cold/blastn/EDL933.Sakai.megablast/threaded-4/repeat-3/output.txt	
cold	blastn	EDL933.Sakai.megablast	threaded	4				4	True	False	cold-process-through-teardown	PASS	PASS	PASS	PASS	0	2026-09-05T05:38:28Z	1.8176280269981362	1.91	0.14	364494848				3a000ebc6294d85b000112cee74f8de78fd9e932532e8c07a17d84f6f1379b16	473434	/mnt/c/Users/genom/GitHub/LOSAT/docs/wasm-performance/PR01/cold/blastn/EDL933.Sakai.megablast/threaded-4/repeat-4/output.txt	
cold	blastn	EDL933.Sakai.megablast	threaded	4				5	True	False	cold-process-through-teardown	PASS	PASS	PASS	PASS	0	2026-09-05T05:38:30Z	1.846295667000959	1.99	0.06	354865152				3a000ebc6294d85b000112cee74f8de78fd9e932532e8c07a17d84f6f1379b16	473434	/mnt/c/Users/genom/GitHub/LOSAT/docs/wasm-performance/PR01/cold/blastn/EDL933.Sakai.megablast/threaded-4/repeat-5/output.txt	
cold	blastn	EDL933.Sakai.megablast	threaded	4	4	3		6	False	True	cold-process-through-teardown	PASS	PASS	PASS	PASS	0	2026-09-05T05:38:32Z	1.8692739749967586	1.95	0.13	363507712				3a000ebc6294d85b000112cee74f8de78fd9e932532e8c07a17d84f6f1379b16	473434	/mnt/c/Users/genom/GitHub/LOSAT/docs/wasm-performance/PR01/cold/blastn/EDL933.Sakai.megablast/threaded-4/diagnostic/output.txt	
cold	blastn	EDL933.Sakai.megablast	threaded	8				0	False	False	cold-process-through-teardown	PASS	PASS	PASS	PASS	0	2026-09-05T05:38:34Z	2.113330885000323	2.01	0.19	412950528				3a000ebc6294d85b000112cee74f8de78fd9e932532e8c07a17d84f6f1379b16	473434	/mnt/c/Users/genom/GitHub/LOSAT/docs/wasm-performance/PR01/cold/blastn/EDL933.Sakai.megablast/threaded-8/repeat-0/output.txt	
cold	blastn	EDL933.Sakai.megablast	threaded	8				1	True	False	cold-process-through-teardown	PASS	PASS	PASS	PASS	0	2026-09-05T05:38:36Z	2.0572194429987576	2.07	0.16	399867904				3a000ebc6294d85b000112cee74f8de78fd9e932532e8c07a17d84f6f1379b16	473434	/mnt/c/Users/genom/GitHub/LOSAT/docs/wasm-performance/PR01/cold/blastn/EDL933.Sakai.megablast/threaded-8/repeat-1/output.txt	
cold	blastn	EDL933.Sakai.megablast	threaded	8				2	True	False	cold-process-through-teardown	PASS	PASS	PASS	PASS	0	2026-09-05T05:38:38Z	1.9828483470009814	2.07	0.12	398467072				3a000ebc6294d85b000112cee74f8de78fd9e932532e8c07a17d84f6f1379b16	473434	/mnt/c/Users/genom/GitHub/LOSAT/docs/wasm-performance/PR01/cold/blastn/EDL933.Sakai.megablast/threaded-8/repeat-2/output.txt	
cold	blastn	EDL933.Sakai.megablast	threaded	8				3	True	False	cold-process-through-teardown	PASS	PASS	PASS	PASS	0	2026-09-05T05:38:40Z	2.0123757389992534	2.09	0.1	394211328				3a000ebc6294d85b000112cee74f8de78fd9e932532e8c07a17d84f6f1379b16	473434	/mnt/c/Users/genom/GitHub/LOSAT/docs/wasm-performance/PR01/cold/blastn/EDL933.Sakai.megablast/threaded-8/repeat-3/output.txt	
cold	blastn	EDL933.Sakai.megablast	threaded	8				4	True	False	cold-process-through-teardown	PASS	PASS	PASS	PASS	0	2026-09-05T05:38:42Z	1.961078524000186	1.97	0.19	397447168				3a000ebc6294d85b000112cee74f8de78fd9e932532e8c07a17d84f6f1379b16	473434	/mnt/c/Users/genom/GitHub/LOSAT/docs/wasm-performance/PR01/cold/blastn/EDL933.Sakai.megablast/threaded-8/repeat-4/output.txt	
cold	blastn	EDL933.Sakai.megablast	threaded	8				5	True	False	cold-process-through-teardown	PASS	PASS	PASS	PASS	0	2026-09-05T05:38:44Z	2.0654804189980496	2.14	0.07	397733888				3a000ebc6294d85b000112cee74f8de78fd9e932532e8c07a17d84f6f1379b16	473434	/mnt/c/Users/genom/GitHub/LOSAT/docs/wasm-performance/PR01/cold/blastn/EDL933.Sakai.megablast/threaded-8/repeat-5/output.txt	
cold	blastn	EDL933.Sakai.megablast	threaded	8	8	7		6	False	True	cold-process-through-teardown	PASS	PASS	PASS	PASS	0	2026-09-05T05:38:47Z	2.149708991000807	2.11	0.11	398540800				3a000ebc6294d85b000112cee74f8de78fd9e932532e8c07a17d84f6f1379b16	473434	/mnt/c/Users/genom/GitHub/LOSAT/docs/wasm-performance/PR01/cold/blastn/EDL933.Sakai.megablast/threaded-8/diagnostic/output.txt	
cold	blastn	compact.multi_query.outfmt6	native	1				0	False	False	cold-process-through-teardown	PASS	PASS	PASS	PASS	0	2026-09-05T05:38:49Z	0.047947918999852845	0.0	0.0	4812800				ac4a20b64c8da3eaea725ed09dc89880294f58e971b7207c943489faacdbe03e	154	/mnt/c/Users/genom/GitHub/LOSAT/docs/wasm-performance/PR01/cold/blastn/compact.multi_query.outfmt6/native-1/repeat-0/output.txt	
cold	blastn	compact.multi_query.outfmt6	native	1				1	True	False	cold-process-through-teardown	PASS	PASS	PASS	PASS	0	2026-09-05T05:38:49Z	0.037165832000027876	0.0	0.0	4661248				ac4a20b64c8da3eaea725ed09dc89880294f58e971b7207c943489faacdbe03e	154	/mnt/c/Users/genom/GitHub/LOSAT/docs/wasm-performance/PR01/cold/blastn/compact.multi_query.outfmt6/native-1/repeat-1/output.txt	
cold	blastn	compact.multi_query.outfmt6	native	1				2	True	False	cold-process-through-teardown	PASS	PASS	PASS	PASS	0	2026-09-05T05:38:49Z	0.06114543999865418	0.0	0.0	4743168				ac4a20b64c8da3eaea725ed09dc89880294f58e971b7207c943489faacdbe03e	154	/mnt/c/Users/genom/GitHub/LOSAT/docs/wasm-performance/PR01/cold/blastn/compact.multi_query.outfmt6/native-1/repeat-2/output.txt	
cold	blastn	compact.multi_query.outfmt6	native	1				3	True	False	cold-process-through-teardown	PASS	PASS	PASS	PASS	0	2026-09-05T05:38:49Z	0.026280947000486776	0.0	0.0	4763648				ac4a20b64c8da3eaea725ed09dc89880294f58e971b7207c943489faacdbe03e	154	/mnt/c/Users/genom/GitHub/LOSAT/docs/wasm-performance/PR01/cold/blastn/compact.multi_query.outfmt6/native-1/repeat-3/output.txt	
cold	blastn	compact.multi_query.outfmt6	native	1				4	True	False	cold-process-through-teardown	PASS	PASS	PASS	PASS	0	2026-09-05T05:38:49Z	0.05676903200219385	0.0	0.0	4472832				ac4a20b64c8da3eaea725ed09dc89880294f58e971b7207c943489faacdbe03e	154	/mnt/c/Users/genom/GitHub/LOSAT/docs/wasm-performance/PR01/cold/blastn/compact.multi_query.outfmt6/native-1/repeat-4/output.txt	
cold	blastn	compact.multi_query.outfmt6	native	1				5	True	False	cold-process-through-teardown	PASS	PASS	PASS	PASS	0	2026-09-05T05:38:50Z	0.010866233002161607	0.0	0.0	4583424				ac4a20b64c8da3eaea725ed09dc89880294f58e971b7207c943489faacdbe03e	154	/mnt/c/Users/genom/GitHub/LOSAT/docs/wasm-performance/PR01/cold/blastn/compact.multi_query.outfmt6/native-1/repeat-5/output.txt	
cold	blastn	compact.multi_query.outfmt6	native	1				6	False	True	cold-process-through-teardown	PASS	PASS	PASS	PASS	0	2026-09-05T05:38:50Z	0.1319273430017347	0.0	0.0	4583424				ac4a20b64c8da3eaea725ed09dc89880294f58e971b7207c943489faacdbe03e	154	/mnt/c/Users/genom/GitHub/LOSAT/docs/wasm-performance/PR01/cold/blastn/compact.multi_query.outfmt6/native-1/diagnostic/output.txt	
cold	blastn	compact.multi_query.outfmt6	native	2				0	False	False	cold-process-through-teardown	PASS	PASS	PASS	PASS	0	2026-09-05T05:38:50Z	0.017088107000745367	0.0	0.0	5148672				ac4a20b64c8da3eaea725ed09dc89880294f58e971b7207c943489faacdbe03e	154	/mnt/c/Users/genom/GitHub/LOSAT/docs/wasm-performance/PR01/cold/blastn/compact.multi_query.outfmt6/native-2/repeat-0/output.txt	
cold	blastn	compact.multi_query.outfmt6	native	2				1	True	False	cold-process-through-teardown	PASS	PASS	PASS	PASS	0	2026-09-05T05:38:50Z	0.049476369997137226	0.0	0.0	5087232				ac4a20b64c8da3eaea725ed09dc89880294f58e971b7207c943489faacdbe03e	154	/mnt/c/Users/genom/GitHub/LOSAT/docs/wasm-performance/PR01/cold/blastn/compact.multi_query.outfmt6/native-2/repeat-1/output.txt	
cold	blastn	compact.multi_query.outfmt6	native	2				2	True	False	cold-process-through-teardown	PASS	PASS	PASS	PASS	0	2026-09-05T05:38:50Z	0.060580883000511676	0.0	0.0	5124096				ac4a20b64c8da3eaea725ed09dc89880294f58e971b7207c943489faacdbe03e	154	/mnt/c/Users/genom/GitHub/LOSAT/docs/wasm-performance/PR01/cold/blastn/compact.multi_query.outfmt6/native-2/repeat-2/output.txt	
cold	blastn	compact.multi_query.outfmt6	native	2				3	True	False	cold-process-through-teardown	PASS	PASS	PASS	PASS	0	2026-09-05T05:38:50Z	0.010184276001382386	0.0	0.0	5103616				ac4a20b64c8da3eaea725ed09dc89880294f58e971b7207c943489faacdbe03e	154	/mnt/c/Users/genom/GitHub/LOSAT/docs/wasm-performance/PR01/cold/blastn/compact.multi_query.outfmt6/native-2/repeat-3/output.txt	
cold	blastn	compact.multi_query.outfmt6	native	2				4	True	False	cold-process-through-teardown	PASS	PASS	PASS	PASS	0	2026-09-05T05:38:50Z	0.023813437001081184	0.0	0.0	5091328				ac4a20b64c8da3eaea725ed09dc89880294f58e971b7207c943489faacdbe03e	154	/mnt/c/Users/genom/GitHub/LOSAT/docs/wasm-performance/PR01/cold/blastn/compact.multi_query.outfmt6/native-2/repeat-4/output.txt	
cold	blastn	compact.multi_query.outfmt6	native	2				5	True	False	cold-process-through-teardown	PASS	PASS	PASS	PASS	0	2026-09-05T05:38:51Z	0.012084001002222067	0.0	0.0	5038080				ac4a20b64c8da3eaea725ed09dc89880294f58e971b7207c943489faacdbe03e	154	/mnt/c/Users/genom/GitHub/LOSAT/docs/wasm-performance/PR01/cold/blastn/compact.multi_query.outfmt6/native-2/repeat-5/output.txt	
cold	blastn	compact.multi_query.outfmt6	native	2				6	False	True	cold-process-through-teardown	PASS	PASS	PASS	PASS	0	2026-09-05T05:38:51Z	0.03954278700257419	0.0	0.0	5091328				ac4a20b64c8da3eaea725ed09dc89880294f58e971b7207c943489faacdbe03e	154	/mnt/c/Users/genom/GitHub/LOSAT/docs/wasm-performance/PR01/cold/blastn/compact.multi_query.outfmt6/native-2/diagnostic/output.txt	
cold	blastn	compact.multi_query.outfmt6	native	4				0	False	False	cold-process-through-teardown	PASS	PASS	PASS	PASS	0	2026-09-05T05:38:51Z	0.03876718199899187	0.0	0.0	5124096				ac4a20b64c8da3eaea725ed09dc89880294f58e971b7207c943489faacdbe03e	154	/mnt/c/Users/genom/GitHub/LOSAT/docs/wasm-performance/PR01/cold/blastn/compact.multi_query.outfmt6/native-4/repeat-0/output.txt	
cold	blastn	compact.multi_query.outfmt6	native	4				1	True	False	cold-process-through-teardown	PASS	PASS	PASS	PASS	0	2026-09-05T05:38:51Z	0.05171684400193044	0.0	0.0	4984832				ac4a20b64c8da3eaea725ed09dc89880294f58e971b7207c943489faacdbe03e	154	/mnt/c/Users/genom/GitHub/LOSAT/docs/wasm-performance/PR01/cold/blastn/compact.multi_query.outfmt6/native-4/repeat-1/output.txt	
cold	blastn	compact.multi_query.outfmt6	native	4				2	True	False	cold-process-through-teardown	PASS	PASS	PASS	PASS	0	2026-09-05T05:38:51Z	0.04069909199824906	0.0	0.0	5226496				ac4a20b64c8da3eaea725ed09dc89880294f58e971b7207c943489faacdbe03e	154	/mnt/c/Users/genom/GitHub/LOSAT/docs/wasm-performance/PR01/cold/blastn/compact.multi_query.outfmt6/native-4/repeat-2/output.txt	
cold	blastn	compact.multi_query.outfmt6	native	4				3	True	False	cold-process-through-teardown	PASS	PASS	PASS	PASS	0	2026-09-05T05:38:51Z	0.054464644999825396	0.0	0.0	5062656				ac4a20b64c8da3eaea725ed09dc89880294f58e971b7207c943489faacdbe03e	154	/mnt/c/Users/genom/GitHub/LOSAT/docs/wasm-performance/PR01/cold/blastn/compact.multi_query.outfmt6/native-4/repeat-3/output.txt	
cold	blastn	compact.multi_query.outfmt6	native	4				4	True	False	cold-process-through-teardown	PASS	PASS	PASS	PASS	0	2026-09-05T05:38:52Z	0.04140277899932698	0.0	0.0	4964352				ac4a20b64c8da3eaea725ed09dc89880294f58e971b7207c943489faacdbe03e	154	/mnt/c/Users/genom/GitHub/LOSAT/docs/wasm-performance/PR01/cold/blastn/compact.multi_query.outfmt6/native-4/repeat-4/output.txt	
cold	blastn	compact.multi_query.outfmt6	native	4				5	True	False	cold-process-through-teardown	PASS	PASS	PASS	PASS	0	2026-09-05T05:38:52Z	0.037875527999858605	0.0	0.0	5042176				ac4a20b64c8da3eaea725ed09dc89880294f58e971b7207c943489faacdbe03e	154	/mnt/c/Users/genom/GitHub/LOSAT/docs/wasm-performance/PR01/cold/blastn/compact.multi_query.outfmt6/native-4/repeat-5/output.txt	
cold	blastn	compact.multi_query.outfmt6	native	4				6	False	True	cold-process-through-teardown	PASS	PASS	PASS	PASS	0	2026-09-05T05:38:52Z	0.033256323000387056	0.0	0.0	4968448				ac4a20b64c8da3eaea725ed09dc89880294f58e971b7207c943489faacdbe03e	154	/mnt/c/Users/genom/GitHub/LOSAT/docs/wasm-performance/PR01/cold/blastn/compact.multi_query.outfmt6/native-4/diagnostic/output.txt	
cold	blastn	compact.multi_query.outfmt6	native	8				0	False	False	cold-process-through-teardown	PASS	PASS	PASS	PASS	0	2026-09-05T05:38:52Z	0.020478393998928368	0.0	0.0	5083136				ac4a20b64c8da3eaea725ed09dc89880294f58e971b7207c943489faacdbe03e	154	/mnt/c/Users/genom/GitHub/LOSAT/docs/wasm-performance/PR01/cold/blastn/compact.multi_query.outfmt6/native-8/repeat-0/output.txt	
cold	blastn	compact.multi_query.outfmt6	native	8				1	True	False	cold-process-through-teardown	PASS	PASS	PASS	PASS	0	2026-09-05T05:38:52Z	0.010112767002283363	0.0	0.0	5160960				ac4a20b64c8da3eaea725ed09dc89880294f58e971b7207c943489faacdbe03e	154	/mnt/c/Users/genom/GitHub/LOSAT/docs/wasm-performance/PR01/cold/blastn/compact.multi_query.outfmt6/native-8/repeat-1/output.txt	
cold	blastn	compact.multi_query.outfmt6	native	8				2	True	False	cold-process-through-teardown	PASS	PASS	PASS	PASS	0	2026-09-05T05:38:52Z	0.0711269759995048	0.0	0.0	5181440				ac4a20b64c8da3eaea725ed09dc89880294f58e971b7207c943489faacdbe03e	154	/mnt/c/Users/genom/GitHub/LOSAT/docs/wasm-performance/PR01/cold/blastn/compact.multi_query.outfmt6/native-8/repeat-2/output.txt	
cold	blastn	compact.multi_query.outfmt6	native	8				3	True	False	cold-process-through-teardown	PASS	PASS	PASS	PASS	0	2026-09-05T05:38:52Z	0.014524973998049973	0.0	0.0	7229440				ac4a20b64c8da3eaea725ed09dc89880294f58e971b7207c943489faacdbe03e	154	/mnt/c/Users/genom/GitHub/LOSAT/docs/wasm-performance/PR01/cold/blastn/compact.multi_query.outfmt6/native-8/repeat-3/output.txt	
cold	blastn	compact.multi_query.outfmt6	native	8				4	True	False	cold-process-through-teardown	PASS	PASS	PASS	PASS	0	2026-09-05T05:38:52Z	0.029611313999339473	0.0	0.0	5320704				ac4a20b64c8da3eaea725ed09dc89880294f58e971b7207c943489faacdbe03e	154	/mnt/c/Users/genom/GitHub/LOSAT/docs/wasm-performance/PR01/cold/blastn/compact.multi_query.outfmt6/native-8/repeat-4/output.txt	
cold	blastn	compact.multi_query.outfmt6	native	8				5	True	False	cold-process-through-teardown	PASS	PASS	PASS	PASS	0	2026-09-05T05:38:52Z	0.05019504399751895	0.0	0.0	5189632				ac4a20b64c8da3eaea725ed09dc89880294f58e971b7207c943489faacdbe03e	154	/mnt/c/Users/genom/GitHub/LOSAT/docs/wasm-performance/PR01/cold/blastn/compact.multi_query.outfmt6/native-8/repeat-5/output.txt	
cold	blastn	compact.multi_query.outfmt6	native	8				6	False	True	cold-process-through-teardown	PASS	PASS	PASS	PASS	0	2026-09-05T05:38:53Z	0.05626928000128828	0.0	0.0	5234688				ac4a20b64c8da3eaea725ed09dc89880294f58e971b7207c943489faacdbe03e	154	/mnt/c/Users/genom/GitHub/LOSAT/docs/wasm-performance/PR01/cold/blastn/compact.multi_query.outfmt6/native-8/diagnostic/output.txt	
cold	blastn	compact.multi_query.outfmt6	serial	1	1			0	False	False	cold-process-through-teardown	PASS	PASS	PASS	PASS	0	2026-09-05T05:38:53Z	0.17623747499965248	0.17	0.04	103227392				ac4a20b64c8da3eaea725ed09dc89880294f58e971b7207c943489faacdbe03e	154	/mnt/c/Users/genom/GitHub/LOSAT/docs/wasm-performance/PR01/cold/blastn/compact.multi_query.outfmt6/serial-1/repeat-0/output.txt	
cold	blastn	compact.multi_query.outfmt6	serial	1	1			1	True	False	cold-process-through-teardown	PASS	PASS	PASS	PASS	0	2026-09-05T05:38:53Z	0.17709946099785157	0.18	0.03	106041344				ac4a20b64c8da3eaea725ed09dc89880294f58e971b7207c943489faacdbe03e	154	/mnt/c/Users/genom/GitHub/LOSAT/docs/wasm-performance/PR01/cold/blastn/compact.multi_query.outfmt6/serial-1/repeat-1/output.txt	
cold	blastn	compact.multi_query.outfmt6	serial	1	1			2	True	False	cold-process-through-teardown	PASS	PASS	PASS	PASS	0	2026-09-05T05:38:53Z	0.15049427899793955	0.19	0.01	104321024				ac4a20b64c8da3eaea725ed09dc89880294f58e971b7207c943489faacdbe03e	154	/mnt/c/Users/genom/GitHub/LOSAT/docs/wasm-performance/PR01/cold/blastn/compact.multi_query.outfmt6/serial-1/repeat-2/output.txt	
cold	blastn	compact.multi_query.outfmt6	serial	1	1			3	True	False	cold-process-through-teardown	PASS	PASS	PASS	PASS	0	2026-09-05T05:38:53Z	0.15700535900032264	0.16	0.04	106356736				ac4a20b64c8da3eaea725ed09dc89880294f58e971b7207c943489faacdbe03e	154	/mnt/c/Users/genom/GitHub/LOSAT/docs/wasm-performance/PR01/cold/blastn/compact.multi_query.outfmt6/serial-1/repeat-3/output.txt	
cold	blastn	compact.multi_query.outfmt6	serial	1	1			4	True	False	cold-process-through-teardown	PASS	PASS	PASS	PASS	0	2026-09-05T05:38:54Z	0.1806918139991467	0.21	0.0	105177088				ac4a20b64c8da3eaea725ed09dc89880294f58e971b7207c943489faacdbe03e	154	/mnt/c/Users/genom/GitHub/LOSAT/docs/wasm-performance/PR01/cold/blastn/compact.multi_query.outfmt6/serial-1/repeat-4/output.txt	
cold	blastn	compact.multi_query.outfmt6	serial	1	1			5	True	False	cold-process-through-teardown	PASS	PASS	PASS	PASS	0	2026-09-05T05:38:54Z	0.16748444400218432	0.18	0.03	105754624				ac4a20b64c8da3eaea725ed09dc89880294f58e971b7207c943489faacdbe03e	154	/mnt/c/Users/genom/GitHub/LOSAT/docs/wasm-performance/PR01/cold/blastn/compact.multi_query.outfmt6/serial-1/repeat-5/output.txt	
cold	blastn	compact.multi_query.outfmt6	serial	1	1			6	False	True	cold-process-through-teardown	PASS	PASS	PASS	PASS	0	2026-09-05T05:38:54Z	0.16901827299807337	0.18	0.03	104337408				ac4a20b64c8da3eaea725ed09dc89880294f58e971b7207c943489faacdbe03e	154	/mnt/c/Users/genom/GitHub/LOSAT/docs/wasm-performance/PR01/cold/blastn/compact.multi_query.outfmt6/serial-1/diagnostic/output.txt	
cold	blastn	compact.multi_query.outfmt6	threaded	1				0	False	False	cold-process-through-teardown	PASS	PASS	PASS	PASS	0	2026-09-05T05:38:55Z	0.18779673499739147	0.22	0.02	111435776				ac4a20b64c8da3eaea725ed09dc89880294f58e971b7207c943489faacdbe03e	154	/mnt/c/Users/genom/GitHub/LOSAT/docs/wasm-performance/PR01/cold/blastn/compact.multi_query.outfmt6/threaded-1/repeat-0/output.txt	
cold	blastn	compact.multi_query.outfmt6	threaded	1				1	True	False	cold-process-through-teardown	PASS	PASS	PASS	PASS	0	2026-09-05T05:38:55Z	0.2412082940027176	0.24	0.01	110219264				ac4a20b64c8da3eaea725ed09dc89880294f58e971b7207c943489faacdbe03e	154	/mnt/c/Users/genom/GitHub/LOSAT/docs/wasm-performance/PR01/cold/blastn/compact.multi_query.outfmt6/threaded-1/repeat-1/output.txt	
cold	blastn	compact.multi_query.outfmt6	threaded	1				2	True	False	cold-process-through-teardown	PASS	PASS	PASS	PASS	0	2026-09-05T05:38:55Z	0.189441586000612	0.22	0.01	110628864				ac4a20b64c8da3eaea725ed09dc89880294f58e971b7207c943489faacdbe03e	154	/mnt/c/Users/genom/GitHub/LOSAT/docs/wasm-performance/PR01/cold/blastn/compact.multi_query.outfmt6/threaded-1/repeat-2/output.txt	
cold	blastn	compact.multi_query.outfmt6	threaded	1				3	True	False	cold-process-through-teardown	PASS	PASS	PASS	PASS	0	2026-09-05T05:38:55Z	0.15941794599712011	0.19	0.03	109744128				ac4a20b64c8da3eaea725ed09dc89880294f58e971b7207c943489faacdbe03e	154	/mnt/c/Users/genom/GitHub/LOSAT/docs/wasm-performance/PR01/cold/blastn/compact.multi_query.outfmt6/threaded-1/repeat-3/output.txt	
cold	blastn	compact.multi_query.outfmt6	threaded	1				4	True	False	cold-process-through-teardown	PASS	PASS	PASS	PASS	0	2026-09-05T05:38:56Z	0.16304369199860957	0.21	0.02	109735936				ac4a20b64c8da3eaea725ed09dc89880294f58e971b7207c943489faacdbe03e	154	/mnt/c/Users/genom/GitHub/LOSAT/docs/wasm-performance/PR01/cold/blastn/compact.multi_query.outfmt6/threaded-1/repeat-4/output.txt	
cold	blastn	compact.multi_query.outfmt6	threaded	1				5	True	False	cold-process-through-teardown	PASS	PASS	PASS	PASS	0	2026-09-05T05:38:56Z	0.15852444199845195	0.19	0.04	111448064				ac4a20b64c8da3eaea725ed09dc89880294f58e971b7207c943489faacdbe03e	154	/mnt/c/Users/genom/GitHub/LOSAT/docs/wasm-performance/PR01/cold/blastn/compact.multi_query.outfmt6/threaded-1/repeat-5/output.txt	
cold	blastn	compact.multi_query.outfmt6	threaded	1		0		6	False	True	cold-process-through-teardown	PASS	PASS	PASS	PASS	0	2026-09-05T05:38:56Z	0.1721830710012	0.21	0.02	110272512				ac4a20b64c8da3eaea725ed09dc89880294f58e971b7207c943489faacdbe03e	154	/mnt/c/Users/genom/GitHub/LOSAT/docs/wasm-performance/PR01/cold/blastn/compact.multi_query.outfmt6/threaded-1/diagnostic/output.txt	
cold	blastn	compact.multi_query.outfmt6	threaded	2				0	False	False	cold-process-through-teardown	PASS	PASS	PASS	PASS	0	2026-09-05T05:38:56Z	0.17329951700230595	0.22	0.01	110374912				ac4a20b64c8da3eaea725ed09dc89880294f58e971b7207c943489faacdbe03e	154	/mnt/c/Users/genom/GitHub/LOSAT/docs/wasm-performance/PR01/cold/blastn/compact.multi_query.outfmt6/threaded-2/repeat-0/output.txt	
cold	blastn	compact.multi_query.outfmt6	threaded	2				1	True	False	cold-process-through-teardown	PASS	PASS	PASS	PASS	0	2026-09-05T05:38:56Z	0.21918588600237854	0.21	0.05	110555136				ac4a20b64c8da3eaea725ed09dc89880294f58e971b7207c943489faacdbe03e	154	/mnt/c/Users/genom/GitHub/LOSAT/docs/wasm-performance/PR01/cold/blastn/compact.multi_query.outfmt6/threaded-2/repeat-1/output.txt	
cold	blastn	compact.multi_query.outfmt6	threaded	2				2	True	False	cold-process-through-teardown	PASS	PASS	PASS	PASS	0	2026-09-05T05:38:57Z	0.18547407500227564	0.21	0.03	109273088				ac4a20b64c8da3eaea725ed09dc89880294f58e971b7207c943489faacdbe03e	154	/mnt/c/Users/genom/GitHub/LOSAT/docs/wasm-performance/PR01/cold/blastn/compact.multi_query.outfmt6/threaded-2/repeat-2/output.txt	
cold	blastn	compact.multi_query.outfmt6	threaded	2				3	True	False	cold-process-through-teardown	PASS	PASS	PASS	PASS	0	2026-09-05T05:38:57Z	0.18370784799844841	0.21	0.02	109879296				ac4a20b64c8da3eaea725ed09dc89880294f58e971b7207c943489faacdbe03e	154	/mnt/c/Users/genom/GitHub/LOSAT/docs/wasm-performance/PR01/cold/blastn/compact.multi_query.outfmt6/threaded-2/repeat-3/output.txt	
cold	blastn	compact.multi_query.outfmt6	threaded	2				4	True	False	cold-process-through-teardown	PASS	PASS	PASS	PASS	0	2026-09-05T05:38:57Z	0.19819387199822813	0.2	0.04	111517696				ac4a20b64c8da3eaea725ed09dc89880294f58e971b7207c943489faacdbe03e	154	/mnt/c/Users/genom/GitHub/LOSAT/docs/wasm-performance/PR01/cold/blastn/compact.multi_query.outfmt6/threaded-2/repeat-4/output.txt	
cold	blastn	compact.multi_query.outfmt6	threaded	2				5	True	False	cold-process-through-teardown	PASS	PASS	PASS	PASS	0	2026-09-05T05:38:58Z	0.1588492810005846	0.19	0.03	109420544				ac4a20b64c8da3eaea725ed09dc89880294f58e971b7207c943489faacdbe03e	154	/mnt/c/Users/genom/GitHub/LOSAT/docs/wasm-performance/PR01/cold/blastn/compact.multi_query.outfmt6/threaded-2/repeat-5/output.txt	
cold	blastn	compact.multi_query.outfmt6	threaded	2	1	0		6	False	True	cold-process-through-teardown	PASS	PASS	PASS	PASS	0	2026-09-05T05:38:58Z	0.1628773539996473	0.19	0.03	109600768				ac4a20b64c8da3eaea725ed09dc89880294f58e971b7207c943489faacdbe03e	154	/mnt/c/Users/genom/GitHub/LOSAT/docs/wasm-performance/PR01/cold/blastn/compact.multi_query.outfmt6/threaded-2/diagnostic/output.txt	
cold	blastn	compact.multi_query.outfmt6	threaded	4				0	False	False	cold-process-through-teardown	PASS	PASS	PASS	PASS	0	2026-09-05T05:38:58Z	0.2051042769999185	0.21	0.01	109993984				ac4a20b64c8da3eaea725ed09dc89880294f58e971b7207c943489faacdbe03e	154	/mnt/c/Users/genom/GitHub/LOSAT/docs/wasm-performance/PR01/cold/blastn/compact.multi_query.outfmt6/threaded-4/repeat-0/output.txt	
cold	blastn	compact.multi_query.outfmt6	threaded	4				1	True	False	cold-process-through-teardown	PASS	PASS	PASS	PASS	0	2026-09-05T05:38:58Z	0.20185909099745913	0.24	0.0	110854144				ac4a20b64c8da3eaea725ed09dc89880294f58e971b7207c943489faacdbe03e	154	/mnt/c/Users/genom/GitHub/LOSAT/docs/wasm-performance/PR01/cold/blastn/compact.multi_query.outfmt6/threaded-4/repeat-1/output.txt	
cold	blastn	compact.multi_query.outfmt6	threaded	4				2	True	False	cold-process-through-teardown	PASS	PASS	PASS	PASS	0	2026-09-05T05:38:59Z	0.19000948499888182	0.17	0.05	112840704				ac4a20b64c8da3eaea725ed09dc89880294f58e971b7207c943489faacdbe03e	154	/mnt/c/Users/genom/GitHub/LOSAT/docs/wasm-performance/PR01/cold/blastn/compact.multi_query.outfmt6/threaded-4/repeat-2/output.txt	
cold	blastn	compact.multi_query.outfmt6	threaded	4				3	True	False	cold-process-through-teardown	PASS	PASS	PASS	PASS	0	2026-09-05T05:38:59Z	0.19712887900095666	0.19	0.04	110645248				ac4a20b64c8da3eaea725ed09dc89880294f58e971b7207c943489faacdbe03e	154	/mnt/c/Users/genom/GitHub/LOSAT/docs/wasm-performance/PR01/cold/blastn/compact.multi_query.outfmt6/threaded-4/repeat-3/output.txt	
cold	blastn	compact.multi_query.outfmt6	threaded	4				4	True	False	cold-process-through-teardown	PASS	PASS	PASS	PASS	0	2026-09-05T05:38:59Z	0.2419046930008335	0.2	0.02	109527040				ac4a20b64c8da3eaea725ed09dc89880294f58e971b7207c943489faacdbe03e	154	/mnt/c/Users/genom/GitHub/LOSAT/docs/wasm-performance/PR01/cold/blastn/compact.multi_query.outfmt6/threaded-4/repeat-4/output.txt	
cold	blastn	compact.multi_query.outfmt6	threaded	4				5	True	False	cold-process-through-teardown	PASS	PASS	PASS	PASS	0	2026-09-05T05:38:59Z	0.16066409400082193	0.21	0.01	111292416				ac4a20b64c8da3eaea725ed09dc89880294f58e971b7207c943489faacdbe03e	154	/mnt/c/Users/genom/GitHub/LOSAT/docs/wasm-performance/PR01/cold/blastn/compact.multi_query.outfmt6/threaded-4/repeat-5/output.txt	
cold	blastn	compact.multi_query.outfmt6	threaded	4	1	0		6	False	True	cold-process-through-teardown	PASS	PASS	PASS	PASS	0	2026-09-05T05:39:00Z	0.2231464729993604	0.21	0.03	111939584				ac4a20b64c8da3eaea725ed09dc89880294f58e971b7207c943489faacdbe03e	154	/mnt/c/Users/genom/GitHub/LOSAT/docs/wasm-performance/PR01/cold/blastn/compact.multi_query.outfmt6/threaded-4/diagnostic/output.txt	
cold	blastn	compact.multi_query.outfmt6	threaded	8				0	False	False	cold-process-through-teardown	PASS	PASS	PASS	PASS	0	2026-09-05T05:39:00Z	0.16751488299996709	0.21	0.01	109551616				ac4a20b64c8da3eaea725ed09dc89880294f58e971b7207c943489faacdbe03e	154	/mnt/c/Users/genom/GitHub/LOSAT/docs/wasm-performance/PR01/cold/blastn/compact.multi_query.outfmt6/threaded-8/repeat-0/output.txt	
cold	blastn	compact.multi_query.outfmt6	threaded	8				1	True	False	cold-process-through-teardown	PASS	PASS	PASS	PASS	0	2026-09-05T05:39:00Z	0.15971922999960952	0.21	0.01	110804992				ac4a20b64c8da3eaea725ed09dc89880294f58e971b7207c943489faacdbe03e	154	/mnt/c/Users/genom/GitHub/LOSAT/docs/wasm-performance/PR01/cold/blastn/compact.multi_query.outfmt6/threaded-8/repeat-1/output.txt	
cold	blastn	compact.multi_query.outfmt6	threaded	8				2	True	False	cold-process-through-teardown	PASS	PASS	PASS	PASS	0	2026-09-05T05:39:00Z	0.16307192900057998	0.16	0.06	109973504				ac4a20b64c8da3eaea725ed09dc89880294f58e971b7207c943489faacdbe03e	154	/mnt/c/Users/genom/GitHub/LOSAT/docs/wasm-performance/PR01/cold/blastn/compact.multi_query.outfmt6/threaded-8/repeat-2/output.txt	
cold	blastn	compact.multi_query.outfmt6	threaded	8				3	True	False	cold-process-through-teardown	PASS	PASS	PASS	PASS	0	2026-09-05T05:39:01Z	0.18904116900012014	0.19	0.05	112230400				ac4a20b64c8da3eaea725ed09dc89880294f58e971b7207c943489faacdbe03e	154	/mnt/c/Users/genom/GitHub/LOSAT/docs/wasm-performance/PR01/cold/blastn/compact.multi_query.outfmt6/threaded-8/repeat-3/output.txt	
cold	blastn	compact.multi_query.outfmt6	threaded	8				4	True	False	cold-process-through-teardown	PASS	PASS	PASS	PASS	0	2026-09-05T05:39:01Z	0.17017236999890883	0.17	0.06	109412352				ac4a20b64c8da3eaea725ed09dc89880294f58e971b7207c943489faacdbe03e	154	/mnt/c/Users/genom/GitHub/LOSAT/docs/wasm-performance/PR01/cold/blastn/compact.multi_query.outfmt6/threaded-8/repeat-4/output.txt	
cold	blastn	compact.multi_query.outfmt6	threaded	8				5	True	False	cold-process-through-teardown	PASS	PASS	PASS	PASS	0	2026-09-05T05:39:01Z	0.22062240399827715	0.23	0.02	111730688				ac4a20b64c8da3eaea725ed09dc89880294f58e971b7207c943489faacdbe03e	154	/mnt/c/Users/genom/GitHub/LOSAT/docs/wasm-performance/PR01/cold/blastn/compact.multi_query.outfmt6/threaded-8/repeat-5/output.txt	
cold	blastn	compact.multi_query.outfmt6	threaded	8	1	0		6	False	True	cold-process-through-teardown	PASS	PASS	PASS	PASS	0	2026-09-05T05:39:01Z	0.168816411998705	0.22	0.01	111738880				ac4a20b64c8da3eaea725ed09dc89880294f58e971b7207c943489faacdbe03e	154	/mnt/c/Users/genom/GitHub/LOSAT/docs/wasm-performance/PR01/cold/blastn/compact.multi_query.outfmt6/threaded-8/diagnostic/output.txt	
cold	blastn	compact.multi_query.no_hit.outfmt7	native	1				0	False	False	cold-process-through-teardown	PASS	PASS	PASS	PASS	0	2026-09-05T05:39:02Z	0.016711750002286863	0.0	0.0	4755456				b5813f5d8b0ce88287d41333ae5540c3dfd2846069ddb2e4955d64e39dc45d3a	492	/mnt/c/Users/genom/GitHub/LOSAT/docs/wasm-performance/PR01/cold/blastn/compact.multi_query.no_hit.outfmt7/native-1/repeat-0/output.txt	
cold	blastn	compact.multi_query.no_hit.outfmt7	native	1				1	True	False	cold-process-through-teardown	PASS	PASS	PASS	PASS	0	2026-09-05T05:39:02Z	0.008946875997935422	0.0	0.0	4825088				b5813f5d8b0ce88287d41333ae5540c3dfd2846069ddb2e4955d64e39dc45d3a	492	/mnt/c/Users/genom/GitHub/LOSAT/docs/wasm-performance/PR01/cold/blastn/compact.multi_query.no_hit.outfmt7/native-1/repeat-1/output.txt	
cold	blastn	compact.multi_query.no_hit.outfmt7	native	1				2	True	False	cold-process-through-teardown	PASS	PASS	PASS	PASS	0	2026-09-05T05:39:02Z	0.0472224359982647	0.0	0.0	4677632				b5813f5d8b0ce88287d41333ae5540c3dfd2846069ddb2e4955d64e39dc45d3a	492	/mnt/c/Users/genom/GitHub/LOSAT/docs/wasm-performance/PR01/cold/blastn/compact.multi_query.no_hit.outfmt7/native-1/repeat-2/output.txt	
cold	blastn	compact.multi_query.no_hit.outfmt7	native	1				3	True	False	cold-process-through-teardown	PASS	PASS	PASS	PASS	0	2026-09-05T05:39:02Z	0.032869852999283466	0.0	0.0	4517888				b5813f5d8b0ce88287d41333ae5540c3dfd2846069ddb2e4955d64e39dc45d3a	492	/mnt/c/Users/genom/GitHub/LOSAT/docs/wasm-performance/PR01/cold/blastn/compact.multi_query.no_hit.outfmt7/native-1/repeat-3/output.txt	
cold	blastn	compact.multi_query.no_hit.outfmt7	native	1				4	True	False	cold-process-through-teardown	PASS	PASS	PASS	PASS	0	2026-09-05T05:39:02Z	0.048942448000161676	0.0	0.0	4554752				b5813f5d8b0ce88287d41333ae5540c3dfd2846069ddb2e4955d64e39dc45d3a	492	/mnt/c/Users/genom/GitHub/LOSAT/docs/wasm-performance/PR01/cold/blastn/compact.multi_query.no_hit.outfmt7/native-1/repeat-4/output.txt	
cold	blastn	compact.multi_query.no_hit.outfmt7	native	1				5	True	False	cold-process-through-teardown	PASS	PASS	PASS	PASS	0	2026-09-05T05:39:03Z	0.05233077999946545	0.0	0.0	4501504				b5813f5d8b0ce88287d41333ae5540c3dfd2846069ddb2e4955d64e39dc45d3a	492	/mnt/c/Users/genom/GitHub/LOSAT/docs/wasm-performance/PR01/cold/blastn/compact.multi_query.no_hit.outfmt7/native-1/repeat-5/output.txt	
cold	blastn	compact.multi_query.no_hit.outfmt7	native	1				6	False	True	cold-process-through-teardown	PASS	PASS	PASS	PASS	0	2026-09-05T05:39:03Z	0.07462271899930784	0.0	0.0	4710400				b5813f5d8b0ce88287d41333ae5540c3dfd2846069ddb2e4955d64e39dc45d3a	492	/mnt/c/Users/genom/GitHub/LOSAT/docs/wasm-performance/PR01/cold/blastn/compact.multi_query.no_hit.outfmt7/native-1/diagnostic/output.txt	
cold	blastn	compact.multi_query.no_hit.outfmt7	native	2				0	False	False	cold-process-through-teardown	PASS	PASS	PASS	PASS	0	2026-09-05T05:39:03Z	0.03432228500241763	0.0	0.0	4952064				b5813f5d8b0ce88287d41333ae5540c3dfd2846069ddb2e4955d64e39dc45d3a	492	/mnt/c/Users/genom/GitHub/LOSAT/docs/wasm-performance/PR01/cold/blastn/compact.multi_query.no_hit.outfmt7/native-2/repeat-0/output.txt	
cold	blastn	compact.multi_query.no_hit.outfmt7	native	2				1	True	False	cold-process-through-teardown	PASS	PASS	PASS	PASS	0	2026-09-05T05:39:03Z	0.011818967999715824	0.0	0.0	5017600				b5813f5d8b0ce88287d41333ae5540c3dfd2846069ddb2e4955d64e39dc45d3a	492	/mnt/c/Users/genom/GitHub/LOSAT/docs/wasm-performance/PR01/cold/blastn/compact.multi_query.no_hit.outfmt7/native-2/repeat-1/output.txt	
cold	blastn	compact.multi_query.no_hit.outfmt7	native	2				2	True	False	cold-process-through-teardown	PASS	PASS	PASS	PASS	0	2026-09-05T05:39:03Z	0.04656005600190838	0.0	0.0	4898816				b5813f5d8b0ce88287d41333ae5540c3dfd2846069ddb2e4955d64e39dc45d3a	492	/mnt/c/Users/genom/GitHub/LOSAT/docs/wasm-performance/PR01/cold/blastn/compact.multi_query.no_hit.outfmt7/native-2/repeat-2/output.txt	
cold	blastn	compact.multi_query.no_hit.outfmt7	native	2				3	True	False	cold-process-through-teardown	PASS	PASS	PASS	PASS	0	2026-09-05T05:39:04Z	0.07410963399888715	0.0	0.0	5025792				b5813f5d8b0ce88287d41333ae5540c3dfd2846069ddb2e4955d64e39dc45d3a	492	/mnt/c/Users/genom/GitHub/LOSAT/docs/wasm-performance/PR01/cold/blastn/compact.multi_query.no_hit.outfmt7/native-2/repeat-3/output.txt	
cold	blastn	compact.multi_query.no_hit.outfmt7	native	2				4	True	False	cold-process-through-teardown	PASS	PASS	PASS	PASS	0	2026-09-05T05:39:04Z	0.026061925000249175	0.0	0.0	4947968				b5813f5d8b0ce88287d41333ae5540c3dfd2846069ddb2e4955d64e39dc45d3a	492	/mnt/c/Users/genom/GitHub/LOSAT/docs/wasm-performance/PR01/cold/blastn/compact.multi_query.no_hit.outfmt7/native-2/repeat-4/output.txt	
cold	blastn	compact.multi_query.no_hit.outfmt7	native	2				5	True	False	cold-process-through-teardown	PASS	PASS	PASS	PASS	0	2026-09-05T05:39:04Z	0.060564179002540186	0.0	0.0	5033984				b5813f5d8b0ce88287d41333ae5540c3dfd2846069ddb2e4955d64e39dc45d3a	492	/mnt/c/Users/genom/GitHub/LOSAT/docs/wasm-performance/PR01/cold/blastn/compact.multi_query.no_hit.outfmt7/native-2/repeat-5/output.txt	
cold	blastn	compact.multi_query.no_hit.outfmt7	native	2				6	False	True	cold-process-through-teardown	PASS	PASS	PASS	PASS	0	2026-09-05T05:39:04Z	0.0778291979986534	0.0	0.0	5009408				b5813f5d8b0ce88287d41333ae5540c3dfd2846069ddb2e4955d64e39dc45d3a	492	/mnt/c/Users/genom/GitHub/LOSAT/docs/wasm-performance/PR01/cold/blastn/compact.multi_query.no_hit.outfmt7/native-2/diagnostic/output.txt	
cold	blastn	compact.multi_query.no_hit.outfmt7	native	4				0	False	False	cold-process-through-teardown	PASS	PASS	PASS	PASS	0	2026-09-05T05:39:04Z	0.02711636499952874	0.0	0.0	5033984				b5813f5d8b0ce88287d41333ae5540c3dfd2846069ddb2e4955d64e39dc45d3a	492	/mnt/c/Users/genom/GitHub/LOSAT/docs/wasm-performance/PR01/cold/blastn/compact.multi_query.no_hit.outfmt7/native-4/repeat-0/output.txt	
cold	blastn	compact.multi_query.no_hit.outfmt7	native	4				1	True	False	cold-process-through-teardown	PASS	PASS	PASS	PASS	0	2026-09-05T05:39:04Z	0.017733119002514286	0.0	0.0	5062656				b5813f5d8b0ce88287d41333ae5540c3dfd2846069ddb2e4955d64e39dc45d3a	492	/mnt/c/Users/genom/GitHub/LOSAT/docs/wasm-performance/PR01/cold/blastn/compact.multi_query.no_hit.outfmt7/native-4/repeat-1/output.txt	
cold	blastn	compact.multi_query.no_hit.outfmt7	native	4				2	True	False	cold-process-through-teardown	PASS	PASS	PASS	PASS	0	2026-09-05T05:39:04Z	0.032583955999143654	0.0	0.0	5095424				b5813f5d8b0ce88287d41333ae5540c3dfd2846069ddb2e4955d64e39dc45d3a	492	/mnt/c/Users/genom/GitHub/LOSAT/docs/wasm-performance/PR01/cold/blastn/compact.multi_query.no_hit.outfmt7/native-4/repeat-2/output.txt	
cold	blastn	compact.multi_query.no_hit.outfmt7	native	4				3	True	False	cold-process-through-teardown	PASS	PASS	PASS	PASS	0	2026-09-05T05:39:04Z	0.06856220699773985	0.0	0.0	7065600				b5813f5d8b0ce88287d41333ae5540c3dfd2846069ddb2e4955d64e39dc45d3a	492	/mnt/c/Users/genom/GitHub/LOSAT/docs/wasm-performance/PR01/cold/blastn/compact.multi_query.no_hit.outfmt7/native-4/repeat-3/output.txt	
cold	blastn	compact.multi_query.no_hit.outfmt7	native	4				4	True	False	cold-process-through-teardown	PASS	PASS	PASS	PASS	0	2026-09-05T05:39:05Z	0.04678347200024291	0.0	0.0	7110656				b5813f5d8b0ce88287d41333ae5540c3dfd2846069ddb2e4955d64e39dc45d3a	492	/mnt/c/Users/genom/GitHub/LOSAT/docs/wasm-performance/PR01/cold/blastn/compact.multi_query.no_hit.outfmt7/native-4/repeat-4/output.txt	
cold	blastn	compact.multi_query.no_hit.outfmt7	native	4				5	True	False	cold-process-through-teardown	PASS	PASS	PASS	PASS	0	2026-09-05T05:39:05Z	0.059188817998801824	0.0	0.0	7028736				b5813f5d8b0ce88287d41333ae5540c3dfd2846069ddb2e4955d64e39dc45d3a	492	/mnt/c/Users/genom/GitHub/LOSAT/docs/wasm-performance/PR01/cold/blastn/compact.multi_query.no_hit.outfmt7/native-4/repeat-5/output.txt	
cold	blastn	compact.multi_query.no_hit.outfmt7	native	4				6	False	True	cold-process-through-teardown	PASS	PASS	PASS	PASS	0	2026-09-05T05:39:05Z	0.08613919200070086	0.0	0.0	5144576				b5813f5d8b0ce88287d41333ae5540c3dfd2846069ddb2e4955d64e39dc45d3a	492	/mnt/c/Users/genom/GitHub/LOSAT/docs/wasm-performance/PR01/cold/blastn/compact.multi_query.no_hit.outfmt7/native-4/diagnostic/output.txt	
cold	blastn	compact.multi_query.no_hit.outfmt7	native	8				0	False	False	cold-process-through-teardown	PASS	PASS	PASS	PASS	0	2026-09-05T05:39:05Z	0.011174581999512156	0.0	0.0	7090176				b5813f5d8b0ce88287d41333ae5540c3dfd2846069ddb2e4955d64e39dc45d3a	492	/mnt/c/Users/genom/GitHub/LOSAT/docs/wasm-performance/PR01/cold/blastn/compact.multi_query.no_hit.outfmt7/native-8/repeat-0/output.txt	
cold	blastn	compact.multi_query.no_hit.outfmt7	native	8				1	True	False	cold-process-through-teardown	PASS	PASS	PASS	PASS	0	2026-09-05T05:39:05Z	0.018404726000881055	0.0	0.0	5103616				b5813f5d8b0ce88287d41333ae5540c3dfd2846069ddb2e4955d64e39dc45d3a	492	/mnt/c/Users/genom/GitHub/LOSAT/docs/wasm-performance/PR01/cold/blastn/compact.multi_query.no_hit.outfmt7/native-8/repeat-1/output.txt	
cold	blastn	compact.multi_query.no_hit.outfmt7	native	8				2	True	False	cold-process-through-teardown	PASS	PASS	PASS	PASS	0	2026-09-05T05:39:05Z	0.06773795000117389	0.0	0.0	5054464				b5813f5d8b0ce88287d41333ae5540c3dfd2846069ddb2e4955d64e39dc45d3a	492	/mnt/c/Users/genom/GitHub/LOSAT/docs/wasm-performance/PR01/cold/blastn/compact.multi_query.no_hit.outfmt7/native-8/repeat-2/output.txt	
cold	blastn	compact.multi_query.no_hit.outfmt7	native	8				3	True	False	cold-process-through-teardown	PASS	PASS	PASS	PASS	0	2026-09-05T05:39:06Z	0.07601982900087023	0.0	0.0	6713344				b5813f5d8b0ce88287d41333ae5540c3dfd2846069ddb2e4955d64e39dc45d3a	492	/mnt/c/Users/genom/GitHub/LOSAT/docs/wasm-performance/PR01/cold/blastn/compact.multi_query.no_hit.outfmt7/native-8/repeat-3/output.txt	
cold	blastn	compact.multi_query.no_hit.outfmt7	native	8				4	True	False	cold-process-through-teardown	PASS	PASS	PASS	PASS	0	2026-09-05T05:39:06Z	0.03799367300234735	0.0	0.0	5054464				b5813f5d8b0ce88287d41333ae5540c3dfd2846069ddb2e4955d64e39dc45d3a	492	/mnt/c/Users/genom/GitHub/LOSAT/docs/wasm-performance/PR01/cold/blastn/compact.multi_query.no_hit.outfmt7/native-8/repeat-4/output.txt	
cold	blastn	compact.multi_query.no_hit.outfmt7	native	8				5	True	False	cold-process-through-teardown	PASS	PASS	PASS	PASS	0	2026-09-05T05:39:06Z	0.040060962997813476	0.0	0.0	6934528				b5813f5d8b0ce88287d41333ae5540c3dfd2846069ddb2e4955d64e39dc45d3a	492	/mnt/c/Users/genom/GitHub/LOSAT/docs/wasm-performance/PR01/cold/blastn/compact.multi_query.no_hit.outfmt7/native-8/repeat-5/output.txt	
cold	blastn	compact.multi_query.no_hit.outfmt7	native	8				6	False	True	cold-process-through-teardown	PASS	PASS	PASS	PASS	0	2026-09-05T05:39:06Z	0.06107619700196665	0.0	0.0	5271552				b5813f5d8b0ce88287d41333ae5540c3dfd2846069ddb2e4955d64e39dc45d3a	492	/mnt/c/Users/genom/GitHub/LOSAT/docs/wasm-performance/PR01/cold/blastn/compact.multi_query.no_hit.outfmt7/native-8/diagnostic/output.txt	
cold	blastn	compact.multi_query.no_hit.outfmt7	serial	1	1			0	False	False	cold-process-through-teardown	PASS	PASS	PASS	PASS	0	2026-09-05T05:39:06Z	0.1443548089991964	0.14	0.02	89722880				b5813f5d8b0ce88287d41333ae5540c3dfd2846069ddb2e4955d64e39dc45d3a	492	/mnt/c/Users/genom/GitHub/LOSAT/docs/wasm-performance/PR01/cold/blastn/compact.multi_query.no_hit.outfmt7/serial-1/repeat-0/output.txt	
cold	blastn	compact.multi_query.no_hit.outfmt7	serial	1	1			1	True	False	cold-process-through-teardown	PASS	PASS	PASS	PASS	0	2026-09-05T05:39:06Z	0.1703446069986967	0.17	0.0	89456640				b5813f5d8b0ce88287d41333ae5540c3dfd2846069ddb2e4955d64e39dc45d3a	492	/mnt/c/Users/genom/GitHub/LOSAT/docs/wasm-performance/PR01/cold/blastn/compact.multi_query.no_hit.outfmt7/serial-1/repeat-1/output.txt	
cold	blastn	compact.multi_query.no_hit.outfmt7	serial	1	1			2	True	False	cold-process-through-teardown	PASS	PASS	PASS	PASS	0	2026-09-05T05:39:06Z	0.16473294900060864	0.15	0.01	91541504				b5813f5d8b0ce88287d41333ae5540c3dfd2846069ddb2e4955d64e39dc45d3a	492	/mnt/c/Users/genom/GitHub/LOSAT/docs/wasm-performance/PR01/cold/blastn/compact.multi_query.no_hit.outfmt7/serial-1/repeat-2/output.txt	
cold	blastn	compact.multi_query.no_hit.outfmt7	serial	1	1			3	True	False	cold-process-through-teardown	PASS	PASS	PASS	PASS	0	2026-09-05T05:39:07Z	0.17508192199966288	0.16	0.03	89649152				b5813f5d8b0ce88287d41333ae5540c3dfd2846069ddb2e4955d64e39dc45d3a	492	/mnt/c/Users/genom/GitHub/LOSAT/docs/wasm-performance/PR01/cold/blastn/compact.multi_query.no_hit.outfmt7/serial-1/repeat-3/output.txt	
cold	blastn	compact.multi_query.no_hit.outfmt7	serial	1	1			4	True	False	cold-process-through-teardown	PASS	PASS	PASS	PASS	0	2026-09-05T05:39:07Z	0.19171456299955025	0.15	0.03	89391104				b5813f5d8b0ce88287d41333ae5540c3dfd2846069ddb2e4955d64e39dc45d3a	492	/mnt/c/Users/genom/GitHub/LOSAT/docs/wasm-performance/PR01/cold/blastn/compact.multi_query.no_hit.outfmt7/serial-1/repeat-4/output.txt	
cold	blastn	compact.multi_query.no_hit.outfmt7	serial	1	1			5	True	False	cold-process-through-teardown	PASS	PASS	PASS	PASS	0	2026-09-05T05:39:07Z	0.16226648299925728	0.17	0.0	89415680				b5813f5d8b0ce88287d41333ae5540c3dfd2846069ddb2e4955d64e39dc45d3a	492	/mnt/c/Users/genom/GitHub/LOSAT/docs/wasm-performance/PR01/cold/blastn/compact.multi_query.no_hit.outfmt7/serial-1/repeat-5/output.txt	
cold	blastn	compact.multi_query.no_hit.outfmt7	serial	1	1			6	False	True	cold-process-through-teardown	PASS	PASS	PASS	PASS	0	2026-09-05T05:39:07Z	0.19221949599887012	0.16	0.02	89731072				b5813f5d8b0ce88287d41333ae5540c3dfd2846069ddb2e4955d64e39dc45d3a	492	/mnt/c/Users/genom/GitHub/LOSAT/docs/wasm-performance/PR01/cold/blastn/compact.multi_query.no_hit.outfmt7/serial-1/diagnostic/output.txt	
cold	blastn	compact.multi_query.no_hit.outfmt7	threaded	1				0	False	False	cold-process-through-teardown	PASS	PASS	PASS	PASS	0	2026-09-05T05:39:08Z	0.1479491739992227	0.15	0.02	86806528				b5813f5d8b0ce88287d41333ae5540c3dfd2846069ddb2e4955d64e39dc45d3a	492	/mnt/c/Users/genom/GitHub/LOSAT/docs/wasm-performance/PR01/cold/blastn/compact.multi_query.no_hit.outfmt7/threaded-1/repeat-0/output.txt	
cold	blastn	compact.multi_query.no_hit.outfmt7	threaded	1				1	True	False	cold-process-through-teardown	PASS	PASS	PASS	PASS	0	2026-09-05T05:39:08Z	0.14952092800012906	0.15	0.02	89874432				b5813f5d8b0ce88287d41333ae5540c3dfd2846069ddb2e4955d64e39dc45d3a	492	/mnt/c/Users/genom/GitHub/LOSAT/docs/wasm-performance/PR01/cold/blastn/compact.multi_query.no_hit.outfmt7/threaded-1/repeat-1/output.txt	
cold	blastn	compact.multi_query.no_hit.outfmt7	threaded	1				2	True	False	cold-process-through-teardown	PASS	PASS	PASS	PASS	0	2026-09-05T05:39:08Z	0.1723684869975841	0.16	0.02	87764992				b5813f5d8b0ce88287d41333ae5540c3dfd2846069ddb2e4955d64e39dc45d3a	492	/mnt/c/Users/genom/GitHub/LOSAT/docs/wasm-performance/PR01/cold/blastn/compact.multi_query.no_hit.outfmt7/threaded-1/repeat-2/output.txt	
cold	blastn	compact.multi_query.no_hit.outfmt7	threaded	1				3	True	False	cold-process-through-teardown	PASS	PASS	PASS	PASS	0	2026-09-05T05:39:08Z	0.20817001199975493	0.17	0.01	87764992				b5813f5d8b0ce88287d41333ae5540c3dfd2846069ddb2e4955d64e39dc45d3a	492	/mnt/c/Users/genom/GitHub/LOSAT/docs/wasm-performance/PR01/cold/blastn/compact.multi_query.no_hit.outfmt7/threaded-1/repeat-3/output.txt	
cold	blastn	compact.multi_query.no_hit.outfmt7	threaded	1				4	True	False	cold-process-through-teardown	PASS	PASS	PASS	PASS	0	2026-09-05T05:39:09Z	0.1765070569999807	0.15	0.03	90263552				b5813f5d8b0ce88287d41333ae5540c3dfd2846069ddb2e4955d64e39dc45d3a	492	/mnt/c/Users/genom/GitHub/LOSAT/docs/wasm-performance/PR01/cold/blastn/compact.multi_query.no_hit.outfmt7/threaded-1/repeat-4/output.txt	
cold	blastn	compact.multi_query.no_hit.outfmt7	threaded	1				5	True	False	cold-process-through-teardown	PASS	PASS	PASS	PASS	0	2026-09-05T05:39:09Z	0.20877638300225954	0.16	0.03	90226688				b5813f5d8b0ce88287d41333ae5540c3dfd2846069ddb2e4955d64e39dc45d3a	492	/mnt/c/Users/genom/GitHub/LOSAT/docs/wasm-performance/PR01/cold/blastn/compact.multi_query.no_hit.outfmt7/threaded-1/repeat-5/output.txt	
cold	blastn	compact.multi_query.no_hit.outfmt7	threaded	1		0		6	False	True	cold-process-through-teardown	PASS	PASS	PASS	PASS	0	2026-09-05T05:39:09Z	0.17527866599994013	0.16	0.02	87502848				b5813f5d8b0ce88287d41333ae5540c3dfd2846069ddb2e4955d64e39dc45d3a	492	/mnt/c/Users/genom/GitHub/LOSAT/docs/wasm-performance/PR01/cold/blastn/compact.multi_query.no_hit.outfmt7/threaded-1/diagnostic/output.txt	
cold	blastn	compact.multi_query.no_hit.outfmt7	threaded	2				0	False	False	cold-process-through-teardown	PASS	PASS	PASS	PASS	0	2026-09-05T05:39:10Z	0.18560218499987968	0.16	0.02	90116096				b5813f5d8b0ce88287d41333ae5540c3dfd2846069ddb2e4955d64e39dc45d3a	492	/mnt/c/Users/genom/GitHub/LOSAT/docs/wasm-performance/PR01/cold/blastn/compact.multi_query.no_hit.outfmt7/threaded-2/repeat-0/output.txt	
cold	blastn	compact.multi_query.no_hit.outfmt7	threaded	2				1	True	False	cold-process-through-teardown	PASS	PASS	PASS	PASS	0	2026-09-05T05:39:10Z	0.16085003099942696	0.15	0.02	88231936				b5813f5d8b0ce88287d41333ae5540c3dfd2846069ddb2e4955d64e39dc45d3a	492	/mnt/c/Users/genom/GitHub/LOSAT/docs/wasm-performance/PR01/cold/blastn/compact.multi_query.no_hit.outfmt7/threaded-2/repeat-1/output.txt	
cold	blastn	compact.multi_query.no_hit.outfmt7	threaded	2				2	True	False	cold-process-through-teardown	PASS	PASS	PASS	PASS	0	2026-09-05T05:39:10Z	0.1882526549998147	0.17	0.02	88055808				b5813f5d8b0ce88287d41333ae5540c3dfd2846069ddb2e4955d64e39dc45d3a	492	/mnt/c/Users/genom/GitHub/LOSAT/docs/wasm-performance/PR01/cold/blastn/compact.multi_query.no_hit.outfmt7/threaded-2/repeat-2/output.txt	
cold	blastn	compact.multi_query.no_hit.outfmt7	threaded	2				3	True	False	cold-process-through-teardown	PASS	PASS	PASS	PASS	0	2026-09-05T05:39:10Z	0.16617504499663482	0.14	0.03	88199168				b5813f5d8b0ce88287d41333ae5540c3dfd2846069ddb2e4955d64e39dc45d3a	492	/mnt/c/Users/genom/GitHub/LOSAT/docs/wasm-performance/PR01/cold/blastn/compact.multi_query.no_hit.outfmt7/threaded-2/repeat-3/output.txt	
cold	blastn	compact.multi_query.no_hit.outfmt7	threaded	2				4	True	False	cold-process-through-teardown	PASS	PASS	PASS	PASS	0	2026-09-05T05:39:11Z	0.19813221499862266	0.14	0.04	90206208				b5813f5d8b0ce88287d41333ae5540c3dfd2846069ddb2e4955d64e39dc45d3a	492	/mnt/c/Users/genom/GitHub/LOSAT/docs/wasm-performance/PR01/cold/blastn/compact.multi_query.no_hit.outfmt7/threaded-2/repeat-4/output.txt	
cold	blastn	compact.multi_query.no_hit.outfmt7	threaded	2				5	True	False	cold-process-through-teardown	PASS	PASS	PASS	PASS	0	2026-09-05T05:39:11Z	0.18172970899831853	0.12	0.05	89849856				b5813f5d8b0ce88287d41333ae5540c3dfd2846069ddb2e4955d64e39dc45d3a	492	/mnt/c/Users/genom/GitHub/LOSAT/docs/wasm-performance/PR01/cold/blastn/compact.multi_query.no_hit.outfmt7/threaded-2/repeat-5/output.txt	
cold	blastn	compact.multi_query.no_hit.outfmt7	threaded	2	1	0		6	False	True	cold-process-through-teardown	PASS	PASS	PASS	PASS	0	2026-09-05T05:39:11Z	0.19466967200060026	0.16	0.02	89767936				b5813f5d8b0ce88287d41333ae5540c3dfd2846069ddb2e4955d64e39dc45d3a	492	/mnt/c/Users/genom/GitHub/LOSAT/docs/wasm-performance/PR01/cold/blastn/compact.multi_query.no_hit.outfmt7/threaded-2/diagnostic/output.txt	
cold	blastn	compact.multi_query.no_hit.outfmt7	threaded	4				0	False	False	cold-process-through-teardown	PASS	PASS	PASS	PASS	0	2026-09-05T05:39:11Z	0.14719152399993618	0.15	0.01	87769088				b5813f5d8b0ce88287d41333ae5540c3dfd2846069ddb2e4955d64e39dc45d3a	492	/mnt/c/Users/genom/GitHub/LOSAT/docs/wasm-performance/PR01/cold/blastn/compact.multi_query.no_hit.outfmt7/threaded-4/repeat-0/output.txt	
cold	blastn	compact.multi_query.no_hit.outfmt7	threaded	4				1	True	False	cold-process-through-teardown	PASS	PASS	PASS	PASS	0	2026-09-05T05:39:12Z	0.14409393199821352	0.15	0.02	90091520				b5813f5d8b0ce88287d41333ae5540c3dfd2846069ddb2e4955d64e39dc45d3a	492	/mnt/c/Users/genom/GitHub/LOSAT/docs/wasm-performance/PR01/cold/blastn/compact.multi_query.no_hit.outfmt7/threaded-4/repeat-1/output.txt	
cold	blastn	compact.multi_query.no_hit.outfmt7	threaded	4				2	True	False	cold-process-through-teardown	PASS	PASS	PASS	PASS	0	2026-09-05T05:39:12Z	0.13873594899996533	0.17	0.0	88129536				b5813f5d8b0ce88287d41333ae5540c3dfd2846069ddb2e4955d64e39dc45d3a	492	/mnt/c/Users/genom/GitHub/LOSAT/docs/wasm-performance/PR01/cold/blastn/compact.multi_query.no_hit.outfmt7/threaded-4/repeat-2/output.txt	
cold	blastn	compact.multi_query.no_hit.outfmt7	threaded	4				3	True	False	cold-process-through-teardown	PASS	PASS	PASS	PASS	0	2026-09-05T05:39:12Z	0.16668132000268088	0.15	0.02	88018944				b5813f5d8b0ce88287d41333ae5540c3dfd2846069ddb2e4955d64e39dc45d3a	492	/mnt/c/Users/genom/GitHub/LOSAT/docs/wasm-performance/PR01/cold/blastn/compact.multi_query.no_hit.outfmt7/threaded-4/repeat-3/output.txt	
cold	blastn	compact.multi_query.no_hit.outfmt7	threaded	4				4	True	False	cold-process-through-teardown	PASS	PASS	PASS	PASS	0	2026-09-05T05:39:12Z	0.16055805799987866	0.17	0.0	88178688				b5813f5d8b0ce88287d41333ae5540c3dfd2846069ddb2e4955d64e39dc45d3a	492	/mnt/c/Users/genom/GitHub/LOSAT/docs/wasm-performance/PR01/cold/blastn/compact.multi_query.no_hit.outfmt7/threaded-4/repeat-4/output.txt	
cold	blastn	compact.multi_query.no_hit.outfmt7	threaded	4				5	True	False	cold-process-through-teardown	PASS	PASS	PASS	PASS	0	2026-09-05T05:39:13Z	0.20050747799905366	0.17	0.02	88403968				b5813f5d8b0ce88287d41333ae5540c3dfd2846069ddb2e4955d64e39dc45d3a	492	/mnt/c/Users/genom/GitHub/LOSAT/docs/wasm-performance/PR01/cold/blastn/compact.multi_query.no_hit.outfmt7/threaded-4/repeat-5/output.txt	
cold	blastn	compact.multi_query.no_hit.outfmt7	threaded	4	1	0		6	False	True	cold-process-through-teardown	PASS	PASS	PASS	PASS	0	2026-09-05T05:39:13Z	0.17940533299770323	0.16	0.01	87384064				b5813f5d8b0ce88287d41333ae5540c3dfd2846069ddb2e4955d64e39dc45d3a	492	/mnt/c/Users/genom/GitHub/LOSAT/docs/wasm-performance/PR01/cold/blastn/compact.multi_query.no_hit.outfmt7/threaded-4/diagnostic/output.txt	
cold	blastn	compact.multi_query.no_hit.outfmt7	threaded	8				0	False	False	cold-process-through-teardown	PASS	PASS	PASS	PASS	0	2026-09-05T05:39:13Z	0.22260009199817432	0.18	0.01	88211456				b5813f5d8b0ce88287d41333ae5540c3dfd2846069ddb2e4955d64e39dc45d3a	492	/mnt/c/Users/genom/GitHub/LOSAT/docs/wasm-performance/PR01/cold/blastn/compact.multi_query.no_hit.outfmt7/threaded-8/repeat-0/output.txt	
cold	blastn	compact.multi_query.no_hit.outfmt7	threaded	8				1	True	False	cold-process-through-teardown	PASS	PASS	PASS	PASS	0	2026-09-05T05:39:13Z	0.14459506700222846	0.16	0.01	88211456				b5813f5d8b0ce88287d41333ae5540c3dfd2846069ddb2e4955d64e39dc45d3a	492	/mnt/c/Users/genom/GitHub/LOSAT/docs/wasm-performance/PR01/cold/blastn/compact.multi_query.no_hit.outfmt7/threaded-8/repeat-1/output.txt	
cold	blastn	compact.multi_query.no_hit.outfmt7	threaded	8				2	True	False	cold-process-through-teardown	PASS	PASS	PASS	PASS	0	2026-09-05T05:39:14Z	0.14578413699928205	0.14	0.03	88088576				b5813f5d8b0ce88287d41333ae5540c3dfd2846069ddb2e4955d64e39dc45d3a	492	/mnt/c/Users/genom/GitHub/LOSAT/docs/wasm-performance/PR01/cold/blastn/compact.multi_query.no_hit.outfmt7/threaded-8/repeat-2/output.txt	
cold	blastn	compact.multi_query.no_hit.outfmt7	threaded	8				3	True	False	cold-process-through-teardown	PASS	PASS	PASS	PASS	0	2026-09-05T05:39:14Z	0.1563512900029309	0.14	0.03	89161728				b5813f5d8b0ce88287d41333ae5540c3dfd2846069ddb2e4955d64e39dc45d3a	492	/mnt/c/Users/genom/GitHub/LOSAT/docs/wasm-performance/PR01/cold/blastn/compact.multi_query.no_hit.outfmt7/threaded-8/repeat-3/output.txt	
cold	blastn	compact.multi_query.no_hit.outfmt7	threaded	8				4	True	False	cold-process-through-teardown	PASS	PASS	PASS	PASS	0	2026-09-05T05:39:14Z	0.17530541900123353	0.18	0.0	88326144				b5813f5d8b0ce88287d41333ae5540c3dfd2846069ddb2e4955d64e39dc45d3a	492	/mnt/c/Users/genom/GitHub/LOSAT/docs/wasm-performance/PR01/cold/blastn/compact.multi_query.no_hit.outfmt7/threaded-8/repeat-4/output.txt	
cold	blastn	compact.multi_query.no_hit.outfmt7	threaded	8				5	True	False	cold-process-through-teardown	PASS	PASS	PASS	PASS	0	2026-09-05T05:39:14Z	0.16053877499871305	0.17	0.0	87777280				b5813f5d8b0ce88287d41333ae5540c3dfd2846069ddb2e4955d64e39dc45d3a	492	/mnt/c/Users/genom/GitHub/LOSAT/docs/wasm-performance/PR01/cold/blastn/compact.multi_query.no_hit.outfmt7/threaded-8/repeat-5/output.txt	
cold	blastn	compact.multi_query.no_hit.outfmt7	threaded	8	1	0		6	False	True	cold-process-through-teardown	PASS	PASS	PASS	PASS	0	2026-09-05T05:39:14Z	0.1433524509993731	0.14	0.03	86650880				b5813f5d8b0ce88287d41333ae5540c3dfd2846069ddb2e4955d64e39dc45d3a	492	/mnt/c/Users/genom/GitHub/LOSAT/docs/wasm-performance/PR01/cold/blastn/compact.multi_query.no_hit.outfmt7/threaded-8/diagnostic/output.txt	
cold	blastp	pairwise_default_serial	native	1				0	False	False	cold-process-through-teardown	PASS	PASS	PASS	PASS	0	2026-09-05T05:39:16Z	0.78097087399874	0.76	0.0	27115520				fd4b010800e32ce6c823cb38b42a10b7845f3342edae892acccc8f554f9edf34	29641	/mnt/c/Users/genom/GitHub/LOSAT/docs/wasm-performance/PR01/cold/blastp/pairwise_default_serial/native-1/repeat-0/output.txt	
cold	blastp	pairwise_default_serial	native	1				1	True	False	cold-process-through-teardown	PASS	PASS	PASS	PASS	0	2026-09-05T05:39:17Z	0.7848201750020962	0.74	0.0	27131904				fd4b010800e32ce6c823cb38b42a10b7845f3342edae892acccc8f554f9edf34	29641	/mnt/c/Users/genom/GitHub/LOSAT/docs/wasm-performance/PR01/cold/blastp/pairwise_default_serial/native-1/repeat-1/output.txt	
cold	blastp	pairwise_default_serial	native	1				2	True	False	cold-process-through-teardown	PASS	PASS	PASS	PASS	0	2026-09-05T05:39:17Z	0.783514982998895	0.75	0.01	27119616				fd4b010800e32ce6c823cb38b42a10b7845f3342edae892acccc8f554f9edf34	29641	/mnt/c/Users/genom/GitHub/LOSAT/docs/wasm-performance/PR01/cold/blastp/pairwise_default_serial/native-1/repeat-2/output.txt	
cold	blastp	pairwise_default_serial	native	1				3	True	False	cold-process-through-teardown	PASS	PASS	PASS	PASS	0	2026-09-05T05:39:18Z	0.8020011610024085	0.76	0.0	27242496				fd4b010800e32ce6c823cb38b42a10b7845f3342edae892acccc8f554f9edf34	29641	/mnt/c/Users/genom/GitHub/LOSAT/docs/wasm-performance/PR01/cold/blastp/pairwise_default_serial/native-1/repeat-3/output.txt	
cold	blastp	pairwise_default_serial	native	1				4	True	False	cold-process-through-teardown	PASS	PASS	PASS	PASS	0	2026-09-05T05:39:19Z	0.7917626329981431	0.74	0.01	27136000				fd4b010800e32ce6c823cb38b42a10b7845f3342edae892acccc8f554f9edf34	29641	/mnt/c/Users/genom/GitHub/LOSAT/docs/wasm-performance/PR01/cold/blastp/pairwise_default_serial/native-1/repeat-4/output.txt	
cold	blastp	pairwise_default_serial	native	1				5	True	False	cold-process-through-teardown	PASS	PASS	PASS	PASS	0	2026-09-05T05:39:20Z	0.7981289109993668	0.76	0.0	27045888				fd4b010800e32ce6c823cb38b42a10b7845f3342edae892acccc8f554f9edf34	29641	/mnt/c/Users/genom/GitHub/LOSAT/docs/wasm-performance/PR01/cold/blastp/pairwise_default_serial/native-1/repeat-5/output.txt	
cold	blastp	pairwise_default_serial	native	1				6	False	True	cold-process-through-teardown	PASS	PASS	PASS	PASS	0	2026-09-05T05:39:21Z	0.8290621340020152	0.77	0.0	27107328				fd4b010800e32ce6c823cb38b42a10b7845f3342edae892acccc8f554f9edf34	29641	/mnt/c/Users/genom/GitHub/LOSAT/docs/wasm-performance/PR01/cold/blastp/pairwise_default_serial/native-1/diagnostic/output.txt	
cold	blastp	pairwise_default_serial	native	2				0	False	False	cold-process-through-teardown	PASS	PASS	PASS	PASS	0	2026-09-05T05:39:22Z	0.5525214499975846	0.88	0.0	29261824				fd4b010800e32ce6c823cb38b42a10b7845f3342edae892acccc8f554f9edf34	29641	/mnt/c/Users/genom/GitHub/LOSAT/docs/wasm-performance/PR01/cold/blastp/pairwise_default_serial/native-2/repeat-0/output.txt	
cold	blastp	pairwise_default_serial	native	2				1	True	False	cold-process-through-teardown	PASS	PASS	PASS	PASS	0	2026-09-05T05:39:23Z	0.5020825799983868	0.87	0.0	29351936				fd4b010800e32ce6c823cb38b42a10b7845f3342edae892acccc8f554f9edf34	29641	/mnt/c/Users/genom/GitHub/LOSAT/docs/wasm-performance/PR01/cold/blastp/pairwise_default_serial/native-2/repeat-1/output.txt	
cold	blastp	pairwise_default_serial	native	2				2	True	False	cold-process-through-teardown	PASS	PASS	PASS	PASS	0	2026-09-05T05:39:23Z	0.5252041460007604	0.88	0.0	29192192				fd4b010800e32ce6c823cb38b42a10b7845f3342edae892acccc8f554f9edf34	29641	/mnt/c/Users/genom/GitHub/LOSAT/docs/wasm-performance/PR01/cold/blastp/pairwise_default_serial/native-2/repeat-2/output.txt	
cold	blastp	pairwise_default_serial	native	2				3	True	False	cold-process-through-teardown	PASS	PASS	PASS	PASS	0	2026-09-05T05:39:24Z	0.4862640920000558	0.85	0.01	29192192				fd4b010800e32ce6c823cb38b42a10b7845f3342edae892acccc8f554f9edf34	29641	/mnt/c/Users/genom/GitHub/LOSAT/docs/wasm-performance/PR01/cold/blastp/pairwise_default_serial/native-2/repeat-3/output.txt	
cold	blastp	pairwise_default_serial	native	2				4	True	False	cold-process-through-teardown	PASS	PASS	PASS	PASS	0	2026-09-05T05:39:24Z	0.5055983349993767	0.83	0.04	29188096				fd4b010800e32ce6c823cb38b42a10b7845f3342edae892acccc8f554f9edf34	29641	/mnt/c/Users/genom/GitHub/LOSAT/docs/wasm-performance/PR01/cold/blastp/pairwise_default_serial/native-2/repeat-4/output.txt	
cold	blastp	pairwise_default_serial	native	2				5	True	False	cold-process-through-teardown	PASS	PASS	PASS	PASS	0	2026-09-05T05:39:25Z	0.5245868860001792	0.87	0.0	29470720				fd4b010800e32ce6c823cb38b42a10b7845f3342edae892acccc8f554f9edf34	29641	/mnt/c/Users/genom/GitHub/LOSAT/docs/wasm-performance/PR01/cold/blastp/pairwise_default_serial/native-2/repeat-5/output.txt	
cold	blastp	pairwise_default_serial	native	2				6	False	True	cold-process-through-teardown	PASS	PASS	PASS	PASS	0	2026-09-05T05:39:26Z	0.5624120669999684	0.85	0.02	29298688				fd4b010800e32ce6c823cb38b42a10b7845f3342edae892acccc8f554f9edf34	29641	/mnt/c/Users/genom/GitHub/LOSAT/docs/wasm-performance/PR01/cold/blastp/pairwise_default_serial/native-2/diagnostic/output.txt	
cold	blastp	pairwise_default_serial	native	4				0	False	False	cold-process-through-teardown	PASS	PASS	PASS	PASS	0	2026-09-05T05:39:26Z	0.3293840869991982	0.89	0.01	30932992				fd4b010800e32ce6c823cb38b42a10b7845f3342edae892acccc8f554f9edf34	29641	/mnt/c/Users/genom/GitHub/LOSAT/docs/wasm-performance/PR01/cold/blastp/pairwise_default_serial/native-4/repeat-0/output.txt	
cold	blastp	pairwise_default_serial	native	4				1	True	False	cold-process-through-teardown	PASS	PASS	PASS	PASS	0	2026-09-05T05:39:27Z	0.30211247199986246	0.87	0.01	30359552				fd4b010800e32ce6c823cb38b42a10b7845f3342edae892acccc8f554f9edf34	29641	/mnt/c/Users/genom/GitHub/LOSAT/docs/wasm-performance/PR01/cold/blastp/pairwise_default_serial/native-4/repeat-1/output.txt	
cold	blastp	pairwise_default_serial	native	4				2	True	False	cold-process-through-teardown	PASS	PASS	PASS	PASS	0	2026-09-05T05:39:27Z	0.3150826769997366	0.89	0.0	30691328				fd4b010800e32ce6c823cb38b42a10b7845f3342edae892acccc8f554f9edf34	29641	/mnt/c/Users/genom/GitHub/LOSAT/docs/wasm-performance/PR01/cold/blastp/pairwise_default_serial/native-4/repeat-2/output.txt	
cold	blastp	pairwise_default_serial	native	4				3	True	False	cold-process-through-teardown	PASS	PASS	PASS	PASS	0	2026-09-05T05:39:27Z	0.30551340199963306	0.89	0.01	30994432				fd4b010800e32ce6c823cb38b42a10b7845f3342edae892acccc8f554f9edf34	29641	/mnt/c/Users/genom/GitHub/LOSAT/docs/wasm-performance/PR01/cold/blastp/pairwise_default_serial/native-4/repeat-3/output.txt	
cold	blastp	pairwise_default_serial	native	4				4	True	False	cold-process-through-teardown	PASS	PASS	PASS	PASS	0	2026-09-05T05:39:28Z	0.3200265000014042	0.9	0.0	31297536				fd4b010800e32ce6c823cb38b42a10b7845f3342edae892acccc8f554f9edf34	29641	/mnt/c/Users/genom/GitHub/LOSAT/docs/wasm-performance/PR01/cold/blastp/pairwise_default_serial/native-4/repeat-4/output.txt	
cold	blastp	pairwise_default_serial	native	4				5	True	False	cold-process-through-teardown	PASS	PASS	PASS	PASS	0	2026-09-05T05:39:28Z	0.3002201300005254	0.87	0.01	30953472				fd4b010800e32ce6c823cb38b42a10b7845f3342edae892acccc8f554f9edf34	29641	/mnt/c/Users/genom/GitHub/LOSAT/docs/wasm-performance/PR01/cold/blastp/pairwise_default_serial/native-4/repeat-5/output.txt	
cold	blastp	pairwise_default_serial	native	4				6	False	True	cold-process-through-teardown	PASS	PASS	PASS	PASS	0	2026-09-05T05:39:29Z	0.3306593099987367	0.89	0.01	33067008				fd4b010800e32ce6c823cb38b42a10b7845f3342edae892acccc8f554f9edf34	29641	/mnt/c/Users/genom/GitHub/LOSAT/docs/wasm-performance/PR01/cold/blastp/pairwise_default_serial/native-4/diagnostic/output.txt	
cold	blastp	pairwise_default_serial	native	8				0	False	False	cold-process-through-teardown	PASS	PASS	PASS	PASS	0	2026-09-05T05:39:29Z	0.22836340499998187	0.97	0.07	32808960				fd4b010800e32ce6c823cb38b42a10b7845f3342edae892acccc8f554f9edf34	29641	/mnt/c/Users/genom/GitHub/LOSAT/docs/wasm-performance/PR01/cold/blastp/pairwise_default_serial/native-8/repeat-0/output.txt	
cold	blastp	pairwise_default_serial	native	8				1	True	False	cold-process-through-teardown	PASS	PASS	PASS	PASS	0	2026-09-05T05:39:29Z	0.24309263400209602	1.04	0.01	35119104				fd4b010800e32ce6c823cb38b42a10b7845f3342edae892acccc8f554f9edf34	29641	/mnt/c/Users/genom/GitHub/LOSAT/docs/wasm-performance/PR01/cold/blastp/pairwise_default_serial/native-8/repeat-1/output.txt	
cold	blastp	pairwise_default_serial	native	8				2	True	False	cold-process-through-teardown	PASS	PASS	PASS	PASS	0	2026-09-05T05:39:30Z	0.22658581499854336	1.06	0.0	33472512				fd4b010800e32ce6c823cb38b42a10b7845f3342edae892acccc8f554f9edf34	29641	/mnt/c/Users/genom/GitHub/LOSAT/docs/wasm-performance/PR01/cold/blastp/pairwise_default_serial/native-8/repeat-2/output.txt	
cold	blastp	pairwise_default_serial	native	8				3	True	False	cold-process-through-teardown	PASS	PASS	PASS	PASS	0	2026-09-05T05:39:30Z	0.2455883670008916	1.05	0.01	36913152				fd4b010800e32ce6c823cb38b42a10b7845f3342edae892acccc8f554f9edf34	29641	/mnt/c/Users/genom/GitHub/LOSAT/docs/wasm-performance/PR01/cold/blastp/pairwise_default_serial/native-8/repeat-3/output.txt	
cold	blastp	pairwise_default_serial	native	8				4	True	False	cold-process-through-teardown	PASS	PASS	PASS	PASS	0	2026-09-05T05:39:30Z	0.22707353700025124	0.96	0.08	34316288				fd4b010800e32ce6c823cb38b42a10b7845f3342edae892acccc8f554f9edf34	29641	/mnt/c/Users/genom/GitHub/LOSAT/docs/wasm-performance/PR01/cold/blastp/pairwise_default_serial/native-8/repeat-4/output.txt	
cold	blastp	pairwise_default_serial	native	8				5	True	False	cold-process-through-teardown	PASS	PASS	PASS	PASS	0	2026-09-05T05:39:31Z	0.22812939999857917	1.03	0.02	34631680				fd4b010800e32ce6c823cb38b42a10b7845f3342edae892acccc8f554f9edf34	29641	/mnt/c/Users/genom/GitHub/LOSAT/docs/wasm-performance/PR01/cold/blastp/pairwise_default_serial/native-8/repeat-5/output.txt	
cold	blastp	pairwise_default_serial	native	8				6	False	True	cold-process-through-teardown	PASS	PASS	PASS	PASS	0	2026-09-05T05:39:31Z	0.2942389460004051	1.01	0.02	32907264				fd4b010800e32ce6c823cb38b42a10b7845f3342edae892acccc8f554f9edf34	29641	/mnt/c/Users/genom/GitHub/LOSAT/docs/wasm-performance/PR01/cold/blastp/pairwise_default_serial/native-8/diagnostic/output.txt	
cold	blastp	pairwise_default_serial	serial	1	1			0	False	False	cold-process-through-teardown	PASS	PASS	PASS	PASS	0	2026-09-05T05:39:31Z	1.323542190999433	1.45	0.07	121942016				fd4b010800e32ce6c823cb38b42a10b7845f3342edae892acccc8f554f9edf34	29641	/mnt/c/Users/genom/GitHub/LOSAT/docs/wasm-performance/PR01/cold/blastp/pairwise_default_serial/serial-1/repeat-0/output.txt	
cold	blastp	pairwise_default_serial	serial	1	1			1	True	False	cold-process-through-teardown	PASS	PASS	PASS	PASS	0	2026-09-05T05:39:33Z	1.3239730829991458	1.46	0.02	122716160				fd4b010800e32ce6c823cb38b42a10b7845f3342edae892acccc8f554f9edf34	29641	/mnt/c/Users/genom/GitHub/LOSAT/docs/wasm-performance/PR01/cold/blastp/pairwise_default_serial/serial-1/repeat-1/output.txt	
cold	blastp	pairwise_default_serial	serial	1	1			2	True	False	cold-process-through-teardown	PASS	PASS	PASS	PASS	0	2026-09-05T05:39:34Z	1.296866377000697	1.47	0.02	119742464				fd4b010800e32ce6c823cb38b42a10b7845f3342edae892acccc8f554f9edf34	29641	/mnt/c/Users/genom/GitHub/LOSAT/docs/wasm-performance/PR01/cold/blastp/pairwise_default_serial/serial-1/repeat-2/output.txt	
cold	blastp	pairwise_default_serial	serial	1	1			3	True	False	cold-process-through-teardown	PASS	PASS	PASS	PASS	0	2026-09-05T05:39:36Z	1.3812049819971435	1.51	0.02	122830848				fd4b010800e32ce6c823cb38b42a10b7845f3342edae892acccc8f554f9edf34	29641	/mnt/c/Users/genom/GitHub/LOSAT/docs/wasm-performance/PR01/cold/blastp/pairwise_default_serial/serial-1/repeat-3/output.txt	
cold	blastp	pairwise_default_serial	serial	1	1			4	True	False	cold-process-through-teardown	PASS	PASS	PASS	PASS	0	2026-09-05T05:39:37Z	1.3155362709985639	1.47	0.04	118218752				fd4b010800e32ce6c823cb38b42a10b7845f3342edae892acccc8f554f9edf34	29641	/mnt/c/Users/genom/GitHub/LOSAT/docs/wasm-performance/PR01/cold/blastp/pairwise_default_serial/serial-1/repeat-4/output.txt	
cold	blastp	pairwise_default_serial	serial	1	1			5	True	False	cold-process-through-teardown	PASS	PASS	PASS	PASS	0	2026-09-05T05:39:39Z	1.3153187469979457	1.48	0.03	118906880				fd4b010800e32ce6c823cb38b42a10b7845f3342edae892acccc8f554f9edf34	29641	/mnt/c/Users/genom/GitHub/LOSAT/docs/wasm-performance/PR01/cold/blastp/pairwise_default_serial/serial-1/repeat-5/output.txt	
cold	blastp	pairwise_default_serial	serial	1	1			6	False	True	cold-process-through-teardown	PASS	PASS	PASS	PASS	0	2026-09-05T05:39:40Z	1.358677701002307	1.51	0.03	118771712				fd4b010800e32ce6c823cb38b42a10b7845f3342edae892acccc8f554f9edf34	29641	/mnt/c/Users/genom/GitHub/LOSAT/docs/wasm-performance/PR01/cold/blastp/pairwise_default_serial/serial-1/diagnostic/output.txt	
cold	blastp	pairwise_default_serial	threaded	1				0	False	False	cold-process-through-teardown	PASS	PASS	PASS	PASS	0	2026-09-05T05:39:41Z	1.3326316780003253	1.47	0.04	112181248				fd4b010800e32ce6c823cb38b42a10b7845f3342edae892acccc8f554f9edf34	29641	/mnt/c/Users/genom/GitHub/LOSAT/docs/wasm-performance/PR01/cold/blastp/pairwise_default_serial/threaded-1/repeat-0/output.txt	
cold	blastp	pairwise_default_serial	threaded	1				1	True	False	cold-process-through-teardown	PASS	PASS	PASS	PASS	0	2026-09-05T05:39:43Z	1.3762588320023497	1.48	0.05	115523584				fd4b010800e32ce6c823cb38b42a10b7845f3342edae892acccc8f554f9edf34	29641	/mnt/c/Users/genom/GitHub/LOSAT/docs/wasm-performance/PR01/cold/blastp/pairwise_default_serial/threaded-1/repeat-1/output.txt	
cold	blastp	pairwise_default_serial	threaded	1				2	True	False	cold-process-through-teardown	PASS	PASS	PASS	PASS	0	2026-09-05T05:39:44Z	1.362059766001039	1.49	0.04	111091712				fd4b010800e32ce6c823cb38b42a10b7845f3342edae892acccc8f554f9edf34	29641	/mnt/c/Users/genom/GitHub/LOSAT/docs/wasm-performance/PR01/cold/blastp/pairwise_default_serial/threaded-1/repeat-2/output.txt	
cold	blastp	pairwise_default_serial	threaded	1				3	True	False	cold-process-through-teardown	PASS	PASS	PASS	PASS	0	2026-09-05T05:39:46Z	1.3423451649978233	1.48	0.05	113594368				fd4b010800e32ce6c823cb38b42a10b7845f3342edae892acccc8f554f9edf34	29641	/mnt/c/Users/genom/GitHub/LOSAT/docs/wasm-performance/PR01/cold/blastp/pairwise_default_serial/threaded-1/repeat-3/output.txt	
cold	blastp	pairwise_default_serial	threaded	1				4	True	False	cold-process-through-teardown	PASS	PASS	PASS	PASS	0	2026-09-05T05:39:47Z	1.3729525090020616	1.5	0.05	111239168				fd4b010800e32ce6c823cb38b42a10b7845f3342edae892acccc8f554f9edf34	29641	/mnt/c/Users/genom/GitHub/LOSAT/docs/wasm-performance/PR01/cold/blastp/pairwise_default_serial/threaded-1/repeat-4/output.txt	
cold	blastp	pairwise_default_serial	threaded	1				5	True	False	cold-process-through-teardown	PASS	PASS	PASS	PASS	0	2026-09-05T05:39:49Z	1.3287573609995889	1.46	0.03	110477312				fd4b010800e32ce6c823cb38b42a10b7845f3342edae892acccc8f554f9edf34	29641	/mnt/c/Users/genom/GitHub/LOSAT/docs/wasm-performance/PR01/cold/blastp/pairwise_default_serial/threaded-1/repeat-5/output.txt	
cold	blastp	pairwise_default_serial	threaded	1	1	0		6	False	True	cold-process-through-teardown	PASS	PASS	PASS	PASS	0	2026-09-05T05:39:50Z	1.4483389090019045	1.51	0.04	115093504				fd4b010800e32ce6c823cb38b42a10b7845f3342edae892acccc8f554f9edf34	29641	/mnt/c/Users/genom/GitHub/LOSAT/docs/wasm-performance/PR01/cold/blastp/pairwise_default_serial/threaded-1/diagnostic/output.txt	
cold	blastp	pairwise_default_serial	threaded	2				0	False	False	cold-process-through-teardown	PASS	PASS	PASS	PASS	0	2026-09-05T05:39:52Z	0.9419117659999756	1.72	0.02	129499136				fd4b010800e32ce6c823cb38b42a10b7845f3342edae892acccc8f554f9edf34	29641	/mnt/c/Users/genom/GitHub/LOSAT/docs/wasm-performance/PR01/cold/blastp/pairwise_default_serial/threaded-2/repeat-0/output.txt	
cold	blastp	pairwise_default_serial	threaded	2				1	True	False	cold-process-through-teardown	PASS	PASS	PASS	PASS	0	2026-09-05T05:39:53Z	0.9363390000034997	1.64	0.09	124669952				fd4b010800e32ce6c823cb38b42a10b7845f3342edae892acccc8f554f9edf34	29641	/mnt/c/Users/genom/GitHub/LOSAT/docs/wasm-performance/PR01/cold/blastp/pairwise_default_serial/threaded-2/repeat-1/output.txt	
cold	blastp	pairwise_default_serial	threaded	2				2	True	False	cold-process-through-teardown	PASS	PASS	PASS	PASS	0	2026-09-05T05:39:54Z	0.9016765979977208	1.65	0.06	125272064				fd4b010800e32ce6c823cb38b42a10b7845f3342edae892acccc8f554f9edf34	29641	/mnt/c/Users/genom/GitHub/LOSAT/docs/wasm-performance/PR01/cold/blastp/pairwise_default_serial/threaded-2/repeat-2/output.txt	
cold	blastp	pairwise_default_serial	threaded	2				3	True	False	cold-process-through-teardown	PASS	PASS	PASS	PASS	0	2026-09-05T05:39:55Z	0.9559799519993248	1.71	0.04	124084224				fd4b010800e32ce6c823cb38b42a10b7845f3342edae892acccc8f554f9edf34	29641	/mnt/c/Users/genom/GitHub/LOSAT/docs/wasm-performance/PR01/cold/blastp/pairwise_default_serial/threaded-2/repeat-3/output.txt	
cold	blastp	pairwise_default_serial	threaded	2				4	True	False	cold-process-through-teardown	PASS	PASS	PASS	PASS	0	2026-09-05T05:39:56Z	0.977390344000014	1.74	0.01	126218240				fd4b010800e32ce6c823cb38b42a10b7845f3342edae892acccc8f554f9edf34	29641	/mnt/c/Users/genom/GitHub/LOSAT/docs/wasm-performance/PR01/cold/blastp/pairwise_default_serial/threaded-2/repeat-4/output.txt	
cold	blastp	pairwise_default_serial	threaded	2				5	True	False	cold-process-through-teardown	PASS	PASS	PASS	PASS	0	2026-09-05T05:39:57Z	0.9507164909991843	1.69	0.04	125423616				fd4b010800e32ce6c823cb38b42a10b7845f3342edae892acccc8f554f9edf34	29641	/mnt/c/Users/genom/GitHub/LOSAT/docs/wasm-performance/PR01/cold/blastp/pairwise_default_serial/threaded-2/repeat-5/output.txt	
cold	blastp	pairwise_default_serial	threaded	2	2	1		6	False	True	cold-process-through-teardown	PASS	PASS	PASS	PASS	0	2026-09-05T05:39:58Z	1.0525110630005656	1.7	0.06	119422976				fd4b010800e32ce6c823cb38b42a10b7845f3342edae892acccc8f554f9edf34	29641	/mnt/c/Users/genom/GitHub/LOSAT/docs/wasm-performance/PR01/cold/blastp/pairwise_default_serial/threaded-2/diagnostic/output.txt	
cold	blastp	pairwise_default_serial	threaded	4				0	False	False	cold-process-through-teardown	PASS	PASS	PASS	PASS	0	2026-09-05T05:39:59Z	0.8211278670023603	1.89	0.05	146395136				fd4b010800e32ce6c823cb38b42a10b7845f3342edae892acccc8f554f9edf34	29641	/mnt/c/Users/genom/GitHub/LOSAT/docs/wasm-performance/PR01/cold/blastp/pairwise_default_serial/threaded-4/repeat-0/output.txt	
cold	blastp	pairwise_default_serial	threaded	4				1	True	False	cold-process-through-teardown	PASS	PASS	PASS	PASS	0	2026-09-05T05:40:00Z	0.7501838999996835	1.84	0.09	144986112				fd4b010800e32ce6c823cb38b42a10b7845f3342edae892acccc8f554f9edf34	29641	/mnt/c/Users/genom/GitHub/LOSAT/docs/wasm-performance/PR01/cold/blastp/pairwise_default_serial/threaded-4/repeat-1/output.txt	
cold	blastp	pairwise_default_serial	threaded	4				2	True	False	cold-process-through-teardown	PASS	PASS	PASS	PASS	0	2026-09-05T05:40:01Z	0.7258226480007579	1.89	0.04	139575296				fd4b010800e32ce6c823cb38b42a10b7845f3342edae892acccc8f554f9edf34	29641	/mnt/c/Users/genom/GitHub/LOSAT/docs/wasm-performance/PR01/cold/blastp/pairwise_default_serial/threaded-4/repeat-2/output.txt	
cold	blastp	pairwise_default_serial	threaded	4				3	True	False	cold-process-through-teardown	PASS	PASS	PASS	PASS	0	2026-09-05T05:40:02Z	0.7430621040002734	1.87	0.02	140771328				fd4b010800e32ce6c823cb38b42a10b7845f3342edae892acccc8f554f9edf34	29641	/mnt/c/Users/genom/GitHub/LOSAT/docs/wasm-performance/PR01/cold/blastp/pairwise_default_serial/threaded-4/repeat-3/output.txt	
cold	blastp	pairwise_default_serial	threaded	4				4	True	False	cold-process-through-teardown	PASS	PASS	PASS	PASS	0	2026-09-05T05:40:02Z	0.7163928299996769	1.83	0.07	144666624				fd4b010800e32ce6c823cb38b42a10b7845f3342edae892acccc8f554f9edf34	29641	/mnt/c/Users/genom/GitHub/LOSAT/docs/wasm-performance/PR01/cold/blastp/pairwise_default_serial/threaded-4/repeat-4/output.txt	
cold	blastp	pairwise_default_serial	threaded	4				5	True	False	cold-process-through-teardown	PASS	PASS	PASS	PASS	0	2026-09-05T05:40:03Z	0.7216094639989024	1.87	0.03	141991936				fd4b010800e32ce6c823cb38b42a10b7845f3342edae892acccc8f554f9edf34	29641	/mnt/c/Users/genom/GitHub/LOSAT/docs/wasm-performance/PR01/cold/blastp/pairwise_default_serial/threaded-4/repeat-5/output.txt	
cold	blastp	pairwise_default_serial	threaded	4	4	3		6	False	True	cold-process-through-teardown	PASS	PASS	PASS	PASS	0	2026-09-05T05:40:04Z	0.8350307109976711	1.91	0.04	147165184				fd4b010800e32ce6c823cb38b42a10b7845f3342edae892acccc8f554f9edf34	29641	/mnt/c/Users/genom/GitHub/LOSAT/docs/wasm-performance/PR01/cold/blastp/pairwise_default_serial/threaded-4/diagnostic/output.txt	
cold	blastp	pairwise_default_serial	threaded	8				0	False	False	cold-process-through-teardown	PASS	PASS	PASS	PASS	0	2026-09-05T05:40:05Z	0.8364800310009741	2.52	0.07	194379776				fd4b010800e32ce6c823cb38b42a10b7845f3342edae892acccc8f554f9edf34	29641	/mnt/c/Users/genom/GitHub/LOSAT/docs/wasm-performance/PR01/cold/blastp/pairwise_default_serial/threaded-8/repeat-0/output.txt	
cold	blastp	pairwise_default_serial	threaded	8				1	True	False	cold-process-through-teardown	PASS	PASS	PASS	PASS	0	2026-09-05T05:40:06Z	0.9634359180017782	2.45	0.15	182685696				fd4b010800e32ce6c823cb38b42a10b7845f3342edae892acccc8f554f9edf34	29641	/mnt/c/Users/genom/GitHub/LOSAT/docs/wasm-performance/PR01/cold/blastp/pairwise_default_serial/threaded-8/repeat-1/output.txt	
cold	blastp	pairwise_default_serial	threaded	8				2	True	False	cold-process-through-teardown	PASS	PASS	PASS	PASS	0	2026-09-05T05:40:07Z	0.8964569859999756	2.59	0.18	185761792				fd4b010800e32ce6c823cb38b42a10b7845f3342edae892acccc8f554f9edf34	29641	/mnt/c/Users/genom/GitHub/LOSAT/docs/wasm-performance/PR01/cold/blastp/pairwise_default_serial/threaded-8/repeat-2/output.txt	
cold	blastp	pairwise_default_serial	threaded	8				3	True	False	cold-process-through-teardown	PASS	PASS	PASS	PASS	0	2026-09-05T05:40:08Z	0.8579637170005299	2.48	0.13	182075392				fd4b010800e32ce6c823cb38b42a10b7845f3342edae892acccc8f554f9edf34	29641	/mnt/c/Users/genom/GitHub/LOSAT/docs/wasm-performance/PR01/cold/blastp/pairwise_default_serial/threaded-8/repeat-3/output.txt	
cold	blastp	pairwise_default_serial	threaded	8				4	True	False	cold-process-through-teardown	PASS	PASS	PASS	PASS	0	2026-09-05T05:40:09Z	0.8408585899996979	2.37	0.18	184590336				fd4b010800e32ce6c823cb38b42a10b7845f3342edae892acccc8f554f9edf34	29641	/mnt/c/Users/genom/GitHub/LOSAT/docs/wasm-performance/PR01/cold/blastp/pairwise_default_serial/threaded-8/repeat-4/output.txt	
cold	blastp	pairwise_default_serial	threaded	8				5	True	False	cold-process-through-teardown	PASS	PASS	PASS	PASS	0	2026-09-05T05:40:10Z	0.8535248340012913	2.45	0.1	184045568				fd4b010800e32ce6c823cb38b42a10b7845f3342edae892acccc8f554f9edf34	29641	/mnt/c/Users/genom/GitHub/LOSAT/docs/wasm-performance/PR01/cold/blastp/pairwise_default_serial/threaded-8/repeat-5/output.txt	
cold	blastp	pairwise_default_serial	threaded	8	8	7		6	False	True	cold-process-through-teardown	PASS	PASS	PASS	PASS	0	2026-09-05T05:40:11Z	0.8604973510009586	2.43	0.14	182140928				fd4b010800e32ce6c823cb38b42a10b7845f3342edae892acccc8f554f9edf34	29641	/mnt/c/Users/genom/GitHub/LOSAT/docs/wasm-performance/PR01/cold/blastp/pairwise_default_serial/threaded-8/diagnostic/output.txt	
cold	blastp	all_hsp_self_serial	native	1				0	False	False	cold-process-through-teardown	PASS	PASS	PASS	PASS	0	2026-09-05T05:40:13Z	1.0281844710007135	1.0	0.0	27140096				67911f4a93327e9622afe10d15a66d9e52ae8e1c3d905db9ca5fb018d6612e46	35004	/mnt/c/Users/genom/GitHub/LOSAT/docs/wasm-performance/PR01/cold/blastp/all_hsp_self_serial/native-1/repeat-0/output.txt	
cold	blastp	all_hsp_self_serial	native	1				1	True	False	cold-process-through-teardown	PASS	PASS	PASS	PASS	0	2026-09-05T05:40:14Z	1.1077934829991136	1.02	0.0	27140096				67911f4a93327e9622afe10d15a66d9e52ae8e1c3d905db9ca5fb018d6612e46	35004	/mnt/c/Users/genom/GitHub/LOSAT/docs/wasm-performance/PR01/cold/blastp/all_hsp_self_serial/native-1/repeat-1/output.txt	
cold	blastp	all_hsp_self_serial	native	1				2	True	False	cold-process-through-teardown	PASS	PASS	PASS	PASS	0	2026-09-05T05:40:15Z	1.0462146290010423	1.0	0.0	27086848				67911f4a93327e9622afe10d15a66d9e52ae8e1c3d905db9ca5fb018d6612e46	35004	/mnt/c/Users/genom/GitHub/LOSAT/docs/wasm-performance/PR01/cold/blastp/all_hsp_self_serial/native-1/repeat-2/output.txt	
cold	blastp	all_hsp_self_serial	native	1				3	True	False	cold-process-through-teardown	PASS	PASS	PASS	PASS	0	2026-09-05T05:40:16Z	1.0127310540010512	0.98	0.01	27127808				67911f4a93327e9622afe10d15a66d9e52ae8e1c3d905db9ca5fb018d6612e46	35004	/mnt/c/Users/genom/GitHub/LOSAT/docs/wasm-performance/PR01/cold/blastp/all_hsp_self_serial/native-1/repeat-3/output.txt	
cold	blastp	all_hsp_self_serial	native	1				4	True	False	cold-process-through-teardown	PASS	PASS	PASS	PASS	0	2026-09-05T05:40:17Z	1.0354900159982208	1.01	0.0	26951680				67911f4a93327e9622afe10d15a66d9e52ae8e1c3d905db9ca5fb018d6612e46	35004	/mnt/c/Users/genom/GitHub/LOSAT/docs/wasm-performance/PR01/cold/blastp/all_hsp_self_serial/native-1/repeat-4/output.txt	
cold	blastp	all_hsp_self_serial	native	1				5	True	False	cold-process-through-teardown	PASS	PASS	PASS	PASS	0	2026-09-05T05:40:19Z	1.0688835000000836	1.0	0.01	27037696				67911f4a93327e9622afe10d15a66d9e52ae8e1c3d905db9ca5fb018d6612e46	35004	/mnt/c/Users/genom/GitHub/LOSAT/docs/wasm-performance/PR01/cold/blastp/all_hsp_self_serial/native-1/repeat-5/output.txt	
cold	blastp	all_hsp_self_serial	native	1				6	False	True	cold-process-through-teardown	PASS	PASS	PASS	PASS	0	2026-09-05T05:40:20Z	1.0699965179992432	1.0	0.0	27152384				67911f4a93327e9622afe10d15a66d9e52ae8e1c3d905db9ca5fb018d6612e46	35004	/mnt/c/Users/genom/GitHub/LOSAT/docs/wasm-performance/PR01/cold/blastp/all_hsp_self_serial/native-1/diagnostic/output.txt	
cold	blastp	all_hsp_self_serial	native	2				0	False	False	cold-process-through-teardown	PASS	PASS	PASS	PASS	0	2026-09-05T05:40:21Z	0.6170274079995579	1.1	0.02	29806592				67911f4a93327e9622afe10d15a66d9e52ae8e1c3d905db9ca5fb018d6612e46	35004	/mnt/c/Users/genom/GitHub/LOSAT/docs/wasm-performance/PR01/cold/blastp/all_hsp_self_serial/native-2/repeat-0/output.txt	
cold	blastp	all_hsp_self_serial	native	2				1	True	False	cold-process-through-teardown	PASS	PASS	PASS	PASS	0	2026-09-05T05:40:22Z	0.6716140749995247	1.12	0.01	29663232				67911f4a93327e9622afe10d15a66d9e52ae8e1c3d905db9ca5fb018d6612e46	35004	/mnt/c/Users/genom/GitHub/LOSAT/docs/wasm-performance/PR01/cold/blastp/all_hsp_self_serial/native-2/repeat-1/output.txt	
cold	blastp	all_hsp_self_serial	native	2				2	True	False	cold-process-through-teardown	PASS	PASS	PASS	PASS	0	2026-09-05T05:40:22Z	0.6214352610004426	1.1	0.01	31404032				67911f4a93327e9622afe10d15a66d9e52ae8e1c3d905db9ca5fb018d6612e46	35004	/mnt/c/Users/genom/GitHub/LOSAT/docs/wasm-performance/PR01/cold/blastp/all_hsp_self_serial/native-2/repeat-2/output.txt	
cold	blastp	all_hsp_self_serial	native	2				3	True	False	cold-process-through-teardown	PASS	PASS	PASS	PASS	0	2026-09-05T05:40:23Z	0.6283141070016427	1.1	0.01	29507584				67911f4a93327e9622afe10d15a66d9e52ae8e1c3d905db9ca5fb018d6612e46	35004	/mnt/c/Users/genom/GitHub/LOSAT/docs/wasm-performance/PR01/cold/blastp/all_hsp_self_serial/native-2/repeat-3/output.txt	
cold	blastp	all_hsp_self_serial	native	2				4	True	False	cold-process-through-teardown	PASS	PASS	PASS	PASS	0	2026-09-05T05:40:24Z	0.6061185110011138	1.11	0.0	29917184				67911f4a93327e9622afe10d15a66d9e52ae8e1c3d905db9ca5fb018d6612e46	35004	/mnt/c/Users/genom/GitHub/LOSAT/docs/wasm-performance/PR01/cold/blastp/all_hsp_self_serial/native-2/repeat-4/output.txt	
cold	blastp	all_hsp_self_serial	native	2				5	True	False	cold-process-through-teardown	PASS	PASS	PASS	PASS	0	2026-09-05T05:40:24Z	0.6112112949995208	1.11	0.0	29585408				67911f4a93327e9622afe10d15a66d9e52ae8e1c3d905db9ca5fb018d6612e46	35004	/mnt/c/Users/genom/GitHub/LOSAT/docs/wasm-performance/PR01/cold/blastp/all_hsp_self_serial/native-2/repeat-5/output.txt	
cold	blastp	all_hsp_self_serial	native	2				6	False	True	cold-process-through-teardown	PASS	PASS	PASS	PASS	0	2026-09-05T05:40:25Z	0.6368971970005077	1.1	0.03	29954048				67911f4a93327e9622afe10d15a66d9e52ae8e1c3d905db9ca5fb018d6612e46	35004	/mnt/c/Users/genom/GitHub/LOSAT/docs/wasm-performance/PR01/cold/blastp/all_hsp_self_serial/native-2/diagnostic/output.txt	
cold	blastp	all_hsp_self_serial	native	4				0	False	False	cold-process-through-teardown	PASS	PASS	PASS	PASS	0	2026-09-05T05:40:26Z	0.3686610020013177	1.16	0.0	32985088				67911f4a93327e9622afe10d15a66d9e52ae8e1c3d905db9ca5fb018d6612e46	35004	/mnt/c/Users/genom/GitHub/LOSAT/docs/wasm-performance/PR01/cold/blastp/all_hsp_self_serial/native-4/repeat-0/output.txt	
cold	blastp	all_hsp_self_serial	native	4				1	True	False	cold-process-through-teardown	PASS	PASS	PASS	PASS	0	2026-09-05T05:40:26Z	0.37282694299938157	1.14	0.01	30867456				67911f4a93327e9622afe10d15a66d9e52ae8e1c3d905db9ca5fb018d6612e46	35004	/mnt/c/Users/genom/GitHub/LOSAT/docs/wasm-performance/PR01/cold/blastp/all_hsp_self_serial/native-4/repeat-1/output.txt	
cold	blastp	all_hsp_self_serial	native	4				2	True	False	cold-process-through-teardown	PASS	PASS	PASS	PASS	0	2026-09-05T05:40:27Z	0.3667311499993957	1.16	0.0	31211520				67911f4a93327e9622afe10d15a66d9e52ae8e1c3d905db9ca5fb018d6612e46	35004	/mnt/c/Users/genom/GitHub/LOSAT/docs/wasm-performance/PR01/cold/blastp/all_hsp_self_serial/native-4/repeat-2/output.txt	
cold	blastp	all_hsp_self_serial	native	4				3	True	False	cold-process-through-teardown	PASS	PASS	PASS	PASS	0	2026-09-05T05:40:27Z	0.3657060450022982	1.2	0.0	31281152				67911f4a93327e9622afe10d15a66d9e52ae8e1c3d905db9ca5fb018d6612e46	35004	/mnt/c/Users/genom/GitHub/LOSAT/docs/wasm-performance/PR01/cold/blastp/all_hsp_self_serial/native-4/repeat-3/output.txt	
cold	blastp	all_hsp_self_serial	native	4				4	True	False	cold-process-through-teardown	PASS	PASS	PASS	PASS	0	2026-09-05T05:40:27Z	0.4131877479994728	1.17	0.0	33054720				67911f4a93327e9622afe10d15a66d9e52ae8e1c3d905db9ca5fb018d6612e46	35004	/mnt/c/Users/genom/GitHub/LOSAT/docs/wasm-performance/PR01/cold/blastp/all_hsp_self_serial/native-4/repeat-4/output.txt	
cold	blastp	all_hsp_self_serial	native	4				5	True	False	cold-process-through-teardown	PASS	PASS	PASS	PASS	0	2026-09-05T05:40:28Z	0.38217243699909886	1.15	0.0	31154176				67911f4a93327e9622afe10d15a66d9e52ae8e1c3d905db9ca5fb018d6612e46	35004	/mnt/c/Users/genom/GitHub/LOSAT/docs/wasm-performance/PR01/cold/blastp/all_hsp_self_serial/native-4/repeat-5/output.txt	
cold	blastp	all_hsp_self_serial	native	4				6	False	True	cold-process-through-teardown	PASS	PASS	PASS	PASS	0	2026-09-05T05:40:28Z	0.4525510330022371	1.15	0.01	31232000				67911f4a93327e9622afe10d15a66d9e52ae8e1c3d905db9ca5fb018d6612e46	35004	/mnt/c/Users/genom/GitHub/LOSAT/docs/wasm-performance/PR01/cold/blastp/all_hsp_self_serial/native-4/diagnostic/output.txt	
cold	blastp	all_hsp_self_serial	native	8				0	False	False	cold-process-through-teardown	PASS	PASS	PASS	PASS	0	2026-09-05T05:40:29Z	0.2987767619997612	1.36	0.02	34942976				67911f4a93327e9622afe10d15a66d9e52ae8e1c3d905db9ca5fb018d6612e46	35004	/mnt/c/Users/genom/GitHub/LOSAT/docs/wasm-performance/PR01/cold/blastp/all_hsp_self_serial/native-8/repeat-0/output.txt	
cold	blastp	all_hsp_self_serial	native	8				1	True	False	cold-process-through-teardown	PASS	PASS	PASS	PASS	0	2026-09-05T05:40:30Z	0.29948033500113524	1.37	0.01	33660928				67911f4a93327e9622afe10d15a66d9e52ae8e1c3d905db9ca5fb018d6612e46	35004	/mnt/c/Users/genom/GitHub/LOSAT/docs/wasm-performance/PR01/cold/blastp/all_hsp_self_serial/native-8/repeat-1/output.txt	
cold	blastp	all_hsp_self_serial	native	8				2	True	False	cold-process-through-teardown	PASS	PASS	PASS	PASS	0	2026-09-05T05:40:30Z	0.29371452699706424	1.38	0.0	33710080				67911f4a93327e9622afe10d15a66d9e52ae8e1c3d905db9ca5fb018d6612e46	35004	/mnt/c/Users/genom/GitHub/LOSAT/docs/wasm-performance/PR01/cold/blastp/all_hsp_self_serial/native-8/repeat-2/output.txt	
cold	blastp	all_hsp_self_serial	native	8				3	True	False	cold-process-through-teardown	PASS	PASS	PASS	PASS	0	2026-09-05T05:40:30Z	0.2858116710012837	1.33	0.02	33554432				67911f4a93327e9622afe10d15a66d9e52ae8e1c3d905db9ca5fb018d6612e46	35004	/mnt/c/Users/genom/GitHub/LOSAT/docs/wasm-performance/PR01/cold/blastp/all_hsp_self_serial/native-8/repeat-3/output.txt	
cold	blastp	all_hsp_self_serial	native	8				4	True	False	cold-process-through-teardown	PASS	PASS	PASS	PASS	0	2026-09-05T05:40:31Z	0.32909460999871953	1.38	0.0	36118528				67911f4a93327e9622afe10d15a66d9e52ae8e1c3d905db9ca5fb018d6612e46	35004	/mnt/c/Users/genom/GitHub/LOSAT/docs/wasm-performance/PR01/cold/blastp/all_hsp_self_serial/native-8/repeat-4/output.txt	
cold	blastp	all_hsp_self_serial	native	8				5	True	False	cold-process-through-teardown	PASS	PASS	PASS	PASS	0	2026-09-05T05:40:31Z	0.27905061799901887	1.33	0.03	33533952				67911f4a93327e9622afe10d15a66d9e52ae8e1c3d905db9ca5fb018d6612e46	35004	/mnt/c/Users/genom/GitHub/LOSAT/docs/wasm-performance/PR01/cold/blastp/all_hsp_self_serial/native-8/repeat-5/output.txt	
cold	blastp	all_hsp_self_serial	native	8				6	False	True	cold-process-through-teardown	PASS	PASS	PASS	PASS	0	2026-09-05T05:40:31Z	0.39905624999664724	1.37	0.02	33705984				67911f4a93327e9622afe10d15a66d9e52ae8e1c3d905db9ca5fb018d6612e46	35004	/mnt/c/Users/genom/GitHub/LOSAT/docs/wasm-performance/PR01/cold/blastp/all_hsp_self_serial/native-8/diagnostic/output.txt	
cold	blastp	all_hsp_self_serial	serial	1	1			0	False	False	cold-process-through-teardown	PASS	PASS	PASS	PASS	0	2026-09-05T05:40:32Z	1.7195658069977071	1.83	0.08	121131008				67911f4a93327e9622afe10d15a66d9e52ae8e1c3d905db9ca5fb018d6612e46	35004	/mnt/c/Users/genom/GitHub/LOSAT/docs/wasm-performance/PR01/cold/blastp/all_hsp_self_serial/serial-1/repeat-0/output.txt	
cold	blastp	all_hsp_self_serial	serial	1	1			1	True	False	cold-process-through-teardown	PASS	PASS	PASS	PASS	0	2026-09-05T05:40:34Z	1.7511515529986355	1.9	0.03	122355712				67911f4a93327e9622afe10d15a66d9e52ae8e1c3d905db9ca5fb018d6612e46	35004	/mnt/c/Users/genom/GitHub/LOSAT/docs/wasm-performance/PR01/cold/blastp/all_hsp_self_serial/serial-1/repeat-1/output.txt	
cold	blastp	all_hsp_self_serial	serial	1	1			2	True	False	cold-process-through-teardown	PASS	PASS	PASS	PASS	0	2026-09-05T05:40:36Z	1.6909929590001411	1.86	0.04	125239296				67911f4a93327e9622afe10d15a66d9e52ae8e1c3d905db9ca5fb018d6612e46	35004	/mnt/c/Users/genom/GitHub/LOSAT/docs/wasm-performance/PR01/cold/blastp/all_hsp_self_serial/serial-1/repeat-2/output.txt	
cold	blastp	all_hsp_self_serial	serial	1	1			3	True	False	cold-process-through-teardown	PASS	PASS	PASS	PASS	0	2026-09-05T05:40:38Z	1.768503444000089	1.88	0.05	125665280				67911f4a93327e9622afe10d15a66d9e52ae8e1c3d905db9ca5fb018d6612e46	35004	/mnt/c/Users/genom/GitHub/LOSAT/docs/wasm-performance/PR01/cold/blastp/all_hsp_self_serial/serial-1/repeat-3/output.txt	
cold	blastp	all_hsp_self_serial	serial	1	1			4	True	False	cold-process-through-teardown	PASS	PASS	PASS	PASS	0	2026-09-05T05:40:39Z	1.6863854520015593	1.83	0.07	125898752				67911f4a93327e9622afe10d15a66d9e52ae8e1c3d905db9ca5fb018d6612e46	35004	/mnt/c/Users/genom/GitHub/LOSAT/docs/wasm-performance/PR01/cold/blastp/all_hsp_self_serial/serial-1/repeat-4/output.txt	
cold	blastp	all_hsp_self_serial	serial	1	1			5	True	False	cold-process-through-teardown	PASS	PASS	PASS	PASS	0	2026-09-05T05:40:41Z	1.7248805669987632	1.89	0.03	125267968				67911f4a93327e9622afe10d15a66d9e52ae8e1c3d905db9ca5fb018d6612e46	35004	/mnt/c/Users/genom/GitHub/LOSAT/docs/wasm-performance/PR01/cold/blastp/all_hsp_self_serial/serial-1/repeat-5/output.txt	
cold	blastp	all_hsp_self_serial	serial	1	1			6	False	True	cold-process-through-teardown	PASS	PASS	PASS	PASS	0	2026-09-05T05:40:43Z	1.797192610003549	1.88	0.05	125206528				67911f4a93327e9622afe10d15a66d9e52ae8e1c3d905db9ca5fb018d6612e46	35004	/mnt/c/Users/genom/GitHub/LOSAT/docs/wasm-performance/PR01/cold/blastp/all_hsp_self_serial/serial-1/diagnostic/output.txt	
cold	blastp	all_hsp_self_serial	threaded	1				0	False	False	cold-process-through-teardown	PASS	PASS	PASS	PASS	0	2026-09-05T05:40:45Z	1.757568219996756	1.9	0.05	113537024				67911f4a93327e9622afe10d15a66d9e52ae8e1c3d905db9ca5fb018d6612e46	35004	/mnt/c/Users/genom/GitHub/LOSAT/docs/wasm-performance/PR01/cold/blastp/all_hsp_self_serial/threaded-1/repeat-0/output.txt	
cold	blastp	all_hsp_self_serial	threaded	1				1	True	False	cold-process-through-teardown	PASS	PASS	PASS	PASS	0	2026-09-05T05:40:47Z	1.7694806849976885	1.88	0.07	115294208				67911f4a93327e9622afe10d15a66d9e52ae8e1c3d905db9ca5fb018d6612e46	35004	/mnt/c/Users/genom/GitHub/LOSAT/docs/wasm-performance/PR01/cold/blastp/all_hsp_self_serial/threaded-1/repeat-1/output.txt	
cold	blastp	all_hsp_self_serial	threaded	1				2	True	False	cold-process-through-teardown	PASS	PASS	PASS	PASS	0	2026-09-05T05:40:49Z	1.7256571180005267	1.88	0.05	114679808				67911f4a93327e9622afe10d15a66d9e52ae8e1c3d905db9ca5fb018d6612e46	35004	/mnt/c/Users/genom/GitHub/LOSAT/docs/wasm-performance/PR01/cold/blastp/all_hsp_self_serial/threaded-1/repeat-2/output.txt	
cold	blastp	all_hsp_self_serial	threaded	1				3	True	False	cold-process-through-teardown	PASS	PASS	PASS	PASS	0	2026-09-05T05:40:50Z	1.7556342640018556	1.9	0.03	115380224				67911f4a93327e9622afe10d15a66d9e52ae8e1c3d905db9ca5fb018d6612e46	35004	/mnt/c/Users/genom/GitHub/LOSAT/docs/wasm-performance/PR01/cold/blastp/all_hsp_self_serial/threaded-1/repeat-3/output.txt	
cold	blastp	all_hsp_self_serial	threaded	1				4	True	False	cold-process-through-teardown	PASS	PASS	PASS	PASS	0	2026-09-05T05:40:52Z	1.749037967001641	1.89	0.03	112152576				67911f4a93327e9622afe10d15a66d9e52ae8e1c3d905db9ca5fb018d6612e46	35004	/mnt/c/Users/genom/GitHub/LOSAT/docs/wasm-performance/PR01/cold/blastp/all_hsp_self_serial/threaded-1/repeat-4/output.txt	
cold	blastp	all_hsp_self_serial	threaded	1				5	True	False	cold-process-through-teardown	PASS	PASS	PASS	PASS	0	2026-09-05T05:40:54Z	1.7858211689999735	1.95	0.01	113328128				67911f4a93327e9622afe10d15a66d9e52ae8e1c3d905db9ca5fb018d6612e46	35004	/mnt/c/Users/genom/GitHub/LOSAT/docs/wasm-performance/PR01/cold/blastp/all_hsp_self_serial/threaded-1/repeat-5/output.txt	
cold	blastp	all_hsp_self_serial	threaded	1	1	0		6	False	True	cold-process-through-teardown	PASS	PASS	PASS	PASS	0	2026-09-05T05:40:56Z	1.828089816001011	1.92	0.05	116957184				67911f4a93327e9622afe10d15a66d9e52ae8e1c3d905db9ca5fb018d6612e46	35004	/mnt/c/Users/genom/GitHub/LOSAT/docs/wasm-performance/PR01/cold/blastp/all_hsp_self_serial/threaded-1/diagnostic/output.txt	
cold	blastp	all_hsp_self_serial	threaded	2				0	False	False	cold-process-through-teardown	PASS	PASS	PASS	PASS	0	2026-09-05T05:40:58Z	1.133921819000534	2.09	0.04	122314752				67911f4a93327e9622afe10d15a66d9e52ae8e1c3d905db9ca5fb018d6612e46	35004	/mnt/c/Users/genom/GitHub/LOSAT/docs/wasm-performance/PR01/cold/blastp/all_hsp_self_serial/threaded-2/repeat-0/output.txt	
cold	blastp	all_hsp_self_serial	threaded	2				1	True	False	cold-process-through-teardown	PASS	PASS	PASS	PASS	0	2026-09-05T05:40:59Z	1.1328665519977221	2.06	0.08	122904576				67911f4a93327e9622afe10d15a66d9e52ae8e1c3d905db9ca5fb018d6612e46	35004	/mnt/c/Users/genom/GitHub/LOSAT/docs/wasm-performance/PR01/cold/blastp/all_hsp_self_serial/threaded-2/repeat-1/output.txt	
cold	blastp	all_hsp_self_serial	threaded	2				2	True	False	cold-process-through-teardown	PASS	PASS	PASS	PASS	0	2026-09-05T05:41:00Z	1.1411408639978617	2.11	0.03	122793984				67911f4a93327e9622afe10d15a66d9e52ae8e1c3d905db9ca5fb018d6612e46	35004	/mnt/c/Users/genom/GitHub/LOSAT/docs/wasm-performance/PR01/cold/blastp/all_hsp_self_serial/threaded-2/repeat-2/output.txt	
cold	blastp	all_hsp_self_serial	threaded	2				3	True	False	cold-process-through-teardown	PASS	PASS	PASS	PASS	0	2026-09-05T05:41:01Z	1.0853725550005038	2.1	0.03	119349248				67911f4a93327e9622afe10d15a66d9e52ae8e1c3d905db9ca5fb018d6612e46	35004	/mnt/c/Users/genom/GitHub/LOSAT/docs/wasm-performance/PR01/cold/blastp/all_hsp_self_serial/threaded-2/repeat-3/output.txt	
cold	blastp	all_hsp_self_serial	threaded	2				4	True	False	cold-process-through-teardown	PASS	PASS	PASS	PASS	0	2026-09-05T05:41:03Z	1.0945250479999231	2.07	0.04	125247488				67911f4a93327e9622afe10d15a66d9e52ae8e1c3d905db9ca5fb018d6612e46	35004	/mnt/c/Users/genom/GitHub/LOSAT/docs/wasm-performance/PR01/cold/blastp/all_hsp_self_serial/threaded-2/repeat-4/output.txt	
cold	blastp	all_hsp_self_serial	threaded	2				5	True	False	cold-process-through-teardown	PASS	PASS	PASS	PASS	0	2026-09-05T05:41:04Z	1.1126180440005555	2.12	0.02	123027456				67911f4a93327e9622afe10d15a66d9e52ae8e1c3d905db9ca5fb018d6612e46	35004	/mnt/c/Users/genom/GitHub/LOSAT/docs/wasm-performance/PR01/cold/blastp/all_hsp_self_serial/threaded-2/repeat-5/output.txt	
cold	blastp	all_hsp_self_serial	threaded	2	2	1		6	False	True	cold-process-through-teardown	PASS	PASS	PASS	PASS	0	2026-09-05T05:41:05Z	1.1264342790018418	2.04	0.08	125513728				67911f4a93327e9622afe10d15a66d9e52ae8e1c3d905db9ca5fb018d6612e46	35004	/mnt/c/Users/genom/GitHub/LOSAT/docs/wasm-performance/PR01/cold/blastp/all_hsp_self_serial/threaded-2/diagnostic/output.txt	
cold	blastp	all_hsp_self_serial	threaded	4				0	False	False	cold-process-through-teardown	PASS	PASS	PASS	PASS	0	2026-09-05T05:41:06Z	0.8125532869999006	2.26	0.12	145268736				67911f4a93327e9622afe10d15a66d9e52ae8e1c3d905db9ca5fb018d6612e46	35004	/mnt/c/Users/genom/GitHub/LOSAT/docs/wasm-performance/PR01/cold/blastp/all_hsp_self_serial/threaded-4/repeat-0/output.txt	
cold	blastp	all_hsp_self_serial	threaded	4				1	True	False	cold-process-through-teardown	PASS	PASS	PASS	PASS	0	2026-09-05T05:41:07Z	0.8278740829991875	2.27	0.07	142950400				67911f4a93327e9622afe10d15a66d9e52ae8e1c3d905db9ca5fb018d6612e46	35004	/mnt/c/Users/genom/GitHub/LOSAT/docs/wasm-performance/PR01/cold/blastp/all_hsp_self_serial/threaded-4/repeat-1/output.txt	
cold	blastp	all_hsp_self_serial	threaded	4				2	True	False	cold-process-through-teardown	PASS	PASS	PASS	PASS	0	2026-09-05T05:41:08Z	0.9016299809991324	2.37	0.05	144576512				67911f4a93327e9622afe10d15a66d9e52ae8e1c3d905db9ca5fb018d6612e46	35004	/mnt/c/Users/genom/GitHub/LOSAT/docs/wasm-performance/PR01/cold/blastp/all_hsp_self_serial/threaded-4/repeat-2/output.txt	
cold	blastp	all_hsp_self_serial	threaded	4				3	True	False	cold-process-through-teardown	PASS	PASS	PASS	PASS	0	2026-09-05T05:41:09Z	0.8284588700007589	2.29	0.05	145477632				67911f4a93327e9622afe10d15a66d9e52ae8e1c3d905db9ca5fb018d6612e46	35004	/mnt/c/Users/genom/GitHub/LOSAT/docs/wasm-performance/PR01/cold/blastp/all_hsp_self_serial/threaded-4/repeat-3/output.txt	
cold	blastp	all_hsp_self_serial	threaded	4				4	True	False	cold-process-through-teardown	PASS	PASS	PASS	PASS	0	2026-09-05T05:41:10Z	0.9679681779998646	2.32	0.09	141430784				67911f4a93327e9622afe10d15a66d9e52ae8e1c3d905db9ca5fb018d6612e46	35004	/mnt/c/Users/genom/GitHub/LOSAT/docs/wasm-performance/PR01/cold/blastp/all_hsp_self_serial/threaded-4/repeat-4/output.txt	
cold	blastp	all_hsp_self_serial	threaded	4				5	True	False	cold-process-through-teardown	PASS	PASS	PASS	PASS	0	2026-09-05T05:41:11Z	0.8638662660014234	2.24	0.12	144752640				67911f4a93327e9622afe10d15a66d9e52ae8e1c3d905db9ca5fb018d6612e46	35004	/mnt/c/Users/genom/GitHub/LOSAT/docs/wasm-performance/PR01/cold/blastp/all_hsp_self_serial/threaded-4/repeat-5/output.txt	
cold	blastp	all_hsp_self_serial	threaded	4	4	3		6	False	True	cold-process-through-teardown	PASS	PASS	PASS	PASS	0	2026-09-05T05:41:12Z	0.8971405110023625	2.29	0.08	142016512				67911f4a93327e9622afe10d15a66d9e52ae8e1c3d905db9ca5fb018d6612e46	35004	/mnt/c/Users/genom/GitHub/LOSAT/docs/wasm-performance/PR01/cold/blastp/all_hsp_self_serial/threaded-4/diagnostic/output.txt	
cold	blastp	all_hsp_self_serial	threaded	8				0	False	False	cold-process-through-teardown	PASS	PASS	PASS	PASS	0	2026-09-05T05:41:13Z	0.8758821330011415	2.93	0.14	183091200				67911f4a93327e9622afe10d15a66d9e52ae8e1c3d905db9ca5fb018d6612e46	35004	/mnt/c/Users/genom/GitHub/LOSAT/docs/wasm-performance/PR01/cold/blastp/all_hsp_self_serial/threaded-8/repeat-0/output.txt	
cold	blastp	all_hsp_self_serial	threaded	8				1	True	False	cold-process-through-teardown	PASS	PASS	PASS	PASS	0	2026-09-05T05:41:14Z	0.9381703149992973	3.09	0.08	181735424				67911f4a93327e9622afe10d15a66d9e52ae8e1c3d905db9ca5fb018d6612e46	35004	/mnt/c/Users/genom/GitHub/LOSAT/docs/wasm-performance/PR01/cold/blastp/all_hsp_self_serial/threaded-8/repeat-1/output.txt	
cold	blastp	all_hsp_self_serial	threaded	8				2	True	False	cold-process-through-teardown	PASS	PASS	PASS	PASS	0	2026-09-05T05:41:15Z	0.876760008999554	2.99	0.12	184733696				67911f4a93327e9622afe10d15a66d9e52ae8e1c3d905db9ca5fb018d6612e46	35004	/mnt/c/Users/genom/GitHub/LOSAT/docs/wasm-performance/PR01/cold/blastp/all_hsp_self_serial/threaded-8/repeat-2/output.txt	
cold	blastp	all_hsp_self_serial	threaded	8				3	True	False	cold-process-through-teardown	PASS	PASS	PASS	PASS	0	2026-09-05T05:41:16Z	0.9222119049991306	2.94	0.15	180678656				67911f4a93327e9622afe10d15a66d9e52ae8e1c3d905db9ca5fb018d6612e46	35004	/mnt/c/Users/genom/GitHub/LOSAT/docs/wasm-performance/PR01/cold/blastp/all_hsp_self_serial/threaded-8/repeat-3/output.txt	
cold	blastp	all_hsp_self_serial	threaded	8				4	True	False	cold-process-through-teardown	PASS	PASS	PASS	PASS	0	2026-09-05T05:41:17Z	0.9136579810001422	2.92	0.13	184934400				67911f4a93327e9622afe10d15a66d9e52ae8e1c3d905db9ca5fb018d6612e46	35004	/mnt/c/Users/genom/GitHub/LOSAT/docs/wasm-performance/PR01/cold/blastp/all_hsp_self_serial/threaded-8/repeat-4/output.txt	
cold	blastp	all_hsp_self_serial	threaded	8				5	True	False	cold-process-through-teardown	PASS	PASS	PASS	PASS	0	2026-09-05T05:41:18Z	0.9134321139972599	3.05	0.13	182841344				67911f4a93327e9622afe10d15a66d9e52ae8e1c3d905db9ca5fb018d6612e46	35004	/mnt/c/Users/genom/GitHub/LOSAT/docs/wasm-performance/PR01/cold/blastp/all_hsp_self_serial/threaded-8/repeat-5/output.txt	
cold	blastp	all_hsp_self_serial	threaded	8	8	7		6	False	True	cold-process-through-teardown	PASS	PASS	PASS	PASS	0	2026-09-05T05:41:19Z	0.9176475800013577	2.9	0.13	182513664				67911f4a93327e9622afe10d15a66d9e52ae8e1c3d905db9ca5fb018d6612e46	35004	/mnt/c/Users/genom/GitHub/LOSAT/docs/wasm-performance/PR01/cold/blastp/all_hsp_self_serial/threaded-8/diagnostic/output.txt	
cold	tblastx	p03_mela_pemojnva	native	1				0	False	False	cold-process-through-teardown	PASS	PASS	PASS	PASS	0	2026-09-05T05:41:24Z	4.552752404000785	4.51	0.0	70488064				bbef153094025db89dd4a69b2a3c4246b0b8853396fe740bc7e1bd654db105b6	351051	/mnt/c/Users/genom/GitHub/LOSAT/docs/wasm-performance/PR01/cold/tblastx/p03_mela_pemojnva/native-1/repeat-0/output.txt	
cold	tblastx	p03_mela_pemojnva	native	1				1	True	False	cold-process-through-teardown	PASS	PASS	PASS	PASS	0	2026-09-05T05:41:28Z	4.552856260997942	4.52	0.0	70406144				bbef153094025db89dd4a69b2a3c4246b0b8853396fe740bc7e1bd654db105b6	351051	/mnt/c/Users/genom/GitHub/LOSAT/docs/wasm-performance/PR01/cold/tblastx/p03_mela_pemojnva/native-1/repeat-1/output.txt	
cold	tblastx	p03_mela_pemojnva	native	1				2	True	False	cold-process-through-teardown	PASS	PASS	PASS	PASS	0	2026-09-05T05:41:33Z	4.563896837000357	4.45	0.0	70070272				bbef153094025db89dd4a69b2a3c4246b0b8853396fe740bc7e1bd654db105b6	351051	/mnt/c/Users/genom/GitHub/LOSAT/docs/wasm-performance/PR01/cold/tblastx/p03_mela_pemojnva/native-1/repeat-2/output.txt	
cold	tblastx	p03_mela_pemojnva	native	1				3	True	False	cold-process-through-teardown	PASS	PASS	PASS	PASS	0	2026-09-05T05:41:38Z	4.501878970997495	4.44	0.01	70238208				bbef153094025db89dd4a69b2a3c4246b0b8853396fe740bc7e1bd654db105b6	351051	/mnt/c/Users/genom/GitHub/LOSAT/docs/wasm-performance/PR01/cold/tblastx/p03_mela_pemojnva/native-1/repeat-3/output.txt	
cold	tblastx	p03_mela_pemojnva	native	1				4	True	False	cold-process-through-teardown	PASS	PASS	PASS	PASS	0	2026-09-05T05:41:42Z	4.65740575000018	4.57	0.02	70422528				bbef153094025db89dd4a69b2a3c4246b0b8853396fe740bc7e1bd654db105b6	351051	/mnt/c/Users/genom/GitHub/LOSAT/docs/wasm-performance/PR01/cold/tblastx/p03_mela_pemojnva/native-1/repeat-4/output.txt	
cold	tblastx	p03_mela_pemojnva	native	1				5	True	False	cold-process-through-teardown	PASS	PASS	PASS	PASS	0	2026-09-05T05:41:47Z	4.639719308997883	4.54	0.01	70414336				bbef153094025db89dd4a69b2a3c4246b0b8853396fe740bc7e1bd654db105b6	351051	/mnt/c/Users/genom/GitHub/LOSAT/docs/wasm-performance/PR01/cold/tblastx/p03_mela_pemojnva/native-1/repeat-5/output.txt	
cold	tblastx	p03_mela_pemojnva	native	1				6	False	True	cold-process-through-teardown	PASS	PASS	PASS	PASS	0	2026-09-05T05:41:52Z	4.736871570999938	4.69	0.0	70660096				bbef153094025db89dd4a69b2a3c4246b0b8853396fe740bc7e1bd654db105b6	351051	/mnt/c/Users/genom/GitHub/LOSAT/docs/wasm-performance/PR01/cold/tblastx/p03_mela_pemojnva/native-1/diagnostic/output.txt	
cold	tblastx	p03_mela_pemojnva	native	2				0	False	False	cold-process-through-teardown	PASS	PASS	PASS	PASS	0	2026-09-05T05:41:57Z	3.1428059690006194	4.54	0.02	94433280				bbef153094025db89dd4a69b2a3c4246b0b8853396fe740bc7e1bd654db105b6	351051	/mnt/c/Users/genom/GitHub/LOSAT/docs/wasm-performance/PR01/cold/tblastx/p03_mela_pemojnva/native-2/repeat-0/output.txt	
cold	tblastx	p03_mela_pemojnva	native	2				1	True	False	cold-process-through-teardown	PASS	PASS	PASS	PASS	0	2026-09-05T05:42:00Z	3.027669119001075	4.48	0.01	94425088				bbef153094025db89dd4a69b2a3c4246b0b8853396fe740bc7e1bd654db105b6	351051	/mnt/c/Users/genom/GitHub/LOSAT/docs/wasm-performance/PR01/cold/tblastx/p03_mela_pemojnva/native-2/repeat-1/output.txt	
cold	tblastx	p03_mela_pemojnva	native	2				2	True	False	cold-process-through-teardown	PASS	PASS	PASS	PASS	0	2026-09-05T05:42:03Z	3.057443924997642	4.48	0.03	94806016				bbef153094025db89dd4a69b2a3c4246b0b8853396fe740bc7e1bd654db105b6	351051	/mnt/c/Users/genom/GitHub/LOSAT/docs/wasm-performance/PR01/cold/tblastx/p03_mela_pemojnva/native-2/repeat-2/output.txt	
cold	tblastx	p03_mela_pemojnva	native	2				3	True	False	cold-process-through-teardown	PASS	PASS	PASS	PASS	0	2026-09-05T05:42:06Z	3.0799060380013543	4.45	0.03	94875648				bbef153094025db89dd4a69b2a3c4246b0b8853396fe740bc7e1bd654db105b6	351051	/mnt/c/Users/genom/GitHub/LOSAT/docs/wasm-performance/PR01/cold/tblastx/p03_mela_pemojnva/native-2/repeat-3/output.txt	
cold	tblastx	p03_mela_pemojnva	native	2				4	True	False	cold-process-through-teardown	PASS	PASS	PASS	PASS	0	2026-09-05T05:42:09Z	3.0799429030012107	4.4	0.05	96501760				bbef153094025db89dd4a69b2a3c4246b0b8853396fe740bc7e1bd654db105b6	351051	/mnt/c/Users/genom/GitHub/LOSAT/docs/wasm-performance/PR01/cold/tblastx/p03_mela_pemojnva/native-2/repeat-4/output.txt	
cold	tblastx	p03_mela_pemojnva	native	2				5	True	False	cold-process-through-teardown	PASS	PASS	PASS	PASS	0	2026-09-05T05:42:13Z	3.0509442789989407	4.5	0.0	94785536				bbef153094025db89dd4a69b2a3c4246b0b8853396fe740bc7e1bd654db105b6	351051	/mnt/c/Users/genom/GitHub/LOSAT/docs/wasm-performance/PR01/cold/tblastx/p03_mela_pemojnva/native-2/repeat-5/output.txt	
cold	tblastx	p03_mela_pemojnva	native	2				6	False	True	cold-process-through-teardown	PASS	PASS	PASS	PASS	0	2026-09-05T05:42:16Z	3.201258886998403	4.59	0.01	94691328				bbef153094025db89dd4a69b2a3c4246b0b8853396fe740bc7e1bd654db105b6	351051	/mnt/c/Users/genom/GitHub/LOSAT/docs/wasm-performance/PR01/cold/tblastx/p03_mela_pemojnva/native-2/diagnostic/output.txt	
cold	tblastx	p03_mela_pemojnva	native	4				0	False	False	cold-process-through-teardown	PASS	PASS	PASS	PASS	0	2026-09-05T05:42:19Z	2.514995651999925	4.75	0.02	100503552				bbef153094025db89dd4a69b2a3c4246b0b8853396fe740bc7e1bd654db105b6	351051	/mnt/c/Users/genom/GitHub/LOSAT/docs/wasm-performance/PR01/cold/tblastx/p03_mela_pemojnva/native-4/repeat-0/output.txt	
cold	tblastx	p03_mela_pemojnva	native	4				1	True	False	cold-process-through-teardown	PASS	PASS	PASS	PASS	0	2026-09-05T05:42:22Z	2.478015228000004	4.75	0.03	100634624				bbef153094025db89dd4a69b2a3c4246b0b8853396fe740bc7e1bd654db105b6	351051	/mnt/c/Users/genom/GitHub/LOSAT/docs/wasm-performance/PR01/cold/tblastx/p03_mela_pemojnva/native-4/repeat-1/output.txt	
cold	tblastx	p03_mela_pemojnva	native	4				2	True	False	cold-process-through-teardown	PASS	PASS	PASS	PASS	0	2026-09-05T05:42:24Z	2.4946988849987974	4.64	0.05	100569088				bbef153094025db89dd4a69b2a3c4246b0b8853396fe740bc7e1bd654db105b6	351051	/mnt/c/Users/genom/GitHub/LOSAT/docs/wasm-performance/PR01/cold/tblastx/p03_mela_pemojnva/native-4/repeat-2/output.txt	
cold	tblastx	p03_mela_pemojnva	native	4				3	True	False	cold-process-through-teardown	PASS	PASS	PASS	PASS	0	2026-09-05T05:42:27Z	2.536857594997855	4.7	0.02	100737024				bbef153094025db89dd4a69b2a3c4246b0b8853396fe740bc7e1bd654db105b6	351051	/mnt/c/Users/genom/GitHub/LOSAT/docs/wasm-performance/PR01/cold/tblastx/p03_mela_pemojnva/native-4/repeat-3/output.txt	
cold	tblastx	p03_mela_pemojnva	native	4				4	True	False	cold-process-through-teardown	PASS	PASS	PASS	PASS	0	2026-09-05T05:42:30Z	2.461553842997091	4.69	0.03	100679680				bbef153094025db89dd4a69b2a3c4246b0b8853396fe740bc7e1bd654db105b6	351051	/mnt/c/Users/genom/GitHub/LOSAT/docs/wasm-performance/PR01/cold/tblastx/p03_mela_pemojnva/native-4/repeat-4/output.txt	
cold	tblastx	p03_mela_pemojnva	native	4				5	True	False	cold-process-through-teardown	PASS	PASS	PASS	PASS	0	2026-09-05T05:42:32Z	2.4953196000024036	4.6	0.07	100700160				bbef153094025db89dd4a69b2a3c4246b0b8853396fe740bc7e1bd654db105b6	351051	/mnt/c/Users/genom/GitHub/LOSAT/docs/wasm-performance/PR01/cold/tblastx/p03_mela_pemojnva/native-4/repeat-5/output.txt	
cold	tblastx	p03_mela_pemojnva	native	4				6	False	True	cold-process-through-teardown	PASS	PASS	PASS	PASS	0	2026-09-05T05:42:35Z	2.645951744998456	4.85	0.0	100950016				bbef153094025db89dd4a69b2a3c4246b0b8853396fe740bc7e1bd654db105b6	351051	/mnt/c/Users/genom/GitHub/LOSAT/docs/wasm-performance/PR01/cold/tblastx/p03_mela_pemojnva/native-4/diagnostic/output.txt	
cold	tblastx	p03_mela_pemojnva	native	8				0	False	False	cold-process-through-teardown	PASS	PASS	PASS	PASS	0	2026-09-05T05:42:37Z	2.457197970001289	4.62	0.05	102916096				bbef153094025db89dd4a69b2a3c4246b0b8853396fe740bc7e1bd654db105b6	351051	/mnt/c/Users/genom/GitHub/LOSAT/docs/wasm-performance/PR01/cold/tblastx/p03_mela_pemojnva/native-8/repeat-0/output.txt	
cold	tblastx	p03_mela_pemojnva	native	8				1	True	False	cold-process-through-teardown	PASS	PASS	PASS	PASS	0	2026-09-05T05:42:40Z	2.461497734999284	4.62	0.03	100888576				bbef153094025db89dd4a69b2a3c4246b0b8853396fe740bc7e1bd654db105b6	351051	/mnt/c/Users/genom/GitHub/LOSAT/docs/wasm-performance/PR01/cold/tblastx/p03_mela_pemojnva/native-8/repeat-1/output.txt	
cold	tblastx	p03_mela_pemojnva	native	8				2	True	False	cold-process-through-teardown	PASS	PASS	PASS	PASS	0	2026-09-05T05:42:43Z	2.517794428000343	4.76	0.03	100802560				bbef153094025db89dd4a69b2a3c4246b0b8853396fe740bc7e1bd654db105b6	351051	/mnt/c/Users/genom/GitHub/LOSAT/docs/wasm-performance/PR01/cold/tblastx/p03_mela_pemojnva/native-8/repeat-2/output.txt	
cold	tblastx	p03_mela_pemojnva	native	8				3	True	False	cold-process-through-teardown	PASS	PASS	PASS	PASS	0	2026-09-05T05:42:45Z	2.5442297079971468	4.69	0.07	100823040				bbef153094025db89dd4a69b2a3c4246b0b8853396fe740bc7e1bd654db105b6	351051	/mnt/c/Users/genom/GitHub/LOSAT/docs/wasm-performance/PR01/cold/tblastx/p03_mela_pemojnva/native-8/repeat-3/output.txt	
cold	tblastx	p03_mela_pemojnva	native	8				4	True	False	cold-process-through-teardown	PASS	PASS	PASS	PASS	0	2026-09-05T05:42:48Z	2.558776695997949	4.77	0.03	100995072				bbef153094025db89dd4a69b2a3c4246b0b8853396fe740bc7e1bd654db105b6	351051	/mnt/c/Users/genom/GitHub/LOSAT/docs/wasm-performance/PR01/cold/tblastx/p03_mela_pemojnva/native-8/repeat-4/output.txt	
cold	tblastx	p03_mela_pemojnva	native	8				5	True	False	cold-process-through-teardown	PASS	PASS	PASS	PASS	0	2026-09-05T05:42:51Z	2.523495659999753	4.65	0.05	100651008				bbef153094025db89dd4a69b2a3c4246b0b8853396fe740bc7e1bd654db105b6	351051	/mnt/c/Users/genom/GitHub/LOSAT/docs/wasm-performance/PR01/cold/tblastx/p03_mela_pemojnva/native-8/repeat-5/output.txt	
cold	tblastx	p03_mela_pemojnva	native	8				6	False	True	cold-process-through-teardown	PASS	PASS	PASS	PASS	0	2026-09-05T05:42:53Z	2.6753613609980675	4.84	0.01	100798464				bbef153094025db89dd4a69b2a3c4246b0b8853396fe740bc7e1bd654db105b6	351051	/mnt/c/Users/genom/GitHub/LOSAT/docs/wasm-performance/PR01/cold/tblastx/p03_mela_pemojnva/native-8/diagnostic/output.txt	
cold	tblastx	p03_mela_pemojnva	serial	1	1			0	False	False	cold-process-through-teardown	PASS	PASS	PASS	PASS	0	2026-09-05T05:42:56Z	8.09552215200165	8.2	0.08	155561984				bbef153094025db89dd4a69b2a3c4246b0b8853396fe740bc7e1bd654db105b6	351051	/mnt/c/Users/genom/GitHub/LOSAT/docs/wasm-performance/PR01/cold/tblastx/p03_mela_pemojnva/serial-1/repeat-0/output.txt	
cold	tblastx	p03_mela_pemojnva	serial	1	1			1	True	False	cold-process-through-teardown	PASS	PASS	PASS	PASS	0	2026-09-05T05:43:04Z	8.140366890002042	8.28	0.04	155660288				bbef153094025db89dd4a69b2a3c4246b0b8853396fe740bc7e1bd654db105b6	351051	/mnt/c/Users/genom/GitHub/LOSAT/docs/wasm-performance/PR01/cold/tblastx/p03_mela_pemojnva/serial-1/repeat-1/output.txt	
cold	tblastx	p03_mela_pemojnva	serial	1	1			2	True	False	cold-process-through-teardown	PASS	PASS	PASS	PASS	0	2026-09-05T05:43:13Z	8.079355983001733	8.21	0.04	157487104				bbef153094025db89dd4a69b2a3c4246b0b8853396fe740bc7e1bd654db105b6	351051	/mnt/c/Users/genom/GitHub/LOSAT/docs/wasm-performance/PR01/cold/tblastx/p03_mela_pemojnva/serial-1/repeat-2/output.txt	
cold	tblastx	p03_mela_pemojnva	serial	1	1			3	True	False	cold-process-through-teardown	PASS	PASS	PASS	PASS	0	2026-09-05T05:43:21Z	7.964010360999964	8.12	0.06	157630464				bbef153094025db89dd4a69b2a3c4246b0b8853396fe740bc7e1bd654db105b6	351051	/mnt/c/Users/genom/GitHub/LOSAT/docs/wasm-performance/PR01/cold/tblastx/p03_mela_pemojnva/serial-1/repeat-3/output.txt	
cold	tblastx	p03_mela_pemojnva	serial	1	1			4	True	False	cold-process-through-teardown	PASS	PASS	PASS	PASS	0	2026-09-05T05:43:29Z	8.10997718499857	8.19	0.09	166526976				bbef153094025db89dd4a69b2a3c4246b0b8853396fe740bc7e1bd654db105b6	351051	/mnt/c/Users/genom/GitHub/LOSAT/docs/wasm-performance/PR01/cold/tblastx/p03_mela_pemojnva/serial-1/repeat-4/output.txt	
cold	tblastx	p03_mela_pemojnva	serial	1	1			5	True	False	cold-process-through-teardown	PASS	PASS	PASS	PASS	0	2026-09-05T05:43:37Z	8.140282816002582	8.17	0.1	165699584				bbef153094025db89dd4a69b2a3c4246b0b8853396fe740bc7e1bd654db105b6	351051	/mnt/c/Users/genom/GitHub/LOSAT/docs/wasm-performance/PR01/cold/tblastx/p03_mela_pemojnva/serial-1/repeat-5/output.txt	
cold	tblastx	p03_mela_pemojnva	serial	1	1			6	False	True	cold-process-through-teardown	PASS	PASS	PASS	PASS	0	2026-09-05T05:43:45Z	8.933903485998599	9.0	0.11	162086912				bbef153094025db89dd4a69b2a3c4246b0b8853396fe740bc7e1bd654db105b6	351051	/mnt/c/Users/genom/GitHub/LOSAT/docs/wasm-performance/PR01/cold/tblastx/p03_mela_pemojnva/serial-1/diagnostic/output.txt	
cold	tblastx	p03_mela_pemojnva	threaded	1				0	False	False	cold-process-through-teardown	PASS	PASS	PASS	PASS	0	2026-09-05T05:43:54Z	8.254925905999698	8.27	0.07	159535104				bbef153094025db89dd4a69b2a3c4246b0b8853396fe740bc7e1bd654db105b6	351051	/mnt/c/Users/genom/GitHub/LOSAT/docs/wasm-performance/PR01/cold/tblastx/p03_mela_pemojnva/threaded-1/repeat-0/output.txt	
cold	tblastx	p03_mela_pemojnva	threaded	1				1	True	False	cold-process-through-teardown	PASS	PASS	PASS	PASS	0	2026-09-05T05:44:03Z	8.182922754000174	8.21	0.06	159031296				bbef153094025db89dd4a69b2a3c4246b0b8853396fe740bc7e1bd654db105b6	351051	/mnt/c/Users/genom/GitHub/LOSAT/docs/wasm-performance/PR01/cold/tblastx/p03_mela_pemojnva/threaded-1/repeat-1/output.txt	
cold	tblastx	p03_mela_pemojnva	threaded	1				2	True	False	cold-process-through-teardown	PASS	PASS	PASS	PASS	0	2026-09-05T05:44:11Z	8.38902892799888	8.34	0.05	159391744				bbef153094025db89dd4a69b2a3c4246b0b8853396fe740bc7e1bd654db105b6	351051	/mnt/c/Users/genom/GitHub/LOSAT/docs/wasm-performance/PR01/cold/tblastx/p03_mela_pemojnva/threaded-1/repeat-2/output.txt	
cold	tblastx	p03_mela_pemojnva	threaded	1				3	True	False	cold-process-through-teardown	PASS	PASS	PASS	PASS	0	2026-09-05T05:44:20Z	8.080022277001262	8.18	0.04	159973376				bbef153094025db89dd4a69b2a3c4246b0b8853396fe740bc7e1bd654db105b6	351051	/mnt/c/Users/genom/GitHub/LOSAT/docs/wasm-performance/PR01/cold/tblastx/p03_mela_pemojnva/threaded-1/repeat-3/output.txt	
cold	tblastx	p03_mela_pemojnva	threaded	1				4	True	False	cold-process-through-teardown	PASS	PASS	PASS	PASS	0	2026-09-05T05:44:28Z	8.088564169000165	8.17	0.05	161206272				bbef153094025db89dd4a69b2a3c4246b0b8853396fe740bc7e1bd654db105b6	351051	/mnt/c/Users/genom/GitHub/LOSAT/docs/wasm-performance/PR01/cold/tblastx/p03_mela_pemojnva/threaded-1/repeat-4/output.txt	
cold	tblastx	p03_mela_pemojnva	threaded	1				5	True	False	cold-process-through-teardown	PASS	PASS	PASS	PASS	0	2026-09-05T05:44:36Z	8.295574952000607	8.44	0.02	160477184				bbef153094025db89dd4a69b2a3c4246b0b8853396fe740bc7e1bd654db105b6	351051	/mnt/c/Users/genom/GitHub/LOSAT/docs/wasm-performance/PR01/cold/tblastx/p03_mela_pemojnva/threaded-1/repeat-5/output.txt	
cold	tblastx	p03_mela_pemojnva	threaded	1	1	0		6	False	True	cold-process-through-teardown	PASS	PASS	PASS	PASS	0	2026-09-05T05:44:45Z	9.17954749099954	9.08	0.08	162668544				bbef153094025db89dd4a69b2a3c4246b0b8853396fe740bc7e1bd654db105b6	351051	/mnt/c/Users/genom/GitHub/LOSAT/docs/wasm-performance/PR01/cold/tblastx/p03_mela_pemojnva/threaded-1/diagnostic/output.txt	
cold	tblastx	p03_mela_pemojnva	threaded	2				0	False	False	cold-process-through-teardown	PASS	PASS	PASS	PASS	0	2026-09-05T05:44:54Z	8.309166584000195	8.42	0.07	159514624				bbef153094025db89dd4a69b2a3c4246b0b8853396fe740bc7e1bd654db105b6	351051	/mnt/c/Users/genom/GitHub/LOSAT/docs/wasm-performance/PR01/cold/tblastx/p03_mela_pemojnva/threaded-2/repeat-0/output.txt	
cold	tblastx	p03_mela_pemojnva	threaded	2				1	True	False	cold-process-through-teardown	PASS	PASS	PASS	PASS	0	2026-09-05T05:45:02Z	8.111146564999217	8.23	0.06	164368384				bbef153094025db89dd4a69b2a3c4246b0b8853396fe740bc7e1bd654db105b6	351051	/mnt/c/Users/genom/GitHub/LOSAT/docs/wasm-performance/PR01/cold/tblastx/p03_mela_pemojnva/threaded-2/repeat-1/output.txt	
cold	tblastx	p03_mela_pemojnva	threaded	2				2	True	False	cold-process-through-teardown	PASS	PASS	PASS	PASS	0	2026-09-05T05:45:11Z	8.277869079000084	8.37	0.07	161333248				bbef153094025db89dd4a69b2a3c4246b0b8853396fe740bc7e1bd654db105b6	351051	/mnt/c/Users/genom/GitHub/LOSAT/docs/wasm-performance/PR01/cold/tblastx/p03_mela_pemojnva/threaded-2/repeat-2/output.txt	
cold	tblastx	p03_mela_pemojnva	threaded	2				3	True	False	cold-process-through-teardown	PASS	PASS	PASS	PASS	0	2026-09-05T05:45:19Z	8.47528900999896	8.57	0.06	163282944				bbef153094025db89dd4a69b2a3c4246b0b8853396fe740bc7e1bd654db105b6	351051	/mnt/c/Users/genom/GitHub/LOSAT/docs/wasm-performance/PR01/cold/tblastx/p03_mela_pemojnva/threaded-2/repeat-3/output.txt	
cold	tblastx	p03_mela_pemojnva	threaded	2				4	True	False	cold-process-through-teardown	PASS	PASS	PASS	PASS	0	2026-09-05T05:45:28Z	8.152864592000697	8.27	0.05	163704832				bbef153094025db89dd4a69b2a3c4246b0b8853396fe740bc7e1bd654db105b6	351051	/mnt/c/Users/genom/GitHub/LOSAT/docs/wasm-performance/PR01/cold/tblastx/p03_mela_pemojnva/threaded-2/repeat-4/output.txt	
cold	tblastx	p03_mela_pemojnva	threaded	2				5	True	False	cold-process-through-teardown	PASS	PASS	PASS	PASS	0	2026-09-05T05:45:36Z	7.907923397000559	7.92	0.08	159137792				bbef153094025db89dd4a69b2a3c4246b0b8853396fe740bc7e1bd654db105b6	351051	/mnt/c/Users/genom/GitHub/LOSAT/docs/wasm-performance/PR01/cold/tblastx/p03_mela_pemojnva/threaded-2/repeat-5/output.txt	
cold	tblastx	p03_mela_pemojnva	threaded	2	1	0		6	False	True	cold-process-through-teardown	PASS	PASS	PASS	PASS	0	2026-09-05T05:45:44Z	8.844589755000925	8.83	0.08	161972224				bbef153094025db89dd4a69b2a3c4246b0b8853396fe740bc7e1bd654db105b6	351051	/mnt/c/Users/genom/GitHub/LOSAT/docs/wasm-performance/PR01/cold/tblastx/p03_mela_pemojnva/threaded-2/diagnostic/output.txt	
cold	tblastx	p03_mela_pemojnva	threaded	4				0	False	False	cold-process-through-teardown	PASS	PASS	PASS	PASS	0	2026-09-05T05:45:54Z	8.04054843799895	8.03	0.08	160829440				bbef153094025db89dd4a69b2a3c4246b0b8853396fe740bc7e1bd654db105b6	351051	/mnt/c/Users/genom/GitHub/LOSAT/docs/wasm-performance/PR01/cold/tblastx/p03_mela_pemojnva/threaded-4/repeat-0/output.txt	
cold	tblastx	p03_mela_pemojnva	threaded	4				1	True	False	cold-process-through-teardown	PASS	PASS	PASS	PASS	0	2026-09-05T05:46:02Z	7.909152131000155	7.96	0.05	163004416				bbef153094025db89dd4a69b2a3c4246b0b8853396fe740bc7e1bd654db105b6	351051	/mnt/c/Users/genom/GitHub/LOSAT/docs/wasm-performance/PR01/cold/tblastx/p03_mela_pemojnva/threaded-4/repeat-1/output.txt	
cold	tblastx	p03_mela_pemojnva	threaded	4				2	True	False	cold-process-through-teardown	PASS	PASS	PASS	PASS	0	2026-09-05T05:46:10Z	8.059723648002546	8.01	0.08	160919552				bbef153094025db89dd4a69b2a3c4246b0b8853396fe740bc7e1bd654db105b6	351051	/mnt/c/Users/genom/GitHub/LOSAT/docs/wasm-performance/PR01/cold/tblastx/p03_mela_pemojnva/threaded-4/repeat-2/output.txt	
cold	tblastx	p03_mela_pemojnva	threaded	4				3	True	False	cold-process-through-teardown	PASS	PASS	PASS	PASS	0	2026-09-05T05:46:19Z	7.996668761999899	8.0	0.06	161779712				bbef153094025db89dd4a69b2a3c4246b0b8853396fe740bc7e1bd654db105b6	351051	/mnt/c/Users/genom/GitHub/LOSAT/docs/wasm-performance/PR01/cold/tblastx/p03_mela_pemojnva/threaded-4/repeat-3/output.txt	
cold	tblastx	p03_mela_pemojnva	threaded	4				4	True	False	cold-process-through-teardown	PASS	PASS	PASS	PASS	0	2026-09-05T05:46:27Z	7.9388042089995	7.91	0.07	164913152				bbef153094025db89dd4a69b2a3c4246b0b8853396fe740bc7e1bd654db105b6	351051	/mnt/c/Users/genom/GitHub/LOSAT/docs/wasm-performance/PR01/cold/tblastx/p03_mela_pemojnva/threaded-4/repeat-4/output.txt	
cold	tblastx	p03_mela_pemojnva	threaded	4				5	True	False	cold-process-through-teardown	PASS	PASS	PASS	PASS	0	2026-09-05T05:46:35Z	8.02255921699907	7.99	0.08	160636928				bbef153094025db89dd4a69b2a3c4246b0b8853396fe740bc7e1bd654db105b6	351051	/mnt/c/Users/genom/GitHub/LOSAT/docs/wasm-performance/PR01/cold/tblastx/p03_mela_pemojnva/threaded-4/repeat-5/output.txt	
cold	tblastx	p03_mela_pemojnva	threaded	4	1	0		6	False	True	cold-process-through-teardown	PASS	PASS	PASS	PASS	0	2026-09-05T05:46:44Z	8.78447347600013	8.67	0.04	162947072				bbef153094025db89dd4a69b2a3c4246b0b8853396fe740bc7e1bd654db105b6	351051	/mnt/c/Users/genom/GitHub/LOSAT/docs/wasm-performance/PR01/cold/tblastx/p03_mela_pemojnva/threaded-4/diagnostic/output.txt	
cold	tblastx	p03_mela_pemojnva	threaded	8				0	False	False	cold-process-through-teardown	PASS	PASS	PASS	PASS	0	2026-09-05T05:46:53Z	7.933622617001674	8.0	0.04	162471936				bbef153094025db89dd4a69b2a3c4246b0b8853396fe740bc7e1bd654db105b6	351051	/mnt/c/Users/genom/GitHub/LOSAT/docs/wasm-performance/PR01/cold/tblastx/p03_mela_pemojnva/threaded-8/repeat-0/output.txt	
cold	tblastx	p03_mela_pemojnva	threaded	8				1	True	False	cold-process-through-teardown	PASS	PASS	PASS	PASS	0	2026-09-05T05:47:01Z	8.027308210002957	8.04	0.06	159092736				bbef153094025db89dd4a69b2a3c4246b0b8853396fe740bc7e1bd654db105b6	351051	/mnt/c/Users/genom/GitHub/LOSAT/docs/wasm-performance/PR01/cold/tblastx/p03_mela_pemojnva/threaded-8/repeat-1/output.txt	
cold	tblastx	p03_mela_pemojnva	threaded	8				2	True	False	cold-process-through-teardown	PASS	PASS	PASS	PASS	0	2026-09-05T05:47:10Z	8.046200785996916	8.02	0.06	158720000				bbef153094025db89dd4a69b2a3c4246b0b8853396fe740bc7e1bd654db105b6	351051	/mnt/c/Users/genom/GitHub/LOSAT/docs/wasm-performance/PR01/cold/tblastx/p03_mela_pemojnva/threaded-8/repeat-2/output.txt	
cold	tblastx	p03_mela_pemojnva	threaded	8				3	True	False	cold-process-through-teardown	PASS	PASS	PASS	PASS	0	2026-09-05T05:47:18Z	8.007806816000084	7.97	0.11	161054720				bbef153094025db89dd4a69b2a3c4246b0b8853396fe740bc7e1bd654db105b6	351051	/mnt/c/Users/genom/GitHub/LOSAT/docs/wasm-performance/PR01/cold/tblastx/p03_mela_pemojnva/threaded-8/repeat-3/output.txt	
cold	tblastx	p03_mela_pemojnva	threaded	8				4	True	False	cold-process-through-teardown	PASS	PASS	PASS	PASS	0	2026-09-05T05:47:27Z	8.095836896998662	8.01	0.1	159940608				bbef153094025db89dd4a69b2a3c4246b0b8853396fe740bc7e1bd654db105b6	351051	/mnt/c/Users/genom/GitHub/LOSAT/docs/wasm-performance/PR01/cold/tblastx/p03_mela_pemojnva/threaded-8/repeat-4/output.txt	
cold	tblastx	p03_mela_pemojnva	threaded	8				5	True	False	cold-process-through-teardown	PASS	PASS	PASS	PASS	0	2026-09-05T05:47:35Z	8.036817874999542	8.01	0.11	162242560				bbef153094025db89dd4a69b2a3c4246b0b8853396fe740bc7e1bd654db105b6	351051	/mnt/c/Users/genom/GitHub/LOSAT/docs/wasm-performance/PR01/cold/tblastx/p03_mela_pemojnva/threaded-8/repeat-5/output.txt	
cold	tblastx	p03_mela_pemojnva	threaded	8	1	0		6	False	True	cold-process-through-teardown	PASS	PASS	PASS	PASS	0	2026-09-05T05:47:43Z	8.73485045399866	8.7	0.08	165756928				bbef153094025db89dd4a69b2a3c4246b0b8853396fe740bc7e1bd654db105b6	351051	/mnt/c/Users/genom/GitHub/LOSAT/docs/wasm-performance/PR01/cold/tblastx/p03_mela_pemojnva/threaded-8/diagnostic/output.txt	
cold	tblastx	p11_avclpv_psclpv	native	1							cold-process-through-teardown	NOT_RUN		TIMEOUT														oracle gate TIMEOUT; timing forbidden
cold	tblastx	p11_avclpv_psclpv	native	2							cold-process-through-teardown	NOT_RUN		TIMEOUT														oracle gate TIMEOUT; timing forbidden
cold	tblastx	p11_avclpv_psclpv	native	4							cold-process-through-teardown	NOT_RUN		TIMEOUT														oracle gate TIMEOUT; timing forbidden
cold	tblastx	p11_avclpv_psclpv	native	8							cold-process-through-teardown	NOT_RUN		TIMEOUT														oracle gate TIMEOUT; timing forbidden
cold	tblastx	p11_avclpv_psclpv	serial	1	1						cold-process-through-teardown	NOT_RUN		TIMEOUT														oracle gate TIMEOUT; timing forbidden
cold	tblastx	p11_avclpv_psclpv	threaded	1							cold-process-through-teardown	NOT_RUN		TIMEOUT														oracle gate TIMEOUT; timing forbidden
cold	tblastx	p11_avclpv_psclpv	threaded	2							cold-process-through-teardown	NOT_RUN		TIMEOUT														oracle gate TIMEOUT; timing forbidden
cold	tblastx	p11_avclpv_psclpv	threaded	4							cold-process-through-teardown	NOT_RUN		TIMEOUT														oracle gate TIMEOUT; timing forbidden
cold	tblastx	p11_avclpv_psclpv	threaded	8							cold-process-through-teardown	NOT_RUN		TIMEOUT														oracle gate TIMEOUT; timing forbidden
cold	tblastx	p12_lc738874_lc738875_default	native	1				0	False	False	cold-process-through-teardown	PASS	PASS	PASS	PASS	0	2026-09-05T05:49:57Z	4.851304259998869	4.7	0.02	76857344				86c05a04efb50e4026720e2d44fe2db2e6446f9594e174f3fde56931d09d5b49	321589	/mnt/c/Users/genom/GitHub/LOSAT/docs/wasm-performance/PR01/cold/tblastx/p12_lc738874_lc738875_default/native-1/repeat-0/output.txt	
cold	tblastx	p12_lc738874_lc738875_default	native	1				1	True	False	cold-process-through-teardown	PASS	PASS	PASS	PASS	0	2026-09-05T05:50:02Z	4.699994449001679	4.72	0.01	77012992				86c05a04efb50e4026720e2d44fe2db2e6446f9594e174f3fde56931d09d5b49	321589	/mnt/c/Users/genom/GitHub/LOSAT/docs/wasm-performance/PR01/cold/tblastx/p12_lc738874_lc738875_default/native-1/repeat-1/output.txt	
cold	tblastx	p12_lc738874_lc738875_default	native	1				2	True	False	cold-process-through-teardown	PASS	PASS	PASS	PASS	0	2026-09-05T05:50:07Z	4.817369375999988	4.76	0.02	76636160				86c05a04efb50e4026720e2d44fe2db2e6446f9594e174f3fde56931d09d5b49	321589	/mnt/c/Users/genom/GitHub/LOSAT/docs/wasm-performance/PR01/cold/tblastx/p12_lc738874_lc738875_default/native-1/repeat-2/output.txt	
cold	tblastx	p12_lc738874_lc738875_default	native	1				3	True	False	cold-process-through-teardown	PASS	PASS	PASS	PASS	0	2026-09-05T05:50:12Z	4.7632465770002455	4.72	0.0	76750848				86c05a04efb50e4026720e2d44fe2db2e6446f9594e174f3fde56931d09d5b49	321589	/mnt/c/Users/genom/GitHub/LOSAT/docs/wasm-performance/PR01/cold/tblastx/p12_lc738874_lc738875_default/native-1/repeat-3/output.txt	
cold	tblastx	p12_lc738874_lc738875_default	native	1				4	True	False	cold-process-through-teardown	PASS	PASS	PASS	PASS	0	2026-09-05T05:50:17Z	4.816924154001754	4.77	0.0	76812288				86c05a04efb50e4026720e2d44fe2db2e6446f9594e174f3fde56931d09d5b49	321589	/mnt/c/Users/genom/GitHub/LOSAT/docs/wasm-performance/PR01/cold/tblastx/p12_lc738874_lc738875_default/native-1/repeat-4/output.txt	
cold	tblastx	p12_lc738874_lc738875_default	native	1				5	True	False	cold-process-through-teardown	PASS	PASS	PASS	PASS	0	2026-09-05T05:50:22Z	4.960856424000667	4.87	0.02	76828672				86c05a04efb50e4026720e2d44fe2db2e6446f9594e174f3fde56931d09d5b49	321589	/mnt/c/Users/genom/GitHub/LOSAT/docs/wasm-performance/PR01/cold/tblastx/p12_lc738874_lc738875_default/native-1/repeat-5/output.txt	
cold	tblastx	p12_lc738874_lc738875_default	native	1				6	False	True	cold-process-through-teardown	PASS	PASS	PASS	PASS	0	2026-09-05T05:50:27Z	5.140526036997471	4.91	0.03	76783616				86c05a04efb50e4026720e2d44fe2db2e6446f9594e174f3fde56931d09d5b49	321589	/mnt/c/Users/genom/GitHub/LOSAT/docs/wasm-performance/PR01/cold/tblastx/p12_lc738874_lc738875_default/native-1/diagnostic/output.txt	
cold	tblastx	p12_lc738874_lc738875_default	native	2				0	False	False	cold-process-through-teardown	PASS	PASS	PASS	PASS	0	2026-09-05T05:50:32Z	3.33792008599994	4.78	0.04	101429248				86c05a04efb50e4026720e2d44fe2db2e6446f9594e174f3fde56931d09d5b49	321589	/mnt/c/Users/genom/GitHub/LOSAT/docs/wasm-performance/PR01/cold/tblastx/p12_lc738874_lc738875_default/native-2/repeat-0/output.txt	
cold	tblastx	p12_lc738874_lc738875_default	native	2				1	True	False	cold-process-through-teardown	PASS	PASS	PASS	PASS	0	2026-09-05T05:50:36Z	3.4093071250026696	4.91	0.01	100417536				86c05a04efb50e4026720e2d44fe2db2e6446f9594e174f3fde56931d09d5b49	321589	/mnt/c/Users/genom/GitHub/LOSAT/docs/wasm-performance/PR01/cold/tblastx/p12_lc738874_lc738875_default/native-2/repeat-1/output.txt	
cold	tblastx	p12_lc738874_lc738875_default	native	2				2	True	False	cold-process-through-teardown	PASS	PASS	PASS	PASS	0	2026-09-05T05:50:39Z	3.4622705029978533	4.81	0.02	100245504				86c05a04efb50e4026720e2d44fe2db2e6446f9594e174f3fde56931d09d5b49	321589	/mnt/c/Users/genom/GitHub/LOSAT/docs/wasm-performance/PR01/cold/tblastx/p12_lc738874_lc738875_default/native-2/repeat-2/output.txt	
cold	tblastx	p12_lc738874_lc738875_default	native	2				3	True	False	cold-process-through-teardown	PASS	PASS	PASS	PASS	0	2026-09-05T05:50:43Z	3.3667441029974725	4.84	0.01	101588992				86c05a04efb50e4026720e2d44fe2db2e6446f9594e174f3fde56931d09d5b49	321589	/mnt/c/Users/genom/GitHub/LOSAT/docs/wasm-performance/PR01/cold/tblastx/p12_lc738874_lc738875_default/native-2/repeat-3/output.txt	
cold	tblastx	p12_lc738874_lc738875_default	native	2				4	True	False	cold-process-through-teardown	PASS	PASS	PASS	PASS	0	2026-09-05T05:50:47Z	3.4281004939984996	4.85	0.02	100827136				86c05a04efb50e4026720e2d44fe2db2e6446f9594e174f3fde56931d09d5b49	321589	/mnt/c/Users/genom/GitHub/LOSAT/docs/wasm-performance/PR01/cold/tblastx/p12_lc738874_lc738875_default/native-2/repeat-4/output.txt	
cold	tblastx	p12_lc738874_lc738875_default	native	2				5	True	False	cold-process-through-teardown	PASS	PASS	PASS	PASS	0	2026-09-05T05:50:51Z	3.500996964001388	4.84	0.03	100573184				86c05a04efb50e4026720e2d44fe2db2e6446f9594e174f3fde56931d09d5b49	321589	/mnt/c/Users/genom/GitHub/LOSAT/docs/wasm-performance/PR01/cold/tblastx/p12_lc738874_lc738875_default/native-2/repeat-5/output.txt	
cold	tblastx	p12_lc738874_lc738875_default	native	2				6	False	True	cold-process-through-teardown	PASS	PASS	PASS	PASS	0	2026-09-05T05:50:54Z	3.6600085610007227	4.98	0.03	102129664				86c05a04efb50e4026720e2d44fe2db2e6446f9594e174f3fde56931d09d5b49	321589	/mnt/c/Users/genom/GitHub/LOSAT/docs/wasm-performance/PR01/cold/tblastx/p12_lc738874_lc738875_default/native-2/diagnostic/output.txt	
cold	tblastx	p12_lc738874_lc738875_default	native	4				0	False	False	cold-process-through-teardown	PASS	PASS	PASS	PASS	0	2026-09-05T05:50:58Z	2.7039491270006693	5.35	0.01	107540480				86c05a04efb50e4026720e2d44fe2db2e6446f9594e174f3fde56931d09d5b49	321589	/mnt/c/Users/genom/GitHub/LOSAT/docs/wasm-performance/PR01/cold/tblastx/p12_lc738874_lc738875_default/native-4/repeat-0/output.txt	
cold	tblastx	p12_lc738874_lc738875_default	native	4				1	True	False	cold-process-through-teardown	PASS	PASS	PASS	PASS	0	2026-09-05T05:51:01Z	2.625213897001231	5.14	0.0	107012096				86c05a04efb50e4026720e2d44fe2db2e6446f9594e174f3fde56931d09d5b49	321589	/mnt/c/Users/genom/GitHub/LOSAT/docs/wasm-performance/PR01/cold/tblastx/p12_lc738874_lc738875_default/native-4/repeat-1/output.txt	
cold	tblastx	p12_lc738874_lc738875_default	native	4				2	True	False	cold-process-through-teardown	PASS	PASS	PASS	PASS	0	2026-09-05T05:51:04Z	2.7542138200005866	5.3	0.04	108158976				86c05a04efb50e4026720e2d44fe2db2e6446f9594e174f3fde56931d09d5b49	321589	/mnt/c/Users/genom/GitHub/LOSAT/docs/wasm-performance/PR01/cold/tblastx/p12_lc738874_lc738875_default/native-4/repeat-2/output.txt	
cold	tblastx	p12_lc738874_lc738875_default	native	4				3	True	False	cold-process-through-teardown	PASS	PASS	PASS	PASS	0	2026-09-05T05:51:07Z	2.7477672089989937	5.19	0.04	107753472				86c05a04efb50e4026720e2d44fe2db2e6446f9594e174f3fde56931d09d5b49	321589	/mnt/c/Users/genom/GitHub/LOSAT/docs/wasm-performance/PR01/cold/tblastx/p12_lc738874_lc738875_default/native-4/repeat-3/output.txt	
cold	tblastx	p12_lc738874_lc738875_default	native	4				4	True	False	cold-process-through-teardown	PASS	PASS	PASS	PASS	0	2026-09-05T05:51:10Z	2.7202423679991625	5.33	0.05	106860544				86c05a04efb50e4026720e2d44fe2db2e6446f9594e174f3fde56931d09d5b49	321589	/mnt/c/Users/genom/GitHub/LOSAT/docs/wasm-performance/PR01/cold/tblastx/p12_lc738874_lc738875_default/native-4/repeat-4/output.txt	
cold	tblastx	p12_lc738874_lc738875_default	native	4				5	True	False	cold-process-through-teardown	PASS	PASS	PASS	PASS	0	2026-09-05T05:51:14Z	2.6293891100031033	5.11	0.0	107839488				86c05a04efb50e4026720e2d44fe2db2e6446f9594e174f3fde56931d09d5b49	321589	/mnt/c/Users/genom/GitHub/LOSAT/docs/wasm-performance/PR01/cold/tblastx/p12_lc738874_lc738875_default/native-4/repeat-5/output.txt	
cold	tblastx	p12_lc738874_lc738875_default	native	4				6	False	True	cold-process-through-teardown	PASS	PASS	PASS	PASS	0	2026-09-05T05:51:16Z	2.9205128399989917	5.41	0.04	107687936				86c05a04efb50e4026720e2d44fe2db2e6446f9594e174f3fde56931d09d5b49	321589	/mnt/c/Users/genom/GitHub/LOSAT/docs/wasm-performance/PR01/cold/tblastx/p12_lc738874_lc738875_default/native-4/diagnostic/output.txt	
cold	tblastx	p12_lc738874_lc738875_default	native	8				0	False	False	cold-process-through-teardown	PASS	PASS	PASS	PASS	0	2026-09-05T05:51:20Z	2.6296875110019755	5.1	0.02	109928448				86c05a04efb50e4026720e2d44fe2db2e6446f9594e174f3fde56931d09d5b49	321589	/mnt/c/Users/genom/GitHub/LOSAT/docs/wasm-performance/PR01/cold/tblastx/p12_lc738874_lc738875_default/native-8/repeat-0/output.txt	
cold	tblastx	p12_lc738874_lc738875_default	native	8				1	True	False	cold-process-through-teardown	PASS	PASS	PASS	PASS	0	2026-09-05T05:51:23Z	2.7023348080001597	5.19	0.09	107737088				86c05a04efb50e4026720e2d44fe2db2e6446f9594e174f3fde56931d09d5b49	321589	/mnt/c/Users/genom/GitHub/LOSAT/docs/wasm-performance/PR01/cold/tblastx/p12_lc738874_lc738875_default/native-8/repeat-1/output.txt	
cold	tblastx	p12_lc738874_lc738875_default	native	8				2	True	False	cold-process-through-teardown	PASS	PASS	PASS	PASS	0	2026-09-05T05:51:26Z	2.6732069969984877	5.18	0.02	107737088				86c05a04efb50e4026720e2d44fe2db2e6446f9594e174f3fde56931d09d5b49	321589	/mnt/c/Users/genom/GitHub/LOSAT/docs/wasm-performance/PR01/cold/tblastx/p12_lc738874_lc738875_default/native-8/repeat-2/output.txt	
cold	tblastx	p12_lc738874_lc738875_default	native	8				3	True	False	cold-process-through-teardown	PASS	PASS	PASS	PASS	0	2026-09-05T05:51:29Z	2.5731485079995764	5.05	0.03	108011520				86c05a04efb50e4026720e2d44fe2db2e6446f9594e174f3fde56931d09d5b49	321589	/mnt/c/Users/genom/GitHub/LOSAT/docs/wasm-performance/PR01/cold/tblastx/p12_lc738874_lc738875_default/native-8/repeat-3/output.txt	
cold	tblastx	p12_lc738874_lc738875_default	native	8				4	True	False	cold-process-through-teardown	PASS	PASS	PASS	PASS	0	2026-09-05T05:51:32Z	2.6517252100020414	5.14	0.04	107409408				86c05a04efb50e4026720e2d44fe2db2e6446f9594e174f3fde56931d09d5b49	321589	/mnt/c/Users/genom/GitHub/LOSAT/docs/wasm-performance/PR01/cold/tblastx/p12_lc738874_lc738875_default/native-8/repeat-4/output.txt	
cold	tblastx	p12_lc738874_lc738875_default	native	8				5	True	False	cold-process-through-teardown	PASS	PASS	PASS	PASS	0	2026-09-05T05:51:35Z	2.6619656830007443	5.04	0.05	109674496				86c05a04efb50e4026720e2d44fe2db2e6446f9594e174f3fde56931d09d5b49	321589	/mnt/c/Users/genom/GitHub/LOSAT/docs/wasm-performance/PR01/cold/tblastx/p12_lc738874_lc738875_default/native-8/repeat-5/output.txt	
cold	tblastx	p12_lc738874_lc738875_default	native	8				6	False	True	cold-process-through-teardown	PASS	PASS	PASS	PASS	0	2026-09-05T05:51:37Z	2.8603540740004973	5.3	0.01	109694976				86c05a04efb50e4026720e2d44fe2db2e6446f9594e174f3fde56931d09d5b49	321589	/mnt/c/Users/genom/GitHub/LOSAT/docs/wasm-performance/PR01/cold/tblastx/p12_lc738874_lc738875_default/native-8/diagnostic/output.txt	
cold	tblastx	p12_lc738874_lc738875_default	serial	1	1			0	False	False	cold-process-through-teardown	PASS	PASS	PASS	PASS	0	2026-09-05T05:51:40Z	10.051825605998602	10.12	0.07	156139520				86c05a04efb50e4026720e2d44fe2db2e6446f9594e174f3fde56931d09d5b49	321589	/mnt/c/Users/genom/GitHub/LOSAT/docs/wasm-performance/PR01/cold/tblastx/p12_lc738874_lc738875_default/serial-1/repeat-0/output.txt	
cold	tblastx	p12_lc738874_lc738875_default	serial	1	1			1	True	False	cold-process-through-teardown	PASS	PASS	PASS	PASS	0	2026-09-05T05:51:51Z	10.224504955000157	10.3	0.05	159027200				86c05a04efb50e4026720e2d44fe2db2e6446f9594e174f3fde56931d09d5b49	321589	/mnt/c/Users/genom/GitHub/LOSAT/docs/wasm-performance/PR01/cold/tblastx/p12_lc738874_lc738875_default/serial-1/repeat-1/output.txt	
cold	tblastx	p12_lc738874_lc738875_default	serial	1	1			2	True	False	cold-process-through-teardown	PASS	PASS	PASS	PASS	0	2026-09-05T05:52:01Z	10.128098245997535	10.19	0.1	157585408				86c05a04efb50e4026720e2d44fe2db2e6446f9594e174f3fde56931d09d5b49	321589	/mnt/c/Users/genom/GitHub/LOSAT/docs/wasm-performance/PR01/cold/tblastx/p12_lc738874_lc738875_default/serial-1/repeat-2/output.txt	
cold	tblastx	p12_lc738874_lc738875_default	serial	1	1			3	True	False	cold-process-through-teardown	PASS	PASS	PASS	PASS	0	2026-09-05T05:52:12Z	10.201378243000363	10.21	0.08	164958208				86c05a04efb50e4026720e2d44fe2db2e6446f9594e174f3fde56931d09d5b49	321589	/mnt/c/Users/genom/GitHub/LOSAT/docs/wasm-performance/PR01/cold/tblastx/p12_lc738874_lc738875_default/serial-1/repeat-3/output.txt	
cold	tblastx	p12_lc738874_lc738875_default	serial	1	1			4	True	False	cold-process-through-teardown	PASS	PASS	PASS	PASS	0	2026-09-05T05:52:22Z	10.00512503400023	10.1	0.09	158494720				86c05a04efb50e4026720e2d44fe2db2e6446f9594e174f3fde56931d09d5b49	321589	/mnt/c/Users/genom/GitHub/LOSAT/docs/wasm-performance/PR01/cold/tblastx/p12_lc738874_lc738875_default/serial-1/repeat-4/output.txt	
cold	tblastx	p12_lc738874_lc738875_default	serial	1	1			5	True	False	cold-process-through-teardown	PASS	PASS	PASS	PASS	0	2026-09-05T05:52:32Z	10.006181213000673	10.04	0.08	163237888				86c05a04efb50e4026720e2d44fe2db2e6446f9594e174f3fde56931d09d5b49	321589	/mnt/c/Users/genom/GitHub/LOSAT/docs/wasm-performance/PR01/cold/tblastx/p12_lc738874_lc738875_default/serial-1/repeat-5/output.txt	
cold	tblastx	p12_lc738874_lc738875_default	serial	1	1			6	False	True	cold-process-through-teardown	PASS	PASS	PASS	PASS	0	2026-09-05T05:52:43Z	11.00939104400095	11.06	0.06	158781440				86c05a04efb50e4026720e2d44fe2db2e6446f9594e174f3fde56931d09d5b49	321589	/mnt/c/Users/genom/GitHub/LOSAT/docs/wasm-performance/PR01/cold/tblastx/p12_lc738874_lc738875_default/serial-1/diagnostic/output.txt	
cold	tblastx	p12_lc738874_lc738875_default	threaded	1				0	False	False	cold-process-through-teardown	PASS	PASS	PASS	PASS	0	2026-09-05T05:52:54Z	10.02448558299875	10.13	0.06	161132544				86c05a04efb50e4026720e2d44fe2db2e6446f9594e174f3fde56931d09d5b49	321589	/mnt/c/Users/genom/GitHub/LOSAT/docs/wasm-performance/PR01/cold/tblastx/p12_lc738874_lc738875_default/threaded-1/repeat-0/output.txt	
cold	tblastx	p12_lc738874_lc738875_default	threaded	1				1	True	False	cold-process-through-teardown	PASS	PASS	PASS	PASS	0	2026-09-05T05:53:04Z	10.13006613700054	10.21	0.03	161275904				86c05a04efb50e4026720e2d44fe2db2e6446f9594e174f3fde56931d09d5b49	321589	/mnt/c/Users/genom/GitHub/LOSAT/docs/wasm-performance/PR01/cold/tblastx/p12_lc738874_lc738875_default/threaded-1/repeat-1/output.txt	
cold	tblastx	p12_lc738874_lc738875_default	threaded	1				2	True	False	cold-process-through-teardown	PASS	PASS	PASS	PASS	0	2026-09-05T05:53:14Z	10.143331231996854	10.17	0.05	159010816				86c05a04efb50e4026720e2d44fe2db2e6446f9594e174f3fde56931d09d5b49	321589	/mnt/c/Users/genom/GitHub/LOSAT/docs/wasm-performance/PR01/cold/tblastx/p12_lc738874_lc738875_default/threaded-1/repeat-2/output.txt	
cold	tblastx	p12_lc738874_lc738875_default	threaded	1				3	True	False	cold-process-through-teardown	PASS	PASS	PASS	PASS	0	2026-09-05T05:53:25Z	10.165765313999145	10.27	0.05	161624064				86c05a04efb50e4026720e2d44fe2db2e6446f9594e174f3fde56931d09d5b49	321589	/mnt/c/Users/genom/GitHub/LOSAT/docs/wasm-performance/PR01/cold/tblastx/p12_lc738874_lc738875_default/threaded-1/repeat-3/output.txt	
cold	tblastx	p12_lc738874_lc738875_default	threaded	1				4	True	False	cold-process-through-teardown	PASS	PASS	PASS	PASS	0	2026-09-05T05:53:35Z	10.169761316999939	10.24	0.04	160681984				86c05a04efb50e4026720e2d44fe2db2e6446f9594e174f3fde56931d09d5b49	321589	/mnt/c/Users/genom/GitHub/LOSAT/docs/wasm-performance/PR01/cold/tblastx/p12_lc738874_lc738875_default/threaded-1/repeat-4/output.txt	
cold	tblastx	p12_lc738874_lc738875_default	threaded	1				5	True	False	cold-process-through-teardown	PASS	PASS	PASS	PASS	0	2026-09-05T05:53:45Z	10.219912523996754	10.34	0.09	161255424				86c05a04efb50e4026720e2d44fe2db2e6446f9594e174f3fde56931d09d5b49	321589	/mnt/c/Users/genom/GitHub/LOSAT/docs/wasm-performance/PR01/cold/tblastx/p12_lc738874_lc738875_default/threaded-1/repeat-5/output.txt	
cold	tblastx	p12_lc738874_lc738875_default	threaded	1	1	0		6	False	True	cold-process-through-teardown	PASS	PASS	PASS	PASS	0	2026-09-05T05:53:56Z	10.949320933999843	10.96	0.07	164192256				86c05a04efb50e4026720e2d44fe2db2e6446f9594e174f3fde56931d09d5b49	321589	/mnt/c/Users/genom/GitHub/LOSAT/docs/wasm-performance/PR01/cold/tblastx/p12_lc738874_lc738875_default/threaded-1/diagnostic/output.txt	
cold	tblastx	p12_lc738874_lc738875_default	threaded	2				0	False	False	cold-process-through-teardown	PASS	PASS	PASS	PASS	0	2026-09-05T05:54:07Z	10.162289169998985	10.15	0.05	163147776				86c05a04efb50e4026720e2d44fe2db2e6446f9594e174f3fde56931d09d5b49	321589	/mnt/c/Users/genom/GitHub/LOSAT/docs/wasm-performance/PR01/cold/tblastx/p12_lc738874_lc738875_default/threaded-2/repeat-0/output.txt	
cold	tblastx	p12_lc738874_lc738875_default	threaded	2				1	True	False	cold-process-through-teardown	PASS	PASS	PASS	PASS	0	2026-09-05T05:54:18Z	10.278359730000375	10.4	0.03	162074624				86c05a04efb50e4026720e2d44fe2db2e6446f9594e174f3fde56931d09d5b49	321589	/mnt/c/Users/genom/GitHub/LOSAT/docs/wasm-performance/PR01/cold/tblastx/p12_lc738874_lc738875_default/threaded-2/repeat-1/output.txt	
cold	tblastx	p12_lc738874_lc738875_default	threaded	2				2	True	False	cold-process-through-teardown	PASS	PASS	PASS	PASS	0	2026-09-05T05:54:28Z	10.13402803200006	10.18	0.04	159494144				86c05a04efb50e4026720e2d44fe2db2e6446f9594e174f3fde56931d09d5b49	321589	/mnt/c/Users/genom/GitHub/LOSAT/docs/wasm-performance/PR01/cold/tblastx/p12_lc738874_lc738875_default/threaded-2/repeat-2/output.txt	
cold	tblastx	p12_lc738874_lc738875_default	threaded	2				3	True	False	cold-process-through-teardown	PASS	PASS	PASS	PASS	0	2026-09-05T05:54:39Z	10.16350866799985	10.23	0.08	163209216				86c05a04efb50e4026720e2d44fe2db2e6446f9594e174f3fde56931d09d5b49	321589	/mnt/c/Users/genom/GitHub/LOSAT/docs/wasm-performance/PR01/cold/tblastx/p12_lc738874_lc738875_default/threaded-2/repeat-3/output.txt	
cold	tblastx	p12_lc738874_lc738875_default	threaded	2				4	True	False	cold-process-through-teardown	PASS	PASS	PASS	PASS	0	2026-09-05T05:54:49Z	10.136600050998823	10.25	0.04	162750464				86c05a04efb50e4026720e2d44fe2db2e6446f9594e174f3fde56931d09d5b49	321589	/mnt/c/Users/genom/GitHub/LOSAT/docs/wasm-performance/PR01/cold/tblastx/p12_lc738874_lc738875_default/threaded-2/repeat-4/output.txt	
cold	tblastx	p12_lc738874_lc738875_default	threaded	2				5	True	False	cold-process-through-teardown	PASS	PASS	PASS	PASS	0	2026-09-05T05:54:59Z	10.035147407001205	10.12	0.09	160796672				86c05a04efb50e4026720e2d44fe2db2e6446f9594e174f3fde56931d09d5b49	321589	/mnt/c/Users/genom/GitHub/LOSAT/docs/wasm-performance/PR01/cold/tblastx/p12_lc738874_lc738875_default/threaded-2/repeat-5/output.txt	
cold	tblastx	p12_lc738874_lc738875_default	threaded	2	1	0		6	False	True	cold-process-through-teardown	PASS	PASS	PASS	PASS	0	2026-09-05T05:55:10Z	11.38341103700077	11.35	0.11	164212736				86c05a04efb50e4026720e2d44fe2db2e6446f9594e174f3fde56931d09d5b49	321589	/mnt/c/Users/genom/GitHub/LOSAT/docs/wasm-performance/PR01/cold/tblastx/p12_lc738874_lc738875_default/threaded-2/diagnostic/output.txt	
cold	tblastx	p12_lc738874_lc738875_default	threaded	4				0	False	False	cold-process-through-teardown	PASS	PASS	PASS	PASS	0	2026-09-05T05:55:21Z	10.416622224998719	10.45	0.07	161988608				86c05a04efb50e4026720e2d44fe2db2e6446f9594e174f3fde56931d09d5b49	321589	/mnt/c/Users/genom/GitHub/LOSAT/docs/wasm-performance/PR01/cold/tblastx/p12_lc738874_lc738875_default/threaded-4/repeat-0/output.txt	
cold	tblastx	p12_lc738874_lc738875_default	threaded	4				1	True	False	cold-process-through-teardown	PASS	PASS	PASS	PASS	0	2026-09-05T05:55:32Z	10.080183933001535	10.12	0.08	162930688				86c05a04efb50e4026720e2d44fe2db2e6446f9594e174f3fde56931d09d5b49	321589	/mnt/c/Users/genom/GitHub/LOSAT/docs/wasm-performance/PR01/cold/tblastx/p12_lc738874_lc738875_default/threaded-4/repeat-1/output.txt	
cold	tblastx	p12_lc738874_lc738875_default	threaded	4				2	True	False	cold-process-through-teardown	PASS	PASS	PASS	PASS	0	2026-09-05T05:55:43Z	10.168035647999204	10.24	0.04	159961088				86c05a04efb50e4026720e2d44fe2db2e6446f9594e174f3fde56931d09d5b49	321589	/mnt/c/Users/genom/GitHub/LOSAT/docs/wasm-performance/PR01/cold/tblastx/p12_lc738874_lc738875_default/threaded-4/repeat-2/output.txt	
cold	tblastx	p12_lc738874_lc738875_default	threaded	4				3	True	False	cold-process-through-teardown	PASS	PASS	PASS	PASS	0	2026-09-05T05:55:53Z	10.289776408000762	10.23	0.09	159703040				86c05a04efb50e4026720e2d44fe2db2e6446f9594e174f3fde56931d09d5b49	321589	/mnt/c/Users/genom/GitHub/LOSAT/docs/wasm-performance/PR01/cold/tblastx/p12_lc738874_lc738875_default/threaded-4/repeat-3/output.txt	
cold	tblastx	p12_lc738874_lc738875_default	threaded	4				4	True	False	cold-process-through-teardown	PASS	PASS	PASS	PASS	0	2026-09-05T05:56:04Z	10.254630127998098	10.25	0.09	163164160				86c05a04efb50e4026720e2d44fe2db2e6446f9594e174f3fde56931d09d5b49	321589	/mnt/c/Users/genom/GitHub/LOSAT/docs/wasm-performance/PR01/cold/tblastx/p12_lc738874_lc738875_default/threaded-4/repeat-4/output.txt	
cold	tblastx	p12_lc738874_lc738875_default	threaded	4				5	True	False	cold-process-through-teardown	PASS	PASS	PASS	PASS	0	2026-09-05T05:56:14Z	10.247094655998808	10.33	0.07	162545664				86c05a04efb50e4026720e2d44fe2db2e6446f9594e174f3fde56931d09d5b49	321589	/mnt/c/Users/genom/GitHub/LOSAT/docs/wasm-performance/PR01/cold/tblastx/p12_lc738874_lc738875_default/threaded-4/repeat-5/output.txt	
cold	tblastx	p12_lc738874_lc738875_default	threaded	4	1	0		6	False	True	cold-process-through-teardown	PASS	PASS	PASS	PASS	0	2026-09-05T05:56:25Z	11.04063238299932	11.05	0.04	162766848				86c05a04efb50e4026720e2d44fe2db2e6446f9594e174f3fde56931d09d5b49	321589	/mnt/c/Users/genom/GitHub/LOSAT/docs/wasm-performance/PR01/cold/tblastx/p12_lc738874_lc738875_default/threaded-4/diagnostic/output.txt	
cold	tblastx	p12_lc738874_lc738875_default	threaded	8				0	False	False	cold-process-through-teardown	PASS	PASS	PASS	PASS	0	2026-09-05T05:56:36Z	10.421923329999117	10.52	0.04	159686656				86c05a04efb50e4026720e2d44fe2db2e6446f9594e174f3fde56931d09d5b49	321589	/mnt/c/Users/genom/GitHub/LOSAT/docs/wasm-performance/PR01/cold/tblastx/p12_lc738874_lc738875_default/threaded-8/repeat-0/output.txt	
cold	tblastx	p12_lc738874_lc738875_default	threaded	8				1	True	False	cold-process-through-teardown	PASS	PASS	PASS	PASS	0	2026-09-05T05:56:47Z	10.47119474200008	10.51	0.08	158887936				86c05a04efb50e4026720e2d44fe2db2e6446f9594e174f3fde56931d09d5b49	321589	/mnt/c/Users/genom/GitHub/LOSAT/docs/wasm-performance/PR01/cold/tblastx/p12_lc738874_lc738875_default/threaded-8/repeat-1/output.txt	
cold	tblastx	p12_lc738874_lc738875_default	threaded	8				2	True	False	cold-process-through-teardown	PASS	PASS	PASS	PASS	0	2026-09-05T05:56:58Z	10.2578097839978	10.36	0.05	160534528				86c05a04efb50e4026720e2d44fe2db2e6446f9594e174f3fde56931d09d5b49	321589	/mnt/c/Users/genom/GitHub/LOSAT/docs/wasm-performance/PR01/cold/tblastx/p12_lc738874_lc738875_default/threaded-8/repeat-2/output.txt	
cold	tblastx	p12_lc738874_lc738875_default	threaded	8				3	True	False	cold-process-through-teardown	PASS	PASS	PASS	PASS	0	2026-09-05T05:57:08Z	10.245720290000463	10.25	0.08	162910208				86c05a04efb50e4026720e2d44fe2db2e6446f9594e174f3fde56931d09d5b49	321589	/mnt/c/Users/genom/GitHub/LOSAT/docs/wasm-performance/PR01/cold/tblastx/p12_lc738874_lc738875_default/threaded-8/repeat-3/output.txt	
cold	tblastx	p12_lc738874_lc738875_default	threaded	8				4	True	False	cold-process-through-teardown	PASS	PASS	PASS	PASS	0	2026-09-05T05:57:19Z	10.252666019998287	10.22	0.08	158818304				86c05a04efb50e4026720e2d44fe2db2e6446f9594e174f3fde56931d09d5b49	321589	/mnt/c/Users/genom/GitHub/LOSAT/docs/wasm-performance/PR01/cold/tblastx/p12_lc738874_lc738875_default/threaded-8/repeat-4/output.txt	
cold	tblastx	p12_lc738874_lc738875_default	threaded	8				5	True	False	cold-process-through-teardown	PASS	PASS	PASS	PASS	0	2026-09-05T05:57:29Z	10.270022681997943	10.22	0.05	159674368				86c05a04efb50e4026720e2d44fe2db2e6446f9594e174f3fde56931d09d5b49	321589	/mnt/c/Users/genom/GitHub/LOSAT/docs/wasm-performance/PR01/cold/tblastx/p12_lc738874_lc738875_default/threaded-8/repeat-5/output.txt	
cold	tblastx	p12_lc738874_lc738875_default	threaded	8	1	0		6	False	True	cold-process-through-teardown	PASS	PASS	PASS	PASS	0	2026-09-05T05:57:40Z	11.083849052000005	11.12	0.03	166723584				86c05a04efb50e4026720e2d44fe2db2e6446f9594e174f3fde56931d09d5b49	321589	/mnt/c/Users/genom/GitHub/LOSAT/docs/wasm-performance/PR01/cold/tblastx/p12_lc738874_lc738875_default/threaded-8/diagnostic/output.txt	
cold	blastp	pr01_blastp_no_hit	native	1				0	False	False	cold-process-through-teardown	PASS	PASS	PASS	PASS	0	2026-09-05T05:57:52Z	0.3368752949972986	0.25	0.01	27418624				e3b0c44298fc1c149afbf4c8996fb92427ae41e4649b934ca495991b7852b855	0	/mnt/c/Users/genom/GitHub/LOSAT/docs/wasm-performance/PR01/cold/blastp/pr01_blastp_no_hit/native-1/repeat-0/output.txt	
cold	blastp	pr01_blastp_no_hit	native	1				1	True	False	cold-process-through-teardown	PASS	PASS	PASS	PASS	0	2026-09-05T05:57:53Z	0.3498133039975073	0.26	0.02	27742208				e3b0c44298fc1c149afbf4c8996fb92427ae41e4649b934ca495991b7852b855	0	/mnt/c/Users/genom/GitHub/LOSAT/docs/wasm-performance/PR01/cold/blastp/pr01_blastp_no_hit/native-1/repeat-1/output.txt	
cold	blastp	pr01_blastp_no_hit	native	1				2	True	False	cold-process-through-teardown	PASS	PASS	PASS	PASS	0	2026-09-05T05:57:53Z	0.3445307279980625	0.27	0.0	27459584				e3b0c44298fc1c149afbf4c8996fb92427ae41e4649b934ca495991b7852b855	0	/mnt/c/Users/genom/GitHub/LOSAT/docs/wasm-performance/PR01/cold/blastp/pr01_blastp_no_hit/native-1/repeat-2/output.txt	
cold	blastp	pr01_blastp_no_hit	native	1				3	True	False	cold-process-through-teardown	PASS	PASS	PASS	PASS	0	2026-09-05T05:57:54Z	0.33017171600295114	0.27	0.0	27693056				e3b0c44298fc1c149afbf4c8996fb92427ae41e4649b934ca495991b7852b855	0	/mnt/c/Users/genom/GitHub/LOSAT/docs/wasm-performance/PR01/cold/blastp/pr01_blastp_no_hit/native-1/repeat-3/output.txt	
cold	blastp	pr01_blastp_no_hit	native	1				4	True	False	cold-process-through-teardown	PASS	PASS	PASS	PASS	0	2026-09-05T05:57:55Z	0.30547216000195476	0.27	0.0	27607040				e3b0c44298fc1c149afbf4c8996fb92427ae41e4649b934ca495991b7852b855	0	/mnt/c/Users/genom/GitHub/LOSAT/docs/wasm-performance/PR01/cold/blastp/pr01_blastp_no_hit/native-1/repeat-4/output.txt	
cold	blastp	pr01_blastp_no_hit	native	1				5	True	False	cold-process-through-teardown	PASS	PASS	PASS	PASS	0	2026-09-05T05:57:55Z	0.33824264600116294	0.27	0.0	27787264				e3b0c44298fc1c149afbf4c8996fb92427ae41e4649b934ca495991b7852b855	0	/mnt/c/Users/genom/GitHub/LOSAT/docs/wasm-performance/PR01/cold/blastp/pr01_blastp_no_hit/native-1/repeat-5/output.txt	
cold	blastp	pr01_blastp_no_hit	native	1				6	False	True	cold-process-through-teardown	PASS	PASS	PASS	PASS	0	2026-09-05T05:57:56Z	0.3413994789989374	0.25	0.0	27901952				e3b0c44298fc1c149afbf4c8996fb92427ae41e4649b934ca495991b7852b855	0	/mnt/c/Users/genom/GitHub/LOSAT/docs/wasm-performance/PR01/cold/blastp/pr01_blastp_no_hit/native-1/diagnostic/output.txt	
cold	blastp	pr01_blastp_no_hit	native	2				0	False	False	cold-process-through-teardown	PASS	PASS	PASS	PASS	0	2026-09-05T05:57:57Z	0.2274332350025361	0.26	0.01	27271168				e3b0c44298fc1c149afbf4c8996fb92427ae41e4649b934ca495991b7852b855	0	/mnt/c/Users/genom/GitHub/LOSAT/docs/wasm-performance/PR01/cold/blastp/pr01_blastp_no_hit/native-2/repeat-0/output.txt	
cold	blastp	pr01_blastp_no_hit	native	2				1	True	False	cold-process-through-teardown	PASS	PASS	PASS	PASS	0	2026-09-05T05:57:57Z	0.22005345700017642	0.27	0.0	27418624				e3b0c44298fc1c149afbf4c8996fb92427ae41e4649b934ca495991b7852b855	0	/mnt/c/Users/genom/GitHub/LOSAT/docs/wasm-performance/PR01/cold/blastp/pr01_blastp_no_hit/native-2/repeat-1/output.txt	
cold	blastp	pr01_blastp_no_hit	native	2				2	True	False	cold-process-through-teardown	PASS	PASS	PASS	PASS	0	2026-09-05T05:57:58Z	0.23973913599911612	0.26	0.01	27389952				e3b0c44298fc1c149afbf4c8996fb92427ae41e4649b934ca495991b7852b855	0	/mnt/c/Users/genom/GitHub/LOSAT/docs/wasm-performance/PR01/cold/blastp/pr01_blastp_no_hit/native-2/repeat-2/output.txt	
cold	blastp	pr01_blastp_no_hit	native	2				3	True	False	cold-process-through-teardown	PASS	PASS	PASS	PASS	0	2026-09-05T05:57:58Z	0.2518742790016404	0.28	0.0	27365376				e3b0c44298fc1c149afbf4c8996fb92427ae41e4649b934ca495991b7852b855	0	/mnt/c/Users/genom/GitHub/LOSAT/docs/wasm-performance/PR01/cold/blastp/pr01_blastp_no_hit/native-2/repeat-3/output.txt	
cold	blastp	pr01_blastp_no_hit	native	2				4	True	False	cold-process-through-teardown	PASS	PASS	PASS	PASS	0	2026-09-05T05:57:59Z	0.24029527599850553	0.27	0.01	27316224				e3b0c44298fc1c149afbf4c8996fb92427ae41e4649b934ca495991b7852b855	0	/mnt/c/Users/genom/GitHub/LOSAT/docs/wasm-performance/PR01/cold/blastp/pr01_blastp_no_hit/native-2/repeat-4/output.txt	
cold	blastp	pr01_blastp_no_hit	native	2				5	True	False	cold-process-through-teardown	PASS	PASS	PASS	PASS	0	2026-09-05T05:57:59Z	0.19171223699959228	0.27	0.0	27250688				e3b0c44298fc1c149afbf4c8996fb92427ae41e4649b934ca495991b7852b855	0	/mnt/c/Users/genom/GitHub/LOSAT/docs/wasm-performance/PR01/cold/blastp/pr01_blastp_no_hit/native-2/repeat-5/output.txt	
cold	blastp	pr01_blastp_no_hit	native	2				6	False	True	cold-process-through-teardown	PASS	PASS	PASS	PASS	0	2026-09-05T05:58:00Z	0.25440531500134966	0.28	0.0	27516928				e3b0c44298fc1c149afbf4c8996fb92427ae41e4649b934ca495991b7852b855	0	/mnt/c/Users/genom/GitHub/LOSAT/docs/wasm-performance/PR01/cold/blastp/pr01_blastp_no_hit/native-2/diagnostic/output.txt	
cold	blastp	pr01_blastp_no_hit	native	4				0	False	False	cold-process-through-teardown	PASS	PASS	PASS	PASS	0	2026-09-05T05:58:00Z	0.18275108699890552	0.27	0.01	27353088				e3b0c44298fc1c149afbf4c8996fb92427ae41e4649b934ca495991b7852b855	0	/mnt/c/Users/genom/GitHub/LOSAT/docs/wasm-performance/PR01/cold/blastp/pr01_blastp_no_hit/native-4/repeat-0/output.txt	
cold	blastp	pr01_blastp_no_hit	native	4				1	True	False	cold-process-through-teardown	PASS	PASS	PASS	PASS	0	2026-09-05T05:58:00Z	0.14323669000077643	0.28	0.0	27414528				e3b0c44298fc1c149afbf4c8996fb92427ae41e4649b934ca495991b7852b855	0	/mnt/c/Users/genom/GitHub/LOSAT/docs/wasm-performance/PR01/cold/blastp/pr01_blastp_no_hit/native-4/repeat-1/output.txt	
cold	blastp	pr01_blastp_no_hit	native	4				2	True	False	cold-process-through-teardown	PASS	PASS	PASS	PASS	0	2026-09-05T05:58:01Z	0.15515467400109628	0.27	0.0	27336704				e3b0c44298fc1c149afbf4c8996fb92427ae41e4649b934ca495991b7852b855	0	/mnt/c/Users/genom/GitHub/LOSAT/docs/wasm-performance/PR01/cold/blastp/pr01_blastp_no_hit/native-4/repeat-2/output.txt	
cold	blastp	pr01_blastp_no_hit	native	4				3	True	False	cold-process-through-teardown	PASS	PASS	PASS	PASS	0	2026-09-05T05:58:01Z	0.19937484999900335	0.29	0.0	27381760				e3b0c44298fc1c149afbf4c8996fb92427ae41e4649b934ca495991b7852b855	0	/mnt/c/Users/genom/GitHub/LOSAT/docs/wasm-performance/PR01/cold/blastp/pr01_blastp_no_hit/native-4/repeat-3/output.txt	
cold	blastp	pr01_blastp_no_hit	native	4				4	True	False	cold-process-through-teardown	PASS	PASS	PASS	PASS	0	2026-09-05T05:58:02Z	0.187211157001002	0.27	0.02	27381760				e3b0c44298fc1c149afbf4c8996fb92427ae41e4649b934ca495991b7852b855	0	/mnt/c/Users/genom/GitHub/LOSAT/docs/wasm-performance/PR01/cold/blastp/pr01_blastp_no_hit/native-4/repeat-4/output.txt	
cold	blastp	pr01_blastp_no_hit	native	4				5	True	False	cold-process-through-teardown	PASS	PASS	PASS	PASS	0	2026-09-05T05:58:02Z	0.15049673400062602	0.27	0.01	27521024				e3b0c44298fc1c149afbf4c8996fb92427ae41e4649b934ca495991b7852b855	0	/mnt/c/Users/genom/GitHub/LOSAT/docs/wasm-performance/PR01/cold/blastp/pr01_blastp_no_hit/native-4/repeat-5/output.txt	
cold	blastp	pr01_blastp_no_hit	native	4				6	False	True	cold-process-through-teardown	PASS	PASS	PASS	PASS	0	2026-09-05T05:58:02Z	0.25805340299848467	0.26	0.01	29675520				e3b0c44298fc1c149afbf4c8996fb92427ae41e4649b934ca495991b7852b855	0	/mnt/c/Users/genom/GitHub/LOSAT/docs/wasm-performance/PR01/cold/blastp/pr01_blastp_no_hit/native-4/diagnostic/output.txt	
cold	blastp	pr01_blastp_no_hit	native	8				0	False	False	cold-process-through-teardown	PASS	PASS	PASS	PASS	0	2026-09-05T05:58:03Z	0.13627826399897458	0.29	0.01	28372992				e3b0c44298fc1c149afbf4c8996fb92427ae41e4649b934ca495991b7852b855	0	/mnt/c/Users/genom/GitHub/LOSAT/docs/wasm-performance/PR01/cold/blastp/pr01_blastp_no_hit/native-8/repeat-0/output.txt	
cold	blastp	pr01_blastp_no_hit	native	8				1	True	False	cold-process-through-teardown	PASS	PASS	PASS	PASS	0	2026-09-05T05:58:03Z	0.13033109499883722	0.29	0.01	30416896				e3b0c44298fc1c149afbf4c8996fb92427ae41e4649b934ca495991b7852b855	0	/mnt/c/Users/genom/GitHub/LOSAT/docs/wasm-performance/PR01/cold/blastp/pr01_blastp_no_hit/native-8/repeat-1/output.txt	
cold	blastp	pr01_blastp_no_hit	native	8				2	True	False	cold-process-through-teardown	PASS	PASS	PASS	PASS	0	2026-09-05T05:58:04Z	0.14122732999749132	0.29	0.01	28274688				e3b0c44298fc1c149afbf4c8996fb92427ae41e4649b934ca495991b7852b855	0	/mnt/c/Users/genom/GitHub/LOSAT/docs/wasm-performance/PR01/cold/blastp/pr01_blastp_no_hit/native-8/repeat-2/output.txt	
cold	blastp	pr01_blastp_no_hit	native	8				3	True	False	cold-process-through-teardown	PASS	PASS	PASS	PASS	0	2026-09-05T05:58:04Z	0.14216274800128303	0.29	0.01	28291072				e3b0c44298fc1c149afbf4c8996fb92427ae41e4649b934ca495991b7852b855	0	/mnt/c/Users/genom/GitHub/LOSAT/docs/wasm-performance/PR01/cold/blastp/pr01_blastp_no_hit/native-8/repeat-3/output.txt	
cold	blastp	pr01_blastp_no_hit	native	8				4	True	False	cold-process-through-teardown	PASS	PASS	PASS	PASS	0	2026-09-05T05:58:04Z	0.1377684919971216	0.3	0.01	28377088				e3b0c44298fc1c149afbf4c8996fb92427ae41e4649b934ca495991b7852b855	0	/mnt/c/Users/genom/GitHub/LOSAT/docs/wasm-performance/PR01/cold/blastp/pr01_blastp_no_hit/native-8/repeat-4/output.txt	
cold	blastp	pr01_blastp_no_hit	native	8				5	True	False	cold-process-through-teardown	PASS	PASS	PASS	PASS	0	2026-09-05T05:58:04Z	0.13852059300188557	0.29	0.02	28364800				e3b0c44298fc1c149afbf4c8996fb92427ae41e4649b934ca495991b7852b855	0	/mnt/c/Users/genom/GitHub/LOSAT/docs/wasm-performance/PR01/cold/blastp/pr01_blastp_no_hit/native-8/repeat-5/output.txt	
cold	blastp	pr01_blastp_no_hit	native	8				6	False	True	cold-process-through-teardown	PASS	PASS	PASS	PASS	0	2026-09-05T05:58:05Z	0.17550938000204042	0.27	0.01	28479488				e3b0c44298fc1c149afbf4c8996fb92427ae41e4649b934ca495991b7852b855	0	/mnt/c/Users/genom/GitHub/LOSAT/docs/wasm-performance/PR01/cold/blastp/pr01_blastp_no_hit/native-8/diagnostic/output.txt	
cold	blastp	pr01_blastp_no_hit	serial	1	1			0	False	False	cold-process-through-teardown	PASS	PASS	PASS	PASS	0	2026-09-05T05:58:05Z	0.7175405689995387	0.69	0.04	126566400				e3b0c44298fc1c149afbf4c8996fb92427ae41e4649b934ca495991b7852b855	0	/mnt/c/Users/genom/GitHub/LOSAT/docs/wasm-performance/PR01/cold/blastp/pr01_blastp_no_hit/serial-1/repeat-0/output.txt	
cold	blastp	pr01_blastp_no_hit	serial	1	1			1	True	False	cold-process-through-teardown	PASS	PASS	PASS	PASS	0	2026-09-05T05:58:06Z	0.5737755099980859	0.64	0.03	126287872				e3b0c44298fc1c149afbf4c8996fb92427ae41e4649b934ca495991b7852b855	0	/mnt/c/Users/genom/GitHub/LOSAT/docs/wasm-performance/PR01/cold/blastp/pr01_blastp_no_hit/serial-1/repeat-1/output.txt	
cold	blastp	pr01_blastp_no_hit	serial	1	1			2	True	False	cold-process-through-teardown	PASS	PASS	PASS	PASS	0	2026-09-05T05:58:07Z	0.6453891900018789	0.64	0.05	120905728				e3b0c44298fc1c149afbf4c8996fb92427ae41e4649b934ca495991b7852b855	0	/mnt/c/Users/genom/GitHub/LOSAT/docs/wasm-performance/PR01/cold/blastp/pr01_blastp_no_hit/serial-1/repeat-2/output.txt	
cold	blastp	pr01_blastp_no_hit	serial	1	1			3	True	False	cold-process-through-teardown	PASS	PASS	PASS	PASS	0	2026-09-05T05:58:08Z	0.5768598649992782	0.62	0.04	120332288				e3b0c44298fc1c149afbf4c8996fb92427ae41e4649b934ca495991b7852b855	0	/mnt/c/Users/genom/GitHub/LOSAT/docs/wasm-performance/PR01/cold/blastp/pr01_blastp_no_hit/serial-1/repeat-3/output.txt	
cold	blastp	pr01_blastp_no_hit	serial	1	1			4	True	False	cold-process-through-teardown	PASS	PASS	PASS	PASS	0	2026-09-05T05:58:09Z	0.6196185119988513	0.64	0.05	126296064				e3b0c44298fc1c149afbf4c8996fb92427ae41e4649b934ca495991b7852b855	0	/mnt/c/Users/genom/GitHub/LOSAT/docs/wasm-performance/PR01/cold/blastp/pr01_blastp_no_hit/serial-1/repeat-4/output.txt	
cold	blastp	pr01_blastp_no_hit	serial	1	1			5	True	False	cold-process-through-teardown	PASS	PASS	PASS	PASS	0	2026-09-05T05:58:10Z	0.6313015209998412	0.66	0.01	126132224				e3b0c44298fc1c149afbf4c8996fb92427ae41e4649b934ca495991b7852b855	0	/mnt/c/Users/genom/GitHub/LOSAT/docs/wasm-performance/PR01/cold/blastp/pr01_blastp_no_hit/serial-1/repeat-5/output.txt	
cold	blastp	pr01_blastp_no_hit	serial	1	1			6	False	True	cold-process-through-teardown	PASS	PASS	PASS	PASS	0	2026-09-05T05:58:11Z	0.6560230309987674	0.67	0.03	119521280				e3b0c44298fc1c149afbf4c8996fb92427ae41e4649b934ca495991b7852b855	0	/mnt/c/Users/genom/GitHub/LOSAT/docs/wasm-performance/PR01/cold/blastp/pr01_blastp_no_hit/serial-1/diagnostic/output.txt	
cold	blastp	pr01_blastp_no_hit	threaded	1				0	False	False	cold-process-through-teardown	PASS	PASS	PASS	PASS	0	2026-09-05T05:58:12Z	0.6541902770004526	0.67	0.0	114761728				e3b0c44298fc1c149afbf4c8996fb92427ae41e4649b934ca495991b7852b855	0	/mnt/c/Users/genom/GitHub/LOSAT/docs/wasm-performance/PR01/cold/blastp/pr01_blastp_no_hit/threaded-1/repeat-0/output.txt	
cold	blastp	pr01_blastp_no_hit	threaded	1				1	True	False	cold-process-through-teardown	PASS	PASS	PASS	PASS	0	2026-09-05T05:58:13Z	0.6208879480000178	0.66	0.02	115101696				e3b0c44298fc1c149afbf4c8996fb92427ae41e4649b934ca495991b7852b855	0	/mnt/c/Users/genom/GitHub/LOSAT/docs/wasm-performance/PR01/cold/blastp/pr01_blastp_no_hit/threaded-1/repeat-1/output.txt	
cold	blastp	pr01_blastp_no_hit	threaded	1				2	True	False	cold-process-through-teardown	PASS	PASS	PASS	PASS	0	2026-09-05T05:58:14Z	0.5812811670002702	0.59	0.07	109039616				e3b0c44298fc1c149afbf4c8996fb92427ae41e4649b934ca495991b7852b855	0	/mnt/c/Users/genom/GitHub/LOSAT/docs/wasm-performance/PR01/cold/blastp/pr01_blastp_no_hit/threaded-1/repeat-2/output.txt	
cold	blastp	pr01_blastp_no_hit	threaded	1				3	True	False	cold-process-through-teardown	PASS	PASS	PASS	PASS	0	2026-09-05T05:58:15Z	0.6245639539993135	0.64	0.02	107167744				e3b0c44298fc1c149afbf4c8996fb92427ae41e4649b934ca495991b7852b855	0	/mnt/c/Users/genom/GitHub/LOSAT/docs/wasm-performance/PR01/cold/blastp/pr01_blastp_no_hit/threaded-1/repeat-3/output.txt	
cold	blastp	pr01_blastp_no_hit	threaded	1				4	True	False	cold-process-through-teardown	PASS	PASS	PASS	PASS	0	2026-09-05T05:58:16Z	0.6273439979995601	0.64	0.04	112467968				e3b0c44298fc1c149afbf4c8996fb92427ae41e4649b934ca495991b7852b855	0	/mnt/c/Users/genom/GitHub/LOSAT/docs/wasm-performance/PR01/cold/blastp/pr01_blastp_no_hit/threaded-1/repeat-4/output.txt	
cold	blastp	pr01_blastp_no_hit	threaded	1				5	True	False	cold-process-through-teardown	PASS	PASS	PASS	PASS	0	2026-09-05T05:58:17Z	0.6691328180022538	0.66	0.03	111050752				e3b0c44298fc1c149afbf4c8996fb92427ae41e4649b934ca495991b7852b855	0	/mnt/c/Users/genom/GitHub/LOSAT/docs/wasm-performance/PR01/cold/blastp/pr01_blastp_no_hit/threaded-1/repeat-5/output.txt	
cold	blastp	pr01_blastp_no_hit	threaded	1	1	0		6	False	True	cold-process-through-teardown	PASS	PASS	PASS	PASS	0	2026-09-05T05:58:18Z	0.7502557450025051	0.65	0.02	113926144				e3b0c44298fc1c149afbf4c8996fb92427ae41e4649b934ca495991b7852b855	0	/mnt/c/Users/genom/GitHub/LOSAT/docs/wasm-performance/PR01/cold/blastp/pr01_blastp_no_hit/threaded-1/diagnostic/output.txt	
cold	blastp	pr01_blastp_no_hit	threaded	2				0	False	False	cold-process-through-teardown	PASS	PASS	PASS	PASS	0	2026-09-05T05:58:19Z	0.5686788599996362	0.68	0.07	121614336				e3b0c44298fc1c149afbf4c8996fb92427ae41e4649b934ca495991b7852b855	0	/mnt/c/Users/genom/GitHub/LOSAT/docs/wasm-performance/PR01/cold/blastp/pr01_blastp_no_hit/threaded-2/repeat-0/output.txt	
cold	blastp	pr01_blastp_no_hit	threaded	2				1	True	False	cold-process-through-teardown	PASS	PASS	PASS	PASS	0	2026-09-05T05:58:20Z	0.5152474730020913	0.68	0.05	121602048				e3b0c44298fc1c149afbf4c8996fb92427ae41e4649b934ca495991b7852b855	0	/mnt/c/Users/genom/GitHub/LOSAT/docs/wasm-performance/PR01/cold/blastp/pr01_blastp_no_hit/threaded-2/repeat-1/output.txt	
cold	blastp	pr01_blastp_no_hit	threaded	2				2	True	False	cold-process-through-teardown	PASS	PASS	PASS	PASS	0	2026-09-05T05:58:21Z	0.5254560600005789	0.67	0.05	121683968				e3b0c44298fc1c149afbf4c8996fb92427ae41e4649b934ca495991b7852b855	0	/mnt/c/Users/genom/GitHub/LOSAT/docs/wasm-performance/PR01/cold/blastp/pr01_blastp_no_hit/threaded-2/repeat-2/output.txt	
cold	blastp	pr01_blastp_no_hit	threaded	2				3	True	False	cold-process-through-teardown	PASS	PASS	PASS	PASS	0	2026-09-05T05:58:21Z	0.5190090039977804	0.68	0.05	121536512				e3b0c44298fc1c149afbf4c8996fb92427ae41e4649b934ca495991b7852b855	0	/mnt/c/Users/genom/GitHub/LOSAT/docs/wasm-performance/PR01/cold/blastp/pr01_blastp_no_hit/threaded-2/repeat-3/output.txt	
cold	blastp	pr01_blastp_no_hit	threaded	2				4	True	False	cold-process-through-teardown	PASS	PASS	PASS	PASS	0	2026-09-05T05:58:22Z	0.5569857699993008	0.67	0.05	119689216				e3b0c44298fc1c149afbf4c8996fb92427ae41e4649b934ca495991b7852b855	0	/mnt/c/Users/genom/GitHub/LOSAT/docs/wasm-performance/PR01/cold/blastp/pr01_blastp_no_hit/threaded-2/repeat-4/output.txt	
cold	blastp	pr01_blastp_no_hit	threaded	2				5	True	False	cold-process-through-teardown	PASS	PASS	PASS	PASS	0	2026-09-05T05:58:23Z	0.5084775440009253	0.69	0.03	120811520				e3b0c44298fc1c149afbf4c8996fb92427ae41e4649b934ca495991b7852b855	0	/mnt/c/Users/genom/GitHub/LOSAT/docs/wasm-performance/PR01/cold/blastp/pr01_blastp_no_hit/threaded-2/repeat-5/output.txt	
cold	blastp	pr01_blastp_no_hit	threaded	2	2	1		6	False	True	cold-process-through-teardown	PASS	PASS	PASS	PASS	0	2026-09-05T05:58:24Z	0.6775782389995584	0.7	0.07	123777024				e3b0c44298fc1c149afbf4c8996fb92427ae41e4649b934ca495991b7852b855	0	/mnt/c/Users/genom/GitHub/LOSAT/docs/wasm-performance/PR01/cold/blastp/pr01_blastp_no_hit/threaded-2/diagnostic/output.txt	
cold	blastp	pr01_blastp_no_hit	threaded	4				0	False	False	cold-process-through-teardown	PASS	PASS	PASS	PASS	0	2026-09-05T05:58:25Z	0.5630986590003886	0.79	0.07	140939264				e3b0c44298fc1c149afbf4c8996fb92427ae41e4649b934ca495991b7852b855	0	/mnt/c/Users/genom/GitHub/LOSAT/docs/wasm-performance/PR01/cold/blastp/pr01_blastp_no_hit/threaded-4/repeat-0/output.txt	
cold	blastp	pr01_blastp_no_hit	threaded	4				1	True	False	cold-process-through-teardown	PASS	PASS	PASS	PASS	0	2026-09-05T05:58:26Z	0.6591518669993093	0.78	0.07	138514432				e3b0c44298fc1c149afbf4c8996fb92427ae41e4649b934ca495991b7852b855	0	/mnt/c/Users/genom/GitHub/LOSAT/docs/wasm-performance/PR01/cold/blastp/pr01_blastp_no_hit/threaded-4/repeat-1/output.txt	
cold	blastp	pr01_blastp_no_hit	threaded	4				2	True	False	cold-process-through-teardown	PASS	PASS	PASS	PASS	0	2026-09-05T05:58:26Z	0.6669362350003212	0.81	0.05	144531456				e3b0c44298fc1c149afbf4c8996fb92427ae41e4649b934ca495991b7852b855	0	/mnt/c/Users/genom/GitHub/LOSAT/docs/wasm-performance/PR01/cold/blastp/pr01_blastp_no_hit/threaded-4/repeat-2/output.txt	
cold	blastp	pr01_blastp_no_hit	threaded	4				3	True	False	cold-process-through-teardown	PASS	PASS	PASS	PASS	0	2026-09-05T05:58:27Z	0.5756290450008237	0.79	0.07	134975488				e3b0c44298fc1c149afbf4c8996fb92427ae41e4649b934ca495991b7852b855	0	/mnt/c/Users/genom/GitHub/LOSAT/docs/wasm-performance/PR01/cold/blastp/pr01_blastp_no_hit/threaded-4/repeat-3/output.txt	
cold	blastp	pr01_blastp_no_hit	threaded	4				4	True	False	cold-process-through-teardown	PASS	PASS	PASS	PASS	0	2026-09-05T05:58:28Z	0.5137115149991587	0.8	0.05	138944512				e3b0c44298fc1c149afbf4c8996fb92427ae41e4649b934ca495991b7852b855	0	/mnt/c/Users/genom/GitHub/LOSAT/docs/wasm-performance/PR01/cold/blastp/pr01_blastp_no_hit/threaded-4/repeat-4/output.txt	
cold	blastp	pr01_blastp_no_hit	threaded	4				5	True	False	cold-process-through-teardown	PASS	PASS	PASS	PASS	0	2026-09-05T05:58:29Z	0.5461040869995486	0.83	0.03	140316672				e3b0c44298fc1c149afbf4c8996fb92427ae41e4649b934ca495991b7852b855	0	/mnt/c/Users/genom/GitHub/LOSAT/docs/wasm-performance/PR01/cold/blastp/pr01_blastp_no_hit/threaded-4/repeat-5/output.txt	
cold	blastp	pr01_blastp_no_hit	threaded	4	4	3		6	False	True	cold-process-through-teardown	PASS	PASS	PASS	PASS	0	2026-09-05T05:58:29Z	0.6820650900008332	0.75	0.09	136712192				e3b0c44298fc1c149afbf4c8996fb92427ae41e4649b934ca495991b7852b855	0	/mnt/c/Users/genom/GitHub/LOSAT/docs/wasm-performance/PR01/cold/blastp/pr01_blastp_no_hit/threaded-4/diagnostic/output.txt	
cold	blastp	pr01_blastp_no_hit	threaded	8				0	False	False	cold-process-through-teardown	PASS	PASS	PASS	PASS	0	2026-09-05T05:58:30Z	0.9067387319992122	1.08	0.07	183472128				e3b0c44298fc1c149afbf4c8996fb92427ae41e4649b934ca495991b7852b855	0	/mnt/c/Users/genom/GitHub/LOSAT/docs/wasm-performance/PR01/cold/blastp/pr01_blastp_no_hit/threaded-8/repeat-0/output.txt	
cold	blastp	pr01_blastp_no_hit	threaded	8				1	True	False	cold-process-through-teardown	PASS	PASS	PASS	PASS	0	2026-09-05T05:58:31Z	0.738578102998872	1.1	0.03	181264384				e3b0c44298fc1c149afbf4c8996fb92427ae41e4649b934ca495991b7852b855	0	/mnt/c/Users/genom/GitHub/LOSAT/docs/wasm-performance/PR01/cold/blastp/pr01_blastp_no_hit/threaded-8/repeat-1/output.txt	
cold	blastp	pr01_blastp_no_hit	threaded	8				2	True	False	cold-process-through-teardown	PASS	PASS	PASS	PASS	0	2026-09-05T05:58:32Z	0.7907452229992487	1.02	0.1	179335168				e3b0c44298fc1c149afbf4c8996fb92427ae41e4649b934ca495991b7852b855	0	/mnt/c/Users/genom/GitHub/LOSAT/docs/wasm-performance/PR01/cold/blastp/pr01_blastp_no_hit/threaded-8/repeat-2/output.txt	
cold	blastp	pr01_blastp_no_hit	threaded	8				3	True	False	cold-process-through-teardown	PASS	PASS	PASS	PASS	0	2026-09-05T05:58:33Z	0.7751257250019989	1.03	0.13	181264384				e3b0c44298fc1c149afbf4c8996fb92427ae41e4649b934ca495991b7852b855	0	/mnt/c/Users/genom/GitHub/LOSAT/docs/wasm-performance/PR01/cold/blastp/pr01_blastp_no_hit/threaded-8/repeat-3/output.txt	
cold	blastp	pr01_blastp_no_hit	threaded	8				4	True	False	cold-process-through-teardown	PASS	PASS	PASS	PASS	0	2026-09-05T05:58:34Z	0.8081532210017031	1.07	0.05	181211136				e3b0c44298fc1c149afbf4c8996fb92427ae41e4649b934ca495991b7852b855	0	/mnt/c/Users/genom/GitHub/LOSAT/docs/wasm-performance/PR01/cold/blastp/pr01_blastp_no_hit/threaded-8/repeat-4/output.txt	
cold	blastp	pr01_blastp_no_hit	threaded	8				5	True	False	cold-process-through-teardown	PASS	PASS	PASS	PASS	0	2026-09-05T05:58:35Z	0.8940673249999236	1.07	0.09	177278976				e3b0c44298fc1c149afbf4c8996fb92427ae41e4649b934ca495991b7852b855	0	/mnt/c/Users/genom/GitHub/LOSAT/docs/wasm-performance/PR01/cold/blastp/pr01_blastp_no_hit/threaded-8/repeat-5/output.txt	
cold	blastp	pr01_blastp_no_hit	threaded	8	8	7		6	False	True	cold-process-through-teardown	PASS	PASS	PASS	PASS	0	2026-09-05T05:58:36Z	0.8575354050008173	1.27	0.08	181084160				e3b0c44298fc1c149afbf4c8996fb92427ae41e4649b934ca495991b7852b855	0	/mnt/c/Users/genom/GitHub/LOSAT/docs/wasm-performance/PR01/cold/blastp/pr01_blastp_no_hit/threaded-8/diagnostic/output.txt	
cold	tblastx	pr01_tblastx_no_hit	native	1				0	False	False	cold-process-through-teardown	PASS	PASS	PASS	PASS	0	2026-09-05T05:58:37Z	0.04616715299926	0.0	0.0	5996544				e3b0c44298fc1c149afbf4c8996fb92427ae41e4649b934ca495991b7852b855	0	/mnt/c/Users/genom/GitHub/LOSAT/docs/wasm-performance/PR01/cold/tblastx/pr01_tblastx_no_hit/native-1/repeat-0/output.txt	
cold	tblastx	pr01_tblastx_no_hit	native	1				1	True	False	cold-process-through-teardown	PASS	PASS	PASS	PASS	0	2026-09-05T05:58:38Z	0.036001128999487264	0.0	0.0	6041600				e3b0c44298fc1c149afbf4c8996fb92427ae41e4649b934ca495991b7852b855	0	/mnt/c/Users/genom/GitHub/LOSAT/docs/wasm-performance/PR01/cold/tblastx/pr01_tblastx_no_hit/native-1/repeat-1/output.txt	
cold	tblastx	pr01_tblastx_no_hit	native	1				2	True	False	cold-process-through-teardown	PASS	PASS	PASS	PASS	0	2026-09-05T05:58:38Z	0.04913957200187724	0.0	0.0	6103040				e3b0c44298fc1c149afbf4c8996fb92427ae41e4649b934ca495991b7852b855	0	/mnt/c/Users/genom/GitHub/LOSAT/docs/wasm-performance/PR01/cold/tblastx/pr01_tblastx_no_hit/native-1/repeat-2/output.txt	
cold	tblastx	pr01_tblastx_no_hit	native	1				3	True	False	cold-process-through-teardown	PASS	PASS	PASS	PASS	0	2026-09-05T05:58:38Z	0.05770576500071911	0.0	0.0	6053888				e3b0c44298fc1c149afbf4c8996fb92427ae41e4649b934ca495991b7852b855	0	/mnt/c/Users/genom/GitHub/LOSAT/docs/wasm-performance/PR01/cold/tblastx/pr01_tblastx_no_hit/native-1/repeat-3/output.txt	
cold	tblastx	pr01_tblastx_no_hit	native	1				4	True	False	cold-process-through-teardown	PASS	PASS	PASS	PASS	0	2026-09-05T05:58:38Z	0.03664258899880224	0.0	0.0	6049792				e3b0c44298fc1c149afbf4c8996fb92427ae41e4649b934ca495991b7852b855	0	/mnt/c/Users/genom/GitHub/LOSAT/docs/wasm-performance/PR01/cold/tblastx/pr01_tblastx_no_hit/native-1/repeat-4/output.txt	
cold	tblastx	pr01_tblastx_no_hit	native	1				5	True	False	cold-process-through-teardown	PASS	PASS	PASS	PASS	0	2026-09-05T05:58:38Z	0.045715592001215555	0.0	0.0	5976064				e3b0c44298fc1c149afbf4c8996fb92427ae41e4649b934ca495991b7852b855	0	/mnt/c/Users/genom/GitHub/LOSAT/docs/wasm-performance/PR01/cold/tblastx/pr01_tblastx_no_hit/native-1/repeat-5/output.txt	
cold	tblastx	pr01_tblastx_no_hit	native	1				6	False	True	cold-process-through-teardown	PASS	PASS	PASS	PASS	0	2026-09-05T05:58:38Z	0.0357942099981301	0.0	0.0	6082560				e3b0c44298fc1c149afbf4c8996fb92427ae41e4649b934ca495991b7852b855	0	/mnt/c/Users/genom/GitHub/LOSAT/docs/wasm-performance/PR01/cold/tblastx/pr01_tblastx_no_hit/native-1/diagnostic/output.txt	
cold	tblastx	pr01_tblastx_no_hit	native	2				0	False	False	cold-process-through-teardown	PASS	PASS	PASS	PASS	0	2026-09-05T05:58:39Z	0.04643837999901734	0.0	0.0	6017024				e3b0c44298fc1c149afbf4c8996fb92427ae41e4649b934ca495991b7852b855	0	/mnt/c/Users/genom/GitHub/LOSAT/docs/wasm-performance/PR01/cold/tblastx/pr01_tblastx_no_hit/native-2/repeat-0/output.txt	
cold	tblastx	pr01_tblastx_no_hit	native	2				1	True	False	cold-process-through-teardown	PASS	PASS	PASS	PASS	0	2026-09-05T05:58:39Z	0.05250902799889445	0.0	0.0	6127616				e3b0c44298fc1c149afbf4c8996fb92427ae41e4649b934ca495991b7852b855	0	/mnt/c/Users/genom/GitHub/LOSAT/docs/wasm-performance/PR01/cold/tblastx/pr01_tblastx_no_hit/native-2/repeat-1/output.txt	
cold	tblastx	pr01_tblastx_no_hit	native	2				2	True	False	cold-process-through-teardown	PASS	PASS	PASS	PASS	0	2026-09-05T05:58:39Z	0.034610293001605896	0.0	0.0	6135808				e3b0c44298fc1c149afbf4c8996fb92427ae41e4649b934ca495991b7852b855	0	/mnt/c/Users/genom/GitHub/LOSAT/docs/wasm-performance/PR01/cold/tblastx/pr01_tblastx_no_hit/native-2/repeat-2/output.txt	
cold	tblastx	pr01_tblastx_no_hit	native	2				3	True	False	cold-process-through-teardown	PASS	PASS	PASS	PASS	0	2026-09-05T05:58:39Z	0.05984179799997946	0.0	0.0	5992448				e3b0c44298fc1c149afbf4c8996fb92427ae41e4649b934ca495991b7852b855	0	/mnt/c/Users/genom/GitHub/LOSAT/docs/wasm-performance/PR01/cold/tblastx/pr01_tblastx_no_hit/native-2/repeat-3/output.txt	
cold	tblastx	pr01_tblastx_no_hit	native	2				4	True	False	cold-process-through-teardown	PASS	PASS	PASS	PASS	0	2026-09-05T05:58:40Z	0.036670357003458776	0.0	0.0	7069696				e3b0c44298fc1c149afbf4c8996fb92427ae41e4649b934ca495991b7852b855	0	/mnt/c/Users/genom/GitHub/LOSAT/docs/wasm-performance/PR01/cold/tblastx/pr01_tblastx_no_hit/native-2/repeat-4/output.txt	
cold	tblastx	pr01_tblastx_no_hit	native	2				5	True	False	cold-process-through-teardown	PASS	PASS	PASS	PASS	0	2026-09-05T05:58:40Z	0.02416395900218049	0.0	0.0	6025216				e3b0c44298fc1c149afbf4c8996fb92427ae41e4649b934ca495991b7852b855	0	/mnt/c/Users/genom/GitHub/LOSAT/docs/wasm-performance/PR01/cold/tblastx/pr01_tblastx_no_hit/native-2/repeat-5/output.txt	
cold	tblastx	pr01_tblastx_no_hit	native	2				6	False	True	cold-process-through-teardown	PASS	PASS	PASS	PASS	0	2026-09-05T05:58:40Z	0.03675458499856177	0.0	0.0	5988352				e3b0c44298fc1c149afbf4c8996fb92427ae41e4649b934ca495991b7852b855	0	/mnt/c/Users/genom/GitHub/LOSAT/docs/wasm-performance/PR01/cold/tblastx/pr01_tblastx_no_hit/native-2/diagnostic/output.txt	
cold	tblastx	pr01_tblastx_no_hit	native	4				0	False	False	cold-process-through-teardown	PASS	PASS	PASS	PASS	0	2026-09-05T05:58:40Z	0.053364313000201946	0.0	0.0	6033408				e3b0c44298fc1c149afbf4c8996fb92427ae41e4649b934ca495991b7852b855	0	/mnt/c/Users/genom/GitHub/LOSAT/docs/wasm-performance/PR01/cold/tblastx/pr01_tblastx_no_hit/native-4/repeat-0/output.txt	
cold	tblastx	pr01_tblastx_no_hit	native	4				1	True	False	cold-process-through-teardown	PASS	PASS	PASS	PASS	0	2026-09-05T05:58:40Z	0.0406773870017787	0.0	0.0	7086080				e3b0c44298fc1c149afbf4c8996fb92427ae41e4649b934ca495991b7852b855	0	/mnt/c/Users/genom/GitHub/LOSAT/docs/wasm-performance/PR01/cold/tblastx/pr01_tblastx_no_hit/native-4/repeat-1/output.txt	
cold	tblastx	pr01_tblastx_no_hit	native	4				2	True	False	cold-process-through-teardown	PASS	PASS	PASS	PASS	0	2026-09-05T05:58:41Z	0.03275064000263228	0.0	0.0	6148096				e3b0c44298fc1c149afbf4c8996fb92427ae41e4649b934ca495991b7852b855	0	/mnt/c/Users/genom/GitHub/LOSAT/docs/wasm-performance/PR01/cold/tblastx/pr01_tblastx_no_hit/native-4/repeat-2/output.txt	
cold	tblastx	pr01_tblastx_no_hit	native	4				3	True	False	cold-process-through-teardown	PASS	PASS	PASS	PASS	0	2026-09-05T05:58:41Z	0.062397313999099424	0.0	0.0	6139904				e3b0c44298fc1c149afbf4c8996fb92427ae41e4649b934ca495991b7852b855	0	/mnt/c/Users/genom/GitHub/LOSAT/docs/wasm-performance/PR01/cold/tblastx/pr01_tblastx_no_hit/native-4/repeat-3/output.txt	
cold	tblastx	pr01_tblastx_no_hit	native	4				4	True	False	cold-process-through-teardown	PASS	PASS	PASS	PASS	0	2026-09-05T05:58:41Z	0.049018010999134276	0.0	0.0	7385088				e3b0c44298fc1c149afbf4c8996fb92427ae41e4649b934ca495991b7852b855	0	/mnt/c/Users/genom/GitHub/LOSAT/docs/wasm-performance/PR01/cold/tblastx/pr01_tblastx_no_hit/native-4/repeat-4/output.txt	
cold	tblastx	pr01_tblastx_no_hit	native	4				5	True	False	cold-process-through-teardown	PASS	PASS	PASS	PASS	0	2026-09-05T05:58:41Z	0.03615198899933603	0.0	0.0	6238208				e3b0c44298fc1c149afbf4c8996fb92427ae41e4649b934ca495991b7852b855	0	/mnt/c/Users/genom/GitHub/LOSAT/docs/wasm-performance/PR01/cold/tblastx/pr01_tblastx_no_hit/native-4/repeat-5/output.txt	
cold	tblastx	pr01_tblastx_no_hit	native	4				6	False	True	cold-process-through-teardown	PASS	PASS	PASS	PASS	0	2026-09-05T05:58:41Z	0.04917468900021049	0.0	0.0	7061504				e3b0c44298fc1c149afbf4c8996fb92427ae41e4649b934ca495991b7852b855	0	/mnt/c/Users/genom/GitHub/LOSAT/docs/wasm-performance/PR01/cold/tblastx/pr01_tblastx_no_hit/native-4/diagnostic/output.txt	
cold	tblastx	pr01_tblastx_no_hit	native	8				0	False	False	cold-process-through-teardown	PASS	PASS	PASS	PASS	0	2026-09-05T05:58:42Z	0.061317054998653475	0.01	0.0	7487488				e3b0c44298fc1c149afbf4c8996fb92427ae41e4649b934ca495991b7852b855	0	/mnt/c/Users/genom/GitHub/LOSAT/docs/wasm-performance/PR01/cold/tblastx/pr01_tblastx_no_hit/native-8/repeat-0/output.txt	
cold	tblastx	pr01_tblastx_no_hit	native	8				1	True	False	cold-process-through-teardown	PASS	PASS	PASS	PASS	0	2026-09-05T05:58:42Z	0.04790054999830318	0.0	0.0	5976064				e3b0c44298fc1c149afbf4c8996fb92427ae41e4649b934ca495991b7852b855	0	/mnt/c/Users/genom/GitHub/LOSAT/docs/wasm-performance/PR01/cold/tblastx/pr01_tblastx_no_hit/native-8/repeat-1/output.txt	
cold	tblastx	pr01_tblastx_no_hit	native	8				2	True	False	cold-process-through-teardown	PASS	PASS	PASS	PASS	0	2026-09-05T05:58:42Z	0.04383543499716325	0.0	0.0	5955584				e3b0c44298fc1c149afbf4c8996fb92427ae41e4649b934ca495991b7852b855	0	/mnt/c/Users/genom/GitHub/LOSAT/docs/wasm-performance/PR01/cold/tblastx/pr01_tblastx_no_hit/native-8/repeat-2/output.txt	
cold	tblastx	pr01_tblastx_no_hit	native	8				3	True	False	cold-process-through-teardown	PASS	PASS	PASS	PASS	0	2026-09-05T05:58:42Z	0.043487784001627006	0.0	0.0	6246400				e3b0c44298fc1c149afbf4c8996fb92427ae41e4649b934ca495991b7852b855	0	/mnt/c/Users/genom/GitHub/LOSAT/docs/wasm-performance/PR01/cold/tblastx/pr01_tblastx_no_hit/native-8/repeat-3/output.txt	
cold	tblastx	pr01_tblastx_no_hit	native	8				4	True	False	cold-process-through-teardown	PASS	PASS	PASS	PASS	0	2026-09-05T05:58:42Z	0.025986405002186075	0.0	0.0	5976064				e3b0c44298fc1c149afbf4c8996fb92427ae41e4649b934ca495991b7852b855	0	/mnt/c/Users/genom/GitHub/LOSAT/docs/wasm-performance/PR01/cold/tblastx/pr01_tblastx_no_hit/native-8/repeat-4/output.txt	
cold	tblastx	pr01_tblastx_no_hit	native	8				5	True	False	cold-process-through-teardown	PASS	PASS	PASS	PASS	0	2026-09-05T05:58:43Z	0.035250986999017186	0.0	0.0	6176768				e3b0c44298fc1c149afbf4c8996fb92427ae41e4649b934ca495991b7852b855	0	/mnt/c/Users/genom/GitHub/LOSAT/docs/wasm-performance/PR01/cold/tblastx/pr01_tblastx_no_hit/native-8/repeat-5/output.txt	
cold	tblastx	pr01_tblastx_no_hit	native	8				6	False	True	cold-process-through-teardown	PASS	PASS	PASS	PASS	0	2026-09-05T05:58:43Z	0.07846022800003993	0.0	0.0	6115328				e3b0c44298fc1c149afbf4c8996fb92427ae41e4649b934ca495991b7852b855	0	/mnt/c/Users/genom/GitHub/LOSAT/docs/wasm-performance/PR01/cold/tblastx/pr01_tblastx_no_hit/native-8/diagnostic/output.txt	
cold	tblastx	pr01_tblastx_no_hit	serial	1	1			0	False	False	cold-process-through-teardown	PASS	PASS	PASS	PASS	0	2026-09-05T05:58:43Z	0.15026950600076816	0.14	0.02	85389312				e3b0c44298fc1c149afbf4c8996fb92427ae41e4649b934ca495991b7852b855	0	/mnt/c/Users/genom/GitHub/LOSAT/docs/wasm-performance/PR01/cold/tblastx/pr01_tblastx_no_hit/serial-1/repeat-0/output.txt	
cold	tblastx	pr01_tblastx_no_hit	serial	1	1			1	True	False	cold-process-through-teardown	PASS	PASS	PASS	PASS	0	2026-09-05T05:58:44Z	0.1891704910012777	0.17	0.0	82546688				e3b0c44298fc1c149afbf4c8996fb92427ae41e4649b934ca495991b7852b855	0	/mnt/c/Users/genom/GitHub/LOSAT/docs/wasm-performance/PR01/cold/tblastx/pr01_tblastx_no_hit/serial-1/repeat-1/output.txt	
cold	tblastx	pr01_tblastx_no_hit	serial	1	1			2	True	False	cold-process-through-teardown	PASS	PASS	PASS	PASS	0	2026-09-05T05:58:44Z	0.1779402879983536	0.15	0.01	84267008				e3b0c44298fc1c149afbf4c8996fb92427ae41e4649b934ca495991b7852b855	0	/mnt/c/Users/genom/GitHub/LOSAT/docs/wasm-performance/PR01/cold/tblastx/pr01_tblastx_no_hit/serial-1/repeat-2/output.txt	
cold	tblastx	pr01_tblastx_no_hit	serial	1	1			3	True	False	cold-process-through-teardown	PASS	PASS	PASS	PASS	0	2026-09-05T05:58:44Z	0.14312172100108	0.14	0.02	82219008				e3b0c44298fc1c149afbf4c8996fb92427ae41e4649b934ca495991b7852b855	0	/mnt/c/Users/genom/GitHub/LOSAT/docs/wasm-performance/PR01/cold/tblastx/pr01_tblastx_no_hit/serial-1/repeat-3/output.txt	
cold	tblastx	pr01_tblastx_no_hit	serial	1	1			4	True	False	cold-process-through-teardown	PASS	PASS	PASS	PASS	0	2026-09-05T05:58:45Z	0.1931174649980676	0.15	0.03	84520960				e3b0c44298fc1c149afbf4c8996fb92427ae41e4649b934ca495991b7852b855	0	/mnt/c/Users/genom/GitHub/LOSAT/docs/wasm-performance/PR01/cold/tblastx/pr01_tblastx_no_hit/serial-1/repeat-4/output.txt	
cold	tblastx	pr01_tblastx_no_hit	serial	1	1			5	True	False	cold-process-through-teardown	PASS	PASS	PASS	PASS	0	2026-09-05T05:58:45Z	0.23788921400046092	0.15	0.01	82268160				e3b0c44298fc1c149afbf4c8996fb92427ae41e4649b934ca495991b7852b855	0	/mnt/c/Users/genom/GitHub/LOSAT/docs/wasm-performance/PR01/cold/tblastx/pr01_tblastx_no_hit/serial-1/repeat-5/output.txt	
cold	tblastx	pr01_tblastx_no_hit	serial	1	1			6	False	True	cold-process-through-teardown	PASS	PASS	PASS	PASS	0	2026-09-05T05:58:45Z	0.22656094900230528	0.15	0.02	84103168				e3b0c44298fc1c149afbf4c8996fb92427ae41e4649b934ca495991b7852b855	0	/mnt/c/Users/genom/GitHub/LOSAT/docs/wasm-performance/PR01/cold/tblastx/pr01_tblastx_no_hit/serial-1/diagnostic/output.txt	
cold	tblastx	pr01_tblastx_no_hit	threaded	1				0	False	False	cold-process-through-teardown	PASS	PASS	PASS	PASS	0	2026-09-05T05:58:46Z	0.18107173399766907	0.17	0.0	87441408				e3b0c44298fc1c149afbf4c8996fb92427ae41e4649b934ca495991b7852b855	0	/mnt/c/Users/genom/GitHub/LOSAT/docs/wasm-performance/PR01/cold/tblastx/pr01_tblastx_no_hit/threaded-1/repeat-0/output.txt	
cold	tblastx	pr01_tblastx_no_hit	threaded	1				1	True	False	cold-process-through-teardown	PASS	PASS	PASS	PASS	0	2026-09-05T05:58:46Z	0.2249243509977532	0.17	0.01	87814144				e3b0c44298fc1c149afbf4c8996fb92427ae41e4649b934ca495991b7852b855	0	/mnt/c/Users/genom/GitHub/LOSAT/docs/wasm-performance/PR01/cold/tblastx/pr01_tblastx_no_hit/threaded-1/repeat-1/output.txt	
cold	tblastx	pr01_tblastx_no_hit	threaded	1				2	True	False	cold-process-through-teardown	PASS	PASS	PASS	PASS	0	2026-09-05T05:58:47Z	0.1679473969998071	0.14	0.03	85540864				e3b0c44298fc1c149afbf4c8996fb92427ae41e4649b934ca495991b7852b855	0	/mnt/c/Users/genom/GitHub/LOSAT/docs/wasm-performance/PR01/cold/tblastx/pr01_tblastx_no_hit/threaded-1/repeat-2/output.txt	
cold	tblastx	pr01_tblastx_no_hit	threaded	1				3	True	False	cold-process-through-teardown	PASS	PASS	PASS	PASS	0	2026-09-05T05:58:47Z	0.1576722619975044	0.17	0.0	86806528				e3b0c44298fc1c149afbf4c8996fb92427ae41e4649b934ca495991b7852b855	0	/mnt/c/Users/genom/GitHub/LOSAT/docs/wasm-performance/PR01/cold/tblastx/pr01_tblastx_no_hit/threaded-1/repeat-3/output.txt	
cold	tblastx	pr01_tblastx_no_hit	threaded	1				4	True	False	cold-process-through-teardown	PASS	PASS	PASS	PASS	0	2026-09-05T05:58:47Z	0.1850954820001789	0.15	0.02	89272320				e3b0c44298fc1c149afbf4c8996fb92427ae41e4649b934ca495991b7852b855	0	/mnt/c/Users/genom/GitHub/LOSAT/docs/wasm-performance/PR01/cold/tblastx/pr01_tblastx_no_hit/threaded-1/repeat-4/output.txt	
cold	tblastx	pr01_tblastx_no_hit	threaded	1				5	True	False	cold-process-through-teardown	PASS	PASS	PASS	PASS	0	2026-09-05T05:58:48Z	0.22838302300078794	0.17	0.02	85135360				e3b0c44298fc1c149afbf4c8996fb92427ae41e4649b934ca495991b7852b855	0	/mnt/c/Users/genom/GitHub/LOSAT/docs/wasm-performance/PR01/cold/tblastx/pr01_tblastx_no_hit/threaded-1/repeat-5/output.txt	
cold	tblastx	pr01_tblastx_no_hit	threaded	1	1	0		6	False	True	cold-process-through-teardown	PASS	PASS	PASS	PASS	0	2026-09-05T05:58:48Z	0.24610070600101608	0.15	0.03	86884352				e3b0c44298fc1c149afbf4c8996fb92427ae41e4649b934ca495991b7852b855	0	/mnt/c/Users/genom/GitHub/LOSAT/docs/wasm-performance/PR01/cold/tblastx/pr01_tblastx_no_hit/threaded-1/diagnostic/output.txt	
cold	tblastx	pr01_tblastx_no_hit	threaded	2				0	False	False	cold-process-through-teardown	PASS	PASS	PASS	PASS	0	2026-09-05T05:58:48Z	0.18932405099985772	0.13	0.05	85917696				e3b0c44298fc1c149afbf4c8996fb92427ae41e4649b934ca495991b7852b855	0	/mnt/c/Users/genom/GitHub/LOSAT/docs/wasm-performance/PR01/cold/tblastx/pr01_tblastx_no_hit/threaded-2/repeat-0/output.txt	
cold	tblastx	pr01_tblastx_no_hit	threaded	2				1	True	False	cold-process-through-teardown	PASS	PASS	PASS	PASS	0	2026-09-05T05:58:49Z	0.19635146200016607	0.17	0.0	87101440				e3b0c44298fc1c149afbf4c8996fb92427ae41e4649b934ca495991b7852b855	0	/mnt/c/Users/genom/GitHub/LOSAT/docs/wasm-performance/PR01/cold/tblastx/pr01_tblastx_no_hit/threaded-2/repeat-1/output.txt	
cold	tblastx	pr01_tblastx_no_hit	threaded	2				2	True	False	cold-process-through-teardown	PASS	PASS	PASS	PASS	0	2026-09-05T05:58:49Z	0.16286271500212024	0.16	0.02	86228992				e3b0c44298fc1c149afbf4c8996fb92427ae41e4649b934ca495991b7852b855	0	/mnt/c/Users/genom/GitHub/LOSAT/docs/wasm-performance/PR01/cold/tblastx/pr01_tblastx_no_hit/threaded-2/repeat-2/output.txt	
cold	tblastx	pr01_tblastx_no_hit	threaded	2				3	True	False	cold-process-through-teardown	PASS	PASS	PASS	PASS	0	2026-09-05T05:58:49Z	0.1950319870011299	0.17	0.01	84860928				e3b0c44298fc1c149afbf4c8996fb92427ae41e4649b934ca495991b7852b855	0	/mnt/c/Users/genom/GitHub/LOSAT/docs/wasm-performance/PR01/cold/tblastx/pr01_tblastx_no_hit/threaded-2/repeat-3/output.txt	
cold	tblastx	pr01_tblastx_no_hit	threaded	2				4	True	False	cold-process-through-teardown	PASS	PASS	PASS	PASS	0	2026-09-05T05:58:50Z	0.19751235600051587	0.12	0.05	95375360				e3b0c44298fc1c149afbf4c8996fb92427ae41e4649b934ca495991b7852b855	0	/mnt/c/Users/genom/GitHub/LOSAT/docs/wasm-performance/PR01/cold/tblastx/pr01_tblastx_no_hit/threaded-2/repeat-4/output.txt	
cold	tblastx	pr01_tblastx_no_hit	threaded	2				5	True	False	cold-process-through-teardown	PASS	PASS	PASS	PASS	0	2026-09-05T05:58:50Z	0.20923002199924667	0.15	0.02	86646784				e3b0c44298fc1c149afbf4c8996fb92427ae41e4649b934ca495991b7852b855	0	/mnt/c/Users/genom/GitHub/LOSAT/docs/wasm-performance/PR01/cold/tblastx/pr01_tblastx_no_hit/threaded-2/repeat-5/output.txt	
cold	tblastx	pr01_tblastx_no_hit	threaded	2	1	0		6	False	True	cold-process-through-teardown	PASS	PASS	PASS	PASS	0	2026-09-05T05:58:50Z	0.22379414299939526	0.17	0.03	86417408				e3b0c44298fc1c149afbf4c8996fb92427ae41e4649b934ca495991b7852b855	0	/mnt/c/Users/genom/GitHub/LOSAT/docs/wasm-performance/PR01/cold/tblastx/pr01_tblastx_no_hit/threaded-2/diagnostic/output.txt	
cold	tblastx	pr01_tblastx_no_hit	threaded	4				0	False	False	cold-process-through-teardown	PASS	PASS	PASS	PASS	0	2026-09-05T05:58:51Z	0.2807453159985016	0.18	0.01	85610496				e3b0c44298fc1c149afbf4c8996fb92427ae41e4649b934ca495991b7852b855	0	/mnt/c/Users/genom/GitHub/LOSAT/docs/wasm-performance/PR01/cold/tblastx/pr01_tblastx_no_hit/threaded-4/repeat-0/output.txt	
cold	tblastx	pr01_tblastx_no_hit	threaded	4				1	True	False	cold-process-through-teardown	PASS	PASS	PASS	PASS	0	2026-09-05T05:58:52Z	0.17312624699843582	0.13	0.05	87347200				e3b0c44298fc1c149afbf4c8996fb92427ae41e4649b934ca495991b7852b855	0	/mnt/c/Users/genom/GitHub/LOSAT/docs/wasm-performance/PR01/cold/tblastx/pr01_tblastx_no_hit/threaded-4/repeat-1/output.txt	
cold	tblastx	pr01_tblastx_no_hit	threaded	4				2	True	False	cold-process-through-teardown	PASS	PASS	PASS	PASS	0	2026-09-05T05:58:52Z	0.2623446790021262	0.21	0.0	89284608				e3b0c44298fc1c149afbf4c8996fb92427ae41e4649b934ca495991b7852b855	0	/mnt/c/Users/genom/GitHub/LOSAT/docs/wasm-performance/PR01/cold/tblastx/pr01_tblastx_no_hit/threaded-4/repeat-2/output.txt	
cold	tblastx	pr01_tblastx_no_hit	threaded	4				3	True	False	cold-process-through-teardown	PASS	PASS	PASS	PASS	0	2026-09-05T05:58:52Z	0.26689843900021515	0.18	0.01	87195648				e3b0c44298fc1c149afbf4c8996fb92427ae41e4649b934ca495991b7852b855	0	/mnt/c/Users/genom/GitHub/LOSAT/docs/wasm-performance/PR01/cold/tblastx/pr01_tblastx_no_hit/threaded-4/repeat-3/output.txt	
cold	tblastx	pr01_tblastx_no_hit	threaded	4				4	True	False	cold-process-through-teardown	PASS	PASS	PASS	PASS	0	2026-09-05T05:58:53Z	0.2083536889986135	0.17	0.02	87654400				e3b0c44298fc1c149afbf4c8996fb92427ae41e4649b934ca495991b7852b855	0	/mnt/c/Users/genom/GitHub/LOSAT/docs/wasm-performance/PR01/cold/tblastx/pr01_tblastx_no_hit/threaded-4/repeat-4/output.txt	
cold	tblastx	pr01_tblastx_no_hit	threaded	4				5	True	False	cold-process-through-teardown	PASS	PASS	PASS	PASS	0	2026-09-05T05:58:53Z	0.22497614999883808	0.17	0.02	87576576				e3b0c44298fc1c149afbf4c8996fb92427ae41e4649b934ca495991b7852b855	0	/mnt/c/Users/genom/GitHub/LOSAT/docs/wasm-performance/PR01/cold/tblastx/pr01_tblastx_no_hit/threaded-4/repeat-5/output.txt	
cold	tblastx	pr01_tblastx_no_hit	threaded	4	1	0		6	False	True	cold-process-through-teardown	PASS	PASS	PASS	PASS	0	2026-09-05T05:58:54Z	0.2802732219970494	0.18	0.03	88764416				e3b0c44298fc1c149afbf4c8996fb92427ae41e4649b934ca495991b7852b855	0	/mnt/c/Users/genom/GitHub/LOSAT/docs/wasm-performance/PR01/cold/tblastx/pr01_tblastx_no_hit/threaded-4/diagnostic/output.txt	
cold	tblastx	pr01_tblastx_no_hit	threaded	8				0	False	False	cold-process-through-teardown	PASS	PASS	PASS	PASS	0	2026-09-05T05:58:54Z	0.26094671900136746	0.18	0.02	86863872				e3b0c44298fc1c149afbf4c8996fb92427ae41e4649b934ca495991b7852b855	0	/mnt/c/Users/genom/GitHub/LOSAT/docs/wasm-performance/PR01/cold/tblastx/pr01_tblastx_no_hit/threaded-8/repeat-0/output.txt	
cold	tblastx	pr01_tblastx_no_hit	threaded	8				1	True	False	cold-process-through-teardown	PASS	PASS	PASS	PASS	0	2026-09-05T05:58:55Z	0.250915526998142	0.17	0.02	84738048				e3b0c44298fc1c149afbf4c8996fb92427ae41e4649b934ca495991b7852b855	0	/mnt/c/Users/genom/GitHub/LOSAT/docs/wasm-performance/PR01/cold/tblastx/pr01_tblastx_no_hit/threaded-8/repeat-1/output.txt	
cold	tblastx	pr01_tblastx_no_hit	threaded	8				2	True	False	cold-process-through-teardown	PASS	PASS	PASS	PASS	0	2026-09-05T05:58:55Z	0.17318642999816802	0.14	0.04	87130112				e3b0c44298fc1c149afbf4c8996fb92427ae41e4649b934ca495991b7852b855	0	/mnt/c/Users/genom/GitHub/LOSAT/docs/wasm-performance/PR01/cold/tblastx/pr01_tblastx_no_hit/threaded-8/repeat-2/output.txt	
cold	tblastx	pr01_tblastx_no_hit	threaded	8				3	True	False	cold-process-through-teardown	PASS	PASS	PASS	PASS	0	2026-09-05T05:58:56Z	0.1867796470032772	0.17	0.02	87539712				e3b0c44298fc1c149afbf4c8996fb92427ae41e4649b934ca495991b7852b855	0	/mnt/c/Users/genom/GitHub/LOSAT/docs/wasm-performance/PR01/cold/tblastx/pr01_tblastx_no_hit/threaded-8/repeat-3/output.txt	
cold	tblastx	pr01_tblastx_no_hit	threaded	8				4	True	False	cold-process-through-teardown	PASS	PASS	PASS	PASS	0	2026-09-05T05:58:56Z	0.19683958899986465	0.18	0.0	88707072				e3b0c44298fc1c149afbf4c8996fb92427ae41e4649b934ca495991b7852b855	0	/mnt/c/Users/genom/GitHub/LOSAT/docs/wasm-performance/PR01/cold/tblastx/pr01_tblastx_no_hit/threaded-8/repeat-4/output.txt	
cold	tblastx	pr01_tblastx_no_hit	threaded	8				5	True	False	cold-process-through-teardown	PASS	PASS	PASS	PASS	0	2026-09-05T05:58:56Z	0.13958646299943211	0.18	0.0	86716416				e3b0c44298fc1c149afbf4c8996fb92427ae41e4649b934ca495991b7852b855	0	/mnt/c/Users/genom/GitHub/LOSAT/docs/wasm-performance/PR01/cold/tblastx/pr01_tblastx_no_hit/threaded-8/repeat-5/output.txt	
cold	tblastx	pr01_tblastx_no_hit	threaded	8	1	0		6	False	True	cold-process-through-teardown	PASS	PASS	PASS	PASS	0	2026-09-05T05:58:57Z	0.3300771309986885	0.18	0.04	88633344				e3b0c44298fc1c149afbf4c8996fb92427ae41e4649b934ca495991b7852b855	0	/mnt/c/Users/genom/GitHub/LOSAT/docs/wasm-performance/PR01/cold/tblastx/pr01_tblastx_no_hit/threaded-8/diagnostic/output.txt	
warm	blastn	PesePMNV.MjPMNV.task_blastn	serial	1	1			0	False	False	cached-module-new-instance-through-command-return	PASS				0		0.5655560089983046	0.698399	0.00576		116043776	116043776	29622272	fcd9236c7b02488d868feaf35166a472c73e9f9e6cc45fc6d7449a9edc7d4120	18573	/mnt/c/Users/genom/GitHub/LOSAT/docs/wasm-performance/PR01/warm/blastn/PesePMNV.MjPMNV.task_blastn/repeat-0.txt	
warm	blastn	PesePMNV.MjPMNV.task_blastn	serial	1	1			1	True	False	cached-module-new-instance-through-command-return	PASS				0		0.44186209299787876	0.451419	0.001099		129212416	137170944	29622272	fcd9236c7b02488d868feaf35166a472c73e9f9e6cc45fc6d7449a9edc7d4120	18573	/mnt/c/Users/genom/GitHub/LOSAT/docs/wasm-performance/PR01/warm/blastn/PesePMNV.MjPMNV.task_blastn/repeat-1.txt	
warm	blastn	PesePMNV.MjPMNV.task_blastn	serial	1	1			2	True	False	cached-module-new-instance-through-command-return	PASS				0		0.41813504699990156	0.418168	0		129224704	137170944	29622272	fcd9236c7b02488d868feaf35166a472c73e9f9e6cc45fc6d7449a9edc7d4120	18573	/mnt/c/Users/genom/GitHub/LOSAT/docs/wasm-performance/PR01/warm/blastn/PesePMNV.MjPMNV.task_blastn/repeat-2.txt	
warm	blastn	PesePMNV.MjPMNV.task_blastn	serial	1	1			3	True	False	cached-module-new-instance-through-command-return	PASS				0		0.4214693240001798	0.435796	0		128622592	153645056	29622272	fcd9236c7b02488d868feaf35166a472c73e9f9e6cc45fc6d7449a9edc7d4120	18573	/mnt/c/Users/genom/GitHub/LOSAT/docs/wasm-performance/PR01/warm/blastn/PesePMNV.MjPMNV.task_blastn/repeat-3.txt	
warm	blastn	PesePMNV.MjPMNV.task_blastn	serial	1	1			4	True	False	cached-module-new-instance-through-command-return	PASS				0		0.41942072100192307	0.423711	5.9e-05		130703360	155525120	29622272	fcd9236c7b02488d868feaf35166a472c73e9f9e6cc45fc6d7449a9edc7d4120	18573	/mnt/c/Users/genom/GitHub/LOSAT/docs/wasm-performance/PR01/warm/blastn/PesePMNV.MjPMNV.task_blastn/repeat-4.txt	
warm	blastn	PesePMNV.MjPMNV.task_blastn	serial	1	1			5	True	False	cached-module-new-instance-through-command-return	PASS				0		0.44073394099995494	0.430975	0.000292		130887680	155787264	29622272	fcd9236c7b02488d868feaf35166a472c73e9f9e6cc45fc6d7449a9edc7d4120	18573	/mnt/c/Users/genom/GitHub/LOSAT/docs/wasm-performance/PR01/warm/blastn/PesePMNV.MjPMNV.task_blastn/repeat-5.txt	
warm	blastn	EDL933.Sakai.megablast	serial	1	1			0	False	False	cached-module-new-instance-through-command-return	PASS				0		1.633788520000875	1.728439	0.071153		302981120	311828480	233439232	3a000ebc6294d85b000112cee74f8de78fd9e932532e8c07a17d84f6f1379b16	473434	/mnt/c/Users/genom/GitHub/LOSAT/docs/wasm-performance/PR01/warm/blastn/EDL933.Sakai.megablast/repeat-0.txt	
warm	blastn	EDL933.Sakai.megablast	serial	1	1			1	True	False	cached-module-new-instance-through-command-return	PASS				0		1.4359955930002033	1.327076	0.048157		303554560	392839168	233439232	3a000ebc6294d85b000112cee74f8de78fd9e932532e8c07a17d84f6f1379b16	473434	/mnt/c/Users/genom/GitHub/LOSAT/docs/wasm-performance/PR01/warm/blastn/EDL933.Sakai.megablast/repeat-1.txt	
warm	blastn	EDL933.Sakai.megablast	serial	1	1			2	True	False	cached-module-new-instance-through-command-return	PASS				0		1.443250135999173	1.315234	0.060111		302018560	392839168	233439232	3a000ebc6294d85b000112cee74f8de78fd9e932532e8c07a17d84f6f1379b16	473434	/mnt/c/Users/genom/GitHub/LOSAT/docs/wasm-performance/PR01/warm/blastn/EDL933.Sakai.megablast/repeat-2.txt	
warm	blastn	EDL933.Sakai.megablast	serial	1	1			3	True	False	cached-module-new-instance-through-command-return	PASS				0		1.3277513250000774	1.329694	0.021044		299606016	392839168	233439232	3a000ebc6294d85b000112cee74f8de78fd9e932532e8c07a17d84f6f1379b16	473434	/mnt/c/Users/genom/GitHub/LOSAT/docs/wasm-performance/PR01/warm/blastn/EDL933.Sakai.megablast/repeat-3.txt	
warm	blastn	EDL933.Sakai.megablast	serial	1	1			4	True	False	cached-module-new-instance-through-command-return	PASS				0		1.5072057130001486	1.358378	0.038982		299954176	392839168	233439232	3a000ebc6294d85b000112cee74f8de78fd9e932532e8c07a17d84f6f1379b16	473434	/mnt/c/Users/genom/GitHub/LOSAT/docs/wasm-performance/PR01/warm/blastn/EDL933.Sakai.megablast/repeat-4.txt	
warm	blastn	EDL933.Sakai.megablast	serial	1	1			5	True	False	cached-module-new-instance-through-command-return	PASS				0		1.357735376998782	1.344156	0.010584		300032000	392839168	233439232	3a000ebc6294d85b000112cee74f8de78fd9e932532e8c07a17d84f6f1379b16	473434	/mnt/c/Users/genom/GitHub/LOSAT/docs/wasm-performance/PR01/warm/blastn/EDL933.Sakai.megablast/repeat-5.txt	
warm	blastn	compact.multi_query.outfmt6	serial	1	1			0	False	False	cached-module-new-instance-through-command-return	PASS				0		0.021508537996560335	0.02342	0.000928		91672576	93315072	1769472	ac4a20b64c8da3eaea725ed09dc89880294f58e971b7207c943489faacdbe03e	154	/mnt/c/Users/genom/GitHub/LOSAT/docs/wasm-performance/PR01/warm/blastn/compact.multi_query.outfmt6/repeat-0.txt	
warm	blastn	compact.multi_query.outfmt6	serial	1	1			1	True	False	cached-module-new-instance-through-command-return	PASS				0		0.020734092999249696	0.021412	0.000318		89821184	109735936	1769472	ac4a20b64c8da3eaea725ed09dc89880294f58e971b7207c943489faacdbe03e	154	/mnt/c/Users/genom/GitHub/LOSAT/docs/wasm-performance/PR01/warm/blastn/compact.multi_query.outfmt6/repeat-1.txt	
warm	blastn	compact.multi_query.outfmt6	serial	1	1			2	True	False	cached-module-new-instance-through-command-return	PASS				0		0.010728946000337601	0.005649	0		91967488	109735936	1769472	ac4a20b64c8da3eaea725ed09dc89880294f58e971b7207c943489faacdbe03e	154	/mnt/c/Users/genom/GitHub/LOSAT/docs/wasm-performance/PR01/warm/blastn/compact.multi_query.outfmt6/repeat-2.txt	
warm	blastn	compact.multi_query.outfmt6	serial	1	1			3	True	False	cached-module-new-instance-through-command-return	PASS				0		0.012181347001343965	0.00496	0		96825344	109735936	1769472	ac4a20b64c8da3eaea725ed09dc89880294f58e971b7207c943489faacdbe03e	154	/mnt/c/Users/genom/GitHub/LOSAT/docs/wasm-performance/PR01/warm/blastn/compact.multi_query.outfmt6/repeat-3.txt	
warm	blastn	compact.multi_query.outfmt6	serial	1	1			4	True	False	cached-module-new-instance-through-command-return	PASS				0		0.015284910999238491	0.006107	0		93167616	109735936	1769472	ac4a20b64c8da3eaea725ed09dc89880294f58e971b7207c943489faacdbe03e	154	/mnt/c/Users/genom/GitHub/LOSAT/docs/wasm-performance/PR01/warm/blastn/compact.multi_query.outfmt6/repeat-4.txt	
warm	blastn	compact.multi_query.outfmt6	serial	1	1			5	True	False	cached-module-new-instance-through-command-return	PASS				0		0.013805568996816873	0.008219	0		93974528	109735936	1769472	ac4a20b64c8da3eaea725ed09dc89880294f58e971b7207c943489faacdbe03e	154	/mnt/c/Users/genom/GitHub/LOSAT/docs/wasm-performance/PR01/warm/blastn/compact.multi_query.outfmt6/repeat-5.txt	
warm	blastn	compact.multi_query.no_hit.outfmt7	serial	1	1			0	False	False	cached-module-new-instance-through-command-return	PASS				0		0.015185513999313116	0.01283	0.008425		76058624	77684736	1769472	b5813f5d8b0ce88287d41333ae5540c3dfd2846069ddb2e4955d64e39dc45d3a	492	/mnt/c/Users/genom/GitHub/LOSAT/docs/wasm-performance/PR01/warm/blastn/compact.multi_query.no_hit.outfmt7/repeat-0.txt	
warm	blastn	compact.multi_query.no_hit.outfmt7	serial	1	1			1	True	False	cached-module-new-instance-through-command-return	PASS				0		0.01374770800024271	0.018317	0		92041216	92041216	1769472	b5813f5d8b0ce88287d41333ae5540c3dfd2846069ddb2e4955d64e39dc45d3a	492	/mnt/c/Users/genom/GitHub/LOSAT/docs/wasm-performance/PR01/warm/blastn/compact.multi_query.no_hit.outfmt7/repeat-1.txt	
warm	blastn	compact.multi_query.no_hit.outfmt7	serial	1	1			2	True	False	cached-module-new-instance-through-command-return	PASS				0		0.009624722000211477	0.008766	0		75853824	92852224	1769472	b5813f5d8b0ce88287d41333ae5540c3dfd2846069ddb2e4955d64e39dc45d3a	492	/mnt/c/Users/genom/GitHub/LOSAT/docs/wasm-performance/PR01/warm/blastn/compact.multi_query.no_hit.outfmt7/repeat-2.txt	
warm	blastn	compact.multi_query.no_hit.outfmt7	serial	1	1			3	True	False	cached-module-new-instance-through-command-return	PASS				0		0.012123785998672247	0.009802	0		80977920	92852224	1769472	b5813f5d8b0ce88287d41333ae5540c3dfd2846069ddb2e4955d64e39dc45d3a	492	/mnt/c/Users/genom/GitHub/LOSAT/docs/wasm-performance/PR01/warm/blastn/compact.multi_query.no_hit.outfmt7/repeat-3.txt	
warm	blastn	compact.multi_query.no_hit.outfmt7	serial	1	1			4	True	False	cached-module-new-instance-through-command-return	PASS				0		0.01517433499917388	0.007341	0		81752064	92852224	1769472	b5813f5d8b0ce88287d41333ae5540c3dfd2846069ddb2e4955d64e39dc45d3a	492	/mnt/c/Users/genom/GitHub/LOSAT/docs/wasm-performance/PR01/warm/blastn/compact.multi_query.no_hit.outfmt7/repeat-4.txt	
warm	blastn	compact.multi_query.no_hit.outfmt7	serial	1	1			5	True	False	cached-module-new-instance-through-command-return	PASS				0		0.013886109001934528	0.009756	0		86056960	92852224	1769472	b5813f5d8b0ce88287d41333ae5540c3dfd2846069ddb2e4955d64e39dc45d3a	492	/mnt/c/Users/genom/GitHub/LOSAT/docs/wasm-performance/PR01/warm/blastn/compact.multi_query.no_hit.outfmt7/repeat-5.txt	
warm	blastp	pairwise_default_serial	serial	1	1			0	False	False	cached-module-new-instance-through-command-return	PASS				0		1.1851629370003938	1.333224	0.050904		99291136	121110528	23658496	fd4b010800e32ce6c823cb38b42a10b7845f3342edae892acccc8f554f9edf34	29641	/mnt/c/Users/genom/GitHub/LOSAT/docs/wasm-performance/PR01/warm/blastp/pairwise_default_serial/repeat-0.txt	
warm	blastp	pairwise_default_serial	serial	1	1			1	True	False	cached-module-new-instance-through-command-return	PASS				0		1.1512932779975236	1.142374	0.000274		120246272	121110528	23658496	fd4b010800e32ce6c823cb38b42a10b7845f3342edae892acccc8f554f9edf34	29641	/mnt/c/Users/genom/GitHub/LOSAT/docs/wasm-performance/PR01/warm/blastp/pairwise_default_serial/repeat-1.txt	
warm	blastp	pairwise_default_serial	serial	1	1			2	True	False	cached-module-new-instance-through-command-return	PASS				0		1.1647742710001767	1.143933	0.000309		120467456	134262784	23658496	fd4b010800e32ce6c823cb38b42a10b7845f3342edae892acccc8f554f9edf34	29641	/mnt/c/Users/genom/GitHub/LOSAT/docs/wasm-performance/PR01/warm/blastp/pairwise_default_serial/repeat-2.txt	
warm	blastp	pairwise_default_serial	serial	1	1			3	True	False	cached-module-new-instance-through-command-return	PASS				0		1.1632112459987403	1.14586	0.000187		120635392	143196160	23658496	fd4b010800e32ce6c823cb38b42a10b7845f3342edae892acccc8f554f9edf34	29641	/mnt/c/Users/genom/GitHub/LOSAT/docs/wasm-performance/PR01/warm/blastp/pairwise_default_serial/repeat-3.txt	
warm	blastp	pairwise_default_serial	serial	1	1			4	True	False	cached-module-new-instance-through-command-return	PASS				0		1.160482866000384	1.131482	0.010209		143151104	143196160	23658496	fd4b010800e32ce6c823cb38b42a10b7845f3342edae892acccc8f554f9edf34	29641	/mnt/c/Users/genom/GitHub/LOSAT/docs/wasm-performance/PR01/warm/blastp/pairwise_default_serial/repeat-4.txt	
warm	blastp	pairwise_default_serial	serial	1	1			5	True	False	cached-module-new-instance-through-command-return	PASS				0		1.1811403899975121	1.178777	0.00031		141930496	153419776	23658496	fd4b010800e32ce6c823cb38b42a10b7845f3342edae892acccc8f554f9edf34	29641	/mnt/c/Users/genom/GitHub/LOSAT/docs/wasm-performance/PR01/warm/blastp/pairwise_default_serial/repeat-5.txt	
warm	blastp	all_hsp_self_serial	serial	1	1			0	False	False	cached-module-new-instance-through-command-return	PASS				0		1.593024920001626	1.734026	0.049822		101122048	126038016	23592960	67911f4a93327e9622afe10d15a66d9e52ae8e1c3d905db9ca5fb018d6612e46	35004	/mnt/c/Users/genom/GitHub/LOSAT/docs/wasm-performance/PR01/warm/blastp/all_hsp_self_serial/repeat-0.txt	
warm	blastp	all_hsp_self_serial	serial	1	1			1	True	False	cached-module-new-instance-through-command-return	PASS				0		1.5387286060005427	1.53291	0		122191872	126038016	23592960	67911f4a93327e9622afe10d15a66d9e52ae8e1c3d905db9ca5fb018d6612e46	35004	/mnt/c/Users/genom/GitHub/LOSAT/docs/wasm-performance/PR01/warm/blastp/all_hsp_self_serial/repeat-1.txt	
warm	blastp	all_hsp_self_serial	serial	1	1			2	True	False	cached-module-new-instance-through-command-return	PASS				0		1.5724773040004074	1.590444	3.2e-05		122585088	136208384	23592960	67911f4a93327e9622afe10d15a66d9e52ae8e1c3d905db9ca5fb018d6612e46	35004	/mnt/c/Users/genom/GitHub/LOSAT/docs/wasm-performance/PR01/warm/blastp/all_hsp_self_serial/repeat-2.txt	
warm	blastp	all_hsp_self_serial	serial	1	1			3	True	False	cached-module-new-instance-through-command-return	PASS				0		1.5660563229992985	1.569159	0.019908		122793984	145924096	23592960	67911f4a93327e9622afe10d15a66d9e52ae8e1c3d905db9ca5fb018d6612e46	35004	/mnt/c/Users/genom/GitHub/LOSAT/docs/wasm-performance/PR01/warm/blastp/all_hsp_self_serial/repeat-3.txt	
warm	blastp	all_hsp_self_serial	serial	1	1			4	True	False	cached-module-new-instance-through-command-return	PASS				0		1.590348938997835	1.564385	0.020024		145358848	145924096	23592960	67911f4a93327e9622afe10d15a66d9e52ae8e1c3d905db9ca5fb018d6612e46	35004	/mnt/c/Users/genom/GitHub/LOSAT/docs/wasm-performance/PR01/warm/blastp/all_hsp_self_serial/repeat-4.txt	
warm	blastp	all_hsp_self_serial	serial	1	1			5	True	False	cached-module-new-instance-through-command-return	PASS				0		1.5905835280008613	1.580584	0		144224256	155893760	23592960	67911f4a93327e9622afe10d15a66d9e52ae8e1c3d905db9ca5fb018d6612e46	35004	/mnt/c/Users/genom/GitHub/LOSAT/docs/wasm-performance/PR01/warm/blastp/all_hsp_self_serial/repeat-5.txt	
warm	tblastx	p03_mela_pemojnva	serial	1	1			0	False	False	cached-module-new-instance-through-command-return	PASS				0		10.064524470999837	10.197868	0.048913		145022976	165470208	67305472	bbef153094025db89dd4a69b2a3c4246b0b8853396fe740bc7e1bd654db105b6	351051	/mnt/c/Users/genom/GitHub/LOSAT/docs/wasm-performance/PR01/warm/tblastx/p03_mela_pemojnva/repeat-0.txt	
warm	tblastx	p03_mela_pemojnva	serial	1	1			1	True	False	cached-module-new-instance-through-command-return	PASS				0		7.091341247998178	7.083516	0.010449		144130048	210702336	67305472	bbef153094025db89dd4a69b2a3c4246b0b8853396fe740bc7e1bd654db105b6	351051	/mnt/c/Users/genom/GitHub/LOSAT/docs/wasm-performance/PR01/warm/tblastx/p03_mela_pemojnva/repeat-1.txt	
warm	tblastx	p03_mela_pemojnva	serial	1	1			2	True	False	cached-module-new-instance-through-command-return	PASS				0		7.218776489000767	7.225921	0.020178		143917056	210702336	67305472	bbef153094025db89dd4a69b2a3c4246b0b8853396fe740bc7e1bd654db105b6	351051	/mnt/c/Users/genom/GitHub/LOSAT/docs/wasm-performance/PR01/warm/tblastx/p03_mela_pemojnva/repeat-2.txt	
warm	tblastx	p03_mela_pemojnva	serial	1	1			3	True	False	cached-module-new-instance-through-command-return	PASS				0		7.1367812380008395	7.118129	0.040036		143974400	210702336	67305472	bbef153094025db89dd4a69b2a3c4246b0b8853396fe740bc7e1bd654db105b6	351051	/mnt/c/Users/genom/GitHub/LOSAT/docs/wasm-performance/PR01/warm/tblastx/p03_mela_pemojnva/repeat-3.txt	
warm	tblastx	p03_mela_pemojnva	serial	1	1			4	True	False	cached-module-new-instance-through-command-return	PASS				0		7.218303577002138	7.068967	0.019722		144023552	210702336	67305472	bbef153094025db89dd4a69b2a3c4246b0b8853396fe740bc7e1bd654db105b6	351051	/mnt/c/Users/genom/GitHub/LOSAT/docs/wasm-performance/PR01/warm/tblastx/p03_mela_pemojnva/repeat-4.txt	
warm	tblastx	p03_mela_pemojnva	serial	1	1			5	True	False	cached-module-new-instance-through-command-return	PASS				0		7.152940104000271	7.098979	0.019591		144052224	210702336	67305472	bbef153094025db89dd4a69b2a3c4246b0b8853396fe740bc7e1bd654db105b6	351051	/mnt/c/Users/genom/GitHub/LOSAT/docs/wasm-performance/PR01/warm/tblastx/p03_mela_pemojnva/repeat-5.txt	
warm	tblastx	p11_avclpv_psclpv							False			NOT_RUN																warm oracle gate TIMEOUT failed
warm	tblastx	p12_lc738874_lc738875_default	serial	1	1			0	False	False	cached-module-new-instance-through-command-return	PASS				0		9.885443418998271	10.068594	0.028429		141500416	154185728	67239936	86c05a04efb50e4026720e2d44fe2db2e6446f9594e174f3fde56931d09d5b49	321589	/mnt/c/Users/genom/GitHub/LOSAT/docs/wasm-performance/PR01/warm/tblastx/p12_lc738874_lc738875_default/repeat-0.txt	
warm	tblastx	p12_lc738874_lc738875_default	serial	1	1			1	True	False	cached-module-new-instance-through-command-return	PASS				0		7.027169266998768	6.991067	0.030137		140488704	207159296	67239936	86c05a04efb50e4026720e2d44fe2db2e6446f9594e174f3fde56931d09d5b49	321589	/mnt/c/Users/genom/GitHub/LOSAT/docs/wasm-performance/PR01/warm/tblastx/p12_lc738874_lc738875_default/repeat-1.txt	
warm	tblastx	p12_lc738874_lc738875_default	serial	1	1			2	True	False	cached-module-new-instance-through-command-return	PASS				0		7.197845990002155	7.138447	2.1e-05		140632064	207159296	67239936	86c05a04efb50e4026720e2d44fe2db2e6446f9594e174f3fde56931d09d5b49	321589	/mnt/c/Users/genom/GitHub/LOSAT/docs/wasm-performance/PR01/warm/tblastx/p12_lc738874_lc738875_default/repeat-2.txt	
warm	tblastx	p12_lc738874_lc738875_default	serial	1	1			3	True	False	cached-module-new-instance-through-command-return	PASS				0		7.083984935998917	6.961985	0.019757		140578816	207159296	67239936	86c05a04efb50e4026720e2d44fe2db2e6446f9594e174f3fde56931d09d5b49	321589	/mnt/c/Users/genom/GitHub/LOSAT/docs/wasm-performance/PR01/warm/tblastx/p12_lc738874_lc738875_default/repeat-3.txt	
warm	tblastx	p12_lc738874_lc738875_default	serial	1	1			4	True	False	cached-module-new-instance-through-command-return	PASS				0		7.006623110000044	6.956564	0.029939		140464128	207159296	67239936	86c05a04efb50e4026720e2d44fe2db2e6446f9594e174f3fde56931d09d5b49	321589	/mnt/c/Users/genom/GitHub/LOSAT/docs/wasm-performance/PR01/warm/tblastx/p12_lc738874_lc738875_default/repeat-4.txt	
warm	tblastx	p12_lc738874_lc738875_default	serial	1	1			5	True	False	cached-module-new-instance-through-command-return	PASS				0		7.039130680002272	6.994417	0.018172		140587008	207159296	67239936	86c05a04efb50e4026720e2d44fe2db2e6446f9594e174f3fde56931d09d5b49	321589	/mnt/c/Users/genom/GitHub/LOSAT/docs/wasm-performance/PR01/warm/tblastx/p12_lc738874_lc738875_default/repeat-5.txt	
warm	blastp	pr01_blastp_no_hit	serial	1	1			0	False	False	cached-module-new-instance-through-command-return	PASS				0		0.4314508110024035	0.50749	0.03772		97652736	125206528	24051712	e3b0c44298fc1c149afbf4c8996fb92427ae41e4649b934ca495991b7852b855	0	/mnt/c/Users/genom/GitHub/LOSAT/docs/wasm-performance/PR01/warm/blastp/pr01_blastp_no_hit/repeat-0.txt	
warm	blastp	pr01_blastp_no_hit	serial	1	1			1	True	False	cached-module-new-instance-through-command-return	PASS				0		0.4404498529992998	0.432288	0		119316480	125206528	24051712	e3b0c44298fc1c149afbf4c8996fb92427ae41e4649b934ca495991b7852b855	0	/mnt/c/Users/genom/GitHub/LOSAT/docs/wasm-performance/PR01/warm/blastp/pr01_blastp_no_hit/repeat-1.txt	
warm	blastp	pr01_blastp_no_hit	serial	1	1			2	True	False	cached-module-new-instance-through-command-return	PASS				0		0.41152826299890877	0.399696	0.010011		119234560	132792320	24051712	e3b0c44298fc1c149afbf4c8996fb92427ae41e4649b934ca495991b7852b855	0	/mnt/c/Users/genom/GitHub/LOSAT/docs/wasm-performance/PR01/warm/blastp/pr01_blastp_no_hit/repeat-2.txt	
warm	blastp	pr01_blastp_no_hit	serial	1	1			3	True	False	cached-module-new-instance-through-command-return	PASS				0		0.4213617289997637	0.391988	0.018818		142233600	142233600	24051712	e3b0c44298fc1c149afbf4c8996fb92427ae41e4649b934ca495991b7852b855	0	/mnt/c/Users/genom/GitHub/LOSAT/docs/wasm-performance/PR01/warm/blastp/pr01_blastp_no_hit/repeat-3.txt	
warm	blastp	pr01_blastp_no_hit	serial	1	1			4	True	False	cached-module-new-instance-through-command-return	PASS				0		0.4265983089990914	0.41431	0.000271		142204928	142233600	24051712	e3b0c44298fc1c149afbf4c8996fb92427ae41e4649b934ca495991b7852b855	0	/mnt/c/Users/genom/GitHub/LOSAT/docs/wasm-performance/PR01/warm/blastp/pr01_blastp_no_hit/repeat-4.txt	
warm	blastp	pr01_blastp_no_hit	serial	1	1			5	True	False	cached-module-new-instance-through-command-return	PASS				0		0.4284281579963863	0.416151	0.019838		141623296	151638016	24051712	e3b0c44298fc1c149afbf4c8996fb92427ae41e4649b934ca495991b7852b855	0	/mnt/c/Users/genom/GitHub/LOSAT/docs/wasm-performance/PR01/warm/blastp/pr01_blastp_no_hit/repeat-5.txt	
warm	tblastx	pr01_tblastx_no_hit	serial	1	1			0	False	False	cached-module-new-instance-through-command-return	PASS				0		0.0231998919993639	0.0275	0.008984		80502784	82345984	2818048	e3b0c44298fc1c149afbf4c8996fb92427ae41e4649b934ca495991b7852b855	0	/mnt/c/Users/genom/GitHub/LOSAT/docs/wasm-performance/PR01/warm/tblastx/pr01_tblastx_no_hit/repeat-0.txt	
warm	tblastx	pr01_tblastx_no_hit	serial	1	1			1	True	False	cached-module-new-instance-through-command-return	PASS				0		0.008969583999365567	0.023283	0		82083840	85909504	2818048	e3b0c44298fc1c149afbf4c8996fb92427ae41e4649b934ca495991b7852b855	0	/mnt/c/Users/genom/GitHub/LOSAT/docs/wasm-performance/PR01/warm/tblastx/pr01_tblastx_no_hit/repeat-1.txt	
warm	tblastx	pr01_tblastx_no_hit	serial	1	1			2	True	False	cached-module-new-instance-through-command-return	PASS				0		0.011461370002478362	0.023677	0		86433792	86433792	2818048	e3b0c44298fc1c149afbf4c8996fb92427ae41e4649b934ca495991b7852b855	0	/mnt/c/Users/genom/GitHub/LOSAT/docs/wasm-performance/PR01/warm/tblastx/pr01_tblastx_no_hit/repeat-2.txt	
warm	tblastx	pr01_tblastx_no_hit	serial	1	1			3	True	False	cached-module-new-instance-through-command-return	PASS				0		0.00812142799794674	0.013954	0		98865152	98865152	2818048	e3b0c44298fc1c149afbf4c8996fb92427ae41e4649b934ca495991b7852b855	0	/mnt/c/Users/genom/GitHub/LOSAT/docs/wasm-performance/PR01/warm/tblastx/pr01_tblastx_no_hit/repeat-3.txt	
warm	tblastx	pr01_tblastx_no_hit	serial	1	1			4	True	False	cached-module-new-instance-through-command-return	PASS				0		0.0075939279980957505	0.01436	0		99508224	99946496	2818048	e3b0c44298fc1c149afbf4c8996fb92427ae41e4649b934ca495991b7852b855	0	/mnt/c/Users/genom/GitHub/LOSAT/docs/wasm-performance/PR01/warm/tblastx/pr01_tblastx_no_hit/repeat-4.txt	
warm	tblastx	pr01_tblastx_no_hit	serial	1	1			5	True	False	cached-module-new-instance-through-command-return	PASS				0		0.0069954699985682964	0.017442	0.007425		105873408	105873408	2818048	e3b0c44298fc1c149afbf4c8996fb92427ae41e4649b934ca495991b7852b855	0	/mnt/c/Users/genom/GitHub/LOSAT/docs/wasm-performance/PR01/warm/tblastx/pr01_tblastx_no_hit/repeat-5.txt	
protected-profile	blastn	NZ_CP006932.NZ_CP006932.task_blastn	native	1				0	False	False	cold-process-through-teardown	PASS	PASS	PASS	PASS	0	2026-09-05T06:03:47Z	5.415552246999141	5.33	0.03	227385344				723d7a8f515cb6d853758d4ccc7054c7cebd3b84ef5932f816d7b9bed0bab8c3	994393	/mnt/c/Users/genom/GitHub/LOSAT/docs/wasm-performance/PR01/protected-profile/blastn/NZ_CP006932.NZ_CP006932.task_blastn/native-1/repeat-0/output.txt	
protected-profile	blastn	NZ_CP006932.NZ_CP006932.task_blastn	native	1				1	False	True	cold-process-through-teardown	PASS	PASS	PASS	PASS	0	2026-09-05T06:03:52Z	5.761404539000068	5.38	0.06	228323328				723d7a8f515cb6d853758d4ccc7054c7cebd3b84ef5932f816d7b9bed0bab8c3	994393	/mnt/c/Users/genom/GitHub/LOSAT/docs/wasm-performance/PR01/protected-profile/blastn/NZ_CP006932.NZ_CP006932.task_blastn/native-1/diagnostic/output.txt	
protected-profile	blastn	Sakai.MG1655.megablast	native	1				0	False	False	cold-process-through-teardown	PASS	PASS	PASS	PASS	0	2026-09-05T06:04:00Z	1.124796169999172	0.94	0.05	229199872				3f27c1f1396b59ecb7e78827b5da390e9c97a276c05cbc7a6c82f56bd0a03262	536922	/mnt/c/Users/genom/GitHub/LOSAT/docs/wasm-performance/PR01/protected-profile/blastn/Sakai.MG1655.megablast/native-1/repeat-0/output.txt	
protected-profile	blastn	Sakai.MG1655.megablast	native	1				1	False	True	cold-process-through-teardown	PASS	PASS	PASS	PASS	0	2026-09-05T06:04:01Z	1.229993839002418	0.92	0.05	228388864				3f27c1f1396b59ecb7e78827b5da390e9c97a276c05cbc7a6c82f56bd0a03262	536922	/mnt/c/Users/genom/GitHub/LOSAT/docs/wasm-performance/PR01/protected-profile/blastn/Sakai.MG1655.megablast/native-1/diagnostic/output.txt	
protected-profile	tblastx	p01_ap027280_self	native	1				0	False	False	cold-process-through-teardown	PASS	PASS	PASS	PASS	0	2026-09-05T06:04:26Z	31.524046390997682	31.31	0.07	122171392				845d15661c2a30fa69e01bcd8140792e55a1fa06bbb52181632680435a08eda8	3134850	/mnt/c/Users/genom/GitHub/LOSAT/docs/wasm-performance/PR01/protected-profile/tblastx/p01_ap027280_self/native-1/repeat-0/output.txt	
protected-profile	tblastx	p01_ap027280_self	native	1				1	False	True	cold-process-through-teardown	PASS	PASS	PASS	PASS	0	2026-09-05T06:04:58Z	32.24700988499899	31.79	0.03	121966592				845d15661c2a30fa69e01bcd8140792e55a1fa06bbb52181632680435a08eda8	3134850	/mnt/c/Users/genom/GitHub/LOSAT/docs/wasm-performance/PR01/protected-profile/tblastx/p01_ap027280_self/native-1/diagnostic/output.txt	
protected-profile	tblastx	d06_ap027131_ap027133_db4	native	1				0	False	False	cold-process-through-teardown	PASS	PASS	PASS	PASS	0	2026-09-05T06:06:21Z	51.68144042700078	51.6	0.05	183099392				719339294d0f22d0f415dd33106a0fd93c25ac372b1456d19d92390fce081df1	1028722	/mnt/c/Users/genom/GitHub/LOSAT/docs/wasm-performance/PR01/protected-profile/tblastx/d06_ap027131_ap027133_db4/native-1/repeat-0/output.txt	
protected-profile	tblastx	d06_ap027131_ap027133_db4	native	1				1	False	True	cold-process-through-teardown	PASS	PASS	PASS	PASS	0	2026-09-05T06:07:13Z	52.88772977300323	52.7	0.03	182722560				719339294d0f22d0f415dd33106a0fd93c25ac372b1456d19d92390fce081df1	1028722	/mnt/c/Users/genom/GitHub/LOSAT/docs/wasm-performance/PR01/protected-profile/tblastx/d06_ap027131_ap027133_db4/native-1/diagnostic/output.txt	
