input	task	reward	penalty	gaps	result	message
multi	blastn	1	-5	default	DIFF exit 3/0: stdout line 1: b'' / b'mq1\tmsA\t99.167\t600\t5\t0\t1\t600\t51\t650\t0.0\t1135'	BLAST engine error: Error: Gap existence and extension values 5 and 2 are not supported for substitution scores 1 and -5
multi	blastn	1	-5	2 2	DIFF exit 3/0: stdout line 1: b'' / b'mq1\tmsA\t99.167\t600\t5\t0\t1\t600\t51\t650\t0.0\t942'	BLAST engine error: Error: Gap existence and extension values 2 and 2 are not supported for substitution scores 1 and -5
multi	blastn	1	-5	5 2	DIFF exit 3/0: stdout line 1: b'' / b'mq1\tmsA\t99.167\t600\t5\t0\t1\t600\t51\t650\t0.0\t1135'	BLAST engine error: Error: Gap existence and extension values 5 and 2 are not supported for substitution scores 1 and -5
multi	blastn	1	-5	0 0	DIFF exit 1/0: stdout line 1: b'' / b'mq1\tmsA\t99.167\t600\t5\t0\t1\t600\t51\t650\t0.0\t1135'	BLAST query/options error: Greedy extension must be used if gap existence and extension options are zero
multi	blastn	1	-5	4 4	DIFF stdout line 1: b'mq1\tmsA\t99.167\t600\t5\t0\t1\t600\t51\t650\t0.0\t1139' / b'mq1\tmsA\t99.167\t600\t5\t0\t1\t600\t51\t650\t0.0\t1135'	
multi	blastn	1	-5	6 4	DIFF stdout line 1: b'mq1\tmsA\t99.167\t600\t5\t0\t1\t600\t51\t650\t0.0\t1139' / b'mq1\tmsA\t99.167\t600\t5\t0\t1\t600\t51\t650\t0.0\t1135'	
multi	blastn	1	-5	10 10	DIFF stdout line 1: b'mq1\tmsA\t99.167\t600\t5\t0\t1\t600\t51\t650\t0.0\t1139' / b'mq1\tmsA\t99.167\t600\t5\t0\t1\t600\t51\t650\t0.0\t1135'	
multi	blastn	1	-5	0 2	DIFF exit 3/0: stdout line 1: b'' / b'mq1\tmsA\t99.167\t600\t5\t0\t1\t600\t51\t650\t0.0\t1135'	BLAST engine error: Error: Gap existence and extension values 0 and 2 are not supported for substitution scores 1 and -5
multi	blastn	1	-5	3 0	DIFF exit 1/0: stdout line 1: b'' / b'mq1\tmsA\t99.167\t600\t5\t0\t1\t600\t51\t650\t0.0\t1135'	BLAST query/options error: BLASTN gap extension penalty cannot be 0
multi	blastn	1	-5	-1 2	DIFF exit 3/2: stderr line 1: b'BLAST engine error: Error: Gap existence and extension values -1 and 2 are not s' / b"error: invalid value '-1' for '-gapopen <GAP_OPEN>': expected an integer >= 0"	BLAST engine error: Error: Gap existence and extension values -1 and 2 are not supported for substitution scores 1 and -5
multi	blastn	1	-4	default	DIFF stdout line 1: b'mq1\tmsA\t99.167\t600\t5\t0\t1\t600\t51\t650\t0.0\t1147' / b'mq1\tmsA\t99.167\t600\t5\t0\t1\t600\t51\t650\t0.0\t2161'	
multi	blastn	1	-4	2 2	DIFF stdout line 1: b'mq1\tmsA\t99.167\t600\t5\t0\t1\t600\t51\t650\t0.0\t1147' / b'mq1\tmsA\t99.167\t600\t5\t0\t1\t600\t51\t650\t0.0\t2161'	
multi	blastn	1	-4	5 2	DIFF stdout line 1: b'mq1\tmsA\t99.167\t600\t5\t0\t1\t600\t51\t650\t0.0\t1147' / b'mq1\tmsA\t99.167\t600\t5\t0\t1\t600\t51\t650\t0.0\t2161'	
multi	blastn	1	-4	0 0	DIFF exit 1/0: stdout line 1: b'' / b'mq1\tmsA\t99.167\t600\t5\t0\t1\t600\t51\t650\t0.0\t2161'	BLAST query/options error: Greedy extension must be used if gap existence and extension options are zero
multi	blastn	1	-4	4 4	DIFF stdout line 1: b'mq1\tmsA\t99.167\t600\t5\t0\t1\t600\t51\t650\t0.0\t1147' / b'mq1\tmsA\t99.167\t600\t5\t0\t1\t600\t51\t650\t0.0\t2161'	
multi	blastn	1	-4	6 4	DIFF stdout line 1: b'mq1\tmsA\t99.167\t600\t5\t0\t1\t600\t51\t650\t0.0\t1147' / b'mq1\tmsA\t99.167\t600\t5\t0\t1\t600\t51\t650\t0.0\t2161'	
multi	blastn	1	-4	10 10	DIFF stdout line 1: b'mq1\tmsA\t99.167\t600\t5\t0\t1\t600\t51\t650\t0.0\t1147' / b'mq1\tmsA\t99.167\t600\t5\t0\t1\t600\t51\t650\t0.0\t2161'	
multi	blastn	1	-4	0 2	DIFF stdout line 1: b'mq1\tmsA\t99.167\t600\t5\t0\t1\t600\t51\t650\t0.0\t1046' / b'mq1\tmsA\t99.167\t600\t5\t0\t1\t600\t51\t650\t0.0\t2161'	
multi	blastn	1	-4	3 0	DIFF exit 1/0: stdout line 1: b'' / b'mq1\tmsA\t99.167\t600\t5\t0\t1\t600\t51\t650\t0.0\t2161'	BLAST query/options error: BLASTN gap extension penalty cannot be 0
multi	blastn	1	-4	-1 2	DIFF exit 3/2: stderr line 1: b'BLAST engine error: Error: Gap existence and extension values -1 and 2 are not s' / b"error: invalid value '-1' for '-gapopen <GAP_OPEN>': expected an integer >= 0"	BLAST engine error: Error: Gap existence and extension values -1 and 2 are not supported for substitution scores 1 and -4
multi	blastn	2	-7	default	DIFF exit 3/0: stdout line 1: b'' / b'mq1\tmsA\t99.167\t600\t5\t0\t1\t600\t51\t650\t0.0\t1150'	BLAST engine error: Error: Gap existence and extension values 5 and 2 are not supported for substitution scores 2 and -7
multi	blastn	2	-7	2 2	same	
multi	blastn	2	-7	5 2	DIFF exit 3/0: stdout line 1: b'' / b'mq1\tmsA\t99.167\t600\t5\t0\t1\t600\t51\t650\t0.0\t1150'	BLAST engine error: Error: Gap existence and extension values 5 and 2 are not supported for substitution scores 2 and -7
multi	blastn	2	-7	0 0	DIFF exit 1/0: stdout line 1: b'' / b'mq1\tmsA\t99.167\t600\t5\t0\t1\t600\t51\t650\t0.0\t1150'	BLAST query/options error: Greedy extension must be used if gap existence and extension options are zero
multi	blastn	2	-7	4 4	DIFF stdout line 2: b'mq1\tmsA\t100.000\t11\t0\t0\t27\t37\t88\t78\t0.27\t22.8' / b'mq1\tmsA\t100.000\t11\t0\t0\t27\t37\t88\t78\t0.36\t22.4'	
multi	blastn	2	-7	6 4	DIFF stdout line 2: b'mq1\tmsA\t100.000\t11\t0\t0\t27\t37\t88\t78\t0.27\t22.8' / b'mq1\tmsA\t100.000\t11\t0\t0\t27\t37\t88\t78\t0.36\t22.4'	
multi	blastn	2	-7	10 10	DIFF stdout line 2: b'mq1\tmsA\t100.000\t11\t0\t0\t27\t37\t88\t78\t0.27\t22.8' / b'mq1\tmsA\t100.000\t11\t0\t0\t27\t37\t88\t78\t0.36\t22.4'	
multi	blastn	2	-7	0 2	DIFF exit 3/0: stdout line 1: b'' / b'mq1\tmsA\t99.167\t600\t5\t0\t1\t600\t51\t650\t0.0\t1150'	BLAST engine error: Error: Gap existence and extension values 0 and 2 are not supported for substitution scores 2 and -7
multi	blastn	2	-7	3 0	DIFF exit 1/0: stdout line 1: b'' / b'mq1\tmsA\t99.167\t600\t5\t0\t1\t600\t51\t650\t0.0\t1150'	BLAST query/options error: BLASTN gap extension penalty cannot be 0
multi	blastn	2	-7	-1 2	DIFF exit 3/2: stderr line 1: b'BLAST engine error: Error: Gap existence and extension values -1 and 2 are not s' / b"error: invalid value '-1' for '-gapopen <GAP_OPEN>': expected an integer >= 0"	BLAST engine error: Error: Gap existence and extension values -1 and 2 are not supported for substitution scores 2 and -7
multi	blastn	1	-3	default	DIFF stdout line 1: b'mq1\tmsA\t99.167\t600\t5\t0\t1\t600\t51\t650\t0.0\t1150' / b'mq1\tmsA\t99.167\t600\t5\t0\t1\t600\t51\t650\t0.0\t1060'	
multi	blastn	1	-3	2 2	DIFF stdout line 1: b'mq1\tmsA\t99.167\t600\t5\t0\t1\t600\t51\t650\t0.0\t1146' / b'mq1\tmsA\t99.167\t600\t5\t0\t1\t600\t51\t650\t0.0\t875'	
multi	blastn	1	-3	5 2	DIFF stdout line 1: b'mq1\tmsA\t99.167\t600\t5\t0\t1\t600\t51\t650\t0.0\t1150' / b'mq1\tmsA\t99.167\t600\t5\t0\t1\t600\t51\t650\t0.0\t1060'	
multi	blastn	1	-3	0 0	DIFF exit 1/0: stdout line 1: b'' / b'mq1\tmsA\t99.167\t600\t5\t0\t1\t600\t51\t650\t0.0\t1060'	BLAST query/options error: Greedy extension must be used if gap existence and extension options are zero
multi	blastn	1	-3	4 4	DIFF stdout line 1: b'mq1\tmsA\t99.167\t600\t5\t0\t1\t600\t51\t650\t0.0\t1150' / b'mq1\tmsA\t99.167\t600\t5\t0\t1\t600\t51\t650\t0.0\t1069'	
multi	blastn	1	-3	6 4	DIFF stdout line 1: b'mq1\tmsA\t99.167\t600\t5\t0\t1\t600\t51\t650\t0.0\t1150' / b'mq1\tmsA\t99.167\t600\t5\t0\t1\t600\t51\t650\t0.0\t934'	
multi	blastn	1	-3	10 10	DIFF stdout line 1: b'mq1\tmsA\t99.167\t600\t5\t0\t1\t600\t51\t650\t0.0\t1150' / b'mq1\tmsA\t99.167\t600\t5\t0\t1\t600\t51\t650\t0.0\t934'	
multi	blastn	1	-3	0 2	DIFF stdout line 1: b'mq1\tmsA\t99.167\t600\t5\t0\t1\t600\t51\t650\t0.0\t1047' / b'mq1\tmsA\t99.167\t600\t5\t0\t1\t600\t51\t650\t0.0\t1060'	
multi	blastn	1	-3	3 0	DIFF exit 1/0: stdout line 1: b'' / b'mq1\tmsA\t99.167\t600\t5\t0\t1\t600\t51\t650\t0.0\t934'	BLAST query/options error: BLASTN gap extension penalty cannot be 0
multi	blastn	1	-3	-1 2	DIFF exit 3/2: stderr line 1: b'BLAST engine error: Error: Gap existence and extension values -1 and 2 are not s' / b"error: invalid value '-1' for '-gapopen <GAP_OPEN>': expected an integer >= 0"	BLAST engine error: Error: Gap existence and extension values -1 and 2 are not supported for substitution scores 1 and -3
multi	blastn	2	-5	default	DIFF exit 3/0: stdout line 1: b'' / b'mq1\tmsA\t99.167\t600\t5\t0\t1\t600\t51\t650\t0.0\t1135'	BLAST engine error: Error: Gap existence and extension values 5 and 2 are not supported for substitution scores 2 and -5
multi	blastn	2	-5	2 2	same	
multi	blastn	2	-5	5 2	DIFF exit 3/0: stdout line 1: b'' / b'mq1\tmsA\t99.167\t600\t5\t0\t1\t600\t51\t650\t0.0\t1135'	BLAST engine error: Error: Gap existence and extension values 5 and 2 are not supported for substitution scores 2 and -5
multi	blastn	2	-5	0 0	DIFF exit 1/0: stdout line 1: b'' / b'mq1\tmsA\t99.167\t600\t5\t0\t1\t600\t51\t650\t0.0\t1135'	BLAST query/options error: Greedy extension must be used if gap existence and extension options are zero
multi	blastn	2	-5	4 4	DIFF stdout line 1: b'mq1\tmsA\t99.167\t600\t5\t0\t1\t600\t51\t650\t0.0\t1144' / b'mq1\tmsA\t99.167\t600\t5\t0\t1\t600\t51\t650\t0.0\t1135'	
multi	blastn	2	-5	6 4	DIFF stdout line 1: b'mq1\tmsA\t99.167\t600\t5\t0\t1\t600\t51\t650\t0.0\t1144' / b'mq1\tmsA\t99.167\t600\t5\t0\t1\t600\t51\t650\t0.0\t1135'	
multi	blastn	2	-5	10 10	DIFF stdout line 1: b'mq1\tmsA\t99.167\t600\t5\t0\t1\t600\t51\t650\t0.0\t1144' / b'mq1\tmsA\t99.167\t600\t5\t0\t1\t600\t51\t650\t0.0\t1135'	
multi	blastn	2	-5	0 2	DIFF exit 3/0: stdout line 1: b'' / b'mq1\tmsA\t99.167\t600\t5\t0\t1\t600\t51\t650\t0.0\t1135'	BLAST engine error: Error: Gap existence and extension values 0 and 2 are not supported for substitution scores 2 and -5
multi	blastn	2	-5	3 0	DIFF exit 1/0: stdout line 1: b'' / b'mq1\tmsA\t99.167\t600\t5\t0\t1\t600\t51\t650\t0.0\t1135'	BLAST query/options error: BLASTN gap extension penalty cannot be 0
multi	blastn	2	-5	-1 2	DIFF exit 3/2: stderr line 1: b'BLAST engine error: Error: Gap existence and extension values -1 and 2 are not s' / b"error: invalid value '-1' for '-gapopen <GAP_OPEN>': expected an integer >= 0"	BLAST engine error: Error: Gap existence and extension values -1 and 2 are not supported for substitution scores 2 and -5
multi	blastn	1	-2	default	DIFF stdout line 1: b'mq1\tmsA\t99.167\t600\t5\t0\t1\t600\t51\t650\t0.0\t1125' / b'mq1\tmsA\t99.167\t600\t5\t0\t1\t600\t51\t650\t0.0\t1060'	
multi	blastn	1	-2	2 2	DIFF stdout line 1: b'mq1\tmsA\t99.167\t600\t5\t0\t1\t600\t51\t650\t0.0\t1123' / b'mq1\tmsA\t99.167\t600\t5\t0\t1\t600\t51\t650\t0.0\t875'	
multi	blastn	1	-2	5 2	DIFF stdout line 1: b'mq1\tmsA\t99.167\t600\t5\t0\t1\t600\t51\t650\t0.0\t1125' / b'mq1\tmsA\t99.167\t600\t5\t0\t1\t600\t51\t650\t0.0\t1060'	
multi	blastn	1	-2	0 0	DIFF exit 1/0: stdout line 1: b'' / b'mq1\tmsA\t99.167\t600\t5\t0\t1\t600\t51\t650\t0.0\t1060'	BLAST query/options error: Greedy extension must be used if gap existence and extension options are zero
multi	blastn	1	-2	4 4	DIFF stdout line 1: b'mq1\tmsA\t99.167\t600\t5\t0\t1\t600\t51\t650\t0.0\t1125' / b'mq1\tmsA\t99.167\t600\t5\t0\t1\t600\t51\t650\t0.0\t1069'	
multi	blastn	1	-2	6 4	DIFF stdout line 1: b'mq1\tmsA\t99.167\t600\t5\t0\t1\t600\t51\t650\t0.0\t1125' / b'mq1\tmsA\t99.167\t600\t5\t0\t1\t600\t51\t650\t0.0\t934'	
multi	blastn	1	-2	10 10	DIFF stdout line 1: b'mq1\tmsA\t99.167\t600\t5\t0\t1\t600\t51\t650\t0.0\t1125' / b'mq1\tmsA\t99.167\t600\t5\t0\t1\t600\t51\t650\t0.0\t934'	
multi	blastn	1	-2	0 2	DIFF stdout line 1: b'mq1\tmsA\t99.167\t600\t5\t0\t1\t600\t51\t650\t0.0\t1005' / b'mq1\tmsA\t99.167\t600\t5\t0\t1\t600\t51\t650\t0.0\t1060'	
multi	blastn	1	-2	3 0	DIFF exit 1/0: stdout line 1: b'' / b'mq1\tmsA\t99.167\t600\t5\t0\t1\t600\t51\t650\t0.0\t934'	BLAST query/options error: BLASTN gap extension penalty cannot be 0
multi	blastn	1	-2	-1 2	DIFF exit 3/2: stderr line 1: b'BLAST engine error: Error: Gap existence and extension values -1 and 2 are not s' / b"error: invalid value '-1' for '-gapopen <GAP_OPEN>': expected an integer >= 0"	BLAST engine error: Error: Gap existence and extension values -1 and 2 are not supported for substitution scores 1 and -2
multi	blastn	2	-3	default	same	
multi	blastn	2	-3	2 2	same	
multi	blastn	2	-3	5 2	same	
multi	blastn	2	-3	0 0	DIFF exit 1/0: stdout line 1: b'' / b'mq1\tmsA\t99.167\t600\t5\t0\t1\t600\t51\t650\t0.0\t1060'	BLAST query/options error: Greedy extension must be used if gap existence and extension options are zero
multi	blastn	2	-3	4 4	same	
multi	blastn	2	-3	6 4	DIFF stdout line 1: b'mq1\tmsA\t99.167\t600\t5\t0\t1\t600\t51\t650\t0.0\t1075' / b'mq1\tmsA\t99.167\t600\t5\t0\t1\t600\t51\t650\t0.0\t934'	
multi	blastn	2	-3	10 10	DIFF stdout line 1: b'mq1\tmsA\t99.167\t600\t5\t0\t1\t600\t51\t650\t0.0\t1075' / b'mq1\tmsA\t99.167\t600\t5\t0\t1\t600\t51\t650\t0.0\t934'	
multi	blastn	2	-3	0 2	DIFF exit 3/0: stdout line 1: b'' / b'mq1\tmsA\t99.167\t600\t5\t0\t1\t600\t51\t650\t0.0\t1060'	BLAST engine error: Error: Gap existence and extension values 0 and 2 are not supported for substitution scores 2 and -3
multi	blastn	2	-3	3 0	DIFF exit 1/0: stdout line 1: b'' / b'mq1\tmsA\t99.167\t600\t5\t0\t1\t600\t51\t650\t0.0\t934'	BLAST query/options error: BLASTN gap extension penalty cannot be 0
multi	blastn	2	-3	-1 2	DIFF exit 3/2: stderr line 1: b'BLAST engine error: Error: Gap existence and extension values -1 and 2 are not s' / b"error: invalid value '-1' for '-gapopen <GAP_OPEN>': expected an integer >= 0"	BLAST engine error: Error: Gap existence and extension values -1 and 2 are not supported for substitution scores 2 and -3
multi	blastn	3	-4	default	same	
multi	blastn	3	-4	2 2	DIFF exit 3/0: stdout line 1: b'' / b'mq1\tmsA\t99.167\t600\t5\t0\t1\t600\t51\t650\t0.0\t992'	BLAST engine error: Error: Gap existence and extension values 2 and 2 are not supported for substitution scores 3 and -4
multi	blastn	3	-4	5 2	same	
multi	blastn	3	-4	0 0	DIFF exit 1/0: stdout line 1: b'' / b'mq1\tmsA\t99.167\t600\t5\t0\t1\t600\t51\t650\t0.0\t843'	BLAST query/options error: Greedy extension must be used if gap existence and extension options are zero
multi	blastn	3	-4	4 4	DIFF exit 3/0: stdout line 1: b'' / b'mq1\tmsA\t99.167\t600\t5\t0\t1\t600\t51\t650\t0.0\t992'	BLAST engine error: Error: Gap existence and extension values 4 and 4 are not supported for substitution scores 3 and -4
multi	blastn	3	-4	6 4	DIFF stdout line 1: b'mq1\tmsA\t99.167\t600\t5\t0\t1\t600\t51\t650\t0.0\t1044' / b'mq1\tmsA\t99.167\t600\t5\t0\t1\t600\t51\t650\t0.0\t992'	
multi	blastn	3	-4	10 10	DIFF stdout line 1: b'mq1\tmsA\t99.167\t600\t5\t0\t1\t600\t51\t650\t0.0\t1044' / b'mq1\tmsA\t99.167\t600\t5\t0\t1\t600\t51\t650\t0.0\t992'	
multi	blastn	3	-4	0 2	DIFF exit 3/0: stdout line 1: b'' / b'mq1\tmsA\t99.167\t600\t5\t0\t1\t600\t51\t650\t0.0\t843'	BLAST engine error: Error: Gap existence and extension values 0 and 2 are not supported for substitution scores 3 and -4
multi	blastn	3	-4	3 0	DIFF exit 1/0: stdout line 1: b'' / b'mq1\tmsA\t99.167\t600\t5\t0\t1\t600\t51\t650\t0.0\t992'	BLAST query/options error: BLASTN gap extension penalty cannot be 0
multi	blastn	3	-4	-1 2	DIFF exit 3/2: stderr line 1: b'BLAST engine error: Error: Gap existence and extension values -1 and 2 are not s' / b"error: invalid value '-1' for '-gapopen <GAP_OPEN>': expected an integer >= 0"	BLAST engine error: Error: Gap existence and extension values -1 and 2 are not supported for substitution scores 3 and -4
multi	blastn	1	-1	default	DIFF stdout line 1: b'mq1\tmsA\t99.167\t600\t5\t0\t1\t600\t51\t650\t0.0\t936' / b'mq1\tmsA\t99.167\t600\t5\t0\t1\t600\t51\t650\t0.0\t2189'	
multi	blastn	1	-1	2 2	DIFF stdout line 1: b'mq1\tmsA\t99.167\t600\t5\t0\t1\t600\t51\t650\t0.0\t912' / b'mq1\tmsA\t99.167\t600\t5\t0\t1\t600\t51\t650\t0.0\t2189'	
multi	blastn	1	-1	5 2	DIFF stdout line 1: b'mq1\tmsA\t99.167\t600\t5\t0\t1\t600\t51\t650\t0.0\t936' / b'mq1\tmsA\t99.167\t600\t5\t0\t1\t600\t51\t650\t0.0\t2189'	
multi	blastn	1	-1	0 0	DIFF exit 1/0: stdout line 1: b'' / b'mq1\tmsA\t99.167\t600\t5\t0\t1\t600\t51\t650\t0.0\t2189'	BLAST query/options error: Greedy extension must be used if gap existence and extension options are zero
multi	blastn	1	-1	4 4	DIFF stdout line 1: b'mq1\tmsA\t99.167\t600\t5\t0\t1\t600\t51\t650\t0.0\t936' / b'mq1\tmsA\t99.167\t600\t5\t0\t1\t600\t51\t650\t0.0\t2189'	
multi	blastn	1	-1	6 4	DIFF stdout line 1: b'mq1\tmsA\t99.167\t600\t5\t0\t1\t600\t51\t650\t0.0\t936' / b'mq1\tmsA\t99.167\t600\t5\t0\t1\t600\t51\t650\t0.0\t2189'	
multi	blastn	1	-1	10 10	DIFF stdout line 1: b'mq1\tmsA\t99.167\t600\t5\t0\t1\t600\t51\t650\t0.0\t936' / b'mq1\tmsA\t99.167\t600\t5\t0\t1\t600\t51\t650\t0.0\t2189'	
multi	blastn	1	-1	0 2	DIFF stdout line 1: b'mq1\tmsA\t99.167\t600\t5\t0\t1\t600\t51\t650\t0.0\t684' / b'mq1\tmsA\t99.167\t600\t5\t0\t1\t600\t51\t650\t0.0\t2189'	
multi	blastn	1	-1	3 0	DIFF exit 1/0: stdout line 1: b'' / b'mq1\tmsA\t99.167\t600\t5\t0\t1\t600\t51\t650\t0.0\t2189'	BLAST query/options error: BLASTN gap extension penalty cannot be 0
multi	blastn	1	-1	-1 2	DIFF exit 3/2: stderr line 1: b'BLAST engine error: Error: Gap existence and extension values -1 and 2 are not s' / b"error: invalid value '-1' for '-gapopen <GAP_OPEN>': expected an integer >= 0"	BLAST engine error: Error: Gap existence and extension values -1 and 2 are not supported for substitution scores 1 and -1
multi	blastn	3	-2	default	DIFF exit 3/0: stdout line 1: b'' / b'mq1\tmsA\t99.167\t600\t5\t0\t1\t600\t51\t650\t0.0\t3269'	BLAST engine error: Error: Gap existence and extension values 5 and 2 are not supported for substitution scores 3 and -2
multi	blastn	3	-2	2 2	DIFF exit 3/0: stdout line 1: b'' / b'mq1\tmsA\t99.167\t600\t5\t0\t1\t600\t51\t650\t0.0\t3269'	BLAST engine error: Error: Gap existence and extension values 2 and 2 are not supported for substitution scores 3 and -2
multi	blastn	3	-2	5 2	DIFF exit 3/0: stdout line 1: b'' / b'mq1\tmsA\t99.167\t600\t5\t0\t1\t600\t51\t650\t0.0\t3269'	BLAST engine error: Error: Gap existence and extension values 5 and 2 are not supported for substitution scores 3 and -2
multi	blastn	3	-2	0 0	DIFF exit 1/0: stdout line 1: b'' / b'mq1\tmsA\t99.167\t600\t5\t0\t1\t600\t51\t650\t0.0\t3269'	BLAST query/options error: Greedy extension must be used if gap existence and extension options are zero
multi	blastn	3	-2	4 4	DIFF exit 3/0: stdout line 1: b'' / b'mq1\tmsA\t99.167\t600\t5\t0\t1\t600\t51\t650\t0.0\t3269'	BLAST engine error: Error: Gap existence and extension values 4 and 4 are not supported for substitution scores 3 and -2
multi	blastn	3	-2	6 4	DIFF exit 3/0: stdout line 1: b'' / b'mq1\tmsA\t99.167\t600\t5\t0\t1\t600\t51\t650\t0.0\t3269'	BLAST engine error: Error: Gap existence and extension values 6 and 4 are not supported for substitution scores 3 and -2
multi	blastn	3	-2	10 10	DIFF stdout line 1: b'mq1\tmsA\t99.167\t600\t5\t0\t1\t600\t51\t650\t0.0\t697' / b'mq1\tmsA\t99.167\t600\t5\t0\t1\t600\t51\t650\t0.0\t3269'	
multi	blastn	3	-2	0 2	DIFF exit 3/0: stdout line 1: b'' / b'mq1\tmsA\t99.167\t600\t5\t0\t1\t600\t51\t650\t0.0\t3269'	BLAST engine error: Error: Gap existence and extension values 0 and 2 are not supported for substitution scores 3 and -2
multi	blastn	3	-2	3 0	DIFF exit 1/0: stdout line 1: b'' / b'mq1\tmsA\t99.167\t600\t5\t0\t1\t600\t51\t650\t0.0\t3269'	BLAST query/options error: BLASTN gap extension penalty cannot be 0
multi	blastn	3	-2	-1 2	DIFF exit 3/2: stderr line 1: b'BLAST engine error: Error: Gap existence and extension values -1 and 2 are not s' / b"error: invalid value '-1' for '-gapopen <GAP_OPEN>': expected an integer >= 0"	BLAST engine error: Error: Gap existence and extension values -1 and 2 are not supported for substitution scores 3 and -2
multi	blastn	4	-5	default	DIFF exit 3/0: stdout line 1: b'' / b'mq1\tmsA\t99.167\t600\t5\t0\t1\t600\t51\t650\t0.0\t751'	BLAST engine error: Error: Gap existence and extension values 5 and 2 are not supported for substitution scores 4 and -5
multi	blastn	4	-5	2 2	DIFF exit 3/0: stdout line 1: b'' / b'mq1\tmsA\t99.167\t600\t5\t0\t1\t600\t51\t650\t0.0\t751'	BLAST engine error: Error: Gap existence and extension values 2 and 2 are not supported for substitution scores 4 and -5
multi	blastn	4	-5	5 2	DIFF exit 3/0: stdout line 1: b'' / b'mq1\tmsA\t99.167\t600\t5\t0\t1\t600\t51\t650\t0.0\t751'	BLAST engine error: Error: Gap existence and extension values 5 and 2 are not supported for substitution scores 4 and -5
multi	blastn	4	-5	0 0	DIFF exit 1/0: stdout line 1: b'' / b'mq1\tmsA\t99.167\t600\t5\t0\t1\t600\t51\t650\t0.0\t751'	BLAST query/options error: Greedy extension must be used if gap existence and extension options are zero
multi	blastn	4	-5	4 4	DIFF exit 3/0: stdout line 1: b'' / b'mq1\tmsA\t99.167\t600\t5\t0\t1\t600\t51\t650\t0.0\t751'	BLAST engine error: Error: Gap existence and extension values 4 and 4 are not supported for substitution scores 4 and -5
multi	blastn	4	-5	6 4	DIFF exit 3/0: stdout line 1: b'' / b'mq1\tmsA\t99.167\t600\t5\t0\t1\t600\t51\t650\t0.0\t751'	BLAST engine error: Error: Gap existence and extension values 6 and 4 are not supported for substitution scores 4 and -5
multi	blastn	4	-5	10 10	DIFF exit 3/0: stdout line 1: b'' / b'mq1\tmsA\t99.167\t600\t5\t0\t1\t600\t51\t650\t0.0\t751'	BLAST engine error: Error: Gap existence and extension values 10 and 10 are not supported for substitution scores 4 and -5
multi	blastn	4	-5	0 2	DIFF exit 3/0: stdout line 1: b'' / b'mq1\tmsA\t99.167\t600\t5\t0\t1\t600\t51\t650\t0.0\t751'	BLAST engine error: Error: Gap existence and extension values 0 and 2 are not supported for substitution scores 4 and -5
multi	blastn	4	-5	3 0	DIFF exit 1/0: stdout line 1: b'' / b'mq1\tmsA\t99.167\t600\t5\t0\t1\t600\t51\t650\t0.0\t751'	BLAST query/options error: BLASTN gap extension penalty cannot be 0
multi	blastn	4	-5	-1 2	DIFF exit 3/2: stderr line 1: b'BLAST engine error: Error: Gap existence and extension values -1 and 2 are not s' / b"error: invalid value '-1' for '-gapopen <GAP_OPEN>': expected an integer >= 0"	BLAST engine error: Error: Gap existence and extension values -1 and 2 are not supported for substitution scores 4 and -5
multi	blastn	5	-4	default	DIFF exit 3/0: stdout line 1: b'' / b'mq1\tmsA\t99.167\t600\t5\t0\t1\t600\t51\t650\t0.0\t698'	BLAST engine error: Error: Gap existence and extension values 5 and 2 are not supported for substitution scores 5 and -4
multi	blastn	5	-4	2 2	DIFF exit 3/0: stdout line 1: b'' / b'mq1\tmsA\t99.167\t600\t5\t0\t1\t600\t51\t650\t0.0\t698'	BLAST engine error: Error: Gap existence and extension values 2 and 2 are not supported for substitution scores 5 and -4
multi	blastn	5	-4	5 2	DIFF exit 3/0: stdout line 1: b'' / b'mq1\tmsA\t99.167\t600\t5\t0\t1\t600\t51\t650\t0.0\t698'	BLAST engine error: Error: Gap existence and extension values 5 and 2 are not supported for substitution scores 5 and -4
multi	blastn	5	-4	0 0	DIFF exit 1/0: stdout line 1: b'' / b'mq1\tmsA\t99.167\t600\t5\t0\t1\t600\t51\t650\t0.0\t698'	BLAST query/options error: Greedy extension must be used if gap existence and extension options are zero
multi	blastn	5	-4	4 4	DIFF exit 3/0: stdout line 1: b'' / b'mq1\tmsA\t99.167\t600\t5\t0\t1\t600\t51\t650\t0.0\t698'	BLAST engine error: Error: Gap existence and extension values 4 and 4 are not supported for substitution scores 5 and -4
multi	blastn	5	-4	6 4	DIFF exit 3/0: stdout line 1: b'' / b'mq1\tmsA\t99.167\t600\t5\t0\t1\t600\t51\t650\t0.0\t698'	BLAST engine error: Error: Gap existence and extension values 6 and 4 are not supported for substitution scores 5 and -4
multi	blastn	5	-4	10 10	DIFF exit 3/0: stdout line 1: b'' / b'mq1\tmsA\t99.167\t600\t5\t0\t1\t600\t51\t650\t0.0\t698'	BLAST engine error: Error: Gap existence and extension values 10 and 10 are not supported for substitution scores 5 and -4
multi	blastn	5	-4	0 2	DIFF exit 3/0: stdout line 1: b'' / b'mq1\tmsA\t99.167\t600\t5\t0\t1\t600\t51\t650\t0.0\t698'	BLAST engine error: Error: Gap existence and extension values 0 and 2 are not supported for substitution scores 5 and -4
multi	blastn	5	-4	3 0	DIFF exit 1/0: stdout line 1: b'' / b'mq1\tmsA\t99.167\t600\t5\t0\t1\t600\t51\t650\t0.0\t698'	BLAST query/options error: BLASTN gap extension penalty cannot be 0
multi	blastn	5	-4	-1 2	DIFF exit 3/2: stderr line 1: b'BLAST engine error: Error: Gap existence and extension values -1 and 2 are not s' / b"error: invalid value '-1' for '-gapopen <GAP_OPEN>': expected an integer >= 0"	BLAST engine error: Error: Gap existence and extension values -1 and 2 are not supported for substitution scores 5 and -4
multi	blastn	2	-2	default	DIFF exit 3/0: stdout line 1: b'' / b'mq1\tmsA\t99.167\t600\t5\t0\t1\t600\t51\t650\t0.0\t1060'	BLAST engine error: Error: Gap existence and extension values 5 and 2 are not supported for substitution scores 2 and -2
multi	blastn	2	-2	2 2	DIFF exit 3/0: stdout line 1: b'' / b'mq1\tmsA\t99.167\t600\t5\t0\t1\t600\t51\t650\t0.0\t875'	BLAST engine error: Error: Gap existence and extension values 2 and 2 are not supported for substitution scores 2 and -2
multi	blastn	2	-2	5 2	DIFF exit 3/0: stdout line 1: b'' / b'mq1\tmsA\t99.167\t600\t5\t0\t1\t600\t51\t650\t0.0\t1060'	BLAST engine error: Error: Gap existence and extension values 5 and 2 are not supported for substitution scores 2 and -2
multi	blastn	2	-2	0 0	DIFF exit 1/0: stdout line 1: b'' / b'mq1\tmsA\t99.167\t600\t5\t0\t1\t600\t51\t650\t0.0\t1060'	BLAST query/options error: Greedy extension must be used if gap existence and extension options are zero
multi	blastn	2	-2	4 4	DIFF stdout line 1: b'mq1\tmsA\t99.167\t600\t5\t0\t1\t600\t51\t650\t0.0\t912' / b'mq1\tmsA\t99.167\t600\t5\t0\t1\t600\t51\t650\t0.0\t1069'	
multi	blastn	2	-2	6 4	DIFF stdout line 1: b'mq1\tmsA\t99.167\t600\t5\t0\t1\t600\t51\t650\t0.0\t929' / b'mq1\tmsA\t99.167\t600\t5\t0\t1\t600\t51\t650\t0.0\t934'	
multi	blastn	2	-2	10 10	DIFF stdout line 1: b'mq1\tmsA\t99.167\t600\t5\t0\t1\t600\t51\t650\t0.0\t936' / b'mq1\tmsA\t99.167\t600\t5\t0\t1\t600\t51\t650\t0.0\t934'	
multi	blastn	2	-2	0 2	DIFF exit 3/0: stdout line 1: b'' / b'mq1\tmsA\t99.167\t600\t5\t0\t1\t600\t51\t650\t0.0\t1060'	BLAST engine error: Error: Gap existence and extension values 0 and 2 are not supported for substitution scores 2 and -2
multi	blastn	2	-2	3 0	DIFF exit 1/0: stdout line 1: b'' / b'mq1\tmsA\t99.167\t600\t5\t0\t1\t600\t51\t650\t0.0\t934'	BLAST query/options error: BLASTN gap extension penalty cannot be 0
multi	blastn	2	-2	-1 2	DIFF exit 3/2: stderr line 1: b'BLAST engine error: Error: Gap existence and extension values -1 and 2 are not s' / b"error: invalid value '-1' for '-gapopen <GAP_OPEN>': expected an integer >= 0"	BLAST engine error: Error: Gap existence and extension values -1 and 2 are not supported for substitution scores 2 and -2
multi	blastn	2	-4	default	DIFF exit 3/0: stdout line 1: b'' / b'mq1\tmsA\t99.167\t600\t5\t0\t1\t600\t51\t650\t0.0\t2161'	BLAST engine error: Error: Gap existence and extension values 5 and 2 are not supported for substitution scores 2 and -4
multi	blastn	2	-4	2 2	DIFF stdout line 1: b'mq1\tmsA\t99.167\t600\t5\t0\t1\t600\t51\t650\t0.0\t964' / b'mq1\tmsA\t99.167\t600\t5\t0\t1\t600\t51\t650\t0.0\t2161'	
multi	blastn	2	-4	5 2	DIFF exit 3/0: stdout line 1: b'' / b'mq1\tmsA\t99.167\t600\t5\t0\t1\t600\t51\t650\t0.0\t2161'	BLAST engine error: Error: Gap existence and extension values 5 and 2 are not supported for substitution scores 2 and -4
multi	blastn	2	-4	0 0	DIFF exit 1/0: stdout line 1: b'' / b'mq1\tmsA\t99.167\t600\t5\t0\t1\t600\t51\t650\t0.0\t2161'	BLAST query/options error: Greedy extension must be used if gap existence and extension options are zero
multi	blastn	2	-4	4 4	DIFF stdout line 1: b'mq1\tmsA\t99.167\t600\t5\t0\t1\t600\t51\t650\t0.0\t1123' / b'mq1\tmsA\t99.167\t600\t5\t0\t1\t600\t51\t650\t0.0\t2161'	
multi	blastn	2	-4	6 4	DIFF stdout line 1: b'mq1\tmsA\t99.167\t600\t5\t0\t1\t600\t51\t650\t0.0\t1125' / b'mq1\tmsA\t99.167\t600\t5\t0\t1\t600\t51\t650\t0.0\t2161'	
multi	blastn	2	-4	10 10	DIFF stdout line 1: b'mq1\tmsA\t99.167\t600\t5\t0\t1\t600\t51\t650\t0.0\t1125' / b'mq1\tmsA\t99.167\t600\t5\t0\t1\t600\t51\t650\t0.0\t2161'	
multi	blastn	2	-4	0 2	DIFF exit 3/0: stdout line 1: b'' / b'mq1\tmsA\t99.167\t600\t5\t0\t1\t600\t51\t650\t0.0\t2161'	BLAST engine error: Error: Gap existence and extension values 0 and 2 are not supported for substitution scores 2 and -4
multi	blastn	2	-4	3 0	DIFF exit 1/0: stdout line 1: b'' / b'mq1\tmsA\t99.167\t600\t5\t0\t1\t600\t51\t650\t0.0\t2161'	BLAST query/options error: BLASTN gap extension penalty cannot be 0
multi	blastn	2	-4	-1 2	DIFF exit 3/2: stderr line 1: b'BLAST engine error: Error: Gap existence and extension values -1 and 2 are not s' / b"error: invalid value '-1' for '-gapopen <GAP_OPEN>': expected an integer >= 0"	BLAST engine error: Error: Gap existence and extension values -1 and 2 are not supported for substitution scores 2 and -4
multi	blastn	2	-6	default	DIFF exit 3/0: stdout line 1: b'' / b'mq1\tmsA\t99.167\t600\t5\t0\t1\t600\t51\t650\t0.0\t2143'	BLAST engine error: Error: Gap existence and extension values 5 and 2 are not supported for substitution scores 2 and -6
multi	blastn	2	-6	2 2	DIFF stdout line 1: b'mq1\tmsA\t99.167\t600\t5\t0\t1\t600\t51\t650\t0.0\t1014' / b'mq1\tmsA\t99.167\t600\t5\t0\t1\t600\t51\t650\t0.0\t2143'	
multi	blastn	2	-6	5 2	DIFF exit 3/0: stdout line 1: b'' / b'mq1\tmsA\t99.167\t600\t5\t0\t1\t600\t51\t650\t0.0\t2143'	BLAST engine error: Error: Gap existence and extension values 5 and 2 are not supported for substitution scores 2 and -6
multi	blastn	2	-6	0 0	DIFF exit 1/0: stdout line 1: b'' / b'mq1\tmsA\t99.167\t600\t5\t0\t1\t600\t51\t650\t0.0\t2143'	BLAST query/options error: Greedy extension must be used if gap existence and extension options are zero
multi	blastn	2	-6	4 4	DIFF stdout line 1: b'mq1\tmsA\t99.167\t600\t5\t0\t1\t600\t51\t650\t0.0\t1146' / b'mq1\tmsA\t99.167\t600\t5\t0\t1\t600\t51\t650\t0.0\t2143'	
multi	blastn	2	-6	6 4	DIFF stdout line 1: b'mq1\tmsA\t99.167\t600\t5\t0\t1\t600\t51\t650\t0.0\t1150' / b'mq1\tmsA\t99.167\t600\t5\t0\t1\t600\t51\t650\t0.0\t2143'	
multi	blastn	2	-6	10 10	DIFF stdout line 1: b'mq1\tmsA\t99.167\t600\t5\t0\t1\t600\t51\t650\t0.0\t1150' / b'mq1\tmsA\t99.167\t600\t5\t0\t1\t600\t51\t650\t0.0\t2143'	
multi	blastn	2	-6	0 2	DIFF exit 3/0: stdout line 1: b'' / b'mq1\tmsA\t99.167\t600\t5\t0\t1\t600\t51\t650\t0.0\t2143'	BLAST engine error: Error: Gap existence and extension values 0 and 2 are not supported for substitution scores 2 and -6
multi	blastn	2	-6	3 0	DIFF exit 1/0: stdout line 1: b'' / b'mq1\tmsA\t99.167\t600\t5\t0\t1\t600\t51\t650\t0.0\t2143'	BLAST query/options error: BLASTN gap extension penalty cannot be 0
multi	blastn	2	-6	-1 2	DIFF exit 3/2: stderr line 1: b'BLAST engine error: Error: Gap existence and extension values -1 and 2 are not s' / b"error: invalid value '-1' for '-gapopen <GAP_OPEN>': expected an integer >= 0"	BLAST engine error: Error: Gap existence and extension values -1 and 2 are not supported for substitution scores 2 and -6
multi	blastn	4	-6	default	DIFF exit 3/0: stdout line 1: b'' / b'mq1\tmsA\t99.167\t600\t5\t0\t1\t600\t51\t650\t0.0\t4340'	BLAST engine error: Error: Gap existence and extension values 5 and 2 are not supported for substitution scores 4 and -6
multi	blastn	4	-6	2 2	DIFF exit 3/0: stdout line 1: b'' / b'mq1\tmsA\t99.167\t600\t5\t0\t1\t600\t51\t650\t0.0\t4340'	BLAST engine error: Error: Gap existence and extension values 2 and 2 are not supported for substitution scores 4 and -6
multi	blastn	4	-6	5 2	DIFF exit 3/0: stdout line 1: b'' / b'mq1\tmsA\t99.167\t600\t5\t0\t1\t600\t51\t650\t0.0\t4340'	BLAST engine error: Error: Gap existence and extension values 5 and 2 are not supported for substitution scores 4 and -6
multi	blastn	4	-6	0 0	DIFF exit 1/0: stdout line 1: b'' / b'mq1\tmsA\t99.167\t600\t5\t0\t1\t600\t51\t650\t0.0\t4340'	BLAST query/options error: Greedy extension must be used if gap existence and extension options are zero
multi	blastn	4	-6	4 4	DIFF stdout line 1: b'mq1\tmsA\t99.167\t600\t5\t0\t1\t600\t51\t650\t0.0\t875' / b'mq1\tmsA\t99.167\t600\t5\t0\t1\t600\t51\t650\t0.0\t4340'	
multi	blastn	4	-6	6 4	DIFF exit 3/0: stdout line 1: b'' / b'mq1\tmsA\t99.167\t600\t5\t0\t1\t600\t51\t650\t0.0\t4340'	BLAST engine error: Error: Gap existence and extension values 6 and 4 are not supported for substitution scores 4 and -6
multi	blastn	4	-6	10 10	DIFF exit 3/0: stdout line 1: b'' / b'mq1\tmsA\t99.167\t600\t5\t0\t1\t600\t51\t650\t0.0\t4340'	BLAST engine error: Error: Gap existence and extension values 10 and 10 are not supported for substitution scores 4 and -6
multi	blastn	4	-6	0 2	DIFF exit 3/0: stdout line 1: b'' / b'mq1\tmsA\t99.167\t600\t5\t0\t1\t600\t51\t650\t0.0\t4340'	BLAST engine error: Error: Gap existence and extension values 0 and 2 are not supported for substitution scores 4 and -6
multi	blastn	4	-6	3 0	DIFF exit 1/0: stdout line 1: b'' / b'mq1\tmsA\t99.167\t600\t5\t0\t1\t600\t51\t650\t0.0\t4340'	BLAST query/options error: BLASTN gap extension penalty cannot be 0
multi	blastn	4	-6	-1 2	DIFF exit 3/2: stderr line 1: b'BLAST engine error: Error: Gap existence and extension values -1 and 2 are not s' / b"error: invalid value '-1' for '-gapopen <GAP_OPEN>': expected an integer >= 0"	BLAST engine error: Error: Gap existence and extension values -1 and 2 are not supported for substitution scores 4 and -6
multi	blastn	3	-6	default	DIFF exit 3/0: stdout line 1: b'' / b'mq1\tmsA\t99.167\t600\t5\t0\t1\t600\t51\t650\t0.0\t3241'	BLAST engine error: Error: Gap existence and extension values 5 and 2 are not supported for substitution scores 3 and -6
multi	blastn	3	-6	2 2	DIFF exit 3/0: stdout line 1: b'' / b'mq1\tmsA\t99.167\t600\t5\t0\t1\t600\t51\t650\t0.0\t3241'	BLAST engine error: Error: Gap existence and extension values 2 and 2 are not supported for substitution scores 3 and -6
multi	blastn	3	-6	5 2	DIFF exit 3/0: stdout line 1: b'' / b'mq1\tmsA\t99.167\t600\t5\t0\t1\t600\t51\t650\t0.0\t3241'	BLAST engine error: Error: Gap existence and extension values 5 and 2 are not supported for substitution scores 3 and -6
multi	blastn	3	-6	0 0	DIFF exit 1/0: stdout line 1: b'' / b'mq1\tmsA\t99.167\t600\t5\t0\t1\t600\t51\t650\t0.0\t3241'	BLAST query/options error: Greedy extension must be used if gap existence and extension options are zero
multi	blastn	3	-6	4 4	DIFF exit 3/0: stdout line 1: b'' / b'mq1\tmsA\t99.167\t600\t5\t0\t1\t600\t51\t650\t0.0\t3241'	BLAST engine error: Error: Gap existence and extension values 4 and 4 are not supported for substitution scores 3 and -6
multi	blastn	3	-6	6 4	DIFF exit 3/0: stdout line 1: b'' / b'mq1\tmsA\t99.167\t600\t5\t0\t1\t600\t51\t650\t0.0\t3241'	BLAST engine error: Error: Gap existence and extension values 6 and 4 are not supported for substitution scores 3 and -6
multi	blastn	3	-6	10 10	DIFF stdout line 1: b'mq1\tmsA\t99.167\t600\t5\t0\t1\t600\t51\t650\t0.0\t1125' / b'mq1\tmsA\t99.167\t600\t5\t0\t1\t600\t51\t650\t0.0\t3241'	
multi	blastn	3	-6	0 2	DIFF exit 3/0: stdout line 1: b'' / b'mq1\tmsA\t99.167\t600\t5\t0\t1\t600\t51\t650\t0.0\t3241'	BLAST engine error: Error: Gap existence and extension values 0 and 2 are not supported for substitution scores 3 and -6
multi	blastn	3	-6	3 0	DIFF exit 1/0: stdout line 1: b'' / b'mq1\tmsA\t99.167\t600\t5\t0\t1\t600\t51\t650\t0.0\t3241'	BLAST query/options error: BLASTN gap extension penalty cannot be 0
multi	blastn	3	-6	-1 2	DIFF exit 3/2: stderr line 1: b'BLAST engine error: Error: Gap existence and extension values -1 and 2 are not s' / b"error: invalid value '-1' for '-gapopen <GAP_OPEN>': expected an integer >= 0"	BLAST engine error: Error: Gap existence and extension values -1 and 2 are not supported for substitution scores 3 and -6
multi	blastn	4	-10	default	DIFF exit 3/0: stdout line 1: b'' / b'mq1\tmsA\t99.167\t600\t5\t0\t1\t600\t51\t650\t0.0\t4303'	BLAST engine error: Error: Gap existence and extension values 5 and 2 are not supported for substitution scores 4 and -10
multi	blastn	4	-10	2 2	DIFF exit 3/0: stdout line 1: b'' / b'mq1\tmsA\t98.347\t605\t0\t10\t1\t600\t51\t650\t0.0\t4322'	BLAST engine error: Error: Gap existence and extension values 2 and 2 are not supported for substitution scores 4 and -10
multi	blastn	4	-10	5 2	DIFF exit 3/0: stdout line 1: b'' / b'mq1\tmsA\t99.167\t600\t5\t0\t1\t600\t51\t650\t0.0\t4303'	BLAST engine error: Error: Gap existence and extension values 5 and 2 are not supported for substitution scores 4 and -10
multi	blastn	4	-10	0 0	DIFF exit 1/0: stdout line 1: b'' / b'mq1\tmsA\t99.167\t600\t5\t0\t1\t600\t51\t650\t0.0\t4303'	BLAST query/options error: Greedy extension must be used if gap existence and extension options are zero
multi	blastn	4	-10	4 4	DIFF stdout line 1: b'mq1\tmsA\t99.167\t600\t5\t0\t1\t600\t51\t650\t0.0\t942' / b'mq1\tmsA\t99.167\t600\t5\t0\t1\t600\t51\t650\t0.0\t4303'	
multi	blastn	4	-10	6 4	DIFF exit 3/0: stdout line 1: b'' / b'mq1\tmsA\t99.167\t600\t5\t0\t1\t600\t51\t650\t0.0\t4303'	BLAST engine error: Error: Gap existence and extension values 6 and 4 are not supported for substitution scores 4 and -10
multi	blastn	4	-10	10 10	DIFF stdout line 1: b'mq1\tmsA\t99.167\t600\t5\t0\t1\t600\t51\t650\t0.0\t1143' / b'mq1\tmsA\t99.167\t600\t5\t0\t1\t600\t51\t650\t0.0\t4303'	
multi	blastn	4	-10	0 2	DIFF exit 3/0: stdout line 1: b'' / b'mq1\tmsA\t99.167\t600\t5\t0\t1\t600\t51\t650\t0.0\t4303'	BLAST engine error: Error: Gap existence and extension values 0 and 2 are not supported for substitution scores 4 and -10
multi	blastn	4	-10	3 0	DIFF exit 1/0: stdout line 1: b'' / b'mq1\tmsA\t99.167\t600\t5\t0\t1\t600\t51\t650\t0.0\t4303'	BLAST query/options error: BLASTN gap extension penalty cannot be 0
multi	blastn	4	-10	-1 2	DIFF exit 3/2: stderr line 1: b'BLAST engine error: Error: Gap existence and extension values -1 and 2 are not s' / b"error: invalid value '-1' for '-gapopen <GAP_OPEN>': expected an integer >= 0"	BLAST engine error: Error: Gap existence and extension values -1 and 2 are not supported for substitution scores 4 and -10
multi	blastn	1	-6	default	DIFF exit 3/0: stdout line 1: b'' / b'mq1\tmsA\t99.167\t600\t5\t0\t1\t600\t51\t650\t0.0\t2143'	BLAST engine error: Error: Substitution scores 1 and -6 are not supported Error: Substitution scores 1 and -6 are not supported Error: Substitution scores 1 and
multi	blastn	1	-6	2 2	DIFF exit 3/0: stdout line 1: b'' / b'mq1\tmsA\t99.167\t600\t5\t0\t1\t600\t51\t650\t0.0\t2143'	BLAST engine error: Error: Substitution scores 1 and -6 are not supported Error: Substitution scores 1 and -6 are not supported Error: Substitution scores 1 and
multi	blastn	1	-6	5 2	DIFF exit 3/0: stdout line 1: b'' / b'mq1\tmsA\t99.167\t600\t5\t0\t1\t600\t51\t650\t0.0\t2143'	BLAST engine error: Error: Substitution scores 1 and -6 are not supported Error: Substitution scores 1 and -6 are not supported Error: Substitution scores 1 and
multi	blastn	1	-6	0 0	DIFF exit 1/0: stdout line 1: b'' / b'mq1\tmsA\t99.167\t600\t5\t0\t1\t600\t51\t650\t0.0\t2143'	BLAST query/options error: Greedy extension must be used if gap existence and extension options are zero
multi	blastn	1	-6	4 4	DIFF exit 3/0: stdout line 1: b'' / b'mq1\tmsA\t99.167\t600\t5\t0\t1\t600\t51\t650\t0.0\t2143'	BLAST engine error: Error: Substitution scores 1 and -6 are not supported Error: Substitution scores 1 and -6 are not supported Error: Substitution scores 1 and
multi	blastn	1	-6	6 4	DIFF exit 3/0: stdout line 1: b'' / b'mq1\tmsA\t99.167\t600\t5\t0\t1\t600\t51\t650\t0.0\t2143'	BLAST engine error: Error: Substitution scores 1 and -6 are not supported Error: Substitution scores 1 and -6 are not supported Error: Substitution scores 1 and
multi	blastn	1	-6	10 10	DIFF exit 3/0: stdout line 1: b'' / b'mq1\tmsA\t99.167\t600\t5\t0\t1\t600\t51\t650\t0.0\t2143'	BLAST engine error: Error: Substitution scores 1 and -6 are not supported Error: Substitution scores 1 and -6 are not supported Error: Substitution scores 1 and
multi	blastn	1	-6	0 2	DIFF exit 3/0: stdout line 1: b'' / b'mq1\tmsA\t99.167\t600\t5\t0\t1\t600\t51\t650\t0.0\t2143'	BLAST engine error: Error: Substitution scores 1 and -6 are not supported Error: Substitution scores 1 and -6 are not supported Error: Substitution scores 1 and
multi	blastn	1	-6	3 0	DIFF exit 1/0: stdout line 1: b'' / b'mq1\tmsA\t99.167\t600\t5\t0\t1\t600\t51\t650\t0.0\t2143'	BLAST query/options error: BLASTN gap extension penalty cannot be 0
multi	blastn	1	-6	-1 2	DIFF exit 3/2: stderr line 1: b'BLAST engine error: Error: Substitution scores 1 and -6 are not supported Error:' / b"error: invalid value '-1' for '-gapopen <GAP_OPEN>': expected an integer >= 0"	BLAST engine error: Error: Substitution scores 1 and -6 are not supported Error: Substitution scores 1 and -6 are not supported Error: Substitution scores 1 and
multi	blastn	3	-5	default	DIFF exit 3/0: stdout line 1: b'' / b'mq1\tmsA\t99.167\t600\t5\t0\t1\t600\t51\t650\t0.0\t3251'	BLAST engine error: Error: Substitution scores 3 and -5 are not supported Error: Substitution scores 3 and -5 are not supported Error: Substitution scores 3 and
multi	blastn	3	-5	2 2	DIFF exit 3/0: stdout line 1: b'' / b'mq1\tmsA\t99.167\t600\t5\t0\t1\t600\t51\t650\t0.0\t3251'	BLAST engine error: Error: Substitution scores 3 and -5 are not supported Error: Substitution scores 3 and -5 are not supported Error: Substitution scores 3 and
multi	blastn	3	-5	5 2	DIFF exit 3/0: stdout line 1: b'' / b'mq1\tmsA\t99.167\t600\t5\t0\t1\t600\t51\t650\t0.0\t3251'	BLAST engine error: Error: Substitution scores 3 and -5 are not supported Error: Substitution scores 3 and -5 are not supported Error: Substitution scores 3 and
multi	blastn	3	-5	0 0	DIFF exit 1/0: stdout line 1: b'' / b'mq1\tmsA\t99.167\t600\t5\t0\t1\t600\t51\t650\t0.0\t3251'	BLAST query/options error: Greedy extension must be used if gap existence and extension options are zero
multi	blastn	3	-5	4 4	DIFF exit 3/0: stdout line 1: b'' / b'mq1\tmsA\t99.167\t600\t5\t0\t1\t600\t51\t650\t0.0\t3251'	BLAST engine error: Error: Substitution scores 3 and -5 are not supported Error: Substitution scores 3 and -5 are not supported Error: Substitution scores 3 and
multi	blastn	3	-5	6 4	DIFF exit 3/0: stdout line 1: b'' / b'mq1\tmsA\t99.167\t600\t5\t0\t1\t600\t51\t650\t0.0\t3251'	BLAST engine error: Error: Substitution scores 3 and -5 are not supported Error: Substitution scores 3 and -5 are not supported Error: Substitution scores 3 and
multi	blastn	3	-5	10 10	DIFF exit 3/0: stdout line 1: b'' / b'mq1\tmsA\t99.167\t600\t5\t0\t1\t600\t51\t650\t0.0\t3251'	BLAST engine error: Error: Substitution scores 3 and -5 are not supported Error: Substitution scores 3 and -5 are not supported Error: Substitution scores 3 and
multi	blastn	3	-5	0 2	DIFF exit 3/0: stdout line 1: b'' / b'mq1\tmsA\t99.167\t600\t5\t0\t1\t600\t51\t650\t0.0\t3251'	BLAST engine error: Error: Substitution scores 3 and -5 are not supported Error: Substitution scores 3 and -5 are not supported Error: Substitution scores 3 and
multi	blastn	3	-5	3 0	DIFF exit 1/0: stdout line 1: b'' / b'mq1\tmsA\t99.167\t600\t5\t0\t1\t600\t51\t650\t0.0\t3251'	BLAST query/options error: BLASTN gap extension penalty cannot be 0
multi	blastn	3	-5	-1 2	DIFF exit 3/2: stderr line 1: b'BLAST engine error: Error: Substitution scores 3 and -5 are not supported Error:' / b"error: invalid value '-1' for '-gapopen <GAP_OPEN>': expected an integer >= 0"	BLAST engine error: Error: Substitution scores 3 and -5 are not supported Error: Substitution scores 3 and -5 are not supported Error: Substitution scores 3 and
multi	blastn	2	-1	default	DIFF exit 3/0: stdout line 1: b'' / b'mq1\tmsA\t99.167\t600\t5\t0\t1\t600\t51\t650\t0.0\t2189'	BLAST engine error: Error: Substitution scores 2 and -1 are not supported Error: Substitution scores 2 and -1 are not supported Error: Substitution scores 2 and
multi	blastn	2	-1	2 2	DIFF exit 3/0: stdout line 1: b'' / b'mq1\tmsA\t99.167\t600\t5\t0\t1\t600\t51\t650\t0.0\t2189'	BLAST engine error: Error: Substitution scores 2 and -1 are not supported Error: Substitution scores 2 and -1 are not supported Error: Substitution scores 2 and
multi	blastn	2	-1	5 2	DIFF exit 3/0: stdout line 1: b'' / b'mq1\tmsA\t99.167\t600\t5\t0\t1\t600\t51\t650\t0.0\t2189'	BLAST engine error: Error: Substitution scores 2 and -1 are not supported Error: Substitution scores 2 and -1 are not supported Error: Substitution scores 2 and
multi	blastn	2	-1	0 0	DIFF exit 1/0: stdout line 1: b'' / b'mq1\tmsA\t99.167\t600\t5\t0\t1\t600\t51\t650\t0.0\t2189'	BLAST query/options error: Greedy extension must be used if gap existence and extension options are zero
multi	blastn	2	-1	4 4	DIFF exit 3/0: stdout line 1: b'' / b'mq1\tmsA\t99.167\t600\t5\t0\t1\t600\t51\t650\t0.0\t2189'	BLAST engine error: Error: Substitution scores 2 and -1 are not supported Error: Substitution scores 2 and -1 are not supported Error: Substitution scores 2 and
multi	blastn	2	-1	6 4	DIFF exit 3/0: stdout line 1: b'' / b'mq1\tmsA\t99.167\t600\t5\t0\t1\t600\t51\t650\t0.0\t2189'	BLAST engine error: Error: Substitution scores 2 and -1 are not supported Error: Substitution scores 2 and -1 are not supported Error: Substitution scores 2 and
multi	blastn	2	-1	10 10	DIFF exit 3/0: stdout line 1: b'' / b'mq1\tmsA\t99.167\t600\t5\t0\t1\t600\t51\t650\t0.0\t2189'	BLAST engine error: Error: Substitution scores 2 and -1 are not supported Error: Substitution scores 2 and -1 are not supported Error: Substitution scores 2 and
multi	blastn	2	-1	0 2	DIFF exit 3/0: stdout line 1: b'' / b'mq1\tmsA\t99.167\t600\t5\t0\t1\t600\t51\t650\t0.0\t2189'	BLAST engine error: Error: Substitution scores 2 and -1 are not supported Error: Substitution scores 2 and -1 are not supported Error: Substitution scores 2 and
multi	blastn	2	-1	3 0	DIFF exit 1/0: stdout line 1: b'' / b'mq1\tmsA\t99.167\t600\t5\t0\t1\t600\t51\t650\t0.0\t2189'	BLAST query/options error: BLASTN gap extension penalty cannot be 0
multi	blastn	2	-1	-1 2	DIFF exit 3/2: stderr line 1: b'BLAST engine error: Error: Substitution scores 2 and -1 are not supported Error:' / b"error: invalid value '-1' for '-gapopen <GAP_OPEN>': expected an integer >= 0"	BLAST engine error: Error: Substitution scores 2 and -1 are not supported Error: Substitution scores 2 and -1 are not supported Error: Substitution scores 2 and
multi	blastn	1	0	default	DIFF exit 1/2: stderr line 1: b'BLAST query/options error: BLASTN penalty must be negative' / b"error: invalid value '0' for '-penalty <PENALTY>': expected a negative integer"	BLAST query/options error: BLASTN penalty must be negative
multi	blastn	1	0	2 2	DIFF exit 1/2: stderr line 1: b'BLAST query/options error: BLASTN penalty must be negative' / b"error: invalid value '0' for '-penalty <PENALTY>': expected a negative integer"	BLAST query/options error: BLASTN penalty must be negative
multi	blastn	1	0	5 2	DIFF exit 1/2: stderr line 1: b'BLAST query/options error: BLASTN penalty must be negative' / b"error: invalid value '0' for '-penalty <PENALTY>': expected a negative integer"	BLAST query/options error: BLASTN penalty must be negative
multi	blastn	1	0	0 0	DIFF exit 1/2: stderr line 1: b'BLAST query/options error: BLASTN penalty must be negative' / b"error: invalid value '0' for '-penalty <PENALTY>': expected a negative integer"	BLAST query/options error: BLASTN penalty must be negative
multi	blastn	1	0	4 4	DIFF exit 1/2: stderr line 1: b'BLAST query/options error: BLASTN penalty must be negative' / b"error: invalid value '0' for '-penalty <PENALTY>': expected a negative integer"	BLAST query/options error: BLASTN penalty must be negative
multi	blastn	1	0	6 4	DIFF exit 1/2: stderr line 1: b'BLAST query/options error: BLASTN penalty must be negative' / b"error: invalid value '0' for '-penalty <PENALTY>': expected a negative integer"	BLAST query/options error: BLASTN penalty must be negative
multi	blastn	1	0	10 10	DIFF exit 1/2: stderr line 1: b'BLAST query/options error: BLASTN penalty must be negative' / b"error: invalid value '0' for '-penalty <PENALTY>': expected a negative integer"	BLAST query/options error: BLASTN penalty must be negative
multi	blastn	1	0	0 2	DIFF exit 1/2: stderr line 1: b'BLAST query/options error: BLASTN penalty must be negative' / b"error: invalid value '0' for '-penalty <PENALTY>': expected a negative integer"	BLAST query/options error: BLASTN penalty must be negative
multi	blastn	1	0	3 0	DIFF exit 1/2: stderr line 1: b'BLAST query/options error: BLASTN penalty must be negative' / b"error: invalid value '0' for '-penalty <PENALTY>': expected a negative integer"	BLAST query/options error: BLASTN penalty must be negative
multi	blastn	1	0	-1 2	DIFF exit 1/2: stderr line 1: b'BLAST query/options error: BLASTN penalty must be negative' / b"error: invalid value '0' for '-penalty <PENALTY>': expected a negative integer"	BLAST query/options error: BLASTN penalty must be negative
multi	megablast	1	-5	default	same	
multi	megablast	1	-5	2 2	DIFF exit 3/0: stdout line 1: b'' / b'mq1\tmsA\t99.167\t600\t5\t0\t1\t600\t51\t650\t0.0\t1143'	BLAST engine error: Error: Gap existence and extension values 2 and 2 are not supported for substitution scores 1 and -5
multi	megablast	1	-5	5 2	DIFF exit 3/0: stdout line 1: b'' / b'mq1\tmsA\t99.167\t600\t5\t0\t1\t600\t51\t650\t0.0\t1143'	BLAST engine error: Error: Gap existence and extension values 5 and 2 are not supported for substitution scores 1 and -5
multi	megablast	1	-5	0 0	same	
multi	megablast	1	-5	4 4	DIFF stdout line 1: b'mq1\tmsA\t99.167\t600\t5\t0\t1\t600\t51\t650\t0.0\t1139' / b'mq1\tmsA\t99.167\t600\t5\t0\t1\t600\t51\t650\t0.0\t1143'	
multi	megablast	1	-5	6 4	DIFF stdout line 1: b'mq1\tmsA\t99.167\t600\t5\t0\t1\t600\t51\t650\t0.0\t1139' / b'mq1\tmsA\t99.167\t600\t5\t0\t1\t600\t51\t650\t0.0\t1143'	
multi	megablast	1	-5	10 10	DIFF stdout line 1: b'mq1\tmsA\t99.167\t600\t5\t0\t1\t600\t51\t650\t0.0\t1139' / b'mq1\tmsA\t99.167\t600\t5\t0\t1\t600\t51\t650\t0.0\t1143'	
multi	megablast	1	-5	0 2	DIFF exit 3/0: stdout line 1: b'' / b'mq1\tmsA\t99.167\t600\t5\t0\t1\t600\t51\t650\t0.0\t1143'	BLAST engine error: Error: Gap existence and extension values 0 and 2 are not supported for substitution scores 1 and -5
multi	megablast	1	-5	3 0	DIFF exit 1/0: stdout line 1: b'' / b'mq1\tmsA\t99.167\t600\t5\t0\t1\t600\t51\t650\t0.0\t1143'	BLAST query/options error: BLASTN gap extension penalty cannot be 0
multi	megablast	1	-5	-1 2	DIFF exit 3/2: stderr line 1: b'BLAST engine error: Error: Gap existence and extension values -1 and 2 are not s' / b"error: invalid value '-1' for '-gapopen <GAP_OPEN>': expected an integer >= 0"	BLAST engine error: Error: Gap existence and extension values -1 and 2 are not supported for substitution scores 1 and -5
multi	megablast	1	-4	default	same	
multi	megablast	1	-4	2 2	DIFF stdout line 3: b'mq1\tmsD\t98.000\t200\t4\t0\t1\t200\t41\t240\t1.04e-102\t359' / b'mq1\tmsD\t98.000\t200\t4\t0\t1\t200\t41\t240\t1.11e-102\t359'	
multi	megablast	1	-4	5 2	DIFF stdout line 3: b'mq1\tmsD\t98.000\t200\t4\t0\t1\t200\t41\t240\t1.04e-102\t359' / b'mq1\tmsD\t98.000\t200\t4\t0\t1\t200\t41\t240\t1.11e-102\t359'	
multi	megablast	1	-4	0 0	same	
multi	megablast	1	-4	4 4	DIFF stdout line 3: b'mq1\tmsD\t98.000\t200\t4\t0\t1\t200\t41\t240\t1.04e-102\t359' / b'mq1\tmsD\t98.000\t200\t4\t0\t1\t200\t41\t240\t1.11e-102\t359'	
multi	megablast	1	-4	6 4	DIFF stdout line 3: b'mq1\tmsD\t98.000\t200\t4\t0\t1\t200\t41\t240\t1.04e-102\t359' / b'mq1\tmsD\t98.000\t200\t4\t0\t1\t200\t41\t240\t1.11e-102\t359'	
multi	megablast	1	-4	10 10	DIFF stdout line 3: b'mq1\tmsD\t98.000\t200\t4\t0\t1\t200\t41\t240\t1.04e-102\t359' / b'mq1\tmsD\t98.000\t200\t4\t0\t1\t200\t41\t240\t1.11e-102\t359'	
multi	megablast	1	-4	0 2	same	
multi	megablast	1	-4	3 0	DIFF exit 1/0: stdout line 1: b'' / b'mq1\tmsA\t99.167\t600\t5\t0\t1\t600\t51\t650\t0.0\t1147'	BLAST query/options error: BLASTN gap extension penalty cannot be 0
multi	megablast	1	-4	-1 2	DIFF exit 3/2: stderr line 1: b'BLAST engine error: Error: Gap existence and extension values -1 and 2 are not s' / b"error: invalid value '-1' for '-gapopen <GAP_OPEN>': expected an integer >= 0"	BLAST engine error: Error: Gap existence and extension values -1 and 2 are not supported for substitution scores 1 and -4
multi	megablast	2	-7	default	same	
multi	megablast	2	-7	2 2	same	
multi	megablast	2	-7	5 2	DIFF exit 3/0: stdout line 1: b'' / b'mq1\tmsA\t99.167\t600\t5\t0\t1\t600\t51\t650\t0.0\t1150'	BLAST engine error: Error: Gap existence and extension values 5 and 2 are not supported for substitution scores 2 and -7
multi	megablast	2	-7	0 0	same	
multi	megablast	2	-7	4 4	DIFF stdout line 3: b'mq1\tmsD\t98.000\t200\t4\t0\t1\t200\t41\t240\t8.46e-104\t363' / b'mq1\tmsD\t98.000\t200\t4\t0\t1\t200\t41\t240\t1.19e-103\t362'	
multi	megablast	2	-7	6 4	DIFF stdout line 3: b'mq1\tmsD\t98.000\t200\t4\t0\t1\t200\t41\t240\t8.46e-104\t363' / b'mq1\tmsD\t98.000\t200\t4\t0\t1\t200\t41\t240\t1.19e-103\t362'	
multi	megablast	2	-7	10 10	DIFF stdout line 3: b'mq1\tmsD\t98.000\t200\t4\t0\t1\t200\t41\t240\t8.46e-104\t363' / b'mq1\tmsD\t98.000\t200\t4\t0\t1\t200\t41\t240\t1.19e-103\t362'	
multi	megablast	2	-7	0 2	DIFF exit 3/0: stdout line 1: b'' / b'mq1\tmsA\t99.167\t600\t5\t0\t1\t600\t51\t650\t0.0\t1150'	BLAST engine error: Error: Gap existence and extension values 0 and 2 are not supported for substitution scores 2 and -7
multi	megablast	2	-7	3 0	DIFF exit 1/0: stdout line 1: b'' / b'mq1\tmsA\t99.167\t600\t5\t0\t1\t600\t51\t650\t0.0\t1150'	BLAST query/options error: BLASTN gap extension penalty cannot be 0
multi	megablast	2	-7	-1 2	DIFF exit 3/2: stderr line 1: b'BLAST engine error: Error: Gap existence and extension values -1 and 2 are not s' / b"error: invalid value '-1' for '-gapopen <GAP_OPEN>': expected an integer >= 0"	BLAST engine error: Error: Gap existence and extension values -1 and 2 are not supported for substitution scores 2 and -7
multi	megablast	1	-3	default	same	
multi	megablast	1	-3	2 2	same	
multi	megablast	1	-3	5 2	DIFF stdout line 3: b'mq1\tmsD\t98.000\t200\t4\t0\t1\t200\t41\t240\t2.18e-104\t365' / b'mq1\tmsD\t98.000\t200\t4\t0\t1\t200\t41\t240\t2.21e-104\t365'	
multi	megablast	1	-3	0 0	same	
multi	megablast	1	-3	4 4	DIFF stdout line 3: b'mq1\tmsD\t98.000\t200\t4\t0\t1\t200\t41\t240\t2.18e-104\t365' / b'mq1\tmsD\t98.000\t200\t4\t0\t1\t200\t41\t240\t2.21e-104\t365'	
multi	megablast	1	-3	6 4	DIFF stdout line 3: b'mq1\tmsD\t98.000\t200\t4\t0\t1\t200\t41\t240\t2.18e-104\t365' / b'mq1\tmsD\t98.000\t200\t4\t0\t1\t200\t41\t240\t2.21e-104\t365'	
multi	megablast	1	-3	10 10	DIFF stdout line 3: b'mq1\tmsD\t98.000\t200\t4\t0\t1\t200\t41\t240\t2.18e-104\t365' / b'mq1\tmsD\t98.000\t200\t4\t0\t1\t200\t41\t240\t2.21e-104\t365'	
multi	megablast	1	-3	0 2	same	
multi	megablast	1	-3	3 0	DIFF exit 1/0: stdout line 1: b'' / b'mq1\tmsA\t99.167\t600\t5\t0\t1\t600\t51\t650\t0.0\t1150'	BLAST query/options error: BLASTN gap extension penalty cannot be 0
multi	megablast	1	-3	-1 2	DIFF exit 3/2: stderr line 1: b'BLAST engine error: Error: Gap existence and extension values -1 and 2 are not s' / b"error: invalid value '-1' for '-gapopen <GAP_OPEN>': expected an integer >= 0"	BLAST engine error: Error: Gap existence and extension values -1 and 2 are not supported for substitution scores 1 and -3
multi	megablast	2	-5	default	same	
multi	megablast	2	-5	2 2	same	
multi	megablast	2	-5	5 2	DIFF exit 3/0: stdout line 1: b'' / b'mq1\tmsA\t99.167\t600\t5\t0\t1\t600\t51\t650\t0.0\t1135'	BLAST engine error: Error: Gap existence and extension values 5 and 2 are not supported for substitution scores 2 and -5
multi	megablast	2	-5	0 0	same	
multi	megablast	2	-5	4 4	DIFF stdout line 1: b'mq1\tmsA\t99.167\t600\t5\t0\t1\t600\t51\t650\t0.0\t1144' / b'mq1\tmsA\t99.167\t600\t5\t0\t1\t600\t51\t650\t0.0\t1135'	
multi	megablast	2	-5	6 4	DIFF stdout line 1: b'mq1\tmsA\t99.167\t600\t5\t0\t1\t600\t51\t650\t0.0\t1144' / b'mq1\tmsA\t99.167\t600\t5\t0\t1\t600\t51\t650\t0.0\t1135'	
multi	megablast	2	-5	10 10	DIFF stdout line 1: b'mq1\tmsA\t99.167\t600\t5\t0\t1\t600\t51\t650\t0.0\t1144' / b'mq1\tmsA\t99.167\t600\t5\t0\t1\t600\t51\t650\t0.0\t1135'	
multi	megablast	2	-5	0 2	DIFF exit 3/0: stdout line 1: b'' / b'mq1\tmsA\t99.167\t600\t5\t0\t1\t600\t51\t650\t0.0\t1135'	BLAST engine error: Error: Gap existence and extension values 0 and 2 are not supported for substitution scores 2 and -5
multi	megablast	2	-5	3 0	DIFF exit 1/0: stdout line 1: b'' / b'mq1\tmsA\t99.167\t600\t5\t0\t1\t600\t51\t650\t0.0\t1135'	BLAST query/options error: BLASTN gap extension penalty cannot be 0
multi	megablast	2	-5	-1 2	DIFF exit 3/2: stderr line 1: b'BLAST engine error: Error: Gap existence and extension values -1 and 2 are not s' / b"error: invalid value '-1' for '-gapopen <GAP_OPEN>': expected an integer >= 0"	BLAST engine error: Error: Gap existence and extension values -1 and 2 are not supported for substitution scores 2 and -5
multi	megablast	1	-2	default	same	
multi	megablast	1	-2	2 2	same	
multi	megablast	1	-2	5 2	DIFF stdout line 1: b'mq1\tmsA\t99.167\t600\t5\t0\t1\t600\t51\t650\t0.0\t1125' / b'mq1\tmsA\t99.167\t600\t5\t0\t1\t600\t51\t650\t0.0\t1081'	
multi	megablast	1	-2	0 0	same	
multi	megablast	1	-2	4 4	DIFF stdout line 1: b'mq1\tmsA\t99.167\t600\t5\t0\t1\t600\t51\t650\t0.0\t1125' / b'mq1\tmsA\t99.167\t600\t5\t0\t1\t600\t51\t650\t0.0\t1081'	
multi	megablast	1	-2	6 4	DIFF stdout line 1: b'mq1\tmsA\t99.167\t600\t5\t0\t1\t600\t51\t650\t0.0\t1125' / b'mq1\tmsA\t99.167\t600\t5\t0\t1\t600\t51\t650\t0.0\t1081'	
multi	megablast	1	-2	10 10	DIFF stdout line 1: b'mq1\tmsA\t99.167\t600\t5\t0\t1\t600\t51\t650\t0.0\t1125' / b'mq1\tmsA\t99.167\t600\t5\t0\t1\t600\t51\t650\t0.0\t1081'	
multi	megablast	1	-2	0 2	same	
multi	megablast	1	-2	3 0	DIFF exit 1/0: stdout line 1: b'' / b'mq1\tmsA\t99.167\t600\t5\t0\t1\t600\t51\t650\t0.0\t1081'	BLAST query/options error: BLASTN gap extension penalty cannot be 0
multi	megablast	1	-2	-1 2	DIFF exit 3/2: stderr line 1: b'BLAST engine error: Error: Gap existence and extension values -1 and 2 are not s' / b"error: invalid value '-1' for '-gapopen <GAP_OPEN>': expected an integer >= 0"	BLAST engine error: Error: Gap existence and extension values -1 and 2 are not supported for substitution scores 1 and -2
multi	megablast	2	-3	default	same	
multi	megablast	2	-3	2 2	same	
multi	megablast	2	-3	5 2	same	
multi	megablast	2	-3	0 0	same	
multi	megablast	2	-3	4 4	same	
multi	megablast	2	-3	6 4	DIFF stdout line 1: b'mq1\tmsA\t99.167\t600\t5\t0\t1\t600\t51\t650\t0.0\t1075' / b'mq1\tmsA\t99.167\t600\t5\t0\t1\t600\t51\t650\t0.0\t934'	
multi	megablast	2	-3	10 10	DIFF stdout line 1: b'mq1\tmsA\t99.167\t600\t5\t0\t1\t600\t51\t650\t0.0\t1075' / b'mq1\tmsA\t99.167\t600\t5\t0\t1\t600\t51\t650\t0.0\t934'	
multi	megablast	2	-3	0 2	DIFF exit 3/0: stdout line 1: b'' / b'mq1\tmsA\t99.167\t600\t5\t0\t1\t600\t51\t650\t0.0\t934'	BLAST engine error: Error: Gap existence and extension values 0 and 2 are not supported for substitution scores 2 and -3
multi	megablast	2	-3	3 0	DIFF exit 1/0: stdout line 1: b'' / b'mq1\tmsA\t99.167\t600\t5\t0\t1\t600\t51\t650\t0.0\t934'	BLAST query/options error: BLASTN gap extension penalty cannot be 0
multi	megablast	2	-3	-1 2	DIFF exit 3/2: stderr line 1: b'BLAST engine error: Error: Gap existence and extension values -1 and 2 are not s' / b"error: invalid value '-1' for '-gapopen <GAP_OPEN>': expected an integer >= 0"	BLAST engine error: Error: Gap existence and extension values -1 and 2 are not supported for substitution scores 2 and -3
multi	megablast	3	-4	default	DIFF exit 3/0: stdout line 1: b'' / b'mq1\tmsA\t99.167\t600\t5\t0\t1\t600\t51\t650\t0.0\t992'	BLAST engine error: Error: Gap existence and extension values 0 and 0 are not supported for substitution scores 3 and -4
multi	megablast	3	-4	2 2	DIFF exit 3/0: stdout line 1: b'' / b'mq1\tmsA\t99.167\t600\t5\t0\t1\t600\t51\t650\t0.0\t992'	BLAST engine error: Error: Gap existence and extension values 2 and 2 are not supported for substitution scores 3 and -4
multi	megablast	3	-4	5 2	same	
multi	megablast	3	-4	0 0	DIFF exit 3/0: stdout line 1: b'' / b'mq1\tmsA\t99.167\t600\t5\t0\t1\t600\t51\t650\t0.0\t992'	BLAST engine error: Error: Gap existence and extension values 0 and 0 are not supported for substitution scores 3 and -4
multi	megablast	3	-4	4 4	DIFF exit 3/0: stdout line 1: b'' / b'mq1\tmsA\t99.167\t600\t5\t0\t1\t600\t51\t650\t0.0\t992'	BLAST engine error: Error: Gap existence and extension values 4 and 4 are not supported for substitution scores 3 and -4
multi	megablast	3	-4	6 4	DIFF stdout line 1: b'mq1\tmsA\t99.167\t600\t5\t0\t1\t600\t51\t650\t0.0\t1044' / b'mq1\tmsA\t99.167\t600\t5\t0\t1\t600\t51\t650\t0.0\t992'	
multi	megablast	3	-4	10 10	DIFF stdout line 1: b'mq1\tmsA\t99.167\t600\t5\t0\t1\t600\t51\t650\t0.0\t1044' / b'mq1\tmsA\t99.167\t600\t5\t0\t1\t600\t51\t650\t0.0\t992'	
multi	megablast	3	-4	0 2	DIFF exit 3/0: stdout line 1: b'' / b'mq1\tmsA\t99.167\t600\t5\t0\t1\t600\t51\t650\t0.0\t992'	BLAST engine error: Error: Gap existence and extension values 0 and 2 are not supported for substitution scores 3 and -4
multi	megablast	3	-4	3 0	DIFF exit 1/0: stdout line 1: b'' / b'mq1\tmsA\t99.167\t600\t5\t0\t1\t600\t51\t650\t0.0\t992'	BLAST query/options error: BLASTN gap extension penalty cannot be 0
multi	megablast	3	-4	-1 2	DIFF exit 3/2: stderr line 1: b'BLAST engine error: Error: Gap existence and extension values -1 and 2 are not s' / b"error: invalid value '-1' for '-gapopen <GAP_OPEN>': expected an integer >= 0"	BLAST engine error: Error: Gap existence and extension values -1 and 2 are not supported for substitution scores 3 and -4
multi	megablast	1	-1	default	DIFF exit 3/0: stdout line 1: b'' / b'mq1\tmsA\t99.167\t600\t5\t0\t1\t600\t51\t650\t0.0\t929'	BLAST engine error: Error: Gap existence and extension values 0 and 0 are not supported for substitution scores 1 and -1
multi	megablast	1	-1	2 2	same	
multi	megablast	1	-1	5 2	DIFF stdout line 1: b'mq1\tmsA\t99.167\t600\t5\t0\t1\t600\t51\t650\t0.0\t936' / b'mq1\tmsA\t99.167\t600\t5\t0\t1\t600\t51\t650\t0.0\t929'	
multi	megablast	1	-1	0 0	DIFF exit 3/0: stdout line 1: b'' / b'mq1\tmsA\t99.167\t600\t5\t0\t1\t600\t51\t650\t0.0\t929'	BLAST engine error: Error: Gap existence and extension values 0 and 0 are not supported for substitution scores 1 and -1
multi	megablast	1	-1	4 4	DIFF stdout line 1: b'mq1\tmsA\t99.167\t600\t5\t0\t1\t600\t51\t650\t0.0\t936' / b'mq1\tmsA\t99.167\t600\t5\t0\t1\t600\t51\t650\t0.0\t929'	
multi	megablast	1	-1	6 4	DIFF stdout line 1: b'mq1\tmsA\t99.167\t600\t5\t0\t1\t600\t51\t650\t0.0\t936' / b'mq1\tmsA\t99.167\t600\t5\t0\t1\t600\t51\t650\t0.0\t929'	
multi	megablast	1	-1	10 10	DIFF stdout line 1: b'mq1\tmsA\t99.167\t600\t5\t0\t1\t600\t51\t650\t0.0\t936' / b'mq1\tmsA\t99.167\t600\t5\t0\t1\t600\t51\t650\t0.0\t929'	
multi	megablast	1	-1	0 2	same	
multi	megablast	1	-1	3 0	DIFF exit 1/0: stdout line 1: b'' / b'mq1\tmsA\t99.167\t600\t5\t0\t1\t600\t51\t650\t0.0\t929'	BLAST query/options error: BLASTN gap extension penalty cannot be 0
multi	megablast	1	-1	-1 2	DIFF exit 3/2: stderr line 1: b'BLAST engine error: Error: Gap existence and extension values -1 and 2 are not s' / b"error: invalid value '-1' for '-gapopen <GAP_OPEN>': expected an integer >= 0"	BLAST engine error: Error: Gap existence and extension values -1 and 2 are not supported for substitution scores 1 and -1
multi	megablast	3	-2	default	DIFF exit 3/0: stdout line 1: b'' / b'mq1\tmsA\t99.167\t600\t5\t0\t1\t600\t51\t650\t1.88e-156\t537'	BLAST engine error: Error: Gap existence and extension values 0 and 0 are not supported for substitution scores 3 and -2
multi	megablast	3	-2	2 2	DIFF exit 3/0: stdout line 1: b'' / b'mq1\tmsA\t99.167\t600\t5\t0\t1\t600\t51\t650\t1.88e-156\t537'	BLAST engine error: Error: Gap existence and extension values 2 and 2 are not supported for substitution scores 3 and -2
multi	megablast	3	-2	5 2	DIFF exit 3/0: stdout line 1: b'' / b'mq1\tmsA\t99.167\t600\t5\t0\t1\t600\t51\t650\t1.88e-156\t537'	BLAST engine error: Error: Gap existence and extension values 5 and 2 are not supported for substitution scores 3 and -2
multi	megablast	3	-2	0 0	DIFF exit 3/0: stdout line 1: b'' / b'mq1\tmsA\t99.167\t600\t5\t0\t1\t600\t51\t650\t1.88e-156\t537'	BLAST engine error: Error: Gap existence and extension values 0 and 0 are not supported for substitution scores 3 and -2
multi	megablast	3	-2	4 4	DIFF exit 3/0: stdout line 1: b'' / b'mq1\tmsA\t99.167\t600\t5\t0\t1\t600\t51\t650\t1.88e-156\t537'	BLAST engine error: Error: Gap existence and extension values 4 and 4 are not supported for substitution scores 3 and -2
multi	megablast	3	-2	6 4	DIFF exit 3/0: stdout line 1: b'' / b'mq1\tmsA\t99.167\t600\t5\t0\t1\t600\t51\t650\t1.88e-156\t537'	BLAST engine error: Error: Gap existence and extension values 6 and 4 are not supported for substitution scores 3 and -2
multi	megablast	3	-2	10 10	DIFF stdout line 1: b'mq1\tmsA\t99.167\t600\t5\t0\t1\t600\t51\t650\t0.0\t697' / b'mq1\tmsA\t99.167\t600\t5\t0\t1\t600\t51\t650\t1.88e-156\t537'	
multi	megablast	3	-2	0 2	DIFF exit 3/0: stdout line 1: b'' / b'mq1\tmsA\t99.167\t600\t5\t0\t1\t600\t51\t650\t1.88e-156\t537'	BLAST engine error: Error: Gap existence and extension values 0 and 2 are not supported for substitution scores 3 and -2
multi	megablast	3	-2	3 0	DIFF exit 1/0: stdout line 1: b'' / b'mq1\tmsA\t99.167\t600\t5\t0\t1\t600\t51\t650\t1.88e-156\t537'	BLAST query/options error: BLASTN gap extension penalty cannot be 0
multi	megablast	3	-2	-1 2	DIFF exit 3/2: stderr line 1: b'BLAST engine error: Error: Gap existence and extension values -1 and 2 are not s' / b"error: invalid value '-1' for '-gapopen <GAP_OPEN>': expected an integer >= 0"	BLAST engine error: Error: Gap existence and extension values -1 and 2 are not supported for substitution scores 3 and -2
multi	megablast	4	-5	default	same	
multi	megablast	4	-5	2 2	DIFF exit 3/0: stdout line 1: b'' / b'mq1\tmsA\t99.167\t600\t5\t0\t1\t600\t51\t650\t0.0\t751'	BLAST engine error: Error: Gap existence and extension values 2 and 2 are not supported for substitution scores 4 and -5
multi	megablast	4	-5	5 2	DIFF exit 3/0: stdout line 1: b'' / b'mq1\tmsA\t99.167\t600\t5\t0\t1\t600\t51\t650\t0.0\t751'	BLAST engine error: Error: Gap existence and extension values 5 and 2 are not supported for substitution scores 4 and -5
multi	megablast	4	-5	0 0	same	
multi	megablast	4	-5	4 4	DIFF exit 3/0: stdout line 1: b'' / b'mq1\tmsA\t99.167\t600\t5\t0\t1\t600\t51\t650\t0.0\t751'	BLAST engine error: Error: Gap existence and extension values 4 and 4 are not supported for substitution scores 4 and -5
multi	megablast	4	-5	6 4	DIFF exit 3/0: stdout line 1: b'' / b'mq1\tmsA\t99.167\t600\t5\t0\t1\t600\t51\t650\t0.0\t751'	BLAST engine error: Error: Gap existence and extension values 6 and 4 are not supported for substitution scores 4 and -5
multi	megablast	4	-5	10 10	DIFF exit 3/0: stdout line 1: b'' / b'mq1\tmsA\t99.167\t600\t5\t0\t1\t600\t51\t650\t0.0\t751'	BLAST engine error: Error: Gap existence and extension values 10 and 10 are not supported for substitution scores 4 and -5
multi	megablast	4	-5	0 2	DIFF exit 3/0: stdout line 1: b'' / b'mq1\tmsA\t99.167\t600\t5\t0\t1\t600\t51\t650\t0.0\t751'	BLAST engine error: Error: Gap existence and extension values 0 and 2 are not supported for substitution scores 4 and -5
multi	megablast	4	-5	3 0	DIFF exit 1/0: stdout line 1: b'' / b'mq1\tmsA\t99.167\t600\t5\t0\t1\t600\t51\t650\t0.0\t751'	BLAST query/options error: BLASTN gap extension penalty cannot be 0
multi	megablast	4	-5	-1 2	DIFF exit 3/2: stderr line 1: b'BLAST engine error: Error: Gap existence and extension values -1 and 2 are not s' / b"error: invalid value '-1' for '-gapopen <GAP_OPEN>': expected an integer >= 0"	BLAST engine error: Error: Gap existence and extension values -1 and 2 are not supported for substitution scores 4 and -5
multi	megablast	5	-4	default	DIFF exit 3/0: stdout line 1: b'' / b'mq1\tmsA\t99.167\t600\t5\t0\t1\t600\t51\t650\t0.0\t698'	BLAST engine error: Error: Gap existence and extension values 0 and 0 are not supported for substitution scores 5 and -4
multi	megablast	5	-4	2 2	DIFF exit 3/0: stdout line 1: b'' / b'mq1\tmsA\t99.167\t600\t5\t0\t1\t600\t51\t650\t0.0\t698'	BLAST engine error: Error: Gap existence and extension values 2 and 2 are not supported for substitution scores 5 and -4
multi	megablast	5	-4	5 2	DIFF exit 3/0: stdout line 1: b'' / b'mq1\tmsA\t99.167\t600\t5\t0\t1\t600\t51\t650\t0.0\t698'	BLAST engine error: Error: Gap existence and extension values 5 and 2 are not supported for substitution scores 5 and -4
multi	megablast	5	-4	0 0	DIFF exit 3/0: stdout line 1: b'' / b'mq1\tmsA\t99.167\t600\t5\t0\t1\t600\t51\t650\t0.0\t698'	BLAST engine error: Error: Gap existence and extension values 0 and 0 are not supported for substitution scores 5 and -4
multi	megablast	5	-4	4 4	DIFF exit 3/0: stdout line 1: b'' / b'mq1\tmsA\t99.167\t600\t5\t0\t1\t600\t51\t650\t0.0\t698'	BLAST engine error: Error: Gap existence and extension values 4 and 4 are not supported for substitution scores 5 and -4
multi	megablast	5	-4	6 4	DIFF exit 3/0: stdout line 1: b'' / b'mq1\tmsA\t99.167\t600\t5\t0\t1\t600\t51\t650\t0.0\t698'	BLAST engine error: Error: Gap existence and extension values 6 and 4 are not supported for substitution scores 5 and -4
multi	megablast	5	-4	10 10	DIFF exit 3/0: stdout line 1: b'' / b'mq1\tmsA\t99.167\t600\t5\t0\t1\t600\t51\t650\t0.0\t698'	BLAST engine error: Error: Gap existence and extension values 10 and 10 are not supported for substitution scores 5 and -4
multi	megablast	5	-4	0 2	DIFF exit 3/0: stdout line 1: b'' / b'mq1\tmsA\t99.167\t600\t5\t0\t1\t600\t51\t650\t0.0\t698'	BLAST engine error: Error: Gap existence and extension values 0 and 2 are not supported for substitution scores 5 and -4
multi	megablast	5	-4	3 0	DIFF exit 1/0: stdout line 1: b'' / b'mq1\tmsA\t99.167\t600\t5\t0\t1\t600\t51\t650\t0.0\t698'	BLAST query/options error: BLASTN gap extension penalty cannot be 0
multi	megablast	5	-4	-1 2	DIFF exit 3/2: stderr line 1: b'BLAST engine error: Error: Gap existence and extension values -1 and 2 are not s' / b"error: invalid value '-1' for '-gapopen <GAP_OPEN>': expected an integer >= 0"	BLAST engine error: Error: Gap existence and extension values -1 and 2 are not supported for substitution scores 5 and -4
multi	megablast	2	-2	default	DIFF exit 3/0: stdout line 1: b'' / b'mq1\tmsA\t99.167\t600\t5\t0\t1\t600\t51\t650\t0.0\t2180'	BLAST engine error: Error: Gap existence and extension values 0 and 0 are not supported for substitution scores 2 and -2
multi	megablast	2	-2	2 2	DIFF exit 3/0: stdout line 1: b'' / b'mq1\tmsA\t99.167\t600\t5\t0\t1\t600\t51\t650\t0.0\t2180'	BLAST engine error: Error: Gap existence and extension values 2 and 2 are not supported for substitution scores 2 and -2
multi	megablast	2	-2	5 2	DIFF exit 3/0: stdout line 1: b'' / b'mq1\tmsA\t99.167\t600\t5\t0\t1\t600\t51\t650\t0.0\t2180'	BLAST engine error: Error: Gap existence and extension values 5 and 2 are not supported for substitution scores 2 and -2
multi	megablast	2	-2	0 0	DIFF exit 3/0: stdout line 1: b'' / b'mq1\tmsA\t99.167\t600\t5\t0\t1\t600\t51\t650\t0.0\t2180'	BLAST engine error: Error: Gap existence and extension values 0 and 0 are not supported for substitution scores 2 and -2
multi	megablast	2	-2	4 4	DIFF stdout line 1: b'mq1\tmsA\t99.167\t600\t5\t0\t1\t600\t51\t650\t0.0\t912' / b'mq1\tmsA\t99.167\t600\t5\t0\t1\t600\t51\t650\t0.0\t2180'	
multi	megablast	2	-2	6 4	DIFF stdout line 1: b'mq1\tmsA\t99.167\t600\t5\t0\t1\t600\t51\t650\t0.0\t929' / b'mq1\tmsA\t99.167\t600\t5\t0\t1\t600\t51\t650\t0.0\t2180'	
multi	megablast	2	-2	10 10	DIFF stdout line 1: b'mq1\tmsA\t99.167\t600\t5\t0\t1\t600\t51\t650\t0.0\t936' / b'mq1\tmsA\t99.167\t600\t5\t0\t1\t600\t51\t650\t0.0\t2180'	
multi	megablast	2	-2	0 2	DIFF exit 3/0: stdout line 1: b'' / b'mq1\tmsA\t99.167\t600\t5\t0\t1\t600\t51\t650\t0.0\t2180'	BLAST engine error: Error: Gap existence and extension values 0 and 2 are not supported for substitution scores 2 and -2
multi	megablast	2	-2	3 0	DIFF exit 1/0: stdout line 1: b'' / b'mq1\tmsA\t99.167\t600\t5\t0\t1\t600\t51\t650\t0.0\t2180'	BLAST query/options error: BLASTN gap extension penalty cannot be 0
multi	megablast	2	-2	-1 2	DIFF exit 3/2: stderr line 1: b'BLAST engine error: Error: Gap existence and extension values -1 and 2 are not s' / b"error: invalid value '-1' for '-gapopen <GAP_OPEN>': expected an integer >= 0"	BLAST engine error: Error: Gap existence and extension values -1 and 2 are not supported for substitution scores 2 and -2
multi	megablast	2	-4	default	DIFF stdout line 1: b'mq1\tmsA\t99.167\t600\t5\t0\t1\t600\t51\t650\t0.0\t1081' / b'mq1\tmsA\t99.167\t600\t5\t0\t1\t600\t51\t650\t0.0\t2161'	
multi	megablast	2	-4	2 2	DIFF stdout line 1: b'mq1\tmsA\t99.167\t600\t5\t0\t1\t600\t51\t650\t0.0\t964' / b'mq1\tmsA\t99.167\t600\t5\t0\t1\t600\t51\t650\t0.0\t2161'	
multi	megablast	2	-4	5 2	DIFF exit 3/0: stdout line 1: b'' / b'mq1\tmsA\t99.167\t600\t5\t0\t1\t600\t51\t650\t0.0\t2161'	BLAST engine error: Error: Gap existence and extension values 5 and 2 are not supported for substitution scores 2 and -4
multi	megablast	2	-4	0 0	DIFF stdout line 1: b'mq1\tmsA\t99.167\t600\t5\t0\t1\t600\t51\t650\t0.0\t1081' / b'mq1\tmsA\t99.167\t600\t5\t0\t1\t600\t51\t650\t0.0\t2161'	
multi	megablast	2	-4	4 4	DIFF stdout line 1: b'mq1\tmsA\t99.167\t600\t5\t0\t1\t600\t51\t650\t0.0\t1123' / b'mq1\tmsA\t99.167\t600\t5\t0\t1\t600\t51\t650\t0.0\t2161'	
multi	megablast	2	-4	6 4	DIFF stdout line 1: b'mq1\tmsA\t99.167\t600\t5\t0\t1\t600\t51\t650\t0.0\t1125' / b'mq1\tmsA\t99.167\t600\t5\t0\t1\t600\t51\t650\t0.0\t2161'	
multi	megablast	2	-4	10 10	DIFF stdout line 1: b'mq1\tmsA\t99.167\t600\t5\t0\t1\t600\t51\t650\t0.0\t1125' / b'mq1\tmsA\t99.167\t600\t5\t0\t1\t600\t51\t650\t0.0\t2161'	
multi	megablast	2	-4	0 2	DIFF exit 3/0: stdout line 1: b'' / b'mq1\tmsA\t99.167\t600\t5\t0\t1\t600\t51\t650\t0.0\t2161'	BLAST engine error: Error: Gap existence and extension values 0 and 2 are not supported for substitution scores 2 and -4
multi	megablast	2	-4	3 0	DIFF exit 1/0: stdout line 1: b'' / b'mq1\tmsA\t99.167\t600\t5\t0\t1\t600\t51\t650\t0.0\t2161'	BLAST query/options error: BLASTN gap extension penalty cannot be 0
multi	megablast	2	-4	-1 2	DIFF exit 3/2: stderr line 1: b'BLAST engine error: Error: Gap existence and extension values -1 and 2 are not s' / b"error: invalid value '-1' for '-gapopen <GAP_OPEN>': expected an integer >= 0"	BLAST engine error: Error: Gap existence and extension values -1 and 2 are not supported for substitution scores 2 and -4
multi	megablast	2	-6	default	DIFF stdout line 1: b'mq1\tmsA\t99.167\t600\t5\t0\t1\t600\t51\t650\t0.0\t1150' / b'mq1\tmsA\t99.167\t600\t5\t0\t1\t600\t51\t650\t0.0\t2143'	
multi	megablast	2	-6	2 2	DIFF stdout line 1: b'mq1\tmsA\t99.167\t600\t5\t0\t1\t600\t51\t650\t0.0\t1014' / b'mq1\tmsA\t99.167\t600\t5\t0\t1\t600\t51\t650\t0.0\t2143'	
multi	megablast	2	-6	5 2	DIFF exit 3/0: stdout line 1: b'' / b'mq1\tmsA\t99.167\t600\t5\t0\t1\t600\t51\t650\t0.0\t2143'	BLAST engine error: Error: Gap existence and extension values 5 and 2 are not supported for substitution scores 2 and -6
multi	megablast	2	-6	0 0	DIFF stdout line 1: b'mq1\tmsA\t99.167\t600\t5\t0\t1\t600\t51\t650\t0.0\t1150' / b'mq1\tmsA\t99.167\t600\t5\t0\t1\t600\t51\t650\t0.0\t2143'	
multi	megablast	2	-6	4 4	DIFF stdout line 1: b'mq1\tmsA\t99.167\t600\t5\t0\t1\t600\t51\t650\t0.0\t1146' / b'mq1\tmsA\t99.167\t600\t5\t0\t1\t600\t51\t650\t0.0\t2143'	
multi	megablast	2	-6	6 4	DIFF stdout line 1: b'mq1\tmsA\t99.167\t600\t5\t0\t1\t600\t51\t650\t0.0\t1150' / b'mq1\tmsA\t99.167\t600\t5\t0\t1\t600\t51\t650\t0.0\t2143'	
multi	megablast	2	-6	10 10	DIFF stdout line 1: b'mq1\tmsA\t99.167\t600\t5\t0\t1\t600\t51\t650\t0.0\t1150' / b'mq1\tmsA\t99.167\t600\t5\t0\t1\t600\t51\t650\t0.0\t2143'	
multi	megablast	2	-6	0 2	DIFF exit 3/0: stdout line 1: b'' / b'mq1\tmsA\t99.167\t600\t5\t0\t1\t600\t51\t650\t0.0\t2143'	BLAST engine error: Error: Gap existence and extension values 0 and 2 are not supported for substitution scores 2 and -6
multi	megablast	2	-6	3 0	DIFF exit 1/0: stdout line 1: b'' / b'mq1\tmsA\t99.167\t600\t5\t0\t1\t600\t51\t650\t0.0\t2143'	BLAST query/options error: BLASTN gap extension penalty cannot be 0
multi	megablast	2	-6	-1 2	DIFF exit 3/2: stderr line 1: b'BLAST engine error: Error: Gap existence and extension values -1 and 2 are not s' / b"error: invalid value '-1' for '-gapopen <GAP_OPEN>': expected an integer >= 0"	BLAST engine error: Error: Gap existence and extension values -1 and 2 are not supported for substitution scores 2 and -6
multi	megablast	4	-6	default	DIFF stdout line 1: b'mq1\tmsA\t99.167\t600\t5\t0\t1\t600\t51\t650\t0.0\t934' / b'mq1\tmsA\t99.167\t600\t5\t0\t1\t600\t51\t650\t0.0\t4340'	
multi	megablast	4	-6	2 2	DIFF exit 3/0: stdout line 1: b'' / b'mq1\tmsA\t99.167\t600\t5\t0\t1\t600\t51\t650\t0.0\t4340'	BLAST engine error: Error: Gap existence and extension values 2 and 2 are not supported for substitution scores 4 and -6
multi	megablast	4	-6	5 2	DIFF exit 3/0: stdout line 1: b'' / b'mq1\tmsA\t99.167\t600\t5\t0\t1\t600\t51\t650\t0.0\t4340'	BLAST engine error: Error: Gap existence and extension values 5 and 2 are not supported for substitution scores 4 and -6
multi	megablast	4	-6	0 0	DIFF stdout line 1: b'mq1\tmsA\t99.167\t600\t5\t0\t1\t600\t51\t650\t0.0\t934' / b'mq1\tmsA\t99.167\t600\t5\t0\t1\t600\t51\t650\t0.0\t4340'	
multi	megablast	4	-6	4 4	DIFF stdout line 1: b'mq1\tmsA\t99.167\t600\t5\t0\t1\t600\t51\t650\t0.0\t875' / b'mq1\tmsA\t99.167\t600\t5\t0\t1\t600\t51\t650\t0.0\t4340'	
multi	megablast	4	-6	6 4	DIFF exit 3/0: stdout line 1: b'' / b'mq1\tmsA\t99.167\t600\t5\t0\t1\t600\t51\t650\t0.0\t4340'	BLAST engine error: Error: Gap existence and extension values 6 and 4 are not supported for substitution scores 4 and -6
multi	megablast	4	-6	10 10	DIFF exit 3/0: stdout line 1: b'' / b'mq1\tmsA\t99.167\t600\t5\t0\t1\t600\t51\t650\t0.0\t4340'	BLAST engine error: Error: Gap existence and extension values 10 and 10 are not supported for substitution scores 4 and -6
multi	megablast	4	-6	0 2	DIFF exit 3/0: stdout line 1: b'' / b'mq1\tmsA\t99.167\t600\t5\t0\t1\t600\t51\t650\t0.0\t4340'	BLAST engine error: Error: Gap existence and extension values 0 and 2 are not supported for substitution scores 4 and -6
multi	megablast	4	-6	3 0	DIFF exit 1/0: stdout line 1: b'' / b'mq1\tmsA\t99.167\t600\t5\t0\t1\t600\t51\t650\t0.0\t4340'	BLAST query/options error: BLASTN gap extension penalty cannot be 0
multi	megablast	4	-6	-1 2	DIFF exit 3/2: stderr line 1: b'BLAST engine error: Error: Gap existence and extension values -1 and 2 are not s' / b"error: invalid value '-1' for '-gapopen <GAP_OPEN>': expected an integer >= 0"	BLAST engine error: Error: Gap existence and extension values -1 and 2 are not supported for substitution scores 4 and -6
multi	megablast	3	-6	default	DIFF stdout line 1: b'mq1\tmsA\t99.167\t600\t5\t0\t1\t600\t51\t650\t0.0\t1081' / b'mq1\tmsA\t99.167\t600\t5\t0\t1\t600\t51\t650\t0.0\t3241'	
multi	megablast	3	-6	2 2	DIFF exit 3/0: stdout line 1: b'' / b'mq1\tmsA\t99.167\t600\t5\t0\t1\t600\t51\t650\t0.0\t3241'	BLAST engine error: Error: Gap existence and extension values 2 and 2 are not supported for substitution scores 3 and -6
multi	megablast	3	-6	5 2	DIFF exit 3/0: stdout line 1: b'' / b'mq1\tmsA\t99.167\t600\t5\t0\t1\t600\t51\t650\t0.0\t3241'	BLAST engine error: Error: Gap existence and extension values 5 and 2 are not supported for substitution scores 3 and -6
multi	megablast	3	-6	0 0	DIFF stdout line 1: b'mq1\tmsA\t99.167\t600\t5\t0\t1\t600\t51\t650\t0.0\t1081' / b'mq1\tmsA\t99.167\t600\t5\t0\t1\t600\t51\t650\t0.0\t3241'	
multi	megablast	3	-6	4 4	DIFF exit 3/0: stdout line 1: b'' / b'mq1\tmsA\t99.167\t600\t5\t0\t1\t600\t51\t650\t0.0\t3241'	BLAST engine error: Error: Gap existence and extension values 4 and 4 are not supported for substitution scores 3 and -6
multi	megablast	3	-6	6 4	DIFF exit 3/0: stdout line 1: b'' / b'mq1\tmsA\t99.167\t600\t5\t0\t1\t600\t51\t650\t0.0\t3241'	BLAST engine error: Error: Gap existence and extension values 6 and 4 are not supported for substitution scores 3 and -6
multi	megablast	3	-6	10 10	DIFF stdout line 1: b'mq1\tmsA\t99.167\t600\t5\t0\t1\t600\t51\t650\t0.0\t1125' / b'mq1\tmsA\t99.167\t600\t5\t0\t1\t600\t51\t650\t0.0\t3241'	
multi	megablast	3	-6	0 2	DIFF exit 3/0: stdout line 1: b'' / b'mq1\tmsA\t99.167\t600\t5\t0\t1\t600\t51\t650\t0.0\t3241'	BLAST engine error: Error: Gap existence and extension values 0 and 2 are not supported for substitution scores 3 and -6
multi	megablast	3	-6	3 0	DIFF exit 1/0: stdout line 1: b'' / b'mq1\tmsA\t99.167\t600\t5\t0\t1\t600\t51\t650\t0.0\t3241'	BLAST query/options error: BLASTN gap extension penalty cannot be 0
multi	megablast	3	-6	-1 2	DIFF exit 3/2: stderr line 1: b'BLAST engine error: Error: Gap existence and extension values -1 and 2 are not s' / b"error: invalid value '-1' for '-gapopen <GAP_OPEN>': expected an integer >= 0"	BLAST engine error: Error: Gap existence and extension values -1 and 2 are not supported for substitution scores 3 and -6
multi	megablast	4	-10	default	DIFF stdout line 1: b'mq1\tmsA\t99.167\t600\t5\t0\t1\t600\t51\t650\t0.0\t1135' / b'mq1\tmsA\t99.167\t600\t5\t0\t1\t600\t51\t650\t0.0\t4303'	
multi	megablast	4	-10	2 2	DIFF exit 3/0: stdout line 1: b'' / b'mq1\tmsA\t99.167\t600\t5\t0\t1\t600\t51\t650\t0.0\t4303'	BLAST engine error: Error: Gap existence and extension values 2 and 2 are not supported for substitution scores 4 and -10
multi	megablast	4	-10	5 2	DIFF exit 3/0: stdout line 1: b'' / b'mq1\tmsA\t99.167\t600\t5\t0\t1\t600\t51\t650\t0.0\t4303'	BLAST engine error: Error: Gap existence and extension values 5 and 2 are not supported for substitution scores 4 and -10
multi	megablast	4	-10	0 0	DIFF stdout line 1: b'mq1\tmsA\t99.167\t600\t5\t0\t1\t600\t51\t650\t0.0\t1135' / b'mq1\tmsA\t99.167\t600\t5\t0\t1\t600\t51\t650\t0.0\t4303'	
multi	megablast	4	-10	4 4	DIFF stdout line 1: b'mq1\tmsA\t99.167\t600\t5\t0\t1\t600\t51\t650\t0.0\t942' / b'mq1\tmsA\t99.167\t600\t5\t0\t1\t600\t51\t650\t0.0\t4303'	
multi	megablast	4	-10	6 4	DIFF exit 3/0: stdout line 1: b'' / b'mq1\tmsA\t99.167\t600\t5\t0\t1\t600\t51\t650\t0.0\t4303'	BLAST engine error: Error: Gap existence and extension values 6 and 4 are not supported for substitution scores 4 and -10
multi	megablast	4	-10	10 10	DIFF stdout line 1: b'mq1\tmsA\t99.167\t600\t5\t0\t1\t600\t51\t650\t0.0\t1143' / b'mq1\tmsA\t99.167\t600\t5\t0\t1\t600\t51\t650\t0.0\t4303'	
multi	megablast	4	-10	0 2	DIFF exit 3/0: stdout line 1: b'' / b'mq1\tmsA\t99.167\t600\t5\t0\t1\t600\t51\t650\t0.0\t4303'	BLAST engine error: Error: Gap existence and extension values 0 and 2 are not supported for substitution scores 4 and -10
multi	megablast	4	-10	3 0	DIFF exit 1/0: stdout line 1: b'' / b'mq1\tmsA\t99.167\t600\t5\t0\t1\t600\t51\t650\t0.0\t4303'	BLAST query/options error: BLASTN gap extension penalty cannot be 0
multi	megablast	4	-10	-1 2	DIFF exit 3/2: stderr line 1: b'BLAST engine error: Error: Gap existence and extension values -1 and 2 are not s' / b"error: invalid value '-1' for '-gapopen <GAP_OPEN>': expected an integer >= 0"	BLAST engine error: Error: Gap existence and extension values -1 and 2 are not supported for substitution scores 4 and -10
multi	megablast	1	-6	default	DIFF exit 3/0: stdout line 1: b'' / b'mq1\tmsA\t99.167\t600\t5\t0\t1\t600\t51\t650\t0.0\t1044'	BLAST engine error: Error: Substitution scores 1 and -6 are not supported Error: Substitution scores 1 and -6 are not supported Error: Substitution scores 1 and
multi	megablast	1	-6	2 2	DIFF exit 3/0: stdout line 1: b'' / b'mq1\tmsA\t99.167\t600\t5\t0\t1\t600\t51\t650\t0.0\t1044'	BLAST engine error: Error: Substitution scores 1 and -6 are not supported Error: Substitution scores 1 and -6 are not supported Error: Substitution scores 1 and
multi	megablast	1	-6	5 2	DIFF exit 3/0: stdout line 1: b'' / b'mq1\tmsA\t99.167\t600\t5\t0\t1\t600\t51\t650\t0.0\t1044'	BLAST engine error: Error: Substitution scores 1 and -6 are not supported Error: Substitution scores 1 and -6 are not supported Error: Substitution scores 1 and
multi	megablast	1	-6	0 0	DIFF exit 3/0: stdout line 1: b'' / b'mq1\tmsA\t99.167\t600\t5\t0\t1\t600\t51\t650\t0.0\t1044'	BLAST engine error: Error: Substitution scores 1 and -6 are not supported Error: Substitution scores 1 and -6 are not supported Error: Substitution scores 1 and
multi	megablast	1	-6	4 4	DIFF exit 3/0: stdout line 1: b'' / b'mq1\tmsA\t99.167\t600\t5\t0\t1\t600\t51\t650\t0.0\t1044'	BLAST engine error: Error: Substitution scores 1 and -6 are not supported Error: Substitution scores 1 and -6 are not supported Error: Substitution scores 1 and
multi	megablast	1	-6	6 4	DIFF exit 3/0: stdout line 1: b'' / b'mq1\tmsA\t99.167\t600\t5\t0\t1\t600\t51\t650\t0.0\t1044'	BLAST engine error: Error: Substitution scores 1 and -6 are not supported Error: Substitution scores 1 and -6 are not supported Error: Substitution scores 1 and
multi	megablast	1	-6	10 10	DIFF exit 3/0: stdout line 1: b'' / b'mq1\tmsA\t99.167\t600\t5\t0\t1\t600\t51\t650\t0.0\t1044'	BLAST engine error: Error: Substitution scores 1 and -6 are not supported Error: Substitution scores 1 and -6 are not supported Error: Substitution scores 1 and
multi	megablast	1	-6	0 2	DIFF exit 3/0: stdout line 1: b'' / b'mq1\tmsA\t99.167\t600\t5\t0\t1\t600\t51\t650\t0.0\t1044'	BLAST engine error: Error: Substitution scores 1 and -6 are not supported Error: Substitution scores 1 and -6 are not supported Error: Substitution scores 1 and
multi	megablast	1	-6	3 0	DIFF exit 1/0: stdout line 1: b'' / b'mq1\tmsA\t99.167\t600\t5\t0\t1\t600\t51\t650\t0.0\t1044'	BLAST query/options error: BLASTN gap extension penalty cannot be 0
multi	megablast	1	-6	-1 2	DIFF exit 3/2: stderr line 1: b'BLAST engine error: Error: Substitution scores 1 and -6 are not supported Error:' / b"error: invalid value '-1' for '-gapopen <GAP_OPEN>': expected an integer >= 0"	BLAST engine error: Error: Substitution scores 1 and -6 are not supported Error: Substitution scores 1 and -6 are not supported Error: Substitution scores 1 and
multi	megablast	3	-5	default	DIFF exit 3/0: stdout line 1: b'' / b'mq1\tmsA\t99.167\t600\t5\t0\t1\t600\t51\t650\t0.0\t3251'	BLAST engine error: Error: Substitution scores 3 and -5 are not supported Error: Substitution scores 3 and -5 are not supported Error: Substitution scores 3 and
multi	megablast	3	-5	2 2	DIFF exit 3/0: stdout line 1: b'' / b'mq1\tmsA\t99.167\t600\t5\t0\t1\t600\t51\t650\t0.0\t3251'	BLAST engine error: Error: Substitution scores 3 and -5 are not supported Error: Substitution scores 3 and -5 are not supported Error: Substitution scores 3 and
multi	megablast	3	-5	5 2	DIFF exit 3/0: stdout line 1: b'' / b'mq1\tmsA\t99.167\t600\t5\t0\t1\t600\t51\t650\t0.0\t3251'	BLAST engine error: Error: Substitution scores 3 and -5 are not supported Error: Substitution scores 3 and -5 are not supported Error: Substitution scores 3 and
multi	megablast	3	-5	0 0	DIFF exit 3/0: stdout line 1: b'' / b'mq1\tmsA\t99.167\t600\t5\t0\t1\t600\t51\t650\t0.0\t3251'	BLAST engine error: Error: Substitution scores 3 and -5 are not supported Error: Substitution scores 3 and -5 are not supported Error: Substitution scores 3 and
multi	megablast	3	-5	4 4	DIFF exit 3/0: stdout line 1: b'' / b'mq1\tmsA\t99.167\t600\t5\t0\t1\t600\t51\t650\t0.0\t3251'	BLAST engine error: Error: Substitution scores 3 and -5 are not supported Error: Substitution scores 3 and -5 are not supported Error: Substitution scores 3 and
multi	megablast	3	-5	6 4	DIFF exit 3/0: stdout line 1: b'' / b'mq1\tmsA\t99.167\t600\t5\t0\t1\t600\t51\t650\t0.0\t3251'	BLAST engine error: Error: Substitution scores 3 and -5 are not supported Error: Substitution scores 3 and -5 are not supported Error: Substitution scores 3 and
multi	megablast	3	-5	10 10	DIFF exit 3/0: stdout line 1: b'' / b'mq1\tmsA\t99.167\t600\t5\t0\t1\t600\t51\t650\t0.0\t3251'	BLAST engine error: Error: Substitution scores 3 and -5 are not supported Error: Substitution scores 3 and -5 are not supported Error: Substitution scores 3 and
multi	megablast	3	-5	0 2	DIFF exit 3/0: stdout line 1: b'' / b'mq1\tmsA\t99.167\t600\t5\t0\t1\t600\t51\t650\t0.0\t3251'	BLAST engine error: Error: Substitution scores 3 and -5 are not supported Error: Substitution scores 3 and -5 are not supported Error: Substitution scores 3 and
multi	megablast	3	-5	3 0	DIFF exit 1/0: stdout line 1: b'' / b'mq1\tmsA\t99.167\t600\t5\t0\t1\t600\t51\t650\t0.0\t3251'	BLAST query/options error: BLASTN gap extension penalty cannot be 0
multi	megablast	3	-5	-1 2	DIFF exit 3/2: stderr line 1: b'BLAST engine error: Error: Substitution scores 3 and -5 are not supported Error:' / b"error: invalid value '-1' for '-gapopen <GAP_OPEN>': expected an integer >= 0"	BLAST engine error: Error: Substitution scores 3 and -5 are not supported Error: Substitution scores 3 and -5 are not supported Error: Substitution scores 3 and
multi	megablast	2	-1	default	DIFF exit 3/0: stdout line 1: b'' / b'mq1\tmsA\t99.167\t600\t5\t0\t1\t600\t51\t650\t0.0\t2189'	BLAST engine error: Error: Substitution scores 2 and -1 are not supported Error: Substitution scores 2 and -1 are not supported Error: Substitution scores 2 and
multi	megablast	2	-1	2 2	DIFF exit 3/0: stdout line 1: b'' / b'mq1\tmsA\t99.167\t600\t5\t0\t1\t600\t51\t650\t0.0\t2189'	BLAST engine error: Error: Substitution scores 2 and -1 are not supported Error: Substitution scores 2 and -1 are not supported Error: Substitution scores 2 and
multi	megablast	2	-1	5 2	DIFF exit 3/0: stdout line 1: b'' / b'mq1\tmsA\t99.167\t600\t5\t0\t1\t600\t51\t650\t0.0\t2189'	BLAST engine error: Error: Substitution scores 2 and -1 are not supported Error: Substitution scores 2 and -1 are not supported Error: Substitution scores 2 and
multi	megablast	2	-1	0 0	DIFF exit 3/0: stdout line 1: b'' / b'mq1\tmsA\t99.167\t600\t5\t0\t1\t600\t51\t650\t0.0\t2189'	BLAST engine error: Error: Substitution scores 2 and -1 are not supported Error: Substitution scores 2 and -1 are not supported Error: Substitution scores 2 and
multi	megablast	2	-1	4 4	DIFF exit 3/0: stdout line 1: b'' / b'mq1\tmsA\t99.167\t600\t5\t0\t1\t600\t51\t650\t0.0\t2189'	BLAST engine error: Error: Substitution scores 2 and -1 are not supported Error: Substitution scores 2 and -1 are not supported Error: Substitution scores 2 and
multi	megablast	2	-1	6 4	DIFF exit 3/0: stdout line 1: b'' / b'mq1\tmsA\t99.167\t600\t5\t0\t1\t600\t51\t650\t0.0\t2189'	BLAST engine error: Error: Substitution scores 2 and -1 are not supported Error: Substitution scores 2 and -1 are not supported Error: Substitution scores 2 and
multi	megablast	2	-1	10 10	DIFF exit 3/0: stdout line 1: b'' / b'mq1\tmsA\t99.167\t600\t5\t0\t1\t600\t51\t650\t0.0\t2189'	BLAST engine error: Error: Substitution scores 2 and -1 are not supported Error: Substitution scores 2 and -1 are not supported Error: Substitution scores 2 and
multi	megablast	2	-1	0 2	DIFF exit 3/0: stdout line 1: b'' / b'mq1\tmsA\t99.167\t600\t5\t0\t1\t600\t51\t650\t0.0\t2189'	BLAST engine error: Error: Substitution scores 2 and -1 are not supported Error: Substitution scores 2 and -1 are not supported Error: Substitution scores 2 and
multi	megablast	2	-1	3 0	DIFF exit 1/0: stdout line 1: b'' / b'mq1\tmsA\t99.167\t600\t5\t0\t1\t600\t51\t650\t0.0\t2189'	BLAST query/options error: BLASTN gap extension penalty cannot be 0
multi	megablast	2	-1	-1 2	DIFF exit 3/2: stderr line 1: b'BLAST engine error: Error: Substitution scores 2 and -1 are not supported Error:' / b"error: invalid value '-1' for '-gapopen <GAP_OPEN>': expected an integer >= 0"	BLAST engine error: Error: Substitution scores 2 and -1 are not supported Error: Substitution scores 2 and -1 are not supported Error: Substitution scores 2 and
multi	megablast	1	0	default	DIFF exit 1/2: stderr line 1: b'BLAST query/options error: BLASTN penalty must be negative' / b"error: invalid value '0' for '-penalty <PENALTY>': expected a negative integer"	BLAST query/options error: BLASTN penalty must be negative
multi	megablast	1	0	2 2	DIFF exit 1/2: stderr line 1: b'BLAST query/options error: BLASTN penalty must be negative' / b"error: invalid value '0' for '-penalty <PENALTY>': expected a negative integer"	BLAST query/options error: BLASTN penalty must be negative
multi	megablast	1	0	5 2	DIFF exit 1/2: stderr line 1: b'BLAST query/options error: BLASTN penalty must be negative' / b"error: invalid value '0' for '-penalty <PENALTY>': expected a negative integer"	BLAST query/options error: BLASTN penalty must be negative
multi	megablast	1	0	0 0	DIFF exit 1/2: stderr line 1: b'BLAST query/options error: BLASTN penalty must be negative' / b"error: invalid value '0' for '-penalty <PENALTY>': expected a negative integer"	BLAST query/options error: BLASTN penalty must be negative
multi	megablast	1	0	4 4	DIFF exit 1/2: stderr line 1: b'BLAST query/options error: BLASTN penalty must be negative' / b"error: invalid value '0' for '-penalty <PENALTY>': expected a negative integer"	BLAST query/options error: BLASTN penalty must be negative
multi	megablast	1	0	6 4	DIFF exit 1/2: stderr line 1: b'BLAST query/options error: BLASTN penalty must be negative' / b"error: invalid value '0' for '-penalty <PENALTY>': expected a negative integer"	BLAST query/options error: BLASTN penalty must be negative
multi	megablast	1	0	10 10	DIFF exit 1/2: stderr line 1: b'BLAST query/options error: BLASTN penalty must be negative' / b"error: invalid value '0' for '-penalty <PENALTY>': expected a negative integer"	BLAST query/options error: BLASTN penalty must be negative
multi	megablast	1	0	0 2	DIFF exit 1/2: stderr line 1: b'BLAST query/options error: BLASTN penalty must be negative' / b"error: invalid value '0' for '-penalty <PENALTY>': expected a negative integer"	BLAST query/options error: BLASTN penalty must be negative
multi	megablast	1	0	3 0	DIFF exit 1/2: stderr line 1: b'BLAST query/options error: BLASTN penalty must be negative' / b"error: invalid value '0' for '-penalty <PENALTY>': expected a negative integer"	BLAST query/options error: BLASTN penalty must be negative
multi	megablast	1	0	-1 2	DIFF exit 1/2: stderr line 1: b'BLAST query/options error: BLASTN penalty must be negative' / b"error: invalid value '0' for '-penalty <PENALTY>': expected a negative integer"	BLAST query/options error: BLASTN penalty must be negative
iupac	blastn	1	-5	default	DIFF exit 3/0: stdout line 1: b'' / b'mq1_2\tmsA\t97.000\t600\t18\t0\t1\t600\t51\t650\t0.0\t1068'	BLAST engine error: Error: Gap existence and extension values 5 and 2 are not supported for substitution scores 1 and -5
iupac	blastn	1	-5	2 2	DIFF exit 3/0: stdout line 1: b'' / b'mq1_2\tmsA\t97.000\t600\t18\t0\t1\t600\t51\t650\t0.0\t887'	BLAST engine error: Error: Gap existence and extension values 2 and 2 are not supported for substitution scores 1 and -5
iupac	blastn	1	-5	5 2	DIFF exit 3/0: stdout line 1: b'' / b'mq1_2\tmsA\t97.000\t600\t18\t0\t1\t600\t51\t650\t0.0\t1068'	BLAST engine error: Error: Gap existence and extension values 5 and 2 are not supported for substitution scores 1 and -5
iupac	blastn	1	-5	0 0	DIFF exit 1/0: stdout line 1: b'' / b'mq1_2\tmsA\t97.000\t600\t18\t0\t1\t600\t51\t650\t0.0\t1068'	BLAST query/options error: Greedy extension must be used if gap existence and extension options are zero
iupac	blastn	1	-5	4 4	DIFF stdout line 1: b'mq1_2\tmsA\t97.000\t600\t18\t0\t1\t600\t51\t650\t0.0\t1045' / b'mq1_2\tmsA\t97.000\t600\t18\t0\t1\t600\t51\t650\t0.0\t1068'	
iupac	blastn	1	-5	6 4	DIFF stdout line 1: b'mq1_2\tmsA\t97.000\t600\t18\t0\t1\t600\t51\t650\t0.0\t1045' / b'mq1_2\tmsA\t97.000\t600\t18\t0\t1\t600\t51\t650\t0.0\t1068'	
iupac	blastn	1	-5	10 10	DIFF stdout line 1: b'mq1_2\tmsA\t97.000\t600\t18\t0\t1\t600\t51\t650\t0.0\t1045' / b'mq1_2\tmsA\t97.000\t600\t18\t0\t1\t600\t51\t650\t0.0\t1068'	
iupac	blastn	1	-5	0 2	DIFF exit 3/0: stdout line 1: b'' / b'mq1_2\tmsA\t97.000\t600\t18\t0\t1\t600\t51\t650\t0.0\t1068'	BLAST engine error: Error: Gap existence and extension values 0 and 2 are not supported for substitution scores 1 and -5
iupac	blastn	1	-5	3 0	DIFF exit 1/0: stdout line 1: b'' / b'mq1_2\tmsA\t97.000\t600\t18\t0\t1\t600\t51\t650\t0.0\t1068'	BLAST query/options error: BLASTN gap extension penalty cannot be 0
iupac	blastn	1	-5	-1 2	DIFF exit 3/2: stderr line 1: b'BLAST engine error: Error: Gap existence and extension values -1 and 2 are not s' / b"error: invalid value '-1' for '-gapopen <GAP_OPEN>': expected an integer >= 0"	BLAST engine error: Error: Gap existence and extension values -1 and 2 are not supported for substitution scores 1 and -5
iupac	blastn	1	-4	default	DIFF stdout line 1: b'mq1_2\tmsA\t97.000\t600\t18\t0\t1\t600\t51\t650\t0.0\t1070' / b'mq1_2\tmsA\t97.000\t600\t18\t0\t1\t600\t51\t650\t0.0\t2060'	
iupac	blastn	1	-4	2 2	DIFF stdout line 1: b'mq1_2\tmsA\t97.000\t600\t18\t0\t1\t600\t51\t650\t0.0\t1070' / b'mq1_2\tmsA\t97.000\t600\t18\t0\t1\t600\t51\t650\t0.0\t2060'	
iupac	blastn	1	-4	5 2	DIFF stdout line 1: b'mq1_2\tmsA\t97.000\t600\t18\t0\t1\t600\t51\t650\t0.0\t1070' / b'mq1_2\tmsA\t97.000\t600\t18\t0\t1\t600\t51\t650\t0.0\t2060'	
iupac	blastn	1	-4	0 0	DIFF exit 1/0: stdout line 1: b'' / b'mq1_2\tmsA\t97.000\t600\t18\t0\t1\t600\t51\t650\t0.0\t2060'	BLAST query/options error: Greedy extension must be used if gap existence and extension options are zero
iupac	blastn	1	-4	4 4	DIFF stdout line 1: b'mq1_2\tmsA\t97.000\t600\t18\t0\t1\t600\t51\t650\t0.0\t1070' / b'mq1_2\tmsA\t97.000\t600\t18\t0\t1\t600\t51\t650\t0.0\t2060'	
iupac	blastn	1	-4	6 4	DIFF stdout line 1: b'mq1_2\tmsA\t97.000\t600\t18\t0\t1\t600\t51\t650\t0.0\t1070' / b'mq1_2\tmsA\t97.000\t600\t18\t0\t1\t600\t51\t650\t0.0\t2060'	
iupac	blastn	1	-4	10 10	DIFF stdout line 1: b'mq1_2\tmsA\t97.000\t600\t18\t0\t1\t600\t51\t650\t0.0\t1070' / b'mq1_2\tmsA\t97.000\t600\t18\t0\t1\t600\t51\t650\t0.0\t2060'	
iupac	blastn	1	-4	0 2	DIFF stdout line 1: b'mq1_2\tmsA\t97.000\t600\t18\t0\t1\t600\t51\t650\t0.0\t961' / b'mq1_2\tmsA\t97.000\t600\t18\t0\t1\t600\t51\t650\t0.0\t2060'	
iupac	blastn	1	-4	3 0	DIFF exit 1/0: stdout line 1: b'' / b'mq1_2\tmsA\t97.000\t600\t18\t0\t1\t600\t51\t650\t0.0\t2060'	BLAST query/options error: BLASTN gap extension penalty cannot be 0
iupac	blastn	1	-4	-1 2	DIFF exit 3/2: stderr line 1: b'BLAST engine error: Error: Gap existence and extension values -1 and 2 are not s' / b"error: invalid value '-1' for '-gapopen <GAP_OPEN>': expected an integer >= 0"	BLAST engine error: Error: Gap existence and extension values -1 and 2 are not supported for substitution scores 1 and -4
iupac	blastn	2	-7	default	DIFF exit 3/0: stdout line 1: b'' / b'mq1_2\tmsA\t97.000\t600\t18\t0\t1\t600\t51\t650\t0.0\t1065'	BLAST engine error: Error: Gap existence and extension values 5 and 2 are not supported for substitution scores 2 and -7
iupac	blastn	2	-7	2 2	same	
iupac	blastn	2	-7	5 2	DIFF exit 3/0: stdout line 1: b'' / b'mq1_2\tmsA\t97.000\t600\t18\t0\t1\t600\t51\t650\t0.0\t1065'	BLAST engine error: Error: Gap existence and extension values 5 and 2 are not supported for substitution scores 2 and -7
iupac	blastn	2	-7	0 0	DIFF exit 1/0: stdout line 1: b'' / b'mq1_2\tmsA\t97.000\t600\t18\t0\t1\t600\t51\t650\t0.0\t1065'	BLAST query/options error: Greedy extension must be used if gap existence and extension options are zero
iupac	blastn	2	-7	4 4	DIFF stdout line 1: b'mq1_2\tmsA\t97.000\t600\t18\t0\t1\t600\t51\t650\t0.0\t1082' / b'mq1_2\tmsA\t97.000\t600\t18\t0\t1\t600\t51\t650\t0.0\t1065'	
iupac	blastn	2	-7	6 4	DIFF stdout line 1: b'mq1_2\tmsA\t97.000\t600\t18\t0\t1\t600\t51\t650\t0.0\t1082' / b'mq1_2\tmsA\t97.000\t600\t18\t0\t1\t600\t51\t650\t0.0\t1065'	
iupac	blastn	2	-7	10 10	DIFF stdout line 1: b'mq1_2\tmsA\t97.000\t600\t18\t0\t1\t600\t51\t650\t0.0\t1082' / b'mq1_2\tmsA\t97.000\t600\t18\t0\t1\t600\t51\t650\t0.0\t1065'	
iupac	blastn	2	-7	0 2	DIFF exit 3/0: stdout line 1: b'' / b'mq1_2\tmsA\t97.000\t600\t18\t0\t1\t600\t51\t650\t0.0\t1065'	BLAST engine error: Error: Gap existence and extension values 0 and 2 are not supported for substitution scores 2 and -7
iupac	blastn	2	-7	3 0	DIFF exit 1/0: stdout line 1: b'' / b'mq1_2\tmsA\t97.000\t600\t18\t0\t1\t600\t51\t650\t0.0\t1065'	BLAST query/options error: BLASTN gap extension penalty cannot be 0
iupac	blastn	2	-7	-1 2	DIFF exit 3/2: stderr line 1: b'BLAST engine error: Error: Gap existence and extension values -1 and 2 are not s' / b"error: invalid value '-1' for '-gapopen <GAP_OPEN>': expected an integer >= 0"	BLAST engine error: Error: Gap existence and extension values -1 and 2 are not supported for substitution scores 2 and -7
iupac	blastn	1	-3	default	DIFF stdout line 1: b'mq1_2\tmsA\t97.000\t600\t18\t0\t1\t600\t51\t650\t0.0\t1091' / b'mq1_2\tmsA\t97.000\t600\t18\t0\t1\t600\t51\t650\t0.0\t1018'	
iupac	blastn	1	-3	2 2	DIFF stdout line 1: b'mq1_2\tmsA\t97.000\t600\t18\t0\t1\t600\t51\t650\t0.0\t1071' / b'mq1_2\tmsA\t97.000\t600\t18\t0\t1\t600\t51\t650\t0.0\t840'	
iupac	blastn	1	-3	5 2	DIFF stdout line 1: b'mq1_2\tmsA\t97.000\t600\t18\t0\t1\t600\t51\t650\t0.0\t1091' / b'mq1_2\tmsA\t97.000\t600\t18\t0\t1\t600\t51\t650\t0.0\t1018'	
iupac	blastn	1	-3	0 0	DIFF exit 1/0: stdout line 1: b'' / b'mq1_2\tmsA\t97.000\t600\t18\t0\t1\t600\t51\t650\t0.0\t1018'	BLAST query/options error: Greedy extension must be used if gap existence and extension options are zero
iupac	blastn	1	-3	4 4	DIFF stdout line 1: b'mq1_2\tmsA\t97.000\t600\t18\t0\t1\t600\t51\t650\t0.0\t1091' / b'mq1_2\tmsA\t97.000\t600\t18\t0\t1\t600\t51\t650\t0.0\t1026'	
iupac	blastn	1	-3	6 4	DIFF stdout line 1: b'mq1_2\tmsA\t97.000\t600\t18\t0\t1\t600\t51\t650\t0.0\t1091' / b'mq1_2\tmsA\t97.000\t600\t18\t0\t1\t600\t51\t650\t0.0\t897'	
iupac	blastn	1	-3	10 10	DIFF stdout line 1: b'mq1_2\tmsA\t97.000\t600\t18\t0\t1\t600\t51\t650\t0.0\t1091' / b'mq1_2\tmsA\t97.000\t600\t18\t0\t1\t600\t51\t650\t0.0\t897'	
iupac	blastn	1	-3	0 2	DIFF stdout line 1: b'mq1_2\tmsA\t97.000\t600\t18\t0\t1\t600\t51\t650\t0.0\t978' / b'mq1_2\tmsA\t97.000\t600\t18\t0\t1\t600\t51\t650\t0.0\t1018'	
iupac	blastn	1	-3	3 0	DIFF exit 1/0: stdout line 1: b'' / b'mq1_2\tmsA\t97.000\t600\t18\t0\t1\t600\t51\t650\t0.0\t897'	BLAST query/options error: BLASTN gap extension penalty cannot be 0
iupac	blastn	1	-3	-1 2	DIFF exit 3/2: stderr line 1: b'BLAST engine error: Error: Gap existence and extension values -1 and 2 are not s' / b"error: invalid value '-1' for '-gapopen <GAP_OPEN>': expected an integer >= 0"	BLAST engine error: Error: Gap existence and extension values -1 and 2 are not supported for substitution scores 1 and -3
iupac	blastn	2	-5	default	DIFF exit 3/0: stdout line 1: b'' / b'mq1_2\tmsA\t97.000\t600\t18\t0\t1\t600\t51\t650\t0.0\t1068'	BLAST engine error: Error: Gap existence and extension values 5 and 2 are not supported for substitution scores 2 and -5
iupac	blastn	2	-5	2 2	same	
iupac	blastn	2	-5	5 2	DIFF exit 3/0: stdout line 1: b'' / b'mq1_2\tmsA\t97.000\t600\t18\t0\t1\t600\t51\t650\t0.0\t1068'	BLAST engine error: Error: Gap existence and extension values 5 and 2 are not supported for substitution scores 2 and -5
iupac	blastn	2	-5	0 0	DIFF exit 1/0: stdout line 1: b'' / b'mq1_2\tmsA\t97.000\t600\t18\t0\t1\t600\t51\t650\t0.0\t1068'	BLAST query/options error: Greedy extension must be used if gap existence and extension options are zero
iupac	blastn	2	-5	4 4	DIFF stdout line 1: b'mq1_2\tmsA\t97.000\t600\t18\t0\t1\t600\t51\t650\t0.0\t1094' / b'mq1_2\tmsA\t97.000\t600\t18\t0\t1\t600\t51\t650\t0.0\t1068'	
iupac	blastn	2	-5	6 4	DIFF stdout line 1: b'mq1_2\tmsA\t97.000\t600\t18\t0\t1\t600\t51\t650\t0.0\t1094' / b'mq1_2\tmsA\t97.000\t600\t18\t0\t1\t600\t51\t650\t0.0\t1068'	
iupac	blastn	2	-5	10 10	DIFF stdout line 1: b'mq1_2\tmsA\t97.000\t600\t18\t0\t1\t600\t51\t650\t0.0\t1094' / b'mq1_2\tmsA\t97.000\t600\t18\t0\t1\t600\t51\t650\t0.0\t1068'	
iupac	blastn	2	-5	0 2	DIFF exit 3/0: stdout line 1: b'' / b'mq1_2\tmsA\t97.000\t600\t18\t0\t1\t600\t51\t650\t0.0\t1068'	BLAST engine error: Error: Gap existence and extension values 0 and 2 are not supported for substitution scores 2 and -5
iupac	blastn	2	-5	3 0	DIFF exit 1/0: stdout line 1: b'' / b'mq1_2\tmsA\t97.000\t600\t18\t0\t1\t600\t51\t650\t0.0\t1068'	BLAST query/options error: BLASTN gap extension penalty cannot be 0
iupac	blastn	2	-5	-1 2	DIFF exit 3/2: stderr line 1: b'BLAST engine error: Error: Gap existence and extension values -1 and 2 are not s' / b"error: invalid value '-1' for '-gapopen <GAP_OPEN>': expected an integer >= 0"	BLAST engine error: Error: Gap existence and extension values -1 and 2 are not supported for substitution scores 2 and -5
iupac	blastn	1	-2	default	DIFF stdout line 1: b'mq1_2\tmsA\t97.000\t600\t18\t0\t1\t600\t51\t650\t0.0\t1084' / b'mq1_2\tmsA\t97.000\t600\t18\t0\t1\t600\t51\t650\t0.0\t1018'	
iupac	blastn	1	-2	2 2	DIFF stdout line 1: b'mq1_2\tmsA\t97.000\t600\t18\t0\t1\t600\t51\t650\t0.0\t1065' / b'mq1_2\tmsA\t97.000\t600\t18\t0\t1\t600\t51\t650\t0.0\t840'	
iupac	blastn	1	-2	5 2	DIFF stdout line 1: b'mq1_2\tmsA\t97.000\t600\t18\t0\t1\t600\t51\t650\t0.0\t1084' / b'mq1_2\tmsA\t97.000\t600\t18\t0\t1\t600\t51\t650\t0.0\t1018'	
iupac	blastn	1	-2	0 0	DIFF exit 1/0: stdout line 1: b'' / b'mq1_2\tmsA\t97.000\t600\t18\t0\t1\t600\t51\t650\t0.0\t1018'	BLAST query/options error: Greedy extension must be used if gap existence and extension options are zero
iupac	blastn	1	-2	4 4	DIFF stdout line 1: b'mq1_2\tmsA\t97.000\t600\t18\t0\t1\t600\t51\t650\t0.0\t1084' / b'mq1_2\tmsA\t97.000\t600\t18\t0\t1\t600\t51\t650\t0.0\t1026'	
iupac	blastn	1	-2	6 4	DIFF stdout line 1: b'mq1_2\tmsA\t97.000\t600\t18\t0\t1\t600\t51\t650\t0.0\t1084' / b'mq1_2\tmsA\t97.000\t600\t18\t0\t1\t600\t51\t650\t0.0\t897'	
iupac	blastn	1	-2	10 10	DIFF stdout line 1: b'mq1_2\tmsA\t97.000\t600\t18\t0\t1\t600\t51\t650\t0.0\t1084' / b'mq1_2\tmsA\t97.000\t600\t18\t0\t1\t600\t51\t650\t0.0\t897'	
iupac	blastn	1	-2	0 2	DIFF stdout line 1: b'mq1_2\tmsA\t97.000\t600\t18\t0\t1\t600\t51\t650\t0.0\t954' / b'mq1_2\tmsA\t97.000\t600\t18\t0\t1\t600\t51\t650\t0.0\t1018'	
iupac	blastn	1	-2	3 0	DIFF exit 1/0: stdout line 1: b'' / b'mq1_2\tmsA\t97.000\t600\t18\t0\t1\t600\t51\t650\t0.0\t897'	BLAST query/options error: BLASTN gap extension penalty cannot be 0
iupac	blastn	1	-2	-1 2	DIFF exit 3/2: stderr line 1: b'BLAST engine error: Error: Gap existence and extension values -1 and 2 are not s' / b"error: invalid value '-1' for '-gapopen <GAP_OPEN>': expected an integer >= 0"	BLAST engine error: Error: Gap existence and extension values -1 and 2 are not supported for substitution scores 1 and -2
iupac	blastn	2	-3	default	same	
iupac	blastn	2	-3	2 2	same	
iupac	blastn	2	-3	5 2	same	
iupac	blastn	2	-3	0 0	DIFF exit 1/0: stdout line 1: b'' / b'mq1_2\tmsA\t97.000\t600\t18\t0\t1\t600\t51\t650\t0.0\t1018'	BLAST query/options error: Greedy extension must be used if gap existence and extension options are zero
iupac	blastn	2	-3	4 4	same	
iupac	blastn	2	-3	6 4	DIFF stdout line 1: b'mq1_2\tmsA\t97.000\t600\t18\t0\t1\t600\t51\t650\t0.0\t1047' / b'mq1_2\tmsA\t97.000\t600\t18\t0\t1\t600\t51\t650\t0.0\t897'	
iupac	blastn	2	-3	10 10	DIFF stdout line 1: b'mq1_2\tmsA\t97.000\t600\t18\t0\t1\t600\t51\t650\t0.0\t1047' / b'mq1_2\tmsA\t97.000\t600\t18\t0\t1\t600\t51\t650\t0.0\t897'	
iupac	blastn	2	-3	0 2	DIFF exit 3/0: stdout line 1: b'' / b'mq1_2\tmsA\t97.000\t600\t18\t0\t1\t600\t51\t650\t0.0\t1018'	BLAST engine error: Error: Gap existence and extension values 0 and 2 are not supported for substitution scores 2 and -3
iupac	blastn	2	-3	3 0	DIFF exit 1/0: stdout line 1: b'' / b'mq1_2\tmsA\t97.000\t600\t18\t0\t1\t600\t51\t650\t0.0\t897'	BLAST query/options error: BLASTN gap extension penalty cannot be 0
iupac	blastn	2	-3	-1 2	DIFF exit 3/2: stderr line 1: b'BLAST engine error: Error: Gap existence and extension values -1 and 2 are not s' / b"error: invalid value '-1' for '-gapopen <GAP_OPEN>': expected an integer >= 0"	BLAST engine error: Error: Gap existence and extension values -1 and 2 are not supported for substitution scores 2 and -3
iupac	blastn	3	-4	default	same	
iupac	blastn	3	-4	2 2	DIFF exit 3/0: stdout line 1: b'' / b'mq1_2\tmsA\t97.000\t600\t18\t0\t1\t600\t51\t650\t0.0\t954'	BLAST engine error: Error: Gap existence and extension values 2 and 2 are not supported for substitution scores 3 and -4
iupac	blastn	3	-4	5 2	same	
iupac	blastn	3	-4	0 0	DIFF exit 1/0: stdout line 1: b'' / b'mq1_2\tmsA\t97.000\t600\t18\t0\t1\t600\t51\t650\t0.0\t811'	BLAST query/options error: Greedy extension must be used if gap existence and extension options are zero
iupac	blastn	3	-4	4 4	DIFF exit 3/0: stdout line 1: b'' / b'mq1_2\tmsA\t97.000\t600\t18\t0\t1\t600\t51\t650\t0.0\t954'	BLAST engine error: Error: Gap existence and extension values 4 and 4 are not supported for substitution scores 3 and -4
iupac	blastn	3	-4	6 4	DIFF stdout line 1: b'mq1_2\tmsA\t97.000\t600\t18\t0\t1\t600\t51\t650\t0.0\t1020' / b'mq1_2\tmsA\t97.000\t600\t18\t0\t1\t600\t51\t650\t0.0\t954'	
iupac	blastn	3	-4	10 10	DIFF stdout line 1: b'mq1_2\tmsA\t97.000\t600\t18\t0\t1\t600\t51\t650\t0.0\t1020' / b'mq1_2\tmsA\t97.000\t600\t18\t0\t1\t600\t51\t650\t0.0\t954'	
iupac	blastn	3	-4	0 2	DIFF exit 3/0: stdout line 1: b'' / b'mq1_2\tmsA\t97.000\t600\t18\t0\t1\t600\t51\t650\t0.0\t811'	BLAST engine error: Error: Gap existence and extension values 0 and 2 are not supported for substitution scores 3 and -4
iupac	blastn	3	-4	3 0	DIFF exit 1/0: stdout line 1: b'' / b'mq1_2\tmsA\t97.000\t600\t18\t0\t1\t600\t51\t650\t0.0\t954'	BLAST query/options error: BLASTN gap extension penalty cannot be 0
iupac	blastn	3	-4	-1 2	DIFF exit 3/2: stderr line 1: b'BLAST engine error: Error: Gap existence and extension values -1 and 2 are not s' / b"error: invalid value '-1' for '-gapopen <GAP_OPEN>': expected an integer >= 0"	BLAST engine error: Error: Gap existence and extension values -1 and 2 are not supported for substitution scores 3 and -4
iupac	blastn	1	-1	default	DIFF stdout line 1: b'mq1_2\tmsA\t97.000\t600\t18\t0\t1\t600\t51\t650\t0.0\t919' / b'mq1_2\tmsA\t97.000\t600\t18\t0\t1\t600\t51\t650\t0.0\t2143'	
iupac	blastn	1	-1	2 2	DIFF stdout line 1: b'mq1_2\tmsA\t97.000\t600\t18\t0\t1\t600\t51\t650\t0.0\t886' / b'mq1_2\tmsA\t97.000\t600\t18\t0\t1\t600\t51\t650\t0.0\t2143'	
iupac	blastn	1	-1	5 2	DIFF stdout line 1: b'mq1_2\tmsA\t97.000\t600\t18\t0\t1\t600\t51\t650\t0.0\t919' / b'mq1_2\tmsA\t97.000\t600\t18\t0\t1\t600\t51\t650\t0.0\t2143'	
iupac	blastn	1	-1	0 0	DIFF exit 1/0: stdout line 1: b'' / b'mq1_2\tmsA\t97.000\t600\t18\t0\t1\t600\t51\t650\t0.0\t2143'	BLAST query/options error: Greedy extension must be used if gap existence and extension options are zero
iupac	blastn	1	-1	4 4	DIFF stdout line 1: b'mq1_2\tmsA\t97.000\t600\t18\t0\t1\t600\t51\t650\t0.0\t919' / b'mq1_2\tmsA\t97.000\t600\t18\t0\t1\t600\t51\t650\t0.0\t2143'	
iupac	blastn	1	-1	6 4	DIFF stdout line 1: b'mq1_2\tmsA\t97.000\t600\t18\t0\t1\t600\t51\t650\t0.0\t919' / b'mq1_2\tmsA\t97.000\t600\t18\t0\t1\t600\t51\t650\t0.0\t2143'	
iupac	blastn	1	-1	10 10	DIFF stdout line 1: b'mq1_2\tmsA\t97.000\t600\t18\t0\t1\t600\t51\t650\t0.0\t919' / b'mq1_2\tmsA\t97.000\t600\t18\t0\t1\t600\t51\t650\t0.0\t2143'	
iupac	blastn	1	-1	0 2	DIFF stdout line 1: b'mq1_2\tmsA\t97.000\t600\t18\t0\t1\t600\t51\t650\t0.0\t665' / b'mq1_2\tmsA\t97.000\t600\t18\t0\t1\t600\t51\t650\t0.0\t2143'	
iupac	blastn	1	-1	3 0	DIFF exit 1/0: stdout line 1: b'' / b'mq1_2\tmsA\t97.000\t600\t18\t0\t1\t600\t51\t650\t0.0\t2143'	BLAST query/options error: BLASTN gap extension penalty cannot be 0
iupac	blastn	1	-1	-1 2	DIFF exit 3/2: stderr line 1: b'BLAST engine error: Error: Gap existence and extension values -1 and 2 are not s' / b"error: invalid value '-1' for '-gapopen <GAP_OPEN>': expected an integer >= 0"	BLAST engine error: Error: Gap existence and extension values -1 and 2 are not supported for substitution scores 1 and -1
iupac	blastn	3	-2	default	DIFF exit 3/0: stdout line 1: b'' / b'mq1_2\tmsA\t97.000\t600\t18\t0\t1\t600\t51\t650\t0.0\t3168'	BLAST engine error: Error: Gap existence and extension values 5 and 2 are not supported for substitution scores 3 and -2
iupac	blastn	3	-2	2 2	DIFF exit 3/0: stdout line 1: b'' / b'mq1_2\tmsA\t97.000\t600\t18\t0\t1\t600\t51\t650\t0.0\t3168'	BLAST engine error: Error: Gap existence and extension values 2 and 2 are not supported for substitution scores 3 and -2
iupac	blastn	3	-2	5 2	DIFF exit 3/0: stdout line 1: b'' / b'mq1_2\tmsA\t97.000\t600\t18\t0\t1\t600\t51\t650\t0.0\t3168'	BLAST engine error: Error: Gap existence and extension values 5 and 2 are not supported for substitution scores 3 and -2
iupac	blastn	3	-2	0 0	DIFF exit 1/0: stdout line 1: b'' / b'mq1_2\tmsA\t97.000\t600\t18\t0\t1\t600\t51\t650\t0.0\t3168'	BLAST query/options error: Greedy extension must be used if gap existence and extension options are zero
iupac	blastn	3	-2	4 4	DIFF exit 3/0: stdout line 1: b'' / b'mq1_2\tmsA\t97.000\t600\t18\t0\t1\t600\t51\t650\t0.0\t3168'	BLAST engine error: Error: Gap existence and extension values 4 and 4 are not supported for substitution scores 3 and -2
iupac	blastn	3	-2	6 4	DIFF exit 3/0: stdout line 1: b'' / b'mq1_2\tmsA\t97.000\t600\t18\t0\t1\t600\t51\t650\t0.0\t3168'	BLAST engine error: Error: Gap existence and extension values 6 and 4 are not supported for substitution scores 3 and -2
iupac	blastn	3	-2	10 10	DIFF stdout line 1: b'mq1_2\tmsA\t97.000\t600\t18\t0\t1\t600\t51\t650\t0.0\t686' / b'mq1_2\tmsA\t97.000\t600\t18\t0\t1\t600\t51\t650\t0.0\t3168'	
iupac	blastn	3	-2	0 2	DIFF exit 3/0: stdout line 1: b'' / b'mq1_2\tmsA\t97.000\t600\t18\t0\t1\t600\t51\t650\t0.0\t3168'	BLAST engine error: Error: Gap existence and extension values 0 and 2 are not supported for substitution scores 3 and -2
iupac	blastn	3	-2	3 0	DIFF exit 1/0: stdout line 1: b'' / b'mq1_2\tmsA\t97.000\t600\t18\t0\t1\t600\t51\t650\t0.0\t3168'	BLAST query/options error: BLASTN gap extension penalty cannot be 0
iupac	blastn	3	-2	-1 2	DIFF exit 3/2: stderr line 1: b'BLAST engine error: Error: Gap existence and extension values -1 and 2 are not s' / b"error: invalid value '-1' for '-gapopen <GAP_OPEN>': expected an integer >= 0"	BLAST engine error: Error: Gap existence and extension values -1 and 2 are not supported for substitution scores 3 and -2
iupac	blastn	4	-5	default	DIFF exit 3/0: stdout line 1: b'' / b'mq1_2\tmsA\t97.000\t600\t18\t0\t1\t600\t51\t650\t0.0\t724'	BLAST engine error: Error: Gap existence and extension values 5 and 2 are not supported for substitution scores 4 and -5
iupac	blastn	4	-5	2 2	DIFF exit 3/0: stdout line 1: b'' / b'mq1_2\tmsA\t97.000\t600\t18\t0\t1\t600\t51\t650\t0.0\t724'	BLAST engine error: Error: Gap existence and extension values 2 and 2 are not supported for substitution scores 4 and -5
iupac	blastn	4	-5	5 2	DIFF exit 3/0: stdout line 1: b'' / b'mq1_2\tmsA\t97.000\t600\t18\t0\t1\t600\t51\t650\t0.0\t724'	BLAST engine error: Error: Gap existence and extension values 5 and 2 are not supported for substitution scores 4 and -5
iupac	blastn	4	-5	0 0	DIFF exit 1/0: stdout line 1: b'' / b'mq1_2\tmsA\t97.000\t600\t18\t0\t1\t600\t51\t650\t0.0\t724'	BLAST query/options error: Greedy extension must be used if gap existence and extension options are zero
iupac	blastn	4	-5	4 4	DIFF exit 3/0: stdout line 1: b'' / b'mq1_2\tmsA\t97.000\t600\t18\t0\t1\t600\t51\t650\t0.0\t724'	BLAST engine error: Error: Gap existence and extension values 4 and 4 are not supported for substitution scores 4 and -5
iupac	blastn	4	-5	6 4	DIFF exit 3/0: stdout line 1: b'' / b'mq1_2\tmsA\t97.000\t600\t18\t0\t1\t600\t51\t650\t0.0\t724'	BLAST engine error: Error: Gap existence and extension values 6 and 4 are not supported for substitution scores 4 and -5
iupac	blastn	4	-5	10 10	DIFF exit 3/0: stdout line 1: b'' / b'mq1_2\tmsA\t97.000\t600\t18\t0\t1\t600\t51\t650\t0.0\t724'	BLAST engine error: Error: Gap existence and extension values 10 and 10 are not supported for substitution scores 4 and -5
iupac	blastn	4	-5	0 2	DIFF exit 3/0: stdout line 1: b'' / b'mq1_2\tmsA\t97.000\t600\t18\t0\t1\t600\t51\t650\t0.0\t724'	BLAST engine error: Error: Gap existence and extension values 0 and 2 are not supported for substitution scores 4 and -5
iupac	blastn	4	-5	3 0	DIFF exit 1/0: stdout line 1: b'' / b'mq1_2\tmsA\t97.000\t600\t18\t0\t1\t600\t51\t650\t0.0\t724'	BLAST query/options error: BLASTN gap extension penalty cannot be 0
iupac	blastn	4	-5	-1 2	DIFF exit 3/2: stderr line 1: b'BLAST engine error: Error: Gap existence and extension values -1 and 2 are not s' / b"error: invalid value '-1' for '-gapopen <GAP_OPEN>': expected an integer >= 0"	BLAST engine error: Error: Gap existence and extension values -1 and 2 are not supported for substitution scores 4 and -5
iupac	blastn	5	-4	default	DIFF exit 3/0: stdout line 1: b'' / b'mq1_2\tmsA\t97.000\t600\t18\t0\t1\t600\t51\t650\t0.0\t679'	BLAST engine error: Error: Gap existence and extension values 5 and 2 are not supported for substitution scores 5 and -4
iupac	blastn	5	-4	2 2	DIFF exit 3/0: stdout line 1: b'' / b'mq1_2\tmsA\t97.000\t600\t18\t0\t1\t600\t51\t650\t0.0\t679'	BLAST engine error: Error: Gap existence and extension values 2 and 2 are not supported for substitution scores 5 and -4
iupac	blastn	5	-4	5 2	DIFF exit 3/0: stdout line 1: b'' / b'mq1_2\tmsA\t97.000\t600\t18\t0\t1\t600\t51\t650\t0.0\t679'	BLAST engine error: Error: Gap existence and extension values 5 and 2 are not supported for substitution scores 5 and -4
iupac	blastn	5	-4	0 0	DIFF exit 1/0: stdout line 1: b'' / b'mq1_2\tmsA\t97.000\t600\t18\t0\t1\t600\t51\t650\t0.0\t679'	BLAST query/options error: Greedy extension must be used if gap existence and extension options are zero
iupac	blastn	5	-4	4 4	DIFF exit 3/0: stdout line 1: b'' / b'mq1_2\tmsA\t97.000\t600\t18\t0\t1\t600\t51\t650\t0.0\t679'	BLAST engine error: Error: Gap existence and extension values 4 and 4 are not supported for substitution scores 5 and -4
iupac	blastn	5	-4	6 4	DIFF exit 3/0: stdout line 1: b'' / b'mq1_2\tmsA\t97.000\t600\t18\t0\t1\t600\t51\t650\t0.0\t679'	BLAST engine error: Error: Gap existence and extension values 6 and 4 are not supported for substitution scores 5 and -4
iupac	blastn	5	-4	10 10	DIFF exit 3/0: stdout line 1: b'' / b'mq1_2\tmsA\t97.000\t600\t18\t0\t1\t600\t51\t650\t0.0\t679'	BLAST engine error: Error: Gap existence and extension values 10 and 10 are not supported for substitution scores 5 and -4
iupac	blastn	5	-4	0 2	DIFF exit 3/0: stdout line 1: b'' / b'mq1_2\tmsA\t97.000\t600\t18\t0\t1\t600\t51\t650\t0.0\t679'	BLAST engine error: Error: Gap existence and extension values 0 and 2 are not supported for substitution scores 5 and -4
iupac	blastn	5	-4	3 0	DIFF exit 1/0: stdout line 1: b'' / b'mq1_2\tmsA\t97.000\t600\t18\t0\t1\t600\t51\t650\t0.0\t679'	BLAST query/options error: BLASTN gap extension penalty cannot be 0
iupac	blastn	5	-4	-1 2	DIFF exit 3/2: stderr line 1: b'BLAST engine error: Error: Gap existence and extension values -1 and 2 are not s' / b"error: invalid value '-1' for '-gapopen <GAP_OPEN>': expected an integer >= 0"	BLAST engine error: Error: Gap existence and extension values -1 and 2 are not supported for substitution scores 5 and -4
iupac	blastn	2	-2	default	DIFF exit 3/0: stdout line 1: b'' / b'mq1_2\tmsA\t97.000\t600\t18\t0\t1\t600\t51\t650\t0.0\t1018'	BLAST engine error: Error: Gap existence and extension values 5 and 2 are not supported for substitution scores 2 and -2
iupac	blastn	2	-2	2 2	DIFF exit 3/0: stdout line 1: b'' / b'mq1_2\tmsA\t97.000\t600\t18\t0\t1\t600\t51\t650\t0.0\t840'	BLAST engine error: Error: Gap existence and extension values 2 and 2 are not supported for substitution scores 2 and -2
iupac	blastn	2	-2	5 2	DIFF exit 3/0: stdout line 1: b'' / b'mq1_2\tmsA\t97.000\t600\t18\t0\t1\t600\t51\t650\t0.0\t1018'	BLAST engine error: Error: Gap existence and extension values 5 and 2 are not supported for substitution scores 2 and -2
iupac	blastn	2	-2	0 0	DIFF exit 1/0: stdout line 1: b'' / b'mq1_2\tmsA\t97.000\t600\t18\t0\t1\t600\t51\t650\t0.0\t1018'	BLAST query/options error: Greedy extension must be used if gap existence and extension options are zero
iupac	blastn	2	-2	4 4	DIFF stdout line 1: b'mq1_2\tmsA\t97.000\t600\t18\t0\t1\t600\t51\t650\t0.0\t883' / b'mq1_2\tmsA\t97.000\t600\t18\t0\t1\t600\t51\t650\t0.0\t1026'	
iupac	blastn	2	-2	6 4	DIFF stdout line 1: b'mq1_2\tmsA\t97.000\t600\t18\t0\t1\t600\t51\t650\t0.0\t899' / b'mq1_2\tmsA\t97.000\t600\t18\t0\t1\t600\t51\t650\t0.0\t897'	
iupac	blastn	2	-2	10 10	DIFF stdout line 1: b'mq1_2\tmsA\t97.000\t600\t18\t0\t1\t600\t51\t650\t0.0\t921' / b'mq1_2\tmsA\t97.000\t600\t18\t0\t1\t600\t51\t650\t0.0\t897'	
iupac	blastn	2	-2	0 2	DIFF exit 3/0: stdout line 1: b'' / b'mq1_2\tmsA\t97.000\t600\t18\t0\t1\t600\t51\t650\t0.0\t1018'	BLAST engine error: Error: Gap existence and extension values 0 and 2 are not supported for substitution scores 2 and -2
iupac	blastn	2	-2	3 0	DIFF exit 1/0: stdout line 1: b'' / b'mq1_2\tmsA\t97.000\t600\t18\t0\t1\t600\t51\t650\t0.0\t897'	BLAST query/options error: BLASTN gap extension penalty cannot be 0
iupac	blastn	2	-2	-1 2	DIFF exit 3/2: stderr line 1: b'BLAST engine error: Error: Gap existence and extension values -1 and 2 are not s' / b"error: invalid value '-1' for '-gapopen <GAP_OPEN>': expected an integer >= 0"	BLAST engine error: Error: Gap existence and extension values -1 and 2 are not supported for substitution scores 2 and -2
iupac	blastn	2	-4	default	DIFF exit 3/0: stdout line 1: b'' / b'mq1_2\tmsA\t97.000\t600\t18\t0\t1\t600\t51\t650\t0.0\t2060'	BLAST engine error: Error: Gap existence and extension values 5 and 2 are not supported for substitution scores 2 and -4
iupac	blastn	2	-4	2 2	DIFF stdout line 1: b'mq1_2\tmsA\t97.000\t600\t18\t0\t1\t600\t51\t650\t0.0\t918' / b'mq1_2\tmsA\t97.000\t600\t18\t0\t1\t600\t51\t650\t0.0\t2060'	
iupac	blastn	2	-4	5 2	DIFF exit 3/0: stdout line 1: b'' / b'mq1_2\tmsA\t97.000\t600\t18\t0\t1\t600\t51\t650\t0.0\t2060'	BLAST engine error: Error: Gap existence and extension values 5 and 2 are not supported for substitution scores 2 and -4
iupac	blastn	2	-4	0 0	DIFF exit 1/0: stdout line 1: b'' / b'mq1_2\tmsA\t97.000\t600\t18\t0\t1\t600\t51\t650\t0.0\t2060'	BLAST query/options error: Greedy extension must be used if gap existence and extension options are zero
iupac	blastn	2	-4	4 4	DIFF stdout line 1: b'mq1_2\tmsA\t97.000\t600\t18\t0\t1\t600\t51\t650\t0.0\t1070' / b'mq1_2\tmsA\t97.000\t600\t18\t0\t1\t600\t51\t650\t0.0\t2060'	
iupac	blastn	2	-4	6 4	DIFF stdout line 1: b'mq1_2\tmsA\t97.000\t600\t18\t0\t1\t600\t51\t650\t0.0\t1088' / b'mq1_2\tmsA\t97.000\t600\t18\t0\t1\t600\t51\t650\t0.0\t2060'	
iupac	blastn	2	-4	10 10	DIFF stdout line 1: b'mq1_2\tmsA\t97.000\t600\t18\t0\t1\t600\t51\t650\t0.0\t1088' / b'mq1_2\tmsA\t97.000\t600\t18\t0\t1\t600\t51\t650\t0.0\t2060'	
iupac	blastn	2	-4	0 2	DIFF exit 3/0: stdout line 1: b'' / b'mq1_2\tmsA\t97.000\t600\t18\t0\t1\t600\t51\t650\t0.0\t2060'	BLAST engine error: Error: Gap existence and extension values 0 and 2 are not supported for substitution scores 2 and -4
iupac	blastn	2	-4	3 0	DIFF exit 1/0: stdout line 1: b'' / b'mq1_2\tmsA\t97.000\t600\t18\t0\t1\t600\t51\t650\t0.0\t2060'	BLAST query/options error: BLASTN gap extension penalty cannot be 0
iupac	blastn	2	-4	-1 2	DIFF exit 3/2: stderr line 1: b'BLAST engine error: Error: Gap existence and extension values -1 and 2 are not s' / b"error: invalid value '-1' for '-gapopen <GAP_OPEN>': expected an integer >= 0"	BLAST engine error: Error: Gap existence and extension values -1 and 2 are not supported for substitution scores 2 and -4
iupac	blastn	2	-6	default	DIFF exit 3/0: stdout line 1: b'' / b'mq1_2\tmsA\t97.000\t600\t18\t0\t1\t600\t51\t650\t0.0\t2010'	BLAST engine error: Error: Gap existence and extension values 5 and 2 are not supported for substitution scores 2 and -6
iupac	blastn	2	-6	2 2	DIFF stdout line 1: b'mq1_2\tmsA\t97.000\t600\t18\t0\t1\t600\t51\t650\t0.0\t951' / b'mq1_2\tmsA\t97.000\t600\t18\t0\t1\t600\t51\t650\t0.0\t2010'	
iupac	blastn	2	-6	5 2	DIFF exit 3/0: stdout line 1: b'' / b'mq1_2\tmsA\t97.000\t600\t18\t0\t1\t600\t51\t650\t0.0\t2010'	BLAST engine error: Error: Gap existence and extension values 5 and 2 are not supported for substitution scores 2 and -6
iupac	blastn	2	-6	0 0	DIFF exit 1/0: stdout line 1: b'' / b'mq1_2\tmsA\t97.000\t600\t18\t0\t1\t600\t51\t650\t0.0\t2010'	BLAST query/options error: Greedy extension must be used if gap existence and extension options are zero
iupac	blastn	2	-6	4 4	DIFF stdout line 1: b'mq1_2\tmsA\t97.000\t600\t18\t0\t1\t600\t51\t650\t0.0\t1075' / b'mq1_2\tmsA\t97.000\t600\t18\t0\t1\t600\t51\t650\t0.0\t2010'	
iupac	blastn	2	-6	6 4	DIFF stdout line 1: b'mq1_2\tmsA\t97.000\t600\t18\t0\t1\t600\t51\t650\t0.0\t1095' / b'mq1_2\tmsA\t97.000\t600\t18\t0\t1\t600\t51\t650\t0.0\t2010'	
iupac	blastn	2	-6	10 10	DIFF stdout line 1: b'mq1_2\tmsA\t97.000\t600\t18\t0\t1\t600\t51\t650\t0.0\t1095' / b'mq1_2\tmsA\t97.000\t600\t18\t0\t1\t600\t51\t650\t0.0\t2010'	
iupac	blastn	2	-6	0 2	DIFF exit 3/0: stdout line 1: b'' / b'mq1_2\tmsA\t97.000\t600\t18\t0\t1\t600\t51\t650\t0.0\t2010'	BLAST engine error: Error: Gap existence and extension values 0 and 2 are not supported for substitution scores 2 and -6
iupac	blastn	2	-6	3 0	DIFF exit 1/0: stdout line 1: b'' / b'mq1_2\tmsA\t97.000\t600\t18\t0\t1\t600\t51\t650\t0.0\t2010'	BLAST query/options error: BLASTN gap extension penalty cannot be 0
iupac	blastn	2	-6	-1 2	DIFF exit 3/2: stderr line 1: b'BLAST engine error: Error: Gap existence and extension values -1 and 2 are not s' / b"error: invalid value '-1' for '-gapopen <GAP_OPEN>': expected an integer >= 0"	BLAST engine error: Error: Gap existence and extension values -1 and 2 are not supported for substitution scores 2 and -6
iupac	blastn	4	-6	default	DIFF exit 3/0: stdout line 1: b'' / b'mq1_2\tmsA\t97.000\t600\t18\t0\t1\t600\t51\t650\t0.0\t4169'	BLAST engine error: Error: Gap existence and extension values 5 and 2 are not supported for substitution scores 4 and -6
iupac	blastn	4	-6	2 2	DIFF exit 3/0: stdout line 1: b'' / b'mq1_2\tmsA\t97.000\t600\t18\t0\t1\t600\t51\t650\t0.0\t4169'	BLAST engine error: Error: Gap existence and extension values 2 and 2 are not supported for substitution scores 4 and -6
iupac	blastn	4	-6	5 2	DIFF exit 3/0: stdout line 1: b'' / b'mq1_2\tmsA\t97.000\t600\t18\t0\t1\t600\t51\t650\t0.0\t4169'	BLAST engine error: Error: Gap existence and extension values 5 and 2 are not supported for substitution scores 4 and -6
iupac	blastn	4	-6	0 0	DIFF exit 1/0: stdout line 1: b'' / b'mq1_2\tmsA\t97.000\t600\t18\t0\t1\t600\t51\t650\t0.0\t4169'	BLAST query/options error: Greedy extension must be used if gap existence and extension options are zero
iupac	blastn	4	-6	4 4	DIFF stdout line 1: b'mq1_2\tmsA\t97.000\t600\t18\t0\t1\t600\t51\t650\t0.0\t841' / b'mq1_2\tmsA\t97.000\t600\t18\t0\t1\t600\t51\t650\t0.0\t4169'	
iupac	blastn	4	-6	6 4	DIFF exit 3/0: stdout line 1: b'' / b'mq1_2\tmsA\t97.000\t600\t18\t0\t1\t600\t51\t650\t0.0\t4169'	BLAST engine error: Error: Gap existence and extension values 6 and 4 are not supported for substitution scores 4 and -6
iupac	blastn	4	-6	10 10	DIFF exit 3/0: stdout line 1: b'' / b'mq1_2\tmsA\t97.000\t600\t18\t0\t1\t600\t51\t650\t0.0\t4169'	BLAST engine error: Error: Gap existence and extension values 10 and 10 are not supported for substitution scores 4 and -6
iupac	blastn	4	-6	0 2	DIFF exit 3/0: stdout line 1: b'' / b'mq1_2\tmsA\t97.000\t600\t18\t0\t1\t600\t51\t650\t0.0\t4169'	BLAST engine error: Error: Gap existence and extension values 0 and 2 are not supported for substitution scores 4 and -6
iupac	blastn	4	-6	3 0	DIFF exit 1/0: stdout line 1: b'' / b'mq1_2\tmsA\t97.000\t600\t18\t0\t1\t600\t51\t650\t0.0\t4169'	BLAST query/options error: BLASTN gap extension penalty cannot be 0
iupac	blastn	4	-6	-1 2	DIFF exit 3/2: stderr line 1: b'BLAST engine error: Error: Gap existence and extension values -1 and 2 are not s' / b"error: invalid value '-1' for '-gapopen <GAP_OPEN>': expected an integer >= 0"	BLAST engine error: Error: Gap existence and extension values -1 and 2 are not supported for substitution scores 4 and -6
iupac	blastn	3	-6	default	DIFF exit 3/0: stdout line 1: b'' / b'mq1_2\tmsA\t97.000\t600\t18\t0\t1\t600\t51\t650\t0.0\t3085'	BLAST engine error: Error: Gap existence and extension values 5 and 2 are not supported for substitution scores 3 and -6
iupac	blastn	3	-6	2 2	DIFF exit 3/0: stdout line 1: b'' / b'mq1_2\tmsA\t97.000\t600\t18\t0\t1\t600\t51\t650\t0.0\t3085'	BLAST engine error: Error: Gap existence and extension values 2 and 2 are not supported for substitution scores 3 and -6
iupac	blastn	3	-6	5 2	DIFF exit 3/0: stdout line 1: b'' / b'mq1_2\tmsA\t97.000\t600\t18\t0\t1\t600\t51\t650\t0.0\t3085'	BLAST engine error: Error: Gap existence and extension values 5 and 2 are not supported for substitution scores 3 and -6
iupac	blastn	3	-6	0 0	DIFF exit 1/0: stdout line 1: b'' / b'mq1_2\tmsA\t97.000\t600\t18\t0\t1\t600\t51\t650\t0.0\t3085'	BLAST query/options error: Greedy extension must be used if gap existence and extension options are zero
iupac	blastn	3	-6	4 4	DIFF exit 3/0: stdout line 1: b'' / b'mq1_2\tmsA\t97.000\t600\t18\t0\t1\t600\t51\t650\t0.0\t3085'	BLAST engine error: Error: Gap existence and extension values 4 and 4 are not supported for substitution scores 3 and -6
iupac	blastn	3	-6	6 4	DIFF exit 3/0: stdout line 1: b'' / b'mq1_2\tmsA\t97.000\t600\t18\t0\t1\t600\t51\t650\t0.0\t3085'	BLAST engine error: Error: Gap existence and extension values 6 and 4 are not supported for substitution scores 3 and -6
iupac	blastn	3	-6	10 10	DIFF stdout line 1: b'mq1_2\tmsA\t97.000\t600\t18\t0\t1\t600\t51\t650\t0.0\t1087' / b'mq1_2\tmsA\t97.000\t600\t18\t0\t1\t600\t51\t650\t0.0\t3085'	
iupac	blastn	3	-6	0 2	DIFF exit 3/0: stdout line 1: b'' / b'mq1_2\tmsA\t97.000\t600\t18\t0\t1\t600\t51\t650\t0.0\t3085'	BLAST engine error: Error: Gap existence and extension values 0 and 2 are not supported for substitution scores 3 and -6
iupac	blastn	3	-6	3 0	DIFF exit 1/0: stdout line 1: b'' / b'mq1_2\tmsA\t97.000\t600\t18\t0\t1\t600\t51\t650\t0.0\t3085'	BLAST query/options error: BLASTN gap extension penalty cannot be 0
iupac	blastn	3	-6	-1 2	DIFF exit 3/2: stderr line 1: b'BLAST engine error: Error: Gap existence and extension values -1 and 2 are not s' / b"error: invalid value '-1' for '-gapopen <GAP_OPEN>': expected an integer >= 0"	BLAST engine error: Error: Gap existence and extension values -1 and 2 are not supported for substitution scores 3 and -6
iupac	blastn	4	-10	default	DIFF exit 3/0: stdout line 1: b'' / b'mq1_2\tmsA\t96.678\t602\t16\t2\t1\t600\t51\t650\t0.0\t4072'	BLAST engine error: Error: Gap existence and extension values 5 and 2 are not supported for substitution scores 4 and -10
iupac	blastn	4	-10	2 2	DIFF exit 3/0: stdout line 1: b'' / b'mq1_2\tmsA\t95.567\t609\t9\t16\t1\t600\t51\t650\t0.0\t4109'	BLAST engine error: Error: Gap existence and extension values 2 and 2 are not supported for substitution scores 4 and -10
iupac	blastn	4	-10	5 2	DIFF exit 3/0: stdout line 1: b'' / b'mq1_2\tmsA\t96.678\t602\t16\t2\t1\t600\t51\t650\t0.0\t4072'	BLAST engine error: Error: Gap existence and extension values 5 and 2 are not supported for substitution scores 4 and -10
iupac	blastn	4	-10	0 0	DIFF exit 1/0: stdout line 1: b'' / b'mq1_2\tmsA\t96.678\t602\t16\t2\t1\t600\t51\t650\t0.0\t4072'	BLAST query/options error: Greedy extension must be used if gap existence and extension options are zero
iupac	blastn	4	-10	4 4	DIFF stdout line 1: b'mq1_2\tmsA\t97.000\t600\t18\t0\t1\t600\t51\t650\t0.0\t891' / b'mq1_2\tmsA\t97.000\t600\t18\t0\t1\t600\t51\t650\t0.0\t4069'	
iupac	blastn	4	-10	6 4	DIFF exit 3/0: stdout line 1: b'' / b'mq1_2\tmsA\t97.000\t600\t18\t0\t1\t600\t51\t650\t0.0\t4069'	BLAST engine error: Error: Gap existence and extension values 6 and 4 are not supported for substitution scores 4 and -10
iupac	blastn	4	-10	10 10	DIFF stdout line 1: b'mq1_2\tmsA\t97.000\t600\t18\t0\t1\t600\t51\t650\t0.0\t1098' / b'mq1_2\tmsA\t97.000\t600\t18\t0\t1\t600\t51\t650\t0.0\t4069'	
iupac	blastn	4	-10	0 2	DIFF exit 3/0: stdout line 1: b'' / b'mq1_2\tmsA\t96.678\t602\t16\t2\t1\t600\t51\t650\t0.0\t4072'	BLAST engine error: Error: Gap existence and extension values 0 and 2 are not supported for substitution scores 4 and -10
iupac	blastn	4	-10	3 0	DIFF exit 1/0: stdout line 1: b'' / b'mq1_2\tmsA\t96.678\t602\t16\t2\t1\t600\t51\t650\t0.0\t4080'	BLAST query/options error: BLASTN gap extension penalty cannot be 0
iupac	blastn	4	-10	-1 2	DIFF exit 3/2: stderr line 1: b'BLAST engine error: Error: Gap existence and extension values -1 and 2 are not s' / b"error: invalid value '-1' for '-gapopen <GAP_OPEN>': expected an integer >= 0"	BLAST engine error: Error: Gap existence and extension values -1 and 2 are not supported for substitution scores 4 and -10
iupac	blastn	1	-6	default	DIFF exit 3/0: stdout line 1: b'' / b'mq1_2\tmsA\t97.000\t600\t18\t0\t1\t600\t51\t650\t0.0\t2010'	BLAST engine error: Error: Substitution scores 1 and -6 are not supported Error: Substitution scores 1 and -6 are not supported Error: Substitution scores 1 and
iupac	blastn	1	-6	2 2	DIFF exit 3/0: stdout line 1: b'' / b'mq1_2\tmsA\t97.000\t600\t18\t0\t1\t600\t51\t650\t0.0\t2010'	BLAST engine error: Error: Substitution scores 1 and -6 are not supported Error: Substitution scores 1 and -6 are not supported Error: Substitution scores 1 and
iupac	blastn	1	-6	5 2	DIFF exit 3/0: stdout line 1: b'' / b'mq1_2\tmsA\t97.000\t600\t18\t0\t1\t600\t51\t650\t0.0\t2010'	BLAST engine error: Error: Substitution scores 1 and -6 are not supported Error: Substitution scores 1 and -6 are not supported Error: Substitution scores 1 and
iupac	blastn	1	-6	0 0	DIFF exit 1/0: stdout line 1: b'' / b'mq1_2\tmsA\t97.000\t600\t18\t0\t1\t600\t51\t650\t0.0\t2010'	BLAST query/options error: Greedy extension must be used if gap existence and extension options are zero
iupac	blastn	1	-6	4 4	DIFF exit 3/0: stdout line 1: b'' / b'mq1_2\tmsA\t97.000\t600\t18\t0\t1\t600\t51\t650\t0.0\t2010'	BLAST engine error: Error: Substitution scores 1 and -6 are not supported Error: Substitution scores 1 and -6 are not supported Error: Substitution scores 1 and
iupac	blastn	1	-6	6 4	DIFF exit 3/0: stdout line 1: b'' / b'mq1_2\tmsA\t97.000\t600\t18\t0\t1\t600\t51\t650\t0.0\t2010'	BLAST engine error: Error: Substitution scores 1 and -6 are not supported Error: Substitution scores 1 and -6 are not supported Error: Substitution scores 1 and
iupac	blastn	1	-6	10 10	DIFF exit 3/0: stdout line 1: b'' / b'mq1_2\tmsA\t97.000\t600\t18\t0\t1\t600\t51\t650\t0.0\t2010'	BLAST engine error: Error: Substitution scores 1 and -6 are not supported Error: Substitution scores 1 and -6 are not supported Error: Substitution scores 1 and
iupac	blastn	1	-6	0 2	DIFF exit 3/0: stdout line 1: b'' / b'mq1_2\tmsA\t97.000\t600\t18\t0\t1\t600\t51\t650\t0.0\t2010'	BLAST engine error: Error: Substitution scores 1 and -6 are not supported Error: Substitution scores 1 and -6 are not supported Error: Substitution scores 1 and
iupac	blastn	1	-6	3 0	DIFF exit 1/0: stdout line 1: b'' / b'mq1_2\tmsA\t97.000\t600\t18\t0\t1\t600\t51\t650\t0.0\t2010'	BLAST query/options error: BLASTN gap extension penalty cannot be 0
iupac	blastn	1	-6	-1 2	DIFF exit 3/2: stderr line 1: b'BLAST engine error: Error: Substitution scores 1 and -6 are not supported Error:' / b"error: invalid value '-1' for '-gapopen <GAP_OPEN>': expected an integer >= 0"	BLAST engine error: Error: Substitution scores 1 and -6 are not supported Error: Substitution scores 1 and -6 are not supported Error: Substitution scores 1 and
iupac	blastn	3	-5	default	DIFF exit 3/0: stdout line 1: b'' / b'mq1_2\tmsA\t97.000\t600\t18\t0\t1\t600\t51\t650\t0.0\t3118'	BLAST engine error: Error: Substitution scores 3 and -5 are not supported Error: Substitution scores 3 and -5 are not supported Error: Substitution scores 3 and
iupac	blastn	3	-5	2 2	DIFF exit 3/0: stdout line 1: b'' / b'mq1_2\tmsA\t97.000\t600\t18\t0\t1\t600\t51\t650\t0.0\t3118'	BLAST engine error: Error: Substitution scores 3 and -5 are not supported Error: Substitution scores 3 and -5 are not supported Error: Substitution scores 3 and
iupac	blastn	3	-5	5 2	DIFF exit 3/0: stdout line 1: b'' / b'mq1_2\tmsA\t97.000\t600\t18\t0\t1\t600\t51\t650\t0.0\t3118'	BLAST engine error: Error: Substitution scores 3 and -5 are not supported Error: Substitution scores 3 and -5 are not supported Error: Substitution scores 3 and
iupac	blastn	3	-5	0 0	DIFF exit 1/0: stdout line 1: b'' / b'mq1_2\tmsA\t97.000\t600\t18\t0\t1\t600\t51\t650\t0.0\t3118'	BLAST query/options error: Greedy extension must be used if gap existence and extension options are zero
iupac	blastn	3	-5	4 4	DIFF exit 3/0: stdout line 1: b'' / b'mq1_2\tmsA\t97.000\t600\t18\t0\t1\t600\t51\t650\t0.0\t3118'	BLAST engine error: Error: Substitution scores 3 and -5 are not supported Error: Substitution scores 3 and -5 are not supported Error: Substitution scores 3 and
iupac	blastn	3	-5	6 4	DIFF exit 3/0: stdout line 1: b'' / b'mq1_2\tmsA\t97.000\t600\t18\t0\t1\t600\t51\t650\t0.0\t3118'	BLAST engine error: Error: Substitution scores 3 and -5 are not supported Error: Substitution scores 3 and -5 are not supported Error: Substitution scores 3 and
iupac	blastn	3	-5	10 10	DIFF exit 3/0: stdout line 1: b'' / b'mq1_2\tmsA\t97.000\t600\t18\t0\t1\t600\t51\t650\t0.0\t3118'	BLAST engine error: Error: Substitution scores 3 and -5 are not supported Error: Substitution scores 3 and -5 are not supported Error: Substitution scores 3 and
iupac	blastn	3	-5	0 2	DIFF exit 3/0: stdout line 1: b'' / b'mq1_2\tmsA\t97.000\t600\t18\t0\t1\t600\t51\t650\t0.0\t3118'	BLAST engine error: Error: Substitution scores 3 and -5 are not supported Error: Substitution scores 3 and -5 are not supported Error: Substitution scores 3 and
iupac	blastn	3	-5	3 0	DIFF exit 1/0: stdout line 1: b'' / b'mq1_2\tmsA\t97.000\t600\t18\t0\t1\t600\t51\t650\t0.0\t3118'	BLAST query/options error: BLASTN gap extension penalty cannot be 0
iupac	blastn	3	-5	-1 2	DIFF exit 3/2: stderr line 1: b'BLAST engine error: Error: Substitution scores 3 and -5 are not supported Error:' / b"error: invalid value '-1' for '-gapopen <GAP_OPEN>': expected an integer >= 0"	BLAST engine error: Error: Substitution scores 3 and -5 are not supported Error: Substitution scores 3 and -5 are not supported Error: Substitution scores 3 and
iupac	blastn	2	-1	default	DIFF exit 3/0: stdout line 1: b'' / b'mq1_2\tmsA\t97.000\t600\t18\t0\t1\t600\t51\t650\t0.0\t2143'	BLAST engine error: Error: Substitution scores 2 and -1 are not supported Error: Substitution scores 2 and -1 are not supported Error: Substitution scores 2 and
iupac	blastn	2	-1	2 2	DIFF exit 3/0: stdout line 1: b'' / b'mq1_2\tmsA\t97.000\t600\t18\t0\t1\t600\t51\t650\t0.0\t2143'	BLAST engine error: Error: Substitution scores 2 and -1 are not supported Error: Substitution scores 2 and -1 are not supported Error: Substitution scores 2 and
iupac	blastn	2	-1	5 2	DIFF exit 3/0: stdout line 1: b'' / b'mq1_2\tmsA\t97.000\t600\t18\t0\t1\t600\t51\t650\t0.0\t2143'	BLAST engine error: Error: Substitution scores 2 and -1 are not supported Error: Substitution scores 2 and -1 are not supported Error: Substitution scores 2 and
iupac	blastn	2	-1	0 0	DIFF exit 1/0: stdout line 1: b'' / b'mq1_2\tmsA\t97.000\t600\t18\t0\t1\t600\t51\t650\t0.0\t2143'	BLAST query/options error: Greedy extension must be used if gap existence and extension options are zero
iupac	blastn	2	-1	4 4	DIFF exit 3/0: stdout line 1: b'' / b'mq1_2\tmsA\t97.000\t600\t18\t0\t1\t600\t51\t650\t0.0\t2143'	BLAST engine error: Error: Substitution scores 2 and -1 are not supported Error: Substitution scores 2 and -1 are not supported Error: Substitution scores 2 and
iupac	blastn	2	-1	6 4	DIFF exit 3/0: stdout line 1: b'' / b'mq1_2\tmsA\t97.000\t600\t18\t0\t1\t600\t51\t650\t0.0\t2143'	BLAST engine error: Error: Substitution scores 2 and -1 are not supported Error: Substitution scores 2 and -1 are not supported Error: Substitution scores 2 and
iupac	blastn	2	-1	10 10	DIFF exit 3/0: stdout line 1: b'' / b'mq1_2\tmsA\t97.000\t600\t18\t0\t1\t600\t51\t650\t0.0\t2143'	BLAST engine error: Error: Substitution scores 2 and -1 are not supported Error: Substitution scores 2 and -1 are not supported Error: Substitution scores 2 and
iupac	blastn	2	-1	0 2	DIFF exit 3/0: stdout line 1: b'' / b'mq1_2\tmsA\t97.000\t600\t18\t0\t1\t600\t51\t650\t0.0\t2143'	BLAST engine error: Error: Substitution scores 2 and -1 are not supported Error: Substitution scores 2 and -1 are not supported Error: Substitution scores 2 and
iupac	blastn	2	-1	3 0	DIFF exit 1/0: stdout line 1: b'' / b'mq1_2\tmsA\t97.000\t600\t18\t0\t1\t600\t51\t650\t0.0\t2143'	BLAST query/options error: BLASTN gap extension penalty cannot be 0
iupac	blastn	2	-1	-1 2	DIFF exit 3/2: stderr line 1: b'BLAST engine error: Error: Substitution scores 2 and -1 are not supported Error:' / b"error: invalid value '-1' for '-gapopen <GAP_OPEN>': expected an integer >= 0"	BLAST engine error: Error: Substitution scores 2 and -1 are not supported Error: Substitution scores 2 and -1 are not supported Error: Substitution scores 2 and
iupac	blastn	1	0	default	DIFF exit 1/2: stderr line 1: b'BLAST query/options error: BLASTN penalty must be negative' / b"error: invalid value '0' for '-penalty <PENALTY>': expected a negative integer"	BLAST query/options error: BLASTN penalty must be negative
iupac	blastn	1	0	2 2	DIFF exit 1/2: stderr line 1: b'BLAST query/options error: BLASTN penalty must be negative' / b"error: invalid value '0' for '-penalty <PENALTY>': expected a negative integer"	BLAST query/options error: BLASTN penalty must be negative
iupac	blastn	1	0	5 2	DIFF exit 1/2: stderr line 1: b'BLAST query/options error: BLASTN penalty must be negative' / b"error: invalid value '0' for '-penalty <PENALTY>': expected a negative integer"	BLAST query/options error: BLASTN penalty must be negative
iupac	blastn	1	0	0 0	DIFF exit 1/2: stderr line 1: b'BLAST query/options error: BLASTN penalty must be negative' / b"error: invalid value '0' for '-penalty <PENALTY>': expected a negative integer"	BLAST query/options error: BLASTN penalty must be negative
iupac	blastn	1	0	4 4	DIFF exit 1/2: stderr line 1: b'BLAST query/options error: BLASTN penalty must be negative' / b"error: invalid value '0' for '-penalty <PENALTY>': expected a negative integer"	BLAST query/options error: BLASTN penalty must be negative
iupac	blastn	1	0	6 4	DIFF exit 1/2: stderr line 1: b'BLAST query/options error: BLASTN penalty must be negative' / b"error: invalid value '0' for '-penalty <PENALTY>': expected a negative integer"	BLAST query/options error: BLASTN penalty must be negative
iupac	blastn	1	0	10 10	DIFF exit 1/2: stderr line 1: b'BLAST query/options error: BLASTN penalty must be negative' / b"error: invalid value '0' for '-penalty <PENALTY>': expected a negative integer"	BLAST query/options error: BLASTN penalty must be negative
iupac	blastn	1	0	0 2	DIFF exit 1/2: stderr line 1: b'BLAST query/options error: BLASTN penalty must be negative' / b"error: invalid value '0' for '-penalty <PENALTY>': expected a negative integer"	BLAST query/options error: BLASTN penalty must be negative
iupac	blastn	1	0	3 0	DIFF exit 1/2: stderr line 1: b'BLAST query/options error: BLASTN penalty must be negative' / b"error: invalid value '0' for '-penalty <PENALTY>': expected a negative integer"	BLAST query/options error: BLASTN penalty must be negative
iupac	blastn	1	0	-1 2	DIFF exit 1/2: stderr line 1: b'BLAST query/options error: BLASTN penalty must be negative' / b"error: invalid value '0' for '-penalty <PENALTY>': expected a negative integer"	BLAST query/options error: BLASTN penalty must be negative
iupac	megablast	1	-5	default	same	
iupac	megablast	1	-5	2 2	DIFF exit 3/0: stdout line 1: b'' / b'mq1_2\tmsA\t97.000\t600\t18\t0\t1\t600\t51\t650\t0.0\t1033'	BLAST engine error: Error: Gap existence and extension values 2 and 2 are not supported for substitution scores 1 and -5
iupac	megablast	1	-5	5 2	DIFF exit 3/0: stdout line 1: b'' / b'mq1_2\tmsA\t97.000\t600\t18\t0\t1\t600\t51\t650\t0.0\t1033'	BLAST engine error: Error: Gap existence and extension values 5 and 2 are not supported for substitution scores 1 and -5
iupac	megablast	1	-5	0 0	same	
iupac	megablast	1	-5	4 4	DIFF stdout line 1: b'mq1_2\tmsA\t97.000\t600\t18\t0\t1\t600\t51\t650\t0.0\t1045' / b'mq1_2\tmsA\t97.000\t600\t18\t0\t1\t600\t51\t650\t0.0\t1033'	
iupac	megablast	1	-5	6 4	DIFF stdout line 1: b'mq1_2\tmsA\t97.000\t600\t18\t0\t1\t600\t51\t650\t0.0\t1045' / b'mq1_2\tmsA\t97.000\t600\t18\t0\t1\t600\t51\t650\t0.0\t1033'	
iupac	megablast	1	-5	10 10	DIFF stdout line 1: b'mq1_2\tmsA\t97.000\t600\t18\t0\t1\t600\t51\t650\t0.0\t1045' / b'mq1_2\tmsA\t97.000\t600\t18\t0\t1\t600\t51\t650\t0.0\t1033'	
iupac	megablast	1	-5	0 2	DIFF exit 3/0: stdout line 1: b'' / b'mq1_2\tmsA\t97.000\t600\t18\t0\t1\t600\t51\t650\t0.0\t1033'	BLAST engine error: Error: Gap existence and extension values 0 and 2 are not supported for substitution scores 1 and -5
iupac	megablast	1	-5	3 0	DIFF exit 1/0: stdout line 1: b'' / b'mq1_2\tmsA\t96.186\t603\t17\t2\t1\t600\t51\t650\t0.0\t1023'	BLAST query/options error: BLASTN gap extension penalty cannot be 0
iupac	megablast	1	-5	-1 2	DIFF exit 3/2: stderr line 1: b'BLAST engine error: Error: Gap existence and extension values -1 and 2 are not s' / b"error: invalid value '-1' for '-gapopen <GAP_OPEN>': expected an integer >= 0"	BLAST engine error: Error: Gap existence and extension values -1 and 2 are not supported for substitution scores 1 and -5
iupac	megablast	1	-4	default	same	
iupac	megablast	1	-4	2 2	DIFF stdout line 1: b'mq1_2\tmsA\t97.000\t600\t18\t0\t1\t600\t51\t650\t0.0\t1070' / b'mq1_2\tmsA\t97.000\t600\t18\t0\t1\t600\t51\t650\t0.0\t1053'	
iupac	megablast	1	-4	5 2	DIFF stdout line 1: b'mq1_2\tmsA\t97.000\t600\t18\t0\t1\t600\t51\t650\t0.0\t1070' / b'mq1_2\tmsA\t97.000\t600\t18\t0\t1\t600\t51\t650\t0.0\t1053'	
iupac	megablast	1	-4	0 0	same	
iupac	megablast	1	-4	4 4	DIFF stdout line 1: b'mq1_2\tmsA\t97.000\t600\t18\t0\t1\t600\t51\t650\t0.0\t1070' / b'mq1_2\tmsA\t97.000\t600\t18\t0\t1\t600\t51\t650\t0.0\t1053'	
iupac	megablast	1	-4	6 4	DIFF stdout line 1: b'mq1_2\tmsA\t97.000\t600\t18\t0\t1\t600\t51\t650\t0.0\t1070' / b'mq1_2\tmsA\t97.000\t600\t18\t0\t1\t600\t51\t650\t0.0\t1053'	
iupac	megablast	1	-4	10 10	DIFF stdout line 1: b'mq1_2\tmsA\t97.000\t600\t18\t0\t1\t600\t51\t650\t0.0\t1070' / b'mq1_2\tmsA\t97.000\t600\t18\t0\t1\t600\t51\t650\t0.0\t1053'	
iupac	megablast	1	-4	0 2	same	
iupac	megablast	1	-4	3 0	DIFF exit 1/0: stdout line 1: b'' / b'mq1_2\tmsA\t96.186\t603\t17\t2\t1\t600\t51\t650\t0.0\t1041'	BLAST query/options error: BLASTN gap extension penalty cannot be 0
iupac	megablast	1	-4	-1 2	DIFF exit 3/2: stderr line 1: b'BLAST engine error: Error: Gap existence and extension values -1 and 2 are not s' / b"error: invalid value '-1' for '-gapopen <GAP_OPEN>': expected an integer >= 0"	BLAST engine error: Error: Gap existence and extension values -1 and 2 are not supported for substitution scores 1 and -4
iupac	megablast	2	-7	default	same	
iupac	megablast	2	-7	2 2	same	
iupac	megablast	2	-7	5 2	DIFF exit 3/0: stdout line 1: b'' / b'mq1_2\tmsA\t97.000\t600\t18\t0\t1\t600\t51\t650\t0.0\t1065'	BLAST engine error: Error: Gap existence and extension values 5 and 2 are not supported for substitution scores 2 and -7
iupac	megablast	2	-7	0 0	same	
iupac	megablast	2	-7	4 4	DIFF stdout line 1: b'mq1_2\tmsA\t97.000\t600\t18\t0\t1\t600\t51\t650\t0.0\t1082' / b'mq1_2\tmsA\t97.000\t600\t18\t0\t1\t600\t51\t650\t0.0\t1065'	
iupac	megablast	2	-7	6 4	DIFF stdout line 1: b'mq1_2\tmsA\t97.000\t600\t18\t0\t1\t600\t51\t650\t0.0\t1082' / b'mq1_2\tmsA\t97.000\t600\t18\t0\t1\t600\t51\t650\t0.0\t1065'	
iupac	megablast	2	-7	10 10	DIFF stdout line 1: b'mq1_2\tmsA\t97.000\t600\t18\t0\t1\t600\t51\t650\t0.0\t1082' / b'mq1_2\tmsA\t97.000\t600\t18\t0\t1\t600\t51\t650\t0.0\t1065'	
iupac	megablast	2	-7	0 2	DIFF exit 3/0: stdout line 1: b'' / b'mq1_2\tmsA\t97.000\t600\t18\t0\t1\t600\t51\t650\t0.0\t1065'	BLAST engine error: Error: Gap existence and extension values 0 and 2 are not supported for substitution scores 2 and -7
iupac	megablast	2	-7	3 0	DIFF exit 1/0: stdout line 1: b'' / b'mq1_2\tmsA\t96.186\t603\t17\t2\t1\t600\t51\t650\t0.0\t1059'	BLAST query/options error: BLASTN gap extension penalty cannot be 0
iupac	megablast	2	-7	-1 2	DIFF exit 3/2: stderr line 1: b'BLAST engine error: Error: Gap existence and extension values -1 and 2 are not s' / b"error: invalid value '-1' for '-gapopen <GAP_OPEN>': expected an integer >= 0"	BLAST engine error: Error: Gap existence and extension values -1 and 2 are not supported for substitution scores 2 and -7
iupac	megablast	1	-3	default	same	
iupac	megablast	1	-3	2 2	same	
iupac	megablast	1	-3	5 2	DIFF stdout line 1: b'mq1_2\tmsA\t97.000\t600\t18\t0\t1\t600\t51\t650\t0.0\t1091' / b'mq1_2\tmsA\t97.000\t600\t18\t0\t1\t600\t51\t650\t0.0\t1074'	
iupac	megablast	1	-3	0 0	same	
iupac	megablast	1	-3	4 4	DIFF stdout line 1: b'mq1_2\tmsA\t97.000\t600\t18\t0\t1\t600\t51\t650\t0.0\t1091' / b'mq1_2\tmsA\t97.000\t600\t18\t0\t1\t600\t51\t650\t0.0\t1074'	
iupac	megablast	1	-3	6 4	DIFF stdout line 1: b'mq1_2\tmsA\t97.000\t600\t18\t0\t1\t600\t51\t650\t0.0\t1091' / b'mq1_2\tmsA\t97.000\t600\t18\t0\t1\t600\t51\t650\t0.0\t1074'	
iupac	megablast	1	-3	10 10	DIFF stdout line 1: b'mq1_2\tmsA\t97.000\t600\t18\t0\t1\t600\t51\t650\t0.0\t1091' / b'mq1_2\tmsA\t97.000\t600\t18\t0\t1\t600\t51\t650\t0.0\t1074'	
iupac	megablast	1	-3	0 2	same	
iupac	megablast	1	-3	3 0	DIFF exit 1/0: stdout line 1: b'' / b'mq1_2\tmsA\t97.000\t600\t18\t0\t1\t600\t51\t650\t0.0\t1074'	BLAST query/options error: BLASTN gap extension penalty cannot be 0
iupac	megablast	1	-3	-1 2	DIFF exit 3/2: stderr line 1: b'BLAST engine error: Error: Gap existence and extension values -1 and 2 are not s' / b"error: invalid value '-1' for '-gapopen <GAP_OPEN>': expected an integer >= 0"	BLAST engine error: Error: Gap existence and extension values -1 and 2 are not supported for substitution scores 1 and -3
iupac	megablast	2	-5	default	same	
iupac	megablast	2	-5	2 2	same	
iupac	megablast	2	-5	5 2	DIFF exit 3/0: stdout line 1: b'' / b'mq1_2\tmsA\t97.000\t600\t18\t0\t1\t600\t51\t650\t0.0\t1068'	BLAST engine error: Error: Gap existence and extension values 5 and 2 are not supported for substitution scores 2 and -5
iupac	megablast	2	-5	0 0	same	
iupac	megablast	2	-5	4 4	DIFF stdout line 1: b'mq1_2\tmsA\t97.000\t600\t18\t0\t1\t600\t51\t650\t0.0\t1094' / b'mq1_2\tmsA\t97.000\t600\t18\t0\t1\t600\t51\t650\t0.0\t1068'	
iupac	megablast	2	-5	6 4	DIFF stdout line 1: b'mq1_2\tmsA\t97.000\t600\t18\t0\t1\t600\t51\t650\t0.0\t1094' / b'mq1_2\tmsA\t97.000\t600\t18\t0\t1\t600\t51\t650\t0.0\t1068'	
iupac	megablast	2	-5	10 10	DIFF stdout line 1: b'mq1_2\tmsA\t97.000\t600\t18\t0\t1\t600\t51\t650\t0.0\t1094' / b'mq1_2\tmsA\t97.000\t600\t18\t0\t1\t600\t51\t650\t0.0\t1068'	
iupac	megablast	2	-5	0 2	DIFF exit 3/0: stdout line 1: b'' / b'mq1_2\tmsA\t97.000\t600\t18\t0\t1\t600\t51\t650\t0.0\t1068'	BLAST engine error: Error: Gap existence and extension values 0 and 2 are not supported for substitution scores 2 and -5
iupac	megablast	2	-5	3 0	DIFF exit 1/0: stdout line 1: b'' / b'mq1_2\tmsA\t96.186\t603\t17\t2\t1\t600\t51\t650\t0.0\t1062'	BLAST query/options error: BLASTN gap extension penalty cannot be 0
iupac	megablast	2	-5	-1 2	DIFF exit 3/2: stderr line 1: b'BLAST engine error: Error: Gap existence and extension values -1 and 2 are not s' / b"error: invalid value '-1' for '-gapopen <GAP_OPEN>': expected an integer >= 0"	BLAST engine error: Error: Gap existence and extension values -1 and 2 are not supported for substitution scores 2 and -5
iupac	megablast	1	-2	default	same	
iupac	megablast	1	-2	2 2	same	
iupac	megablast	1	-2	5 2	DIFF stdout line 1: b'mq1_2\tmsA\t97.000\t600\t18\t0\t1\t600\t51\t650\t0.0\t1084' / b'mq1_2\tmsA\t97.000\t600\t18\t0\t1\t600\t51\t650\t0.0\t1026'	
iupac	megablast	1	-2	0 0	same	
iupac	megablast	1	-2	4 4	DIFF stdout line 1: b'mq1_2\tmsA\t97.000\t600\t18\t0\t1\t600\t51\t650\t0.0\t1084' / b'mq1_2\tmsA\t97.000\t600\t18\t0\t1\t600\t51\t650\t0.0\t1026'	
iupac	megablast	1	-2	6 4	DIFF stdout line 1: b'mq1_2\tmsA\t97.000\t600\t18\t0\t1\t600\t51\t650\t0.0\t1084' / b'mq1_2\tmsA\t97.000\t600\t18\t0\t1\t600\t51\t650\t0.0\t1026'	
iupac	megablast	1	-2	10 10	DIFF stdout line 1: b'mq1_2\tmsA\t97.000\t600\t18\t0\t1\t600\t51\t650\t0.0\t1084' / b'mq1_2\tmsA\t97.000\t600\t18\t0\t1\t600\t51\t650\t0.0\t1026'	
iupac	megablast	1	-2	0 2	same	
iupac	megablast	1	-2	3 0	DIFF exit 1/0: stdout line 1: b'' / b'mq1_2\tmsA\t97.000\t600\t18\t0\t1\t600\t51\t650\t0.0\t1026'	BLAST query/options error: BLASTN gap extension penalty cannot be 0
iupac	megablast	1	-2	-1 2	DIFF exit 3/2: stderr line 1: b'BLAST engine error: Error: Gap existence and extension values -1 and 2 are not s' / b"error: invalid value '-1' for '-gapopen <GAP_OPEN>': expected an integer >= 0"	BLAST engine error: Error: Gap existence and extension values -1 and 2 are not supported for substitution scores 1 and -2
iupac	megablast	2	-3	default	same	
iupac	megablast	2	-3	2 2	same	
iupac	megablast	2	-3	5 2	same	
iupac	megablast	2	-3	0 0	same	
iupac	megablast	2	-3	4 4	same	
iupac	megablast	2	-3	6 4	DIFF stdout line 1: b'mq1_2\tmsA\t97.000\t600\t18\t0\t1\t600\t51\t650\t0.0\t1047' / b'mq1_2\tmsA\t97.000\t600\t18\t0\t1\t600\t51\t650\t0.0\t897'	
iupac	megablast	2	-3	10 10	DIFF stdout line 1: b'mq1_2\tmsA\t97.000\t600\t18\t0\t1\t600\t51\t650\t0.0\t1047' / b'mq1_2\tmsA\t97.000\t600\t18\t0\t1\t600\t51\t650\t0.0\t897'	
iupac	megablast	2	-3	0 2	DIFF exit 3/0: stdout line 1: b'' / b'mq1_2\tmsA\t97.000\t600\t18\t0\t1\t600\t51\t650\t0.0\t897'	BLAST engine error: Error: Gap existence and extension values 0 and 2 are not supported for substitution scores 2 and -3
iupac	megablast	2	-3	3 0	DIFF exit 1/0: stdout line 1: b'' / b'mq1_2\tmsA\t97.000\t600\t18\t0\t1\t600\t51\t650\t0.0\t897'	BLAST query/options error: BLASTN gap extension penalty cannot be 0
iupac	megablast	2	-3	-1 2	DIFF exit 3/2: stderr line 1: b'BLAST engine error: Error: Gap existence and extension values -1 and 2 are not s' / b"error: invalid value '-1' for '-gapopen <GAP_OPEN>': expected an integer >= 0"	BLAST engine error: Error: Gap existence and extension values -1 and 2 are not supported for substitution scores 2 and -3
iupac	megablast	3	-4	default	DIFF exit 3/0: stdout line 1: b'' / b'mq1_2\tmsA\t97.000\t600\t18\t0\t1\t600\t51\t650\t0.0\t954'	BLAST engine error: Error: Gap existence and extension values 0 and 0 are not supported for substitution scores 3 and -4
iupac	megablast	3	-4	2 2	DIFF exit 3/0: stdout line 1: b'' / b'mq1_2\tmsA\t97.000\t600\t18\t0\t1\t600\t51\t650\t0.0\t954'	BLAST engine error: Error: Gap existence and extension values 2 and 2 are not supported for substitution scores 3 and -4
iupac	megablast	3	-4	5 2	same	
iupac	megablast	3	-4	0 0	DIFF exit 3/0: stdout line 1: b'' / b'mq1_2\tmsA\t97.000\t600\t18\t0\t1\t600\t51\t650\t0.0\t954'	BLAST engine error: Error: Gap existence and extension values 0 and 0 are not supported for substitution scores 3 and -4
iupac	megablast	3	-4	4 4	DIFF exit 3/0: stdout line 1: b'' / b'mq1_2\tmsA\t97.000\t600\t18\t0\t1\t600\t51\t650\t0.0\t954'	BLAST engine error: Error: Gap existence and extension values 4 and 4 are not supported for substitution scores 3 and -4
iupac	megablast	3	-4	6 4	DIFF stdout line 1: b'mq1_2\tmsA\t97.000\t600\t18\t0\t1\t600\t51\t650\t0.0\t1020' / b'mq1_2\tmsA\t97.000\t600\t18\t0\t1\t600\t51\t650\t0.0\t954'	
iupac	megablast	3	-4	10 10	DIFF stdout line 1: b'mq1_2\tmsA\t97.000\t600\t18\t0\t1\t600\t51\t650\t0.0\t1020' / b'mq1_2\tmsA\t97.000\t600\t18\t0\t1\t600\t51\t650\t0.0\t954'	
iupac	megablast	3	-4	0 2	DIFF exit 3/0: stdout line 1: b'' / b'mq1_2\tmsA\t97.000\t600\t18\t0\t1\t600\t51\t650\t0.0\t954'	BLAST engine error: Error: Gap existence and extension values 0 and 2 are not supported for substitution scores 3 and -4
iupac	megablast	3	-4	3 0	DIFF exit 1/0: stdout line 1: b'' / b'mq1_2\tmsA\t97.000\t600\t18\t0\t1\t600\t51\t650\t0.0\t954'	BLAST query/options error: BLASTN gap extension penalty cannot be 0
iupac	megablast	3	-4	-1 2	DIFF exit 3/2: stderr line 1: b'BLAST engine error: Error: Gap existence and extension values -1 and 2 are not s' / b"error: invalid value '-1' for '-gapopen <GAP_OPEN>': expected an integer >= 0"	BLAST engine error: Error: Gap existence and extension values -1 and 2 are not supported for substitution scores 3 and -4
iupac	megablast	1	-1	default	DIFF exit 3/0: stdout line 1: b'' / b'mq1_2\tmsA\t97.000\t600\t18\t0\t1\t600\t51\t650\t0.0\t902'	BLAST engine error: Error: Gap existence and extension values 0 and 0 are not supported for substitution scores 1 and -1
iupac	megablast	1	-1	2 2	same	
iupac	megablast	1	-1	5 2	DIFF stdout line 1: b'mq1_2\tmsA\t97.000\t600\t18\t0\t1\t600\t51\t650\t0.0\t919' / b'mq1_2\tmsA\t97.000\t600\t18\t0\t1\t600\t51\t650\t0.0\t902'	
iupac	megablast	1	-1	0 0	DIFF exit 3/0: stdout line 1: b'' / b'mq1_2\tmsA\t97.000\t600\t18\t0\t1\t600\t51\t650\t0.0\t902'	BLAST engine error: Error: Gap existence and extension values 0 and 0 are not supported for substitution scores 1 and -1
iupac	megablast	1	-1	4 4	DIFF stdout line 1: b'mq1_2\tmsA\t97.000\t600\t18\t0\t1\t600\t51\t650\t0.0\t919' / b'mq1_2\tmsA\t97.000\t600\t18\t0\t1\t600\t51\t650\t0.0\t902'	
iupac	megablast	1	-1	6 4	DIFF stdout line 1: b'mq1_2\tmsA\t97.000\t600\t18\t0\t1\t600\t51\t650\t0.0\t919' / b'mq1_2\tmsA\t97.000\t600\t18\t0\t1\t600\t51\t650\t0.0\t902'	
iupac	megablast	1	-1	10 10	DIFF stdout line 1: b'mq1_2\tmsA\t97.000\t600\t18\t0\t1\t600\t51\t650\t0.0\t919' / b'mq1_2\tmsA\t97.000\t600\t18\t0\t1\t600\t51\t650\t0.0\t902'	
iupac	megablast	1	-1	0 2	same	
iupac	megablast	1	-1	3 0	DIFF exit 1/0: stdout line 1: b'' / b'mq1_2\tmsA\t97.000\t600\t18\t0\t1\t600\t51\t650\t0.0\t902'	BLAST query/options error: BLASTN gap extension penalty cannot be 0
iupac	megablast	1	-1	-1 2	DIFF exit 3/2: stderr line 1: b'BLAST engine error: Error: Gap existence and extension values -1 and 2 are not s' / b"error: invalid value '-1' for '-gapopen <GAP_OPEN>': expected an integer >= 0"	BLAST engine error: Error: Gap existence and extension values -1 and 2 are not supported for substitution scores 1 and -1
iupac	megablast	3	-2	default	DIFF exit 3/0: stdout line 1: b'' / b'mq1_2\tmsA\t97.000\t600\t18\t0\t1\t600\t51\t650\t1.17e-152\t525'	BLAST engine error: Error: Gap existence and extension values 0 and 0 are not supported for substitution scores 3 and -2
iupac	megablast	3	-2	2 2	DIFF exit 3/0: stdout line 1: b'' / b'mq1_2\tmsA\t97.000\t600\t18\t0\t1\t600\t51\t650\t1.17e-152\t525'	BLAST engine error: Error: Gap existence and extension values 2 and 2 are not supported for substitution scores 3 and -2
iupac	megablast	3	-2	5 2	DIFF exit 3/0: stdout line 1: b'' / b'mq1_2\tmsA\t97.000\t600\t18\t0\t1\t600\t51\t650\t1.17e-152\t525'	BLAST engine error: Error: Gap existence and extension values 5 and 2 are not supported for substitution scores 3 and -2
iupac	megablast	3	-2	0 0	DIFF exit 3/0: stdout line 1: b'' / b'mq1_2\tmsA\t97.000\t600\t18\t0\t1\t600\t51\t650\t1.17e-152\t525'	BLAST engine error: Error: Gap existence and extension values 0 and 0 are not supported for substitution scores 3 and -2
iupac	megablast	3	-2	4 4	DIFF exit 3/0: stdout line 1: b'' / b'mq1_2\tmsA\t97.000\t600\t18\t0\t1\t600\t51\t650\t1.17e-152\t525'	BLAST engine error: Error: Gap existence and extension values 4 and 4 are not supported for substitution scores 3 and -2
iupac	megablast	3	-2	6 4	DIFF exit 3/0: stdout line 1: b'' / b'mq1_2\tmsA\t97.000\t600\t18\t0\t1\t600\t51\t650\t1.17e-152\t525'	BLAST engine error: Error: Gap existence and extension values 6 and 4 are not supported for substitution scores 3 and -2
iupac	megablast	3	-2	10 10	DIFF stdout line 1: b'mq1_2\tmsA\t97.000\t600\t18\t0\t1\t600\t51\t650\t0.0\t686' / b'mq1_2\tmsA\t97.000\t600\t18\t0\t1\t600\t51\t650\t1.17e-152\t525'	
iupac	megablast	3	-2	0 2	DIFF exit 3/0: stdout line 1: b'' / b'mq1_2\tmsA\t97.000\t600\t18\t0\t1\t600\t51\t650\t1.17e-152\t525'	BLAST engine error: Error: Gap existence and extension values 0 and 2 are not supported for substitution scores 3 and -2
iupac	megablast	3	-2	3 0	DIFF exit 1/0: stdout line 1: b'' / b'mq1_2\tmsA\t97.000\t600\t18\t0\t1\t600\t51\t650\t1.17e-152\t525'	BLAST query/options error: BLASTN gap extension penalty cannot be 0
iupac	megablast	3	-2	-1 2	DIFF exit 3/2: stderr line 1: b'BLAST engine error: Error: Gap existence and extension values -1 and 2 are not s' / b"error: invalid value '-1' for '-gapopen <GAP_OPEN>': expected an integer >= 0"	BLAST engine error: Error: Gap existence and extension values -1 and 2 are not supported for substitution scores 3 and -2
iupac	megablast	4	-5	default	same	
iupac	megablast	4	-5	2 2	DIFF exit 3/0: stdout line 1: b'' / b'mq1_2\tmsA\t97.000\t600\t18\t0\t1\t600\t51\t650\t0.0\t724'	BLAST engine error: Error: Gap existence and extension values 2 and 2 are not supported for substitution scores 4 and -5
iupac	megablast	4	-5	5 2	DIFF exit 3/0: stdout line 1: b'' / b'mq1_2\tmsA\t97.000\t600\t18\t0\t1\t600\t51\t650\t0.0\t724'	BLAST engine error: Error: Gap existence and extension values 5 and 2 are not supported for substitution scores 4 and -5
iupac	megablast	4	-5	0 0	same	
iupac	megablast	4	-5	4 4	DIFF exit 3/0: stdout line 1: b'' / b'mq1_2\tmsA\t97.000\t600\t18\t0\t1\t600\t51\t650\t0.0\t724'	BLAST engine error: Error: Gap existence and extension values 4 and 4 are not supported for substitution scores 4 and -5
iupac	megablast	4	-5	6 4	DIFF exit 3/0: stdout line 1: b'' / b'mq1_2\tmsA\t97.000\t600\t18\t0\t1\t600\t51\t650\t0.0\t724'	BLAST engine error: Error: Gap existence and extension values 6 and 4 are not supported for substitution scores 4 and -5
iupac	megablast	4	-5	10 10	DIFF exit 3/0: stdout line 1: b'' / b'mq1_2\tmsA\t97.000\t600\t18\t0\t1\t600\t51\t650\t0.0\t724'	BLAST engine error: Error: Gap existence and extension values 10 and 10 are not supported for substitution scores 4 and -5
iupac	megablast	4	-5	0 2	DIFF exit 3/0: stdout line 1: b'' / b'mq1_2\tmsA\t97.000\t600\t18\t0\t1\t600\t51\t650\t0.0\t724'	BLAST engine error: Error: Gap existence and extension values 0 and 2 are not supported for substitution scores 4 and -5
iupac	megablast	4	-5	3 0	DIFF exit 1/0: stdout line 1: b'' / b'mq1_2\tmsA\t97.000\t600\t18\t0\t1\t600\t51\t650\t0.0\t724'	BLAST query/options error: BLASTN gap extension penalty cannot be 0
iupac	megablast	4	-5	-1 2	DIFF exit 3/2: stderr line 1: b'BLAST engine error: Error: Gap existence and extension values -1 and 2 are not s' / b"error: invalid value '-1' for '-gapopen <GAP_OPEN>': expected an integer >= 0"	BLAST engine error: Error: Gap existence and extension values -1 and 2 are not supported for substitution scores 4 and -5
iupac	megablast	5	-4	default	DIFF exit 3/0: stdout line 1: b'' / b'mq1_2\tmsA\t97.000\t600\t18\t0\t1\t600\t51\t650\t0.0\t679'	BLAST engine error: Error: Gap existence and extension values 0 and 0 are not supported for substitution scores 5 and -4
iupac	megablast	5	-4	2 2	DIFF exit 3/0: stdout line 1: b'' / b'mq1_2\tmsA\t97.000\t600\t18\t0\t1\t600\t51\t650\t0.0\t679'	BLAST engine error: Error: Gap existence and extension values 2 and 2 are not supported for substitution scores 5 and -4
iupac	megablast	5	-4	5 2	DIFF exit 3/0: stdout line 1: b'' / b'mq1_2\tmsA\t97.000\t600\t18\t0\t1\t600\t51\t650\t0.0\t679'	BLAST engine error: Error: Gap existence and extension values 5 and 2 are not supported for substitution scores 5 and -4
iupac	megablast	5	-4	0 0	DIFF exit 3/0: stdout line 1: b'' / b'mq1_2\tmsA\t97.000\t600\t18\t0\t1\t600\t51\t650\t0.0\t679'	BLAST engine error: Error: Gap existence and extension values 0 and 0 are not supported for substitution scores 5 and -4
iupac	megablast	5	-4	4 4	DIFF exit 3/0: stdout line 1: b'' / b'mq1_2\tmsA\t97.000\t600\t18\t0\t1\t600\t51\t650\t0.0\t679'	BLAST engine error: Error: Gap existence and extension values 4 and 4 are not supported for substitution scores 5 and -4
iupac	megablast	5	-4	6 4	DIFF exit 3/0: stdout line 1: b'' / b'mq1_2\tmsA\t97.000\t600\t18\t0\t1\t600\t51\t650\t0.0\t679'	BLAST engine error: Error: Gap existence and extension values 6 and 4 are not supported for substitution scores 5 and -4
iupac	megablast	5	-4	10 10	DIFF exit 3/0: stdout line 1: b'' / b'mq1_2\tmsA\t97.000\t600\t18\t0\t1\t600\t51\t650\t0.0\t679'	BLAST engine error: Error: Gap existence and extension values 10 and 10 are not supported for substitution scores 5 and -4
iupac	megablast	5	-4	0 2	DIFF exit 3/0: stdout line 1: b'' / b'mq1_2\tmsA\t97.000\t600\t18\t0\t1\t600\t51\t650\t0.0\t679'	BLAST engine error: Error: Gap existence and extension values 0 and 2 are not supported for substitution scores 5 and -4
iupac	megablast	5	-4	3 0	DIFF exit 1/0: stdout line 1: b'' / b'mq1_2\tmsA\t97.000\t600\t18\t0\t1\t600\t51\t650\t0.0\t679'	BLAST query/options error: BLASTN gap extension penalty cannot be 0
iupac	megablast	5	-4	-1 2	DIFF exit 3/2: stderr line 1: b'BLAST engine error: Error: Gap existence and extension values -1 and 2 are not s' / b"error: invalid value '-1' for '-gapopen <GAP_OPEN>': expected an integer >= 0"	BLAST engine error: Error: Gap existence and extension values -1 and 2 are not supported for substitution scores 5 and -4
iupac	megablast	2	-2	default	DIFF exit 3/0: stdout line 1: b'' / b'mq1_2\tmsA\t97.000\t600\t18\t0\t1\t600\t51\t650\t0.0\t2109'	BLAST engine error: Error: Gap existence and extension values 0 and 0 are not supported for substitution scores 2 and -2
iupac	megablast	2	-2	2 2	DIFF exit 3/0: stdout line 1: b'' / b'mq1_2\tmsA\t97.000\t600\t18\t0\t1\t600\t51\t650\t0.0\t2109'	BLAST engine error: Error: Gap existence and extension values 2 and 2 are not supported for substitution scores 2 and -2
iupac	megablast	2	-2	5 2	DIFF exit 3/0: stdout line 1: b'' / b'mq1_2\tmsA\t97.000\t600\t18\t0\t1\t600\t51\t650\t0.0\t2109'	BLAST engine error: Error: Gap existence and extension values 5 and 2 are not supported for substitution scores 2 and -2
iupac	megablast	2	-2	0 0	DIFF exit 3/0: stdout line 1: b'' / b'mq1_2\tmsA\t97.000\t600\t18\t0\t1\t600\t51\t650\t0.0\t2109'	BLAST engine error: Error: Gap existence and extension values 0 and 0 are not supported for substitution scores 2 and -2
iupac	megablast	2	-2	4 4	DIFF stdout line 1: b'mq1_2\tmsA\t97.000\t600\t18\t0\t1\t600\t51\t650\t0.0\t883' / b'mq1_2\tmsA\t97.000\t600\t18\t0\t1\t600\t51\t650\t0.0\t2109'	
iupac	megablast	2	-2	6 4	DIFF stdout line 1: b'mq1_2\tmsA\t97.000\t600\t18\t0\t1\t600\t51\t650\t0.0\t899' / b'mq1_2\tmsA\t97.000\t600\t18\t0\t1\t600\t51\t650\t0.0\t2109'	
iupac	megablast	2	-2	10 10	DIFF stdout line 1: b'mq1_2\tmsA\t97.000\t600\t18\t0\t1\t600\t51\t650\t0.0\t921' / b'mq1_2\tmsA\t97.000\t600\t18\t0\t1\t600\t51\t650\t0.0\t2109'	
iupac	megablast	2	-2	0 2	DIFF exit 3/0: stdout line 1: b'' / b'mq1_2\tmsA\t97.000\t600\t18\t0\t1\t600\t51\t650\t0.0\t2109'	BLAST engine error: Error: Gap existence and extension values 0 and 2 are not supported for substitution scores 2 and -2
iupac	megablast	2	-2	3 0	DIFF exit 1/0: stdout line 1: b'' / b'mq1_2\tmsA\t97.000\t600\t18\t0\t1\t600\t51\t650\t0.0\t2109'	BLAST query/options error: BLASTN gap extension penalty cannot be 0
iupac	megablast	2	-2	-1 2	DIFF exit 3/2: stderr line 1: b'BLAST engine error: Error: Gap existence and extension values -1 and 2 are not s' / b"error: invalid value '-1' for '-gapopen <GAP_OPEN>': expected an integer >= 0"	BLAST engine error: Error: Gap existence and extension values -1 and 2 are not supported for substitution scores 2 and -2
iupac	megablast	2	-4	default	DIFF stdout line 1: b'mq1_2\tmsA\t97.000\t600\t18\t0\t1\t600\t51\t650\t0.0\t1030' / b'mq1_2\tmsA\t97.000\t600\t18\t0\t1\t600\t51\t650\t0.0\t2060'	
iupac	megablast	2	-4	2 2	DIFF stdout line 1: b'mq1_2\tmsA\t97.000\t600\t18\t0\t1\t600\t51\t650\t0.0\t918' / b'mq1_2\tmsA\t97.000\t600\t18\t0\t1\t600\t51\t650\t0.0\t2060'	
iupac	megablast	2	-4	5 2	DIFF exit 3/0: stdout line 1: b'' / b'mq1_2\tmsA\t97.000\t600\t18\t0\t1\t600\t51\t650\t0.0\t2060'	BLAST engine error: Error: Gap existence and extension values 5 and 2 are not supported for substitution scores 2 and -4
iupac	megablast	2	-4	0 0	DIFF stdout line 1: b'mq1_2\tmsA\t97.000\t600\t18\t0\t1\t600\t51\t650\t0.0\t1030' / b'mq1_2\tmsA\t97.000\t600\t18\t0\t1\t600\t51\t650\t0.0\t2060'	
iupac	megablast	2	-4	4 4	DIFF stdout line 1: b'mq1_2\tmsA\t97.000\t600\t18\t0\t1\t600\t51\t650\t0.0\t1070' / b'mq1_2\tmsA\t97.000\t600\t18\t0\t1\t600\t51\t650\t0.0\t2060'	
iupac	megablast	2	-4	6 4	DIFF stdout line 1: b'mq1_2\tmsA\t97.000\t600\t18\t0\t1\t600\t51\t650\t0.0\t1088' / b'mq1_2\tmsA\t97.000\t600\t18\t0\t1\t600\t51\t650\t0.0\t2060'	
iupac	megablast	2	-4	10 10	DIFF stdout line 1: b'mq1_2\tmsA\t97.000\t600\t18\t0\t1\t600\t51\t650\t0.0\t1088' / b'mq1_2\tmsA\t97.000\t600\t18\t0\t1\t600\t51\t650\t0.0\t2060'	
iupac	megablast	2	-4	0 2	DIFF exit 3/0: stdout line 1: b'' / b'mq1_2\tmsA\t97.000\t600\t18\t0\t1\t600\t51\t650\t0.0\t2060'	BLAST engine error: Error: Gap existence and extension values 0 and 2 are not supported for substitution scores 2 and -4
iupac	megablast	2	-4	3 0	DIFF exit 1/0: stdout line 1: b'' / b'mq1_2\tmsA\t97.000\t600\t18\t0\t1\t600\t51\t650\t0.0\t2060'	BLAST query/options error: BLASTN gap extension penalty cannot be 0
iupac	megablast	2	-4	-1 2	DIFF exit 3/2: stderr line 1: b'BLAST engine error: Error: Gap existence and extension values -1 and 2 are not s' / b"error: invalid value '-1' for '-gapopen <GAP_OPEN>': expected an integer >= 0"	BLAST engine error: Error: Gap existence and extension values -1 and 2 are not supported for substitution scores 2 and -4
iupac	megablast	2	-6	default	DIFF stdout line 1: b'mq1_2\tmsA\t97.000\t600\t18\t0\t1\t600\t51\t650\t0.0\t1078' / b'mq1_2\tmsA\t97.000\t600\t18\t0\t1\t600\t51\t650\t0.0\t2010'	
iupac	megablast	2	-6	2 2	DIFF stdout line 1: b'mq1_2\tmsA\t97.000\t600\t18\t0\t1\t600\t51\t650\t0.0\t951' / b'mq1_2\tmsA\t97.000\t600\t18\t0\t1\t600\t51\t650\t0.0\t2010'	
iupac	megablast	2	-6	5 2	DIFF exit 3/0: stdout line 1: b'' / b'mq1_2\tmsA\t97.000\t600\t18\t0\t1\t600\t51\t650\t0.0\t2010'	BLAST engine error: Error: Gap existence and extension values 5 and 2 are not supported for substitution scores 2 and -6
iupac	megablast	2	-6	0 0	DIFF stdout line 1: b'mq1_2\tmsA\t97.000\t600\t18\t0\t1\t600\t51\t650\t0.0\t1078' / b'mq1_2\tmsA\t97.000\t600\t18\t0\t1\t600\t51\t650\t0.0\t2010'	
iupac	megablast	2	-6	4 4	DIFF stdout line 1: b'mq1_2\tmsA\t97.000\t600\t18\t0\t1\t600\t51\t650\t0.0\t1075' / b'mq1_2\tmsA\t97.000\t600\t18\t0\t1\t600\t51\t650\t0.0\t2010'	
iupac	megablast	2	-6	6 4	DIFF stdout line 1: b'mq1_2\tmsA\t97.000\t600\t18\t0\t1\t600\t51\t650\t0.0\t1095' / b'mq1_2\tmsA\t97.000\t600\t18\t0\t1\t600\t51\t650\t0.0\t2010'	
iupac	megablast	2	-6	10 10	DIFF stdout line 1: b'mq1_2\tmsA\t97.000\t600\t18\t0\t1\t600\t51\t650\t0.0\t1095' / b'mq1_2\tmsA\t97.000\t600\t18\t0\t1\t600\t51\t650\t0.0\t2010'	
iupac	megablast	2	-6	0 2	DIFF exit 3/0: stdout line 1: b'' / b'mq1_2\tmsA\t97.000\t600\t18\t0\t1\t600\t51\t650\t0.0\t2010'	BLAST engine error: Error: Gap existence and extension values 0 and 2 are not supported for substitution scores 2 and -6
iupac	megablast	2	-6	3 0	DIFF exit 1/0: stdout line 1: b'' / b'mq1_2\tmsA\t96.186\t603\t17\t2\t1\t600\t51\t650\t0.0\t1997'	BLAST query/options error: BLASTN gap extension penalty cannot be 0
iupac	megablast	2	-6	-1 2	DIFF exit 3/2: stderr line 1: b'BLAST engine error: Error: Gap existence and extension values -1 and 2 are not s' / b"error: invalid value '-1' for '-gapopen <GAP_OPEN>': expected an integer >= 0"	BLAST engine error: Error: Gap existence and extension values -1 and 2 are not supported for substitution scores 2 and -6
iupac	megablast	4	-6	default	DIFF stdout line 1: b'mq1_2\tmsA\t97.000\t600\t18\t0\t1\t600\t51\t650\t0.0\t897' / b'mq1_2\tmsA\t97.000\t600\t18\t0\t1\t600\t51\t650\t0.0\t4169'	
iupac	megablast	4	-6	2 2	DIFF exit 3/0: stdout line 1: b'' / b'mq1_2\tmsA\t97.000\t600\t18\t0\t1\t600\t51\t650\t0.0\t4169'	BLAST engine error: Error: Gap existence and extension values 2 and 2 are not supported for substitution scores 4 and -6
iupac	megablast	4	-6	5 2	DIFF exit 3/0: stdout line 1: b'' / b'mq1_2\tmsA\t97.000\t600\t18\t0\t1\t600\t51\t650\t0.0\t4169'	BLAST engine error: Error: Gap existence and extension values 5 and 2 are not supported for substitution scores 4 and -6
iupac	megablast	4	-6	0 0	DIFF stdout line 1: b'mq1_2\tmsA\t97.000\t600\t18\t0\t1\t600\t51\t650\t0.0\t897' / b'mq1_2\tmsA\t97.000\t600\t18\t0\t1\t600\t51\t650\t0.0\t4169'	
iupac	megablast	4	-6	4 4	DIFF stdout line 1: b'mq1_2\tmsA\t97.000\t600\t18\t0\t1\t600\t51\t650\t0.0\t841' / b'mq1_2\tmsA\t97.000\t600\t18\t0\t1\t600\t51\t650\t0.0\t4169'	
iupac	megablast	4	-6	6 4	DIFF exit 3/0: stdout line 1: b'' / b'mq1_2\tmsA\t97.000\t600\t18\t0\t1\t600\t51\t650\t0.0\t4169'	BLAST engine error: Error: Gap existence and extension values 6 and 4 are not supported for substitution scores 4 and -6
iupac	megablast	4	-6	10 10	DIFF exit 3/0: stdout line 1: b'' / b'mq1_2\tmsA\t97.000\t600\t18\t0\t1\t600\t51\t650\t0.0\t4169'	BLAST engine error: Error: Gap existence and extension values 10 and 10 are not supported for substitution scores 4 and -6
iupac	megablast	4	-6	0 2	DIFF exit 3/0: stdout line 1: b'' / b'mq1_2\tmsA\t97.000\t600\t18\t0\t1\t600\t51\t650\t0.0\t4169'	BLAST engine error: Error: Gap existence and extension values 0 and 2 are not supported for substitution scores 4 and -6
iupac	megablast	4	-6	3 0	DIFF exit 1/0: stdout line 1: b'' / b'mq1_2\tmsA\t97.000\t600\t18\t0\t1\t600\t51\t650\t0.0\t4169'	BLAST query/options error: BLASTN gap extension penalty cannot be 0
iupac	megablast	4	-6	-1 2	DIFF exit 3/2: stderr line 1: b'BLAST engine error: Error: Gap existence and extension values -1 and 2 are not s' / b"error: invalid value '-1' for '-gapopen <GAP_OPEN>': expected an integer >= 0"	BLAST engine error: Error: Gap existence and extension values -1 and 2 are not supported for substitution scores 4 and -6
iupac	megablast	3	-6	default	DIFF stdout line 1: b'mq1_2\tmsA\t97.000\t600\t18\t0\t1\t600\t51\t650\t0.0\t1029' / b'mq1_2\tmsA\t97.000\t600\t18\t0\t1\t600\t51\t650\t0.0\t3085'	
iupac	megablast	3	-6	2 2	DIFF exit 3/0: stdout line 1: b'' / b'mq1_2\tmsA\t97.000\t600\t18\t0\t1\t600\t51\t650\t0.0\t3085'	BLAST engine error: Error: Gap existence and extension values 2 and 2 are not supported for substitution scores 3 and -6
iupac	megablast	3	-6	5 2	DIFF exit 3/0: stdout line 1: b'' / b'mq1_2\tmsA\t97.000\t600\t18\t0\t1\t600\t51\t650\t0.0\t3085'	BLAST engine error: Error: Gap existence and extension values 5 and 2 are not supported for substitution scores 3 and -6
iupac	megablast	3	-6	0 0	DIFF stdout line 1: b'mq1_2\tmsA\t97.000\t600\t18\t0\t1\t600\t51\t650\t0.0\t1029' / b'mq1_2\tmsA\t97.000\t600\t18\t0\t1\t600\t51\t650\t0.0\t3085'	
iupac	megablast	3	-6	4 4	DIFF exit 3/0: stdout line 1: b'' / b'mq1_2\tmsA\t97.000\t600\t18\t0\t1\t600\t51\t650\t0.0\t3085'	BLAST engine error: Error: Gap existence and extension values 4 and 4 are not supported for substitution scores 3 and -6
iupac	megablast	3	-6	6 4	DIFF exit 3/0: stdout line 1: b'' / b'mq1_2\tmsA\t97.000\t600\t18\t0\t1\t600\t51\t650\t0.0\t3085'	BLAST engine error: Error: Gap existence and extension values 6 and 4 are not supported for substitution scores 3 and -6
iupac	megablast	3	-6	10 10	DIFF stdout line 1: b'mq1_2\tmsA\t97.000\t600\t18\t0\t1\t600\t51\t650\t0.0\t1087' / b'mq1_2\tmsA\t97.000\t600\t18\t0\t1\t600\t51\t650\t0.0\t3085'	
iupac	megablast	3	-6	0 2	DIFF exit 3/0: stdout line 1: b'' / b'mq1_2\tmsA\t97.000\t600\t18\t0\t1\t600\t51\t650\t0.0\t3085'	BLAST engine error: Error: Gap existence and extension values 0 and 2 are not supported for substitution scores 3 and -6
iupac	megablast	3	-6	3 0	DIFF exit 1/0: stdout line 1: b'' / b'mq1_2\tmsA\t96.186\t603\t17\t2\t1\t600\t51\t650\t0.0\t3068'	BLAST query/options error: BLASTN gap extension penalty cannot be 0
iupac	megablast	3	-6	-1 2	DIFF exit 3/2: stderr line 1: b'BLAST engine error: Error: Gap existence and extension values -1 and 2 are not s' / b"error: invalid value '-1' for '-gapopen <GAP_OPEN>': expected an integer >= 0"	BLAST engine error: Error: Gap existence and extension values -1 and 2 are not supported for substitution scores 3 and -6
iupac	megablast	4	-10	default	DIFF stdout line 1: b'mq1_2\tmsA\t97.000\t600\t18\t0\t1\t600\t51\t650\t0.0\t1073' / b'mq1_2\tmsA\t97.000\t600\t18\t0\t1\t600\t51\t650\t0.0\t4069'	
iupac	megablast	4	-10	2 2	DIFF exit 3/0: stdout line 1: b'' / b'mq1_2\tmsA\t97.000\t600\t18\t0\t1\t600\t51\t650\t0.0\t4069'	BLAST engine error: Error: Gap existence and extension values 2 and 2 are not supported for substitution scores 4 and -10
iupac	megablast	4	-10	5 2	DIFF exit 3/0: stdout line 1: b'' / b'mq1_2\tmsA\t97.000\t600\t18\t0\t1\t600\t51\t650\t0.0\t4069'	BLAST engine error: Error: Gap existence and extension values 5 and 2 are not supported for substitution scores 4 and -10
iupac	megablast	4	-10	0 0	DIFF stdout line 1: b'mq1_2\tmsA\t97.000\t600\t18\t0\t1\t600\t51\t650\t0.0\t1073' / b'mq1_2\tmsA\t97.000\t600\t18\t0\t1\t600\t51\t650\t0.0\t4069'	
iupac	megablast	4	-10	4 4	DIFF stdout line 1: b'mq1_2\tmsA\t97.000\t600\t18\t0\t1\t600\t51\t650\t0.0\t891' / b'mq1_2\tmsA\t97.000\t600\t18\t0\t1\t600\t51\t650\t0.0\t4069'	
iupac	megablast	4	-10	6 4	DIFF exit 3/0: stdout line 1: b'' / b'mq1_2\tmsA\t97.000\t600\t18\t0\t1\t600\t51\t650\t0.0\t4069'	BLAST engine error: Error: Gap existence and extension values 6 and 4 are not supported for substitution scores 4 and -10
iupac	megablast	4	-10	10 10	DIFF stdout line 1: b'mq1_2\tmsA\t97.000\t600\t18\t0\t1\t600\t51\t650\t0.0\t1098' / b'mq1_2\tmsA\t97.000\t600\t18\t0\t1\t600\t51\t650\t0.0\t4069'	
iupac	megablast	4	-10	0 2	DIFF exit 3/0: stdout line 1: b'' / b'mq1_2\tmsA\t97.000\t600\t18\t0\t1\t600\t51\t650\t0.0\t4069'	BLAST engine error: Error: Gap existence and extension values 0 and 2 are not supported for substitution scores 4 and -10
iupac	megablast	4	-10	3 0	DIFF exit 1/0: stdout line 1: b'' / b'mq1_2\tmsA\t97.000\t600\t18\t0\t1\t600\t51\t650\t0.0\t4069'	BLAST query/options error: BLASTN gap extension penalty cannot be 0
iupac	megablast	4	-10	-1 2	DIFF exit 3/2: stderr line 1: b'BLAST engine error: Error: Gap existence and extension values -1 and 2 are not s' / b"error: invalid value '-1' for '-gapopen <GAP_OPEN>': expected an integer >= 0"	BLAST engine error: Error: Gap existence and extension values -1 and 2 are not supported for substitution scores 4 and -10
iupac	megablast	1	-6	default	DIFF exit 3/0: stdout line 1: b'' / b'mq1_2\tmsA\t97.000\t600\t18\t0\t1\t600\t51\t650\t0.0\t918'	BLAST engine error: Error: Substitution scores 1 and -6 are not supported Error: Substitution scores 1 and -6 are not supported Error: Substitution scores 1 and
iupac	megablast	1	-6	2 2	DIFF exit 3/0: stdout line 1: b'' / b'mq1_2\tmsA\t97.000\t600\t18\t0\t1\t600\t51\t650\t0.0\t918'	BLAST engine error: Error: Substitution scores 1 and -6 are not supported Error: Substitution scores 1 and -6 are not supported Error: Substitution scores 1 and
iupac	megablast	1	-6	5 2	DIFF exit 3/0: stdout line 1: b'' / b'mq1_2\tmsA\t97.000\t600\t18\t0\t1\t600\t51\t650\t0.0\t918'	BLAST engine error: Error: Substitution scores 1 and -6 are not supported Error: Substitution scores 1 and -6 are not supported Error: Substitution scores 1 and
iupac	megablast	1	-6	0 0	DIFF exit 3/0: stdout line 1: b'' / b'mq1_2\tmsA\t97.000\t600\t18\t0\t1\t600\t51\t650\t0.0\t918'	BLAST engine error: Error: Substitution scores 1 and -6 are not supported Error: Substitution scores 1 and -6 are not supported Error: Substitution scores 1 and
iupac	megablast	1	-6	4 4	DIFF exit 3/0: stdout line 1: b'' / b'mq1_2\tmsA\t97.000\t600\t18\t0\t1\t600\t51\t650\t0.0\t918'	BLAST engine error: Error: Substitution scores 1 and -6 are not supported Error: Substitution scores 1 and -6 are not supported Error: Substitution scores 1 and
iupac	megablast	1	-6	6 4	DIFF exit 3/0: stdout line 1: b'' / b'mq1_2\tmsA\t97.000\t600\t18\t0\t1\t600\t51\t650\t0.0\t918'	BLAST engine error: Error: Substitution scores 1 and -6 are not supported Error: Substitution scores 1 and -6 are not supported Error: Substitution scores 1 and
iupac	megablast	1	-6	10 10	DIFF exit 3/0: stdout line 1: b'' / b'mq1_2\tmsA\t97.000\t600\t18\t0\t1\t600\t51\t650\t0.0\t918'	BLAST engine error: Error: Substitution scores 1 and -6 are not supported Error: Substitution scores 1 and -6 are not supported Error: Substitution scores 1 and
iupac	megablast	1	-6	0 2	DIFF exit 3/0: stdout line 1: b'' / b'mq1_2\tmsA\t97.000\t600\t18\t0\t1\t600\t51\t650\t0.0\t918'	BLAST engine error: Error: Substitution scores 1 and -6 are not supported Error: Substitution scores 1 and -6 are not supported Error: Substitution scores 1 and
iupac	megablast	1	-6	3 0	DIFF exit 1/0: stdout line 1: b'' / b'mq1_2\tmsA\t96.186\t603\t17\t2\t1\t600\t51\t650\t0.0\t911'	BLAST query/options error: BLASTN gap extension penalty cannot be 0
iupac	megablast	1	-6	-1 2	DIFF exit 3/2: stderr line 1: b'BLAST engine error: Error: Substitution scores 1 and -6 are not supported Error:' / b"error: invalid value '-1' for '-gapopen <GAP_OPEN>': expected an integer >= 0"	BLAST engine error: Error: Substitution scores 1 and -6 are not supported Error: Substitution scores 1 and -6 are not supported Error: Substitution scores 1 and
iupac	megablast	3	-5	default	DIFF exit 3/0: stdout line 1: b'' / b'mq1_2\tmsA\t97.000\t600\t18\t0\t1\t600\t51\t650\t0.0\t3118'	BLAST engine error: Error: Substitution scores 3 and -5 are not supported Error: Substitution scores 3 and -5 are not supported Error: Substitution scores 3 and
iupac	megablast	3	-5	2 2	DIFF exit 3/0: stdout line 1: b'' / b'mq1_2\tmsA\t97.000\t600\t18\t0\t1\t600\t51\t650\t0.0\t3118'	BLAST engine error: Error: Substitution scores 3 and -5 are not supported Error: Substitution scores 3 and -5 are not supported Error: Substitution scores 3 and
iupac	megablast	3	-5	5 2	DIFF exit 3/0: stdout line 1: b'' / b'mq1_2\tmsA\t97.000\t600\t18\t0\t1\t600\t51\t650\t0.0\t3118'	BLAST engine error: Error: Substitution scores 3 and -5 are not supported Error: Substitution scores 3 and -5 are not supported Error: Substitution scores 3 and
iupac	megablast	3	-5	0 0	DIFF exit 3/0: stdout line 1: b'' / b'mq1_2\tmsA\t97.000\t600\t18\t0\t1\t600\t51\t650\t0.0\t3118'	BLAST engine error: Error: Substitution scores 3 and -5 are not supported Error: Substitution scores 3 and -5 are not supported Error: Substitution scores 3 and
iupac	megablast	3	-5	4 4	DIFF exit 3/0: stdout line 1: b'' / b'mq1_2\tmsA\t97.000\t600\t18\t0\t1\t600\t51\t650\t0.0\t3118'	BLAST engine error: Error: Substitution scores 3 and -5 are not supported Error: Substitution scores 3 and -5 are not supported Error: Substitution scores 3 and
iupac	megablast	3	-5	6 4	DIFF exit 3/0: stdout line 1: b'' / b'mq1_2\tmsA\t97.000\t600\t18\t0\t1\t600\t51\t650\t0.0\t3118'	BLAST engine error: Error: Substitution scores 3 and -5 are not supported Error: Substitution scores 3 and -5 are not supported Error: Substitution scores 3 and
iupac	megablast	3	-5	10 10	DIFF exit 3/0: stdout line 1: b'' / b'mq1_2\tmsA\t97.000\t600\t18\t0\t1\t600\t51\t650\t0.0\t3118'	BLAST engine error: Error: Substitution scores 3 and -5 are not supported Error: Substitution scores 3 and -5 are not supported Error: Substitution scores 3 and
iupac	megablast	3	-5	0 2	DIFF exit 3/0: stdout line 1: b'' / b'mq1_2\tmsA\t97.000\t600\t18\t0\t1\t600\t51\t650\t0.0\t3118'	BLAST engine error: Error: Substitution scores 3 and -5 are not supported Error: Substitution scores 3 and -5 are not supported Error: Substitution scores 3 and
iupac	megablast	3	-5	3 0	DIFF exit 1/0: stdout line 1: b'' / b'mq1_2\tmsA\t97.000\t600\t18\t0\t1\t600\t51\t650\t0.0\t3118'	BLAST query/options error: BLASTN gap extension penalty cannot be 0
iupac	megablast	3	-5	-1 2	DIFF exit 3/2: stderr line 1: b'BLAST engine error: Error: Substitution scores 3 and -5 are not supported Error:' / b"error: invalid value '-1' for '-gapopen <GAP_OPEN>': expected an integer >= 0"	BLAST engine error: Error: Substitution scores 3 and -5 are not supported Error: Substitution scores 3 and -5 are not supported Error: Substitution scores 3 and
iupac	megablast	2	-1	default	DIFF exit 3/0: stdout line 1: b'' / b'mq1_2\tmsA\t97.000\t600\t18\t0\t1\t600\t51\t650\t0.0\t2143'	BLAST engine error: Error: Substitution scores 2 and -1 are not supported Error: Substitution scores 2 and -1 are not supported Error: Substitution scores 2 and
iupac	megablast	2	-1	2 2	DIFF exit 3/0: stdout line 1: b'' / b'mq1_2\tmsA\t97.000\t600\t18\t0\t1\t600\t51\t650\t0.0\t2143'	BLAST engine error: Error: Substitution scores 2 and -1 are not supported Error: Substitution scores 2 and -1 are not supported Error: Substitution scores 2 and
iupac	megablast	2	-1	5 2	DIFF exit 3/0: stdout line 1: b'' / b'mq1_2\tmsA\t97.000\t600\t18\t0\t1\t600\t51\t650\t0.0\t2143'	BLAST engine error: Error: Substitution scores 2 and -1 are not supported Error: Substitution scores 2 and -1 are not supported Error: Substitution scores 2 and
iupac	megablast	2	-1	0 0	DIFF exit 3/0: stdout line 1: b'' / b'mq1_2\tmsA\t97.000\t600\t18\t0\t1\t600\t51\t650\t0.0\t2143'	BLAST engine error: Error: Substitution scores 2 and -1 are not supported Error: Substitution scores 2 and -1 are not supported Error: Substitution scores 2 and
iupac	megablast	2	-1	4 4	DIFF exit 3/0: stdout line 1: b'' / b'mq1_2\tmsA\t97.000\t600\t18\t0\t1\t600\t51\t650\t0.0\t2143'	BLAST engine error: Error: Substitution scores 2 and -1 are not supported Error: Substitution scores 2 and -1 are not supported Error: Substitution scores 2 and
iupac	megablast	2	-1	6 4	DIFF exit 3/0: stdout line 1: b'' / b'mq1_2\tmsA\t97.000\t600\t18\t0\t1\t600\t51\t650\t0.0\t2143'	BLAST engine error: Error: Substitution scores 2 and -1 are not supported Error: Substitution scores 2 and -1 are not supported Error: Substitution scores 2 and
iupac	megablast	2	-1	10 10	DIFF exit 3/0: stdout line 1: b'' / b'mq1_2\tmsA\t97.000\t600\t18\t0\t1\t600\t51\t650\t0.0\t2143'	BLAST engine error: Error: Substitution scores 2 and -1 are not supported Error: Substitution scores 2 and -1 are not supported Error: Substitution scores 2 and
iupac	megablast	2	-1	0 2	DIFF exit 3/0: stdout line 1: b'' / b'mq1_2\tmsA\t97.000\t600\t18\t0\t1\t600\t51\t650\t0.0\t2143'	BLAST engine error: Error: Substitution scores 2 and -1 are not supported Error: Substitution scores 2 and -1 are not supported Error: Substitution scores 2 and
iupac	megablast	2	-1	3 0	DIFF exit 1/0: stdout line 1: b'' / b'mq1_2\tmsA\t97.000\t600\t18\t0\t1\t600\t51\t650\t0.0\t2143'	BLAST query/options error: BLASTN gap extension penalty cannot be 0
iupac	megablast	2	-1	-1 2	DIFF exit 3/2: stderr line 1: b'BLAST engine error: Error: Substitution scores 2 and -1 are not supported Error:' / b"error: invalid value '-1' for '-gapopen <GAP_OPEN>': expected an integer >= 0"	BLAST engine error: Error: Substitution scores 2 and -1 are not supported Error: Substitution scores 2 and -1 are not supported Error: Substitution scores 2 and
iupac	megablast	1	0	default	DIFF exit 1/2: stderr line 1: b'BLAST query/options error: BLASTN penalty must be negative' / b"error: invalid value '0' for '-penalty <PENALTY>': expected a negative integer"	BLAST query/options error: BLASTN penalty must be negative
iupac	megablast	1	0	2 2	DIFF exit 1/2: stderr line 1: b'BLAST query/options error: BLASTN penalty must be negative' / b"error: invalid value '0' for '-penalty <PENALTY>': expected a negative integer"	BLAST query/options error: BLASTN penalty must be negative
iupac	megablast	1	0	5 2	DIFF exit 1/2: stderr line 1: b'BLAST query/options error: BLASTN penalty must be negative' / b"error: invalid value '0' for '-penalty <PENALTY>': expected a negative integer"	BLAST query/options error: BLASTN penalty must be negative
iupac	megablast	1	0	0 0	DIFF exit 1/2: stderr line 1: b'BLAST query/options error: BLASTN penalty must be negative' / b"error: invalid value '0' for '-penalty <PENALTY>': expected a negative integer"	BLAST query/options error: BLASTN penalty must be negative
iupac	megablast	1	0	4 4	DIFF exit 1/2: stderr line 1: b'BLAST query/options error: BLASTN penalty must be negative' / b"error: invalid value '0' for '-penalty <PENALTY>': expected a negative integer"	BLAST query/options error: BLASTN penalty must be negative
iupac	megablast	1	0	6 4	DIFF exit 1/2: stderr line 1: b'BLAST query/options error: BLASTN penalty must be negative' / b"error: invalid value '0' for '-penalty <PENALTY>': expected a negative integer"	BLAST query/options error: BLASTN penalty must be negative
iupac	megablast	1	0	10 10	DIFF exit 1/2: stderr line 1: b'BLAST query/options error: BLASTN penalty must be negative' / b"error: invalid value '0' for '-penalty <PENALTY>': expected a negative integer"	BLAST query/options error: BLASTN penalty must be negative
iupac	megablast	1	0	0 2	DIFF exit 1/2: stderr line 1: b'BLAST query/options error: BLASTN penalty must be negative' / b"error: invalid value '0' for '-penalty <PENALTY>': expected a negative integer"	BLAST query/options error: BLASTN penalty must be negative
iupac	megablast	1	0	3 0	DIFF exit 1/2: stderr line 1: b'BLAST query/options error: BLASTN penalty must be negative' / b"error: invalid value '0' for '-penalty <PENALTY>': expected a negative integer"	BLAST query/options error: BLASTN penalty must be negative
iupac	megablast	1	0	-1 2	DIFF exit 1/2: stderr line 1: b'BLAST query/options error: BLASTN penalty must be negative' / b"error: invalid value '0' for '-penalty <PENALTY>': expected a negative integer"	BLAST query/options error: BLASTN penalty must be negative
# DIFF=806 same=74
