set	outfmt	options	result	ncbi_message	losat_message
matrix	0	-matrix BLOSUM45	losat-rejects	Error: the matrix BLOSUM45 with gap costs 14/2 is not supported by LOSAT's BLASTP	Error: the matrix BLOSUM45 with gap costs 14/2 is not supported by LOSAT's BLASTP
matrix	6	-matrix BLOSUM45	losat-rejects	Error: the matrix BLOSUM45 with gap costs 14/2 is not supported by LOSAT's BLASTP	Error: the matrix BLOSUM45 with gap costs 14/2 is not supported by LOSAT's BLASTP
matrix	7	-matrix BLOSUM45	losat-rejects	Error: the matrix BLOSUM45 with gap costs 14/2 is not supported by LOSAT's BLASTP	Error: the matrix BLOSUM45 with gap costs 14/2 is not supported by LOSAT's BLASTP
matrix	0	-matrix BLOSUM45 -gapopen 32767 -gapextend 32767	losat-rejects	Error: the matrix BLOSUM45 with gap costs 32767/32767 is not supported by LOSAT's BLASTP	Error: the matrix BLOSUM45 with gap costs 32767/32767 is not supported by LOSAT's BLASTP
matrix	6	-matrix BLOSUM45 -gapopen 32767 -gapextend 32767	losat-rejects	Error: the matrix BLOSUM45 with gap costs 32767/32767 is not supported by LOSAT's BLASTP	Error: the matrix BLOSUM45 with gap costs 32767/32767 is not supported by LOSAT's BLASTP
matrix	7	-matrix BLOSUM45 -gapopen 32767 -gapextend 32767	losat-rejects	Error: the matrix BLOSUM45 with gap costs 32767/32767 is not supported by LOSAT's BLASTP	Error: the matrix BLOSUM45 with gap costs 32767/32767 is not supported by LOSAT's BLASTP
matrix	0	-matrix BLOSUM45 -gapopen 13 -gapextend 3	losat-rejects	Error: the matrix BLOSUM45 with gap costs 13/3 is not supported by LOSAT's BLASTP	Error: the matrix BLOSUM45 with gap costs 13/3 is not supported by LOSAT's BLASTP
matrix	6	-matrix BLOSUM45 -gapopen 13 -gapextend 3	losat-rejects	Error: the matrix BLOSUM45 with gap costs 13/3 is not supported by LOSAT's BLASTP	Error: the matrix BLOSUM45 with gap costs 13/3 is not supported by LOSAT's BLASTP
matrix	7	-matrix BLOSUM45 -gapopen 13 -gapextend 3	losat-rejects	Error: the matrix BLOSUM45 with gap costs 13/3 is not supported by LOSAT's BLASTP	Error: the matrix BLOSUM45 with gap costs 13/3 is not supported by LOSAT's BLASTP
matrix	0	-matrix BLOSUM45 -gapopen 12 -gapextend 3	losat-rejects	Error: the matrix BLOSUM45 with gap costs 12/3 is not supported by LOSAT's BLASTP	Error: the matrix BLOSUM45 with gap costs 12/3 is not supported by LOSAT's BLASTP
matrix	6	-matrix BLOSUM45 -gapopen 12 -gapextend 3	losat-rejects	Error: the matrix BLOSUM45 with gap costs 12/3 is not supported by LOSAT's BLASTP	Error: the matrix BLOSUM45 with gap costs 12/3 is not supported by LOSAT's BLASTP
matrix	7	-matrix BLOSUM45 -gapopen 12 -gapextend 3	losat-rejects	Error: the matrix BLOSUM45 with gap costs 12/3 is not supported by LOSAT's BLASTP	Error: the matrix BLOSUM45 with gap costs 12/3 is not supported by LOSAT's BLASTP
matrix	0	-matrix BLOSUM45 -gapopen 11 -gapextend 3	losat-rejects	Error: the matrix BLOSUM45 with gap costs 11/3 is not supported by LOSAT's BLASTP	Error: the matrix BLOSUM45 with gap costs 11/3 is not supported by LOSAT's BLASTP
matrix	6	-matrix BLOSUM45 -gapopen 11 -gapextend 3	losat-rejects	Error: the matrix BLOSUM45 with gap costs 11/3 is not supported by LOSAT's BLASTP	Error: the matrix BLOSUM45 with gap costs 11/3 is not supported by LOSAT's BLASTP
matrix	7	-matrix BLOSUM45 -gapopen 11 -gapextend 3	losat-rejects	Error: the matrix BLOSUM45 with gap costs 11/3 is not supported by LOSAT's BLASTP	Error: the matrix BLOSUM45 with gap costs 11/3 is not supported by LOSAT's BLASTP
matrix	0	-matrix BLOSUM45 -gapopen 10 -gapextend 3	losat-rejects	Error: the matrix BLOSUM45 with gap costs 10/3 is not supported by LOSAT's BLASTP	Error: the matrix BLOSUM45 with gap costs 10/3 is not supported by LOSAT's BLASTP
matrix	6	-matrix BLOSUM45 -gapopen 10 -gapextend 3	losat-rejects	Error: the matrix BLOSUM45 with gap costs 10/3 is not supported by LOSAT's BLASTP	Error: the matrix BLOSUM45 with gap costs 10/3 is not supported by LOSAT's BLASTP
matrix	7	-matrix BLOSUM45 -gapopen 10 -gapextend 3	losat-rejects	Error: the matrix BLOSUM45 with gap costs 10/3 is not supported by LOSAT's BLASTP	Error: the matrix BLOSUM45 with gap costs 10/3 is not supported by LOSAT's BLASTP
matrix	0	-matrix BLOSUM45 -gapopen 16 -gapextend 2	losat-rejects	Error: the matrix BLOSUM45 with gap costs 16/2 is not supported by LOSAT's BLASTP	Error: the matrix BLOSUM45 with gap costs 16/2 is not supported by LOSAT's BLASTP
matrix	6	-matrix BLOSUM45 -gapopen 16 -gapextend 2	losat-rejects	Error: the matrix BLOSUM45 with gap costs 16/2 is not supported by LOSAT's BLASTP	Error: the matrix BLOSUM45 with gap costs 16/2 is not supported by LOSAT's BLASTP
matrix	7	-matrix BLOSUM45 -gapopen 16 -gapextend 2	losat-rejects	Error: the matrix BLOSUM45 with gap costs 16/2 is not supported by LOSAT's BLASTP	Error: the matrix BLOSUM45 with gap costs 16/2 is not supported by LOSAT's BLASTP
matrix	0	-matrix BLOSUM45 -gapopen 15 -gapextend 2	losat-rejects	Error: the matrix BLOSUM45 with gap costs 15/2 is not supported by LOSAT's BLASTP	Error: the matrix BLOSUM45 with gap costs 15/2 is not supported by LOSAT's BLASTP
matrix	6	-matrix BLOSUM45 -gapopen 15 -gapextend 2	losat-rejects	Error: the matrix BLOSUM45 with gap costs 15/2 is not supported by LOSAT's BLASTP	Error: the matrix BLOSUM45 with gap costs 15/2 is not supported by LOSAT's BLASTP
matrix	7	-matrix BLOSUM45 -gapopen 15 -gapextend 2	losat-rejects	Error: the matrix BLOSUM45 with gap costs 15/2 is not supported by LOSAT's BLASTP	Error: the matrix BLOSUM45 with gap costs 15/2 is not supported by LOSAT's BLASTP
matrix	0	-matrix BLOSUM45 -gapopen 14 -gapextend 2	losat-rejects	Error: the matrix BLOSUM45 with gap costs 14/2 is not supported by LOSAT's BLASTP	Error: the matrix BLOSUM45 with gap costs 14/2 is not supported by LOSAT's BLASTP
matrix	6	-matrix BLOSUM45 -gapopen 14 -gapextend 2	losat-rejects	Error: the matrix BLOSUM45 with gap costs 14/2 is not supported by LOSAT's BLASTP	Error: the matrix BLOSUM45 with gap costs 14/2 is not supported by LOSAT's BLASTP
matrix	7	-matrix BLOSUM45 -gapopen 14 -gapextend 2	losat-rejects	Error: the matrix BLOSUM45 with gap costs 14/2 is not supported by LOSAT's BLASTP	Error: the matrix BLOSUM45 with gap costs 14/2 is not supported by LOSAT's BLASTP
matrix	0	-matrix BLOSUM45 -gapopen 13 -gapextend 2	losat-rejects	Error: the matrix BLOSUM45 with gap costs 13/2 is not supported by LOSAT's BLASTP	Error: the matrix BLOSUM45 with gap costs 13/2 is not supported by LOSAT's BLASTP
matrix	6	-matrix BLOSUM45 -gapopen 13 -gapextend 2	losat-rejects	Error: the matrix BLOSUM45 with gap costs 13/2 is not supported by LOSAT's BLASTP	Error: the matrix BLOSUM45 with gap costs 13/2 is not supported by LOSAT's BLASTP
matrix	7	-matrix BLOSUM45 -gapopen 13 -gapextend 2	losat-rejects	Error: the matrix BLOSUM45 with gap costs 13/2 is not supported by LOSAT's BLASTP	Error: the matrix BLOSUM45 with gap costs 13/2 is not supported by LOSAT's BLASTP
matrix	0	-matrix BLOSUM45 -gapopen 12 -gapextend 2	losat-rejects	Error: the matrix BLOSUM45 with gap costs 12/2 is not supported by LOSAT's BLASTP	Error: the matrix BLOSUM45 with gap costs 12/2 is not supported by LOSAT's BLASTP
matrix	6	-matrix BLOSUM45 -gapopen 12 -gapextend 2	losat-rejects	Error: the matrix BLOSUM45 with gap costs 12/2 is not supported by LOSAT's BLASTP	Error: the matrix BLOSUM45 with gap costs 12/2 is not supported by LOSAT's BLASTP
matrix	7	-matrix BLOSUM45 -gapopen 12 -gapextend 2	losat-rejects	Error: the matrix BLOSUM45 with gap costs 12/2 is not supported by LOSAT's BLASTP	Error: the matrix BLOSUM45 with gap costs 12/2 is not supported by LOSAT's BLASTP
matrix	0	-matrix BLOSUM45 -gapopen 19 -gapextend 1	losat-rejects	Error: the matrix BLOSUM45 with gap costs 19/1 is not supported by LOSAT's BLASTP	Error: the matrix BLOSUM45 with gap costs 19/1 is not supported by LOSAT's BLASTP
matrix	6	-matrix BLOSUM45 -gapopen 19 -gapextend 1	losat-rejects	Error: the matrix BLOSUM45 with gap costs 19/1 is not supported by LOSAT's BLASTP	Error: the matrix BLOSUM45 with gap costs 19/1 is not supported by LOSAT's BLASTP
matrix	7	-matrix BLOSUM45 -gapopen 19 -gapextend 1	losat-rejects	Error: the matrix BLOSUM45 with gap costs 19/1 is not supported by LOSAT's BLASTP	Error: the matrix BLOSUM45 with gap costs 19/1 is not supported by LOSAT's BLASTP
matrix	0	-matrix BLOSUM45 -gapopen 18 -gapextend 1	losat-rejects	Error: the matrix BLOSUM45 with gap costs 18/1 is not supported by LOSAT's BLASTP	Error: the matrix BLOSUM45 with gap costs 18/1 is not supported by LOSAT's BLASTP
matrix	6	-matrix BLOSUM45 -gapopen 18 -gapextend 1	losat-rejects	Error: the matrix BLOSUM45 with gap costs 18/1 is not supported by LOSAT's BLASTP	Error: the matrix BLOSUM45 with gap costs 18/1 is not supported by LOSAT's BLASTP
matrix	7	-matrix BLOSUM45 -gapopen 18 -gapextend 1	losat-rejects	Error: the matrix BLOSUM45 with gap costs 18/1 is not supported by LOSAT's BLASTP	Error: the matrix BLOSUM45 with gap costs 18/1 is not supported by LOSAT's BLASTP
matrix	0	-matrix BLOSUM45 -gapopen 17 -gapextend 1	losat-rejects	Error: the matrix BLOSUM45 with gap costs 17/1 is not supported by LOSAT's BLASTP	Error: the matrix BLOSUM45 with gap costs 17/1 is not supported by LOSAT's BLASTP
matrix	6	-matrix BLOSUM45 -gapopen 17 -gapextend 1	losat-rejects	Error: the matrix BLOSUM45 with gap costs 17/1 is not supported by LOSAT's BLASTP	Error: the matrix BLOSUM45 with gap costs 17/1 is not supported by LOSAT's BLASTP
matrix	7	-matrix BLOSUM45 -gapopen 17 -gapextend 1	losat-rejects	Error: the matrix BLOSUM45 with gap costs 17/1 is not supported by LOSAT's BLASTP	Error: the matrix BLOSUM45 with gap costs 17/1 is not supported by LOSAT's BLASTP
matrix	0	-matrix BLOSUM45 -gapopen 16 -gapextend 1	losat-rejects	Error: the matrix BLOSUM45 with gap costs 16/1 is not supported by LOSAT's BLASTP	Error: the matrix BLOSUM45 with gap costs 16/1 is not supported by LOSAT's BLASTP
matrix	6	-matrix BLOSUM45 -gapopen 16 -gapextend 1	losat-rejects	Error: the matrix BLOSUM45 with gap costs 16/1 is not supported by LOSAT's BLASTP	Error: the matrix BLOSUM45 with gap costs 16/1 is not supported by LOSAT's BLASTP
matrix	7	-matrix BLOSUM45 -gapopen 16 -gapextend 1	losat-rejects	Error: the matrix BLOSUM45 with gap costs 16/1 is not supported by LOSAT's BLASTP	Error: the matrix BLOSUM45 with gap costs 16/1 is not supported by LOSAT's BLASTP
matrix	0	-matrix BLOSUM45 -gapopen 1 -gapextend 1	same-error	BLAST query/options error: Gap existence and extension values of 1 and 1 not supported for BLOSUM45	BLAST query/options error: Gap existence and extension values of 1 and 1 not supported for BLOSUM45
matrix	6	-matrix BLOSUM45 -gapopen 1 -gapextend 1	same-error	BLAST query/options error: Gap existence and extension values of 1 and 1 not supported for BLOSUM45	BLAST query/options error: Gap existence and extension values of 1 and 1 not supported for BLOSUM45
matrix	7	-matrix BLOSUM45 -gapopen 1 -gapextend 1	same-error	BLAST query/options error: Gap existence and extension values of 1 and 1 not supported for BLOSUM45	BLAST query/options error: Gap existence and extension values of 1 and 1 not supported for BLOSUM45
matrix	0	-matrix BLOSUM45 -gapopen 0 -gapextend 0	same-error	BLAST query/options error: Gap existence and extension values of 0 and 0 not supported for BLOSUM45	BLAST query/options error: Gap existence and extension values of 0 and 0 not supported for BLOSUM45
matrix	6	-matrix BLOSUM45 -gapopen 0 -gapextend 0	same-error	BLAST query/options error: Gap existence and extension values of 0 and 0 not supported for BLOSUM45	BLAST query/options error: Gap existence and extension values of 0 and 0 not supported for BLOSUM45
matrix	7	-matrix BLOSUM45 -gapopen 0 -gapextend 0	same-error	BLAST query/options error: Gap existence and extension values of 0 and 0 not supported for BLOSUM45	BLAST query/options error: Gap existence and extension values of 0 and 0 not supported for BLOSUM45
matrix	0	-matrix BLOSUM45 -gapopen 11 -gapextend 0	same-error	BLAST query/options error: Gap existence and extension values of 11 and 0 not supported for BLOSUM45	BLAST query/options error: Gap existence and extension values of 11 and 0 not supported for BLOSUM45
matrix	6	-matrix BLOSUM45 -gapopen 11 -gapextend 0	same-error	BLAST query/options error: Gap existence and extension values of 11 and 0 not supported for BLOSUM45	BLAST query/options error: Gap existence and extension values of 11 and 0 not supported for BLOSUM45
matrix	7	-matrix BLOSUM45 -gapopen 11 -gapextend 0	same-error	BLAST query/options error: Gap existence and extension values of 11 and 0 not supported for BLOSUM45	BLAST query/options error: Gap existence and extension values of 11 and 0 not supported for BLOSUM45
matrix	0	-matrix BLOSUM45 -gapopen 0 -gapextend 1	same-error	BLAST query/options error: Gap existence and extension values of 0 and 1 not supported for BLOSUM45	BLAST query/options error: Gap existence and extension values of 0 and 1 not supported for BLOSUM45
matrix	6	-matrix BLOSUM45 -gapopen 0 -gapextend 1	same-error	BLAST query/options error: Gap existence and extension values of 0 and 1 not supported for BLOSUM45	BLAST query/options error: Gap existence and extension values of 0 and 1 not supported for BLOSUM45
matrix	7	-matrix BLOSUM45 -gapopen 0 -gapextend 1	same-error	BLAST query/options error: Gap existence and extension values of 0 and 1 not supported for BLOSUM45	BLAST query/options error: Gap existence and extension values of 0 and 1 not supported for BLOSUM45
matrix	0	-matrix BLOSUM45 -gapopen 32767 -gapextend 32767	losat-rejects	Error: the matrix BLOSUM45 with gap costs 32767/32767 is not supported by LOSAT's BLASTP	Error: the matrix BLOSUM45 with gap costs 32767/32767 is not supported by LOSAT's BLASTP
matrix	6	-matrix BLOSUM45 -gapopen 32767 -gapextend 32767	losat-rejects	Error: the matrix BLOSUM45 with gap costs 32767/32767 is not supported by LOSAT's BLASTP	Error: the matrix BLOSUM45 with gap costs 32767/32767 is not supported by LOSAT's BLASTP
matrix	7	-matrix BLOSUM45 -gapopen 32767 -gapextend 32767	losat-rejects	Error: the matrix BLOSUM45 with gap costs 32767/32767 is not supported by LOSAT's BLASTP	Error: the matrix BLOSUM45 with gap costs 32767/32767 is not supported by LOSAT's BLASTP
matrix	0	-matrix BLOSUM45 -gapopen 100 -gapextend 10	same-error	BLAST query/options error: Gap existence and extension values of 100 and 10 not supported for BLOSUM45	BLAST query/options error: Gap existence and extension values of 100 and 10 not supported for BLOSUM45
matrix	6	-matrix BLOSUM45 -gapopen 100 -gapextend 10	same-error	BLAST query/options error: Gap existence and extension values of 100 and 10 not supported for BLOSUM45	BLAST query/options error: Gap existence and extension values of 100 and 10 not supported for BLOSUM45
matrix	7	-matrix BLOSUM45 -gapopen 100 -gapextend 10	same-error	BLAST query/options error: Gap existence and extension values of 100 and 10 not supported for BLOSUM45	BLAST query/options error: Gap existence and extension values of 100 and 10 not supported for BLOSUM45
matrix	0	-matrix BLOSUM45 -gapopen -1 -gapextend 1	same-error	BLAST query/options error: Gap existence and extension values of -1 and 1 not supported for BLOSUM45	BLAST query/options error: Gap existence and extension values of -1 and 1 not supported for BLOSUM45
matrix	6	-matrix BLOSUM45 -gapopen -1 -gapextend 1	same-error	BLAST query/options error: Gap existence and extension values of -1 and 1 not supported for BLOSUM45	BLAST query/options error: Gap existence and extension values of -1 and 1 not supported for BLOSUM45
matrix	7	-matrix BLOSUM45 -gapopen -1 -gapextend 1	same-error	BLAST query/options error: Gap existence and extension values of -1 and 1 not supported for BLOSUM45	BLAST query/options error: Gap existence and extension values of -1 and 1 not supported for BLOSUM45
matrix	0	-matrix BLOSUM45 -gapopen 11 -gapextend -1	same-error	BLAST query/options error: Gap existence and extension values of 11 and -1 not supported for BLOSUM45	BLAST query/options error: Gap existence and extension values of 11 and -1 not supported for BLOSUM45
matrix	6	-matrix BLOSUM45 -gapopen 11 -gapextend -1	same-error	BLAST query/options error: Gap existence and extension values of 11 and -1 not supported for BLOSUM45	BLAST query/options error: Gap existence and extension values of 11 and -1 not supported for BLOSUM45
matrix	7	-matrix BLOSUM45 -gapopen 11 -gapextend -1	same-error	BLAST query/options error: Gap existence and extension values of 11 and -1 not supported for BLOSUM45	BLAST query/options error: Gap existence and extension values of 11 and -1 not supported for BLOSUM45
matrix	0	-matrix BLOSUM50	losat-rejects	Error: the matrix BLOSUM50 with gap costs 13/2 is not supported by LOSAT's BLASTP	Error: the matrix BLOSUM50 with gap costs 13/2 is not supported by LOSAT's BLASTP
matrix	6	-matrix BLOSUM50	losat-rejects	Error: the matrix BLOSUM50 with gap costs 13/2 is not supported by LOSAT's BLASTP	Error: the matrix BLOSUM50 with gap costs 13/2 is not supported by LOSAT's BLASTP
matrix	7	-matrix BLOSUM50	losat-rejects	Error: the matrix BLOSUM50 with gap costs 13/2 is not supported by LOSAT's BLASTP	Error: the matrix BLOSUM50 with gap costs 13/2 is not supported by LOSAT's BLASTP
matrix	0	-matrix BLOSUM50 -gapopen 32767 -gapextend 32767	losat-rejects	Error: the matrix BLOSUM50 with gap costs 32767/32767 is not supported by LOSAT's BLASTP	Error: the matrix BLOSUM50 with gap costs 32767/32767 is not supported by LOSAT's BLASTP
matrix	6	-matrix BLOSUM50 -gapopen 32767 -gapextend 32767	losat-rejects	Error: the matrix BLOSUM50 with gap costs 32767/32767 is not supported by LOSAT's BLASTP	Error: the matrix BLOSUM50 with gap costs 32767/32767 is not supported by LOSAT's BLASTP
matrix	7	-matrix BLOSUM50 -gapopen 32767 -gapextend 32767	losat-rejects	Error: the matrix BLOSUM50 with gap costs 32767/32767 is not supported by LOSAT's BLASTP	Error: the matrix BLOSUM50 with gap costs 32767/32767 is not supported by LOSAT's BLASTP
matrix	0	-matrix BLOSUM50 -gapopen 13 -gapextend 3	losat-rejects	Error: the matrix BLOSUM50 with gap costs 13/3 is not supported by LOSAT's BLASTP	Error: the matrix BLOSUM50 with gap costs 13/3 is not supported by LOSAT's BLASTP
matrix	6	-matrix BLOSUM50 -gapopen 13 -gapextend 3	losat-rejects	Error: the matrix BLOSUM50 with gap costs 13/3 is not supported by LOSAT's BLASTP	Error: the matrix BLOSUM50 with gap costs 13/3 is not supported by LOSAT's BLASTP
matrix	7	-matrix BLOSUM50 -gapopen 13 -gapextend 3	losat-rejects	Error: the matrix BLOSUM50 with gap costs 13/3 is not supported by LOSAT's BLASTP	Error: the matrix BLOSUM50 with gap costs 13/3 is not supported by LOSAT's BLASTP
matrix	0	-matrix BLOSUM50 -gapopen 12 -gapextend 3	losat-rejects	Error: the matrix BLOSUM50 with gap costs 12/3 is not supported by LOSAT's BLASTP	Error: the matrix BLOSUM50 with gap costs 12/3 is not supported by LOSAT's BLASTP
matrix	6	-matrix BLOSUM50 -gapopen 12 -gapextend 3	losat-rejects	Error: the matrix BLOSUM50 with gap costs 12/3 is not supported by LOSAT's BLASTP	Error: the matrix BLOSUM50 with gap costs 12/3 is not supported by LOSAT's BLASTP
matrix	7	-matrix BLOSUM50 -gapopen 12 -gapextend 3	losat-rejects	Error: the matrix BLOSUM50 with gap costs 12/3 is not supported by LOSAT's BLASTP	Error: the matrix BLOSUM50 with gap costs 12/3 is not supported by LOSAT's BLASTP
matrix	0	-matrix BLOSUM50 -gapopen 11 -gapextend 3	losat-rejects	Error: the matrix BLOSUM50 with gap costs 11/3 is not supported by LOSAT's BLASTP	Error: the matrix BLOSUM50 with gap costs 11/3 is not supported by LOSAT's BLASTP
matrix	6	-matrix BLOSUM50 -gapopen 11 -gapextend 3	losat-rejects	Error: the matrix BLOSUM50 with gap costs 11/3 is not supported by LOSAT's BLASTP	Error: the matrix BLOSUM50 with gap costs 11/3 is not supported by LOSAT's BLASTP
matrix	7	-matrix BLOSUM50 -gapopen 11 -gapextend 3	losat-rejects	Error: the matrix BLOSUM50 with gap costs 11/3 is not supported by LOSAT's BLASTP	Error: the matrix BLOSUM50 with gap costs 11/3 is not supported by LOSAT's BLASTP
matrix	0	-matrix BLOSUM50 -gapopen 10 -gapextend 3	losat-rejects	Error: the matrix BLOSUM50 with gap costs 10/3 is not supported by LOSAT's BLASTP	Error: the matrix BLOSUM50 with gap costs 10/3 is not supported by LOSAT's BLASTP
matrix	6	-matrix BLOSUM50 -gapopen 10 -gapextend 3	losat-rejects	Error: the matrix BLOSUM50 with gap costs 10/3 is not supported by LOSAT's BLASTP	Error: the matrix BLOSUM50 with gap costs 10/3 is not supported by LOSAT's BLASTP
matrix	7	-matrix BLOSUM50 -gapopen 10 -gapextend 3	losat-rejects	Error: the matrix BLOSUM50 with gap costs 10/3 is not supported by LOSAT's BLASTP	Error: the matrix BLOSUM50 with gap costs 10/3 is not supported by LOSAT's BLASTP
matrix	0	-matrix BLOSUM50 -gapopen 9 -gapextend 3	losat-rejects	Error: the matrix BLOSUM50 with gap costs 9/3 is not supported by LOSAT's BLASTP	Error: the matrix BLOSUM50 with gap costs 9/3 is not supported by LOSAT's BLASTP
matrix	6	-matrix BLOSUM50 -gapopen 9 -gapextend 3	losat-rejects	Error: the matrix BLOSUM50 with gap costs 9/3 is not supported by LOSAT's BLASTP	Error: the matrix BLOSUM50 with gap costs 9/3 is not supported by LOSAT's BLASTP
matrix	7	-matrix BLOSUM50 -gapopen 9 -gapextend 3	losat-rejects	Error: the matrix BLOSUM50 with gap costs 9/3 is not supported by LOSAT's BLASTP	Error: the matrix BLOSUM50 with gap costs 9/3 is not supported by LOSAT's BLASTP
matrix	0	-matrix BLOSUM50 -gapopen 16 -gapextend 2	losat-rejects	Error: the matrix BLOSUM50 with gap costs 16/2 is not supported by LOSAT's BLASTP	Error: the matrix BLOSUM50 with gap costs 16/2 is not supported by LOSAT's BLASTP
matrix	6	-matrix BLOSUM50 -gapopen 16 -gapextend 2	losat-rejects	Error: the matrix BLOSUM50 with gap costs 16/2 is not supported by LOSAT's BLASTP	Error: the matrix BLOSUM50 with gap costs 16/2 is not supported by LOSAT's BLASTP
matrix	7	-matrix BLOSUM50 -gapopen 16 -gapextend 2	losat-rejects	Error: the matrix BLOSUM50 with gap costs 16/2 is not supported by LOSAT's BLASTP	Error: the matrix BLOSUM50 with gap costs 16/2 is not supported by LOSAT's BLASTP
matrix	0	-matrix BLOSUM50 -gapopen 15 -gapextend 2	losat-rejects	Error: the matrix BLOSUM50 with gap costs 15/2 is not supported by LOSAT's BLASTP	Error: the matrix BLOSUM50 with gap costs 15/2 is not supported by LOSAT's BLASTP
matrix	6	-matrix BLOSUM50 -gapopen 15 -gapextend 2	losat-rejects	Error: the matrix BLOSUM50 with gap costs 15/2 is not supported by LOSAT's BLASTP	Error: the matrix BLOSUM50 with gap costs 15/2 is not supported by LOSAT's BLASTP
matrix	7	-matrix BLOSUM50 -gapopen 15 -gapextend 2	losat-rejects	Error: the matrix BLOSUM50 with gap costs 15/2 is not supported by LOSAT's BLASTP	Error: the matrix BLOSUM50 with gap costs 15/2 is not supported by LOSAT's BLASTP
matrix	0	-matrix BLOSUM50 -gapopen 14 -gapextend 2	losat-rejects	Error: the matrix BLOSUM50 with gap costs 14/2 is not supported by LOSAT's BLASTP	Error: the matrix BLOSUM50 with gap costs 14/2 is not supported by LOSAT's BLASTP
matrix	6	-matrix BLOSUM50 -gapopen 14 -gapextend 2	losat-rejects	Error: the matrix BLOSUM50 with gap costs 14/2 is not supported by LOSAT's BLASTP	Error: the matrix BLOSUM50 with gap costs 14/2 is not supported by LOSAT's BLASTP
matrix	7	-matrix BLOSUM50 -gapopen 14 -gapextend 2	losat-rejects	Error: the matrix BLOSUM50 with gap costs 14/2 is not supported by LOSAT's BLASTP	Error: the matrix BLOSUM50 with gap costs 14/2 is not supported by LOSAT's BLASTP
matrix	0	-matrix BLOSUM50 -gapopen 13 -gapextend 2	losat-rejects	Error: the matrix BLOSUM50 with gap costs 13/2 is not supported by LOSAT's BLASTP	Error: the matrix BLOSUM50 with gap costs 13/2 is not supported by LOSAT's BLASTP
matrix	6	-matrix BLOSUM50 -gapopen 13 -gapextend 2	losat-rejects	Error: the matrix BLOSUM50 with gap costs 13/2 is not supported by LOSAT's BLASTP	Error: the matrix BLOSUM50 with gap costs 13/2 is not supported by LOSAT's BLASTP
matrix	7	-matrix BLOSUM50 -gapopen 13 -gapextend 2	losat-rejects	Error: the matrix BLOSUM50 with gap costs 13/2 is not supported by LOSAT's BLASTP	Error: the matrix BLOSUM50 with gap costs 13/2 is not supported by LOSAT's BLASTP
matrix	0	-matrix BLOSUM50 -gapopen 12 -gapextend 2	losat-rejects	Error: the matrix BLOSUM50 with gap costs 12/2 is not supported by LOSAT's BLASTP	Error: the matrix BLOSUM50 with gap costs 12/2 is not supported by LOSAT's BLASTP
matrix	6	-matrix BLOSUM50 -gapopen 12 -gapextend 2	losat-rejects	Error: the matrix BLOSUM50 with gap costs 12/2 is not supported by LOSAT's BLASTP	Error: the matrix BLOSUM50 with gap costs 12/2 is not supported by LOSAT's BLASTP
matrix	7	-matrix BLOSUM50 -gapopen 12 -gapextend 2	losat-rejects	Error: the matrix BLOSUM50 with gap costs 12/2 is not supported by LOSAT's BLASTP	Error: the matrix BLOSUM50 with gap costs 12/2 is not supported by LOSAT's BLASTP
matrix	0	-matrix BLOSUM50 -gapopen 19 -gapextend 1	losat-rejects	Error: the matrix BLOSUM50 with gap costs 19/1 is not supported by LOSAT's BLASTP	Error: the matrix BLOSUM50 with gap costs 19/1 is not supported by LOSAT's BLASTP
matrix	6	-matrix BLOSUM50 -gapopen 19 -gapextend 1	losat-rejects	Error: the matrix BLOSUM50 with gap costs 19/1 is not supported by LOSAT's BLASTP	Error: the matrix BLOSUM50 with gap costs 19/1 is not supported by LOSAT's BLASTP
matrix	7	-matrix BLOSUM50 -gapopen 19 -gapextend 1	losat-rejects	Error: the matrix BLOSUM50 with gap costs 19/1 is not supported by LOSAT's BLASTP	Error: the matrix BLOSUM50 with gap costs 19/1 is not supported by LOSAT's BLASTP
matrix	0	-matrix BLOSUM50 -gapopen 18 -gapextend 1	losat-rejects	Error: the matrix BLOSUM50 with gap costs 18/1 is not supported by LOSAT's BLASTP	Error: the matrix BLOSUM50 with gap costs 18/1 is not supported by LOSAT's BLASTP
matrix	6	-matrix BLOSUM50 -gapopen 18 -gapextend 1	losat-rejects	Error: the matrix BLOSUM50 with gap costs 18/1 is not supported by LOSAT's BLASTP	Error: the matrix BLOSUM50 with gap costs 18/1 is not supported by LOSAT's BLASTP
matrix	7	-matrix BLOSUM50 -gapopen 18 -gapextend 1	losat-rejects	Error: the matrix BLOSUM50 with gap costs 18/1 is not supported by LOSAT's BLASTP	Error: the matrix BLOSUM50 with gap costs 18/1 is not supported by LOSAT's BLASTP
matrix	0	-matrix BLOSUM50 -gapopen 17 -gapextend 1	losat-rejects	Error: the matrix BLOSUM50 with gap costs 17/1 is not supported by LOSAT's BLASTP	Error: the matrix BLOSUM50 with gap costs 17/1 is not supported by LOSAT's BLASTP
matrix	6	-matrix BLOSUM50 -gapopen 17 -gapextend 1	losat-rejects	Error: the matrix BLOSUM50 with gap costs 17/1 is not supported by LOSAT's BLASTP	Error: the matrix BLOSUM50 with gap costs 17/1 is not supported by LOSAT's BLASTP
matrix	7	-matrix BLOSUM50 -gapopen 17 -gapextend 1	losat-rejects	Error: the matrix BLOSUM50 with gap costs 17/1 is not supported by LOSAT's BLASTP	Error: the matrix BLOSUM50 with gap costs 17/1 is not supported by LOSAT's BLASTP
matrix	0	-matrix BLOSUM50 -gapopen 16 -gapextend 1	losat-rejects	Error: the matrix BLOSUM50 with gap costs 16/1 is not supported by LOSAT's BLASTP	Error: the matrix BLOSUM50 with gap costs 16/1 is not supported by LOSAT's BLASTP
matrix	6	-matrix BLOSUM50 -gapopen 16 -gapextend 1	losat-rejects	Error: the matrix BLOSUM50 with gap costs 16/1 is not supported by LOSAT's BLASTP	Error: the matrix BLOSUM50 with gap costs 16/1 is not supported by LOSAT's BLASTP
matrix	7	-matrix BLOSUM50 -gapopen 16 -gapextend 1	losat-rejects	Error: the matrix BLOSUM50 with gap costs 16/1 is not supported by LOSAT's BLASTP	Error: the matrix BLOSUM50 with gap costs 16/1 is not supported by LOSAT's BLASTP
matrix	0	-matrix BLOSUM50 -gapopen 15 -gapextend 1	losat-rejects	Error: the matrix BLOSUM50 with gap costs 15/1 is not supported by LOSAT's BLASTP	Error: the matrix BLOSUM50 with gap costs 15/1 is not supported by LOSAT's BLASTP
matrix	6	-matrix BLOSUM50 -gapopen 15 -gapextend 1	losat-rejects	Error: the matrix BLOSUM50 with gap costs 15/1 is not supported by LOSAT's BLASTP	Error: the matrix BLOSUM50 with gap costs 15/1 is not supported by LOSAT's BLASTP
matrix	7	-matrix BLOSUM50 -gapopen 15 -gapextend 1	losat-rejects	Error: the matrix BLOSUM50 with gap costs 15/1 is not supported by LOSAT's BLASTP	Error: the matrix BLOSUM50 with gap costs 15/1 is not supported by LOSAT's BLASTP
matrix	0	-matrix BLOSUM50 -gapopen 1 -gapextend 1	same-error	BLAST query/options error: Gap existence and extension values of 1 and 1 not supported for BLOSUM50	BLAST query/options error: Gap existence and extension values of 1 and 1 not supported for BLOSUM50
matrix	6	-matrix BLOSUM50 -gapopen 1 -gapextend 1	same-error	BLAST query/options error: Gap existence and extension values of 1 and 1 not supported for BLOSUM50	BLAST query/options error: Gap existence and extension values of 1 and 1 not supported for BLOSUM50
matrix	7	-matrix BLOSUM50 -gapopen 1 -gapextend 1	same-error	BLAST query/options error: Gap existence and extension values of 1 and 1 not supported for BLOSUM50	BLAST query/options error: Gap existence and extension values of 1 and 1 not supported for BLOSUM50
matrix	0	-matrix BLOSUM50 -gapopen 0 -gapextend 0	same-error	BLAST query/options error: Gap existence and extension values of 0 and 0 not supported for BLOSUM50	BLAST query/options error: Gap existence and extension values of 0 and 0 not supported for BLOSUM50
matrix	6	-matrix BLOSUM50 -gapopen 0 -gapextend 0	same-error	BLAST query/options error: Gap existence and extension values of 0 and 0 not supported for BLOSUM50	BLAST query/options error: Gap existence and extension values of 0 and 0 not supported for BLOSUM50
matrix	7	-matrix BLOSUM50 -gapopen 0 -gapextend 0	same-error	BLAST query/options error: Gap existence and extension values of 0 and 0 not supported for BLOSUM50	BLAST query/options error: Gap existence and extension values of 0 and 0 not supported for BLOSUM50
matrix	0	-matrix BLOSUM50 -gapopen 11 -gapextend 0	same-error	BLAST query/options error: Gap existence and extension values of 11 and 0 not supported for BLOSUM50	BLAST query/options error: Gap existence and extension values of 11 and 0 not supported for BLOSUM50
matrix	6	-matrix BLOSUM50 -gapopen 11 -gapextend 0	same-error	BLAST query/options error: Gap existence and extension values of 11 and 0 not supported for BLOSUM50	BLAST query/options error: Gap existence and extension values of 11 and 0 not supported for BLOSUM50
matrix	7	-matrix BLOSUM50 -gapopen 11 -gapextend 0	same-error	BLAST query/options error: Gap existence and extension values of 11 and 0 not supported for BLOSUM50	BLAST query/options error: Gap existence and extension values of 11 and 0 not supported for BLOSUM50
matrix	0	-matrix BLOSUM50 -gapopen 0 -gapextend 1	same-error	BLAST query/options error: Gap existence and extension values of 0 and 1 not supported for BLOSUM50	BLAST query/options error: Gap existence and extension values of 0 and 1 not supported for BLOSUM50
matrix	6	-matrix BLOSUM50 -gapopen 0 -gapextend 1	same-error	BLAST query/options error: Gap existence and extension values of 0 and 1 not supported for BLOSUM50	BLAST query/options error: Gap existence and extension values of 0 and 1 not supported for BLOSUM50
matrix	7	-matrix BLOSUM50 -gapopen 0 -gapextend 1	same-error	BLAST query/options error: Gap existence and extension values of 0 and 1 not supported for BLOSUM50	BLAST query/options error: Gap existence and extension values of 0 and 1 not supported for BLOSUM50
matrix	0	-matrix BLOSUM50 -gapopen 32767 -gapextend 32767	losat-rejects	Error: the matrix BLOSUM50 with gap costs 32767/32767 is not supported by LOSAT's BLASTP	Error: the matrix BLOSUM50 with gap costs 32767/32767 is not supported by LOSAT's BLASTP
matrix	6	-matrix BLOSUM50 -gapopen 32767 -gapextend 32767	losat-rejects	Error: the matrix BLOSUM50 with gap costs 32767/32767 is not supported by LOSAT's BLASTP	Error: the matrix BLOSUM50 with gap costs 32767/32767 is not supported by LOSAT's BLASTP
matrix	7	-matrix BLOSUM50 -gapopen 32767 -gapextend 32767	losat-rejects	Error: the matrix BLOSUM50 with gap costs 32767/32767 is not supported by LOSAT's BLASTP	Error: the matrix BLOSUM50 with gap costs 32767/32767 is not supported by LOSAT's BLASTP
matrix	0	-matrix BLOSUM50 -gapopen 100 -gapextend 10	same-error	BLAST query/options error: Gap existence and extension values of 100 and 10 not supported for BLOSUM50	BLAST query/options error: Gap existence and extension values of 100 and 10 not supported for BLOSUM50
matrix	6	-matrix BLOSUM50 -gapopen 100 -gapextend 10	same-error	BLAST query/options error: Gap existence and extension values of 100 and 10 not supported for BLOSUM50	BLAST query/options error: Gap existence and extension values of 100 and 10 not supported for BLOSUM50
matrix	7	-matrix BLOSUM50 -gapopen 100 -gapextend 10	same-error	BLAST query/options error: Gap existence and extension values of 100 and 10 not supported for BLOSUM50	BLAST query/options error: Gap existence and extension values of 100 and 10 not supported for BLOSUM50
matrix	0	-matrix BLOSUM50 -gapopen -1 -gapextend 1	same-error	BLAST query/options error: Gap existence and extension values of -1 and 1 not supported for BLOSUM50	BLAST query/options error: Gap existence and extension values of -1 and 1 not supported for BLOSUM50
matrix	6	-matrix BLOSUM50 -gapopen -1 -gapextend 1	same-error	BLAST query/options error: Gap existence and extension values of -1 and 1 not supported for BLOSUM50	BLAST query/options error: Gap existence and extension values of -1 and 1 not supported for BLOSUM50
matrix	7	-matrix BLOSUM50 -gapopen -1 -gapextend 1	same-error	BLAST query/options error: Gap existence and extension values of -1 and 1 not supported for BLOSUM50	BLAST query/options error: Gap existence and extension values of -1 and 1 not supported for BLOSUM50
matrix	0	-matrix BLOSUM50 -gapopen 11 -gapextend -1	same-error	BLAST query/options error: Gap existence and extension values of 11 and -1 not supported for BLOSUM50	BLAST query/options error: Gap existence and extension values of 11 and -1 not supported for BLOSUM50
matrix	6	-matrix BLOSUM50 -gapopen 11 -gapextend -1	same-error	BLAST query/options error: Gap existence and extension values of 11 and -1 not supported for BLOSUM50	BLAST query/options error: Gap existence and extension values of 11 and -1 not supported for BLOSUM50
matrix	7	-matrix BLOSUM50 -gapopen 11 -gapextend -1	same-error	BLAST query/options error: Gap existence and extension values of 11 and -1 not supported for BLOSUM50	BLAST query/options error: Gap existence and extension values of 11 and -1 not supported for BLOSUM50
matrix	0	-matrix BLOSUM62	same		
matrix	6	-matrix BLOSUM62	same		
matrix	7	-matrix BLOSUM62	same		
matrix	0	-matrix BLOSUM62 -gapopen 32767 -gapextend 32767	losat-rejects	Error: the matrix BLOSUM62 with gap costs 32767/32767 is not supported by LOSAT's BLASTP	Error: the matrix BLOSUM62 with gap costs 32767/32767 is not supported by LOSAT's BLASTP
matrix	6	-matrix BLOSUM62 -gapopen 32767 -gapextend 32767	losat-rejects	Error: the matrix BLOSUM62 with gap costs 32767/32767 is not supported by LOSAT's BLASTP	Error: the matrix BLOSUM62 with gap costs 32767/32767 is not supported by LOSAT's BLASTP
matrix	7	-matrix BLOSUM62 -gapopen 32767 -gapextend 32767	losat-rejects	Error: the matrix BLOSUM62 with gap costs 32767/32767 is not supported by LOSAT's BLASTP	Error: the matrix BLOSUM62 with gap costs 32767/32767 is not supported by LOSAT's BLASTP
matrix	0	-matrix BLOSUM62 -gapopen 11 -gapextend 2	losat-rejects	Error: the matrix BLOSUM62 with gap costs 11/2 is not supported by LOSAT's BLASTP	Error: the matrix BLOSUM62 with gap costs 11/2 is not supported by LOSAT's BLASTP
matrix	6	-matrix BLOSUM62 -gapopen 11 -gapextend 2	losat-rejects	Error: the matrix BLOSUM62 with gap costs 11/2 is not supported by LOSAT's BLASTP	Error: the matrix BLOSUM62 with gap costs 11/2 is not supported by LOSAT's BLASTP
matrix	7	-matrix BLOSUM62 -gapopen 11 -gapextend 2	losat-rejects	Error: the matrix BLOSUM62 with gap costs 11/2 is not supported by LOSAT's BLASTP	Error: the matrix BLOSUM62 with gap costs 11/2 is not supported by LOSAT's BLASTP
matrix	0	-matrix BLOSUM62 -gapopen 10 -gapextend 2	losat-rejects	Error: the matrix BLOSUM62 with gap costs 10/2 is not supported by LOSAT's BLASTP	Error: the matrix BLOSUM62 with gap costs 10/2 is not supported by LOSAT's BLASTP
matrix	6	-matrix BLOSUM62 -gapopen 10 -gapextend 2	losat-rejects	Error: the matrix BLOSUM62 with gap costs 10/2 is not supported by LOSAT's BLASTP	Error: the matrix BLOSUM62 with gap costs 10/2 is not supported by LOSAT's BLASTP
matrix	7	-matrix BLOSUM62 -gapopen 10 -gapextend 2	losat-rejects	Error: the matrix BLOSUM62 with gap costs 10/2 is not supported by LOSAT's BLASTP	Error: the matrix BLOSUM62 with gap costs 10/2 is not supported by LOSAT's BLASTP
matrix	0	-matrix BLOSUM62 -gapopen 9 -gapextend 2	losat-rejects	Error: the matrix BLOSUM62 with gap costs 9/2 is not supported by LOSAT's BLASTP	Error: the matrix BLOSUM62 with gap costs 9/2 is not supported by LOSAT's BLASTP
matrix	6	-matrix BLOSUM62 -gapopen 9 -gapextend 2	losat-rejects	Error: the matrix BLOSUM62 with gap costs 9/2 is not supported by LOSAT's BLASTP	Error: the matrix BLOSUM62 with gap costs 9/2 is not supported by LOSAT's BLASTP
matrix	7	-matrix BLOSUM62 -gapopen 9 -gapextend 2	losat-rejects	Error: the matrix BLOSUM62 with gap costs 9/2 is not supported by LOSAT's BLASTP	Error: the matrix BLOSUM62 with gap costs 9/2 is not supported by LOSAT's BLASTP
matrix	0	-matrix BLOSUM62 -gapopen 8 -gapextend 2	losat-rejects	Error: the matrix BLOSUM62 with gap costs 8/2 is not supported by LOSAT's BLASTP	Error: the matrix BLOSUM62 with gap costs 8/2 is not supported by LOSAT's BLASTP
matrix	6	-matrix BLOSUM62 -gapopen 8 -gapextend 2	losat-rejects	Error: the matrix BLOSUM62 with gap costs 8/2 is not supported by LOSAT's BLASTP	Error: the matrix BLOSUM62 with gap costs 8/2 is not supported by LOSAT's BLASTP
matrix	7	-matrix BLOSUM62 -gapopen 8 -gapextend 2	losat-rejects	Error: the matrix BLOSUM62 with gap costs 8/2 is not supported by LOSAT's BLASTP	Error: the matrix BLOSUM62 with gap costs 8/2 is not supported by LOSAT's BLASTP
matrix	0	-matrix BLOSUM62 -gapopen 7 -gapextend 2	losat-rejects	Error: the matrix BLOSUM62 with gap costs 7/2 is not supported by LOSAT's BLASTP	Error: the matrix BLOSUM62 with gap costs 7/2 is not supported by LOSAT's BLASTP
matrix	6	-matrix BLOSUM62 -gapopen 7 -gapextend 2	losat-rejects	Error: the matrix BLOSUM62 with gap costs 7/2 is not supported by LOSAT's BLASTP	Error: the matrix BLOSUM62 with gap costs 7/2 is not supported by LOSAT's BLASTP
matrix	7	-matrix BLOSUM62 -gapopen 7 -gapextend 2	losat-rejects	Error: the matrix BLOSUM62 with gap costs 7/2 is not supported by LOSAT's BLASTP	Error: the matrix BLOSUM62 with gap costs 7/2 is not supported by LOSAT's BLASTP
matrix	0	-matrix BLOSUM62 -gapopen 6 -gapextend 2	losat-rejects	Error: the matrix BLOSUM62 with gap costs 6/2 is not supported by LOSAT's BLASTP	Error: the matrix BLOSUM62 with gap costs 6/2 is not supported by LOSAT's BLASTP
matrix	6	-matrix BLOSUM62 -gapopen 6 -gapextend 2	losat-rejects	Error: the matrix BLOSUM62 with gap costs 6/2 is not supported by LOSAT's BLASTP	Error: the matrix BLOSUM62 with gap costs 6/2 is not supported by LOSAT's BLASTP
matrix	7	-matrix BLOSUM62 -gapopen 6 -gapextend 2	losat-rejects	Error: the matrix BLOSUM62 with gap costs 6/2 is not supported by LOSAT's BLASTP	Error: the matrix BLOSUM62 with gap costs 6/2 is not supported by LOSAT's BLASTP
matrix	0	-matrix BLOSUM62 -gapopen 13 -gapextend 1	losat-rejects	Error: the matrix BLOSUM62 with gap costs 13/1 is not supported by LOSAT's BLASTP	Error: the matrix BLOSUM62 with gap costs 13/1 is not supported by LOSAT's BLASTP
matrix	6	-matrix BLOSUM62 -gapopen 13 -gapextend 1	losat-rejects	Error: the matrix BLOSUM62 with gap costs 13/1 is not supported by LOSAT's BLASTP	Error: the matrix BLOSUM62 with gap costs 13/1 is not supported by LOSAT's BLASTP
matrix	7	-matrix BLOSUM62 -gapopen 13 -gapextend 1	losat-rejects	Error: the matrix BLOSUM62 with gap costs 13/1 is not supported by LOSAT's BLASTP	Error: the matrix BLOSUM62 with gap costs 13/1 is not supported by LOSAT's BLASTP
matrix	0	-matrix BLOSUM62 -gapopen 12 -gapextend 1	losat-rejects	Error: the matrix BLOSUM62 with gap costs 12/1 is not supported by LOSAT's BLASTP	Error: the matrix BLOSUM62 with gap costs 12/1 is not supported by LOSAT's BLASTP
matrix	6	-matrix BLOSUM62 -gapopen 12 -gapextend 1	losat-rejects	Error: the matrix BLOSUM62 with gap costs 12/1 is not supported by LOSAT's BLASTP	Error: the matrix BLOSUM62 with gap costs 12/1 is not supported by LOSAT's BLASTP
matrix	7	-matrix BLOSUM62 -gapopen 12 -gapextend 1	losat-rejects	Error: the matrix BLOSUM62 with gap costs 12/1 is not supported by LOSAT's BLASTP	Error: the matrix BLOSUM62 with gap costs 12/1 is not supported by LOSAT's BLASTP
matrix	0	-matrix BLOSUM62 -gapopen 11 -gapextend 1	same		
matrix	6	-matrix BLOSUM62 -gapopen 11 -gapextend 1	same		
matrix	7	-matrix BLOSUM62 -gapopen 11 -gapextend 1	same		
matrix	0	-matrix BLOSUM62 -gapopen 10 -gapextend 1	losat-rejects	Error: the matrix BLOSUM62 with gap costs 10/1 is not supported by LOSAT's BLASTP	Error: the matrix BLOSUM62 with gap costs 10/1 is not supported by LOSAT's BLASTP
matrix	6	-matrix BLOSUM62 -gapopen 10 -gapextend 1	losat-rejects	Error: the matrix BLOSUM62 with gap costs 10/1 is not supported by LOSAT's BLASTP	Error: the matrix BLOSUM62 with gap costs 10/1 is not supported by LOSAT's BLASTP
matrix	7	-matrix BLOSUM62 -gapopen 10 -gapextend 1	losat-rejects	Error: the matrix BLOSUM62 with gap costs 10/1 is not supported by LOSAT's BLASTP	Error: the matrix BLOSUM62 with gap costs 10/1 is not supported by LOSAT's BLASTP
matrix	0	-matrix BLOSUM62 -gapopen 9 -gapextend 1	losat-rejects	Error: the matrix BLOSUM62 with gap costs 9/1 is not supported by LOSAT's BLASTP	Error: the matrix BLOSUM62 with gap costs 9/1 is not supported by LOSAT's BLASTP
matrix	6	-matrix BLOSUM62 -gapopen 9 -gapextend 1	losat-rejects	Error: the matrix BLOSUM62 with gap costs 9/1 is not supported by LOSAT's BLASTP	Error: the matrix BLOSUM62 with gap costs 9/1 is not supported by LOSAT's BLASTP
matrix	7	-matrix BLOSUM62 -gapopen 9 -gapextend 1	losat-rejects	Error: the matrix BLOSUM62 with gap costs 9/1 is not supported by LOSAT's BLASTP	Error: the matrix BLOSUM62 with gap costs 9/1 is not supported by LOSAT's BLASTP
matrix	0	-matrix BLOSUM62 -gapopen 1 -gapextend 1	same-error	BLAST query/options error: Gap existence and extension values of 1 and 1 not supported for BLOSUM62	BLAST query/options error: Gap existence and extension values of 1 and 1 not supported for BLOSUM62
matrix	6	-matrix BLOSUM62 -gapopen 1 -gapextend 1	same-error	BLAST query/options error: Gap existence and extension values of 1 and 1 not supported for BLOSUM62	BLAST query/options error: Gap existence and extension values of 1 and 1 not supported for BLOSUM62
matrix	7	-matrix BLOSUM62 -gapopen 1 -gapextend 1	same-error	BLAST query/options error: Gap existence and extension values of 1 and 1 not supported for BLOSUM62	BLAST query/options error: Gap existence and extension values of 1 and 1 not supported for BLOSUM62
matrix	0	-matrix BLOSUM62 -gapopen 0 -gapextend 0	same-error	BLAST query/options error: Gap existence and extension values of 0 and 0 not supported for BLOSUM62	BLAST query/options error: Gap existence and extension values of 0 and 0 not supported for BLOSUM62
matrix	6	-matrix BLOSUM62 -gapopen 0 -gapextend 0	same-error	BLAST query/options error: Gap existence and extension values of 0 and 0 not supported for BLOSUM62	BLAST query/options error: Gap existence and extension values of 0 and 0 not supported for BLOSUM62
matrix	7	-matrix BLOSUM62 -gapopen 0 -gapextend 0	same-error	BLAST query/options error: Gap existence and extension values of 0 and 0 not supported for BLOSUM62	BLAST query/options error: Gap existence and extension values of 0 and 0 not supported for BLOSUM62
matrix	0	-matrix BLOSUM62 -gapopen 11 -gapextend 0	same-error	BLAST query/options error: Gap existence and extension values of 11 and 0 not supported for BLOSUM62	BLAST query/options error: Gap existence and extension values of 11 and 0 not supported for BLOSUM62
matrix	6	-matrix BLOSUM62 -gapopen 11 -gapextend 0	same-error	BLAST query/options error: Gap existence and extension values of 11 and 0 not supported for BLOSUM62	BLAST query/options error: Gap existence and extension values of 11 and 0 not supported for BLOSUM62
matrix	7	-matrix BLOSUM62 -gapopen 11 -gapextend 0	same-error	BLAST query/options error: Gap existence and extension values of 11 and 0 not supported for BLOSUM62	BLAST query/options error: Gap existence and extension values of 11 and 0 not supported for BLOSUM62
matrix	0	-matrix BLOSUM62 -gapopen 0 -gapextend 1	same-error	BLAST query/options error: Gap existence and extension values of 0 and 1 not supported for BLOSUM62	BLAST query/options error: Gap existence and extension values of 0 and 1 not supported for BLOSUM62
matrix	6	-matrix BLOSUM62 -gapopen 0 -gapextend 1	same-error	BLAST query/options error: Gap existence and extension values of 0 and 1 not supported for BLOSUM62	BLAST query/options error: Gap existence and extension values of 0 and 1 not supported for BLOSUM62
matrix	7	-matrix BLOSUM62 -gapopen 0 -gapextend 1	same-error	BLAST query/options error: Gap existence and extension values of 0 and 1 not supported for BLOSUM62	BLAST query/options error: Gap existence and extension values of 0 and 1 not supported for BLOSUM62
matrix	0	-matrix BLOSUM62 -gapopen 32767 -gapextend 32767	losat-rejects	Error: the matrix BLOSUM62 with gap costs 32767/32767 is not supported by LOSAT's BLASTP	Error: the matrix BLOSUM62 with gap costs 32767/32767 is not supported by LOSAT's BLASTP
matrix	6	-matrix BLOSUM62 -gapopen 32767 -gapextend 32767	losat-rejects	Error: the matrix BLOSUM62 with gap costs 32767/32767 is not supported by LOSAT's BLASTP	Error: the matrix BLOSUM62 with gap costs 32767/32767 is not supported by LOSAT's BLASTP
matrix	7	-matrix BLOSUM62 -gapopen 32767 -gapextend 32767	losat-rejects	Error: the matrix BLOSUM62 with gap costs 32767/32767 is not supported by LOSAT's BLASTP	Error: the matrix BLOSUM62 with gap costs 32767/32767 is not supported by LOSAT's BLASTP
matrix	0	-matrix BLOSUM62 -gapopen 100 -gapextend 10	same-error	BLAST query/options error: Gap existence and extension values of 100 and 10 not supported for BLOSUM62	BLAST query/options error: Gap existence and extension values of 100 and 10 not supported for BLOSUM62
matrix	6	-matrix BLOSUM62 -gapopen 100 -gapextend 10	same-error	BLAST query/options error: Gap existence and extension values of 100 and 10 not supported for BLOSUM62	BLAST query/options error: Gap existence and extension values of 100 and 10 not supported for BLOSUM62
matrix	7	-matrix BLOSUM62 -gapopen 100 -gapextend 10	same-error	BLAST query/options error: Gap existence and extension values of 100 and 10 not supported for BLOSUM62	BLAST query/options error: Gap existence and extension values of 100 and 10 not supported for BLOSUM62
matrix	0	-matrix BLOSUM62 -gapopen -1 -gapextend 1	same-error	BLAST query/options error: Gap existence and extension values of -1 and 1 not supported for BLOSUM62	BLAST query/options error: Gap existence and extension values of -1 and 1 not supported for BLOSUM62
matrix	6	-matrix BLOSUM62 -gapopen -1 -gapextend 1	same-error	BLAST query/options error: Gap existence and extension values of -1 and 1 not supported for BLOSUM62	BLAST query/options error: Gap existence and extension values of -1 and 1 not supported for BLOSUM62
matrix	7	-matrix BLOSUM62 -gapopen -1 -gapextend 1	same-error	BLAST query/options error: Gap existence and extension values of -1 and 1 not supported for BLOSUM62	BLAST query/options error: Gap existence and extension values of -1 and 1 not supported for BLOSUM62
matrix	0	-matrix BLOSUM62 -gapopen 11 -gapextend -1	same-error	BLAST query/options error: Gap existence and extension values of 11 and -1 not supported for BLOSUM62	BLAST query/options error: Gap existence and extension values of 11 and -1 not supported for BLOSUM62
matrix	6	-matrix BLOSUM62 -gapopen 11 -gapextend -1	same-error	BLAST query/options error: Gap existence and extension values of 11 and -1 not supported for BLOSUM62	BLAST query/options error: Gap existence and extension values of 11 and -1 not supported for BLOSUM62
matrix	7	-matrix BLOSUM62 -gapopen 11 -gapextend -1	same-error	BLAST query/options error: Gap existence and extension values of 11 and -1 not supported for BLOSUM62	BLAST query/options error: Gap existence and extension values of 11 and -1 not supported for BLOSUM62
matrix	0	-matrix BLOSUM80	losat-rejects	Error: the matrix BLOSUM80 with gap costs 10/1 is not supported by LOSAT's BLASTP	Error: the matrix BLOSUM80 with gap costs 10/1 is not supported by LOSAT's BLASTP
matrix	6	-matrix BLOSUM80	losat-rejects	Error: the matrix BLOSUM80 with gap costs 10/1 is not supported by LOSAT's BLASTP	Error: the matrix BLOSUM80 with gap costs 10/1 is not supported by LOSAT's BLASTP
matrix	7	-matrix BLOSUM80	losat-rejects	Error: the matrix BLOSUM80 with gap costs 10/1 is not supported by LOSAT's BLASTP	Error: the matrix BLOSUM80 with gap costs 10/1 is not supported by LOSAT's BLASTP
matrix	0	-matrix BLOSUM80 -gapopen 32767 -gapextend 32767	losat-rejects	Error: the matrix BLOSUM80 with gap costs 32767/32767 is not supported by LOSAT's BLASTP	Error: the matrix BLOSUM80 with gap costs 32767/32767 is not supported by LOSAT's BLASTP
matrix	6	-matrix BLOSUM80 -gapopen 32767 -gapextend 32767	losat-rejects	Error: the matrix BLOSUM80 with gap costs 32767/32767 is not supported by LOSAT's BLASTP	Error: the matrix BLOSUM80 with gap costs 32767/32767 is not supported by LOSAT's BLASTP
matrix	7	-matrix BLOSUM80 -gapopen 32767 -gapextend 32767	losat-rejects	Error: the matrix BLOSUM80 with gap costs 32767/32767 is not supported by LOSAT's BLASTP	Error: the matrix BLOSUM80 with gap costs 32767/32767 is not supported by LOSAT's BLASTP
matrix	0	-matrix BLOSUM80 -gapopen 25 -gapextend 2	losat-rejects	Error: the matrix BLOSUM80 with gap costs 25/2 is not supported by LOSAT's BLASTP	Error: the matrix BLOSUM80 with gap costs 25/2 is not supported by LOSAT's BLASTP
matrix	6	-matrix BLOSUM80 -gapopen 25 -gapextend 2	losat-rejects	Error: the matrix BLOSUM80 with gap costs 25/2 is not supported by LOSAT's BLASTP	Error: the matrix BLOSUM80 with gap costs 25/2 is not supported by LOSAT's BLASTP
matrix	7	-matrix BLOSUM80 -gapopen 25 -gapextend 2	losat-rejects	Error: the matrix BLOSUM80 with gap costs 25/2 is not supported by LOSAT's BLASTP	Error: the matrix BLOSUM80 with gap costs 25/2 is not supported by LOSAT's BLASTP
matrix	0	-matrix BLOSUM80 -gapopen 13 -gapextend 2	losat-rejects	Error: the matrix BLOSUM80 with gap costs 13/2 is not supported by LOSAT's BLASTP	Error: the matrix BLOSUM80 with gap costs 13/2 is not supported by LOSAT's BLASTP
matrix	6	-matrix BLOSUM80 -gapopen 13 -gapextend 2	losat-rejects	Error: the matrix BLOSUM80 with gap costs 13/2 is not supported by LOSAT's BLASTP	Error: the matrix BLOSUM80 with gap costs 13/2 is not supported by LOSAT's BLASTP
matrix	7	-matrix BLOSUM80 -gapopen 13 -gapextend 2	losat-rejects	Error: the matrix BLOSUM80 with gap costs 13/2 is not supported by LOSAT's BLASTP	Error: the matrix BLOSUM80 with gap costs 13/2 is not supported by LOSAT's BLASTP
matrix	0	-matrix BLOSUM80 -gapopen 9 -gapextend 2	losat-rejects	Error: the matrix BLOSUM80 with gap costs 9/2 is not supported by LOSAT's BLASTP	Error: the matrix BLOSUM80 with gap costs 9/2 is not supported by LOSAT's BLASTP
matrix	6	-matrix BLOSUM80 -gapopen 9 -gapextend 2	losat-rejects	Error: the matrix BLOSUM80 with gap costs 9/2 is not supported by LOSAT's BLASTP	Error: the matrix BLOSUM80 with gap costs 9/2 is not supported by LOSAT's BLASTP
matrix	7	-matrix BLOSUM80 -gapopen 9 -gapextend 2	losat-rejects	Error: the matrix BLOSUM80 with gap costs 9/2 is not supported by LOSAT's BLASTP	Error: the matrix BLOSUM80 with gap costs 9/2 is not supported by LOSAT's BLASTP
matrix	0	-matrix BLOSUM80 -gapopen 8 -gapextend 2	losat-rejects	Error: the matrix BLOSUM80 with gap costs 8/2 is not supported by LOSAT's BLASTP	Error: the matrix BLOSUM80 with gap costs 8/2 is not supported by LOSAT's BLASTP
matrix	6	-matrix BLOSUM80 -gapopen 8 -gapextend 2	losat-rejects	Error: the matrix BLOSUM80 with gap costs 8/2 is not supported by LOSAT's BLASTP	Error: the matrix BLOSUM80 with gap costs 8/2 is not supported by LOSAT's BLASTP
matrix	7	-matrix BLOSUM80 -gapopen 8 -gapextend 2	losat-rejects	Error: the matrix BLOSUM80 with gap costs 8/2 is not supported by LOSAT's BLASTP	Error: the matrix BLOSUM80 with gap costs 8/2 is not supported by LOSAT's BLASTP
matrix	0	-matrix BLOSUM80 -gapopen 7 -gapextend 2	losat-rejects	Error: the matrix BLOSUM80 with gap costs 7/2 is not supported by LOSAT's BLASTP	Error: the matrix BLOSUM80 with gap costs 7/2 is not supported by LOSAT's BLASTP
matrix	6	-matrix BLOSUM80 -gapopen 7 -gapextend 2	losat-rejects	Error: the matrix BLOSUM80 with gap costs 7/2 is not supported by LOSAT's BLASTP	Error: the matrix BLOSUM80 with gap costs 7/2 is not supported by LOSAT's BLASTP
matrix	7	-matrix BLOSUM80 -gapopen 7 -gapextend 2	losat-rejects	Error: the matrix BLOSUM80 with gap costs 7/2 is not supported by LOSAT's BLASTP	Error: the matrix BLOSUM80 with gap costs 7/2 is not supported by LOSAT's BLASTP
matrix	0	-matrix BLOSUM80 -gapopen 6 -gapextend 2	losat-rejects	Error: the matrix BLOSUM80 with gap costs 6/2 is not supported by LOSAT's BLASTP	Error: the matrix BLOSUM80 with gap costs 6/2 is not supported by LOSAT's BLASTP
matrix	6	-matrix BLOSUM80 -gapopen 6 -gapextend 2	losat-rejects	Error: the matrix BLOSUM80 with gap costs 6/2 is not supported by LOSAT's BLASTP	Error: the matrix BLOSUM80 with gap costs 6/2 is not supported by LOSAT's BLASTP
matrix	7	-matrix BLOSUM80 -gapopen 6 -gapextend 2	losat-rejects	Error: the matrix BLOSUM80 with gap costs 6/2 is not supported by LOSAT's BLASTP	Error: the matrix BLOSUM80 with gap costs 6/2 is not supported by LOSAT's BLASTP
matrix	0	-matrix BLOSUM80 -gapopen 11 -gapextend 1	losat-rejects	Error: the matrix BLOSUM80 with gap costs 11/1 is not supported by LOSAT's BLASTP	Error: the matrix BLOSUM80 with gap costs 11/1 is not supported by LOSAT's BLASTP
matrix	6	-matrix BLOSUM80 -gapopen 11 -gapextend 1	losat-rejects	Error: the matrix BLOSUM80 with gap costs 11/1 is not supported by LOSAT's BLASTP	Error: the matrix BLOSUM80 with gap costs 11/1 is not supported by LOSAT's BLASTP
matrix	7	-matrix BLOSUM80 -gapopen 11 -gapextend 1	losat-rejects	Error: the matrix BLOSUM80 with gap costs 11/1 is not supported by LOSAT's BLASTP	Error: the matrix BLOSUM80 with gap costs 11/1 is not supported by LOSAT's BLASTP
matrix	0	-matrix BLOSUM80 -gapopen 10 -gapextend 1	losat-rejects	Error: the matrix BLOSUM80 with gap costs 10/1 is not supported by LOSAT's BLASTP	Error: the matrix BLOSUM80 with gap costs 10/1 is not supported by LOSAT's BLASTP
matrix	6	-matrix BLOSUM80 -gapopen 10 -gapextend 1	losat-rejects	Error: the matrix BLOSUM80 with gap costs 10/1 is not supported by LOSAT's BLASTP	Error: the matrix BLOSUM80 with gap costs 10/1 is not supported by LOSAT's BLASTP
matrix	7	-matrix BLOSUM80 -gapopen 10 -gapextend 1	losat-rejects	Error: the matrix BLOSUM80 with gap costs 10/1 is not supported by LOSAT's BLASTP	Error: the matrix BLOSUM80 with gap costs 10/1 is not supported by LOSAT's BLASTP
matrix	0	-matrix BLOSUM80 -gapopen 9 -gapextend 1	losat-rejects	Error: the matrix BLOSUM80 with gap costs 9/1 is not supported by LOSAT's BLASTP	Error: the matrix BLOSUM80 with gap costs 9/1 is not supported by LOSAT's BLASTP
matrix	6	-matrix BLOSUM80 -gapopen 9 -gapextend 1	losat-rejects	Error: the matrix BLOSUM80 with gap costs 9/1 is not supported by LOSAT's BLASTP	Error: the matrix BLOSUM80 with gap costs 9/1 is not supported by LOSAT's BLASTP
matrix	7	-matrix BLOSUM80 -gapopen 9 -gapextend 1	losat-rejects	Error: the matrix BLOSUM80 with gap costs 9/1 is not supported by LOSAT's BLASTP	Error: the matrix BLOSUM80 with gap costs 9/1 is not supported by LOSAT's BLASTP
matrix	0	-matrix BLOSUM80 -gapopen 1 -gapextend 1	same-error	BLAST query/options error: Gap existence and extension values of 1 and 1 not supported for BLOSUM80	BLAST query/options error: Gap existence and extension values of 1 and 1 not supported for BLOSUM80
matrix	6	-matrix BLOSUM80 -gapopen 1 -gapextend 1	same-error	BLAST query/options error: Gap existence and extension values of 1 and 1 not supported for BLOSUM80	BLAST query/options error: Gap existence and extension values of 1 and 1 not supported for BLOSUM80
matrix	7	-matrix BLOSUM80 -gapopen 1 -gapextend 1	same-error	BLAST query/options error: Gap existence and extension values of 1 and 1 not supported for BLOSUM80	BLAST query/options error: Gap existence and extension values of 1 and 1 not supported for BLOSUM80
matrix	0	-matrix BLOSUM80 -gapopen 0 -gapextend 0	same-error	BLAST query/options error: Gap existence and extension values of 0 and 0 not supported for BLOSUM80	BLAST query/options error: Gap existence and extension values of 0 and 0 not supported for BLOSUM80
matrix	6	-matrix BLOSUM80 -gapopen 0 -gapextend 0	same-error	BLAST query/options error: Gap existence and extension values of 0 and 0 not supported for BLOSUM80	BLAST query/options error: Gap existence and extension values of 0 and 0 not supported for BLOSUM80
matrix	7	-matrix BLOSUM80 -gapopen 0 -gapextend 0	same-error	BLAST query/options error: Gap existence and extension values of 0 and 0 not supported for BLOSUM80	BLAST query/options error: Gap existence and extension values of 0 and 0 not supported for BLOSUM80
matrix	0	-matrix BLOSUM80 -gapopen 11 -gapextend 0	same-error	BLAST query/options error: Gap existence and extension values of 11 and 0 not supported for BLOSUM80	BLAST query/options error: Gap existence and extension values of 11 and 0 not supported for BLOSUM80
matrix	6	-matrix BLOSUM80 -gapopen 11 -gapextend 0	same-error	BLAST query/options error: Gap existence and extension values of 11 and 0 not supported for BLOSUM80	BLAST query/options error: Gap existence and extension values of 11 and 0 not supported for BLOSUM80
matrix	7	-matrix BLOSUM80 -gapopen 11 -gapextend 0	same-error	BLAST query/options error: Gap existence and extension values of 11 and 0 not supported for BLOSUM80	BLAST query/options error: Gap existence and extension values of 11 and 0 not supported for BLOSUM80
matrix	0	-matrix BLOSUM80 -gapopen 0 -gapextend 1	same-error	BLAST query/options error: Gap existence and extension values of 0 and 1 not supported for BLOSUM80	BLAST query/options error: Gap existence and extension values of 0 and 1 not supported for BLOSUM80
matrix	6	-matrix BLOSUM80 -gapopen 0 -gapextend 1	same-error	BLAST query/options error: Gap existence and extension values of 0 and 1 not supported for BLOSUM80	BLAST query/options error: Gap existence and extension values of 0 and 1 not supported for BLOSUM80
matrix	7	-matrix BLOSUM80 -gapopen 0 -gapextend 1	same-error	BLAST query/options error: Gap existence and extension values of 0 and 1 not supported for BLOSUM80	BLAST query/options error: Gap existence and extension values of 0 and 1 not supported for BLOSUM80
matrix	0	-matrix BLOSUM80 -gapopen 32767 -gapextend 32767	losat-rejects	Error: the matrix BLOSUM80 with gap costs 32767/32767 is not supported by LOSAT's BLASTP	Error: the matrix BLOSUM80 with gap costs 32767/32767 is not supported by LOSAT's BLASTP
matrix	6	-matrix BLOSUM80 -gapopen 32767 -gapextend 32767	losat-rejects	Error: the matrix BLOSUM80 with gap costs 32767/32767 is not supported by LOSAT's BLASTP	Error: the matrix BLOSUM80 with gap costs 32767/32767 is not supported by LOSAT's BLASTP
matrix	7	-matrix BLOSUM80 -gapopen 32767 -gapextend 32767	losat-rejects	Error: the matrix BLOSUM80 with gap costs 32767/32767 is not supported by LOSAT's BLASTP	Error: the matrix BLOSUM80 with gap costs 32767/32767 is not supported by LOSAT's BLASTP
matrix	0	-matrix BLOSUM80 -gapopen 100 -gapextend 10	same-error	BLAST query/options error: Gap existence and extension values of 100 and 10 not supported for BLOSUM80	BLAST query/options error: Gap existence and extension values of 100 and 10 not supported for BLOSUM80
matrix	6	-matrix BLOSUM80 -gapopen 100 -gapextend 10	same-error	BLAST query/options error: Gap existence and extension values of 100 and 10 not supported for BLOSUM80	BLAST query/options error: Gap existence and extension values of 100 and 10 not supported for BLOSUM80
matrix	7	-matrix BLOSUM80 -gapopen 100 -gapextend 10	same-error	BLAST query/options error: Gap existence and extension values of 100 and 10 not supported for BLOSUM80	BLAST query/options error: Gap existence and extension values of 100 and 10 not supported for BLOSUM80
matrix	0	-matrix BLOSUM80 -gapopen -1 -gapextend 1	same-error	BLAST query/options error: Gap existence and extension values of -1 and 1 not supported for BLOSUM80	BLAST query/options error: Gap existence and extension values of -1 and 1 not supported for BLOSUM80
matrix	6	-matrix BLOSUM80 -gapopen -1 -gapextend 1	same-error	BLAST query/options error: Gap existence and extension values of -1 and 1 not supported for BLOSUM80	BLAST query/options error: Gap existence and extension values of -1 and 1 not supported for BLOSUM80
matrix	7	-matrix BLOSUM80 -gapopen -1 -gapextend 1	same-error	BLAST query/options error: Gap existence and extension values of -1 and 1 not supported for BLOSUM80	BLAST query/options error: Gap existence and extension values of -1 and 1 not supported for BLOSUM80
matrix	0	-matrix BLOSUM80 -gapopen 11 -gapextend -1	same-error	BLAST query/options error: Gap existence and extension values of 11 and -1 not supported for BLOSUM80	BLAST query/options error: Gap existence and extension values of 11 and -1 not supported for BLOSUM80
matrix	6	-matrix BLOSUM80 -gapopen 11 -gapextend -1	same-error	BLAST query/options error: Gap existence and extension values of 11 and -1 not supported for BLOSUM80	BLAST query/options error: Gap existence and extension values of 11 and -1 not supported for BLOSUM80
matrix	7	-matrix BLOSUM80 -gapopen 11 -gapextend -1	same-error	BLAST query/options error: Gap existence and extension values of 11 and -1 not supported for BLOSUM80	BLAST query/options error: Gap existence and extension values of 11 and -1 not supported for BLOSUM80
matrix	0	-matrix BLOSUM90	losat-rejects	Error: the matrix BLOSUM90 with gap costs 10/1 is not supported by LOSAT's BLASTP	Error: the matrix BLOSUM90 with gap costs 10/1 is not supported by LOSAT's BLASTP
matrix	6	-matrix BLOSUM90	losat-rejects	Error: the matrix BLOSUM90 with gap costs 10/1 is not supported by LOSAT's BLASTP	Error: the matrix BLOSUM90 with gap costs 10/1 is not supported by LOSAT's BLASTP
matrix	7	-matrix BLOSUM90	losat-rejects	Error: the matrix BLOSUM90 with gap costs 10/1 is not supported by LOSAT's BLASTP	Error: the matrix BLOSUM90 with gap costs 10/1 is not supported by LOSAT's BLASTP
matrix	0	-matrix BLOSUM90 -gapopen 32767 -gapextend 32767	losat-rejects	Error: the matrix BLOSUM90 with gap costs 32767/32767 is not supported by LOSAT's BLASTP	Error: the matrix BLOSUM90 with gap costs 32767/32767 is not supported by LOSAT's BLASTP
matrix	6	-matrix BLOSUM90 -gapopen 32767 -gapextend 32767	losat-rejects	Error: the matrix BLOSUM90 with gap costs 32767/32767 is not supported by LOSAT's BLASTP	Error: the matrix BLOSUM90 with gap costs 32767/32767 is not supported by LOSAT's BLASTP
matrix	7	-matrix BLOSUM90 -gapopen 32767 -gapextend 32767	losat-rejects	Error: the matrix BLOSUM90 with gap costs 32767/32767 is not supported by LOSAT's BLASTP	Error: the matrix BLOSUM90 with gap costs 32767/32767 is not supported by LOSAT's BLASTP
matrix	0	-matrix BLOSUM90 -gapopen 9 -gapextend 2	losat-rejects	Error: the matrix BLOSUM90 with gap costs 9/2 is not supported by LOSAT's BLASTP	Error: the matrix BLOSUM90 with gap costs 9/2 is not supported by LOSAT's BLASTP
matrix	6	-matrix BLOSUM90 -gapopen 9 -gapextend 2	losat-rejects	Error: the matrix BLOSUM90 with gap costs 9/2 is not supported by LOSAT's BLASTP	Error: the matrix BLOSUM90 with gap costs 9/2 is not supported by LOSAT's BLASTP
matrix	7	-matrix BLOSUM90 -gapopen 9 -gapextend 2	losat-rejects	Error: the matrix BLOSUM90 with gap costs 9/2 is not supported by LOSAT's BLASTP	Error: the matrix BLOSUM90 with gap costs 9/2 is not supported by LOSAT's BLASTP
matrix	0	-matrix BLOSUM90 -gapopen 8 -gapextend 2	losat-rejects	Error: the matrix BLOSUM90 with gap costs 8/2 is not supported by LOSAT's BLASTP	Error: the matrix BLOSUM90 with gap costs 8/2 is not supported by LOSAT's BLASTP
matrix	6	-matrix BLOSUM90 -gapopen 8 -gapextend 2	losat-rejects	Error: the matrix BLOSUM90 with gap costs 8/2 is not supported by LOSAT's BLASTP	Error: the matrix BLOSUM90 with gap costs 8/2 is not supported by LOSAT's BLASTP
matrix	7	-matrix BLOSUM90 -gapopen 8 -gapextend 2	losat-rejects	Error: the matrix BLOSUM90 with gap costs 8/2 is not supported by LOSAT's BLASTP	Error: the matrix BLOSUM90 with gap costs 8/2 is not supported by LOSAT's BLASTP
matrix	0	-matrix BLOSUM90 -gapopen 7 -gapextend 2	losat-rejects	Error: the matrix BLOSUM90 with gap costs 7/2 is not supported by LOSAT's BLASTP	Error: the matrix BLOSUM90 with gap costs 7/2 is not supported by LOSAT's BLASTP
matrix	6	-matrix BLOSUM90 -gapopen 7 -gapextend 2	losat-rejects	Error: the matrix BLOSUM90 with gap costs 7/2 is not supported by LOSAT's BLASTP	Error: the matrix BLOSUM90 with gap costs 7/2 is not supported by LOSAT's BLASTP
matrix	7	-matrix BLOSUM90 -gapopen 7 -gapextend 2	losat-rejects	Error: the matrix BLOSUM90 with gap costs 7/2 is not supported by LOSAT's BLASTP	Error: the matrix BLOSUM90 with gap costs 7/2 is not supported by LOSAT's BLASTP
matrix	0	-matrix BLOSUM90 -gapopen 6 -gapextend 2	losat-rejects	Error: the matrix BLOSUM90 with gap costs 6/2 is not supported by LOSAT's BLASTP	Error: the matrix BLOSUM90 with gap costs 6/2 is not supported by LOSAT's BLASTP
matrix	6	-matrix BLOSUM90 -gapopen 6 -gapextend 2	losat-rejects	Error: the matrix BLOSUM90 with gap costs 6/2 is not supported by LOSAT's BLASTP	Error: the matrix BLOSUM90 with gap costs 6/2 is not supported by LOSAT's BLASTP
matrix	7	-matrix BLOSUM90 -gapopen 6 -gapextend 2	losat-rejects	Error: the matrix BLOSUM90 with gap costs 6/2 is not supported by LOSAT's BLASTP	Error: the matrix BLOSUM90 with gap costs 6/2 is not supported by LOSAT's BLASTP
matrix	0	-matrix BLOSUM90 -gapopen 11 -gapextend 1	losat-rejects	Error: the matrix BLOSUM90 with gap costs 11/1 is not supported by LOSAT's BLASTP	Error: the matrix BLOSUM90 with gap costs 11/1 is not supported by LOSAT's BLASTP
matrix	6	-matrix BLOSUM90 -gapopen 11 -gapextend 1	losat-rejects	Error: the matrix BLOSUM90 with gap costs 11/1 is not supported by LOSAT's BLASTP	Error: the matrix BLOSUM90 with gap costs 11/1 is not supported by LOSAT's BLASTP
matrix	7	-matrix BLOSUM90 -gapopen 11 -gapextend 1	losat-rejects	Error: the matrix BLOSUM90 with gap costs 11/1 is not supported by LOSAT's BLASTP	Error: the matrix BLOSUM90 with gap costs 11/1 is not supported by LOSAT's BLASTP
matrix	0	-matrix BLOSUM90 -gapopen 10 -gapextend 1	losat-rejects	Error: the matrix BLOSUM90 with gap costs 10/1 is not supported by LOSAT's BLASTP	Error: the matrix BLOSUM90 with gap costs 10/1 is not supported by LOSAT's BLASTP
matrix	6	-matrix BLOSUM90 -gapopen 10 -gapextend 1	losat-rejects	Error: the matrix BLOSUM90 with gap costs 10/1 is not supported by LOSAT's BLASTP	Error: the matrix BLOSUM90 with gap costs 10/1 is not supported by LOSAT's BLASTP
matrix	7	-matrix BLOSUM90 -gapopen 10 -gapextend 1	losat-rejects	Error: the matrix BLOSUM90 with gap costs 10/1 is not supported by LOSAT's BLASTP	Error: the matrix BLOSUM90 with gap costs 10/1 is not supported by LOSAT's BLASTP
matrix	0	-matrix BLOSUM90 -gapopen 9 -gapextend 1	losat-rejects	Error: the matrix BLOSUM90 with gap costs 9/1 is not supported by LOSAT's BLASTP	Error: the matrix BLOSUM90 with gap costs 9/1 is not supported by LOSAT's BLASTP
matrix	6	-matrix BLOSUM90 -gapopen 9 -gapextend 1	losat-rejects	Error: the matrix BLOSUM90 with gap costs 9/1 is not supported by LOSAT's BLASTP	Error: the matrix BLOSUM90 with gap costs 9/1 is not supported by LOSAT's BLASTP
matrix	7	-matrix BLOSUM90 -gapopen 9 -gapextend 1	losat-rejects	Error: the matrix BLOSUM90 with gap costs 9/1 is not supported by LOSAT's BLASTP	Error: the matrix BLOSUM90 with gap costs 9/1 is not supported by LOSAT's BLASTP
matrix	0	-matrix BLOSUM90 -gapopen 1 -gapextend 1	same-error	BLAST query/options error: Gap existence and extension values of 1 and 1 not supported for BLOSUM90	BLAST query/options error: Gap existence and extension values of 1 and 1 not supported for BLOSUM90
matrix	6	-matrix BLOSUM90 -gapopen 1 -gapextend 1	same-error	BLAST query/options error: Gap existence and extension values of 1 and 1 not supported for BLOSUM90	BLAST query/options error: Gap existence and extension values of 1 and 1 not supported for BLOSUM90
matrix	7	-matrix BLOSUM90 -gapopen 1 -gapextend 1	same-error	BLAST query/options error: Gap existence and extension values of 1 and 1 not supported for BLOSUM90	BLAST query/options error: Gap existence and extension values of 1 and 1 not supported for BLOSUM90
matrix	0	-matrix BLOSUM90 -gapopen 0 -gapextend 0	same-error	BLAST query/options error: Gap existence and extension values of 0 and 0 not supported for BLOSUM90	BLAST query/options error: Gap existence and extension values of 0 and 0 not supported for BLOSUM90
matrix	6	-matrix BLOSUM90 -gapopen 0 -gapextend 0	same-error	BLAST query/options error: Gap existence and extension values of 0 and 0 not supported for BLOSUM90	BLAST query/options error: Gap existence and extension values of 0 and 0 not supported for BLOSUM90
matrix	7	-matrix BLOSUM90 -gapopen 0 -gapextend 0	same-error	BLAST query/options error: Gap existence and extension values of 0 and 0 not supported for BLOSUM90	BLAST query/options error: Gap existence and extension values of 0 and 0 not supported for BLOSUM90
matrix	0	-matrix BLOSUM90 -gapopen 11 -gapextend 0	same-error	BLAST query/options error: Gap existence and extension values of 11 and 0 not supported for BLOSUM90	BLAST query/options error: Gap existence and extension values of 11 and 0 not supported for BLOSUM90
matrix	6	-matrix BLOSUM90 -gapopen 11 -gapextend 0	same-error	BLAST query/options error: Gap existence and extension values of 11 and 0 not supported for BLOSUM90	BLAST query/options error: Gap existence and extension values of 11 and 0 not supported for BLOSUM90
matrix	7	-matrix BLOSUM90 -gapopen 11 -gapextend 0	same-error	BLAST query/options error: Gap existence and extension values of 11 and 0 not supported for BLOSUM90	BLAST query/options error: Gap existence and extension values of 11 and 0 not supported for BLOSUM90
matrix	0	-matrix BLOSUM90 -gapopen 0 -gapextend 1	same-error	BLAST query/options error: Gap existence and extension values of 0 and 1 not supported for BLOSUM90	BLAST query/options error: Gap existence and extension values of 0 and 1 not supported for BLOSUM90
matrix	6	-matrix BLOSUM90 -gapopen 0 -gapextend 1	same-error	BLAST query/options error: Gap existence and extension values of 0 and 1 not supported for BLOSUM90	BLAST query/options error: Gap existence and extension values of 0 and 1 not supported for BLOSUM90
matrix	7	-matrix BLOSUM90 -gapopen 0 -gapextend 1	same-error	BLAST query/options error: Gap existence and extension values of 0 and 1 not supported for BLOSUM90	BLAST query/options error: Gap existence and extension values of 0 and 1 not supported for BLOSUM90
matrix	0	-matrix BLOSUM90 -gapopen 32767 -gapextend 32767	losat-rejects	Error: the matrix BLOSUM90 with gap costs 32767/32767 is not supported by LOSAT's BLASTP	Error: the matrix BLOSUM90 with gap costs 32767/32767 is not supported by LOSAT's BLASTP
matrix	6	-matrix BLOSUM90 -gapopen 32767 -gapextend 32767	losat-rejects	Error: the matrix BLOSUM90 with gap costs 32767/32767 is not supported by LOSAT's BLASTP	Error: the matrix BLOSUM90 with gap costs 32767/32767 is not supported by LOSAT's BLASTP
matrix	7	-matrix BLOSUM90 -gapopen 32767 -gapextend 32767	losat-rejects	Error: the matrix BLOSUM90 with gap costs 32767/32767 is not supported by LOSAT's BLASTP	Error: the matrix BLOSUM90 with gap costs 32767/32767 is not supported by LOSAT's BLASTP
matrix	0	-matrix BLOSUM90 -gapopen 100 -gapextend 10	same-error	BLAST query/options error: Gap existence and extension values of 100 and 10 not supported for BLOSUM90	BLAST query/options error: Gap existence and extension values of 100 and 10 not supported for BLOSUM90
matrix	6	-matrix BLOSUM90 -gapopen 100 -gapextend 10	same-error	BLAST query/options error: Gap existence and extension values of 100 and 10 not supported for BLOSUM90	BLAST query/options error: Gap existence and extension values of 100 and 10 not supported for BLOSUM90
matrix	7	-matrix BLOSUM90 -gapopen 100 -gapextend 10	same-error	BLAST query/options error: Gap existence and extension values of 100 and 10 not supported for BLOSUM90	BLAST query/options error: Gap existence and extension values of 100 and 10 not supported for BLOSUM90
matrix	0	-matrix BLOSUM90 -gapopen -1 -gapextend 1	same-error	BLAST query/options error: Gap existence and extension values of -1 and 1 not supported for BLOSUM90	BLAST query/options error: Gap existence and extension values of -1 and 1 not supported for BLOSUM90
matrix	6	-matrix BLOSUM90 -gapopen -1 -gapextend 1	same-error	BLAST query/options error: Gap existence and extension values of -1 and 1 not supported for BLOSUM90	BLAST query/options error: Gap existence and extension values of -1 and 1 not supported for BLOSUM90
matrix	7	-matrix BLOSUM90 -gapopen -1 -gapextend 1	same-error	BLAST query/options error: Gap existence and extension values of -1 and 1 not supported for BLOSUM90	BLAST query/options error: Gap existence and extension values of -1 and 1 not supported for BLOSUM90
matrix	0	-matrix BLOSUM90 -gapopen 11 -gapextend -1	same-error	BLAST query/options error: Gap existence and extension values of 11 and -1 not supported for BLOSUM90	BLAST query/options error: Gap existence and extension values of 11 and -1 not supported for BLOSUM90
matrix	6	-matrix BLOSUM90 -gapopen 11 -gapextend -1	same-error	BLAST query/options error: Gap existence and extension values of 11 and -1 not supported for BLOSUM90	BLAST query/options error: Gap existence and extension values of 11 and -1 not supported for BLOSUM90
matrix	7	-matrix BLOSUM90 -gapopen 11 -gapextend -1	same-error	BLAST query/options error: Gap existence and extension values of 11 and -1 not supported for BLOSUM90	BLAST query/options error: Gap existence and extension values of 11 and -1 not supported for BLOSUM90
matrix	0	-matrix PAM30	losat-rejects	Error: the matrix PAM30 with gap costs 9/1 is not supported by LOSAT's BLASTP	Error: the matrix PAM30 with gap costs 9/1 is not supported by LOSAT's BLASTP
matrix	6	-matrix PAM30	losat-rejects	Error: the matrix PAM30 with gap costs 9/1 is not supported by LOSAT's BLASTP	Error: the matrix PAM30 with gap costs 9/1 is not supported by LOSAT's BLASTP
matrix	7	-matrix PAM30	losat-rejects	Error: the matrix PAM30 with gap costs 9/1 is not supported by LOSAT's BLASTP	Error: the matrix PAM30 with gap costs 9/1 is not supported by LOSAT's BLASTP
matrix	0	-matrix PAM30 -gapopen 32767 -gapextend 32767	losat-rejects	Error: the matrix PAM30 with gap costs 32767/32767 is not supported by LOSAT's BLASTP	Error: the matrix PAM30 with gap costs 32767/32767 is not supported by LOSAT's BLASTP
matrix	6	-matrix PAM30 -gapopen 32767 -gapextend 32767	losat-rejects	Error: the matrix PAM30 with gap costs 32767/32767 is not supported by LOSAT's BLASTP	Error: the matrix PAM30 with gap costs 32767/32767 is not supported by LOSAT's BLASTP
matrix	7	-matrix PAM30 -gapopen 32767 -gapextend 32767	losat-rejects	Error: the matrix PAM30 with gap costs 32767/32767 is not supported by LOSAT's BLASTP	Error: the matrix PAM30 with gap costs 32767/32767 is not supported by LOSAT's BLASTP
matrix	0	-matrix PAM30 -gapopen 7 -gapextend 2	losat-rejects	Error: the matrix PAM30 with gap costs 7/2 is not supported by LOSAT's BLASTP	Error: the matrix PAM30 with gap costs 7/2 is not supported by LOSAT's BLASTP
matrix	6	-matrix PAM30 -gapopen 7 -gapextend 2	losat-rejects	Error: the matrix PAM30 with gap costs 7/2 is not supported by LOSAT's BLASTP	Error: the matrix PAM30 with gap costs 7/2 is not supported by LOSAT's BLASTP
matrix	7	-matrix PAM30 -gapopen 7 -gapextend 2	losat-rejects	Error: the matrix PAM30 with gap costs 7/2 is not supported by LOSAT's BLASTP	Error: the matrix PAM30 with gap costs 7/2 is not supported by LOSAT's BLASTP
matrix	0	-matrix PAM30 -gapopen 6 -gapextend 2	losat-rejects	Error: the matrix PAM30 with gap costs 6/2 is not supported by LOSAT's BLASTP	Error: the matrix PAM30 with gap costs 6/2 is not supported by LOSAT's BLASTP
matrix	6	-matrix PAM30 -gapopen 6 -gapextend 2	losat-rejects	Error: the matrix PAM30 with gap costs 6/2 is not supported by LOSAT's BLASTP	Error: the matrix PAM30 with gap costs 6/2 is not supported by LOSAT's BLASTP
matrix	7	-matrix PAM30 -gapopen 6 -gapextend 2	losat-rejects	Error: the matrix PAM30 with gap costs 6/2 is not supported by LOSAT's BLASTP	Error: the matrix PAM30 with gap costs 6/2 is not supported by LOSAT's BLASTP
matrix	0	-matrix PAM30 -gapopen 5 -gapextend 2	losat-rejects	Error: the matrix PAM30 with gap costs 5/2 is not supported by LOSAT's BLASTP	Error: the matrix PAM30 with gap costs 5/2 is not supported by LOSAT's BLASTP
matrix	6	-matrix PAM30 -gapopen 5 -gapextend 2	losat-rejects	Error: the matrix PAM30 with gap costs 5/2 is not supported by LOSAT's BLASTP	Error: the matrix PAM30 with gap costs 5/2 is not supported by LOSAT's BLASTP
matrix	7	-matrix PAM30 -gapopen 5 -gapextend 2	losat-rejects	Error: the matrix PAM30 with gap costs 5/2 is not supported by LOSAT's BLASTP	Error: the matrix PAM30 with gap costs 5/2 is not supported by LOSAT's BLASTP
matrix	0	-matrix PAM30 -gapopen 10 -gapextend 1	losat-rejects	Error: the matrix PAM30 with gap costs 10/1 is not supported by LOSAT's BLASTP	Error: the matrix PAM30 with gap costs 10/1 is not supported by LOSAT's BLASTP
matrix	6	-matrix PAM30 -gapopen 10 -gapextend 1	losat-rejects	Error: the matrix PAM30 with gap costs 10/1 is not supported by LOSAT's BLASTP	Error: the matrix PAM30 with gap costs 10/1 is not supported by LOSAT's BLASTP
matrix	7	-matrix PAM30 -gapopen 10 -gapextend 1	losat-rejects	Error: the matrix PAM30 with gap costs 10/1 is not supported by LOSAT's BLASTP	Error: the matrix PAM30 with gap costs 10/1 is not supported by LOSAT's BLASTP
matrix	0	-matrix PAM30 -gapopen 9 -gapextend 1	losat-rejects	Error: the matrix PAM30 with gap costs 9/1 is not supported by LOSAT's BLASTP	Error: the matrix PAM30 with gap costs 9/1 is not supported by LOSAT's BLASTP
matrix	6	-matrix PAM30 -gapopen 9 -gapextend 1	losat-rejects	Error: the matrix PAM30 with gap costs 9/1 is not supported by LOSAT's BLASTP	Error: the matrix PAM30 with gap costs 9/1 is not supported by LOSAT's BLASTP
matrix	7	-matrix PAM30 -gapopen 9 -gapextend 1	losat-rejects	Error: the matrix PAM30 with gap costs 9/1 is not supported by LOSAT's BLASTP	Error: the matrix PAM30 with gap costs 9/1 is not supported by LOSAT's BLASTP
matrix	0	-matrix PAM30 -gapopen 8 -gapextend 1	losat-rejects	Error: the matrix PAM30 with gap costs 8/1 is not supported by LOSAT's BLASTP	Error: the matrix PAM30 with gap costs 8/1 is not supported by LOSAT's BLASTP
matrix	6	-matrix PAM30 -gapopen 8 -gapextend 1	losat-rejects	Error: the matrix PAM30 with gap costs 8/1 is not supported by LOSAT's BLASTP	Error: the matrix PAM30 with gap costs 8/1 is not supported by LOSAT's BLASTP
matrix	7	-matrix PAM30 -gapopen 8 -gapextend 1	losat-rejects	Error: the matrix PAM30 with gap costs 8/1 is not supported by LOSAT's BLASTP	Error: the matrix PAM30 with gap costs 8/1 is not supported by LOSAT's BLASTP
matrix	0	-matrix PAM30 -gapopen 15 -gapextend 3	losat-rejects	Error: the matrix PAM30 with gap costs 15/3 is not supported by LOSAT's BLASTP	Error: the matrix PAM30 with gap costs 15/3 is not supported by LOSAT's BLASTP
matrix	6	-matrix PAM30 -gapopen 15 -gapextend 3	losat-rejects	Error: the matrix PAM30 with gap costs 15/3 is not supported by LOSAT's BLASTP	Error: the matrix PAM30 with gap costs 15/3 is not supported by LOSAT's BLASTP
matrix	7	-matrix PAM30 -gapopen 15 -gapextend 3	losat-rejects	Error: the matrix PAM30 with gap costs 15/3 is not supported by LOSAT's BLASTP	Error: the matrix PAM30 with gap costs 15/3 is not supported by LOSAT's BLASTP
matrix	0	-matrix PAM30 -gapopen 14 -gapextend 2	losat-rejects	Error: the matrix PAM30 with gap costs 14/2 is not supported by LOSAT's BLASTP	Error: the matrix PAM30 with gap costs 14/2 is not supported by LOSAT's BLASTP
matrix	6	-matrix PAM30 -gapopen 14 -gapextend 2	losat-rejects	Error: the matrix PAM30 with gap costs 14/2 is not supported by LOSAT's BLASTP	Error: the matrix PAM30 with gap costs 14/2 is not supported by LOSAT's BLASTP
matrix	7	-matrix PAM30 -gapopen 14 -gapextend 2	losat-rejects	Error: the matrix PAM30 with gap costs 14/2 is not supported by LOSAT's BLASTP	Error: the matrix PAM30 with gap costs 14/2 is not supported by LOSAT's BLASTP
matrix	0	-matrix PAM30 -gapopen 14 -gapextend 1	losat-rejects	Error: the matrix PAM30 with gap costs 14/1 is not supported by LOSAT's BLASTP	Error: the matrix PAM30 with gap costs 14/1 is not supported by LOSAT's BLASTP
matrix	6	-matrix PAM30 -gapopen 14 -gapextend 1	losat-rejects	Error: the matrix PAM30 with gap costs 14/1 is not supported by LOSAT's BLASTP	Error: the matrix PAM30 with gap costs 14/1 is not supported by LOSAT's BLASTP
matrix	7	-matrix PAM30 -gapopen 14 -gapextend 1	losat-rejects	Error: the matrix PAM30 with gap costs 14/1 is not supported by LOSAT's BLASTP	Error: the matrix PAM30 with gap costs 14/1 is not supported by LOSAT's BLASTP
matrix	0	-matrix PAM30 -gapopen 13 -gapextend 3	losat-rejects	Error: the matrix PAM30 with gap costs 13/3 is not supported by LOSAT's BLASTP	Error: the matrix PAM30 with gap costs 13/3 is not supported by LOSAT's BLASTP
matrix	6	-matrix PAM30 -gapopen 13 -gapextend 3	losat-rejects	Error: the matrix PAM30 with gap costs 13/3 is not supported by LOSAT's BLASTP	Error: the matrix PAM30 with gap costs 13/3 is not supported by LOSAT's BLASTP
matrix	7	-matrix PAM30 -gapopen 13 -gapextend 3	losat-rejects	Error: the matrix PAM30 with gap costs 13/3 is not supported by LOSAT's BLASTP	Error: the matrix PAM30 with gap costs 13/3 is not supported by LOSAT's BLASTP
matrix	0	-matrix PAM30 -gapopen 1 -gapextend 1	same-error	BLAST query/options error: Gap existence and extension values of 1 and 1 not supported for PAM30	BLAST query/options error: Gap existence and extension values of 1 and 1 not supported for PAM30
matrix	6	-matrix PAM30 -gapopen 1 -gapextend 1	same-error	BLAST query/options error: Gap existence and extension values of 1 and 1 not supported for PAM30	BLAST query/options error: Gap existence and extension values of 1 and 1 not supported for PAM30
matrix	7	-matrix PAM30 -gapopen 1 -gapextend 1	same-error	BLAST query/options error: Gap existence and extension values of 1 and 1 not supported for PAM30	BLAST query/options error: Gap existence and extension values of 1 and 1 not supported for PAM30
matrix	0	-matrix PAM30 -gapopen 0 -gapextend 0	same-error	BLAST query/options error: Gap existence and extension values of 0 and 0 not supported for PAM30	BLAST query/options error: Gap existence and extension values of 0 and 0 not supported for PAM30
matrix	6	-matrix PAM30 -gapopen 0 -gapextend 0	same-error	BLAST query/options error: Gap existence and extension values of 0 and 0 not supported for PAM30	BLAST query/options error: Gap existence and extension values of 0 and 0 not supported for PAM30
matrix	7	-matrix PAM30 -gapopen 0 -gapextend 0	same-error	BLAST query/options error: Gap existence and extension values of 0 and 0 not supported for PAM30	BLAST query/options error: Gap existence and extension values of 0 and 0 not supported for PAM30
matrix	0	-matrix PAM30 -gapopen 11 -gapextend 0	same-error	BLAST query/options error: Gap existence and extension values of 11 and 0 not supported for PAM30	BLAST query/options error: Gap existence and extension values of 11 and 0 not supported for PAM30
matrix	6	-matrix PAM30 -gapopen 11 -gapextend 0	same-error	BLAST query/options error: Gap existence and extension values of 11 and 0 not supported for PAM30	BLAST query/options error: Gap existence and extension values of 11 and 0 not supported for PAM30
matrix	7	-matrix PAM30 -gapopen 11 -gapextend 0	same-error	BLAST query/options error: Gap existence and extension values of 11 and 0 not supported for PAM30	BLAST query/options error: Gap existence and extension values of 11 and 0 not supported for PAM30
matrix	0	-matrix PAM30 -gapopen 0 -gapextend 1	same-error	BLAST query/options error: Gap existence and extension values of 0 and 1 not supported for PAM30	BLAST query/options error: Gap existence and extension values of 0 and 1 not supported for PAM30
matrix	6	-matrix PAM30 -gapopen 0 -gapextend 1	same-error	BLAST query/options error: Gap existence and extension values of 0 and 1 not supported for PAM30	BLAST query/options error: Gap existence and extension values of 0 and 1 not supported for PAM30
matrix	7	-matrix PAM30 -gapopen 0 -gapextend 1	same-error	BLAST query/options error: Gap existence and extension values of 0 and 1 not supported for PAM30	BLAST query/options error: Gap existence and extension values of 0 and 1 not supported for PAM30
matrix	0	-matrix PAM30 -gapopen 32767 -gapextend 32767	losat-rejects	Error: the matrix PAM30 with gap costs 32767/32767 is not supported by LOSAT's BLASTP	Error: the matrix PAM30 with gap costs 32767/32767 is not supported by LOSAT's BLASTP
matrix	6	-matrix PAM30 -gapopen 32767 -gapextend 32767	losat-rejects	Error: the matrix PAM30 with gap costs 32767/32767 is not supported by LOSAT's BLASTP	Error: the matrix PAM30 with gap costs 32767/32767 is not supported by LOSAT's BLASTP
matrix	7	-matrix PAM30 -gapopen 32767 -gapextend 32767	losat-rejects	Error: the matrix PAM30 with gap costs 32767/32767 is not supported by LOSAT's BLASTP	Error: the matrix PAM30 with gap costs 32767/32767 is not supported by LOSAT's BLASTP
matrix	0	-matrix PAM30 -gapopen 100 -gapextend 10	same-error	BLAST query/options error: Gap existence and extension values of 100 and 10 not supported for PAM30	BLAST query/options error: Gap existence and extension values of 100 and 10 not supported for PAM30
matrix	6	-matrix PAM30 -gapopen 100 -gapextend 10	same-error	BLAST query/options error: Gap existence and extension values of 100 and 10 not supported for PAM30	BLAST query/options error: Gap existence and extension values of 100 and 10 not supported for PAM30
matrix	7	-matrix PAM30 -gapopen 100 -gapextend 10	same-error	BLAST query/options error: Gap existence and extension values of 100 and 10 not supported for PAM30	BLAST query/options error: Gap existence and extension values of 100 and 10 not supported for PAM30
matrix	0	-matrix PAM30 -gapopen -1 -gapextend 1	same-error	BLAST query/options error: Gap existence and extension values of -1 and 1 not supported for PAM30	BLAST query/options error: Gap existence and extension values of -1 and 1 not supported for PAM30
matrix	6	-matrix PAM30 -gapopen -1 -gapextend 1	same-error	BLAST query/options error: Gap existence and extension values of -1 and 1 not supported for PAM30	BLAST query/options error: Gap existence and extension values of -1 and 1 not supported for PAM30
matrix	7	-matrix PAM30 -gapopen -1 -gapextend 1	same-error	BLAST query/options error: Gap existence and extension values of -1 and 1 not supported for PAM30	BLAST query/options error: Gap existence and extension values of -1 and 1 not supported for PAM30
matrix	0	-matrix PAM30 -gapopen 11 -gapextend -1	same-error	BLAST query/options error: Gap existence and extension values of 11 and -1 not supported for PAM30	BLAST query/options error: Gap existence and extension values of 11 and -1 not supported for PAM30
matrix	6	-matrix PAM30 -gapopen 11 -gapextend -1	same-error	BLAST query/options error: Gap existence and extension values of 11 and -1 not supported for PAM30	BLAST query/options error: Gap existence and extension values of 11 and -1 not supported for PAM30
matrix	7	-matrix PAM30 -gapopen 11 -gapextend -1	same-error	BLAST query/options error: Gap existence and extension values of 11 and -1 not supported for PAM30	BLAST query/options error: Gap existence and extension values of 11 and -1 not supported for PAM30
matrix	0	-matrix PAM70	losat-rejects	Error: the matrix PAM70 with gap costs 10/1 is not supported by LOSAT's BLASTP	Error: the matrix PAM70 with gap costs 10/1 is not supported by LOSAT's BLASTP
matrix	6	-matrix PAM70	losat-rejects	Error: the matrix PAM70 with gap costs 10/1 is not supported by LOSAT's BLASTP	Error: the matrix PAM70 with gap costs 10/1 is not supported by LOSAT's BLASTP
matrix	7	-matrix PAM70	losat-rejects	Error: the matrix PAM70 with gap costs 10/1 is not supported by LOSAT's BLASTP	Error: the matrix PAM70 with gap costs 10/1 is not supported by LOSAT's BLASTP
matrix	0	-matrix PAM70 -gapopen 32767 -gapextend 32767	losat-rejects	Error: the matrix PAM70 with gap costs 32767/32767 is not supported by LOSAT's BLASTP	Error: the matrix PAM70 with gap costs 32767/32767 is not supported by LOSAT's BLASTP
matrix	6	-matrix PAM70 -gapopen 32767 -gapextend 32767	losat-rejects	Error: the matrix PAM70 with gap costs 32767/32767 is not supported by LOSAT's BLASTP	Error: the matrix PAM70 with gap costs 32767/32767 is not supported by LOSAT's BLASTP
matrix	7	-matrix PAM70 -gapopen 32767 -gapextend 32767	losat-rejects	Error: the matrix PAM70 with gap costs 32767/32767 is not supported by LOSAT's BLASTP	Error: the matrix PAM70 with gap costs 32767/32767 is not supported by LOSAT's BLASTP
matrix	0	-matrix PAM70 -gapopen 8 -gapextend 2	losat-rejects	Error: the matrix PAM70 with gap costs 8/2 is not supported by LOSAT's BLASTP	Error: the matrix PAM70 with gap costs 8/2 is not supported by LOSAT's BLASTP
matrix	6	-matrix PAM70 -gapopen 8 -gapextend 2	losat-rejects	Error: the matrix PAM70 with gap costs 8/2 is not supported by LOSAT's BLASTP	Error: the matrix PAM70 with gap costs 8/2 is not supported by LOSAT's BLASTP
matrix	7	-matrix PAM70 -gapopen 8 -gapextend 2	losat-rejects	Error: the matrix PAM70 with gap costs 8/2 is not supported by LOSAT's BLASTP	Error: the matrix PAM70 with gap costs 8/2 is not supported by LOSAT's BLASTP
matrix	0	-matrix PAM70 -gapopen 7 -gapextend 2	losat-rejects	Error: the matrix PAM70 with gap costs 7/2 is not supported by LOSAT's BLASTP	Error: the matrix PAM70 with gap costs 7/2 is not supported by LOSAT's BLASTP
matrix	6	-matrix PAM70 -gapopen 7 -gapextend 2	losat-rejects	Error: the matrix PAM70 with gap costs 7/2 is not supported by LOSAT's BLASTP	Error: the matrix PAM70 with gap costs 7/2 is not supported by LOSAT's BLASTP
matrix	7	-matrix PAM70 -gapopen 7 -gapextend 2	losat-rejects	Error: the matrix PAM70 with gap costs 7/2 is not supported by LOSAT's BLASTP	Error: the matrix PAM70 with gap costs 7/2 is not supported by LOSAT's BLASTP
matrix	0	-matrix PAM70 -gapopen 6 -gapextend 2	losat-rejects	Error: the matrix PAM70 with gap costs 6/2 is not supported by LOSAT's BLASTP	Error: the matrix PAM70 with gap costs 6/2 is not supported by LOSAT's BLASTP
matrix	6	-matrix PAM70 -gapopen 6 -gapextend 2	losat-rejects	Error: the matrix PAM70 with gap costs 6/2 is not supported by LOSAT's BLASTP	Error: the matrix PAM70 with gap costs 6/2 is not supported by LOSAT's BLASTP
matrix	7	-matrix PAM70 -gapopen 6 -gapextend 2	losat-rejects	Error: the matrix PAM70 with gap costs 6/2 is not supported by LOSAT's BLASTP	Error: the matrix PAM70 with gap costs 6/2 is not supported by LOSAT's BLASTP
matrix	0	-matrix PAM70 -gapopen 11 -gapextend 1	losat-rejects	Error: the matrix PAM70 with gap costs 11/1 is not supported by LOSAT's BLASTP	Error: the matrix PAM70 with gap costs 11/1 is not supported by LOSAT's BLASTP
matrix	6	-matrix PAM70 -gapopen 11 -gapextend 1	losat-rejects	Error: the matrix PAM70 with gap costs 11/1 is not supported by LOSAT's BLASTP	Error: the matrix PAM70 with gap costs 11/1 is not supported by LOSAT's BLASTP
matrix	7	-matrix PAM70 -gapopen 11 -gapextend 1	losat-rejects	Error: the matrix PAM70 with gap costs 11/1 is not supported by LOSAT's BLASTP	Error: the matrix PAM70 with gap costs 11/1 is not supported by LOSAT's BLASTP
matrix	0	-matrix PAM70 -gapopen 10 -gapextend 1	losat-rejects	Error: the matrix PAM70 with gap costs 10/1 is not supported by LOSAT's BLASTP	Error: the matrix PAM70 with gap costs 10/1 is not supported by LOSAT's BLASTP
matrix	6	-matrix PAM70 -gapopen 10 -gapextend 1	losat-rejects	Error: the matrix PAM70 with gap costs 10/1 is not supported by LOSAT's BLASTP	Error: the matrix PAM70 with gap costs 10/1 is not supported by LOSAT's BLASTP
matrix	7	-matrix PAM70 -gapopen 10 -gapextend 1	losat-rejects	Error: the matrix PAM70 with gap costs 10/1 is not supported by LOSAT's BLASTP	Error: the matrix PAM70 with gap costs 10/1 is not supported by LOSAT's BLASTP
matrix	0	-matrix PAM70 -gapopen 9 -gapextend 1	losat-rejects	Error: the matrix PAM70 with gap costs 9/1 is not supported by LOSAT's BLASTP	Error: the matrix PAM70 with gap costs 9/1 is not supported by LOSAT's BLASTP
matrix	6	-matrix PAM70 -gapopen 9 -gapextend 1	losat-rejects	Error: the matrix PAM70 with gap costs 9/1 is not supported by LOSAT's BLASTP	Error: the matrix PAM70 with gap costs 9/1 is not supported by LOSAT's BLASTP
matrix	7	-matrix PAM70 -gapopen 9 -gapextend 1	losat-rejects	Error: the matrix PAM70 with gap costs 9/1 is not supported by LOSAT's BLASTP	Error: the matrix PAM70 with gap costs 9/1 is not supported by LOSAT's BLASTP
matrix	0	-matrix PAM70 -gapopen 11 -gapextend 2	losat-rejects	Error: the matrix PAM70 with gap costs 11/2 is not supported by LOSAT's BLASTP	Error: the matrix PAM70 with gap costs 11/2 is not supported by LOSAT's BLASTP
matrix	6	-matrix PAM70 -gapopen 11 -gapextend 2	losat-rejects	Error: the matrix PAM70 with gap costs 11/2 is not supported by LOSAT's BLASTP	Error: the matrix PAM70 with gap costs 11/2 is not supported by LOSAT's BLASTP
matrix	7	-matrix PAM70 -gapopen 11 -gapextend 2	losat-rejects	Error: the matrix PAM70 with gap costs 11/2 is not supported by LOSAT's BLASTP	Error: the matrix PAM70 with gap costs 11/2 is not supported by LOSAT's BLASTP
matrix	0	-matrix PAM70 -gapopen 12 -gapextend 3	losat-rejects	Error: the matrix PAM70 with gap costs 12/3 is not supported by LOSAT's BLASTP	Error: the matrix PAM70 with gap costs 12/3 is not supported by LOSAT's BLASTP
matrix	6	-matrix PAM70 -gapopen 12 -gapextend 3	losat-rejects	Error: the matrix PAM70 with gap costs 12/3 is not supported by LOSAT's BLASTP	Error: the matrix PAM70 with gap costs 12/3 is not supported by LOSAT's BLASTP
matrix	7	-matrix PAM70 -gapopen 12 -gapextend 3	losat-rejects	Error: the matrix PAM70 with gap costs 12/3 is not supported by LOSAT's BLASTP	Error: the matrix PAM70 with gap costs 12/3 is not supported by LOSAT's BLASTP
matrix	0	-matrix PAM70 -gapopen 1 -gapextend 1	same-error	BLAST query/options error: Gap existence and extension values of 1 and 1 not supported for PAM70	BLAST query/options error: Gap existence and extension values of 1 and 1 not supported for PAM70
matrix	6	-matrix PAM70 -gapopen 1 -gapextend 1	same-error	BLAST query/options error: Gap existence and extension values of 1 and 1 not supported for PAM70	BLAST query/options error: Gap existence and extension values of 1 and 1 not supported for PAM70
matrix	7	-matrix PAM70 -gapopen 1 -gapextend 1	same-error	BLAST query/options error: Gap existence and extension values of 1 and 1 not supported for PAM70	BLAST query/options error: Gap existence and extension values of 1 and 1 not supported for PAM70
matrix	0	-matrix PAM70 -gapopen 0 -gapextend 0	same-error	BLAST query/options error: Gap existence and extension values of 0 and 0 not supported for PAM70	BLAST query/options error: Gap existence and extension values of 0 and 0 not supported for PAM70
matrix	6	-matrix PAM70 -gapopen 0 -gapextend 0	same-error	BLAST query/options error: Gap existence and extension values of 0 and 0 not supported for PAM70	BLAST query/options error: Gap existence and extension values of 0 and 0 not supported for PAM70
matrix	7	-matrix PAM70 -gapopen 0 -gapextend 0	same-error	BLAST query/options error: Gap existence and extension values of 0 and 0 not supported for PAM70	BLAST query/options error: Gap existence and extension values of 0 and 0 not supported for PAM70
matrix	0	-matrix PAM70 -gapopen 11 -gapextend 0	same-error	BLAST query/options error: Gap existence and extension values of 11 and 0 not supported for PAM70	BLAST query/options error: Gap existence and extension values of 11 and 0 not supported for PAM70
matrix	6	-matrix PAM70 -gapopen 11 -gapextend 0	same-error	BLAST query/options error: Gap existence and extension values of 11 and 0 not supported for PAM70	BLAST query/options error: Gap existence and extension values of 11 and 0 not supported for PAM70
matrix	7	-matrix PAM70 -gapopen 11 -gapextend 0	same-error	BLAST query/options error: Gap existence and extension values of 11 and 0 not supported for PAM70	BLAST query/options error: Gap existence and extension values of 11 and 0 not supported for PAM70
matrix	0	-matrix PAM70 -gapopen 0 -gapextend 1	same-error	BLAST query/options error: Gap existence and extension values of 0 and 1 not supported for PAM70	BLAST query/options error: Gap existence and extension values of 0 and 1 not supported for PAM70
matrix	6	-matrix PAM70 -gapopen 0 -gapextend 1	same-error	BLAST query/options error: Gap existence and extension values of 0 and 1 not supported for PAM70	BLAST query/options error: Gap existence and extension values of 0 and 1 not supported for PAM70
matrix	7	-matrix PAM70 -gapopen 0 -gapextend 1	same-error	BLAST query/options error: Gap existence and extension values of 0 and 1 not supported for PAM70	BLAST query/options error: Gap existence and extension values of 0 and 1 not supported for PAM70
matrix	0	-matrix PAM70 -gapopen 32767 -gapextend 32767	losat-rejects	Error: the matrix PAM70 with gap costs 32767/32767 is not supported by LOSAT's BLASTP	Error: the matrix PAM70 with gap costs 32767/32767 is not supported by LOSAT's BLASTP
matrix	6	-matrix PAM70 -gapopen 32767 -gapextend 32767	losat-rejects	Error: the matrix PAM70 with gap costs 32767/32767 is not supported by LOSAT's BLASTP	Error: the matrix PAM70 with gap costs 32767/32767 is not supported by LOSAT's BLASTP
matrix	7	-matrix PAM70 -gapopen 32767 -gapextend 32767	losat-rejects	Error: the matrix PAM70 with gap costs 32767/32767 is not supported by LOSAT's BLASTP	Error: the matrix PAM70 with gap costs 32767/32767 is not supported by LOSAT's BLASTP
matrix	0	-matrix PAM70 -gapopen 100 -gapextend 10	same-error	BLAST query/options error: Gap existence and extension values of 100 and 10 not supported for PAM70	BLAST query/options error: Gap existence and extension values of 100 and 10 not supported for PAM70
matrix	6	-matrix PAM70 -gapopen 100 -gapextend 10	same-error	BLAST query/options error: Gap existence and extension values of 100 and 10 not supported for PAM70	BLAST query/options error: Gap existence and extension values of 100 and 10 not supported for PAM70
matrix	7	-matrix PAM70 -gapopen 100 -gapextend 10	same-error	BLAST query/options error: Gap existence and extension values of 100 and 10 not supported for PAM70	BLAST query/options error: Gap existence and extension values of 100 and 10 not supported for PAM70
matrix	0	-matrix PAM70 -gapopen -1 -gapextend 1	same-error	BLAST query/options error: Gap existence and extension values of -1 and 1 not supported for PAM70	BLAST query/options error: Gap existence and extension values of -1 and 1 not supported for PAM70
matrix	6	-matrix PAM70 -gapopen -1 -gapextend 1	same-error	BLAST query/options error: Gap existence and extension values of -1 and 1 not supported for PAM70	BLAST query/options error: Gap existence and extension values of -1 and 1 not supported for PAM70
matrix	7	-matrix PAM70 -gapopen -1 -gapextend 1	same-error	BLAST query/options error: Gap existence and extension values of -1 and 1 not supported for PAM70	BLAST query/options error: Gap existence and extension values of -1 and 1 not supported for PAM70
matrix	0	-matrix PAM70 -gapopen 11 -gapextend -1	same-error	BLAST query/options error: Gap existence and extension values of 11 and -1 not supported for PAM70	BLAST query/options error: Gap existence and extension values of 11 and -1 not supported for PAM70
matrix	6	-matrix PAM70 -gapopen 11 -gapextend -1	same-error	BLAST query/options error: Gap existence and extension values of 11 and -1 not supported for PAM70	BLAST query/options error: Gap existence and extension values of 11 and -1 not supported for PAM70
matrix	7	-matrix PAM70 -gapopen 11 -gapextend -1	same-error	BLAST query/options error: Gap existence and extension values of 11 and -1 not supported for PAM70	BLAST query/options error: Gap existence and extension values of 11 and -1 not supported for PAM70
matrix	0	-matrix PAM250	losat-rejects	Error: the matrix PAM250 with gap costs 15/2 is not supported by LOSAT's BLASTP	Error: the matrix PAM250 with gap costs 15/2 is not supported by LOSAT's BLASTP
matrix	6	-matrix PAM250	losat-rejects	Error: the matrix PAM250 with gap costs 15/2 is not supported by LOSAT's BLASTP	Error: the matrix PAM250 with gap costs 15/2 is not supported by LOSAT's BLASTP
matrix	7	-matrix PAM250	losat-rejects	Error: the matrix PAM250 with gap costs 15/2 is not supported by LOSAT's BLASTP	Error: the matrix PAM250 with gap costs 15/2 is not supported by LOSAT's BLASTP
matrix	0	-matrix PAM250 -gapopen 32767 -gapextend 32767	losat-rejects	Error: the matrix PAM250 with gap costs 32767/32767 is not supported by LOSAT's BLASTP	Error: the matrix PAM250 with gap costs 32767/32767 is not supported by LOSAT's BLASTP
matrix	6	-matrix PAM250 -gapopen 32767 -gapextend 32767	losat-rejects	Error: the matrix PAM250 with gap costs 32767/32767 is not supported by LOSAT's BLASTP	Error: the matrix PAM250 with gap costs 32767/32767 is not supported by LOSAT's BLASTP
matrix	7	-matrix PAM250 -gapopen 32767 -gapextend 32767	losat-rejects	Error: the matrix PAM250 with gap costs 32767/32767 is not supported by LOSAT's BLASTP	Error: the matrix PAM250 with gap costs 32767/32767 is not supported by LOSAT's BLASTP
matrix	0	-matrix PAM250 -gapopen 15 -gapextend 3	losat-rejects	Error: the matrix PAM250 with gap costs 15/3 is not supported by LOSAT's BLASTP	Error: the matrix PAM250 with gap costs 15/3 is not supported by LOSAT's BLASTP
matrix	6	-matrix PAM250 -gapopen 15 -gapextend 3	losat-rejects	Error: the matrix PAM250 with gap costs 15/3 is not supported by LOSAT's BLASTP	Error: the matrix PAM250 with gap costs 15/3 is not supported by LOSAT's BLASTP
matrix	7	-matrix PAM250 -gapopen 15 -gapextend 3	losat-rejects	Error: the matrix PAM250 with gap costs 15/3 is not supported by LOSAT's BLASTP	Error: the matrix PAM250 with gap costs 15/3 is not supported by LOSAT's BLASTP
matrix	0	-matrix PAM250 -gapopen 14 -gapextend 3	losat-rejects	Error: the matrix PAM250 with gap costs 14/3 is not supported by LOSAT's BLASTP	Error: the matrix PAM250 with gap costs 14/3 is not supported by LOSAT's BLASTP
matrix	6	-matrix PAM250 -gapopen 14 -gapextend 3	losat-rejects	Error: the matrix PAM250 with gap costs 14/3 is not supported by LOSAT's BLASTP	Error: the matrix PAM250 with gap costs 14/3 is not supported by LOSAT's BLASTP
matrix	7	-matrix PAM250 -gapopen 14 -gapextend 3	losat-rejects	Error: the matrix PAM250 with gap costs 14/3 is not supported by LOSAT's BLASTP	Error: the matrix PAM250 with gap costs 14/3 is not supported by LOSAT's BLASTP
matrix	0	-matrix PAM250 -gapopen 13 -gapextend 3	losat-rejects	Error: the matrix PAM250 with gap costs 13/3 is not supported by LOSAT's BLASTP	Error: the matrix PAM250 with gap costs 13/3 is not supported by LOSAT's BLASTP
matrix	6	-matrix PAM250 -gapopen 13 -gapextend 3	losat-rejects	Error: the matrix PAM250 with gap costs 13/3 is not supported by LOSAT's BLASTP	Error: the matrix PAM250 with gap costs 13/3 is not supported by LOSAT's BLASTP
matrix	7	-matrix PAM250 -gapopen 13 -gapextend 3	losat-rejects	Error: the matrix PAM250 with gap costs 13/3 is not supported by LOSAT's BLASTP	Error: the matrix PAM250 with gap costs 13/3 is not supported by LOSAT's BLASTP
matrix	0	-matrix PAM250 -gapopen 12 -gapextend 3	losat-rejects	Error: the matrix PAM250 with gap costs 12/3 is not supported by LOSAT's BLASTP	Error: the matrix PAM250 with gap costs 12/3 is not supported by LOSAT's BLASTP
matrix	6	-matrix PAM250 -gapopen 12 -gapextend 3	losat-rejects	Error: the matrix PAM250 with gap costs 12/3 is not supported by LOSAT's BLASTP	Error: the matrix PAM250 with gap costs 12/3 is not supported by LOSAT's BLASTP
matrix	7	-matrix PAM250 -gapopen 12 -gapextend 3	losat-rejects	Error: the matrix PAM250 with gap costs 12/3 is not supported by LOSAT's BLASTP	Error: the matrix PAM250 with gap costs 12/3 is not supported by LOSAT's BLASTP
matrix	0	-matrix PAM250 -gapopen 11 -gapextend 3	losat-rejects	Error: the matrix PAM250 with gap costs 11/3 is not supported by LOSAT's BLASTP	Error: the matrix PAM250 with gap costs 11/3 is not supported by LOSAT's BLASTP
matrix	6	-matrix PAM250 -gapopen 11 -gapextend 3	losat-rejects	Error: the matrix PAM250 with gap costs 11/3 is not supported by LOSAT's BLASTP	Error: the matrix PAM250 with gap costs 11/3 is not supported by LOSAT's BLASTP
matrix	7	-matrix PAM250 -gapopen 11 -gapextend 3	losat-rejects	Error: the matrix PAM250 with gap costs 11/3 is not supported by LOSAT's BLASTP	Error: the matrix PAM250 with gap costs 11/3 is not supported by LOSAT's BLASTP
matrix	0	-matrix PAM250 -gapopen 17 -gapextend 2	losat-rejects	Error: the matrix PAM250 with gap costs 17/2 is not supported by LOSAT's BLASTP	Error: the matrix PAM250 with gap costs 17/2 is not supported by LOSAT's BLASTP
matrix	6	-matrix PAM250 -gapopen 17 -gapextend 2	losat-rejects	Error: the matrix PAM250 with gap costs 17/2 is not supported by LOSAT's BLASTP	Error: the matrix PAM250 with gap costs 17/2 is not supported by LOSAT's BLASTP
matrix	7	-matrix PAM250 -gapopen 17 -gapextend 2	losat-rejects	Error: the matrix PAM250 with gap costs 17/2 is not supported by LOSAT's BLASTP	Error: the matrix PAM250 with gap costs 17/2 is not supported by LOSAT's BLASTP
matrix	0	-matrix PAM250 -gapopen 16 -gapextend 2	losat-rejects	Error: the matrix PAM250 with gap costs 16/2 is not supported by LOSAT's BLASTP	Error: the matrix PAM250 with gap costs 16/2 is not supported by LOSAT's BLASTP
matrix	6	-matrix PAM250 -gapopen 16 -gapextend 2	losat-rejects	Error: the matrix PAM250 with gap costs 16/2 is not supported by LOSAT's BLASTP	Error: the matrix PAM250 with gap costs 16/2 is not supported by LOSAT's BLASTP
matrix	7	-matrix PAM250 -gapopen 16 -gapextend 2	losat-rejects	Error: the matrix PAM250 with gap costs 16/2 is not supported by LOSAT's BLASTP	Error: the matrix PAM250 with gap costs 16/2 is not supported by LOSAT's BLASTP
matrix	0	-matrix PAM250 -gapopen 15 -gapextend 2	losat-rejects	Error: the matrix PAM250 with gap costs 15/2 is not supported by LOSAT's BLASTP	Error: the matrix PAM250 with gap costs 15/2 is not supported by LOSAT's BLASTP
matrix	6	-matrix PAM250 -gapopen 15 -gapextend 2	losat-rejects	Error: the matrix PAM250 with gap costs 15/2 is not supported by LOSAT's BLASTP	Error: the matrix PAM250 with gap costs 15/2 is not supported by LOSAT's BLASTP
matrix	7	-matrix PAM250 -gapopen 15 -gapextend 2	losat-rejects	Error: the matrix PAM250 with gap costs 15/2 is not supported by LOSAT's BLASTP	Error: the matrix PAM250 with gap costs 15/2 is not supported by LOSAT's BLASTP
matrix	0	-matrix PAM250 -gapopen 14 -gapextend 2	losat-rejects	Error: the matrix PAM250 with gap costs 14/2 is not supported by LOSAT's BLASTP	Error: the matrix PAM250 with gap costs 14/2 is not supported by LOSAT's BLASTP
matrix	6	-matrix PAM250 -gapopen 14 -gapextend 2	losat-rejects	Error: the matrix PAM250 with gap costs 14/2 is not supported by LOSAT's BLASTP	Error: the matrix PAM250 with gap costs 14/2 is not supported by LOSAT's BLASTP
matrix	7	-matrix PAM250 -gapopen 14 -gapextend 2	losat-rejects	Error: the matrix PAM250 with gap costs 14/2 is not supported by LOSAT's BLASTP	Error: the matrix PAM250 with gap costs 14/2 is not supported by LOSAT's BLASTP
matrix	0	-matrix PAM250 -gapopen 13 -gapextend 2	losat-rejects	Error: the matrix PAM250 with gap costs 13/2 is not supported by LOSAT's BLASTP	Error: the matrix PAM250 with gap costs 13/2 is not supported by LOSAT's BLASTP
matrix	6	-matrix PAM250 -gapopen 13 -gapextend 2	losat-rejects	Error: the matrix PAM250 with gap costs 13/2 is not supported by LOSAT's BLASTP	Error: the matrix PAM250 with gap costs 13/2 is not supported by LOSAT's BLASTP
matrix	7	-matrix PAM250 -gapopen 13 -gapextend 2	losat-rejects	Error: the matrix PAM250 with gap costs 13/2 is not supported by LOSAT's BLASTP	Error: the matrix PAM250 with gap costs 13/2 is not supported by LOSAT's BLASTP
matrix	0	-matrix PAM250 -gapopen 21 -gapextend 1	losat-rejects	Error: the matrix PAM250 with gap costs 21/1 is not supported by LOSAT's BLASTP	Error: the matrix PAM250 with gap costs 21/1 is not supported by LOSAT's BLASTP
matrix	6	-matrix PAM250 -gapopen 21 -gapextend 1	losat-rejects	Error: the matrix PAM250 with gap costs 21/1 is not supported by LOSAT's BLASTP	Error: the matrix PAM250 with gap costs 21/1 is not supported by LOSAT's BLASTP
matrix	7	-matrix PAM250 -gapopen 21 -gapextend 1	losat-rejects	Error: the matrix PAM250 with gap costs 21/1 is not supported by LOSAT's BLASTP	Error: the matrix PAM250 with gap costs 21/1 is not supported by LOSAT's BLASTP
matrix	0	-matrix PAM250 -gapopen 20 -gapextend 1	losat-rejects	Error: the matrix PAM250 with gap costs 20/1 is not supported by LOSAT's BLASTP	Error: the matrix PAM250 with gap costs 20/1 is not supported by LOSAT's BLASTP
matrix	6	-matrix PAM250 -gapopen 20 -gapextend 1	losat-rejects	Error: the matrix PAM250 with gap costs 20/1 is not supported by LOSAT's BLASTP	Error: the matrix PAM250 with gap costs 20/1 is not supported by LOSAT's BLASTP
matrix	7	-matrix PAM250 -gapopen 20 -gapextend 1	losat-rejects	Error: the matrix PAM250 with gap costs 20/1 is not supported by LOSAT's BLASTP	Error: the matrix PAM250 with gap costs 20/1 is not supported by LOSAT's BLASTP
matrix	0	-matrix PAM250 -gapopen 19 -gapextend 1	losat-rejects	Error: the matrix PAM250 with gap costs 19/1 is not supported by LOSAT's BLASTP	Error: the matrix PAM250 with gap costs 19/1 is not supported by LOSAT's BLASTP
matrix	6	-matrix PAM250 -gapopen 19 -gapextend 1	losat-rejects	Error: the matrix PAM250 with gap costs 19/1 is not supported by LOSAT's BLASTP	Error: the matrix PAM250 with gap costs 19/1 is not supported by LOSAT's BLASTP
matrix	7	-matrix PAM250 -gapopen 19 -gapextend 1	losat-rejects	Error: the matrix PAM250 with gap costs 19/1 is not supported by LOSAT's BLASTP	Error: the matrix PAM250 with gap costs 19/1 is not supported by LOSAT's BLASTP
matrix	0	-matrix PAM250 -gapopen 18 -gapextend 1	losat-rejects	Error: the matrix PAM250 with gap costs 18/1 is not supported by LOSAT's BLASTP	Error: the matrix PAM250 with gap costs 18/1 is not supported by LOSAT's BLASTP
matrix	6	-matrix PAM250 -gapopen 18 -gapextend 1	losat-rejects	Error: the matrix PAM250 with gap costs 18/1 is not supported by LOSAT's BLASTP	Error: the matrix PAM250 with gap costs 18/1 is not supported by LOSAT's BLASTP
matrix	7	-matrix PAM250 -gapopen 18 -gapextend 1	losat-rejects	Error: the matrix PAM250 with gap costs 18/1 is not supported by LOSAT's BLASTP	Error: the matrix PAM250 with gap costs 18/1 is not supported by LOSAT's BLASTP
matrix	0	-matrix PAM250 -gapopen 17 -gapextend 1	losat-rejects	Error: the matrix PAM250 with gap costs 17/1 is not supported by LOSAT's BLASTP	Error: the matrix PAM250 with gap costs 17/1 is not supported by LOSAT's BLASTP
matrix	6	-matrix PAM250 -gapopen 17 -gapextend 1	losat-rejects	Error: the matrix PAM250 with gap costs 17/1 is not supported by LOSAT's BLASTP	Error: the matrix PAM250 with gap costs 17/1 is not supported by LOSAT's BLASTP
matrix	7	-matrix PAM250 -gapopen 17 -gapextend 1	losat-rejects	Error: the matrix PAM250 with gap costs 17/1 is not supported by LOSAT's BLASTP	Error: the matrix PAM250 with gap costs 17/1 is not supported by LOSAT's BLASTP
matrix	0	-matrix PAM250 -gapopen 1 -gapextend 1	same-error	BLAST query/options error: Gap existence and extension values of 1 and 1 not supported for PAM250	BLAST query/options error: Gap existence and extension values of 1 and 1 not supported for PAM250
matrix	6	-matrix PAM250 -gapopen 1 -gapextend 1	same-error	BLAST query/options error: Gap existence and extension values of 1 and 1 not supported for PAM250	BLAST query/options error: Gap existence and extension values of 1 and 1 not supported for PAM250
matrix	7	-matrix PAM250 -gapopen 1 -gapextend 1	same-error	BLAST query/options error: Gap existence and extension values of 1 and 1 not supported for PAM250	BLAST query/options error: Gap existence and extension values of 1 and 1 not supported for PAM250
matrix	0	-matrix PAM250 -gapopen 0 -gapextend 0	same-error	BLAST query/options error: Gap existence and extension values of 0 and 0 not supported for PAM250	BLAST query/options error: Gap existence and extension values of 0 and 0 not supported for PAM250
matrix	6	-matrix PAM250 -gapopen 0 -gapextend 0	same-error	BLAST query/options error: Gap existence and extension values of 0 and 0 not supported for PAM250	BLAST query/options error: Gap existence and extension values of 0 and 0 not supported for PAM250
matrix	7	-matrix PAM250 -gapopen 0 -gapextend 0	same-error	BLAST query/options error: Gap existence and extension values of 0 and 0 not supported for PAM250	BLAST query/options error: Gap existence and extension values of 0 and 0 not supported for PAM250
matrix	0	-matrix PAM250 -gapopen 11 -gapextend 0	same-error	BLAST query/options error: Gap existence and extension values of 11 and 0 not supported for PAM250	BLAST query/options error: Gap existence and extension values of 11 and 0 not supported for PAM250
matrix	6	-matrix PAM250 -gapopen 11 -gapextend 0	same-error	BLAST query/options error: Gap existence and extension values of 11 and 0 not supported for PAM250	BLAST query/options error: Gap existence and extension values of 11 and 0 not supported for PAM250
matrix	7	-matrix PAM250 -gapopen 11 -gapextend 0	same-error	BLAST query/options error: Gap existence and extension values of 11 and 0 not supported for PAM250	BLAST query/options error: Gap existence and extension values of 11 and 0 not supported for PAM250
matrix	0	-matrix PAM250 -gapopen 0 -gapextend 1	same-error	BLAST query/options error: Gap existence and extension values of 0 and 1 not supported for PAM250	BLAST query/options error: Gap existence and extension values of 0 and 1 not supported for PAM250
matrix	6	-matrix PAM250 -gapopen 0 -gapextend 1	same-error	BLAST query/options error: Gap existence and extension values of 0 and 1 not supported for PAM250	BLAST query/options error: Gap existence and extension values of 0 and 1 not supported for PAM250
matrix	7	-matrix PAM250 -gapopen 0 -gapextend 1	same-error	BLAST query/options error: Gap existence and extension values of 0 and 1 not supported for PAM250	BLAST query/options error: Gap existence and extension values of 0 and 1 not supported for PAM250
matrix	0	-matrix PAM250 -gapopen 32767 -gapextend 32767	losat-rejects	Error: the matrix PAM250 with gap costs 32767/32767 is not supported by LOSAT's BLASTP	Error: the matrix PAM250 with gap costs 32767/32767 is not supported by LOSAT's BLASTP
matrix	6	-matrix PAM250 -gapopen 32767 -gapextend 32767	losat-rejects	Error: the matrix PAM250 with gap costs 32767/32767 is not supported by LOSAT's BLASTP	Error: the matrix PAM250 with gap costs 32767/32767 is not supported by LOSAT's BLASTP
matrix	7	-matrix PAM250 -gapopen 32767 -gapextend 32767	losat-rejects	Error: the matrix PAM250 with gap costs 32767/32767 is not supported by LOSAT's BLASTP	Error: the matrix PAM250 with gap costs 32767/32767 is not supported by LOSAT's BLASTP
matrix	0	-matrix PAM250 -gapopen 100 -gapextend 10	same-error	BLAST query/options error: Gap existence and extension values of 100 and 10 not supported for PAM250	BLAST query/options error: Gap existence and extension values of 100 and 10 not supported for PAM250
matrix	6	-matrix PAM250 -gapopen 100 -gapextend 10	same-error	BLAST query/options error: Gap existence and extension values of 100 and 10 not supported for PAM250	BLAST query/options error: Gap existence and extension values of 100 and 10 not supported for PAM250
matrix	7	-matrix PAM250 -gapopen 100 -gapextend 10	same-error	BLAST query/options error: Gap existence and extension values of 100 and 10 not supported for PAM250	BLAST query/options error: Gap existence and extension values of 100 and 10 not supported for PAM250
matrix	0	-matrix PAM250 -gapopen -1 -gapextend 1	same-error	BLAST query/options error: Gap existence and extension values of -1 and 1 not supported for PAM250	BLAST query/options error: Gap existence and extension values of -1 and 1 not supported for PAM250
matrix	6	-matrix PAM250 -gapopen -1 -gapextend 1	same-error	BLAST query/options error: Gap existence and extension values of -1 and 1 not supported for PAM250	BLAST query/options error: Gap existence and extension values of -1 and 1 not supported for PAM250
matrix	7	-matrix PAM250 -gapopen -1 -gapextend 1	same-error	BLAST query/options error: Gap existence and extension values of -1 and 1 not supported for PAM250	BLAST query/options error: Gap existence and extension values of -1 and 1 not supported for PAM250
matrix	0	-matrix PAM250 -gapopen 11 -gapextend -1	same-error	BLAST query/options error: Gap existence and extension values of 11 and -1 not supported for PAM250	BLAST query/options error: Gap existence and extension values of 11 and -1 not supported for PAM250
matrix	6	-matrix PAM250 -gapopen 11 -gapextend -1	same-error	BLAST query/options error: Gap existence and extension values of 11 and -1 not supported for PAM250	BLAST query/options error: Gap existence and extension values of 11 and -1 not supported for PAM250
matrix	7	-matrix PAM250 -gapopen 11 -gapextend -1	same-error	BLAST query/options error: Gap existence and extension values of 11 and -1 not supported for PAM250	BLAST query/options error: Gap existence and extension values of 11 and -1 not supported for PAM250
matrix	0	-matrix IDENTITY	losat-rejects	Error: the matrix IDENTITY with gap costs 15/2 is not supported by LOSAT's BLASTP	Error: the matrix IDENTITY with gap costs 15/2 is not supported by LOSAT's BLASTP
matrix	6	-matrix IDENTITY	losat-rejects	Error: the matrix IDENTITY with gap costs 15/2 is not supported by LOSAT's BLASTP	Error: the matrix IDENTITY with gap costs 15/2 is not supported by LOSAT's BLASTP
matrix	7	-matrix IDENTITY	losat-rejects	Error: the matrix IDENTITY with gap costs 15/2 is not supported by LOSAT's BLASTP	Error: the matrix IDENTITY with gap costs 15/2 is not supported by LOSAT's BLASTP
matrix	0	-matrix IDENTITY -gapopen 32767 -gapextend 32767	losat-rejects	Error: the matrix IDENTITY with gap costs 32767/32767 is not supported by LOSAT's BLASTP	Error: the matrix IDENTITY with gap costs 32767/32767 is not supported by LOSAT's BLASTP
matrix	6	-matrix IDENTITY -gapopen 32767 -gapextend 32767	losat-rejects	Error: the matrix IDENTITY with gap costs 32767/32767 is not supported by LOSAT's BLASTP	Error: the matrix IDENTITY with gap costs 32767/32767 is not supported by LOSAT's BLASTP
matrix	7	-matrix IDENTITY -gapopen 32767 -gapextend 32767	losat-rejects	Error: the matrix IDENTITY with gap costs 32767/32767 is not supported by LOSAT's BLASTP	Error: the matrix IDENTITY with gap costs 32767/32767 is not supported by LOSAT's BLASTP
matrix	0	-matrix IDENTITY -gapopen 15 -gapextend 2	losat-rejects	Error: the matrix IDENTITY with gap costs 15/2 is not supported by LOSAT's BLASTP	Error: the matrix IDENTITY with gap costs 15/2 is not supported by LOSAT's BLASTP
matrix	6	-matrix IDENTITY -gapopen 15 -gapextend 2	losat-rejects	Error: the matrix IDENTITY with gap costs 15/2 is not supported by LOSAT's BLASTP	Error: the matrix IDENTITY with gap costs 15/2 is not supported by LOSAT's BLASTP
matrix	7	-matrix IDENTITY -gapopen 15 -gapextend 2	losat-rejects	Error: the matrix IDENTITY with gap costs 15/2 is not supported by LOSAT's BLASTP	Error: the matrix IDENTITY with gap costs 15/2 is not supported by LOSAT's BLASTP
matrix	0	-matrix IDENTITY -gapopen 1 -gapextend 1	same-error	BLAST query/options error: Gap existence and extension values of 1 and 1 not supported for IDENTITY	BLAST query/options error: Gap existence and extension values of 1 and 1 not supported for IDENTITY
matrix	6	-matrix IDENTITY -gapopen 1 -gapextend 1	same-error	BLAST query/options error: Gap existence and extension values of 1 and 1 not supported for IDENTITY	BLAST query/options error: Gap existence and extension values of 1 and 1 not supported for IDENTITY
matrix	7	-matrix IDENTITY -gapopen 1 -gapextend 1	same-error	BLAST query/options error: Gap existence and extension values of 1 and 1 not supported for IDENTITY	BLAST query/options error: Gap existence and extension values of 1 and 1 not supported for IDENTITY
matrix	0	-matrix IDENTITY -gapopen 0 -gapextend 0	same-error	BLAST query/options error: Gap existence and extension values of 0 and 0 not supported for IDENTITY	BLAST query/options error: Gap existence and extension values of 0 and 0 not supported for IDENTITY
matrix	6	-matrix IDENTITY -gapopen 0 -gapextend 0	same-error	BLAST query/options error: Gap existence and extension values of 0 and 0 not supported for IDENTITY	BLAST query/options error: Gap existence and extension values of 0 and 0 not supported for IDENTITY
matrix	7	-matrix IDENTITY -gapopen 0 -gapextend 0	same-error	BLAST query/options error: Gap existence and extension values of 0 and 0 not supported for IDENTITY	BLAST query/options error: Gap existence and extension values of 0 and 0 not supported for IDENTITY
matrix	0	-matrix IDENTITY -gapopen 11 -gapextend 0	same-error	BLAST query/options error: Gap existence and extension values of 11 and 0 not supported for IDENTITY	BLAST query/options error: Gap existence and extension values of 11 and 0 not supported for IDENTITY
matrix	6	-matrix IDENTITY -gapopen 11 -gapextend 0	same-error	BLAST query/options error: Gap existence and extension values of 11 and 0 not supported for IDENTITY	BLAST query/options error: Gap existence and extension values of 11 and 0 not supported for IDENTITY
matrix	7	-matrix IDENTITY -gapopen 11 -gapextend 0	same-error	BLAST query/options error: Gap existence and extension values of 11 and 0 not supported for IDENTITY	BLAST query/options error: Gap existence and extension values of 11 and 0 not supported for IDENTITY
matrix	0	-matrix IDENTITY -gapopen 0 -gapextend 1	same-error	BLAST query/options error: Gap existence and extension values of 0 and 1 not supported for IDENTITY	BLAST query/options error: Gap existence and extension values of 0 and 1 not supported for IDENTITY
matrix	6	-matrix IDENTITY -gapopen 0 -gapextend 1	same-error	BLAST query/options error: Gap existence and extension values of 0 and 1 not supported for IDENTITY	BLAST query/options error: Gap existence and extension values of 0 and 1 not supported for IDENTITY
matrix	7	-matrix IDENTITY -gapopen 0 -gapextend 1	same-error	BLAST query/options error: Gap existence and extension values of 0 and 1 not supported for IDENTITY	BLAST query/options error: Gap existence and extension values of 0 and 1 not supported for IDENTITY
matrix	0	-matrix IDENTITY -gapopen 32767 -gapextend 32767	losat-rejects	Error: the matrix IDENTITY with gap costs 32767/32767 is not supported by LOSAT's BLASTP	Error: the matrix IDENTITY with gap costs 32767/32767 is not supported by LOSAT's BLASTP
matrix	6	-matrix IDENTITY -gapopen 32767 -gapextend 32767	losat-rejects	Error: the matrix IDENTITY with gap costs 32767/32767 is not supported by LOSAT's BLASTP	Error: the matrix IDENTITY with gap costs 32767/32767 is not supported by LOSAT's BLASTP
matrix	7	-matrix IDENTITY -gapopen 32767 -gapextend 32767	losat-rejects	Error: the matrix IDENTITY with gap costs 32767/32767 is not supported by LOSAT's BLASTP	Error: the matrix IDENTITY with gap costs 32767/32767 is not supported by LOSAT's BLASTP
matrix	0	-matrix IDENTITY -gapopen 100 -gapextend 10	same-error	BLAST query/options error: Gap existence and extension values of 100 and 10 not supported for IDENTITY	BLAST query/options error: Gap existence and extension values of 100 and 10 not supported for IDENTITY
matrix	6	-matrix IDENTITY -gapopen 100 -gapextend 10	same-error	BLAST query/options error: Gap existence and extension values of 100 and 10 not supported for IDENTITY	BLAST query/options error: Gap existence and extension values of 100 and 10 not supported for IDENTITY
matrix	7	-matrix IDENTITY -gapopen 100 -gapextend 10	same-error	BLAST query/options error: Gap existence and extension values of 100 and 10 not supported for IDENTITY	BLAST query/options error: Gap existence and extension values of 100 and 10 not supported for IDENTITY
matrix	0	-matrix IDENTITY -gapopen -1 -gapextend 1	same-error	BLAST query/options error: Gap existence and extension values of -1 and 1 not supported for IDENTITY	BLAST query/options error: Gap existence and extension values of -1 and 1 not supported for IDENTITY
matrix	6	-matrix IDENTITY -gapopen -1 -gapextend 1	same-error	BLAST query/options error: Gap existence and extension values of -1 and 1 not supported for IDENTITY	BLAST query/options error: Gap existence and extension values of -1 and 1 not supported for IDENTITY
matrix	7	-matrix IDENTITY -gapopen -1 -gapextend 1	same-error	BLAST query/options error: Gap existence and extension values of -1 and 1 not supported for IDENTITY	BLAST query/options error: Gap existence and extension values of -1 and 1 not supported for IDENTITY
matrix	0	-matrix IDENTITY -gapopen 11 -gapextend -1	same-error	BLAST query/options error: Gap existence and extension values of 11 and -1 not supported for IDENTITY	BLAST query/options error: Gap existence and extension values of 11 and -1 not supported for IDENTITY
matrix	6	-matrix IDENTITY -gapopen 11 -gapextend -1	same-error	BLAST query/options error: Gap existence and extension values of 11 and -1 not supported for IDENTITY	BLAST query/options error: Gap existence and extension values of 11 and -1 not supported for IDENTITY
matrix	7	-matrix IDENTITY -gapopen 11 -gapextend -1	same-error	BLAST query/options error: Gap existence and extension values of 11 and -1 not supported for IDENTITY	BLAST query/options error: Gap existence and extension values of 11 and -1 not supported for IDENTITY
matrix	0	-matrix blosum62	same		
matrix	6	-matrix blosum62	same		
matrix	7	-matrix blosum62	same		
matrix	0	-matrix Blosum45	losat-rejects	Error: the matrix Blosum45 with gap costs 14/2 is not supported by LOSAT's BLASTP	Error: the matrix Blosum45 with gap costs 14/2 is not supported by LOSAT's BLASTP
matrix	6	-matrix Blosum45	losat-rejects	Error: the matrix Blosum45 with gap costs 14/2 is not supported by LOSAT's BLASTP	Error: the matrix Blosum45 with gap costs 14/2 is not supported by LOSAT's BLASTP
matrix	7	-matrix Blosum45	losat-rejects	Error: the matrix Blosum45 with gap costs 14/2 is not supported by LOSAT's BLASTP	Error: the matrix Blosum45 with gap costs 14/2 is not supported by LOSAT's BLASTP
matrix	0	-matrix pam30	losat-rejects	Error: the matrix pam30 with gap costs 9/1 is not supported by LOSAT's BLASTP	Error: the matrix pam30 with gap costs 9/1 is not supported by LOSAT's BLASTP
matrix	6	-matrix pam30	losat-rejects	Error: the matrix pam30 with gap costs 9/1 is not supported by LOSAT's BLASTP	Error: the matrix pam30 with gap costs 9/1 is not supported by LOSAT's BLASTP
matrix	7	-matrix pam30	losat-rejects	Error: the matrix pam30 with gap costs 9/1 is not supported by LOSAT's BLASTP	Error: the matrix pam30 with gap costs 9/1 is not supported by LOSAT's BLASTP
matrix	0	-matrix BLOSUM62_20	same-error	BLAST query/options error: BLOSUM62_20 is not a supported matrix, supported matrices are:	BLAST query/options error: BLOSUM62_20 is not a supported matrix, supported matrices are:
matrix	6	-matrix BLOSUM62_20	same-error	BLAST query/options error: BLOSUM62_20 is not a supported matrix, supported matrices are:	BLAST query/options error: BLOSUM62_20 is not a supported matrix, supported matrices are:
matrix	7	-matrix BLOSUM62_20	same-error	BLAST query/options error: BLOSUM62_20 is not a supported matrix, supported matrices are:	BLAST query/options error: BLOSUM62_20 is not a supported matrix, supported matrices are:
matrix	0	-matrix FOO	same-error	BLAST query/options error: FOO is not a supported matrix, supported matrices are:	BLAST query/options error: FOO is not a supported matrix, supported matrices are:
matrix	6	-matrix FOO	same-error	BLAST query/options error: FOO is not a supported matrix, supported matrices are:	BLAST query/options error: FOO is not a supported matrix, supported matrices are:
matrix	7	-matrix FOO	same-error	BLAST query/options error: FOO is not a supported matrix, supported matrices are:	BLAST query/options error: FOO is not a supported matrix, supported matrices are:
matrix	0	-matrix ''	same-error	BLAST query/options error:  is not a supported matrix, supported matrices are:	BLAST query/options error:  is not a supported matrix, supported matrices are:
matrix	6	-matrix ''	same-error	BLAST query/options error:  is not a supported matrix, supported matrices are:	BLAST query/options error:  is not a supported matrix, supported matrices are:
matrix	7	-matrix ''	same-error	BLAST query/options error:  is not a supported matrix, supported matrices are:	BLAST query/options error:  is not a supported matrix, supported matrices are:
matrix	0	-gapopen 10	losat-rejects	Error: the matrix BLOSUM62 with gap costs 10/1 is not supported by LOSAT's BLASTP	Error: the matrix BLOSUM62 with gap costs 10/1 is not supported by LOSAT's BLASTP
matrix	6	-gapopen 10	losat-rejects	Error: the matrix BLOSUM62 with gap costs 10/1 is not supported by LOSAT's BLASTP	Error: the matrix BLOSUM62 with gap costs 10/1 is not supported by LOSAT's BLASTP
matrix	7	-gapopen 10	losat-rejects	Error: the matrix BLOSUM62 with gap costs 10/1 is not supported by LOSAT's BLASTP	Error: the matrix BLOSUM62 with gap costs 10/1 is not supported by LOSAT's BLASTP
matrix	0	-gapextend 2	losat-rejects	Error: the matrix BLOSUM62 with gap costs 11/2 is not supported by LOSAT's BLASTP	Error: the matrix BLOSUM62 with gap costs 11/2 is not supported by LOSAT's BLASTP
matrix	6	-gapextend 2	losat-rejects	Error: the matrix BLOSUM62 with gap costs 11/2 is not supported by LOSAT's BLASTP	Error: the matrix BLOSUM62 with gap costs 11/2 is not supported by LOSAT's BLASTP
matrix	7	-gapextend 2	losat-rejects	Error: the matrix BLOSUM62 with gap costs 11/2 is not supported by LOSAT's BLASTP	Error: the matrix BLOSUM62 with gap costs 11/2 is not supported by LOSAT's BLASTP
matrix	0	-gapopen 0x9 -gapextend 0x2	losat-rejects	Error: the matrix BLOSUM62 with gap costs 9/2 is not supported by LOSAT's BLASTP	Error: the matrix BLOSUM62 with gap costs 9/2 is not supported by LOSAT's BLASTP
matrix	6	-gapopen 0x9 -gapextend 0x2	losat-rejects	Error: the matrix BLOSUM62 with gap costs 9/2 is not supported by LOSAT's BLASTP	Error: the matrix BLOSUM62 with gap costs 9/2 is not supported by LOSAT's BLASTP
matrix	7	-gapopen 0x9 -gapextend 0x2	losat-rejects	Error: the matrix BLOSUM62 with gap costs 9/2 is not supported by LOSAT's BLASTP	Error: the matrix BLOSUM62 with gap costs 9/2 is not supported by LOSAT's BLASTP
matrix	0	-gapopen 010 -gapextend 1	losat-rejects	Error: the matrix BLOSUM62 with gap costs 10/1 is not supported by LOSAT's BLASTP	Error: the matrix BLOSUM62 with gap costs 10/1 is not supported by LOSAT's BLASTP
matrix	6	-gapopen 010 -gapextend 1	losat-rejects	Error: the matrix BLOSUM62 with gap costs 10/1 is not supported by LOSAT's BLASTP	Error: the matrix BLOSUM62 with gap costs 10/1 is not supported by LOSAT's BLASTP
matrix	7	-gapopen 010 -gapextend 1	losat-rejects	Error: the matrix BLOSUM62 with gap costs 10/1 is not supported by LOSAT's BLASTP	Error: the matrix BLOSUM62 with gap costs 10/1 is not supported by LOSAT's BLASTP
matrix	0	-gapopen +11 -gapextend +1	same		
matrix	6	-gapopen +11 -gapextend +1	same		
matrix	7	-gapopen +11 -gapextend +1	same		
cbs	0	-comp_based_stats 0	losat-rejects	Error: -comp_based_stats 0 is not supported by LOSAT's BLASTP	Error: -comp_based_stats 0 is not supported by LOSAT's BLASTP
cbs	6	-comp_based_stats 0	losat-rejects	Error: -comp_based_stats 0 is not supported by LOSAT's BLASTP	Error: -comp_based_stats 0 is not supported by LOSAT's BLASTP
cbs	7	-comp_based_stats 0	losat-rejects	Error: -comp_based_stats 0 is not supported by LOSAT's BLASTP	Error: -comp_based_stats 0 is not supported by LOSAT's BLASTP
cbs	0	-comp_based_stats 1	losat-rejects	Error: -comp_based_stats 1 is not supported by LOSAT's BLASTP	Error: -comp_based_stats 1 is not supported by LOSAT's BLASTP
cbs	6	-comp_based_stats 1	losat-rejects	Error: -comp_based_stats 1 is not supported by LOSAT's BLASTP	Error: -comp_based_stats 1 is not supported by LOSAT's BLASTP
cbs	7	-comp_based_stats 1	losat-rejects	Error: -comp_based_stats 1 is not supported by LOSAT's BLASTP	Error: -comp_based_stats 1 is not supported by LOSAT's BLASTP
cbs	0	-comp_based_stats 2	same		
cbs	6	-comp_based_stats 2	same		
cbs	7	-comp_based_stats 2	same		
cbs	0	-comp_based_stats 3	losat-rejects	Error: -comp_based_stats 3 is not supported by LOSAT's BLASTP	Error: -comp_based_stats 3 is not supported by LOSAT's BLASTP
cbs	6	-comp_based_stats 3	losat-rejects	Error: -comp_based_stats 3 is not supported by LOSAT's BLASTP	Error: -comp_based_stats 3 is not supported by LOSAT's BLASTP
cbs	7	-comp_based_stats 3	losat-rejects	Error: -comp_based_stats 3 is not supported by LOSAT's BLASTP	Error: -comp_based_stats 3 is not supported by LOSAT's BLASTP
cbs	0	-comp_based_stats 4	losat-rejects	Error: -comp_based_stats 0 is not supported by LOSAT's BLASTP	Error: -comp_based_stats 0 is not supported by LOSAT's BLASTP
cbs	6	-comp_based_stats 4	losat-rejects	Error: -comp_based_stats 0 is not supported by LOSAT's BLASTP	Error: -comp_based_stats 0 is not supported by LOSAT's BLASTP
cbs	7	-comp_based_stats 4	losat-rejects	Error: -comp_based_stats 0 is not supported by LOSAT's BLASTP	Error: -comp_based_stats 0 is not supported by LOSAT's BLASTP
cbs	0	-comp_based_stats D	same		
cbs	6	-comp_based_stats D	same		
cbs	7	-comp_based_stats D	same		
cbs	0	-comp_based_stats d	same		
cbs	6	-comp_based_stats d	same		
cbs	7	-comp_based_stats d	same		
cbs	0	-comp_based_stats F	losat-rejects	Error: -comp_based_stats 0 is not supported by LOSAT's BLASTP	Error: -comp_based_stats 0 is not supported by LOSAT's BLASTP
cbs	6	-comp_based_stats F	losat-rejects	Error: -comp_based_stats 0 is not supported by LOSAT's BLASTP	Error: -comp_based_stats 0 is not supported by LOSAT's BLASTP
cbs	7	-comp_based_stats F	losat-rejects	Error: -comp_based_stats 0 is not supported by LOSAT's BLASTP	Error: -comp_based_stats 0 is not supported by LOSAT's BLASTP
cbs	0	-comp_based_stats f	losat-rejects	Error: -comp_based_stats 0 is not supported by LOSAT's BLASTP	Error: -comp_based_stats 0 is not supported by LOSAT's BLASTP
cbs	6	-comp_based_stats f	losat-rejects	Error: -comp_based_stats 0 is not supported by LOSAT's BLASTP	Error: -comp_based_stats 0 is not supported by LOSAT's BLASTP
cbs	7	-comp_based_stats f	losat-rejects	Error: -comp_based_stats 0 is not supported by LOSAT's BLASTP	Error: -comp_based_stats 0 is not supported by LOSAT's BLASTP
cbs	0	-comp_based_stats T	same		
cbs	6	-comp_based_stats T	same		
cbs	7	-comp_based_stats T	same		
cbs	0	-comp_based_stats t	same		
cbs	6	-comp_based_stats t	same		
cbs	7	-comp_based_stats t	same		
cbs	0	-comp_based_stats 2x	same		
cbs	6	-comp_based_stats 2x	same		
cbs	7	-comp_based_stats 2x	same		
cbs	0	-comp_based_stats ''	losat-rejects	Error: -comp_based_stats 0 is not supported by LOSAT's BLASTP	Error: -comp_based_stats 0 is not supported by LOSAT's BLASTP
cbs	6	-comp_based_stats ''	losat-rejects	Error: -comp_based_stats 0 is not supported by LOSAT's BLASTP	Error: -comp_based_stats 0 is not supported by LOSAT's BLASTP
cbs	7	-comp_based_stats ''	losat-rejects	Error: -comp_based_stats 0 is not supported by LOSAT's BLASTP	Error: -comp_based_stats 0 is not supported by LOSAT's BLASTP
cbs	0	-comp_based_stats yes	losat-rejects	Error: -comp_based_stats 0 is not supported by LOSAT's BLASTP	Error: -comp_based_stats 0 is not supported by LOSAT's BLASTP
cbs	6	-comp_based_stats yes	losat-rejects	Error: -comp_based_stats 0 is not supported by LOSAT's BLASTP	Error: -comp_based_stats 0 is not supported by LOSAT's BLASTP
cbs	7	-comp_based_stats yes	losat-rejects	Error: -comp_based_stats 0 is not supported by LOSAT's BLASTP	Error: -comp_based_stats 0 is not supported by LOSAT's BLASTP
cbs	0	-comp_based_stats 0x1	losat-rejects	Error: -comp_based_stats 0 is not supported by LOSAT's BLASTP	Error: -comp_based_stats 0 is not supported by LOSAT's BLASTP
cbs	6	-comp_based_stats 0x1	losat-rejects	Error: -comp_based_stats 0 is not supported by LOSAT's BLASTP	Error: -comp_based_stats 0 is not supported by LOSAT's BLASTP
cbs	7	-comp_based_stats 0x1	losat-rejects	Error: -comp_based_stats 0 is not supported by LOSAT's BLASTP	Error: -comp_based_stats 0 is not supported by LOSAT's BLASTP
cbs	0	-comp_based_stats -1	losat-rejects	Error: -comp_based_stats 0 is not supported by LOSAT's BLASTP	Error: -comp_based_stats 0 is not supported by LOSAT's BLASTP
cbs	6	-comp_based_stats -1	losat-rejects	Error: -comp_based_stats 0 is not supported by LOSAT's BLASTP	Error: -comp_based_stats 0 is not supported by LOSAT's BLASTP
cbs	7	-comp_based_stats -1	losat-rejects	Error: -comp_based_stats 0 is not supported by LOSAT's BLASTP	Error: -comp_based_stats 0 is not supported by LOSAT's BLASTP
cbs	0	-comp_based_stats 0 -ungapped	losat-rejects	Error: -ungapped (an ungapped search) is not supported by LOSAT's BLASTP	Error: -ungapped (an ungapped search) is not supported by LOSAT's BLASTP
cbs	6	-comp_based_stats 0 -ungapped	losat-rejects	Error: -ungapped (an ungapped search) is not supported by LOSAT's BLASTP	Error: -ungapped (an ungapped search) is not supported by LOSAT's BLASTP
cbs	7	-comp_based_stats 0 -ungapped	losat-rejects	Error: -ungapped (an ungapped search) is not supported by LOSAT's BLASTP	Error: -ungapped (an ungapped search) is not supported by LOSAT's BLASTP
cbs	0	-comp_based_stats F -ungapped	losat-rejects	Error: -ungapped (an ungapped search) is not supported by LOSAT's BLASTP	Error: -ungapped (an ungapped search) is not supported by LOSAT's BLASTP
cbs	6	-comp_based_stats F -ungapped	losat-rejects	Error: -ungapped (an ungapped search) is not supported by LOSAT's BLASTP	Error: -ungapped (an ungapped search) is not supported by LOSAT's BLASTP
cbs	7	-comp_based_stats F -ungapped	losat-rejects	Error: -ungapped (an ungapped search) is not supported by LOSAT's BLASTP	Error: -ungapped (an ungapped search) is not supported by LOSAT's BLASTP
cbs	0	-comp_based_stats 1 -ungapped	same-error	BLAST query/options error: Composition-adjusted searched are not supported with an ungapped search, please add -comp_based_stats F or do a gapped search	BLAST query/options error: Composition-adjusted searched are not supported with an ungapped search, please add -comp_based_stats F or do a gapped search
cbs	6	-comp_based_stats 1 -ungapped	same-error	BLAST query/options error: Composition-adjusted searched are not supported with an ungapped search, please add -comp_based_stats F or do a gapped search	BLAST query/options error: Composition-adjusted searched are not supported with an ungapped search, please add -comp_based_stats F or do a gapped search
cbs	7	-comp_based_stats 1 -ungapped	same-error	BLAST query/options error: Composition-adjusted searched are not supported with an ungapped search, please add -comp_based_stats F or do a gapped search	BLAST query/options error: Composition-adjusted searched are not supported with an ungapped search, please add -comp_based_stats F or do a gapped search
cbs	0	-comp_based_stats 2 -ungapped	same-error	BLAST query/options error: Composition-adjusted searched are not supported with an ungapped search, please add -comp_based_stats F or do a gapped search	BLAST query/options error: Composition-adjusted searched are not supported with an ungapped search, please add -comp_based_stats F or do a gapped search
cbs	6	-comp_based_stats 2 -ungapped	same-error	BLAST query/options error: Composition-adjusted searched are not supported with an ungapped search, please add -comp_based_stats F or do a gapped search	BLAST query/options error: Composition-adjusted searched are not supported with an ungapped search, please add -comp_based_stats F or do a gapped search
cbs	7	-comp_based_stats 2 -ungapped	same-error	BLAST query/options error: Composition-adjusted searched are not supported with an ungapped search, please add -comp_based_stats F or do a gapped search	BLAST query/options error: Composition-adjusted searched are not supported with an ungapped search, please add -comp_based_stats F or do a gapped search
cbs	0	-comp_based_stats 3 -ungapped	same-error	BLAST query/options error: Composition-adjusted searched are not supported with an ungapped search, please add -comp_based_stats F or do a gapped search	BLAST query/options error: Composition-adjusted searched are not supported with an ungapped search, please add -comp_based_stats F or do a gapped search
cbs	6	-comp_based_stats 3 -ungapped	same-error	BLAST query/options error: Composition-adjusted searched are not supported with an ungapped search, please add -comp_based_stats F or do a gapped search	BLAST query/options error: Composition-adjusted searched are not supported with an ungapped search, please add -comp_based_stats F or do a gapped search
cbs	7	-comp_based_stats 3 -ungapped	same-error	BLAST query/options error: Composition-adjusted searched are not supported with an ungapped search, please add -comp_based_stats F or do a gapped search	BLAST query/options error: Composition-adjusted searched are not supported with an ungapped search, please add -comp_based_stats F or do a gapped search
cbs	0	-ungapped	same-error	BLAST query/options error: Composition-adjusted searched are not supported with an ungapped search, please add -comp_based_stats F or do a gapped search	BLAST query/options error: Composition-adjusted searched are not supported with an ungapped search, please add -comp_based_stats F or do a gapped search
cbs	6	-ungapped	same-error	BLAST query/options error: Composition-adjusted searched are not supported with an ungapped search, please add -comp_based_stats F or do a gapped search	BLAST query/options error: Composition-adjusted searched are not supported with an ungapped search, please add -comp_based_stats F or do a gapped search
cbs	7	-ungapped	same-error	BLAST query/options error: Composition-adjusted searched are not supported with an ungapped search, please add -comp_based_stats F or do a gapped search	BLAST query/options error: Composition-adjusted searched are not supported with an ungapped search, please add -comp_based_stats F or do a gapped search
cbs	0	-matrix BLOSUM45 -comp_based_stats 0	losat-rejects	Error: the matrix BLOSUM45 with gap costs 14/2 is not supported by LOSAT's BLASTP	Error: the matrix BLOSUM45 with gap costs 14/2 is not supported by LOSAT's BLASTP
cbs	6	-matrix BLOSUM45 -comp_based_stats 0	losat-rejects	Error: the matrix BLOSUM45 with gap costs 14/2 is not supported by LOSAT's BLASTP	Error: the matrix BLOSUM45 with gap costs 14/2 is not supported by LOSAT's BLASTP
cbs	7	-matrix BLOSUM45 -comp_based_stats 0	losat-rejects	Error: the matrix BLOSUM45 with gap costs 14/2 is not supported by LOSAT's BLASTP	Error: the matrix BLOSUM45 with gap costs 14/2 is not supported by LOSAT's BLASTP
cbs	0	-matrix BLOSUM45 -comp_based_stats 1	losat-rejects	Error: the matrix BLOSUM45 with gap costs 14/2 is not supported by LOSAT's BLASTP	Error: the matrix BLOSUM45 with gap costs 14/2 is not supported by LOSAT's BLASTP
cbs	6	-matrix BLOSUM45 -comp_based_stats 1	losat-rejects	Error: the matrix BLOSUM45 with gap costs 14/2 is not supported by LOSAT's BLASTP	Error: the matrix BLOSUM45 with gap costs 14/2 is not supported by LOSAT's BLASTP
cbs	7	-matrix BLOSUM45 -comp_based_stats 1	losat-rejects	Error: the matrix BLOSUM45 with gap costs 14/2 is not supported by LOSAT's BLASTP	Error: the matrix BLOSUM45 with gap costs 14/2 is not supported by LOSAT's BLASTP
cbs	0	-matrix BLOSUM45 -comp_based_stats 3	losat-rejects	Error: the matrix BLOSUM45 with gap costs 14/2 is not supported by LOSAT's BLASTP	Error: the matrix BLOSUM45 with gap costs 14/2 is not supported by LOSAT's BLASTP
cbs	6	-matrix BLOSUM45 -comp_based_stats 3	losat-rejects	Error: the matrix BLOSUM45 with gap costs 14/2 is not supported by LOSAT's BLASTP	Error: the matrix BLOSUM45 with gap costs 14/2 is not supported by LOSAT's BLASTP
cbs	7	-matrix BLOSUM45 -comp_based_stats 3	losat-rejects	Error: the matrix BLOSUM45 with gap costs 14/2 is not supported by LOSAT's BLASTP	Error: the matrix BLOSUM45 with gap costs 14/2 is not supported by LOSAT's BLASTP
cbs	0	-matrix BLOSUM50 -comp_based_stats 0	losat-rejects	Error: the matrix BLOSUM50 with gap costs 13/2 is not supported by LOSAT's BLASTP	Error: the matrix BLOSUM50 with gap costs 13/2 is not supported by LOSAT's BLASTP
cbs	6	-matrix BLOSUM50 -comp_based_stats 0	losat-rejects	Error: the matrix BLOSUM50 with gap costs 13/2 is not supported by LOSAT's BLASTP	Error: the matrix BLOSUM50 with gap costs 13/2 is not supported by LOSAT's BLASTP
cbs	7	-matrix BLOSUM50 -comp_based_stats 0	losat-rejects	Error: the matrix BLOSUM50 with gap costs 13/2 is not supported by LOSAT's BLASTP	Error: the matrix BLOSUM50 with gap costs 13/2 is not supported by LOSAT's BLASTP
cbs	0	-matrix BLOSUM50 -comp_based_stats 1	losat-rejects	Error: the matrix BLOSUM50 with gap costs 13/2 is not supported by LOSAT's BLASTP	Error: the matrix BLOSUM50 with gap costs 13/2 is not supported by LOSAT's BLASTP
cbs	6	-matrix BLOSUM50 -comp_based_stats 1	losat-rejects	Error: the matrix BLOSUM50 with gap costs 13/2 is not supported by LOSAT's BLASTP	Error: the matrix BLOSUM50 with gap costs 13/2 is not supported by LOSAT's BLASTP
cbs	7	-matrix BLOSUM50 -comp_based_stats 1	losat-rejects	Error: the matrix BLOSUM50 with gap costs 13/2 is not supported by LOSAT's BLASTP	Error: the matrix BLOSUM50 with gap costs 13/2 is not supported by LOSAT's BLASTP
cbs	0	-matrix BLOSUM50 -comp_based_stats 3	losat-rejects	Error: the matrix BLOSUM50 with gap costs 13/2 is not supported by LOSAT's BLASTP	Error: the matrix BLOSUM50 with gap costs 13/2 is not supported by LOSAT's BLASTP
cbs	6	-matrix BLOSUM50 -comp_based_stats 3	losat-rejects	Error: the matrix BLOSUM50 with gap costs 13/2 is not supported by LOSAT's BLASTP	Error: the matrix BLOSUM50 with gap costs 13/2 is not supported by LOSAT's BLASTP
cbs	7	-matrix BLOSUM50 -comp_based_stats 3	losat-rejects	Error: the matrix BLOSUM50 with gap costs 13/2 is not supported by LOSAT's BLASTP	Error: the matrix BLOSUM50 with gap costs 13/2 is not supported by LOSAT's BLASTP
cbs	0	-matrix BLOSUM62 -comp_based_stats 0	losat-rejects	Error: -comp_based_stats 0 is not supported by LOSAT's BLASTP	Error: -comp_based_stats 0 is not supported by LOSAT's BLASTP
cbs	6	-matrix BLOSUM62 -comp_based_stats 0	losat-rejects	Error: -comp_based_stats 0 is not supported by LOSAT's BLASTP	Error: -comp_based_stats 0 is not supported by LOSAT's BLASTP
cbs	7	-matrix BLOSUM62 -comp_based_stats 0	losat-rejects	Error: -comp_based_stats 0 is not supported by LOSAT's BLASTP	Error: -comp_based_stats 0 is not supported by LOSAT's BLASTP
cbs	0	-matrix BLOSUM62 -comp_based_stats 1	losat-rejects	Error: -comp_based_stats 1 is not supported by LOSAT's BLASTP	Error: -comp_based_stats 1 is not supported by LOSAT's BLASTP
cbs	6	-matrix BLOSUM62 -comp_based_stats 1	losat-rejects	Error: -comp_based_stats 1 is not supported by LOSAT's BLASTP	Error: -comp_based_stats 1 is not supported by LOSAT's BLASTP
cbs	7	-matrix BLOSUM62 -comp_based_stats 1	losat-rejects	Error: -comp_based_stats 1 is not supported by LOSAT's BLASTP	Error: -comp_based_stats 1 is not supported by LOSAT's BLASTP
cbs	0	-matrix BLOSUM62 -comp_based_stats 3	losat-rejects	Error: -comp_based_stats 3 is not supported by LOSAT's BLASTP	Error: -comp_based_stats 3 is not supported by LOSAT's BLASTP
cbs	6	-matrix BLOSUM62 -comp_based_stats 3	losat-rejects	Error: -comp_based_stats 3 is not supported by LOSAT's BLASTP	Error: -comp_based_stats 3 is not supported by LOSAT's BLASTP
cbs	7	-matrix BLOSUM62 -comp_based_stats 3	losat-rejects	Error: -comp_based_stats 3 is not supported by LOSAT's BLASTP	Error: -comp_based_stats 3 is not supported by LOSAT's BLASTP
cbs	0	-matrix BLOSUM80 -comp_based_stats 0	losat-rejects	Error: the matrix BLOSUM80 with gap costs 10/1 is not supported by LOSAT's BLASTP	Error: the matrix BLOSUM80 with gap costs 10/1 is not supported by LOSAT's BLASTP
cbs	6	-matrix BLOSUM80 -comp_based_stats 0	losat-rejects	Error: the matrix BLOSUM80 with gap costs 10/1 is not supported by LOSAT's BLASTP	Error: the matrix BLOSUM80 with gap costs 10/1 is not supported by LOSAT's BLASTP
cbs	7	-matrix BLOSUM80 -comp_based_stats 0	losat-rejects	Error: the matrix BLOSUM80 with gap costs 10/1 is not supported by LOSAT's BLASTP	Error: the matrix BLOSUM80 with gap costs 10/1 is not supported by LOSAT's BLASTP
cbs	0	-matrix BLOSUM80 -comp_based_stats 1	losat-rejects	Error: the matrix BLOSUM80 with gap costs 10/1 is not supported by LOSAT's BLASTP	Error: the matrix BLOSUM80 with gap costs 10/1 is not supported by LOSAT's BLASTP
cbs	6	-matrix BLOSUM80 -comp_based_stats 1	losat-rejects	Error: the matrix BLOSUM80 with gap costs 10/1 is not supported by LOSAT's BLASTP	Error: the matrix BLOSUM80 with gap costs 10/1 is not supported by LOSAT's BLASTP
cbs	7	-matrix BLOSUM80 -comp_based_stats 1	losat-rejects	Error: the matrix BLOSUM80 with gap costs 10/1 is not supported by LOSAT's BLASTP	Error: the matrix BLOSUM80 with gap costs 10/1 is not supported by LOSAT's BLASTP
cbs	0	-matrix BLOSUM80 -comp_based_stats 3	losat-rejects	Error: the matrix BLOSUM80 with gap costs 10/1 is not supported by LOSAT's BLASTP	Error: the matrix BLOSUM80 with gap costs 10/1 is not supported by LOSAT's BLASTP
cbs	6	-matrix BLOSUM80 -comp_based_stats 3	losat-rejects	Error: the matrix BLOSUM80 with gap costs 10/1 is not supported by LOSAT's BLASTP	Error: the matrix BLOSUM80 with gap costs 10/1 is not supported by LOSAT's BLASTP
cbs	7	-matrix BLOSUM80 -comp_based_stats 3	losat-rejects	Error: the matrix BLOSUM80 with gap costs 10/1 is not supported by LOSAT's BLASTP	Error: the matrix BLOSUM80 with gap costs 10/1 is not supported by LOSAT's BLASTP
cbs	0	-matrix BLOSUM90 -comp_based_stats 0	losat-rejects	Error: the matrix BLOSUM90 with gap costs 10/1 is not supported by LOSAT's BLASTP	Error: the matrix BLOSUM90 with gap costs 10/1 is not supported by LOSAT's BLASTP
cbs	6	-matrix BLOSUM90 -comp_based_stats 0	losat-rejects	Error: the matrix BLOSUM90 with gap costs 10/1 is not supported by LOSAT's BLASTP	Error: the matrix BLOSUM90 with gap costs 10/1 is not supported by LOSAT's BLASTP
cbs	7	-matrix BLOSUM90 -comp_based_stats 0	losat-rejects	Error: the matrix BLOSUM90 with gap costs 10/1 is not supported by LOSAT's BLASTP	Error: the matrix BLOSUM90 with gap costs 10/1 is not supported by LOSAT's BLASTP
cbs	0	-matrix BLOSUM90 -comp_based_stats 1	losat-rejects	Error: the matrix BLOSUM90 with gap costs 10/1 is not supported by LOSAT's BLASTP	Error: the matrix BLOSUM90 with gap costs 10/1 is not supported by LOSAT's BLASTP
cbs	6	-matrix BLOSUM90 -comp_based_stats 1	losat-rejects	Error: the matrix BLOSUM90 with gap costs 10/1 is not supported by LOSAT's BLASTP	Error: the matrix BLOSUM90 with gap costs 10/1 is not supported by LOSAT's BLASTP
cbs	7	-matrix BLOSUM90 -comp_based_stats 1	losat-rejects	Error: the matrix BLOSUM90 with gap costs 10/1 is not supported by LOSAT's BLASTP	Error: the matrix BLOSUM90 with gap costs 10/1 is not supported by LOSAT's BLASTP
cbs	0	-matrix BLOSUM90 -comp_based_stats 3	losat-rejects	Error: the matrix BLOSUM90 with gap costs 10/1 is not supported by LOSAT's BLASTP	Error: the matrix BLOSUM90 with gap costs 10/1 is not supported by LOSAT's BLASTP
cbs	6	-matrix BLOSUM90 -comp_based_stats 3	losat-rejects	Error: the matrix BLOSUM90 with gap costs 10/1 is not supported by LOSAT's BLASTP	Error: the matrix BLOSUM90 with gap costs 10/1 is not supported by LOSAT's BLASTP
cbs	7	-matrix BLOSUM90 -comp_based_stats 3	losat-rejects	Error: the matrix BLOSUM90 with gap costs 10/1 is not supported by LOSAT's BLASTP	Error: the matrix BLOSUM90 with gap costs 10/1 is not supported by LOSAT's BLASTP
cbs	0	-matrix PAM30 -comp_based_stats 0	losat-rejects	Error: the matrix PAM30 with gap costs 9/1 is not supported by LOSAT's BLASTP	Error: the matrix PAM30 with gap costs 9/1 is not supported by LOSAT's BLASTP
cbs	6	-matrix PAM30 -comp_based_stats 0	losat-rejects	Error: the matrix PAM30 with gap costs 9/1 is not supported by LOSAT's BLASTP	Error: the matrix PAM30 with gap costs 9/1 is not supported by LOSAT's BLASTP
cbs	7	-matrix PAM30 -comp_based_stats 0	losat-rejects	Error: the matrix PAM30 with gap costs 9/1 is not supported by LOSAT's BLASTP	Error: the matrix PAM30 with gap costs 9/1 is not supported by LOSAT's BLASTP
cbs	0	-matrix PAM30 -comp_based_stats 1	losat-rejects	Error: the matrix PAM30 with gap costs 9/1 is not supported by LOSAT's BLASTP	Error: the matrix PAM30 with gap costs 9/1 is not supported by LOSAT's BLASTP
cbs	6	-matrix PAM30 -comp_based_stats 1	losat-rejects	Error: the matrix PAM30 with gap costs 9/1 is not supported by LOSAT's BLASTP	Error: the matrix PAM30 with gap costs 9/1 is not supported by LOSAT's BLASTP
cbs	7	-matrix PAM30 -comp_based_stats 1	losat-rejects	Error: the matrix PAM30 with gap costs 9/1 is not supported by LOSAT's BLASTP	Error: the matrix PAM30 with gap costs 9/1 is not supported by LOSAT's BLASTP
cbs	0	-matrix PAM30 -comp_based_stats 3	losat-rejects	Error: the matrix PAM30 with gap costs 9/1 is not supported by LOSAT's BLASTP	Error: the matrix PAM30 with gap costs 9/1 is not supported by LOSAT's BLASTP
cbs	6	-matrix PAM30 -comp_based_stats 3	losat-rejects	Error: the matrix PAM30 with gap costs 9/1 is not supported by LOSAT's BLASTP	Error: the matrix PAM30 with gap costs 9/1 is not supported by LOSAT's BLASTP
cbs	7	-matrix PAM30 -comp_based_stats 3	losat-rejects	Error: the matrix PAM30 with gap costs 9/1 is not supported by LOSAT's BLASTP	Error: the matrix PAM30 with gap costs 9/1 is not supported by LOSAT's BLASTP
cbs	0	-matrix PAM70 -comp_based_stats 0	losat-rejects	Error: the matrix PAM70 with gap costs 10/1 is not supported by LOSAT's BLASTP	Error: the matrix PAM70 with gap costs 10/1 is not supported by LOSAT's BLASTP
cbs	6	-matrix PAM70 -comp_based_stats 0	losat-rejects	Error: the matrix PAM70 with gap costs 10/1 is not supported by LOSAT's BLASTP	Error: the matrix PAM70 with gap costs 10/1 is not supported by LOSAT's BLASTP
cbs	7	-matrix PAM70 -comp_based_stats 0	losat-rejects	Error: the matrix PAM70 with gap costs 10/1 is not supported by LOSAT's BLASTP	Error: the matrix PAM70 with gap costs 10/1 is not supported by LOSAT's BLASTP
cbs	0	-matrix PAM70 -comp_based_stats 1	losat-rejects	Error: the matrix PAM70 with gap costs 10/1 is not supported by LOSAT's BLASTP	Error: the matrix PAM70 with gap costs 10/1 is not supported by LOSAT's BLASTP
cbs	6	-matrix PAM70 -comp_based_stats 1	losat-rejects	Error: the matrix PAM70 with gap costs 10/1 is not supported by LOSAT's BLASTP	Error: the matrix PAM70 with gap costs 10/1 is not supported by LOSAT's BLASTP
cbs	7	-matrix PAM70 -comp_based_stats 1	losat-rejects	Error: the matrix PAM70 with gap costs 10/1 is not supported by LOSAT's BLASTP	Error: the matrix PAM70 with gap costs 10/1 is not supported by LOSAT's BLASTP
cbs	0	-matrix PAM70 -comp_based_stats 3	losat-rejects	Error: the matrix PAM70 with gap costs 10/1 is not supported by LOSAT's BLASTP	Error: the matrix PAM70 with gap costs 10/1 is not supported by LOSAT's BLASTP
cbs	6	-matrix PAM70 -comp_based_stats 3	losat-rejects	Error: the matrix PAM70 with gap costs 10/1 is not supported by LOSAT's BLASTP	Error: the matrix PAM70 with gap costs 10/1 is not supported by LOSAT's BLASTP
cbs	7	-matrix PAM70 -comp_based_stats 3	losat-rejects	Error: the matrix PAM70 with gap costs 10/1 is not supported by LOSAT's BLASTP	Error: the matrix PAM70 with gap costs 10/1 is not supported by LOSAT's BLASTP
cbs	0	-matrix PAM250 -comp_based_stats 0	losat-rejects	Error: the matrix PAM250 with gap costs 15/2 is not supported by LOSAT's BLASTP	Error: the matrix PAM250 with gap costs 15/2 is not supported by LOSAT's BLASTP
cbs	6	-matrix PAM250 -comp_based_stats 0	losat-rejects	Error: the matrix PAM250 with gap costs 15/2 is not supported by LOSAT's BLASTP	Error: the matrix PAM250 with gap costs 15/2 is not supported by LOSAT's BLASTP
cbs	7	-matrix PAM250 -comp_based_stats 0	losat-rejects	Error: the matrix PAM250 with gap costs 15/2 is not supported by LOSAT's BLASTP	Error: the matrix PAM250 with gap costs 15/2 is not supported by LOSAT's BLASTP
cbs	0	-matrix PAM250 -comp_based_stats 1	losat-rejects	Error: the matrix PAM250 with gap costs 15/2 is not supported by LOSAT's BLASTP	Error: the matrix PAM250 with gap costs 15/2 is not supported by LOSAT's BLASTP
cbs	6	-matrix PAM250 -comp_based_stats 1	losat-rejects	Error: the matrix PAM250 with gap costs 15/2 is not supported by LOSAT's BLASTP	Error: the matrix PAM250 with gap costs 15/2 is not supported by LOSAT's BLASTP
cbs	7	-matrix PAM250 -comp_based_stats 1	losat-rejects	Error: the matrix PAM250 with gap costs 15/2 is not supported by LOSAT's BLASTP	Error: the matrix PAM250 with gap costs 15/2 is not supported by LOSAT's BLASTP
cbs	0	-matrix PAM250 -comp_based_stats 3	losat-rejects	Error: the matrix PAM250 with gap costs 15/2 is not supported by LOSAT's BLASTP	Error: the matrix PAM250 with gap costs 15/2 is not supported by LOSAT's BLASTP
cbs	6	-matrix PAM250 -comp_based_stats 3	losat-rejects	Error: the matrix PAM250 with gap costs 15/2 is not supported by LOSAT's BLASTP	Error: the matrix PAM250 with gap costs 15/2 is not supported by LOSAT's BLASTP
cbs	7	-matrix PAM250 -comp_based_stats 3	losat-rejects	Error: the matrix PAM250 with gap costs 15/2 is not supported by LOSAT's BLASTP	Error: the matrix PAM250 with gap costs 15/2 is not supported by LOSAT's BLASTP
cbs	0	-matrix IDENTITY -comp_based_stats 0	losat-rejects	Error: the matrix IDENTITY with gap costs 15/2 is not supported by LOSAT's BLASTP	Error: the matrix IDENTITY with gap costs 15/2 is not supported by LOSAT's BLASTP
cbs	6	-matrix IDENTITY -comp_based_stats 0	losat-rejects	Error: the matrix IDENTITY with gap costs 15/2 is not supported by LOSAT's BLASTP	Error: the matrix IDENTITY with gap costs 15/2 is not supported by LOSAT's BLASTP
cbs	7	-matrix IDENTITY -comp_based_stats 0	losat-rejects	Error: the matrix IDENTITY with gap costs 15/2 is not supported by LOSAT's BLASTP	Error: the matrix IDENTITY with gap costs 15/2 is not supported by LOSAT's BLASTP
cbs	0	-matrix IDENTITY -comp_based_stats 1	losat-rejects	Error: the matrix IDENTITY with gap costs 15/2 is not supported by LOSAT's BLASTP	Error: the matrix IDENTITY with gap costs 15/2 is not supported by LOSAT's BLASTP
cbs	6	-matrix IDENTITY -comp_based_stats 1	losat-rejects	Error: the matrix IDENTITY with gap costs 15/2 is not supported by LOSAT's BLASTP	Error: the matrix IDENTITY with gap costs 15/2 is not supported by LOSAT's BLASTP
cbs	7	-matrix IDENTITY -comp_based_stats 1	losat-rejects	Error: the matrix IDENTITY with gap costs 15/2 is not supported by LOSAT's BLASTP	Error: the matrix IDENTITY with gap costs 15/2 is not supported by LOSAT's BLASTP
cbs	0	-matrix IDENTITY -comp_based_stats 3	losat-rejects	Error: the matrix IDENTITY with gap costs 15/2 is not supported by LOSAT's BLASTP	Error: the matrix IDENTITY with gap costs 15/2 is not supported by LOSAT's BLASTP
cbs	6	-matrix IDENTITY -comp_based_stats 3	losat-rejects	Error: the matrix IDENTITY with gap costs 15/2 is not supported by LOSAT's BLASTP	Error: the matrix IDENTITY with gap costs 15/2 is not supported by LOSAT's BLASTP
cbs	7	-matrix IDENTITY -comp_based_stats 3	losat-rejects	Error: the matrix IDENTITY with gap costs 15/2 is not supported by LOSAT's BLASTP	Error: the matrix IDENTITY with gap costs 15/2 is not supported by LOSAT's BLASTP
cbs	0	-matrix BLOSUM45 -ungapped -comp_based_stats 0	losat-rejects	Error: -ungapped (an ungapped search) is not supported by LOSAT's BLASTP	Error: -ungapped (an ungapped search) is not supported by LOSAT's BLASTP
cbs	6	-matrix BLOSUM45 -ungapped -comp_based_stats 0	losat-rejects	Error: -ungapped (an ungapped search) is not supported by LOSAT's BLASTP	Error: -ungapped (an ungapped search) is not supported by LOSAT's BLASTP
cbs	7	-matrix BLOSUM45 -ungapped -comp_based_stats 0	losat-rejects	Error: -ungapped (an ungapped search) is not supported by LOSAT's BLASTP	Error: -ungapped (an ungapped search) is not supported by LOSAT's BLASTP
cbs	0	-matrix BLOSUM50 -ungapped -comp_based_stats 0	losat-rejects	Error: -ungapped (an ungapped search) is not supported by LOSAT's BLASTP	Error: -ungapped (an ungapped search) is not supported by LOSAT's BLASTP
cbs	6	-matrix BLOSUM50 -ungapped -comp_based_stats 0	losat-rejects	Error: -ungapped (an ungapped search) is not supported by LOSAT's BLASTP	Error: -ungapped (an ungapped search) is not supported by LOSAT's BLASTP
cbs	7	-matrix BLOSUM50 -ungapped -comp_based_stats 0	losat-rejects	Error: -ungapped (an ungapped search) is not supported by LOSAT's BLASTP	Error: -ungapped (an ungapped search) is not supported by LOSAT's BLASTP
cbs	0	-matrix BLOSUM62 -ungapped -comp_based_stats 0	losat-rejects	Error: -ungapped (an ungapped search) is not supported by LOSAT's BLASTP	Error: -ungapped (an ungapped search) is not supported by LOSAT's BLASTP
cbs	6	-matrix BLOSUM62 -ungapped -comp_based_stats 0	losat-rejects	Error: -ungapped (an ungapped search) is not supported by LOSAT's BLASTP	Error: -ungapped (an ungapped search) is not supported by LOSAT's BLASTP
cbs	7	-matrix BLOSUM62 -ungapped -comp_based_stats 0	losat-rejects	Error: -ungapped (an ungapped search) is not supported by LOSAT's BLASTP	Error: -ungapped (an ungapped search) is not supported by LOSAT's BLASTP
cbs	0	-matrix BLOSUM80 -ungapped -comp_based_stats 0	losat-rejects	Error: -ungapped (an ungapped search) is not supported by LOSAT's BLASTP	Error: -ungapped (an ungapped search) is not supported by LOSAT's BLASTP
cbs	6	-matrix BLOSUM80 -ungapped -comp_based_stats 0	losat-rejects	Error: -ungapped (an ungapped search) is not supported by LOSAT's BLASTP	Error: -ungapped (an ungapped search) is not supported by LOSAT's BLASTP
cbs	7	-matrix BLOSUM80 -ungapped -comp_based_stats 0	losat-rejects	Error: -ungapped (an ungapped search) is not supported by LOSAT's BLASTP	Error: -ungapped (an ungapped search) is not supported by LOSAT's BLASTP
cbs	0	-matrix BLOSUM90 -ungapped -comp_based_stats 0	losat-rejects	Error: -ungapped (an ungapped search) is not supported by LOSAT's BLASTP	Error: -ungapped (an ungapped search) is not supported by LOSAT's BLASTP
cbs	6	-matrix BLOSUM90 -ungapped -comp_based_stats 0	losat-rejects	Error: -ungapped (an ungapped search) is not supported by LOSAT's BLASTP	Error: -ungapped (an ungapped search) is not supported by LOSAT's BLASTP
cbs	7	-matrix BLOSUM90 -ungapped -comp_based_stats 0	losat-rejects	Error: -ungapped (an ungapped search) is not supported by LOSAT's BLASTP	Error: -ungapped (an ungapped search) is not supported by LOSAT's BLASTP
cbs	0	-matrix PAM30 -ungapped -comp_based_stats 0	losat-rejects	Error: -ungapped (an ungapped search) is not supported by LOSAT's BLASTP	Error: -ungapped (an ungapped search) is not supported by LOSAT's BLASTP
cbs	6	-matrix PAM30 -ungapped -comp_based_stats 0	losat-rejects	Error: -ungapped (an ungapped search) is not supported by LOSAT's BLASTP	Error: -ungapped (an ungapped search) is not supported by LOSAT's BLASTP
cbs	7	-matrix PAM30 -ungapped -comp_based_stats 0	losat-rejects	Error: -ungapped (an ungapped search) is not supported by LOSAT's BLASTP	Error: -ungapped (an ungapped search) is not supported by LOSAT's BLASTP
cbs	0	-matrix PAM70 -ungapped -comp_based_stats 0	losat-rejects	Error: -ungapped (an ungapped search) is not supported by LOSAT's BLASTP	Error: -ungapped (an ungapped search) is not supported by LOSAT's BLASTP
cbs	6	-matrix PAM70 -ungapped -comp_based_stats 0	losat-rejects	Error: -ungapped (an ungapped search) is not supported by LOSAT's BLASTP	Error: -ungapped (an ungapped search) is not supported by LOSAT's BLASTP
cbs	7	-matrix PAM70 -ungapped -comp_based_stats 0	losat-rejects	Error: -ungapped (an ungapped search) is not supported by LOSAT's BLASTP	Error: -ungapped (an ungapped search) is not supported by LOSAT's BLASTP
cbs	0	-matrix PAM250 -ungapped -comp_based_stats 0	losat-rejects	Error: -ungapped (an ungapped search) is not supported by LOSAT's BLASTP	Error: -ungapped (an ungapped search) is not supported by LOSAT's BLASTP
cbs	6	-matrix PAM250 -ungapped -comp_based_stats 0	losat-rejects	Error: -ungapped (an ungapped search) is not supported by LOSAT's BLASTP	Error: -ungapped (an ungapped search) is not supported by LOSAT's BLASTP
cbs	7	-matrix PAM250 -ungapped -comp_based_stats 0	losat-rejects	Error: -ungapped (an ungapped search) is not supported by LOSAT's BLASTP	Error: -ungapped (an ungapped search) is not supported by LOSAT's BLASTP
cbs	0	-matrix IDENTITY -ungapped -comp_based_stats 0	losat-rejects	Error: -ungapped (an ungapped search) is not supported by LOSAT's BLASTP	Error: -ungapped (an ungapped search) is not supported by LOSAT's BLASTP
cbs	6	-matrix IDENTITY -ungapped -comp_based_stats 0	losat-rejects	Error: -ungapped (an ungapped search) is not supported by LOSAT's BLASTP	Error: -ungapped (an ungapped search) is not supported by LOSAT's BLASTP
cbs	7	-matrix IDENTITY -ungapped -comp_based_stats 0	losat-rejects	Error: -ungapped (an ungapped search) is not supported by LOSAT's BLASTP	Error: -ungapped (an ungapped search) is not supported by LOSAT's BLASTP
cbs	0	-use_sw_tback -comp_based_stats 0	losat-rejects	Error: -use_sw_tback (the Smith-Waterman traceback) is not supported by LOSAT's BLASTP	Error: -use_sw_tback (the Smith-Waterman traceback) is not supported by LOSAT's BLASTP
cbs	6	-use_sw_tback -comp_based_stats 0	losat-rejects	Error: -use_sw_tback (the Smith-Waterman traceback) is not supported by LOSAT's BLASTP	Error: -use_sw_tback (the Smith-Waterman traceback) is not supported by LOSAT's BLASTP
cbs	7	-use_sw_tback -comp_based_stats 0	losat-rejects	Error: -use_sw_tback (the Smith-Waterman traceback) is not supported by LOSAT's BLASTP	Error: -use_sw_tback (the Smith-Waterman traceback) is not supported by LOSAT's BLASTP
cbs	0	-use_sw_tback -comp_based_stats 1	losat-rejects	Error: -use_sw_tback (the Smith-Waterman traceback) is not supported by LOSAT's BLASTP	Error: -use_sw_tback (the Smith-Waterman traceback) is not supported by LOSAT's BLASTP
cbs	6	-use_sw_tback -comp_based_stats 1	losat-rejects	Error: -use_sw_tback (the Smith-Waterman traceback) is not supported by LOSAT's BLASTP	Error: -use_sw_tback (the Smith-Waterman traceback) is not supported by LOSAT's BLASTP
cbs	7	-use_sw_tback -comp_based_stats 1	losat-rejects	Error: -use_sw_tback (the Smith-Waterman traceback) is not supported by LOSAT's BLASTP	Error: -use_sw_tback (the Smith-Waterman traceback) is not supported by LOSAT's BLASTP
cbs	0	-use_sw_tback -comp_based_stats 2	losat-rejects	Error: -use_sw_tback (the Smith-Waterman traceback) is not supported by LOSAT's BLASTP	Error: -use_sw_tback (the Smith-Waterman traceback) is not supported by LOSAT's BLASTP
cbs	6	-use_sw_tback -comp_based_stats 2	losat-rejects	Error: -use_sw_tback (the Smith-Waterman traceback) is not supported by LOSAT's BLASTP	Error: -use_sw_tback (the Smith-Waterman traceback) is not supported by LOSAT's BLASTP
cbs	7	-use_sw_tback -comp_based_stats 2	losat-rejects	Error: -use_sw_tback (the Smith-Waterman traceback) is not supported by LOSAT's BLASTP	Error: -use_sw_tback (the Smith-Waterman traceback) is not supported by LOSAT's BLASTP
cbs	0	-use_sw_tback -comp_based_stats 3	losat-rejects	Error: -use_sw_tback (the Smith-Waterman traceback) is not supported by LOSAT's BLASTP	Error: -use_sw_tback (the Smith-Waterman traceback) is not supported by LOSAT's BLASTP
cbs	6	-use_sw_tback -comp_based_stats 3	losat-rejects	Error: -use_sw_tback (the Smith-Waterman traceback) is not supported by LOSAT's BLASTP	Error: -use_sw_tback (the Smith-Waterman traceback) is not supported by LOSAT's BLASTP
cbs	7	-use_sw_tback -comp_based_stats 3	losat-rejects	Error: -use_sw_tback (the Smith-Waterman traceback) is not supported by LOSAT's BLASTP	Error: -use_sw_tback (the Smith-Waterman traceback) is not supported by LOSAT's BLASTP
cbs	0	-use_sw_tback	losat-rejects	Error: -use_sw_tback (the Smith-Waterman traceback) is not supported by LOSAT's BLASTP	Error: -use_sw_tback (the Smith-Waterman traceback) is not supported by LOSAT's BLASTP
cbs	6	-use_sw_tback	losat-rejects	Error: -use_sw_tback (the Smith-Waterman traceback) is not supported by LOSAT's BLASTP	Error: -use_sw_tback (the Smith-Waterman traceback) is not supported by LOSAT's BLASTP
cbs	7	-use_sw_tback	losat-rejects	Error: -use_sw_tback (the Smith-Waterman traceback) is not supported by LOSAT's BLASTP	Error: -use_sw_tback (the Smith-Waterman traceback) is not supported by LOSAT's BLASTP
cbs	0	-use_sw_tback -matrix PAM30	losat-rejects	Error: -use_sw_tback (the Smith-Waterman traceback) is not supported by LOSAT's BLASTP	Error: -use_sw_tback (the Smith-Waterman traceback) is not supported by LOSAT's BLASTP
cbs	6	-use_sw_tback -matrix PAM30	losat-rejects	Error: -use_sw_tback (the Smith-Waterman traceback) is not supported by LOSAT's BLASTP	Error: -use_sw_tback (the Smith-Waterman traceback) is not supported by LOSAT's BLASTP
cbs	7	-use_sw_tback -matrix PAM30	losat-rejects	Error: -use_sw_tback (the Smith-Waterman traceback) is not supported by LOSAT's BLASTP	Error: -use_sw_tback (the Smith-Waterman traceback) is not supported by LOSAT's BLASTP
word	0	-word_size 1	arg-error	Error: Argument "word_size". Illegal value, expected >=2:  `1'	error: invalid value '1' for '-word_size <WORD_SIZE>': expected an integer >= 2
word	6	-word_size 1	arg-error	Error: Argument "word_size". Illegal value, expected >=2:  `1'	error: invalid value '1' for '-word_size <WORD_SIZE>': expected an integer >= 2
word	7	-word_size 1	arg-error	Error: Argument "word_size". Illegal value, expected >=2:  `1'	error: invalid value '1' for '-word_size <WORD_SIZE>': expected an integer >= 2
word	0	-word_size 2	losat-rejects	Error: -word_size 2 (the lookup table) is not supported by LOSAT's BLASTP	Error: -word_size 2 (the lookup table) is not supported by LOSAT's BLASTP
word	6	-word_size 2	losat-rejects	Error: -word_size 2 (the lookup table) is not supported by LOSAT's BLASTP	Error: -word_size 2 (the lookup table) is not supported by LOSAT's BLASTP
word	7	-word_size 2	losat-rejects	Error: -word_size 2 (the lookup table) is not supported by LOSAT's BLASTP	Error: -word_size 2 (the lookup table) is not supported by LOSAT's BLASTP
word	0	-word_size 3	same		
word	6	-word_size 3	same		
word	7	-word_size 3	same		
word	0	-word_size 4	losat-rejects	Error: -word_size 4 (the lookup table) is not supported by LOSAT's BLASTP	Error: -word_size 4 (the lookup table) is not supported by LOSAT's BLASTP
word	6	-word_size 4	losat-rejects	Error: -word_size 4 (the lookup table) is not supported by LOSAT's BLASTP	Error: -word_size 4 (the lookup table) is not supported by LOSAT's BLASTP
word	7	-word_size 4	losat-rejects	Error: -word_size 4 (the lookup table) is not supported by LOSAT's BLASTP	Error: -word_size 4 (the lookup table) is not supported by LOSAT's BLASTP
word	0	-word_size 5	same		
word	6	-word_size 5	same		
word	7	-word_size 5	same		
word	0	-word_size 6	losat-rejects	Error: -word_size 6 (the compressed lookup table) is not supported by LOSAT's BLASTP	Error: -word_size 6 (the compressed lookup table) is not supported by LOSAT's BLASTP
word	6	-word_size 6	losat-rejects	Error: -word_size 6 (the compressed lookup table) is not supported by LOSAT's BLASTP	Error: -word_size 6 (the compressed lookup table) is not supported by LOSAT's BLASTP
word	7	-word_size 6	losat-rejects	Error: -word_size 6 (the compressed lookup table) is not supported by LOSAT's BLASTP	Error: -word_size 6 (the compressed lookup table) is not supported by LOSAT's BLASTP
word	0	-word_size 7	losat-rejects	Error: -word_size 7 (the compressed lookup table) is not supported by LOSAT's BLASTP	Error: -word_size 7 (the compressed lookup table) is not supported by LOSAT's BLASTP
word	6	-word_size 7	losat-rejects	Error: -word_size 7 (the compressed lookup table) is not supported by LOSAT's BLASTP	Error: -word_size 7 (the compressed lookup table) is not supported by LOSAT's BLASTP
word	7	-word_size 7	losat-rejects	Error: -word_size 7 (the compressed lookup table) is not supported by LOSAT's BLASTP	Error: -word_size 7 (the compressed lookup table) is not supported by LOSAT's BLASTP
word	0	-word_size 8	same-error	BLAST query/options error: Word-size must be less than 8 for a tblastn, blastp or blastx search	BLAST query/options error: Word-size must be less than 8 for a tblastn, blastp or blastx search
word	6	-word_size 8	same-error	BLAST query/options error: Word-size must be less than 8 for a tblastn, blastp or blastx search	BLAST query/options error: Word-size must be less than 8 for a tblastn, blastp or blastx search
word	7	-word_size 8	same-error	BLAST query/options error: Word-size must be less than 8 for a tblastn, blastp or blastx search	BLAST query/options error: Word-size must be less than 8 for a tblastn, blastp or blastx search
word	0	-word_size 0x3	same		
word	6	-word_size 0x3	same		
word	7	-word_size 0x3	same		
word	0	-word_size 03	same		
word	6	-word_size 03	same		
word	7	-word_size 03	same		
word	0	-word_size +3	same		
word	6	-word_size +3	same		
word	7	-word_size +3	same		
word	0	-word_size 3.0	arg-error	Error: Cannot convert string '3.0' to Int8 (m_Pos = 1)	error: invalid value '3.0' for '-word_size <WORD_SIZE>': expected an integer
word	6	-word_size 3.0	arg-error	Error: Cannot convert string '3.0' to Int8 (m_Pos = 1)	error: invalid value '3.0' for '-word_size <WORD_SIZE>': expected an integer
word	7	-word_size 3.0	arg-error	Error: Cannot convert string '3.0' to Int8 (m_Pos = 1)	error: invalid value '3.0' for '-word_size <WORD_SIZE>': expected an integer
word	0	-threshold 0	same-error	BLAST query/options error: Non-zero threshold required	BLAST query/options error: Non-zero threshold required
word	6	-threshold 0	same-error	BLAST query/options error: Non-zero threshold required	BLAST query/options error: Non-zero threshold required
word	7	-threshold 0	same-error	BLAST query/options error: Non-zero threshold required	BLAST query/options error: Non-zero threshold required
word	0	-threshold 1	same		
word	6	-threshold 1	same		
word	7	-threshold 1	same		
word	0	-threshold 11	same		
word	6	-threshold 11	same		
word	7	-threshold 11	same		
word	0	-threshold 11.5	same		
word	6	-threshold 11.5	same		
word	7	-threshold 11.5	same		
word	0	-threshold 13	same		
word	6	-threshold 13	same		
word	7	-threshold 13	same		
word	0	-threshold 30	same		
word	6	-threshold 30	same		
word	7	-threshold 30	same		
word	0	-threshold 999	same		
word	6	-threshold 999	same		
word	7	-threshold 999	same		
word	0	-threshold -1	arg-error	Error: Argument "threshold". Illegal value, expected >=0:  `-1'	error: invalid value '-1' for '-threshold <THRESHOLD>': Illegal value, expected greater or equal to 0
word	6	-threshold -1	arg-error	Error: Argument "threshold". Illegal value, expected >=0:  `-1'	error: invalid value '-1' for '-threshold <THRESHOLD>': Illegal value, expected greater or equal to 0
word	7	-threshold -1	arg-error	Error: Argument "threshold". Illegal value, expected >=0:  `-1'	error: invalid value '-1' for '-threshold <THRESHOLD>': Illegal value, expected greater or equal to 0
word	0	-threshold 1e1	same		
word	6	-threshold 1e1	same		
word	7	-threshold 1e1	same		
word	0	-threshold 0x10	losat-rejects	error: invalid value '0x10' for '-threshold <THRESHOLD>': expected a decimal number (other forms, which NCBI BLAST+ may read, are not supported by LOSAT's BLAST	error: invalid value '0x10' for '-threshold <THRESHOLD>': expected a decimal number (other forms, which NCBI BLAST+ may read, are not supported by LOSAT's BLAST
word	6	-threshold 0x10	losat-rejects	error: invalid value '0x10' for '-threshold <THRESHOLD>': expected a decimal number (other forms, which NCBI BLAST+ may read, are not supported by LOSAT's BLAST	error: invalid value '0x10' for '-threshold <THRESHOLD>': expected a decimal number (other forms, which NCBI BLAST+ may read, are not supported by LOSAT's BLAST
word	7	-threshold 0x10	losat-rejects	error: invalid value '0x10' for '-threshold <THRESHOLD>': expected a decimal number (other forms, which NCBI BLAST+ may read, are not supported by LOSAT's BLAST	error: invalid value '0x10' for '-threshold <THRESHOLD>': expected a decimal number (other forms, which NCBI BLAST+ may read, are not supported by LOSAT's BLAST
word	0	-threshold nan	arg-error	Error: Cannot convert string 'nan' to double (m_Pos = 0)	error: invalid value 'nan' for '-threshold <THRESHOLD>': expected a number
word	6	-threshold nan	arg-error	Error: Cannot convert string 'nan' to double (m_Pos = 0)	error: invalid value 'nan' for '-threshold <THRESHOLD>': expected a number
word	7	-threshold nan	arg-error	Error: Cannot convert string 'nan' to double (m_Pos = 0)	error: invalid value 'nan' for '-threshold <THRESHOLD>': expected a number
word	0	-threshold +inf	same		
word	6	-threshold +inf	same		
word	7	-threshold +inf	same		
word	0	-word_size 2 -threshold 1	losat-rejects	Error: -word_size 2 (the lookup table) is not supported by LOSAT's BLASTP	Error: -word_size 2 (the lookup table) is not supported by LOSAT's BLASTP
word	6	-word_size 2 -threshold 1	losat-rejects	Error: -word_size 2 (the lookup table) is not supported by LOSAT's BLASTP	Error: -word_size 2 (the lookup table) is not supported by LOSAT's BLASTP
word	7	-word_size 2 -threshold 1	losat-rejects	Error: -word_size 2 (the lookup table) is not supported by LOSAT's BLASTP	Error: -word_size 2 (the lookup table) is not supported by LOSAT's BLASTP
word	0	-word_size 2 -threshold 11	losat-rejects	Error: -word_size 2 (the lookup table) is not supported by LOSAT's BLASTP	Error: -word_size 2 (the lookup table) is not supported by LOSAT's BLASTP
word	6	-word_size 2 -threshold 11	losat-rejects	Error: -word_size 2 (the lookup table) is not supported by LOSAT's BLASTP	Error: -word_size 2 (the lookup table) is not supported by LOSAT's BLASTP
word	7	-word_size 2 -threshold 11	losat-rejects	Error: -word_size 2 (the lookup table) is not supported by LOSAT's BLASTP	Error: -word_size 2 (the lookup table) is not supported by LOSAT's BLASTP
word	0	-word_size 2 -threshold 11.5	losat-rejects	Error: -word_size 2 (the lookup table) is not supported by LOSAT's BLASTP	Error: -word_size 2 (the lookup table) is not supported by LOSAT's BLASTP
word	6	-word_size 2 -threshold 11.5	losat-rejects	Error: -word_size 2 (the lookup table) is not supported by LOSAT's BLASTP	Error: -word_size 2 (the lookup table) is not supported by LOSAT's BLASTP
word	7	-word_size 2 -threshold 11.5	losat-rejects	Error: -word_size 2 (the lookup table) is not supported by LOSAT's BLASTP	Error: -word_size 2 (the lookup table) is not supported by LOSAT's BLASTP
word	0	-word_size 2 -threshold 21	losat-rejects	Error: -word_size 2 (the lookup table) is not supported by LOSAT's BLASTP	Error: -word_size 2 (the lookup table) is not supported by LOSAT's BLASTP
word	6	-word_size 2 -threshold 21	losat-rejects	Error: -word_size 2 (the lookup table) is not supported by LOSAT's BLASTP	Error: -word_size 2 (the lookup table) is not supported by LOSAT's BLASTP
word	7	-word_size 2 -threshold 21	losat-rejects	Error: -word_size 2 (the lookup table) is not supported by LOSAT's BLASTP	Error: -word_size 2 (the lookup table) is not supported by LOSAT's BLASTP
word	0	-word_size 3 -threshold 1	same		
word	6	-word_size 3 -threshold 1	same		
word	7	-word_size 3 -threshold 1	same		
word	0	-word_size 3 -threshold 11	same		
word	6	-word_size 3 -threshold 11	same		
word	7	-word_size 3 -threshold 11	same		
word	0	-word_size 3 -threshold 11.5	same		
word	6	-word_size 3 -threshold 11.5	same		
word	7	-word_size 3 -threshold 11.5	same		
word	0	-word_size 3 -threshold 21	same		
word	6	-word_size 3 -threshold 21	same		
word	7	-word_size 3 -threshold 21	same		
word	0	-word_size 4 -threshold 1	losat-rejects	Error: -word_size 4 (the lookup table) is not supported by LOSAT's BLASTP	Error: -word_size 4 (the lookup table) is not supported by LOSAT's BLASTP
word	6	-word_size 4 -threshold 1	losat-rejects	Error: -word_size 4 (the lookup table) is not supported by LOSAT's BLASTP	Error: -word_size 4 (the lookup table) is not supported by LOSAT's BLASTP
word	7	-word_size 4 -threshold 1	losat-rejects	Error: -word_size 4 (the lookup table) is not supported by LOSAT's BLASTP	Error: -word_size 4 (the lookup table) is not supported by LOSAT's BLASTP
word	0	-word_size 4 -threshold 11	losat-rejects	Error: -word_size 4 (the lookup table) is not supported by LOSAT's BLASTP	Error: -word_size 4 (the lookup table) is not supported by LOSAT's BLASTP
word	6	-word_size 4 -threshold 11	losat-rejects	Error: -word_size 4 (the lookup table) is not supported by LOSAT's BLASTP	Error: -word_size 4 (the lookup table) is not supported by LOSAT's BLASTP
word	7	-word_size 4 -threshold 11	losat-rejects	Error: -word_size 4 (the lookup table) is not supported by LOSAT's BLASTP	Error: -word_size 4 (the lookup table) is not supported by LOSAT's BLASTP
word	0	-word_size 4 -threshold 11.5	losat-rejects	Error: -word_size 4 (the lookup table) is not supported by LOSAT's BLASTP	Error: -word_size 4 (the lookup table) is not supported by LOSAT's BLASTP
word	6	-word_size 4 -threshold 11.5	losat-rejects	Error: -word_size 4 (the lookup table) is not supported by LOSAT's BLASTP	Error: -word_size 4 (the lookup table) is not supported by LOSAT's BLASTP
word	7	-word_size 4 -threshold 11.5	losat-rejects	Error: -word_size 4 (the lookup table) is not supported by LOSAT's BLASTP	Error: -word_size 4 (the lookup table) is not supported by LOSAT's BLASTP
word	0	-word_size 4 -threshold 21	losat-rejects	Error: -word_size 4 (the lookup table) is not supported by LOSAT's BLASTP	Error: -word_size 4 (the lookup table) is not supported by LOSAT's BLASTP
word	6	-word_size 4 -threshold 21	losat-rejects	Error: -word_size 4 (the lookup table) is not supported by LOSAT's BLASTP	Error: -word_size 4 (the lookup table) is not supported by LOSAT's BLASTP
word	7	-word_size 4 -threshold 21	losat-rejects	Error: -word_size 4 (the lookup table) is not supported by LOSAT's BLASTP	Error: -word_size 4 (the lookup table) is not supported by LOSAT's BLASTP
word	0	-word_size 5 -threshold 1	same		
word	6	-word_size 5 -threshold 1	same		
word	7	-word_size 5 -threshold 1	same		
word	0	-word_size 5 -threshold 11	same		
word	6	-word_size 5 -threshold 11	same		
word	7	-word_size 5 -threshold 11	same		
word	0	-word_size 5 -threshold 11.5	same		
word	6	-word_size 5 -threshold 11.5	same		
word	7	-word_size 5 -threshold 11.5	same		
word	0	-word_size 5 -threshold 21	same		
word	6	-word_size 5 -threshold 21	same		
word	7	-word_size 5 -threshold 21	same		
word	0	-word_size 6 -threshold 1	losat-rejects	malloc(): corrupted top size	Error: -word_size 6 (the compressed lookup table) is not supported by LOSAT's BLASTP
word	6	-word_size 6 -threshold 1	losat-rejects	malloc(): corrupted top size	Error: -word_size 6 (the compressed lookup table) is not supported by LOSAT's BLASTP
word	7	-word_size 6 -threshold 1	losat-rejects	malloc(): corrupted top size	Error: -word_size 6 (the compressed lookup table) is not supported by LOSAT's BLASTP
word	0	-word_size 6 -threshold 11	losat-rejects	Error: -word_size 6 (the compressed lookup table) is not supported by LOSAT's BLASTP	Error: -word_size 6 (the compressed lookup table) is not supported by LOSAT's BLASTP
word	6	-word_size 6 -threshold 11	losat-rejects	Error: -word_size 6 (the compressed lookup table) is not supported by LOSAT's BLASTP	Error: -word_size 6 (the compressed lookup table) is not supported by LOSAT's BLASTP
word	7	-word_size 6 -threshold 11	losat-rejects	Error: -word_size 6 (the compressed lookup table) is not supported by LOSAT's BLASTP	Error: -word_size 6 (the compressed lookup table) is not supported by LOSAT's BLASTP
word	0	-word_size 6 -threshold 11.5	losat-rejects	Error: -word_size 6 (the compressed lookup table) is not supported by LOSAT's BLASTP	Error: -word_size 6 (the compressed lookup table) is not supported by LOSAT's BLASTP
word	6	-word_size 6 -threshold 11.5	losat-rejects	Error: -word_size 6 (the compressed lookup table) is not supported by LOSAT's BLASTP	Error: -word_size 6 (the compressed lookup table) is not supported by LOSAT's BLASTP
word	7	-word_size 6 -threshold 11.5	losat-rejects	Error: -word_size 6 (the compressed lookup table) is not supported by LOSAT's BLASTP	Error: -word_size 6 (the compressed lookup table) is not supported by LOSAT's BLASTP
word	0	-word_size 6 -threshold 21	losat-rejects	Error: -word_size 6 (the compressed lookup table) is not supported by LOSAT's BLASTP	Error: -word_size 6 (the compressed lookup table) is not supported by LOSAT's BLASTP
word	6	-word_size 6 -threshold 21	losat-rejects	Error: -word_size 6 (the compressed lookup table) is not supported by LOSAT's BLASTP	Error: -word_size 6 (the compressed lookup table) is not supported by LOSAT's BLASTP
word	7	-word_size 6 -threshold 21	losat-rejects	Error: -word_size 6 (the compressed lookup table) is not supported by LOSAT's BLASTP	Error: -word_size 6 (the compressed lookup table) is not supported by LOSAT's BLASTP
word	0	-matrix PAM30 -word_size 2	losat-rejects	Error: -word_size 2 (the lookup table) is not supported by LOSAT's BLASTP	Error: -word_size 2 (the lookup table) is not supported by LOSAT's BLASTP
word	6	-matrix PAM30 -word_size 2	losat-rejects	Error: -word_size 2 (the lookup table) is not supported by LOSAT's BLASTP	Error: -word_size 2 (the lookup table) is not supported by LOSAT's BLASTP
word	7	-matrix PAM30 -word_size 2	losat-rejects	Error: -word_size 2 (the lookup table) is not supported by LOSAT's BLASTP	Error: -word_size 2 (the lookup table) is not supported by LOSAT's BLASTP
word	0	-matrix PAM30 -word_size 5	losat-rejects	Error: the matrix PAM30 with gap costs 9/1 is not supported by LOSAT's BLASTP	Error: the matrix PAM30 with gap costs 9/1 is not supported by LOSAT's BLASTP
word	6	-matrix PAM30 -word_size 5	losat-rejects	Error: the matrix PAM30 with gap costs 9/1 is not supported by LOSAT's BLASTP	Error: the matrix PAM30 with gap costs 9/1 is not supported by LOSAT's BLASTP
word	7	-matrix PAM30 -word_size 5	losat-rejects	Error: the matrix PAM30 with gap costs 9/1 is not supported by LOSAT's BLASTP	Error: the matrix PAM30 with gap costs 9/1 is not supported by LOSAT's BLASTP
word	0	-matrix PAM30 -word_size 6	losat-rejects	Error: -word_size 6 (the compressed lookup table) is not supported by LOSAT's BLASTP	Error: -word_size 6 (the compressed lookup table) is not supported by LOSAT's BLASTP
word	6	-matrix PAM30 -word_size 6	losat-rejects	Error: -word_size 6 (the compressed lookup table) is not supported by LOSAT's BLASTP	Error: -word_size 6 (the compressed lookup table) is not supported by LOSAT's BLASTP
word	7	-matrix PAM30 -word_size 6	losat-rejects	Error: -word_size 6 (the compressed lookup table) is not supported by LOSAT's BLASTP	Error: -word_size 6 (the compressed lookup table) is not supported by LOSAT's BLASTP
word	0	-matrix BLOSUM45 -word_size 2	losat-rejects	Error: -word_size 2 (the lookup table) is not supported by LOSAT's BLASTP	Error: -word_size 2 (the lookup table) is not supported by LOSAT's BLASTP
word	6	-matrix BLOSUM45 -word_size 2	losat-rejects	Error: -word_size 2 (the lookup table) is not supported by LOSAT's BLASTP	Error: -word_size 2 (the lookup table) is not supported by LOSAT's BLASTP
word	7	-matrix BLOSUM45 -word_size 2	losat-rejects	Error: -word_size 2 (the lookup table) is not supported by LOSAT's BLASTP	Error: -word_size 2 (the lookup table) is not supported by LOSAT's BLASTP
word	0	-matrix BLOSUM45 -word_size 5	losat-rejects	Error: the matrix BLOSUM45 with gap costs 14/2 is not supported by LOSAT's BLASTP	Error: the matrix BLOSUM45 with gap costs 14/2 is not supported by LOSAT's BLASTP
word	6	-matrix BLOSUM45 -word_size 5	losat-rejects	Error: the matrix BLOSUM45 with gap costs 14/2 is not supported by LOSAT's BLASTP	Error: the matrix BLOSUM45 with gap costs 14/2 is not supported by LOSAT's BLASTP
word	7	-matrix BLOSUM45 -word_size 5	losat-rejects	Error: the matrix BLOSUM45 with gap costs 14/2 is not supported by LOSAT's BLASTP	Error: the matrix BLOSUM45 with gap costs 14/2 is not supported by LOSAT's BLASTP
word	0	-matrix BLOSUM45 -word_size 6	losat-rejects	Error: -word_size 6 (the compressed lookup table) is not supported by LOSAT's BLASTP	Error: -word_size 6 (the compressed lookup table) is not supported by LOSAT's BLASTP
word	6	-matrix BLOSUM45 -word_size 6	losat-rejects	Error: -word_size 6 (the compressed lookup table) is not supported by LOSAT's BLASTP	Error: -word_size 6 (the compressed lookup table) is not supported by LOSAT's BLASTP
word	7	-matrix BLOSUM45 -word_size 6	losat-rejects	Error: -word_size 6 (the compressed lookup table) is not supported by LOSAT's BLASTP	Error: -word_size 6 (the compressed lookup table) is not supported by LOSAT's BLASTP
word	0	-matrix IDENTITY -word_size 2	losat-rejects	Error: -word_size 2 (the lookup table) is not supported by LOSAT's BLASTP	Error: -word_size 2 (the lookup table) is not supported by LOSAT's BLASTP
word	6	-matrix IDENTITY -word_size 2	losat-rejects	Error: -word_size 2 (the lookup table) is not supported by LOSAT's BLASTP	Error: -word_size 2 (the lookup table) is not supported by LOSAT's BLASTP
word	7	-matrix IDENTITY -word_size 2	losat-rejects	Error: -word_size 2 (the lookup table) is not supported by LOSAT's BLASTP	Error: -word_size 2 (the lookup table) is not supported by LOSAT's BLASTP
word	0	-matrix IDENTITY -word_size 5	losat-rejects		Error: the matrix IDENTITY with gap costs 15/2 is not supported by LOSAT's BLASTP
word	6	-matrix IDENTITY -word_size 5	losat-rejects		Error: the matrix IDENTITY with gap costs 15/2 is not supported by LOSAT's BLASTP
word	7	-matrix IDENTITY -word_size 5	losat-rejects		Error: the matrix IDENTITY with gap costs 15/2 is not supported by LOSAT's BLASTP
word	0	-matrix IDENTITY -word_size 6	same-error	BLAST query/options error: Word size larger than 5 is not supported for the identity scoring matrix	BLAST query/options error: Word size larger than 5 is not supported for the identity scoring matrix
word	6	-matrix IDENTITY -word_size 6	same-error	BLAST query/options error: Word size larger than 5 is not supported for the identity scoring matrix	BLAST query/options error: Word size larger than 5 is not supported for the identity scoring matrix
word	7	-matrix IDENTITY -word_size 6	same-error	BLAST query/options error: Word size larger than 5 is not supported for the identity scoring matrix	BLAST query/options error: Word size larger than 5 is not supported for the identity scoring matrix
window	0	-window_size 0	same		
window	6	-window_size 0	same		
window	7	-window_size 0	same		
window	0	-window_size 1	same		
window	6	-window_size 1	same		
window	7	-window_size 1	same		
window	0	-window_size 2	same		
window	6	-window_size 2	same		
window	7	-window_size 2	same		
window	0	-window_size 10	same		
window	6	-window_size 10	same		
window	7	-window_size 10	same		
window	0	-window_size 40	same		
window	6	-window_size 40	same		
window	7	-window_size 40	same		
window	0	-window_size 100	same		
window	6	-window_size 100	same		
window	7	-window_size 100	same		
window	0	-window_size -1	arg-error	Error: Argument "window_size". Illegal value, expected >=0:  `-1'	error: invalid value '-1' for '-window_size <WINDOW_SIZE>': expected an integer >= 0
window	6	-window_size -1	arg-error	Error: Argument "window_size". Illegal value, expected >=0:  `-1'	error: invalid value '-1' for '-window_size <WINDOW_SIZE>': expected an integer >= 0
window	7	-window_size -1	arg-error	Error: Argument "window_size". Illegal value, expected >=0:  `-1'	error: invalid value '-1' for '-window_size <WINDOW_SIZE>': expected an integer >= 0
window	0	-window_size 0x28	same		
window	6	-window_size 0x28	same		
window	7	-window_size 0x28	same		
window	0	-window_size 40.0	arg-error	Error: Cannot convert string '40.0' to Int8 (m_Pos = 2)	error: invalid value '40.0' for '-window_size <WINDOW_SIZE>': expected an integer
window	6	-window_size 40.0	arg-error	Error: Cannot convert string '40.0' to Int8 (m_Pos = 2)	error: invalid value '40.0' for '-window_size <WINDOW_SIZE>': expected an integer
window	7	-window_size 40.0	arg-error	Error: Cannot convert string '40.0' to Int8 (m_Pos = 2)	error: invalid value '40.0' for '-window_size <WINDOW_SIZE>': expected an integer
window	0	-window_size 0 -threshold 15	same		
window	6	-window_size 0 -threshold 15	same		
window	7	-window_size 0 -threshold 15	same		
window	0	-window_size 0 -word_size 2	losat-rejects	Error: -word_size 2 (the lookup table) is not supported by LOSAT's BLASTP	Error: -word_size 2 (the lookup table) is not supported by LOSAT's BLASTP
window	6	-window_size 0 -word_size 2	losat-rejects	Error: -word_size 2 (the lookup table) is not supported by LOSAT's BLASTP	Error: -word_size 2 (the lookup table) is not supported by LOSAT's BLASTP
window	7	-window_size 0 -word_size 2	losat-rejects	Error: -word_size 2 (the lookup table) is not supported by LOSAT's BLASTP	Error: -word_size 2 (the lookup table) is not supported by LOSAT's BLASTP
seg	0	-seg yes	same		
seg	6	-seg yes	same		
seg	7	-seg yes	same		
seg	0	-seg no	same		
seg	6	-seg no	same		
seg	7	-seg no	same		
seg	0	-seg '12 2.2 2.5'	same		
seg	6	-seg '12 2.2 2.5'	same		
seg	7	-seg '12 2.2 2.5'	same		
seg	0	-seg '10 1.8 2.1'	same		
seg	6	-seg '10 1.8 2.1'	same		
seg	7	-seg '10 1.8 2.1'	same		
seg	0	-seg '0 0 0'	same		
seg	6	-seg '0 0 0'	same		
seg	7	-seg '0 0 0'	same		
seg	0	-seg '-1 -1 -1'	same		
seg	6	-seg '-1 -1 -1'	same		
seg	7	-seg '-1 -1 -1'	same		
seg	0	-seg '12 2.2'	same-error	BLAST query/options error: Invalid number of arguments to filtering option	BLAST query/options error: Invalid number of arguments to filtering option
seg	6	-seg '12 2.2'	same-error	BLAST query/options error: Invalid number of arguments to filtering option	BLAST query/options error: Invalid number of arguments to filtering option
seg	7	-seg '12 2.2'	same-error	BLAST query/options error: Invalid number of arguments to filtering option	BLAST query/options error: Invalid number of arguments to filtering option
seg	0	-seg '12 2.2 2.5 1'	same-error	BLAST query/options error: Invalid number of arguments to filtering option	BLAST query/options error: Invalid number of arguments to filtering option
seg	6	-seg '12 2.2 2.5 1'	same-error	BLAST query/options error: Invalid number of arguments to filtering option	BLAST query/options error: Invalid number of arguments to filtering option
seg	7	-seg '12 2.2 2.5 1'	same-error	BLAST query/options error: Invalid number of arguments to filtering option	BLAST query/options error: Invalid number of arguments to filtering option
seg	0	-seg 'x y z'	same-error	BLAST query/options error: Invalid input for filtering parameters	BLAST query/options error: Invalid input for filtering parameters
seg	6	-seg 'x y z'	same-error	BLAST query/options error: Invalid input for filtering parameters	BLAST query/options error: Invalid input for filtering parameters
seg	7	-seg 'x y z'	same-error	BLAST query/options error: Invalid input for filtering parameters	BLAST query/options error: Invalid input for filtering parameters
seg	0	-seg '12 2.5 2.2'	same		
seg	6	-seg '12 2.5 2.2'	same		
seg	7	-seg '12 2.5 2.2'	same		
seg	0	-seg '12 nan 2.5'	same-error	BLAST query/options error: Invalid input for filtering parameters	BLAST query/options error: Invalid input for filtering parameters
seg	6	-seg '12 nan 2.5'	same-error	BLAST query/options error: Invalid input for filtering parameters	BLAST query/options error: Invalid input for filtering parameters
seg	7	-seg '12 nan 2.5'	same-error	BLAST query/options error: Invalid input for filtering parameters	BLAST query/options error: Invalid input for filtering parameters
seg	0	-seg '12 inf 2.5'	same-error	BLAST query/options error: Invalid input for filtering parameters	BLAST query/options error: Invalid input for filtering parameters
seg	6	-seg '12 inf 2.5'	same-error	BLAST query/options error: Invalid input for filtering parameters	BLAST query/options error: Invalid input for filtering parameters
seg	7	-seg '12 inf 2.5'	same-error	BLAST query/options error: Invalid input for filtering parameters	BLAST query/options error: Invalid input for filtering parameters
seg	0	-seg '1e1 2.2 2.5'	same-error	BLAST query/options error: Invalid input for filtering parameters	BLAST query/options error: Invalid input for filtering parameters
seg	6	-seg '1e1 2.2 2.5'	same-error	BLAST query/options error: Invalid input for filtering parameters	BLAST query/options error: Invalid input for filtering parameters
seg	7	-seg '1e1 2.2 2.5'	same-error	BLAST query/options error: Invalid input for filtering parameters	BLAST query/options error: Invalid input for filtering parameters
seg	0	-seg '12  2.2 2.5'	same-error	BLAST query/options error: Invalid number of arguments to filtering option	BLAST query/options error: Invalid number of arguments to filtering option
seg	6	-seg '12  2.2 2.5'	same-error	BLAST query/options error: Invalid number of arguments to filtering option	BLAST query/options error: Invalid number of arguments to filtering option
seg	7	-seg '12  2.2 2.5'	same-error	BLAST query/options error: Invalid number of arguments to filtering option	BLAST query/options error: Invalid number of arguments to filtering option
seg	0	-seg '0x10 2.2 2.5'	same-error	BLAST query/options error: Invalid input for filtering parameters	BLAST query/options error: Invalid input for filtering parameters
seg	6	-seg '0x10 2.2 2.5'	same-error	BLAST query/options error: Invalid input for filtering parameters	BLAST query/options error: Invalid input for filtering parameters
seg	7	-seg '0x10 2.2 2.5'	same-error	BLAST query/options error: Invalid input for filtering parameters	BLAST query/options error: Invalid input for filtering parameters
seg	0	-seg '12 2.2 2.5 '	same-error	BLAST query/options error: Invalid number of arguments to filtering option	BLAST query/options error: Invalid number of arguments to filtering option
seg	6	-seg '12 2.2 2.5 '	same-error	BLAST query/options error: Invalid number of arguments to filtering option	BLAST query/options error: Invalid number of arguments to filtering option
seg	7	-seg '12 2.2 2.5 '	same-error	BLAST query/options error: Invalid number of arguments to filtering option	BLAST query/options error: Invalid number of arguments to filtering option
seg	0	-seg YES	same-error	BLAST query/options error: Invalid number of arguments to filtering option	BLAST query/options error: Invalid number of arguments to filtering option
seg	6	-seg YES	same-error	BLAST query/options error: Invalid number of arguments to filtering option	BLAST query/options error: Invalid number of arguments to filtering option
seg	7	-seg YES	same-error	BLAST query/options error: Invalid number of arguments to filtering option	BLAST query/options error: Invalid number of arguments to filtering option
seg	0	-seg No	same-error	BLAST query/options error: Invalid number of arguments to filtering option	BLAST query/options error: Invalid number of arguments to filtering option
seg	6	-seg No	same-error	BLAST query/options error: Invalid number of arguments to filtering option	BLAST query/options error: Invalid number of arguments to filtering option
seg	7	-seg No	same-error	BLAST query/options error: Invalid number of arguments to filtering option	BLAST query/options error: Invalid number of arguments to filtering option
seg	0	-seg ''	same-error	BLAST query/options error: Invalid number of arguments to filtering option	BLAST query/options error: Invalid number of arguments to filtering option
seg	6	-seg ''	same-error	BLAST query/options error: Invalid number of arguments to filtering option	BLAST query/options error: Invalid number of arguments to filtering option
seg	7	-seg ''	same-error	BLAST query/options error: Invalid number of arguments to filtering option	BLAST query/options error: Invalid number of arguments to filtering option
evalue	0	-evalue 1e-5	same		
evalue	6	-evalue 1e-5	same		
evalue	7	-evalue 1e-5	same		
evalue	0	-evalue 0.001	same		
evalue	6	-evalue 0.001	same		
evalue	7	-evalue 0.001	same		
evalue	0	-evalue 1000	same		
evalue	6	-evalue 1000	same		
evalue	7	-evalue 1000	same		
evalue	0	-evalue 1e3	same		
evalue	6	-evalue 1e3	same		
evalue	7	-evalue 1e3	same		
evalue	0	-evalue +inf	losat-rejects	Error: an -evalue of DBL_MAX or more (inf), with which NCBI BLAST+'s blastp crashes on some inputs, is not supported by LOSAT's BLASTP	Error: an -evalue of DBL_MAX or more (inf), with which NCBI BLAST+'s blastp crashes on some inputs, is not supported by LOSAT's BLASTP
evalue	6	-evalue +inf	losat-rejects	Error: an -evalue of DBL_MAX or more (inf), with which NCBI BLAST+'s blastp crashes on some inputs, is not supported by LOSAT's BLASTP	Error: an -evalue of DBL_MAX or more (inf), with which NCBI BLAST+'s blastp crashes on some inputs, is not supported by LOSAT's BLASTP
evalue	7	-evalue +inf	losat-rejects	Error: an -evalue of DBL_MAX or more (inf), with which NCBI BLAST+'s blastp crashes on some inputs, is not supported by LOSAT's BLASTP	Error: an -evalue of DBL_MAX or more (inf), with which NCBI BLAST+'s blastp crashes on some inputs, is not supported by LOSAT's BLASTP
evalue	0	-evalue inf	arg-error	Error: Cannot convert string 'inf' to double (m_Pos = 0)	error: invalid value 'inf' for '-evalue <EVALUE>': expected a number
evalue	6	-evalue inf	arg-error	Error: Cannot convert string 'inf' to double (m_Pos = 0)	error: invalid value 'inf' for '-evalue <EVALUE>': expected a number
evalue	7	-evalue inf	arg-error	Error: Cannot convert string 'inf' to double (m_Pos = 0)	error: invalid value 'inf' for '-evalue <EVALUE>': expected a number
evalue	0	-evalue nan	arg-error	Error: Cannot convert string 'nan' to double (m_Pos = 0)	error: invalid value 'nan' for '-evalue <EVALUE>': expected a number
evalue	6	-evalue nan	arg-error	Error: Cannot convert string 'nan' to double (m_Pos = 0)	error: invalid value 'nan' for '-evalue <EVALUE>': expected a number
evalue	7	-evalue nan	arg-error	Error: Cannot convert string 'nan' to double (m_Pos = 0)	error: invalid value 'nan' for '-evalue <EVALUE>': expected a number
evalue	0	-evalue -nan	same		
evalue	6	-evalue -nan	same		
evalue	7	-evalue -nan	same		
evalue	0	-evalue 0	same-error	BLAST query/options error: expect value or cutoff score must be greater than zero	BLAST query/options error: expect value or cutoff score must be greater than zero
evalue	6	-evalue 0	same-error	BLAST query/options error: expect value or cutoff score must be greater than zero	BLAST query/options error: expect value or cutoff score must be greater than zero
evalue	7	-evalue 0	same-error	BLAST query/options error: expect value or cutoff score must be greater than zero	BLAST query/options error: expect value or cutoff score must be greater than zero
evalue	0	-evalue -1	same-error	BLAST query/options error: expect value or cutoff score must be greater than zero	BLAST query/options error: expect value or cutoff score must be greater than zero
evalue	6	-evalue -1	same-error	BLAST query/options error: expect value or cutoff score must be greater than zero	BLAST query/options error: expect value or cutoff score must be greater than zero
evalue	7	-evalue -1	same-error	BLAST query/options error: expect value or cutoff score must be greater than zero	BLAST query/options error: expect value or cutoff score must be greater than zero
evalue	0	-evalue 0x10	losat-rejects	error: invalid value '0x10' for '-evalue <EVALUE>': expected a decimal number (other forms, which NCBI BLAST+ may read, are not supported by LOSAT's BLASTP)	error: invalid value '0x10' for '-evalue <EVALUE>': expected a decimal number (other forms, which NCBI BLAST+ may read, are not supported by LOSAT's BLASTP)
evalue	6	-evalue 0x10	losat-rejects	error: invalid value '0x10' for '-evalue <EVALUE>': expected a decimal number (other forms, which NCBI BLAST+ may read, are not supported by LOSAT's BLASTP)	error: invalid value '0x10' for '-evalue <EVALUE>': expected a decimal number (other forms, which NCBI BLAST+ may read, are not supported by LOSAT's BLASTP)
evalue	7	-evalue 0x10	losat-rejects	error: invalid value '0x10' for '-evalue <EVALUE>': expected a decimal number (other forms, which NCBI BLAST+ may read, are not supported by LOSAT's BLASTP)	error: invalid value '0x10' for '-evalue <EVALUE>': expected a decimal number (other forms, which NCBI BLAST+ may read, are not supported by LOSAT's BLASTP)
evalue	0	-evalue 1e999	losat-rejects	Error: an -evalue of DBL_MAX or more (inf), with which NCBI BLAST+'s blastp crashes on some inputs, is not supported by LOSAT's BLASTP	Error: an -evalue of DBL_MAX or more (inf), with which NCBI BLAST+'s blastp crashes on some inputs, is not supported by LOSAT's BLASTP
evalue	6	-evalue 1e999	losat-rejects	Error: an -evalue of DBL_MAX or more (inf), with which NCBI BLAST+'s blastp crashes on some inputs, is not supported by LOSAT's BLASTP	Error: an -evalue of DBL_MAX or more (inf), with which NCBI BLAST+'s blastp crashes on some inputs, is not supported by LOSAT's BLASTP
evalue	7	-evalue 1e999	losat-rejects	Error: an -evalue of DBL_MAX or more (inf), with which NCBI BLAST+'s blastp crashes on some inputs, is not supported by LOSAT's BLASTP	Error: an -evalue of DBL_MAX or more (inf), with which NCBI BLAST+'s blastp crashes on some inputs, is not supported by LOSAT's BLASTP
evalue	0	-evalue .5	same		
evalue	6	-evalue .5	same		
evalue	7	-evalue .5	same		
evalue	0	-evalue 5.	same		
evalue	6	-evalue 5.	same		
evalue	7	-evalue 5.	same		
evalue	0	-evalue 1E-5	same		
evalue	6	-evalue 1E-5	same		
evalue	7	-evalue 1E-5	same		
evalue	0	-evalue ' 1'	arg-error	Error: Cannot convert string ' 1' to double (m_Pos = 0)	error: invalid value ' 1' for '-evalue <EVALUE>': expected a number
evalue	6	-evalue ' 1'	arg-error	Error: Cannot convert string ' 1' to double (m_Pos = 0)	error: invalid value ' 1' for '-evalue <EVALUE>': expected a number
evalue	7	-evalue ' 1'	arg-error	Error: Cannot convert string ' 1' to double (m_Pos = 0)	error: invalid value ' 1' for '-evalue <EVALUE>': expected a number
evalue	0	-evalue 1e-300	same		
evalue	6	-evalue 1e-300	same		
evalue	7	-evalue 1e-300	same		
evalue	0	-evalue 100000	same		
evalue	6	-evalue 100000	same		
evalue	7	-evalue 100000	same		
evalue	0	-evalue 1e-50	same		
evalue	6	-evalue 1e-50	same		
evalue	7	-evalue 1e-50	same		
ints	0	-max_target_seqs 1	same	Warning: [blastp] Examining 5 or more matches is recommended	Warning: [blastp] Examining 5 or more matches is recommended
ints	6	-max_target_seqs 1	same	Warning: [blastp] Examining 5 or more matches is recommended	Warning: [blastp] Examining 5 or more matches is recommended
ints	7	-max_target_seqs 1	same	Warning: [blastp] Examining 5 or more matches is recommended	Warning: [blastp] Examining 5 or more matches is recommended
ints	0	-max_target_seqs 4	same	Warning: [blastp] Examining 5 or more matches is recommended	Warning: [blastp] Examining 5 or more matches is recommended
ints	6	-max_target_seqs 4	same	Warning: [blastp] Examining 5 or more matches is recommended	Warning: [blastp] Examining 5 or more matches is recommended
ints	7	-max_target_seqs 4	same	Warning: [blastp] Examining 5 or more matches is recommended	Warning: [blastp] Examining 5 or more matches is recommended
ints	0	-max_target_seqs 5	same		
ints	6	-max_target_seqs 5	same		
ints	7	-max_target_seqs 5	same		
ints	0	-max_target_seqs 0x10	same		
ints	6	-max_target_seqs 0x10	same		
ints	7	-max_target_seqs 0x10	same		
ints	0	-max_target_seqs 010	same		
ints	6	-max_target_seqs 010	same		
ints	7	-max_target_seqs 010	same		
ints	0	-max_target_seqs +5	same		
ints	6	-max_target_seqs +5	same		
ints	7	-max_target_seqs +5	same		
ints	0	-max_target_seqs -1	arg-error	Error: Argument "max_target_seqs". Illegal value, expected >=1:  `-1'	error: invalid value '-1' for '-max_target_seqs <MAX_TARGET_SEQS>': expected an integer >= 1
ints	6	-max_target_seqs -1	arg-error	Error: Argument "max_target_seqs". Illegal value, expected >=1:  `-1'	error: invalid value '-1' for '-max_target_seqs <MAX_TARGET_SEQS>': expected an integer >= 1
ints	7	-max_target_seqs -1	arg-error	Error: Argument "max_target_seqs". Illegal value, expected >=1:  `-1'	error: invalid value '-1' for '-max_target_seqs <MAX_TARGET_SEQS>': expected an integer >= 1
ints	0	-max_target_seqs 0	arg-error	Error: Argument "max_target_seqs". Illegal value, expected >=1:  `0'	error: invalid value '0' for '-max_target_seqs <MAX_TARGET_SEQS>': expected an integer >= 1
ints	6	-max_target_seqs 0	arg-error	Error: Argument "max_target_seqs". Illegal value, expected >=1:  `0'	error: invalid value '0' for '-max_target_seqs <MAX_TARGET_SEQS>': expected an integer >= 1
ints	7	-max_target_seqs 0	arg-error	Error: Argument "max_target_seqs". Illegal value, expected >=1:  `0'	error: invalid value '0' for '-max_target_seqs <MAX_TARGET_SEQS>': expected an integer >= 1
ints	0	-max_target_seqs 2147483647	same		
ints	6	-max_target_seqs 2147483647	same		
ints	7	-max_target_seqs 2147483647	same		
ints	0	-max_target_seqs 1e1	arg-error	Error: Cannot convert string '1e1' to Int8 (m_Pos = 1)	error: invalid value '1e1' for '-max_target_seqs <MAX_TARGET_SEQS>': expected an integer
ints	6	-max_target_seqs 1e1	arg-error	Error: Cannot convert string '1e1' to Int8 (m_Pos = 1)	error: invalid value '1e1' for '-max_target_seqs <MAX_TARGET_SEQS>': expected an integer
ints	7	-max_target_seqs 1e1	arg-error	Error: Cannot convert string '1e1' to Int8 (m_Pos = 1)	error: invalid value '1e1' for '-max_target_seqs <MAX_TARGET_SEQS>': expected an integer
ints	0	-max_target_seqs 5.0	arg-error	Error: Cannot convert string '5.0' to Int8 (m_Pos = 1)	error: invalid value '5.0' for '-max_target_seqs <MAX_TARGET_SEQS>': expected an integer
ints	6	-max_target_seqs 5.0	arg-error	Error: Cannot convert string '5.0' to Int8 (m_Pos = 1)	error: invalid value '5.0' for '-max_target_seqs <MAX_TARGET_SEQS>': expected an integer
ints	7	-max_target_seqs 5.0	arg-error	Error: Cannot convert string '5.0' to Int8 (m_Pos = 1)	error: invalid value '5.0' for '-max_target_seqs <MAX_TARGET_SEQS>': expected an integer
ints	0	-max_target_seqs 0x	arg-error	Error: Argument "max_target_seqs". Illegal value, expected >=1:  `0x'	error: invalid value '0x' for '-max_target_seqs <MAX_TARGET_SEQS>': Illegal value
ints	6	-max_target_seqs 0x	arg-error	Error: Argument "max_target_seqs". Illegal value, expected >=1:  `0x'	error: invalid value '0x' for '-max_target_seqs <MAX_TARGET_SEQS>': Illegal value
ints	7	-max_target_seqs 0x	arg-error	Error: Argument "max_target_seqs". Illegal value, expected >=1:  `0x'	error: invalid value '0x' for '-max_target_seqs <MAX_TARGET_SEQS>': Illegal value
ints	0	-num_threads 0	arg-error	Error: Argument "num_threads". Illegal value, expected >=1:  `0'	error: invalid value '0' for '-num_threads <NUM_THREADS>': expected an integer >= 1
ints	6	-num_threads 0	arg-error	Error: Argument "num_threads". Illegal value, expected >=1:  `0'	error: invalid value '0' for '-num_threads <NUM_THREADS>': expected an integer >= 1
ints	7	-num_threads 0	arg-error	Error: Argument "num_threads". Illegal value, expected >=1:  `0'	error: invalid value '0' for '-num_threads <NUM_THREADS>': expected an integer >= 1
ints	0	-num_threads 0x1	same		
ints	6	-num_threads 0x1	same		
ints	7	-num_threads 0x1	same		
ints	0	-num_threads +1	same		
ints	6	-num_threads +1	same		
ints	7	-num_threads +1	same		
ints	0	-num_threads -1	arg-error	Error: Argument "num_threads". Illegal value, expected >=1:  `-1'	error: invalid value '-1' for '-num_threads <NUM_THREADS>': expected an integer >= 1
ints	6	-num_threads -1	arg-error	Error: Argument "num_threads". Illegal value, expected >=1:  `-1'	error: invalid value '-1' for '-num_threads <NUM_THREADS>': expected an integer >= 1
ints	7	-num_threads -1	arg-error	Error: Argument "num_threads". Illegal value, expected >=1:  `-1'	error: invalid value '-1' for '-num_threads <NUM_THREADS>': expected an integer >= 1
ints	0	-max_hsps 1	same		
ints	6	-max_hsps 1	same		
ints	7	-max_hsps 1	same		
ints	0	-max_hsps 2	same		
ints	6	-max_hsps 2	same		
ints	7	-max_hsps 2	same		
ints	0	-max_hsps 0	arg-error	Error: Argument "max_hsps". Illegal value, expected >=1:  `0'	error: invalid value '0' for '-max_hsps <MAX_HSPS_PER_SUBJECT>': expected an integer >= 1
ints	6	-max_hsps 0	arg-error	Error: Argument "max_hsps". Illegal value, expected >=1:  `0'	error: invalid value '0' for '-max_hsps <MAX_HSPS_PER_SUBJECT>': expected an integer >= 1
ints	7	-max_hsps 0	arg-error	Error: Argument "max_hsps". Illegal value, expected >=1:  `0'	error: invalid value '0' for '-max_hsps <MAX_HSPS_PER_SUBJECT>': expected an integer >= 1
ints	0	-max_hsps 0x2	same		
ints	6	-max_hsps 0x2	same		
ints	7	-max_hsps 0x2	same		
ints	0	-max_hsps -1	arg-error	Error: Argument "max_hsps". Illegal value, expected >=1:  `-1'	error: invalid value '-1' for '-max_hsps <MAX_HSPS_PER_SUBJECT>': expected an integer >= 1
ints	6	-max_hsps -1	arg-error	Error: Argument "max_hsps". Illegal value, expected >=1:  `-1'	error: invalid value '-1' for '-max_hsps <MAX_HSPS_PER_SUBJECT>': expected an integer >= 1
ints	7	-max_hsps -1	arg-error	Error: Argument "max_hsps". Illegal value, expected >=1:  `-1'	error: invalid value '-1' for '-max_hsps <MAX_HSPS_PER_SUBJECT>': expected an integer >= 1
ints	0	-max_hsps +1	same		
ints	6	-max_hsps +1	same		
ints	7	-max_hsps +1	same		
outfmt	-	-outfmt 6	same		
outfmt	-	-outfmt 06	same		
outfmt	-	-outfmt +6	same		
outfmt	-	-outfmt ' 6'	same		
outfmt	-	-outfmt '6 '	same		
outfmt	-	-outfmt '6 std'	same		
outfmt	-	-outfmt '7 std qseqid'	same		
outfmt	-	-outfmt 0x6	same-error	BLAST query/options error: '0x6' is not a valid output format	BLAST query/options error: '0x6' is not a valid output format
outfmt	-	-outfmt 6.0	same-error	BLAST query/options error: '6.0' is not a valid output format	BLAST query/options error: '6.0' is not a valid output format
outfmt	-	-outfmt 5	losat-rejects	Error: output format 5 is not supported by LOSAT's BLASTP	Error: output format 5 is not supported by LOSAT's BLASTP
outfmt	-	-outfmt 13	same-error	BLAST query/options error: Please provide a file name for outfmt 13.	BLAST query/options error: Please provide a file name for outfmt 13.
outfmt	-	-outfmt 18	losat-rejects	Error: output format 18 is not supported by LOSAT's BLASTP	Error: output format 18 is not supported by LOSAT's BLASTP
outfmt	-	-outfmt abc	same-error	BLAST query/options error: 'abc' is not a valid output format	BLAST query/options error: 'abc' is not a valid output format
outfmt	-	-outfmt ''	same-error	BLAST query/options error: '' is not a valid output format	BLAST query/options error: '' is not a valid output format
outfmt	-	-outfmt ' '	same-error	BLAST query/options error: '' is not a valid output format	BLAST query/options error: '' is not a valid output format
outfmt	-	-outfmt '0 std'	same		
outfmt	-	-outfmt 10	losat-rejects	Error: output format 10 is not supported by LOSAT's BLASTP	Error: output format 10 is not supported by LOSAT's BLASTP
outfmt	-	-outfmt 17	same-error	BLAST query/options error: SAM format is only applicable to blastn	BLAST query/options error: SAM format is only applicable to blastn
outfmt	-	-outfmt -1	same-error	Error: Formatting choice is out of range	Error: Formatting choice is out of range
outfmt	-	-outfmt '7 qseqid'	same		
task	0	-task blastp	same		
task	6	-task blastp	same		
task	7	-task blastp	same		
task	0	-task blastp-fast	same		
task	6	-task blastp-fast	same		
task	7	-task blastp-fast	same		
task	0	-task blastp-short	losat-rejects	Error: -word_size 2 (the lookup table) is not supported by LOSAT's BLASTP	Error: -word_size 2 (the lookup table) is not supported by LOSAT's BLASTP
task	6	-task blastp-short	losat-rejects	Error: -word_size 2 (the lookup table) is not supported by LOSAT's BLASTP	Error: -word_size 2 (the lookup table) is not supported by LOSAT's BLASTP
task	7	-task blastp-short	losat-rejects	Error: -word_size 2 (the lookup table) is not supported by LOSAT's BLASTP	Error: -word_size 2 (the lookup table) is not supported by LOSAT's BLASTP
task	0	-task BLASTP	arg-error	Error: Argument "task". Illegal value, expected Permissible values: 'blastp' 'blastp-fast' 'blastp-short' :  `BLASTP'	error: invalid value 'BLASTP' for '-task <TASK>'
task	6	-task BLASTP	arg-error	Error: Argument "task". Illegal value, expected Permissible values: 'blastp' 'blastp-fast' 'blastp-short' :  `BLASTP'	error: invalid value 'BLASTP' for '-task <TASK>'
task	7	-task BLASTP	arg-error	Error: Argument "task". Illegal value, expected Permissible values: 'blastp' 'blastp-fast' 'blastp-short' :  `BLASTP'	error: invalid value 'BLASTP' for '-task <TASK>'
task	0	-task deltablast	arg-error	Error: Argument "task". Illegal value, expected Permissible values: 'blastp' 'blastp-fast' 'blastp-short' :  `deltablast'	error: invalid value 'deltablast' for '-task <TASK>'
task	6	-task deltablast	arg-error	Error: Argument "task". Illegal value, expected Permissible values: 'blastp' 'blastp-fast' 'blastp-short' :  `deltablast'	error: invalid value 'deltablast' for '-task <TASK>'
task	7	-task deltablast	arg-error	Error: Argument "task". Illegal value, expected Permissible values: 'blastp' 'blastp-fast' 'blastp-short' :  `deltablast'	error: invalid value 'deltablast' for '-task <TASK>'
task	0	-task 'blastp-fast '	arg-error	Error: Argument "task". Illegal value, expected Permissible values: 'blastp' 'blastp-fast' 'blastp-short' :  `blastp-fast '	error: invalid value 'blastp-fast ' for '-task <TASK>'
task	6	-task 'blastp-fast '	arg-error	Error: Argument "task". Illegal value, expected Permissible values: 'blastp' 'blastp-fast' 'blastp-short' :  `blastp-fast '	error: invalid value 'blastp-fast ' for '-task <TASK>'
task	7	-task 'blastp-fast '	arg-error	Error: Argument "task". Illegal value, expected Permissible values: 'blastp' 'blastp-fast' 'blastp-short' :  `blastp-fast '	error: invalid value 'blastp-fast ' for '-task <TASK>'
task	0	-task blastp-short -word_size 2	losat-rejects	Error: -word_size 2 (the lookup table) is not supported by LOSAT's BLASTP	Error: -word_size 2 (the lookup table) is not supported by LOSAT's BLASTP
task	6	-task blastp-short -word_size 2	losat-rejects	Error: -word_size 2 (the lookup table) is not supported by LOSAT's BLASTP	Error: -word_size 2 (the lookup table) is not supported by LOSAT's BLASTP
task	7	-task blastp-short -word_size 2	losat-rejects	Error: -word_size 2 (the lookup table) is not supported by LOSAT's BLASTP	Error: -word_size 2 (the lookup table) is not supported by LOSAT's BLASTP
task	0	-task blastp-short -word_size 3	losat-rejects	Error: the matrix PAM30 with gap costs 9/1 is not supported by LOSAT's BLASTP	Error: the matrix PAM30 with gap costs 9/1 is not supported by LOSAT's BLASTP
task	6	-task blastp-short -word_size 3	losat-rejects	Error: the matrix PAM30 with gap costs 9/1 is not supported by LOSAT's BLASTP	Error: the matrix PAM30 with gap costs 9/1 is not supported by LOSAT's BLASTP
task	7	-task blastp-short -word_size 3	losat-rejects	Error: the matrix PAM30 with gap costs 9/1 is not supported by LOSAT's BLASTP	Error: the matrix PAM30 with gap costs 9/1 is not supported by LOSAT's BLASTP
task	0	-task blastp-short -word_size 4	losat-rejects	Error: -word_size 4 (the lookup table) is not supported by LOSAT's BLASTP	Error: -word_size 4 (the lookup table) is not supported by LOSAT's BLASTP
task	6	-task blastp-short -word_size 4	losat-rejects	Error: -word_size 4 (the lookup table) is not supported by LOSAT's BLASTP	Error: -word_size 4 (the lookup table) is not supported by LOSAT's BLASTP
task	7	-task blastp-short -word_size 4	losat-rejects	Error: -word_size 4 (the lookup table) is not supported by LOSAT's BLASTP	Error: -word_size 4 (the lookup table) is not supported by LOSAT's BLASTP
task	0	-task blastp-fast -word_size 3	same		
task	6	-task blastp-fast -word_size 3	same		
task	7	-task blastp-fast -word_size 3	same		
task	0	-task blastp-fast -word_size 5	same		
task	6	-task blastp-fast -word_size 5	same		
task	7	-task blastp-fast -word_size 5	same		
task	0	-task blastp-fast -word_size 6	losat-rejects	Error: -word_size 6 (the compressed lookup table) is not supported by LOSAT's BLASTP	Error: -word_size 6 (the compressed lookup table) is not supported by LOSAT's BLASTP
task	6	-task blastp-fast -word_size 6	losat-rejects	Error: -word_size 6 (the compressed lookup table) is not supported by LOSAT's BLASTP	Error: -word_size 6 (the compressed lookup table) is not supported by LOSAT's BLASTP
task	7	-task blastp-fast -word_size 6	losat-rejects	Error: -word_size 6 (the compressed lookup table) is not supported by LOSAT's BLASTP	Error: -word_size 6 (the compressed lookup table) is not supported by LOSAT's BLASTP
task	0	-task blastp-fast -matrix PAM30	losat-rejects	Error: the matrix PAM30 with gap costs 9/1 is not supported by LOSAT's BLASTP	Error: the matrix PAM30 with gap costs 9/1 is not supported by LOSAT's BLASTP
task	6	-task blastp-fast -matrix PAM30	losat-rejects	Error: the matrix PAM30 with gap costs 9/1 is not supported by LOSAT's BLASTP	Error: the matrix PAM30 with gap costs 9/1 is not supported by LOSAT's BLASTP
task	7	-task blastp-fast -matrix PAM30	losat-rejects	Error: the matrix PAM30 with gap costs 9/1 is not supported by LOSAT's BLASTP	Error: the matrix PAM30 with gap costs 9/1 is not supported by LOSAT's BLASTP
task	0	-task blastp-short -matrix BLOSUM62	losat-rejects	Error: -word_size 2 (the lookup table) is not supported by LOSAT's BLASTP	Error: -word_size 2 (the lookup table) is not supported by LOSAT's BLASTP
task	6	-task blastp-short -matrix BLOSUM62	losat-rejects	Error: -word_size 2 (the lookup table) is not supported by LOSAT's BLASTP	Error: -word_size 2 (the lookup table) is not supported by LOSAT's BLASTP
task	7	-task blastp-short -matrix BLOSUM62	losat-rejects	Error: -word_size 2 (the lookup table) is not supported by LOSAT's BLASTP	Error: -word_size 2 (the lookup table) is not supported by LOSAT's BLASTP
# program=blastp cases=1196 arg-error=63 losat-rejects=633 same=231 same-error=269
