[losat-wasi-threads] shared-memory guards: 126 fills, 1233 copies
[losat-wasi-event] {"event":"spawn_attempt","at_ms":124.773384,"tid":1,"attempt":1}
[losat-wasi-event] {"event":"spawned","at_ms":128.751583,"tid":1}
[losat-wasi-threads] worker boot tid=1
[losat-wasi-threads] worker instantiate tid=1 start_arg=2506184
[losat-wasi-threads] worker start tid=1
[losat-wasi-event] {"event":"ready","at_ms":167.34483,"tid":1}
[losat-wasi-event] {"event":"spawn_attempt","at_ms":167.561715,"tid":2,"attempt":2}
[losat-wasi-event] {"event":"spawned","at_ms":168.066711,"tid":2}
[losat-wasi-threads] worker boot tid=2
[losat-wasi-threads] worker instantiate tid=2 start_arg=3555560
[losat-wasi-threads] worker start tid=2
[losat-wasi-event] {"event":"ready","at_ms":205.592207,"tid":2}
[losat-wasi-event] {"event":"spawn_attempt","at_ms":205.832246,"tid":3,"attempt":3}
[losat-wasi-event] {"event":"spawned","at_ms":206.305354,"tid":3}
[losat-wasi-threads] worker boot tid=3
[losat-wasi-threads] worker instantiate tid=3 start_arg=4604936
[losat-wasi-threads] worker start tid=3
[losat-wasi-event] {"event":"ready","at_ms":245.461727,"tid":3}
[losat-wasi-event] {"event":"spawn_attempt","at_ms":245.67522,"tid":4,"attempt":4}
[losat-wasi-event] {"event":"spawned","at_ms":246.167594,"tid":4}
[losat-wasi-threads] worker boot tid=4
[losat-wasi-threads] worker instantiate tid=4 start_arg=5654312
[losat-wasi-threads] worker start tid=4
[losat-wasi-event] {"event":"ready","at_ms":297.989864,"tid":4}
[losat-wasi-event] {"event":"spawn_attempt","at_ms":298.150819,"tid":5,"attempt":5}
[losat-wasi-event] {"event":"spawned","at_ms":298.618129,"tid":5}
[losat-wasi-threads] worker boot tid=5
[losat-wasi-threads] worker instantiate tid=5 start_arg=6703688
[losat-wasi-threads] worker start tid=5
[losat-wasi-event] {"event":"ready","at_ms":347.148495,"tid":5}
[losat-wasi-event] {"event":"spawn_attempt","at_ms":347.280641,"tid":6,"attempt":6}
[losat-wasi-event] {"event":"spawned","at_ms":347.866388,"tid":6}
[losat-wasi-threads] worker boot tid=6
[losat-wasi-threads] worker instantiate tid=6 start_arg=7753064
[losat-wasi-threads] worker start tid=6
[losat-wasi-event] {"event":"ready","at_ms":397.13331,"tid":6}
[losat-wasi-event] {"event":"spawn_attempt","at_ms":397.470221,"tid":7,"attempt":7}
[losat-wasi-event] {"event":"spawned","at_ms":398.041798,"tid":7}
[losat-wasi-threads] worker boot tid=7
[losat-wasi-threads] worker instantiate tid=7 start_arg=8802440
[losat-wasi-threads] worker start tid=7
[losat-wasi-event] {"event":"ready","at_ms":448.260857,"tid":7}
[losat-wasi-event] {"event":"spawn_attempt","at_ms":448.587326,"tid":8,"attempt":8}
[losat-wasi-event] {"event":"spawned","at_ms":449.337577,"tid":8}
[losat-wasi-threads] worker boot tid=8
[losat-wasi-threads] worker instantiate tid=8 start_arg=9851816
[losat-wasi-threads] worker start tid=8
[losat-wasi-event] {"event":"ready","at_ms":498.66931,"tid":8}
[losat-thread-pool] program=blastn requested_threads=8 pool_threads=8 caller_participates=false measured_activity=null
[losat-thread-stage] program=blastn stage=subjects work_items=1 parallel_selected=false measured_activity=null
[losat-thread-stage] program=blastn stage=subject_chunks work_items=1 parallel_selected=false measured_activity=null
[losat-thread-stage] program=blastn stage=dp_traceback_max_batch work_items=16 parallel_selected=true measured_activity=null
[DP-DIAGNOSTIC] subject=0 consumed=11784 fallback=1 scratch_count=8 scratch_creation_seconds=0.000007849 scratch_initial=[9600, 9600, 9600, 9600, 9600, 9600, 9600, 9600] scratch_final=[4515504, 4116982, 5234946, 2718736, 3061331, 2348167, 3062143, 3461008] batches=[(0, 16, 0.050561825, [(2, (0, 0.017431605, 0.000162474, 0.01759472)), (2, (1, 0.03482101, 0.000309504, 0.035131011)), (2, (2, 0.039415934, 0.000270184, 0.039686803)), (2, (3, 0.04802072, 0.000389003, 0.048410195)), (2, (4, 0.029123447, 0.000245206, 0.029369427)), (2, (5, 0.0407154, 0.000370166, 0.041086119)), (2, (6, 0.02932472, 0.000335102, 0.029660406)), (2, (7, 0.050025675, 0.000430488, 0.050456574))]), (16, 16, 0.013609585, [(2, (0, 0.010754396, 1.4245e-5, 0.010769417)), (2, (1, 0.012634323, 0.000168541, 0.012803494)), (2, (2, 0.012668196, 0.000172577, 0.012841454)), (2, (3, 0.01269585, 0.000312729, 0.013009271)), (2, (4, 0.006898125, 4.0536e-5, 0.006939122)), (2, (5, 0.013332374, 0.000220991, 0.01355381)), (2, (6, 0.009522966, 0.000192026, 0.009715585)), (2, (7, 0.012458066, 0.000359276, 0.012817906))]), (32, 14, 0.009172595, [(2, (0, 0.009158244, 1.2011e-5, 0.009170546)), (2, (1, 0.007476994, 8.0039e-5, 0.00755742)), (2, (2, 0.00536613, 6.3473e-5, 0.005430153)), (2, (3, 0.004972431, 0.000112364, 0.005086391)), (2, (4, 0.006972956, 2.6731e-5, 0.007000084)), (2, (5, 0.004655842, 0.000106595, 0.004762971)), (1, (6, 0.00470604, 9.3299e-5, 0.004799899)), (1, (7, 0.003363413, 0.00015598, 0.003520329))]), (48, 13, 0.011396931, [(2, (0, 0.003744989, 1.6396e-5, 0.003761841)), (2, (1, 0.005368997, 0.000202917, 0.005572372)), (2, (2, 0.011164866, 0.000195939, 0.011361258)), (2, (3, 0.005137929, 0.000316667, 0.005455286)), (2, (4, 0.006682853, 3.4985e-5, 0.006718414)), (1, (5, 0.00366583, 0.000249713, 0.003915966)), (1, (6, 0.003275151, 0.000230769, 0.003506321)), (1, (7, 0.003404754, 0.000321641, 0.003727806))]), (64, 10, 0.007694139, [(2, (0, 0.007532726, 1.4469e-5, 0.00754762)), (2, (1, 0.007353114, 0.000260218, 0.007614172)), (1, (2, 0.004271376, 7.1864e-5, 0.004343679)), (1, (3, 0.00080856, 0.000345574, 0.001154478)), (1, (4, 0.000648839, 3.0645e-5, 0.000679676)), (1, (5, 0.003862677, 0.000297189, 0.004160347)), (1, (6, 0.003054356, 0.000256617, 0.003311502)), (1, (7, 0.002796209, 0.00027364, 0.003070269))]), (80, 11, 0.006080431, [(2, (0, 0.006072679, 5.419e-6, 0.006078398)), (2, (1, 0.003900782, 9.9778e-5, 0.004000884)), (2, (2, 0.004278783, 5.3041e-5, 0.004332214)), (1, (3, 0.001533836, 0.000202537, 0.001737214)), (1, (4, 0.001259096, 2.755e-5, 0.001286868)), (1, (5, 0.003761569, 0.000111925, 0.003873852)), (1, (6, 0.001895305, 8.2115e-5, 0.001977999)), (1, (7, 0.003192317, 0.000106655, 0.003299386))]), (96, 12, 0.008488235, [(2, (0, 0.008466247, 1.9316e-5, 0.008486018)), (2, (1, 0.004266206, 0.000172547, 0.00443914)), (2, (2, 0.003800532, 9.2034e-5, 0.003892861)), (2, (3, 0.003703091, 0.000155276, 0.003862153)), (1, (4, 0.002614832, 3.8831e-5, 0.00265397)), (1, (5, 0.003768456, 0.000295256, 0.004064118)), (1, (6, 0.002592251, 0.000279348, 0.002871934)), (1, (7, 0.001218151, 0.000358269, 0.001576838))]), (112, 9, 0.006198785, [(2, (0, 0.006176727, 1.9638e-5, 0.006196609)), (1, (1, 0.000788446, 0.000219416, 0.00100819)), (1, (2, 0.003323081, 0.000135431, 0.003459014)), (1, (3, 0.003614544, 0.000199542, 0.003814579)), (1, (4, 0.003128937, 4.5548e-5, 0.003174882)), (1, (5, 0.004118815, 0.000292113, 0.004411312)), (1, (6, 0.005489414, 0.000102927, 0.005592809)), (1, (7, 0.00260007, 0.000312943, 0.002913356))]), (128, 11, 0.006618972, [(2, (0, 0.005334125, 1.5898e-5, 0.005350396)), (2, (1, 0.006519239, 6.7825e-5, 0.006587519)), (2, (2, 0.004000188, 5.6558e-5, 0.004057265)), (1, (3, 0.003894291, 0.000112204, 0.004007137)), (1, (4, 0.002193166, 4.3835e-5, 0.002237441)), (1, (5, 0.003824264, 9.8715e-5, 0.003923576)), (1, (6, 0.003270012, 8.3698e-5, 0.003354124)), (1, (7, 0.002011814, 0.000191232, 0.00220355))]), (144, 9, 0.003713118, [(2, (0, 0.003694744, 1.6089e-5, 0.003711203)), (1, (1, 0.002702262, 5.0312e-5, 0.002753092)), (1, (2, 0.003565067, 3.3457e-5, 0.00359879)), (1, (3, 0.002822923, 6.3115e-5, 0.002886513)), (1, (4, 0.002006444, 5.2501e-5, 0.002059345)), (1, (5, 0.000509411, 7.6551e-5, 0.000586398)), (1, (6, 0.002405551, 6.2339e-5, 0.002468239)), (1, (7, 0.000863806, 7.8232e-5, 0.000942455))]), (160, 10, 0.012390709, [(2, (0, 0.012370766, 1.6743e-5, 0.012387955)), (2, (1, 0.01026089, 0.000131273, 0.010392755)), (1, (2, 0.002131389, 5.2131e-5, 0.002183831)), (1, (3, 0.002607679, 0.00016816, 0.002776254)), (1, (4, 0.003323324, 3.2907e-5, 0.003356639)), (1, (5, 0.000957553, 0.000151082, 0.001109028)), (1, (6, 0.003568445, 7.462e-5, 0.00364357)), (1, (7, 0.000626808, 0.000175581, 0.000802741))]), (176, 5, 0.002526964, [(1, (0, 0.002505346, 1.9637e-5, 0.00252531)), (1, (1, 0.001839381, 0.000114014, 0.001953759)), (1, (2, 0.002236844, 6.1288e-5, 0.002298631)), (1, (3, 0.001160121, 0.000169031, 0.001329392)), (1, (4, 0.000682115, 4.3266e-5, 0.000725699)), (0, (5, 6.9e-8, 0.000167869, 0.000168037)), (0, (6, 1.86e-7, 0.000165833, 0.000166401)), (0, (7, 7.5e-8, 0.000167028, 0.000167227))]), (192, 11, 0.006582698, [(2, (0, 0.006521321, 1.789e-5, 0.00653964)), (2, (1, 0.002781109, 0.000201601, 0.002983064)), (2, (2, 0.004217551, 0.000100969, 0.004319144)), (1, (3, 0.001178677, 0.000243041, 0.00142213)), (1, (4, 0.00378842, 3.4635e-5, 0.003823407)), (1, (5, 0.001915496, 0.000225024, 0.002140924)), (1, (6, 0.000517063, 0.000145469, 0.000662777)), (1, (7, 0.000934192, 0.000255123, 0.001189701))]), (208, 10, 0.006807915, [(2, (0, 0.003389528, 2.2518e-5, 0.003412456)), (2, (1, 0.006662126, 0.000104928, 0.006767823)), (1, (2, 0.002558947, 7.8556e-5, 0.002637956)), (1, (3, 0.001751373, 0.000239621, 0.001991248)), (1, (4, 0.00294324, 5.4079e-5, 0.00299797)), (1, (5, 0.003924256, 0.000189606, 0.00411448)), (1, (6, 0.001404098, 0.000122267, 0.001526673)), (1, (7, 0.00404212, 0.000141063, 0.004183575))]), (224, 8, 0.004534862, [(1, (0, 0.00451833, 1.3876e-5, 0.004532574)), (1, (1, 0.002255237, 0.00016703, 0.002422839)), (1, (2, 0.00309559, 8.2778e-5, 0.003178837)), (1, (3, 0.001943299, 0.000274292, 0.002218055)), (1, (4, 0.001119684, 3.1565e-5, 0.001151578)), (1, (5, 0.003075708, 0.000223084, 0.003299214)), (1, (6, 0.002315807, 9.4966e-5, 0.002411041)), (1, (7, 0.002168464, 0.000110926, 0.002279831))]), (240, 5, 0.002125459, [(1, (0, 0.000741543, 1.7365e-5, 0.000759204)), (1, (1, 0.001585901, 9.1109e-5, 0.001677358)), (1, (2, 0.00152212, 6.4919e-5, 0.001587341)), (1, (3, 0.001962115, 0.000119254, 0.002081642)), (1, (4, 0.000520638, 4.9348e-5, 0.000570344)), (0, (5, 7.2e-8, 0.000118023, 0.000118191)), (0, (6, 1.56e-7, 0.000115917, 0.000116403)), (0, (7, 7.7e-8, 0.000117283, 0.000117469))]), (256, 5, 0.002202616, [(1, (0, 0.001215097, 1.6825e-5, 0.001232154)), (1, (1, 0.000417511, 3.0999e-5, 0.000448732)), (1, (2, 0.001786081, 4.5595e-5, 0.001831948)), (1, (3, 0.001454938, 6.837e-5, 0.001523573)), (1, (4, 0.002075103, 9.8197e-5, 0.002173763)), (0, (5, 6.8e-8, 0.000103915, 0.000104081)), (0, (6, 1.74e-7, 0.0001014, 0.000101934)), (0, (7, 7.7e-8, 0.000103174, 0.000103378))]), (272, 2, 0.000843425, [(1, (0, 0.00080663, 1.326e-5, 0.00082017)), (1, (1, 0.000789317, 4.4348e-5, 0.000833781)), (0, (2, 1.88e-7, 4.186e-5, 4.2378e-5)), (0, (3, 7.3e-8, 4.2971e-5, 4.3161e-5)), (0, (4, 1.61e-7, 5.5579e-5, 5.608e-5)), (0, (5, 7.5e-8, 5.6681e-5, 5.6866e-5)), (0, (6, 6.8e-8, 5.7148e-5, 5.7315e-5)), (0, (7, 6.9e-8, 5.7436e-5, 5.76e-5))]), (288, 10, 0.004458046, [(2, (0, 0.001035884, 5.929e-6, 0.001042013)), (2, (1, 0.003010221, 0.000128965, 0.003139646)), (1, (2, 0.000813922, 5.6889e-5, 0.000875093)), (1, (3, 0.001017988, 0.000254141, 0.001272427)), (1, (4, 0.000390401, 1.2234e-5, 0.000402858)), (1, (5, 0.004150611, 0.000247622, 0.00439845)), (1, (6, 0.001225306, 7.0854e-5, 0.001296365)), (1, (7, 0.001494556, 0.00019693, 0.001691837))]), (304, 5, 0.001433763, [(1, (0, 0.000437429, 4.859e-6, 0.000442513)), (1, (1, 0.000510374, 8.7974e-5, 0.00059856)), (1, (2, 0.001342973, 6.4644e-5, 0.001407814)), (1, (3, 0.000412626, 7.6888e-5, 0.000489857)), (1, (4, 0.000560533, 5.6237e-5, 0.000617053)), (0, (5, 6.5e-8, 0.000113084, 0.00011324)), (0, (6, 1.62e-7, 0.00010956, 0.000110079)), (0, (7, 6.6e-8, 0.000112389, 0.000112559))]), (320, 4, 0.002175125, [(1, (0, 0.001736916, 6.572e-6, 0.001743719)), (1, (1, 0.002089936, 5.7668e-5, 0.002148022)), (1, (2, 0.001408012, 5.2902e-5, 0.001461082)), (1, (3, 0.000833853, 7.5113e-5, 0.000909252)), (0, (4, 1.57e-7, 5.0318e-5, 5.0812e-5)), (0, (5, 6.8e-8, 5.1367e-5, 5.1544e-5)), (0, (6, 6.5e-8, 5.1829e-5, 5.1984e-5)), (0, (7, 6.5e-8, 5.2098e-5, 5.2255e-5))]), (336, 7, 0.001809686, [(1, (0, 0.001688406, 5.208e-6, 0.001693918)), (1, (1, 0.001732791, 5.749e-5, 0.00179058)), (1, (2, 0.001744324, 5.5536e-5, 0.001800062)), (1, (3, 0.000480413, 9.5525e-5, 0.000576251)), (1, (4, 0.000576123, 4.8835e-5, 0.000625311)), (1, (5, 0.001635208, 0.000121773, 0.001757454)), (1, (6, 0.000345584, 7.2782e-5, 0.000418621)), (0, (7, 1.74e-7, 0.000142073, 0.000142531))]), (352, 5, 0.003734365, [(1, (0, 0.000534091, 1.4317e-5, 0.00054873)), (1, (1, 0.003423072, 3.2591e-5, 0.003456068)), (1, (2, 0.003603275, 0.000101437, 0.003704926)), (1, (3, 0.000959637, 0.000125731, 0.001101824)), (1, (4, 0.001345643, 5.4141e-5, 0.001400022)), (0, (5, 7.6e-8, 6.5276e-5, 6.5448e-5)), (0, (6, 2.03e-7, 6.3464e-5, 6.3918e-5)), (0, (7, 8.6e-8, 6.4445e-5, 6.4642e-5))]), (368, 7, 0.005326303, [(1, (0, 0.00130198, 1.3403e-5, 0.001315655)), (1, (1, 0.001564622, 7.6657e-5, 0.001641577)), (1, (2, 0.001103118, 3.2758e-5, 0.00113609)), (1, (3, 0.000836794, 0.000159622, 0.0009968)), (1, (4, 0.005244099, 4.8176e-5, 0.005292656)), (1, (5, 0.001000345, 0.000172506, 0.00117326)), (1, (6, 0.000621227, 9.8561e-5, 0.000720101)), (0, (7, 1.51e-7, 0.000189301, 0.000189833))]), (384, 8, 0.004218011, [(1, (0, 0.000884171, 1.3783e-5, 0.000898206)), (1, (1, 0.004132684, 5.3866e-5, 0.004186967)), (1, (2, 0.001228915, 4.3983e-5, 0.001273217)), (1, (3, 0.000625115, 9.8878e-5, 0.000724357)), (1, (4, 0.000400156, 2.9317e-5, 0.00042982)), (1, (5, 0.000865473, 8.3357e-5, 0.00094913)), (1, (6, 0.004025799, 7.086e-5, 0.004097079)), (1, (7, 0.001368848, 0.000151693, 0.001521413))]), (400, 8, 0.001144542, [(1, (0, 0.000847042, 1.3777e-5, 0.000861108)), (1, (1, 0.000467723, 6.4247e-5, 0.00053233)), (1, (2, 0.001069611, 5.0595e-5, 0.001120723)), (1, (3, 0.000487372, 0.000161108, 0.000649441)), (1, (4, 0.000379664, 3.225e-5, 0.000412181)), (1, (5, 0.000661461, 0.00011359, 0.000775478)), (1, (6, 0.000460869, 7.8745e-5, 0.000539916)), (1, (7, 0.000843896, 9.4079e-5, 0.000938279))]), (416, 6, 0.00284568, [(1, (0, 0.000764838, 1.3523e-5, 0.000778616)), (1, (1, 0.000607313, 5.733e-5, 0.000664948)), (1, (2, 0.002769146, 3.9783e-5, 0.002809154)), (1, (3, 0.000578525, 4.6016e-5, 0.000624842)), (1, (4, 0.000782723, 2.8403e-5, 0.000811412)), (1, (5, 0.000305457, 5.894e-5, 0.000364487)), (0, (6, 1.56e-7, 5.7536e-5, 5.7884e-5)), (0, (7, 9.5e-8, 5.8259e-5, 5.8452e-5))]), (432, 3, 0.001284275, [(1, (0, 0.000470695, 5.942e-6, 0.00047688)), (1, (1, 0.00118342, 7.3366e-5, 0.001256936)), (1, (2, 0.000443685, 6.734e-5, 0.000511201)), (0, (3, 1.5e-7, 7.2567e-5, 7.2897e-5)), (0, (4, 1.76e-7, 6.4251e-5, 6.4772e-5)), (0, (5, 8.2e-8, 6.5387e-5, 6.5576e-5)), (0, (6, 6.7e-8, 6.5926e-5, 6.6089e-5)), (0, (7, 6.7e-8, 6.6238e-5, 6.6399e-5))]), (448, 4, 0.001512251, [(1, (0, 0.00134994, 5.956e-6, 0.00135618)), (1, (1, 0.000292406, 5.9194e-5, 0.000351827)), (1, (2, 0.001234659, 4.0604e-5, 0.001275709)), (1, (3, 0.001346414, 0.000116425, 0.001463108)), (0, (4, 1.24e-7, 3.8448e-5, 3.8765e-5)), (0, (5, 9.2e-8, 3.8986e-5, 3.9194e-5)), (0, (6, 8.8e-8, 3.9491e-5, 3.9689e-5)), (0, (7, 8e-8, 3.9874e-5, 4.0065e-5))]), (464, 9, 0.001534269, [(2, (0, 0.001158401, 7.717e-6, 0.001166342)), (1, (1, 0.001398836, 0.000105548, 0.001504851)), (1, (2, 0.001149137, 6.7586e-5, 0.001217052)), (1, (3, 0.001110664, 0.00014555, 0.001256514)), (1, (4, 0.000565997, 9.31e-6, 0.000575549)), (1, (5, 0.001174806, 0.000145084, 0.001321393)), (1, (6, 0.000550008, 7.495e-5, 0.000625135)), (1, (7, 0.000428925, 0.000119652, 0.000548869))]), (480, 3, 0.001150428, [(1, (0, 0.000198653, 1.2409e-5, 0.000211328)), (1, (1, 0.001065498, 4.254e-5, 0.001108316)), (1, (2, 0.00026295, 3.3996e-5, 0.000297047)), (0, (3, 1.54e-7, 5.6426e-5, 5.6833e-5)), (0, (4, 1.13e-7, 2.8972e-5, 3.1701e-5)), (0, (5, 6.9e-8, 3.2105e-5, 3.2287e-5)), (0, (6, 6.5e-8, 3.2601e-5, 3.2762e-5)), (0, (7, 6.7e-8, 3.2888e-5, 3.3049e-5))]), (496, 7, 0.004445873, [(1, (0, 0.004428314, 1.5745e-5, 0.004444318)), (1, (1, 0.000862751, 3.6653e-5, 0.000899773)), (1, (2, 0.001053166, 5.0137e-5, 0.001103578)), (1, (3, 0.000349275, 0.000140538, 0.000490037)), (1, (4, 0.000897877, 0.000349109, 0.001247269)), (1, (5, 0.000387021, 0.000388839, 0.000776032)), (1, (6, 0.000419292, 0.000369034, 0.000788615)), (0, (7, 1.94e-7, 0.000387386, 0.000387872))]), (512, 4, 0.00393515, [(1, (0, 0.000967247, 2.02e-5, 0.000987676)), (1, (1, 0.000214981, 5.7902e-5, 0.000273193)), (1, (2, 0.000719394, 4.58e-5, 0.000765377)), (1, (3, 0.003793095, 7.8043e-5, 0.003871525)), (0, (4, 2.02e-7, 4.2412e-5, 4.2995e-5)), (0, (5, 6.9e-8, 4.3612e-5, 4.3809e-5)), (0, (6, 6.9e-8, 4.4124e-5, 4.429e-5)), (0, (7, 6.8e-8, 4.4444e-5, 4.4608e-5))]), (528, 7, 0.003914719, [(1, (0, 0.000996926, 1.3551e-5, 0.00101075)), (1, (1, 0.000433443, 7.7316e-5, 0.000511116)), (1, (2, 0.003816273, 6.0639e-5, 0.003877166)), (1, (3, 0.000410483, 9.1534e-5, 0.000502289)), (1, (4, 0.00124845, 4.7333e-5, 0.001296143)), (1, (5, 0.002610447, 0.000131894, 0.002742799)), (1, (6, 0.000665664, 0.000114749, 0.000780783)), (0, (7, 3.73e-7, 0.000185787, 0.000187063))]), (544, 9, 0.002531336, [(2, (0, 0.000425555, 6.789e-6, 0.000432572)), (1, (1, 0.000240245, 0.000112135, 0.000352774)), (1, (2, 0.002301877, 6.4007e-5, 0.002366303)), (1, (3, 0.000967147, 7.2466e-5, 0.001040983)), (1, (4, 0.000544351, 8.0553e-5, 0.000625213)), (1, (5, 0.00052014, 8.9832e-5, 0.000610394)), (1, (6, 0.00200392, 5.5873e-5, 0.002060151)), (1, (7, 0.002361837, 6.9992e-5, 0.002432244))]), (560, 5, 0.001844523, [(1, (0, 0.001691814, 1.4259e-5, 0.001706453)), (1, (1, 0.001757639, 5.9646e-5, 0.001817552)), (1, (2, 0.000207725, 3.2132e-5, 0.000240109)), (1, (3, 0.001392841, 7.5271e-5, 0.001468371)), (1, (4, 0.000142103, 4.378e-5, 0.000186078)), (0, (5, 1.04e-7, 8.7757e-5, 8.809e-5)), (0, (6, 2.24e-7, 7.3433e-5, 7.391e-5)), (0, (7, 8.3e-8, 7.4462e-5, 7.4662e-5))]), (576, 10, 0.003950976, [(2, (0, 0.003001755, 1.4087e-5, 0.003016136)), (2, (1, 0.000608876, 3.1714e-5, 0.000640785)), (1, (2, 0.000556207, 9.0467e-5, 0.000646905)), (1, (3, 0.003785975, 0.000110703, 0.003897121)), (1, (4, 0.000284003, 0.000137187, 0.000421413)), (1, (5, 0.000350168, 0.000174628, 0.000525032)), (1, (6, 0.00059633, 0.000139328, 0.000736034)), (1, (7, 0.001591406, 0.000164458, 0.001756236))]), (592, 6, 0.003224466, [(1, (0, 0.000376635, 1.4005e-5, 0.000390871)), (1, (1, 0.000540781, 6.5114e-5, 0.000606179)), (1, (2, 0.003138053, 5.1562e-5, 0.003190058)), (1, (3, 0.000388666, 7.8882e-5, 0.000467854)), (1, (4, 0.000252666, 3.0637e-5, 0.00028355)), (1, (5, 0.000416082, 9.8028e-5, 0.000514296)), (0, (6, 1.69e-7, 9.6067e-5, 9.6582e-5)), (0, (7, 8.3e-8, 9.7194e-5, 9.7394e-5))]), (608, 3, 0.000530549, [(1, (0, 0.00023469, 1.404e-5, 0.000248981)), (1, (1, 0.000388399, 2.7596e-5, 0.000416253)), (1, (2, 0.000461638, 4.506e-5, 0.000506935)), (0, (3, 1.59e-7, 5.885e-5, 5.9302e-5)), (0, (4, 1.53e-7, 0.000105213, 0.000105742)), (0, (5, 6.4e-8, 0.000106382, 0.00010655)), (0, (6, 6.5e-8, 0.000106814, 0.00010697)), (0, (7, 6.4e-8, 0.000107082, 0.000107238))]), (624, 7, 0.001112325, [(1, (0, 0.00102674, 1.3181e-5, 0.001040186)), (1, (1, 0.000983459, 2.9012e-5, 0.001012677)), (1, (2, 0.000407802, 8.3491e-5, 0.000491519)), (1, (3, 0.000563151, 9.9349e-5, 0.00066279)), (1, (4, 0.000405161, 4.5159e-5, 0.000450633)), (1, (5, 0.000387374, 7.0529e-5, 0.000458253)), (1, (6, 0.000986392, 5.551e-5, 0.00104241)), (0, (7, 1.19e-7, 0.000106282, 0.000106613))]), (640, 5, 0.00389346, [(1, (0, 0.003093527, 5.0613e-5, 0.003144432)), (1, (1, 0.00380783, 4.9552e-5, 0.003857541)), (1, (2, 0.00014215, 0.000102641, 0.000245114)), (1, (3, 0.000248311, 0.000102846, 0.000351383)), (1, (4, 0.000380518, 1.612e-5, 0.000396825)), (0, (5, 6.6e-8, 3.9628e-5, 3.9786e-5)), (0, (6, 3.14e-6, 3.4956e-5, 3.83e-5)), (0, (7, 6.6e-8, 3.8774e-5, 3.8933e-5))]), (656, 4, 0.007290132, [(1, (0, 0.007269028, 1.866e-5, 0.007288086)), (1, (1, 0.000771097, 3.5396e-5, 0.000806715)), (1, (2, 0.000225439, 0.000104632, 0.000330348)), (1, (3, 0.003965079, 0.000114962, 0.004080547)), (0, (4, 1.64e-7, 5.523e-5, 5.5743e-5)), (0, (5, 8.1e-8, 5.6374e-5, 5.6562e-5)), (0, (6, 6.8e-8, 5.6839e-5, 5.6999e-5)), (0, (7, 6.5e-8, 5.7123e-5, 5.7282e-5))]), (672, 6, 0.000566376, [(1, (0, 0.000251435, 1.8554e-5, 0.000270241)), (1, (1, 0.000313644, 0.000132643, 0.000446382)), (1, (2, 0.00043191, 0.000103046, 0.000535318)), (1, (3, 0.000321908, 0.000188614, 0.00051082)), (1, (4, 0.000139342, 3.9544e-5, 0.000179262)), (1, (5, 0.000256129, 0.000179659, 0.000435952)), (0, (6, 1.57e-7, 0.000130234, 0.000130773)), (0, (7, 7.2e-8, 0.00013142, 0.000131625))]), (688, 6, 0.001284276, [(1, (0, 0.00029384, 1.3108e-5, 0.000307222)), (1, (1, 0.000531412, 7.0653e-5, 0.000602543)), (1, (2, 0.001209822, 3.0532e-5, 0.001240582)), (1, (3, 0.000315939, 8.8508e-5, 0.000404559)), (1, (4, 0.000298493, 5.0349e-5, 0.000349091)), (1, (5, 0.00046077, 0.000104099, 0.000565145)), (0, (6, 1.8e-7, 8.6287e-5, 8.6806e-5)), (0, (7, 8.8e-8, 8.7323e-5, 8.7543e-5))]), (704, 6, 0.000567836, [(1, (0, 0.0002586, 5.4269e-5, 0.000313163)), (1, (1, 0.000182482, 0.000122812, 0.000305686)), (1, (2, 0.000190867, 0.000214636, 0.000405971)), (1, (3, 0.000288256, 0.000231054, 0.000519781)), (1, (4, 0.000245719, 1.8175e-5, 0.00026416)), (1, (5, 0.000230004, 5.4095e-5, 0.000284472)), (0, (6, 9.16e-7, 4.3947e-5, 4.5972e-5)), (0, (7, 6.15e-7, 4.9254e-5, 5.0529e-5))]), (720, 10, 0.003773954, [(2, (0, 0.003747824, 2.3982e-5, 0.003772245)), (2, (1, 0.000612184, 3.7425e-5, 0.000649967)), (1, (2, 0.000256099, 5.2919e-5, 0.000309423)), (1, (3, 0.000631266, 6.1438e-5, 0.000692999)), (1, (4, 0.00027927, 4.1615e-5, 0.000321215)), (1, (5, 0.000257816, 5.46e-5, 0.000312692)), (1, (6, 0.000185396, 5.1327e-5, 0.000236987)), (1, (7, 0.000239443, 0.000117253, 0.000356935))]), (736, 12, 0.004915909, [(2, (0, 0.004894586, 1.9075e-5, 0.004913982)), (2, (1, 0.000461692, 0.000168531, 0.00063046)), (2, (2, 0.000457476, 9.0896e-5, 0.000548655)), (2, (3, 0.000858851, 0.000219997, 0.001079004)), (1, (4, 0.000145593, 7.3245e-5, 0.000219104)), (1, (5, 0.000236528, 0.000195821, 0.00043265)), (1, (6, 0.000222595, 0.000151551, 0.000374462)), (1, (7, 0.000239399, 0.00029968, 0.00053954))]), (752, 9, 0.002666918, [(2, (0, 0.000395956, 1.8248e-5, 0.000414468)), (1, (1, 0.002379785, 0.000249241, 0.002629481)), (1, (2, 0.000149366, 9.6106e-5, 0.000245839)), (1, (3, 0.000225075, 0.000149774, 0.000375071)), (1, (4, 0.000201361, 4.0768e-5, 0.000242514)), (1, (5, 0.000170271, 0.000242979, 0.000413483)), (1, (6, 0.00013536, 0.000213239, 0.000348946)), (1, (7, 0.000176066, 0.000229593, 0.000406032))]), (768, 14, 0.000760887, [(2, (0, 0.000416316, 2.053e-5, 0.000437064)), (2, (1, 0.00042559, 3.1734e-5, 0.000457683)), (2, (2, 0.000387272, 4.4962e-5, 0.000432522)), (2, (3, 0.00066353, 5.8421e-5, 0.000722311)), (2, (4, 0.000394498, 8.8755e-5, 0.00048359)), (2, (5, 0.000350384, 0.000108699, 0.000459448)), (1, (6, 0.000216817, 8.9312e-5, 0.000306422)), (1, (7, 0.000282609, 0.000102914, 0.000385878))]), (784, 15, 0.000543146, [(2, (0, 0.000359431, 1.2038e-5, 0.000371679)), (2, (1, 0.0003915, 8.6046e-5, 0.000477809)), (2, (2, 0.000390766, 3.6479e-5, 0.000427532)), (2, (3, 0.000332051, 9.7748e-5, 0.000430052)), (2, (4, 0.00035962, 2.5949e-5, 0.000385809)), (2, (5, 0.000468521, 5.2701e-5, 0.000521464)), (2, (6, 0.000435275, 2.5548e-5, 0.000461055)), (1, (7, 0.00021337, 0.000105287, 0.000318871))]), (800, 10, 0.000607444, [(2, (0, 0.000353836, 1.1275e-5, 0.000365315)), (2, (1, 0.000557959, 2.7471e-5, 0.000585663)), (1, (2, 0.0002364, 8.0767e-5, 0.000317365)), (1, (3, 0.000237694, 9.2439e-5, 0.000330354)), (1, (4, 0.000228923, 4.0755e-5, 0.000269911)), (1, (5, 0.000188675, 9.8154e-5, 0.000287035)), (1, (6, 0.000169042, 5.3122e-5, 0.000222384)), (1, (7, 0.000172196, 6.4599e-5, 0.000236973))]), (816, 15, 0.000757053, [(2, (0, 0.000419706, 1.097e-5, 0.000430881)), (2, (1, 0.000352452, 5.0719e-5, 0.000403392)), (2, (2, 0.000307624, 2.3601e-5, 0.000331452)), (2, (3, 0.000475145, 0.000130936, 0.000606377)), (2, (4, 0.000560629, 3.6856e-5, 0.000597681)), (2, (5, 0.00050622, 0.000210498, 0.000717058)), (2, (6, 0.000444789, 0.000114372, 0.000559375)), (1, (7, 0.000239268, 0.000145102, 0.000384582))]), (832, 13, 0.000572992, [(2, (0, 0.000469707, 1.3343e-5, 0.000483256)), (2, (1, 0.00035798, 4.4066e-5, 0.000402265)), (2, (2, 0.00051063, 2.8799e-5, 0.000539654)), (2, (3, 0.000440538, 0.000111335, 0.000552208)), (2, (4, 0.000339555, 3.9746e-5, 0.000379527)), (1, (5, 0.000143734, 8.1956e-5, 0.000229122)), (1, (6, 0.00023256, 5.39e-5, 0.000286726)), (1, (7, 0.000348114, 0.000102884, 0.000451339))]), (848, 14, 0.000775411, [(2, (0, 0.000332013, 1.1773e-5, 0.000344004)), (2, (1, 0.000359726, 1.4126e-5, 0.000374111)), (2, (2, 0.000354647, 0.000257625, 0.000612608)), (2, (3, 0.000477907, 0.000257092, 0.00073525)), (2, (4, 0.000463218, 0.000194433, 0.000658069)), (2, (5, 0.000474895, 0.000235485, 0.000710594)), (1, (6, 0.000219168, 0.000208058, 0.000427475)), (1, (7, 0.000224842, 0.000221889, 0.000446942))]), (864, 15, 0.000647326, [(2, (0, 0.000339218, 1.3064e-5, 0.000352505)), (2, (1, 0.000371968, 3.4671e-5, 0.000406841)), (2, (2, 0.000528125, 8.7933e-5, 0.000616306)), (2, (3, 0.000388133, 0.000107032, 0.000495364)), (2, (4, 0.000418825, 4.8218e-5, 0.000467244)), (2, (5, 0.000401786, 0.000101551, 0.000503541)), (2, (6, 0.000434295, 6.1292e-5, 0.000495781)), (1, (7, 0.000174404, 7.2785e-5, 0.000247403))]), (880, 15, 0.000658893, [(2, (0, 0.000393148, 1.1361e-5, 0.000404753)), (2, (1, 0.000451838, 6.6749e-5, 0.000518802)), (2, (2, 0.000353799, 2.7541e-5, 0.00038155)), (2, (3, 0.000405921, 7.79e-5, 0.000484039)), (2, (4, 0.000333515, 4.1538e-5, 0.000375298)), (2, (5, 0.00041082, 9.2293e-5, 0.000503345)), (2, (6, 0.000572659, 5.3638e-5, 0.000626512)), (1, (7, 0.000139147, 9.8474e-5, 0.000237844))]), (896, 15, 0.000623747, [(2, (0, 0.000447311, 4.0422e-5, 0.000487914)), (2, (1, 0.000354094, 6.4987e-5, 0.000421723)), (2, (2, 0.000424213, 5.4764e-5, 0.000479204)), (2, (3, 0.000487234, 9.9804e-5, 0.000587252)), (2, (4, 0.000473086, 1.4296e-5, 0.000487605)), (2, (5, 0.000369876, 7.9053e-5, 0.000449117)), (2, (6, 0.000284526, 2.7649e-5, 0.00031237)), (1, (7, 0.000153188, 9.7829e-5, 0.000251202))]), (912, 11, 0.000587037, [(2, (0, 0.000415892, 1.1896e-5, 0.000428001)), (2, (1, 0.000425811, 2.8014e-5, 0.000454054)), (2, (2, 0.000472645, 8.0832e-5, 0.000553751)), (1, (3, 0.000216015, 9.4616e-5, 0.000310834)), (1, (4, 0.000341969, 4.3154e-5, 0.000385361)), (1, (5, 0.000172465, 9.8901e-5, 0.000271561)), (1, (6, 0.000244282, 5.2797e-5, 0.00029729)), (1, (7, 0.000281911, 6.6817e-5, 0.000348919))]), (928, 13, 0.001092721, [(2, (0, 0.000395786, 1.3709e-5, 0.0004097)), (2, (1, 0.000784151, 4.6097e-5, 0.000830464)), (2, (2, 0.000548732, 3.608e-5, 0.000585153)), (2, (3, 0.000440703, 7.6616e-5, 0.000517668)), (2, (4, 0.000454403, 2.3375e-5, 0.000477973)), (1, (5, 0.000176065, 0.000107659, 0.000284017)), (1, (6, 0.000954919, 8.8037e-5, 0.001043205)), (1, (7, 0.000196777, 0.000111553, 0.000308531))]), (944, 15, 0.000595274, [(2, (0, 0.000418111, 1.4913e-5, 0.000433286)), (2, (1, 0.00035135, 9.8894e-5, 0.000450444)), (2, (2, 0.00046698, 8.5114e-5, 0.000552274)), (2, (3, 0.000345248, 0.000159268, 0.000504746)), (2, (4, 0.000415949, 2.9983e-5, 0.000446133)), (2, (5, 0.000451845, 0.000116863, 0.000568981)), (2, (6, 0.000499126, 4.1355e-5, 0.000540875)), (1, (7, 0.000156263, 6.8486e-5, 0.000224947))]), (960, 16, 0.000695364, [(2, (0, 0.000551656, 1.744e-5, 0.000569365)), (2, (1, 0.000567986, 0.000108043, 0.000676248)), (2, (2, 0.000393335, 6.6132e-5, 0.000459695)), (2, (3, 0.000529397, 0.00012816, 0.00065793)), (2, (4, 0.000347437, 3.3549e-5, 0.000381278)), (2, (5, 0.000400817, 9.3348e-5, 0.000494388)), (2, (6, 0.000486606, 4.5985e-5, 0.000532826)), (2, (7, 0.000476309, 7.7594e-5, 0.000554092))]), (976, 12, 0.000734484, [(2, (0, 0.000320336, 1.2861e-5, 0.000333415)), (2, (1, 0.00042185, 2.782e-5, 0.000449874)), (2, (2, 0.000343049, 4.0533e-5, 0.000383806)), (2, (3, 0.000648203, 5.3927e-5, 0.000702364)), (1, (4, 0.000200453, 8.0953e-5, 0.00028163)), (1, (5, 0.000182691, 9.4701e-5, 0.000277605)), (1, (6, 0.000299648, 8.1366e-5, 0.000381225)), (1, (7, 0.000251093, 0.000101199, 0.000352484))]), (992, 16, 0.000747151, [(2, (0, 0.000608715, 2.1744e-5, 0.000630734)), (2, (1, 0.000390812, 4.9754e-5, 0.00044081)), (2, (2, 0.000366301, 5.7721e-5, 0.000424247)), (2, (3, 0.000467757, 0.000132035, 0.000599972)), (2, (4, 0.000478668, 7.1508e-5, 0.000550393)), (2, (5, 0.00062324, 0.00011763, 0.000741083)), (2, (6, 0.000417733, 0.000104433, 0.000522378)), (2, (7, 0.000439274, 0.000140117, 0.000579595))]), (1008, 15, 0.000699072, [(2, (0, 0.000560047, 1.3546e-5, 0.000573908)), (2, (1, 0.000485425, 1.6195e-5, 0.000501822)), (2, (2, 0.000614669, 6.3255e-5, 0.000678618)), (2, (3, 0.000425662, 6.4802e-5, 0.000490767)), (2, (4, 0.000430491, 4.3897e-5, 0.000474609)), (2, (5, 0.000359292, 5.6442e-5, 0.000415992)), (2, (6, 0.000586597, 5.5759e-5, 0.000642642)), (1, (7, 0.000241219, 7.2113e-5, 0.000316538))]), (1024, 14, 0.000610671, [(2, (0, 0.000549179, 1.2757e-5, 0.000562193)), (2, (1, 0.000335065, 5.5616e-5, 0.000390884)), (2, (2, 0.000353478, 4.011e-5, 0.000393786)), (2, (3, 0.000471307, 9.9793e-5, 0.000571317)), (2, (4, 0.00053728, 2.8734e-5, 0.000566262)), (2, (5, 0.000456842, 8.0136e-5, 0.000537198)), (1, (6, 0.000343881, 6.8318e-5, 0.000412427)), (1, (7, 0.000200918, 0.000104506, 0.000305666))]), (1040, 14, 0.001596472, [(2, (0, 0.000393755, 1.3115e-5, 0.000407099)), (2, (1, 0.000393922, 3.0335e-5, 0.000424464)), (2, (2, 0.000481695, 8.8663e-5, 0.000570569)), (2, (3, 0.000422251, 0.000110092, 0.000532556)), (2, (4, 0.000470587, 4.7714e-5, 0.000518545)), (2, (5, 0.001473294, 7.4366e-5, 0.001547871)), (1, (6, 0.000464398, 6.0548e-5, 0.000525159)), (1, (7, 0.00100197, 0.000103466, 0.001105655))]), (1056, 15, 0.000670706, [(2, (0, 0.000340735, 5.488e-6, 0.000346407)), (2, (1, 0.000348611, 7.6098e-5, 0.000424906)), (2, (2, 0.000449086, 5.1165e-5, 0.000500473)), (2, (3, 0.00045721, 0.000124563, 0.000581971)), (2, (4, 0.000646064, 6.655e-6, 0.000652937)), (2, (5, 0.000421416, 0.000144799, 0.000566413)), (2, (6, 0.000495081, 6.3154e-5, 0.000558439)), (1, (7, 0.000159982, 0.000137189, 0.000297366))]), (1072, 15, 0.001782731, [(2, (0, 0.001765794, 1.4975e-5, 0.001781011)), (2, (1, 0.000425119, 6.035e-5, 0.000485696)), (2, (2, 0.000509595, 4.4162e-5, 0.00055398)), (2, (3, 0.000517705, 0.000109798, 0.000627857)), (2, (4, 0.000439446, 2.8455e-5, 0.00046814)), (2, (5, 0.00048439, 0.000136187, 0.000620854)), (2, (6, 0.000393841, 8.25e-5, 0.000476597)), (1, (7, 0.00015949, 0.000140243, 0.000299925))]), (1088, 16, 0.000724732, [(2, (0, 0.000365274, 1.8472e-5, 0.000383955)), (2, (1, 0.000348192, 0.000108168, 0.000456564)), (2, (2, 0.000417303, 5.5773e-5, 0.000473269)), (2, (3, 0.000471926, 0.000122614, 0.000594742)), (2, (4, 0.000350098, 4.4566e-5, 0.000394899)), (2, (5, 0.00049202, 0.000196279, 0.000688479)), (2, (6, 0.000455939, 0.000141472, 0.00059764)), (2, (7, 0.000409699, 0.000204124, 0.000614145))]), (1104, 14, 0.000576763, [(2, (0, 0.000504348, 1.5672e-5, 0.00052024)), (2, (1, 0.000500892, 5.4549e-5, 0.000555622)), (2, (2, 0.000363005, 4.3401e-5, 0.000406619)), (2, (3, 0.000381743, 0.000103521, 0.000485474)), (2, (4, 0.000371846, 2.9955e-5, 0.000401989)), (2, (5, 0.000370964, 9.6276e-5, 0.00046746)), (1, (6, 0.000222938, 6.8485e-5, 0.000291609)), (1, (7, 0.000179532, 8.2975e-5, 0.000262783))]), (1120, 16, 0.000951238, [(2, (0, 0.000311851, 1.5764e-5, 0.000327821)), (2, (1, 0.000447672, 6.9808e-5, 0.000517688)), (2, (2, 0.000476487, 3.0504e-5, 0.000507216)), (2, (3, 0.000410315, 5.6367e-5, 0.000466899)), (2, (4, 0.000640798, 4.3603e-5, 0.000684705)), (2, (5, 0.000366095, 9.8247e-5, 0.000464565)), (2, (6, 0.000809909, 8.3567e-5, 0.000893814)), (2, (7, 0.000571824, 0.000104739, 0.000676788))]), (1136, 14, 0.000753592, [(2, (0, 0.000362918, 1.4058e-5, 0.000377229)), (2, (1, 0.000355497, 6.8826e-5, 0.000424545)), (2, (2, 0.000411909, 5.7626e-5, 0.000469859)), (2, (3, 0.000500569, 0.000151192, 0.000652014)), (2, (4, 0.000435049, 3.2168e-5, 0.000467591)), (2, (5, 0.000537722, 0.000139662, 0.000677738)), (1, (6, 0.000196649, 8.7898e-5, 0.000284815)), (1, (7, 0.00026142, 0.000145017, 0.000406738))]), (1152, 16, 0.000819097, [(2, (0, 0.00058075, 1.2874e-5, 0.000593853)), (2, (1, 0.000593934, 2.8084e-5, 0.000622291)), (2, (2, 0.000423061, 8.2294e-5, 0.000505561)), (2, (3, 0.00050954, 0.000105934, 0.000615726)), (2, (4, 0.000477662, 4.5619e-5, 0.000523494)), (2, (5, 0.000446149, 7.0024e-5, 0.000516396)), (2, (6, 0.000539445, 5.7342e-5, 0.000597001)), (2, (7, 0.000644719, 9.6666e-5, 0.000741595))]), (1168, 14, 0.000648788, [(2, (0, 0.000430955, 1.2608e-5, 0.000443845)), (2, (1, 0.000330353, 6.4453e-5, 0.000395009)), (2, (2, 0.000459126, 3.8836e-5, 0.000498217)), (2, (3, 0.000381421, 5.083e-5, 0.000432466)), (2, (4, 0.000420099, 2.7535e-5, 0.000447827)), (2, (5, 0.000496772, 9.9281e-5, 0.000596265)), (1, (6, 0.000200089, 7.6075e-5, 0.000276346)), (1, (7, 0.000252128, 0.000109338, 0.000361657))]), (1184, 15, 0.000597827, [(2, (0, 0.000400908, 1.3442e-5, 0.000414554)), (2, (1, 0.000407004, 5.5443e-5, 0.000462625)), (2, (2, 0.000374452, 4.3884e-5, 0.000418588)), (2, (3, 0.000441402, 0.000109437, 0.000551029)), (2, (4, 0.000419982, 3.0891e-5, 0.00045111)), (2, (5, 0.000389612, 9.5606e-5, 0.000485449)), (2, (6, 0.00047843, 6.6335e-5, 0.000544947)), (1, (7, 0.000285555, 8.185e-5, 0.000367592))]), (1200, 15, 0.000736169, [(2, (0, 0.00072147, 1.2522e-5, 0.000734279)), (2, (1, 0.000495282, 2.8148e-5, 0.000523644)), (2, (2, 0.000517437, 8.2673e-5, 0.000600296)), (2, (3, 0.000524788, 0.000102184, 0.000627202)), (2, (4, 0.000448361, 4.1518e-5, 0.000490072)), (2, (5, 0.000551663, 6.8283e-5, 0.000620164)), (2, (6, 0.00057688, 5.4413e-5, 0.000631494)), (1, (7, 0.000172449, 9.6631e-5, 0.000269296))]), (1216, 15, 0.000656949, [(2, (0, 0.00057638, 1.9368e-5, 0.000595981)), (2, (1, 0.000404457, 6.8606e-5, 0.000473264)), (2, (2, 0.000397803, 5.801e-5, 0.000456032)), (2, (3, 0.000471121, 0.000112698, 0.000584029)), (2, (4, 0.000473491, 4.0136e-5, 0.000513879)), (2, (5, 0.000453442, 0.000107679, 0.000561371)), (2, (6, 0.000323102, 9.7859e-5, 0.000421196)), (1, (7, 0.000291104, 0.000290513, 0.00058197))]), (1232, 15, 0.000643408, [(2, (0, 0.000296951, 1.2596e-5, 0.000309755)), (2, (1, 0.000329067, 6.9517e-5, 0.000398857)), (2, (2, 0.000384913, 4.2013e-5, 0.000427144)), (2, (3, 0.000504437, 5.6409e-5, 0.000561045)), (2, (4, 0.000446194, 2.6828e-5, 0.000473215)), (2, (5, 0.000435814, 0.000109368, 0.000545373)), (2, (6, 0.000454596, 8.4538e-5, 0.000539368)), (1, (7, 0.000293238, 0.000104057, 0.000397525))]), (1248, 14, 0.000647734, [(2, (0, 0.000501924, 1.2675e-5, 0.000514794)), (2, (1, 0.000468253, 5.2049e-5, 0.00052053)), (2, (2, 0.000472257, 2.7728e-5, 0.000500197)), (2, (3, 0.000361137, 6.3517e-5, 0.000424866)), (2, (4, 0.000418893, 3.8515e-5, 0.00045759)), (2, (5, 0.00046787, 0.000141945, 0.000610579)), (1, (6, 0.000215764, 7.7689e-5, 0.00029365)), (1, (7, 0.000215393, 9.0761e-5, 0.000306314))]), (1264, 14, 0.000654475, [(2, (0, 0.000419437, 1.1406e-5, 0.000431038)), (2, (1, 0.000395843, 2.3928e-5, 0.000419952)), (2, (2, 0.000460143, 7.9571e-5, 0.000539906)), (2, (3, 0.000426115, 0.000100925, 0.00052727)), (2, (4, 0.000474219, 4.3184e-5, 0.000517662)), (2, (5, 0.000525251, 9.3347e-5, 0.000618816)), (1, (6, 0.000231127, 5.5348e-5, 0.000286662)), (1, (7, 0.000231762, 6.8293e-5, 0.000300249))]), (1280, 16, 0.000668771, [(2, (0, 0.000478197, 1.1876e-5, 0.000490279)), (2, (1, 0.00035472, 2.2482e-5, 0.000377393)), (2, (2, 0.000471072, 7.7632e-5, 0.000548909)), (2, (3, 0.00037085, 9.1163e-5, 0.000462234)), (2, (4, 0.000388686, 4.1115e-5, 0.000430075)), (2, (5, 0.00044811, 6.6566e-5, 0.000514869)), (2, (6, 0.000346865, 5.0604e-5, 0.000397667)), (2, (7, 0.000433413, 9.7348e-5, 0.000530982))]), (1296, 14, 0.003499283, [(2, (0, 0.000585842, 1.4459e-5, 0.000600489)), (2, (1, 0.000410804, 2.9877e-5, 0.000440877)), (2, (2, 0.003288325, 0.000176395, 0.003465224)), (2, (3, 0.00041212, 0.0001859, 0.000598237)), (2, (4, 0.000489854, 4.2914e-5, 0.000532979)), (2, (5, 0.000572923, 0.000274635, 0.00084784)), (1, (6, 0.000180608, 0.000112333, 0.000293129)), (1, (7, 0.000308588, 0.000149822, 0.000458843))]), (1312, 15, 0.00105972, [(2, (0, 0.000447825, 6.912e-6, 0.00045506)), (2, (1, 0.000463956, 0.000105033, 0.000569243)), (2, (2, 0.00036381, 5.051e-5, 0.000414569)), (2, (3, 0.00067072, 0.000179449, 0.000850522)), (2, (4, 0.000490208, 3.8643e-5, 0.000529144)), (2, (5, 0.000731859, 0.000269728, 0.001002008)), (2, (6, 0.000506015, 0.000189458, 0.000695771)), (1, (7, 0.000168779, 0.000225889, 0.000397967))]), (1328, 16, 0.001016795, [(2, (0, 0.000346607, 0.000134334, 0.000481228)), (2, (1, 0.00036535, 0.000135291, 0.00050104)), (2, (2, 0.000498675, 5.2048e-5, 0.00055108)), (2, (3, 0.000895089, 6.8141e-5, 0.000963493)), (2, (4, 0.000366332, 1.6294e-5, 0.000382887)), (2, (5, 0.000430049, 0.000101134, 0.000531505)), (2, (6, 0.000440385, 3.56e-5, 0.000476368)), (2, (7, 0.000467789, 8.4245e-5, 0.000552338))]), (1344, 16, 0.00103281, [(2, (0, 0.000448735, 1.5196e-5, 0.00046424)), (2, (1, 0.000459253, 2.8119e-5, 0.000487647)), (2, (2, 0.00065254, 9.3826e-5, 0.000746642)), (2, (3, 0.000817183, 0.000167105, 0.000984651)), (2, (4, 0.00072819, 4.5764e-5, 0.000774265)), (2, (5, 0.000466259, 7.8756e-5, 0.000545303)), (2, (6, 0.000518762, 6.1438e-5, 0.000580494)), (2, (7, 0.000525356, 0.0001658, 0.000691396))]), (1360, 15, 0.001862106, [(2, (0, 0.000302481, 1.6734e-5, 0.000319454)), (2, (1, 0.000480374, 3.6538e-5, 0.000517194)), (2, (2, 0.000539499, 0.000100062, 0.000639827)), (2, (3, 0.001690402, 0.000118793, 0.001809494)), (2, (4, 0.000779162, 4.9908e-5, 0.000829368)), (2, (5, 0.000394562, 8.343e-5, 0.000478258)), (2, (6, 0.000481709, 6.5175e-5, 0.000547159)), (1, (7, 0.000338167, 0.000164261, 0.000502868))]), (1376, 15, 0.000594418, [(2, (0, 0.000429956, 1.3344e-5, 0.000443564)), (2, (1, 0.000497951, 2.6249e-5, 0.000524621)), (2, (2, 0.000438108, 9.018e-5, 0.000528587)), (2, (3, 0.000459068, 0.000101862, 0.000561279)), (2, (4, 0.000440958, 0.000149273, 0.000590545)), (2, (5, 0.00039957, 0.000173004, 0.000572791)), (2, (6, 0.000389143, 0.000173773, 0.00056335)), (1, (7, 0.00020886, 0.000176453, 0.000385659))]), (1392, 15, 0.000583412, [(2, (0, 0.000461704, 4.5585e-5, 0.0005075)), (2, (1, 0.000282433, 0.000113985, 0.000396659)), (2, (2, 0.000368871, 0.000107418, 0.000476531)), (2, (3, 0.00039873, 0.000107639, 0.000506598)), (2, (4, 0.00054236, 1.5451e-5, 0.000558071)), (2, (5, 0.000323769, 6.2981e-5, 0.000387056)), (2, (6, 0.000386, 2.9426e-5, 0.00041564)), (1, (7, 0.000228512, 7.6676e-5, 0.000305411))]), (1408, 14, 0.000741222, [(2, (0, 0.000392808, 1.3419e-5, 0.000406427)), (2, (1, 0.000490392, 8.5629e-5, 0.000576263)), (2, (2, 0.000532067, 3.0365e-5, 0.000562665)), (2, (3, 0.000594644, 0.000104595, 0.000699425)), (2, (4, 0.00036216, 4.379e-5, 0.000406178)), (2, (5, 0.00048279, 7.333e-5, 0.000556373)), (1, (6, 0.000266583, 5.8123e-5, 0.000324937)), (1, (7, 0.000440224, 0.00011366, 0.000554113))]), (1424, 13, 0.000665974, [(2, (0, 0.000315791, 1.2469e-5, 0.000328451)), (2, (1, 0.000615698, 2.3692e-5, 0.000642083)), (2, (2, 0.000353997, 7.4196e-5, 0.000428404)), (2, (3, 0.00033823, 0.000144487, 0.000483092)), (2, (4, 0.000276296, 3.7686e-5, 0.000314195)), (1, (5, 0.000124996, 6.1769e-5, 0.000186944)), (1, (6, 0.000162124, 5.0028e-5, 0.000212359)), (1, (7, 0.000252615, 0.000138345, 0.000391307))]), (1440, 16, 0.000952509, [(2, (0, 0.000327179, 1.2834e-5, 0.000340198)), (2, (1, 0.000666557, 0.000103127, 0.000770234)), (2, (2, 0.00041912, 2.7668e-5, 0.000447)), (2, (3, 0.000486971, 0.000117252, 0.000604433)), (2, (4, 0.000487701, 4.5732e-5, 0.000533718)), (2, (5, 0.000630173, 0.000247288, 0.000877709)), (2, (6, 0.000632533, 0.000198773, 0.000831621)), (2, (7, 0.000595447, 0.000260759, 0.000856588))]), (1456, 14, 0.001181633, [(2, (0, 0.000326221, 1.4011e-5, 0.000340478)), (2, (1, 0.00109809, 5.6057e-5, 0.001154396)), (2, (2, 0.000390293, 4.314e-5, 0.000433713)), (2, (3, 0.000409891, 0.000108562, 0.000518794)), (2, (4, 0.000318237, 3.0508e-5, 0.000348988)), (2, (5, 0.000321519, 8.4321e-5, 0.000406105)), (1, (6, 0.000175291, 7.1458e-5, 0.000249722)), (1, (7, 0.000141008, 0.000101809, 0.000243078))]), (1472, 16, 0.000919718, [(2, (0, 0.000364794, 1.2887e-5, 0.000377937)), (2, (1, 0.000314716, 9.0558e-5, 0.000405509)), (2, (2, 0.00036387, 3.9488e-5, 0.000403593)), (2, (3, 0.000361832, 0.000173536, 0.000535631)), (2, (4, 0.000366646, 2.7287e-5, 0.000394118)), (2, (5, 0.000551304, 0.000158622, 0.000710151)), (2, (6, 0.000548179, 0.000105501, 0.000653924)), (2, (7, 0.000617989, 0.000216416, 0.000834853))]), (1488, 15, 0.00053923, [(2, (0, 0.000323571, 1.2077e-5, 0.000335875)), (2, (1, 0.000432101, 8.4034e-5, 0.000516341)), (2, (2, 0.000297808, 2.4219e-5, 0.000322232)), (2, (3, 0.000249392, 9.9708e-5, 0.000349311)), (2, (4, 0.000321158, 3.8134e-5, 0.000359541)), (2, (5, 0.000288777, 0.000127559, 0.00041655)), (2, (6, 0.000313426, 0.000114774, 0.000428429)), (1, (7, 0.000136475, 0.000132722, 0.000269397))]), (1504, 16, 0.000766051, [(2, (0, 0.000424848, 2.0456e-5, 0.000445551)), (2, (1, 0.000373348, 3.6171e-5, 0.000409707)), (2, (2, 0.000453791, 4.3454e-5, 0.000497424)), (2, (3, 0.000663774, 4.9186e-5, 0.000713171)), (2, (4, 0.000353742, 5.6538e-5, 0.000410528)), (2, (5, 0.000436698, 6.3515e-5, 0.000500407)), (2, (6, 0.000402745, 6.3224e-5, 0.000466174)), (2, (7, 0.00041808, 6.8995e-5, 0.000487259))]), (1520, 16, 0.000813258, [(2, (0, 0.00043864, 1.3494e-5, 0.000452364)), (2, (1, 0.000417088, 2.8488e-5, 0.000445896)), (2, (2, 0.000532032, 4.1342e-5, 0.000573592)), (2, (3, 0.00035816, 5.5828e-5, 0.000414321)), (2, (4, 0.000475281, 8.7949e-5, 0.000563443)), (2, (5, 0.00052161, 0.000144764, 0.00066725)), (2, (6, 0.000671862, 0.000100733, 0.000772776)), (2, (7, 0.000498195, 0.000108221, 0.00060668))]), (1536, 14, 0.000518577, [(2, (0, 0.00040029, 1.4079e-5, 0.000414571)), (2, (1, 0.000290228, 2.7384e-5, 0.000317821)), (2, (2, 0.000381866, 0.000111312, 0.000493381)), (2, (3, 0.000290113, 0.00012771, 0.00041802)), (2, (4, 0.000280833, 3.9935e-5, 0.00032097)), (2, (5, 0.0002529, 0.000158105, 0.000411118)), (1, (6, 0.000105804, 5.1162e-5, 0.000157177)), (1, (7, 0.000145882, 0.000101402, 0.000247537))]), (1552, 16, 0.000853146, [(2, (0, 0.000414763, 1.4018e-5, 0.000429009)), (2, (1, 0.000428552, 2.8197e-5, 0.00045701)), (2, (2, 0.000480793, 8.1854e-5, 0.000562871)), (2, (3, 0.0004396, 9.3477e-5, 0.00053327)), (2, (4, 0.000517698, 4.1978e-5, 0.000559939)), (2, (5, 0.000452233, 6.6877e-5, 0.000519318)), (2, (6, 0.000469234, 5.2372e-5, 0.000521822)), (2, (7, 0.000650151, 0.000115864, 0.000767154))]), (1568, 16, 0.000731584, [(2, (0, 0.000383926, 1.2983e-5, 0.000397127)), (2, (1, 0.000451182, 2.6584e-5, 0.000477998)), (2, (2, 0.000390903, 0.000163691, 0.000554801)), (2, (3, 0.000373927, 0.000177857, 0.000552)), (2, (4, 0.000304857, 4.2059e-5, 0.000347099)), (2, (5, 0.00039833, 0.000108853, 0.000507423)), (2, (6, 0.00040296, 9.1638e-5, 0.000494787)), (2, (7, 0.000490632, 0.000184376, 0.00067522))]), (1584, 16, 0.003873744, [(2, (0, 0.00089644, 1.4864e-5, 0.000911625)), (2, (1, 0.001403503, 3.0314e-5, 0.001434027)), (2, (2, 0.003760558, 8.4109e-5, 0.003844928)), (2, (3, 0.000557608, 0.000106056, 0.000663875)), (2, (4, 0.001313156, 4.4046e-5, 0.001357428)), (2, (5, 0.000332001, 7.0793e-5, 0.000403023)), (2, (6, 0.000387647, 6.6431e-5, 0.000454326)), (2, (7, 0.000437155, 9.7966e-5, 0.000535334))]), (1600, 16, 0.00089876, [(2, (0, 0.000775605, 1.4311e-5, 0.00079025)), (2, (1, 0.000365279, 5.874e-5, 0.000424241)), (2, (2, 0.000587387, 2.8382e-5, 0.000616124)), (2, (3, 0.000740261, 0.000106694, 0.000847193)), (2, (4, 0.000699402, 4.7591e-5, 0.000747209)), (2, (5, 0.000407281, 0.000100291, 0.000507795)), (2, (6, 0.000442209, 7.6731e-5, 0.000519183)), (2, (7, 0.000329653, 0.000131237, 0.000461239))]), (1616, 15, 0.00060018, [(2, (0, 0.000342601, 1.4037e-5, 0.000356908)), (2, (1, 0.000285852, 2.8184e-5, 0.000314288)), (2, (2, 0.000408052, 9.5158e-5, 0.000503436)), (2, (3, 0.000340272, 0.00019086, 0.000531573)), (2, (4, 0.000336736, 4.2918e-5, 0.000379907)), (2, (5, 0.000369643, 8.0289e-5, 0.000450246)), (2, (6, 0.000475391, 5.7642e-5, 0.00053328)), (1, (7, 9.7372e-5, 0.000110736, 0.000208347))]), (1632, 16, 0.000465515, [(2, (0, 0.00027221, 1.3858e-5, 0.00028632)), (2, (1, 0.000302707, 8.5639e-5, 0.000388615)), (2, (2, 0.000404411, 4.7399e-5, 0.00045224)), (2, (3, 0.000295983, 0.000100291, 0.000396505)), (2, (4, 0.000361757, 3.0751e-5, 0.00039277)), (2, (5, 0.000275393, 7.2749e-5, 0.000348367)), (2, (6, 0.000360246, 5.9397e-5, 0.000419888)), (2, (7, 0.000315424, 0.000104526, 0.00042016))]), (1648, 15, 0.000784394, [(2, (0, 0.000411316, 1.4827e-5, 0.000426417)), (2, (1, 0.00052004, 3.0745e-5, 0.000551029)), (2, (2, 0.00045259, 8.7951e-5, 0.000540756)), (2, (3, 0.000622573, 0.000105887, 0.000728668)), (2, (4, 0.000460753, 4.5424e-5, 0.000506396)), (2, (5, 0.000648695, 0.000101948, 0.000750903)), (2, (6, 0.000716828, 5.762e-5, 0.00077469)), (1, (7, 0.000250009, 7.4225e-5, 0.000324512))]), (1664, 16, 0.000748694, [(2, (0, 0.000441532, 1.3287e-5, 0.00045505)), (2, (1, 0.000399734, 1.5068e-5, 0.000415018)), (2, (2, 0.000444259, 5.3036e-5, 0.000497514)), (2, (3, 0.000437377, 8.714e-5, 0.00052473)), (2, (4, 0.000493008, 4.0397e-5, 0.000533619)), (2, (5, 0.000626028, 6.6919e-5, 0.000693149)), (2, (6, 0.000430861, 4.184e-5, 0.000472984)), (2, (7, 0.00048402, 8.0873e-5, 0.000565108))]), (1680, 15, 0.004466184, [(2, (0, 0.000388807, 1.4993e-5, 0.000404043)), (2, (1, 0.000575871, 0.000140449, 0.000716547)), (2, (2, 0.000485436, 7.1159e-5, 0.000556848)), (2, (3, 0.000512818, 0.000173701, 0.000686747)), (2, (4, 0.000567309, 3.2851e-5, 0.000600451)), (2, (5, 0.003053969, 0.000166652, 0.003220886)), (2, (6, 0.004374837, 4.2394e-5, 0.004417455)), (1, (7, 0.000298864, 5.8316e-5, 0.000357436))]), (1696, 15, 0.0007026, [(2, (0, 0.000243088, 1.5201e-5, 0.000258546)), (2, (1, 0.000260516, 4.3278e-5, 0.000304103)), (2, (2, 0.000307641, 5.634e-5, 0.000364252)), (2, (3, 0.000330039, 6.9771e-5, 0.000400193)), (2, (4, 0.000387844, 0.00012912, 0.000517347)), (2, (5, 0.000507648, 0.000149979, 0.000657942)), (2, (6, 0.000461338, 0.000141847, 0.000603418)), (1, (7, 0.000112899, 0.000155061, 0.000268303))]), (1712, 15, 0.000850717, [(2, (0, 0.000577865, 1.5126e-5, 0.000593286)), (2, (1, 0.000565527, 3.5881e-5, 0.000601676)), (2, (2, 0.000343688, 8.9138e-5, 0.00043307)), (2, (3, 0.000647744, 0.000153497, 0.000801713)), (2, (4, 0.000387113, 5.1601e-5, 0.000438948)), (2, (5, 0.000431435, 7.6742e-5, 0.000508395)), (2, (6, 0.000455739, 6.4872e-5, 0.000520861)), (1, (7, 0.00018299, 0.000107988, 0.000291259))]), (1728, 16, 0.000669219, [(2, (0, 0.000338212, 1.3608e-5, 0.00035204)), (2, (1, 0.000390681, 0.000102827, 0.000493734)), (2, (2, 0.000427091, 4.9262e-5, 0.000476606)), (2, (3, 0.00047546, 0.000149486, 0.000625171)), (2, (4, 0.000404681, 2.8849e-5, 0.000433781)), (2, (5, 0.000390345, 0.000135562, 0.000526199)), (2, (6, 0.000466919, 0.000118775, 0.000585938)), (2, (7, 0.000359083, 0.000157659, 0.000517005))]), (1744, 14, 0.001898474, [(2, (0, 0.0018796, 1.6116e-5, 0.001896078)), (2, (1, 0.000404702, 5.6797e-5, 0.000461727)), (2, (2, 0.000322069, 4.2975e-5, 0.000365288)), (2, (3, 0.000275498, 0.000102119, 0.00037785)), (2, (4, 0.000288091, 3.0469e-5, 0.000318789)), (2, (5, 0.000263767, 9.4625e-5, 0.000358571)), (1, (6, 0.000120968, 7.0089e-5, 0.000191269)), (1, (7, 0.000187076, 8.0862e-5, 0.000268153))]), (1760, 14, 0.000549217, [(2, (0, 0.00036515, 5.755e-6, 0.000371085)), (2, (1, 0.000259009, 2.3985e-5, 0.000283268)), (2, (2, 0.000331142, 1.5909e-5, 0.000347357)), (2, (3, 0.000300355, 3.0294e-5, 0.00033104)), (2, (4, 0.000320467, 1.496e-5, 0.000335696)), (2, (5, 0.00046622, 3.1118e-5, 0.0004976)), (1, (6, 0.00013986, 2.7885e-5, 0.000168044)), (1, (7, 0.00026229, 7.2138e-5, 0.000334906))]), (1776, 15, 0.00064531, [(2, (0, 0.000560801, 1.5035e-5, 0.00057609)), (2, (1, 0.000470099, 0.000120873, 0.000591233)), (2, (2, 0.00045743, 4.3758e-5, 0.00050146)), (2, (3, 0.000467036, 0.000162415, 0.000629638)), (2, (4, 0.000526635, 3.0886e-5, 0.000557779)), (2, (5, 0.000331208, 0.000166553, 0.000497965)), (2, (6, 0.000443689, 6.0124e-5, 0.000504058)), (1, (7, 0.000225455, 0.00017586, 0.000401543))]), (1792, 16, 0.000776135, [(2, (0, 0.000397089, 1.4029e-5, 0.000411385)), (2, (1, 0.000446657, 3.634e-5, 0.00048329)), (2, (2, 0.000386649, 9.0763e-5, 0.000477636)), (2, (3, 0.000376503, 0.000106553, 0.000483262)), (2, (4, 0.000368454, 4.8699e-5, 0.000417371)), (2, (5, 0.000575061, 0.00015627, 0.000731691)), (2, (6, 0.000518556, 6.3311e-5, 0.000582092)), (2, (7, 0.000484452, 7.6406e-5, 0.000561038))]), (1808, 15, 0.002550856, [(2, (0, 0.002535108, 1.3774e-5, 0.002549136)), (2, (1, 0.000365034, 2.8533e-5, 0.00039381)), (2, (2, 0.000292978, 8.2739e-5, 0.000375978)), (2, (3, 0.000646773, 0.000108868, 0.000755856)), (2, (4, 0.000402344, 4.3217e-5, 0.000445774)), (2, (5, 0.000414825, 0.000101906, 0.000516934)), (2, (6, 0.000332468, 5.5099e-5, 0.000387786)), (1, (7, 0.000189864, 7.049e-5, 0.000260576))]), (1824, 13, 0.000520612, [(2, (0, 0.000322744, 1.9426e-5, 0.000342408)), (2, (1, 0.000310045, 0.000120186, 0.000430489)), (2, (2, 0.000275349, 5.8114e-5, 0.000333746)), (2, (3, 0.0003109, 0.000145788, 0.00045694)), (2, (4, 0.000318161, 4.1799e-5, 0.000360298)), (1, (5, 0.000181363, 0.000181858, 0.00036353)), (1, (6, 0.000146785, 0.000165688, 0.000312738)), (1, (7, 0.000131714, 0.000222366, 0.000354354))]), (1840, 16, 0.000863737, [(2, (0, 0.000258092, 1.4514e-5, 0.000272834)), (2, (1, 0.000377749, 5.6502e-5, 0.000434497)), (2, (2, 0.000356638, 4.1535e-5, 0.000398423)), (2, (3, 0.000316077, 9.897e-5, 0.000415283)), (2, (4, 0.000353598, 2.8337e-5, 0.000382179)), (2, (5, 0.000309397, 8.5209e-5, 0.000394847)), (2, (6, 0.000709559, 6.7629e-5, 0.000777457)), (2, (7, 0.000433238, 0.000116503, 0.000549994))]), (1856, 16, 0.000744933, [(2, (0, 0.000471028, 1.6721e-5, 0.00048797)), (2, (1, 0.000419135, 9.9571e-5, 0.000518923)), (2, (2, 0.000430352, 4.0494e-5, 0.000471066)), (2, (3, 0.000545461, 0.000158737, 0.000704427)), (2, (4, 0.000523542, 2.9927e-5, 0.00055365)), (2, (5, 0.000467124, 0.000147458, 0.000614815)), (2, (6, 0.00037843, 0.000112877, 0.00049155)), (2, (7, 0.000447895, 0.000130483, 0.000578597))]), (1872, 16, 0.001071724, [(2, (0, 0.000451376, 1.3709e-5, 0.00046529)), (2, (1, 0.000963091, 1.6043e-5, 0.000979367)), (2, (2, 0.000650789, 0.000117733, 0.000769101)), (2, (3, 0.000642206, 0.000130481, 0.000773068)), (2, (4, 0.000450643, 4.572e-5, 0.000496568)), (2, (5, 0.000500699, 8.1218e-5, 0.000582114)), (2, (6, 0.000957777, 6.951e-5, 0.001027532)), (2, (7, 0.00054655, 8.539e-5, 0.000632196))]), (1888, 15, 0.003484266, [(2, (0, 0.00043858, 7.845e-6, 0.000446608)), (2, (1, 0.000445814, 4.7707e-5, 0.000493747)), (2, (2, 0.000363852, 1.0705e-5, 0.000374841)), (2, (3, 0.000507706, 3.2403e-5, 0.000540359)), (2, (4, 0.000363193, 1.1479e-5, 0.000374925)), (2, (5, 0.000448931, 0.000104058, 0.000553706)), (2, (6, 0.003409315, 1.826e-5, 0.003427803)), (1, (7, 0.000152196, 6.4269e-5, 0.000216683))]), (1904, 14, 0.000433089, [(2, (0, 0.00028653, 1.4934e-5, 0.000301725)), (2, (1, 0.000303994, 4.5133e-5, 0.000349436)), (2, (2, 0.000336863, 3.4685e-5, 0.000371991)), (2, (3, 0.000270748, 6.2863e-5, 0.000333922)), (2, (4, 0.000302979, 5.2198e-5, 0.000355504)), (2, (5, 0.000301281, 8.9311e-5, 0.000391004)), (1, (6, 0.000174508, 6.4162e-5, 0.000238959)), (1, (7, 0.000189181, 0.000127701, 0.000317136))]), (1920, 16, 0.000645091, [(2, (0, 0.000285121, 1.4426e-5, 0.000299815)), (2, (1, 0.00033035, 2.9433e-5, 0.000360042)), (2, (2, 0.000354054, 9.9439e-5, 0.000453772)), (2, (3, 0.000433035, 0.000119216, 0.000552577)), (2, (4, 0.000368422, 5.0433e-5, 0.000419108)), (2, (5, 0.000360055, 7.9293e-5, 0.000439608)), (2, (6, 0.000406235, 6.4369e-5, 0.000470867)), (2, (7, 0.000395836, 0.000112031, 0.000508107))]), (1936, 16, 0.000809215, [(2, (0, 0.000478088, 1.4691e-5, 0.000492999)), (2, (1, 0.000573114, 6.7456e-5, 0.000640767)), (2, (2, 0.000369857, 3.1505e-5, 0.000401574)), (2, (3, 0.000461335, 8.3385e-5, 0.000544919)), (2, (4, 0.000332082, 5.4733e-5, 0.000387031)), (2, (5, 0.00048597, 0.000114716, 0.000600912)), (2, (6, 0.000446474, 9.9161e-5, 0.000545899)), (2, (7, 0.000584449, 0.00013524, 0.000720095))]), (1952, 16, 0.00064458, [(2, (0, 0.000363926, 1.3662e-5, 0.000377826)), (2, (1, 0.000458283, 0.00011054, 0.000569066)), (2, (2, 0.000321547, 6.3204e-5, 0.000385076)), (2, (3, 0.000486384, 7.5079e-5, 0.000561675)), (2, (4, 0.000358935, 2.9495e-5, 0.000388657)), (2, (5, 0.000393768, 0.000112911, 0.000506887)), (2, (6, 0.000392733, 4.3071e-5, 0.000436029)), (2, (7, 0.000472179, 9.0905e-5, 0.000563331))]), (1968, 15, 0.000697654, [(2, (0, 0.000293249, 7.287e-6, 0.000300733)), (2, (1, 0.000641981, 1.922e-5, 0.00066146)), (2, (2, 0.000330075, 7.6311e-5, 0.000406597)), (2, (3, 0.000349129, 9.6373e-5, 0.000445696)), (2, (4, 0.000239753, 3.4222e-5, 0.000274204)), (2, (5, 0.000248796, 6.1244e-5, 0.000310294)), (2, (6, 0.000297769, 4.5971e-5, 0.00034397)), (1, (7, 0.000149637, 9.0299e-5, 0.000240148))]), (1984, 16, 0.000774519, [(2, (0, 0.000308532, 1.6289e-5, 0.000325059)), (2, (1, 0.000326079, 4.8413e-5, 0.000374812)), (2, (2, 0.000358366, 0.000107467, 0.000466128)), (2, (3, 0.000305692, 0.000131378, 0.000437286)), (2, (4, 0.00038702, 6.3135e-5, 0.000450408)), (2, (5, 0.000307622, 9.2174e-5, 0.000400047)), (2, (6, 0.000471141, 7.6062e-5, 0.000547466)), (2, (7, 0.000566587, 0.000139089, 0.00070783))]), (2000, 16, 0.000438702, [(2, (0, 0.000232472, 1.41e-5, 0.000246813)), (2, (1, 0.000285799, 3.0423e-5, 0.000316484)), (2, (2, 0.000307973, 9.2707e-5, 0.000400941)), (2, (3, 0.000266763, 0.000108421, 0.000375384)), (2, (4, 0.000251864, 4.9276e-5, 0.000301509)), (2, (5, 0.000273683, 0.000117168, 0.000391083)), (2, (6, 0.000306309, 6.3937e-5, 0.000370593)), (2, (7, 0.000266791, 7.8042e-5, 0.000345099))]), (2016, 16, 0.000636499, [(2, (0, 0.00030715, 1.5659e-5, 0.000323056)), (2, (1, 0.000326088, 3.3718e-5, 0.000360043)), (2, (2, 0.000296198, 8.8164e-5, 0.000384586)), (2, (3, 0.000440984, 0.000103038, 0.000544239)), (2, (4, 0.000357514, 4.8495e-5, 0.000406254)), (2, (5, 0.000290011, 7.427e-5, 0.00036455)), (2, (6, 0.000360297, 5.9331e-5, 0.000419874)), (2, (7, 0.00043749, 0.000108767, 0.000546458))]), (2032, 16, 0.000735533, [(2, (0, 0.000511604, 1.4827e-5, 0.000526657)), (2, (1, 0.000538994, 5.7266e-5, 0.000596496)), (2, (2, 0.000424775, 2.99e-5, 0.000454899)), (2, (3, 0.000378892, 7.2546e-5, 0.00045165)), (2, (4, 0.00038144, 4.3894e-5, 0.000425563)), (2, (5, 0.000414973, 0.000103047, 0.000518215)), (2, (6, 0.000371834, 8.7092e-5, 0.000459136)), (2, (7, 0.000538468, 0.000109815, 0.00064848))]), (2048, 16, 0.000661906, [(2, (0, 0.000342329, 1.4285e-5, 0.00035684)), (2, (1, 0.000566792, 5.6486e-5, 0.000623485)), (2, (2, 0.000615013, 4.3059e-5, 0.000658297)), (2, (3, 0.000486732, 7.1021e-5, 0.000557996)), (2, (4, 0.000378524, 2.9664e-5, 0.000408448)), (2, (5, 0.000421338, 9.927e-5, 0.000520823)), (2, (6, 0.000316911, 8.6009e-5, 0.000403119)), (2, (7, 0.000328688, 0.000106328, 0.000435231))]), (2064, 13, 0.000629852, [(2, (0, 0.000489995, 1.3803e-5, 0.000504142)), (2, (1, 0.000469878, 5.1629e-5, 0.000521745)), (2, (2, 0.000263883, 6.7972e-5, 0.000332087)), (2, (3, 0.000338725, 7.9405e-5, 0.000418369)), (2, (4, 0.000384919, 0.000109722, 0.000494879)), (1, (5, 0.000392143, 0.000160455, 0.000552814)), (1, (6, 0.000132828, 0.000124186, 0.000257242)), (1, (7, 0.000154758, 0.00025763, 0.000412567))]), (2080, 16, 0.006071625, [(2, (0, 0.00033699, 1.5435e-5, 0.000352815)), (2, (1, 0.000589786, 2.9758e-5, 0.000619765)), (2, (2, 0.00592392, 0.000112168, 0.006036536)), (2, (3, 0.000311972, 0.000209507, 0.000521692)), (2, (4, 0.000330865, 5.2197e-5, 0.000383352)), (2, (5, 0.000355146, 0.000132423, 0.000487837)), (2, (6, 0.000368255, 7.8671e-5, 0.000447115)), (2, (7, 0.000285771, 9.3869e-5, 0.000379919))]), (2096, 16, 0.000895552, [(2, (0, 0.000353186, 1.7081e-5, 0.000370498)), (2, (1, 0.000403387, 8.9352e-5, 0.000493101)), (2, (2, 0.000450167, 5.6591e-5, 0.000507135)), (2, (3, 0.000301944, 7.1275e-5, 0.000373492)), (2, (4, 0.000279688, 3.4211e-5, 0.000314275)), (2, (5, 0.000688644, 0.000162529, 0.000851567)), (2, (6, 0.000373897, 0.000111367, 0.000485595)), (2, (7, 0.000408464, 0.000170969, 0.000579737))]), (2112, 16, 0.000977895, [(2, (0, 0.000495546, 1.5935e-5, 0.00051179)), (2, (1, 0.000395825, 3.2322e-5, 0.000428381)), (2, (2, 0.000927736, 2.3473e-5, 0.000951473)), (2, (3, 0.000465766, 9.315e-5, 0.000559113)), (2, (4, 0.000427829, 5.5121e-5, 0.000483241)), (2, (5, 0.000555432, 0.000207347, 0.000763026)), (2, (6, 0.000567777, 0.000124851, 0.000693044)), (2, (7, 0.000569485, 0.000201664, 0.000771447))]), (2128, 15, 0.00064617, [(2, (0, 0.00041314, 1.7499e-5, 0.000430898)), (2, (1, 0.000464863, 5.907e-5, 0.000524194)), (2, (2, 0.000359898, 4.5509e-5, 0.000405645)), (2, (3, 0.000422643, 0.000135098, 0.000557957)), (2, (4, 0.000520057, 3.1794e-5, 0.000554909)), (2, (5, 0.000472849, 8.9308e-5, 0.000562436)), (2, (6, 0.000402026, 7.5714e-5, 0.000478064)), (1, (7, 0.000195458, 0.000154726, 0.000350557))]), (2144, 15, 0.00063054, [(2, (0, 0.000283317, 1.3328e-5, 0.00029689)), (2, (1, 0.000362084, 7.0797e-5, 0.000433124)), (2, (2, 0.000491121, 5.8108e-5, 0.000549526)), (2, (3, 0.000482717, 0.000101539, 0.000584489)), (2, (4, 0.000431311, 2.94e-5, 0.000460957)), (2, (5, 0.00036441, 8.5902e-5, 0.000450529)), (2, (6, 0.00034682, 4.1891e-5, 0.000388948)), (1, (7, 0.000253198, 0.000111224, 0.000364741))]), (2160, 14, 0.004218474, [(2, (0, 0.000260489, 1.5897e-5, 0.00027666)), (2, (1, 0.000334085, 2.9578e-5, 0.000363888)), (2, (2, 0.000283618, 9.0967e-5, 0.000374843)), (2, (3, 0.004064264, 0.000105088, 0.004169597)), (2, (4, 0.004046629, 4.4851e-5, 0.004091822)), (2, (5, 0.000266989, 7.5635e-5, 0.000342827)), (1, (6, 0.000295856, 6.1184e-5, 0.000357285)), (1, (7, 0.000155569, 0.000111821, 0.000267623))]), (2176, 15, 0.000772356, [(2, (0, 0.000296035, 1.5007e-5, 0.000311314)), (2, (1, 0.000335771, 7.3571e-5, 0.000409598)), (2, (2, 0.000320939, 5.9613e-5, 0.000380851)), (2, (3, 0.000525814, 0.000161951, 0.000688701)), (2, (4, 0.000344631, 4.4765e-5, 0.000389621)), (2, (5, 0.00029759, 0.00011918, 0.000417011)), (2, (6, 0.000216641, 9.0207e-5, 0.000307176)), (1, (7, 0.000116695, 0.000103383, 0.000220278))]), (2192, 16, 0.001279417, [(2, (0, 0.00071734, 1.4243e-5, 0.000731856)), (2, (1, 0.000244359, 5.786e-5, 0.000302454)), (2, (2, 0.000318058, 4.4632e-5, 0.000362972)), (2, (3, 0.000231101, 0.00015262, 0.000384003)), (2, (4, 0.000286149, 3.0367e-5, 0.000316766)), (2, (5, 0.000370082, 0.000144557, 0.000514886)), (2, (6, 0.001145046, 7.2883e-5, 0.001218221)), (2, (7, 0.000249624, 0.00012939, 0.000379264))]), (2208, 16, 0.000691734, [(2, (0, 0.000240728, 6.1e-6, 0.000247045)), (2, (1, 0.000261538, 0.000120575, 0.000382367)), (2, (2, 0.000263105, 5.7922e-5, 0.000321279)), (2, (3, 0.000350005, 0.000131762, 0.000481988)), (2, (4, 0.000298336, 4.5802e-5, 0.000344369)), (2, (5, 0.00030603, 0.00019705, 0.000503448)), (2, (6, 0.000343335, 0.000171837, 0.000515435)), (2, (7, 0.000393719, 0.000204778, 0.000598775))]), (2224, 16, 0.000850592, [(2, (0, 0.000394081, 1.6177e-5, 0.000410473)), (2, (1, 0.000418343, 6.1709e-5, 0.000480302)), (2, (2, 0.000432852, 3.1565e-5, 0.000464617)), (2, (3, 0.000320158, 7.6128e-5, 0.000396532)), (2, (4, 0.000562185, 4.7206e-5, 0.000609707)), (2, (5, 0.000557438, 0.000108357, 0.000666003)), (2, (6, 0.000583269, 9.2551e-5, 0.000676062)), (2, (7, 0.000593123, 0.000158462, 0.000752097))]), (2240, 16, 0.000737966, [(2, (0, 0.000495729, 1.9315e-5, 0.000515304)), (2, (1, 0.000464541, 6.2715e-5, 0.00052748)), (2, (2, 0.000379771, 4.9024e-5, 0.000429055)), (2, (3, 0.000590223, 9.1529e-5, 0.000681995)), (2, (4, 0.000384053, 3.3971e-5, 0.000418232)), (2, (5, 0.000348126, 0.000105576, 0.000453888)), (2, (6, 0.000478024, 7.6901e-5, 0.000555152)), (2, (7, 0.000565527, 0.00014109, 0.00070711))]), (2256, 15, 0.000622993, [(2, (0, 0.00028081, 1.3852e-5, 0.000294896)), (2, (1, 0.000279305, 1.5363e-5, 0.000294909)), (2, (2, 0.000401907, 7.1183e-5, 0.000473318)), (2, (3, 0.000307685, 7.1402e-5, 0.000379369)), (2, (4, 0.000230165, 9.9327e-5, 0.0003297)), (2, (5, 0.000401035, 0.000158183, 0.000559612)), (2, (6, 0.000177069, 8.3937e-5, 0.000261212)), (1, (7, 8.7108e-5, 0.000110941, 0.000198241))]), (2272, 14, 0.00422328, [(2, (0, 0.000214899, 1.5831e-5, 0.00023095)), (2, (1, 0.002260596, 8.9258e-5, 0.002350274)), (2, (2, 0.000512905, 3.6782e-5, 0.000549929)), (2, (3, 0.00041671, 7.538e-5, 0.000492371)), (2, (4, 0.000480071, 4.8408e-5, 0.000528729)), (2, (5, 0.004053921, 0.000119187, 0.004173413)), (1, (6, 0.000146862, 7.3648e-5, 0.000220792)), (1, (7, 0.000219201, 0.000105657, 0.000325135))]), (2288, 15, 0.004657871, [(2, (0, 0.004639313, 1.6206e-5, 0.004655796)), (2, (1, 0.00032138, 6.435e-5, 0.000385978)), (2, (2, 0.000332599, 3.1035e-5, 0.000363874)), (2, (3, 0.00033411, 9.5369e-5, 0.000429768)), (2, (4, 0.000280983, 5.0477e-5, 0.000331803)), (2, (5, 0.000320473, 0.000175513, 0.000496347)), (2, (6, 0.000329604, 7.8143e-5, 0.00040803)), (1, (7, 0.000239354, 0.000168897, 0.000408625))]), (2304, 15, 0.000558306, [(2, (0, 0.000325658, 1.954e-5, 0.000345436)), (2, (1, 0.000267878, 0.000172192, 0.000440356)), (2, (2, 0.000377651, 0.000154202, 0.000532204)), (2, (3, 0.000268866, 0.00019422, 0.000463407)), (2, (4, 0.000239712, 4.9913e-5, 0.000289933)), (2, (5, 0.000262011, 0.000206769, 0.000469037)), (2, (6, 0.00027191, 6.4705e-5, 0.000336867)), (1, (7, 0.000143919, 0.000128999, 0.000273174))]), (2320, 16, 0.000670595, [(2, (0, 0.000357351, 1.7311e-5, 0.0003749)), (2, (1, 0.000406944, 7.5392e-5, 0.00048257)), (2, (2, 0.000407173, 4.806e-5, 0.000455451)), (2, (3, 0.000358698, 0.000115318, 0.000474256)), (2, (4, 0.000357661, 3.4465e-5, 0.000392371)), (2, (5, 0.000514974, 9.2762e-5, 0.000608007)), (2, (6, 0.000395051, 6.2881e-5, 0.000458193)), (2, (7, 0.000478199, 0.000121619, 0.000600066))]), (2336, 14, 0.000674725, [(2, (0, 0.000345426, 1.4972e-5, 0.000360642)), (2, (1, 0.000589569, 5.8902e-5, 0.000648683)), (2, (2, 0.000416908, 4.5788e-5, 0.00046295)), (2, (3, 0.000377414, 0.000105034, 0.000482649)), (2, (4, 0.000481601, 3.1477e-5, 0.000513282)), (2, (5, 0.000404539, 0.000100705, 0.000505469)), (1, (6, 0.000175032, 7.4168e-5, 0.000249424)), (1, (7, 0.000237914, 8.7049e-5, 0.00032517))]), (2352, 15, 0.000899888, [(2, (0, 0.000393047, 1.4424e-5, 0.000407685)), (2, (1, 0.000393746, 5.3838e-5, 0.000447766)), (2, (2, 0.000438034, 4.3126e-5, 0.000484688)), (2, (3, 0.000494331, 6.9939e-5, 0.000564506)), (2, (4, 0.000399137, 2.9425e-5, 0.000428795)), (2, (5, 0.000707979, 0.000145822, 0.000854671)), (2, (6, 0.000437764, 8.4916e-5, 0.000522907)), (1, (7, 0.000181352, 9.713e-5, 0.000278696))]), (2368, 15, 0.000617692, [(2, (0, 0.000311582, 1.5516e-5, 0.000327305)), (2, (1, 0.000533945, 5.8953e-5, 0.000593105)), (2, (2, 0.000364876, 4.6834e-5, 0.000411952)), (2, (3, 0.00046654, 0.000108975, 0.000575976)), (2, (4, 0.000420333, 3.2684e-5, 0.000453287)), (2, (5, 0.000448785, 6.0827e-5, 0.000509868)), (2, (6, 0.000309087, 4.6643e-5, 0.000355994)), (1, (7, 0.000242225, 6.7483e-5, 0.000310152))]), (2384, 16, 0.000573964, [(2, (0, 0.000278524, 1.3364e-5, 0.000292143)), (2, (1, 0.000295598, 2.763e-5, 0.000323447)), (2, (2, 0.000333728, 9.0118e-5, 0.000424082)), (2, (3, 0.000349429, 0.000153778, 0.00050383)), (2, (4, 0.00030639, 4.0899e-5, 0.000347514)), (2, (5, 0.000338492, 6.8794e-5, 0.000407523)), (2, (6, 0.00026269, 5.4547e-5, 0.000317477)), (2, (7, 0.000312025, 0.000106511, 0.000418885))]), (2400, 13, 0.00048388, [(2, (0, 0.000313149, 1.5027e-5, 0.000328449)), (2, (1, 0.000321602, 5.7469e-5, 0.000379309)), (2, (2, 0.00036233, 4.3247e-5, 0.000405834)), (2, (3, 0.000297602, 0.000146801, 0.000444821)), (2, (4, 0.000294545, 3.2639e-5, 0.000327394)), (1, (5, 0.000165505, 0.000112558, 0.000278359)), (1, (6, 0.000141878, 7.1426e-5, 0.000213545)), (1, (7, 0.000138078, 8.5067e-5, 0.000223371))]), (2416, 16, 0.000530767, [(2, (0, 0.000359591, 1.5212e-5, 0.000375091)), (2, (1, 0.000318295, 3.2682e-5, 0.000351205)), (2, (2, 0.000275744, 9.7271e-5, 0.000373241)), (2, (3, 0.000246865, 0.000111772, 0.000358835)), (2, (4, 0.000295586, 4.6765e-5, 0.000342579)), (2, (5, 0.000344222, 8.3479e-5, 0.000427911)), (2, (6, 0.000284287, 6.2624e-5, 0.000347149)), (2, (7, 0.000336853, 0.00012117, 0.000460732))]), (2432, 15, 0.000684091, [(2, (0, 0.000271209, 1.4958e-5, 0.00028639)), (2, (1, 0.000326455, 3.0986e-5, 0.000357697)), (2, (2, 0.00056785, 8.9318e-5, 0.00065739)), (2, (3, 0.000272089, 0.000100489, 0.000372773)), (2, (4, 0.000291487, 4.6172e-5, 0.000337889)), (2, (5, 0.000321765, 0.000108292, 0.000430249)), (2, (6, 0.000412539, 6.075e-5, 0.000473501)), (1, (7, 0.00013369, 7.9277e-5, 0.0002132))]), (2448, 16, 0.000957734, [(2, (0, 0.000372991, 1.4527e-5, 0.000387726)), (2, (1, 0.000303206, 0.000105031, 0.000408441)), (2, (2, 0.000303112, 4.4388e-5, 0.000347713)), (2, (3, 0.000689627, 0.000216139, 0.000906192)), (2, (4, 0.000392096, 3.095e-5, 0.000423242)), (2, (5, 0.000475661, 0.00017772, 0.000653574)), (2, (6, 0.000553722, 0.000150398, 0.000704356)), (2, (7, 0.000497101, 0.000165207, 0.000662521))]), (2464, 15, 0.000885215, [(2, (0, 0.000522337, 1.7371e-5, 0.000539932)), (2, (1, 0.000416914, 7.9097e-5, 0.000496382)), (2, (2, 0.000376869, 5.3807e-5, 0.000430938)), (2, (3, 0.000659153, 0.000172161, 0.000831942)), (2, (4, 0.000512877, 4.7583e-5, 0.000560686)), (2, (5, 0.00041844, 0.000107261, 0.000526065)), (2, (6, 0.000611291, 8.988e-5, 0.000701372)), (1, (7, 0.000147766, 0.00012132, 0.00026934))]), (2480, 16, 0.000728262, [(2, (0, 0.000235428, 1.3149e-5, 0.000248818)), (2, (1, 0.000299276, 2.7993e-5, 0.000327495)), (2, (2, 0.000496245, 7.9793e-5, 0.000576275)), (2, (3, 0.000328001, 9.5111e-5, 0.000423332)), (2, (4, 0.000328935, 4.0087e-5, 0.000369229)), (2, (5, 0.000530627, 0.000141412, 0.000672647)), (2, (6, 0.000417373, 5.3987e-5, 0.000471587)), (2, (7, 0.000609001, 6.5313e-5, 0.00067457))]), (2496, 15, 0.003697722, [(2, (0, 0.000269871, 1.5317e-5, 0.000285512)), (2, (1, 0.003642355, 1.7528e-5, 0.003660303)), (2, (2, 0.000275278, 6.6536e-5, 0.000342045)), (2, (3, 0.000307541, 7.5353e-5, 0.000383106)), (2, (4, 0.00026904, 4.4524e-5, 0.000313784)), (2, (5, 0.000286619, 6.4465e-5, 0.000351335)), (2, (6, 0.000256104, 5.1478e-5, 0.000307825)), (1, (7, 0.000134445, 5.9606e-5, 0.000194279))]), (2512, 15, 0.000831504, [(2, (0, 0.000294261, 6.657e-6, 0.000301125)), (2, (1, 0.000281932, 7.2591e-5, 0.000354801)), (2, (2, 0.000263857, 5.9467e-5, 0.00032361)), (2, (3, 0.000347576, 0.000129912, 0.000477764)), (2, (4, 0.000324678, 4.3786e-5, 0.000368836)), (2, (5, 0.000283546, 0.000217648, 0.000501598)), (2, (6, 0.000642358, 0.000144227, 0.000786857)), (1, (7, 0.000148551, 0.000167836, 0.00031676))]), (2528, 16, 0.000586358, [(2, (0, 0.000338374, 1.452e-5, 0.000353167)), (2, (1, 0.000309027, 4.1328e-5, 0.000350619)), (2, (2, 0.000392252, 9.0155e-5, 0.000482639)), (2, (3, 0.000440278, 9.6765e-5, 0.000537283)), (2, (4, 0.000381192, 4.835e-5, 0.000429776)), (2, (5, 0.000298573, 0.000105383, 0.000404236)), (2, (6, 0.000226573, 4.9266e-5, 0.000276097)), (2, (7, 0.00029517, 0.000108821, 0.000404214))]), (2544, 16, 0.001097831, [(2, (0, 0.000208624, 1.4359e-5, 0.000223251)), (2, (1, 0.000298984, 4.6319e-5, 0.000345555)), (2, (2, 0.000433091, 3.3453e-5, 0.000466838)), (2, (3, 0.000541526, 0.000134169, 0.000676023)), (2, (4, 0.000756189, 3.2216e-5, 0.000788641)), (2, (5, 0.000958279, 8.6752e-5, 0.001045437)), (2, (6, 0.0002501, 6.1593e-5, 0.000311904)), (2, (7, 0.000300019, 0.000257687, 0.000557929))]), (2560, 16, 0.000739406, [(2, (0, 0.000286013, 1.5622e-5, 0.000301895)), (2, (1, 0.000301049, 3.1368e-5, 0.000332695)), (2, (2, 0.00037138, 0.000141169, 0.000512784)), (2, (3, 0.000377455, 0.000184655, 0.000562371)), (2, (4, 0.000397865, 4.7489e-5, 0.000445593)), (2, (5, 0.00033639, 0.000122055, 0.000458712)), (2, (6, 0.000463919, 6.2498e-5, 0.000526677)), (2, (7, 0.000415342, 0.000232307, 0.000648407))]), (2576, 15, 0.000690142, [(2, (0, 0.000377419, 1.5285e-5, 0.000392933)), (2, (1, 0.000443492, 6.0473e-5, 0.000504205)), (2, (2, 0.000351825, 4.7343e-5, 0.000399448)), (2, (3, 0.000433607, 0.000106573, 0.000540449)), (2, (4, 0.000633212, 3.2102e-5, 0.000665528)), (2, (5, 0.00052562, 9.043e-5, 0.000616271)), (2, (6, 0.000469028, 7.5255e-5, 0.00054451)), (1, (7, 0.000339294, 0.000176442, 0.000516153))]), (2592, 16, 0.000677822, [(2, (0, 0.000392282, 1.4743e-5, 0.000407281)), (2, (1, 0.00045932, 5.8172e-5, 0.000517701)), (2, (2, 0.000598839, 4.5517e-5, 0.000644593)), (2, (3, 0.000497498, 0.000115539, 0.000613229)), (2, (4, 0.000502722, 2.8801e-5, 0.000531725)), (2, (5, 0.000499507, 8.654e-5, 0.00058629)), (2, (6, 0.000409503, 7.0505e-5, 0.000480225)), (2, (7, 0.000429689, 0.000106837, 0.00053675))]), (2608, 16, 0.000542395, [(2, (0, 0.000380507, 1.4274e-5, 0.000395021)), (2, (1, 0.000345827, 5.7541e-5, 0.000403582)), (2, (2, 0.000421134, 3.0225e-5, 0.000451576)), (2, (3, 0.000351426, 7.3048e-5, 0.000424714)), (2, (4, 0.000279908, 4.3855e-5, 0.000323959)), (2, (5, 0.000296341, 0.000103925, 0.000400482)), (2, (6, 0.000369106, 9.0448e-5, 0.000459798)), (2, (7, 0.000228786, 0.000119178, 0.000348191))]), (2624, 15, 0.000594761, [(2, (0, 0.000245958, 1.4831e-5, 0.000261011)), (2, (1, 0.000264602, 7.8252e-5, 0.000343073)), (2, (2, 0.000216628, 6.6294e-5, 0.000283174)), (2, (3, 0.000348862, 0.000181308, 0.000530414)), (2, (4, 0.000329707, 3.4737e-5, 0.000364677)), (2, (5, 0.00025875, 0.000175562, 0.000434621)), (2, (6, 0.000281077, 0.000141495, 0.000422885)), (1, (7, 0.000225251, 0.000163148, 0.000392108))]), (2640, 16, 0.000570132, [(2, (0, 0.000329804, 1.5038e-5, 0.000345044)), (2, (1, 0.000298748, 5.9201e-5, 0.000358216)), (2, (2, 0.00024174, 4.356e-5, 0.000285519)), (2, (3, 0.000387369, 0.000140593, 0.000528212)), (2, (4, 0.00032388, 3.2425e-5, 0.00035661)), (2, (5, 0.00037673, 8.9839e-5, 0.000466813)), (2, (6, 0.000353767, 7.3671e-5, 0.000427645)), (2, (7, 0.000291838, 0.000151619, 0.000443722))]), (2656, 16, 0.00048901, [(2, (0, 0.000302333, 1.4394e-5, 0.000316973)), (2, (1, 0.000272233, 5.6318e-5, 0.00032875)), (2, (2, 0.000285265, 4.3808e-5, 0.000329285)), (2, (3, 0.000317385, 0.000105652, 0.000423276)), (2, (4, 0.000283556, 2.9956e-5, 0.000313771)), (2, (5, 0.000329109, 0.000104287, 0.000433623)), (2, (6, 0.000222985, 7.07e-5, 0.000293894)), (2, (7, 0.000313398, 8.5457e-5, 0.000399058))]), (2672, 16, 0.000439514, [(2, (0, 0.000238187, 1.3925e-5, 0.00025232)), (2, (1, 0.000322054, 3.0561e-5, 0.00035285)), (2, (2, 0.000375334, 4.101e-5, 0.000416578)), (2, (3, 0.000230842, 5.4795e-5, 0.000285862)), (2, (4, 0.000265652, 8.3411e-5, 0.00034926)), (2, (5, 0.000299877, 0.000100146, 0.000400262)), (2, (6, 0.000289166, 9.0063e-5, 0.000379446)), (2, (7, 0.000261333, 9.1502e-5, 0.000353049))]), (2688, 16, 0.000631491, [(2, (0, 0.000401686, 1.3378e-5, 0.000415297)), (2, (1, 0.000356669, 1.522e-5, 0.000372108)), (2, (2, 0.000364611, 7.1612e-5, 0.00043646)), (2, (3, 0.00035218, 7.9551e-5, 0.000431933)), (2, (4, 0.000434954, 4.2219e-5, 0.000477362)), (2, (5, 0.000519514, 6.5857e-5, 0.000585625)), (2, (6, 0.000353572, 6.0912e-5, 0.000414709)), (2, (7, 0.000351876, 7.2037e-5, 0.000424114))]), (2704, 16, 0.000710524, [(2, (0, 0.000286778, 2.2334e-5, 0.000309326)), (2, (1, 0.0003397, 6.1737e-5, 0.000401616)), (2, (2, 0.000414376, 4.8455e-5, 0.000463024)), (2, (3, 0.000567204, 0.000104222, 0.000671632)), (2, (4, 0.000469409, 3.4017e-5, 0.000503635)), (2, (5, 0.000377322, 0.000119413, 0.00049695)), (2, (6, 0.000398819, 7.7552e-5, 0.000476597)), (2, (7, 0.000312824, 0.000125804, 0.00043887))]), (2720, 16, 0.000926159, [(2, (0, 0.000575951, 8.261e-6, 0.00058442)), (2, (1, 0.000466296, 0.000122915, 0.000589432)), (2, (2, 0.000770502, 0.000105089, 0.000876017)), (2, (3, 0.000436803, 0.000117103, 0.000554162)), (2, (4, 0.000427263, 9.454e-6, 0.000436953)), (2, (5, 0.0007985, 5.833e-5, 0.000857224)), (2, (6, 0.000352026, 1.9535e-5, 0.00037178)), (2, (7, 0.000348534, 6.6373e-5, 0.000415214))]), (2736, 16, 0.000569381, [(2, (0, 0.000403314, 1.4253e-5, 0.000417798)), (2, (1, 0.000290912, 0.000151295, 0.000442403)), (2, (2, 0.000292793, 6.1796e-5, 0.000354832)), (2, (3, 0.000298402, 0.000223813, 0.000522575)), (2, (4, 0.000365272, 3.0526e-5, 0.000396019)), (2, (5, 0.000278379, 0.00016545, 0.000444035)), (2, (6, 0.000288292, 4.6476e-5, 0.00033807)), (2, (7, 0.000223278, 0.000138226, 0.000361868))]), (2752, 16, 0.000440493, [(2, (0, 0.000216483, 1.4195e-5, 0.000230897)), (2, (1, 0.000286421, 6.0042e-5, 0.000346721)), (2, (2, 0.000249567, 3.0305e-5, 0.000280063)), (2, (3, 0.000274549, 8.985e-5, 0.000364653)), (2, (4, 0.000286405, 4.5129e-5, 0.000331786)), (2, (5, 0.000269194, 0.000111991, 0.000381419)), (2, (6, 0.000248843, 7.3084e-5, 0.000322116)), (2, (7, 0.000239584, 0.000104147, 0.000343945))]), (2768, 12, 0.003932125, [(2, (0, 0.003912962, 1.6615e-5, 0.003929984)), (2, (1, 0.000284008, 7.4463e-5, 0.000358692)), (2, (2, 0.000327503, 4.6471e-5, 0.000374195)), (2, (3, 0.000288608, 5.9598e-5, 0.000348413)), (1, (4, 0.000106854, 3.2256e-5, 0.000142108)), (1, (5, 0.001711884, 0.000102362, 0.001814446)), (1, (6, 0.000250377, 8.8852e-5, 0.000339439)), (1, (7, 0.003184838, 0.000109363, 0.00329449))]), (2784, 16, 0.000610656, [(2, (0, 0.000286692, 2.0031e-5, 0.00030699)), (2, (1, 0.00028051, 0.000143273, 0.000424065)), (2, (2, 0.000271788, 8.4554e-5, 0.000356578)), (2, (3, 0.00024319, 0.000247643, 0.000491128)), (2, (4, 0.000298399, 3.714e-5, 0.000335958)), (2, (5, 0.000294731, 0.000269849, 0.00056502)), (2, (6, 0.000279472, 0.000158828, 0.000438557)), (2, (7, 0.000278816, 0.000178113, 0.000457203))]), (2800, 16, 0.000768264, [(2, (0, 0.000313327, 1.4666e-5, 0.000328247)), (2, (1, 0.000404594, 2.1991e-5, 0.000426846)), (2, (2, 0.000673882, 6.4483e-5, 0.000738617)), (2, (3, 0.000250755, 0.00012272, 0.000373727)), (2, (4, 0.000264394, 9.6154e-5, 0.000360758)), (2, (5, 0.000308339, 9.0762e-5, 0.000399344)), (2, (6, 0.000229055, 0.000103764, 0.000333038)), (2, (7, 0.000261504, 0.000106693, 0.000368385))]), (2816, 16, 0.000672239, [(2, (0, 0.000227354, 1.4919e-5, 0.000242549)), (2, (1, 0.000233482, 0.000112432, 0.000346135)), (2, (2, 0.000248649, 3.1607e-5, 0.000280529)), (2, (3, 0.000294544, 0.000130338, 0.000425135)), (2, (4, 0.000346972, 4.6865e-5, 0.000394053)), (2, (5, 0.000342119, 0.000195305, 0.000537657)), (2, (6, 0.000293009, 0.000153263, 0.000446517)), (2, (7, 0.000280626, 0.000188476, 0.00046931))]), (2832, 15, 0.000466104, [(2, (0, 0.000295901, 1.3646e-5, 0.00030978)), (2, (1, 0.000380598, 5.7424e-5, 0.000438244)), (2, (2, 0.0003303, 4.5274e-5, 0.000375814)), (2, (3, 0.000256691, 0.000124102, 0.00038107)), (2, (4, 0.00029131, 3.2439e-5, 0.000324044)), (2, (5, 0.000302481, 0.000100226, 0.000402936)), (2, (6, 0.000332173, 8.2484e-5, 0.000414904)), (1, (7, 0.000156881, 0.000134537, 0.000291729))]), (2848, 16, 0.00059219, [(2, (0, 0.000283313, 1.4284e-5, 0.000297829)), (2, (1, 0.000317212, 0.000118812, 0.000436242)), (2, (2, 0.000230162, 9.9908e-5, 0.000330359)), (2, (3, 0.000249167, 0.000115072, 0.000364485)), (2, (4, 0.000378217, 3.1609e-5, 0.000410091)), (2, (5, 0.000421561, 8.548e-5, 0.000507266)), (2, (6, 0.000439367, 4.7851e-5, 0.000487446)), (2, (7, 0.00047277, 6.2159e-5, 0.000535165))]), (2864, 16, 0.000852204, [(2, (0, 0.00051778, 1.5618e-5, 0.000533679)), (2, (1, 0.000510222, 6.1064e-5, 0.000571511)), (2, (2, 0.000496575, 4.9184e-5, 0.000546014)), (2, (3, 0.000456834, 0.000104726, 0.000561758)), (2, (4, 0.000492165, 3.5177e-5, 0.000527587)), (2, (5, 0.000367299, 9.1199e-5, 0.000458708)), (2, (6, 0.000376804, 7.5416e-5, 0.00045246)), (2, (7, 0.000627825, 0.000141647, 0.000770224))]), (2880, 15, 0.000680986, [(2, (0, 0.000426574, 1.5204e-5, 0.000441997)), (2, (1, 0.000563223, 5.8151e-5, 0.000621571)), (2, (2, 0.000483145, 4.5805e-5, 0.000529186)), (2, (3, 0.000520643, 0.000103718, 0.0006246)), (2, (4, 0.000475358, 3.191e-5, 0.000507532)), (2, (5, 0.000507891, 8.6981e-5, 0.000595085)), (2, (6, 0.00040345, 7.2097e-5, 0.000475781)), (1, (7, 0.000338039, 0.000144847, 0.000483442))]), (2896, 15, 0.000693126, [(2, (0, 0.000449979, 1.4682e-5, 0.0004649)), (2, (1, 0.000411687, 0.000104273, 0.000516164)), (2, (2, 0.000470821, 4.4904e-5, 0.000515942)), (2, (3, 0.000497396, 6.013e-5, 0.000557799)), (2, (4, 0.000633696, 3.1494e-5, 0.00066541)), (2, (5, 0.000359855, 8.912e-5, 0.000449172)), (2, (6, 0.00040561, 7.4358e-5, 0.000480166)), (1, (7, 0.000334357, 0.00011102, 0.000445625))]), (2912, 16, 0.000674954, [(2, (0, 0.000274209, 1.3693e-5, 0.000288143)), (2, (1, 0.000462286, 2.798e-5, 0.000490519)), (2, (2, 0.000402525, 0.000209455, 0.000612242)), (2, (3, 0.000389508, 0.000222081, 0.000611864)), (2, (4, 0.000235209, 4.5252e-5, 0.000280711)), (2, (5, 0.000382503, 0.000250605, 0.000633461)), (2, (6, 0.000267874, 6.2745e-5, 0.000330796)), (2, (7, 0.000327067, 7.5624e-5, 0.000402959))]), (2928, 16, 0.000722946, [(2, (0, 0.000279941, 2.2536e-5, 0.000302673)), (2, (1, 0.000241907, 3.2843e-5, 0.000274969)), (2, (2, 0.000283935, 5.3147e-5, 0.000337271)), (2, (3, 0.000342365, 7.5255e-5, 0.000417871)), (2, (4, 0.000284439, 4.218e-5, 0.000326984)), (2, (5, 0.000265212, 6.9898e-5, 0.000335363)), (2, (6, 0.000306879, 5.6052e-5, 0.000363179)), (2, (7, 0.000565949, 7.3135e-5, 0.000639523))]), (2944, 16, 0.000721404, [(2, (0, 0.000247797, 1.5476e-5, 0.000263506)), (2, (1, 0.000251184, 9.5595e-5, 0.000346997)), (2, (2, 0.000268867, 4.2519e-5, 0.000311606)), (2, (3, 0.000461944, 0.000110948, 0.00057318)), (2, (4, 0.000310589, 3.1223e-5, 0.000342087)), (2, (5, 0.000539099, 0.000142076, 0.000681412)), (2, (6, 0.000299333, 0.000126952, 0.000426525)), (2, (7, 0.000338367, 0.000180017, 0.00051893))]), (2960, 15, 0.000478372, [(2, (0, 0.000236261, 1.556e-5, 0.000252076)), (2, (1, 0.000309245, 3.0145e-5, 0.00033959)), (2, (2, 0.000315066, 8.8366e-5, 0.000403666)), (2, (3, 0.00033683, 0.000100258, 0.000437303)), (2, (4, 0.000323244, 4.5982e-5, 0.000369464)), (2, (5, 0.000291296, 0.000106506, 0.000398012)), (2, (6, 0.000311909, 5.9948e-5, 0.000372062)), (1, (7, 0.00018724, 7.4579e-5, 0.0002621))]), (2976, 16, 0.000542589, [(2, (0, 0.000275252, 7.899e-6, 0.000283373)), (2, (1, 0.000358456, 4.7813e-5, 0.000406476)), (2, (2, 0.00026289, 9.354e-6, 0.000272472)), (2, (3, 0.000248155, 1.9965e-5, 0.000268372)), (2, (4, 0.000252759, 3.3421e-5, 0.000286375)), (2, (5, 0.000286182, 7.4573e-5, 0.000360953)), (2, (6, 0.000216722, 6.1992e-5, 0.000278939)), (2, (7, 0.000334071, 0.000117936, 0.000452845))]), (2992, 16, 0.000855159, [(2, (0, 0.000402578, 1.5222e-5, 0.000418006)), (2, (1, 0.000290373, 5.8178e-5, 0.000348773)), (2, (2, 0.000241113, 4.4272e-5, 0.000285594)), (2, (3, 0.000278256, 0.000155173, 0.00043363)), (2, (4, 0.000234176, 3.0743e-5, 0.000265114)), (2, (5, 0.000291613, 0.00014265, 0.000434507)), (2, (6, 0.000247824, 7.2869e-5, 0.000320899)), (2, (7, 0.000571615, 0.000164269, 0.000736083))]), (3008, 14, 0.00073278, [(2, (0, 0.000491814, 1.6288e-5, 0.00050832)), (2, (1, 0.000296507, 6.1307e-5, 0.000358046)), (2, (2, 0.000384143, 4.9862e-5, 0.000434344)), (2, (3, 0.000448861, 9.3145e-5, 0.000542249)), (2, (4, 0.000485512, 3.4662e-5, 0.00052048)), (2, (5, 0.000535949, 0.000138785, 0.000675117)), (1, (6, 0.00036917, 7.682e-5, 0.000446241)), (1, (7, 0.000220812, 0.000179503, 0.000402407))]), (3024, 16, 0.000838417, [(2, (0, 0.000501005, 1.5808e-5, 0.00051709)), (2, (1, 0.000654989, 7.7275e-5, 0.000732442)), (2, (2, 0.000489416, 4.7424e-5, 0.000537129)), (2, (3, 0.000429922, 0.000110538, 0.000540785)), (2, (4, 0.000360718, 3.1027e-5, 0.000391944)), (2, (5, 0.000352752, 9.185e-5, 0.000444806)), (2, (6, 0.000401948, 6.2375e-5, 0.000464547)), (2, (7, 0.000623858, 0.000150092, 0.000774404))]), (3040, 15, 0.000679345, [(2, (0, 0.000473204, 1.6199e-5, 0.000489672)), (2, (1, 0.000492513, 1.8357e-5, 0.000511129)), (2, (2, 0.000441698, 0.000126719, 0.000568693)), (2, (3, 0.000403077, 0.000135548, 0.000538845)), (2, (4, 0.00043891, 0.000140478, 0.000579634)), (2, (5, 0.000353385, 0.00011923, 0.000472854)), (2, (6, 0.000493017, 0.000140539, 0.000633777)), (1, (7, 0.000294588, 0.000184468, 0.000479562))]), (3056, 16, 0.000582895, [(2, (0, 0.000388672, 4.6295e-5, 0.00043519)), (2, (1, 0.000485237, 6.1855e-5, 0.000547363)), (2, (2, 0.000339443, 3.2953e-5, 0.000372631)), (2, (3, 0.000441028, 7.7433e-5, 0.000518695)), (2, (4, 0.000478722, 1.7738e-5, 0.000496729)), (2, (5, 0.000438238, 0.000108702, 0.00054724)), (2, (6, 0.000327739, 9.2586e-5, 0.000420557)), (2, (7, 0.000301869, 0.000114779, 0.000416877))]), (3072, 15, 0.000748023, [(2, (0, 0.000614823, 1.445e-5, 0.000629534)), (2, (1, 0.000380345, 2.9268e-5, 0.000409837)), (2, (2, 0.000359454, 4.4399e-5, 0.000404091)), (2, (3, 0.000379962, 5.6207e-5, 0.000436413)), (2, (4, 0.000450099, 9.3588e-5, 0.00054395)), (2, (5, 0.000586401, 9.551e-5, 0.000682146)), (2, (6, 0.000597908, 9.4016e-5, 0.000692149)), (1, (7, 0.000507505, 0.00011773, 0.000625644))]), (3088, 16, 0.00082748, [(2, (0, 0.000480683, 2.2413e-5, 0.000503358)), (2, (1, 0.000350676, 0.00011474, 0.000465643)), (2, (2, 0.000292511, 0.000104891, 0.000397681)), (2, (3, 0.000367968, 0.0001149, 0.000483108)), (2, (4, 0.000627761, 6.2728e-5, 0.000690892)), (2, (5, 0.000315883, 0.000150828, 0.000466956)), (2, (6, 0.000369051, 0.000135469, 0.000508076)), (2, (7, 0.00037307, 0.000376472, 0.000749953))]), (3104, 13, 0.001774374, [(2, (0, 0.000306036, 1.8474e-5, 0.000324778)), (2, (1, 0.001538788, 0.000163857, 0.001703364)), (2, (2, 0.00041507, 3.6846e-5, 0.000452227)), (2, (3, 0.000316464, 6.3936e-5, 0.000380622)), (2, (4, 0.000263639, 4.9096e-5, 0.000312939)), (1, (5, 0.000144501, 0.000115758, 0.000260529)), (1, (6, 0.000144365, 8.1203e-5, 0.000225827)), (1, (7, 0.000151023, 0.000102351, 0.000253707))]), (3120, 16, 0.000612462, [(2, (0, 0.000254457, 1.5097e-5, 0.000269772)), (2, (1, 0.000274098, 0.000102831, 0.000377176)), (2, (2, 0.000287954, 2.9866e-5, 0.000318052)), (2, (3, 0.000288598, 0.000161042, 0.000449866)), (2, (4, 0.00030499, 4.565e-5, 0.000350874)), (2, (5, 0.000326121, 0.000241833, 0.00056892)), (2, (6, 0.000297656, 0.000176748, 0.000474658)), (2, (7, 0.000292481, 0.000192278, 0.00048499))]), (3136, 16, 0.000516156, [(2, (0, 0.000347368, 1.5119e-5, 0.00036279)), (2, (1, 0.000413292, 3.0301e-5, 0.000443816)), (2, (2, 0.000334781, 9.0686e-5, 0.00042841)), (2, (3, 0.000293846, 0.00010657, 0.000400622)), (2, (4, 0.000292574, 4.445e-5, 0.000337249)), (2, (5, 0.00033379, 0.000113527, 0.000447553)), (2, (6, 0.000370107, 6.1087e-5, 0.000431449)), (2, (7, 0.000271988, 7.152e-5, 0.00034371))]), (3152, 16, 0.000581462, [(2, (0, 0.000292, 1.6533e-5, 0.000308731)), (2, (1, 0.000349593, 0.000168265, 0.000518305)), (2, (2, 0.000421643, 9.8156e-5, 0.000520136)), (2, (3, 0.000292072, 0.000111645, 0.000403933)), (2, (4, 0.00026616, 4.1339e-5, 0.000307768)), (2, (5, 0.000245424, 0.000182011, 0.000427728)), (2, (6, 0.000320851, 0.000124873, 0.000446)), (2, (7, 0.000306954, 0.00018642, 0.000493584))]), (3168, 15, 0.00046583, [(2, (0, 0.000285905, 1.6469e-5, 0.000302623)), (2, (1, 0.000318097, 3.3141e-5, 0.000351462)), (2, (2, 0.000339184, 9.8437e-5, 0.000437865)), (2, (3, 0.000317441, 0.000119736, 0.000437428)), (2, (4, 0.000298269, 5.6889e-5, 0.000355413)), (2, (5, 0.000219216, 0.000112846, 0.00033239)), (2, (6, 0.000276029, 7.0834e-5, 0.000347088)), (1, (7, 0.000128291, 8.4754e-5, 0.000213295))]), (3184, 16, 0.000730235, [(2, (0, 0.00042158, 1.6786e-5, 0.000438606)), (2, (1, 0.000281845, 6.5265e-5, 0.000347354)), (2, (2, 0.000518616, 4.8936e-5, 0.000567786)), (2, (3, 0.000577835, 0.000110428, 0.000688522)), (2, (4, 0.000478135, 3.4004e-5, 0.000512356)), (2, (5, 0.000354659, 9.4887e-5, 0.000449785)), (2, (6, 0.000414624, 7.765e-5, 0.000492483)), (2, (7, 0.000446752, 0.000115826, 0.000562793))]), (3200, 13, 0.000646829, [(2, (0, 0.000336233, 1.5001e-5, 0.000351466)), (2, (1, 0.000388611, 6.3135e-5, 0.000451995)), (2, (2, 0.000523521, 3.3094e-5, 0.000556865)), (2, (3, 0.000347728, 9.2861e-5, 0.000440801)), (2, (4, 0.000574295, 4.752e-5, 0.000622015)), (1, (5, 0.000418781, 0.000162321, 0.000581508)), (1, (6, 0.000199301, 7.7899e-5, 0.000277429)), (1, (7, 0.000133524, 0.000161053, 0.000294802))]), (3216, 16, 0.000784823, [(2, (0, 0.000430934, 1.4949e-5, 0.000446122)), (2, (1, 0.000505544, 7.5031e-5, 0.000580804)), (2, (2, 0.000311324, 3.1357e-5, 0.000342914)), (2, (3, 0.000371199, 6.0061e-5, 0.000431483)), (2, (4, 0.000344667, 4.669e-5, 0.000391595)), (2, (5, 0.000625203, 0.000108022, 0.00073348)), (2, (6, 0.00046964, 9.1912e-5, 0.000561769)), (2, (7, 0.000501902, 0.000149292, 0.000651649))]), (3232, 16, 0.000926087, [(2, (0, 0.000412558, 1.4732e-5, 0.000427639)), (2, (1, 0.000360944, 6.0849e-5, 0.000422011)), (2, (2, 0.000794236, 4.5639e-5, 0.000840143)), (2, (3, 0.000754858, 0.000106292, 0.000861416)), (2, (4, 0.000473936, 3.0953e-5, 0.000505081)), (2, (5, 0.000688759, 9.0588e-5, 0.00077957)), (2, (6, 0.000372138, 7.6349e-5, 0.000448724)), (2, (7, 0.000326955, 0.000122344, 0.000449539))]), (3248, 16, 0.000707225, [(2, (0, 0.000339427, 1.3917e-5, 0.000353608)), (2, (1, 0.000365501, 5.8708e-5, 0.000424437)), (2, (2, 0.000393605, 3.0187e-5, 0.000424104)), (2, (3, 0.000429369, 7.5693e-5, 0.000505344)), (2, (4, 0.000447374, 4.3433e-5, 0.000491041)), (2, (5, 0.000410128, 0.000116827, 0.000527246)), (2, (6, 0.000574811, 8.9302e-5, 0.000664313)), (2, (7, 0.000344399, 0.000104366, 0.000449015))]), (3264, 16, 0.000590155, [(2, (0, 0.00036179, 1.4972e-5, 0.000377007)), (2, (1, 0.000347498, 2.9876e-5, 0.000377612)), (2, (2, 0.000275057, 8.8745e-5, 0.000364017)), (2, (3, 0.000267274, 0.000107645, 0.000375118)), (2, (4, 0.000241027, 4.2657e-5, 0.000283884)), (2, (5, 0.000230071, 0.000103453, 0.000333781)), (2, (6, 0.00032977, 5.8062e-5, 0.000388054)), (2, (7, 0.000424724, 7.3247e-5, 0.000498191))]), (3280, 15, 0.000462179, [(2, (0, 0.000446055, 1.4455e-5, 0.000460775)), (2, (1, 0.0002577, 7.1526e-5, 0.000329452)), (2, (2, 0.000282577, 2.887e-5, 0.00031169)), (2, (3, 0.000346602, 5.7013e-5, 0.000403854)), (2, (4, 0.000323574, 4.2231e-5, 0.000366051)), (2, (5, 0.000269167, 0.000102535, 0.000371934)), (2, (6, 0.000209123, 8.6062e-5, 0.0002954)), (1, (7, 0.000195228, 0.000122945, 0.000318664))]), (3296, 16, 0.000507186, [(2, (0, 0.000261437, 1.2862e-5, 0.000274547)), (2, (1, 0.000304018, 8.1605e-5, 0.000385884)), (2, (2, 0.000237905, 5.2226e-5, 0.000290358)), (2, (3, 0.000370479, 6.5933e-5, 0.000436622)), (2, (4, 0.000323486, 4.0338e-5, 0.000364041)), (2, (5, 0.000321096, 0.000120063, 0.000441425)), (2, (6, 0.000317925, 9.7703e-5, 0.000415836)), (2, (7, 0.00030411, 0.000112875, 0.000417203))]), (3312, 16, 0.000533292, [(2, (0, 0.000277501, 1.4755e-5, 0.000292516)), (2, (1, 0.000294096, 0.000106377, 0.000400708)), (2, (2, 0.000330288, 5.907e-5, 0.000389564)), (2, (3, 0.000380905, 0.000110252, 0.000491363)), (2, (4, 0.000261349, 3.1722e-5, 0.000293308)), (2, (5, 0.000269067, 8.9536e-5, 0.000358839)), (2, (6, 0.000272999, 4.5171e-5, 0.000318359)), (2, (7, 0.00026282, 7.4243e-5, 0.000337273))]), (3328, 16, 0.000749324, [(2, (0, 0.000350021, 1.5611e-5, 0.000365852)), (2, (1, 0.000347049, 7.1124e-5, 0.000418432)), (2, (2, 0.000315279, 3.225e-5, 0.000347782)), (2, (3, 0.000356297, 8.6803e-5, 0.000443316)), (2, (4, 0.000450073, 4.6996e-5, 0.000497315)), (2, (5, 0.000468404, 0.000183394, 0.000652042)), (2, (6, 0.000475138, 0.000154446, 0.00062983)), (2, (7, 0.000366066, 0.000286638, 0.000652988))]), (3344, 14, 0.000489538, [(2, (0, 0.000270908, 1.4341e-5, 0.000285444)), (2, (1, 0.000259542, 3.1754e-5, 0.000291514)), (2, (2, 0.000283527, 5.5554e-5, 0.000339429)), (2, (3, 0.000272881, 6.9753e-5, 0.000342867)), (2, (4, 0.000266333, 9.8345e-5, 0.000364922)), (2, (5, 0.000327736, 0.000114447, 0.000442382)), (1, (6, 0.000109568, 9.8802e-5, 0.000208591)), (1, (7, 0.00013403, 0.000123231, 0.000257567))]), (3360, 16, 0.000500651, [(2, (0, 0.000202641, 1.5045e-5, 0.000217967)), (2, (1, 0.000277259, 3.2728e-5, 0.000310219)), (2, (2, 0.000300112, 8.9739e-5, 0.00039007)), (2, (3, 0.000263939, 0.000105826, 0.000370028)), (2, (4, 0.000240421, 4.627e-5, 0.000286949)), (2, (5, 0.000341059, 7.4795e-5, 0.000416102)), (2, (6, 0.000292766, 5.849e-5, 0.000351452)), (2, (7, 0.000319078, 0.000112224, 0.000431509))]), (3376, 15, 0.000595561, [(2, (0, 0.000249473, 1.6083e-5, 0.00026579)), (2, (1, 0.000243801, 0.000100464, 0.000344515)), (2, (2, 0.000313252, 7.0524e-5, 0.000384075)), (2, (3, 0.000468923, 8.4911e-5, 0.000554071)), (2, (4, 0.000358365, 2.9792e-5, 0.00038837)), (2, (5, 0.0003192, 0.00011345, 0.000432862)), (2, (6, 0.000399565, 4.5266e-5, 0.000445032)), (1, (7, 0.000119066, 0.000120939, 0.000240227))]), (3392, 16, 0.000759826, [(2, (0, 0.000408878, 1.5969e-5, 0.000425126)), (2, (1, 0.000358145, 5.8698e-5, 0.000417041)), (2, (2, 0.000508372, 4.457e-5, 0.000553166)), (2, (3, 0.000540652, 0.000163605, 0.000704675)), (2, (4, 0.000448596, 3.1017e-5, 0.000479832)), (2, (5, 0.000526972, 0.000160266, 0.000687427)), (2, (6, 0.000444545, 7.2457e-5, 0.000517238)), (2, (7, 0.000442605, 8.8642e-5, 0.000531464))]), (3408, 16, 0.000760287, [(2, (0, 0.00058491, 1.7374e-5, 0.000602535)), (2, (1, 0.00067191, 6.008e-5, 0.000732277)), (2, (2, 0.000487764, 4.4427e-5, 0.000532416)), (2, (3, 0.000384252, 7.3841e-5, 0.000458335)), (2, (4, 0.000536024, 3.0386e-5, 0.000566613)), (2, (5, 0.000517412, 0.000147318, 0.000664965)), (2, (6, 0.000576825, 8.9059e-5, 0.000666094)), (2, (7, 0.000460275, 0.00015257, 0.000613067))]), (3424, 15, 0.001052497, [(2, (0, 0.000485021, 1.6746e-5, 0.00050208)), (2, (1, 0.000702467, 0.000153676, 0.000856375)), (2, (2, 0.00063802, 0.00011429, 0.000752548)), (2, (3, 0.000847154, 0.000158147, 0.001005685)), (2, (4, 0.000984198, 4.1125e-5, 0.001025565)), (2, (5, 0.000466006, 0.000100108, 0.000566348)), (2, (6, 0.000552899, 9.2076e-5, 0.000645459)), (1, (7, 0.000204609, 0.000130808, 0.000335657))]), (3440, 16, 0.000788938, [(2, (0, 0.000335698, 1.6565e-5, 0.000352481)), (2, (1, 0.000346893, 7.1473e-5, 0.000418685)), (2, (2, 0.000690455, 3.424e-5, 0.00072495)), (2, (3, 0.000506788, 0.000118439, 0.00062544)), (2, (4, 0.000483412, 5.141e-5, 0.000535073)), (2, (5, 0.000419443, 0.000149121, 0.000568786)), (2, (6, 0.000451488, 0.000135228, 0.000586976)), (2, (7, 0.000505506, 0.000196997, 0.000702927))]), (3456, 16, 0.000512761, [(2, (0, 0.000330948, 1.4284e-5, 0.000345473)), (2, (1, 0.000318288, 9.9988e-5, 0.00041858)), (2, (2, 0.000281168, 2.5062e-5, 0.000306497)), (2, (3, 0.00030758, 0.000107775, 0.000415567)), (2, (4, 0.00026283, 4.0468e-5, 0.00030353)), (2, (5, 0.000286839, 7.1016e-5, 0.0003581)), (2, (6, 0.00027939, 5.5036e-5, 0.000334671)), (2, (7, 0.000297085, 8.4357e-5, 0.000381678))]), (3472, 16, 0.000604536, [(2, (0, 0.000240736, 1.4436e-5, 0.000255435)), (2, (1, 0.000256271, 5.8026e-5, 0.000314505)), (2, (2, 0.000270751, 4.4016e-5, 0.00031498)), (2, (3, 0.000253449, 0.000103604, 0.000357281)), (2, (4, 0.000249346, 3.1195e-5, 0.000280749)), (2, (5, 0.000233551, 8.9241e-5, 0.000323021)), (2, (6, 0.000303516, 7.3808e-5, 0.000377583)), (2, (7, 0.00040464, 0.000109916, 0.000514764))]), (3488, 15, 0.000452465, [(2, (0, 0.000259015, 1.4886e-5, 0.000274103)), (2, (1, 0.000291163, 6.0927e-5, 0.000352301)), (2, (2, 0.000296502, 4.6344e-5, 0.000343094)), (2, (3, 0.000304098, 9.1622e-5, 0.00039595)), (2, (4, 0.000287211, 3.1468e-5, 0.000318865)), (2, (5, 0.000290544, 0.000107293, 0.000398065)), (2, (6, 0.000262097, 7.5626e-5, 0.000337954)), (1, (7, 0.000118111, 0.000113174, 0.000231521))]), (3504, 16, 0.000656492, [(2, (0, 0.00052644, 1.401e-5, 0.00054073)), (2, (1, 0.000242677, 1.5514e-5, 0.000258425)), (2, (2, 0.000281362, 5.0157e-5, 0.000331743)), (2, (3, 0.000276127, 5.1261e-5, 0.000327611)), (2, (4, 0.000276773, 5.1742e-5, 0.000331466)), (2, (5, 0.000302678, 6.1282e-5, 0.00036421)), (2, (6, 0.00054527, 5.7089e-5, 0.000602585)), (2, (7, 0.000302084, 6.8662e-5, 0.000370977))]), (3520, 16, 0.000621547, [(2, (0, 0.000442948, 6.657e-6, 0.000449813)), (2, (1, 0.000379458, 0.000146985, 0.000526903)), (2, (2, 0.000290689, 1.8044e-5, 0.000308964)), (2, (3, 0.000297373, 4.1084e-5, 0.000338785)), (2, (4, 0.000288656, 5.3884e-5, 0.000342772)), (2, (5, 0.000318338, 8.6118e-5, 0.000404735)), (2, (6, 0.000425426, 6.9267e-5, 0.000494986)), (2, (7, 0.000433024, 0.000101856, 0.000535184))]), (3536, 15, 0.000442994, [(2, (0, 0.000305837, 1.6337e-5, 0.000322431)), (2, (1, 0.000275472, 3.1936e-5, 0.000307669)), (2, (2, 0.000330179, 9.3412e-5, 0.000423876)), (2, (3, 0.000305787, 0.00011673, 0.00042279)), (2, (4, 0.000242584, 4.6022e-5, 0.000288817)), (2, (5, 0.000294375, 0.000105317, 0.000399921)), (2, (6, 0.00027644, 6.1972e-5, 0.00033865)), (1, (7, 0.0001088, 7.4947e-5, 0.000183969))]), (3552, 16, 0.000786617, [(2, (0, 0.000323337, 1.4041e-5, 0.000337591)), (2, (1, 0.000283929, 1.6177e-5, 0.000300334)), (2, (2, 0.000499982, 6.0628e-5, 0.000560875)), (2, (3, 0.000564732, 0.000134541, 0.00069972)), (2, (4, 0.000273925, 5.1796e-5, 0.000325965)), (2, (5, 0.000346291, 8.7036e-5, 0.00043356)), (2, (6, 0.000296778, 7.013e-5, 0.000367159)), (2, (7, 0.000300257, 7.181e-5, 0.000372274))]), (3568, 16, 0.000448425, [(2, (0, 0.000248295, 1.4775e-5, 0.000263296)), (2, (1, 0.000324194, 6.1188e-5, 0.000385609)), (2, (2, 0.000266421, 4.6482e-5, 0.000313146)), (2, (3, 0.000301664, 9.2326e-5, 0.000394223)), (2, (4, 0.000250935, 3.0836e-5, 0.000281964)), (2, (5, 0.00022608, 0.00010799, 0.000334307)), (2, (6, 0.00023869, 7.6572e-5, 0.000315497)), (2, (7, 0.000271715, 0.000154359, 0.000426307))]), (3584, 16, 0.000451095, [(2, (0, 0.000250165, 1.5564e-5, 0.000265952)), (2, (1, 0.000308769, 1.7543e-5, 0.000326543)), (2, (2, 0.00027482, 7.8467e-5, 0.000353508)), (2, (3, 0.000261102, 9.295e-5, 0.000354288)), (2, (4, 0.000297548, 4.9269e-5, 0.00034706)), (2, (5, 0.000274537, 7.1002e-5, 0.000345784)), (2, (6, 0.000333301, 6.2808e-5, 0.000396334)), (2, (7, 0.000277207, 7.7772e-5, 0.00035524))]), (3600, 16, 0.000493654, [(2, (0, 0.000268523, 1.316e-5, 0.000281921)), (2, (1, 0.000256839, 5.9894e-5, 0.000316955)), (2, (2, 0.000309461, 4.5792e-5, 0.00035551)), (2, (3, 0.000313134, 0.00010645, 0.000419776)), (2, (4, 0.000268579, 3.0712e-5, 0.000299515)), (2, (5, 0.000317192, 9.1106e-5, 0.00040854)), (2, (6, 0.000315905, 7.5375e-5, 0.000391511)), (2, (7, 0.000274727, 0.00011214, 0.000387097))]), (3616, 16, 0.000615123, [(2, (0, 0.000339141, 3.2412e-5, 0.000371834)), (2, (1, 0.000266062, 3.4351e-5, 0.000300623)), (2, (2, 0.000426456, 0.000101513, 0.00052833)), (2, (3, 0.000262272, 0.000235644, 0.000498134)), (2, (4, 0.000259703, 4.3699e-5, 0.00030363)), (2, (5, 0.000259692, 0.000201356, 0.000461288)), (2, (6, 0.000373204, 0.00017959, 0.000553057)), (2, (7, 0.000256482, 0.000218693, 0.000475413))]), (3632, 16, 0.000550604, [(2, (0, 0.00027206, 1.492e-5, 0.000287206)), (2, (1, 0.000247627, 0.00012213, 0.000370023)), (2, (2, 0.000228141, 6.6999e-5, 0.000295371)), (2, (3, 0.000330387, 0.000173214, 0.000504053)), (2, (4, 0.000277394, 3.4328e-5, 0.000311979)), (2, (5, 0.000254972, 0.000105441, 0.000360731)), (2, (6, 0.000302618, 4.6403e-5, 0.000349264)), (2, (7, 0.000308201, 7.6618e-5, 0.000385059))]), (3648, 16, 0.000615823, [(2, (0, 0.000449273, 1.6487e-5, 0.000465984)), (2, (1, 0.000362546, 3.2234e-5, 0.000395011)), (2, (2, 0.000436796, 9.1286e-5, 0.000528306)), (2, (3, 0.000323643, 0.000104572, 0.000428408)), (2, (4, 0.000296729, 4.7727e-5, 0.000344729)), (2, (5, 0.000400017, 0.000146898, 0.000547375)), (2, (6, 0.000317207, 6.2575e-5, 0.000380023)), (2, (7, 0.000439053, 7.5549e-5, 0.000514847))]), (3664, 15, 0.000715434, [(2, (0, 0.000386247, 1.6575e-5, 0.000403092)), (2, (1, 0.000332806, 6.3988e-5, 0.000397019)), (2, (2, 0.000519489, 4.6455e-5, 0.000566164)), (2, (3, 0.000578575, 9.127e-5, 0.000670101)), (2, (4, 0.000359825, 3.4417e-5, 0.00039447)), (2, (5, 0.000494959, 0.000107149, 0.000602333)), (2, (6, 0.000433178, 7.6245e-5, 0.000509672)), (1, (7, 0.000225496, 0.000114598, 0.000340325))]), (3680, 16, 0.000697949, [(2, (0, 0.000429813, 1.6571e-5, 0.000446619)), (2, (1, 0.000404556, 9.4792e-5, 0.000499574)), (2, (2, 0.000351018, 6.335e-5, 0.000414573)), (2, (3, 0.000362704, 7.946e-5, 0.00044241)), (2, (4, 0.000318966, 3.7417e-5, 0.000356593)), (2, (5, 0.000539681, 0.000113241, 0.00065312)), (2, (6, 0.000475244, 4.8346e-5, 0.000523784)), (2, (7, 0.000444562, 0.000120594, 0.000565364))]), (3696, 16, 0.000816457, [(2, (0, 0.000336027, 1.5907e-5, 0.00035216)), (2, (1, 0.00050196, 3.1034e-5, 0.000533215)), (2, (2, 0.000585233, 9.3905e-5, 0.000679405)), (2, (3, 0.000604504, 0.000151359, 0.00075668)), (2, (4, 0.000524274, 4.7436e-5, 0.00057197)), (2, (5, 0.000521441, 0.000109689, 0.00063137)), (2, (6, 0.00068214, 6.3182e-5, 0.00074566)), (2, (7, 0.000410022, 7.8171e-5, 0.000488493))]), (3712, 16, 0.000867282, [(2, (0, 0.000539953, 1.5934e-5, 0.000556133)), (2, (1, 0.00056247, 1.9678e-5, 0.000582516)), (2, (2, 0.000417746, 4.8734e-5, 0.000466698)), (2, (3, 0.000290016, 5.1004e-5, 0.000341405)), (2, (4, 0.000655716, 0.000182096, 0.000838271)), (2, (5, 0.000645883, 0.000146432, 0.000792617)), (2, (6, 0.000645053, 0.000128761, 0.000774049)), (2, (7, 0.000556196, 0.000186241, 0.000742726))]), (3728, 16, 0.000647045, [(2, (0, 0.000226335, 1.439e-5, 0.000240996)), (2, (1, 0.00042688, 0.000189978, 0.00061708)), (2, (2, 0.000261965, 8.5947e-5, 0.000348137)), (2, (3, 0.000250191, 9.8751e-5, 0.000349169)), (2, (4, 0.000245726, 4.0186e-5, 0.000286127)), (2, (5, 0.00025224, 0.00013128, 0.000383756)), (2, (6, 0.000256989, 0.000116506, 0.000373703)), (2, (7, 0.000240478, 0.000181722, 0.000422436))]), (3744, 15, 0.000560584, [(2, (0, 0.000235456, 1.496e-5, 0.000250672)), (2, (1, 0.000248041, 5.6833e-5, 0.000305075)), (2, (2, 0.00024684, 4.4089e-5, 0.000291203)), (2, (3, 0.000269729, 0.000107182, 0.000377134)), (2, (4, 0.000239005, 3.017e-5, 0.000269384)), (2, (5, 0.000354088, 0.00015296, 0.000507601)), (2, (6, 0.000297068, 7.2885e-5, 0.000370177)), (1, (7, 0.000130368, 8.8071e-5, 0.000218678))]), (3760, 16, 0.000503835, [(2, (0, 0.000263073, 1.5832e-5, 0.00027916)), (2, (1, 0.000266557, 6.1693e-5, 0.000328512)), (2, (2, 0.000272021, 4.6795e-5, 0.000319035)), (2, (3, 0.000271074, 0.000111162, 0.000382469)), (2, (4, 0.000228691, 3.3276e-5, 0.000262172)), (2, (5, 0.000283672, 9.2068e-5, 0.000375947)), (2, (6, 0.000269408, 7.6921e-5, 0.000346568)), (2, (7, 0.000304086, 0.000118431, 0.000422761))]), (3776, 16, 0.000642263, [(2, (0, 0.000318312, 3.3694e-5, 0.000352448)), (2, (1, 0.000301612, 7.4309e-5, 0.000376128)), (2, (2, 0.000330832, 5.9899e-5, 0.00039095)), (2, (3, 0.000447795, 0.000141989, 0.000590239)), (2, (4, 0.000281145, 4.5324e-5, 0.000326683)), (2, (5, 0.00022717, 0.000122312, 0.000349725)), (2, (6, 0.000244101, 9.0449e-5, 0.000334797)), (2, (7, 0.000239181, 0.000105686, 0.000345114))]), (3792, 16, 0.002727983, [(2, (0, 0.00181999, 1.6704e-5, 0.001837041)), (2, (1, 0.002470206, 0.000168885, 0.002639638)), (2, (2, 0.002181946, 8.5385e-5, 0.002267665)), (2, (3, 0.000383008, 0.000133381, 0.000516616)), (2, (4, 0.000262818, 4.3776e-5, 0.000306795)), (2, (5, 0.000262517, 0.000199908, 0.000462667)), (2, (6, 0.000486987, 5.131e-5, 0.000538548)), (2, (7, 0.00202962, 0.000190758, 0.002220668))]), (3808, 16, 0.000557129, [(2, (0, 0.000246035, 2.1111e-5, 0.000267383)), (2, (1, 0.000256292, 0.000125271, 0.000381848)), (2, (2, 0.000326496, 3.3175e-5, 0.000359898)), (2, (3, 0.000328086, 0.000110571, 0.000438882)), (2, (4, 0.000299153, 5.4604e-5, 0.000354018)), (2, (5, 0.000350488, 0.000157355, 0.000508086)), (2, (6, 0.000286454, 0.000143542, 0.000430271)), (2, (7, 0.000290738, 0.000206304, 0.000497877))]), (3824, 16, 0.00057918, [(2, (0, 0.000316077, 1.3617e-5, 0.000329946)), (2, (1, 0.000418441, 3.0055e-5, 0.000448772)), (2, (2, 0.000324445, 8.4893e-5, 0.000409566)), (2, (3, 0.000376903, 0.000101681, 0.000478789)), (2, (4, 0.000222831, 4.5525e-5, 0.000268587)), (2, (5, 0.000222238, 0.000128381, 0.000350918)), (2, (6, 0.000367243, 5.8389e-5, 0.000425892)), (2, (7, 0.00031018, 7.5841e-5, 0.000386256))]), (3840, 15, 0.00051167, [(2, (0, 0.000290024, 1.8265e-5, 0.000308551)), (2, (1, 0.000370671, 7.4073e-5, 0.000445074)), (2, (2, 0.000247319, 5.3415e-5, 0.000301029)), (2, (3, 0.000379757, 9.5077e-5, 0.000475276)), (2, (4, 0.000291763, 3.6786e-5, 0.000328826)), (2, (5, 0.000263071, 8.8745e-5, 0.000352053)), (2, (6, 0.000247479, 7.4023e-5, 0.000321745)), (1, (7, 0.000181476, 0.000110238, 0.000291993))]), (3856, 15, 0.00063346, [(2, (0, 0.000243726, 1.5656e-5, 0.000259631)), (2, (1, 0.000275536, 0.000110296, 0.000386164)), (2, (2, 0.000252091, 3.0471e-5, 0.000282775)), (2, (3, 0.00044181, 0.000145665, 0.000587934)), (2, (4, 0.000271276, 4.678e-5, 0.000318297)), (2, (5, 0.0003651, 8.0863e-5, 0.000446207)), (2, (6, 0.000285006, 6.3177e-5, 0.000348409)), (1, (7, 0.000147076, 0.000148218, 0.000295548))]), (3872, 16, 0.000701743, [(2, (0, 0.000243925, 1.6304e-5, 0.000260479)), (2, (1, 0.000260927, 6.487e-5, 0.000326007)), (2, (2, 0.000289582, 3.3918e-5, 0.000323767)), (2, (3, 0.000316086, 9.561e-5, 0.000411924)), (2, (4, 0.000339748, 4.9766e-5, 0.000389788)), (2, (5, 0.000500458, 0.000156705, 0.00065806)), (2, (6, 0.000312121, 8.1448e-5, 0.000393851)), (2, (7, 0.000338141, 0.000112207, 0.000450556))]), (3888, 16, 0.000487264, [(2, (0, 0.000209926, 1.5853e-5, 0.000226018)), (2, (1, 0.000269103, 0.000136649, 0.000405953)), (2, (2, 0.000289889, 3.6403e-5, 0.000326583)), (2, (3, 0.000270603, 0.00015144, 0.000422238)), (2, (4, 0.000278242, 8.519e-5, 0.000363671)), (2, (5, 0.000258535, 0.00018678, 0.00044554)), (2, (6, 0.000229036, 0.000166231, 0.000395479)), (2, (7, 0.000258546, 0.000194486, 0.000453353))]), (3904, 16, 0.000474385, [(2, (0, 0.000275372, 1.8063e-5, 0.000293681)), (2, (1, 0.000300565, 6.6447e-5, 0.000367284)), (2, (2, 0.000301886, 5.1569e-5, 0.000353681)), (2, (3, 0.00026231, 9.7404e-5, 0.000359958)), (2, (4, 0.000243756, 3.7415e-5, 0.00028146)), (2, (5, 0.000307365, 0.000117408, 0.000425008)), (2, (6, 0.000279221, 8.2516e-5, 0.00036199)), (2, (7, 0.000283231, 0.000124735, 0.00040817))]), (3920, 16, 0.000542395, [(2, (0, 0.000329875, 1.404e-5, 0.000344157)), (2, (1, 0.000245438, 3.0971e-5, 0.000276655)), (2, (2, 0.000290573, 9.0567e-5, 0.00038137)), (2, (3, 0.00022061, 0.000105854, 0.000326706)), (2, (4, 0.000194204, 4.6132e-5, 0.000240563)), (2, (5, 0.00030031, 7.5097e-5, 0.000375624)), (2, (6, 0.000329666, 6.0057e-5, 0.000389919)), (2, (7, 0.000334486, 0.000116893, 0.000451618))]), (3936, 16, 0.000765796, [(2, (0, 0.000309253, 1.624e-5, 0.000325725)), (2, (1, 0.000319173, 0.00014521, 0.000464664)), (2, (2, 0.000623168, 0.000112454, 0.00073604)), (2, (3, 0.000270911, 0.000126627, 0.00039775)), (2, (4, 0.000344857, 3.4367e-5, 0.000379467)), (2, (5, 0.000365574, 0.000283342, 0.000649152)), (2, (6, 0.00045295, 0.000197, 0.000650349)), (2, (7, 0.000329323, 0.000329212, 0.000658837))]), (3952, 16, 0.000755483, [(2, (0, 0.000374299, 1.6504e-5, 0.000391023)), (2, (1, 0.000365125, 6.2544e-5, 0.000427939)), (2, (2, 0.000408416, 4.7493e-5, 0.000456108)), (2, (3, 0.000532828, 0.000165313, 0.000704163)), (2, (4, 0.000451877, 3.1604e-5, 0.000483708)), (2, (5, 0.000351998, 0.000111534, 0.000463899)), (2, (6, 0.00030479, 7.8834e-5, 0.000383864)), (2, (7, 0.000381674, 0.000124239, 0.000506184))]), (3968, 16, 0.000855602, [(2, (0, 0.000415786, 1.7148e-5, 0.000433192)), (2, (1, 0.00048715, 7.8262e-5, 0.000565639)), (2, (2, 0.000360537, 4.8013e-5, 0.000408821)), (2, (3, 0.000707597, 0.000107296, 0.000815103)), (2, (4, 0.000423271, 3.3963e-5, 0.000457476)), (2, (5, 0.000412503, 9.1188e-5, 0.000503915)), (2, (6, 0.000464863, 6.4551e-5, 0.0005297)), (2, (7, 0.00052493, 0.000114244, 0.000639402))]), (3984, 15, 0.000629806, [(2, (0, 0.000375756, 1.5521e-5, 0.000391545)), (2, (1, 0.000485887, 6.048e-5, 0.000546595)), (2, (2, 0.000290905, 4.513e-5, 0.000336256)), (2, (3, 0.000440348, 0.000146374, 0.000587254)), (2, (4, 0.000271353, 3.1494e-5, 0.000303037)), (2, (5, 0.000433513, 0.000102723, 0.000536432)), (2, (6, 0.000468957, 7.546e-5, 0.000544635)), (1, (7, 0.000192118, 8.9677e-5, 0.000282014))]), (4000, 16, 0.000805308, [(2, (0, 0.000388438, 1.5565e-5, 0.000404225)), (2, (1, 0.000609478, 8.6379e-5, 0.000696115)), (2, (2, 0.00051534, 2.949e-5, 0.000545038)), (2, (3, 0.000615641, 5.8674e-5, 0.000674606)), (2, (4, 0.000731387, 4.6082e-5, 0.000777721)), (2, (5, 0.000536865, 0.000110142, 0.0006473)), (2, (6, 0.000367762, 7.2757e-5, 0.000440739)), (2, (7, 0.000399962, 0.000102912, 0.000503138))]), (4016, 16, 0.000830441, [(2, (0, 0.000630414, 1.4762e-5, 0.000645427)), (2, (1, 0.000561854, 8.1768e-5, 0.000643911)), (2, (2, 0.000698289, 4.8816e-5, 0.000747398)), (2, (3, 0.000630624, 0.000143554, 0.000774513)), (2, (4, 0.000353207, 3.1609e-5, 0.000385023)), (2, (5, 0.000559305, 0.000124836, 0.000684535)), (2, (6, 0.000463658, 6.9148e-5, 0.000533049)), (2, (7, 0.000399672, 0.00014724, 0.000547127))]), (4032, 16, 0.000555523, [(2, (0, 0.000335391, 1.5435e-5, 0.000351048)), (2, (1, 0.000407364, 6.8005e-5, 0.000475591)), (2, (2, 0.00035807, 5.2897e-5, 0.000411236)), (2, (3, 0.000277176, 0.000132153, 0.000409772)), (2, (4, 0.000230456, 3.366e-5, 0.000264356)), (2, (5, 0.000371927, 0.000112954, 0.000485162)), (2, (6, 0.000228683, 8.3653e-5, 0.000312601)), (2, (7, 0.000281793, 9.8924e-5, 0.000380982))]), (4048, 16, 0.000618811, [(2, (0, 0.000234505, 1.5332e-5, 0.000250091)), (2, (1, 0.000255059, 6.366e-5, 0.00031897)), (2, (2, 0.000292831, 4.7997e-5, 0.000341023)), (2, (3, 0.000256776, 0.000178793, 0.000435857)), (2, (4, 0.000245258, 3.2351e-5, 0.000277846)), (2, (5, 0.000356344, 0.000151361, 0.000508144)), (2, (6, 0.000238497, 8.0346e-5, 0.000319133)), (2, (7, 0.000358336, 0.000160566, 0.000519228))]), (4064, 16, 0.000661011, [(2, (0, 0.000261649, 1.5047e-5, 0.000276918)), (2, (1, 0.00057131, 5.8409e-5, 0.000629928)), (2, (2, 0.000319778, 3.1028e-5, 0.000351079)), (2, (3, 0.000393571, 7.2704e-5, 0.000466486)), (2, (4, 0.000298203, 4.4182e-5, 0.000342606)), (2, (5, 0.000303931, 0.000115529, 0.00041969)), (2, (6, 0.000243176, 8.9288e-5, 0.000332722)), (2, (7, 0.000258727, 0.00011129, 0.000370251))]), (4080, 15, 0.006122686, [(2, (0, 0.00026427, 1.8002e-5, 0.000282573)), (2, (1, 0.000317921, 7.6361e-5, 0.000394522)), (2, (2, 0.000261691, 4.5996e-5, 0.000307947)), (2, (3, 0.000256588, 0.000107963, 0.00036479)), (2, (4, 0.000718258, 3.2587e-5, 0.000751054)), (2, (5, 0.005914195, 9.3441e-5, 0.006008096)), (2, (6, 0.000367879, 5.9853e-5, 0.000427959)), (1, (7, 0.000195681, 0.000115207, 0.000311129))]), (4096, 16, 0.000643584, [(2, (0, 0.000256079, 1.6292e-5, 0.000272635)), (2, (1, 0.000228619, 0.000124766, 0.000353761)), (2, (2, 0.000236357, 5.0553e-5, 0.000287255)), (2, (3, 0.000240306, 0.000182332, 0.000423083)), (2, (4, 0.000331385, 3.2988e-5, 0.000364644)), (2, (5, 0.00036355, 0.000162476, 0.000526417)), (2, (6, 0.000326124, 0.000141771, 0.000468167)), (2, (7, 0.000344453, 0.000233159, 0.000578462))]), (4112, 16, 0.000534915, [(2, (0, 0.000271477, 1.3995e-5, 0.000285746)), (2, (1, 0.000327391, 3.2053e-5, 0.000359686)), (2, (2, 0.000310976, 9.3536e-5, 0.000404785)), (2, (3, 0.000333705, 0.000117659, 0.000451602)), (2, (4, 0.000447987, 4.7908e-5, 0.000496207)), (2, (5, 0.000397503, 0.000113009, 0.000510812)), (2, (6, 0.000280652, 5.8998e-5, 0.000339893)), (2, (7, 0.000284469, 7.6495e-5, 0.000361209))]), (4128, 16, 0.00052744, [(2, (0, 0.000265342, 1.6838e-5, 0.00028242)), (2, (1, 0.000274384, 3.5342e-5, 0.000310023)), (2, (2, 0.000237724, 9.4059e-5, 0.000332022)), (2, (3, 0.000241663, 0.000123631, 0.000369371)), (2, (4, 0.000324271, 4.9954e-5, 0.000374483)), (2, (5, 0.000365185, 0.00011874, 0.00048419)), (2, (6, 0.000239389, 6.5162e-5, 0.000304767)), (2, (7, 0.00025066, 7.9415e-5, 0.000330312))]), (4144, 16, 0.000484752, [(2, (0, 0.000331353, 1.6298e-5, 0.000347917)), (2, (1, 0.000347168, 6.2301e-5, 0.000409736)), (2, (2, 0.00026599, 3.3258e-5, 0.000299483)), (2, (3, 0.00028221, 7.7948e-5, 0.000360368)), (2, (4, 0.000272071, 4.7064e-5, 0.00031939)), (2, (5, 0.000237194, 0.000105472, 0.0003429)), (2, (6, 0.000286287, 9.3568e-5, 0.000380092)), (2, (7, 0.000293557, 0.000114613, 0.000408394))]), (4160, 15, 0.000687545, [(2, (0, 0.000263599, 1.5971e-5, 0.000279829)), (2, (1, 0.000636639, 1.7243e-5, 0.000654213)), (2, (2, 0.000280447, 5.9816e-5, 0.000340483)), (2, (3, 0.000457743, 9.0831e-5, 0.000548992)), (2, (4, 0.000320277, 6.8254e-5, 0.00038876)), (2, (5, 0.000291872, 7.619e-5, 0.000368297)), (2, (6, 0.000285501, 6.9241e-5, 0.000354952)), (1, (7, 0.000127473, 0.000113337, 0.000241048))]), (4176, 16, 0.000675633, [(2, (0, 0.000269023, 1.601e-5, 0.000285259)), (2, (1, 0.000240062, 6.4356e-5, 0.000304661)), (2, (2, 0.000247526, 5.0221e-5, 0.00029797)), (2, (3, 0.0002526, 0.000111129, 0.000364006)), (2, (4, 0.000370206, 3.5552e-5, 0.000406068)), (2, (5, 0.000318676, 0.000136892, 0.000455875)), (2, (6, 0.00026983, 9.5627e-5, 0.00036584)), (2, (7, 0.000392045, 0.000172589, 0.000565031))]), (4192, 16, 0.00059136, [(2, (0, 0.000262071, 1.5738e-5, 0.000278054)), (2, (1, 0.000269886, 7.9284e-5, 0.000349398)), (2, (2, 0.000266024, 4.7809e-5, 0.000314037)), (2, (3, 0.000265373, 9.4766e-5, 0.000360384)), (2, (4, 0.000313236, 3.3319e-5, 0.000346791)), (2, (5, 0.000265319, 0.000111242, 0.000376866)), (2, (6, 0.000328547, 6.4318e-5, 0.000393133)), (2, (7, 0.000377702, 0.000156161, 0.000534364))]), (4208, 16, 0.000879379, [(2, (0, 0.000259835, 1.9248e-5, 0.00027934)), (2, (1, 0.000285624, 3.3855e-5, 0.000319709)), (2, (2, 0.000754449, 9.3622e-5, 0.000848284)), (2, (3, 0.0002673, 0.000110107, 0.000377677)), (2, (4, 0.000341044, 4.9591e-5, 0.000390862)), (2, (5, 0.000331785, 0.000116506, 0.000448505)), (2, (6, 0.000323695, 6.4921e-5, 0.000388836)), (2, (7, 0.000287053, 7.8224e-5, 0.000365491))]), (4224, 16, 0.000647249, [(2, (0, 0.000561779, 1.6971e-5, 0.000578974)), (2, (1, 0.000449267, 0.000101027, 0.000550533)), (2, (2, 0.000357771, 5.4224e-5, 0.000412242)), (2, (3, 0.000425318, 0.000132458, 0.000558017)), (2, (4, 0.000338216, 3.7911e-5, 0.000376345)), (2, (5, 0.000328672, 0.000195717, 0.000524654)), (2, (6, 0.000488474, 0.000114089, 0.000602764)), (2, (7, 0.000336124, 0.000151325, 0.000487672))]), (4240, 15, 0.00102794, [(2, (0, 0.000532488, 1.7319e-5, 0.000550044)), (2, (1, 0.00068763, 9.8866e-5, 0.000786741)), (2, (2, 0.000955683, 4.148e-5, 0.000997396)), (2, (3, 0.000550428, 0.000121497, 0.000672145)), (2, (4, 0.000656608, 5.4724e-5, 0.000749292)), (2, (5, 0.000444559, 8.4227e-5, 0.000528996)), (2, (6, 0.000550355, 6.8957e-5, 0.000619557)), (1, (7, 0.000217984, 0.000115636, 0.000333844))]), (4256, 16, 0.000715286, [(2, (0, 0.000343736, 1.6339e-5, 0.00036033)), (2, (1, 0.000410579, 0.000133475, 0.000544282)), (2, (2, 0.000511857, 9.8352e-5, 0.000610444)), (2, (3, 0.000503955, 0.000114449, 0.000618625)), (2, (4, 0.000389254, 4.8925e-5, 0.000441628)), (2, (5, 0.000448127, 8.4258e-5, 0.000532682)), (2, (6, 0.000412009, 6.8438e-5, 0.000480829)), (2, (7, 0.00051488, 0.000141664, 0.000656763))]), (4272, 16, 0.000744843, [(2, (0, 0.000395926, 1.6199e-5, 0.000412413)), (2, (1, 0.000441621, 6.1245e-5, 0.000503058)), (2, (2, 0.000531864, 4.8372e-5, 0.0005805)), (2, (3, 0.000411743, 0.00011038, 0.000522336)), (2, (4, 0.00029658, 3.319e-5, 0.000330009)), (2, (5, 0.00036669, 0.000103476, 0.000470415)), (2, (6, 0.000350865, 7.4198e-5, 0.000425254)), (2, (7, 0.000556926, 8.7059e-5, 0.000644231))]), (4288, 16, 0.000677582, [(2, (0, 0.000366545, 1.585e-5, 0.000382619)), (2, (1, 0.000425113, 6.0661e-5, 0.000486006)), (2, (2, 0.000527681, 4.6104e-5, 0.000576979)), (2, (3, 0.000508876, 7.56e-5, 0.000584673)), (2, (4, 0.000491603, 3.1894e-5, 0.000523744)), (2, (5, 0.000496748, 0.000112981, 0.000609942)), (2, (6, 0.00032123, 9.1343e-5, 0.000412824)), (2, (7, 0.000496375, 0.00010679, 0.000603421))]), (4304, 16, 0.000711046, [(2, (0, 0.000321337, 1.761e-5, 0.000339175)), (2, (1, 0.000598828, 6.0161e-5, 0.000659188)), (2, (2, 0.000362591, 4.8999e-5, 0.000411815)), (2, (3, 0.000317543, 7.8615e-5, 0.00039634)), (2, (4, 0.000458355, 3.4877e-5, 0.000493477)), (2, (5, 0.000301241, 0.000113677, 0.000415141)), (2, (6, 0.000383347, 9.1584e-5, 0.000475127)), (2, (7, 0.00052271, 0.000106708, 0.000629644))]), (4320, 16, 0.000709915, [(2, (0, 0.000389525, 1.7594e-5, 0.000407389)), (2, (1, 0.000296435, 3.3305e-5, 0.000330059)), (2, (2, 0.000444191, 0.000142482, 0.000586933)), (2, (3, 0.000337838, 0.000314494, 0.000652497)), (2, (4, 0.000229587, 8.3435e-5, 0.00031327)), (2, (5, 0.000498709, 0.000111451, 0.000610392)), (2, (6, 0.000309728, 9.8919e-5, 0.000408892)), (2, (7, 0.000258385, 0.000170875, 0.000429496))]), (4336, 16, 0.000518205, [(2, (0, 0.000293977, 1.5734e-5, 0.000309966)), (2, (1, 0.000262682, 4.0019e-5, 0.000302942)), (2, (2, 0.000302402, 5.4541e-5, 0.000357198)), (2, (3, 0.000328889, 7.2686e-5, 0.000401899)), (2, (4, 0.00025605, 0.000106417, 0.000362714)), (2, (5, 0.000278321, 0.000117381, 0.000395902)), (2, (6, 0.000288516, 0.00010737, 0.000396144)), (2, (7, 0.000283155, 0.000135272, 0.00041875))]), (4352, 15, 0.000466712, [(2, (0, 0.000223771, 1.6608e-5, 0.000240612)), (2, (1, 0.00025775, 6.9039e-5, 0.000326991)), (2, (2, 0.000285313, 5.3878e-5, 0.000339464)), (2, (3, 0.000226526, 0.000113577, 0.000340334)), (2, (4, 0.0002523, 3.3935e-5, 0.000286427)), (2, (5, 0.000328416, 9.7165e-5, 0.000425794)), (2, (6, 0.00028684, 8.2044e-5, 0.000369123)), (1, (7, 0.000204257, 0.000163726, 0.000368421))]), (4368, 14, 0.004454608, [(2, (0, 0.001367184, 1.7491e-5, 0.001384926)), (2, (1, 0.000383832, 5.9288e-5, 0.000443327)), (2, (2, 0.004333773, 4.7217e-5, 0.004381448)), (2, (3, 0.000248636, 7.5069e-5, 0.000323927)), (2, (4, 0.000314116, 3.0811e-5, 0.000345147)), (2, (5, 0.000277421, 0.000114674, 0.000392334)), (1, (6, 0.000133493, 9.2473e-5, 0.00022617)), (1, (7, 0.000181943, 0.000107938, 0.000290168))]), (4384, 16, 0.000677198, [(2, (0, 0.000296525, 1.4971e-5, 0.000311772)), (2, (1, 0.000303379, 0.000120664, 0.000424312)), (2, (2, 0.000284194, 5.3087e-5, 0.000337578)), (2, (3, 0.000272426, 0.000182629, 0.000455266)), (2, (4, 0.000274482, 3.1411e-5, 0.000306194)), (2, (5, 0.000291564, 0.000177879, 0.000469772)), (2, (6, 0.000286136, 0.000139365, 0.000425793)), (2, (7, 0.000418516, 0.000158873, 0.00057769))]), (4400, 16, 0.000471027, [(2, (0, 0.000331557, 1.6725e-5, 0.000348569)), (2, (1, 0.000340148, 5.799e-5, 0.000398421)), (2, (2, 0.000351033, 4.5218e-5, 0.000396503)), (2, (3, 0.000317526, 7.3965e-5, 0.000391729)), (2, (4, 0.000411498, 3.0488e-5, 0.000442221)), (2, (5, 0.000299946, 0.000114573, 0.000414754)), (2, (6, 0.000343062, 9.1164e-5, 0.000434446)), (2, (7, 0.000300978, 0.000108483, 0.000409709))]), (4416, 16, 0.00069715, [(2, (0, 0.000508489, 1.735e-5, 0.000526108)), (2, (1, 0.000341003, 6.2828e-5, 0.000404112)), (2, (2, 0.000343142, 4.9724e-5, 0.000393103)), (2, (3, 0.000502102, 0.000136195, 0.000638748)), (2, (4, 0.000269466, 3.477e-5, 0.000304447)), (2, (5, 0.000309701, 9.5173e-5, 0.000405126)), (2, (6, 0.000497446, 7.9157e-5, 0.000576845)), (2, (7, 0.000261565, 0.000136195, 0.000397998))]), (4432, 15, 0.000590748, [(2, (0, 0.000309353, 1.3823e-5, 0.000323435)), (2, (1, 0.000344707, 2.9993e-5, 0.000375005)), (2, (2, 0.000282888, 9.8282e-5, 0.000381399)), (2, (3, 0.000389706, 0.000156164, 0.00054625)), (2, (4, 0.000300201, 4.6932e-5, 0.000347455)), (2, (5, 0.000292732, 0.000117043, 0.000409991)), (2, (6, 0.000284108, 6.3223e-5, 0.000347638)), (1, (7, 0.000159815, 8.1425e-5, 0.000241493))]), (4448, 16, 0.000614341, [(2, (0, 0.000257393, 1.5784e-5, 0.000273412)), (2, (1, 0.000287674, 6.7439e-5, 0.000355307)), (2, (2, 0.000253773, 5.6546e-5, 0.000310558)), (2, (3, 0.000241087, 0.000117455, 0.000358748)), (2, (4, 0.000232175, 3.2186e-5, 0.000264612)), (2, (5, 0.000278999, 0.00010134, 0.000380598)), (2, (6, 0.00026437, 8.5401e-5, 0.000350024)), (2, (7, 0.000388586, 0.000132962, 0.000521981))]), (4464, 16, 0.000555023, [(2, (0, 0.000227509, 1.5088e-5, 0.00024281)), (2, (1, 0.000454361, 7.4079e-5, 0.000528691)), (2, (2, 0.000234512, 4.4906e-5, 0.000279662)), (2, (3, 0.000268982, 5.9304e-5, 0.000328511)), (2, (4, 0.000263469, 3.0601e-5, 0.000294291)), (2, (5, 0.00030314, 0.000160157, 0.000463722)), (2, (6, 0.000251498, 9.0457e-5, 0.000342171)), (2, (7, 0.000263474, 0.000160258, 0.00042396))]), (4480, 15, 0.000419877, [(2, (0, 0.00022055, 1.5019e-5, 0.000235804)), (2, (1, 0.000222334, 6.0923e-5, 0.00028347)), (2, (2, 0.000245702, 4.6285e-5, 0.000292228)), (2, (3, 0.000245351, 0.00011609, 0.00036418)), (2, (4, 0.000255241, 3.1539e-5, 0.000287039)), (2, (5, 0.00028456, 9.0365e-5, 0.000375156)), (2, (6, 0.000264084, 7.3181e-5, 0.000337468)), (1, (7, 0.000122497, 0.000106183, 0.0002289))]), (4496, 15, 0.000337947, [(2, (0, 0.000255785, 1.5918e-5, 0.000271942)), (2, (1, 0.000282506, 1.7961e-5, 0.000300727)), (2, (2, 0.000258953, 5.6802e-5, 0.000315968)), (2, (3, 0.000261877, 6.8564e-5, 0.000330642)), (2, (4, 0.000251505, 4.4726e-5, 0.000296438)), (2, (5, 0.000239626, 6.1894e-5, 0.000301717)), (2, (6, 0.000268971, 4.4422e-5, 0.000313617)), (1, (7, 0.000104348, 5.9504e-5, 0.00016409))]), (4512, 16, 0.000478633, [(2, (0, 0.000276442, 1.6845e-5, 0.000293524)), (2, (1, 0.000313694, 3.1943e-5, 0.000345877)), (2, (2, 0.000258254, 0.00010124, 0.000359712)), (2, (3, 0.000305031, 0.000122671, 0.000427935)), (2, (4, 0.00032336, 4.675e-5, 0.000370327)), (2, (5, 0.000284418, 8.6217e-5, 0.000370883)), (2, (6, 0.000296587, 7.1658e-5, 0.000368492)), (2, (7, 0.000197278, 0.000120523, 0.000318115))]), (4528, 16, 0.000563412, [(2, (0, 0.000288712, 1.3435e-5, 0.000302392)), (2, (1, 0.000280941, 3.0301e-5, 0.000311456)), (2, (2, 0.000273313, 4.6107e-5, 0.000319668)), (2, (3, 0.00026277, 6.0047e-5, 0.000323055)), (2, (4, 0.000430086, 9.0678e-5, 0.000520969)), (2, (5, 0.000283154, 9.8144e-5, 0.000381511)), (2, (6, 0.000286221, 9.5403e-5, 0.000381826)), (2, (7, 0.000278559, 0.000106737, 0.000385533))]), (4544, 16, 0.000546781, [(2, (0, 0.000281246, 1.3786e-5, 0.000295284)), (2, (1, 0.000278693, 8.8765e-5, 0.000367686)), (2, (2, 0.000284921, 5.2405e-5, 0.000337519)), (2, (3, 0.000278997, 0.000157226, 0.000448462)), (2, (4, 0.000281729, 1.7603e-5, 0.000299585)), (2, (5, 0.000292782, 6.9084e-5, 0.000362059)), (2, (6, 0.000443372, 3.5553e-5, 0.000479192)), (2, (7, 0.000274317, 0.00012376, 0.000398336))]), (4560, 16, 0.000541492, [(2, (0, 0.00025666, 1.2978e-5, 0.00026987)), (2, (1, 0.000270756, 5.9481e-5, 0.000330474)), (2, (2, 0.00048368, 3.1316e-5, 0.000515251)), (2, (3, 0.000254406, 7.6226e-5, 0.000330895)), (2, (4, 0.000271322, 4.5181e-5, 0.000316759)), (2, (5, 0.000357034, 0.000105233, 0.000462494)), (2, (6, 0.000279874, 9.0457e-5, 0.000370537)), (2, (7, 0.000276515, 0.000113779, 0.000390561))]), (4576, 16, 0.000691837, [(2, (0, 0.00037889, 1.8545e-5, 0.000397677)), (2, (1, 0.00060298, 6.3579e-5, 0.000666749)), (2, (2, 0.000445518, 4.8426e-5, 0.000494166)), (2, (3, 0.000302536, 0.000109312, 0.000412043)), (2, (4, 0.000330303, 3.5899e-5, 0.000366447)), (2, (5, 0.000307281, 9.4213e-5, 0.00040172)), (2, (6, 0.000350521, 7.8714e-5, 0.000429456)), (2, (7, 0.000464311, 0.000116722, 0.000581287))]), (4592, 16, 0.000601635, [(2, (0, 0.000408506, 1.6456e-5, 0.000425235)), (2, (1, 0.000327879, 6.2053e-5, 0.000390185)), (2, (2, 0.000384109, 4.6233e-5, 0.000430588)), (2, (3, 0.000431063, 0.000142656, 0.000573929)), (2, (4, 0.000404076, 3.3292e-5, 0.000437609)), (2, (5, 0.000330389, 0.00012567, 0.000456258)), (2, (6, 0.000394197, 0.000113949, 0.00050838)), (2, (7, 0.000344388, 0.000149148, 0.000493762))]), (4608, 16, 0.000707594, [(2, (0, 0.000313847, 1.6422e-5, 0.000330492)), (2, (1, 0.000317371, 3.3922e-5, 0.000351548)), (2, (2, 0.00040135, 9.2096e-5, 0.000493674)), (2, (3, 0.000501698, 0.000151701, 0.000654226)), (2, (4, 0.000420222, 4.835e-5, 0.000468782)), (2, (5, 0.000293122, 0.000105607, 0.000398945)), (2, (6, 0.000398478, 6.3375e-5, 0.000462061)), (2, (7, 0.000307727, 7.7022e-5, 0.000384947))]), (4624, 16, 0.000920094, [(2, (0, 0.000457022, 1.4505e-5, 0.000471836)), (2, (1, 0.000273137, 0.000110474, 0.000383822)), (2, (2, 0.000832179, 4.6971e-5, 0.000879384)), (2, (3, 0.000793565, 5.8608e-5, 0.000852402)), (2, (4, 0.00037101, 3.2053e-5, 0.000403304)), (2, (5, 0.000376095, 0.000125142, 0.000501472)), (2, (6, 0.000640661, 7.485e-5, 0.000715767)), (2, (7, 0.000303854, 9.2757e-5, 0.000396826))]), (4640, 16, 0.000586567, [(2, (0, 0.000329255, 1.3817e-5, 0.000343315)), (2, (1, 0.000375531, 6.1304e-5, 0.000437113)), (2, (2, 0.000338242, 3.1189e-5, 0.000369698)), (2, (3, 0.00046783, 7.573e-5, 0.000543735)), (2, (4, 0.000273767, 4.4563e-5, 0.000318585)), (2, (5, 0.000307298, 0.000121882, 0.000429498)), (2, (6, 0.000257411, 9.6774e-5, 0.000354413)), (2, (7, 0.000274938, 0.000121644, 0.000396815))]), (4656, 16, 0.000492072, [(2, (0, 0.000269576, 1.5515e-5, 0.000285365)), (2, (1, 0.000264667, 2.7903e-5, 0.000292766)), (2, (2, 0.000383514, 8.7222e-5, 0.000470921)), (2, (3, 0.000370545, 0.00010385, 0.00047464)), (2, (4, 0.000304612, 4.348e-5, 0.00034832)), (2, (5, 0.000381819, 7.4135e-5, 0.000456188)), (2, (6, 0.000307578, 5.94e-5, 0.000367238)), (2, (7, 0.000328037, 0.000111362, 0.000439632))]), (4672, 16, 0.000611922, [(2, (0, 0.000282271, 1.6161e-5, 0.000298687)), (2, (1, 0.000291405, 6.1661e-5, 0.000353313)), (2, (2, 0.000277448, 4.6212e-5, 0.000323885)), (2, (3, 0.000429337, 0.000128277, 0.00055806)), (2, (4, 0.00030963, 3.0575e-5, 0.000340424)), (2, (5, 0.000294508, 9.0834e-5, 0.000385559)), (2, (6, 0.000339245, 7.7184e-5, 0.000419492)), (2, (7, 0.000235992, 0.000105736, 0.00034196))]), (4688, 15, 0.000432877, [(2, (0, 0.000224431, 1.5887e-5, 0.000240553)), (2, (1, 0.00028195, 7.55e-5, 0.000357647)), (2, (2, 0.00027754, 6.2033e-5, 0.000339823)), (2, (3, 0.00029132, 9.0824e-5, 0.000382398)), (2, (4, 0.000265984, 3.2069e-5, 0.00029826)), (2, (5, 0.000254154, 0.000111244, 0.000365687)), (2, (6, 0.000273483, 5.0661e-5, 0.000324402)), (1, (7, 0.000130903, 0.000116626, 0.000247756))]), (4704, 15, 0.000485884, [(2, (0, 0.000269892, 1.5603e-5, 0.000285715)), (2, (1, 0.000248797, 3.2021e-5, 0.000281032)), (2, (2, 0.000277079, 9.1336e-5, 0.000368666)), (2, (3, 0.000327456, 0.000125307, 0.000453162)), (2, (4, 0.000254426, 4.7457e-5, 0.000302141)), (2, (5, 0.000291207, 0.000111354, 0.000402804)), (2, (6, 0.000365193, 6.209e-5, 0.000427506)), (1, (7, 0.000168781, 7.6543e-5, 0.000245531))]), (4720, 16, 0.00070315, [(2, (0, 0.000315501, 1.6495e-5, 0.000332225)), (2, (1, 0.000335718, 0.000123264, 0.000459305)), (2, (2, 0.000259625, 3.4049e-5, 0.000293937)), (2, (3, 0.000358798, 0.000210934, 0.000569979)), (2, (4, 0.000209565, 4.9187e-5, 0.000258964)), (2, (5, 0.000231062, 0.000259324, 0.00049055)), (2, (6, 0.000246304, 6.2653e-5, 0.000309175)), (2, (7, 0.000375212, 0.00023014, 0.000605572))]), (4736, 15, 0.003249516, [(2, (0, 0.000221708, 1.4569e-5, 0.000236534)), (2, (1, 0.000253789, 7.7335e-5, 0.000331476)), (2, (2, 0.000235494, 4.7541e-5, 0.000283252)), (2, (3, 0.000270801, 6.4418e-5, 0.000335466)), (2, (4, 0.000332767, 3.2669e-5, 0.00036571)), (2, (5, 0.000367629, 0.000113356, 0.000481246)), (2, (6, 0.003089877, 0.000100646, 0.003190786)), (1, (7, 0.000123285, 0.000119471, 0.000242992))]), (4752, 12, 0.000854334, [(2, (0, 0.000834627, 1.7951e-5, 0.000852801)), (2, (1, 0.000233606, 3.1645e-5, 0.000265523)), (2, (2, 0.000358324, 2.1355e-5, 0.000380023)), (2, (3, 0.00039714, 5.723e-5, 0.000454869)), (1, (4, 0.000171865, 7.2514e-5, 0.000244708)), (1, (5, 0.000108058, 8.7634e-5, 0.000195999)), (1, (6, 0.00010356, 8.5679e-5, 0.000189518)), (1, (7, 0.000173222, 0.000105299, 0.000278832))]), (4768, 15, 0.00059755, [(2, (0, 0.00026627, 1.4946e-5, 0.000281444)), (2, (1, 0.000297841, 0.000193649, 0.000491726)), (2, (2, 0.000278558, 8.1683e-5, 0.000360451)), (2, (3, 0.000285139, 0.000141174, 0.00042661)), (2, (4, 0.000268109, 3.718e-5, 0.000305601)), (2, (5, 0.000243752, 0.000282616, 0.000526485)), (2, (6, 0.000260137, 0.000217734, 0.000478212)), (1, (7, 0.000160099, 0.000286207, 0.000446657))]), (4784, 16, 0.000505378, [(2, (0, 0.000178548, 1.3621e-5, 0.000192416)), (2, (1, 0.000186527, 7.2061e-5, 0.000258791)), (2, (2, 0.000189729, 4.4645e-5, 0.000234589)), (2, (3, 0.000267336, 5.6469e-5, 0.000324077)), (2, (4, 0.000352946, 2.9511e-5, 0.000382699)), (2, (5, 0.000290033, 0.000109618, 0.000399936)), (2, (6, 0.00029081, 8.5219e-5, 0.000376299)), (2, (7, 0.000297081, 0.000104022, 0.000401421))]), (4800, 16, 0.000614614, [(2, (0, 0.000312693, 1.3801e-5, 0.000326732)), (2, (1, 0.000305061, 7.0131e-5, 0.000375426)), (2, (2, 0.000279139, 5.59e-5, 0.000335269)), (2, (3, 0.000280091, 0.000100356, 0.000380675)), (2, (4, 0.000261243, 2.7096e-5, 0.000288529)), (2, (5, 0.000278079, 8.3464e-5, 0.00036178)), (2, (6, 0.000324013, 4.119e-5, 0.000365415)), (2, (7, 0.000426412, 9.57e-5, 0.000522338))]), (4816, 16, 0.000455697, [(2, (0, 0.000378739, 1.4522e-5, 0.000393493)), (2, (1, 0.000301277, 3.1196e-5, 0.000332687)), (2, (2, 0.000345133, 4.5495e-5, 0.000390861)), (2, (3, 0.000337089, 5.7995e-5, 0.000395311)), (2, (4, 0.000344869, 8.769e-5, 0.000432809)), (2, (5, 0.000270355, 9.9397e-5, 0.000369955)), (2, (6, 0.00027357, 8.8434e-5, 0.000362248)), (2, (7, 0.000317073, 0.000106464, 0.000423774))]), (4832, 16, 0.000599271, [(2, (0, 0.000257266, 1.6408e-5, 0.000273892)), (2, (1, 0.000241741, 1.8178e-5, 0.000260137)), (2, (2, 0.000233301, 6.5208e-5, 0.000298757)), (2, (3, 0.00029565, 0.000123615, 0.000419484)), (2, (4, 0.000334639, 0.000116306, 0.000451186)), (2, (5, 0.000214433, 0.000130199, 0.000344836)), (2, (6, 0.00023668, 0.000148802, 0.000385745)), (2, (7, 0.00037325, 0.000151024, 0.000524513))]), (4848, 15, 0.00053075, [(2, (0, 0.000246751, 5.436e-6, 0.000252366)), (2, (1, 0.000232192, 0.000108195, 0.000340668)), (2, (2, 0.00025801, 0.000102246, 0.000360528)), (2, (3, 0.000285814, 0.000115319, 0.000401404)), (2, (4, 0.000228889, 4.6446e-5, 0.000275647)), (2, (5, 0.000237565, 0.000106661, 0.000344441)), (2, (6, 0.000420067, 7.5637e-5, 0.000495964)), (1, (7, 0.000321117, 8.7243e-5, 0.000408673))]), (4864, 15, 0.000501997, [(2, (0, 0.000209781, 1.4604e-5, 0.000224672)), (2, (1, 0.000212572, 3.172e-5, 0.000244513)), (2, (2, 0.000256856, 9.9972e-5, 0.000357139)), (2, (3, 0.000256709, 0.000114481, 0.000371447)), (2, (4, 0.000205229, 4.5916e-5, 0.000251367)), (2, (5, 0.000326418, 0.00013383, 0.000460664)), (2, (6, 0.000215071, 6.0707e-5, 0.000275974)), (1, (7, 0.000111604, 7.3933e-5, 0.00018577))]), (4880, 16, 0.000765287, [(2, (0, 0.000284419, 1.4648e-5, 0.000299294)), (2, (1, 0.000286747, 2.9581e-5, 0.000316559)), (2, (2, 0.000233985, 4.4196e-5, 0.000278388)), (2, (3, 0.000236194, 5.6274e-5, 0.000292683)), (2, (4, 0.000233266, 0.000143309, 0.000376806)), (2, (5, 0.00025309, 0.000155412, 0.000408733)), (2, (6, 0.000490504, 0.000154142, 0.000645067)), (2, (7, 0.000237938, 0.000160737, 0.000398907))]), (4896, 16, 0.000521888, [(2, (0, 0.000244637, 1.619e-5, 0.000261047)), (2, (1, 0.000246719, 0.000100897, 0.000347861)), (2, (2, 0.000306999, 3.0404e-5, 0.000337618)), (2, (3, 0.000266723, 0.000154368, 0.000421332)), (2, (4, 0.000256601, 4.4013e-5, 0.000300817)), (2, (5, 0.000225556, 0.000218685, 0.000444446)), (2, (6, 0.000257152, 0.000172888, 0.000430271)), (2, (7, 0.000214803, 0.000262169, 0.000477076))]), (4912, 15, 0.000484827, [(2, (0, 0.000229695, 1.531e-5, 0.000245225)), (2, (1, 0.000266075, 5.4546e-5, 0.000320816)), (2, (2, 0.00028107, 4.0616e-5, 0.000321907)), (2, (3, 0.00032715, 0.000115807, 0.000443386)), (2, (4, 0.000227474, 2.8759e-5, 0.000256445)), (2, (5, 0.000226251, 9.9377e-5, 0.000325875)), (2, (6, 0.000252182, 6.798e-5, 0.000320358)), (1, (7, 0.000105488, 8.3058e-5, 0.000188768))]), (4928, 15, 0.000485805, [(2, (0, 0.000243316, 1.3075e-5, 0.00025661)), (2, (1, 0.00025149, 5.8094e-5, 0.000309817)), (2, (2, 0.000235138, 3.0604e-5, 0.000265945)), (2, (3, 0.000241777, 8.6432e-5, 0.00032844)), (2, (4, 0.00028871, 4.3957e-5, 0.0003329)), (2, (5, 0.000328704, 0.000119928, 0.000449071)), (2, (6, 0.000283263, 7.1561e-5, 0.000355063)), (1, (7, 0.000122288, 0.000101144, 0.000223656))]), (4944, 16, 0.000641462, [(2, (0, 0.000377886, 7.973e-6, 0.000386085)), (2, (1, 0.00029161, 2.1436e-5, 0.000313278)), (2, (2, 0.000263033, 7.8384e-5, 0.000341652)), (2, (3, 0.000252157, 9.3676e-5, 0.000346067)), (2, (4, 0.000313052, 3.7031e-5, 0.000350319)), (2, (5, 0.000204161, 6.4111e-5, 0.000268522)), (2, (6, 0.000216381, 4.7948e-5, 0.000264534)), (2, (7, 0.000380037, 0.000113117, 0.000493578))]), (4960, 15, 0.000482677, [(2, (0, 0.000215812, 1.6957e-5, 0.000233001)), (2, (1, 0.000199802, 0.000100324, 0.000300338)), (2, (2, 0.000227063, 3.296e-5, 0.000260285)), (2, (3, 0.000252098, 8.4371e-5, 0.000336714)), (2, (4, 0.000315321, 6.7961e-5, 0.000383501)), (2, (5, 0.000281576, 0.000133187, 0.000415024)), (2, (6, 0.00028014, 0.000120828, 0.000401218)), (1, (7, 0.000163782, 0.000169851, 0.000334035))]), (4976, 16, 0.000557883, [(2, (0, 0.000252741, 1.705e-5, 0.000270039)), (2, (1, 0.000279191, 3.4435e-5, 0.000313861)), (2, (2, 0.000227396, 5.2522e-5, 0.000280137)), (2, (3, 0.000238369, 6.7436e-5, 0.00030602)), (2, (4, 0.000248394, 9.6233e-5, 0.000344877)), (2, (5, 0.00021108, 0.000103271, 0.000314534)), (2, (6, 0.000261352, 0.00010402, 0.000365589)), (2, (7, 0.000342841, 0.000122778, 0.000466056))]), (4992, 16, 0.000531168, [(2, (0, 0.000186954, 1.4375e-5, 0.000201542)), (2, (1, 0.000235313, 5.6665e-5, 0.000292196)), (2, (2, 0.000233553, 4.3732e-5, 0.000277487)), (2, (3, 0.00020611, 6.9861e-5, 0.000276172)), (2, (4, 0.000235787, 2.9957e-5, 0.000265946)), (2, (5, 0.000212757, 0.000101093, 0.000314067)), (2, (6, 0.000234098, 8.483e-5, 0.000319129)), (2, (7, 0.0002633, 0.00015764, 0.000421347))]), (5008, 16, 0.000665845, [(2, (0, 0.000304094, 1.4795e-5, 0.000319107)), (2, (1, 0.000322523, 0.000167235, 0.000489959)), (2, (2, 0.000295271, 7.0879e-5, 0.000366357)), (2, (3, 0.000295341, 0.000140627, 0.000436162)), (2, (4, 0.000280945, 3.3214e-5, 0.000314377)), (2, (5, 0.000294457, 5.7533e-5, 0.000352202)), (2, (6, 0.000293687, 4.3913e-5, 0.000337819)), (2, (7, 0.000383264, 0.000187093, 0.00057079))]), (5024, 15, 0.000476406, [(2, (0, 0.000232668, 1.5508e-5, 0.000248407)), (2, (1, 0.000255868, 5.7169e-5, 0.000313219)), (2, (2, 0.000271185, 4.2354e-5, 0.000313744)), (2, (3, 0.000309537, 0.000120473, 0.000430452)), (2, (4, 0.000222468, 3.01e-5, 0.000252763)), (2, (5, 0.000255866, 8.6522e-5, 0.000342607)), (2, (6, 0.00032286, 7.3388e-5, 0.000396481)), (1, (7, 0.00012295, 0.000101284, 0.000224466))]), (5040, 15, 0.000359861, [(2, (0, 0.000244984, 1.4436e-5, 0.000259642)), (2, (1, 0.000235942, 5.7296e-5, 0.000293469)), (2, (2, 0.000266042, 2.8385e-5, 0.000294654)), (2, (3, 0.000236185, 7.0949e-5, 0.000307335)), (2, (4, 0.000224177, 4.313e-5, 0.000267506)), (2, (5, 0.000217856, 9.7145e-5, 0.00031524)), (2, (6, 0.000251903, 8.292e-5, 0.000335023)), (1, (7, 0.000161984, 0.000158651, 0.000321054))]), (5056, 16, 0.000709563, [(2, (0, 0.000221628, 1.209e-5, 0.000233937)), (2, (1, 0.000216855, 2.8766e-5, 0.000245898)), (2, (2, 0.000257961, 8.5568e-5, 0.000343752)), (2, (3, 0.000214061, 9.0203e-5, 0.000304513)), (2, (4, 0.000215098, 4.1924e-5, 0.00025725)), (2, (5, 0.000220813, 0.00011826, 0.00033931)), (2, (6, 0.000231276, 5.3228e-5, 0.000284731)), (2, (7, 0.000311003, 0.000234923, 0.000546126))]), (5072, 16, 0.000700555, [(2, (0, 0.000257326, 1.9058e-5, 0.000276638)), (2, (1, 0.000268209, 3.522e-5, 0.000303736)), (2, (2, 0.000305299, 2.2398e-5, 0.000327919)), (2, (3, 0.000352032, 6.7556e-5, 0.000419804)), (2, (4, 0.000268872, 4.9589e-5, 0.000318692)), (2, (5, 0.000430498, 0.000221665, 0.000652544)), (2, (6, 0.000384299, 9.865e-5, 0.000483152)), (2, (7, 0.000349564, 0.000254768, 0.000604731))]), (5088, 16, 0.000827715, [(2, (0, 0.000441167, 1.812e-5, 0.00045956)), (2, (1, 0.000393518, 6.2396e-5, 0.000456132)), (2, (2, 0.000585438, 4.722e-5, 0.00063286)), (2, (3, 0.000384007, 0.000107744, 0.000491977)), (2, (4, 0.000426298, 3.4871e-5, 0.000461408)), (2, (5, 0.000476852, 9.0994e-5, 0.000568047)), (2, (6, 0.000348902, 7.5682e-5, 0.000424826)), (2, (7, 0.000609802, 0.000125406, 0.000735617))]), (5104, 16, 0.000783198, [(2, (0, 0.000435534, 1.6848e-5, 0.000452625)), (2, (1, 0.00033393, 7.5164e-5, 0.000409322)), (2, (2, 0.000473205, 6.0515e-5, 0.000533925)), (2, (3, 0.000503707, 0.000163559, 0.000667709)), (2, (4, 0.000324373, 3.1643e-5, 0.000356206)), (2, (5, 0.000354301, 8.8049e-5, 0.000442573)), (2, (6, 0.00053502, 4.6488e-5, 0.00058176)), (2, (7, 0.000621559, 0.000103959, 0.000725735))]), (5120, 16, 0.000739013, [(2, (0, 0.00057552, 4.6385e-5, 0.000622158)), (2, (1, 0.000304865, 6.3389e-5, 0.000368464)), (2, (2, 0.000582641, 3.3811e-5, 0.000616684)), (2, (3, 0.000569199, 0.000126004, 0.000695567)), (2, (4, 0.000464113, 1.7865e-5, 0.000482191)), (2, (5, 0.000353515, 9.3485e-5, 0.000447245)), (2, (6, 0.000336563, 7.7718e-5, 0.000414479)), (2, (7, 0.000341826, 0.000109389, 0.00045146))]), (5136, 16, 0.000956618, [(2, (0, 0.000421438, 1.9432e-5, 0.000441094)), (2, (1, 0.000389967, 3.6317e-5, 0.000426513)), (2, (2, 0.000563005, 0.000114493, 0.000677714)), (2, (3, 0.000449285, 0.000440631, 0.000890225)), (2, (4, 0.000573048, 5.2605e-5, 0.0006259)), (2, (5, 0.000411445, 0.000135679, 0.000547393)), (2, (6, 0.000600562, 6.6996e-5, 0.000667809)), (2, (7, 0.000488477, 8.7032e-5, 0.000575799))]), (5152, 16, 0.000818381, [(2, (0, 0.000390054, 1.5356e-5, 0.000405644)), (2, (1, 0.000498423, 2.9712e-5, 0.000528392)), (2, (2, 0.000489262, 0.000176992, 0.000666524)), (2, (3, 0.000400605, 0.000197701, 0.000598554)), (2, (4, 0.000405891, 4.4187e-5, 0.000450356)), (2, (5, 0.000466849, 0.000161883, 0.000628984)), (2, (6, 0.000414545, 0.000100446, 0.000515193)), (2, (7, 0.000467514, 0.000254873, 0.000722814))]), (5168, 16, 0.000551359, [(2, (0, 0.000446878, 1.7142e-5, 0.000464278)), (2, (1, 0.000349491, 9.5578e-5, 0.000445306)), (2, (2, 0.000352451, 4.9916e-5, 0.000402621)), (2, (3, 0.000341197, 0.000111498, 0.000452939)), (2, (4, 0.000342668, 3.5287e-5, 0.000378211)), (2, (5, 0.000356709, 7.8775e-5, 0.000435681)), (2, (6, 0.000308594, 6.4178e-5, 0.000373039)), (2, (7, 0.000304076, 0.000165892, 0.000470461))]), (5184, 16, 0.00050481, [(2, (0, 0.00016859, 1.376e-5, 0.000182574)), (2, (1, 0.000281383, 2.8582e-5, 0.000310193)), (2, (2, 0.00018709, 8.8549e-5, 0.000275877)), (2, (3, 0.000331018, 0.000122089, 0.000453543)), (2, (4, 0.000176955, 4.4067e-5, 0.000221267)), (2, (5, 0.000267047, 0.000105298, 0.000372597)), (2, (6, 0.000179876, 5.9388e-5, 0.000239476)), (2, (7, 0.000217847, 7.3922e-5, 0.000292015))]), (5200, 16, 0.000443719, [(2, (0, 0.000198185, 1.3499e-5, 0.000211909)), (2, (1, 0.000316029, 5.9297e-5, 0.00037556)), (2, (2, 0.000340355, 4.5166e-5, 0.000385761)), (2, (3, 0.000201321, 0.000108868, 0.000310413)), (2, (4, 0.000200755, 3.0664e-5, 0.000231644)), (2, (5, 0.000238264, 0.000167635, 0.000406362)), (2, (6, 0.000233893, 7.4614e-5, 0.000308741)), (2, (7, 0.00022681, 8.9975e-5, 0.000317017))]), (5216, 16, 0.000648948, [(2, (0, 0.000284115, 1.3175e-5, 0.000297516)), (2, (1, 0.000335264, 3.0424e-5, 0.000365918)), (2, (2, 0.00024145, 8.6958e-5, 0.000328619)), (2, (3, 0.000354685, 0.000121022, 0.00047614)), (2, (4, 0.000216948, 4.4798e-5, 0.000261971)), (2, (5, 0.000226886, 0.000102835, 0.000329942)), (2, (6, 0.00022917, 5.9782e-5, 0.000289186)), (2, (7, 0.000232089, 7.2917e-5, 0.000305218))]), (5232, 16, 0.000670959, [(2, (0, 0.000229485, 1.568e-5, 0.000245392)), (2, (1, 0.000347688, 6.6597e-5, 0.000414503)), (2, (2, 0.000376754, 5.0123e-5, 0.000427396)), (2, (3, 0.000258328, 0.000138385, 0.000397089)), (2, (4, 0.000255934, 3.2578e-5, 0.000288743)), (2, (5, 0.000280957, 0.000126205, 0.000407544)), (2, (6, 0.000236938, 9.0734e-5, 0.000327969)), (2, (7, 0.000391603, 0.000157548, 0.000549508))]), (5248, 16, 0.000584693, [(2, (0, 0.000262739, 1.62e-5, 0.000279167)), (2, (1, 0.000307062, 6.0334e-5, 0.000367623)), (2, (2, 0.000302436, 4.4236e-5, 0.000346896)), (2, (3, 0.000313106, 0.000186693, 0.000500046)), (2, (4, 0.000277876, 3.1573e-5, 0.000309693)), (2, (5, 0.000296499, 0.00013422, 0.000430968)), (2, (6, 0.00025643, 7.5823e-5, 0.000332474)), (2, (7, 0.000316878, 0.000239093, 0.000556383))]), (5264, 16, 0.000500981, [(2, (0, 0.000319361, 1.6849e-5, 0.000336449)), (2, (1, 0.000316301, 1.8503e-5, 0.000335063)), (2, (2, 0.00033086, 8.996e-5, 0.000421252)), (2, (3, 0.000258586, 8.9839e-5, 0.000348652)), (2, (4, 0.000261076, 6.0173e-5, 0.000321487)), (2, (5, 0.000271773, 6.0348e-5, 0.00033236)), (2, (6, 0.000310867, 5.9704e-5, 0.000370803)), (2, (7, 0.000323475, 7.0562e-5, 0.000394327))]), (5280, 15, 0.000421976, [(2, (0, 0.000352266, 1.4528e-5, 0.00036702)), (2, (1, 0.000251352, 6.1142e-5, 0.000312742)), (2, (2, 0.000248735, 4.629e-5, 0.000295252)), (2, (3, 0.000241043, 0.000106834, 0.000348101)), (2, (4, 0.000227197, 3.2023e-5, 0.000259455)), (2, (5, 0.000258039, 8.9447e-5, 0.000347709)), (2, (6, 0.000316949, 7.4612e-5, 0.000391778)), (1, (7, 0.000240497, 0.00012478, 0.000365688))]), (5296, 13, 0.003763223, [(2, (0, 0.000260727, 1.6898e-5, 0.000277887)), (2, (1, 0.000245257, 5.129e-5, 0.000296799)), (2, (2, 0.003631697, 3.4022e-5, 0.003666074)), (2, (3, 0.003072063, 6.5228e-5, 0.003137506)), (2, (4, 0.001108179, 2.8133e-5, 0.001136554)), (1, (5, 0.000120936, 9.5152e-5, 0.000216287)), (1, (6, 0.000158488, 7.8862e-5, 0.000237562)), (1, (7, 0.000194637, 0.000114284, 0.000309326))]), (5312, 14, 0.005505051, [(2, (0, 0.000394451, 1.819e-5, 0.000412883)), (2, (1, 0.001357064, 0.000111674, 0.001468977)), (2, (2, 0.005432922, 3.4182e-5, 0.005467368)), (2, (3, 0.000311423, 0.000169941, 0.000481633)), (2, (4, 0.000324582, 5.0849e-5, 0.000375676)), (2, (5, 0.00026494, 0.00025189, 0.000517068)), (1, (6, 0.000177264, 0.000236165, 0.000413694)), (1, (7, 0.000192476, 0.000286196, 0.000479035))]), (5328, 16, 0.000561268, [(2, (0, 0.000235894, 1.6548e-5, 0.000252686)), (2, (1, 0.000410606, 0.00014044, 0.000551457)), (2, (2, 0.0001942, 3.2411e-5, 0.000226835)), (2, (3, 0.000260844, 0.000201904, 0.000463102)), (2, (4, 0.000309495, 5.8248e-5, 0.000367998)), (2, (5, 0.000302789, 0.000227868, 0.000530788)), (2, (6, 0.000277685, 8.6595e-5, 0.00036463)), (2, (7, 0.000258953, 0.000195938, 0.000455254))]), (5344, 16, 0.000446071, [(2, (0, 0.000280121, 1.5897e-5, 0.000296285)), (2, (1, 0.000324694, 3.2244e-5, 0.00035716)), (2, (2, 0.000324214, 9.5076e-5, 0.000419544)), (2, (3, 0.000289675, 0.000123195, 0.000413275)), (2, (4, 0.000276045, 4.8657e-5, 0.000324905)), (2, (5, 0.000273637, 7.9063e-5, 0.000352926)), (2, (6, 0.000314992, 6.5624e-5, 0.000380955)), (2, (7, 0.000289971, 0.000110883, 0.000401089))]), (5360, 16, 0.000512358, [(2, (0, 0.000332036, 1.7163e-5, 0.000349605)), (2, (1, 0.000271981, 8.3769e-5, 0.000355995)), (2, (2, 0.000290771, 3.3982e-5, 0.00032496)), (2, (3, 0.000269782, 6.3053e-5, 0.000333097)), (2, (4, 0.000284762, 4.8865e-5, 0.000333852)), (2, (5, 0.000252776, 0.000121267, 0.000374281)), (2, (6, 0.00023423, 9.7208e-5, 0.000331665)), (2, (7, 0.000313216, 0.000112963, 0.000426436))]), (5376, 16, 0.000534424, [(2, (0, 0.000287997, 1.7384e-5, 0.000305638)), (2, (1, 0.000304027, 6.3208e-5, 0.000367469)), (2, (2, 0.000459033, 4.8032e-5, 0.000507304)), (2, (3, 0.000205263, 7.7188e-5, 0.000282656)), (2, (4, 0.000302146, 3.2964e-5, 0.00033534)), (2, (5, 0.000265012, 0.000107851, 0.000373127)), (2, (6, 0.000312567, 9.2219e-5, 0.000405025)), (2, (7, 0.000298186, 0.00011416, 0.00041255))]), (5392, 15, 0.00051702, [(2, (0, 0.000237056, 1.3891e-5, 0.000251153)), (2, (1, 0.000256264, 9.9521e-5, 0.00035603)), (2, (2, 0.000243368, 7.14e-5, 0.000315014)), (2, (3, 0.000310324, 0.000158148, 0.000468887)), (2, (4, 0.000246799, 2.9411e-5, 0.000276416)), (2, (5, 0.000212476, 8.2642e-5, 0.00029534)), (2, (6, 0.000257329, 4.2939e-5, 0.000300477)), (1, (7, 0.0001366, 5.7249e-5, 0.000194048))]), (5408, 16, 0.00047876, [(2, (0, 0.000189249, 1.4392e-5, 0.000203862)), (2, (1, 0.000289103, 5.6885e-5, 0.000346203)), (2, (2, 0.000246319, 4.1973e-5, 0.000288485)), (2, (3, 0.000286147, 0.00013809, 0.000424472)), (2, (4, 0.00020912, 3.0243e-5, 0.000239558)), (2, (5, 0.000216026, 0.000123166, 0.000339399)), (2, (6, 0.000232315, 7.358e-5, 0.000306102)), (2, (7, 0.000235708, 0.000205037, 0.000440878))]), (5424, 14, 0.000383849, [(2, (0, 0.000219912, 2.1704e-5, 0.000241843)), (2, (1, 0.000275438, 3.1096e-5, 0.000306744)), (2, (2, 0.000264322, 5.0718e-5, 0.000315251)), (2, (3, 0.00022538, 5.9434e-5, 0.000285048)), (2, (4, 0.00025529, 3.8089e-5, 0.000293591)), (2, (5, 0.000270421, 5.7184e-5, 0.000327802)), (1, (6, 0.000126403, 4.4123e-5, 0.000170737)), (1, (7, 0.000163639, 0.000112597, 0.000276614))]), (5440, 15, 0.000575021, [(2, (0, 0.00039261, 1.3621e-5, 0.000406446)), (2, (1, 0.00024089, 0.000110837, 0.000352022)), (2, (2, 0.000242457, 1.8124e-5, 0.000260811)), (2, (3, 0.000242007, 4.5877e-5, 0.000288274)), (2, (4, 0.000241183, 9.2178e-5, 0.000333563)), (2, (5, 0.000266998, 0.000171574, 0.000438836)), (2, (6, 0.000348408, 0.000162463, 0.000517429)), (1, (7, 0.000129584, 0.000261457, 0.000394423))]), (5456, 14, 0.00048183, [(2, (0, 0.000190104, 1.5447e-5, 0.000205791)), (2, (1, 0.000270113, 5.8909e-5, 0.000329242)), (2, (2, 0.000300174, 4.4778e-5, 0.000345183)), (2, (3, 0.000261305, 0.000122893, 0.000384536)), (2, (4, 0.000249879, 3.0507e-5, 0.000280626)), (2, (5, 0.000284587, 9.0175e-5, 0.000374965)), (1, (6, 0.000139297, 7.3638e-5, 0.00021316)), (1, (7, 0.000100725, 0.000207167, 0.000308016))]), (5472, 16, 0.000595432, [(2, (0, 0.000255666, 1.4791e-5, 0.000270684)), (2, (1, 0.000238576, 5.4758e-5, 0.000293515)), (2, (2, 0.000233871, 2.8738e-5, 0.000262815)), (2, (3, 0.000217486, 7.0344e-5, 0.000288035)), (2, (4, 0.000241911, 4.3481e-5, 0.000285583)), (2, (5, 0.000393159, 0.000150485, 0.000544027)), (2, (6, 0.000273312, 8.514e-5, 0.000358637)), (2, (7, 0.000277638, 9.9016e-5, 0.000376882))]), (5488, 16, 0.000564074, [(2, (0, 0.000255321, 4.3632e-5, 0.000299154)), (2, (1, 0.000268895, 2.9853e-5, 0.000299014)), (2, (2, 0.000261062, 0.000211782, 0.000473067)), (2, (3, 0.000281002, 0.000229799, 0.000511181)), (2, (4, 0.000210679, 1.6438e-5, 0.00022733)), (2, (5, 0.00023155, 0.000163023, 0.000394815)), (2, (6, 0.000262464, 9.4778e-5, 0.000357461)), (2, (7, 0.000242382, 0.000109422, 0.000352037))]), (5504, 16, 0.000656714, [(2, (0, 0.000229445, 1.5015e-5, 0.000244681)), (2, (1, 0.000238763, 5.7223e-5, 0.000296207)), (2, (2, 0.000301573, 4.357e-5, 0.000345367)), (2, (3, 0.000285009, 0.000143745, 0.000429556)), (2, (4, 0.000245251, 3.0423e-5, 0.000275876)), (2, (5, 0.000278164, 0.00011355, 0.000391924)), (2, (6, 0.000266696, 0.000109675, 0.000376604)), (2, (7, 0.000329896, 0.000238637, 0.000568945))]), (5520, 16, 0.000498708, [(2, (0, 0.00023674, 1.406e-5, 0.000251016)), (2, (1, 0.000265905, 5.5827e-5, 0.000321909)), (2, (2, 0.000264566, 4.2223e-5, 0.000307012)), (2, (3, 0.000249181, 8.6277e-5, 0.000335653)), (2, (4, 0.000241499, 2.8532e-5, 0.000270224)), (2, (5, 0.000295606, 0.000161541, 0.000457572)), (2, (6, 0.000302856, 7.1681e-5, 0.000375212)), (2, (7, 0.00025609, 0.000101525, 0.000357826))]), (5536, 16, 0.000601408, [(2, (0, 0.000348428, 1.4269e-5, 0.000362952)), (2, (1, 0.000232941, 0.000116577, 0.000349744)), (2, (2, 0.000376228, 2.8459e-5, 0.000404932)), (2, (3, 0.000330013, 0.00010761, 0.000438035)), (2, (4, 0.000438462, 4.158e-5, 0.00048028)), (2, (5, 0.000276848, 0.000123067, 0.000400149)), (2, (6, 0.000279434, 6.68e-5, 0.000346476)), (2, (7, 0.000414984, 8.8749e-5, 0.000504056))]), (5552, 16, 0.000502496, [(2, (0, 0.00029499, 1.6536e-5, 0.000311756)), (2, (1, 0.000286763, 6.1726e-5, 0.000348681)), (2, (2, 0.000275869, 4.803e-5, 0.0003241)), (2, (3, 0.00032315, 0.000137348, 0.000460861)), (2, (4, 0.000266094, 3.5096e-5, 0.000301468)), (2, (5, 0.000235065, 9.2621e-5, 0.000327873)), (2, (6, 0.000253147, 7.6092e-5, 0.000329482)), (2, (7, 0.000260323, 0.000121888, 0.000382495))]), (5568, 16, 0.000650672, [(2, (0, 0.000354799, 1.596e-5, 0.000370976)), (2, (1, 0.00027551, 6.1064e-5, 0.00033682)), (2, (2, 0.000495899, 3.2378e-5, 0.000528479)), (2, (3, 0.000270718, 9.3114e-5, 0.000364076)), (2, (4, 0.000239354, 4.6605e-5, 0.000286164)), (2, (5, 0.000423011, 0.000126556, 0.000549977)), (2, (6, 0.000418889, 7.8604e-5, 0.000497732)), (2, (7, 0.000371349, 0.000108808, 0.000480393))]), (5584, 14, 0.000779523, [(2, (0, 0.000345116, 1.5702e-5, 0.000361029)), (2, (1, 0.000282255, 6.9683e-5, 0.000352149)), (2, (2, 0.000407436, 3.1993e-5, 0.000439648)), (2, (3, 0.000541782, 0.000153869, 0.000696035)), (2, (4, 0.000335815, 4.4389e-5, 0.000380435)), (2, (5, 0.000417554, 8.5604e-5, 0.000503376)), (1, (6, 0.000173814, 5.8004e-5, 0.000232046)), (1, (7, 0.000136148, 0.000100946, 0.000237318))]), (5600, 15, 0.000753733, [(2, (0, 0.000524642, 1.6402e-5, 0.000541264)), (2, (1, 0.000533291, 0.000110504, 0.000644004)), (2, (2, 0.000433349, 6.1231e-5, 0.000494794)), (2, (3, 0.000433535, 0.000265319, 0.000699254)), (2, (4, 0.000307495, 3.0533e-5, 0.000338236)), (2, (5, 0.000522441, 0.000160496, 0.000683138)), (2, (6, 0.000412979, 4.3013e-5, 0.000456216)), (1, (7, 0.000215472, 0.000211783, 0.000427488))]), (5616, 16, 0.000852194, [(2, (0, 0.000289063, 1.4917e-5, 0.000304194)), (2, (1, 0.000264036, 5.8618e-5, 0.000322836)), (2, (2, 0.000418168, 4.4081e-5, 0.000462478)), (2, (3, 0.000343179, 0.000101143, 0.000444545)), (2, (4, 0.000497262, 3.1077e-5, 0.000528558)), (2, (5, 0.000358183, 8.4795e-5, 0.000443202)), (2, (6, 0.000356703, 7.4106e-5, 0.000431023)), (2, (7, 0.00059286, 0.000160594, 0.000754025))]), (5632, 16, 0.00071854, [(2, (0, 0.000627205, 1.6148e-5, 0.00064362)), (2, (1, 0.00048594, 0.00011696, 0.000603132)), (2, (2, 0.00049311, 8.0493e-5, 0.000573814)), (2, (3, 0.000348556, 0.000105081, 0.000454004)), (2, (4, 0.000661493, 2.9876e-5, 0.000691604)), (2, (5, 0.000432262, 0.000123884, 0.000556347)), (2, (6, 0.000412039, 4.5354e-5, 0.000457721)), (2, (7, 0.000377815, 6.6891e-5, 0.000445073))]), (5648, 14, 0.000954564, [(2, (0, 0.000374544, 1.4604e-5, 0.000389404)), (2, (1, 0.000476435, 5.8933e-5, 0.000535602)), (2, (2, 0.000393462, 2.7933e-5, 0.000421604)), (2, (3, 0.000341145, 7.8078e-5, 0.000419471)), (2, (4, 0.000371104, 4.7505e-5, 0.000418864)), (2, (5, 0.000632762, 0.000237098, 0.000870255)), (1, (6, 0.000196553, 0.000131599, 0.000328342)), (1, (7, 0.000169808, 0.000183681, 0.000353747))]), (5664, 16, 0.0007333, [(2, (0, 0.000241149, 6.735e-6, 0.000248099)), (2, (1, 0.000549027, 0.000157411, 0.00070688)), (2, (2, 0.00029967, 9.7326e-5, 0.000397219)), (2, (3, 0.00027304, 0.000146503, 0.000419754)), (2, (4, 0.000232779, 3.1667e-5, 0.000264667)), (2, (5, 0.000247962, 9.4856e-5, 0.000343018)), (2, (6, 0.000287833, 4.3058e-5, 0.000331104)), (2, (7, 0.00033001, 4.5422e-5, 0.000375661))]), (5680, 16, 0.000556805, [(2, (0, 0.000311818, 1.6216e-5, 0.000328255)), (2, (1, 0.0002631, 0.000108306, 0.000371642)), (2, (2, 0.000214337, 3.5523e-5, 0.000250112)), (2, (3, 0.000234262, 0.000159815, 0.000394319)), (2, (4, 0.000249686, 5.8785e-5, 0.000308675)), (2, (5, 0.00029034, 0.000224791, 0.0005154)), (2, (6, 0.000305311, 0.000176334, 0.000481854)), (2, (7, 0.000261652, 0.000250902, 0.000512683))]), (5696, 16, 0.000613541, [(2, (0, 0.000218278, 1.5539e-5, 0.000234041)), (2, (1, 0.000271961, 1.709e-5, 0.000289256)), (2, (2, 0.000219745, 4.4892e-5, 0.000264868)), (2, (3, 0.000318552, 6.4077e-5, 0.000382858)), (2, (4, 0.000332094, 7.2243e-5, 0.000404541)), (2, (5, 0.0004482, 0.000128255, 0.000576858)), (2, (6, 0.000289156, 7.3417e-5, 0.000362822)), (2, (7, 0.000276155, 7.6157e-5, 0.00035253))]), (5712, 16, 0.000653475, [(2, (0, 0.000360828, 2.2055e-5, 0.00038311)), (2, (1, 0.000293559, 0.000103056, 0.000396872)), (2, (2, 0.000270249, 8.344e-5, 0.00035393)), (2, (3, 0.000346252, 0.000165518, 0.000511993)), (2, (4, 0.000214697, 4.6342e-5, 0.000261353)), (2, (5, 0.000211435, 0.000155451, 0.000367104)), (2, (6, 0.000185821, 0.00011607, 0.000302098)), (2, (7, 0.000383895, 0.000184381, 0.000568714))]), (5728, 16, 0.00055336, [(2, (0, 0.000223271, 1.6032e-5, 0.000239533)), (2, (1, 0.000359271, 5.9832e-5, 0.000419326)), (2, (2, 0.000259777, 4.6087e-5, 0.000306113)), (2, (3, 0.000325801, 0.000167789, 0.000494021)), (2, (4, 0.00025536, 3.1147e-5, 0.000286691)), (2, (5, 0.000235105, 8.7892e-5, 0.000323226)), (2, (6, 0.000280597, 7.3632e-5, 0.00035444)), (2, (7, 0.000267681, 0.000166981, 0.000434878))]), (5744, 16, 0.001475992, [(2, (0, 0.000489849, 1.6166e-5, 0.000506263)), (2, (1, 0.000260179, 8.8715e-5, 0.00034909)), (2, (2, 0.000254854, 7.3174e-5, 0.000328272)), (2, (3, 0.001193152, 0.000169905, 0.001363438)), (2, (4, 0.000254325, 3.2809e-5, 0.000287356)), (2, (5, 0.000296689, 0.000182671, 0.000479712)), (2, (6, 0.000299871, 4.6957e-5, 0.000347022)), (2, (7, 0.000286093, 6.1552e-5, 0.000347888))]), (5760, 16, 0.000563699, [(2, (0, 0.000223129, 1.5947e-5, 0.00023933)), (2, (1, 0.000239895, 5.9142e-5, 0.000299283)), (2, (2, 0.000261073, 4.488e-5, 0.000306173)), (2, (3, 0.000255367, 0.000110163, 0.000365732)), (2, (4, 0.000230984, 3.1266e-5, 0.000262504)), (2, (5, 0.000206184, 9.4605e-5, 0.000301015)), (2, (6, 0.000281833, 8.0423e-5, 0.000362511)), (2, (7, 0.000267635, 0.000206169, 0.000474226))]), (5776, 14, 0.000678772, [(2, (0, 0.000294262, 1.4409e-5, 0.000308954)), (2, (1, 0.000394077, 6.6573e-5, 0.000460888)), (2, (2, 0.000238293, 4.267e-5, 0.000281167)), (2, (3, 0.000360574, 0.00026884, 0.000629789)), (2, (4, 0.000216834, 2.9266e-5, 0.00024634)), (2, (5, 0.000229057, 0.000246722, 0.000475898)), (1, (6, 0.000212155, 0.000235233, 0.000447761)), (1, (7, 0.000126363, 0.000281916, 0.00040838))]), (5792, 16, 0.000576926, [(2, (0, 0.000191515, 1.4804e-5, 0.000206531)), (2, (1, 0.000240338, 3.1242e-5, 0.00027182)), (2, (2, 0.000235262, 0.000107704, 0.000343294)), (2, (3, 0.00035219, 0.000152785, 0.000505768)), (2, (4, 0.000338041, 4.7482e-5, 0.000385741)), (2, (5, 0.000252034, 7.7625e-5, 0.000329996)), (2, (6, 0.000242438, 6.1289e-5, 0.000303962)), (2, (7, 0.000306368, 0.000199267, 0.000506031))]), (5808, 16, 0.000503199, [(2, (0, 0.000234335, 1.3837e-5, 0.000248372)), (2, (1, 0.000359967, 1.6709e-5, 0.00037703)), (2, (2, 0.000234961, 4.2926e-5, 0.00027816)), (2, (3, 0.000309472, 4.3936e-5, 0.000357488)), (2, (4, 0.00027446, 8.7351e-5, 0.000362048)), (2, (5, 0.000249854, 0.000124387, 0.000374442)), (2, (6, 0.0002231, 8.7807e-5, 0.000311114)), (2, (7, 0.000289814, 0.000121418, 0.00041161))]), (5824, 16, 0.000637917, [(2, (0, 0.000314717, 1.5631e-5, 0.000330631)), (2, (1, 0.000277693, 3.268e-5, 0.000310585)), (2, (2, 0.000360301, 9.3678e-5, 0.000454246)), (2, (3, 0.000332282, 0.000167119, 0.00049961)), (2, (4, 0.000295616, 4.8825e-5, 0.000344651)), (2, (5, 0.0003553, 7.9267e-5, 0.000434856)), (2, (6, 0.000380583, 6.2357e-5, 0.000443306)), (2, (7, 0.000383459, 0.000170688, 0.000554596))]), (5840, 16, 0.000573854, [(2, (0, 0.000289002, 1.4276e-5, 0.000303496)), (2, (1, 0.000321833, 3.1933e-5, 0.000353993)), (2, (2, 0.000319127, 9.2115e-5, 0.0004115)), (2, (3, 0.000261117, 0.000107446, 0.000368799)), (2, (4, 0.000229503, 4.6664e-5, 0.00027637)), (2, (5, 0.000397972, 0.000126532, 0.000524906)), (2, (6, 0.000335019, 6.1168e-5, 0.000396409)), (2, (7, 0.000304732, 7.724e-5, 0.000382261))]), (5856, 16, 0.000537632, [(2, (0, 0.000189827, 1.6404e-5, 0.000206484)), (2, (1, 0.000253598, 9.2594e-5, 0.000346429)), (2, (2, 0.000302371, 4.7435e-5, 0.000350037)), (2, (3, 0.000279186, 0.000165514, 0.000445154)), (2, (4, 0.000265625, 3.3934e-5, 0.000299774)), (2, (5, 0.000362177, 0.000108752, 0.000471156)), (2, (6, 0.000258121, 6.2192e-5, 0.000320573)), (2, (7, 0.000300555, 7.7703e-5, 0.00037849))]), (5872, 16, 0.000481515, [(2, (0, 0.000253858, 1.6364e-5, 0.000270453)), (2, (1, 0.000327566, 0.000126179, 0.000453979)), (2, (2, 0.000283489, 4.6445e-5, 0.000330145)), (2, (3, 0.000256823, 6.1087e-5, 0.000318132)), (2, (4, 0.000291387, 3.2626e-5, 0.000324221)), (2, (5, 0.000287143, 9.0524e-5, 0.000377882)), (2, (6, 0.000231523, 7.6268e-5, 0.000307998)), (2, (7, 0.000270734, 0.000112976, 0.000384015))]), (5888, 15, 0.000608144, [(2, (0, 0.000409572, 3.4823e-5, 0.000444663)), (2, (1, 0.000259437, 9.8348e-5, 0.000358055)), (2, (2, 0.000253397, 7.0611e-5, 0.00032428)), (2, (3, 0.0002485, 0.000258735, 0.000507366)), (2, (4, 0.000235115, 5.3426e-5, 0.000288768)), (2, (5, 0.000210633, 0.000155334, 0.000366212)), (2, (6, 0.000421125, 0.000118087, 0.000539535)), (1, (7, 0.000116442, 0.000141366, 0.000258118))]), (5904, 16, 0.000611455, [(2, (0, 0.000232977, 1.6916e-5, 0.000250118)), (2, (1, 0.000275489, 8.0175e-5, 0.000355932)), (2, (2, 0.000286192, 4.4515e-5, 0.00033092)), (2, (3, 0.000293795, 5.982e-5, 0.000353867)), (2, (4, 0.000226514, 3.1659e-5, 0.000258413)), (2, (5, 0.000337043, 0.000169199, 0.000506439)), (2, (6, 0.000399684, 0.000160571, 0.000567287)), (2, (7, 0.000220308, 0.000183437, 0.000404125))]), (5920, 16, 0.000419208, [(2, (0, 0.000315548, 1.4695e-5, 0.000330478)), (2, (1, 0.000250419, 7.4649e-5, 0.000325273)), (2, (2, 0.000222729, 3.0424e-5, 0.000253373)), (2, (3, 0.000293908, 5.8581e-5, 0.000352686)), (2, (4, 0.00024606, 4.5351e-5, 0.000291661)), (2, (5, 0.000210892, 0.000110226, 0.000321333)), (2, (6, 0.000292858, 8.9502e-5, 0.000382571)), (2, (7, 0.000238365, 0.000128972, 0.0003676))]), (5936, 15, 0.000473706, [(2, (0, 0.000310198, 4.4497e-5, 0.000354917)), (2, (1, 0.000275823, 9.1782e-5, 0.000367839)), (2, (2, 0.000286054, 7.9403e-5, 0.000365661)), (2, (3, 0.000276043, 0.000145663, 0.000421956)), (2, (4, 0.000326579, 6.1232e-5, 0.000388033)), (2, (5, 0.000214793, 0.000138034, 0.000353044)), (2, (6, 0.000243735, 0.000107622, 0.000351609)), (1, (7, 0.000174005, 0.000123132, 0.000297366))]), (5952, 16, 0.000516009, [(2, (0, 0.000221628, 1.5943e-5, 0.000237793)), (2, (1, 0.000239093, 8.903e-5, 0.00032835)), (2, (2, 0.000258224, 5.9992e-5, 0.000318444)), (2, (3, 0.00028159, 0.00018516, 0.000467109)), (2, (4, 0.000277303, 3.1604e-5, 0.00030916)), (2, (5, 0.000264833, 0.000103409, 0.000368467)), (2, (6, 0.00025495, 4.5716e-5, 0.000300878)), (2, (7, 0.000269893, 7.462e-5, 0.000344746))]), (5968, 16, 0.000470997, [(2, (0, 0.000239117, 1.7928e-5, 0.00025725)), (2, (1, 0.000233123, 6.7355e-5, 0.000300665)), (2, (2, 0.000250488, 5.418e-5, 0.00030489)), (2, (3, 0.000308963, 0.000119384, 0.000428605)), (2, (4, 0.000220706, 3.3989e-5, 0.000254913)), (2, (5, 0.000229946, 0.000111899, 0.000342058)), (2, (6, 0.000236063, 8.2624e-5, 0.000323104)), (2, (7, 0.00025957, 9.6424e-5, 0.000356265))]), (5984, 15, 0.000466015, [(2, (0, 0.000447298, 1.6842e-5, 0.000464373)), (2, (1, 0.000275621, 7.3866e-5, 0.000349713)), (2, (2, 0.000263725, 3.2446e-5, 0.0002964)), (2, (3, 0.000242324, 8.9907e-5, 0.000332478)), (2, (4, 0.000396286, 4.6008e-5, 0.000442536)), (2, (5, 0.000239072, 0.00010517, 0.000344454)), (2, (6, 0.000265874, 6.0715e-5, 0.000326797)), (1, (7, 0.000186211, 0.000155158, 0.000341783))]), (6000, 16, 0.000605835, [(2, (0, 0.000259001, 1.8025e-5, 0.000277253)), (2, (1, 0.000369129, 0.000106708, 0.000476269)), (2, (2, 0.000238564, 6.8405e-5, 0.000307284)), (2, (3, 0.000328049, 0.000165183, 0.000493627)), (2, (4, 0.000289441, 3.4967e-5, 0.000324607)), (2, (5, 0.000344584, 0.000204891, 0.000549812)), (2, (6, 0.000282606, 0.000125788, 0.000408683)), (2, (7, 0.000303012, 0.000193698, 0.000497007))]), (6016, 16, 0.000624796, [(2, (0, 0.000295623, 1.637e-5, 0.000312267)), (2, (1, 0.000316927, 5.015e-5, 0.000367312)), (2, (2, 0.000331329, 3.1902e-5, 0.000363415)), (2, (3, 0.000263265, 8.2975e-5, 0.000346471)), (2, (4, 0.000317895, 3.2103e-5, 0.000350255)), (2, (5, 0.000285712, 0.000144491, 0.000430606)), (2, (6, 0.000237967, 6.7177e-5, 0.000305368)), (2, (7, 0.000405321, 0.000110329, 0.000515926))]), (6032, 16, 0.000506116, [(2, (0, 0.000283132, 1.6225e-5, 0.000299582)), (2, (1, 0.000293143, 6.3877e-5, 0.000357276)), (2, (2, 0.000287261, 4.9744e-5, 0.000337339)), (2, (3, 0.000343868, 0.000108998, 0.000453111)), (2, (4, 0.000299742, 3.1636e-5, 0.000331615)), (2, (5, 0.000209499, 9.1481e-5, 0.000301188)), (2, (6, 0.000241817, 7.9447e-5, 0.000321485)), (2, (7, 0.000241216, 0.000116031, 0.000357506))]), (6048, 15, 0.000405149, [(2, (0, 0.000251216, 1.6902e-5, 0.000268374)), (2, (1, 0.00032097, 6.4561e-5, 0.000385749)), (2, (2, 0.000292468, 4.7055e-5, 0.000339807)), (2, (3, 0.000274772, 0.000107963, 0.000382952)), (2, (4, 0.000341164, 3.485e-5, 0.000376249)), (2, (5, 0.000287954, 9.2803e-5, 0.000380993)), (2, (6, 0.000293759, 7.6246e-5, 0.000370241)), (1, (7, 0.000244365, 0.000127044, 0.000371808))]), (6064, 16, 0.000482744, [(2, (0, 0.000330673, 1.5501e-5, 0.000346428)), (2, (1, 0.00033124, 1.7338e-5, 0.000348833)), (2, (2, 0.000359739, 9.5431e-5, 0.000455421)), (2, (3, 0.000338394, 9.9118e-5, 0.000437766)), (2, (4, 0.00034139, 4.4703e-5, 0.000386342)), (2, (5, 0.000320125, 5.8675e-5, 0.000379024)), (2, (6, 0.000218201, 4.4778e-5, 0.000263208)), (2, (7, 0.000231697, 7.4542e-5, 0.00030649))]), (6080, 14, 0.00037454, [(2, (0, 0.000220178, 1.5878e-5, 0.000236303)), (2, (1, 0.000237861, 6.2584e-5, 0.00030067)), (2, (2, 0.000289778, 4.8364e-5, 0.000338387)), (2, (3, 0.000209367, 0.000106121, 0.00031572)), (2, (4, 0.000249015, 3.2611e-5, 0.000281864)), (2, (5, 0.000253078, 9.0521e-5, 0.000343811)), (1, (6, 0.00012405, 7.7611e-5, 0.000201883)), (1, (7, 0.00012037, 0.000110539, 0.000231171))]), (6096, 16, 0.000470499, [(2, (0, 0.000235599, 1.5023e-5, 0.000250857)), (2, (1, 0.00036982, 1.6635e-5, 0.000386683)), (2, (2, 0.000239934, 4.9046e-5, 0.000289198)), (2, (3, 0.000285883, 5.9712e-5, 0.000345855)), (2, (4, 0.000311995, 5.8996e-5, 0.000371231)), (2, (5, 0.000261074, 6.3468e-5, 0.000324806)), (2, (6, 0.000346255, 5.9306e-5, 0.000405793)), (2, (7, 0.000247387, 6.4926e-5, 0.000312551))]), (6112, 16, 0.000812021, [(2, (0, 0.000327937, 1.5729e-5, 0.000343917)), (2, (1, 0.00026153, 6.8024e-5, 0.000329785)), (2, (2, 0.000369252, 5.446e-5, 0.000424114)), (2, (3, 0.000383382, 0.000177041, 0.000560696)), (2, (4, 0.00038834, 3.3218e-5, 0.00042182)), (2, (5, 0.000218372, 0.000194099, 0.000412703)), (2, (6, 0.00025337, 8.4623e-5, 0.000338236)), (2, (7, 0.000487087, 0.000197933, 0.000685285))]), (6128, 16, 0.000711764, [(2, (0, 0.000474833, 1.9125e-5, 0.000494196)), (2, (1, 0.000414076, 6.3335e-5, 0.000477662)), (2, (2, 0.000420653, 4.9804e-5, 0.000470673)), (2, (3, 0.000389409, 7.857e-5, 0.000468189)), (2, (4, 0.000468124, 3.4428e-5, 0.00050277)), (2, (5, 0.000337949, 0.00012811, 0.000466329)), (2, (6, 0.000327647, 0.000106854, 0.00043486)), (2, (7, 0.000509371, 0.000121211, 0.000630831))]), (6144, 15, 0.000711766, [(2, (0, 0.000498408, 1.8971e-5, 0.000517631)), (2, (1, 0.000446567, 6.5053e-5, 0.000511858)), (2, (2, 0.00054202, 5.1332e-5, 0.000593576)), (2, (3, 0.000336125, 0.000107058, 0.000443419)), (2, (4, 0.000340002, 3.5726e-5, 0.000375936)), (2, (5, 0.000564896, 9.3229e-5, 0.000658371)), (2, (6, 0.00051149, 7.8113e-5, 0.000589832)), (1, (7, 0.000134522, 0.000115121, 0.000249894))]), (6160, 16, 0.00065323, [(2, (0, 0.000335504, 1.7311e-5, 0.000353051)), (2, (1, 0.000443802, 6.1044e-5, 0.000505081)), (2, (2, 0.000453974, 4.7251e-5, 0.00050143)), (2, (3, 0.000520999, 8.8186e-5, 0.000609401)), (2, (4, 0.000333758, 3.3122e-5, 0.00036709)), (2, (5, 0.000425492, 0.000110427, 0.000539237)), (2, (6, 0.000447927, 7.4724e-5, 0.00052288)), (2, (7, 0.000421895, 0.000107077, 0.000529201))]), (6176, 16, 0.000728953, [(2, (0, 0.000401085, 1.697e-5, 0.000418305)), (2, (1, 0.000370743, 9.5701e-5, 0.000466667)), (2, (2, 0.000444893, 3.4446e-5, 0.000479549)), (2, (3, 0.000503913, 7.9859e-5, 0.000584017)), (2, (4, 0.000446916, 4.9737e-5, 0.0004969)), (2, (5, 0.000541053, 0.000114347, 0.000655589)), (2, (6, 0.00045451, 6.4341e-5, 0.000519097)), (2, (7, 0.000433373, 0.000109563, 0.000543149))]), (6192, 16, 0.000954685, [(2, (0, 0.000569129, 1.5957e-5, 0.00058531)), (2, (1, 0.000427224, 7.2911e-5, 0.000500438)), (2, (2, 0.000594929, 5.9738e-5, 0.000654962)), (2, (3, 0.000483525, 0.000152909, 0.000636664)), (2, (4, 0.000891087, 3.4179e-5, 0.000925533)), (2, (5, 0.000630028, 0.000220347, 0.000850621)), (2, (6, 0.000397318, 8.8206e-5, 0.000489919)), (2, (7, 0.000433762, 0.000144439, 0.000578595))]), (6208, 16, 0.000681874, [(2, (0, 0.00066308, 1.6878e-5, 0.000680181)), (2, (1, 0.000394519, 9.8224e-5, 0.000492993)), (2, (2, 0.000556527, 5.1354e-5, 0.000611289)), (2, (3, 0.000416041, 0.000166358, 0.000582724)), (2, (4, 0.00041116, 3.5363e-5, 0.000446738)), (2, (5, 0.000474371, 0.000151983, 0.000626693)), (2, (6, 0.000437413, 0.000116096, 0.000553772)), (2, (7, 0.000431186, 0.000133644, 0.000565057))]), (6224, 16, 0.000439988, [(2, (0, 0.000293065, 1.7322e-5, 0.000310607)), (2, (1, 0.00024889, 8.2183e-5, 0.000331276)), (2, (2, 0.000259057, 7.0271e-5, 0.000329594)), (2, (3, 0.00026249, 0.000135872, 0.000398669)), (2, (4, 0.000217831, 3.319e-5, 0.000251287)), (2, (5, 0.000200893, 9.9341e-5, 0.000300456)), (2, (6, 0.000255623, 5.2325e-5, 0.000308195)), (2, (7, 0.000207328, 0.000115277, 0.000322849))]), (6240, 16, 0.000582714, [(2, (0, 0.00022463, 7.638e-6, 0.000232471)), (2, (1, 0.000339926, 1.9126e-5, 0.000359302)), (2, (2, 0.000236865, 1.0333e-5, 0.000247479)), (2, (3, 0.000275256, 3.5946e-5, 0.000311464)), (2, (4, 0.000241113, 1.1403e-5, 0.000252806)), (2, (5, 0.000269973, 6.1048e-5, 0.00033124)), (2, (6, 0.000247181, 4.7778e-5, 0.000295152)), (2, (7, 0.00039291, 7.5641e-5, 0.000468813))]), (6256, 15, 0.000529132, [(2, (0, 0.000209977, 1.3477e-5, 0.000223692)), (2, (1, 0.000263428, 6.0242e-5, 0.000323905)), (2, (2, 0.000347114, 4.5908e-5, 0.000393262)), (2, (3, 0.000347567, 0.000117487, 0.000465259)), (2, (4, 0.000329456, 3.1964e-5, 0.000361658)), (2, (5, 0.000344116, 9.8148e-5, 0.000442501)), (2, (6, 0.000331191, 7.5757e-5, 0.000407208)), (1, (7, 0.000133757, 0.000108358, 0.000242361))]), (6272, 16, 0.000461789, [(2, (0, 0.000263295, 1.6374e-5, 0.000279894)), (2, (1, 0.000305079, 7.7513e-5, 0.000382845)), (2, (2, 0.000228356, 6.093e-5, 0.000289552)), (2, (3, 0.000266733, 0.000115534, 0.000382508)), (2, (4, 0.000273584, 3.3479e-5, 0.000307281)), (2, (5, 0.000264576, 9.3109e-5, 0.000357928)), (2, (6, 0.000253626, 4.7307e-5, 0.000301186)), (2, (7, 0.000232616, 0.000109299, 0.000342112))]), (6288, 16, 0.000761269, [(2, (0, 0.000220155, 1.6263e-5, 0.000236668)), (2, (1, 0.000249804, 3.365e-5, 0.000283663)), (2, (2, 0.000367108, 9.684e-5, 0.000464362)), (2, (3, 0.000252726, 9.5258e-5, 0.000348226)), (2, (4, 0.000425224, 6.7144e-5, 0.000492688)), (2, (5, 0.000254287, 0.000238024, 0.000492456)), (2, (6, 0.000261267, 6.7461e-5, 0.000329002)), (2, (7, 0.000388362, 0.000152253, 0.000662184))]), (6304, 16, 0.000602964, [(2, (0, 0.000286666, 1.6214e-5, 0.000303112)), (2, (1, 0.000386389, 3.75e-5, 0.000424268)), (2, (2, 0.000294561, 0.000100439, 0.000395279)), (2, (3, 0.000262936, 0.000120873, 0.000384044)), (2, (4, 0.000273051, 5.4696e-5, 0.000328075)), (2, (5, 0.000476224, 8.3926e-5, 0.000560384)), (2, (6, 0.000336696, 6.7734e-5, 0.000404682)), (2, (7, 0.000301886, 0.000161, 0.000463351))]), (6320, 16, 0.000620024, [(2, (0, 0.000205303, 1.6927e-5, 0.000222442)), (2, (1, 0.000290606, 5.9407e-5, 0.000350286)), (2, (2, 0.00039356, 4.5221e-5, 0.000439183)), (2, (3, 0.000326867, 0.000109745, 0.000436896)), (2, (4, 0.000557246, 3.2119e-5, 0.000589607)), (2, (5, 0.000271783, 9.3282e-5, 0.000365339)), (2, (6, 0.000321377, 7.7398e-5, 0.000399003)), (2, (7, 0.000259591, 0.000117434, 0.000377254))]), (6336, 16, 0.00054014, [(2, (0, 0.000233234, 1.6683e-5, 0.000250177)), (2, (1, 0.000276381, 8.4134e-5, 0.000360775)), (2, (2, 0.000233925, 3.5026e-5, 0.000269191)), (2, (3, 0.00025093, 0.000117303, 0.000368487)), (2, (4, 0.000263048, 4.9227e-5, 0.000312499)), (2, (5, 0.000329678, 0.000163812, 0.00049396)), (2, (6, 0.000303891, 6.5882e-5, 0.000370014)), (2, (7, 0.000282503, 0.000102217, 0.000384962))]), (6352, 16, 0.000844708, [(2, (0, 0.000222402, 1.5636e-5, 0.000238298)), (2, (1, 0.000229236, 7.7736e-5, 0.000307247)), (2, (2, 0.000254705, 4.6753e-5, 0.00030173)), (2, (3, 0.000247386, 0.000125082, 0.000372719)), (2, (4, 0.000781413, 3.3747e-5, 0.000815432)), (2, (5, 0.000364483, 0.000106854, 0.000471546)), (2, (6, 0.000295368, 6.1581e-5, 0.000357224)), (2, (7, 0.000314567, 8.997e-5, 0.000404755))]), (6368, 15, 0.005847504, [(2, (0, 0.000356793, 1.9597e-5, 0.00037662)), (2, (1, 0.005703873, 6.5186e-5, 0.005769505)), (2, (2, 0.005786468, 3.35e-5, 0.005820402)), (2, (3, 0.000359713, 0.000117832, 0.000477825)), (2, (4, 0.000395391, 4.9841e-5, 0.000445616)), (2, (5, 0.000361937, 0.000150925, 0.000513135)), (2, (6, 0.000218328, 0.000135916, 0.000354461)), (1, (7, 0.000166259, 0.000158826, 0.000325327))]), (6384, 16, 0.000520849, [(2, (0, 0.000501371, 1.7864e-5, 0.000519479)), (2, (1, 0.000249764, 0.000190195, 0.000440298)), (2, (2, 0.000226746, 6.1079e-5, 0.000288153)), (2, (3, 0.000267442, 0.000121609, 0.000389401)), (2, (4, 0.000204846, 3.7609e-5, 0.000242752)), (2, (5, 0.000288658, 0.000196806, 0.000485694)), (2, (6, 0.000374526, 0.000140289, 0.000515116)), (2, (7, 0.000244573, 0.000160286, 0.000405214))]), (6400, 16, 0.000521704, [(2, (0, 0.000232646, 1.5896e-5, 0.000248813)), (2, (1, 0.000297149, 1.8116e-5, 0.000320159)), (2, (2, 0.000411404, 8.0373e-5, 0.000492045)), (2, (3, 0.000399422, 8.0567e-5, 0.000480191)), (2, (4, 0.000427902, 6.3553e-5, 0.000491757)), (2, (5, 0.000336219, 0.000118117, 0.000457549)), (2, (6, 0.000334259, 9.7381e-5, 0.000431904)), (2, (7, 0.000294538, 0.000122894, 0.000417662))]), (6416, 16, 0.000567709, [(2, (0, 0.000310136, 1.3202e-5, 0.000323612)), (2, (1, 0.000356491, 5.8409e-5, 0.000415155)), (2, (2, 0.000268336, 4.4745e-5, 0.000313305)), (2, (3, 0.000268554, 0.000118884, 0.00038766)), (2, (4, 0.000291963, 2.9085e-5, 0.000321316)), (2, (5, 0.000274902, 8.9051e-5, 0.000364178)), (2, (6, 0.000272696, 7.3811e-5, 0.000346736)), (2, (7, 0.000367599, 0.000103326, 0.00047116))]), (6432, 16, 0.000636949, [(2, (0, 0.000216829, 1.3252e-5, 0.000230338)), (2, (1, 0.000319502, 5.9772e-5, 0.00037954)), (2, (2, 0.000234924, 2.977e-5, 0.000264928)), (2, (3, 0.000351518, 7.5325e-5, 0.000427055)), (2, (4, 0.000371458, 4.478e-5, 0.000416469)), (2, (5, 0.00026798, 0.000114465, 0.00038268)), (2, (6, 0.000224356, 9.2036e-5, 0.000316636)), (2, (7, 0.000235302, 0.000106906, 0.000342422))]), (6448, 16, 0.000568106, [(2, (0, 0.000292325, 1.8755e-5, 0.000311346)), (2, (1, 0.000351156, 3.7847e-5, 0.000389446)), (2, (2, 0.000363997, 0.000100139, 0.000464353)), (2, (3, 0.000287839, 0.000143619, 0.000431708)), (2, (4, 0.000242817, 5.5326e-5, 0.000298392)), (2, (5, 0.000256879, 0.000117528, 0.000374599)), (2, (6, 0.000333952, 6.9274e-5, 0.000403449)), (2, (7, 0.0003795, 8.4465e-5, 0.000464226))]), (6464, 16, 0.000672075, [(2, (0, 0.000250436, 1.7812e-5, 0.000268531)), (2, (1, 0.000228261, 3.4349e-5, 0.000262821)), (2, (2, 0.000463423, 0.000159057, 0.000623342)), (2, (3, 0.000245032, 0.000153538, 0.000398802)), (2, (4, 0.000338959, 5.8888e-5, 0.000398259)), (2, (5, 0.000229808, 0.000104863, 0.000334908)), (2, (6, 0.000295959, 9.1394e-5, 0.000387661)), (2, (7, 0.000242417, 0.000132873, 0.000375478))]), (6480, 16, 0.000546696, [(2, (0, 0.000230998, 1.7764e-5, 0.000249032)), (2, (1, 0.000252989, 8.1318e-5, 0.000334615)), (2, (2, 0.000232937, 0.000140386, 0.000373535)), (2, (3, 0.000289999, 0.000168836, 0.000459077)), (2, (4, 0.000282847, 9.5451e-5, 0.00037851)), (2, (5, 0.000264816, 0.000126334, 0.000391452)), (2, (6, 0.00027301, 0.000111441, 0.000384734)), (2, (7, 0.000250867, 0.000176186, 0.000427269))]), (6496, 16, 0.000800172, [(2, (0, 0.000781359, 1.7013e-5, 0.000798633)), (2, (1, 0.000266298, 6.3501e-5, 0.000330041)), (2, (2, 0.000280444, 4.9729e-5, 0.000330401)), (2, (3, 0.000254192, 0.000109447, 0.000363857)), (2, (4, 0.000250498, 3.4781e-5, 0.000285566)), (2, (5, 0.000208736, 9.3072e-5, 0.000302039)), (2, (6, 0.00024678, 8.0161e-5, 0.000327195)), (2, (7, 0.00026912, 0.000116683, 0.000386056))]), (6512, 16, 0.000539118, [(2, (0, 0.000229749, 2.0147e-5, 0.000250155)), (2, (1, 0.000253887, 0.00011662, 0.00037078)), (2, (2, 0.000261062, 5.6748e-5, 0.000318038)), (2, (3, 0.000232181, 0.000201248, 0.000433648)), (2, (4, 0.000266294, 4.019e-5, 0.000306736)), (2, (5, 0.000271752, 0.000181015, 0.000452976)), (2, (6, 0.000257631, 0.00016794, 0.000425836)), (2, (7, 0.000244713, 0.000234005, 0.000478939))]), (6528, 16, 0.000489425, [(2, (0, 0.000246027, 1.7008e-5, 0.00026328)), (2, (1, 0.000404811, 6.0316e-5, 0.000465358)), (2, (2, 0.000244279, 4.6705e-5, 0.000291205)), (2, (3, 0.000290388, 9.0971e-5, 0.00038156)), (2, (4, 0.000443699, 3.4266e-5, 0.000478234)), (2, (5, 0.000261845, 0.000117605, 0.000379695)), (2, (6, 0.000293822, 7.5569e-5, 0.00036964)), (2, (7, 0.000253666, 0.000105025, 0.000358925))]), (6544, 16, 0.000654418, [(2, (0, 0.000197076, 4.8523e-5, 0.000245839)), (2, (1, 0.000220059, 6.4773e-5, 0.000285038)), (2, (2, 0.000306017, 3.6039e-5, 0.0003425)), (2, (3, 0.000257482, 8.0929e-5, 0.000338649)), (2, (4, 0.000400612, 1.7756e-5, 0.000418693)), (2, (5, 0.000260468, 0.000174828, 0.000435571)), (2, (6, 0.000284056, 9.6316e-5, 0.00038059)), (2, (7, 0.00032721, 0.000236802, 0.000564409))]), (6560, 16, 0.000492489, [(2, (0, 0.000257303, 1.6645e-5, 0.00027421)), (2, (1, 0.000230471, 7.7616e-5, 0.000308325)), (2, (2, 0.000261714, 5.2162e-5, 0.000314177)), (2, (3, 0.000320079, 6.4512e-5, 0.000384939)), (2, (4, 0.000428745, 3.3377e-5, 0.000462376)), (2, (5, 0.000258436, 0.000110248, 0.00036892)), (2, (6, 0.000223049, 9.4246e-5, 0.000317499)), (2, (7, 0.000303923, 0.000117438, 0.00042158))]), (6576, 16, 0.00057889, [(2, (0, 0.000230522, 1.8127e-5, 0.000248885)), (2, (1, 0.000256076, 6.8569e-5, 0.000324861)), (2, (2, 0.000219646, 5.3802e-5, 0.000273677)), (2, (3, 0.000264088, 0.000116839, 0.0003812)), (2, (4, 0.00020963, 3.6717e-5, 0.000246634)), (2, (5, 0.000229738, 0.000100545, 0.000330525)), (2, (6, 0.000292636, 8.5132e-5, 0.000378022)), (2, (7, 0.00032628, 0.00015867, 0.00048537))]), (6592, 15, 0.000403238, [(2, (0, 0.000207849, 1.5311e-5, 0.000223403)), (2, (1, 0.000293916, 6.1169e-5, 0.000355353)), (2, (2, 0.00031795, 4.5025e-5, 0.000363198)), (2, (3, 0.00026325, 7.4062e-5, 0.00033751)), (2, (4, 0.00026768, 3.0707e-5, 0.000298616)), (2, (5, 0.000265699, 0.00011105, 0.000376971)), (2, (6, 0.000308782, 9.0173e-5, 0.000399187)), (1, (7, 0.000103472, 0.000103811, 0.000207505))]), (6608, 16, 0.000426928, [(2, (0, 0.000276921, 1.6752e-5, 0.000293897)), (2, (1, 0.00025844, 1.7745e-5, 0.000276421)), (2, (2, 0.000246703, 6.33e-5, 0.000310215)), (2, (3, 0.000240612, 7.5185e-5, 0.000316025)), (2, (4, 0.000372684, 4.3926e-5, 0.000416872)), (2, (5, 0.00022716, 0.000105194, 0.000332594)), (2, (6, 0.00023696, 9.0366e-5, 0.000327554)), (2, (7, 0.000268846, 0.000113214, 0.000382319))]), (6624, 14, 0.000387732, [(2, (0, 0.000301785, 4.5739e-5, 0.000347717)), (2, (1, 0.000283726, 7.5745e-5, 0.000359713)), (2, (2, 0.00025502, 0.000122057, 0.000377714)), (2, (3, 0.000258281, 0.000109088, 0.000367586)), (2, (4, 0.000227001, 2.177e-5, 0.000248986)), (2, (5, 0.000215072, 6.1187e-5, 0.000276551)), (1, (6, 0.000303033, 3.2744e-5, 0.000336007)), (1, (7, 0.000114554, 9.1444e-5, 0.000206261))]), (6640, 16, 0.000450689, [(2, (0, 0.000250914, 1.5743e-5, 0.000266882)), (2, (1, 0.00026126, 3.2253e-5, 0.00029372)), (2, (2, 0.000321671, 9.9057e-5, 0.000420977)), (2, (3, 0.000194578, 0.000105442, 0.000300242)), (2, (4, 0.000221031, 4.5307e-5, 0.000266542)), (2, (5, 0.000262392, 6.0452e-5, 0.00032306)), (2, (6, 0.000233457, 4.6253e-5, 0.000279928)), (2, (7, 0.000251213, 7.5482e-5, 0.000326913))]), (6656, 15, 0.000892372, [(2, (0, 0.000539185, 1.908e-5, 0.000558504)), (2, (1, 0.000615964, 9.7259e-5, 0.000713577)), (2, (2, 0.000416565, 3.1061e-5, 0.000447884)), (2, (3, 0.00041059, 0.000108123, 0.00051894)), (2, (4, 0.00048414, 4.4577e-5, 0.000528968)), (2, (5, 0.000503413, 0.000172955, 0.000676657)), (2, (6, 0.000684956, 0.000152134, 0.000837414)), (1, (7, 0.000442359, 0.000186041, 0.000628723))]), (6672, 16, 0.00058632, [(2, (0, 0.000555045, 1.6605e-5, 0.000571866)), (2, (1, 0.000466835, 6.0445e-5, 0.000527575)), (2, (2, 0.000518211, 4.6971e-5, 0.000565441)), (2, (3, 0.000346286, 0.000113204, 0.000459732)), (2, (4, 0.000318577, 3.4296e-5, 0.000353175)), (2, (5, 0.000355705, 9.7701e-5, 0.000453687)), (2, (6, 0.000366144, 7.6085e-5, 0.000442435)), (2, (7, 0.000375112, 0.000120041, 0.000495443))]), (6688, 16, 0.000685266, [(2, (0, 0.000337996, 4.5423e-5, 0.000383637)), (2, (1, 0.000437595, 6.1389e-5, 0.000499245)), (2, (2, 0.000541836, 0.000116928, 0.000659003)), (2, (3, 0.000292442, 0.000117375, 0.000410043)), (2, (4, 0.000304378, 1.7219e-5, 0.000321815)), (2, (5, 0.000443669, 9.5654e-5, 0.000539581)), (2, (6, 0.000408738, 3.1927e-5, 0.000440891)), (2, (7, 0.000442422, 8.1073e-5, 0.000523717))]), (6704, 16, 0.000629253, [(2, (0, 0.000609827, 1.7768e-5, 0.000627833)), (2, (1, 0.000407506, 7.9615e-5, 0.000487331)), (2, (2, 0.000508379, 4.9968e-5, 0.000558582)), (2, (3, 0.000344148, 6.5189e-5, 0.000409551)), (2, (4, 0.000512713, 3.4664e-5, 0.000547624)), (2, (5, 0.000439214, 0.000109651, 0.000549106)), (2, (6, 0.000419285, 9.2722e-5, 0.000512259)), (2, (7, 0.000357767, 0.000122199, 0.000480186))]), (6720, 15, 0.000903409, [(2, (0, 0.00048364, 1.4737e-5, 0.000498609)), (2, (1, 0.000402218, 5.9317e-5, 0.000461742)), (2, (2, 0.000387668, 4.5579e-5, 0.000433483)), (2, (3, 0.000364082, 7.3892e-5, 0.000438181)), (2, (4, 0.000560234, 3.1542e-5, 0.000592002)), (2, (5, 0.000615475, 0.000142538, 0.000758872)), (2, (6, 0.000377582, 8.7026e-5, 0.000464836)), (1, (7, 0.000202871, 0.000105087, 0.000308171))]), (6736, 15, 0.000694026, [(2, (0, 0.000430367, 2.1583e-5, 0.000452351)), (2, (1, 0.00055209, 0.000120711, 0.000673064)), (2, (2, 0.000373211, 7.1563e-5, 0.000445095)), (2, (3, 0.000301881, 9.0382e-5, 0.000392548)), (2, (4, 0.000378665, 5.5018e-5, 0.000433945)), (2, (5, 0.000468144, 0.000176214, 0.00064469)), (2, (6, 0.000493328, 0.00013857, 0.000632131)), (1, (7, 0.000309922, 0.000183635, 0.000493797))]), (6752, 16, 0.000962582, [(2, (0, 0.000357233, 1.6882e-5, 0.000374362)), (2, (1, 0.000290043, 3.1802e-5, 0.000322092)), (2, (2, 0.000298468, 4.6169e-5, 0.00034486)), (2, (3, 0.000424667, 7.9002e-5, 0.000504006)), (2, (4, 0.000455801, 0.00011305, 0.000569146)), (2, (5, 0.000622633, 0.000127451, 0.000750322)), (2, (6, 0.000536776, 0.000122468, 0.000659479)), (2, (7, 0.000683485, 0.000159512, 0.000843661))]), (6768, 16, 0.000545135, [(2, (0, 0.000316288, 1.894e-5, 0.000335469)), (2, (1, 0.000339621, 8.0607e-5, 0.000420513)), (2, (2, 0.000370641, 6.4776e-5, 0.000435622)), (2, (3, 0.000323219, 0.000112941, 0.000436383)), (2, (4, 0.000340423, 3.4802e-5, 0.000375477)), (2, (5, 0.00038275, 0.000118885, 0.000501873)), (2, (6, 0.000211832, 4.9848e-5, 0.000261893)), (2, (7, 0.000248843, 9.7311e-5, 0.000346376))]), (6784, 15, 0.000504915, [(2, (0, 0.00021728, 1.8657e-5, 0.000236186)), (2, (1, 0.000242098, 6.4291e-5, 0.000306619)), (2, (2, 0.000426789, 4.9335e-5, 0.000476383)), (2, (3, 0.000300966, 7.6666e-5, 0.000377845)), (2, (4, 0.000339249, 3.3368e-5, 0.000372842)), (2, (5, 0.000268027, 0.000109816, 0.000378099)), (2, (6, 0.00028068, 9.3834e-5, 0.000374754)), (1, (7, 0.000116793, 0.000116709, 0.000233749))]), (6800, 16, 0.000470469, [(2, (0, 0.000219179, 1.5193e-5, 0.000234617)), (2, (1, 0.000293371, 6.1883e-5, 0.000355504)), (2, (2, 0.000294733, 4.7536e-5, 0.000342535)), (2, (3, 0.000302619, 7.7187e-5, 0.000380047)), (2, (4, 0.000262754, 3.2935e-5, 0.000295935)), (2, (5, 0.00027659, 0.000130645, 0.000408011)), (2, (6, 0.000269246, 9.3775e-5, 0.000363226)), (2, (7, 0.000256391, 0.00010699, 0.000363625))]), (6816, 15, 0.000590425, [(2, (0, 0.000471885, 1.4738e-5, 0.000486848)), (2, (1, 0.000354509, 1.6429e-5, 0.000371177)), (2, (2, 0.000423291, 9.3727e-5, 0.000517283)), (2, (3, 0.000437168, 0.000102157, 0.000539588)), (2, (4, 0.000467655, 4.8194e-5, 0.000516113)), (2, (5, 0.000284343, 7.7228e-5, 0.000361824)), (2, (6, 0.00032315, 4.8748e-5, 0.000372127)), (1, (7, 0.000152003, 6.3626e-5, 0.000215839))]), (6832, 16, 0.000624155, [(2, (0, 0.00029273, 1.1383e-5, 0.00030431)), (2, (1, 0.00029006, 4.5854e-5, 0.000336247)), (2, (2, 0.000222723, 2.711e-5, 0.000250045)), (2, (3, 0.000438281, 0.000145341, 0.000583873)), (2, (4, 0.000346262, 1.3652e-5, 0.000360206)), (2, (5, 0.000262507, 0.000138918, 0.000401715)), (2, (6, 0.000409785, 8.8419e-5, 0.000498488)), (2, (7, 0.000228074, 0.000102341, 0.000330631))]), (6848, 16, 0.000483379, [(2, (0, 0.000212834, 1.732e-5, 0.000230383)), (2, (1, 0.000248446, 3.6834e-5, 0.000285592)), (2, (2, 0.000223819, 0.000114569, 0.000338611)), (2, (3, 0.000272312, 0.000133969, 0.000406555)), (2, (4, 0.000262861, 5.0628e-5, 0.000317753)), (2, (5, 0.000262893, 0.000143884, 0.000407068)), (2, (6, 0.000273153, 6.9511e-5, 0.000342921)), (2, (7, 0.000291281, 0.000102743, 0.00039438))]), (6864, 16, 0.000605265, [(2, (0, 0.000231536, 1.7911e-5, 0.000249683)), (2, (1, 0.000253999, 3.5386e-5, 0.000292778)), (2, (2, 0.000525901, 5.1948e-5, 0.000578098)), (2, (3, 0.000255894, 6.6289e-5, 0.000322416)), (2, (4, 0.000285583, 9.9999e-5, 0.000385852)), (2, (5, 0.000286701, 0.000107584, 0.000394502)), (2, (6, 0.000274577, 0.000107888, 0.000382707)), (2, (7, 0.000298809, 0.000116071, 0.000415108))]), (6880, 16, 0.000493567, [(2, (0, 0.000206476, 1.5911e-5, 0.000222632)), (2, (1, 0.000270113, 0.00010486, 0.000375197)), (2, (2, 0.000273135, 7.0707e-5, 0.000344086)), (2, (3, 0.000285612, 0.000126832, 0.000412662)), (2, (4, 0.000257067, 3.4497e-5, 0.000291824)), (2, (5, 0.000234798, 8.6912e-5, 0.000321955)), (2, (6, 0.000301845, 5.2813e-5, 0.000354901)), (2, (7, 0.000303946, 0.000119855, 0.000424028))]), (6896, 16, 0.001096325, [(2, (0, 0.000815727, 1.7222e-5, 0.000833209)), (2, (1, 0.000541828, 3.4438e-5, 0.00057667)), (2, (2, 0.000278902, 9.0515e-5, 0.000369675)), (2, (3, 0.000221866, 0.000114655, 0.000336765)), (2, (4, 0.000286938, 4.7529e-5, 0.000334711)), (2, (5, 0.00033776, 0.00010675, 0.000444724)), (2, (6, 0.000258085, 6.3801e-5, 0.000322136)), (2, (7, 0.000929391, 7.6002e-5, 0.001005591))]), (6912, 11, 0.001555242, [(2, (0, 0.000256886, 2.2694e-5, 0.000279806)), (2, (1, 0.001451714, 6.7924e-5, 0.001520028)), (2, (2, 0.000362545, 2.574e-5, 0.000388524)), (1, (3, 0.000143354, 2.9063e-5, 0.000172691)), (1, (4, 0.000125239, 3.8017e-5, 0.0001635)), (1, (5, 0.000121689, 0.000163933, 0.000285756)), (1, (6, 0.000129483, 5.484e-5, 0.000184583)), (1, (7, 0.000283817, 0.000115737, 0.00039985))]), (6928, 16, 0.000651059, [(2, (0, 0.000250369, 1.6203e-5, 0.000266786)), (2, (1, 0.000214727, 0.000121217, 0.000336186)), (2, (2, 0.000234046, 4.7203e-5, 0.000281679)), (2, (3, 0.000289894, 0.000155198, 0.000445322)), (2, (4, 0.000230632, 5.9877e-5, 0.000290722)), (2, (5, 0.000292758, 0.000176289, 0.000469346)), (2, (6, 0.000310002, 0.000138624, 0.000448916)), (2, (7, 0.00033593, 0.000222497, 0.000558823))]), (6944, 16, 0.000436234, [(2, (0, 0.000270487, 1.7121e-5, 0.000287873)), (2, (1, 0.000329331, 7.9909e-5, 0.000409582)), (2, (2, 0.000276017, 6.6122e-5, 0.000342434)), (2, (3, 0.000242723, 0.000117912, 0.000360854)), (2, (4, 0.000234751, 3.4796e-5, 0.000269763)), (2, (5, 0.0002555, 9.4532e-5, 0.000350244)), (2, (6, 0.000315992, 4.6954e-5, 0.000363175)), (2, (7, 0.00022183, 0.000110757, 0.0003328))]), (6960, 16, 0.000520448, [(2, (0, 0.000245953, 1.6644e-5, 0.000262874)), (2, (1, 0.000430261, 6.259e-5, 0.000493108)), (2, (2, 0.000310084, 4.7811e-5, 0.000358153)), (2, (3, 0.00029652, 0.000104579, 0.000401359)), (2, (4, 0.000294818, 3.4153e-5, 0.000329203)), (2, (5, 0.000299154, 8.9172e-5, 0.000388547)), (2, (6, 0.000285591, 7.5159e-5, 0.000361004)), (2, (7, 0.000282779, 0.000110578, 0.000393569))]), (6976, 16, 0.000537853, [(2, (0, 0.000290767, 1.4693e-5, 0.000305683)), (2, (1, 0.0003039, 7.7709e-5, 0.000381847)), (2, (2, 0.000308553, 4.751e-5, 0.000356332)), (2, (3, 0.000328981, 6.2641e-5, 0.000391886)), (2, (4, 0.000322024, 3.1005e-5, 0.000353274)), (2, (5, 0.000365526, 0.000123843, 0.000489609)), (2, (6, 0.000353915, 9.173e-5, 0.000445888)), (2, (7, 0.000339403, 0.000106684, 0.000446323))]), (6992, 16, 0.000669395, [(2, (0, 0.000315405, 1.5574e-5, 0.000331209)), (2, (1, 0.00037695, 3.4609e-5, 0.000411783)), (2, (2, 0.000516655, 0.000126515, 0.000643501)), (2, (3, 0.000394942, 0.000138298, 0.000533463)), (2, (4, 0.00051592, 9.2232e-5, 0.000608725)), (2, (5, 0.000519029, 8.5858e-5, 0.000605185)), (2, (6, 0.000349824, 7.0618e-5, 0.000420638)), (2, (7, 0.000215758, 0.000332267, 0.000548146))]), (7008, 16, 0.000599488, [(2, (0, 0.000190992, 6.2737e-5, 0.000253973)), (2, (1, 0.000249348, 7.8442e-5, 0.000328045)), (2, (2, 0.000275739, 5.124e-5, 0.000327257)), (2, (3, 0.000245332, 9.4503e-5, 0.000340063)), (2, (4, 0.000292542, 2.078e-5, 0.000313604)), (2, (5, 0.000411283, 0.000144135, 0.000555781)), (2, (6, 0.000294934, 0.000113118, 0.000408325)), (2, (7, 0.000341397, 0.000129734, 0.000471515))]), (7024, 15, 0.000516108, [(2, (0, 0.000272863, 1.8472e-5, 0.000291562)), (2, (1, 0.000227686, 0.000177409, 0.000405377)), (2, (2, 0.000265471, 6.6924e-5, 0.000332643)), (2, (3, 0.000309462, 0.0001639, 0.000473584)), (2, (4, 0.000283473, 3.6599e-5, 0.000320256)), (2, (5, 0.00027519, 8.3043e-5, 0.000358475)), (2, (6, 0.000268771, 5.437e-5, 0.000323409)), (1, (7, 0.00014252, 0.000104454, 0.000247284))]), (7040, 16, 0.000581146, [(2, (0, 0.000247665, 1.707e-5, 0.000264959)), (2, (1, 0.000285787, 0.000167593, 0.000453632)), (2, (2, 0.000231231, 5.0236e-5, 0.000281766)), (2, (3, 0.00030041, 0.000147819, 0.000448466)), (2, (4, 0.00022246, 3.5146e-5, 0.00025784)), (2, (5, 0.000262708, 9.5579e-5, 0.000358526)), (2, (6, 0.000247282, 7.7798e-5, 0.000325311)), (2, (7, 0.000271349, 0.000177054, 0.000448639))]), (7056, 15, 0.001107058, [(2, (0, 0.000251557, 1.4784e-5, 0.000266599)), (2, (1, 0.001013447, 6.0961e-5, 0.001074639)), (2, (2, 0.000263136, 4.7403e-5, 0.000310794)), (2, (3, 0.000228847, 7.7196e-5, 0.000306251)), (2, (4, 0.000279343, 3.2033e-5, 0.000311607)), (2, (5, 0.000287464, 0.000104879, 0.000392569)), (2, (6, 0.000274408, 9.0635e-5, 0.000365243)), (1, (7, 0.000131436, 0.000112934, 0.000244593))]), (7072, 16, 0.000691451, [(2, (0, 0.000276367, 1.7914e-5, 0.000294529)), (2, (1, 0.000296169, 5.5848e-5, 0.000352277)), (2, (2, 0.000521756, 3.5e-5, 0.000557006)), (2, (3, 0.000324006, 4.1698e-5, 0.000365936)), (2, (4, 0.000256405, 5.3944e-5, 0.000310567)), (2, (5, 0.000269345, 0.000107743, 0.000377301)), (2, (6, 0.000245798, 0.000101994, 0.000348024)), (2, (7, 0.000444515, 0.000156333, 0.000601545))]), (7088, 16, 0.000617676, [(2, (0, 0.000271559, 5.0097e-5, 0.000321902)), (2, (1, 0.000283597, 0.000188979, 0.000472891)), (2, (2, 0.000410453, 0.000177679, 0.00058852)), (2, (3, 0.000246328, 0.000198563, 0.000445213)), (2, (4, 0.00023958, 2.0968e-5, 0.000260826)), (2, (5, 0.000249225, 8.491e-5, 0.000334366)), (2, (6, 0.000279804, 3.8393e-5, 0.000318449)), (2, (7, 0.000325345, 0.00010491, 0.00043055))]), (7104, 16, 0.000414624, [(2, (0, 0.000217578, 1.5788e-5, 0.000233617)), (2, (1, 0.000262949, 0.000123673, 0.000386972)), (2, (2, 0.000232059, 3.3716e-5, 0.000266033)), (2, (3, 0.000251271, 9.8692e-5, 0.000350252)), (2, (4, 0.000223345, 4.9134e-5, 0.000272721)), (2, (5, 0.000233964, 8.323e-5, 0.000317507)), (2, (6, 0.000276024, 6.7463e-5, 0.000343768)), (2, (7, 0.000248172, 0.000114918, 0.000363315))]), (7120, 16, 0.000505741, [(2, (0, 0.000207706, 1.9779e-5, 0.000227737)), (2, (1, 0.00025014, 3.7143e-5, 0.00028752)), (2, (2, 0.000267343, 0.000110162, 0.000377744)), (2, (3, 0.000228432, 0.00013217, 0.000360813)), (2, (4, 0.00024826, 5.1602e-5, 0.000300101)), (2, (5, 0.000257995, 0.000125743, 0.000383981)), (2, (6, 0.000267964, 6.6825e-5, 0.000335019)), (2, (7, 0.000344619, 8.1378e-5, 0.000426276))]), (7136, 16, 0.000509671, [(2, (0, 0.00035614, 1.7683e-5, 0.0003741)), (2, (1, 0.000272745, 8.0662e-5, 0.000353639)), (2, (2, 0.000267142, 6.3229e-5, 0.000330622)), (2, (3, 0.000247378, 0.000131024, 0.000378837)), (2, (4, 0.000246426, 3.4249e-5, 0.000280925)), (2, (5, 0.000265251, 9.6484e-5, 0.000361967)), (2, (6, 0.000260883, 4.9813e-5, 0.000310937)), (2, (7, 0.000293056, 0.000112725, 0.000406041))]), (7152, 16, 0.000451872, [(2, (0, 0.000240531, 4.9049e-5, 0.000289773)), (2, (1, 0.000305505, 9.6371e-5, 0.000402142)), (2, (2, 0.000246776, 8.0497e-5, 0.000327513)), (2, (3, 0.000266632, 0.00011164, 0.000378481)), (2, (4, 0.000212178, 1.9751e-5, 0.00023219)), (2, (5, 0.000330477, 6.5221e-5, 0.000395935)), (2, (6, 0.000245438, 3.6454e-5, 0.000282125)), (2, (7, 0.000270786, 0.000117265, 0.00038828))]), (7168, 16, 0.000477731, [(2, (0, 0.000379566, 1.7582e-5, 0.000397381)), (2, (1, 0.000229726, 6.5239e-5, 0.000295208)), (2, (2, 0.000309792, 5.0781e-5, 0.000360841)), (2, (3, 0.000296301, 8.1816e-5, 0.000378378)), (2, (4, 0.00023099, 3.5493e-5, 0.000266738)), (2, (5, 0.000264438, 0.000115322, 0.000379989)), (2, (6, 0.00024209, 9.9557e-5, 0.000341853)), (2, (7, 0.000256214, 0.000124274, 0.000380715))]), (7184, 16, 0.000607297, [(2, (0, 0.000202861, 1.6636e-5, 0.000219743)), (2, (1, 0.00026959, 6.3568e-5, 0.000333374)), (2, (2, 0.000405504, 4.9498e-5, 0.000455263)), (2, (3, 0.000264841, 0.000208146, 0.000473236)), (2, (4, 0.000238884, 3.3992e-5, 0.000273123)), (2, (5, 0.000376264, 0.000142929, 0.000519644)), (2, (6, 0.000412774, 9.7116e-5, 0.000510139)), (2, (7, 0.000311216, 0.000213839, 0.00052528))]), (7200, 16, 0.000568951, [(2, (0, 0.00021797, 2.1795e-5, 0.000240003)), (2, (1, 0.000267068, 8.2365e-5, 0.000349663)), (2, (2, 0.000308295, 5.5641e-5, 0.000364164)), (2, (3, 0.000275448, 6.7487e-5, 0.000343134)), (2, (4, 0.00021904, 3.7877e-5, 0.000257152)), (2, (5, 0.000339938, 0.000180083, 0.000526111)), (2, (6, 0.000287819, 9.9436e-5, 0.000387507)), (2, (7, 0.000337483, 0.000167113, 0.000504994))]), (7216, 15, 0.000421332, [(2, (0, 0.000282269, 2.4278e-5, 0.000306798)), (2, (1, 0.000249616, 4.6897e-5, 0.000296713)), (2, (2, 0.000284591, 5.5227e-5, 0.000340061)), (2, (3, 0.000230994, 6.1777e-5, 0.000293033)), (2, (4, 0.000243243, 8.0482e-5, 0.000324121)), (2, (5, 0.000279875, 7.9615e-5, 0.000359722)), (2, (6, 0.000290209, 7.9378e-5, 0.00036981)), (1, (7, 0.000163838, 8.5804e-5, 0.000249855))]), (7232, 15, 0.000416894, [(2, (0, 0.000216478, 1.6589e-5, 0.000233337)), (2, (1, 0.000296466, 0.000113954, 0.000410642)), (2, (2, 0.000238281, 7.6833e-5, 0.000315327)), (2, (3, 0.000254008, 0.000120893, 0.000375196)), (2, (4, 0.000234261, 3.3416e-5, 0.000271105)), (2, (5, 0.000274619, 6.2929e-5, 0.000337795)), (2, (6, 0.000268527, 4.7828e-5, 0.000316577)), (1, (7, 0.000116665, 9.4609e-5, 0.000211516))]), (7248, 16, 0.000516661, [(2, (0, 0.000219396, 1.5648e-5, 0.000235293)), (2, (1, 0.00020748, 2.952e-5, 0.00023723)), (2, (2, 0.000217865, 8.9529e-5, 0.000307636)), (2, (3, 0.000324987, 0.000146803, 0.000472182)), (2, (4, 0.000222034, 4.581e-5, 0.000268075)), (2, (5, 0.000277179, 0.00010245, 0.000379853)), (2, (6, 0.000268273, 6.0638e-5, 0.000329161)), (2, (7, 0.000258578, 7.5418e-5, 0.000334222))]), (7264, 16, 0.000695123, [(2, (0, 0.000178229, 1.7369e-5, 0.00019582)), (2, (1, 0.000571739, 9.4679e-5, 0.000667104)), (2, (2, 0.000649828, 3.2264e-5, 0.000682358)), (2, (3, 0.000263145, 9.5275e-5, 0.000358656)), (2, (4, 0.000244886, 4.6967e-5, 0.00029212)), (2, (5, 0.000394324, 0.000145632, 0.000540318)), (2, (6, 0.000270404, 0.000111282, 0.000381916)), (2, (7, 0.000242493, 0.000127383, 0.000370099))]), (7280, 16, 0.000959336, [(2, (0, 0.000296532, 1.8954e-5, 0.000315908)), (2, (1, 0.000307263, 6.39e-5, 0.000371368)), (2, (2, 0.000286404, 5.2313e-5, 0.000338985)), (2, (3, 0.000261526, 0.000121613, 0.00038336)), (2, (4, 0.000313588, 3.6424e-5, 0.000350223)), (2, (5, 0.000412473, 0.000103988, 0.000516681)), (2, (6, 0.000440027, 8.9607e-5, 0.000529908)), (2, (7, 0.000332161, 0.000267545, 0.000600053))]), (7296, 16, 0.000805613, [(2, (0, 0.000441882, 2.1851e-5, 0.000463977)), (2, (1, 0.000490069, 0.000187179, 0.000677808)), (2, (2, 0.000404719, 6.9072e-5, 0.000474152)), (2, (3, 0.000521812, 0.000151261, 0.000673497)), (2, (4, 0.000576542, 5.801e-5, 0.000634876)), (2, (5, 0.000647976, 0.000102587, 0.000750759)), (2, (6, 0.000516102, 9.2562e-5, 0.000609127)), (2, (7, 0.000368624, 0.000195698, 0.00056462))]), (7312, 15, 0.000682725, [(2, (0, 0.000428462, 1.9782e-5, 0.000448522)), (2, (1, 0.000362866, 8.4519e-5, 0.00044765)), (2, (2, 0.000415044, 5.2642e-5, 0.000467933)), (2, (3, 0.000429519, 6.8823e-5, 0.000498648)), (2, (4, 0.000381543, 3.7269e-5, 0.000419066)), (2, (5, 0.000501065, 0.000127886, 0.000629206)), (2, (6, 0.000476098, 0.000102666, 0.000579001)), (1, (7, 0.000170084, 0.000121895, 0.000292258))]), (7328, 16, 0.000659029, [(2, (0, 0.000543843, 1.8398e-5, 0.000562466)), (2, (1, 0.000423704, 6.117e-5, 0.000485067)), (2, (2, 0.000312455, 5.0587e-5, 0.000363362)), (2, (3, 0.000425892, 0.000105861, 0.000532019)), (2, (4, 0.000520878, 3.4756e-5, 0.000555856)), (2, (5, 0.000515447, 9.047e-5, 0.0006061)), (2, (6, 0.000367444, 7.782e-5, 0.000445482)), (2, (7, 0.000397051, 0.000127387, 0.000525186))]), (7344, 16, 0.000611011, [(2, (0, 0.000418118, 1.7498e-5, 0.000435854)), (2, (1, 0.000252184, 6.2189e-5, 0.000314644)), (2, (2, 0.000268724, 4.6512e-5, 0.000315456)), (2, (3, 0.000441626, 0.000110666, 0.000552536)), (2, (4, 0.000304667, 3.1488e-5, 0.000336376)), (2, (5, 0.000335409, 9.4013e-5, 0.000429649)), (2, (6, 0.000356013, 7.8089e-5, 0.00043439)), (2, (7, 0.000449391, 0.000117137, 0.000566776))]), (7360, 16, 0.000920066, [(2, (0, 0.000456259, 1.8412e-5, 0.000474938)), (2, (1, 0.000431076, 2.0153e-5, 0.000451452)), (2, (2, 0.000548792, 7.0962e-5, 0.000619979)), (2, (3, 0.000486948, 7.6427e-5, 0.000563624)), (2, (4, 0.000372275, 6.2519e-5, 0.000435035)), (2, (5, 0.000518284, 6.3615e-5, 0.000587295)), (2, (6, 0.000362422, 6.3191e-5, 0.000425847)), (2, (7, 0.000716813, 9.537e-5, 0.000812601))]), (7376, 16, 0.000848412, [(2, (0, 0.000440439, 3.3626e-5, 0.000474338)), (2, (1, 0.0003489, 4.7065e-5, 0.000396192)), (2, (2, 0.000376914, 6.4608e-5, 0.000441778)), (2, (3, 0.000488672, 7.9137e-5, 0.000568117)), (2, (4, 0.000625355, 5.0466e-5, 0.000676089)), (2, (5, 0.000708877, 8.4887e-5, 0.000794005)), (2, (6, 0.000334997, 6.0498e-5, 0.000395715)), (2, (7, 0.000396751, 7.7947e-5, 0.000474989))]), (7392, 16, 0.000594247, [(2, (0, 0.000362396, 1.7647e-5, 0.000380283)), (2, (1, 0.000252421, 0.000110403, 0.00036304)), (2, (2, 0.00026837, 4.9983e-5, 0.000321841)), (2, (3, 0.00023071, 0.000216185, 0.000447247)), (2, (4, 0.000254677, 3.4056e-5, 0.000288935)), (2, (5, 0.000338395, 0.000142131, 0.000480819)), (2, (6, 0.000285145, 0.000126428, 0.00041177)), (2, (7, 0.000298447, 0.000227255, 0.000525999))]), (7408, 14, 0.000425021, [(2, (0, 0.000242022, 1.7123e-5, 0.000259394)), (2, (1, 0.000254416, 7.483e-5, 0.000329522)), (2, (2, 0.000254625, 6.115e-5, 0.000316001)), (2, (3, 0.000251786, 0.00011305, 0.000365094)), (2, (4, 0.000205966, 3.208e-5, 0.000238311)), (2, (5, 0.000248852, 9.1055e-5, 0.000340086)), (1, (6, 0.00011691, 4.671e-5, 0.000163848)), (1, (7, 0.000107725, 0.000106912, 0.000214859))]), (7424, 16, 0.000510034, [(2, (0, 0.000275801, 1.5702e-5, 0.000291775)), (2, (1, 0.000298742, 6.2439e-5, 0.000361446)), (2, (2, 0.000355733, 3.2525e-5, 0.000388471)), (2, (3, 0.000231089, 7.8825e-5, 0.000310147)), (2, (4, 0.000217737, 4.8314e-5, 0.000266299)), (2, (5, 0.000237834, 0.000119886, 0.000357985)), (2, (6, 0.000280813, 9.3897e-5, 0.00037495)), (2, (7, 0.000288861, 0.00012521, 0.000414334))]), (7440, 15, 0.000500437, [(2, (0, 0.000280707, 1.7836e-5, 0.000298789)), (2, (1, 0.000291064, 6.2362e-5, 0.000353643)), (2, (2, 0.000255931, 4.963e-5, 0.000305791)), (2, (3, 0.000252135, 0.000109374, 0.000361722)), (2, (4, 0.00028278, 3.4604e-5, 0.000317599)), (2, (5, 0.000241789, 9.4254e-5, 0.00033629)), (2, (6, 0.000362153, 7.9399e-5, 0.000441823)), (1, (7, 0.000100501, 0.000121247, 0.000221977))]), (7456, 16, 0.000688782, [(2, (0, 0.000266636, 1.7243e-5, 0.000284091)), (2, (1, 0.000591532, 6.2089e-5, 0.000653954)), (2, (2, 0.000311862, 4.6134e-5, 0.000358239)), (2, (3, 0.00024533, 0.000106676, 0.000352234)), (2, (4, 0.000299033, 3.2428e-5, 0.000331708)), (2, (5, 0.000412412, 9.1073e-5, 0.00050378)), (2, (6, 0.000264264, 7.5171e-5, 0.000339684)), (2, (7, 0.000325506, 0.000113882, 0.00043965))]), (7472, 16, 0.000464688, [(2, (0, 0.000228495, 1.7716e-5, 0.00024645)), (2, (1, 0.00034494, 6.9546e-5, 0.000414725)), (2, (2, 0.000281323, 5.6298e-5, 0.000337975)), (2, (3, 0.000295191, 0.000105793, 0.000401259)), (2, (4, 0.000227702, 3.4201e-5, 0.000262128)), (2, (5, 0.000276671, 0.000130108, 0.000407)), (2, (6, 0.000267238, 8.9724e-5, 0.000357231)), (2, (7, 0.000280354, 0.000121497, 0.000402059))]), (7488, 16, 0.000519293, [(2, (0, 0.000236258, 5.0525e-5, 0.000287022)), (2, (1, 0.000333029, 0.000157881, 0.00049135)), (2, (2, 0.000265594, 0.000113263, 0.00037912)), (2, (3, 0.000256181, 0.000158913, 0.000415418)), (2, (4, 0.000269044, 2.1162e-5, 0.000290462)), (2, (5, 0.000282821, 6.3854e-5, 0.000346947)), (2, (6, 0.000263767, 3.6095e-5, 0.000300147)), (2, (7, 0.000227563, 7.928e-5, 0.000307055))]), (7504, 15, 0.000424078, [(2, (0, 0.000238941, 1.6601e-5, 0.000255777)), (2, (1, 0.000231741, 6.1743e-5, 0.000293704)), (2, (2, 0.000293722, 4.6721e-5, 0.000340671)), (2, (3, 0.000249557, 0.000115336, 0.000365131)), (2, (4, 0.000285561, 3.3272e-5, 0.000319104)), (2, (5, 0.000248068, 9.366e-5, 0.000341986)), (2, (6, 0.000285877, 7.9398e-5, 0.000365562)), (1, (7, 0.000121442, 0.000108728, 0.000230412))]), (7520, 16, 0.000447133, [(2, (0, 0.000287353, 4.6023e-5, 0.000333599)), (2, (1, 0.000315626, 3.1487e-5, 0.000347349)), (2, (2, 0.000305796, 0.000116752, 0.000422789)), (2, (3, 0.000317305, 0.000116913, 0.000434475)), (2, (4, 0.000298008, 1.3162e-5, 0.000311461)), (2, (5, 0.000307977, 9.3514e-5, 0.000401801)), (2, (6, 0.000306625, 5.9497e-5, 0.000366341)), (2, (7, 0.000312422, 7.6731e-5, 0.000389435))]), (7536, 16, 0.00048072, [(2, (0, 0.000255046, 1.6026e-5, 0.000271298)), (2, (1, 0.000265608, 1.7134e-5, 0.000282965)), (2, (2, 0.000291677, 4.6662e-5, 0.000338562)), (2, (3, 0.00025865, 5.1492e-5, 0.000310397)), (2, (4, 0.000242012, 6.9338e-5, 0.000311579)), (2, (5, 0.00022488, 6.9272e-5, 0.000294358)), (2, (6, 0.000215111, 6.8825e-5, 0.000284139)), (2, (7, 0.000303291, 8.9365e-5, 0.000393028))]), (7552, 16, 0.000405145, [(2, (0, 0.000227133, 1.4661e-5, 0.000242017)), (2, (1, 0.000230302, 6.6579e-5, 0.000297111)), (2, (2, 0.000316195, 4.4753e-5, 0.000361166)), (2, (3, 0.000243859, 7.6303e-5, 0.000320378)), (2, (4, 0.000262759, 3.1414e-5, 0.000294411)), (2, (5, 0.000268334, 0.000118647, 0.000387197)), (2, (6, 0.000267302, 0.000106354, 0.000374532)), (2, (7, 0.000253888, 0.00011241, 0.000366516))]), (7568, 16, 0.000500947, [(2, (0, 0.000253933, 4.739e-5, 0.000301566)), (2, (1, 0.00029972, 6.3098e-5, 0.000363048)), (2, (2, 0.000289928, 9.9429e-5, 0.000389593)), (2, (3, 0.000291872, 9.9712e-5, 0.000391801)), (2, (4, 0.000256074, 1.7655e-5, 0.00027396)), (2, (5, 0.000254376, 3.3047e-5, 0.000287674)), (2, (6, 0.000249806, 1.879e-5, 0.000268882)), (2, (7, 0.000264099, 7.6469e-5, 0.000340782))]), (7584, 16, 0.000707604, [(2, (0, 0.000260637, 4.2554e-5, 0.000303418)), (2, (1, 0.000262041, 0.00012022, 0.000382485)), (2, (2, 0.000425065, 0.000107046, 0.000532359)), (2, (3, 0.000275308, 0.00013788, 0.00041341)), (2, (4, 0.000373192, 6.48e-5, 0.000438449)), (2, (5, 0.000279057, 0.000223034, 0.000502329)), (2, (6, 0.000281488, 0.000187166, 0.000468974)), (2, (7, 0.000407903, 0.000202304, 0.000610515))]), (7600, 16, 0.000467591, [(2, (0, 0.000281257, 5.0494e-5, 0.000332011)), (2, (1, 0.000298646, 6.6449e-5, 0.000365361)), (2, (2, 0.0003201, 0.000120724, 0.000441126)), (2, (3, 0.000290905, 0.000117162, 0.000408321)), (2, (4, 0.000291802, 1.5888e-5, 0.000307929)), (2, (5, 0.000290081, 8.0655e-5, 0.000370952)), (2, (6, 0.000299739, 3.9141e-5, 0.000339182)), (2, (7, 0.000284793, 9.2916e-5, 0.000377937))]), (7616, 16, 0.000479026, [(2, (0, 0.000227527, 1.5718e-5, 0.000243496)), (2, (1, 0.000318223, 0.000131728, 0.000450335)), (2, (2, 0.000238163, 3.4227e-5, 0.000272666)), (2, (3, 0.000280757, 6.2584e-5, 0.000343572)), (2, (4, 0.00023698, 4.7162e-5, 0.000284361)), (2, (5, 0.000271746, 9.3973e-5, 0.00036592)), (2, (6, 0.00023482, 7.9656e-5, 0.000314729)), (2, (7, 0.000232774, 0.000112138, 0.000347935))]), (7632, 13, 0.000583901, [(2, (0, 0.000267543, 1.4544e-5, 0.000282338)), (2, (1, 0.000310137, 6.2781e-5, 0.000373112)), (2, (2, 0.000323568, 4.7876e-5, 0.000371696)), (2, (3, 0.000387521, 0.000150964, 0.000539112)), (2, (4, 0.000279662, 2.9452e-5, 0.000309343)), (1, (5, 0.000157179, 0.00010963, 0.000267007)), (1, (6, 0.000158115, 7.8082e-5, 0.000236381)), (1, (7, 0.00024321, 9.479e-5, 0.000338206))]), (7648, 16, 0.005277142, [(2, (0, 0.000303268, 1.9259e-5, 0.000322746)), (2, (1, 0.000297901, 6.4378e-5, 0.000362516)), (2, (2, 0.000250186, 5.0125e-5, 0.000300529)), (2, (3, 0.005109468, 9.4704e-5, 0.005204558)), (2, (4, 0.00022971, 3.8776e-5, 0.000268752)), (2, (5, 0.000328386, 0.000110377, 0.00043898)), (2, (6, 0.000250722, 7.9938e-5, 0.000330868)), (2, (7, 0.000253671, 0.000117667, 0.000371565))]), (7664, 16, 0.000631398, [(2, (0, 0.000281793, 1.2391e-5, 0.000294445)), (2, (1, 0.000369273, 0.000163164, 0.000532876)), (2, (2, 0.000463217, 7.9222e-5, 0.000542808)), (2, (3, 0.000287669, 0.000186418, 0.000474475)), (2, (4, 0.000293342, 3.8495e-5, 0.000332211)), (2, (5, 0.000284346, 0.000201741, 0.000486389)), (2, (6, 0.000282932, 0.000120242, 0.000403431)), (2, (7, 0.00032624, 0.000214371, 0.000540985))]), (7680, 16, 0.000504284, [(2, (0, 0.000318569, 1.5801e-5, 0.000334656)), (2, (1, 0.000292296, 1.8109e-5, 0.000310654)), (2, (2, 0.000284653, 0.000106131, 0.000390995)), (2, (3, 0.000271743, 0.000134184, 0.000406204)), (2, (4, 0.000329505, 5.757e-5, 0.000387353)), (2, (5, 0.000291569, 8.9704e-5, 0.000381529)), (2, (6, 0.000396864, 5.9012e-5, 0.00045628)), (2, (7, 0.000249368, 7.3068e-5, 0.000322665))]), (7696, 16, 0.000479348, [(2, (0, 0.000205851, 1.7569e-5, 0.000223622)), (2, (1, 0.000175218, 6.5804e-5, 0.000241297)), (2, (2, 0.000250732, 4.9327e-5, 0.000300275)), (2, (3, 0.000304861, 0.000120892, 0.000426004)), (2, (4, 0.000425137, 3.4039e-5, 0.00045945)), (2, (5, 0.000268303, 0.000113592, 0.00038213)), (2, (6, 0.000256645, 8.2788e-5, 0.000339703)), (2, (7, 0.000334097, 9.9793e-5, 0.000434158))]), (7712, 16, 0.00048005, [(2, (0, 0.000250294, 0.000110341, 0.000360888)), (2, (1, 0.000248718, 0.000101364, 0.000350341)), (2, (2, 0.000278078, 4.5484e-5, 0.000323787)), (2, (3, 0.000362983, 7.3615e-5, 0.000436816)), (2, (4, 0.000286788, 1.4006e-5, 0.000301029)), (2, (5, 0.000358365, 2.9609e-5, 0.000388279)), (2, (6, 0.000290605, 2.0976e-5, 0.000314009)), (2, (7, 0.000288879, 5.9273e-5, 0.000348374))]), (7728, 16, 0.000483921, [(2, (0, 0.000248979, 1.7562e-5, 0.000266787)), (2, (1, 0.000236005, 6.1299e-5, 0.000297531)), (2, (2, 0.000249566, 4.7442e-5, 0.000297233)), (2, (3, 0.000323036, 7.7287e-5, 0.000400579)), (2, (4, 0.000188234, 3.4321e-5, 0.000222827)), (2, (5, 0.000227553, 0.000106253, 0.000334028)), (2, (6, 0.000285069, 9.1473e-5, 0.000376774)), (2, (7, 0.000269603, 0.000112552, 0.000382373))]), (7744, 16, 0.000634423, [(2, (0, 0.000345142, 1.5915e-5, 0.000361277)), (2, (1, 0.000282531, 7.8834e-5, 0.000361588)), (2, (2, 0.000342176, 4.6565e-5, 0.000388962)), (2, (3, 0.000442849, 9.3086e-5, 0.000536166)), (2, (4, 0.000359365, 3.3102e-5, 0.000392685)), (2, (5, 0.000337507, 0.000107873, 0.000445574)), (2, (6, 0.00030194, 6.4155e-5, 0.000369366)), (2, (7, 0.000443338, 0.000140625, 0.000584202))]), (7760, 16, 0.000697332, [(2, (0, 0.000319531, 4.6403e-5, 0.00036617)), (2, (1, 0.000571365, 9.0325e-5, 0.000661944)), (2, (2, 0.000313101, 0.000110071, 0.00042339)), (2, (3, 0.000332862, 0.000110294, 0.000443376)), (2, (4, 0.000451464, 1.7234e-5, 0.000468941)), (2, (5, 0.000284559, 6.0217e-5, 0.000345009)), (2, (6, 0.000295929, 3.3005e-5, 0.000329181)), (2, (7, 0.000274021, 7.4251e-5, 0.000348518))]), (7776, 16, 0.000704267, [(2, (0, 0.000236911, 1.5321e-5, 0.000252457)), (2, (1, 0.00042693, 3.3529e-5, 0.000460695)), (2, (2, 0.000311914, 4.6757e-5, 0.000358885)), (2, (3, 0.000431968, 7.4874e-5, 0.000507109)), (2, (4, 0.000307059, 0.00011891, 0.000426229)), (2, (5, 0.000431097, 0.000212891, 0.000644196)), (2, (6, 0.000254851, 0.000127574, 0.000382741)), (2, (7, 0.000421544, 0.000155981, 0.000577947))]), (7792, 16, 0.000410078, [(2, (0, 0.000226712, 1.8771e-5, 0.000245717)), (2, (1, 0.000216025, 8.3473e-5, 0.000299882)), (2, (2, 0.000320765, 6.2224e-5, 0.000383243)), (2, (3, 0.000207592, 0.0001188, 0.000326637)), (2, (4, 0.000209954, 3.4101e-5, 0.000244322)), (2, (5, 0.00021626, 9.8967e-5, 0.000315489)), (2, (6, 0.000285158, 4.8773e-5, 0.000334168)), (2, (7, 0.000200703, 0.000110912, 0.000311834))]), (7808, 16, 0.000557113, [(2, (0, 0.000266444, 1.8689e-5, 0.000285387)), (2, (1, 0.000303869, 9.2076e-5, 0.000396158)), (2, (2, 0.000286545, 4.9238e-5, 0.000336007)), (2, (3, 0.000308275, 7.5765e-5, 0.000384293)), (2, (4, 0.000265414, 3.4294e-5, 0.000299919)), (2, (5, 0.000259176, 0.000108274, 0.000367697)), (2, (6, 0.000458216, 6.433e-5, 0.000522782)), (2, (7, 0.000272871, 0.000121354, 0.00039446))]), (7824, 16, 0.000390567, [(2, (0, 0.000215184, 1.7417e-5, 0.000232836)), (2, (1, 0.000250039, 9.258e-5, 0.000342848)), (2, (2, 0.000295616, 3.2485e-5, 0.000328362)), (2, (3, 0.000261625, 0.000106348, 0.000368203)), (2, (4, 0.000250547, 4.7443e-5, 0.000298182)), (2, (5, 0.000275617, 7.6593e-5, 0.000352457)), (2, (6, 0.000205013, 6.2081e-5, 0.000267305)), (2, (7, 0.000235048, 0.000110945, 0.000346256))]), (7840, 15, 0.000766242, [(2, (0, 0.000255521, 1.5537e-5, 0.000271292)), (2, (1, 0.000270637, 2.9246e-5, 0.000300096)), (2, (2, 0.000253202, 7.3448e-5, 0.000326891)), (2, (3, 0.000238056, 7.397e-5, 0.000312242)), (2, (4, 0.000276455, 8.1498e-5, 0.000358178)), (2, (5, 0.000260637, 0.000100027, 0.000360892)), (2, (6, 0.000482853, 0.000183852, 0.0006671)), (1, (7, 0.000172781, 0.0001824, 0.000355453))]), (7856, 16, 0.000534958, [(2, (0, 0.000232447, 8.312e-6, 0.000240958)), (2, (1, 0.00024029, 6.756e-5, 0.000308084)), (2, (2, 0.000237143, 5.3101e-5, 0.000290482)), (2, (3, 0.000236076, 0.000154191, 0.000390455)), (2, (4, 0.000293822, 8.879e-6, 0.000302893)), (2, (5, 0.000272269, 0.000141027, 0.000413549)), (2, (6, 0.000252773, 8.4749e-5, 0.000337749)), (2, (7, 0.000265053, 0.000227816, 0.000493259))]), (7872, 16, 0.000798697, [(2, (0, 0.00028665, 4.6154e-5, 0.000333026)), (2, (1, 0.000293725, 0.000153017, 0.000447023)), (2, (2, 0.000401783, 0.000363156, 0.000765154)), (2, (3, 0.000297291, 0.000394599, 0.000692095)), (2, (4, 0.000298672, 1.5534e-5, 0.000314437)), (2, (5, 0.000353116, 9.184e-5, 0.000445204)), (2, (6, 0.000276389, 2.0209e-5, 0.000296864)), (2, (7, 0.000293105, 3.1058e-5, 0.000324394))]), (7888, 15, 0.000545796, [(2, (0, 0.000239644, 1.752e-5, 0.000257461)), (2, (1, 0.000275549, 8.4437e-5, 0.000360241)), (2, (2, 0.000269393, 3.1492e-5, 0.00030113)), (2, (3, 0.000230408, 6.7674e-5, 0.000298315)), (2, (4, 0.000454868, 5.5274e-5, 0.000510551)), (2, (5, 0.000247673, 0.000193601, 0.000441536)), (2, (6, 0.000267587, 0.000102818, 0.000370663)), (1, (7, 0.000214653, 0.000187276, 0.000402395))]), (7904, 16, 0.000487758, [(2, (0, 0.000229916, 1.8636e-5, 0.000248802)), (2, (1, 0.000252841, 8.3433e-5, 0.000336519)), (2, (2, 0.000256716, 5.114e-5, 0.000308089)), (2, (3, 0.000264514, 0.000114364, 0.000379155)), (2, (4, 0.000269303, 3.8759e-5, 0.00030835)), (2, (5, 0.000333849, 9.6381e-5, 0.000430494)), (2, (6, 0.00031516, 6.4237e-5, 0.000379616)), (2, (7, 0.000292563, 0.000120821, 0.000413607))]), (7920, 16, 0.000421367, [(2, (0, 0.000244003, 1.6642e-5, 0.000260871)), (2, (1, 0.000315897, 6.9276e-5, 0.000385443)), (2, (2, 0.000286233, 5.5131e-5, 0.000341549)), (2, (3, 0.000295407, 9.9349e-5, 0.000394969)), (2, (4, 0.000295146, 4.1544e-5, 0.000336922)), (2, (5, 0.000243625, 0.000116376, 0.000360215)), (2, (6, 0.000244784, 8.4286e-5, 0.00032933)), (2, (7, 0.000244858, 0.000125376, 0.000370469))]), (7936, 16, 0.000427333, [(2, (0, 0.00023654, 1.4376e-5, 0.000251168)), (2, (1, 0.000224433, 1.56e-5, 0.000240226)), (2, (2, 0.000267915, 9.6591e-5, 0.000364784)), (2, (3, 0.000298032, 9.0625e-5, 0.00038888)), (2, (4, 0.000241678, 7.3965e-5, 0.000315897)), (2, (5, 0.000251149, 0.000105022, 0.000356423)), (2, (6, 0.000256418, 9.9622e-5, 0.000356275)), (2, (7, 0.000300221, 0.000107533, 0.000407989))]), (7952, 16, 0.000435738, [(2, (0, 0.000254862, 1.5985e-5, 0.000271067)), (2, (1, 0.000265479, 1.7831e-5, 0.000283577)), (2, (2, 0.000305612, 4.4942e-5, 0.000350794)), (2, (3, 0.000316574, 4.543e-5, 0.000362238)), (2, (4, 0.000323252, 8.212e-5, 0.000405615)), (2, (5, 0.000308993, 9.2952e-5, 0.000402242)), (2, (6, 0.000277716, 8.2138e-5, 0.000360083)), (2, (7, 0.000298053, 8.5302e-5, 0.000383617))]), (7968, 15, 0.000429038, [(2, (0, 0.000361886, 1.6266e-5, 0.00037839)), (2, (1, 0.000275188, 6.1466e-5, 0.000336913)), (2, (2, 0.000291015, 4.7041e-5, 0.000338298)), (2, (3, 0.000261441, 0.000106667, 0.000368376)), (2, (4, 0.000236215, 3.3413e-5, 0.000272712)), (2, (5, 0.000225801, 9.0302e-5, 0.000316317)), (2, (6, 0.000201348, 7.3689e-5, 0.000275232)), (1, (7, 0.000121243, 0.000114826, 0.000236286))]), (7984, 16, 0.000695446, [(2, (0, 0.000304808, 1.4006e-5, 0.000319089)), (2, (1, 0.000363003, 2.6082e-5, 0.00038932)), (2, (2, 0.000246387, 4.3702e-5, 0.000290312)), (2, (3, 0.000335217, 5.8529e-5, 0.000394099)), (2, (4, 0.000247577, 0.000113005, 0.000360811)), (2, (5, 0.000408848, 0.000227801, 0.000636911)), (2, (6, 0.000465925, 0.000115793, 0.000582053)), (2, (7, 0.000374055, 0.000152214, 0.000526681))]), (8000, 15, 0.000481547, [(2, (0, 0.000234674, 1.5872e-5, 0.000250765)), (2, (1, 0.000241016, 3.3295e-5, 0.000274739)), (2, (2, 0.000249364, 0.000107352, 0.000357011)), (2, (3, 0.000260822, 0.000163439, 0.000424551)), (2, (4, 0.000256028, 4.9583e-5, 0.000305849)), (2, (5, 0.000272289, 8.1641e-5, 0.000354176)), (2, (6, 0.000270641, 6.2749e-5, 0.000333636)), (1, (7, 0.000128591, 0.000147697, 0.000276498))]), (8016, 16, 0.000477044, [(2, (0, 0.000208263, 2.0403e-5, 0.000228925)), (2, (1, 0.000240962, 7.944e-5, 0.0003206)), (2, (2, 0.000264384, 6.4414e-5, 0.000329033)), (2, (3, 0.000244257, 0.000112192, 0.000356706)), (2, (4, 0.000230604, 3.5857e-5, 0.00026675)), (2, (5, 0.000232838, 9.2616e-5, 0.000325667)), (2, (6, 0.000261158, 4.9177e-5, 0.000310561)), (2, (7, 0.000267342, 0.000105964, 0.000373513))]), (8032, 16, 0.000488252, [(2, (0, 0.000218647, 1.7851e-5, 0.000236751)), (2, (1, 0.00024039, 8.6276e-5, 0.000326904)), (2, (2, 0.000303695, 7.2778e-5, 0.000376736)), (2, (3, 0.000277686, 0.000124787, 0.000402714)), (2, (4, 0.000249477, 3.4777e-5, 0.000284476)), (2, (5, 0.000311499, 0.000103894, 0.000415651)), (2, (6, 0.000290194, 4.7874e-5, 0.000338288)), (2, (7, 0.000259777, 0.000117799, 0.000377789))]), (8048, 16, 0.000483968, [(2, (0, 0.000263546, 1.6032e-5, 0.000279818)), (2, (1, 0.000259674, 6.1452e-5, 0.000321364)), (2, (2, 0.000296875, 4.5845e-5, 0.00034297)), (2, (3, 0.000290154, 0.000118285, 0.000408668)), (2, (4, 0.000288266, 3.4126e-5, 0.000322651)), (2, (5, 0.000317812, 0.000110247, 0.000428318)), (2, (6, 0.000261526, 7.668e-5, 0.000338438)), (2, (7, 0.000227048, 9.3739e-5, 0.00032105))]), (8064, 15, 0.000447478, [(2, (0, 0.000309689, 1.5032e-5, 0.000324945)), (2, (1, 0.000233675, 3.063e-5, 0.000264526)), (2, (2, 0.000244838, 7.4747e-5, 0.00031982)), (2, (3, 0.00027127, 7.6398e-5, 0.00034791)), (2, (4, 0.00022535, 4.7428e-5, 0.000273007)), (2, (5, 0.00032134, 8.2569e-5, 0.000404134)), (2, (6, 0.00029348, 6.1506e-5, 0.000355187)), (1, (7, 0.000128441, 7.1067e-5, 0.000199723))]), (8080, 16, 0.001269999, [(2, (0, 0.000289748, 1.7094e-5, 0.000307067)), (2, (1, 0.000248405, 3.2441e-5, 0.000281089)), (2, (2, 0.001100638, 9.1434e-5, 0.001192302)), (2, (3, 0.000240526, 0.000106175, 0.000346958)), (2, (4, 0.000260913, 4.7511e-5, 0.000308637)), (2, (5, 0.000267489, 7.7421e-5, 0.00034513)), (2, (6, 0.000276736, 6.1905e-5, 0.000338867)), (2, (7, 0.000265883, 0.000117855, 0.000383977))]), (8096, 16, 0.000637858, [(2, (0, 0.000284501, 1.5105e-5, 0.000299851)), (2, (1, 0.000287106, 3.6868e-5, 0.000324288)), (2, (2, 0.000264757, 0.00014157, 0.000406581)), (2, (3, 0.000265415, 0.000222268, 0.000487994)), (2, (4, 0.000226811, 5.6929e-5, 0.000284034)), (2, (5, 0.000245167, 0.000126667, 0.0003722)), (2, (6, 0.000241012, 0.000110495, 0.000351713)), (2, (7, 0.000299318, 0.000221015, 0.000520902))]), (8112, 15, 0.000432081, [(2, (0, 0.000230598, 1.7235e-5, 0.000248102)), (2, (1, 0.000249297, 9.1909e-5, 0.000341441)), (2, (2, 0.000214694, 3.6088e-5, 0.000250997)), (2, (3, 0.000179972, 0.000111972, 0.00029228)), (2, (4, 0.000227864, 6.4313e-5, 0.000292432)), (2, (5, 0.000259196, 0.000128897, 0.000388334)), (2, (6, 0.000248181, 7.8262e-5, 0.00032669)), (1, (7, 0.000159727, 0.000137904, 0.000297855))]), (8128, 16, 0.000565892, [(2, (0, 0.00025354, 1.5876e-5, 0.00026965)), (2, (1, 0.000275298, 6.1069e-5, 0.000336599)), (2, (2, 0.000273583, 4.6501e-5, 0.000320314)), (2, (3, 0.000264439, 9.1804e-5, 0.000356487)), (2, (4, 0.000257093, 3.2372e-5, 0.000289717)), (2, (5, 0.00025507, 0.000107884, 0.000363215)), (2, (6, 0.000258967, 7.6372e-5, 0.000335581)), (2, (7, 0.000343811, 0.000128971, 0.000473196))]), (8144, 16, 0.000523869, [(2, (0, 0.000282875, 1.3983e-5, 0.000297108)), (2, (1, 0.000295841, 5.8032e-5, 0.000354086)), (2, (2, 0.000320417, 4.2675e-5, 0.000363324)), (2, (3, 0.000277762, 0.000115404, 0.000393446)), (2, (4, 0.000268906, 3.1157e-5, 0.00030027)), (2, (5, 0.000298663, 8.7461e-5, 0.000386335)), (2, (6, 0.00031348, 7.0708e-5, 0.000387586)), (2, (7, 0.000322684, 0.000101653, 0.000424571))]), (8160, 16, 0.00063953, [(2, (0, 0.000319829, 1.2965e-5, 0.000333042)), (2, (1, 0.00034136, 8.9402e-5, 0.000431021)), (2, (2, 0.000354294, 5.8217e-5, 0.000415662)), (2, (3, 0.000465115, 0.000121239, 0.000586738)), (2, (4, 0.000342418, 3.0245e-5, 0.000372881)), (2, (5, 0.000352772, 7.418e-5, 0.000427184)), (2, (6, 0.000359372, 4.3601e-5, 0.000403189)), (2, (7, 0.000350269, 0.000104148, 0.00045466))]), (8176, 13, 0.000626061, [(2, (0, 0.000254372, 1.3503e-5, 0.000268109)), (2, (1, 0.000400587, 6.4567e-5, 0.000465396)), (2, (2, 0.000339896, 4.462e-5, 0.000384753)), (2, (3, 0.000300755, 0.000269182, 0.000570092)), (2, (4, 0.000490132, 3.0931e-5, 0.000521376)), (1, (5, 0.00023529, 0.00031629, 0.000551953)), (1, (6, 0.000174644, 7.9489e-5, 0.000254372)), (1, (7, 0.000246708, 0.000254826, 0.000501761))]), (8192, 16, 0.000627678, [(2, (0, 0.000282798, 1.4326e-5, 0.000297355)), (2, (1, 0.000297634, 1.6401e-5, 0.000314258)), (2, (2, 0.000371542, 0.000100038, 0.000471866)), (2, (3, 0.000436959, 0.000145311, 0.000582731)), (2, (4, 0.000295632, 4.7576e-5, 0.000343475)), (2, (5, 0.000391654, 6.6795e-5, 0.000458712)), (2, (6, 0.000302772, 4.8378e-5, 0.000354911)), (2, (7, 0.000347368, 0.000111878, 0.000459502))]), (8208, 16, 0.00055053, [(2, (0, 0.000220838, 1.6453e-5, 0.000237517)), (2, (1, 0.000244022, 6.3448e-5, 0.000307727)), (2, (2, 0.000214702, 4.7414e-5, 0.00026234)), (2, (3, 0.000229909, 0.000111109, 0.000341259)), (2, (4, 0.000221876, 3.4251e-5, 0.00025636)), (2, (5, 0.000229002, 9.4552e-5, 0.000323758)), (2, (6, 0.000216194, 7.7565e-5, 0.000293984)), (2, (7, 0.00032141, 0.000131433, 0.000453262))]), (8224, 16, 0.000423768, [(2, (0, 0.000250786, 1.6932e-5, 0.000267961)), (2, (1, 0.000265136, 6.198e-5, 0.000327338)), (2, (2, 0.000275769, 4.63e-5, 0.000322306)), (2, (3, 0.000260533, 0.000119908, 0.000380659)), (2, (4, 0.000271317, 3.3214e-5, 0.000304735)), (2, (5, 0.00028048, 0.000115476, 0.000396301)), (2, (6, 0.000271823, 7.7546e-5, 0.000349648)), (2, (7, 0.000221555, 9.2919e-5, 0.000314696))]), (8240, 14, 0.000548574, [(2, (0, 0.000327606, 1.7815e-5, 0.00034565)), (2, (1, 0.000208764, 1.887e-5, 0.000227846)), (2, (2, 0.000386876, 7.1256e-5, 0.000458477)), (2, (3, 0.000339187, 9.0705e-5, 0.00043013)), (2, (4, 0.000312571, 5.537e-5, 0.000368232)), (2, (5, 0.00028322, 0.000201094, 0.000484547)), (1, (6, 0.000176192, 5.5414e-5, 0.000231848)), (1, (7, 0.000137659, 8.2695e-5, 0.000220582))]), (8256, 16, 0.000541367, [(2, (0, 0.000274862, 1.3693e-5, 0.000288786)), (2, (1, 0.000280076, 2.9162e-5, 0.000309487)), (2, (2, 0.000282112, 9.0861e-5, 0.0003732)), (2, (3, 0.000232749, 0.00010732, 0.000340302)), (2, (4, 0.000225713, 4.5494e-5, 0.000271439)), (2, (5, 0.000325793, 7.7157e-5, 0.000403218)), (2, (6, 0.000319729, 5.9886e-5, 0.000379865)), (2, (7, 0.000298884, 0.000146757, 0.000446044))]), (8272, 16, 0.000782465, [(2, (0, 0.00028914, 1.4539e-5, 0.000303933)), (2, (1, 0.000297072, 0.000106098, 0.000403408)), (2, (2, 0.000345607, 7.558e-5, 0.000421448)), (2, (3, 0.00036766, 8.8509e-5, 0.000456393)), (2, (4, 0.000285809, 3.0003e-5, 0.000316032)), (2, (5, 0.000419905, 0.000189143, 0.000609469)), (2, (6, 0.000317989, 0.000120665, 0.000438936)), (2, (7, 0.000519003, 0.00018821, 0.000707488))]), (8288, 16, 0.000700075, [(2, (0, 0.000292826, 5.3099e-5, 0.000346166)), (2, (1, 0.000340881, 0.000138254, 0.000479403)), (2, (2, 0.000545378, 0.000122532, 0.000668168)), (2, (3, 0.00045028, 0.000143293, 0.000593893)), (2, (4, 0.000375035, 2.0052e-5, 0.000395369)), (2, (5, 0.00039108, 8.3598e-5, 0.000474899)), (2, (6, 0.000426603, 3.6255e-5, 0.000463157)), (2, (7, 0.000529404, 6.7286e-5, 0.000596911))]), (8304, 16, 0.000844029, [(2, (0, 0.000388536, 1.9113e-5, 0.000407903)), (2, (1, 0.000529031, 8.4558e-5, 0.000613916)), (2, (2, 0.000420108, 5.3384e-5, 0.000473718)), (2, (3, 0.000567835, 6.869e-5, 0.000636761)), (2, (4, 0.000435248, 3.9695e-5, 0.000475187)), (2, (5, 0.000492014, 0.000116364, 0.000608609)), (2, (6, 0.00047772, 0.000104332, 0.000582337)), (2, (7, 0.000589231, 0.00015371, 0.0007434))]), (8320, 16, 0.000805188, [(2, (0, 0.000351093, 2.0108e-5, 0.000371465)), (2, (1, 0.000375227, 6.4875e-5, 0.000440328)), (2, (2, 0.000468111, 5.0834e-5, 0.000519179)), (2, (3, 0.00064814, 0.000113121, 0.000761486)), (2, (4, 0.000540653, 3.7234e-5, 0.000578134)), (2, (5, 0.000498007, 9.9208e-5, 0.000597482)), (2, (6, 0.000504996, 8.2742e-5, 0.000588044)), (2, (7, 0.000377604, 0.000121812, 0.000499666))]), (8336, 16, 0.000671433, [(2, (0, 0.000344691, 1.8065e-5, 0.000363031)), (2, (1, 0.000341974, 6.3351e-5, 0.000405545)), (2, (2, 0.000362647, 3.2602e-5, 0.000395504)), (2, (3, 0.000438157, 0.000175398, 0.000613962)), (2, (4, 0.000328674, 4.6176e-5, 0.000375099)), (2, (5, 0.000337163, 9.5829e-5, 0.000433259)), (2, (6, 0.000507909, 7.9455e-5, 0.000587607)), (2, (7, 0.000404347, 0.000142077, 0.000546686))]), (8352, 16, 0.000859309, [(2, (0, 0.000461684, 1.9196e-5, 0.00048111)), (2, (1, 0.000580673, 6.4323e-5, 0.000645191)), (2, (2, 0.000611038, 4.9265e-5, 0.000660607)), (2, (3, 0.000325012, 0.000151115, 0.000476383)), (2, (4, 0.000424335, 3.434e-5, 0.000458905)), (2, (5, 0.000511367, 9.9495e-5, 0.00061109)), (2, (6, 0.000714347, 7.875e-5, 0.000793339)), (2, (7, 0.000539217, 0.000169393, 0.000709009))]), (8368, 16, 0.00082596, [(2, (0, 0.000466057, 2.0245e-5, 0.000486504)), (2, (1, 0.000497348, 7.22e-5, 0.000569766)), (2, (2, 0.00034584, 5.7442e-5, 0.0004035)), (2, (3, 0.000500634, 0.000126276, 0.000627178)), (2, (4, 0.000567968, 3.9791e-5, 0.000608038)), (2, (5, 0.000558452, 0.000105951, 0.000664662)), (2, (6, 0.000282014, 9.2254e-5, 0.00037466)), (2, (7, 0.000545647, 0.000170257, 0.000716221))]), (8384, 15, 0.0006789, [(2, (0, 0.000436051, 1.746e-5, 0.000453787)), (2, (1, 0.000493399, 6.325e-5, 0.000556854)), (2, (2, 0.000366245, 4.8114e-5, 0.000414655)), (2, (3, 0.000431632, 0.000143534, 0.00057539)), (2, (4, 0.00040096, 3.659e-5, 0.000437807)), (2, (5, 0.000493227, 0.000136717, 0.000630162)), (2, (6, 0.000484821, 8.1493e-5, 0.000566616)), (1, (7, 0.000312515, 9.6838e-5, 0.000409609))]), (8400, 16, 0.000647966, [(2, (0, 0.000378981, 1.8715e-5, 0.000397971)), (2, (1, 0.000471477, 0.000123732, 0.000595455)), (2, (2, 0.000608104, 3.5378e-5, 0.000643743)), (2, (3, 0.000385915, 6.674e-5, 0.000452914)), (2, (4, 0.000379671, 5.0904e-5, 0.000430847)), (2, (5, 0.000333121, 0.00011299, 0.000446357)), (2, (6, 0.000411448, 7.971e-5, 0.000491379)), (2, (7, 0.000447977, 9.6885e-5, 0.000545086))]), (8416, 16, 0.000710555, [(2, (0, 0.000431856, 1.7784e-5, 0.000449928)), (2, (1, 0.000453091, 3.7284e-5, 0.000490583)), (2, (2, 0.000504977, 9.6546e-5, 0.000601796)), (2, (3, 0.000426664, 0.000118443, 0.000545341)), (2, (4, 0.000372168, 5.2032e-5, 0.000424389)), (2, (5, 0.000344173, 7.8669e-5, 0.00042308)), (2, (6, 0.000336644, 6.6881e-5, 0.000403793)), (2, (7, 0.000477545, 0.000111487, 0.000589286))]), (8432, 16, 0.000578175, [(2, (0, 0.000401414, 1.8727e-5, 0.000420383)), (2, (1, 0.000287797, 6.551e-5, 0.000353532)), (2, (2, 0.000343821, 5.047e-5, 0.000394576)), (2, (3, 0.000296514, 0.000119018, 0.000415762)), (2, (4, 0.000387161, 3.6632e-5, 0.000424072)), (2, (5, 0.000277757, 9.7067e-5, 0.000375078)), (2, (6, 0.000420225, 8.0552e-5, 0.000501027)), (2, (7, 0.000250003, 0.000111754, 0.000361992))]), (8448, 13, 0.000517524, [(2, (0, 0.000269212, 1.6499e-5, 0.000286002)), (2, (1, 0.000304744, 7.7883e-5, 0.00038284)), (2, (2, 0.000273857, 6.424e-5, 0.000338352)), (2, (3, 0.000237515, 0.000234683, 0.000472465)), (2, (4, 0.000330271, 4.9086e-5, 0.000379648)), (1, (5, 0.000201024, 0.000185031, 0.000386664)), (1, (6, 0.000157737, 0.000108109, 0.000266102)), (1, (7, 0.000106937, 0.00023925, 0.000346418))]), (8464, 16, 0.000624093, [(2, (0, 0.000336163, 1.3341e-5, 0.000349751)), (2, (1, 0.000325175, 3.0607e-5, 0.00035603)), (2, (2, 0.000351179, 4.5964e-5, 0.000397377)), (2, (3, 0.000326728, 5.9587e-5, 0.000386533)), (2, (4, 0.000324418, 9.63e-5, 0.000420976)), (2, (5, 0.000438175, 0.000135933, 0.000574522)), (2, (6, 0.000311078, 0.00011182, 0.000423102)), (2, (7, 0.000357797, 0.000145983, 0.000504194))]), (8480, 16, 0.000355949, [(2, (0, 0.00026872, 1.3581e-5, 0.000282532)), (2, (1, 0.000285892, 2.0915e-5, 0.000307036)), (2, (2, 0.000282268, 3.801e-5, 0.00032048)), (2, (3, 0.000276088, 3.7802e-5, 0.000314112)), (2, (4, 0.000272654, 5.248e-5, 0.000325372)), (2, (5, 0.000283011, 5.6027e-5, 0.000339286)), (2, (6, 0.000277603, 5.2976e-5, 0.000330812)), (2, (7, 0.000249613, 6.5528e-5, 0.000315402))]), (8496, 16, 0.000353092, [(2, (0, 0.000215955, 1.3669e-5, 0.000229892)), (2, (1, 0.000235535, 3.1501e-5, 0.000267276)), (2, (2, 0.000241974, 9.22e-5, 0.000334411)), (2, (3, 0.000224298, 0.000108025, 0.000332562)), (2, (4, 0.000218659, 4.6591e-5, 0.000265482)), (2, (5, 0.000229117, 7.6924e-5, 0.000306265)), (2, (6, 0.000221685, 6.186e-5, 0.000283757)), (2, (7, 0.000209692, 0.000114734, 0.000324665))]), (8512, 16, 0.00054283, [(2, (0, 0.000203604, 1.8091e-5, 0.000221923)), (2, (1, 0.000230132, 3.3128e-5, 0.000263459)), (2, (2, 0.000231826, 4.8942e-5, 0.000281002)), (2, (3, 0.00025906, 6.5093e-5, 0.000324388)), (2, (4, 0.000243658, 9.5649e-5, 0.000339543)), (2, (5, 0.000299159, 0.000111357, 0.000410724)), (2, (6, 0.000308082, 9.6277e-5, 0.000404575)), (2, (7, 0.000283942, 0.00015782, 0.000442553))]), (8528, 14, 0.000420271, [(2, (0, 0.000202142, 1.9978e-5, 0.000222352)), (2, (1, 0.000327095, 6.6652e-5, 0.000394)), (2, (2, 0.000265312, 5.1661e-5, 0.000317263)), (2, (3, 0.000254533, 0.000122837, 0.000377565)), (2, (4, 0.000327267, 3.7714e-5, 0.000365194)), (2, (5, 0.000233995, 9.8748e-5, 0.00033298)), (1, (6, 0.000105949, 8.3906e-5, 0.000190073)), (1, (7, 0.000130593, 0.000112881, 0.000243707))]), (8544, 15, 0.000509809, [(2, (0, 0.000228696, 1.4371e-5, 0.000243301)), (2, (1, 0.000279391, 2.9845e-5, 0.00030947)), (2, (2, 0.000233344, 8.9286e-5, 0.000322863)), (2, (3, 0.000236889, 0.000106214, 0.000343355)), (2, (4, 0.000265793, 4.5664e-5, 0.000311693)), (2, (5, 0.000311717, 0.000152349, 0.000464732)), (2, (6, 0.0002462, 5.95e-5, 0.000305928)), (1, (7, 0.000101793, 7.5311e-5, 0.000177382))]), (8560, 14, 0.00062263, [(2, (0, 0.000364423, 1.6867e-5, 0.000381644)), (2, (1, 0.000494257, 8.7384e-5, 0.000582047)), (2, (2, 0.000383417, 3.2331e-5, 0.000416014)), (2, (3, 0.00024797, 9.4462e-5, 0.000345379)), (2, (4, 0.000267067, 4.9231e-5, 0.000316524)), (2, (5, 0.000241574, 0.000190259, 0.000432094)), (1, (6, 0.000236721, 0.000166019, 0.000403095)), (1, (7, 0.000174787, 0.00021619, 0.000391269))]), (8576, 16, 0.000601064, [(2, (0, 0.000224729, 1.8049e-5, 0.000243013)), (2, (1, 0.000229581, 8.2111e-5, 0.000316252)), (2, (2, 0.000235319, 3.352e-5, 0.000269074)), (2, (3, 0.000274461, 0.000132007, 0.000406683)), (2, (4, 0.000240835, 5.3333e-5, 0.000294417)), (2, (5, 0.000254693, 0.000114004, 0.000368937)), (2, (6, 0.000249305, 9.9562e-5, 0.000349084)), (2, (7, 0.000264131, 0.000244455, 0.00050881))]), (8592, 16, 0.000571832, [(2, (0, 0.000260318, 1.6419e-5, 0.000277015)), (2, (1, 0.000268087, 7.7162e-5, 0.000345508)), (2, (2, 0.000328612, 3.164e-5, 0.000360487)), (2, (3, 0.000372395, 0.000154387, 0.000527211)), (2, (4, 0.000244161, 4.6536e-5, 0.000290899)), (2, (5, 0.000318958, 0.000106495, 0.000425692)), (2, (6, 0.000311445, 6.0947e-5, 0.000372626)), (2, (7, 0.000271402, 9.2165e-5, 0.000363816))]), (8608, 16, 0.000617578, [(2, (0, 0.000241234, 1.6994e-5, 0.000258471)), (2, (1, 0.000272658, 6.435e-5, 0.000337244)), (2, (2, 0.000240043, 4.8965e-5, 0.000289255)), (2, (3, 0.000253789, 0.000141029, 0.000395087)), (2, (4, 0.000251095, 3.585e-5, 0.0002872)), (2, (5, 0.000280776, 0.000123806, 0.000404809)), (2, (6, 0.000225487, 0.00011964, 0.000345349)), (2, (7, 0.000328271, 0.000193955, 0.00052273))]), (8624, 16, 0.00054026, [(2, (0, 0.000219292, 1.4958e-5, 0.000234487)), (2, (1, 0.000242958, 5.8873e-5, 0.000302033)), (2, (2, 0.000283992, 4.3868e-5, 0.000328077)), (2, (3, 0.000331702, 0.00016686, 0.000498998)), (2, (4, 0.000241576, 3.2298e-5, 0.000274101)), (2, (5, 0.000290072, 8.6915e-5, 0.000377199)), (2, (6, 0.000203756, 7.4385e-5, 0.000278375)), (2, (7, 0.000307393, 0.00010344, 0.000411049))]), (8640, 16, 0.000478462, [(2, (0, 0.000208813, 9.132e-6, 0.000218177)), (2, (1, 0.000283725, 7.498e-5, 0.000358907)), (2, (2, 0.000333736, 2.1376e-5, 0.00035537)), (2, (3, 0.000297722, 6.1489e-5, 0.000359438)), (2, (4, 0.00029277, 3.5063e-5, 0.000328084)), (2, (5, 0.00028996, 0.000143742, 0.00043414)), (2, (6, 0.000225574, 4.7419e-5, 0.000273211)), (2, (7, 0.000184433, 9.1595e-5, 0.000276261))]), (8656, 15, 0.000697806, [(2, (0, 0.000225121, 1.9071e-5, 0.000244496)), (2, (1, 0.000306986, 7.6556e-5, 0.000383822)), (2, (2, 0.000352048, 6.5131e-5, 0.000417426)), (2, (3, 0.000261471, 0.0001618, 0.000423501)), (2, (4, 0.000276243, 3.6566e-5, 0.000313043)), (2, (5, 0.000406485, 0.000222103, 0.000628895)), (2, (6, 0.000257182, 7.7986e-5, 0.000335418)), (1, (7, 0.000132624, 0.000245724, 0.000378462))]), (8672, 16, 0.000522139, [(2, (0, 0.000212163, 1.7351e-5, 0.000229782)), (2, (1, 0.000299795, 7.5295e-5, 0.000375329)), (2, (2, 0.000370086, 6.359e-5, 0.000434018)), (2, (3, 0.000317157, 0.000162669, 0.000480045)), (2, (4, 0.000257682, 3.7673e-5, 0.00029562)), (2, (5, 0.000257909, 0.00023117, 0.000489228)), (2, (6, 0.00031532, 0.000165579, 0.000481169)), (2, (7, 0.000238218, 0.000203995, 0.000442494))]), (8688, 16, 0.000487482, [(2, (0, 0.00021113, 1.738e-5, 0.000228755)), (2, (1, 0.000317902, 1.9119e-5, 0.000337248)), (2, (2, 0.000313914, 5.0141e-5, 0.000364338)), (2, (3, 0.00033406, 8.6802e-5, 0.000421073)), (2, (4, 0.000263061, 6.9194e-5, 0.000332522)), (2, (5, 0.000269824, 8.0708e-5, 0.000350768)), (2, (6, 0.000302027, 6.9799e-5, 0.000372062)), (2, (7, 0.000244751, 7.8919e-5, 0.000324064))]), (8704, 16, 0.000552785, [(2, (0, 0.000256425, 1.9129e-5, 0.000275817)), (2, (1, 0.000236586, 8.1508e-5, 0.000318297)), (2, (2, 0.000287321, 5.0458e-5, 0.000338028)), (2, (3, 0.000250211, 6.557e-5, 0.000316004)), (2, (4, 0.000280976, 3.6901e-5, 0.000321703)), (2, (5, 0.00038684, 0.000111614, 0.000498693)), (2, (6, 0.000373068, 9.632e-5, 0.000469613)), (2, (7, 0.000301531, 0.000118199, 0.000419959))]), (8720, 15, 0.000442058, [(2, (0, 0.000252689, 1.8046e-5, 0.000270965)), (2, (1, 0.000343354, 6.0341e-5, 0.000403912)), (2, (2, 0.000204654, 4.9225e-5, 0.000254125)), (2, (3, 0.000300318, 7.8387e-5, 0.000379014)), (2, (4, 0.00024297, 3.5202e-5, 0.000278405)), (2, (5, 0.000223937, 0.000119271, 0.000343428)), (2, (6, 0.000287712, 9.4329e-5, 0.000382272)), (1, (7, 0.000110201, 0.000112482, 0.000222946))]), (8736, 16, 0.0005047, [(2, (0, 0.000282391, 1.9142e-5, 0.000301766)), (2, (1, 0.000251709, 7.9268e-5, 0.000331181)), (2, (2, 0.000252421, 4.749e-5, 0.000300161)), (2, (3, 0.000290107, 6.3392e-5, 0.000353742)), (2, (4, 0.00020983, 3.3871e-5, 0.000243939)), (2, (5, 0.000203473, 0.000108939, 0.000312657)), (2, (6, 0.000267553, 9.5226e-5, 0.000362983)), (2, (7, 0.000255943, 0.000116903, 0.000373065))]), (8752, 16, 0.000531316, [(2, (0, 0.000276009, 1.7357e-5, 0.000293621)), (2, (1, 0.000428094, 9.2091e-5, 0.000520423)), (2, (2, 0.000304076, 6.2725e-5, 0.000367044)), (2, (3, 0.000325906, 7.8093e-5, 0.000404203)), (2, (4, 0.0003098, 3.4824e-5, 0.000344856)), (2, (5, 0.00037772, 0.000108909, 0.000486848)), (2, (6, 0.000326704, 4.7212e-5, 0.000374146)), (2, (7, 0.000308903, 0.000115564, 0.000424685))]), (8768, 16, 0.000720226, [(2, (0, 0.000288575, 1.5205e-5, 0.000304029)), (2, (1, 0.00029321, 3.0129e-5, 0.000323568)), (2, (2, 0.000297082, 4.4818e-5, 0.000342156)), (2, (3, 0.00043293, 5.8972e-5, 0.000492196)), (2, (4, 0.000287063, 0.000202057, 0.000489369)), (2, (5, 0.000444192, 0.000226475, 0.000671155)), (2, (6, 0.000352487, 0.000208542, 0.000561475)), (2, (7, 0.000341156, 0.000224283, 0.000565957))]), (8784, 16, 0.000507792, [(2, (0, 0.000270901, 1.6382e-5, 0.000287522)), (2, (1, 0.000341508, 3.3253e-5, 0.000375072)), (2, (2, 0.000342206, 4.8282e-5, 0.0003908)), (2, (3, 0.000269763, 5.8968e-5, 0.000328939)), (2, (4, 0.000377624, 9.6134e-5, 0.00047409)), (2, (5, 0.000317696, 0.000154164, 0.000472423)), (2, (6, 0.000311101, 0.000101938, 0.000413277)), (2, (7, 0.00030084, 0.000104486, 0.000405558))]), (8800, 16, 0.000509304, [(2, (0, 0.000221387, 1.6289e-5, 0.000237972)), (2, (1, 0.000231477, 7.9916e-5, 0.000311649)), (2, (2, 0.000379954, 5.0523e-5, 0.000430712)), (2, (3, 0.000271912, 0.000112654, 0.000384819)), (2, (4, 0.00024349, 3.4388e-5, 0.000278109)), (2, (5, 0.000206512, 9.6566e-5, 0.00030333)), (2, (6, 0.000239953, 6.4163e-5, 0.000304356)), (2, (7, 0.000270928, 0.000118656, 0.000389833))]), (8816, 16, 0.000419853, [(2, (0, 0.000242128, 1.7129e-5, 0.000259504)), (2, (1, 0.000324847, 6.1238e-5, 0.000386335)), (2, (2, 0.000255685, 4.7629e-5, 0.000303591)), (2, (3, 0.000286061, 0.000117791, 0.000404091)), (2, (4, 0.000272453, 3.4129e-5, 0.000306817)), (2, (5, 0.000253912, 0.000110073, 0.000364219)), (2, (6, 0.000271729, 7.79e-5, 0.000349882)), (2, (7, 0.0002752, 9.5092e-5, 0.000370547))]), (8832, 16, 0.000481714, [(2, (0, 0.000242121, 1.9189e-5, 0.000261567)), (2, (1, 0.000251557, 3.7146e-5, 0.000288913)), (2, (2, 0.000244525, 9.7526e-5, 0.000342256)), (2, (3, 0.000284516, 0.000119627, 0.000404375)), (2, (4, 0.000250708, 5.2037e-5, 0.000302971)), (2, (5, 0.000235689, 8.2908e-5, 0.000318816)), (2, (6, 0.000338626, 6.7261e-5, 0.000406122)), (2, (7, 0.000271106, 0.000113624, 0.000384983))]), (8848, 16, 0.000586642, [(2, (0, 0.000266626, 2.1776e-5, 0.000288637)), (2, (1, 0.000257643, 6.607e-5, 0.000323935)), (2, (2, 0.00028959, 5.2984e-5, 0.000342805)), (2, (3, 0.000279531, 0.000110321, 0.000390087)), (2, (4, 0.000244477, 3.694e-5, 0.000281645)), (2, (5, 0.00028031, 9.6765e-5, 0.000377311)), (2, (6, 0.000268504, 8.2963e-5, 0.000351729)), (2, (7, 0.000335159, 0.00015337, 0.0004892))]), (8864, 15, 0.000618171, [(2, (0, 0.000213363, 2.2908e-5, 0.00023651)), (2, (1, 0.000334401, 9.8137e-5, 0.000432775)), (2, (2, 0.000444546, 8.7482e-5, 0.000532425)), (2, (3, 0.000245713, 0.000183329, 0.000429292)), (2, (4, 0.000273024, 4.1852e-5, 0.00031511)), (2, (5, 0.000420931, 0.000171518, 0.000592935)), (2, (6, 0.00027665, 0.0001127, 0.000389642)), (1, (7, 0.000194394, 0.000131935, 0.000326637))]), (8880, 16, 0.000506484, [(2, (0, 0.000242985, 5.1971e-5, 0.000295184)), (2, (1, 0.00037194, 0.000104281, 0.000476631)), (2, (2, 0.000351572, 0.000135107, 0.000487072)), (2, (3, 0.000340628, 0.000136048, 0.000476935)), (2, (4, 0.000245325, 1.9816e-5, 0.00026536)), (2, (5, 0.000274121, 3.2209e-5, 0.000306587)), (2, (6, 0.000365102, 2.2354e-5, 0.000387901)), (2, (7, 0.000234258, 6.5935e-5, 0.000300399))]), (8896, 16, 0.00053283, [(2, (0, 0.000244547, 1.7613e-5, 0.000262394)), (2, (1, 0.000257464, 6.5938e-5, 0.000323639)), (2, (2, 0.000237133, 5.2784e-5, 0.000290193)), (2, (3, 0.000269081, 0.00011582, 0.000385136)), (2, (4, 0.000195684, 3.5757e-5, 0.00023166)), (2, (5, 0.000267548, 0.000101454, 0.000369287)), (2, (6, 0.000266884, 8.1127e-5, 0.000348225)), (2, (7, 0.000305979, 0.000124703, 0.000431049))]), (8912, 16, 0.00048444, [(2, (0, 0.00027346, 1.7771e-5, 0.000291494)), (2, (1, 0.000302814, 6.6362e-5, 0.000369458)), (2, (2, 0.000310258, 5.0585e-5, 0.000361051)), (2, (3, 0.000343525, 9.7128e-5, 0.000440915)), (2, (4, 0.000264284, 3.4142e-5, 0.000298639)), (2, (5, 0.000214938, 0.000109664, 0.000324822)), (2, (6, 0.000220301, 8.172e-5, 0.000302226)), (2, (7, 0.000238925, 0.000117436, 0.000356567))]), (8928, 16, 0.000377488, [(2, (0, 0.000243036, 1.7087e-5, 0.000260368)), (2, (1, 0.000264928, 9.5936e-5, 0.000361109)), (2, (2, 0.000215087, 6.3566e-5, 0.000278881)), (2, (3, 0.000236729, 7.9817e-5, 0.000316828)), (2, (4, 0.00023394, 3.4428e-5, 0.000268583)), (2, (5, 0.000260944, 0.000111392, 0.000372603)), (2, (6, 0.000302351, 4.8643e-5, 0.000351215)), (2, (7, 0.000226769, 0.000117059, 0.000344032))]), (8944, 16, 0.000480019, [(2, (0, 0.000227574, 1.8605e-5, 0.000246419)), (2, (1, 0.000247547, 3.564e-5, 0.000283416)), (2, (2, 0.000273175, 9.7309e-5, 0.00037071)), (2, (3, 0.000305654, 0.000112561, 0.000418442)), (2, (4, 0.000239469, 5.044e-5, 0.000290152)), (2, (5, 0.00024375, 8.0477e-5, 0.000324453)), (2, (6, 0.000278663, 6.495e-5, 0.000343867)), (2, (7, 0.000250323, 0.000119451, 0.000370014))]), (8960, 16, 0.000480967, [(2, (0, 0.000245554, 1.5503e-5, 0.000261302)), (2, (1, 0.000254614, 6.0149e-5, 0.000314993)), (2, (2, 0.000251805, 4.7446e-5, 0.000299484)), (2, (3, 0.000289328, 0.000106625, 0.00039615)), (2, (4, 0.000227573, 3.0754e-5, 0.000258565)), (2, (5, 0.000285898, 9.0872e-5, 0.000377)), (2, (6, 0.000244056, 7.4354e-5, 0.000318649)), (2, (7, 0.0002987, 0.00012729, 0.000426374))]), (8976, 16, 0.000714469, [(2, (0, 0.000291484, 4.8374e-5, 0.000340092)), (2, (1, 0.000254867, 7.955e-5, 0.00033467)), (2, (2, 0.000319313, 0.000144989, 0.00046451)), (2, (3, 0.000454073, 0.00019283, 0.000647706)), (2, (4, 0.000237924, 2.0627e-5, 0.000258779)), (2, (5, 0.000374901, 6.4089e-5, 0.000439252)), (2, (6, 0.00030951, 3.3146e-5, 0.000342861)), (2, (7, 0.000283437, 9.294e-5, 0.000376608))]), (8992, 16, 0.000473373, [(2, (0, 0.00025567, 0.000149294, 0.000405176)), (2, (1, 0.000286522, 0.000157042, 0.000443802)), (2, (2, 0.000278627, 6.1788e-5, 0.000340705)), (2, (3, 0.000294946, 0.000114879, 0.000410085)), (2, (4, 0.000326343, 2.1139e-5, 0.000347923)), (2, (5, 0.000274499, 9.8475e-5, 0.000373227)), (2, (6, 0.000245517, 4.8464e-5, 0.000294276)), (2, (7, 0.000255147, 7.8207e-5, 0.00033355))]), (9008, 16, 0.000525513, [(2, (0, 0.000230761, 1.71e-5, 0.000248124)), (2, (1, 0.000237335, 6.4672e-5, 0.000302249)), (2, (2, 0.000269664, 4.8753e-5, 0.000318652)), (2, (3, 0.000260584, 9.3682e-5, 0.000354513)), (2, (4, 0.000270557, 3.3147e-5, 0.000303957)), (2, (5, 0.000287549, 0.000111011, 0.000398777)), (2, (6, 0.00028338, 7.9322e-5, 0.000362984)), (2, (7, 0.00026667, 0.0001343, 0.000401466))]), (9024, 16, 0.000492533, [(2, (0, 0.000247049, 1.7134e-5, 0.000264433)), (2, (1, 0.0002359, 6.3808e-5, 0.000299942)), (2, (2, 0.000322576, 3.2093e-5, 0.000354902)), (2, (3, 0.000206065, 8.1359e-5, 0.000287657)), (2, (4, 0.000306471, 6.7226e-5, 0.000373917)), (2, (5, 0.000276524, 0.000112804, 0.000389571)), (2, (6, 0.000232864, 9.6242e-5, 0.000329304)), (2, (7, 0.000278204, 0.000119174, 0.000397611))]), (9040, 15, 0.00045181, [(2, (0, 0.000285216, 1.6337e-5, 0.000301806)), (2, (1, 0.000223606, 6.0762e-5, 0.000284597)), (2, (2, 0.000250102, 4.6644e-5, 0.000296997)), (2, (3, 0.000240435, 0.000114935, 0.000355638)), (2, (4, 0.00032959, 3.1566e-5, 0.000361376)), (2, (5, 0.000294545, 0.000107097, 0.000401859)), (2, (6, 0.000259187, 7.5032e-5, 0.000334446)), (1, (7, 0.000120609, 9.2401e-5, 0.000213235))]), (9056, 16, 0.000407211, [(2, (0, 0.000221455, 4.6432e-5, 0.000268139)), (2, (1, 0.000188739, 0.000115347, 0.000304345)), (2, (2, 0.000226336, 9.2282e-5, 0.00031885)), (2, (3, 0.00025758, 0.000108515, 0.000366328)), (2, (4, 0.000243943, 1.7913e-5, 0.000262098)), (2, (5, 0.000240963, 7.6366e-5, 0.000317592)), (2, (6, 0.000240554, 3.1648e-5, 0.000272422)), (2, (7, 0.000194718, 6.1113e-5, 0.000256063))]), (9072, 16, 0.000407367, [(2, (0, 0.000226946, 1.6541e-5, 0.000243754)), (2, (1, 0.000209387, 3.2651e-5, 0.000242249)), (2, (2, 0.000236476, 9.4708e-5, 0.000331403)), (2, (3, 0.00026344, 0.000116139, 0.000379815)), (2, (4, 0.000274888, 4.919e-5, 0.000324311)), (2, (5, 0.000269347, 8.0499e-5, 0.000350064)), (2, (6, 0.000248316, 6.426e-5, 0.000312809)), (2, (7, 0.000252088, 0.000109701, 0.000362035))]), (9088, 16, 0.000924926, [(2, (0, 0.000321157, 4.8119e-5, 0.000369498)), (2, (1, 0.000265406, 6.2881e-5, 0.000328521)), (2, (2, 0.000277839, 0.000164186, 0.00044226)), (2, (3, 0.00070552, 0.000166178, 0.000872125)), (2, (4, 0.000255451, 2.3702e-5, 0.00027939)), (2, (5, 0.000217164, 9.4892e-5, 0.000312269)), (2, (6, 0.000383198, 3.4423e-5, 0.00041788)), (2, (7, 0.000587745, 7.8643e-5, 0.000666701))]), (9104, 16, 0.000577511, [(2, (0, 0.000255411, 9.922e-6, 0.000265529)), (2, (1, 0.000331209, 2.4724e-5, 0.000356187)), (2, (2, 0.000344742, 0.000130173, 0.000475423)), (2, (3, 0.000326814, 0.00019637, 0.000523602)), (2, (4, 0.000222305, 3.9602e-5, 0.000262191)), (2, (5, 0.00025624, 7.0431e-5, 0.000327045)), (2, (6, 0.00025089, 5.5955e-5, 0.000307064)), (2, (7, 0.000273862, 0.000137599, 0.000411691))]), (9120, 15, 0.000638616, [(2, (0, 0.000314574, 2.0141e-5, 0.000334928)), (2, (1, 0.000300899, 7.1336e-5, 0.000372471)), (2, (2, 0.000363262, 5.5787e-5, 0.000419341)), (2, (3, 0.000469505, 0.00012207, 0.000591856)), (2, (4, 0.00046582, 4.0668e-5, 0.000506755)), (2, (5, 0.000399366, 0.000106488, 0.000506113)), (2, (6, 0.000352141, 9.3095e-5, 0.000445608)), (1, (7, 0.000217958, 0.000157902, 0.00037616))]), (9136, 15, 0.000780197, [(2, (0, 0.000323341, 1.9121e-5, 0.000342714)), (2, (1, 0.000576095, 0.000191766, 0.000768213)), (2, (2, 0.000335427, 0.000102011, 0.000437667)), (2, (3, 0.000597931, 0.000123501, 0.000721713)), (2, (4, 0.000487566, 4.0105e-5, 0.000527947)), (2, (5, 0.000489181, 7.0132e-5, 0.000559589)), (2, (6, 0.000587148, 5.3021e-5, 0.000640419)), (1, (7, 0.00025422, 8.5874e-5, 0.000340373))]), (9152, 16, 0.000643304, [(2, (0, 0.000403744, 1.9397e-5, 0.000423407)), (2, (1, 0.000417857, 8.355e-5, 0.000501674)), (2, (2, 0.000574082, 5.4725e-5, 0.000629116)), (2, (3, 0.000379225, 0.000182199, 0.000561808)), (2, (4, 0.00037444, 3.8788e-5, 0.000413561)), (2, (5, 0.000423421, 0.000170811, 0.000594667)), (2, (6, 0.000363099, 6.6941e-5, 0.000430291)), (2, (7, 0.000474541, 0.000102054, 0.000576874))]), (9168, 16, 0.001221803, [(2, (0, 0.000498509, 1.7132e-5, 0.000515885)), (2, (1, 0.000449219, 3.364e-5, 0.000483107)), (2, (2, 0.000471214, 9.5391e-5, 0.000566942)), (2, (3, 0.000318571, 0.00010775, 0.00042658)), (2, (4, 0.000469156, 4.9458e-5, 0.000518888)), (2, (5, 0.000483809, 7.7932e-5, 0.000562033)), (2, (6, 0.000739246, 6.5128e-5, 0.00080466)), (2, (7, 0.000905176, 0.000151694, 0.001057507))]), (9184, 16, 0.000775569, [(2, (0, 0.000408353, 2.1662e-5, 0.000430311)), (2, (1, 0.000432442, 7.7864e-5, 0.000510636)), (2, (2, 0.000463781, 5.9269e-5, 0.000523325)), (2, (3, 0.000513517, 0.000157876, 0.00067183)), (2, (4, 0.000532279, 3.8495e-5, 0.000571115)), (2, (5, 0.000582191, 0.000115577, 0.000698112)), (2, (6, 0.000589554, 9.6096e-5, 0.000686065)), (2, (7, 0.000409007, 0.000158457, 0.000567825))]), (9200, 16, 0.00073342, [(2, (0, 0.000398466, 1.9473e-5, 0.000418216)), (2, (1, 0.000446654, 6.9514e-5, 0.000516433)), (2, (2, 0.000558632, 5.3556e-5, 0.000612612)), (2, (3, 0.000510094, 0.000158738, 0.000669212)), (2, (4, 0.00038104, 3.8344e-5, 0.000419683)), (2, (5, 0.000501995, 0.000116676, 0.000618908)), (2, (6, 0.000384427, 8.5222e-5, 0.000469852)), (2, (7, 0.000441031, 0.000102239, 0.000543487))]), (9216, 16, 0.000638303, [(2, (0, 0.000279596, 1.9254e-5, 0.000299136)), (2, (1, 0.000281249, 7.7089e-5, 0.000358586)), (2, (2, 0.000394004, 4.8596e-5, 0.000442871)), (2, (3, 0.00050383, 6.1533e-5, 0.000565618)), (2, (4, 0.000268548, 3.442e-5, 0.000303205)), (2, (5, 0.000268747, 0.000119732, 0.000388723)), (2, (6, 0.000512035, 9.4497e-5, 0.000606776)), (2, (7, 0.000407967, 0.000113848, 0.000522272))]), (9232, 16, 0.000531236, [(2, (0, 0.000211208, 2.0399e-5, 0.000231883)), (2, (1, 0.000226557, 3.4409e-5, 0.000261202)), (2, (2, 0.000256241, 2.973e-5, 0.000286396)), (2, (3, 0.00025896, 3.0087e-5, 0.000289257)), (2, (4, 0.000259214, 5.1733e-5, 0.000311194)), (2, (5, 0.000197868, 0.000137915, 0.000336041)), (2, (6, 0.000295678, 6.4359e-5, 0.000360274)), (2, (7, 0.000319724, 0.000107105, 0.000427208))]), (9248, 16, 0.001176035, [(2, (0, 0.000214676, 1.7327e-5, 0.000232261)), (2, (1, 0.000633812, 4.1112e-5, 0.000675478)), (2, (2, 0.000226135, 3.4897e-5, 0.00026123)), (2, (3, 0.000627425, 7.3645e-5, 0.000701408)), (2, (4, 0.000231331, 0.00046142, 0.000693055)), (2, (5, 0.000545755, 0.000521045, 0.001067283)), (2, (6, 0.000387447, 0.000479951, 0.000867642)), (2, (7, 0.000463066, 0.000532909, 0.000996274))]), (9264, 16, 0.000586574, [(2, (0, 0.00031923, 2.0327e-5, 0.000339825)), (2, (1, 0.000313171, 6.7631e-5, 0.000381135)), (2, (2, 0.000253797, 3.945e-5, 0.000293557)), (2, (3, 0.000455313, 8.5009e-5, 0.000540593)), (2, (4, 0.000220068, 5.3702e-5, 0.000273999)), (2, (5, 0.000338173, 0.000144237, 0.000482835)), (2, (6, 0.000301072, 0.000103147, 0.000404506)), (2, (7, 0.000272566, 0.000150336, 0.000423308))]), (9280, 16, 0.000562669, [(2, (0, 0.000292205, 1.9458e-5, 0.000311954)), (2, (1, 0.000301181, 8.3718e-5, 0.000385127)), (2, (2, 0.000462945, 6.8252e-5, 0.00053147)), (2, (3, 0.00027982, 0.000200213, 0.000484378)), (2, (4, 0.000352062, 3.7342e-5, 0.000389709)), (2, (5, 0.000229797, 0.000161217, 0.000391271)), (2, (6, 0.000331017, 5.1668e-5, 0.000382968)), (2, (7, 0.000232871, 0.000196922, 0.00043026))]), (9296, 16, 0.000605527, [(2, (0, 0.000224919, 1.9348e-5, 0.000244553)), (2, (1, 0.000304381, 6.4822e-5, 0.000369511)), (2, (2, 0.000258005, 5.0811e-5, 0.000309076)), (2, (3, 0.000238274, 0.000119945, 0.000358515)), (2, (4, 0.000319894, 3.526e-5, 0.000355416)), (2, (5, 0.000225493, 0.000101846, 0.000327569)), (2, (6, 0.000223044, 8.863e-5, 0.000312061)), (2, (7, 0.000311542, 0.000187428, 0.000499381))]), (9312, 16, 0.000468842, [(2, (0, 0.000197408, 2.0326e-5, 0.000218013)), (2, (1, 0.000233757, 6.9406e-5, 0.000303395)), (2, (2, 0.000226062, 5.3938e-5, 0.000280279)), (2, (3, 0.000278529, 0.000115728, 0.000394487)), (2, (4, 0.000360708, 3.789e-5, 0.000398863)), (2, (5, 0.000312081, 9.8774e-5, 0.000411068)), (2, (6, 0.000281761, 8.3324e-5, 0.000365365)), (2, (7, 0.000265283, 0.000136176, 0.000401889))]), (9328, 16, 0.000726794, [(2, (0, 0.000287078, 1.5762e-5, 0.000303144)), (2, (1, 0.00026983, 3.0196e-5, 0.000300276)), (2, (2, 0.000257866, 0.000116625, 0.000374749)), (2, (3, 0.000413259, 0.000151531, 0.000565193)), (2, (4, 0.000229856, 4.7782e-5, 0.000277863)), (2, (5, 0.000232675, 0.000133283, 0.000366219)), (2, (6, 0.000326444, 6.2137e-5, 0.00038884)), (2, (7, 0.000505362, 0.00010553, 0.000611199))]), (9344, 16, 0.000570241, [(2, (0, 0.000183861, 2.143e-5, 0.000205579)), (2, (1, 0.000305826, 7.0699e-5, 0.000376837)), (2, (2, 0.000285875, 8.6309e-5, 0.000372451)), (2, (3, 0.000335649, 0.000165097, 0.000501045)), (2, (4, 0.000501801, 6.2533e-5, 0.00056472)), (2, (5, 0.000366456, 0.000160327, 0.000527124)), (2, (6, 0.000250453, 8.3661e-5, 0.000334372)), (2, (7, 0.000285276, 0.000125612, 0.000411326))]), (9360, 16, 0.000636089, [(2, (0, 0.000272243, 2.6098e-5, 0.000298611)), (2, (1, 0.000288446, 3.3601e-5, 0.000322292)), (2, (2, 0.000270566, 0.000128045, 0.000398858)), (2, (3, 0.000348376, 0.000164826, 0.000513519)), (2, (4, 0.000266461, 6.3147e-5, 0.000329919)), (2, (5, 0.000455564, 0.00012434, 0.000580341)), (2, (6, 0.000269097, 7.1058e-5, 0.000340376)), (2, (7, 0.000305464, 0.000162056, 0.000467794))]), (9376, 16, 0.000517898, [(2, (0, 0.000247923, 8.4464e-5, 0.000332686)), (2, (1, 0.000307854, 8.4968e-5, 0.000393051)), (2, (2, 0.000338424, 0.000152344, 0.00049118)), (2, (3, 0.000316662, 0.000152138, 0.000469072)), (2, (4, 0.000258772, 4.3102e-5, 0.000302138)), (2, (5, 0.000397105, 4.3614e-5, 0.000440972)), (2, (6, 0.000250128, 4.3653e-5, 0.000294029)), (2, (7, 0.000264977, 5.9388e-5, 0.000324638))]), (9392, 16, 0.000536247, [(2, (0, 0.000289501, 1.8393e-5, 0.000308129)), (2, (1, 0.000231984, 6.4498e-5, 0.000296739)), (2, (2, 0.000326832, 3.3468e-5, 0.000360678)), (2, (3, 0.000291676, 8.1279e-5, 0.000376959)), (2, (4, 0.000256289, 5.1109e-5, 0.00030765)), (2, (5, 0.000205819, 0.000115905, 0.000321953)), (2, (6, 0.000239215, 0.000100459, 0.000339931)), (2, (7, 0.00028156, 0.000153895, 0.000436057))]), (9408, 16, 0.000515584, [(2, (0, 0.000201175, 1.6318e-5, 0.000217738)), (2, (1, 0.000257769, 0.000113478, 0.000371446)), (2, (2, 0.000262215, 4.872e-5, 0.000311154)), (2, (3, 0.000334309, 0.00013253, 0.000467218)), (2, (4, 0.000245025, 3.4496e-5, 0.000279779)), (2, (5, 0.000284572, 9.8276e-5, 0.000383096)), (2, (6, 0.000237845, 6.4477e-5, 0.000302533)), (2, (7, 0.000265259, 8.3954e-5, 0.000349508))]), (9424, 15, 0.000513534, [(2, (0, 0.000378358, 1.8188e-5, 0.000396828)), (2, (1, 0.000283102, 8.1339e-5, 0.000364715)), (2, (2, 0.000278509, 3.3489e-5, 0.000312297)), (2, (3, 0.000339739, 9.6707e-5, 0.000436643)), (2, (4, 0.000257226, 4.9601e-5, 0.000307082)), (2, (5, 0.00032978, 0.000130121, 0.000460274)), (2, (6, 0.000272362, 6.4431e-5, 0.00033705)), (1, (7, 0.000133569, 0.000111966, 0.000245754))]), (9440, 16, 0.000575015, [(2, (0, 0.000544863, 1.5012e-5, 0.000560293)), (2, (1, 0.000247739, 2.9996e-5, 0.000278018)), (2, (2, 0.000265749, 9.6722e-5, 0.000362726)), (2, (3, 0.000239927, 0.000278859, 0.000518931)), (2, (4, 0.000460699, 4.5711e-5, 0.000506858)), (2, (5, 0.000241504, 8.1396e-5, 0.000323148)), (2, (6, 0.000441438, 6.9978e-5, 0.000511694)), (2, (7, 0.000330746, 0.000146179, 0.000477426))]), (9456, 16, 0.000559429, [(2, (0, 0.000381182, 2.0406e-5, 0.000401998)), (2, (1, 0.000314009, 2.3105e-5, 0.000337468)), (2, (2, 0.000288802, 5.1946e-5, 0.00034098)), (2, (3, 0.000246057, 5.237e-5, 0.000298707)), (2, (4, 0.00033139, 9.6778e-5, 0.00042843)), (2, (5, 0.000256941, 0.000139074, 0.000396249)), (2, (6, 0.000287055, 0.000161032, 0.000450267)), (2, (7, 0.000335565, 0.000138574, 0.0004746))]), (9472, 16, 0.000590145, [(2, (0, 0.000288283, 1.4943e-5, 0.000303523)), (2, (1, 0.000251649, 3.205e-5, 0.000283991)), (2, (2, 0.000281838, 4.9221e-5, 0.000331292)), (2, (3, 0.000249114, 7.1596e-5, 0.000321007)), (2, (4, 0.000286921, 0.000110406, 0.00039754)), (2, (5, 0.00028297, 0.000126874, 0.000410087)), (2, (6, 0.00029722, 0.000111378, 0.000409058)), (2, (7, 0.000337618, 0.000169532, 0.000507544))]), (9488, 15, 0.000596043, [(2, (0, 0.000241567, 1.6495e-5, 0.000258336)), (2, (1, 0.00025123, 3.6591e-5, 0.000288088)), (2, (2, 0.000383606, 0.000135029, 0.000519048)), (2, (3, 0.000355562, 0.000169753, 0.0005257)), (2, (4, 0.000263108, 5.2235e-5, 0.000315594)), (2, (5, 0.000307654, 9.3464e-5, 0.000401418)), (2, (6, 0.000302829, 6.5397e-5, 0.000368479)), (1, (7, 0.000122723, 0.000173971, 0.000296955))]), (9504, 16, 0.000540816, [(2, (0, 0.000331353, 0.000205815, 0.000537549)), (2, (1, 0.000242641, 3.5865e-5, 0.000278771)), (2, (2, 0.000232986, 5.5614e-5, 0.000288834)), (2, (3, 0.000236802, 0.000185499, 0.000422591)), (2, (4, 0.000198375, 1.9973e-5, 0.00021862)), (2, (5, 0.000222931, 0.000132932, 0.000356189)), (2, (6, 0.000222366, 6.6949e-5, 0.000289567)), (2, (7, 0.000262804, 0.00014874, 0.000411845))]), (9520, 16, 0.000683887, [(2, (0, 0.000575828, 5.0185e-5, 0.000626276)), (2, (1, 0.000406394, 9.6489e-5, 0.000503112)), (2, (2, 0.000589189, 8.2028e-5, 0.000671476)), (2, (3, 0.000297011, 0.000143927, 0.000441181)), (2, (4, 0.000368989, 6.5951e-5, 0.000435185)), (2, (5, 0.000314814, 0.000129829, 0.000444898)), (2, (6, 0.000386681, 0.000113463, 0.000500406)), (2, (7, 0.00043682, 0.00017678, 0.00061487))]), (9536, 16, 0.00094787, [(2, (0, 0.000379386, 1.6028e-5, 0.000395668)), (2, (1, 0.000243536, 3.2209e-5, 0.000275978)), (2, (2, 0.000435043, 0.000443756, 0.000879135)), (2, (3, 0.000280264, 0.000482355, 0.00076288)), (2, (4, 0.000398393, 6.9975e-5, 0.000468746)), (2, (5, 0.000277828, 0.000276914, 0.000554871)), (2, (6, 0.000500101, 7.8594e-5, 0.000578975)), (2, (7, 0.000410254, 0.000162698, 0.000573324))]), (9552, 16, 0.00057331, [(2, (0, 0.000285141, 1.6836e-5, 0.000302242)), (2, (1, 0.000243361, 8.4888e-5, 0.000328493)), (2, (2, 0.000286299, 5.1226e-5, 0.000337941)), (2, (3, 0.000314556, 0.000185535, 0.000500353)), (2, (4, 0.000234394, 3.3653e-5, 0.000268246)), (2, (5, 0.000394996, 0.000149446, 0.000544916)), (2, (6, 0.000235151, 6.9146e-5, 0.000304543)), (2, (7, 0.000228637, 0.000269319, 0.000498124))]), (9568, 15, 0.003880281, [(2, (0, 0.000226986, 1.8066e-5, 0.0002453)), (2, (1, 0.003752716, 3.5669e-5, 0.003788658)), (2, (2, 0.00023909, 9.9038e-5, 0.000338382)), (2, (3, 0.000330234, 0.000143174, 0.000473853)), (2, (4, 0.000229087, 4.9834e-5, 0.000279156)), (2, (5, 0.000231273, 8.2768e-5, 0.000314277)), (2, (6, 0.000219803, 6.71e-5, 0.000287282)), (1, (7, 0.000219529, 0.000116123, 0.000336041))]), (9584, 16, 0.000536458, [(2, (0, 0.000178456, 7.101e-6, 0.00018581)), (2, (1, 0.000184152, 0.000186244, 0.000370545)), (2, (2, 0.000195325, 9.1557e-5, 0.000287232)), (2, (3, 0.000243594, 0.000104936, 0.000348771)), (2, (4, 0.00024385, 3.2343e-5, 0.000276525)), (2, (5, 0.000267625, 0.000193678, 0.000461706)), (2, (6, 0.000219823, 0.000173806, 0.000393978)), (2, (7, 0.000247373, 0.000222538, 0.000470255))]), (9600, 16, 0.000678517, [(2, (0, 0.000209081, 1.8602e-5, 0.000228004)), (2, (1, 0.000312027, 2.0451e-5, 0.000332719)), (2, (2, 0.000229064, 6.2441e-5, 0.0002918)), (2, (3, 0.000311037, 7.3345e-5, 0.000384695)), (2, (4, 0.00031661, 6.8946e-5, 0.00038584)), (2, (5, 0.000336698, 9.0789e-5, 0.000427927)), (2, (6, 0.000315724, 7.0139e-5, 0.000386154)), (2, (7, 0.000529873, 8.6844e-5, 0.000617114))]), (9616, 16, 0.000582118, [(2, (0, 0.00022911, 1.3829e-5, 0.000243196)), (2, (1, 0.000378401, 2.9269e-5, 0.000407947)), (2, (2, 0.000258631, 9.0786e-5, 0.000349675)), (2, (3, 0.000383407, 0.000143777, 0.000527492)), (2, (4, 0.000255203, 4.3789e-5, 0.000299214)), (2, (5, 0.000314435, 0.000130418, 0.000445167)), (2, (6, 0.000311009, 5.6834e-5, 0.000368128)), (2, (7, 0.000316661, 7.3585e-5, 0.000390492))]), (9632, 16, 0.000636306, [(2, (0, 0.00024047, 1.955e-5, 0.000260286)), (2, (1, 0.000288836, 7.2779e-5, 0.000361913)), (2, (2, 0.000343698, 3.9359e-5, 0.000383342)), (2, (3, 0.000412115, 8.9326e-5, 0.000501751)), (2, (4, 0.000535319, 5.4432e-5, 0.000590006)), (2, (5, 0.000410463, 0.000183748, 0.000594583)), (2, (6, 0.000316417, 0.000114273, 0.000430939)), (2, (7, 0.000255273, 0.000193415, 0.000449059))]), (9648, 16, 0.000575724, [(2, (0, 0.000287785, 1.6689e-5, 0.000304756)), (2, (1, 0.000203538, 6.921e-5, 0.000273072)), (2, (2, 0.000298815, 4.9309e-5, 0.000348437)), (2, (3, 0.000315217, 0.00014913, 0.00046471)), (2, (4, 0.00020002, 3.4781e-5, 0.000235044)), (2, (5, 0.000235471, 0.000159382, 0.000395107)), (2, (6, 0.000244759, 8.505e-5, 0.000330055)), (2, (7, 0.00022455, 0.000186392, 0.000411381))]), (9664, 16, 0.000539531, [(2, (0, 0.000250704, 4.787e-6, 0.000255749)), (2, (1, 0.000299841, 8.3364e-5, 0.000383464)), (2, (2, 0.000412633, 5.2202e-5, 0.000465084)), (2, (3, 0.00031106, 0.000153636, 0.000464948)), (2, (4, 0.00036249, 2.7048e-5, 0.000389853)), (2, (5, 0.000340231, 0.000154059, 0.000494636)), (2, (6, 0.00027549, 3.7787e-5, 0.000313571)), (2, (7, 0.000309138, 0.000116997, 0.000426481))]), (9680, 16, 0.00054788, [(2, (0, 0.000243099, 1.547e-5, 0.000258857)), (2, (1, 0.000316381, 3.3779e-5, 0.0003504)), (2, (2, 0.000266073, 5.0396e-5, 0.000316704)), (2, (3, 0.00027951, 6.543e-5, 0.00034518)), (2, (4, 0.000306246, 9.8152e-5, 0.000404674)), (2, (5, 0.000301035, 0.000106971, 0.000408277)), (2, (6, 0.000224459, 0.00010719, 0.000332018)), (2, (7, 0.000327525, 0.000126153, 0.000454072))]), (9696, 16, 0.00050075, [(2, (0, 0.000174463, 1.6096e-5, 0.00019083)), (2, (1, 0.000206319, 6.9893e-5, 0.000276434)), (2, (2, 0.000184393, 2.9883e-5, 0.000214466)), (2, (3, 0.00029016, 8.5467e-5, 0.000375887)), (2, (4, 0.000246906, 5.6236e-5, 0.000303365)), (2, (5, 0.000272586, 0.000116572, 0.000389398)), (2, (6, 0.000212598, 0.000102376, 0.000315242)), (2, (7, 0.000282184, 0.000134989, 0.000417571))]), (9712, 16, 0.000570089, [(2, (0, 0.000300321, 1.831e-5, 0.000318886)), (2, (1, 0.000288219, 9.7307e-5, 0.000385804)), (2, (2, 0.000264197, 7.6875e-5, 0.000341373)), (2, (3, 0.000327811, 0.000135221, 0.000463279)), (2, (4, 0.000272745, 3.4887e-5, 0.000307864)), (2, (5, 0.000305366, 5.9127e-5, 0.000364732)), (2, (6, 0.000260291, 4.7028e-5, 0.000307548)), (2, (7, 0.000380221, 0.000134281, 0.000514876))]), (9728, 16, 0.0005307, [(2, (0, 0.000339632, 4.8315e-5, 0.000388227)), (2, (1, 0.000315126, 3.2829e-5, 0.000348237)), (2, (2, 0.000312697, 0.000119842, 0.000432815)), (2, (3, 0.000299048, 0.000121659, 0.000421112)), (2, (4, 0.000289321, 1.6799e-5, 0.000306378)), (2, (5, 0.000303847, 7.8513e-5, 0.000382596)), (2, (6, 0.000267706, 6.4603e-5, 0.000332553)), (2, (7, 0.000302798, 9.5866e-5, 0.000398872))]), (9744, 16, 0.000586011, [(2, (0, 0.000301434, 1.3613e-5, 0.000315286)), (2, (1, 0.000280019, 8.783e-5, 0.00036809)), (2, (2, 0.000468232, 3.2667e-5, 0.000501285)), (2, (3, 0.000287822, 0.000103559, 0.000391645)), (2, (4, 0.000425495, 7.9714e-5, 0.000505685)), (2, (5, 0.000284853, 0.000211639, 0.000496731)), (2, (6, 0.000414305, 0.000143713, 0.000558392)), (2, (7, 0.000317542, 0.000154666, 0.000472438))]), (9760, 16, 0.000480482, [(2, (0, 0.000327151, 6.771e-6, 0.000334116)), (2, (1, 0.000342607, 7.7661e-5, 0.000420514)), (2, (2, 0.00032646, 3.7471e-5, 0.000364185)), (2, (3, 0.000342507, 5.2442e-5, 0.000395218)), (2, (4, 0.000339846, 1.1835e-5, 0.000352061)), (2, (5, 0.000442209, 1.932e-5, 0.000461799)), (2, (6, 0.000456084, 1.2253e-5, 0.000468681)), (2, (7, 0.00029805, 8.4583e-5, 0.000382893))]), (9776, 16, 0.000471936, [(2, (0, 0.000287586, 1.5336e-5, 0.000303166)), (2, (1, 0.000319341, 2.2909e-5, 0.000345722)), (2, (2, 0.000314212, 8.2715e-5, 0.000397228)), (2, (3, 0.000282461, 9.0401e-5, 0.00037313)), (2, (4, 0.000274355, 6.7017e-5, 0.000341637)), (2, (5, 0.000305204, 9.564e-5, 0.000401092)), (2, (6, 0.000228016, 6.7769e-5, 0.000296016)), (2, (7, 0.000247706, 9.2711e-5, 0.00034088))]), (9792, 16, 0.000423906, [(2, (0, 0.000307161, 2.0368e-5, 0.000327779)), (2, (1, 0.000253775, 3.5783e-5, 0.000289802)), (2, (2, 0.000228537, 5.4169e-5, 0.000282955)), (2, (3, 0.000247944, 7.1558e-5, 0.000319759)), (2, (4, 0.000230301, 0.000102893, 0.000333433)), (2, (5, 0.000267499, 0.000123796, 0.000391536)), (2, (6, 0.000230119, 0.000103221, 0.000336286)), (2, (7, 0.00024484, 0.00011711, 0.000362181))]), (9808, 16, 0.000539372, [(2, (0, 0.000235698, 1.9396e-5, 0.000255332)), (2, (1, 0.000256316, 6.5949e-5, 0.000322501)), (2, (2, 0.000226501, 3.6424e-5, 0.000263158)), (2, (3, 0.000229909, 9.7576e-5, 0.000327723)), (2, (4, 0.000268754, 5.0325e-5, 0.000319321)), (2, (5, 0.000230732, 0.000112228, 0.000343198)), (2, (6, 0.000357334, 8.1636e-5, 0.000439249)), (2, (7, 0.000327398, 0.000119724, 0.00044741))]), (9824, 16, 0.000462498, [(2, (0, 0.000237623, 1.8753e-5, 0.000256602)), (2, (1, 0.0002543, 9.4688e-5, 0.000349207)), (2, (2, 0.000210842, 6.4014e-5, 0.00027511)), (2, (3, 0.000263127, 0.000141444, 0.000405392)), (2, (4, 0.000238206, 3.6135e-5, 0.000274551)), (2, (5, 0.000242017, 7.7567e-5, 0.000319798)), (2, (6, 0.000304368, 5.0598e-5, 0.00035517)), (2, (7, 0.000296491, 0.000110189, 0.000406937))]), (9840, 16, 0.000382226, [(2, (0, 0.000279995, 1.4176e-5, 0.000294417)), (2, (1, 0.000292444, 1.5885e-5, 0.000308596)), (2, (2, 0.0002933, 4.8124e-5, 0.00034165)), (2, (3, 0.000286166, 5.8308e-5, 0.000344689)), (2, (4, 0.000278149, 5.633e-5, 0.000334733)), (2, (5, 0.000280521, 6.3169e-5, 0.000343911)), (2, (6, 0.00028519, 5.7704e-5, 0.000343114)), (2, (7, 0.000267614, 6.3185e-5, 0.000331044))]), (9856, 16, 0.000636441, [(2, (0, 0.000314552, 1.7719e-5, 0.000332511)), (2, (1, 0.000241939, 9.5411e-5, 0.000337581)), (2, (2, 0.000359595, 3.259e-5, 0.000392449)), (2, (3, 0.000257482, 0.000111258, 0.000368998)), (2, (4, 0.000220185, 4.912e-5, 0.000269552)), (2, (5, 0.000299664, 7.9219e-5, 0.000379146)), (2, (6, 0.000239103, 6.3709e-5, 0.000303069)), (2, (7, 0.000277006, 0.000118773, 0.000396047))]), (9872, 16, 0.000580411, [(2, (0, 0.000207723, 9.038e-6, 0.000216982)), (2, (1, 0.000445121, 7.3344e-5, 0.000519088)), (2, (2, 0.000264213, 1.1327e-5, 0.000275894)), (2, (3, 0.000244905, 2.752e-5, 0.000272766)), (2, (4, 0.000264912, 1.007e-5, 0.000275257)), (2, (5, 0.000354763, 0.000111873, 0.000466928)), (2, (6, 0.00027279, 8.2543e-5, 0.000355578)), (2, (7, 0.000268202, 0.000145565, 0.000414216))]), (9888, 16, 0.00046043, [(2, (0, 0.000251026, 1.2932e-5, 0.000264218)), (2, (1, 0.000235155, 8.8343e-5, 0.000323771)), (2, (2, 0.000239004, 7.45e-5, 0.000313917)), (2, (3, 0.000248659, 0.000160891, 0.000409945)), (2, (4, 0.00019088, 3.0553e-5, 0.000221733)), (2, (5, 0.000211121, 0.000162422, 0.000373844)), (2, (6, 0.000196552, 4.3007e-5, 0.000239834)), (2, (7, 0.000194451, 5.7149e-5, 0.000251837))]), (9904, 16, 0.000393029, [(2, (0, 0.000255906, 9.319e-6, 0.000265453)), (2, (1, 0.000281786, 2.4143e-5, 0.000306228)), (2, (2, 0.00027633, 1.1126e-5, 0.000287674)), (2, (3, 0.000250272, 5.2705e-5, 0.000303217)), (2, (4, 0.000249945, 3.6713e-5, 0.000286903)), (2, (5, 0.000264218, 9.7009e-5, 0.000361448)), (2, (6, 0.000218903, 7.1501e-5, 0.000290684)), (2, (7, 0.000244368, 8.5929e-5, 0.000330571))]), (9920, 16, 0.00040483, [(2, (0, 0.000180307, 1.7264e-5, 0.0001978)), (2, (1, 0.000258928, 3.5444e-5, 0.000294575)), (2, (2, 0.000245879, 9.8877e-5, 0.000345014)), (2, (3, 0.000216933, 0.000120953, 0.000338119)), (2, (4, 0.000220579, 5.1784e-5, 0.000272615)), (2, (5, 0.000293533, 8.2025e-5, 0.000375784)), (2, (6, 0.0002158, 6.7586e-5, 0.000283668)), (2, (7, 0.000258197, 0.000114101, 0.000372517))]), (9936, 16, 0.00058399, [(2, (0, 0.000254339, 1.4531e-5, 0.000269144)), (2, (1, 0.000400316, 7.4201e-5, 0.000474741)), (2, (2, 0.000285898, 3.2322e-5, 0.000318457)), (2, (3, 0.000416807, 0.000110291, 0.000527342)), (2, (4, 0.000297385, 4.514e-5, 0.000342759)), (2, (5, 0.000401748, 9.1206e-5, 0.000493199)), (2, (6, 0.000292885, 6.0259e-5, 0.000353385)), (2, (7, 0.000390467, 0.00011701, 0.000507731))]), (9952, 16, 0.000491077, [(2, (0, 0.000364863, 5.0205e-5, 0.000415325)), (2, (1, 0.000288525, 7.9483e-5, 0.000368267)), (2, (2, 0.000397565, 6.4568e-5, 0.000462398)), (2, (3, 0.000281242, 8.7631e-5, 0.000369119)), (2, (4, 0.000314124, 1.9198e-5, 0.000333526)), (2, (5, 0.000285387, 2.0124e-5, 0.000305744)), (2, (6, 0.000338974, 2.0441e-5, 0.00035966)), (2, (7, 0.000260165, 2.1097e-5, 0.000281483))]), (9968, 16, 0.000575104, [(2, (0, 0.000299115, 1.6227e-5, 0.000315607)), (2, (1, 0.000270275, 6.1409e-5, 0.000331931)), (2, (2, 0.00022798, 4.4821e-5, 0.000273059)), (2, (3, 0.000322272, 0.000108692, 0.000431226)), (2, (4, 0.00024052, 3.2447e-5, 0.000273193)), (2, (5, 0.000290319, 9.242e-5, 0.000383019)), (2, (6, 0.000297686, 7.5642e-5, 0.000373586)), (2, (7, 0.000252316, 0.000172303, 0.00042485))]), (9984, 16, 0.000582698, [(2, (0, 0.000260342, 1.6133e-5, 0.000276743)), (2, (1, 0.0002806, 0.00026598, 0.000546866)), (2, (2, 0.000266324, 2.5484e-5, 0.000292153)), (2, (3, 0.000219631, 4.8771e-5, 0.000268758)), (2, (4, 0.000351324, 7.2103e-5, 0.000423833)), (2, (5, 0.000297815, 0.000125304, 0.000423443)), (2, (6, 0.000338649, 0.000100831, 0.000439755)), (2, (7, 0.000253878, 0.000138815, 0.000392936))]), (10000, 16, 0.000584372, [(2, (0, 0.000204729, 1.9615e-5, 0.000224637)), (2, (1, 0.000254107, 0.000117726, 0.000372074)), (2, (2, 0.000239886, 5.5388e-5, 0.000295503)), (2, (3, 0.000337346, 0.000191671, 0.000529435)), (2, (4, 0.000415557, 3.9347e-5, 0.000455198)), (2, (5, 0.000245773, 0.000170366, 0.000416429)), (2, (6, 0.000386572, 0.000136607, 0.000523415)), (2, (7, 0.000337468, 0.000152856, 0.000490619))]), (10016, 16, 0.000467649, [(2, (0, 0.000336656, 1.6896e-5, 0.000353849)), (2, (1, 0.000257328, 3.5662e-5, 0.00029326)), (2, (2, 0.000239248, 0.000112016, 0.00035146)), (2, (3, 0.000267, 0.00013574, 0.000402997)), (2, (4, 0.000255011, 5.2162e-5, 0.000307422)), (2, (5, 0.000229697, 9.5302e-5, 0.000325291)), (2, (6, 0.000351365, 8.2074e-5, 0.000433705)), (2, (7, 0.000281039, 0.000128086, 0.000409374))]), (10032, 16, 0.000526911, [(2, (0, 0.000258879, 1.7401e-5, 0.000276552)), (2, (1, 0.000271131, 1.8998e-5, 0.000290392)), (2, (2, 0.00032392, 8.3233e-5, 0.000407422)), (2, (3, 0.000381168, 8.3184e-5, 0.000464628)), (2, (4, 0.00022944, 0.000114107, 0.00034379)), (2, (5, 0.000338731, 0.00015002, 0.000489166)), (2, (6, 0.000223851, 9.888e-5, 0.000322974)), (2, (7, 0.000247285, 0.000129902, 0.000377418))]), (10048, 16, 0.000485209, [(2, (0, 0.000199115, 1.6818e-5, 0.000216198)), (2, (1, 0.000255228, 1.781e-5, 0.000273268)), (2, (2, 0.000314308, 5.9999e-5, 0.000374573)), (2, (3, 0.0002899, 7.6758e-5, 0.000366869)), (2, (4, 0.000299305, 4.6871e-5, 0.000346398)), (2, (5, 0.00024489, 9.1907e-5, 0.000337018)), (2, (6, 0.00029771, 4.788e-5, 0.000345863)), (2, (7, 0.000250728, 0.000126412, 0.000377894))]), (10064, 16, 0.000496933, [(2, (0, 0.000243606, 4.72e-5, 0.000291086)), (2, (1, 0.00024663, 8.4693e-5, 0.000331596)), (2, (2, 0.000286966, 0.000124633, 0.000411852)), (2, (3, 0.000306985, 0.000121583, 0.00042884)), (2, (4, 0.000265863, 1.8059e-5, 0.00028417)), (2, (5, 0.000256378, 6.4663e-5, 0.000321287)), (2, (6, 0.000271493, 3.4526e-5, 0.000306261)), (2, (7, 0.000240764, 9.9773e-5, 0.000340779))]), (10080, 16, 0.00046821, [(2, (0, 0.00027949, 1.5683e-5, 0.000295454)), (2, (1, 0.000240861, 6.3077e-5, 0.000304181)), (2, (2, 0.000411549, 4.7643e-5, 0.000459453)), (2, (3, 0.000271743, 0.000118523, 0.000390535)), (2, (4, 0.000357555, 3.2888e-5, 0.000390662)), (2, (5, 0.000310565, 0.000111723, 0.000422567)), (2, (6, 0.000233714, 7.9146e-5, 0.000313067)), (2, (7, 0.000273252, 9.3751e-5, 0.000367288))]), (10096, 15, 0.000555162, [(2, (0, 0.000201584, 1.7105e-5, 0.00021893)), (2, (1, 0.000232609, 0.000137014, 0.000369898)), (2, (2, 0.000220367, 0.000192732, 0.000413373)), (2, (3, 0.000255188, 0.00021545, 0.000470946)), (2, (4, 0.000337375, 0.000158249, 0.000495875)), (2, (5, 0.000249618, 0.000220087, 0.00046983)), (2, (6, 0.00021225, 0.000176484, 0.000388975)), (1, (7, 0.000158129, 0.000256138, 0.000414656))]), (10112, 16, 0.000504338, [(2, (0, 0.000237598, 1.7273e-5, 0.000255135)), (2, (1, 0.000306082, 6.7873e-5, 0.000374248)), (2, (2, 0.000292043, 5.1089e-5, 0.000343397)), (2, (3, 0.00022932, 9.7271e-5, 0.000326834)), (2, (4, 0.00025253, 3.9287e-5, 0.0002921)), (2, (5, 0.000289129, 0.000116364, 0.000405784)), (2, (6, 0.000292699, 8.3925e-5, 0.000376872)), (2, (7, 0.000282703, 0.000128761, 0.000411833))]), (10128, 16, 0.000446635, [(2, (0, 0.000166418, 5.6758e-5, 0.000223408)), (2, (1, 0.000177744, 0.000143383, 0.000321353)), (2, (2, 0.000184457, 0.000125783, 0.000310539)), (2, (3, 0.00018072, 0.000150345, 0.000331331)), (2, (4, 0.000178117, 1.6091e-5, 0.000194512)), (2, (5, 0.000183511, 8.9131e-5, 0.000272866)), (2, (6, 0.000186805, 3.2493e-5, 0.00021951)), (2, (7, 0.000189105, 7.3099e-5, 0.000262424))]), (10144, 16, 0.000615475, [(2, (0, 0.000221606, 2.0886e-5, 0.000242726)), (2, (1, 0.000202456, 3.825e-5, 0.000240931)), (2, (2, 0.000237165, 0.000102041, 0.000339438)), (2, (3, 0.000453976, 0.000117663, 0.000571906)), (2, (4, 0.000454955, 5.5977e-5, 0.000511201)), (2, (5, 0.000231965, 8.5083e-5, 0.000317281)), (2, (6, 0.000233961, 6.844e-5, 0.000302665)), (2, (7, 0.000280145, 0.000124551, 0.000404941))]), (10160, 16, 0.000494364, [(2, (0, 0.000277421, 1.7673e-5, 0.000295342)), (2, (1, 0.000302612, 6.6426e-5, 0.000369283)), (2, (2, 0.000261864, 3.2964e-5, 0.000295063)), (2, (3, 0.000263141, 7.9787e-5, 0.000343159)), (2, (4, 0.000231316, 4.967e-5, 0.000281205)), (2, (5, 0.000275234, 0.000143678, 0.000419142)), (2, (6, 0.000264594, 9.5946e-5, 0.000363061)), (2, (7, 0.000264296, 0.000151782, 0.000416299))]), (10176, 16, 0.000407831, [(2, (0, 0.000215335, 1.5514e-5, 0.00023108)), (2, (1, 0.00022962, 6.2487e-5, 0.000292346)), (2, (2, 0.00022563, 4.7827e-5, 0.000273683)), (2, (3, 0.000223423, 0.000117447, 0.000341068)), (2, (4, 0.000221859, 3.3638e-5, 0.000255746)), (2, (5, 0.000226598, 0.000112603, 0.000339442)), (2, (6, 0.000232658, 7.8861e-5, 0.000311721)), (2, (7, 0.000221444, 9.5238e-5, 0.000316906))]), (10192, 15, 0.000566106, [(2, (0, 0.000278421, 1.4813e-5, 0.00029352)), (2, (1, 0.000285947, 6.2247e-5, 0.000348414)), (2, (2, 0.000231069, 4.7465e-5, 0.000278785)), (2, (3, 0.000375154, 0.000134431, 0.000510003)), (2, (4, 0.000223438, 3.3006e-5, 0.000256673)), (2, (5, 0.000256124, 0.000111524, 0.000367895)), (2, (6, 0.000328711, 7.8831e-5, 0.000407794)), (1, (7, 0.000158844, 9.6092e-5, 0.000255152))]), (10208, 16, 0.000646569, [(2, (0, 0.000334295, 1.779e-5, 0.000352335)), (2, (1, 0.000241245, 3.2781e-5, 0.000274265)), (2, (2, 0.000474433, 0.00014086, 0.000615632)), (2, (3, 0.000293799, 0.000158455, 0.000452565)), (2, (4, 0.000371977, 5.815e-5, 0.000430472)), (2, (5, 0.000268506, 0.000101963, 0.000370721)), (2, (6, 0.000366538, 7.345e-5, 0.000440316)), (2, (7, 0.000259284, 0.000165202, 0.000424747))]), (10224, 15, 0.000869481, [(2, (0, 0.000219334, 1.571e-5, 0.000235295)), (2, (1, 0.000258074, 6.5452e-5, 0.000323745)), (2, (2, 0.000252251, 4.9161e-5, 0.00030167)), (2, (3, 0.000220608, 0.00012165, 0.000342507)), (2, (4, 0.000318491, 3.4411e-5, 0.000353219)), (2, (5, 0.000234913, 0.000106702, 0.000342033)), (2, (6, 0.00070103, 8.2616e-5, 0.000783886)), (1, (7, 0.000116963, 0.000163018, 0.000280502))]), (10240, 16, 0.000392066, [(2, (0, 0.000273496, 1.3315e-5, 0.000287052)), (2, (1, 0.000261008, 8.6986e-5, 0.000348235)), (2, (2, 0.000304884, 5.4077e-5, 0.000359222)), (2, (3, 0.000247986, 7.0424e-5, 0.000318619)), (2, (4, 0.000245028, 3.8049e-5, 0.000283337)), (2, (5, 0.000235637, 0.000128646, 0.000364612)), (2, (6, 0.000250905, 0.000103271, 0.000354384)), (2, (7, 0.000235552, 0.000120973, 0.000356761))]), (10256, 16, 0.000400299, [(2, (0, 0.000280266, 1.7193e-5, 0.00029769)), (2, (1, 0.000243381, 0.000114261, 0.000357864)), (2, (2, 0.000277628, 8.4746e-5, 0.000362671)), (2, (3, 0.000257717, 0.000110605, 0.000368564)), (2, (4, 0.000238127, 3.5592e-5, 0.000273979)), (2, (5, 0.000272534, 6.3477e-5, 0.000336202)), (2, (6, 0.000260757, 4.9941e-5, 0.00031099)), (2, (7, 0.0002288, 9.3626e-5, 0.000322612))]), (10272, 16, 0.000437553, [(2, (0, 0.000211739, 1.7436e-5, 0.000229408)), (2, (1, 0.000254223, 1.9194e-5, 0.000273647)), (2, (2, 0.000288659, 7.2577e-5, 0.000361464)), (2, (3, 0.000238872, 7.5244e-5, 0.000314326)), (2, (4, 0.000253803, 4.9308e-5, 0.000303349)), (2, (5, 0.000240933, 6.4229e-5, 0.000305358)), (2, (6, 0.000239782, 5.7376e-5, 0.000297397)), (2, (7, 0.000245706, 7.3166e-5, 0.000319104))]), (10288, 16, 0.000469496, [(2, (0, 0.000250584, 4.3779e-5, 0.000294596)), (2, (1, 0.000246233, 9.2542e-5, 0.000339021)), (2, (2, 0.000277925, 3.2028e-5, 0.000310191)), (2, (3, 0.000295555, 0.000125168, 0.000421133)), (2, (4, 0.000238803, 1.5789e-5, 0.0002548)), (2, (5, 0.000248288, 7.4905e-5, 0.000323386)), (2, (6, 0.000272877, 5.9572e-5, 0.000332687)), (2, (7, 0.000253701, 0.000106114, 0.000360037))]), (10304, 16, 0.000510837, [(2, (0, 0.000250748, 1.8301e-5, 0.00026928)), (2, (1, 0.000224823, 6.6525e-5, 0.000291592)), (2, (2, 0.000241396, 5.1521e-5, 0.00029314)), (2, (3, 0.000250124, 9.876e-5, 0.000349135)), (2, (4, 0.000469027, 3.6788e-5, 0.00050605)), (2, (5, 0.000202014, 0.000122478, 0.000324728)), (2, (6, 0.000220944, 0.000259942, 0.000482126)), (2, (7, 0.000250607, 0.000115943, 0.000366793))]), (10320, 16, 0.000485252, [(2, (0, 0.000244781, 1.5557e-5, 0.000260601)), (2, (1, 0.000263028, 1.8145e-5, 0.0002814)), (2, (2, 0.000242147, 7.3397e-5, 0.000315809)), (2, (3, 0.000363472, 8.179e-5, 0.000445677)), (2, (4, 0.000387573, 6.1041e-5, 0.000448823)), (2, (5, 0.000251365, 6.2008e-5, 0.000313713)), (2, (6, 0.000215061, 6.0871e-5, 0.00027616)), (2, (7, 0.000212537, 7.8195e-5, 0.000290992))]), (10336, 15, 0.000504432, [(2, (0, 0.000174219, 1.6547e-5, 0.000190993)), (2, (1, 0.000230668, 6.6884e-5, 0.000297795)), (2, (2, 0.000185974, 3.1577e-5, 0.000217821)), (2, (3, 0.000186914, 8.3719e-5, 0.000270868)), (2, (4, 0.000302387, 3.6928e-5, 0.000339556)), (2, (5, 0.000296803, 0.000153723, 0.000451553)), (2, (6, 0.000221052, 5.3928e-5, 0.000275282)), (1, (7, 8.9079e-5, 9.8721e-5, 0.000188072))]), (10352, 14, 0.000485776, [(2, (0, 0.000240466, 1.6613e-5, 0.000257332)), (2, (1, 0.000307399, 6.441e-5, 0.00037205)), (2, (2, 0.000276879, 4.8397e-5, 0.000325507)), (2, (3, 0.000254852, 0.000143406, 0.000398484)), (2, (4, 0.000249813, 3.4945e-5, 0.000284976)), (2, (5, 0.0003122, 0.000130058, 0.000442578)), (1, (6, 0.000132475, 8.0768e-5, 0.000213501)), (1, (7, 0.000105616, 0.000184954, 0.000290852))]), (10368, 16, 0.000488447, [(2, (0, 0.00025372, 1.5623e-5, 0.000269596)), (2, (1, 0.000284876, 1.735e-5, 0.000302446)), (2, (2, 0.000370552, 8.7781e-5, 0.000458723)), (2, (3, 0.00028803, 8.807e-5, 0.000376337)), (2, (4, 0.000251236, 4.341e-5, 0.000294847)), (2, (5, 0.000283831, 4.4205e-5, 0.000328282)), (2, (6, 0.000261918, 4.4235e-5, 0.000306339)), (2, (7, 0.000290581, 4.4849e-5, 0.000335678))]), (10384, 16, 0.000671639, [(2, (0, 0.000365294, 1.4984e-5, 0.000380522)), (2, (1, 0.000264876, 6.3143e-5, 0.00032825)), (2, (2, 0.000378639, 4.8588e-5, 0.000427455)), (2, (3, 0.000258065, 0.000110555, 0.000368887)), (2, (4, 0.000532956, 3.2715e-5, 0.000565907)), (2, (5, 0.000413738, 9.5155e-5, 0.000509149)), (2, (6, 0.000545175, 7.8762e-5, 0.000624171)), (2, (7, 0.000307575, 0.000153425, 0.00046174))]), (10400, 8, 0.000306437, [(1, (0, 0.000123911, 1.3298e-5, 0.000137441)), (1, (1, 0.000123473, 3.0714e-5, 0.000154391)), (1, (2, 0.000125372, 0.000150221, 0.000275813)), (1, (3, 0.000124211, 0.000155046, 0.000279361)), (1, (4, 0.000118469, 5.936e-5, 0.000178082)), (1, (5, 0.000121143, 0.000132469, 0.000253842)), (1, (6, 0.000125649, 7.3538e-5, 0.000199454)), (1, (7, 0.000120148, 0.000138433, 0.0002587))]), (10416, 8, 0.00027135, [(1, (0, 0.000122161, 6.0707e-5, 0.000183095)), (1, (1, 0.000125501, 5.3903e-5, 0.000179658)), (1, (2, 0.000121487, 3.9252e-5, 0.000160987)), (1, (3, 0.000122097, 5.0401e-5, 0.000172735)), (1, (4, 0.000118453, 3.1986e-5, 0.000150674)), (1, (5, 0.000120555, 3.2232e-5, 0.00015302)), (1, (6, 0.000184517, 3.3285e-5, 0.000218172)), (1, (7, 0.000113555, 4.4143e-5, 0.000157915))]), (10432, 16, 0.000600096, [(2, (0, 0.000592694, 4.711e-6, 0.000597638)), (2, (1, 0.000367579, 5.0978e-5, 0.000418994)), (2, (2, 0.000515214, 4.3928e-5, 0.000559399)), (2, (3, 0.00022769, 5.4208e-5, 0.000282133)), (2, (4, 0.000437249, 4.4001e-5, 0.000481506)), (2, (5, 0.000351447, 8.2966e-5, 0.00043479)), (2, (6, 0.000457317, 6.0845e-5, 0.000518445)), (2, (7, 0.000286732, 8.581e-5, 0.000372775))]), (10448, 16, 0.000536639, [(2, (0, 0.000235468, 1.6535e-5, 0.000252228)), (2, (1, 0.000223228, 7.5449e-5, 0.000298931)), (2, (2, 0.000402678, 5.8167e-5, 0.000461093)), (2, (3, 0.00021226, 0.000152287, 0.000364835)), (2, (4, 0.000425059, 4.146e-5, 0.000466831)), (2, (5, 0.00034498, 0.000145904, 0.000491232)), (2, (6, 0.000337607, 9.1129e-5, 0.000428979)), (2, (7, 0.000238343, 0.00011141, 0.000350091))]), (10464, 16, 0.000425678, [(2, (0, 0.000313438, 1.4126e-5, 0.000327796)), (2, (1, 0.000236023, 1.6102e-5, 0.000252356)), (2, (2, 0.000323468, 8.323e-5, 0.000406963)), (2, (3, 0.000238767, 9.3484e-5, 0.000332472)), (2, (4, 0.000339031, 5.5023e-5, 0.000394289)), (2, (5, 0.000238813, 8.3154e-5, 0.000322202)), (2, (6, 0.000326551, 6.8811e-5, 0.000395581)), (2, (7, 0.000233919, 7.339e-5, 0.000307543))]), (10480, 16, 0.000423585, [(2, (0, 0.000295089, 3.1168e-5, 0.000326523)), (2, (1, 0.000258024, 1.945e-5, 0.000277697)), (2, (2, 0.000285456, 0.000101572, 0.000387253)), (2, (3, 0.000272622, 0.000102073, 0.000374925)), (2, (4, 0.000228753, 8.638e-6, 0.000237633)), (2, (5, 0.000277924, 6.2006e-5, 0.000340143)), (2, (6, 0.00025961, 4.8626e-5, 0.000308451)), (2, (7, 0.000259421, 7.6206e-5, 0.000335836))]), (10496, 16, 0.000456585, [(2, (0, 0.000224767, 1.4676e-5, 0.000239662)), (2, (1, 0.000261214, 3.2322e-5, 0.00029378)), (2, (2, 0.000235461, 9.3838e-5, 0.00032955)), (2, (3, 0.000266428, 0.000109716, 0.000376379)), (2, (4, 0.000240401, 4.8241e-5, 0.00028892)), (2, (5, 0.00024217, 7.7359e-5, 0.00031976)), (2, (6, 0.000250318, 6.3218e-5, 0.000313782)), (2, (7, 0.000238521, 0.000114318, 0.000353074))]), (10512, 16, 0.000365668, [(2, (0, 0.000190063, 1.493e-5, 0.000205224)), (2, (1, 0.000205559, 6.1617e-5, 0.000267421)), (2, (2, 0.000221479, 4.529e-5, 0.000266987)), (2, (3, 0.000213496, 7.7563e-5, 0.000291299)), (2, (4, 0.00021934, 3.2284e-5, 0.000251856)), (2, (5, 0.000239934, 0.000107401, 0.000347563)), (2, (6, 0.000223299, 9.3771e-5, 0.000317303)), (2, (7, 0.00021634, 0.000114851, 0.000331416))]), (10528, 16, 0.000461142, [(2, (0, 0.00020046, 1.687e-5, 0.000217551)), (2, (1, 0.000249433, 6.3112e-5, 0.000312786)), (2, (2, 0.000247461, 3.4351e-5, 0.000282095)), (2, (3, 0.000190308, 7.8953e-5, 0.000269492)), (2, (4, 0.000204839, 4.7566e-5, 0.000252641)), (2, (5, 0.000236829, 0.000110178, 0.000347245)), (2, (6, 0.00024677, 9.471e-5, 0.000341706)), (2, (7, 0.000260047, 0.000116684, 0.00037698))]), (10544, 16, 0.000463741, [(2, (0, 0.000291418, 1.5544e-5, 0.000307209)), (2, (1, 0.00024051, 3.3113e-5, 0.000273852)), (2, (2, 0.000275564, 9.4414e-5, 0.000370206)), (2, (3, 0.000288937, 0.00011724, 0.000406443)), (2, (4, 0.00022948, 4.6738e-5, 0.000276448)), (2, (5, 0.00030669, 0.000110576, 0.000417497)), (2, (6, 0.000255512, 6.2913e-5, 0.000318671)), (2, (7, 0.000266727, 7.9711e-5, 0.000346691))]), (10560, 15, 0.000632352, [(2, (0, 0.000411455, 7.1995e-5, 0.000483752)), (2, (1, 0.000333716, 0.000156426, 0.000490376)), (2, (2, 0.000390378, 0.000174937, 0.000565754)), (2, (3, 0.000278464, 0.000291034, 0.000569653)), (2, (4, 0.000479283, 2.0294e-5, 0.00049984)), (2, (5, 0.00026249, 0.000142808, 0.000405595)), (2, (6, 0.000252688, 3.6975e-5, 0.000289925)), (1, (7, 0.000275833, 4.9673e-5, 0.000325791))]), (10576, 16, 0.001047793, [(2, (0, 0.000951542, 1.8557e-5, 0.000970344)), (2, (1, 0.000953153, 6.7208e-5, 0.001020611)), (2, (2, 0.000259379, 5.0845e-5, 0.000310435)), (2, (3, 0.000273675, 0.00012077, 0.000394688)), (2, (4, 0.000190965, 3.9082e-5, 0.000230256)), (2, (5, 0.000298248, 0.000107551, 0.000406074)), (2, (6, 0.000278539, 8.5323e-5, 0.00036419)), (2, (7, 0.000636053, 0.000128317, 0.000764639))]), (10592, 16, 0.000400315, [(2, (0, 0.000227222, 1.6069e-5, 0.000243537)), (2, (1, 0.000195742, 0.000131003, 0.000326977)), (2, (2, 0.000200975, 6.6366e-5, 0.000267597)), (2, (3, 0.000194931, 0.000174174, 0.00036934)), (2, (4, 0.000184267, 3.637e-5, 0.000220892)), (2, (5, 0.000221581, 0.000115904, 0.000337763)), (2, (6, 0.000273559, 5.0482e-5, 0.00032712)), (2, (7, 0.000210761, 8.0246e-5, 0.000291232))]), (10608, 16, 0.000289881, [(2, (0, 0.000186913, 1.3018e-5, 0.000200188)), (2, (1, 0.00019655, 1.3986e-5, 0.00021077)), (2, (2, 0.000202954, 5.5353e-5, 0.000258538)), (2, (3, 0.000198092, 6.5637e-5, 0.00026396)), (2, (4, 0.000214338, 5.5443e-5, 0.000270043)), (2, (5, 0.000212073, 7.3674e-5, 0.000286009)), (2, (6, 0.000189987, 5.535e-5, 0.000245577)), (2, (7, 0.000181483, 6.0217e-5, 0.000241942))]), (10624, 16, 0.000344319, [(2, (0, 0.000166985, 1.2532e-5, 0.000179763)), (2, (1, 0.000247048, 1.3126e-5, 0.000260414)), (2, (2, 0.000183565, 5.2067e-5, 0.000235856)), (2, (3, 0.000176984, 6.5967e-5, 0.000243185)), (2, (4, 0.000171721, 4.0421e-5, 0.000212362)), (2, (5, 0.000176733, 4.0005e-5, 0.000216976)), (2, (6, 0.000267213, 4.1323e-5, 0.000308775)), (2, (7, 0.000232016, 7.2889e-5, 0.000305137))]), (10640, 14, 0.000444024, [(2, (0, 0.000294523, 1.6104e-5, 0.000310865)), (2, (1, 0.000278475, 3.325e-5, 0.000311955)), (2, (2, 0.000318901, 9.5511e-5, 0.000414653)), (2, (3, 0.00030647, 0.000112357, 0.000419052)), (2, (4, 0.000372257, 4.7561e-5, 0.000423876)), (2, (5, 0.000319162, 0.000118429, 0.00043783)), (1, (6, 0.000133732, 6.3439e-5, 0.000197377)), (1, (7, 0.000142869, 7.8879e-5, 0.000222109))]), (10656, 16, 0.000909149, [(2, (0, 0.000302164, 5.135e-6, 0.000307487)), (2, (1, 0.000346316, 5.314e-6, 0.000351759)), (2, (2, 0.000233773, 5.396e-6, 0.000239311)), (2, (3, 0.000541169, 7.3987e-5, 0.000615453)), (2, (4, 0.000296648, 6.441e-6, 0.000303322)), (2, (5, 0.000517184, 7.727e-6, 0.000525141)), (2, (6, 0.000246028, 6.139e-6, 0.000252314)), (2, (7, 0.000761198, 7.277e-5, 0.000834377))]), (10672, 16, 0.00079157, [(2, (0, 0.000243073, 1.4385e-5, 0.000257681)), (2, (1, 0.00052117, 3.3894e-5, 0.00055531)), (2, (2, 0.000330813, 0.000105449, 0.000436604)), (2, (3, 0.00055806, 0.000127281, 0.000685723)), (2, (4, 0.000310276, 4.946e-5, 0.000360068)), (2, (5, 0.00051327, 0.000220027, 0.000733521)), (2, (6, 0.000300477, 7.0785e-5, 0.00037176)), (2, (7, 0.000526891, 8.2962e-5, 0.00061012))]), (10688, 15, 0.000747604, [(2, (0, 0.000353844, 2.4247e-5, 0.000378346)), (2, (1, 0.000445194, 8.9292e-5, 0.000534771)), (2, (2, 0.000510857, 5.7093e-5, 0.000568195)), (2, (3, 0.000353821, 7.1457e-5, 0.00042552)), (2, (4, 0.000525253, 4.3149e-5, 0.000568644)), (2, (5, 0.000571666, 0.00012875, 0.000700627)), (2, (6, 0.000328307, 0.000103465, 0.000431969)), (1, (7, 0.000351495, 0.000120965, 0.000472705))]), (10704, 16, 0.000667519, [(2, (0, 0.00029337, 2.2746e-5, 0.00031637)), (2, (1, 0.000479559, 6.8628e-5, 0.000548522)), (2, (2, 0.000338017, 5.1234e-5, 0.000389456)), (2, (3, 0.000535704, 8.583e-5, 0.000621797)), (2, (4, 0.000545177, 4.0021e-5, 0.000585423)), (2, (5, 0.000386103, 0.000124582, 0.000510932)), (2, (6, 0.000362062, 0.000103459, 0.000465762)), (2, (7, 0.000318909, 0.000115885, 0.000435011))]), (10720, 16, 0.000644953, [(2, (0, 0.00048936, 1.8351e-5, 0.000507945)), (2, (1, 0.000360761, 6.4418e-5, 0.000425435)), (2, (2, 0.000566668, 4.8545e-5, 0.000615462)), (2, (3, 0.000444978, 0.000119557, 0.000564761)), (2, (4, 0.000371589, 3.3081e-5, 0.000404887)), (2, (5, 0.00032138, 9.7197e-5, 0.000418818)), (2, (6, 0.000336545, 7.9445e-5, 0.000416276)), (2, (7, 0.000357576, 0.000111643, 0.00046943))]), (10736, 15, 0.000788384, [(2, (0, 0.000583653, 1.905e-5, 0.000602957)), (2, (1, 0.000681967, 6.8121e-5, 0.000750526)), (2, (2, 0.000313521, 5.2675e-5, 0.000366446)), (2, (3, 0.000528902, 0.000122494, 0.000651616)), (2, (4, 0.000416057, 3.6731e-5, 0.00045301)), (2, (5, 0.000567104, 9.8945e-5, 0.000666349)), (2, (6, 0.000626578, 8.1059e-5, 0.000707923)), (1, (7, 0.000236499, 0.000115318, 0.000352051))]), (10752, 16, 0.000910939, [(2, (0, 0.000449814, 1.9861e-5, 0.000469927)), (2, (1, 0.000584215, 0.000114885, 0.000699335)), (2, (2, 0.000621284, 9.1806e-5, 0.000713551)), (2, (3, 0.000755569, 9.9342e-5, 0.000855192)), (2, (4, 0.000365032, 4.4929e-5, 0.000410266)), (2, (5, 0.000391757, 0.000201916, 0.000593953)), (2, (6, 0.000325778, 0.00013453, 0.000460596)), (2, (7, 0.000410864, 0.000151759, 0.000562865))]), (10768, 15, 0.000761141, [(2, (0, 0.000486733, 1.8514e-5, 0.000505535)), (2, (1, 0.000448255, 0.000207426, 0.000655984)), (2, (2, 0.000374166, 0.000127705, 0.00050215)), (2, (3, 0.000469076, 0.000237138, 0.000706639)), (2, (4, 0.000437858, 3.4882e-5, 0.000472972)), (2, (5, 0.000440297, 0.000144006, 0.000584661)), (2, (6, 0.000528175, 5.2525e-5, 0.000580953)), (1, (7, 0.000190264, 0.000156833, 0.000347356))]), (10784, 16, 0.000863164, [(2, (0, 0.000306109, 1.7461e-5, 0.000323831)), (2, (1, 0.000412252, 6.5001e-5, 0.000477527)), (2, (2, 0.000785082, 4.9971e-5, 0.000835304)), (2, (3, 0.000418368, 9.9942e-5, 0.00051858)), (2, (4, 0.000431693, 3.1962e-5, 0.000463883)), (2, (5, 0.000604375, 0.00012248, 0.000727126)), (2, (6, 0.000523325, 8.0982e-5, 0.000604551)), (2, (7, 0.000348113, 0.000114792, 0.000463149))]), (10800, 16, 0.000751764, [(2, (0, 0.000267828, 1.5832e-5, 0.000283907)), (2, (1, 0.000317696, 0.000113635, 0.000431562)), (2, (2, 0.000433031, 8.5244e-5, 0.000518494)), (2, (3, 0.000607232, 9.8691e-5, 0.000706155)), (2, (4, 0.000367407, 3.3501e-5, 0.000401178)), (2, (5, 0.000333579, 0.000188758, 0.000522566)), (2, (6, 0.00032974, 0.000132043, 0.000461987)), (2, (7, 0.000362841, 0.00018478, 0.000547864))]), (10816, 16, 0.000551802, [(2, (0, 0.000347675, 1.6666e-5, 0.000364629)), (2, (1, 0.000374526, 3.5975e-5, 0.000410739)), (2, (2, 0.000396212, 0.000141211, 0.000537867)), (2, (3, 0.000305139, 0.000174091, 0.000479479)), (2, (4, 0.000318983, 5.6274e-5, 0.000375636)), (2, (5, 0.000324624, 0.000173893, 0.000498919)), (2, (6, 0.00031704, 6.7795e-5, 0.000385162)), (2, (7, 0.000203116, 9.9431e-5, 0.000302813))]), (10832, 16, 0.001249797, [(2, (0, 0.000357425, 1.0374e-5, 0.000368139)), (2, (1, 0.001132998, 3.9821e-5, 0.001173084)), (2, (2, 0.000445794, 1.2631e-5, 0.000458671)), (2, (3, 0.000264159, 2.3489e-5, 0.000287911)), (2, (4, 0.000232731, 1.3784e-5, 0.000246759)), (2, (5, 0.000317487, 9.9504e-5, 0.000417253)), (2, (6, 0.000253762, 6.1327e-5, 0.000315368)), (2, (7, 0.000313124, 8.5312e-5, 0.000398643))]), (10848, 16, 0.001180954, [(2, (0, 0.000497773, 1.7301e-5, 0.000515371)), (2, (1, 0.000597553, 0.000103866, 0.000701687)), (2, (2, 0.00028657, 3.3858e-5, 0.000320658)), (2, (3, 0.000500532, 0.000155177, 0.000655945)), (2, (4, 0.000239265, 5.0079e-5, 0.000289706)), (2, (5, 0.000541646, 0.000233501, 0.000775402)), (2, (6, 0.000353408, 0.000182394, 0.00053672)), (2, (7, 0.000776062, 0.000267815, 0.001044305))]), (10864, 8, 0.000361871, [(1, (0, 0.000102879, 1.3076e-5, 0.000116227)), (1, (1, 0.000105236, 0.000116693, 0.000222083)), (1, (2, 0.000105231, 2.903e-5, 0.000134494)), (1, (3, 0.00011195, 9.5987e-5, 0.000208165)), (1, (4, 0.000112058, 4.4571e-5, 0.000156852)), (1, (5, 0.000118733, 0.000128758, 0.000247743)), (1, (6, 0.000114561, 0.000111019, 0.00022579)), (1, (7, 0.000110557, 0.000135414, 0.00024608))]), (10880, 13, 0.000899055, [(2, (0, 0.000733925, 1.3687e-5, 0.000747912)), (2, (1, 0.000279085, 3.2368e-5, 0.00031172)), (2, (2, 0.000666831, 9.6732e-5, 0.00076381)), (2, (3, 0.000227847, 0.00011337, 0.000341464)), (2, (4, 0.000816323, 4.9393e-5, 0.000865945)), (1, (5, 0.000117838, 8.0501e-5, 0.000198582)), (1, (6, 0.000490653, 6.4671e-5, 0.000555575)), (1, (7, 0.000113605, 0.000121294, 0.000238304))]), (10896, 8, 0.000320646, [(1, (0, 0.000110969, 0.000207854, 0.000319064)), (1, (1, 0.00011004, 0.000208108, 0.000318407)), (1, (2, 0.000110155, 4.7944e-5, 0.000158374)), (1, (3, 0.000107504, 6.3859e-5, 0.000171619)), (1, (4, 0.000105331, 1.4326e-5, 0.000119888)), (1, (5, 0.000105032, 9.5691e-5, 0.000201003)), (1, (6, 0.000107941, 3.3264e-5, 0.000141441)), (1, (7, 0.000104269, 0.000111201, 0.000215823))]), (10912, 12, 0.001201813, [(2, (0, 0.000183553, 1.4355e-5, 0.000198129)), (2, (1, 0.000224293, 6.3612e-5, 0.000288155)), (2, (2, 0.000201772, 3.2804e-5, 0.000234836)), (2, (3, 0.000207114, 7.9817e-5, 0.000287155)), (1, (4, 9.6205e-5, 4.8782e-5, 0.000145194)), (1, (5, 0.001032606, 0.000118283, 0.001151161)), (1, (6, 9.8331e-5, 9.5447e-5, 0.000194032)), (1, (7, 9.9065e-5, 0.000111724, 0.000211066))]), (10928, 16, 0.0003357, [(2, (0, 0.000164571, 1.6235e-5, 0.000181062)), (2, (1, 0.000173037, 1.8421e-5, 0.000191721)), (2, (2, 0.000176524, 9.9251e-5, 0.000275995)), (2, (3, 0.00016889, 0.000145888, 0.000315054)), (2, (4, 0.000176741, 5.0458e-5, 0.000227403)), (2, (5, 0.00017873, 8.5569e-5, 0.000264535)), (2, (6, 0.000185622, 7.0955e-5, 0.000256793)), (2, (7, 0.000171578, 0.000100485, 0.000272313))]), (10944, 16, 0.000361576, [(2, (0, 0.000165394, 1.8035e-5, 0.000183658)), (2, (1, 0.000223536, 3.3651e-5, 0.000257456)), (2, (2, 0.000250483, 8.1938e-5, 0.000332678)), (2, (3, 0.00022128, 9.0408e-5, 0.000311938)), (2, (4, 0.000212274, 5.0515e-5, 0.000265788)), (2, (5, 0.000220931, 7.3282e-5, 0.00029446)), (2, (6, 0.000221812, 6.7151e-5, 0.00028921)), (2, (7, 0.000251649, 7.8365e-5, 0.000330241))]), (10960, 15, 0.000404151, [(2, (0, 0.000199762, 1.7048e-5, 0.000217038)), (2, (1, 0.000252104, 1.8664e-5, 0.000271015)), (2, (2, 0.000235224, 6.2548e-5, 0.000298013)), (2, (3, 0.000241911, 6.8625e-5, 0.000310766)), (2, (4, 0.00027536, 7.0524e-5, 0.000346138)), (2, (5, 0.000265333, 9.4338e-5, 0.00035991)), (2, (6, 0.000223671, 8.6924e-5, 0.00031082)), (1, (7, 0.000115583, 8.7279e-5, 0.000203109))]), (10976, 16, 0.000477579, [(2, (0, 0.000206607, 1.5579e-5, 0.000222436)), (2, (1, 0.000197901, 9.6276e-5, 0.000294441)), (2, (2, 0.000201522, 6.387e-5, 0.000265646)), (2, (3, 0.000212274, 7.9068e-5, 0.000291565)), (2, (4, 0.000249646, 3.3647e-5, 0.000283532)), (2, (5, 0.000320697, 0.000112044, 0.000432961)), (2, (6, 0.000261675, 4.8732e-5, 0.000310634)), (2, (7, 0.000204121, 0.000118341, 0.000322675))]), (10992, 16, 0.000512378, [(2, (0, 0.000249536, 1.5688e-5, 0.000265495)), (2, (1, 0.000241089, 2.5729e-5, 0.000267068)), (2, (2, 0.000322874, 5.958e-5, 0.000382884)), (2, (3, 0.000326337, 7.5785e-5, 0.000402605)), (2, (4, 0.00034459, 4.3416e-5, 0.000388276)), (2, (5, 0.000182513, 0.000248925, 0.000431555)), (2, (6, 0.000193719, 5.43e-5, 0.000248227)), (2, (7, 0.000184664, 0.000194306, 0.000379227))]), (11008, 16, 0.000509352, [(2, (0, 0.000325166, 1.6346e-5, 0.000341766)), (2, (1, 0.000262354, 6.8992e-5, 0.000331653)), (2, (2, 0.000233309, 5.7717e-5, 0.000291325)), (2, (3, 0.000260129, 0.000184827, 0.000445189)), (2, (4, 0.000229055, 3.4313e-5, 0.000263636)), (2, (5, 0.000206462, 0.000108782, 0.000315494)), (2, (6, 0.000260229, 9.0673e-5, 0.000351214)), (2, (7, 0.000233515, 0.000171674, 0.000405624))]), (11024, 16, 0.000399178, [(2, (0, 0.000254625, 2.4242e-5, 0.000279126)), (2, (1, 0.000286466, 2.8027e-5, 0.000314747)), (2, (2, 0.00028313, 0.000103317, 0.000386717)), (2, (3, 0.000250555, 0.000109976, 0.000360734)), (2, (4, 0.000305355, 5.4735e-5, 0.000360312)), (2, (5, 0.000271421, 7.0676e-5, 0.000342359)), (2, (6, 0.000304872, 5.531e-5, 0.000360426)), (2, (7, 0.000258665, 8.9092e-5, 0.000347983))]), (11040, 15, 0.000500655, [(2, (0, 0.000290858, 1.8069e-5, 0.000309179)), (2, (1, 0.000309596, 6.7151e-5, 0.000377015)), (2, (2, 0.000320361, 5.1112e-5, 0.00037175)), (2, (3, 0.000272319, 0.000114966, 0.00038754)), (2, (4, 0.000291167, 3.6278e-5, 0.000327705)), (2, (5, 0.000359823, 0.000100116, 0.000460216)), (2, (6, 0.000362868, 8.3617e-5, 0.000446721)), (1, (7, 0.000192795, 0.000164516, 0.00035768))]), (11056, 16, 0.000431386, [(2, (0, 0.000212465, 1.5431e-5, 0.000228124)), (2, (1, 0.000262077, 2.9823e-5, 0.000292112)), (2, (2, 0.000240926, 9.425e-5, 0.000338719)), (2, (3, 0.000240626, 0.000110752, 0.00035164)), (2, (4, 0.000210345, 4.667e-5, 0.000257251)), (2, (5, 0.000242815, 0.000118075, 0.000361167)), (2, (6, 0.000242643, 6.2166e-5, 0.000305048)), (2, (7, 0.000236021, 7.6003e-5, 0.00031226))]), (11072, 14, 0.00044918, [(2, (0, 0.000207932, 1.7463e-5, 0.000225647)), (2, (1, 0.000287114, 6.9502e-5, 0.000356862)), (2, (2, 0.00022588, 5.1862e-5, 0.000277998)), (2, (3, 0.000271758, 8.2496e-5, 0.000354488)), (2, (4, 0.000241049, 3.5787e-5, 0.000277083)), (2, (5, 0.000245409, 0.000112867, 0.000358547)), (1, (6, 0.000112157, 9.7236e-5, 0.000209621)), (1, (7, 0.000115317, 0.000116669, 0.000232245))]), (11088, 16, 0.000417196, [(2, (0, 0.000204949, 5.0905e-5, 0.000256092)), (2, (1, 0.000267335, 0.000121938, 0.000389492)), (2, (2, 0.000292243, 0.000114909, 0.000407419)), (2, (3, 0.000266565, 0.000117443, 0.000384255)), (2, (4, 0.000250565, 2.2012e-5, 0.00027281)), (2, (5, 0.000257875, 8.3093e-5, 0.00034122)), (2, (6, 0.000234835, 3.8536e-5, 0.00027362)), (2, (7, 0.000255599, 6.7571e-5, 0.000323416))]), (11104, 16, 0.000584471, [(2, (0, 0.000265137, 1.8331e-5, 0.000283738)), (2, (1, 0.00038041, 6.1952e-5, 0.000442607)), (2, (2, 0.000324045, 4.9714e-5, 0.000374014)), (2, (3, 0.000307242, 0.000105952, 0.000413442)), (2, (4, 0.000295751, 3.3791e-5, 0.000329791)), (2, (5, 0.000249541, 9.2712e-5, 0.000342522)), (2, (6, 0.000459224, 7.7488e-5, 0.000536977)), (2, (7, 0.000252718, 0.000114114, 0.00036706))]), (11120, 15, 0.00053286, [(2, (0, 0.000349717, 1.8071e-5, 0.00036801)), (2, (1, 0.000345816, 7.0819e-5, 0.000416975)), (2, (2, 0.00026527, 5.3733e-5, 0.000319301)), (2, (3, 0.000279781, 0.000159274, 0.000439326)), (2, (4, 0.000249468, 3.4739e-5, 0.00028443)), (2, (5, 0.000255144, 0.000110504, 0.000365933)), (2, (6, 0.000365264, 8.8465e-5, 0.000457674)), (1, (7, 0.000174161, 0.000146893, 0.000321326))]), (11136, 16, 0.000459386, [(2, (0, 0.000206617, 1.5213e-5, 0.000222114)), (2, (1, 0.000256749, 7.9807e-5, 0.000336804)), (2, (2, 0.00025395, 3.348e-5, 0.00028765)), (2, (3, 0.000250776, 6.4981e-5, 0.000315999)), (2, (4, 0.000237267, 5.0557e-5, 0.000288108)), (2, (5, 0.000278415, 0.00011138, 0.00039004)), (2, (6, 0.000242765, 9.5526e-5, 0.000338508)), (2, (7, 0.000253272, 0.000119049, 0.000372608))]), (11152, 16, 0.000461724, [(2, (0, 0.000220289, 1.9297e-5, 0.000239844)), (2, (1, 0.000238305, 6.7544e-5, 0.000306115)), (2, (2, 0.000262297, 5.1473e-5, 0.000314021)), (2, (3, 0.000248348, 0.000116813, 0.00036538)), (2, (4, 0.000242385, 3.6509e-5, 0.000279122)), (2, (5, 0.000279255, 0.00011314, 0.000392635)), (2, (6, 0.000266939, 8.2042e-5, 0.000349239)), (2, (7, 0.000218868, 9.6921e-5, 0.000316008))]), (11168, 16, 0.00038121, [(2, (0, 0.000202501, 1.4474e-5, 0.000217207)), (2, (1, 0.000224751, 9.3682e-5, 0.000318662)), (2, (2, 0.000262941, 6.2329e-5, 0.000325517)), (2, (3, 0.000242526, 0.000116439, 0.000359215)), (2, (4, 0.000244522, 3.2303e-5, 0.000277061)), (2, (5, 0.000256644, 7.7856e-5, 0.00033471)), (2, (6, 0.00025547, 4.6771e-5, 0.000302495)), (2, (7, 0.000245931, 0.000108309, 0.000354482))]), (11184, 16, 0.000606299, [(2, (0, 0.000251046, 1.8609e-5, 0.000269938)), (2, (1, 0.000239242, 2.0443e-5, 0.000259917)), (2, (2, 0.000262653, 6.3224e-5, 0.00032613)), (2, (3, 0.000393634, 0.000157288, 0.000551408)), (2, (4, 0.000254847, 7.3615e-5, 0.000328688)), (2, (5, 0.000311692, 0.000104773, 0.00041669)), (2, (6, 0.000266503, 9.063e-5, 0.000357387)), (2, (7, 0.000297743, 9.0672e-5, 0.00038868))]), (11200, 16, 0.000598722, [(2, (0, 0.000207487, 1.756e-5, 0.00022528)), (2, (1, 0.000266271, 3.5247e-5, 0.000301737)), (2, (2, 0.000462367, 9.6262e-5, 0.000559052)), (2, (3, 0.000279301, 0.000120198, 0.000399758)), (2, (4, 0.000256396, 4.9228e-5, 0.000305859)), (2, (5, 0.00025829, 0.000113096, 0.000371633)), (2, (6, 0.000268617, 6.4588e-5, 0.00033345)), (2, (7, 0.000310806, 8.0645e-5, 0.000391666))]), (11216, 16, 0.000638215, [(2, (0, 0.000203748, 1.4176e-5, 0.000218177)), (2, (1, 0.00044285, 5.8931e-5, 0.000502028)), (2, (2, 0.000228892, 4.2942e-5, 0.000272069)), (2, (3, 0.000276539, 0.000105483, 0.000382265)), (2, (4, 0.000237541, 3.001e-5, 0.000267777)), (2, (5, 0.000300988, 8.9941e-5, 0.000391177)), (2, (6, 0.000507977, 7.5387e-5, 0.00058361)), (2, (7, 0.000254087, 0.000113489, 0.000367784))]), (11232, 16, 0.000567061, [(2, (0, 0.000358563, 6.768e-6, 0.000365535)), (2, (1, 0.000265704, 2.1236e-5, 0.000287208)), (2, (2, 0.0002801, 9.233e-6, 0.000289655)), (2, (3, 0.000276976, 5.329e-5, 0.00033051)), (2, (4, 0.000278469, 8.717e-6, 0.000287487)), (2, (5, 0.000331239, 9.5064e-5, 0.000426995)), (2, (6, 0.000449401, 6.875e-5, 0.000518487)), (2, (7, 0.000272199, 0.000107565, 0.000380005))]), (11248, 16, 0.000385414, [(2, (0, 0.000251479, 1.5735e-5, 0.000267473)), (2, (1, 0.000260888, 3.1163e-5, 0.000292328)), (2, (2, 0.000264713, 0.000103757, 0.000368734)), (2, (3, 0.000248556, 0.00012732, 0.000376079)), (2, (4, 0.000252582, 4.6739e-5, 0.000299553)), (2, (5, 0.000231152, 0.000118918, 0.000350302)), (2, (6, 0.000230674, 7.5372e-5, 0.000306323)), (2, (7, 0.000246825, 8.7377e-5, 0.000334453))]), (11264, 16, 0.000366134, [(2, (0, 0.000235751, 5.87e-6, 0.000241833)), (2, (1, 0.000246683, 6.669e-6, 0.000253582)), (2, (2, 0.000221015, 6.466e-6, 0.000227596)), (2, (3, 0.000225221, 7.287e-6, 0.000232738)), (2, (4, 0.000236269, 6.46e-6, 0.000242942)), (2, (5, 0.000256698, 7.185e-6, 0.000264107)), (2, (6, 0.00024205, 6.709e-6, 0.000248892)), (2, (7, 0.000258601, 7.846e-6, 0.000266667))]), (11280, 16, 0.00038454, [(2, (0, 0.000231505, 1.5601e-5, 0.000247359)), (2, (1, 0.000333794, 1.7424e-5, 0.000351463)), (2, (2, 0.000292293, 7.1191e-5, 0.000363702)), (2, (3, 0.00026315, 7.7176e-5, 0.000340532)), (2, (4, 0.000297075, 4.8371e-5, 0.000345689)), (2, (5, 0.000289468, 6.3667e-5, 0.00035338)), (2, (6, 0.000324798, 5.6136e-5, 0.000381182)), (2, (7, 0.000266556, 6.9471e-5, 0.000336275))]), (11296, 16, 0.000535161, [(2, (0, 0.000291338, 1.6622e-5, 0.000308209)), (2, (1, 0.000305291, 1.8916e-5, 0.00032445)), (2, (2, 0.000283067, 8.1071e-5, 0.000364411)), (2, (3, 0.000231585, 8.8369e-5, 0.0003202)), (2, (4, 0.000304407, 5.0883e-5, 0.000355571)), (2, (5, 0.000255047, 8.0304e-5, 0.000335567)), (2, (6, 0.000433608, 6.4506e-5, 0.000498363)), (2, (7, 0.000187504, 7.6037e-5, 0.000263781))]), (11312, 16, 0.004156875, [(2, (0, 0.000199534, 1.9884e-5, 0.000219702)), (2, (1, 0.004044627, 3.7829e-5, 0.00408271)), (2, (2, 0.000274933, 0.000100275, 0.000375425)), (2, (3, 0.000274184, 0.000123799, 0.000398224)), (2, (4, 0.000281051, 5.3616e-5, 0.000334907)), (2, (5, 0.000259091, 8.45e-5, 0.00034383)), (2, (6, 0.000230609, 6.8387e-5, 0.000299207)), (2, (7, 0.000219515, 0.000116924, 0.000336687))]), (11328, 16, 0.000664274, [(2, (0, 0.00025032, 1.5319e-5, 0.000265883)), (2, (1, 0.000325351, 0.000267645, 0.000593343)), (2, (2, 0.000255068, 0.000206418, 0.000461766)), (2, (3, 0.000297649, 0.000224584, 0.000522531)), (2, (4, 0.000285194, 3.2408e-5, 0.000317839)), (2, (5, 0.000293091, 0.000117585, 0.000410949)), (2, (6, 0.000299962, 5.0044e-5, 0.000350334)), (2, (7, 0.000278862, 0.00013768, 0.000416857))]), (11344, 16, 0.000662486, [(2, (0, 0.000431579, 1.4111e-5, 0.000445992)), (2, (1, 0.000303702, 9.7469e-5, 0.000401632)), (2, (2, 0.000412313, 2.9298e-5, 0.000442006)), (2, (3, 0.000282343, 0.0001076, 0.000390192)), (2, (4, 0.000288332, 4.7252e-5, 0.000335826)), (2, (5, 0.000389531, 0.00023163, 0.000621471)), (2, (6, 0.00041297, 0.000161104, 0.000574477)), (2, (7, 0.000393007, 0.000192589, 0.000586035))]), (11360, 16, 0.000539839, [(2, (0, 0.000280314, 1.9282e-5, 0.000299851)), (2, (1, 0.000266249, 3.5094e-5, 0.00030157)), (2, (2, 0.000228599, 0.000115795, 0.000344844)), (2, (3, 0.000216861, 0.000140218, 0.000357343)), (2, (4, 0.000255224, 5.3334e-5, 0.000308795)), (2, (5, 0.000298095, 0.000190666, 0.000489209)), (2, (6, 0.000319915, 6.8318e-5, 0.000388454)), (2, (7, 0.000295901, 8.4189e-5, 0.000380324))]), (11376, 16, 0.000419547, [(2, (0, 0.000232743, 1.3456e-5, 0.000246424)), (2, (1, 0.00024924, 7.7544e-5, 0.000327042)), (2, (2, 0.000247204, 3.1229e-5, 0.000278655)), (2, (3, 0.000275094, 0.000115712, 0.000391071)), (2, (4, 0.00025039, 4.8227e-5, 0.000298883)), (2, (5, 0.000252864, 9.0128e-5, 0.000343236)), (2, (6, 0.000254802, 6.039e-5, 0.000315427)), (2, (7, 0.000245812, 0.000106274, 0.000352284))]), (11392, 16, 0.000448001, [(2, (0, 0.000259257, 1.7792e-5, 0.000277334)), (2, (1, 0.000311081, 3.7584e-5, 0.000348922)), (2, (2, 0.000327508, 9.9119e-5, 0.000426872)), (2, (3, 0.000274476, 0.000122666, 0.000397381)), (2, (4, 0.000290601, 5.2983e-5, 0.000343817)), (2, (5, 0.000289894, 0.000115724, 0.00040585)), (2, (6, 0.000262713, 6.8151e-5, 0.000331112)), (2, (7, 0.000319354, 8.3482e-5, 0.00040307))]), (11408, 16, 0.000597075, [(2, (0, 0.000332135, 9.6341e-5, 0.000428699)), (2, (1, 0.000328293, 0.00011139, 0.000439913)), (2, (2, 0.000316577, 4.8489e-5, 0.000365303)), (2, (3, 0.000286689, 6.5656e-5, 0.000352628)), (2, (4, 0.000313764, 3.3732e-5, 0.000347715)), (2, (5, 0.000302112, 8.0589e-5, 0.00038292)), (2, (6, 0.000380704, 3.2593e-5, 0.000413524)), (2, (7, 0.000371464, 0.000133098, 0.00050498))]), (11424, 16, 0.000478337, [(2, (0, 0.0002876, 4.6646e-5, 0.000334451)), (2, (1, 0.00029588, 6.2083e-5, 0.000358189)), (2, (2, 0.000339423, 9.397e-5, 0.000433658)), (2, (3, 0.000313019, 0.000109989, 0.000423239)), (2, (4, 0.000322989, 3.0819e-5, 0.000354078)), (2, (5, 0.000313384, 0.000124451, 0.000441159)), (2, (6, 0.000304306, 7.8421e-5, 0.000382969)), (2, (7, 0.000296757, 0.000131713, 0.000428724))]), (11440, 16, 0.000498441, [(2, (0, 0.000339407, 1.5909e-5, 0.00035557)), (2, (1, 0.000311875, 1.9122e-5, 0.000331409)), (2, (2, 0.000320498, 7.6692e-5, 0.000397429)), (2, (3, 0.00027368, 0.000117185, 0.000391113)), (2, (4, 0.000303481, 7.0473e-5, 0.000374173)), (2, (5, 0.000295422, 0.00010192, 0.000397593)), (2, (6, 0.000317219, 0.000133277, 0.000450742)), (2, (7, 0.000244364, 0.000139735, 0.000384317))]), (11456, 16, 0.000621469, [(2, (0, 0.000356, 1.3924e-5, 0.000370182)), (2, (1, 0.000417261, 1.5968e-5, 0.000433461)), (2, (2, 0.000540946, 4.2459e-5, 0.000583652)), (2, (3, 0.000339839, 4.2973e-5, 0.000383057)), (2, (4, 0.000297998, 0.000173327, 0.000471537)), (2, (5, 0.000322423, 0.000220499, 0.000543179)), (2, (6, 0.000410537, 0.0001737, 0.000584756)), (2, (7, 0.000287348, 0.000220117, 0.000507773))]), (11472, 16, 0.000578515, [(2, (0, 0.000273535, 1.7049e-5, 0.000290812)), (2, (1, 0.000258849, 6.3205e-5, 0.000322322)), (2, (2, 0.000299695, 5.0754e-5, 0.000350704)), (2, (3, 0.000241681, 0.000151025, 0.000392912)), (2, (4, 0.000241377, 3.1422e-5, 0.000273049)), (2, (5, 0.00024112, 7.738e-5, 0.000318742)), (2, (6, 0.000310225, 3.4342e-5, 0.000344836)), (2, (7, 0.000323922, 0.000151612, 0.000475954))]), (11488, 16, 0.000694168, [(2, (0, 0.000217441, 5.0259e-5, 0.000267927)), (2, (1, 0.000254314, 6.6975e-5, 0.000323743)), (2, (2, 0.000451501, 0.00018709, 0.000639007)), (2, (3, 0.000251392, 0.000185906, 0.000437539)), (2, (4, 0.000238603, 1.931e-5, 0.000258137)), (2, (5, 0.000254857, 9.7461e-5, 0.000352505)), (2, (6, 0.000293256, 3.6842e-5, 0.000330347)), (2, (7, 0.000289479, 8.3466e-5, 0.000373198))]), (11504, 16, 0.000499152, [(2, (0, 0.000238125, 1.2609e-5, 0.000250987)), (2, (1, 0.000267747, 7.6342e-5, 0.000344328)), (2, (2, 0.000249369, 3.1242e-5, 0.000280855)), (2, (3, 0.000292472, 0.000171202, 0.000464078)), (2, (4, 0.000245799, 4.5288e-5, 0.000291332)), (2, (5, 0.000238695, 9.3948e-5, 0.000332838)), (2, (6, 0.000238219, 6.0839e-5, 0.000299327)), (2, (7, 0.000225397, 0.000171524, 0.000397169))]), (11520, 16, 0.000388407, [(2, (0, 0.000214088, 1.8068e-5, 0.000232402)), (2, (1, 0.000232041, 3.563e-5, 0.000267872)), (2, (2, 0.000224893, 9.6409e-5, 0.000321541)), (2, (3, 0.000240788, 0.000111969, 0.000352972)), (2, (4, 0.000215783, 5.1404e-5, 0.000267433)), (2, (5, 0.000213118, 0.000118016, 0.000331346)), (2, (6, 0.000225823, 6.6744e-5, 0.000292784)), (2, (7, 0.000255859, 8.1312e-5, 0.000337385))]), (11536, 16, 0.000530747, [(2, (0, 0.000263559, 1.8228e-5, 0.000282012)), (2, (1, 0.000280628, 2.5451e-5, 0.000306305)), (2, (2, 0.000255648, 7.9672e-5, 0.000335558)), (2, (3, 0.000352661, 0.000129388, 0.00048275)), (2, (4, 0.0002691, 4.9278e-5, 0.000318596)), (2, (5, 0.000246291, 7.866e-5, 0.000325189)), (2, (6, 0.000238103, 6.3617e-5, 0.000301942)), (2, (7, 0.000295185, 7.5309e-5, 0.000370733))]), (11552, 16, 0.000670947, [(2, (0, 0.000258954, 1.5658e-5, 0.000274849)), (2, (1, 0.000216466, 3.2907e-5, 0.000249584)), (2, (2, 0.000217025, 9.196e-5, 0.000309203)), (2, (3, 0.000306572, 0.000114019, 0.000420804)), (2, (4, 0.000225513, 4.7468e-5, 0.000273219)), (2, (5, 0.000226052, 7.6605e-5, 0.000302861)), (2, (6, 0.000533929, 6.2215e-5, 0.000596409)), (2, (7, 0.000244884, 0.000107765, 0.00035289))]), (11568, 16, 0.000570508, [(2, (0, 0.000227146, 1.0364e-5, 0.000237755)), (2, (1, 0.000378098, 0.000109543, 0.000488128)), (2, (2, 0.000258015, 6.4713e-5, 0.00032296)), (2, (3, 0.000347411, 0.000127867, 0.000475739)), (2, (4, 0.000260539, 1.9392e-5, 0.000280169)), (2, (5, 0.000301246, 0.000155921, 0.000461333)), (2, (6, 0.000293344, 5.6196e-5, 0.000349905)), (2, (7, 0.000252514, 0.000224824, 0.000477661))]), (11584, 16, 0.000557676, [(2, (0, 0.000256316, 1.5648e-5, 0.00027218)), (2, (1, 0.000260229, 3.262e-5, 0.00029305)), (2, (2, 0.000256601, 0.000100121, 0.000356947)), (2, (3, 0.000257858, 0.000133895, 0.000391982)), (2, (4, 0.000251817, 4.5858e-5, 0.000297918)), (2, (5, 0.000435338, 7.7605e-5, 0.000513251)), (2, (6, 0.000258481, 6.2939e-5, 0.000321707)), (2, (7, 0.000301007, 0.000128783, 0.000430089))]), (11600, 16, 0.000695906, [(2, (0, 0.000249508, 1.7248e-5, 0.00026703)), (2, (1, 0.000230708, 3.5168e-5, 0.000266146)), (2, (2, 0.000319751, 0.000103716, 0.000423719)), (2, (3, 0.000250238, 0.000148207, 0.000398677)), (2, (4, 0.000229189, 4.8393e-5, 0.000277837)), (2, (5, 0.00020995, 8.0113e-5, 0.000290327)), (2, (6, 0.000228205, 6.4795e-5, 0.000293343)), (2, (7, 0.000374063, 0.000150922, 0.000525395))]), (11616, 13, 0.000430588, [(2, (0, 0.000262731, 1.9822e-5, 0.000282811)), (2, (1, 0.00021489, 6.7786e-5, 0.000282951)), (2, (2, 0.000223012, 4.7847e-5, 0.000271114)), (2, (3, 0.000172333, 0.000166509, 0.000339096)), (2, (4, 0.000251, 3.6041e-5, 0.000287309)), (1, (5, 0.000114924, 0.000150443, 0.000265715)), (1, (6, 0.000203061, 0.000132116, 0.000335408)), (1, (7, 0.000122495, 0.000174849, 0.000297544))]), (11632, 16, 0.000419003, [(2, (0, 0.000255042, 1.8088e-5, 0.000273377)), (2, (1, 0.000251037, 0.00010502, 0.000356267)), (2, (2, 0.000249902, 3.5327e-5, 0.000285499)), (2, (3, 0.000281294, 0.000124416, 0.000405968)), (2, (4, 0.00026035, 5.3324e-5, 0.000313891)), (2, (5, 0.000268635, 8.6642e-5, 0.000355522)), (2, (6, 0.000258658, 6.9301e-5, 0.000328176)), (2, (7, 0.000243235, 0.000130415, 0.000373864))]), (11648, 16, 0.001019654, [(2, (0, 0.000255846, 2.0547e-5, 0.000276648)), (2, (1, 0.000286181, 2.129e-5, 0.000307669)), (2, (2, 0.000243377, 6.7028e-5, 0.000310809)), (2, (3, 0.000197594, 7.3283e-5, 0.000271116)), (2, (4, 0.000221111, 5.6219e-5, 0.000277556)), (2, (5, 0.000852463, 8.0136e-5, 0.000932849)), (2, (6, 0.00025361, 7.4455e-5, 0.000328309)), (2, (7, 0.000285671, 7.7092e-5, 0.000363006))]), (11664, 16, 0.000509459, [(2, (0, 0.000276736, 5.6745e-5, 0.000333848)), (2, (1, 0.000212312, 7.8918e-5, 0.000291506)), (2, (2, 0.000268498, 0.000167706, 0.000436455)), (2, (3, 0.000281288, 0.000185175, 0.000466689)), (2, (4, 0.00025559, 2.1098e-5, 0.000276929)), (2, (5, 0.000232373, 0.000114961, 0.000347618)), (2, (6, 0.000265542, 3.9725e-5, 0.000305476)), (2, (7, 0.000298833, 9.6457e-5, 0.000395609))]), (11680, 16, 0.000589059, [(2, (0, 0.000318262, 1.6472e-5, 0.000335043)), (2, (1, 0.000245687, 3.239e-5, 0.000278303)), (2, (2, 0.000300529, 2.3582e-5, 0.000352204)), (2, (3, 0.000238112, 3.5793e-5, 0.000274133)), (2, (4, 0.000458345, 8.2867e-5, 0.000541678)), (2, (5, 0.000295596, 0.000216506, 0.00051235)), (2, (6, 0.000352413, 0.000114154, 0.000466939)), (2, (7, 0.000298481, 0.000127164, 0.000425921))]), (11696, 16, 0.000608576, [(2, (0, 0.000269403, 1.732e-5, 0.000286967)), (2, (1, 0.000256592, 8.0486e-5, 0.00033733)), (2, (2, 0.000513683, 6.2921e-5, 0.000576859)), (2, (3, 0.000326487, 0.000218432, 0.000545378)), (2, (4, 0.000369275, 3.3723e-5, 0.000403303)), (2, (5, 0.000241794, 0.000105193, 0.000347196)), (2, (6, 0.000248925, 9.1025e-5, 0.000340186)), (2, (7, 0.000233654, 0.000154908, 0.000388781))]), (11712, 16, 0.000569487, [(2, (0, 0.000227197, 1.6073e-5, 0.000243502)), (2, (1, 0.000206433, 8.6026e-5, 0.000293393)), (2, (2, 0.000217159, 4.6583e-5, 0.000263995)), (2, (3, 0.000237671, 0.000116156, 0.000354101)), (2, (4, 0.00025435, 3.4099e-5, 0.000288699)), (2, (5, 0.000240733, 9.9831e-5, 0.000340795)), (2, (6, 0.000229783, 8.6552e-5, 0.00031659)), (2, (7, 0.000317405, 0.000152412, 0.000470262))]), (11728, 16, 0.000560336, [(2, (0, 0.000237908, 2.0109e-5, 0.000258271)), (2, (1, 0.000261421, 3.7772e-5, 0.00029945)), (2, (2, 0.000351489, 0.000102531, 0.000454291)), (2, (3, 0.000317992, 0.000195574, 0.00051381)), (2, (4, 0.000248662, 5.1735e-5, 0.000300604)), (2, (5, 0.000258576, 8.7064e-5, 0.000345864)), (2, (6, 0.000261916, 7.3728e-5, 0.000335901)), (2, (7, 0.000282955, 0.00012105, 0.000404227))]), (11744, 16, 0.000441741, [(2, (0, 0.000266491, 2.0393e-5, 0.000287105)), (2, (1, 0.000233427, 6.385e-5, 0.000297529)), (2, (2, 0.000234184, 4.9288e-5, 0.000283688)), (2, (3, 0.000271629, 7.7872e-5, 0.000349716)), (2, (4, 0.000204924, 3.5877e-5, 0.000241052)), (2, (5, 0.000271179, 0.000108102, 0.000379526)), (2, (6, 0.000198399, 0.000103993, 0.000302593)), (2, (7, 0.000268396, 0.000117525, 0.000386141))]), (11760, 16, 0.00071138, [(2, (0, 0.00022152, 6.5357e-5, 0.000287123)), (2, (1, 0.000416022, 0.000124007, 0.000540546)), (2, (2, 0.000389248, 0.000290149, 0.000679653)), (2, (3, 0.000258003, 0.000299129, 0.000557379)), (2, (4, 0.000364212, 4.9003e-5, 0.000413424)), (2, (5, 0.000404428, 0.000181408, 0.000586064)), (2, (6, 0.000448816, 8.1831e-5, 0.000530921)), (2, (7, 0.00032317, 0.000131823, 0.000455238))]), (11776, 16, 0.000557104, [(2, (0, 0.000351859, 1.766e-5, 0.000369804)), (2, (1, 0.00026052, 8.6596e-5, 0.000347455)), (2, (2, 0.000265642, 3.5919e-5, 0.000301822)), (2, (3, 0.000229668, 0.000107417, 0.000337345)), (2, (4, 0.000230902, 5.3546e-5, 0.000284716)), (2, (5, 0.000276978, 0.000147941, 0.00042522)), (2, (6, 0.000245942, 0.000135572, 0.000381738)), (2, (7, 0.00022422, 0.000285707, 0.000510068))]), (11792, 16, 0.000541437, [(2, (0, 0.000336477, 1.4057e-5, 0.000350775)), (2, (1, 0.000285112, 1.585e-5, 0.000301171)), (2, (2, 0.000297509, 7.3622e-5, 0.000371389)), (2, (3, 0.000290189, 8.0062e-5, 0.000370459)), (2, (4, 0.000284561, 6.484e-5, 0.000349693)), (2, (5, 0.000261678, 0.000233555, 0.000495485)), (2, (6, 0.000276727, 8.2923e-5, 0.000359908)), (2, (7, 0.000309796, 8.58e-5, 0.000395878))]), (11808, 15, 0.000403395, [(2, (0, 0.000205522, 3.7723e-5, 0.00024361)), (2, (1, 0.000273776, 6.7308e-5, 0.000341341)), (2, (2, 0.000323025, 2.5791e-5, 0.00034905)), (2, (3, 0.000271898, 5.2485e-5, 0.000324637)), (2, (4, 0.000256176, 1.473e-5, 0.000271141)), (2, (5, 0.000270249, 9.9815e-5, 0.000370292)), (2, (6, 0.000242415, 8.4792e-5, 0.000327434)), (1, (7, 0.000113504, 0.000112171, 0.000225886))]), (11824, 13, 0.000410671, [(2, (0, 0.000231499, 1.7991e-5, 0.00024976)), (2, (1, 0.000283821, 9.5055e-5, 0.000379085)), (2, (2, 0.000366778, 3.6375e-5, 0.000403432)), (2, (3, 0.000292941, 6.6063e-5, 0.000359221)), (2, (4, 0.000277714, 5.2514e-5, 0.00033047)), (1, (5, 0.000130806, 0.000108252, 0.000239291)), (1, (6, 0.000105087, 8.1804e-5, 0.00018708)), (1, (7, 0.000119934, 0.00011856, 0.000238717))]), (11840, 16, 0.00040298, [(2, (0, 0.000293395, 4.6686e-5, 0.000340289)), (2, (1, 0.00026026, 9.3159e-5, 0.000353639)), (2, (2, 0.000263069, 6.0969e-5, 0.000324265)), (2, (3, 0.000255571, 0.000108274, 0.000364094)), (2, (4, 0.000244468, 1.8897e-5, 0.00026362)), (2, (5, 0.000268424, 0.000124933, 0.00039363)), (2, (6, 0.000279096, 3.2192e-5, 0.000311515)), (2, (7, 0.00026034, 7.7719e-5, 0.000338273))]), (11856, 16, 0.000472772, [(2, (0, 0.000239964, 1.7809e-5, 0.000258035)), (2, (1, 0.000302797, 3.5058e-5, 0.000338061)), (2, (2, 0.000299864, 9.6006e-5, 0.000396106)), (2, (3, 0.00030064, 0.000119564, 0.000420491)), (2, (4, 0.000355325, 5.0666e-5, 0.000406223)), (2, (5, 0.000294016, 7.9177e-5, 0.000373416)), (2, (6, 0.000264153, 6.3728e-5, 0.00032811)), (2, (7, 0.000262722, 0.000113879, 0.000376853))]), (11872, 16, 0.000664184, [(2, (0, 0.00025423, 9.192e-6, 0.000263616)), (2, (1, 0.000267305, 3.4296e-5, 0.000301869)), (2, (2, 0.0003835, 2.1122e-5, 0.000404876)), (2, (3, 0.000277257, 5.0386e-5, 0.000327859)), (2, (4, 0.000364364, 1.6727e-5, 0.00038154)), (2, (5, 0.000197043, 0.000264829, 0.000461994)), (2, (6, 0.000385894, 9.1891e-5, 0.00047827)), (2, (7, 0.000226007, 0.000302837, 0.000528954))]), (11888, 16, 0.000656715, [(2, (0, 0.000218513, 2.2492e-5, 0.000241229)), (2, (1, 0.000211444, 9.3356e-5, 0.000305071)), (2, (2, 0.000354355, 7.8099e-5, 0.000432753)), (2, (3, 0.000338415, 0.000242258, 0.000580787)), (2, (4, 0.000248246, 6.7791e-5, 0.000316333)), (2, (5, 0.000414662, 0.000180582, 0.000595739)), (2, (6, 0.000236747, 0.000128061, 0.000365128)), (2, (7, 0.000272089, 0.000305889, 0.00057813))]), (11904, 16, 0.000558649, [(2, (0, 0.000243872, 1.847e-5, 0.000262608)), (2, (1, 0.000253107, 2.0814e-5, 0.000274149)), (2, (2, 0.000239612, 0.000101712, 0.000341552)), (2, (3, 0.000284017, 0.000122423, 0.000406695)), (2, (4, 0.000472334, 5.2958e-5, 0.000525536)), (2, (5, 0.000283268, 7.0484e-5, 0.000354166)), (2, (6, 0.000274877, 5.3629e-5, 0.000328808)), (2, (7, 0.000279262, 8.6979e-5, 0.000366534))]), (11920, 16, 0.000451694, [(2, (0, 0.000274542, 1.7276e-5, 0.000292236)), (2, (1, 0.000285108, 0.000103376, 0.000388751)), (2, (2, 0.000235924, 6.8873e-5, 0.000305037)), (2, (3, 0.000293799, 0.000126624, 0.000420669)), (2, (4, 0.000267879, 3.5496e-5, 0.000303609)), (2, (5, 0.000282125, 0.000121343, 0.000403748)), (2, (6, 0.000307874, 5.1893e-5, 0.000360037)), (2, (7, 0.000262027, 8.5613e-5, 0.000347913))]), (11936, 16, 0.000583332, [(2, (0, 0.000243511, 1.4292e-5, 0.000258063)), (2, (1, 0.000307267, 1.6619e-5, 0.000324123)), (2, (2, 0.000304352, 7.6547e-5, 0.000381155)), (2, (3, 0.000406384, 0.000125791, 0.000532615)), (2, (4, 0.000292822, 5.1297e-5, 0.000344318)), (2, (5, 0.000306589, 6.6391e-5, 0.000373215)), (2, (6, 0.000307377, 5.8381e-5, 0.000366119)), (2, (7, 0.000315844, 7.748e-5, 0.000393751))]), (11952, 16, 0.000483322, [(2, (0, 0.00028015, 1.3435e-5, 0.000293834)), (2, (1, 0.000289894, 2.993e-5, 0.000320041)), (2, (2, 0.00029979, 9.3152e-5, 0.000393222)), (2, (3, 0.000294899, 0.000116737, 0.000411863)), (2, (4, 0.000284316, 4.5439e-5, 0.000329995)), (2, (5, 0.000292192, 0.000112267, 0.000404688)), (2, (6, 0.000279079, 6.3256e-5, 0.000342531)), (2, (7, 0.000271532, 7.8661e-5, 0.000350436))]), (11968, 16, 0.000418263, [(2, (0, 0.000230626, 1.3688e-5, 0.000244657)), (2, (1, 0.000243752, 3.4242e-5, 0.000278212)), (2, (2, 0.000280578, 9.9992e-5, 0.000380834)), (2, (3, 0.000251638, 0.000123447, 0.000375331)), (2, (4, 0.000331764, 5.0116e-5, 0.000382234)), (2, (5, 0.000236924, 8.3312e-5, 0.000320488)), (2, (6, 0.000286227, 6.749e-5, 0.000353981)), (2, (7, 0.000224171, 0.000116568, 0.000340966))]), (11984, 16, 0.000674598, [(2, (0, 0.000250134, 1.6221e-5, 0.000266629)), (2, (1, 0.00041703, 8.0237e-5, 0.000497535)), (2, (2, 0.000334242, 0.00010968, 0.000444237)), (2, (3, 0.000261935, 0.000208343, 0.000470504)), (2, (4, 0.000248085, 3.5854e-5, 0.000284172)), (2, (5, 0.000416271, 0.000149207, 0.000565882)), (2, (6, 0.000278316, 8.1034e-5, 0.000359562)), (2, (7, 0.000276958, 9.2509e-5, 0.00036972))]), (12000, 16, 0.000476353, [(2, (0, 0.00028216, 4.1874e-5, 0.000324564)), (2, (1, 0.000347647, 9.1189e-5, 0.000439055)), (2, (2, 0.000389043, 7.3384e-5, 0.00046272)), (2, (3, 0.000231299, 0.000157686, 0.000389248)), (2, (4, 0.000260202, 5.9227e-5, 0.000319699)), (2, (5, 0.000241878, 0.000164337, 0.000406465)), (2, (6, 0.000217993, 0.000110312, 0.000328539)), (2, (7, 0.000210257, 0.000133122, 0.000343639))]), (12016, 16, 0.000572542, [(2, (0, 0.000236336, 7.407e-6, 0.000243929)), (2, (1, 0.000392227, 0.000143956, 0.000541156)), (2, (2, 0.000254866, 0.000128193, 0.000383311)), (2, (3, 0.000297957, 0.00018456, 0.000482968)), (2, (4, 0.000242729, 7.7843e-5, 0.000320839)), (2, (5, 0.000313956, 0.000107999, 0.000422226)), (2, (6, 0.000267514, 9.2881e-5, 0.00036065)), (2, (7, 0.000271483, 0.0001602, 0.000431904))]), (12032, 15, 0.000580542, [(2, (0, 0.000267984, 1.9197e-5, 0.000287444)), (2, (1, 0.000396948, 9.3137e-5, 0.000490346)), (2, (2, 0.000282916, 7.6491e-5, 0.000359657)), (2, (3, 0.000310413, 0.000188125, 0.000499008)), (2, (4, 0.000258019, 4.722e-5, 0.000305454)), (2, (5, 0.000284616, 0.000111019, 0.000395906)), (2, (6, 0.000317272, 6.1304e-5, 0.000378836)), (1, (7, 0.000108786, 0.000183977, 0.000293002))]), (12048, 15, 0.000553125, [(2, (0, 0.000258287, 1.9418e-5, 0.000277936)), (2, (1, 0.00025032, 6.7166e-5, 0.000317718)), (2, (2, 0.00027859, 5.3236e-5, 0.00033222)), (2, (3, 0.000292993, 0.000147393, 0.000440827)), (2, (4, 0.000224145, 3.9245e-5, 0.00026362)), (2, (5, 0.000325616, 0.000143992, 0.000469846)), (2, (6, 0.000411652, 8.2578e-5, 0.000494475)), (1, (7, 0.000363108, 0.000100129, 0.00046358))]), (12064, 16, 0.000425469, [(2, (0, 0.000188837, 1.7354e-5, 0.000206433)), (2, (1, 0.000286612, 6.3647e-5, 0.000350477)), (2, (2, 0.000228168, 5.0733e-5, 0.000279114)), (2, (3, 0.000283875, 0.000113714, 0.000397882)), (2, (4, 0.000252964, 3.5776e-5, 0.000288978)), (2, (5, 0.000260139, 9.537e-5, 0.000355705)), (2, (6, 0.000318795, 7.9457e-5, 0.000398667)), (2, (7, 0.000214611, 0.000132047, 0.000346927))]), (12080, 16, 0.000870871, [(2, (0, 0.000469829, 9.8196e-5, 0.000568316)), (2, (1, 0.000255007, 0.000556508, 0.00081183)), (2, (2, 0.000400433, 5.2431e-5, 0.000453136)), (2, (3, 0.000286545, 8.1521e-5, 0.000368326)), (2, (4, 0.000203879, 1.9453e-5, 0.000223564)), (2, (5, 0.00027639, 6.8969e-5, 0.000345639)), (2, (6, 0.000509423, 2.6624e-5, 0.000536332)), (2, (7, 0.000338917, 3.7455e-5, 0.000376623))]), (12096, 16, 0.000641659, [(2, (0, 0.000375682, 1.4121e-5, 0.000390085)), (2, (1, 0.000325328, 8.7695e-5, 0.000413351)), (2, (2, 0.000355312, 4.1147e-5, 0.000396691)), (2, (3, 0.000358324, 0.000104533, 0.000463231)), (2, (4, 0.000336371, 5.8818e-5, 0.000395591)), (2, (5, 0.000340425, 0.000156652, 0.000497375)), (2, (6, 0.000463999, 0.000127097, 0.000591438)), (2, (7, 0.000321399, 0.000164058, 0.000485683))]), (12112, 16, 0.000864455, [(2, (0, 0.000349606, 2.4457e-5, 0.000374318)), (2, (1, 0.000348896, 7.2782e-5, 0.000421946)), (2, (2, 0.000404969, 5.5443e-5, 0.000460659)), (2, (3, 0.000466309, 0.000135008, 0.000601582)), (2, (4, 0.000603883, 4.349e-5, 0.000647664)), (2, (5, 0.000648062, 0.000111537, 0.000759872)), (2, (6, 0.000490842, 9.0999e-5, 0.000582137)), (2, (7, 0.000629906, 0.000126723, 0.000756915))]), (12128, 16, 0.000692389, [(2, (0, 0.000425087, 2.0659e-5, 0.000445985)), (2, (1, 0.000340633, 8.4083e-5, 0.000425026)), (2, (2, 0.000372551, 5.458e-5, 0.000427383)), (2, (3, 0.000486012, 0.000157999, 0.000644468)), (2, (4, 0.000394552, 3.6515e-5, 0.000431356)), (2, (5, 0.000389822, 0.000115499, 0.000505592)), (2, (6, 0.000352069, 9.882e-5, 0.000451108)), (2, (7, 0.00042198, 0.000132344, 0.000554548))]), (12144, 16, 0.000599716, [(2, (0, 0.000357375, 2.095e-5, 0.000378612)), (2, (1, 0.00029128, 0.000100491, 0.000391971)), (2, (2, 0.00030345, 5.5139e-5, 0.000358832)), (2, (3, 0.000396855, 8.5331e-5, 0.00048246)), (2, (4, 0.000373348, 4.0009e-5, 0.000413613)), (2, (5, 0.000431239, 0.000123779, 0.000555261)), (2, (6, 0.00047298, 6.8991e-5, 0.000542202)), (2, (7, 0.000313889, 0.000117048, 0.0004312))]), (12160, 16, 0.000629902, [(2, (0, 0.000295001, 1.8105e-5, 0.000313351)), (2, (1, 0.000426616, 0.000182434, 0.000609291)), (2, (2, 0.000504925, 6.6746e-5, 0.000571923)), (2, (3, 0.000421002, 0.000117561, 0.000538831)), (2, (4, 0.000505352, 3.4948e-5, 0.000540626)), (2, (5, 0.000311706, 0.000229816, 0.000541775)), (2, (6, 0.000289491, 5.0273e-5, 0.000340012)), (2, (7, 0.000362494, 0.000221297, 0.000584127))]), (12176, 16, 0.001077699, [(2, (0, 0.000546667, 2.3671e-5, 0.000570658)), (2, (1, 0.000562485, 0.000284076, 0.000846923)), (2, (2, 0.000435764, 0.000217938, 0.000653977)), (2, (3, 0.000597241, 0.000285608, 0.000883365)), (2, (4, 0.000478258, 5.4105e-5, 0.000532651)), (2, (5, 0.000468196, 0.000191257, 0.000659705)), (2, (6, 0.000477653, 0.000160838, 0.000638816)), (2, (7, 0.000738538, 0.000160793, 0.000899635))]), (12192, 16, 0.00073813, [(2, (0, 0.000436257, 1.7848e-5, 0.000454375)), (2, (1, 0.000435663, 6.5704e-5, 0.000501631)), (2, (2, 0.000329555, 4.9393e-5, 0.000379203)), (2, (3, 0.000400833, 0.000180037, 0.00058132)), (2, (4, 0.000410292, 3.4784e-5, 0.000445398)), (2, (5, 0.000379129, 9.7877e-5, 0.000477246)), (2, (6, 0.000478261, 8.2053e-5, 0.000560692)), (2, (7, 0.000511411, 0.000134608, 0.000646275))]), (12208, 16, 0.000862624, [(2, (0, 0.000351816, 1.797e-5, 0.000370032)), (2, (1, 0.000472888, 8.0376e-5, 0.000553524)), (2, (2, 0.000496493, 4.8968e-5, 0.000545706)), (2, (3, 0.000414313, 6.3978e-5, 0.00047854)), (2, (4, 0.000583312, 3.4492e-5, 0.000618066)), (2, (5, 0.000301328, 0.00011514, 0.000416734)), (2, (6, 0.00031026, 9.714e-5, 0.000407677)), (2, (7, 0.000599955, 0.00016303, 0.000763762))]), (12224, 16, 0.000777797, [(2, (0, 0.000278189, 1.7334e-5, 0.00029579)), (2, (1, 0.000434002, 0.000101392, 0.000535653)), (2, (2, 0.000478351, 3.4888e-5, 0.000513474)), (2, (3, 0.000384967, 0.000114565, 0.000499762)), (2, (4, 0.000624927, 4.9777e-5, 0.000674949)), (2, (5, 0.000560526, 0.000147118, 0.00070791)), (2, (6, 0.000454636, 0.000132763, 0.000587613)), (2, (7, 0.000461973, 0.000154137, 0.000616363))]), (12240, 16, 0.000642097, [(2, (0, 0.000505557, 1.7759e-5, 0.000523561)), (2, (1, 0.000420717, 0.000156075, 0.000577249)), (2, (2, 0.000435066, 5.9955e-5, 0.000495297)), (2, (3, 0.000367801, 0.000108685, 0.000476851)), (2, (4, 0.000372581, 3.3844e-5, 0.000406725)), (2, (5, 0.000309334, 0.000201149, 0.000510739)), (2, (6, 0.000311934, 0.00016783, 0.000480021)), (2, (7, 0.000361713, 0.000183174, 0.000545143))]), (12256, 16, 0.000982254, [(2, (0, 0.000345999, 1.8686e-5, 0.000364973)), (2, (1, 0.000514108, 6.6555e-5, 0.000580953)), (2, (2, 0.000401909, 3.5227e-5, 0.000437388)), (2, (3, 0.000431615, 8.2939e-5, 0.000514786)), (2, (4, 0.000448211, 2.3006e-5, 0.000471436)), (2, (5, 0.000717834, 0.000155908, 0.000874065)), (2, (6, 0.000555685, 4.9997e-5, 0.000605916)), (2, (7, 0.000448336, 0.000153128, 0.000601919))]), (12272, 16, 0.000564691, [(2, (0, 0.000321881, 1.8063e-5, 0.000340152)), (2, (1, 0.000332827, 0.00015422, 0.000487307)), (2, (2, 0.000308174, 0.000121672, 0.000430101)), (2, (3, 0.000334906, 0.000137764, 0.000472894)), (2, (4, 0.00028556, 3.6421e-5, 0.000322244)), (2, (5, 0.000263219, 0.000100732, 0.000364203)), (2, (6, 0.00028375, 5.127e-5, 0.000335257)), (2, (7, 0.000307896, 0.000199752, 0.000508407))]), (12288, 16, 0.000441855, [(2, (0, 0.000297433, 2.2547e-5, 0.00032025)), (2, (1, 0.000252885, 0.000103639, 0.000356759)), (2, (2, 0.000283794, 5.4848e-5, 0.000338855)), (2, (3, 0.000261646, 0.000119191, 0.000381075)), (2, (4, 0.000348132, 4.0128e-5, 0.000388536)), (2, (5, 0.000246695, 8.6815e-5, 0.000333749)), (2, (6, 0.000241025, 7.1355e-5, 0.000312641)), (2, (7, 0.00025034, 0.000125844, 0.000376408))]), (12304, 16, 0.000474511, [(2, (0, 0.000205608, 1.9458e-5, 0.000225329)), (2, (1, 0.000243917, 3.7807e-5, 0.000281959)), (2, (2, 0.00030283, 9.8363e-5, 0.000401415)), (2, (3, 0.000263821, 0.000115021, 0.000379088)), (2, (4, 0.000219425, 5.3763e-5, 0.000273421)), (2, (5, 0.00024248, 8.2014e-5, 0.000324732)), (2, (6, 0.000267805, 6.6797e-5, 0.00033482)), (2, (7, 0.000273461, 0.000121846, 0.000395564))]), (12320, 16, 0.000744448, [(2, (0, 0.000277029, 1.379e-5, 0.000291053)), (2, (1, 0.000307192, 1.5507e-5, 0.000322941)), (2, (2, 0.000309283, 9.4506e-5, 0.000404042)), (2, (3, 0.000361515, 0.000125639, 0.000487448)), (2, (4, 0.00038374, 4.8295e-5, 0.00043228)), (2, (5, 0.000307916, 6.1854e-5, 0.000369996)), (2, (6, 0.000296967, 4.8654e-5, 0.000345858)), (2, (7, 0.000550075, 7.9365e-5, 0.000629763))]), (12336, 16, 0.000483917, [(2, (0, 0.000255613, 6.214e-6, 0.00026211)), (2, (1, 0.000263916, 5.3747e-5, 0.000317886)), (2, (2, 0.000262909, 2.6783e-5, 0.000289953)), (2, (3, 0.000253325, 9.0164e-5, 0.000343734)), (2, (4, 0.000347869, 8.119e-6, 0.000356234)), (2, (5, 0.000294324, 0.000145598, 0.000440383)), (2, (6, 0.000256343, 3.723e-5, 0.000293805)), (2, (7, 0.000253158, 7.1648e-5, 0.000325096))]), (12352, 16, 0.000500622, [(2, (0, 0.000239111, 1.6768e-5, 0.000256111)), (2, (1, 0.000249436, 6.4083e-5, 0.000313762)), (2, (2, 0.000250297, 5.0723e-5, 0.000301393)), (2, (3, 0.000321474, 0.000133682, 0.000455538)), (2, (4, 0.000287055, 3.286e-5, 0.000320138)), (2, (5, 0.000268991, 0.000114714, 0.000383982)), (2, (6, 0.000251402, 8.0773e-5, 0.000332412)), (2, (7, 0.000294149, 9.7406e-5, 0.000391801))]), (12368, 15, 0.000420142, [(2, (0, 0.000245222, 1.8654e-5, 0.000264113)), (2, (1, 0.000241414, 6.7131e-5, 0.000308783)), (2, (2, 0.000239719, 5.2827e-5, 0.000292905)), (2, (3, 0.000240516, 8.3907e-5, 0.00032469)), (2, (4, 0.00029392, 3.6701e-5, 0.000330856)), (2, (5, 0.000279661, 0.000112301, 0.000392195)), (2, (6, 0.00028981, 9.9539e-5, 0.000389587)), (1, (7, 0.000143809, 0.00012147, 0.000265532))]), (12384, 16, 0.000418969, [(2, (0, 0.000247279, 1.8505e-5, 0.000266069)), (2, (1, 0.000240597, 3.3593e-5, 0.000274404)), (2, (2, 0.000270319, 9.7186e-5, 0.000367758)), (2, (3, 0.000259584, 0.000109566, 0.000369386)), (2, (4, 0.000251632, 5.1138e-5, 0.000303033)), (2, (5, 0.000225412, 0.000120427, 0.000346076)), (2, (6, 0.000303878, 6.8047e-5, 0.000372163)), (2, (7, 0.000285998, 8.0246e-5, 0.000366458))]), (12400, 16, 0.000458357, [(2, (0, 0.000269839, 1.3437e-5, 0.000283546)), (2, (1, 0.000302424, 3.1544e-5, 0.000334182)), (2, (2, 0.000204165, 9.5364e-5, 0.000299757)), (2, (3, 0.00025698, 0.000116071, 0.000373277)), (2, (4, 0.000232, 4.7765e-5, 0.000280008)), (2, (5, 0.000211509, 0.000122813, 0.000334564)), (2, (6, 0.000324997, 6.2128e-5, 0.000387385)), (2, (7, 0.000203864, 7.8497e-5, 0.000282584))]), (12416, 16, 0.000419838, [(2, (0, 0.000211319, 1.6665e-5, 0.000228247)), (2, (1, 0.00022825, 8.1925e-5, 0.000310477)), (2, (2, 0.000241981, 5.085e-5, 0.000293076)), (2, (3, 0.000220187, 0.000158373, 0.00037878)), (2, (4, 0.000221105, 3.4842e-5, 0.000256159)), (2, (5, 0.00026063, 0.000142895, 0.000403766)), (2, (6, 0.000277421, 0.000129887, 0.000407547)), (2, (7, 0.000235008, 0.000168021, 0.000403263))]), (12432, 16, 0.000452691, [(2, (0, 0.000202137, 1.5615e-5, 0.000217997)), (2, (1, 0.000403859, 1.9719e-5, 0.000424003)), (2, (2, 0.000247028, 5.7805e-5, 0.000305082)), (2, (3, 0.000291472, 6.2978e-5, 0.000354668)), (2, (4, 0.000284292, 4.1206e-5, 0.000325746)), (2, (5, 0.000337234, 5.1485e-5, 0.000389156)), (2, (6, 0.000310305, 4.0958e-5, 0.000351464)), (2, (7, 0.000224796, 5.6238e-5, 0.000281298))]), (12448, 16, 0.000574183, [(2, (0, 0.000224648, 1.6457e-5, 0.000241371)), (2, (1, 0.000382674, 0.000162473, 0.000545376)), (2, (2, 0.000240129, 0.000134985, 0.000375382)), (2, (3, 0.000217954, 0.000159847, 0.000378187)), (2, (4, 0.0002219, 3.7693e-5, 0.000259859)), (2, (5, 0.000263154, 0.000108137, 0.000371516)), (2, (6, 0.00024831, 9.2489e-5, 0.000341007)), (2, (7, 0.000283669, 0.000117159, 0.00040115))]), (12464, 16, 0.000550828, [(2, (0, 0.000221475, 1.6879e-5, 0.000238637)), (2, (1, 0.000262038, 8.5823e-5, 0.000351765)), (2, (2, 0.000270552, 7.1227e-5, 0.000342071)), (2, (3, 0.000271476, 0.00019234, 0.000467311)), (2, (4, 0.000293872, 3.244e-5, 0.000326527)), (2, (5, 0.000209775, 0.000165901, 0.000375902)), (2, (6, 0.000277044, 4.8439e-5, 0.000325709)), (2, (7, 0.000259279, 0.000173218, 0.000432825))]), (12480, 16, 0.000408602, [(2, (0, 0.000248834, 1.8419e-5, 0.00026755)), (2, (1, 0.000238894, 6.4887e-5, 0.000304003)), (2, (2, 0.000317467, 5.0454e-5, 0.000368144)), (2, (3, 0.000250542, 0.000118974, 0.000369775)), (2, (4, 0.000245603, 3.5823e-5, 0.000281666)), (2, (5, 0.000273755, 9.6738e-5, 0.000370764)), (2, (6, 0.000250066, 8.1251e-5, 0.000331579)), (2, (7, 0.000226318, 0.000112089, 0.000338658))]), (12496, 16, 0.000438684, [(2, (0, 0.000259233, 1.5248e-5, 0.000274751)), (2, (1, 0.000242724, 1.7505e-5, 0.000260452)), (2, (2, 0.000242864, 7.7073e-5, 0.000320195)), (2, (3, 0.000266175, 7.6839e-5, 0.000343226)), (2, (4, 0.000249771, 9.0428e-5, 0.000340466)), (2, (5, 0.000245692, 0.000124579, 0.000370493)), (2, (6, 0.000251313, 0.000105291, 0.000356839)), (2, (7, 0.000223889, 0.000119319, 0.000343411))]), (12512, 16, 0.000404162, [(2, (0, 0.000263468, 1.3701e-5, 0.00027738)), (2, (1, 0.000234097, 7.8284e-5, 0.000312642)), (2, (2, 0.000281756, 4.5816e-5, 0.000327797)), (2, (3, 0.000230233, 0.000108743, 0.000339195)), (2, (4, 0.000204372, 3.2452e-5, 0.000237101)), (2, (5, 0.000229598, 9.5801e-5, 0.000325653)), (2, (6, 0.000300441, 6.1025e-5, 0.000361696)), (2, (7, 0.000231515, 0.00011522, 0.000346972))]), (12528, 15, 0.000517513, [(2, (0, 0.000203082, 1.8659e-5, 0.000221999)), (2, (1, 0.000278586, 0.000162777, 0.000441793)), (2, (2, 0.000255071, 3.2844e-5, 0.000288174)), (2, (3, 0.000221888, 6.4391e-5, 0.000286526)), (2, (4, 0.000311999, 4.8484e-5, 0.000360715)), (2, (5, 0.000338044, 0.000115002, 0.000453292)), (2, (6, 0.000311028, 7.9344e-5, 0.000390597)), (1, (7, 0.000174448, 9.5735e-5, 0.000270418))])]
[TIMING] scan_lookup: 0.036s (calls=1)
[TIMING] ungapped_extend: 0.028s (calls=148167)
[TIMING] gapped_extend: 0.343s (calls=31863)
[TIMING] traceback_prune: 16.294s (calls=2)
[TIMING] traceback_sort_prelim: 0.000s
[TIMING] traceback_tree_precheck: 0.006s
[TIMING] traceback_start_offsets: 0.001s
[TIMING] traceback_alignment: 0.006s (dp=0.006s greedy=0.000s)
[TIMING] traceback_hsp_build: 0.014s
[TIMING] purge_common_endpoint_pass1: 0.042s
[TIMING] reevaluate_ambiguities: 0.000s
[TIMING] identity_length_test: 0.000s
[TIMING] purge_common_endpoint_pass2: 0.006s
[TIMING] traceback_score_resort: 0.002s
[TIMING] traceback_final_tree_contains: 0.003s
[TIMING] traceback_final_tree_add: 0.007s
[TIMING] traceback_postprocess: 0.000s
[TIMING] traceback_counts: prelim=12543 tree_skipped=758 full_traceback=11785 deleted_evalue_cutoff=0 deleted_reevaluation=27 deleted_identity_length=0 endpoint_pass1_removed=65 endpoint_pass2_removed=8 final_tree_removed=17
[TIMING] traceback_lengths: edit_script_samples=11785 edit_script_max=307 edit_script_median=1.0 alignment_samples=11785 alignment_max=20413 alignment_median=39.0
[TIMING] format_output: 0.033s (calls=1)
[TIMING] search_total: 16.764s
[TIMING] total: 16.845s
[losat-wasi-threads] worker done tid=2
[losat-wasi-threads] worker done tid=5
[losat-wasi-threads] worker done tid=3
[losat-wasi-threads] worker done tid=6
[losat-wasi-threads] worker done tid=8
[losat-wasi-threads] worker done tid=7
[losat-wasi-threads] worker done tid=1
[losat-wasi-threads] worker done tid=4
[losat-wasi-event] {"event":"exited","at_ms":17351.569634,"tid":3,"code":0}
[losat-wasi-event] {"event":"exited","at_ms":17352.40812,"tid":2,"code":0}
[losat-wasi-event] {"event":"exited","at_ms":17352.673116,"tid":5,"code":0}
[losat-wasi-event] {"event":"exited","at_ms":17352.856184,"tid":6,"code":0}
[losat-wasi-event] {"event":"exited","at_ms":17354.111134,"tid":4,"code":0}
[losat-wasi-event] {"event":"exited","at_ms":17354.779951,"tid":7,"code":0}
[losat-wasi-event] {"event":"exited","at_ms":17354.963495,"tid":8,"code":0}
[losat-wasi-event] {"event":"exited","at_ms":17355.117404,"tid":1,"code":0}
