id	range	ncbi_file	ncbi_lines	ncbi_function	branch	losat_location	status	impact	notes	e2g_action	e2g_result
A-001	A	src/app/blast/blastn_app.cpp	56-68	CBlastnApp::CBlastnApp / ~CBlastnApp	-	-	n/a	none	Sets the full version info and logs version and run time to CBlastUsageReport (telemetry only); no stdout/stderr text, exit status or search effect. The printed version text is a formatter matter (BlastPrintVersionInfo, range F).	-	
A-002	A	src/app/blast/blastn_app.cpp	86-94	CBlastnApp::Init	in-scope keys (SetupArgDescriptions(SetCommandLine()))	cli.rs:63(try_parse_from); algorithm/blastn/args.rs:13(BlastnArgs)	faithful	none	All scoped keys (query, subject, task, word_size, num_threads, evalue, perc_identity, max_target_seqs, max_hsps, out, reward, penalty, gapopen, gapextend, dust, lcase_masking, subject_besthit, outfmt) exist with NCBI names and defaults (query -, out -, task megablast, num_threads 1, outfmt 0); NCBI single-dash syntax is reproduced (-key value, -key=value, flags take no value, --key unknown). Types and constraints are checked per argument class below; -subject is required by clap but optional in NCBI (CBlastDatabaseArgs row).	-	
A-003	A	src/app/blast/blastn_app.cpp	86-94	CBlastnApp::Init	-help (full USAGE text), exit 0	cli.rs:63(try_parse_from); cli.rs:162(render_message)	divergent	low	-help prints clap's help with single-dash names, not NCBI's USAGE/DESCRIPTION text (exit 0 in both). Option is outside the scoped list. -h and -version are rejected (group row).	X-cli	
A-004	A	src/app/blast/blastn_app.cpp	96-114	s_GetMT1Cutoffs	-	-	n/a	none	Called only when db_args->GetDatabaseName() is not empty (Run:140-157), i.e. -db searches; never reached with -subject.	-	
A-005	A	src/app/blast/blastn_app.cpp	116-127	CBlastnApp::Run	SetDiagPostLevel(eDiag_Warning), SetDiagPostPrefix(blastn), SetDiagHandler(CBlastAppDiagHandler)	report/query_warnings.rs:77(few_matches_warning); algorithm/blastn/blast_engine/run.rs:5277(search_cli)	faithful	none	ERR_POST(Warning << msg) prints 'Warning: [blastn] msg'; CBlastAppDiagHandler::Post only forwards to the previous handler (and stores messages for archive output). LOSAT writes the same prefix for each warning it reproduces (Examining 5 or more matches, Query is Empty!, invalid query); NCBI warnings LOSAT lacks are separate rows (num_threads, FASTA reader warnings).	-	
A-006	A	src/app/blast/blastn_app.cpp	128-130	CBlastnApp::Run	RecoverSearchStrategy true (-import_search_strategy)	cli.rs:205(is_unported_blastn_arg)	rejected	low	-import_search_strategy and -export_search_strategy are rejected with 'the NCBI BLAST+ option -... is not supported by LOSAT's BLASTN' (cli.rs:216,221); the saved-strategy path (SetOptionsForSavedStrategy) is never reached.	K-layer	
A-007	A	src/app/blast/blastn_app.cpp	128-133	CBlastnApp::Run	SetOptions(args) of the normal command line	algorithm/blastn/blast_engine/run.rs:5111(run)	faithful	none	LOSAT run() orders the handlers as NCBI's ExtractAlgorithmOptions loop (outfmt pre-parse, subject read, query open, -out create, -dust, formatting warning, validation); see the CBlastAppArgs::SetOptions rows.	-	
A-008	A	src/app/blast/blastn_app.cpp	134-171	CBlastnApp::Run	-subject given: m_NumThreads forced to 1 (CMTArgs), so x_RunMTBySplitDB (db_args->GetDatabaseName() empty, mt_mode eSplitByDB)	algorithm/blastn/blast_engine/run.rs:5396(search); utils/threading.rs:93(with_search_pool)	faithful	none	equivalent: NCBI always runs the single-thread x_RunMTBySplitDB for -subject; LOSAT has one code path (-mt_mode rejected) and may use N threads whose results are merged back in NCBI order. The missing thread warnings are in the CMTArgs rows.	-	
A-009	A	src/app/blast/blastn_app.cpp	172-176	CBlastnApp::Run	CATCH_ALL(status), PrintErrorArchive	cli.rs:397(NativeError); cli.rs:484(exit_on_native_error)	faithful	none	The exit status is the value CATCH_ALL assigns; PrintErrorArchive acts only for -outfmt 11 (not scoped). Exception classes are the CATCH_ALL rows.	-	
A-010	A	src/app/blast/blastn_app.cpp	195-196	CBlastnApp::x_RunMTBySplitDB	InitializeSubject(db_args, ...)	algorithm/blastn/blast_engine/run.rs:5165(run)	faithful	none	Subjects were already read when the CBlastDatabaseArgs handler ran (SetOptions); InitializeSubject only wraps them (see InitializeSubject rows).	-	
A-011	A	src/app/blast/blastn_app.cpp	199-208	CBlastnApp::x_RunMTBySplitDB	InitializeQueryDataLoaderConfiguration, CBlastInputSourceConfig(strand both, lcase mask, parse_deflines false, empty range)	algorithm/blastn/blast_engine/run.rs:5396(search)	faithful	none	Strand both, no -query_loc, believe_defline false; -lcase_masking reaches the reader (lowercase mask rows). Data-loader configuration is only used for Seq-id queries (not on the FASTA path).	-	
A-012	A	src/app/blast/blastn_app.cpp	209-212	CBlastnApp::x_RunMTBySplitDB	IsIStreamEmpty(query stream) true: 'Query is Empty!', return success before the formatter and the prolog	algorithm/blastn/blast_engine/run.rs:5277(search_cli); algorithm/blastn/input.rs:39(is_blank)	faithful	none	'Warning: [blastn] Query is Empty!' and exit 0 with no prolog, after the options are validated and the subjects read; see the IsIStreamEmpty rows for pipes.	-	
A-013	A	src/app/blast/blastn_app.cpp	213-214	CBlastnApp::x_RunMTBySplitDB	CBlastFastaInputSource / CBlastInput construction	algorithm/blastn/blast_engine/run.rs:5018(parse_blastn_fasta)	faithful	none	See the blast_fasta_input.cpp and fasta.cpp rows; LOSAT reads all queries at once with bio and rejects what CFastaReader would read differently.	-	
A-014	A	src/app/blast/blastn_app.cpp	216-221	CBlastnApp::x_RunMTBySplitDB	opt.GetUseIndex() (megablast index)	-	n/a	none	-use_index is rejected, and CMbIndexArgs sets no index for -subject, so GetUseIndex() is false.	-	
A-015	A	src/app/blast/blastn_app.cpp	222-257	CBlastnApp::x_RunMTBySplitDB	CBlastFormat constructed with hit-list counts, megablast flag, subject tag; SetQueryRange/SetLineLength/SetHitsSortOption/SetHspsSortOption/SetCustomDelimiter; UseXInclude false	algorithm/blastn/blast_engine/run.rs:4510(blastn_pairwise_report); algorithm/blastn/blast_engine/run.rs:5707(run_in_pool)	faithful	none	Arguments at the scoped options: num_descriptions/num_alignments 500/250 or max_target_seqs (run.rs:4510), is_megablast from -task, Database tag 'User specified sequence set (Input: <-subject text>)' (run.rs:5707), no gis/html/range, line length 60, sort options -1. The formatter itself is range F.	-	
A-016	A	src/app/blast/blastn_app.cpp	258-258	CBlastnApp::x_RunMTBySplitDB	formatter.PrintProlog(): outfmt 0 prints the prolog before any query is read; outfmt 6/7 print nothing (blast_format.cpp:361)	report/pairwise.rs:1958(write_blastn_pairwise_prolog); algorithm/blastn/blast_engine/run.rs:6310(search_query_batch)	faithful	none	equivalent: LOSAT writes the outfmt 0 prolog together with the report after the search, except for a Karlin-Altschul failure where it is written first (run.rs:6305-6322) so it stays on stdout as in NCBI. Reader errors that NCBI raises after the prolog are rejected by LOSAT before any output (explicit rejections).	-	
A-017	A	src/app/blast/blastn_app.cpp	260-276	CBlastnApp::x_RunMTBySplitDB	batch size set-up: GetQueryBatchSize()==0 (BATCH_SIZE unset), SetTargetHits(total_len/3000) if total_len>0, mixer.GetBatchSize()	algorithm/blastn/blast_engine/run.rs:5598(run_in_pool)	faithful	none	run_in_pool builds BatchSizeMixer with query_chunk_size-1000, applies total_length/3000 as i32 when total_length>0, then batch_size(None). total_len is an int (>=2^31 rejected, run.rs:5494), so total_len/3000 is below the 1e6 minimum target and the first batch is always 5000.	-	
A-018	A	src/app/blast/blastn_app.cpp	277-282	CBlastnApp::x_RunMTBySplitDB	for (; !input.End(); ...): GetNextSeqBatch, CObjMgr_QueryFactory (empty vector throws 'Empty CBlastQueryVector'), SaveSearchStrategy	algorithm/blastn/blast_engine/run.rs:5645(run_in_pool); blastinput/query_batch.rs:52(next_query_batch_end)	faithful	none	Batch grouping is reproduced (next_query_batch_end); SaveSearchStrategy needs -export_search_strategy (rejected). A batch cannot be empty for accepted inputs: trailing blank/comment lines are consumed by the previous record and a blank file is 'Query is Empty!'. A seekable query file with only comment text (no record) gives NCBI 'BLAST engine error: Empty CBlastQueryVector' (exit 3); LOSAT rejects it earlier as FASTA that bio cannot read (exit 1).	-	
A-019	A	src/app/blast/blastn_app.cpp	284-302	CBlastnApp::x_RunMTBySplitDB	local search: CLocalBlast(queries, opts, db_adapter), SetNumberOfThreads, SetBatchNumber, Run, then input.SetBatchSize(mixer.GetBatchSize(lcl_blast.GetNumExtensions())) when batch_size==0	algorithm/blastn/blast_engine/run.rs:5645(run_in_pool)	faithful	none	Next batch size is mixer.batch_size(Some(good_init_extends as u32 as i32)), the Int4 narrowing of the batch diagnostics counter; remote branch is -remote (rejected).	-	
A-020	A	src/app/blast/blastn_app.cpp	303-315	CBlastnApp::x_RunMTBySplitDB	formatting per batch: BlastFormatter_PreFetchSequenceData then PrintOneResultSet for each result, batch_num++	algorithm/blastn/blast_engine/run.rs:4531(post_process_hits_and_write)	faithful	none	equivalent: LOSAT searches all batches, then writes every query's report in query order; NCBI writes after each batch. Bytes are identical when the run succeeds; the stderr text order differs for FASTA title warnings (see write_title_warnings row). archive format is -outfmt 11 (not scoped).	-	
A-021	A	src/app/blast/blastn_app.cpp	317-319	CBlastnApp::x_RunMTBySplitDB	formatter.PrintEpilog(opt)	algorithm/blastn/hsp.rs:1281(write_output_blastn_hitlists_to_writer)	faithful	none	outfmt 7 epilog '# BLAST processed N queries' (blast_format.cpp:2233-2236); outfmt 0 epilog and outfmt 6 (no footer) are formatter matters (range F). The call is made after the last batch in both.	-	
A-022	A	src/app/blast/blastn_app.cpp	320-326	CBlastnApp::x_RunMTBySplitDB	ProduceDebugOutput, LogQueryInfo, formatter.LogBlastSearchInfo	-	n/a	none	Debug dump needs _BLAST_DEBUG (CDebugArgs compiled out); usage-report calls are telemetry only.	-	
A-023	A	src/app/blast/blastn_app.cpp	327-342	CBlastnApp::x_RunMTBySplitDB	CATCH_ALL(status), PrintErrorArchive, usage report, return status	cli.rs:484(exit_on_native_error)	faithful	none	Exit status and message are those of the CATCH_ALL branch hit (see CATCH_ALL rows); archive output is not scoped.	-	
A-024	A	src/app/blast/blastn_app.cpp	344-404	CBlastnApp::x_RunMTBySplitQuery	-	-	n/a	none	Reached only when num_threads>1 and mt_mode is split-by-queries (or auto for a large -db query); -subject forces one thread and -mt_mode is rejected, so it is never run.	-	
A-025	A	src/app/blast/blast_app_util.hpp	57-95	CBatchSizeMixer::CBatchSizeMixer, SetTargetHits	-	blastinput/query_batch.rs:94(BatchSizeMixer);blastinput/query_batch.rs:106(new);blastinput/query_batch.rs:115(set_target_hits)	faithful	none	Constants match (k_MixIn 0.3, target 1000000, ratio -1.0, batch 5000, min 100, min target 1000000, max = chunk-1000); SetTargetHits clamps the target to the minimum and sets batch = target/200 in Int4.	-	
A-026	A	src/app/blast/blast_app_util.cpp	65-81	CBatchSizeMixer::GetBatchSize	hits < 0 (first call, default argument -1): no update, only the clamps	blastinput/query_batch.rs:146(batch_size)	faithful	none	batch_size(None) returns the initial 5000 (or target/200 after SetTargetHits) after the same max/min clamps.	-	
A-027	A	src/app/blast/blast_app_util.cpp	65-81	CBatchSizeMixer::GetBatchSize	hits >= 0 and m_Ratio < 0: ratio=(hits+1)/m_BatchSize becomes m_Ratio; m_BatchSize=(Int4)(m_TargetHits/m_Ratio)	blastinput/query_batch.rs:146(batch_size);core/blast_util.rs:261(ncbi_int4_from_double)	faithful	none	Same double expression; the (Int4) conversion of an out-of-range quotient (hits 0 or 1 gives 1e6/(1/5000) above 2^31) is INT_MIN as on the x86-64 oracle (E2c section R), so the next batch is 100; hits+1 wraps like Int4.	-	
A-028	A	src/app/blast/blast_app_util.cpp	65-81	CBatchSizeMixer::GetBatchSize	hits >= 0 and m_Ratio >= 0: m_Ratio=0.3*ratio+0.7*m_Ratio	blastinput/query_batch.rs:146(batch_size)	faithful	none	Same mixing expression and evaluation order (no fused multiply-add on either side); unit test the_mixer_is_ncbis pins the values.	-	
A-029	A	src/app/blast/blast_app_util.cpp	65-81	CBatchSizeMixer::GetBatchSize	m_BatchSize > max (chunk-1000): set to max and m_Ratio=-1; m_BatchSize < 100: set to 100 and m_Ratio=-1	blastinput/query_batch.rs:146(batch_size)	faithful	none	Both clamps reset the ratio exactly as NCBI; max is 999000 for -task blastn and 4999000 for megablast (query_chunk_size-1000).	-	
A-030	A	src/app/blast/blast_app_util.cpp	84-125	InitializeRemoteBlast	-	-	n/a	none	Remote search only (-remote is rejected, cli.rs:238).	-	
A-031	A	src/app/blast/blast_app_util.cpp	127-160	InitializeQueryDataLoaderConfiguration	-	-	n/a	none	Builds the BLAST DB / GenBank data-loader configuration for Seq-id queries; FASTA queries never consult it.	-	
A-032	A	src/app/blast/blast_app_util.cpp	162-244	InitializeSubject	-subject given (db_args->GetSubjects), BL2SEQ_LEGACY unset: CLocalDbAdapter(subjects, opts, true) (DB-scan mode)	algorithm/blastn/blast_engine/run.rs:5165(run);algorithm/blastn/blast_engine/run.rs:5598(run_in_pool)	faithful	none	LOSAT searches the subject set as one DB-scan sequence source (PreparedSubjects), the mode in which the report prints the full prolog (m_IsDbScan true, blast_format.cpp:391).	-	
A-033	A	src/app/blast/blast_app_util.cpp	205-209	InitializeSubject	BL2SEQ_LEGACY environment variable set (even empty): CLocalDbAdapter(subjects, opts, false), i.e. legacy bl2seq mode with another report and per-subject engine setup	-	unported	low	LOSAT never reads BL2SEQ_LEGACY, so a set variable is silently ignored and the DB-scan report is produced. NCBI output differs (m_IsDbScan false returns after the version line in PrintProlog, blast_format.cpp:391-393). Fix: reject the variable explicitly like BATCH_SIZE/CHUNK_SIZE (review item E1-4).	R1	explicit rejection after 7b63980b2 (any value; an empty query still ends with Query is Empty!)
A-034	A	src/app/blast/blast_app_util.cpp	162-244	InitializeSubject	-db given (search_db not empty), remote scope	cli.rs:205(is_unported_blastn_arg)	rejected	low	-db is in the group of rejected NCBI options (cli.rs:205-260); only -subject runs.	K-layer	
A-035	A	src/app/blast/blast_app_util.cpp	246-260	RegisterOMDataLoader	-	-	n/a	none	Registers a BLAST DB data loader (-db only).	-	
A-036	A	src/app/blast/blast_app_util.cpp	607-650	RecoverSearchStrategy / SaveSearchStrategy	no -import_search_strategy / -export_search_strategy	cli.rs:205(is_unported_blastn_arg)	rejected	low	Both options are rejected by LOSAT; without them RecoverSearchStrategy returns false and SaveSearchStrategy returns at once, as in the scoped runs.	K-layer	
A-037	A	src/app/blast/blast_app_util.cpp	716-754	s_IsPrefetchFormat / s_PreFetchSeqs	PRE_FETCH_SEQS_LIMIT unset: prefetch for outfmt 0/6/7	-	n/a	none	Prefetching only loads subject lengths into the scope for the formatter; no change of output, warnings or exit status for local FASTA subjects.	-	
A-038	A	src/app/blast/blast_app_util.cpp	731-751	s_PreFetchSeqs	PRE_FETCH_SEQS_LIMIT set to a non-integer: NStr::StringToInt throws CStringException outside the try block	-	unported	low	LOSAT ignores PRE_FETCH_SEQS_LIMIT. With a non-numeric value NCBI stops after the search with 'Error: ...' (CATCH_ALL CException) and exit 255 before writing results; with an integer it only toggles prefetching (no output change).	T12	faithful after 650b02771; integers accepted (no output change), non-integers rejected explicitly (CStringException text names the build's files, exit 255); fixtures env.prefetch*
A-039	A	src/app/blast/blast_app_util.cpp	756-790	BlastFormatter_PreFetchSequenceData	scope prefetch of subject ids and ranges (LoadSequencesToScope), results.size()==0 returns	-	n/a	none	Pure data prefetch; a failure only posts a warning for remote loaders (not reachable for local subjects).	-	
A-040	A	src/app/blast/blast_app_util.cpp	845-875	IsIStreamEmpty	seekable stream holding only isspace characters (empty file, whitespace, or a directory read as no bytes)	algorithm/blastn/input.rs:39(is_blank);algorithm/blastn/blast_engine/run.rs:5277(search_cli);algorithm/blastn/blast_engine/run.rs:4975(read_blastn_fasta_bytes)	faithful	none	`in >> c` with skipws skips C isspace (space, \t, \n, \v, \f, \r), which is_blank matches; result 'Warning: [blastn] Query is Empty!' and exit 0.	-	
A-041	A	src/app/blast/blast_app_util.cpp	845-875	IsIStreamEmpty	seekable stream with a non-space character: position restored, not empty	algorithm/blastn/input.rs:39(is_blank);algorithm/blastn/blast_engine/run.rs:5018(parse_blastn_fasta)	faithful	none	LOSAT reads all bytes of the already opened file (no restore needed).	-	
A-042	A	src/app/blast/blast_app_util.cpp	845-875	IsIStreamEmpty	stream without position (tellg < 0, a pipe or fifo): returns false (not empty) even if it holds nothing	algorithm/blastn/blast_engine/run.rs:5263(search_cli)	rejected	low	A non-blank pipe is read as NCBI does. For a pipe or fifo query with no record (blank or comment text) and for the pair -query - with -subject - (cin at end of file, no position) NCBI does not report an empty query: it prints the outfmt 0 prolog and then 'BLAST engine error: Empty CBlastQueryVector' with exit 3 (oracle run). LOSAT rejects the blank pipe with 'an empty query from a stream without a position (such as a pipe) is not supported by LOSAT's BLASTN' (exit 1).	K-fasta	
A-043	A	src/app/blast/blast_app_util.cpp	845-875	IsIStreamEmpty	NCBI_OS_MSWIN branch (skipws read, unget)	-	n/a	none	The oracle is a Linux build; the Windows branch is not compiled there.	-	
A-044	A	src/app/blast/blast_app_util.cpp	877-886	GetCmdlineArgs	-	-	n/a	none	Command-line text is passed to the formatter only for XML/archive headers (outfmt 5, 11, 14, 16).	-	
A-045	A	src/app/blast/blast_app_util.cpp	887-900	UseXInclude	outfmt 0, 6, 7: returns false; outfmt 13/14 with -out - throws	algorithm/blastn/hsp.rs:78(parse_blastn_output_format)	faithful	none	outfmt 13 and 14 are not scoped and are rejected by parse_blastn_output_format ('output format N is not supported'); for 0/6/7 no base file is set in either.	-	
A-046	A	src/app/blast/blast_app_util.cpp	902-910	GetSubjectFile	returns the -subject argument text unchanged (subject tag for 'User specified sequence set (Input: <tag>)')	algorithm/blastn/blast_engine/run.rs:5707(run_in_pool);algorithm/blastn/args.rs:21(BlastnArgs)	divergent	low	UTF-8 paths: LOSAT prints PathBuf::display(), the text as given. A -subject path that is not valid UTF-8 is printed with U+FFFD replacement characters where NCBI prints the raw bytes (same limitation as cli.rs inaccessible, E2c section I).	R3	explicit rejection after 6182cef73 (-subject, -query, -out not UTF-8, in NCBI's open order)
A-047	A	src/app/blast/blast_app_util.cpp	912-929	PrintErrorArchive	outfmt 11 only	-	n/a	none	Prints an error archive only when -outfmt is the archive format (not scoped).	-	
A-048	A	src/app/blast/blast_app_util.cpp	931-938	QueryBatchCleanup	-	-	n/a	none	malloc_trim(0) after each batch; memory only.	-	
A-049	A	src/app/blast/blast_app_util.cpp	940-979	LogQueryInfo / LogBlastOptions / LogCmdOptions	-	-	n/a	none	BLAST usage report parameters (telemetry).	-	
A-050	A	src/app/blast/blast_app_util.cpp	981-1028	GetMTByQueriesBatchSize / MTByQueries_DBSize_Warning / CheckMTByQueries_QuerySize	BLAST_MT_QUERY_BATCH_SIZE environment variable, mt_mode 1 warnings	-	n/a	none	Used only by x_RunMTBySplitQuery (num_threads>1 with split-by-queries), which -subject never reaches (CMTArgs forces 1 thread; -mt_mode is rejected).	-	
A-051	A	src/app/blast/blast_app_util.hpp	168-171	CATCH_ALL	CInvalidDataException: 'BLAST options error: msg', exit 1	-	n/a	none	Thrown by the blastdb_format code (-db output); not on the -subject path.	-	
A-052	A	src/app/blast/blast_app_util.hpp	172-176	CATCH_ALL	CInputException: 'BLAST query/options error: msg' then 'Please refer to the BLAST+ user manual.', exit 1	algorithm/blastn/scoring.rs:90(check_scoring_options);algorithm/blastn/args.rs:240(resolve_dust);algorithm/blastn/hsp.rs:78(parse_blastn_output_format);cli.rs:397(NativeError)	faithful	none	Same text and exit status for the errors LOSAT reproduces: option validation messages, -dust errors, 'Delimiter format is invalid', '... is not a valid output format'. Reader/option errors that NCBI does not raise are explicit LOSAT rejections (exit 1, own text).	-	
A-053	A	src/app/blast/blast_app_util.hpp	177-180	CATCH_ALL	CArgException: 'Command line argument error: msg', exit 1 (raised while a handler opens -query or -out)	cli.rs:441(inaccessible);algorithm/blastn/blast_engine/run.rs:4939(open_blastn_input);algorithm/blastn/blast_engine/run.rs:5203(run)	faithful	none	"'Command line argument error: Argument ""query"". File is not accessible:  `path'' exit 1 (the empty value has no suffix); same for out. Argument-value errors are raised by the argument parser instead (see the argument-error row)."	-	
A-054	A	src/app/blast/blast_app_util.hpp	181-184	CATCH_ALL	CObjReaderParseException: 'BLAST query error: msg', exit 1 (FASTA reader errors, e.g. a first data line that does not look like sequence)	algorithm/blastn/input.rs:218(check_residues);algorithm/blastn/blast_engine/run.rs:4994(read_blastn_records)	rejected	low	LOSAT has no CFastaReader error path; inputs for which CFastaReader errors (no usable data line, non-sequence first line) contain non-IUPAC residues and are rejected by check_residues with an explicit LOSAT message (exit 1, different text).	K-fasta	
A-055	A	src/app/blast/blast_app_util.hpp	216-220	CATCH_ALL	CBlastException eInvalidOptions: 'BLAST options error: msg', exit 1	-	n/a	none	The Validate failure of SetOptions is rethrown as CInputException (blast_args.cpp:3638); no other eInvalidOptions source is reachable with scoped options.	-	
A-056	A	src/app/blast/blast_app_util.hpp	221-224	CATCH_ALL	CBlastException whose message contains 'Out of memory' or 'Failed to allocate': 'BLAST ran out of memory', exit 4 (also std::bad_alloc, exit 4)	-	unported	low	LOSAT does not map allocation failures: a Rust allocation failure aborts the process (SIGABRT) and no 'BLAST ran out of memory' text or exit 4 is produced. Needs inputs that exhaust memory.	X-oom	
A-057	A	src/app/blast/blast_app_util.hpp	225-228	CATCH_ALL	CBlastException other: 'BLAST engine error: msg', exit 3	algorithm/blastn/scoring.rs:226(karlin_error);algorithm/blastn/blast_engine/run.rs:5306(check_subjects_not_empty)	faithful	none	Exit 3 and text for 'Empty CBlastQueryVector' and the Karlin-Altschul failure ('Error: <msg> ' repeated per query of the batch); see range B rows for the table errors.	-	
A-058	A	src/app/blast/blast_app_util.hpp	230-241	CATCH_ALL	CBlastSystemException (memory, network, other)	-	n/a	none	Raised by remote/system code paths not used for local FASTA searches.	-	
A-059	A	src/app/blast/blast_app_util.hpp	242-247	CATCH_ALL	CIOException with eFlush: 'BLAST failed to write output: msg', exit 6 (other CIOException codes leave exit_code unchanged, i.e. 0); std::ios::failure: 'BLAST failed to write output', exit 6	cli.rs:484(exit_on_native_error)	divergent	low	A write failure (for example -out /dev/full) gives exit 6 for outfmt 0 in NCBI and an abort for tabular output (E2c section I); LOSAT BLASTN reports an anyhow error with exit 1. Needs an output device that fails.	T14	faithful after 5cd9cc3cf and 48a9ee0c2; outfmt 0 write failure: BLAST failed to write output, exit 6 (oracle -out /dev/full); a closed pipe in outfmt 0 (NCBI: ended by SIGPIPE) gives the same message and exit 6, approved exception 5 of PD-LOSAT-CLI-NONSEARCH-DIFFERENCES 1.1 (DW-14); fixture write.devfull_fmt0
A-060	A	src/app/blast/blast_app_util.hpp	248-255	CATCH_ALL	CException: 'Error: what', exit 255; std::exception: 'Error: what', exit 255 (e.g. std::out_of_range 'Formatting choice is out of range')	algorithm/blastn/hsp.rs:78(parse_blastn_output_format)	faithful	none	Exit 255 and 'Error: Formatting choice is out of range' are reproduced for -outfmt outside 0..21; other CException sources (BATCH_SIZE, PRE_FETCH_SEQS_LIMIT conversions) are the environment-variable rows.	-	
A-061	A	src/app/blast/blast_app_util.hpp	264-267	CATCH_ALL	catch (...): 'Unknown exception occurred', exit 255	-	n/a	none	No scoped input raises a non-std exception.	-	
A-062	A	src/algo/blast/blastinput/blastn_args.cpp	45-119	CBlastnAppArgs::CBlastnAppArgs	task set (blastn, blastn-short, megablast, dc-megablast, rmblastn; vecscreen erased), default megablast; argument-class list and order	algorithm/blastn/args.rs:13(BlastnArgs);blastinput/value_parsers.rs:305(blastn_task)	faithful	none	The handler order NCBI runs in SetOptions is CSearchStrategyArgs, Program, Task, BlastDatabase, StdCmdLine, GenericSearch, Nucl, DiscontiguousMegablast, Filtering, Gapped, HspFiltering, WindowSize, OffDiagonalRange, MbIndex, QueryOptions, Formatting, MT, Remote, Debug; run() keeps that order for the scoped options (subject read, query opened, -out created, -dust, formatting warning, validation).	-	
A-063	A	src/algo/blast/blastinput/blastn_args.cpp	121-128	CBlastnAppArgs::x_CreateOptionsHandle	CBlastOptionsFactory::CreateTask(-task value, local)	algorithm/blastn/coordination.rs:174(task_defaults);algorithm/blastn/coordination.rs:246(configure_task)	faithful	none	Task defaults (word size 11/28, reward 2/1, penalty -3/-2, gap 5/2 and 0/0, expect 10, hit list 500) were compared in E2c section A; a given option replaces only its own default.	-	
A-064	A	src/algo/blast/blastinput/blastn_args.cpp	130-135	CBlastnAppArgs::GetQueryBatchSize	BATCH_SIZE unset: GetQueryBatchSize(program, ungapped, remote false, use_default false) returns 0, so the adaptive CBatchSizeMixer is used	algorithm/blastn/blast_engine/run.rs:5598(run_in_pool)	faithful	none	LOSAT always takes the adaptive batch path (the batch_size==0 branch of x_RunMTBySplitDB).	-	
A-065	A	src/algo/blast/blastinput/blastn_args.cpp	137-176	CBlastnNodeArgs (constructor, streams, GetQueryBatchSize, x_CreateOptionsHandle)	-	-	n/a	none	Used by CBlastnNode in the split-by-queries multithreaded mode, which -subject never reaches.	-	
A-066	A	src/algo/blast/blastinput/blast_input_aux.cpp	69-143	GetQueryBatchSize	BATCH_SIZE environment variable set (even empty): NStr::StringToInt(value) is the fixed query batch size (a non-integer throws CStringException)	algorithm/blastn/blast_engine/run.rs:5462(search)	rejected	low	LOSAT stops with 'the environment variable BATCH_SIZE, which changes NCBI BLAST+'s query batches, is not supported by LOSAT's BLASTN' for any set value (also blank), after Query is Empty! and the LOSAT limits, as NCBI evaluates it after the prolog. Task states BATCH_SIZE is unset.	T7	faithful after 8ccf079ba and 5dac71f72; NCBI's StringToInt and size_t/TSeqPos arithmetic; CHUNK_SIZE=1000 without BATCH_SIZE gives NCBI's empty-batch error after the outfmt 0 prolog (exit 3); explicit rejection: non-integers (CStringException text names the build's files, exit 255) and a negative CHUNK_SIZE above a negative OVERLAP_CHUNK_SIZE (CCoreException naming the build's files); 23 fixtures env.*; 22 batch_sweep runs x 60 cases and 4 split_check runs with the variables: 0 differ
A-067	A	src/algo/blast/blastinput/blast_input_aux.cpp	69-143	GetQueryBatchSize	BATCH_SIZE unset, remote false, use_default false: returns 0 before the per-program table	algorithm/blastn/blast_engine/run.rs:5598(run_in_pool)	faithful	none	The per-program batch sizes (blastn 100000, megablast 5000000, ...) are not used for blastn because use_default is false; the adaptive mixer applies.	-	
A-068	A	src/algo/blast/blastinput/blast_args.cpp	71-80	CProgramDescriptionArgs	-	-	n/a	none	Sets the usage text (program name and description) only.	-	
A-069	A	src/algo/blast/blastinput/blast_args.cpp	84-116	CTaskCmdLineArgs	-task megablast (default) or blastn (CArgAllowStringSet, case-sensitive)	blastinput/value_parsers.rs:305(blastn_task);algorithm/blastn/args.rs:23(BlastnArgs)	faithful	none	Exact, case-sensitive match of the two implemented tasks with default megablast; ExtractAlgorithmOptions is a no-op in NCBI (the task is read in CBlastnAppArgs).	-	
A-070	A	src/algo/blast/blastinput/blast_args.cpp	84-116	CTaskCmdLineArgs	-task blastn-short, dc-megablast or rmblastn	blastinput/value_parsers.rs:305(blastn_task)	rejected	low	Rejected with 'the task X is not supported by LOSAT's BLASTN (use megablast or blastn)' (exit 1); NCBI accepts them. The scope of the comparison is megablast and blastn only.	K-mode	
A-071	A	src/algo/blast/blastinput/blast_args.cpp	118-134	CGenericSearchArgs::CGenericSearchArgs	blastn: m_ShowPercentIdentity true, m_SuppressSumStats true (no -sum_stats), m_IsBlastn true	-	n/a	none	Selects which keys exist: -perc_identity yes, -sum_stats no; no output effect.	-	
A-072	A	src/algo/blast/blastinput/blast_args.cpp	140-157	CGenericSearchArgs::SetArgumentDescriptions / 252-254 ExtractAlgorithmOptions	-evalue: optional key (eDouble, no constraint); SetEvalueThreshold when given	algorithm/blastn/args.rs:39(BlastnArgs);blastinput/value_parsers.rs:352(blastn_evalue)	faithful	none	Omitted value keeps the task default 10 for blastn and megablast; a given value goes through the CArg_Double rows below; the >0 requirement is the Validate row.	-	
A-073	A	src/algo/blast/blastinput/blast_args.cpp	159-171	CGenericSearchArgs::SetArgumentDescriptions / 288-301 ExtractAlgorithmOptions	-word_size: optional key (eInteger), CArgAllowValuesGreaterThanOrEqual(4); SetWordSize	algorithm/blastn/args.rs:35(BlastnArgs);blastinput/value_parsers.rs:323(blastn_word_size)	faithful	none	Lower bound 4 with NCBI's integer/constraint reading (0x forms, '0x' alone illegal); the protein lookup-table branch is not reached. The upper bound 100 is checked in Validate (scoring.rs).	-	
A-074	A	src/algo/blast/blastinput/blast_args.cpp	173-183	CGenericSearchArgs::SetArgumentDescriptions / 256-275 ExtractAlgorithmOptions	-gapopen and -gapextend: optional keys (eInteger, no constraint); SetGapOpeningCost/SetGapExtensionCost	algorithm/blastn/args.rs:152(BlastnArgs);blastinput/value_parsers.rs:346(blastn_gap_cost)	faithful	none	Any int is accepted (negative too) as in NCBI; the matrix-name branch needs -matrix (not a blastn key). Unsupported gap costs fail later in the Karlin-Altschul table (range C).	-	
A-075	A	src/algo/blast/blastinput/blast_args.cpp	185-192	CGenericSearchArgs::SetArgumentDescriptions / 308-310 ExtractAlgorithmOptions	-perc_identity: optional key (eDouble) with CArgAllow_Doubles(0.0,100.0); SetPercentIdentity	algorithm/blastn/args.rs:51(BlastnArgs);blastinput/value_parsers.rs:365(blastn_percentage)	faithful	none	Closed interval 0..100 on the double read as CArg_Double; NaN is outside (comparison false) in both; default 0.	-	
A-076	A	src/algo/blast/blastinput/blast_args.cpp	201-207	CGenericSearchArgs::SetArgumentDescriptions / 316-318 ExtractAlgorithmOptions	-max_hsps: optional key (eInteger), CArgAllowValuesGreaterThanOrEqual(1); SetMaxHspsPerSubject	algorithm/blastn/args.rs:104(BlastnArgs);blastinput/value_parsers.rs:328(blastn_count)	faithful	none	Lower bound 1; omitted means 0 (no limit) in both.	-	
A-077	A	src/algo/blast/blastinput/blast_args.cpp	194-199	CGenericSearchArgs::SetArgumentDescriptions	-qcov_hsp_perc	cli.rs:236(is_unported_blastn_arg)	rejected	low	Group row of rejected NCBI options (see the group row below).	K-layer	
A-078	A	src/algo/blast/blastinput/blast_args.cpp	209-229	CGenericSearchArgs::SetArgumentDescriptions / ExtractAlgorithmOptions	-xdrop_ungap, -xdrop_gap, -xdrop_gap_final	cli.rs:205(is_unported_blastn_arg)	rejected	low	Rejected (LOSAT uses the task X-drop values only).	K-layer	
A-079	A	src/algo/blast/blastinput/blast_args.cpp	232-238	CGenericSearchArgs::SetArgumentDescriptions / 303-307 ExtractAlgorithmOptions	-searchsp: SetEffectiveSearchSpace and sets the environment variable OLD_FSC	cli.rs:205(is_unported_blastn_arg)	rejected	low	-searchsp is rejected; OLD_FSC has no effect on blastn anyway (blast_setup.c:475-480 frees the Gumbel block for blastn).	K-layer	
A-080	A	src/algo/blast/blastinput/blast_args.cpp	641-668	CNuclArgs::SetArgumentDescriptions	-penalty (eInteger, <= 0) and -reward (eInteger, >= 0), both optional	algorithm/blastn/args.rs:148(BlastnArgs);blastinput/value_parsers.rs:333(blastn_reward);blastinput/value_parsers.rs:338(blastn_penalty)	faithful	none	Constraints verified through NCBI's StringToDouble re-read (0x forms; '0x' alone illegal); a given value overrides the task default only for that key.	-	
A-081	A	src/algo/blast/blastinput/blast_args.cpp	670-692	CNuclArgs::ExtractAlgorithmOptions	SetMismatchPenalty(int) and SetMatchReward(int) stored in Int2 (16-bit wrap)	algorithm/blastn/coordination.rs:220(determine_scoring_params)	faithful	none	LOSAT wraps the given reward and penalty to i16 before any check, as NCBI's Int2 fields do (E2c section A); Validate then sees the wrapped values.	-	
A-082	A	src/algo/blast/blastinput/blast_args.cpp	670-692	CNuclArgs::ExtractAlgorithmOptions	reward <= 0 after the 16-bit wrap (0 selects rmblastn matrix scoring when the penalty is 0 too, otherwise every query is invalid)	algorithm/blastn/scoring.rs:125(check_losat_limits)	rejected	low	LOSAT rejects 'a reward of N ... is not supported by LOSAT's BLASTN' after NCBI's option checks and the Query is Empty! success. Reachable with -reward 0 or a reward such as 65536.	K-mode	
A-083	A	src/algo/blast/blastinput/blast_args.cpp	641-692	CNuclArgs	-no_greedy	cli.rs:230(is_unported_blastn_arg)	rejected	low	Group row of rejected options.	K-layer	
A-084	A	src/algo/blast/blastinput/blast_args.cpp	695-766	CDiscontiguousMegablastArgs	-min_raw_gapped_score, -template_type, -template_length (absent: nothing set)	cli.rs:205(is_unported_blastn_arg)	rejected	low	The three keys are rejected; when absent ExtractAlgorithmOptions sets nothing, so default options are unchanged.	K-layer	
A-085	A	src/algo/blast/blastinput/blast_args.cpp	326-372	CFilteringArgs::SetArgumentDescriptions	-dust: optional string (default 'yes', or '20 64 1'); -soft_masking default true	algorithm/blastn/args.rs:169(BlastnArgs)	faithful	none	-dust accepted; -soft_masking, -filtering_db, -window_masker_taxid and -window_masker_db are rejected (group row).	-	
A-086	A	src/algo/blast/blastinput/blast_args.cpp	374-384	CFilteringArgs::x_TokenizeFilteringArgs	NStr::Split(value, ' ') must give exactly 3 tokens (empty fields kept)	blastinput/value_parsers.rs:92(parse_dust_filtering)	faithful	none	split(' ') keeps empty fields between adjacent spaces; a count other than 3 (including '' and a trailing space) gives 'Invalid number of arguments to filtering option'.	-	
A-087	A	src/algo/blast/blastinput/blast_args.cpp	386-468	CFilteringArgs::ExtractAlgorithmOptions	-soft_masking default true: SetMaskAtHash(true)	algorithm/blastn/blast_engine/run.rs:6117(search_query_batch)	faithful	none	LOSAT implements only the soft-masking (mask at hash) path of the default; -soft_masking is rejected, so the value cannot change.	-	
A-088	A	src/algo/blast/blastinput/blast_args.cpp	386-468	CFilteringArgs::ExtractAlgorithmOptions	-dust omitted, 'yes' or 'no'	algorithm/blastn/args.rs:240(resolve_dust);blastinput/value_parsers.rs:92(parse_dust_filtering)	faithful	none	Omitted and 'yes' use DUST 20 64 1; 'no' disables it; the comparison is exact (case-sensitive).	-	
A-089	A	src/algo/blast/blastinput/blast_args.cpp	386-468	CFilteringArgs::ExtractAlgorithmOptions	-dust 'level window linker' with three signed decimal tokens	blastinput/value_parsers.rs:92(parse_dust_filtering)	faithful	none	Tokens read as NStr::StringToInt (i32::from_str: sign allowed, no spaces, out-of-range is an error); converted to Uint4 as in blast_objmgr_tools.cpp:195-198, and the masker replaces out-of-range level/window/linker by 20/64/1 (E2c section B).	-	
A-090	A	src/algo/blast/blastinput/blast_args.cpp	386-468	CFilteringArgs::ExtractAlgorithmOptions	-dust token that is not an integer (CStringException eConvert)	algorithm/blastn/args.rs:240(resolve_dust)	faithful	none	'BLAST query/options error: Invalid input for filtering parameters' + 'Please refer to the BLAST+ user manual.', exit 1, raised after -out is created and before the options are validated.	-	
A-091	A	src/algo/blast/blastinput/blast_args.cpp	386-468	CFilteringArgs::ExtractAlgorithmOptions	-filtering_db, -window_masker_taxid, -window_masker_db	cli.rs:205(is_unported_blastn_arg)	rejected	low	Group row of rejected options.	K-layer	
A-092	A	src/algo/blast/blastinput/blast_args.cpp	470-498	CWindowSizeArg	-window_size absent: BLAST_GetSuggestedWindowSize returns 0 for blastn and leaves the task default	algorithm/blastn/coordination.rs:246(configure_task)	faithful	none	Window size stays 0 (one-hit) for both tasks (BLAST_WINDOW_SIZE_NUCL/MEGABLAST 0); -window_size is rejected.	-	
A-093	A	src/algo/blast/blastinput/blast_args.cpp	500-523	COffDiagonalRangeArg	-off_diagonal_range omitted: default key 0, SetOffDiagonalRange(0)	algorithm/blastn/constants.rs:35(SCAN_RANGE_BLASTN)	faithful	none	The command line always sets scan_range 0 (kDfltOffDiagonalRange), so BlastInitialWordOptionsValidate's 'off_diagonal_range is only useful in 2-hit algorithm' never fires; LOSAT's SCAN_RANGE_BLASTN and SCAN_RANGE_MEGABLAST are 0. -off_diagonal_range is rejected.	-	
A-094	A	src/algo/blast/blastinput/blast_args.cpp	904-931	CGappedArgs	-ungapped absent: SetGappedMode(true)	algorithm/blastn/coordination.rs:246(configure_task)	faithful	none	LOSAT always searches gapped; -ungapped is rejected (group row).	-	
A-095	A	src/algo/blast/blastinput/blast_args.cpp	3291-3350	CHspFilteringArgs	-subject_besthit flag: SetSubjectBestHit()	algorithm/blastn/args.rs:186(BlastnArgs)	faithful	none	Flag without value; Blast_HSPFilteringOptions validation passes for subject best-hit alone. -culling_limit, -best_hit_overhang and -best_hit_score_edge are rejected.	-	
A-096	A	src/algo/blast/blastinput/blast_args.cpp	3352-3416	CMbIndexArgs	-use_index/-index_name absent, -subject given: nothing set	cli.rs:205(is_unported_blastn_arg)	faithful	none	The index is never used for -subject (the code skips when kArgSubject has a value); -use_index and -index_name are rejected.	-	
A-097	A	src/algo/blast/blastinput/blast_args.cpp	1935-1966	CQueryOptionsArgs::SetArgumentDescriptions	-lcase_masking flag	algorithm/blastn/args.rs:182(BlastnArgs)	faithful	none	Flag with no value (-lcase_masking=x is an argument error in both); the same flag controls query and subject masking.	-	
A-098	A	src/algo/blast/blastinput/blast_args.cpp	1968-2006	CQueryOptionsArgs::ExtractAlgorithmOptions	strand both, no -query_loc range, m_UseLCaseMask from the flag, m_ParseDeflines false	algorithm/blastn/blast_engine/run.rs:6117(search_query_batch)	faithful	none	The scoped options leave -strand, -query_loc and -parse_deflines at their defaults; those three keys are rejected (group row).	-	
A-099	A	src/algo/blast/blastinput/blast_args.cpp	2163-2187	CBlastDatabaseArgs::CBlastDatabaseArgs / HasBeenSet	-	-	n/a	none	Constructor flags and the saved-strategy override test.	-	
A-100	A	src/algo/blast/blastinput/blast_args.cpp	2189-2400	CBlastDatabaseArgs::SetArgumentDescriptions	-subject is an optional key (eInputFile); -db, -gilist, -taxids, -dbsize, -subject_loc and related keys exist	algorithm/blastn/args.rs:21(BlastnArgs);cli.rs:205(is_unported_blastn_arg)	faithful	none	-subject is accepted as in NCBI (any string, '-' is stdin); -db and its filter keys, -dbsize, -subject_loc are rejected (group row).	-	
A-101	A	src/algo/blast/blastinput/blast_args.cpp	2463-2574	CBlastDatabaseArgs::ExtractAlgorithmOptions	-subject given: AsInputFile (opened here), ReadSequencesToBlast(parse_deflines false, lcase flag), CObjMgr_QueryFactory (empty set throws)	algorithm/blastn/blast_engine/run.rs:5165(run);algorithm/blastn/blast_engine/run.rs:5306(check_subjects_not_empty)	faithful	none	LOSAT opens and reads the subject first, before the query and -out, with 'Command line argument error: ... File is not accessible' (exit 1) or 'BLAST engine error: Empty CBlastQueryVector' (exit 3); each file or pipe is opened once.	-	
A-102	A	src/algo/blast/blastinput/blast_args.cpp	2560-2562	CBlastDatabaseArgs::ExtractAlgorithmOptions	neither -db nor -subject: CInputException 'Either a BLAST database or subject sequence(s) must be specified', exit 1	algorithm/blastn/args.rs:21(BlastnArgs)	divergent	medium	LOSAT's -subject is required, so omitting it is a clap error ('the following required arguments were not provided: -subject <PATH>', exit 2, usage text) instead of NCBI's query/options error with exit 1. Same category as the argument-error row.	T10	faithful after 1a0fd98c1; -subject optional for the parser, NCBI's error (exit 1) before -query and -out are opened; fixtures nosubject.*
A-103	A	src/algo/blast/blastinput/blast_args.cpp	2463-2574	CBlastDatabaseArgs::ExtractAlgorithmOptions	-db given, -dbsize	cli.rs:205(is_unported_blastn_arg)	rejected	low	-db, -dbsize, -gilist, -seqidlist, -taxids and similar are rejected (group row).	K-layer	
A-104	A	src/algo/blast/blastinput/blast_args.cpp	2576-2742	CFormattingArgs::SetArgumentDescriptions	-outfmt: default key (eString) '0'	algorithm/blastn/args.rs:225(BlastnArgs)	faithful	none	String argument with default '0'; no constraint at parse time (parsed in ParseFormattingString).	-	
A-105	A	src/algo/blast/blastinput/blast_args.cpp	2686-2736	CFormattingArgs::SetArgumentDescriptions	-max_target_seqs: optional key (eInteger), CArgAllowValuesGreaterThanOrEqual(1); excludes -num_descriptions/-num_alignments	algorithm/blastn/args.rs:82(BlastnArgs);blastinput/value_parsers.rs:328(blastn_count)	faithful	none	Lower bound 1 with NCBI's integer reading; the exclusion keys are rejected options.	-	
A-106	A	src/algo/blast/blastinput/blast_args.cpp	2576-2742	CFormattingArgs::SetArgumentDescriptions	-show_gis, -num_descriptions, -num_alignments, -line_length, -html, -sorthits, -sorthsps	cli.rs:205(is_unported_blastn_arg)	rejected	low	Group row of rejected options.	K-layer	
A-107	A	src/algo/blast/blastinput/blast_args.cpp	2743-2751	CFormattingArgs::ArchiveFormatRequested	-outfmt parsed before any handler (called from SetOptions for the locality)	algorithm/blastn/blast_engine/run.rs:5130(run)	faithful	none	run() parses -outfmt (parse_output_formats) first, so '... is not a valid output format', 'Formatting choice is out of range' and the delimiter error come before subject/query/-out errors, as in NCBI.	-	
A-108	A	src/algo/blast/blastinput/blast_args.cpp	2753-2791	s_ValidateCustomDelim	custom field specification present (empty after the format is 0, cleared for non-tabular formats)	-	n/a	none	Returns at once for an empty specification; scoped outfmt 0/6/7 have none (custom fields and delimiters for 6/7 are rejected in ParseFormattingString).	-	
A-109	A	src/algo/blast/blastinput/blast_args.cpp	2801-2809	CFormattingArgs::ParseFormattingString	NStr::TruncateSpaces(value) then split at the first ' ' into format number and custom text	algorithm/blastn/hsp.rs:78(parse_blastn_output_format)	faithful	none	trim of C isspace characters and split at the first space only (a tab does not split); same as the Rust is_space set.	-	
A-110	A	src/algo/blast/blastinput/blast_args.cpp	2810-2825	CFormattingArgs::ParseFormattingString	custom text starts with 'delim': token before first '=' needed, 'delim=value' sets the delimiter	algorithm/blastn/hsp.rs:78(parse_blastn_output_format)	faithful	none	'Delimiter format is invalid. Valid format is delim=<delimiter value>' (CInputException, exit 1) when no '=' in the first token, checked before the format number (so '0 delim' errors too); 'delim=' means the default delimiter.	-	
A-111	A	src/algo/blast/blastinput/blast_args.cpp	2828-2836	CFormattingArgs::ParseFormattingString	NStr::StringToInt(format number) fails	algorithm/blastn/hsp.rs:78(parse_blastn_output_format)	faithful	none	'X' is not a valid output format as CInputException ('BLAST query/options error: ...' + 'Please refer to ...'), exit 1; reads what i32::from_str reads ('+6', '06', '-0' accepted; '', '0x6', '6.0', overflow rejected) as NStr::StringToInt.	-	
A-112	A	src/algo/blast/blastinput/blast_args.cpp	2837-2840	CFormattingArgs::ParseFormattingString	format number < 0 or >= 22 (eEndValue): std::out_of_range 'Formatting choice is out of range'	algorithm/blastn/hsp.rs:78(parse_blastn_output_format)	faithful	none	'Error: Formatting choice is out of range' and exit 255 (CATCH_ALL std::exception branch).	-	
A-113	A	src/algo/blast/blastinput/blast_args.cpp	2845-2866	CFormattingArgs::ParseFormattingString	format 0 (custom text cleared), 6 or 7 without custom text (tab delimiter default)	algorithm/blastn/hsp.rs:78(parse_blastn_output_format)	faithful	none	Custom text after '0' is ignored ('0 qaccver' is outfmt 0); 6 and 7 map to the tabular formats with the default tab delimiter.	-	
A-114	A	src/algo/blast/blastinput/blast_args.cpp	2845-2866	CFormattingArgs::ParseFormattingString	format 6 or 7 with a field list or a delim= specification	algorithm/blastn/hsp.rs:78(parse_blastn_output_format)	rejected	low	'the custom output format specification ... is not supported by LOSAT's BLASTN' (exit 1); NCBI prints custom columns. The scope excludes custom fields.	K-layer	
A-115	A	src/algo/blast/blastinput/blast_args.cpp	2845-2866	CFormattingArgs::ParseFormattingString	format 1-5, 8-21 (valid for NCBI: XML, ASN.1, CSV, archive, JSON, SAM, tax, AIRR, FASTA)	algorithm/blastn/hsp.rs:78(parse_blastn_output_format)	rejected	low	'output format N is not supported by LOSAT's BLASTN' (exit 1). NCBI itself errors (exit 1) for 19 (AIRR), 21 (FASTA), and 13/14 with -out -, and accepts the rest.	K-layer	
A-116	A	src/algo/blast/blastinput/blast_args.cpp	2870-2891	CFormattingArgs::ExtractAlgorithmOptions	m_ShowGis/m_Html from flags absent; eSAM/eAirr/eFasta checks; s_ValidateCustomDelim	algorithm/blastn/hsp.rs:78(parse_blastn_output_format)	faithful	none	No gis/html in scope; the three format errors need formats that LOSAT rejects earlier.	-	
A-117	A	src/algo/blast/blastinput/blast_args.cpp	2893-2938	CFormattingArgs::ExtractAlgorithmOptions	outfmt 0 (<= 4): num descriptions/alignments default 500/250, -max_target_seqs N sets both and hitlist_size to N, -line_length/-sorthits absent	algorithm/blastn/blast_engine/run.rs:4510(blastn_pairwise_report);algorithm/blastn/blast_engine/run.rs:5711(run_in_pool)	faithful	none	Defaults 500/250 and max_target_seqs for both counts (run.rs:4510); hit list size is max_target_seqs or 500 (run.rs:5711). The hitlist_size > 500 early return needs a saved strategy.	-	
A-118	A	src/algo/blast/blastinput/blast_args.cpp	2939-2972	CFormattingArgs::ExtractAlgorithmOptions	outfmt > 4 (6, 7): hitlist_size = -max_target_seqs, else the options value 500; counts follow	algorithm/blastn/blast_engine/run.rs:5711(run_in_pool)	faithful	none	Same hit list size; -num_descriptions, -line_length and -sorthits are rejected so their 'ignored' warnings cannot occur.	-	
A-119	A	src/algo/blast/blastinput/blast_args.cpp	2975-2977	CFormattingArgs::ExtractAlgorithmOptions	hitlist_size < 5: ERR_POST(Warning) 'Examining 5 or more matches is recommended'	algorithm/blastn/blast_engine/run.rs:5343(process_options);report/query_warnings.rs:77(few_matches_warning)	faithful	none	Emitted for -max_target_seqs 1..4 in outfmt 0, 6 and 7 as 'Warning: [blastn] Examining 5 or more matches is recommended', after -dust parsing and before the validation, on stderr; never for the default 500.	-	
A-120	A	src/algo/blast/blastinput/blast_args.cpp	2978-2991	CFormattingArgs::ExtractAlgorithmOptions	opt.SetHitlistSize(hitlist_size); -sorthsps handling	algorithm/blastn/blast_engine/run.rs:5711(run_in_pool)	faithful	none	Hit list size feeds the preliminary hit list size and the report limit as in NCBI (range B/F rows); -sorthsps is rejected.	-	
A-121	A	src/algo/blast/blastinput/blast_args.cpp	3147-3189	CMTArgs::SetArgumentDescriptions	-num_threads: default key min(1, cpus)=1, CArgAllowValuesGreaterThanOrEqual(1)	algorithm/blastn/args.rs:37(BlastnArgs);blastinput/value_parsers.rs:328(blastn_count)	faithful	none	Default 1 and lower bound 1 (0 and negatives are argument errors); -mt_mode exists in NCBI (rejected in LOSAT, group row).	-	
A-122	A	src/algo/blast/blastinput/blast_args.cpp	3202-3243	CMTArgs::x_ExtractAlgorithmOptions	-num_threads greater than the CPU count: m_NumThreads = CPU count and ERR_POST(Warning) 'Number of threads was reduced to N to match the number of available CPUs'	utils/threading.rs:50(validate_threads)	unported	medium	LOSAT emits no such warning (stderr). It keeps the requested count when it is at most 65535 and rejects larger counts ('requested N threads exceeds Rayon maximum 65535, which is not supported by LOSAT') or counts the system cannot start; NCBI never fails. Shows with any -num_threads above the machine's CPU count.	X-threads	
A-123	A	src/algo/blast/blastinput/blast_args.cpp	3224-3239	CMTArgs::x_ExtractAlgorithmOptions	"-subject given and m_NumThreads != 1: m_NumThreads = 1 and ERR_POST(Warning) ""'num_threads' is currently ignored when 'subject' is specified."" (adds ' and mt_mode' for mt_mode 1)"	utils/threading.rs:93(with_search_pool)	unported	medium	LOSAT runs with the requested threads for -subject and writes no warning (E2c AUTHORITY section I); output bytes are equal, stderr differs for every run with -num_threads > 1.	X-threads	
A-124	A	src/algo/blast/blastinput/blast_args.cpp	3202-3243	CMTArgs::x_ExtractAlgorithmOptions	-num_threads 1 (default), -subject given: no warning, mt_mode left at split-by-database	utils/threading.rs:93(with_search_pool)	faithful	none	One thread, no message in both.	-	
A-125	A	src/algo/blast/blastinput/blast_args.cpp	3245-3260	CRemoteArgs	-remote absent: m_IsRemote false	cli.rs:238(is_unported_blastn_arg)	faithful	none	-remote is rejected by LOSAT; the local default is the only mode.	-	
A-126	A	src/algo/blast/blastinput/blast_args.cpp	3262-3290	CDebugArgs	-	-	n/a	none	The -verbose/-remote_verbose keys exist only when _BLAST_DEBUG is defined (not in release builds).	-	
A-127	A	src/algo/blast/blastinput/blast_args.cpp	3419-3451	CStdCmdLineArgs::SetArgumentDescriptions	-query default key '-' (eInputFile); -out default key '-' (eOutputFile) with CArgAllowMaximumFileNameLength(256)	algorithm/blastn/args.rs:19(BlastnArgs);algorithm/blastn/args.rs:114(BlastnArgs);blastinput/value_parsers.rs:431(blastn_output_path)	faithful	none	-out names whose last path component (trailing separators removed) is 256 bytes or longer are an argument error in both; '-' means stdin/stdout; -gzo and -sra are not enabled for blastn.	-	
A-128	A	src/algo/blast/blastinput/blast_args.cpp	3453-3494	CStdCmdLineArgs::ExtractAlgorithmOptions	-query opened (AsInputFile): '-' is cin, a file that does not open throws CArgException 'File is not accessible'	algorithm/blastn/blast_engine/run.rs:4939(open_blastn_input);cli.rs:441(inaccessible)	faithful	none	"'Command line argument error: Argument ""query"". File is not accessible:  `<value>'' (exit 1; empty value has no suffix); stdin is a duplicate of fd 0 so file position is shared (cin); opened after the subject and before -out; no gzip decompression for blastn."	-	
A-129	A	src/algo/blast/blastinput/blast_args.cpp	3453-3494	CStdCmdLineArgs::ExtractAlgorithmOptions	-out opened (AsOutputFile): created/truncated here, before -dust and the option validation; '-' is cout	algorithm/blastn/blast_engine/run.rs:5203(run);cli.rs:441(inaccessible)	faithful	none	"The output file exists (empty) even when a later check fails; 'Argument ""out"". File is not accessible' on failure (exit 1); a name longer than 255 bytes is rejected earlier by the constraint."	-	
A-130	A	src/algo/blast/blastinput/blast_args.cpp	3496-3521	CStdCmdLineArgs::GetInputStream / GetOutputStream / SetInputStream	-	-	n/a	none	Accessors (abort if the stream was never set) and the saved-strategy input.	-	
A-131	A	src/algo/blast/blastinput/blast_args.cpp	3523-3568	CSearchStrategyArgs	-import_search_strategy / -export_search_strategy absent	cli.rs:221(is_unported_blastn_arg)	rejected	low	Both keys are rejected by LOSAT; absent they set nothing.	K-layer	
A-132	A	src/algo/blast/blastinput/blast_args.cpp	3571-3583	CBlastAppArgs::CBlastAppArgs / SetCommandLine / SetUpCommandLineArguments	-	-	n/a	none	Registers the search-strategy handler first and builds the argument groups for the usage text.	-	
A-133	A	src/algo/blast/blastinput/blast_args.cpp	3584-3622	CBlastAppArgs::SetOptions	m_OptsHandle already set (saved strategy)	cli.rs:205(is_unported_blastn_arg)	rejected	low	Reached only with -import_search_strategy (rejected).	K-layer	
A-134	A	src/algo/blast/blastinput/blast_args.cpp	3623-3633	CBlastAppArgs::SetOptions	normal command line: locality local (no -remote, -export_search_strategy or archive format), x_CreateOptionsHandle(task), each handler's ExtractAlgorithmOptions in order	algorithm/blastn/blast_engine/run.rs:5111(run)	faithful	none	run() performs the handler effects in this order: -outfmt pre-parse, thread check (LOSAT only, after outfmt), subject read, query open, -out create, -dust, formatting warning, validation.	-	
A-135	A	src/algo/blast/blastinput/blast_args.cpp	3636-3640	CBlastAppArgs::SetOptions	retval->Validate() (BLAST_ValidateOptions) and CBlastException rethrown as CInputException	algorithm/blastn/scoring.rs:90(check_scoring_options)	faithful	none	Checks in NCBI's order for scoped options: penalty must be negative (unless reward and penalty are both 0), gap open > 0 with gap extend 0, word size > 100, expect value <= 0 (NaN passes), gap 0/0 without greedy (task blastn); message 'BLAST query/options error: <msg>' + 'Please refer to the BLAST+ user manual.', exit 1. Other checks (word size < 4, hit list < 1, HSP filtering, off-diagonal) cannot fail for scoped values.	-	
A-136	A	src/algo/blast/blastinput/blast_args.cpp	3643-3658	CBlastAppArgs::SetTask / GetInputStream / GetOutputStream	-	-	n/a	none	Store the task string and forward the stream accessors.	-	
A-137	A	src/algo/blast/blastinput/blast_args.cpp	3686-3697	CBlastAppArgs::x_CreateOptionsHandleWithTask	CBlastOptionsFactory::CreateTask(task, locality)	algorithm/blastn/coordination.rs:174(task_defaults)	faithful	none	See CBlastnAppArgs::x_CreateOptionsHandle row (E2c section A).	-	
A-138	A	src/algo/blast/blastinput/blast_args.cpp	3698-3838	CBlastAppArgs::x_IssueWarningsForIgnoredOptions / SetOptionsForSavedStrategy	-	-	n/a	none	Used only with a saved search strategy (rejected).	-	
A-139	A	src/algo/blast/blastinput/blast_args.cpp	136-3416	(group) NCBI blastn options outside the scope	an option of this list is given: -best_hit_overhang -best_hit_score_edge -culling_limit -db -db_hard_mask -db_soft_mask -dbsize -entrez_query -export_search_strategy -filtering_db -gilist -h -html -import_search_strategy -index_name -line_length -min_raw_gapped_score -mt_mode -negative_gilist -negative_seqidlist -negative_taxidlist -negative_taxids -no_greedy -no_taxid_expansion -num_alignments -num_descriptions -off_diagonal_range -parse_deflines -qcov_hsp_perc -query_loc -remote -searchsp -seqidlist -show_gis -soft_masking -sorthits -sorthsps -strand -subject_loc -taxidlist -taxids -template_length -template_type -ungapped -use_index -version -window_masker_db -window_masker_taxid -window_size -xdrop_gap -xdrop_gap_final -xdrop_ungap	cli.rs:205(is_unported_blastn_arg);cli.rs:63(try_parse_from)	rejected	low	Each gets 'the NCBI BLAST+ option -X is not supported by LOSAT's BLASTN' (clap error, exit 2 through the argument error path) instead of NCBI's behaviour (53 names of the 2.17.0 -help). Options of the scoped list are not affected.	K-mode	
A-140	A	src/corelib/ncbiapp.cpp	1086-1112	CNcbiApplicationAPI::AppMain (CArgException from argument description/parsing)	an argument value or syntax error (-word_size 3, -evalue abc, -penalty 1, -perc_identity 101, -num_threads 0, bad -task, unknown option, extra argument, missing -subject)	main.rs:36(main);cli.rs:63(try_parse_from);cli.rs:162(render_message)	divergent	medium	Both reject the same invalid values, but NCBI prints the USAGE text, 'Error in command-line arguments' and the CArgException message and exits 1, while clap prints its own error text and exits 2 (E2c AUTHORITY section N, last paragraph; no approved exception). Applies to every constraint row of this table.	X-cli	
A-141	A	src/algo/blast/blastinput/blast_input.cpp	48-74	CBlastInputSourceConfig::CBlastInputSourceConfig	strand other becomes both for nucleotide input; SetQueryLocalIdMode ('Query_' prefix, counter from 1); SetSubjectLocalIdMode for subjects	report/query_warnings.rs:53(invalid_query_warning)	faithful	none	Local ids are Query_<n> and Subject_<n> with n counted from 1 over the whole input across batches; LOSAT uses index+1 where an id is shown (invalid-query warning); the formatter rows use the same numbering.	-	
A-142	A	src/algo/blast/blastinput/blast_input.cpp	134-176	CBlastInput::GetNextSeqBatch	queries added while size_read < batch size (the query that reaches the size stays in the batch); End() ends the batch	blastinput/query_batch.rs:52(next_query_batch_end);algorithm/blastn/blast_engine/run.rs:5645(run_in_pool)	faithful	none	equivalent: LOSAT reads all queries first and cuts batches with the same rule on residue counts; size_read is a TSeqPos in NCBI and a usize/i64 here (no wrap below 2^32 residues per batch).	-	
A-143	A	src/algo/blast/blastinput/blast_input.cpp	148-160	CBlastInput::GetNextSeqBatch	GetNextSequence throws CObjReaderParseException: eEOF ends the batch, other codes are rethrown ('BLAST query error', exit 1)	algorithm/blastn/input.rs:218(check_residues);algorithm/blastn/blast_engine/run.rs:4994(read_blastn_records)	rejected	low	FASTA reader errors (for example a first data line that does not look like sequence) have no LOSAT counterpart; such inputs contain non-IUPAC residues and are rejected by check_residues with a LOSAT message (exit 1).	K-fasta	
A-144	A	src/algo/blast/blastinput/blast_input.cpp	161-164	CBlastInput::GetNextSeqBatch	catch (const exception&) { continue; } silently skips a query whose reading throws a non-parse exception (SB-2307, unknown Seq-id)	-	n/a	none	Reading a FASTA record from a file throws no CInputException/Seq-id error: molecule type is forced to nucleotide, no -query_loc, and ids are not looked up (only a record without defline can start with an accession-like line, which LOSAT rejects).	-	
A-145	A	src/algo/blast/blastinput/blast_input.cpp	198-220	CBlastInput::GetAllSeqs	subject set: read all records; eEOF ends; eNoDefline would become 'Query input doesn't start with a defline or comment'	algorithm/blastn/blast_engine/run.rs:5165(run);algorithm/blastn/blast_engine/run.rs:4994(read_blastn_records)	faithful	none	All subject records are read at the first handler; eNoDefline cannot occur (fDLOptional), a file without records is 'Empty CBlastQueryVector' (exit 3, check_subjects_not_empty).	-	
A-146	A	src/algo/blast/blastinput/blast_input.cpp	97-132	CBlastInput::GetNextSeqLocBatch / 179-196 GetAllSeqLocs	-	-	n/a	none	Seq-loc vector API used by other programs; blastn uses the CBlastQueryVector variants.	-	
A-147	A	src/algo/blast/blastinput/blast_fasta_input.cpp	291-368	CBlastFastaInputSource::CBlastFastaInputSource / x_InitInputReader	reader flags: fNoParseID|fDLOptional (no -parse_deflines), fAssumeNuc, fNoSplit (BLASTINPUT_GEN_DELTA_SEQ unset or empty), fHyphensIgnoreAndWarn, fDisableNoResidues, fQuickIDCheck; ignored problems TooLong, ModifierFoundButNoneExpected, TooManyAmbiguousResidues	algorithm/blastn/input.rs:83(check_deflines);algorithm/blastn/input.rs:218(check_residues)	faithful	none	The flag set fixes the behaviours compared in the fasta.cpp rows: ids are generated, the whole defline is the title, residues are nucleotides, hyphens/invalid residues are warned and dropped, empty records are not an error, and three warning kinds are silent.	-	
A-148	A	src/algo/blast/blastinput/blast_fasta_input.cpp	331-334	CBlastFastaInputSource::x_InitInputReader	BLASTINPUT_GEN_DELTA_SEQ set to a non-empty value: fNoSplit not set, so records are built as delta sequences (split into literals of at most 99999 residues)	-	n/a	none	Environment row: LOSAT never reads BLASTINPUT_GEN_DELTA_SEQ. Oracle runs (2.17.0, variable set to 1; -task blastn and megablast; outfmt 0 and 6; 250 kb subject so delta literals of 99999 residues form; query and subject lower-case runs crossing the 99999 boundary with and without -lcase_masking) gave byte-identical output, so the delta representation does not reach the output.	-	
A-149	A	src/algo/blast/blastinput/blast_fasta_input.cpp	370-374	CBlastFastaInputSource::End	m_LineReader->AtEOF()	blastinput/query_batch.rs:52(next_query_batch_end)	faithful	none	The loop ends when the stream is at end of file; trailing blank and comment lines are consumed by the last record, so no empty batch is read.	-	
A-150	A	src/algo/blast/blastinput/blast_fasta_input.cpp	377-409	CBlastFastaInputSource::x_FastaToSeqLoc	-lcase_masking: lcase_mask = SaveMask() before ReadOneSeq; mask strand set to plus	algorithm/blastn/coordination.rs:634(collect_lowercase_masks)	faithful	none	One fresh mask per record, filled only when the flag is set; the mask is kept for the plus strand and applied to both strands by GetNextSequence.	-	
A-151	A	src/algo/blast/blastinput/blast_fasta_input.cpp	410-462	CBlastFastaInputSource::x_FastaToSeqLoc	molecule/strand/range checks, interval 0..seqlen-1, id = best Seq-id	algorithm/blastn/blast_engine/run.rs:5598(run_in_pool)	faithful	none	With the forced nucleotide type, strand both and no -query_loc none of the CInputException checks can fire; the whole sequence is the query (from 0 to length-1).	-	
A-152	A	src/algo/blast/blastinput/blast_fasta_input.cpp	436-440	CBlastFastaInputSource::x_FastaToSeqLoc	record with no residues: seqlen 0, interval end = seqlen-1 wraps to UINT_MAX	algorithm/blastn/input.rs:227(check_records_have_residues)	rejected	low	LOSAT rejects 'record N (id) has no residues; NCBI BLAST+ reports such a record differently' (input: a defline without sequence lines, or only comment lines). NCBI continues with a warning for the empty record when other records have residues (see the AssembleSeq row for the oracle texts and exit statuses).	K-fasta	
A-153	A	src/algo/blast/blastinput/blast_fasta_input.cpp	469-481	CBlastFastaInputSource::GetNextSSeqLoc	-	-	n/a	none	SSeqLoc variant of the reader, not used by blastn.	-	
A-154	A	src/algo/blast/blastinput/blast_fasta_input.cpp	483-515	CBlastFastaInputSource::GetNextSequence	-lcase_masking: PackedSeqLocToMaskedQueryRegions(mask, blastn, both strands true)	algorithm/blastn/blast_engine/run.rs:3952(reverse_mask_intervals);algorithm/blastn/coordination.rs:634(collect_lowercase_masks)	faithful	none	The plus-strand lowercase intervals become masks on both strands (reverse_mask_intervals gives the minus-strand intervals); without the flag no masks are made.	-	
A-155	A	src/algo/blast/blastinput/blast_fasta_input.cpp	64-104	CCustomizedFastaReader::x_CloseGap	override: gaps are ignored	-	n/a	none	Reached only for letter or hyphen gaps with fParseGaps, which is not set; '>?' gap lines are rejected by LOSAT (ParseGapLine row).	-	
A-156	A	src/algo/blast/blastinput/blast_fasta_input.cpp	87-98	CCustomizedFastaReader::AssignMolType	position < m_SeqLenThreshold (UINT_MAX, always below 4Gi residues): mol = nucleotide (fAssumeNuc), no guessing	algorithm/blastn/input.rs:218(check_residues)	faithful	none	Every record is nucleotide; protein-looking letters are 'invalid nucleotide residues' (dropped with a warning in NCBI), which LOSAT rejects. The >= threshold branch needs about 4 billion residues.	-	
A-157	A	src/algo/blast/blastinput/blast_fasta_input.cpp	130-179	CBlastInputReader::ReadOneSeq	first line of the record is empty or does not start with an alphanumeric character (a '>' defline): defer to CFastaReader::ReadOneSeq	algorithm/blastn/blast_engine/run.rs:4994(read_blastn_records)	faithful	none	The normal path for FASTA with deflines; the line is ungot and read again by CFastaReader.	-	
A-158	A	src/algo/blast/blastinput/blast_fasta_input.cpp	130-179	CBlastInputReader::ReadOneSeq	first line starts with an alphanumeric character (a file or record without defline): tried as a Seq-id (accession/GI, fetched via data loaders), else read as headerless sequence (fDLOptional)	algorithm/blastn/input.rs:24(UNREADABLE_FASTA);algorithm/blastn/blast_engine/run.rs:4994(read_blastn_records)	rejected	low	bio fails with 'Expected > at record start' and LOSAT stops with 'FASTA that bio cannot read (such as text before the first defline ...), which NCBI BLAST+ may read, is not supported by LOSAT's BLASTN' (exit 1).	K-fasta	
A-159	A	src/algo/blast/blastinput/blast_fasta_input.cpp	186-262	CBlastInputReader::x_ValidateMoleculeType / x_CreateBioseq	-	-	n/a	none	Seq-id input only (needs a BLAST database or GenBank lookup); FASTA records never get here.	-	
A-160	A	src/algo/blast/blastinput/blast_fasta_input.cpp	264-289	CStreamLineReaderConverter	-	-	n/a	none	Hyphen-to-N conversion used only for the mapper (gaps_to_Ns); ReadSequencesToBlast passes false for blastn.	-	
A-161	A	src/algo/blast/blastinput/blast_input_aux.cpp	221-247	ReadSequencesToBlast	subject FASTA: believe_defline false, lowercase flag, SubjectLocalIdMode, empty range, no gap conversion; GetAllSeqs	algorithm/blastn/blast_engine/run.rs:4904(read_blastn_fasta_records);algorithm/blastn/blast_engine/run.rs:5165(run)	faithful	none	Same reader configuration as the query except the Subject_ id prefix and reading everything at once.	-	
A-162	A	src/algo/blast/blastinput/blast_input_aux.cpp	146-219	ParseSequenceRange / ParseSequenceRangeOpenEnd	-query_loc and -subject_loc ranges	cli.rs:205(is_unported_blastn_arg)	rejected	low	Both options are rejected, so no range is parsed.	K-layer	
A-163	A	src/algo/blast/blastinput/blast_input_aux.cpp	250-299	CalculateFormattingParams	-	-	n/a	none	Not called by blastn (used by the remote/formatter tools).	-	
A-164	A	src/algo/blast/blastinput/blast_input_aux.cpp	301-329	HasRawSequenceData	FASTA records (raw, or virtual with length 0)	-	n/a	none	Always true for records read from FASTA, so the data-loader branch of x_FastaToSeqLoc is skipped.	-	
A-165	A	src/algo/blast/blastinput/blast_input_aux.cpp	331-440	CheckForEmptySequences (three overloads)	-	-	n/a	none	Not called by the blastn application.	-	
A-166	A	src/algo/blast/blastinput/blast_input_aux.cpp	50-67	CAutoOutputFileReset::GetStream	-	-	n/a	none	Used by PSI-BLAST style output files, not by blastn.	-	
A-167	A	src/objtools/readers/fasta.cpp	312-440	CFastaReader::ReadOneSeq	'>' defline, sequence lines up to the next '>' or end of file; blank lines (only isspace) ignored	algorithm/blastn/blast_engine/run.rs:4994(read_blastn_records);algorithm/blastn/input.rs:83(check_deflines)	faithful	none	bio reads the same records for deflines and lines accepted by the checks; blank lines inside or after a record add nothing in bio and are skipped by NCBI.	-	
A-168	A	src/objtools/readers/fasta.cpp	352-362	CFastaReader::ReadOneSeq	line starting with '>?' (assembly gap line) and '>?_' (defline without the prefix)	algorithm/blastn/input.rs:83(check_deflines)	rejected	low	'record N has a defline that starts with '?'' ... not supported by LOSAT's BLASTN (exit 1); NCBI reads '>?100' as 100 N residues and '>?_x' as defline '>x'.	K-fasta	
A-169	A	src/objtools/readers/fasta.cpp	369-398	CFastaReader::ReadOneSeq	comment lines (first non-space character '!', '#' or ';') are skipped	algorithm/blastn/input.rs:218(check_residues)	rejected	low	bio keeps such lines as sequence text; LOSAT rejects the record because '!', '#' and ';' are not IUPAC nucleotide letters ('... has ';' at residue N ...').	K-fasta	
A-170	A	src/objtools/readers/fasta.cpp	381-398	CFastaReader::ReadOneSeq	need_defline with fDLOptional: text (blank, comment or sequence) before the first '>' is accepted and the first record gets an empty defline	algorithm/blastn/input.rs:24(UNREADABLE_FASTA)	rejected	low	bio cannot read a file that does not start with '>'; LOSAT stops with the 'FASTA that bio cannot read' message (exit 1). Input: leading blank line, ';' comment, BOM or headerless sequence.	K-fasta	
A-171	A	src/objtools/readers/fasta.cpp	404-409	CFastaReader::ReadOneSeq	m_CurrentMask set from m_NextMask per record, SaveMask each record when masks are requested	algorithm/blastn/coordination.rs:634(collect_lowercase_masks)	faithful	none	Masks are per record and only built with -lcase_masking.	-	
A-172	A	src/objtools/readers/fasta.cpp	428-431	CFastaReader::ReadOneSeq	need_defline and AtEOF: FASTA_ERROR eEOF (ends the batch)	-	n/a	none	Reached only for trailing text without any defline-less sequence; handled as end of input.	-	
A-173	A	src/objtools/readers/fasta.cpp	566-617	CFastaReader::ParseDefLine	fNoParseID: no id parsing, id generated (lcl|Query_n / lcl|Subject_n), whole defline text is the title	algorithm/blastn/input.rs:83(check_deflines);report/query_warnings.rs:53(invalid_query_warning)	faithful	none	The report shows Query_<n> ids and the defline as title (formatter rows); the raw defline is also stored in a user object (not output).	-	
A-174	A	src/objtools/readers/fasta_reader_utils.cpp	146-226	CFastaDeflineReader::ParseDefline	defline is '>' only, or '>' followed only by white space: no id, no title, id Query_<n>	algorithm/blastn/input.rs:83(check_deflines)	rejected	low	'record N has a defline that is empty'; NCBI accepts an empty defline and names the record Query_<n>.	K-fasta	
A-175	A	src/objtools/readers/fasta_reader_utils.cpp	146-226	CFastaDeflineReader::ParseDefline	text after '>' without leading white space or control characters; title = whole text (fNoParseID, title_start = start)	algorithm/blastn/input.rs:83(check_deflines)	faithful	none	bio id plus ' ' plus desc rebuilds the NCBI title for ASCII deflines without control characters; trailing white space is dropped by both (TruncateSpacesInPlace in x_ApplyMods).	-	
A-176	A	src/objtools/readers/fasta_reader_utils.cpp	146-226	CFastaDeflineReader::ParseDefline	white space after '>' (skipped by NCBI), a control character below ' ' (ends the title), or a non-ASCII byte (bytes vs characters)	algorithm/blastn/input.rs:83(check_deflines)	rejected	low	'... defline that starts with white space / has the control character 0x09 / has a non-ASCII byte' ... not supported by LOSAT's BLASTN (exit 1); inputs with a tab, leading space or UTF-8 in the defline.	K-fasta	
A-177	A	src/objtools/readers/fasta_reader_utils.cpp	229-292	CFastaDeflineReader::ParseRange	-	-	n/a	none	Not executed with fNoParseID (no id, so no ':from-to' suffix parsing).	-	
A-178	A	src/objtools/readers/fasta_reader_utils.cpp	333-407	CFastaDeflineReader::x_ProcessIDs / x_ConvertNumericToLocal / CSeqIdCheck / CIdErrorReporter	-	-	n/a	none	Id parsing and validation are skipped with fNoParseID.	-	
A-179	A	src/objtools/readers/fasta_reader_utils.cpp	439-486	CFastaIdHandler::GenerateID / CSeqIdGenerator::GenerateID	local id string = prefix + counter, counter advances per record	report/query_warnings.rs:53(invalid_query_warning)	faithful	none	Query_1, Query_2, ... and Subject_1, ... in input order (counter shared across query batches).	-	
A-180	A	src/objtools/readers/fasta.cpp	619-645	CFastaReader::PostProcessIDs / GenerateID	no ids from the defline: GenerateID; no range: no alignment history	-	n/a	none	Bookkeeping of the generated id; has_range is never true with fNoParseID.	-	
A-181	A	src/objtools/readers/fasta.cpp	670-686	CFastaReader::ParseTitle	title longer than 1000 characters: warning 'Title is very long' (eProblem_TooLong)	-	n/a	none	The problem kind is on the ignore list set by CBlastFastaInputSource (IgnoreProblem(eProblem_TooLong)), so nothing is printed.	-	
A-182	A	src/objtools/readers/fasta.cpp	1617-1679	CFastaReader::CreateWarningsForSeqDataInTitle	title longer than 20 bytes whose last 20 are ACGT (either case): LOG_POST 'FASTA-Reader: Title ends with at least 20 valid nucleotide characters.  Was the sequence accidentally put in the title line?'	algorithm/blastn/input.rs:180(write_title_warnings);algorithm/blastn/input.rs:169(ends_with_nucleotides)	faithful	none	Text, trigger (more than 20 bytes, last 20 in ACGTacgt) and the bare message form (no 'Warning: [blastn]' prefix) match; one warning per record, subjects when read and queries after 'Query is Empty!'.	-	
A-183	A	src/objtools/readers/fasta.cpp	1617-1679	CFastaReader::CreateWarningsForSeqDataInTitle	title where the nucleotide test depends on white space after the last 20 letters (NCBI keeps trailing blanks, bio drops them)	algorithm/blastn/input.rs:83(check_deflines)	rejected	low	'ends with white space after 20 nucleotide letters ...' rejected; input: a defline ending with 20 or more ACGT letters followed by blanks.	K-fasta	
A-184	A	src/objtools/readers/fasta.cpp	1617-1679	CFastaReader::CreateWarningsForSeqDataInTitle	timing of the warning: NCBI posts it while reading each query batch, after PrintProlog and before that batch is searched	algorithm/blastn/input.rs:180(write_title_warnings);algorithm/blastn/blast_engine/run.rs:5416(search)	divergent	low	LOSAT writes all query title warnings before the search starts and before any report text, and writes the invalid-query warnings ('Warning: [blastn] Query_N ...: Could not calculate ...', formatter, run.rs:4826-4836) once after the whole report; NCBI posts the title warnings while each query batch is read (after the outfmt 0 prolog, before that batch is searched) and the invalid-query warnings with each batch's results. Separate stdout and stderr streams are identical; in a merged 2>&1 stream or with several batches the interleaving differs.	T9	faithful after baf180fbb; title warnings when a batch is read, invalid-query warnings with its report; fixtures warnings.batches.fmt{0,6}, warnings.batch1000.fmt7
A-185	A	src/objtools/readers/fasta.cpp	1655-1679	CFastaReader::CreateWarningsForSeqDataInTitle	amino-acid title test (length > 50, only when fAssumeNuc is not set)	-	n/a	none	fAssumeNuc is set for blastn input, so the branch is skipped.	-	
A-186	A	src/objtools/readers/fasta.cpp	2018-2045	CFastaReader::x_ApplyMods	fAddMods unset: '[key=value]' modifiers in the title are not applied; HasMods warning (eProblem_ModifierFoundButNoneExpected) ignored; title trimmed of spaces	-	n/a	none	Titles keep their bracket text unchanged and silent; only trailing/leading space trimming matters, which the defline checks cover.	-	
A-187	A	src/objtools/readers/fasta.cpp	710-772	CFastaReader::CheckDataLine	first data line looks like sequence (alphabetic characters, digits/space neutral)	algorithm/blastn/input.rs:218(check_residues)	faithful	none	IUPAC letter lines pass without message.	-	
A-188	A	src/objtools/readers/fasta.cpp	710-772	CFastaReader::CheckDataLine	first data line not plausible (bad >= good/3 with length > 3): CObjReaderParseException eFormat, 'BLAST query error' exit 1	algorithm/blastn/input.rs:218(check_residues)	rejected	low	Such lines contain non-IUPAC characters (digits only, '=', '.', ...) and LOSAT rejects the record with its own message (exit 1).	K-fasta	
A-189	A	src/objtools/readers/fasta.cpp	754-771	CFastaReader::CheckDataLine	more than 40% ambiguous nucleotides in the first 70 characters: warning 'Start of first data line ... ambiguous nucleotides' (eProblem_TooManyAmbiguousResidues)	-	n/a	none	The problem kind is on the ignore list, so no warning is printed.	-	
A-190	A	src/objtools/readers/fasta.cpp	856-873	CFastaReader::ParseDataLine	upper-case A B C D G H K M N R S T U V W Y: kept as residue	algorithm/blastn/input.rs:301(with_u_as_t);algorithm/blastn/input.rs:218(check_residues)	faithful	none	IUPAC letters of either case are accepted; U is read as T (oracle-confirmed, E2c section E).	-	
A-191	A	src/objtools/readers/fasta.cpp	874-892	CFastaReader::ParseDataLine	lower-case IUPAC letters (a b c d g h k m n r s t u v w y): upper-cased and recorded in the mask	algorithm/blastn/coordination.rs:634(collect_lowercase_masks);algorithm/blastn/input.rs:218(check_residues)	faithful	none	Masked only with -lcase_masking; the interval runs from the first lower-case letter to the letter before the next upper-case letter, over line breaks and white space (each line's ends are trimmed), as collect_lowercase_masks computes on the joined sequence.	-	
A-192	A	src/objtools/readers/fasta.cpp	893-935	CFastaReader::ParseDataLine	E F I J L O P Q Z X * (and lower case, digits, punctuation, non-ASCII) in nucleotide input: eCharType_Bad, dropped with 'FASTA-Reader: Ignoring invalid residues at position(s): On line N: pos' (mol type is not yet set when data lines are parsed)	algorithm/blastn/input.rs:218(check_residues)	rejected	low	'record N (id) has 'X' at residue M, which is not an IUPAC nucleotide letter' ... not supported by LOSAT's BLASTN (exit 1); NCBI continues with the residue removed.	K-fasta	
A-193	A	src/objtools/readers/fasta.cpp	919-925	CFastaReader::ParseDataLine	'-' with fHyphensIgnoreAndWarn: ignored with 'Hyphens are invalid and will be ignored around line N'; ';' starts a comment to the end of the line	algorithm/blastn/input.rs:218(check_residues)	rejected	low	Both characters are non-IUPAC and rejected ('has '-' at residue N').	K-fasta	
A-194	A	src/objtools/readers/fasta.cpp	926-929	CFastaReader::ParseDataLine	white space inside a line ('\t', '\v', '\f', '\r', ' ') is skipped; line ends and starts are trimmed by ReadOneSeq	algorithm/blastn/input.rs:218(check_residues)	rejected	low	Trailing blanks and CR are dropped by bio and match NCBI; leading blanks and interior blanks stay in bio's sequence and are rejected ('has 0x20 at residue N').	K-fasta	
A-195	A	src/objtools/readers/fasta.cpp	774-780	CFastaReader::ParseDataLine	line starting with '>?' (gap line): ParseGapLine	algorithm/blastn/input.rs:83(check_deflines)	rejected	low	Rejected where bio would start a record named '?...' (see the ReadOneSeq row).	K-fasta	
A-196	A	src/objtools/readers/fasta.cpp	1094-1349	CFastaReader::ParseGapLine	'>?N' (N residues of gap), '>?unkN' (unknown length), '>?' or '>?abc' (one residue with a warning)	algorithm/blastn/input.rs:83(check_deflines)	rejected	low	Gap lines are rejected; NCBI turns them into runs of N (fParseGaps unset, AssembleSeq) or one N.	K-fasta	
A-197	A	src/objtools/readers/fasta.cpp	1018-1077	CFastaReader::x_CloseGap	-	-	n/a	none	Overridden by CCustomizedFastaReader as a no-op and unreachable without fParseGaps.	-	
A-198	A	src/objtools/readers/fasta.cpp	1079-1092	CFastaReader::x_OpenMask / x_CloseMask (OpenMask, CloseMask inline)	interval [first lower-case, last lower-case] added to the packed-int mask with the best id, plus strand	algorithm/blastn/coordination.rs:634(collect_lowercase_masks)	faithful	none	equivalent: LOSAT stores half-open [start, end) intervals for the same residues; an upper-case letter (including N) closes a run, a lower-case run still open at the end of the record is closed at AssembleSeq.	-	
A-199	A	src/objtools/readers/fasta.cpp	1351-1516	CFastaReader::AssembleSeq	no residues (m_Gaps and m_SeqData empty): virtual sequence of length 0, no error because fDisableNoResidues	algorithm/blastn/input.rs:227(check_records_have_residues)	rejected	low	Empty records are rejected ('record N (id) has no residues; NCBI BLAST+ reports such a record differently'). Oracle 2.17.0: a query record without residues gives 'Warning: [blastn] Query_2 q2 empty: Sequence contains no data ' and the other queries are searched (exit 0); only empty queries give 'BLAST engine error: Warning: Sequence contains no data ' (exit 3); an empty subject gives 'Warning: [blastn] Subject_1 id: Subject sequence contains no data' and is skipped (all subjects empty: 'BLAST engine error: The average subject length is too short', exit 3).	K-fasta	
A-200	A	src/objtools/readers/fasta.cpp	1351-1516	CFastaReader::AssembleSeq	residues present, no gaps, fNoSplit: raw nucleotide Seq-data (packed), length = residues	algorithm/blastn/blast_engine/run.rs:5018(parse_blastn_fasta)	faithful	none	The sequence is the joined residue string; masks and title are separate fields.	-	
A-201	A	src/objtools/readers/fasta.cpp	1351-1516	CFastaReader::AssembleSeq	gap runs recorded (only '>?' lines here): substitute N runs; delta sequences when BLASTINPUT_GEN_DELTA_SEQ is set	algorithm/blastn/input.rs:83(check_deflines)	rejected	low	'>?' lines are rejected; for the delta representation see the BLASTINPUT_GEN_DELTA_SEQ row.	K-fasta	
A-202	A	src/objtools/readers/fasta.cpp	2196-2223	CFastaReader::PostWarning / IgnoreProblem	ignorable problems are dropped; other warnings go through LOG_POST (bare message) when no listener is set; errors throw	algorithm/blastn/input.rs:180(write_title_warnings)	faithful	none	Only the title warning is reachable without LOSAT rejecting the input; its bare 'FASTA-Reader: ...' form without a severity prefix is reproduced.	-	
A-203	A	src/corelib/ncbiargs.cpp	118-129	s_StringToInt8	decimal value (optional '+' or '-', ASCII digits only, no spaces, no trailing text)	blastinput/value_parsers.rs:190(ncbi_integer)	faithful	none	NStr::StringToInt8 base 10 and i64::from_str accept the same strings ('+7', '-07'; '', ' 7', '7 ', '+', '7.0', '1_000' fail); a value beyond Int8 is an argument error in both.	-	
A-204	A	src/corelib/ncbiargs.cpp	118-129	s_StringToInt8	value starting with '0x' or '0X' that is not a decimal: NStr::StringToInt8(value, 0, 16) ('0x' alone reads 0; '-0x5', '0x+5', '0x5g' fail)	blastinput/value_parsers.rs:190(ncbi_integer)	faithful	none	Hex digits after the prefix are read, '0x' alone is 0, any other character is an error, octal is not auto-detected; matches ncbi_integer (unit test integers_are_read_as_ncbi_reads_them).	-	
A-205	A	src/corelib/ncbiargs.cpp	383-390	CArg_Integer::CArg_Integer	value outside int: 'Integer value is out of range'	blastinput/value_parsers.rs:190(ncbi_integer)	faithful	none	2147483647 and -2147483648 pass, 2147483648 and 0x80000000 are argument errors; applies to -word_size, -gapopen, -gapextend, -reward, -penalty, -max_target_seqs, -max_hsps, -num_threads.	-	
A-206	A	src/corelib/ncbiargs.cpp	460-469	CArg_Double::CArg_Double	value read by NStr::StringToDouble(value, fDecimalPosixOrLocal): first character digit, '.', '+' or '-'; decimal forms with exponent	blastinput/value_parsers.rs:231(ncbi_double)	faithful	none	'1e-5', '.5', '+2', '5.', '-0', '1E5' read the same (strtod wins when both readers consume the whole text); 'inf', 'nan', ' 1', '' and 'e5' are argument errors in both.	-	
A-207	A	src/corelib/ncbiargs.cpp	460-469	CArg_Double::CArg_Double	forms strtod or NCBI's POSIX reader accept but Rust does not: hex floats ('0x10' = 16, '0x1p-3'), exponent without digits ('1e'), 'nan(...)'	blastinput/value_parsers.rs:231(ncbi_double)	rejected	low	'expected a decimal number (other forms, which NCBI BLAST+ may read, are not supported by LOSAT's BLASTN)' (argument error, exit 2 via clap). NCBI accepts them for -evalue (and -perc_identity, where the range check applies); E2c section G.	K-layer	
A-208	A	src/corelib/ncbiargs.cpp	460-469	CArg_Double::CArg_Double	-evalue '+inf', '-inf', '+nan', '-nan' or an overflowing '1e400' (strtod gives inf, ERANGE is not an error)	algorithm/blastn/scoring.rs:125(check_losat_limits)	rejected	low	Accepted by NCBI (the search runs; -inf and NaN pass the <= 0 check only for NaN); LOSAT stops with 'an infinite or NaN e-value is not supported by LOSAT's BLASTN' after 'Query is Empty!'. '-inf' and values <= 0 fail NCBI's validation, which LOSAT reproduces first.	K-layer	
A-209	A	src/corelib/ncbiargs.cpp	1231-1262	CArgDescMandatory::ProcessArgument (constraint check)	CArgAllowValuesGreaterThanOrEqual/LessThanOrEqual: NStr::StringToDouble(value) re-read; exceptions count as illegal; '0x' alone fails	blastinput/value_parsers.rs:266(ncbi_constrained_integer);blastinput/value_parsers.rs:274(blastn_integer_at_least)	faithful	none	The integer type check passes '0x' (value 0) but the constraint's re-read throws, so '-word_size 0x', '-penalty 0x' etc. are 'Illegal value'; other values compare as integers (a hex value compares as its number).	-	
A-210	A	src/corelib/ncbiargs.cpp	1231-1262	CArgDescMandatory::ProcessArgument (constraint check)	CArgAllowStringSet for -task; CArgAllow_Doubles(0,100) for -perc_identity; CArgAllowMaximumFileNameLength for -out	blastinput/value_parsers.rs:305(blastn_task);blastinput/value_parsers.rs:365(blastn_percentage);blastinput/value_parsers.rs:431(blastn_output_path)	faithful	none	Exact task names, closed interval on the CArg_Double reading (NaN outside), and CDirEntry::GetName length < 256 bytes (trailing separators removed) are reproduced; other tasks are the rejected row.	-	
A-211	A	src/corelib/ncbiargs.cpp	94-99	s_ArgExptMsg	"message 'Argument ""name"". what:  `value''"	cli.rs:441(inaccessible)	faithful	none	Used for the 'File is not accessible' text (the value part is omitted for an empty value); other argument messages are the argument-error row.	-	
A-212	A	src/corelib/ncbiargs.cpp	595-621	CArg_Ios::x_Open / AsInputFile / AsOutputFile	stream not opened: CArgException eNoFile 'File is not accessible'	cli.rs:441(inaccessible)	faithful	none	Raised when a handler first needs the stream, hence after earlier handlers' errors.	-	
A-213	A	src/corelib/ncbiargs.cpp	695-738	CArg_InputFile::x_Open	'-' is cin; a regular file or directory opens (a directory reads as no data); a missing or unreadable file or an empty name does not	algorithm/blastn/blast_engine/run.rs:4939(open_blastn_input);algorithm/blastn/blast_engine/run.rs:4975(read_blastn_fasta_bytes)	faithful	none	Directory input is read as empty (IsADirectory error mapped to no bytes); stdin is a duplicate of fd 0 so query and subject share the file position, as cin does.	-	
A-214	A	src/corelib/ncbiargs.cpp	754-800	CArg_OutputFile::x_Open	'-' is cout; otherwise the file is created and truncated (no fCreatePath/fNoCreate flags); failure makes the argument inaccessible	algorithm/blastn/blast_engine/run.rs:5203(run)	faithful	none	"File::create truncates; a directory or unwritable path gives 'Command line argument error: Argument ""out"". File is not accessible:  `<path>'' exit 1."	-	
A-215	A	src/corelib/ncbistr.cpp	765-795	s_CheckRadix	base 10 (shortcut) and base 16 with '0x' prefix skipping	blastinput/value_parsers.rs:190(ncbi_integer)	faithful	none	See the s_StringToInt8 rows.	-	
A-216	A	src/corelib/ncbistr.cpp	798-880	NStr::StringToInt8 / NStr::StringToInt (flags 0)	-outfmt number and -dust tokens: optional sign, digits, overflow, trailing text; range check to int (635-643)	algorithm/blastn/hsp.rs:78(parse_blastn_output_format);blastinput/value_parsers.rs:92(parse_dust_filtering)	faithful	none	Read with i32::from_str: '+6', '06', '-0' accepted; '', ' 6', '6 ', '0x6', '6.0', 2147483648 rejected (CStringException eConvert in NCBI).	-	
A-217	A	src/corelib/ncbistr.cpp	1283-1376	s_StringToDouble / NStr::StringToDouble	-evalue and -perc_identity (fDecimalPosixOrLocal) and the constraint re-read (flags 0)	blastinput/value_parsers.rs:231(ncbi_double);blastinput/value_parsers.rs:266(ncbi_constrained_integer)	faithful	none	See the CArg_Double rows; trailing characters are an error (CHECK_ENDPTR) as with f64::from_str.	-	
A-218	A	src/corelib/ncbistr.cpp	3182-3185	NStr::TruncateSpaces	-outfmt value trimmed of isspace characters at both ends	algorithm/blastn/hsp.rs:78(parse_blastn_output_format)	faithful	none	Space, \t, \n, \v, \f, \r, as is_space in parse_blastn_output_format.	-	
A-219	A	src/corelib/ncbistr.cpp	-	NStr::Split / NStr::SplitInTwo	-dust value split at every ' ' (empty fields kept); outfmt custom text 'delim=value' split at the first '='	blastinput/value_parsers.rs:92(parse_dust_filtering);algorithm/blastn/hsp.rs:78(parse_blastn_output_format)	faithful	none	split(' ') keeps empty tokens; the '=' split returns false without '=' (error) and accepts an empty value.	-	
A-220	A	src/corelib/ncbiargs.cpp	2880-3066	CArgDescriptions argument parsing (x_CreateArg): '-key value', '-key=value', flags without value	-flag=value (error), unknown name, missing value, duplicate key, extra positional	cli.rs:63(try_parse_from)	faithful	none	The accepted syntax is reproduced (-key=value for keys, error for -flag=x, '--key' unknown), ; the error output of every parse error is the divergent argument-error row (clap text and exit 2 instead of USAGE and exit 1).	-	
A-221	A	src/algo/blast/api/local_blast.cpp	54-73	SplitQuery_GetChunkSize	CHUNK_SIZE environment variable set and not blank (NStr::StringToInt value replaces 1000000/5000000): changes the batch cap (chunk-1000) and query splitting	algorithm/blastn/blast_engine/run.rs:5462(search)	rejected	low	Environment row: LOSAT rejects 'the environment variable CHUNK_SIZE, which changes NCBI BLAST+'s query batches, is not supported by LOSAT's BLASTN' (a blank value counts as unset, as NStr::IsBlank in NCBI). Task states CHUNK_SIZE is unset. Range B owns the function.	T7	faithful after 8ccf079ba and 5dac71f72; NCBI's StringToInt and size_t/TSeqPos arithmetic; CHUNK_SIZE=1000 without BATCH_SIZE gives NCBI's empty-batch error after the outfmt 0 prolog (exit 3); explicit rejection: non-integers (CStringException text names the build's files, exit 255) and a negative CHUNK_SIZE above a negative OVERLAP_CHUNK_SIZE (CCoreException naming the build's files); 23 fixtures env.*; 22 batch_sweep runs x 60 cases and 4 split_check runs with the variables: 0 differ
A-222	A	src/algo/blast/api/split_query_aux_priv.cpp	51-70	SplitQuery_GetOverlapChunkSize	OVERLAP_CHUNK_SIZE environment variable set and not blank: NStr::StringToInt value replaces the chunk overlap 100 (called for every batch by SplitQuery_CalculateNumChunks)	-	unported	low	Environment row: LOSAT never reads OVERLAP_CHUNK_SIZE (query_split.rs uses 100), so a set variable is ignored; NCBI changes the number and boundaries of query chunks for batches of about 2 million letters or more, and a non-integer value raises an exception. Fix: reject it like CHUNK_SIZE. Range B owns the function.	T7	faithful after 8ccf079ba and 5dac71f72; NCBI's StringToInt and size_t/TSeqPos arithmetic; CHUNK_SIZE=1000 without BATCH_SIZE gives NCBI's empty-batch error after the outfmt 0 prolog (exit 3); explicit rejection: non-integers (CStringException text names the build's files, exit 255) and a negative CHUNK_SIZE above a negative OVERLAP_CHUNK_SIZE (CCoreException naming the build's files); 23 fixtures env.*; 22 batch_sweep runs x 60 cases and 4 split_check runs with the variables: 0 differ
A-223	A	src/objtools/align_format/showdefline.cpp	80-81	kBits (static initializer)	CTOOLKIT_COMPATIBLE environment variable set (any value): the outfmt 0 description table header reads '(bits)' instead of '(Bits)'	-	unported	low	Environment row (oracle run, 2.17.0): with CTOOLKIT_COMPATIBLE=1 the outfmt 0 table header '(Bits)  Value' becomes '(bits)  Value' and nothing else in the report changes, because the other uses (showalign.cpp:2289,4504; align_format_util.cpp:957) sit inside #ifdef CTOOLKIT_COMPATIBLE, which this build does not define. LOSAT ignores the variable. Fix: reject the variable explicitly. Range F owns the formatter.	T11	faithful after e4b5c4a63; kBits from CTOOLKIT_COMPATIBLE (any value); fixtures ctoolkit.*; 55 outfmt 0 cases of every program x 3 environments: 51 same, 4 TBLASTX (outfmt 0 not implemented, S08)
A-224	A	src/algo/blast/core/blast_stat.c	921-923	BlastScoreBlkNew (OLD_FSC)	OLD_FSC environment variable set: no Gumbel block is allocated	-	n/a	none	Environment row: for blastn BlastSetup_ScoreBlkInit frees the Gumbel block anyway (blast_setup.c:475-480, 'disable new FSC rules for nucleotide'), and the Spouge e-value and min_subject_length branches test sbp->gbp, so the variable cannot change blastn output. -searchsp (rejected) is the only code that sets it.	-	
A-225	A	src/algo/blast/core/blast_hits.c	44-68	GetPrelimHitlistSize (ADAPTIVE_CBS)	ADAPTIVE_CBS environment variable: read only when compositionBasedStats is nonzero	algorithm/blastn/hsp.rs:508(get_prelim_hitlist_size)	n/a	none	Environment row: composition-based statistics are off for blastn, so only the gapped branch MIN(MAX(2*size,10),size+50) runs; LOSAT reads the variable for the CBS branch it never takes. Same in blast_traceback.c:1825. The task states it is unset.	-	
A-226	A	src/algo/blast/core/blast_traceback.c	1511-1513	BLAST_ComputeTraceback_MT (NCBI_BLAST_DISABLE_OPENMP)	NCBI_BLAST_DISABLE_OPENMP set: one traceback thread	-	n/a	none	Environment row: affects only multithreaded traceback (num_threads > 1), which -subject never uses.	-	
A-227	A	src/algo/blast/api/blast_setup_cxx.cpp	1328;1421	BlastFindMatrixPath / BlastFindBlastDbPath (BLASTMAT, BLASTDB)	BLASTMAT and BLASTDB environment variables: search paths for matrix files and BLAST databases	-	n/a	none	Environment row: no matrix file is read for blastn and no database is opened for -subject.	-	
A-228	A	src/algo/blast/api/blast_usage_report.cpp	48-77;197	CBlastUsageReport (BLAST_USAGE_REPORT, BLAST_DOCKER, BLAST_ELB_*)	usage reporting environment variables	-	n/a	none	Environment row: telemetry switches and tags only; no stdout/stderr text, exit status or search effect.	-	
A-229	A	src/algo/blast/format/blast_format.cpp	1056	CBlastFormat::PrintArchive (ARCHIVE_FORMAT)	ARCHIVE_FORMAT environment variable	-	n/a	none	Environment row: used only when printing an archive (-outfmt 11, not scoped).	-	
A-230	A	src/objtools/align_format/align_format_util.cpp	3387-3393	CAlignFormatUtil URL helpers (GETURL_DEBUG, NCBI, FMTCFG)	GETURL_DEBUG, NCBI and FMTCFG environment variables	-	n/a	none	Environment row: used only to build links for HTML output (-html is rejected).	-	
A-231	A	src/algo/blast/core/jumper.c	3201;3412;3471	mapper-only MAPPER_* variables (MAPPER_ANCHOR, MAPPER_USE_SMALL_WORDS, MAPPER_NO_GAP_SHIFT, MAPPER_NO_PRUNNING, MAPPER_NO_OVERLAPPED_HSP_MERGE)	MAPPER_* environment variables	-	n/a	none	Environment row: read only for the mapping program (magicblast), never for blastn.	-	
A-232	A	src/corelib/ncbiapp.cpp	1050-1135	CNcbiApplication environment and registry (DIAG_POST_LEVEL, DIAG_*, NCBI_CONFIG__*, .ncbirc)	DIAG_POST_LEVEL, DIAG_POST_PREFIX and NCBI_CONFIG__* environment variables set	-	unported	low	"Environment row (oracle run, 2.17.0): DIAG_POST_LEVEL=Error hides every 'Warning: [blastn] ...' line (for example 'Examining 5 or more matches'); DIAG_POST_LEVEL=Trace adds toolkit lines ('Phone home enabled', 'Info: (106.11) Registry file of application ""blastn"" is not found') to stderr; an invalid NCBI_CONFIG__DIAG__* value prints a CParamException error. LOSAT ignores all of them (stdout and exit status are unchanged). The task states .ncbirc is unset; the variables themselves are not in the range's files."	R2	explicit rejection after 219c2c49e: DIAG_*, NCBI_CONFIG_* (except entries that change no output), ABORT_ON_THROW, stack-trace and LOG_* parameters, non-Boolean BLAST_USAGE_REPORT; blastn.ini and .ncbirc on NCBI's search path accepted only with entries that change no output (fixture ncbirc.harmless_fmt0); oracle research e2g-r2r3
A-233	A	src/app/blast/blast_app_util.cpp	607-1030	(unused utilities) ExtractPssmAncillaryData, CheckForFreqRatioFile, s_ImportSearchStrategy and helpers, s_ExtractSeqidsAndRanges	-	-	n/a	none	PSI/DELTA/RPS and saved-strategy helpers; not called by blastn with -subject.	-	
A-234	A	src/algo/blast/blastinput/blast_fasta_input.cpp	581-1073	CShortReadFastaInputSource and helpers	-	-	n/a	none	Short-read input of magicblast; not used by blastn.	-	
A-235	A	src/objtools/readers/fasta.cpp	259-310;1683-1990	CFastaReader constructors, flags, ReadSet/ReadAlignedSet, alignment builders, CFastaMapper, ReadFasta, IFastaEntryScan, mod handlers	-	-	n/a	none	Not executed by CBlastFastaInputSource (it calls ReadOneSeq directly, with no mods, alignments or scanning).	-	
A-236	A	src/objtools/readers/fasta_reader_utils.cpp	55-117	s_PostError / s_PostWarning	-	-	n/a	none	Reporting helpers of the id-validation path, skipped with fNoParseID.	-	
B-001	B	src/algo/blast/api/local_blast.cpp	53-106	SplitQuery_GetChunkSize	eBlastn (-task blastn), CHUNK_SIZE unset	algorithm/blastn/query_split.rs:23(query_chunk_size)	faithful	none	Returns 1000000 for eBlastn; the translated-query divisibility check does not apply to blastn. Value is used both for the query batch cap (chunk-1000, run.rs:5627) and the split chunk size (query_split.rs:204).	-	
B-002	B	src/algo/blast/api/local_blast.cpp	53-106	SplitQuery_GetChunkSize	eMegablast (-task megablast, the default), CHUNK_SIZE unset	algorithm/blastn/query_split.rs:23(query_chunk_size)	faithful	none	Returns 5000000 for eMegablast; same two uses as the blastn row.	-	
B-003	B	src/algo/blast/api/local_blast.cpp	59-62	SplitQuery_GetChunkSize	CHUNK_SIZE environment variable set and not blank	algorithm/blastn/blast_engine/run.rs:5462(env check in search)	rejected	low	"LOSAT bails with ""the environment variable CHUNK_SIZE ... is not supported by LOSAT's BLASTN"" after the NCBI checks (a blank value is treated as unset like NStr::IsBlank). The task states CHUNK_SIZE is unset, so this is outside the scored path."	T7	faithful after 8ccf079ba and 5dac71f72; NCBI's StringToInt and size_t/TSeqPos arithmetic; CHUNK_SIZE=1000 without BATCH_SIZE gives NCBI's empty-batch error after the outfmt 0 prolog (exit 3); explicit rejection: non-integers (CStringException text names the build's files, exit 255) and a negative CHUNK_SIZE above a negative OVERLAP_CHUNK_SIZE (CCoreException naming the build's files); 23 fixtures env.*; 22 batch_sweep runs x 60 cases and 4 split_check runs with the variables: 0 differ
B-004	B	src/algo/blast/api/local_blast.cpp	118-127	CLocalBlast::CLocalBlast (query factory, options handle, CLocalDbAdapter)	-	algorithm/blastn/blast_engine/run.rs:5598(run_in_pool)	n/a	none	Constructor builds CBlastPrelimSearch from the shared options handle and the single subject-set adapter; pure wiring, the same adapter (one MultiSeq BlastSeqSrc) serves every batch like LOSAT's PreparedSubjects.	-	
B-005	B	src/algo/blast/api/local_blast.cpp	166-225	CLocalBlast::Run	CheckInternalData() != 0 (no valid query context in the batch: search not run, empty result set)	algorithm/blastn/blast_engine/run.rs:6340(any_valid_context);algorithm/blastn/blast_engine/run.rs:6842;algorithm/blastn/blast_engine/run.rs:11937(QueryBatch.searched);algorithm/blastn/blast_engine/run.rs:5670(unsearched)	faithful	none	equivalent: a batch whose contexts are all invalid (for example an all-N query) is not searched, its queries get empty alignment sets and the per-query K-A warning; unsearched queries are carried to the report (outfmt 7 header without the hits-found line, outfmt 0 no-hit block). The batch-size mixer then sees 0 extensions as NCBI does (GetNumExtensions with m_InternalData still null/empty).	-	
B-006	B	src/algo/blast/api/local_blast.cpp	227-298	CLocalBlast::Run	normal path (prelim then traceback), single thread	algorithm/blastn/blast_engine/run.rs:5737(search_query_batch);algorithm/blastn/blast_engine/run.rs:11968(search_subjects)	faithful	none	equivalent: LOSAT runs the preliminary stage over all subjects, keeps the best prelim_hitlist_size subjects per query (collect_prelim_hit_lists) and then runs the traceback only on the kept lists, as CPrelimSearchRunner then CBlastTracebackSearch::Run. Output of every batch is written once at the end instead of per batch; differs only when a later batch fails (all such cases are explicit rejections).	-	
B-007	B	src/algo/blast/api/local_blast.cpp	229-256	CLocalBlast::Run	CBlastException other than eCoreBlastError from the preliminary stage is swallowed (m_InternalData stays null)	-	n/a	none	No in-scope input reaches a non-core CBlastException in CBlastPrelimSearch::Run (the only candidate, Empty CBlastQueryVector for a query chunk without queries, cannot occur: query_split.rs:204 never leaves an empty chunk and run.rs search_query_chunks (split_query_batch, chunk_would_be_split) ensures it). NCBI would then dereference a null m_InternalData.	-	
B-008	B	src/algo/blast/api/local_blast.cpp	301-311	CLocalBlast::GetNumExtensions	unsplit batch	algorithm/blastn/blast_engine/run.rs:6826(good_init_extends);algorithm/blastn/blast_engine/run.rs:9736;algorithm/blastn/blast_engine/run.rs:5675(mixer.batch_size)	faithful	none	Returns diag->ungapped_stat->good_init_extends (Int4), i.e. the sum over subject chunks of init_hitlist->total after the word finder (Blast_UngappedStatsUpdate adds nothing when no lookup hit). LOSAT adds the per-subject ungapped hit count and passes it to BatchSizeMixer as i32 (wrapping u32 as i32). The value sizes the next query batch, so it matters for many-query inputs.	-	
B-009	B	src/algo/blast/api/local_blast.cpp	301-311	CLocalBlast::GetNumExtensions	split batch (query chunking, m_InternalData diagnostics are the batch's, not the chunks')	algorithm/blastn/blast_engine/run.rs:11931(batch_result closure);algorithm/blastn/blast_engine/run.rs:12083(ChunkPrelim returns before counting)	faithful	none	equivalent: the batch diagnostics are untouched by the chunk runs (chunks have their own SInternalData), so NCBI returns 0 and the next batch size is computed from 0 hits; LOSAT's ChunkPrelim stage returns before counting into the batch (good_init_extends of the batch stays 0).	-	
B-010	B	src/algo/blast/api/prelim_stage.cpp	75-89	CBlastPrelimSearch::CBlastPrelimSearch (CLocalDbAdapter)	-	algorithm/blastn/blast_engine/run.rs:5598(run_in_pool)	n/a	none	db->MakeSeqSrc() returns the already built MultiSeq source (the CBlastFormat constructor created it with dbscan_mode=true), so no extra subject processing per batch; LOSAT builds PreparedSubjects once.	-	
B-011	B	src/algo/blast/api/prelim_stage.cpp	102-123	CBlastPrelimSearch::SetNumberOfThreads	1 thread (always, for -subject)	algorithm/blastn/blast_engine/run.rs:5598(run_in_pool)	n/a	none	CMTArgs forces 1 thread when -subject is given (blast_args.cpp:3224-3232), so was_multithreaded == IsMultiThreaded() and nothing is reset. LOSAT honours -num_threads with a pool but reduces results into NCBI subject order; the stderr warnings NCBI prints for -num_threads with -subject belong to blast_args.cpp (e2c section I).	-	
B-012	B	src/algo/blast/api/prelim_stage.cpp	125-139	CBlastPrelimSearch::x_Init	-	algorithm/blastn/blast_engine/run.rs:5737(search_query_batch)	faithful	none	Calls BlastSetupPreliminarySearchEx and keeps masks/messages; see the BlastSetupPreliminarySearchEx rows.	-	
B-013	B	src/algo/blast/api/prelim_stage.cpp	141-203	CBlastPrelimSearch::x_LaunchMultiThreadedSearch	num_threads > 1	algorithm/blastn/blast_engine/run.rs:11968(search_subjects with parallel_pool)	n/a	none	Not executed on the path: -subject forces one thread. LOSAT's multi-thread subject loop (rayon) returns per-subject results that are folded back in subject order (update_hitlists_with_subject_hits, collect_prelim_hit_lists), so output equals the 1-thread NCBI run.	-	
B-014	B	src/algo/blast/api/prelim_stage.cpp	208-215	CBlastPrelimSearch::Run	"BlastSeqSrcGetNumSeqs == 0 (""Filtering resulted in an empty database"")"	algorithm/blastn/blast_engine/run.rs:5610(run_in_pool metadata.db_num_seqs == 0)	n/a	none	A subject set always has at least one record (an empty subject file fails earlier with Empty CBlastQueryVector, run.rs:5306), so the warning cannot fire.	-	
B-015	B	src/algo/blast/api/prelim_stage.cpp	217-221	CBlastPrelimSearch::Run	SplitQuery_SetEffectiveSearchSpace for an unsplit batch (CEffectiveSearchSpacesMemento swap)	algorithm/blastn/blast_engine/run.rs:6412(query_eff_searchsp)	faithful	none	equivalent: for an unsplit batch the pre-computed per-context search spaces equal what BLAST_GapAlignSetUp recomputes (same K-A blocks, total length, subject count), and the memento restores the options afterwards; LOSAT computes the search space once per context.	-	
B-016	B	src/algo/blast/api/prelim_stage.cpp	302-316	CBlastPrelimSearch::Run	batch not split (IsQuerySplit false): CPrelimSearchRunner on m_InternalData, error code throws eCoreBlastError	algorithm/blastn/blast_engine/run.rs:12076(prelim_lists);algorithm/blastn/blast_engine/run.rs:11968(search_subjects)	faithful	none	Single preliminary search with the batch query block, one lookup table and one HSP stream; the nonzero Int2 error path has no in-scope trigger.	-	
B-017	B	src/algo/blast/api/prelim_stage.cpp	233-301	CBlastPrelimSearch::Run	batch split into >= 2 query chunks: per-chunk SplitQuery_CreateChunkData, prelim, BlastHSPStreamMerge, FlushSequenceData, restore full queries	algorithm/blastn/blast_engine/run.rs:12137(search_query_chunks);algorithm/blastn/blast_engine/run.rs:12253(merge_query_chunk);algorithm/blastn/blast_engine/run.rs:12361(merge_prelim_hit_list)	faithful	none	Chunk loop, per-chunk query block/masks/K-A blocks/lookup table/diagnostics, merge into the batch stream with context offsets and split points, and traceback on the whole batch as in NCBI (E2f section D, byte-compared on 5.5 Mb and 11 Mb queries). Triggers only when the batch holds >= 1,999,800 residues for blastn (9,999,800 for megablast).	-	
B-018	B	src/algo/blast/api/prelim_stage.cpp	277-289	CBlastPrelimSearch::Run	chunk exception whose message contains the no-valid-context or cannot-calculate-K-A text is ignored; other CBlastException rethrown	algorithm/blastn/blast_engine/run.rs:6454(search_query_chunks guarded by any_valid_context);algorithm/blastn/blast_engine/run.rs:6842	faithful	none	equivalent: a chunk without a valid context finds nothing and contributes no stream merge, as NCBI ignores its error; a chunk with some valid contexts is searched normally. No other chunk error is reachable.	-	
B-019	B	src/algo/blast/api/prelim_stage.cpp	321-327	CBlastPrelimSearch::CheckInternalData	-	algorithm/blastn/blast_engine/run.rs:6340(any_valid_context)	faithful	none	BlastScoreBlkCheck returns 1 when every kbp and sfp is NULL (no valid context); LOSAT's any_valid_context is the same condition on the per-context K-A blocks.	-	
B-020	B	src/algo/blast/api/blast_aux_priv.cpp	66-109	Blast_Message2TSearchMessages	message with a context (the per-context ungapped K-A warning of an invalid query)	report/query_warnings.rs:57(invalid_query_warning);algorithm/blastn/blast_engine/run.rs:4833(warnings written in query order)	faithful	none	equivalent: NCBI adds the K-A warning to the query of each invalid context and RemoveDuplicates leaves one identical message per query; LOSAT writes one warning per query whose plus-strand context has no K-A block (the two strands of a query are valid or invalid together, since validity depends only on the ACGT composition). Text, 35-byte id truncation (25 bytes plus .. and a space) and trailing space follow SetupQueries_OMF/blast_results.cpp.	-	
B-021	B	src/algo/blast/api/blast_aux_priv.cpp	94-102	Blast_Message2TSearchMessages	message without a context (kBlastMessageNoContext: K-A table failure, attached to every query of the batch)	algorithm/blastn/scoring.rs:226(karlin_error)	faithful	none	"equivalent: the error text is repeated once per query of the batch (""Error: <msg> "" per query, exit code 3 with BLAST engine error); LOSAT's batch query count is the real NCBI batch (E2c section C)."	-	
B-022	B	src/algo/blast/api/blast_aux_priv.cpp	111-119	BlastErrorCode2String	-	-	n/a	none	Only turns a nonzero Int2 of the core preliminary search into text; no in-scope input makes Blast_RunPreliminarySearch fail, so the function never runs on the path.	-	
B-023	B	src/algo/blast/api/blast_aux_priv.cpp	138-157	BlastSetupPreliminarySearchEx	steps 0-2: options Validate, query data from the factory, query messages (no megablast index, no RPS)	algorithm/blastn/scoring.rs:90(check_scoring_options);algorithm/blastn/blast_engine/run.rs:5343(process_options);algorithm/blastn/blast_engine/run.rs:5737(search_query_batch)	faithful	none	CBlastOptionsLocal::Validate runs BLAST_ValidateOptions on the same options that were validated while the arguments were processed, so it cannot fail here; LOSAT validates once (e2c section B). UseIndex is false for the path.	-	
B-024	B	src/algo/blast/api/blast_aux_priv.cpp	166-187	BlastSetupPreliminarySearchEx	step 4: CreateScoreBlock throws CBlastException; message equal to kBlastErrMsg_CantCalculateUngappedKAParams returns early	algorithm/blastn/blast_engine/run.rs:6271(context_blocks error arm)	n/a	none	The catch compares the whole exception message with the bare K-A text, but CreateScoreBlock builds the message with search_messages.ToString() (severity prefix plus trailing space), so the early return never fires; the error is rethrown as eCoreBlastError (see CreateScoreBlock rows).	-	
B-025	B	src/algo/blast/api/blast_aux_priv.cpp	206-216	BlastSetupPreliminarySearchEx	step 5: lookup table created only when the batch is not split	algorithm/blastn/blast_engine/run.rs:6501(build_lookup_tables);algorithm/blastn/blast_engine/run.rs:6491(split batch has no table);algorithm/blastn/coordination.rs:482(finalize_task_config)	faithful	none	One lookup table per unsplit batch and per query chunk of a split batch; the table type and width selection (BlastChooseNaLookupTable) belongs to the core ranges.	-	
B-026	B	src/algo/blast/api/blast_aux_priv.cpp	218-223	BlastSetupPreliminarySearchEx	step 6: diagnostics structure (single thread)	algorithm/blastn/blast_engine/run.rs:6826(good_init_extends)	faithful	none	Blast_DiagnosticsInit; the only field read on the path is ungapped_stat->good_init_extends (GetNumExtensions).	-	
B-027	B	src/algo/blast/api/blast_aux_priv.cpp	225-243	BlastSetupPreliminarySearchEx	steps 7-8: HSP stream with the collector writer, no traceback pipe	algorithm/blastn/blast_engine/run.rs:3459(collect_prelim_hit_lists);algorithm/blastn/blast_engine/run.rs:3506(prelim_hits_by_subject)	faithful	none	See CreateHspStream, CreateHspWriter and CreateHspPipe rows.	-	
B-028	B	src/algo/blast/api/blast_aux_priv.cpp	245-259	BlastSetupPreliminarySearchEx	step 8: messages from query setup; split batch frees the full query block (FlushSequenceData, m_Queries = NULL)	algorithm/blastn/blast_engine/run.rs:12137(search_query_chunks)	faithful	none	The split flush only releases memory; the traceback later rebuilds the query block through CreateScoreBlock in CBlastPrelimSearch::Run (masks come from the query vector, which already holds the DUST masks), which LOSAT replaces by keeping the batch query contexts.	-	
B-029	B	src/algo/blast/api/blast_aux_priv.cpp	263-302	BuildBlastAncillaryData	non-PHI, result type eDatabaseSearch (bl2seq runs in DB-scan mode, BL2SEQ_LEGACY unset)	algorithm/blastn/blast_engine/run.rs:4471(blastn_pairwise_report)	faithful	none	One CBlastAncillaryData per query built from the first valid context (blast_results.cpp:82-104: search space, length adjustment, ungapped and gapped K-A blocks); LOSAT reads the plus-strand context (equivalent, the plus context is the first valid one). Used by the outfmt 0 footers only.	-	
B-030	B	src/algo/blast/api/blast_aux_priv.cpp	304-366	BlastBuildSearchResultSet	eDatabaseSearch, no subject masks used	algorithm/blastn/blast_engine/run.rs:4531(post_process_hits_and_write)	faithful	none	Wraps the per-query Seq-align sets, messages and ancillary data in query order; messages of the preliminary stage are carried (warnings are printed once per result by the formatter).	-	
B-031	B	src/algo/blast/api/blast_aux_priv.cpp	368-459	PackedSeqLocToMaskedQueryRegions	merged DUST masks without strand (assume_both_strands false): interval emitted on both the plus and the minus frame	algorithm/blastn/coordination.rs:922(query_masks);algorithm/blastn/blast_engine/run.rs:3952(reverse_mask_intervals)	faithful	none	CSeq_loc::Merge/Add with fStrand_Ignore writes intervals without a strand (x_MergeAndSort passes eNa_strand_unknown), so DUST and lowercase masks apply to both strands; LOSAT keeps one interval list and derives the minus-strand list by reversal.	-	
B-032	B	src/algo/blast/api/blast_aux_priv.cpp	461-475	MaskedQueryRegionsToPackedSeqLoc	-	-	n/a	none	Only reached through CBlastQuerySourceOM::GetMask, which nothing calls on the path (subjects use the TSeqLocVector mask directly).	-	
B-033	B	src/algo/blast/api/setup_factory.cpp	121-155	CSetupFactory::CreateScoreBlock	identity-matrix composition-statistics reset	-	n/a	none	The matrix name is NULL for blastn, so the strcasecmp test is false and the warning is never added.	-	
B-034	B	src/algo/blast/api/setup_factory.cpp	157-170	CSetupFactory::CreateScoreBlock	BLAST_MainSetUp succeeds or yields only warnings (some query contexts invalid)	algorithm/blastn/scoring.rs:284(context_ungapped_blocks);algorithm/blastn/scoring.rs:314(context_blocks);algorithm/blastn/blast_engine/run.rs:6167	faithful	none	Per-context ungapped and gapped K-A blocks, invalid contexts (cutoff INT4_MAX, search space 0) and the query warnings. BLAST_MainSetUp itself is core (other range).	-	
B-035	B	src/algo/blast/api/setup_factory.cpp	170-185	CSetupFactory::CreateScoreBlock	status != 0 with an error-severity first message (no K-A values for the reward/penalty/gap costs), batch of valid queries	algorithm/blastn/blast_engine/run.rs:6271(context_blocks Err arm);algorithm/blastn/scoring.rs:226(karlin_error)	faithful	none	"Throws CBlastException (eCoreBlastError) with ""Error: <message> "" once per query of the batch; the app prints BLAST engine error and exits 3 after the outfmt 0 prolog (LOSAT writes the prolog first, run.rs:6310). Verified against 2.17.0 in E2c section C."	-	
B-036	B	src/algo/blast/api/setup_factory.cpp	170-185	CSetupFactory::CreateScoreBlock	unsupported scoring system and the batch also holds an invalid query (warning comes first, no error thrown, NCBI goes on without gapped blocks and crashes), or the first batch has only invalid queries (error reported in a later batch)	algorithm/blastn/blast_engine/run.rs:6296(first_batch bail);algorithm/blastn/blast_engine/run.rs:6301(invalid query bail)	rejected	low	"LOSAT bails with ""...which is not supported by LOSAT's BLASTN"" (E2c section G). Reachable only with a scoring system outside the K-A tables together with an all-N or similar query."	T8	faithful after baf180fbb; reports of the batches before, no epilog, then BLAST engine error (exit 3); a failing batch with an invalid query (NCBI crashes) stays rejected; fixtures kaerror.later_batch.fmt{0,6,7}
B-037	B	src/algo/blast/api/setup_factory.cpp	187-194	CSetupFactory::CreateScoreBlock	masked_query_regions requested (preliminary stage only)	-	n/a	none	Blast_GetSeqLocInfoVector fills m_Masks for CSearchResultSet::SetFilteredQueryRegions; no in-scope output format prints filtered regions.	-	
B-038	B	src/algo/blast/api/setup_factory.cpp	199-271	CSetupFactory::CreateLookupTable	blastn (LookupTableWrapInit_MT, not PHI, db index off)	algorithm/blastn/coordination.rs:759(build_lookup_tables);algorithm/blastn/coordination.rs:482(finalize_task_config)	faithful	none	Builds the lookup table from the batch/chunk query block and the options memento; table selection and construction are core (other ranges). A failure status (LookupTableWrapInit) has no in-scope trigger.	-	
B-039	B	src/algo/blast/api/setup_factory.cpp	273-283	CSetupFactory::CreateDiagnosticsStructure	single thread	algorithm/blastn/blast_engine/run.rs:6826(good_init_extends)	n/a	none	Allocation of BlastDiagnostics; only ungapped_stat->good_init_extends is read (see GetNumExtensions).	-	
B-040	B	src/algo/blast/api/setup_factory.cpp	285-294	CSetupFactory::CreateHspStream	-	algorithm/blastn/blast_engine/run.rs:3459(collect_prelim_hit_lists)	faithful	none	BlastHSPStreamNew(program, extension options, sort_on_read TRUE, num_queries, writer); behaviour is in blast_hspstream.c (core ranges).	-	
B-041	B	src/algo/blast/api/setup_factory.cpp	296-363	CSetupFactory::CreateHspWriter	default and -subject_besthit (hsp_filt_opt has only subject_besthit_opts, no best_hit or culling): BlastHSPCollector writer	algorithm/blastn/blast_engine/run.rs:3459(collect_prelim_hit_lists)	faithful	none	-subject_besthit only sets hsp_filt_opt->subject_besthit_opts (blast_options_local_priv.hpp:1404), so the filt_opts branch falls to BlastHSPCollectorInfoNew; LOSAT always uses the collector. The best-hit, culling and mapper writers need options outside the scope.	-	
B-042	B	src/algo/blast/api/setup_factory.cpp	365-403	CSetupFactory::CreateHspPipe	no best_hit or culling options: no pipe (-subject_besthit is applied inside the traceback, blast_traceback.c:858)	algorithm/blastn/blast_engine/run.rs:4599(post_process_hits_and_write subject_best_hit)	faithful	none	BlastHSPPipeNew with no pipe info; LOSAT applies trim-by-max-hsps and Blast_HSPListSubjectBestHit to every subject hit list after the traceback.	-	
B-043	B	src/algo/blast/api/setup_factory.cpp	405-426	CSetupFactory::CreateBlastSeqSrc	-	-	n/a	none	Database sequence source; bl2seq uses MultiSeqBlastSeqSrcInit (seqsrc_multiseq.cpp rows). Never called with -subject.	-	
B-044	B	src/algo/blast/api/setup_factory.cpp	428-463	CSetupFactory::InitializeMegablastDbIndex	-	-	n/a	none	Only called when GetUseIndex() is true (-use_index, outside the scope).	-	
B-045	B	src/algo/blast/api/objmgr_query_data.cpp	375-381	CObjMgr_QueryFactory::CObjMgr_QueryFactory (CBlastQueryVector)	empty query vector (subject file without records)	algorithm/blastn/blast_engine/run.rs:5306(check_subjects_not_empty)	faithful	none	"Throws CBlastException eInvalidArgument ""Empty CBlastQueryVector""; LOSAT reproduces BLAST engine error: Empty CBlastQueryVector with exit code 3 (E2c section E). Query batches are never empty."	-	
B-046	B	src/algo/blast/api/objmgr_query_data.cpp	395-398	CObjMgr_QueryFactory::GetTSeqLocVector	subjects: masks of a CBlastQueryVector converted with ConvertToCPacked_seqint	algorithm/blastn/blast_engine/run.rs:4019(build_subject_seq_ranges_from_masks);algorithm/blastn/coordination.rs:634(collect_lowercase_masks)	faithful	none	equivalent: with -lcase_masking each lowercase run appears twice (plus and minus frame entries, CBlastFastaInputSource::GetNextSequence applies the mask to both strands) so NCBI's range array has extra empty (inverted) ranges that the word finder skips (masksubj.inl:43-58); LOSAT builds the ranges from the single runs. See SetupSubjects_OMF.	-	
B-047	B	src/algo/blast/api/objmgr_query_data.cpp	414-421	CObjMgr_QueryFactory::ExtractUserSpecifiedMasks	query split: masks copied from the query vector when the splitter is built in CBlastPrelimSearch::Run (after the batch DUST masks were stored)	algorithm/blastn/query_split.rs:492(restrict_masks);algorithm/blastn/blast_engine/run.rs:12178(restrict_masks call)	faithful	none	The second CQuerySplitter of CBlastPrelimSearch::Run is built after BlastSetupPreliminarySearchEx ran SetupQueries (which stores DUST+lowercase masks into the vector), so chunk parts restrict the batch masks (DUST and lowercase) and then add the DUST masks of the part; LOSAT does exactly that (query_masks passed to restrict_masks).	-	
B-048	B	src/algo/blast/api/objmgr_query_data.cpp	134-236	CObjMgr_LocalQueryData::GetSequenceBlk, GetQueryInfo, GetNumQueries, GetSeq_loc, GetSeqLength	-	algorithm/blastn/blast_engine/run.rs:6039(query contexts and buffers);algorithm/blastn/blast_engine/run.rs:3845(build_query_blastna_concat_buffers)	faithful	none	Lazy, cached SafeSetupQueries/SafeSetupQueryInfo (rows of blast_setup_cxx.cpp); DUST runs on the first GetMaskedRegions.	-	
B-049	B	src/algo/blast/api/query_data.cpp	80-130	ILocalQueryData::GetSumOfSequenceLengths, FlushSequenceData, GetMessages, GetQueryMessages	-	algorithm/blastn/query_split.rs:204(split_query_batch lengths sum)	faithful	none	size_t sum of the query lengths (strands not counted) feeds the chunk count; the other three are bookkeeping.	-	
B-050	B	src/algo/blast/api/blast_setup_cxx.cpp	64-88	s_QueryInfo_SetContext	-	algorithm/blastn/blast_engine/run.rs:6039(query_contexts offsets: plus at off, minus at off+len+1, next query at +2len+2)	faithful	none	Offset of context i is previous offset plus previous length plus 1 (Uint4); every in-scope query has two contexts of length L > 0, so the layout is 0, L+1, 2L+2, ... as in LOSAT (query_concat_offset). A zero-length query is rejected by LOSAT (no residues) and cannot come from the FASTA reader.	-	
B-051	B	src/algo/blast/api/blast_setup_cxx.cpp	96-123	s_BlastSetup_GetStrand, BlastSetup_GetStrand	-strand both (default, FASTA Seq-loc strand unknown)	algorithm/blastn/blast_engine/run.rs:6039(both strands always)	faithful	none	The option strand is both, so the Seq-loc strand (unknown) is used and then promoted to both for nucleotide queries. LOSAT has no -strand option.	-	
B-052	B	src/algo/blast/api/blast_setup_cxx.cpp	126-150	s_AdjustFirstContext	strand both: first_context stays 0	-	n/a	none	Only the minus-only strand sets first_context to 1; -strand is outside the scope.	-	
B-053	B	src/algo/blast/api/blast_setup_cxx.cpp	152-273	SetupQueryInfo_OMF	blastn, strand both: two contexts per query, max_length/min_length over the batch	algorithm/blastn/blast_engine/run.rs:6039(query_contexts);algorithm/blastn/blast_engine/run.rs:3735(QueryContextIndex::new min/max length)	faithful	none	contexts[2q] plus length L, contexts[2q+1] minus length L; max_length and min_length are the longest and shortest query (the min is not reset to 0 because both strands are present). They only feed BSearchContextInfo (blast_query_info.c:219), which LOSAT reproduces with the same bounds.	-	
B-054	B	src/algo/blast/api/blast_setup_cxx.cpp	319-390	s_AddMask	blastn (not translated, not PHI), strand both: mask lists for the plus context and the minus context	algorithm/blastn/blast_engine/run.rs:6039(plus_masks, minus_masks via reverse_mask_intervals)	faithful	none	Each context gets its frame list (+1 and -1) of the same intervals in position order; the minus list is in plus coordinates and is reversed later in core. LOSAT keeps the plus list and reverses it for the minus context (reverse_mask_intervals sorts by start).	-	
B-055	B	src/algo/blast/api/blast_setup_cxx.cpp	398-466	s_RestrictSeqLocs_Multiframe, s_GetRestrictedBlastSeqLocs	blastn: restrict each frame list to the query Seq-loc interval	algorithm/blastn/query_split.rs:492(restrict_masks for chunk parts)	faithful	none	For a whole query (interval 0..L-1) BlastSeqLoc_RestrictToInterval is a no-op; for a query chunk part it moves the masks into part coordinates (left-from, min(right,to)-from, drop empty), which LOSAT applies in restrict_masks. kNumFrames is BLAST_GetNumberOfContexts = 2 for blastn, so the context scan finds the plus context first and the minus context second.	-	
B-056	B	src/algo/blast/api/blast_setup_cxx.cpp	473-482	s_InvalidateQueryContexts	-	-	n/a	none	Only called from the per-query catch in SetupQueries_OMF; no query of the in-scope input throws there.	-	
B-057	B	src/algo/blast/api/blast_setup_cxx.cpp	484-545	SetupQueries_OMF	message id string of each query (Query_N plus title, cut to 25 bytes plus .. and a space beyond 35)	report/query_warnings.rs:57(invalid_query_warning)	faithful	none	Used only in the K-A warning text; LOSAT builds Query_<n> <id> <desc> and truncates by bytes exactly like SetQueryId.	-	
B-058	B	src/algo/blast/api/blast_setup_cxx.cpp	590-624	SetupQueries_OMF	blastn: copy both-strand blastna (sentinel, plus, sentinel, minus, sentinel) of each query into the query buffer at its context offset	algorithm/blastn/blast_engine/run.rs:3845(build_query_blastna_concat_buffers);algorithm/blastn/blast_engine/run.rs:6039	faithful	none	Buffer layout and the shared sentinels between neighbouring queries match (the next query overwrites the trailing sentinel with the same 0xF); blastna encoding of each context equals NCBI4NA_TO_BLASTNA of the reverse complement (reverse_complement via NCBI4NA_REV_COMP, then IUPAC to blastna, lookup.rs:84 and blast_encoding.rs:427); U is read as T before. seqblk->length is buflen-2, equal to LOSAT's query_concat_length.	-	
B-059	B	src/algo/blast/api/blast_setup_cxx.cpp	626-657	SetupQueries_OMF	masks stored in lcase_mask and BlastSetup_Validate (no valid context: throws eSetup when messages exist)	algorithm/blastn/blast_engine/run.rs:6340(any_valid_context)	faithful	none	The eSetup throw needs every query context invalidated by an exception while the sequence is read; none of the in-scope inputs does that (K-A invalidity is decided later in core and gives a warning, not this throw).	-	
B-060	B	src/algo/blast/api/blast_setup_cxx.cpp	660-730	s_SeqLoc2MaskedSubjRanges	subject mask as Packed-seqint (-lcase_masking): inclusive (from, to) pairs clipped to the subject, intervals before offset or past the length dropped	algorithm/blastn/blast_engine/run.rs:4019(build_subject_seq_ranges_from_masks)	faithful	none	Pairs are (from, min(to, length-1)) with to inclusive; LOSAT stores exclusive ends and filters mask.start < length. Duplicate plus/minus entries of each lowercase run (see GetTSeqLocVector) become extra empty ranges that the scanner skips.	-	
B-061	B	src/algo/blast/api/blast_setup_cxx.cpp	732-834	SetupSubjects_OMF	subject with no residues (CBlastException eInvalidArgument is turned into a warning and the subject is skipped)	algorithm/blastn/input.rs:227(check_records_have_residues)	rejected	low	"LOSAT rejects an empty-residue record with ""has no residues; ... not supported by LOSAT's BLASTN"" (NCBI's FASTA reader already raises Sequence contains no data for such a record)."	K-fasta	
B-062	B	src/algo/blast/api/blast_setup_cxx.cpp	770-771	SetupSubjects_OMF	subject plus strand in blastna with sentinels	algorithm/blastn/blast_engine/run.rs:5617(PreparedSubjects.blastna)	faithful	none	GetBlastSequence(eBlastEncodingNucleotide, plus, eSentinels); BlastSeqBlkSetSequence stores length-2. LOSAT encodes each subject once with the IUPACNA_TO_BLASTNA table (lowercase accepted, U read as T).	-	
B-063	B	src/algo/blast/api/blast_setup_cxx.cpp	812-834	SetupSubjects_OMF	soft mask present (-lcase_masking with lowercase letters): subj->length set, BlastSeqBlkSetSeqRanges(masked ranges plus 1, eSoftSubjMasking)	algorithm/blastn/blast_engine/run.rs:4019(build_subject_seq_ranges_from_masks);algorithm/blastn/blast_engine/run.rs:6927(subject_masks)	faithful	none	Range k is (to of mask k-1, from of mask k): it starts AT the last masked letter of the previous mask (inclusive to is treated as open) and the first and last bounds are 0 and the subject length; LOSAT's builder reproduces this off-by-one on purpose (test_build_subject_seq_ranges_from_masks).	-	
B-064	B	src/algo/blast/api/blast_setup_cxx.cpp	836-852	SetupSubjects_OMF	compressed ncbi2na subject with random resolution of ambiguity codes	core/blast_encoding.rs:603(encode_subject_ncbi2na_packed);core/blast_encoding.rs:553(resolve_ncbi4na_to_ncbi2na);algorithm/blastn/blast_engine/run.rs:5621(PreparedSubjects.packed)	faithful	none	Compressed once per subject (the MultiSeq source is shared by all batches) from the unmasked letters; see s_Ncbi4naToNcbi2na and CompressNcbi2na rows.	-	
B-065	B	src/algo/blast/api/blast_setup_cxx.cpp	859-859	SetupSubjects_OMF	max_subjlen over subjects	-	n/a	none	Feeds s_MultiSeqGetMaxLength (BLAST_GapAlignSetUp memory sizing); no effect on output.	-	
B-066	B	src/algo/blast/api/blast_setup_cxx.cpp	945-950	GetSequenceCompressedNucleotide	-	core/blast_encoding.rs:603(encode_subject_ncbi2na_packed)	faithful	none	SetCoding(ncbi4na) then CompressNcbi2na(GetCompressedPlusStrand()).	-	
B-067	B	src/algo/blast/api/blast_setup_cxx.cpp	963-1002	GetSequenceSingleNucleotideStrand	plus strand with sentinels (subject) and each strand of a query	algorithm/blastn/lookup.rs:84(reverse_complement);core/blast_encoding.rs:427(encode_iupac_to_blastna)	faithful	none	ncbi4na data (gap letter becomes 0xF = N) converted with NCBI4NA_TO_BLASTNA; sentinel byte 0xF before and after. LOSAT maps the IUPAC letters straight to blastna (identical for every IUPAC letter incl. both cases); the minus strand is the ncbi4na reverse complement.	-	
B-068	B	src/algo/blast/api/blast_setup_cxx.cpp	1014-1056	GetSequenceNucleotideBothStrands	strand both (queries)	algorithm/blastn/blast_engine/run.rs:3845(build_query_blastna_concat_buffers)	faithful	none	Result is sentinel, plus, sentinel, minus, sentinel (2L+3 bytes); LOSAT places the two strands at the same context offsets with the same sentinels.	-	
B-069	B	src/algo/blast/api/blast_setup_cxx.cpp	1059-1087	GetSequence_OMF	eBlastEncodingNucleotide (query/subject), eBlastEncodingNcbi2na (compressed subject)	algorithm/blastn/blast_engine/run.rs:3845;core/blast_encoding.rs:603	faithful	none	Dispatch to the three routines above.	-	
B-070	B	src/algo/blast/api/blast_setup_cxx.cpp	1089-1152	GetQueryEncoding, GetSubjectEncoding	eBlastTypeBlastn	-	n/a	none	Both return eBlastEncodingNucleotide for blastn.	-	
B-071	B	src/algo/blast/api/blast_setup_cxx.cpp	1154-1195	CompressNcbi2na	-	core/blast_encoding.rs:603(encode_subject_ncbi2na_packed)	faithful	none	len/4+1 bytes, four 2-bit codes per byte, the last byte keeps the residual codes and len%4 in its low two bits (also when len%4 == 0: byte 0). Same packing in LOSAT.	-	
B-072	B	src/algo/blast/api/blast_setup_cxx.cpp	1197-1247	CalculateSeqBufferLength	ncbi2na and ncbi4na/blastna (plus, both strands, with and without sentinels)	algorithm/blastn/blast_engine/run.rs:3845	faithful	none	len/4+1; len+2; 2len+3 (both strands with sentinels); LOSAT's query_concat_length and buffers use the same sizes.	-	
B-073	B	src/algo/blast/api/blast_setup_cxx.cpp	1249-1262	GetSentinelByte	nucleotide encodings	algorithm/blastn/blast_engine/run.rs:254(NUCL_SENTINEL)	faithful	none	kNuclSentinel is 0xF.	-	
B-074	B	src/algo/blast/api/blast_setup_cxx.cpp	1452-1466	GetNumberOfContexts	eBlastTypeBlastn	-	n/a	none	Returns 2.	-	
B-075	B	src/algo/blast/api/blast_setup_cxx.cpp	1470-1503	SafeSetupQueries, SafeSetupQueryInfo	-	algorithm/blastn/blast_engine/run.rs:5737(search_query_batch)	faithful	none	Wrappers with the strand option (both) and an exception guard.	-	
B-076	B	src/algo/blast/api/blast_setup_cxx.cpp	1524-1569	CBlastQueryFilteredFrames (program, masked regions)	blastn: one entry per interval and frame (+1 and -1)	algorithm/blastn/coordination.rs:922(query_masks)	faithful	none	AddSeqLoc appends each interval to the list of its frame in input order; frame values +1/-1 pass x_VerifyFrame for blastn. Position order equals the sorted merged mask list.	-	
B-077	B	src/algo/blast/api/blast_setup_cxx.cpp	1579-1586	CBlastQueryFilteredFrames::Release, ListFrames, Empty, QueryHasMultipleFrames, operator[]	blastn	-	n/a	none	Bookkeeping around the frame lists (blastn is multi-frame, so the multiframe restriction path runs).	-	
B-078	B	src/algo/blast/api/blast_objmgr_tools.cpp	110-173	CBlastQuerySourceOM::x_AutoDetectGeneticCodes	blastn (not translated)	-	n/a	none	Returns immediately for non-translated programs.	-	
B-079	B	src/algo/blast/api/blast_objmgr_tools.cpp	175-228	CBlastQuerySourceOM::x_CalculateMasks	nucleotide query, dust on (default or -dust yes / three values): Blast_FindDustFilterLoc(CBlastQueryVector, Uint4 level, window, linker)	algorithm/blastn/coordination.rs:704(apply_dust_masking);algorithm/blastn/coordination.rs:922(query_masks);algorithm/blastn/blast_engine/run.rs:5966(query_masks call)	faithful	none	The level, window and linker are cast with static_cast<Uint4> (negative becomes huge, so the DUST defaults 20/64/1 apply when outside 2-64/8-64/1-32); runs once for all queries of the batch on the first GetMaskedRegions. The DUST algorithm itself is another range.	-	
B-080	B	src/algo/blast/api/blast_objmgr_tools.cpp	193-205	CBlastQuerySourceOM::x_CalculateMasks	-dust no: no masking; repeat filter and window masker not configured	algorithm/blastn/coordination.rs:704(apply_dust_masking returns empty masks)	faithful	none	With dust off dustOptions is NULL and no DUST runs; only the lowercase masks (-lcase_masking) remain.	-	
B-081	B	src/algo/blast/api/blast_objmgr_tools.cpp	238-295	CBlastQuerySourceOM::GetStrand, GetMaskedRegions, GetSeqLoc, GetSeqId	-	algorithm/blastn/coordination.rs:922(query_masks)	faithful	none	Accessors; GetMaskedRegions triggers x_CalculateMasks and returns the masks stored in the query vector.	-	
B-082	B	src/algo/blast/api/blast_objmgr_tools.cpp	307-344	CBlastQuerySourceOM::GetBlastSequence, GetLength	-	algorithm/blastn/blast_engine/run.rs:6039	faithful	none	GetLength throws only for a sequence of unknown length, which a FASTA record cannot be.	-	
B-083	B	src/algo/blast/api/blast_objmgr_tools.cpp	346-379	CBlastQuerySourceOM::GetTitle	-	report/query_warnings.rs:57(invalid_query_warning)	faithful	none	Title descriptor of the bioseq (the whole defline for a local id) for the warning text.	-	
B-084	B	src/algo/blast/api/blast_objmgr_tools.cpp	427-446	s_Ncbi4naToNcbi2na	unambiguous base (ctable value A,C,G,T)	core/blast_encoding.rs:553(resolve_ncbi4na_to_ncbi2na)	faithful	none	ctable maps ncbi4na 1,2,4,8 to 0..3; LOSAT's match arms 1,2,4,8 do the same and draw no random number.	-	
B-085	B	src/algo/blast/api/blast_objmgr_tools.cpp	448-452	s_Ncbi4naToNcbi2na	gap (0) or N (0xF): GetRand() & 3	core/blast_encoding.rs:553(resolve_ncbi4na_to_ncbi2na);core/blast_encoding.rs:493(NcbiRandom)	faithful	none	CRandom(base_length) is the lagged-Fibonacci generator seeded with the subject length (LFG state init 1103515245*x+12345, 330 warm-up draws, lags 12/32 with wrap, result >> 1); LOSAT's NcbiRandom reproduces the update, the index wrap (the else-if wrap of NCBI never fires for both indices at once) and the warm-up. One generator per subject, consumed only at ambiguous positions.	-	
B-086	B	src/algo/blast/api/blast_objmgr_tools.cpp	453-476	s_Ncbi4naToNcbi2na	two or three base ambiguity (R,Y,K,M,S,W,B,D,H,V): pick = GetRand() % bitcount, the pick-th set bit	core/blast_encoding.rs:553(resolve_ncbi4na_to_ncbi2na)	faithful	none	bitcount from the four bits, bits scanned from A upward, pick decremented per set bit; LOSAT filters the set bits and uses u32 modulo on the same draw.	-	
B-087	B	src/algo/blast/api/blast_objmgr_tools.cpp	484-565	CBlastSeqVectorOM::GetStrandData, GetCompressedPlusStrand, x_FixStrand	plus strand, minus strand of a query with unknown Seq-loc strand	algorithm/blastn/lookup.rs:84(reverse_complement)	faithful	none	Gap letters read as 0xF; the minus strand is the ncbi4na reverse complement via CSeqVector_CI; x_FixStrand only matters for minus-strand Seq-locs (not produced by the FASTA reader).	-	
B-088	B	src/algo/blast/api/blast_objmgr_tools.cpp	567-577	GetSequence	-	algorithm/blastn/blast_engine/run.rs:3845	faithful	none	Builds a CBlastSeqVectorOM and calls GetSequence_OMF.	-	
B-089	B	src/algo/blast/api/dust_filter.cpp	165-187	Blast_FindDustFilterLoc (CBlastQueryVector)	every query: CSeqVector in eCoding_Iupac, user masks from the vector, masks written back with SetMaskedRegions when any exist	algorithm/blastn/coordination.rs:704(apply_dust_masking);algorithm/blastn/coordination.rs:922(query_masks)	faithful	none	A new CSymDustMasker is built per query (LOSAT builds DustMasker::new per query), so converter state restarts for each query.	-	
B-090	B	src/algo/blast/api/dust_filter.cpp	92-102	s_CombineDustMasksWithUserProvidedMasks	DUST finds no region: returns before any merge, user (lowercase) masks stay as they are	algorithm/blastn/coordination.rs:922(query_masks)	faithful	none	equivalent: LOSAT merges the lowercase masks even when DUST found nothing, but lowercase runs are disjoint and never abut, so the merge is the identity.	-	
B-091	B	src/algo/blast/api/dust_filter.cpp	104-126	s_CombineDustMasksWithUserProvidedMasks	DUST regions found: mapped to the query Seq-loc, then merged with fStrand_Ignore, fMerge_All (overlapping, contained and abutting) and fSort	algorithm/blastn/coordination.rs:682(merge_mask_intervals);algorithm/blastn/coordination.rs:922(query_masks)	faithful	none	Add (with user masks) or Merge (without) sorts by (from, to) and merges intervals that overlap or touch; LOSAT sorts by start and merges when start <= current end (end exclusive), the same result. Merged intervals carry no strand (both strands) and single-residue intervals become points that ChangeToPackedInt turns back into intervals.	-	
B-092	B	src/algo/blast/api/dust_filter.cpp	69-90	s_CreateSeqLocMapper and mapper->Map	whole query: identity; query chunk part: chunk-relative DUST coordinates mapped to absolute query coordinates	algorithm/blastn/coordination.rs:975(chunk_query_masks);algorithm/blastn/query_split.rs:492(restrict_masks)	faithful	none	The mapper aligns source base i with target base from+i, so part-relative DUST intervals become absolute and are later restricted back to the part by BlastSeqLoc_RestrictToInterval; LOSAT works in part coordinates throughout.	-	
B-093	B	src/algo/blast/api/dust_filter.cpp	128-143	s_CombineDustMasksWithUserProvidedMasks	merged mask is empty, Null or Whole: reset or converted to an interval before ChangeToPackedInt	-	n/a	none	Not reachable: DUST intervals are real ranges, so the merged location is never Null or Whole.	-	
B-094	B	src/algo/blast/api/seqsrc_multiseq.cpp	131-184	CMultiSeqInfo::CMultiSeqInfo	blastn subjects, dbscan_mode true (BL2SEQ_LEGACY unset), not translated	algorithm/blastn/blast_engine/run.rs:5533(PreparedSubjects);algorithm/blastn/coordination.rs:554(subject_metadata_from_records)	faithful	none	SetupSubjects once for the whole subject set; m_iTotalLength = sum of subject lengths only in DB-scan mode (which the app selects, blast_app_util.cpp:206-211), so the subject set behaves like a database of the given subjects (db-wide effective lengths) and not like per-subject bl2seq statistics. LOSAT uses db_len_total and db_num_seqs the same way.	-	
B-095	B	src/algo/blast/api/seqsrc_multiseq.cpp	202-221	s_MultiSeqGetMaxLength	-	-	n/a	none	Longest subject (cached); only sizes BLAST_GapAlignStructNew (greedy scratch max_dist, DP buffers). The greedy aligner retries with doubled max_dist until it converges, so the initial size cannot change an alignment.	-	
B-096	B	src/algo/blast/api/seqsrc_multiseq.cpp	225-240	s_MultiSeqGetMinLength	-	-	n/a	none	Only read for translated subjects or when a Gumbel block exists (sbp->gbp), neither of which applies to blastn.	-	
B-097	B	src/algo/blast/api/seqsrc_multiseq.cpp	244-268	s_MultiSeqGetAvgLength	-	-	n/a	none	Average subject length goes to BlastInitialWordParametersNew, whose subject_length is used only for ungapped or matrix-only cutoffs; a gapped blastn cutoff is the gap trigger, so the value cannot change output.	-	
B-098	B	src/algo/blast/api/seqsrc_multiseq.cpp	272-281	s_MultiSeqGetNumSeqs	-	algorithm/blastn/coordination.rs:554(db_num_seqs)	faithful	none	Number of subject records; with GetNumSeqsStats == 0 the engine falls back to it for the effective database size.	-	
B-099	B	src/algo/blast/api/seqsrc_multiseq.cpp	284-305	s_MultiSeqGetNumSeqsStats, s_MultiSeqGetTotLenStats	-	algorithm/blastn/coordination.rs:554(subject_metadata_from_records)	faithful	none	Both return 0, so BLAST_GapAlignSetUp, CEffectiveSearchSpaceCalculator and SplitQuery_SetEffectiveSearchSpace use GetNumSeqs and GetTotLen; LOSAT uses those totals directly.	-	
B-100	B	src/algo/blast/api/seqsrc_multiseq.cpp	292-298	s_MultiSeqGetTotLen	total subject letters below 2^31	algorithm/blastn/coordination.rs:554(db_len_total)	faithful	none	Int8 sum of subj->length (masked or not); it is the database length in the effective search space and in BLAST_GapAlignSetUp (min_subject_length = total / num_seqs, which cannot be 0).	-	
B-101	B	src/algo/blast/api/seqsrc_multiseq.cpp	292-298	s_MultiSeqGetTotLen	total subject letters >= 2^31 (the formatter and the batch size take it through int)	algorithm/blastn/blast_engine/run.rs:5494(subject_letters > i32::MAX bail)	rejected	low	"LOSAT bails with ""...reports a total of 2^31 letters or more through a 32-bit int, which is not supported by LOSAT's BLASTN"" (E2c section F)."	K-limit	
B-102	B	src/algo/blast/api/seqsrc_multiseq.cpp	308-326	s_MultiSeqGetName, s_MultiSeqGetIsProt	-	-	n/a	none	Empty name and nucleotide flag; the empty name makes CBlastFormat treat the run as bl2seq.	-	
B-103	B	src/algo/blast/api/seqsrc_multiseq.cpp	333-370	s_MultiSeqGetSequence	preliminary stage (encoding other than nucleotide/ncbi4na): compressed ncbi2na sequence; masks as seq_ranges	algorithm/blastn/blast_engine/run.rs:5621(PreparedSubjects.packed);algorithm/blastn/blast_engine/run.rs:4019	faithful	none	BlastSequenceBlkCopy hands out the shared block; the prelim stage scans the compressed copy (random resolution of ambiguity codes), with the soft-mask ranges.	-	
B-104	B	src/algo/blast/api/seqsrc_multiseq.cpp	357-361	s_MultiSeqGetSequence	traceback (eBlastEncodingNucleotide): sequence = sequence_start + 1 (blastna with ambiguity codes, sentinels around)	algorithm/blastn/blast_engine/run.rs:5617(PreparedSubjects.blastna)	faithful	none	The traceback aligns the blastna sequence, so ambiguity codes keep their identity there while the preliminary search saw random bases; LOSAT uses blastna for the traceback and packed ncbi2na for the preliminary search.	-	
B-105	B	src/algo/blast/api/seqsrc_multiseq.cpp	344-352	s_MultiSeqGetSequence	oid >= number of subjects (EOF) or empty set (error)	-	n/a	none	Never requested: the iterator stops at the last subject.	-	
B-106	B	src/algo/blast/api/seqsrc_multiseq.cpp	374-400	s_MultiSeqReleaseSequence, s_MultiSeqGetSeqLen	-	algorithm/blastn/blast_engine/run.rs:5533(PreparedSubjects)	faithful	none	Release only frees an allocated copy; GetSeqLen returns subj->length.	-	
B-107	B	src/algo/blast/api/seqsrc_multiseq.cpp	411-459	s_MultiSeqGetNextChunk, s_MultiSeqIteratorNext, s_MultiSeqResetChunkIter	-	algorithm/blastn/blast_engine/run.rs:11968(search_subjects in subject order)	faithful	none	Subjects are visited in input order, one at a time (chunk size ignored); LOSAT's parallel loop folds results back in subject order (update_hitlists_with_subject_hits, collect_prelim_hit_lists, kept lists by oid).	-	
B-108	B	src/algo/blast/api/seqsrc_multiseq.cpp	474-550	s_MultiSeqSrcFree, s_MultiSeqSrcCopy, s_MultiSeqSrcNew, MultiSeqBlastSeqSrcInit	-	algorithm/blastn/blast_engine/run.rs:5533(PreparedSubjects)	n/a	none	Construction and reference counting of the shared CMultiSeqInfo (copies per chunk or thread share the same sequences).	-	
B-109	B	src/algo/blast/api/traceback_stage.cpp	70-98	CBlastTracebackSearch::CBlastTracebackSearch (internal data)	non-PHI	algorithm/blastn/blast_engine/run.rs:12086(traceback pass over kept lists)	n/a	none	Reuses the preliminary stage's score block, query block and HSP stream (no x_Init), so the traceback sees the same K-A blocks and query block; only PHI BLAST reads the diagnostics.	-	
B-110	B	src/algo/blast/api/traceback_stage.cpp	188-296	CBlastTracebackSearch::Run	blastn: lookup table freed, hitlist_size unchanged (PSI-BLAST only), 1 thread	algorithm/blastn/blast_engine/run.rs:12086(search_subjects(Some(kept)))	faithful	none	Blast_RunTracebackSearchWithInterrupt runs over the HSP stream's kept preliminary lists with the batch query block and the shared subject source; LOSAT's traceback pass reads only the kept lists, subject by subject.	-	
B-111	B	src/algo/blast/api/traceback_stage.cpp	241-244	CBlastTracebackSearch::Run	"core traceback returns a nonzero status (""Traceback failed"")"	-	n/a	none	No in-scope input makes the traceback fail.	-	
B-112	B	src/algo/blast/api/blast_seqalign.cpp	1988-2038	LocalBlastResults2SeqAlign	result type eDatabaseSearch (DB-scan mode), not PHI	algorithm/blastn/blast_engine/run.rs:4531(post_process_hits_and_write)	faithful	none	Dispatches to s_BlastResults2SeqAlignDatabaseSearch_OMF (one Seq-align set per query in query order); the sequence-comparison branch is not used because the subject set runs as a database.	-	
B-113	B	src/algo/blast/api/blast_seqalign.cpp	1550-1649	BlastHitList2SeqAlign_OMF	each hit list (query): HSP lists in hit-list order, each sorted by Blast_HSPListSortByEvalue before conversion	algorithm/blastn/blast_engine/run.rs:4640(sort_hsplist_by_evalue per subject);algorithm/blastn/blast_engine/run.rs:4616(hit_list.sort_by_evalue)	faithful	none	HSPs of one subject are ordered by e-value with the score as tie-break (this reorders them when the two strands of a query have different gapped blocks); subjects keep the traceback order (best e-value first). The conversion itself (Seq-align fields, bit scores) is blast_seqalign.cpp, outside the files of range B.	-	
B-114	B	src/algo/blast/api/blast_seqalign.cpp	659-675	s_BlastHSP2SeqAlign	hsp->score == 0 (traceback reads ambiguity codes that the preliminary search saw as random bases)	algorithm/blastn/blast_engine/run.rs:4661(retain raw_score != 0)	faithful	none	The HSP gets no Seq-align and is not shown in any format; a subject left without HSPs disappears from the report. LOSAT prunes to hitlist_size first and then drops zero-score HSPs, the order NCBI has (the hit list size counts them).	-	
B-115	B	src/algo/blast/api/blast_seqalign.cpp	1596-1618	BlastHitList2SeqAlign_OMF	CanReturnPartialSequence (CSeqVecSeqInfoSrc returns true): RemapToQueryLoc and s_RemapToSubjectLoc	-	n/a	none	Both queries and subjects are whole sequences starting at 0, so the remaps shift by 0.	-	
B-116	B	src/algo/blast/api/split_query_cxx.cpp	50-60	CQuerySplitter::CQuerySplitter	gapped search (always in scope), query batch of the CObjMgr factory	algorithm/blastn/query_split.rs:204(split_query_batch);algorithm/blastn/blast_engine/run.rs:12137(search_query_chunks)	faithful	none	Chunk size from SplitQuery_GetChunkSize(program), total length = sum of the query lengths, chunk count from SplitQuery_CalculateNumChunks; the ungapped no-split rule does not apply. Splitting happens only for batches of >= 1,999,800 residues (blastn) or >= 9,999,800 (megablast).	-	
B-117	B	src/algo/blast/api/split_query_cxx.cpp	112-132	CQuerySplitter::x_ExtractCScopesAndMasks	objmgr query factory: scopes and the user (query-vector) masks copied	algorithm/blastn/blast_engine/run.rs:12178(restrict_masks input is the batch DUST and lowercase mask list)	faithful	none	The copy happens when the second splitter is built in CBlastPrelimSearch::Run, after the batch SetupQueries stored the DUST masks (see ExtractUserSpecifiedMasks).	-	
B-118	B	src/algo/blast/api/split_query_cxx.cpp	134-180	CQuerySplitter::x_ComputeChunkRanges	blastn/megablast, overlap 100	algorithm/blastn/query_split.rs:204(split_query_batch chunk ranges)	faithful	none	chunk_start advances by chunk_size-100; the last chunk or any chunk reaching the total ends at the total; loop stops when chunk_end == total or chunk_start > total. A chunk the loop would leave unset (no query, NCBI then fails with Empty CBlastQueryVector) cannot occur with the chunk size of SplitQuery_CalculateNumChunks (run.rs search_query_chunks (split_query_batch, chunk_would_be_split) ensures it). Overlap size saved for the stream merge is 100.	-	
B-119	B	src/algo/blast/api/split_query_cxx.cpp	188-211	s_SetSplitQuerySeqInterval	query offset 0 (FASTA queries are whole sequences)	algorithm/blastn/query_split.rs:204(split_query_batch from/to)	faithful	none	qstart and qend are int differences of the open ranges; from = max(0, qstart); to = min(query end, chunk end) - 1 inclusive. LOSAT keeps exclusive ends with the same values.	-	
B-120	B	src/algo/blast/api/split_query_cxx.cpp	213-293	CQuerySplitter::x_ComputeQueryIndicesForChunks	query ranges on the concatenation (no separators), parts of each intersecting query, masks restricted with TMaskedQueryRegions::RestrictToSeqInt	algorithm/blastn/query_split.rs:204(split_query_batch);algorithm/blastn/query_split.rs:492(restrict_masks)	faithful	none	A query starts where the previous one ends (GetTo()+1 of a COpenRange is its open end). RestrictToSeqInt drops the part's last residue from the range and extends every other mask by one residue (to the end of the part at most); LOSAT's restrict_masks reproduces the left < right_open test and the +1, and LOSAT then adds the DUST masks of the part (chunk_query_masks).	-	
B-121	B	src/algo/blast/api/split_query_cxx.cpp	338-423	CQuerySplitter::x_ComputeQueryContextsForChunks	nucleotide query, strand both: contexts 2*q and 2*q+1 of every part	algorithm/blastn/query_split.rs:204(QueryChunk.contexts)	faithful	none	Both strands are always valid in the chunk's context list (no -strand), so each part contributes its two batch contexts in order.	-	
B-122	B	src/algo/blast/api/split_query_cxx.cpp	451-467	s_GetAbsoluteContextLength	-	algorithm/blastn/query_split.rs:315(absolute_context_length)	faithful	none	Length of the batch context in chunk c (0 for c < 0 or when the chunk lacks the context).	-	
B-123	B	src/algo/blast/api/split_query_cxx.cpp	579-683	CQuerySplitter::x_ComputeContextOffsets_NonTranslatedQueries	plus strand context: sum of prev_len - min(overlap, prev_len) over chunks back to the starting chunk; minus strand: query length minus the sum of curr_len - min(overlap, prev_len)	algorithm/blastn/query_split.rs:415(context_offsets);algorithm/blastn/query_split.rs:354(starting_chunk)	faithful	none	size_t arithmetic stored as Int4 (static_cast<int>); LOSAT uses wrapping usize arithmetic and casts to i32. Unit tests in query_split.rs and the E2f byte comparisons cover parts that end or start in an overlap.	-	
B-124	B	src/algo/blast/api/split_query_cxx.cpp	857-909	CQuerySplitter::Split, GetQueryFactoryForChunk	more than one chunk	algorithm/blastn/query_split.rs:204(split_query_batch)	faithful	none	Builds the chunk query factories from the parts; the chunk loop in CBlastPrelimSearch::Run asks them one by one.	-	
B-125	B	src/algo/blast/api/split_query_aux_priv.cpp	50-70	SplitQuery_GetOverlapChunkSize	OVERLAP_CHUNK_SIZE unset, not translated: 100	algorithm/blastn/query_split.rs:39(QUERY_CHUNK_OVERLAP)	faithful	none	Overlap of two query chunks is 100 residues for nucleotide queries.	-	
B-126	B	src/algo/blast/api/split_query_aux_priv.cpp	54-59	SplitQuery_GetOverlapChunkSize	OVERLAP_CHUNK_SIZE environment variable set and not blank (NStr::StringToInt of its value)	algorithm/blastn/query_split.rs:39(QUERY_CHUNK_OVERLAP)	divergent	low	NCBI overrides the overlap (this is another undocumented experiment variable next to BATCH_SIZE and CHUNK_SIZE); LOSAT ignores it silently and does not reject it like BATCH_SIZE and CHUNK_SIZE (run.rs:5462 checks only those two). It changes chunk sizes and the HSP merge only for batches of >= 1,999,800 residues, so any difference needs OVERLAP_CHUNK_SIZE set and a huge query.	T7	faithful after 8ccf079ba and 5dac71f72; NCBI's StringToInt and size_t/TSeqPos arithmetic; CHUNK_SIZE=1000 without BATCH_SIZE gives NCBI's empty-batch error after the outfmt 0 prolog (exit 3); explicit rejection: non-integers (CStringException text names the build's files, exit 255) and a negative CHUNK_SIZE above a negative OVERLAP_CHUNK_SIZE (CCoreException naming the build's files); 23 fixtures env.*; 22 batch_sweep runs x 60 cases and 4 split_check runs with the variables: 0 differ
B-127	B	src/algo/blast/api/split_query_aux_priv.cpp	72-98	SplitQuery_ShouldSplit	blastn (not mapping, not PSSM, not blastx, not PHI)	algorithm/blastn/query_split.rs:87(calculate_num_chunks)	faithful	none	Returns true for blastn and megablast.	-	
B-128	B	src/algo/blast/api/split_query_aux_priv.cpp	99-146	SplitQuery_CalculateNumChunks	chunk_size > 100: num_chunks = total / (chunk_size - 100); <= 1 means one chunk of the total length; else chunk_size = (total + (n-1)*100) / n and +1 when n < chunk_size - 100	algorithm/blastn/query_split.rs:87(calculate_num_chunks)	faithful	none	size_t arithmetic; checked values 1,999,799 -> 1 chunk, 1,999,800 -> 2 chunks of 999,951, EDL933 5,528,445 -> 5 chunks of 1,105,770 (blastn) and 1 chunk (megablast).	-	
B-129	B	src/algo/blast/api/split_query_aux_priv.cpp	149-182	SplitQuery_SetEffectiveSearchSpace	split batch: CEffectiveSearchSpaceCalculator on the whole batch, per-context search spaces stored in the options (memento) while the chunks run; chunk contexts take the value at their own chunk index	algorithm/blastn/blast_engine/run.rs:6412(query_eff_searchsp);algorithm/blastn/blast_engine/run.rs:6421(batch_eff_searchsp[index] for ChunkPrelim)	faithful	none	Reproduces the quirk that chunk context i uses searchsp_eff[i] of the batch (a context of a different query when the chunk does not start with query 0) and that a value of 0 (invalid batch context) makes the chunk compute its own search space. The calculator uses the batch's total subject length and subject count.	-	
B-130	B	src/algo/blast/api/split_query_aux_priv.cpp	184-210	SplitQuery_CreateChunkData	-	algorithm/blastn/blast_engine/run.rs:5737(search_query_batch with BatchStage::ChunkPrelim)	faithful	none	A copy of the subject source and a full BlastSetupPreliminarySearchEx for the chunk (own query block, masks, K-A blocks, lookup table, HSP stream and diagnostics); chunk warnings are dropped.	-	
B-131	B	src/algo/blast/api/split_query_aux_priv.cpp	241-284	CContextTranslator::GetAbsoluteContext, GetContextInChunk, GetStartingChunk	-	algorithm/blastn/query_split.rs:288(context_in_chunk);algorithm/blastn/query_split.rs:354(starting_chunk)	faithful	none	find over the chunk's context list and a walk back to the first chunk that has the context.	-	
B-132	B	src/algo/blast/api/split_query_aux_priv.cpp	309-406	CQueryDataPerChunk (all members)	nucleotide non-translated query: not constructed (only for translated programs)	-	n/a	none	Only used by the translated-query offset code.	-	
B-133	B	src/algo/blast/api/split_query_blk.cpp	43-246	CSplitQueryBlk (constructor, accessors, setters, SetChunkOverlapSize, GetChunkOverlapSize)	gapped merge (CSplitQueryBlk(num_chunks, true))	algorithm/blastn/query_split.rs:59(QueryChunk)	faithful	none	Storage of the chunk bounds, queries, contexts, context offsets (INT4_MAX for an invalid context, none for strand both) and the overlap size 100 passed to BlastHSPStreamMerge.	-	
B-134	B	src/algo/blast/api/blast_nucl_options.cpp	48-67	CBlastNucleotideOptionsHandle::CBlastNucleotideOptionsHandle, SetDefaults	-	algorithm/blastn/coordination.rs:174(task_defaults)	faithful	none	The constructor installs the megablast defaults first; CBlastOptionsFactory::CreateTask then applies SetTraditionalBlastnDefaults for -task blastn. Every field the megablast defaults set is set again by the blastn defaults, so no megablast value is left over.	-	
B-135	B	src/algo/blast/api/blast_nucl_options.cpp	70-90	CBlastNucleotideOptionsHandle::SetTraditionalBlastnDefaults	-task blastn	algorithm/blastn/coordination.rs:174(task_defaults);algorithm/blastn/coordination.rs:246(configure_task)	faithful	none	Query options, lookup table (eNaLookupTable, word 11), initial word, gapped extension, scoring (5/2, 2/-3), hit saving and effective-length defaults applied in that order (the stride depends on the lookup type).	-	
B-136	B	src/algo/blast/api/blast_nucl_options.cpp	115-135	CBlastNucleotideOptionsHandle::SetTraditionalMegablastDefaults	-task megablast (the default task)	algorithm/blastn/coordination.rs:174(task_defaults);algorithm/blastn/coordination.rs:246(configure_task)	faithful	none	Same sequence with the megablast variants (eMBLookupTable, word 28, greedy gapped extension, 0/0 gaps, 1/-2).	-	
B-137	B	src/algo/blast/api/blast_nucl_options.cpp	137-143	CBlastNucleotideOptionsHandle::SetLookupTableDefaults	blastn	algorithm/blastn/coordination.rs:174(task_defaults word_size 11)	faithful	none	lut_type eNaLookupTable, word size 11, threshold 0, stride 0; the concrete table (small, MB, NA) and its width are chosen later by BlastChooseNaLookupTable (core).	-	
B-138	B	src/algo/blast/api/blast_nucl_options.cpp	145-152	CBlastNucleotideOptionsHandle::SetMBLookupTableDefaults	megablast	algorithm/blastn/coordination.rs:174(task_defaults word_size 28)	faithful	none	lut_type eMBLookupTable (SetLookupTableType also sets word size 28), threshold 0, stride 0; -word_size replaces the word size afterwards.	-	
B-139	B	src/algo/blast/api/blast_nucl_options.cpp	154-160	CBlastNucleotideOptionsHandle::SetQueryOptionDefaults	-	algorithm/blastn/args.rs:176(dust default DustSpec::Yes);algorithm/blastn/blast_engine/run.rs:5966	faithful	none	DUST on (20 64 1), mask at hash on, strand both. The default -dust value is yes, which re-creates the default DUST options; three numbers only change level, window, linker.	-	
B-140	B	src/algo/blast/api/blast_nucl_options.cpp	162-168	CBlastNucleotideOptionsHandle::SetInitialWordOptionsDefaults	blastn	algorithm/blastn/constants.rs:7(X_DROP_UNGAPPED);algorithm/blastn/constants.rs:18(TWO_HIT_WINDOW);algorithm/blastn/constants.rs:35(SCAN_RANGE_BLASTN)	faithful	none	x_dropoff 20, window size 0 (one-hit), scan range 0. The raw X-drop is ceil(20*ln2/lambda) of the ungapped block per context (run.rs:6781).	-	
B-141	B	src/algo/blast/api/blast_nucl_options.cpp	170-175	CBlastNucleotideOptionsHandle::SetMBInitialWordOptionsDefaults	megablast	algorithm/blastn/blast_engine/run.rs:6781(x_dropoff_init = 0 for megablast);algorithm/blastn/blast_engine/run.rs:7068(x_dropoff = cutoff when x_dropoff_init == 0)	faithful	none	Only the window size is set; the zero-initialised (calloc) x_dropoff stays 0, so the ungapped X-drop of megablast becomes the word cutoff score (blast_parameters.c:380-383). LOSAT reproduces this on purpose.	-	
B-142	B	src/algo/blast/api/blast_nucl_options.cpp	177-185	CBlastNucleotideOptionsHandle::SetGappedExtensionDefaults	blastn	algorithm/blastn/coordination.rs:246(configure_task use_dp, x_drop_gapped 30, x_drop_final 100)	faithful	none	gap X-drop 30, final 100, gap trigger 27.0 bits, dynamic-programming preliminary extension and traceback.	-	
B-143	B	src/algo/blast/api/blast_nucl_options.cpp	187-196	CBlastNucleotideOptionsHandle::SetMBGappedExtensionDefaults	megablast	algorithm/blastn/coordination.rs:246(configure_task use_dp false, x_drop_gapped 25)	faithful	none	gap X-drop 25, final 100, trigger 27.0, greedy preliminary extension and greedy traceback.	-	
B-144	B	src/algo/blast/api/blast_nucl_options.cpp	198-213	CBlastNucleotideOptionsHandle::SetScoringOptionsDefaults	blastn	algorithm/blastn/coordination.rs:174(task_defaults);algorithm/blastn/coordination.rs:220(determine_scoring_params)	faithful	none	matrix NULL, gap open 5, gap extension 2, reward 2, penalty -3 (reward and penalty are Int2: a larger -reward/-penalty wraps to 16 bits before any check, determine_scoring_params as i16), gapped mode on, complexity adjustment off, out-of-frame off.	-	
B-145	B	src/algo/blast/api/blast_nucl_options.cpp	215-229	CBlastNucleotideOptionsHandle::SetMBScoringOptionsDefaults	megablast	algorithm/blastn/coordination.rs:174(task_defaults);algorithm/blastn/coordination.rs:220(determine_scoring_params)	faithful	none	gap open 0, gap extension 0, reward 1, penalty -2; the other fields as for blastn.	-	
B-146	B	src/algo/blast/api/blast_nucl_options.cpp	231-249	CBlastNucleotideOptionsHandle::SetHitSavingOptionsDefaults	blastn	algorithm/blastn/args.rs:40(evalue default 10);algorithm/blastn/args.rs:90(hitlist_size 500);algorithm/blastn/constants.rs:77(MIN_DIAG_SEPARATION_BLASTN)	faithful	none	hitlist 500, e-value 10.0, percent identity 0, hsp_num_max 0 (INT4_MAX), max_hsps_per_subject 0, min_diag_separation 50, mask level 101, cutoff score 0, low score percent 0, query coverage 0. -evalue, -perc_identity, -max_hsps and -max_target_seqs replace these through plain setters (SetEvalueThreshold double, SetPercentIdentity double, SetMaxHspsPerSubject int, SetHitlistSize int).	-	
B-147	B	src/algo/blast/api/blast_nucl_options.cpp	251-271	CBlastNucleotideOptionsHandle::SetMBHitSavingOptionsDefaults	megablast	algorithm/blastn/constants.rs:78(MIN_DIAG_SEPARATION_MEGABLAST)	faithful	none	Same as blastn except min_diag_separation 6.	-	
B-148	B	src/algo/blast/api/blast_nucl_options.cpp	273-280	CBlastNucleotideOptionsHandle::SetEffectiveLengthsOptionsDefaults, SetSubjectSequenceOptionsDefaults	-	algorithm/blastn/blast_engine/run.rs:6412(query_eff_searchsp from the subject totals)	faithful	none	db length 0, db sequence number 0, effective search space 0 (one stored value of 0), so the engine uses the real subject totals; the empty subject-sequence defaults do nothing.	-	
B-149	B	src/algo/blast/api/blast_options_handle.cpp	336-350	CBlastOptionsFactory::CreateTask	task blastn: Create(eBlastn) = handle constructor plus SetTraditionalBlastnDefaults	algorithm/blastn/coordination.rs:174(task_defaults)	faithful	none	No task-specific changes beyond the defaults for plain blastn.	-	
B-150	B	src/algo/blast/api/blast_options_handle.cpp	350-376	CBlastOptionsFactory::CreateTask	task megablast: Create(eMegablast)	algorithm/blastn/coordination.rs:174(task_defaults)	faithful	none	Handle constructor plus SetTraditionalMegablastDefaults (the default task of blastn).	-	
B-151	B	src/algo/blast/api/blast_options_handle.cpp	211-256	CBlastOptionsFactory::GetTasks and CreateTask	tasks blastn-short, dc-megablast, rmblastn (and vecscreen, removed by blastn_args.cpp)	blastinput/value_parsers.rs:305(blastn_task)	rejected	low	"LOSAT stops with ""the task ... is not supported by LOSAT's BLASTN (use megablast or blastn)"" (E2c section G); other names are an argument error as in NCBI."	K-mode	
B-152	B	src/algo/blast/api/blast_options_handle.cpp	109-120	CBlastOptionsFactory::Create	eBlastn and eMegablast	algorithm/blastn/coordination.rs:174(task_defaults)	faithful	none	See the CreateTask rows.	-	
B-153	B	src/algo/blast/api/blast_options_local_priv.cpp	49-65	CBlastOptionsLocal::CBlastOptionsLocal	-	algorithm/blastn/coordination.rs:246(configure_task)	faithful	none	The option structs are calloc'd (BlastInitialWordOptions, LookupTableOptions, BlastExtensionOptions, BlastHitSavingOptions, BlastScoringOptions), so any field a default function does not set is 0 (x_dropoff for megablast, longest_intron, do_sum_stats, ...); LOSAT mirrors the ones that matter (x_dropoff, hsp_num_max, sum statistics off).	-	
B-154	B	src/algo/blast/api/blast_options_local_priv.cpp	374-390	CBlastOptionsLocal::Validate	-	algorithm/blastn/scoring.rs:90(check_scoring_options)	faithful	none	BLAST_ValidateOptions (penalty must be negative, gap extension 0 with positive open, word size <= 100, e-value > 0, greedy needed for 0/0 gaps) on the final option values; checks and messages follow E2c section B. Run on every batch but always on identical options.	-	
B-155	B	src/algo/blast/api/blast_options_local_priv.hpp	605-619	CBlastOptionsLocal::SetWordSize	-word_size N	algorithm/blastn/coordination.rs:195(determine_effective_word_size)	faithful	none	m_LutOpts->word_size = N (Int4); the lookup type is only switched for protein tables. Applied after the task defaults.	-	
B-156	B	src/algo/blast/api/blast_options_local_priv.hpp	1620-1643	CBlastOptionsLocal::SetMatchReward, SetMismatchPenalty	-reward, -penalty	algorithm/blastn/coordination.rs:220(determine_scoring_params as i16)	faithful	none	The int argument is stored into the Int2 fields reward and penalty, which wraps modulo 2^16 before validation and use; LOSAT casts to i16 first.	-	
B-157	B	src/algo/blast/api/blast_options_local_priv.hpp	1646-1668	CBlastOptionsLocal::SetGapOpeningCost, SetGapExtensionCost	-gapopen, -gapextend	algorithm/blastn/coordination.rs:220(determine_scoring_params)	faithful	none	Int4 stores of the given values; no clamping.	-	
B-158	B	src/algo/blast/api/blast_options_local_priv.hpp	1432-1442	CBlastOptionsLocal::SetEvalueThreshold	-evalue	algorithm/blastn/args.rs:40(evalue)	faithful	none	double store into expect_value.	-	
B-159	B	src/algo/blast/api/blast_options_local_priv.hpp	1472-1482	CBlastOptionsLocal::SetPercentIdentity	-perc_identity	algorithm/blastn/args.rs:52(percent_identity)	faithful	none	double store into percent_identity.	-	
B-160	B	src/algo/blast/api/blast_options_local_priv.hpp	1269-1303	CBlastOptionsLocal::SetHitlistSize, SetMaxHspsPerSubject	-max_target_seqs (hitlist size), -max_hsps	algorithm/blastn/args.rs:83(max_target_seqs);algorithm/blastn/args.rs:105(max_hsps_per_subject)	faithful	none	Int stores into hitlist_size and max_hsps_per_subject; the prelim hit list size MIN(MAX(2*size,10),size+50) is computed from hitlist_size in core (hsp.rs get_prelim_hitlist_size).	-	
B-161	B	src/algo/blast/api/blast_options_local_priv.hpp	751-829	CBlastOptionsLocal::SetDustFiltering, SetDustFilteringLevel, SetDustFilteringWindow, SetDustFilteringLinker, GetDustFilteringLevel	-dust yes/no/three numbers	blastinput/value_parsers.rs:92(parse_dust_filtering);algorithm/blastn/args.rs:240(resolve_dust)	faithful	none	SetDustFiltering(false) frees the options (no DUST); (true) re-creates the 20/64/1 defaults; the three setters store ints (later cast to Uint4 at the call site) and create the options when missing.	-	
B-162	B	src/algo/blast/api/blast_options_local_priv.hpp	1404-1428	CBlastOptionsLocal::SetSubjectBestHit	-subject_besthit	algorithm/blastn/blast_engine/run.rs:4599(subject_best_hit);algorithm/blastn/blast_engine/run.rs:3121(prelim_subject_best_hit)	faithful	none	Creates hsp_filt_opt with only subject_besthit_opts (max range difference for nucleotides); no best_hit or culling options, so the collector writer and no pipe are used.	-	
B-163	B	src/algo/blast/api/blast_options_local_priv.hpp	1166-1187	CBlastOptionsLocal::SetGapExtnAlgorithm, SetGapTracebackAlgorithm	task defaults only (-no_greedy is not in scope)	algorithm/blastn/coordination.rs:246(use_dp)	faithful	none	Plain stores of ePrelimGapExt and eTbackExt; megablast uses greedy (score only, then greedy traceback), blastn dynamic programming.	-	
B-164	B	src/algo/blast/api/blast_options_local_priv.hpp	1093-1115	CBlastOptionsLocal::SetWindowSize, SetOffDiagonalRange	task defaults (window 0, scan range 0); not given on the command line in scope	algorithm/blastn/constants.rs:18(TWO_HIT_WINDOW);algorithm/blastn/constants.rs:35(SCAN_RANGE_BLASTN)	faithful	none	CWindowSizeArg stores BLAST_GetSuggestedWindowSize for blastn (-1 means no change), so the task default 0 stays; COffDiagonalRangeArg stores the argument default 0.	-	
B-165	B	src/algo/blast/api/blast_options_local_priv.hpp	542-561	CBlastOptionsLocal::SetProgram	eBlastn / eMegablast	-	n/a	none	Sets program_number in every option struct (eBlastTypeBlastn for both tasks); genetic code reset is irrelevant.	-	
B-166	B	src/algo/blast/api/blast_memento_priv.hpp	56-128	CBlastOptionsMemento, CEffectiveSearchSpacesMemento	-	algorithm/blastn/blast_engine/run.rs:6412(query_eff_searchsp)	faithful	none	The memento shares the option structs; the effective-search-space memento swaps in a copy for the preliminary stage and restores the original afterwards, so the search spaces set by SplitQuery_SetEffectiveSearchSpace are not seen by the traceback (which recomputes the same values from the same inputs).	-	
B-167	B	src/algo/blast/api/blast_options_cxx.cpp	299-330	CBlastOptions (constructor, CreateSnapshot, Validate, SetProgram and all in-scope setters)	eLocal locality	algorithm/blastn/coordination.rs:174(task_defaults)	n/a	none	The CBlastOptions setters used by the blastn arguments are one-line forwards to CBlastOptionsLocal (and to CBlastOptionsRemote when a remote copy exists, which a local run does not need); they add no logic.	-	
B-168	B	src/algo/blast/api/setup_factory.cpp	94-119	s_LocalQueryData2Packed_seqint	called when CreateScoreBlock is asked for masked query regions (the preliminary stage)	-	n/a	none	Packs the query Seq-locs for Blast_GetSeqLocInfoVector, whose result (CSearchResultSet filtered regions) is not printed by outfmt 0, 6 or 7.	-	
B-169	B	src/algo/blast/api/setup_factory.cpp	465-475	SInternalData::SInternalData, SDatabaseScanData::SDatabaseScanData	-	-	n/a	none	Zero-initialisation of pointers (PHI scan data unused).	-	
B-170	B	src/algo/blast/api/blast_objmgr_tools.cpp	66-108	CBlastQuerySourceOM constructors and destructor, Size()	CBlastQueryVector (queries, with options) and TSeqLocVector (subjects, program only, masks already fixed)	-	n/a	none	Subjects use the program-only constructor, so m_CalculatedMasks is true and DUST never runs on subjects; queries use the options constructor, so masks are computed lazily.	-	
B-171	B	src/algo/blast/api/split_query_cxx.cpp	300-337	s_AddShift, s_GetShiftForTranslatedNegStrand, CQuerySplitter::x_ComputeContextOffsets_TranslatedQueries	translated programs only	-	n/a	none	Not reached for blastn; x_ComputeContextOffsetsForChunks (568-577) dispatches to the non-translated routine.	-	
B-172	B	src/algo/blast/api/prelim_stage.cpp	330-458	CBlastPrelimSearch::ComputeBlastHSPResults, x_BuildStdSegList, Run(std seg list)	-	-	n/a	none	Used by other applications (SRA/standalone prelim consumers); blastn calls only Run().	-	
B-173	B	src/algo/blast/api/local_blast.cpp	313-322	CLocalBlast::GetDiagnostics	-	-	n/a	none	Not called by blastn_app.cpp.	-	
B-174	B	src/algo/blast/api/blast_aux_priv.cpp	57-64	CreateWholeSeqLocFromIds	-	-	n/a	none	Used for PSI-BLAST and subject ids of other programs, not on the blastn path.	-	
B-175	B	src/algo/blast/api/seqsrc_multiseq.cpp	131-184	CMultiSeqInfo::CMultiSeqInfo	dbscan_mode false: environment variable BL2SEQ_LEGACY set (blast_app_util.cpp:206-208 builds CLocalDbAdapter with false), total length stays 0, every subject is searched as its own database	-	unported	low	LOSAT has only the database-style statistics (db-wide effective lengths, one search space per query context) and ignores BL2SEQ_LEGACY without a rejection. With the variable set NCBI computes the effective lengths per subject (BLAST_OneSubjectUpdateParameters), prints bl2seq-style reports and changes cutoffs and e-values. The task lists only BATCH_SIZE, CHUNK_SIZE, ADAPTIVE_CBS and .ncbirc as unset, so this is a residual environment hazard, not a default-path difference.	R1	explicit rejection after 7b63980b2 (any value; an empty query still ends with Query is Empty!)
C-001	C	src/algo/blast/core/blast_setup.c	40-128	Blast_ScoreBlkKbpGappedCalc	blastn, reward/penalty nonzero, each valid context gets kbp_gap_std from Blast_KarlinBlkNuclGappedCalc	algorithm/blastn/scoring.rs:314(context_blocks)	faithful	none	Per valid context the gapped block comes from the table row (or copy of the ungapped block); round_down returned from the same call. LOSAT computes one NuclValues and applies it to every valid context, same result because the table lookup does not depend on the context; sbp->kbp_gap alias = kbp_gap_std for blastn.	-	
C-002	C	src/algo/blast/core/blast_setup.c	73-107	Blast_ScoreBlkKbpGappedCalc	invalid context (ungapped Karlin failed) skipped; no valid context -> no gapped block and no error	algorithm/blastn/scoring.rs:318(context_blocks)	faithful	none	NCBI loops contexts with is_valid and `continue`s on invalid ones; with none valid it returns 0 and never calls the table code. LOSAT returns Ok((None..., false)) before NuclValues::new, so an unsupported scoring pair raises no error then (NCBI: same, round_down stays FALSE).	-	
C-003	C	src/algo/blast/core/blast_setup.c	73-107	Blast_ScoreBlkKbpGappedCalc	Blast_KarlinBlkNuclGappedCalc fails (unsupported reward/penalty or gap costs), first batch, all contexts valid	algorithm/blastn/scoring.rs:226(karlin_error); algorithm/blastn/blast_engine/run.rs:6271(search_query_batch)	faithful	none	NCBI returns the first failing context status; CreateScoreBlock throws CBlastException with search_messages.ToString() (one `Error: <msg> ` per query, NoContext message copied to every query) -> exit 3 `BLAST engine error:`. LOSAT repeats the message per query of the batch, writes the outfmt 0 prolog first, exits 3.	-	
C-004	C	src/algo/blast/core/blast_setup.c	73-107	Blast_ScoreBlkKbpGappedCalc	table failure when the batch has an invalid context, or when a later batch is the first with a valid query	algorithm/blastn/blast_engine/run.rs:6296(search_query_batch)	rejected	low	NCBI throws only when the first message is an error; an earlier invalid-context warning makes it go on without a gapped block (segfault per E2c AUTHORITY C). LOSAT stops with explicit `these scoring options have no Karlin-Altschul values, and the first query batch ... has an invalid query ... not supported by LOSAT` (also for !first_batch). Needs a query that is invalid (e.g. only N) plus a scoring pair/gap cost missing from the tables.	T8	faithful after baf180fbb; reports of the batches before, no epilog, then BLAST engine error (exit 3); a failing batch with an invalid query (NCBI crashes) stays rejected; fixtures kaerror.later_batch.fmt{0,6,7}
C-005	C	src/algo/blast/core/blast_setup.c	90-105	Blast_ScoreBlkKbpGappedCalc	reward == 0 && penalty == 0 (rmblastn matrix-only scoring: BLAST_REWARD/BLAST_PENALTY substituted)	algorithm/blastn/scoring.rs:125(check_losat_limits)	rejected	low	`-reward 0 -penalty 0` passes NCBI validation (BlastScoringOptionsValidate skips the penalty check for 0/0) but LOSAT bails: `a reward of 0 ... is not supported by LOSAT`. Also any reward <= 0 after NCBI 16-bit wrap.	K-mode	
C-006	C	src/algo/blast/core/blast_setup.c	329-393	Blast_ScoreBlkMatrixInit	"blastn, matrix name NULL: ambiguity residues N and gap set, sbp->reward/penalty copied, name ""blastn matrix:R P"", BlastScoreBlkNuclMatrixCreate"	algorithm/blastn/pairwise.rs:302(query_ungapped_karlin); algorithm/blastn/alignment/gapped.rs:48(build_blastna_matrix)	faithful	none	BLAST_ScoreSetAmbigRes(N), (-) = blastna 14 and 15 (hard-coded BLASTNA_N/GAP in LOSAT); the name string never reaches the output; matrix built from reward/penalty exactly. Matrix scoring file branch (read_in_matrix && get_path) is not taken because scoring_options->matrix is NULL for blastn.	-	
C-007	C	src/algo/blast/core/blast_setup.c	359-368	Blast_ScoreBlkMatrixInit	penalty == 0 && reward == 0 -> matrix_only_scoring TRUE, reward/penalty reset to defaults	algorithm/blastn/scoring.rs:125(check_losat_limits)	rejected	low	Same rejection as the 0/0 rows (reward <= 0 stops LOSAT before the batch is set up).	K-mode	
C-008	C	src/algo/blast/core/blast_setup.c	455-532	BlastSetup_ScoreBlkInit	blastn, gapped_calculation TRUE (default): ungapped Karlin per context, then gapped Karlin per valid context	algorithm/blastn/blast_engine/run.rs:6167(search_query_batch); algorithm/blastn/scoring.rs:284(context_ungapped_blocks); algorithm/blastn/scoring.rs:314(context_blocks)	faithful	none	Order kept: BlastScoreBlkNew (gbp freed for blastn), MatrixInit, KbpUngappedCalc, KbpGappedCalc. scale_factor 1.0 so no scaling anywhere in LOSAT.	-	
C-009	C	src/algo/blast/core/blast_setup.c	514-521	BlastSetup_ScoreBlkInit	status of Blast_ScoreBlkKbpUngappedCalc (1 when no context is valid) is overwritten by the gapped call	algorithm/blastn/scoring.rs:318(context_blocks); algorithm/blastn/blast_engine/run.rs:6339(search_query_batch)	faithful	none	`status = KbpUngappedCalc(...); if (gapped_calculation) status = KbpGappedCalc(...)` so no-valid-context gives status 0 here; the failure surfaces only in BlastSetup_Validate (next row). LOSAT has the same two-step outcome (no error, batch not searched).	-	
C-010	C	src/algo/blast/core/blast_setup.c	534-558	BlastSetup_Validate	no valid context in the batch -> return 1 (BLAST_MainSetUp returns 1; CreateScoreBlock does not throw because the first message is a warning)	algorithm/blastn/blast_engine/run.rs:6339(search_query_batch); algorithm/blastn/blast_engine/run.rs:6842(process_subject)	faithful	none	LOSAT keeps any_valid_context and searches nothing for the batch (no hits, warnings still printed by report/query_warnings.rs:53). NCBI: CLocalBlast::Run -> CBlastPrelimSearch::CheckInternalData -> BlastScoreBlkCheck returns 1 when no context keeps a Karlin block, so the search is skipped and empty results are returned (checked on the oracle: an all-R query gives only the warning, exit 0). Impact only for queries consisting only of ambiguity codes (all-N, all-R ...).	-	
C-011	C	src/algo/blast/core/blast_setup.c	563-667	BLAST_MainSetUp	filter_options already set (CBlastOptionsLocal filtering_options non-NULL), filter_string NULL -> BlastFilteringOptionsFromString not called	-	n/a	none	Not executed: SetupFactory passes opts_memento->m_QueryOpts with filtering_options allocated (SetDustFiltering/SetMaskAtHash in the nucleotide handle defaults); no in-scope option sets filter_string.	-	
C-012	C	src/algo/blast/core/blast_setup.c	614-625	BLAST_MainSetUp	mask_at_hash TRUE (nucleotide handle default SetMaskAtHash(true); no in-scope option changes it): BlastSetUp_MaskQuery skipped, query residues stay unmasked	algorithm/blastn/blast_engine/run.rs:6124(search_query_batch)	faithful	none	DUST and lowercase masks only restrict the lookup table (lookup_segments); Karlin composition, extension and traceback use the unmasked query. LOSAT keeps ctx.seq unmasked and uses query_context_masks for lookup only (comment at run.rs:6123).  Oracle check: on blastn 2.17.0, 40 queries with long poly-A / CA-repeat stretches (DUST on) or lowercase windows (-lcase_masking) print the Lambda/K/H of the unmasked, case-insensitive composition, equal to the Python port of query_ungapped_karlin.	-	
C-013	C	src/algo/blast/core/blast_setup.c	621-625	BLAST_MainSetUp	mask_at_hash FALSE: BlastSetUp_MaskQuery overwrites masked residues with N before the Karlin calc	-	n/a	none	Unreachable on the in-scope path: `-soft_masking`/lookup-table masking option is not in the allowed option list and defaults to TRUE; LOSAT has no hard-masking path.	-	
C-014	C	src/algo/blast/core/blast_setup.c	634-638	BLAST_MainSetUp	lookup_segments requested: BLAST_ComplementMaskLocations(filter_maskloc) before the ungapped blocks may mark contexts invalid	algorithm/blastn/blast_engine/run.rs:3887(compute_lookup_query_stats); algorithm/blastn/lookup.rs:914(build_unmasked_ranges)	faithful	none	Order matters because the complement skips contexts already invalid at that time (all contexts valid then). LOSAT notes this at compute_lookup_query_stats and counts every context with letters.	-	
C-015	C	src/algo/blast/core/blast_setup.c	639-648	BLAST_MainSetUp	mask out-parameter (core_masked_query_regions) handed back	-	n/a	none	Only feeds masked_query_regions (Seq-annot/XML style output); outfmt 0, 6 and 7 do not print query masks.	-	
C-016	C	src/algo/blast/core/blast_setup.c	676-697	s_GetEffectiveSearchSpaceForContext	num_searchspaces == 0 (no -searchsp; no in-scope option sets it) -> 0	algorithm/blastn/blast_engine/run.rs:6412(search_query_batch)	faithful	none	NCBI returns 0 so BLAST_CalcEffLengths computes the search space; LOSAT uses options_searchsp = 0 for BatchStage::Search. For query-chunk prelim stages NCBI fills the options with the batch search spaces (num_searchspaces > 1 branch) and LOSAT passes batch_eff_searchsp[index] (range B covers the split).	-	
C-017	C	src/algo/blast/core/blast_setup.c	699-850	BLAST_CalcEffLengths	blastn gapped, db_length = sum of subject lengths (MultiSeq GetTotLen > 0), db_num_seqs = number of subjects, valid context with query_length > 0	algorithm/blastn/blast_engine/run.rs:6412(search_query_batch); algorithm/blastn/ncbi_cutoffs.rs:173(compute_eff_lengths_subject_mode_blastn)	faithful	none	Per context: alpha/beta from Blast_GetNuclAlphaBeta (table row or ungapped), BLAST_ComputeLengthAdjustment(K, logK, alpha/Lambda of the GAPPED block, beta, query_length, db_length, N), eff_searchsp = (db_length - N*la) * (query_length - la) in Int8. LOSAT uses db_len_total/db_num_seqs of the subject file and the per-context gapped block (search_karlin). seqsrc_multiseq.cpp:293-297 returns the sum of lengths (not 0), so per-subject recomputation (blast_engine.c:1434) never runs. compute_eff_lengths_subject_mode_blastn (single-subject variant, N=1) is not used by the search path.  Oracle check: a statement-level Python port of the Rust code gave the same Lambda/K/H (3 digits, ungapped and gapped) and the same effective search space (exact) as blastn 2.17.0 on 444 random cases (task blastn/megablast, all twelve pairs and gcd multiples, table / linear / beyond-table gap costs, ACGT/N/IUPAC/skewed/lowercase queries, 1-3 subjects).	-	
C-018	C	src/algo/blast/core/blast_setup.c	784-846	BLAST_CalcEffLengths	invalid context or query_length <= 0: eff_searchsp = options search space (0), length_adjustment 0	algorithm/blastn/blast_engine/run.rs:6412(search_query_batch)	faithful	none	`if (!valid || options_searchsp != 0) return options_searchsp` in LOSAT matches; invalid contexts get no hits anyway (cutoff INT4_MAX).	-	
C-019	C	src/algo/blast/core/blast_setup.c	836-843	BLAST_CalcEffLengths	effective_db_length = db_length - N*la <= 0 -> 1; search space = effective_db_length * (query_length - la)	algorithm/blastn/blast_engine/run.rs:6435(search_query_batch); algorithm/blastn/ncbi_cutoffs.rs:173(compute_eff_lengths_subject_mode_blastn)	faithful	none	`.max(1)` on the db part matches. LOSAT also applies `.max(1)` to (query_len - la); NCBI has no such clamp but la <= ell_max < query_length so the clamp never fires. i64 arithmetic = Int8.	-	
C-020	C	src/algo/blast/core/blast_setup.c	729-731	BLAST_CalcEffLengths	db_length == 0 and no search space override -> return 0 without computing	-	n/a	none	Not reached: db_length is the subject total (>0 for non-empty subjects; empty subjects rejected by input.rs:check_records_have_residues) and no in-scope option overrides it.	-	
C-021	C	src/algo/blast/core/blast_setup.c	796-812	BLAST_CalcEffLengths	reward == 0 && penalty == 0: alpha/beta from default BLAST_REWARD/PENALTY	algorithm/blastn/scoring.rs:125(check_losat_limits)	rejected	low	rmblastn-style 0/0 scoring rejected before the batch is set up (same as the Blast_ScoreBlkKbpGappedCalc 0/0 row).	K-mode	
C-022	C	src/algo/blast/core/blast_setup.c	887-999	BLAST_GapAlignSetUp	MultiSeq subject set: TotLenStats/NumSeqsStats are 0 so total_length = GetTotLen, num_seqs = GetNumSeqs; eff lengths, scoring/extension/hit-saving parameters created in this order	algorithm/blastn/blast_engine/run.rs:6412(search_query_batch); algorithm/blastn/blast_engine/run.rs:6733(search_query_batch)	faithful	none	sbp->gbp is NULL for blastn so min_subject_length = (Int4)(total_length/num_seqs) stored in a Uint4 (only feeds BlastHitSavingParametersNew, unused by blastn). BLAST_CalcEffLengths result and Extension/HitSaving parameters are what LOSAT recomputes in the batch setup (see the rows of those functions).	-	
C-023	C	src/algo/blast/core/blast_setup.c	975-980	BLAST_GapAlignSetUp	min_subject_length <= 0 -> BLASTERR_SUBJECT_LENGTH_INVALID	algorithm/blastn/input.rs:check_records_have_residues	rejected	low	Needs total_length/num_seqs == 0, i.e. an empty subject record; LOSAT rejects records without residues up front (`has no residues ... not supported`). With every subject non-empty total >= num_seqs so the branch cannot fire.	K-fasta	
C-024	C	src/algo/blast/core/blast_setup.c	887-999	BLAST_GapAlignSetUp	-num_threads > 1: SThreadLocalDataArraySetup calls it once per traceback thread with the shared query_info/sbp	-	n/a	none	Same inputs give the same eff lengths/cutoffs (it rewrites identical values into the shared contexts); no output effect. Thread scheduling is range E.	-	
C-025	C	src/algo/blast/core/blast_setup.c	1001-1027	BLAST_OneSubjectUpdateParameters	db_length == 0 path of blast_engine.c:1434 / blast_traceback.c:1614 (per-subject recomputation)	-	n/a	none	Not executed: BlastSeqSrcGetTotLen of the MultiSeq source is the sum of lengths (> 0) and the BL2SEQ_LEGACY-style variable is unset (E1 review item E1-4 keeps the env var rejected).	-	
C-026	C	src/algo/blast/core/blast_setup.c	1029-1062	BlastSeqLoc_RestrictToInterval	called from SetupQueries_OMF for each query that has masks (from=0, to=len-1 of the whole-sequence query loc)	-	n/a	none	Masks of an unsplit whole-sequence query already lie inside [0,len-1], so left = MAX(0,left-0) and right = MIN(right,to)-0 change nothing (and (0,0) returns early for length-1 queries). The restriction only matters for split chunks (algorithm/blastn/query_split.rs:482(restrict_masks), range B).	-	
C-027	C	src/algo/blast/core/blast_parameters.c	43-51	s_BlastKarlinBlkIsValid	Lambda > 0 && K > 0 && H > 0	algorithm/blastn/blast_engine/run.rs:6339(search_query_batch)	faithful	none	LOSAT represents an invalid context as None (context_valid); a valid context always has positive Lambda/K/H (table rows, or a successful ungapped calc), so the predicate is equivalent.	-	
C-028	C	src/algo/blast/core/blast_parameters.c	62-83	s_BlastFindValidKarlinBlk	BlastInitialWordParametersNew/ExtensionParametersNew: no valid block -> BLASTERR_NOVALIDKARLINALTSCHUL	algorithm/blastn/blast_engine/run.rs:6339(search_query_batch)	faithful	none	Reached only with no valid context; NCBI then does not search (CheckInternalData) and LOSAT does not search either (any_valid_context).	-	
C-029	C	src/algo/blast/core/blast_parameters.c	91-116	s_BlastFindSmallestLambda	minimum Lambda over the valid gapped blocks of the batch (strict `>` compare, start INT4_MAX)	algorithm/blastn/scoring.rs:363(gap_x_dropoffs)	faithful	none	`.flatten().map(gapped.lambda).reduce(f64::min)` over valid contexts of the batch gives the same minimum; for table gap costs all contexts share the row Lambda, for the ungapped-copy case it is the smallest per-context ungapped Lambda of the batch (per batch because search_query_batch runs per NCBI query batch).	-	
C-030	C	src/algo/blast/core/blast_parameters.c	133-156	s_GetCutoffEvalue	blastn: CUTOFF_E_BLASTN 0.05	algorithm/blastn/ncbi_cutoffs.rs:28(CUTOFF_E_BLASTN)	n/a	none	Only used in the !gapped_calculation / matrix_only branch of BlastInitialWordParametersUpdate, which the in-scope gapped blastn never takes (-ungapped is out of scope).	-	
C-031	C	src/algo/blast/core/blast_parameters.c	201-224	BlastInitialWordParametersNew	blastn task: x_dropoff_init = (Int4)(scale_factor*ceil(20*LN2/Lambda_ungapped)) per valid context	algorithm/blastn/blast_engine/run.rs:6781(search_query_batch)	faithful	none	kbp = sbp->kbp[context] is the context ungapped block; LOSAT uses ContextKarlin.ungapped.lambda, X_DROP_UNGAPPED 20 (BLAST_UNGAPPED_X_DROPOFF_NUCL via SetInitialWordOptionsDefaults for -task blastn), `.ceil() as i32` (values are small so no INT_MIN/saturation difference), scale_factor 1.	-	
C-032	C	src/algo/blast/core/blast_parameters.c	201-224	BlastInitialWordParametersNew	megablast task (default): word_options->x_dropoff is the zero-initialized option -> x_dropoff_init = 0, so BlastInitialWordParametersUpdate sets x_dropoff = new_cutoff	algorithm/blastn/blast_engine/run.rs:6781(search_query_batch)	faithful	none	SetMBInitialWordOptionsDefaults only sets the window size (blast_nucl_options.cpp:151-155); ceil(0*LN2/Lambda) = 0. LOSAT hard-codes 0 for megablast and takes x_dropoff = cutoff in the update loop.	-	
C-033	C	src/algo/blast/core/blast_parameters.c	225-232	BlastInitialWordParametersNew	container_type: nucleotide and last_context.query_offset + query_length > 8000 -> eDiagHash else eDiagArray	algorithm/blastn/blast_engine/run.rs:7239(search_query_batch)	faithful	none	LOSAT use_diag_hash = query_concat_length > 8000 with query_concat_length = offset of the last minus context + its length (2L+1 per query, +1 separators), identical to NCBI. LOSAT also uses its hash table for several short queries (total <= 8000) where NCBI uses the diagonal array: whether that is output-equivalent is judged in the blast_extend.c rows of range E, not here.	-	
C-034	C	src/algo/blast/core/blast_parameters.c	236-259	BlastInitialWordParametersNew	blastn: nucl_score_table of 256 four-base mismatch/match combinations	algorithm/blastn/extension.rs:42(build_nucl_score_table)	faithful	none	Same loop and bit tests on i (i&3, (i>>2)&3, (i>>4)&3, i>>6) summing reward/penalty in Int4.	-	
C-035	C	src/algo/blast/core/blast_parameters.c	208-217,269-274	BlastInitialWordParametersNew	matrix_only_scoring (reward 0 / penalty 0): x_dropoff_init = word_options->x_dropoff, matrix_only_scoring TRUE	algorithm/blastn/scoring.rs:125(check_losat_limits)	rejected	low	Unreachable because LOSAT rejects reward <= 0 (0/0 is rmblastn matrix scoring).	K-mode	
C-036	C	src/algo/blast/core/blast_parameters.c	279-419	BlastInitialWordParametersUpdate	blastn gapped: gap_trigger = (Int4)((27*LN2 + logK_ungapped)/Lambda_ungapped); new_cutoff = MIN(gap_trigger*(Int4)scale, cutoff_score_max); x_dropoff = x_dropoff_init or new_cutoff when init == 0; reduced_nucl_cutoff_score = (Int4)(0.8*new_cutoff)	algorithm/blastn/ncbi_cutoffs.rs:49(gap_trigger_raw_score); algorithm/blastn/ncbi_cutoffs.rs:138(cutoff_score_for_ungapped_extension); algorithm/blastn/blast_engine/run.rs:7045(search_query_batch)	faithful	none	kOptions->gap_trigger is 27.0 for both tasks (SetGapTrigger(BLAST_GAP_TRIGGER_NUCL)); logK uses ln(K) of the same stored K; `(x) as i32` truncates toward zero like (Int4) for the small values involved; reduced cutoff `(0.8*cutoff as f64) as i32` matches. LOSAT recomputes these per subject with the same inputs (NCBI would update only when db_length == 0, which does not happen for bl2seq).	-	
C-037	C	src/algo/blast/core/blast_parameters.c	324-332	BlastInitialWordParametersUpdate	invalid context: cutoff_score = INT4_MAX, x_dropoff and reduced cutoff stay 0	algorithm/blastn/blast_engine/run.rs:7027(search_query_batch)	faithful	none	LOSAT pushes i32::MAX cutoffs, 0 x_drop and 0 reduced cutoff for contexts that are not valid, so no hit is kept for them.	-	
C-038	C	src/algo/blast/core/blast_parameters.c	415-416	BlastInitialWordParametersUpdate	cutoff_score_min / x_dropoff_max stored for the whole parameter block	-	n/a	none	Only read by blast_engine.c:946-952 (return_cutoffs for the progress/diagnostic interface) and by link-HSP code that blastn does not use; LOSAT keeps per-context values.	-	
C-039	C	src/algo/blast/core/blast_parameters.c	422-490	BlastExtensionParametersNew	gapped blastn: gap_x_dropoff = (Int4)(gap_x_dropoff*LN2/min_lambda), gap_x_dropoff_final = (Int4)MAX(final*LN2/min_lambda, gap_x_dropoff); scale_factor 1	algorithm/blastn/scoring.rs:363(gap_x_dropoffs); algorithm/blastn/blast_engine/run.rs:6733(search_query_batch)	faithful	none	Options 30 (blastn) / 25 (megablast greedy) and 100 final are set in coordination.rs:268-277 (BLAST_GAP_X_DROPOFF_NUCL/GREEDY, FINAL_NUCL). LOSAT truncates `(bits*LN2/min_lambda) as i32` and takes max(final, gapped) as f64 before truncation like the C MAX of a double and an Int4. Smallest table Lambda is about 0.146 (5/-4) or Lambda/gcd for scaled pairs, so the quotient fits Int4.	-	
C-040	C	src/algo/blast/core/blast_parameters.c	472-483	BlastExtensionParametersNew	matrix_only_scoring: raw options used as x-drops	algorithm/blastn/scoring.rs:125(check_losat_limits)	rejected	low	Unreachable (reward <= 0 rejected).	K-mode	
C-041	C	src/algo/blast/core/blast_parameters.c	541-565	BlastScoringParametersNew	copy reward, penalty, gap_open, gap_extend (scale_factor 1)	algorithm/blastn/coordination.rs:220(determine_scoring_params)	faithful	none	Reward/penalty are Int2 in the options; determine_scoring_params wraps them through i16 before any check or use; gap costs are Int4. Scale factor 1 so no multiplication.	-	
C-042	C	src/algo/blast/core/blast_parameters.c	578-587	BlastEffectiveLengthsParametersNew	stores db length and number of sequences	algorithm/blastn/blast_engine/run.rs:6401(search_query_batch)	n/a	none	Pure bookkeeping; the values themselves are covered by the BLAST_CalcEffLengths rows.	-	
C-043	C	src/algo/blast/core/blast_parameters.c	624-646	BlastLinkHSPParametersUpdate	hit_params->link_hsp_params NULL (do_sum_stats FALSE for gapped blastn) -> return 0	-	n/a	none	BlastHitSavingOptionsNew sets do_sum_stats FALSE for a gapped nucleotide search, so BlastLinkHSPParametersNew is never called and the update is a no-op; CalculateLinkHSPCutoffs requires a non-nucleotide program.	-	
C-044	C	src/algo/blast/core/blast_parameters.c	733-828	BlastHitSavingParametersNew	gapped blastn: cutoffs allocated per context, do_sum_stats FALSE (no link params), low_score_perc 0 -> low_score NULL, mask_level 101	-	n/a	none	Allocation and defaults only; then BlastHitSavingParametersUpdate (next rows). avg_subj_length is only used with do_sum_stats or Spouge statistics.	-	
C-045	C	src/algo/blast/core/blast_parameters.c	830-994	BlastHitSavingParametersUpdate	blastn gapped, options->cutoff_score == 0: cutoff_score(_max) = BLAST_Cutoffs(expect_value, kbp_gap[context], eff_searchsp of the context, dodecay FALSE), then *scale_factor; cutoff_score_min = min over valid contexts	algorithm/blastn/ncbi_cutoffs.rs:74(cutoff_score_max_from_evalue); algorithm/blastn/blast_engine/run.rs:7035(search_query_batch)	faithful	none	LOSAT passes args.evalue, the per-context eff_searchsp and ContextKarlin.gapped. Same BLAST_Cutoffs arithmetic (see BLAST_Cutoffs/BlastKarlinEtoS_simple rows); the final hit-saving cutoff is the value used for the gapped score cutoff in the engine. The link-HSP cutoff block (line 951) needs link_hsp_params and is skipped.	-	
C-046	C	src/algo/blast/core/blast_parameters.c	868,933,943	BlastHitSavingParametersUpdate	prelim_evalue = options->expect_value (no composition-based statistics)	algorithm/blastn/blast_engine/run.rs:10441(search_query_batch)	faithful	none	prelim_evalue is assigned before BLAST_Cutoffs (which rewrites only its local evalue copy), so it stays the user value; LOSAT passes args.evalue to the preliminary e-value reaping (range E rows).	-	
C-047	C	src/algo/blast/core/blast_parameters.c	324-332,926-929	BlastHitSavingParametersUpdate	invalid context: cutoff_score = INT4_MAX	algorithm/blastn/blast_engine/run.rs:7027(search_query_batch)	faithful	none	`hit_saving_cutoff_scores.push(i32::MAX)` for invalid contexts.	-	
C-048	C	src/algo/blast/core/blast_parameters.c	876-891	BlastHitSavingParametersUpdate	options->cutoff_score > 0 (user cutoff)	-	n/a	none	Unreachable: no in-scope option sets BlastHitSavingOptions.cutoff_score (default 0).	-	
C-049	C	src/algo/blast/core/blast_stat.c	883-936	BlastScoreBlkNew	blastn: alphabet BLASTNA, 16 symbols, contexts = last_context+1; gbp created unless OLD_FSC is set	-	n/a	none	Allocation and defaults (scale_factor 1.0). The Gumbel block is freed again for blastn in BlastSetup_ScoreBlkInit, so the OLD_FSC environment variable has no effect on blastn output.	-	
C-050	C	src/algo/blast/core/blast_stat.c	964-1003	BlastScoreBlkFree	-	-	n/a	none	Deallocation only.	-	
C-051	C	src/algo/blast/core/blast_stat.c	1011-1050	BLAST_ScoreSetAmbigRes	"blastn: N -> blastna 14 and ""-"" -> blastna 15 recorded as ambiguous residues"	algorithm/blastn/pairwise.rs:302(query_ungapped_karlin)	faithful	none	"IUPACNA_TO_BLASTNA[N] = 14, [""-""] = 15; LOSAT hard-codes BLASTNA_N = 14 and BLASTNA_GAP = 15 and zeroes both counts. Other IUPAC codes (R, Y, K, M, S, W, B, D, H, V) stay counted, as in NCBI."	-	
C-052	C	src/algo/blast/core/blast_stat.c	1060-1130	BlastScoreBlkNuclMatrixCreate	blastn reward/penalty matrix over 16 blastna symbols: degeneracy of ambiguity codes, rounded average score BLAST_Nint(((d-1)*penalty+reward)/d), mismatch = penalty, symmetric fill, row/column 15 = INT4_MIN/2	algorithm/blastn/alignment/gapped.rs:48(build_blastna_matrix)	faithful	none	Same degeneracy from BLASTNA_TO_NCBI4NA (table compared entry by entry), same loop over index2 >= index1 using degeneracy[index2], same rounding (half away from zero via blast_nint), same sentinel row/column. Integer width: (degen-1)*penalty+reward fits i32.	-	
C-053	C	src/algo/blast/core/blast_stat.c	1499-1530	BlastScoreBlkMaxScoreSet	loscore/hiscore over the 16x16 matrix, ignoring entries <= INT2_MIN or >= INT2_MAX (the INT4_MIN/2 sentinels)	algorithm/blastn/pairwise.rs:302(query_ungapped_karlin)	faithful	none	LOSAT passes min(penalty,reward) and max(reward,penalty) as the score range of the profile. With penalty < 0 < reward (checked earlier) and every ambiguity entry a rounded average between them, the matrix minimum is penalty and the maximum reward. Pairs whose entries would reach INT2 limits have range > 3000 and are rejected (check_losat_limits).	-	
C-054	C	src/algo/blast/core/blast_stat.c	1598-1686	Blast_ScoreBlkMatrixFill	blastn without a matrix file (read_in_matrix FALSE): BlastScoreBlkNuclMatrixCreate then BlastScoreBlkMaxScoreSet	algorithm/blastn/alignment/gapped.rs:48(build_blastna_matrix)	faithful	none	scoring_options->matrix is NULL for blastn (SetMatrixName(NULL)), so the matrix-file branch and its error returns are not reachable.	-	
C-055	C	src/algo/blast/core/blast_stat.c	1688-1730	Blast_ResFreqNew	-	-	n/a	none	Allocation of the probability array (alphabet_size doubles). Blast_ResFreqFree, BlastResCompNew and BlastResCompDestruct are likewise allocation/free only.	-	
C-056	C	src/algo/blast/core/blast_stat.c	1834-1860	Blast_ResFreqNormalize	norm 1.0 over the 4 standard nucleotides: p = 25.0/100 = 0.25 exactly	algorithm/blastn/pairwise.rs:302(query_ungapped_karlin)	faithful	none	sum of the four 25.00 entries is 100.0, each prob becomes 25.0/100.0*1.0 = 0.25 exactly; LOSAT multiplies by the literal 0.25, bit-identical.	-	
C-057	C	src/algo/blast/core/blast_stat.c	1886-1917	Blast_ResFreqStdComp	nucleotide alphabet: prob[0..3] = nt_prob (25% each), others 0, then normalised	algorithm/blastn/pairwise.rs:302(query_ungapped_karlin)	faithful	none	Only blastna indices 0-3 get probability, so ambiguity codes of the query pair with zero subject probability; LOSAT iterates `base in 0..4` only.	-	
C-058	C	src/algo/blast/core/blast_stat.c	1983-2016	BlastResCompStr	counts `*lp & 0x0f` (mask 0x0f for the nucleotide alphabet) over the context bytes, then zeroes the recorded ambiguous residues	algorithm/blastn/pairwise.rs:302(query_ungapped_karlin)	faithful	none	Context bytes are the unmasked blastna query (mask_at_hash TRUE) or its reverse complement; LOSAT encodes the uppercased context with IUPACNA_TO_BLASTNA and counts code & 0x0f, zeroing 14 and 15. Lowercase letters are the same bases (NCBI reads soft-masked letters as masks, not as different residues).	-	
C-059	C	src/algo/blast/core/blast_stat.c	2023-2034	Blast_ResFreqClr	-	algorithm/blastn/pairwise.rs:302(query_ungapped_karlin)	faithful	none	Used only through Blast_ResFreqResComp when the counted total is 0 (all residues N or gap); see that row.	-	
C-060	C	src/algo/blast/core/blast_stat.c	2043-2070	Blast_ResFreqResComp	sum of counts > 0: prob = comp/sum; sum == 0: all probabilities cleared	algorithm/blastn/pairwise.rs:302(query_ungapped_karlin)	faithful	none	sum is a double of integer counts. With sum == 0 NCBI leaves all-zero probabilities, BlastScoreFreqCalc then has obs_min/obs_max = INT2_MIN and score_avg 0, so Blast_KarlinLambdaNR returns -1 and the context becomes invalid; LOSAT returns None at the same point (query made only of N), same outcome.	-	
C-061	C	src/algo/blast/core/blast_stat.c	2077-2091	Blast_ResFreqString	-	algorithm/blastn/pairwise.rs:302(query_ungapped_karlin)	faithful	none	Wrapper over BlastResCompStr and Blast_ResFreqResComp.	-	
C-062	C	src/algo/blast/core/blast_stat.c	2099-2110	BlastScoreChk	lo >= 0 || hi <= 0 || lo < BLAST_SCORE_MIN || hi > BLAST_SCORE_MAX; hi - lo > BLAST_SCORE_RANGE_MAX (65535)	stats/karlin_calc.rs:405(blast_score_chk)	faithful	none	Same conditions and constants (INT2 limits, RANGE_MAX = MAX - MIN = 65535). All-N queries reach it through obs_min = obs_max = INT2_MIN (lo >= 0 false, hi <= 0 true).	-	
C-063	C	src/algo/blast/core/blast_stat.c	2112-2140	Blast_ScoreFreqNew	BlastScoreChk(loscore, hiscore) fails -> NULL	stats/karlin_calc.rs:187(ScoreFreqProfile::new)	n/a	none	NCBI returns NULL only for lo >= 0, hi <= 0 or out-of-INT2 / range > 65535 scores. For reward > 0 > penalty after the 16-bit wrap it never fails; LOSAT additionally rejects range > 3000 (see the Blast_KarlinBlkUngappedCalc rejected row).	-	
C-064	C	src/algo/blast/core/blast_stat.c	2150-2210	BlastScoreFreqCalc	blastn: sprob[score] += prob_query[i1]*prob_subject[i2] over the 16x16 matrix (score >= loscore), obs_min/obs_max, normalise by score_sum, score_avg	stats/karlin_calc.rs:248(score_freq_profile_from_probabilities); algorithm/blastn/pairwise.rs:302(query_ungapped_karlin)	faithful	none	Accumulation order is query residue ascending then subject base ascending, adding only non-zero products (NCBI adds zero products for subject symbols 4..15 and the sentinel row/column fails `score >= loscore`), so every sprob sum is the same sequence of double additions; normalisation divides each entry in [obs_min,obs_max] by score_sum and accumulates score*prob in the same order. If nothing is positive LOSAT obs_min/obs_max = 0 where NCBI keeps INT2_MIN; both fail in Blast_KarlinLambdaNR (score_avg 0 >= 0).	-	
C-065	C	src/algo/blast/core/blast_stat.c	2334-2418	BlastKarlinLHtoK	general case (low != -1 and high != 1): gcd divisor of the scores, dynamic program over alignment score probabilities (sumlimit 1e-4, at most 100 iterations), Horner sums, K = -exp(-2*outerSum)/(H/lambda * expm1(-lambda))	stats/karlin_calc.rs:615(compute_k_from_lambda_h)	faithful	none	Pointer walks of the C DP are translated index for index (first/last decrement rules, `ptrP - array <= range`, Horner order), divisor loop identical to Blast_KarlinLambdaNR, lambda scaled by divisor before H/lambda and exp(-lambda). LOSAT additionally turns K <= 0 into a calculation failure where NCBI only fails for K < 0 (K == 0 or NaN cannot occur: outerSum is a short sum of small terms).  Oracle check: see Blast_ScoreBlkKbpUngappedCalc (444 oracle comparisons of Lambda/K/H).	-	
C-066	C	src/algo/blast/core/blast_stat.c	2319-2333	BlastKarlinLHtoK	low == -1 && high == 1 closed form; low == -1 or high == 1 closed forms	stats/karlin_calc.rs:615(compute_k_from_lambda_h)	faithful	none	K = (p_low - p_high)^2/p_low and firstTerm*(1-exp(-lambda)) (with the score_avg^2/firstTerm variant when high != 1) written as in C, using divisor-scaled lambda. Reachable e.g. for 1/-1 scoring.	-	
C-067	C	src/algo/blast/core/blast_stat.c	2490-2563	NlmKarlinLambdaNR	safeguarded Newton/bisection on x = exp(-lambda): itmax 20, maxNewton 37, tolerance 1e-5, start 0.5	stats/karlin_calc.rs:467(nlm_karlin_lambda_nr)	faithful	none	Horner evaluation of f and g, bracket [a,b] updates, bisection triggers (k >= maxNewton, previous Newton step not shrinking |f| by 0.9, g >= 0), convergence tests and the `-log(x)/d` return are the same operations in the same order; the iteration count `*itn` is not used.	-	
C-068	C	src/algo/blast/core/blast_stat.c	2566-2598	Blast_KarlinLambdaNR	score_avg >= 0 -> -1; BlastScoreChk fail -> -1; gcd d of scores with non-zero probability	stats/karlin_calc.rs:549(compute_lambda_nr)	faithful	none	Same checks, same gcd loop with early exit at d == 1, same constants (BLAST_KARLIN_LAMBDA_ACCURACY_DEFAULT 1e-5, LAMBDA_ITER_DEFAULT 17, itmax 20).	-	
C-069	C	src/algo/blast/core/blast_stat.c	2606-2633	BlastKarlinLtoH	H = lambda*sum/BLAST_Powi(exp(-lambda), high); underflow branch lambda*exp(lambda*high+log(sum))	stats/karlin_calc.rs:585(compute_h_from_lambda)	faithful	none	Same Horner-like accumulation `sum = score*p + etonlam*sum` and the same underflow branch.	-	
C-070	C	src/algo/blast/core/blast_stat.c	2698-2734	Blast_KarlinBlkUngappedCalc	Lambda, H, K, logK from the score frequencies; any failure sets Lambda=H=K=-1	stats/karlin_calc.rs:752(compute_karlin_params_ungapped); algorithm/blastn/pairwise.rs:302(query_ungapped_karlin)	faithful	none	Failure -> `None` (context invalid). logK is recomputed as ln(K) where used; LOSAT KarlinParams carries no logK but every use computes k.ln() from the same K (same f64 libm log).	-	
C-071	C	src/algo/blast/core/blast_stat.c	2698-2734	Blast_KarlinBlkUngappedCalc	score range reward - penalty > 3000 (reward <= 32767, penalty < 0)	algorithm/blastn/scoring.rs:125(check_losat_limits)	rejected	low	`reward {} and penalty {} span more than 3000 score units, which is not supported by LOSAT` (comparison with NCBI covered pairs up to 1000/-2000 only). NCBI accepts ranges up to 65535.	V1	rejection removed after 82e8c7593 except reward 32767 / penalty -32768 (BlastScoreBlkMaxScoreSet leaves BLAST_SCORE_MAX/MIN out of the range: a reward of 32767 is counted outside the frequency array and can crash NCBI, a penalty of -32768 makes every query invalid); sweep e2g-v1-sweep: 512 compared, 448 identical, the 64 others reward 32767 or megablast gap costs above 32767 (K-limit); fixtures scores.*
C-072	C	src/algo/blast/core/blast_stat.c	2736-2829	Blast_ScoreBlkKbpUngappedCalc	blastn, valid context: composition of the context, sfp, kbp_std; kbp_psi computed again but identical	algorithm/blastn/scoring.rs:284(context_ungapped_blocks); algorithm/blastn/pairwise.rs:302(query_ungapped_karlin)	faithful	none	One block per context (strand) from the context residues: plus strand as given, minus strand as reverse complement through the ncbi4na table, so the two blocks can differ in the last bits (same double additions in another residue order).  Oracle check: a statement-level Python port of the Rust code gave the same Lambda/K/H (3 digits, ungapped and gapped) and the same effective search space (exact) as blastn 2.17.0 on 444 random cases (task blastn/megablast, all twelve pairs and gcd multiples, table / linear / beyond-table gap costs, ACGT/N/IUPAC/skewed/lowercase queries, 1-3 subjects).	-	
C-073	C	src/algo/blast/core/blast_stat.c	2783-2791	Blast_ScoreBlkKbpUngappedCalc	block cannot be computed (all residues N, or no positive score / non-negative mean): context marked invalid, warning kBlastErrMsg_CantCalculateUngappedKAParams	algorithm/blastn/scoring.rs:284(context_ungapped_blocks); report/query_warnings.rs:53(invalid_query_warning); algorithm/blastn/blast_engine/run.rs:4833(post_process_hits_and_write)	faithful	none	One message per invalid context (two per query), de-duplicated by TSearchMessages::RemoveDuplicates, so one `Warning: [blastn] Query_N id: Could not calculate ... options ` line; LOSAT prints exactly one with the NCBI text, trailing space and 35-byte id shortening. Occurs for queries made only of ambiguity codes or whose all positive-scoring letters are absent.  Oracle check: blastn 2.17.0 and the Python port of query_ungapped_karlin agree on valid/invalid for 101 ambiguity-code queries (58 invalid; pools such as R/Y, S/W, B/D/H/V, N, mixtures; 9 scoring pairs); the warning text and exit status 0 were seen on the oracle.	-	
C-074	C	src/algo/blast/core/blast_stat.c	2811-2823	Blast_ScoreBlkKbpUngappedCalc	no valid context in the batch: status 1, valid_context FALSE	algorithm/blastn/blast_engine/run.rs:6339(search_query_batch)	faithful	none	See BlastSetup_ScoreBlkInit / BlastSetup_Validate rows: the status is overwritten, the batch is not searched.	-	
C-075	C	src/algo/blast/core/blast_stat.c	2796-2797	Blast_ScoreBlkKbpUngappedCalc	check_ideal (blastx/tblastx/rpstblastn only)	-	n/a	none	FALSE for blastn; kbp_ideal is never substituted.	-	
C-076	C	src/algo/blast/core/blast_stat.c	2831-2853	Blast_ScoreBlkKbpIdealCalc	ideal block from the standard composition, computed unconditionally	-	n/a	none	Result (and any failure, whose status is ignored) is only used for the translated programs.	-	
C-077	C	src/algo/blast/core/blast_stat.c	2860-2882	Blast_KarlinBlkNew	Blast_KarlinBlkCopy (Lambda, K, logK, H, paramC) used for gap costs above the table	algorithm/blastn/pairwise.rs:302(query_ungapped_karlin); stats/tables.rs:602(NuclValues::gapped)	faithful	none	The ungapped block of the context is copied into the gapped block (logK follows K); see Blast_KarlinBlkNuclGappedCalc.	-	
C-078	C	src/algo/blast/core/blast_stat.c	3150-3174	s_SplitArrayOf8	first row has gap open 0 and gap extension 0 -> linear (megablast) row split off, normal rows start at index 1	stats/tables.rs:468(NuclValues::new)	faithful	none	`split = table[0].gap_open == 0 && table[0].gap_extend == 0`, normal = rest, linear = first row. Tables without such a first row (3/-4, 1/-1, 3/-2, 5/-4) keep every row as normal.	-	
C-079	C	src/algo/blast/core/blast_stat.c	3185-3219	s_AdjustGapParametersByGcd	divisor > 1: gap open/extension of every row and of the linear row times divisor, Lambda (index 2) and alpha (index 5) divided by divisor, gap_*_max times divisor; K, H, beta unchanged	stats/tables.rs:468(NuclValues::new)	faithful	none	Same fields scaled (`adjust` closure; double division like C), maxima multiplied; beta and H deliberately not scaled in both. Reachable with `-reward 2 -penalty -4` etc.	-	
C-080	C	src/algo/blast/core/blast_stat.c	3237-3372	s_GetNuclValuesArray	divisor = BLAST_Gcd(reward,penalty) != 1: reward and penalty divided before choosing the table; error text uses the divided scores	stats/tables.rs:468(NuclValues::new)	faithful	none	"`blast_gcd(reward, penalty).max(1)`; message ""Substitution scores {divided reward} and {divided penalty} are not supported"". round_down is decided after dividing (4/-6 behaves like 2/-3)."	-	
C-081	C	src/algo/blast/core/blast_stat.c	3261-3267	s_GetNuclValuesArray	reward/penalty (after gcd) = 1/-5	stats/tables.rs:468(NuclValues::new)	faithful	none	Table blastn_values_1_5 compared value by value (gap open, extension, Lambda, K, H, alpha, beta) with tables.rs BLASTN_1_5: identical. gap_open_max/gap_extend_max = 3/3, round_down = FALSE, first row 0/0 is the linear (megablast) row.	-	
C-082	C	src/algo/blast/core/blast_stat.c	3268-3274	s_GetNuclValuesArray	reward/penalty (after gcd) = 1/-4	stats/tables.rs:468(NuclValues::new)	faithful	none	Table blastn_values_1_4 compared value by value (gap open, extension, Lambda, K, H, alpha, beta) with tables.rs BLASTN_1_4: identical. gap_open_max/gap_extend_max = 2/2, round_down = FALSE, first row 0/0 is the linear (megablast) row.	-	
C-083	C	src/algo/blast/core/blast_stat.c	3275-3282	s_GetNuclValuesArray	reward/penalty (after gcd) = 2/-7	stats/tables.rs:468(NuclValues::new)	faithful	none	Table blastn_values_2_7 compared value by value (gap open, extension, Lambda, K, H, alpha, beta) with tables.rs BLASTN_2_7: identical. gap_open_max/gap_extend_max = 4/4, round_down = TRUE, first row 0/0 is the linear (megablast) row.	-	
C-084	C	src/algo/blast/core/blast_stat.c	3283-3289	s_GetNuclValuesArray	reward/penalty (after gcd) = 1/-3	stats/tables.rs:468(NuclValues::new)	faithful	none	Table blastn_values_1_3 compared value by value (gap open, extension, Lambda, K, H, alpha, beta) with tables.rs BLASTN_1_3: identical. gap_open_max/gap_extend_max = 2/2, round_down = FALSE, first row 0/0 is the linear (megablast) row.	-	
C-085	C	src/algo/blast/core/blast_stat.c	3290-3297	s_GetNuclValuesArray	reward/penalty (after gcd) = 2/-5	stats/tables.rs:468(NuclValues::new)	faithful	none	Table blastn_values_2_5 compared value by value (gap open, extension, Lambda, K, H, alpha, beta) with tables.rs BLASTN_2_5: identical. gap_open_max/gap_extend_max = 4/4, round_down = TRUE, first row 0/0 is the linear (megablast) row.	-	
C-086	C	src/algo/blast/core/blast_stat.c	3298-3304	s_GetNuclValuesArray	reward/penalty (after gcd) = 1/-2	stats/tables.rs:468(NuclValues::new)	faithful	none	Table blastn_values_1_2 compared value by value (gap open, extension, Lambda, K, H, alpha, beta) with tables.rs BLASTN_1_2: identical. gap_open_max/gap_extend_max = 2/2, round_down = FALSE, first row 0/0 is the linear (megablast) row. Default -task megablast pair (linear row for gap 0/0).	-	
C-087	C	src/algo/blast/core/blast_stat.c	3305-3312	s_GetNuclValuesArray	reward/penalty (after gcd) = 2/-3	stats/tables.rs:468(NuclValues::new)	faithful	none	Table blastn_values_2_3 compared value by value (gap open, extension, Lambda, K, H, alpha, beta) with tables.rs BLASTN_2_3: identical. gap_open_max/gap_extend_max = 6/4, round_down = TRUE, first row 0/0 is the linear (megablast) row. Default -task blastn pair (gap 5/2 row).	-	
C-088	C	src/algo/blast/core/blast_stat.c	3313-3320	s_GetNuclValuesArray	reward/penalty (after gcd) = 3/-4	stats/tables.rs:468(NuclValues::new)	faithful	none	Table blastn_values_3_4 compared value by value (gap open, extension, Lambda, K, H, alpha, beta) with tables.rs BLASTN_3_4: identical. gap_open_max/gap_extend_max = 6/3, round_down = TRUE, no 0/0 row, so gap costs 0/0 find no table entry (error, or ungapped block when both maxima are 0).	-	
C-089	C	src/algo/blast/core/blast_stat.c	3321-3327	s_GetNuclValuesArray	reward/penalty (after gcd) = 1/-1	stats/tables.rs:468(NuclValues::new)	faithful	none	Table blastn_values_1_1 compared value by value (gap open, extension, Lambda, K, H, alpha, beta) with tables.rs BLASTN_1_1: identical. gap_open_max/gap_extend_max = 4/2, round_down = FALSE, no 0/0 row, so gap costs 0/0 find no table entry (error, or ungapped block when both maxima are 0).	-	
C-090	C	src/algo/blast/core/blast_stat.c	3328-3334	s_GetNuclValuesArray	reward/penalty (after gcd) = 3/-2	stats/tables.rs:468(NuclValues::new)	faithful	none	Table blastn_values_3_2 compared value by value (gap open, extension, Lambda, K, H, alpha, beta) with tables.rs BLASTN_3_2: identical. gap_open_max/gap_extend_max = 5/5, round_down = FALSE, no 0/0 row, so gap costs 0/0 find no table entry (error, or ungapped block when both maxima are 0).	-	
C-091	C	src/algo/blast/core/blast_stat.c	3335-3341	s_GetNuclValuesArray	reward/penalty (after gcd) = 4/-5	stats/tables.rs:468(NuclValues::new)	faithful	none	Table blastn_values_4_5 compared value by value (gap open, extension, Lambda, K, H, alpha, beta) with tables.rs BLASTN_4_5: identical. gap_open_max/gap_extend_max = 12/8, round_down = FALSE, first row 0/0 is the linear (megablast) row.	-	
C-092	C	src/algo/blast/core/blast_stat.c	3342-3348	s_GetNuclValuesArray	reward/penalty (after gcd) = 5/-4	stats/tables.rs:468(NuclValues::new)	faithful	none	Table blastn_values_5_4 compared value by value (gap open, extension, Lambda, K, H, alpha, beta) with tables.rs BLASTN_5_4: identical. gap_open_max/gap_extend_max = 25/10, round_down = FALSE, no 0/0 row, so gap costs 0/0 find no table entry (error, or ungapped block when both maxima are 0).	-	
C-093	C	src/algo/blast/core/blast_stat.c	3349-3357	s_GetNuclValuesArray	reward/penalty (after gcd) not one of the twelve pairs (e.g. 1/-6, 4/-1, 2/-1, 3/-3 -> 1/-1 is supported)	stats/tables.rs:468(NuclValues::new)	faithful	none	"status -1 plus ""Substitution scores %d and %d are not supported"" (divided scores); LOSAT returns the same Err string, raised only when a valid context exists (scoring.rs:context_blocks) and reported like the other Karlin table errors. The 16-bit (Int2) wrap of reward and penalty is applied first (determine_scoring_params)."	-	
C-094	C	src/algo/blast/core/blast_stat.c	3358-3371	s_GetNuclValuesArray	array_size decremented when the linear row was split; normal/non_affine copies made; s_AdjustGapParametersByGcd status propagated	stats/tables.rs:468(NuclValues::new)	faithful	none	`table[usize::from(split)..]` for the normal rows; no table has size <= 0 after the split so the `size <= 0 -> 1` error of the gcd adjustment cannot occur.	-	
C-095	C	src/algo/blast/core/blast_stat.c	3845-3947	Blast_KarlinBlkNuclGappedCalc	gap open == 0 && gap extend == 0 and a linear row exists: Lambda, K, logK = log(K), H from the linear row	stats/tables.rs:542(NuclValues::row); stats/tables.rs:602(NuclValues::gapped)	faithful	none	Default megablast (1/-2 gap 0/0). logK is log(K) of the table K; LOSAT uses ln(K) wherever logK is read.  Oracle check: a statement-level Python port of the Rust code gave the same Lambda/K/H (3 digits, ungapped and gapped) and the same effective search space (exact) as blastn 2.17.0 on 444 random cases (task blastn/megablast, all twelve pairs and gcd multiples, table / linear / beyond-table gap costs, ACGT/N/IUPAC/skewed/lowercase queries, 1-3 subjects).	-	
C-096	C	src/algo/blast/core/blast_stat.c	3894-3904	Blast_KarlinBlkNuclGappedCalc	gap costs equal to a normal table row (e.g. 5/2 for 2/-3)	stats/tables.rs:542(NuclValues::row)	faithful	none	Compares row gap costs (scaled by the divisor, doubles) with the user ints exactly; first match wins in table order as in C.	-	
C-097	C	src/algo/blast/core/blast_stat.c	3905-3909	Blast_KarlinBlkNuclGappedCalc	not in the table and gap_open >= gap_open_max && gap_extend >= gap_extend_max: copy the ungapped block of the context (Lambda, K, logK, H)	stats/tables.rs:602(NuclValues::gapped)	faithful	none	Per-context copy (the two strands may differ in the last bits). Alpha and beta for the length adjustment come from Blast_GetNuclAlphaBeta (ungapped alpha = Lambda/H, beta -2 only for the literal 1/-1 and 2/-3).  Oracle check: a statement-level Python port of the Rust code gave the same Lambda/K/H (3 digits, ungapped and gapped) and the same effective search space (exact) as blastn 2.17.0 on 444 random cases (task blastn/megablast, all twelve pairs and gcd multiples, table / linear / beyond-table gap costs, ACGT/N/IUPAC/skewed/lowercase queries, 1-3 subjects).	-	
C-098	C	src/algo/blast/core/blast_stat.c	3910-3939	Blast_KarlinBlkNuclGappedCalc	not in the table and below the maxima (or 0/0 without a linear row, e.g. 3/-4, 3/-2, 5/-4, 1/-1 megablast): error return with the list of supported gap costs	stats/tables.rs:542(NuclValues::row); algorithm/blastn/scoring.rs:226(karlin_error)	faithful	none	"Message ""Gap existence and extension values G and E are not supported for substitution scores R and P\n"" (given, undivided R and P), then ""o and e are supported existence and extension values\n"" per normal row (scaled values), the maxima line and ""Any values more stringent than ..."" exactly as LOSAT builds it; engine error exit 3. Negative or huge -gapopen/-gapextend take the same path.  Oracle check: for `-reward 3 -penalty -4 -gapopen 1 -gapextend 1` (and megablast 3/-4 with gap 0/0) blastn prints `BLAST engine error: Error: Gap existence and extension values ... are not supported for substitution scores 3 and -4\n` followed by the supported list and `Any values more stringent than 6 and 3 are supported\n `, exit 3, identical to the text LOSAT builds; `-reward 1 -penalty -6` gives `Substitution scores 1 and -6 are not supported `."	-	
C-099	C	src/algo/blast/core/blast_stat.c	3955-3963	s_GetUngappedBeta	beta = -2 only for the given (reward,penalty) 1/-1 or 2/-3, else 0	stats/tables.rs:378(ungapped_beta)	faithful	none	Uses the user reward/penalty, not the gcd-divided ones (2/-3 literal, so 4/-6 gets beta 0), as LOSAT does with spec.reward/spec.penalty.	-	
C-100	C	src/algo/blast/core/blast_stat.c	3965-4031	Blast_GetNuclAlphaBeta	gapped, gap 0/0 with linear row: alpha, beta of the linear row; gap costs in the table: row alpha, beta	stats/tables.rs:602(NuclValues::gapped)	faithful	none	alpha (index 5, already divided by the gcd divisor) and beta (index 6) of the row are returned with the gapped block (KarlinParams.alpha/.beta).	-	
C-101	C	src/algo/blast/core/blast_stat.c	4022-4026	Blast_GetNuclAlphaBeta	gap costs not found in the table (infinite domain): alpha = kbp->Lambda/kbp->H of the ungapped block, beta = s_GetUngappedBeta	stats/tables.rs:602(NuclValues::gapped)	faithful	none	kbp is sbp->kbp_std[index] (the context ungapped block), so alpha/Lambda in the length adjustment becomes (Lambda/H)/Lambda per context; LOSAT sets alpha = ungapped.lambda/ungapped.h in the gapped block of the context and divides by the (copied) lambda.	-	
C-102	C	src/algo/blast/core/blast_stat.c	4039-4063	BlastKarlinEtoS_simple	S = (Int4)ceil(log(K*searchsp/E)/Lambda) with E = MAX(E, 1e-297)	algorithm/blastn/ncbi_cutoffs.rs:74(cutoff_score_max_from_evalue)	faithful	none	K*searchsp in double (searchsp is Int8 converted), log, division by Lambda, ceil: same operation order. kSmallFloat 1.0e-297 identical.	-	
C-103	C	src/algo/blast/core/blast_stat.c	4059-4061	BlastKarlinEtoS_simple	e-value below 1e-297 (e.g. -evalue 1e-300): E clamped to 1e-297	algorithm/blastn/ncbi_cutoffs.rs:93(cutoff_score_max_from_evalue)	faithful	none	`evalue.max(K_SMALL_FLOAT)` inside the `evalue > 0` branch like the C MAX before the conversion.	-	
C-104	C	src/algo/blast/core/blast_stat.c	4061-4061	BlastKarlinEtoS_simple	(Int4) of an out-of-range or infinite double (K*searchsp/E overflows to inf for E = 1e-297 and K*searchsp > ~1.8e11) = INT_MIN on x86-64	core/blast_util.rs:261(ncbi_int4_from_double)	faithful	none	LOSAT maps NaN and out-of-Int4 values to INT_MIN (cvttsd2si behaviour); BLAST_Cutoffs then keeps its initial cutoff 1 because INT_MIN is not > 1. Rust `as` saturation is avoided here.	-	
C-105	C	src/algo/blast/core/blast_stat.c	4089-4150	BLAST_Cutoffs	dodecay FALSE (hit saving for gapped blastn): es = EtoS(E) when E > 0; S = larger of es and the initial cutoff 1; E recomputation (BLAST_KarlinStoE_simple) only writes back to the caller local	algorithm/blastn/ncbi_cutoffs.rs:74(cutoff_score_max_from_evalue)	faithful	none	`if es > s { s = es }` with s starting at 1; the E write-back and the gap-decay branch (dodecay TRUE, ungapped only) have no effect on any value LOSAT uses. -evalue <= 0 is rejected earlier by the option validation (`expect value or cutoff score must be greater than zero`).	-	
C-106	C	src/algo/blast/core/blast_stat.c	4078-4082	BLAST_GapDecayDivisor	called only when dodecay is TRUE	-	n/a	none	Not executed for gapped blastn (BLAST_Cutoffs is called with dodecay FALSE).	-	
C-107	C	src/algo/blast/core/blast_stat.c	4156-4171	BLAST_KarlinStoE_simple	E = (double)searchsp * exp((double)(-Lambda*S) + logK); -1 for negative Lambda/K/H	algorithm/blastn/blast_engine/run.rs:186(calculate_blastn_context_statistics)	faithful	none	Same expression: searchsp as f64 times exp(-lambda*score + ln K); the invalid-block branch returns -1.0 as in C. S is the raw score, or score & ~1 for the 2/-7, 2/-5, 2/-3, 3/-4 pairs (round_down), which LOSAT passes from NuclValues.round_down.	-	
C-108	C	src/algo/blast/core/blast_stat.c	5040-5127	BLAST_ComputeLengthAdjustment	iteration converged: la = (Int4)ell_min, then ceil(ell_min) accepted when <= ell_max and alpha_d_lambda*(logK+log(ss))+beta >= ell	stats/length_adjustment.rs:50(compute_length_adjustment_ncbi)	faithful	none	Same bracketing (ell_min/ell_max), first-iteration ell_next = ell_max, bisection fallback, kMaxIterations 20, ell_max by the quadratic formula 2c/(mb+sqrt(mb^2-4ac)), identical ceil check. alpha_d_lambda is alpha/Lambda of the gapped block; log K is ln(K) of the same K.  Oracle check: a statement-level Python port of the Rust code gave the same Lambda/K/H (3 digits, ungapped and gapped) and the same effective search space (exact) as blastn 2.17.0 on 444 random cases (task blastn/megablast, all twelve pairs and gcd multiples, table / linear / beyond-table gap costs, ACGT/N/IUPAC/skewed/lowercase queries, 1-3 subjects).	-	
C-109	C	src/algo/blast/core/blast_stat.c	5040-5127	BLAST_ComputeLengthAdjustment	not converged (20 iterations or ell_min == ell_max): la = (Int4)ell_min	stats/length_adjustment.rs:50(compute_length_adjustment_ncbi)	faithful	none	Same value used (`ell_min as i64`). LOSAT returns converged=false; BLAST_CalcEffLengths ignores the return in NCBI and LOSAT never reads the flag outside tests.	-	
C-110	C	src/algo/blast/core/blast_stat.c	5063-5075	BLAST_ComputeLengthAdjustment	c = n*m - MAX(m,n)/K < 0: la = 0, return 1	stats/length_adjustment.rs:50(compute_length_adjustment_ncbi)	faithful	none	la = 0 in both (LOSAT reports converged=true here, NCBI returns 1; unused). LOSAT also returns la 0 early for m <= 0, n <= 0, K <= 0 or Lambda <= 0, which NCBI never passes (valid context, non-empty subjects).	-	
C-111	C	src/algo/blast/core/ncbi_math.c	33-56	BLAST_Expm1	|x| > 0.33: exp(x)-1; |x| < 1e-16: x; else 13-term series	stats/karlin_calc.rs:417(blast_expm1)	faithful	none	Used once, in the final K of BlastKarlinLHtoK. Same thresholds, same nested coefficients 1/2 ... 1/6227020800 evaluated in the same order.	-	
C-112	C	src/algo/blast/core/ncbi_math.c	405-419	BLAST_Gcd	Euclid on (a, |b|) with swap when |b| > a	stats/karlin_calc.rs:386(blast_gcd); stats/tables.rs:353(blast_gcd)	faithful	none	Used for the reward/penalty divisor and the score divisor in lambda/K. Identical to the C loop in i32 (Int4); the arguments are positive/negative scores of at most 3000 in magnitude.	-	
C-113	C	src/algo/blast/core/ncbi_math.c	437-441	BLAST_Nint	x += (x >= 0 ? 0.5 : -0.5); return (long)x (round half away from zero)	algorithm/blastn/alignment/gapped.rs:38(blast_nint)	faithful	none	LOSAT truncates to i32 instead of long: the argument is a rounded average of reward and penalty (|x| <= 32768), so the width does not matter.	-	
C-114	C	src/algo/blast/core/ncbi_math.c	444-471	BLAST_Powi	square-and-multiply, x == 0 handling, negative n by reciprocal	stats/karlin_calc.rs:441(blast_powi)	faithful	none	Used once, scale = BLAST_Powi(exp(-lambda), high) in BlastKarlinLtoH. Same loop and special cases.	-	
C-115	C	src/algo/blast/core/blast_query_info.c	39-50	Blast_GetQueryIndexFromContext	blastn: context / NUM_STRANDS (2)	algorithm/blastn/blast_engine/run.rs:6040(search_query_batch)	faithful	none	LOSAT builds contexts as (query, plus), (query, minus) pairs, so query index = context/2 everywhere it is derived (q_idx/query_idx fields).	-	
C-116	C	src/algo/blast/core/blast_query_info.c	59-97	BlastQueryInfoNew	blastn: last_context = 2*num_queries-1, frames +1/-1, is_valid TRUE	algorithm/blastn/blast_engine/run.rs:6040(search_query_batch)	n/a	none	Bookkeeping of the context table; validity is later cleared by the Karlin step (context_valid in LOSAT).	-	
C-117	C	src/algo/blast/core/blast_query_info.c	163-181	BlastQueryInfoGetQueryLength	blastn: length of the plus context, or of the minus context when it is 0	-	n/a	none	Called from SetupQueries_OMF only to give s_AddMask the DNA length, which s_AddMask uses for translated programs; no effect for blastn.	-	
C-118	C	src/algo/blast/core/blast_query_info.c	219-243	BSearchContextInfo	context with the largest query_offset <= n, narrowed by min_length/max_length	algorithm/blastn/blast_engine/run.rs:3783(QueryContextIndex::context_for_offset)	faithful	none	equivalent: LOSAT uses a direct offset->context map for offsets inside a context, falling back to the same binary search. The map is only consulted with word start offsets of lookup hits (run.rs:7499, 8896), which always lie inside a context; offsets at the sentinel between strands (NCBI returns the previous context, na_ungapped.c:534 q_end) are not looked up through this function in LOSAT, those uses belong to range E rows.	-	
C-119	C	src/algo/blast/core/blast_query_info.c	245-250	QueryInfo_GetSeqBufLen	last context offset + length + 2 (or + 1 for an empty last context)	algorithm/blastn/blast_engine/run.rs:6092(search_query_batch)	n/a	none	Buffer size for the concatenated query with its sentinels; LOSAT sizes its own buffers in build_query_blastna_concat_buffers (query_concat_length is offset + length of the last context, as BlastInitialWordParametersNew uses it).	-	
C-120	C	src/algo/blast/core/blast_filter.c	436-606	BlastFilteringOptionsFromString	filter string parsing (L, D, m, R, W, S)	-	n/a	none	Not executed: BLAST_MainSetUp only calls it when filtering_options is NULL and a filter string is set; the handle always fills filtering_options and no in-scope option sets a filter string. DUST level/window/linker come from the -dust parser (value_parsers.rs:parse_dust_filtering) through SetDustFiltering*, not through this string.	-	
C-121	C	src/algo/blast/core/blast_filter.c	608-648	BlastSeqLocNew	list node allocation and append (BlastSeqLocAppend)	-	n/a	none	List bookkeeping; the node contents are covered by the BLAST_ComplementMaskLocations and BlastSeqLocCombine rows.	-	
C-122	C	src/algo/blast/core/blast_filter.c	705-724	BlastSeqLocListReverse	reverses the order of the mask list of a minus-strand context	algorithm/blastn/blast_engine/run.rs:3952(reverse_mask_intervals)	faithful	none	Combined with the interval transform in BLAST_ComplementMaskLocations: the plus-coordinate list (ascending) becomes ascending in minus coordinates; LOSAT sorts the reversed intervals by start, same order for disjoint masks.	-	
C-123	C	src/algo/blast/core/blast_filter.c	727-803	BlastSeqLocFree	node/mask-loc deallocation (BlastSeqLocNodeFree, BlastSeqLocFree, BlastMaskLocNew, BlastMaskLocFree)	-	n/a	none	Allocation and free only.	-	
C-124	C	src/algo/blast/core/blast_filter.c	971-1014	BlastSeqLocCombine	link_value 0: sort by left (qsort, comparator 0 for equal left), merge when (right + 0) > next.left	algorithm/blastn/coordination.rs:682(merge_mask_intervals)	faithful	none	equivalent on the path: the per-context lists reaching it are already sorted and disjoint (a single DUST list after the Seq_loc merge, lowercase runs separated by at least one letter, or the CSeq_loc fMerge_All union of both), so the NCBI merge/qsort tie-break never acts. LOSAT merges half-open intervals when start <= end (abutting and overlapping, the Seq_loc fMerge_All rule), which also gives the same result as the core call for such lists. For general inputs the two rules differ (the core does not merge abutting intervals or intervals that share one base), which these inputs cannot produce.	-	
C-125	C	src/algo/blast/core/blast_filter.c	1017-1118	BLAST_ComplementMaskLocations	context without mask: whole context (start_offset, end_offset) as one lookup segment	algorithm/blastn/lookup.rs:914(build_unmasked_ranges); algorithm/blastn/blast_engine/run.rs:3887(compute_lookup_query_stats)	faithful	none	build_unmasked_ranges returns (0, len) for no mask, ranges kept per context with the context offset added by the lookup builders.	-	
C-126	C	src/algo/blast/core/blast_filter.c	1066-1115	BLAST_ComplementMaskLocations	plus-strand context with masks: segments between masks, leading segment skipped when the first mask starts at the context start, trailing segment skipped when the last mask ends at the context end	algorithm/blastn/lookup.rs:914(build_unmasked_ranges)	faithful	none	Cursor walk over sorted masks gives the same segments (inclusive NCBI right = exclusive end - 1). One-base segments between masks two bases apart are kept in both.	-	
C-127	C	src/algo/blast/core/blast_filter.c	1066-1115	BLAST_ComplementMaskLocations	minus-strand context: BlastSeqLocListReverse then filter_start = end_offset - right, filter_end = end_offset - left	algorithm/blastn/blast_engine/run.rs:3952(reverse_mask_intervals); algorithm/blastn/lookup.rs:914(build_unmasked_ranges)	faithful	none	Query masks are stored in plus coordinates for both strands (strand-less DUST/lowercase masks apply to both); LOSAT reverses [start,end) to [len-end, len-start) for the minus context, equal to NCBI end_offset - right/left in context-relative terms.  Oracle check: with a lowercase window and -lcase_masking, a subject equal to the reverse complement of the masked window gives 0 hits (and 1 without the option), as does the forward copy: the strand-less mask applies to both strands.	-	
C-128	C	src/algo/blast/core/blast_filter.c	1081-1115	BLAST_ComplementMaskLocations	a mask covering the whole context: segment (end_offset+1, end_offset) with left > right is still appended	algorithm/blastn/blast_engine/run.rs:3887(compute_lookup_query_stats)	faithful	none	The empty segment only matters for approx_table_entries (right - left = -1) and max_q_off in lookup_util.c; LOSAT reproduces both (approx_entries -= 1, max_q_off = context end) and builds no words from it. Reached for e.g. a poly-A query with DUST on.	-	
C-129	C	src/algo/blast/core/blast_filter.c	1041-1043	BLAST_ComplementMaskLocations	invalid contexts skipped (no segment)	algorithm/blastn/blast_engine/run.rs:3887(compute_lookup_query_stats)	faithful	none	The complement runs before the ungapped blocks invalidate contexts, so for in-scope inputs every context takes part; LOSAT counts every context with letters, as its comment states.	-	
C-130	C	src/algo/blast/core/blast_filter.c	1122-1170	BlastSetUp_Filter	blastn: no SEG options and no read-quality options -> empty list, SBlastFilterOptionsValidate OK (dust options allowed for blastn)	-	n/a	none	DUST is not applied in the core: it runs earlier in the C++ layer (dust_filter.cpp) and arrives as lcase_mask. Nothing is returned here for blastn.	-	
C-131	C	src/algo/blast/core/blast_filter.c	1173-1179	BlastSeqLocReverse	applied to the (always empty) core filter list of a minus-strand context	-	n/a	none	filter_out is NULL for blastn, so the function body (which also has a left/right update order bug) never runs on a node.	-	
C-132	C	src/algo/blast/core/blast_filter.c	1192-1260	s_GetFilteringLocationsForOneContext	valid context: core filter (empty), then the query lowercase/DUST mask list of the context (query_blk->lcase_mask) appended, BlastSeqLocCombine(0)	algorithm/blastn/blast_engine/run.rs:6040(search_query_batch); algorithm/blastn/coordination.rs:922(query_masks)	faithful	none	The per-context lists come from SetupQueries_OMF (s_AddMask: plus context gets the plus-frame list, minus context the minus-frame list, both holding the same plus-coordinate intervals for strand-less masks). LOSAT stores plus masks as given and minus masks reversed (query_context_masks).	-	
C-133	C	src/algo/blast/core/blast_filter.c	1211-1213	s_GetFilteringLocationsForOneContext	invalid context at this point: return 0 without masks	-	n/a	none	No context is invalid when the masks are computed (the C++ query setup would have thrown for the batch).	-	
C-134	C	src/algo/blast/core/blast_filter.c	1262-1304	BlastSetUp_GetFilteringLocations	"loop over all contexts, failure -> ""Failure at filtering"""	algorithm/blastn/blast_engine/run.rs:6040(search_query_batch)	faithful	none	No failing path for blastn (empty core filtering).	-	
C-135	C	src/algo/blast/core/blast_filter.c	1307-1334	Blast_MaskTheResidues	overwrites masked residues with N (kNuclMask) in the query buffer	-	n/a	none	Only called by BlastSetUp_MaskQuery when mask_at_hash is FALSE; not executed (see the BLAST_MainSetUp mask_at_hash rows).	-	
C-136	C	src/algo/blast/core/blast_filter.c	1349-1406	BlastSetUp_MaskQuery	mask_at_hash FALSE: copy query to sequence_nomask and mask	-	n/a	none	Not executed on the in-scope path: mask_at_hash is TRUE, so the query block keeps unmasked residues and no nomask copy exists.	-	
C-137	C	src/algo/blast/api/blast_objmgr_tools.cpp	175-228	CBlastQuerySourceOM::x_CalculateMasks	nucleotide, not translated, GetDustFiltering() TRUE (default for -task blastn and megablast): Blast_FindDustFilterLoc(CBlastQueryVector, level, window, linker) on every query	algorithm/blastn/coordination.rs:922(query_masks); algorithm/blastn/coordination.rs:704(apply_dust_masking)	faithful	none	DUST runs on the queries only (the subject source is built without options, so x_CalculateMasks returns early for subjects). Default DUST is on for both tasks, so this is the default path; LOSAT masks every query with a fresh masker (fresh CRandom state, as NCBI creates one CSymDustMasker per query).	-	
C-138	C	src/algo/blast/api/blast_objmgr_tools.cpp	187-203	CBlastQuerySourceOM::x_CalculateMasks	-dust no: GetDustFiltering() FALSE, no DUST masks	algorithm/blastn/coordination.rs:704(apply_dust_masking)	faithful	none	args.dust.params() is None for `no`: empty mask per query (lowercase masks, if requested, are still used).	-	
C-139	C	src/algo/blast/api/blast_objmgr_tools.cpp	205-222	CBlastQuerySourceOM::x_CalculateMasks	repeat filtering database or window masker set	-	n/a	none	Not reachable: no in-scope option sets a filtering database, window masker taxid or database.	-	
C-140	C	src/algo/blast/api/dust_filter.cpp	164-187	Blast_FindDustFilterLoc	CBlastQueryVector overload: per query CSeqVector (eCoding_Iupac) of the whole query, masks = queries.GetMasks(i), s_CombineDustMasksWithUserProvidedMasks, then masks converted by PackedSeqLocToMaskedQueryRegions(blastn) (strand-less intervals apply to both strands) and stored	algorithm/blastn/coordination.rs:704(apply_dust_masking); algorithm/blastn/coordination.rs:922(query_masks)	faithful	none	LOSAT keeps one interval list per query (plus-strand coordinates) and reverses it for the minus context. `-dust yes` uses level 20, window 64, linker 1 (SDustOptionsNew defaults) = DustSpec::Yes params.	-	
C-141	C	src/algo/blast/api/dust_filter.cpp	164-187	Blast_FindDustFilterLoc	"custom -dust ""level window linker"" (three decimal ints; out-of-range values fall back to the masker defaults after the Uint4 conversion)"	blastinput/value_parsers.rs:92(parse_dust_filtering); utils/dust.rs:158(DustMasker::new)	faithful	none	`level as u32`, `window as u32 as usize`, `linker as u32 as usize` mirror static_cast<Uint4> of the int options (negative -> huge -> default); DustMasker::new applies level 2..64, window 8..64, linker 1..32 else 20/64/1, as the CSymDustMasker constructor does.	-	
C-142	C	src/algo/blast/api/dust_filter.cpp	92-144	s_CombineDustMasksWithUserProvidedMasks	DUST finds no interval: return with the user (lowercase) masks untouched and without merging	algorithm/blastn/coordination.rs:922(query_masks)	faithful	none	LOSAT extends the user masks with an empty DUST list only when DUST found something (`if !lcase.is_empty()` merge runs on dust+lcase; with DUST empty the lowercase runs are already disjoint, so the merge is the identity).	-	
C-143	C	src/algo/blast/api/dust_filter.cpp	104-130	s_CombineDustMasksWithUserProvidedMasks	DUST intervals found, no user masks: Merge(fStrand_Ignore|fMerge_All|fSort) of the DUST intervals	algorithm/blastn/coordination.rs:704(apply_dust_masking)	faithful	none	DUST output is sorted with gaps >= linker >= 1 base between intervals, so the abutting/overlapping merge changes nothing; LOSAT uses the list as produced. Mapping to the query through CSeq_loc_Mapper (whole -> same Seq-loc) is the identity.	-	
C-144	C	src/algo/blast/api/dust_filter.cpp	121-128	s_CombineDustMasksWithUserProvidedMasks	DUST intervals found and lowercase masks present (-lcase_masking): orig_query_mask->Add(dust, fStrand_Ignore|fMerge_All|fSort): union of both lists, abutting intervals merged, sorted, strand dropped	algorithm/blastn/coordination.rs:682(merge_mask_intervals); algorithm/blastn/coordination.rs:922(query_masks)	faithful	none	CSeq_loc merge with fMerge_Abutting|fMerge_Overlapping|fMerge_Contained (x_MergeRanges: contained, overlapping, rg1.GetToOpen() == rg2.GetFrom()) equals LOSAT start <= current.end on half-open intervals; the merged intervals are strand-less so both strands are masked (PackedSeqLocToMaskedQueryRegions do_pos/do_neg). Strand-bearing lowercase entries (plus1/minus1 duplicates of the same interval) collapse in the union.	-	
C-145	C	src/algo/blast/api/dust_filter.cpp	136-139	s_CombineDustMasksWithUserProvidedMasks	merged mask is a Whole location: replaced by interval (0, length-1)	algorithm/blastn/coordination.rs:922(query_masks)	faithful	none	Same single mask over the whole query; LOSAT never builds a Whole type but the covered positions are identical.	-	
C-146	C	src/algo/blast/api/dust_filter.cpp	60-70	Blast_FindDustFilterLoc	TSeqLocVector / CBlastNucleotideOptionsHandle overloads (146-162 as well)	-	n/a	none	Not called by the blastn application, which supplies a CBlastQueryVector (m_QueryVector non-empty in x_CalculateMasks); s_CreateSeqLocMapper (74-90) is only used to map masks to the query seq-loc (identity for whole queries).	-	
C-147	C	src/algo/dustmask/symdust.cpp	170-181	CSymDustMasker::CSymDustMasker	level_ in 2..64 else 20, window_ in 8..64 else 64, linker_ in 1..32 else 1, low_k = level/5, thresholds[0] = 1 and thresholds[i] = i*level for i = 1..window-3	utils/dust.rs:158(DustMasker::new); utils/dust.rs:86(DustParams::new)	faithful	none	Same ranges and defaults, same threshold table (u32 products, window-2 entries), low_k as u8.	-	
C-148	C	include/algo/dustmask/symdust.hpp	70-86	CIupac2Ncbi2na_converter::operator()	A and every other IUPAC letter (R, Y, K, M, S, W, B, D, H, V) -> 0; C -> 1; G -> 2; T -> 3; N -> CRandom::GetRand() & 3 (LFG generator with the hard-coded initial state, state kept for the lifetime of the masker, i.e. one query)	utils/dust.rs:200(convert_iupac_to_ncbi2na); utils/dust.rs:28(NcbiLfgRandom)	faithful	none	State table (33 words), offsets 12/32, additive update, `>> 1` of GetRand all compared with random_gen.cpp/.hpp: identical. One draw per N per read, including the re-reads after a window restart. LOSAT evaluates `(conv(c1)<<2) + conv(c2)` left to right; C++ leaves that order unspecified (GCC evaluates the left operand first), which only matters when both of the first two letters of a restart are N.  Oracle check: dustmasker 2.17.0 (which runs the same CSymDustMasker whenever no N run is longer than the window and none touches the sequence ends) against a statement-level Python port of utils/dust.rs: about 2,900 random sequences (ACGT, microsatellites, N runs up to 7, IUPAC letters) with seven (level, window, linker) sets, 0 differences in the intervals, including random N draws and restart passes; a further 599 sequences with interior N runs of up to 64 letters (window 64, five (level, linker) sets) also matched.	-	
C-149	C	src/algo/dustmask/symdust.cpp	40-50	CSymDustMasker::triplets::triplets	new window: empty list, start = stop = 0, max_size = window-2, counts 0	utils/dust.rs:420(TripletWindow::new)	faithful	none	Same initial state (c_w, c_v, r_w, r_v, num_diff, L = 0).	-	
C-150	C	src/algo/dustmask/symdust.cpp	52-71	CSymDustMasker::triplets::shift_high	full window with one distinct triplet: pop oldest, push new, update start/stop and counts; insert perfect(start, stop+1, 0, 0) at the front when still one distinct value	utils/dust.rs:526(TripletWindow::shift_high)	faithful	none	Same sequence of count updates (r_w only; c_v, r_v and L untouched), same return value (false when num_diff <= 1).	-	
C-151	C	src/algo/dustmask/symdust.cpp	73-116	CSymDustMasker::triplets::shift_window	window not yet full, or after a normal pop: push the new triplet, update c_w/c_v/r_w/r_v, move L (do-while from the oldest suffix position until the repeated triplet is removed) when c_v[t] > low_k, ++stop; clear P and insert perfect(start, stop+1, 0, 0) and return false when the window is full with one distinct triplet	utils/dust.rs:466(TripletWindow::shift_window)	faithful	none	Statement-by-statement equal, including `L == start_` handling before ++start_, the off = size-(L-start)-1 index and the loop termination (the newest triplet is always found). u8 counts and u32 sums wrap exactly like Uint1/Uint4.  Oracle check: dustmasker 2.17.0 (which runs the same CSymDustMasker whenever no N run is longer than the window and none touches the sequence ends) against a statement-level Python port of utils/dust.rs: about 2,900 random sequences (ACGT, microsatellites, N runs up to 7, IUPAC letters) with seven (level, window, linker) sets, 0 differences in the intervals, including random N draws and restart passes; a further 599 sequences with interior N runs of up to 64 letters (window 64, five (level, linker) sets) also matched.	-	
C-152	C	include/algo/dustmask/symdust.hpp	251-256	CSymDustMasker::triplets::needs_processing	count = stop - L < window size and 10*r_w > thresholds[count]	utils/dust.rs:455(TripletWindow::needs_processing)	faithful	none	LOSAT adds a `count >= thresholds.len()` guard that cannot fire (count < size <= window-2 = thresholds.len()).	-	
C-153	C	src/algo/dustmask/symdust.cpp	118-168	CSymDustMasker::triplets::find_perfect	scan the suffix-excluded part of the window newest to oldest with local copies of c_v and r_v: candidate when the triplet was already counted and score*10 > thresholds[count]; compare with the perfect intervals already in P (list kept ordered by start descending), insert perfect(pos, stop+1, score, count) when score*max_len >= max_perfect_score*count	utils/dust.rs:551(TripletWindow::find_perfect)	faithful	none	Same iteration (idx from count to end, pos = L-1 decreasing, count increasing), same comparisons; LOSAT uses usize products where C uses Uint4, with every operand below 2^12 so no wraparound differs. pos never wraps because find_perfect only runs when count < size, which implies L >= start_ >= 0 and L >= 1 in the loop; the insert-before-iterator behaviour of std::list is reproduced by inserting at perfect_idx.	-	
C-154	C	src/algo/dustmask/symdust.cpp	185-212	CSymDustMasker::save_masked_regions	oldest perfect interval b = P.back() with b.first < wstart: append (b.first+start, b.second+start) to the result or extend the last interval (res.back().second = max) when res.back().second + linker >= b1.first (inclusive coordinates); pop every perfect interval with first < wstart	utils/dust.rs:341(DustMasker::save_masked_regions)	faithful	none	LOSAT stores [start, end) with end = second + 1, so `last.end - 1 + linker >= start` and max(end) are the same tests. The NCBI quirk that an extended interval keeps its start (an earlier-starting b1 only raises the end) is preserved.	-	
C-155	C	src/algo/dustmask/symdust.cpp	214-286	CSymDustMasker::operator()	main loop (start, stop inclusive): restart while stop > start+2; init window and the first two bases; shift one base per step; fast path while the window holds a single triplet value; append remaining perfect intervals; restart at start + w.start() when it advanced	utils/dust.rs:239(DustMasker::mask_subsequence)	faithful	none	LOSAT uses an exclusive stop (`pos < stop` equals `pos <= stop_inclusive`) and loops while stop_excl > start+2 where NCBI needs stop_incl > start+2, i.e. LOSAT also enters the pass with exactly 3 letters left; that pass produces no triplet window and no interval, only unused RNG draws, so the output is identical. done/break flow and `++it` skipping on done are reproduced.  Oracle check: dustmasker 2.17.0 (which runs the same CSymDustMasker whenever no N run is longer than the window and none touches the sequence ends) against a statement-level Python port of utils/dust.rs: about 2,900 random sequences (ACGT, microsatellites, N runs up to 7, IUPAC letters) with seven (level, window, linker) sets, 0 differences in the intervals, including random N draws and restart passes; a further 599 sequences with interior N runs of up to 64 letters (window 64, five (level, linker) sets) also matched.	-	
C-156	C	src/algo/dustmask/symdust.cpp	288-291	CSymDustMasker::operator()	whole sequence: (seq, 0, size-1); empty sequence returns an empty list; start > stop clamp	utils/dust.rs:231(DustMasker::mask_sequence)	faithful	none	`seq.len() < 3` returns empty, which equals NCBI for sequences of 1-3 letters (nothing can be found in them).	-	
C-157	C	src/algo/dustmask/symdust.cpp	309-320	CSymDustMasker::GetMaskedInts	result intervals as a Packed-seqint, inclusive coordinates	algorithm/blastn/coordination.rs:704(apply_dust_masking)	faithful	none	LOSAT keeps [start,end) intervals (end = inclusive + 1); conversion is exact. GetMaskedLocs (293-306) is not called on the path.	-	
C-158	C	src/objtools/readers/fasta.cpp	856-873,1079-1089	CFastaReader::ParseDataLine (lowercase mask; read for the query source of the DUST/lowercase mask lists)	-lcase_masking, -dust no: the masks are the maximal runs of lowercase residues (a b c d g h k m n r s t u v w y), strand-less, inclusive from/to; no DUST list, so s_CombineDustMasksWithUserProvidedMasks leaves them as they are	algorithm/blastn/coordination.rs:634(collect_lowercase_masks); algorithm/blastn/coordination.rs:922(query_masks)	faithful	none	Runs of lowercase letters become [start,end) intervals (u32 positions), separated by at least one uppercase letter so never abutting; no letter gap parsing (fParseGaps is not set, so n is a masked residue and N a normal one). Masks only restrict the lookup table.	-	
C-159	C	src/objtools/readers/fasta.cpp	856-873	CFastaReader::ParseDataLine (lowercase mask; read for the query source of the DUST/lowercase mask lists)	lowercase letters in the query without -lcase_masking: upper-cased, no mask kept	algorithm/blastn/coordination.rs:922(query_masks)	faithful	none	LOSAT only calls collect_lowercase_masks when args.lcase_masking is set; the composition, extension and DUST treat lowercase as the uppercase base in both programs. `u`/`U` are read as T (input.rs:with_u_as_t).	-	
C-160	C	src/objtools/readers/fasta.cpp	856-873	CFastaReader::ParseDataLine (lowercase mask; read for the query source of the DUST/lowercase mask lists)	-lcase_masking together with DUST on: DUST list and lowercase list merged (see s_CombineDustMasksWithUserProvidedMasks)	algorithm/blastn/coordination.rs:922(query_masks); algorithm/blastn/coordination.rs:682(merge_mask_intervals)	faithful	none	Union with abutting intervals merged; DUST runs on the letters regardless of case (the sequence vector holds upper-case residues).	-	
C-161	C	src/algo/blast/core/blast_query_info.c	186-201	BlastQueryInfoGetEffSearchSpace	first non-zero eff_searchsp of the contexts of a query	-	n/a	none	Not executed: its only caller is CEffectiveSearchSpaceCalculator::GetEffSearchSpace(query_index), which nothing in the application calls (the query splitter uses GetEffSearchSpaceForContext).	-	
C-162	C	src/algo/blast/api/blast_nucl_options.cpp	197-213	CBlastNucleotideOptionsHandle::SetScoringOptionsDefaults	-task blastn: reward 2, penalty -3, gap open 5, gap extend 2, gapped mode, no matrix name (NULL)	algorithm/blastn/coordination.rs:174(task_defaults); algorithm/blastn/coordination.rs:220(determine_scoring_params)	faithful	none	task_defaults returns 2/-3/5/2 for every task other than megablast; user -reward/-penalty override one by one (the other keeps its task default), reward/penalty wrapped to Int2.	-	
C-163	C	src/algo/blast/api/blast_nucl_options.cpp	214-229	CBlastNucleotideOptionsHandle::SetMBScoringOptionsDefaults	-task megablast (default): reward 1, penalty -2, gap open 0, gap extend 0 (linear/greedy gap costs)	algorithm/blastn/coordination.rs:174(task_defaults)	faithful	none	1/-2/0/0 for megablast; with gap 0/0 the linear row of blastn_values_1_2 is used (see Blast_KarlinBlkNuclGappedCalc); the 0/0 + blastn task combination is rejected by the option check (`Greedy extension must be used ...`).	-	
C-164	C	src/algo/blast/api/blast_nucl_options.cpp	176-185	CBlastNucleotideOptionsHandle::SetGappedExtensionDefaults	-task blastn: gap x-drop 30 bits, final 100 bits, gap trigger 27 bits, DP score-only extension, DP traceback	algorithm/blastn/coordination.rs:268(configure_task); algorithm/blastn/constants.rs:8(X_DROP_GAPPED_NUCL)	faithful	none	30/100/27 and dynamic programming (use_dp) for task blastn; gap_trigger 27 in ncbi_cutoffs.rs:GAP_TRIGGER_BIT_SCORE_NUCL.	-	
C-165	C	src/algo/blast/api/blast_nucl_options.cpp	186-195	CBlastNucleotideOptionsHandle::SetMBGappedExtensionDefaults	-task megablast: gap x-drop 25 bits, final 100 bits, trigger 27, greedy extension and traceback	algorithm/blastn/coordination.rs:268(configure_task); algorithm/blastn/constants.rs:9(X_DROP_GAPPED_GREEDY)	faithful	none	25/100/27 and greedy (use_dp false) for megablast.	-	
C-166	C	src/algo/blast/api/blast_nucl_options.cpp	162-168	CBlastNucleotideOptionsHandle::SetInitialWordOptionsDefaults	-task blastn: ungapped x-drop 20 bits, window 0 (one-hit), scan range 0	algorithm/blastn/constants.rs:7(X_DROP_UNGAPPED); algorithm/blastn/constants.rs:35(SCAN_RANGE_BLASTN)	faithful	none	BLAST_UNGAPPED_X_DROPOFF_NUCL 20, BLAST_WINDOW_SIZE_NUCL 0, BLAST_SCAN_RANGE_NUCL 0.	-	
C-167	C	src/algo/blast/api/blast_nucl_options.cpp	170-174	CBlastNucleotideOptionsHandle::SetMBInitialWordOptionsDefaults	-task megablast: only the window size (0) is set; the ungapped x-drop stays 0	algorithm/blastn/blast_engine/run.rs:6781(search_query_batch)	faithful	none	x_dropoff 0 means the raw X-drop is the subject word cutoff (BlastInitialWordParametersUpdate); LOSAT sets x_dropoff_init 0 for megablast.	-	
C-168	C	src/algo/blast/api/blast_nucl_options.cpp	230-271	CBlastNucleotideOptionsHandle::SetHitSavingOptionsDefaults	e-value 10 (BLAST_EXPECT_VALUE), cutoff score 0 (computed from the e-value), min diagonal separation 50 (blastn) or 6 (megablast), mask level 101, low score percentage 0, hit list 500	algorithm/blastn/args.rs:39(evalue); algorithm/blastn/constants.rs:77(MIN_DIAG_SEPARATION_BLASTN)	faithful	none	The cutoff score 0 is what routes BlastHitSavingParametersUpdate to the BLAST_Cutoffs branch; the hit list size and diagonal separation are used by range E/F functions.	-	
C-169	C	src/algo/blast/api/blast_nucl_options.cpp	272-278	CBlastNucleotideOptionsHandle::SetEffectiveLengthsOptionsDefaults	db length 0, db sequence number 0, effective search space 0 (no -dbsize/-searchsp in scope)	algorithm/blastn/blast_engine/run.rs:6412(search_query_batch)	faithful	none	All three zero, so BLAST_CalcEffLengths uses the real lengths/counts of the subject set and computes the search space.	-	
C-170	C	src/algo/blast/api/blast_nucl_options.cpp	154-160	CBlastNucleotideOptionsHandle::SetQueryOptionDefaults	dust filtering on, mask at hash on, both strands	algorithm/blastn/coordination.rs:704(apply_dust_masking); algorithm/blastn/blast_engine/run.rs:6124(search_query_batch)	faithful	none	DUST default-on for both tasks (-dust yes behaviour); mask_at_hash true means masks restrict only the lookup table. Strand option is both (the strand option is not in scope).	-	
C-171	C	src/algo/dustmask/symdust.cpp	214-286	CSymDustMasker::operator()	first two letters of a masking pass are both N (query starting with NN, or a restart pass, which every sequence longer than 64 letters has at position length-64): the two random draws happen inside `(converter_(c1)<<2) + converter_(c2)`	utils/dust.rs:239(DustMasker::mask_subsequence)	faithful	none	C++ leaves the evaluation order of the two converter_ calls unspecified; LOSAT draws for the first letter before the second (GCC gimplifies the left operand first). No effect found: in 15,000 constructed sequences with NN exactly at the restart position (random prefix, NN, then a 62-letter microsatellite tail), a Python port of dust.rs gives the same intervals with either draw order, and the oracle-vs-port comparison over about 2,900 other sequences with N runs (many restarts) had no difference. A leading NN in a query cannot be compared through the dustmasker application (it trims terminal N runs), so that exact case rests on the same code path as the restart case.	-	
C-172	C	src/algo/blast/core/blast_parameters.c	136-156,230-240,516-540,566-577,589-597,696-732,996-1000	BlastInitialWordParametersFree / BlastExtensionParametersFree / BlastScoringParametersFree / BlastEffectiveLengthsParametersFree / BlastLinkHSPParametersFree / BlastHitSavingParametersFree	-	-	n/a	none	Deallocation of the parameter blocks at the end of the preliminary and traceback stages.	-	
C-173	C	src/algo/blast/core/blast_stat.c	732-835,941-962,1688-1700,1933-1943	SBlastScoreMatrixNew / SBlastScoreMatrixFree / Blast_ScoreFreqFree / Blast_KarlinBlkFree / Blast_ResFreqFree / BlastResCompDestruct	-	-	n/a	none	Allocation and deallocation helpers of the score block, matrix and frequency objects.	-	
C-174	C	src/algo/blast/core/blast_setup.c	73-107	Blast_ScoreBlkKbpGappedCalc	round_down flag (sbp->round_down) written by every Blast_KarlinBlkNuclGappedCalc call: TRUE for the divided pairs 2/-7, 2/-5, 2/-3, 3/-4; consumed as `score &= ~1` for e-values only (Blast_HSPListGetEvalues, gapped), while Blast_HSPListAdjustOddBlastnScores (which would round hsp->score itself) is `#if 0` in blast_engine.c:549 and blast_traceback.c:230 and returns early for gapped_calculation FALSE at blast_hits.c:2735	algorithm/blastn/scoring.rs:314(context_blocks); algorithm/blastn/blast_engine/run.rs:186(calculate_blastn_context_statistics)	faithful	none	LOSAT carries round_down from NuclValues through context_blocks (false when no context is valid, as sbp->round_down stays FALSE) and applies `raw_score & !1` only inside the e-value expression (run.rs:211, purge_endpoints.rs:2197); reported scores and bit scores keep the raw score, as NCBI. Default -task blastn (2/-3) takes this path.	-	
C-175	C	src/algo/blast/core/blast_options.c	862-930	BlastScoringOptionsValidate	blastn reward/penalty/gap checks	algorithm/blastn/scoring.rs:22-115(check_scoring_options)	faithful	low	Added after the E2g independent audit (a), 2026-10-02: reached on every search, had no row. Messages byte-equal to the oracle (penalty not negative, gap extension 0, greedy with 0/0).	-	
C-176	C	src/algo/blast/core/blast_options.c	1284-1340	LookupTableOptionsValidate	word size limits	algorithm/blastn/scoring.rs(check_scoring_options); blastinput/value_parsers.rs(blastn_word_size)	faithful	low	Added after the E2g independent audit (a), 2026-10-02: reached on every search, had no row. Word size above 100 and below 4 give NCBI's messages.	-	
C-177	C	src/algo/blast/core/blast_options.c	1505-1560	BlastHitSavingOptionsValidate	hit saving options of blastn	algorithm/blastn/scoring.rs(check_scoring_options)	faithful	none	Added after the E2g independent audit (a), 2026-10-02: reached on every search, had no row.	-	
C-178	C	src/algo/blast/core/blast_options.c	1691-1730	s_BlastExtensionScoringOptionsValidate	greedy extension with 0/0 gap costs	algorithm/blastn/scoring.rs(check_scoring_options)	faithful	low	Added after the E2g independent audit (a), 2026-10-02: reached on every search, had no row. 'Greedy extension must be used if gap existence and extension options are zero' byte-equal.	-	
D-001	D	src/algo/blast/core/lookup_wrap.c	47-59	LookupTableWrapInit	-	-	n/a	none	Thin wrapper that calls LookupTableWrapInit_MT with num_threads=1; LOSAT calls the equivalent steps directly.	-	
D-002	D	src/algo/blast/core/lookup_wrap.c	111-163	LookupTableWrapInit_MT	nucleotide lut types (EstimateNumTableEntries -> BlastChooseNaLookupTable -> table builder)	algorithm/blastn/blast_engine/run.rs:6154(search_query_batch);algorithm/blastn/coordination.rs:482(finalize_task_config);algorithm/blastn/coordination.rs:759(build_lookup_tables)	faithful	none	Same order: estimate entries and max offset from the lookup segments, choose type and width, build the table; mb_template_length/mapping/db_filter branches are not on the bl2seq blastn/megablast path. Table-structure differences are listed in the per-table rows.	-	
D-003	D	src/algo/blast/core/lookup_wrap.c	139-149	LookupTableWrapInit_MT	eSmallNaLookupTable build fails (status != 0) -> eNaLookupTable fallback	-	n/a	none	No LOSAT counterpart but output-neutral: failure needs overflow_cells_needed >= 32768, which cannot happen when lut < word (sum <= 2+1.5*approx_entries and approx < 21000 for word 9/lut 8, < 12000 word 11, < 8500 others) and for lut == word the extension is s_BlastNaExtendDirect for both table types.	-	
D-004	D	src/algo/blast/core/lookup_wrap.c	255-289	GetOffsetArraySize	eMBLookupTable/eSmallNaLookupTable/eNaLookupTable	algorithm/blastn/blast_engine/run.rs:6537(search_query_batch);algorithm/blastn/blast_engine/run.rs:247(OFFSET_ARRAY_SIZE)	n/a	none	Only sizes the offset-pair buffer (4096 + longest_chain); hits are extended in scan order whatever the batch boundaries, so output is unchanged (LOSAT flushes at 4096 and at the size).	-	
D-005	D	src/algo/blast/core/lookup_util.c	70-82	ilog2	-	algorithm/blastn/lookup.rs:435(ilog2)	n/a	none	Only used for pv_array_bts of the megablast presence vector (speed only); LOSAT port is identical.	-	
D-006	D	src/algo/blast/core/lookup_util.c	189-204	EstimateNumTableEntries	-	algorithm/blastn/blast_engine/run.rs:3887(compute_lookup_query_stats)	faithful	none	Sum of (right-left) per lookup segment with right inclusive (LOSAT end-start-1), max of right in concatenated offsets, fully masked context counts -1 like NCBI's (end+1,end) segment; compared line by line.	-	
D-007	D	src/algo/blast/core/blast_nalookup.c	77-100	BlastChooseNaLookupTable	word_size 4-8 (4-6 lut=word; 7: <250 ->6 else 7; 8: <8500 ->7 else 8), eSmallNaLookupTable	algorithm/blastn/coordination.rs:387(choose_na_lookup_table)	faithful	none	Thresholds and widths identical (approx_table_entries uses strict < like NCBI).	-	
D-008	D	src/algo/blast/core/blast_nalookup.c	101-179	BlastChooseNaLookupTable	word_size 9-12 and >=13 (Small/MB thresholds 1250/21000, 1250/8500/18000, 12000/180000, 8500/18000/60000/900000, default 8500/300000)	algorithm/blastn/coordination.rs:387(choose_na_lookup_table)	faithful	none	Every threshold, lut_width and table kind compared with the NCBI switch; word sizes 13..100 use the default branch in both.	-	
D-009	D	src/algo/blast/core/blast_nalookup.c	181-184	BlastChooseNaLookupTable	eSmallNaLookupTable and (approx_table_entries >= 32767 or max_q_off >= 32768) -> eNaLookupTable	algorithm/blastn/coordination.rs:387(choose_na_lookup_table)	faithful	none	Same condition (max_q_off uses concatenated context offsets, so a single query above about 16 kb becomes eNaLookupTable in both).	-	
D-010	D	src/algo/blast/core/blast_nalookup.c	197-321	s_BlastSmallNaLookupFinalize	pack thin backbone (single hit in backbone, chain in overflow list), query offsets ascending	algorithm/blastn/lookup.rs:956(build_pv_direct_lookup);algorithm/blastn/lookup.rs:1521(build_mb_lookup)	divergent	low	NCBI keeps each cell's query offsets in ascending order. LOSAT keeps ascending order only for lut == word (CSR direct table); for lut < word (default blastn word 11 with lut 8, default megablast on small queries) it uses the megablast hashtable/next_pos chain, newest first (descending q offset). Same set of hits; order of seeds at one subject offset differs; no output difference demonstrated: with the array container the order is irrelevant (init-hit keys differ per diagonal); with the hash container (concatenated query > 8000) the stale-cell replacement (window arg 1-word) depends on which of two same-offset seeds in one bucket goes first, so a later seed on the clobbered diagonal may be re-extended.	T5	faithful after 435f97afd; ascending cells for the small and standard tables (TaskConfig::mb_lookup); unit test; fixtures rep.*, rep2.*
D-011	D	src/algo/blast/core/blast_nalookup.c	237-240	s_BlastSmallNaLookupFinalize	BlastCompressBlastnaSequence(query) compressed query (blastna & 3, 3 pad bytes both ends)	algorithm/blastn/extension.rs:319(build_compressed_query);algorithm/blastn/blast_engine/run.rs:6215(search_query_batch)	faithful	none	Compared with blast_util.c:459-497 and LOSAT unit test the_compressed_query_is_ncbis; differs only for queries shorter than 3 letters, which cannot hold a word.	-	
D-012	D	src/algo/blast/core/blast_nalookup.c	214-228	s_BlastSmallNaLookupFinalize	overflow_cells_needed >= 32768 -> return -1	-	n/a	none	Not ported but unreachable for lut < word and output-neutral for lut == word (see LookupTableWrapInit_MT fallback row).	-	
D-013	D	src/algo/blast/core/blast_nalookup.c	330-361	s_SeqLocListInvert	-	-	n/a	none	The inverted list is only tested for NULL (s_TypeOfWord uses `locations` as a boolean and s_IsSeedMasked consults the lookup table); it is non-NULL whenever the lookup segments are. LOSAT keeps the same boolean as has_locations.	-	
D-014	D	src/algo/blast/core/blast_nalookup.c	363-376	s_HasMaskAtHashEnabled	-	algorithm/blastn/blast_engine/run.rs:7389(search_query_batch)	faithful	none	Always TRUE on the path (blastn handle SetMaskAtHash(true), -soft_masking default true, blast_nucl_options.cpp:158, blast_args.cpp:389-391); LOSAT treats masks as lookup-segment restrictions only (query not masked).	-	
D-015	D	src/algo/blast/core/blast_nalookup.c	378-421	BlastSmallNaLookupTableNew	lut_word_length == word_length (word 4-8)	algorithm/blastn/lookup.rs:956(build_pv_direct_lookup)	faithful	none	equivalent: direct CSR table (offsets ascending per cell) indexes the same words per unmasked segment of length >= word_size; masked_locations not created when word == lut (NCBI also skips).	-	
D-016	D	src/algo/blast/core/blast_nalookup.c	378-421	BlastSmallNaLookupTableNew	word_length > lut_word_length, masked_locations kept	algorithm/blastn/lookup.rs:1521(build_mb_lookup);algorithm/blastn/lookup.rs:1670(build_two_stage_lookup)	divergent	low	Same indexed (word, offset) set and same has-mask flag semantics, but LOSAT stores it as MbLookupTable (descending chain order instead of NCBI's ascending, different presence-vector granularity). See s_BlastSmallNaLookupFinalize row.	T5	faithful after 435f97afd; ascending cells for the small and standard tables (TaskConfig::mb_lookup); unit test; fixtures rep.*, rep2.*
D-017	D	src/algo/blast/core/blast_nalookup.c	442-546	s_BlastNaLookupFinalize	thick backbone + overflow, offsets ascending	algorithm/blastn/lookup.rs:1284(build_na_lookup);algorithm/blastn/lookup.rs:956(build_pv_direct_lookup);algorithm/blastn/lookup.rs:1521(build_mb_lookup)	divergent	low	LOSAT's NaLookupTable port (build_na_lookup) is built only when lut > 13, i.e. never. eNaLookupTable is realised by the direct CSR table when lut == word (ascending, same as NCBI) or by the megablast chain when lut < word (descending order of seeds at one subject offset). Output difference not found.	T5	faithful after 435f97afd; ascending cells for the small and standard tables (TaskConfig::mb_lookup); unit test; fixtures rep.*, rep2.*
D-018	D	src/algo/blast/core/blast_nalookup.c	548-584	BlastNaLookupTableNew	eNaLookupTable (small kind promoted by >= 32767 entries or offsets >= 32768)	algorithm/blastn/coordination.rs:482(finalize_task_config);algorithm/blastn/coordination.rs:759(build_lookup_tables)	divergent	low	Same words/offsets and masked_locations semantics (only when word > lut and mask-at-hash); extension is the per-base s_BlastNaExtend as in NCBI (small_na_lookup=false). Only the seed order within one subject offset differs for lut < word (see s_BlastNaLookupFinalize).	T5	faithful after 435f97afd; ascending cells for the small and standard tables (TaskConfig::mb_lookup); unit test; fixtures rep.*, rep2.*
D-019	D	src/algo/blast/core/blast_nalookup.c	1227-1368	BlastMBLookupTableNew	contiguous megablast table (lut 9-12), db_filter off	algorithm/blastn/lookup.rs:1670(build_two_stage_lookup);algorithm/blastn/lookup.rs:466(compute_mb_pv_params)	faithful	none	pv_size/pv_array_bts (kTargetPVSize 131072, small<=15000/large>=800000 halving), scan_step=word-lut+1 and masked_locations flag follow NCBI; db_filter/discontiguous/mapping branches are off the path; empty-location error cannot occur (0 entries always selects the small table).	-	
D-020	D	src/algo/blast/core/blast_nalookup.c	948-1111	s_FillContigMBTable	stride 0, db_filter off	algorithm/blastn/lookup.rs:1521(build_mb_lookup)	faithful	none	Segments shorter than word_size skipped, ambiguity resets the rolling word, hashtable/next_pos chain with newest offset first (index = 0-based start + 1), PV bit set on first entry, helper_array longest_chain estimate, next_pos sized query length + 1: all as NCBI.	-	
D-021	D	src/algo/blast/core/blast_lookup.c	79-132	BlastLookupIndexQueryExactMatches	small/standard table indexing (word_length > segment length skips segment; ambiguity skips words containing it)	algorithm/blastn/lookup.rs:956(build_pv_direct_lookup);algorithm/blastn/lookup.rs:1284(build_na_lookup)	faithful	none	Rolling word with reset at (val & 0xfc) != 0 equals the word_target logic; skip test uses word_size (not lut width); offsets ascending within segments, segments in context order.	-	
D-022	D	src/algo/blast/core/blast_lookup.c	33-77	BlastLookupAddWordHit	-	algorithm/blastn/lookup.rs:956(build_pv_direct_lookup)	faithful	none	equivalent: counting pass + CSR fill appends offsets in the same ascending order as NCBI's growing chain (chain doubling is bookkeeping).	-	
D-023	D	include/algo/blast/core/blast_lookup.h	49-57	PV_SET/PV_TEST macros	-	algorithm/blastn/lookup.rs:405(pv_test_shift);algorithm/blastn/lookup.rs:416(pv_set_shift)	faithful	none	array index = index >> shift, bit = index & 31, Uint4 words: identical.	-	
D-024	D	include/algo/blast/core/blast_lookup.h	96-108	ComputeTableIndex	-	algorithm/blastn/lookup.rs:23(encode_kmer)	faithful	none	Shift-and-or of 2-bit letters; only unambiguous words reach it on both sides.	-	
D-025	D	src/algo/blast/core/blast_nascan.c	41-93	s_BlastLookupGetNumHits/s_BlastLookupRetrieve	eNaLookupTable cell (entries[3] or overflow)	algorithm/blastn/lookup.rs:779(MbLookupTable::for_each_hit)	n/a	none	Helpers of the eNaLookupTable that LOSAT does not build (see s_BlastNaLookupFinalize); the cell content and order difference is recorded there.	-	
D-026	D	src/algo/blast/core/blast_nascan.c	284-296	s_NaChooseScanSubject	lut 8 and scan_step 4 -> 8_4, else Any	algorithm/blastn/blast_engine/run.rs:2284(select_mb_scan_kind);algorithm/blastn/blast_engine/run.rs:2319(scan_subject_kmers_range)	faithful	none	equivalent: every NCBI scan routine returns the lut-mer at start, start+step, ... <= end in increasing subject order; LOSAT visits the same positions with the same words.	-	
D-027	D	src/algo/blast/core/blast_nascan.c	95-140	s_BlastNaScanSubject_8_4	eNaLookupTable, lut 8, step 4	algorithm/blastn/blast_engine/run.rs:2319(scan_subject_kmers_range)	faithful	none	equivalent: words s[0]<<8|s[1] at every aligned position <= end, same order.	-	
D-028	D	src/algo/blast/core/blast_nascan.c	147-278	s_BlastNaScanSubject_Any	lut > 5, scan_step % 4 == 0, unmasked subject (aligned 2-byte words)	algorithm/blastn/blast_engine/run.rs:2319(scan_subject_kmers_range)	faithful	none	equivalent: shift 2*(8-lut) on s[0]<<8|s[1] at aligned positions; LOSAT falls back to per-base words only at the packed tail.	-	
D-029	D	src/algo/blast/core/blast_nascan.c	147-278	s_BlastNaScanSubject_Any	lut > 5, other steps or masked subject (3-byte words)	algorithm/blastn/blast_engine/run.rs:2319(scan_subject_kmers_range)	faithful	none	equivalent: shift 2*(12-(pos%4+lut)) on three bytes, same positions.	-	
D-030	D	src/algo/blast/core/blast_nascan.c	147-278	s_BlastNaScanSubject_Any	lut 4-5 (2-byte words)	algorithm/blastn/blast_engine/run.rs:2319(scan_subject_kmers_range)	faithful	none	equivalent: shift 2*(8-(pos%4+lut)) on two bytes, same positions.	-	
D-031	D	src/algo/blast/core/blast_nascan.c	305-340	s_BlastSmallNaRetrieveHits	single hit in backbone / chain in overflow	algorithm/blastn/lookup.rs:779(MbLookupTable::for_each_hit);algorithm/blastn/lookup.rs:159(PvDirectLookup::get_hits_checked)	faithful	none	Returns the same hits; order ascending for the direct table (lut == word) and descending for the megablast-chain table (lut < word), recorded in s_BlastSmallNaLookupFinalize; SMALL_NA_ACCESS_HITS capacity break only splits calls.	-	
D-032	D	src/algo/blast/core/blast_nascan.c	1298-1380	s_SmallNaChooseScanSubject	per lut width/step (4_1, 5_1, 6_1, 6_2, 7_1, 7_2, 7_3, 8_4, 8_1Mod4, 8_2Mod4, 8_3Mod4, Any)	algorithm/blastn/blast_engine/run.rs:2284(select_mb_scan_kind);algorithm/blastn/blast_engine/run.rs:2319(scan_subject_kmers_range)	faithful	none	equivalent: LOSAT uses one generic scan for lut <= 8; each NCBI routine was checked to return the lut-mer at start+k*step in order (shift/byte arithmetic of 6_1, 7_x, 8_xMod4 re-derived).	-	
D-033	D	src/algo/blast/core/blast_nascan.c	354-436	s_BlastSmallNaScanSubject_8_4	lut 8, step 4 (num_words % 8 entry into unrolled loop)	algorithm/blastn/blast_engine/run.rs:2319(scan_subject_kmers_range)	faithful	none	equivalent: the Duff entry processes exactly num_words=(end-start)/4+1 aligned words; max_hits break only splits calls.	-	
D-034	D	src/algo/blast/core/blast_nascan.c	438-552	s_BlastSmallNaScanSubject_Any	aligned (lut > 5, step%4==0, unmasked), unaligned 3-byte, lut 4-5	algorithm/blastn/blast_engine/run.rs:2319(scan_subject_kmers_range)	faithful	none	equivalent: same three window forms as the standard-table Any routine.	-	
D-035	D	src/algo/blast/core/blast_nascan.c	554-1296	s_BlastSmallNaScanSubject_4_1/5_1/6_1/6_2/7_1/7_2/7_3/8_1Mod4/8_2Mod4/8_3Mod4	specialised small-table routines	algorithm/blastn/blast_engine/run.rs:2319(scan_subject_kmers_range)	faithful	none	equivalent: unrolled states return the word at pos, pos+step, ... in order (start resume cases only matter after a max_hits break, which LOSAT does not need).	-	
D-036	D	src/algo/blast/core/blast_nascan.c	1386-1428	s_BlastMBLookupHasHits/s_BlastMBLookupRetrieve	-	algorithm/blastn/lookup.rs:764(has_hits);algorithm/blastn/lookup.rs:779(for_each_hit)	faithful	none	PV test then hashtable/next_pos chain, q_off-1 as offset: identical, chain newest first.	-	
D-037	D	src/algo/blast/core/blast_nascan.c	2602-2680	s_MBChooseScanSubject	lut 9: step 1 -> 9_1 then overwritten to Any by the missing else (NCBI bug), step 2 -> 9_2, else Any; lut 10: 10_1/10_2/10_3/Any; lut 11: step%4 0->Any,1,2,3; lut 12: Any	algorithm/blastn/blast_engine/run.rs:2213(choose_mb_scan_subject_kind);algorithm/blastn/blast_engine/run.rs:2284(select_mb_scan_kind)	faithful	none	equivalent: LOSAT picks 9_1 where NCBI ends up with Any (the `if (scan_step == 2) ... else Any` after the 9_1 assignment); both return identical words, so only speed differs.	-	
D-038	D	src/algo/blast/core/blast_nascan.c	1482-1637	s_MBScanSubject_Any	aligned (step%4==0, unmasked), lut > 9 (4-byte words), lut 9 (3-byte words); lut 16 branches not on path	algorithm/blastn/blast_engine/run.rs:1086(scan_subject_kmers_range_mb_any)	faithful	none	equivalent: same shifts (2*(12-lut) aligned, 2*(16-(pos%4+lut)), 2*(12-(pos%4+lut))); packed-tail positions use per-base words; sentinel/over-read bytes are shifted out in NCBI.	-	
D-039	D	src/algo/blast/core/blast_nascan.c	1639-1713	s_MBScanSubject_9_1	lut 9, step 1 (never selected by NCBI because of the choose bug)	algorithm/blastn/blast_engine/run.rs:1217(scan_subject_kmers_range_mb_9_1)	faithful	none	equivalent: state machine shifts 6/4/2/0 on a 3-byte window verified; tail falls back to per-base words.	-	
D-040	D	src/algo/blast/core/blast_nascan.c	1715-1766	s_MBScanSubject_9_2	lut 9, step 2	algorithm/blastn/blast_engine/run.rs:1323(scan_subject_kmers_range_mb_9_2)	faithful	none	equivalent: shifts 6 and 2, byte advance after the second word.	-	
D-041	D	src/algo/blast/core/blast_nascan.c	1768-1843	s_MBScanSubject_10_1	lut 10, step 1	algorithm/blastn/blast_engine/run.rs:1419(scan_subject_kmers_range_mb_10_1)	faithful	none	equivalent: 3-byte shifts 4/2/0 then 4-byte shift 6 for the fourth phase.	-	
D-042	D	src/algo/blast/core/blast_nascan.c	1845-1896	s_MBScanSubject_10_2	lut 10, step 2	algorithm/blastn/blast_engine/run.rs:1530(scan_subject_kmers_range_mb_10_2)	faithful	none	equivalent: shifts 4 and 0.	-	
D-043	D	src/algo/blast/core/blast_nascan.c	1898-1976	s_MBScanSubject_10_3	lut 10, step 3	algorithm/blastn/blast_engine/run.rs:1631(scan_subject_kmers_range_mb_10_3)	faithful	none	equivalent: phases 0,3,2,1 with shifts 4,6,0,2 and byte advance re-derived.	-	
D-044	D	src/algo/blast/core/blast_nascan.c	1978-2053	s_MBScanSubject_11_1Mod4	lut 11, step % 4 == 1	algorithm/blastn/blast_engine/run.rs:1803(scan_subject_kmers_range_mb_11_1mod4)	faithful	none	equivalent: phases 0..3 with shifts 2/0 (3 bytes) and 6/4 (4 bytes), byte advance step/4 (+1 on wrap).	-	
D-045	D	src/algo/blast/core/blast_nascan.c	2055-2118	s_MBScanSubject_11_2Mod4	lut 11, step % 4 == 2 (default megablast, lut 11, step 18)	algorithm/blastn/blast_engine/run.rs:1928(scan_subject_kmers_range_mb_11_2mod4)	faithful	none	equivalent: top/bottom shifts (2,6) for even starts and (0,4) for odd starts, byte advance step/4 then +1.	-	
D-046	D	src/algo/blast/core/blast_nascan.c	2120-2200	s_MBScanSubject_11_3Mod4	lut 11, step % 4 == 3	algorithm/blastn/blast_engine/run.rs:2040(scan_subject_kmers_range_mb_11_3mod4)	faithful	none	equivalent: phases 0,3,2,1 with shifts 2,4,6,0 and byte advances re-derived.	-	
D-047	D	src/algo/blast/core/blast_nascan.c	2982-3007	BlastChooseNucleotideScanSubject/BlastChooseNucleotideScanSubjectAny	unmasked -> specialised; masked subject (soft-masked, -lcase_masking) -> generic Any	algorithm/blastn/blast_engine/run.rs:2284(select_mb_scan_kind)	faithful	none	A subject with lowercase ranges uses the generic scan and unaligned words in both (LOSAT maps masked to Any).	-	
D-048	D	src/algo/blast/core/masksubj.inl	43-60	s_DetermineScanningOffsets	-	algorithm/blastn/blast_engine/run.rs:2488(determine_scanning_offsets);algorithm/blastn/blast_engine/run.rs:2513(scan_subject_kmers_with_offsets)	faithful	none	Same range advance: next range starts at left + word - lut, ends at right - lut; scan_range[1]=scan_range[2]+1 after a range reproduces NCBI's overshoot.	-	
D-049	D	src/algo/blast/core/na_ungapped.c	47-70	s_MBLookup	-	algorithm/blastn/blast_engine/run.rs:7974(search_query_batch: is_seed_masked closure)	faithful	none	PV test then chain search for q_pos+1 after masking the index to the table width; closure also returns masked when s_pos+lut > subject length, which the NCBI callers never reach.	-	
D-050	D	src/algo/blast/core/na_ungapped.c	78-101	s_SmallNaLookup	-	algorithm/blastn/blast_engine/run.rs:7974(search_query_batch: is_seed_masked closure)	faithful	none	equivalent: membership of (word, q_pos) in the table; LOSAT tests the megablast-chain copy, same pair set (order irrelevant for a membership test).	-	
D-051	D	src/algo/blast/core/na_ungapped.c	109-136	s_NaLookup	-	algorithm/blastn/blast_engine/run.rs:7974(search_query_batch: is_seed_masked closure);algorithm/blastn/blast_engine/run.rs:9086(search_query_batch direct path)	faithful	none	equivalent: same membership test; the direct path checks the CSR cell list, the two-stage path the chain.	-	
D-052	D	src/algo/blast/core/na_ungapped.c	148-243	s_NuclUngappedExtendExact	-	algorithm/blastn/extension.rs:104(extend_hit_ungapped_exact_ncbi)	faithful	none	Left/right per-base loops, remainder/start bounds from (s_off-q_off), X_current update on the right, length=q_end-q_beg and q_start/s_start identical; sentinel (INT4_MIN/2) is a plain break at the buffer start/end, same result. Used for word_size < 11.	-	
D-053	D	src/algo/blast/core/na_ungapped.c	262-350	s_NuclUngappedExtend	approximate 4-base extension then exact re-extension if score >= reduced_cutoff	algorithm/blastn/extension.rs:727(extend_hit_ungapped_approx_ncbi);algorithm/blastn/extension.rs:247(build_query_four_base_bytes)	faithful	none	Block loops, break test `sum < X`, new_q bookkeeping, MAX(s_match_end - s_start, new_q - q_start + 1) length and the exact fallback match; q bytes keep NCBI's overlapping blastna bit expression over the concatenated query (blocks can cross the context sentinel as in NCBI). Used for word_size >= 11.	-	
D-054	D	src/algo/blast/core/na_ungapped.c	361-382	s_BlastDiagHashRetrieve	-	algorithm/blastn/blast_engine/run.rs:771(DiagHashTable::retrieve)	faithful	none	Same bucket ((Uint4)diag*0x9E370001 % 512), chain walk from newest, first match returned.	-	
D-055	D	src/algo/blast/core/na_ungapped.c	396-450	s_BlastDiagHashInsert	stale-cell replacement with window_size+Delta+1 (negative for window 0)	algorithm/blastn/blast_engine/run.rs:823(DiagHashTable::insert);algorithm/blastn/blast_engine/run.rs:873(diag_hash_insert_window)	faithful	none	Same loop, including replacing the first stale cell even if a later cell holds the diagonal, and the uncapped negative Delta in one-hit mode (window arg 1-word_length); capacity doubling and occupancy as NCBI.	-	
D-056	D	src/algo/blast/core/na_ungapped.c	458-490	s_IsSeedMasked	-	algorithm/blastn/blast_engine/run.rs:1001(packed_kmer_at_seed_mask);algorithm/blastn/blast_engine/run.rs:2314(mask_lookup_index)	faithful	none	Same byte windows/shifts per shift value; NCBI's int sign extension and over-read bits are removed by the table-width mask applied in the lookup callbacks, LOSAT masks explicitly.	-	
D-057	D	src/algo/blast/core/na_ungapped.c	508-606	s_TypeOfWord	word_length == lut_word_length -> return 1	algorithm/blastn/extension.rs:972(type_of_word)	faithful	none	Early return before any lookup, as NCBI.	-	
D-058	D	src/algo/blast/core/na_ungapped.c	508-606	s_TypeOfWord	locations set (small table with word > lut, or megablast/standard table with masked_locations): right-end seed, left-end shift, intermediate seeds, extension to the right	algorithm/blastn/extension.rs:972(type_of_word);algorithm/blastn/blast_engine/run.rs:8059(search_query_batch)	faithful	none	Order of checks, ext_to = shift, ext_max = MIN(q_range-q_end, s_range-s_end), step-back loop `s_pos > *s_off`, *extended = ext_to match. LOSAT passes has_locations only for small tables or contexts with masks: without masks NCBI's checks always pass (an exact word has no ambiguity and every lut-mer is in the table), so skipping them is equivalent; the unsigned MIN in NCBI (Uint4 s_range) only matters for a word past the context end, which is rejected by the right-end seed test either way.	-	
D-059	D	src/algo/blast/core/na_ungapped.c	508-606	s_TypeOfWord	check_double TRUE (two-hit mode)	algorithm/blastn/blast_engine/run.rs:8059(search_query_batch)	n/a	none	Only called when window_size > 0; BLAST_WINDOW_SIZE_NUCL and BLAST_WINDOW_SIZE_MEGABLAST are 0 (blast_options.h:58-59), so unreachable for blastn/megablast; LOSAT has a transcription of it behind TWO_HIT_WINDOW.	-	
D-060	D	src/algo/blast/core/na_ungapped.c	631-775	s_BlastnDiagTableExtendInitialHit	one-hit (window 0), array container; check_masks TRUE	algorithm/blastn/blast_engine/run.rs:7484(search_query_batch: process_offset_pairs);algorithm/blastn/blast_engine/run.rs:8807(search_query_batch direct path)	faithful	none	diag from the entry q_off/s_off, last_hit/offset rejection, s_TypeOfWord shift of the word end, exact vs approximate extension choice (word_length < 11), cutoff by context of q_off, saving of the hit with s_end_pos = ungapped end, and the last_hit/flag update on every non-rejected path match line for line.	-	
D-061	D	src/algo/blast/core/na_ungapped.c	631-775	s_BlastnDiagTableExtendInitialHit	two_hits (window > 0) off-diagonal search	algorithm/blastn/blast_engine/run.rs:8077(search_query_batch)	n/a	none	Unreachable on the path (window_size 0); LOSAT keeps a transcription behind TWO_HIT_WINDOW.	-	
D-062	D	src/algo/blast/core/na_ungapped.c	799-944	s_BlastnDiagHashExtendInitialHit	one-hit (window 0), hash container	algorithm/blastn/blast_engine/run.rs:7484(search_query_batch: process_offset_pairs);algorithm/blastn/blast_engine/run.rs:8807(search_query_batch direct path)	faithful	none	Same flow as the array version with hash retrieve/insert; Delta stays negative for the insert window; entry diag = s_off - q_off before the type-of-word shift.	-	
D-063	D	src/algo/blast/core/na_ungapped.c	964-1030	s_BlastNaExtendDirect	lut_word_length == word_length (megablast lut 9-12, small/standard word 4-8): no word extension, word_length passed to the diag functions	algorithm/blastn/blast_engine/run.rs:7484(search_query_batch);algorithm/blastn/blast_engine/run.rs:8807(search_query_batch direct path)	faithful	none	No left/right extension, query mask NULL, so s_TypeOfWord returns at once; both containers handled.	-	
D-064	D	src/algo/blast/core/na_ungapped.c	1051-1174	s_BlastNaExtend	megablast/standard table, word_length > lut_word_length, generic per-base extension	algorithm/blastn/blast_engine/run.rs:7598(search_query_batch: word extension in process_offset_pairs)	faithful	none	Left loop MIN(ext_to, s_offset) with sentinel stop, right loop only if ext_left < ext_to with `s_off + ext_to - ext_left > s_range` skip and the ext_left+ext_right check, then q/s offsets moved by ext_left: identical (query read from the sentinel-bordered blastna buffer).	-	
D-065	D	src/algo/blast/core/na_ungapped.c	1196-1324	s_BlastNaExtendAligned	lut % 4 == 0 and scan_step % 4 == 0 (megablast lut 12 / lut 8 steps multiple of 4)	algorithm/blastn/blast_engine/run.rs:7598(search_query_batch: word extension in process_offset_pairs)	faithful	none	equivalent: the byte-grouped loops count exactly the matching bases that the per-base loop counts (same ext_max, same range test), LOSAT uses the per-base loop.	-	
D-066	D	src/algo/blast/core/na_ungapped.c	1381-1463	s_BlastSmallNaExtendAlignedOneByte	small table, lut%4==0, scan_step%4==0, word-lut <= 4, unmasked subject	algorithm/blastn/extension.rs:523(SmallNaWord::extend_aligned_one_byte);algorithm/blastn/blast_engine/run.rs:7615(search_query_batch)	faithful	none	One xor byte on the compressed query for left and right, MIN with q_offset-q_start / s_range / q_range, including NCBI's skip of the right check when q_offset+lut >= query->length; compressed table values tested against NCBI's arrays.	-	
D-067	D	src/algo/blast/core/na_ungapped.c	1486-1593	s_BlastSmallNaExtend	small table, word > lut, other steps or soft-masked subject	algorithm/blastn/extension.rs:435(SmallNaWord::extend);algorithm/blastn/blast_engine/run.rs:7615(search_query_batch)	faithful	none	Groups of four from the first subject multiple of 4, ext_max bounds, ext_left+ext_right < word_length drop, offsets moved by ext_left; ambiguity codes read as bases through the compressed query as NCBI. The Uint4 s_range arithmetic cannot wrap here because lut >= 4 keeps s_off <= s_range and q_off <= q_range.	-	
D-068	D	src/algo/blast/core/na_ungapped.c	1597-1695	BlastNaWordFinder	unmasked subject: scan_range [0, length - lut], extend with s_range = scan_range[2] + lut	algorithm/blastn/blast_engine/run.rs:2546(scan_subject_kmers_with_ranges);algorithm/blastn/blast_engine/run.rs:7484(search_query_batch: process_offset_pairs)	faithful	none	Scan then extend per batch of hits in scan order, ExtendWordExit after the subject chunk; LOSAT returns early for chunks shorter than word_size (NCBI finds no extendable hit there either).	-	
D-069	D	src/algo/blast/core/na_ungapped.c	1597-1695	BlastNaWordFinder	soft-masked subject (-lcase_masking): generic scan and extension, ranges from seq_ranges	algorithm/blastn/blast_engine/run.rs:2546(scan_subject_kmers_with_ranges);algorithm/blastn/blast_engine/run.rs:4019(build_subject_seq_ranges_from_masks)	faithful	none	Generic Any scan, start left+word-lut, end right-lut, s_range = range end, SmallNaExtend/NaExtend instead of the aligned variants (Direct kept), as NCBI.	-	
D-070	D	src/algo/blast/core/na_ungapped.c	1688-1692	BlastNaWordFinder	Blast_UngappedStatsUpdate	-	n/a	none	Diagnostics counters only.	-	
D-071	D	src/algo/blast/core/na_ungapped.c	1791-1836	BlastChooseNaExtend	eMBLookupTable: lut==word Direct; lut%4==0 && step%4==0 Aligned; else generic	algorithm/blastn/blast_engine/run.rs:6215(search_query_batch)	faithful	none	LOSAT has one per-base word extension for Aligned and generic (equivalent) and Direct when word == lut.	-	
D-072	D	src/algo/blast/core/na_ungapped.c	1791-1836	BlastChooseNaExtend	eSmallNaLookupTable: lut==word Direct; lut%4==0 && step%4==0 && word-lut<=4 OneByte; else SmallNaExtend	algorithm/blastn/blast_engine/run.rs:6215(search_query_batch);algorithm/blastn/blast_engine/run.rs:7615(search_query_batch)	faithful	none	Same conditions (small_na_aligned_one_byte, subject_masked forces the generic one).	-	
D-073	D	src/algo/blast/core/na_ungapped.c	1791-1836	BlastChooseNaExtend	eNaLookupTable (small kind promoted)	algorithm/blastn/blast_engine/run.rs:6215(search_query_batch)	faithful	none	Per-base extension without compressed query, as NCBI (small_na_lookup=false).	-	
D-074	D	src/algo/blast/core/blast_extend.c	42-67	s_BlastDiagTableNew	-	algorithm/blastn/blast_engine/run.rs:6246(search_query_batch);algorithm/blastn/blast_engine/run.rs:7239(search_query_batch)	faithful	none	Length = smallest power of two >= query->length + window (query->length is the whole concatenated query, 2L+1 for one query), mask = length-1, offset = window = 0.	-	
D-075	D	src/algo/blast/core/blast_extend.c	87-107	s_BlastDiagClear	-	algorithm/blastn/blast_engine/run.rs:632(advance_diag_table_offset)	faithful	none	Resets last_hit to -window, flag 0, offset to window when the offset reaches INT4_MAX/4.	-	
D-076	D	src/algo/blast/core/blast_extend.c	110-159	BlastExtendWordNew	eDiagArray, total query length <= 8000, a single query	algorithm/blastn/blast_engine/run.rs:7239(search_query_batch)	faithful	none	Array container with no hit_len_array for window 0, sized as above.	-	
D-077	D	src/algo/blast/core/blast_extend.c	110-159	BlastExtendWordNew	eDiagArray (blast_parameters.c:225-231: total length <= 8000) with more than one query	algorithm/blastn/blast_engine/run.rs:7240(search_query_batch: use_array_indexing requires queries.len() == 1)	divergent	low	NCBI picks the array for any query set whose concatenated length is <= 8000; LOSAT uses the hash container for two or more queries. The array equals exact-diagonal tracking (aliasing diagonals are >= table length apart), the hash can lose a diagonal's record to a different diagonal of the same bucket and so re-extend inside an explored region, giving extra init hits that NCBI's array would reject. Arises only with several short queries (total concatenated length <= 8000, about 4 kb of query); output difference not demonstrated.	T6	faithful after 0b3b851c7; diagonal array whenever the block is at most 8000; fixtures sq.* (12 queries, block 5155)
D-078	D	src/algo/blast/core/blast_extend.c	110-159	BlastExtendWordNew	eDiagHash (concatenated query > 8000): 512 buckets, chain 256, occupancy 1	algorithm/blastn/blast_engine/run.rs:743(DiagHashTable::new)	faithful	none	Same sizes, growth by doubling and initial offset/window.	-	
D-079	D	src/algo/blast/core/blast_extend.c	161-185	Blast_ExtendWordExit	array and hash: offset += subject_length + window, reset at INT4_MAX/4	algorithm/blastn/blast_engine/run.rs:632(advance_diag_table_offset);algorithm/blastn/blast_engine/run.rs:10203(search_query_batch)	faithful	none	Called once per subject chunk with the chunk length; LOSAT also advances the offset for chunks shorter than the word size.	-	
D-080	D	src/algo/blast/core/blast_extend.c	216-227	BLAST_InitHitListNew	-	algorithm/blastn/blast_engine/run.rs:3533(SubjectScratch)	n/a	none	Allocation of the init hit list; LOSAT uses a Vec.	-	
D-081	D	src/algo/blast/core/blast_extend.c	229-240	BlastInitHitListReset	-	algorithm/blastn/blast_engine/run.rs:7209(search_query_batch: ungapped_hits.clear())	n/a	none	Resets the list per subject chunk; LOSAT clears its Vec at the same point.	-	
D-082	D	src/algo/blast/core/blast_extend.c	325-358	BLAST_SaveInitialHit	-	algorithm/blastn/blast_engine/run.rs:8564(search_query_batch: ungapped_hits.push)	n/a	none	Appends in processing order; the do_not_reallocate/realloc failure path is memory handling only.	-	
D-083	D	src/algo/blast/core/blast_extend.c	274-304	score_compare_match	-	algorithm/blastn/blast_engine/run.rs:2811(score_compare_ungapped_hits)	divergent	low	Keys (score desc, s_start asc, length desc, q_start asc) match, but LOSAT's q_start is relative to the context start, NCBI's is the offset in the concatenated query; hits of different contexts (strands or queries) with equal score/s_start/length therefore sort differently (NCBI: lower context first; LOSAT: smaller relative q_start first or tie). Only the order of such hits inside one query's two strands can reach output (equal score, subject start and length on both strands, e.g. inverted repeats); output difference not demonstrated.	T1	faithful after 019ba8ea4; concatenated q_start, stable sort; fixtures pal.* (40 X+revcomp(X) queries) match NCBI before and after
D-084	D	src/algo/blast/core/blast_extend.c	306-310	Blast_InitHitListSortByScore	qsort of the init hit list (glibc 2.39 stable merge sort)	algorithm/blastn/blast_engine/run.rs:9719(search_query_batch)	divergent	low	LOSAT uses sort_unstable_by; the comparator returns 0 for distinct entries (equal extents with different seed offsets, which the hash container can produce; equal keys across contexts), so their order may differ from NCBI's stable order. No output difference found (not proven; expected because equal-extent duplicates are contained in each other during the gapped stage).	T1	faithful after 019ba8ea4; concatenated q_start, stable sort; fixtures pal.* (40 X+revcomp(X) queries) match NCBI before and after
D-085	D	src/algo/blast/core/blast_extend.c	312-322	Blast_InitHitListIsSortedByScore	-	-	n/a	none	Only used inside ASSERT (blast_gapalign.c), not executed in release builds.	-	
D-086	D	src/algo/blast/core/blast_nalookup.c	423-433;586-598;1371-1388	BlastSmallNaLookupTableDestruct/BlastNaLookupTableDestruct/BlastMBLookupTableDestruct	-	-	n/a	none	Freeing only; Rust drops the tables.	-	
D-087	D	src/algo/blast/core/lookup_wrap.c	197-252	LookupTableWrapFree	-	-	n/a	none	Freeing only.	-	
D-088	D	src/algo/blast/core/blast_extend.c	74-85;191-262	s_BlastDiagTableFree/s_BlastDiagHashFree/BlastExtendWordFree/BLAST_InitHitListFree	-	-	n/a	none	Freeing only.	-	
E1-001	E1	src/algo/blast/core/blast_engine.c	1632-1706	Blast_RunPreliminarySearchWithInterrupt	-	algorithm/blastn/blast_engine/run.rs:12063(search_query_batch)	faithful	none	Order is BLAST_GapAlignSetUp, BLAST_PreliminarySearchEngine, then merge of the local diagnostics; only this entry is called (prelim_search_runner.hpp:71; Blast_RunPreliminarySearch at 1609 is unused). The blastn CLI sets no interrupt callback, so no interrupt branch runs. LOSAT runs the preliminary stage over all subjects and then the traceback over the kept hit lists (CLocalBlast order). Setup parameters are compared in the blast_setup.c and blast_parameters.c ranges.	-	
E1-002	E1	src/algo/blast/core/blast_engine.c	1334-1475	BLAST_PreliminarySearchEngine	subject loop, db_length != 0 (multiseq total length), min_subj_seq_length = 1	algorithm/blastn/blast_engine/run.rs:5737(search_query_batch);algorithm/blastn/blast_engine/run.rs:6827(process_subject)	faithful	none	bl2seq subjects come from the multiseq source whose total length is the sum of subject lengths (dbscan_mode), so db_length != 0 and BLAST_OneSubjectUpdateParameters is not called; subjects are visited in input order. NCBI skips only subjects shorter than 1; LOSAT returns for length < word size (process_subject, run.rs:6939) which is equivalent: the scan range is empty so no word hit exists, and the skipped diag-table offset advance is invisible in the output. equivalent: no word hit possible below the word size.	-	
E1-003	E1	src/algo/blast/core/blast_engine.c	1434-1444	BLAST_PreliminarySearchEngine	db_length == 0 (environment variable BL2SEQ_LEGACY set; CLocalDbAdapter dbscan_mode false)	-	unported	low	With BL2SEQ_LEGACY set blast_app_util.cpp:206-211 builds the adapter with dbscan_mode false, the total length is 0 and BLAST_OneSubjectUpdateParameters recomputes eff lengths, search spaces and cutoffs per subject. LOSAT never reads BL2SEQ_LEGACY (grep finds none) and always uses the db_length != 0 path. BL2SEQ_LEGACY is not in the list of unset variables of the path scope.	R1	explicit rejection after 7b63980b2 (any value; an empty query still ends with Query is Empty!)
E1-004	E1	src/algo/blast/core/blast_engine.c	1480-1575	BLAST_PreliminarySearchEngine	gapped_calculation, hsp_list->hspcnt > 0: BlastHSPStreamWrite per subject	algorithm/blastn/blast_engine/run.rs:6827(process_subject);algorithm/blastn/blast_engine/run.rs:3459(collect_prelim_hit_lists);algorithm/blastn/blast_engine/run.rs:12063(search_query_batch)	faithful	none	The subject HSP list (after purge, sort, merge and the preliminary e-value reap) is written once per subject in subject order; lists with no HSP are not written. bl2seq ignores -num_threads (blast_args.cpp:3216-3228, SB-635), so the NCBI write order is the input order. equivalent: LOSAT scans subjects in parallel but collect_prelim_hit_lists feeds the collector in subject order (E2f). hit_params->low_score is NULL for blastn (low_score_perc is never set), so the low_score update after the write does not run; the ungapped (!gapped_calculation) branch is out of scope.	-	
E1-005	E1	src/algo/blast/core/blast_engine.c	1398-1399	BLAST_PreliminarySearchEngine	BlastLinkHSPParametersUpdate (link_hsp_params NULL for blastn)	-	n/a	none	Blastn has no sum statistics so hit_params->link_hsp_params is NULL and the update, CalculateLinkHSPCutoffs (protein only) and BLAST_LinkHsps calls do nothing.	-	
E1-006	E1	src/algo/blast/core/blast_engine.c	1598-1606	BLAST_PreliminarySearchEngine	end of search: diagnostics->cutoffs fill, word_params and aux_struct frees, itr/sequence release	algorithm/blastn/blast_engine/run.rs:5737(search_query_batch)	n/a	none	Bookkeeping at the end of the subject loop (s_FillReturnCutoffsInfo fills diagnostics only; frees). BlastInitialWordParametersNew is called before the loop and is classified in the blast_parameters.c range; s_BlastSetUpAuxStructures has its own row.	-	
E1-007	E1	src/algo/blast/core/blast_engine.c	145-182	s_BackupSubject	mask_type eNoSubjMasking (no lowercase subject mask)	algorithm/blastn/blast_engine/run.rs:412(SubjectSplitState::new)	faithful	none	full_range = (0, subject length), hard_ranges and soft_ranges both the full range, offset = next = 0, sm_index = hm_index = 0; LOSAT builds soft_ranges = [(0, len)].	-	
E1-008	E1	src/algo/blast/core/blast_engine.c	145-182	s_BackupSubject	mask_type eSoftSubjMasking (-lcase_masking, subject has lowercase)	algorithm/blastn/blast_engine/run.rs:412(SubjectSplitState::new);algorithm/blastn/blast_engine/run.rs:4019(build_subject_seq_ranges_from_masks)	faithful	none	soft_ranges = the subject seq_ranges built by SetupSubjects: range k = (to of mask k-1, from of mask k) with the first left forced to 0 and the last right forced to the subject length (BlastSeqBlkSetSeqRanges, blast_util.c:211-213; s_SeqLoc2MaskedSubjRanges, blast_setup_cxx.cpp:661-720); LOSAT builds the same pairs, drops masks starting at or after the subject end, and clamps the last mask end to the subject length. A subject whose masks fall outside the range stays unmasked in both.	-	
E1-009	E1	src/algo/blast/core/blast_engine.c	184-198;200-215	s_AllocateSeqRange / s_RestoreSubject	-	algorithm/blastn/blast_engine/run.rs:324(SeqRanges::as_slice)	n/a	none	Allocation and restore of the subject seq_ranges between chunks; LOSAT computes each chunk's ranges into a scratch vector, so nothing is observable.	-	
E1-010	E1	src/algo/blast/core/blast_engine.c	239	s_GetNextSubjectChunk	backup->next >= full_range.right (all chunks done)	algorithm/blastn/blast_engine/run.rs:455(SubjectSplitState::next_chunk)	faithful	none	Returns Done when next reaches the subject length; same test.	-	
E1-011	E1	src/algo/blast/core/blast_engine.c	241-269	s_GetNextSubjectChunk	subject not chunked (offset 0, residual 0, next == full_range.right)	algorithm/blastn/blast_engine/run.rs:455(SubjectSplitState::next_chunk);algorithm/blastn/blast_engine/run.rs:324(SeqRanges::as_slice)	faithful	none	length = hard_ranges[0].right - 0 = whole subject, seq_ranges = soft_ranges (full range or the lowercase ranges). LOSAT uses SeqRanges::Inline(0, len) for an unmasked subject and SoftRangesFull otherwise. Subjects up to 5,000,000 bases take this branch.	-	
E1-012	E1	src/algo/blast/core/blast_engine.c	241-277	s_GetNextSubjectChunk	subject longer than MAX_DBSEQ_LEN, no soft mask	algorithm/blastn/blast_engine/run.rs:455(SubjectSplitState::next_chunk)	faithful	none	Chunk length 5,000,000, next = offset + 5,000,000 - 100, offset = next - next % 4 (always 0 mod 4 here), seq_ranges = [(residual, length)] with residual 0; the last chunk takes the remaining length and next = full_range.right. Int4 sums cannot overflow below the 2^31 total length that LOSAT rejects. Unmasked chunks scan the full chunk (mask_type stays eNoSubjMasking so seq_ranges are ignored by the scanner and LOSAT passes masked = false).	-	
E1-013	E1	src/algo/blast/core/blast_engine.c	279-310	s_GetNextSubjectChunk	subject longer than MAX_DBSEQ_LEN, soft masked (lowercase ranges re-cut per chunk)	algorithm/blastn/blast_engine/run.rs:455(SubjectSplitState::next_chunk);algorithm/blastn/blast_engine/run.rs:324(SeqRanges::as_slice)	faithful	none	start = chunk offset, end = offset + length; i = sm_index; skip ranges with right < start; take ranges with left < end; sm_index = i - 1; first left clamped to 0 and last right clamped to the chunk length after subtracting the chunk offset. NCBI's skip loop has no bound but the last soft range always has right = subject length >= start, so LOSAT's bounded loops give the same result.	-	
E1-014	E1	src/algo/blast/core/blast_engine.c	296	s_GetNextSubjectChunk	SUBJECT_SPLIT_NO_RANGE (soft-masked chunk with no unmasked range)	algorithm/blastn/blast_engine/run.rs:455(SubjectSplitState::next_chunk);algorithm/blastn/blast_engine/run.rs:10252(search loop)	faithful	none	Chunk is skipped (caller continues), hm_index and next already advanced; LOSAT returns SubjectChunkStatus::NoRange and loops on.	-	
E1-015	E1	src/algo/blast/core/blast_engine.c	423-602	s_BlastSearchEngineOneContext	chunk loop, WordFinder call, init_hitlist->total == 0 skip	algorithm/blastn/blast_engine/run.rs:7103(collect_prelim_hits_for_chunk);algorithm/blastn/blast_engine/run.rs:455(SubjectSplitState::next_chunk)	faithful	none	Each chunk gets a fresh init hit list, the word finder (BlastNaWordFinder, other range) runs on the chunk, and a chunk without initial hits is skipped before any gapped work, merge or best-hit filter. kNucleotide is TRUE so the residual is next % 4; dbseq_chunk_overlap is DBSEQ_CHUNK_OVERLAP (100) because Blast_ProgramIsMapping is false.	-	
E1-016	E1	src/algo/blast/core/blast_engine.c	503-557	s_BlastSearchEngineOneContext	gapped: GetGappedScore, Blast_HSPListPurgeHSPsWithCommonEndpoints(TRUE), Blast_HSPListSortByScore	algorithm/blastn/blast_engine/run.rs:9742(prelim loop in collect_prelim_hits_for_chunk);algorithm/blastn/blast_engine/run.rs:10170(purge);algorithm/blastn/blast_engine/run.rs:10171(sort_prelim_hits_by_score)	faithful	none	GetGappedScore runs on the chunk's sorted init hits, then the purge of HSPs with common endpoints, then a score sort (stable, as glibc qsort; skipped when already sorted, like Blast_HSPListIsSortedByScore) - same order in LOSAT. The odd-score rounding call is under #if 0. Purge and sort internals belong to the blast_hits.c range.	-	
E1-017	E1	src/algo/blast/core/blast_engine.c	565-584	s_BlastSearchEngineOneContext	hspcnt == 0 skip, Blast_HSPListAdjustOffsets, overlap, Blast_HSPListsMerge (subject split)	algorithm/blastn/blast_engine/run.rs:10173(offset adjust);algorithm/blastn/blast_engine/run.rs:3149(merge_prelim_hit_lists);algorithm/blastn/blast_engine/run.rs:455(next_chunk overlap)	faithful	none	Offsets of the chunk's HSPs are shifted by the chunk offset after the purge and sort, then merged with the running list using split offset = chunk offset and contexts_per_query = INT4_MIN. NCBI computes overlap after s_GetNextSubjectChunk has already advanced hm_index, so for the last chunk it reads hard_ranges[1] out of bounds (the seq_ranges pointer bits); the value is 0 only for an unmasked first chunk (seq_ranges NULL gives left = 0) and is unused for the first chunk because the combined list is still NULL, and it is 100 for every later chunk (a masked subject would need offset to equal the low 32 bits of the seq_ranges pointer). equivalent: LOSAT computes overlap 0 for the first chunk of a multi-chunk subject and 100 for every other chunk (a single chunk gets 100, unused); empty chunk lists are skipped by merge_prelim_hit_lists. Merge internals belong to the blast_hits.c range.	-	
E1-018	E1	src/algo/blast/core/blast_engine.c	586-591	s_BlastSearchEngineOneContext	-subject_besthit: Blast_HSPListSubjectBestHit on the combined list after each non-empty chunk	algorithm/blastn/blast_engine/run.rs:3121(prelim_subject_best_hit)	faithful	none	Applied only when subject_besthit_opts is set, after each merge. LOSAT also runs it for chunks with no HSP; that is harmless because the filter is idempotent on a list it has already filtered (a survivor was never removed by any earlier non-NULL HSP, and removed HSPs never acted as containers). Filter internals belong to the blast_hits.c range.	-	
E1-019	E1	src/algo/blast/core/blast_engine.c	642-674	s_Blast_HSPListReapByPrelimEvalue	-	algorithm/blastn/blast_engine/run.rs:10458(retain_mut in process_subject);algorithm/blastn/blast_engine/run.rs:194(calculate_blastn_context_statistics)	divergent	low	NCBI frees an HSP when evalue > prelim_evalue (cutoff = options->expect_value) and keeps every other HSP; LOSAT keeps only when prelim_evalue <= evalue_threshold. They differ only when the cutoff or an e-value is NaN: NCBI keeps the HSP (NaN > x is false), LOSAT drops it. ncbi_double (value_parsers.rs:231) accepts a leading sign followed by nan (for example -evalue +nan). Ordinary values, +-inf and the -1 e-value of an invalid Karlin block agree.	T3	faithful after 35e3e6d7f; !(evalue > cutoff) in both reaps; unit test (NaN only, -evalue NaN rejected)
E1-020	E1	src/algo/blast/core/blast_engine.c	701-792;805-855	s_BlastSearchEngineCore	nucleotide, untranslated subject: contexts 1..1, subject->frame = 1, Blast_HSPListAppend	algorithm/blastn/blast_engine/run.rs:7103(collect_prelim_hits_for_chunk);algorithm/blastn/blast_engine/run.rs:9777(subject_frame_sign)	faithful	none	One pass over context 1 (subject plus strand; query strands live in the query contexts), subject->frame = 1 (LOSAT subject_frame_sign = 1); the chunk list is appended to the empty subject list with kHspNumMax = INT4_MAX (hsp_num_max is 0 and never set), which is a plain transfer. Translated, RPS and out-of-frame branches are out of scope.	-	
E1-021	E1	src/algo/blast/core/blast_engine.c	870-889	s_BlastSearchEngineCore	link_hsp_params NULL: Blast_HSPListGetEvalues for all HSPs of the subject	algorithm/blastn/blast_engine/run.rs:10458(retain_mut in process_subject);algorithm/blastn/blast_engine/run.rs:194(calculate_blastn_context_statistics)	faithful	none	E-values are computed once on the combined subject list: round the score down to even when sbp->round_down, then eff_searchsp * exp(-Lambda*S + logK) with the gapped Karlin block of the HSP's context (no Spouge block for blastn; stat_length is unused; scale_factor 1.0). LOSAT applies the same formula per HSP with the per-context eff_searchsp. Formula internals belong to the blast_hits.c range.	-	
E1-022	E1	src/algo/blast/core/blast_engine.c	891-910	s_BlastSearchEngineCore	matrix_only_scoring false; empty list freed; diagnostics	algorithm/blastn/blast_engine/run.rs:10433(if !combined_prelim_hits.is_empty)	faithful	none	sbp->matrix_only_scoring is only set for reward 0 / penalty 0 (rmblastn), which LOSAT rejects (scoring.rs:check_losat_limits, reward <= 0); an empty list after the reap is freed and not written. Gapped statistics counters are not output.	-	
E1-023	E1	src/algo/blast/core/blast_engine.c	612-636;110-120;927-955	s_BlastSearchEngineCoreCleanUp / s_BlastCoreAuxStructFree / s_FillReturnCutoffsInfo	-	-	n/a	none	Freeing of translation buffers, aux structures and filling of cutoff diagnostics; no effect on output, warnings or exit status.	-	
E1-024	E1	src/algo/blast/core/blast_engine.c	970-1069	s_BlastSetUpAuxStructures	blastn / megablast lookup (BlastNaWordFinder), GetGappedScore = BLAST_GetGappedScore	algorithm/blastn/blast_engine/run.rs:5737(search_query_batch);algorithm/blastn/blast_engine/run.rs:3682(SubjectScratch::new)	faithful	none	For a nucleotide lookup table that is not indexed, the scan routine (BlastChooseNucleotideScanSubject) and extension (BlastChooseNaExtend) are chosen in other ranges, WordFinder = BlastNaWordFinder, offset_pairs sized GetOffsetArraySize, init hit list new, GetGappedScore = BLAST_GetGappedScore. The word-finder diag table sizing from query->length (BlastExtendWordNew) is E2c section J. Smith-Waterman, jumper, PHI, protein and RPS branches are out of scope.	-	
E1-025	E1	src/algo/blast/core/blast_gapalign.c	291-360	BLAST_GapAlignStructNew	task blastn (ePrelimGapExt eDynProgScoreOnly)	algorithm/blastn/alignment/gapped.rs:120(GapAlignScratch::new)	faithful	none	dp_mem_alloc 1000 BlastGapDP, two prelim edit blocks, gap_x_dropoff = ext_params->gap_x_dropoff (the final X-drop is set before the traceback); chaining is off and jumper not used. equivalent: LOSAT keeps one scratch per worker and initialises dp_mem to MININT where C leaves it uninitialised (every cell is written before it is read).	-	
E1-026	E1	src/algo/blast/core/blast_gapalign.c	291-360;143-267	BLAST_GapAlignStructNew / s_BlastGreedyAlignMemAlloc	task megablast (eGreedyScoreOnly), gap costs 0/0 (non-affine last_seq2_off)	algorithm/blastn/alignment/greedy.rs:596(GreedyAlignScratch::new);algorithm/blastn/alignment/greedy.rs:390(GreedyNonAffineMem)	n/a	none	Allocation sized from min(5,000,000, max subject length)/2 + 1 capped at GREEDY_MAX_COST 1000; LOSAT sizes from the current subject. The result does not depend on max_dist: BLAST_GreedyGappedAlignment doubles max_dist and restarts the direction until BLAST_GreedyAlign converges (return -1 otherwise), and a converged run is independent of max_dist. Two full-width rows (2*max_d+6) and the traceback pool are modelled in LOSAT including stale cells (E2c section H).	-	
E1-027	E1	src/algo/blast/core/blast_gapalign.c	291-360;143-267	BLAST_GapAlignStructNew / s_BlastGreedyAlignMemAlloc	task megablast, affine gap costs (last_seq2_off_affine, diag_bounds)	algorithm/blastn/alignment/greedy.rs:596(GreedyAlignScratch::new);algorithm/blastn/alignment/greedy.rs:127(GreedyAffineMem)	n/a	none	Allocation for the affine greedy aligner: max_d *= GE_cost, diag_bounds, rows of max_cost+1; same max_dist-independence as above. NCBI returns -1 (an error) only if a malloc/calloc fails, which for gap costs near 32767 would need several GB (machine dependent, not reproduced); LOSAT rejects greedy gap costs above 32767 (see the rejected row).	-	
E1-028	E1	src/algo/blast/core/blast_gapalign.c	170-267	s_BlastGreedyAlignMemAlloc	megablast gap open or extend above 32767	algorithm/blastn/scoring.rs:156(check_greedy_gap_costs);algorithm/blastn/scoring.rs:177(MAX_GREEDY_GAP_COST)	rejected	low	LOSAT stops with 'gap costs above 32767 with greedy extension ... are not supported by LOSAT's BLASTN' because the NCBI 32-bit distance arithmetic (max_d *= GE_cost, scaled_max_dist) and allocations may overflow or fail.	K-limit	
E1-029	E1	src/algo/blast/core/blast_gapalign.c	70-140	s_GapGetState / s_GapPurgeState	-	algorithm/blastn/alignment/gapped.rs:202(gap_alloc_trace_row);algorithm/blastn/alignment/gapped.rs:196(gap_reset_traceback_state)	n/a	none	Traceback state pool of ALIGN_EX (2 MB chunks, rows start at used+1, purge only resets used and does not clear). LOSAT keeps one Vec per row and reuses rows without clearing; traceback only reads cells that the same DP pass wrote, so the retained stale bytes cannot reach the output.	-	
E1-030	E1	src/algo/blast/core/blast_gapalign.c	373-733	ALIGN_EX	task blastn traceback, left extension (reverse_sequence TRUE, q_start+1 by s_start+1) and right extension (start excluded)	algorithm/blastn/alignment/gapped.rs:2532(extend_gapped_one_direction_with_traceback_ex_with_scratch);algorithm/blastn/alignment/gapped.rs:1926(extend_gapped_one_direction_with_traceback_with_scratch)	faithful	none	Compared line by line: x_dropoff raised to gap_open+gap_extend, num_extra_cells (x_dropoff/gap_extend+3, N+3 if gap_extend is 0), the first row of gaps in A, per-row first_b_index/b_size updates, script bits (SUB, GAP_IN_A/B, EXTEND_GAP_A 0x10, EXTEND_GAP_B 0x40), the MININT = INT4_MIN/2 sentinels, row growth, the traceback walk from (a_offset, b_offset) and the run-length edit block with the op adjacent to the seed last. The read of b_index == N (sentinel byte in C, code 0 in LOSAT) only feeds next_score that no later cell uses. FENCE_SENTRY (201) cannot occur in a blastn subject, so the fence branches are dead in both.	-	
E1-031	E1	src/algo/blast/core/blast_gapalign.c	735-962	Blast_SemiGappedAlign	score_only TRUE/FALSE	-	n/a	none	Not called on the blastn path: the preliminary stage uses s_BlastAlignPackedNucl and the traceback calls ALIGN_EX directly (the Blast_SemiGappedAlign calls in BLAST_GappedAlignmentWithTraceback are commented out; other callers are protein and PHI). LOSAT's extend_gapped_one_direction (gapped.rs:981) is not used by the blastn engine.	-	
E1-032	E1	src/algo/blast/core/blast_gapalign.c	2370-2468	s_GetUngappedHSPContext / s_AdjustInitialHSPOffsets / s_SetUpLocalBlastSequenceBlk / s_AdjustHspOffsetsAndGetQueryData	-	algorithm/blastn/blast_engine/run.rs:3809(bsearch_context_info);algorithm/blastn/blast_engine/run.rs:9748(per-hit context)	faithful	none	NCBI finds the context of each initial hit by BSearchContextInfo on the seed q_off, subtracts the context start from q_off and ungapped q_start, and uses the context's query pointer and length. LOSAT stores the context index found at scan time and the context-local offsets (qs = ungapped.q_start - q_context_start; seed_q_off = q_off - q_context_start), and aligns the per-context query. equivalent: same context, same local coordinates.	-	
E1-033	E1	src/algo/blast/core/blast_gapalign.c	3664-3714;3803-3866;4101-4114	BLAST_GetGappedScore	setup: hsp list new, interval tree sized (query->length+1, subject->length+1), restricted_align / chaining / low_score / RPS parts not used	algorithm/blastn/blast_engine/run.rs:7193(BlastIntervalTree::new);algorithm/blastn/blast_engine/run.rs:9742(prelim loop)	faithful	none	For blastn restricted_align is FALSE (only blastp), chaining is off, hit_params->low_score is NULL, is_prot is FALSE and there is no RPS or out-of-frame work, so only the HSP list (hsp_num_max INT4_MAX), the interval tree (concatenated query length + 1 by chunk length + 1) and the per-hit loop remain. An empty init list returns before any of it.	-	
E1-034	E1	src/algo/blast/core/blast_gapalign.c	3657-3658;3804	BLAST_GetGappedScore	precondition: init_hitlist sorted by score_compare_match (sorted in BlastNaWordFinder, na_ungapped.c:1692)	algorithm/blastn/blast_engine/run.rs:2811(score_compare_ungapped_hits);algorithm/blastn/blast_engine/run.rs:9719(sort_unstable_by);algorithm/blastn/blast_engine/run.rs:8564(UngappedHit qs)	divergent	low	The comparator (score desc, s_start asc, length desc, q_start asc) is copied, but NCBI compares the q_start of the concatenated query while LOSAT's qs is context-local (qs = ungapped.q_start - q_context_start, run.rs:8440), and LOSAT uses sort_unstable_by where glibc qsort is a stable merge sort. Hits of different contexts (other strand or another query) with equal score, subject start and length order differently: NCBI puts the plus-strand hit first (its concatenated q_start is smaller), LOSAT orders by local qs and, when local qs is equal too, arbitrarily. Example: a query X followed by the reverse complement of X (an inverted repeat) searched against a subject containing X gives such ties between its two strands; ties between different queries are split per query later and cannot show. The order feeds the HSP list order (ScoreCompareHSPs ties again, stable sort) and therefore the order of the equal output lines. The sort itself is in the na_ungapped.c range.	T1	faithful after 019ba8ea4; concatenated q_start, stable sort; fixtures pal.* (40 X+revcomp(X) queries) match NCBI before and after
E1-035	E1	src/algo/blast/core/blast_gapalign.c	3850-3935;4058-4091	BLAST_GetGappedScore	per init hit: local copy, context offsets, BlastIntervalTreeContainsHSP, cutoff, Blast_HSPInit, Blast_HSPListSaveHSP, BlastIntervalTreeAddHSP	algorithm/blastn/blast_engine/run.rs:9742(prelim loop);algorithm/blastn/blast_engine/run.rs:9792(containing_hsp);algorithm/blastn/blast_engine/run.rs:10045(cutoff test);algorithm/blastn/blast_engine/run.rs:10069(add_hsp);algorithm/blastn/blast_engine/run.rs:10096(prelim_hits.push)	faithful	none	A hit is skipped when its ungapped box is contained by a gapped HSP already in the tree (min_diag_separation 50 for task blastn, 6 for megablast; tree internals belong to the E2 range); otherwise the score-only extension runs, and only a score >= cutoff_score (hit_params->cutoffs[context].cutoff_score = BLAST_Cutoffs for the expect value with the context's eff_searchsp, INT4_MAX for invalid contexts; options->cutoff_score is 0 for blastn) creates the HSP, appends it to the list in processing order, and adds it to the tree (query and subject). tmp_hsp.score is the ungapped score, frame sign +1. LOSAT matches this per hit; low-score and restricted-alignment redo branches are not reached.	-	
E1-036	E1	src/algo/blast/core/blast_gapalign.c	4012-4031	BLAST_GetGappedScore	megablast (is_greedy): q_off/s_off = ungapped start + length/2, BLAST_GreedyGappedAlignment(score only, compressed subject), start override	algorithm/blastn/blast_engine/run.rs:9959(greedy branch in prelim loop);algorithm/blastn/alignment/greedy.rs:3654(greedy_gapped_alignment_score_only)	faithful	none	The seed is the midpoint of the ungapped extension (Int4 division), the aligner runs on the context query and the packed chunk subject with the chunk length, and the HSP's start point is replaced by greedy_query/subject_seed_start. LOSAT skips the hit when the aligner returns no result; that can only happen for an empty extension range, which a start inside the ungapped box never has (NCBI would return an error status).	-	
E1-037	E1	src/algo/blast/core/blast_gapalign.c	4033-4047	BLAST_GetGappedScore	task blastn (DP): s_end >= s_off + 8 shifts the start by 3, s_BlastDynProgNtGappedAlignment	algorithm/blastn/blast_engine/run.rs:9865(dp branch in prelim loop);algorithm/blastn/alignment/gapped.rs:708(extend_gapped_heuristic_with_scratch)	faithful	none	The 3-base shift is applied to both q_off and s_off when the ungapped end is at least 8 past the seed (chunk-local coordinates), then the packed DP extension runs with x_dropoff = min(gap_x_dropoff, ungapped score) and the start point kept in the HSP is the shifted seed.	-	
E1-038	E1	src/algo/blast/core/blast_gapalign.c	2551-2570	s_BlastGreedyGapAlignStructFill	-	algorithm/blastn/alignment/greedy.rs:3323(greedy_gapped_alignment_internal)	faithful	none	Stores query/subject start and stop, the greedy seed start and the score; keeps the previous edit script only when the new one is NULL, which needs an empty traceback and cannot give a positive score. LOSAT returns the same fields in GreedyGappedCore.	-	
E1-039	E1	src/algo/blast/core/blast_gapalign.c	2761-2937	BLAST_GreedyGappedAlignment	score only (do_traceback FALSE), compressed_subject TRUE, gap costs 0/0 (megablast default)	algorithm/blastn/alignment/greedy.rs:3323(greedy_gapped_alignment_internal);algorithm/blastn/alignment/greedy.rs:3654(greedy_gapped_alignment_score_only)	faithful	none	rem = s_off % 4 for the right extension and 0 for the left, both directions call BLAST_AffineGreedyAlign (which hands 0/0 costs to BLAST_GreedyAlign), max_dist doubled and the direction restarted while the aligner returns a negative value, then score = (q_ext_r+s_ext_r+q_ext_l+s_ext_l)*reward/2 - d*(reward-penalty) with C left-to-right integer division, and the seed estimate (valid_seed_len_l/r from the longest exact run inside the alignment box, ties go to the left). X is gap_x_dropoff unscaled; doubling for odd rewards happens inside the aligner. Verified term by term.	-	
E1-040	E1	src/algo/blast/core/blast_gapalign.c	2761-2937	BLAST_GreedyGappedAlignment	score only, compressed_subject TRUE, affine gap costs; reward odd or even	algorithm/blastn/alignment/greedy.rs:3323(greedy_gapped_alignment_internal)	faithful	none	Same flow with BLAST_AffineGreedyAlign on affine costs; for an odd reward the aligner works on doubled scores and the caller halves the returned score (score /= 2, truncating), for an even reward it is returned as is; the seed estimate is the same.	-	
E1-041	E1	src/algo/blast/core/blast_gapalign.c	2761-2937	BLAST_GreedyGappedAlignment	traceback (do_traceback TRUE, compressed_subject FALSE, rem = 4), gap 0/0 or affine	algorithm/blastn/alignment/greedy.rs:3323(greedy_gapped_alignment_internal);algorithm/blastn/alignment/greedy.rs:3710(greedy_gapped_alignment_with_traceback)	faithful	none	Both prelim edit blocks reset, right and left extension with the edit blocks, Blast_PrelimEditBlockToGapEditScript, then s_ReduceGaps(esp, query+q_off-q_ext_l, subject+s_off-s_ext_l, query+q_off+q_ext_r, subject+s_off+s_ext_r) on the adjusted subject; the score formula is the same as in score-only mode. Called from the traceback stage on the AdjustSubjectRange subject (run.rs:10958).	-	
E1-042	E1	src/algo/blast/core/blast_gapalign.c	2480-2537	Blast_PrelimEditBlockToGapEditScript	-	algorithm/blastn/alignment/greedy.rs:1772(prelim_edit_block_to_gap_edit_script);algorithm/blastn/alignment/gapped.rs:3250(combined_edit_ops in extend_gapped_heuristic_with_traceback_with_scratch)	faithful	none	Left (rev) block in stored order, right (fwd) block reversed, the two ops next to the start point merged when their types are equal; size 0 gives a NULL script in C (LOSAT builds an empty script) which only happens for a zero-score empty alignment that cannot pass the cutoff. The DP traceback has its own transcription of the merge with the same rule.	-	
E1-043	E1	src/algo/blast/core/blast_gapalign.c	2572-2632	s_UpdateEditScript	-	algorithm/blastn/alignment/greedy.rs:1855(update_edit_script)	faithful	none	Walks back (bf) and forward (af) over the script until the substitution deficit qd/sd is covered, writes the negative filler count, zeroes the ops between, adds bf/af to the current op and rewrites the neighbouring gap op as Del or Ins of |qd-sd|; do-while exit conditions and early returns match, signed Int4 counts kept in i32.	-	
E1-044	E1	src/algo/blast/core/blast_gapalign.c	2634-2667	s_RebuildEditScript	-	algorithm/blastn/alignment/greedy.rs:1969(rebuild_edit_script)	faithful	none	Same compaction: skip zero counts, merge equal ops, copy when a substitution is involved, otherwise cancel the shorter gap against the longer (d > 0, d < 0, d == 0 branches incl. the j == 0 case). In C the d > 0 branch with j == 0 writes esp->num[-1] (undefined); LOSAT would panic there; the case needs two different gap ops with no substitution first in the script, which the greedy tracebacks do not produce.	-	
E1-045	E1	src/algo/blast/core/blast_gapalign.c	2669-2759	s_ReduceGaps	-	algorithm/blastn/alignment/greedy.rs:2012(reduce_gaps)	faithful	none	First pass extends substitution runs of 12 or more over adjacent matches (nm1 backwards bounded by the query start only, nm2 forwards with the post-increment probe and the final q1--/s1--), second pass reduces short gap-sub-gap triples (d == 3 special case, d < 12 with nm1/nm2 and d = min) with the same pointer arithmetic. The subject read before the alignment start is the sentinel in C and a bound in LOSAT (E2c section K); with AdjustSubjectRange shifting the subject it is a real base in C, but reaching it needs an alignment with several thousand net gap letters.	-	
E1-046	E1	src/algo/blast/core/blast_gapalign.c	2948-3017	s_BlastDynProgNtGappedAlignment	-	algorithm/blastn/alignment/gapped.rs:708(extend_gapped_heuristic_with_scratch)	faithful	none	x_dropoff = min(gap_x_dropoff, ungapped score); offset_adjustment = 4 - s_off % 4 added to both q and s starts (back off by 4 when either exceeds its length); left extension reversed, right extension from query+q_length-1 and packed subject+(s_length+3)/4-1 only when both starts are inside; stops = lengths otherwise; score = left + right. LOSAT's guard for a start past the end cannot trigger for valid seeds.	-	
E1-047	E1	src/algo/blast/core/blast_gapalign.c	3033-3245	s_BlastAlignPackedNucl	reverse_sequence TRUE (left) and FALSE (right)	algorithm/blastn/alignment/gapped.rs:1304(blast_align_packed_nucl_with_scratch)	faithful	none	Score-only X-drop DP over the packed subject: unpack base A[(M-a)/4] at (a-1)%4 for the reverse case and A[1+(a-1)/4] at 3-(a-1)%4 for the forward case, query bytes read through the BLASTNA matrix (sentinel row/column INT4_MIN/2), MININT = INT4_MIN/2 start values, x_dropoff raised to gap_open+gap_extend, dp_mem growth rules and the window shrink/extend steps all match; int arithmetic wraps like C.	-	
E1-048	E1	src/algo/blast/core/blast_gapalign.c	3247-3320	BlastGetOffsetsForGappedAlignment	nucleotide (matrix scoring), traceback start when the gapped start is (0,0)	algorithm/blastn/alignment/gapped.rs:394(blast_get_offsets_for_gapped_alignment);algorithm/blastn/blast_engine/run.rs:10581(prepare_traceback)	faithful	none	q_length <= 11 returns the HSP midpoint; otherwise the best 11-wide window along the common diagonal, then the window at the HSP end if the best is not positive, else failure (the HSP is dropped). LOSAT also returns no start for an empty range, which an HSP never has. Called only when both gapped starts are 0, as in blast_traceback.c:436.	-	
E1-049	E1	src/algo/blast/core/blast_gapalign.c	3322-3390	BlastGetStartForGappedAlignmentNucl	-	algorithm/blastn/alignment/gapped.rs:493(blast_get_start_for_gapped_alignment_nucl);algorithm/blastn/blast_engine/run.rs:10596(prepare_traceback)	divergent	low	UNSURE (reachability): offset = min(s_gapped_start - s_hsp_offset, q_gapped_start - q_hsp_offset) is computed in usize in LOSAT but Int4 in C, where it is negative when the gapped start lies left of the preliminary HSP start and q_start = gapped_start - offset then moves right. In release builds equal negative differences wrap to the same result, but a negative difference on one axis and a non-negative one on the other picks a different minimum, and debug builds would panic. A start left of the HSP needs a score-only DP start (seed+3 rounded up to a multiple of 4) followed by mismatches (small -word_size, task blastn); greedy seeds always lie inside the alignment box. The identity-run loops, hspMaxIdentRun 10 and 10*1.5 = 15, the max_offset = index - score/2 rule and the return values match.	T2	faithful after b5940fba9 (+ fixture de42604ff); Int4 offset; overflow hunt (2762 commands, overflow-checked build): the only overflow site, 188 commands, all equal NCBI before and after; 926 sweep combinations equal
E1-050	E1	src/algo/blast/core/blast_gapalign.c	4162-4191	AdjustSubjectRange	subject_length >= MAX_SUBJECT_OFFSET (90000)	algorithm/blastn/blast_engine/run.rs:587(adjust_subject_range)	faithful	none	Same Int4 arithmetic: max_extension_left = q_off + 3000, right = query_len - q_off + 3000, start_shift and the clipped length; shorter subjects return shift 0 and are untouched.	-	
E1-051	E1	src/algo/blast/core/blast_gapalign.c	4549-4717	BLAST_GappedAlignmentWithTraceback	task blastn (not out-of-frame): ALIGN_EX left from q_start+1/s_start+1, right from q_start+1, gap pruning at both ends	algorithm/blastn/alignment/gapped.rs:3114(extend_gapped_heuristic_with_traceback_with_scratch);algorithm/blastn/blast_engine/run.rs:11011(call in traceback)	faithful	none	Left extension includes the start point and right excludes it; query_start = q_start - private_q + 1 and query_stop = q_start + private_q + 1; a right extension with zero length leaves stop = start+1 as in C; the edit script is the merged rev+fwd script; leading and trailing non-substitution ops are removed with the start/stop and score corrected by gap_open + num*gap_extend, both ends. The final X-drop (100 bits) is used as gap_x_dropoff, set by the traceback caller.	-	
E1-052	E1	src/algo/blast/core/greedy_align.c	313-376	s_FindFirstMismatch	rem == 4 (uncompressed subject, traceback stage), forward and reverse	algorithm/blastn/alignment/greedy.rs:2248(find_first_mismatch_greedy)	faithful	none	Counts matching positions while seq1 < 4 (an ambiguity code in the query always mismatches, including N against N) and seq1 == seq2; reverse indexes len-1-index. Bounds are the sequence lengths in both.	-	
E1-053	E1	src/algo/blast/core/greedy_align.c	313-376	s_FindFirstMismatch	rem != 4 (packed ncbi2na subject, preliminary stage), forward and reverse	algorithm/blastn/alignment/greedy.rs:2248(find_first_mismatch_greedy);algorithm/blastn/alignment/greedy.rs:2231(ncbi2na_unpack_base)	faithful	none	Forward reads byte (seq2_index+rem)/4 at 3-(seq2_index+rem)%4, reverse reads byte (len2-1-seq2_index)/4 at 3-(len2-1-seq2_index)%4 without rem (the left extension starts at the byte start, rem = 0); query ambiguity codes (>= 4) never equal a 0..3 base. Same condition order and bounds.	-	
E1-054	E1	src/algo/blast/core/greedy_align.c	336-339;359-362	s_FindFirstMismatch	seq2 byte equals FENCE_SENTRY (201) sets fence_hit	algorithm/blastn/alignment/greedy.rs:2248(find_first_mismatch_greedy)	n/a	none	A blastn subject (BLASTNA codes 0..15 with 0xF sentinel) never contains 201, so fence_hit stays FALSE in both implementations; the fence returns in the aligners are dead.	-	
E1-055	E1	src/algo/blast/core/greedy_align.c	380-752	BLAST_GreedyAlign	gap costs 0/0, score only (edit_block NULL: rolling rows last_seq2_off[d+1] = [d-1])	algorithm/blastn/alignment/greedy.rs:2446(blast_greedy_align)	faithful	none	Checked: xdrop_offset = (X + match/2)/(match+mismatch) + 1, max_score zero fill, first-mismatch early return (index == len1 or len2, d = 0, seed set), the d loop with the four sentinel writes of kInvalidOffset at d-1, xdrop_score = ceil(max_score[d-xdrop_offset] + (match+mismatch)*d - X)/(match/2)) with C's integer match/2 (match is even after the odd-reward doubling), the per-diagonal MAX(k+1,k)+1 then MAX with k-1, the x-drop rejection narrowing diag_lower or writing kInvalidOffset, slide, longest exact run seed, end1/end2 clamping, best update with >= , convergence when diag_lower > diag_upper and -1 when max_dist is exhausted. The two rolling rows reproduce the C aliasing. reward >= 1 is guaranteed (reward <= 0 is rejected), so no division by zero.	-	
E1-056	E1	src/algo/blast/core/greedy_align.c	380-752	BLAST_GreedyAlign	gap costs 0/0, with traceback (edit_block set, rows kept in the MB space pool)	algorithm/blastn/alignment/greedy.rs:2446(blast_greedy_align);algorithm/blastn/alignment/greedy.rs:2420(get_next_non_affine_tback)	faithful	none	Same loop with a new row per distance from the pool ((diag_upper-diag_lower+7)/3 three-int units, origin diag_lower-2), pool rewound per call so stale cells persist as in C; traceback via s_GetNextNonAffineTback (prefer diag-1 only if strictly larger than both others, then diag, else diag+1), substitution runs of seq2 differences (minus 1 for a gap in seq1), then the first run last_seq2_off[0][diag_origin].	-	
E1-057	E1	src/algo/blast/core/greedy_align.c	755-816	BLAST_AffineGreedyAlign	odd match score doubles match, mismatch, X, gap open and extend; gap open == gap extend == 0 hands over to BLAST_GreedyAlign	algorithm/blastn/alignment/greedy.rs:2839(blast_affine_greedy_align)	faithful	none	match % 2 == 1 multiplies all five values by 2 before the 0/0 test (megablast default 1/-2 becomes 2/4, X doubled); the 0/0 case calls the non-affine aligner with the doubled values.	-	
E1-058	E1	src/algo/blast/core/greedy_align.c	818-1201;1249	BLAST_AffineGreedyAlign	affine gap costs, score only (edit_block NULL: last_seq2_off[d] = [d-max_penalty-1])	algorithm/blastn/alignment/greedy.rs:2839(blast_affine_greedy_align);algorithm/blastn/alignment/utilities.rs:20(gdb3)	faithful	none	Checked: op_cost = match+mismatch, gap_extend + match/2, BLAST_Gdb3 gcd reduction of (op_cost, gap_open, gap_extend) with the X threshold not divided, max_penalty = MAX(op_cost, gap_open_extend), scaled_max_dist = max_dist*gap_extend, diag_bounds with kInvalidDiag for negative distances, the open/extend/match candidate offsets for deletions and insertions, xdrop_score clamped at 0, end1_diag/end2_diag handling, strict > for the best score, num_nonempty_dist bookkeeping and the next-distance diagonal ranges. The unconditional diag_lower[d-max_penalty] read at d < max_penalty hits the invalid initial entries (no decrement); LOSAT guards d >= max_penalty, equal.	-	
E1-059	E1	src/algo/blast/core/greedy_align.c	1203-1249	BLAST_AffineGreedyAlign	affine gap costs, with traceback (rows from the pool for d > max_penalty)	algorithm/blastn/alignment/greedy.rs:2839(blast_affine_greedy_align);algorithm/blastn/alignment/greedy.rs:2330(get_next_affine_tback_from_match);algorithm/blastn/alignment/greedy.rs:2371(get_next_affine_tback_from_indel)	faithful	none	Traceback state machine Sub / Ins / Del with s_GetNextAffineTbackFromMatch and FromIndel, best_diag moved by -1 / +1, seq2_index decremented for deletions, final run last_seq2_off[0][diag_origin].match_off; preallocated rows for d <= max_penalty and pool rows after, as in C. Index guards for negative distances stand for the invalid initial diag bounds.	-	
E1-060	E1	src/algo/blast/core/greedy_align.c	148-258;275-294	s_GetNextAffineTbackFromMatch / s_GetNextAffineTbackFromIndel / s_GetNextNonAffineTback	-	algorithm/blastn/alignment/greedy.rs:2330(get_next_affine_tback_from_match);algorithm/blastn/alignment/greedy.rs:2371(get_next_affine_tback_from_indel);algorithm/blastn/alignment/greedy.rs:2420(get_next_non_affine_tback)	faithful	none	Same comparisons and tie-breaks (>= for the match candidate, > insert over delete, new_seq2_index < match_off for opening a gap, strict > in the non-affine choice).	-	
E1-061	E1	src/algo/blast/core/greedy_align.c	42-126	MBSpaceNew / s_RefreshMBSpace / s_GetMBSpace / MBSpaceFree	-	algorithm/blastn/alignment/greedy.rs:436(refresh_traceback_pool);algorithm/blastn/alignment/greedy.rs:484(alloc_traceback_row)	n/a	none	Memory pool for traceback rows (1,000,000 SGreedyOffset units per block, rewound per call, a new block of max(1e6, request) when full). Only memory and the reuse of stale cells matter and LOSAT models both; a negative request (empty affine range) returns NULL but the row is never read.	-	
E1-062	E1	src/algo/blast/core/gapinfo.c	56-72;75-86	GapEditScriptNew / GapEditScriptDelete	-	algorithm/blastn/alignment/greedy.rs:617(GapEditScript::new)	faithful	none	calloc of op_type and num; size <= 0 returns NULL in C whereas LOSAT builds an empty script, which only matters for an empty traceback (see Blast_PrelimEditBlockToGapEditScript).	-	
E1-063	E1	src/algo/blast/core/gapinfo.c	133-185	s_GapPrelimEditBlockRealloc / s_GapPrelimEditBlockAddNew / GapPrelimEditBlockAdd	-	algorithm/blastn/alignment/greedy.rs:529(GapPrelimEditBlock::add);algorithm/blastn/alignment/gapped.rs:293(gap_edit_ops_add)	faithful	none	Zero counts ignored; the new count is added to the last op when its type equals last_op (last_op is INVALID after a reset), otherwise a new op is appended. The DP traceback uses gap_edit_ops_add with the same rule on a Vec.	-	
E1-064	E1	src/algo/blast/core/gapinfo.c	187-232	GapPrelimEditBlockNew / GapPrelimEditBlockReset / GapPrelimEditBlockAppend	-	algorithm/blastn/alignment/greedy.rs:513(new);algorithm/blastn/alignment/greedy.rs:522(reset);algorithm/blastn/alignment/greedy.rs:550(append)	faithful	none	Reset sets num_ops = 0 and last_op = INVALID (LOSAT also clears the vector, never read past num_ops); Append re-adds each op through GapPrelimEditBlockAdd (not called on the blastn path).	-	
E1-065	E1	src/algo/blast/core/gapinfo.c	39-52;202-211	GapStateFree / GapPrelimEditBlockFree / GapEditScriptDup	-	-	n/a	none	Freeing and duplication helpers; no effect on output.	-	
E1-066	E1	src/algo/blast/core/ncbi_math.c	407-435	BLAST_Gcd / BLAST_Gdb3	-	algorithm/blastn/alignment/utilities.rs:4(gcd_i32);algorithm/blastn/alignment/utilities.rs:20(gdb3)	faithful	none	Called by the affine greedy aligner. C takes ABS only of the second argument while LOSAT takes abs of both; the arguments (op_cost, gap_open, gap_extend + match/2) are non-negative for every gap cost that passes the Karlin-Altschul table check, so the results agree. g > 1 divides all three; gap_open == 0 uses gcd(op_cost, gap_extend).	-	
E1-067	E1	src/algo/blast/core/blast_gapalign.c	56-61;4155-4160	macros MININT, CHUNKSIZE, MAX_SUBJECT_OFFSET, MAX_TOTAL_GAPS	-	algorithm/blastn/alignment/gapped.rs:101(GAP_MININT);algorithm/blastn/blast_engine/run.rs:229(MAX_SUBJECT_OFFSET);algorithm/blastn/blast_engine/run.rs:230(MAX_TOTAL_GAPS)	faithful	none	MININT = INT4_MIN/2 (an unparenthesised macro, only used as a plain value) is i32::MIN / 2; the C arithmetic on it (best + matrix sentinel INT4_MIN/2) reaches INT4_MIN exactly and LOSAT's release build wraps like the x86-64 oracle; MAX_SUBJECT_OFFSET 90000 and MAX_TOTAL_GAPS 3000 agree; CHUNKSIZE (2 MB state pool block) has no output effect.	-	
E1-068	E1	src/algo/blast/core/greedy_align.c	129;796	constants kInvalidOffset, kInvalidDiag (and GREEDY_MAX_COST 1000, GREEDY_MAX_COST_FRACTION 2 of greedy_align.h)	-	algorithm/blastn/constants.rs:68(INVALID_OFFSET);algorithm/blastn/constants.rs:70(INVALID_DIAG);algorithm/blastn/constants.rs:63(GREEDY_MAX_COST)	faithful	none	kInvalidOffset = -2 and kInvalidDiag = 100000000 agree; the initial max_dist formula min(1000, length/2 + 1) is applied to the current subject length (no output effect, see BLAST_GapAlignStructNew).	-	
E2-001	E2	src/algo/blast/core/blast_traceback.c	78-96	Blast_HSPUpdateWithTraceback	-	algorithm/blastn/blast_engine/run.rs:11339(search_query_batch)	faithful	none	score, query/subject offset and end are taken from the traceback result and the edit script is moved to the HSP; LOSAT builds the BlastnHsp from final_qs/final_qe/final_ss/final_se/score/edit_ops at the same point (before the identity test, subject shift and tree add); gapped_start is not read again after this in either	-	
E2-002	E2	src/algo/blast/core/blast_traceback.c	106-122	s_HSPListRescaleScores	scale_factor 1.0 (blastn/megablast)	algorithm/blastn/blast_engine/run.rs:11857-11869(search_query_batch)	faithful	none	equivalent: no LOSAT code; (Int4)((score+0.5)/1.0) equals score for the positive traceback scores, and the Blast_HSPListSortByScore that follows sees a list that is still score-sorted after the final containment pass (order-preserving deletes), so it is a no-op	-	
E2-003	E2	src/algo/blast/core/blast_traceback.c	131-190	s_BlastHSPRPSUpdate;s_BlastHSPListRPSUpdate	non-RPS program: returns at once	-	n/a	none	RPS-BLAST only; s_BlastHSPListRPSUpdate returns immediately for blastn	-	
E2-004	E2	src/algo/blast/core/blast_traceback.c	198-253	s_HSPListPostTracebackUpdate	blastn gapped, link_hsp_params NULL, scale 1.0	algorithm/blastn/blast_engine/run.rs:11850-11869(search_query_batch);algorithm/blastn/blast_engine/run.rs:194(calculate_blastn_context_statistics)	faithful	none	equivalent: GetEvalues, ReapByEvalue, Rescale, GetBitScores are done in one pass over the survivors of the final containment pass, in the same position relative to endpoint purge, reevaluation and containment as NCBI; BLAST_LinkHsps is not called (link_hsp_params is NULL for blastn); the stat_length argument is unused by the blastn e-value	-	
E2-005	E2	src/algo/blast/core/blast_traceback.c	258-723	Blast_TracebackFromHSPList	affine gaps (eDynProgTbck): per-HSP first loop	algorithm/blastn/blast_engine/run.rs:10506-11341(search_query_batch)	faithful	none	same order per HSP: BlastIntervalTreeContainsHSP on the live tree, start offsets, AdjustSubjectRange, DP traceback, Blast_HSPUpdateWithTraceback, Blast_HSPGetNumIdentitiesAndPositives+Blast_HSPTest, Blast_HSPAdjustSubjectOffset, BlastIntervalTreeAddHSP(eQueryAndSubject); equivalent: the DP of up to 16 HSPs may run speculatively in parallel but its result is used only after the live ordered containment check (a HSP that is not contained at batch start but contained later is dropped, one skipped at batch start but eligible later is recomputed); no cutoff test after traceback in either (cutoff is only used by SW and RMH code)	-	
E2-006	E2	src/algo/blast/core/blast_traceback.c	258-723	Blast_TracebackFromHSPList	greedy traceback (kGreedyTraceback: non-affine gap costs 0/0)	algorithm/blastn/blast_engine/run.rs:11043,11426-11430(search_query_batch)	faithful	none	identity test skipped in the first loop, extra_start forced to 0 so every HSP is reevaluated and identity-tested later (LOSAT keeps matches=0 until then); BLAST_GreedyGappedAlignment is in greedy_align.c (another range); a failed greedy extension drops the HSP in LOSAT (None) where NCBI ignores the status, only reachable on allocation failure	-	
E2-007	E2	src/algo/blast/core/blast_traceback.c	258-723	Blast_TracebackFromHSPList	hsp->query.gapped_start==0 && subject.gapped_start==0 (BlastGetOffsetsForGappedAlignment) vs else (BlastGetStartForGappedAlignmentNucl)	algorithm/blastn/blast_engine/run.rs:10558-10600(prepare_traceback)	faithful	none	same (0,0) test on the preliminary seed (seed_qs/seed_ss) and same removal without tree add when no start is found; the two start routines are in blast_gapalign.c (another range)	-	
E2-008	E2	src/algo/blast/core/blast_traceback.c	258-723	Blast_TracebackFromHSPList	after the loop: purge FALSE, reevaluate tail from extra_start, purge TRUE (blastn), score resort, reset tree + final containment	algorithm/blastn/blast_engine/run.rs:11380-11830(search_query_batch)	faithful	none	same call order and arguments (Blast_HSPListPurgeHSPsWithCommonEndpoints(FALSE) -> Blast_HSPReevaluateWithAmbiguitiesGapped + Blast_HSPTestIdentityAndLength for index>=extra_start -> PurgeNullHSPs -> Purge(TRUE) -> Blast_HSPListSortByScore -> tree reset and ContainsHSP/AddHSP over the sorted list); LOSAT holds no NULL slots (equivalent to PurgeNullHSPs)	-	
E2-009	E2	src/algo/blast/core/blast_traceback.c	341-373	Blast_TracebackFromHSPList	input HSP list order: NCBI trusts that the prelim list is score-sorted (ASSERT only in debug builds); LOSAT sorts it by score	algorithm/blastn/blast_engine/run.rs:10530(search_query_batch)	divergent	low	a full preliminary hit list (more than prelim_hitlist_size subjects) is heapified by Blast_HitListUpdate, which sorts each stored HSP list by e-value (Blast_HSPListSortByEvalue), and the 2.17.0 release build does not re-sort, so NCBI visits the HSPs in e-value order; LOSAT's sort_prelim_hits_by_score restores score order; the two orders differ only when HSPs of one subject come from contexts with different gapped Karlin blocks (e.g. gap costs in the copied-ungapped domain), then tree containment and which HSPs get a traceback can differ	T4	faithful after 7eb018f70; traced in the stored order (heap lists in e-value order); for BLASTN equal to score order; one interval tree equivalent to per-query trees; fixtures prelim.gaps10_*, ties.gaps10_1_1
E2-010	E2	src/algo/blast/core/blast_traceback.c	258-723	Blast_TracebackFromHSPList	translated subject, RPS, out-of-frame, Smith-Waterman, complexity-adjusted scoring, fence_hit rollback	-	n/a	none	not reached by blastn/megablast: eTbackExt is eDynProgTbck or eGreedyTbck, sbp->complexity_adjusted_scoring is FALSE, fence_hit is a non-NULL pointer so BlastHSPListDup/Blast_HSPListFree/Blast_HSPListSwap run but only copy and free (BLAST_GappedAlignmentWithTraceback sets the fence only for translated subjects)	-	
E2-011	E2	src/algo/blast/core/blast_traceback.c	819-828	Blast_TracebackGetEncoding	nucleotide subject -> eBlastEncodingNucleotide (blastna)	algorithm/blastn/blast_engine/run.rs:6950-6955(process_subject)	faithful	none	traceback, ambiguity reevaluation and identity counting read the subject as blastna codes (14=N), not ncbi2na/ncbi4na; LOSAT uses s_seq_blastna	-	
E2-012	E2	src/algo/blast/core/blast_traceback.c	836-868	s_FilterBlastResults	-max_hsps N: Blast_TrimHSPListByMaxHsps on each final HSP list	algorithm/blastn/blast_engine/run.rs:4595(post_process_hits_and_write);algorithm/blastn/hsp.rs:772(trim_by_max_hsps)	faithful	none	applied per HSP list of every query's hit list after all subjects are inserted, before the best-evalue sort and prune, in the list order of the hit list; best_evalue of the list is not recomputed in either, so the later sort sees the stale value in both	-	
E2-013	E2	src/algo/blast/core/blast_traceback.c	836-868	s_FilterBlastResults	-subject_besthit: Blast_HSPListSubjectBestHit on each final HSP list (after the max_hsps trim)	algorithm/blastn/blast_engine/run.rs:4599(post_process_hits_and_write);algorithm/blastn/filtering/subject_best_hit.rs:43(subject_best_hit)	faithful	none	same position and order (trim, then best hit); query length passed is the query's own length (both contexts have the same length for blastn); the qcov_hsp_perc branch is out of scope	-	
E2-014	E2	src/algo/blast/core/blast_traceback.c	877-893	s_BlastPruneExtraHits	-	algorithm/blastn/hsp.rs:1115(prune_by_size)	faithful	none	keeps the first hitlist_size lists after the e-value sort; hitlist_size 0 clears the list as in C	-	
E2-015	E2	src/algo/blast/core/blast_traceback.c	1378-1422	BLAST_ComputeTraceback	-	-	n/a	none	thread-local data setup and call into BLAST_ComputeTraceback_MT; allocation only	-	
E2-016	E2	src/algo/blast/core/blast_traceback.c	1436-1786	BLAST_ComputeTraceback_MT	non-RPS, non-CBS, eDynProgTbck/eGreedyTbck: batches per subject OID, traceback per HSP list, Blast_HSPResultsInsertHSPList(hitlist_size)	algorithm/blastn/blast_engine/run.rs:11968-12060(search_subjects);algorithm/blastn/blast_engine/run.rs:4393(update_hitlists_with_subject_hits)	faithful	none	equivalent: LOSAT walks the subjects in index order (NCBI reads batches in increasing OID), runs the traceback on all queries' kept HSPs of a subject at once instead of one HSP list per query (queries do not interact: contexts, strand offsets and endpoint tests are per query and stable sorts keep each query's relative order), then inserts each query's list into its hit list of hitlist_size subjects; the one shared interval tree holds HSPs of all queries (NCBI builds one tree per query list): foreign HSPs never match or contain (different strand offset) and cannot change the leaf reached, the only structural effect would be on the C midpoint-list unlink quirk, which needs two coexisting HSPs with the same endpoint	-	
E2-017	E2	src/algo/blast/core/blast_traceback.c	1436-1786	BLAST_ComputeTraceback_MT	-num_threads > 1 (omp parallel for, per-thread results, SThreadLocalDataArrayConsolidateResults)	-	n/a	none	NCBI forces one thread when -subject is given (blast_args.cpp:3224-3233), so actual_num_threads is 1 and the single thread-local result is consolidated as is	-	
E2-018	E2	src/algo/blast/core/blast_traceback.c	1436-1786	BLAST_ComputeTraceback_MT	BlastSeqSrcGetTotLen(seqsrc)==0: BLAST_OneSubjectUpdateParameters per subject	-	n/a	none	not taken: the -subject set is a dbscan-mode CLocalDbAdapter whose total length is nonzero (blast_app_util.cpp:206-211, seqsrc_multiseq.cpp:175-181), so the effective search space keeps the whole-set value (see run.rs:6990-7000)	-	
E2-019	E2	src/algo/blast/core/blast_traceback.c	1436-1786	BLAST_ComputeTraceback_MT	Blast_HSPResultsApplyMasklevel when hit_params->mask_level < 101	-	n/a	none	not executed: mask_level defaults to 101 (blast_options.c:1458, blast_parameters.c:772) and blastn has no option to change it	-	
E2-020	E2	src/algo/blast/core/blast_traceback.c	1753-1771	BLAST_ComputeTraceback_MT	Blast_HSPResultsSortByEvalue after s_FilterBlastResults (TotLen>0), then s_BlastPruneExtraHits	algorithm/blastn/blast_engine/run.rs:4616-4629(post_process_hits_and_write);algorithm/blastn/hsp.rs:1096(sort_by_evalue)	faithful	none	per query: filter, e-value sort of the HSP lists, prune to hitlist_size, in this order	-	
E2-021	E2	src/algo/blast/core/blast_traceback.c	1324-1372	BLAST_SetupPartialFetching	BlastSeqSrcGetSupportsPartialFetching	-	n/a	none	the multi-sequence subject source of -subject does not support partial fetching (seqsrc_multiseq.cpp sets no GetSupportsPartialFetching), so the function is not called	-	
E2-022	E2	src/algo/blast/core/blast_traceback.c	1809-1854	Blast_RunTracebackSearchWithInterrupt	non-CBS: BlastHSPStreamClose then BLAST_ComputeTraceback_MT	algorithm/blastn/blast_engine/run.rs:3506(prelim_hits_by_subject)	n/a	none	wrapper (thread data setup, ADAPTIVE_CBS unset); the stream close is classified under BlastHSPStreamClose	-	
E2-023	E2	src/algo/blast/core/blast_hits.c	43-71	GetPrelimHitlistSize	compositionBasedStats==0, gapped_calculation (blastn/megablast default)	algorithm/blastn/hsp.rs:508(get_prelim_hitlist_size);algorithm/blastn/blast_engine/run.rs:6617(search_query_batch)	faithful	none	MIN(MAX(2*h,10),h+50) in Int4 with wraparound reproduced by wrapping_mul/wrapping_add (h>=2^30 gives 10; h>2^31-51 gives a negative size which LOSAT rejects: check_losat_limits, NCBI crashes)	-	
E2-024	E2	src/algo/blast/core/blast_hits.c	43-71	GetPrelimHitlistSize	compositionBasedStats!=0 (ADAPTIVE_CBS or fixed 1050 branches)	-	n/a	none	composition-based statistics are not used by blastn/megablast; ADAPTIVE_CBS is unset	-	
E2-025	E2	src/algo/blast/core/blast_hits.c	213-228	BlastHspNumMax	options->hsp_num_max<=0 -> INT4_MAX (never set by the blastn CLI)	algorithm/blastn/blast_engine/run.rs:3148(merge_prelim_hit_lists, comment)	faithful	none	equivalent: no cap on HSPs per subject list in either (-max_hsps sets max_hsps_per_subject, a different field applied only after traceback)	-	
E2-026	E2	src/algo/blast/core/blast_hits.c	130-190	Blast_HSPNew;Blast_HSPFree;Blast_HSPInit	-	-	n/a	none	allocation, field initialisation and free of an HSP; Blast_HSPInit stores the offsets, context, frames and score given by the caller (LOSAT builds PrelimHit/BlastnHsp directly)	-	
E2-027	E2	src/algo/blast/core/blast_hits.c	439-477	s_UpdateReevaluatedHSP	gapped (edit script copy of [best_start_esp_index..best_end_esp_index], last num=best_end_esp_num)	algorithm/blastn/filtering/purge_endpoints.rs:2110-2175(reevaluate_hsp_with_ambiguities_gapped_ex)	faithful	none	score stored, HSP deleted when score<cutoff_score, otherwise offsets from the best pointers and the edit script copied only when best_end_esp_index!=last or best_start_esp_index>0, then num[last]=best_end_esp_num; hsp->score is also overwritten in the deleted case in C but the HSP is freed	-	
E2-028	E2	src/algo/blast/core/blast_hits.c	479-647	Blast_HSPReevaluateWithAmbiguitiesGapped	affine gaps (gap_open or gap_extend != 0): factor 1	algorithm/blastn/filtering/purge_endpoints.rs:1784(reevaluate_hsp_with_ambiguities_gapped_ex)	faithful	none	same walk over the edit script (matrix[*q & 0x0f][*s], gap runs in one step, sum<0 reset with in-place num[index]-=op_index, best region, score<cutoff reset), same post extension (q[--qp]==s[--sp] && q[qp]<4 on the left, q[qp]<4 && q[qp++]==s[sp++] on the right, score += ext*reward, num[best_*] += ext); equivalent: unchecked/SIMD loads guarded by a bounds precheck	-	
E2-029	E2	src/algo/blast/core/blast_hits.c	479-647	Blast_HSPReevaluateWithAmbiguitiesGapped	gap_open==0 && gap_extend==0 (non-affine, greedy): factor 2 if reward odd, gap_extend=(reward-2*penalty)*factor/2, score/=factor	algorithm/blastn/filtering/purge_endpoints.rs:1811-1822,2046(reevaluate_hsp_with_ambiguities_gapped_ex)	faithful	none	same Int4 arithmetic (penalty negative), same truncating score/=factor; used for every HSP when megablast uses the greedy traceback (extra_start=0)	-	
E2-030	E2	src/algo/blast/core/blast_hits.c	745-836	s_Blast_HSPGetNumIdentitiesAndPositives	HSP with edit script (all gapped traceback HSPs)	algorithm/blastn/filtering/purge_endpoints.rs:1500(stats_from_edit_ops)	faithful	none	num_ident counts raw code equality (*q==*s, so N==N counts as identical) over Sub runs and align_length sums all run lengths, as in C; num_positives is untouched by NCBI for nucleotide (sbp->protein_alphabet FALSE, stays 0) while LOSAT stores matches in it (equivalent: the field is never read by -outfmt 0/6/7 default output)	-	
E2-031	E2	src/algo/blast/core/blast_hits.c	745-836	s_Blast_HSPGetNumIdentitiesAndPositives	gap_info==NULL (ungapped: lengths must match else return -1)	algorithm/blastn/filtering/purge_endpoints.rs:1626(blast_hsp_test_identity_and_length)	n/a	none	not reached: every traceback HSP of blastn has an edit script (-ungapped is out of scope); LOSAT has a fallback loop	-	
E2-032	E2	src/algo/blast/core/blast_hits.c	939-991	Blast_HSPGetNumIdentities;Blast_HSPGetNumIdentitiesAndPositives	score_options->is_ooframe FALSE	algorithm/blastn/filtering/purge_endpoints.rs:1598(blast_hsp_test_identity_and_length)	faithful	none	thin wrappers; the out-of-frame branch is blastx only	-	
E2-033	E2	src/algo/blast/core/blast_hits.c	993-1001	s_HSPTest;Blast_HSPTest	-perc_identity 0 (default), min_hit_length 0	algorithm/blastn/filtering/purge_endpoints.rs:1557(hsp_test)	faithful	none	C test is always FALSE here (num_ident*100.0 < 0 and align_length < 0 are impossible); LOSAT short-circuits percent_identity<=0 and min_hit_length==0 to false	-	
E2-034	E2	src/algo/blast/core/blast_hits.c	993-1001	s_HSPTest;Blast_HSPTest	-perc_identity P>0	algorithm/blastn/filtering/purge_endpoints.rs:1557(hsp_test)	faithful	none	same f64 comparison num_ident*100.0 < align_length*P; min_hit_length is not a CLI option (0)	-	
E2-035	E2	src/algo/blast/core/blast_hits.c	1003-1025	Blast_HSPTestIdentityAndLength	-	algorithm/blastn/filtering/purge_endpoints.rs:1598(blast_hsp_test_identity_and_length)	faithful	none	identities counted from the (possibly trimmed) HSP start over the edit script, then s_HSPTest; LOSAT also stores length/mismatches/gap opens/identity for the writers	-	
E2-036	E2	src/algo/blast/core/blast_hits.c	1054-1082	Blast_HSPCalcLengthAndGaps	-	-	n/a	none	no caller outside unit tests (grep c++/src); alignment length and gap counts of the output come from the C++ Seq-align code, not from this function	-	
E2-037	E2	src/algo/blast/core/blast_hits.c	1108-1143	Blast_HSPGetAdjustedOffsets	-	-	n/a	none	no caller outside unit tests; LOSAT's adjust_blastn_offsets (purge_endpoints.rs:40) mirrors the blastn branch for its own output coordinates	-	
E2-038	E2	src/algo/blast/core/blast_hits.c	1315-1327	Blast_HSPAdjustSubjectOffset	start_shift>0	algorithm/blastn/blast_engine/run.rs:11125-11128(search_query_batch)	faithful	none	subject offset/end shifted back by start_shift after the identity test and before the tree add; LOSAT shifts final_ss/final_se (gapped_start is not kept)	-	
E2-039	E2	src/algo/blast/core/blast_hits.c	1329-1356	ScoreCompareHSPs	blastn/megablast HSPs (non-NULL)	algorithm/blastn/hsp.rs:580(score_compare_hsps);algorithm/blastn/blast_engine/run.rs:2877(score_compare_prelim_hits)	faithful	none	score desc, subject.offset asc, subject.end desc, query.offset asc, query.end desc (context-relative offsets); returns 0 for distinct HSPs of different contexts with equal coordinates and score, which the stable Rust sort keeps in input order as glibc 2.39 qsort does	-	
E2-040	E2	src/algo/blast/core/blast_hits.c	1358-1383	Blast_HSPListIsSortedByScore;Blast_HSPListSortByScore	-	algorithm/blastn/hsp.rs:683(sort_hsps_by_score);algorithm/blastn/blast_engine/run.rs:2941(sort_prelim_hits_by_score)	faithful	none	sortedness test with > 0 then qsort; Rust uses the stable sort_by (comparator ties keep input order, same as the stable merge sort of glibc 2.39); the same function is used for the prelim, traceback and merged lists	-	
E2-041	E2	src/algo/blast/core/blast_hits.c	1389-1404	s_EvalueComp	-	algorithm/blastn/hsp.rs:549(evalue_comp)	faithful	none	both e-values < 1e-180 compare equal, otherwise plain <,>,== on f64	-	
E2-042	E2	src/algo/blast/core/blast_hits.c	1414-1435	s_EvalueCompareHSPs	-	algorithm/blastn/hsp.rs:629(evalue_compare_hsps);algorithm/blastn/blast_engine/run.rs:3344(evalue_compare_prelim_hits)	faithful	none	s_EvalueComp then ScoreCompareHSPs; NULL handling not needed	-	
E2-043	E2	src/algo/blast/core/blast_hits.c	1437-1457	Blast_HSPListSortByEvalue	-	algorithm/blastn/hsp.rs:720(sort_hsplist_by_evalue);algorithm/blastn/blast_engine/run.rs:3412(PrelimHspList::sort_by_evalue)	faithful	none	sorted check with > 0 then stable qsort; used in the heapify branch of Blast_HitListUpdate for traceback and prelim lists and for the final lists (blast_seqalign.cpp order, LOSAT calls it at run.rs:4640)	-	
E2-044	E2	src/algo/blast/core/blast_hits.c	1464-1479	s_HSPStartDiag;s_HSPEndDiag	-	algorithm/blastn/blast_engine/run.rs:3260-3261(merge_prelim_hit_lists)	faithful	none	query.offset-subject.offset and query.end-subject.end in i64 closures recomputed per pair	-	
E2-045	E2	src/algo/blast/core/blast_hits.c	1487-1531	s_BlastMergeTwoHSPs	allow_gap TRUE (gapped search)	algorithm/blastn/blast_engine/run.rs:3057(merge_two_prelim_hits)	faithful	none	same CONTAINED_IN_HSP tests on the second HSP's start and end, bounds min/max, gapped start and score taken from the higher-scoring HSP, score = MAX((int)(density*newlen), score); evalue of hsp1 kept (LOSAT keeps prelim_evalue); allow_gap FALSE off-diagonal reject is also ported but not used	-	
E2-046	E2	src/algo/blast/core/blast_hits.c	1626-1677	s_Heapify;s_CreateHeap	HSP-list comparator s_EvalueCompareHSPLists (hit list heap)	algorithm/blastn/hsp.rs:834(heapify_hsplist_array);algorithm/blastn/hsp.rs:871(create_hsplist_heap)	faithful	none	child choice compar(left,right)>=0 picks left, loop bound base<=lim equals 2*root+1<=last for both the create (lim=(nel-2)/2) and insert (lim=count/2-1) calls	-	
E2-047	E2	src/algo/blast/core/blast_hits.c	1686-1705	s_BlastHSPListInsertHSPInHeap	-	-	n/a	none	unreachable: it needs an HSP list to reach hsp_max, which is INT4_MAX for blastn (BlastHspNumMax)	-	
E2-048	E2	src/algo/blast/core/blast_hits.c	1739-1749	s_BlastGetBestEvalue	-	algorithm/blastn/hsp.rs:750(update_best_evalue);algorithm/blastn/blast_engine/run.rs:3381(PrelimHspList::update_best_evalue)	faithful	none	minimum of the HSP e-values starting from INT4_MAX as a double	-	
E2-049	E2	src/algo/blast/core/blast_hits.c	1753-1808	Blast_HSPListSaveHSP	hspcnt<allocated or realloc (hsp_max INT4_MAX)	algorithm/blastn/blast_engine/run.rs:10096(PrelimHit push);algorithm/blastn/blast_engine/run.rs:3459(collect_prelim_hit_lists)	n/a	none	append in call order; the heap branch (do_not_reallocate) is unreachable (hsp_max INT4_MAX); the multi-query collector's per-query split appends in the list's order, as LOSAT's per_query vectors do	-	
E2-050	E2	src/algo/blast/core/blast_hits.c	1811-1905	Blast_HSPListGetEvalues	gapped (kbp_gap), sbp->round_down TRUE: score &= ~1 for the e-value, no Spouge (sbp->gbp NULL), scale 1, gap_decay 0	algorithm/blastn/blast_engine/run.rs:194(calculate_blastn_context_statistics);algorithm/blastn/blast_engine/run.rs:11857-11869,10459-10475	faithful	none	evalue = (double)searchsp*exp(-Lambda*S + logK) with Karlin check Lambda<0||K<0||H<0 -> -1, searchsp = the context's eff_searchsp; equivalent: LOSAT computes it for the survivors of the final containment pass (traceback) and for the merged prelim HSPs, which are the only HSPs whose e-value is read; round_down_evalue_score comes from scoring.rs (another range)	-	
E2-051	E2	src/algo/blast/core/blast_hits.c	1811-1905	Blast_HSPListGetEvalues	sbp->round_down FALSE (odd reward/penalty): score unchanged	algorithm/blastn/blast_engine/run.rs:194(calculate_blastn_context_statistics)	faithful	none	same formula without the &~1; best_evalue of the list is recomputed in Blast_HitListUpdate anyway	-	
E2-052	E2	src/algo/blast/core/blast_hits.c	1907-1932	Blast_HSPListGetBitScores	gapped (kbp_gap)	algorithm/blastn/blast_engine/run.rs:194(calculate_blastn_context_statistics);algorithm/blastn/blast_engine/run.rs:11857-11869	faithful	none	(score*Lambda - logK)/NCBIMATH_LN2 on the unrounded final score of the context's gapped block	-	
E2-053	E2	src/algo/blast/core/blast_hits.c	1976-2008	Blast_HSPListReapByEvalue	cutoff = hit_options->expect_value (-evalue)	algorithm/blastn/blast_engine/run.rs:11869(search_query_batch)	faithful	none	deletes HSPs with evalue > cutoff in order (LOSAT keeps evalue <= cutoff, identical except for NaN which cannot occur); done after endpoint purge, reevaluation and final containment as in s_HSPListPostTracebackUpdate	-	
E2-054	E2	src/algo/blast/core/blast_hits.c	2049-2069	Blast_TrimHSPListByMaxHsps	-max_hsps N>0 and hspcnt>N	algorithm/blastn/hsp.rs:772(trim_by_max_hsps)	faithful	none	keeps the first N HSPs of the list in list order (score order, or e-value order when the hit list was heapified), as C	-	
E2-055	E2	src/algo/blast/core/blast_hits.c	2112-2117	s_SortHSPListByOid (blast_hits.c)	ascending oid, Blast_HitListMerge (query-split chunks)	algorithm/blastn/blast_engine/run.rs:12372-12373(merge_prelim_hit_list)	faithful	none	stable sort_by_key(oid); oids of one hit list are distinct, so the order is total	-	
E2-056	E2	src/algo/blast/core/blast_hits.c	2119-2219	Blast_HitListMerge	query chunk merged into the query's earlier hit list (hitlist2 NULL: take hitlist1)	algorithm/blastn/blast_engine/run.rs:12361(merge_prelim_hit_list)	faithful	none	new hit list of hitlist1->hsplist_max, two-pointer merge by oid with Blast_HitListUpdate for lists present in one side; lists of the same subject go through Blast_HSPListsMerge when any split point > 0, else Blast_HSPListAppend; the merged (combined-side) list is the one updated, as in C; evalues are the preliminary ones kept by the HSPs	-	
E2-057	E2	src/algo/blast/core/blast_hits.c	2224-2258	Blast_HSPListPurgeNullHSPs	-	-	faithful	none	equivalent: order-preserving compaction of non-NULL slots; LOSAT keeps no NULL slots in its Vecs (deleted HSPs are removed in place or filtered), and the tail of purge pass 1 keeps the same relative order	-	
E2-058	E2	src/algo/blast/core/blast_hits.c	2267-2321	s_QueryOffsetCompareHSPs	blastn contexts	algorithm/blastn/filtering/purge_endpoints.rs:89(compare_query_offset_hsps_for_common_endpoint);algorithm/blastn/blast_engine/run.rs:2897(query_offset_compare_prelim_hits)	faithful	none	context, query.offset, subject.offset ascending, score desc, query.end desc, subject.end desc; context is 2*query_index+strand, the same order as NCBI's context; ties (distinct HSPs with all keys equal, e.g. different edit scripts) keep input order via the stable sort	-	
E2-059	E2	src/algo/blast/core/blast_hits.c	2332-2387	s_QueryEndCompareHSPs	blastn contexts	algorithm/blastn/filtering/purge_endpoints.rs:114(compare_query_end_hsps_for_common_endpoint);algorithm/blastn/blast_engine/run.rs:2916(query_end_compare_prelim_hits)	faithful	none	context, query.end, subject.end ascending, score desc, query.offset desc, subject.offset desc; stable sort keeps comparator ties in input order	-	
E2-060	E2	src/algo/blast/core/blast_hits.c	2391-2452	s_CutOffGapEditScript	cut_begin TRUE (common start, keeps the tail of the lower HSP)	algorithm/blastn/filtering/purge_endpoints.rs:181(cut_off_gap_edit_script)	faithful	none	walks Sub bases one by one and gap runs whole, found when qid>=q_cut-offset and sid>=s_cut-offset (a negative relative cut compares as 0 with usize saturation, same truth value as sid>=negative), drops the leading ops, keeps num-opid of a split Sub run, query/subject offset += qid/sid; nothing changes when no cut point is found	-	
E2-061	E2	src/algo/blast/core/blast_hits.c	2391-2452	s_CutOffGapEditScript	cut_begin FALSE (common end, keeps the head of the lower HSP)	algorithm/blastn/filtering/purge_endpoints.rs:181(cut_off_gap_edit_script)	faithful	none	truncates after the found op (shortened Sub run num=opid), size=index+1, query.end/subject.end = offset+qid/sid	-	
E2-062	E2	src/algo/blast/core/blast_hits.c	2454-2535	Blast_HSPListPurgeHSPsWithCommonEndpoints	blastn, purge FALSE: traceback pass 1 (trim with s_CutOffGapEditScript, trimmed HSPs moved behind hsp_count)	algorithm/blastn/filtering/purge_endpoints.rs:431(purge_hsps_with_common_endpoints_ex);algorithm/blastn/filtering/purge_endpoints.rs:531(purge_hsps_for_subject_ex)	faithful	none	same qsort(query-offset compare) of the whole list, same i/j scan with hsp_count-- and left shift of the following slots, trimmed/NULL HSP stored at hsp_array[hsp_count] (handles replace pointers, so the tail order is reproduced), then qsort(query-end compare) of the first hsp_count slots; returns hsp_count as extra_start; comparators and the stable sort as above	-	
E2-063	E2	src/algo/blast/core/blast_hits.c	2454-2535	Blast_HSPListPurgeHSPsWithCommonEndpoints	blastn, purge TRUE: traceback pass 2 after reevaluation	algorithm/blastn/filtering/purge_endpoints.rs:500(purge_hsps_with_common_endpoints)	faithful	none	same code with purge=TRUE: every common-start/common-end HSP after the first of its sorted group is freed, then Blast_HSPListPurgeNullHSPs; result order is the query-end sort order, later fixed by Blast_HSPListSortByScore	-	
E2-064	E2	src/algo/blast/core/blast_hits.c	2454-2535	Blast_HSPListPurgeHSPsWithCommonEndpoints	blastn, purge TRUE: preliminary stage call in s_BlastSearchEngineOneContext (HSPs without edit script)	algorithm/blastn/blast_engine/run.rs:2981(purge_prelim_hits_with_common_endpoints)	faithful	none	equivalent: specialised loop on PrelimHit (sort by query offset, keep the first of each equal context/qs/ss group, sort by query end, keep the first of each equal context/qe/se group); with purge TRUE the removed slots are freed, so comparing each HSP with the last kept one is the same as comparing with hsp_array[i]	-	
E2-065	E2	src/algo/blast/core/blast_hits.c	2537-2606	Blast_HSPListSubjectBestHit	blastn same-strand pass (range_diff 3, o=max(offset-3,0), e=end+3, same context)	algorithm/blastn/filtering/subject_best_hit.rs:63(subject_best_hit_by)	faithful	none	later HSPs of the same context whose query range lies in [o,e] are deleted, earlier deleted HSPs do not delete others; the list is in score order (or e-value order for heapified hit lists); saturating arithmetic equals the C clamps	-	
E2-066	E2	src/algo/blast/core/blast_hits.c	2537-2606	Blast_HSPListSubjectBestHit	blastn cross-strand pass (target context = ctx+1 for frame>0 else ctx-1, flipped range qlen-(end+3)..qlen-(offset-3))	algorithm/blastn/filtering/subject_best_hit.rs:63(subject_best_hit_by)	faithful	none	flipped bounds are not clamped in C; LOSAT's saturation of (offset-3) and (end+3) changes only values that cannot affect the test because every HSP has 0<=query.offset<query.end<=qlen	-	
E2-067	E2	src/algo/blast/core/blast_hits.c	2537-2606	Blast_HSPListSubjectBestHit	prelim-stage call after each subject chunk merge (blast_engine.c:586) on the combined prelim list	algorithm/blastn/blast_engine/run.rs:3121(prelim_subject_best_hit);algorithm/blastn/blast_engine/run.rs:10296,10350,10418	faithful	none	same key fields (context, frame, prelim offsets, own query length); LOSAT also runs it after a chunk that gave no HSPs (NCBI skips the chunk with `continue`), which is a no-op because the filter is idempotent on its own output	-	
E2-068	E2	src/algo/blast/core/blast_hits.c	2748-2807	s_BlastHSPListsCombineByScore	new_hspcnt >= both counts (hsp_num_max INT4_MAX): append second list, Blast_HSPListSortByScore	algorithm/blastn/blast_engine/run.rs:3317(append_prelim_hit_list)	faithful	none	HSPs of the second list follow the first, then the stable sort by score only if not already sorted; the truncating branch (merge sort of both arrays) is unreachable	-	
E2-069	E2	src/algo/blast/core/blast_hits.c	2809-2855	Blast_HSPListAppend	combined list NULL (blastn: one context per subject in s_BlastSearchEngineCore)	-	n/a	none	first call takes the chunk list as is; blastn has a single subject context so the second call never happens	-	
E2-070	E2	src/algo/blast/core/blast_hits.c	2809-2855	Blast_HSPListAppend	called from Blast_HitListMerge when no split point is > 0	algorithm/blastn/blast_engine/run.rs:3317(append_prelim_hit_list)	faithful	none	same append and score sort, the old (hitlist1) list appended to the combined (hitlist2) list	-	
E2-071	E2	src/algo/blast/core/blast_hits.c	2857-3035	Blast_HSPListsMerge	subject split (contexts_per_query<0): overlap strip by subject.end>offset / subject.offset<offset+overlap, diagonals hsp1 end vs hsp2 start	algorithm/blastn/blast_engine/run.rs:3149(merge_prelim_hit_lists)	faithful	none	same strip selection with the swap-to-front order, same context test, ABS(end_diag-start_diag)<OVERLAP_DIAG_CLOSE(10), merge via s_BlastMergeTwoHSPs with hsp1 re-read after earlier merges, deleted hsp2 purged, then CombineByScore; subject offsets are chunk-adjusted before the merge (Blast_HSPListAdjustOffsets equivalent at run.rs:10173-10175)	-	
E2-072	E2	src/algo/blast/core/blast_hits.c	2857-3035	Blast_HSPListsMerge	query split (contexts_per_query=2): per-context split_offsets, strand-dependent strip tests and diagonal roles	algorithm/blastn/blast_engine/run.rs:3149(merge_prelim_hit_lists)	faithful	none	strip tests per strand (frame>=0: combined end>split, incoming offset<split+overlap; frame<0 swapped), split_offsets<0 skipped, diagonal pair swapped for frame<0 as in C; overlap QUERY_CHUNK_OVERLAP and allow_gap TRUE	-	
E2-073	E2	src/algo/blast/core/blast_hits.c	3037-3051	Blast_HSPListAdjustOffsets	offset!=0 (subject chunks of a subject longer than MAX_DBSEQ_LEN)	algorithm/blastn/blast_engine/run.rs:10171-10176(collect_prelim_hits_for_chunk)	faithful	none	adds the chunk offset to subject offset, end and gapped start of every HSP of the chunk list; LOSAT does it after the chunk's purge and score sort, like NCBI	-	
E2-074	E2	src/algo/blast/core/blast_hits.c	3053-3068	Blast_HSPListAdjustOddBlastnScores	-	-	n/a	none	not executed: its callers in blast_traceback.c:231 and blast_engine.c:550 are inside #if 0, the one in Blast_HSPListReevaluateUngapped is for ungapped searches	-	
E2-075	E2	src/algo/blast/core/blast_hits.c	3077-3107	s_EvalueCompareHSPLists	-	algorithm/blastn/hsp.rs:793(compare_hsp_lists)	faithful	none	empty lists last, then s_EvalueComp(best_evalue), then higher first-HSP score first, then LARGER oid first (BLAST_CMP(h2->oid,h1->oid)); same in LOSAT; ties impossible for distinct oids	-	
E2-076	E2	src/algo/blast/core/blast_hits.c	3113-3117	s_EvalueCompareHSPListsRev	-	-	n/a	none	used only by Blast_HSPResultsReverseSort for composition-based-statistics protein streams	-	
E2-077	E2	src/algo/blast/core/blast_hits.c	3125-3134	Blast_HitListNew	hitlist_size from prelim_hitlist_size (collector) or hitlist_size (traceback)	algorithm/blastn/hsp.rs:896(HitList::new)	faithful	none	hsplist_max=size, low_score=INT4_MAX, counts 0	-	
E2-078	E2	src/algo/blast/core/blast_hits.c	3171-3188	s_BlastHitListPurge	-	algorithm/blastn/hsp.rs:1072(HitList::purge)	faithful	none	count cut at the first empty HSP list	-	
E2-079	E2	src/algo/blast/core/blast_hits.c	3195-3210	s_BlastHitListInsertHSPListInHeap	hit list full	algorithm/blastn/hsp.rs:965(insert_hsplist_in_heap)	faithful	none	replaces heap root and re-heapifies with the same bound; worst_evalue/low_score bookkeeping only	-	
E2-080	E2	src/algo/blast/core/blast_hits.c	3219-3241	s_Blast_HitListGrowHSPListArray	-	algorithm/blastn/hsp.rs:929(grow_hsplist_array)	n/a	none	array capacity bookkeeping (C starts at 100 even if hsplist_max<100, LOSAT at min(100,max)); no effect on contents or order	-	
E2-081	E2	src/algo/blast/core/blast_hits.c	3243-3299	Blast_HitListUpdate	hsplist_count < hsplist_max: append, update worst_evalue/low_score	algorithm/blastn/hsp.rs:1023(HitList::update)	faithful	none	best_evalue recomputed first; list appended in subject order, no sorting	-	
E2-082	E2	src/algo/blast/core/blast_hits.c	3243-3299	Blast_HitListUpdate	first overflow: sort every stored HSP list by e-value, s_CreateHeap, heapified=TRUE	algorithm/blastn/hsp.rs:1023(HitList::update)	faithful	none	each stored list gets Blast_HSPListSortByEvalue and a fresh best_evalue before the heap is built with the same s_CreateHeap; this is what changes the HSP order inside the kept lists (see Blast_TracebackFromHSPList order row)	-	
E2-083	E2	src/algo/blast/core/blast_hits.c	3243-3299	Blast_HitListUpdate	full and heapified: sort new list by e-value, drop it when heap root compares < new, else replace the root	algorithm/blastn/hsp.rs:1023(HitList::update)	faithful	none	evalue_order<0 discards the new list, equality (impossible for distinct oids) and > 0 insert; ties on best e-value and score are decided by oid (larger oid is better, so the smaller oid is evicted)	-	
E2-084	E2	src/algo/blast/core/blast_hits.c	3331-3339	Blast_HitListSortByEvalue	-	-	n/a	none	not called on the blastn -subject path (callers: hspfilter_besthit/culling, CBS stream close); the final sort is Blast_HSPResultsSortByEvalue	-	
E2-085	E2	src/algo/blast/core/blast_hits.c	3383-3402	Blast_HSPResultsSortByEvalue	BlastSeqSrcGetTotLen>0 (called by BLAST_ComputeTraceback_MT)	algorithm/blastn/hsp.rs:1096(HitList::sort_by_evalue)	faithful	none	qsort of each query's hsplist_array with s_EvalueCompareHSPLists (stable sort, total order) then s_BlastHitListPurge; heap order of the input does not matter	-	
E2-086	E2	src/algo/blast/core/blast_hits.c	3404-3452	Blast_HSPResultsReverseSort;Blast_HSPResultsReverseOrder	stream->sort_by_score (protein CBS only)	-	n/a	none	BlastHSPStreamNew sets sort_by_score only for protein queries with composition-based statistics	-	
E2-087	E2	src/algo/blast/core/blast_hits.c	3467-3552	Blast_HSPResultsApplyMasklevel	mask_level<101	-	n/a	none	not executed, mask_level is 101 (no blastn option)	-	
E2-088	E2	src/algo/blast/core/blast_hits.c	3554-3567	Blast_HSPResultsInsertHSPList	hsp_list non-empty	algorithm/blastn/blast_engine/run.rs:4393(update_hitlists_with_subject_hits)	faithful	none	creates the query's hit list of hitlist_size on first use and calls Blast_HitListUpdate; empty lists are not inserted	-	
E2-089	E2	src/algo/blast/core/hspfilter_collector.c	324-341	BlastHSPCollectorParamsNew	prelim_hitlist_size=GetPrelimHitlistSize(hitlist_size,0,gapped), hsp_num_max=BlastHspNumMax	algorithm/blastn/blast_engine/run.rs:6617(search_query_batch)	faithful	none	prelim_hitlist_size computed from -max_target_seqs (default 500 gives 550) with Int4 wraparound; hsp_num_max INT4_MAX	-	
E2-090	E2	src/algo/blast/core/hspfilter_collector.c	81-168	s_BlastHSPCollectorRun	results->num_queries>1: split the subject's HSP list per query by context (Blast_HSPListSaveHSP keeps order), Blast_HitListUpdate on each query's hit list of prelim_hitlist_size	algorithm/blastn/blast_engine/run.rs:3459(collect_prelim_hit_lists)	faithful	none	per_query vectors keep the HSPs in list order, one PrelimHspList per (subject, query) updated into the query's HitList::new(prelim_hitlist_size) in subject order; the list oid is the subject index	-	
E2-091	E2	src/algo/blast/core/hspfilter_collector.c	81-168	s_BlastHSPCollectorRun	single query: the subject's HSP list goes directly into hit list 0	algorithm/blastn/blast_engine/run.rs:3459(collect_prelim_hit_lists)	faithful	none	same code path with one query; empty lists are skipped (C frees them)	-	
E2-092	E2	src/algo/blast/core/hspfilter_collector.c	203-275	s_BlastHSPCollectorRun_RPS;s_ScoreCompareHSPWithContext	RPS-BLAST writer	-	n/a	none	chosen only for RPS programs	-	
E2-093	E2	src/algo/blast/core/hspfilter_collector.c	53-80;277-322;343-359	s_BlastHSPCollectorInit;s_BlastHSPCollectorFinal;s_BlastHSPCollectorNew;s_BlastHSPCollectorFree;BlastHSPCollectorParamsFree;BlastHSPCollectorInfoNew	-	-	n/a	none	writer setup and teardown	-	
E2-094	E2	src/algo/blast/core/blast_hspstream.c	652-695	BlastHSPStreamNew	nucleotide query: sort_by_score NULL	-	n/a	none	allocation; sort_by_score is set only for protein/PSSM queries with composition-based statistics	-	
E2-095	E2	src/algo/blast/core/blast_hspstream.c	339-397	BlastHSPStreamWrite	collector writer, stream not yet read	-	n/a	none	forwards the HSP list to s_BlastHSPCollectorRun (classified there) and clears results_sorted; the lock is NULL	-	
E2-096	E2	src/algo/blast/core/blast_hspstream.c	91-96	s_SortHSPListByOid (blast_hspstream.c)	decreasing oid, Close of the HSP stream	-	faithful	none	equivalent: LOSAT groups the kept lists by subject index (prelim_hits_by_subject); NCBI's stable descending sort leaves lists of the same oid (different queries) in query order and reads them from the end, an order that does not matter because each query's list is traced independently	-	
E2-097	E2	src/algo/blast/core/blast_hspstream.c	133-207	BlastHSPStreamClose	no sort_by_score: concatenate each query's HSP lists (query_index set), qsort by decreasing oid, read from the end	algorithm/blastn/blast_engine/run.rs:3506(prelim_hits_by_subject)	faithful	none	equivalent: the subjects are then visited in increasing index and each subject's kept lists of all queries are traced together; the per-query hit lists, trims and sorts see the same inputs in the same relative order	-	
E2-098	E2	src/algo/blast/core/blast_hspstream.c	133-207	BlastHSPStreamClose	sort_by_score (CBS protein): Blast_HSPResultsReverseSort/ReverseOrder	-	n/a	none	not created for nucleotide programs	-	
E2-099	E2	src/algo/blast/core/blast_hspstream.c	101-131;241-269	s_FinalizeWriter;BlastHSPStreamTBackClose	no pre/traceback pipes for blastn (no subject_besthit pipe, no culling/best-hit writer)	-	n/a	none	the collector Final is trivial and no pipes are registered; -subject_besthit is applied by Blast_HSPListSubjectBestHit calls instead	-	
E2-100	E2	src/algo/blast/core/blast_hspstream.c	271-336	BlastHSPStreamRead	-	-	n/a	none	not used by the traceback (it reads batches); only Blast_HSPResultsFromHSPStream-style prelim-only consumers call it	-	
E2-101	E2	src/algo/blast/core/blast_hspstream.c	568-614	BlastHSPStreamBatchRead	one batch = all HSP lists with the oid at the end of the sorted array	algorithm/blastn/blast_engine/run.rs:11968-12060(search_subjects)	faithful	none	equivalent: LOSAT iterates subjects 0..n in order and gives each its kept lists; batches in NCBI come in increasing oid with the lists of the oid in descending query order, which does not affect the per-query results	-	
E2-102	E2	src/algo/blast/core/blast_hspstream.c	399-566	BlastHSPStreamMerge	query split: map each chunk HSP to the batch's contexts (context, query.offset/end/gapped_start += context offset, frame), Blast_HitListMerge per query, then Blast_HSPListSortByScore of all merged lists	algorithm/blastn/blast_engine/run.rs:12253(merge_query_chunk);algorithm/blastn/blast_engine/run.rs:12361(merge_prelim_hit_list)	faithful	none	split_points per context (offset or -1) and the chunk overlap/allow_gap are the same; first chunk (no earlier list) takes the chunk's hit list; all merged lists are re-sorted by score after every chunk; offsets are the context offsets of query_split.rs (E2f range)	-	
E2-103	E2	src/algo/blast/core/blast_hspstream.c	616-650	Blast_HSPStreamResultBatchInit;Blast_HSPStreamResultBatchFree;Blast_HSPStreamResultBatchReset	-	-	n/a	none	batch container allocation	-	
E2-104	E2	src/algo/blast/core/blast_itree.c	57-112	s_IntervalNodeInit	eIntervalTreeNeither (leaf or root node): only allocates the index	algorithm/blastn/interval_tree.rs:272(alloc_leaf_node)	faithful	none	node pool growth by doubling is bookkeeping (LOSAT reserves up front, node order and indices unchanged)	-	
E2-105	E2	src/algo/blast/core/blast_itree.c	57-112	s_IntervalNodeInit	eIntervalTreeLeft/Right: child range of the parent, midpt=(left+right)/2 in Int8, right child starts at midpt+1	algorithm/blastn/interval_tree.rs:234(alloc_internal_node)	faithful	none	same split of the parent range	-	
E2-106	E2	src/algo/blast/core/blast_itree.c	123-142	s_IntervalRootNodeInit	-	algorithm/blastn/interval_tree.rs:265(alloc_subject_root_node);algorithm/blastn/interval_tree.rs:157(new)	faithful	none	root (or subject sub-root) covers the given range with no children	-	
E2-107	E2	src/algo/blast/core/blast_itree.c	145-177	Blast_IntervalTreeInit	traceback tree: query 0..query_blk->length+1, subject 0..subject_length+1	algorithm/blastn/blast_engine/run.rs:10506(search_query_batch);algorithm/blastn/interval_tree.rs:157(new)	faithful	none	LOSAT passes the concatenated query length of the batch + 1 and the subject length + 1, as in Blast_TracebackFromHSPList	-	
E2-108	E2	src/algo/blast/core/blast_itree.c	180-202	Blast_IntervalTreeReset;Blast_IntervalTreeFree	-	algorithm/blastn/interval_tree.rs:199(reset)	faithful	none	reset keeps the root range and s_min/s_max, clears the root links and the node count to 1	-	
E2-109	E2	src/algo/blast/core/blast_itree.c	205-229	s_GetQueryStrandOffset	blastn contexts alternate +1/-1 frames, so the strand offset of context c is its own query_offset	algorithm/blastn/blast_engine/run.rs:10506-10560(search_query_batch);algorithm/blastn/interval_tree.rs:599(add_hsp)	faithful	none	equivalent: LOSAT stores each PrelimHit's context query offset (query_context_offset) and passes it as the strand offset; the C loop stops at c itself because the previous context has the other sign (or c==0)	-	
E2-110	E2	src/algo/blast/core/blast_itree.c	241-301	s_HSPsHaveCommonEndpoint	left/right endpoint match on equal query_start strand offset and subject frame sign	algorithm/blastn/interval_tree.rs:284(hsps_have_common_endpoint)	faithful	none	higher score wins, then shorter query length, then shorter subject length, identical HSPs keep the one already in the tree	-	
E2-111	E2	src/algo/blast/core/blast_itree.c	318-411	s_MidpointTreeHasHSPEndpoint	-	algorithm/blastn/interval_tree.rs:373(midpoint_tree_has_hsp_endpoint)	faithful	none	same list scan including the C quirk that after unlinking a worse list node the walk continues from the unlinked node; same leaf removal on the descent	-	
E2-112	E2	src/algo/blast/core/blast_itree.c	428-506	s_IntervalTreeHasHSPEndpoint	-	algorithm/blastn/interval_tree.rs:506(interval_tree_has_hsp_endpoint)	faithful	none	same descent by the query endpoint, midpoint tree check at each node, leaf comparison ends the walk	-	
E2-113	E2	src/algo/blast/core/blast_itree.c	510-795	BlastIntervalTreeAddHSP	eQueryAndSubject (traceback and prelim): endpoint checks Left then Right, then insertion with subject sub-trees for HSPs crossing a midpoint	algorithm/blastn/interval_tree.rs:599(add_hsp);algorithm/blastn/interval_tree.rs:659(add_hsp_internal);algorithm/blastn/interval_tree.rs:785(split_and_insert)	faithful	none	same insertion loop (leaf split, midpoint list vs subject tree switch, old-leaf reattachment); LOSAT stores a copy of the HSP fields (TreeHsp) instead of a pointer, which is the same because tree HSPs are not modified after insertion	-	
E2-114	E2	src/algo/blast/core/blast_itree.c	510-795	BlastIntervalTreeAddHSP	eQueryOnly/eQueryOnlyStrandIndifferent (masklevel/rmblastn)	algorithm/blastn/interval_tree.rs:599(add_hsp)	n/a	none	not used by blastn/megablast; LOSAT ports them but never passes them	-	
E2-115	E2	src/algo/blast/core/blast_itree.c	809-847	s_HSPIsContained	min_diag_separation>0 (blastn 50, megablast 6): MB_HSP_CLOSE on the start or end diagonal	algorithm/blastn/interval_tree.rs:1182(is_hsp_contained)	faithful	none	in_hsp->score<=tree_hsp->score and both endpoints of in_hsp inside the tree HSP box, then |diag difference|<min_diag_separation at the start or the end; the min_diag_separation==0 shortcut is not reached by in-scope tasks (blast_nucl_options.cpp:239,259)	-	
E2-116	E2	src/algo/blast/core/blast_itree.c	864-927	s_MidpointTreeContainsHSP	-	algorithm/blastn/interval_tree.rs:1110(midpoint_tree_containing_hsp)	faithful	none	same descent by subject range with the midpoint list of every node scanned	-	
E2-117	E2	src/algo/blast/core/blast_itree.c	930-995	BlastIntervalTreeContainsHSP	-	algorithm/blastn/interval_tree.rs:937(containing_hsp);algorithm/blastn/interval_tree.rs:922(contains_hsp)	faithful	none	same descent by query range (strand offset + context-relative offsets), midpoint tree before moving on, leaf test at the end	-	
E2-118	E2	src/algo/blast/core/blast_itree.c	1010-1259	s_HSPQueryRangeIsContained;s_HSPOverlap/mask-level helpers;BlastIntervalTreeMasksHSP	masklevel filtering	-	n/a	none	only reachable through Blast_HSPResultsApplyMasklevel (mask_level<101), never executed	-	
E2-119	E2	src/algo/blast/core/blast_hits.c	1542-1623;3125-3170;3346-3380	Blast_HSPListFree;Blast_HSPListNew;Blast_HSPList_IsEmpty;BlastHSPListDup;Blast_HSPListSwap;Blast_HitListFree;Blast_HitListHSPListsFree;Blast_HSPResultsNew;Blast_HSPResultsFree;s_BlastCheckBestEvalue	-	-	n/a	none	allocation, copy, swap and free of HSP lists, hit lists and results (BlastHSPListDup/Blast_HSPListSwap only back up and restore the list for the fence rollback that blastn never takes); s_BlastCheckBestEvalue is an ASSERT helper compiled out in release builds	-	
F-001	F	src/algo/blast/api/blast_seqalign.cpp	1988-2040	LocalBlastResults2SeqAlign	result_type eDatabaseSearch (bl2seq with CLocalDbAdapter dbscan_mode true; not PHI)	algorithm/blastn/blast_engine/run.rs:4531(post_process_hits_and_write)	faithful	none	equivalent: LOSAT keeps the final hit list and never builds Seq-aligns; each conversion step that changes output (per-subject e-value re-sort, score-0 HSP removal, order) is applied in post_process_hits_and_write (rows below). local_blast.cpp:187-190,289-291 choose eSequenceComparison only when !IsDbScanMode.	-	
F-002	F	src/algo/blast/api/blast_seqalign.cpp	1988-2040	LocalBlastResults2SeqAlign	result_type eSequenceComparison (env BL2SEQ_LEGACY set: blast_app_util.cpp:207-210 makes dbscan_mode false)	-	unported	low	LOSAT neither reads BL2SEQ_LEGACY nor rejects it (grep finds no use). Set, NCBI converts per subject (s_BlastResults2SeqAlignSequenceCmp_OMF, s_BLAST_OneSubjectResults2CSeqAlign, s_TransposeSeqAlignVector) and prints the legacy bl2seq report (m_IsDbScan false in PrintProlog/PrintOneResultSet/PrintEpilog). REVIEW E1-4 proposes an explicit rejection; that rejection is still missing.	R1	explicit rejection after 7b63980b2 (any value; an empty query still ends with Query is Empty!)
F-003	F	src/algo/blast/api/blast_seqalign.cpp	1988-2040	LocalBlastResults2SeqAlign	Blast_ProgramIsPhiBlast	-	n/a	none	PHI programs only; blastn program type is never PHI.	-	
F-004	F	src/algo/blast/api/blast_seqalign.cpp	1947-1985	s_BlastResults2SeqAlignDatabaseSearch_OMF	-	algorithm/blastn/blast_engine/run.rs:4588(post_process_hits_and_write)	faithful	none	One Seq-align set per query in input order, each from BlastHitList2SeqAlign_OMF; LOSAT walks hit_lists in query order (query_index offset applied per batch in search).	-	
F-005	F	src/algo/blast/api/blast_seqalign.cpp	1550-1649	BlastHitList2SeqAlign_OMF	hit_list NULL or subject list empty (query without hits)	algorithm/blastn/blast_engine/run.rs:4588(post_process_hits_and_write)	faithful	none	NULL list gives an empty set (CreateEmptySeq_align_set), which later prints as no hits / '# 0 hits found'; LOSAT None/empty list does the same.	-	
F-006	F	src/algo/blast/api/blast_seqalign.cpp	1550-1649	BlastHitList2SeqAlign_OMF	per subject: Blast_HSPListSortByEvalue(hsp_list) before the Seq-aligns are built	algorithm/blastn/blast_engine/run.rs:4640(post_process_hits_and_write);algorithm/blastn/hsp.rs:720(sort_hsplist_by_evalue);algorithm/blastn/hsp.rs:629(evalue_compare_hsps);algorithm/blastn/hsp.rs:580(score_compare_hsps)	faithful	none	Compared blast_hits.c:1393-1457: s_EvalueComp (both < 1e-180 equal), then ScoreCompareHSPs (score desc, subject.offset asc, subject.end desc, query.offset asc, query.end desc), already-sorted pre-check, qsort. equivalent: Vec::sort_by is stable like the oracle's glibc 2.39 qsort. LOSAT applies it to every subject after hit-list sort and prune, so outfmt 0, 6 and 7 share the order as in NCBI.	-	
F-007	F	src/algo/blast/api/blast_seqalign.cpp	1550-1649	BlastHitList2SeqAlign_OMF	is_gapped false: BLASTUngappedHspListToSeqAlign (-ungapped)	cli.rs:205(is_unported_blastn_arg)	rejected	low	-ungapped is not in LOSAT's BLASTN options (NCBI option list rejected as not supported); path out of scope anyway.	K-mode	
F-008	F	src/algo/blast/api/blast_seqalign.cpp	1550-1649	BlastHitList2SeqAlign_OMF	GetSequenceLengthAndId + subject_id.Empty() skip + GetFilteredRedundantSeqids (blast_seqinfosrc_aux.cpp:51-155)	-	n/a	none	bl2seq subjects come from CSeqVecSeqInfoSrc (local Subject_N id, HasGiList false): no subject is skipped and the use_this_seqid list is empty, so neither output nor warnings change.	-	
F-009	F	src/algo/blast/api/blast_seqalign.cpp	1550-1649	BlastHitList2SeqAlign_OMF	subject masks: seqinfo_src->GetMasks (CSeqVecSeqInfoSrc::GetMasks, seqinfosrc_seqvec.cpp) when -lcase_masking and the subject has lowercase	algorithm/blastn/pairwise.rs:34(pairwise_hits);algorithm/blastn/pairwise.rs:232(lowercase_masked);algorithm/blastn/blast_engine/run.rs:4728(post_process_hits_and_write)	faithful	none	equivalent: NCBI keeps each mask interval that intersects the union of the subject's HSP ranges and CDisplaySeqalign::x_FillLocList re-tests it per HSP row, then lowercases the aligned columns between the mapped ends; LOSAT lowercases the residues of each HSP whose subject position lies in a mask. Same letters change case. Without -lcase_masking there is no mask.	-	
F-010	F	src/algo/blast/api/blast_seqalign.cpp	1550-1649	BlastHitList2SeqAlign_OMF	RemapToQueryLoc / s_RemapToSubjectLoc (CanReturnPartialSequence true for CSeqVecSeqInfoSrc: whole-sequence Seq-loc)	-	n/a	none	Query and subject locations are whole sequences (-query_loc, -subject_loc are not in scope), so q_shift is 0 and the subject remap is the identity (RemapToQueryLoc 1520-1534, s_RemapToSubjectLoc 1542-1548).	-	
F-011	F	src/algo/blast/api/blast_seqalign.cpp	1461-1510	BLASTHspListToSeqAlign	hsp->score == 0 (s_BlastHSP2SeqAlign returns an empty Seq-align, loop 'continue')	algorithm/blastn/blast_engine/run.rs:4661(post_process_hits_and_write)	faithful	none	LOSAT removes score-0 HSPs after the e-value re-sort and drops subjects left without HSPs, so no format shows them (also the description table and outfmt 7 '# N hits found'). E2c AUTHORITY §O.	-	
F-012	F	src/algo/blast/api/blast_seqalign.cpp	1461-1510	BLASTHspListToSeqAlign	is_ooframe / Blast_QueryIsTranslated(program) / eBlastTypePsiBlast branches	-	n/a	none	Not reachable for blastn (no out-of-frame gapping, query not translated, not PSI-BLAST).	-	
F-013	F	src/algo/blast/api/blast_seqalign.cpp	660-757	s_BlastHSP2SeqAlign	is_disc_align false (no eGapAlignDecline op): one Dense-seg per HSP	algorithm/blastn/pairwise.rs:127(displayed_rows);algorithm/blastn/filtering/purge_endpoints.rs:40(adjust_blastn_offsets)	faithful	none	equivalent: LOSAT never builds the Dense-seg; the displayed rows and coordinates come straight from the HSP offsets and edit script (see s_CollectSeqAlignData).	-	
F-014	F	src/algo/blast/api/blast_seqalign.cpp	660-757	s_BlastHSP2SeqAlign	is_disc_align true (eGapAlignDecline op: s_CorrectUASequence, disc Seq-align)	-	n/a	none	blastn gapped alignments (greedy and DP) have only Sub, Ins and Del ops; Decline ops come from sum-statistics style alignments.	-	
F-015	F	src/algo/blast/api/blast_seqalign.cpp	75-140,169-270	s_CollectSeqAlignData (with s_Frame2Strand, s_GetCurrPos, s_GetAlignmentStart)	non-translated; query frame +1 or -1, subject frame +1	algorithm/blastn/pairwise.rs:127(displayed_rows);algorithm/blastn/filtering/purge_endpoints.rs:40(adjust_blastn_offsets)	faithful	none	equivalent: segment starts are offset or length - offset - num for the minus query; after CDisplaySeqalign/CBlastTabularInfo reverse a minus-query Dense-seg the query reads on its plus strand and the subject reversed. LOSAT's rows (reverse complement of both rows of the context alignment) and q/s coordinates (blast_hits.c:1122-1132) are the same values.	-	
F-016	F	src/algo/blast/api/blast_seqalign.cpp	169-270	s_CollectSeqAlignData	first op (esp_index == 0) is Ins or Del on a minus-strand HSP: the front strand is eNa_strand_unknown	-	n/a	none	Reachable only if an edit script starts with a gap op; an optimal X-drop traceback does not start with a gap when gap costs are positive (NCBI would then not reverse the Dense-seg, LOSAT always reverses). Not reachable with blastn's table gap costs.	-	
F-017	F	src/algo/blast/api/blast_seqalign.cpp	272-295,628-651	s_CreateDenseg / s_CreateSeqAlign	-	-	n/a	none	Pure Seq-align bookkeeping.	-	
F-018	F	src/algo/blast/api/blast_seqalign.cpp	1099-1262	s_BuildScoreList (with s_MakeScore, s_CalculateScoreVectorSize, s_AddScoresToSeqAlign)	scores 'score', 'bit_score', 'num_ident'; e-value stored as 0.0 when hsp->evalue < SMALLEST_EVALUE (1e-180)	report/outfmt6.rs:256(format_evalue_ncbi);report/outfmt6.rs:290(format_evalue_ncbi_tabular);algorithm/blastn/hsp.rs:629(evalue_compare_hsps)	faithful	none	equivalent: LOSAT keeps the raw e-value; every formatter prints '0.0' for e < 1e-180 as the stored 0.0 does (GetScoreString:965; tabular override needs evalue >= 1e-180) and s_EvalueComp equates both below 1e-180, so the table, rows and order agree.	-	
F-019	F	src/algo/blast/api/blast_seqalign.cpp	1163-1232	s_BuildScoreList	hsp->num > 1 (sum_n/sum_e), comp_adjustment_method > 0, num_positives > 0, hsp_percent_coverage (query_length > 0)	-	n/a	none	blastn HSPs have num == 1 and no composition adjustment; the extra scores are read only by custom tabular fields (qcovhsp, positives), which LOSAT rejects, or by protein displays.	-	
F-020	F	src/algo/blast/api/blast_seqalign.cpp	1234-1248	s_AddUserObjectToSeqAlign	seqid_list non-empty	-	n/a	none	Empty for bl2seq subjects (GetFilteredRedundantSeqids returns nothing without a GI list); only read for BLAST DB searches.	-	
F-021	F	src/algo/blast/api/blast_seqalign.cpp	1727-1743,1757-1878,1880-1945	s_AdjustNegativeSubjFrameInBlastn / s_BLAST_OneSubjectResults2CSeqAlign / s_TransposeSeqAlignVector / s_BlastResults2SeqAlignSequenceCmp_OMF	eSequenceComparison only (BL2SEQ_LEGACY set)	-	unported	low	Same cause as LocalBlastResults2SeqAlign eSequenceComparison: only run when BL2SEQ_LEGACY is set; LOSAT has no counterpart and does not reject the variable.	R1	explicit rejection after 7b63980b2 (any value; an empty query still ends with Query is Empty!)
F-022	F	src/algo/blast/format/blast_format.cpp	68-208	CBlastFormat::CBlastFormat	bl2seq default (m_IsBl2Seq true, m_IsDbScan true): FillScanModeBlastDbInfo(num_seqs, (int)total_length, subject tag)	algorithm/blastn/blast_engine/run.rs:4471(blastn_pairwise_report);algorithm/blastn/blast_engine/run.rs:5707(search);algorithm/blastn/coordination.rs:554(subject_metadata_from_records)	faithful	none	Database definition is 'User specified sequence set (Input: <-subject as typed>).', sequences = subject records, letters = sum of subject lengths (CMultiSeqInfo dbscan total, no sentinels; oracle shows 600 for 2x300). The (int) cast: totals >= 2^31 are rejected (E2c AUTHORITY §F,§G).	-	
F-023	F	src/algo/blast/format/blast_format.cpp	68-208	CBlastFormat::CBlastFormat	BL2SEQ_LEGACY set: m_DbName empty, m_IsDbScan false, m_SeqInfoSrc made, no DB info	-	unported	low	See LocalBlastResults2SeqAlign eSequenceComparison: LOSAT does not read or reject BL2SEQ_LEGACY.	R1	explicit rejection after 7b63980b2 (any value; an empty query still ends with Query is Empty!)
F-024	F	src/algo/blast/format/blast_format.cpp	68-208	CBlastFormat::CBlastFormat	m_DisableKAStats: program blastn with reward 0 and penalty 0 (rmblastn matrix scoring)	algorithm/blastn/scoring.rs:125(check_losat_limits)	rejected	low	check_losat_limits rejects a reward <= 0 ('a reward of 0 ... is not supported by LOSAT's BLASTN'); penalty 0 with a nonzero reward fails NCBI's option check first.	K-mode	
F-025	F	src/algo/blast/format/blast_format.cpp	195-206	CBlastFormat::CBlastFormat	m_LongSeqId from registry [BLAST] LONG_SEQID; m_ShowLinkedSetSize (sum statistics with -ungapped); GetAsciiProteinMatrix(m_MatrixName)	-	n/a	none	Registry/.ncbirc is unset; -ungapped is rejected so the linked-set column is never shown; the protein matrix is only used for protein positives (CDisplaySeqalign eProt, tabular positives fields), never for blastn.	-	
F-026	F	src/algo/blast/format/blast_format.cpp	338-345	CBlastFormat::GetDbTotalLength	-	-	n/a	none	Only sizes the query batches in blastn_app.cpp (E2f AUTHORITY §A-§C, range A); value equals the subject total letters.	-	
F-027	F	src/algo/blast/format/blast_format.cpp	348-442	CBlastFormat::PrintProlog	outfmt 6 and 7 (m_FormatType >= eXml: tabular returns before any output)	algorithm/blastn/hsp.rs:1143(write_output_blastn_hitlists_to_writer)	faithful	none	eTabular=6 and eTabularWithComments=7 are above eXml in the enum (blast_args.hpp:1035-1040); the CSV-with-header branch is out of scope. LOSAT writes nothing before the first row/header.	-	
F-028	F	src/algo/blast/format/blast_format.cpp	348-442	CBlastFormat::PrintProlog	outfmt 0, -task blastn: BlastPrintVersionInfo, '\n\n', BlastPrintReference (eGappedBlast), '\n\n', PrintDbReport(top)	report/pairwise.rs:1958(write_blastn_pairwise_prolog);report/pairwise.rs:2840(write_translated_pairwise_intro);report/pairwise.rs:1165(write_blastp_database_header_spacing)	faithful	none	Compared text and blank lines with the source and blastn 2.17.0 output: 'BLASTN 2.17.0+', reference wrapped at 68 (HTML-free 'Schaffer'), 3 newlines after the reference, 'Database:' block then a blank line, then the per-query '\n\n'.	-	
F-029	F	src/algo/blast/format/blast_format.cpp	348-442	CBlastFormat::PrintProlog	outfmt 0, -task megablast: m_Megablast selects the eMegaBlast reference	report/pairwise.rs:1819(write_megablast_pairwise_intro);report/pairwise.rs:1958(write_blastn_pairwise_prolog)	faithful	none	Program name stays BLASTN (m_Program from the program type); the eMegaBlast text wrapped at 68 matches the oracle.	-	
F-030	F	src/algo/blast/format/blast_format.cpp	348-442	CBlastFormat::PrintProlog	m_Megablast && m_IndexedMegablast (eIndexedMegablast reference)	-	n/a	none	Needs -use_index/an indexed megablast database; not in the option list.	-	
F-031	F	src/algo/blast/format/blast_format.cpp	348-442	CBlastFormat::PrintProlog	outfmt 0 with m_IsBl2Seq && !m_IsDbScan (BL2SEQ_LEGACY): return after the version line	-	unported	low	BL2SEQ_LEGACY is neither read nor rejected.	R1	explicit rejection after 7b63980b2 (any value; an empty query still ends with Query is Empty!)
F-032	F	src/algo/blast/format/blast_format.cpp	348-442	CBlastFormat::PrintProlog	m_DisableKAStats: rmblastn banner	algorithm/blastn/scoring.rs:125(check_losat_limits)	rejected	low	Reward 0 rejected (see constructor).	K-mode	
F-033	F	src/algo/blast/format/blast_format.cpp	445-479	CBlastFormat::x_PrintOneQueryFooter	searched query with a valid context: ungapped then gapped Karlin block (no Gumbel block for blastn), blank lines, 'Effective search space used: N'	report/pairwise.rs:1865(write_nucleotide_query_footer);algorithm/blastn/blast_engine/run.rs:4471(blastn_pairwise_report)	faithful	none	Footer layout compared with blastn output. Values are the first valid context's blocks (blast_results.cpp:72-115); both strands of a query are valid or invalid together, so context 2*q is the first valid one. Number formatting is a separate row (PrintKAParameters).	-	
F-034	F	src/algo/blast/format/blast_format.cpp	445-479	CBlastFormat::x_PrintOneQueryFooter	query without a valid context in a searched batch (kbp null, search space 0)	report/pairwise.rs:1865(write_nucleotide_query_footer)	faithful	none	Prints a blank line, no ungapped block, a blank line, no gapped block, a blank line and 'Effective search space used: 0' (CBlastAncillaryData finds no valid context).	-	
F-035	F	src/algo/blast/format/blast_format.cpp	445-479	CBlastFormat::x_PrintOneQueryFooter	query of an unsearched batch (CheckInternalData != 0): CBlastAncillaryData(-1,-1,-1,0)	report/pairwise.rs:1264(write_tblastn_unsearched_query_footer)	faithful	none	Prints both blocks with -1.00 values and space 0 (local_blast.cpp:177-215); E2f AUTHORITY §F decides which queries are unsearched.	-	
F-036	F	src/algo/blast/format/blast_format.cpp	445-479	CBlastFormat::x_PrintOneQueryFooter	m_DisableKAStats: footer skipped	algorithm/blastn/scoring.rs:125(check_losat_limits)	rejected	low	Reward 0 rejected.	K-mode	
F-037	F	src/algo/blast/format/blast_format.cpp	498-527	CBlastFormat::x_ConfigCShowBlastDefline	flags for blastn: no eShowSumN (gapped), no eShowGi/eHtml/eLongSeqId, no sort flags (m_HitsSortOption -1); eNoShowHeader only if num_descriptions == 0	report/pairwise.rs:1719(write_blastn_description_table)	faithful	none	Default table without the 'N', 'Max ident', 'Query cover' columns. num_descriptions == 0 needs -max_target_seqs 0, which NCBI's argument constraint (blast_args.cpp:2731) refuses (range A).	-	
F-038	F	src/algo/blast/format/blast_format.cpp	570-614	CBlastFormat::x_DisplayDeflines	itr_num == max (not PSI): CShowBlastDefline(aln_set, scope, 68, m_NumSummary), DisplayBlastDefline, then '\n'	report/pairwise.rs:2008(write_blastn_pairwise_report);report/pairwise.rs:1719(write_blastn_description_table)	faithful	none	Whole alignment set is passed (not pruned by -num_alignments); table rows capped at m_NumSummary subjects; one blank line after the table here plus one more in PrintOneResultSet (two blank lines before the first '>' as in the oracle).	-	
F-039	F	src/algo/blast/format/blast_format.cpp	570-614	CBlastFormat::x_DisplayDeflines	itr_num != max and prev_seqids non-empty (PSI-BLAST repeat/new split)	-	n/a	none	PSI-BLAST only.	-	
F-040	F	src/algo/blast/format/blast_format.cpp	617-658	s_SetFlags	outfmt 0: eShowBlastInfo | eShowBlastStyleId | eShowMiddleLine; eShowNoDeflineInfo only when isbl2seq param (m_IsBl2Seq && !m_IsDbScan) is true	report/pairwise.rs:2008(write_blastn_pairwise_report)	faithful	none	With dbscan mode on the subject '> title / Length=' block is printed (oracle confirms). eMergeAlign/eMasterAnchored formats 1-4 are out of scope; eShowRawScoreOnly needs m_DisableKAStats (rejected).	-	
F-041	F	src/algo/blast/format/blast_format.cpp	617-658	s_SetFlags	eShowNoDeflineInfo set (BL2SEQ_LEGACY): no '> defline' block for subjects	-	unported	low	BL2SEQ_LEGACY is neither read nor rejected.	R1	explicit rejection after 7b63980b2 (any value; an empty query still ends with Query is Empty!)
F-042	F	src/algo/blast/format/blast_format.cpp	759-836	CBlastFormat::x_PrintTabularReport	outfmt 6: CBlastTabularInfo with default fields, ParseLocalIds false, ParseSubjectDefline true (bl2seq and not believe_query), NoFetch true (blastn); rows of PruneSeqalign(aln_set, m_HitlistSize)	algorithm/blastn/hsp.rs:1143(write_output_blastn_hitlists_to_writer);report/outfmt6.rs:520(write_hit_fields)	faithful	none	One row per HSP in the Seq-align order, up to hitlist_size subjects (LOSAT has already pruned the hit list to hitlist_size, so PruneSeqalign finds nothing more); no header.	-	
F-043	F	src/algo/blast/format/blast_format.cpp	759-836	CBlastFormat::x_PrintTabularReport	outfmt 7: tabinfo.PrintHeader(strProgVersion, query bioseq, dbname 'User specified sequence set (Input: tag)' (no trailing period), RID empty, iteration max, aln_set, no subject bioseq)	algorithm/blastn/hsp.rs:179(write_blastn_outfmt7_header);algorithm/blastn/hsp.rs:1143(write_output_blastn_hitlists_to_writer)	faithful	none	See CBlastTabularInfo::PrintHeader rows. The header is printed for every query that reaches the report, with or without hits.	-	
F-044	F	src/algo/blast/format/blast_format.cpp	759-836	CBlastFormat::x_PrintTabularReport	m_IsUngappedSearch (PrepareBlastUngappedSeqalign); custom fields qcovs/qcovus; m_CustomDelim; eCommaSeparatedValues*	algorithm/blastn/hsp.rs:78(parse_blastn_output_format)	rejected	low	-ungapped and custom outfmt fields/delimiters are rejected ('output format N / custom output format specification ... not supported by LOSAT's BLASTN'); CSV formats 10 and 20 are rejected.	K-mode	
F-045	F	src/algo/blast/format/blast_format.cpp	1411-1591	CBlastFormat::PrintOneResultSet	results.HasErrors(): ERR_POST(Error) and return (query prints nothing)	-	n/a	none	Query-level errors come from BlastSetUp_GetFilteringLocations ('Failure at filtering', blast_filter.c:1292), whose core filter (BlastSetUp_Filter:1122-1166) handles only SEG and read-quality filtering; blastn's DUST and lowercase masks are made in the C++ layer, so no blastn bl2seq query gets an error message. Unreachable.	-	
F-046	F	src/algo/blast/format/blast_format.cpp	1411-1591	CBlastFormat::PrintOneResultSet	results.HasWarnings(): ERR_POST(Warning << GetWarningStrings()) per query in output order	algorithm/blastn/blast_engine/run.rs:4825(post_process_hits_and_write);report/query_warnings.rs:53(invalid_query_warning)	faithful	none	The only warning a blastn bl2seq query can carry is the invalid-query Karlin warning (blast_stat.c:2788; the protein 'O replaced' warning of blast_setup_cxx.cpp:620 is protein only). LOSAT writes the same bytes (id Query_N + title, 35-byte cut with '.. ', trailing space) to stderr after the results, in query order; stdout/stderr are separate streams.	-	
F-047	F	src/algo/blast/format/blast_format.cpp	1411-1591	CBlastFormat::PrintOneResultSet	outfmt 6/7: m_QueriesFormatted++ then x_PrintTabularReport	algorithm/blastn/hsp.rs:1143(write_output_blastn_hitlists_to_writer)	faithful	none	Every query yields one CSearchResults (also unsearched ones), so the count equals the number of queries.	-	
F-048	F	src/algo/blast/format/blast_format.cpp	1411-1591	CBlastFormat::PrintOneResultSet	outfmt 0, query has no alignments: '\n\n' + AcknowledgeBlastQuery + '\n\n***** No hits found *****\n\n\n' + footer	report/pairwise.rs:2008(write_blastn_pairwise_report);report/pairwise.rs:1230(write_no_hits_found)	faithful	none	Byte layout compared with the source; an unsearched query takes the -1 footer.	-	
F-049	F	src/algo/blast/format/blast_format.cpp	1411-1591	CBlastFormat::PrintOneResultSet	outfmt 0 with alignments: deflines (dbscan) + '\n' + PruneSeqalign(m_NumAlignments) + CDisplaySeqalign (line length 60, eBar, eNuc, eLowerCase, query masks, subject masks) + footer	report/pairwise.rs:2008(write_blastn_pairwise_report);algorithm/blastn/pairwise.rs:34(pairwise_hits)	faithful	none	Details in the showalign.cpp and showdefline.cpp rows. m_HitsSortOption/m_HspsSortOption stay -1 (-sorthits/-sorthsps are out of scope), kIsGlobal false for blastn Seq-aligns.	-	
F-050	F	src/algo/blast/format/blast_format.cpp	1411-1591	CBlastFormat::PrintOneResultSet	m_IsBl2Seq && !m_IsDbScan (BL2SEQ_LEGACY): '\n' + AcknowledgeBlastSubject(x_CreateSubjectBioseq) and no deflines table	-	unported	low	BL2SEQ_LEGACY is neither read nor rejected.	R1	explicit rejection after 7b63980b2 (any value; an empty query still ends with Query is Empty!)
F-051	F	src/algo/blast/format/blast_format.cpp	2204-2293	CBlastFormat::PrintEpilog	outfmt 7: CBlastTabularInfo::PrintNumProcessed(m_QueriesFormatted) -> '# BLAST processed N queries'	algorithm/blastn/hsp.rs:1143(write_output_blastn_hitlists_to_writer)	faithful	none	LOSAT prints the number of queries after the last query block.	-	
F-052	F	src/algo/blast/format/blast_format.cpp	2204-2293	CBlastFormat::PrintEpilog	outfmt 6: no footer (m_FormatType >= eTabular)	algorithm/blastn/hsp.rs:1143(write_output_blastn_hitlists_to_writer)	faithful	none	Nothing is printed after the rows.	-	
F-053	F	src/algo/blast/format/blast_format.cpp	2204-2293	CBlastFormat::PrintEpilog	outfmt 0: '\n\n' + PrintDbReport(top false, dbscan) + '\n\nMatrix: blastn matrix R P\n' + 'Gap Penalties: Existence: O, Extension: E'; word threshold and window size lines only when nonzero (0 for blastn)	report/pairwise.rs:1921(write_blastn_final_footer);report/pairwise.rs:1428(write_final_database_report)	faithful	none	Compared with blastn output (including 'Posted date:  Unknown', the three blank lines before 'Matrix:'). Threshold and window size are 0 for blastn tasks, so no such lines.	-	
F-054	F	src/algo/blast/format/blast_format.cpp	2204-2293	CBlastFormat::PrintEpilog	GetGapExtensionCost() == 0: extension printed as (reward - 2*penalty)/2.0 (double, ostream formatting)	report/pairwise.rs:1921(write_blastn_final_footer)	faithful	none	LOSAT computes f64(-2*penalty + reward)/2.0 and prints it with {} (2.5 -> '2.5', 4.0 -> '4'), equal to ostream's %g for these half-integer values; megablast default 0/0 prints 'Existence: 0, Extension: 2.5' for reward 1 penalty -2.	-	
F-055	F	src/algo/blast/format/blast_format.cpp	2204-2293	CBlastFormat::PrintEpilog	outfmt 0 with m_IsBl2Seq && !m_IsDbScan (BL2SEQ_LEGACY): no database report	-	unported	low	BL2SEQ_LEGACY is neither read nor rejected.	R1	explicit rejection after 7b63980b2 (any value; an empty query still ends with Query is Empty!)
F-056	F	src/algo/blast/format/blast_format.cpp	2295-2300	CBlastFormat::ResetScopeHistory	m_IsBl2Seq: return without resetting	-	n/a	none	Scope bookkeeping.	-	
F-057	F	src/objtools/align_format/showalign.cpp	149-219	CDisplaySeqalign::CDisplaySeqalign	-	-	n/a	none	Constructor defaults (line length 60, number to show, matrix copy from the matrix name; the matrix is read only for protein alignments).	-	
F-058	F	src/objtools/align_format/showalign.cpp	1911-2117	CDisplaySeqalign::DisplaySeqalign	pairwise (no eMergeAlign): one x_DisplayAlnvecInfo per Seq-align, defline shown when the subject Seq-id differs from the previous one	report/pairwise.rs:2008(write_blastn_pairwise_report)	faithful	none	LOSAT groups the (already ordered) HSPs by subject and prints the subject block before its first HSP; a Seq-id is 'lcl|Subject_N' so equal ids are exactly the HSPs of one subject, in e-value order. x_PreProcessSeqAlign (4577-4614) and x_InitAlignParams (1869-1909: GetDbType gives eDbTypeNotSet for local ids) have no output without HTML/linkout.	-	
F-059	F	src/objtools/align_format/showalign.cpp	1911-2117	CDisplaySeqalign::DisplaySeqalign	eMergeAlign (query-anchored formats 1-4)	algorithm/blastn/hsp.rs:78(parse_blastn_output_format)	rejected	low	outfmt 1-5 are rejected ('output format N is not supported by LOSAT's BLASTN').	K-layer	
F-060	F	src/objtools/align_format/showalign.cpp	1911-2117	CDisplaySeqalign::DisplaySeqalign	subject missing from the scope: 'Sequence with id ... no longer exists in database...alignment skipped'	-	n/a	none	Bl2seq subjects are always in the scope.	-	
F-061	F	src/objtools/align_format/showalign.cpp	1817-1866	CDisplaySeqalign::x_GetAlnVecForSeqalign	Denseg whose first strand is minus (non-translated): copy and Dense-seg::Reverse so the query reads on its plus strand and the subject on its minus strand	algorithm/blastn/pairwise.rs:127(displayed_rows)	faithful	none	equivalent: LOSAT reverse-complements the query row and the subject row of the context alignment (gaps mirrored) for query_frame < 0, with IUPAC complement through NCBI4NA (lookup.rs:84 reverse_complement). Verified against blastn output for plus/plus and plus/minus HSPs.	-	
F-062	F	src/objtools/align_format/showalign.cpp	1817-1866	CDisplaySeqalign::x_GetAlnVecForSeqalign	Std-seg (translated) and Dendiag (ungapped) conversions; eTranslateNucToNucAlignment	-	n/a	none	Only for translated or -ungapped searches.	-	
F-063	F	src/objtools/align_format/showalign.cpp	1200-1407	CDisplaySeqalign::x_PrepareRowData	row strings via CAlnVec::GetWholeAlnSeqString (uppercase IUPAC, '-' gap), ids 'Query'/'Sbjct', maxIdLen 5, maxStartLen = digits of the largest 0-based row coordinate, per-line start/stop lists	report/pairwise.rs:495(write_alignment_with_sequences);report/pairwise.rs:906(coordinate_width);algorithm/blastn/pairwise.rs:127(displayed_rows)	faithful	none	maxStartLen uses GetSeqStart/GetSeqStop (0-based), so LOSAT's coordinate_width(max 1-based - 1) matches, including the size_t wrap of 'maxStartLen - startLen + 2' that yields one space when a printed start has one more digit. Per-line starts/ends (CAlnVec::GetWholeAlnSeqString scrn_lefts/rights) were simulated for plus and minus rows with gap runs inside and across 60-column lines: they equal the first and last residue of the row in the line.	-	
F-064	F	src/objtools/align_format/showalign.cpp	1200-1407	CDisplaySeqalign::x_PrepareRowData	masked_regions: x_FillLocList(query masks, subject masks), x_GetQueryFeatureList (no external features), x_AddTranslationForLocalSeq/x_GetFeatureInfo (flags off)	algorithm/blastn/pairwise.rs:34(pairwise_hits)	faithful	none	See x_FillLocList and x_OutputSeq rows; feature, CDS, translation, alignment-stats and property-label branches need flags that CBlastFormat does not set for blastn.	-	
F-065	F	src/objtools/align_format/showalign.cpp	4292-4338	CDisplaySeqalign::x_FillLocList	mask interval vs alignment row: kept when the row's Seq-id matches and the mask intersects the row's seq range; mapped with GetAlnPosFromSeqPos(eBackwards, true) (reversed ends on a minus row)	algorithm/blastn/pairwise.rs:232(lowercase_masked)	faithful	none	equivalent: ends clamp to the first/last aligned column, so the mapped column range holds exactly the residues whose sequence position is inside the mask; LOSAT lowercases residues by position per row (minus rows walk down). Verified on lowercase query and subject with blastn -lcase_masking.	-	
F-066	F	src/objtools/align_format/showalign.cpp	2485-2574	CDisplaySeqalign::x_OutputSeq	m_SeqLocChar == eLowerCase: masked columns lowercased (gap '-' unchanged); middle line and ids not masked	algorithm/blastn/pairwise.rs:232(lowercase_masked)	faithful	none	Masks come from results.GetMaskedQueryRegions (DUST and, with -lcase_masking, input lowercase; whole-query masks are dropped by Blast_GetSeqLocInfoVector's Map, blast_aux.cpp:878-892, mirrored by shown_query_masks) and the subject masks above. eX/eN options and HTML styling are not used.	-	
F-067	F	src/objtools/align_format/showalign.cpp	2485-2574	CDisplaySeqalign::x_OutputSeq	query mask interval equal to the whole query [0, len-1] is not reported (s_ConvertBlastnMasks)	algorithm/blastn/pairwise.rs:196(shown_query_masks)	faithful	none	LOSAT drops an interval that starts at 0 and reaches the query end before merging, as NCBI tests each BlastSeqLoc separately; such a query has no seeds anyway.	-	
F-068	F	src/objtools/align_format/showalign.cpp	1476-1553	CDisplaySeqalign::x_DisplayRowDataSet	60-column blocks (j = 0..aln_stop step 60); rows only if the row intersects the block; query row, middle line, subject row, blank line	report/pairwise.rs:495(write_alignment_with_sequences)	faithful	none	Block count is floor((len-1)/60)+1; a blank line follows each block and one more after the last (x_DisplayAlnvecInfo).	-	
F-069	F	src/objtools/align_format/showalign.cpp	1595-1627	CDisplaySeqalign::x_DisplaySequenceLine	start/stop numbers suppressed for a gap-only line ((j > 0 && end == prev_stop) or (j == 0 && start == 1 && end == 1)); padding maxIdLen - id + 2, maxStartLen - startLen + 2, 2 before the stop number	report/pairwise.rs:638(write_sequence_row)	faithful	none	LOSAT's 'later chunk without residues' equals end == prev_stop (the end of a gap-only line repeats the previous end), and it reproduces the j == 0, start 1, end 1 quirk; padding uses width + 2 - digits (usize cannot wrap).	-	
F-070	F	src/objtools/align_format/showalign.cpp	1679-1692	CDisplaySeqalign::x_DisplaySequenceIDForPairwise	HTML highlight branch off; prints 'Query'/'Sbjct'	report/pairwise.rs:495(write_alignment_with_sequences)	faithful	none	Plain ids.	-	
F-071	F	src/objtools/align_format/showalign.cpp	1776-1784	CDisplaySeqalign::x_DisplayMiddLine	maxIdLen + 2 + maxStartLen + 2 spaces then the middle string	report/pairwise.rs:495(write_alignment_with_sequences)	faithful	none	Middle line follows the query row, before the subject row.	-	
F-072	F	src/objtools/align_format/showalign.cpp	1786-1807	CDisplaySeqalign::x_PrepareIdentityInfo	identity = GetPercentMatch(match, aln_stop+1); gap = x_GetNumGaps()	report/pairwise.rs:265(write_hsp_info);report/pairwise.rs:247(ncbi_percent_match)	faithful	none	Counts come from the two displayed rows; GetPercentMatch rounds as (int)(0.5 + 100.0*n/d) capped at 99 unless n == d.	-	
F-073	F	src/objtools/align_format/showalign.cpp	2120-2157	CDisplaySeqalign::x_FillIdentityInfo	nucleotide (eNuc, eBar): '|' where row letters are equal, ' ' otherwise; no positives	report/pairwise.rs:495(write_alignment_with_sequences);report/pairwise.rs:265(write_hsp_info)	faithful	none	NCBI compares the uppercase IUPAC strings before masking; LOSAT compares ignoring case on rows that carry lowercase masking, which is the same relation. 'U' is read as 'T' on both sides (input.rs with_u_as_t).	-	
F-074	F	src/objtools/align_format/showalign.cpp	2576-2614	CDisplaySeqalign::x_GetNumGaps	non-global alignment: gap columns over both rows	report/pairwise.rs:265(write_hsp_info)	faithful	none	LOSAT counts '-' in both rows; global (NW) alignments do not occur for blastn.	-	
F-075	F	src/objtools/align_format/showalign.cpp	304-334	s_DisplayIdentityInfo	nucleotide: ' Identities = m/L (p%), Gaps = g/L (q%)' then ' Strand=Plus/Plus' or 'Plus/Minus'; no Frame line	report/pairwise.rs:265(write_hsp_info)	faithful	none	Strand comes from the HSP's query frame (query is shown on its plus strand, subject minus iff query frame < 0), as StrandSign after the Dense-seg reversal; E2c AUTHORITY §P. Blank line after the strand line.	-	
F-076	F	src/objtools/align_format/showalign.cpp	3570-3610	CDisplaySeqalign::x_DisplayAlignInfo	' Score = <bits> bits (<raw>),  Expect = <evalue>' with GetScoreString formats; sum_n <= 0; no Method suffix; not global; not eShowRawScoreOnly	report/pairwise.rs:265(write_hsp_info);report/outfmt6.rs:313(format_bitscore_ncbi);report/outfmt6.rs:256(format_evalue_ncbi)	faithful	none	Same string as blastn output, including the two spaces after 'Score =' for a bit score formatted ' 99' or ' 5.4' (width 3 / 4).	-	
F-077	F	src/objtools/align_format/showalign.cpp	3985-4023	CDisplaySeqalign::x_DisplaySingleAlignParams	eShowBlastInfo path (no HTML sort controls, no dynamic features): align info then identity info	report/pairwise.rs:265(write_hsp_info)	faithful	none	Order: Score line, Identities line, Strand line, blank line.	-	
F-078	F	src/objtools/align_format/showalign.cpp	3613-3646	CDisplaySeqalign::x_ShowAlnvecInfo	show_defline true for the first HSP of a subject: x_PrintDefLine, '\n'; then single-align params and row data	report/pairwise.rs:2008(write_blastn_pairwise_report);report/pairwise.rs:200(write_subject_header)	faithful	none	eShowNoDeflineInfo is not set in dbscan mode, so '> title' and 'Length=N' are printed, then a blank line.	-	
F-079	F	src/objtools/align_format/showalign.cpp	3956-3982	CDisplaySeqalign::x_DisplayAlnvecInfo	per HSP: prepare rows, identity info, show info, delete rows, '\n'	report/pairwise.rs:2008(write_blastn_pairwise_report);report/pairwise.rs:465(write_alignment)	faithful	none	The extra blank line after the last alignment block is written by write_alignment.	-	
F-080	F	src/objtools/align_format/showalign.cpp	2262-2276	CDisplaySeqalign::x_FillAlnDispParams(bsp_handle)	title = CDeflineGenerator().GenerateDefline(handle) (no fLeavePrefixSuffix)	report/defline.rs:95(ncbi_nucleotide_title)	faithful	none	Heading title drops TPA:/MAG prefixes; see the create_defline.cpp rows.	-	
F-081	F	src/objtools/align_format/showalign.cpp	2279-2482	CDisplaySeqalign::x_PrintDefLine	bdl.empty() (no Blast-def-line set): '>' + id (skipped for 'lcl|Subject_') + ' ' + s_WrapOutputLine(title) + '\n' + 'Length=<subject length>\n'	report/pairwise.rs:200(write_subject_header);report/pairwise.rs:2008(write_blastn_pairwise_report)	faithful	none	Output '> <title>' with the id omitted (compared with blastn output); title wrapped at the first whitespace after each multiple of 60 bytes; titles up to 60 bytes unwrapped. The multi-defline branch needs a BLAST database.	-	
F-082	F	src/objtools/align_format/showalign.cpp	340-359	s_WrapOutputLine	length > 60: after each i with i % 60 == 0 wrap at the next isspace byte	report/pairwise.rs:200(write_subject_header)	faithful	none	LOSAT sets do_wrap when i > 0 && i % 60 == 0 and breaks after the next ASCII whitespace including vertical tab (0x0B), as C isspace; for titles <= 60 bytes the loop never wraps.	-	
F-083	F	src/objtools/align_format/showalign.cpp	4495-4575	CDisplaySeqalign::x_FillSeqid	eShowBlastStyleId, not eMergeAlign: 'Query' for row 0, 'Sbjct' for the others	report/pairwise.rs:495(write_alignment_with_sequences)	faithful	none	Fixed labels (CTOOLKIT_COMPATIBLE appends ':' only when compiled with that macro, which the release build does not define).	-	
F-084	F	src/objtools/align_format/showalign.cpp	1047-1053	CDisplaySeqalign::SetSubjectMasks	masks keyed by subject Seq-id (last write wins)	algorithm/blastn/pairwise.rs:34(pairwise_hits)	faithful	none	One mask list per subject for the query being printed, so no key collides.	-	
F-085	F	src/objtools/align_format/showalign.cpp	3465-3493,4095-4118	CDisplaySeqalign::x_DisplayMpvAnchor / x_PrepareDynamicFeatureInfo	HTML / dynamic-feature flags	-	n/a	none	Need eHtml or eDynamicFeature, which blastn outfmt 0 does not set.	-	
F-086	F	src/objtools/align_format/showalign.cpp	3163-3330	CDisplaySeqalign::PrepareBlastUngappedSeqalign (and Ex/Ex2)	m_IsUngappedSearch	cli.rs:205(is_unported_blastn_arg)	rejected	low	Only for -ungapped searches, rejected.	K-mode	
F-087	F	src/objtools/align_format/showdefline.cpp	541-579	CShowBlastDefline::CShowBlastDefline	-	-	n/a	none	Stores the alignment set, scope, line length 68 and number of rows to show; options start at 0.	-	
F-088	F	src/objtools/align_format/showdefline.cpp	1004-1012	CShowBlastDefline::DisplayBlastDefline	x_InitDeflineTable then x_DisplayDefline (m_StructureLinkout false: no linkout)	report/pairwise.rs:1719(write_blastn_description_table)	faithful	none	The non-template path is used (m_DeflineTemplates NULL).	-	
F-089	F	src/objtools/align_format/showdefline.cpp	1051-1160	CShowBlastDefline::x_InitDeflineTable	groups alignments by consecutive subject Seq-id while num_align < m_NumToShow; widths start at 6 ('(Bits)'), 5 ('Value'), 5 ('Total'); the last group is processed after the loop, where m_MaxScoreLen (not m_MaxTotalScoreLen) is set to the total-score width when it exceeds m_MaxTotalScoreLen	report/pairwise.rs:1719(write_blastn_description_table)	faithful	none	Simulated the loop for N > M, N == M and N < M groups: rows = min(N, M); the last-hit quirk applies exactly when N <= M (LOSAT's last_row_counted) and only changes the score column width when the last row's total bit score exceeds 99999 (sci notation, 9 characters). LOSAT reproduces that assignment.	-	
F-090	F	src/objtools/align_format/showdefline.cpp	1518-1560	CShowBlastDefline::x_GetScoreInfoForTable (with CAlignFormatUtil::GetSeqAlignSetCalcParams 4246-4315, GetSeqAlignCalcParams 4214-4244)	per subject: bit score of the HSP with the highest bit score (first on ties, strict >), its e-value, total of all HSP bit scores	report/pairwise.rs:1719(write_blastn_description_table)	faithful	none	Row e-value is that of the highest-bit HSP, not the lowest e-value; GetScoreString formats bit, e-value and total. Coverage, percent identity and sum_n are computed but not printed without the sort/linked-set options. GetSeqAlignCoverageParams (align_format_util.cpp:2997-3022) and GetAlignmentLength only feed unprinted fields.	-	
F-091	F	src/objtools/align_format/showdefline.cpp	753-988	CShowBlastDefline::x_DisplayDefline	header: 70 spaces + 'Score' padded to the score width + 4 spaces + 'E'; 'Sequences producing significant alignments:' padded to 69, '(Bits)' padded, 2 spaces, 'Value'; blank line	report/pairwise.rs:1719(write_blastn_description_table)	faithful	none	Compared byte layout with blastn output (no N, Total, Query cover or Max ident columns for blastn).	-	
F-092	F	src/objtools/align_format/showdefline.cpp	753-988	CShowBlastDefline::x_DisplayDefline	row: title (id omitted for 'lcl|Subject_'), cut to 65 bytes + '...' when longer than 68, padded to 68, 2 spaces, bit score padded to the width, 2 spaces, e-value padded to its width	report/pairwise.rs:1719(write_blastn_description_table)	faithful	none	Byte lengths, as C++ substr. The e-value column is padded to its width, so rows end with trailing spaces (LOSAT writes them).	-	
F-093	F	src/objtools/align_format/showdefline.cpp	388-538	CShowBlastDefline::x_FillDeflineAndId / x_GetDeflineInfo	title = CDeflineGenerator().GenerateDefline(handle, fLeavePrefixSuffix) for a bdl-less local subject	report/defline.rs:95(ncbi_nucleotide_title);report/pairwise.rs:1719(write_blastn_description_table)	faithful	none	Description keeps TPA:/MAG prefixes (leave_prefix true). The linkout, URL, taxid and fullDefline branches need HTML/linkout flags or a Blast-def-line set.	-	
F-094	F	src/objtools/align_format/showdefline.cpp	156-245	CShowBlastDefline::GetSeqIdListString / GetSeqIdList	used by tabular subject ids: ids matching 'gnl|BL_ORD_ID' or 'lcl|Subject_' get the first token of the generated defline; other ids are copied	algorithm/blastn/coordination.rs:554(subject_metadata_from_records)	faithful	none	CBlastTabularInfo::SetSubjectId passes ids already replaced by their title's first token, so GetSeqIdList copies them; the output id is that first token (outfmt 6/7 sseqid). GetSeqIdListString (eFullId) is not used by the default accession.version fields.	-	
F-095	F	src/objtools/align_format/showdefline.cpp	69-81	kBits (static initializer)	getenv('CTOOLKIT_COMPATIBLE') non-null: '(bits)' instead of '(Bits)'	-	unported	low	Runtime environment variable read at startup, not compile-time; with it set the description header prints '(bits)' and the score column width input changes. LOSAT does not read or reject CTOOLKIT_COMPATIBLE. REVIEW E1-4 asked which variables change blastn output: this one, BL2SEQ_LEGACY, and the .ncbirc LONG_SEQID registry key (unset by the task).	T11	faithful after e4b5c4a63; kBits from CTOOLKIT_COMPATIBLE (any value); fixtures ctoolkit.*; 55 outfmt 0 cases of every program x 3 environments: 51 same, 4 TBLASTX (outfmt 0 not implemented, S08)
F-096	F	src/objmgr/util/create_defline.cpp	3928-4107	CDeflineGenerator::GenerateDefline	title from the Bioseq's title descriptor; strip trailing '.,;~ ' then (heading only) TPA/MAG/UNVERIFIED... prefixes, leading spaces, trailing ',;~ ' (nothing is stripped from a title made only of those characters)	report/defline.rs:95(ncbi_nucleotide_title)	faithful	none	Same steps in the same order, case-insensitive prefix tests, a prefix erased then leading spaces trimmed before the next prefix is tried. x_SetFlags (create_defline.cpp:612-1100) finds no MolInfo/BioSource/user object for a FASTA subject, so m_Reconstruct false and the title descriptor is used.	-	
F-097	F	src/objmgr/util/create_defline.cpp	3928-4107	CDeflineGenerator::GenerateDefline	NStr::HtmlDecode(m_MainTitle) (character references such as &amp; or &#38; are decoded)	algorithm/blastn/blast_engine/run.rs:5429(search)	rejected	low	A subject defline with an HTML character reference is rejected before the search in outfmt 0 ('subject record N has an HTML character reference ... not supported by LOSAT's BLASTN'); has_html_character_reference is a superset of what HtmlDecode decodes (report/defline.rs:119).	K-layer	
F-098	F	src/objmgr/util/create_defline.cpp	3928-4107	CDeflineGenerator::GenerateDefline	empty main title (autodef/BioSource/NC/NM generated titles), capitalize, prefix/suffix (x_SetPrefix, x_SetSuffix), protein suffix adjustment	-	n/a	none	A FASTA subject title always contains at least the id (empty deflines are rejected by check_deflines), so none of the title-generation paths runs; prefix/suffix are empty without TPA/WGS/PDB ids; m_IsAA is false.	-	
F-099	F	src/objmgr/util/create_defline.cpp	219-314	x_CleanAndCompress	non-protein: trim spaces, collapse double spaces, ' ,' and ' ;' swap, ',,' to ', ', skip space after '(' and before ')', ', ' and '; ' runs collapsed	report/defline.rs:216(clean_and_compress)	faithful	none	Byte-for-byte port with the same two-character state machine and unit tests of known outputs; protein '. [' / ', [' replacement not applicable.	-	
F-100	F	src/objmgr/util/create_defline.cpp	219-314	x_CleanAndCompress	size_t 'left' wraps in the ', '/'; ' skip loop for titles such as ', ,' or ';  ;': NCBI reads past the string and crashes when it writes that subject's title	algorithm/blastn/blast_engine/run.rs:5436(search)	rejected	low	The subject is rejected before the search in outfmt 0 ('subject record N has a defline of punctuation that NCBI BLAST+ reads past its end ...'); clean_and_compress returns None exactly where NCBI's counter would wrap.	K-crash	
F-101	F	src/objtools/align_format/tabular.cpp	59-124,139-158	CBlastTabularInfo::CBlastTabularInfo (x_SetFieldsToShow, x_AddDefaultFieldsToShow, x_ResetFields, x_SetFieldDelimiter)	empty format: default fields 'qaccver saccver pident length mismatch gapopen qstart qend sstart send evalue bitscore' (format_flags.cpp:38-40), tab delimiter	algorithm/blastn/hsp.rs:78(parse_blastn_output_format);algorithm/blastn/hsp.rs:1143(write_output_blastn_hitlists_to_writer);report/outfmt6.rs:520(write_hit_fields)	faithful	none	The twelve default columns in this order, tab separated, newline terminated.	-	
F-102	F	src/objtools/align_format/tabular.cpp	59-124,139-158	CBlastTabularInfo::CBlastTabularInfo	"custom field list ('-outfmt ""6 qseqid ...""'), 'std' tag, delim="	algorithm/blastn/hsp.rs:78(parse_blastn_output_format)	rejected	low	'the custom output format specification ... is not supported by LOSAT's BLASTN' (E2c AUTHORITY §G); the task scope excludes custom fields.	K-layer	
F-103	F	src/objtools/align_format/tabular.cpp	126-137	CBlastTabularInfo::x_CheckTaxDB	taxonomy fields requested	-	n/a	none	Only for sscinames/scomnames/sblastnames/sskingdoms fields.	-	
F-104	F	src/objtools/align_format/tabular.cpp	214-217,252-255,165-197	CBlastTabularInfo::x_PrintQueryAccessionVersion / x_PrintSubjectAccessionVersion (s_GetSeqIdListString eAccVersion)	FindBestChoice(ids, Score)->GetLabel(eContent, fLabel_Version) of the replaced local id	algorithm/blastn/hsp.rs:1143(write_output_blastn_hitlists_to_writer)	faithful	none	The ids are string local ids (first title token), so the label is that token unchanged; 'Unknown' only for an empty id.	-	
F-105	F	src/objtools/align_format/tabular.cpp	477-519	s_ReplaceLocalId / CBlastTabularInfo::SetQueryId	local query id: first ' '-delimited token of the concatenated title descriptors (GetTitle), else the local id string when the title is empty or parse_local	algorithm/blastn/hsp.rs:1143(write_output_blastn_hitlists_to_writer);algorithm/blastn/blast_engine/run.rs:5696(search)	faithful	none	LOSAT uses the first whitespace token of the defline (bio id), equal to NCBI's first ' ' token because deflines that start with white space or contain control or non-ASCII bytes are rejected (check_deflines); a title token is never empty. The token is raw (no title cleaning), as in NCBI.	-	
F-106	F	src/objtools/align_format/tabular.cpp	522-532	CBlastTabularInfo::SetSubjectId	ParseSubjectDefline true (bl2seq without -parse_deflines): subject id is the first token of the subject title	algorithm/blastn/coordination.rs:554(subject_metadata_from_records);algorithm/blastn/blast_engine/run.rs:5700(search)	faithful	none	Same rule as the query id; raw title token, not the cleaned heading.	-	
F-107	F	src/objtools/align_format/tabular.cpp	749-1098	CBlastTabularInfo::SetFields	scores: GetAlnScores + SetScores for e-value, bit score, raw score and num_ident	report/outfmt6.rs:407(write_evalue_ncbi_tabular);report/outfmt6.rs:431(write_bitscore_ncbi)	faithful	none	The values are the HSP's e-value (0.0 below 1e-180), bit score and num_ident; formatting rows below.	-	
F-108	F	src/objtools/align_format/tabular.cpp	749-1098	CBlastTabularInfo::SetFields	alignment fields (NoFetch true for blastn skips the sequence fetch): length and gap counts from CAlignFormatUtil::GetAlignLengths over the Dense-seg; num_ident from the score; query start/end and subject start/end from the reversed Dense-seg	algorithm/blastn/hsp.rs:1143(write_output_blastn_hitlists_to_writer);algorithm/blastn/filtering/purge_endpoints.rs:40(adjust_blastn_offsets)	faithful	none	equivalent: length = sum of edit-script lengths, gap openings = number of Ins/Del segments, mismatches = length - num_ident - gap letters, coordinates = blast_hits.c:1122-1132 (minus query: query reversed to plus, subject start > end). LOSAT takes length, mismatch and gap opens from the traceback (stats_from_edit_ops) and num_ident from the same count.	-	
F-109	F	src/objtools/align_format/tabular.cpp	749-1098	CBlastTabularInfo::SetFields	translated (Std-seg) and ungapped (Dendiag) conversions, eSubjectStrand/frames/BTOP/positives fields, bioseq-not-found exception path	-	n/a	none	Not reachable for default fields of gapped blastn.	-	
F-110	F	src/objtools/align_format/tabular.cpp	737-747	CBlastTabularInfo::x_SetQueryCovSeqalign	executed because the query id field is requested; result printed only by qcovhsp	-	n/a	none	Computation without output (the Seq-align carries hsp_percent_coverage).	-	
F-111	F	src/objtools/align_format/tabular.cpp	1100-1109,1411-1546	CBlastTabularInfo::Print / x_PrintField	fields joined by the delimiter, '\n' at the end	report/outfmt6.rs:520(write_hit_fields)	faithful	none	One line per HSP.	-	
F-112	F	include/objtools/align_format/tabular.hpp	437-442	CBlastTabularInfo::x_PrintPercentIdentical	(double)num_ident / align_length * 100, printed with NStr::DoubleToString(v, 3) = %.3f; 0 when align_length is 0	report/outfmt6.rs:347(format_percent_identity_ncbi)	faithful	none	LOSAT divides first, then multiplies by 100.0, then formats {:.3} (Rust's exact half-even rounding equals glibc %.3f).	-	
F-113	F	include/objtools/align_format/tabular.hpp	476-480,495-503	CBlastTabularInfo::x_PrintMismatches / x_PrintGapOpenings / x_PrintGaps	mismatches = align_length - num_ident - num_gaps; gap opens = number of gap segments	report/outfmt6.rs:520(write_hit_fields)	faithful	none	equivalent when every substitution column is identical or mismatching (LOSAT counts them directly) and adjacent same-type gap ops are merged (GapPrelimEditBlockAdd), as in the Dense-seg chunks.	-	
F-114	F	src/objtools/align_format/tabular.cpp	1327-1338	CBlastTabularInfo::SetScores	evalue >= 1e-180 and < 0.0009: NStr::DoubleToString(evalue, 2, fDoubleScientific) ('%.2e'); otherwise GetScoreString's e-value string; bit score from GetScoreString	report/outfmt6.rs:290(format_evalue_ncbi_tabular);report/outfmt6.rs:407(write_evalue_ncbi_tabular)	faithful	none	Boundaries 1e-180 and 0.0009 are the same comparisons; '%.2e' via Rust {:.2e} with a 2-digit minimum exponent and explicit sign (3-digit exponents for e-100 and below).	-	
F-115	F	src/objtools/align_format/tabular.cpp	1265-1284	CBlastTabularInfo::PrintHeader	outfmt 7: x_PrintQueryAndDbNames; if align_set non-null: field names only when num_hits != 0, then '# N hits found'	algorithm/blastn/hsp.rs:179(write_blastn_outfmt7_header);algorithm/blastn/hsp.rs:200(blastn_hsp_count)	faithful	none	N is the number of Seq-aligns (HSPs, after score-0 removal) of the query before PruneSeqalign; align_set is null only for queries of an unsearched batch (no count line), as E2f AUTHORITY §F decides.	-	
F-116	F	src/objtools/align_format/tabular.cpp	1286-1319	CBlastTabularInfo::x_PrintQueryAndDbNames	'# BLASTN 2.17.0+', '# Query: ' + AcknowledgeBlastQuery(tabular), '\n# Database: ' + dbname + '\n' (dbname non-empty in dbscan mode)	algorithm/blastn/hsp.rs:179(write_blastn_outfmt7_header)	faithful	none	Program name is BLASTN for both tasks; 'Database: User specified sequence set (Input: <subject as typed>)' has no final period here (it has one in outfmt 0).	-	
F-117	F	src/objtools/align_format/tabular.cpp	1111-1236	CBlastTabularInfo::PrintFieldNames	'# Fields: query acc.ver, subject acc.ver, % identity, alignment length, mismatches, gap opens, q. start, q. end, s. start, s. end, evalue, bit score'	algorithm/blastn/hsp.rs:179(write_blastn_outfmt7_header)	faithful	none	Exact text of the twelve default fields.	-	
F-118	F	src/objtools/align_format/tabular.cpp	1322-1325	CBlastTabularInfo::PrintNumProcessed	'# BLAST processed N queries'	algorithm/blastn/hsp.rs:1143(write_output_blastn_hitlists_to_writer)	faithful	none	N = number of queries formatted.	-	
F-119	F	src/objtools/align_format/tabular.cpp	1340-1366	CBlastTabularInfo::SetEndpoints / SetCounts / SetBTOP	-	-	n/a	none	Plain setters.	-	
F-120	F	src/objtools/align_format/align_format_util.cpp	940-1011	CAlignFormatUtil::GetScoreString	e-value: < 1e-180 '0.0'; < 1e-99 '%2.0le'; < 0.0009 '%3.0le'; < 0.1 '%4.3lf'; < 1 '%3.2lf'; < 10 '%2.1lf'; else '%2.0lf'	report/outfmt6.rs:256(format_evalue_ncbi);report/outfmt6.rs:184(format_scientific_ncbi);report/outfmt6.rs:380(write_evalue_ncbi_base)	faithful	none	Same thresholds and precisions. Rust {:.N} formats the exact binary value with half-even ties like glibc printf (toolchain >= 1.82: repeat_n/trim_ascii_end in use, past the 1.67 rounding fix); {:.0e} pads the exponent to 2 digits with sign as C does.	-	
F-121	F	src/objtools/align_format/align_format_util.cpp	940-1011	CAlignFormatUtil::GetScoreString	bit score: > 99999 '%5.3le'; > 99.9 '%3.0ld' of (long)bit_score (truncated, width 3: 99.95 -> ' 99'); else '%4.1lf'	report/outfmt6.rs:313(format_bitscore_ncbi);report/outfmt6.rs:431(write_bitscore_ncbi)	faithful	none	Truncation toward zero (`as i64`), width 3 and width 4 padding match; E2c AUTHORITY §K already fixed the (99.9, 100) case. total_bit_score uses '%2.1lf' below 99.9 (LOSAT's {:4.1}); only its length matters and it stays below 6 characters either way.	-	
F-122	F	src/objtools/align_format/align_format_util.cpp	782-876,213-270	CAlignFormatUtil::GetAlnScores (s_GetBlastScore)	reads score, bit_score, e_value/sum_e, sum_n, num_ident from the Seq-align; defaults -1 and sum_n -1	report/pairwise.rs:265(write_hsp_info);algorithm/blastn/hsp.rs:1143(write_output_blastn_hitlists_to_writer)	faithful	none	LOSAT reads the HSP fields directly; 'blast_score' is skipped by NCBI (only 'score' is read), sum_n stays -1 so no 'Expect(N)'.	-	
F-123	F	src/objtools/align_format/align_format_util.cpp	1014-1040	CAlignFormatUtil::PruneSeqalign	tabular: first m_HitlistSize subjects (consecutive-id groups); pairwise: first m_NumAlignments subjects	report/pairwise.rs:2091(write_blastn_pairwise_report);algorithm/blastn/blast_engine/run.rs:4531(post_process_hits_and_write)	faithful	none	Pairwise: LOSAT takes the first num_alignments distinct subjects (default 250, or -max_target_seqs); tabular: the hit list is already limited to the hit list size (default 500, or -max_target_seqs), so PruneSeqalign(…, m_HitlistSize) keeps everything.	-	
F-124	F	src/objtools/align_format/align_format_util.cpp	1100-1122	CAlignFormatUtil::GetAlignLengths	align length = sum of chunk lengths of row 0; gaps and gap opens counted over both rows' gap chunks	algorithm/blastn/hsp.rs:1143(write_output_blastn_hitlists_to_writer)	faithful	none	See SetFields alignment-fields row (equivalent from the edit script).	-	
F-125	F	src/objtools/align_format/align_format_util.cpp	1125-1147	CAlignFormatUtil::ExtractSeqalignSetFromDiscSegs	disc Seq-aligns	-	n/a	none	blastn Seq-aligns are never discontinuous; the set is copied.	-	
F-126	F	src/objtools/align_format/align_format_util.cpp	3152-3161	CAlignFormatUtil::GetPercentMatch	n == d -> 100, else (int)(0.5 + 100.0*n/d) capped at 99	report/pairwise.rs:247(ncbi_percent_match)	faithful	none	Same expression order and cap; unit test pins the C edges.	-	
F-127	F	src/objtools/align_format/align_format_util.cpp	4934-4942	CAlignFormatUtil::GetTitle	all title descriptors, each followed by a space	algorithm/blastn/hsp.rs:1143(write_output_blastn_hitlists_to_writer)	faithful	none	One title per FASTA record; only its first token is used (tabular ids).	-	
F-128	F	src/objtools/align_format/align_format_util.cpp	669-683	CAlignFormatUtil::GetSeqDescrString	concatenation of the Bioseq's title descriptors (raw, no cleaning)	report/pairwise.rs:1209(write_blastp_query_header);algorithm/blastn/hsp.rs:179(write_blastn_outfmt7_header)	faithful	none	Query title = the defline text after '>' (id included) as read without -parse_deflines.	-	
F-129	F	src/objtools/align_format/align_format_util.cpp	629-667	CAlignFormatUtil::GetSeqIdString	believe_local_id false and local id: empty id string	report/pairwise.rs:1209(write_blastp_query_header)	faithful	none	The 'Query=' line shows only the title.	-	
F-130	F	src/objtools/align_format/align_format_util.cpp	685-780	CAlignFormatUtil::AcknowledgeBlastQuery / x_AcknowledgeBlastSequence	pairwise: 'Query= ' + x_WrapOutputLine(TruncateSpaces(id + ' ' + title), 68) + '\nLength=N\n'; tabular: '# Query: ' + same text unwrapped; RID empty	report/pairwise.rs:1209(write_blastp_query_header);algorithm/blastn/hsp.rs:179(write_blastn_outfmt7_header)	faithful	none	Blank line between the wrapped title and 'Length='; LOSAT's title is the bio id plus description (bio drops trailing white space like TruncateSpaces; leading white space is rejected). Length is the residue count of the record.	-	
F-131	F	src/objtools/align_format/align_format_util.cpp	279-296	CAlignFormatUtil::x_WrapOutputLine (NStr::Wrap, fWrap_FlatFile)	wrap at 68 columns on newline, space (preferred), comma, hyphen; hard break at 68; backspace handling	report/pairwise.rs:1056(write_flatfile_wrapped)	faithful	none	Compared WrapIt (ncbistr.cpp:5088-5340) line by line: pos0 jump to a newline that fits, scoring (newline > space > comma > hyphen > forced, ties to the later position), comma/hyphen only when column < width and not last, backspace removal, skipping spaces and one newline after a space break, nothing written for an empty string. Used for the Query= line and the Database line.	-	
F-132	F	src/corelib/ncbistr.cpp	5088-5340	NStr::WrapIt / NStr::Wrap	fWrap_FlatFile, width 68, no prefix	report/pairwise.rs:1056(write_flatfile_wrapped)	faithful	none	See x_WrapOutputLine.	-	
F-133	F	src/corelib/ncbistr.cpp	2308-2420	NStr::DoubleToString (precision >= 0)	fixed '%.*f' (pident, 3) and scientific '%.*e' (tabular e-value, 2)	report/outfmt6.rs:347(format_percent_identity_ncbi);report/outfmt6.rs:184(format_scientific_ncbi)	faithful	none	Locale-independent in Rust; the oracle runs in the C locale (decimal point '.').	-	
F-134	F	src/corelib/ncbistr.cpp	1830-1860,2031-2056	NStr::Int8ToString / IntToString (fWithCommas)	thousands separators for 'N sequences; M total letters' and 'Number of letters/sequences in database'	report/pairwise.rs:919(format_count_with_commas)	faithful	none	Groups of three digits from the right, no separator for fewer than four digits; counts are non-negative.	-	
F-135	F	src/objtools/align_format/align_format_util.cpp	506-576	CAlignFormatUtil::PrintDbReport	top: 'Database: ' + wrapped definition + (no mask line) + 11 spaces + 'N sequences; M total letters\n\n'	report/pairwise.rs:1165(write_blastp_database_header_spacing)	faithful	none	Single SDbInfo; filt_algorithm_name empty in dbscan mode.	-	
F-136	F	src/objtools/align_format/align_format_util.cpp	506-576	CAlignFormatUtil::PrintDbReport	not top (epilog): '  Database: ' + wrapped definition + '    Posted date:  Unknown' + '  Number of letters in database: M' + '  Number of sequences in database:  N' + blank line (subset false)	report/pairwise.rs:1428(write_final_database_report)	faithful	none	SDbInfo::date defaults to 'Unknown' (oracle output).	-	
F-137	F	src/objtools/align_format/align_format_util.cpp	412-427	CAlignFormatUtil::FillScanModeBlastDbInfo	tag != '': 'User specified sequence set (Input: tag).'; tag == '': 'User specified sequence set.'	report/pairwise.rs:933(ensure_trailing_period);algorithm/blastn/blast_engine/run.rs:5707(search)	faithful	none	-subject is a required non-empty value, so the empty-tag branch is unreachable; LOSAT always appends the period to '... (Input: path)'.	-	
F-138	F	src/objtools/align_format/align_format_util.cpp	578-620	CAlignFormatUtil::PrintKAParameters	'%#8.3g ' for lambda, K, H (sprintf of C: 3 significant digits, trailing zeros and decimal point kept, scientific when the rounded exponent < -4 or >= 3, exponent 'e+NN'/'e-NN' at least two digits); 'Gapped' heading; no Gumbel columns for blastn	report/pairwise.rs:957(format_ncbi_ka_value);report/pairwise.rs:977(write_ncbi_ka_field)	divergent	low	format_ncbi_ka_value picks the style from floor(log10(|v|)) of the unrounded value and prints scientific with Rust {:.2e} (no zero-padded exponent, no '+'). C uses the exponent of the value rounded to 3 digits: 0.99996 gives C '1.00' (LOSAT '1.000'), 9.9996 gives '10.0' (LOSAT '10.00'), 999.5 gives '1.00e+03' (LOSAT '1000.'); 1.23e-5 gives '1.23e-05' (LOSAT '1.23e-5'). Table and typical computed lambda/K/H (0.1 to 10, e.g. '1.28 0.460 0.850') print the same; a value within 0.05 percent below a power of ten, or below 1e-4 or above 999, would show it.	T13	faithful after a99527f20; exact %#8.3g; unit test with C's strings
F-139	F	src/algo/blast/format/blastfmtutil.cpp	61-74	CBlastFormatUtil::BlastGetVersion / BlastPrintVersionInfo	'BLASTN ' + CBlastVersion().Print() ('2.17.0+') for both tasks (m_Program = 'blastn')	report/pairwise.rs:1958(write_blastn_pairwise_prolog);algorithm/blastn/hsp.rs:161(NCBI_BLASTN_VERSION)	faithful	none	Fixed version string matching the oracle.	-	
F-140	F	src/algo/blast/format/blastfmtutil.cpp	76-122	CBlastFormatUtil::BlastPrintReference	eGappedBlast (task blastn) or eMegaBlast (task megablast): 'Reference: ' + CReference::GetHTMLFreeString wrapped at 68, then a blank line	report/pairwise.rs:2840(write_translated_pairwise_intro);report/pairwise.rs:1819(write_megablast_pairwise_intro)	faithful	none	Texts compared with version.cpp:44-70; GetHTMLFreeString (version.cpp:117-126) replaces the single '&auml;' by 'a' ('Schaffer').	-	
F-141	F	src/algo/blast/api/version.cpp	112-127	CReference::GetString / GetHTMLFreeString	-	report/pairwise.rs:2840(write_translated_pairwise_intro)	faithful	none	Static strings; LOSAT's literal lines equal the wrapped text.	-	
F-142	F	src/algo/blast/format/blastfmtutil.cpp	124-140	CBlastFormatUtil::PrintDbInformation	-	-	n/a	none	Not called on the blastn path (PrintProlog uses PrintDbReport).	-	
F-143	F	src/algo/blast/api/blast_results.cpp	72-115	CBlastAncillaryData::CBlastAncillaryData (read by x_PrintOneQueryFooter; outside the listed files)	first valid context of the query: its eff_searchsp and Karlin blocks; no valid context: kbp null and search space 0	algorithm/blastn/blast_engine/run.rs:4471(blastn_pairwise_report)	faithful	none	LOSAT uses context 2*q (plus strand); the plus and minus contexts of a query are valid together (the ungapped score distribution of a sequence and of its reverse complement are the same set of probabilities), so the first valid context is the plus one.	-	
F-144	F	src/algo/blast/api/blast_results.cpp	276-326	CSearchResults::GetWarningStrings / HasWarnings / HasErrors / HasAlignments (outside the listed files)	'<query id>: <message> ' per warning; HasAlignments needs a non-empty set whose first Seq-align has segs	algorithm/blastn/blast_engine/run.rs:4825(post_process_hits_and_write);report/query_warnings.rs:53(invalid_query_warning)	faithful	none	Message text, the 35-byte query id cut (blast_setup_cxx.cpp:534-543), the trailing space and the '[blastn]' diagnostic prefix are reproduced.	-	
F-145	F	src/objtools/align_format/align_format_util.cpp	4188-4212,782-876,1462-1490,2997-3022	CAlignFormatUtil::GetDbType / GetUseThisSequence / GetSeqAlignSetCalcParamsFromASN / GetSeqAlignCoverageParams / GetAlignmentLength (executed from DisplaySeqalign and x_GetScoreInfoForTable)	local subject ids; no use_this_seqid user object; no calc params stored in the Seq-align	-	n/a	none	They compute values that blastn outfmt 0 does not print (database type for sequence retrieval links, coverage, subject range) or return empty results for local ids.	-	
F-146	F	src/objtools/align_format/showdefline.cpp	1563-1618	CShowBlastDefline::x_GetDeflineInfo (catch path)	exception while building a row: defline 'Unknown'	-	n/a	none	Needs a subject that is not in the scope; bl2seq subjects always are.	-	
F-147	F	src/objtools/align_format/align_format_util.cpp	4533-4827	CAlignFormatUtil::GetDisplayIds	-subject: one local id per sequence	report/pairwise.rs(subject ids); algorithm/blastn/hsp.rs(tabular ids)	faithful	none	Added after the E2g independent audit (a), 2026-10-02: reached on every search, had no row. With -subject every sequence has one local id, so the choice is trivial; byte-equal on 33 id forms (audit a).	-	
F-148	F	src/algo/blast/format/blast_format.cpp	318-324	CBlastFormat::~CBlastFormat	flush of the output stream at the end	algorithm/blastn/blast_engine/run.rs(run: report stream flush)	faithful	none	Added after the E2g independent audit (a), 2026-10-02: reached on every search, had no row. A failed flush in outfmt 0 is T14 (BLAST failed to write output, exit 6).	-	
