rust_file	rust_line	rust_item	ncbi_token	ncbi_file	ncbi_lines	ncbi_function
LOSAT/src/algorithm/blastn/alignment/gapped.rs	18	blast_nint	ncbi-blast/c++/src/algo/blast/core/blast_gapalign_priv.h	c++/src/algo/blast/core/blast_gapalign_priv.h	120	#define HSP_MAX_WINDOW
LOSAT/src/algorithm/blastn/alignment/gapped.rs	21	blast_nint	ncbi-blast/c++/include/algo/blast/core/blast_def.h	c++/include/algo/blast/core/blast_def.h	82-83	#define COMPRESSION_RATIO
LOSAT/src/algorithm/blastn/alignment/gapped.rs	25	blast_nint	ncbi-blast/c++/src/algo/blast/core/blast_stat.c	c++/src/algo/blast/core/blast_stat.c	1060-1068	BlastScoreBlkNuclMatrixCreate
LOSAT/src/algorithm/blastn/alignment/gapped.rs	29	blast_nint	ncbi-blast/c++/src/algo/blast/core/blast_encoding.c	c++/src/algo/blast/core/blast_encoding.c	56-74	<file scope>
LOSAT/src/algorithm/blastn/alignment/gapped.rs	36	blast_nint	ncbi-blast/c++/src/algo/blast/core/ncbi_math.c	c++/src/algo/blast/core/ncbi_math.c	437-441	BLAST_Nint
LOSAT/src/algorithm/blastn/alignment/gapped.rs	47	build_blastna_matrix	ncbi-blast/c++/src/algo/blast/core/blast_stat.c	c++/src/algo/blast/core/blast_stat.c	1052-1127	BlastScoreBlkNuclMatrixCreate
LOSAT/src/algorithm/blastn/alignment/gapped.rs	52	build_blastna_matrix	blast_stat.c	c++/src/algo/blast/core/blast_stat.c	1084-1099	BlastScoreBlkNuclMatrixCreate
LOSAT/src/algorithm/blastn/alignment/gapped.rs	66	new	blast_stat.c	c++/src/algo/blast/core/blast_stat.c	1102-1119	BlastScoreBlkNuclMatrixCreate
LOSAT/src/algorithm/blastn/alignment/gapped.rs	84	new	blast_stat.c	c++/src/algo/blast/core/blast_stat.c	1122-1127	BlastScoreBlkNuclMatrixCreate
LOSAT/src/algorithm/blastn/alignment/gapped.rs	93	new	ncbi-blast/c++/include/algo/blast/core/blast_gapalign.h	c++/include/algo/blast/core/blast_gapalign.h	56-62	<file scope>
LOSAT/src/algorithm/blastn/alignment/gapped.rs	100	new	ncbi-blast/c++/src/algo/blast/core/blast_gapalign.c	c++/src/algo/blast/core/blast_gapalign.c	857-860	Blast_SemiGappedAlign
LOSAT/src/algorithm/blastn/alignment/gapped.rs	103	new	ncbi-blast/c++/include/algo/blast/core/blast_util.h	c++/include/algo/blast/core/blast_util.h	358-364	#define FENCE_SENTRY
LOSAT/src/algorithm/blastn/alignment/gapped.rs	110	new	ncbi-blast/c++/include/algo/blast/core/blast_gapalign.h	c++/include/algo/blast/core/blast_gapalign.h	69-80	<BlastGapAlignStruct>
LOSAT/src/algorithm/blastn/alignment/gapped.rs	121	gap_dp_reserve_initial	ncbi-blast/c++/src/algo/blast/core/blast_gapalign.c	c++/src/algo/blast/core/blast_gapalign.c	313-319	BLAST_GapAlignStructNew
LOSAT/src/algorithm/blastn/alignment/gapped.rs	131	gap_dp_reserve_initial	ncbi-blast/c++/src/algo/blast/core/blast_gapalign.c	c++/src/algo/blast/core/blast_gapalign.c	448-450	ALIGN_EX
LOSAT/src/algorithm/blastn/alignment/gapped.rs	150	gap_dp_reserve_band	ncbi-blast/c++/src/algo/blast/core/blast_gapalign.c	c++/src/algo/blast/core/blast_gapalign.c	797-808	Blast_SemiGappedAlign
LOSAT/src/algorithm/blastn/alignment/gapped.rs	151	gap_dp_reserve_band	ncbi-blast/c++/src/algo/blast/core/blast_gapalign.c	c++/src/algo/blast/core/blast_gapalign.c	462-468	ALIGN_EX
LOSAT/src/algorithm/blastn/alignment/gapped.rs	152	gap_dp_reserve_band	ncbi-blast/c++/src/algo/blast/core/blast_gapalign.c	c++/src/algo/blast/core/blast_gapalign.c	797-805	Blast_SemiGappedAlign
LOSAT/src/algorithm/blastn/alignment/gapped.rs	181	gap_reset_traceback_state	ncbi-blast/c++/src/algo/blast/core/blast_gapalign.c	c++/src/algo/blast/core/blast_gapalign.c	923-931	Blast_SemiGappedAlign
LOSAT/src/algorithm/blastn/alignment/gapped.rs	182	gap_reset_traceback_state	ncbi-blast/c++/src/algo/blast/core/blast_gapalign.c	c++/src/algo/blast/core/blast_gapalign.c	641-648	ALIGN_EX
LOSAT/src/algorithm/blastn/alignment/gapped.rs	197	gap_alloc_trace_row	ncbi-blast/c++/src/algo/blast/core/blast_gapalign.c	c++/src/algo/blast/core/blast_gapalign.c	128-139	s_GapPurgeState
LOSAT/src/algorithm/blastn/alignment/gapped.rs	198	gap_alloc_trace_row	ncbi-blast/c++/src/algo/blast/core/blast_gapalign.c	c++/src/algo/blast/core/blast_gapalign.c	438-439	ALIGN_EX
LOSAT/src/algorithm/blastn/alignment/gapped.rs	209	gap_alloc_trace_row	ncbi-blast/c++/src/algo/blast/core/blast_gapalign.c	c++/src/algo/blast/core/blast_gapalign.c	70-115	s_GapGetState
LOSAT/src/algorithm/blastn/alignment/gapped.rs	213	script_op_to_gap_edit_op	ncbi-blast/c++/src/algo/blast/core/blast_gapalign.c	c++/src/algo/blast/core/blast_gapalign.c	75-77	s_GapGetState
LOSAT/src/algorithm/blastn/alignment/gapped.rs	228	script_op_to_gap_edit_op	ncbi-blast/c++/src/algo/blast/core/blast_gapalign.c	c++/src/algo/blast/core/blast_gapalign.c	75-83	s_GapGetState
LOSAT/src/algorithm/blastn/alignment/gapped.rs	233	script_op_to_gap_edit_op	ncbi-blast/c++/src/algo/blast/core/blast_gapalign.c	c++/src/algo/blast/core/blast_gapalign.c	132-136	s_GapPurgeState
LOSAT/src/algorithm/blastn/alignment/gapped.rs	260	script_op_to_gap_edit_op	ncbi-blast/c++/include/algo/blast/core/gapinfo.h	c++/include/algo/blast/core/gapinfo.h	45-53	<EGapAlignOpType>
LOSAT/src/algorithm/blastn/alignment/gapped.rs	279	gap_edit_ops_add	ncbi-blast/c++/src/algo/blast/core/gapinfo.c	c++/src/algo/blast/core/gapinfo.c	174-185	GapPrelimEditBlockAdd
LOSAT/src/algorithm/blastn/alignment/gapped.rs	318	same_gap_edit_op_type	ncbi-blast/c++/src/algo/blast/core/blast_gapalign.c	c++/src/algo/blast/core/blast_gapalign.c	2498-2501	Blast_PrelimEditBlockToGapEditScript
LOSAT/src/algorithm/blastn/alignment/gapped.rs	333	add_gap_edit_op_count	ncbi-blast/c++/src/algo/blast/core/blast_gapalign.c	c++/src/algo/blast/core/blast_gapalign.c	2520-2521	Blast_PrelimEditBlockToGapEditScript
LOSAT/src/algorithm/blastn/alignment/gapped.rs	345	format_gap_edit_ops_for_trace	ncbi-blast/c++/src/algo/blast/core/blast_gapalign.c	c++/src/algo/blast/core/blast_gapalign.c	2494-2534	Blast_PrelimEditBlockToGapEditScript
LOSAT/src/algorithm/blastn/alignment/gapped.rs	393	blast_get_offsets_for_gapped_alignment	blast_gapalign.c	c++/src/algo/blast/core/blast_gapalign.c	3248-3305	BlastGetOffsetsForGappedAlignment
LOSAT/src/algorithm/blastn/alignment/gapped.rs	403	blast_get_offsets_for_gapped_alignment	blast_gapalign.c	c++/src/algo/blast/core/blast_gapalign.c	3254-3257	BlastGetOffsetsForGappedAlignment
LOSAT/src/algorithm/blastn/alignment/gapped.rs	415	blast_get_offsets_for_gapped_alignment	blast_gapalign.c	c++/src/algo/blast/core/blast_gapalign.c	3259-3263	BlastGetOffsetsForGappedAlignment
LOSAT/src/algorithm/blastn/alignment/gapped.rs	421	blast_get_offsets_for_gapped_alignment	blast_gapalign.c	c++/src/algo/blast/core/blast_gapalign.c	3265-3278	BlastGetOffsetsForGappedAlignment
LOSAT/src/algorithm/blastn/alignment/gapped.rs	428	blast_get_offsets_for_gapped_alignment	blast_gapalign.c	c++/src/algo/blast/core/blast_gapalign.c	3270-3273	BlastGetOffsetsForGappedAlignment
LOSAT/src/algorithm/blastn/alignment/gapped.rs	437	blast_get_start_for_gapped_alignment_nucl	blast_gapalign.c	c++/src/algo/blast/core/blast_gapalign.c	3278	BlastGetOffsetsForGappedAlignment
LOSAT/src/algorithm/blastn/alignment/gapped.rs	440	blast_get_start_for_gapped_alignment_nucl	blast_gapalign.c	c++/src/algo/blast/core/blast_gapalign.c	3279-3292	BlastGetOffsetsForGappedAlignment
LOSAT/src/algorithm/blastn/alignment/gapped.rs	447	blast_get_start_for_gapped_alignment_nucl	blast_gapalign.c	c++/src/algo/blast/core/blast_gapalign.c	3280-3286	BlastGetOffsetsForGappedAlignment
LOSAT/src/algorithm/blastn/alignment/gapped.rs	461	blast_get_start_for_gapped_alignment_nucl	blast_gapalign.c	c++/src/algo/blast/core/blast_gapalign.c	3294-3299	BlastGetOffsetsForGappedAlignment
LOSAT/src/algorithm/blastn/alignment/gapped.rs	468	blast_get_start_for_gapped_alignment_nucl	blast_gapalign.c	c++/src/algo/blast/core/blast_gapalign.c	3300-3317	BlastGetOffsetsForGappedAlignment
LOSAT/src/algorithm/blastn/alignment/gapped.rs	475	blast_get_start_for_gapped_alignment_nucl	blast_gapalign.c	c++/src/algo/blast/core/blast_gapalign.c	3304-3310	BlastGetOffsetsForGappedAlignment
LOSAT/src/algorithm/blastn/alignment/gapped.rs	492	blast_get_start_for_gapped_alignment_nucl	blast_gapalign.c	c++/src/algo/blast/core/blast_gapalign.c	3323-3389	BlastGetStartForGappedAlignmentNucl
LOSAT/src/algorithm/blastn/alignment/gapped.rs	503	blast_get_start_for_gapped_alignment_nucl	ncbi-blast/c++/src/algo/blast/core/blast_gapalign.c	c++/src/algo/blast/core/blast_gapalign.c	3323-3389	BlastGetStartForGappedAlignmentNucl
LOSAT/src/algorithm/blastn/alignment/gapped.rs	551	blast_get_start_for_gapped_alignment_nucl	ncbi-blast/c++/src/algo/blast/core/blast_traceback.c	c++/src/algo/blast/core/blast_traceback.c	342	Blast_TracebackFromHSPList
LOSAT/src/algorithm/blastn/alignment/gapped.rs	557	blast_get_start_for_gapped_alignment_nucl	ncbi-blast/c++/src/algo/blast/api/seqsrc_multiseq.cpp	c++/src/algo/blast/api/seqsrc_multiseq.cpp	353-358	s_MultiSeqGetSequence
LOSAT/src/algorithm/blastn/alignment/gapped.rs	566	blast_get_start_for_gapped_alignment_nucl	ncbi-blast/c++/src/algo/blast/api/blast_setup_cxx.cpp	c++/src/algo/blast/api/blast_setup_cxx.cpp	1219-1225	CalculateSeqBufferLength
LOSAT/src/algorithm/blastn/alignment/gapped.rs	576	blast_get_start_for_gapped_alignment_nucl	ncbi-blast/c++/src/algo/blast/core/blast_encoding.c	c++/src/algo/blast/core/blast_encoding.c	121	<file scope>
LOSAT/src/algorithm/blastn/alignment/gapped.rs	686	extend_gapped_heuristic_with_scratch	ncbi-blast/c++/src/algo/blast/core/blast_gapalign.c	c++/src/algo/blast/core/blast_gapalign.c	313-319	BLAST_GapAlignStructNew
LOSAT/src/algorithm/blastn/alignment/gapped.rs	687	extend_gapped_heuristic_with_scratch	ncbi-blast/c++/include/algo/blast/core/blast_gapalign.h	c++/include/algo/blast/core/blast_gapalign.h	69-80	<BlastGapAlignStruct>
LOSAT/src/algorithm/blastn/alignment/gapped.rs	707	extend_gapped_heuristic_with_scratch	ncbi-blast/c++/include/algo/blast/core/blast_gapalign.h	c++/include/algo/blast/core/blast_gapalign.h	69-80	<BlastGapAlignStruct>
LOSAT/src/algorithm/blastn/alignment/gapped.rs	735	extend_gapped_heuristic_with_scratch	ncbi-blast/c++/src/algo/blast/core/blast_gapalign.c	c++/src/algo/blast/core/blast_gapalign.c	2957-2960	s_BlastDynProgNtGappedAlignment
LOSAT/src/algorithm/blastn/alignment/gapped.rs	744	extend_gapped_heuristic_with_scratch	ncbi-blast/c++/src/algo/blast/core/blast_gapalign.c	c++/src/algo/blast/core/blast_gapalign.c	2953-3016	s_BlastDynProgNtGappedAlignment
LOSAT/src/algorithm/blastn/alignment/gapped.rs	749	extend_gapped_heuristic_with_scratch	blast_gapalign.c	c++/src/algo/blast/core/blast_gapalign.c	2978-2984	s_BlastDynProgNtGappedAlignment
LOSAT/src/algorithm/blastn/alignment/gapped.rs	755	extend_gapped_heuristic_with_scratch	blast_gapalign.c	c++/src/algo/blast/core/blast_gapalign.c	2986-2993	s_BlastDynProgNtGappedAlignment
LOSAT/src/algorithm/blastn/alignment/gapped.rs	772	extend_gapped_heuristic_with_scratch	blast_gapalign.c	c++/src/algo/blast/core/blast_gapalign.c	2995-3007	s_BlastDynProgNtGappedAlignment
LOSAT/src/algorithm/blastn/alignment/gapped.rs	775	extend_gapped_heuristic_with_scratch	mnt/c/Users/genom/GitHub/ncbi-blast/c++/src/algo/blast/core/blast_gapalign.c	c++/src/algo/blast/core/blast_gapalign.c	2999-3003	s_BlastDynProgNtGappedAlignment
LOSAT/src/algorithm/blastn/alignment/gapped.rs	991	extend_gapped_one_direction_with_scratch	blast_gapalign.c	c++/src/algo/blast/core/blast_gapalign.c	735-962	Blast_SemiGappedAlign
LOSAT/src/algorithm/blastn/alignment/gapped.rs	993	extend_gapped_one_direction_with_scratch	ncbi-blast/c++/src/algo/blast/core/blast_gapalign.c	c++/src/algo/blast/core/blast_gapalign.c	313-319	BLAST_GapAlignStructNew
LOSAT/src/algorithm/blastn/alignment/gapped.rs	994	extend_gapped_one_direction_with_scratch	ncbi-blast/c++/include/algo/blast/core/blast_gapalign.h	c++/include/algo/blast/core/blast_gapalign.h	69-80	<BlastGapAlignStruct>
LOSAT/src/algorithm/blastn/alignment/gapped.rs	1020	extend_gapped_one_direction_with_scratch	blast_gapalign.c	c++/src/algo/blast/core/blast_gapalign.c	735-962	Blast_SemiGappedAlign
LOSAT/src/algorithm/blastn/alignment/gapped.rs	1023	extend_gapped_one_direction_with_scratch	blast_gapalign.c	c++/src/algo/blast/core/blast_gapalign.c	780-782	Blast_SemiGappedAlign
LOSAT/src/algorithm/blastn/alignment/gapped.rs	1029	extend_gapped_one_direction_with_scratch	blast_gapalign.c	c++/src/algo/blast/core/blast_gapalign.c	783	Blast_SemiGappedAlign
LOSAT/src/algorithm/blastn/alignment/gapped.rs	1033	extend_gapped_one_direction_with_scratch	blast_gapalign.c	c++/src/algo/blast/core/blast_gapalign.c	785-786	Blast_SemiGappedAlign
LOSAT/src/algorithm/blastn/alignment/gapped.rs	1042	extend_gapped_one_direction_with_scratch	blast_gapalign.c	c++/src/algo/blast/core/blast_gapalign.c	788-789	Blast_SemiGappedAlign
LOSAT/src/algorithm/blastn/alignment/gapped.rs	1048	extend_gapped_one_direction_with_scratch	blast_gapalign.c	c++/src/algo/blast/core/blast_gapalign.c	797-800	Blast_SemiGappedAlign
LOSAT/src/algorithm/blastn/alignment/gapped.rs	1059	extend_gapped_one_direction_with_scratch	ncbi-blast/c++/include/algo/blast/core/blast_gapalign.h	c++/include/algo/blast/core/blast_gapalign.h	69-80	<BlastGapAlignStruct>
LOSAT/src/algorithm/blastn/alignment/gapped.rs	1063	extend_gapped_one_direction_with_scratch	blast_gapalign.c	c++/src/algo/blast/core/blast_gapalign.c	797-808	Blast_SemiGappedAlign
LOSAT/src/algorithm/blastn/alignment/gapped.rs	1066	extend_gapped_one_direction_with_scratch	blast_gapalign.c	c++/src/algo/blast/core/blast_gapalign.c	811-822	Blast_SemiGappedAlign
LOSAT/src/algorithm/blastn/alignment/gapped.rs	1075	extend_gapped_one_direction_with_scratch	blast_gapalign.c	c++/src/algo/blast/core/blast_gapalign.c	815-822	Blast_SemiGappedAlign
LOSAT/src/algorithm/blastn/alignment/gapped.rs	1093	extend_gapped_one_direction_with_scratch	blast_gapalign.c	c++/src/algo/blast/core/blast_gapalign.c	827-828	Blast_SemiGappedAlign
LOSAT/src/algorithm/blastn/alignment/gapped.rs	1100	extend_gapped_one_direction_with_scratch	blast_gapalign.c	c++/src/algo/blast/core/blast_gapalign.c	829	Blast_SemiGappedAlign
LOSAT/src/algorithm/blastn/alignment/gapped.rs	1107	extend_gapped_one_direction_with_scratch	blast_gapalign.c	c++/src/algo/blast/core/blast_gapalign.c	835-959	Blast_SemiGappedAlign
LOSAT/src/algorithm/blastn/alignment/gapped.rs	1119	extend_gapped_one_direction_with_scratch	blast_gapalign.c	c++/src/algo/blast/core/blast_gapalign.c	839-843	Blast_SemiGappedAlign
LOSAT/src/algorithm/blastn/alignment/gapped.rs	1123	extend_gapped_one_direction_with_scratch	blast_gapalign.c	c++/src/algo/blast/core/blast_gapalign.c	857-860	Blast_SemiGappedAlign
LOSAT/src/algorithm/blastn/alignment/gapped.rs	1131	extend_gapped_one_direction_with_scratch	blast_gapalign.c	c++/src/algo/blast/core/blast_gapalign.c	862-912	Blast_SemiGappedAlign
LOSAT/src/algorithm/blastn/alignment/gapped.rs	1136	extend_gapped_one_direction_with_scratch	blast_gapalign.c	c++/src/algo/blast/core/blast_gapalign.c	862-871	Blast_SemiGappedAlign
LOSAT/src/algorithm/blastn/alignment/gapped.rs	1137	extend_gapped_one_direction_with_scratch	blast_util.c	c++/src/algo/blast/core/blast_util.c	826	GetReverseNuclSequence
LOSAT/src/algorithm/blastn/alignment/gapped.rs	1141	extend_gapped_one_direction_with_scratch	blast_gapalign.c	c++/src/algo/blast/core/blast_gapalign.c	864-866	Blast_SemiGappedAlign
LOSAT/src/algorithm/blastn/alignment/gapped.rs	1143	extend_gapped_one_direction_with_scratch	ncbi-blast/c++/src/algo/blast/core/blast_gapalign.c	c++/src/algo/blast/core/blast_gapalign.c	866	Blast_SemiGappedAlign
LOSAT/src/algorithm/blastn/alignment/gapped.rs	1149	extend_gapped_one_direction_with_scratch	blast_gapalign.c	c++/src/algo/blast/core/blast_gapalign.c	868-872	Blast_SemiGappedAlign
LOSAT/src/algorithm/blastn/alignment/gapped.rs	1159	extend_gapped_one_direction_with_scratch	blast_gapalign.c	c++/src/algo/blast/core/blast_gapalign.c	874-890	Blast_SemiGappedAlign
LOSAT/src/algorithm/blastn/alignment/gapped.rs	1169	extend_gapped_one_direction_with_scratch	blast_gapalign.c	c++/src/algo/blast/core/blast_gapalign.c	892-908	Blast_SemiGappedAlign
LOSAT/src/algorithm/blastn/alignment/gapped.rs	1179	extend_gapped_one_direction_with_scratch	blast_gapalign.c	c++/src/algo/blast/core/blast_gapalign.c	903-907	Blast_SemiGappedAlign
LOSAT/src/algorithm/blastn/alignment/gapped.rs	1192	extend_gapped_one_direction_with_scratch	blast_gapalign.c	c++/src/algo/blast/core/blast_gapalign.c	908	Blast_SemiGappedAlign
LOSAT/src/algorithm/blastn/alignment/gapped.rs	1197	extend_gapped_one_direction_with_scratch	blast_gapalign.c	c++/src/algo/blast/core/blast_gapalign.c	911	Blast_SemiGappedAlign
LOSAT/src/algorithm/blastn/alignment/gapped.rs	1202	extend_gapped_one_direction_with_scratch	blast_gapalign.c	c++/src/algo/blast/core/blast_gapalign.c	918-919	Blast_SemiGappedAlign
LOSAT/src/algorithm/blastn/alignment/gapped.rs	1208	extend_gapped_one_direction_with_scratch	blast_gapalign.c	c++/src/algo/blast/core/blast_gapalign.c	923-931	Blast_SemiGappedAlign
LOSAT/src/algorithm/blastn/alignment/gapped.rs	1212	extend_gapped_one_direction_with_scratch	blast_gapalign.c	c++/src/algo/blast/core/blast_gapalign.c	933-952	Blast_SemiGappedAlign
LOSAT/src/algorithm/blastn/alignment/gapped.rs	1218	extend_gapped_one_direction_with_scratch	blast_gapalign.c	c++/src/algo/blast/core/blast_gapalign.c	946-951	Blast_SemiGappedAlign
LOSAT/src/algorithm/blastn/alignment/gapped.rs	1228	extend_gapped_one_direction_with_scratch	blast_gapalign.c	c++/src/algo/blast/core/blast_gapalign.c	954-958	Blast_SemiGappedAlign
LOSAT/src/algorithm/blastn/alignment/gapped.rs	1237	extend_gapped_one_direction_with_scratch	blast_gapalign.c	c++/src/algo/blast/core/blast_gapalign.c	961	Blast_SemiGappedAlign
LOSAT/src/algorithm/blastn/alignment/gapped.rs	1255	blast_align_packed_nucl_with_scratch	blast_gapalign.c	c++/src/algo/blast/core/blast_gapalign.c	893-896	Blast_SemiGappedAlign
LOSAT/src/algorithm/blastn/alignment/gapped.rs	1318	blast_align_packed_nucl_with_scratch	blast_gapalign.c	c++/src/algo/blast/core/blast_gapalign.c	3063-3074	s_BlastAlignPackedNucl
LOSAT/src/algorithm/blastn/alignment/gapped.rs	1329	blast_align_packed_nucl_with_scratch	blast_gapalign.c	c++/src/algo/blast/core/blast_gapalign.c	3082-3085	s_BlastAlignPackedNucl
LOSAT/src/algorithm/blastn/alignment/gapped.rs	1339	blast_align_packed_nucl_with_scratch	blast_gapalign.c	c++/src/algo/blast/core/blast_gapalign.c	3087-3093	s_BlastAlignPackedNucl
LOSAT/src/algorithm/blastn/alignment/gapped.rs	1342	blast_align_packed_nucl_with_scratch	blast_gapalign.c	c++/src/algo/blast/core/blast_gapalign.c	3095-3105	s_BlastAlignPackedNucl
LOSAT/src/algorithm/blastn/alignment/gapped.rs	1366	blast_align_packed_nucl_with_scratch	blast_gapalign.c	c++/src/algo/blast/core/blast_gapalign.c	3120-3185	s_BlastAlignPackedNucl
LOSAT/src/algorithm/blastn/alignment/gapped.rs	1368	blast_align_packed_nucl_with_scratch	blast_gapalign.c	c++/src/algo/blast/core/blast_gapalign.c	3125-3134	s_BlastAlignPackedNucl
LOSAT/src/algorithm/blastn/alignment/gapped.rs	1375	blast_align_packed_nucl_with_scratch	mnt/c/Users/genom/GitHub/ncbi-blast/c++/src/algo/blast/core/blast_gapalign.c	c++/src/algo/blast/core/blast_gapalign.c	3130-3133	s_BlastAlignPackedNucl
LOSAT/src/algorithm/blastn/alignment/gapped.rs	1398	blast_align_packed_nucl_with_scratch	blast_gapalign.c	c++/src/algo/blast/core/blast_gapalign.c	3136-3140	s_BlastAlignPackedNucl
LOSAT/src/algorithm/blastn/alignment/gapped.rs	1405	blast_align_packed_nucl_with_scratch	blast_gapalign.c	c++/src/algo/blast/core/blast_gapalign.c	3141-3144	s_BlastAlignPackedNucl
LOSAT/src/algorithm/blastn/alignment/gapped.rs	1419	blast_align_packed_nucl_with_scratch	ncbi-blast/c++/src/algo/blast/core/blast_gapalign.c	c++/src/algo/blast/core/blast_gapalign.c	3150	s_BlastAlignPackedNucl
LOSAT/src/algorithm/blastn/alignment/gapped.rs	1465	extend_gapped_one_direction_ex	blast_gapalign.c	c++/src/algo/blast/core/blast_gapalign.c	3176-3180	s_BlastAlignPackedNucl
LOSAT/src/algorithm/blastn/alignment/gapped.rs	1513	extend_gapped_one_direction_ex_with_scratch	ncbi-blast/c++/src/algo/blast/core/blast_gapalign.c	c++/src/algo/blast/core/blast_gapalign.c	313-319	BLAST_GapAlignStructNew
LOSAT/src/algorithm/blastn/alignment/gapped.rs	1514	extend_gapped_one_direction_ex_with_scratch	ncbi-blast/c++/include/algo/blast/core/blast_gapalign.h	c++/include/algo/blast/core/blast_gapalign.h	69-80	<BlastGapAlignStruct>
LOSAT/src/algorithm/blastn/alignment/gapped.rs	1546	get_q	blast_gapalign.c	c++/src/algo/blast/core/blast_gapalign.c	780-782	Blast_SemiGappedAlign
LOSAT/src/algorithm/blastn/alignment/gapped.rs	1550	get_q	blast_gapalign.c	c++/src/algo/blast/core/blast_gapalign.c	783-786	Blast_SemiGappedAlign
LOSAT/src/algorithm/blastn/alignment/gapped.rs	1560	get_q	blast_gapalign.c	c++/src/algo/blast/core/blast_gapalign.c	788-789	Blast_SemiGappedAlign
LOSAT/src/algorithm/blastn/alignment/gapped.rs	1578	get_s	blast_gapalign.c	c++/src/algo/blast/core/blast_gapalign.c	862-871	Blast_SemiGappedAlign
LOSAT/src/algorithm/blastn/alignment/gapped.rs	1579	get_s	blast_util.c	c++/src/algo/blast/core/blast_util.c	826	GetReverseNuclSequence
LOSAT/src/algorithm/blastn/alignment/gapped.rs	1589	get_s	blast_gapalign.c	c++/src/algo/blast/core/blast_gapalign.c	797-800	Blast_SemiGappedAlign
LOSAT/src/algorithm/blastn/alignment/gapped.rs	1596	get_s	ncbi-blast/c++/include/algo/blast/core/blast_gapalign.h	c++/include/algo/blast/core/blast_gapalign.h	69-80	<BlastGapAlignStruct>
LOSAT/src/algorithm/blastn/alignment/gapped.rs	1600	get_s	blast_gapalign.c	c++/src/algo/blast/core/blast_gapalign.c	797-808	Blast_SemiGappedAlign
LOSAT/src/algorithm/blastn/alignment/gapped.rs	1603	get_s	blast_gapalign.c	c++/src/algo/blast/core/blast_gapalign.c	811-822	Blast_SemiGappedAlign
LOSAT/src/algorithm/blastn/alignment/gapped.rs	1608	get_s	blast_gapalign.c	c++/src/algo/blast/core/blast_gapalign.c	815-822	Blast_SemiGappedAlign
LOSAT/src/algorithm/blastn/alignment/gapped.rs	1620	get_s	blast_gapalign.c	c++/src/algo/blast/core/blast_gapalign.c	827-829	Blast_SemiGappedAlign
LOSAT/src/algorithm/blastn/alignment/gapped.rs	1627	get_s	blast_gapalign.c	c++/src/algo/blast/core/blast_gapalign.c	835-959	Blast_SemiGappedAlign
LOSAT/src/algorithm/blastn/alignment/gapped.rs	1629	get_s	blast_gapalign.c	c++/src/algo/blast/core/blast_gapalign.c	839-843	Blast_SemiGappedAlign
LOSAT/src/algorithm/blastn/alignment/gapped.rs	1632	get_s	blast_gapalign.c	c++/src/algo/blast/core/blast_gapalign.c	857-860	Blast_SemiGappedAlign
LOSAT/src/algorithm/blastn/alignment/gapped.rs	1637	get_s	blast_gapalign.c	c++/src/algo/blast/core/blast_gapalign.c	862-912	Blast_SemiGappedAlign
LOSAT/src/algorithm/blastn/alignment/gapped.rs	1641	get_s	blast_gapalign.c	c++/src/algo/blast/core/blast_gapalign.c	864-866	Blast_SemiGappedAlign
LOSAT/src/algorithm/blastn/alignment/gapped.rs	1645	get_s	blast_gapalign.c	c++/src/algo/blast/core/blast_gapalign.c	864-866	Blast_SemiGappedAlign
LOSAT/src/algorithm/blastn/alignment/gapped.rs	1647	get_s	ncbi-blast/c++/src/algo/blast/core/blast_gapalign.c	c++/src/algo/blast/core/blast_gapalign.c	866	Blast_SemiGappedAlign
LOSAT/src/algorithm/blastn/alignment/gapped.rs	1653	get_s	blast_gapalign.c	c++/src/algo/blast/core/blast_gapalign.c	868-872	Blast_SemiGappedAlign
LOSAT/src/algorithm/blastn/alignment/gapped.rs	1661	get_s	blast_gapalign.c	c++/src/algo/blast/core/blast_gapalign.c	874-890	Blast_SemiGappedAlign
LOSAT/src/algorithm/blastn/alignment/gapped.rs	1669	get_s	blast_gapalign.c	c++/src/algo/blast/core/blast_gapalign.c	892-908	Blast_SemiGappedAlign
LOSAT/src/algorithm/blastn/alignment/gapped.rs	1678	get_s	blast_gapalign.c	c++/src/algo/blast/core/blast_gapalign.c	903-907	Blast_SemiGappedAlign
LOSAT/src/algorithm/blastn/alignment/gapped.rs	1687	get_s	blast_gapalign.c	c++/src/algo/blast/core/blast_gapalign.c	908	Blast_SemiGappedAlign
LOSAT/src/algorithm/blastn/alignment/gapped.rs	1691	get_s	blast_gapalign.c	c++/src/algo/blast/core/blast_gapalign.c	911	Blast_SemiGappedAlign
LOSAT/src/algorithm/blastn/alignment/gapped.rs	1695	get_s	blast_gapalign.c	c++/src/algo/blast/core/blast_gapalign.c	918-919	Blast_SemiGappedAlign
LOSAT/src/algorithm/blastn/alignment/gapped.rs	1700	get_s	blast_gapalign.c	c++/src/algo/blast/core/blast_gapalign.c	923-931	Blast_SemiGappedAlign
LOSAT/src/algorithm/blastn/alignment/gapped.rs	1703	get_s	blast_gapalign.c	c++/src/algo/blast/core/blast_gapalign.c	933-952	Blast_SemiGappedAlign
LOSAT/src/algorithm/blastn/alignment/gapped.rs	1709	get_s	blast_gapalign.c	c++/src/algo/blast/core/blast_gapalign.c	946-951	Blast_SemiGappedAlign
LOSAT/src/algorithm/blastn/alignment/gapped.rs	1718	get_s	blast_gapalign.c	c++/src/algo/blast/core/blast_gapalign.c	954-958	Blast_SemiGappedAlign
LOSAT/src/algorithm/blastn/alignment/gapped.rs	1726	get_s	blast_gapalign.c	c++/src/algo/blast/core/blast_gapalign.c	961	Blast_SemiGappedAlign
LOSAT/src/algorithm/blastn/alignment/gapped.rs	1741	get_s	blast_gapalign.c	c++/src/algo/blast/core/blast_gapalign.c	893-896	Blast_SemiGappedAlign
LOSAT/src/algorithm/blastn/alignment/gapped.rs	1807	stats_from_edit_ops	ncbi-blast/c++/src/algo/blast/core/blast_hits.c	c++/src/algo/blast/core/blast_hits.c	774-783	s_Blast_HSPGetNumIdentitiesAndPositives
LOSAT/src/algorithm/blastn/alignment/gapped.rs	1829	stats_from_edit_ops	ncbi-blast/c++/src/algo/blast/core/blast_hits.c	c++/src/algo/blast/core/blast_hits.c	745-818	s_Blast_HSPGetNumIdentitiesAndPositives
LOSAT/src/algorithm/blastn/alignment/gapped.rs	1830	stats_from_edit_ops	ncbi-blast/c++/src/algo/blast/core/blast_hits.c	c++/src/algo/blast/core/blast_hits.c	1055-1074	Blast_HSPCalcLengthAndGaps
LOSAT/src/algorithm/blastn/alignment/gapped.rs	1908	extend_gapped_one_direction_with_traceback_with_scratch	blast_gapalign.c	c++/src/algo/blast/core/blast_gapalign.c	364-733	ALIGN_EX
LOSAT/src/algorithm/blastn/alignment/gapped.rs	1910	extend_gapped_one_direction_with_traceback_with_scratch	ncbi-blast/c++/src/algo/blast/core/blast_gapalign.c	c++/src/algo/blast/core/blast_gapalign.c	313-319	BLAST_GapAlignStructNew
LOSAT/src/algorithm/blastn/alignment/gapped.rs	1911	extend_gapped_one_direction_with_traceback_with_scratch	ncbi-blast/c++/include/algo/blast/core/blast_gapalign.h	c++/include/algo/blast/core/blast_gapalign.h	69-80	<BlastGapAlignStruct>
LOSAT/src/algorithm/blastn/alignment/gapped.rs	1946	extend_gapped_one_direction_with_traceback_with_scratch	blast_gapalign.c	c++/src/algo/blast/core/blast_gapalign.c	364-733	ALIGN_EX
LOSAT/src/algorithm/blastn/alignment/gapped.rs	1949	extend_gapped_one_direction_with_traceback_with_scratch	blast_gapalign.c	c++/src/algo/blast/core/blast_gapalign.c	423-426	ALIGN_EX
LOSAT/src/algorithm/blastn/alignment/gapped.rs	1953	extend_gapped_one_direction_with_traceback_with_scratch	blast_gapalign.c	c++/src/algo/blast/core/blast_gapalign.c	428-429	ALIGN_EX
LOSAT/src/algorithm/blastn/alignment/gapped.rs	1963	extend_gapped_one_direction_with_traceback_with_scratch	blast_gapalign.c	c++/src/algo/blast/core/blast_gapalign.c	431-432	ALIGN_EX
LOSAT/src/algorithm/blastn/alignment/gapped.rs	1969	extend_gapped_one_direction_with_traceback_with_scratch	blast_gapalign.c	c++/src/algo/blast/core/blast_gapalign.c	457-460	ALIGN_EX
LOSAT/src/algorithm/blastn/alignment/gapped.rs	1980	extend_gapped_one_direction_with_traceback_with_scratch	ncbi-blast/c++/include/algo/blast/core/blast_gapalign.h	c++/include/algo/blast/core/blast_gapalign.h	69-80	<BlastGapAlignStruct>
LOSAT/src/algorithm/blastn/alignment/gapped.rs	1987	extend_gapped_one_direction_with_traceback_with_scratch	blast_gapalign.c	c++/src/algo/blast/core/blast_gapalign.c	462-468	ALIGN_EX
LOSAT/src/algorithm/blastn/alignment/gapped.rs	1990	extend_gapped_one_direction_with_traceback_with_scratch	blast_gapalign.c	c++/src/algo/blast/core/blast_gapalign.c	448-450	ALIGN_EX
LOSAT/src/algorithm/blastn/alignment/gapped.rs	1991	extend_gapped_one_direction_with_traceback_with_scratch	blast_gapalign.c	c++/src/algo/blast/core/blast_gapalign.c	438-439	ALIGN_EX
LOSAT/src/algorithm/blastn/alignment/gapped.rs	1995	extend_gapped_one_direction_with_traceback_with_scratch	blast_gapalign.c	c++/src/algo/blast/core/blast_gapalign.c	476-489	ALIGN_EX
LOSAT/src/algorithm/blastn/alignment/gapped.rs	2004	extend_gapped_one_direction_with_traceback_with_scratch	ncbi-blast/c++/src/algo/blast/core/blast_gapalign.c	c++/src/algo/blast/core/blast_gapalign.c	476-489	ALIGN_EX
LOSAT/src/algorithm/blastn/alignment/gapped.rs	2017	extend_gapped_one_direction_with_traceback_with_scratch	blast_gapalign.c	c++/src/algo/blast/core/blast_gapalign.c	481-490	ALIGN_EX
LOSAT/src/algorithm/blastn/alignment/gapped.rs	2041	extend_gapped_one_direction_with_traceback_with_scratch	blast_gapalign.c	c++/src/algo/blast/core/blast_gapalign.c	492-494	ALIGN_EX
LOSAT/src/algorithm/blastn/alignment/gapped.rs	2049	extend_gapped_one_direction_with_traceback_with_scratch	ncbi-blast/c++/src/algo/blast/core/blast_gapalign.c	c++/src/algo/blast/core/blast_gapalign.c	373-379	ALIGN_EX
LOSAT/src/algorithm/blastn/alignment/gapped.rs	2055	extend_gapped_one_direction_with_traceback_with_scratch	blast_gapalign.c	c++/src/algo/blast/core/blast_gapalign.c	500-676	ALIGN_EX
LOSAT/src/algorithm/blastn/alignment/gapped.rs	2058	extend_gapped_one_direction_with_traceback_with_scratch	blast_gapalign.c	c++/src/algo/blast/core/blast_gapalign.c	514-529	ALIGN_EX
LOSAT/src/algorithm/blastn/alignment/gapped.rs	2072	extend_gapped_one_direction_with_traceback_with_scratch	ncbi-blast/c++/src/algo/blast/core/blast_gapalign.c	c++/src/algo/blast/core/blast_gapalign.c	511-519	ALIGN_EX
LOSAT/src/algorithm/blastn/alignment/gapped.rs	2094	extend_gapped_one_direction_with_traceback_with_scratch	blast_gapalign.c	c++/src/algo/blast/core/blast_gapalign.c	541-545	ALIGN_EX
LOSAT/src/algorithm/blastn/alignment/gapped.rs	2098	extend_gapped_one_direction_with_traceback_with_scratch	blast_gapalign.c	c++/src/algo/blast/core/blast_gapalign.c	559-561	ALIGN_EX
LOSAT/src/algorithm/blastn/alignment/gapped.rs	2106	extend_gapped_one_direction_with_traceback_with_scratch	blast_gapalign.c	c++/src/algo/blast/core/blast_gapalign.c	563-636	ALIGN_EX
LOSAT/src/algorithm/blastn/alignment/gapped.rs	2109	extend_gapped_one_direction_with_traceback_with_scratch	ncbi-blast/c++/src/algo/blast/core/blast_gapalign.c	c++/src/algo/blast/core/blast_gapalign.c	563-665	ALIGN_EX
LOSAT/src/algorithm/blastn/alignment/gapped.rs	2125	extend_gapped_one_direction_with_traceback_with_scratch	c++/src/algo/blast/core/blast_gapalign.c	c++/src/algo/blast/core/blast_gapalign.c	531-539	ALIGN_EX
LOSAT/src/algorithm/blastn/alignment/gapped.rs	2142	extend_gapped_one_direction_with_traceback_with_scratch	blast_gapalign.c	c++/src/algo/blast/core/blast_gapalign.c	563-578	ALIGN_EX
LOSAT/src/algorithm/blastn/alignment/gapped.rs	2143	extend_gapped_one_direction_with_traceback_with_scratch	blast_util.c	c++/src/algo/blast/core/blast_util.c	826	GetReverseNuclSequence
LOSAT/src/algorithm/blastn/alignment/gapped.rs	2145	extend_gapped_one_direction_with_traceback_with_scratch	ncbi-blast/c++/src/algo/blast/core/blast_gapalign.c	c++/src/algo/blast/core/blast_gapalign.c	569-575	ALIGN_EX
LOSAT/src/algorithm/blastn/alignment/gapped.rs	2157	extend_gapped_one_direction_with_traceback_with_scratch	ncbi-blast/c++/src/algo/blast/core/blast_gapalign.c	c++/src/algo/blast/core/blast_gapalign.c	578-631	ALIGN_EX
LOSAT/src/algorithm/blastn/alignment/gapped.rs	2170	extend_gapped_one_direction_with_traceback_with_scratch	blast_gapalign.c	c++/src/algo/blast/core/blast_gapalign.c	563-567	ALIGN_EX
LOSAT/src/algorithm/blastn/alignment/gapped.rs	2174	extend_gapped_one_direction_with_traceback_with_scratch	ncbi-blast/c++/src/algo/blast/core/blast_gapalign.c	c++/src/algo/blast/core/blast_gapalign.c	578-579	ALIGN_EX
LOSAT/src/algorithm/blastn/alignment/gapped.rs	2180	extend_gapped_one_direction_with_traceback_with_scratch	blast_gapalign.c	c++/src/algo/blast/core/blast_gapalign.c	588-599	ALIGN_EX
LOSAT/src/algorithm/blastn/alignment/gapped.rs	2189	extend_gapped_one_direction_with_traceback_with_scratch	blast_gapalign.c	c++/src/algo/blast/core/blast_gapalign.c	592-598	ALIGN_EX
LOSAT/src/algorithm/blastn/alignment/gapped.rs	2201	extend_gapped_one_direction_with_traceback_with_scratch	blast_gapalign.c	c++/src/algo/blast/core/blast_gapalign.c	601-632	ALIGN_EX
LOSAT/src/algorithm/blastn/alignment/gapped.rs	2204	extend_gapped_one_direction_with_traceback_with_scratch	blast_gapalign.c	c++/src/algo/blast/core/blast_gapalign.c	603-606	ALIGN_EX
LOSAT/src/algorithm/blastn/alignment/gapped.rs	2211	extend_gapped_one_direction_with_traceback_with_scratch	blast_gapalign.c	c++/src/algo/blast/core/blast_gapalign.c	608-631	ALIGN_EX
LOSAT/src/algorithm/blastn/alignment/gapped.rs	2221	extend_gapped_one_direction_with_traceback_with_scratch	blast_gapalign.c	c++/src/algo/blast/core/blast_gapalign.c	616-628	ALIGN_EX
LOSAT/src/algorithm/blastn/alignment/gapped.rs	2244	extend_gapped_one_direction_with_traceback_with_scratch	blast_gapalign.c	c++/src/algo/blast/core/blast_gapalign.c	634-635	ALIGN_EX
LOSAT/src/algorithm/blastn/alignment/gapped.rs	2254	extend_gapped_one_direction_with_traceback_with_scratch	blast_gapalign.c	c++/src/algo/blast/core/blast_gapalign.c	638-639	ALIGN_EX
LOSAT/src/algorithm/blastn/alignment/gapped.rs	2255	extend_gapped_one_direction_with_traceback_with_scratch	ncbi-blast/c++/src/algo/blast/core/blast_gapalign.c	c++/src/algo/blast/core/blast_gapalign.c	638-639	ALIGN_EX
LOSAT/src/algorithm/blastn/alignment/gapped.rs	2263	extend_gapped_one_direction_with_traceback_with_scratch	blast_gapalign.c	c++/src/algo/blast/core/blast_gapalign.c	641-648	ALIGN_EX
LOSAT/src/algorithm/blastn/alignment/gapped.rs	2268	extend_gapped_one_direction_with_traceback_with_scratch	blast_gapalign.c	c++/src/algo/blast/core/blast_gapalign.c	652-664	ALIGN_EX
LOSAT/src/algorithm/blastn/alignment/gapped.rs	2273	extend_gapped_one_direction_with_traceback_with_scratch	blast_gapalign.c	c++/src/algo/blast/core/blast_gapalign.c	656-663	ALIGN_EX
LOSAT/src/algorithm/blastn/alignment/gapped.rs	2276	extend_gapped_one_direction_with_traceback_with_scratch	ncbi-blast/c++/src/algo/blast/core/blast_gapalign.c	c++/src/algo/blast/core/blast_gapalign.c	656-663	ALIGN_EX
LOSAT/src/algorithm/blastn/alignment/gapped.rs	2287	extend_gapped_one_direction_with_traceback_with_scratch	blast_gapalign.c	c++/src/algo/blast/core/blast_gapalign.c	661	ALIGN_EX
LOSAT/src/algorithm/blastn/alignment/gapped.rs	2298	extend_gapped_one_direction_with_traceback_with_scratch	ncbi-blast/c++/src/algo/blast/core/blast_gapalign.c	c++/src/algo/blast/core/blast_gapalign.c	658-665	ALIGN_EX
LOSAT/src/algorithm/blastn/alignment/gapped.rs	2316	extend_gapped_one_direction_with_traceback_with_scratch	blast_gapalign.c	c++/src/algo/blast/core/blast_gapalign.c	671-675	ALIGN_EX
LOSAT/src/algorithm/blastn/alignment/gapped.rs	2319	extend_gapped_one_direction_with_traceback_with_scratch	ncbi-blast/c++/src/algo/blast/core/blast_gapalign.c	c++/src/algo/blast/core/blast_gapalign.c	671-675	ALIGN_EX
LOSAT/src/algorithm/blastn/alignment/gapped.rs	2332	extend_gapped_one_direction_with_traceback_with_scratch	blast_gapalign.c	c++/src/algo/blast/core/blast_gapalign.c	678-727	ALIGN_EX
LOSAT/src/algorithm/blastn/alignment/gapped.rs	2334	extend_gapped_one_direction_with_traceback_with_scratch	ncbi-blast/c++/src/algo/blast/core/blast_gapalign.c	c++/src/algo/blast/core/blast_gapalign.c	686-688	ALIGN_EX
LOSAT/src/algorithm/blastn/alignment/gapped.rs	2346	extend_gapped_one_direction_with_traceback_with_scratch	blast_gapalign.c	c++/src/algo/blast/core/blast_gapalign.c	682-684	ALIGN_EX
LOSAT/src/algorithm/blastn/alignment/gapped.rs	2356	extend_gapped_one_direction_with_traceback_with_scratch	ncbi-blast/c++/src/algo/blast/core/blast_gapalign.c	c++/src/algo/blast/core/blast_gapalign.c	689-727	ALIGN_EX
LOSAT/src/algorithm/blastn/alignment/gapped.rs	2367	extend_gapped_one_direction_with_traceback_with_scratch	blast_gapalign.c	c++/src/algo/blast/core/blast_gapalign.c	689-726	ALIGN_EX
LOSAT/src/algorithm/blastn/alignment/gapped.rs	2377	extend_gapped_one_direction_with_traceback_with_scratch	blast_gapalign.c	c++/src/algo/blast/core/blast_gapalign.c	689-726	ALIGN_EX
LOSAT/src/algorithm/blastn/alignment/gapped.rs	2380	extend_gapped_one_direction_with_traceback_with_scratch	ncbi-blast/c++/src/algo/blast/core/blast_gapalign.c	c++/src/algo/blast/core/blast_gapalign.c	689-696	ALIGN_EX
LOSAT/src/algorithm/blastn/alignment/gapped.rs	2406	extend_gapped_one_direction_with_traceback_with_scratch	blast_gapalign.c	c++/src/algo/blast/core/blast_gapalign.c	698-714	ALIGN_EX
LOSAT/src/algorithm/blastn/alignment/gapped.rs	2410	extend_gapped_one_direction_with_traceback_with_scratch	blast_gapalign.c	c++/src/algo/blast/core/blast_gapalign.c	699-703	ALIGN_EX
LOSAT/src/algorithm/blastn/alignment/gapped.rs	2417	extend_gapped_one_direction_with_traceback_with_scratch	blast_gapalign.c	c++/src/algo/blast/core/blast_gapalign.c	705-709	ALIGN_EX
LOSAT/src/algorithm/blastn/alignment/gapped.rs	2424	extend_gapped_one_direction_with_traceback_with_scratch	blast_gapalign.c	c++/src/algo/blast/core/blast_gapalign.c	711-713	ALIGN_EX
LOSAT/src/algorithm/blastn/alignment/gapped.rs	2429	extend_gapped_one_direction_with_traceback_with_scratch	blast_gapalign.c	c++/src/algo/blast/core/blast_gapalign.c	716-725	ALIGN_EX
LOSAT/src/algorithm/blastn/alignment/gapped.rs	2452	extend_gapped_one_direction_with_traceback_ex	ncbi-blast/c++/src/algo/blast/core/blast_gapalign.c	c++/src/algo/blast/core/blast_gapalign.c	726	ALIGN_EX
LOSAT/src/algorithm/blastn/alignment/gapped.rs	2461	extend_gapped_one_direction_with_traceback_ex	ncbi-blast/c++/src/algo/blast/core/blast_gapalign.c	c++/src/algo/blast/core/blast_gapalign.c	2494-2496	Blast_PrelimEditBlockToGapEditScript
LOSAT/src/algorithm/blastn/alignment/gapped.rs	2513	extend_gapped_one_direction_with_traceback_ex_with_scratch	ncbi-blast/c++/src/algo/blast/core/blast_gapalign.c	c++/src/algo/blast/core/blast_gapalign.c	313-319	BLAST_GapAlignStructNew
LOSAT/src/algorithm/blastn/alignment/gapped.rs	2514	extend_gapped_one_direction_with_traceback_ex_with_scratch	ncbi-blast/c++/include/algo/blast/core/blast_gapalign.h	c++/include/algo/blast/core/blast_gapalign.h	69-80	<BlastGapAlignStruct>
LOSAT/src/algorithm/blastn/alignment/gapped.rs	2555	get_q	ncbi-blast/c++/src/algo/blast/core/blast_gapalign.c	c++/src/algo/blast/core/blast_gapalign.c	364-733	ALIGN_EX
LOSAT/src/algorithm/blastn/alignment/gapped.rs	2592	get_s	blast_gapalign.c	c++/src/algo/blast/core/blast_gapalign.c	563-578	ALIGN_EX
LOSAT/src/algorithm/blastn/alignment/gapped.rs	2593	get_s	blast_util.c	c++/src/algo/blast/core/blast_util.c	826	GetReverseNuclSequence
LOSAT/src/algorithm/blastn/alignment/gapped.rs	2603	get_s	blast_gapalign.c	c++/src/algo/blast/core/blast_gapalign.c	423-426	ALIGN_EX
LOSAT/src/algorithm/blastn/alignment/gapped.rs	2606	get_s	blast_gapalign.c	c++/src/algo/blast/core/blast_gapalign.c	428-429	ALIGN_EX
LOSAT/src/algorithm/blastn/alignment/gapped.rs	2612	get_s	blast_gapalign.c	c++/src/algo/blast/core/blast_gapalign.c	457-460	ALIGN_EX
LOSAT/src/algorithm/blastn/alignment/gapped.rs	2625	get_s	blast_gapalign.c	c++/src/algo/blast/core/blast_gapalign.c	462-468	ALIGN_EX
LOSAT/src/algorithm/blastn/alignment/gapped.rs	2628	get_s	blast_gapalign.c	c++/src/algo/blast/core/blast_gapalign.c	438-439	ALIGN_EX
LOSAT/src/algorithm/blastn/alignment/gapped.rs	2632	get_s	blast_gapalign.c	c++/src/algo/blast/core/blast_gapalign.c	476-489	ALIGN_EX
LOSAT/src/algorithm/blastn/alignment/gapped.rs	2639	get_s	ncbi-blast/c++/src/algo/blast/core/blast_gapalign.c	c++/src/algo/blast/core/blast_gapalign.c	476-489	ALIGN_EX
LOSAT/src/algorithm/blastn/alignment/gapped.rs	2672	get_s	ncbi-blast/c++/src/algo/blast/core/blast_gapalign.c	c++/src/algo/blast/core/blast_gapalign.c	373-379	ALIGN_EX
LOSAT/src/algorithm/blastn/alignment/gapped.rs	2690	get_s	ncbi-blast/c++/src/algo/blast/core/blast_gapalign.c	c++/src/algo/blast/core/blast_gapalign.c	511-519	ALIGN_EX
LOSAT/src/algorithm/blastn/alignment/gapped.rs	2719	get_s	ncbi-blast/c++/src/algo/blast/core/blast_gapalign.c	c++/src/algo/blast/core/blast_gapalign.c	563-665	ALIGN_EX
LOSAT/src/algorithm/blastn/alignment/gapped.rs	2735	get_s	c++/src/algo/blast/core/blast_gapalign.c	c++/src/algo/blast/core/blast_gapalign.c	531-539	ALIGN_EX
LOSAT/src/algorithm/blastn/alignment/gapped.rs	2753	get_s	ncbi-blast/c++/src/algo/blast/core/blast_gapalign.c	c++/src/algo/blast/core/blast_gapalign.c	569-575	ALIGN_EX
LOSAT/src/algorithm/blastn/alignment/gapped.rs	2765	get_s	ncbi-blast/c++/src/algo/blast/core/blast_gapalign.c	c++/src/algo/blast/core/blast_gapalign.c	578-631	ALIGN_EX
LOSAT/src/algorithm/blastn/alignment/gapped.rs	2781	get_s	ncbi-blast/c++/src/algo/blast/core/blast_gapalign.c	c++/src/algo/blast/core/blast_gapalign.c	578-579	ALIGN_EX
LOSAT/src/algorithm/blastn/alignment/gapped.rs	2843	get_s	ncbi-blast/c++/src/algo/blast/core/blast_gapalign.c	c++/src/algo/blast/core/blast_gapalign.c	638-639	ALIGN_EX
LOSAT/src/algorithm/blastn/alignment/gapped.rs	2858	get_s	ncbi-blast/c++/src/algo/blast/core/blast_gapalign.c	c++/src/algo/blast/core/blast_gapalign.c	656-663	ALIGN_EX
LOSAT/src/algorithm/blastn/alignment/gapped.rs	2879	get_s	ncbi-blast/c++/src/algo/blast/core/blast_gapalign.c	c++/src/algo/blast/core/blast_gapalign.c	658-665	ALIGN_EX
LOSAT/src/algorithm/blastn/alignment/gapped.rs	2898	get_s	ncbi-blast/c++/src/algo/blast/core/blast_gapalign.c	c++/src/algo/blast/core/blast_gapalign.c	671-675	ALIGN_EX
LOSAT/src/algorithm/blastn/alignment/gapped.rs	2911	get_s	ncbi-blast/c++/src/algo/blast/core/blast_gapalign.c	c++/src/algo/blast/core/blast_gapalign.c	686-688	ALIGN_EX
LOSAT/src/algorithm/blastn/alignment/gapped.rs	2927	get_s	ncbi-blast/c++/src/algo/blast/core/blast_gapalign.c	c++/src/algo/blast/core/blast_gapalign.c	689-727	ALIGN_EX
LOSAT/src/algorithm/blastn/alignment/gapped.rs	2938	get_s	ncbi-blast/c++/src/algo/blast/core/blast_gapalign.c	c++/src/algo/blast/core/blast_gapalign.c	689-696	ALIGN_EX
LOSAT/src/algorithm/blastn/alignment/gapped.rs	3000	extend_gapped_heuristic_with_traceback	ncbi-blast/c++/src/algo/blast/core/blast_gapalign.c	c++/src/algo/blast/core/blast_gapalign.c	726	ALIGN_EX
LOSAT/src/algorithm/blastn/alignment/gapped.rs	3007	extend_gapped_heuristic_with_traceback	ncbi-blast/c++/src/algo/blast/core/blast_gapalign.c	c++/src/algo/blast/core/blast_gapalign.c	2494-2496	Blast_PrelimEditBlockToGapEditScript
LOSAT/src/algorithm/blastn/alignment/gapped.rs	3066	debug_coords_traceback_enabled	ncbi-blast/c++/src/algo/blast/core/blast_gapalign.c	c++/src/algo/blast/core/blast_gapalign.c	313-319	BLAST_GapAlignStructNew
LOSAT/src/algorithm/blastn/alignment/gapped.rs	3067	debug_coords_traceback_enabled	ncbi-blast/c++/include/algo/blast/core/blast_gapalign.h	c++/include/algo/blast/core/blast_gapalign.h	69-80	<BlastGapAlignStruct>
LOSAT/src/algorithm/blastn/alignment/gapped.rs	3085	debug_coords_traceback_enabled	ncbi-blast/c++/include/algo/blast/core/blast_gapalign.h	c++/include/algo/blast/core/blast_gapalign.h	69-80	<BlastGapAlignStruct>
LOSAT/src/algorithm/blastn/alignment/gapped.rs	3086	debug_coords_traceback_enabled	ncbi-blast/c++/src/algo/blast/core/blast_gapalign.c	c++/src/algo/blast/core/blast_gapalign.c	4609-4647	BLAST_GappedAlignmentWithTraceback
LOSAT/src/algorithm/blastn/alignment/gapped.rs	3150	extend_gapped_heuristic_with_traceback_with_scratch	ncbi-blast/c++/src/algo/blast/core/blast_gapalign.c	c++/src/algo/blast/core/blast_gapalign.c	4601-4647	BLAST_GappedAlignmentWithTraceback
LOSAT/src/algorithm/blastn/alignment/gapped.rs	3237	extend_gapped_heuristic_with_traceback_with_scratch	ncbi-blast/c++/src/algo/blast/core/blast_gapalign.c	c++/src/algo/blast/core/blast_gapalign.c	2498-2534	Blast_PrelimEditBlockToGapEditScript
LOSAT/src/algorithm/blastn/alignment/gapped.rs	3268	extend_gapped_heuristic_with_traceback_with_scratch	ncbi-blast/c++/src/algo/blast/core/blast_gapalign.c	c++/src/algo/blast/core/blast_gapalign.c	4683-4712	BLAST_GappedAlignmentWithTraceback
LOSAT/src/algorithm/blastn/alignment/gapped.rs	3327	extend_gapped_heuristic_with_traceback_with_scratch	ncbi-blast/c++/src/algo/blast/core/blast_gapalign.c	c++/src/algo/blast/core/blast_gapalign.c	4683-4712	BLAST_GappedAlignmentWithTraceback
LOSAT/src/algorithm/blastn/alignment/gapped.rs	3356	extend_gapped_heuristic_with_traceback_with_scratch	ncbi-blast/c++/src/algo/blast/core/blast_gapalign.c	c++/src/algo/blast/core/blast_gapalign.c	4609-4647	BLAST_GappedAlignmentWithTraceback
LOSAT/src/algorithm/blastn/alignment/gapped.rs	3373	blastna	ncbi-blast/c++/src/algo/blast/core/blast_gapalign.c	c++/src/algo/blast/core/blast_gapalign.c	4683-4712	BLAST_GappedAlignmentWithTraceback
LOSAT/src/algorithm/blastn/alignment/greedy.rs	40	new	ncbi-blast/c++/include/algo/blast/core/greedy_align.h	c++/include/algo/blast/core/greedy_align.h	88-99	<SGreedyAlignMem>
LOSAT/src/algorithm/blastn/alignment/greedy.rs	104	new	ncbi-blast/c++/include/algo/blast/core/greedy_align.h	c++/include/algo/blast/core/greedy_align.h	88-99	<SGreedyAlignMem>
LOSAT/src/algorithm/blastn/alignment/greedy.rs	112	new	ncbi-blast/c++/src/algo/blast/core/blast_gapalign.c	c++/src/algo/blast/core/blast_gapalign.c	240-251	s_BlastGreedyAlignMemAlloc
LOSAT/src/algorithm/blastn/alignment/greedy.rs	172	slot	ncbi-blast/c++/src/algo/blast/core/greedy_align.c	c++/src/algo/blast/core/greedy_align.c	1181-1197	BLAST_AffineGreedyAlign
LOSAT/src/algorithm/blastn/alignment/greedy.rs	250	to_gap_edit_op	ncbi-blast/c++/include/algo/blast/core/blast_util.h	c++/include/algo/blast/core/blast_util.h	358-364	#define FENCE_SENTRY
LOSAT/src/algorithm/blastn/alignment/greedy.rs	254	to_gap_edit_op	ncbi-blast/c++/include/algo/blast/core/greedy_align.h	c++/include/algo/blast/core/greedy_align.h	102-106	<SGreedySeed>
LOSAT/src/algorithm/blastn/alignment/greedy.rs	263	to_gap_edit_op	ncbi-blast/c++/include/algo/blast/core/gapinfo.h	c++/include/algo/blast/core/gapinfo.h	44-54	<EGapAlignOpType>
LOSAT/src/algorithm/blastn/alignment/greedy.rs	275	from_base	ncbi-blast/c++/include/algo/blast/core/gapinfo.h	c++/include/algo/blast/core/gapinfo.h	44-54	<EGapAlignOpType>
LOSAT/src/algorithm/blastn/alignment/greedy.rs	286	from_base	ncbi-blast/c++/include/algo/blast/core/gapinfo.h	c++/include/algo/blast/core/gapinfo.h	63-68	<GapPrelimEditScript>
LOSAT/src/algorithm/blastn/alignment/greedy.rs	294	from_base	ncbi-blast/c++/src/algo/blast/core/greedy_align.c	c++/src/algo/blast/core/greedy_align.c	674-678	BLAST_GreedyAlign
LOSAT/src/algorithm/blastn/alignment/greedy.rs	306	from_base	c++/src/algo/blast/core/greedy_align.c	c++/src/algo/blast/core/greedy_align.c	673-678	BLAST_GreedyAlign
LOSAT/src/algorithm/blastn/alignment/greedy.rs	318	from_base	c++/src/algo/blast/core/greedy_align.c	c++/src/algo/blast/core/greedy_align.c	523-526	BLAST_GreedyAlign
LOSAT/src/algorithm/blastn/alignment/greedy.rs	378	new	ncbi-blast/c++/include/algo/blast/core/greedy_align.h	c++/include/algo/blast/core/greedy_align.h	88-99	<SGreedyAlignMem>
LOSAT/src/algorithm/blastn/alignment/greedy.rs	408	ensure_max_score_capacity	ncbi-blast/c++/src/algo/blast/core/blast_gapalign.c	c++/src/algo/blast/core/blast_gapalign.c	211-228	s_BlastGreedyAlignMemAlloc
LOSAT/src/algorithm/blastn/alignment/greedy.rs	425	refresh_traceback_pool	ncbi-blast/c++/src/algo/blast/core/blast_gapalign.c	c++/src/algo/blast/core/blast_gapalign.c	257	s_BlastGreedyAlignMemAlloc
LOSAT/src/algorithm/blastn/alignment/greedy.rs	437	row_pair_mut	ncbi-blast/c++/src/algo/blast/core/greedy_align.c	c++/src/algo/blast/core/greedy_align.c	67-77	s_RefreshMBSpace
LOSAT/src/algorithm/blastn/alignment/greedy.rs	451	row_pair_mut	c++/src/algo/blast/core/greedy_align.c	c++/src/algo/blast/core/greedy_align.c	548-550	BLAST_GreedyAlign
LOSAT/src/algorithm/blastn/alignment/greedy.rs	485	new	ncbi-blast/c++/src/algo/blast/core/greedy_align.c	c++/src/algo/blast/core/greedy_align.c	99-125	s_GetMBSpace
LOSAT/src/algorithm/blastn/alignment/greedy.rs	504	new	ncbi-blast/c++/include/algo/blast/core/gapinfo.h	c++/include/algo/blast/core/gapinfo.h	70-78	<GapPrelimEditBlock>
LOSAT/src/algorithm/blastn/alignment/greedy.rs	512	new	ncbi-blast/c++/src/algo/blast/core/gapinfo.c	c++/src/algo/blast/core/gapinfo.c	187-198	GapPrelimEditBlockNew
LOSAT/src/algorithm/blastn/alignment/greedy.rs	521	reset	ncbi-blast/c++/src/algo/blast/core/gapinfo.c	c++/src/algo/blast/core/gapinfo.c	212-218	GapPrelimEditBlockReset
LOSAT/src/algorithm/blastn/alignment/greedy.rs	528	add	ncbi-blast/c++/src/algo/blast/core/gapinfo.c	c++/src/algo/blast/core/gapinfo.c	174-185	GapPrelimEditBlockAdd
LOSAT/src/algorithm/blastn/alignment/greedy.rs	548	append	ncbi-blast/c++/src/algo/blast/core/gapinfo.c	c++/src/algo/blast/core/gapinfo.c	221-231	GapPrelimEditBlockAppend
LOSAT/src/algorithm/blastn/alignment/greedy.rs	558	new	ncbi-blast/c++/src/algo/blast/core/blast_gapalign.c	c++/src/algo/blast/core/blast_gapalign.c	356-357	BLAST_GapAlignStructNew
LOSAT/src/algorithm/blastn/alignment/greedy.rs	563	new	ncbi-blast/c++/src/algo/blast/core/blast_gapalign.c	c++/src/algo/blast/core/blast_gapalign.c	2799-2802	BLAST_GreedyGappedAlignment
LOSAT/src/algorithm/blastn/alignment/greedy.rs	571	new	ncbi-blast/c++/include/algo/blast/core/greedy_align.h	c++/include/algo/blast/core/greedy_align.h	88-99	<SGreedyAlignMem>
LOSAT/src/algorithm/blastn/alignment/greedy.rs	579	new	ncbi-blast/c++/src/algo/blast/core/blast_gapalign.c	c++/src/algo/blast/core/blast_gapalign.c	2818-2829	BLAST_GreedyGappedAlignment
LOSAT/src/algorithm/blastn/alignment/greedy.rs	580	new	ncbi-blast/c++/src/algo/blast/core/blast_gapalign.c	c++/src/algo/blast/core/blast_gapalign.c	2851-2862	BLAST_GreedyGappedAlignment
LOSAT/src/algorithm/blastn/alignment/greedy.rs	608	new	ncbi-blast/c++/include/algo/blast/core/gapinfo.h	c++/include/algo/blast/core/gapinfo.h	56-61	<GapEditScript>
LOSAT/src/algorithm/blastn/alignment/greedy.rs	616	new	ncbi-blast/c++/include/algo/blast/core/gapinfo.h	c++/include/algo/blast/core/gapinfo.h	88-90	<file scope>
LOSAT/src/algorithm/blastn/alignment/greedy.rs	626	format_gap_edit_script_for_trace	mnt/c/Users/genom/GitHub/ncbi-blast/c++/include/algo/blast/core/gapinfo.h	c++/include/algo/blast/core/gapinfo.h	56-61	<GapEditScript>
LOSAT/src/algorithm/blastn/alignment/greedy.rs	653	format_gap_prelim_edit_block_for_trace	mnt/c/Users/genom/GitHub/ncbi-blast/c++/include/algo/blast/core/gapinfo.h	c++/include/algo/blast/core/gapinfo.h	70-78	<GapPrelimEditBlock>
LOSAT/src/algorithm/blastn/alignment/greedy.rs	759	greedy_align_one_direction	blast_gapalign.c	c++/src/algo/blast/core/blast_gapalign.c	2820-2825	BLAST_GreedyGappedAlignment
LOSAT/src/algorithm/blastn/alignment/greedy.rs	822	greedy_align_one_direction_with_max_dist	greedy_align.c	c++/src/algo/blast/core/greedy_align.c	380-453	BLAST_GreedyAlign
LOSAT/src/algorithm/blastn/alignment/greedy.rs	835	greedy_align_one_direction_with_max_dist	greedy_align.c	c++/src/algo/blast/core/greedy_align.c	452-453	BLAST_GreedyAlign
LOSAT/src/algorithm/blastn/alignment/greedy.rs	920	greedy_align_one_direction_with_max_dist	greedy_align.c	c++/src/algo/blast/core/greedy_align.c	496	BLAST_GreedyAlign
LOSAT/src/algorithm/blastn/alignment/greedy.rs	954	greedy_align_one_direction_with_max_dist	greedy_align.c	c++/src/algo/blast/core/greedy_align.c	548-550	BLAST_GreedyAlign
LOSAT/src/algorithm/blastn/alignment/greedy.rs	1036	greedy_align_one_direction_with_max_dist	greedy_align.c	c++/src/algo/blast/core/greedy_align.c	607-614	BLAST_GreedyAlign
LOSAT/src/algorithm/blastn/alignment/greedy.rs	1065	greedy_align_one_direction_with_max_dist	greedy_align.c	c++/src/algo/blast/core/greedy_align.c	619-634	BLAST_GreedyAlign
LOSAT/src/algorithm/blastn/alignment/greedy.rs	1157	affine_greedy_align_one_direction_with_max_dist	greedy_align.c	c++/src/algo/blast/core/greedy_align.c	799-808	BLAST_AffineGreedyAlign
LOSAT/src/algorithm/blastn/alignment/greedy.rs	1184	affine_greedy_align_one_direction_with_max_dist	greedy_align.c	c++/src/algo/blast/core/greedy_align.c	835-843	BLAST_AffineGreedyAlign
LOSAT/src/algorithm/blastn/alignment/greedy.rs	1277	affine_greedy_align_one_direction_with_max_dist	greedy_align.c	c++/src/algo/blast/core/greedy_align.c	872-873	BLAST_AffineGreedyAlign
LOSAT/src/algorithm/blastn/alignment/greedy.rs	1349	affine_greedy_align_one_direction_with_max_dist	greedy_align.c	c++/src/algo/blast/core/greedy_align.c	920	BLAST_AffineGreedyAlign
LOSAT/src/algorithm/blastn/alignment/greedy.rs	1385	affine_greedy_align_one_direction_with_max_dist	greedy_align.c	c++/src/algo/blast/core/greedy_align.c	1000-1021	BLAST_AffineGreedyAlign
LOSAT/src/algorithm/blastn/alignment/greedy.rs	1445	affine_greedy_align_one_direction_with_max_dist	greedy_align.c	c++/src/algo/blast/core/greedy_align.c	1026-1036	BLAST_AffineGreedyAlign
LOSAT/src/algorithm/blastn/alignment/greedy.rs	1495	affine_greedy_align_one_direction_with_max_dist	greedy_align.c	c++/src/algo/blast/core/greedy_align.c	1041-1047	BLAST_AffineGreedyAlign
LOSAT/src/algorithm/blastn/alignment/greedy.rs	1559	affine_greedy_align_one_direction_with_max_dist	greedy_align.c	c++/src/algo/blast/core/greedy_align.c	1103-1110	BLAST_AffineGreedyAlign
LOSAT/src/algorithm/blastn/alignment/greedy.rs	1580	affine_greedy_align_one_direction_with_max_dist	greedy_align.c	c++/src/algo/blast/core/greedy_align.c	1115-1129	BLAST_AffineGreedyAlign
LOSAT/src/algorithm/blastn/alignment/greedy.rs	1614	affine_greedy_align_one_direction_with_max_dist	greedy_align.c	c++/src/algo/blast/core/greedy_align.c	1139-1147	BLAST_AffineGreedyAlign
LOSAT/src/algorithm/blastn/alignment/greedy.rs	1637	affine_greedy_align_one_direction_with_max_dist	greedy_align.c	c++/src/algo/blast/core/greedy_align.c	1149-1150	BLAST_AffineGreedyAlign
LOSAT/src/algorithm/blastn/alignment/greedy.rs	1771	prelim_edit_block_to_gap_edit_script	ncbi-blast/c++/src/algo/blast/core/blast_gapalign.c	c++/src/algo/blast/core/blast_gapalign.c	2471-2536	Blast_PrelimEditBlockToGapEditScript
LOSAT/src/algorithm/blastn/alignment/greedy.rs	1794	prelim_edit_block_to_gap_edit_script	mnt/c/Users/genom/GitHub/ncbi-blast/c++/src/algo/blast/core/blast_gapalign.c	c++/src/algo/blast/core/blast_gapalign.c	2509-2515	Blast_PrelimEditBlockToGapEditScript
LOSAT/src/algorithm/blastn/alignment/greedy.rs	1828	update_edit_script	mnt/c/Users/genom/GitHub/ncbi-blast/c++/src/algo/blast/core/blast_gapalign.c	c++/src/algo/blast/core/blast_gapalign.c	2523-2534	Blast_PrelimEditBlockToGapEditScript
LOSAT/src/algorithm/blastn/alignment/greedy.rs	1854	update_edit_script	ncbi-blast/c++/src/algo/blast/core/blast_gapalign.c	c++/src/algo/blast/core/blast_gapalign.c	2572-2632	s_UpdateEditScript
LOSAT/src/algorithm/blastn/alignment/greedy.rs	1968	rebuild_edit_script	ncbi-blast/c++/src/algo/blast/core/blast_gapalign.c	c++/src/algo/blast/core/blast_gapalign.c	2634-2667	s_RebuildEditScript
LOSAT/src/algorithm/blastn/alignment/greedy.rs	2011	reduce_gaps	ncbi-blast/c++/src/algo/blast/core/blast_gapalign.c	c++/src/algo/blast/core/blast_gapalign.c	2669-2758	s_ReduceGaps
LOSAT/src/algorithm/blastn/alignment/greedy.rs	2021	reduce_gaps	ncbi-blast/c++/src/algo/blast/core/blast_gapalign.c	c++/src/algo/blast/core/blast_gapalign.c	2669-2758	s_ReduceGaps
LOSAT/src/algorithm/blastn/alignment/greedy.rs	2067	reduce_gaps	ncbi-blast/c++/src/algo/blast/core/blast_gapalign.c	c++/src/algo/blast/core/blast_gapalign.c	2679-2681	s_ReduceGaps
LOSAT/src/algorithm/blastn/alignment/greedy.rs	2090	reduce_gaps	ncbi-blast/c++/src/algo/blast/core/blast_gapalign.c	c++/src/algo/blast/core/blast_gapalign.c	2687-2689	s_ReduceGaps
LOSAT/src/algorithm/blastn/alignment/greedy.rs	2173	ncbi2na_unpack_base	ncbi-blast/c++/src/algo/blast/core/blast_gapalign.c	c++/src/algo/blast/core/blast_gapalign.c	2729-2736	s_ReduceGaps
LOSAT/src/algorithm/blastn/alignment/greedy.rs	2193	ncbi2na_unpack_base	ncbi-blast/c++/src/algo/blast/core/blast_gapalign.c	c++/src/algo/blast/core/blast_gapalign.c	2737-2739	s_ReduceGaps
LOSAT/src/algorithm/blastn/alignment/greedy.rs	2229	ncbi2na_unpack_base	ncbi-blast/c++/src/algo/blast/core/greedy_align.c	c++/src/algo/blast/core/greedy_align.c	365-369	s_FindFirstMismatch
LOSAT/src/algorithm/blastn/alignment/greedy.rs	2236	find_first_mismatch_greedy	ncbi-blast/c++/src/algo/blast/core/greedy_align.c	c++/src/algo/blast/core/greedy_align.c	297-375	s_FindFirstMismatch
LOSAT/src/algorithm/blastn/alignment/greedy.rs	2237	find_first_mismatch_greedy	ncbi-blast/c++/src/algo/blast/core/greedy_align.c	c++/src/algo/blast/core/greedy_align.c	313-317	s_FindFirstMismatch
LOSAT/src/algorithm/blastn/alignment/greedy.rs	2277	get_next_affine_tback_from_match	ncbi-blast/c++/src/algo/blast/core/greedy_align.c	c++/src/algo/blast/core/greedy_align.c	338-344	s_FindFirstMismatch
LOSAT/src/algorithm/blastn/alignment/greedy.rs	2329	get_next_affine_tback_from_match	ncbi-blast/c++/src/algo/blast/core/greedy_align.c	c++/src/algo/blast/core/greedy_align.c	148-178	s_GetNextAffineTbackFromMatch
LOSAT/src/algorithm/blastn/alignment/greedy.rs	2370	get_next_affine_tback_from_indel	ncbi-blast/c++/src/algo/blast/core/greedy_align.c	c++/src/algo/blast/core/greedy_align.c	199-258	s_GetNextAffineTbackFromIndel
LOSAT/src/algorithm/blastn/alignment/greedy.rs	2419	get_next_non_affine_tback	ncbi-blast/c++/src/algo/blast/core/greedy_align.c	c++/src/algo/blast/core/greedy_align.c	260-294	s_GetNextNonAffineTback
LOSAT/src/algorithm/blastn/alignment/greedy.rs	2445	blast_greedy_align	ncbi-blast/c++/src/algo/blast/core/greedy_align.c	c++/src/algo/blast/core/greedy_align.c	379-751	BLAST_GreedyAlign
LOSAT/src/algorithm/blastn/alignment/greedy.rs	2478	blast_greedy_align	ncbi-blast/c++/src/algo/blast/core/blast_gapalign.c	c++/src/algo/blast/core/blast_gapalign.c	211-225	s_BlastGreedyAlignMemAlloc
LOSAT/src/algorithm/blastn/alignment/greedy.rs	2499	blast_greedy_align	ncbi-blast/c++/src/algo/blast/core/greedy_align.c	c++/src/algo/blast/core/greedy_align.c	479-490	BLAST_GreedyAlign
LOSAT/src/algorithm/blastn/alignment/greedy.rs	2511	blast_greedy_align	ncbi-blast/c++/src/algo/blast/core/blast_gapalign.c	c++/src/algo/blast/core/blast_gapalign.c	216-228	s_BlastGreedyAlignMemAlloc
LOSAT/src/algorithm/blastn/alignment/greedy.rs	2529	blast_greedy_align	ncbi-blast/c++/src/algo/blast/core/greedy_align.c	c++/src/algo/blast/core/greedy_align.c	496-498	BLAST_GreedyAlign
LOSAT/src/algorithm/blastn/alignment/greedy.rs	2582	blast_greedy_align	ncbi-blast/c++/src/algo/blast/core/greedy_align.c	c++/src/algo/blast/core/greedy_align.c	548-550	BLAST_GreedyAlign
LOSAT/src/algorithm/blastn/alignment/greedy.rs	2594	blast_greedy_align	ncbi-blast/c++/src/algo/blast/core/greedy_align.c	c++/src/algo/blast/core/greedy_align.c	523-526	BLAST_GreedyAlign
LOSAT/src/algorithm/blastn/alignment/greedy.rs	2612	blast_greedy_align	ncbi-blast/c++/src/algo/blast/core/greedy_align.c	c++/src/algo/blast/core/greedy_align.c	537-550	BLAST_GreedyAlign
LOSAT/src/algorithm/blastn/alignment/greedy.rs	2659	blast_greedy_align	c++/src/algo/blast/core/greedy_align.c	c++/src/algo/blast/core/greedy_align.c	523-526	BLAST_GreedyAlign
LOSAT/src/algorithm/blastn/alignment/greedy.rs	2717	blast_greedy_align	ncbi-blast/c++/src/algo/blast/core/greedy_align.c	c++/src/algo/blast/core/greedy_align.c	666-678	BLAST_GreedyAlign
LOSAT/src/algorithm/blastn/alignment/greedy.rs	2728	blast_greedy_align	ncbi-blast/c++/src/algo/blast/core/greedy_align.c	c++/src/algo/blast/core/greedy_align.c	666-678	BLAST_GreedyAlign
LOSAT/src/algorithm/blastn/alignment/greedy.rs	2739	blast_greedy_align	ncbi-blast/c++/src/algo/blast/core/greedy_align.c	c++/src/algo/blast/core/greedy_align.c	673-678	BLAST_GreedyAlign
LOSAT/src/algorithm/blastn/alignment/greedy.rs	2767	blast_greedy_align	ncbi-blast/c++/src/algo/blast/core/greedy_align.c	c++/src/algo/blast/core/greedy_align.c	697-751	BLAST_GreedyAlign
LOSAT/src/algorithm/blastn/alignment/greedy.rs	2838	blast_affine_greedy_align	ncbi-blast/c++/src/algo/blast/core/greedy_align.c	c++/src/algo/blast/core/greedy_align.c	755-1249	BLAST_AffineGreedyAlign
LOSAT/src/algorithm/blastn/alignment/greedy.rs	2914	blast_affine_greedy_align	ncbi-blast/c++/src/algo/blast/core/greedy_align.c	c++/src/algo/blast/core/greedy_align.c	848-856	BLAST_AffineGreedyAlign
LOSAT/src/algorithm/blastn/alignment/greedy.rs	2920	blast_affine_greedy_align	ncbi-blast/c++/src/algo/blast/core/greedy_align.c	c++/src/algo/blast/core/greedy_align.c	920-935	BLAST_AffineGreedyAlign
LOSAT/src/algorithm/blastn/alignment/greedy.rs	2926	blast_affine_greedy_align	ncbi-blast/c++/src/algo/blast/core/greedy_align.c	c++/src/algo/blast/core/greedy_align.c	920-942	BLAST_AffineGreedyAlign
LOSAT/src/algorithm/blastn/alignment/greedy.rs	3145	blast_affine_greedy_align	ncbi-blast/c++/src/algo/blast/core/greedy_align.c	c++/src/algo/blast/core/greedy_align.c	1145-1150	BLAST_AffineGreedyAlign
LOSAT/src/algorithm/blastn/alignment/greedy.rs	3260	stats_from_edit_ops	ncbi-blast/c++/src/algo/blast/core/blast_hits.c	c++/src/algo/blast/core/blast_hits.c	745-818	s_Blast_HSPGetNumIdentitiesAndPositives
LOSAT/src/algorithm/blastn/alignment/greedy.rs	3261	stats_from_edit_ops	ncbi-blast/c++/src/algo/blast/core/blast_hits.c	c++/src/algo/blast/core/blast_hits.c	1055-1074	Blast_HSPCalcLengthAndGaps
LOSAT/src/algorithm/blastn/alignment/greedy.rs	3309	greedy_gapped_alignment_internal	ncbi-blast/c++/src/algo/blast/core/blast_gapalign.c	c++/src/algo/blast/core/blast_gapalign.c	2539-2569	s_BlastGreedyGapAlignStructFill
LOSAT/src/algorithm/blastn/alignment/greedy.rs	3322	greedy_gapped_alignment_internal	ncbi-blast/c++/src/algo/blast/core/blast_gapalign.c	c++/src/algo/blast/core/blast_gapalign.c	2762-2936	BLAST_GreedyGappedAlignment
LOSAT/src/algorithm/blastn/alignment/greedy.rs	3340	greedy_gapped_alignment_internal	ncbi-blast/c++/src/algo/blast/core/blast_gapalign.c	c++/src/algo/blast/core/blast_gapalign.c	2762-2793	BLAST_GreedyGappedAlignment
LOSAT/src/algorithm/blastn/alignment/greedy.rs	3355	greedy_gapped_alignment_internal	ncbi-blast/c++/src/algo/blast/core/blast_gapalign.c	c++/src/algo/blast/core/blast_gapalign.c	2833-2834	BLAST_GreedyGappedAlignment
LOSAT/src/algorithm/blastn/alignment/greedy.rs	3376	greedy_gapped_alignment_internal	ncbi-blast/c++/src/algo/blast/core/blast_gapalign.c	c++/src/algo/blast/core/blast_gapalign.c	323-330	BLAST_GapAlignStructNew
LOSAT/src/algorithm/blastn/alignment/greedy.rs	3401	greedy_gapped_alignment_internal	ncbi-blast/c++/src/algo/blast/core/blast_gapalign.c	c++/src/algo/blast/core/blast_gapalign.c	2799-2802	BLAST_GreedyGappedAlignment
LOSAT/src/algorithm/blastn/alignment/greedy.rs	3427	greedy_gapped_alignment_internal	ncbi-blast/c++/src/algo/blast/core/blast_gapalign.c	c++/src/algo/blast/core/blast_gapalign.c	2808-2817	BLAST_GreedyGappedAlignment
LOSAT/src/algorithm/blastn/alignment/greedy.rs	3460	greedy_gapped_alignment_internal	ncbi-blast/c++/src/algo/blast/core/blast_gapalign.c	c++/src/algo/blast/core/blast_gapalign.c	2805-2831	BLAST_GreedyGappedAlignment
LOSAT/src/algorithm/blastn/alignment/greedy.rs	3479	greedy_gapped_alignment_internal	ncbi-blast/c++/src/algo/blast/core/blast_gapalign.c	c++/src/algo/blast/core/blast_gapalign.c	2839-2847	BLAST_GreedyGappedAlignment
LOSAT/src/algorithm/blastn/alignment/greedy.rs	3513	greedy_gapped_alignment_internal	ncbi-blast/c++/src/algo/blast/core/blast_gapalign.c	c++/src/algo/blast/core/blast_gapalign.c	2836-2864	BLAST_GreedyGappedAlignment
LOSAT/src/algorithm/blastn/alignment/greedy.rs	3552	greedy_gapped_alignment_internal	mnt/c/Users/genom/GitHub/ncbi-blast/c++/src/algo/blast/core/blast_gapalign.c	c++/src/algo/blast/core/blast_gapalign.c	2876-2882	BLAST_GreedyGappedAlignment
LOSAT/src/algorithm/blastn/alignment/greedy.rs	3573	greedy_gapped_alignment_internal	ncbi-blast/c++/src/algo/blast/core/blast_gapalign.c	c++/src/algo/blast/core/blast_gapalign.c	2881	BLAST_GreedyGappedAlignment
LOSAT/src/algorithm/blastn/alignment/greedy.rs	3584	greedy_gapped_alignment_internal	mnt/c/Users/genom/GitHub/ncbi-blast/c++/src/algo/blast/core/blast_gapalign.c	c++/src/algo/blast/core/blast_gapalign.c	2669-2758	s_ReduceGaps
LOSAT/src/algorithm/blastn/alignment/greedy.rs	3653	greedy_gapped_alignment_score_only	ncbi-blast/c++/src/algo/blast/core/blast_gapalign.c	c++/src/algo/blast/core/blast_gapalign.c	2762-2936	BLAST_GreedyGappedAlignment
LOSAT/src/algorithm/blastn/alignment/greedy.rs	3678	greedy_gapped_alignment_with_traceback	ncbi-blast/c++/src/algo/blast/core/blast_gapalign.c	c++/src/algo/blast/core/blast_gapalign.c	2762-2793	BLAST_GreedyGappedAlignment
LOSAT/src/algorithm/blastn/alignment/greedy.rs	3709	greedy_gapped_alignment_with_traceback	ncbi-blast/c++/src/algo/blast/core/blast_gapalign.c	c++/src/algo/blast/core/blast_gapalign.c	2762-2936	BLAST_GreedyGappedAlignment
LOSAT/src/algorithm/blastn/alignment/greedy.rs	3734	greedy_gapped_alignment_with_traceback	ncbi-blast/c++/src/algo/blast/core/blast_gapalign.c	c++/src/algo/blast/core/blast_gapalign.c	2798-2802	BLAST_GreedyGappedAlignment
LOSAT/src/algorithm/blastn/alignment/greedy.rs	3755	non_affine_fence_retains_written_scratch	ncbi-blast/c++/src/algo/blast/core/blast_traceback.c	c++/src/algo/blast/core/blast_traceback.c	583-597	Blast_TracebackFromHSPList
LOSAT/src/algorithm/blastn/alignment/greedy.rs	3785	non_affine_fence_retains_written_scratch	c++/src/algo/blast/core/greedy_align.c	c++/src/algo/blast/core/greedy_align.c	500-501	BLAST_GreedyAlign
LOSAT/src/algorithm/blastn/alignment/greedy.rs	3835	test_greedy_traceback_ncbi_regression_cases	ncbi-blast/c++/src/algo/blast/core/blast_gapalign.c	c++/src/algo/blast/core/blast_gapalign.c	2762-2936	BLAST_GreedyGappedAlignment
LOSAT/src/algorithm/blastn/alignment/greedy.rs	3939	test_greedy_reverse_and_empty_boundary_cases	ncbi-blast/c++/src/algo/blast/core/greedy_align.c	c++/src/algo/blast/core/greedy_align.c	479-490	BLAST_GreedyAlign
LOSAT/src/algorithm/blastn/alignment/greedy.rs	3970	test_greedy_reverse_and_empty_boundary_cases	ncbi-blast/c++/src/algo/blast/core/greedy_align.c	c++/src/algo/blast/core/greedy_align.c	380-453	BLAST_GreedyAlign
LOSAT/src/algorithm/blastn/alignment/greedy.rs	3992	test_greedy_reverse_and_empty_boundary_cases	ncbi-blast/c++/src/algo/blast/core/blast_gapalign.c	c++/src/algo/blast/core/blast_gapalign.c	2762-2793	BLAST_GreedyGappedAlignment
LOSAT/src/algorithm/blastn/alignment/mod.rs	18	<module>	ncbi-blast/c++/src/algo/blast/core/blast_gapalign.c	c++/src/algo/blast/core/blast_gapalign.c	2762-2936	BLAST_GreedyGappedAlignment
LOSAT/src/algorithm/blastn/alignment/mod.rs	25	<module>	blast_gapalign.c	c++/src/algo/blast/core/blast_gapalign.c	3248-3305	BlastGetOffsetsForGappedAlignment
LOSAT/src/algorithm/blastn/alignment/mod.rs	26	<module>	blast_gapalign.c	c++/src/algo/blast/core/blast_gapalign.c	3323-3389	BlastGetStartForGappedAlignmentNucl
LOSAT/src/algorithm/blastn/alignment/mod.rs	33	<module>	ncbi-blast/c++/include/algo/blast/core/blast_gapalign.h	c++/include/algo/blast/core/blast_gapalign.h	69-80	<BlastGapAlignStruct>
LOSAT/src/algorithm/blastn/alignment/mod.rs	36	<module>	ncbi-blast/c++/include/algo/blast/core/blast_gapalign.h	c++/include/algo/blast/core/blast_gapalign.h	69-80	<BlastGapAlignStruct>
LOSAT/src/algorithm/blastn/alignment/mod.rs	41	<module>	ncbi-blast/c++/include/algo/blast/core/blast_gapalign.h	c++/include/algo/blast/core/blast_gapalign.h	69-80	<BlastGapAlignStruct>
LOSAT/src/algorithm/blastn/args.rs	14	<module>	c++/src/algo/blast/blastinput/cmdline_flags.cpp	c++/src/algo/blast/blastinput/cmdline_flags.cpp	47	<file scope>
LOSAT/src/algorithm/blastn/args.rs	25	<module>	c++/src/algo/blast/blastinput/blast_args.cpp	c++/src/algo/blast/blastinput/blast_args.cpp	166-170	CGenericSearchArgs::SetArgumentDescriptions
LOSAT/src/algorithm/blastn/args.rs	45	<module>	ncbi-blast/c++/src/algo/blast/core/blast_hits.c	c++/src/algo/blast/core/blast_hits.c	993-1001	s_HSPTest
LOSAT/src/algorithm/blastn/args.rs	57	<module>	ncbi-blast/c++/src/algo/blast/core/blast_hits.c	c++/src/algo/blast/core/blast_hits.c	993-1001	s_HSPTest
LOSAT/src/algorithm/blastn/args.rs	67	<module>	ncbi-blast/c++/src/algo/blast/blastinput/blast_args.cpp	c++/src/algo/blast/blastinput/blast_args.cpp	2960-2968	CFormattingArgs::ExtractAlgorithmOptions
LOSAT/src/algorithm/blastn/args.rs	75	<module>	ncbi-blast/c++/src/objtools/align_format/format_flags.cpp	c++/src/objtools/align_format/format_flags.cpp	219	<file scope>
LOSAT/src/algorithm/blastn/args.rs	116	<module>	c++/src/algo/blast/blastinput/blast_args.cpp	c++/src/algo/blast/blastinput/blast_args.cpp	648-660	CNuclArgs::SetArgumentDescriptions
LOSAT/src/algorithm/blastn/args.rs	134	<module>	c++/src/algo/blast/blastinput/blast_args.cpp	c++/src/algo/blast/blastinput/blast_args.cpp	175-182	CGenericSearchArgs::SetArgumentDescriptions
LOSAT/src/algorithm/blastn/args.rs	177	<module>	ncbi-blast/c++/src/algo/blast/blastinput/blast_args.cpp	c++/src/algo/blast/blastinput/blast_args.cpp	1939-1942	CQueryOptionsArgs::SetArgumentDescriptions
LOSAT/src/algorithm/blastn/args.rs	208	resolve_dust	ncbi-blast/c++/src/algo/blast/format/blast_format.cpp	c++/src/algo/blast/format/blast_format.cpp	770-782	CBlastFormat::x_PrintTabularReport
LOSAT/src/algorithm/blastn/args.rs	214	resolve_dust	ncbi-blast/c++/src/objtools/align_format/tabular.cpp	c++/src/objtools/align_format/tabular.cpp	1098-1108	CBlastTabularInfo::SetFields
LOSAT/src/algorithm/blastn/args.rs	233	resolve_dust	c++/src/app/blast/blast_app_util.hpp	c++/src/app/blast/blast_app_util.hpp	172-175	#define CATCH_ALL
LOSAT/src/algorithm/blastn/blast_engine/mod.rs	42	filter_hsps	blast_traceback.c	c++/src/algo/blast/core/blast_traceback.c	637-669	Blast_TracebackFromHSPList
LOSAT/src/algorithm/blastn/blast_engine/mod.rs	49	filter_hsps	ncbi-blast/c++/src/algo/blast/core/blast_traceback.c	c++/src/algo/blast/core/blast_traceback.c	651-659	Blast_TracebackFromHSPList
LOSAT/src/algorithm/blastn/blast_engine/mod.rs	80	filter_hsps	ncbi-blast/c++/include/algo/blast/core/blast_hits.h	c++/include/algo/blast/core/blast_hits.h	153-166	<BlastHSPList>
LOSAT/src/algorithm/blastn/blast_engine/mod.rs	89	filter_hsps	ncbi-blast/c++/src/algo/blast/core/blast_stat.c	c++/src/algo/blast/core/blast_stat.c	1052-1127	BlastScoreBlkNuclMatrixCreate
LOSAT/src/algorithm/blastn/blast_engine/mod.rs	100	filter_hsps	ncbi-blast/c++/src/algo/blast/core/blast_hits.c	c++/src/algo/blast/core/blast_hits.c	1330-1354	ScoreCompareHSPs
LOSAT/src/algorithm/blastn/blast_engine/mod.rs	109	filter_hsps	mnt/c/Users/genom/GitHub/ncbi-blast/c++/src/algo/blast/core/blast_hits.c	c++/src/algo/blast/core/blast_hits.c	1374-1382	Blast_HSPListSortByScore
LOSAT/src/algorithm/blastn/blast_engine/mod.rs	129	filter_hsps	blast_traceback.c	c++/src/algo/blast/core/blast_traceback.c	637-669	Blast_TracebackFromHSPList
LOSAT/src/algorithm/blastn/blast_engine/mod.rs	146	filter_hsps	blast_traceback.c	c++/src/algo/blast/core/blast_traceback.c	638	Blast_TracebackFromHSPList
LOSAT/src/algorithm/blastn/blast_engine/mod.rs	158	filter_hsps	blast_traceback.c	c++/src/algo/blast/core/blast_traceback.c	647-665	Blast_TracebackFromHSPList
LOSAT/src/algorithm/blastn/blast_engine/mod.rs	170	filter_hsps	blast_traceback.c	c++/src/algo/blast/core/blast_traceback.c	654	Blast_TracebackFromHSPList
LOSAT/src/algorithm/blastn/blast_engine/mod.rs	177	filter_hsps	ncbi-blast/c++/src/algo/blast/core/blast_traceback.c	c++/src/algo/blast/core/blast_traceback.c	651-659	Blast_TracebackFromHSPList
LOSAT/src/algorithm/blastn/blast_engine/mod.rs	213	filter_hsps	blast_traceback.c	c++/src/algo/blast/core/blast_traceback.c	666	Blast_TracebackFromHSPList
LOSAT/src/algorithm/blastn/blast_engine/mod.rs	223	filter_hsps	blast_traceback.c	c++/src/algo/blast/core/blast_traceback.c	668	Blast_TracebackFromHSPList
LOSAT/src/algorithm/blastn/blast_engine/mod.rs	237	filter_hsps	ncbi-blast/c++/src/algo/blast/core/blast_traceback.c	c++/src/algo/blast/core/blast_traceback.c	671-688	Blast_TracebackFromHSPList
LOSAT/src/algorithm/blastn/blast_engine/mod.rs	250	filter_hsps	mnt/c/Users/genom/GitHub/ncbi-blast/c++/src/algo/blast/core/blast_traceback.c	c++/src/algo/blast/core/blast_traceback.c	671-672	Blast_TracebackFromHSPList
LOSAT/src/algorithm/blastn/blast_engine/mod.rs	258	filter_hsps	ncbi-blast/c++/src/algo/blast/core/blast_options.c	c++/src/algo/blast/core/blast_options.c	1482-1495	BLAST_FillHitSavingOptions
LOSAT/src/algorithm/blastn/blast_engine/mod.rs	263	filter_hsps	ncbi-blast/c++/include/algo/blast/core/blast_hits.h	c++/include/algo/blast/core/blast_hits.h	153-166	<BlastHSPList>
LOSAT/src/algorithm/blastn/blast_engine/mod.rs	274	filter_hsps	ncbi-blast/c++/src/algo/blast/core/blast_traceback.c	c++/src/algo/blast/core/blast_traceback.c	651-655	Blast_TracebackFromHSPList
LOSAT/src/algorithm/blastn/blast_engine/mod.rs	306	filter_hsps	ncbi-blast/c++/src/algo/blast/core/blast_itree.c	c++/src/algo/blast/core/blast_itree.c	537-550	BlastIntervalTreeAddHSP
LOSAT/src/algorithm/blastn/blast_engine/mod.rs	314	filter_hsps	ncbi-blast/c++/src/algo/blast/unit_tests/api/ntscan_unit_test.cpp	c++/src/algo/blast/unit_tests/api/ntscan_unit_test.cpp	166-174	TestFixture::SetUpQuery
LOSAT/src/algorithm/blastn/blast_engine/mod.rs	324	filter_hsps	ncbi-blast/c++/src/algo/blast/core/blast_hits.c	c++/src/algo/blast/core/blast_hits.c	1122-1132	Blast_HSPGetAdjustedOffsets
LOSAT/src/algorithm/blastn/blast_engine/mod.rs	383	filter_hsps	ncbi-blast/c++/include/algo/blast/core/blast_hits.h	c++/include/algo/blast/core/blast_hits.h	125-148	<BlastHSP>
LOSAT/src/algorithm/blastn/blast_engine/mod.rs	412	filter_hsps	ncbi-blast/c++/include/algo/blast/core/blast_hits.h	c++/include/algo/blast/core/blast_hits.h	125-143	<BlastHSP>
LOSAT/src/algorithm/blastn/blast_engine/run.rs	10	<module>	ncbi-blast/c++/include/algo/blast/blastinput/blast_args.hpp	c++/include/algo/blast/blastinput/blast_args.hpp	1290-1296	NCBI_BLASTINPUT_EXPORT::CMTArgs
LOSAT/src/algorithm/blastn/blast_engine/run.rs	25	<module>	ncbi-blast/c++/src/algo/blast/core/blast_engine.c	c++/src/algo/blast/core/blast_engine.c	1674-1783	Blast_RunPreliminarySearchWithInterrupt
LOSAT/src/algorithm/blastn/blast_engine/run.rs	49	<module>	ncbi-blast/c++/include/algo/blast/core/blast_gapalign.h	c++/include/algo/blast/core/blast_gapalign.h	69-80	<BlastGapAlignStruct>
LOSAT/src/algorithm/blastn/blast_engine/run.rs	51	<module>	ncbi-blast/c++/include/algo/blast/core/blast_gapalign.h	c++/include/algo/blast/core/blast_gapalign.h	69-80	<BlastGapAlignStruct>
LOSAT/src/algorithm/blastn/blast_engine/run.rs	53	<module>	ncbi-blast/c++/src/algo/blast/core/blast_gapalign.c	c++/src/algo/blast/core/blast_gapalign.c	2762-2936	BLAST_GreedyGappedAlignment
LOSAT/src/algorithm/blastn/blast_engine/run.rs	57	<module>	ncbi-blast/c++/include/algo/blast/core/blast_gapalign.h	c++/include/algo/blast/core/blast_gapalign.h	69-80	<BlastGapAlignStruct>
LOSAT/src/algorithm/blastn/blast_engine/run.rs	104	fasta_defline	c++/src/algo/blast/core/blast_parameters.c	c++/src/algo/blast/core/blast_parameters.c	342-344	BlastInitialWordParametersUpdate
LOSAT/src/algorithm/blastn/blast_engine/run.rs	114	fasta_defline	ncbi-blast/c++/include/algo/blast/core/ncbi_math.h	c++/include/algo/blast/core/ncbi_math.h	160-161	#define NCBIMATH_LN2
LOSAT/src/algorithm/blastn/blast_engine/run.rs	120	fasta_defline	ncbi-blast/c++/src/objtools/align_format/showdefline.cpp	c++/src/objtools/align_format/showdefline.cpp	69-79	<file scope>
LOSAT/src/algorithm/blastn/blast_engine/run.rs	135	format_gap_edit_ops_for_trace	mnt/c/Users/genom/GitHub/ncbi-blast/c++/include/algo/blast/core/gapinfo.h	c++/include/algo/blast/core/gapinfo.h	43-61	<EGapAlignOpType>
LOSAT/src/algorithm/blastn/blast_engine/run.rs	173	calculate_blastn_context_statistics	ncbi-blast/c++/src/algo/blast/core/blast_hits.c	c++/src/algo/blast/core/blast_hits.c	1887-1890	Blast_HSPListGetEvalues
LOSAT/src/algorithm/blastn/blast_engine/run.rs	180	calculate_blastn_context_statistics	ncbi-blast/c++/src/algo/blast/core/blast_hits.c	c++/src/algo/blast/core/blast_hits.c	1923-1926	Blast_HSPListGetBitScores
LOSAT/src/algorithm/blastn/blast_engine/run.rs	186	calculate_blastn_context_statistics	ncbi-blast/c++/src/algo/blast/core/blast_stat.c	c++/src/algo/blast/core/blast_stat.c	4157-4171	BLAST_KarlinStoE_simple
LOSAT/src/algorithm/blastn/blast_engine/run.rs	202	calculate_blastn_context_statistics	ncbi-blast/c++/src/algo/blast/core/blast_hits.c	c++/src/algo/blast/core/blast_hits.c	1864-1870	Blast_HSPListGetEvalues
LOSAT/src/algorithm/blastn/blast_engine/run.rs	224	calculate_blastn_context_statistics	ncbi-blast/c++/src/algo/blast/core/blast_gapalign.c	c++/src/algo/blast/core/blast_gapalign.c	4155-4160	AdjustSubjectRange
LOSAT/src/algorithm/blastn/blast_engine/run.rs	232	calculate_blastn_context_statistics	ncbi-blast/c++/include/algo/blast/core/blast_gapalign.h	c++/include/algo/blast/core/blast_gapalign.h	54	#define MAX_DBSEQ_LEN
LOSAT/src/algorithm/blastn/blast_engine/run.rs	238	calculate_blastn_context_statistics	ncbi-blast/c++/include/algo/blast/core/blast_hits.h	c++/include/algo/blast/core/blast_hits.h	192	#define DBSEQ_CHUNK_OVERLAP
LOSAT/src/algorithm/blastn/blast_engine/run.rs	243	calculate_blastn_context_statistics	ncbi-blast/c++/include/algo/blast/core/lookup_wrap.h	c++/include/algo/blast/core/lookup_wrap.h	119	#define OFFSET_ARRAY_SIZE
LOSAT/src/algorithm/blastn/blast_engine/run.rs	249	calculate_blastn_context_statistics	ncbi-blast/c++/src/algo/blast/core/blast_encoding.c	c++/src/algo/blast/core/blast_encoding.c	120-121	<file scope>
LOSAT/src/algorithm/blastn/blast_engine/run.rs	256	calculate_blastn_context_statistics	ncbi-blast/c++/src/algo/blast/core/blast_hits.c	c++/src/algo/blast/core/blast_hits.c	1534-1539	Blast_HSPListFree
LOSAT/src/algorithm/blastn/blast_engine/run.rs	262	calculate_blastn_context_statistics	ncbi-blast/c++/include/algo/blast/core/blast_extend.h	c++/include/algo/blast/core/blast_extend.h	50-54	<DiagStruct>
LOSAT/src/algorithm/blastn/blast_engine/run.rs	272	as_slice	ncbi-blast/c++/src/algo/blast/core/blast_engine.c	c++/src/algo/blast/core/blast_engine.c	122-143	<SubjectSplitStruct>
LOSAT/src/algorithm/blastn/blast_engine/run.rs	300	as_slice	ncbi-blast/c++/src/algo/blast/core/blast_engine.c	c++/src/algo/blast/core/blast_engine.c	264-276	s_GetNextSubjectChunk
LOSAT/src/algorithm/blastn/blast_engine/run.rs	335	as_slice	ncbi-blast/c++/src/algo/blast/core/blast_engine.c	c++/src/algo/blast/core/blast_engine.c	184-198	s_AllocateSeqRange
LOSAT/src/algorithm/blastn/blast_engine/run.rs	345	as_slice	ncbi-blast/c++/src/algo/blast/core/blast_engine.c	c++/src/algo/blast/core/blast_engine.c	298-307	s_GetNextSubjectChunk
LOSAT/src/algorithm/blastn/blast_engine/run.rs	399	new	ncbi-blast/c++/src/algo/blast/core/blast_engine.c	c++/src/algo/blast/core/blast_engine.c	146-184	s_BackupSubject
LOSAT/src/algorithm/blastn/blast_engine/run.rs	425	next_chunk	ncbi-blast/c++/src/algo/blast/core/blast_engine.c	c++/src/algo/blast/core/blast_engine.c	221-310	s_GetNextSubjectChunk
LOSAT/src/algorithm/blastn/blast_engine/run.rs	485	next_chunk	ncbi-blast/c++/src/algo/blast/core/blast_engine.c	c++/src/algo/blast/core/blast_engine.c	264-276	s_GetNextSubjectChunk
LOSAT/src/algorithm/blastn/blast_engine/run.rs	514	next_chunk	ncbi-blast/c++/src/algo/blast/core/blast_engine.c	c++/src/algo/blast/core/blast_engine.c	279-291	s_GetNextSubjectChunk
LOSAT/src/algorithm/blastn/blast_engine/run.rs	544	adjust_subject_range	ncbi-blast/c++/src/algo/blast/core/blast_engine.c	c++/src/algo/blast/core/blast_engine.c	580-584	s_BlastSearchEngineOneContext
LOSAT/src/algorithm/blastn/blast_engine/run.rs	570	adjust_subject_range	ncbi-blast/c++/src/algo/blast/core/blast_gapalign.c	c++/src/algo/blast/core/blast_gapalign.c	4163-4191	AdjustSubjectRange
LOSAT/src/algorithm/blastn/blast_engine/run.rs	614	advance_diag_table_offset	ncbi-blast/c++/src/algo/blast/core/blast_extend.c	c++/src/algo/blast/core/blast_extend.c	159-182	BlastExtendWordNew
LOSAT/src/algorithm/blastn/blast_engine/run.rs	656	default	ncbi-blast/c++/src/algo/blast/core/blast_extend.c	c++/src/algo/blast/core/blast_extend.c	174-179	Blast_ExtendWordExit
LOSAT/src/algorithm/blastn/blast_engine/run.rs	667	default	ncbi-blast/c++/src/algo/blast/core/blast_extend.c	c++/src/algo/blast/core/blast_extend.c	180-181	Blast_ExtendWordExit
LOSAT/src/algorithm/blastn/blast_engine/run.rs	677	default	ncbi-blast/c++/include/algo/blast/core/blast_extend.h	c++/include/algo/blast/core/blast_extend.h	62-71	<DiagHashCell>
LOSAT/src/algorithm/blastn/blast_engine/run.rs	708	new	ncbi-blast/c++/include/algo/blast/core/blast_extend.h	c++/include/algo/blast/core/blast_extend.h	97-105	<BLAST_DiagHash>
LOSAT/src/algorithm/blastn/blast_engine/run.rs	731	new	ncbi-blast/c++/src/algo/blast/core/blast_extend.c	c++/src/algo/blast/core/blast_extend.c	122-134	BlastExtendWordNew
LOSAT/src/algorithm/blastn/blast_engine/run.rs	756	retrieve	ncbi-blast/c++/src/algo/blast/core/na_ungapped.c	c++/src/algo/blast/core/na_ungapped.c	361-381	s_BlastDiagHashRetrieve
LOSAT/src/algorithm/blastn/blast_engine/run.rs	785	insert	ncbi-blast/c++/src/algo/blast/core/na_ungapped.c	c++/src/algo/blast/core/na_ungapped.c	396-449	s_BlastDiagHashInsert
LOSAT/src/algorithm/blastn/blast_engine/run.rs	874	adjust_blastn_offsets	ncbi-blast/c++/src/algo/blast/core/na_ungapped.c	c++/src/algo/blast/core/na_ungapped.c	825-858	s_BlastnDiagHashExtendInitialHit
LOSAT/src/algorithm/blastn/blast_engine/run.rs	892	adjust_blastn_offsets	ncbi-blast/c++/include/algo/blast/core/blast_def.h	c++/include/algo/blast/core/blast_def.h	135-149	<BlastOffsetPair>
LOSAT/src/algorithm/blastn/blast_engine/run.rs	902	adjust_blastn_offsets	ncbi-blast/c++/src/algo/blast/core/na_ungapped.c	c++/src/algo/blast/core/na_ungapped.c	614-621	<file scope>
LOSAT/src/algorithm/blastn/blast_engine/run.rs	916	adjust_blastn_offsets	ncbi-blast/c++/src/algo/blast/core/blast_hits.c	c++/src/algo/blast/core/blast_hits.c	1122-1132	Blast_HSPGetAdjustedOffsets
LOSAT/src/algorithm/blastn/blast_engine/run.rs	953	packed_base_at	ncbi-blast/c++/include/algo/blast/core/blast_util.h	c++/include/algo/blast/core/blast_util.h	51-55	#define NCBI2NA_MASK
LOSAT/src/algorithm/blastn/blast_engine/run.rs	974	packed_kmer_at_seed_mask	ncbi-blast/c++/src/algo/blast/core/na_ungapped.c	c++/src/algo/blast/core/na_ungapped.c	459-487	s_IsSeedMasked
LOSAT/src/algorithm/blastn/blast_engine/run.rs	1055	scan_subject_kmers_range_mb_any	ncbi-blast/c++/src/algo/blast/core/blast_nascan.c	c++/src/algo/blast/core/blast_nascan.c	1482-1623	s_MBScanSubject_Any
LOSAT/src/algorithm/blastn/blast_engine/run.rs	1189	scan_subject_kmers_range_mb_9_1	ncbi-blast/c++/src/algo/blast/core/blast_nascan.c	c++/src/algo/blast/core/blast_nascan.c	1639-1701	s_MBScanSubject_9_1
LOSAT/src/algorithm/blastn/blast_engine/run.rs	1299	scan_subject_kmers_range_mb_9_2	ncbi-blast/c++/src/algo/blast/core/blast_nascan.c	c++/src/algo/blast/core/blast_nascan.c	1715-1755	s_MBScanSubject_9_2
LOSAT/src/algorithm/blastn/blast_engine/run.rs	1390	scan_subject_kmers_range_mb_10_1	ncbi-blast/c++/src/algo/blast/core/blast_nascan.c	c++/src/algo/blast/core/blast_nascan.c	1768-1832	s_MBScanSubject_10_1
LOSAT/src/algorithm/blastn/blast_engine/run.rs	1506	scan_subject_kmers_range_mb_10_2	ncbi-blast/c++/src/algo/blast/core/blast_nascan.c	c++/src/algo/blast/core/blast_nascan.c	1845-1884	s_MBScanSubject_10_2
LOSAT/src/algorithm/blastn/blast_engine/run.rs	1597	scan_subject_kmers_range_mb_10_3	ncbi-blast/c++/src/algo/blast/core/blast_nascan.c	c++/src/algo/blast/core/blast_nascan.c	1898-1964	s_MBScanSubject_10_3
LOSAT/src/algorithm/blastn/blast_engine/run.rs	1769	scan_subject_kmers_range_mb_11_1mod4	ncbi-blast/c++/src/algo/blast/core/blast_nascan.c	c++/src/algo/blast/core/blast_nascan.c	1978-2041	s_MBScanSubject_11_1Mod4
LOSAT/src/algorithm/blastn/blast_engine/run.rs	1902	scan_subject_kmers_range_mb_11_2mod4	ncbi-blast/c++/src/algo/blast/core/blast_nascan.c	c++/src/algo/blast/core/blast_nascan.c	2055-2107	s_MBScanSubject_11_2Mod4
LOSAT/src/algorithm/blastn/blast_engine/run.rs	2002	scan_subject_kmers_range_mb_11_3mod4	ncbi-blast/c++/src/algo/blast/core/blast_nascan.c	c++/src/algo/blast/core/blast_nascan.c	2120-2188	s_MBScanSubject_11_3Mod4
LOSAT/src/algorithm/blastn/blast_engine/run.rs	2174	choose_mb_scan_subject_kind	ncbi-blast/c++/src/algo/blast/core/na_ungapped.c	c++/src/algo/blast/core/na_ungapped.c	1635-1676	BlastNaWordFinder
LOSAT/src/algorithm/blastn/blast_engine/run.rs	2196	choose_mb_scan_subject_kind	ncbi-blast/c++/src/algo/blast/core/blast_nascan.c	c++/src/algo/blast/core/blast_nascan.c	2602-2677	s_MBChooseScanSubject
LOSAT/src/algorithm/blastn/blast_engine/run.rs	2246	select_mb_scan_kind	ncbi-blast/c++/src/algo/blast/core/blast_nascan.c	c++/src/algo/blast/core/blast_nascan.c	2602-2677	s_MBChooseScanSubject
LOSAT/src/algorithm/blastn/blast_engine/run.rs	2264	select_mb_scan_kind	ncbi-blast/c++/src/algo/blast/core/na_ungapped.c	c++/src/algo/blast/core/na_ungapped.c	1651-1667	BlastNaWordFinder
LOSAT/src/algorithm/blastn/blast_engine/run.rs	2275	select_mb_scan_kind	ncbi-blast/c++/src/algo/blast/core/blast_nascan.c	c++/src/algo/blast/core/blast_nascan.c	2994-3006	BlastChooseNucleotideScanSubjectAny
LOSAT/src/algorithm/blastn/blast_engine/run.rs	2301	mask_lookup_index	ncbi-blast/c++/src/algo/blast/core/na_ungapped.c	c++/src/algo/blast/core/na_ungapped.c	56-66	s_MBLookup
LOSAT/src/algorithm/blastn/blast_engine/run.rs	2305	mask_lookup_index	ncbi-blast/c++/src/algo/blast/core/na_ungapped.c	c++/src/algo/blast/core/na_ungapped.c	88-91	s_SmallNaLookup
LOSAT/src/algorithm/blastn/blast_engine/run.rs	2309	mask_lookup_index	ncbi-blast/c++/src/algo/blast/core/na_ungapped.c	c++/src/algo/blast/core/na_ungapped.c	119-123	s_NaLookup
LOSAT/src/algorithm/blastn/blast_engine/run.rs	2337	scan_subject_kmers_range	ncbi-blast/c++/src/algo/blast/core/blast_nascan.c	c++/src/algo/blast/core/blast_nascan.c	165-176	s_BlastNaScanSubject_Any
LOSAT/src/algorithm/blastn/blast_engine/run.rs	2350	scan_subject_kmers_range	ncbi-blast/c++/src/algo/blast/core/blast_nascan.c	c++/src/algo/blast/core/blast_nascan.c	172-209	s_BlastNaScanSubject_Any
LOSAT/src/algorithm/blastn/blast_engine/run.rs	2392	scan_subject_kmers_range	ncbi-blast/c++/src/algo/blast/core/blast_nascan.c	c++/src/algo/blast/core/blast_nascan.c	210-240	s_BlastNaScanSubject_Any
LOSAT/src/algorithm/blastn/blast_engine/run.rs	2425	scan_subject_kmers_range	ncbi-blast/c++/src/algo/blast/core/blast_nascan.c	c++/src/algo/blast/core/blast_nascan.c	245-260	s_BlastNaScanSubject_Any
LOSAT/src/algorithm/blastn/blast_engine/run.rs	2458	determine_scanning_offsets	ncbi-blast/c++/src/algo/blast/core/blast_nascan.c	c++/src/algo/blast/core/blast_nascan.c	1598-1605	s_MBScanSubject_Any
LOSAT/src/algorithm/blastn/blast_engine/run.rs	2477	determine_scanning_offsets	ncbi-blast/c++/src/algo/blast/core/masksubj.inl	c++/src/algo/blast/core/masksubj.inl	43-58	s_DetermineScanningOffsets
LOSAT/src/algorithm/blastn/blast_engine/run.rs	2506	scan_subject_kmers_with_offsets	ncbi-blast/c++/src/algo/blast/core/na_ungapped.c	c++/src/algo/blast/core/na_ungapped.c	1673-1676	BlastNaWordFinder
LOSAT/src/algorithm/blastn/blast_engine/run.rs	2537	scan_subject_kmers_with_ranges	ncbi-blast/c++/src/algo/blast/core/na_ungapped.c	c++/src/algo/blast/core/na_ungapped.c	1647-1674	BlastNaWordFinder
LOSAT/src/algorithm/blastn/blast_engine/run.rs	2573	scan_subject_kmers_with_ranges	ncbi-blast/c++/src/algo/blast/core/na_ungapped.c	c++/src/algo/blast/core/na_ungapped.c	1635-1676	BlastNaWordFinder
LOSAT/src/algorithm/blastn/blast_engine/run.rs	2761	score_compare_ungapped_hits	blast_gapalign.c	c++/src/algo/blast/core/blast_gapalign.c		<no line>
LOSAT/src/algorithm/blastn/blast_engine/run.rs	2765	score_compare_ungapped_hits	ncbi-blast/c++/src/algo/blast/core/blast_gapalign.c	c++/src/algo/blast/core/blast_gapalign.c	3908-3913	BLAST_GetGappedScore
LOSAT/src/algorithm/blastn/blast_engine/run.rs	2776	score_compare_ungapped_hits	ncbi-blast/c++/include/algo/blast/core/blast_def.h	c++/include/algo/blast/core/blast_def.h	135-149	<BlastOffsetPair>
LOSAT/src/algorithm/blastn/blast_engine/run.rs	2793	score_compare_ungapped_hits	ncbi-blast/c++/src/algo/blast/core/blast_extend.c	c++/src/algo/blast/core/blast_extend.c	271-300	score_compare_match
LOSAT/src/algorithm/blastn/blast_engine/run.rs	2824	score_compare_prelim_hits	ncbi-blast/c++/src/algo/blast/core/blast_gapalign.c	c++/src/algo/blast/core/blast_gapalign.c	4012-4031	BLAST_GetGappedScore
LOSAT/src/algorithm/blastn/blast_engine/run.rs	2838	score_compare_prelim_hits	ncbi-blast/c++/src/algo/blast/core/blast_gapalign.c	c++/src/algo/blast/core/blast_gapalign.c	4058-4076	BLAST_GetGappedScore
LOSAT/src/algorithm/blastn/blast_engine/run.rs	2868	score_compare_prelim_hits	ncbi-blast/c++/src/algo/blast/core/blast_hits.c	c++/src/algo/blast/core/blast_hits.c	1330-1353	ScoreCompareHSPs
LOSAT/src/algorithm/blastn/blast_engine/run.rs	2888	query_offset_compare_prelim_hits	mnt/c/Users/genom/GitHub/ncbi-blast/c++/src/algo/blast/core/blast_hits.c	c++/src/algo/blast/core/blast_hits.c	2268-2321	s_QueryOffsetCompareHSPs
LOSAT/src/algorithm/blastn/blast_engine/run.rs	2907	query_end_compare_prelim_hits	mnt/c/Users/genom/GitHub/ncbi-blast/c++/src/algo/blast/core/blast_hits.c	c++/src/algo/blast/core/blast_hits.c	2327-2383	s_QueryEndCompareHSPs
LOSAT/src/algorithm/blastn/blast_engine/run.rs	2931	sort_prelim_hits_by_score	ncbi-blast/c++/src/algo/blast/core/blast_hits.c	c++/src/algo/blast/core/blast_hits.c	1379-1381	Blast_HSPListSortByScore
LOSAT/src/algorithm/blastn/blast_engine/run.rs	2953	purge_prelim_hits_with_common_endpoints	mnt/c/Users/genom/GitHub/ncbi-blast/c++/src/algo/blast/core/blast_engine.c	c++/src/algo/blast/core/blast_engine.c	555	s_BlastSearchEngineOneContext
LOSAT/src/algorithm/blastn/blast_engine/run.rs	2957	purge_prelim_hits_with_common_endpoints	mnt/c/Users/genom/GitHub/ncbi-blast/c++/src/algo/blast/core/blast_hits.c	c++/src/algo/blast/core/blast_hits.c	1374-1382	Blast_HSPListSortByScore
LOSAT/src/algorithm/blastn/blast_engine/run.rs	2969	purge_prelim_hits_with_common_endpoints	mnt/c/Users/genom/GitHub/ncbi-blast/c++/src/algo/blast/core/blast_traceback.c	c++/src/algo/blast/core/blast_traceback.c	358-365	Blast_TracebackFromHSPList
LOSAT/src/algorithm/blastn/blast_engine/run.rs	2986	purge_prelim_hits_with_common_endpoints	mnt/c/Users/genom/GitHub/ncbi-blast/c++/src/algo/blast/core/blast_engine.c	c++/src/algo/blast/core/blast_engine.c	540-557	s_BlastSearchEngineOneContext
LOSAT/src/algorithm/blastn/blast_engine/run.rs	2994	contained_in_hsp	mnt/c/Users/genom/GitHub/ncbi-blast/c++/src/algo/blast/core/blast_hits.c	c++/src/algo/blast/core/blast_hits.c	2455-2535	Blast_HSPListPurgeHSPsWithCommonEndpoints
LOSAT/src/algorithm/blastn/blast_engine/run.rs	3043	contained_in_hsp	ncbi-blast/c++/src/algo/blast/core/blast_hits_priv.h	c++/src/algo/blast/core/blast_hits_priv.h	66-72	#define CONTAINED_IN_HSP
LOSAT/src/algorithm/blastn/blast_engine/run.rs	3053	merge_two_prelim_hits	ncbi-blast/c++/src/algo/blast/core/blast_hits.c	c++/src/algo/blast/core/blast_hits.c	1488-1533	s_BlastMergeTwoHSPs
LOSAT/src/algorithm/blastn/blast_engine/run.rs	3112	prelim_subject_best_hit	ncbi-blast/c++/src/algo/blast/core/blast_engine.c	c++/src/algo/blast/core/blast_engine.c	586-591	s_BlastSearchEngineOneContext
LOSAT/src/algorithm/blastn/blast_engine/run.rs	3140	merge_prelim_hit_lists	ncbi-blast/c++/src/algo/blast/core/blast_hits.c	c++/src/algo/blast/core/blast_hits.c	2857-2862	Blast_HSPListsMerge
LOSAT/src/algorithm/blastn/blast_engine/run.rs	3164	merge_prelim_hit_lists	ncbi-blast/c++/src/algo/blast/core/blast_hits.c	c++/src/algo/blast/core/blast_hits.c	2890-2945	Blast_HSPListsMerge
LOSAT/src/algorithm/blastn/blast_engine/run.rs	3242	merge_prelim_hit_lists	ncbi-blast/c++/src/algo/blast/core/blast_hits.c	c++/src/algo/blast/core/blast_hits.c	2982-2990	Blast_HSPListsMerge
LOSAT/src/algorithm/blastn/blast_engine/run.rs	3253	merge_prelim_hit_lists	ncbi-blast/c++/src/algo/blast/core/blast_hits.c	c++/src/algo/blast/core/blast_hits.c	1465-1477	s_HSPStartDiag
LOSAT/src/algorithm/blastn/blast_engine/run.rs	3269	append_prelim_hit_list	ncbi-blast/c++/src/algo/blast/core/blast_hits.c	c++/src/algo/blast/core/blast_hits.c	2991-2995	Blast_HSPListsMerge
LOSAT/src/algorithm/blastn/blast_engine/run.rs	3285	append_prelim_hit_list	ncbi-blast/c++/src/algo/blast/core/blast_hits.c	c++/src/algo/blast/core/blast_hits.c	3000-3001	Blast_HSPListsMerge
LOSAT/src/algorithm/blastn/blast_engine/run.rs	3305	append_prelim_hit_list	ncbi-blast/c++/src/algo/blast/core/blast_hits.c	c++/src/algo/blast/core/blast_hits.c	2757-2766	s_BlastHSPListsCombineByScore
LOSAT/src/algorithm/blastn/blast_engine/run.rs	3333	evalue_compare_prelim_hits	ncbi-blast/c++/src/algo/blast/core/blast_hits.c	c++/src/algo/blast/core/blast_hits.c	1414-1435	s_EvalueCompareHSPs
LOSAT/src/algorithm/blastn/blast_engine/run.rs	3369	update_best_evalue	ncbi-blast/c++/src/algo/blast/core/blast_hits.c	c++/src/algo/blast/core/blast_hits.c	1740-1748	s_BlastGetBestEvalue
LOSAT/src/algorithm/blastn/blast_engine/run.rs	3395	sort_by_evalue	ncbi-blast/c++/src/algo/blast/core/blast_hits.c	c++/src/algo/blast/core/blast_hits.c	1442-1455	Blast_HSPListSortByEvalue
LOSAT/src/algorithm/blastn/blast_engine/run.rs	3430	collect_prelim_hit_lists	ncbi-blast/c++/src/algo/blast/core/hspfilter_collector.c	c++/src/algo/blast/core/hspfilter_collector.c	116-161	s_BlastHSPCollectorRun
LOSAT/src/algorithm/blastn/blast_engine/run.rs	3495	prelim_hits_by_subject	ncbi-blast/c++/src/algo/blast/core/blast_hspstream.c	c++/src/algo/blast/core/blast_hspstream.c	196-203	BlastHSPStreamClose
LOSAT/src/algorithm/blastn/blast_engine/run.rs	3517	prelim_hits_by_subject	ncbi-blast/c++/src/algo/blast/core/blast_engine.c	c++/src/algo/blast/core/blast_engine.c	488-491	s_BlastSearchEngineOneContext
LOSAT/src/algorithm/blastn/blast_engine/run.rs	3522	prelim_hits_by_subject	ncbi-blast/c++/src/algo/blast/core/blast_extend.c	c++/src/algo/blast/core/blast_extend.c	84-105	s_BlastDiagClear
LOSAT/src/algorithm/blastn/blast_engine/run.rs	3534	prelim_hits_by_subject	ncbi-blast/c++/include/algo/blast/core/blast_hits.h	c++/include/algo/blast/core/blast_hits.h	125-148	<BlastHSP>
LOSAT/src/algorithm/blastn/blast_engine/run.rs	3545	prelim_hits_by_subject	ncbi-blast/c++/src/algo/blast/core/blast_gapalign.c	c++/src/algo/blast/core/blast_gapalign.c	4012-4076	BLAST_GetGappedScore
LOSAT/src/algorithm/blastn/blast_engine/run.rs	3560	prelim_hits_by_subject	ncbi-blast/c++/src/algo/blast/core/blast_gapalign.c	c++/src/algo/blast/core/blast_gapalign.c	356-357	BLAST_GapAlignStructNew
LOSAT/src/algorithm/blastn/blast_engine/run.rs	3569	prelim_hits_by_subject	ncbi-blast/c++/src/algo/blast/core/blast_engine.c	c++/src/algo/blast/core/blast_engine.c	184-198	s_AllocateSeqRange
LOSAT/src/algorithm/blastn/blast_engine/run.rs	3580	prelim_hits_by_subject	ncbi-blast/c++/include/algo/blast/core/blast_extend.h	c++/include/algo/blast/core/blast_extend.h	77-81	<BLAST_DiagTable>
LOSAT/src/algorithm/blastn/blast_engine/run.rs	3590	new	ncbi-blast/c++/include/algo/blast/core/blast_extend.h	c++/include/algo/blast/core/blast_extend.h	97-105	<BLAST_DiagHash>
LOSAT/src/algorithm/blastn/blast_engine/run.rs	3603	new	ncbi-blast/c++/src/algo/blast/core/blast_extend.c	c++/src/algo/blast/core/blast_extend.c	159-176	BlastExtendWordNew
LOSAT/src/algorithm/blastn/blast_engine/run.rs	3613	new	ncbi-blast/c++/src/algo/blast/core/lookup_wrap.c	c++/src/algo/blast/core/lookup_wrap.c	255-288	GetOffsetArraySize
LOSAT/src/algorithm/blastn/blast_engine/run.rs	3634	new	ncbi-blast/c++/src/algo/blast/core/blast_engine.c	c++/src/algo/blast/core/blast_engine.c	488-491	s_BlastSearchEngineOneContext
LOSAT/src/algorithm/blastn/blast_engine/run.rs	3643	new	ncbi-blast/c++/src/algo/blast/core/blast_gapalign.c	c++/src/algo/blast/core/blast_gapalign.c	4012-4076	BLAST_GetGappedScore
LOSAT/src/algorithm/blastn/blast_engine/run.rs	3658	new	ncbi-blast/c++/src/algo/blast/core/blast_gapalign.c	c++/src/algo/blast/core/blast_gapalign.c	356-357	BLAST_GapAlignStructNew
LOSAT/src/algorithm/blastn/blast_engine/run.rs	3667	new	ncbi-blast/c++/src/algo/blast/core/blast_engine.c	c++/src/algo/blast/core/blast_engine.c	184-198	s_AllocateSeqRange
LOSAT/src/algorithm/blastn/blast_engine/run.rs	3682	new	ncbi-blast/c++/src/algo/blast/core/blast_engine.c	c++/src/algo/blast/core/blast_engine.c	991-1041	s_BlastSetUpAuxStructures
LOSAT/src/algorithm/blastn/blast_engine/run.rs	3689	new	ncbi-blast/c++/src/algo/blast/core/lookup_wrap.c	c++/src/algo/blast/core/lookup_wrap.c	255-288	GetOffsetArraySize
LOSAT/src/algorithm/blastn/blast_engine/run.rs	3725	new	ncbi-blast/c++/src/algo/blast/core/blast_query_info.c	c++/src/algo/blast/core/blast_query_info.c	219-238	BSearchContextInfo
LOSAT/src/algorithm/blastn/blast_engine/run.rs	3748	context_for_offset	ncbi-blast/c++/src/algo/blast/core/blast_query_info.c	c++/src/algo/blast/core/blast_query_info.c	219-238	BSearchContextInfo
LOSAT/src/algorithm/blastn/blast_engine/run.rs	3776	context_for_offset	ncbi-blast/c++/src/algo/blast/core/blast_query_info.c	c++/src/algo/blast/core/blast_query_info.c	219-238	BSearchContextInfo
LOSAT/src/algorithm/blastn/blast_engine/run.rs	3791	bsearch_context_info	ncbi-blast/c++/src/algo/blast/core/blast_query_info.c	c++/src/algo/blast/core/blast_query_info.c	219-238	BSearchContextInfo
LOSAT/src/algorithm/blastn/blast_engine/run.rs	3831	build_query_blastna_concat_buffers	ncbi-blast/c++/src/algo/blast/api/blast_setup_cxx.cpp	c++/src/algo/blast/api/blast_setup_cxx.cpp	500-603	SetupQueries_OMF
LOSAT/src/algorithm/blastn/blast_engine/run.rs	3840	build_query_blastna_concat_buffers	ncbi-blast/c++/src/algo/blast/core/blast_encoding.c	c++/src/algo/blast/core/blast_encoding.c	120-121	<file scope>
LOSAT/src/algorithm/blastn/blast_engine/run.rs	3868	compute_lookup_query_stats	ncbi-blast/c++/src/algo/blast/core/lookup_util.c	c++/src/algo/blast/core/lookup_util.c	190-203	EstimateNumTableEntries
LOSAT/src/algorithm/blastn/blast_engine/run.rs	3879	compute_lookup_query_stats	ncbi-blast/c++/src/algo/blast/core/blast_nalookup.c	c++/src/algo/blast/core/blast_nalookup.c	402-406	BlastSmallNaLookupTableNew
LOSAT/src/algorithm/blastn/blast_engine/run.rs	3904	reverse_mask_intervals	ncbi-blast/c++/src/algo/blast/core/blast_filter.c	c++/src/algo/blast/core/blast_filter.c	1081-1115	BLAST_ComplementMaskLocations
LOSAT/src/algorithm/blastn/blast_engine/run.rs	3932	reverse_mask_intervals	ncbi-blast/c++/src/algo/blast/core/lookup_util.c	c++/src/algo/blast/core/lookup_util.c	190-203	EstimateNumTableEntries
LOSAT/src/algorithm/blastn/blast_engine/run.rs	3947	reverse_mask_intervals	ncbi-blast/c++/src/algo/blast/core/blast_filter.c	c++/src/algo/blast/core/blast_filter.c	1173-1178	BlastSeqLocReverse
LOSAT/src/algorithm/blastn/blast_engine/run.rs	3965	build_subject_seq_ranges_from_masks	ncbi-blast/c++/src/algo/blast/unit_tests/api/ntscan_unit_test.cpp	c++/src/algo/blast/unit_tests/api/ntscan_unit_test.cpp	739-776	TestFixture::SkipMaskedRangesCore
LOSAT/src/algorithm/blastn/blast_engine/run.rs	3974	build_subject_seq_ranges_from_masks	ncbi-blast/c++/src/algo/blast/core/na_ungapped.c	c++/src/algo/blast/core/na_ungapped.c	1647-1674	BlastNaWordFinder
LOSAT/src/algorithm/blastn/blast_engine/run.rs	3984	build_subject_seq_ranges_from_masks	ncbi-blast/c++/src/algo/blast/api/blast_setup_cxx.cpp	c++/src/algo/blast/api/blast_setup_cxx.cpp	700-707	s_SeqLoc2MaskedSubjRanges
LOSAT/src/algorithm/blastn/blast_engine/run.rs	3997	build_subject_seq_ranges_from_masks	ncbi-blast/c++/include/objtools/blast/seqdb_reader/seqdb.hpp	c++/include/objtools/blast/seqdb_reader/seqdb.hpp	280-282	TSequenceRanges::operator[]
LOSAT/src/algorithm/blastn/blast_engine/run.rs	4003	build_subject_seq_ranges_from_masks	ncbi-blast/c++/src/algo/blast/api/blast_setup_cxx.cpp	c++/src/algo/blast/api/blast_setup_cxx.cpp	819-826	SetupSubjects_OMF
LOSAT/src/algorithm/blastn/blast_engine/run.rs	4011	build_subject_seq_ranges_from_masks	ncbi-blast/c++/src/algo/blast/core/blast_util.c	c++/src/algo/blast/core/blast_util.c	211-213	BlastSeqBlkSetSeqRanges
LOSAT/src/algorithm/blastn/blast_engine/run.rs	4033	build_subject_seq_ranges_from_masks	ncbi-blast/c++/src/algo/blast/core/blast_hits.c	c++/src/algo/blast/core/blast_hits.c	2049-2067	Blast_TrimHSPListByMaxHsps
LOSAT/src/algorithm/blastn/blast_engine/run.rs	4047	build_subject_seq_ranges_from_masks	ncbi-blast/c++/src/algo/blast/core/blast_traceback.c	c++/src/algo/blast/core/blast_traceback.c	877-892	s_BlastPruneExtraHits
LOSAT/src/algorithm/blastn/blast_engine/run.rs	4059	build_subject_seq_ranges_from_masks	ncbi-blast/c++/include/algo/blast/core/blast_hits.h	c++/include/algo/blast/core/blast_hits.h	153-166	<BlastHSPList>
LOSAT/src/algorithm/blastn/blast_engine/run.rs	4070	build_subject_seq_ranges_from_masks	ncbi-blast/c++/src/algo/blast/core/blast_engine.c	c++/src/algo/blast/core/blast_engine.c	493-555	s_BlastSearchEngineOneContext
LOSAT/src/algorithm/blastn/blast_engine/run.rs	4100	build_subject_seq_ranges_from_masks	ncbi-blast/c++/src/algo/blast/core/blast_traceback.c	c++/src/algo/blast/core/blast_traceback.c	358-613	Blast_TracebackFromHSPList
LOSAT/src/algorithm/blastn/blast_engine/run.rs	4120	new	ncbi-blast/c++/src/algo/blast/core/blast_traceback.c	c++/src/algo/blast/core/blast_traceback.c	633-692	Blast_TracebackFromHSPList
LOSAT/src/algorithm/blastn/blast_engine/run.rs	4139	new	ncbi-blast/c++/src/algo/blast/core/blast_traceback.c	c++/src/algo/blast/core/blast_traceback.c	836-892	s_FilterBlastResults
LOSAT/src/algorithm/blastn/blast_engine/run.rs	4377	update_hitlists_with_subject_hits	ncbi-blast/c++/src/algo/blast/core/hspfilter_collector.c	c++/src/algo/blast/core/hspfilter_collector.c	121-161	s_BlastHSPCollectorRun
LOSAT/src/algorithm/blastn/blast_engine/run.rs	4414	blastn_pairwise_report	ncbi-blast/c++/src/algo/blast/core/blast_engine.c	c++/src/algo/blast/core/blast_engine.c	555	s_BlastSearchEngineOneContext
LOSAT/src/algorithm/blastn/blast_engine/run.rs	4418	blastn_pairwise_report	ncbi-blast/c++/src/algo/blast/core/blast_hits.c	c++/src/algo/blast/core/blast_hits.c	1374-1382	Blast_HSPListSortByScore
LOSAT/src/algorithm/blastn/blast_engine/run.rs	4486	post_process_hits_and_write	ncbi-blast/c++/src/algo/blast/api/blast_results.cpp	c++/src/algo/blast/api/blast_results.cpp	82-104	CBlastAncillaryData::CBlastAncillaryData
LOSAT/src/algorithm/blastn/blast_engine/run.rs	4500	post_process_hits_and_write	ncbi-blast/c++/src/algo/blast/blastinput/blast_args.cpp	c++/src/algo/blast/blastinput/blast_args.cpp	2910-2928	CFormattingArgs::ExtractAlgorithmOptions
LOSAT/src/algorithm/blastn/blast_engine/run.rs	4548	post_process_hits_and_write	ncbi-blast/c++/include/algo/blast/core/blast_hits.h	c++/include/algo/blast/core/blast_hits.h	183-187	<BlastHSPResults>
LOSAT/src/algorithm/blastn/blast_engine/run.rs	4573	post_process_hits_and_write	ncbi-blast/c++/src/algo/blast/core/blast_traceback.c	c++/src/algo/blast/core/blast_traceback.c	836-867	s_FilterBlastResults
LOSAT/src/algorithm/blastn/blast_engine/run.rs	4602	post_process_hits_and_write	ncbi-blast/c++/src/algo/blast/core/blast_hits.c	c++/src/algo/blast/core/blast_hits.c	3383-3400	Blast_HSPResultsSortByEvalue
LOSAT/src/algorithm/blastn/blast_engine/run.rs	4617	post_process_hits_and_write	ncbi-blast/c++/src/algo/blast/core/blast_traceback.c	c++/src/algo/blast/core/blast_traceback.c	877-892	s_BlastPruneExtraHits
LOSAT/src/algorithm/blastn/blast_engine/run.rs	4630	post_process_hits_and_write	ncbi-blast/c++/src/algo/blast/api/blast_seqalign.cpp	c++/src/algo/blast/api/blast_seqalign.cpp	1571-1577	BlastHitList2SeqAlign_OMF
LOSAT/src/algorithm/blastn/blast_engine/run.rs	4642	post_process_hits_and_write	ncbi-blast/c++/src/algo/blast/api/blast_seqalign.cpp	c++/src/algo/blast/api/blast_seqalign.cpp	672-674	s_BlastHSP2SeqAlign
LOSAT/src/algorithm/blastn/blast_engine/run.rs	4648	post_process_hits_and_write	ncbi-blast/c++/src/algo/blast/api/blast_seqalign.cpp	c++/src/algo/blast/api/blast_seqalign.cpp	1485-1490	BLASTHspListToSeqAlign
LOSAT/src/algorithm/blastn/blast_engine/run.rs	4680	post_process_hits_and_write	ncbi-blast/c++/src/algo/blast/core/blast_traceback.c	c++/src/algo/blast/core/blast_traceback.c	877-892	s_BlastPruneExtraHits
LOSAT/src/algorithm/blastn/blast_engine/run.rs	4708	post_process_hits_and_write	ncbi-blast/c++/src/algo/blast/core/blast_hits.c	c++/src/algo/blast/core/blast_hits.c	3077-3106	s_EvalueCompareHSPLists
LOSAT/src/algorithm/blastn/blast_engine/run.rs	4712	post_process_hits_and_write	ncbi-blast/c++/src/app/blast/blast_formatter.cpp	c++/src/app/blast/blast_formatter.cpp	429-467	CBlastFormatterApp::PrintFormattedOutput
LOSAT/src/algorithm/blastn/blast_engine/run.rs	4749	post_process_hits_and_write	ncbi-blast/c++/src/algo/blast/format/blast_format.cpp	c++/src/algo/blast/format/blast_format.cpp	1411	CBlastFormat::PrintOneResultSet
LOSAT/src/algorithm/blastn/blast_engine/run.rs	4776	post_process_hits_and_write	ncbi-blast/c++/src/algo/blast/format/blast_format.cpp	c++/src/algo/blast/format/blast_format.cpp	68-93	CBlastFormat::CBlastFormat
LOSAT/src/algorithm/blastn/blast_engine/run.rs	4817	fasta_records_from_bytes	ncbi-blast/c++/src/algo/blast/format/blast_format.cpp	c++/src/algo/blast/format/blast_format.cpp	1450-1452	CBlastFormat::PrintOneResultSet
LOSAT/src/algorithm/blastn/blast_engine/run.rs	4837	fasta_records_from_bytes	ncbi-blast/c++/src/algo/blast/format/blast_format.cpp	c++/src/algo/blast/format/blast_format.cpp	770-782	CBlastFormat::x_PrintTabularReport
LOSAT/src/algorithm/blastn/blast_engine/run.rs	4872	read_blastn_fasta_records	ncbi-blast/c++/src/algo/blast/api/blast_setup_cxx.cpp	c++/src/algo/blast/api/blast_setup_cxx.cpp	486-651	SetupQueries_OMF
LOSAT/src/algorithm/blastn/blast_engine/run.rs	4883	read_blastn_fasta_records	c++/src/objtools/readers/fasta.cpp	c++/src/objtools/readers/fasta.cpp	428-431	CFastaReader::ReadOneSeq
LOSAT/src/algorithm/blastn/blast_engine/run.rs	4889	read_blastn_fasta_records	mnt/c/Users/genom/GitHub/ncbi-blast/c++/src/algo/blast/blastinput/blast_input_aux.cpp	c++/src/algo/blast/blastinput/blast_input_aux.cpp	242-246	ReadSequencesToBlast
LOSAT/src/algorithm/blastn/blast_engine/run.rs	4897	read_blastn_fasta_records	mnt/c/Users/genom/GitHub/ncbi-blast/c++/src/objtools/readers/fasta.cpp	c++/src/objtools/readers/fasta.cpp	428-431	CFastaReader::ReadOneSeq
LOSAT/src/algorithm/blastn/blast_engine/run.rs	4916	open_blastn_input	ncbi-blast/c++/src/corelib/ncbiargs.cpp	c++/src/corelib/ncbiargs.cpp	717-735	CArg_InputFile::x_Open
LOSAT/src/algorithm/blastn/blast_engine/run.rs	5050	run_web_pair	ncbi-blast/c++/src/algo/blast/api/blast_setup_cxx.cpp	c++/src/algo/blast/api/blast_setup_cxx.cpp	836-847	SetupSubjects_OMF
LOSAT/src/algorithm/blastn/blast_engine/run.rs	5062	run	ncbi-blast/c++/include/algo/blast/api/local_blast.hpp	c++/include/algo/blast/api/local_blast.hpp	76-78	<NCBI_XBLAST_EXPORT>
LOSAT/src/algorithm/blastn/blast_engine/run.rs	5112	run	ncbi-blast/c++/src/app/blast/blastn_app.cpp	c++/src/app/blast/blastn_app.cpp	128-133	CBlastnApp::Run
LOSAT/src/algorithm/blastn/blast_engine/run.rs	5121	run	ncbi-blast/c++/src/algo/blast/blastinput/blast_args.cpp	c++/src/algo/blast/blastinput/blast_args.cpp	3624-3627	CBlastAppArgs::SetOptions
LOSAT/src/algorithm/blastn/blast_engine/run.rs	5133	run	ncbi-blast/c++/src/algo/blast/blastinput/blast_args.cpp	c++/src/algo/blast/blastinput/blast_args.cpp	3631-3636	CBlastAppArgs::SetOptions
LOSAT/src/algorithm/blastn/blast_engine/run.rs	5142	run	ncbi-blast/c++/src/algo/blast/blastinput/blastn_args.cpp	c++/src/algo/blast/blastinput/blastn_args.cpp	63-70	CBlastnAppArgs::CBlastnAppArgs
LOSAT/src/algorithm/blastn/blast_engine/run.rs	5153	run	ncbi-blast/c++/src/algo/blast/blastinput/blast_args.cpp	c++/src/algo/blast/blastinput/blast_args.cpp	2553-2557	CBlastDatabaseArgs::ExtractAlgorithmOptions
LOSAT/src/algorithm/blastn/blast_engine/run.rs	5176	search_cli	ncbi-blast/c++/src/algo/blast/blastinput/blast_args.cpp	c++/src/algo/blast/blastinput/blast_args.cpp	3456-3481	CStdCmdLineArgs::ExtractAlgorithmOptions
LOSAT/src/algorithm/blastn/blast_engine/run.rs	5190	search_cli	ncbi-blast/c++/src/corelib/ncbiargs.cpp	c++/src/corelib/ncbiargs.cpp	777-781	CArg_OutputFile::x_Open
LOSAT/src/algorithm/blastn/blast_engine/run.rs	5245	search_cli	ncbi-blast/c++/src/app/blast/blastn_app.cpp	c++/src/app/blast/blastn_app.cpp	209-212	CBlastnApp::x_RunMTBySplitDB
LOSAT/src/algorithm/blastn/blast_engine/run.rs	5252	check_subjects_not_empty	ncbi-blast/c++/src/app/blast/blast_app_util.cpp	c++/src/app/blast/blast_app_util.cpp	856-860	IsIStreamEmpty
LOSAT/src/algorithm/blastn/blast_engine/run.rs	5281	check_subjects_not_empty	mnt/c/Users/genom/GitHub/ncbi-blast/c++/src/algo/blast/blastinput/blast_input_aux.cpp	c++/src/algo/blast/blastinput/blast_input_aux.cpp	242-246	ReadSequencesToBlast
LOSAT/src/algorithm/blastn/blast_engine/run.rs	5292	check_subjects_not_empty	ncbi-blast/c++/src/algo/blast/api/objmgr_query_data.cpp	c++/src/algo/blast/api/objmgr_query_data.cpp	375-380	CObjMgr_QueryFactory::CObjMgr_QueryFactory
LOSAT/src/algorithm/blastn/blast_engine/run.rs	5301	check_subjects_not_empty	ncbi-blast/c++/src/app/blast/blast_app_util.hpp	c++/src/app/blast/blast_app_util.hpp	225-227	#define CATCH_ALL
LOSAT/src/algorithm/blastn/blast_engine/run.rs	5332	process_options	ncbi-blast/c++/src/algo/blast/blastinput/blast_args.cpp	c++/src/algo/blast/blastinput/blast_args.cpp	2975-2977	CFormattingArgs::ExtractAlgorithmOptions
LOSAT/src/algorithm/blastn/blast_engine/run.rs	5338	process_options	ncbi-blast/c++/src/algo/blast/blastinput/blast_args.cpp	c++/src/algo/blast/blastinput/blast_args.cpp	3636	CBlastAppArgs::SetOptions
LOSAT/src/algorithm/blastn/blast_engine/run.rs	5355	run_local	ncbi-blast/c++/src/app/blast/blast_formatter.cpp	c++/src/app/blast/blast_formatter.cpp	429-467	CBlastFormatterApp::PrintFormattedOutput
LOSAT/src/algorithm/blastn/blast_engine/run.rs	5448	search	ncbi-blast/c++/src/algo/blast/blastinput/blast_input_aux.cpp	c++/src/algo/blast/blastinput/blast_input_aux.cpp	86-91	GetQueryBatchSize
LOSAT/src/algorithm/blastn/blast_engine/run.rs	5454	search	ncbi-blast/c++/src/algo/blast/api/local_blast.cpp	c++/src/algo/blast/api/local_blast.cpp	59-62	<file scope>
LOSAT/src/algorithm/blastn/blast_engine/run.rs	5477	search	ncbi-blast/c++/src/algo/blast/format/blast_format.cpp	c++/src/algo/blast/format/blast_format.cpp	129-138	CBlastFormat::CBlastFormat
LOSAT/src/algorithm/blastn/blast_engine/run.rs	5499	search	c++/src/algo/blast/api/prelim_stage.cpp	c++/src/algo/blast/api/prelim_stage.cpp	145-188	CBlastPrelimSearch::x_LaunchMultiThreadedSearch
LOSAT/src/algorithm/blastn/blast_engine/run.rs	5514	search	c++/src/algo/blast/api/prelim_stage.cpp	c++/src/algo/blast/api/prelim_stage.cpp	145-188	CBlastPrelimSearch::x_LaunchMultiThreadedSearch
LOSAT/src/algorithm/blastn/blast_engine/run.rs	5520	search	ncbi-blast/c++/src/algo/blast/api/blast_setup_cxx.cpp	c++/src/algo/blast/api/blast_setup_cxx.cpp	836-847	SetupSubjects_OMF
LOSAT/src/algorithm/blastn/blast_engine/run.rs	5572	run_in_pool	ncbi-blast/c++/src/app/blast/blastn_app.cpp	c++/src/app/blast/blastn_app.cpp	261-300	CBlastnApp::x_RunMTBySplitDB
LOSAT/src/algorithm/blastn/blast_engine/run.rs	5748	search_query_batch	ncbi-blast/c++/include/algo/blast/blastinput/blast_args.hpp	c++/include/algo/blast/blastinput/blast_args.hpp	1290-1296	NCBI_BLASTINPUT_EXPORT::CMTArgs
LOSAT/src/algorithm/blastn/blast_engine/run.rs	5758	search_query_batch	ncbi-blast/c++/src/algo/blast/blastinput/blast_args.cpp	c++/src/algo/blast/blastinput/blast_args.cpp	3205-3222	CMTArgs::x_ExtractAlgorithmOptions
LOSAT/src/algorithm/blastn/blast_engine/run.rs	5769	search_query_batch	c++/src/algo/blast/api/prelim_stage.cpp	c++/src/algo/blast/api/prelim_stage.cpp	145-188	CBlastPrelimSearch::x_LaunchMultiThreadedSearch
LOSAT/src/algorithm/blastn/blast_engine/run.rs	5774	search_query_batch	ncbi-blast/c++/src/algo/blast/core/blast_engine.c	c++/src/algo/blast/core/blast_engine.c	493-555	s_BlastSearchEngineOneContext
LOSAT/src/algorithm/blastn/blast_engine/run.rs	5807	search_query_batch	ncbi-blast/c++/src/algo/blast/core/blast_engine.c	c++/src/algo/blast/core/blast_engine.c	478-536	s_BlastSearchEngineOneContext
LOSAT/src/algorithm/blastn/blast_engine/run.rs	5822	search_query_batch	ncbi-blast/c++/src/algo/blast/api/prelim_stage.cpp	c++/src/algo/blast/api/prelim_stage.cpp	82-88	CBlastPrelimSearch::CBlastPrelimSearch
LOSAT/src/algorithm/blastn/blast_engine/run.rs	5842	search_query_batch	ncbi-blast/c++/src/algo/blast/core/blast_traceback.c	c++/src/algo/blast/core/blast_traceback.c	509-513	Blast_TracebackFromHSPList
LOSAT/src/algorithm/blastn/blast_engine/run.rs	5854	search_query_batch	ncbi-blast/c++/src/algo/blast/api/blast_setup_cxx.cpp	c++/src/algo/blast/api/blast_setup_cxx.cpp	486-651	SetupQueries_OMF
LOSAT/src/algorithm/blastn/blast_engine/run.rs	5875	search_query_batch	ncbi-blast/c++/src/algo/blast/core/blast_nalookup.c	c++/src/algo/blast/core/blast_nalookup.c	1312-1325	BlastMBLookupTableNew
LOSAT/src/algorithm/blastn/blast_engine/run.rs	5883	search_query_batch	ncbi-blast/c++/src/algo/blast/api/blast_setup_cxx.cpp	c++/src/algo/blast/api/blast_setup_cxx.cpp	836-847	SetupSubjects_OMF
LOSAT/src/algorithm/blastn/blast_engine/run.rs	5896	search_query_batch	ncbi-blast/c++/src/algo/blast/core/blast_engine.c	c++/src/algo/blast/core/blast_engine.c	1401-1427	BLAST_PreliminarySearchEngine
LOSAT/src/algorithm/blastn/blast_engine/run.rs	5912	search_query_batch	ncbi-blast/c++/src/algo/blast/core/blast_engine.c	c++/src/algo/blast/core/blast_engine.c	1409-1475	BLAST_PreliminarySearchEngine
LOSAT/src/algorithm/blastn/blast_engine/run.rs	5920	search_query_batch	ncbi-blast/c++/src/algo/blast/core/blast_engine.c	c++/src/algo/blast/core/blast_engine.c	478-500	s_BlastSearchEngineOneContext
LOSAT/src/algorithm/blastn/blast_engine/run.rs	5930	search_query_batch	c++/src/algo/blast/api/prelim_stage.cpp	c++/src/algo/blast/api/prelim_stage.cpp	145-188	CBlastPrelimSearch::x_LaunchMultiThreadedSearch
LOSAT/src/algorithm/blastn/blast_engine/run.rs	5941	search_query_batch	ncbi-blast/c++/src/algo/blast/api/blast_setup_cxx.cpp	c++/src/algo/blast/api/blast_setup_cxx.cpp	836-847	SetupSubjects_OMF
LOSAT/src/algorithm/blastn/blast_engine/run.rs	5959	search_query_batch	ncbi-blast/c++/src/algo/blast/core/blast_engine.c	c++/src/algo/blast/core/blast_engine.c	1401-1405	BLAST_PreliminarySearchEngine
LOSAT/src/algorithm/blastn/blast_engine/run.rs	5971	search_query_batch	ncbi-blast/c++/src/objtools/align_format/tabular.cpp	c++/src/objtools/align_format/tabular.cpp	1264-1284	CBlastTabularInfo::PrintHeader
LOSAT/src/algorithm/blastn/blast_engine/run.rs	5988	search_query_batch	ncbi-blast/c++/src/algo/blast/core/blast_hits.c	c++/src/algo/blast/core/blast_hits.c	2589-2593	Blast_HSPListSubjectBestHit
LOSAT/src/algorithm/blastn/blast_engine/run.rs	6003	search_query_batch	ncbi-blast/c++/include/algo/blast/core/blast_hits.h	c++/include/algo/blast/core/blast_hits.h	153-166	<BlastHSPList>
LOSAT/src/algorithm/blastn/blast_engine/run.rs	6029	search_query_batch	ncbi-blast/c++/src/algo/blast/core/blast_util.c	c++/src/algo/blast/core/blast_util.c	839-847	BLAST_ContextToFrame
LOSAT/src/algorithm/blastn/blast_engine/run.rs	6034	search_query_batch	ncbi-blast/c++/src/algo/blast/unit_tests/api/ntscan_unit_test.cpp	c++/src/algo/blast/unit_tests/api/ntscan_unit_test.cpp	166-174	TestFixture::SetUpQuery
LOSAT/src/algorithm/blastn/blast_engine/run.rs	6042	search_query_batch	ncbi-blast/c++/src/algo/blast/unit_tests/api/ntscan_unit_test.cpp	c++/src/algo/blast/unit_tests/api/ntscan_unit_test.cpp	166-174	TestFixture::SetUpQuery
LOSAT/src/algorithm/blastn/blast_engine/run.rs	6075	search_query_batch	ncbi-blast/c++/src/algo/blast/api/blast_setup_cxx.cpp	c++/src/algo/blast/api/blast_setup_cxx.cpp	65-77	<file scope>
LOSAT/src/algorithm/blastn/blast_engine/run.rs	6082	search_query_batch	ncbi-blast/c++/src/algo/blast/core/blast_query_info.c	c++/src/algo/blast/core/blast_query_info.c	246-249	QueryInfo_GetSeqBufLen
LOSAT/src/algorithm/blastn/blast_engine/run.rs	6093	search_query_batch	ncbi-blast/c++/src/algo/blast/unit_tests/api/ntscan_unit_test.cpp	c++/src/algo/blast/unit_tests/api/ntscan_unit_test.cpp	166-174	TestFixture::SetUpQuery
LOSAT/src/algorithm/blastn/blast_engine/run.rs	6102	search_query_batch	ncbi-blast/c++/src/algo/blast/api/blast_setup_cxx.cpp	c++/src/algo/blast/api/blast_setup_cxx.cpp	498-604	SetupQueries_OMF
LOSAT/src/algorithm/blastn/blast_engine/run.rs	6115	search_query_batch	ncbi-blast/c++/src/algo/blast/core/blast_setup.c	c++/src/algo/blast/core/blast_setup.c	609-619	BLAST_MainSetUp
LOSAT/src/algorithm/blastn/blast_engine/run.rs	6127	search_query_batch	ncbi-blast/c++/src/algo/blast/api/blast_setup_cxx.cpp	c++/src/algo/blast/api/blast_setup_cxx.cpp	500-603	SetupQueries_OMF
LOSAT/src/algorithm/blastn/blast_engine/run.rs	6141	search_query_batch	c++/src/algo/blast/core/na_ungapped.c	c++/src/algo/blast/core/na_ungapped.c	294	s_NuclUngappedExtend
LOSAT/src/algorithm/blastn/blast_engine/run.rs	6154	search_query_batch	ncbi-blast/c++/src/algo/blast/core/blast_nalookup.c	c++/src/algo/blast/core/blast_nalookup.c	46-47	BlastChooseNaLookupTable
LOSAT/src/algorithm/blastn/blast_engine/run.rs	6194	search_query_batch	ncbi-blast/c++/src/algo/blast/core/blast_nalookup.c	c++/src/algo/blast/core/blast_nalookup.c	237-240	s_BlastSmallNaLookupFinalize
LOSAT/src/algorithm/blastn/blast_engine/run.rs	6201	search_query_batch	ncbi-blast/c++/src/algo/blast/core/na_ungapped.c	c++/src/algo/blast/core/na_ungapped.c	1806-1819	BlastChooseNaExtend
LOSAT/src/algorithm/blastn/blast_engine/run.rs	6225	search_query_batch	ncbi-blast/c++/src/algo/blast/core/blast_engine.c	c++/src/algo/blast/core/blast_engine.c	1002-1003	s_BlastSetUpAuxStructures
LOSAT/src/algorithm/blastn/blast_engine/run.rs	6230	search_query_batch	ncbi-blast/c++/src/algo/blast/core/blast_extend.c	c++/src/algo/blast/core/blast_extend.c	52-61	s_BlastDiagTableNew
LOSAT/src/algorithm/blastn/blast_engine/run.rs	6255	search_query_batch	ncbi-blast/c++/src/algo/blast/core/blast_stat.c	c++/src/algo/blast/core/blast_stat.c	2758-2792	Blast_ScoreBlkKbpUngappedCalc
LOSAT/src/algorithm/blastn/blast_engine/run.rs	6277	search_query_batch	ncbi-blast/c++/src/algo/blast/api/setup_factory.cpp	c++/src/algo/blast/api/setup_factory.cpp	170-172	CSetupFactory::CreateScoreBlock
LOSAT/src/algorithm/blastn/blast_engine/run.rs	6283	search_query_batch	ncbi-blast/c++/src/algo/blast/core/blast_stat.c	c++/src/algo/blast/core/blast_stat.c	2784-2791	Blast_ScoreBlkKbpUngappedCalc
LOSAT/src/algorithm/blastn/blast_engine/run.rs	6324	search_query_batch	ncbi-blast/c++/src/algo/blast/core/blast_parameters.c	c++/src/algo/blast/core/blast_parameters.c	324-332	BlastInitialWordParametersUpdate
LOSAT/src/algorithm/blastn/blast_engine/run.rs	6362	search_query_batch	ncbi-blast/c++/src/algo/blast/core/blast_setup.c	c++/src/algo/blast/core/blast_setup.c	821-846	BLAST_CalcEffLengths
LOSAT/src/algorithm/blastn/blast_engine/run.rs	6372	search_query_batch	ncbi-blast/c++/src/algo/blast/core/blast_setup.c	c++/src/algo/blast/core/blast_setup.c	778-786	BLAST_CalcEffLengths
LOSAT/src/algorithm/blastn/blast_engine/run.rs	6386	search_query_batch	ncbi-blast/c++/src/algo/blast/api/split_query_aux_priv.cpp	c++/src/algo/blast/api/split_query_aux_priv.cpp	177-182	SplitQuery_SetEffectiveSearchSpace
LOSAT/src/algorithm/blastn/blast_engine/run.rs	6395	search_query_batch	ncbi-blast/c++/src/algo/blast/core/blast_setup.c	c++/src/algo/blast/core/blast_setup.c	690-693	s_GetEffectiveSearchSpaceForContext
LOSAT/src/algorithm/blastn/blast_engine/run.rs	6402	search_query_batch	ncbi-blast/c++/src/algo/blast/core/blast_setup.c	c++/src/algo/blast/core/blast_setup.c	826-846	BLAST_CalcEffLengths
LOSAT/src/algorithm/blastn/blast_engine/run.rs	6446	search_query_batch	ncbi-blast/c++/src/algo/blast/api/prelim_stage.cpp	c++/src/algo/blast/api/prelim_stage.cpp	232-236	CBlastPrelimSearch::Run
LOSAT/src/algorithm/blastn/blast_engine/run.rs	6471	search_query_batch	ncbi-blast/c++/src/algo/blast/core/blast_nalookup.c	c++/src/algo/blast/core/blast_nalookup.c	1270-1306	BlastMBLookupTableNew
LOSAT/src/algorithm/blastn/blast_engine/run.rs	6476	search_query_batch	ncbi-blast/c++/src/algo/blast/core/blast_nalookup.c	c++/src/algo/blast/core/blast_nalookup.c	1312-1325	BlastMBLookupTableNew
LOSAT/src/algorithm/blastn/blast_engine/run.rs	6486	search_query_batch	ncbi-blast/c++/src/algo/blast/api/blast_aux_priv.cpp	c++/src/algo/blast/api/blast_aux_priv.cpp	206-207	BlastSetupPreliminarySearchEx
LOSAT/src/algorithm/blastn/blast_engine/run.rs	6513	search_query_batch	ncbi-blast/c++/src/algo/blast/core/blast_engine.c	c++/src/algo/blast/core/blast_engine.c	991-1041	s_BlastSetUpAuxStructures
LOSAT/src/algorithm/blastn/blast_engine/run.rs	6520	search_query_batch	ncbi-blast/c++/src/algo/blast/core/lookup_wrap.c	c++/src/algo/blast/core/lookup_wrap.c	255-288	GetOffsetArraySize
LOSAT/src/algorithm/blastn/blast_engine/run.rs	6547	search_query_batch	blast_traceback.c	c++/src/algo/blast/core/blast_traceback.c	654	Blast_TracebackFromHSPList
LOSAT/src/algorithm/blastn/blast_engine/run.rs	6554	search_query_batch	ncbi-blast/c++/src/algo/blast/core/blast_engine.c	c++/src/algo/blast/core/blast_engine.c	478-501	s_BlastSearchEngineOneContext
LOSAT/src/algorithm/blastn/blast_engine/run.rs	6569	search_query_batch	ncbi-blast/c++/src/algo/blast/core/blast_engine.c	c++/src/algo/blast/core/blast_engine.c	1407-1409	BLAST_PreliminarySearchEngine
LOSAT/src/algorithm/blastn/blast_engine/run.rs	6587	search_query_batch	ncbi-blast/c++/src/algo/blast/blastinput/blast_args.cpp	c++/src/algo/blast/blastinput/blast_args.cpp	2960-2968	CFormattingArgs::ExtractAlgorithmOptions
LOSAT/src/algorithm/blastn/blast_engine/run.rs	6603	search_query_batch	ncbi-blast/c++/src/algo/blast/core/blast_hits.c	c++/src/algo/blast/core/blast_hits.c	43-70	GetPrelimHitlistSize
LOSAT/src/algorithm/blastn/blast_engine/run.rs	6625	search_query_batch	ncbi-blast/c++/src/algo/blast/core/blast_traceback.c	c++/src/algo/blast/core/blast_traceback.c	350-692	Blast_TracebackFromHSPList
LOSAT/src/algorithm/blastn/blast_engine/run.rs	6634	search_query_batch	ncbi-blast/c++/src/algo/blast/blastinput/blast_args.cpp	c++/src/algo/blast/blastinput/blast_args.cpp	3267-3282	CDebugArgs::SetArgumentDescriptions
LOSAT/src/algorithm/blastn/blast_engine/run.rs	6680	search_query_batch	ncbi-blast/c++/include/algo/blast/core/blast_nalookup.h	c++/include/algo/blast/core/blast_nalookup.h	131-156	<BlastNaLookupTable>
LOSAT/src/algorithm/blastn/blast_engine/run.rs	6692	search_query_batch	ncbi-blast/c++/include/algo/blast/core/blast_hits.h	c++/include/algo/blast/core/blast_hits.h	153-166	<BlastHSPList>
LOSAT/src/algorithm/blastn/blast_engine/run.rs	6704	search_query_batch	ncbi-blast/c++/src/algo/blast/blastinput/blast_args.cpp	c++/src/algo/blast/blastinput/blast_args.cpp	2547-2556	CBlastDatabaseArgs::ExtractAlgorithmOptions
LOSAT/src/algorithm/blastn/blast_engine/run.rs	6724	search_query_batch	ncbi-blast/c++/src/algo/blast/core/blast_parameters.c	c++/src/algo/blast/core/blast_parameters.c	455-463	BlastExtensionParametersNew
LOSAT/src/algorithm/blastn/blast_engine/run.rs	6741	search_query_batch	ncbi-blast/c++/src/algo/blast/core/blast_hits.c	c++/src/algo/blast/core/blast_hits.c	993-1001	s_HSPTest
LOSAT/src/algorithm/blastn/blast_engine/run.rs	6750	search_query_batch	ncbi-blast/c++/src/algo/blast/core/blast_stat.c	c++/src/algo/blast/core/blast_stat.c	1052-1127	BlastScoreBlkNuclMatrixCreate
LOSAT/src/algorithm/blastn/blast_engine/run.rs	6753	search_query_batch	ncbi-blast/c++/src/algo/blast/core/blast_parameters.c	c++/src/algo/blast/core/blast_parameters.c	236-259	BlastInitialWordParametersNew
LOSAT/src/algorithm/blastn/blast_engine/run.rs	6766	search_query_batch	ncbi-blast/c++/src/algo/blast/core/blast_parameters.c	c++/src/algo/blast/core/blast_parameters.c	218-221	BlastInitialWordParametersNew
LOSAT/src/algorithm/blastn/blast_engine/run.rs	6772	search_query_batch	c++/src/algo/blast/api/blast_options_local_priv.cpp	c++/src/algo/blast/api/blast_options_local_priv.cpp	49-54	<file scope>
LOSAT/src/algorithm/blastn/blast_engine/run.rs	6774	search_query_batch	c++/src/algo/blast/api/blast_nucl_options.cpp	c++/src/algo/blast/api/blast_nucl_options.cpp	163-174	CBlastNucleotideOptionsHandle::SetInitialWordOptionsDefaults
LOSAT/src/algorithm/blastn/blast_engine/run.rs	6777	search_query_batch	c++/src/algo/blast/api/disc_nucl_options.cpp	c++/src/algo/blast/api/disc_nucl_options.cpp	66-73	CDiscNucleotideOptionsHandle::SetMBInitialWordOptionsDefaults
LOSAT/src/algorithm/blastn/blast_engine/run.rs	6795	search_query_batch	ncbi-blast/c++/src/algo/blast/core/blast_engine.c	c++/src/algo/blast/core/blast_engine.c	478-536	s_BlastSearchEngineOneContext
LOSAT/src/algorithm/blastn/blast_engine/run.rs	6810	search_query_batch	ncbi-blast/c++/src/algo/blast/api/local_blast.cpp	c++/src/algo/blast/api/local_blast.cpp	301-310	CLocalBlast::GetNumExtensions
LOSAT/src/algorithm/blastn/blast_engine/run.rs	6834	search_query_batch	ncbi-blast/c++/src/algo/blast/api/local_blast.cpp	c++/src/algo/blast/api/local_blast.cpp	177-180	CLocalBlast::Run
LOSAT/src/algorithm/blastn/blast_engine/run.rs	6850	search_query_batch	ncbi-blast/c++/src/algo/blast/core/blast_engine.c	c++/src/algo/blast/core/blast_engine.c	493-526	s_BlastSearchEngineOneContext
LOSAT/src/algorithm/blastn/blast_engine/run.rs	6869	search_query_batch	ncbi-blast/c++/src/algo/blast/core/blast_engine.c	c++/src/algo/blast/core/blast_engine.c	488-491	s_BlastSearchEngineOneContext
LOSAT/src/algorithm/blastn/blast_engine/run.rs	6876	search_query_batch	ncbi-blast/c++/include/algo/blast/core/blast_hits.h	c++/include/algo/blast/core/blast_hits.h	153-166	<BlastHSPList>
LOSAT/src/algorithm/blastn/blast_engine/run.rs	6891	search_query_batch	ncbi-blast/c++/src/algo/blast/core/na_ungapped.c	c++/src/algo/blast/core/na_ungapped.c	1647-1662	BlastNaWordFinder
LOSAT/src/algorithm/blastn/blast_engine/run.rs	6901	search_query_batch	ncbi-blast/c++/src/objtools/readers/fasta.cpp	c++/src/objtools/readers/fasta.cpp	856-874	CFastaReader::ParseDataLine
LOSAT/src/algorithm/blastn/blast_engine/run.rs	6909	search_query_batch	ncbi-blast/c++/src/objtools/readers/fasta.cpp	c++/src/objtools/readers/fasta.cpp	1079-1089	CFastaReader::x_OpenMask
LOSAT/src/algorithm/blastn/blast_engine/run.rs	6920	search_query_batch	ncbi-blast/c++/src/algo/blast/api/blast_setup_cxx.cpp	c++/src/algo/blast/api/blast_setup_cxx.cpp	812-826	SetupSubjects_OMF
LOSAT/src/algorithm/blastn/blast_engine/run.rs	6943	search_query_batch	ncbi-blast/c++/src/algo/blast/api/blast_setup_cxx.cpp	c++/src/algo/blast/api/blast_setup_cxx.cpp	836-847	SetupSubjects_OMF
LOSAT/src/algorithm/blastn/blast_engine/run.rs	6962	search_query_batch	ncbi-blast/c++/src/algo/blast/api/blast_setup_cxx.cpp	c++/src/algo/blast/api/blast_setup_cxx.cpp	836-847	SetupSubjects_OMF
LOSAT/src/algorithm/blastn/blast_engine/run.rs	6992	search_query_batch	ncbi-blast/c++/src/algo/blast/core/blast_parameters.c	c++/src/algo/blast/core/blast_parameters.c	336-377	BlastInitialWordParametersUpdate
LOSAT/src/algorithm/blastn/blast_engine/run.rs	7015	search_query_batch	c++/src/app/blast/blast_app_util.cpp	c++/src/app/blast/blast_app_util.cpp	206-211	InitializeSubject
LOSAT/src/algorithm/blastn/blast_engine/run.rs	7031	search_query_batch	c++/src/algo/blast/core/blast_parameters.c	c++/src/algo/blast/core/blast_parameters.c	925-946	BlastHitSavingParametersUpdate
LOSAT/src/algorithm/blastn/blast_engine/run.rs	7040	search_query_batch	c++/src/algo/blast/core/blast_parameters.c	c++/src/algo/blast/core/blast_parameters.c	342-374	BlastInitialWordParametersUpdate
LOSAT/src/algorithm/blastn/blast_engine/run.rs	7053	search_query_batch	ncbi-blast/c++/src/algo/blast/core/blast_parameters.c	c++/src/algo/blast/core/blast_parameters.c	380-383	BlastInitialWordParametersUpdate
LOSAT/src/algorithm/blastn/blast_engine/run.rs	7075	search_query_batch	ncbi-blast/c++/src/algo/blast/core/blast_parameters.c	c++/src/algo/blast/core/blast_parameters.c	408-412	BlastInitialWordParametersUpdate
LOSAT/src/algorithm/blastn/blast_engine/run.rs	7096	search_query_batch	ncbi-blast/c++/src/algo/blast/core/blast_engine.c	c++/src/algo/blast/core/blast_engine.c	488-491	s_BlastSearchEngineOneContext
LOSAT/src/algorithm/blastn/blast_engine/run.rs	7116	search_query_batch	ncbi-blast/c++/src/algo/blast/core/blast_engine.c	c++/src/algo/blast/core/blast_engine.c	264-307	s_GetNextSubjectChunk
LOSAT/src/algorithm/blastn/blast_engine/run.rs	7142	search_query_batch	ncbi-blast/c++/src/algo/blast/core/blast_nascan.c	c++/src/algo/blast/core/blast_nascan.c	193-207	s_BlastNaScanSubject_Any
LOSAT/src/algorithm/blastn/blast_engine/run.rs	7169	search_query_batch	ncbi-blast/c++/src/algo/blast/core/blast_nascan.c	c++/src/algo/blast/core/blast_nascan.c	147-259	s_BlastNaScanSubject_Any
LOSAT/src/algorithm/blastn/blast_engine/run.rs	7176	search_query_batch	ncbi-blast/c++/include/algo/blast/core/blast_stat.h	c++/include/algo/blast/core/blast_stat.h	866-869	<file scope>
LOSAT/src/algorithm/blastn/blast_engine/run.rs	7177	search_query_batch	ncbi-blast/c++/src/algo/blast/api/blast_setup_cxx.cpp	c++/src/algo/blast/api/blast_setup_cxx.cpp	836-847	SetupSubjects_OMF
LOSAT/src/algorithm/blastn/blast_engine/run.rs	7178	search_query_batch	ncbi-blast/c++/src/algo/blast/core/blast_gapalign.c	c++/src/algo/blast/core/blast_gapalign.c	2949-3016	s_BlastDynProgNtGappedAlignment
LOSAT/src/algorithm/blastn/blast_engine/run.rs	7179	search_query_batch	ncbi-blast/c++/src/algo/blast/core/blast_traceback.c	c++/src/algo/blast/core/blast_traceback.c	503-507	Blast_TracebackFromHSPList
LOSAT/src/algorithm/blastn/blast_engine/run.rs	7180	search_query_batch	ncbi-blast/c++/src/algo/blast/core/blast_util.c	c++/src/algo/blast/core/blast_util.c	806-833	GetReverseNuclSequence
LOSAT/src/algorithm/blastn/blast_engine/run.rs	7181	search_query_batch	ncbi-blast/c++/src/algo/blast/core/blast_encoding.c	c++/src/algo/blast/core/blast_encoding.c	85-93	<file scope>
LOSAT/src/algorithm/blastn/blast_engine/run.rs	7182	search_query_batch	ncbi-blast/c++/src/algo/blast/core/na_ungapped.c	c++/src/algo/blast/core/na_ungapped.c	148-349	s_NuclUngappedExtendExact
LOSAT/src/algorithm/blastn/blast_engine/run.rs	7184	search_query_batch	blast_gapalign.c	c++/src/algo/blast/core/blast_gapalign.c	3826-3831	BLAST_GetGappedScore
LOSAT/src/algorithm/blastn/blast_engine/run.rs	7187	search_query_batch	ncbi-blast/c++/src/algo/blast/core/blast_gapalign.c	c++/src/algo/blast/core/blast_gapalign.c	3811-3831	BLAST_GetGappedScore
LOSAT/src/algorithm/blastn/blast_engine/run.rs	7201	search_query_batch	blast_gapalign.c	c++/src/algo/blast/core/blast_gapalign.c	3824	BLAST_GetGappedScore
LOSAT/src/algorithm/blastn/blast_engine/run.rs	7203	search_query_batch	ncbi-blast/c++/src/algo/blast/core/blast_engine.c	c++/src/algo/blast/core/blast_engine.c	488-491	s_BlastSearchEngineOneContext
LOSAT/src/algorithm/blastn/blast_engine/run.rs	7211	search_query_batch	ncbi-blast/c++/src/algo/blast/core/blast_extend.c	c++/src/algo/blast/core/blast_extend.c	52-64	s_BlastDiagTableNew
LOSAT/src/algorithm/blastn/blast_engine/run.rs	7226	search_query_batch	ncbi-blast/c++/src/algo/blast/core/blast_parameters.c	c++/src/algo/blast/core/blast_parameters.c	166-233	BlastInitialWordParametersNew
LOSAT/src/algorithm/blastn/blast_engine/run.rs	7245	search_query_batch	ncbi-blast/c++/src/algo/blast/core/blast_engine.c	c++/src/algo/blast/core/blast_engine.c	786-833	s_BlastSearchEngineCore
LOSAT/src/algorithm/blastn/blast_engine/run.rs	7254	search_query_batch	ncbi-blast/c++/src/algo/blast/api/blast_setup_cxx.cpp	c++/src/algo/blast/api/blast_setup_cxx.cpp	836-847	SetupSubjects_OMF
LOSAT/src/algorithm/blastn/blast_engine/run.rs	7263	search_query_batch	ncbi-blast/c++/src/algo/blast/core/na_ungapped.c	c++/src/algo/blast/core/na_ungapped.c	148-349	s_NuclUngappedExtendExact
LOSAT/src/algorithm/blastn/blast_engine/run.rs	7266	search_query_batch	ncbi-blast/c++/src/algo/blast/core/na_ungapped.c	c++/src/algo/blast/core/na_ungapped.c	656-662	s_BlastnDiagTableExtendInitialHit
LOSAT/src/algorithm/blastn/blast_engine/run.rs	7286	search_query_batch	ncbi-blast/c++/src/algo/blast/core/blast_extend.c	c++/src/algo/blast/core/blast_extend.c	84-105	s_BlastDiagClear
LOSAT/src/algorithm/blastn/blast_engine/run.rs	7297	search_query_batch	blast_extend.h	c++/include/algo/blast/core/blast_extend.h	77-80	<BLAST_DiagTable>
LOSAT/src/algorithm/blastn/blast_engine/run.rs	7297	search_query_batch	na_ungapped.c	c++/src/algo/blast/core/na_ungapped.c	660-666	s_BlastnDiagTableExtendInitialHit
LOSAT/src/algorithm/blastn/blast_engine/run.rs	7306	search_query_batch	ncbi-blast/c++/src/algo/blast/core/blast_extend.c	c++/src/algo/blast/core/blast_extend.c	145-149	BlastExtendWordNew
LOSAT/src/algorithm/blastn/blast_engine/run.rs	7335	search_query_batch	ncbi-blast/c++/src/algo/blast/core/blast_extend.c	c++/src/algo/blast/core/blast_extend.c	159-182	BlastExtendWordNew
LOSAT/src/algorithm/blastn/blast_engine/run.rs	7352	search_query_batch	ncbi-blast/c++/src/algo/blast/core/blast_extend.c	c++/src/algo/blast/core/blast_extend.c	159-176	BlastExtendWordNew
LOSAT/src/algorithm/blastn/blast_engine/run.rs	7382	search_query_batch	ncbi-blast/c++/src/algo/blast/core/blast_nalookup.c	c++/src/algo/blast/core/blast_nalookup.c	407-411	BlastSmallNaLookupTableNew
LOSAT/src/algorithm/blastn/blast_engine/run.rs	7399	search_query_batch	ncbi-blast/c++/src/algo/blast/core/na_ungapped.c	c++/src/algo/blast/core/na_ungapped.c	663-664	s_BlastnDiagTableExtendInitialHit
LOSAT/src/algorithm/blastn/blast_engine/run.rs	7410	search_query_batch	ncbi-blast/c++/src/algo/blast/core/na_ungapped.c	c++/src/algo/blast/core/na_ungapped.c	825-826	s_BlastnDiagHashExtendInitialHit
LOSAT/src/algorithm/blastn/blast_engine/run.rs	7430	search_query_batch	ncbi-blast/c++/src/algo/blast/core/blast_nascan.c	c++/src/algo/blast/core/blast_nascan.c	193-207	s_BlastNaScanSubject_Any
LOSAT/src/algorithm/blastn/blast_engine/run.rs	7455	search_query_batch	ncbi-blast/c++/src/algo/blast/core/blast_engine.c	c++/src/algo/blast/core/blast_engine.c	451-497	s_BlastSearchEngineOneContext
LOSAT/src/algorithm/blastn/blast_engine/run.rs	7463	search_query_batch	ncbi-blast/c++/src/algo/blast/core/blast_nascan.c	c++/src/algo/blast/core/blast_nascan.c	1482-1534	s_MBScanSubject_Any
LOSAT/src/algorithm/blastn/blast_engine/run.rs	7476	search_query_batch	ncbi-blast/c++/src/algo/blast/core/blast_engine.c	c++/src/algo/blast/core/blast_engine.c	451-497	s_BlastSearchEngineOneContext
LOSAT/src/algorithm/blastn/blast_engine/run.rs	7495	search_query_batch	ncbi-blast/c++/src/algo/blast/core/na_ungapped.c	c++/src/algo/blast/core/na_ungapped.c	730-733	s_BlastnDiagTableExtendInitialHit
LOSAT/src/algorithm/blastn/blast_engine/run.rs	7511	search_query_batch	na_ungapped.c	c++/src/algo/blast/core/na_ungapped.c	1081-1140	s_BlastNaExtend
LOSAT/src/algorithm/blastn/blast_engine/run.rs	7533	search_query_batch	mnt/c/Users/genom/GitHub/ncbi-blast/c++/src/algo/blast/core/na_ungapped.c	c++/src/algo/blast/core/na_ungapped.c	663-664	s_BlastnDiagTableExtendInitialHit
LOSAT/src/algorithm/blastn/blast_engine/run.rs	7563	search_query_batch	ncbi-blast/c++/src/algo/blast/core/blast_nascan.c	c++/src/algo/blast/core/blast_nascan.c	193-207	s_BlastNaScanSubject_Any
LOSAT/src/algorithm/blastn/blast_engine/run.rs	7604	search_query_batch	na_ungapped.c	c++/src/algo/blast/core/na_ungapped.c	671-672	s_BlastnDiagTableExtendInitialHit
LOSAT/src/algorithm/blastn/blast_engine/run.rs	7610	search_query_batch	na_ungapped.c	c++/src/algo/blast/core/na_ungapped.c	1081-1140	s_BlastNaExtend
LOSAT/src/algorithm/blastn/blast_engine/run.rs	7615	search_query_batch	ncbi-blast/c++/src/algo/blast/core/na_ungapped.c	c++/src/algo/blast/core/na_ungapped.c	1651-1663	BlastNaWordFinder
LOSAT/src/algorithm/blastn/blast_engine/run.rs	7649	search_query_batch	ncbi-blast/c++/src/algo/blast/core/na_ungapped.c	c++/src/algo/blast/core/na_ungapped.c	1093-1144	s_BlastNaExtend
LOSAT/src/algorithm/blastn/blast_engine/run.rs	7680	search_query_batch	ncbi-blast/c++/src/algo/blast/core/na_ungapped.c	c++/src/algo/blast/core/na_ungapped.c	1101-1114	s_BlastNaExtend
LOSAT/src/algorithm/blastn/blast_engine/run.rs	7705	search_query_batch	ncbi-blast/c++/src/algo/blast/core/na_ungapped.c	c++/src/algo/blast/core/na_ungapped.c	1101-1114	s_BlastNaExtend
LOSAT/src/algorithm/blastn/blast_engine/run.rs	7756	search_query_batch	na_ungapped.c	c++/src/algo/blast/core/na_ungapped.c	1120-1136	s_BlastNaExtend
LOSAT/src/algorithm/blastn/blast_engine/run.rs	7780	search_query_batch	ncbi-blast/c++/src/algo/blast/core/na_ungapped.c	c++/src/algo/blast/core/na_ungapped.c	1120-1136	s_BlastNaExtend
LOSAT/src/algorithm/blastn/blast_engine/run.rs	7853	search_query_batch	mnt/c/Users/genom/GitHub/ncbi-blast/c++/src/algo/blast/core/na_ungapped.c	c++/src/algo/blast/core/na_ungapped.c	1093-1155	s_BlastNaExtend
LOSAT/src/algorithm/blastn/blast_engine/run.rs	7865	search_query_batch	mnt/c/Users/genom/GitHub/ncbi-blast/c++/src/algo/blast/core/na_ungapped.c	c++/src/algo/blast/core/na_ungapped.c	828-839	s_BlastnDiagHashExtendInitialHit
LOSAT/src/algorithm/blastn/blast_engine/run.rs	7904	search_query_batch	na_ungapped.c	c++/src/algo/blast/core/na_ungapped.c	674-683	s_BlastnDiagTableExtendInitialHit
LOSAT/src/algorithm/blastn/blast_engine/run.rs	7922	search_query_batch	ncbi-blast/c++/src/algo/blast/core/na_ungapped.c	c++/src/algo/blast/core/na_ungapped.c	1093-1155	s_BlastNaExtend
LOSAT/src/algorithm/blastn/blast_engine/run.rs	7974	search_query_batch	ncbi-blast/c++/src/algo/blast/core/na_ungapped.c	c++/src/algo/blast/core/na_ungapped.c	41-69	s_MBLookup
LOSAT/src/algorithm/blastn/blast_engine/run.rs	8000	search_query_batch	ncbi-blast/c++/src/algo/blast/core/blast_nalookup.c	c++/src/algo/blast/core/blast_nalookup.c	1027-1034	s_FillContigMBTable
LOSAT/src/algorithm/blastn/blast_engine/run.rs	8011	search_query_batch	ncbi-blast/c++/src/algo/blast/core/na_ungapped.c	c++/src/algo/blast/core/na_ungapped.c	674-676	s_BlastnDiagTableExtendInitialHit
LOSAT/src/algorithm/blastn/blast_engine/run.rs	8019	search_query_batch	ncbi-blast/c++/src/algo/blast/core/na_ungapped.c	c++/src/algo/blast/core/na_ungapped.c	674-680	s_BlastnDiagTableExtendInitialHit
LOSAT/src/algorithm/blastn/blast_engine/run.rs	8039	search_query_batch	ncbi-blast/c++/src/algo/blast/core/na_ungapped.c	c++/src/algo/blast/core/na_ungapped.c	674-680	s_BlastnDiagTableExtendInitialHit
LOSAT/src/algorithm/blastn/blast_engine/run.rs	8059	search_query_batch	na_ungapped.c	c++/src/algo/blast/core/na_ungapped.c	685-717	s_BlastnDiagTableExtendInitialHit
LOSAT/src/algorithm/blastn/blast_engine/run.rs	8077	search_query_batch	na_ungapped.c	c++/src/algo/blast/core/na_ungapped.c	658	s_BlastnDiagTableExtendInitialHit
LOSAT/src/algorithm/blastn/blast_engine/run.rs	8089	search_query_batch	na_ungapped.c	c++/src/algo/blast/core/na_ungapped.c	689-690	s_BlastnDiagTableExtendInitialHit
LOSAT/src/algorithm/blastn/blast_engine/run.rs	8099	search_query_batch	ncbi-blast/c++/src/algo/blast/core/na_ungapped.c	c++/src/algo/blast/core/na_ungapped.c	688-694	s_BlastnDiagTableExtendInitialHit
LOSAT/src/algorithm/blastn/blast_engine/run.rs	8105	search_query_batch	na_ungapped.c	c++/src/algo/blast/core/na_ungapped.c	693	s_BlastnDiagTableExtendInitialHit
LOSAT/src/algorithm/blastn/blast_engine/run.rs	8108	search_query_batch	na_ungapped.c	c++/src/algo/blast/core/na_ungapped.c	694-702	s_BlastnDiagTableExtendInitialHit
LOSAT/src/algorithm/blastn/blast_engine/run.rs	8143	search_query_batch	na_ungapped.c	c++/src/algo/blast/core/na_ungapped.c	703-711	s_BlastnDiagTableExtendInitialHit
LOSAT/src/algorithm/blastn/blast_engine/run.rs	8181	search_query_batch	ncbi-blast/c++/src/algo/blast/core/na_ungapped.c	c++/src/algo/blast/core/na_ungapped.c	859-874	s_BlastnDiagHashExtendInitialHit
LOSAT/src/algorithm/blastn/blast_engine/run.rs	8222	search_query_batch	na_ungapped.c	c++/src/algo/blast/core/na_ungapped.c	713-716	s_BlastnDiagTableExtendInitialHit
LOSAT/src/algorithm/blastn/blast_engine/run.rs	8231	search_query_batch	na_ungapped.c	c++/src/algo/blast/core/na_ungapped.c	718-726	s_BlastnDiagTableExtendInitialHit
LOSAT/src/algorithm/blastn/blast_engine/run.rs	8242	search_query_batch	ncbi-blast/c++/src/algo/blast/core/na_ungapped.c	c++/src/algo/blast/core/na_ungapped.c	718-725	s_BlastnDiagTableExtendInitialHit
LOSAT/src/algorithm/blastn/blast_engine/run.rs	8243	search_query_batch	ncbi-blast/c++/src/algo/blast/core/na_ungapped.c	c++/src/algo/blast/core/na_ungapped.c	718-725	s_BlastnDiagTableExtendInitialHit
LOSAT/src/algorithm/blastn/blast_engine/run.rs	8264	search_query_batch	ncbi-blast/c++/src/algo/blast/core/na_ungapped.c	c++/src/algo/blast/core/na_ungapped.c	718-725	s_BlastnDiagTableExtendInitialHit
LOSAT/src/algorithm/blastn/blast_engine/run.rs	8279	search_query_batch	ncbi-blast/c++/src/algo/blast/core/na_ungapped.c	c++/src/algo/blast/core/na_ungapped.c	841-921	s_BlastnDiagHashExtendInitialHit
LOSAT/src/algorithm/blastn/blast_engine/run.rs	8333	search_query_batch	ncbi-blast/c++/src/algo/blast/core/na_ungapped.c	c++/src/algo/blast/core/na_ungapped.c	728-766	s_BlastnDiagTableExtendInitialHit
LOSAT/src/algorithm/blastn/blast_engine/run.rs	8342	search_query_batch	ncbi-blast/c++/src/algo/blast/core/na_ungapped.c	c++/src/algo/blast/core/na_ungapped.c	768-772	s_BlastnDiagTableExtendInitialHit
LOSAT/src/algorithm/blastn/blast_engine/run.rs	8351	search_query_batch	ncbi-blast/c++/src/algo/blast/core/na_ungapped.c	c++/src/algo/blast/core/na_ungapped.c	939-941	s_BlastnDiagHashExtendInitialHit
LOSAT/src/algorithm/blastn/blast_engine/run.rs	8379	search_query_batch	ncbi-blast/c++/src/algo/blast/core/na_ungapped.c	c++/src/algo/blast/core/na_ungapped.c	740-749	s_BlastnDiagTableExtendInitialHit
LOSAT/src/algorithm/blastn/blast_engine/run.rs	8445	search_query_batch	ncbi-blast/c++/src/algo/blast/core/na_ungapped.c	c++/src/algo/blast/core/na_ungapped.c	740-758	s_BlastnDiagTableExtendInitialHit
LOSAT/src/algorithm/blastn/blast_engine/run.rs	8489	search_query_batch	na_ungapped.c	c++/src/algo/blast/core/na_ungapped.c	757-758	s_BlastnDiagTableExtendInitialHit
LOSAT/src/algorithm/blastn/blast_engine/run.rs	8495	search_query_batch	na_ungapped.c	c++/src/algo/blast/core/na_ungapped.c	752	s_BlastnDiagTableExtendInitialHit
LOSAT/src/algorithm/blastn/blast_engine/run.rs	8501	search_query_batch	ncbi-blast/c++/src/algo/blast/core/na_ungapped.c	c++/src/algo/blast/core/na_ungapped.c	752-760	s_BlastnDiagTableExtendInitialHit
LOSAT/src/algorithm/blastn/blast_engine/run.rs	8516	search_query_batch	ncbi-blast/c++/src/algo/blast/core/na_ungapped.c	c++/src/algo/blast/core/na_ungapped.c	768-772	s_BlastnDiagTableExtendInitialHit
LOSAT/src/algorithm/blastn/blast_engine/run.rs	8562	search_query_batch	blast_gapalign.c	c++/src/algo/blast/core/blast_gapalign.c	3824	BLAST_GetGappedScore
LOSAT/src/algorithm/blastn/blast_engine/run.rs	8569	search_query_batch	ncbi-blast/c++/include/algo/blast/core/blast_def.h	c++/include/algo/blast/core/blast_def.h	135-149	<BlastOffsetPair>
LOSAT/src/algorithm/blastn/blast_engine/run.rs	8582	search_query_batch	ncbi-blast/c++/src/algo/blast/core/na_ungapped.c	c++/src/algo/blast/core/na_ungapped.c	768-772	s_BlastnDiagTableExtendInitialHit
LOSAT/src/algorithm/blastn/blast_engine/run.rs	8626	search_query_batch	ncbi-blast/c++/src/algo/blast/core/blast_nascan.c	c++/src/algo/blast/core/blast_nascan.c	193-207	s_BlastNaScanSubject_Any
LOSAT/src/algorithm/blastn/blast_engine/run.rs	8643	search_query_batch	ncbi-blast/c++/src/algo/blast/core/blast_nascan.c	c++/src/algo/blast/core/blast_nascan.c	193-207	s_BlastNaScanSubject_Any
LOSAT/src/algorithm/blastn/blast_engine/run.rs	8668	search_query_batch	ncbi-blast/c++/src/algo/blast/core/blast_nascan.c	c++/src/algo/blast/core/blast_nascan.c	193-207	s_BlastNaScanSubject_Any
LOSAT/src/algorithm/blastn/blast_engine/run.rs	8689	search_query_batch	ncbi-blast/c++/src/algo/blast/core/blast_nascan.c	c++/src/algo/blast/core/blast_nascan.c	1504-1533	s_MBScanSubject_Any
LOSAT/src/algorithm/blastn/blast_engine/run.rs	8712	search_query_batch	ncbi-blast/c++/src/algo/blast/core/blast_nascan.c	c++/src/algo/blast/core/blast_nascan.c	1406-1418	s_BlastMBLookupRetrieve
LOSAT/src/algorithm/blastn/blast_engine/run.rs	8726	search_query_batch	ncbi-blast/c++/src/algo/blast/core/lookup_wrap.c	c++/src/algo/blast/core/lookup_wrap.c	255-288	GetOffsetArraySize
LOSAT/src/algorithm/blastn/blast_engine/run.rs	8742	search_query_batch	ncbi-blast/c++/src/algo/blast/core/blast_nascan.c	c++/src/algo/blast/core/blast_nascan.c	193-207	s_BlastNaScanSubject_Any
LOSAT/src/algorithm/blastn/blast_engine/run.rs	8768	search_query_batch	ncbi-blast/c++/src/algo/blast/core/blast_engine.c	c++/src/algo/blast/core/blast_engine.c	451-497	s_BlastSearchEngineOneContext
LOSAT/src/algorithm/blastn/blast_engine/run.rs	8784	search_query_batch	ncbi-blast/c++/src/algo/blast/core/blast_nascan.c	c++/src/algo/blast/core/blast_nascan.c	193-207	s_BlastNaScanSubject_Any
LOSAT/src/algorithm/blastn/blast_engine/run.rs	8809	search_query_batch	ncbi-blast/c++/src/algo/blast/core/blast_nascan.c	c++/src/algo/blast/core/blast_nascan.c	193-207	s_BlastNaScanSubject_Any
LOSAT/src/algorithm/blastn/blast_engine/run.rs	8839	search_query_batch	ncbi-blast/c++/src/algo/blast/core/blast_nascan.c	c++/src/algo/blast/core/blast_nascan.c	193-207	s_BlastNaScanSubject_Any
LOSAT/src/algorithm/blastn/blast_engine/run.rs	8856	search_query_batch	ncbi-blast/c++/src/algo/blast/core/blast_nascan.c	c++/src/algo/blast/core/blast_nascan.c	41-79	s_BlastLookupGetNumHits
LOSAT/src/algorithm/blastn/blast_engine/run.rs	8887	search_query_batch	ncbi-blast/c++/src/algo/blast/core/blast_nascan.c	c++/src/algo/blast/core/blast_nascan.c	1406-1412	s_BlastMBLookupRetrieve
LOSAT/src/algorithm/blastn/blast_engine/run.rs	8892	search_query_batch	ncbi-blast/c++/src/algo/blast/core/na_ungapped.c	c++/src/algo/blast/core/na_ungapped.c	900-903	s_BlastnDiagHashExtendInitialHit
LOSAT/src/algorithm/blastn/blast_engine/run.rs	8901	search_query_batch	ncbi-blast/c++/src/algo/blast/core/na_ungapped.c	c++/src/algo/blast/core/na_ungapped.c	268-269	s_NuclUngappedExtend
LOSAT/src/algorithm/blastn/blast_engine/run.rs	8912	search_query_batch	ncbi-blast/c++/src/algo/blast/core/na_ungapped.c	c++/src/algo/blast/core/na_ungapped.c	663-664	s_BlastnDiagTableExtendInitialHit
LOSAT/src/algorithm/blastn/blast_engine/run.rs	8922	search_query_batch	ncbi-blast/c++/src/algo/blast/core/na_ungapped.c	c++/src/algo/blast/core/na_ungapped.c	663-664	s_BlastnDiagTableExtendInitialHit
LOSAT/src/algorithm/blastn/blast_engine/run.rs	8927	search_query_batch	ncbi-blast/c++/src/algo/blast/core/na_ungapped.c	c++/src/algo/blast/core/na_ungapped.c	828-829	s_BlastnDiagHashExtendInitialHit
LOSAT/src/algorithm/blastn/blast_engine/run.rs	8960	search_query_batch	ncbi-blast/c++/src/algo/blast/core/blast_nascan.c	c++/src/algo/blast/core/blast_nascan.c	193-207	s_BlastNaScanSubject_Any
LOSAT/src/algorithm/blastn/blast_engine/run.rs	9002	search_query_batch	na_ungapped.c	c++/src/algo/blast/core/na_ungapped.c	671-672	s_BlastnDiagTableExtendInitialHit
LOSAT/src/algorithm/blastn/blast_engine/run.rs	9008	search_query_batch	na_ungapped.c	c++/src/algo/blast/core/na_ungapped.c	656-672	s_BlastnDiagTableExtendInitialHit
LOSAT/src/algorithm/blastn/blast_engine/run.rs	9028	search_query_batch	ncbi-blast/c++/src/algo/blast/core/na_ungapped.c	c++/src/algo/blast/core/na_ungapped.c	833-836	s_BlastnDiagHashExtendInitialHit
LOSAT/src/algorithm/blastn/blast_engine/run.rs	9040	search_query_batch	ncbi-blast/c++/src/algo/blast/core/na_ungapped.c	c++/src/algo/blast/core/na_ungapped.c	656-672	s_BlastnDiagTableExtendInitialHit
LOSAT/src/algorithm/blastn/blast_engine/run.rs	9055	search_query_batch	na_ungapped.c	c++/src/algo/blast/core/na_ungapped.c	674-683	s_BlastnDiagTableExtendInitialHit
LOSAT/src/algorithm/blastn/blast_engine/run.rs	9074	search_query_batch	ncbi-blast/c++/src/algo/blast/core/na_ungapped.c	c++/src/algo/blast/core/na_ungapped.c	825-826	s_BlastnDiagHashExtendInitialHit
LOSAT/src/algorithm/blastn/blast_engine/run.rs	9086	search_query_batch	ncbi-blast/c++/src/algo/blast/core/na_ungapped.c	c++/src/algo/blast/core/na_ungapped.c	459-489	s_IsSeedMasked
LOSAT/src/algorithm/blastn/blast_engine/run.rs	9095	search_query_batch	ncbi-blast/c++/src/algo/blast/core/na_ungapped.c	c++/src/algo/blast/core/na_ungapped.c	121-133	s_NaLookup
LOSAT/src/algorithm/blastn/blast_engine/run.rs	9125	search_query_batch	ncbi-blast/c++/src/algo/blast/core/blast_nalookup.c	c++/src/algo/blast/core/blast_nalookup.c	1027-1034	s_FillContigMBTable
LOSAT/src/algorithm/blastn/blast_engine/run.rs	9136	search_query_batch	ncbi-blast/c++/src/algo/blast/core/na_ungapped.c	c++/src/algo/blast/core/na_ungapped.c	674-676	s_BlastnDiagTableExtendInitialHit
LOSAT/src/algorithm/blastn/blast_engine/run.rs	9144	search_query_batch	na_ungapped.c	c++/src/algo/blast/core/na_ungapped.c	677-680	s_BlastnDiagTableExtendInitialHit
LOSAT/src/algorithm/blastn/blast_engine/run.rs	9149	search_query_batch	ncbi-blast/c++/src/algo/blast/core/na_ungapped.c	c++/src/algo/blast/core/na_ungapped.c	674-680	s_BlastnDiagTableExtendInitialHit
LOSAT/src/algorithm/blastn/blast_engine/run.rs	9150	search_query_batch	ncbi-blast/c++/src/algo/blast/core/na_ungapped.c	c++/src/algo/blast/core/na_ungapped.c	674-680	s_BlastnDiagTableExtendInitialHit
LOSAT/src/algorithm/blastn/blast_engine/run.rs	9169	search_query_batch	ncbi-blast/c++/src/algo/blast/core/na_ungapped.c	c++/src/algo/blast/core/na_ungapped.c	674-680	s_BlastnDiagTableExtendInitialHit
LOSAT/src/algorithm/blastn/blast_engine/run.rs	9189	search_query_batch	na_ungapped.c	c++/src/algo/blast/core/na_ungapped.c	852-881	s_BlastnDiagHashExtendInitialHit
LOSAT/src/algorithm/blastn/blast_engine/run.rs	9191	search_query_batch	na_ungapped.c	c++/src/algo/blast/core/na_ungapped.c	858	s_BlastnDiagHashExtendInitialHit
LOSAT/src/algorithm/blastn/blast_engine/run.rs	9202	search_query_batch	na_ungapped.c	c++/src/algo/blast/core/na_ungapped.c	855-856	s_BlastnDiagHashExtendInitialHit
LOSAT/src/algorithm/blastn/blast_engine/run.rs	9212	search_query_batch	ncbi-blast/c++/src/algo/blast/core/na_ungapped.c	c++/src/algo/blast/core/na_ungapped.c	688-694	s_BlastnDiagTableExtendInitialHit
LOSAT/src/algorithm/blastn/blast_engine/run.rs	9218	search_query_batch	na_ungapped.c	c++/src/algo/blast/core/na_ungapped.c	859	s_BlastnDiagHashExtendInitialHit
LOSAT/src/algorithm/blastn/blast_engine/run.rs	9221	search_query_batch	na_ungapped.c	c++/src/algo/blast/core/na_ungapped.c	860-871	s_BlastnDiagHashExtendInitialHit
LOSAT/src/algorithm/blastn/blast_engine/run.rs	9254	search_query_batch	na_ungapped.c	c++/src/algo/blast/core/na_ungapped.c	872-880	s_BlastnDiagHashExtendInitialHit
LOSAT/src/algorithm/blastn/blast_engine/run.rs	9290	search_query_batch	ncbi-blast/c++/src/algo/blast/core/na_ungapped.c	c++/src/algo/blast/core/na_ungapped.c	860-874	s_BlastnDiagHashExtendInitialHit
LOSAT/src/algorithm/blastn/blast_engine/run.rs	9328	search_query_batch	na_ungapped.c	c++/src/algo/blast/core/na_ungapped.c	713-716	s_BlastnDiagTableExtendInitialHit
LOSAT/src/algorithm/blastn/blast_engine/run.rs	9337	search_query_batch	na_ungapped.c	c++/src/algo/blast/core/na_ungapped.c	718-726	s_BlastnDiagTableExtendInitialHit
LOSAT/src/algorithm/blastn/blast_engine/run.rs	9348	search_query_batch	ncbi-blast/c++/src/algo/blast/core/na_ungapped.c	c++/src/algo/blast/core/na_ungapped.c	718-725	s_BlastnDiagTableExtendInitialHit
LOSAT/src/algorithm/blastn/blast_engine/run.rs	9349	search_query_batch	ncbi-blast/c++/src/algo/blast/core/na_ungapped.c	c++/src/algo/blast/core/na_ungapped.c	718-725	s_BlastnDiagTableExtendInitialHit
LOSAT/src/algorithm/blastn/blast_engine/run.rs	9370	search_query_batch	ncbi-blast/c++/src/algo/blast/core/na_ungapped.c	c++/src/algo/blast/core/na_ungapped.c	718-725	s_BlastnDiagTableExtendInitialHit
LOSAT/src/algorithm/blastn/blast_engine/run.rs	9385	search_query_batch	ncbi-blast/c++/src/algo/blast/core/na_ungapped.c	c++/src/algo/blast/core/na_ungapped.c	728-766	s_BlastnDiagTableExtendInitialHit
LOSAT/src/algorithm/blastn/blast_engine/run.rs	9394	search_query_batch	ncbi-blast/c++/src/algo/blast/core/na_ungapped.c	c++/src/algo/blast/core/na_ungapped.c	768-772	s_BlastnDiagTableExtendInitialHit
LOSAT/src/algorithm/blastn/blast_engine/run.rs	9403	search_query_batch	ncbi-blast/c++/src/algo/blast/core/na_ungapped.c	c++/src/algo/blast/core/na_ungapped.c	939-941	s_BlastnDiagHashExtendInitialHit
LOSAT/src/algorithm/blastn/blast_engine/run.rs	9430	search_query_batch	ncbi-blast/c++/src/algo/blast/core/na_ungapped.c	c++/src/algo/blast/core/na_ungapped.c	740-749	s_BlastnDiagTableExtendInitialHit
LOSAT/src/algorithm/blastn/blast_engine/run.rs	9492	search_query_batch	ncbi-blast/c++/src/algo/blast/core/na_ungapped.c	c++/src/algo/blast/core/na_ungapped.c	740-758	s_BlastnDiagTableExtendInitialHit
LOSAT/src/algorithm/blastn/blast_engine/run.rs	9536	search_query_batch	na_ungapped.c	c++/src/algo/blast/core/na_ungapped.c	757-758	s_BlastnDiagTableExtendInitialHit
LOSAT/src/algorithm/blastn/blast_engine/run.rs	9542	search_query_batch	na_ungapped.c	c++/src/algo/blast/core/na_ungapped.c	752	s_BlastnDiagTableExtendInitialHit
LOSAT/src/algorithm/blastn/blast_engine/run.rs	9548	search_query_batch	ncbi-blast/c++/src/algo/blast/core/na_ungapped.c	c++/src/algo/blast/core/na_ungapped.c	752-760	s_BlastnDiagTableExtendInitialHit
LOSAT/src/algorithm/blastn/blast_engine/run.rs	9557	search_query_batch	ncbi-blast/c++/src/algo/blast/core/na_ungapped.c	c++/src/algo/blast/core/na_ungapped.c	768-772	s_BlastnDiagTableExtendInitialHit
LOSAT/src/algorithm/blastn/blast_engine/run.rs	9578	search_query_batch	ncbi-blast/c++/src/algo/blast/core/na_ungapped.c	c++/src/algo/blast/core/na_ungapped.c	939-941	s_BlastnDiagHashExtendInitialHit
LOSAT/src/algorithm/blastn/blast_engine/run.rs	9615	search_query_batch	blast_gapalign.c	c++/src/algo/blast/core/blast_gapalign.c	3824	BLAST_GetGappedScore
LOSAT/src/algorithm/blastn/blast_engine/run.rs	9621	search_query_batch	ncbi-blast/c++/include/algo/blast/core/blast_def.h	c++/include/algo/blast/core/blast_def.h	135-149	<BlastOffsetPair>
LOSAT/src/algorithm/blastn/blast_engine/run.rs	9634	search_query_batch	ncbi-blast/c++/src/algo/blast/core/na_ungapped.c	c++/src/algo/blast/core/na_ungapped.c	768-772	s_BlastnDiagTableExtendInitialHit
LOSAT/src/algorithm/blastn/blast_engine/run.rs	9652	search_query_batch	ncbi-blast/c++/src/algo/blast/core/na_ungapped.c	c++/src/algo/blast/core/na_ungapped.c	939-941	s_BlastnDiagHashExtendInitialHit
LOSAT/src/algorithm/blastn/blast_engine/run.rs	9670	search_query_batch	ncbi-blast/c++/src/algo/blast/core/blast_nascan.c	c++/src/algo/blast/core/blast_nascan.c	193-207	s_BlastNaScanSubject_Any
LOSAT/src/algorithm/blastn/blast_engine/run.rs	9701	search_query_batch	blast_gapalign.c	c++/src/algo/blast/core/blast_gapalign.c	3824	BLAST_GetGappedScore
LOSAT/src/algorithm/blastn/blast_engine/run.rs	9706	search_query_batch	ncbi-blast/c++/src/algo/blast/core/blast_extend.c	c++/src/algo/blast/core/blast_extend.c	306-310	Blast_InitHitListSortByScore
LOSAT/src/algorithm/blastn/blast_engine/run.rs	9714	search_query_batch	ncbi-blast/c++/src/algo/blast/core/blast_extend.c	c++/src/algo/blast/core/blast_extend.c	307-309	Blast_InitHitListSortByScore
LOSAT/src/algorithm/blastn/blast_engine/run.rs	9724	search_query_batch	ncbi-blast/c++/src/algo/blast/core/na_ungapped.c	c++/src/algo/blast/core/na_ungapped.c	1688-1689	BlastNaWordFinder
LOSAT/src/algorithm/blastn/blast_engine/run.rs	9729	search_query_batch	ncbi-blast/c++/src/algo/blast/core/blast_diagnostics.c	c++/src/algo/blast/core/blast_diagnostics.c	106-112	Blast_UngappedStatsUpdate
LOSAT/src/algorithm/blastn/blast_engine/run.rs	9743	search_query_batch	blast_gapalign.c	c++/src/algo/blast/core/blast_gapalign.c	3886-4090	BLAST_GetGappedScore
LOSAT/src/algorithm/blastn/blast_engine/run.rs	9754	search_query_batch	ncbi-blast/c++/src/algo/blast/core/blast_gapalign.c	c++/src/algo/blast/core/blast_gapalign.c	2762-2793	BLAST_GreedyGappedAlignment
LOSAT/src/algorithm/blastn/blast_engine/run.rs	9764	search_query_batch	ncbi-blast/c++/src/algo/blast/core/blast_traceback.c	c++/src/algo/blast/core/blast_traceback.c	503-507	Blast_TracebackFromHSPList
LOSAT/src/algorithm/blastn/blast_engine/run.rs	9768	search_query_batch	ncbi-blast/c++/src/algo/blast/core/blast_gapalign.c	c++/src/algo/blast/core/blast_gapalign.c	3908-3913	BLAST_GetGappedScore
LOSAT/src/algorithm/blastn/blast_engine/run.rs	9790	search_query_batch	blast_gapalign.c	c++/src/algo/blast/core/blast_gapalign.c	3918	BLAST_GetGappedScore
LOSAT/src/algorithm/blastn/blast_engine/run.rs	9799	search_query_batch	ncbi-blast/c++/src/algo/blast/core/blast_gapalign.c	c++/src/algo/blast/core/blast_gapalign.c	3908-3919	BLAST_GetGappedScore
LOSAT/src/algorithm/blastn/blast_engine/run.rs	9848	search_query_batch	ncbi-blast/c++/src/algo/blast/core/blast_gapalign.c	c++/src/algo/blast/core/blast_gapalign.c	4012-4046	BLAST_GetGappedScore
LOSAT/src/algorithm/blastn/blast_engine/run.rs	9850	search_query_batch	mnt/c/Users/genom/GitHub/ncbi-blast/c++/src/algo/blast/core/blast_gapalign.c	c++/src/algo/blast/core/blast_gapalign.c	3924-3927	BLAST_GetGappedScore
LOSAT/src/algorithm/blastn/blast_engine/run.rs	9867	search_query_batch	ncbi-blast/c++/src/algo/blast/core/blast_gapalign.c	c++/src/algo/blast/core/blast_gapalign.c	4033-4045	BLAST_GetGappedScore
LOSAT/src/algorithm/blastn/blast_engine/run.rs	9875	search_query_batch	ncbi-blast/c++/src/algo/blast/core/blast_gapalign.c	c++/src/algo/blast/core/blast_gapalign.c	4071-4076	BLAST_GetGappedScore
LOSAT/src/algorithm/blastn/blast_engine/run.rs	9888	search_query_batch	ncbi-blast/c++/src/algo/blast/core/blast_gapalign.c	c++/src/algo/blast/core/blast_gapalign.c	2959-2963	s_BlastDynProgNtGappedAlignment
LOSAT/src/algorithm/blastn/blast_engine/run.rs	9890	search_query_batch	ncbi-blast/c++/src/algo/blast/core/blast_gapalign.c	c++/src/algo/blast/core/blast_gapalign.c	2973-3003	s_BlastDynProgNtGappedAlignment
LOSAT/src/algorithm/blastn/blast_engine/run.rs	9940	search_query_batch	ncbi-blast/c++/src/algo/blast/api/blast_nucl_options.cpp	c++/src/algo/blast/api/blast_nucl_options.cpp	176-183	CBlastNucleotideOptionsHandle::SetGappedExtensionDefaults
LOSAT/src/algorithm/blastn/blast_engine/run.rs	9961	search_query_batch	ncbi-blast/c++/src/algo/blast/core/blast_gapalign.c	c++/src/algo/blast/core/blast_gapalign.c	4012-4017	BLAST_GetGappedScore
LOSAT/src/algorithm/blastn/blast_engine/run.rs	9990	search_query_batch	ncbi-blast/c++/src/algo/blast/core/blast_gapalign.c	c++/src/algo/blast/core/blast_gapalign.c	4058-4091	BLAST_GetGappedScore
LOSAT/src/algorithm/blastn/blast_engine/run.rs	10050	search_query_batch	ncbi-blast/c++/src/algo/blast/core/blast_gapalign.c	c++/src/algo/blast/core/blast_gapalign.c	3908-3913	BLAST_GetGappedScore
LOSAT/src/algorithm/blastn/blast_engine/run.rs	10075	search_query_batch	ncbi-blast/c++/src/algo/blast/core/blast_gapalign.c	c++/src/algo/blast/core/blast_gapalign.c	4012-4031	BLAST_GetGappedScore
LOSAT/src/algorithm/blastn/blast_engine/run.rs	10084	search_query_batch	ncbi-blast/c++/src/algo/blast/core/blast_gapalign.c	c++/src/algo/blast/core/blast_gapalign.c	4058-4076	BLAST_GetGappedScore
LOSAT/src/algorithm/blastn/blast_engine/run.rs	10115	search_query_batch	ncbi-blast/c++/src/algo/blast/core/blast_gapalign.c	c++/src/algo/blast/core/blast_gapalign.c	3917-3922	BLAST_GetGappedScore
LOSAT/src/algorithm/blastn/blast_engine/run.rs	10139	search_query_batch	ncbi-blast/c++/src/algo/blast/core/blast_engine.c	c++/src/algo/blast/core/blast_engine.c	488-491	s_BlastSearchEngineOneContext
LOSAT/src/algorithm/blastn/blast_engine/run.rs	10152	search_query_batch	ncbi-blast/c++/src/algo/blast/core/blast_gapalign.c	c++/src/algo/blast/core/blast_gapalign.c	4058-4085	BLAST_GetGappedScore
LOSAT/src/algorithm/blastn/blast_engine/run.rs	10161	search_query_batch	ncbi-blast/c++/src/algo/blast/core/blast_engine.c	c++/src/algo/blast/core/blast_engine.c	540-557	s_BlastSearchEngineOneContext
LOSAT/src/algorithm/blastn/blast_engine/run.rs	10191	search_query_batch	ncbi-blast/c++/src/algo/blast/core/blast_extend.c	c++/src/algo/blast/core/blast_extend.c	159-176	BlastExtendWordNew
LOSAT/src/algorithm/blastn/blast_engine/run.rs	10220	search_query_batch	ncbi-blast/c++/src/algo/blast/api/prelim_stage.cpp	c++/src/algo/blast/api/prelim_stage.cpp	82-88	CBlastPrelimSearch::CBlastPrelimSearch
LOSAT/src/algorithm/blastn/blast_engine/run.rs	10226	search_query_batch	c++/src/algo/blast/core/blast_engine.c	c++/src/algo/blast/core/blast_engine.c	478-536	s_BlastSearchEngineOneContext
LOSAT/src/algorithm/blastn/blast_engine/run.rs	10236	search_query_batch	ncbi-blast/c++/src/algo/blast/core/blast_engine.c	c++/src/algo/blast/core/blast_engine.c	478-536	s_BlastSearchEngineOneContext
LOSAT/src/algorithm/blastn/blast_engine/run.rs	10262	search_query_batch	ncbi-blast/c++/src/algo/blast/core/blast_engine.c	c++/src/algo/blast/core/blast_engine.c	264-268	s_GetNextSubjectChunk
LOSAT/src/algorithm/blastn/blast_engine/run.rs	10268	search_query_batch	c++/src/algo/blast/core/blast_engine.c	c++/src/algo/blast/core/blast_engine.c	478-500	s_BlastSearchEngineOneContext
LOSAT/src/algorithm/blastn/blast_engine/run.rs	10298	search_query_batch	ncbi-blast/c++/src/algo/blast/core/blast_engine.c	c++/src/algo/blast/core/blast_engine.c	488-491	s_BlastSearchEngineOneContext
LOSAT/src/algorithm/blastn/blast_engine/run.rs	10315	search_query_batch	ncbi-blast/c++/src/algo/blast/core/blast_engine.c	c++/src/algo/blast/core/blast_engine.c	991-1041	s_BlastSetUpAuxStructures
LOSAT/src/algorithm/blastn/blast_engine/run.rs	10371	search_query_batch	ncbi-blast/c++/src/algo/blast/core/blast_engine.c	c++/src/algo/blast/core/blast_engine.c	478-536	s_BlastSearchEngineOneContext
LOSAT/src/algorithm/blastn/blast_engine/run.rs	10386	search_query_batch	ncbi-blast/c++/src/algo/blast/core/blast_engine.c	c++/src/algo/blast/core/blast_engine.c	264-268	s_GetNextSubjectChunk
LOSAT/src/algorithm/blastn/blast_engine/run.rs	10392	search_query_batch	c++/src/algo/blast/core/blast_engine.c	c++/src/algo/blast/core/blast_engine.c	478-500	s_BlastSearchEngineOneContext
LOSAT/src/algorithm/blastn/blast_engine/run.rs	10420	search_query_batch	ncbi-blast/c++/src/algo/blast/core/blast_engine.c	c++/src/algo/blast/core/blast_engine.c	488-491	s_BlastSearchEngineOneContext
LOSAT/src/algorithm/blastn/blast_engine/run.rs	10434	search_query_batch	ncbi-blast/c++/src/algo/blast/core/blast_engine.c	c++/src/algo/blast/core/blast_engine.c	885-899	s_BlastSearchEngineCore
LOSAT/src/algorithm/blastn/blast_engine/run.rs	10443	search_query_batch	ncbi-blast/c++/src/algo/blast/core/blast_engine.c	c++/src/algo/blast/core/blast_engine.c	642-671	s_Blast_HSPListReapByPrelimEvalue
LOSAT/src/algorithm/blastn/blast_engine/run.rs	10451	search_query_batch	ncbi-blast/c++/src/algo/blast/core/blast_parameters.c	c++/src/algo/blast/core/blast_parameters.c	868	BlastHitSavingParametersUpdate
LOSAT/src/algorithm/blastn/blast_engine/run.rs	10484	search_query_batch	ncbi-blast/c++/src/algo/blast/core/blast_traceback.c	c++/src/algo/blast/core/blast_traceback.c	358-373	Blast_TracebackFromHSPList
LOSAT/src/algorithm/blastn/blast_engine/run.rs	10501	search_query_batch	ncbi-blast/c++/src/algo/blast/core/blast_traceback.c	c++/src/algo/blast/core/blast_traceback.c	371-373	Blast_TracebackFromHSPList
LOSAT/src/algorithm/blastn/blast_engine/run.rs	10517	search_query_batch	ncbi-blast/c++/src/algo/blast/core/blast_traceback.c	c++/src/algo/blast/core/blast_traceback.c	358-365	Blast_TracebackFromHSPList
LOSAT/src/algorithm/blastn/blast_engine/run.rs	10536	search_query_batch	ncbi-blast/c++/src/algo/blast/core/blast_itree.c	c++/src/algo/blast/core/blast_itree.c	66-70	s_IntervalNodeInit
LOSAT/src/algorithm/blastn/blast_engine/run.rs	10548	search_query_batch	ncbi-blast/c++/src/algo/blast/core/blast_traceback.c	c++/src/algo/blast/core/blast_traceback.c	403-405	Blast_TracebackFromHSPList
LOSAT/src/algorithm/blastn/blast_engine/run.rs	10563	search_query_batch	ncbi-blast/c++/src/algo/blast/core/blast_traceback.c	c++/src/algo/blast/core/blast_traceback.c	436-460	Blast_TracebackFromHSPList
LOSAT/src/algorithm/blastn/blast_engine/run.rs	10610	search_query_batch	ncbi-blast/c++/src/algo/blast/core/blast_traceback.c	c++/src/algo/blast/core/blast_traceback.c	466-472	Blast_TracebackFromHSPList
LOSAT/src/algorithm/blastn/blast_engine/run.rs	10638	search_query_batch	ncbi-blast/c++/src/algo/blast/core/blast_traceback.c	c++/src/algo/blast/core/blast_traceback.c	403-405	Blast_TracebackFromHSPList
LOSAT/src/algorithm/blastn/blast_engine/run.rs	10653	search_query_batch	c++/src/algo/blast/core/blast_traceback.c	c++/src/algo/blast/core/blast_traceback.c	509-513	Blast_TracebackFromHSPList
LOSAT/src/algorithm/blastn/blast_engine/run.rs	10667	search_query_batch	c++/src/algo/blast/core/blast_traceback.c	c++/src/algo/blast/core/blast_traceback.c	403-405	Blast_TracebackFromHSPList
LOSAT/src/algorithm/blastn/blast_engine/run.rs	10677	search_query_batch	c++/src/algo/blast/core/blast_traceback.c	c++/src/algo/blast/core/blast_traceback.c	403-405	Blast_TracebackFromHSPList
LOSAT/src/algorithm/blastn/blast_engine/run.rs	10694	search_query_batch	ncbi-blast/c++/src/algo/blast/core/blast_traceback.c	c++/src/algo/blast/core/blast_traceback.c	403-405	Blast_TracebackFromHSPList
LOSAT/src/algorithm/blastn/blast_engine/run.rs	10730	search_query_batch	c++/src/algo/blast/core/blast_traceback.c	c++/src/algo/blast/core/blast_traceback.c	509-513	Blast_TracebackFromHSPList
LOSAT/src/algorithm/blastn/blast_engine/run.rs	10749	search_query_batch	core/blast_traceback.c	c++/src/algo/blast/core/blast_traceback.c	436-472	Blast_TracebackFromHSPList
LOSAT/src/algorithm/blastn/blast_engine/run.rs	10780	search_query_batch	c++/src/algo/blast/core/blast_traceback.c	c++/src/algo/blast/core/blast_traceback.c	583-612	Blast_TracebackFromHSPList
LOSAT/src/algorithm/blastn/blast_engine/run.rs	10797	search_query_batch	ncbi-blast/c++/src/algo/blast/core/blast_traceback.c	c++/src/algo/blast/core/blast_traceback.c	403-405	Blast_TracebackFromHSPList
LOSAT/src/algorithm/blastn/blast_engine/run.rs	10842	search_query_batch	ncbi-blast/c++/src/algo/blast/core/blast_traceback.c	c++/src/algo/blast/core/blast_traceback.c	403-405	Blast_TracebackFromHSPList
LOSAT/src/algorithm/blastn/blast_engine/run.rs	10863	search_query_batch	ncbi-blast/c++/src/algo/blast/core/blast_gapalign.c	c++/src/algo/blast/core/blast_gapalign.c	4071-4076	BLAST_GetGappedScore
LOSAT/src/algorithm/blastn/blast_engine/run.rs	10902	search_query_batch	ncbi-blast/c++/src/algo/blast/core/blast_gapalign.c	c++/src/algo/blast/core/blast_gapalign.c	4012-4017	BLAST_GetGappedScore
LOSAT/src/algorithm/blastn/blast_engine/run.rs	10911	search_query_batch	ncbi-blast/c++/src/algo/blast/core/blast_traceback.c	c++/src/algo/blast/core/blast_traceback.c	451-460	Blast_TracebackFromHSPList
LOSAT/src/algorithm/blastn/blast_engine/run.rs	10917	search_query_batch	c++/src/algo/blast/core/blast_traceback.c	c++/src/algo/blast/core/blast_traceback.c	403-405	Blast_TracebackFromHSPList
LOSAT/src/algorithm/blastn/blast_engine/run.rs	10993	search_query_batch	ncbi-blast/c++/src/algo/blast/core/blast_traceback.c	c++/src/algo/blast/core/blast_traceback.c	403-405	Blast_TracebackFromHSPList
LOSAT/src/algorithm/blastn/blast_engine/run.rs	11003	search_query_batch	ncbi-blast/c++/src/algo/blast/core/blast_itree.c	c++/src/algo/blast/core/blast_itree.c	273-286	s_HSPsHaveCommonEndpoint
LOSAT/src/algorithm/blastn/blast_engine/run.rs	11056	search_query_batch	ncbi-blast/c++/src/algo/blast/core/blast_traceback.c	c++/src/algo/blast/core/blast_traceback.c	583-597	Blast_TracebackFromHSPList
LOSAT/src/algorithm/blastn/blast_engine/run.rs	11116	search_query_batch	ncbi-blast/c++/src/algo/blast/core/blast_traceback.c	c++/src/algo/blast/core/blast_traceback.c	598-600	Blast_TracebackFromHSPList
LOSAT/src/algorithm/blastn/blast_engine/run.rs	11130	search_query_batch	ncbi-blast/c++/src/algo/blast/core/blast_traceback.c	c++/src/algo/blast/core/blast_traceback.c	583-597	Blast_TracebackFromHSPList
LOSAT/src/algorithm/blastn/blast_engine/run.rs	11159	search_query_batch	ncbi-blast/c++/src/algo/blast/core/blast_traceback.c	c++/src/algo/blast/core/blast_traceback.c	436-472	Blast_TracebackFromHSPList
LOSAT/src/algorithm/blastn/blast_engine/run.rs	11168	search_query_batch	ncbi-blast/c++/src/algo/blast/core/blast_traceback.c	c++/src/algo/blast/core/blast_traceback.c	583-600	Blast_TracebackFromHSPList
LOSAT/src/algorithm/blastn/blast_engine/run.rs	11241	search_query_batch	ncbi-blast/c++/src/algo/blast/core/blast_traceback.c	c++/src/algo/blast/core/blast_traceback.c	583-612	Blast_TracebackFromHSPList
LOSAT/src/algorithm/blastn/blast_engine/run.rs	11271	search_query_batch	ncbi-blast/c++/src/algo/blast/core/blast_traceback.c	c++/src/algo/blast/core/blast_traceback.c	234-250	s_HSPListPostTracebackUpdate
LOSAT/src/algorithm/blastn/blast_engine/run.rs	11279	search_query_batch	ncbi-blast/c++/src/algo/blast/core/blast_hits.c	c++/src/algo/blast/core/blast_hits.c	1887-1890	Blast_HSPListGetEvalues
LOSAT/src/algorithm/blastn/blast_engine/run.rs	11292	search_query_batch	ncbi-blast/c++/src/algo/blast/core/blast_traceback.c	c++/src/algo/blast/core/blast_traceback.c	234-246	s_HSPListPostTracebackUpdate
LOSAT/src/algorithm/blastn/blast_engine/run.rs	11326	search_query_batch	ncbi-blast/c++/src/algo/blast/core/blast_gapalign.c	c++/src/algo/blast/core/blast_gapalign.c	4058-4077	BLAST_GetGappedScore
LOSAT/src/algorithm/blastn/blast_engine/run.rs	11381	search_query_batch	blast_traceback.c	c++/src/algo/blast/core/blast_traceback.c	637-638	Blast_TracebackFromHSPList
LOSAT/src/algorithm/blastn/blast_engine/run.rs	11401	search_query_batch	ncbi-blast/c++/src/algo/blast/core/blast_traceback.c	c++/src/algo/blast/core/blast_traceback.c	633-647	Blast_TracebackFromHSPList
LOSAT/src/algorithm/blastn/blast_engine/run.rs	11421	search_query_batch	ncbi-blast/c++/src/algo/blast/core/blast_traceback.c	c++/src/algo/blast/core/blast_traceback.c	640-644	Blast_TracebackFromHSPList
LOSAT/src/algorithm/blastn/blast_engine/run.rs	11435	search_query_batch	blast_traceback.c	c++/src/algo/blast/core/blast_traceback.c	647-665	Blast_TracebackFromHSPList
LOSAT/src/algorithm/blastn/blast_engine/run.rs	11446	search_query_batch	ncbi-blast/c++/src/algo/blast/core/blast_hits.c	c++/src/algo/blast/core/blast_hits.c	1887-1891	Blast_HSPListGetEvalues
LOSAT/src/algorithm/blastn/blast_engine/run.rs	11462	search_query_batch	blast_traceback.c	c++/src/algo/blast/core/blast_traceback.c	653-665	Blast_TracebackFromHSPList
LOSAT/src/algorithm/blastn/blast_engine/run.rs	11486	search_query_batch	ncbi-blast/c++/src/algo/blast/core/blast_traceback.c	c++/src/algo/blast/core/blast_traceback.c	647-665	Blast_TracebackFromHSPList
LOSAT/src/algorithm/blastn/blast_engine/run.rs	11507	search_query_batch	ncbi-blast/c++/src/algo/blast/core/blast_traceback.c	c++/src/algo/blast/core/blast_traceback.c	656-663	Blast_TracebackFromHSPList
LOSAT/src/algorithm/blastn/blast_engine/run.rs	11582	search_query_batch	ncbi-blast/c++/src/algo/blast/core/blast_traceback.c	c++/src/algo/blast/core/blast_traceback.c	647-665	Blast_TracebackFromHSPList
LOSAT/src/algorithm/blastn/blast_engine/run.rs	11615	search_query_batch	blast_traceback.c	c++/src/algo/blast/core/blast_traceback.c	667-668	Blast_TracebackFromHSPList
LOSAT/src/algorithm/blastn/blast_engine/run.rs	11636	search_query_batch	ncbi-blast/c++/src/algo/blast/core/blast_traceback.c	c++/src/algo/blast/core/blast_traceback.c	666-668	Blast_TracebackFromHSPList
LOSAT/src/algorithm/blastn/blast_engine/run.rs	11654	search_query_batch	ncbi-blast/c++/src/algo/blast/core/blast_traceback.c	c++/src/algo/blast/core/blast_traceback.c	671-672	Blast_TracebackFromHSPList
LOSAT/src/algorithm/blastn/blast_engine/run.rs	11659	search_query_batch	ncbi-blast/c++/src/algo/blast/core/blast_hits.c	c++/src/algo/blast/core/blast_hits.c	1330-1353	ScoreCompareHSPs
LOSAT/src/algorithm/blastn/blast_engine/run.rs	11673	search_query_batch	mnt/c/Users/genom/GitHub/ncbi-blast/c++/src/algo/blast/core/blast_traceback.c	c++/src/algo/blast/core/blast_traceback.c	671-672	Blast_TracebackFromHSPList
LOSAT/src/algorithm/blastn/blast_engine/run.rs	11684	search_query_batch	blast_traceback.c	c++/src/algo/blast/core/blast_traceback.c	678	Blast_TracebackFromHSPList
LOSAT/src/algorithm/blastn/blast_engine/run.rs	11687	search_query_batch	ncbi-blast/c++/src/algo/blast/core/blast_itree.c	c++/src/algo/blast/core/blast_itree.c	66-70	s_IntervalNodeInit
LOSAT/src/algorithm/blastn/blast_engine/run.rs	11700	search_query_batch	blast_traceback.c	c++/src/algo/blast/core/blast_traceback.c	679-692	Blast_TracebackFromHSPList
LOSAT/src/algorithm/blastn/blast_engine/run.rs	11707	search_query_batch	ncbi-blast/c++/src/algo/blast/core/blast_itree.c	c++/src/algo/blast/core/blast_itree.c	537-550	BlastIntervalTreeAddHSP
LOSAT/src/algorithm/blastn/blast_engine/run.rs	11713	search_query_batch	ncbi-blast/c++/src/algo/blast/core/blast_gapalign.c	c++/src/algo/blast/core/blast_gapalign.c	3908-3913	BLAST_GetGappedScore
LOSAT/src/algorithm/blastn/blast_engine/run.rs	11735	search_query_batch	ncbi-blast/c++/src/algo/blast/core/blast_traceback.c	c++/src/algo/blast/core/blast_traceback.c	678-688	Blast_TracebackFromHSPList
LOSAT/src/algorithm/blastn/blast_engine/run.rs	11817	search_query_batch	ncbi-blast/c++/src/algo/blast/core/blast_traceback.c	c++/src/algo/blast/core/blast_traceback.c	678-692	Blast_TracebackFromHSPList
LOSAT/src/algorithm/blastn/blast_engine/run.rs	11831	search_query_batch	ncbi-blast/c++/src/algo/blast/core/blast_traceback.c	c++/src/algo/blast/core/blast_traceback.c	234-246	s_HSPListPostTracebackUpdate
LOSAT/src/algorithm/blastn/blast_engine/run.rs	11839	search_query_batch	ncbi-blast/c++/src/algo/blast/core/blast_hits.c	c++/src/algo/blast/core/blast_hits.c	1983-2003	Blast_HSPListReapByEvalue
LOSAT/src/algorithm/blastn/blast_engine/run.rs	11881	search_query_batch	ncbi-blast/c++/src/algo/blast/core/blast_traceback.c	c++/src/algo/blast/core/blast_traceback.c	234-246	s_HSPListPostTracebackUpdate
LOSAT/src/algorithm/blastn/blast_engine/run.rs	11899	search_query_batch	blast_traceback.c	c++/src/algo/blast/core/blast_traceback.c	633-692	Blast_TracebackFromHSPList
LOSAT/src/algorithm/blastn/blast_engine/run.rs	11908	search_query_batch	ncbi-blast/c++/src/algo/blast/core/blast_traceback.c	c++/src/algo/blast/core/blast_traceback.c	358-373	Blast_TracebackFromHSPList
LOSAT/src/algorithm/blastn/blast_engine/run.rs	11947	search_query_batch	ncbi-blast/c++/src/algo/blast/core/blast_engine.c	c++/src/algo/blast/core/blast_engine.c	1409-1427	BLAST_PreliminarySearchEngine
LOSAT/src/algorithm/blastn/blast_engine/run.rs	11957	search_query_batch	ncbi-blast/c++/src/algo/blast/core/blast_traceback.c	c++/src/algo/blast/core/blast_traceback.c	1700-1707	BLAST_ComputeTraceback_MT
LOSAT/src/algorithm/blastn/blast_engine/run.rs	11983	search_query_batch	ncbi-blast/c++/src/algo/blast/core/blast_engine.c	c++/src/algo/blast/core/blast_engine.c	991-1041	s_BlastSetUpAuxStructures
LOSAT/src/algorithm/blastn/blast_engine/run.rs	12021	search_query_batch	ncbi-blast/c++/src/algo/blast/core/blast_engine.c	c++/src/algo/blast/core/blast_engine.c	991-1041	s_BlastSetUpAuxStructures
LOSAT/src/algorithm/blastn/blast_engine/run.rs	12063	search_query_batch	ncbi-blast/c++/src/algo/blast/core/blast_engine.c	c++/src/algo/blast/core/blast_engine.c	1674-1783	Blast_RunPreliminarySearchWithInterrupt
LOSAT/src/algorithm/blastn/blast_engine/run.rs	12104	search_query_chunks	ncbi-blast/c++/src/algo/blast/api/prelim_stage.cpp	c++/src/algo/blast/api/prelim_stage.cpp	237-289	CBlastPrelimSearch::Run
LOSAT/src/algorithm/blastn/blast_engine/run.rs	12210	merge_query_chunk	ncbi-blast/c++/src/algo/blast/core/blast_hspstream.c	c++/src/algo/blast/core/blast_hspstream.c	476-522	BlastHSPStreamMerge
LOSAT/src/algorithm/blastn/blast_engine/run.rs	12242	merge_query_chunk	ncbi-blast/c++/src/algo/blast/core/blast_hspstream.c	c++/src/algo/blast/core/blast_hspstream.c	527-534	BlastHSPStreamMerge
LOSAT/src/algorithm/blastn/blast_engine/run.rs	12308	merge_prelim_hit_list	ncbi-blast/c++/src/algo/blast/core/blast_hits.c	c++/src/algo/blast/core/blast_hits.c	2132-2217	Blast_HitListMerge
LOSAT/src/algorithm/blastn/blast_engine/run.rs	12415	make_equal_prelim_hit	ncbi-blast/c++/include/algo/blast/core/blast_hits.h	c++/include/algo/blast/core/blast_hits.h	125-148	<BlastHSP>
LOSAT/src/algorithm/blastn/blast_engine/run.rs	12467	a_query_split_merges_hsps_across_the_split_on_either_strand	ncbi-blast/c++/src/algo/blast/core/blast_hits.c	c++/src/algo/blast/core/blast_hits.c	2912-2945	Blast_HSPListsMerge
LOSAT/src/algorithm/blastn/blast_engine/run.rs	12507	stable_prelim_sort_preserves_equal_complete_record_order	ncbi-blast/c++/src/algo/blast/core/blast_hits.c	c++/src/algo/blast/core/blast_hits.c	1330-1353	ScoreCompareHSPs
LOSAT/src/algorithm/blastn/blast_engine/run.rs	12536	prelim_purge_retains_the_first_complete_equal_record	ncbi-blast/c++/src/algo/blast/core/blast_hits.c	c++/src/algo/blast/core/blast_hits.c	2478-2532	Blast_HSPListPurgeHSPsWithCommonEndpoints
LOSAT/src/algorithm/blastn/blast_engine/run.rs	12554	test_build_subject_seq_ranges_from_masks	ncbi-blast/c++/src/algo/blast/api/blast_setup_cxx.cpp	c++/src/algo/blast/api/blast_setup_cxx.cpp	689-706	s_SeqLoc2MaskedSubjRanges
LOSAT/src/algorithm/blastn/blast_engine/run.rs	12576	test_adjust_blastn_offsets_minus_query_keeps_internal_subject_order	ncbi-blast/c++/src/algo/blast/core/blast_hits.c	c++/src/algo/blast/core/blast_hits.c	1122-1132	Blast_HSPGetAdjustedOffsets
LOSAT/src/algorithm/blastn/blast_engine/run.rs	12591	test_blastn_context_statistics_uses_supplied_eff_searchsp	ncbi-blast/c++/src/algo/blast/core/blast_hits.c	c++/src/algo/blast/core/blast_hits.c	1887-1890	Blast_HSPListGetEvalues
LOSAT/src/algorithm/blastn/blast_engine/run.rs	12597	test_blastn_context_statistics_uses_supplied_eff_searchsp	ncbi-blast/c++/src/algo/blast/core/blast_hits.c	c++/src/algo/blast/core/blast_hits.c	1923-1926	Blast_HSPListGetBitScores
LOSAT/src/algorithm/blastn/blast_engine/run.rs	12626	test_blastn_context_statistics_rounds_evalue_score_only	ncbi-blast/c++/src/algo/blast/core/blast_hits.c	c++/src/algo/blast/core/blast_hits.c	1864-1870	Blast_HSPListGetEvalues
LOSAT/src/algorithm/blastn/blast_engine/run.rs	12634	test_blastn_context_statistics_rounds_evalue_score_only	ncbi-blast/c++/src/algo/blast/core/blast_hits.c	c++/src/algo/blast/core/blast_hits.c	1923-1926	Blast_HSPListGetBitScores
LOSAT/src/algorithm/blastn/blast_engine/run.rs	12663	word7_uses_subject_set_cutoffs	c++/src/app/blast/blast_app_util.cpp	c++/src/app/blast/blast_app_util.cpp	204-210	InitializeSubject
LOSAT/src/algorithm/blastn/blast_engine/run.rs	12721	speculative_traceback_preserves_ordered_gapped_hsps	c++/src/algo/blast/api/blast_setup_cxx.cpp	c++/src/algo/blast/api/blast_setup_cxx.cpp	836-847	SetupSubjects_OMF
LOSAT/src/algorithm/blastn/blast_engine/run.rs	12742	speculative_traceback_preserves_ordered_gapped_hsps	ncbi-blast/c++/src/algo/blast/core/blast_traceback.c	c++/src/algo/blast/core/blast_traceback.c	403-406	Blast_TracebackFromHSPList
LOSAT/src/algorithm/blastn/blast_engine/run.rs	12772	speculative_traceback_preserves_ordered_gapped_hsps	c++/src/algo/blast/core/blast_gapalign.c	c++/src/algo/blast/core/blast_gapalign.c	4170-4189	AdjustSubjectRange
LOSAT/src/algorithm/blastn/blast_engine/run.rs	12841	speculative_traceback_preserves_ordered_gapped_hsps	ncbi-blast/c++/src/algo/blast/core/blast_traceback.c	c++/src/algo/blast/core/blast_traceback.c	509-513	Blast_TracebackFromHSPList
LOSAT/src/algorithm/blastn/blast_engine/run.rs	12876	speculative_traceback_preserves_ordered_gapped_hsps	c++/src/algo/blast/api/prelim_stage.cpp	c++/src/algo/blast/api/prelim_stage.cpp	177-188	CBlastPrelimSearch::x_LaunchMultiThreadedSearch
LOSAT/src/algorithm/blastn/blast_extend.rs	10	<module>	ncbi-blast/c++/include/algo/blast/core/blast_extend.h	c++/include/algo/blast/core/blast_extend.h	57-60	<DiagStruct>
LOSAT/src/algorithm/blastn/blast_extend.rs	20	<module>	ncbi-blast/c++/src/algo/blast/core/blast_extend.c	c++/src/algo/blast/core/blast_extend.c	96-105	s_BlastDiagClear
LOSAT/src/algorithm/blastn/blast_extend.rs	31	<module>	ncbi-blast/c++/src/algo/blast/core/na_ungapped.c	c++/src/algo/blast/core/na_ungapped.c	666	s_BlastnDiagTableExtendInitialHit
LOSAT/src/algorithm/blastn/constants.rs	3	<module>	c++/src/algo/blast/api/blast_nucl_options.cpp	c++/src/algo/blast/api/blast_nucl_options.cpp	163-174	CBlastNucleotideOptionsHandle::SetInitialWordOptionsDefaults
LOSAT/src/algorithm/blastn/constants.rs	17	<module>	na_ungapped.c	c++/src/algo/blast/core/na_ungapped.c	656	s_BlastnDiagTableExtendInitialHit
LOSAT/src/algorithm/blastn/constants.rs	20	<module>	blast_lookup.c	c++/src/algo/blast/core/blast_lookup.c		<no line>
LOSAT/src/algorithm/blastn/constants.rs	25	<module>	na_ungapped.c	c++/src/algo/blast/core/na_ungapped.c	658	s_BlastnDiagTableExtendInitialHit
LOSAT/src/algorithm/blastn/constants.rs	26	<module>	ncbi-blast/c++/include/algo/blast/core/blast_options.h	c++/include/algo/blast/core/blast_options.h	63	#define BLAST_SCAN_RANGE_NUCL
LOSAT/src/algorithm/blastn/constants.rs	30	<module>	ncbi-blast/c++/src/algo/blast/api/blast_nucl_options.cpp	c++/src/algo/blast/api/blast_nucl_options.cpp	165-168	CBlastNucleotideOptionsHandle::SetInitialWordOptionsDefaults
LOSAT/src/algorithm/blastn/constants.rs	42	<module>	na_ungapped.c	c++/src/algo/blast/core/na_ungapped.c	752	s_BlastnDiagTableExtendInitialHit
LOSAT/src/algorithm/blastn/constants.rs	43	<module>	blast_parameters.c	c++/src/algo/blast/core/blast_parameters.c	343-344	BlastInitialWordParametersUpdate
LOSAT/src/algorithm/blastn/constants.rs	44	<module>	blast_parameters.c	c++/src/algo/blast/core/blast_parameters.c	368-374	BlastInitialWordParametersUpdate
LOSAT/src/algorithm/blastn/constants.rs	73	<module>	blast_nucl_options.cpp	c++/src/algo/blast/api/blast_nucl_options.cpp	239	CBlastNucleotideOptionsHandle::SetHitSavingOptionsDefaults
LOSAT/src/algorithm/blastn/constants.rs	74	<module>	blast_nucl_options.cpp	c++/src/algo/blast/api/blast_nucl_options.cpp	259	CBlastNucleotideOptionsHandle::SetMBHitSavingOptionsDefaults
LOSAT/src/algorithm/blastn/coordination.rs	32	read_fasta_records	mnt/c/Users/genom/GitHub/ncbi-blast/c++/src/algo/blast/blastinput/blast_input_aux.cpp	c++/src/algo/blast/blastinput/blast_input_aux.cpp	242-246	ReadSequencesToBlast
LOSAT/src/algorithm/blastn/coordination.rs	40	read_fasta_records	mnt/c/Users/genom/GitHub/ncbi-blast/c++/src/objtools/readers/fasta.cpp	c++/src/objtools/readers/fasta.cpp	391-396	CFastaReader::ReadOneSeq
LOSAT/src/algorithm/blastn/coordination.rs	74	read_fasta_records	blast_nucl_options.cpp	c++/src/algo/blast/api/blast_nucl_options.cpp	239	CBlastNucleotideOptionsHandle::SetHitSavingOptionsDefaults
LOSAT/src/algorithm/blastn/coordination.rs	81	read_fasta_records	ncbi-blast/c++/include/algo/blast/core/blast_nalookup.h	c++/include/algo/blast/core/blast_nalookup.h	131-156	<BlastNaLookupTable>
LOSAT/src/algorithm/blastn/coordination.rs	93	read_fasta_records	ncbi-blast/c++/src/algo/blast/core/blast_engine.c	c++/src/algo/blast/core/blast_engine.c	1407-1409	BLAST_PreliminarySearchEngine
LOSAT/src/algorithm/blastn/coordination.rs	100	read_fasta_records	ncbi-blast/c++/include/algo/blast/core/blast_hits.h	c++/include/algo/blast/core/blast_hits.h	153-155	<BlastHSPList>
LOSAT/src/algorithm/blastn/coordination.rs	112	read_fasta_records	ncbi-blast/c++/src/algo/blast/core/blast_engine.c	c++/src/algo/blast/core/blast_engine.c	1407-1409	BLAST_PreliminarySearchEngine
LOSAT/src/algorithm/blastn/coordination.rs	119	task_defaults	ncbi-blast/c++/include/algo/blast/core/blast_hits.h	c++/include/algo/blast/core/blast_hits.h	153-155	<BlastHSPList>
LOSAT/src/algorithm/blastn/coordination.rs	129	task_defaults	c++/src/algo/blast/api/blast_nucl_options.cpp	c++/src/algo/blast/api/blast_nucl_options.cpp	137-150	CBlastNucleotideOptionsHandle::SetLookupTableDefaults
LOSAT/src/algorithm/blastn/coordination.rs	157	task_defaults	c++/include/algo/blast/core/blast_options.h	c++/include/algo/blast/core/blast_options.h	67-68	#define BLAST_WORDSIZE_NUCL
LOSAT/src/algorithm/blastn/coordination.rs	204	determine_scoring_params	c++/src/algo/blast/api/blast_options_local_priv.hpp	c++/src/algo/blast/api/blast_options_local_priv.hpp	1628-1643	CBlastOptionsLocal::SetMatchReward
LOSAT/src/algorithm/blastn/coordination.rs	215	determine_scoring_params	c++/include/algo/blast/core/blast_options.h	c++/include/algo/blast/core/blast_options.h	465-466	<BlastScoringOptions>
LOSAT/src/algorithm/blastn/coordination.rs	281	configure_task	ncbi-blast/c++/src/algo/blast/api/blast_nucl_options.cpp	c++/src/algo/blast/api/blast_nucl_options.cpp	163-168	CBlastNucleotideOptionsHandle::SetInitialWordOptionsDefaults
LOSAT/src/algorithm/blastn/coordination.rs	291	configure_task	blast_nucl_options.cpp	c++/src/algo/blast/api/blast_nucl_options.cpp	239	CBlastNucleotideOptionsHandle::SetHitSavingOptionsDefaults
LOSAT/src/algorithm/blastn/coordination.rs	299	configure_task	ncbi-blast/c++/src/algo/blast/core/blast_nalookup.c	c++/src/algo/blast/core/blast_nalookup.c	45-185	BlastChooseNaLookupTable
LOSAT/src/algorithm/blastn/coordination.rs	332	choose_na_lookup_table	ncbi-blast/c++/src/algo/blast/core/blast_nalookup.c	c++/src/algo/blast/core/blast_nalookup.c	45-185	BlastChooseNaLookupTable
LOSAT/src/algorithm/blastn/coordination.rs	479	finalize_task_config	blast_nalookup.c	c++/src/algo/blast/core/blast_nalookup.c		<no line>
LOSAT/src/algorithm/blastn/coordination.rs	489	read_sequences	ncbi-blast/c++/src/algo/blast/core/blast_nalookup.c	c++/src/algo/blast/core/blast_nalookup.c	45-185	BlastChooseNaLookupTable
LOSAT/src/algorithm/blastn/coordination.rs	510	read_sequences	ncbi-blast/c++/src/algo/blast/core/blast_nalookup.c	c++/src/algo/blast/core/blast_nalookup.c	397	BlastSmallNaLookupTableNew
LOSAT/src/algorithm/blastn/coordination.rs	522	subject_metadata_from_records	ncbi-blast/c++/src/algo/blast/api/blast_setup_cxx.cpp	c++/src/algo/blast/api/blast_setup_cxx.cpp	486-860	SetupQueries_OMF
LOSAT/src/algorithm/blastn/coordination.rs	547	subject_metadata_from_records	ncbi-blast/c++/src/algo/blast/core/blast_engine.c	c++/src/algo/blast/core/blast_engine.c	1407-1413	BLAST_PreliminarySearchEngine
LOSAT/src/algorithm/blastn/coordination.rs	575	scan_subjects_metadata	ncbi-blast/c++/src/algo/blast/core/blast_engine.c	c++/src/algo/blast/core/blast_engine.c	1407-1427	BLAST_PreliminarySearchEngine
LOSAT/src/algorithm/blastn/coordination.rs	615	collect_lowercase_masks	ncbi-blast/c++/src/objtools/readers/fasta.cpp	c++/src/objtools/readers/fasta.cpp	856-874	CFastaReader::ParseDataLine
LOSAT/src/algorithm/blastn/coordination.rs	623	collect_lowercase_masks	ncbi-blast/c++/src/objtools/readers/fasta.cpp	c++/src/objtools/readers/fasta.cpp	1079-1089	CFastaReader::x_OpenMask
LOSAT/src/algorithm/blastn/coordination.rs	661	collect_lowercase_masks_for_records	ncbi-blast/c++/src/algo/blast/blastinput/blast_args.cpp	c++/src/algo/blast/blastinput/blast_args.cpp	2547-2556	CBlastDatabaseArgs::ExtractAlgorithmOptions
LOSAT/src/algorithm/blastn/coordination.rs	673	merge_mask_intervals	ncbi-blast/c++/src/algo/blast/api/dust_filter.cpp	c++/src/algo/blast/api/dust_filter.cpp	92-128	s_CombineDustMasksWithUserProvidedMasks
LOSAT/src/algorithm/blastn/coordination.rs	711	build_lookup_tables	ncbi-blast/c++/src/algo/blast/api/dust_filter.cpp	c++/src/algo/blast/api/dust_filter.cpp	92-128	s_CombineDustMasksWithUserProvidedMasks
LOSAT/src/algorithm/blastn/coordination.rs	725	build_lookup_tables	mnt/c/Users/genom/GitHub/ncbi-blast/c++/src/algo/blast/api/dust_filter.cpp	c++/src/algo/blast/api/dust_filter.cpp	92-102	s_CombineDustMasksWithUserProvidedMasks
LOSAT/src/algorithm/blastn/coordination.rs	769	build_lookup_tables	ncbi-blast/c++/src/algo/blast/core/blast_nalookup.c	c++/src/algo/blast/core/blast_nalookup.c	1231-1344	BlastMBLookupTableNew
LOSAT/src/algorithm/blastn/coordination.rs	786	build_lookup_tables	ncbi-blast/c++/src/algo/blast/core/blast_nalookup.c	c++/src/algo/blast/core/blast_nalookup.c	1312-1325	BlastMBLookupTableNew
LOSAT/src/algorithm/blastn/coordination.rs	797	build_lookup_tables	ncbi-blast/c++/src/algo/blast/core/blast_nalookup.c	c++/src/algo/blast/core/blast_nalookup.c	1270-1306	BlastMBLookupTableNew
LOSAT/src/algorithm/blastn/coordination.rs	803	build_lookup_tables	ncbi-blast/c++/src/algo/blast/api/blast_setup_cxx.cpp	c++/src/algo/blast/api/blast_setup_cxx.cpp	836-847	SetupSubjects_OMF
LOSAT/src/algorithm/blastn/coordination.rs	817	build_lookup_tables	ncbi-blast/c++/src/algo/blast/core/blast_nalookup.c	c++/src/algo/blast/core/blast_nalookup.c	865-868	s_FillPV
LOSAT/src/algorithm/blastn/coordination.rs	837	build_lookup_tables	ncbi-blast/c++/src/algo/blast/core/blast_nalookup.c	c++/src/algo/blast/core/blast_nalookup.c	1027-1034	s_FillContigMBTable
LOSAT/src/algorithm/blastn/coordination.rs	876	query_masks	ncbi-blast/c++/src/algo/blast/core/blast_nalookup.c	c++/src/algo/blast/core/blast_nalookup.c	548-583	BlastNaLookupTableNew
LOSAT/src/algorithm/blastn/coordination.rs	924	chunk_query_masks	ncbi-blast/c++/src/algo/blast/blastinput/blast_args.cpp	c++/src/algo/blast/blastinput/blast_args.cpp	2547-2556	CBlastDatabaseArgs::ExtractAlgorithmOptions
LOSAT/src/algorithm/blastn/coordination.rs	929	chunk_query_masks	ncbi-blast/c++/src/algo/blast/api/dust_filter.cpp	c++/src/algo/blast/api/dust_filter.cpp	92-128	s_CombineDustMasksWithUserProvidedMasks
LOSAT/src/algorithm/blastn/coordination.rs	951	chunk_query_masks	ncbi-blast/c++/src/algo/blast/api/dust_filter.cpp	c++/src/algo/blast/api/dust_filter.cpp	171-180	Blast_FindDustFilterLoc
LOSAT/src/algorithm/blastn/coordination.rs	962	chunk_query_masks	ncbi-blast/c++/src/algo/blast/api/dust_filter.cpp	c++/src/algo/blast/api/dust_filter.cpp	121-128	s_CombineDustMasksWithUserProvidedMasks
LOSAT/src/algorithm/blastn/coordination.rs	997	test_collect_lowercase_masks	ncbi-blast/c++/src/algo/blast/core/blast_engine.c	c++/src/algo/blast/core/blast_engine.c	1407-1409	BLAST_PreliminarySearchEngine
LOSAT/src/algorithm/blastn/coordination.rs	1004	test_collect_lowercase_masks	ncbi-blast/c++/include/algo/blast/core/blast_hits.h	c++/include/algo/blast/core/blast_hits.h	153-155	<BlastHSPList>
LOSAT/src/algorithm/blastn/coordination.rs	1024	test_collect_lowercase_masks	ncbi-blast/c++/src/objtools/readers/fasta.cpp	c++/src/objtools/readers/fasta.cpp	867-949	CFastaReader::ParseDataLine
LOSAT/src/algorithm/blastn/coordination.rs	1041	test_merge_mask_intervals	ncbi-blast/c++/src/algo/blast/api/dust_filter.cpp	c++/src/algo/blast/api/dust_filter.cpp	121-127	s_CombineDustMasksWithUserProvidedMasks
LOSAT/src/algorithm/blastn/extension.rs	6	build_nucl_score_table	ncbi-blast/c++/include/algo/blast/core/blast_encoding.h	c++/include/algo/blast/core/blast_encoding.h	91-92	#define BLAST2NA_SIZE
LOSAT/src/algorithm/blastn/extension.rs	13	build_nucl_score_table	ncbi-blast/c++/include/algo/blast/core/blast_extend.h	c++/include/algo/blast/core/blast_extend.h	141-147	<BlastUngappedData>
LOSAT/src/algorithm/blastn/extension.rs	31	build_nucl_score_table	ncbi-blast/c++/src/algo/blast/core/blast_parameters.c	c++/src/algo/blast/core/blast_parameters.c	236-259	BlastInitialWordParametersNew
LOSAT/src/algorithm/blastn/extension.rs	72	ncbi2na_unpack_base	ncbi-blast/c++/include/algo/blast/core/blast_util.h	c++/include/algo/blast/core/blast_util.h	51-55	#define NCBI2NA_MASK
LOSAT/src/algorithm/blastn/extension.rs	82	extend_hit_ungapped_exact_ncbi	ncbi-blast/c++/src/algo/blast/core/na_ungapped.c	c++/src/algo/blast/core/na_ungapped.c	148-242	s_NuclUngappedExtendExact
LOSAT/src/algorithm/blastn/extension.rs	148	extend_hit_ungapped_exact_ncbi	ncbi-blast/c++/src/algo/blast/core/na_ungapped.c	c++/src/algo/blast/core/na_ungapped.c	188-199	s_NuclUngappedExtendExact
LOSAT/src/algorithm/blastn/extension.rs	200	build_query_four_base_bytes	ncbi-blast/c++/src/algo/blast/core/na_ungapped.c	c++/src/algo/blast/core/na_ungapped.c	217-229	s_NuclUngappedExtendExact
LOSAT/src/algorithm/blastn/extension.rs	243	build_query_four_base_bytes	c++/src/algo/blast/core/na_ungapped.c	c++/src/algo/blast/core/na_ungapped.c	292-294	s_NuclUngappedExtend
LOSAT/src/algorithm/blastn/extension.rs	254	every_blastna_word_and_starting_phase_matches_c_uint1_expression	c++/src/algo/blast/core/na_ungapped.c	c++/src/algo/blast/core/na_ungapped.c	294	s_NuclUngappedExtend
LOSAT/src/algorithm/blastn/extension.rs	287	build_compressed_query	ncbi-blast/c++/src/algo/blast/core/blast_util.c	c++/src/algo/blast/core/blast_util.c	473-499	BlastCompressBlastnaSequence
LOSAT/src/algorithm/blastn/extension.rs	335	exact_match_extend_left	ncbi-blast/c++/src/algo/blast/core/na_ungapped.c	c++/src/algo/blast/core/na_ungapped.c	1326-1330	<file scope>
LOSAT/src/algorithm/blastn/extension.rs	343	exact_match_extend_left	ncbi-blast/c++/src/algo/blast/core/na_ungapped.c	c++/src/algo/blast/core/na_ungapped.c	1349-1354	<file scope>
LOSAT/src/algorithm/blastn/extension.rs	378	extend	ncbi-blast/c++/src/algo/blast/core/na_ungapped.c	c++/src/algo/blast/core/na_ungapped.c	1514-1566	s_BlastSmallNaExtend
LOSAT/src/algorithm/blastn/extension.rs	499	extend_aligned_one_byte	ncbi-blast/c++/src/algo/blast/core/na_ungapped.c	c++/src/algo/blast/core/na_ungapped.c	1415-1435	s_BlastSmallNaExtendAlignedOneByte
LOSAT/src/algorithm/blastn/extension.rs	567	exact_match_counts_are_ncbi_tables	ncbi-blast/c++/src/algo/blast/core/na_ungapped.c	c++/src/algo/blast/core/na_ungapped.c	1330-1347	<file scope>
LOSAT/src/algorithm/blastn/extension.rs	582	exact_match_counts_are_ncbi_tables	ncbi-blast/c++/src/algo/blast/core/na_ungapped.c	c++/src/algo/blast/core/na_ungapped.c	1353-1358	<file scope>
LOSAT/src/algorithm/blastn/extension.rs	609	ncbi_compress	ncbi-blast/c++/src/algo/blast/core/blast_util.c	c++/src/algo/blast/core/blast_util.c	473-499	BlastCompressBlastnaSequence
LOSAT/src/algorithm/blastn/extension.rs	706	extend_hit_ungapped_approx_ncbi	ncbi-blast/c++/src/algo/blast/core/na_ungapped.c	c++/src/algo/blast/core/na_ungapped.c	261-349	s_NuclUngappedExtend
LOSAT/src/algorithm/blastn/extension.rs	760	extend_hit_ungapped_approx_ncbi	ncbi-blast/c++/src/algo/blast/core/na_ungapped.c	c++/src/algo/blast/core/na_ungapped.c	292-304	s_NuclUngappedExtend
LOSAT/src/algorithm/blastn/extension.rs	767	extend_hit_ungapped_approx_ncbi	c++/src/algo/blast/core/na_ungapped.c	c++/src/algo/blast/core/na_ungapped.c	294	s_NuclUngappedExtend
LOSAT/src/algorithm/blastn/extension.rs	794	extend_hit_ungapped_approx_ncbi	ncbi-blast/c++/src/algo/blast/core/na_ungapped.c	c++/src/algo/blast/core/na_ungapped.c	322-334	s_NuclUngappedExtend
LOSAT/src/algorithm/blastn/extension.rs	802	extend_hit_ungapped_approx_ncbi	c++/src/algo/blast/core/na_ungapped.c	c++/src/algo/blast/core/na_ungapped.c	324	s_NuclUngappedExtend
LOSAT/src/algorithm/blastn/extension.rs	947	type_of_word	na_ungapped.c	c++/src/algo/blast/core/na_ungapped.c	508-607	s_TypeOfWord
LOSAT/src/algorithm/blastn/extension.rs	986	type_of_word	na_ungapped.c	c++/src/algo/blast/core/na_ungapped.c	508-607	s_TypeOfWord
LOSAT/src/algorithm/blastn/extension.rs	992	type_of_word	ncbi-blast/c++/src/algo/blast/core/na_ungapped.c	c++/src/algo/blast/core/na_ungapped.c	531	s_TypeOfWord
LOSAT/src/algorithm/blastn/extension.rs	1010	type_of_word	ncbi-blast/c++/src/algo/blast/core/na_ungapped.c	c++/src/algo/blast/core/na_ungapped.c	452-490	s_IsSeedMasked
LOSAT/src/algorithm/blastn/extension.rs	1020	type_of_word	ncbi-blast/c++/src/algo/blast/core/na_ungapped.c	c++/src/algo/blast/core/na_ungapped.c	540-544	s_TypeOfWord
LOSAT/src/algorithm/blastn/extension.rs	1032	type_of_word	ncbi-blast/c++/src/algo/blast/core/na_ungapped.c	c++/src/algo/blast/core/na_ungapped.c	546-549	s_TypeOfWord
LOSAT/src/algorithm/blastn/extension.rs	1046	type_of_word	ncbi-blast/c++/src/algo/blast/core/na_ungapped.c	c++/src/algo/blast/core/na_ungapped.c	546-549	s_TypeOfWord
LOSAT/src/algorithm/blastn/extension.rs	1060	type_of_word	ncbi-blast/c++/src/algo/blast/core/na_ungapped.c	c++/src/algo/blast/core/na_ungapped.c	553-554	s_TypeOfWord
LOSAT/src/algorithm/blastn/extension.rs	1081	type_of_word	ncbi-blast/c++/src/algo/blast/core/na_ungapped.c	c++/src/algo/blast/core/na_ungapped.c	559	s_TypeOfWord
LOSAT/src/algorithm/blastn/extension.rs	1099	type_of_word	ncbi-blast/c++/src/algo/blast/core/na_ungapped.c	c++/src/algo/blast/core/na_ungapped.c	563-569	s_TypeOfWord
LOSAT/src/algorithm/blastn/extension.rs	1129	type_of_word	ncbi-blast/c++/src/algo/blast/core/na_ungapped.c	c++/src/algo/blast/core/na_ungapped.c	575-576	s_TypeOfWord
LOSAT/src/algorithm/blastn/extension.rs	1182	type_of_word	ncbi-blast/c++/src/algo/blast/core/na_ungapped.c	c++/src/algo/blast/core/na_ungapped.c	597-599	s_TypeOfWord
LOSAT/src/algorithm/blastn/extension.rs	1195	type_of_word	ncbi-blast/c++/src/algo/blast/core/na_ungapped.c	c++/src/algo/blast/core/na_ungapped.c	605	s_TypeOfWord
LOSAT/src/algorithm/blastn/filtering/purge_endpoints.rs	18	adjust_blastn_offsets	c++/include/algo/blast/core/blast_hits.h	c++/include/algo/blast/core/blast_hits.h	153-166	<BlastHSPList>
LOSAT/src/algorithm/blastn/filtering/purge_endpoints.rs	26	adjust_blastn_offsets	ncbi-blast/c++/src/algo/blast/core/blast_hits.c	c++/src/algo/blast/core/blast_hits.c	1122-1132	Blast_HSPGetAdjustedOffsets
LOSAT/src/algorithm/blastn/filtering/purge_endpoints.rs	63	blastn_hsp_context	mnt/c/Users/genom/GitHub/ncbi-blast/c++/src/algo/blast/core/blast_hits.c	c++/src/algo/blast/core/blast_hits.c	2484-2487	Blast_HSPListPurgeHSPsWithCommonEndpoints
LOSAT/src/algorithm/blastn/filtering/purge_endpoints.rs	74	compare_query_offset_hsps_for_common_endpoint	mnt/c/Users/genom/GitHub/ncbi-blast/c++/src/algo/blast/core/blast_hits.c	c++/src/algo/blast/core/blast_hits.c	2285-2318	s_QueryOffsetCompareHSPs
LOSAT/src/algorithm/blastn/filtering/purge_endpoints.rs	99	compare_query_end_hsps_for_common_endpoint	mnt/c/Users/genom/GitHub/ncbi-blast/c++/src/algo/blast/core/blast_hits.c	c++/src/algo/blast/core/blast_hits.c	2350-2384	s_QueryEndCompareHSPs
LOSAT/src/algorithm/blastn/filtering/purge_endpoints.rs	131	cut_off_gap_edit_script	blast_hits.c	c++/src/algo/blast/core/blast_hits.c	2392-2452	s_CutOffGapEditScript
LOSAT/src/algorithm/blastn/filtering/purge_endpoints.rs	187	cut_off_gap_edit_script	ncbi-blast/c++/src/algo/blast/core/blast_hits.c	c++/src/algo/blast/core/blast_hits.c	2392-2396	s_CutOffGapEditScript
LOSAT/src/algorithm/blastn/filtering/purge_endpoints.rs	204	cut_off_gap_edit_script	ncbi-blast/c++/src/algo/blast/core/blast_hits.c	c++/src/algo/blast/core/blast_hits.c	2398-2401	s_CutOffGapEditScript
LOSAT/src/algorithm/blastn/filtering/purge_endpoints.rs	287	cut_off_gap_edit_script	ncbi-blast/c++/src/algo/blast/core/blast_hits.c	c++/src/algo/blast/core/blast_hits.c	2426-2439	s_CutOffGapEditScript
LOSAT/src/algorithm/blastn/filtering/purge_endpoints.rs	320	cut_off_gap_edit_script	ncbi-blast/c++/src/algo/blast/core/blast_hits.c	c++/src/algo/blast/core/blast_hits.c	2442-2449	s_CutOffGapEditScript
LOSAT/src/algorithm/blastn/filtering/purge_endpoints.rs	355	cut_off_gap_edit_script	ncbi-blast/c++/src/algo/blast/core/blast_hits.c	c++/src/algo/blast/core/blast_hits.c	2436-2444	s_CutOffGapEditScript
LOSAT/src/algorithm/blastn/filtering/purge_endpoints.rs	393	purge_hsps_with_common_endpoints_ex	blast_hits.c	c++/src/algo/blast/core/blast_hits.c	2455-2535	Blast_HSPListPurgeHSPsWithCommonEndpoints
LOSAT/src/algorithm/blastn/filtering/purge_endpoints.rs	440	purge_hsps_with_common_endpoints_ex	ncbi-blast/c++/src/algo/blast/core/blast_traceback.c	c++/src/algo/blast/core/blast_traceback.c	637-668	Blast_TracebackFromHSPList
LOSAT/src/algorithm/blastn/filtering/purge_endpoints.rs	456	purge_hsps_with_common_endpoints	ncbi-blast/c++/include/algo/blast/core/blast_hits.h	c++/include/algo/blast/core/blast_hits.h	153-166	<BlastHSPList>
LOSAT/src/algorithm/blastn/filtering/purge_endpoints.rs	466	purge_hsps_with_common_endpoints	blast_hits.c	c++/src/algo/blast/core/blast_hits.c	2455-2535	Blast_HSPListPurgeHSPsWithCommonEndpoints
LOSAT/src/algorithm/blastn/filtering/purge_endpoints.rs	505	hsp_for_handle	c++/include/algo/blast/core/blast_hits.h	c++/include/algo/blast/core/blast_hits.h	153-166	<BlastHSPList>
LOSAT/src/algorithm/blastn/filtering/purge_endpoints.rs	510	hsp_for_handle	c++/src/algo/blast/core/blast_hits.c	c++/src/algo/blast/core/blast_hits.c	2482-2487	Blast_HSPListPurgeHSPsWithCommonEndpoints
LOSAT/src/algorithm/blastn/filtering/purge_endpoints.rs	523	purge_hsps_for_subject_ex	blast_hits.c	c++/src/algo/blast/core/blast_hits.c	2455-2535	Blast_HSPListPurgeHSPsWithCommonEndpoints
LOSAT/src/algorithm/blastn/filtering/purge_endpoints.rs	538	purge_hsps_for_subject_ex	c++/src/algo/blast/core/blast_hits.c	c++/src/algo/blast/core/blast_hits.c	2471-2478	Blast_HSPListPurgeHSPsWithCommonEndpoints
LOSAT/src/algorithm/blastn/filtering/purge_endpoints.rs	552	purge_hsps_for_subject_ex	ncbi-blast/c++/src/algo/blast/core/blast_hits.c	c++/src/algo/blast/core/blast_hits.c	2471-2478	Blast_HSPListPurgeHSPsWithCommonEndpoints
LOSAT/src/algorithm/blastn/filtering/purge_endpoints.rs	566	purge_hsps_for_subject_ex	blast_hits.c	c++/src/algo/blast/core/blast_hits.c	2480-2500	Blast_HSPListPurgeHSPsWithCommonEndpoints
LOSAT/src/algorithm/blastn/filtering/purge_endpoints.rs	572	purge_hsps_for_subject_ex	ncbi-blast/c++/src/algo/blast/core/blast_hits.c	c++/src/algo/blast/core/blast_hits.c	2478-2500	Blast_HSPListPurgeHSPsWithCommonEndpoints
LOSAT/src/algorithm/blastn/filtering/purge_endpoints.rs	616	purge_hsps_for_subject_ex	c++/src/algo/blast/core/blast_hits.c	c++/src/algo/blast/core/blast_hits.c	2490-2492	Blast_HSPListPurgeHSPsWithCommonEndpoints
LOSAT/src/algorithm/blastn/filtering/purge_endpoints.rs	636	purge_hsps_for_subject_ex	c++/src/algo/blast/core/blast_hits.c	c++/src/algo/blast/core/blast_hits.c	2494	Blast_HSPListPurgeHSPsWithCommonEndpoints
LOSAT/src/algorithm/blastn/filtering/purge_endpoints.rs	648	purge_hsps_for_subject_ex	c++/src/algo/blast/core/blast_hits.c	c++/src/algo/blast/core/blast_hits.c	2496-2499	Blast_HSPListPurgeHSPsWithCommonEndpoints
LOSAT/src/algorithm/blastn/filtering/purge_endpoints.rs	658	purge_hsps_for_subject_ex	blast_hits.c	c++/src/algo/blast/core/blast_hits.c	2504-2526	Blast_HSPListPurgeHSPsWithCommonEndpoints
LOSAT/src/algorithm/blastn/filtering/purge_endpoints.rs	659	purge_hsps_for_subject_ex	mnt/c/Users/genom/GitHub/ncbi-blast/c++/src/algo/blast/core/blast_hits.c	c++/src/algo/blast/core/blast_hits.c	2504	Blast_HSPListPurgeHSPsWithCommonEndpoints
LOSAT/src/algorithm/blastn/filtering/purge_endpoints.rs	670	purge_hsps_for_subject_ex	blast_hits.c	c++/src/algo/blast/core/blast_hits.c	2516-2520	Blast_HSPListPurgeHSPsWithCommonEndpoints
LOSAT/src/algorithm/blastn/filtering/purge_endpoints.rs	676	purge_hsps_for_subject_ex	ncbi-blast/c++/src/algo/blast/core/blast_hits.c	c++/src/algo/blast/core/blast_hits.c	2512-2528	Blast_HSPListPurgeHSPsWithCommonEndpoints
LOSAT/src/algorithm/blastn/filtering/purge_endpoints.rs	719	purge_hsps_for_subject_ex	c++/src/algo/blast/core/blast_hits.c	c++/src/algo/blast/core/blast_hits.c	2490-2492	Blast_HSPListPurgeHSPsWithCommonEndpoints
LOSAT/src/algorithm/blastn/filtering/purge_endpoints.rs	744	purge_hsps_for_subject_ex	c++/src/algo/blast/core/blast_hits.c	c++/src/algo/blast/core/blast_hits.c	2494	Blast_HSPListPurgeHSPsWithCommonEndpoints
LOSAT/src/algorithm/blastn/filtering/purge_endpoints.rs	756	purge_hsps_for_subject_ex	c++/src/algo/blast/core/blast_hits.c	c++/src/algo/blast/core/blast_hits.c	2496-2499	Blast_HSPListPurgeHSPsWithCommonEndpoints
LOSAT/src/algorithm/blastn/filtering/purge_endpoints.rs	765	qsort_hsp_array_prefix_by	ncbi-blast/c++/src/algo/blast/core/blast_hits.c	c++/src/algo/blast/core/blast_hits.c	2530-2535	Blast_HSPListPurgeHSPsWithCommonEndpoints
LOSAT/src/algorithm/blastn/filtering/purge_endpoints.rs	780	qsort_hsp_array_prefix_by	c++/src/algo/blast/core/blast_hits.c	c++/src/algo/blast/core/blast_hits.c	2530-2535	Blast_HSPListPurgeHSPsWithCommonEndpoints
LOSAT/src/algorithm/blastn/filtering/purge_endpoints.rs	810	qsort_hsp_array_prefix_by	ncbi-blast/c++/src/algo/blast/core/blast_hits.c	c++/src/algo/blast/core/blast_hits.c	2268-2387	s_QueryOffsetCompareHSPs
LOSAT/src/algorithm/blastn/filtering/purge_endpoints.rs	826	same_common_start	c++/src/algo/blast/core/blast_hits.c	c++/src/algo/blast/core/blast_hits.c	2478	Blast_HSPListPurgeHSPsWithCommonEndpoints
LOSAT/src/algorithm/blastn/filtering/purge_endpoints.rs	843	same_common_start	ncbi-blast/c++/src/algo/blast/core/blast_hits.c	c++/src/algo/blast/core/blast_hits.c	2482-2487	Blast_HSPListPurgeHSPsWithCommonEndpoints
LOSAT/src/algorithm/blastn/filtering/purge_endpoints.rs	872	same_common_end	ncbi-blast/c++/src/algo/blast/core/blast_hits.c	c++/src/algo/blast/core/blast_hits.c	2508-2513	Blast_HSPListPurgeHSPsWithCommonEndpoints
LOSAT/src/algorithm/blastn/filtering/purge_endpoints.rs	901	trace_common_endpoint_purge_decision	ncbi-blast/c++/src/algo/blast/core/blast_hits.c	c++/src/algo/blast/core/blast_hits.c	2480-2499	Blast_HSPListPurgeHSPsWithCommonEndpoints
LOSAT/src/algorithm/blastn/filtering/purge_endpoints.rs	916	trace_common_endpoint_purge_decision	ncbi-blast/c++/src/algo/blast/core/blast_hits.c	c++/src/algo/blast/core/blast_hits.c	2512-2525	Blast_HSPListPurgeHSPsWithCommonEndpoints
LOSAT/src/algorithm/blastn/filtering/purge_endpoints.rs	1006	edit_script_consumption	ncbi-blast/c++/src/algo/blast/core/blast_stat.c	c++/src/algo/blast/core/blast_stat.c	1060-1068	BlastScoreBlkNuclMatrixCreate
LOSAT/src/algorithm/blastn/filtering/purge_endpoints.rs	1013	edit_script_consumption	ncbi-blast/c++/include/algo/blast/core/gapinfo.h	c++/include/algo/blast/core/gapinfo.h	45-53	<EGapAlignOpType>
LOSAT/src/algorithm/blastn/filtering/purge_endpoints.rs	1035	opaque_equal_endpoint_hsps	ncbi-blast/c++/include/algo/blast/core/blast_hits.h	c++/include/algo/blast/core/blast_hits.h	125-148	<BlastHSP>
LOSAT/src/algorithm/blastn/filtering/purge_endpoints.rs	1096	common_endpoint_shifts_preserve_trimmed_tail_and_active_boundary	c++/src/algo/blast/core/blast_hits.c	c++/src/algo/blast/core/blast_hits.c	2480-2535	Blast_HSPListPurgeHSPsWithCommonEndpoints
LOSAT/src/algorithm/blastn/filtering/purge_endpoints.rs	1158	handle_sort_keeps_payload_addresses_equal_order_and_tail	c++/src/algo/blast/core/blast_hits.c	c++/src/algo/blast/core/blast_hits.c	2478	Blast_HSPListPurgeHSPsWithCommonEndpoints
LOSAT/src/algorithm/blastn/filtering/purge_endpoints.rs	1204	final_active_slot_can_be_trimmed_or_deleted_in_either_pass	c++/src/algo/blast/core/blast_hits.c	c++/src/algo/blast/core/blast_hits.c	2490-2499	Blast_HSPListPurgeHSPsWithCommonEndpoints
LOSAT/src/algorithm/blastn/filtering/purge_endpoints.rs	1263	purge_after_injected_common_start_sort	ncbi-blast/c++/src/algo/blast/core/blast_hits.c	c++/src/algo/blast/core/blast_hits.c	2478-2500	Blast_HSPListPurgeHSPsWithCommonEndpoints
LOSAT/src/algorithm/blastn/filtering/purge_endpoints.rs	1302	equivalent_scripts_keep_endpoints_and_score	ncbi-blast/c++/src/algo/blast/core/blast_hits.c	c++/src/algo/blast/core/blast_hits.c	2268-2387	s_QueryOffsetCompareHSPs
LOSAT/src/algorithm/blastn/filtering/purge_endpoints.rs	1345	common_endpoint_comparator_ignores_edit_script	ncbi-blast/c++/src/algo/blast/core/blast_hits.c	c++/src/algo/blast/core/blast_hits.c	2285-2387	s_QueryOffsetCompareHSPs
LOSAT/src/algorithm/blastn/filtering/purge_endpoints.rs	1375	source_compatible_first_survivor_accepts_either_equal_order	ncbi-blast/c++/src/algo/blast/core/blast_hits.c	c++/src/algo/blast/core/blast_hits.c	2478-2500	Blast_HSPListPurgeHSPsWithCommonEndpoints
LOSAT/src/algorithm/blastn/filtering/purge_endpoints.rs	1392	source_compatible_purge_never_synthesizes_edit_script	ncbi-blast/c++/src/algo/blast/core/blast_hits.c	c++/src/algo/blast/core/blast_hits.c	2488-2498	Blast_HSPListPurgeHSPsWithCommonEndpoints
LOSAT/src/algorithm/blastn/filtering/purge_endpoints.rs	1434	test_purge_common_start_keeps_longer_end_on_score_tie	ncbi-blast/c++/src/algo/blast/core/blast_hits.c	c++/src/algo/blast/core/blast_hits.c	2285-2318	s_QueryOffsetCompareHSPs
LOSAT/src/algorithm/blastn/filtering/purge_endpoints.rs	1450	stats_from_edit_ops	ncbi-blast/c++/include/algo/blast/core/blast_hits.h	c++/include/algo/blast/core/blast_hits.h	125-148	<BlastHSP>
LOSAT/src/algorithm/blastn/filtering/purge_endpoints.rs	1498	stats_from_edit_ops	ncbi-blast/c++/src/algo/blast/core/blast_hits.c	c++/src/algo/blast/core/blast_hits.c	745-818	s_Blast_HSPGetNumIdentitiesAndPositives
LOSAT/src/algorithm/blastn/filtering/purge_endpoints.rs	1499	stats_from_edit_ops	ncbi-blast/c++/src/algo/blast/core/blast_hits.c	c++/src/algo/blast/core/blast_hits.c	1055-1074	Blast_HSPCalcLengthAndGaps
LOSAT/src/algorithm/blastn/filtering/purge_endpoints.rs	1551	hsp_test	ncbi-blast/c++/src/algo/blast/core/blast_hits.c	c++/src/algo/blast/core/blast_hits.c	993-1001	s_HSPTest
LOSAT/src/algorithm/blastn/filtering/purge_endpoints.rs	1580	blast_hsp_test_identity_and_length	ncbi-blast/c++/src/algo/blast/core/blast_traceback.c	c++/src/algo/blast/core/blast_traceback.c	656-663	Blast_TracebackFromHSPList
LOSAT/src/algorithm/blastn/filtering/purge_endpoints.rs	1588	blast_hsp_test_identity_and_length	ncbi-blast/c++/src/algo/blast/core/blast_hits.c	c++/src/algo/blast/core/blast_hits.c	745-818	s_Blast_HSPGetNumIdentitiesAndPositives
LOSAT/src/algorithm/blastn/filtering/purge_endpoints.rs	1605	blast_hsp_test_identity_and_length	ncbi-blast/c++/src/algo/blast/core/blast_hits.c	c++/src/algo/blast/core/blast_hits.c	758-765	s_Blast_HSPGetNumIdentitiesAndPositives
LOSAT/src/algorithm/blastn/filtering/purge_endpoints.rs	1612	blast_hsp_test_identity_and_length	ncbi-blast/c++/src/algo/blast/core/blast_traceback.c	c++/src/algo/blast/core/blast_traceback.c	678-692	Blast_TracebackFromHSPList
LOSAT/src/algorithm/blastn/filtering/purge_endpoints.rs	1648	blast_hsp_test_identity_and_length	ncbi-blast/c++/src/algo/blast/core/blast_hits.c	c++/src/algo/blast/core/blast_hits.c	746-824	s_Blast_HSPGetNumIdentitiesAndPositives
LOSAT/src/algorithm/blastn/filtering/purge_endpoints.rs	1671	blast_hsp_test_identity_and_length	blast_traceback.c	c++/src/algo/blast/core/blast_traceback.c	234-250	s_HSPListPostTracebackUpdate
LOSAT/src/algorithm/blastn/filtering/purge_endpoints.rs	1678	blast_hsp_test_identity_and_length	ncbi-blast/c++/src/algo/blast/core/blast_hits.c	c++/src/algo/blast/core/blast_hits.c	1864-1870	Blast_HSPListGetEvalues
LOSAT/src/algorithm/blastn/filtering/purge_endpoints.rs	1691	reevaluate_hsp_with_ambiguities_gapped	blast_hits.c	c++/src/algo/blast/core/blast_hits.c	479-647	Blast_HSPReevaluateWithAmbiguitiesGapped
LOSAT/src/algorithm/blastn/filtering/purge_endpoints.rs	1771	reevaluate_hsp_with_ambiguities_gapped_ex	ncbi-blast/c++/src/algo/blast/core/blast_traceback.c	c++/src/algo/blast/core/blast_traceback.c	656-663	Blast_TracebackFromHSPList
LOSAT/src/algorithm/blastn/filtering/purge_endpoints.rs	1783	reevaluate_hsp_with_ambiguities_gapped_ex	blast_traceback.c	c++/src/algo/blast/core/blast_traceback.c	234-250	s_HSPListPostTracebackUpdate
LOSAT/src/algorithm/blastn/filtering/purge_endpoints.rs	1796	reevaluate_hsp_with_ambiguities_gapped_ex	blast_hits.c	c++/src/algo/blast/core/blast_hits.c	539-540	Blast_HSPReevaluateWithAmbiguitiesGapped
LOSAT/src/algorithm/blastn/filtering/purge_endpoints.rs	1804	reevaluate_hsp_with_ambiguities_gapped_ex	blast_hits.c	c++/src/algo/blast/core/blast_hits.c	528-535	Blast_HSPReevaluateWithAmbiguitiesGapped
LOSAT/src/algorithm/blastn/filtering/purge_endpoints.rs	1810	reevaluate_hsp_with_ambiguities_gapped_ex	blast_hits.c	c++/src/algo/blast/core/blast_hits.c	508-526	Blast_HSPReevaluateWithAmbiguitiesGapped
LOSAT/src/algorithm/blastn/filtering/purge_endpoints.rs	1821	reevaluate_hsp_with_ambiguities_gapped_ex	ncbi-blast/c++/src/algo/blast/core/blast_hits.c	c++/src/algo/blast/core/blast_hits.c	507-514	Blast_HSPReevaluateWithAmbiguitiesGapped
LOSAT/src/algorithm/blastn/filtering/purge_endpoints.rs	1872	reevaluate_hsp_with_ambiguities_gapped_ex	ncbi-blast/c++/src/algo/blast/core/blast_hits.c	c++/src/algo/blast/core/blast_hits.c	562-608	Blast_HSPReevaluateWithAmbiguitiesGapped
LOSAT/src/algorithm/blastn/filtering/purge_endpoints.rs	1939	reevaluate_hsp_with_ambiguities_gapped_ex	blast_hits.c	c++/src/algo/blast/core/blast_hits.c	541-610	Blast_HSPReevaluateWithAmbiguitiesGapped
LOSAT/src/algorithm/blastn/filtering/purge_endpoints.rs	1954	reevaluate_hsp_with_ambiguities_gapped_ex	ncbi-blast/c++/src/algo/blast/core/blast_hits.c	c++/src/algo/blast/core/blast_hits.c	547-551	Blast_HSPReevaluateWithAmbiguitiesGapped
LOSAT/src/algorithm/blastn/filtering/purge_endpoints.rs	2045	reevaluate_hsp_with_ambiguities_gapped_ex	blast_hits.c	c++/src/algo/blast/core/blast_hits.c	612-616	Blast_HSPReevaluateWithAmbiguitiesGapped
LOSAT/src/algorithm/blastn/filtering/purge_endpoints.rs	2048	reevaluate_hsp_with_ambiguities_gapped_ex	blast_hits.c	c++/src/algo/blast/core/blast_hits.c	617-638	Blast_HSPReevaluateWithAmbiguitiesGapped
LOSAT/src/algorithm/blastn/filtering/purge_endpoints.rs	2102	reevaluate_hsp_with_ambiguities_gapped_ex	ncbi-blast/c++/src/algo/blast/core/blast_hits.c	c++/src/algo/blast/core/blast_hits.c	640-646	Blast_HSPReevaluateWithAmbiguitiesGapped
LOSAT/src/algorithm/blastn/filtering/purge_endpoints.rs	2114	reevaluate_hsp_with_ambiguities_gapped_ex	blast_hits.c	c++/src/algo/blast/core/blast_hits.c	414-470	s_HSPPHIGetEvalue
LOSAT/src/algorithm/blastn/filtering/purge_endpoints.rs	2116	reevaluate_hsp_with_ambiguities_gapped_ex	ncbi-blast/c++/src/algo/blast/core/blast_hits.c	c++/src/algo/blast/core/blast_hits.c	452-455	s_UpdateReevaluatedHSP
LOSAT/src/algorithm/blastn/filtering/purge_endpoints.rs	2139	reevaluate_hsp_with_ambiguities_gapped_ex	ncbi-blast/c++/src/algo/blast/core/blast_hits.c	c++/src/algo/blast/core/blast_hits.c	460-470	s_UpdateReevaluatedHSP
LOSAT/src/algorithm/blastn/filtering/purge_endpoints.rs	2178	reevaluate_hsp_with_ambiguities_gapped_ex	blast_traceback.c	c++/src/algo/blast/core/blast_traceback.c	234-250	s_HSPListPostTracebackUpdate
LOSAT/src/algorithm/blastn/filtering/purge_endpoints.rs	2183	reevaluate_hsp_with_ambiguities_gapped_ex	blast_stat.c	c++/src/algo/blast/core/blast_stat.c		<no line>
LOSAT/src/algorithm/blastn/filtering/purge_endpoints.rs	2188	reevaluate_hsp_with_ambiguities_gapped_ex	ncbi-blast/c++/src/algo/blast/core/blast_hits.c	c++/src/algo/blast/core/blast_hits.c	1864-1870	Blast_HSPListGetEvalues
LOSAT/src/algorithm/blastn/filtering/purge_endpoints.rs	2202	reevaluate_hsp_with_ambiguities_gapped_ex	ncbi-blast/c++/src/algo/blast/core/blast_stat.c	c++/src/algo/blast/core/blast_stat.c	4157-4171	BLAST_KarlinStoE_simple
LOSAT/src/algorithm/blastn/filtering/subject_best_hit.rs	12	subject_best_hit	blast_options.h	c++/include/algo/blast/core/blast_options.h	1211-1212	#define DEFAULT_SUBJECT_BESTHIT_PROT_MAX_RANGE_DIFF
LOSAT/src/algorithm/blastn/filtering/subject_best_hit.rs	29	subject_best_hit	blast_hits.c	c++/src/algo/blast/core/blast_hits.c	2537-2606	Blast_HSPListSubjectBestHit
LOSAT/src/algorithm/blastn/filtering/subject_best_hit.rs	44	subject_best_hit_by	ncbi-blast/c++/src/algo/blast/core/blast_hits.c	c++/src/algo/blast/core/blast_hits.c	2563-2566	Blast_HSPListSubjectBestHit
LOSAT/src/algorithm/blastn/filtering/subject_best_hit.rs	69	subject_best_hit_by	ncbi-blast/c++/src/algo/blast/core/blast_hits.c	c++/src/algo/blast/core/blast_hits.c	2560-2566	Blast_HSPListSubjectBestHit
LOSAT/src/algorithm/blastn/filtering/subject_best_hit.rs	79	subject_best_hit_by	blast_hits.c	c++/src/algo/blast/core/blast_hits.c	2561-2577	Blast_HSPListSubjectBestHit
LOSAT/src/algorithm/blastn/filtering/subject_best_hit.rs	122	subject_best_hit_by	blast_hits.c	c++/src/algo/blast/core/blast_hits.c	2582-2604	Blast_HSPListSubjectBestHit
LOSAT/src/algorithm/blastn/filtering/subject_best_hit.rs	204	test_same_strand_filtering	ncbi-blast/c++/include/algo/blast/core/blast_hits.h	c++/include/algo/blast/core/blast_hits.h	125-148	<BlastHSP>
LOSAT/src/algorithm/blastn/filtering/subject_best_hit.rs	226	test_same_strand_filtering	ncbi-blast/c++/src/algo/blast/core/blast_hits.c	c++/src/algo/blast/core/blast_hits.c	1122-1132	Blast_HSPGetAdjustedOffsets
LOSAT/src/algorithm/blastn/hsp.rs	12	<module>	ncbi-blast/c++/src/algo/blast/format/blast_format.cpp	c++/src/algo/blast/format/blast_format.cpp	770-782	CBlastFormat::x_PrintTabularReport
LOSAT/src/algorithm/blastn/hsp.rs	19	parse_blastn_output_format	ncbi-blast/c++/src/algo/blast/format/blast_format.cpp	c++/src/algo/blast/format/blast_format.cpp	1410-1414	CBlastFormat::PrintOneResultSet
LOSAT/src/algorithm/blastn/hsp.rs	38	parse_blastn_output_format	ncbi-blast/c++/src/algo/blast/blastinput/blast_args.cpp	c++/src/algo/blast/blastinput/blast_args.cpp	2801-2809	CFormattingArgs::ParseFormattingString
LOSAT/src/algorithm/blastn/hsp.rs	50	parse_blastn_output_format	ncbi-blast/c++/src/algo/blast/blastinput/blast_args.cpp	c++/src/algo/blast/blastinput/blast_args.cpp	2828-2851	CFormattingArgs::ParseFormattingString
LOSAT/src/algorithm/blastn/hsp.rs	67	parse_blastn_output_format	ncbi-blast/c++/src/app/blast/blast_app_util.hpp	c++/src/app/blast/blast_app_util.hpp	260-263	#define CATCH_ALL
LOSAT/src/algorithm/blastn/hsp.rs	82	parse_blastn_output_format	ncbi-blast/c++/src/algo/blast/blastinput/blast_args.cpp	c++/src/algo/blast/blastinput/blast_args.cpp	2810-2825	CFormattingArgs::ParseFormattingString
LOSAT/src/algorithm/blastn/hsp.rs	149	write_blastn_outfmt7_header	ncbi-blast/c++/include/algo/blast/blastinput/blast_args.hpp	c++/include/algo/blast/blastinput/blast_args.hpp	1067-1072	<EOutputFormat>
LOSAT/src/algorithm/blastn/hsp.rs	163	write_blastn_outfmt7_header	ncbi-blast/c++/src/objtools/align_format/tabular.cpp	c++/src/objtools/align_format/tabular.cpp	1264-1284	CBlastTabularInfo::PrintHeader
LOSAT/src/algorithm/blastn/hsp.rs	173	write_blastn_outfmt7_header	ncbi-blast/c++/src/algo/blast/format/blast_format.cpp	c++/src/algo/blast/format/blast_format.cpp	762	CBlastFormat::x_PrintTabularReport
LOSAT/src/algorithm/blastn/hsp.rs	212	blastn_hsp_count	ncbi-blast/c++/include/algo/blast/core/blast_hits.h	c++/include/algo/blast/core/blast_hits.h	125-148	<BlastHSP>
LOSAT/src/algorithm/blastn/hsp.rs	236	oid	ncbi-blast/c++/include/algo/blast/core/blast_hits.h	c++/include/algo/blast/core/blast_hits.h	125-143	<BlastHSP>
LOSAT/src/algorithm/blastn/hsp.rs	259	oid	ncbi-blast/c++/include/algo/blast/core/blast_hits.h	c++/include/algo/blast/core/blast_hits.h	125-143	<BlastHSP>
LOSAT/src/algorithm/blastn/hsp.rs	270	oid	ncbi-blast/c++/include/algo/blast/core/blast_hits.h	c++/include/algo/blast/core/blast_hits.h	153-166	<BlastHSPList>
LOSAT/src/algorithm/blastn/hsp.rs	329	from_hit	ncbi-blast/c++/include/algo/blast/core/blast_hits.h	c++/include/algo/blast/core/blast_hits.h	168-180	<BlastHitList>
LOSAT/src/algorithm/blastn/hsp.rs	359	from_hit	ncbi-blast/c++/include/algo/blast/core/blast_hits.h	c++/include/algo/blast/core/blast_hits.h	125-148	<BlastHSP>
LOSAT/src/algorithm/blastn/hsp.rs	429	into_hit	ncbi-blast/c++/include/algo/blast/core/blast_hits.h	c++/include/algo/blast/core/blast_hits.h	153-166	<BlastHSPList>
LOSAT/src/algorithm/blastn/hsp.rs	454	get_prelim_hitlist_size	ncbi-blast/c++/include/algo/blast/core/blast_hits.h	c++/include/algo/blast/core/blast_hits.h	125-143	<BlastHSP>
LOSAT/src/algorithm/blastn/hsp.rs	472	get_prelim_hitlist_size	ncbi-blast/c++/src/algo/blast/core/blast_hits.c	c++/src/algo/blast/core/blast_hits.c	43-70	GetPrelimHitlistSize
LOSAT/src/algorithm/blastn/hsp.rs	538	evalue_comp	ncbi-blast/c++/src/algo/blast/core/blast_hits.c	c++/src/algo/blast/core/blast_hits.c	1389-1403	s_EvalueComp
LOSAT/src/algorithm/blastn/hsp.rs	562	score_compare_hsps	ncbi-blast/c++/src/algo/blast/core/blast_hits.c	c++/src/algo/blast/core/blast_hits.c	1330-1353	ScoreCompareHSPs
LOSAT/src/algorithm/blastn/hsp.rs	573	score_compare_hsps	ncbi-blast/c++/src/algo/blast/core/blast_hits.c	c++/src/algo/blast/core/blast_hits.c	1122-1132	Blast_HSPGetAdjustedOffsets
LOSAT/src/algorithm/blastn/hsp.rs	581	evalue_compare_hsps	ncbi-blast/c++/src/algo/blast/core/blast_hits.c	c++/src/algo/blast/core/blast_hits.c	1330-1353	ScoreCompareHSPs
LOSAT/src/algorithm/blastn/hsp.rs	616	evalue_compare_hsps	ncbi-blast/c++/src/algo/blast/core/blast_hits.c	c++/src/algo/blast/core/blast_hits.c	1414-1435	s_EvalueCompareHSPs
LOSAT/src/algorithm/blastn/hsp.rs	638	qsort_blastn_hsps_by	mnt/c/Users/genom/GitHub/ncbi-blast/c++/src/algo/blast/core/blast_hits.c	c++/src/algo/blast/core/blast_hits.c	1379-1381	Blast_HSPListSortByScore
LOSAT/src/algorithm/blastn/hsp.rs	643	qsort_blastn_hsps_by	mnt/c/Users/genom/GitHub/ncbi-blast/c++/src/algo/blast/core/blast_hits.c	c++/src/algo/blast/core/blast_hits.c	1453-1454	Blast_HSPListSortByEvalue
LOSAT/src/algorithm/blastn/hsp.rs	648	qsort_blastn_hsps_by	mnt/c/Users/genom/GitHub/ncbi-blast/c++/src/algo/blast/core/blast_hits.c	c++/src/algo/blast/core/blast_hits.c	2478	Blast_HSPListPurgeHSPsWithCommonEndpoints
LOSAT/src/algorithm/blastn/hsp.rs	652	qsort_blastn_hsps_by	mnt/c/Users/genom/GitHub/ncbi-blast/c++/src/algo/blast/core/blast_hits.c	c++/src/algo/blast/core/blast_hits.c	2504	Blast_HSPListPurgeHSPsWithCommonEndpoints
LOSAT/src/algorithm/blastn/hsp.rs	663	sort_hsps_by_score	ncbi-blast/c++/src/algo/blast/core/blast_hits.c	c++/src/algo/blast/core/blast_hits.c	1379-1381	Blast_HSPListSortByScore
LOSAT/src/algorithm/blastn/hsp.rs	671	sort_hsps_by_score	mnt/c/Users/genom/GitHub/ncbi-blast/c++/src/algo/blast/core/blast_hits.c	c++/src/algo/blast/core/blast_hits.c	1374-1382	Blast_HSPListSortByScore
LOSAT/src/algorithm/blastn/hsp.rs	691	sort_hsplist_by_evalue	mnt/c/Users/genom/GitHub/ncbi-blast/c++/src/algo/blast/core/blast_hits.c	c++/src/algo/blast/core/blast_hits.c	1379-1381	Blast_HSPListSortByScore
LOSAT/src/algorithm/blastn/hsp.rs	700	sort_hsplist_by_evalue	ncbi-blast/c++/src/algo/blast/core/blast_hits.c	c++/src/algo/blast/core/blast_hits.c	1437-1455	Blast_HSPListSortByEvalue
LOSAT/src/algorithm/blastn/hsp.rs	730	update_best_evalue	mnt/c/Users/genom/GitHub/ncbi-blast/c++/src/algo/blast/core/blast_hits.c	c++/src/algo/blast/core/blast_hits.c	1453-1454	Blast_HSPListSortByEvalue
LOSAT/src/algorithm/blastn/hsp.rs	740	update_best_evalue	ncbi-blast/c++/src/algo/blast/core/blast_hits.c	c++/src/algo/blast/core/blast_hits.c	1739-1748	s_BlastGetBestEvalue
LOSAT/src/algorithm/blastn/hsp.rs	760	trim_by_max_hsps	ncbi-blast/c++/src/algo/blast/core/blast_hits.c	c++/src/algo/blast/core/blast_hits.c	2049-2067	Blast_TrimHSPListByMaxHsps
LOSAT/src/algorithm/blastn/hsp.rs	779	compare_hsp_lists	ncbi-blast/c++/src/algo/blast/core/blast_hits.c	c++/src/algo/blast/core/blast_hits.c	3077-3106	s_EvalueCompareHSPLists
LOSAT/src/algorithm/blastn/hsp.rs	815	heapify_hsplist_array	ncbi-blast/c++/src/algo/blast/core/blast_hits.c	c++/src/algo/blast/core/blast_hits.c	1627-1650	s_Heapify
LOSAT/src/algorithm/blastn/hsp.rs	855	create_hsplist_heap	ncbi-blast/c++/src/algo/blast/core/blast_hits.c	c++/src/algo/blast/core/blast_hits.c	1659-1676	s_CreateHeap
LOSAT/src/algorithm/blastn/hsp.rs	884	new	ncbi-blast/c++/src/algo/blast/core/blast_hits.c	c++/src/algo/blast/core/blast_hits.c	3125-3133	Blast_HitListNew
LOSAT/src/algorithm/blastn/hsp.rs	909	grow_hsplist_array	ncbi-blast/c++/src/algo/blast/core/blast_hits.c	c++/src/algo/blast/core/blast_hits.c	3219-3240	s_Blast_HitListGrowHSPListArray
LOSAT/src/algorithm/blastn/hsp.rs	947	insert_hsplist_in_heap	ncbi-blast/c++/src/algo/blast/core/blast_hits.c	c++/src/algo/blast/core/blast_hits.c	3196-3209	s_BlastHitListInsertHSPListInHeap
LOSAT/src/algorithm/blastn/hsp.rs	983	update	ncbi-blast/c++/src/algo/blast/core/blast_hits.c	c++/src/algo/blast/core/blast_hits.c	3243-3297	Blast_HitListUpdate
LOSAT/src/algorithm/blastn/hsp.rs	1058	purge	ncbi-blast/c++/src/algo/blast/core/blast_hits.c	c++/src/algo/blast/core/blast_hits.c	3172-3187	s_BlastHitListPurge
LOSAT/src/algorithm/blastn/hsp.rs	1084	sort_by_evalue	ncbi-blast/c++/src/algo/blast/core/blast_hits.c	c++/src/algo/blast/core/blast_hits.c	3331-3337	Blast_HitListSortByEvalue
LOSAT/src/algorithm/blastn/hsp.rs	1103	prune_by_size	ncbi-blast/c++/src/algo/blast/core/blast_traceback.c	c++/src/algo/blast/core/blast_traceback.c	877-892	s_BlastPruneExtraHits
LOSAT/src/algorithm/blastn/hsp.rs	1130	write_output_blastn_hitlists_to_writer	ncbi-blast/c++/src/objtools/align_format/tabular.cpp	c++/src/objtools/align_format/tabular.cpp	1100-1108	CBlastTabularInfo::Print
LOSAT/src/algorithm/blastn/hsp.rs	1155	write_output_blastn_hitlists_to_writer	ncbi-blast/c++/src/algo/blast/format/blast_format.cpp	c++/src/algo/blast/format/blast_format.cpp	1411	CBlastFormat::PrintOneResultSet
LOSAT/src/algorithm/blastn/hsp.rs	1191	write_output_blastn_hitlists_to_writer	ncbi-blast/c++/src/objtools/align_format/tabular.cpp	c++/src/objtools/align_format/tabular.cpp	1100-1108	CBlastTabularInfo::Print
LOSAT/src/algorithm/blastn/hsp.rs	1233	write_output_blastn_hitlists_to_writer	ncbi-blast/c++/src/objtools/align_format/tabular.cpp	c++/src/objtools/align_format/tabular.cpp	1100-1108	CBlastTabularInfo::Print
LOSAT/src/algorithm/blastn/hsp.rs	1277	make_hsp	ncbi-blast/c++/src/objtools/align_format/tabular.cpp	c++/src/objtools/align_format/tabular.cpp	1324	CBlastTabularInfo::PrintNumProcessed
LOSAT/src/algorithm/blastn/hsp.rs	1291	make_hsp	ncbi-blast/c++/include/algo/blast/core/blast_hits.h	c++/include/algo/blast/core/blast_hits.h	125-148	<BlastHSP>
LOSAT/src/algorithm/blastn/hsp.rs	1329	stable_hsp_sort_preserves_comparator_equal_input_order	ncbi-blast/c++/src/algo/blast/core/blast_hits.c	c++/src/algo/blast/core/blast_hits.c	1330-1353	ScoreCompareHSPs
LOSAT/src/algorithm/blastn/hsp.rs	1354	test_hitlist_update_keeps_best	ncbi-blast/c++/src/algo/blast/core/blast_hits.c	c++/src/algo/blast/core/blast_hits.c	43-70	GetPrelimHitlistSize
LOSAT/src/algorithm/blastn/hsp.rs	1375	test_blastn_outfmt7_header_matches_ncbi_shape	ncbi-blast/c++/src/algo/blast/core/blast_hits.c	c++/src/algo/blast/core/blast_hits.c	3243-3297	Blast_HitListUpdate
LOSAT/src/algorithm/blastn/hsp.rs	1418	test_blastn_outfmt7_header_matches_ncbi_shape	ncbi-blast/c++/src/objtools/align_format/tabular.cpp	c++/src/objtools/align_format/tabular.cpp	1264-1284	CBlastTabularInfo::PrintHeader
LOSAT/src/algorithm/blastn/input.rs	30	is_blank	c++/src/app/blast/blast_app_util.cpp	c++/src/app/blast/blast_app_util.cpp	862-866	IsIStreamEmpty
LOSAT/src/algorithm/blastn/input.rs	61	check_deflines	c++/src/objtools/readers/fasta_reader_utils.cpp	c++/src/objtools/readers/fasta_reader_utils.cpp	168-225	CFastaDeflineReader::ParseDefline
LOSAT/src/algorithm/blastn/input.rs	121	check_sequence_lines	c++/src/objtools/readers/fasta.cpp	c++/src/objtools/readers/fasta.cpp	1004-1006	CFastaReader::ParseDataLine
LOSAT/src/algorithm/blastn/input.rs	146	ends_with_nucleotides	c++/src/objtools/readers/fasta.cpp	c++/src/objtools/readers/fasta.cpp	1624-1643	CFastaReader::CreateWarningsForSeqDataInTitle
LOSAT/src/algorithm/blastn/input.rs	198	check_residues	c++/src/objtools/readers/fasta.cpp	c++/src/objtools/readers/fasta.cpp	919-935	CFastaReader::ParseDataLine
LOSAT/src/algorithm/blastn/input.rs	283	with_u_as_t	c++/src/objtools/readers/fasta.cpp	c++/src/objtools/readers/fasta.cpp	856-873	CFastaReader::ParseDataLine
LOSAT/src/algorithm/blastn/interval_tree.rs	3	<module>	blast_itree.c	c++/src/algo/blast/core/blast_itree.c		<no line>
LOSAT/src/algorithm/blastn/interval_tree.rs	15	<module>	blast_itree.h	c++/src/algo/blast/core/blast_itree.h	83-89	<EITreeIndexMethod>
LOSAT/src/algorithm/blastn/interval_tree.rs	32	<module>	blast_itree.c	c++/src/algo/blast/core/blast_itree.c	41-45	<EIntervalDirection>
LOSAT/src/algorithm/blastn/interval_tree.rs	50	new_internal	blast_itree.c	c++/src/algo/blast/core/blast_itree.c	241-301	s_HSPsHaveCommonEndpoint
LOSAT/src/algorithm/blastn/interval_tree.rs	60	new_internal	blast_itree.c	c++/src/algo/blast/core/blast_itree.c		<no line>
LOSAT/src/algorithm/blastn/interval_tree.rs	68	new_internal	ncbi-blast/c++/src/algo/blast/core/blast_itree.c	c++/src/algo/blast/core/blast_itree.c	539-546	BlastIntervalTreeAddHSP
LOSAT/src/algorithm/blastn/interval_tree.rs	79	new_internal	blast_itree.c	c++/src/algo/blast/core/blast_itree.c	819	s_HSPIsContained
LOSAT/src/algorithm/blastn/interval_tree.rs	82	new_internal	blast_itree.c	c++/src/algo/blast/core/blast_itree.c	823	s_HSPIsContained
LOSAT/src/algorithm/blastn/interval_tree.rs	87	new_internal	blast_itree.c	c++/src/algo/blast/core/blast_itree.c	48-58	s_IntervalNodeInit
LOSAT/src/algorithm/blastn/interval_tree.rs	129	new	ncbi-blast/c++/src/algo/blast/core/blast_itree.h	c++/src/algo/blast/core/blast_itree.h	73-80	<BlastIntervalTree>
LOSAT/src/algorithm/blastn/interval_tree.rs	150	new	blast_itree.c	c++/src/algo/blast/core/blast_itree.c	96-166	s_IntervalNodeInit
LOSAT/src/algorithm/blastn/interval_tree.rs	159	reserve_nodes_for_hsps	ncbi-blast/c++/src/algo/blast/core/blast_itree.c	c++/src/algo/blast/core/blast_itree.c	135-153	s_IntervalRootNodeInit
LOSAT/src/algorithm/blastn/interval_tree.rs	180	reserve_nodes_for_hsps	ncbi-blast/c++/src/algo/blast/core/blast_itree.c	c++/src/algo/blast/core/blast_itree.c	66-70	s_IntervalNodeInit
LOSAT/src/algorithm/blastn/interval_tree.rs	198	reset	blast_itree.c	c++/src/algo/blast/core/blast_itree.c	168-193	Blast_IntervalTreeInit
LOSAT/src/algorithm/blastn/interval_tree.rs	212	reset_with_bounds	ncbi-blast/c++/src/algo/blast/core/blast_itree.c	c++/src/algo/blast/core/blast_itree.c	146-170	Blast_IntervalTreeInit
LOSAT/src/algorithm/blastn/interval_tree.rs	229	alloc_internal_node	blast_itree.c	c++/src/algo/blast/core/blast_itree.c	57-112	s_IntervalNodeInit
LOSAT/src/algorithm/blastn/interval_tree.rs	235	alloc_subject_root_node	blast_itree.c	c++/src/algo/blast/core/blast_itree.c	89-95	s_IntervalNodeInit
LOSAT/src/algorithm/blastn/interval_tree.rs	242	alloc_subject_root_node	blast_itree.c	c++/src/algo/blast/core/blast_itree.c	102-109	s_IntervalNodeInit
LOSAT/src/algorithm/blastn/interval_tree.rs	264	alloc_subject_root_node	blast_itree.c	c++/src/algo/blast/core/blast_itree.c	269-299	s_HSPsHaveCommonEndpoint
LOSAT/src/algorithm/blastn/interval_tree.rs	281	hsps_have_common_endpoint	blast_itree.c	c++/src/algo/blast/core/blast_itree.c	241-301	s_HSPsHaveCommonEndpoint
LOSAT/src/algorithm/blastn/interval_tree.rs	291	hsps_have_common_endpoint	blast_itree.c	c++/src/algo/blast/core/blast_itree.c	250-254	s_HSPsHaveCommonEndpoint
LOSAT/src/algorithm/blastn/interval_tree.rs	297	hsps_have_common_endpoint	blast_itree.c	c++/src/algo/blast/core/blast_itree.c	256-259	s_HSPsHaveCommonEndpoint
LOSAT/src/algorithm/blastn/interval_tree.rs	303	hsps_have_common_endpoint	blast_itree.c	c++/src/algo/blast/core/blast_itree.c	261-268	s_HSPsHaveCommonEndpoint
LOSAT/src/algorithm/blastn/interval_tree.rs	324	midpoint_tree_has_hsp_endpoint	blast_itree.c	c++/src/algo/blast/core/blast_itree.c	273-278	s_HSPsHaveCommonEndpoint
LOSAT/src/algorithm/blastn/interval_tree.rs	333	midpoint_tree_has_hsp_endpoint	blast_itree.c	c++/src/algo/blast/core/blast_itree.c	280-286	s_HSPsHaveCommonEndpoint
LOSAT/src/algorithm/blastn/interval_tree.rs	344	midpoint_tree_has_hsp_endpoint	blast_itree.c	c++/src/algo/blast/core/blast_itree.c	288-293	s_HSPsHaveCommonEndpoint
LOSAT/src/algorithm/blastn/interval_tree.rs	354	midpoint_tree_has_hsp_endpoint	blast_itree.c	c++/src/algo/blast/core/blast_itree.c	295-297	s_HSPsHaveCommonEndpoint
LOSAT/src/algorithm/blastn/interval_tree.rs	367	midpoint_tree_has_hsp_endpoint	blast_itree.c	c++/src/algo/blast/core/blast_itree.c	318-411	s_MidpointTreeHasHSPEndpoint
LOSAT/src/algorithm/blastn/interval_tree.rs	380	midpoint_tree_has_hsp_endpoint	blast_itree.c	c++/src/algo/blast/core/blast_itree.c	331-334	s_MidpointTreeHasHSPEndpoint
LOSAT/src/algorithm/blastn/interval_tree.rs	389	midpoint_tree_has_hsp_endpoint	blast_itree.c	c++/src/algo/blast/core/blast_itree.c	338	s_MidpointTreeHasHSPEndpoint
LOSAT/src/algorithm/blastn/interval_tree.rs	391	midpoint_tree_has_hsp_endpoint	blast_itree.c	c++/src/algo/blast/core/blast_itree.c	343-366	s_MidpointTreeHasHSPEndpoint
LOSAT/src/algorithm/blastn/interval_tree.rs	394	midpoint_tree_has_hsp_endpoint	ncbi-blast/c++/src/algo/blast/core/blast_itree.c	c++/src/algo/blast/core/blast_itree.c	350-365	s_MidpointTreeHasHSPEndpoint
LOSAT/src/algorithm/blastn/interval_tree.rs	442	midpoint_tree_has_hsp_endpoint	blast_itree.c	c++/src/algo/blast/core/blast_itree.c	368-376	s_MidpointTreeHasHSPEndpoint
LOSAT/src/algorithm/blastn/interval_tree.rs	456	interval_tree_has_hsp_endpoint	blast_itree.c	c++/src/algo/blast/core/blast_itree.c	382-383	s_MidpointTreeHasHSPEndpoint
LOSAT/src/algorithm/blastn/interval_tree.rs	461	interval_tree_has_hsp_endpoint	blast_itree.c	c++/src/algo/blast/core/blast_itree.c	385-406	s_MidpointTreeHasHSPEndpoint
LOSAT/src/algorithm/blastn/interval_tree.rs	479	interval_tree_has_hsp_endpoint	blast_itree.c	c++/src/algo/blast/core/blast_itree.c	398-404	s_MidpointTreeHasHSPEndpoint
LOSAT/src/algorithm/blastn/interval_tree.rs	493	interval_tree_has_hsp_endpoint	blast_itree.c	c++/src/algo/blast/core/blast_itree.c	408	s_MidpointTreeHasHSPEndpoint
LOSAT/src/algorithm/blastn/interval_tree.rs	502	interval_tree_has_hsp_endpoint	blast_itree.c	c++/src/algo/blast/core/blast_itree.c	428-506	s_IntervalTreeHasHSPEndpoint
LOSAT/src/algorithm/blastn/interval_tree.rs	512	interval_tree_has_hsp_endpoint	blast_itree.c	c++/src/algo/blast/core/blast_itree.c	440-443	s_IntervalTreeHasHSPEndpoint
LOSAT/src/algorithm/blastn/interval_tree.rs	521	interval_tree_has_hsp_endpoint	blast_itree.c	c++/src/algo/blast/core/blast_itree.c	447	s_IntervalTreeHasHSPEndpoint
LOSAT/src/algorithm/blastn/interval_tree.rs	523	interval_tree_has_hsp_endpoint	blast_itree.c	c++/src/algo/blast/core/blast_itree.c	455-461	s_IntervalTreeHasHSPEndpoint
LOSAT/src/algorithm/blastn/interval_tree.rs	538	interval_tree_has_hsp_endpoint	blast_itree.c	c++/src/algo/blast/core/blast_itree.c	466-471	s_IntervalTreeHasHSPEndpoint
LOSAT/src/algorithm/blastn/interval_tree.rs	551	add_hsp	blast_itree.c	c++/src/algo/blast/core/blast_itree.c	477-478	s_IntervalTreeHasHSPEndpoint
LOSAT/src/algorithm/blastn/interval_tree.rs	556	add_hsp	blast_itree.c	c++/src/algo/blast/core/blast_itree.c	480-501	s_IntervalTreeHasHSPEndpoint
LOSAT/src/algorithm/blastn/interval_tree.rs	574	add_hsp	blast_itree.c	c++/src/algo/blast/core/blast_itree.c	493-499	s_IntervalTreeHasHSPEndpoint
LOSAT/src/algorithm/blastn/interval_tree.rs	588	add_hsp	blast_itree.c	c++/src/algo/blast/core/blast_itree.c	503	s_IntervalTreeHasHSPEndpoint
LOSAT/src/algorithm/blastn/interval_tree.rs	594	add_hsp	blast_itree.c	c++/src/algo/blast/core/blast_itree.c	510-795	BlastIntervalTreeAddHSP
LOSAT/src/algorithm/blastn/interval_tree.rs	600	add_hsp_compat	ncbi-blast/c++/src/algo/blast/core/blast_itree.c	c++/src/algo/blast/core/blast_itree.c	537-550	BlastIntervalTreeAddHSP
LOSAT/src/algorithm/blastn/interval_tree.rs	623	add_hsp_compat	blast_itree.c	c++/src/algo/blast/core/blast_itree.c	558-585	BlastIntervalTreeAddHSP
LOSAT/src/algorithm/blastn/interval_tree.rs	636	add_hsp_compat	blast_itree.c	c++/src/algo/blast/core/blast_itree.c	591-599	BlastIntervalTreeAddHSP
LOSAT/src/algorithm/blastn/interval_tree.rs	658	add_hsp_internal	blast_itree.c	c++/src/algo/blast/core/blast_itree.c	601-793	BlastIntervalTreeAddHSP
LOSAT/src/algorithm/blastn/interval_tree.rs	672	add_hsp_internal	blast_itree.c	c++/src/algo/blast/core/blast_itree.c	603	BlastIntervalTreeAddHSP
LOSAT/src/algorithm/blastn/interval_tree.rs	674	add_hsp_internal	blast_itree.c	c++/src/algo/blast/core/blast_itree.c	608-609	BlastIntervalTreeAddHSP
LOSAT/src/algorithm/blastn/interval_tree.rs	680	add_hsp_internal	blast_itree.c	c++/src/algo/blast/core/blast_itree.c	611-633	BlastIntervalTreeAddHSP
LOSAT/src/algorithm/blastn/interval_tree.rs	699	add_hsp_internal	blast_itree.c	c++/src/algo/blast/core/blast_itree.c	703-793	BlastIntervalTreeAddHSP
LOSAT/src/algorithm/blastn/interval_tree.rs	701	add_hsp_internal	ncbi-blast/c++/src/algo/blast/core/blast_itree.c	c++/src/algo/blast/core/blast_itree.c	703-746	BlastIntervalTreeAddHSP
LOSAT/src/algorithm/blastn/interval_tree.rs	713	add_hsp_internal	blast_itree.c	c++/src/algo/blast/core/blast_itree.c	635-657	BlastIntervalTreeAddHSP
LOSAT/src/algorithm/blastn/interval_tree.rs	732	split_and_insert	blast_itree.c	c++/src/algo/blast/core/blast_itree.c	703-793	BlastIntervalTreeAddHSP
LOSAT/src/algorithm/blastn/interval_tree.rs	734	split_and_insert	ncbi-blast/c++/src/algo/blast/core/blast_itree.c	c++/src/algo/blast/core/blast_itree.c	703-746	BlastIntervalTreeAddHSP
LOSAT/src/algorithm/blastn/interval_tree.rs	746	split_and_insert	blast_itree.c	c++/src/algo/blast/core/blast_itree.c	659-701	BlastIntervalTreeAddHSP
LOSAT/src/algorithm/blastn/interval_tree.rs	753	split_and_insert	blast_itree.c	c++/src/algo/blast/core/blast_itree.c	668-675	BlastIntervalTreeAddHSP
LOSAT/src/algorithm/blastn/interval_tree.rs	760	split_and_insert	blast_itree.c	c++/src/algo/blast/core/blast_itree.c	677-700	BlastIntervalTreeAddHSP
LOSAT/src/algorithm/blastn/interval_tree.rs	784	split_and_insert	blast_itree.c	c++/src/algo/blast/core/blast_itree.c	703-793	BlastIntervalTreeAddHSP
LOSAT/src/algorithm/blastn/interval_tree.rs	793	split_and_insert	blast_itree.c	c++/src/algo/blast/core/blast_itree.c	709-712	BlastIntervalTreeAddHSP
LOSAT/src/algorithm/blastn/interval_tree.rs	801	split_and_insert	blast_itree.c	c++/src/algo/blast/core/blast_itree.c	717-720	BlastIntervalTreeAddHSP
LOSAT/src/algorithm/blastn/interval_tree.rs	813	split_and_insert	ncbi-blast/c++/src/algo/blast/core/blast_itree.c	c++/src/algo/blast/core/blast_itree.c	726-743	BlastIntervalTreeAddHSP
LOSAT/src/algorithm/blastn/interval_tree.rs	843	split_and_insert	blast_itree.c	c++/src/algo/blast/core/blast_itree.c	747-748	BlastIntervalTreeAddHSP
LOSAT/src/algorithm/blastn/interval_tree.rs	849	split_and_insert	blast_itree.c	c++/src/algo/blast/core/blast_itree.c	749-791	BlastIntervalTreeAddHSP
LOSAT/src/algorithm/blastn/interval_tree.rs	863	contains_hsp	blast_itree.c	c++/src/algo/blast/core/blast_itree.c	771	BlastIntervalTreeAddHSP
LOSAT/src/algorithm/blastn/interval_tree.rs	866	contains_hsp	blast_itree.c	c++/src/algo/blast/core/blast_itree.c	773-790	BlastIntervalTreeAddHSP
LOSAT/src/algorithm/blastn/interval_tree.rs	889	contains_hsp	ncbi-blast/c++/src/algo/blast/core/blast_itree.c	c++/src/algo/blast/core/blast_itree.c	746	BlastIntervalTreeAddHSP
LOSAT/src/algorithm/blastn/interval_tree.rs	895	contains_hsp	blast_itree.c	c++/src/algo/blast/core/blast_itree.c	930-995	BlastIntervalTreeContainsHSP
LOSAT/src/algorithm/blastn/interval_tree.rs	934	containing_hsp	ncbi-blast/c++/src/algo/blast/core/blast_itree.c	c++/src/algo/blast/core/blast_itree.c	930-995	BlastIntervalTreeContainsHSP
LOSAT/src/algorithm/blastn/interval_tree.rs	943	containing_hsp	blast_itree.c	c++/src/algo/blast/core/blast_itree.c	942	BlastIntervalTreeContainsHSP
LOSAT/src/algorithm/blastn/interval_tree.rs	948	containing_hsp	blast_itree.c	c++/src/algo/blast/core/blast_itree.c	944-948	BlastIntervalTreeContainsHSP
LOSAT/src/algorithm/blastn/interval_tree.rs	955	contains_hsp_recursive	blast_itree.c	c++/src/algo/blast/core/blast_itree.c	950-994	BlastIntervalTreeContainsHSP
LOSAT/src/algorithm/blastn/interval_tree.rs	959	contains_hsp_recursive	blast_itree.c	c++/src/algo/blast/core/blast_itree.c	990-994	BlastIntervalTreeContainsHSP
LOSAT/src/algorithm/blastn/interval_tree.rs	973	contains_hsp_recursive	blast_itree.c	c++/src/algo/blast/core/blast_itree.c	960-967	BlastIntervalTreeContainsHSP
LOSAT/src/algorithm/blastn/interval_tree.rs	986	contains_hsp_recursive	blast_itree.c	c++/src/algo/blast/core/blast_itree.c	973-985	BlastIntervalTreeContainsHSP
LOSAT/src/algorithm/blastn/interval_tree.rs	999	contains_hsp_recursive	blast_itree.c	c++/src/algo/blast/core/blast_itree.c	987	BlastIntervalTreeContainsHSP
LOSAT/src/algorithm/blastn/interval_tree.rs	1089	midpoint_tree_containing_hsp	blast_itree.c	c++/src/algo/blast/core/blast_itree.c	864-927	s_MidpointTreeContainsHSP
LOSAT/src/algorithm/blastn/interval_tree.rs	1174	is_hsp_contained	blast_itree.c	c++/src/algo/blast/core/blast_itree.c	809-847	s_HSPIsContained
LOSAT/src/algorithm/blastn/interval_tree.rs	1189	is_hsp_contained	blast_itree.c	c++/src/algo/blast/core/blast_itree.c	819	s_HSPIsContained
LOSAT/src/algorithm/blastn/interval_tree.rs	1195	contained_in_hsp	blast_itree.c	c++/src/algo/blast/core/blast_itree.c	822-831	s_HSPIsContained
LOSAT/src/algorithm/blastn/interval_tree.rs	1220	contained_in_hsp	blast_itree.c	c++/src/algo/blast/core/blast_itree.c	833-834	s_HSPIsContained
LOSAT/src/algorithm/blastn/interval_tree.rs	1225	contained_in_hsp	blast_itree.c	c++/src/algo/blast/core/blast_itree.c	836-843	s_HSPIsContained
LOSAT/src/algorithm/blastn/interval_tree.rs	1248	contained_in_hsp	blast_gapalign_priv.h	c++/src/algo/blast/core/blast_gapalign_priv.h	120-121	#define HSP_MAX_WINDOW
LOSAT/src/algorithm/blastn/interval_tree.rs	1264	mb_hsp_close	blast_gapalign_priv.h	c++/src/algo/blast/core/blast_gapalign_priv.h	123-124	#define MB_HSP_CLOSE
LOSAT/src/algorithm/blastn/interval_tree.rs	1412	test_interval_tree_common_endpoint_prefers_shorter_equal_score_hsp	ncbi-blast/c++/src/algo/blast/core/blast_itree.c	c++/src/algo/blast/core/blast_itree.c	269-301	s_HSPsHaveCommonEndpoint
LOSAT/src/algorithm/blastn/interval_tree.rs	1433	test_interval_tree_containment_uses_subject_frame_sign	ncbi-blast/c++/src/algo/blast/core/blast_itree.c	c++/src/algo/blast/core/blast_itree.c	819-823	s_HSPIsContained
LOSAT/src/algorithm/blastn/interval_tree.rs	1451	test_containing_hsp_reports_ncbi_score_and_endpoint_semantics	ncbi-blast/c++/src/algo/blast/core/blast_itree.c	c++/src/algo/blast/core/blast_itree.c	819-847	s_HSPIsContained
LOSAT/src/algorithm/blastn/interval_tree.rs	1488	test_containment_respects_query_context_and_diag_separation	ncbi-blast/c++/src/algo/blast/core/blast_itree.c	c++/src/algo/blast/core/blast_itree.c	819-843	s_HSPIsContained
LOSAT/src/algorithm/blastn/lookup.rs	6	encode_kmer	ncbi-blast/c++/src/algo/blast/core/blast_nalookup.c	c++/src/algo/blast/core/blast_nalookup.c	37-43	BlastChooseNaLookupTable
LOSAT/src/algorithm/blastn/lookup.rs	17	encode_kmer	ncbi-blast/c++/include/algo/blast/core/blast_lookup.h	c++/include/algo/blast/core/blast_lookup.h	96-105	ComputeTableIndex
LOSAT/src/algorithm/blastn/lookup.rs	38	reverse_complement	ncbi-blast/c++/src/algo/blast/core/blast_encoding.c	c++/src/algo/blast/core/blast_encoding.c	80-103	<file scope>
LOSAT/src/algorithm/blastn/lookup.rs	49	reverse_complement	ncbi-blast/c++/src/algo/blast/core/blast_encoding.c	c++/src/algo/blast/core/blast_encoding.c	95-103	<file scope>
LOSAT/src/algorithm/blastn/lookup.rs	60	reverse_complement	ncbi-blast/c++/src/algo/blast/core/blast_util.c	c++/src/algo/blast/core/blast_util.c	812-819	GetReverseNuclSequence
LOSAT/src/algorithm/blastn/lookup.rs	74	reverse_complement	ncbi-blast/c++/src/algo/blast/api/blast_setup_cxx.cpp	c++/src/algo/blast/api/blast_setup_cxx.cpp	977	GetSequenceSingleNucleotideStrand
LOSAT/src/algorithm/blastn/lookup.rs	100	default	ncbi-blast/c++/include/algo/blast/core/blast_nalookup.h	c++/include/algo/blast/core/blast_nalookup.h	109-156	<NaLookupBackboneCell>
LOSAT/src/algorithm/blastn/lookup.rs	148	get_hits_checked	ncbi-blast/c++/src/algo/blast/core/blast_nascan.c	c++/src/algo/blast/core/blast_nascan.c	41-79	s_BlastLookupGetNumHits
LOSAT/src/algorithm/blastn/lookup.rs	191	get	ncbi-blast/c++/include/algo/blast/core/blast_nalookup.h	c++/include/algo/blast/core/blast_nalookup.h	251-258	<BlastMBLookupTable>
LOSAT/src/algorithm/blastn/lookup.rs	207	get	ncbi-blast/c++/src/algo/blast/core/blast_nascan.c	c++/src/algo/blast/core/blast_nascan.c	1406-1418	s_BlastMBLookupRetrieve
LOSAT/src/algorithm/blastn/lookup.rs	227	packed_base_at	ncbi-blast/c++/include/algo/blast/core/blast_util.h	c++/include/algo/blast/core/blast_util.h	51-55	#define NCBI2NA_MASK
LOSAT/src/algorithm/blastn/lookup.rs	250	build_db_word_counts	ncbi-blast/c++/src/algo/blast/core/blast_nalookup.c	c++/src/algo/blast/core/blast_nalookup.c	1122-1177	s_MBCountWordsInSubject_16_1
LOSAT/src/algorithm/blastn/lookup.rs	269	build_db_word_counts	ncbi-blast/c++/src/algo/blast/core/blast_nalookup.c	c++/src/algo/blast/core/blast_nalookup.c	1250-1254	BlastMBLookupTableNew
LOSAT/src/algorithm/blastn/lookup.rs	275	build_db_word_counts	ncbi-blast/c++/src/algo/blast/core/blast_nalookup.c	c++/src/algo/blast/core/blast_nalookup.c	865-868	s_FillPV
LOSAT/src/algorithm/blastn/lookup.rs	288	build_db_word_counts	ncbi-blast/c++/src/algo/blast/core/blast_nalookup.c	c++/src/algo/blast/core/blast_nalookup.c	1122-1177	s_MBCountWordsInSubject_16_1
LOSAT/src/algorithm/blastn/lookup.rs	320	pv_test	ncbi-blast/c++/src/algo/blast/api/blast_setup_cxx.cpp	c++/src/algo/blast/api/blast_setup_cxx.cpp	836-847	SetupSubjects_OMF
LOSAT/src/algorithm/blastn/lookup.rs	363	pv_test	ncbi-blast/c++/include/algo/blast/core/blast_lookup.h	c++/include/algo/blast/core/blast_lookup.h	42-43	#define PV_ARRAY_BYTES
LOSAT/src/algorithm/blastn/lookup.rs	397	pv_test_shift	ncbi-blast/c++/include/algo/blast/core/blast_lookup.h	c++/include/algo/blast/core/blast_lookup.h	51-57	#define PV_TEST
LOSAT/src/algorithm/blastn/lookup.rs	424	ilog2	ncbi-blast/c++/src/algo/blast/core/lookup_util.c	c++/src/algo/blast/core/lookup_util.c	71-83	ilog2
LOSAT/src/algorithm/blastn/lookup.rs	449	compute_mb_pv_params	ncbi-blast/c++/src/algo/blast/core/blast_nalookup.c	c++/src/algo/blast/core/blast_nalookup.c	1270-1306	BlastMBLookupTableNew
LOSAT/src/algorithm/blastn/lookup.rs	500	build_query_pv	ncbi-blast/c++/src/algo/blast/core/blast_nalookup.c	c++/src/algo/blast/core/blast_nalookup.c	878-893	s_FillPV
LOSAT/src/algorithm/blastn/lookup.rs	522	build_query_pv	ncbi-blast/c++/src/algo/blast/core/blast_nalookup.c	c++/src/algo/blast/core/blast_nalookup.c	1250-1254	BlastMBLookupTableNew
LOSAT/src/algorithm/blastn/lookup.rs	540	db_word_count_exceeds	ncbi-blast/c++/src/algo/blast/core/blast_nalookup.c	c++/src/algo/blast/core/blast_nalookup.c	856-889	s_FillPV
LOSAT/src/algorithm/blastn/lookup.rs	588	db_word_count_exceeds	ncbi-blast/c++/src/algo/blast/core/blast_nalookup.c	c++/src/algo/blast/core/blast_nalookup.c	1047-1059	s_FillContigMBTable
LOSAT/src/algorithm/blastn/lookup.rs	611	db_word_count_increment	ncbi-blast/c++/src/algo/blast/core/blast_nalookup.c	c++/src/algo/blast/core/blast_nalookup.c	1166-1177	s_MBCountWordsInSubject_16_1
LOSAT/src/algorithm/blastn/lookup.rs	638	has_hits	ncbi-blast/c++/include/algo/blast/core/blast_nalookup.h	c++/include/algo/blast/core/blast_nalookup.h	251-260	<BlastMBLookupTable>
LOSAT/src/algorithm/blastn/lookup.rs	654	has_hits	ncbi-blast/c++/src/algo/blast/core/blast_nalookup.c	c++/src/algo/blast/core/blast_nalookup.c	1088-1108	s_FillContigMBTable
LOSAT/src/algorithm/blastn/lookup.rs	670	has_hits	ncbi-blast/c++/include/algo/blast/core/blast_lookup.h	c++/include/algo/blast/core/blast_lookup.h	51-57	#define PV_TEST
LOSAT/src/algorithm/blastn/lookup.rs	681	get_hits	ncbi-blast/c++/src/algo/blast/core/blast_nascan.c	c++/src/algo/blast/core/blast_nascan.c	1406-1418	s_BlastMBLookupRetrieve
LOSAT/src/algorithm/blastn/lookup.rs	697	get_hits_checked	ncbi-blast/c++/src/algo/blast/core/blast_nascan.c	c++/src/algo/blast/core/blast_nascan.c	1386-1394	s_BlastMBLookupHasHits
LOSAT/src/algorithm/blastn/lookup.rs	733	has_hits	ncbi-blast/c++/include/algo/blast/core/blast_nalookup.h	c++/include/algo/blast/core/blast_nalookup.h	238-269	<BlastMBLookupTable>
LOSAT/src/algorithm/blastn/lookup.rs	756	has_hits	ncbi-blast/c++/src/algo/blast/core/blast_nascan.c	c++/src/algo/blast/core/blast_nascan.c	1386-1395	s_BlastMBLookupHasHits
LOSAT/src/algorithm/blastn/lookup.rs	768	for_each_hit	ncbi-blast/c++/src/algo/blast/core/blast_nascan.c	c++/src/algo/blast/core/blast_nascan.c	1406-1418	s_BlastMBLookupRetrieve
LOSAT/src/algorithm/blastn/lookup.rs	858	longest_chain	ncbi-blast/c++/src/algo/blast/core/lookup_wrap.c	c++/src/algo/blast/core/lookup_wrap.c	255-288	GetOffsetArraySize
LOSAT/src/algorithm/blastn/lookup.rs	905	build_unmasked_ranges	ncbi-blast/c++/src/algo/blast/core/blast_lookup.c	c++/src/algo/blast/core/blast_lookup.c	91-132	BlastLookupIndexQueryExactMatches
LOSAT/src/algorithm/blastn/lookup.rs	925	build_pv_direct_lookup	ncbi-blast/c++/src/algo/blast/api/dust_filter.cpp	c++/src/algo/blast/api/dust_filter.cpp	121-126	s_CombineDustMasksWithUserProvidedMasks
LOSAT/src/algorithm/blastn/lookup.rs	970	build_pv_direct_lookup	ncbi-blast/c++/src/algo/blast/core/blast_nalookup.c	c++/src/algo/blast/core/blast_nalookup.c	1270-1306	BlastMBLookupTableNew
LOSAT/src/algorithm/blastn/lookup.rs	1025	build_pv_direct_lookup	ncbi-blast/c++/src/algo/blast/core/blast_nalookup.c	c++/src/algo/blast/core/blast_nalookup.c	979-1091	s_FillContigMBTable
LOSAT/src/algorithm/blastn/lookup.rs	1035	build_pv_direct_lookup	blast_lookup.c	c++/src/algo/blast/core/blast_lookup.c		<no line>
LOSAT/src/algorithm/blastn/lookup.rs	1043	build_pv_direct_lookup	blast_lookup.c	c++/src/algo/blast/core/blast_lookup.c	99-100	BlastLookupIndexQueryExactMatches
LOSAT/src/algorithm/blastn/lookup.rs	1052	build_pv_direct_lookup	blast_lookup.c	c++/src/algo/blast/core/blast_lookup.c	108-121	BlastLookupIndexQueryExactMatches
LOSAT/src/algorithm/blastn/lookup.rs	1056	build_pv_direct_lookup	ncbi-blast/c++/src/algo/blast/core/blast_nalookup.c	c++/src/algo/blast/core/blast_nalookup.c	1001-1034	s_FillContigMBTable
LOSAT/src/algorithm/blastn/lookup.rs	1072	build_pv_direct_lookup	ncbi-blast/c++/src/algo/blast/core/blast_lookup.c	c++/src/algo/blast/core/blast_lookup.c	117-120	BlastLookupIndexQueryExactMatches
LOSAT/src/algorithm/blastn/lookup.rs	1092	build_pv_direct_lookup	ncbi-blast/c++/src/algo/blast/core/blast_nalookup.c	c++/src/algo/blast/core/blast_nalookup.c	1047-1059	s_FillContigMBTable
LOSAT/src/algorithm/blastn/lookup.rs	1105	build_pv_direct_lookup	blast_lookup.c	c++/src/algo/blast/core/blast_lookup.c		<no line>
LOSAT/src/algorithm/blastn/lookup.rs	1118	build_pv_direct_lookup	ncbi-blast/c++/src/algo/blast/core/blast_nascan.c	c++/src/algo/blast/core/blast_nascan.c	1406-1418	s_BlastMBLookupRetrieve
LOSAT/src/algorithm/blastn/lookup.rs	1127	build_pv_direct_lookup	ncbi-blast/c++/src/algo/blast/core/blast_nascan.c	c++/src/algo/blast/core/blast_nascan.c	1406-1418	s_BlastMBLookupRetrieve
LOSAT/src/algorithm/blastn/lookup.rs	1136	build_pv_direct_lookup	ncbi-blast/c++/src/algo/blast/core/blast_nalookup.c	c++/src/algo/blast/core/blast_nalookup.c	1088-1108	s_FillContigMBTable
LOSAT/src/algorithm/blastn/lookup.rs	1156	build_pv_direct_lookup	ncbi-blast/c++/src/algo/blast/core/blast_lookup.c	c++/src/algo/blast/core/blast_lookup.c	33-77	BlastLookupAddWordHit
LOSAT/src/algorithm/blastn/lookup.rs	1174	build_pv_direct_lookup	ncbi-blast/c++/src/algo/blast/core/blast_nalookup.c	c++/src/algo/blast/core/blast_nalookup.c	1001-1034	s_FillContigMBTable
LOSAT/src/algorithm/blastn/lookup.rs	1189	build_pv_direct_lookup	ncbi-blast/c++/src/algo/blast/core/blast_lookup.c	c++/src/algo/blast/core/blast_lookup.c	117-120	BlastLookupIndexQueryExactMatches
LOSAT/src/algorithm/blastn/lookup.rs	1215	build_pv_direct_lookup	ncbi-blast/c++/src/algo/blast/core/blast_nalookup.c	c++/src/algo/blast/core/blast_nalookup.c	1027-1034	s_FillContigMBTable
LOSAT/src/algorithm/blastn/lookup.rs	1231	build_na_lookup	ncbi-blast/c++/include/algo/blast/core/blast_lookup.h	c++/include/algo/blast/core/blast_lookup.h	51-57	#define PV_TEST
LOSAT/src/algorithm/blastn/lookup.rs	1274	build_na_lookup	ncbi-blast/c++/src/algo/blast/core/blast_nalookup.c	c++/src/algo/blast/core/blast_nalookup.c	548-583	BlastNaLookupTableNew
LOSAT/src/algorithm/blastn/lookup.rs	1320	build_na_lookup	blast_lookup.c	c++/src/algo/blast/core/blast_lookup.c		<no line>
LOSAT/src/algorithm/blastn/lookup.rs	1333	build_na_lookup	ncbi-blast/c++/src/algo/blast/core/blast_nalookup.c	c++/src/algo/blast/core/blast_nalookup.c	1001-1022	s_FillContigMBTable
LOSAT/src/algorithm/blastn/lookup.rs	1348	build_na_lookup	ncbi-blast/c++/src/algo/blast/core/blast_lookup.c	c++/src/algo/blast/core/blast_lookup.c	117-120	BlastLookupIndexQueryExactMatches
LOSAT/src/algorithm/blastn/lookup.rs	1368	build_na_lookup	ncbi-blast/c++/src/algo/blast/core/blast_nalookup.c	c++/src/algo/blast/core/blast_nalookup.c	1047-1059	s_FillContigMBTable
LOSAT/src/algorithm/blastn/lookup.rs	1387	build_na_lookup	ncbi-blast/c++/src/algo/blast/core/blast_nalookup.c	c++/src/algo/blast/core/blast_nalookup.c	456-533	s_BlastNaLookupFinalize
LOSAT/src/algorithm/blastn/lookup.rs	1425	build_na_lookup	blast_lookup.c	c++/src/algo/blast/core/blast_lookup.c		<no line>
LOSAT/src/algorithm/blastn/lookup.rs	1448	build_na_lookup	ncbi-blast/c++/src/algo/blast/core/blast_lookup.c	c++/src/algo/blast/core/blast_lookup.c	117-120	BlastLookupIndexQueryExactMatches
LOSAT/src/algorithm/blastn/lookup.rs	1557	build_mb_lookup	ncbi-blast/c++/src/algo/blast/core/blast_nalookup.c	c++/src/algo/blast/core/blast_nalookup.c	979-1108	s_FillContigMBTable
LOSAT/src/algorithm/blastn/lookup.rs	1737	build_direct_lookup	ncbi-blast/c++/src/algo/blast/core/blast_nalookup.c	c++/src/algo/blast/core/blast_nalookup.c	979-1091	s_FillContigMBTable
LOSAT/src/algorithm/blastn/lookup.rs	1747	build_direct_lookup	blast_lookup.c	c++/src/algo/blast/core/blast_lookup.c		<no line>
LOSAT/src/algorithm/blastn/lookup.rs	1754	build_direct_lookup	blast_lookup.c	c++/src/algo/blast/core/blast_lookup.c	99-100	BlastLookupIndexQueryExactMatches
LOSAT/src/algorithm/blastn/lookup.rs	1762	build_direct_lookup	blast_lookup.c	c++/src/algo/blast/core/blast_lookup.c	108-121	BlastLookupIndexQueryExactMatches
LOSAT/src/algorithm/blastn/lookup.rs	1770	build_direct_lookup	blast_nalookup.c	c++/src/algo/blast/core/blast_nalookup.c	402-406	BlastSmallNaLookupTableNew
LOSAT/src/algorithm/blastn/lookup.rs	1779	build_direct_lookup	blast_lookup.c	c++/src/algo/blast/core/blast_lookup.c	119-120	BlastLookupIndexQueryExactMatches
LOSAT/src/algorithm/blastn/lookup.rs	1782	build_direct_lookup	blast_lookup.c	c++/src/algo/blast/core/blast_lookup.c		<no line>
LOSAT/src/algorithm/blastn/lookup.rs	1805	build_direct_lookup	ncbi-blast/c++/src/algo/blast/core/blast_lookup.c	c++/src/algo/blast/core/blast_lookup.c	33-77	BlastLookupAddWordHit
LOSAT/src/algorithm/blastn/lookup.rs	1828	lowercase_letters_are_complemented_like_uppercase	ncbi-blast/c++/src/algo/blast/core/blast_nalookup.c	c++/src/algo/blast/core/blast_nalookup.c	1027-1034	s_FillContigMBTable
LOSAT/src/algorithm/blastn/lookup.rs	1859	lowercase_letters_are_complemented_like_uppercase	blast_lookup.c	c++/src/algo/blast/core/blast_lookup.c		<no line>
LOSAT/src/algorithm/blastn/mod.rs	17	<module>	ncbi-blast/c++/src/algo/blast/core/blast_traceback.c	c++/src/algo/blast/core/blast_traceback.c	633-692	Blast_TracebackFromHSPList
LOSAT/src/algorithm/blastn/mod.rs	25	<module>	ncbi-blast/c++/include/algo/blast/core/blast_hits.h	c++/include/algo/blast/core/blast_hits.h	125-166	<BlastHSP>
LOSAT/src/algorithm/blastn/ncbi_cutoffs.rs	35	gap_trigger_raw_score	blast_parameters.c	c++/src/algo/blast/core/blast_parameters.c	343-344	BlastInitialWordParametersUpdate
LOSAT/src/algorithm/blastn/ncbi_cutoffs.rs	60	cutoff_score_max_from_evalue	blast_parameters.c	c++/src/algo/blast/core/blast_parameters.c	943	BlastHitSavingParametersUpdate
LOSAT/src/algorithm/blastn/ncbi_cutoffs.rs	115	cutoff_score_for_ungapped_extension	blast_parameters.c	c++/src/algo/blast/core/blast_parameters.c	368-373	BlastInitialWordParametersUpdate
LOSAT/src/algorithm/blastn/ncbi_cutoffs.rs	158	compute_eff_lengths_subject_mode_blastn	ncbi-blast/c++/src/algo/blast/core/blast_setup.c	c++/src/algo/blast/core/blast_setup.c	836-843	BLAST_CalcEffLengths
LOSAT/src/algorithm/blastn/ncbi_cutoffs.rs	197	compute_blastn_cutoff_score_ungapped	blast_parameters.c	c++/src/algo/blast/core/blast_parameters.c	348-367	BlastInitialWordParametersUpdate
LOSAT/src/algorithm/blastn/ncbi_cutoffs.rs	308	compute_blastn_cutoff_score	ncbi-blast/c++/src/algo/blast/core/blast_parameters.c	c++/src/algo/blast/core/blast_parameters.c	368-374	BlastInitialWordParametersUpdate
LOSAT/src/algorithm/blastn/ncbi_cutoffs.rs	320	compute_blastn_cutoff_score	ncbi-blast/c++/src/algo/blast/core/blast_parameters.c	c++/src/algo/blast/core/blast_parameters.c	926	BlastHitSavingParametersUpdate
LOSAT/src/algorithm/blastn/ncbi_cutoffs.rs	323	compute_blastn_cutoff_score	ncbi-blast/c++/src/algo/blast/core/blast_parameters.c	c++/src/algo/blast/core/blast_parameters.c	348-369	BlastInitialWordParametersUpdate
LOSAT/src/algorithm/blastn/ncbi_cutoffs.rs	362	test_gap_trigger_raw_score	ncbi-blast/c++/src/algo/blast/core/blast_setup.c	c++/src/algo/blast/core/blast_setup.c	836-843	BLAST_CalcEffLengths
LOSAT/src/algorithm/blastn/ncbi_cutoffs.rs	368	test_gap_trigger_raw_score	blast_parameters.c	c++/src/algo/blast/core/blast_parameters.c	943	BlastHitSavingParametersUpdate
LOSAT/src/algorithm/blastn/ncbi_cutoffs.rs	374	test_gap_trigger_raw_score	blast_parameters.c	c++/src/algo/blast/core/blast_parameters.c	368-373	BlastInitialWordParametersUpdate
LOSAT/src/algorithm/blastn/pairwise.rs	104	displayed_rows	c++/src/objtools/align_format/showalign.cpp	c++/src/objtools/align_format/showalign.cpp	1852-1858	CDisplaySeqalign::x_GetAlnVecForSeqalign
LOSAT/src/algorithm/blastn/pairwise.rs	112	displayed_rows	c++/include/algo/blast/core/gapinfo.h	c++/include/algo/blast/core/gapinfo.h	43-61	<EGapAlignOpType>
LOSAT/src/algorithm/blastn/pairwise.rs	184	shown_query_masks	c++/src/algo/blast/api/blast_aux.cpp	c++/src/algo/blast/api/blast_aux.cpp	878-892	s_ConvertBlastnMasks
LOSAT/src/algorithm/blastn/pairwise.rs	220	lowercase_masked	c++/src/objtools/align_format/showalign.cpp	c++/src/objtools/align_format/showalign.cpp	2495-2521	CDisplaySeqalign::x_OutputSeq
LOSAT/src/algorithm/blastn/pairwise.rs	264	query_ungapped_karlin	c++/src/algo/blast/core/blast_stat.c	c++/src/algo/blast/core/blast_stat.c	2778-2792	Blast_ScoreBlkKbpUngappedCalc
LOSAT/src/algorithm/blastn/pairwise.rs	274	query_ungapped_karlin	c++/src/algo/blast/core/blast_stat.c	c++/src/algo/blast/core/blast_stat.c	2004-2013	BlastResCompStr
LOSAT/src/algorithm/blastn/pairwise.rs	287	query_ungapped_karlin	c++/src/algo/blast/core/blast_setup.c	c++/src/algo/blast/core/blast_setup.c	346-350	Blast_ScoreBlkMatrixInit
LOSAT/src/algorithm/blastn/query_split.rs	11	query_chunk_size	ncbi-blast/c++/src/algo/blast/api/local_blast.cpp	c++/src/algo/blast/api/local_blast.cpp	65-73	<file scope>
LOSAT/src/algorithm/blastn/query_split.rs	33	len	ncbi-blast/c++/src/algo/blast/api/split_query_aux_priv.cpp	c++/src/algo/blast/api/split_query_aux_priv.cpp	51-53	<file scope>
LOSAT/src/algorithm/blastn/query_split.rs	68	calculate_num_chunks	ncbi-blast/c++/src/algo/blast/api/split_query_aux_priv.cpp	c++/src/algo/blast/api/split_query_aux_priv.cpp	123-138	SplitQuery_CalculateNumChunks
LOSAT/src/algorithm/blastn/query_split.rs	108	calculate_num_chunks	ncbi-blast/c++/src/algo/blast/api/split_query_cxx.cpp	c++/src/algo/blast/api/split_query_cxx.cpp	145-171	CQuerySplitter::x_ComputeChunkRanges
LOSAT/src/algorithm/blastn/query_split.rs	144	calculate_num_chunks	ncbi-blast/c++/src/algo/blast/api/split_query_cxx.cpp	c++/src/algo/blast/api/split_query_cxx.cpp	223-247	CQuerySplitter::x_ComputeQueryIndicesForChunks
LOSAT/src/algorithm/blastn/query_split.rs	165	split_query_batch	ncbi-blast/c++/src/algo/blast/api/split_query_cxx.cpp	c++/src/algo/blast/api/split_query_cxx.cpp	196-210	s_SetSplitQuerySeqInterval
LOSAT/src/algorithm/blastn/query_split.rs	187	split_query_batch	ncbi-blast/c++/src/algo/blast/api/split_query_cxx.cpp	c++/src/algo/blast/api/split_query_cxx.cpp	392-410	CQuerySplitter::x_ComputeQueryContextsForChunks
LOSAT/src/algorithm/blastn/query_split.rs	272	context_in_chunk	ncbi-blast/c++/src/algo/blast/api/split_query_aux_priv.cpp	c++/src/algo/blast/api/split_query_aux_priv.cpp	251-264	CContextTranslator::GetContextInChunk
LOSAT/src/algorithm/blastn/query_split.rs	297	absolute_context_length	ncbi-blast/c++/src/algo/blast/api/split_query_cxx.cpp	c++/src/algo/blast/api/split_query_cxx.cpp	452-466	s_GetAbsoluteContextLength
LOSAT/src/algorithm/blastn/query_split.rs	332	starting_chunk	ncbi-blast/c++/src/algo/blast/api/split_query_aux_priv.cpp	c++/src/algo/blast/api/split_query_aux_priv.cpp	266-284	CContextTranslator::GetStartingChunk
LOSAT/src/algorithm/blastn/query_split.rs	369	context_offsets	ncbi-blast/c++/src/algo/blast/api/split_query_cxx.cpp	c++/src/algo/blast/api/split_query_cxx.cpp	612-662	CQuerySplitter::x_ComputeContextOffsets_NonTranslatedQueries
LOSAT/src/algorithm/blastn/query_split.rs	455	restrict_masks	ncbi-blast/c++/src/algo/blast/api/split_query_cxx.cpp	c++/src/algo/blast/api/split_query_cxx.cpp	278-281	CQuerySplitter::x_ComputeQueryIndicesForChunks
LOSAT/src/algorithm/blastn/query_split.rs	462	restrict_masks	ncbi-blast/c++/src/objects/seq/seqlocinfo.cpp	c++/src/objects/seq/seqlocinfo.cpp	102-116	TMaskedQueryRegions::RestrictToSeqInt
LOSAT/src/algorithm/blastn/query_split.rs	482	restrict_masks	ncbi-blast/c++/src/algo/blast/core/blast_setup.c	c++/src/algo/blast/core/blast_setup.c	1041-1047	BlastSeqLoc_RestrictToInterval
LOSAT/src/algorithm/blastn/query_split.rs	512	the_chunk_count_and_size_are_ncbis	ncbi-blast/c++/src/algo/blast/api/split_query_aux_priv.cpp	c++/src/algo/blast/api/split_query_aux_priv.cpp	123-138	SplitQuery_CalculateNumChunks
LOSAT/src/algorithm/blastn/query_split.rs	529	a_query_over_two_chunks_is_mapped_onto_its_contexts	ncbi-blast/c++/src/algo/blast/api/split_query_cxx.cpp	c++/src/algo/blast/api/split_query_cxx.cpp	612-662	CQuerySplitter::x_ComputeContextOffsets_NonTranslatedQueries
LOSAT/src/algorithm/blastn/query_split.rs	606	restricted_masks_grow_by_one_and_drop_one_at_the_last_residue	ncbi-blast/c++/src/objects/seq/seqlocinfo.cpp	c++/src/objects/seq/seqlocinfo.cpp	102-116	TMaskedQueryRegions::RestrictToSeqInt
LOSAT/src/algorithm/blastn/scoring.rs	24	scoring_spec	c++/src/algo/blast/core/blast_options.c	c++/src/algo/blast/core/blast_options.c	881-906	BlastScoringOptionsValidate
LOSAT/src/algorithm/blastn/scoring.rs	42	check_scoring_options	c++/src/algo/blast/core/blast_options.c	c++/src/algo/blast/core/blast_options.c	1326-1333	LookupTableOptionsValidate
LOSAT/src/algorithm/blastn/scoring.rs	50	check_scoring_options	c++/src/algo/blast/core/blast_options.c	c++/src/algo/blast/core/blast_options.c	1518-1523	BlastHitSavingOptionsValidate
LOSAT/src/algorithm/blastn/scoring.rs	59	check_scoring_options	c++/src/algo/blast/core/blast_options.c	c++/src/algo/blast/core/blast_options.c	1699-1711	s_BlastExtensionScoringOptionsValidate
LOSAT/src/algorithm/blastn/scoring.rs	72	check_scoring_options	c++/src/algo/blast/core/blast_options.c	c++/src/algo/blast/core/blast_options.c	1759-1776	BLAST_ValidateOptions
LOSAT/src/algorithm/blastn/scoring.rs	74	check_scoring_options	c++/src/algo/blast/blastinput/blast_args.cpp	c++/src/algo/blast/blastinput/blast_args.cpp	3636-3639	CBlastAppArgs::SetOptions
LOSAT/src/algorithm/blastn/scoring.rs	81	check_scoring_options	c++/src/app/blast/blast_app_util.hpp	c++/src/app/blast/blast_app_util.hpp	172-175	#define CATCH_ALL
LOSAT/src/algorithm/blastn/scoring.rs	166	check_greedy_gap_costs	c++/include/algo/blast/core/blast_hits.h	c++/include/algo/blast/core/blast_hits.h	192	#define DBSEQ_CHUNK_OVERLAP
LOSAT/src/algorithm/blastn/scoring.rs	182	karlin_error	c++/src/algo/blast/api/blast_aux_priv.cpp	c++/src/algo/blast/api/blast_aux_priv.cpp	94-102	Blast_Message2TSearchMessages
LOSAT/src/algorithm/blastn/scoring.rs	192	karlin_error	c++/src/algo/blast/api/blast_aux.cpp	c++/src/algo/blast/api/blast_aux.cpp	1013-1024	TSearchMessages::ToString
LOSAT/src/algorithm/blastn/scoring.rs	205	karlin_error	c++/include/algo/blast/api/blast_types.hpp	c++/include/algo/blast/api/blast_types.hpp	180-183	CSearchMessage::GetMessage
LOSAT/src/algorithm/blastn/scoring.rs	212	karlin_error	c++/src/algo/blast/api/setup_factory.cpp	c++/src/algo/blast/api/setup_factory.cpp	170-184	CSetupFactory::CreateScoreBlock
LOSAT/src/algorithm/blastn/scoring.rs	221	karlin_error	c++/src/app/blast/blast_app_util.hpp	c++/src/app/blast/blast_app_util.hpp	225-227	#define CATCH_ALL
LOSAT/src/algorithm/blastn/scoring.rs	265	context_ungapped_blocks	c++/src/algo/blast/core/blast_stat.c	c++/src/algo/blast/core/blast_stat.c	2762-2784	Blast_ScoreBlkKbpUngappedCalc
LOSAT/src/algorithm/blastn/scoring.rs	297	context_blocks	c++/src/algo/blast/core/blast_setup.c	c++/src/algo/blast/core/blast_setup.c	73-107	Blast_ScoreBlkKbpGappedCalc
LOSAT/src/algorithm/blastn/scoring.rs	340	gap_x_dropoffs	c++/src/algo/blast/core/blast_parameters.c	c++/src/algo/blast/core/blast_parameters.c	92-116	s_BlastFindSmallestLambda
LOSAT/src/algorithm/blastn/scoring.rs	351	gap_x_dropoffs	c++/src/algo/blast/core/blast_parameters.c	c++/src/algo/blast/core/blast_parameters.c	455-463	BlastExtensionParametersNew
LOSAT/src/algorithm/blastn/sequence_compare.rs	3	compare_28mer_simd	ncbi-blast/c++/src/algo/blast/core/greedy_align.c	c++/src/algo/blast/core/greedy_align.c	351-357	s_FindFirstMismatch
LOSAT/src/algorithm/blastn/tracing.rs	17	<module>	ncbi-blast/c++/src/algo/blast/core/blast_hits.c	c++/src/algo/blast/core/blast_hits.c	1109-1132	Blast_HSPGetAdjustedOffsets
LOSAT/src/algorithm/blastn/tracing.rs	67	config	ncbi-blast/c++/src/algo/blast/core/blast_traceback.c	c++/src/algo/blast/core/blast_traceback.c	633-692	Blast_TracebackFromHSPList
LOSAT/src/algorithm/blastn/tracing.rs	114	parse_seed	ncbi-blast/c++/src/algo/blast/core/blast_gapalign.c	c++/src/algo/blast/core/blast_gapalign.c	4071-4076	BLAST_GetGappedScore
LOSAT/src/algorithm/blastn/tracing.rs	179	should_trace_seed	ncbi-blast/c++/src/algo/blast/core/blast_gapalign.c	c++/src/algo/blast/core/blast_gapalign.c	4071-4076	BLAST_GetGappedScore
LOSAT/src/algorithm/blastn/tracing.rs	213	should_trace_range	ncbi-blast/c++/src/algo/blast/core/blast_gapalign.c	c++/src/algo/blast/core/blast_gapalign.c	3908-3918	BLAST_GetGappedScore
LOSAT/src/algorithm/blastn/tracing.rs	264	should_trace_subject	ncbi-blast/c++/src/algo/blast/core/blast_traceback.c	c++/src/algo/blast/core/blast_traceback.c	633-692	Blast_TracebackFromHSPList
LOSAT/src/algorithm/blastn/tracing.rs	369	log	ncbi-blast/c++/src/algo/blast/core/blast_traceback.c	c++/src/algo/blast/core/blast_traceback.c	436-472	Blast_TracebackFromHSPList
LOSAT/src/algorithm/mod.rs	1	<module>	ncbi-blast/c++/src/algo/blast/blastinput/blastp_args.cpp	c++/src/algo/blast/blastinput/blastp_args.cpp	71-115	CBlastpAppArgs::CBlastpAppArgs
LOSAT/src/algorithm/mod.rs	13	<module>	c++/src/algo/blast/blastinput/tblastn_args.cpp	c++/src/algo/blast/blastinput/tblastn_args.cpp	45-62	CTblastnAppArgs::CTblastnAppArgs
LOSAT/src/algorithm/mod.rs	20	<module>	c++/src/algo/blast/blastinput/blastx_args.cpp	c++/src/algo/blast/blastinput/blastx_args.cpp	47-55	CBlastxAppArgs::CBlastxAppArgs
LOSAT/src/api/local_blast.rs	18	<module>	ncbi-blast/c++/src/app/blast/tblastx_app.cpp	c++/src/app/blast/tblastx_app.cpp	106-111	CTblastxApp::Run
LOSAT/src/api/local_blast.rs	31	<module>	ncbi-blast/c++/src/app/blast/blastn_app.cpp	c++/src/app/blast/blastn_app.cpp	128-133	CBlastnApp::Run
LOSAT/src/api/local_blast.rs	43	open	ncbi-blast/c++/src/algo/blast/api/local_blast.cpp	c++/src/algo/blast/api/local_blast.cpp	1196-1218	<file scope>
LOSAT/src/api/local_blast.rs	55	open	ncbi-blast/c++/src/app/blast/tblastn_app.cpp	c++/src/app/blast/tblastn_app.cpp	289-301	CTblastnApp::x_RunMTBySplitDB
LOSAT/src/api/local_blast.rs	67	open	ncbi-blast/c++/src/algo/blast/format/blast_format.cpp	c++/src/algo/blast/format/blast_format.cpp	68-93	CBlastFormat::CBlastFormat
LOSAT/src/api/local_blast.rs	73	open	ncbi-blast/c++/src/algo/blast/blastinput/blast_args.cpp	c++/src/algo/blast/blastinput/blast_args.cpp	3441-3443	CStdCmdLineArgs::SetArgumentDescriptions
LOSAT/src/api/local_blast.rs	91	open	ncbi-blast/c++/src/algo/blast/blastinput/blast_args.cpp	c++/src/algo/blast/blastinput/blast_args.cpp	3478-3480	CStdCmdLineArgs::ExtractAlgorithmOptions
LOSAT/src/api/local_blast.rs	110	open	ncbi-blast/c++/src/algo/blast/blastinput/blast_args.cpp	c++/src/algo/blast/blastinput/blast_args.cpp	2800-2803	CFormattingArgs::ParseFormattingString
LOSAT/src/api/local_blast.rs	123	open	ncbi-blast/c++/src/algo/blast/format/blast_format.cpp	c++/src/algo/blast/format/blast_format.cpp	1411	CBlastFormat::PrintOneResultSet
LOSAT/src/api/local_blast.rs	133	hsp_begin	ncbi-blast/c++/src/objtools/align_format/showalign.cpp	c++/src/objtools/align_format/showalign.cpp	1970-1973	CDisplaySeqalign::DisplaySeqalign
LOSAT/src/api/local_blast.rs	139	hsp_begin	ncbi-blast/c++/src/objtools/align_format/tabular.cpp	c++/src/objtools/align_format/tabular.cpp	1100-1108	CBlastTabularInfo::Print
LOSAT/src/api/local_blast.rs	149	hsp_begin	ncbi-blast/c++/src/objtools/align_format/showalign.cpp	c++/src/objtools/align_format/showalign.cpp	3956-3975	CDisplaySeqalign::x_DisplayAlnvecInfo
LOSAT/src/api/local_blast.rs	160	hsp_begin	ncbi-blast/c++/src/objtools/align_format/showalign.cpp	c++/src/objtools/align_format/showalign.cpp	3613-3632	CDisplaySeqalign::x_ShowAlnvecInfo
LOSAT/src/api/local_blast.rs	190	subject_begin	ncbi-blast/c++/src/objtools/align_format/showalign.cpp	c++/src/objtools/align_format/showalign.cpp	3613-3632	CDisplaySeqalign::x_ShowAlnvecInfo
LOSAT/src/api/local_blast.rs	214	new	ncbi-blast/c++/src/objtools/align_format/showalign.cpp	c++/src/objtools/align_format/showalign.cpp	1970-1973	CDisplaySeqalign::DisplaySeqalign
LOSAT/src/api/local_blast.rs	246	single	ncbi-blast/c++/src/app/blast/blastp_app.cpp	c++/src/app/blast/blastp_app.cpp	195-295	CBlastpApp::x_RunMTBySplitDB
LOSAT/src/api/local_blast.rs	264	single	ncbi-blast/c++/src/app/blast/blast_formatter.cpp	c++/src/app/blast/blast_formatter.cpp	429-467	CBlastFormatterApp::PrintFormattedOutput
LOSAT/src/api/local_blast.rs	290	single	ncbi-blast/c++/src/app/blast/blastp_app.cpp	c++/src/app/blast/blastp_app.cpp	225-226	CBlastpApp::x_RunMTBySplitDB
LOSAT/src/blastinput/query_batch.rs	7	query_batches	c++/src/algo/blast/blastinput/blast_input.cpp	c++/src/algo/blast/blastinput/blast_input.cpp	138-170	CBlastInput::GetNextSeqBatch
LOSAT/src/blastinput/query_batch.rs	38	next_query_batch_end	c++/src/algo/blast/blastinput/blast_input.cpp	c++/src/algo/blast/blastinput/blast_input.cpp	138-170	CBlastInput::GetNextSeqBatch
LOSAT/src/blastinput/query_batch.rs	66	new	c++/src/app/blast/blast_app_util.hpp	c++/src/app/blast/blast_app_util.hpp	57-83	<CBatchSizeMixer>
LOSAT/src/blastinput/query_batch.rs	123	batch_size	c++/src/app/blast/blast_app_util.cpp	c++/src/app/blast/blast_app_util.cpp	65-81	CBatchSizeMixer::GetBatchSize
LOSAT/src/blastinput/value_parsers.rs	5	is_enabled	c++/src/algo/blast/blastinput/blast_args.cpp	c++/src/algo/blast/blastinput/blast_args.cpp	410-420	CFilteringArgs::ExtractAlgorithmOptions
LOSAT/src/blastinput/value_parsers.rs	50	parse_dust_filtering	c++/src/algo/blast/blastinput/blast_args.cpp	c++/src/algo/blast/blastinput/blast_args.cpp	375-384	CFilteringArgs::x_TokenizeFilteringArgs
LOSAT/src/blastinput/value_parsers.rs	63	parse_dust_filtering	c++/src/algo/blast/blastinput/blast_args.cpp	c++/src/algo/blast/blastinput/blast_args.cpp	410-426	CFilteringArgs::ExtractAlgorithmOptions
LOSAT/src/blastinput/value_parsers.rs	83	parse_dust_filtering	c++/src/algo/blast/api/blast_objmgr_tools.cpp	c++/src/algo/blast/api/blast_objmgr_tools.cpp	195-198	CBlastQuerySourceOM::x_CalculateMasks
LOSAT/src/blastinput/value_parsers.rs	115	positive_usize	c++/src/algo/blast/blastinput/blast_args.cpp	c++/src/algo/blast/blastinput/blast_args.cpp	168-170	CGenericSearchArgs::SetArgumentDescriptions
LOSAT/src/blastinput/value_parsers.rs	155	ncbi_integer	c++/src/corelib/ncbiargs.cpp	c++/src/corelib/ncbiargs.cpp	118-129	s_StringToInt8
LOSAT/src/blastinput/value_parsers.rs	170	ncbi_integer	c++/src/corelib/ncbiargs.cpp	c++/src/corelib/ncbiargs.cpp	383-390	CArg_Integer::CArg_Integer
LOSAT/src/blastinput/value_parsers.rs	181	ncbi_integer	c++/src/corelib/ncbistr.cpp	c++/src/corelib/ncbistr.cpp	788-791	s_CheckRadix
LOSAT/src/blastinput/value_parsers.rs	218	ncbi_double	c++/src/corelib/ncbiargs.cpp	c++/src/corelib/ncbiargs.cpp	464	CArg_Double::CArg_Double
LOSAT/src/blastinput/value_parsers.rs	222	ncbi_double	c++/src/corelib/ncbistr.cpp	c++/src/corelib/ncbistr.cpp	1313-1318	s_StringToDouble
LOSAT/src/blastinput/value_parsers.rs	248	ncbi_constrained_integer	c++/include/algo/blast/blastinput/blast_input_aux.hpp	c++/include/algo/blast/blastinput/blast_input_aux.hpp	110-113	NCBI_BLASTINPUT_EXPORT::Verify
LOSAT/src/blastinput/value_parsers.rs	255	ncbi_constrained_integer	c++/src/corelib/ncbiargs.cpp	c++/src/corelib/ncbiargs.cpp	1231-1243	CArgDescMandatory::ProcessArgument
LOSAT/src/blastinput/value_parsers.rs	285	blastn_task	c++/src/algo/blast/api/blast_options_handle.cpp	c++/src/algo/blast/api/blast_options_handle.cpp	211-222	CBlastOptionsFactory::GetTasks
LOSAT/src/blastinput/value_parsers.rs	299	blastn_task	c++/src/algo/blast/blastinput/blastn_args.cpp	c++/src/algo/blast/blastinput/blastn_args.cpp	57-59	CBlastnAppArgs::CBlastnAppArgs
LOSAT/src/blastinput/value_parsers.rs	317	blastn_word_size	c++/src/algo/blast/blastinput/blast_args.cpp	c++/src/algo/blast/blastinput/blast_args.cpp	168-170	CGenericSearchArgs::SetArgumentDescriptions
LOSAT/src/blastinput/value_parsers.rs	357	blastn_percentage	c++/src/algo/blast/blastinput/blast_args.cpp	c++/src/algo/blast/blastinput/blast_args.cpp	188-192	CGenericSearchArgs::SetArgumentDescriptions
LOSAT/src/blastinput/value_parsers.rs	397	genetic_code	c++/src/algo/blast/blastinput/blast_args.cpp	c++/src/algo/blast/blastinput/blast_args.cpp	995-1006	CFrameShiftArgs::ExtractAlgorithmOptions
LOSAT/src/blastinput/value_parsers.rs	410	blastn_output_path	c++/src/algo/blast/blastinput/cmdline_flags.cpp	c++/src/algo/blast/blastinput/cmdline_flags.cpp	46-50	<file scope>
LOSAT/src/blastinput/value_parsers.rs	419	blastn_output_path	c++/include/algo/blast/blastinput/blast_input_aux.hpp	c++/include/algo/blast/blastinput/blast_input_aux.hpp	79-87	<NCBI_BLASTINPUT_EXPORT>
LOSAT/src/blastinput/value_parsers.rs	444	ncbi_file_name_length	c++/src/corelib/ncbifile.cpp	c++/src/corelib/ncbifile.cpp	298-312	CDirEntry::Reset
LOSAT/src/blastinput/value_parsers.rs	462	ncbi_file_name_length	c++/src/corelib/ncbifile.cpp	c++/src/corelib/ncbifile.cpp	465-472	CDirEntry::DeleteTrailingPathSeparator
LOSAT/src/blastinput/value_parsers.rs	473	ncbi_file_name_length	c++/src/corelib/ncbifile.cpp	c++/src/corelib/ncbifile.cpp	358-363	CDirEntry::SplitPath
LOSAT/src/blastinput/value_parsers.rs	509	blastn_input_path	c++/src/algo/blast/blastinput/blast_args.cpp	c++/src/algo/blast/blastinput/blast_args.cpp	3425-3427	CStdCmdLineArgs::SetArgumentDescriptions
LOSAT/src/blastinput/value_parsers.rs	531	is_enabled	ncbi-blast/c++/src/algo/blast/blastinput/blast_args.cpp	c++/src/algo/blast/blastinput/blast_args.cpp	386-407	CFilteringArgs::ExtractAlgorithmOptions
LOSAT/src/blastinput/value_parsers.rs	577	to_ncbi_cli_string	mnt/c/Users/genom/GitHub/ncbi-blast/c++/src/algo/blast/blastinput/blast_args.cpp	c++/src/algo/blast/blastinput/blast_args.cpp	396-407	CFilteringArgs::ExtractAlgorithmOptions
LOSAT/src/blastinput/value_parsers.rs	600	parse_seg_filtering	ncbi-blast/c++/src/algo/blast/blastinput/blast_args.cpp	c++/src/algo/blast/blastinput/blast_args.cpp	367-381	CFilteringArgs::SetArgumentDescriptions
LOSAT/src/cli.rs	7	try_parse_from	c++/src/algo/blast/blastinput/blastx_args.cpp	c++/src/algo/blast/blastinput/blastx_args.cpp	47-49	CBlastxAppArgs::CBlastxAppArgs
LOSAT/src/cli.rs	15	try_parse_from	c++/src/algo/blast/blastinput/cmdline_flags.cpp	c++/src/algo/blast/blastinput/cmdline_flags.cpp	46-94	<file scope>
LOSAT/src/cli.rs	35	try_parse_from	c++/src/algo/blast/blastinput/blastx_args.cpp	c++/src/algo/blast/blastinput/blastx_args.cpp	47-49	CBlastxAppArgs::CBlastxAppArgs
LOSAT/src/cli.rs	55	try_parse_from	c++/src/algo/blast/blastinput/blast_args.cpp	c++/src/algo/blast/blastinput/blast_args.cpp	166-170	CGenericSearchArgs::SetArgumentDescriptions
LOSAT/src/cli.rs	100	try_parse_from	c++/src/algo/blast/blastinput/blastx_args.cpp	c++/src/algo/blast/blastinput/blastx_args.cpp	62-66	CBlastxAppArgs::CBlastxAppArgs
LOSAT/src/cli.rs	156	render_message	c++/src/algo/blast/blastinput/cmdline_flags.cpp	c++/src/algo/blast/blastinput/cmdline_flags.cpp	46-94	<file scope>
LOSAT/src/cli.rs	184	is_unported_blastn_arg	c++/src/algo/blast/blastinput/tblastn_args.cpp	c++/src/algo/blast/blastinput/tblastn_args.cpp	64-129	CTblastnAppArgs::CTblastnAppArgs
LOSAT/src/cli.rs	192	is_unported_blastn_arg	c++/src/algo/blast/blastinput/blastn_args.cpp	c++/src/algo/blast/blastinput/blastn_args.cpp	63-70	CBlastnAppArgs::CBlastnAppArgs
LOSAT/src/cli.rs	307	is_unported_blastx_arg	c++/src/algo/blast/blastinput/blastx_args.cpp	c++/src/algo/blast/blastinput/blastx_args.cpp	62-66	CBlastxAppArgs::CBlastxAppArgs
LOSAT/src/cli.rs	359	fmt	c++/src/app/blast/blast_app_util.hpp	c++/src/app/blast/blast_app_util.hpp	177-184	#define CATCH_ALL
LOSAT/src/cli.rs	370	fmt	c++/src/app/blast/blast_app_util.hpp	c++/src/app/blast/blast_app_util.hpp	216-230	#define CATCH_ALL
LOSAT/src/cli.rs	388	fmt	c++/src/app/blast/blast_app_util.hpp	c++/src/app/blast/blast_app_util.hpp	251-255	#define CATCH_ALL
LOSAT/src/cli.rs	401	fmt	c++/src/app/blast/blast_app_util.hpp	c++/src/app/blast/blast_app_util.hpp	178-180	#define CATCH_ALL
LOSAT/src/cli.rs	412	inaccessible	c++/src/app/blast/blast_app_util.hpp	c++/src/app/blast/blast_app_util.hpp	177-184	#define CATCH_ALL
LOSAT/src/cli.rs	425	inaccessible	c++/src/corelib/ncbiargs.cpp	c++/src/corelib/ncbiargs.cpp	95-99	s_ArgExptMsg
LOSAT/src/cli.rs	433	inaccessible	c++/src/corelib/ncbiargs.cpp	c++/src/corelib/ncbiargs.cpp	615-619	CArg_Ios::x_Open
LOSAT/src/cli.rs	456	exit_on_native_error	c++/src/app/blast/blast_app_util.hpp	c++/src/app/blast/blast_app_util.hpp	177-180	#define CATCH_ALL
LOSAT/src/cli.rs	463	exit_on_native_error	c++/src/app/blast/blast_app_util.hpp	c++/src/app/blast/blast_app_util.hpp	225-227	#define CATCH_ALL
LOSAT/src/cli.rs	469	exit_on_native_error	c++/src/app/blast/blast_app_util.hpp	c++/src/app/blast/blast_app_util.hpp	251-255	#define CATCH_ALL
LOSAT/src/cli.rs	477	exit_on_native_error	c++/src/objtools/align_format/tabular.cpp	c++/src/objtools/align_format/tabular.cpp	160-163	CBlastTabularInfo::~CBlastTabularInfo
LOSAT/src/common.rs	81	is_sub	ncbi-blast/c++/include/algo/blast/core/blast_hits.h	c++/include/algo/blast/core/blast_hits.h	153-166	<BlastHSPList>
LOSAT/src/common.rs	102	is_sub	ncbi-blast/c++/include/algo/blast/core/blast_hits.h	c++/include/algo/blast/core/blast_hits.h	125-143	<BlastHSP>
LOSAT/src/common.rs	118	is_sub	ncbi-blast/c++/src/algo/blast/core/blast_hits.c	c++/src/algo/blast/core/blast_hits.c	1122-1132	Blast_HSPGetAdjustedOffsets
LOSAT/src/common.rs	130	is_sub	ncbi-blast/c++/include/algo/blast/core/blast_hits.h	c++/include/algo/blast/core/blast_hits.h	153-166	<BlastHSPList>
LOSAT/src/common.rs	145	resolve_ids	mnt/c/Users/genom/GitHub/ncbi-blast/c++/include/algo/blast/core/blast_hits.h	c++/include/algo/blast/core/blast_hits.h	125-143	<BlastHSP>
LOSAT/src/common.rs	152	resolve_ids	mnt/c/Users/genom/GitHub/ncbi-blast/c++/src/algo/blast/core/blast_gapalign.c	c++/src/algo/blast/core/blast_gapalign.c	2384-2388	s_AdjustInitialHSPOffsets
LOSAT/src/common.rs	174	resolve_ids	ncbi-blast/c++/include/algo/blast/core/blast_hits.h	c++/include/algo/blast/core/blast_hits.h	125-143	<BlastHSP>
LOSAT/src/common.rs	187	resolve_ids	ncbi-blast/c++/include/algo/blast/core/blast_hits.h	c++/include/algo/blast/core/blast_hits.h	153-166	<BlastHSPList>
LOSAT/src/common.rs	212	gap_letters	ncbi-blast/c++/src/algo/blast/core/blast_hits.c	c++/src/algo/blast/core/blast_hits.c	746-824	s_Blast_HSPGetNumIdentitiesAndPositives
LOSAT/src/common.rs	284	score_compare_hsps	ncbi-blast/c++/src/algo/blast/core/blast_hits.c	c++/src/algo/blast/core/blast_hits.c	1122-1132	Blast_HSPGetAdjustedOffsets
LOSAT/src/common.rs	304	score_compare_hsps	ncbi-blast/c++/src/algo/blast/core/blast_hits.c	c++/src/algo/blast/core/blast_hits.c	1347-1353	ScoreCompareHSPs
LOSAT/src/common.rs	370	evalue_compare_hsps	mnt/c/Users/genom/GitHub/ncbi-blast/c++/src/algo/blast/core/blast_hits.c	c++/src/algo/blast/core/blast_hits.c	1415-1434	s_EvalueCompareHSPs
LOSAT/src/common.rs	397	compare_subject_groups	mnt/c/Users/genom/GitHub/ncbi-blast/c++/src/algo/blast/core/blast_hits.c	c++/src/algo/blast/core/blast_hits.c	1431-1454	s_EvalueCompareHSPs
LOSAT/src/common.rs	457	stable_sort_by_index_replay	mnt/c/Users/genom/GitHub/ncbi-blast/c++/src/algo/blast/core/blast_hits.c	c++/src/algo/blast/core/blast_hits.c	1379-1381	Blast_HSPListSortByScore
LOSAT/src/common.rs	462	stable_sort_by_index_replay	mnt/c/Users/genom/GitHub/ncbi-blast/c++/src/algo/blast/core/blast_hits.c	c++/src/algo/blast/core/blast_hits.c	1452-1454	Blast_HSPListSortByEvalue
LOSAT/src/common.rs	467	stable_sort_by_index_replay	mnt/c/Users/genom/GitHub/ncbi-blast/c++/src/algo/blast/core/blast_hits.c	c++/src/algo/blast/core/blast_hits.c	3331-3337	Blast_HitListSortByEvalue
LOSAT/src/common.rs	514	write_output_with_format	ncbi-blast/c++/include/algo/blast/core/blast_hits.h	c++/include/algo/blast/core/blast_hits.h	153-166	<BlastHSPList>
LOSAT/src/common.rs	589	write_output_ncbi_order	ncbi-blast/c++/src/objtools/align_format/tabular.cpp	c++/src/objtools/align_format/tabular.cpp	1100-1108	CBlastTabularInfo::Print
LOSAT/src/common.rs	602	write_output_ncbi_order	ncbi-blast/c++/include/algo/blast/core/blast_hits.h	c++/include/algo/blast/core/blast_hits.h	153-166	<BlastHSPList>
LOSAT/src/common.rs	666	write_output_ncbi_order_to_writer	ncbi-blast/c++/src/objtools/align_format/tabular.cpp	c++/src/objtools/align_format/tabular.cpp	1100-1108	CBlastTabularInfo::Print
LOSAT/src/common.rs	697	write_output_ncbi_order_evalue_hsp_order_to_writer	mnt/c/Users/genom/GitHub/ncbi-blast/c++/src/algo/blast/core/blast_hits.c	c++/src/algo/blast/core/blast_hits.c	1437-1455	Blast_HSPListSortByEvalue
LOSAT/src/common.rs	757	write_output_ncbi_order_with_format_to_writer	ncbi-blast/c++/src/algo/blast/core/blast_hits.c	c++/src/algo/blast/core/blast_hits.c	3383-3400	Blast_HSPResultsSortByEvalue
LOSAT/src/common.rs	815	write_output_ncbi_order_with_format_to_writer_impl	mnt/c/Users/genom/GitHub/ncbi-blast/c++/src/algo/blast/core/blast_hits.c	c++/src/algo/blast/core/blast_hits.c	3391-3397	Blast_HSPResultsSortByEvalue
LOSAT/src/common.rs	841	write_output_ncbi_order_with_format_to_writer_impl	ncbi-blast/c++/src/algo/blast/format/blast_format.cpp	c++/src/algo/blast/format/blast_format.cpp	1411	CBlastFormat::PrintOneResultSet
LOSAT/src/common.rs	851	write_output_ncbi_order_with_format_to_writer_impl	mnt/c/Users/genom/GitHub/ncbi-blast/c++/src/algo/blast/core/blast_hits.c	c++/src/algo/blast/core/blast_hits.c	3331-3337	Blast_HitListSortByEvalue
LOSAT/src/common.rs	878	write_output_ncbi_order_with_format_to_writer_impl	mnt/c/Users/genom/GitHub/ncbi-blast/c++/src/algo/blast/core/blast_hits.c	c++/src/algo/blast/core/blast_hits.c	1374-1381	Blast_HSPListSortByScore
LOSAT/src/common.rs	889	write_output_ncbi_order_with_format_to_writer_impl	mnt/c/Users/genom/GitHub/ncbi-blast/c++/src/algo/blast/api/blast_seqalign.cpp	c++/src/algo/blast/api/blast_seqalign.cpp	1574-1577	BlastHitList2SeqAlign_OMF
LOSAT/src/common.rs	906	write_output_ncbi_order_with_format_to_writer_impl	mnt/c/Users/genom/GitHub/ncbi-blast/c++/src/algo/blast/core/blast_hits.c	c++/src/algo/blast/core/blast_hits.c	3098-3104	s_EvalueCompareHSPLists
LOSAT/src/common.rs	925	write_output_ncbi_order_with_format_to_writer_impl	mnt/c/Users/genom/GitHub/ncbi-blast/c++/src/algo/blast/core/blast_hits.c	c++/src/algo/blast/core/blast_hits.c	3331-3337	Blast_HitListSortByEvalue
LOSAT/src/common.rs	946	write_output_ncbi_order_with_format_to_writer_impl	ncbi-blast/c++/src/objtools/align_format/tabular.cpp	c++/src/objtools/align_format/tabular.cpp	1100-1108	CBlastTabularInfo::Print
LOSAT/src/common.rs	958	write_output_ncbi_order_with_format_to_writer_impl	ncbi-blast/c++/include/algo/blast/core/blast_hits.h	c++/include/algo/blast/core/blast_hits.h	153-166	<BlastHSPList>
LOSAT/src/common.rs	1040	hit	mnt/c/Users/genom/GitHub/ncbi-blast/c++/src/algo/blast/core/blast_hits.c	c++/src/algo/blast/core/blast_hits.c	1347-1355	ScoreCompareHSPs
LOSAT/src/common.rs	1049	hit	mnt/c/Users/genom/GitHub/ncbi-blast/c++/src/algo/blast/core/blast_hits.c	c++/src/algo/blast/core/blast_hits.c	3095-3106	s_EvalueCompareHSPLists
LOSAT/src/core/blast_encoding.rs	45	<module>	ncbi-blast/c++/src/algo/blast/core/blast_encoding.c	c++/src/algo/blast/core/blast_encoding.c	85-93	<file scope>
LOSAT/src/core/blast_encoding.rs	66	new	ncbi-blast/c++/src/algo/blast/core/blast_encoding.c	c++/src/algo/blast/core/blast_encoding.c	85-93	<file scope>
LOSAT/src/core/blast_encoding.rs	397	encode_iupac_base_to_blastna	ncbi-blast/c++/src/algo/blast/core/blast_encoding.c	c++/src/algo/blast/core/blast_encoding.c	85-93	<file scope>
LOSAT/src/core/blast_encoding.rs	415	encode_iupac_to_blastna	ncbi-blast/c++/src/algo/blast/core/blast_encoding.c	c++/src/algo/blast/core/blast_encoding.c	85-93	<file scope>
LOSAT/src/core/blast_encoding.rs	436	encode_iupac_to_ncbi2na	ncbi-blast/c++/src/algo/blast/core/blast_util.c	c++/src/algo/blast/core/blast_util.c	476-489	BlastCompressBlastnaSequence
LOSAT/src/core/blast_encoding.rs	451	iupacna_to_ncbi4na	ncbi-blast/c++/src/algo/blast/api/blast_objmgr_tools.cpp	c++/src/algo/blast/api/blast_objmgr_tools.cpp	424-425	<file scope>
LOSAT/src/core/blast_encoding.rs	478	new	c++/src/util/random_gen.cpp	c++/src/util/random_gen.cpp	98	<file scope>
LOSAT/src/core/blast_encoding.rs	532	resolve_ncbi4na_to_ncbi2na	ncbi-blast/c++/src/algo/blast/api/blast_objmgr_tools.cpp	c++/src/algo/blast/api/blast_objmgr_tools.cpp	427-474	s_Ncbi4naToNcbi2na
LOSAT/src/core/blast_encoding.rs	582	encode_subject_ncbi2na_packed	ncbi-blast/c++/src/algo/blast/api/blast_objmgr_tools.cpp	c++/src/algo/blast/api/blast_objmgr_tools.cpp	515-520	CBlastSeqVectorOM::GetCompressedPlusStrand
LOSAT/src/core/blast_encoding.rs	592	encode_subject_ncbi2na_packed	ncbi-blast/c++/src/algo/blast/api/blast_setup_cxx.cpp	c++/src/algo/blast/api/blast_setup_cxx.cpp	1167-1194	CompressNcbi2na
LOSAT/src/core/blast_util.rs	94	ncbistdaa_to_blosum62	ncbi-blast/c++/src/algo/blast/core/blast_stat.c	c++/src/algo/blast/core/blast_stat.c	1566-1592	BlastScoreBlkProteinMatrixLoad
LOSAT/src/core/blast_util.rs	248	ncbi_int4_from_double	ncbi-blast/c++/src/algo/blast/core/blast_stat.c	c++/src/algo/blast/core/blast_stat.c	4047-4049	BlastKarlinEtoS_simple
LOSAT/src/report/defline.rs	5	<module>	c++/src/objmgr/util/create_defline.cpp	c++/src/objmgr/util/create_defline.cpp	3952-3960	CDeflineGenerator::GenerateDefline
LOSAT/src/report/defline.rs	15	<module>	c++/src/objmgr/util/create_defline.cpp	c++/src/objmgr/util/create_defline.cpp	4050-4095	CDeflineGenerator::GenerateDefline
LOSAT/src/report/defline.rs	56	ncbi_nucleotide_title	c++/src/objmgr/util/create_defline.cpp	c++/src/objmgr/util/create_defline.cpp	3431-3446	<file scope>
LOSAT/src/report/defline.rs	158	clean_and_compress	c++/src/objmgr/util/create_defline.cpp	c++/src/objmgr/util/create_defline.cpp	219-312	x_CleanAndCompress
LOSAT/src/report/outfmt6.rs	164	format_scientific_ncbi	ncbi-blast/c++/src/objtools/align_format/align_format_util.cpp	c++/src/objtools/align_format/align_format_util.cpp	965-988	CAlignFormatUtil::GetScoreString
LOSAT/src/report/outfmt6.rs	175	format_scientific_ncbi	ncbi-blast/c++/src/corelib/ncbistr.cpp	c++/src/corelib/ncbistr.cpp	2389-2402	NStr::DoubleToString
LOSAT/src/report/outfmt6.rs	220	write_scientific_ncbi	ncbi-blast/c++/src/objtools/align_format/align_format_util.cpp	c++/src/objtools/align_format/align_format_util.cpp	965-988	CAlignFormatUtil::GetScoreString
LOSAT/src/report/outfmt6.rs	238	format_evalue_ncbi	ncbi-blast/c++/src/objtools/align_format/align_format_util.cpp	c++/src/objtools/align_format/align_format_util.cpp	965-983	CAlignFormatUtil::GetScoreString
LOSAT/src/report/outfmt6.rs	283	format_evalue_ncbi_tabular	ncbi-blast/c++/src/objtools/align_format/tabular.cpp	c++/src/objtools/align_format/tabular.cpp	1332-1337	CBlastTabularInfo::SetScores
LOSAT/src/report/outfmt6.rs	329	format_percent_identity_ncbi	mnt/c/Users/genom/GitHub/ncbi-blast/c++/include/objtools/align_format/tabular.hpp	c++/include/objtools/align_format/tabular.hpp	437-441	CBlastTabularInfo::x_PrintPercentIdentical
LOSAT/src/report/outfmt6.rs	338	format_percent_identity_ncbi	mnt/c/Users/genom/GitHub/ncbi-blast/c++/src/corelib/ncbistr.cpp	c++/src/corelib/ncbistr.cpp	2388-2401	NStr::DoubleToString
LOSAT/src/report/outfmt6.rs	362	write_evalue_ncbi_base	ncbi-blast/c++/src/objtools/align_format/align_format_util.cpp	c++/src/objtools/align_format/align_format_util.cpp	965-983	CAlignFormatUtil::GetScoreString
LOSAT/src/report/outfmt6.rs	400	write_evalue_ncbi_tabular	ncbi-blast/c++/src/objtools/align_format/tabular.cpp	c++/src/objtools/align_format/tabular.cpp	1332-1337	CBlastTabularInfo::SetScores
LOSAT/src/report/outfmt6.rs	419	write_bitscore_ncbi	ncbi-blast/c++/src/objtools/align_format/align_format_util.cpp	c++/src/objtools/align_format/align_format_util.cpp	986-993	CAlignFormatUtil::GetScoreString
LOSAT/src/report/outfmt6.rs	449	format_hit	mnt/c/Users/genom/GitHub/ncbi-blast/c++/include/objtools/align_format/tabular.hpp	c++/include/objtools/align_format/tabular.hpp	437-441	CBlastTabularInfo::x_PrintPercentIdentical
LOSAT/src/report/outfmt6.rs	469	write_hit_fields	ncbi-blast/c++/include/algo/blast/core/blast_hits.h	c++/include/algo/blast/core/blast_hits.h	153-166	<BlastHSPList>
LOSAT/src/report/outfmt6.rs	508	write_hit_fields	ncbi-blast/c++/src/objtools/align_format/tabular.cpp	c++/src/objtools/align_format/tabular.cpp	1100-1108	CBlastTabularInfo::Print
LOSAT/src/report/outfmt6.rs	539	write_outfmt6	mnt/c/Users/genom/GitHub/ncbi-blast/c++/include/objtools/align_format/tabular.hpp	c++/include/objtools/align_format/tabular.hpp	437-441	CBlastTabularInfo::x_PrintPercentIdentical
LOSAT/src/report/outfmt6.rs	600	write_outfmt7_header	ncbi-blast/c++/src/objtools/align_format/tabular.cpp	c++/src/objtools/align_format/tabular.cpp	1100-1108	CBlastTabularInfo::Print
LOSAT/src/report/outfmt6.rs	613	write_outfmt7_header	ncbi-blast/c++/include/algo/blast/core/blast_hits.h	c++/include/algo/blast/core/blast_hits.h	153-166	<BlastHSPList>
LOSAT/src/report/outfmt6.rs	713	write_outfmt7	ncbi-blast/c++/src/objtools/align_format/tabular.cpp	c++/src/objtools/align_format/tabular.cpp	1100-1108	CBlastTabularInfo::Print
LOSAT/src/report/outfmt6.rs	731	write_outfmt7_grouped	ncbi-blast/c++/src/objtools/align_format/tabular.cpp	c++/src/objtools/align_format/tabular.cpp	1100-1108	CBlastTabularInfo::Print
LOSAT/src/report/outfmt6.rs	744	write_outfmt7_grouped	ncbi-blast/c++/include/algo/blast/core/blast_hits.h	c++/include/algo/blast/core/blast_hits.h	153-166	<BlastHSPList>
LOSAT/src/report/outfmt6.rs	789	write_outfmt7_grouped	ncbi-blast/c++/src/objtools/align_format/tabular.cpp	c++/src/objtools/align_format/tabular.cpp	1100-1108	CBlastTabularInfo::Print
LOSAT/src/report/outfmt6.rs	809	write_outfmt7_grouped	ncbi-blast/c++/src/objtools/align_format/tabular.cpp	c++/src/objtools/align_format/tabular.cpp	1264-1283	CBlastTabularInfo::PrintHeader
LOSAT/src/report/outfmt6.rs	823	write_outfmt7_grouped	ncbi-blast/c++/include/algo/blast/core/blast_hits.h	c++/include/algo/blast/core/blast_hits.h	153-166	<BlastHSPList>
LOSAT/src/report/outfmt6.rs	840	write_outfmt7_grouped	ncbi-blast/c++/include/algo/blast/core/blast_hits.h	c++/include/algo/blast/core/blast_hits.h	153-166	<BlastHSPList>
LOSAT/src/report/outfmt6.rs	860	write_to_file	ncbi-blast/c++/src/objtools/align_format/tabular.cpp	c++/src/objtools/align_format/tabular.cpp	1100-1108	CBlastTabularInfo::Print
LOSAT/src/report/outfmt6.rs	873	write_to_file	ncbi-blast/c++/include/algo/blast/core/blast_hits.h	c++/include/algo/blast/core/blast_hits.h	153-166	<BlastHSPList>
LOSAT/src/report/outfmt6.rs	966	get_column_description	ncbi-blast/c++/include/algo/blast/core/blast_hits.h	c++/include/algo/blast/core/blast_hits.h	153-166	<BlastHSPList>
LOSAT/src/report/outfmt6.rs	1024	make_hit	ncbi-blast/c++/include/algo/blast/core/blast_hits.h	c++/include/algo/blast/core/blast_hits.h	153-166	<BlastHSPList>
LOSAT/src/report/outfmt6.rs	1047	test_format_evalue_ncbi_zero	ncbi-blast/c++/src/algo/blast/core/blast_hits.c	c++/src/algo/blast/core/blast_hits.c	1122-1132	Blast_HSPGetAdjustedOffsets
LOSAT/src/report/outfmt6.rs	1059	test_format_evalue_ncbi_zero	ncbi-blast/c++/include/algo/blast/core/blast_hits.h	c++/include/algo/blast/core/blast_hits.h	125-143	<BlastHSP>
LOSAT/src/report/outfmt6.rs	1073	test_format_evalue_ncbi_zero	ncbi-blast/c++/src/objtools/align_format/align_format_util.cpp	c++/src/objtools/align_format/align_format_util.cpp	965-988	CAlignFormatUtil::GetScoreString
LOSAT/src/report/outfmt6.rs	1081	test_format_evalue_ncbi_zero	ncbi-blast/c++/src/objtools/align_format/tabular.cpp	c++/src/objtools/align_format/tabular.cpp	1328-1337	CBlastTabularInfo::SetScores
LOSAT/src/report/outfmt6.rs	1145	test_format_evalue_ncbi_base_scientific	ncbi-blast/c++/src/objtools/align_format/align_format_util.cpp	c++/src/objtools/align_format/align_format_util.cpp	965-975	CAlignFormatUtil::GetScoreString
LOSAT/src/report/outfmt6.rs	1162	test_format_bitscore_ncbi_small	ncbi-blast/c++/src/objtools/align_format/align_format_util.cpp	c++/src/objtools/align_format/align_format_util.cpp	986-993	CAlignFormatUtil::GetScoreString
LOSAT/src/report/outfmt6.rs	1210	test_exponent_padding_without_generated_fixture	ncbi-blast/c++/src/objtools/align_format/align_format_util.cpp	c++/src/objtools/align_format/align_format_util.cpp	965-988	CAlignFormatUtil::GetScoreString
LOSAT/src/report/outfmt6.rs	1233	test_format_evalue_compat	mnt/c/Users/genom/GitHub/ncbi-blast/c++/include/objtools/align_format/tabular.hpp	c++/include/objtools/align_format/tabular.hpp	437-441	CBlastTabularInfo::x_PrintPercentIdentical
LOSAT/src/report/outfmt6.rs	1257	test_format_hit_ncbi_compat	ncbi-blast/c++/include/algo/blast/core/blast_hits.h	c++/include/algo/blast/core/blast_hits.h	153-166	<BlastHSPList>
LOSAT/src/report/outfmt6.rs	1279	test_write_with_header	ncbi-blast/c++/include/algo/blast/core/blast_hits.h	c++/include/algo/blast/core/blast_hits.h	153-166	<BlastHSPList>
LOSAT/src/report/outfmt6.rs	1294	test_write_with_header	mnt/c/Users/genom/GitHub/ncbi-blast/c++/include/objtools/align_format/tabular.hpp	c++/include/objtools/align_format/tabular.hpp	437-441	CBlastTabularInfo::x_PrintPercentIdentical
LOSAT/src/report/outfmt6.rs	1311	test_generate_summary	ncbi-blast/c++/include/algo/blast/core/blast_hits.h	c++/include/algo/blast/core/blast_hits.h	153-166	<BlastHSPList>
LOSAT/src/report/pairwise.rs	12	default	c++/src/objtools/align_format/align_format_util.cpp	c++/src/objtools/align_format/align_format_util.cpp	3563-3581	CAlignFormatUtil::GetAsciiProteinMatrix
LOSAT/src/report/pairwise.rs	127	subject_defline	mnt/c/Users/genom/GitHub/ncbi-blast/c++/src/algo/blast/api/blast_results.cpp	c++/src/algo/blast/api/blast_results.cpp	72-115	CBlastAncillaryData::CBlastAncillaryData
LOSAT/src/report/pairwise.rs	150	subject_defline	mnt/c/Users/genom/GitHub/ncbi-blast/c++/src/algo/blast/format/blast_format.cpp	c++/src/algo/blast/format/blast_format.cpp	2248-2285	CBlastFormat::PrintEpilog
LOSAT/src/report/pairwise.rs	206	ncbi_percent_match	c++/src/objtools/align_format/showalign.cpp	c++/src/objtools/align_format/showalign.cpp	2385-2388	CDisplaySeqalign::x_PrintDefLine
LOSAT/src/report/pairwise.rs	234	ncbi_percent_match	c++/src/objtools/align_format/align_format_util.cpp	c++/src/objtools/align_format/align_format_util.cpp	3152-3161	CAlignFormatUtil::GetPercentMatch
LOSAT/src/report/pairwise.rs	277	write_hsp_info	ncbi-blast/c++/src/objtools/align_format/showalign.cpp	c++/src/objtools/align_format/showalign.cpp	3578-3604	CDisplaySeqalign::x_DisplayAlignInfo
LOSAT/src/report/pairwise.rs	300	write_hsp_info	c++/src/objtools/align_format/align_format_util.cpp	c++/src/objtools/align_format/align_format_util.cpp	3152-3161	CAlignFormatUtil::GetPercentMatch
LOSAT/src/report/pairwise.rs	316	write_hsp_info	c++/src/objtools/align_format/align_format_util.cpp	c++/src/objtools/align_format/align_format_util.cpp	3152-3161	CAlignFormatUtil::GetPercentMatch
LOSAT/src/report/pairwise.rs	332	write_hsp_info	c++/src/objtools/align_format/align_format_util.cpp	c++/src/objtools/align_format/align_format_util.cpp	3152-3161	CAlignFormatUtil::GetPercentMatch
LOSAT/src/report/pairwise.rs	364	write_hsp_info	c++/src/objtools/align_format/showalign.cpp	c++/src/objtools/align_format/showalign.cpp	1794-1805	CDisplaySeqalign::x_PrepareIdentityInfo
LOSAT/src/report/pairwise.rs	393	write_hsp_info	c++/src/objtools/align_format/showalign.cpp	c++/src/objtools/align_format/showalign.cpp	310-320	s_DisplayIdentityInfo
LOSAT/src/report/pairwise.rs	414	write_alignment	c++/src/objtools/align_format/showalign.cpp	c++/src/objtools/align_format/showalign.cpp	4011-4018	CDisplaySeqalign::x_DisplaySingleAlignParams
LOSAT/src/report/pairwise.rs	506	write_alignment_with_sequences	mnt/c/Users/genom/GitHub/ncbi-blast/c++/src/objtools/align_format/showalign.cpp	c++/src/objtools/align_format/showalign.cpp	96-98	<file scope>
LOSAT/src/report/pairwise.rs	513	write_alignment_with_sequences	mnt/c/Users/genom/GitHub/ncbi-blast/c++/src/objtools/align_format/showalign.cpp	c++/src/objtools/align_format/showalign.cpp	1600-1625	CDisplaySeqalign::x_DisplaySequenceLine
LOSAT/src/report/pairwise.rs	525	write_alignment_with_sequences	c++/src/algo/blast/format/blast_format.cpp	c++/src/algo/blast/format/blast_format.cpp	1570-1573	CBlastFormat::PrintOneResultSet
LOSAT/src/report/pairwise.rs	544	write_alignment_with_sequences	c++/src/objtools/align_format/showalign.cpp	c++/src/objtools/align_format/showalign.cpp	2131-2155	CDisplaySeqalign::x_FillIdentityInfo
LOSAT/src/report/pairwise.rs	609	write_sequence_row	c++/src/objtools/align_format/showalign.cpp	c++/src/objtools/align_format/showalign.cpp	1598-1626	CDisplaySeqalign::x_DisplaySequenceLine
LOSAT/src/report/pairwise.rs	673	is_positive_match	ncbi-blast/c++/src/objtools/align_format/showalign.cpp	c++/src/objtools/align_format/showalign.cpp	2122-2149	CDisplaySeqalign::x_FillIdentityInfo
LOSAT/src/report/pairwise.rs	692	write_database_header	c++/src/objtools/align_format/align_format_util.cpp	c++/src/objtools/align_format/align_format_util.cpp	3563-3581	CAlignFormatUtil::GetAsciiProteinMatrix
LOSAT/src/report/pairwise.rs	717	write_database_header	ncbi-blast/c++/src/algo/blast/format/blast_format.cpp	c++/src/algo/blast/format/blast_format.cpp	790-803	CBlastFormat::x_PrintTabularReport
LOSAT/src/report/pairwise.rs	745	write_subject_summary_table	ncbi-blast/c++/src/objtools/align_format/showdefline.cpp	c++/src/objtools/align_format/showdefline.cpp	69-79	<file scope>
LOSAT/src/report/pairwise.rs	751	write_subject_summary_table	c++/src/objtools/align_format/showdefline.cpp	c++/src/objtools/align_format/showdefline.cpp	830-837	CShowBlastDefline::x_DisplayDefline
LOSAT/src/report/pairwise.rs	770	write_subject_summary_table_with_sum_n	c++/src/objtools/align_format/showdefline.cpp	c++/src/objtools/align_format/showdefline.cpp	830-837	CShowBlastDefline::x_DisplayDefline
LOSAT/src/report/pairwise.rs	788	write_subject_summary_table_with_sum_n	c++/src/objtools/align_format/showdefline.cpp	c++/src/objtools/align_format/showdefline.cpp	668-709	CShowBlastDefline::x_InitDefline
LOSAT/src/report/pairwise.rs	812	write_subject_summary_table_with_sum_n	c++/src/objtools/align_format/showdefline.cpp	c++/src/objtools/align_format/showdefline.cpp	830-840	CShowBlastDefline::x_DisplayDefline
LOSAT/src/report/pairwise.rs	856	digit_count	c++/src/objtools/align_format/showdefline.cpp	c++/src/objtools/align_format/showdefline.cpp	914-931	CShowBlastDefline::x_DisplayDefline
LOSAT/src/report/pairwise.rs	872	digit_count	c++/src/objtools/align_format/showdefline.cpp	c++/src/objtools/align_format/showdefline.cpp	961-965	CShowBlastDefline::x_DisplayDefline
LOSAT/src/report/pairwise.rs	896	coordinate_width	ncbi-blast/c++/src/objtools/align_format/showalign.cpp	c++/src/objtools/align_format/showalign.cpp	1366-1367	CDisplaySeqalign::x_PrepareRowData
LOSAT/src/report/pairwise.rs	941	format_ncbi_ka_value	mnt/c/Users/genom/GitHub/ncbi-blast/c++/src/objtools/align_format/align_format_util.cpp	c++/src/objtools/align_format/align_format_util.cpp	581-613	CAlignFormatUtil::PrintKAParameters
LOSAT/src/report/pairwise.rs	981	write_blastp_pairwise_intro	mnt/c/Users/genom/GitHub/ncbi-blast/c++/src/algo/blast/format/blastfmtutil.cpp	c++/src/algo/blast/format/blastfmtutil.cpp	73-111	CBlastFormatUtil::BlastPrintVersionInfo
LOSAT/src/report/pairwise.rs	988	write_blastp_pairwise_intro	mnt/c/Users/genom/GitHub/ncbi-blast/c++/src/algo/blast/api/version.cpp	c++/src/algo/blast/api/version.cpp	46-69	<file scope>
LOSAT/src/report/pairwise.rs	1042	write_flatfile_wrapped	mnt/c/Users/genom/GitHub/ncbi-blast/c++/src/algo/blast/format/blastfmtutil.cpp	c++/src/algo/blast/format/blastfmtutil.cpp	125-138	CBlastFormatUtil::PrintDbInformation
LOSAT/src/report/pairwise.rs	1051	write_flatfile_wrapped	c++/src/corelib/ncbistr.cpp	c++/src/corelib/ncbistr.cpp	5088-5340	NStr::WrapIt
LOSAT/src/report/pairwise.rs	1054	write_flatfile_wrapped	c++/src/objtools/align_format/align_format_util.cpp	c++/src/objtools/align_format/align_format_util.cpp	279-291	CAlignFormatUtil::x_WrapOutputLine
LOSAT/src/report/pairwise.rs	1059	write_flatfile_wrapped	c++/src/corelib/ncbistr.cpp	c++/src/corelib/ncbistr.cpp	5100	NStr::WrapIt
LOSAT/src/report/pairwise.rs	1106	write_blastp_database_header	c++/src/corelib/ncbistr.cpp	c++/src/corelib/ncbistr.cpp	5260-5266	NStr::WrapIt
LOSAT/src/report/pairwise.rs	1156	write_blastp_database_header_spacing	c++/src/objtools/align_format/align_format_util.cpp	c++/src/objtools/align_format/align_format_util.cpp	533-538	CAlignFormatUtil::PrintDbReport
LOSAT/src/report/pairwise.rs	1172	write_blastp_query_header	c++/src/objtools/align_format/align_format_util.cpp	c++/src/objtools/align_format/align_format_util.cpp	513-525	CAlignFormatUtil::PrintDbReport
LOSAT/src/report/pairwise.rs	1202	write_blastp_query_header	mnt/c/Users/genom/GitHub/ncbi-blast/c++/src/objtools/align_format/align_format_util.cpp	c++/src/objtools/align_format/align_format_util.cpp	712-746	CAlignFormatUtil::x_AcknowledgeBlastSequence
LOSAT/src/report/pairwise.rs	1214	write_no_hits_found	c++/src/objtools/align_format/align_format_util.cpp	c++/src/objtools/align_format/align_format_util.cpp	729-746	CAlignFormatUtil::x_AcknowledgeBlastSequence
LOSAT/src/report/pairwise.rs	1224	write_no_hits_found	mnt/c/Users/genom/GitHub/ncbi-blast/c++/src/algo/blast/format/blast_format.cpp	c++/src/algo/blast/format/blast_format.cpp	1510-1514	CBlastFormat::PrintOneResultSet
LOSAT/src/report/pairwise.rs	1231	write_tblastn_unsearched_query_footer	c++/src/algo/blast/format/blast_format.cpp	c++/src/algo/blast/format/blast_format.cpp	1510-1514	CBlastFormat::PrintOneResultSet
LOSAT/src/report/pairwise.rs	1241	write_tblastn_unsearched_query_footer	mnt/c/Users/genom/GitHub/ncbi-blast/c++/src/algo/blast/format/blast_format.cpp	c++/src/algo/blast/format/blast_format.cpp	445-477	CBlastFormat::x_PrintOneQueryFooter
LOSAT/src/report/pairwise.rs	1267	write_tblastn_unsearched_query_footer_spacing	c++/src/algo/blast/format/blast_format.cpp	c++/src/algo/blast/format/blast_format.cpp	477-478	CBlastFormat::x_PrintOneQueryFooter
LOSAT/src/report/pairwise.rs	1272	write_tblastn_unsearched_query_footer_spacing	c++/src/algo/blast/format/blast_format.cpp	c++/src/algo/blast/format/blast_format.cpp	1491	CBlastFormat::PrintOneResultSet
LOSAT/src/report/pairwise.rs	1322	write_blastp_query_footer_spacing	c++/src/algo/blast/format/blast_format.cpp	c++/src/algo/blast/format/blast_format.cpp	477-478	CBlastFormat::x_PrintOneQueryFooter
LOSAT/src/report/pairwise.rs	1327	write_blastp_query_footer_spacing	c++/src/algo/blast/format/blast_format.cpp	c++/src/algo/blast/format/blast_format.cpp	1491	CBlastFormat::PrintOneResultSet
LOSAT/src/report/pairwise.rs	1373	write_blastp_final_footer	mnt/c/Users/genom/GitHub/ncbi-blast/c++/src/objtools/align_format/align_format_util.cpp	c++/src/objtools/align_format/align_format_util.cpp	503-579	CAlignFormatUtil::GetBlastDbInfo
LOSAT/src/report/pairwise.rs	1383	write_blastp_final_footer	mnt/c/Users/genom/GitHub/ncbi-blast/c++/src/algo/blast/format/blast_format.cpp	c++/src/algo/blast/format/blast_format.cpp	2258-2285	CBlastFormat::PrintEpilog
LOSAT/src/report/pairwise.rs	1434	write_blastp_pairwise_report	c++/src/objtools/align_format/align_format_util.cpp	c++/src/objtools/align_format/align_format_util.cpp	543-544	CAlignFormatUtil::PrintDbReport
LOSAT/src/report/pairwise.rs	1454	write_blastp_pairwise_report	mnt/c/Users/genom/GitHub/ncbi-blast/c++/src/algo/blast/format/blast_format.cpp	c++/src/algo/blast/format/blast_format.cpp	372-424	CBlastFormat::PrintProlog
LOSAT/src/report/pairwise.rs	1463	write_blastp_pairwise_report	mnt/c/Users/genom/GitHub/ncbi-blast/c++/src/algo/blast/format/blast_format.cpp	c++/src/algo/blast/format/blast_format.cpp	1520-1589	CBlastFormat::PrintOneResultSet
LOSAT/src/report/pairwise.rs	1492	write_blastp_pairwise_report	c++/src/algo/blast/format/blast_format.cpp	c++/src/algo/blast/format/blast_format.cpp	1411	CBlastFormat::PrintOneResultSet
LOSAT/src/report/pairwise.rs	1537	write_blastp_pairwise_report	c++/src/algo/blast/format/blast_format.cpp	c++/src/algo/blast/format/blast_format.cpp	1520-1589	CBlastFormat::PrintOneResultSet
LOSAT/src/report/pairwise.rs	1552	write_blastp_pairwise_report	c++/src/objtools/align_format/showalign.cpp	c++/src/objtools/align_format/showalign.cpp	3613-3632	CDisplaySeqalign::x_ShowAlnvecInfo
LOSAT/src/report/pairwise.rs	1578	write_blastp_pairwise_report	c++/src/objtools/align_format/showalign.cpp	c++/src/objtools/align_format/showalign.cpp	1970-1973	CDisplaySeqalign::DisplaySeqalign
LOSAT/src/report/pairwise.rs	1621	write_blastp_pairwise_report	c++/src/algo/blast/api/blast_results.cpp	c++/src/algo/blast/api/blast_results.cpp	82-104	CBlastAncillaryData::CBlastAncillaryData
LOSAT/src/report/pairwise.rs	1663	write_blastn_description_table	c++/src/objtools/align_format/showdefline.cpp	c++/src/objtools/align_format/showdefline.cpp	1004-1011	CShowBlastDefline::DisplayBlastDefline
LOSAT/src/report/pairwise.rs	1671	write_blastn_description_table	c++/src/objtools/align_format/showdefline.cpp	c++/src/objtools/align_format/showdefline.cpp	1100-1142	CShowBlastDefline::x_InitDeflineTable
LOSAT/src/report/pairwise.rs	1699	write_blastn_description_table	c++/src/objtools/align_format/align_format_util.cpp	c++/src/objtools/align_format/align_format_util.cpp	4285-4310	CAlignFormatUtil::GetSeqAlignSetCalcParams
LOSAT/src/report/pairwise.rs	1768	write_megablast_pairwise_intro	c++/src/objtools/align_format/showdefline.cpp	c++/src/objtools/align_format/showdefline.cpp	498	CShowBlastDefline::x_FillDeflineAndId
LOSAT/src/report/pairwise.rs	1772	write_megablast_pairwise_intro	c++/src/objtools/align_format/showdefline.cpp	c++/src/objtools/align_format/showdefline.cpp	915-918	CShowBlastDefline::x_DisplayDefline
LOSAT/src/report/pairwise.rs	1799	write_megablast_pairwise_intro	c++/src/algo/blast/format/blast_format.cpp	c++/src/algo/blast/format/blast_format.cpp	387-407	CBlastFormat::PrintProlog
LOSAT/src/report/pairwise.rs	1810	write_megablast_pairwise_intro	c++/src/algo/blast/api/version.cpp	c++/src/algo/blast/api/version.cpp	58-61	<file scope>
LOSAT/src/report/pairwise.rs	1837	write_nucleotide_query_footer	c++/src/algo/blast/format/blast_format.cpp	c++/src/algo/blast/format/blast_format.cpp	451-478	CBlastFormat::x_PrintOneQueryFooter
LOSAT/src/report/pairwise.rs	1854	write_nucleotide_query_footer	c++/src/algo/blast/core/blast_setup.c	c++/src/algo/blast/core/blast_setup.c	472-480	BlastSetup_ScoreBlkInit
LOSAT/src/report/pairwise.rs	1899	write_blastn_final_footer	c++/src/algo/blast/format/blast_format.cpp	c++/src/algo/blast/format/blast_format.cpp	2261-2279	CBlastFormat::PrintEpilog
LOSAT/src/report/pairwise.rs	1951	write_blastn_pairwise_prolog	c++/src/app/blast/blastn_app.cpp	c++/src/app/blast/blastn_app.cpp	258-261	CBlastnApp::x_RunMTBySplitDB
LOSAT/src/report/pairwise.rs	1985	write_blastn_pairwise_report	c++/src/algo/blast/format/blast_format.cpp	c++/src/algo/blast/format/blast_format.cpp	1491-1589	CBlastFormat::PrintOneResultSet
LOSAT/src/report/pairwise.rs	2028	write_blastn_pairwise_report	c++/src/algo/blast/format/blast_format.cpp	c++/src/algo/blast/format/blast_format.cpp	1489-1491	CBlastFormat::PrintOneResultSet
LOSAT/src/report/pairwise.rs	2073	write_blastn_pairwise_report	c++/src/algo/blast/format/blast_format.cpp	c++/src/algo/blast/format/blast_format.cpp	606-611	CBlastFormat::x_DisplayDeflines
LOSAT/src/report/pairwise.rs	2089	write_blastn_pairwise_report	c++/src/objtools/align_format/align_format_util.cpp	c++/src/objtools/align_format/align_format_util.cpp	1014-1040	CAlignFormatUtil::PruneSeqalign
LOSAT/src/report/pairwise.rs	2101	write_blastn_pairwise_report	c++/src/objtools/align_format/showalign.cpp	c++/src/objtools/align_format/showalign.cpp	3613-3632	CDisplaySeqalign::x_ShowAlnvecInfo
LOSAT/src/report/pairwise.rs	2117	write_pairwise	c++/src/objtools/align_format/showalign.cpp	c++/src/objtools/align_format/showalign.cpp	2273	CDisplaySeqalign::x_FillAlnDispParams
LOSAT/src/report/pairwise.rs	2130	write_pairwise	c++/src/objtools/align_format/showalign.cpp	c++/src/objtools/align_format/showalign.cpp	1970-1973	CDisplaySeqalign::DisplaySeqalign
LOSAT/src/report/pairwise.rs	2172	write_pairwise	ncbi-blast/c++/src/objtools/align_format/showalign.cpp	c++/src/objtools/align_format/showalign.cpp	1408-1469	CDisplaySeqalign::x_DisplayRowData
LOSAT/src/report/pairwise.rs	2195	write_pairwise	ncbi-blast/c++/src/algo/blast/format/blast_format.cpp	c++/src/algo/blast/format/blast_format.cpp	790-803	CBlastFormat::x_PrintTabularReport
LOSAT/src/report/pairwise.rs	2225	write_pairwise	ncbi-blast/c++/src/objtools/align_format/showalign.cpp	c++/src/objtools/align_format/showalign.cpp	2278-2315	CDisplaySeqalign::x_PrintDefLine
LOSAT/src/report/pairwise.rs	2234	write_pairwise	ncbi-blast/c++/include/algo/blast/core/blast_hits.h	c++/include/algo/blast/core/blast_hits.h	153-166	<BlastHSPList>
LOSAT/src/report/pairwise.rs	2249	write_pairwise_simple	ncbi-blast/c++/src/objtools/align_format/showdefline.cpp	c++/src/objtools/align_format/showdefline.cpp	69-79	<file scope>
LOSAT/src/report/pairwise.rs	2259	write_pairwise_simple	ncbi-blast/c++/include/algo/blast/core/blast_hits.h	c++/include/algo/blast/core/blast_hits.h	153-166	<BlastHSPList>
LOSAT/src/report/pairwise.rs	2320	flatfile_wrapping_preserves_ncbi_break_boundaries	ncbi-blast/c++/include/algo/blast/core/blast_hits.h	c++/include/algo/blast/core/blast_hits.h	153-166	<BlastHSPList>
LOSAT/src/report/pairwise.rs	2343	flatfile_wrapping_preserves_ncbi_break_boundaries	ncbi-blast/c++/src/algo/blast/core/blast_hits.c	c++/src/algo/blast/core/blast_hits.c	1122-1132	Blast_HSPGetAdjustedOffsets
LOSAT/src/report/pairwise.rs	2355	flatfile_wrapping_preserves_ncbi_break_boundaries	ncbi-blast/c++/include/algo/blast/core/blast_hits.h	c++/include/algo/blast/core/blast_hits.h	125-143	<BlastHSP>
LOSAT/src/report/pairwise.rs	2367	flatfile_wrapping_preserves_ncbi_break_boundaries	c++/src/corelib/ncbistr.cpp	c++/src/corelib/ncbistr.cpp	5088-5340	NStr::WrapIt
LOSAT/src/report/pairwise.rs	2411	blastn_strand_comes_from_the_hsp_frame	c++/src/objtools/align_format/showalign.cpp	c++/src/objtools/align_format/showalign.cpp	4017-4018	CDisplaySeqalign::x_DisplaySingleAlignParams
LOSAT/src/report/pairwise.rs	2455	write_tblastn_pairwise_report	ncbi-blast/c++/include/algo/blast/core/blast_hits.h	c++/include/algo/blast/core/blast_hits.h	153-166	<BlastHSPList>
LOSAT/src/report/pairwise.rs	2519	write_tblastn_pairwise_report	c++/src/algo/blast/format/blast_format.cpp	c++/src/algo/blast/format/blast_format.cpp	1411	CBlastFormat::PrintOneResultSet
LOSAT/src/report/pairwise.rs	2584	write_tblastn_pairwise_report	c++/src/objtools/align_format/showalign.cpp	c++/src/objtools/align_format/showalign.cpp	3613-3632	CDisplaySeqalign::x_ShowAlnvecInfo
LOSAT/src/report/pairwise.rs	2610	write_tblastn_hsp_info	c++/src/objtools/align_format/showalign.cpp	c++/src/objtools/align_format/showalign.cpp	1970-1973	CDisplaySeqalign::DisplaySeqalign
LOSAT/src/report/pairwise.rs	2616	write_tblastn_hsp_info	c++/src/objtools/align_format/showalign.cpp	c++/src/objtools/align_format/showalign.cpp	3971-3980	CDisplaySeqalign::x_DisplayAlnvecInfo
LOSAT/src/report/pairwise.rs	2689	write_tblastn_hsp_info	c++/src/objtools/align_format/align_format_util.cpp	c++/src/objtools/align_format/align_format_util.cpp	3152-3161	CAlignFormatUtil::GetPercentMatch
LOSAT/src/report/pairwise.rs	2718	write_tblastn_alignment	c++/src/objtools/align_format/showalign.cpp	c++/src/objtools/align_format/showalign.cpp	321-332	s_DisplayIdentityInfo
LOSAT/src/report/pairwise.rs	2816	write_translated_pairwise_intro	c++/src/algo/blast/format/blast_format.cpp	c++/src/algo/blast/format/blast_format.cpp	387-407	CBlastFormat::PrintProlog
LOSAT/src/report/pairwise.rs	2845	write_translated_pairwise_intro	c++/src/algo/blast/format/blastfmtutil.cpp	c++/src/algo/blast/format/blastfmtutil.cpp	66-73	CBlastFormatUtil::BlastPrintVersionInfo
LOSAT/src/report/pairwise.rs	2857	write_translated_pairwise_intro	c++/src/algo/blast/format/blast_format.cpp	c++/src/algo/blast/format/blast_format.cpp	395	CBlastFormat::PrintProlog
LOSAT/src/report/pairwise.rs	2864	write_translated_pairwise_intro	c++/src/algo/blast/format/blast_format.cpp	c++/src/algo/blast/format/blast_format.cpp	395	CBlastFormat::PrintProlog
LOSAT/src/report/pairwise.rs	2891	write_translated_pairwise_intro	c++/src/algo/blast/format/blast_format.cpp	c++/src/algo/blast/format/blast_format.cpp	275-282	CBlastFormat::CBlastFormat
LOSAT/src/report/pairwise.rs	2902	write_translated_pairwise_intro	c++/src/algo/blast/format/blast_format.cpp	c++/src/algo/blast/format/blast_format.cpp	1548-1565	CBlastFormat::PrintOneResultSet
LOSAT/src/report/pairwise.rs	2930	write_blastx_pairwise_report	c++/src/algo/blast/format/blast_format.cpp	c++/src/algo/blast/format/blast_format.cpp	1490-1519	CBlastFormat::PrintOneResultSet
LOSAT/src/report/pairwise.rs	2983	write_blastx_pairwise_report	c++/src/algo/blast/format/blast_format.cpp	c++/src/algo/blast/format/blast_format.cpp	1450-1452	CBlastFormat::PrintOneResultSet
LOSAT/src/report/pairwise.rs	2990	write_blastx_pairwise_report	c++/src/algo/blast/format/blast_format.cpp	c++/src/algo/blast/format/blast_format.cpp	1491-1492	CBlastFormat::PrintOneResultSet
LOSAT/src/report/pairwise.rs	3049	write_blastx_prolog	c++/src/app/blast/blastx_app.cpp	c++/src/app/blast/blastx_app.cpp	254	CBlastxApp::x_RunMTBySplitDB
LOSAT/src/report/pairwise.rs	3053	write_blastx_prolog	c++/src/app/blast/blastx_app.cpp	c++/src/app/blast/blastx_app.cpp	297	CBlastxApp::x_RunMTBySplitDB
LOSAT/src/report/pairwise.rs	3057	write_blastx_prolog	c++/src/algo/blast/format/blast_format.cpp	c++/src/algo/blast/format/blast_format.cpp	387-388	CBlastFormat::PrintProlog
LOSAT/src/report/pairwise.rs	3062	write_blastx_prolog	c++/src/algo/blast/format/blast_format.cpp	c++/src/algo/blast/format/blast_format.cpp	406-407	CBlastFormat::PrintProlog
LOSAT/src/report/pairwise.rs	3080	write_blastx_epilog	c++/src/algo/blast/format/blast_format.cpp	c++/src/algo/blast/format/blast_format.cpp	2264-2288	CBlastFormat::PrintEpilog
LOSAT/src/report/pairwise.rs	3113	write_blastx_epilog	c++/src/algo/blast/format/blast_format.cpp	c++/src/algo/blast/format/blast_format.cpp	2264-2288	CBlastFormat::PrintEpilog
LOSAT/src/report/pairwise.rs	3141	write_blastx_epilog	c++/src/algo/blast/format/blast_format.cpp	c++/src/algo/blast/format/blast_format.cpp	2249	CBlastFormat::PrintEpilog
LOSAT/src/report/pairwise.rs	3183	write_blastx_epilog	c++/src/algo/blast/format/blast_format.cpp	c++/src/algo/blast/format/blast_format.cpp	445-478	CBlastFormat::x_PrintOneQueryFooter
LOSAT/src/report/pairwise.rs	3220	write_blastx_query_footer	c++/src/objtools/align_format/align_format_util.cpp	c++/src/objtools/align_format/align_format_util.cpp	583-613	CAlignFormatUtil::PrintKAParameters
LOSAT/src/report/pairwise.rs	3300	write_blastx_alignment	c++/src/objtools/align_format/showalign.cpp	c++/src/objtools/align_format/showalign.cpp	1596-1627	CDisplaySeqalign::x_DisplaySequenceLine
LOSAT/src/report/pairwise.rs	3335	write_blastx_alignment	c++/src/algo/blast/api/blast_seqalign.cpp	c++/src/algo/blast/api/blast_seqalign.cpp	120-134	s_GetAlignmentStart
LOSAT/src/report/pairwise.rs	3366	write_blastx_alignment	c++/src/objtools/align_format/showalign.cpp	c++/src/objtools/align_format/showalign.cpp	1364-1367	CDisplaySeqalign::x_PrepareRowData
LOSAT/src/report/pairwise.rs	3442	percent_match_matches_independent_pinned_cpp_edges	c++/src/objtools/align_format/align_format_util.cpp	c++/src/objtools/align_format/align_format_util.cpp	3152-3161	CAlignFormatUtil::GetPercentMatch
LOSAT/src/report/query_warnings.rs	7	invalid_query_warning	c++/src/algo/blast/core/blast_stat.c	c++/src/algo/blast/core/blast_stat.c	2783-2790	Blast_ScoreBlkKbpUngappedCalc
LOSAT/src/report/query_warnings.rs	17	invalid_query_warning	c++/src/algo/blast/core/blast_message.c	c++/src/algo/blast/core/blast_message.c	37-40	<file scope>
LOSAT/src/report/query_warnings.rs	24	invalid_query_warning	c++/src/algo/blast/api/blast_setup_cxx.cpp	c++/src/algo/blast/api/blast_setup_cxx.cpp	534-543	SetupQueries_OMF
LOSAT/src/report/query_warnings.rs	37	invalid_query_warning	c++/src/algo/blast/api/blast_results.cpp	c++/src/algo/blast/api/blast_results.cpp	283-291	CSearchResults::GetWarningStrings
LOSAT/src/report/query_warnings.rs	71	few_matches_warning	c++/src/algo/blast/blastinput/blast_args.cpp	c++/src/algo/blast/blastinput/blast_args.cpp	2975-2977	CFormattingArgs::ExtractAlgorithmOptions
LOSAT/src/stats/karlin_calc.rs	13	<module>	ncbi-blast/c++/include/algo/blast/core/blast_stat.h	c++/include/algo/blast/core/blast_stat.h	121-122	<Blast_ScoreFreq>
LOSAT/src/stats/karlin_calc.rs	17	<module>	ncbi-blast/c++/src/algo/blast/core/blast_stat.c	c++/src/algo/blast/core/blast_stat.c	56-72	#define BLAST_SCORE_RANGE_MAX
LOSAT/src/stats/karlin_calc.rs	27	<module>	ncbi-blast/c++/src/algo/blast/core/blast_stat.c	c++/src/algo/blast/core/blast_stat.c	1794-1816	<file scope>
LOSAT/src/stats/karlin_calc.rs	42	compute_aa_composition	ncbi-blast/c++/src/algo/blast/core/blast_stat.c	c++/src/algo/blast/core/blast_stat.c	1863-1879	Blast_GetStdAlphabet
LOSAT/src/stats/karlin_calc.rs	103	compute_std_aa_composition	ncbi-blast/c++/src/algo/blast/core/blast_stat.c	c++/src/algo/blast/core/blast_stat.c	1984-2014	BlastResCompStr
LOSAT/src/stats/karlin_calc.rs	116	compute_std_aa_composition	ncbi-blast/c++/src/algo/blast/core/blast_setup.c	c++/src/algo/blast/core/blast_setup.c	382-385	Blast_ScoreBlkMatrixInit
LOSAT/src/stats/karlin_calc.rs	143	new	ncbi-blast/c++/src/algo/blast/core/blast_stat.c	c++/src/algo/blast/core/blast_stat.c	1887-1901	Blast_ResFreqStdComp
LOSAT/src/stats/karlin_calc.rs	155	new	ncbi-blast/c++/src/algo/blast/core/blast_stat.c	c++/src/algo/blast/core/blast_stat.c	1909-1910	Blast_ResFreqStdComp
LOSAT/src/stats/karlin_calc.rs	235	score_freq_profile_from_probabilities	ncbi-blast/c++/src/algo/blast/core/blast_stat.c	c++/src/algo/blast/core/blast_stat.c	2151-2205	BlastScoreFreqCalc
LOSAT/src/stats/karlin_calc.rs	385	blast_gcd	ncbi-blast/c++/src/algo/blast/core/ncbi_math.c	c++/src/algo/blast/core/ncbi_math.c	405-418	BLAST_Gcd
LOSAT/src/stats/karlin_calc.rs	404	blast_score_chk	ncbi-blast/c++/src/algo/blast/core/blast_stat.c	c++/src/algo/blast/core/blast_stat.c	2099-2109	BlastScoreChk
LOSAT/src/stats/karlin_calc.rs	415	blast_expm1	ncbi-blast/c++/src/algo/blast/core/ncbi_math.c	c++/src/algo/blast/core/ncbi_math.c	33-55	BLAST_Expm1
LOSAT/src/stats/karlin_calc.rs	440	blast_powi	ncbi-blast/c++/src/algo/blast/core/ncbi_math.c	c++/src/algo/blast/core/ncbi_math.c	444-470	BLAST_Powi
LOSAT/src/stats/karlin_calc.rs	466	nlm_karlin_lambda_nr	ncbi-blast/c++/src/algo/blast/core/blast_stat.c	c++/src/algo/blast/core/blast_stat.c	2491-2563	NlmKarlinLambdaNR
LOSAT/src/stats/karlin_calc.rs	798	test_compute_aa_composition_excludes_x_from_denominator	ncbi-blast/c++/src/algo/blast/core/blast_stat.c	c++/src/algo/blast/core/blast_stat.c	2009-2012	BlastResCompStr
LOSAT/src/stats/karlin_calc.rs	835	test_compute_std_aa_composition	ncbi-blast/c++/src/algo/blast/core/blast_setup.c	c++/src/algo/blast/core/blast_setup.c	382-385	Blast_ScoreBlkMatrixInit
LOSAT/src/stats/karlin_calc.rs	850	test_compute_score_freq_profile	ncbi-blast/c++/src/algo/blast/core/blast_stat.c	c++/src/algo/blast/core/blast_stat.c	1794-1816	<file scope>
LOSAT/src/stats/spouge.rs	5	lookup_protein_gumbel_params	ncbi-blast/c++/include/algo/blast/core/blast_stat.h	c++/include/algo/blast/core/blast_stat.h	94-112	<Blast_GumbelBlk>
LOSAT/src/stats/spouge.rs	38	lookup_protein_gumbel_params	ncbi-blast/c++/src/algo/blast/core/blast_stat.c	c++/src/algo/blast/core/blast_stat.c	3696-3742	Blast_GumbelBlkLoadFromTables
LOSAT/src/stats/spouge.rs	56	lookup_protein_gumbel_params	ncbi-blast/c++/src/algo/blast/core/blast_stat.c	c++/src/algo/blast/core/blast_stat.c	258-271	<file scope>
LOSAT/src/stats/spouge.rs	397	blast_spouge_stoe	ncbi-blast/c++/src/algo/blast/core/blast_stat.c	c++/src/algo/blast/core/blast_stat.c	5176-5231	BLAST_SpougeStoE
LOSAT/src/stats/spouge.rs	458	blast_spouge_etos	ncbi-blast/c++/src/algo/blast/core/blast_stat.c	c++/src/algo/blast/core/blast_stat.c	5236-5263	BLAST_SpougeEtoS
LOSAT/src/stats/spouge.rs	645	test_blast_spouge_stoe_matches_ncbi_formula_for_representative_tail_inputs	ncbi-blast/c++/src/algo/blast/core/blast_stat.c	c++/src/algo/blast/core/blast_stat.c	5176-5231	BLAST_SpougeStoE
LOSAT/src/stats/spouge.rs	689	test_blast_spouge_etos_matches_ncbi_formula_for_representative_evalues	ncbi-blast/c++/src/algo/blast/core/blast_stat.c	c++/src/algo/blast/core/blast_stat.c	5236-5263	BLAST_SpougeEtoS
LOSAT/src/stats/sum_statistics.rs	9	<module>	ncbi-blast/c++/include/algo/blast/core/ncbi_math.h	c++/include/algo/blast/core/ncbi_math.h	152-163	#define LOGDERIV_ORDER_MAX
LOSAT/src/stats/sum_statistics.rs	16	blast_expm1	ncbi-blast/c++/src/algo/blast/core/ncbi_math.c	c++/src/algo/blast/core/ncbi_math.c	60-62	BLAST_Log1p
LOSAT/src/stats/sum_statistics.rs	19	blast_expm1	ncbi-blast/c++/src/algo/blast/core/ncbi_math.c	c++/src/algo/blast/core/ncbi_math.c	140-151	<file scope>
LOSAT/src/stats/sum_statistics.rs	34	blast_expm1	ncbi-blast/c++/src/algo/blast/core/ncbi_math.c	c++/src/algo/blast/core/ncbi_math.c	296-309	<file scope>
LOSAT/src/stats/sum_statistics.rs	73	blast_expm1	ncbi-blast/c++/src/algo/blast/core/ncbi_math.c	c++/src/algo/blast/core/ncbi_math.c	33-55	BLAST_Expm1
LOSAT/src/stats/sum_statistics.rs	98	blast_log1p	ncbi-blast/c++/src/algo/blast/core/ncbi_math.c	c++/src/algo/blast/core/ncbi_math.c	64-83	BLAST_Log1p
LOSAT/src/stats/sum_statistics.rs	123	blast_powi	ncbi-blast/c++/src/algo/blast/core/ncbi_math.c	c++/src/algo/blast/core/ncbi_math.c	444-470	BLAST_Powi
LOSAT/src/stats/sum_statistics.rs	149	s_log_derivative	ncbi-blast/c++/src/algo/blast/core/ncbi_math.c	c++/src/algo/blast/core/ncbi_math.c	94-137	s_LogDerivative
LOSAT/src/stats/sum_statistics.rs	184	s_general_ln_gamma	ncbi-blast/c++/src/algo/blast/core/ncbi_math.c	c++/src/algo/blast/core/ncbi_math.c	161-221	s_GeneralLnGamma
LOSAT/src/stats/sum_statistics.rs	254	s_poly_gamma	ncbi-blast/c++/src/algo/blast/core/ncbi_math.c	c++/src/algo/blast/core/ncbi_math.c	235-284	s_PolyGamma
LOSAT/src/stats/sum_statistics.rs	303	s_ln_gamma	ncbi-blast/c++/src/algo/blast/core/ncbi_math.c	c++/src/algo/blast/core/ncbi_math.c	292-295	s_LnGamma
LOSAT/src/stats/sum_statistics.rs	308	blast_factorial	ncbi-blast/c++/src/algo/blast/core/ncbi_math.c	c++/src/algo/blast/core/ncbi_math.c	312-321	BLAST_Factorial
LOSAT/src/stats/sum_statistics.rs	319	blast_ln_gamma_int	ncbi-blast/c++/src/algo/blast/core/ncbi_math.c	c++/src/algo/blast/core/ncbi_math.c	323-329	BLAST_LnGammaInt
LOSAT/src/stats/sum_statistics.rs	327	blast_ln_factorial	ncbi-blast/c++/src/algo/blast/core/ncbi_math.c	c++/src/algo/blast/core/ncbi_math.c	473-480	BLAST_LnFactorial
LOSAT/src/stats/sum_statistics.rs	346	ln_factorial	ncbi-blast/c++/src/algo/blast/core/blast_stat.c	c++/src/algo/blast/core/blast_stat.c	4081	BLAST_GapDecayDivisor
LOSAT/src/stats/sum_statistics.rs	352	ln_factorial	ncbi-blast/c++/src/algo/blast/core/ncbi_math.c	c++/src/algo/blast/core/ncbi_math.c	473-480	BLAST_LnFactorial
LOSAT/src/stats/sum_statistics.rs	364	p_to_e	ncbi-blast/c++/src/algo/blast/core/ncbi_math.c	c++/src/algo/blast/core/ncbi_math.c	323-329	BLAST_LnGammaInt
LOSAT/src/stats/sum_statistics.rs	395	ln_factorial_int	ncbi-blast/c++/src/algo/blast/core/ncbi_math.c	c++/src/algo/blast/core/ncbi_math.c	473-480	BLAST_LnFactorial
LOSAT/src/stats/tables.rs	78	to_karlin_params	blast_stat.c	c++/src/algo/blast/core/blast_stat.c	611-614	<file scope>
LOSAT/src/stats/tables.rs	83	to_karlin_params	blast_stat.c	c++/src/algo/blast/core/blast_stat.c	611-614	<file scope>
LOSAT/src/stats/tables.rs	90	to_karlin_params	blast_stat.c	c++/src/algo/blast/core/blast_stat.c	617-623	<file scope>
LOSAT/src/stats/tables.rs	100	to_karlin_params	blast_stat.c	c++/src/algo/blast/core/blast_stat.c	629-635	<file scope>
LOSAT/src/stats/tables.rs	112	to_karlin_params	blast_stat.c	c++/src/algo/blast/core/blast_stat.c	638-645	<file scope>
LOSAT/src/stats/tables.rs	123	to_karlin_params	blast_stat.c	c++/src/algo/blast/core/blast_stat.c	651-657	<file scope>
LOSAT/src/stats/tables.rs	135	to_karlin_params	blast_stat.c	c++/src/algo/blast/core/blast_stat.c	660-668	<file scope>
LOSAT/src/stats/tables.rs	147	to_karlin_params	blast_stat.c	c++/src/algo/blast/core/blast_stat.c	674-684	<file scope>
LOSAT/src/stats/tables.rs	164	to_karlin_params	blast_stat.c	c++/src/algo/blast/core/blast_stat.c	687-694	<file scope>
LOSAT/src/stats/tables.rs	177	to_karlin_params	blast_stat.c	c++/src/algo/blast/core/blast_stat.c	697-703	<file scope>
LOSAT/src/stats/tables.rs	187	to_karlin_params	blast_stat.c	c++/src/algo/blast/core/blast_stat.c	706-714	<file scope>
LOSAT/src/stats/tables.rs	199	to_karlin_params	blast_stat.c	c++/src/algo/blast/core/blast_stat.c	717-719	<file scope>
LOSAT/src/stats/tables.rs	203	to_karlin_params	blast_stat.c	c++/src/algo/blast/core/blast_stat.c	722-724	<file scope>
LOSAT/src/stats/tables.rs	335	blast_gcd	c++/src/algo/blast/core/ncbi_math.c	c++/src/algo/blast/core/ncbi_math.c	405-419	BLAST_Gcd
LOSAT/src/stats/tables.rs	366	ungapped_beta	c++/src/algo/blast/core/blast_stat.c	c++/src/algo/blast/core/blast_stat.c	3955-3963	s_GetUngappedBeta
LOSAT/src/stats/tables.rs	390	ungapped_beta	c++/src/algo/blast/core/blast_stat.c	c++/src/algo/blast/core/blast_stat.c	3237-3372	s_GetNuclValuesArray
LOSAT/src/stats/tables.rs	431	new	c++/src/algo/blast/core/blast_stat.c	c++/src/algo/blast/core/blast_stat.c	3159-3170	s_SplitArrayOf8
LOSAT/src/stats/tables.rs	440	new	c++/src/algo/blast/core/blast_stat.c	c++/src/algo/blast/core/blast_stat.c	3192-3215	s_AdjustGapParametersByGcd
LOSAT/src/stats/tables.rs	512	row	c++/src/algo/blast/core/blast_stat.c	c++/src/algo/blast/core/blast_stat.c	3875-3935	Blast_KarlinBlkNuclGappedCalc
LOSAT/src/stats/tables.rs	588	gapped	c++/src/algo/blast/core/blast_stat.c	c++/src/algo/blast/core/blast_stat.c	3995-4026	Blast_GetNuclAlphaBeta
LOSAT/src/stats/tables.rs	663	protein_scoring_supported	mnt/c/Users/genom/GitHub/ncbi-blast/c++/src/algo/blast/core/blast_options.c	c++/src/algo/blast/core/blast_options.c	908-936	BlastScoringOptionsValidate
LOSAT/src/utils/dust.rs	11	new	mnt/c/Users/genom/GitHub/ncbi-blast/c++/src/util/random_gen.cpp	c++/src/util/random_gen.cpp	241-264	CRandom::Reset
LOSAT/src/utils/dust.rs	21	new	mnt/c/Users/genom/GitHub/ncbi-blast/c++/include/util/random_gen.hpp	c++/include/util/random_gen.hpp	217-240	CRandom::x_GetRand32Bits
LOSAT/src/utils/dust.rs	201	encode_triplet	mnt/c/Users/genom/GitHub/ncbi-blast/c++/include/algo/dustmask/symdust.hpp	c++/include/algo/dustmask/symdust.hpp	75-84	CIupac2Ncbi2na_converter::operator
LOSAT/src/utils/dust.rs	264	mask_subsequence	mnt/c/Users/genom/GitHub/ncbi-blast/c++/src/algo/dustmask/symdust.cpp	c++/src/algo/dustmask/symdust.cpp	235-249	CSymDustMasker::operator
LOSAT/src/utils/dust.rs	356	save_masked_regions	mnt/c/Users/genom/GitHub/ncbi-blast/c++/src/algo/dustmask/symdust.cpp	c++/src/algo/dustmask/symdust.cpp	185-208	CSymDustMasker::save_masked_regions
LOSAT/src/utils/dust.rs	397	new	ncbi-blast/c++/src/algo/dustmask/symdust.cpp	c++/src/algo/dustmask/symdust.cpp	40-45	CSymDustMasker::triplets::triplets
LOSAT/src/utils/dust.rs	593	is_position_masked	ncbi-blast/c++/src/algo/dustmask/symdust.cpp	c++/src/algo/dustmask/symdust.cpp	156-163	CSymDustMasker::triplets::find_perfect
LOSAT/src/utils/matrix.rs	18	<module>	ncbi-blast/c++/include/algo/blast/core/blast_stat.h	c++/include/algo/blast/core/blast_stat.h	121-122	<Blast_ScoreFreq>
LOSAT/src/utils/matrix.rs	27	<module>	ncbi-blast/c++/src/algo/blast/core/blast_encoding.c	c++/src/algo/blast/core/blast_encoding.c	115-121	<file scope>
LOSAT/src/utils/matrix.rs	96	ncbistdaa_to_blosum62	ncbi-blast/c++/src/algo/blast/core/blast_stat.c	c++/src/algo/blast/core/blast_stat.c	1566-1592	BlastScoreBlkProteinMatrixLoad
LOSAT/src/utils/matrix.rs	125	aa_char_to_ncbistdaa	ncbi-blast/c++/src/algo/blast/core/blast_encoding.c	c++/src/algo/blast/core/blast_encoding.c	110-121	<file scope>
LOSAT/src/utils/matrix.rs	134	aa_char_to_ncbistdaa	ncbi-blast/c++/src/algo/blast/core/blast_encoding.c	c++/src/algo/blast/core/blast_encoding.c	110-121	<file scope>
LOSAT/src/utils/matrix.rs	155	aa_char_to_ncbistdaa	ncbi-blast/c++/src/util/tables/sm_blosum62.c	c++/src/util/tables/sm_blosum62.c	34-92	<file scope>
LOSAT/src/utils/matrix.rs	192	aa_char_to_ncbistdaa	ncbi-blast/c++/src/algo/blast/core/blast_encoding.c	c++/src/algo/blast/core/blast_encoding.c	110-121	<file scope>
LOSAT/src/utils/matrix.rs	200	aa_char_to_ncbistdaa	ncbi-blast/c++/src/algo/blast/core/blast_stat.c	c++/src/algo/blast/core/blast_stat.c	1559-1592	BlastScoreBlkProteinMatrixLoad
LOSAT/src/utils/matrix.rs	208	build_blosum62_ncbistdaa_direct_scores	ncbi-blast/c++/src/util/tables/sm_blosum62.c	c++/src/util/tables/sm_blosum62.c	34-92	<file scope>
LOSAT/src/utils/matrix.rs	247	build_blosum62_ncbistdaa_direct_scores	ncbi-blast/c++/src/algo/blast/core/blast_stat.c	c++/src/algo/blast/core/blast_stat.c	1559-1592	BlastScoreBlkProteinMatrixLoad
LOSAT/src/utils/matrix.rs	255	build_blosum62_ncbistdaa_direct_scores	ncbi-blast/c++/src/util/tables/sm_blosum62.c	c++/src/util/tables/sm_blosum62.c	38-92	<file scope>
LOSAT/src/utils/matrix.rs	308	blosum62_ncbistdaa_score_row	ncbi-blast/c++/src/algo/blast/core/blast_aalookup.c	c++/src/algo/blast/core/blast_aalookup.c	562-563	s_AddWordHitsCore
LOSAT/src/utils/matrix.rs	314	blosum62_ncbistdaa_score_row	ncbi-blast/c++/src/algo/blast/core/blast_stat.c	c++/src/algo/blast/core/blast_stat.c	1559-1592	BlastScoreBlkProteinMatrixLoad
LOSAT/src/utils/matrix.rs	522	parse_matrix_scores	ncbi-blast/c++/src/util/tables/raw_scoremat.c	c++/src/util/tables/raw_scoremat.c	81-109	NCBISM_Unpack
LOSAT/src/utils/matrix.rs	619	standard_protein_matrix	ncbi-blast/c++/src/util/tables/raw_scoremat.c	c++/src/util/tables/raw_scoremat.c	131-154	NCBISM_GetStandardMatrix
LOSAT/src/utils/matrix.rs	671	protein_display_score	ncbi-blast/c++/src/algo/blast/core/blast_stat.c	c++/src/algo/blast/core/blast_stat.c	1559-1579	BlastScoreBlkProteinMatrixLoad
LOSAT/src/utils/matrix.rs	693	protein_display_score	c++/src/objtools/align_format/align_format_util.cpp	c++/src/objtools/align_format/align_format_util.cpp	3563-3581	CAlignFormatUtil::GetAsciiProteinMatrix
LOSAT/src/utils/matrix.rs	717	protein_display_score	c++/src/objtools/align_format/align_format_util.cpp	c++/src/objtools/align_format/align_format_util.cpp	88	<file scope>
LOSAT/src/utils/matrix.rs	746	protein_display_positives	c++/src/objtools/align_format/showalign.cpp	c++/src/objtools/align_format/showalign.cpp	2120-2154	CDisplaySeqalign::x_FillIdentityInfo
LOSAT/src/utils/matrix.rs	784	protein_display_positives	c++/src/objtools/align_format/showalign.cpp	c++/src/objtools/align_format/showalign.cpp	1794-1798	CDisplaySeqalign::x_PrepareIdentityInfo
LOSAT/src/utils/matrix.rs	792	protein_display_positives	c++/src/objtools/align_format/showalign.cpp	c++/src/objtools/align_format/showalign.cpp	2520-2521	CDisplaySeqalign::x_OutputSeq
LOSAT/src/utils/matrix.rs	864	test_blosum62_ncbistdaa_direct_matches_generic_for_blastaa_alphabet	ncbi-blast/c++/src/algo/blast/core/blast_stat.c	c++/src/algo/blast/core/blast_stat.c	1559-1592	BlastScoreBlkProteinMatrixLoad
LOSAT/src/utils/matrix.rs	886	test_non_blosum62_standard_matrices	ncbi-blast/c++/src/algo/blast/core/blast_aalookup.c	c++/src/algo/blast/core/blast_aalookup.c	562-563	s_AddWordHitsCore
LOSAT/src/utils/matrix.rs	955	display_matrix_matches_pinned_cpp_all_ascii_matrices	c++/src/objtools/align_format/align_format_util.cpp	c++/src/objtools/align_format/align_format_util.cpp	3563-3581	CAlignFormatUtil::GetAsciiProteinMatrix
LOSAT/src/utils/seg.rs	67	seg_alpha_index_ncbistdaa	blast_seg.c	c++/src/algo/blast/core/blast_seg.c	2197-2216	s_AA20alphaStd
LOSAT/src/utils/seg.rs	94	aa20alpha_std	ncbi-blast/c++/src/algo/blast/core/blast_seg.c	c++/src/algo/blast/core/blast_seg.c	1324-1350	<Alpha>
LOSAT/src/utils/seg.rs	148	open	ncbi-blast/c++/src/algo/blast/core/blast_seg.c	c++/src/algo/blast/core/blast_seg.c	1335-1350	<SSequence>
LOSAT/src/utils/seg.rs	288	decrement_sv	ncbi-blast/c++/src/algo/blast/core/blast_seg.c	c++/src/algo/blast/core/blast_seg.c	1631-1657	s_DecrementSV
LOSAT/src/utils/seg.rs	344	ln_ass	blast_seg.c	c++/src/algo/blast/core/blast_seg.c	1867-1882	s_LnPerm
LOSAT/src/utils/seg.rs	363	ln_ass	blast_seg.c	c++/src/algo/blast/core/blast_seg.c	1892-1933	s_LnAss
LOSAT/src/utils/seg.rs	601	calculate_entropy	ncbi-blast/c++/src/algo/blast/core/blast_seg.c	c++/src/algo/blast/core/blast_seg.c	1541-1604	s_OpenWin
LOSAT/src/utils/seg.rs	617	calculate_entropy_array	ncbi-blast/c++/src/algo/blast/core/blast_seg.c	c++/src/algo/blast/core/blast_seg.c	1745-1803	s_SeqEntropy
LOSAT/src/utils/seg.rs	668	find_high				<no file:line>
LOSAT/src/utils/seg.rs	692	get_subseq_prob				<no file:line>
LOSAT/src/utils/seg.rs	750	mask_sequence	ncbi-blast/c++/src/algo/blast/core/blast_seg.c	c++/src/algo/blast/core/blast_seg.c	1987-2007	s_Trim
LOSAT/src/utils/seg.rs	848	seg_seq	ncbi-blast/c++/src/algo/blast/core/blast_seg.c	c++/src/algo/blast/core/blast_seg.c	2104-2108	s_SegSeq
LOSAT/src/utils/seg.rs	872	merge_segs_inclusive	ncbi-blast/c++/src/algo/blast/core/blast_filter.c	c++/src/algo/blast/core/blast_filter.c	1142-1154	BlastSetUp_Filter
LOSAT/src/utils/seg.rs	880	merge_segs_inclusive	ncbi-blast/c++/src/algo/blast/core/blast_seg.c	c++/src/algo/blast/core/blast_seg.c	2125-2149	s_MergeSegs
LOSAT/src/utils/seg.rs	887	merge_segs_inclusive	ncbi-blast/c++/src/algo/blast/core/blast_seg.c	c++/src/algo/blast/core/blast_seg.c	2300-2319	SeqBufferSeg
LOSAT/src/utils/seg.rs	900	merge_segs_inclusive	ncbi-blast/c++/src/algo/blast/core/blast_seg.c	c++/src/algo/blast/core/blast_seg.c	2125-2149	s_MergeSegs
LOSAT/src/utils/seg.rs	930	fasta_sequence_by_id	c++/src/algo/blast/core/blast_seg.c	c++/src/algo/blast/core/blast_seg.c	2130	s_MergeSegs
LOSAT/src/utils/seg.rs	1070	test_mask_sequence_matches_ncbi_segmasker_bdt63528	ncbi-blast/c++/src/algo/blast/core/blast_kappa.c	c++/src/algo/blast/core/blast_kappa.c	1000-1004	s_ExtendRight
LOSAT/src/utils/seg.rs	1099	test_mask_sequence_matches_ncbi_segmasker_bdt63573	ncbi-blast/c++/src/algo/blast/core/blast_kappa.c	c++/src/algo/blast/core/blast_kappa.c	1000-1004	s_ExtendRight
LOSAT/src/utils/seg.rs	1131	test_mask_sequence_matches_ncbi_segmasker_bdt63533	ncbi-blast/c++/src/algo/blast/core/blast_kappa.c	c++/src/algo/blast/core/blast_kappa.c	1000-1004	s_ExtendRight
LOSAT/src/utils/seg.rs	1161	test_mask_sequence_matches_ncbi_segmasker_bdt63510				<no file:line>
LOSAT/src/utils/seg.rs	1168	test_mask_sequence_matches_ncbi_segmasker_bdt63510	ncbi-blast/c++/src/algo/blast/core/blast_kappa.c	c++/src/algo/blast/core/blast_kappa.c	1415-1438	s_DoSegSequenceData
LOSAT/src/utils/seg.rs	1199	test_mask_sequence_matches_ncbi_segmasker_yp_009220537_1				<no file:line>
LOSAT/src/utils/seg.rs	1206	test_mask_sequence_matches_ncbi_segmasker_yp_009220537_1	ncbi-blast/c++/src/algo/blast/core/blast_filter.c	c++/src/algo/blast/core/blast_filter.c	337-370	BlastFilteringOptionsToString
LOSAT/src/utils/seg.rs	1227	test_mask_sequence_matches_ncbi_segmasker_yp_009220568_1				<no file:line>
LOSAT/src/utils/seg.rs	1234	test_mask_sequence_matches_ncbi_segmasker_yp_009220568_1	ncbi-blast/c++/src/algo/blast/core/blast_filter.c	c++/src/algo/blast/core/blast_filter.c	337-370	BlastFilteringOptionsToString
LOSAT/src/utils/seg.rs	1264	test_mask_sequence_matches_ncbi_segmasker_yp_009220574_1				<no file:line>
LOSAT/src/utils/seg.rs	1271	test_mask_sequence_matches_ncbi_segmasker_yp_009220574_1	ncbi-blast/c++/src/algo/blast/core/blast_filter.c	c++/src/algo/blast/core/blast_filter.c	337-370	BlastFilteringOptionsToString
LOSAT/src/utils/seg.rs	1301	test_mask_sequence_matches_ncbi_core_bdv02435_1_query_defaults	c++/src/algo/blast/core/blast_filter.c	c++/src/algo/blast/core/blast_filter.c	1140-1157	BlastSetUp_Filter
LOSAT/src/utils/seg.rs	1322	test_mask_sequence_matches_ncbi_core_bdv02435_1_query_defaults	c++/src/algo/blast/core/blast_seg.c	c++/src/algo/blast/core/blast_seg.c	2125-2149	s_MergeSegs
LOSAT/src/utils/seg.rs	1374	test_mask_sequence_matches_ncbi_segmasker_bdt63134				<no file:line>
LOSAT/src/utils/seg.rs	1381	test_mask_sequence_matches_ncbi_segmasker_bdt63134	ncbi-blast/c++/src/algo/blast/core/blast_kappa.c	c++/src/algo/blast/core/blast_kappa.c	1415-1438	s_DoSegSequenceData
LOSAT/src/utils/seg.rs	1412	test_mask_sequence_matches_ncbi_segmasker_wp_025208654_1				<no file:line>
LOSAT/src/utils/seg.rs	1433	test_mask_sequence_matches_ncbi_segmasker_wp_025208655_1				<no file:line>
LOSAT/src/utils/seg.rs	1460	test_mask_sequence_matches_ncbi_segmasker_bdv02435_1				<no file:line>
LOSAT/src/utils/seg.rs	1498	test_merge_segs_inclusive_matches_ncbi_overlap_merge	ncbi-blast/c++/src/algo/blast/core/blast_seg.c	c++/src/algo/blast/core/blast_seg.c	2125-2149	s_MergeSegs
LOSAT/src/utils/seg.rs	1510	test_merge_segs_independent_ncbi_boundary_oracle	c++/src/algo/blast/core/blast_seg.c	c++/src/algo/blast/core/blast_seg.c	2140-2151	s_MergeSegs
LOSAT/src/utils/threading.rs	4	threads	c++/src/algo/blast/api/prelim_stage.cpp	c++/src/algo/blast/api/prelim_stage.cpp	145-188	CBlastPrelimSearch::x_LaunchMultiThreadedSearch
LOSAT/src/utils/threading.rs	15	threads	c++/src/algo/blast/api/prelim_stage.cpp	c++/src/algo/blast/api/prelim_stage.cpp	147	CBlastPrelimSearch::x_LaunchMultiThreadedSearch
LOSAT/src/utils/threading.rs	21	enabled	c++/src/algo/blast/api/prelim_stage.cpp	c++/src/algo/blast/api/prelim_stage.cpp	177-188	CBlastPrelimSearch::x_LaunchMultiThreadedSearch
LOSAT/src/utils/threading.rs	30	install	c++/src/algo/blast/api/prelim_stage.cpp	c++/src/algo/blast/api/prelim_stage.cpp	177-188	CBlastPrelimSearch::x_LaunchMultiThreadedSearch
LOSAT/src/utils/threading.rs	46	validate_threads	c++/src/algo/blast/blastinput/blast_args.cpp	c++/src/algo/blast/blastinput/blast_args.cpp	3152-3187	CMTArgs::SetArgumentDescriptions
LOSAT/src/utils/threading.rs	86	with_search_pool	c++/src/algo/blast/api/prelim_stage.cpp	c++/src/algo/blast/api/prelim_stage.cpp	145-188	CBlastPrelimSearch::x_LaunchMultiThreadedSearch
LOSAT/src/utils/threading.rs	187	new	c++/src/algo/blast/api/prelim_stage.cpp	c++/src/algo/blast/api/prelim_stage.cpp	172-180	CBlastPrelimSearch::x_LaunchMultiThreadedSearch
LOSAT/src/utils/threading.rs	207	new	prelim_stage.cpp	c++/src/algo/blast/api/prelim_stage.cpp	172-180	CBlastPrelimSearch::x_LaunchMultiThreadedSearch
LOSAT/src/utils/threading.rs	220	call	prelim_stage.cpp	c++/src/algo/blast/api/prelim_stage.cpp	172-180	CBlastPrelimSearch::x_LaunchMultiThreadedSearch
LOSAT/src/utils/threading.rs	227	diagnostics_enabled	c++/src/algo/blast/core/blast_engine.c	c++/src/algo/blast/core/blast_engine.c	1659-1668	Blast_RunPreliminarySearchWithInterrupt
LOSAT/src/utils/threading.rs	234	report_pool	c++/src/algo/blast/api/prelim_stage.cpp	c++/src/algo/blast/api/prelim_stage.cpp	147	CBlastPrelimSearch::x_LaunchMultiThreadedSearch
LOSAT/src/utils/threading.rs	242	report_stage	c++/src/algo/blast/core/blast_engine.c	c++/src/algo/blast/core/blast_engine.c	1659-1668	Blast_RunPreliminarySearchWithInterrupt
LOSAT/src/utils/threading.rs	255	invalid_request_never_enters_search	c++/src/algo/blast/blastinput/blast_args.cpp	c++/src/algo/blast/blastinput/blast_args.cpp	3152-3187	CMTArgs::SetArgumentDescriptions
LOSAT/src/utils/threading.rs	265	repeated_pools_include_caller_and_preserve_errors	c++/src/algo/blast/api/prelim_stage.cpp	c++/src/algo/blast/api/prelim_stage.cpp	145-188	CBlastPrelimSearch::x_LaunchMultiThreadedSearch
LOSAT/src/utils/threading.rs	288	caller_registration_is_cleared_after_panic	c++/src/algo/blast/api/prelim_stage.cpp	c++/src/algo/blast/api/prelim_stage.cpp	172-180	CBlastPrelimSearch::x_LaunchMultiThreadedSearch
LOSAT/src/utils/threading.rs	303	probe_lifecycle	c++/src/algo/blast/core/blast_engine.c	c++/src/algo/blast/core/blast_engine.c	1659-1664	Blast_RunPreliminarySearchWithInterrupt
LOSAT/src/utils/threading.rs	321	probe_write	c++/src/algo/blast/core/blast_engine.c	c++/src/algo/blast/core/blast_engine.c	1660-1664	Blast_RunPreliminarySearchWithInterrupt
