ncbi_file	ncbi_function	ncbi_start	ncbi_end	refs	losat_locations
c++/include/algo/blast/api/blast_types.hpp	CSearchMessage::GetMessage	180	186	1	algorithm/blastn/scoring.rs:224(karlin_error)
c++/include/algo/blast/api/local_blast.hpp	<NCBI_XBLAST_EXPORT>	61	152	1	algorithm/blastn/blast_engine/run.rs:5093(run)
c++/include/algo/blast/blastinput/blast_args.hpp	<EOutputFormat>	1022	1074	1	algorithm/blastn/hsp.rs:149(write_blastn_outfmt7_header)
c++/include/algo/blast/blastinput/blast_args.hpp	NCBI_BLASTINPUT_EXPORT::CMTArgs	1290	1298	2	algorithm/blastn/blast_engine/run.rs:10(<module>); algorithm/blastn/blast_engine/run.rs:6168(search_query_batch)
c++/include/algo/blast/blastinput/blast_input_aux.hpp	<NCBI_BLASTINPUT_EXPORT>	76	97	1	blastinput/value_parsers.rs:433(blastn_output_path)
c++/include/algo/blast/blastinput/blast_input_aux.hpp	NCBI_BLASTINPUT_EXPORT::Verify	109	113	1	blastinput/value_parsers.rs:262(ncbi_constrained_integer)
c++/include/algo/blast/core/blast_def.h	#define COMPRESSION_RATIO	83	83	1	algorithm/blastn/alignment/gapped.rs:21(blast_nint)
c++/include/algo/blast/core/blast_def.h	<BlastOffsetPair>	129	150	4	algorithm/blastn/blast_engine/run.rs:911(adjust_blastn_offsets); algorithm/blastn/blast_engine/run.rs:2795(score_compare_ungapped_hits); algorithm/blastn/blast_engine/run.rs:8996(search_query_batch); algorithm/blastn/blast_engine/run.rs:10048(search_query_batch)
c++/include/algo/blast/core/blast_encoding.h	#define BLAST2NA_SIZE	91	91	1	algorithm/blastn/extension.rs:6(build_nucl_score_table)
c++/include/algo/blast/core/blast_extend.h	<DiagStruct>	51	60	2	algorithm/blastn/blast_engine/run.rs:281(hsp_survives_evalue_reap); algorithm/blastn/blast_extend.rs:10(<module>)
c++/include/algo/blast/core/blast_extend.h	<DiagHashCell>	65	71	1	algorithm/blastn/blast_engine/run.rs:696(default)
c++/include/algo/blast/core/blast_extend.h	<BLAST_DiagTable>	77	95	2	algorithm/blastn/blast_engine/run.rs:3610(prelim_hits_by_subject); algorithm/blastn/blast_engine/run.rs:7724(search_query_batch)
c++/include/algo/blast/core/blast_extend.h	<BLAST_DiagHash>	98	106	2	algorithm/blastn/blast_engine/run.rs:727(new); algorithm/blastn/blast_engine/run.rs:3620(new)
c++/include/algo/blast/core/blast_extend.h	<BlastUngappedData>	139	147	1	algorithm/blastn/extension.rs:13(build_nucl_score_table)
c++/include/algo/blast/core/blast_gapalign.h	<file scope>	0	0	1	algorithm/blastn/alignment/gapped.rs:93(new)
c++/include/algo/blast/core/blast_gapalign.h	#define MAX_DBSEQ_LEN	54	54	1	algorithm/blastn/blast_engine/run.rs:251(hsp_survives_evalue_reap)
c++/include/algo/blast/core/blast_gapalign.h	<BlastGapAlignStruct>	70	97	18	algorithm/blastn/alignment/gapped.rs:110(new); algorithm/blastn/alignment/gapped.rs:755(extend_gapped_heuristic_with_scratch); algorithm/blastn/alignment/gapped.rs:775(extend_gapped_heuristic_with_scratch); algorithm/blastn/alignment/gapped.rs:1062(extend_gapped_one_direction_with_scratch); algorithm/blastn/alignment/gapped.rs:1127(extend_gapped_one_direction_with_scratch); algorithm/blastn/alignment/gapped.rs:1582(extend_gapped_one_direction_ex_with_scratch); algorithm/blastn/alignment/gapped.rs:1664(get_s); algorithm/blastn/alignment/gapped.rs:1979(extend_gapped_one_direction_with_traceback_with_scratch); algorithm/blastn/alignment/gapped.rs:2048(extend_gapped_one_direction_with_traceback_with_scratch); algorithm/blastn/alignment/gapped.rs:2582(extend_gapped_one_direction_with_traceback_ex_with_scratch); algorithm/blastn/alignment/gapped.rs:3135(debug_coords_traceback_enabled); algorithm/blastn/alignment/gapped.rs:3153(debug_coords_traceback_enabled); algorithm/blastn/alignment/mod.rs:33(<module>); algorithm/blastn/alignment/mod.rs:36(<module>); algorithm/blastn/alignment/mod.rs:41(<module>); algorithm/blastn/blast_engine/run.rs:49(<module>); algorithm/blastn/blast_engine/run.rs:51(<module>); algorithm/blastn/blast_engine/run.rs:57(<module>)
c++/include/algo/blast/core/blast_hits.h	<BlastHSP>	126	148	19	algorithm/blastn/blast_engine/mod.rs:383(filter_hsps); algorithm/blastn/blast_engine/mod.rs:412(filter_hsps); algorithm/blastn/blast_engine/run.rs:3564(prelim_hits_by_subject); algorithm/blastn/blast_engine/run.rs:12898(make_equal_prelim_hit); algorithm/blastn/filtering/purge_endpoints.rs:1035(opaque_equal_endpoint_hsps); algorithm/blastn/filtering/purge_endpoints.rs:1450(stats_from_edit_ops); algorithm/blastn/filtering/subject_best_hit.rs:204(test_same_strand_filtering); algorithm/blastn/hsp.rs:212(blastn_hsp_count); algorithm/blastn/hsp.rs:236(oid); algorithm/blastn/hsp.rs:259(oid); algorithm/blastn/hsp.rs:359(from_hit); algorithm/blastn/hsp.rs:454(get_prelim_hitlist_size); algorithm/blastn/hsp.rs:1298(make_hsp); algorithm/blastn/mod.rs:25(<module>); common.rs:102(is_sub); common.rs:145(resolve_ids); common.rs:174(resolve_ids); report/outfmt6.rs:1059(test_format_evalue_ncbi_zero); report/pairwise.rs:2498(flatfile_wrapping_preserves_ncbi_break_boundaries)
c++/include/algo/blast/core/blast_hits.h	<BlastHSPList>	153	166	35	algorithm/blastn/blast_engine/mod.rs:80(filter_hsps); algorithm/blastn/blast_engine/mod.rs:263(filter_hsps); algorithm/blastn/blast_engine/run.rs:4089(build_subject_seq_ranges_from_masks); algorithm/blastn/blast_engine/run.rs:6423(search_query_batch); algorithm/blastn/blast_engine/run.rs:7117(search_query_batch); algorithm/blastn/blast_engine/run.rs:7301(search_query_batch); algorithm/blastn/coordination.rs:104(read_fasta_records); algorithm/blastn/coordination.rs:123(task_defaults); algorithm/blastn/coordination.rs:1019(test_collect_lowercase_masks); algorithm/blastn/filtering/purge_endpoints.rs:18(adjust_blastn_offsets); algorithm/blastn/filtering/purge_endpoints.rs:456(purge_hsps_with_common_endpoints); algorithm/blastn/filtering/purge_endpoints.rs:505(hsp_for_handle); algorithm/blastn/hsp.rs:270(oid); algorithm/blastn/hsp.rs:429(into_hit); common.rs:81(is_sub); common.rs:130(is_sub); common.rs:187(resolve_ids); common.rs:514(write_output_with_format); common.rs:602(write_output_ncbi_order); common.rs:958(write_output_ncbi_order_with_format_to_writer_impl); report/outfmt6.rs:469(write_hit_fields); report/outfmt6.rs:613(write_outfmt7_header); report/outfmt6.rs:744(write_outfmt7_grouped); report/outfmt6.rs:823(write_outfmt7_grouped); report/outfmt6.rs:840(write_outfmt7_grouped); report/outfmt6.rs:873(write_to_file); report/outfmt6.rs:966(get_column_description); report/outfmt6.rs:1024(make_hit); report/outfmt6.rs:1257(test_format_hit_ncbi_compat); report/outfmt6.rs:1279(test_write_with_header); report/outfmt6.rs:1311(test_generate_summary); report/pairwise.rs:2319(write_pairwise); report/pairwise.rs:2346(write_pairwise_simple); report/pairwise.rs:2463(flatfile_wrapping_preserves_ncbi_break_boundaries); report/pairwise.rs:2598(write_tblastn_pairwise_report)
c++/include/algo/blast/core/blast_hits.h	<BlastHitList>	169	180	1	algorithm/blastn/hsp.rs:329(from_hit)
c++/include/algo/blast/core/blast_hits.h	<BlastHSPResults>	183	187	1	algorithm/blastn/blast_engine/run.rs:4583(post_process_hits_and_write)
c++/include/algo/blast/core/blast_hits.h	#define DBSEQ_CHUNK_OVERLAP	192	192	2	algorithm/blastn/blast_engine/run.rs:257(hsp_survives_evalue_reap); algorithm/blastn/scoring.rs:189(karlin_error)
c++/include/algo/blast/core/blast_lookup.h	#define PV_ARRAY_BYTES	42	42	1	algorithm/blastn/lookup.rs:363(pv_test)
c++/include/algo/blast/core/blast_lookup.h	#define PV_TEST	55	57	3	algorithm/blastn/lookup.rs:397(pv_test_shift); algorithm/blastn/lookup.rs:670(has_hits); algorithm/blastn/lookup.rs:1231(build_na_lookup)
c++/include/algo/blast/core/blast_lookup.h	ComputeTableIndex	96	108	1	algorithm/blastn/lookup.rs:17(encode_kmer)
c++/include/algo/blast/core/blast_nalookup.h	<NaLookupBackboneCell>	109	127	1	algorithm/blastn/lookup.rs:100(default)
c++/include/algo/blast/core/blast_nalookup.h	<BlastNaLookupTable>	131	156	2	algorithm/blastn/blast_engine/run.rs:7105(search_query_batch); algorithm/blastn/coordination.rs:85(read_fasta_records)
c++/include/algo/blast/core/blast_nalookup.h	<BlastMBLookupTable>	238	269	3	algorithm/blastn/lookup.rs:191(get); algorithm/blastn/lookup.rs:638(has_hits); algorithm/blastn/lookup.rs:733(has_hits)
c++/include/algo/blast/core/blast_options.h	#define BLAST_SCAN_RANGE_NUCL	63	63	1	algorithm/blastn/constants.rs:26(<module>)
c++/include/algo/blast/core/blast_options.h	#define BLAST_WORDSIZE_NUCL	67	67	1	algorithm/blastn/coordination.rs:161(task_defaults)
c++/include/algo/blast/core/blast_options.h	<BlastScoringOptions>	461	479	1	algorithm/blastn/coordination.rs:219(determine_scoring_params)
c++/include/algo/blast/core/blast_options.h	#define DEFAULT_SUBJECT_BESTHIT_PROT_MAX_RANGE_DIFF	1211	1211	1	algorithm/blastn/filtering/subject_best_hit.rs:12(subject_best_hit)
c++/include/algo/blast/core/blast_stat.h	<file scope>	0	0	1	algorithm/blastn/blast_engine/run.rs:7601(search_query_batch)
c++/include/algo/blast/core/blast_stat.h	<Blast_GumbelBlk>	94	112	1	stats/spouge.rs:5(lookup_protein_gumbel_params)
c++/include/algo/blast/core/blast_stat.h	<Blast_ScoreFreq>	121	136	2	stats/karlin_calc.rs:13(<module>); utils/matrix.rs:18(<module>)
c++/include/algo/blast/core/blast_util.h	#define NCBI2NA_MASK	52	52	3	algorithm/blastn/blast_engine/run.rs:972(packed_base_at); algorithm/blastn/extension.rs:72(ncbi2na_unpack_base); algorithm/blastn/lookup.rs:227(packed_base_at)
c++/include/algo/blast/core/blast_util.h	#define FENCE_SENTRY	364	364	2	algorithm/blastn/alignment/gapped.rs:103(new); algorithm/blastn/alignment/greedy.rs:250(to_gap_edit_op)
c++/include/algo/blast/core/gapinfo.h	<file scope>	0	0	1	algorithm/blastn/alignment/greedy.rs:616(new)
c++/include/algo/blast/core/gapinfo.h	<EGapAlignOpType>	44	54	6	algorithm/blastn/alignment/gapped.rs:260(script_op_to_gap_edit_op); algorithm/blastn/alignment/greedy.rs:263(to_gap_edit_op); algorithm/blastn/alignment/greedy.rs:275(from_base); algorithm/blastn/blast_engine/run.rs:135(format_gap_edit_ops_for_trace); algorithm/blastn/filtering/purge_endpoints.rs:1013(edit_script_consumption); algorithm/blastn/pairwise.rs:112(displayed_rows)
c++/include/algo/blast/core/gapinfo.h	<GapEditScript>	57	61	2	algorithm/blastn/alignment/greedy.rs:608(new); algorithm/blastn/alignment/greedy.rs:626(format_gap_edit_script_for_trace)
c++/include/algo/blast/core/gapinfo.h	<GapPrelimEditScript>	65	68	1	algorithm/blastn/alignment/greedy.rs:286(from_base)
c++/include/algo/blast/core/gapinfo.h	<GapPrelimEditBlock>	73	78	2	algorithm/blastn/alignment/greedy.rs:504(new); algorithm/blastn/alignment/greedy.rs:653(format_gap_prelim_edit_block_for_trace)
c++/include/algo/blast/core/greedy_align.h	<SGreedyAlignMem>	89	99	4	algorithm/blastn/alignment/greedy.rs:40(new); algorithm/blastn/alignment/greedy.rs:104(new); algorithm/blastn/alignment/greedy.rs:378(new); algorithm/blastn/alignment/greedy.rs:571(new)
c++/include/algo/blast/core/greedy_align.h	<SGreedySeed>	102	106	1	algorithm/blastn/alignment/greedy.rs:254(to_gap_edit_op)
c++/include/algo/blast/core/lookup_wrap.h	#define OFFSET_ARRAY_SIZE	119	119	1	algorithm/blastn/blast_engine/run.rs:262(hsp_survives_evalue_reap)
c++/include/algo/blast/core/ncbi_math.h	#define LOGDERIV_ORDER_MAX	152	152	1	stats/sum_statistics.rs:9(<module>)
c++/include/algo/blast/core/ncbi_math.h	#define NCBIMATH_LN2	161	161	1	algorithm/blastn/blast_engine/run.rs:114(fasta_defline)
c++/include/algo/dustmask/symdust.hpp	CIupac2Ncbi2na_converter::operator	75	85	1	utils/dust.rs:201(encode_triplet)
c++/include/corelib/ncbistre.hpp	#define NcbiCout	543	543	1	report/query_warnings.rs:17(before_query)
c++/include/objtools/align_format/tabular.hpp	CBlastTabularInfo::x_PrintPercentIdentical	437	442	5	report/outfmt6.rs:329(format_percent_identity_ncbi); report/outfmt6.rs:449(format_hit); report/outfmt6.rs:539(write_outfmt6); report/outfmt6.rs:1233(test_format_evalue_compat); report/outfmt6.rs:1294(test_write_with_header)
c++/include/objtools/blast/seqdb_reader/seqdb.hpp	TSequenceRanges::operator[]	280	280	1	algorithm/blastn/blast_engine/run.rs:4027(build_subject_seq_ranges_from_masks)
c++/include/util/random_gen.hpp	CRandom::x_GetRand32Bits	217	235	1	utils/dust.rs:21(new)
c++/src/algo/blast/api/blast_aux.cpp	s_ConvertBlastnMasks	872	901	1	algorithm/blastn/pairwise.rs:184(shown_query_masks)
c++/src/algo/blast/api/blast_aux.cpp	TSearchMessages::ToString	1012	1025	1	algorithm/blastn/scoring.rs:211(karlin_error)
c++/src/algo/blast/api/blast_aux_priv.cpp	Blast_Message2TSearchMessages	66	109	1	algorithm/blastn/scoring.rs:201(karlin_error)
c++/src/algo/blast/api/blast_aux_priv.cpp	BlastSetupPreliminarySearchEx	131	260	2	algorithm/blastn/blast_engine/run.rs:6911(search_query_batch); algorithm/blastn/query_split.rs:198(chunk_would_be_split)
c++/src/algo/blast/api/blast_nucl_options.cpp	CBlastNucleotideOptionsHandle::SetLookupTableDefaults	136	143	1	algorithm/blastn/coordination.rs:133(task_defaults)
c++/src/algo/blast/api/blast_nucl_options.cpp	CBlastNucleotideOptionsHandle::SetInitialWordOptionsDefaults	162	168	4	algorithm/blastn/blast_engine/run.rs:7199(search_query_batch); algorithm/blastn/constants.rs:3(<module>); algorithm/blastn/constants.rs:30(<module>); algorithm/blastn/coordination.rs:285(configure_task)
c++/src/algo/blast/api/blast_nucl_options.cpp	CBlastNucleotideOptionsHandle::SetGappedExtensionDefaults	176	184	1	algorithm/blastn/blast_engine/run.rs:10370(search_query_batch)
c++/src/algo/blast/api/blast_nucl_options.cpp	CBlastNucleotideOptionsHandle::SetHitSavingOptionsDefaults	230	249	3	algorithm/blastn/constants.rs:73(<module>); algorithm/blastn/coordination.rs:78(read_fasta_records); algorithm/blastn/coordination.rs:295(configure_task)
c++/src/algo/blast/api/blast_nucl_options.cpp	CBlastNucleotideOptionsHandle::SetMBHitSavingOptionsDefaults	250	270	1	algorithm/blastn/constants.rs:74(<module>)
c++/src/algo/blast/api/blast_objmgr_tools.cpp	<file scope>	0	0	1	core/blast_encoding.rs:451(iupacna_to_ncbi4na)
c++/src/algo/blast/api/blast_objmgr_tools.cpp	CBlastQuerySourceOM::x_CalculateMasks	175	228	1	blastinput/value_parsers.rs:83(parse_dust_filtering)
c++/src/algo/blast/api/blast_objmgr_tools.cpp	s_Ncbi4naToNcbi2na	427	480	1	core/blast_encoding.rs:532(resolve_ncbi4na_to_ncbi2na)
c++/src/algo/blast/api/blast_objmgr_tools.cpp	CBlastSeqVectorOM::GetCompressedPlusStrand	515	521	1	core/blast_encoding.rs:582(encode_subject_ncbi2na_packed)
c++/src/algo/blast/api/blast_options_handle.cpp	CBlastOptionsFactory::GetTasks	211	256	1	blastinput/value_parsers.rs:299(blastn_task)
c++/src/algo/blast/api/blast_options_local_priv.cpp	<file scope>	0	0	1	algorithm/blastn/blast_engine/run.rs:7197(search_query_batch)
c++/src/algo/blast/api/blast_options_local_priv.hpp	CBlastOptionsLocal::SetMatchReward	1627	1631	1	algorithm/blastn/coordination.rs:208(determine_scoring_params)
c++/src/algo/blast/api/blast_results.cpp	CBlastAncillaryData::CBlastAncillaryData	72	115	3	algorithm/blastn/blast_engine/run.rs:4519(post_process_hits_and_write); report/pairwise.rs:127(subject_defline); report/pairwise.rs:1661(write_blastp_pairwise_report)
c++/src/algo/blast/api/blast_results.cpp	CSearchResults::GetWarningStrings	276	293	1	report/query_warnings.rs:82(invalid_query_warning)
c++/src/algo/blast/api/blast_seqalign.cpp	s_GetAlignmentStart	114	140	1	report/pairwise.rs:3478(write_blastx_alignment)
c++/src/algo/blast/api/blast_seqalign.cpp	s_BlastHSP2SeqAlign	659	757	1	algorithm/blastn/blast_engine/run.rs:4677(post_process_hits_and_write)
c++/src/algo/blast/api/blast_seqalign.cpp	BLASTHspListToSeqAlign	1460	1510	1	algorithm/blastn/blast_engine/run.rs:4683(post_process_hits_and_write)
c++/src/algo/blast/api/blast_seqalign.cpp	BlastHitList2SeqAlign_OMF	1549	1649	2	algorithm/blastn/blast_engine/run.rs:4665(post_process_hits_and_write); common.rs:889(write_output_ncbi_order_with_format_to_writer_impl)
c++/src/algo/blast/api/blast_setup_cxx.cpp	<file scope>	0	0	1	algorithm/blastn/blast_engine/run.rs:6495(search_query_batch)
c++/src/algo/blast/api/blast_setup_cxx.cpp	SetupQueries_OMF	484	658	7	algorithm/blastn/blast_engine/run.rs:3861(build_query_blastna_concat_buffers); algorithm/blastn/blast_engine/run.rs:4903(read_blastn_fasta_records); algorithm/blastn/blast_engine/run.rs:6274(search_query_batch); algorithm/blastn/blast_engine/run.rs:6522(search_query_batch); algorithm/blastn/blast_engine/run.rs:6547(search_query_batch); algorithm/blastn/coordination.rs:528(subject_metadata_from_records); report/query_warnings.rs:69(invalid_query_warning)
c++/src/algo/blast/api/blast_setup_cxx.cpp	s_SeqLoc2MaskedSubjRanges	660	730	2	algorithm/blastn/blast_engine/run.rs:4014(build_subject_seq_ranges_from_masks); algorithm/blastn/blast_engine/run.rs:13037(test_build_subject_seq_ranges_from_masks)
c++/src/algo/blast/api/blast_setup_cxx.cpp	SetupSubjects_OMF	732	862	13	algorithm/blastn/blast_engine/run.rs:4033(build_subject_seq_ranges_from_masks); algorithm/blastn/blast_engine/run.rs:5081(run_web_pair); algorithm/blastn/blast_engine/run.rs:5763(query_batching_from_environment); algorithm/blastn/blast_engine/run.rs:6303(search_query_batch); algorithm/blastn/blast_engine/run.rs:6361(search_query_batch); algorithm/blastn/blast_engine/run.rs:7345(search_query_batch); algorithm/blastn/blast_engine/run.rs:7368(search_query_batch); algorithm/blastn/blast_engine/run.rs:7387(search_query_batch); algorithm/blastn/blast_engine/run.rs:7602(search_query_batch); algorithm/blastn/blast_engine/run.rs:7681(search_query_batch); algorithm/blastn/blast_engine/run.rs:13204(speculative_traceback_preserves_ordered_gapped_hsps); algorithm/blastn/coordination.rs:817(build_lookup_tables); algorithm/blastn/lookup.rs:320(pv_test)
c++/src/algo/blast/api/blast_setup_cxx.cpp	GetSequenceSingleNucleotideStrand	963	1002	1	algorithm/blastn/lookup.rs:74(reverse_complement)
c++/src/algo/blast/api/blast_setup_cxx.cpp	CompressNcbi2na	1154	1195	1	core/blast_encoding.rs:592(encode_subject_ncbi2na_packed)
c++/src/algo/blast/api/blast_setup_cxx.cpp	CalculateSeqBufferLength	1197	1247	1	algorithm/blastn/alignment/gapped.rs:578(blast_get_start_for_gapped_alignment_nucl)
c++/src/algo/blast/api/disc_nucl_options.cpp	CDiscNucleotideOptionsHandle::SetMBInitialWordOptionsDefaults	66	74	1	algorithm/blastn/blast_engine/run.rs:7202(search_query_batch)
c++/src/algo/blast/api/dust_filter.cpp	s_CombineDustMasksWithUserProvidedMasks	92	144	7	algorithm/blastn/coordination.rs:687(merge_mask_intervals); algorithm/blastn/coordination.rs:725(build_lookup_tables); algorithm/blastn/coordination.rs:739(build_lookup_tables); algorithm/blastn/coordination.rs:944(chunk_query_masks); algorithm/blastn/coordination.rs:977(chunk_query_masks); algorithm/blastn/coordination.rs:1056(test_merge_mask_intervals); algorithm/blastn/lookup.rs:925(build_pv_direct_lookup)
c++/src/algo/blast/api/dust_filter.cpp	Blast_FindDustFilterLoc	165	187	1	algorithm/blastn/coordination.rs:966(chunk_query_masks)
c++/src/algo/blast/api/local_blast.cpp	<file scope>	0	0	3	algorithm/blastn/query_split.rs:11(query_chunk_size); algorithm/blastn/query_split.rs:45(new); api/local_blast.rs:43(open)
c++/src/algo/blast/api/local_blast.cpp	CLocalBlast::Run	166	299	1	algorithm/blastn/blast_engine/run.rs:7259(search_query_batch)
c++/src/algo/blast/api/local_blast.cpp	CLocalBlast::GetNumExtensions	301	311	1	algorithm/blastn/blast_engine/run.rs:7235(search_query_batch)
c++/src/algo/blast/api/objmgr_query_data.cpp	CObjMgr_QueryFactory::CObjMgr_QueryFactory	375	381	2	algorithm/blastn/blast_engine/run.rs:5401(check_subjects_not_empty); algorithm/blastn/blast_engine/run.rs:5888(run_in_pool)
c++/src/algo/blast/api/prelim_stage.cpp	CBlastPrelimSearch::CBlastPrelimSearch	75	89	2	algorithm/blastn/blast_engine/run.rs:6242(search_query_batch); algorithm/blastn/blast_engine/run.rs:10650(search_query_batch)
c++/src/algo/blast/api/prelim_stage.cpp	CBlastPrelimSearch::x_LaunchMultiThreadedSearch	141	203	16	algorithm/blastn/blast_engine/run.rs:5580(check_utf8_file_name); algorithm/blastn/blast_engine/run.rs:5757(query_batching_from_environment); algorithm/blastn/blast_engine/run.rs:6189(search_query_batch); algorithm/blastn/blast_engine/run.rs:6350(search_query_batch); algorithm/blastn/blast_engine/run.rs:13359(query_prelim_hit); utils/threading.rs:4(threads); utils/threading.rs:15(threads); utils/threading.rs:21(enabled); utils/threading.rs:30(install); utils/threading.rs:86(with_search_pool); utils/threading.rs:187(new); utils/threading.rs:207(new); utils/threading.rs:220(call); utils/threading.rs:234(report_pool); utils/threading.rs:265(repeated_pools_include_caller_and_preserve_errors); utils/threading.rs:288(caller_registration_is_cleared_after_panic)
c++/src/algo/blast/api/prelim_stage.cpp	CBlastPrelimSearch::Run	205	319	2	algorithm/blastn/blast_engine/run.rs:6871(search_query_batch); algorithm/blastn/blast_engine/run.rs:12537(search_query_chunks)
c++/src/algo/blast/api/seqsrc_multiseq.cpp	s_MultiSeqGetSequence	333	370	1	algorithm/blastn/alignment/gapped.rs:569(blast_get_start_for_gapped_alignment_nucl)
c++/src/algo/blast/api/setup_factory.cpp	CSetupFactory::CreateScoreBlock	121	197	2	algorithm/blastn/blast_engine/run.rs:6697(search_query_batch); algorithm/blastn/scoring.rs:231(karlin_error)
c++/src/algo/blast/api/split_query_aux_priv.cpp	<file scope>	0	0	2	algorithm/blastn/query_split.rs:34(new); algorithm/blastn/query_split.rs:57(new)
c++/src/algo/blast/api/split_query_aux_priv.cpp	SplitQuery_CalculateNumChunks	99	146	2	algorithm/blastn/query_split.rs:138(calculate_num_chunks); algorithm/blastn/query_split.rs:626(the_chunk_count_and_size_are_ncbis)
c++/src/algo/blast/api/split_query_aux_priv.cpp	SplitQuery_SetEffectiveSearchSpace	149	182	1	algorithm/blastn/blast_engine/run.rs:6811(search_query_batch)
c++/src/algo/blast/api/split_query_aux_priv.cpp	SplitQuery_CreateChunkData	184	210	1	algorithm/blastn/query_split.rs:183(chunk_would_be_split)
c++/src/algo/blast/api/split_query_aux_priv.cpp	CContextTranslator::GetContextInChunk	250	263	1	algorithm/blastn/query_split.rs:382(context_in_chunk)
c++/src/algo/blast/api/split_query_aux_priv.cpp	CContextTranslator::GetStartingChunk	265	284	1	algorithm/blastn/query_split.rs:442(starting_chunk)
c++/src/algo/blast/api/split_query_cxx.cpp	<file scope>	0	0	1	algorithm/blastn/blast_engine/run.rs:5712(query_batching_from_environment)
c++/src/algo/blast/api/split_query_cxx.cpp	CQuerySplitter::x_ComputeChunkRanges	134	179	2	algorithm/blastn/blast_engine/run.rs:12644(search_query_chunks); algorithm/blastn/query_split.rs:216(chunk_would_be_split)
c++/src/algo/blast/api/split_query_cxx.cpp	s_SetSplitQuerySeqInterval	188	211	1	algorithm/blastn/query_split.rs:273(split_query_batch)
c++/src/algo/blast/api/split_query_cxx.cpp	CQuerySplitter::x_ComputeQueryIndicesForChunks	213	293	2	algorithm/blastn/query_split.rs:252(chunk_would_be_split); algorithm/blastn/query_split.rs:569(restrict_masks)
c++/src/algo/blast/api/split_query_cxx.cpp	CQuerySplitter::x_ComputeQueryContextsForChunks	338	423	1	algorithm/blastn/query_split.rs:295(split_query_batch)
c++/src/algo/blast/api/split_query_cxx.cpp	s_GetAbsoluteContextLength	451	467	1	algorithm/blastn/query_split.rs:407(absolute_context_length)
c++/src/algo/blast/api/split_query_cxx.cpp	CQuerySplitter::x_ComputeContextOffsets_NonTranslatedQueries	579	683	2	algorithm/blastn/query_split.rs:479(context_offsets); algorithm/blastn/query_split.rs:655(a_query_over_two_chunks_is_mapped_onto_its_contexts)
c++/src/algo/blast/api/version.cpp	<file scope>	0	0	2	report/pairwise.rs:1028(write_blastp_pairwise_intro); report/pairwise.rs:1857(write_megablast_pairwise_intro)
c++/src/algo/blast/blastinput/blast_args.cpp	CGenericSearchArgs::SetArgumentDescriptions	135	247	6	algorithm/blastn/args.rs:35(<module>); algorithm/blastn/args.rs:144(<module>); blastinput/value_parsers.rs:115(positive_usize); blastinput/value_parsers.rs:331(blastn_word_size); blastinput/value_parsers.rs:371(blastn_percentage); cli.rs:55(try_parse_from)
c++/src/algo/blast/blastinput/blast_args.cpp	CFilteringArgs::SetArgumentDescriptions	326	372	1	blastinput/value_parsers.rs:614(parse_seg_filtering)
c++/src/algo/blast/blastinput/blast_args.cpp	CFilteringArgs::x_TokenizeFilteringArgs	374	384	1	blastinput/value_parsers.rs:50(parse_dust_filtering)
c++/src/algo/blast/blastinput/blast_args.cpp	CFilteringArgs::ExtractAlgorithmOptions	386	468	4	blastinput/value_parsers.rs:5(is_enabled); blastinput/value_parsers.rs:63(parse_dust_filtering); blastinput/value_parsers.rs:545(is_enabled); blastinput/value_parsers.rs:591(to_ncbi_cli_string)
c++/src/algo/blast/blastinput/blast_args.cpp	CNuclArgs::SetArgumentDescriptions	641	668	1	algorithm/blastn/args.rs:126(<module>)
c++/src/algo/blast/blastinput/blast_args.cpp	CFrameShiftArgs::ExtractAlgorithmOptions	977	995	1	blastinput/value_parsers.rs:411(genetic_code)
c++/src/algo/blast/blastinput/blast_args.cpp	CQueryOptionsArgs::SetArgumentDescriptions	1935	1965	1	algorithm/blastn/args.rs:187(subject_path)
c++/src/algo/blast/blastinput/blast_args.cpp	CBlastDatabaseArgs::ExtractAlgorithmOptions	2463	2574	6	algorithm/blastn/args.rs:21(<module>); algorithm/blastn/blast_engine/run.rs:5184(run); algorithm/blastn/blast_engine/run.rs:5196(run); algorithm/blastn/blast_engine/run.rs:7129(search_query_batch); algorithm/blastn/coordination.rs:675(collect_lowercase_masks_for_records); algorithm/blastn/coordination.rs:939(chunk_query_masks)
c++/src/algo/blast/blastinput/blast_args.cpp	CFormattingArgs::ParseFormattingString	2794	2867	4	algorithm/blastn/hsp.rs:38(parse_blastn_output_format); algorithm/blastn/hsp.rs:50(parse_blastn_output_format); algorithm/blastn/hsp.rs:82(parse_blastn_output_format); api/local_blast.rs:110(open)
c++/src/algo/blast/blastinput/blast_args.cpp	CFormattingArgs::ExtractAlgorithmOptions	2870	2991	5	algorithm/blastn/args.rs:77(<module>); algorithm/blastn/blast_engine/run.rs:4533(post_process_hits_and_write); algorithm/blastn/blast_engine/run.rs:5441(process_options); algorithm/blastn/blast_engine/run.rs:7012(search_query_batch); report/query_warnings.rs:116(few_matches_warning)
c++/src/algo/blast/blastinput/blast_args.cpp	CMTArgs::SetArgumentDescriptions	3147	3189	2	utils/threading.rs:46(validate_threads); utils/threading.rs:255(invalid_request_never_enters_search)
c++/src/algo/blast/blastinput/blast_args.cpp	CMTArgs::x_ExtractAlgorithmOptions	3202	3243	1	algorithm/blastn/blast_engine/run.rs:6178(search_query_batch)
c++/src/algo/blast/blastinput/blast_args.cpp	CDebugArgs::SetArgumentDescriptions	3262	3275	1	algorithm/blastn/blast_engine/run.rs:7059(search_query_batch)
c++/src/algo/blast/blastinput/blast_args.cpp	CStdCmdLineArgs::SetArgumentDescriptions	3419	3451	2	api/local_blast.rs:73(open); blastinput/value_parsers.rs:523(blastn_input_path)
c++/src/algo/blast/blastinput/blast_args.cpp	CStdCmdLineArgs::ExtractAlgorithmOptions	3453	3494	2	algorithm/blastn/blast_engine/run.rs:5233(run); api/local_blast.rs:91(open)
c++/src/algo/blast/blastinput/blast_args.cpp	CBlastAppArgs::SetOptions	3584	3641	4	algorithm/blastn/blast_engine/run.rs:5152(run); algorithm/blastn/blast_engine/run.rs:5164(run); algorithm/blastn/blast_engine/run.rs:5447(process_options); algorithm/blastn/scoring.rs:74(check_scoring_options)
c++/src/algo/blast/blastinput/blast_input.cpp	CBlastInput::GetNextSeqBatch	134	176	2	blastinput/query_batch.rs:7(query_batches); blastinput/query_batch.rs:38(next_query_batch_end)
c++/src/algo/blast/blastinput/blast_input_aux.cpp	GetQueryBatchSize	69	143	2	blastinput/query_batch.rs:106(get_query_batch_size); blastinput/query_batch.rs:116(get_query_batch_size)
c++/src/algo/blast/blastinput/blast_input_aux.cpp	ReadSequencesToBlast	221	247	3	algorithm/blastn/blast_engine/run.rs:4920(read_blastn_fasta_records); algorithm/blastn/blast_engine/run.rs:5390(check_subjects_not_empty); algorithm/blastn/coordination.rs:32(read_fasta_records)
c++/src/algo/blast/blastinput/blastn_args.cpp	CBlastnAppArgs::CBlastnAppArgs	45	119	3	algorithm/blastn/blast_engine/run.rs:5173(run); blastinput/value_parsers.rs:313(blastn_task); cli.rs:192(is_unported_blastn_arg)
c++/src/algo/blast/blastinput/blastp_args.cpp	CBlastpAppArgs::CBlastpAppArgs	44	116	1	algorithm/mod.rs:1(<module>)
c++/src/algo/blast/blastinput/blastx_args.cpp	CBlastxAppArgs::CBlastxAppArgs	44	131	5	algorithm/mod.rs:20(<module>); cli.rs:7(try_parse_from); cli.rs:35(try_parse_from); cli.rs:100(try_parse_from); cli.rs:307(is_unported_blastx_arg)
c++/src/algo/blast/blastinput/cmdline_flags.cpp	<file scope>	0	0	4	algorithm/blastn/args.rs:14(<module>); blastinput/value_parsers.rs:424(blastn_output_path); cli.rs:15(try_parse_from); cli.rs:156(render_message)
c++/src/algo/blast/blastinput/tblastn_args.cpp	CTblastnAppArgs::CTblastnAppArgs	45	132	2	algorithm/mod.rs:13(<module>); cli.rs:184(is_unported_blastn_arg)
c++/src/algo/blast/core/blast_aalookup.c	s_AddWordHitsCore	546	606	2	utils/matrix.rs:308(blosum62_ncbistdaa_score_row); utils/matrix.rs:886(test_non_blosum62_standard_matrices)
c++/src/algo/blast/core/blast_diagnostics.c	Blast_UngappedStatsUpdate	102	115	1	algorithm/blastn/blast_engine/run.rs:10159(search_query_batch)
c++/src/algo/blast/core/blast_encoding.c	<file scope>	0	0	15	algorithm/blastn/alignment/gapped.rs:29(blast_nint); algorithm/blastn/alignment/gapped.rs:588(blast_get_start_for_gapped_alignment_nucl); algorithm/blastn/blast_engine/run.rs:268(hsp_survives_evalue_reap); algorithm/blastn/blast_engine/run.rs:3870(build_query_blastna_concat_buffers); algorithm/blastn/blast_engine/run.rs:7606(search_query_batch); algorithm/blastn/lookup.rs:38(reverse_complement); algorithm/blastn/lookup.rs:49(reverse_complement); core/blast_encoding.rs:45(<module>); core/blast_encoding.rs:66(new); core/blast_encoding.rs:397(encode_iupac_base_to_blastna); core/blast_encoding.rs:415(encode_iupac_to_blastna); utils/matrix.rs:27(<module>); utils/matrix.rs:125(aa_char_to_ncbistdaa); utils/matrix.rs:134(aa_char_to_ncbistdaa); utils/matrix.rs:192(aa_char_to_ncbistdaa)
c++/src/algo/blast/core/blast_engine.c	<SubjectSplitStruct>	123	143	1	algorithm/blastn/blast_engine/run.rs:291(as_slice)
c++/src/algo/blast/core/blast_engine.c	s_BackupSubject	145	182	1	algorithm/blastn/blast_engine/run.rs:418(new)
c++/src/algo/blast/core/blast_engine.c	s_AllocateSeqRange	184	198	3	algorithm/blastn/blast_engine/run.rs:354(as_slice); algorithm/blastn/blast_engine/run.rs:3599(prelim_hits_by_subject); algorithm/blastn/blast_engine/run.rs:3697(new)
c++/src/algo/blast/core/blast_engine.c	s_GetNextSubjectChunk	221	311	8	algorithm/blastn/blast_engine/run.rs:319(as_slice); algorithm/blastn/blast_engine/run.rs:364(as_slice); algorithm/blastn/blast_engine/run.rs:444(next_chunk); algorithm/blastn/blast_engine/run.rs:504(next_chunk); algorithm/blastn/blast_engine/run.rs:533(next_chunk); algorithm/blastn/blast_engine/run.rs:7541(search_query_batch); algorithm/blastn/blast_engine/run.rs:10692(search_query_batch); algorithm/blastn/blast_engine/run.rs:10816(search_query_batch)
c++/src/algo/blast/core/blast_engine.c	s_BlastSearchEngineOneContext	422	602	29	algorithm/blastn/blast_engine/run.rs:563(adjust_subject_range); algorithm/blastn/blast_engine/run.rs:2983(purge_prelim_hits_with_common_endpoints); algorithm/blastn/blast_engine/run.rs:3016(purge_prelim_hits_with_common_endpoints); algorithm/blastn/blast_engine/run.rs:3142(prelim_subject_best_hit); algorithm/blastn/blast_engine/run.rs:3547(prelim_hits_by_subject); algorithm/blastn/blast_engine/run.rs:3664(new); algorithm/blastn/blast_engine/run.rs:4100(build_subject_seq_ranges_from_masks); algorithm/blastn/blast_engine/run.rs:4444(update_hitlists_with_subject_hits); algorithm/blastn/blast_engine/run.rs:6194(search_query_batch); algorithm/blastn/blast_engine/run.rs:6227(search_query_batch); algorithm/blastn/blast_engine/run.rs:6340(search_query_batch); algorithm/blastn/blast_engine/run.rs:6979(search_query_batch); algorithm/blastn/blast_engine/run.rs:7220(search_query_batch); algorithm/blastn/blast_engine/run.rs:7275(search_query_batch); algorithm/blastn/blast_engine/run.rs:7294(search_query_batch); algorithm/blastn/blast_engine/run.rs:7521(search_query_batch); algorithm/blastn/blast_engine/run.rs:7628(search_query_batch); algorithm/blastn/blast_engine/run.rs:7882(search_query_batch); algorithm/blastn/blast_engine/run.rs:7903(search_query_batch); algorithm/blastn/blast_engine/run.rs:9195(search_query_batch); algorithm/blastn/blast_engine/run.rs:10569(search_query_batch); algorithm/blastn/blast_engine/run.rs:10591(search_query_batch); algorithm/blastn/blast_engine/run.rs:10656(search_query_batch); algorithm/blastn/blast_engine/run.rs:10666(search_query_batch); algorithm/blastn/blast_engine/run.rs:10698(search_query_batch); algorithm/blastn/blast_engine/run.rs:10728(search_query_batch); algorithm/blastn/blast_engine/run.rs:10801(search_query_batch); algorithm/blastn/blast_engine/run.rs:10822(search_query_batch); algorithm/blastn/blast_engine/run.rs:10850(search_query_batch)
c++/src/algo/blast/core/blast_engine.c	s_Blast_HSPListReapByPrelimEvalue	642	674	2	algorithm/blastn/blast_engine/run.rs:224(hsp_survives_evalue_reap); algorithm/blastn/blast_engine/run.rs:10873(search_query_batch)
c++/src/algo/blast/core/blast_engine.c	s_BlastSearchEngineCore	701	918	2	algorithm/blastn/blast_engine/run.rs:7672(search_query_batch); algorithm/blastn/blast_engine/run.rs:10864(search_query_batch)
c++/src/algo/blast/core/blast_engine.c	s_BlastSetUpAuxStructures	970	1069	7	algorithm/blastn/blast_engine/run.rs:3712(new); algorithm/blastn/blast_engine/run.rs:6645(search_query_batch); algorithm/blastn/blast_engine/run.rs:6938(search_query_batch); algorithm/blastn/blast_engine/run.rs:7645(search_query_batch); algorithm/blastn/blast_engine/run.rs:10745(search_query_batch); algorithm/blastn/blast_engine/run.rs:12416(search_query_batch); algorithm/blastn/blast_engine/run.rs:12454(search_query_batch)
c++/src/algo/blast/core/blast_engine.c	BLAST_PreliminarySearchEngine	1334	1607	10	algorithm/blastn/blast_engine/run.rs:6316(search_query_batch); algorithm/blastn/blast_engine/run.rs:6332(search_query_batch); algorithm/blastn/blast_engine/run.rs:6379(search_query_batch); algorithm/blastn/blast_engine/run.rs:6994(search_query_batch); algorithm/blastn/blast_engine/run.rs:12380(search_query_batch); algorithm/blastn/coordination.rs:97(read_fasta_records); algorithm/blastn/coordination.rs:116(read_fasta_records); algorithm/blastn/coordination.rs:553(subject_metadata_from_records); algorithm/blastn/coordination.rs:581(scan_subjects_metadata); algorithm/blastn/coordination.rs:1012(test_collect_lowercase_masks)
c++/src/algo/blast/core/blast_engine.c	Blast_RunPreliminarySearchWithInterrupt	1632	1706	6	algorithm/blastn/blast_engine/run.rs:25(<module>); algorithm/blastn/blast_engine/run.rs:12496(search_query_batch); utils/threading.rs:227(diagnostics_enabled); utils/threading.rs:242(report_stage); utils/threading.rs:303(probe_lifecycle); utils/threading.rs:321(probe_write)
c++/src/algo/blast/core/blast_extend.c	s_BlastDiagTableNew	41	67	2	algorithm/blastn/blast_engine/run.rs:6650(search_query_batch); algorithm/blastn/blast_engine/run.rs:7636(search_query_batch)
c++/src/algo/blast/core/blast_extend.c	s_BlastDiagClear	87	107	3	algorithm/blastn/blast_engine/run.rs:3552(prelim_hits_by_subject); algorithm/blastn/blast_engine/run.rs:7713(search_query_batch); algorithm/blastn/blast_extend.rs:20(<module>)
c++/src/algo/blast/core/blast_extend.c	BlastExtendWordNew	110	159	7	algorithm/blastn/blast_engine/run.rs:633(advance_diag_table_offset); algorithm/blastn/blast_engine/run.rs:750(new); algorithm/blastn/blast_engine/run.rs:3633(new); algorithm/blastn/blast_engine/run.rs:7733(search_query_batch); algorithm/blastn/blast_engine/run.rs:7762(search_query_batch); algorithm/blastn/blast_engine/run.rs:7779(search_query_batch); algorithm/blastn/blast_engine/run.rs:10621(search_query_batch)
c++/src/algo/blast/core/blast_extend.c	Blast_ExtendWordExit	161	185	2	algorithm/blastn/blast_engine/run.rs:675(default); algorithm/blastn/blast_engine/run.rs:686(default)
c++/src/algo/blast/core/blast_extend.c	score_compare_match	274	304	1	algorithm/blastn/blast_engine/run.rs:2812(score_compare_ungapped_hits)
c++/src/algo/blast/core/blast_extend.c	Blast_InitHitListSortByScore	306	310	2	algorithm/blastn/blast_engine/run.rs:10133(search_query_batch); algorithm/blastn/blast_engine/run.rs:10141(search_query_batch)
c++/src/algo/blast/core/blast_filter.c	BlastFilteringOptionsToString	320	433	3	utils/seg.rs:1206(test_mask_sequence_matches_ncbi_segmasker_yp_009220537_1); utils/seg.rs:1234(test_mask_sequence_matches_ncbi_segmasker_yp_009220568_1); utils/seg.rs:1271(test_mask_sequence_matches_ncbi_segmasker_yp_009220574_1)
c++/src/algo/blast/core/blast_filter.c	BLAST_ComplementMaskLocations	1016	1118	1	algorithm/blastn/blast_engine/run.rs:3934(reverse_mask_intervals)
c++/src/algo/blast/core/blast_filter.c	BlastSetUp_Filter	1121	1170	2	utils/seg.rs:872(merge_segs_inclusive); utils/seg.rs:1301(test_mask_sequence_matches_ncbi_core_bdv02435_1_query_defaults)
c++/src/algo/blast/core/blast_filter.c	BlastSeqLocReverse	1172	1179	1	algorithm/blastn/blast_engine/run.rs:3977(reverse_mask_intervals)
c++/src/algo/blast/core/blast_gapalign.c	s_GapGetState	58	124	3	algorithm/blastn/alignment/gapped.rs:209(gap_alloc_trace_row); algorithm/blastn/alignment/gapped.rs:213(script_op_to_gap_edit_op); algorithm/blastn/alignment/gapped.rs:228(script_op_to_gap_edit_op)
c++/src/algo/blast/core/blast_gapalign.c	s_GapPurgeState	127	140	2	algorithm/blastn/alignment/gapped.rs:197(gap_alloc_trace_row); algorithm/blastn/alignment/gapped.rs:233(script_op_to_gap_edit_op)
c++/src/algo/blast/core/blast_gapalign.c	s_BlastGreedyAlignMemAlloc	170	267	5	algorithm/blastn/alignment/greedy.rs:112(new); algorithm/blastn/alignment/greedy.rs:408(ensure_max_score_capacity); algorithm/blastn/alignment/greedy.rs:425(refresh_traceback_pool); algorithm/blastn/alignment/greedy.rs:2478(blast_greedy_align); algorithm/blastn/alignment/greedy.rs:2511(blast_greedy_align)
c++/src/algo/blast/core/blast_gapalign.c	BLAST_GapAlignStructNew	291	360	11	algorithm/blastn/alignment/gapped.rs:121(gap_dp_reserve_initial); algorithm/blastn/alignment/gapped.rs:754(extend_gapped_heuristic_with_scratch); algorithm/blastn/alignment/gapped.rs:1061(extend_gapped_one_direction_with_scratch); algorithm/blastn/alignment/gapped.rs:1581(extend_gapped_one_direction_ex_with_scratch); algorithm/blastn/alignment/gapped.rs:1978(extend_gapped_one_direction_with_traceback_with_scratch); algorithm/blastn/alignment/gapped.rs:2581(extend_gapped_one_direction_with_traceback_ex_with_scratch); algorithm/blastn/alignment/gapped.rs:3134(debug_coords_traceback_enabled); algorithm/blastn/alignment/greedy.rs:558(new); algorithm/blastn/alignment/greedy.rs:3376(greedy_gapped_alignment_internal); algorithm/blastn/blast_engine/run.rs:3590(prelim_hits_by_subject); algorithm/blastn/blast_engine/run.rs:3688(new)
c++/src/algo/blast/core/blast_gapalign.c	ALIGN_EX	373	733	85	algorithm/blastn/alignment/gapped.rs:131(gap_dp_reserve_initial); algorithm/blastn/alignment/gapped.rs:151(gap_dp_reserve_band); algorithm/blastn/alignment/gapped.rs:182(gap_reset_traceback_state); algorithm/blastn/alignment/gapped.rs:198(gap_alloc_trace_row); algorithm/blastn/alignment/gapped.rs:1976(extend_gapped_one_direction_with_traceback_with_scratch); algorithm/blastn/alignment/gapped.rs:2014(extend_gapped_one_direction_with_traceback_with_scratch); algorithm/blastn/alignment/gapped.rs:2017(extend_gapped_one_direction_with_traceback_with_scratch); algorithm/blastn/alignment/gapped.rs:2021(extend_gapped_one_direction_with_traceback_with_scratch); algorithm/blastn/alignment/gapped.rs:2031(extend_gapped_one_direction_with_traceback_with_scratch); algorithm/blastn/alignment/gapped.rs:2037(extend_gapped_one_direction_with_traceback_with_scratch); algorithm/blastn/alignment/gapped.rs:2055(extend_gapped_one_direction_with_traceback_with_scratch); algorithm/blastn/alignment/gapped.rs:2058(extend_gapped_one_direction_with_traceback_with_scratch); algorithm/blastn/alignment/gapped.rs:2059(extend_gapped_one_direction_with_traceback_with_scratch); algorithm/blastn/alignment/gapped.rs:2063(extend_gapped_one_direction_with_traceback_with_scratch); algorithm/blastn/alignment/gapped.rs:2072(extend_gapped_one_direction_with_traceback_with_scratch); algorithm/blastn/alignment/gapped.rs:2085(extend_gapped_one_direction_with_traceback_with_scratch); algorithm/blastn/alignment/gapped.rs:2109(extend_gapped_one_direction_with_traceback_with_scratch); algorithm/blastn/alignment/gapped.rs:2117(extend_gapped_one_direction_with_traceback_with_scratch); algorithm/blastn/alignment/gapped.rs:2123(extend_gapped_one_direction_with_traceback_with_scratch); algorithm/blastn/alignment/gapped.rs:2126(extend_gapped_one_direction_with_traceback_with_scratch); algorithm/blastn/alignment/gapped.rs:2140(extend_gapped_one_direction_with_traceback_with_scratch); algorithm/blastn/alignment/gapped.rs:2162(extend_gapped_one_direction_with_traceback_with_scratch); algorithm/blastn/alignment/gapped.rs:2166(extend_gapped_one_direction_with_traceback_with_scratch); algorithm/blastn/alignment/gapped.rs:2174(extend_gapped_one_direction_with_traceback_with_scratch); algorithm/blastn/alignment/gapped.rs:2177(extend_gapped_one_direction_with_traceback_with_scratch); algorithm/blastn/alignment/gapped.rs:2193(extend_gapped_one_direction_with_traceback_with_scratch); algorithm/blastn/alignment/gapped.rs:2210(extend_gapped_one_direction_with_traceback_with_scratch); algorithm/blastn/alignment/gapped.rs:2213(extend_gapped_one_direction_with_traceback_with_scratch); algorithm/blastn/alignment/gapped.rs:2225(extend_gapped_one_direction_with_traceback_with_scratch); algorithm/blastn/alignment/gapped.rs:2238(extend_gapped_one_direction_with_traceback_with_scratch); algorithm/blastn/alignment/gapped.rs:2242(extend_gapped_one_direction_with_traceback_with_scratch); algorithm/blastn/alignment/gapped.rs:2248(extend_gapped_one_direction_with_traceback_with_scratch); algorithm/blastn/alignment/gapped.rs:2257(extend_gapped_one_direction_with_traceback_with_scratch); algorithm/blastn/alignment/gapped.rs:2269(extend_gapped_one_direction_with_traceback_with_scratch); algorithm/blastn/alignment/gapped.rs:2272(extend_gapped_one_direction_with_traceback_with_scratch); algorithm/blastn/alignment/gapped.rs:2279(extend_gapped_one_direction_with_traceback_with_scratch); algorithm/blastn/alignment/gapped.rs:2289(extend_gapped_one_direction_with_traceback_with_scratch); algorithm/blastn/alignment/gapped.rs:2312(extend_gapped_one_direction_with_traceback_with_scratch); algorithm/blastn/alignment/gapped.rs:2322(extend_gapped_one_direction_with_traceback_with_scratch); algorithm/blastn/alignment/gapped.rs:2323(extend_gapped_one_direction_with_traceback_with_scratch); algorithm/blastn/alignment/gapped.rs:2331(extend_gapped_one_direction_with_traceback_with_scratch); algorithm/blastn/alignment/gapped.rs:2336(extend_gapped_one_direction_with_traceback_with_scratch); algorithm/blastn/alignment/gapped.rs:2341(extend_gapped_one_direction_with_traceback_with_scratch); algorithm/blastn/alignment/gapped.rs:2344(extend_gapped_one_direction_with_traceback_with_scratch); algorithm/blastn/alignment/gapped.rs:2355(extend_gapped_one_direction_with_traceback_with_scratch); algorithm/blastn/alignment/gapped.rs:2366(extend_gapped_one_direction_with_traceback_with_scratch); algorithm/blastn/alignment/gapped.rs:2384(extend_gapped_one_direction_with_traceback_with_scratch); algorithm/blastn/alignment/gapped.rs:2387(extend_gapped_one_direction_with_traceback_with_scratch); algorithm/blastn/alignment/gapped.rs:2400(extend_gapped_one_direction_with_traceback_with_scratch); algorithm/blastn/alignment/gapped.rs:2402(extend_gapped_one_direction_with_traceback_with_scratch); algorithm/blastn/alignment/gapped.rs:2414(extend_gapped_one_direction_with_traceback_with_scratch); algorithm/blastn/alignment/gapped.rs:2424(extend_gapped_one_direction_with_traceback_with_scratch); algorithm/blastn/alignment/gapped.rs:2435(extend_gapped_one_direction_with_traceback_with_scratch); algorithm/blastn/alignment/gapped.rs:2445(extend_gapped_one_direction_with_traceback_with_scratch); algorithm/blastn/alignment/gapped.rs:2448(extend_gapped_one_direction_with_traceback_with_scratch); algorithm/blastn/alignment/gapped.rs:2474(extend_gapped_one_direction_with_traceback_with_scratch); algorithm/blastn/alignment/gapped.rs:2478(extend_gapped_one_direction_with_traceback_with_scratch); algorithm/blastn/alignment/gapped.rs:2485(extend_gapped_one_direction_with_traceback_with_scratch); algorithm/blastn/alignment/gapped.rs:2492(extend_gapped_one_direction_with_traceback_with_scratch); algorithm/blastn/alignment/gapped.rs:2497(extend_gapped_one_direction_with_traceback_with_scratch); algorithm/blastn/alignment/gapped.rs:2520(extend_gapped_one_direction_with_traceback_ex); algorithm/blastn/alignment/gapped.rs:2623(get_q); algorithm/blastn/alignment/gapped.rs:2660(get_s); algorithm/blastn/alignment/gapped.rs:2671(get_s); algorithm/blastn/alignment/gapped.rs:2674(get_s); algorithm/blastn/alignment/gapped.rs:2680(get_s); algorithm/blastn/alignment/gapped.rs:2693(get_s); algorithm/blastn/alignment/gapped.rs:2696(get_s); algorithm/blastn/alignment/gapped.rs:2700(get_s); algorithm/blastn/alignment/gapped.rs:2707(get_s); algorithm/blastn/alignment/gapped.rs:2740(get_s); algorithm/blastn/alignment/gapped.rs:2758(get_s); algorithm/blastn/alignment/gapped.rs:2787(get_s); algorithm/blastn/alignment/gapped.rs:2803(get_s); algorithm/blastn/alignment/gapped.rs:2821(get_s); algorithm/blastn/alignment/gapped.rs:2833(get_s); algorithm/blastn/alignment/gapped.rs:2849(get_s); algorithm/blastn/alignment/gapped.rs:2911(get_s); algorithm/blastn/alignment/gapped.rs:2926(get_s); algorithm/blastn/alignment/gapped.rs:2947(get_s); algorithm/blastn/alignment/gapped.rs:2966(get_s); algorithm/blastn/alignment/gapped.rs:2979(get_s); algorithm/blastn/alignment/gapped.rs:2995(get_s); algorithm/blastn/alignment/gapped.rs:3006(get_s); algorithm/blastn/alignment/gapped.rs:3068(extend_gapped_heuristic_with_traceback)
c++/src/algo/blast/core/blast_gapalign.c	Blast_SemiGappedAlign	735	962	65	algorithm/blastn/alignment/gapped.rs:100(new); algorithm/blastn/alignment/gapped.rs:150(gap_dp_reserve_band); algorithm/blastn/alignment/gapped.rs:152(gap_dp_reserve_band); algorithm/blastn/alignment/gapped.rs:181(gap_reset_traceback_state); algorithm/blastn/alignment/gapped.rs:1059(extend_gapped_one_direction_with_scratch); algorithm/blastn/alignment/gapped.rs:1088(extend_gapped_one_direction_with_scratch); algorithm/blastn/alignment/gapped.rs:1091(extend_gapped_one_direction_with_scratch); algorithm/blastn/alignment/gapped.rs:1097(extend_gapped_one_direction_with_scratch); algorithm/blastn/alignment/gapped.rs:1101(extend_gapped_one_direction_with_scratch); algorithm/blastn/alignment/gapped.rs:1110(extend_gapped_one_direction_with_scratch); algorithm/blastn/alignment/gapped.rs:1116(extend_gapped_one_direction_with_scratch); algorithm/blastn/alignment/gapped.rs:1131(extend_gapped_one_direction_with_scratch); algorithm/blastn/alignment/gapped.rs:1134(extend_gapped_one_direction_with_scratch); algorithm/blastn/alignment/gapped.rs:1143(extend_gapped_one_direction_with_scratch); algorithm/blastn/alignment/gapped.rs:1161(extend_gapped_one_direction_with_scratch); algorithm/blastn/alignment/gapped.rs:1168(extend_gapped_one_direction_with_scratch); algorithm/blastn/alignment/gapped.rs:1175(extend_gapped_one_direction_with_scratch); algorithm/blastn/alignment/gapped.rs:1187(extend_gapped_one_direction_with_scratch); algorithm/blastn/alignment/gapped.rs:1191(extend_gapped_one_direction_with_scratch); algorithm/blastn/alignment/gapped.rs:1199(extend_gapped_one_direction_with_scratch); algorithm/blastn/alignment/gapped.rs:1204(extend_gapped_one_direction_with_scratch); algorithm/blastn/alignment/gapped.rs:1209(extend_gapped_one_direction_with_scratch); algorithm/blastn/alignment/gapped.rs:1211(extend_gapped_one_direction_with_scratch); algorithm/blastn/alignment/gapped.rs:1217(extend_gapped_one_direction_with_scratch); algorithm/blastn/alignment/gapped.rs:1227(extend_gapped_one_direction_with_scratch); algorithm/blastn/alignment/gapped.rs:1237(extend_gapped_one_direction_with_scratch); algorithm/blastn/alignment/gapped.rs:1247(extend_gapped_one_direction_with_scratch); algorithm/blastn/alignment/gapped.rs:1260(extend_gapped_one_direction_with_scratch); algorithm/blastn/alignment/gapped.rs:1265(extend_gapped_one_direction_with_scratch); algorithm/blastn/alignment/gapped.rs:1270(extend_gapped_one_direction_with_scratch); algorithm/blastn/alignment/gapped.rs:1276(extend_gapped_one_direction_with_scratch); algorithm/blastn/alignment/gapped.rs:1280(extend_gapped_one_direction_with_scratch); algorithm/blastn/alignment/gapped.rs:1286(extend_gapped_one_direction_with_scratch); algorithm/blastn/alignment/gapped.rs:1296(extend_gapped_one_direction_with_scratch); algorithm/blastn/alignment/gapped.rs:1305(extend_gapped_one_direction_with_scratch); algorithm/blastn/alignment/gapped.rs:1323(blast_align_packed_nucl_with_scratch); algorithm/blastn/alignment/gapped.rs:1614(get_q); algorithm/blastn/alignment/gapped.rs:1618(get_q); algorithm/blastn/alignment/gapped.rs:1628(get_q); algorithm/blastn/alignment/gapped.rs:1646(get_s); algorithm/blastn/alignment/gapped.rs:1657(get_s); algorithm/blastn/alignment/gapped.rs:1668(get_s); algorithm/blastn/alignment/gapped.rs:1671(get_s); algorithm/blastn/alignment/gapped.rs:1676(get_s); algorithm/blastn/alignment/gapped.rs:1688(get_s); algorithm/blastn/alignment/gapped.rs:1695(get_s); algorithm/blastn/alignment/gapped.rs:1697(get_s); algorithm/blastn/alignment/gapped.rs:1700(get_s); algorithm/blastn/alignment/gapped.rs:1705(get_s); algorithm/blastn/alignment/gapped.rs:1709(get_s); algorithm/blastn/alignment/gapped.rs:1713(get_s); algorithm/blastn/alignment/gapped.rs:1715(get_s); algorithm/blastn/alignment/gapped.rs:1721(get_s); algorithm/blastn/alignment/gapped.rs:1729(get_s); algorithm/blastn/alignment/gapped.rs:1737(get_s); algorithm/blastn/alignment/gapped.rs:1746(get_s); algorithm/blastn/alignment/gapped.rs:1755(get_s); algorithm/blastn/alignment/gapped.rs:1759(get_s); algorithm/blastn/alignment/gapped.rs:1763(get_s); algorithm/blastn/alignment/gapped.rs:1768(get_s); algorithm/blastn/alignment/gapped.rs:1771(get_s); algorithm/blastn/alignment/gapped.rs:1777(get_s); algorithm/blastn/alignment/gapped.rs:1786(get_s); algorithm/blastn/alignment/gapped.rs:1794(get_s); algorithm/blastn/alignment/gapped.rs:1809(get_s)
c++/src/algo/blast/core/blast_gapalign.c	s_AdjustInitialHSPOffsets	2383	2392	1	common.rs:152(resolve_ids)
c++/src/algo/blast/core/blast_gapalign.c	Blast_PrelimEditBlockToGapEditScript	2480	2537	9	algorithm/blastn/alignment/gapped.rs:318(same_gap_edit_op_type); algorithm/blastn/alignment/gapped.rs:333(add_gap_edit_op_count); algorithm/blastn/alignment/gapped.rs:345(format_gap_edit_ops_for_trace); algorithm/blastn/alignment/gapped.rs:2529(extend_gapped_one_direction_with_traceback_ex); algorithm/blastn/alignment/gapped.rs:3075(extend_gapped_heuristic_with_traceback); algorithm/blastn/alignment/gapped.rs:3305(extend_gapped_heuristic_with_traceback_with_scratch); algorithm/blastn/alignment/greedy.rs:1771(prelim_edit_block_to_gap_edit_script); algorithm/blastn/alignment/greedy.rs:1794(prelim_edit_block_to_gap_edit_script); algorithm/blastn/alignment/greedy.rs:1828(update_edit_script)
c++/src/algo/blast/core/blast_gapalign.c	s_BlastGreedyGapAlignStructFill	2551	2570	1	algorithm/blastn/alignment/greedy.rs:3309(greedy_gapped_alignment_internal)
c++/src/algo/blast/core/blast_gapalign.c	s_UpdateEditScript	2572	2632	1	algorithm/blastn/alignment/greedy.rs:1854(update_edit_script)
c++/src/algo/blast/core/blast_gapalign.c	s_RebuildEditScript	2634	2667	1	algorithm/blastn/alignment/greedy.rs:1968(rebuild_edit_script)
c++/src/algo/blast/core/blast_gapalign.c	s_ReduceGaps	2669	2759	7	algorithm/blastn/alignment/greedy.rs:2011(reduce_gaps); algorithm/blastn/alignment/greedy.rs:2021(reduce_gaps); algorithm/blastn/alignment/greedy.rs:2067(reduce_gaps); algorithm/blastn/alignment/greedy.rs:2090(reduce_gaps); algorithm/blastn/alignment/greedy.rs:2173(ncbi2na_unpack_base); algorithm/blastn/alignment/greedy.rs:2193(ncbi2na_unpack_base); algorithm/blastn/alignment/greedy.rs:3584(greedy_gapped_alignment_internal)
c++/src/algo/blast/core/blast_gapalign.c	BLAST_GreedyGappedAlignment	2761	2937	23	algorithm/blastn/alignment/greedy.rs:563(new); algorithm/blastn/alignment/greedy.rs:579(new); algorithm/blastn/alignment/greedy.rs:580(new); algorithm/blastn/alignment/greedy.rs:759(greedy_align_one_direction); algorithm/blastn/alignment/greedy.rs:3322(greedy_gapped_alignment_internal); algorithm/blastn/alignment/greedy.rs:3340(greedy_gapped_alignment_internal); algorithm/blastn/alignment/greedy.rs:3355(greedy_gapped_alignment_internal); algorithm/blastn/alignment/greedy.rs:3401(greedy_gapped_alignment_internal); algorithm/blastn/alignment/greedy.rs:3427(greedy_gapped_alignment_internal); algorithm/blastn/alignment/greedy.rs:3460(greedy_gapped_alignment_internal); algorithm/blastn/alignment/greedy.rs:3479(greedy_gapped_alignment_internal); algorithm/blastn/alignment/greedy.rs:3513(greedy_gapped_alignment_internal); algorithm/blastn/alignment/greedy.rs:3552(greedy_gapped_alignment_internal); algorithm/blastn/alignment/greedy.rs:3573(greedy_gapped_alignment_internal); algorithm/blastn/alignment/greedy.rs:3653(greedy_gapped_alignment_score_only); algorithm/blastn/alignment/greedy.rs:3678(greedy_gapped_alignment_with_traceback); algorithm/blastn/alignment/greedy.rs:3709(greedy_gapped_alignment_with_traceback); algorithm/blastn/alignment/greedy.rs:3734(greedy_gapped_alignment_with_traceback); algorithm/blastn/alignment/greedy.rs:3835(test_greedy_traceback_ncbi_regression_cases); algorithm/blastn/alignment/greedy.rs:3992(test_greedy_reverse_and_empty_boundary_cases); algorithm/blastn/alignment/mod.rs:18(<module>); algorithm/blastn/blast_engine/run.rs:53(<module>); algorithm/blastn/blast_engine/run.rs:10184(search_query_batch)
c++/src/algo/blast/core/blast_gapalign.c	s_BlastDynProgNtGappedAlignment	2948	3017	9	algorithm/blastn/alignment/gapped.rs:803(extend_gapped_heuristic_with_scratch); algorithm/blastn/alignment/gapped.rs:812(extend_gapped_heuristic_with_scratch); algorithm/blastn/alignment/gapped.rs:817(extend_gapped_heuristic_with_scratch); algorithm/blastn/alignment/gapped.rs:823(extend_gapped_heuristic_with_scratch); algorithm/blastn/alignment/gapped.rs:840(extend_gapped_heuristic_with_scratch); algorithm/blastn/alignment/gapped.rs:843(extend_gapped_heuristic_with_scratch); algorithm/blastn/blast_engine/run.rs:7603(search_query_batch); algorithm/blastn/blast_engine/run.rs:10318(search_query_batch); algorithm/blastn/blast_engine/run.rs:10320(search_query_batch)
c++/src/algo/blast/core/blast_gapalign.c	s_BlastAlignPackedNucl	3033	3245	11	algorithm/blastn/alignment/gapped.rs:1386(blast_align_packed_nucl_with_scratch); algorithm/blastn/alignment/gapped.rs:1397(blast_align_packed_nucl_with_scratch); algorithm/blastn/alignment/gapped.rs:1407(blast_align_packed_nucl_with_scratch); algorithm/blastn/alignment/gapped.rs:1410(blast_align_packed_nucl_with_scratch); algorithm/blastn/alignment/gapped.rs:1434(blast_align_packed_nucl_with_scratch); algorithm/blastn/alignment/gapped.rs:1436(blast_align_packed_nucl_with_scratch); algorithm/blastn/alignment/gapped.rs:1443(blast_align_packed_nucl_with_scratch); algorithm/blastn/alignment/gapped.rs:1466(blast_align_packed_nucl_with_scratch); algorithm/blastn/alignment/gapped.rs:1473(blast_align_packed_nucl_with_scratch); algorithm/blastn/alignment/gapped.rs:1487(blast_align_packed_nucl_with_scratch); algorithm/blastn/alignment/gapped.rs:1533(extend_gapped_one_direction_ex)
c++/src/algo/blast/core/blast_gapalign.c	BlastGetOffsetsForGappedAlignment	3247	3320	12	algorithm/blastn/alignment/gapped.rs:393(blast_get_offsets_for_gapped_alignment); algorithm/blastn/alignment/gapped.rs:403(blast_get_offsets_for_gapped_alignment); algorithm/blastn/alignment/gapped.rs:415(blast_get_offsets_for_gapped_alignment); algorithm/blastn/alignment/gapped.rs:421(blast_get_offsets_for_gapped_alignment); algorithm/blastn/alignment/gapped.rs:428(blast_get_offsets_for_gapped_alignment); algorithm/blastn/alignment/gapped.rs:437(blast_get_start_for_gapped_alignment_nucl); algorithm/blastn/alignment/gapped.rs:440(blast_get_start_for_gapped_alignment_nucl); algorithm/blastn/alignment/gapped.rs:447(blast_get_start_for_gapped_alignment_nucl); algorithm/blastn/alignment/gapped.rs:461(blast_get_start_for_gapped_alignment_nucl); algorithm/blastn/alignment/gapped.rs:468(blast_get_start_for_gapped_alignment_nucl); algorithm/blastn/alignment/gapped.rs:475(blast_get_start_for_gapped_alignment_nucl); algorithm/blastn/alignment/mod.rs:25(<module>)
c++/src/algo/blast/core/blast_gapalign.c	BlastGetStartForGappedAlignmentNucl	3322	3390	6	algorithm/blastn/alignment/gapped.rs:492(blast_get_start_for_gapped_alignment_nucl); algorithm/blastn/alignment/gapped.rs:503(blast_get_start_for_gapped_alignment_nucl); algorithm/blastn/alignment/gapped.rs:539(blast_get_start_for_gapped_alignment_nucl); algorithm/blastn/alignment/gapped.rs:618(blast_get_start_for_gapped_alignment_nucl); algorithm/blastn/alignment/gapped.rs:656(blast_get_start_for_gapped_alignment_nucl); algorithm/blastn/alignment/mod.rs:26(<module>)
c++/src/algo/blast/core/blast_gapalign.c	BLAST_GetGappedScore	3664	4114	33	algorithm/blastn/blast_engine/run.rs:2784(score_compare_ungapped_hits); algorithm/blastn/blast_engine/run.rs:2854(score_compare_prelim_hits); algorithm/blastn/blast_engine/run.rs:2868(score_compare_prelim_hits); algorithm/blastn/blast_engine/run.rs:3575(prelim_hits_by_subject); algorithm/blastn/blast_engine/run.rs:3673(new); algorithm/blastn/blast_engine/run.rs:7609(search_query_batch); algorithm/blastn/blast_engine/run.rs:7612(search_query_batch); algorithm/blastn/blast_engine/run.rs:7626(search_query_batch); algorithm/blastn/blast_engine/run.rs:8989(search_query_batch); algorithm/blastn/blast_engine/run.rs:10042(search_query_batch); algorithm/blastn/blast_engine/run.rs:10128(search_query_batch); algorithm/blastn/blast_engine/run.rs:10173(search_query_batch); algorithm/blastn/blast_engine/run.rs:10198(search_query_batch); algorithm/blastn/blast_engine/run.rs:10220(search_query_batch); algorithm/blastn/blast_engine/run.rs:10229(search_query_batch); algorithm/blastn/blast_engine/run.rs:10278(search_query_batch); algorithm/blastn/blast_engine/run.rs:10280(search_query_batch); algorithm/blastn/blast_engine/run.rs:10297(search_query_batch); algorithm/blastn/blast_engine/run.rs:10305(search_query_batch); algorithm/blastn/blast_engine/run.rs:10391(search_query_batch); algorithm/blastn/blast_engine/run.rs:10420(search_query_batch); algorithm/blastn/blast_engine/run.rs:10480(search_query_batch); algorithm/blastn/blast_engine/run.rs:10505(search_query_batch); algorithm/blastn/blast_engine/run.rs:10514(search_query_batch); algorithm/blastn/blast_engine/run.rs:10545(search_query_batch); algorithm/blastn/blast_engine/run.rs:10582(search_query_batch); algorithm/blastn/blast_engine/run.rs:11296(search_query_batch); algorithm/blastn/blast_engine/run.rs:11335(search_query_batch); algorithm/blastn/blast_engine/run.rs:11759(search_query_batch); algorithm/blastn/blast_engine/run.rs:12146(search_query_batch); algorithm/blastn/tracing.rs:114(parse_seed); algorithm/blastn/tracing.rs:179(should_trace_seed); algorithm/blastn/tracing.rs:213(should_trace_range)
c++/src/algo/blast/core/blast_gapalign.c	AdjustSubjectRange	4155	4191	3	algorithm/blastn/blast_engine/run.rs:243(hsp_survives_evalue_reap); algorithm/blastn/blast_engine/run.rs:589(adjust_subject_range); algorithm/blastn/blast_engine/run.rs:13255(speculative_traceback_preserves_ordered_gapped_hsps)
c++/src/algo/blast/core/blast_gapalign.c	BLAST_GappedAlignmentWithTraceback	4549	4717	6	algorithm/blastn/alignment/gapped.rs:3154(debug_coords_traceback_enabled); algorithm/blastn/alignment/gapped.rs:3218(extend_gapped_heuristic_with_traceback_with_scratch); algorithm/blastn/alignment/gapped.rs:3336(extend_gapped_heuristic_with_traceback_with_scratch); algorithm/blastn/alignment/gapped.rs:3395(extend_gapped_heuristic_with_traceback_with_scratch); algorithm/blastn/alignment/gapped.rs:3424(extend_gapped_heuristic_with_traceback_with_scratch); algorithm/blastn/alignment/gapped.rs:3441(blastna)
c++/src/algo/blast/core/blast_gapalign_priv.h	#define HSP_MAX_WINDOW	120	120	2	algorithm/blastn/alignment/gapped.rs:18(blast_nint); algorithm/blastn/interval_tree.rs:1248(contained_in_hsp)
c++/src/algo/blast/core/blast_gapalign_priv.h	#define MB_HSP_CLOSE	123	124	1	algorithm/blastn/interval_tree.rs:1264(mb_hsp_close)
c++/src/algo/blast/core/blast_hits.c	GetPrelimHitlistSize	43	71	3	algorithm/blastn/blast_engine/run.rs:7028(search_query_batch); algorithm/blastn/hsp.rs:472(get_prelim_hitlist_size); algorithm/blastn/hsp.rs:1361(test_hitlist_update_keeps_best)
c++/src/algo/blast/core/blast_hits.c	s_HSPPHIGetEvalue	398	416	1	algorithm/blastn/filtering/purge_endpoints.rs:2114(reevaluate_hsp_with_ambiguities_gapped_ex)
c++/src/algo/blast/core/blast_hits.c	s_UpdateReevaluatedHSP	439	477	2	algorithm/blastn/filtering/purge_endpoints.rs:2116(reevaluate_hsp_with_ambiguities_gapped_ex); algorithm/blastn/filtering/purge_endpoints.rs:2139(reevaluate_hsp_with_ambiguities_gapped_ex)
c++/src/algo/blast/core/blast_hits.c	Blast_HSPReevaluateWithAmbiguitiesGapped	479	647	11	algorithm/blastn/filtering/purge_endpoints.rs:1691(reevaluate_hsp_with_ambiguities_gapped); algorithm/blastn/filtering/purge_endpoints.rs:1796(reevaluate_hsp_with_ambiguities_gapped_ex); algorithm/blastn/filtering/purge_endpoints.rs:1804(reevaluate_hsp_with_ambiguities_gapped_ex); algorithm/blastn/filtering/purge_endpoints.rs:1810(reevaluate_hsp_with_ambiguities_gapped_ex); algorithm/blastn/filtering/purge_endpoints.rs:1821(reevaluate_hsp_with_ambiguities_gapped_ex); algorithm/blastn/filtering/purge_endpoints.rs:1872(reevaluate_hsp_with_ambiguities_gapped_ex); algorithm/blastn/filtering/purge_endpoints.rs:1939(reevaluate_hsp_with_ambiguities_gapped_ex); algorithm/blastn/filtering/purge_endpoints.rs:1954(reevaluate_hsp_with_ambiguities_gapped_ex); algorithm/blastn/filtering/purge_endpoints.rs:2045(reevaluate_hsp_with_ambiguities_gapped_ex); algorithm/blastn/filtering/purge_endpoints.rs:2048(reevaluate_hsp_with_ambiguities_gapped_ex); algorithm/blastn/filtering/purge_endpoints.rs:2102(reevaluate_hsp_with_ambiguities_gapped_ex)
c++/src/algo/blast/core/blast_hits.c	s_Blast_HSPGetNumIdentitiesAndPositives	745	836	8	algorithm/blastn/alignment/gapped.rs:1875(stats_from_edit_ops); algorithm/blastn/alignment/gapped.rs:1897(stats_from_edit_ops); algorithm/blastn/alignment/greedy.rs:3260(stats_from_edit_ops); algorithm/blastn/filtering/purge_endpoints.rs:1498(stats_from_edit_ops); algorithm/blastn/filtering/purge_endpoints.rs:1588(blast_hsp_test_identity_and_length); algorithm/blastn/filtering/purge_endpoints.rs:1605(blast_hsp_test_identity_and_length); algorithm/blastn/filtering/purge_endpoints.rs:1648(blast_hsp_test_identity_and_length); common.rs:212(gap_letters)
c++/src/algo/blast/core/blast_hits.c	s_HSPTest	993	1001	4	algorithm/blastn/args.rs:55(<module>); algorithm/blastn/args.rs:67(<module>); algorithm/blastn/blast_engine/run.rs:7166(search_query_batch); algorithm/blastn/filtering/purge_endpoints.rs:1551(hsp_test)
c++/src/algo/blast/core/blast_hits.c	Blast_HSPCalcLengthAndGaps	1054	1082	3	algorithm/blastn/alignment/gapped.rs:1898(stats_from_edit_ops); algorithm/blastn/alignment/greedy.rs:3261(stats_from_edit_ops); algorithm/blastn/filtering/purge_endpoints.rs:1499(stats_from_edit_ops)
c++/src/algo/blast/core/blast_hits.c	Blast_HSPGetAdjustedOffsets	1108	1143	11	algorithm/blastn/blast_engine/mod.rs:324(filter_hsps); algorithm/blastn/blast_engine/run.rs:935(adjust_blastn_offsets); algorithm/blastn/blast_engine/run.rs:13059(test_adjust_blastn_offsets_minus_query_keeps_internal_subject_order); algorithm/blastn/filtering/purge_endpoints.rs:26(adjust_blastn_offsets); algorithm/blastn/filtering/subject_best_hit.rs:226(test_same_strand_filtering); algorithm/blastn/hsp.rs:573(score_compare_hsps); algorithm/blastn/tracing.rs:17(<module>); common.rs:118(is_sub); common.rs:284(score_compare_hsps); report/outfmt6.rs:1047(test_format_evalue_ncbi_zero); report/pairwise.rs:2486(flatfile_wrapping_preserves_ncbi_break_boundaries)
c++/src/algo/blast/core/blast_hits.c	ScoreCompareHSPs	1329	1356	9	algorithm/blastn/blast_engine/mod.rs:100(filter_hsps); algorithm/blastn/blast_engine/run.rs:2898(score_compare_prelim_hits); algorithm/blastn/blast_engine/run.rs:12092(search_query_batch); algorithm/blastn/blast_engine/run.rs:12990(stable_prelim_sort_preserves_equal_complete_record_order); algorithm/blastn/hsp.rs:562(score_compare_hsps); algorithm/blastn/hsp.rs:581(evalue_compare_hsps); algorithm/blastn/hsp.rs:1336(stable_hsp_sort_preserves_comparator_equal_input_order); common.rs:304(score_compare_hsps); common.rs:1040(hit)
c++/src/algo/blast/core/blast_hits.c	Blast_HSPListSortByScore	1374	1383	10	algorithm/blastn/blast_engine/mod.rs:109(filter_hsps); algorithm/blastn/blast_engine/run.rs:2961(sort_prelim_hits_by_score); algorithm/blastn/blast_engine/run.rs:2987(purge_prelim_hits_with_common_endpoints); algorithm/blastn/blast_engine/run.rs:4448(blastn_pairwise_report); algorithm/blastn/hsp.rs:638(qsort_blastn_hsps_by); algorithm/blastn/hsp.rs:663(sort_hsps_by_score); algorithm/blastn/hsp.rs:671(sort_hsps_by_score); algorithm/blastn/hsp.rs:691(sort_hsplist_by_evalue); common.rs:457(stable_sort_by_index_replay); common.rs:878(write_output_ncbi_order_with_format_to_writer_impl)
c++/src/algo/blast/core/blast_hits.c	s_EvalueComp	1389	1404	2	algorithm/blastn/hsp.rs:538(evalue_comp); algorithm/blastn/hsp.rs:1469(hit_list_evalues_below_1e180_compare_equal)
c++/src/algo/blast/core/blast_hits.c	s_EvalueCompareHSPs	1414	1435	4	algorithm/blastn/blast_engine/run.rs:3363(evalue_compare_prelim_hits); algorithm/blastn/hsp.rs:616(evalue_compare_hsps); common.rs:370(evalue_compare_hsps); common.rs:397(compare_subject_groups)
c++/src/algo/blast/core/blast_hits.c	Blast_HSPListSortByEvalue	1437	1457	6	algorithm/blastn/blast_engine/run.rs:3425(sort_by_evalue); algorithm/blastn/hsp.rs:643(qsort_blastn_hsps_by); algorithm/blastn/hsp.rs:700(sort_hsplist_by_evalue); algorithm/blastn/hsp.rs:730(update_best_evalue); common.rs:462(stable_sort_by_index_replay); common.rs:697(write_output_ncbi_order_evalue_hsp_order_to_writer)
c++/src/algo/blast/core/blast_hits.c	s_HSPStartDiag	1464	1468	1	algorithm/blastn/blast_engine/run.rs:3283(merge_prelim_hit_lists)
c++/src/algo/blast/core/blast_hits.c	s_BlastMergeTwoHSPs	1487	1531	1	algorithm/blastn/blast_engine/run.rs:3083(merge_two_prelim_hits)
c++/src/algo/blast/core/blast_hits.c	Blast_HSPListFree	1537	1556	1	algorithm/blastn/blast_engine/run.rs:275(hsp_survives_evalue_reap)
c++/src/algo/blast/core/blast_hits.c	s_Heapify	1626	1651	1	algorithm/blastn/hsp.rs:815(heapify_hsplist_array)
c++/src/algo/blast/core/blast_hits.c	s_CreateHeap	1659	1677	1	algorithm/blastn/hsp.rs:855(create_hsplist_heap)
c++/src/algo/blast/core/blast_hits.c	s_BlastGetBestEvalue	1739	1749	2	algorithm/blastn/blast_engine/run.rs:3399(update_best_evalue); algorithm/blastn/hsp.rs:740(update_best_evalue)
c++/src/algo/blast/core/blast_hits.c	Blast_HSPListGetEvalues	1811	1905	8	algorithm/blastn/blast_engine/run.rs:173(calculate_blastn_context_statistics); algorithm/blastn/blast_engine/run.rs:202(hsp_survives_evalue_reap); algorithm/blastn/blast_engine/run.rs:11712(search_query_batch); algorithm/blastn/blast_engine/run.rs:11879(search_query_batch); algorithm/blastn/blast_engine/run.rs:13074(test_blastn_context_statistics_uses_supplied_eff_searchsp); algorithm/blastn/blast_engine/run.rs:13109(test_blastn_context_statistics_rounds_evalue_score_only); algorithm/blastn/filtering/purge_endpoints.rs:1678(blast_hsp_test_identity_and_length); algorithm/blastn/filtering/purge_endpoints.rs:2188(reevaluate_hsp_with_ambiguities_gapped_ex)
c++/src/algo/blast/core/blast_hits.c	Blast_HSPListGetBitScores	1907	1932	3	algorithm/blastn/blast_engine/run.rs:180(calculate_blastn_context_statistics); algorithm/blastn/blast_engine/run.rs:13080(test_blastn_context_statistics_uses_supplied_eff_searchsp); algorithm/blastn/blast_engine/run.rs:13117(test_blastn_context_statistics_rounds_evalue_score_only)
c++/src/algo/blast/core/blast_hits.c	Blast_HSPListReapByEvalue	1976	2008	2	algorithm/blastn/blast_engine/run.rs:230(hsp_survives_evalue_reap); algorithm/blastn/blast_engine/run.rs:12272(search_query_batch)
c++/src/algo/blast/core/blast_hits.c	Blast_TrimHSPListByMaxHsps	2049	2069	2	algorithm/blastn/blast_engine/run.rs:4063(build_subject_seq_ranges_from_masks); algorithm/blastn/hsp.rs:760(trim_by_max_hsps)
c++/src/algo/blast/core/blast_hits.c	Blast_HitListMerge	2119	2219	2	algorithm/blastn/blast_engine/run.rs:12778(merge_prelim_hit_list); algorithm/blastn/blast_engine/run.rs:13432(merging_prelim_hit_lists_appends_shared_subjects_and_keeps_the_size)
c++/src/algo/blast/core/blast_hits.c	s_QueryOffsetCompareHSPs	2267	2321	6	algorithm/blastn/blast_engine/run.rs:2918(query_offset_compare_prelim_hits); algorithm/blastn/filtering/purge_endpoints.rs:74(compare_query_offset_hsps_for_common_endpoint); algorithm/blastn/filtering/purge_endpoints.rs:810(qsort_hsp_array_prefix_by); algorithm/blastn/filtering/purge_endpoints.rs:1302(equivalent_scripts_keep_endpoints_and_score); algorithm/blastn/filtering/purge_endpoints.rs:1345(common_endpoint_comparator_ignores_edit_script); algorithm/blastn/filtering/purge_endpoints.rs:1434(test_purge_common_start_keeps_longer_end_on_score_tie)
c++/src/algo/blast/core/blast_hits.c	s_QueryEndCompareHSPs	2332	2387	2	algorithm/blastn/blast_engine/run.rs:2937(query_end_compare_prelim_hits); algorithm/blastn/filtering/purge_endpoints.rs:99(compare_query_end_hsps_for_common_endpoint)
c++/src/algo/blast/core/blast_hits.c	s_CutOffGapEditScript	2391	2452	6	algorithm/blastn/filtering/purge_endpoints.rs:131(cut_off_gap_edit_script); algorithm/blastn/filtering/purge_endpoints.rs:187(cut_off_gap_edit_script); algorithm/blastn/filtering/purge_endpoints.rs:204(cut_off_gap_edit_script); algorithm/blastn/filtering/purge_endpoints.rs:287(cut_off_gap_edit_script); algorithm/blastn/filtering/purge_endpoints.rs:320(cut_off_gap_edit_script); algorithm/blastn/filtering/purge_endpoints.rs:355(cut_off_gap_edit_script)
c++/src/algo/blast/core/blast_hits.c	Blast_HSPListPurgeHSPsWithCommonEndpoints	2454	2535	36	algorithm/blastn/blast_engine/run.rs:3024(contained_in_hsp); algorithm/blastn/blast_engine/run.rs:13019(prelim_purge_retains_the_first_complete_equal_record); algorithm/blastn/filtering/purge_endpoints.rs:63(blastn_hsp_context); algorithm/blastn/filtering/purge_endpoints.rs:393(purge_hsps_with_common_endpoints_ex); algorithm/blastn/filtering/purge_endpoints.rs:466(purge_hsps_with_common_endpoints); algorithm/blastn/filtering/purge_endpoints.rs:510(hsp_for_handle); algorithm/blastn/filtering/purge_endpoints.rs:523(purge_hsps_for_subject_ex); algorithm/blastn/filtering/purge_endpoints.rs:538(purge_hsps_for_subject_ex); algorithm/blastn/filtering/purge_endpoints.rs:552(purge_hsps_for_subject_ex); algorithm/blastn/filtering/purge_endpoints.rs:566(purge_hsps_for_subject_ex); algorithm/blastn/filtering/purge_endpoints.rs:572(purge_hsps_for_subject_ex); algorithm/blastn/filtering/purge_endpoints.rs:616(purge_hsps_for_subject_ex); algorithm/blastn/filtering/purge_endpoints.rs:636(purge_hsps_for_subject_ex); algorithm/blastn/filtering/purge_endpoints.rs:648(purge_hsps_for_subject_ex); algorithm/blastn/filtering/purge_endpoints.rs:658(purge_hsps_for_subject_ex); algorithm/blastn/filtering/purge_endpoints.rs:659(purge_hsps_for_subject_ex); algorithm/blastn/filtering/purge_endpoints.rs:670(purge_hsps_for_subject_ex); algorithm/blastn/filtering/purge_endpoints.rs:676(purge_hsps_for_subject_ex); algorithm/blastn/filtering/purge_endpoints.rs:719(purge_hsps_for_subject_ex); algorithm/blastn/filtering/purge_endpoints.rs:744(purge_hsps_for_subject_ex); algorithm/blastn/filtering/purge_endpoints.rs:756(purge_hsps_for_subject_ex); algorithm/blastn/filtering/purge_endpoints.rs:765(qsort_hsp_array_prefix_by); algorithm/blastn/filtering/purge_endpoints.rs:780(qsort_hsp_array_prefix_by); algorithm/blastn/filtering/purge_endpoints.rs:826(same_common_start); algorithm/blastn/filtering/purge_endpoints.rs:843(same_common_start); algorithm/blastn/filtering/purge_endpoints.rs:872(same_common_end); algorithm/blastn/filtering/purge_endpoints.rs:901(trace_common_endpoint_purge_decision); algorithm/blastn/filtering/purge_endpoints.rs:916(trace_common_endpoint_purge_decision); algorithm/blastn/filtering/purge_endpoints.rs:1096(common_endpoint_shifts_preserve_trimmed_tail_and_active_boundary); algorithm/blastn/filtering/purge_endpoints.rs:1158(handle_sort_keeps_payload_addresses_equal_order_and_tail); algorithm/blastn/filtering/purge_endpoints.rs:1204(final_active_slot_can_be_trimmed_or_deleted_in_either_pass); algorithm/blastn/filtering/purge_endpoints.rs:1263(purge_after_injected_common_start_sort); algorithm/blastn/filtering/purge_endpoints.rs:1375(source_compatible_first_survivor_accepts_either_equal_order); algorithm/blastn/filtering/purge_endpoints.rs:1392(source_compatible_purge_never_synthesizes_edit_script); algorithm/blastn/hsp.rs:648(qsort_blastn_hsps_by); algorithm/blastn/hsp.rs:652(qsort_blastn_hsps_by)
c++/src/algo/blast/core/blast_hits.c	Blast_HSPListSubjectBestHit	2537	2606	6	algorithm/blastn/blast_engine/run.rs:6408(search_query_batch); algorithm/blastn/filtering/subject_best_hit.rs:29(subject_best_hit); algorithm/blastn/filtering/subject_best_hit.rs:44(subject_best_hit_by); algorithm/blastn/filtering/subject_best_hit.rs:69(subject_best_hit_by); algorithm/blastn/filtering/subject_best_hit.rs:79(subject_best_hit_by); algorithm/blastn/filtering/subject_best_hit.rs:122(subject_best_hit_by)
c++/src/algo/blast/core/blast_hits.c	s_BlastHSPListsCombineByScore	2748	2807	1	algorithm/blastn/blast_engine/run.rs:3335(append_prelim_hit_list)
c++/src/algo/blast/core/blast_hits.c	Blast_HSPListsMerge	2857	3035	6	algorithm/blastn/blast_engine/run.rs:3170(merge_prelim_hit_lists); algorithm/blastn/blast_engine/run.rs:3194(merge_prelim_hit_lists); algorithm/blastn/blast_engine/run.rs:3272(merge_prelim_hit_lists); algorithm/blastn/blast_engine/run.rs:3299(append_prelim_hit_list); algorithm/blastn/blast_engine/run.rs:3315(append_prelim_hit_list); algorithm/blastn/blast_engine/run.rs:12950(a_query_split_merges_hsps_across_the_split_on_either_strand)
c++/src/algo/blast/core/blast_hits.c	s_EvalueCompareHSPLists	3077	3107	6	algorithm/blastn/blast_engine/run.rs:4743(post_process_hits_and_write); algorithm/blastn/hsp.rs:779(compare_hsp_lists); algorithm/blastn/hsp.rs:1441(hit_list_equal_evalue_and_score_keeps_higher_oids); algorithm/blastn/hsp.rs:1488(hit_list_equal_evalue_higher_first_score_wins); common.rs:906(write_output_ncbi_order_with_format_to_writer_impl); common.rs:1049(hit)
c++/src/algo/blast/core/blast_hits.c	Blast_HitListNew	3125	3134	1	algorithm/blastn/hsp.rs:884(new)
c++/src/algo/blast/core/blast_hits.c	s_BlastHitListPurge	3171	3188	2	algorithm/blastn/hsp.rs:1058(purge); algorithm/blastn/hsp.rs:1561(hit_list_sort_purges_empty_lists_and_prune_caps_the_size)
c++/src/algo/blast/core/blast_hits.c	s_BlastHitListInsertHSPListInHeap	3195	3210	1	algorithm/blastn/hsp.rs:947(insert_hsplist_in_heap)
c++/src/algo/blast/core/blast_hits.c	s_Blast_HitListGrowHSPListArray	3219	3241	1	algorithm/blastn/hsp.rs:909(grow_hsplist_array)
c++/src/algo/blast/core/blast_hits.c	Blast_HitListUpdate	3243	3299	4	algorithm/blastn/hsp.rs:983(update); algorithm/blastn/hsp.rs:1382(make_list); algorithm/blastn/hsp.rs:1505(hit_list_heap_keeps_the_best_lists_in_comparator_order); algorithm/blastn/hsp.rs:1541(hit_list_heapify_sorts_each_list_by_evalue)
c++/src/algo/blast/core/blast_hits.c	Blast_HitListSortByEvalue	3331	3339	4	algorithm/blastn/hsp.rs:1084(sort_by_evalue); common.rs:467(stable_sort_by_index_replay); common.rs:851(write_output_ncbi_order_with_format_to_writer_impl); common.rs:925(write_output_ncbi_order_with_format_to_writer_impl)
c++/src/algo/blast/core/blast_hits.c	Blast_HSPResultsSortByEvalue	3383	3402	3	algorithm/blastn/blast_engine/run.rs:4637(post_process_hits_and_write); common.rs:757(write_output_ncbi_order_with_format_to_writer); common.rs:815(write_output_ncbi_order_with_format_to_writer_impl)
c++/src/algo/blast/core/blast_hits_priv.h	#define CONTAINED_IN_HSP	68	69	1	algorithm/blastn/blast_engine/run.rs:3073(contained_in_hsp)
c++/src/algo/blast/core/blast_hspstream.c	BlastHSPStreamClose	133	207	1	algorithm/blastn/blast_engine/run.rs:3525(prelim_hits_by_subject)
c++/src/algo/blast/core/blast_hspstream.c	BlastHSPStreamMerge	399	566	3	algorithm/blastn/blast_engine/run.rs:12651(search_query_chunks); algorithm/blastn/blast_engine/run.rs:12674(merge_query_chunk); algorithm/blastn/blast_engine/run.rs:12706(merge_query_chunk)
c++/src/algo/blast/core/blast_itree.c	<EIntervalDirection>	41	45	1	algorithm/blastn/interval_tree.rs:32(<module>)
c++/src/algo/blast/core/blast_itree.c	s_IntervalNodeInit	57	112	8	algorithm/blastn/blast_engine/run.rs:10969(search_query_batch); algorithm/blastn/blast_engine/run.rs:12120(search_query_batch); algorithm/blastn/interval_tree.rs:87(new_internal); algorithm/blastn/interval_tree.rs:150(new); algorithm/blastn/interval_tree.rs:180(reserve_nodes_for_hsps); algorithm/blastn/interval_tree.rs:229(alloc_internal_node); algorithm/blastn/interval_tree.rs:235(alloc_subject_root_node); algorithm/blastn/interval_tree.rs:242(alloc_subject_root_node)
c++/src/algo/blast/core/blast_itree.c	s_IntervalRootNodeInit	123	142	1	algorithm/blastn/interval_tree.rs:159(reserve_nodes_for_hsps)
c++/src/algo/blast/core/blast_itree.c	Blast_IntervalTreeInit	145	177	2	algorithm/blastn/interval_tree.rs:198(reset); algorithm/blastn/interval_tree.rs:212(reset_with_bounds)
c++/src/algo/blast/core/blast_itree.c	s_HSPsHaveCommonEndpoint	241	301	12	algorithm/blastn/blast_engine/run.rs:11436(search_query_batch); algorithm/blastn/interval_tree.rs:50(new_internal); algorithm/blastn/interval_tree.rs:264(alloc_subject_root_node); algorithm/blastn/interval_tree.rs:281(hsps_have_common_endpoint); algorithm/blastn/interval_tree.rs:291(hsps_have_common_endpoint); algorithm/blastn/interval_tree.rs:297(hsps_have_common_endpoint); algorithm/blastn/interval_tree.rs:303(hsps_have_common_endpoint); algorithm/blastn/interval_tree.rs:324(midpoint_tree_has_hsp_endpoint); algorithm/blastn/interval_tree.rs:333(midpoint_tree_has_hsp_endpoint); algorithm/blastn/interval_tree.rs:344(midpoint_tree_has_hsp_endpoint); algorithm/blastn/interval_tree.rs:354(midpoint_tree_has_hsp_endpoint); algorithm/blastn/interval_tree.rs:1412(test_interval_tree_common_endpoint_prefers_shorter_equal_score_hsp)
c++/src/algo/blast/core/blast_itree.c	s_MidpointTreeHasHSPEndpoint	318	411	10	algorithm/blastn/interval_tree.rs:367(midpoint_tree_has_hsp_endpoint); algorithm/blastn/interval_tree.rs:380(midpoint_tree_has_hsp_endpoint); algorithm/blastn/interval_tree.rs:389(midpoint_tree_has_hsp_endpoint); algorithm/blastn/interval_tree.rs:391(midpoint_tree_has_hsp_endpoint); algorithm/blastn/interval_tree.rs:394(midpoint_tree_has_hsp_endpoint); algorithm/blastn/interval_tree.rs:442(midpoint_tree_has_hsp_endpoint); algorithm/blastn/interval_tree.rs:456(interval_tree_has_hsp_endpoint); algorithm/blastn/interval_tree.rs:461(interval_tree_has_hsp_endpoint); algorithm/blastn/interval_tree.rs:479(interval_tree_has_hsp_endpoint); algorithm/blastn/interval_tree.rs:493(interval_tree_has_hsp_endpoint)
c++/src/algo/blast/core/blast_itree.c	s_IntervalTreeHasHSPEndpoint	428	506	9	algorithm/blastn/interval_tree.rs:502(interval_tree_has_hsp_endpoint); algorithm/blastn/interval_tree.rs:512(interval_tree_has_hsp_endpoint); algorithm/blastn/interval_tree.rs:521(interval_tree_has_hsp_endpoint); algorithm/blastn/interval_tree.rs:523(interval_tree_has_hsp_endpoint); algorithm/blastn/interval_tree.rs:538(interval_tree_has_hsp_endpoint); algorithm/blastn/interval_tree.rs:551(add_hsp); algorithm/blastn/interval_tree.rs:556(add_hsp); algorithm/blastn/interval_tree.rs:574(add_hsp); algorithm/blastn/interval_tree.rs:588(add_hsp)
c++/src/algo/blast/core/blast_itree.c	BlastIntervalTreeAddHSP	510	795	28	algorithm/blastn/blast_engine/mod.rs:306(filter_hsps); algorithm/blastn/blast_engine/run.rs:12140(search_query_batch); algorithm/blastn/interval_tree.rs:68(new_internal); algorithm/blastn/interval_tree.rs:594(add_hsp); algorithm/blastn/interval_tree.rs:600(add_hsp_compat); algorithm/blastn/interval_tree.rs:623(add_hsp_compat); algorithm/blastn/interval_tree.rs:636(add_hsp_compat); algorithm/blastn/interval_tree.rs:658(add_hsp_internal); algorithm/blastn/interval_tree.rs:672(add_hsp_internal); algorithm/blastn/interval_tree.rs:674(add_hsp_internal); algorithm/blastn/interval_tree.rs:680(add_hsp_internal); algorithm/blastn/interval_tree.rs:699(add_hsp_internal); algorithm/blastn/interval_tree.rs:701(add_hsp_internal); algorithm/blastn/interval_tree.rs:713(add_hsp_internal); algorithm/blastn/interval_tree.rs:732(split_and_insert); algorithm/blastn/interval_tree.rs:734(split_and_insert); algorithm/blastn/interval_tree.rs:746(split_and_insert); algorithm/blastn/interval_tree.rs:753(split_and_insert); algorithm/blastn/interval_tree.rs:760(split_and_insert); algorithm/blastn/interval_tree.rs:784(split_and_insert); algorithm/blastn/interval_tree.rs:793(split_and_insert); algorithm/blastn/interval_tree.rs:801(split_and_insert); algorithm/blastn/interval_tree.rs:813(split_and_insert); algorithm/blastn/interval_tree.rs:843(split_and_insert); algorithm/blastn/interval_tree.rs:849(split_and_insert); algorithm/blastn/interval_tree.rs:863(contains_hsp); algorithm/blastn/interval_tree.rs:866(contains_hsp); algorithm/blastn/interval_tree.rs:889(contains_hsp)
c++/src/algo/blast/core/blast_itree.c	s_HSPIsContained	809	847	10	algorithm/blastn/interval_tree.rs:79(new_internal); algorithm/blastn/interval_tree.rs:82(new_internal); algorithm/blastn/interval_tree.rs:1174(is_hsp_contained); algorithm/blastn/interval_tree.rs:1189(is_hsp_contained); algorithm/blastn/interval_tree.rs:1195(contained_in_hsp); algorithm/blastn/interval_tree.rs:1220(contained_in_hsp); algorithm/blastn/interval_tree.rs:1225(contained_in_hsp); algorithm/blastn/interval_tree.rs:1433(test_interval_tree_containment_uses_subject_frame_sign); algorithm/blastn/interval_tree.rs:1451(test_containing_hsp_reports_ncbi_score_and_endpoint_semantics); algorithm/blastn/interval_tree.rs:1488(test_containment_respects_query_context_and_diag_separation)
c++/src/algo/blast/core/blast_itree.c	s_MidpointTreeContainsHSP	864	927	1	algorithm/blastn/interval_tree.rs:1089(midpoint_tree_containing_hsp)
c++/src/algo/blast/core/blast_itree.c	BlastIntervalTreeContainsHSP	930	995	9	algorithm/blastn/interval_tree.rs:895(contains_hsp); algorithm/blastn/interval_tree.rs:934(containing_hsp); algorithm/blastn/interval_tree.rs:943(containing_hsp); algorithm/blastn/interval_tree.rs:948(containing_hsp); algorithm/blastn/interval_tree.rs:955(contains_hsp_recursive); algorithm/blastn/interval_tree.rs:959(contains_hsp_recursive); algorithm/blastn/interval_tree.rs:973(contains_hsp_recursive); algorithm/blastn/interval_tree.rs:986(contains_hsp_recursive); algorithm/blastn/interval_tree.rs:999(contains_hsp_recursive)
c++/src/algo/blast/core/blast_itree.h	<BlastIntervalTree>	74	80	1	algorithm/blastn/interval_tree.rs:129(new)
c++/src/algo/blast/core/blast_itree.h	<EITreeIndexMethod>	83	89	1	algorithm/blastn/interval_tree.rs:15(<module>)
c++/src/algo/blast/core/blast_kappa.c	s_ExtendRight	944	1019	3	utils/seg.rs:1070(test_mask_sequence_matches_ncbi_segmasker_bdt63528); utils/seg.rs:1099(test_mask_sequence_matches_ncbi_segmasker_bdt63573); utils/seg.rs:1131(test_mask_sequence_matches_ncbi_segmasker_bdt63533)
c++/src/algo/blast/core/blast_kappa.c	s_DoSegSequenceData	1414	1456	2	utils/seg.rs:1168(test_mask_sequence_matches_ncbi_segmasker_bdt63510); utils/seg.rs:1381(test_mask_sequence_matches_ncbi_segmasker_bdt63134)
c++/src/algo/blast/core/blast_lookup.c	BlastLookupAddWordHit	33	77	3	algorithm/blastn/lookup.rs:1156(build_pv_direct_lookup); algorithm/blastn/lookup.rs:1646(build_mb_lookup); algorithm/blastn/lookup.rs:1848(build_direct_lookup)
c++/src/algo/blast/core/blast_lookup.c	BlastLookupIndexQueryExactMatches	79	132	10	algorithm/blastn/lookup.rs:905(build_unmasked_ranges); algorithm/blastn/lookup.rs:1043(build_pv_direct_lookup); algorithm/blastn/lookup.rs:1052(build_pv_direct_lookup); algorithm/blastn/lookup.rs:1072(build_pv_direct_lookup); algorithm/blastn/lookup.rs:1189(build_pv_direct_lookup); algorithm/blastn/lookup.rs:1348(build_na_lookup); algorithm/blastn/lookup.rs:1448(build_na_lookup); algorithm/blastn/lookup.rs:1797(build_direct_lookup); algorithm/blastn/lookup.rs:1805(build_direct_lookup); algorithm/blastn/lookup.rs:1822(build_direct_lookup)
c++/src/algo/blast/core/blast_message.c	<file scope>	0	0	1	report/query_warnings.rs:62(invalid_query_warning)
c++/src/algo/blast/core/blast_nalookup.c	BlastChooseNaLookupTable	40	186	5	algorithm/blastn/blast_engine/run.rs:6574(search_query_batch); algorithm/blastn/coordination.rs:303(configure_task); algorithm/blastn/coordination.rs:337(choose_na_lookup_table); algorithm/blastn/coordination.rs:494(read_sequences); algorithm/blastn/lookup.rs:6(encode_kmer)
c++/src/algo/blast/core/blast_nalookup.c	s_BlastSmallNaLookupFinalize	197	321	2	algorithm/blastn/blast_engine/run.rs:6614(search_query_batch); algorithm/blastn/lookup.rs:1652(build_two_stage_lookup)
c++/src/algo/blast/core/blast_nalookup.c	BlastSmallNaLookupTableNew	378	421	4	algorithm/blastn/blast_engine/run.rs:3909(compute_lookup_query_stats); algorithm/blastn/blast_engine/run.rs:7809(search_query_batch); algorithm/blastn/coordination.rs:516(read_sequences); algorithm/blastn/lookup.rs:1813(build_direct_lookup)
c++/src/algo/blast/core/blast_nalookup.c	s_BlastNaLookupFinalize	442	546	2	algorithm/blastn/lookup.rs:1387(build_na_lookup); algorithm/blastn/lookup.rs:1660(build_two_stage_lookup)
c++/src/algo/blast/core/blast_nalookup.c	BlastNaLookupTableNew	548	584	2	algorithm/blastn/coordination.rs:891(query_masks); algorithm/blastn/lookup.rs:1274(build_na_lookup)
c++/src/algo/blast/core/blast_nalookup.c	s_FillPV	828	898	4	algorithm/blastn/coordination.rs:831(build_lookup_tables); algorithm/blastn/lookup.rs:275(build_db_word_counts); algorithm/blastn/lookup.rs:500(build_query_pv); algorithm/blastn/lookup.rs:540(db_word_count_exceeds)
c++/src/algo/blast/core/blast_nalookup.c	s_FillContigMBTable	948	1111	16	algorithm/blastn/blast_engine/run.rs:8427(search_query_batch); algorithm/blastn/blast_engine/run.rs:9552(search_query_batch); algorithm/blastn/coordination.rs:851(build_lookup_tables); algorithm/blastn/lookup.rs:588(db_word_count_exceeds); algorithm/blastn/lookup.rs:654(has_hits); algorithm/blastn/lookup.rs:1025(build_pv_direct_lookup); algorithm/blastn/lookup.rs:1056(build_pv_direct_lookup); algorithm/blastn/lookup.rs:1092(build_pv_direct_lookup); algorithm/blastn/lookup.rs:1136(build_pv_direct_lookup); algorithm/blastn/lookup.rs:1174(build_pv_direct_lookup); algorithm/blastn/lookup.rs:1215(build_pv_direct_lookup); algorithm/blastn/lookup.rs:1333(build_na_lookup); algorithm/blastn/lookup.rs:1368(build_na_lookup); algorithm/blastn/lookup.rs:1559(build_mb_lookup); algorithm/blastn/lookup.rs:1780(build_direct_lookup); algorithm/blastn/lookup.rs:1871(lowercase_letters_are_complemented_like_uppercase)
c++/src/algo/blast/core/blast_nalookup.c	s_MBCountWordsInSubject_16_1	1121	1181	3	algorithm/blastn/lookup.rs:250(build_db_word_counts); algorithm/blastn/lookup.rs:288(build_db_word_counts); algorithm/blastn/lookup.rs:611(db_word_count_increment)
c++/src/algo/blast/core/blast_nalookup.c	BlastMBLookupTableNew	1227	1368	10	algorithm/blastn/blast_engine/run.rs:6295(search_query_batch); algorithm/blastn/blast_engine/run.rs:6896(search_query_batch); algorithm/blastn/blast_engine/run.rs:6901(search_query_batch); algorithm/blastn/coordination.rs:783(build_lookup_tables); algorithm/blastn/coordination.rs:800(build_lookup_tables); algorithm/blastn/coordination.rs:811(build_lookup_tables); algorithm/blastn/lookup.rs:269(build_db_word_counts); algorithm/blastn/lookup.rs:449(compute_mb_pv_params); algorithm/blastn/lookup.rs:522(build_query_pv); algorithm/blastn/lookup.rs:970(build_pv_direct_lookup)
c++/src/algo/blast/core/blast_nascan.c	s_BlastLookupGetNumHits	41	49	2	algorithm/blastn/blast_engine/run.rs:9283(search_query_batch); algorithm/blastn/lookup.rs:148(get_hits_checked)
c++/src/algo/blast/core/blast_nascan.c	s_BlastNaScanSubject_Any	147	278	17	algorithm/blastn/blast_engine/run.rs:2356(scan_subject_kmers_range); algorithm/blastn/blast_engine/run.rs:2369(scan_subject_kmers_range); algorithm/blastn/blast_engine/run.rs:2411(scan_subject_kmers_range); algorithm/blastn/blast_engine/run.rs:2444(scan_subject_kmers_range); algorithm/blastn/blast_engine/run.rs:7567(search_query_batch); algorithm/blastn/blast_engine/run.rs:7594(search_query_batch); algorithm/blastn/blast_engine/run.rs:7857(search_query_batch); algorithm/blastn/blast_engine/run.rs:7990(search_query_batch); algorithm/blastn/blast_engine/run.rs:9053(search_query_batch); algorithm/blastn/blast_engine/run.rs:9070(search_query_batch); algorithm/blastn/blast_engine/run.rs:9095(search_query_batch); algorithm/blastn/blast_engine/run.rs:9169(search_query_batch); algorithm/blastn/blast_engine/run.rs:9211(search_query_batch); algorithm/blastn/blast_engine/run.rs:9236(search_query_batch); algorithm/blastn/blast_engine/run.rs:9266(search_query_batch); algorithm/blastn/blast_engine/run.rs:9387(search_query_batch); algorithm/blastn/blast_engine/run.rs:10097(search_query_batch)
c++/src/algo/blast/core/blast_nascan.c	s_BlastMBLookupHasHits	1386	1396	2	algorithm/blastn/lookup.rs:697(get_hits_checked); algorithm/blastn/lookup.rs:756(has_hits)
c++/src/algo/blast/core/blast_nascan.c	s_BlastMBLookupRetrieve	1406	1420	7	algorithm/blastn/blast_engine/run.rs:9139(search_query_batch); algorithm/blastn/blast_engine/run.rs:9314(search_query_batch); algorithm/blastn/lookup.rs:207(get); algorithm/blastn/lookup.rs:681(get_hits); algorithm/blastn/lookup.rs:768(for_each_hit); algorithm/blastn/lookup.rs:1118(build_pv_direct_lookup); algorithm/blastn/lookup.rs:1127(build_pv_direct_lookup)
c++/src/algo/blast/core/blast_nascan.c	s_MBScanSubject_Any	1447	1626	4	algorithm/blastn/blast_engine/run.rs:1074(scan_subject_kmers_range_mb_any); algorithm/blastn/blast_engine/run.rs:2477(determine_scanning_offsets); algorithm/blastn/blast_engine/run.rs:7890(search_query_batch); algorithm/blastn/blast_engine/run.rs:9116(search_query_batch)
c++/src/algo/blast/core/blast_nascan.c	s_MBScanSubject_9_1	1639	1702	1	algorithm/blastn/blast_engine/run.rs:1208(scan_subject_kmers_range_mb_9_1)
c++/src/algo/blast/core/blast_nascan.c	s_MBScanSubject_9_2	1715	1755	1	algorithm/blastn/blast_engine/run.rs:1318(scan_subject_kmers_range_mb_9_2)
c++/src/algo/blast/core/blast_nascan.c	s_MBScanSubject_10_1	1768	1832	1	algorithm/blastn/blast_engine/run.rs:1409(scan_subject_kmers_range_mb_10_1)
c++/src/algo/blast/core/blast_nascan.c	s_MBScanSubject_10_2	1845	1885	1	algorithm/blastn/blast_engine/run.rs:1525(scan_subject_kmers_range_mb_10_2)
c++/src/algo/blast/core/blast_nascan.c	s_MBScanSubject_10_3	1898	1965	1	algorithm/blastn/blast_engine/run.rs:1616(scan_subject_kmers_range_mb_10_3)
c++/src/algo/blast/core/blast_nascan.c	s_MBScanSubject_11_1Mod4	1978	2042	1	algorithm/blastn/blast_engine/run.rs:1788(scan_subject_kmers_range_mb_11_1mod4)
c++/src/algo/blast/core/blast_nascan.c	s_MBScanSubject_11_2Mod4	2055	2107	1	algorithm/blastn/blast_engine/run.rs:1921(scan_subject_kmers_range_mb_11_2mod4)
c++/src/algo/blast/core/blast_nascan.c	s_MBScanSubject_11_3Mod4	2120	2189	1	algorithm/blastn/blast_engine/run.rs:2021(scan_subject_kmers_range_mb_11_3mod4)
c++/src/algo/blast/core/blast_nascan.c	s_MBChooseScanSubject	2602	2680	2	algorithm/blastn/blast_engine/run.rs:2215(choose_mb_scan_subject_kind); algorithm/blastn/blast_engine/run.rs:2265(select_mb_scan_kind)
c++/src/algo/blast/core/blast_nascan.c	BlastChooseNucleotideScanSubjectAny	2994	3007	1	algorithm/blastn/blast_engine/run.rs:2294(select_mb_scan_kind)
c++/src/algo/blast/core/blast_options.c	BlastScoringOptionsValidate	861	953	2	algorithm/blastn/scoring.rs:24(scoring_spec); stats/tables.rs:663(protein_scoring_supported)
c++/src/algo/blast/core/blast_options.c	LookupTableOptionsValidate	1283	1430	1	algorithm/blastn/scoring.rs:42(check_scoring_options)
c++/src/algo/blast/core/blast_options.c	BLAST_FillHitSavingOptions	1481	1502	1	algorithm/blastn/blast_engine/mod.rs:258(filter_hsps)
c++/src/algo/blast/core/blast_options.c	BlastHitSavingOptionsValidate	1504	1552	1	algorithm/blastn/scoring.rs:50(check_scoring_options)
c++/src/algo/blast/core/blast_options.c	s_BlastExtensionScoringOptionsValidate	1691	1746	1	algorithm/blastn/scoring.rs:59(check_scoring_options)
c++/src/algo/blast/core/blast_options.c	BLAST_ValidateOptions	1749	1812	1	algorithm/blastn/scoring.rs:72(check_scoring_options)
c++/src/algo/blast/core/blast_parameters.c	s_BlastFindSmallestLambda	91	116	1	algorithm/blastn/scoring.rs:359(gap_x_dropoffs)
c++/src/algo/blast/core/blast_parameters.c	BlastInitialWordParametersNew	158	277	4	algorithm/blastn/blast_engine/run.rs:7178(search_query_batch); algorithm/blastn/blast_engine/run.rs:7191(search_query_batch); algorithm/blastn/blast_engine/run.rs:7655(search_query_batch); algorithm/blastn/extension.rs:31(build_nucl_score_table)
c++/src/algo/blast/core/blast_parameters.c	BlastInitialWordParametersUpdate	279	419	14	algorithm/blastn/blast_engine/run.rs:104(fasta_defline); algorithm/blastn/blast_engine/run.rs:6749(search_query_batch); algorithm/blastn/blast_engine/run.rs:7417(search_query_batch); algorithm/blastn/blast_engine/run.rs:7465(search_query_batch); algorithm/blastn/blast_engine/run.rs:7478(search_query_batch); algorithm/blastn/blast_engine/run.rs:7500(search_query_batch); algorithm/blastn/constants.rs:43(<module>); algorithm/blastn/constants.rs:44(<module>); algorithm/blastn/ncbi_cutoffs.rs:35(gap_trigger_raw_score); algorithm/blastn/ncbi_cutoffs.rs:115(cutoff_score_for_ungapped_extension); algorithm/blastn/ncbi_cutoffs.rs:197(compute_blastn_cutoff_score_ungapped); algorithm/blastn/ncbi_cutoffs.rs:308(compute_blastn_cutoff_score); algorithm/blastn/ncbi_cutoffs.rs:323(compute_blastn_cutoff_score); algorithm/blastn/ncbi_cutoffs.rs:374(test_gap_trigger_raw_score)
c++/src/algo/blast/core/blast_parameters.c	BlastExtensionParametersNew	422	490	2	algorithm/blastn/blast_engine/run.rs:7149(search_query_batch); algorithm/blastn/scoring.rs:370(gap_x_dropoffs)
c++/src/algo/blast/core/blast_parameters.c	BlastHitSavingParametersUpdate	830	994	5	algorithm/blastn/blast_engine/run.rs:7456(search_query_batch); algorithm/blastn/blast_engine/run.rs:10881(search_query_batch); algorithm/blastn/ncbi_cutoffs.rs:60(cutoff_score_max_from_evalue); algorithm/blastn/ncbi_cutoffs.rs:320(compute_blastn_cutoff_score); algorithm/blastn/ncbi_cutoffs.rs:368(test_gap_trigger_raw_score)
c++/src/algo/blast/core/blast_query_info.c	BSearchContextInfo	219	243	4	algorithm/blastn/blast_engine/run.rs:3755(new); algorithm/blastn/blast_engine/run.rs:3778(context_for_offset); algorithm/blastn/blast_engine/run.rs:3806(context_for_offset); algorithm/blastn/blast_engine/run.rs:3821(bsearch_context_info)
c++/src/algo/blast/core/blast_query_info.c	QueryInfo_GetSeqBufLen	245	250	1	algorithm/blastn/blast_engine/run.rs:6502(search_query_batch)
c++/src/algo/blast/core/blast_seg.c	<Alpha>	1324	1331	1	utils/seg.rs:94(aa20alpha_std)
c++/src/algo/blast/core/blast_seg.c	<SSequence>	1335	1349	1	utils/seg.rs:148(open)
c++/src/algo/blast/core/blast_seg.c	s_OpenWin	1551	1584	1	utils/seg.rs:601(calculate_entropy)
c++/src/algo/blast/core/blast_seg.c	s_DecrementSV	1636	1648	1	utils/seg.rs:288(decrement_sv)
c++/src/algo/blast/core/blast_seg.c	s_SeqEntropy	1753	1801	1	utils/seg.rs:617(calculate_entropy_array)
c++/src/algo/blast/core/blast_seg.c	s_LnPerm	1867	1882	1	utils/seg.rs:344(ln_ass)
c++/src/algo/blast/core/blast_seg.c	s_LnAss	1892	1933	1	utils/seg.rs:363(ln_ass)
c++/src/algo/blast/core/blast_seg.c	s_Trim	1973	2018	1	utils/seg.rs:750(mask_sequence)
c++/src/algo/blast/core/blast_seg.c	s_SegSeq	2029	2116	1	utils/seg.rs:848(seg_seq)
c++/src/algo/blast/core/blast_seg.c	s_MergeSegs	2124	2155	6	utils/seg.rs:880(merge_segs_inclusive); utils/seg.rs:900(merge_segs_inclusive); utils/seg.rs:930(fasta_sequence_by_id); utils/seg.rs:1322(test_mask_sequence_matches_ncbi_core_bdv02435_1_query_defaults); utils/seg.rs:1498(test_merge_segs_inclusive_matches_ncbi_overlap_merge); utils/seg.rs:1510(test_merge_segs_independent_ncbi_boundary_oracle)
c++/src/algo/blast/core/blast_seg.c	s_AA20alphaStd	2188	2222	1	utils/seg.rs:67(seg_alpha_index_ncbistdaa)
c++/src/algo/blast/core/blast_seg.c	SeqBufferSeg	2281	2336	1	utils/seg.rs:887(merge_segs_inclusive)
c++/src/algo/blast/core/blast_setup.c	Blast_ScoreBlkKbpGappedCalc	40	128	1	algorithm/blastn/scoring.rs:316(context_blocks)
c++/src/algo/blast/core/blast_setup.c	Blast_ScoreBlkMatrixInit	329	393	3	algorithm/blastn/pairwise.rs:287(query_ungapped_karlin); stats/karlin_calc.rs:116(compute_std_aa_composition); stats/karlin_calc.rs:835(test_compute_std_aa_composition)
c++/src/algo/blast/core/blast_setup.c	BlastSetup_ScoreBlkInit	455	532	1	report/pairwise.rs:1901(write_nucleotide_query_footer)
c++/src/algo/blast/core/blast_setup.c	BLAST_MainSetUp	563	667	1	algorithm/blastn/blast_engine/run.rs:6535(search_query_batch)
c++/src/algo/blast/core/blast_setup.c	s_GetEffectiveSearchSpaceForContext	676	697	1	algorithm/blastn/blast_engine/run.rs:6820(search_query_batch)
c++/src/algo/blast/core/blast_setup.c	BLAST_CalcEffLengths	699	850	5	algorithm/blastn/blast_engine/run.rs:6787(search_query_batch); algorithm/blastn/blast_engine/run.rs:6797(search_query_batch); algorithm/blastn/blast_engine/run.rs:6827(search_query_batch); algorithm/blastn/ncbi_cutoffs.rs:158(compute_eff_lengths_subject_mode_blastn); algorithm/blastn/ncbi_cutoffs.rs:362(test_gap_trigger_raw_score)
c++/src/algo/blast/core/blast_setup.c	BlastSeqLoc_RestrictToInterval	1029	1062	1	algorithm/blastn/query_split.rs:596(restrict_masks)
c++/src/algo/blast/core/blast_stat.c	<file scope>	0	0	16	stats/karlin_calc.rs:27(<module>); stats/karlin_calc.rs:850(test_compute_score_freq_profile); stats/spouge.rs:56(lookup_protein_gumbel_params); stats/tables.rs:78(to_karlin_params); stats/tables.rs:83(to_karlin_params); stats/tables.rs:90(to_karlin_params); stats/tables.rs:100(to_karlin_params); stats/tables.rs:112(to_karlin_params); stats/tables.rs:123(to_karlin_params); stats/tables.rs:135(to_karlin_params); stats/tables.rs:147(to_karlin_params); stats/tables.rs:164(to_karlin_params); stats/tables.rs:177(to_karlin_params); stats/tables.rs:187(to_karlin_params); stats/tables.rs:199(to_karlin_params); stats/tables.rs:203(to_karlin_params)
c++/src/algo/blast/core/blast_stat.c	#define BLAST_SCORE_RANGE_MAX	56	56	1	stats/karlin_calc.rs:17(<module>)
c++/src/algo/blast/core/blast_stat.c	BlastScoreBlkNuclMatrixCreate	1060	1130	8	algorithm/blastn/alignment/gapped.rs:25(blast_nint); algorithm/blastn/alignment/gapped.rs:47(build_blastna_matrix); algorithm/blastn/alignment/gapped.rs:52(build_blastna_matrix); algorithm/blastn/alignment/gapped.rs:66(new); algorithm/blastn/alignment/gapped.rs:84(new); algorithm/blastn/blast_engine/mod.rs:89(filter_hsps); algorithm/blastn/blast_engine/run.rs:7175(search_query_batch); algorithm/blastn/filtering/purge_endpoints.rs:1006(edit_script_consumption)
c++/src/algo/blast/core/blast_stat.c	BlastScoreBlkMaxScoreSet	1499	1531	1	algorithm/blastn/scoring.rs:139(check_greedy_gap_costs)
c++/src/algo/blast/core/blast_stat.c	BlastScoreBlkProteinMatrixLoad	1538	1596	7	core/blast_util.rs:94(ncbistdaa_to_blosum62); utils/matrix.rs:96(ncbistdaa_to_blosum62); utils/matrix.rs:200(aa_char_to_ncbistdaa); utils/matrix.rs:247(build_blosum62_ncbistdaa_direct_scores); utils/matrix.rs:314(blosum62_ncbistdaa_score_row); utils/matrix.rs:671(protein_display_score); utils/matrix.rs:864(test_blosum62_ncbistdaa_direct_matches_generic_for_blastaa_alphabet)
c++/src/algo/blast/core/blast_stat.c	Blast_GetStdAlphabet	1862	1884	1	stats/karlin_calc.rs:42(compute_aa_composition)
c++/src/algo/blast/core/blast_stat.c	Blast_ResFreqStdComp	1886	1917	2	stats/karlin_calc.rs:143(new); stats/karlin_calc.rs:155(new)
c++/src/algo/blast/core/blast_stat.c	BlastResCompStr	1983	2016	3	algorithm/blastn/pairwise.rs:274(query_ungapped_karlin); stats/karlin_calc.rs:103(compute_std_aa_composition); stats/karlin_calc.rs:798(test_compute_aa_composition_excludes_x_from_denominator)
c++/src/algo/blast/core/blast_stat.c	BlastScoreChk	2099	2110	1	stats/karlin_calc.rs:404(blast_score_chk)
c++/src/algo/blast/core/blast_stat.c	BlastScoreFreqCalc	2150	2210	2	algorithm/blastn/scoring.rs:152(check_greedy_gap_costs); stats/karlin_calc.rs:235(score_freq_profile_from_probabilities)
c++/src/algo/blast/core/blast_stat.c	NlmKarlinLambdaNR	2490	2563	1	stats/karlin_calc.rs:466(nlm_karlin_lambda_nr)
c++/src/algo/blast/core/blast_stat.c	Blast_ScoreBlkKbpUngappedCalc	2736	2829	5	algorithm/blastn/blast_engine/run.rs:6675(search_query_batch); algorithm/blastn/blast_engine/run.rs:6703(search_query_batch); algorithm/blastn/pairwise.rs:264(query_ungapped_karlin); algorithm/blastn/scoring.rs:284(context_ungapped_blocks); report/query_warnings.rs:52(invalid_query_warning)
c++/src/algo/blast/core/blast_stat.c	s_SplitArrayOf8	3151	3174	1	stats/tables.rs:431(new)
c++/src/algo/blast/core/blast_stat.c	s_AdjustGapParametersByGcd	3185	3219	1	stats/tables.rs:440(new)
c++/src/algo/blast/core/blast_stat.c	s_GetNuclValuesArray	3237	3372	1	stats/tables.rs:390(ungapped_beta)
c++/src/algo/blast/core/blast_stat.c	Blast_GumbelBlkLoadFromTables	3695	3757	1	stats/spouge.rs:38(lookup_protein_gumbel_params)
c++/src/algo/blast/core/blast_stat.c	Blast_KarlinBlkNuclGappedCalc	3845	3947	1	stats/tables.rs:512(row)
c++/src/algo/blast/core/blast_stat.c	s_GetUngappedBeta	3955	3963	1	stats/tables.rs:366(ungapped_beta)
c++/src/algo/blast/core/blast_stat.c	Blast_GetNuclAlphaBeta	3965	4031	1	stats/tables.rs:588(gapped)
c++/src/algo/blast/core/blast_stat.c	BlastKarlinEtoS_simple	4039	4063	1	core/blast_util.rs:248(ncbi_int4_from_double)
c++/src/algo/blast/core/blast_stat.c	BLAST_GapDecayDivisor	4078	4082	1	stats/sum_statistics.rs:346(ln_factorial)
c++/src/algo/blast/core/blast_stat.c	BLAST_KarlinStoE_simple	4156	4171	2	algorithm/blastn/blast_engine/run.rs:186(calculate_blastn_context_statistics); algorithm/blastn/filtering/purge_endpoints.rs:2202(reevaluate_hsp_with_ambiguities_gapped_ex)
c++/src/algo/blast/core/blast_stat.c	BLAST_SpougeStoE	5175	5233	2	stats/spouge.rs:397(blast_spouge_stoe); stats/spouge.rs:645(test_blast_spouge_stoe_matches_ncbi_formula_for_representative_tail_inputs)
c++/src/algo/blast/core/blast_stat.c	BLAST_SpougeEtoS	5235	5269	2	stats/spouge.rs:458(blast_spouge_etos); stats/spouge.rs:689(test_blast_spouge_etos_matches_ncbi_formula_for_representative_evalues)
c++/src/algo/blast/core/blast_traceback.c	s_HSPListPostTracebackUpdate	198	253	7	algorithm/blastn/blast_engine/run.rs:11704(search_query_batch); algorithm/blastn/blast_engine/run.rs:11725(search_query_batch); algorithm/blastn/blast_engine/run.rs:12264(search_query_batch); algorithm/blastn/blast_engine/run.rs:12314(search_query_batch); algorithm/blastn/filtering/purge_endpoints.rs:1671(blast_hsp_test_identity_and_length); algorithm/blastn/filtering/purge_endpoints.rs:1783(reevaluate_hsp_with_ambiguities_gapped_ex); algorithm/blastn/filtering/purge_endpoints.rs:2178(reevaluate_hsp_with_ambiguities_gapped_ex)
c++/src/algo/blast/core/blast_traceback.c	Blast_TracebackFromHSPList	258	723	75	algorithm/blastn/alignment/gapped.rs:563(blast_get_start_for_gapped_alignment_nucl); algorithm/blastn/alignment/greedy.rs:3755(non_affine_fence_retains_written_scratch); algorithm/blastn/blast_engine/mod.rs:42(filter_hsps); algorithm/blastn/blast_engine/mod.rs:49(filter_hsps); algorithm/blastn/blast_engine/mod.rs:129(filter_hsps); algorithm/blastn/blast_engine/mod.rs:146(filter_hsps); algorithm/blastn/blast_engine/mod.rs:158(filter_hsps); algorithm/blastn/blast_engine/mod.rs:170(filter_hsps); algorithm/blastn/blast_engine/mod.rs:177(filter_hsps); algorithm/blastn/blast_engine/mod.rs:213(filter_hsps); algorithm/blastn/blast_engine/mod.rs:223(filter_hsps); algorithm/blastn/blast_engine/mod.rs:237(filter_hsps); algorithm/blastn/blast_engine/mod.rs:250(filter_hsps); algorithm/blastn/blast_engine/mod.rs:274(filter_hsps); algorithm/blastn/blast_engine/run.rs:2999(purge_prelim_hits_with_common_endpoints); algorithm/blastn/blast_engine/run.rs:4130(build_subject_seq_ranges_from_masks); algorithm/blastn/blast_engine/run.rs:4150(new); algorithm/blastn/blast_engine/run.rs:6262(search_query_batch); algorithm/blastn/blast_engine/run.rs:6972(search_query_batch); algorithm/blastn/blast_engine/run.rs:7050(search_query_batch); algorithm/blastn/blast_engine/run.rs:7604(search_query_batch); algorithm/blastn/blast_engine/run.rs:10194(search_query_batch); algorithm/blastn/blast_engine/run.rs:10914(search_query_batch); algorithm/blastn/blast_engine/run.rs:10931(search_query_batch); algorithm/blastn/blast_engine/run.rs:10947(search_query_batch); algorithm/blastn/blast_engine/run.rs:10981(search_query_batch); algorithm/blastn/blast_engine/run.rs:10996(search_query_batch); algorithm/blastn/blast_engine/run.rs:11043(search_query_batch); algorithm/blastn/blast_engine/run.rs:11071(search_query_batch); algorithm/blastn/blast_engine/run.rs:11086(search_query_batch); algorithm/blastn/blast_engine/run.rs:11100(search_query_batch); algorithm/blastn/blast_engine/run.rs:11110(search_query_batch); algorithm/blastn/blast_engine/run.rs:11127(search_query_batch); algorithm/blastn/blast_engine/run.rs:11163(search_query_batch); algorithm/blastn/blast_engine/run.rs:11182(search_query_batch); algorithm/blastn/blast_engine/run.rs:11213(search_query_batch); algorithm/blastn/blast_engine/run.rs:11230(search_query_batch); algorithm/blastn/blast_engine/run.rs:11275(search_query_batch); algorithm/blastn/blast_engine/run.rs:11344(search_query_batch); algorithm/blastn/blast_engine/run.rs:11350(search_query_batch); algorithm/blastn/blast_engine/run.rs:11426(search_query_batch); algorithm/blastn/blast_engine/run.rs:11489(search_query_batch); algorithm/blastn/blast_engine/run.rs:11549(search_query_batch); algorithm/blastn/blast_engine/run.rs:11563(search_query_batch); algorithm/blastn/blast_engine/run.rs:11592(search_query_batch); algorithm/blastn/blast_engine/run.rs:11601(search_query_batch); algorithm/blastn/blast_engine/run.rs:11674(search_query_batch); algorithm/blastn/blast_engine/run.rs:11814(search_query_batch); algorithm/blastn/blast_engine/run.rs:11834(search_query_batch); algorithm/blastn/blast_engine/run.rs:11854(search_query_batch); algorithm/blastn/blast_engine/run.rs:11868(search_query_batch); algorithm/blastn/blast_engine/run.rs:11895(search_query_batch); algorithm/blastn/blast_engine/run.rs:11919(search_query_batch); algorithm/blastn/blast_engine/run.rs:11940(search_query_batch); algorithm/blastn/blast_engine/run.rs:12015(search_query_batch); algorithm/blastn/blast_engine/run.rs:12048(search_query_batch); algorithm/blastn/blast_engine/run.rs:12069(search_query_batch); algorithm/blastn/blast_engine/run.rs:12087(search_query_batch); algorithm/blastn/blast_engine/run.rs:12106(search_query_batch); algorithm/blastn/blast_engine/run.rs:12117(search_query_batch); algorithm/blastn/blast_engine/run.rs:12133(search_query_batch); algorithm/blastn/blast_engine/run.rs:12168(search_query_batch); algorithm/blastn/blast_engine/run.rs:12250(search_query_batch); algorithm/blastn/blast_engine/run.rs:12332(search_query_batch); algorithm/blastn/blast_engine/run.rs:12341(search_query_batch); algorithm/blastn/blast_engine/run.rs:13225(speculative_traceback_preserves_ordered_gapped_hsps); algorithm/blastn/blast_engine/run.rs:13324(query_prelim_hit); algorithm/blastn/filtering/purge_endpoints.rs:440(purge_hsps_with_common_endpoints_ex); algorithm/blastn/filtering/purge_endpoints.rs:1580(blast_hsp_test_identity_and_length); algorithm/blastn/filtering/purge_endpoints.rs:1612(blast_hsp_test_identity_and_length); algorithm/blastn/filtering/purge_endpoints.rs:1771(reevaluate_hsp_with_ambiguities_gapped_ex); algorithm/blastn/mod.rs:17(<module>); algorithm/blastn/tracing.rs:67(config); algorithm/blastn/tracing.rs:264(should_trace_subject); algorithm/blastn/tracing.rs:369(log)
c++/src/algo/blast/core/blast_traceback.c	s_FilterBlastResults	836	868	2	algorithm/blastn/blast_engine/run.rs:4169(new); algorithm/blastn/blast_engine/run.rs:4608(post_process_hits_and_write)
c++/src/algo/blast/core/blast_traceback.c	s_BlastPruneExtraHits	877	893	5	algorithm/blastn/blast_engine/run.rs:4077(build_subject_seq_ranges_from_masks); algorithm/blastn/blast_engine/run.rs:4652(post_process_hits_and_write); algorithm/blastn/blast_engine/run.rs:4715(post_process_hits_and_write); algorithm/blastn/hsp.rs:1103(prune_by_size); algorithm/blastn/hsp.rs:1567(hit_list_sort_purges_empty_lists_and_prune_caps_the_size)
c++/src/algo/blast/core/blast_traceback.c	BLAST_ComputeTraceback_MT	1435	1786	1	algorithm/blastn/blast_engine/run.rs:12390(search_query_batch)
c++/src/algo/blast/core/blast_util.c	BlastSeqBlkSetSeqRanges	181	218	1	algorithm/blastn/blast_engine/run.rs:4041(build_subject_seq_ranges_from_masks)
c++/src/algo/blast/core/blast_util.c	BlastCompressBlastnaSequence	458	502	3	algorithm/blastn/extension.rs:287(build_compressed_query); algorithm/blastn/extension.rs:609(ncbi_compress); core/blast_encoding.rs:436(encode_iupac_to_ncbi2na)
c++/src/algo/blast/core/blast_util.c	GetReverseNuclSequence	807	837	6	algorithm/blastn/alignment/gapped.rs:1205(extend_gapped_one_direction_with_scratch); algorithm/blastn/alignment/gapped.rs:1647(get_s); algorithm/blastn/alignment/gapped.rs:2211(extend_gapped_one_direction_with_traceback_with_scratch); algorithm/blastn/alignment/gapped.rs:2661(get_s); algorithm/blastn/blast_engine/run.rs:7605(search_query_batch); algorithm/blastn/lookup.rs:60(reverse_complement)
c++/src/algo/blast/core/blast_util.c	BLAST_ContextToFrame	839	868	1	algorithm/blastn/blast_engine/run.rs:6449(search_query_batch)
c++/src/algo/blast/core/gapinfo.c	GapPrelimEditBlockAdd	174	185	2	algorithm/blastn/alignment/gapped.rs:279(gap_edit_ops_add); algorithm/blastn/alignment/greedy.rs:528(add)
c++/src/algo/blast/core/gapinfo.c	GapPrelimEditBlockNew	187	199	1	algorithm/blastn/alignment/greedy.rs:512(new)
c++/src/algo/blast/core/gapinfo.c	GapPrelimEditBlockReset	212	219	1	algorithm/blastn/alignment/greedy.rs:521(reset)
c++/src/algo/blast/core/gapinfo.c	GapPrelimEditBlockAppend	221	232	1	algorithm/blastn/alignment/greedy.rs:548(append)
c++/src/algo/blast/core/greedy_align.c	s_RefreshMBSpace	70	77	1	algorithm/blastn/alignment/greedy.rs:437(row_pair_mut)
c++/src/algo/blast/core/greedy_align.c	s_GetMBSpace	99	126	1	algorithm/blastn/alignment/greedy.rs:485(new)
c++/src/algo/blast/core/greedy_align.c	s_GetNextAffineTbackFromMatch	148	179	1	algorithm/blastn/alignment/greedy.rs:2329(get_next_affine_tback_from_match)
c++/src/algo/blast/core/greedy_align.c	s_GetNextAffineTbackFromIndel	198	258	1	algorithm/blastn/alignment/greedy.rs:2370(get_next_affine_tback_from_indel)
c++/src/algo/blast/core/greedy_align.c	s_GetNextNonAffineTback	275	294	1	algorithm/blastn/alignment/greedy.rs:2419(get_next_non_affine_tback)
c++/src/algo/blast/core/greedy_align.c	s_FindFirstMismatch	313	376	5	algorithm/blastn/alignment/greedy.rs:2229(ncbi2na_unpack_base); algorithm/blastn/alignment/greedy.rs:2236(find_first_mismatch_greedy); algorithm/blastn/alignment/greedy.rs:2237(find_first_mismatch_greedy); algorithm/blastn/alignment/greedy.rs:2277(get_next_affine_tback_from_match); algorithm/blastn/sequence_compare.rs:3(compare_28mer_simd)
c++/src/algo/blast/core/greedy_align.c	BLAST_GreedyAlign	380	752	24	algorithm/blastn/alignment/greedy.rs:294(from_base); algorithm/blastn/alignment/greedy.rs:306(from_base); algorithm/blastn/alignment/greedy.rs:318(from_base); algorithm/blastn/alignment/greedy.rs:451(row_pair_mut); algorithm/blastn/alignment/greedy.rs:822(greedy_align_one_direction_with_max_dist); algorithm/blastn/alignment/greedy.rs:835(greedy_align_one_direction_with_max_dist); algorithm/blastn/alignment/greedy.rs:920(greedy_align_one_direction_with_max_dist); algorithm/blastn/alignment/greedy.rs:954(greedy_align_one_direction_with_max_dist); algorithm/blastn/alignment/greedy.rs:1036(greedy_align_one_direction_with_max_dist); algorithm/blastn/alignment/greedy.rs:1065(greedy_align_one_direction_with_max_dist); algorithm/blastn/alignment/greedy.rs:2445(blast_greedy_align); algorithm/blastn/alignment/greedy.rs:2499(blast_greedy_align); algorithm/blastn/alignment/greedy.rs:2529(blast_greedy_align); algorithm/blastn/alignment/greedy.rs:2582(blast_greedy_align); algorithm/blastn/alignment/greedy.rs:2594(blast_greedy_align); algorithm/blastn/alignment/greedy.rs:2612(blast_greedy_align); algorithm/blastn/alignment/greedy.rs:2659(blast_greedy_align); algorithm/blastn/alignment/greedy.rs:2717(blast_greedy_align); algorithm/blastn/alignment/greedy.rs:2728(blast_greedy_align); algorithm/blastn/alignment/greedy.rs:2739(blast_greedy_align); algorithm/blastn/alignment/greedy.rs:2767(blast_greedy_align); algorithm/blastn/alignment/greedy.rs:3785(non_affine_fence_retains_written_scratch); algorithm/blastn/alignment/greedy.rs:3939(test_greedy_reverse_and_empty_boundary_cases); algorithm/blastn/alignment/greedy.rs:3970(test_greedy_reverse_and_empty_boundary_cases)
c++/src/algo/blast/core/greedy_align.c	BLAST_AffineGreedyAlign	755	1250	17	algorithm/blastn/alignment/greedy.rs:172(slot); algorithm/blastn/alignment/greedy.rs:1157(affine_greedy_align_one_direction_with_max_dist); algorithm/blastn/alignment/greedy.rs:1184(affine_greedy_align_one_direction_with_max_dist); algorithm/blastn/alignment/greedy.rs:1277(affine_greedy_align_one_direction_with_max_dist); algorithm/blastn/alignment/greedy.rs:1349(affine_greedy_align_one_direction_with_max_dist); algorithm/blastn/alignment/greedy.rs:1385(affine_greedy_align_one_direction_with_max_dist); algorithm/blastn/alignment/greedy.rs:1445(affine_greedy_align_one_direction_with_max_dist); algorithm/blastn/alignment/greedy.rs:1495(affine_greedy_align_one_direction_with_max_dist); algorithm/blastn/alignment/greedy.rs:1559(affine_greedy_align_one_direction_with_max_dist); algorithm/blastn/alignment/greedy.rs:1580(affine_greedy_align_one_direction_with_max_dist); algorithm/blastn/alignment/greedy.rs:1614(affine_greedy_align_one_direction_with_max_dist); algorithm/blastn/alignment/greedy.rs:1637(affine_greedy_align_one_direction_with_max_dist); algorithm/blastn/alignment/greedy.rs:2838(blast_affine_greedy_align); algorithm/blastn/alignment/greedy.rs:2914(blast_affine_greedy_align); algorithm/blastn/alignment/greedy.rs:2920(blast_affine_greedy_align); algorithm/blastn/alignment/greedy.rs:2926(blast_affine_greedy_align); algorithm/blastn/alignment/greedy.rs:3145(blast_affine_greedy_align)
c++/src/algo/blast/core/hspfilter_collector.c	s_BlastHSPCollectorRun	81	168	3	algorithm/blastn/blast_engine/run.rs:3460(collect_prelim_hit_lists); algorithm/blastn/blast_engine/run.rs:4407(update_hitlists_with_subject_hits); algorithm/blastn/blast_engine/run.rs:13396(the_collector_keeps_prelim_hitlist_size_subjects_per_query)
c++/src/algo/blast/core/lookup_util.c	ilog2	70	82	1	algorithm/blastn/lookup.rs:424(ilog2)
c++/src/algo/blast/core/lookup_util.c	EstimateNumTableEntries	189	204	2	algorithm/blastn/blast_engine/run.rs:3898(compute_lookup_query_stats); algorithm/blastn/blast_engine/run.rs:3962(reverse_mask_intervals)
c++/src/algo/blast/core/lookup_wrap.c	GetOffsetArraySize	255	289	5	algorithm/blastn/blast_engine/run.rs:3643(new); algorithm/blastn/blast_engine/run.rs:3719(new); algorithm/blastn/blast_engine/run.rs:6945(search_query_batch); algorithm/blastn/blast_engine/run.rs:9153(search_query_batch); algorithm/blastn/lookup.rs:858(longest_chain)
c++/src/algo/blast/core/masksubj.inl	s_DetermineScanningOffsets	42	59	1	algorithm/blastn/blast_engine/run.rs:2496(determine_scanning_offsets)
c++/src/algo/blast/core/na_ungapped.c	<file scope>	0	0	5	algorithm/blastn/blast_engine/run.rs:921(adjust_blastn_offsets); algorithm/blastn/extension.rs:335(exact_match_extend_left); algorithm/blastn/extension.rs:343(exact_match_extend_left); algorithm/blastn/extension.rs:567(exact_match_counts_are_ncbi_tables); algorithm/blastn/extension.rs:582(exact_match_counts_are_ncbi_tables)
c++/src/algo/blast/core/na_ungapped.c	s_MBLookup	47	70	2	algorithm/blastn/blast_engine/run.rs:2320(mask_lookup_index); algorithm/blastn/blast_engine/run.rs:8401(search_query_batch)
c++/src/algo/blast/core/na_ungapped.c	s_SmallNaLookup	78	101	1	algorithm/blastn/blast_engine/run.rs:2324(mask_lookup_index)
c++/src/algo/blast/core/na_ungapped.c	s_NaLookup	109	136	2	algorithm/blastn/blast_engine/run.rs:2328(mask_lookup_index); algorithm/blastn/blast_engine/run.rs:9522(search_query_batch)
c++/src/algo/blast/core/na_ungapped.c	s_NuclUngappedExtendExact	148	243	6	algorithm/blastn/blast_engine/run.rs:2834(score_compare_ungapped_hits); algorithm/blastn/blast_engine/run.rs:7607(search_query_batch); algorithm/blastn/blast_engine/run.rs:7690(search_query_batch); algorithm/blastn/extension.rs:82(extend_hit_ungapped_exact_ncbi); algorithm/blastn/extension.rs:148(extend_hit_ungapped_exact_ncbi); algorithm/blastn/extension.rs:200(build_query_four_base_bytes)
c++/src/algo/blast/core/na_ungapped.c	s_NuclUngappedExtend	261	350	9	algorithm/blastn/blast_engine/run.rs:6561(search_query_batch); algorithm/blastn/blast_engine/run.rs:9328(search_query_batch); algorithm/blastn/extension.rs:243(build_query_four_base_bytes); algorithm/blastn/extension.rs:254(every_blastna_word_and_starting_phase_matches_c_uint1_expression); algorithm/blastn/extension.rs:706(extend_hit_ungapped_approx_ncbi); algorithm/blastn/extension.rs:760(extend_hit_ungapped_approx_ncbi); algorithm/blastn/extension.rs:767(extend_hit_ungapped_approx_ncbi); algorithm/blastn/extension.rs:794(extend_hit_ungapped_approx_ncbi); algorithm/blastn/extension.rs:802(extend_hit_ungapped_approx_ncbi)
c++/src/algo/blast/core/na_ungapped.c	s_BlastDiagHashRetrieve	361	382	1	algorithm/blastn/blast_engine/run.rs:775(retrieve)
c++/src/algo/blast/core/na_ungapped.c	s_BlastDiagHashInsert	396	450	1	algorithm/blastn/blast_engine/run.rs:804(insert)
c++/src/algo/blast/core/na_ungapped.c	s_IsSeedMasked	458	490	3	algorithm/blastn/blast_engine/run.rs:993(packed_kmer_at_seed_mask); algorithm/blastn/blast_engine/run.rs:9513(search_query_batch); algorithm/blastn/extension.rs:1010(type_of_word)
c++/src/algo/blast/core/na_ungapped.c	s_TypeOfWord	507	606	12	algorithm/blastn/extension.rs:947(type_of_word); algorithm/blastn/extension.rs:986(type_of_word); algorithm/blastn/extension.rs:992(type_of_word); algorithm/blastn/extension.rs:1020(type_of_word); algorithm/blastn/extension.rs:1032(type_of_word); algorithm/blastn/extension.rs:1046(type_of_word); algorithm/blastn/extension.rs:1060(type_of_word); algorithm/blastn/extension.rs:1081(type_of_word); algorithm/blastn/extension.rs:1099(type_of_word); algorithm/blastn/extension.rs:1129(type_of_word); algorithm/blastn/extension.rs:1182(type_of_word); algorithm/blastn/extension.rs:1195(type_of_word)
c++/src/algo/blast/core/na_ungapped.c	s_BlastnDiagTableExtendInitialHit	630	775	61	algorithm/blastn/blast_engine/run.rs:7693(search_query_batch); algorithm/blastn/blast_engine/run.rs:7724(search_query_batch); algorithm/blastn/blast_engine/run.rs:7826(search_query_batch); algorithm/blastn/blast_engine/run.rs:7922(search_query_batch); algorithm/blastn/blast_engine/run.rs:7960(search_query_batch); algorithm/blastn/blast_engine/run.rs:8031(search_query_batch); algorithm/blastn/blast_engine/run.rs:8331(search_query_batch); algorithm/blastn/blast_engine/run.rs:8438(search_query_batch); algorithm/blastn/blast_engine/run.rs:8446(search_query_batch); algorithm/blastn/blast_engine/run.rs:8466(search_query_batch); algorithm/blastn/blast_engine/run.rs:8486(search_query_batch); algorithm/blastn/blast_engine/run.rs:8504(search_query_batch); algorithm/blastn/blast_engine/run.rs:8516(search_query_batch); algorithm/blastn/blast_engine/run.rs:8526(search_query_batch); algorithm/blastn/blast_engine/run.rs:8532(search_query_batch); algorithm/blastn/blast_engine/run.rs:8535(search_query_batch); algorithm/blastn/blast_engine/run.rs:8570(search_query_batch); algorithm/blastn/blast_engine/run.rs:8649(search_query_batch); algorithm/blastn/blast_engine/run.rs:8658(search_query_batch); algorithm/blastn/blast_engine/run.rs:8669(search_query_batch); algorithm/blastn/blast_engine/run.rs:8670(search_query_batch); algorithm/blastn/blast_engine/run.rs:8691(search_query_batch); algorithm/blastn/blast_engine/run.rs:8760(search_query_batch); algorithm/blastn/blast_engine/run.rs:8769(search_query_batch); algorithm/blastn/blast_engine/run.rs:8806(search_query_batch); algorithm/blastn/blast_engine/run.rs:8872(search_query_batch); algorithm/blastn/blast_engine/run.rs:8916(search_query_batch); algorithm/blastn/blast_engine/run.rs:8922(search_query_batch); algorithm/blastn/blast_engine/run.rs:8928(search_query_batch); algorithm/blastn/blast_engine/run.rs:8943(search_query_batch); algorithm/blastn/blast_engine/run.rs:9009(search_query_batch); algorithm/blastn/blast_engine/run.rs:9339(search_query_batch); algorithm/blastn/blast_engine/run.rs:9349(search_query_batch); algorithm/blastn/blast_engine/run.rs:9429(search_query_batch); algorithm/blastn/blast_engine/run.rs:9435(search_query_batch); algorithm/blastn/blast_engine/run.rs:9467(search_query_batch); algorithm/blastn/blast_engine/run.rs:9482(search_query_batch); algorithm/blastn/blast_engine/run.rs:9563(search_query_batch); algorithm/blastn/blast_engine/run.rs:9571(search_query_batch); algorithm/blastn/blast_engine/run.rs:9576(search_query_batch); algorithm/blastn/blast_engine/run.rs:9577(search_query_batch); algorithm/blastn/blast_engine/run.rs:9596(search_query_batch); algorithm/blastn/blast_engine/run.rs:9639(search_query_batch); algorithm/blastn/blast_engine/run.rs:9755(search_query_batch); algorithm/blastn/blast_engine/run.rs:9764(search_query_batch); algorithm/blastn/blast_engine/run.rs:9775(search_query_batch); algorithm/blastn/blast_engine/run.rs:9776(search_query_batch); algorithm/blastn/blast_engine/run.rs:9797(search_query_batch); algorithm/blastn/blast_engine/run.rs:9812(search_query_batch); algorithm/blastn/blast_engine/run.rs:9821(search_query_batch); algorithm/blastn/blast_engine/run.rs:9857(search_query_batch); algorithm/blastn/blast_engine/run.rs:9919(search_query_batch); algorithm/blastn/blast_engine/run.rs:9963(search_query_batch); algorithm/blastn/blast_engine/run.rs:9969(search_query_batch); algorithm/blastn/blast_engine/run.rs:9975(search_query_batch); algorithm/blastn/blast_engine/run.rs:9984(search_query_batch); algorithm/blastn/blast_engine/run.rs:10061(search_query_batch); algorithm/blastn/blast_extend.rs:31(<module>); algorithm/blastn/constants.rs:17(<module>); algorithm/blastn/constants.rs:25(<module>); algorithm/blastn/constants.rs:42(<module>)
c++/src/algo/blast/core/na_ungapped.c	s_BlastnDiagHashExtendInitialHit	798	944	20	algorithm/blastn/blast_engine/run.rs:893(adjust_blastn_offsets); algorithm/blastn/blast_engine/run.rs:7837(search_query_batch); algorithm/blastn/blast_engine/run.rs:8292(search_query_batch); algorithm/blastn/blast_engine/run.rs:8608(search_query_batch); algorithm/blastn/blast_engine/run.rs:8706(search_query_batch); algorithm/blastn/blast_engine/run.rs:8778(search_query_batch); algorithm/blastn/blast_engine/run.rs:9319(search_query_batch); algorithm/blastn/blast_engine/run.rs:9354(search_query_batch); algorithm/blastn/blast_engine/run.rs:9455(search_query_batch); algorithm/blastn/blast_engine/run.rs:9501(search_query_batch); algorithm/blastn/blast_engine/run.rs:9616(search_query_batch); algorithm/blastn/blast_engine/run.rs:9618(search_query_batch); algorithm/blastn/blast_engine/run.rs:9629(search_query_batch); algorithm/blastn/blast_engine/run.rs:9645(search_query_batch); algorithm/blastn/blast_engine/run.rs:9648(search_query_batch); algorithm/blastn/blast_engine/run.rs:9681(search_query_batch); algorithm/blastn/blast_engine/run.rs:9717(search_query_batch); algorithm/blastn/blast_engine/run.rs:9830(search_query_batch); algorithm/blastn/blast_engine/run.rs:10005(search_query_batch); algorithm/blastn/blast_engine/run.rs:10079(search_query_batch)
c++/src/algo/blast/core/na_ungapped.c	s_BlastNaExtend	1051	1174	9	algorithm/blastn/blast_engine/run.rs:7938(search_query_batch); algorithm/blastn/blast_engine/run.rs:8037(search_query_batch); algorithm/blastn/blast_engine/run.rs:8076(search_query_batch); algorithm/blastn/blast_engine/run.rs:8107(search_query_batch); algorithm/blastn/blast_engine/run.rs:8132(search_query_batch); algorithm/blastn/blast_engine/run.rs:8183(search_query_batch); algorithm/blastn/blast_engine/run.rs:8207(search_query_batch); algorithm/blastn/blast_engine/run.rs:8280(search_query_batch); algorithm/blastn/blast_engine/run.rs:8349(search_query_batch)
c++/src/algo/blast/core/na_ungapped.c	s_BlastSmallNaExtendAlignedOneByte	1380	1463	1	algorithm/blastn/extension.rs:499(extend_aligned_one_byte)
c++/src/algo/blast/core/na_ungapped.c	s_BlastSmallNaExtend	1485	1593	1	algorithm/blastn/extension.rs:378(extend)
c++/src/algo/blast/core/na_ungapped.c	BlastNaWordFinder	1597	1695	9	algorithm/blastn/blast_engine/run.rs:2193(choose_mb_scan_subject_kind); algorithm/blastn/blast_engine/run.rs:2283(select_mb_scan_kind); algorithm/blastn/blast_engine/run.rs:2525(scan_subject_kmers_with_offsets); algorithm/blastn/blast_engine/run.rs:2556(scan_subject_kmers_with_ranges); algorithm/blastn/blast_engine/run.rs:2592(scan_subject_kmers_with_ranges); algorithm/blastn/blast_engine/run.rs:4004(build_subject_seq_ranges_from_masks); algorithm/blastn/blast_engine/run.rs:7316(search_query_batch); algorithm/blastn/blast_engine/run.rs:8042(search_query_batch); algorithm/blastn/blast_engine/run.rs:10154(search_query_batch)
c++/src/algo/blast/core/na_ungapped.c	BlastChooseNaExtend	1791	1836	1	algorithm/blastn/blast_engine/run.rs:6621(search_query_batch)
c++/src/algo/blast/core/ncbi_math.c	<file scope>	0	0	2	stats/sum_statistics.rs:19(blast_expm1); stats/sum_statistics.rs:34(blast_expm1)
c++/src/algo/blast/core/ncbi_math.c	BLAST_Expm1	33	56	2	stats/karlin_calc.rs:415(blast_expm1); stats/sum_statistics.rs:73(blast_expm1)
c++/src/algo/blast/core/ncbi_math.c	BLAST_Log1p	61	84	2	stats/sum_statistics.rs:16(blast_expm1); stats/sum_statistics.rs:98(blast_log1p)
c++/src/algo/blast/core/ncbi_math.c	s_LogDerivative	94	137	1	stats/sum_statistics.rs:149(s_log_derivative)
c++/src/algo/blast/core/ncbi_math.c	s_GeneralLnGamma	161	222	1	stats/sum_statistics.rs:184(s_general_ln_gamma)
c++/src/algo/blast/core/ncbi_math.c	s_PolyGamma	235	285	1	stats/sum_statistics.rs:254(s_poly_gamma)
c++/src/algo/blast/core/ncbi_math.c	s_LnGamma	291	295	1	stats/sum_statistics.rs:303(s_ln_gamma)
c++/src/algo/blast/core/ncbi_math.c	BLAST_Factorial	312	321	1	stats/sum_statistics.rs:308(blast_factorial)
c++/src/algo/blast/core/ncbi_math.c	BLAST_LnGammaInt	323	330	2	stats/sum_statistics.rs:319(blast_ln_gamma_int); stats/sum_statistics.rs:364(p_to_e)
c++/src/algo/blast/core/ncbi_math.c	BLAST_Gcd	405	419	2	stats/karlin_calc.rs:385(blast_gcd); stats/tables.rs:335(blast_gcd)
c++/src/algo/blast/core/ncbi_math.c	BLAST_Nint	437	441	1	algorithm/blastn/alignment/gapped.rs:36(blast_nint)
c++/src/algo/blast/core/ncbi_math.c	BLAST_Powi	444	471	2	stats/karlin_calc.rs:440(blast_powi); stats/sum_statistics.rs:123(blast_powi)
c++/src/algo/blast/core/ncbi_math.c	BLAST_LnFactorial	473	480	3	stats/sum_statistics.rs:327(blast_ln_factorial); stats/sum_statistics.rs:352(ln_factorial); stats/sum_statistics.rs:395(ln_factorial_int)
c++/src/algo/blast/format/blast_format.cpp	CBlastFormat::CBlastFormat	68	208	5	algorithm/blastn/blast_engine/run.rs:4817(post_process_hits_and_write); algorithm/blastn/blast_engine/run.rs:5294(write); algorithm/blastn/blast_engine/run.rs:5558(check_utf8_file_name); api/local_blast.rs:67(open); report/pairwise.rs:3034(write_translated_pairwise_intro)
c++/src/algo/blast/format/blast_format.cpp	CBlastFormat::PrintProlog	347	442	7	report/pairwise.rs:1494(write_blastp_pairwise_report); report/pairwise.rs:1846(write_megablast_pairwise_intro); report/pairwise.rs:2959(write_translated_pairwise_intro); report/pairwise.rs:3000(write_translated_pairwise_intro); report/pairwise.rs:3007(write_translated_pairwise_intro); report/pairwise.rs:3200(write_blastx_prolog); report/pairwise.rs:3205(write_blastx_prolog)
c++/src/algo/blast/format/blast_format.cpp	CBlastFormat::x_PrintOneQueryFooter	444	479	5	report/pairwise.rs:1281(write_tblastn_unsearched_query_footer); report/pairwise.rs:1307(write_tblastn_unsearched_query_footer_spacing); report/pairwise.rs:1362(write_blastp_query_footer_spacing); report/pairwise.rs:1884(write_nucleotide_query_footer); report/pairwise.rs:3326(write_blastx_epilog)
c++/src/algo/blast/format/blast_format.cpp	CBlastFormat::x_DisplayDeflines	569	614	1	report/pairwise.rs:2143(write_blastn_pairwise_report)
c++/src/algo/blast/format/blast_format.cpp	CBlastFormat::x_PrintTabularReport	758	836	6	algorithm/blastn/args.rs:218(subject_path); algorithm/blastn/blast_engine/run.rs:4868(fasta_records_from_bytes); algorithm/blastn/hsp.rs:12(<module>); algorithm/blastn/hsp.rs:173(write_blastn_outfmt7_header); report/pairwise.rs:717(write_database_header); report/pairwise.rs:2280(write_pairwise)
c++/src/algo/blast/format/blast_format.cpp	CBlastFormat::PrintOneResultSet	1410	1590	22	algorithm/blastn/blast_engine/run.rs:4784(post_process_hits_and_write); algorithm/blastn/blast_engine/run.rs:6026(run_in_pool); algorithm/blastn/hsp.rs:19(parse_blastn_output_format); algorithm/blastn/hsp.rs:1157(write_output_blastn_hitlists_to_writer); api/local_blast.rs:123(open); common.rs:841(write_output_ncbi_order_with_format_to_writer_impl); report/pairwise.rs:525(write_alignment_with_sequences); report/pairwise.rs:1264(write_no_hits_found); report/pairwise.rs:1271(write_tblastn_unsearched_query_footer); report/pairwise.rs:1312(write_tblastn_unsearched_query_footer_spacing); report/pairwise.rs:1367(write_blastp_query_footer_spacing); report/pairwise.rs:1503(write_blastp_pairwise_report); report/pairwise.rs:1532(write_blastp_pairwise_report); report/pairwise.rs:1577(write_blastp_pairwise_report); report/pairwise.rs:2046(write_blastn_pairwise_report); report/pairwise.rs:2103(write_blastn_pairwise_report); report/pairwise.rs:2662(write_tblastn_pairwise_report); report/pairwise.rs:3045(write_translated_pairwise_intro); report/pairwise.rs:3073(write_blastx_pairwise_report); report/pairwise.rs:3126(write_blastx_pairwise_report); report/pairwise.rs:3133(write_blastx_pairwise_report); report/query_warnings.rs:22(before_query)
c++/src/algo/blast/format/blast_format.cpp	CBlastFormat::PrintEpilog	2203	2293	6	report/pairwise.rs:150(subject_defline); report/pairwise.rs:1423(write_blastp_final_footer); report/pairwise.rs:1960(write_blastn_final_footer); report/pairwise.rs:3223(write_blastx_epilog); report/pairwise.rs:3256(write_blastx_epilog); report/pairwise.rs:3284(write_blastx_epilog)
c++/src/algo/blast/format/blastfmtutil.cpp	CBlastFormatUtil::BlastPrintVersionInfo	66	73	2	report/pairwise.rs:1021(write_blastp_pairwise_intro); report/pairwise.rs:2988(write_translated_pairwise_intro)
c++/src/algo/blast/format/blastfmtutil.cpp	CBlastFormatUtil::PrintDbInformation	124	140	1	report/pairwise.rs:1082(write_flatfile_wrapped)
c++/src/algo/blast/unit_tests/api/ntscan_unit_test.cpp	TestFixture::SetUpQuery	119	185	4	algorithm/blastn/blast_engine/mod.rs:314(filter_hsps); algorithm/blastn/blast_engine/run.rs:6454(search_query_batch); algorithm/blastn/blast_engine/run.rs:6462(search_query_batch); algorithm/blastn/blast_engine/run.rs:6513(search_query_batch)
c++/src/algo/blast/unit_tests/api/ntscan_unit_test.cpp	TestFixture::SkipMaskedRangesCore	728	792	1	algorithm/blastn/blast_engine/run.rs:3995(build_subject_seq_ranges_from_masks)
c++/src/algo/dustmask/symdust.cpp	CSymDustMasker::triplets::triplets	37	49	1	utils/dust.rs:397(new)
c++/src/algo/dustmask/symdust.cpp	CSymDustMasker::triplets::find_perfect	118	167	1	utils/dust.rs:593(is_position_masked)
c++/src/algo/dustmask/symdust.cpp	CSymDustMasker::save_masked_regions	185	211	1	utils/dust.rs:356(save_masked_regions)
c++/src/algo/dustmask/symdust.cpp	CSymDustMasker::operator	214	285	1	utils/dust.rs:264(mask_subsequence)
c++/src/app/blast/blast_app_util.cpp	CBatchSizeMixer::GetBatchSize	65	81	1	blastinput/query_batch.rs:190(batch_size)
c++/src/app/blast/blast_app_util.cpp	InitializeSubject	162	244	3	algorithm/blastn/blast_engine/run.rs:5627(check_unsupported_environment); algorithm/blastn/blast_engine/run.rs:7440(search_query_batch); algorithm/blastn/blast_engine/run.rs:13146(word7_uses_subject_set_cutoffs)
c++/src/app/blast/blast_app_util.cpp	s_PreFetchSeqs	727	754	1	algorithm/blastn/blast_engine/run.rs:5646(fmt)
c++/src/app/blast/blast_app_util.cpp	BlastFormatter_PreFetchSequenceData	756	788	1	algorithm/blastn/blast_engine/run.rs:5655(fmt)
c++/src/app/blast/blast_app_util.cpp	IsIStreamEmpty	845	875	2	algorithm/blastn/blast_engine/run.rs:5361(check_subjects_not_empty); algorithm/blastn/input.rs:30(is_blank)
c++/src/app/blast/blast_app_util.cpp	GetSubjectFile	902	911	1	algorithm/blastn/blast_engine/run.rs:5599(check_utf8_file_name)
c++/src/app/blast/blast_app_util.hpp	<CBatchSizeMixer>	35	95	1	blastinput/query_batch.rs:133(new)
c++/src/app/blast/blast_app_util.hpp	#define CATCH_ALL	167	268	15	algorithm/blastn/args.rs:248(resolve_dust); algorithm/blastn/blast_engine/run.rs:5204(run); algorithm/blastn/blast_engine/run.rs:5299(write); algorithm/blastn/blast_engine/run.rs:5410(check_subjects_not_empty); algorithm/blastn/hsp.rs:67(parse_blastn_output_format); algorithm/blastn/scoring.rs:81(check_scoring_options); algorithm/blastn/scoring.rs:240(karlin_error); cli.rs:359(fmt); cli.rs:370(fmt); cli.rs:388(fmt); cli.rs:401(fmt); cli.rs:412(inaccessible); cli.rs:456(exit_on_native_error); cli.rs:463(exit_on_native_error); cli.rs:469(exit_on_native_error)
c++/src/app/blast/blast_formatter.cpp	CBlastFormatterApp::PrintFormattedOutput	329	493	3	algorithm/blastn/blast_engine/run.rs:4747(post_process_hits_and_write); algorithm/blastn/blast_engine/run.rs:5464(run_local); api/local_blast.rs:264(single)
c++/src/app/blast/blastn_app.cpp	CBlastnApp::Run	116	177	2	algorithm/blastn/blast_engine/run.rs:5143(run); api/local_blast.rs:31(<module>)
c++/src/app/blast/blastn_app.cpp	CBlastnApp::x_RunMTBySplitDB	179	342	9	algorithm/blastn/blast_engine/run.rs:5354(search_cli); algorithm/blastn/blast_engine/run.rs:5707(query_batching_from_environment); algorithm/blastn/blast_engine/run.rs:5815(run_in_pool); algorithm/blastn/blast_engine/run.rs:5881(run_in_pool); algorithm/blastn/blast_engine/run.rs:5939(run_in_pool); algorithm/blastn/blast_engine/run.rs:5962(run_in_pool); algorithm/blastn/query_split.rs:102(mixer_max_batch_size); report/pairwise.rs:2012(write_blastn_pairwise_prolog); report/pairwise.rs:2228(write_pairwise)
c++/src/app/blast/blastp_app.cpp	CBlastpApp::x_RunMTBySplitDB	181	318	2	api/local_blast.rs:246(single); api/local_blast.rs:290(single)
c++/src/app/blast/blastx_app.cpp	CBlastxApp::x_RunMTBySplitDB	183	320	2	report/pairwise.rs:3192(write_blastx_prolog); report/pairwise.rs:3196(write_blastx_prolog)
c++/src/app/blast/tblastn_app.cpp	CTblastnApp::x_RunMTBySplitDB	176	361	1	api/local_blast.rs:55(open)
c++/src/app/blast/tblastx_app.cpp	CTblastxApp::Run	91	225	1	api/local_blast.rs:18(<module>)
c++/src/corelib/ncbiargs.cpp	s_ArgExptMsg	94	99	1	cli.rs:425(inaccessible)
c++/src/corelib/ncbiargs.cpp	s_StringToInt8	117	129	1	blastinput/value_parsers.rs:155(ncbi_integer)
c++/src/corelib/ncbiargs.cpp	CArg_Integer::CArg_Integer	383	390	1	blastinput/value_parsers.rs:170(ncbi_integer)
c++/src/corelib/ncbiargs.cpp	CArg_Double::CArg_Double	460	469	1	blastinput/value_parsers.rs:219(ncbi_double)
c++/src/corelib/ncbiargs.cpp	CArg_Ios::x_Open	615	621	1	cli.rs:433(inaccessible)
c++/src/corelib/ncbiargs.cpp	CArg_InputFile::x_Open	695	738	1	algorithm/blastn/blast_engine/run.rs:4947(open_blastn_input)
c++/src/corelib/ncbiargs.cpp	CArg_OutputFile::x_Open	754	800	1	algorithm/blastn/blast_engine/run.rs:5247(run)
c++/src/corelib/ncbiargs.cpp	CArgDescMandatory::ProcessArgument	1177	1267	1	blastinput/value_parsers.rs:269(ncbi_constrained_integer)
c++/src/corelib/ncbidiag.cpp	s_CreateDefaultDiagHandler	4080	4094	1	report/query_warnings.rs:13(before_query)
c++/src/corelib/ncbifile.cpp	CDirEntry::Reset	298	313	1	blastinput/value_parsers.rs:458(ncbi_file_name_length)
c++/src/corelib/ncbifile.cpp	CDirEntry::SplitPath	358	377	1	blastinput/value_parsers.rs:487(ncbi_file_name_length)
c++/src/corelib/ncbifile.cpp	CDirEntry::DeleteTrailingPathSeparator	465	472	1	blastinput/value_parsers.rs:476(ncbi_file_name_length)
c++/src/corelib/ncbistr.cpp	NStr::StringToInt	561	643	1	blastinput/query_batch.rs:68(ncbi_string_to_int)
c++/src/corelib/ncbistr.cpp	s_CheckRadix	765	795	1	blastinput/value_parsers.rs:181(ncbi_integer)
c++/src/corelib/ncbistr.cpp	NStr::StringToInt8	798	873	1	blastinput/query_batch.rs:80(ncbi_string_to_int)
c++/src/corelib/ncbistr.cpp	s_StringToDouble	1283	1376	1	blastinput/value_parsers.rs:223(ncbi_double)
c++/src/corelib/ncbistr.cpp	NStr::DoubleToString	2358	2419	2	report/outfmt6.rs:175(format_scientific_ncbi); report/outfmt6.rs:338(format_percent_identity_ncbi)
c++/src/corelib/ncbistr.cpp	NStr::WrapIt	5087	5340	4	report/pairwise.rs:1091(write_flatfile_wrapped); report/pairwise.rs:1099(write_flatfile_wrapped); report/pairwise.rs:1146(write_blastp_database_header); report/pairwise.rs:2510(flatfile_wrapping_preserves_ncbi_break_boundaries)
c++/src/objects/seq/seqlocinfo.cpp	TMaskedQueryRegions::RestrictToSeqInt	97	124	2	algorithm/blastn/query_split.rs:576(restrict_masks); algorithm/blastn/query_split.rs:734(restricted_masks_grow_by_one_and_drop_one_at_the_last_residue)
c++/src/objmgr/util/create_defline.cpp	<file scope>	0	0	1	report/defline.rs:56(ncbi_nucleotide_title)
c++/src/objmgr/util/create_defline.cpp	x_CleanAndCompress	160	314	1	report/defline.rs:158(clean_and_compress)
c++/src/objmgr/util/create_defline.cpp	CDeflineGenerator::GenerateDefline	3928	4107	2	report/defline.rs:5(<module>); report/defline.rs:15(<module>)
c++/src/objtools/align_format/align_format_util.cpp	<file scope>	0	0	1	utils/matrix.rs:717(protein_display_score)
c++/src/objtools/align_format/align_format_util.cpp	CAlignFormatUtil::x_WrapOutputLine	279	296	1	report/pairwise.rs:1094(write_flatfile_wrapped)
c++/src/objtools/align_format/align_format_util.cpp	CAlignFormatUtil::GetBlastDbInfo	430	504	1	report/pairwise.rs:1413(write_blastp_final_footer)
c++/src/objtools/align_format/align_format_util.cpp	CAlignFormatUtil::PrintDbReport	506	576	3	report/pairwise.rs:1196(write_blastp_database_header_spacing); report/pairwise.rs:1212(write_blastp_query_header); report/pairwise.rs:1474(write_blastp_pairwise_report)
c++/src/objtools/align_format/align_format_util.cpp	CAlignFormatUtil::PrintKAParameters	578	620	2	report/pairwise.rs:965(format_ncbi_ka_value); report/pairwise.rs:3363(write_blastx_query_footer)
c++/src/objtools/align_format/align_format_util.cpp	CAlignFormatUtil::x_AcknowledgeBlastSequence	713	755	2	report/pairwise.rs:1242(write_blastp_query_header); report/pairwise.rs:1254(write_no_hits_found)
c++/src/objtools/align_format/align_format_util.cpp	CAlignFormatUtil::GetScoreString	940	1011	9	report/outfmt6.rs:164(format_scientific_ncbi); report/outfmt6.rs:220(write_scientific_ncbi); report/outfmt6.rs:238(format_evalue_ncbi); report/outfmt6.rs:362(write_evalue_ncbi_base); report/outfmt6.rs:419(write_bitscore_ncbi); report/outfmt6.rs:1073(test_format_evalue_ncbi_zero); report/outfmt6.rs:1145(test_format_evalue_ncbi_base_scientific); report/outfmt6.rs:1162(test_format_bitscore_ncbi_small); report/outfmt6.rs:1210(test_exponent_padding_without_generated_fixture)
c++/src/objtools/align_format/align_format_util.cpp	CAlignFormatUtil::PruneSeqalign	1014	1040	1	report/pairwise.rs:2159(write_blastn_pairwise_report)
c++/src/objtools/align_format/align_format_util.cpp	CAlignFormatUtil::GetPercentMatch	3152	3161	6	report/pairwise.rs:234(ncbi_percent_match); report/pairwise.rs:300(write_hsp_info); report/pairwise.rs:316(write_hsp_info); report/pairwise.rs:332(write_hsp_info); report/pairwise.rs:2832(write_tblastn_hsp_info); report/pairwise.rs:3585(percent_match_matches_independent_pinned_cpp_edges)
c++/src/objtools/align_format/align_format_util.cpp	CAlignFormatUtil::GetAsciiProteinMatrix	3548	3582	4	report/pairwise.rs:12(default); report/pairwise.rs:692(write_database_header); utils/matrix.rs:693(protein_display_score); utils/matrix.rs:955(display_matrix_matches_pinned_cpp_all_ascii_matrices)
c++/src/objtools/align_format/align_format_util.cpp	CAlignFormatUtil::GetSeqAlignSetCalcParams	4246	4315	1	report/pairwise.rs:1742(write_blastn_description_table)
c++/src/objtools/align_format/format_flags.cpp	<file scope>	0	0	1	algorithm/blastn/args.rs:85(<module>)
c++/src/objtools/align_format/showalign.cpp	<file scope>	0	0	1	report/pairwise.rs:506(write_alignment_with_sequences)
c++/src/objtools/align_format/showalign.cpp	s_DisplayIdentityInfo	304	334	2	report/pairwise.rs:393(write_hsp_info); report/pairwise.rs:2861(write_tblastn_alignment)
c++/src/objtools/align_format/showalign.cpp	CDisplaySeqalign::x_PrepareRowData	1200	1407	2	report/pairwise.rs:920(coordinate_width); report/pairwise.rs:3509(write_blastx_alignment)
c++/src/objtools/align_format/showalign.cpp	CDisplaySeqalign::x_DisplayRowData	1409	1433	1	report/pairwise.rs:2257(write_pairwise)
c++/src/objtools/align_format/showalign.cpp	CDisplaySeqalign::x_DisplaySequenceLine	1595	1627	3	report/pairwise.rs:513(write_alignment_with_sequences); report/pairwise.rs:609(write_sequence_row); report/pairwise.rs:3443(write_blastx_alignment)
c++/src/objtools/align_format/showalign.cpp	CDisplaySeqalign::x_PrepareIdentityInfo	1786	1807	2	report/pairwise.rs:364(write_hsp_info); utils/matrix.rs:784(protein_display_positives)
c++/src/objtools/align_format/showalign.cpp	CDisplaySeqalign::x_GetAlnVecForSeqalign	1817	1866	1	algorithm/blastn/pairwise.rs:104(displayed_rows)
c++/src/objtools/align_format/showalign.cpp	CDisplaySeqalign::DisplaySeqalign	1911	2117	5	api/local_blast.rs:133(hsp_begin); api/local_blast.rs:214(new); report/pairwise.rs:1618(write_blastp_pairwise_report); report/pairwise.rs:2200(write_pairwise); report/pairwise.rs:2753(write_tblastn_hsp_info)
c++/src/objtools/align_format/showalign.cpp	CDisplaySeqalign::x_FillIdentityInfo	2120	2157	3	report/pairwise.rs:544(write_alignment_with_sequences); report/pairwise.rs:673(is_positive_match); utils/matrix.rs:746(protein_display_positives)
c++/src/objtools/align_format/showalign.cpp	CDisplaySeqalign::x_FillAlnDispParams	2262	2276	1	report/pairwise.rs:2187(write_blastn_pairwise_report)
c++/src/objtools/align_format/showalign.cpp	CDisplaySeqalign::x_PrintDefLine	2278	2482	2	report/pairwise.rs:206(ncbi_percent_match); report/pairwise.rs:2310(write_pairwise)
c++/src/objtools/align_format/showalign.cpp	CDisplaySeqalign::x_OutputSeq	2485	2574	2	algorithm/blastn/pairwise.rs:220(lowercase_masked); utils/matrix.rs:792(protein_display_positives)
c++/src/objtools/align_format/showalign.cpp	CDisplaySeqalign::x_DisplayAlignInfo	3570	3607	1	report/pairwise.rs:277(write_hsp_info)
c++/src/objtools/align_format/showalign.cpp	CDisplaySeqalign::x_ShowAlnvecInfo	3613	3644	5	api/local_blast.rs:160(hsp_begin); api/local_blast.rs:190(subject_begin); report/pairwise.rs:1592(write_blastp_pairwise_report); report/pairwise.rs:2171(write_blastn_pairwise_report); report/pairwise.rs:2727(write_tblastn_pairwise_report)
c++/src/objtools/align_format/showalign.cpp	CDisplaySeqalign::x_DisplayAlnvecInfo	3956	3981	2	api/local_blast.rs:149(hsp_begin); report/pairwise.rs:2759(write_tblastn_hsp_info)
c++/src/objtools/align_format/showalign.cpp	CDisplaySeqalign::x_DisplaySingleAlignParams	3985	4023	2	report/pairwise.rs:414(write_alignment); report/pairwise.rs:2554(blastn_strand_comes_from_the_hsp_frame)
c++/src/objtools/align_format/showdefline.cpp	<file scope>	0	0	3	algorithm/blastn/blast_engine/run.rs:120(fasta_defline); report/pairwise.rs:745(ncbi_k_bits); report/pairwise.rs:2334(write_pairwise_simple)
c++/src/objtools/align_format/showdefline.cpp	CShowBlastDefline::x_FillDeflineAndId	388	538	1	report/pairwise.rs:1815(write_megablast_pairwise_intro)
c++/src/objtools/align_format/showdefline.cpp	CShowBlastDefline::x_InitDefline	659	732	1	report/pairwise.rs:806(write_subject_summary_table_with_sum_n)
c++/src/objtools/align_format/showdefline.cpp	CShowBlastDefline::x_DisplayDefline	753	988	7	report/pairwise.rs:769(write_subject_summary_table); report/pairwise.rs:788(write_subject_summary_table_with_sum_n); report/pairwise.rs:830(write_subject_summary_table_with_sum_n); report/pairwise.rs:844(write_subject_summary_table_with_sum_n); report/pairwise.rs:880(digit_count); report/pairwise.rs:896(digit_count); report/pairwise.rs:1819(write_megablast_pairwise_intro)
c++/src/objtools/align_format/showdefline.cpp	CShowBlastDefline::DisplayBlastDefline	1004	1012	1	report/pairwise.rs:1706(write_blastn_description_table)
c++/src/objtools/align_format/showdefline.cpp	CShowBlastDefline::x_InitDeflineTable	1051	1160	2	report/pairwise.rs:1714(write_blastn_description_table); report/pairwise.rs:1782(write_blastn_description_table)
c++/src/objtools/align_format/tabular.cpp	CBlastTabularInfo::~CBlastTabularInfo	160	163	1	cli.rs:477(exit_on_native_error)
c++/src/objtools/align_format/tabular.cpp	CBlastTabularInfo::SetFields	749	1098	1	algorithm/blastn/args.rs:224(subject_path)
c++/src/objtools/align_format/tabular.cpp	CBlastTabularInfo::Print	1100	1109	13	algorithm/blastn/hsp.rs:1130(write_output_blastn_hitlists_to_writer); algorithm/blastn/hsp.rs:1197(write_output_blastn_hitlists_to_writer); algorithm/blastn/hsp.rs:1239(write_output_blastn_hitlists_to_writer); api/local_blast.rs:139(hsp_begin); common.rs:589(write_output_ncbi_order); common.rs:666(write_output_ncbi_order_to_writer); common.rs:946(write_output_ncbi_order_with_format_to_writer_impl); report/outfmt6.rs:508(write_hit_fields); report/outfmt6.rs:600(write_outfmt7_header); report/outfmt6.rs:713(write_outfmt7); report/outfmt6.rs:731(write_outfmt7_grouped); report/outfmt6.rs:789(write_outfmt7_grouped); report/outfmt6.rs:860(write_to_file)
c++/src/objtools/align_format/tabular.cpp	CBlastTabularInfo::PrintHeader	1265	1284	4	algorithm/blastn/blast_engine/run.rs:6391(search_query_batch); algorithm/blastn/hsp.rs:163(write_blastn_outfmt7_header); algorithm/blastn/hsp.rs:1588(test_blastn_outfmt7_header_matches_ncbi_shape); report/outfmt6.rs:809(write_outfmt7_grouped)
c++/src/objtools/align_format/tabular.cpp	CBlastTabularInfo::PrintNumProcessed	1322	1325	1	algorithm/blastn/hsp.rs:1284(make_hsp)
c++/src/objtools/align_format/tabular.cpp	CBlastTabularInfo::SetScores	1327	1338	3	report/outfmt6.rs:283(format_evalue_ncbi_tabular); report/outfmt6.rs:400(write_evalue_ncbi_tabular); report/outfmt6.rs:1081(test_format_evalue_ncbi_zero)
c++/src/objtools/readers/fasta.cpp	CFastaReader::ReadOneSeq	312	440	3	algorithm/blastn/blast_engine/run.rs:4914(read_blastn_fasta_records); algorithm/blastn/blast_engine/run.rs:4928(read_blastn_fasta_records); algorithm/blastn/coordination.rs:40(read_fasta_records)
c++/src/objtools/readers/fasta.cpp	CFastaReader::ParseDataLine	774	1016	6	algorithm/blastn/blast_engine/run.rs:7326(search_query_batch); algorithm/blastn/coordination.rs:629(collect_lowercase_masks); algorithm/blastn/coordination.rs:1039(test_collect_lowercase_masks); algorithm/blastn/input.rs:121(check_sequence_lines); algorithm/blastn/input.rs:198(check_residues); algorithm/blastn/input.rs:283(with_u_as_t)
c++/src/objtools/readers/fasta.cpp	CFastaReader::x_OpenMask	1079	1083	2	algorithm/blastn/blast_engine/run.rs:7334(search_query_batch); algorithm/blastn/coordination.rs:637(collect_lowercase_masks)
c++/src/objtools/readers/fasta.cpp	CFastaReader::CreateWarningsForSeqDataInTitle	1616	1681	1	algorithm/blastn/input.rs:146(ends_with_nucleotides)
c++/src/objtools/readers/fasta_reader_utils.cpp	CFastaDeflineReader::ParseDefline	146	226	1	algorithm/blastn/input.rs:61(check_deflines)
c++/src/util/random_gen.cpp	<file scope>	0	0	1	core/blast_encoding.rs:478(new)
c++/src/util/random_gen.cpp	CRandom::Reset	234	264	1	utils/dust.rs:11(new)
c++/src/util/tables/raw_scoremat.c	NCBISM_Unpack	81	118	1	utils/matrix.rs:522(parse_matrix_scores)
c++/src/util/tables/raw_scoremat.c	NCBISM_GetStandardMatrix	131	166	1	utils/matrix.rs:619(standard_protein_matrix)
c++/src/util/tables/sm_blosum62.c	<file scope>	0	0	3	utils/matrix.rs:155(aa_char_to_ncbistdaa); utils/matrix.rs:208(build_blosum62_ncbistdaa_direct_scores); utils/matrix.rs:255(build_blosum62_ncbistdaa_direct_scores)
