LC738874.1	LC738875.1	100.000	344	0	0	240412	239381	265421	266452	0.0	776
LC738874.1	LC738875.1	100.000	271	0	0	239238	238426	266596	267408	0.0	612
LC738874.1	LC738875.1	99.583	240	1	0	235430	236149	268517	267798	0.0	551
LC738874.1	LC738875.1	100.000	250	0	0	240269	239520	265564	266313	0.0	549
LC738874.1	LC738875.1	99.583	240	1	0	235428	236147	268519	267800	0.0	544
LC738874.1	LC738875.1	100.000	216	0	0	234780	235427	269453	268806	0.0	515
LC738874.1	LC738875.1	100.000	205	0	0	235390	234776	268843	269457	0.0	511
LC738874.1	LC738875.1	100.000	216	0	0	234781	235428	269452	268805	0.0	502
LC738874.1	LC738875.1	98.630	219	3	0	235437	234781	268796	269452	0.0	492
LC738874.1	LC738875.1	100.000	194	0	0	235429	236010	268518	267937	0.0	463
LC738874.1	LC738875.1	100.000	215	0	0	234782	235426	269451	268807	0.0	453
LC738874.1	LC738875.1	100.000	195	0	0	239318	238734	266516	267100	0.0	451
LC738874.1	LC738875.1	100.000	198	0	0	239329	238736	266505	267098	0.0	424
LC738874.1	LC738875.1	100.000	201	0	0	239363	239965	266470	265868	0.0	418
LC738874.1	LC738875.1	100.000	173	0	0	238811	239329	267023	266505	0.0	413
LC738874.1	LC738875.1	100.000	189	0	0	236149	235583	267798	268364	0.0	398
LC738874.1	LC738875.1	100.000	172	0	0	235295	234780	268938	269453	0.0	396
LC738874.1	LC738875.1	56.475	278	121	0	284915	284082	358670	357837	0.0	391
LC738874.1	LC738875.1	57.246	276	118	0	14308	15135	358670	357843	0.0	390
LC738874.1	LC738875.1	100.000	160	0	0	239997	239518	265836	266315	0.0	358
LC738874.1	LC738875.1	100.000	161	0	0	239383	239865	266450	265968	0.0	356
LC738874.1	LC738875.1	100.000	166	0	0	239724	240221	266109	265612	0.0	325
LC738874.1	LC738875.1	100.000	129	0	0	240026	240412	265807	265421	0.0	309
LC738874.1	LC738875.1	100.000	126	0	0	238438	238815	267396	267019	0.0	291
LC738874.1	LC738875.1	57.447	188	80	0	217692	218255	274982	274419	0.0	274
LC738874.1	LC738875.1	100.000	112	0	0	235763	235428	268184	268519	0.0	255
LC738874.1	LC738875.1	98.261	115	2	0	235770	235426	268177	268521	0.0	254
LC738874.1	LC738875.1	100.000	117	0	0	238969	239319	266865	266515	0.0	252
LC738874.1	LC738875.1	100.000	125	0	0	240411	240037	265422	265796	0.0	248
LC738874.1	LC738875.1	48.095	210	109	0	144328	144957	149028	148399	4.29e-140	232
LC738874.1	LC738875.1	47.872	188	98	0	108919	109482	123288	123851	0.0	226
LC738874.1	LC738875.1	100.000	111	0	0	236148	235816	267799	268131	0.0	217
LC738874.1	LC738875.1	100.000	103	0	0	236126	235818	267821	268129	0.0	209
LC738874.1	LC738875.1	100.000	89	0	0	238694	238428	267140	267406	0.0	208
LC738874.1	LC738875.1	52.795	161	76	0	16610	16128	241816	241334	0.0	205
LC738874.1	LC738875.1	45.455	176	96	0	110353	110880	124650	125177	0.0	204
LC738874.1	LC738875.1	100.000	90	0	0	238428	238697	267406	267137	0.0	204
LC738874.1	LC738875.1	52.174	161	77	0	16610	16128	245210	244728	0.0	200
LC738874.1	LC738875.1	100.000	89	0	0	238427	238693	267407	267141	0.0	194
LC738874.1	LC738875.1	100.000	84	0	0	238693	238442	267141	267392	0.0	192
LC738874.1	LC738875.1	51.408	142	69	0	263938	264363	15588	15163	0.0	184
LC738874.1	LC738875.1	57.237	152	65	0	17054	16599	245666	245211	0.0	179
LC738874.1	LC738875.1	43.000	200	114	0	143050	143649	150261	149662	4.29e-140	175
LC738874.1	LC738875.1	55.039	129	58	0	129148	129534	134989	135375	0.0	171
LC738874.1	LC738875.1	36.574	216	137	0	92414	93061	175459	176106	4.79e-126	171
LC738874.1	LC738875.1	87.342	79	10	0	234097	233861	250063	250299	6.21e-56	167
LC738874.1	LC738875.1	100.000	71	0	0	238737	238949	267097	266885	0.0	167
LC738874.1	LC738875.1	51.316	152	74	0	17054	16599	242272	241817	5.08e-165	162
LC738874.1	LC738875.1	52.247	178	85	0	218254	217721	274420	274953	0.0	161
LC738874.1	LC738875.1	54.676	139	63	0	16615	17031	245227	245643	0.0	156
LC738874.1	LC738875.1	48.462	130	67	0	106780	107169	120912	121301	0.0	153
LC738874.1	LC738875.1	57.292	96	41	0	249207	248920	141596	141883	0.0	151
LC738874.1	LC738875.1	80.000	80	16	0	233863	234102	250297	250058	5.23e-49	150
LC738874.1	LC738875.1	56.522	92	40	0	6440	6165	274262	273987	4.66e-63	149
LC738874.1	LC738875.1	100.000	63	0	0	238388	238200	267426	267614	0.0	149
LC738874.1	LC738875.1	44.755	143	79	0	277260	276832	45639	45211	4.44e-68	148
LC738874.1	LC738875.1	100.000	65	0	0	238202	238396	267612	267418	0.0	146
LC738874.1	LC738875.1	56.566	99	43	0	57346	57642	312732	313028	4.43e-118	145
LC738874.1	LC738875.1	58.750	80	33	0	28224	27985	274235	273996	0.0	144
LC738874.1	LC738875.1	54.348	92	42	0	30971	30696	274283	274008	0.0	142
LC738874.1	LC738875.1	100.000	60	0	0	239899	240078	265934	265755	0.0	142
LC738874.1	LC738875.1	50.407	123	61	0	180718	180350	245546	245178	5.08e-165	140
LC738874.1	LC738875.1	63.750	80	29	0	217995	218234	79727	79966	2.42e-35	138
LC738874.1	LC738875.1	48.837	129	66	0	40821	41207	34581	34195	1.27e-75	138
LC738874.1	LC738875.1	59.615	104	42	0	194287	193976	242095	241784	8.07e-141	138
LC738874.1	LC738875.1	57.143	105	45	0	185459	185145	242098	241784	1.55e-122	138
LC738874.1	LC738875.1	56.977	86	37	0	32546	32289	274247	273990	9.15e-91	138
LC738874.1	LC738875.1	56.190	105	46	0	185459	185145	245492	245178	7.19e-168	137
LC738874.1	LC738875.1	50.407	123	61	0	180718	180350	242152	241784	7.19e-168	137
LC738874.1	LC738875.1	82.143	84	15	0	234113	233862	250047	250298	3.96e-44	137
LC738874.1	LC738875.1	100.000	62	0	0	238395	238210	267419	267604	0.0	136
LC738874.1	LC738875.1	57.692	104	44	0	194287	193976	245489	245178	0.0	134
LC738874.1	LC738875.1	55.238	105	47	0	183055	182741	245492	245178	2.87e-71	134
LC738874.1	LC738875.1	46.154	156	84	0	16144	16611	241350	241817	0.0	133
LC738874.1	LC738875.1	54.286	105	48	0	183055	182741	242098	241784	0.0	132
LC738874.1	LC738875.1	56.436	101	44	0	187703	187401	245480	245178	0.0	129
LC738874.1	LC738875.1	47.101	138	73	0	16615	17028	241833	242246	7.01e-71	127
LC738874.1	LC738875.1	52.747	91	43	0	28602	28330	274685	274413	0.0	126
LC738874.1	LC738875.1	43.671	158	89	0	16143	16616	244743	245216	1.75e-45	123
LC738874.1	LC738875.1	43.103	116	66	0	127437	127784	305568	305915	0.0	123
LC738874.1	LC738875.1	48.092	131	68	0	16144	16536	244744	245136	4.43e-118	121
LC738874.1	LC738875.1	100.000	65	0	0	238200	238394	267614	267420	0.0	121
LC738874.1	LC738875.1	62.500	80	30	0	187208	186969	241579	241340	0.0	119
LC738874.1	LC738875.1	62.195	82	31	0	187214	186969	244979	244734	0.0	119
LC738874.1	LC738875.1	63.750	80	29	0	182551	182312	241582	241343	0.0	118
LC738874.1	LC738875.1	64.557	79	28	0	191716	191480	241579	241343	8.07e-141	118
LC738874.1	LC738875.1	63.415	82	30	0	196069	195824	244982	244737	8.07e-141	118
LC738874.1	LC738875.1	52.475	101	48	0	187703	187401	242086	241784	3.37e-90	117
LC738874.1	LC738875.1	45.860	157	85	0	16612	16142	245212	244742	9.15e-91	117
LC738874.1	LC738875.1	62.195	82	31	0	196069	195824	241588	241343	1.20e-105	117
LC738874.1	LC738875.1	64.000	75	27	0	180154	179930	241567	241343	7.19e-168	117
LC738874.1	LC738875.1	46.053	152	82	0	16597	16142	241803	241348	5.08e-165	116
LC738874.1	LC738875.1	48.780	82	42	0	125787	126032	303945	304190	0.0	116
LC738874.1	LC738875.1	43.333	150	85	0	16611	16162	245211	244762	8.53e-50	116
LC738874.1	LC738875.1	78.000	50	11	0	218981	219130	274148	273999	0.0	115
LC738874.1	LC738875.1	38.281	128	79	0	34669	34286	69103	68720	0.0	115
LC738874.1	LC738875.1	37.795	127	79	0	200172	199792	329758	330138	0.0	115
LC738874.1	LC738875.1	55.340	103	46	0	190075	189767	245486	245178	3.37e-90	114
LC738874.1	LC738875.1	64.865	74	26	0	180151	179930	244958	244737	5.08e-165	114
LC738874.1	LC738875.1	61.728	81	31	0	182554	182312	244979	244737	7.19e-168	113
LC738874.1	LC738875.1	62.963	81	30	0	191722	191480	244979	244737	1.55e-122	113
LC738874.1	LC738875.1	54.369	103	47	0	190075	189767	242092	241784	0.0	112
LC738874.1	LC738875.1	50.000	82	41	0	28605	28360	79718	79963	9.27e-104	111
LC738874.1	LC738875.1	43.878	98	55	0	200985	200692	328873	329166	0.0	111
LC738874.1	LC738875.1	47.059	85	45	0	80733	80479	79724	79978	5.81e-42	111
LC738874.1	LC738875.1	43.846	130	73	0	16599	16988	245211	245600	4.43e-118	110
LC738874.1	LC738875.1	39.873	158	95	0	16143	16616	241349	241822	7.01e-71	110
LC738874.1	LC738875.1	100.000	39	0	0	234786	234670	269449	269565	0.0	108
LC738874.1	LC738875.1	42.718	103	59	0	98485	98793	113301	113609	0.0	107
LC738874.1	LC738875.1	100.000	47	0	0	239484	239624	266349	266209	0.0	107
LC738874.1	LC738875.1	53.448	116	54	0	15074	14727	357904	358251	0.0	107
LC738874.1	LC738875.1	53.448	116	54	0	284149	284496	357904	358251	0.0	106
LC738874.1	LC738875.1	100.000	44	0	0	238261	238392	267553	267422	0.0	104
LC738874.1	LC738875.1	36.170	188	120	0	218255	217692	274419	274982	0.0	104
LC738874.1	LC738875.1	46.067	89	48	0	80745	80479	274694	274428	8.53e-50	103
LC738874.1	LC738875.1	63.492	63	23	0	77735	77547	326911	326723	0.0	103
LC738874.1	LC738875.1	55.072	69	31	0	106417	106623	120555	120761	0.0	103
LC738874.1	LC738875.1	58.333	72	30	0	108682	108897	123054	123269	0.0	102
LC738874.1	LC738875.1	38.053	113	70	0	85099	84761	324705	325043	0.0	101
LC738874.1	LC738875.1	35.714	112	72	0	263347	263682	16260	15925	0.0	101
LC738874.1	LC738875.1	41.304	92	54	0	200601	200326	329266	329541	0.0	101
LC738874.1	LC738875.1	41.748	103	60	0	17018	16710	347209	346901	1.80e-50	100
LC738874.1	LC738875.1	51.316	76	37	0	31265	31038	274682	274455	0.0	99.6
LC738874.1	LC738875.1	60.000	80	32	0	182319	182558	241350	241589	4.79e-126	98.7
LC738874.1	LC738875.1	50.000	84	42	0	32969	32718	274745	274494	9.15e-91	97.7
LC738874.1	LC738875.1	61.972	71	27	0	192112	191900	245390	245178	1.55e-122	97.3
LC738874.1	LC738875.1	40.310	129	77	0	16998	16612	245610	245224	0.0	96.4
LC738874.1	LC738875.1	86.364	44	6	0	233861	233992	250299	250168	1.16e-27	96.4
LC738874.1	LC738875.1	53.333	90	42	0	182319	182588	244744	245013	2.47e-24	95.0
LC738874.1	LC738875.1	48.980	98	50	0	193995	194288	245197	245490	4.79e-126	95.0
LC738874.1	LC738875.1	36.283	113	72	0	266233	266571	13017	12679	0.0	94.5
LC738874.1	LC738875.1	70.370	54	16	0	189505	189344	241504	241343	9.67e-53	94.5
LC738874.1	LC738875.1	60.526	76	30	0	179937	180164	241350	241577	2.88e-84	94.5
LC738874.1	LC738875.1	100.000	42	0	0	240115	240240	265718	265593	0.0	94.5
LC738874.1	LC738875.1	44.037	109	61	0	218233	217907	79965	79639	1.09e-18	94.1
LC738874.1	LC738875.1	50.000	98	49	0	193995	194288	241803	242096	0.0	94.1
LC738874.1	LC738875.1	47.126	87	46	0	102280	102540	116289	116549	0.0	93.6
LC738874.1	LC738875.1	70.370	54	16	0	189505	189344	244898	244737	3.37e-90	93.6
LC738874.1	LC738875.1	39.041	146	89	0	16608	16171	241814	241377	8.11e-62	93.2
LC738874.1	LC738875.1	100.000	37	0	0	238309	238199	267505	267615	0.0	92.7
LC738874.1	LC738875.1	43.284	67	38	0	27522	27322	273533	273333	0.0	92.2
LC738874.1	LC738875.1	60.377	53	21	0	6335	6177	80274	80432	9.27e-104	91.3
LC738874.1	LC738875.1	55.128	78	35	0	182562	182329	241593	241360	1.31e-71	91.3
LC738874.1	LC738875.1	60.563	71	28	0	192112	191900	241996	241784	6.12e-72	90.9
LC738874.1	LC738875.1	54.217	83	38	0	186970	187218	241341	241589	0.0	90.4
LC738874.1	LC738875.1	65.455	55	19	0	193708	193544	244898	244734	0.0	90.4
LC738874.1	LC738875.1	50.450	111	55	0	183072	182740	245509	245177	8.11e-62	90.4
LC738874.1	LC738875.1	63.636	55	20	0	182713	182549	241741	241577	0.0	89.5
LC738874.1	LC738875.1	41.463	123	72	0	16614	16982	241832	242200	2.24e-33	89.5
LC738874.1	LC738875.1	56.579	76	33	0	179937	180164	244744	244971	7.01e-71	89.5
LC738874.1	LC738875.1	57.895	76	32	0	32344	32571	274045	274272	1.35e-25	89.5
LC738874.1	LC738875.1	63.636	55	20	0	182713	182549	245135	244971	7.19e-168	89.0
LC738874.1	LC738875.1	40.217	92	55	0	144964	145239	148389	148114	4.29e-140	88.6
LC738874.1	LC738875.1	63.636	55	20	0	193708	193544	241504	241340	1.45e-73	88.6
LC738874.1	LC738875.1	88.636	44	5	0	233991	233860	250169	250300	2.56e-23	88.6
LC738874.1	LC738875.1	66.667	54	18	0	184895	184734	241504	241343	1.55e-122	88.1
LC738874.1	LC738875.1	55.000	80	36	0	195831	196070	241350	241589	6.02e-75	88.1
LC738874.1	LC738875.1	47.959	98	51	0	185164	185457	245197	245490	7.01e-71	87.2
LC738874.1	LC738875.1	62.745	51	19	0	139318	139166	168600	168448	0.0	86.8
LC738874.1	LC738875.1	61.538	52	20	0	193948	193793	241741	241586	8.07e-141	86.8
LC738874.1	LC738875.1	64.815	54	19	0	184895	184734	244898	244737	1.31e-71	86.8
LC738874.1	LC738875.1	48.438	64	33	0	220587	220778	273524	273333	0.0	86.8
LC738874.1	LC738875.1	44.330	97	54	0	198804	198514	331177	331467	0.0	86.8
LC738874.1	LC738875.1	53.571	84	39	0	189792	190043	245203	245454	2.88e-84	86.3
LC738874.1	LC738875.1	53.012	83	39	0	186970	187218	244735	244983	4.79e-126	85.8
LC738874.1	LC738875.1	59.155	71	29	0	182739	182951	245176	245388	7.28e-64	85.4
LC738874.1	LC738875.1	44.444	72	40	0	31271	31056	79718	79933	3.45e-76	84.9
LC738874.1	LC738875.1	84.091	44	7	0	233865	233996	250295	250164	1.47e-21	84.9
LC738874.1	LC738875.1	66.667	48	16	0	180325	180182	241735	241592	7.19e-168	84.5
LC738874.1	LC738875.1	40.323	124	74	0	16983	16612	242201	241830	8.11e-62	84.5
LC738874.1	LC738875.1	47.191	89	47	0	187429	187695	245206	245472	6.49e-64	84.5
LC738874.1	LC738875.1	36.893	103	65	0	84652	84344	325146	325454	0.0	84.5
LC738874.1	LC738875.1	46.939	98	52	0	185164	185457	241803	242096	2.88e-84	84.0
LC738874.1	LC738875.1	55.263	76	34	0	182556	182329	244981	244754	2.87e-71	84.0
LC738874.1	LC738875.1	53.750	80	37	0	195831	196070	244744	244983	0.0	83.5
LC738874.1	LC738875.1	49.275	69	35	0	193423	193217	241228	241022	1.45e-73	83.1
LC738874.1	LC738875.1	43.023	86	49	0	218234	217977	79966	79709	3.07e-15	82.6
LC738874.1	LC738875.1	58.491	53	22	0	193948	193790	245135	244977	0.0	82.6
LC738874.1	LC738875.1	52.381	84	40	0	189792	190043	241809	242060	3.43e-73	82.2
LC738874.1	LC738875.1	59.259	54	22	0	189760	189599	241756	241595	0.0	81.7
LC738874.1	LC738875.1	41.333	75	44	0	14116	14340	358856	358632	0.0	81.7
LC738874.1	LC738875.1	41.333	75	44	0	285107	284883	358856	358632	0.0	81.7
LC738874.1	LC738875.1	37.500	88	55	0	107233	107496	121464	121727	0.0	81.3
LC738874.1	LC738875.1	57.746	71	30	0	182739	182951	241782	241994	4.79e-126	81.3
LC738874.1	LC738875.1	97.143	35	1	0	235540	235436	268407	268511	0.0	81.3
LC738874.1	LC738875.1	60.377	53	21	0	16856	16698	246243	246085	8.53e-50	80.8
LC738874.1	LC738875.1	100.000	35	0	0	240410	240306	265423	265527	0.0	80.8
LC738874.1	LC738875.1	91.176	34	3	0	235436	235335	268797	268898	0.0	80.8
LC738874.1	LC738875.1	59.259	54	22	0	126057	126218	304221	304382	0.0	80.8
LC738874.1	LC738875.1	54.902	51	23	0	218981	219133	80283	80435	2.42e-35	80.3
LC738874.1	LC738875.1	48.684	76	39	0	180174	179947	241587	241360	3.77e-35	80.3
LC738874.1	LC738875.1	100.000	32	0	0	239004	239099	266830	266735	0.0	80.3
LC738874.1	LC738875.1	43.363	113	64	0	16936	16598	245548	245210	9.15e-91	79.9
LC738874.1	LC738875.1	53.968	63	29	0	184601	184413	241210	241022	0.0	79.4
LC738874.1	LC738875.1	50.000	80	40	0	182327	182566	244752	244991	7.28e-64	79.4
LC738874.1	LC738875.1	43.243	111	63	0	14666	14334	358312	358644	0.0	79.4
LC738874.1	LC738875.1	37.190	121	76	0	110735	110373	125032	124670	0.0	78.5
LC738874.1	LC738875.1	55.556	63	28	0	195682	195494	241210	241022	1.20e-105	78.5
LC738874.1	LC738875.1	62.500	48	18	0	180325	180182	245129	244986	5.08e-165	78.5
LC738874.1	LC738875.1	32.143	84	57	0	259906	260157	19728	19477	0.0	78.0
LC738874.1	LC738875.1	100.000	35	0	0	239466	239362	266367	266471	0.0	78.0
LC738874.1	LC738875.1	44.828	58	32	0	4914	4741	273515	273342	1.74e-15	78.0
LC738874.1	LC738875.1	50.000	82	41	0	27995	28240	274006	274251	0.0	78.0
LC738874.1	LC738875.1	41.463	82	48	0	187215	186970	244980	244735	5.25e-49	77.6
LC738874.1	LC738875.1	41.441	111	65	0	187401	187733	245178	245510	2.67e-53	77.6
LC738874.1	LC738875.1	100.000	40	0	0	239154	239273	266680	266561	0.0	77.6
LC738874.1	LC738875.1	48.352	91	47	0	28331	28603	274414	274686	0.0	77.6
LC738874.1	LC738875.1	41.892	74	43	0	140689	140910	152451	152230	4.29e-140	77.1
LC738874.1	LC738875.1	47.826	69	36	0	195245	195039	241228	241022	1.07e-16	77.1
LC738874.1	LC738875.1	46.429	84	45	0	187429	187680	241812	242063	2.43e-52	77.1
LC738874.1	LC738875.1	57.627	59	25	0	195682	195506	244604	244428	8.07e-141	76.7
LC738874.1	LC738875.1	51.667	60	29	0	193423	193244	244622	244443	0.0	76.7
LC738874.1	LC738875.1	39.241	79	48	0	32298	32534	273999	274235	1.02e-18	76.7
LC738874.1	LC738875.1	49.367	79	40	0	182327	182563	241358	241594	5.65e-44	76.2
LC738874.1	LC738875.1	50.909	55	27	0	80217	80053	274157	273993	8.53e-50	76.2
LC738874.1	LC738875.1	46.377	69	37	0	76868	76662	326032	325826	0.0	76.2
LC738874.1	LC738875.1	42.342	111	64	0	284557	284889	358312	358644	0.0	76.2
LC738874.1	LC738875.1	44.231	104	58	0	194288	193977	245490	245179	8.29e-48	75.8
LC738874.1	LC738875.1	45.614	57	31	0	219127	218957	274002	274172	0.0	75.8
LC738874.1	LC738875.1	31.183	186	128	0	217694	218251	274980	274423	0.0	75.8
LC738874.1	LC738875.1	42.105	76	44	0	180730	180503	347137	346910	0.0	75.8
LC738874.1	LC738875.1	47.887	71	37	0	218027	218239	79759	79971	4.94e-13	75.3
LC738874.1	LC738875.1	54.098	61	28	0	189217	189035	241228	241046	8.07e-141	75.3
LC738874.1	LC738875.1	62.500	48	18	0	189742	189599	245132	244989	3.37e-90	75.3
LC738874.1	LC738875.1	56.716	67	29	0	6199	6399	274021	274221	6.79e-13	74.8
LC738874.1	LC738875.1	49.123	57	29	0	191896	191726	241756	241586	6.12e-72	74.4
LC738874.1	LC738875.1	41.818	110	64	0	16936	16607	242154	241825	9.33e-13	74.4
LC738874.1	LC738875.1	54.098	61	28	0	189217	189035	244622	244440	1.55e-122	74.4
LC738874.1	LC738875.1	56.061	66	29	0	184741	184938	241350	241547	1.77e-46	73.9
LC738874.1	LC738875.1	39.286	84	51	0	30696	30947	274008	274259	4.43e-118	73.9
LC738874.1	LC738875.1	41.333	75	44	0	118503	118279	297443	297219	0.0	73.9
LC738874.1	LC738875.1	43.396	53	30	0	28146	27988	80274	80432	3.45e-76	73.5
LC738874.1	LC738875.1	47.541	61	32	0	191905	191723	245159	244977	1.55e-122	73.5
LC738874.1	LC738875.1	58.065	62	26	0	180375	180560	245203	245388	1.54e-51	73.5
LC738874.1	LC738875.1	43.210	81	46	0	189353	189595	241352	241594	3.43e-73	73.0
LC738874.1	LC738875.1	40.000	135	81	0	16205	16609	241411	241815	2.24e-33	73.0
LC738874.1	LC738875.1	53.226	62	29	0	184601	184416	244604	244419	0.0	73.0
LC738874.1	LC738875.1	60.714	56	22	0	193542	193709	244732	244899	3.43e-73	73.0
LC738874.1	LC738875.1	52.941	51	24	0	8815	8663	274148	273996	2.42e-12	73.0
LC738874.1	LC738875.1	47.273	55	29	0	39552	39716	35883	35719	1.27e-75	72.5
LC738874.1	LC738875.1	56.000	50	22	0	189339	189488	241338	241487	9.43e-37	72.5
LC738874.1	LC738875.1	44.144	111	62	0	183072	182740	242115	241783	1.31e-71	72.5
LC738874.1	LC738875.1	47.059	68	36	0	195245	195042	244622	244419	9.36e-16	72.5
LC738874.1	LC738875.1	63.043	46	17	0	194251	194114	246228	246091	0.0	72.1
LC738874.1	LC738875.1	58.000	50	21	0	127275	127424	305403	305552	0.0	72.1
LC738874.1	LC738875.1	35.484	93	60	0	184895	184617	346447	346169	0.0	72.1
LC738874.1	LC738875.1	48.148	54	28	0	8818	8657	80280	80441	6.27e-12	71.6
LC738874.1	LC738875.1	46.512	86	46	0	193776	193519	241572	241315	3.37e-25	71.6
LC738874.1	LC738875.1	55.738	61	27	0	182529	182711	244951	245133	7.01e-71	71.6
LC738874.1	LC738875.1	39.231	130	79	0	16598	16987	245210	245599	1.75e-45	71.6
LC738874.1	LC738875.1	43.077	65	37	0	16337	16143	5016	5210	3.92e-23	71.2
LC738874.1	LC738875.1	41.538	65	38	0	16337	16143	10186	10380	7.24e-23	71.2
LC738874.1	LC738875.1	41.463	82	48	0	187215	186970	241586	241341	3.37e-90	71.2
LC738874.1	LC738875.1	48.148	81	42	0	189594	189352	241593	241351	6.05e-27	71.2
LC738874.1	LC738875.1	54.717	53	24	0	189339	189497	244732	244890	2.88e-84	71.2
LC738874.1	LC738875.1	40.741	81	48	0	191723	191481	244980	244738	7.08e-46	71.2
LC738874.1	LC738875.1	38.889	72	44	0	39705	39920	35673	35458	1.27e-75	70.7
LC738874.1	LC738875.1	42.857	56	32	0	32447	32280	80283	80450	1.18e-11	70.7
LC738874.1	LC738875.1	58.621	58	24	0	191487	191660	244744	244917	3.41e-57	70.7
LC738874.1	LC738875.1	40.299	67	40	0	182518	182318	5010	5210	3.05e-21	70.3
LC738874.1	LC738875.1	52.941	51	24	0	34267	34115	68713	68561	0.0	70.3
LC738874.1	LC738875.1	58.929	56	23	0	193542	193709	241338	241505	1.13e-51	70.3
LC738874.1	LC738875.1	50.000	58	29	0	118194	118021	297023	296850	0.0	70.3
LC738874.1	LC738875.1	43.077	65	37	0	16337	16143	7568	7762	1.34e-22	69.8
LC738874.1	LC738875.1	40.179	112	67	0	107165	106830	121297	120962	0.0	69.8
LC738874.1	LC738875.1	36.486	74	47	0	135619	135398	164856	164635	0.0	69.8
LC738874.1	LC738875.1	49.231	65	33	0	184425	184619	241034	241228	0.0	69.8
LC738874.1	LC738875.1	56.897	58	25	0	191487	191660	241350	241523	3.31e-55	69.8
LC738874.1	LC738875.1	37.838	111	69	0	187401	187733	241784	242116	1.74e-32	69.8
LC738874.1	LC738875.1	40.299	67	40	0	182518	182318	7562	7762	3.44e-23	69.3
LC738874.1	LC738875.1	41.935	62	36	0	220587	220772	80983	81168	2.42e-35	69.3
LC738874.1	LC738875.1	59.259	54	22	0	182550	182711	241578	241739	4.79e-126	69.3
LC738874.1	LC738875.1	49.180	61	31	0	184437	184619	244440	244622	4.79e-126	69.3
LC738874.1	LC738875.1	42.500	80	46	0	195839	196078	244752	244991	9.89e-55	69.3
LC738874.1	LC738875.1	71.111	45	13	0	196387	196253	245312	245178	8.07e-141	69.3
LC738874.1	LC738875.1	52.941	51	24	0	180640	180488	246243	246091	3.07e-11	69.3
LC738874.1	LC738875.1	42.727	110	63	0	264305	263976	15221	15550	0.0	68.9
LC738874.1	LC738875.1	37.838	74	46	0	261625	261846	17916	17695	0.0	68.9
LC738874.1	LC738875.1	48.276	58	30	0	280422	280249	49179	49006	4.44e-68	68.9
LC738874.1	LC738875.1	56.863	51	22	0	6175	6327	80434	80282	1.27e-75	68.9
LC738874.1	LC738875.1	54.839	62	28	0	180375	180560	241809	241994	2.23e-42	68.9
LC738874.1	LC738875.1	58.182	55	23	0	195519	195683	244441	244605	0.0	68.9
LC738874.1	LC738875.1	50.000	66	33	0	184741	184938	244744	244941	2.82e-47	68.9
LC738874.1	LC738875.1	47.436	78	41	0	189353	189586	244746	244979	1.19e-41	68.9
LC738874.1	LC738875.1	65.909	44	15	0	16726	16857	246113	246244	1.35e-25	68.9
LC738874.1	LC738875.1	53.030	66	31	0	30700	30897	274012	274209	1.11e-14	68.9
LC738874.1	LC738875.1	44.156	77	43	0	179945	180175	241358	241588	2.23e-42	68.4
LC738874.1	LC738875.1	49.123	57	29	0	195518	195688	244440	244610	9.89e-55	68.4
LC738874.1	LC738875.1	58.182	55	23	0	189036	189200	244441	244605	2.88e-84	68.4
LC738874.1	LC738875.1	42.500	80	46	0	186987	187226	244752	244991	6.49e-64	68.4
LC738874.1	LC738875.1	44.872	78	43	0	57617	57384	313003	312770	0.0	68.4
LC738874.1	LC738875.1	47.059	51	27	0	57769	57921	313161	313313	4.43e-118	68.4
LC738874.1	LC738875.1	47.059	51	27	0	57769	57921	315708	315860	1.35e-25	68.4
LC738874.1	LC738875.1	49.091	55	28	0	168383	168219	51694	51858	9.27e-104	68.0
LC738874.1	LC738875.1	47.826	69	36	0	186642	186848	241022	241228	3.43e-73	68.0
LC738874.1	LC738875.1	52.381	63	30	0	195495	195683	241023	241211	6.02e-75	68.0
LC738874.1	LC738875.1	48.101	79	41	0	189588	189352	244981	244745	3.85e-46	68.0
LC738874.1	LC738875.1	45.455	77	42	0	179945	180175	244752	244982	1.54e-51	68.0
LC738874.1	LC738875.1	56.364	55	24	0	182555	182719	244977	245141	7.28e-64	68.0
LC738874.1	LC738875.1	38.806	67	41	0	182518	182318	10180	10380	3.34e-40	67.5
LC738874.1	LC738875.1	36.486	74	47	0	135619	135398	161924	161703	0.0	67.5
LC738874.1	LC738875.1	40.506	79	47	0	179794	179558	241228	240992	0.0	67.5
LC738874.1	LC738875.1	56.364	55	24	0	186848	186684	241228	241064	3.37e-90	67.5
LC738874.1	LC738875.1	58.696	46	19	0	185420	185283	246228	246091	8.11e-62	67.5
LC738874.1	LC738875.1	54.000	50	23	0	187703	187554	347059	346910	5.08e-165	67.5
LC738874.1	LC738875.1	45.745	94	51	0	248936	249217	141867	141586	0.0	67.0
LC738874.1	LC738875.1	41.772	79	46	0	195839	196075	241358	241594	3.14e-40	67.0
LC738874.1	LC738875.1	43.836	73	41	0	191723	191505	241586	241368	6.12e-72	67.0
LC738874.1	LC738875.1	44.144	111	62	0	194307	193975	242115	241783	1.45e-73	67.0
LC738874.1	LC738875.1	47.436	78	41	0	182320	182553	244745	244978	6.18e-47	67.0
LC738874.1	LC738875.1	100.000	27	0	0	236065	236145	267882	267802	0.0	67.0
LC738874.1	LC738875.1	42.857	56	32	0	27954	27787	273932	273765	0.0	67.0
LC738874.1	LC738875.1	34.328	67	44	0	124848	125048	302982	303182	0.0	67.0
LC738874.1	LC738875.1	33.333	90	60	0	88300	88031	355692	355961	0.0	67.0
LC738874.1	LC738875.1	38.710	62	38	0	193711	193526	5052	5237	9.27e-104	66.6
LC738874.1	LC738875.1	38.710	62	38	0	193711	193526	7604	7789	3.45e-76	66.6
LC738874.1	LC738875.1	53.521	71	33	0	108896	108684	123268	123056	0.0	66.6
LC738874.1	LC738875.1	44.872	78	43	0	187222	186989	241593	241360	1.17e-38	66.6
LC738874.1	LC738875.1	68.889	45	14	0	196387	196253	241918	241784	1.20e-105	66.6
LC738874.1	LC738875.1	47.368	76	40	0	180174	179947	244981	244754	8.11e-62	66.6
LC738874.1	LC738875.1	54.545	55	25	0	193790	193954	244977	245141	4.79e-126	66.6
LC738874.1	LC738875.1	52.083	48	23	0	190048	189905	246234	246091	7.19e-168	66.6
LC738874.1	LC738875.1	69.767	43	13	0	219108	218980	274021	274149	0.0	66.6
LC738874.1	LC738875.1	41.573	89	52	0	28342	28608	274425	274691	2.06e-14	66.6
LC738874.1	LC738875.1	60.000	35	14	0	191446	191342	244724	244620	1.55e-122	66.1
LC738874.1	LC738875.1	50.000	82	41	0	193790	193545	244980	244735	8.29e-48	66.1
LC738874.1	LC738875.1	56.522	46	20	0	183016	182879	246228	246091	5.08e-165	66.1
LC738874.1	LC738875.1	41.509	53	31	0	30590	30432	273917	273759	0.0	66.1
LC738874.1	LC738875.1	44.681	47	26	0	33113	32973	274868	274728	0.0	66.1
LC738874.1	LC738875.1	52.727	55	26	0	77381	77217	326545	326381	0.0	66.1
LC738874.1	LC738875.1	32.857	70	47	0	96595	96804	111153	111362	0.0	65.7
LC738874.1	LC738875.1	46.774	62	33	0	182167	181982	241207	241022	1.55e-122	65.7
LC738874.1	LC738875.1	65.714	35	12	0	195790	195686	244724	244620	8.07e-141	65.7
LC738874.1	LC738875.1	39.474	76	46	0	196067	195840	244980	244753	2.48e-47	65.7
LC738874.1	LC738875.1	45.045	111	61	0	194307	193975	245509	245177	5.05e-31	65.7
LC738874.1	LC738875.1	48.529	68	35	0	182749	182952	245186	245389	3.90e-10	65.7
LC738874.1	LC738875.1	38.710	62	38	0	193711	193526	10222	10407	8.82e-23	65.2
LC738874.1	LC738875.1	60.526	38	15	0	187331	187218	241699	241586	3.37e-90	65.2
LC738874.1	LC738875.1	43.396	53	30	0	184898	184740	5052	5210	4.91e-27	64.8
LC738874.1	LC738875.1	43.396	53	30	0	184898	184740	7604	7762	9.27e-104	64.8
LC738874.1	LC738875.1	53.846	39	18	0	27468	27352	81028	81144	3.45e-76	64.8
LC738874.1	LC738875.1	49.057	53	27	0	128932	129090	134770	134928	0.0	64.8
LC738874.1	LC738875.1	57.143	35	15	0	191446	191342	241330	241226	8.07e-141	64.8
LC738874.1	LC738875.1	40.506	79	47	0	186987	187223	241358	241594	2.43e-52	64.8
LC738874.1	LC738875.1	79.310	29	6	0	186920	186834	244706	244620	0.0	64.8
LC738874.1	LC738875.1	49.315	73	37	0	193773	193555	244963	244745	5.05e-31	64.8
LC738874.1	LC738875.1	56.410	39	17	0	31448	31332	274844	274728	0.0	64.8
LC738874.1	LC738875.1	44.262	61	34	0	196564	196382	347065	346883	0.0	64.8
LC738874.1	LC738875.1	30.233	86	60	0	196075	195818	4965	5222	3.45e-76	64.3
LC738874.1	LC738875.1	34.722	72	47	0	187169	186954	5019	5234	1.33e-11	64.3
LC738874.1	LC738875.1	62.857	35	13	0	195790	195686	241330	241226	1.20e-105	64.3
LC738874.1	LC738875.1	100.000	32	0	0	239477	239382	266356	266451	0.0	64.3
LC738874.1	LC738875.1	40.000	70	42	0	193214	193423	241019	241228	1.13e-51	63.8
LC738874.1	LC738875.1	44.615	65	36	0	195494	195688	241022	241216	3.14e-40	63.8
LC738874.1	LC738875.1	52.727	55	26	0	186848	186684	244622	244458	5.25e-49	63.8
LC738874.1	LC738875.1	49.180	61	31	0	191928	192110	245206	245388	3.41e-57	63.8
LC738874.1	LC738875.1	57.895	57	24	0	126261	126431	304401	304571	0.0	63.8
LC738874.1	LC738875.1	31.395	86	59	0	196075	195818	10135	10392	1.53e-19	63.4
LC738874.1	LC738875.1	35.821	67	43	0	180136	179936	10180	10380	9.27e-104	63.4
LC738874.1	LC738875.1	40.230	87	52	0	111067	111327	125361	125621	0.0	63.4
LC738874.1	LC738875.1	75.862	29	7	0	186920	186834	241312	241226	0.0	63.4
LC738874.1	LC738875.1	44.872	78	43	0	196074	195841	241593	241360	1.64e-42	63.4
LC738874.1	LC738875.1	57.895	38	16	0	196183	196070	241699	241586	1.20e-105	63.4
LC738874.1	LC738875.1	51.786	56	27	0	186681	186848	244455	244622	6.49e-64	63.4
LC738874.1	LC738875.1	67.647	34	11	0	193510	193409	244721	244620	0.0	63.4
LC738874.1	LC738875.1	40.000	80	48	0	191495	191734	244752	244991	6.34e-39	63.4
LC738874.1	LC738875.1	47.059	68	36	0	185153	185356	245186	245389	2.82e-47	63.4
LC738874.1	LC738875.1	45.161	62	34	0	28039	28224	274050	274235	1.91e-09	63.4
LC738874.1	LC738875.1	50.000	68	34	0	31063	31266	274480	274683	4.43e-118	63.4
LC738874.1	LC738875.1	34.328	67	44	0	180136	179936	5010	5210	1.15e-31	62.9
LC738874.1	LC738875.1	54.545	55	25	0	189036	189200	241047	241211	9.43e-37	62.9
LC738874.1	LC738875.1	50.820	61	30	0	180542	180360	245370	245188	8.00e-20	62.9
LC738874.1	LC738875.1	40.000	60	36	0	196564	196385	245486	245307	8.07e-141	62.9
LC738874.1	LC738875.1	42.222	90	52	0	218235	217966	79967	79698	3.60e-09	62.5
LC738874.1	LC738875.1	55.102	49	22	0	193800	193946	241593	241739	0.0	62.5
LC738874.1	LC738875.1	55.102	49	22	0	193800	193946	244987	245133	3.43e-73	62.5
LC738874.1	LC738875.1	43.137	51	29	0	32258	32106	273917	273765	9.15e-91	62.5
LC738874.1	LC738875.1	30.233	86	60	0	196075	195818	7517	7774	8.82e-23	62.0
LC738874.1	LC738875.1	34.722	72	47	0	187169	186954	7571	7786	6.16e-11	62.0
LC738874.1	LC738875.1	44.286	70	39	0	195036	195245	241019	241228	4.94e-09	62.0
LC738874.1	LC738875.1	64.706	34	12	0	193510	193409	241327	241226	1.45e-73	62.0
LC738874.1	LC738875.1	50.909	55	27	0	182555	182719	241583	241747	2.88e-84	62.0
LC738874.1	LC738875.1	64.706	34	12	0	179881	179780	244721	244620	5.08e-165	62.0
LC738874.1	LC738875.1	52.273	44	21	0	78647	78516	327781	327650	0.0	62.0
LC738874.1	LC738875.1	43.750	64	36	0	16340	16149	346489	346298	1.80e-50	62.0
LC738874.1	LC738875.1	34.328	67	44	0	180136	179936	7562	7762	1.55e-31	61.5
LC738874.1	LC738875.1	44.231	52	29	0	80208	80053	80283	80438	5.81e-42	61.5
LC738874.1	LC738875.1	46.154	78	42	0	182320	182553	241351	241584	6.79e-09	61.5
LC738874.1	LC738875.1	40.984	61	36	0	193241	193423	244440	244622	3.43e-73	61.5
LC738874.1	LC738875.1	58.974	39	16	0	187331	187215	245093	244977	0.0	61.5
LC738874.1	LC738875.1	58.974	39	16	0	187676	187560	246228	246112	1.31e-71	61.5
LC738874.1	LC738875.1	35.938	64	41	0	191677	191486	5019	5210	3.34e-40	61.1
LC738874.1	LC738875.1	33.333	72	48	0	187169	186954	10189	10404	1.14e-10	61.1
LC738874.1	LC738875.1	39.241	79	48	0	191495	191731	241358	241594	5.29e-21	61.1
LC738874.1	LC738875.1	42.308	78	45	0	191730	191497	241593	241360	2.94e-33	61.1
LC738874.1	LC738875.1	37.037	54	34	0	7625	7464	273500	273339	9.33e-09	61.1
LC738874.1	LC738875.1	41.509	53	31	0	184898	184740	10222	10380	3.45e-76	60.6
LC738874.1	LC738875.1	35.211	71	46	0	32930	32718	79700	79912	3.34e-40	60.6
LC738874.1	LC738875.1	45.098	51	28	0	4878	4726	81028	81180	9.27e-104	60.6
LC738874.1	LC738875.1	40.351	57	34	0	141952	142122	151371	151201	4.29e-140	60.6
LC738874.1	LC738875.1	61.765	34	13	0	179881	179780	241327	241226	0.0	60.6
LC738874.1	LC738875.1	43.478	92	52	0	194252	193977	242060	241785	1.28e-08	60.6
LC738874.1	LC738875.1	49.180	61	31	0	191928	192110	241812	241994	3.31e-55	60.6
LC738874.1	LC738875.1	48.276	58	30	0	179794	179621	244622	244449	5.08e-165	60.6
LC738874.1	LC738875.1	49.123	57	29	0	193607	193777	244797	244967	2.58e-41	60.6
LC738874.1	LC738875.1	40.845	71	42	0	27966	28178	273977	274189	2.37e-15	60.6
LC738874.1	LC738875.1	48.148	54	28	0	185456	185295	347068	346907	0.0	60.6
LC738874.1	LC738875.1	44.643	56	31	0	194296	194129	347077	346910	7.19e-168	60.6
LC738874.1	LC738875.1	28.682	129	92	0	264363	263977	15163	15549	0.0	60.2
LC738874.1	LC738875.1	43.820	89	50	0	41173	40907	34229	34495	3.45e-76	60.2
LC738874.1	LC738875.1	41.667	60	35	0	196564	196385	242092	241913	1.20e-105	60.2
LC738874.1	LC738875.1	41.176	68	40	0	195042	195245	244419	244622	2.84e-10	60.2
LC738874.1	LC738875.1	60.526	38	15	0	196183	196070	245093	244980	8.07e-141	60.2
LC738874.1	LC738875.1	35.938	64	41	0	191677	191486	10189	10380	2.70e-17	59.7
LC738874.1	LC738875.1	39.474	76	46	0	196067	195840	241586	241359	6.98e-24	59.7
LC738874.1	LC738875.1	43.836	73	41	0	16610	16828	241828	242046	2.42e-08	59.7
LC738874.1	LC738875.1	46.341	82	44	0	182555	182310	244980	244735	1.00e-25	59.7
LC738874.1	LC738875.1	43.137	51	29	0	6809	6657	274679	274527	4.66e-63	59.7
LC738874.1	LC738875.1	46.667	60	32	0	77548	77727	326724	326903	4.43e-118	59.7
LC738874.1	LC738875.1	42.373	59	34	0	190093	189917	347083	346907	1.31e-71	59.7
LC738874.1	LC738875.1	42.553	47	27	0	30836	30696	80283	80423	3.34e-40	59.3
LC738874.1	LC738875.1	52.830	53	25	0	189590	189748	244980	245138	2.88e-84	59.3
LC738874.1	LC738875.1	100.000	25	0	0	240337	240411	265496	265422	0.0	59.3
LC738874.1	LC738875.1	38.571	70	43	0	180133	179924	346489	346280	0.0	59.3
LC738874.1	LC738875.1	42.029	69	40	0	196027	195821	346489	346283	0.0	59.3
LC738874.1	LC738875.1	47.170	53	28	0	183049	182891	347065	346907	9.15e-91	59.3
LC738874.1	LC738875.1	35.938	64	41	0	191677	191486	7571	7762	1.09e-17	58.8
LC738874.1	LC738875.1	41.584	101	59	0	143441	143139	149870	150172	8.82e-23	58.8
LC738874.1	LC738875.1	28.571	98	70	0	82511	82218	153896	153603	7.19e-168	58.8
LC738874.1	LC738875.1	42.373	59	34	0	182167	181991	244601	244425	7.19e-168	58.8
LC738874.1	LC738875.1	53.846	52	24	0	195073	195228	244450	244605	1.31e-09	58.8
LC738874.1	LC738875.1	44.872	78	43	0	189352	189585	244745	244978	6.20e-24	58.8
LC738874.1	LC738875.1	75.000	28	7	0	234251	234168	249788	249871	6.21e-56	58.8
LC738874.1	LC738875.1	100.000	40	0	0	240291	240410	265542	265423	0.0	58.8
LC738874.1	LC738875.1	46.575	73	39	0	127696	127478	305827	305609	0.0	58.8
LC738874.1	LC738875.1	47.826	46	24	0	185111	184974	241729	241592	1.55e-122	58.3
LC738874.1	LC738875.1	58.491	53	22	0	184444	184602	244447	244605	2.82e-47	58.3
LC738874.1	LC738875.1	58.824	34	14	0	184706	184605	244721	244620	1.31e-71	58.3
LC738874.1	LC738875.1	53.061	49	23	0	182711	182565	245133	244987	2.87e-71	58.3
LC738874.1	LC738875.1	49.180	61	31	0	189959	189777	245370	245188	3.85e-46	58.3
LC738874.1	LC738875.1	45.652	46	25	0	256243	256380	23265	23128	0.0	57.9
LC738874.1	LC738875.1	57.778	45	19	0	182711	182577	241739	241605	1.31e-71	57.9
LC738874.1	LC738875.1	50.877	57	28	0	193540	193710	244730	244900	2.11e-14	57.9
LC738874.1	LC738875.1	46.053	76	41	0	187216	186989	244981	244754	9.84e-23	57.9
LC738874.1	LC738875.1	45.333	75	41	0	16385	16609	244985	245209	1.35e-25	57.9
LC738874.1	LC738875.1	55.769	52	23	0	182897	183052	245334	245489	6.18e-47	57.9
LC738874.1	LC738875.1	52.083	48	23	0	194144	194287	245346	245489	3.43e-73	57.9
LC738874.1	LC738875.1	35.417	96	62	0	6165	6452	273987	274274	8.62e-08	57.9
LC738874.1	LC738875.1	47.761	67	35	0	28226	28026	274237	274037	2.45e-11	57.9
LC738874.1	LC738875.1	49.180	61	31	0	32345	32527	274046	274228	8.62e-08	57.9
LC738874.1	LC738875.1	55.556	36	16	0	126510	126617	304677	304784	0.0	57.9
LC738874.1	LC738875.1	39.726	73	44	0	187175	186957	346489	346271	5.08e-165	57.9
LC738874.1	LC738875.1	56.410	39	17	0	196531	196415	246228	246112	1.55e-122	57.4
LC738874.1	LC738875.1	47.917	48	25	0	198393	198250	331612	331755	0.0	57.4
LC738874.1	LC738875.1	55.882	34	15	0	184706	184605	241327	241226	1.55e-122	57.0
LC738874.1	LC738875.1	45.455	55	30	0	193790	193954	241583	241747	1.13e-51	57.0
LC738874.1	LC738875.1	41.975	81	47	0	186971	187213	244736	244978	2.67e-53	57.0
LC738874.1	LC738875.1	47.368	57	30	0	189587	189417	244980	244810	1.53e-19	57.0
LC738874.1	LC738875.1	52.727	55	26	0	187215	187379	244977	245141	6.49e-64	57.0
LC738874.1	LC738875.1	51.020	49	24	0	180179	180325	244983	245129	1.54e-51	57.0
LC738874.1	LC738875.1	100.000	22	0	0	238852	238917	266982	266917	0.0	57.0
LC738874.1	LC738875.1	37.647	85	53	0	84777	85031	325027	324773	0.0	57.0
LC738874.1	LC738875.1	40.385	52	31	0	189505	189350	5055	5210	2.16e-18	56.5
LC738874.1	LC738875.1	40.385	52	31	0	189505	189350	7607	7762	3.34e-40	56.5
LC738874.1	LC738875.1	40.741	54	32	0	36403	36242	70774	70613	0.0	56.5
LC738874.1	LC738875.1	37.097	62	39	0	139663	139478	168966	168781	0.0	56.5
LC738874.1	LC738875.1	46.970	66	35	0	191148	191345	241020	241217	3.31e-55	56.5
LC738874.1	LC738875.1	56.604	53	23	0	184444	184602	241053	241211	1.77e-46	56.5
LC738874.1	LC738875.1	42.188	64	37	0	193607	193798	241403	241594	3.91e-31	56.5
LC738874.1	LC738875.1	50.000	56	28	0	182555	182388	241586	241419	3.26e-09	56.5
LC738874.1	LC738875.1	46.429	56	30	0	193790	193623	241586	241419	2.24e-07	56.5
LC738874.1	LC738875.1	47.826	46	24	0	185111	184974	245123	244986	1.31e-71	56.5
LC738874.1	LC738875.1	58.974	39	16	0	185262	185146	245295	245179	1.31e-71	56.5
LC738874.1	LC738875.1	42.000	50	29	0	28173	28024	274619	274470	3.26e-09	56.5
LC738874.1	LC738875.1	53.333	45	21	0	77174	77040	326332	326198	0.0	56.5
LC738874.1	LC738875.1	41.860	43	25	0	13945	14073	359030	358902	0.0	56.5
LC738874.1	LC738875.1	41.860	43	25	0	285278	285150	359030	358902	0.0	56.5
LC738874.1	LC738875.1	38.776	49	30	0	266689	266835	12501	12355	0.0	56.1
LC738874.1	LC738875.1	38.636	44	27	0	35962	35831	70294	70163	0.0	56.1
LC738874.1	LC738875.1	41.667	84	49	0	109403	109152	123772	123521	0.0	56.1
LC738874.1	LC738875.1	49.231	65	33	0	195684	195490	241212	241018	1.64e-42	56.1
LC738874.1	LC738875.1	42.647	68	39	0	185153	185356	241792	241995	1.77e-46	56.1
LC738874.1	LC738875.1	51.515	66	32	0	185353	185156	245386	245189	3.07e-07	56.1
LC738874.1	LC738875.1	51.923	52	25	0	185301	185456	245334	245489	7.98e-35	56.1
LC738874.1	LC738875.1	54.545	44	20	0	196424	196555	245346	245477	0.0	56.1
LC738874.1	LC738875.1	38.776	49	30	0	28812	28666	274868	274722	6.10e-20	56.1
LC738874.1	LC738875.1	43.750	64	36	0	191683	191492	346489	346298	7.19e-168	56.1
LC738874.1	LC738875.1	78.571	28	6	0	279837	279754	48591	48508	4.44e-68	55.6
LC738874.1	LC738875.1	74.194	31	8	0	139173	139265	168455	168547	0.0	55.6
LC738874.1	LC738875.1	63.889	36	13	0	187225	187332	241593	241700	2.43e-52	55.6
LC738874.1	LC738875.1	63.889	36	13	0	196077	196184	241593	241700	6.02e-75	55.6
LC738874.1	LC738875.1	34.426	61	40	0	219479	219661	273929	273747	0.0	55.6
LC738874.1	LC738875.1	31.081	74	51	0	78281	78060	327439	327218	0.0	55.6
LC738874.1	LC738875.1	40.909	44	26	0	270495	270364	340406	340275	0.0	55.6
LC738874.1	LC738875.1	42.623	61	35	0	182506	182324	346480	346298	9.15e-91	55.6
LC738874.1	LC738875.1	38.462	52	32	0	189505	189350	10225	10380	2.55e-15	55.1
LC738874.1	LC738875.1	49.180	61	31	0	277046	277228	45425	45607	5.80e-07	55.1
LC738874.1	LC738875.1	45.000	40	22	0	277452	277333	46008	45889	4.44e-68	55.1
LC738874.1	LC738875.1	40.000	50	30	0	28173	28024	79787	79936	5.80e-07	55.1
LC738874.1	LC738875.1	46.000	50	27	0	191296	191147	241168	241019	6.12e-72	55.1
LC738874.1	LC738875.1	58.974	39	16	0	182858	182742	245295	245179	1.00e-25	55.1
LC738874.1	LC738875.1	60.526	38	15	0	129425	129312	135266	135153	0.0	54.7
LC738874.1	LC738875.1	77.778	27	6	0	790	710	238659	238739	9.27e-104	54.7
LC738874.1	LC738875.1	44.262	61	34	0	184445	184627	244448	244630	7.98e-35	54.7
LC738874.1	LC738875.1	57.143	35	15	0	16142	16038	244730	244626	0.0	54.7
LC738874.1	LC738875.1	53.704	54	25	0	196070	196231	244980	245141	0.0	54.7
LC738874.1	LC738875.1	42.000	50	29	0	220777	220628	273334	273483	0.0	54.7
LC738874.1	LC738875.1	38.000	50	31	0	218055	218204	274184	274035	0.0	54.7
LC738874.1	LC738875.1	44.776	67	37	0	218035	218235	79767	79967	1.09e-06	54.2
LC738874.1	LC738875.1	55.263	38	17	0	95002	95115	109545	109658	0.0	54.2
LC738874.1	LC738875.1	50.000	52	26	0	195073	195228	241056	241211	1.09e-06	54.2
LC738874.1	LC738875.1	57.143	35	15	0	16142	16038	241336	241232	0.0	54.2
LC738874.1	LC738875.1	55.882	34	15	0	189304	189203	244721	244620	3.37e-90	54.2
LC738874.1	LC738875.1	41.758	91	53	0	34317	34589	68751	69023	0.0	53.8
LC738874.1	LC738875.1	46.032	63	34	0	109106	108918	123475	123287	0.0	53.8
LC738874.1	LC738875.1	49.091	55	28	0	186667	186831	241047	241211	2.43e-52	53.8
LC738874.1	LC738875.1	44.737	76	42	0	196068	195841	244981	244754	7.31e-25	53.8
LC738874.1	LC738875.1	46.429	56	30	0	27326	27493	273337	273504	0.0	53.8
LC738874.1	LC738875.1	48.611	72	37	0	28216	28001	274227	274012	5.24e-10	53.8
LC738874.1	LC738875.1	51.220	41	20	0	125358	125480	303504	303626	0.0	53.8
LC738874.1	LC738875.1	31.250	64	44	0	40305	40496	35091	34900	1.27e-75	53.3
LC738874.1	LC738875.1	45.455	55	30	0	278202	278038	46809	46645	4.44e-68	53.3
LC738874.1	LC738875.1	42.000	50	29	0	32483	32334	79787	79936	2.06e-06	53.3
LC738874.1	LC738875.1	46.939	49	26	0	109549	109695	123894	124040	0.0	53.3
LC738874.1	LC738875.1	45.902	61	33	0	184445	184627	241054	241236	5.31e-36	53.3
LC738874.1	LC738875.1	56.098	41	18	0	184749	184871	241358	241480	5.31e-36	53.3
LC738874.1	LC738875.1	43.750	48	27	0	32250	32107	273909	273766	8.53e-50	53.3
LC738874.1	LC738875.1	30.263	76	53	0	85348	85121	324429	324656	0.0	53.3
LC738874.1	LC738875.1	52.941	34	16	0	189304	189203	241327	241226	9.67e-53	52.8
LC738874.1	LC738875.1	45.455	66	36	0	191524	191721	244781	244978	6.50e-22	52.8
LC738874.1	LC738875.1	46.774	62	33	0	191724	191539	244981	244796	3.32e-27	52.8
LC738874.1	LC738875.1	63.158	38	14	0	187219	187332	244981	245094	2.67e-53	52.8
LC738874.1	LC738875.1	62.500	40	15	0	234145	234264	249894	249775	5.23e-49	52.8
LC738874.1	LC738875.1	49.020	51	26	0	8667	8819	274000	274152	2.84e-06	52.8
LC738874.1	LC738875.1	45.098	51	28	0	189505	189353	346447	346295	1.31e-71	52.8
LC738874.1	LC738875.1	84.000	25	4	0	786	712	238663	238737	3.45e-76	52.4
LC738874.1	LC738875.1	63.889	36	13	0	196077	196184	244987	245094	9.89e-55	52.4
LC738874.1	LC738875.1	46.377	69	37	0	30915	30709	274227	274021	3.90e-06	52.4
LC738874.1	LC738875.1	70.588	34	10	0	32776	32877	274552	274653	1.35e-25	52.4
LC738874.1	LC738875.1	28.723	94	67	0	284604	284885	358359	358640	0.0	52.4
LC738874.1	LC738875.1	41.509	53	31	0	30962	30804	80060	80218	3.45e-76	51.9
LC738874.1	LC738875.1	47.619	42	22	0	28230	28105	80093	80218	9.27e-104	51.9
LC738874.1	LC738875.1	33.962	53	35	0	7646	7488	80986	81144	3.34e-40	51.9
LC738874.1	LC738875.1	43.939	66	37	0	186835	186638	241215	241018	1.17e-38	51.9
LC738874.1	LC738875.1	49.091	55	28	0	187215	187379	241583	241747	1.74e-32	51.9
LC738874.1	LC738875.1	53.659	41	19	0	189728	189606	241724	241602	9.67e-53	51.9
LC738874.1	LC738875.1	52.830	53	25	0	191723	191881	244977	245135	3.41e-57	51.9
LC738874.1	LC738875.1	46.000	50	27	0	193949	193800	245136	244987	8.29e-48	51.9
LC738874.1	LC738875.1	61.111	36	14	0	196281	196388	245206	245313	0.0	51.9
LC738874.1	LC738875.1	35.593	59	38	0	192403	192227	245681	245505	0.0	51.9
LC738874.1	LC738875.1	51.923	52	25	0	218958	219113	274171	274016	0.0	51.9
LC738874.1	LC738875.1	41.509	53	31	0	32483	32325	274619	274461	2.71e-15	51.9
LC738874.1	LC738875.1	42.857	70	40	0	181979	182188	241019	241228	5.65e-44	51.5
LC738874.1	LC738875.1	50.000	46	23	0	193949	193812	241742	241605	1.45e-73	51.5
LC738874.1	LC738875.1	47.727	44	23	0	189734	189603	245124	244993	3.85e-46	51.5
LC738874.1	LC738875.1	27.000	100	73	0	15030	14731	357948	358247	0.0	51.5
LC738874.1	LC738875.1	41.026	39	23	0	257101	257217	22311	22195	0.0	51.0
LC738874.1	LC738875.1	53.488	43	20	0	184879	184751	241488	241360	4.50e-20	51.0
LC738874.1	LC738875.1	44.898	49	27	0	180179	180325	241589	241735	2.23e-42	51.0
LC738874.1	LC738875.1	45.833	48	26	0	194144	194287	241952	242095	1.01e-05	51.0
LC738874.1	LC738875.1	33.898	59	39	0	192403	192227	242287	242111	0.0	51.0
LC738874.1	LC738875.1	49.091	55	28	0	186667	186831	244441	244605	2.67e-53	51.0
LC738874.1	LC738875.1	48.148	54	28	0	184606	184445	244609	244448	1.31e-71	51.0
LC738874.1	LC738875.1	43.636	55	31	0	27328	27492	273339	273503	4.43e-118	51.0
LC738874.1	LC738875.1	70.370	27	8	0	218751	218831	274211	274131	0.0	51.0
LC738874.1	LC738875.1	33.871	62	41	0	269103	268918	338774	338589	0.0	51.0
LC738874.1	LC738875.1	30.667	75	52	0	267217	267441	11862	11638	0.0	50.6
LC738874.1	LC738875.1	38.636	44	27	0	6812	6681	79724	79855	5.17e-19	50.6
LC738874.1	LC738875.1	33.333	54	36	0	6374	6213	79775	79936	1.39e-05	50.6
LC738874.1	LC738875.1	50.000	54	27	0	184606	184445	241215	241054	4.50e-20	50.6
LC738874.1	LC738875.1	43.636	55	31	0	189587	189423	241586	241422	1.39e-05	50.6
LC738874.1	LC738875.1	41.176	68	40	0	182749	182952	241792	241995	5.65e-44	50.6
LC738874.1	LC738875.1	50.943	53	26	0	195684	195526	244606	244448	2.48e-47	50.6
LC738874.1	LC738875.1	48.936	47	24	0	180518	180658	245346	245486	2.56e-32	50.6
LC738874.1	LC738875.1	44.444	45	25	0	9623	9489	274685	274551	4.26e-13	50.6
LC738874.1	LC738875.1	44.444	45	25	0	219488	219622	80596	80730	2.42e-35	50.1
LC738874.1	LC738875.1	56.757	37	16	0	145891	146001	147525	147415	4.29e-140	50.1
LC738874.1	LC738875.1	22.772	101	78	0	93062	93364	176119	176421	4.79e-126	50.1
LC738874.1	LC738875.1	47.273	55	29	0	180170	180006	241583	241419	1.91e-05	50.1
LC738874.1	LC738875.1	40.323	62	37	0	189605	189790	241601	241786	3.43e-73	50.1
LC738874.1	LC738875.1	62.162	37	14	0	196199	196089	241715	241605	1.64e-42	50.1
LC738874.1	LC738875.1	49.057	53	27	0	186835	186677	244609	244451	9.84e-23	50.1
LC738874.1	LC738875.1	24.359	78	59	0	156438	156671	73890	74123	3.43e-73	49.6
LC738874.1	LC738875.1	42.308	78	45	0	179938	180171	241351	241584	1.31e-13	49.6
LC738874.1	LC738875.1	50.943	53	26	0	193248	193406	244447	244605	2.58e-41	49.6
LC738874.1	LC738875.1	43.284	67	38	0	192110	191910	245388	245188	7.08e-46	49.6
LC738874.1	LC738875.1	44.000	50	28	0	193708	193559	346447	346298	8.11e-62	49.6
LC738874.1	LC738875.1	42.029	69	40	0	144953	144747	148403	148609	8.82e-23	49.2
LC738874.1	LC738875.1	32.759	58	39	0	251743	251570	170702	170529	6.81e-11	49.2
LC738874.1	LC738875.1	42.045	88	51	0	185419	185156	242058	241795	3.60e-05	49.2
LC738874.1	LC738875.1	46.154	52	28	0	185301	185456	241940	242095	5.31e-36	49.2
LC738874.1	LC738875.1	47.727	44	23	0	196424	196555	241952	242083	6.02e-75	49.2
LC738874.1	LC738875.1	50.943	53	26	0	191181	191339	244447	244605	3.41e-57	49.2
LC738874.1	LC738875.1	32.653	49	33	0	41643	41789	34089	33943	1.27e-75	48.7
LC738874.1	LC738875.1	44.286	70	39	0	80495	80704	79962	79753	4.15e-07	48.7
LC738874.1	LC738875.1	42.308	52	30	0	142462	142617	150960	150805	4.29e-140	48.7
LC738874.1	LC738875.1	73.913	23	6	0	869	801	238578	238646	9.27e-104	48.7
LC738874.1	LC738875.1	40.260	77	46	0	195838	196068	244751	244981	1.61e-26	48.7
LC738874.1	LC738875.1	40.580	69	41	0	189769	189975	245180	245386	6.20e-24	48.7
LC738874.1	LC738875.1	40.909	66	39	0	28579	28382	274662	274465	6.10e-20	48.7
LC738874.1	LC738875.1	46.341	41	22	0	78514	78636	327648	327770	4.43e-118	48.7
LC738874.1	LC738875.1	40.580	69	41	0	106622	106416	120760	120554	0.0	48.3
LC738874.1	LC738875.1	39.744	78	47	0	189352	189585	241351	241584	2.10e-12	48.3
LC738874.1	LC738875.1	66.667	30	10	0	186831	186920	244617	244706	4.79e-126	48.3
LC738874.1	LC738875.1	57.143	35	15	0	191447	191343	244725	244621	7.08e-46	48.3
LC738874.1	LC738875.1	41.791	67	39	0	193984	194184	245186	245386	2.58e-41	48.3
LC738874.1	LC738875.1	68.750	32	10	0	234262	234167	249777	249872	3.96e-44	48.3
LC738874.1	LC738875.1	71.429	28	8	0	234168	234251	249871	249788	1.24e-07	48.3
LC738874.1	LC738875.1	46.154	39	21	0	9063	8947	274262	274146	6.79e-05	48.3
LC738874.1	LC738875.1	31.765	85	58	0	129168	129422	135009	135263	2.88e-84	47.8
LC738874.1	LC738875.1	49.057	53	27	0	193248	193406	241053	241211	3.91e-31	47.8
LC738874.1	LC738875.1	59.459	37	15	0	187347	187237	241715	241605	1.17e-38	47.8
LC738874.1	LC738875.1	38.983	59	36	0	182012	182188	244446	244622	7.28e-64	47.8
LC738874.1	LC738875.1	42.553	47	27	0	27787	27927	273765	273905	0.0	47.8
LC738874.1	LC738875.1	57.143	35	15	0	201087	200983	328768	328872	0.0	47.8
LC738874.1	LC738875.1	39.130	69	42	0	108683	108889	123055	123261	2.88e-84	47.3
LC738874.1	LC738875.1	43.077	65	37	0	195229	195035	241212	241018	1.28e-04	47.3
LC738874.1	LC738875.1	56.757	37	16	0	180305	180195	241715	241605	3.77e-35	47.3
LC738874.1	LC738875.1	70.968	31	9	0	193398	193490	244609	244701	3.43e-73	47.3
LC738874.1	LC738875.1	59.459	37	15	0	196199	196089	245109	244999	2.48e-47	47.3
LC738874.1	LC738875.1	43.750	48	27	0	189935	190078	245346	245489	1.19e-41	47.3
LC738874.1	LC738875.1	42.553	47	27	0	253070	253210	172249	172389	2.42e-35	46.9
LC738874.1	LC738875.1	52.273	44	21	0	196100	196231	241616	241747	3.14e-40	46.9
LC738874.1	LC738875.1	54.167	48	22	0	196063	196206	244973	245116	1.61e-26	46.9
LC738874.1	LC738875.1	53.846	39	18	0	196424	196540	246121	246237	4.79e-126	46.9
LC738874.1	LC738875.1	56.757	37	16	0	194144	194254	246121	246231	2.88e-84	46.9
LC738874.1	LC738875.1	90.909	22	2	0	234033	234098	250127	250062	1.16e-27	46.9
LC738874.1	LC738875.1	94.444	18	1	0	234737	234790	269498	269445	0.0	46.9
LC738874.1	LC738875.1	47.368	38	20	0	77936	77823	327112	326999	0.0	46.9
LC738874.1	LC738875.1	62.069	29	11	0	198990	198904	330892	330978	0.0	46.9
LC738874.1	LC738875.1	36.957	46	29	0	186947	186810	7781	7918	3.45e-76	46.4
LC738874.1	LC738875.1	41.667	48	28	0	36547	36404	70921	70778	0.0	46.4
LC738874.1	LC738875.1	95.000	20	1	0	725	784	238724	238665	1.27e-75	46.4
LC738874.1	LC738875.1	38.272	81	50	0	186971	187213	241342	241584	1.74e-32	46.4
LC738874.1	LC738875.1	51.351	37	18	0	191733	191843	241593	241703	3.31e-55	46.4
LC738874.1	LC738875.1	40.816	49	29	0	185630	185484	242257	242111	1.55e-122	46.4
LC738874.1	LC738875.1	52.500	40	19	0	232602	232721	249894	249775	1.14e-11	46.4
LC738874.1	LC738875.1	55.556	36	16	0	231713	231606	271420	271527	0.0	46.4
LC738874.1	LC738875.1	41.818	55	32	0	80045	80209	273985	274149	2.42e-04	46.4
LC738874.1	LC738875.1	38.000	50	31	0	6362	6213	274619	274470	2.42e-04	46.4
LC738874.1	LC738875.1	42.105	38	22	0	116000	115887	309728	309841	0.0	46.4
LC738874.1	LC738875.1	35.897	78	50	0	57642	57409	313028	312795	9.15e-91	46.4
LC738874.1	LC738875.1	26.000	100	74	0	284193	284492	357948	358247	0.0	46.4
LC738874.1	LC738875.1	38.000	50	31	0	30872	30723	79787	79936	3.32e-04	46.0
LC738874.1	LC738875.1	77.273	22	5	0	805	870	238642	238577	1.27e-75	46.0
LC738874.1	LC738875.1	58.824	34	14	0	186819	186920	241211	241312	0.0	46.0
LC738874.1	LC738875.1	60.714	28	11	0	180210	180293	241620	241703	1.31e-13	46.0
LC738874.1	LC738875.1	39.286	56	34	0	191183	191350	244449	244616	6.34e-39	46.0
LC738874.1	LC738875.1	48.980	49	25	0	191331	191477	244609	244755	3.41e-57	46.0
LC738874.1	LC738875.1	50.000	54	27	0	182551	182712	244973	245134	6.18e-47	46.0
LC738874.1	LC738875.1	42.857	28	16	0	17147	17064	245753	245670	0.0	46.0
LC738874.1	LC738875.1	67.857	28	9	0	234167	234250	249872	249789	3.32e-04	46.0
LC738874.1	LC738875.1	50.000	28	14	0	234735	234652	254355	254438	3.32e-04	46.0
LC738874.1	LC738875.1	94.444	18	1	0	235979	236032	267883	267830	3.32e-04	46.0
LC738874.1	LC738875.1	94.444	18	1	0	236064	236117	267968	267915	3.32e-04	46.0
LC738874.1	LC738875.1	40.741	54	32	0	28365	28526	274448	274609	3.32e-04	46.0
LC738874.1	LC738875.1	53.333	30	14	0	13783	13872	359147	359058	0.0	46.0
LC738874.1	LC738875.1	58.065	31	13	0	255754	255846	23793	23701	0.0	45.5
LC738874.1	LC738875.1	39.623	53	32	0	9647	9489	79697	79855	2.51e-06	45.5
LC738874.1	LC738875.1	27.778	72	52	0	98116	98331	112905	113120	0.0	45.5
LC738874.1	LC738875.1	39.535	43	26	0	137620	137492	166797	166669	0.0	45.5
LC738874.1	LC738875.1	39.286	56	34	0	139145	139312	168427	168594	2.88e-84	45.5
LC738874.1	LC738875.1	39.394	66	40	0	179597	179794	241031	241228	4.79e-126	45.5
LC738874.1	LC738875.1	42.424	66	38	0	191524	191721	241387	241584	1.02e-06	45.5
LC738874.1	LC738875.1	55.556	36	16	0	196281	196388	241812	241919	6.02e-75	45.5
LC738874.1	LC738875.1	54.054	37	17	0	180305	180195	245109	244999	8.11e-62	45.5
LC738874.1	LC738875.1	36.111	72	46	0	187478	187693	245255	245470	4.57e-04	45.5
LC738874.1	LC738875.1	41.818	55	32	0	30868	30704	274180	274016	4.57e-04	45.5
LC738874.1	LC738875.1	26.761	71	52	0	268161	267949	337919	337707	0.0	45.5
LC738874.1	LC738875.1	53.846	26	12	0	279966	279889	48696	48619	4.44e-68	45.1
LC738874.1	LC738875.1	34.921	63	41	0	28390	28578	79933	79745	1.27e-75	45.1
LC738874.1	LC738875.1	43.182	44	25	0	32546	32415	80087	80218	3.34e-40	45.1
LC738874.1	LC738875.1	53.846	39	18	0	185262	185146	241901	241785	6.27e-04	45.1
LC738874.1	LC738875.1	41.379	58	34	0	184749	184922	244752	244925	7.98e-35	45.1
LC738874.1	LC738875.1	51.163	43	21	0	184879	184751	244882	244754	2.00e-17	45.1
LC738874.1	LC738875.1	56.757	37	16	0	187347	187237	245109	244999	5.25e-49	45.1
LC738874.1	LC738875.1	100.000	17	0	0	234735	234785	269500	269450	0.0	45.1
LC738874.1	LC738875.1	36.957	46	29	0	186947	186810	10399	10536	8.82e-23	44.6
LC738874.1	LC738875.1	55.172	29	13	0	36211	36125	70543	70457	0.0	44.6
LC738874.1	LC738875.1	42.000	50	29	0	32302	32451	80428	80279	8.62e-04	44.6
LC738874.1	LC738875.1	45.238	42	23	0	249999	249874	141005	141130	0.0	44.6
LC738874.1	LC738875.1	46.154	39	21	0	249900	249784	141101	141217	0.0	44.6
LC738874.1	LC738875.1	84.000	25	4	0	711	785	238738	238664	9.18e-08	44.6
LC738874.1	LC738875.1	44.444	63	35	0	182172	181984	241212	241024	1.31e-71	44.6
LC738874.1	LC738875.1	49.057	53	27	0	184602	184444	241211	241053	3.07e-07	44.6
LC738874.1	LC738875.1	46.154	52	28	0	182897	183052	241940	242095	8.62e-04	44.6
LC738874.1	LC738875.1	54.054	37	17	0	236089	235979	267773	267883	8.62e-04	44.6
LC738874.1	LC738875.1	40.476	42	25	0	6089	5964	80605	80730	9.27e-104	44.1
LC738874.1	LC738875.1	38.961	77	47	0	181938	182168	240978	241208	0.001	44.1
LC738874.1	LC738875.1	56.250	48	21	0	196063	196206	241579	241722	1.13e-24	44.1
LC738874.1	LC738875.1	40.299	67	40	0	193984	194184	241792	241992	1.13e-51	44.1
LC738874.1	LC738875.1	41.026	78	46	0	179938	180171	244745	244978	2.56e-32	44.1
LC738874.1	LC738875.1	50.000	40	20	0	191727	191846	244981	245100	6.34e-39	44.1
LC738874.1	LC738875.1	46.154	52	28	0	194115	194270	246092	246247	0.001	44.1
LC738874.1	LC738875.1	56.000	25	11	0	234735	234661	254353	254427	0.001	44.1
LC738874.1	LC738875.1	54.545	44	20	0	30451	30582	273778	273909	4.43e-118	44.1
LC738874.1	LC738875.1	40.000	45	27	0	6644	6510	274517	274383	4.66e-63	44.1
LC738874.1	LC738875.1	47.059	34	18	0	179872	179771	7802	7903	1.55e-31	43.7
LC738874.1	LC738875.1	68.421	19	6	0	234735	234679	183823	183767	0.002	43.7
LC738874.1	LC738875.1	62.500	32	12	0	195677	195772	241217	241312	6.02e-75	43.7
LC738874.1	LC738875.1	56.250	48	21	0	187211	187354	241579	241722	0.002	43.7
LC738874.1	LC738875.1	39.655	58	35	0	179621	179794	244449	244622	7.01e-71	43.7
LC738874.1	LC738875.1	47.368	38	20	0	191296	191183	244562	244449	7.08e-46	43.7
LC738874.1	LC738875.1	45.946	37	20	0	16019	15909	244616	244506	0.0	43.7
LC738874.1	LC738875.1	63.333	30	11	0	179777	179866	244617	244706	7.01e-71	43.7
LC738874.1	LC738875.1	42.029	69	40	0	192105	191899	245383	245177	3.32e-27	43.7
LC738874.1	LC738875.1	50.000	42	21	0	196388	196263	245313	245188	2.48e-47	43.7
LC738874.1	LC738875.1	50.000	28	14	0	234735	234652	261298	261381	0.002	43.7
LC738874.1	LC738875.1	36.000	50	32	0	30872	30723	274619	274470	2.02e-05	43.7
LC738874.1	LC738875.1	34.884	43	28	0	122891	122763	301064	300936	0.0	43.7
LC738874.1	LC738875.1	36.957	46	29	0	186947	186810	5229	5366	9.27e-104	43.2
LC738874.1	LC738875.1	41.463	41	24	0	40725	40847	34674	34552	0.002	43.2
LC738874.1	LC738875.1	41.176	51	30	0	8664	8816	80434	80282	0.002	43.2
LC738874.1	LC738875.1	44.643	56	31	0	179622	179789	241056	241223	2.88e-84	43.2
LC738874.1	LC738875.1	41.667	60	35	0	195074	195253	241057	241236	0.002	43.2
LC738874.1	LC738875.1	65.517	29	10	0	195687	195773	241227	241313	3.14e-40	43.2
LC738874.1	LC738875.1	50.000	54	27	0	182551	182712	241579	241740	5.65e-44	43.2
LC738874.1	LC738875.1	57.143	28	12	0	189624	189707	241620	241703	2.10e-12	43.2
LC738874.1	LC738875.1	52.083	48	23	0	187211	187354	244973	245116	0.002	43.2
LC738874.1	LC738875.1	60.714	28	11	0	180210	180293	245014	245097	2.56e-32	43.2
LC738874.1	LC738875.1	44.444	54	30	0	196593	196754	245503	245664	0.0	43.2
LC738874.1	LC738875.1	52.000	25	12	0	234735	234661	254349	254423	0.002	43.2
LC738874.1	LC738875.1	84.211	19	3	0	235977	236033	267885	267829	0.002	43.2
LC738874.1	LC738875.1	38.298	47	29	0	32118	32258	273777	273917	1.35e-25	43.2
LC738874.1	LC738875.1	45.455	55	30	0	6366	6202	274188	274024	0.002	43.2
LC738874.1	LC738875.1	32.927	82	55	0	31023	31268	274440	274685	0.002	43.2
LC738874.1	LC738875.1	44.615	65	36	0	126031	125837	304189	303995	0.0	43.2
LC738874.1	LC738875.1	34.043	47	31	0	16535	16395	346687	346547	1.80e-50	43.2
LC738874.1	LC738875.1	58.824	34	14	0	195685	195786	241225	241326	1.13e-24	42.8
LC738874.1	LC738875.1	52.941	34	16	0	195786	195685	241326	241225	1.64e-42	42.8
LC738874.1	LC738875.1	47.059	51	27	0	193540	193692	241336	241488	6.81e-11	42.8
LC738874.1	LC738875.1	43.860	57	32	0	180530	180360	241964	241794	3.77e-35	42.8
LC738874.1	LC738875.1	42.553	47	27	0	180143	180003	244950	244810	0.003	42.8
LC738874.1	LC738875.1	43.478	69	39	0	189972	189766	245383	245177	1.53e-19	42.8
LC738874.1	LC738875.1	54.054	37	17	0	187569	187679	246121	246231	7.01e-71	42.8
LC738874.1	LC738875.1	65.000	20	7	0	234735	234676	261702	261761	0.003	42.8
LC738874.1	LC738875.1	39.024	41	25	0	10430	10552	267819	267697	0.003	42.8
LC738874.1	LC738875.1	88.889	18	2	0	236065	236118	267967	267914	0.003	42.8
LC738874.1	LC738875.1	38.000	50	31	0	28536	28387	274184	274035	0.003	42.8
LC738874.1	LC738875.1	48.148	27	14	0	76961	76881	326128	326048	0.0	42.8
LC738874.1	LC738875.1	51.852	27	13	0	285434	285354	359138	359058	0.0	42.8
LC738874.1	LC738875.1	44.118	34	19	0	195778	195677	7802	7903	8.82e-23	42.3
LC738874.1	LC738875.1	38.889	36	22	0	258226	258333	21597	21490	0.0	42.3
LC738874.1	LC738875.1	54.839	31	14	0	279669	279577	48480	48388	4.44e-68	42.3
LC738874.1	LC738875.1	37.681	69	43	0	31057	31263	79932	79726	0.004	42.3
LC738874.1	LC738875.1	40.000	35	21	0	218990	219094	79832	79936	0.004	42.3
LC738874.1	LC738875.1	70.588	17	5	0	234735	234685	198278	198228	0.004	42.3
LC738874.1	LC738875.1	70.370	27	8	0	193410	193490	241227	241307	1.13e-51	42.3
LC738874.1	LC738875.1	38.667	75	46	0	195844	196068	241363	241587	1.13e-24	42.3
LC738874.1	LC738875.1	50.000	50	25	0	182019	182168	244453	244602	6.18e-47	42.3
LC738874.1	LC738875.1	60.000	30	12	0	193406	193495	244617	244706	2.58e-41	42.3
LC738874.1	LC738875.1	58.824	34	14	0	195685	195786	244619	244720	0.0	42.3
LC738874.1	LC738875.1	50.000	48	24	0	180169	180312	244973	245116	8.28e-06	42.3
LC738874.1	LC738875.1	44.928	69	38	0	180555	180349	245383	245177	0.004	42.3
LC738874.1	LC738875.1	50.000	28	14	0	234735	234652	254347	254430	0.004	42.3
LC738874.1	LC738875.1	46.429	28	15	0	234735	234652	254361	254444	0.004	42.3
LC738874.1	LC738875.1	80.000	20	4	0	235436	235377	268710	268769	0.0	42.3
LC738874.1	LC738875.1	100.000	17	0	0	234736	234786	269499	269449	0.0	42.3
LC738874.1	LC738875.1	43.182	44	25	0	30582	30451	273909	273778	0.004	42.3
LC738874.1	LC738875.1	34.043	47	31	0	80059	80199	273999	274139	0.004	42.3
LC738874.1	LC738875.1	47.059	34	18	0	179872	179771	10420	10521	9.27e-104	41.8
LC738874.1	LC738875.1	40.816	49	29	0	232899	232753	37475	37621	0.006	41.8
LC738874.1	LC738875.1	48.718	39	20	0	248204	248088	104702	104586	0.006	41.8
LC738874.1	LC738875.1	50.000	32	16	0	248183	248088	104741	104646	0.006	41.8
LC738874.1	LC738875.1	46.512	43	23	0	94198	94326	108597	108725	0.0	41.8
LC738874.1	LC738875.1	43.590	39	22	0	143965	144081	149355	149239	4.29e-140	41.8
LC738874.1	LC738875.1	41.667	60	35	0	191723	191902	241583	241762	5.29e-21	41.8
LC738874.1	LC738875.1	43.396	53	30	0	196596	196754	242112	242270	6.02e-75	41.8
LC738874.1	LC738875.1	47.170	53	28	0	189043	189201	244448	244606	1.19e-41	41.8
LC738874.1	LC738875.1	39.130	92	56	0	187675	187400	245452	245177	5.25e-49	41.8
LC738874.1	LC738875.1	31.250	48	33	0	180934	180791	245738	245595	5.08e-165	41.8
LC738874.1	LC738875.1	66.667	18	6	0	234738	234685	253527	253580	0.006	41.8
LC738874.1	LC738875.1	50.000	28	14	0	234735	234652	254365	254448	0.006	41.8
LC738874.1	LC738875.1	80.000	20	4	0	235437	235378	268709	268768	0.006	41.8
LC738874.1	LC738875.1	52.941	34	16	0	219083	218982	274046	274147	0.0	41.8
LC738874.1	LC738875.1	81.818	22	4	0	218815	218750	274147	274212	0.0	41.8
LC738874.1	LC738875.1	36.170	47	30	0	182713	182573	346687	346547	9.15e-91	41.8
LC738874.1	LC738875.1	46.875	32	17	0	189289	189194	7808	7903	3.34e-40	41.4
LC738874.1	LC738875.1	39.474	38	23	0	259444	259557	20247	20134	0.0	41.4
LC738874.1	LC738875.1	52.632	38	18	0	195800	195687	241340	241227	6.98e-24	41.4
LC738874.1	LC738875.1	47.170	53	28	0	184602	184444	244605	244447	2.00e-17	41.4
LC738874.1	LC738875.1	38.776	49	30	0	185630	185484	245651	245505	7.19e-168	41.4
LC738874.1	LC738875.1	55.556	36	16	0	182909	183016	246121	246228	0.008	41.4
LC738874.1	LC738875.1	47.826	23	12	0	234735	234667	254387	254455	0.008	41.4
LC738874.1	LC738875.1	42.169	83	48	0	28607	28359	274690	274442	2.45e-08	41.4
LC738874.1	LC738875.1	42.623	61	35	0	16717	16899	346908	347090	3.07e-07	41.4
LC738874.1	LC738875.1	60.000	20	8	0	234735	234676	356585	356644	0.008	41.4
LC738874.1	LC738875.1	44.444	36	20	0	6638	6531	79895	80002	5.17e-19	40.9
LC738874.1	LC738875.1	80.000	20	4	0	110992	111051	125292	125351	0.0	40.9
LC738874.1	LC738875.1	48.571	35	18	0	147028	147132	146703	146599	4.29e-140	40.9
LC738874.1	LC738875.1	53.846	26	12	0	143692	143769	149610	149533	4.29e-140	40.9
LC738874.1	LC738875.1	63.158	19	7	0	234735	234679	197455	197399	0.011	40.9
LC738874.1	LC738875.1	72.727	22	6	0	870	805	238577	238642	3.45e-76	40.9
LC738874.1	LC738875.1	44.231	52	29	0	195665	195510	241193	241038	6.98e-24	40.9
LC738874.1	LC738875.1	47.170	53	28	0	189200	189042	241211	241053	9.67e-53	40.9
LC738874.1	LC738875.1	46.809	47	25	0	191337	191477	241221	241361	3.31e-55	40.9
LC738874.1	LC738875.1	44.828	58	32	0	191689	191862	241549	241722	0.011	40.9
LC738874.1	LC738875.1	42.623	61	35	0	189959	189777	241976	241794	9.67e-53	40.9
LC738874.1	LC738875.1	40.541	37	22	0	17264	17154	242485	242375	5.08e-165	40.9
LC738874.1	LC738875.1	63.158	19	7	0	234735	234679	243629	243685	0.011	40.9
LC738874.1	LC738875.1	47.170	53	28	0	189200	189042	244605	244447	3.85e-46	40.9
LC738874.1	LC738875.1	45.283	53	29	0	189201	189043	244606	244448	3.37e-90	40.9
LC738874.1	LC738875.1	47.170	53	28	0	195526	195684	244448	244606	1.61e-26	40.9
LC738874.1	LC738875.1	46.154	52	28	0	179622	179777	244450	244605	1.54e-51	40.9
LC738874.1	LC738875.1	63.636	33	12	0	186823	186921	244609	244707	6.49e-64	40.9
LC738874.1	LC738875.1	45.283	53	29	0	193801	193959	244988	245146	2.58e-41	40.9
LC738874.1	LC738875.1	51.163	43	21	0	189598	189726	244988	245116	1.19e-41	40.9
LC738874.1	LC738875.1	39.706	68	41	0	191908	192111	245186	245389	6.34e-39	40.9
LC738874.1	LC738875.1	86.667	15	2	0	232708	232664	249788	249832	0.011	40.9
LC738874.1	LC738875.1	57.692	26	11	0	234735	234658	253560	253637	0.011	40.9
LC738874.1	LC738875.1	42.857	28	16	0	234735	234652	254351	254434	0.011	40.9
LC738874.1	LC738875.1	56.000	25	11	0	234735	234661	254359	254433	0.011	40.9
LC738874.1	LC738875.1	80.952	21	4	0	236126	236064	267906	267968	0.011	40.9
LC738874.1	LC738875.1	88.889	18	2	0	236063	236116	267969	267916	0.011	40.9
LC738874.1	LC738875.1	100.000	17	0	0	234784	234734	269451	269501	0.0	40.9
LC738874.1	LC738875.1	64.000	25	9	0	233965	234039	270164	270090	0.0	40.9
LC738874.1	LC738875.1	51.282	39	19	0	27800	27916	273778	273894	2.37e-15	40.9
LC738874.1	LC738875.1	31.579	38	26	0	6989	6876	274844	274731	4.66e-63	40.9
LC738874.1	LC738875.1	63.158	19	7	0	234741	234685	356551	356607	0.011	40.9
LC738874.1	LC738875.1	63.158	19	7	0	234735	234679	356583	356639	0.011	40.9
LC738874.1	LC738875.1	50.000	32	16	0	16142	16047	5232	5327	3.92e-23	40.5
LC738874.1	LC738875.1	47.059	34	18	0	179872	179771	5250	5351	1.15e-31	40.5
LC738874.1	LC738875.1	53.846	26	12	0	195778	195701	10420	10497	1.53e-19	40.5
LC738874.1	LC738875.1	73.684	19	5	0	39048	39104	36600	36544	1.27e-75	40.5
LC738874.1	LC738875.1	54.839	31	14	0	38799	38891	36978	36886	1.27e-75	40.5
LC738874.1	LC738875.1	34.545	55	36	0	277890	277726	46515	46351	4.44e-68	40.5
LC738874.1	LC738875.1	56.522	23	10	0	279543	279475	48336	48268	4.44e-68	40.5
LC738874.1	LC738875.1	41.176	51	30	0	168229	168381	51848	51696	4.29e-140	40.5
LC738874.1	LC738875.1	43.636	55	31	0	218976	219140	80278	80442	0.015	40.5
LC738874.1	LC738875.1	44.681	47	26	0	219120	218980	80422	80282	0.015	40.5
LC738874.1	LC738875.1	50.000	32	16	0	248183	248088	104708	104613	0.015	40.5
LC738874.1	LC738875.1	50.000	32	16	0	248183	248088	104717	104622	0.015	40.5
LC738874.1	LC738875.1	23.288	73	56	0	103315	103533	117414	117632	0.0	40.5
LC738874.1	LC738875.1	34.247	73	48	0	106608	106390	120746	120528	0.0	40.5
LC738874.1	LC738875.1	56.250	32	14	0	179771	179866	241217	241312	4.79e-126	40.5
LC738874.1	LC738875.1	59.459	37	15	0	184975	185085	241593	241703	1.77e-46	40.5
LC738874.1	LC738875.1	61.290	31	12	0	195680	195772	244614	244706	9.89e-55	40.5
LC738874.1	LC738875.1	50.000	38	19	0	195800	195687	244734	244621	2.48e-47	40.5
LC738874.1	LC738875.1	57.143	28	12	0	189624	189707	245014	245097	6.20e-24	40.5
LC738874.1	LC738875.1	47.619	42	22	0	187536	187411	245313	245188	0.015	40.5
LC738874.1	LC738875.1	39.286	28	17	0	234735	234652	261670	261753	0.015	40.5
LC738874.1	LC738875.1	45.455	33	18	0	16142	16044	7784	7882	1.34e-22	40.0
LC738874.1	LC738875.1	57.692	26	11	0	32738	32661	79889	79966	3.34e-40	40.0
LC738874.1	LC738875.1	37.500	40	25	0	129435	129316	135276	135157	0.0	40.0
LC738874.1	LC738875.1	62.500	24	9	0	173364	173293	156005	156076	0.021	40.0
LC738874.1	LC738875.1	41.935	31	18	0	234735	234643	183853	183761	0.021	40.0
LC738874.1	LC738875.1	68.750	16	5	0	234732	234685	183896	183849	0.021	40.0
LC738874.1	LC738875.1	70.588	17	5	0	234735	234685	198262	198212	0.021	40.0
LC738874.1	LC738875.1	42.857	28	16	0	234735	234652	198308	198225	0.021	40.0
LC738874.1	LC738875.1	70.588	17	5	0	234735	234685	198280	198230	0.021	40.0
LC738874.1	LC738875.1	42.857	28	16	0	234735	234652	198314	198231	0.021	40.0
LC738874.1	LC738875.1	40.984	61	36	0	189043	189225	241054	241236	0.021	40.0
LC738874.1	LC738875.1	43.396	53	30	0	193407	193249	241212	241054	3.37e-25	40.0
LC738874.1	LC738875.1	40.299	67	40	0	192110	191910	241994	241794	2.94e-33	40.0
LC738874.1	LC738875.1	55.172	29	13	0	186921	186835	244707	244621	5.25e-49	40.0
LC738874.1	LC738875.1	86.667	15	2	0	234102	234058	250058	250102	2.56e-23	40.0
LC738874.1	LC738875.1	50.000	28	14	0	234768	234685	260180	260263	0.021	40.0
LC738874.1	LC738875.1	55.000	20	9	0	234735	234676	261706	261765	0.021	40.0
LC738874.1	LC738875.1	53.846	39	18	0	127420	127304	305548	305432	0.0	40.0
LC738874.1	LC738875.1	40.351	57	34	0	76690	76860	325854	326024	4.43e-118	40.0
LC738874.1	LC738875.1	46.875	32	17	0	189289	189194	5256	5351	2.16e-18	39.6
LC738874.1	LC738875.1	46.875	32	17	0	189289	189194	10426	10521	2.55e-15	39.6
LC738874.1	LC738875.1	32.308	65	44	0	264167	264361	15359	15165	0.0	39.6
LC738874.1	LC738875.1	34.043	47	31	0	6434	6294	80078	80218	5.17e-19	39.6
LC738874.1	LC738875.1	62.069	29	11	0	129251	129165	135092	135006	0.0	39.6
LC738874.1	LC738875.1	43.333	30	17	0	234735	234646	183873	183784	0.028	39.6
LC738874.1	LC738875.1	43.333	30	17	0	234735	234646	198296	198207	0.028	39.6
LC738874.1	LC738875.1	45.283	53	29	0	189201	189043	241212	241054	6.05e-27	39.6
LC738874.1	LC738875.1	55.556	27	12	0	16019	15939	241222	241142	0.0	39.6
LC738874.1	LC738875.1	47.500	40	21	0	187561	187680	246113	246232	0.028	39.6
LC738874.1	LC738875.1	50.000	24	12	0	234756	234685	254310	254381	0.028	39.6
LC738874.1	LC738875.1	48.000	25	13	0	234735	234661	254369	254443	0.028	39.6
LC738874.1	LC738875.1	54.545	22	10	0	234750	234685	260194	260259	0.028	39.6
LC738874.1	LC738875.1	37.931	29	18	0	234738	234652	261269	261355	0.028	39.6
LC738874.1	LC738875.1	31.579	38	26	0	10406	10519	267738	267625	4.29e-140	39.6
LC738874.1	LC738875.1	28.261	46	33	0	10415	10552	267818	267681	0.028	39.6
LC738874.1	LC738875.1	80.000	20	4	0	235437	235378	268622	268681	0.028	39.6
LC738874.1	LC738875.1	100.000	17	0	0	234785	234735	269450	269500	0.0	39.6
LC738874.1	LC738875.1	34.043	47	31	0	193948	193808	346687	346547	7.19e-168	39.6
LC738874.1	LC738875.1	54.545	22	10	0	234735	234670	534	469	0.039	39.1
LC738874.1	LC738875.1	54.545	22	10	0	234735	234670	536	471	0.039	39.1
LC738874.1	LC738875.1	53.846	26	12	0	195778	195701	5250	5327	3.45e-76	39.1
LC738874.1	LC738875.1	50.000	32	16	0	248183	248088	104762	104667	0.039	39.1
LC738874.1	LC738875.1	37.500	56	35	0	108888	108721	123260	123093	0.0	39.1
LC738874.1	LC738875.1	42.857	28	16	0	234735	234652	183859	183776	0.039	39.1
LC738874.1	LC738875.1	58.824	17	7	0	234735	234685	185147	185097	0.039	39.1
LC738874.1	LC738875.1	54.545	22	10	0	234735	234670	197467	197402	0.039	39.1
LC738874.1	LC738875.1	61.111	18	7	0	234738	234685	197472	197419	0.039	39.1
LC738874.1	LC738875.1	61.111	18	7	0	234738	234685	197482	197429	0.039	39.1
LC738874.1	LC738875.1	61.111	18	7	0	234738	234685	198325	198272	0.039	39.1
LC738874.1	LC738875.1	53.125	32	15	0	193400	193495	241217	241312	3.91e-31	39.1
LC738874.1	LC738875.1	51.429	35	17	0	191447	191343	241331	241227	6.12e-72	39.1
LC738874.1	LC738875.1	50.000	48	24	0	180169	180312	241579	241722	0.039	39.1
LC738874.1	LC738875.1	48.718	39	20	0	182858	182742	241901	241785	0.039	39.1
LC738874.1	LC738875.1	42.308	26	15	0	17150	17073	242362	242285	5.08e-165	39.1
LC738874.1	LC738875.1	36.111	36	23	0	192619	192512	242491	242384	0.0	39.1
LC738874.1	LC738875.1	60.000	30	12	0	189200	189289	244617	244706	2.88e-84	39.1
LC738874.1	LC738875.1	55.556	27	12	0	184695	184615	244710	244630	2.00e-17	39.1
LC738874.1	LC738875.1	56.667	30	13	0	191357	191446	244635	244724	6.34e-39	39.1
LC738874.1	LC738875.1	56.522	23	10	0	185720	185652	245738	245670	7.19e-168	39.1
LC738874.1	LC738875.1	31.250	48	33	0	17321	17178	245936	245793	0.0	39.1
LC738874.1	LC738875.1	48.718	39	20	0	185313	185429	246121	246237	0.039	39.1
LC738874.1	LC738875.1	46.429	28	15	0	234768	234685	253509	253592	0.039	39.1
LC738874.1	LC738875.1	48.000	25	13	0	234735	234661	254343	254417	0.039	39.1
LC738874.1	LC738875.1	47.826	23	12	0	234735	234667	254357	254425	0.039	39.1
LC738874.1	LC738875.1	34.211	38	25	0	10451	10564	257278	257391	0.039	39.1
LC738874.1	LC738875.1	26.923	52	38	0	247873	248028	257428	257583	3.43e-73	39.1
LC738874.1	LC738875.1	28.000	50	36	0	247882	248031	257434	257583	0.039	39.1
LC738874.1	LC738875.1	27.083	48	35	0	247897	248040	257440	257583	0.039	39.1
LC738874.1	LC738875.1	54.545	22	10	0	234750	234685	260188	260253	0.039	39.1
LC738874.1	LC738875.1	57.143	21	9	0	234747	234685	260199	260261	0.039	39.1
LC738874.1	LC738875.1	38.462	26	16	0	234738	234661	261277	261354	0.039	39.1
LC738874.1	LC738875.1	28.571	42	30	0	10406	10531	267742	267617	0.039	39.1
LC738874.1	LC738875.1	32.432	37	25	0	10406	10516	267740	267630	0.039	39.1
LC738874.1	LC738875.1	31.579	38	26	0	10406	10519	267686	267799	0.039	39.1
LC738874.1	LC738875.1	36.842	57	36	0	219636	219466	273772	273942	0.0	39.1
LC738874.1	LC738875.1	43.750	32	18	0	234741	234646	293925	293830	0.0	39.1
LC738874.1	LC738875.1	58.621	29	12	0	57863	57777	313255	313169	9.15e-91	39.1
LC738874.1	LC738875.1	58.621	29	12	0	57863	57777	315802	315716	0.0	39.1
LC738874.1	LC738875.1	46.429	28	15	0	234735	234652	356553	356636	0.039	39.1
LC738874.1	LC738875.1	45.946	37	20	0	13556	13666	359406	359296	0.0	39.1
LC738874.1	LC738875.1	52.381	21	10	0	234735	234673	524	462	0.054	38.6
LC738874.1	LC738875.1	50.000	24	12	0	234735	234664	542	471	0.054	38.6
LC738874.1	LC738875.1	43.750	32	18	0	191428	191333	7808	7903	1.09e-17	38.6
LC738874.1	LC738875.1	46.875	32	17	0	16142	16047	10402	10497	7.24e-23	38.6
LC738874.1	LC738875.1	53.846	26	12	0	267739	267816	11358	11281	0.0	38.6
LC738874.1	LC738875.1	48.148	27	14	0	279339	279259	48093	48013	4.44e-68	38.6
LC738874.1	LC738875.1	38.462	52	32	0	219133	218978	80435	80280	0.054	38.6
LC738874.1	LC738875.1	38.889	36	22	0	218097	218204	80289	80396	0.054	38.6
LC738874.1	LC738875.1	42.857	28	16	0	234735	234652	183861	183778	0.054	38.6
LC738874.1	LC738875.1	50.000	24	12	0	234735	234664	197473	197402	0.054	38.6
LC738874.1	LC738875.1	43.333	30	17	0	234735	234646	198298	198209	0.054	38.6
LC738874.1	LC738875.1	64.706	17	6	0	234735	234685	198268	198218	0.054	38.6
LC738874.1	LC738875.1	33.962	53	35	0	29381	29223	209556	209714	0.054	38.6
LC738874.1	LC738875.1	68.000	25	8	0	712	786	238737	238663	1.50e-05	38.6
LC738874.1	LC738875.1	48.649	37	19	0	191855	191745	241715	241605	2.94e-33	38.6
LC738874.1	LC738875.1	41.509	53	31	0	195665	195507	244587	244429	7.31e-25	38.6
LC738874.1	LC738875.1	58.621	29	12	0	182175	182261	244621	244707	7.28e-64	38.6
LC738874.1	LC738875.1	68.182	22	7	0	179867	179802	244707	244642	8.11e-62	38.6
LC738874.1	LC738875.1	47.917	48	25	0	191719	191862	244973	245116	6.50e-22	38.6
LC738874.1	LC738875.1	48.889	45	23	0	180358	180492	245186	245320	2.56e-32	38.6
LC738874.1	LC738875.1	50.000	40	20	0	196416	196535	245338	245457	9.89e-55	38.6
LC738874.1	LC738875.1	48.485	33	17	0	16725	16823	246112	246210	0.054	38.6
LC738874.1	LC738875.1	50.000	40	20	0	196416	196535	246113	246232	3.43e-73	38.6
LC738874.1	LC738875.1	64.706	17	6	0	234735	234685	253510	253560	0.054	38.6
LC738874.1	LC738875.1	63.158	19	7	0	234741	234685	253526	253582	0.054	38.6
LC738874.1	LC738875.1	55.556	18	8	0	234738	234685	254318	254371	0.054	38.6
LC738874.1	LC738875.1	31.579	38	26	0	247918	248031	257449	257562	0.054	38.6
LC738874.1	LC738875.1	44.444	27	15	0	234735	234655	260303	260383	0.054	38.6
LC738874.1	LC738875.1	30.435	46	32	0	10406	10543	267668	267805	0.054	38.6
LC738874.1	LC738875.1	88.889	18	2	0	236118	236065	267914	267967	0.054	38.6
LC738874.1	LC738875.1	29.787	47	33	0	80661	80521	274175	274035	0.054	38.6
LC738874.1	LC738875.1	63.158	19	7	0	234741	234685	293935	293879	8.07e-141	38.6
LC738874.1	LC738875.1	37.500	48	30	0	180328	180185	346684	346541	0.0	38.6
LC738874.1	LC738875.1	37.500	32	20	0	234762	234667	356528	356623	0.054	38.6
LC738874.1	LC738875.1	64.706	17	6	0	234735	234685	530	480	0.074	38.2
LC738874.1	LC738875.1	64.706	17	6	0	234735	234685	538	488	0.074	38.2
LC738874.1	LC738875.1	28.261	46	33	0	10430	10567	39618	39755	4.79e-126	38.2
LC738874.1	LC738875.1	44.118	34	19	0	279474	279373	48264	48163	4.44e-68	38.2
LC738874.1	LC738875.1	34.043	47	31	0	144046	144186	149271	149131	0.074	38.2
LC738874.1	LC738875.1	64.706	17	6	0	234735	234685	183833	183783	0.074	38.2
LC738874.1	LC738875.1	64.706	17	6	0	234735	234685	183839	183789	0.074	38.2
LC738874.1	LC738875.1	64.706	17	6	0	234735	234685	183841	183791	0.074	38.2
LC738874.1	LC738875.1	64.706	17	6	0	234735	234685	183843	183793	0.074	38.2
LC738874.1	LC738875.1	64.706	17	6	0	234735	234685	183845	183795	0.074	38.2
LC738874.1	LC738875.1	64.706	17	6	0	234735	234685	183847	183797	0.074	38.2
LC738874.1	LC738875.1	64.706	17	6	0	234735	234685	183849	183799	0.074	38.2
LC738874.1	LC738875.1	64.706	17	6	0	234735	234685	183851	183801	0.074	38.2
LC738874.1	LC738875.1	64.706	17	6	0	234735	234685	183855	183805	0.074	38.2
LC738874.1	LC738875.1	64.706	17	6	0	234735	234685	183857	183807	0.074	38.2
LC738874.1	LC738875.1	64.706	17	6	0	234735	234685	183863	183813	0.074	38.2
LC738874.1	LC738875.1	64.706	17	6	0	234735	234685	183867	183817	0.074	38.2
LC738874.1	LC738875.1	64.706	17	6	0	234735	234685	185095	185045	0.074	38.2
LC738874.1	LC738875.1	64.706	17	6	0	234735	234685	185097	185047	0.074	38.2
LC738874.1	LC738875.1	64.706	17	6	0	234735	234685	185099	185049	0.074	38.2
LC738874.1	LC738875.1	64.706	17	6	0	234735	234685	185101	185051	0.074	38.2
LC738874.1	LC738875.1	64.706	17	6	0	234735	234685	185103	185053	0.074	38.2
LC738874.1	LC738875.1	64.706	17	6	0	234735	234685	185105	185055	0.074	38.2
LC738874.1	LC738875.1	64.706	17	6	0	234735	234685	185107	185057	0.074	38.2
LC738874.1	LC738875.1	64.706	17	6	0	234735	234685	185109	185059	0.074	38.2
LC738874.1	LC738875.1	64.706	17	6	0	234735	234685	185111	185061	0.074	38.2
LC738874.1	LC738875.1	64.706	17	6	0	234735	234685	185115	185065	0.074	38.2
LC738874.1	LC738875.1	64.706	17	6	0	234735	234685	185121	185071	0.074	38.2
LC738874.1	LC738875.1	64.706	17	6	0	234735	234685	185133	185083	0.074	38.2
LC738874.1	LC738875.1	45.833	24	13	0	234735	234664	197451	197380	0.074	38.2
LC738874.1	LC738875.1	64.706	17	6	0	234735	234685	197453	197403	0.074	38.2
LC738874.1	LC738875.1	64.706	17	6	0	234735	234685	197457	197407	0.074	38.2
LC738874.1	LC738875.1	64.706	17	6	0	234735	234685	197459	197409	0.074	38.2
LC738874.1	LC738875.1	64.706	17	6	0	234735	234685	197461	197411	0.074	38.2
LC738874.1	LC738875.1	64.706	17	6	0	234735	234685	197463	197413	0.074	38.2
LC738874.1	LC738875.1	64.706	17	6	0	234735	234685	197465	197415	0.074	38.2
LC738874.1	LC738875.1	64.706	17	6	0	234735	234685	198264	198214	0.074	38.2
LC738874.1	LC738875.1	64.706	17	6	0	234735	234685	198270	198220	0.074	38.2
LC738874.1	LC738875.1	64.706	17	6	0	234735	234685	198276	198226	0.074	38.2
LC738874.1	LC738875.1	64.706	17	6	0	234735	234685	198282	198232	0.074	38.2
LC738874.1	LC738875.1	64.706	17	6	0	234735	234685	198288	198238	0.074	38.2
LC738874.1	LC738875.1	64.706	17	6	0	234735	234685	198294	198244	0.074	38.2
LC738874.1	LC738875.1	64.706	17	6	0	234735	234685	198300	198250	0.074	38.2
LC738874.1	LC738875.1	64.706	17	6	0	234735	234685	198302	198252	0.074	38.2
LC738874.1	LC738875.1	64.706	17	6	0	234735	234685	198304	198254	0.074	38.2
LC738874.1	LC738875.1	64.706	17	6	0	234735	234685	198306	198256	0.074	38.2
LC738874.1	LC738875.1	64.706	17	6	0	234735	234685	198310	198260	0.074	38.2
LC738874.1	LC738875.1	64.706	17	6	0	234735	234685	198312	198262	0.074	38.2
LC738874.1	LC738875.1	64.706	17	6	0	234735	234685	198316	198266	0.074	38.2
LC738874.1	LC738875.1	64.706	17	6	0	234735	234685	198318	198268	0.074	38.2
LC738874.1	LC738875.1	64.706	17	6	0	234735	234685	198320	198270	0.074	38.2
LC738874.1	LC738875.1	64.706	17	6	0	234735	234685	198326	198276	0.074	38.2
LC738874.1	LC738875.1	44.643	56	31	0	195526	195693	241054	241221	1.13e-24	38.2
LC738874.1	LC738875.1	64.706	17	6	0	234735	234685	243621	243671	0.074	38.2
LC738874.1	LC738875.1	64.706	17	6	0	234735	234685	243625	243675	0.074	38.2
LC738874.1	LC738875.1	64.706	17	6	0	234735	234685	243627	243677	0.074	38.2
LC738874.1	LC738875.1	36.000	25	16	0	183316	183242	245738	245664	8.11e-62	38.2
LC738874.1	LC738875.1	29.630	54	38	0	192631	192470	245897	245736	0.0	38.2
LC738874.1	LC738875.1	48.485	33	17	0	17393	17295	246023	245925	0.0	38.2
LC738874.1	LC738875.1	70.000	20	6	0	232649	232708	249847	249788	0.074	38.2
LC738874.1	LC738875.1	34.884	43	28	0	234735	234607	253514	253642	0.074	38.2
LC738874.1	LC738875.1	64.706	17	6	0	234735	234685	253534	253584	0.074	38.2
LC738874.1	LC738875.1	64.706	17	6	0	234735	234685	253536	253586	0.074	38.2
LC738874.1	LC738875.1	64.706	17	6	0	234735	234685	253538	253588	0.074	38.2
LC738874.1	LC738875.1	64.706	17	6	0	234735	234685	253540	253590	0.074	38.2
LC738874.1	LC738875.1	64.706	17	6	0	234735	234685	253544	253594	0.074	38.2
LC738874.1	LC738875.1	64.706	17	6	0	234735	234685	253546	253596	0.074	38.2
LC738874.1	LC738875.1	64.706	17	6	0	234735	234685	253548	253598	0.074	38.2
LC738874.1	LC738875.1	64.706	17	6	0	234735	234685	253550	253600	0.074	38.2
LC738874.1	LC738875.1	64.706	17	6	0	234735	234685	253552	253602	0.074	38.2
LC738874.1	LC738875.1	64.706	17	6	0	234735	234685	253554	253604	0.074	38.2
LC738874.1	LC738875.1	64.706	17	6	0	234735	234685	253556	253606	0.074	38.2
LC738874.1	LC738875.1	64.706	17	6	0	234735	234685	253558	253608	0.074	38.2
LC738874.1	LC738875.1	64.706	17	6	0	234735	234685	254327	254377	0.074	38.2
LC738874.1	LC738875.1	64.706	17	6	0	234735	234685	254333	254383	0.074	38.2
LC738874.1	LC738875.1	64.706	17	6	0	234735	234685	254335	254385	0.074	38.2
LC738874.1	LC738875.1	64.706	17	6	0	234735	234685	254337	254387	0.074	38.2
LC738874.1	LC738875.1	64.706	17	6	0	234735	234685	254339	254389	0.074	38.2
LC738874.1	LC738875.1	64.706	17	6	0	234735	234685	254341	254391	0.074	38.2
LC738874.1	LC738875.1	64.706	17	6	0	234735	234685	254345	254395	0.074	38.2
LC738874.1	LC738875.1	64.706	17	6	0	234735	234685	254363	254413	0.074	38.2
LC738874.1	LC738875.1	44.118	34	19	0	7296	7397	257364	257263	0.074	38.2
LC738874.1	LC738875.1	64.706	17	6	0	234735	234685	260205	260255	0.074	38.2
LC738874.1	LC738875.1	64.706	17	6	0	234735	234685	260207	260257	0.074	38.2
LC738874.1	LC738875.1	64.706	17	6	0	234735	234685	260215	260265	0.074	38.2
LC738874.1	LC738875.1	64.706	17	6	0	234735	234685	260217	260267	0.074	38.2
LC738874.1	LC738875.1	64.706	17	6	0	234735	234685	260219	260269	0.074	38.2
LC738874.1	LC738875.1	64.706	17	6	0	234735	234685	260221	260271	0.074	38.2
LC738874.1	LC738875.1	64.706	17	6	0	234735	234685	260223	260273	0.074	38.2
LC738874.1	LC738875.1	64.706	17	6	0	234735	234685	260225	260275	0.074	38.2
LC738874.1	LC738875.1	64.706	17	6	0	234735	234685	260227	260277	0.074	38.2
LC738874.1	LC738875.1	64.706	17	6	0	234735	234685	260229	260279	0.074	38.2
LC738874.1	LC738875.1	64.706	17	6	0	234735	234685	260231	260281	0.074	38.2
LC738874.1	LC738875.1	64.706	17	6	0	234735	234685	260233	260283	0.074	38.2
LC738874.1	LC738875.1	64.706	17	6	0	234735	234685	260235	260285	0.074	38.2
LC738874.1	LC738875.1	64.706	17	6	0	234735	234685	260237	260287	0.074	38.2
LC738874.1	LC738875.1	64.706	17	6	0	234735	234685	260239	260289	0.074	38.2
LC738874.1	LC738875.1	64.706	17	6	0	234735	234685	260241	260291	0.074	38.2
LC738874.1	LC738875.1	64.706	17	6	0	234735	234685	260243	260293	0.074	38.2
LC738874.1	LC738875.1	64.706	17	6	0	234735	234685	260245	260295	0.074	38.2
LC738874.1	LC738875.1	64.706	17	6	0	234735	234685	260247	260297	0.074	38.2
LC738874.1	LC738875.1	64.706	17	6	0	234735	234685	260249	260299	0.074	38.2
LC738874.1	LC738875.1	64.706	17	6	0	234735	234685	260251	260301	0.074	38.2
LC738874.1	LC738875.1	64.706	17	6	0	234735	234685	260253	260303	0.074	38.2
LC738874.1	LC738875.1	64.706	17	6	0	234735	234685	260255	260305	0.074	38.2
LC738874.1	LC738875.1	64.706	17	6	0	234735	234685	260257	260307	0.074	38.2
LC738874.1	LC738875.1	64.706	17	6	0	234735	234685	260259	260309	0.074	38.2
LC738874.1	LC738875.1	64.706	17	6	0	234735	234685	260261	260311	0.074	38.2
LC738874.1	LC738875.1	64.706	17	6	0	234735	234685	260263	260313	0.074	38.2
LC738874.1	LC738875.1	64.706	17	6	0	234735	234685	260265	260315	0.074	38.2
LC738874.1	LC738875.1	64.706	17	6	0	234735	234685	260267	260317	0.074	38.2
LC738874.1	LC738875.1	64.706	17	6	0	234735	234685	260269	260319	0.074	38.2
LC738874.1	LC738875.1	64.706	17	6	0	234735	234685	260271	260321	0.074	38.2
LC738874.1	LC738875.1	64.706	17	6	0	234735	234685	260273	260323	0.074	38.2
LC738874.1	LC738875.1	64.706	17	6	0	234735	234685	260275	260325	0.074	38.2
LC738874.1	LC738875.1	64.706	17	6	0	234735	234685	260277	260327	0.074	38.2
LC738874.1	LC738875.1	64.706	17	6	0	234735	234685	260279	260329	0.074	38.2
LC738874.1	LC738875.1	64.706	17	6	0	234735	234685	260281	260331	0.074	38.2
LC738874.1	LC738875.1	64.706	17	6	0	234735	234685	260283	260333	0.074	38.2
LC738874.1	LC738875.1	64.706	17	6	0	234735	234685	260285	260335	0.074	38.2
LC738874.1	LC738875.1	64.706	17	6	0	234735	234685	260287	260337	0.074	38.2
LC738874.1	LC738875.1	64.706	17	6	0	234735	234685	260289	260339	0.074	38.2
LC738874.1	LC738875.1	64.706	17	6	0	234735	234685	260291	260341	0.074	38.2
LC738874.1	LC738875.1	64.706	17	6	0	234735	234685	260293	260343	0.074	38.2
LC738874.1	LC738875.1	64.706	17	6	0	234735	234685	260295	260345	0.074	38.2
LC738874.1	LC738875.1	64.706	17	6	0	234735	234685	260297	260347	0.074	38.2
LC738874.1	LC738875.1	64.706	17	6	0	234735	234685	260299	260349	0.074	38.2
LC738874.1	LC738875.1	64.706	17	6	0	234735	234685	260301	260351	0.074	38.2
LC738874.1	LC738875.1	64.706	17	6	0	234735	234685	260305	260355	0.074	38.2
LC738874.1	LC738875.1	64.706	17	6	0	234735	234685	260307	260357	0.074	38.2
LC738874.1	LC738875.1	64.706	17	6	0	234735	234685	260309	260359	0.074	38.2
LC738874.1	LC738875.1	64.706	17	6	0	234735	234685	260311	260361	0.074	38.2
LC738874.1	LC738875.1	64.706	17	6	0	234735	234685	260313	260363	0.074	38.2
LC738874.1	LC738875.1	64.706	17	6	0	234735	234685	260315	260365	0.074	38.2
LC738874.1	LC738875.1	64.706	17	6	0	234735	234685	260317	260367	0.074	38.2
LC738874.1	LC738875.1	64.706	17	6	0	234735	234685	260319	260369	0.074	38.2
LC738874.1	LC738875.1	64.706	17	6	0	234735	234685	260321	260371	0.074	38.2
LC738874.1	LC738875.1	64.706	17	6	0	234735	234685	260323	260373	0.074	38.2
LC738874.1	LC738875.1	64.706	17	6	0	234735	234685	260325	260375	0.074	38.2
LC738874.1	LC738875.1	64.706	17	6	0	234735	234685	260327	260377	0.074	38.2
LC738874.1	LC738875.1	48.000	25	13	0	234735	234661	261292	261366	0.074	38.2
LC738874.1	LC738875.1	64.706	17	6	0	234735	234685	261672	261722	0.074	38.2
LC738874.1	LC738875.1	64.706	17	6	0	234735	234685	261674	261724	0.074	38.2
LC738874.1	LC738875.1	64.706	17	6	0	234735	234685	261678	261728	0.074	38.2
LC738874.1	LC738875.1	64.706	17	6	0	234735	234685	261684	261734	0.074	38.2
LC738874.1	LC738875.1	100.000	17	0	0	238393	238343	267421	267471	0.0	38.2
LC738874.1	LC738875.1	28.000	50	36	0	10406	10555	267772	267623	0.074	38.2
LC738874.1	LC738875.1	34.211	38	25	0	10406	10519	267758	267645	0.074	38.2
LC738874.1	LC738875.1	88.235	17	2	0	235427	235377	268632	268682	0.074	38.2
LC738874.1	LC738875.1	94.118	17	1	0	235378	235428	268768	268718	0.074	38.2
LC738874.1	LC738875.1	88.235	17	2	0	235377	235427	268769	268719	0.074	38.2
LC738874.1	LC738875.1	87.500	16	2	0	235379	235426	268767	268720	0.074	38.2
LC738874.1	LC738875.1	64.706	17	6	0	234735	234685	293883	293833	0.074	38.2
LC738874.1	LC738875.1	64.706	17	6	0	234735	234685	293885	293835	0.074	38.2
LC738874.1	LC738875.1	64.706	17	6	0	234735	234685	293887	293837	0.074	38.2
LC738874.1	LC738875.1	64.706	17	6	0	234735	234685	293889	293839	0.074	38.2
LC738874.1	LC738875.1	64.706	17	6	0	234735	234685	293891	293841	0.074	38.2
LC738874.1	LC738875.1	64.706	17	6	0	234735	234685	293893	293843	0.074	38.2
LC738874.1	LC738875.1	64.706	17	6	0	234735	234685	293895	293845	0.074	38.2
LC738874.1	LC738875.1	64.706	17	6	0	234735	234685	293897	293847	0.074	38.2
LC738874.1	LC738875.1	64.706	17	6	0	234735	234685	293899	293849	0.074	38.2
LC738874.1	LC738875.1	64.706	17	6	0	234735	234685	293901	293851	0.074	38.2
LC738874.1	LC738875.1	64.706	17	6	0	234735	234685	293903	293853	0.074	38.2
LC738874.1	LC738875.1	64.706	17	6	0	234735	234685	293905	293855	0.074	38.2
LC738874.1	LC738875.1	64.706	17	6	0	234735	234685	293907	293857	0.074	38.2
LC738874.1	LC738875.1	64.706	17	6	0	234735	234685	293909	293859	0.074	38.2
LC738874.1	LC738875.1	64.706	17	6	0	234735	234685	293911	293861	0.074	38.2
LC738874.1	LC738875.1	64.706	17	6	0	234735	234685	293913	293863	0.074	38.2
LC738874.1	LC738875.1	64.706	17	6	0	234735	234685	293915	293865	0.074	38.2
LC738874.1	LC738875.1	64.706	17	6	0	234735	234685	293917	293867	0.074	38.2
LC738874.1	LC738875.1	64.706	17	6	0	234735	234685	293921	293871	3.37e-90	38.2
LC738874.1	LC738875.1	64.706	17	6	0	234735	234685	293923	293873	1.55e-122	38.2
LC738874.1	LC738875.1	64.706	17	6	0	234735	234685	356559	356609	0.074	38.2
LC738874.1	LC738875.1	64.706	17	6	0	234735	234685	356561	356611	0.074	38.2
LC738874.1	LC738875.1	64.706	17	6	0	234735	234685	356563	356613	0.074	38.2
LC738874.1	LC738875.1	64.706	17	6	0	234735	234685	356565	356615	0.074	38.2
LC738874.1	LC738875.1	64.706	17	6	0	234735	234685	356567	356617	0.074	38.2
LC738874.1	LC738875.1	64.706	17	6	0	234735	234685	356569	356619	0.074	38.2
LC738874.1	LC738875.1	64.706	17	6	0	234735	234685	356575	356625	0.074	38.2
LC738874.1	LC738875.1	64.706	17	6	0	234735	234685	356581	356631	0.074	38.2
LC738874.1	LC738875.1	64.706	17	6	0	234735	234685	356587	356637	0.074	38.2
LC738874.1	LC738875.1	61.905	21	8	0	234215	234277	37476	37414	4.29e-140	37.7
LC738874.1	LC738875.1	30.612	49	34	0	10433	10579	90624	90478	0.10	37.7
LC738874.1	LC738875.1	26.230	61	45	0	10433	10615	90672	90490	0.10	37.7
LC738874.1	LC738875.1	41.667	36	21	0	128815	128922	134659	134766	0.0	37.7
LC738874.1	LC738875.1	50.000	22	11	0	234750	234685	183898	183833	0.10	37.7
LC738874.1	LC738875.1	64.706	17	6	0	234735	234685	183889	183839	0.10	37.7
LC738874.1	LC738875.1	64.706	17	6	0	234735	234685	185123	185073	0.10	37.7
LC738874.1	LC738875.1	45.283	53	29	0	193801	193959	241594	241752	3.91e-31	37.7
LC738874.1	LC738875.1	51.163	43	21	0	189598	189726	241594	241722	9.43e-37	37.7
LC738874.1	LC738875.1	57.143	21	9	0	192190	192128	242083	242021	6.12e-72	37.7
LC738874.1	LC738875.1	33.333	48	32	0	180934	180791	242344	242201	7.19e-168	37.7
LC738874.1	LC738875.1	45.283	53	29	0	182172	182014	244606	244448	2.87e-71	37.7
LC738874.1	LC738875.1	43.396	53	30	0	195229	195071	244606	244448	0.10	37.7
LC738874.1	LC738875.1	62.500	32	12	0	179769	179864	244609	244704	1.54e-51	37.7
LC738874.1	LC738875.1	54.839	31	14	0	191442	191350	244720	244628	3.32e-27	37.7
LC738874.1	LC738875.1	43.750	48	27	0	185305	185448	246113	246256	0.10	37.7
LC738874.1	LC738875.1	100.000	15	0	0	234053	234097	250107	250063	1.47e-21	37.7
LC738874.1	LC738875.1	48.000	25	13	0	234735	234661	254375	254449	0.10	37.7
LC738874.1	LC738875.1	52.000	25	12	0	234735	234661	254381	254455	0.10	37.7
LC738874.1	LC738875.1	33.333	36	24	0	10424	10531	257271	257378	0.10	37.7
LC738874.1	LC738875.1	37.500	40	25	0	7284	7403	257285	257404	0.10	37.7
LC738874.1	LC738875.1	31.579	38	26	0	247918	248031	257440	257553	0.10	37.7
LC738874.1	LC738875.1	62.500	16	6	0	43635	43682	261319	261366	0.10	37.7
LC738874.1	LC738875.1	24.490	49	37	0	10406	10552	267756	267610	0.10	37.7
LC738874.1	LC738875.1	31.707	41	28	0	10406	10528	267684	267806	0.10	37.7
LC738874.1	LC738875.1	94.118	17	1	0	236031	235981	267831	267881	0.001	37.7
LC738874.1	LC738875.1	94.118	17	1	0	236116	236066	267916	267966	0.10	37.7
LC738874.1	LC738875.1	88.235	17	2	0	235378	235428	268681	268631	0.10	37.7
LC738874.1	LC738875.1	36.508	63	40	0	6218	6406	274040	274228	0.10	37.7
LC738874.1	LC738875.1	42.857	28	16	0	234735	234652	356547	356630	0.10	37.7
LC738874.1	LC738875.1	64.706	17	6	0	234735	234685	356577	356627	0.10	37.7
LC738874.1	LC738875.1	45.833	24	13	0	234735	234664	540	469	0.14	37.3
LC738874.1	LC738875.1	34.783	46	30	0	266953	267090	12087	11950	0.0	37.3
LC738874.1	LC738875.1	61.538	26	10	0	234165	234088	37532	37609	6.58e-15	37.3
LC738874.1	LC738875.1	44.118	34	19	0	7272	7373	39725	39624	0.14	37.3
LC738874.1	LC738875.1	51.852	27	13	0	278916	278836	47736	47656	4.44e-68	37.3
LC738874.1	LC738875.1	32.857	70	47	0	80494	80703	79963	79754	0.14	37.3
LC738874.1	LC738875.1	46.875	32	17	0	248183	248088	104726	104631	0.14	37.3
LC738874.1	LC738875.1	45.000	40	22	0	140909	140790	152231	152350	8.82e-23	37.3
LC738874.1	LC738875.1	48.485	33	17	0	139599	139697	168902	169000	0.0	37.3
LC738874.1	LC738875.1	43.478	23	13	0	234735	234667	183837	183769	0.14	37.3
LC738874.1	LC738875.1	57.895	19	8	0	234741	234685	183877	183821	0.14	37.3
LC738874.1	LC738875.1	43.333	30	17	0	234774	234685	183934	183845	0.14	37.3
LC738874.1	LC738875.1	57.895	19	8	0	234741	234685	185125	185069	0.14	37.3
LC738874.1	LC738875.1	57.895	19	8	0	234741	234685	185137	185081	0.14	37.3
LC738874.1	LC738875.1	64.706	17	6	0	234735	234685	198286	198236	0.14	37.3
LC738874.1	LC738875.1	57.895	19	8	0	234741	234685	198330	198274	0.14	37.3
LC738874.1	LC738875.1	62.963	27	10	0	791	711	238658	238738	3.34e-40	37.3
LC738874.1	LC738875.1	50.000	46	23	0	184742	184879	241351	241488	0.001	37.3
LC738874.1	LC738875.1	38.298	47	29	0	180518	180658	241952	242092	0.14	37.3
LC738874.1	LC738875.1	44.231	52	29	0	195074	195229	244451	244606	0.14	37.3
LC738874.1	LC738875.1	60.606	33	13	0	195675	195773	244609	244707	1.61e-26	37.3
LC738874.1	LC738875.1	50.000	34	17	0	195786	195685	244720	244619	7.31e-25	37.3
LC738874.1	LC738875.1	66.667	27	9	0	179865	179785	244705	244625	0.14	37.3
LC738874.1	LC738875.1	55.263	38	17	0	184975	185088	244987	245100	2.82e-47	37.3
LC738874.1	LC738875.1	39.623	53	32	0	196384	196542	245306	245464	0.14	37.3
LC738874.1	LC738875.1	48.649	37	19	0	180518	180628	246121	246231	0.14	37.3
LC738874.1	LC738875.1	39.474	38	23	0	234171	234058	249867	249980	1.11e-05	37.3
LC738874.1	LC738875.1	41.026	39	23	0	7278	7394	257275	257391	0.14	37.3
LC738874.1	LC738875.1	46.875	32	17	0	7284	7379	257279	257374	0.14	37.3
LC738874.1	LC738875.1	25.000	44	33	0	240436	240567	257455	257586	0.0	37.3
LC738874.1	LC738875.1	50.000	26	13	0	234735	234658	260329	260406	0.14	37.3
LC738874.1	LC738875.1	55.556	18	8	0	234735	234682	293881	293828	0.14	37.3
LC738874.1	LC738875.1	55.172	29	13	0	118328	118414	297268	297354	0.0	37.3
LC738874.1	LC738875.1	38.710	62	38	0	186991	187176	346305	346490	0.0	37.3
LC738874.1	LC738875.1	39.394	33	20	0	193498	193400	7805	7903	0.19	36.8
LC738874.1	LC738875.1	40.000	35	21	0	7296	7400	39626	39730	0.0	36.8
LC738874.1	LC738875.1	39.394	33	20	0	80424	80326	80078	80176	5.81e-42	36.8
LC738874.1	LC738875.1	38.462	39	24	0	27933	27817	80605	80721	3.45e-76	36.8
LC738874.1	LC738875.1	45.161	31	17	0	7287	7379	90529	90621	7.01e-71	36.8
LC738874.1	LC738875.1	35.714	70	45	0	111308	111099	125602	125393	0.0	36.8
LC738874.1	LC738875.1	58.824	17	7	0	234735	234685	183865	183815	0.19	36.8
LC738874.1	LC738875.1	58.824	17	7	0	234735	234685	185113	185063	0.19	36.8
LC738874.1	LC738875.1	58.824	17	7	0	234735	234685	197471	197421	0.19	36.8
LC738874.1	LC738875.1	58.824	17	7	0	234735	234685	197477	197427	0.19	36.8
LC738874.1	LC738875.1	57.895	19	8	0	234741	234685	197487	197431	0.19	36.8
LC738874.1	LC738875.1	58.824	17	7	0	234735	234685	197483	197433	0.19	36.8
LC738874.1	LC738875.1	58.824	17	7	0	234735	234685	198274	198224	0.19	36.8
LC738874.1	LC738875.1	58.824	17	7	0	234735	234685	198292	198242	0.19	36.8
LC738874.1	LC738875.1	35.185	54	35	0	183241	183080	242272	242111	0.0	36.8
LC738874.1	LC738875.1	58.824	17	7	0	234735	234685	243617	243667	0.19	36.8
LC738874.1	LC738875.1	58.824	17	7	0	234735	234685	243623	243673	0.19	36.8
LC738874.1	LC738875.1	50.000	34	17	0	193509	193408	244720	244619	8.29e-48	36.8
LC738874.1	LC738875.1	55.172	29	13	0	193496	193410	244707	244621	5.05e-31	36.8
LC738874.1	LC738875.1	45.946	37	20	0	191855	191745	245109	244999	7.08e-46	36.8
LC738874.1	LC738875.1	57.143	28	12	0	232624	232707	249872	249789	6.57e-05	36.8
LC738874.1	LC738875.1	58.824	17	7	0	234735	234685	253528	253578	0.19	36.8
LC738874.1	LC738875.1	58.824	17	7	0	234735	234685	254329	254379	0.19	36.8
LC738874.1	LC738875.1	37.500	32	20	0	43616	43711	257308	257403	0.19	36.8
LC738874.1	LC738875.1	27.907	43	31	0	247903	248031	257443	257571	0.19	36.8
LC738874.1	LC738875.1	26.190	42	31	0	240436	240561	257452	257577	2.88e-84	36.8
LC738874.1	LC738875.1	41.379	29	17	0	234732	234646	261671	261757	0.19	36.8
LC738874.1	LC738875.1	43.478	23	13	0	234735	234667	261676	261744	0.19	36.8
LC738874.1	LC738875.1	58.824	17	7	0	234735	234685	261692	261742	0.19	36.8
LC738874.1	LC738875.1	93.750	16	1	0	239331	239284	266503	266550	0.0	36.8
LC738874.1	LC738875.1	26.531	49	36	0	10406	10552	267760	267614	0.19	36.8
LC738874.1	LC738875.1	29.268	41	29	0	10430	10552	267801	267679	0.19	36.8
LC738874.1	LC738875.1	58.824	17	7	0	234735	234685	293933	293883	0.19	36.8
LC738874.1	LC738875.1	34.286	35	23	0	117975	117871	296816	296712	0.0	36.8
LC738874.1	LC738875.1	54.167	24	11	0	123170	123099	301301	301230	0.0	36.8
LC738874.1	LC738875.1	44.444	27	15	0	191428	191348	346243	346163	7.19e-168	36.8
LC738874.1	LC738875.1	58.824	17	7	0	234735	234685	356571	356621	0.19	36.8
LC738874.1	LC738875.1	64.706	17	6	0	234735	234685	526	476	0.26	36.3
LC738874.1	LC738875.1	62.500	16	6	0	234735	234688	532	485	0.26	36.3
LC738874.1	LC738875.1	54.545	22	10	0	255973	256038	23550	23485	0.0	36.3
LC738874.1	LC738875.1	63.158	19	7	0	39393	39449	36219	36163	1.27e-75	36.3
LC738874.1	LC738875.1	73.684	19	5	0	38986	38930	36740	36796	3.45e-76	36.3
LC738874.1	LC738875.1	43.333	30	17	0	167438	167349	52738	52827	9.27e-104	36.3
LC738874.1	LC738875.1	50.000	36	18	0	28130	28237	80193	80086	1.27e-75	36.3
LC738874.1	LC738875.1	44.186	43	24	0	28010	28138	80410	80282	0.26	36.3
LC738874.1	LC738875.1	48.387	31	16	0	248183	248091	104663	104571	0.26	36.3
LC738874.1	LC738875.1	54.167	24	11	0	248159	248088	104726	104655	0.26	36.3
LC738874.1	LC738875.1	30.556	108	75	0	98807	98484	113623	113300	0.0	36.3
LC738874.1	LC738875.1	58.824	17	7	0	234735	234685	183875	183825	0.26	36.3
LC738874.1	LC738875.1	62.500	16	6	0	234735	234688	185091	185044	0.26	36.3
LC738874.1	LC738875.1	62.500	16	6	0	234735	234688	185093	185046	0.26	36.3
LC738874.1	LC738875.1	50.000	22	11	0	234750	234685	185152	185087	0.26	36.3
LC738874.1	LC738875.1	62.500	16	6	0	234735	234688	198258	198211	0.26	36.3
LC738874.1	LC738875.1	45.455	22	12	0	234750	234685	243598	243663	0.26	36.3
LC738874.1	LC738875.1	62.500	16	6	0	234735	234688	243631	243678	0.26	36.3
LC738874.1	LC738875.1	62.500	16	6	0	234735	234688	243633	243680	0.26	36.3
LC738874.1	LC738875.1	58.824	17	7	0	234735	234685	253498	253548	0.26	36.3
LC738874.1	LC738875.1	58.824	17	7	0	234735	234685	253520	253570	0.26	36.3
LC738874.1	LC738875.1	62.500	16	6	0	234732	234685	253529	253576	0.26	36.3
LC738874.1	LC738875.1	50.000	18	9	0	234738	234685	254320	254373	0.26	36.3
LC738874.1	LC738875.1	39.535	43	26	0	7272	7400	257255	257383	0.26	36.3
LC738874.1	LC738875.1	32.432	37	25	0	43613	43723	257370	257260	4.29e-140	36.3
LC738874.1	LC738875.1	42.424	33	19	0	7281	7379	257268	257366	0.26	36.3
LC738874.1	LC738875.1	21.739	46	36	0	240436	240573	257446	257583	0.26	36.3
LC738874.1	LC738875.1	28.205	39	28	0	247915	248031	257449	257565	0.26	36.3
LC738874.1	LC738875.1	26.190	42	31	0	240439	240564	257452	257577	0.26	36.3
LC738874.1	LC738875.1	62.500	16	6	0	234732	234685	260204	260251	0.26	36.3
LC738874.1	LC738875.1	44.444	27	15	0	234735	234655	260331	260411	0.26	36.3
LC738874.1	LC738875.1	64.706	17	6	0	234735	234685	261682	261732	0.26	36.3
LC738874.1	LC738875.1	25.000	56	42	0	10400	10567	267626	267793	0.26	36.3
LC738874.1	LC738875.1	24.074	54	41	0	10406	10567	267656	267817	0.26	36.3
LC738874.1	LC738875.1	81.250	16	3	0	235379	235426	268680	268633	0.26	36.3
LC738874.1	LC738875.1	60.000	25	10	0	32177	32251	273836	273910	1.02e-18	36.3
LC738874.1	LC738875.1	62.500	16	6	0	234735	234688	293879	293832	0.26	36.3
LC738874.1	LC738875.1	62.500	16	6	0	234732	234685	293922	293875	0.26	36.3
LC738874.1	LC738875.1	58.824	17	7	0	234735	234685	293931	293881	0.26	36.3
LC738874.1	LC738875.1	62.500	16	6	0	234732	234685	293932	293885	0.26	36.3
LC738874.1	LC738875.1	60.000	20	8	0	271938	271879	341900	341841	0.0	36.3
LC738874.1	LC738875.1	37.705	61	38	0	195843	196025	346305	346487	4.43e-118	36.3
LC738874.1	LC738875.1	63.158	19	7	0	192181	192125	347047	346991	8.53e-50	36.3
LC738874.1	LC738875.1	40.625	32	19	0	191428	191333	5256	5351	3.34e-40	35.9
LC738874.1	LC738875.1	40.625	32	19	0	191428	191333	10426	10521	2.70e-17	35.9
LC738874.1	LC738875.1	55.172	29	13	0	263209	263295	16401	16315	0.0	35.9
LC738874.1	LC738875.1	30.357	56	39	0	259231	259398	20436	20269	0.0	35.9
LC738874.1	LC738875.1	66.667	21	7	0	234216	234278	37475	37413	3.89e-16	35.9
LC738874.1	LC738875.1	55.556	27	12	0	197168	197248	39578	39658	2.42e-35	35.9
LC738874.1	LC738875.1	32.759	58	39	0	169019	168846	51199	51372	9.27e-104	35.9
LC738874.1	LC738875.1	40.816	49	29	0	5968	6114	80726	80580	1.27e-75	35.9
LC738874.1	LC738875.1	50.000	24	12	0	128731	128802	134557	134628	0.0	35.9
LC738874.1	LC738875.1	28.571	56	40	0	250834	250667	169796	169629	0.36	35.9
LC738874.1	LC738875.1	60.000	15	6	0	234732	234688	209080	209036	0.36	35.9
LC738874.1	LC738875.1	56.250	16	7	0	234732	234685	209605	209558	0.36	35.9
LC738874.1	LC738875.1	42.105	57	33	0	181978	182148	241018	241188	0.36	35.9
LC738874.1	LC738875.1	37.097	62	39	0	179781	179596	241215	241030	7.19e-168	35.9
LC738874.1	LC738875.1	53.125	32	15	0	189194	189289	241217	241312	9.43e-37	35.9
LC738874.1	LC738875.1	62.069	29	11	0	186835	186921	241227	241313	3.43e-73	35.9
LC738874.1	LC738875.1	62.963	27	10	0	179865	179785	241311	241231	7.19e-168	35.9
LC738874.1	LC738875.1	52.000	25	12	0	190004	190078	242021	242095	0.36	35.9
LC738874.1	LC738875.1	57.143	21	9	0	194572	194510	242344	242282	8.07e-141	35.9
LC738874.1	LC738875.1	66.667	27	9	0	186919	186839	244705	244625	9.84e-23	35.9
LC738874.1	LC738875.1	46.667	45	24	0	196253	196387	245178	245312	9.89e-55	35.9
LC738874.1	LC738875.1	57.143	21	9	0	192190	192128	245477	245415	1.55e-122	35.9
LC738874.1	LC738875.1	35.000	40	26	0	7281	7400	250962	251081	0.36	35.9
LC738874.1	LC738875.1	58.824	17	7	0	234735	234685	253502	253552	0.36	35.9
LC738874.1	LC738875.1	58.824	17	7	0	234735	234685	253508	253558	0.36	35.9
LC738874.1	LC738875.1	22.917	48	37	0	240439	240582	257443	257586	0.36	35.9
LC738874.1	LC738875.1	28.947	38	27	0	247918	248031	257455	257568	0.36	35.9
LC738874.1	LC738875.1	28.947	38	27	0	247918	248031	257464	257577	0.36	35.9
LC738874.1	LC738875.1	37.931	29	18	0	234738	234652	261275	261361	0.36	35.9
LC738874.1	LC738875.1	51.852	27	13	0	244582	244662	261360	261440	0.0	35.9
LC738874.1	LC738875.1	39.286	28	17	0	234735	234652	261666	261749	0.36	35.9
LC738874.1	LC738875.1	58.824	17	7	0	234735	234685	261688	261738	0.36	35.9
LC738874.1	LC738875.1	25.862	58	43	0	10406	10579	267752	267579	0.36	35.9
LC738874.1	LC738875.1	26.087	46	34	0	10406	10543	267754	267617	0.36	35.9
LC738874.1	LC738875.1	29.268	41	29	0	10406	10528	267680	267802	0.36	35.9
LC738874.1	LC738875.1	60.000	20	8	0	217788	217847	274175	274116	0.36	35.9
LC738874.1	LC738875.1	40.000	55	33	0	80600	80764	274549	274713	6.79e-04	35.9
LC738874.1	LC738875.1	42.308	26	15	0	9548	9471	274886	274809	0.36	35.9
LC738874.1	LC738875.1	38.710	31	19	0	78836	78744	327985	327893	0.0	35.9
LC738874.1	LC738875.1	48.148	27	14	0	16118	16038	346243	346163	1.80e-50	35.9
LC738874.1	LC738875.1	32.000	50	34	0	189736	189587	346678	346529	1.31e-71	35.9
LC738874.1	LC738875.1	57.895	19	8	0	234735	234679	522	466	0.49	35.4
LC738874.1	LC738875.1	62.500	16	6	0	234735	234688	520	473	0.49	35.4
LC738874.1	LC738875.1	30.000	40	28	0	17267	17148	6662	6781	0.49	35.4
LC738874.1	LC738875.1	34.375	32	21	0	184691	184596	7808	7903	9.27e-104	35.4
LC738874.1	LC738875.1	71.429	21	6	0	234277	234215	37414	37476	6.58e-15	35.4
LC738874.1	LC738875.1	53.846	26	12	0	234089	234166	37608	37531	4.29e-140	35.4
LC738874.1	LC738875.1	66.667	21	7	0	234166	234104	37531	37593	1.40e-07	35.4
LC738874.1	LC738875.1	80.000	15	3	0	232479	232523	37665	37621	4.29e-140	35.4
LC738874.1	LC738875.1	46.429	28	15	0	7296	7379	39711	39628	0.49	35.4
LC738874.1	LC738875.1	30.357	56	39	0	278757	278590	47580	47413	4.44e-68	35.4
LC738874.1	LC738875.1	34.043	47	31	0	30599	30459	80590	80730	3.34e-40	35.4
LC738874.1	LC738875.1	29.167	48	34	0	10385	10528	88676	88819	0.0	35.4
LC738874.1	LC738875.1	48.485	33	17	0	248186	248088	104687	104589	0.49	35.4
LC738874.1	LC738875.1	46.875	32	17	0	248183	248088	104720	104625	0.49	35.4
LC738874.1	LC738875.1	46.875	32	17	0	248183	248088	104744	104649	0.49	35.4
LC738874.1	LC738875.1	42.857	28	16	0	142819	142902	150603	150520	4.29e-140	35.4
LC738874.1	LC738875.1	58.824	17	7	0	234735	234685	200391	200441	0.49	35.4
LC738874.1	LC738875.1	57.143	21	9	0	868	806	238579	238641	3.34e-40	35.4
LC738874.1	LC738875.1	42.222	45	26	0	16842	16708	246229	246095	0.49	35.4
LC738874.1	LC738875.1	80.000	15	3	0	232479	232523	250008	249964	1.14e-11	35.4
LC738874.1	LC738875.1	37.500	40	25	0	7275	7394	250954	251073	0.49	35.4
LC738874.1	LC738875.1	44.828	29	16	0	7293	7379	251061	250975	0.49	35.4
LC738874.1	LC738875.1	52.941	17	8	0	234735	234685	253516	253566	0.49	35.4
LC738874.1	LC738875.1	52.941	17	8	0	234735	234685	253522	253572	0.49	35.4
LC738874.1	LC738875.1	36.585	41	26	0	43560	43682	257214	257336	0.49	35.4
LC738874.1	LC738875.1	41.176	34	20	0	7296	7397	257271	257372	0.49	35.4
LC738874.1	LC738875.1	23.256	43	33	0	240436	240564	257443	257571	0.49	35.4
LC738874.1	LC738875.1	28.571	42	30	0	10406	10531	267744	267619	0.49	35.4
LC738874.1	LC738875.1	24.074	54	41	0	10406	10567	267638	267799	0.49	35.4
LC738874.1	LC738875.1	24.528	53	40	0	10406	10564	267640	267798	0.49	35.4
LC738874.1	LC738875.1	29.730	37	26	0	10406	10516	267688	267798	0.49	35.4
LC738874.1	LC738875.1	50.000	20	10	0	43625	43684	267706	267765	0.49	35.4
LC738874.1	LC738875.1	52.381	21	10	0	43622	43684	273144	273206	0.49	35.4
LC738874.1	LC738875.1	30.612	49	34	0	31202	31056	274184	274038	0.49	35.4
LC738874.1	LC738875.1	41.379	29	17	0	6752	6666	274187	274101	0.49	35.4
LC738874.1	LC738875.1	28.000	100	72	0	218226	217927	274448	274747	0.0	35.4
LC738874.1	LC738875.1	42.623	61	35	0	32893	32711	274669	274487	1.59e-04	35.4
LC738874.1	LC738875.1	48.571	35	18	0	32874	32770	274650	274546	0.49	35.4
LC738874.1	LC738875.1	54.545	33	15	0	126172	126074	304336	304238	0.0	35.4
LC738874.1	LC738875.1	38.776	49	30	0	77233	77379	326397	326543	4.43e-118	35.4
LC738874.1	LC738875.1	41.379	29	17	0	193501	193415	346249	346163	8.11e-62	35.4
LC738874.1	LC738875.1	29.167	48	34	0	185621	185478	347221	347078	0.0	35.4
LC738874.1	LC738875.1	34.286	35	23	0	234756	234652	356528	356632	0.49	35.4
LC738874.1	LC738875.1	48.000	25	13	0	193498	193424	5253	5327	0.68	35.0
LC738874.1	LC738875.1	58.824	17	7	0	273037	272987	8204	8254	0.0	35.0
LC738874.1	LC738875.1	30.000	40	28	0	17267	17148	9280	9399	0.68	35.0
LC738874.1	LC738875.1	48.000	25	13	0	193498	193424	10423	10497	0.68	35.0
LC738874.1	LC738875.1	36.364	33	21	0	10469	10567	10823	10921	0.0	35.0
LC738874.1	LC738875.1	30.909	55	38	0	39926	39762	35452	35616	3.45e-76	35.0
LC738874.1	LC738875.1	45.833	24	13	0	39297	39368	36348	36277	1.27e-75	35.0
LC738874.1	LC738875.1	57.143	21	9	0	232672	232734	37476	37414	1.37e-08	35.0
LC738874.1	LC738875.1	45.161	31	17	0	7305	7397	39724	39632	0.68	35.0
LC738874.1	LC738875.1	43.182	44	25	0	8841	8710	80257	80388	0.68	35.0
LC738874.1	LC738875.1	37.143	35	22	0	10415	10519	90519	90623	4.43e-118	35.0
LC738874.1	LC738875.1	42.500	40	23	0	7296	7415	90542	90661	0.68	35.0
LC738874.1	LC738875.1	46.875	32	17	0	248183	248088	104666	104571	0.68	35.0
LC738874.1	LC738875.1	46.875	32	17	0	248183	248088	104672	104577	0.68	35.0
LC738874.1	LC738875.1	50.000	30	15	0	248177	248088	104753	104664	0.68	35.0
LC738874.1	LC738875.1	30.159	63	44	0	145164	144976	148189	148377	8.82e-23	35.0
LC738874.1	LC738875.1	56.250	16	7	0	234732	234685	183874	183827	0.68	35.0
LC738874.1	LC738875.1	56.250	16	7	0	234732	234685	185122	185075	0.68	35.0
LC738874.1	LC738875.1	61.111	18	7	0	234738	234685	197492	197439	0.68	35.0
LC738874.1	LC738875.1	52.941	17	8	0	234735	234685	197491	197441	0.68	35.0
LC738874.1	LC738875.1	56.250	16	7	0	234732	234685	198327	198280	0.68	35.0
LC738874.1	LC738875.1	52.941	17	8	0	234735	234685	198334	198284	0.68	35.0
LC738874.1	LC738875.1	47.059	34	18	0	193509	193408	241326	241225	3.37e-25	35.0
LC738874.1	LC738875.1	53.333	30	14	0	191357	191446	241241	241330	5.29e-21	35.0
LC738874.1	LC738875.1	36.735	49	31	0	17299	17153	242520	242374	8.11e-62	35.0
LC738874.1	LC738875.1	57.576	33	14	0	189192	189290	244609	244707	1.19e-41	35.0
LC738874.1	LC738875.1	52.381	21	10	0	194572	194510	245738	245676	0.0	35.0
LC738874.1	LC738875.1	43.590	39	22	0	17296	17180	245911	245795	0.0	35.0
LC738874.1	LC738875.1	52.381	42	20	0	194259	194134	246236	246111	0.68	35.0
LC738874.1	LC738875.1	48.718	39	20	0	189927	190043	246113	246229	0.68	35.0
LC738874.1	LC738875.1	52.632	19	9	0	234741	234685	254313	254369	0.68	35.0
LC738874.1	LC738875.1	28.000	50	36	0	90640	90491	257581	257432	0.68	35.0
LC738874.1	LC738875.1	25.000	44	33	0	240436	240567	257458	257589	0.68	35.0
LC738874.1	LC738875.1	50.000	18	9	0	234738	234685	261271	261324	0.68	35.0
LC738874.1	LC738875.1	43.478	23	13	0	234729	234661	261276	261344	0.68	35.0
LC738874.1	LC738875.1	33.333	42	28	0	240436	240561	267706	267581	0.0	35.0
LC738874.1	LC738875.1	23.077	52	40	0	10397	10552	267588	267743	0.68	35.0
LC738874.1	LC738875.1	26.190	42	31	0	10406	10531	267736	267611	0.68	35.0
LC738874.1	LC738875.1	26.531	49	36	0	10406	10552	267764	267618	0.68	35.0
LC738874.1	LC738875.1	26.415	53	39	0	10406	10564	267788	267630	0.68	35.0
LC738874.1	LC738875.1	28.947	38	27	0	10406	10519	267746	267633	0.68	35.0
LC738874.1	LC738875.1	28.947	38	27	0	10406	10519	267676	267789	0.68	35.0
LC738874.1	LC738875.1	35.484	31	20	0	43613	43705	267712	267804	0.68	35.0
LC738874.1	LC738875.1	31.579	57	39	0	220769	220599	273342	273512	0.0	35.0
LC738874.1	LC738875.1	57.143	21	9	0	6356	6294	274889	274827	0.68	35.0
LC738874.1	LC738875.1	43.333	30	17	0	234735	234646	293877	293788	0.68	35.0
LC738874.1	LC738875.1	38.462	65	40	0	198515	198709	331466	331272	0.0	35.0
LC738874.1	LC738875.1	37.931	58	36	0	194130	194303	346911	347084	0.0	35.0
LC738874.1	LC738875.1	56.250	16	7	0	234735	234688	356589	356636	0.68	35.0
LC738874.1	LC738875.1	30.000	50	35	0	16550	16401	9976	10125	7.24e-23	34.5
LC738874.1	LC738875.1	45.455	22	12	0	43613	43678	10877	10812	1.27e-75	34.5
LC738874.1	LC738875.1	44.000	25	14	0	259654	259728	19986	19912	0.0	34.5
LC738874.1	LC738875.1	24.615	65	49	0	168083	167889	52009	52203	9.27e-104	34.5
LC738874.1	LC738875.1	40.541	37	22	0	8812	8702	79826	79936	0.93	34.5
LC738874.1	LC738875.1	31.250	48	33	0	210323	210466	83636	83493	0.93	34.5
LC738874.1	LC738875.1	45.714	35	19	0	7311	7415	88734	88838	1.35e-25	34.5
LC738874.1	LC738875.1	30.556	36	25	0	43616	43723	90612	90505	0.93	34.5
LC738874.1	LC738875.1	52.000	25	12	0	248159	248085	104681	104607	0.93	34.5
LC738874.1	LC738875.1	48.276	29	15	0	248183	248097	104699	104613	0.93	34.5
LC738874.1	LC738875.1	36.364	66	42	0	108690	108887	123062	123259	0.93	34.5
LC738874.1	LC738875.1	46.154	39	21	0	143606	143490	149705	149821	8.82e-23	34.5
LC738874.1	LC738875.1	40.000	30	18	0	234735	234646	185129	185040	0.93	34.5
LC738874.1	LC738875.1	47.826	23	12	0	234735	234667	198256	198188	0.93	34.5
LC738874.1	LC738875.1	37.931	29	18	0	78945	79031	238779	238865	0.93	34.5
LC738874.1	LC738875.1	58.824	34	14	0	182275	182174	241327	241226	1.31e-71	34.5
LC738874.1	LC738875.1	51.724	29	14	0	186921	186835	241313	241227	1.17e-38	34.5
LC738874.1	LC738875.1	62.963	27	10	0	186919	186839	241311	241231	3.37e-90	34.5
LC738874.1	LC738875.1	44.444	36	20	0	184602	184709	244617	244724	2.82e-47	34.5
LC738874.1	LC738875.1	61.765	34	13	0	182275	182174	244721	244620	7.19e-168	34.5
LC738874.1	LC738875.1	52.381	21	10	0	196831	196769	245738	245676	8.07e-141	34.5
LC738874.1	LC738875.1	36.667	30	19	0	10430	10519	250955	251044	0.93	34.5
LC738874.1	LC738875.1	52.941	17	8	0	234735	234685	254383	254433	0.93	34.5
LC738874.1	LC738875.1	37.209	43	27	0	7269	7397	257238	257366	0.93	34.5
LC738874.1	LC738875.1	38.095	42	26	0	7249	7374	257248	257373	0.93	34.5
LC738874.1	LC738875.1	41.176	34	20	0	7296	7397	257368	257267	0.93	34.5
LC738874.1	LC738875.1	39.394	33	20	0	7299	7397	257270	257368	0.93	34.5
LC738874.1	LC738875.1	34.375	32	21	0	10424	10519	257277	257372	0.93	34.5
LC738874.1	LC738875.1	37.500	32	20	0	43628	43723	257377	257282	0.93	34.5
LC738874.1	LC738875.1	27.273	44	32	0	247867	247998	257455	257586	0.93	34.5
LC738874.1	LC738875.1	48.000	25	13	0	234735	234661	261286	261360	0.93	34.5
LC738874.1	LC738875.1	30.000	50	35	0	10403	10552	267588	267737	0.93	34.5
LC738874.1	LC738875.1	25.862	58	43	0	10406	10579	267774	267601	0.93	34.5
LC738874.1	LC738875.1	27.273	44	32	0	10421	10552	267610	267741	0.93	34.5
LC738874.1	LC738875.1	35.294	34	22	0	43625	43726	267720	267619	0.93	34.5
LC738874.1	LC738875.1	24.074	54	41	0	10406	10567	267786	267625	0.93	34.5
LC738874.1	LC738875.1	28.205	39	28	0	10436	10552	267629	267745	0.93	34.5
LC738874.1	LC738875.1	24.074	54	41	0	10406	10567	267792	267631	0.93	34.5
LC738874.1	LC738875.1	27.660	47	34	0	10406	10546	267652	267792	0.93	34.5
LC738874.1	LC738875.1	31.579	38	26	0	10406	10519	267666	267779	0.93	34.5
LC738874.1	LC738875.1	44.444	27	15	0	197168	197248	267670	267750	0.93	34.5
LC738874.1	LC738875.1	22.034	59	46	0	10406	10582	267674	267850	0.93	34.5
LC738874.1	LC738875.1	28.205	39	28	0	10436	10552	267799	267683	0.93	34.5
LC738874.1	LC738875.1	35.135	37	24	0	7296	7406	267722	267832	0.001	34.5
LC738874.1	LC738875.1	46.429	28	15	0	43617	43700	267732	267815	0.93	34.5
LC738874.1	LC738875.1	46.429	28	15	0	7314	7397	267821	267738	4.29e-140	34.5
LC738874.1	LC738875.1	54.545	22	10	0	234028	233963	270101	270166	0.0	34.5
LC738874.1	LC738875.1	35.484	31	20	0	43595	43687	273244	273152	0.93	34.5
LC738874.1	LC738875.1	25.641	39	29	0	10451	10567	273168	273284	0.93	34.5
LC738874.1	LC738875.1	42.222	45	26	0	32967	33101	274722	274856	0.0	34.5
LC738874.1	LC738875.1	56.250	16	7	0	234732	234685	293938	293891	0.93	34.5
LC738874.1	LC738875.1	52.000	25	12	0	77489	77415	326671	326597	0.0	34.5
LC738874.1	LC738875.1	40.741	27	16	0	186920	186840	346243	346163	5.08e-165	34.5
LC738874.1	LC738875.1	45.161	31	17	0	196177	196085	346639	346547	0.0	34.5
LC738874.1	LC738875.1	45.455	33	18	0	14054	13956	358921	359019	0.0	34.5
LC738874.1	LC738875.1	45.455	33	18	0	285169	285267	358921	359019	0.0	34.5
LC738874.1	LC738875.1	61.905	21	8	0	232673	232735	37475	37413	1.3	34.1
LC738874.1	LC738875.1	66.667	21	7	0	232734	232672	37414	37476	2.45e-08	34.1
LC738874.1	LC738875.1	61.905	21	8	0	234104	234042	37669	37731	6.58e-15	34.1
LC738874.1	LC738875.1	30.000	40	28	0	10436	10555	39709	39590	1.3	34.1
LC738874.1	LC738875.1	31.884	69	47	0	80704	80498	79753	79959	1.3	34.1
LC738874.1	LC738875.1	61.111	18	7	0	43629	43682	88737	88790	0.0	34.1
LC738874.1	LC738875.1	33.333	33	22	0	10415	10513	90527	90625	1.35e-25	34.1
LC738874.1	LC738875.1	36.000	25	16	0	43616	43690	90608	90534	1.3	34.1
LC738874.1	LC738875.1	37.500	32	20	0	10427	10522	90535	90630	1.3	34.1
LC738874.1	LC738875.1	54.167	24	11	0	248156	248085	104756	104685	1.3	34.1
LC738874.1	LC738875.1	50.000	26	13	0	248165	248088	104786	104709	1.3	34.1
LC738874.1	LC738875.1	52.941	17	8	0	234735	234685	185143	185093	1.3	34.1
LC738874.1	LC738875.1	56.250	16	7	0	234732	234685	185146	185099	1.3	34.1
LC738874.1	LC738875.1	66.667	27	9	0	16039	16119	241233	241313	0.0	34.1
LC738874.1	LC738875.1	48.387	31	16	0	191442	191350	241326	241234	2.94e-33	34.1
LC738874.1	LC738875.1	33.333	42	28	0	184983	185108	241601	241726	5.31e-36	34.1
LC738874.1	LC738875.1	46.341	41	22	0	191304	191182	244570	244448	3.32e-27	34.1
LC738874.1	LC738875.1	48.148	27	14	0	15945	16025	244542	244622	4.43e-118	34.1
LC738874.1	LC738875.1	59.259	27	11	0	179785	179865	244625	244705	2.56e-32	34.1
LC738874.1	LC738875.1	47.619	21	11	0	190384	190322	245738	245676	3.37e-90	34.1
LC738874.1	LC738875.1	55.000	20	9	0	192463	192404	245738	245679	0.0	34.1
LC738874.1	LC738875.1	44.000	25	14	0	234735	234661	254371	254445	1.3	34.1
LC738874.1	LC738875.1	30.000	40	28	0	10433	10552	257363	257244	1.3	34.1
LC738874.1	LC738875.1	44.118	34	19	0	7273	7374	257270	257371	1.3	34.1
LC738874.1	LC738875.1	41.935	31	18	0	7305	7397	257270	257362	1.3	34.1
LC738874.1	LC738875.1	34.375	32	21	0	10424	10519	257273	257368	1.3	34.1
LC738874.1	LC738875.1	44.828	29	16	0	7293	7379	257274	257360	1.3	34.1
LC738874.1	LC738875.1	40.625	32	19	0	7278	7373	257374	257279	1.3	34.1
LC738874.1	LC738875.1	56.250	16	7	0	234732	234685	261665	261712	1.3	34.1
LC738874.1	LC738875.1	64.706	17	6	0	234735	234685	261700	261750	1.3	34.1
LC738874.1	LC738875.1	25.000	68	51	0	4579	4782	267803	267600	1.3	34.1
LC738874.1	LC738875.1	24.074	54	41	0	10406	10567	267790	267629	1.3	34.1
LC738874.1	LC738875.1	41.379	29	17	0	7293	7379	267715	267629	0.004	34.1
LC738874.1	LC738875.1	22.807	57	44	0	10406	10576	267634	267804	1.3	34.1
LC738874.1	LC738875.1	52.000	25	12	0	273061	272987	267736	267662	1.3	34.1
LC738874.1	LC738875.1	28.947	38	27	0	10406	10519	267670	267783	1.3	34.1
LC738874.1	LC738875.1	27.500	40	29	0	10433	10552	267796	267677	1.3	34.1
LC738874.1	LC738875.1	28.947	38	27	0	10406	10519	267682	267795	1.3	34.1
LC738874.1	LC738875.1	27.451	51	37	0	4555	4707	267839	267687	1.3	34.1
LC738874.1	LC738875.1	29.412	34	24	0	10451	10552	267788	267687	1.3	34.1
LC738874.1	LC738875.1	27.500	40	29	0	10433	10552	267812	267693	1.3	34.1
LC738874.1	LC738875.1	28.889	45	32	0	10418	10552	267835	267701	1.3	34.1
LC738874.1	LC738875.1	26.154	65	48	0	4561	4755	273252	273058	4.29e-140	34.1
LC738874.1	LC738875.1	34.375	32	21	0	43589	43684	273256	273161	1.3	34.1
LC738874.1	LC738875.1	38.462	26	16	0	43607	43684	273244	273167	1.3	34.1
LC738874.1	LC738875.1	44.000	25	14	0	32732	32658	274511	274437	9.15e-91	34.1
LC738874.1	LC738875.1	37.143	35	22	0	218990	219094	274574	274470	1.3	34.1
LC738874.1	LC738875.1	56.000	25	11	0	43698	43624	343032	343106	0.0	34.1
LC738874.1	LC738875.1	29.545	44	31	0	81949	81818	343182	343051	1.3	34.1
LC738874.1	LC738875.1	33.846	65	43	0	16147	16341	346296	346490	1.3	34.1
LC738874.1	LC738875.1	32.000	50	34	0	191890	191741	346696	346547	8.53e-50	34.1
LC738874.1	LC738875.1	56.250	16	7	0	234732	234685	356548	356595	1.3	34.1
LC738874.1	LC738875.1	28.000	50	36	0	16550	16401	4806	4955	3.92e-23	33.6
LC738874.1	LC738875.1	34.375	32	21	0	184691	184596	5256	5351	4.91e-27	33.6
LC738874.1	LC738875.1	41.379	29	17	0	16877	16791	7055	7141	1.8	33.6
LC738874.1	LC738875.1	28.000	50	36	0	16550	16401	7358	7507	1.34e-22	33.6
LC738874.1	LC738875.1	41.379	29	17	0	16877	16791	9673	9759	1.8	33.6
LC738874.1	LC738875.1	34.375	32	21	0	184691	184596	10426	10521	3.45e-76	33.6
LC738874.1	LC738875.1	51.852	27	13	0	232623	232543	37531	37611	2.45e-08	33.6
LC738874.1	LC738875.1	37.931	29	18	0	10433	10519	39625	39711	1.8	33.6
LC738874.1	LC738875.1	31.579	38	26	0	10451	10564	39629	39742	1.8	33.6
LC738874.1	LC738875.1	43.750	32	18	0	277695	277600	46305	46210	4.44e-68	33.6
LC738874.1	LC738875.1	44.828	29	16	0	279153	279067	47943	47857	4.44e-68	33.6
LC738874.1	LC738875.1	31.707	41	28	0	80217	80095	79814	79936	1.8	33.6
LC738874.1	LC738875.1	38.235	34	21	0	31157	31056	80292	80393	1.8	33.6
LC738874.1	LC738875.1	37.143	35	22	0	98995	99099	94828	94724	1.8	33.6
LC738874.1	LC738875.1	50.000	26	13	0	248165	248088	104720	104643	1.8	33.6
LC738874.1	LC738875.1	37.209	43	27	0	254690	254818	174280	174408	2.42e-35	33.6
LC738874.1	LC738875.1	40.000	30	18	0	234735	234646	183869	183780	1.8	33.6
LC738874.1	LC738875.1	55.556	18	8	0	234738	234685	183882	183829	1.8	33.6
LC738874.1	LC738875.1	76.923	13	3	0	234723	234685	226019	226057	1.8	33.6
LC738874.1	LC738875.1	40.816	49	29	0	186831	186685	241211	241065	1.8	33.6
LC738874.1	LC738875.1	42.857	42	24	0	196388	196263	241919	241794	1.64e-42	33.6
LC738874.1	LC738875.1	43.333	30	17	0	194710	194621	242479	242390	8.07e-141	33.6
LC738874.1	LC738875.1	46.429	28	15	0	189035	189118	244440	244523	1.8	33.6
LC738874.1	LC738875.1	41.509	53	31	0	193407	193249	244606	244448	8.29e-48	33.6
LC738874.1	LC738875.1	58.621	29	12	0	186839	186925	244625	244711	2.67e-53	33.6
LC738874.1	LC738875.1	60.714	28	11	0	182741	182824	245178	245261	6.18e-47	33.6
LC738874.1	LC738875.1	40.000	35	21	0	180793	180689	245612	245508	8.00e-20	33.6
LC738874.1	LC738875.1	46.809	47	25	0	183024	182884	246236	246096	1.8	33.6
LC738874.1	LC738875.1	42.424	33	19	0	192226	192128	246288	246190	3.37e-90	33.6
LC738874.1	LC738875.1	35.484	31	20	0	10427	10519	250956	251048	1.8	33.6
LC738874.1	LC738875.1	36.364	44	28	0	43589	43720	251092	250961	1.8	33.6
LC738874.1	LC738875.1	45.455	22	12	0	234735	234670	254389	254454	1.8	33.6
LC738874.1	LC738875.1	66.667	15	5	0	131905	131861	254414	254458	1.8	33.6
LC738874.1	LC738875.1	42.308	26	15	0	43607	43684	257261	257338	1.8	33.6
LC738874.1	LC738875.1	38.889	36	22	0	7266	7373	257265	257372	1.8	33.6
LC738874.1	LC738875.1	29.730	37	26	0	10436	10546	257271	257381	1.8	33.6
LC738874.1	LC738875.1	39.394	33	20	0	7299	7397	257272	257370	1.8	33.6
LC738874.1	LC738875.1	31.579	38	26	0	10433	10546	257278	257391	1.8	33.6
LC738874.1	LC738875.1	22.000	50	39	0	240448	240597	257434	257583	1.8	33.6
LC738874.1	LC738875.1	26.316	38	28	0	247918	248031	257446	257559	1.8	33.6
LC738874.1	LC738875.1	26.316	38	28	0	247918	248031	257467	257580	1.8	33.6
LC738874.1	LC738875.1	41.667	24	14	0	234723	234652	261276	261347	1.8	33.6
LC738874.1	LC738875.1	42.308	26	15	0	234738	234661	261279	261356	1.8	33.6
LC738874.1	LC738875.1	24.490	49	37	0	10406	10552	267762	267616	1.8	33.6
LC738874.1	LC738875.1	24.528	53	40	0	10406	10564	267782	267624	1.8	33.6
LC738874.1	LC738875.1	27.500	40	29	0	10433	10552	267628	267747	1.8	33.6
LC738874.1	LC738875.1	24.074	54	41	0	10406	10567	267794	267633	1.8	33.6
LC738874.1	LC738875.1	28.947	38	27	0	10406	10519	267748	267635	1.8	33.6
LC738874.1	LC738875.1	28.947	38	27	0	10406	10519	267750	267637	1.8	33.6
LC738874.1	LC738875.1	29.412	34	24	0	10451	10552	267638	267739	1.8	33.6
LC738874.1	LC738875.1	26.000	50	37	0	10406	10555	267650	267799	1.8	33.6
LC738874.1	LC738875.1	31.818	44	30	0	4576	4707	267796	267665	1.8	33.6
LC738874.1	LC738875.1	57.143	21	9	0	273051	272989	267728	267666	1.8	33.6
LC738874.1	LC738875.1	29.412	34	24	0	10451	10552	267786	267685	1.8	33.6
LC738874.1	LC738875.1	41.379	29	17	0	7293	7379	267709	267795	0.026	33.6
LC738874.1	LC738875.1	38.235	34	21	0	7296	7397	267716	267817	0.026	33.6
LC738874.1	LC738875.1	40.625	32	19	0	7279	7374	267818	267723	1.8	33.6
LC738874.1	LC738875.1	34.375	32	21	0	7302	7397	267819	267724	1.8	33.6
LC738874.1	LC738875.1	41.935	31	18	0	7299	7391	273237	273145	1.8	33.6
LC738874.1	LC738875.1	43.333	30	17	0	7296	7385	273236	273147	1.8	33.6
LC738874.1	LC738875.1	41.379	29	17	0	7293	7379	273150	273236	1.8	33.6
LC738874.1	LC738875.1	46.154	26	14	0	43617	43694	273171	273248	1.8	33.6
LC738874.1	LC738875.1	42.222	45	26	0	32350	32484	274486	274620	1.8	33.6
LC738874.1	LC738875.1	45.238	42	23	0	33100	32975	274855	274730	9.15e-91	33.6
LC738874.1	LC738875.1	42.222	45	26	0	9797	9663	274865	274731	4.26e-13	33.6
LC738874.1	LC738875.1	40.000	35	21	0	232648	232752	317498	317602	7.01e-71	33.6
LC738874.1	LC738875.1	29.787	47	33	0	78434	78294	327589	327449	0.0	33.6
LC738874.1	LC738875.1	52.632	19	9	0	43634	43690	343096	343040	0.0	33.6
LC738874.1	LC738875.1	52.941	17	8	0	234735	234685	548	498	2.4	33.1
LC738874.1	LC738875.1	36.667	30	19	0	16877	16788	4503	4592	2.4	33.1
LC738874.1	LC738875.1	44.000	25	14	0	180658	180584	7058	7132	1.55e-31	33.1
LC738874.1	LC738875.1	58.824	17	7	0	43632	43682	8207	8257	2.42e-35	33.1
LC738874.1	LC738875.1	44.000	25	14	0	180658	180584	9676	9750	9.27e-104	33.1
LC738874.1	LC738875.1	55.556	18	8	0	197247	197194	10840	10893	2.4	33.1
LC738874.1	LC738875.1	63.636	22	8	0	234102	234167	37595	37530	3.89e-16	33.1
LC738874.1	LC738875.1	39.394	33	20	0	7275	7373	39615	39713	2.4	33.1
LC738874.1	LC738875.1	27.660	47	34	0	43616	43756	39621	39761	2.4	33.1
LC738874.1	LC738875.1	35.135	37	24	0	43619	43729	39622	39732	2.4	33.1
LC738874.1	LC738875.1	43.333	30	17	0	7308	7397	39622	39711	2.4	33.1
LC738874.1	LC738875.1	41.379	29	17	0	7288	7374	39725	39639	2.4	33.1
LC738874.1	LC738875.1	27.778	36	26	0	43616	43723	39643	39750	2.4	33.1
LC738874.1	LC738875.1	55.556	27	12	0	279584	279664	48395	48475	2.4	33.1
LC738874.1	LC738875.1	36.842	38	24	0	107533	107646	52207	52320	3.43e-73	33.1
LC738874.1	LC738875.1	55.000	20	9	0	273046	272987	88732	88791	0.0	33.1
LC738874.1	LC738875.1	34.783	46	30	0	43617	43754	90611	90474	2.4	33.1
LC738874.1	LC738875.1	41.176	34	20	0	7305	7406	90624	90523	2.4	33.1
LC738874.1	LC738875.1	28.000	50	36	0	10418	10567	90528	90677	2.4	33.1
LC738874.1	LC738875.1	42.857	35	20	0	7302	7406	90536	90640	2.4	33.1
LC738874.1	LC738875.1	37.500	24	15	0	43613	43684	90538	90609	4.79e-126	33.1
LC738874.1	LC738875.1	48.276	29	15	0	248183	248097	104660	104574	2.4	33.1
LC738874.1	LC738875.1	26.562	64	47	0	99418	99609	114294	114485	0.0	33.1
LC738874.1	LC738875.1	32.759	58	39	0	99668	99495	114544	114371	0.0	33.1
LC738874.1	LC738875.1	51.515	33	16	0	92808	92710	175853	175755	7.19e-168	33.1
LC738874.1	LC738875.1	58.824	17	7	0	234735	234685	183885	183835	2.4	33.1
LC738874.1	LC738875.1	58.824	17	7	0	234735	234685	185117	185067	2.4	33.1
LC738874.1	LC738875.1	58.824	17	7	0	234735	234685	185135	185085	2.4	33.1
LC738874.1	LC738875.1	58.824	17	7	0	234735	234685	185141	185091	2.4	33.1
LC738874.1	LC738875.1	55.556	18	8	0	234738	234685	185148	185095	2.4	33.1
LC738874.1	LC738875.1	58.824	17	7	0	234735	234685	197475	197425	2.4	33.1
LC738874.1	LC738875.1	58.824	17	7	0	234735	234685	198266	198216	2.4	33.1
LC738874.1	LC738875.1	58.824	17	7	0	234735	234685	198272	198222	2.4	33.1
LC738874.1	LC738875.1	58.824	17	7	0	234735	234685	198284	198234	2.4	33.1
LC738874.1	LC738875.1	58.824	17	7	0	234735	234685	198290	198240	2.4	33.1
LC738874.1	LC738875.1	55.556	18	8	0	234738	234685	198335	198282	2.4	33.1
LC738874.1	LC738875.1	50.000	16	8	0	234732	234685	198333	198286	2.4	33.1
LC738874.1	LC738875.1	58.333	24	10	0	184686	184615	241307	241236	4.50e-20	33.1
LC738874.1	LC738875.1	61.905	21	8	0	179867	179805	241313	241251	3.77e-35	33.1
LC738874.1	LC738875.1	34.375	32	21	0	234780	234685	243566	243661	2.4	33.1
LC738874.1	LC738875.1	51.724	29	14	0	193408	193494	244619	244705	2.11e-14	33.1
LC738874.1	LC738875.1	56.250	32	14	0	191347	191442	244625	244720	6.50e-22	33.1
LC738874.1	LC738875.1	60.870	46	18	0	189726	189589	245116	244979	1.53e-19	33.1
LC738874.1	LC738875.1	44.444	45	25	0	191900	192034	245178	245312	6.50e-22	33.1
LC738874.1	LC738875.1	36.585	41	26	0	7252	7374	250931	251053	2.4	33.1
LC738874.1	LC738875.1	37.143	35	22	0	10442	10546	250953	251057	2.4	33.1
LC738874.1	LC738875.1	44.444	27	15	0	7299	7379	250966	251046	2.4	33.1
LC738874.1	LC738875.1	33.333	30	20	0	10430	10519	250969	251058	2.4	33.1
LC738874.1	LC738875.1	50.000	16	8	0	234732	234685	253499	253546	2.4	33.1
LC738874.1	LC738875.1	60.000	15	6	0	234729	234685	253510	253554	2.4	33.1
LC738874.1	LC738875.1	58.824	17	7	0	234735	234685	253518	253568	2.4	33.1
LC738874.1	LC738875.1	37.037	27	17	0	234735	234655	253562	253642	2.4	33.1
LC738874.1	LC738875.1	58.824	17	7	0	234735	234685	254325	254375	2.4	33.1
LC738874.1	LC738875.1	58.824	17	7	0	234735	234685	254367	254417	2.4	33.1
LC738874.1	LC738875.1	37.500	32	20	0	7284	7379	257273	257368	2.4	33.1
LC738874.1	LC738875.1	37.500	32	20	0	7284	7379	257277	257372	2.4	33.1
LC738874.1	LC738875.1	27.500	40	29	0	10403	10522	257397	257278	2.4	33.1
LC738874.1	LC738875.1	40.625	32	19	0	7299	7394	257278	257373	2.4	33.1
LC738874.1	LC738875.1	43.333	30	17	0	7290	7379	257372	257283	2.4	33.1
LC738874.1	LC738875.1	34.286	35	23	0	7293	7397	257403	257299	2.4	33.1
LC738874.1	LC738875.1	20.833	48	38	0	240442	240585	257440	257583	2.4	33.1
LC738874.1	LC738875.1	29.545	44	31	0	90631	90500	257584	257453	2.4	33.1
LC738874.1	LC738875.1	28.125	32	23	0	240436	240531	257485	257580	2.4	33.1
LC738874.1	LC738875.1	52.941	17	8	0	234735	234685	260183	260233	2.4	33.1
LC738874.1	LC738875.1	33.333	24	16	0	234723	234652	261280	261351	2.4	33.1
LC738874.1	LC738875.1	58.824	17	7	0	234735	234685	261660	261710	2.4	33.1
LC738874.1	LC738875.1	43.478	23	13	0	234735	234667	261680	261748	2.4	33.1
LC738874.1	LC738875.1	58.824	17	7	0	234735	234685	261690	261740	2.4	33.1
LC738874.1	LC738875.1	42.857	28	16	0	7323	7406	267634	267717	2.4	33.1
LC738874.1	LC738875.1	31.579	38	26	0	43613	43726	267823	267710	2.4	33.1
LC738874.1	LC738875.1	44.828	29	16	0	7323	7409	267721	267807	7.13e-05	33.1
LC738874.1	LC738875.1	82.353	17	3	0	235377	235427	268682	268632	2.4	33.1
LC738874.1	LC738875.1	37.500	24	15	0	43613	43684	273153	273224	2.4	33.1
LC738874.1	LC738875.1	37.931	29	18	0	10430	10516	273240	273154	2.4	33.1
LC738874.1	LC738875.1	38.462	26	16	0	43616	43693	273170	273247	2.4	33.1
LC738874.1	LC738875.1	41.935	31	18	0	273079	272987	273276	273184	2.4	33.1
LC738874.1	LC738875.1	47.619	21	11	0	273051	272989	273252	273190	2.4	33.1
LC738874.1	LC738875.1	39.655	58	35	0	27496	27323	273507	273334	0.0	33.1
LC738874.1	LC738875.1	39.286	28	17	0	9569	9486	274196	274113	2.4	33.1
LC738874.1	LC738875.1	51.351	37	18	0	31336	31446	274732	274842	4.43e-118	33.1
LC738874.1	LC738875.1	44.000	50	28	0	118025	118174	296854	297003	0.0	33.1
LC738874.1	LC738875.1	39.474	38	23	0	57402	57515	312788	312901	1.35e-25	33.1
LC738874.1	LC738875.1	58.824	17	7	0	234735	234685	356573	356623	2.4	33.1
LC738874.1	LC738875.1	58.824	17	7	0	234735	234685	356579	356629	2.4	33.1
LC738874.1	LC738875.1	43.750	32	18	0	285358	285453	359062	359157	0.0	33.1
LC738874.1	LC738875.1	58.824	17	7	0	234735	234685	528	478	3.3	32.7
LC738874.1	LC738875.1	36.667	30	19	0	7305	7394	8199	8288	0.0	32.7
LC738874.1	LC738875.1	66.667	15	5	0	273031	272987	8214	8258	3.3	32.7
LC738874.1	LC738875.1	66.667	15	5	0	273031	272987	10820	10864	0.0	32.7
LC738874.1	LC738875.1	59.259	27	11	0	232544	232624	37610	37530	1.37e-08	32.7
LC738874.1	LC738875.1	44.000	25	14	0	273061	272987	39606	39680	3.3	32.7
LC738874.1	LC738875.1	36.364	33	21	0	7308	7406	39713	39615	3.3	32.7
LC738874.1	LC738875.1	37.500	32	20	0	7302	7397	39618	39713	3.3	32.7
LC738874.1	LC738875.1	42.857	28	16	0	7296	7379	39624	39707	3.3	32.7
LC738874.1	LC738875.1	42.857	28	16	0	7296	7379	39707	39624	3.3	32.7
LC738874.1	LC738875.1	39.474	38	23	0	7284	7397	39739	39626	3.3	32.7
LC738874.1	LC738875.1	42.857	28	16	0	7296	7379	39709	39626	3.3	32.7
LC738874.1	LC738875.1	42.857	28	16	0	7296	7379	39713	39630	3.3	32.7
LC738874.1	LC738875.1	38.235	34	21	0	7296	7397	39741	39640	3.3	32.7
LC738874.1	LC738875.1	66.667	15	5	0	273031	272987	88743	88787	3.3	32.7
LC738874.1	LC738875.1	47.368	19	10	0	43628	43684	90535	90591	3.3	32.7
LC738874.1	LC738875.1	33.333	30	20	0	10430	10519	90536	90625	3.3	32.7
LC738874.1	LC738875.1	42.857	28	16	0	7296	7379	90621	90538	3.3	32.7
LC738874.1	LC738875.1	42.857	28	16	0	7296	7379	90540	90623	3.3	32.7
LC738874.1	LC738875.1	42.857	28	16	0	7296	7379	90623	90540	3.3	32.7
LC738874.1	LC738875.1	44.444	27	15	0	7323	7403	90551	90631	3.3	32.7
LC738874.1	LC738875.1	36.000	25	16	0	43616	43690	90557	90631	3.3	32.7
LC738874.1	LC738875.1	50.000	26	13	0	248168	248091	104687	104610	3.3	32.7
LC738874.1	LC738875.1	40.000	30	18	0	104299	104388	118458	118547	0.0	32.7
LC738874.1	LC738875.1	52.174	23	11	0	281997	281929	182681	182613	4.44e-68	32.7
LC738874.1	LC738875.1	58.824	17	7	0	234735	234685	183827	183777	3.3	32.7
LC738874.1	LC738875.1	58.824	17	7	0	234735	234685	185127	185077	3.3	32.7
LC738874.1	LC738875.1	40.000	25	15	0	234735	234661	197447	197373	3.3	32.7
LC738874.1	LC738875.1	60.000	15	6	0	234729	234685	197489	197445	3.3	32.7
LC738874.1	LC738875.1	66.667	12	4	0	234720	234685	197490	197455	3.3	32.7
LC738874.1	LC738875.1	50.000	20	10	0	234720	234661	222099	222158	3.3	32.7
LC738874.1	LC738875.1	42.105	38	22	0	184596	184709	241217	241330	1.77e-46	32.7
LC738874.1	LC738875.1	37.500	32	20	0	181072	180977	242479	242384	7.19e-168	32.7
LC738874.1	LC738875.1	66.667	27	9	0	16039	16119	244627	244707	4.43e-118	32.7
LC738874.1	LC738875.1	46.512	43	23	0	185436	185308	245469	245341	1.31e-71	32.7
LC738874.1	LC738875.1	58.333	24	10	0	232719	232648	249777	249848	0.005	32.7
LC738874.1	LC738875.1	32.432	37	25	0	10436	10546	250943	251053	3.3	32.7
LC738874.1	LC738875.1	42.424	33	19	0	7299	7397	251057	250959	3.3	32.7
LC738874.1	LC738875.1	32.258	31	21	0	10424	10516	250965	251057	3.3	32.7
LC738874.1	LC738875.1	41.379	29	17	0	7293	7379	250970	251056	3.3	32.7
LC738874.1	LC738875.1	35.484	31	20	0	10427	10519	251067	250975	3.3	32.7
LC738874.1	LC738875.1	39.286	28	17	0	10436	10519	251072	250989	3.3	32.7
LC738874.1	LC738875.1	58.824	17	7	0	234735	234685	253524	253574	3.3	32.7
LC738874.1	LC738875.1	52.941	17	8	0	234735	234685	254315	254365	3.3	32.7
LC738874.1	LC738875.1	31.579	38	26	0	10454	10567	257253	257366	3.3	32.7
LC738874.1	LC738875.1	34.211	38	25	0	10454	10567	257277	257390	3.3	32.7
LC738874.1	LC738875.1	30.769	39	27	0	10424	10540	257279	257395	3.3	32.7
LC738874.1	LC738875.1	42.857	28	16	0	7296	7379	257362	257279	3.3	32.7
LC738874.1	LC738875.1	43.333	30	17	0	7305	7394	257369	257280	3.3	32.7
LC738874.1	LC738875.1	42.857	28	16	0	7296	7379	257281	257364	3.3	32.7
LC738874.1	LC738875.1	35.484	31	20	0	43634	43726	257284	257376	3.3	32.7
LC738874.1	LC738875.1	39.394	33	20	0	7284	7382	257287	257385	3.3	32.7
LC738874.1	LC738875.1	42.857	28	16	0	7296	7379	257287	257370	3.3	32.7
LC738874.1	LC738875.1	37.143	35	22	0	7270	7374	257394	257290	3.3	32.7
LC738874.1	LC738875.1	23.636	55	42	0	247882	248046	257440	257604	3.3	32.7
LC738874.1	LC738875.1	26.087	46	34	0	247867	248004	257446	257583	3.3	32.7
LC738874.1	LC738875.1	24.390	41	31	0	240436	240558	257461	257583	3.3	32.7
LC738874.1	LC738875.1	25.000	40	30	0	240436	240555	257467	257586	3.3	32.7
LC738874.1	LC738875.1	64.286	14	5	0	234726	234685	260202	260243	3.3	32.7
LC738874.1	LC738875.1	40.000	25	15	0	234735	234661	261276	261350	3.3	32.7
LC738874.1	LC738875.1	37.500	24	15	0	234735	234664	261300	261371	3.3	32.7
LC738874.1	LC738875.1	58.824	17	7	0	234735	234685	261686	261736	3.3	32.7
LC738874.1	LC738875.1	38.235	34	21	0	71092	71193	262242	262141	3.3	32.7
LC738874.1	LC738875.1	25.333	75	56	0	159380	159156	267828	267604	3.3	32.7
LC738874.1	LC738875.1	25.000	44	33	0	10421	10552	267604	267735	3.3	32.7
LC738874.1	LC738875.1	32.653	49	33	0	4561	4707	267615	267761	3.3	32.7
LC738874.1	LC738875.1	31.111	45	31	0	4573	4707	267621	267755	3.3	32.7
LC738874.1	LC738875.1	32.353	34	23	0	43625	43726	267722	267621	3.3	32.7
LC738874.1	LC738875.1	27.027	37	27	0	10406	10516	267734	267624	3.3	32.7
LC738874.1	LC738875.1	36.667	30	19	0	43616	43705	267628	267717	3.3	32.7
LC738874.1	LC738875.1	42.857	28	16	0	7296	7379	267629	267712	3.3	32.7
LC738874.1	LC738875.1	24.074	54	41	0	10406	10567	267796	267635	3.3	32.7
LC738874.1	LC738875.1	24.074	54	41	0	10406	10567	267636	267797	3.3	32.7
LC738874.1	LC738875.1	36.000	25	16	0	43616	43690	267640	267714	3.3	32.7
LC738874.1	LC738875.1	30.769	52	36	0	283177	283332	267659	267814	3.43e-73	32.7
LC738874.1	LC738875.1	52.000	25	12	0	273061	272987	267738	267664	3.3	32.7
LC738874.1	LC738875.1	52.381	21	10	0	273051	272989	267726	267664	3.3	32.7
LC738874.1	LC738875.1	52.000	25	12	0	273061	272987	267740	267666	3.3	32.7
LC738874.1	LC738875.1	37.500	40	25	0	225141	225022	267788	267669	8.07e-141	32.7
LC738874.1	LC738875.1	52.000	25	12	0	273061	272987	267744	267670	3.3	32.7
LC738874.1	LC738875.1	64.706	17	6	0	273028	272978	267670	267720	3.3	32.7
LC738874.1	LC738875.1	22.727	44	34	0	10421	10552	267802	267671	3.3	32.7
LC738874.1	LC738875.1	52.000	25	12	0	273061	272987	267680	267754	3.3	32.7
LC738874.1	LC738875.1	52.000	25	12	0	273061	272987	267686	267760	3.3	32.7
LC738874.1	LC738875.1	29.412	34	24	0	10451	10552	267790	267689	3.3	32.7
LC738874.1	LC738875.1	40.625	32	19	0	221699	221604	267697	267792	3.3	32.7
LC738874.1	LC738875.1	52.381	21	10	0	273051	272989	267698	267760	3.3	32.7
LC738874.1	LC738875.1	41.176	34	20	0	7272	7373	267813	267712	3.3	32.7
LC738874.1	LC738875.1	42.857	28	16	0	7296	7379	267795	267712	3.3	32.7
LC738874.1	LC738875.1	42.857	28	16	0	7296	7379	267714	267797	0.045	32.7
LC738874.1	LC738875.1	42.857	28	16	0	7296	7379	267797	267714	3.3	32.7
LC738874.1	LC738875.1	42.857	28	16	0	7296	7379	267799	267716	3.3	32.7
LC738874.1	LC738875.1	36.000	25	16	0	43616	43690	267727	267801	3.3	32.7
LC738874.1	LC738875.1	42.857	28	16	0	7296	7379	273155	273238	3.3	32.7
LC738874.1	LC738875.1	57.895	19	8	0	43626	43682	273249	273193	3.3	32.7
LC738874.1	LC738875.1	34.043	47	31	0	8669	8809	274002	274142	3.3	32.7
LC738874.1	LC738875.1	33.784	74	49	0	80699	80478	274648	274427	3.3	32.7
LC738874.1	LC738875.1	42.222	45	26	0	28040	28174	274486	274620	3.3	32.7
LC738874.1	LC738875.1	48.000	25	13	0	32834	32760	274886	274812	2.71e-15	32.7
LC738874.1	LC738875.1	69.231	13	4	0	234723	234685	292300	292262	3.3	32.7
LC738874.1	LC738875.1	58.824	17	7	0	234735	234685	293927	293877	3.3	32.7
LC738874.1	LC738875.1	46.154	26	14	0	107536	107613	312219	312142	0.0	32.7
LC738874.1	LC738875.1	60.000	15	6	0	234735	234691	516	472	4.6	32.2
LC738874.1	LC738875.1	60.000	15	6	0	234735	234691	518	474	4.6	32.2
LC738874.1	LC738875.1	60.000	15	6	0	234729	234685	538	494	4.6	32.2
LC738874.1	LC738875.1	47.619	21	11	0	7317	7379	8207	8269	3.43e-73	32.2
LC738874.1	LC738875.1	62.500	16	6	0	43635	43682	8214	8261	4.6	32.2
LC738874.1	LC738875.1	41.176	34	20	0	179740	179639	10180	10281	4.6	32.2
LC738874.1	LC738875.1	41.379	29	17	0	7314	7400	10812	10898	4.79e-126	32.2
LC738874.1	LC738875.1	62.500	16	6	0	43635	43682	10820	10867	2.88e-84	32.2
LC738874.1	LC738875.1	28.205	39	28	0	125857	125973	10821	10937	4.6	32.2
LC738874.1	LC738875.1	31.707	41	28	0	10397	10519	39567	39689	4.6	32.2
LC738874.1	LC738875.1	30.556	36	25	0	10412	10519	39606	39713	4.6	32.2
LC738874.1	LC738875.1	35.135	37	24	0	7313	7203	39725	39615	0.0	32.2
LC738874.1	LC738875.1	22.414	58	45	0	246844	247017	39622	39795	4.6	32.2
LC738874.1	LC738875.1	32.258	31	21	0	10424	10516	39622	39714	4.6	32.2
LC738874.1	LC738875.1	34.483	29	19	0	10433	10519	39623	39709	4.6	32.2
LC738874.1	LC738875.1	34.211	38	25	0	7284	7397	39628	39741	4.6	32.2
LC738874.1	LC738875.1	34.211	38	25	0	7284	7397	39630	39743	4.6	32.2
LC738874.1	LC738875.1	39.286	28	17	0	7296	7379	39630	39713	4.6	32.2
LC738874.1	LC738875.1	42.857	28	16	0	7296	7379	39719	39636	4.6	32.2
LC738874.1	LC738875.1	45.833	24	13	0	194999	195070	84797	84868	4.6	32.2
LC738874.1	LC738875.1	36.364	44	28	0	2611	2742	88703	88834	7.01e-71	32.2
LC738874.1	LC738875.1	60.000	15	6	0	273031	272987	88741	88785	4.6	32.2
LC738874.1	LC738875.1	42.308	26	15	0	273064	272987	88835	88758	4.6	32.2
LC738874.1	LC738875.1	31.250	32	22	0	10424	10519	90520	90615	4.6	32.2
LC738874.1	LC738875.1	44.444	27	15	0	7323	7403	90614	90534	4.6	32.2
LC738874.1	LC738875.1	37.500	32	20	0	7305	7400	90543	90638	4.6	32.2
LC738874.1	LC738875.1	41.379	29	17	0	7311	7397	90630	90544	4.6	32.2
LC738874.1	LC738875.1	46.154	26	14	0	7323	7400	90549	90626	4.6	32.2
LC738874.1	LC738875.1	42.308	26	15	0	273064	272987	90658	90581	4.6	32.2
LC738874.1	LC738875.1	43.750	32	18	0	248183	248088	104678	104583	4.6	32.2
LC738874.1	LC738875.1	43.750	32	18	0	248183	248088	104711	104616	4.6	32.2
LC738874.1	LC738875.1	43.750	32	18	0	248183	248088	104729	104634	4.6	32.2
LC738874.1	LC738875.1	50.000	26	13	0	248165	248088	104753	104676	4.6	32.2
LC738874.1	LC738875.1	72.222	18	5	0	128921	128868	134765	134712	0.0	32.2
LC738874.1	LC738875.1	45.455	22	12	0	79936	80001	159419	159354	4.6	32.2
LC738874.1	LC738875.1	61.111	18	7	0	273028	272975	163543	163596	4.6	32.2
LC738874.1	LC738875.1	25.000	48	36	0	134977	134834	164157	164014	0.0	32.2
LC738874.1	LC738875.1	56.522	23	10	0	136258	136190	165600	165532	0.0	32.2
LC738874.1	LC738875.1	60.000	15	6	0	234735	234691	183835	183791	4.6	32.2
LC738874.1	LC738875.1	60.000	15	6	0	234735	234691	185089	185045	4.6	32.2
LC738874.1	LC738875.1	60.000	15	6	0	234735	234691	197449	197405	4.6	32.2
LC738874.1	LC738875.1	60.000	15	6	0	234729	234685	197479	197435	4.6	32.2
LC738874.1	LC738875.1	60.000	15	6	0	234729	234685	198322	198278	4.6	32.2
LC738874.1	LC738875.1	60.000	15	6	0	234729	234685	198332	198288	4.6	32.2
LC738874.1	LC738875.1	43.902	41	23	0	191304	191182	241176	241054	2.94e-33	32.2
LC738874.1	LC738875.1	52.381	21	10	0	196831	196769	242344	242282	1.20e-105	32.2
LC738874.1	LC738875.1	55.000	20	9	0	192463	192404	242344	242285	0.0	32.2
LC738874.1	LC738875.1	36.667	30	19	0	190516	190427	242473	242384	3.80e-04	32.2
LC738874.1	LC738875.1	60.000	15	6	0	234729	234685	243621	243665	4.6	32.2
LC738874.1	LC738875.1	60.000	15	6	0	234729	234685	243625	243669	4.6	32.2
LC738874.1	LC738875.1	60.000	15	6	0	234735	234691	243635	243679	4.6	32.2
LC738874.1	LC738875.1	30.000	40	28	0	181102	180983	245903	245784	5.08e-165	32.2
LC738874.1	LC738875.1	43.182	44	25	0	16843	16712	246230	246099	4.6	32.2
LC738874.1	LC738875.1	36.364	33	21	0	7299	7397	250952	251050	4.6	32.2
LC738874.1	LC738875.1	40.000	35	21	0	7299	7403	251059	250955	4.6	32.2
LC738874.1	LC738875.1	50.000	24	12	0	43617	43688	251042	250971	4.6	32.2
LC738874.1	LC738875.1	30.952	42	29	0	10615	10490	251100	250975	4.6	32.2
LC738874.1	LC738875.1	34.615	26	17	0	43616	43693	250986	251063	4.6	32.2
LC738874.1	LC738875.1	58.824	17	7	0	234735	234685	253512	253562	4.6	32.2
LC738874.1	LC738875.1	60.000	15	6	0	234735	234691	253564	253608	4.6	32.2
LC738874.1	LC738875.1	28.947	38	27	0	10433	10546	257365	257252	4.6	32.2
LC738874.1	LC738875.1	35.714	28	18	0	43616	43699	257353	257270	4.6	32.2
LC738874.1	LC738875.1	25.758	66	49	0	10445	10642	257274	257471	4.6	32.2
LC738874.1	LC738875.1	36.364	33	21	0	7299	7397	257276	257374	4.6	32.2
LC738874.1	LC738875.1	34.483	29	19	0	10433	10519	257276	257362	4.6	32.2
LC738874.1	LC738875.1	25.862	58	43	0	10394	10567	257454	257281	4.6	32.2
LC738874.1	LC738875.1	40.625	32	19	0	7276	7371	257376	257281	4.6	32.2
LC738874.1	LC738875.1	32.258	31	21	0	10424	10516	257281	257373	4.6	32.2
LC738874.1	LC738875.1	42.857	28	16	0	7296	7379	257370	257287	4.6	32.2
LC738874.1	LC738875.1	37.500	24	15	0	43616	43687	257304	257375	4.6	32.2
LC738874.1	LC738875.1	60.000	15	6	0	234729	234685	260203	260247	4.6	32.2
LC738874.1	LC738875.1	60.000	15	6	0	234729	234685	260205	260249	4.6	32.2
LC738874.1	LC738875.1	60.000	15	6	0	234735	234691	260333	260377	4.6	32.2
LC738874.1	LC738875.1	48.148	27	14	0	134514	134434	261327	261407	4.6	32.2
LC738874.1	LC738875.1	41.379	29	17	0	7293	7379	267618	267704	4.6	32.2
LC738874.1	LC738875.1	38.095	42	26	0	225147	225022	267622	267747	4.6	32.2
LC738874.1	LC738875.1	24.324	37	28	0	10406	10516	267732	267622	4.6	32.2
LC738874.1	LC738875.1	40.000	35	21	0	7270	7374	267726	267622	0.026	32.2
LC738874.1	LC738875.1	23.529	51	39	0	10406	10558	267776	267624	4.6	32.2
LC738874.1	LC738875.1	23.529	51	39	0	10406	10558	267784	267632	4.6	32.2
LC738874.1	LC738875.1	37.500	24	15	0	43616	43687	267644	267715	4.6	32.2
LC738874.1	LC738875.1	37.143	35	22	0	155631	155527	267650	267754	4.6	32.2
LC738874.1	LC738875.1	28.947	38	27	0	10406	10519	267662	267775	4.6	32.2
LC738874.1	LC738875.1	52.000	25	12	0	273061	272987	267742	267668	4.6	32.2
LC738874.1	LC738875.1	37.143	35	22	0	155631	155527	267774	267670	4.6	32.2
LC738874.1	LC738875.1	22.449	49	38	0	10406	10552	267819	267673	4.6	32.2
LC738874.1	LC738875.1	28.947	38	27	0	10406	10519	267678	267791	4.6	32.2
LC738874.1	LC738875.1	44.828	29	16	0	283177	283263	267779	267693	4.6	32.2
LC738874.1	LC738875.1	32.353	34	23	0	10451	10552	267800	267699	4.6	32.2
LC738874.1	LC738875.1	37.500	24	15	0	43616	43687	267780	267709	4.6	32.2
LC738874.1	LC738875.1	24.561	57	43	0	10397	10567	267884	267714	4.6	32.2
LC738874.1	LC738875.1	41.176	34	20	0	7284	7385	267714	267815	0.059	32.2
LC738874.1	LC738875.1	55.556	18	8	0	273040	272987	267802	267749	4.6	32.2
LC738874.1	LC738875.1	33.333	30	20	0	10430	10519	273149	273238	4.6	32.2
LC738874.1	LC738875.1	42.857	28	16	0	7296	7379	273238	273155	4.6	32.2
LC738874.1	LC738875.1	44.444	27	15	0	7317	7397	273243	273163	4.6	32.2
LC738874.1	LC738875.1	52.632	19	9	0	273043	272987	273252	273196	4.6	32.2
LC738874.1	LC738875.1	60.714	28	11	0	32176	32259	273835	273918	4.6	32.2
LC738874.1	LC738875.1	54.762	42	19	0	218983	219108	274146	274021	4.6	32.2
LC738874.1	LC738875.1	33.333	42	28	0	32843	32718	274184	274059	4.6	32.2
LC738874.1	LC738875.1	41.304	46	27	0	126652	126515	304819	304682	0.0	32.2
LC738874.1	LC738875.1	38.298	47	29	0	268916	269056	338587	338727	0.0	32.2
LC738874.1	LC738875.1	40.000	25	15	0	179866	179792	346243	346169	0.0	32.2
LC738874.1	LC738875.1	41.935	31	18	0	187325	187233	346639	346547	5.08e-165	32.2
LC738874.1	LC738875.1	70.588	17	5	0	16610	16660	346804	346854	3.07e-07	32.2
LC738874.1	LC738875.1	68.750	16	5	0	16659	16612	346853	346806	1.80e-50	32.2
LC738874.1	LC738875.1	60.000	15	6	0	234729	234685	356557	356601	4.6	32.2
LC738874.1	LC738875.1	60.000	15	6	0	234735	234691	356593	356637	4.6	32.2
LC738874.1	LC738875.1	71.429	14	4	0	234735	234694	356595	356636	4.6	32.2
LC738874.1	LC738875.1	40.000	25	15	0	180658	180584	4506	4580	1.15e-31	31.8
LC738874.1	LC738875.1	31.707	41	28	0	185111	184989	4833	4955	4.91e-27	31.8
LC738874.1	LC738875.1	41.176	34	20	0	179740	179639	5010	5111	6.3	31.8
LC738874.1	LC738875.1	40.000	25	15	0	196564	196490	7058	7132	8.82e-23	31.8
LC738874.1	LC738875.1	31.707	41	28	0	185111	184989	7385	7507	9.27e-104	31.8
LC738874.1	LC738875.1	40.000	25	15	0	196564	196490	9676	9750	6.3	31.8
LC738874.1	LC738875.1	58.824	17	7	0	273028	272978	10839	10889	6.3	31.8
LC738874.1	LC738875.1	39.394	33	20	0	38643	38741	37146	37048	1.27e-75	31.8
LC738874.1	LC738875.1	33.333	42	28	0	7275	7400	39611	39736	6.3	31.8
LC738874.1	LC738875.1	24.390	41	31	0	10424	10546	39624	39746	6.3	31.8
LC738874.1	LC738875.1	34.483	29	19	0	10433	10519	39710	39624	6.3	31.8
LC738874.1	LC738875.1	31.579	38	26	0	10403	10516	39738	39625	6.3	31.8
LC738874.1	LC738875.1	44.444	27	15	0	7299	7379	39625	39705	6.3	31.8
LC738874.1	LC738875.1	33.333	33	22	0	90941	90843	39628	39726	3.34e-40	31.8
LC738874.1	LC738875.1	47.619	21	11	0	43625	43687	42946	43008	6.3	31.8
LC738874.1	LC738875.1	47.368	19	10	0	43631	43687	43007	42951	6.3	31.8
LC738874.1	LC738875.1	47.619	21	11	0	43622	43684	88732	88794	6.3	31.8
LC738874.1	LC738875.1	56.250	16	7	0	43635	43682	88741	88788	6.3	31.8
LC738874.1	LC738875.1	44.444	27	15	0	7299	7379	90539	90619	6.3	31.8
LC738874.1	LC738875.1	44.444	27	15	0	7299	7379	90622	90542	6.3	31.8
LC738874.1	LC738875.1	39.286	28	17	0	7296	7379	90544	90627	6.3	31.8
LC738874.1	LC738875.1	44.444	27	15	0	7299	7379	90624	90544	6.3	31.8
LC738874.1	LC738875.1	21.277	47	37	0	10451	10591	90549	90689	6.3	31.8
LC738874.1	LC738875.1	35.135	37	24	0	59222	59332	90561	90671	0.0	31.8
LC738874.1	LC738875.1	47.619	21	11	0	250125	250063	140912	140974	0.0	31.8
LC738874.1	LC738875.1	27.083	48	35	0	239968	239825	143791	143934	6.3	31.8
LC738874.1	LC738875.1	46.154	26	14	0	273066	272989	163606	163529	6.3	31.8
LC738874.1	LC738875.1	60.000	15	6	0	234729	234685	183895	183851	6.3	31.8
LC738874.1	LC738875.1	60.000	15	6	0	234735	234691	197445	197401	6.3	31.8
LC738874.1	LC738875.1	28.302	53	38	0	29381	29223	197441	197599	6.3	31.8
LC738874.1	LC738875.1	50.000	14	7	0	43635	43676	198852	198811	6.3	31.8
LC738874.1	LC738875.1	75.000	12	3	0	234720	234685	212583	212618	6.3	31.8
LC738874.1	LC738875.1	75.000	12	3	0	234720	234685	214171	214206	6.3	31.8
LC738874.1	LC738875.1	75.000	12	3	0	234720	234685	215696	215731	6.3	31.8
LC738874.1	LC738875.1	75.000	12	3	0	234720	234685	216178	216213	6.3	31.8
LC738874.1	LC738875.1	75.000	12	3	0	234720	234685	217133	217168	6.3	31.8
LC738874.1	LC738875.1	75.000	12	3	0	234720	234685	218665	218700	6.3	31.8
LC738874.1	LC738875.1	75.000	12	3	0	234720	234685	219144	219179	6.3	31.8
LC738874.1	LC738875.1	75.000	12	3	0	234720	234685	220092	220127	6.3	31.8
LC738874.1	LC738875.1	75.000	12	3	0	234720	234685	221617	221652	6.3	31.8
LC738874.1	LC738875.1	75.000	12	3	0	234720	234685	223056	223091	6.3	31.8
LC738874.1	LC738875.1	75.000	12	3	0	234720	234685	224586	224621	6.3	31.8
LC738874.1	LC738875.1	75.000	12	3	0	234720	234685	225068	225103	6.3	31.8
LC738874.1	LC738875.1	75.000	12	3	0	234720	234685	227551	227586	6.3	31.8
LC738874.1	LC738875.1	75.000	12	3	0	234720	234685	228921	228956	6.3	31.8
LC738874.1	LC738875.1	75.000	12	3	0	234720	234685	229403	229438	6.3	31.8
LC738874.1	LC738875.1	75.000	12	3	0	234720	234685	230358	230393	6.3	31.8
LC738874.1	LC738875.1	75.000	12	3	0	234720	234685	234527	234562	6.3	31.8
LC738874.1	LC738875.1	75.000	12	3	0	234720	234685	235938	235973	6.3	31.8
LC738874.1	LC738875.1	42.857	42	24	0	187536	187411	241919	241794	1.17e-38	31.8
LC738874.1	LC738875.1	42.308	52	30	0	196541	196386	245463	245308	2.48e-47	31.8
LC738874.1	LC738875.1	53.571	28	13	0	180681	180598	245509	245426	8.00e-20	31.8
LC738874.1	LC738875.1	32.353	34	23	0	7296	7397	250943	251044	6.3	31.8
LC738874.1	LC738875.1	35.714	28	18	0	10433	10516	251059	250976	6.3	31.8
LC738874.1	LC738875.1	41.379	29	17	0	7293	7379	251067	250981	6.3	31.8
LC738874.1	LC738875.1	33.333	30	20	0	10430	10519	251076	250987	6.3	31.8
LC738874.1	LC738875.1	53.333	15	7	0	234729	234685	254317	254361	6.3	31.8
LC738874.1	LC738875.1	38.235	34	21	0	7296	7397	257251	257352	6.3	31.8
LC738874.1	LC738875.1	30.769	39	27	0	10451	10567	257252	257368	6.3	31.8
LC738874.1	LC738875.1	36.842	38	24	0	10451	10564	257365	257252	6.3	31.8
LC738874.1	LC738875.1	32.432	37	25	0	10120	10230	257374	257264	6.3	31.8
LC738874.1	LC738875.1	37.931	29	18	0	10487	10573	257359	257273	6.3	31.8
LC738874.1	LC738875.1	40.000	30	18	0	7308	7397	257368	257279	6.3	31.8
LC738874.1	LC738875.1	40.625	32	19	0	7302	7397	257376	257281	6.3	31.8
LC738874.1	LC738875.1	34.483	29	19	0	10433	10519	257369	257283	6.3	31.8
LC738874.1	LC738875.1	34.483	29	19	0	10433	10519	257284	257370	6.3	31.8
LC738874.1	LC738875.1	36.842	38	24	0	7284	7397	257402	257289	6.3	31.8
LC738874.1	LC738875.1	44.444	27	15	0	7299	7379	257369	257289	6.3	31.8
LC738874.1	LC738875.1	45.000	20	11	0	43625	43684	257376	257317	6.3	31.8
LC738874.1	LC738875.1	38.235	34	21	0	273090	272989	257419	257318	6.3	31.8
LC738874.1	LC738875.1	21.429	42	33	0	240439	240564	257440	257565	6.3	31.8
LC738874.1	LC738875.1	33.333	24	16	0	240436	240507	257464	257535	6.3	31.8
LC738874.1	LC738875.1	33.333	24	16	0	240436	240507	257470	257541	6.3	31.8
LC738874.1	LC738875.1	33.333	24	16	0	240436	240507	257473	257544	6.3	31.8
LC738874.1	LC738875.1	33.333	24	16	0	240436	240507	257476	257547	6.3	31.8
LC738874.1	LC738875.1	33.333	24	16	0	240436	240507	257479	257550	6.3	31.8
LC738874.1	LC738875.1	33.333	24	16	0	240436	240507	257482	257553	6.3	31.8
LC738874.1	LC738875.1	33.333	24	16	0	240436	240507	257488	257559	6.3	31.8
LC738874.1	LC738875.1	33.333	24	16	0	240436	240507	257491	257562	6.3	31.8
LC738874.1	LC738875.1	33.333	24	16	0	240436	240507	257494	257565	6.3	31.8
LC738874.1	LC738875.1	33.333	24	16	0	240436	240507	257497	257568	6.3	31.8
LC738874.1	LC738875.1	33.333	24	16	0	240436	240507	257500	257571	6.3	31.8
LC738874.1	LC738875.1	33.333	24	16	0	240436	240507	257503	257574	6.3	31.8
LC738874.1	LC738875.1	33.333	24	16	0	240436	240507	257506	257577	6.3	31.8
LC738874.1	LC738875.1	45.455	22	12	0	90877	90942	261361	261296	6.3	31.8
LC738874.1	LC738875.1	27.778	36	26	0	150006	150113	261300	261407	6.3	31.8
LC738874.1	LC738875.1	50.000	16	8	0	234732	234685	261659	261706	6.3	31.8
LC738874.1	LC738875.1	52.941	17	8	0	234735	234685	261696	261746	6.3	31.8
LC738874.1	LC738875.1	34.146	41	27	0	201850	201728	264676	264798	6.3	31.8
LC738874.1	LC738875.1	26.786	56	41	0	159396	159229	267586	267753	6.3	31.8
LC738874.1	LC738875.1	26.562	64	47	0	4576	4767	267794	267603	6.3	31.8
LC738874.1	LC738875.1	42.424	33	19	0	7270	7368	267722	267624	0.059	31.8
LC738874.1	LC738875.1	40.625	32	19	0	7302	7397	267720	267625	0.077	31.8
LC738874.1	LC738875.1	39.286	28	17	0	7296	7379	267708	267625	0.077	31.8
LC738874.1	LC738875.1	41.379	29	17	0	7299	7385	267713	267627	0.077	31.8
LC738874.1	LC738875.1	44.444	27	15	0	7299	7379	267630	267710	6.3	31.8
LC738874.1	LC738875.1	44.444	27	15	0	7299	7379	267711	267631	0.077	31.8
LC738874.1	LC738875.1	35.000	40	26	0	225141	225022	267638	267757	6.3	31.8
LC738874.1	LC738875.1	41.379	29	17	0	283177	283263	267649	267735	2.42e-35	31.8
LC738874.1	LC738875.1	52.000	25	12	0	273061	272987	267728	267654	6.3	31.8
LC738874.1	LC738875.1	25.532	47	35	0	10406	10546	267658	267798	6.3	31.8
LC738874.1	LC738875.1	52.000	25	12	0	273061	272987	267732	267658	6.3	31.8
LC738874.1	LC738875.1	45.000	20	11	0	43625	43684	267718	267659	6.3	31.8
LC738874.1	LC738875.1	52.000	25	12	0	273061	272987	267734	267660	6.3	31.8
LC738874.1	LC738875.1	28.947	38	27	0	10406	10519	267664	267777	6.3	31.8
LC738874.1	LC738875.1	35.000	40	26	0	225141	225022	267786	267667	3.37e-90	31.8
LC738874.1	LC738875.1	28.947	38	27	0	10406	10519	267672	267785	6.3	31.8
LC738874.1	LC738875.1	48.000	25	13	0	273061	272987	267746	267672	6.3	31.8
LC738874.1	LC738875.1	29.545	44	31	0	4576	4707	267808	267677	6.3	31.8
LC738874.1	LC738875.1	52.000	25	12	0	273061	272987	267682	267756	6.3	31.8
LC738874.1	LC738875.1	29.545	44	31	0	4576	4707	267814	267683	6.3	31.8
LC738874.1	LC738875.1	27.778	36	26	0	10406	10513	267692	267799	6.3	31.8
LC738874.1	LC738875.1	52.000	25	12	0	273061	272987	267692	267766	6.3	31.8
LC738874.1	LC738875.1	35.294	34	22	0	10451	10552	267812	267711	6.3	31.8
LC738874.1	LC738875.1	37.500	32	20	0	15605	15700	267807	267712	6.3	31.8
LC738874.1	LC738875.1	38.889	36	22	0	7269	7376	267820	267713	6.3	31.8
LC738874.1	LC738875.1	44.444	27	15	0	7299	7379	267713	267793	0.077	31.8
LC738874.1	LC738875.1	44.444	27	15	0	7299	7379	267798	267718	6.3	31.8
LC738874.1	LC738875.1	45.161	31	17	0	7323	7415	273235	273143	6.3	31.8
LC738874.1	LC738875.1	37.037	27	17	0	10439	10519	273144	273224	6.3	31.8
LC738874.1	LC738875.1	33.333	24	16	0	43616	43687	273221	273150	6.3	31.8
LC738874.1	LC738875.1	44.444	27	15	0	7299	7379	273154	273234	6.3	31.8
LC738874.1	LC738875.1	42.857	28	16	0	7323	7406	273162	273245	6.3	31.8
LC738874.1	LC738875.1	32.000	25	17	0	43616	43690	273168	273242	6.3	31.8
LC738874.1	LC738875.1	40.476	42	25	0	28675	28800	274731	274856	2.06e-14	31.8
LC738874.1	LC738875.1	75.000	12	3	0	234720	234685	276850	276815	6.3	31.8
LC738874.1	LC738875.1	75.000	12	3	0	234720	234685	278180	278145	6.3	31.8
LC738874.1	LC738875.1	75.000	12	3	0	234720	234685	279727	279692	6.3	31.8
LC738874.1	LC738875.1	75.000	12	3	0	234720	234685	280982	280947	6.3	31.8
LC738874.1	LC738875.1	75.000	12	3	0	234720	234685	285044	285009	6.3	31.8
LC738874.1	LC738875.1	75.000	12	3	0	234720	234685	289544	289509	6.3	31.8
LC738874.1	LC738875.1	75.000	12	3	0	234720	234685	291085	291050	6.3	31.8
LC738874.1	LC738875.1	75.000	12	3	0	234720	234685	292040	292005	6.3	31.8
LC738874.1	LC738875.1	31.429	35	24	0	117834	117730	296669	296565	0.0	31.8
LC738874.1	LC738875.1	31.579	38	26	0	221717	221604	405	518	3.45e-76	31.3
LC738874.1	LC738875.1	57.143	14	6	0	234726	234685	543	502	8.6	31.3
LC738874.1	LC738875.1	53.333	15	7	0	234729	234685	548	504	8.6	31.3
LC738874.1	LC738875.1	28.205	39	28	0	196606	196490	4464	4580	9.27e-104	31.3
LC738874.1	LC738875.1	29.545	44	31	0	147976	147845	8267	8136	8.6	31.3
LC738874.1	LC738875.1	48.000	25	13	0	91218	91144	8164	8238	8.6	31.3
LC738874.1	LC738875.1	37.931	29	18	0	197118	197204	8169	8255	0.012	31.3
LC738874.1	LC738875.1	33.333	27	18	0	10451	10531	8264	8184	8.6	31.3
LC738874.1	LC738875.1	40.909	22	13	0	7314	7379	10814	10879	8.6	31.3
LC738874.1	LC738875.1	24.138	29	22	0	134514	134428	10818	10904	8.6	31.3
LC738874.1	LC738875.1	50.000	18	9	0	43631	43684	10877	10824	8.6	31.3
LC738874.1	LC738875.1	31.111	45	31	0	232784	232918	37590	37456	0.045	31.3
LC738874.1	LC738875.1	38.235	34	21	0	7305	7406	39714	39613	8.6	31.3
LC738874.1	LC738875.1	50.000	18	9	0	273042	272989	39615	39668	8.6	31.3
LC738874.1	LC738875.1	62.500	16	6	0	273028	272981	39666	39619	4.44e-68	31.3
LC738874.1	LC738875.1	28.205	39	28	0	10451	10567	39625	39741	8.6	31.3
LC738874.1	LC738875.1	40.000	30	18	0	7305	7394	39625	39714	8.6	31.3
LC738874.1	LC738875.1	30.769	39	27	0	10451	10567	39742	39626	8.6	31.3
LC738874.1	LC738875.1	39.286	28	17	0	7296	7379	39628	39711	8.6	31.3
LC738874.1	LC738875.1	35.714	28	18	0	10436	10519	39713	39630	8.6	31.3
LC738874.1	LC738875.1	37.838	37	23	0	7284	7394	39632	39742	8.6	31.3
LC738874.1	LC738875.1	22.222	36	28	0	43616	43723	39639	39746	8.6	31.3
LC738874.1	LC738875.1	34.483	29	19	0	273036	272950	39653	39739	8.6	31.3
LC738874.1	LC738875.1	45.455	22	12	0	43634	43699	42969	43034	8.6	31.3
LC738874.1	LC738875.1	32.258	31	21	0	223511	223419	56515	56607	8.6	31.3
LC738874.1	LC738875.1	50.000	20	10	0	43623	43682	88733	88792	8.6	31.3
LC738874.1	LC738875.1	40.000	25	15	0	43616	43690	88734	88808	8.6	31.3
LC738874.1	LC738875.1	50.000	18	9	0	273036	272983	88791	88738	8.6	31.3
LC738874.1	LC738875.1	24.074	54	41	0	10385	10546	90463	90624	8.6	31.3
LC738874.1	LC738875.1	33.333	30	20	0	43616	43705	90614	90525	8.6	31.3
LC738874.1	LC738875.1	41.935	31	18	0	7276	7368	90631	90539	8.6	31.3
LC738874.1	LC738875.1	35.714	28	18	0	10433	10516	90622	90539	8.6	31.3
LC738874.1	LC738875.1	35.714	28	18	0	10436	10519	90623	90540	8.6	31.3
LC738874.1	LC738875.1	44.444	27	15	0	7317	7397	90628	90548	8.6	31.3
LC738874.1	LC738875.1	48.000	25	13	0	7323	7397	90553	90627	8.6	31.3
LC738874.1	LC738875.1	39.130	23	14	0	43616	43684	90559	90627	8.6	31.3
LC738874.1	LC738875.1	45.833	24	13	0	43617	43688	90562	90633	8.6	31.3
LC738874.1	LC738875.1	43.750	32	18	0	248183	248088	104753	104658	8.6	31.3
LC738874.1	LC738875.1	31.034	29	20	0	234813	234899	108232	108146	8.6	31.3
LC738874.1	LC738875.1	37.778	45	28	0	109101	108967	123470	123336	0.0	31.3
LC738874.1	LC738875.1	30.303	33	23	0	251881	251783	170834	170736	6.81e-11	31.3
LC738874.1	LC738875.1	58.824	17	7	0	234735	234685	183829	183779	8.6	31.3
LC738874.1	LC738875.1	60.000	15	6	0	234735	234691	183831	183787	8.6	31.3
LC738874.1	LC738875.1	56.250	16	7	0	234735	234688	198260	198213	8.6	31.3
LC738874.1	LC738875.1	64.286	14	5	0	234729	234688	209604	209563	8.6	31.3
LC738874.1	LC738875.1	38.462	65	40	0	186638	186832	241018	241212	8.6	31.3
LC738874.1	LC738875.1	51.724	29	14	0	193496	193410	241313	241227	8.6	31.3
LC738874.1	LC738875.1	41.379	29	17	0	196681	196595	242197	242111	1.20e-105	31.3
LC738874.1	LC738875.1	33.333	27	18	0	183316	183236	242344	242264	0.0	31.3
LC738874.1	LC738875.1	42.424	33	19	0	17393	17295	242623	242525	5.08e-165	31.3
LC738874.1	LC738875.1	61.538	13	5	0	234723	234685	243617	243655	8.6	31.3
LC738874.1	LC738875.1	39.130	46	28	0	182171	182308	244617	244754	6.18e-47	31.3
LC738874.1	LC738875.1	66.667	18	6	0	192112	192059	246165	246112	3.37e-90	31.3
LC738874.1	LC738875.1	60.000	20	8	0	234166	234107	249872	249931	3.96e-44	31.3
LC738874.1	LC738875.1	36.364	33	21	0	7281	7379	250950	251048	8.6	31.3
LC738874.1	LC738875.1	43.333	30	17	0	7296	7385	251052	250963	8.6	31.3
LC738874.1	LC738875.1	38.710	31	19	0	7305	7397	250966	251058	8.6	31.3
LC738874.1	LC738875.1	34.615	26	17	0	43616	43693	251045	250968	8.6	31.3
LC738874.1	LC738875.1	37.037	27	17	0	43616	43696	251049	250969	8.6	31.3
LC738874.1	LC738875.1	35.294	34	22	0	10469	10570	251073	250972	8.6	31.3
LC738874.1	LC738875.1	35.484	31	20	0	10481	10573	250972	251064	8.6	31.3
LC738874.1	LC738875.1	28.947	38	27	0	10400	10513	251088	250975	8.6	31.3
LC738874.1	LC738875.1	41.379	29	17	0	7308	7394	251062	250976	8.6	31.3
LC738874.1	LC738875.1	40.741	27	16	0	7299	7379	251063	250983	8.6	31.3
LC738874.1	LC738875.1	46.154	26	14	0	43617	43694	250991	251068	8.6	31.3
LC738874.1	LC738875.1	37.500	24	15	0	43613	43684	251066	250995	8.6	31.3
LC738874.1	LC738875.1	34.286	35	23	0	155631	155527	251118	251014	8.6	31.3
LC738874.1	LC738875.1	53.333	15	7	0	234729	234685	254315	254359	8.6	31.3
LC738874.1	LC738875.1	44.000	25	14	0	234735	234661	254379	254453	8.6	31.3
LC738874.1	LC738875.1	31.579	38	26	0	7325	7212	257261	257374	8.6	31.3
LC738874.1	LC738875.1	44.444	27	15	0	43710	43630	257344	257264	8.6	31.3
LC738874.1	LC738875.1	37.500	24	15	0	43616	43687	257335	257264	8.6	31.3
LC738874.1	LC738875.1	40.000	35	21	0	7270	7374	257384	257280	8.6	31.3
LC738874.1	LC738875.1	35.714	28	18	0	10436	10519	257368	257285	8.6	31.3
LC738874.1	LC738875.1	27.907	43	31	0	10391	10519	257415	257287	8.6	31.3
LC738874.1	LC738875.1	26.087	46	34	0	89953	90090	257449	257586	8.6	31.3
LC738874.1	LC738875.1	25.000	44	33	0	247879	248010	257452	257583	8.6	31.3
LC738874.1	LC738875.1	50.000	20	10	0	43638	43697	266468	266527	8.6	31.3
LC738874.1	LC738875.1	30.189	53	37	0	4701	4543	267596	267754	8.6	31.3
LC738874.1	LC738875.1	37.143	35	22	0	7293	7397	267606	267710	8.6	31.3
LC738874.1	LC738875.1	40.000	25	15	0	43610	43684	267620	267694	8.6	31.3
LC738874.1	LC738875.1	22.642	53	41	0	10406	10564	267780	267622	8.6	31.3
LC738874.1	LC738875.1	40.741	27	16	0	7296	7376	267702	267622	0.10	31.3
LC738874.1	LC738875.1	37.143	35	22	0	221699	221595	267727	267623	8.6	31.3
LC738874.1	LC738875.1	42.857	28	16	0	7296	7379	267706	267623	0.10	31.3
LC738874.1	LC738875.1	39.130	23	14	0	43616	43684	267693	267625	8.6	31.3
LC738874.1	LC738875.1	33.333	24	16	0	43616	43687	267697	267626	8.6	31.3
LC738874.1	LC738875.1	25.532	47	35	0	10406	10546	267768	267628	8.6	31.3
LC738874.1	LC738875.1	40.741	27	16	0	7299	7379	267628	267708	8.6	31.3
LC738874.1	LC738875.1	24.000	50	38	0	10406	10555	267778	267629	8.6	31.3
LC738874.1	LC738875.1	33.333	33	22	0	10454	10552	267629	267727	8.6	31.3
LC738874.1	LC738875.1	24.074	54	41	0	10406	10567	267630	267791	8.6	31.3
LC738874.1	LC738875.1	25.532	47	35	0	10406	10546	267770	267630	8.6	31.3
LC738874.1	LC738875.1	31.818	44	30	0	4576	4707	267632	267763	8.6	31.3
LC738874.1	LC738875.1	42.308	26	15	0	7302	7379	267714	267637	0.10	31.3
LC738874.1	LC738875.1	48.000	25	13	0	43617	43691	267645	267719	8.6	31.3
LC738874.1	LC738875.1	41.379	29	17	0	283177	283263	267647	267733	8.6	31.3
LC738874.1	LC738875.1	41.176	34	20	0	38392	38493	267651	267752	8.6	31.3
LC738874.1	LC738875.1	31.818	44	30	0	4576	4707	267792	267661	8.6	31.3
LC738874.1	LC738875.1	52.381	21	10	0	273051	272989	267730	267668	8.6	31.3
LC738874.1	LC738875.1	34.286	35	23	0	155631	155527	267776	267672	8.6	31.3
LC738874.1	LC738875.1	29.545	44	31	0	4576	4707	267810	267679	8.6	31.3
LC738874.1	LC738875.1	34.286	35	23	0	155631	155527	267682	267786	8.6	31.3
LC738874.1	LC738875.1	52.000	25	12	0	273061	272987	267684	267758	8.6	31.3
LC738874.1	LC738875.1	25.806	62	46	0	4594	4779	267873	267688	8.6	31.3
LC738874.1	LC738875.1	52.000	25	12	0	273061	272987	267688	267762	8.6	31.3
LC738874.1	LC738875.1	52.000	25	12	0	273061	272987	267690	267764	8.6	31.3
LC738874.1	LC738875.1	41.379	29	17	0	283177	283263	267777	267691	8.6	31.3
LC738874.1	LC738875.1	47.619	21	11	0	43620	43682	267703	267765	8.6	31.3
LC738874.1	LC738875.1	45.000	20	11	0	43625	43684	267704	267763	8.6	31.3
LC738874.1	LC738875.1	42.308	26	15	0	7302	7379	267710	267787	0.10	31.3
LC738874.1	LC738875.1	33.333	24	16	0	43616	43687	267782	267711	8.6	31.3
LC738874.1	LC738875.1	34.286	35	23	0	7270	7374	267825	267721	8.6	31.3
LC738874.1	LC738875.1	35.294	34	22	0	7278	7379	267823	267722	8.6	31.3
LC738874.1	LC738875.1	38.710	31	19	0	7305	7397	267814	267722	8.6	31.3
LC738874.1	LC738875.1	42.308	26	15	0	7302	7379	267801	267724	8.6	31.3
LC738874.1	LC738875.1	36.364	33	21	0	7284	7382	267728	267826	0.10	31.3
LC738874.1	LC738875.1	40.741	27	16	0	7292	7212	267816	267736	8.6	31.3
LC738874.1	LC738875.1	66.667	15	5	0	273028	272984	267757	267801	8.6	31.3
LC738874.1	LC738875.1	34.375	32	21	0	10457	10552	273144	273239	8.6	31.3
LC738874.1	LC738875.1	40.741	27	16	0	7299	7379	273148	273228	8.6	31.3
LC738874.1	LC738875.1	35.714	28	18	0	10436	10519	273236	273153	8.6	31.3
LC738874.1	LC738875.1	35.714	28	18	0	10433	10516	273154	273237	8.6	31.3
LC738874.1	LC738875.1	42.308	26	15	0	7302	7379	273240	273163	8.6	31.3
LC738874.1	LC738875.1	50.000	18	9	0	43631	43684	273238	273185	8.6	31.3
LC738874.1	LC738875.1	38.710	31	19	0	30483	30575	273810	273902	8.6	31.3
LC738874.1	LC738875.1	75.000	12	3	0	234720	234685	278699	278664	8.6	31.3
LC738874.1	LC738875.1	50.000	18	9	0	234738	234685	293940	293887	8.6	31.3
LC738874.1	LC738875.1	60.000	15	6	0	234729	234685	293937	293893	8.6	31.3
LC738874.1	LC738875.1	37.500	48	30	0	118177	118034	297006	296863	8.53e-50	31.3
LC738874.1	LC738875.1	40.000	35	21	0	232648	232752	314952	315056	4.79e-126	31.3
LC738874.1	LC738875.1	39.474	38	23	0	200978	201091	328877	328764	0.0	31.3
LC738874.1	LC738875.1	55.000	20	9	0	273046	272987	343041	343100	8.6	31.3
LC738874.1	LC738875.1	36.364	33	21	0	7299	7397	343148	343050	0.0	31.3
LC738874.1	LC738875.1	40.000	25	15	0	195772	195698	346243	346169	0.0	31.3
LC738874.1	LC738875.1	30.000	40	28	0	185102	184983	346666	346547	0.0	31.3
LC738874.1	LC738875.1	53.333	15	7	0	234729	234685	356541	356585	8.6	31.3
LC738874.1	LC738875.1	41.667	24	14	0	59236	59307	8239	8310	2.42e-35	30.8
LC738874.1	LC738875.1	31.707	41	28	0	185111	184989	10003	10125	3.45e-76	30.8
LC738874.1	LC738875.1	24.528	53	40	0	135061	134903	12845	13003	3.45e-76	30.8
LC738874.1	LC738875.1	76.471	17	4	0	234103	234153	37594	37544	1.34e-05	30.8
LC738874.1	LC738875.1	32.432	37	25	0	202092	202202	39642	39752	2.42e-35	30.8
LC738874.1	LC738875.1	48.000	25	13	0	168785	168711	51430	51504	9.27e-104	30.8
LC738874.1	LC738875.1	46.875	32	17	0	94310	94215	108709	108614	0.0	30.8
LC738874.1	LC738875.1	77.778	18	4	0	111047	110994	125347	125294	0.0	30.8
LC738874.1	LC738875.1	54.545	22	10	0	804	869	238643	238578	9.18e-08	30.8
LC738874.1	LC738875.1	37.037	27	17	0	155546	155626	239391	239471	0.0	30.8
LC738874.1	LC738875.1	36.667	30	19	0	183439	183350	242473	242384	0.0	30.8
LC738874.1	LC738875.1	41.379	29	17	0	196681	196595	245591	245505	8.07e-141	30.8
LC738874.1	LC738875.1	64.286	28	10	0	234252	234169	249787	249870	1.11e-05	30.8
LC738874.1	LC738875.1	37.037	27	17	0	10439	10519	257272	257352	0.035	30.8
LC738874.1	LC738875.1	34.286	35	23	0	132009	132113	267673	267569	0.10	30.8
LC738874.1	LC738875.1	23.214	56	43	0	246844	247011	267585	267752	0.0	30.8
LC738874.1	LC738875.1	40.741	27	16	0	7296	7376	267710	267630	0.13	30.8
LC738874.1	LC738875.1	37.500	32	20	0	7302	7397	267704	267799	0.13	30.8
LC738874.1	LC738875.1	40.741	27	16	0	7296	7376	267718	267798	0.13	30.8
LC738874.1	LC738875.1	45.833	24	13	0	225441	225370	532	603	9.27e-104	30.4
LC738874.1	LC738875.1	33.333	30	20	0	7301	7212	8323	8234	0.0	30.4
LC738874.1	LC738875.1	52.941	17	8	0	43634	43684	10819	10869	3.43e-73	30.4
LC738874.1	LC738875.1	37.500	40	25	0	202068	202187	39687	39568	4.29e-140	30.4
LC738874.1	LC738875.1	38.235	34	21	0	15614	15715	90541	90642	0.0	30.4
LC738874.1	LC738875.1	48.000	25	13	0	111307	111381	125598	125672	0.0	30.4
LC738874.1	LC738875.1	46.154	26	14	0	248165	248088	153253	153330	0.0	30.4
LC738874.1	LC738875.1	38.710	31	19	0	139268	139176	168550	168458	0.0	30.4
LC738874.1	LC738875.1	35.897	39	25	0	271285	271401	185187	185071	0.0	30.4
LC738874.1	LC738875.1	37.931	58	36	0	193249	193422	241054	241227	6.81e-11	30.4
LC738874.1	LC738875.1	47.619	21	11	0	190384	190322	242344	242282	3.80e-04	30.4
LC738874.1	LC738875.1	52.941	17	8	0	195281	195231	244670	244620	9.36e-16	30.4
LC738874.1	LC738875.1	39.583	48	29	0	196395	196252	245320	245177	7.31e-25	30.4
LC738874.1	LC738875.1	50.000	38	19	0	183017	182904	245454	245341	1.00e-25	30.4
LC738874.1	LC738875.1	56.000	25	11	0	234164	234090	249874	249948	6.21e-56	30.4
LC738874.1	LC738875.1	44.000	25	14	0	7323	7397	267703	267629	0.17	30.4
LC738874.1	LC738875.1	44.000	25	14	0	7323	7397	267705	267631	0.17	30.4
LC738874.1	LC738875.1	44.000	25	14	0	7323	7397	267707	267633	0.17	30.4
LC738874.1	LC738875.1	44.000	25	14	0	7305	7379	267709	267635	0.17	30.4
LC738874.1	LC738875.1	44.000	25	14	0	7323	7397	267709	267635	0.17	30.4
LC738874.1	LC738875.1	44.000	25	14	0	7323	7397	267711	267637	0.17	30.4
LC738874.1	LC738875.1	38.462	26	16	0	7302	7379	267716	267639	0.17	30.4
LC738874.1	LC738875.1	29.787	47	33	0	201989	202129	267649	267789	7.01e-71	30.4
LC738874.1	LC738875.1	41.176	34	20	0	7270	7371	267698	267799	0.17	30.4
LC738874.1	LC738875.1	39.394	33	20	0	7270	7368	267700	267798	0.17	30.4
LC738874.1	LC738875.1	44.000	25	14	0	7323	7397	267713	267787	0.17	30.4
LC738874.1	LC738875.1	37.500	32	20	0	7272	7367	267809	267714	0.026	30.4
LC738874.1	LC738875.1	44.000	25	14	0	7305	7379	267715	267789	0.17	30.4
LC738874.1	LC738875.1	44.000	25	14	0	7323	7397	267715	267789	0.17	30.4
LC738874.1	LC738875.1	44.000	25	14	0	7305	7379	267717	267791	0.17	30.4
LC738874.1	LC738875.1	44.000	25	14	0	7323	7397	267717	267791	0.17	30.4
LC738874.1	LC738875.1	44.000	25	14	0	7323	7397	267719	267793	0.17	30.4
LC738874.1	LC738875.1	44.000	25	14	0	7323	7397	267723	267797	0.17	30.4
LC738874.1	LC738875.1	68.750	16	5	0	30536	30583	273863	273910	1.11e-14	30.4
LC738874.1	LC738875.1	50.000	20	10	0	43620	43679	294438	294497	0.0	30.4
LC738874.1	LC738875.1	51.613	31	15	0	147218	147126	300089	299997	8.53e-50	30.4
LC738874.1	LC738875.1	26.829	41	30	0	209891	210013	315267	315145	0.0	30.4
LC738874.1	LC738875.1	26.829	41	30	0	209891	210013	317813	317691	0.0	30.4
LC738874.1	LC738875.1	52.941	17	8	0	273039	272989	343107	343057	0.0	30.4
LC738874.1	LC738875.1	57.143	21	9	0	15538	15600	357179	357117	0.0	30.4
LC738874.1	LC738875.1	44.000	25	14	0	185456	185382	7055	7129	9.27e-104	29.9
LC738874.1	LC738875.1	33.333	30	20	0	7281	7370	8197	8286	4.43e-118	29.9
LC738874.1	LC738875.1	44.000	25	14	0	185456	185382	9673	9747	3.45e-76	29.9
LC738874.1	LC738875.1	29.545	44	31	0	147976	147845	10885	10754	4.44e-68	29.9
LC738874.1	LC738875.1	50.000	18	9	0	150078	150025	10810	10863	3.34e-40	29.9
LC738874.1	LC738875.1	46.154	26	14	0	42873	42950	32850	32773	1.27e-75	29.9
LC738874.1	LC738875.1	68.750	16	5	0	234217	234264	37474	37427	1.34e-05	29.9
LC738874.1	LC738875.1	31.034	58	40	0	4914	4741	38318	38145	0.0	29.9
LC738874.1	LC738875.1	28.261	46	33	0	55744	55607	39299	39162	0.0	29.9
LC738874.1	LC738875.1	43.478	23	13	0	79905	79973	39593	39661	3.43e-73	29.9
LC738874.1	LC738875.1	34.375	32	21	0	15605	15700	39616	39711	0.0	29.9
LC738874.1	LC738875.1	33.333	42	28	0	169754	169629	50482	50607	9.27e-104	29.9
LC738874.1	LC738875.1	44.118	34	19	0	34119	34220	68565	68666	0.0	29.9
LC738874.1	LC738875.1	31.915	47	32	0	155723	155863	73226	73366	3.43e-73	29.9
LC738874.1	LC738875.1	38.462	39	24	0	107118	107002	121250	121134	0.0	29.9
LC738874.1	LC738875.1	30.909	55	38	0	16244	16080	125497	125333	3.37e-90	29.9
LC738874.1	LC738875.1	32.609	46	31	0	56899	56762	153785	153648	3.37e-90	29.9
LC738874.1	LC738875.1	43.478	23	13	0	121797	121729	243715	243647	5.08e-165	29.9
LC738874.1	LC738875.1	46.875	32	17	0	189299	189204	244716	244621	3.85e-46	29.9
LC738874.1	LC738875.1	53.846	26	12	0	182261	182184	244707	244630	2.87e-71	29.9
LC738874.1	LC738875.1	44.444	36	20	0	17418	17311	246048	245941	0.0	29.9
LC738874.1	LC738875.1	55.556	27	12	0	17326	17406	245956	246036	0.0	29.9
LC738874.1	LC738875.1	35.897	39	25	0	19097	19213	256514	256630	0.0	29.9
LC738874.1	LC738875.1	40.000	30	18	0	244854	244765	261420	261509	0.0	29.9
LC738874.1	LC738875.1	37.037	27	17	0	197247	197167	267676	267596	1.55e-122	29.9
LC738874.1	LC738875.1	43.902	41	23	0	27941	27819	273919	273797	2.45e-11	29.9
LC738874.1	LC738875.1	54.545	33	15	0	6712	6810	274582	274680	1.85e-06	29.9
LC738874.1	LC738875.1	50.000	30	15	0	28763	28674	274819	274730	2.45e-08	29.9
LC738874.1	LC738875.1	36.667	30	19	0	118414	118325	297354	297265	8.53e-50	29.9
LC738874.1	LC738875.1	34.211	38	25	0	234173	234286	317480	317593	4.79e-126	29.9
LC738874.1	LC738875.1	36.000	25	16	0	166989	167063	335552	335626	0.0	29.9
LC738874.1	LC738875.1	35.714	42	27	0	184598	184473	346138	346013	0.0	29.9
LC738874.1	LC738875.1	43.333	30	17	0	13868	13779	359062	359151	0.0	29.9
LC738874.1	LC738875.1	25.000	40	30	0	93860	93979	5748	5629	1.27e-75	29.5
LC738874.1	LC738875.1	42.857	21	12	0	131919	131857	8283	8221	4.44e-68	29.5
LC738874.1	LC738875.1	29.268	41	29	0	191860	191738	10012	10134	2.70e-17	29.5
LC738874.1	LC738875.1	38.095	21	13	0	166923	166861	10887	10949	3.45e-76	29.5
LC738874.1	LC738875.1	40.909	22	13	0	263839	263904	15693	15628	0.0	29.5
LC738874.1	LC738875.1	27.778	36	26	0	224838	224731	25331	25224	4.44e-68	29.5
LC738874.1	LC738875.1	55.000	20	9	0	234172	234113	29976	29917	4.44e-68	29.5
LC738874.1	LC738875.1	30.556	36	25	0	71184	71291	39778	39885	2.88e-84	29.5
LC738874.1	LC738875.1	76.923	13	3	0	197210	197248	43007	42969	4.29e-140	29.5
LC738874.1	LC738875.1	32.258	31	21	0	278007	277915	46641	46549	4.44e-68	29.5
LC738874.1	LC738875.1	46.154	26	14	0	278583	278506	47412	47335	4.44e-68	29.5
LC738874.1	LC738875.1	41.667	24	14	0	86365	86436	84780	84851	2.88e-84	29.5
LC738874.1	LC738875.1	31.579	38	26	0	134868	134755	86239	86126	8.07e-141	29.5
LC738874.1	LC738875.1	41.176	34	20	0	2698	2597	88786	88685	5.08e-165	29.5
LC738874.1	LC738875.1	47.368	19	10	0	15010	14954	102190	102134	0.0	29.5
LC738874.1	LC738875.1	50.000	20	10	0	248147	248088	104678	104619	0.22	29.5
LC738874.1	LC738875.1	29.730	37	26	0	94483	94593	108888	108998	0.0	29.5
LC738874.1	LC738875.1	62.500	16	6	0	111380	111333	125671	125624	0.0	29.5
LC738874.1	LC738875.1	35.294	34	22	0	147214	147315	146517	146416	4.29e-140	29.5
LC738874.1	LC738875.1	42.424	33	19	0	146233	146331	147174	147076	4.29e-140	29.5
LC738874.1	LC738875.1	50.000	20	10	0	248147	248088	153250	153309	0.0	29.5
LC738874.1	LC738875.1	32.353	34	23	0	253856	253957	173350	173451	2.42e-35	29.5
LC738874.1	LC738875.1	23.810	42	32	0	66552	66677	209249	209124	4.29e-140	29.5
LC738874.1	LC738875.1	31.746	63	43	0	179590	179778	241024	241212	2.23e-42	29.5
LC738874.1	LC738875.1	40.000	30	18	0	15929	16018	241132	241221	0.0	29.5
LC738874.1	LC738875.1	48.276	29	15	0	193408	193494	241225	241311	6.81e-11	29.5
LC738874.1	LC738875.1	51.724	29	14	0	182175	182261	241227	241313	5.65e-44	29.5
LC738874.1	LC738875.1	51.852	27	13	0	16119	16039	241313	241233	5.08e-165	29.5
LC738874.1	LC738875.1	42.857	28	16	0	185734	185651	242358	242275	1.55e-122	29.5
LC738874.1	LC738875.1	57.143	21	9	0	181515	181453	244547	244485	0.009	29.5
LC738874.1	LC738875.1	42.623	61	35	0	16172	16354	244772	244954	1.35e-25	29.5
LC738874.1	LC738875.1	60.000	25	10	0	234091	234165	249947	249873	5.23e-49	29.5
LC738874.1	LC738875.1	57.895	19	8	0	90938	90882	254389	254445	8.82e-23	29.5
LC738874.1	LC738875.1	22.500	40	31	0	198435	198316	255471	255352	0.0	29.5
LC738874.1	LC738875.1	34.783	23	15	0	228518	228586	257268	257336	0.0	29.5
LC738874.1	LC738875.1	33.333	39	26	0	212733	212849	264555	264671	4.79e-126	29.5
LC738874.1	LC738875.1	33.333	42	28	0	242921	243046	267578	267703	2.88e-84	29.5
LC738874.1	LC738875.1	76.923	13	3	0	197210	197248	267623	267661	7.01e-71	29.5
LC738874.1	LC738875.1	45.833	24	13	0	7323	7394	267701	267630	0.28	29.5
LC738874.1	LC738875.1	40.000	25	15	0	7323	7397	267713	267639	0.28	29.5
LC738874.1	LC738875.1	40.000	25	15	0	244583	244657	267747	267673	0.0	29.5
LC738874.1	LC738875.1	40.000	25	15	0	244583	244657	267677	267751	2.88e-84	29.5
LC738874.1	LC738875.1	22.222	45	35	0	59399	59265	267815	267681	0.077	29.5
LC738874.1	LC738875.1	42.308	26	15	0	7296	7373	267720	267797	0.28	29.5
LC738874.1	LC738875.1	45.833	24	13	0	7323	7394	267727	267798	0.28	29.5
LC738874.1	LC738875.1	72.727	11	3	0	234717	234685	269510	269542	0.0	29.5
LC738874.1	LC738875.1	44.444	36	20	0	27919	27812	273897	273790	5.24e-10	29.5
LC738874.1	LC738875.1	42.857	28	16	0	28878	28795	274937	274854	6.10e-20	29.5
LC738874.1	LC738875.1	41.935	31	18	0	83311	83403	296386	296478	0.0	29.5
LC738874.1	LC738875.1	69.231	13	4	0	126412	126374	304552	304514	0.0	29.5
LC738874.1	LC738875.1	33.333	30	20	0	125824	125735	318362	318273	9.15e-91	29.5
LC738874.1	LC738875.1	75.000	12	3	0	192898	192863	343044	343079	0.0	29.5
LC738874.1	LC738875.1	61.111	18	7	0	244398	244451	343047	343100	7.01e-71	29.5
LC738874.1	LC738875.1	58.824	17	7	0	273037	272987	343109	343059	1.55e-122	29.5
LC738874.1	LC738875.1	36.000	25	16	0	189289	189215	346243	346169	1.31e-71	29.5
LC738874.1	LC738875.1	42.308	26	15	0	180463	180386	4689	4766	1.15e-31	29.0
LC738874.1	LC738875.1	29.268	41	29	0	191860	191738	4842	4964	3.34e-40	29.0
LC738874.1	LC738875.1	38.235	34	21	0	196183	196082	4863	4964	3.45e-76	29.0
LC738874.1	LC738875.1	29.268	41	29	0	191860	191738	7394	7516	1.09e-17	29.0
LC738874.1	LC738875.1	38.235	34	21	0	196183	196082	7415	7516	8.82e-23	29.0
LC738874.1	LC738875.1	42.308	26	15	0	180463	180386	9859	9936	9.27e-104	29.0
LC738874.1	LC738875.1	38.235	34	21	0	196183	196082	10033	10134	1.53e-19	29.0
LC738874.1	LC738875.1	35.135	37	24	0	257461	257571	22104	21994	0.0	29.0
LC738874.1	LC738875.1	44.000	25	14	0	170384	170310	23793	23719	4.44e-68	29.0
LC738874.1	LC738875.1	45.833	24	13	0	6523	6452	35840	35769	0.0	29.0
LC738874.1	LC738875.1	31.818	44	30	0	10093	10224	39593	39724	4.43e-118	29.0
LC738874.1	LC738875.1	54.545	22	10	0	2722	2657	39727	39662	0.0	29.0
LC738874.1	LC738875.1	29.730	37	26	0	4881	4771	40370	40260	0.0	29.0
LC738874.1	LC738875.1	55.000	20	9	0	2713	2654	43010	42951	3.37e-90	29.0
LC738874.1	LC738875.1	48.148	27	14	0	258674	258594	59761	59841	0.0	29.0
LC738874.1	LC738875.1	43.750	32	18	0	160221	160126	89394	89299	8.07e-141	29.0
LC738874.1	LC738875.1	100.000	7	0	0	92365	92345	134106	134086	1.55e-122	29.0
LC738874.1	LC738875.1	37.037	27	17	0	46591	46671	141584	141664	4.79e-126	29.0
LC738874.1	LC738875.1	42.500	40	23	0	139269	139150	168551	168432	1.55e-122	29.0
LC738874.1	LC738875.1	80.000	15	3	0	827	871	238620	238576	1.50e-05	29.0
LC738874.1	LC738875.1	52.381	21	10	0	181515	181453	241153	241091	0.015	29.0
LC738874.1	LC738875.1	47.059	17	9	0	195281	195231	241276	241226	1.07e-16	29.0
LC738874.1	LC738875.1	41.379	29	17	0	16126	16040	241320	241234	8.11e-62	29.0
LC738874.1	LC738875.1	50.000	30	15	0	184705	184616	241326	241237	3.07e-07	29.0
LC738874.1	LC738875.1	37.500	64	40	0	189957	189766	241974	241783	6.05e-27	29.0
LC738874.1	LC738875.1	42.857	42	24	0	182011	182136	244445	244570	2.47e-24	29.0
LC738874.1	LC738875.1	64.706	17	6	0	16561	16611	245161	245211	4.43e-118	29.0
LC738874.1	LC738875.1	36.000	25	16	0	190516	190442	245867	245793	3.37e-90	29.0
LC738874.1	LC738875.1	39.286	28	17	0	192813	192896	257219	257302	7.01e-71	29.0
LC738874.1	LC738875.1	36.667	30	19	0	7278	7367	267623	267712	0.059	29.0
LC738874.1	LC738875.1	40.000	30	18	0	7284	7373	267712	267623	0.36	29.0
LC738874.1	LC738875.1	38.462	26	16	0	7302	7379	267718	267641	0.36	29.0
LC738874.1	LC738875.1	25.806	62	46	0	221789	221604	267908	267723	1.55e-122	29.0
LC738874.1	LC738875.1	44.444	36	20	0	78175	78282	327333	327440	4.43e-118	29.0
LC738874.1	LC738875.1	77.778	9	2	0	131649	131675	330628	330602	0.0	29.0
LC738874.1	LC738875.1	34.091	44	29	0	196409	196540	346910	347041	4.43e-118	29.0
LC738874.1	LC738875.1	50.000	22	11	0	41129	41194	353843	353778	0.0	29.0
LC738874.1	LC738875.1	40.000	25	15	0	185456	185382	4503	4577	4.91e-27	28.6
LC738874.1	LC738875.1	53.333	15	7	0	274936	274892	5728	5772	0.0	28.6
LC738874.1	LC738875.1	38.462	26	16	0	180463	180386	7241	7318	1.55e-31	28.6
LC738874.1	LC738875.1	90.000	10	1	0	183925	183896	8214	8243	9.27e-104	28.6
LC738874.1	LC738875.1	90.000	10	1	0	183925	183896	10820	10849	3.45e-76	28.6
LC738874.1	LC738875.1	40.000	40	24	0	272304	272185	11262	11381	0.0	28.6
LC738874.1	LC738875.1	52.381	21	10	0	259162	259224	20508	20446	0.0	28.6
LC738874.1	LC738875.1	45.000	20	11	0	47155	47214	22711	22770	2.88e-84	28.6
LC738874.1	LC738875.1	45.000	20	11	0	47317	47376	22711	22770	3.43e-73	28.6
LC738874.1	LC738875.1	29.730	37	26	0	51004	51114	39404	39514	2.88e-84	28.6
LC738874.1	LC738875.1	41.667	24	14	0	70944	70873	39652	39581	0.0	28.6
LC738874.1	LC738875.1	44.444	18	10	0	36103	36050	70423	70370	0.0	28.6
LC738874.1	LC738875.1	42.857	28	16	0	197121	197204	90518	90601	0.077	28.6
LC738874.1	LC738875.1	29.730	37	26	0	166914	167024	99353	99463	3.43e-73	28.6
LC738874.1	LC738875.1	39.130	23	14	0	102763	102831	116805	116873	0.0	28.6
LC738874.1	LC738875.1	31.250	48	33	0	107022	107165	121154	121297	2.88e-84	28.6
LC738874.1	LC738875.1	45.000	40	22	0	109685	109566	124030	123911	0.0	28.6
LC738874.1	LC738875.1	35.714	28	18	0	53632	53549	133594	133511	7.19e-168	28.6
LC738874.1	LC738875.1	51.852	27	13	0	179785	179865	241231	241311	2.88e-84	28.6
LC738874.1	LC738875.1	55.556	27	12	0	186839	186919	241231	241311	2.43e-52	28.6
LC738874.1	LC738875.1	52.632	19	9	0	232456	232512	250031	249975	6.57e-05	28.6
LC738874.1	LC738875.1	41.176	17	10	0	91194	91144	250961	251011	8.82e-23	28.6
LC738874.1	LC738875.1	52.632	19	9	0	197216	197272	251020	250964	0.28	28.6
LC738874.1	LC738875.1	46.154	26	14	0	67829	67752	255712	255789	8.82e-23	28.6
LC738874.1	LC738875.1	34.375	32	21	0	7284	7379	257350	257255	0.46	28.6
LC738874.1	LC738875.1	38.095	42	26	0	197216	197341	257345	257470	4.79e-126	28.6
LC738874.1	LC738875.1	36.364	33	21	0	7270	7368	267720	267622	0.46	28.6
LC738874.1	LC738875.1	41.667	24	14	0	7326	7397	267712	267641	0.10	28.6
LC738874.1	LC738875.1	47.619	21	11	0	7335	7397	267715	267653	0.015	28.6
LC738874.1	LC738875.1	30.000	30	21	0	244857	244768	267676	267765	0.0	28.6
LC738874.1	LC738875.1	41.667	24	14	0	7326	7397	267714	267785	0.10	28.6
LC738874.1	LC738875.1	36.667	30	19	0	43710	43621	267722	267811	8.82e-23	28.6
LC738874.1	LC738875.1	38.462	26	16	0	7300	7377	267724	267801	0.46	28.6
LC738874.1	LC738875.1	51.613	31	15	0	6553	6645	274426	274518	1.85e-06	28.6
LC738874.1	LC738875.1	46.154	26	14	0	33027	32950	274782	274705	1.59e-04	28.6
LC738874.1	LC738875.1	34.483	29	19	0	185969	185883	299209	299295	0.0	28.6
LC738874.1	LC738875.1	32.500	40	27	0	70351	70470	334030	333911	0.0	28.6
LC738874.1	LC738875.1	42.105	19	11	0	273042	272986	343112	343056	3.37e-90	28.6
LC738874.1	LC738875.1	35.714	42	27	0	186827	186702	346138	346013	5.08e-165	28.6
LC738874.1	LC738875.1	58.824	17	7	0	220499	220549	1175	1125	1.27e-75	28.1
LC738874.1	LC738875.1	21.569	51	40	0	193966	193814	7355	7507	3.45e-76	28.1
LC738874.1	LC738875.1	45.833	24	13	0	59212	59283	8300	8229	1.27e-75	28.1
LC738874.1	LC738875.1	52.381	21	10	0	121105	121043	21597	21659	3.45e-76	28.1
LC738874.1	LC738875.1	38.710	31	19	0	71510	71418	29866	29774	8.07e-141	28.1
LC738874.1	LC738875.1	75.000	20	5	0	234276	234217	37415	37474	1.40e-07	28.1
LC738874.1	LC738875.1	75.000	12	3	0	234061	234096	37712	37677	3.89e-16	28.1
LC738874.1	LC738875.1	40.000	25	15	0	7300	7374	39699	39625	0.59	28.1
LC738874.1	LC738875.1	38.235	34	21	0	43734	43633	39737	39636	1.55e-122	28.1
LC738874.1	LC738875.1	38.235	34	21	0	34367	34468	68801	68902	4.79e-126	28.1
LC738874.1	LC738875.1	41.935	31	18	0	150299	150207	75445	75537	9.27e-104	28.1
LC738874.1	LC738875.1	36.364	22	14	0	172905	172840	156542	156607	0.36	28.1
LC738874.1	LC738875.1	35.000	40	26	0	151355	151236	179592	179473	0.0	28.1
LC738874.1	LC738875.1	47.826	23	12	0	88995	89063	186156	186088	4.29e-140	28.1
LC738874.1	LC738875.1	50.000	18	9	0	172588	172641	208608	208661	4.79e-126	28.1
LC738874.1	LC738875.1	34.483	29	19	0	107930	107844	209098	209184	8.82e-23	28.1
LC738874.1	LC738875.1	36.000	25	16	0	10505	10579	240470	240544	4.43e-118	28.1
LC738874.1	LC738875.1	51.064	47	23	0	189726	189586	241722	241582	6.05e-27	28.1
LC738874.1	LC738875.1	60.000	15	6	0	194359	194315	242155	242111	8.07e-141	28.1
LC738874.1	LC738875.1	63.158	19	7	0	181593	181537	244610	244554	0.009	28.1
LC738874.1	LC738875.1	50.000	28	14	0	16122	16039	244710	244627	9.15e-91	28.1
LC738874.1	LC738875.1	62.500	24	9	0	185157	185228	245190	245261	7.98e-35	28.1
LC738874.1	LC738875.1	50.000	26	13	0	187831	187908	245581	245658	2.67e-53	28.1
LC738874.1	LC738875.1	47.619	21	11	0	228522	228584	250952	251014	3.43e-73	28.1
LC738874.1	LC738875.1	23.636	55	42	0	24189	24025	251155	250991	9.15e-91	28.1
LC738874.1	LC738875.1	38.710	31	19	0	7275	7367	267804	267712	0.10	28.1
LC738874.1	LC738875.1	33.333	36	24	0	7249	7356	267822	267715	0.015	28.1
LC738874.1	LC738875.1	30.769	26	18	0	43349	43272	268924	269001	8.82e-23	28.1
LC738874.1	LC738875.1	41.935	31	18	0	80569	80477	274518	274426	0.17	28.1
LC738874.1	LC738875.1	33.333	42	28	0	6867	6992	274722	274847	1.85e-06	28.1
LC738874.1	LC738875.1	50.000	20	10	0	32474	32415	274886	274827	0.0	28.1
LC738874.1	LC738875.1	26.923	52	38	0	45154	44999	283307	283152	0.0	28.1
LC738874.1	LC738875.1	40.000	25	15	0	127032	127106	305193	305267	0.0	28.1
LC738874.1	LC738875.1	47.619	21	11	0	30780	30718	307876	307938	8.82e-23	28.1
LC738874.1	LC738875.1	41.176	17	10	0	276815	276865	308161	308211	2.88e-84	28.1
LC738874.1	LC738875.1	72.727	11	3	0	257986	257954	308642	308610	0.0	28.1
LC738874.1	LC738875.1	37.500	24	15	0	153876	153947	326939	326868	0.0	28.1
LC738874.1	LC738875.1	40.741	27	16	0	200515	200595	329352	329272	0.0	28.1
LC738874.1	LC738875.1	60.000	15	6	0	150069	150025	343108	343064	0.0	28.1
LC738874.1	LC738875.1	42.857	21	12	0	192187	192125	4518	4580	3.34e-40	27.6
LC738874.1	LC738875.1	28.889	45	32	0	194326	194192	7016	7150	3.45e-76	27.6
LC738874.1	LC738875.1	90.000	10	1	0	183925	183896	8210	8239	3.34e-40	27.6
LC738874.1	LC738875.1	33.333	39	26	0	183091	182975	9634	9750	3.34e-40	27.6
LC738874.1	LC738875.1	37.143	35	22	0	194176	194072	9781	9885	8.82e-23	27.6
LC738874.1	LC738875.1	44.000	25	14	0	19951	19877	10913	10839	0.0	27.6
LC738874.1	LC738875.1	48.000	25	13	0	51956	52030	30587	30661	3.43e-73	27.6
LC738874.1	LC738875.1	31.034	29	20	0	90941	90855	39713	39627	8.07e-141	27.6
LC738874.1	LC738875.1	37.931	29	18	0	7298	7212	39714	39628	9.15e-91	27.6
LC738874.1	LC738875.1	37.143	35	22	0	7316	7212	39740	39636	0.0	27.6
LC738874.1	LC738875.1	25.641	39	29	0	37301	37417	43061	42945	1.27e-75	27.6
LC738874.1	LC738875.1	38.710	31	19	0	43643	43735	42956	43048	0.13	27.6
LC738874.1	LC738875.1	30.000	30	21	0	23543	23632	65669	65758	0.0	27.6
LC738874.1	LC738875.1	41.667	36	21	0	34476	34369	68910	68803	1.31e-71	27.6
LC738874.1	LC738875.1	45.000	20	11	0	15127	15068	76706	76647	7.19e-168	27.6
LC738874.1	LC738875.1	45.000	20	11	0	284096	284155	76706	76647	0.0	27.6
LC738874.1	LC738875.1	31.707	41	28	0	126562	126440	78228	78106	8.07e-141	27.6
LC738874.1	LC738875.1	50.000	20	10	0	155431	155372	86901	86842	8.07e-141	27.6
LC738874.1	LC738875.1	50.000	16	8	0	155574	155527	88736	88783	8.82e-23	27.6
LC738874.1	LC738875.1	56.250	16	7	0	2698	2651	90581	90534	8.11e-62	27.6
LC738874.1	LC738875.1	42.857	21	12	0	240436	240498	126680	126742	2.42e-35	27.6
LC738874.1	LC738875.1	33.333	24	16	0	178250	178321	131138	131209	3.43e-73	27.6
LC738874.1	LC738875.1	44.444	27	15	0	144521	144441	148835	148915	8.82e-23	27.6
LC738874.1	LC738875.1	60.000	15	6	0	197160	197204	163519	163563	0.59	27.6
LC738874.1	LC738875.1	56.250	16	7	0	254417	254464	173950	173997	2.42e-35	27.6
LC738874.1	LC738875.1	57.895	19	8	0	181593	181537	241216	241160	0.015	27.6
LC738874.1	LC738875.1	57.143	28	12	0	179781	179864	241227	241310	2.23e-42	27.6
LC738874.1	LC738875.1	51.852	27	13	0	194616	194696	242385	242465	0.0	27.6
LC738874.1	LC738875.1	38.710	31	19	0	26621	26713	243543	243635	7.01e-71	27.6
LC738874.1	LC738875.1	54.167	24	11	0	16003	15932	244600	244529	9.15e-91	27.6
LC738874.1	LC738875.1	68.421	19	6	0	184616	184672	244631	244687	7.98e-35	27.6
LC738874.1	LC738875.1	60.000	15	6	0	194359	194315	245549	245505	0.0	27.6
LC738874.1	LC738875.1	33.333	30	20	0	254918	254829	250933	251022	0.0	27.6
LC738874.1	LC738875.1	60.000	15	6	0	197216	197260	257312	257268	0.035	27.6
LC738874.1	LC738875.1	36.364	33	21	0	202095	202193	257270	257368	0.75	27.6
LC738874.1	LC738875.1	26.829	41	30	0	246898	247020	257275	257397	3.43e-73	27.6
LC738874.1	LC738875.1	23.333	60	46	0	10126	10305	257293	257472	0.045	27.6
LC738874.1	LC738875.1	40.741	27	16	0	197124	197204	257391	257311	0.035	27.6
LC738874.1	LC738875.1	70.000	10	3	0	212542	212571	261325	261354	4.79e-126	27.6
LC738874.1	LC738875.1	34.375	32	21	0	221604	221699	267632	267727	4.79e-126	27.6
LC738874.1	LC738875.1	47.619	21	11	0	7335	7397	267719	267657	0.045	27.6
LC738874.1	LC738875.1	47.619	21	11	0	7335	7397	267721	267659	0.077	27.6
LC738874.1	LC738875.1	36.000	25	16	0	202055	202129	267812	267738	0.059	27.6
LC738874.1	LC738875.1	57.143	21	9	0	244373	244435	267829	267767	0.0	27.6
LC738874.1	LC738875.1	31.429	35	24	0	219791	219687	272231	272127	0.0	27.6
LC738874.1	LC738875.1	42.857	28	16	0	197121	197204	273264	273181	0.22	27.6
LC738874.1	LC738875.1	30.556	36	25	0	33283	33390	294440	294547	4.43e-118	27.6
LC738874.1	LC738875.1	28.571	42	30	0	35791	35666	304533	304658	8.82e-23	27.6
LC738874.1	LC738875.1	42.857	21	12	0	212892	212954	308155	308217	7.01e-71	27.6
LC738874.1	LC738875.1	46.154	26	14	0	102337	102414	321956	321879	0.0	27.6
LC738874.1	LC738875.1	60.000	15	6	0	143635	143679	324974	325018	0.0	27.6
LC738874.1	LC738875.1	17.647	51	42	0	73013	72861	330430	330582	0.0	27.6
LC738874.1	LC738875.1	30.435	23	16	0	118769	118701	330622	330554	0.0	27.6
LC738874.1	LC738875.1	52.381	21	10	0	79947	80009	334350	334412	4.43e-118	27.6
LC738874.1	LC738875.1	55.556	18	8	0	272025	271972	341969	341916	0.0	27.6
LC738874.1	LC738875.1	35.484	31	20	0	272139	272047	342086	341994	0.0	27.6
LC738874.1	LC738875.1	69.231	13	4	0	150063	150025	343108	343070	9.15e-91	27.6
LC738874.1	LC738875.1	47.368	19	10	0	149780	149836	343083	343139	4.43e-118	27.6
LC738874.1	LC738875.1	43.478	23	13	0	247570	247502	275	343	9.27e-104	27.2
LC738874.1	LC738875.1	41.667	24	14	0	27868	27939	1065	1136	2.88e-84	27.2
LC738874.1	LC738875.1	42.308	26	15	0	194089	194012	4689	4766	9.27e-104	27.2
LC738874.1	LC738875.1	21.569	51	40	0	193966	193814	4803	4955	9.27e-104	27.2
LC738874.1	LC738875.1	23.529	51	39	0	182731	182579	7355	7507	3.44e-23	27.2
LC738874.1	LC738875.1	28.571	42	30	0	180322	180197	7382	7507	1.55e-31	27.2
LC738874.1	LC738875.1	40.000	25	15	0	150003	150077	8196	8270	0.46	27.2
LC738874.1	LC738875.1	52.381	21	10	0	2719	2657	8292	8230	0.0	27.2
LC738874.1	LC738875.1	42.308	26	15	0	194089	194012	9859	9936	8.82e-23	27.2
LC738874.1	LC738875.1	28.947	38	27	0	182692	182579	10012	10125	3.34e-40	27.2
LC738874.1	LC738875.1	36.000	25	16	0	58723	58649	10861	10787	8.07e-141	27.2
LC738874.1	LC738875.1	53.333	15	7	0	7253	7209	10859	10815	1.55e-122	27.2
LC738874.1	LC738875.1	52.381	21	10	0	7344	7406	10826	10888	4.43e-118	27.2
LC738874.1	LC738875.1	39.394	33	20	0	13772	13674	10952	10854	7.19e-168	27.2
LC738874.1	LC738875.1	35.294	34	22	0	149213	149112	11105	11004	4.44e-68	27.2
LC738874.1	LC738875.1	83.333	12	2	0	234190	234225	37504	37469	4.29e-140	27.2
LC738874.1	LC738875.1	60.000	20	8	0	232622	232563	37532	37591	0.10	27.2
LC738874.1	LC738875.1	64.286	14	5	0	234102	234061	37671	37712	1.40e-07	27.2
LC738874.1	LC738875.1	29.167	72	51	0	111734	111519	38647	38862	3.34e-40	27.2
LC738874.1	LC738875.1	37.500	32	20	0	7284	7379	39652	39747	0.93	27.2
LC738874.1	LC738875.1	34.146	41	27	0	91286	91408	43703	43825	3.43e-73	27.2
LC738874.1	LC738875.1	57.895	19	8	0	278958	278902	47784	47728	4.44e-68	27.2
LC738874.1	LC738875.1	43.478	23	13	0	260260	260328	49518	49450	0.0	27.2
LC738874.1	LC738875.1	47.619	21	11	0	166665	166603	53564	53626	9.27e-104	27.2
LC738874.1	LC738875.1	36.364	22	14	0	30194	30129	81022	81087	0.10	27.2
LC738874.1	LC738875.1	44.444	18	10	0	156467	156414	83220	83273	8.82e-23	27.2
LC738874.1	LC738875.1	40.909	22	13	0	254888	254823	88743	88808	0.0	27.2
LC738874.1	LC738875.1	44.444	18	10	0	59287	59234	90564	90511	0.0	27.2
LC738874.1	LC738875.1	36.364	33	21	0	7313	7215	90629	90531	3.37e-90	27.2
LC738874.1	LC738875.1	34.375	32	21	0	150125	150030	90533	90628	8.82e-23	27.2
LC738874.1	LC738875.1	34.483	29	19	0	7298	7212	90630	90544	8.53e-50	27.2
LC738874.1	LC738875.1	39.130	23	14	0	100570	100638	115629	115697	0.0	27.2
LC738874.1	LC738875.1	57.143	21	9	0	129533	129471	135374	135312	0.0	27.2
LC738874.1	LC738875.1	53.333	15	7	0	7253	7209	163567	163523	5.08e-165	27.2
LC738874.1	LC738875.1	29.630	27	19	0	247870	247950	172066	171986	0.0	27.2
LC738874.1	LC738875.1	30.556	36	25	0	237894	237787	217356	217463	0.0	27.2
LC738874.1	LC738875.1	36.000	25	16	0	4199	4125	235227	235301	9.27e-104	27.2
LC738874.1	LC738875.1	55.000	20	9	0	187831	187890	242187	242246	2.88e-84	27.2
LC738874.1	LC738875.1	69.231	13	4	0	181533	181495	242785	242747	7.19e-168	27.2
LC738874.1	LC738875.1	30.556	36	25	0	7284	7391	257303	257410	0.93	27.2
LC738874.1	LC738875.1	52.381	21	10	0	244373	244435	257376	257314	0.0	27.2
LC738874.1	LC738875.1	36.842	19	12	0	228533	228589	257321	257377	2.88e-84	27.2
LC738874.1	LC738875.1	40.000	20	12	0	254882	254823	257335	257394	0.36	27.2
LC738874.1	LC738875.1	23.810	42	32	0	199227	199102	257560	257435	0.0	27.2
LC738874.1	LC738875.1	18.605	43	35	0	10421	10549	257449	257577	0.045	27.2
LC738874.1	LC738875.1	30.233	43	30	0	91050	91178	257458	257586	0.59	27.2
LC738874.1	LC738875.1	26.667	45	33	0	159311	159177	257461	257595	0.46	27.2
LC738874.1	LC738875.1	32.258	31	21	0	244824	244732	257589	257497	0.75	27.2
LC738874.1	LC738875.1	38.462	26	16	0	247969	248046	258025	257948	0.0	27.2
LC738874.1	LC738875.1	47.619	21	11	0	7335	7397	267717	267655	0.10	27.2
LC738874.1	LC738875.1	47.619	21	11	0	7335	7397	267707	267769	0.077	27.2
LC738874.1	LC738875.1	36.667	30	19	0	7266	7355	267805	267716	0.045	27.2
LC738874.1	LC738875.1	35.294	34	22	0	225141	225040	273213	273112	0.0	27.2
LC738874.1	LC738875.1	40.000	20	12	0	228533	228592	273208	273149	0.0	27.2
LC738874.1	LC738875.1	50.000	14	7	0	91179	91138	273202	273243	0.59	27.2
LC738874.1	LC738875.1	45.455	22	12	0	32723	32658	274772	274707	2.71e-15	27.2
LC738874.1	LC738875.1	52.941	17	8	0	31508	31458	274910	274860	0.93	27.2
LC738874.1	LC738875.1	69.231	13	4	0	197247	197209	294465	294503	0.0	27.2
LC738874.1	LC738875.1	37.931	29	18	0	35751	35665	299781	299695	9.15e-91	27.2
LC738874.1	LC738875.1	42.308	26	15	0	181746	181823	316022	315945	0.0	27.2
LC738874.1	LC738875.1	46.667	15	8	0	81201	81245	339092	339136	4.43e-118	27.2
LC738874.1	LC738875.1	37.500	24	15	0	270219	270148	340109	340038	0.0	27.2
LC738874.1	LC738875.1	41.935	31	18	0	180481	180389	346891	346799	0.0	27.2
LC738874.1	LC738875.1	45.000	20	11	0	38804	38863	350517	350458	0.0	27.2
LC738874.1	LC738875.1	30.303	33	23	0	202092	202190	356926	357024	4.43e-118	27.2
LC738874.1	LC738875.1	50.000	20	10	0	182854	182795	4689	4748	3.05e-21	26.7
LC738874.1	LC738875.1	50.000	20	10	0	185258	185199	4689	4748	4.91e-27	26.7
LC738874.1	LC738875.1	31.579	38	26	0	180310	180197	4842	4955	1.15e-31	26.7
LC738874.1	LC738875.1	28.947	38	27	0	182692	182579	4842	4955	3.05e-21	26.7
LC738874.1	LC738875.1	38.462	26	16	0	194089	194012	7241	7318	3.45e-76	26.7
LC738874.1	LC738875.1	43.333	30	17	0	37076	36987	8041	7952	8.07e-141	26.7
LC738874.1	LC738875.1	42.308	26	15	0	7289	7212	8307	8230	7.19e-168	26.7
LC738874.1	LC738875.1	50.000	20	10	0	182854	182795	9859	9918	3.34e-40	26.7
LC738874.1	LC738875.1	50.000	20	10	0	185258	185199	9859	9918	3.45e-76	26.7
LC738874.1	LC738875.1	61.538	13	5	0	10522	10484	10854	10816	0.0	26.7
LC738874.1	LC738875.1	34.615	26	17	0	91155	91232	10832	10909	2.42e-35	26.7
LC738874.1	LC738875.1	50.000	20	10	0	2716	2657	10893	10834	0.0	26.7
LC738874.1	LC738875.1	35.484	31	20	0	21344	21252	11118	11026	0.0	26.7
LC738874.1	LC738875.1	52.632	19	9	0	267815	267759	11282	11338	0.0	26.7
LC738874.1	LC738875.1	33.333	24	16	0	110243	110314	12608	12679	2.42e-35	26.7
LC738874.1	LC738875.1	35.294	34	22	0	91931	91830	25114	25215	3.45e-76	26.7
LC738874.1	LC738875.1	31.250	32	22	0	172944	173039	25178	25273	2.42e-35	26.7
LC738874.1	LC738875.1	83.333	12	2	0	232647	232682	37504	37469	1.37e-08	26.7
LC738874.1	LC738875.1	47.059	17	9	0	198568	198618	39736	39686	4.29e-140	26.7
LC738874.1	LC738875.1	29.032	31	22	0	22555	22463	44997	44905	0.0	26.7
LC738874.1	LC738875.1	36.000	25	16	0	112460	112386	67529	67455	8.07e-141	26.7
LC738874.1	LC738875.1	42.857	28	16	0	34557	34640	71416	71333	1.27e-75	26.7
LC738874.1	LC738875.1	43.750	16	9	0	34996	35043	76801	76848	0.0	26.7
LC738874.1	LC738875.1	36.111	36	23	0	2720	2613	88806	88699	8.53e-50	26.7
LC738874.1	LC738875.1	38.462	26	16	0	155604	155527	88831	88754	8.07e-141	26.7
LC738874.1	LC738875.1	31.579	38	26	0	43746	43633	88882	88769	0.0	26.7
LC738874.1	LC738875.1	56.250	16	7	0	16586	16539	88810	88857	3.45e-76	26.7
LC738874.1	LC738875.1	47.368	19	10	0	44890	44834	89400	89344	0.0	26.7
LC738874.1	LC738875.1	38.889	18	11	0	91179	91126	90576	90523	1.55e-122	26.7
LC738874.1	LC738875.1	40.909	22	13	0	25379	25314	97630	97565	7.19e-168	26.7
LC738874.1	LC738875.1	61.538	13	5	0	106315	106353	120408	120446	0.0	26.7
LC738874.1	LC738875.1	30.769	26	18	0	121159	121082	133059	132982	0.0	26.7
LC738874.1	LC738875.1	33.333	24	16	0	111119	111048	138773	138702	1.55e-122	26.7
LC738874.1	LC738875.1	35.714	28	18	0	141508	141591	151734	151651	4.29e-140	26.7
LC738874.1	LC738875.1	47.619	21	11	0	144791	144729	157556	157494	1.31e-71	26.7
LC738874.1	LC738875.1	37.037	27	17	0	79935	80015	163531	163611	4.79e-126	26.7
LC738874.1	LC738875.1	41.667	24	14	0	91215	91144	163604	163533	7.19e-168	26.7
LC738874.1	LC738875.1	50.000	20	10	0	136432	136373	165777	165718	0.0	26.7
LC738874.1	LC738875.1	35.294	17	11	0	118748	118698	167271	167321	8.82e-23	26.7
LC738874.1	LC738875.1	47.619	21	11	0	108763	108825	177039	176977	4.29e-140	26.7
LC738874.1	LC738875.1	58.824	17	7	0	110669	110619	181244	181294	8.82e-23	26.7
LC738874.1	LC738875.1	50.000	14	7	0	131914	131873	198857	198816	3.37e-90	26.7
LC738874.1	LC738875.1	34.375	32	21	0	159398	159303	210195	210290	0.001	26.7
LC738874.1	LC738875.1	39.130	23	14	0	138327	138259	211452	211384	7.19e-168	26.7
LC738874.1	LC738875.1	32.353	34	23	0	143394	143293	229440	229339	3.37e-90	26.7
LC738874.1	LC738875.1	33.333	30	20	0	264424	264513	236437	236348	0.0	26.7
LC738874.1	LC738875.1	56.250	16	7	0	172590	172637	240473	240520	0.0	26.7
LC738874.1	LC738875.1	48.000	25	13	0	192114	192188	242007	242081	3.31e-55	26.7
LC738874.1	LC738875.1	38.889	36	22	0	194510	194617	242282	242389	0.0	26.7
LC738874.1	LC738875.1	32.432	37	25	0	10532	10642	242911	243021	1.35e-25	26.7
LC738874.1	LC738875.1	52.174	23	11	0	192114	192182	245401	245469	3.41e-57	26.7
LC738874.1	LC738875.1	63.636	22	8	0	190080	190015	245491	245426	3.85e-46	26.7
LC738874.1	LC738875.1	61.111	18	7	0	234111	234164	249927	249874	1.24e-07	26.7
LC738874.1	LC738875.1	44.444	27	15	0	197216	197296	251032	250952	0.93	26.7
LC738874.1	LC738875.1	47.368	19	10	0	197247	197191	251028	250972	8.07e-141	26.7
LC738874.1	LC738875.1	41.667	24	14	0	197271	197200	251072	251001	0.0	26.7
LC738874.1	LC738875.1	47.619	21	11	0	214145	214083	253543	253481	8.07e-141	26.7
LC738874.1	LC738875.1	52.941	17	8	0	29335	29385	253518	253568	1.35e-25	26.7
LC738874.1	LC738875.1	38.462	26	16	0	220505	220582	257256	257333	2.88e-84	26.7
LC738874.1	LC738875.1	47.368	19	10	0	197247	197191	257332	257276	3.37e-90	26.7
LC738874.1	LC738875.1	38.462	26	16	0	233780	233857	257315	257392	0.0	26.7
LC738874.1	LC738875.1	36.667	30	19	0	27256	27345	257530	257619	4.43e-118	26.7
LC738874.1	LC738875.1	52.632	19	9	0	37340	37396	259412	259356	4.29e-140	26.7
LC738874.1	LC738875.1	21.875	32	25	0	257639	257734	261411	261506	3.43e-73	26.7
LC738874.1	LC738875.1	44.000	25	14	0	248165	248091	261635	261709	0.0	26.7
LC738874.1	LC738875.1	76.471	17	4	0	61981	61931	264730	264780	8.82e-23	26.7
LC738874.1	LC738875.1	100.000	10	0	0	238201	238230	267613	267584	0.0	26.7
LC738874.1	LC738875.1	42.308	26	15	0	7278	7355	267627	267704	0.077	26.7
LC738874.1	LC738875.1	25.581	43	32	0	254882	254754	267655	267783	1.2	26.7
LC738874.1	LC738875.1	44.444	18	10	0	91046	91099	267676	267729	0.001	26.7
LC738874.1	LC738875.1	36.000	25	16	0	202140	202214	267752	267678	0.059	26.7
LC738874.1	LC738875.1	47.619	21	11	0	7335	7397	267705	267767	0.13	26.7
LC738874.1	LC738875.1	37.931	29	18	0	7276	7362	267801	267715	0.22	26.7
LC738874.1	LC738875.1	78.947	19	4	0	234023	233967	270106	270162	0.0	26.7
LC738874.1	LC738875.1	52.941	17	8	0	33149	33099	274907	274857	0.0	26.7
LC738874.1	LC738875.1	33.333	30	20	0	264424	264513	279228	279317	2.88e-84	26.7
LC738874.1	LC738875.1	52.632	19	9	0	225651	225707	296126	296182	4.79e-126	26.7
LC738874.1	LC738875.1	46.667	15	8	0	121144	121100	299799	299755	0.0	26.7
LC738874.1	LC738875.1	33.333	21	14	0	113874	113812	310173	310111	0.17	26.7
LC738874.1	LC738875.1	50.000	20	10	0	279911	279852	331394	331335	8.07e-141	26.7
LC738874.1	LC738875.1	19.444	72	58	0	176869	176654	334124	333909	0.0	26.7
LC738874.1	LC738875.1	50.000	24	12	0	91218	91147	334305	334376	0.0	26.7
LC738874.1	LC738875.1	42.308	26	15	0	124753	124830	335289	335212	0.0	26.7
LC738874.1	LC738875.1	37.500	40	25	0	181438	181319	343183	343064	0.0	26.7
LC738874.1	LC738875.1	40.000	25	15	0	79899	79973	343138	343064	0.0	26.7
LC738874.1	LC738875.1	37.838	37	23	0	152780	152670	346606	346716	0.0	26.7
LC738874.1	LC738875.1	37.037	27	17	0	90640	90560	350136	350216	0.0	26.7
LC738874.1	LC738875.1	47.059	17	9	0	147562	147612	353589	353639	1.35e-25	26.7
LC738874.1	LC738875.1	38.889	36	22	0	264903	265010	354805	354912	0.0	26.7
LC738874.1	LC738875.1	52.941	17	8	0	192679	192729	2531	2481	1.27e-75	26.3
LC738874.1	LC738875.1	50.000	16	8	0	175563	175610	2975	2928	1.27e-75	26.3
LC738874.1	LC738875.1	45.455	22	12	0	89722	89657	5679	5614	4.44e-68	26.3
LC738874.1	LC738875.1	24.390	41	31	0	37001	37123	5680	5802	2.88e-84	26.3
LC738874.1	LC738875.1	46.667	15	8	0	197250	197206	5716	5760	8.82e-23	26.3
LC738874.1	LC738875.1	40.000	25	15	0	183049	182975	7058	7132	3.44e-23	26.3
LC738874.1	LC738875.1	45.000	20	11	0	182854	182795	7241	7300	3.44e-23	26.3
LC738874.1	LC738875.1	45.000	20	11	0	185258	185199	7241	7300	9.27e-104	26.3
LC738874.1	LC738875.1	37.143	35	22	0	180550	180446	9781	9885	9.27e-104	26.3
LC738874.1	LC738875.1	19.608	51	41	0	193966	193814	9973	10125	8.82e-23	26.3
LC738874.1	LC738875.1	55.000	20	9	0	244376	244435	10880	10821	4.29e-140	26.3
LC738874.1	LC738875.1	64.286	14	5	0	103177	103218	11058	11099	2.42e-35	26.3
LC738874.1	LC738875.1	56.250	16	7	0	187487	187440	25241	25194	4.44e-68	26.3
LC738874.1	LC738875.1	38.462	26	16	0	41976	41899	30451	30374	0.0	26.3
LC738874.1	LC738875.1	70.000	20	6	0	232733	232674	37415	37474	0.10	26.3
LC738874.1	LC738875.1	58.333	12	5	0	234227	234192	37467	37502	6.58e-15	26.3
LC738874.1	LC738875.1	60.000	15	6	0	213574	213618	41472	41516	2.42e-35	26.3
LC738874.1	LC738875.1	32.000	25	17	0	19070	19144	42963	43037	0.0	26.3
LC738874.1	LC738875.1	41.667	24	14	0	181348	181277	42970	43041	8.82e-23	26.3
LC738874.1	LC738875.1	31.034	29	20	0	58310	58224	43852	43938	3.34e-40	26.3
LC738874.1	LC738875.1	41.667	24	14	0	26979	26908	48768	48697	0.0	26.3
LC738874.1	LC738875.1	44.828	29	16	0	168712	168798	51503	51417	4.29e-140	26.3
LC738874.1	LC738875.1	41.935	31	18	0	30134	30042	81085	81177	0.10	26.3
LC738874.1	LC738875.1	50.000	12	6	0	131905	131870	84857	84822	8.07e-141	26.3
LC738874.1	LC738875.1	40.909	22	13	0	8653	8588	88783	88718	0.0	26.3
LC738874.1	LC738875.1	33.333	24	16	0	81871	81800	88795	88724	0.0	26.3
LC738874.1	LC738875.1	57.143	14	6	0	10522	10481	88781	88740	0.0	26.3
LC738874.1	LC738875.1	66.667	12	4	0	19900	19865	88776	88811	3.45e-76	26.3
LC738874.1	LC738875.1	39.286	28	17	0	157940	158023	89452	89369	4.29e-140	26.3
LC738874.1	LC738875.1	32.500	40	27	0	7352	7233	90511	90630	3.34e-40	26.3
LC738874.1	LC738875.1	52.632	19	9	0	197216	197272	90587	90531	0.36	26.3
LC738874.1	LC738875.1	39.286	28	17	0	10570	10487	90535	90618	3.45e-76	26.3
LC738874.1	LC738875.1	33.333	30	20	0	7301	7212	90671	90582	8.11e-62	26.3
LC738874.1	LC738875.1	22.222	54	42	0	120394	120233	95179	95018	1.31e-71	26.3
LC738874.1	LC738875.1	63.158	19	7	0	96457	96513	110961	111017	0.0	26.3
LC738874.1	LC738875.1	41.667	24	14	0	106902	106831	121034	120963	0.0	26.3
LC738874.1	LC738875.1	35.849	53	34	0	110664	110506	124961	124803	0.0	26.3
LC738874.1	LC738875.1	53.333	15	7	0	14952	14908	130385	130341	9.15e-91	26.3
LC738874.1	LC738875.1	40.541	37	22	0	146000	145890	147416	147526	8.82e-23	26.3
LC738874.1	LC738875.1	55.556	18	8	0	131232	131179	159676	159623	0.0	26.3
LC738874.1	LC738875.1	36.000	25	16	0	131973	132047	163499	163573	0.0	26.3
LC738874.1	LC738875.1	71.429	14	4	0	183937	183896	163591	163550	8.07e-141	26.3
LC738874.1	LC738875.1	33.333	33	22	0	137689	137591	166875	166777	0.0	26.3
LC738874.1	LC738875.1	17.544	57	47	0	138601	138431	167829	167659	0.0	26.3
LC738874.1	LC738875.1	39.130	23	14	0	93325	93393	178324	178256	4.29e-140	26.3
LC738874.1	LC738875.1	27.660	47	34	0	116932	117072	179507	179647	4.79e-126	26.3
LC738874.1	LC738875.1	53.333	15	7	0	150060	150016	182667	182623	0.0	26.3
LC738874.1	LC738875.1	45.833	24	13	0	150903	150832	188227	188156	0.0	26.3
LC738874.1	LC738875.1	30.435	23	16	0	150307	150239	202565	202497	1.55e-122	26.3
LC738874.1	LC738875.1	50.000	32	16	0	191347	191442	241231	241326	1.02e-06	26.3
LC738874.1	LC738875.1	37.143	35	22	0	283560	283456	241930	241826	4.44e-68	26.3
LC738874.1	LC738875.1	55.000	20	9	0	187847	187906	242203	242262	1.74e-32	26.3
LC738874.1	LC738875.1	50.000	26	13	0	180350	180427	245178	245255	8.28e-06	26.3
LC738874.1	LC738875.1	37.931	29	18	0	7284	7370	257305	257391	1.5	26.3
LC738874.1	LC738875.1	50.000	20	10	0	197216	197275	257325	257384	0.75	26.3
LC738874.1	LC738875.1	47.368	19	10	0	244619	244563	267667	267611	0.93	26.3
LC738874.1	LC738875.1	43.750	16	9	0	254882	254835	267662	267615	1.2	26.3
LC738874.1	LC738875.1	35.714	28	18	0	7279	7362	267624	267707	0.28	26.3
LC738874.1	LC738875.1	41.667	24	14	0	7284	7355	267631	267702	0.13	26.3
LC738874.1	LC738875.1	41.667	24	14	0	7284	7355	267635	267706	0.22	26.3
LC738874.1	LC738875.1	41.667	24	14	0	7284	7355	267637	267708	0.28	26.3
LC738874.1	LC738875.1	41.667	24	14	0	7284	7355	267639	267710	0.28	26.3
LC738874.1	LC738875.1	41.667	24	14	0	7284	7355	267641	267712	0.28	26.3
LC738874.1	LC738875.1	43.478	23	13	0	7329	7397	267713	267645	0.17	26.3
LC738874.1	LC738875.1	42.857	28	16	0	91053	91136	267741	267658	0.22	26.3
LC738874.1	LC738875.1	41.176	17	10	0	7211	7261	267670	267720	0.001	26.3
LC738874.1	LC738875.1	42.857	28	16	0	91053	91136	267683	267766	0.75	26.3
LC738874.1	LC738875.1	41.667	24	14	0	7284	7355	267783	267712	0.93	26.3
LC738874.1	LC738875.1	35.484	31	20	0	7264	7356	267805	267713	0.077	26.3
LC738874.1	LC738875.1	41.667	24	14	0	7284	7355	267785	267714	0.59	26.3
LC738874.1	LC738875.1	41.667	24	14	0	7284	7355	267789	267718	0.28	26.3
LC738874.1	LC738875.1	41.667	24	14	0	7284	7355	267791	267720	0.10	26.3
LC738874.1	LC738875.1	41.667	24	14	0	7284	7355	267793	267722	0.17	26.3
LC738874.1	LC738875.1	61.538	13	5	0	234735	234697	269510	269548	0.0	26.3
LC738874.1	LC738875.1	46.429	28	15	0	233716	233633	271489	271572	0.0	26.3
LC738874.1	LC738875.1	45.000	20	11	0	30134	30075	273422	273363	9.15e-91	26.3
LC738874.1	LC738875.1	31.579	38	26	0	9455	9342	274532	274419	4.26e-13	26.3
LC738874.1	LC738875.1	37.500	24	15	0	211511	211440	285029	285100	0.0	26.3
LC738874.1	LC738875.1	80.000	10	2	0	150054	150025	296439	296468	0.0	26.3
LC738874.1	LC738875.1	58.824	17	7	0	127354	127304	308057	308107	0.0	26.3
LC738874.1	LC738875.1	26.531	49	36	0	135603	135457	317577	317723	0.0	26.3
LC738874.1	LC738875.1	36.842	19	12	0	106086	106142	329856	329912	1.35e-25	26.3
LC738874.1	LC738875.1	33.333	36	24	0	68946	69053	334030	333923	0.0	26.3
LC738874.1	LC738875.1	44.444	18	10	0	244409	244462	334353	334406	4.79e-126	26.3
LC738874.1	LC738875.1	47.368	19	10	0	270120	270064	337359	337303	1.55e-122	26.3
LC738874.1	LC738875.1	43.478	23	13	0	28074	28142	339957	339889	0.0	26.3
LC738874.1	LC738875.1	60.000	15	6	0	2701	2657	343055	343099	8.82e-23	26.3
LC738874.1	LC738875.1	43.333	30	17	0	196393	196304	346900	346811	0.0	26.3
LC738874.1	LC738875.1	42.308	26	15	0	192109	192032	346966	346889	8.53e-50	26.3
LC738874.1	LC738875.1	47.059	17	9	0	224087	224037	347953	347903	5.08e-165	26.3
LC738874.1	LC738875.1	47.059	17	9	0	224213	224163	347953	347903	0.0	26.3
LC738874.1	LC738875.1	47.059	17	9	0	224339	224289	347953	347903	0.0	26.3
LC738874.1	LC738875.1	47.059	17	9	0	224465	224415	347953	347903	7.19e-168	26.3
LC738874.1	LC738875.1	45.000	20	11	0	14397	14338	358581	358640	0.0	26.3
LC738874.1	LC738875.1	35.714	28	18	0	29302	29385	567	484	1.9	25.8
LC738874.1	LC738875.1	34.286	35	23	0	194176	194072	4611	4715	9.27e-104	25.8
LC738874.1	LC738875.1	36.111	36	23	0	179728	179621	5415	5522	1.15e-31	25.8
LC738874.1	LC738875.1	28.571	28	20	0	37331	37414	8178	8261	2.88e-84	25.8
LC738874.1	LC738875.1	29.032	31	22	0	286809	286901	8301	8209	0.0	25.8
LC738874.1	LC738875.1	47.619	21	11	0	197216	197278	8230	8292	0.012	25.8
LC738874.1	LC738875.1	50.000	18	9	0	132059	132006	10893	10840	1.9	25.8
LC738874.1	LC738875.1	34.375	32	21	0	7284	7379	10852	10947	1.5	25.8
LC738874.1	LC738875.1	44.000	25	14	0	267026	266952	12014	12088	0.0	25.8
LC738874.1	LC738875.1	34.146	41	27	0	14147	14269	13125	13247	0.0	25.8
LC738874.1	LC738875.1	34.146	41	27	0	285076	284954	13125	13247	0.0	25.8
LC738874.1	LC738875.1	34.615	26	17	0	181596	181519	15176	15253	8.82e-23	25.8
LC738874.1	LC738875.1	29.310	58	41	0	263681	263508	15926	16099	0.0	25.8
LC738874.1	LC738875.1	47.368	19	10	0	255394	255450	24186	24130	0.0	25.8
LC738874.1	LC738875.1	41.176	17	10	0	30761	30711	24238	24188	0.0	25.8
LC738874.1	LC738875.1	42.105	19	11	0	124518	124462	25225	25281	3.34e-40	25.8
LC738874.1	LC738875.1	83.333	12	2	0	232519	232484	37625	37660	2.45e-08	25.8
LC738874.1	LC738875.1	45.455	22	12	0	197216	197281	39681	39616	1.5	25.8
LC738874.1	LC738875.1	33.333	24	16	0	45928	45857	56544	56615	3.34e-40	25.8
LC738874.1	LC738875.1	37.500	16	10	0	153873	153920	62816	62863	3.43e-73	25.8
LC738874.1	LC738875.1	87.500	8	1	0	110296	110273	63064	63041	8.07e-141	25.8
LC738874.1	LC738875.1	22.222	54	42	0	216115	216276	68777	68938	2.42e-35	25.8
LC738874.1	LC738875.1	34.286	35	23	0	168076	168180	85121	85017	4.29e-140	25.8
LC738874.1	LC738875.1	28.947	38	27	0	20002	19889	86932	86819	7.19e-168	25.8
LC738874.1	LC738875.1	47.059	17	9	0	23370	23320	88550	88500	7.19e-168	25.8
LC738874.1	LC738875.1	28.571	35	25	0	90941	90837	88792	88688	1.55e-122	25.8
LC738874.1	LC738875.1	26.087	46	34	0	259855	259992	88855	88718	0.0	25.8
LC738874.1	LC738875.1	26.316	38	28	0	90914	90801	90610	90497	0.0	25.8
LC738874.1	LC738875.1	37.500	24	15	0	81871	81800	90582	90511	1.31e-71	25.8
LC738874.1	LC738875.1	40.000	25	15	0	75702	75776	104638	104712	0.0	25.8
LC738874.1	LC738875.1	41.667	24	14	0	95058	94987	109601	109530	0.0	25.8
LC738874.1	LC738875.1	34.483	29	19	0	99903	99989	114785	114871	0.0	25.8
LC738874.1	LC738875.1	40.000	30	18	0	149821	149732	128977	129066	8.82e-23	25.8
LC738874.1	LC738875.1	76.923	13	3	0	267335	267297	131096	131134	0.0	25.8
LC738874.1	LC738875.1	32.000	25	17	0	127881	127955	132504	132578	0.0	25.8
LC738874.1	LC738875.1	42.308	26	15	0	23616	23539	135246	135169	3.37e-90	25.8
LC738874.1	LC738875.1	34.783	23	15	0	247879	247947	142060	141992	0.0	25.8
LC738874.1	LC738875.1	25.714	35	26	0	178580	178476	146027	145923	8.07e-141	25.8
LC738874.1	LC738875.1	39.583	48	29	0	142115	141972	151208	151351	8.82e-23	25.8
LC738874.1	LC738875.1	23.333	60	46	0	123518	123339	153878	153699	1.55e-122	25.8
LC738874.1	LC738875.1	56.250	16	7	0	244404	244451	163521	163568	2.42e-35	25.8
LC738874.1	LC738875.1	27.273	33	24	0	84611	84709	165687	165785	4.79e-126	25.8
LC738874.1	LC738875.1	37.143	35	22	0	274393	274497	174870	174766	0.0	25.8
LC738874.1	LC738875.1	47.619	21	11	0	118420	118358	178191	178253	8.82e-23	25.8
LC738874.1	LC738875.1	31.250	32	22	0	243116	243021	178544	178639	0.0	25.8
LC738874.1	LC738875.1	29.630	27	19	0	10540	10460	182682	182602	0.0	25.8
LC738874.1	LC738875.1	38.462	26	16	0	2739	2816	183925	183848	1.27e-75	25.8
LC738874.1	LC738875.1	45.833	24	13	0	172961	172890	185166	185095	0.0	25.8
LC738874.1	LC738875.1	58.333	12	5	0	121764	121729	200444	200409	7.19e-168	25.8
LC738874.1	LC738875.1	33.333	36	24	0	61977	62084	213038	212931	4.29e-140	25.8
LC738874.1	LC738875.1	32.353	34	23	0	143394	143293	222136	222035	7.19e-168	25.8
LC738874.1	LC738875.1	37.500	24	15	0	253868	253939	241461	241390	0.0	25.8
LC738874.1	LC738875.1	38.710	31	19	0	84243	84151	242835	242743	5.08e-165	25.8
LC738874.1	LC738875.1	31.746	63	43	0	179781	179593	244609	244421	8.11e-62	25.8
LC738874.1	LC738875.1	35.897	39	25	0	16044	16160	244632	244748	1.75e-45	25.8
LC738874.1	LC738875.1	83.333	12	2	0	182694	182659	245116	245081	1.00e-25	25.8
LC738874.1	LC738875.1	50.000	26	13	0	189767	189844	245178	245255	1.19e-41	25.8
LC738874.1	LC738875.1	83.333	12	2	0	232519	232484	249968	250003	0.005	25.8
LC738874.1	LC738875.1	50.000	18	9	0	91155	91208	251007	251060	1.5	25.8
LC738874.1	LC738875.1	47.368	19	10	0	197216	197272	251017	251073	0.0	25.8
LC738874.1	LC738875.1	36.842	19	12	0	249812	249756	251017	251073	0.0	25.8
LC738874.1	LC738875.1	39.130	23	14	0	19945	19877	251100	251032	0.0	25.8
LC738874.1	LC738875.1	35.714	42	27	0	271214	271339	251549	251674	2.42e-35	25.8
LC738874.1	LC738875.1	40.000	30	18	0	7273	7362	257343	257254	1.9	25.8
LC738874.1	LC738875.1	56.250	16	7	0	197216	197263	257320	257273	1.2	25.8
LC738874.1	LC738875.1	50.000	16	8	0	197216	197263	257341	257388	1.5	25.8
LC738874.1	LC738875.1	26.415	53	39	0	67113	66955	257446	257604	8.82e-23	25.8
LC738874.1	LC738875.1	47.059	17	9	0	43620	43670	261258	261308	1.2	25.8
LC738874.1	LC738875.1	100.000	9	0	0	239382	239408	266451	266425	0.0	25.8
LC738874.1	LC738875.1	45.455	22	12	0	91155	91220	267678	267613	0.22	25.8
LC738874.1	LC738875.1	23.077	26	20	0	203609	203532	267749	267672	1.55e-122	25.8
LC738874.1	LC738875.1	23.077	26	20	0	203609	203532	267753	267676	0.0	25.8
LC738874.1	LC738875.1	32.000	25	17	0	202140	202214	267750	267676	0.46	25.8
LC738874.1	LC738875.1	47.619	21	11	0	7335	7397	267709	267771	0.22	25.8
LC738874.1	LC738875.1	30.000	40	28	0	234413	234294	267919	267800	8.07e-141	25.8
LC738874.1	LC738875.1	25.926	27	20	0	43166	43086	272434	272514	8.82e-23	25.8
LC738874.1	LC738875.1	50.000	16	8	0	247918	247965	272461	272508	0.0	25.8
LC738874.1	LC738875.1	35.484	31	20	0	225141	225049	273176	273268	0.0	25.8
LC738874.1	LC738875.1	64.286	14	5	0	183937	183896	273246	273205	5.08e-165	25.8
LC738874.1	LC738875.1	38.095	21	13	0	197216	197278	273215	273277	0.36	25.8
LC738874.1	LC738875.1	48.387	31	16	0	80480	80572	274429	274521	6.79e-04	25.8
LC738874.1	LC738875.1	31.429	35	24	0	196564	196460	281268	281372	0.0	25.8
LC738874.1	LC738875.1	60.000	10	4	0	212542	212571	287030	287001	0.0	25.8
LC738874.1	LC738875.1	60.000	10	4	0	212542	212571	290612	290583	0.0	25.8
LC738874.1	LC738875.1	60.000	10	4	0	212542	212571	291567	291538	0.0	25.8
LC738874.1	LC738875.1	70.000	10	3	0	155540	155569	296468	296439	0.0	25.8
LC738874.1	LC738875.1	26.190	42	31	0	263056	263181	296441	296566	0.0	25.8
LC738874.1	LC738875.1	27.586	29	21	0	209921	210007	298997	299083	7.01e-71	25.8
LC738874.1	LC738875.1	75.000	8	2	0	113883	113860	310185	310162	0.17	25.8
LC738874.1	LC738875.1	43.333	30	17	0	166391	166302	314243	314332	0.0	25.8
LC738874.1	LC738875.1	34.783	23	15	0	152219	152287	328808	328740	0.0	25.8
LC738874.1	LC738875.1	61.538	13	5	0	280323	280285	334273	334235	8.07e-141	25.8
LC738874.1	LC738875.1	61.538	13	5	0	160819	160857	335226	335264	0.0	25.8
LC738874.1	LC738875.1	35.484	31	20	0	86287	86195	339047	339139	0.0	25.8
LC738874.1	LC738875.1	38.889	18	11	0	179662	179609	340372	340319	0.0	25.8
LC738874.1	LC738875.1	45.455	22	12	0	155568	155503	343059	343124	0.0	25.8
LC738874.1	LC738875.1	57.143	14	6	0	59285	59244	343079	343120	0.0	25.8
LC738874.1	LC738875.1	29.545	44	31	0	183205	183074	347209	347078	9.15e-91	25.8
LC738874.1	LC738875.1	30.769	26	18	0	261373	261296	353652	353575	0.0	25.8
LC738874.1	LC738875.1	34.286	35	23	0	157925	158029	357111	357215	1.35e-25	25.8
LC738874.1	LC738875.1	47.826	23	12	0	1682	1750	436	504	0.0	25.4
LC738874.1	LC738875.1	34.483	29	19	0	17966	17880	549	463	8.07e-141	25.4
LC738874.1	LC738875.1	52.941	17	8	0	1776	1726	546	496	0.0	25.4
LC738874.1	LC738875.1	25.714	35	26	0	252635	252739	1613	1509	4.29e-140	25.4
LC738874.1	LC738875.1	26.531	49	36	0	176099	176245	2791	2645	1.27e-75	25.4
LC738874.1	LC738875.1	33.333	36	24	0	167473	167580	4126	4019	1.27e-75	25.4
LC738874.1	LC738875.1	41.667	24	14	0	273169	273240	5754	5683	0.0	25.4
LC738874.1	LC738875.1	37.931	29	18	0	187703	187617	7064	7150	2.3	25.4
LC738874.1	LC738875.1	26.190	42	31	0	189736	189611	7382	7507	3.34e-40	25.4
LC738874.1	LC738875.1	50.000	14	7	0	281983	281942	8190	8231	0.0	25.4
LC738874.1	LC738875.1	39.130	23	14	0	286834	286902	8264	8196	0.0	25.4
LC738874.1	LC738875.1	53.333	15	7	0	7253	7209	8241	8197	1.31e-71	25.4
LC738874.1	LC738875.1	58.333	12	5	0	91179	91144	8234	8199	4.44e-68	25.4
LC738874.1	LC738875.1	40.909	22	13	0	43710	43645	8265	8200	8.07e-141	25.4
LC738874.1	LC738875.1	45.000	20	11	0	197145	197204	8279	8220	0.75	25.4
LC738874.1	LC738875.1	47.059	17	9	0	7211	7261	8233	8283	4.79e-126	25.4
LC738874.1	LC738875.1	36.000	25	16	0	252150	252224	8802	8728	4.29e-140	25.4
LC738874.1	LC738875.1	36.000	25	16	0	64530	64604	8821	8895	2.42e-35	25.4
LC738874.1	LC738875.1	28.947	38	27	0	180310	180197	10012	10125	9.27e-104	25.4
LC738874.1	LC738875.1	32.143	28	19	0	150006	150089	10789	10872	1.5	25.4
LC738874.1	LC738875.1	52.381	21	10	0	2719	2657	10886	10824	9.15e-91	25.4
LC738874.1	LC738875.1	37.037	27	17	0	153927	154007	14871	14951	2.42e-35	25.4
LC738874.1	LC738875.1	42.857	21	12	0	123992	123930	34777	34839	3.34e-40	25.4
LC738874.1	LC738875.1	47.619	21	11	0	234262	234324	37440	37378	4.29e-140	25.4
LC738874.1	LC738875.1	41.176	17	10	0	234168	234218	37526	37476	3.89e-16	25.4
LC738874.1	LC738875.1	33.333	27	18	0	59203	59283	39606	39686	2.88e-84	25.4
LC738874.1	LC738875.1	57.143	14	6	0	7211	7252	39714	39673	0.59	25.4
LC738874.1	LC738875.1	50.000	14	7	0	91179	91138	39675	39716	0.011	25.4
LC738874.1	LC738875.1	44.444	18	10	0	91179	91126	42988	42935	8.07e-141	25.4
LC738874.1	LC738875.1	47.368	19	10	0	43860	43916	43073	43129	0.13	25.4
LC738874.1	LC738875.1	57.143	14	6	0	280101	280060	48840	48799	4.44e-68	25.4
LC738874.1	LC738875.1	37.500	32	20	0	24971	24876	58524	58429	1.31e-71	25.4
LC738874.1	LC738875.1	42.857	14	8	0	59956	59915	59603	59562	1.55e-122	25.4
LC738874.1	LC738875.1	42.105	19	11	0	278441	278385	74331	74387	0.0	25.4
LC738874.1	LC738875.1	43.478	23	13	0	10265	10197	75833	75765	0.0	25.4
LC738874.1	LC738875.1	52.941	17	8	0	42438	42388	86852	86802	0.0	25.4
LC738874.1	LC738875.1	44.444	18	10	0	59287	59234	88777	88724	1.31e-71	25.4
LC738874.1	LC738875.1	64.286	14	5	0	197216	197257	88765	88806	1.9	25.4
LC738874.1	LC738875.1	60.000	15	6	0	197216	197260	90582	90626	0.93	25.4
LC738874.1	LC738875.1	64.286	14	5	0	197216	197257	90588	90629	0.077	25.4
LC738874.1	LC738875.1	39.394	33	20	0	127068	126970	100791	100693	1.31e-71	25.4
LC738874.1	LC738875.1	26.316	38	28	0	224484	224597	113097	113210	2.42e-35	25.4
LC738874.1	LC738875.1	50.000	18	9	0	103804	103857	117816	117869	0.0	25.4
LC738874.1	LC738875.1	46.667	15	8	0	38805	38761	126504	126460	7.19e-168	25.4
LC738874.1	LC738875.1	30.952	42	29	0	253104	253229	140972	140847	0.0	25.4
LC738874.1	LC738875.1	66.667	9	3	0	131658	131684	157220	157194	4.29e-140	25.4
LC738874.1	LC738875.1	34.483	29	19	0	247288	247374	159727	159641	0.0	25.4
LC738874.1	LC738875.1	30.000	20	14	0	58348	58289	159835	159776	3.37e-90	25.4
LC738874.1	LC738875.1	50.000	16	8	0	7253	7206	163536	163583	3.34e-40	25.4
LC738874.1	LC738875.1	41.667	24	14	0	245988	246059	167241	167312	2.42e-35	25.4
LC738874.1	LC738875.1	38.889	18	11	0	261382	261329	167256	167309	0.0	25.4
LC738874.1	LC738875.1	33.333	24	16	0	260779	260850	175126	175197	2.42e-35	25.4
LC738874.1	LC738875.1	32.000	25	17	0	243944	243870	177488	177562	0.0	25.4
LC738874.1	LC738875.1	100.000	6	0	0	113874	113857	178494	178477	7.19e-168	25.4
LC738874.1	LC738875.1	61.111	18	7	0	13779	13832	180966	181019	7.01e-71	25.4
LC738874.1	LC738875.1	34.783	23	15	0	131876	131944	182628	182696	4.79e-126	25.4
LC738874.1	LC738875.1	34.375	32	21	0	132126	132221	182701	182796	4.79e-126	25.4
LC738874.1	LC738875.1	50.000	14	7	0	89332	89373	182933	182892	4.29e-140	25.4
LC738874.1	LC738875.1	35.714	28	18	0	96756	96673	184269	184186	3.37e-90	25.4
LC738874.1	LC738875.1	41.667	12	7	0	155562	155527	198849	198814	0.0	25.4
LC738874.1	LC738875.1	55.000	20	9	0	535	594	239065	239006	1.27e-75	25.4
LC738874.1	LC738875.1	33.333	30	20	0	187679	187590	239314	239225	8.07e-141	25.4
LC738874.1	LC738875.1	45.000	20	11	0	91797	91738	239560	239619	8.82e-23	25.4
LC738874.1	LC738875.1	47.059	17	9	0	193214	193264	240909	240959	3.91e-31	25.4
LC738874.1	LC738875.1	54.167	24	11	0	185157	185228	241796	241867	5.31e-36	25.4
LC738874.1	LC738875.1	46.667	30	16	0	182173	182262	244619	244708	2.47e-24	25.4
LC738874.1	LC738875.1	41.379	29	17	0	16126	16040	244714	244628	8.53e-50	25.4
LC738874.1	LC738875.1	50.000	22	11	0	192881	192816	251001	250936	3.37e-90	25.4
LC738874.1	LC738875.1	36.000	25	16	0	240436	240510	251005	251079	3.43e-73	25.4
LC738874.1	LC738875.1	21.739	46	36	0	272897	273034	254219	254356	2.42e-35	25.4
LC738874.1	LC738875.1	70.000	10	3	0	276120	276149	254420	254449	2.42e-35	25.4
LC738874.1	LC738875.1	47.368	19	10	0	18381	18437	255766	255822	0.0	25.4
LC738874.1	LC738875.1	64.286	14	5	0	197216	197257	257349	257390	1.9	25.4
LC738874.1	LC738875.1	17.778	45	37	0	29892	30026	257425	257559	1.35e-25	25.4
LC738874.1	LC738875.1	25.000	40	30	0	199227	199108	257563	257444	3.37e-90	25.4
LC738874.1	LC738875.1	26.667	45	33	0	19055	19189	260309	260175	4.29e-140	25.4
LC738874.1	LC738875.1	50.000	20	10	0	29381	29322	260255	260196	9.15e-91	25.4
LC738874.1	LC738875.1	42.857	21	12	0	281008	281070	264612	264674	3.43e-73	25.4
LC738874.1	LC738875.1	27.273	22	16	0	74745	74680	267588	267653	0.93	25.4
LC738874.1	LC738875.1	42.105	19	11	0	22528	22472	267675	267619	0.0	25.4
LC738874.1	LC738875.1	38.462	26	16	0	7285	7362	267632	267709	0.46	25.4
LC738874.1	LC738875.1	50.000	18	9	0	7344	7397	267696	267643	0.28	25.4
LC738874.1	LC738875.1	50.000	18	9	0	7344	7397	267700	267647	0.22	25.4
LC738874.1	LC738875.1	50.000	18	9	0	7344	7397	267702	267649	0.10	25.4
LC738874.1	LC738875.1	50.000	18	9	0	7344	7397	267704	267651	0.026	25.4
LC738874.1	LC738875.1	36.842	38	24	0	4577	4690	267809	267696	1.9	25.4
LC738874.1	LC738875.1	44.444	18	10	0	91046	91099	267752	267699	0.75	25.4
LC738874.1	LC738875.1	50.000	18	9	0	7344	7397	267720	267773	0.059	25.4
LC738874.1	LC738875.1	50.000	18	9	0	7344	7397	267722	267775	0.28	25.4
LC738874.1	LC738875.1	50.000	18	9	0	7344	7397	267724	267777	0.28	25.4
LC738874.1	LC738875.1	50.000	18	9	0	7344	7397	267726	267779	0.28	25.4
LC738874.1	LC738875.1	50.000	18	9	0	7344	7397	267728	267781	0.28	25.4
LC738874.1	LC738875.1	50.000	18	9	0	7344	7397	267730	267783	0.46	25.4
LC738874.1	LC738875.1	40.000	25	15	0	197130	197204	267810	267736	0.75	25.4
LC738874.1	LC738875.1	43.478	23	13	0	286834	286902	267749	267817	2.42e-35	25.4
LC738874.1	LC738875.1	40.000	25	15	0	7284	7358	267752	267826	1.5	25.4
LC738874.1	LC738875.1	40.000	20	12	0	21352	21293	269830	269771	8.53e-50	25.4
LC738874.1	LC738875.1	69.231	13	4	0	233679	233717	271526	271488	0.0	25.4
LC738874.1	LC738875.1	64.706	17	6	0	231531	231481	271579	271629	0.0	25.4
LC738874.1	LC738875.1	47.059	17	9	0	210199	210149	271939	271889	0.0	25.4
LC738874.1	LC738875.1	57.143	14	6	0	218220	218261	272453	272412	0.0	25.4
LC738874.1	LC738875.1	54.545	22	10	0	225098	225033	273172	273107	1.55e-122	25.4
LC738874.1	LC738875.1	37.037	27	17	0	197124	197204	273134	273214	0.36	25.4
LC738874.1	LC738875.1	34.483	29	19	0	221690	221604	273147	273233	0.0	25.4
LC738874.1	LC738875.1	50.000	18	9	0	223904	223851	273555	273608	0.0	25.4
LC738874.1	LC738875.1	45.455	22	12	0	211547	211482	275037	275102	0.0	25.4
LC738874.1	LC738875.1	26.923	52	38	0	45154	44999	283910	283755	0.0	25.4
LC738874.1	LC738875.1	39.130	23	14	0	207910	207978	291837	291769	0.0	25.4
LC738874.1	LC738875.1	25.455	55	41	0	170652	170488	291824	291988	0.0	25.4
LC738874.1	LC738875.1	37.500	32	20	0	155595	155500	294429	294524	0.0	25.4
LC738874.1	LC738875.1	38.710	31	19	0	58772	58864	296152	296244	0.0	25.4
LC738874.1	LC738875.1	57.143	14	6	0	43649	43690	296435	296476	4.43e-118	25.4
LC738874.1	LC738875.1	52.632	19	9	0	34709	34653	306597	306653	8.82e-23	25.4
LC738874.1	LC738875.1	63.636	11	4	0	213127	213159	314329	314361	7.01e-71	25.4
LC738874.1	LC738875.1	47.619	21	11	0	108699	108637	317286	317224	9.15e-91	25.4
LC738874.1	LC738875.1	33.333	45	30	0	120367	120233	317903	317769	9.15e-91	25.4
LC738874.1	LC738875.1	47.368	19	10	0	234965	235021	320736	320792	4.79e-126	25.4
LC738874.1	LC738875.1	46.667	15	8	0	277385	277341	323640	323596	8.07e-141	25.4
LC738874.1	LC738875.1	72.727	11	3	0	285232	285264	324977	325009	3.43e-73	25.4
LC738874.1	LC738875.1	32.258	31	21	0	97735	97643	331094	331186	0.0	25.4
LC738874.1	LC738875.1	60.000	15	6	0	14103	14059	333140	333184	8.82e-23	25.4
LC738874.1	LC738875.1	60.000	15	6	0	285120	285164	333140	333184	2.88e-84	25.4
LC738874.1	LC738875.1	50.000	20	10	0	170688	170747	334219	334160	0.0	25.4
LC738874.1	LC738875.1	36.842	19	12	0	51871	51927	344717	344661	0.0	25.4
LC738874.1	LC738875.1	44.444	27	15	0	187532	187452	346891	346811	5.08e-165	25.4
LC738874.1	LC738875.1	45.455	22	12	0	57045	56980	348008	348073	0.0	25.4
LC738874.1	LC738875.1	30.769	26	18	0	223487	223410	350209	350132	0.0	25.4
LC738874.1	LC738875.1	28.571	35	25	0	36571	36467	355356	355460	0.0	25.4
LC738874.1	LC738875.1	47.368	19	10	0	1727	1783	356590	356534	0.0	25.4
LC738874.1	LC738875.1	50.000	16	8	0	275753	275706	356730	356683	0.0	25.4
LC738874.1	LC738875.1	33.333	42	28	0	197156	197281	359399	359524	1.35e-25	25.4
LC738874.1	LC738875.1	34.375	32	21	0	199561	199656	2482	2387	1.27e-75	24.9
LC738874.1	LC738875.1	36.000	25	16	0	183049	182975	4506	4580	3.05e-21	24.9
LC738874.1	LC738875.1	28.947	38	27	0	189724	189611	4842	4955	2.16e-18	24.9
LC738874.1	LC738875.1	53.333	15	7	0	100774	100818	5278	5234	1.27e-75	24.9
LC738874.1	LC738875.1	34.286	35	23	0	194176	194072	7163	7267	3.45e-76	24.9
LC738874.1	LC738875.1	47.059	17	9	0	91155	91205	8253	8203	1.27e-75	24.9
LC738874.1	LC738875.1	56.250	16	7	0	197216	197263	8226	8273	2.9	24.9
LC738874.1	LC738875.1	35.714	28	18	0	197121	197204	8315	8232	0.93	24.9
LC738874.1	LC738875.1	66.667	12	4	0	197216	197251	8238	8273	2.3	24.9
LC738874.1	LC738875.1	31.250	32	22	0	194287	194192	9673	9768	8.82e-23	24.9
LC738874.1	LC738875.1	34.286	35	23	0	182941	182837	9781	9885	3.34e-40	24.9
LC738874.1	LC738875.1	34.286	35	23	0	185345	185241	9781	9885	3.45e-76	24.9
LC738874.1	LC738875.1	63.636	11	4	0	19900	19868	10840	10808	1.31e-71	24.9
LC738874.1	LC738875.1	52.941	17	8	0	197154	197204	10811	10861	0.93	24.9
LC738874.1	LC738875.1	100.000	9	0	0	183922	183896	10821	10847	8.82e-23	24.9
LC738874.1	LC738875.1	29.167	48	34	0	255764	255621	17363	17506	0.0	24.9
LC738874.1	LC738875.1	45.000	20	11	0	139435	139376	21393	21452	3.34e-40	24.9
LC738874.1	LC738875.1	31.111	45	31	0	4594	4728	25071	25205	0.0	24.9
LC738874.1	LC738875.1	28.571	49	35	0	240097	239951	34286	34140	4.44e-68	24.9
LC738874.1	LC738875.1	40.741	27	16	0	64176	64256	34163	34243	3.43e-73	24.9
LC738874.1	LC738875.1	30.303	33	23	0	269609	269511	34585	34487	4.44e-68	24.9
LC738874.1	LC738875.1	47.368	19	10	0	173469	173413	39289	39345	9.27e-104	24.9
LC738874.1	LC738875.1	40.000	15	9	0	91179	91135	39662	39618	1.9	24.9
LC738874.1	LC738875.1	56.250	16	7	0	197216	197263	39669	39622	2.3	24.9
LC738874.1	LC738875.1	66.667	12	4	0	197216	197251	39657	39622	1.5	24.9
LC738874.1	LC738875.1	43.478	23	13	0	7284	7352	39693	39625	0.59	24.9
LC738874.1	LC738875.1	31.034	29	20	0	7938	8024	39724	39810	0.0	24.9
LC738874.1	LC738875.1	27.778	36	26	0	202098	202205	39736	39843	2.9	24.9
LC738874.1	LC738875.1	44.444	18	10	0	7369	7316	39869	39816	0.0	24.9
LC738874.1	LC738875.1	33.333	27	18	0	7292	7212	43036	42956	0.0	24.9
LC738874.1	LC738875.1	32.258	31	21	0	171585	171677	46870	46778	4.29e-140	24.9
LC738874.1	LC738875.1	36.842	19	12	0	65542	65486	66998	66942	1.55e-122	24.9
LC738874.1	LC738875.1	31.429	35	24	0	121180	121076	71697	71593	8.07e-141	24.9
LC738874.1	LC738875.1	75.000	8	2	0	156236	156213	73888	73911	9.27e-104	24.9
LC738874.1	LC738875.1	33.333	33	22	0	9425	9327	79904	80002	2.51e-06	24.9
LC738874.1	LC738875.1	42.857	21	12	0	84159	84097	82295	82233	1.55e-122	24.9
LC738874.1	LC738875.1	23.913	46	35	0	37253	37390	88661	88798	4.79e-126	24.9
LC738874.1	LC738875.1	40.000	20	12	0	254888	254829	90530	90589	0.0	24.9
LC738874.1	LC738875.1	37.500	24	15	0	197133	197204	90637	90566	0.36	24.9
LC738874.1	LC738875.1	61.538	13	5	0	114021	113983	104771	104733	0.93	24.9
LC738874.1	LC738875.1	50.000	18	9	0	80372	80319	106654	106601	0.0	24.9
LC738874.1	LC738875.1	42.105	19	11	0	223811	223867	108404	108460	2.42e-35	24.9
LC738874.1	LC738875.1	41.667	24	14	0	131758	131687	110136	110065	1.31e-71	24.9
LC738874.1	LC738875.1	29.630	27	19	0	96412	96332	117969	117889	0.0	24.9
LC738874.1	LC738875.1	30.000	30	21	0	136264	136353	135643	135732	2.88e-84	24.9
LC738874.1	LC738875.1	36.667	30	19	0	144386	144297	144877	144788	1.31e-71	24.9
LC738874.1	LC738875.1	31.250	32	22	0	41292	41197	145561	145466	3.37e-90	24.9
LC738874.1	LC738875.1	25.581	43	32	0	3323	3451	149819	149691	1.27e-75	24.9
LC738874.1	LC738875.1	42.857	14	8	0	114949	114908	152650	152609	1.55e-122	24.9
LC738874.1	LC738875.1	27.451	51	37	0	121240	121088	153389	153237	1.55e-122	24.9
LC738874.1	LC738875.1	32.353	34	23	0	5822	5721	156442	156341	5.08e-165	24.9
LC738874.1	LC738875.1	52.381	21	10	0	121851	121913	159715	159653	4.29e-140	24.9
LC738874.1	LC738875.1	53.333	15	7	0	59602	59558	160272	160228	3.37e-90	24.9
LC738874.1	LC738875.1	50.000	14	7	0	150066	150025	163575	163534	1.31e-71	24.9
LC738874.1	LC738875.1	40.000	20	12	0	13793	13734	167786	167727	5.08e-165	24.9
LC738874.1	LC738875.1	50.000	16	8	0	67546	67499	174464	174417	3.37e-90	24.9
LC738874.1	LC738875.1	63.636	11	4	0	150594	150626	178390	178422	0.0	24.9
LC738874.1	LC738875.1	28.889	45	32	0	121658	121524	182708	182574	7.19e-168	24.9
LC738874.1	LC738875.1	27.778	36	26	0	79610	79503	182693	182586	3.37e-90	24.9
LC738874.1	LC738875.1	66.667	12	4	0	150060	150025	182663	182628	1.55e-122	24.9
LC738874.1	LC738875.1	42.308	26	15	0	153706	153783	188037	188114	0.0	24.9
LC738874.1	LC738875.1	33.333	21	14	0	246853	246915	189779	189717	0.0	24.9
LC738874.1	LC738875.1	40.741	27	16	0	80475	80555	195935	195855	4.29e-140	24.9
LC738874.1	LC738875.1	50.000	18	9	0	104796	104743	196945	196892	3.37e-90	24.9
LC738874.1	LC738875.1	44.444	18	10	0	13790	13737	208427	208374	0.0	24.9
LC738874.1	LC738875.1	75.000	8	2	0	131905	131882	209581	209558	7.19e-168	24.9
LC738874.1	LC738875.1	16.667	24	20	0	159251	159180	210292	210363	0.001	24.9
LC738874.1	LC738875.1	36.000	25	16	0	4199	4125	211804	211878	3.45e-76	24.9
LC738874.1	LC738875.1	30.303	33	23	0	270789	270887	240687	240785	2.42e-35	24.9
LC738874.1	LC738875.1	63.158	19	7	0	184606	184662	241227	241283	5.31e-36	24.9
LC738874.1	LC738875.1	60.000	20	8	0	17347	17406	242577	242636	7.01e-71	24.9
LC738874.1	LC738875.1	55.556	18	8	0	29381	29328	243657	243604	8.11e-62	24.9
LC738874.1	LC738875.1	30.000	20	14	0	52003	52062	244079	244020	4.29e-140	24.9
LC738874.1	LC738875.1	57.143	21	9	0	192201	192139	245488	245426	7.08e-46	24.9
LC738874.1	LC738875.1	58.824	17	7	0	185656	185706	245674	245724	7.01e-71	24.9
LC738874.1	LC738875.1	56.250	16	7	0	17247	17200	245862	245815	9.15e-91	24.9
LC738874.1	LC738875.1	37.500	32	20	0	197216	197311	251014	250919	2.3	24.9
LC738874.1	LC738875.1	28.571	35	25	0	27010	27114	250952	251056	4.43e-118	24.9
LC738874.1	LC738875.1	66.667	12	4	0	197216	197251	251008	250973	2.3	24.9
LC738874.1	LC738875.1	50.000	20	10	0	197216	197275	251001	251060	2.3	24.9
LC738874.1	LC738875.1	56.250	16	7	0	197216	197263	251013	251060	1.9	24.9
LC738874.1	LC738875.1	66.667	12	4	0	197216	197251	251025	251060	2.88e-84	24.9
LC738874.1	LC738875.1	33.333	33	22	0	242486	242584	253836	253934	3.43e-73	24.9
LC738874.1	LC738875.1	70.000	10	3	0	212542	212571	254402	254431	0.0	24.9
LC738874.1	LC738875.1	35.294	34	22	0	67498	67397	257256	257357	8.82e-23	24.9
LC738874.1	LC738875.1	50.000	20	10	0	197216	197275	257336	257277	2.3	24.9
LC738874.1	LC738875.1	56.250	16	7	0	197216	197263	257324	257277	1.9	24.9
LC738874.1	LC738875.1	41.667	24	14	0	7273	7344	257314	257385	2.9	24.9
LC738874.1	LC738875.1	38.889	18	11	0	23053	23000	259602	259549	0.0	24.9
LC738874.1	LC738875.1	34.375	32	21	0	22099	22004	259719	259624	0.0	24.9
LC738874.1	LC738875.1	25.000	40	30	0	31840	31959	260993	261112	1.35e-25	24.9
LC738874.1	LC738875.1	50.000	20	10	0	244376	244435	266541	266482	0.0	24.9
LC738874.1	LC738875.1	37.931	29	18	0	27028	27114	267582	267668	0.0	24.9
LC738874.1	LC738875.1	43.478	23	13	0	240550	240618	267650	267582	2.9	24.9
LC738874.1	LC738875.1	47.059	17	9	0	90892	90942	267623	267673	0.001	24.9
LC738874.1	LC738875.1	43.478	23	13	0	7284	7352	267643	267711	0.10	24.9
LC738874.1	LC738875.1	45.455	22	12	0	7273	7338	267652	267717	7.13e-05	24.9
LC738874.1	LC738875.1	32.000	25	17	0	202140	202214	267744	267670	1.9	24.9
LC738874.1	LC738875.1	32.000	25	17	0	202140	202214	267746	267672	0.75	24.9
LC738874.1	LC738875.1	44.444	18	10	0	91046	91099	267674	267727	1.5	24.9
LC738874.1	LC738875.1	44.444	18	10	0	91046	91099	267748	267695	1.5	24.9
LC738874.1	LC738875.1	44.444	18	10	0	91046	91099	267750	267697	1.2	24.9
LC738874.1	LC738875.1	33.333	27	18	0	202092	202172	267785	267705	2.9	24.9
LC738874.1	LC738875.1	46.154	13	7	0	91179	91141	267748	267710	1.9	24.9
LC738874.1	LC738875.1	43.478	23	13	0	7284	7352	267781	267713	0.10	24.9
LC738874.1	LC738875.1	33.333	21	14	0	202067	202129	267812	267750	0.46	24.9
LC738874.1	LC738875.1	43.750	16	9	0	7205	7252	267802	267755	0.004	24.9
LC738874.1	LC738875.1	52.941	17	8	0	202080	202130	267811	267761	0.75	24.9
LC738874.1	LC738875.1	31.429	35	24	0	22129	22025	273259	273155	8.53e-50	24.9
LC738874.1	LC738875.1	43.333	30	17	0	225141	225052	273162	273251	0.0	24.9
LC738874.1	LC738875.1	38.462	26	16	0	197127	197204	273252	273175	0.93	24.9
LC738874.1	LC738875.1	37.037	27	17	0	30188	30108	273479	273399	9.15e-91	24.9
LC738874.1	LC738875.1	70.000	10	3	0	42997	42968	285020	285049	8.82e-23	24.9
LC738874.1	LC738875.1	45.000	20	11	0	256083	256142	292025	292084	0.0	24.9
LC738874.1	LC738875.1	50.000	16	8	0	810	857	294882	294835	4.29e-140	24.9
LC738874.1	LC738875.1	60.000	10	4	0	195340	195369	296365	296336	0.0	24.9
LC738874.1	LC738875.1	33.333	30	20	0	228485	228574	296379	296468	4.79e-126	24.9
LC738874.1	LC738875.1	85.714	7	1	0	131655	131675	299772	299752	0.0	24.9
LC738874.1	LC738875.1	61.538	13	5	0	257131	257093	300562	300524	0.0	24.9
LC738874.1	LC738875.1	80.000	10	2	0	284057	284086	301697	301726	3.43e-73	24.9
LC738874.1	LC738875.1	52.632	19	9	0	127413	127469	304468	304412	0.0	24.9
LC738874.1	LC738875.1	32.353	34	23	0	117329	117228	308483	308584	0.0	24.9
LC738874.1	LC738875.1	27.586	29	21	0	110396	110482	310173	310087	0.0	24.9
LC738874.1	LC738875.1	45.833	24	13	0	279551	279622	312072	312143	2.88e-84	24.9
LC738874.1	LC738875.1	50.000	18	9	0	257122	257069	313142	313089	1.55e-122	24.9
LC738874.1	LC738875.1	85.714	7	1	0	131655	131675	314979	314999	0.0	24.9
LC738874.1	LC738875.1	30.303	33	23	0	159272	159174	315064	315162	0.0	24.9
LC738874.1	LC738875.1	50.000	18	9	0	257122	257069	315689	315636	8.07e-141	24.9
LC738874.1	LC738875.1	42.857	21	12	0	243482	243420	316975	316913	3.37e-90	24.9
LC738874.1	LC738875.1	53.333	15	7	0	79628	79672	317676	317720	1.35e-25	24.9
LC738874.1	LC738875.1	36.000	25	16	0	134977	134903	319480	319554	0.0	24.9
LC738874.1	LC738875.1	53.333	15	7	0	106205	106161	330468	330424	0.0	24.9
LC738874.1	LC738875.1	40.909	22	13	0	255421	255356	332440	332375	3.37e-90	24.9
LC738874.1	LC738875.1	38.095	21	13	0	43625	43687	334382	334320	0.0	24.9
LC738874.1	LC738875.1	30.000	20	14	0	125860	125919	334343	334402	1.35e-25	24.9
LC738874.1	LC738875.1	50.000	22	11	0	281985	281920	334491	334426	8.07e-141	24.9
LC738874.1	LC738875.1	29.032	31	22	0	187264	187172	337868	337776	8.11e-62	24.9
LC738874.1	LC738875.1	36.000	25	16	0	47092	47018	338476	338550	0.0	24.9
LC738874.1	LC738875.1	36.111	36	23	0	270371	270478	340282	340389	0.0	24.9
LC738874.1	LC738875.1	38.095	21	13	0	285418	285480	342438	342500	4.79e-126	24.9
LC738874.1	LC738875.1	45.161	31	17	0	182872	182780	346891	346799	9.15e-91	24.9
LC738874.1	LC738875.1	52.174	23	11	0	133931	133863	348650	348718	0.0	24.9
LC738874.1	LC738875.1	37.500	24	15	0	141670	141741	352997	353068	1.35e-25	24.9
LC738874.1	LC738875.1	34.783	23	15	0	6251	6319	353676	353608	0.0	24.9
LC738874.1	LC738875.1	50.000	18	9	0	1779	1726	356538	356591	0.0	24.9
LC738874.1	LC738875.1	39.130	23	14	0	221731	221799	357499	357567	4.43e-118	24.9
LC738874.1	LC738875.1	40.909	22	13	0	198735	198670	359138	359073	9.15e-91	24.9
LC738874.1	LC738875.1	64.286	14	5	0	13742	13783	359555	359514	0.0	24.9
LC738874.1	LC738875.1	63.636	11	4	0	277598	277566	188	220	0.0	24.4
LC738874.1	LC738875.1	61.538	13	5	0	1727	1765	515	553	0.0	24.4
LC738874.1	LC738875.1	34.615	26	17	0	262236	262313	1515	1438	4.29e-140	24.4
LC738874.1	LC738875.1	47.368	19	10	0	225288	225232	2314	2370	9.27e-104	24.4
LC738874.1	LC738875.1	72.727	11	3	0	54283	54251	2400	2368	4.44e-68	24.4
LC738874.1	LC738875.1	36.667	30	19	0	286834	286923	2767	2678	0.0	24.4
LC738874.1	LC738875.1	36.000	25	16	0	59396	59322	3777	3703	4.44e-68	24.4
LC738874.1	LC738875.1	34.286	35	23	0	180550	180446	4611	4715	1.15e-31	24.4
LC738874.1	LC738875.1	32.353	34	23	0	187331	187230	4863	4964	1.33e-11	24.4
LC738874.1	LC738875.1	27.778	36	26	0	189151	189044	5415	5522	2.16e-18	24.4
LC738874.1	LC738875.1	34.286	35	23	0	180550	180446	7163	7267	1.55e-31	24.4
LC738874.1	LC738875.1	32.353	34	23	0	187331	187230	7415	7516	6.16e-11	24.4
LC738874.1	LC738875.1	37.500	24	15	0	197216	197287	8245	8174	0.75	24.4
LC738874.1	LC738875.1	72.727	11	3	0	197216	197248	8247	8215	2.9	24.4
LC738874.1	LC738875.1	72.727	11	3	0	197216	197248	8249	8217	0.93	24.4
LC738874.1	LC738875.1	72.727	11	3	0	197216	197248	8251	8219	2.3	24.4
LC738874.1	LC738875.1	45.000	20	11	0	10546	10487	8286	8227	1.31e-71	24.4
LC738874.1	LC738875.1	40.909	22	13	0	7273	7338	8229	8294	3.6	24.4
LC738874.1	LC738875.1	72.727	11	3	0	197216	197248	8236	8268	3.6	24.4
LC738874.1	LC738875.1	32.353	34	23	0	187331	187230	10033	10134	1.14e-10	24.4
LC738874.1	LC738875.1	72.727	11	3	0	197216	197248	10842	10874	3.6	24.4
LC738874.1	LC738875.1	72.727	11	3	0	197216	197248	10848	10880	0.93	24.4
LC738874.1	LC738875.1	58.333	12	5	0	197216	197251	10850	10885	2.9	24.4
LC738874.1	LC738875.1	33.333	27	18	0	2899	2979	10859	10939	0.0	24.4
LC738874.1	LC738875.1	52.941	17	8	0	64565	64515	11269	11219	8.07e-141	24.4
LC738874.1	LC738875.1	37.500	16	10	0	160792	160839	15721	15768	2.42e-35	24.4
LC738874.1	LC738875.1	43.478	23	13	0	39121	39053	36527	36595	3.45e-76	24.4
LC738874.1	LC738875.1	61.538	13	5	0	28719	28681	38274	38236	1.55e-122	24.4
LC738874.1	LC738875.1	47.059	17	9	0	281994	281944	39601	39651	0.0	24.4
LC738874.1	LC738875.1	72.727	11	3	0	197216	197248	39659	39627	2.9	24.4
LC738874.1	LC738875.1	72.727	11	3	0	197216	197248	39661	39629	2.9	24.4
LC738874.1	LC738875.1	72.727	11	3	0	197216	197248	39663	39631	2.9	24.4
LC738874.1	LC738875.1	72.727	11	3	0	197216	197248	39665	39633	2.9	24.4
LC738874.1	LC738875.1	72.727	11	3	0	197216	197248	39667	39635	2.9	24.4
LC738874.1	LC738875.1	72.727	11	3	0	197216	197248	39671	39639	2.9	24.4
LC738874.1	LC738875.1	72.727	11	3	0	197216	197248	39673	39641	2.9	24.4
LC738874.1	LC738875.1	72.727	11	3	0	197216	197248	39675	39643	2.9	24.4
LC738874.1	LC738875.1	72.727	11	3	0	197216	197248	39677	39645	2.9	24.4
LC738874.1	LC738875.1	72.727	11	3	0	197216	197248	39646	39678	2.9	24.4
LC738874.1	LC738875.1	72.727	11	3	0	197216	197248	39679	39647	2.9	24.4
LC738874.1	LC738875.1	72.727	11	3	0	197216	197248	39650	39682	2.9	24.4
LC738874.1	LC738875.1	72.727	11	3	0	197216	197248	39652	39684	2.9	24.4
LC738874.1	LC738875.1	72.727	11	3	0	197216	197248	39685	39653	2.9	24.4
LC738874.1	LC738875.1	72.727	11	3	0	197216	197248	39654	39686	2.9	24.4
LC738874.1	LC738875.1	72.727	11	3	0	197216	197248	39656	39688	2.9	24.4
LC738874.1	LC738875.1	72.727	11	3	0	197216	197248	39658	39690	2.9	24.4
LC738874.1	LC738875.1	72.727	11	3	0	197216	197248	39660	39692	2.9	24.4
LC738874.1	LC738875.1	72.727	11	3	0	197216	197248	39662	39694	2.9	24.4
LC738874.1	LC738875.1	72.727	11	3	0	197216	197248	39664	39696	2.9	24.4
LC738874.1	LC738875.1	72.727	11	3	0	197216	197248	39666	39698	2.9	24.4
LC738874.1	LC738875.1	72.727	11	3	0	197216	197248	39668	39700	2.9	24.4
LC738874.1	LC738875.1	29.032	31	22	0	4678	4770	39672	39764	1.35e-25	24.4
LC738874.1	LC738875.1	72.727	11	3	0	197216	197248	39672	39704	2.9	24.4
LC738874.1	LC738875.1	72.727	11	3	0	197216	197248	39674	39706	2.9	24.4
LC738874.1	LC738875.1	72.727	11	3	0	197216	197248	39676	39708	2.9	24.4
LC738874.1	LC738875.1	72.727	11	3	0	197216	197248	39678	39710	2.9	24.4
LC738874.1	LC738875.1	77.778	9	2	0	197216	197242	39686	39712	1.5	24.4
LC738874.1	LC738875.1	37.500	16	10	0	243	196	42008	41961	5.08e-165	24.4
LC738874.1	LC738875.1	40.000	20	12	0	79945	80004	42951	43010	3.43e-73	24.4
LC738874.1	LC738875.1	50.000	18	9	0	91210	91157	43033	42980	8.07e-141	24.4
LC738874.1	LC738875.1	61.538	13	5	0	74163	74201	42993	43031	2.88e-84	24.4
LC738874.1	LC738875.1	40.000	20	12	0	83420	83479	43292	43351	3.43e-73	24.4
LC738874.1	LC738875.1	42.857	28	16	0	278310	278227	46926	46843	4.44e-68	24.4
LC738874.1	LC738875.1	71.429	7	2	0	92365	92345	50155	50135	8.07e-141	24.4
LC738874.1	LC738875.1	64.286	14	5	0	76574	76533	56458	56417	0.0	24.4
LC738874.1	LC738875.1	43.750	16	9	0	286738	286785	75193	75146	0.0	24.4
LC738874.1	LC738875.1	50.000	14	7	0	31046	31005	77211	77252	9.27e-104	24.4
LC738874.1	LC738875.1	70.000	10	3	0	84808	84837	79829	79858	2.88e-84	24.4
LC738874.1	LC738875.1	41.176	34	20	0	80327	80428	80175	80074	4.15e-07	24.4
LC738874.1	LC738875.1	25.000	32	24	0	258606	258511	80325	80420	0.0	24.4
LC738874.1	LC738875.1	28.205	39	28	0	273517	273401	81979	82095	0.0	24.4
LC738874.1	LC738875.1	46.154	13	7	0	14835	14797	85339	85301	9.15e-91	24.4
LC738874.1	LC738875.1	41.176	17	10	0	79437	79387	85972	85922	0.0	24.4
LC738874.1	LC738875.1	50.000	18	9	0	79576	79523	87927	87874	0.0	24.4
LC738874.1	LC738875.1	39.130	23	14	0	44926	44858	88103	88035	1.31e-71	24.4
LC738874.1	LC738875.1	50.000	16	8	0	91155	91202	88784	88737	3.6	24.4
LC738874.1	LC738875.1	72.727	11	3	0	197216	197248	88776	88744	2.9	24.4
LC738874.1	LC738875.1	77.778	9	2	0	197216	197242	88779	88805	2.9	24.4
LC738874.1	LC738875.1	37.500	24	15	0	281597	281668	89414	89343	0.0	24.4
LC738874.1	LC738875.1	72.727	11	3	0	197216	197248	90571	90539	2.9	24.4
LC738874.1	LC738875.1	72.727	11	3	0	197216	197248	90573	90541	2.9	24.4
LC738874.1	LC738875.1	72.727	11	3	0	197216	197248	90575	90543	2.9	24.4
LC738874.1	LC738875.1	72.727	11	3	0	197216	197248	90577	90545	2.9	24.4
LC738874.1	LC738875.1	72.727	11	3	0	197216	197248	90579	90547	2.9	24.4
LC738874.1	LC738875.1	72.727	11	3	0	197216	197248	90581	90549	2.9	24.4
LC738874.1	LC738875.1	72.727	11	3	0	197216	197248	90583	90551	2.9	24.4
LC738874.1	LC738875.1	72.727	11	3	0	197216	197248	90585	90553	2.9	24.4
LC738874.1	LC738875.1	72.727	11	3	0	197216	197248	90589	90557	2.9	24.4
LC738874.1	LC738875.1	72.727	11	3	0	197216	197248	90591	90559	2.9	24.4
LC738874.1	LC738875.1	72.727	11	3	0	197216	197248	90593	90561	1.5	24.4
LC738874.1	LC738875.1	72.727	11	3	0	197216	197248	90595	90563	2.9	24.4
LC738874.1	LC738875.1	72.727	11	3	0	197216	197248	90597	90565	2.9	24.4
LC738874.1	LC738875.1	72.727	11	3	0	197216	197248	90599	90567	2.9	24.4
LC738874.1	LC738875.1	72.727	11	3	0	197216	197248	90568	90600	2.9	24.4
LC738874.1	LC738875.1	72.727	11	3	0	197216	197248	90570	90602	2.9	24.4
LC738874.1	LC738875.1	72.727	11	3	0	197216	197248	90572	90604	2.9	24.4
LC738874.1	LC738875.1	72.727	11	3	0	197216	197248	90574	90606	2.9	24.4
LC738874.1	LC738875.1	72.727	11	3	0	197216	197248	90576	90608	2.9	24.4
LC738874.1	LC738875.1	72.727	11	3	0	197216	197248	90578	90610	2.9	24.4
LC738874.1	LC738875.1	72.727	11	3	0	197216	197248	90580	90612	2.9	24.4
LC738874.1	LC738875.1	72.727	11	3	0	197216	197248	90584	90616	2.9	24.4
LC738874.1	LC738875.1	72.727	11	3	0	197216	197248	90586	90618	2.9	24.4
LC738874.1	LC738875.1	72.727	11	3	0	197216	197248	90590	90622	2.9	24.4
LC738874.1	LC738875.1	72.727	11	3	0	197216	197248	90592	90624	2.9	24.4
LC738874.1	LC738875.1	66.667	12	4	0	155534	155569	90629	90594	4.29e-140	24.4
LC738874.1	LC738875.1	77.778	9	2	0	197216	197242	90602	90628	2.9	24.4
LC738874.1	LC738875.1	41.176	17	10	0	10229	10179	91976	92026	3.45e-76	24.4
LC738874.1	LC738875.1	40.000	20	12	0	73312	73371	97058	97117	0.0	24.4
LC738874.1	LC738875.1	61.538	13	5	0	253862	253824	98928	98966	0.0	24.4
LC738874.1	LC738875.1	52.941	17	8	0	89944	89994	99087	99137	2.88e-84	24.4
LC738874.1	LC738875.1	50.000	18	9	0	31149	31096	100062	100009	7.19e-168	24.4
LC738874.1	LC738875.1	38.889	18	11	0	152262	152315	100244	100191	4.29e-140	24.4
LC738874.1	LC738875.1	38.095	21	13	0	113874	113812	104735	104673	0.93	24.4
LC738874.1	LC738875.1	54.545	11	5	0	127794	127762	106975	106943	1.31e-71	24.4
LC738874.1	LC738875.1	50.000	18	9	0	94416	94469	111559	111612	2.88e-84	24.4
LC738874.1	LC738875.1	61.538	13	5	0	45759	45797	112033	112071	4.79e-126	24.4
LC738874.1	LC738875.1	50.000	12	6	0	175483	175518	112568	112603	3.43e-73	24.4
LC738874.1	LC738875.1	31.034	29	20	0	256987	257073	121715	121629	0.0	24.4
LC738874.1	LC738875.1	35.714	28	18	0	25496	25413	135931	135848	3.37e-90	24.4
LC738874.1	LC738875.1	42.857	21	12	0	56880	56818	136309	136247	7.19e-168	24.4
LC738874.1	LC738875.1	43.478	23	13	0	255651	255719	136524	136456	0.0	24.4
LC738874.1	LC738875.1	47.059	17	9	0	5888	5838	138332	138382	3.45e-76	24.4
LC738874.1	LC738875.1	53.333	15	7	0	138659	138615	140806	140762	1.31e-71	24.4
LC738874.1	LC738875.1	52.941	17	8	0	27393	27343	141049	140999	3.37e-90	24.4
LC738874.1	LC738875.1	52.941	17	8	0	4169	4219	145098	145048	1.27e-75	24.4
LC738874.1	LC738875.1	62.500	16	6	0	58724	58677	145440	145393	7.19e-168	24.4
LC738874.1	LC738875.1	41.667	24	14	0	147952	147881	145461	145532	8.82e-23	24.4
LC738874.1	LC738875.1	37.500	24	15	0	10412	10483	145531	145602	7.01e-71	24.4
LC738874.1	LC738875.1	33.333	36	24	0	174579	174472	154766	154873	3.6	24.4
LC738874.1	LC738875.1	60.000	15	6	0	15808	15852	159508	159552	0.0	24.4
LC738874.1	LC738875.1	33.333	18	12	0	276815	276868	159831	159778	0.0	24.4
LC738874.1	LC738875.1	64.286	14	5	0	246024	246065	160934	160893	0.0	24.4
LC738874.1	LC738875.1	31.034	29	20	0	181348	181262	163557	163471	8.07e-141	24.4
LC738874.1	LC738875.1	35.294	17	11	0	10469	10519	163517	163567	7.01e-71	24.4
LC738874.1	LC738875.1	31.250	32	22	0	152614	152519	170607	170512	1.31e-71	24.4
LC738874.1	LC738875.1	52.941	17	8	0	165086	165136	172000	172050	2.88e-84	24.4
LC738874.1	LC738875.1	61.538	13	5	0	252935	252973	172072	172110	2.42e-35	24.4
LC738874.1	LC738875.1	31.915	47	32	0	145019	144879	177180	177040	0.0	24.4
LC738874.1	LC738875.1	24.324	37	28	0	264607	264717	181853	181963	2.42e-35	24.4
LC738874.1	LC738875.1	35.294	17	11	0	2783	2733	182634	182684	3.34e-40	24.4
LC738874.1	LC738875.1	69.231	13	4	0	261120	261082	188541	188579	0.0	24.4
LC738874.1	LC738875.1	43.333	30	17	0	10250	10161	201284	201195	8.11e-62	24.4
LC738874.1	LC738875.1	45.000	20	11	0	160090	160031	202542	202483	0.0	24.4
LC738874.1	LC738875.1	50.000	18	9	0	271220	271273	202558	202505	0.0	24.4
LC738874.1	LC738875.1	37.037	27	17	0	157946	158026	208345	208425	4.79e-126	24.4
LC738874.1	LC738875.1	38.095	21	13	0	162712	162650	218201	218139	0.0	24.4
LC738874.1	LC738875.1	56.250	16	7	0	42972	43019	218680	218727	3.6	24.4
LC738874.1	LC738875.1	42.857	21	12	0	148467	148405	222171	222109	7.19e-168	24.4
LC738874.1	LC738875.1	52.000	25	12	0	192201	192127	242094	242020	2.94e-33	24.4
LC738874.1	LC738875.1	52.941	17	8	0	29335	29385	243615	243665	7.01e-71	24.4
LC738874.1	LC738875.1	52.174	46	22	0	196206	196069	245116	244979	7.31e-25	24.4
LC738874.1	LC738875.1	44.118	34	19	0	184976	185077	244988	245089	7.98e-35	24.4
LC738874.1	LC738875.1	75.000	12	3	0	191862	191827	245116	245081	3.32e-27	24.4
LC738874.1	LC738875.1	47.368	19	10	0	197148	197204	250966	251022	0.0	24.4
LC738874.1	LC738875.1	30.000	30	21	0	44147	44236	251058	250969	4.29e-140	24.4
LC738874.1	LC738875.1	72.727	11	3	0	197216	197248	251010	250978	2.9	24.4
LC738874.1	LC738875.1	72.727	11	3	0	197216	197248	251012	250980	2.9	24.4
LC738874.1	LC738875.1	72.727	11	3	0	197216	197248	251016	250984	2.9	24.4
LC738874.1	LC738875.1	72.727	11	3	0	197216	197248	251018	250986	2.9	24.4
LC738874.1	LC738875.1	72.727	11	3	0	197216	197248	251024	250992	2.9	24.4
LC738874.1	LC738875.1	72.727	11	3	0	197216	197248	251026	250994	2.9	24.4
LC738874.1	LC738875.1	72.727	11	3	0	197216	197248	251028	250996	2.9	24.4
LC738874.1	LC738875.1	72.727	11	3	0	197216	197248	251003	251035	2.9	24.4
LC738874.1	LC738875.1	72.727	11	3	0	197216	197248	251005	251037	2.9	24.4
LC738874.1	LC738875.1	72.727	11	3	0	197216	197248	251007	251039	2.9	24.4
LC738874.1	LC738875.1	72.727	11	3	0	197216	197248	251040	251008	3.6	24.4
LC738874.1	LC738875.1	72.727	11	3	0	197216	197248	251009	251041	2.9	24.4
LC738874.1	LC738875.1	72.727	11	3	0	197216	197248	251011	251043	2.9	24.4
LC738874.1	LC738875.1	72.727	11	3	0	197216	197248	251015	251047	2.9	24.4
LC738874.1	LC738875.1	72.727	11	3	0	197216	197248	251019	251051	2.9	24.4
LC738874.1	LC738875.1	72.727	11	3	0	197216	197248	251021	251053	2.9	24.4
LC738874.1	LC738875.1	72.727	11	3	0	197216	197248	251023	251055	2.9	24.4
LC738874.1	LC738875.1	30.000	30	21	0	21403	21314	251142	251053	0.0	24.4
LC738874.1	LC738875.1	29.231	65	46	0	18942	19136	251598	251792	1.35e-25	24.4
LC738874.1	LC738875.1	36.364	33	21	0	22102	22004	252698	252600	0.0	24.4
LC738874.1	LC738875.1	35.294	17	11	0	43620	43670	254301	254351	3.6	24.4
LC738874.1	LC738875.1	72.727	11	3	0	197216	197248	257314	257282	2.9	24.4
LC738874.1	LC738875.1	72.727	11	3	0	197216	197248	257316	257284	2.9	24.4
LC738874.1	LC738875.1	72.727	11	3	0	197216	197248	257318	257286	2.9	24.4
LC738874.1	LC738875.1	72.727	11	3	0	197216	197248	257322	257290	2.9	24.4
LC738874.1	LC738875.1	72.727	11	3	0	197216	197248	257326	257294	2.9	24.4
LC738874.1	LC738875.1	72.727	11	3	0	197216	197248	257330	257298	2.9	24.4
LC738874.1	LC738875.1	72.727	11	3	0	197216	197248	257332	257300	2.9	24.4
LC738874.1	LC738875.1	72.727	11	3	0	197216	197248	257334	257302	2.9	24.4
LC738874.1	LC738875.1	72.727	11	3	0	197216	197248	257305	257337	2.9	24.4
LC738874.1	LC738875.1	28.571	35	25	0	218940	218836	257410	257306	8.07e-141	24.4
LC738874.1	LC738875.1	72.727	11	3	0	197216	197248	257338	257306	2.9	24.4
LC738874.1	LC738875.1	72.727	11	3	0	197216	197248	257307	257339	2.9	24.4
LC738874.1	LC738875.1	72.727	11	3	0	197216	197248	257340	257308	2.9	24.4
LC738874.1	LC738875.1	72.727	11	3	0	197216	197248	257309	257341	2.9	24.4
LC738874.1	LC738875.1	72.727	11	3	0	197216	197248	257311	257343	2.9	24.4
LC738874.1	LC738875.1	72.727	11	3	0	197216	197248	257344	257312	2.9	24.4
LC738874.1	LC738875.1	72.727	11	3	0	197216	197248	257313	257345	2.9	24.4
LC738874.1	LC738875.1	72.727	11	3	0	197216	197248	257317	257349	2.9	24.4
LC738874.1	LC738875.1	72.727	11	3	0	197216	197248	257319	257351	2.9	24.4
LC738874.1	LC738875.1	72.727	11	3	0	197216	197248	257321	257353	2.9	24.4
LC738874.1	LC738875.1	72.727	11	3	0	197216	197248	257323	257355	2.9	24.4
LC738874.1	LC738875.1	72.727	11	3	0	197216	197248	257327	257359	2.9	24.4
LC738874.1	LC738875.1	34.375	32	21	0	10494	10589	257329	257424	0.035	24.4
LC738874.1	LC738875.1	72.727	11	3	0	197216	197248	257329	257361	2.9	24.4
LC738874.1	LC738875.1	72.727	11	3	0	197216	197248	257331	257363	2.9	24.4
LC738874.1	LC738875.1	72.727	11	3	0	197216	197248	257333	257365	2.9	24.4
LC738874.1	LC738875.1	72.727	11	3	0	197216	197248	257335	257367	2.9	24.4
LC738874.1	LC738875.1	72.727	11	3	0	197216	197248	257337	257369	2.9	24.4
LC738874.1	LC738875.1	24.138	29	22	0	175432	175518	257440	257526	1.5	24.4
LC738874.1	LC738875.1	21.277	47	37	0	12934	13074	257446	257586	1.9	24.4
LC738874.1	LC738875.1	66.667	12	4	0	272912	272947	261652	261687	3.43e-73	24.4
LC738874.1	LC738875.1	42.105	19	11	0	281375	281431	264626	264682	2.42e-35	24.4
LC738874.1	LC738875.1	30.000	30	21	0	245488	245577	265728	265639	0.0	24.4
LC738874.1	LC738875.1	40.909	22	13	0	19942	19877	266549	266484	8.53e-50	24.4
LC738874.1	LC738875.1	36.842	19	12	0	202207	202151	267654	267598	0.0	24.4
LC738874.1	LC738875.1	42.105	19	11	0	59287	59231	267667	267611	0.077	24.4
LC738874.1	LC738875.1	20.930	43	34	0	59393	59265	267613	267741	8.82e-23	24.4
LC738874.1	LC738875.1	40.909	22	13	0	91155	91220	267680	267615	0.75	24.4
LC738874.1	LC738875.1	45.455	22	12	0	221683	221618	267689	267624	8.07e-141	24.4
LC738874.1	LC738875.1	72.727	11	3	0	197216	197248	267660	267628	2.9	24.4
LC738874.1	LC738875.1	72.727	11	3	0	197216	197248	267662	267630	2.9	24.4
LC738874.1	LC738875.1	72.727	11	3	0	197216	197248	267664	267632	2.9	24.4
LC738874.1	LC738875.1	72.727	11	3	0	197216	197248	267666	267634	2.9	24.4
LC738874.1	LC738875.1	72.727	11	3	0	197216	197248	267668	267636	2.9	24.4
LC738874.1	LC738875.1	72.727	11	3	0	197216	197248	267670	267638	2.9	24.4
LC738874.1	LC738875.1	72.727	11	3	0	197216	197248	267672	267640	2.9	24.4
LC738874.1	LC738875.1	72.727	11	3	0	197216	197248	267674	267642	2.9	24.4
LC738874.1	LC738875.1	72.727	11	3	0	197216	197248	267676	267644	2.9	24.4
LC738874.1	LC738875.1	72.727	11	3	0	197216	197248	267678	267646	2.9	24.4
LC738874.1	LC738875.1	72.727	11	3	0	197216	197248	267680	267648	2.9	24.4
LC738874.1	LC738875.1	72.727	11	3	0	197216	197248	267682	267650	2.9	24.4
LC738874.1	LC738875.1	72.727	11	3	0	197216	197248	267684	267652	2.9	24.4
LC738874.1	LC738875.1	72.727	11	3	0	197216	197248	267653	267685	2.9	24.4
LC738874.1	LC738875.1	72.727	11	3	0	197216	197248	267686	267654	2.9	24.4
LC738874.1	LC738875.1	72.727	11	3	0	197216	197248	267655	267687	2.9	24.4
LC738874.1	LC738875.1	72.727	11	3	0	197216	197248	267688	267656	2.9	24.4
LC738874.1	LC738875.1	72.727	11	3	0	197216	197248	267657	267689	2.9	24.4
LC738874.1	LC738875.1	72.727	11	3	0	197216	197248	267690	267658	2.9	24.4
LC738874.1	LC738875.1	72.727	11	3	0	197216	197248	267659	267691	2.9	24.4
LC738874.1	LC738875.1	42.105	19	11	0	59290	59234	267716	267660	2.3	24.4
LC738874.1	LC738875.1	72.727	11	3	0	197216	197248	267692	267660	2.9	24.4
LC738874.1	LC738875.1	72.727	11	3	0	197216	197248	267661	267693	2.9	24.4
LC738874.1	LC738875.1	72.727	11	3	0	197216	197248	267694	267662	2.9	24.4
LC738874.1	LC738875.1	72.727	11	3	0	197216	197248	267663	267695	2.9	24.4
LC738874.1	LC738875.1	72.727	11	3	0	197216	197248	267665	267697	2.9	24.4
LC738874.1	LC738875.1	72.727	11	3	0	197216	197248	267667	267699	2.9	24.4
LC738874.1	LC738875.1	72.727	11	3	0	197216	197248	267669	267701	2.9	24.4
LC738874.1	LC738875.1	72.727	11	3	0	197216	197248	267671	267703	2.9	24.4
LC738874.1	LC738875.1	72.727	11	3	0	197216	197248	267673	267705	2.9	24.4
LC738874.1	LC738875.1	72.727	11	3	0	197216	197248	267675	267707	2.9	24.4
LC738874.1	LC738875.1	72.727	11	3	0	197216	197248	267677	267709	2.9	24.4
LC738874.1	LC738875.1	72.727	11	3	0	197216	197248	267679	267711	2.9	24.4
LC738874.1	LC738875.1	72.727	11	3	0	197216	197248	267745	267713	2.9	24.4
LC738874.1	LC738875.1	72.727	11	3	0	197216	197248	267714	267746	2.9	24.4
LC738874.1	LC738875.1	72.727	11	3	0	197216	197248	267747	267715	2.9	24.4
LC738874.1	LC738875.1	72.727	11	3	0	197216	197248	267749	267717	2.9	24.4
LC738874.1	LC738875.1	72.727	11	3	0	197216	197248	267751	267719	2.9	24.4
LC738874.1	LC738875.1	72.727	11	3	0	197216	197248	267720	267752	2.9	24.4
LC738874.1	LC738875.1	72.727	11	3	0	197216	197248	267753	267721	0.75	24.4
LC738874.1	LC738875.1	72.727	11	3	0	197216	197248	267755	267723	2.9	24.4
LC738874.1	LC738875.1	72.727	11	3	0	197216	197248	267757	267725	2.9	24.4
LC738874.1	LC738875.1	72.727	11	3	0	197216	197248	267726	267758	2.9	24.4
LC738874.1	LC738875.1	72.727	11	3	0	197216	197248	267759	267727	2.9	24.4
LC738874.1	LC738875.1	72.727	11	3	0	197216	197248	267761	267729	2.9	24.4
LC738874.1	LC738875.1	72.727	11	3	0	197216	197248	267763	267731	2.9	24.4
LC738874.1	LC738875.1	72.727	11	3	0	197216	197248	267732	267764	2.9	24.4
LC738874.1	LC738875.1	72.727	11	3	0	197216	197248	267765	267733	2.9	24.4
LC738874.1	LC738875.1	72.727	11	3	0	197216	197248	267734	267766	2.9	24.4
LC738874.1	LC738875.1	72.727	11	3	0	197216	197248	267767	267735	2.3	24.4
LC738874.1	LC738875.1	72.727	11	3	0	197216	197248	267736	267768	2.9	24.4
LC738874.1	LC738875.1	72.727	11	3	0	197216	197248	267769	267737	2.9	24.4
LC738874.1	LC738875.1	72.727	11	3	0	197216	197248	267738	267770	2.9	24.4
LC738874.1	LC738875.1	40.909	22	13	0	7273	7338	267739	267804	3.6	24.4
LC738874.1	LC738875.1	72.727	11	3	0	197216	197248	267740	267772	2.9	24.4
LC738874.1	LC738875.1	72.727	11	3	0	197216	197248	267773	267741	2.9	24.4
LC738874.1	LC738875.1	72.727	11	3	0	197216	197248	267742	267774	2.9	24.4
LC738874.1	LC738875.1	72.727	11	3	0	197216	197248	267775	267743	2.9	24.4
LC738874.1	LC738875.1	72.727	11	3	0	197216	197248	267744	267776	2.9	24.4
LC738874.1	LC738875.1	72.727	11	3	0	197216	197248	267777	267745	1.2	24.4
LC738874.1	LC738875.1	72.727	11	3	0	197216	197248	267746	267778	2.9	24.4
LC738874.1	LC738875.1	72.727	11	3	0	197216	197248	267748	267780	2.9	24.4
LC738874.1	LC738875.1	72.727	11	3	0	197216	197248	267750	267782	2.9	24.4
LC738874.1	LC738875.1	72.727	11	3	0	197216	197248	267752	267784	2.9	24.4
LC738874.1	LC738875.1	72.727	11	3	0	197216	197248	267754	267786	2.9	24.4
LC738874.1	LC738875.1	72.727	11	3	0	197216	197248	267756	267788	2.9	24.4
LC738874.1	LC738875.1	72.727	11	3	0	197216	197248	267758	267790	2.9	24.4
LC738874.1	LC738875.1	36.000	25	16	0	197130	197204	267834	267760	1.2	24.4
LC738874.1	LC738875.1	72.727	11	3	0	197216	197248	267760	267792	2.9	24.4
LC738874.1	LC738875.1	72.727	11	3	0	197216	197248	267762	267794	2.9	24.4
LC738874.1	LC738875.1	72.727	11	3	0	197216	197248	267764	267796	2.9	24.4
LC738874.1	LC738875.1	72.727	11	3	0	197216	197248	267766	267798	2.9	24.4
LC738874.1	LC738875.1	40.000	40	24	0	231607	231726	271526	271407	0.0	24.4
LC738874.1	LC738875.1	50.000	18	9	0	233598	233545	271474	271527	0.0	24.4
LC738874.1	LC738875.1	40.000	20	12	0	197145	197204	273131	273190	1.2	24.4
LC738874.1	LC738875.1	72.727	11	3	0	197216	197248	273186	273154	2.9	24.4
LC738874.1	LC738875.1	72.727	11	3	0	197216	197248	273188	273156	2.9	24.4
LC738874.1	LC738875.1	72.727	11	3	0	197216	197248	273190	273158	2.9	24.4
LC738874.1	LC738875.1	72.727	11	3	0	197216	197248	273192	273160	0.93	24.4
LC738874.1	LC738875.1	72.727	11	3	0	197216	197248	273194	273162	2.9	24.4
LC738874.1	LC738875.1	72.727	11	3	0	197216	197248	273196	273164	2.9	24.4
LC738874.1	LC738875.1	72.727	11	3	0	197216	197248	273198	273166	0.22	24.4
LC738874.1	LC738875.1	72.727	11	3	0	197216	197248	273200	273168	2.9	24.4
LC738874.1	LC738875.1	72.727	11	3	0	197216	197248	273202	273170	2.9	24.4
LC738874.1	LC738875.1	72.727	11	3	0	197216	197248	273204	273172	1.9	24.4
LC738874.1	LC738875.1	72.727	11	3	0	197216	197248	273173	273205	1.2	24.4
LC738874.1	LC738875.1	72.727	11	3	0	197216	197248	273208	273176	2.9	24.4
LC738874.1	LC738875.1	72.727	11	3	0	197216	197248	273210	273178	2.9	24.4
LC738874.1	LC738875.1	72.727	11	3	0	197216	197248	273212	273180	1.9	24.4
LC738874.1	LC738875.1	72.727	11	3	0	197216	197248	273181	273213	2.9	24.4
LC738874.1	LC738875.1	72.727	11	3	0	197216	197248	273214	273182	2.9	24.4
LC738874.1	LC738875.1	72.727	11	3	0	197216	197248	273183	273215	2.9	24.4
LC738874.1	LC738875.1	72.727	11	3	0	197216	197248	273185	273217	2.9	24.4
LC738874.1	LC738875.1	72.727	11	3	0	197216	197248	273187	273219	2.9	24.4
LC738874.1	LC738875.1	72.727	11	3	0	197216	197248	273189	273221	2.9	24.4
LC738874.1	LC738875.1	72.727	11	3	0	197216	197248	273191	273223	2.9	24.4
LC738874.1	LC738875.1	72.727	11	3	0	197216	197248	273193	273225	2.9	24.4
LC738874.1	LC738875.1	72.727	11	3	0	197216	197248	273195	273227	2.9	24.4
LC738874.1	LC738875.1	72.727	11	3	0	197216	197248	273197	273229	2.9	24.4
LC738874.1	LC738875.1	72.727	11	3	0	197216	197248	273199	273231	2.9	24.4
LC738874.1	LC738875.1	72.727	11	3	0	197216	197248	273201	273233	2.9	24.4
LC738874.1	LC738875.1	72.727	11	3	0	197216	197248	273203	273235	2.3	24.4
LC738874.1	LC738875.1	72.727	11	3	0	197216	197248	273205	273237	2.9	24.4
LC738874.1	LC738875.1	39.286	28	17	0	73099	73182	273551	273634	2.3	24.4
LC738874.1	LC738875.1	41.176	34	20	0	80704	80603	274653	274552	0.17	24.4
LC738874.1	LC738875.1	50.000	16	8	0	276120	276167	283295	283342	2.88e-84	24.4
LC738874.1	LC738875.1	37.500	24	15	0	211511	211440	286463	286534	0.0	24.4
LC738874.1	LC738875.1	28.571	35	25	0	41236	41340	295984	296088	4.43e-118	24.4
LC738874.1	LC738875.1	54.545	11	5	0	120383	120415	301691	301723	0.0	24.4
LC738874.1	LC738875.1	31.579	38	26	0	202901	202788	308255	308368	0.0	24.4
LC738874.1	LC738875.1	75.000	8	2	0	185949	185926	310155	310132	5.08e-165	24.4
LC738874.1	LC738875.1	58.333	12	5	0	248123	248088	310182	310147	8.07e-141	24.4
LC738874.1	LC738875.1	81.818	11	2	0	250286	250254	311686	311654	8.07e-141	24.4
LC738874.1	LC738875.1	24.242	33	25	0	68504	68406	314110	314012	9.15e-91	24.4
LC738874.1	LC738875.1	66.667	9	3	0	161456	161430	314994	315020	0.0	24.4
LC738874.1	LC738875.1	50.000	16	8	0	218181	218228	315150	315197	7.01e-71	24.4
LC738874.1	LC738875.1	24.242	33	25	0	68504	68406	316656	316558	0.0	24.4
LC738874.1	LC738875.1	63.636	11	4	0	204893	204925	320800	320768	0.0	24.4
LC738874.1	LC738875.1	50.000	16	8	0	86427	86380	322780	322827	0.0	24.4
LC738874.1	LC738875.1	37.931	29	18	0	134637	134723	324877	324963	0.0	24.4
LC738874.1	LC738875.1	47.059	17	9	0	234064	234114	325460	325510	7.01e-71	24.4
LC738874.1	LC738875.1	31.373	51	35	0	180361	180209	326222	326070	8.53e-50	24.4
LC738874.1	LC738875.1	69.231	13	4	0	78135	78097	326954	326992	0.0	24.4
LC738874.1	LC738875.1	60.000	10	4	0	78872	78843	328024	327995	0.0	24.4
LC738874.1	LC738875.1	31.818	22	15	0	133289	133224	330619	330554	9.15e-91	24.4
LC738874.1	LC738875.1	44.444	18	10	0	263287	263234	331867	331814	0.0	24.4
LC738874.1	LC738875.1	42.857	21	12	0	197247	197185	334000	334062	0.0	24.4
LC738874.1	LC738875.1	57.143	14	6	0	245961	246002	337036	337077	4.79e-126	24.4
LC738874.1	LC738875.1	27.586	29	21	0	86650	86736	339098	339012	0.0	24.4
LC738874.1	LC738875.1	38.095	21	13	0	262604	262666	339593	339655	4.79e-126	24.4
LC738874.1	LC738875.1	39.130	23	14	0	85452	85520	339610	339678	4.43e-118	24.4
LC738874.1	LC738875.1	45.000	20	11	0	192892	192833	343097	343038	8.11e-62	24.4
LC738874.1	LC738875.1	45.455	11	6	0	148922	148954	343043	343075	4.43e-118	24.4
LC738874.1	LC738875.1	36.364	22	14	0	197139	197204	343135	343070	3.6	24.4
LC738874.1	LC738875.1	88.889	9	1	0	183922	183896	343102	343076	8.53e-50	24.4
LC738874.1	LC738875.1	30.952	42	29	0	193402	193277	346138	346013	8.11e-62	24.4
LC738874.1	LC738875.1	48.148	27	14	0	185276	185196	346891	346811	0.0	24.4
LC738874.1	LC738875.1	44.444	27	15	0	192031	191951	346891	346811	8.53e-50	24.4
LC738874.1	LC738875.1	22.222	27	21	0	194722	194642	347437	347357	0.0	24.4
LC738874.1	LC738875.1	42.105	19	11	0	141328	141384	348240	348296	1.35e-25	24.4
LC738874.1	LC738875.1	26.829	41	30	0	247162	247284	352659	352781	0.0	24.4
LC738874.1	LC738875.1	44.000	25	14	0	283686	283760	354643	354717	0.0	24.4
LC738874.1	LC738875.1	37.037	27	17	0	245134	245214	356969	357049	7.01e-71	24.4
LC738874.1	LC738875.1	33.333	21	14	0	258403	258341	359346	359284	0.0	24.4
LC738874.1	LC738875.1	32.000	25	17	0	271400	271326	475	549	8.82e-23	24.0
LC738874.1	LC738875.1	40.000	15	9	0	273027	272983	2023	2067	3.34e-40	24.0
LC738874.1	LC738875.1	38.095	21	13	0	4646	4708	5689	5751	0.0	24.0
LC738874.1	LC738875.1	34.783	23	15	0	15629	15697	5692	5760	2.42e-35	24.0
LC738874.1	LC738875.1	28.571	35	25	0	2698	2594	8243	8139	7.19e-168	24.0
LC738874.1	LC738875.1	41.176	17	10	0	4984	5034	8188	8238	4.79e-126	24.0
LC738874.1	LC738875.1	57.143	14	6	0	2698	2657	8253	8212	0.0	24.0
LC738874.1	LC738875.1	57.143	14	6	0	2698	2657	8269	8228	1.55e-122	24.0
LC738874.1	LC738875.1	55.556	18	8	0	7374	7321	8703	8650	0.0	24.0
LC738874.1	LC738875.1	38.095	21	13	0	79911	79973	10791	10853	2.42e-35	24.0
LC738874.1	LC738875.1	53.846	13	6	0	10522	10484	10858	10820	7.19e-168	24.0
LC738874.1	LC738875.1	40.909	22	13	0	197139	197204	10889	10824	3.6	24.0
LC738874.1	LC738875.1	61.538	13	5	0	181348	181310	10850	10888	3.45e-76	24.0
LC738874.1	LC738875.1	53.333	15	7	0	147246	147202	13478	13522	3.34e-40	24.0
LC738874.1	LC738875.1	39.394	33	20	0	16565	16467	15783	15685	1.55e-122	24.0
LC738874.1	LC738875.1	66.667	12	4	0	59385	59350	26281	26316	3.45e-76	24.0
LC738874.1	LC738875.1	37.500	24	15	0	183482	183553	29834	29905	2.42e-35	24.0
LC738874.1	LC738875.1	66.667	12	4	0	235488	235523	29926	29891	4.29e-140	24.0
LC738874.1	LC738875.1	44.444	18	10	0	5643	5696	32656	32709	0.0	24.0
LC738874.1	LC738875.1	45.000	20	11	0	233928	233987	37858	37799	3.89e-16	24.0
LC738874.1	LC738875.1	28.947	38	27	0	34953	34840	39560	39673	3.45e-76	24.0
LC738874.1	LC738875.1	28.000	25	18	0	254976	254902	39603	39677	0.0	24.0
LC738874.1	LC738875.1	39.130	23	14	0	197136	197204	39615	39683	1.5	24.0
LC738874.1	LC738875.1	38.889	18	11	0	91012	90959	39772	39825	0.011	24.0
LC738874.1	LC738875.1	48.000	25	13	0	76238	76164	40228	40302	3.34e-40	24.0
LC738874.1	LC738875.1	50.000	18	9	0	74657	74604	42940	42993	3.34e-40	24.0
LC738874.1	LC738875.1	38.889	18	11	0	7205	7258	42951	43004	1.35e-25	24.0
LC738874.1	LC738875.1	34.783	23	15	0	15652	15720	42957	43025	4.79e-126	24.0
LC738874.1	LC738875.1	27.273	22	16	0	33817	33752	42961	43026	3.45e-76	24.0
LC738874.1	LC738875.1	37.500	24	15	0	10558	10487	43036	42965	0.0	24.0
LC738874.1	LC738875.1	72.727	11	3	0	197216	197248	42982	43014	3.6	24.0
LC738874.1	LC738875.1	33.333	27	18	0	18907	18827	43389	43309	0.0	24.0
LC738874.1	LC738875.1	32.143	28	19	0	52612	52529	44972	44889	1.55e-122	24.0
LC738874.1	LC738875.1	62.500	16	6	0	16290	16337	44967	45014	4.79e-126	24.0
LC738874.1	LC738875.1	23.729	59	45	0	91435	91611	48377	48553	3.43e-73	24.0
LC738874.1	LC738875.1	40.000	20	12	0	95581	95522	52824	52765	8.07e-141	24.0
LC738874.1	LC738875.1	39.286	28	17	0	76701	76784	56239	56322	2.88e-84	24.0
LC738874.1	LC738875.1	36.667	30	19	0	78178	78267	57023	57112	2.88e-84	24.0
LC738874.1	LC738875.1	28.947	38	27	0	278852	278739	57730	57843	0.0	24.0
LC738874.1	LC738875.1	41.176	17	10	0	154554	154604	64278	64328	3.43e-73	24.0
LC738874.1	LC738875.1	41.176	17	10	0	1123	1173	64631	64681	7.01e-71	24.0
LC738874.1	LC738875.1	70.000	10	3	0	37684	37655	65158	65187	3.34e-40	24.0
LC738874.1	LC738875.1	50.000	20	10	0	162849	162790	69753	69812	9.27e-104	24.0
LC738874.1	LC738875.1	50.000	12	6	0	92153	92118	77159	77194	9.27e-104	24.0
LC738874.1	LC738875.1	61.538	13	5	0	42827	42789	87918	87880	1.31e-71	24.0
LC738874.1	LC738875.1	66.667	12	4	0	52531	52496	88477	88442	1.31e-71	24.0
LC738874.1	LC738875.1	61.538	13	5	0	42827	42789	88717	88679	0.0	24.0
LC738874.1	LC738875.1	50.000	16	8	0	197157	197204	88804	88757	2.3	24.0
LC738874.1	LC738875.1	40.909	22	13	0	59330	59265	88842	88777	1.31e-71	24.0
LC738874.1	LC738875.1	66.667	12	4	0	52531	52496	90262	90227	0.0	24.0
LC738874.1	LC738875.1	52.941	17	8	0	79576	79526	90513	90463	1.31e-71	24.0
LC738874.1	LC738875.1	47.368	19	10	0	197148	197204	90519	90575	0.93	24.0
LC738874.1	LC738875.1	41.176	17	10	0	91194	91144	90627	90577	1.31e-71	24.0
LC738874.1	LC738875.1	50.000	16	8	0	197157	197204	90627	90580	1.5	24.0
LC738874.1	LC738875.1	40.909	22	13	0	59330	59265	90665	90600	0.0	24.0
LC738874.1	LC738875.1	50.000	14	7	0	177343	177302	92144	92103	8.07e-141	24.0
LC738874.1	LC738875.1	52.941	17	8	0	79576	79526	92320	92270	0.0	24.0
LC738874.1	LC738875.1	40.000	20	12	0	45314	45373	94720	94779	4.79e-126	24.0
LC738874.1	LC738875.1	45.000	20	11	0	153376	153435	96091	96032	4.29e-140	24.0
LC738874.1	LC738875.1	50.000	12	6	0	35742	35707	102313	102278	7.19e-168	24.0
LC738874.1	LC738875.1	36.842	19	12	0	279455	279511	106736	106680	0.0	24.0
LC738874.1	LC738875.1	31.034	29	20	0	37132	37046	121061	120975	7.19e-168	24.0
LC738874.1	LC738875.1	56.250	16	7	0	15112	15065	126147	126100	0.0	24.0
LC738874.1	LC738875.1	30.000	20	14	0	91444	91385	129623	129564	1.55e-122	24.0
LC738874.1	LC738875.1	54.545	11	5	0	149421	149453	139779	139747	4.29e-140	24.0
LC738874.1	LC738875.1	43.750	16	9	0	26700	26653	140474	140427	3.37e-90	24.0
LC738874.1	LC738875.1	58.824	17	7	0	277235	277285	141313	141263	0.0	24.0
LC738874.1	LC738875.1	53.846	13	6	0	142702	142664	142030	141992	1.31e-71	24.0
LC738874.1	LC738875.1	41.176	17	10	0	178100	178050	142057	142007	8.07e-141	24.0
LC738874.1	LC738875.1	44.444	18	10	0	28283	28230	143952	143899	3.37e-90	24.0
LC738874.1	LC738875.1	40.909	22	13	0	143058	142993	144719	144654	1.31e-71	24.0
LC738874.1	LC738875.1	40.000	30	18	0	63207	63118	150123	150034	7.19e-168	24.0
LC738874.1	LC738875.1	40.741	27	16	0	41761	41681	153158	153078	3.37e-90	24.0
LC738874.1	LC738875.1	71.429	7	2	0	113880	113860	153361	153381	3.6	24.0
LC738874.1	LC738875.1	35.714	28	18	0	57412	57495	158182	158265	4.79e-126	24.0
LC738874.1	LC738875.1	36.364	22	14	0	65479	65544	159591	159656	4.79e-126	24.0
LC738874.1	LC738875.1	57.143	14	6	0	115141	115182	161509	161468	4.29e-140	24.0
LC738874.1	LC738875.1	45.455	22	12	0	181288	181353	163511	163576	3.43e-73	24.0
LC738874.1	LC738875.1	37.500	24	15	0	129456	129385	165078	165007	1.55e-122	24.0
LC738874.1	LC738875.1	45.833	24	13	0	111268	111339	166233	166162	4.29e-140	24.0
LC738874.1	LC738875.1	38.095	21	13	0	162998	163060	169406	169468	2.88e-84	24.0
LC738874.1	LC738875.1	37.500	16	10	0	142714	142667	172039	171992	0.0	24.0
LC738874.1	LC738875.1	32.143	28	19	0	65545	65462	173512	173429	3.37e-90	24.0
LC738874.1	LC738875.1	63.636	11	4	0	91050	91082	182670	182638	4.29e-140	24.0
LC738874.1	LC738875.1	40.909	22	13	0	4706	4641	183114	183179	9.27e-104	24.0
LC738874.1	LC738875.1	32.143	28	19	0	171140	171223	185480	185563	2.88e-84	24.0
LC738874.1	LC738875.1	64.286	14	5	0	2590	2631	185946	185905	1.27e-75	24.0
LC738874.1	LC738875.1	50.000	14	7	0	247387	247428	189033	188992	0.0	24.0
LC738874.1	LC738875.1	27.586	29	21	0	84617	84703	192198	192112	4.29e-140	24.0
LC738874.1	LC738875.1	29.730	37	26	0	15496	15606	196545	196655	7.01e-71	24.0
LC738874.1	LC738875.1	66.667	12	4	0	72669	72704	197206	197171	4.29e-140	24.0
LC738874.1	LC738875.1	46.154	13	7	0	159489	159451	210146	210184	0.001	24.0
LC738874.1	LC738875.1	46.667	15	8	0	183488	183532	210306	210350	3.43e-73	24.0
LC738874.1	LC738875.1	42.105	19	11	0	270419	270475	217437	217493	2.42e-35	24.0
LC738874.1	LC738875.1	53.333	15	7	0	267147	267191	220184	220140	0.0	24.0
LC738874.1	LC738875.1	40.625	32	19	0	189299	189204	241322	241227	6.05e-27	24.0
LC738874.1	LC738875.1	63.158	19	7	0	184616	184672	241237	241293	0.001	24.0
LC738874.1	LC738875.1	64.286	14	5	0	182261	182220	241313	241272	3.26e-09	24.0
LC738874.1	LC738875.1	40.000	15	9	0	58738	58782	241584	241540	4.29e-140	24.0
LC738874.1	LC738875.1	58.824	17	7	0	190368	190318	242328	242278	4.4	24.0
LC738874.1	LC738875.1	55.000	20	9	0	17089	17148	242301	242360	7.01e-71	24.0
LC738874.1	LC738875.1	50.000	14	7	0	42656	42615	244067	244026	8.11e-62	24.0
LC738874.1	LC738875.1	35.849	53	34	0	193249	193407	244448	244606	2.11e-14	24.0
LC738874.1	LC738875.1	56.522	23	10	0	195220	195288	244609	244677	2.84e-10	24.0
LC738874.1	LC738875.1	63.158	19	7	0	192534	192590	245800	245856	2.88e-84	24.0
LC738874.1	LC738875.1	60.000	15	6	0	190007	190051	246193	246237	3.6	24.0
LC738874.1	LC738875.1	37.500	16	10	0	216804	216851	246645	246692	3.43e-73	24.0
LC738874.1	LC738875.1	29.630	27	19	0	18437	18517	250534	250614	4.43e-118	24.0
LC738874.1	LC738875.1	40.741	27	16	0	197124	197204	250966	251046	4.79e-126	24.0
LC738874.1	LC738875.1	53.333	15	7	0	197160	197204	250966	251010	2.88e-84	24.0
LC738874.1	LC738875.1	47.368	19	10	0	194509	194453	251138	251082	3.37e-90	24.0
LC738874.1	LC738875.1	32.258	31	21	0	29293	29385	253458	253550	4.4	24.0
LC738874.1	LC738875.1	38.462	13	8	0	131902	131864	253500	253538	4.4	24.0
LC738874.1	LC738875.1	36.842	19	12	0	29366	29422	254398	254454	1.35e-25	24.0
LC738874.1	LC738875.1	24.390	41	31	0	59441	59319	257217	257339	3.6	24.0
LC738874.1	LC738875.1	37.500	24	15	0	254973	254902	257255	257326	0.36	24.0
LC738874.1	LC738875.1	28.125	32	23	0	175578	175673	257506	257601	1.5	24.0
LC738874.1	LC738875.1	46.667	15	8	0	193624	193668	259248	259292	7.01e-71	24.0
LC738874.1	LC738875.1	44.444	18	10	0	28411	28464	259711	259658	4.29e-140	24.0
LC738874.1	LC738875.1	50.000	22	11	0	218952	218887	260865	260800	3.37e-90	24.0
LC738874.1	LC738875.1	21.951	41	32	0	202089	202211	261180	261302	4.79e-126	24.0
LC738874.1	LC738875.1	20.000	20	16	0	131904	131845	261330	261389	3.6	24.0
LC738874.1	LC738875.1	40.909	22	13	0	91155	91220	267674	267609	1.2	24.0
LC738874.1	LC738875.1	35.714	28	18	0	7273	7356	267624	267707	1.9	24.0
LC738874.1	LC738875.1	39.130	23	14	0	221682	221614	267692	267624	3.37e-90	24.0
LC738874.1	LC738875.1	32.143	28	19	0	7273	7356	267628	267711	2.3	24.0
LC738874.1	LC738875.1	36.364	22	14	0	74644	74579	267656	267721	0.93	24.0
LC738874.1	LC738875.1	42.857	21	12	0	7335	7397	267723	267661	0.59	24.0
LC738874.1	LC738875.1	33.333	27	18	0	23370	23290	267749	267669	0.0	24.0
LC738874.1	LC738875.1	50.000	14	7	0	7253	7212	267710	267669	3.6	24.0
LC738874.1	LC738875.1	50.000	14	7	0	7253	7212	267712	267671	3.6	24.0
LC738874.1	LC738875.1	29.630	27	19	0	23370	23290	267759	267679	0.0	24.0
LC738874.1	LC738875.1	42.857	21	12	0	7335	7397	267701	267763	1.9	24.0
LC738874.1	LC738875.1	44.444	18	10	0	91046	91099	267754	267701	2.3	24.0
LC738874.1	LC738875.1	50.000	14	7	0	7253	7212	267714	267755	2.9	24.0
LC738874.1	LC738875.1	50.000	14	7	0	7253	7212	267716	267757	4.4	24.0
LC738874.1	LC738875.1	50.000	16	8	0	91155	91202	267756	267803	0.001	24.0
LC738874.1	LC738875.1	44.000	25	14	0	190246	190172	269320	269246	7.19e-168	24.0
LC738874.1	LC738875.1	28.000	25	18	0	283629	283555	269920	269846	4.44e-68	24.0
LC738874.1	LC738875.1	45.455	22	12	0	233531	233596	271541	271476	0.0	24.0
LC738874.1	LC738875.1	47.059	17	9	0	221856	221906	272548	272598	4.79e-126	24.0
LC738874.1	LC738875.1	30.769	26	18	0	228507	228584	273252	273175	0.0	24.0
LC738874.1	LC738875.1	45.000	20	11	0	4739	4680	273250	273191	1.74e-15	24.0
LC738874.1	LC738875.1	72.727	11	3	0	28224	28192	274667	274635	3.26e-09	24.0
LC738874.1	LC738875.1	34.615	26	17	0	53047	52970	283931	283854	0.0	24.0
LC738874.1	LC738875.1	34.615	26	17	0	2739	2816	293967	293890	4.29e-140	24.0
LC738874.1	LC738875.1	57.143	14	6	0	38104	38145	294456	294497	1.35e-25	24.0
LC738874.1	LC738875.1	33.333	30	20	0	196178	196267	295832	295743	0.0	24.0
LC738874.1	LC738875.1	25.641	39	29	0	50515	50631	295997	296113	0.0	24.0
LC738874.1	LC738875.1	57.143	14	6	0	204028	203987	297676	297717	0.0	24.0
LC738874.1	LC738875.1	30.233	43	30	0	54496	54368	298640	298512	0.0	24.0
LC738874.1	LC738875.1	26.531	49	36	0	154486	154632	299369	299223	0.0	24.0
LC738874.1	LC738875.1	61.538	13	5	0	136830	136792	299757	299719	8.53e-50	24.0
LC738874.1	LC738875.1	38.095	21	13	0	253262	253200	305820	305758	1.55e-122	24.0
LC738874.1	LC738875.1	27.586	29	21	0	159401	159315	306709	306623	8.53e-50	24.0
LC738874.1	LC738875.1	30.769	13	9	0	43644	43682	308143	308181	1.35e-25	24.0
LC738874.1	LC738875.1	54.545	22	10	0	105509	105444	315227	315292	0.0	24.0
LC738874.1	LC738875.1	26.471	34	25	0	222621	222722	316414	316515	7.01e-71	24.0
LC738874.1	LC738875.1	46.429	28	15	0	263210	263293	319574	319657	0.0	24.0
LC738874.1	LC738875.1	46.667	15	8	0	75506	75462	321262	321218	0.0	24.0
LC738874.1	LC738875.1	41.667	12	7	0	21497	21462	325127	325162	8.82e-23	24.0
LC738874.1	LC738875.1	53.333	15	7	0	82168	82212	329642	329598	0.0	24.0
LC738874.1	LC738875.1	28.000	25	18	0	147625	147551	330634	330560	0.0	24.0
LC738874.1	LC738875.1	27.907	43	31	0	92132	92260	335852	335724	0.0	24.0
LC738874.1	LC738875.1	50.000	14	7	0	405	446	341758	341717	4.29e-140	24.0
LC738874.1	LC738875.1	43.478	23	13	0	228541	228609	343105	343037	4.4	24.0
LC738874.1	LC738875.1	52.941	17	8	0	43680	43630	343093	343043	2.3	24.0
LC738874.1	LC738875.1	54.545	11	5	0	131643	131675	343874	343906	1.35e-25	24.0
LC738874.1	LC738875.1	41.176	17	10	0	151698	151748	345816	345866	4.43e-118	24.0
LC738874.1	LC738875.1	27.869	61	44	0	240745	240563	346684	346502	8.11e-62	24.0
LC738874.1	LC738875.1	50.000	18	9	0	48785	48838	348030	347977	0.0	24.0
LC738874.1	LC738875.1	40.000	20	12	0	40420	40361	348107	348166	0.0	24.0
LC738874.1	LC738875.1	41.176	17	10	0	274767	274717	351395	351345	0.0	24.0
LC738874.1	LC738875.1	18.421	38	31	0	283213	283326	356954	357067	0.0	24.0
LC738874.1	LC738875.1	31.034	29	20	0	9422	9508	48	134	2.88e-84	23.5
LC738874.1	LC738875.1	55.556	9	4	0	402	428	233	259	0.0	23.5
LC738874.1	LC738875.1	42.857	14	8	0	286840	286881	1151	1110	4.29e-140	23.5
LC738874.1	LC738875.1	44.444	18	10	0	201881	201934	2020	1967	1.27e-75	23.5
LC738874.1	LC738875.1	33.333	30	20	0	7264	7353	1987	2076	2.42e-35	23.5
LC738874.1	LC738875.1	26.316	19	14	0	29366	29422	2045	2101	2.88e-84	23.5
LC738874.1	LC738875.1	54.545	11	5	0	10586	10618	2660	2692	2.42e-35	23.5
LC738874.1	LC738875.1	40.909	22	13	0	2719	2654	2767	2702	1.31e-71	23.5
LC738874.1	LC738875.1	45.455	22	12	0	275097	275162	3711	3646	0.0	23.5
LC738874.1	LC738875.1	53.846	13	6	0	171007	171045	3684	3646	1.27e-75	23.5
LC738874.1	LC738875.1	29.412	17	12	0	7211	7261	5710	5760	4.43e-118	23.5
LC738874.1	LC738875.1	36.364	22	14	0	194695	194630	6686	6751	3.45e-76	23.5
LC738874.1	LC738875.1	31.429	35	24	0	182941	182837	7163	7267	3.44e-23	23.5
LC738874.1	LC738875.1	31.429	35	24	0	185345	185241	7163	7267	9.27e-104	23.5
LC738874.1	LC738875.1	63.636	11	4	0	197216	197248	8233	8201	4.4	23.5
LC738874.1	LC738875.1	63.636	11	4	0	197216	197248	8235	8203	4.4	23.5
LC738874.1	LC738875.1	44.444	18	10	0	150158	150211	8284	8337	0.46	23.5
LC738874.1	LC738875.1	39.130	23	14	0	10123	10191	8309	8377	0.0	23.5
LC738874.1	LC738875.1	50.000	16	8	0	50440	50487	8695	8648	1.27e-75	23.5
LC738874.1	LC738875.1	100.000	8	0	0	10206	10229	8659	8682	0.0	23.5
LC738874.1	LC738875.1	36.364	22	14	0	194695	194630	9304	9369	8.82e-23	23.5
LC738874.1	LC738875.1	26.316	38	28	0	189724	189611	10012	10125	2.55e-15	23.5
LC738874.1	LC738875.1	70.000	10	3	0	4709	4680	11275	11246	0.0	23.5
LC738874.1	LC738875.1	34.615	26	17	0	11779	11856	11573	11650	0.0	23.5
LC738874.1	LC738875.1	53.846	13	6	0	284039	284077	14552	14514	0.0	23.5
LC738874.1	LC738875.1	50.000	16	8	0	67370	67323	15831	15878	3.6	23.5
LC738874.1	LC738875.1	80.000	10	2	0	17244	17215	20340	20311	1.55e-122	23.5
LC738874.1	LC738875.1	50.000	14	7	0	103134	103093	22555	22596	3.45e-76	23.5
LC738874.1	LC738875.1	66.667	12	4	0	133942	133907	23474	23509	3.34e-40	23.5
LC738874.1	LC738875.1	46.667	15	8	0	1127	1171	23953	23997	1.35e-25	23.5
LC738874.1	LC738875.1	42.105	19	11	0	229235	229179	26335	26279	4.44e-68	23.5
LC738874.1	LC738875.1	42.857	21	12	0	49299	49361	27478	27540	2.88e-84	23.5
LC738874.1	LC738875.1	41.667	24	14	0	53656	53585	32275	32204	0.0	23.5
LC738874.1	LC738875.1	29.545	44	31	0	54457	54326	35670	35539	0.0	23.5
LC738874.1	LC738875.1	38.889	18	11	0	3286	3233	36436	36383	9.15e-91	23.5
LC738874.1	LC738875.1	61.538	13	5	0	232687	232725	37724	37686	0.045	23.5
LC738874.1	LC738875.1	30.769	26	18	0	79182	79105	38800	38723	8.07e-141	23.5
LC738874.1	LC738875.1	36.364	22	14	0	22528	22463	39686	39621	1.31e-71	23.5
LC738874.1	LC738875.1	39.130	23	14	0	7284	7352	39646	39714	5.4	23.5
LC738874.1	LC738875.1	42.857	21	12	0	197142	197204	39712	39650	1.5	23.5
LC738874.1	LC738875.1	31.429	35	24	0	7284	7388	39654	39758	5.4	23.5
LC738874.1	LC738875.1	50.000	16	8	0	74335	74288	39727	39680	0.0	23.5
LC738874.1	LC738875.1	35.000	20	13	0	4772	4831	40261	40320	1.35e-25	23.5
LC738874.1	LC738875.1	57.143	21	9	0	4742	4680	43052	42990	3.37e-90	23.5
LC738874.1	LC738875.1	36.111	36	23	0	182170	182277	46548	46441	4.29e-140	23.5
LC738874.1	LC738875.1	43.750	16	9	0	58113	58066	51620	51667	3.34e-40	23.5
LC738874.1	LC738875.1	41.667	24	14	0	6526	6455	52044	51973	3.37e-90	23.5
LC738874.1	LC738875.1	47.368	19	10	0	105153	105097	53294	53238	8.07e-141	23.5
LC738874.1	LC738875.1	33.333	24	16	0	57918	57847	54664	54735	3.34e-40	23.5
LC738874.1	LC738875.1	38.095	21	13	0	214230	214292	56337	56399	2.42e-35	23.5
LC738874.1	LC738875.1	22.500	40	31	0	178496	178377	56511	56392	5.4	23.5
LC738874.1	LC738875.1	81.818	11	2	0	30995	30963	56851	56819	0.0	23.5
LC738874.1	LC738875.1	32.558	43	29	0	21050	21178	64318	64446	0.0	23.5
LC738874.1	LC738875.1	72.727	11	3	0	1105	1137	64472	64504	7.01e-71	23.5
LC738874.1	LC738875.1	34.375	32	21	0	157620	157525	64891	64986	8.82e-23	23.5
LC738874.1	LC738875.1	35.135	37	24	0	36725	36615	67201	67311	3.34e-40	23.5
LC738874.1	LC738875.1	25.000	40	30	0	35544	35663	68215	68096	1.27e-75	23.5
LC738874.1	LC738875.1	44.444	18	10	0	36046	35993	70375	70322	0.0	23.5
LC738874.1	LC738875.1	31.250	32	22	0	160701	160606	73692	73787	9.27e-104	23.5
LC738874.1	LC738875.1	45.455	22	12	0	217127	217192	75505	75570	2.42e-35	23.5
LC738874.1	LC738875.1	36.842	19	12	0	135552	135496	76394	76450	9.27e-104	23.5
LC738874.1	LC738875.1	28.947	38	27	0	75351	75238	77431	77318	1.55e-122	23.5
LC738874.1	LC738875.1	87.500	8	1	0	76041	76018	79879	79856	1.55e-122	23.5
LC738874.1	LC738875.1	46.154	13	7	0	8963	8925	85068	85030	9.15e-91	23.5
LC738874.1	LC738875.1	37.500	24	15	0	22376	22305	85110	85181	3.45e-76	23.5
LC738874.1	LC738875.1	42.857	21	12	0	22135	22073	87149	87087	7.19e-168	23.5
LC738874.1	LC738875.1	50.000	14	7	0	197216	197257	88774	88733	2.3	23.5
LC738874.1	LC738875.1	32.258	31	21	0	221592	221684	90511	90603	2.42e-35	23.5
LC738874.1	LC738875.1	47.059	17	9	0	91155	91205	90623	90573	5.4	23.5
LC738874.1	LC738875.1	50.000	12	6	0	91179	91144	90624	90589	0.0	23.5
LC738874.1	LC738875.1	52.632	19	9	0	94770	94714	90710	90654	0.0	23.5
LC738874.1	LC738875.1	61.538	13	5	0	173686	173648	91273	91235	8.07e-141	23.5
LC738874.1	LC738875.1	25.714	35	26	0	272988	272884	104648	104752	0.0	23.5
LC738874.1	LC738875.1	46.667	15	8	0	254849	254805	108118	108162	0.0	23.5
LC738874.1	LC738875.1	32.258	31	21	0	96713	96621	111271	111179	0.0	23.5
LC738874.1	LC738875.1	45.455	22	12	0	103014	103079	114718	114783	2.88e-84	23.5
LC738874.1	LC738875.1	72.727	11	3	0	102711	102679	116747	116715	0.0	23.5
LC738874.1	LC738875.1	27.027	37	27	0	9614	9504	118148	118258	3.45e-76	23.5
LC738874.1	LC738875.1	32.558	43	29	0	96992	96864	120409	120281	0.0	23.5
LC738874.1	LC738875.1	53.333	15	7	0	127478	127522	125721	125765	0.0	23.5
LC738874.1	LC738875.1	72.727	11	3	0	240758	240790	132007	132039	2.42e-35	23.5
LC738874.1	LC738875.1	53.333	15	7	0	39038	38994	133237	133193	7.19e-168	23.5
LC738874.1	LC738875.1	34.375	32	21	0	129114	129019	134952	134857	0.0	23.5
LC738874.1	LC738875.1	25.000	52	39	0	250663	250508	139022	139177	0.0	23.5
LC738874.1	LC738875.1	19.298	57	46	0	5007	4837	145512	145682	3.45e-76	23.5
LC738874.1	LC738875.1	53.846	13	6	0	3945	3907	148156	148118	5.08e-165	23.5
LC738874.1	LC738875.1	53.333	15	7	0	267227	267183	149584	149628	0.0	23.5
LC738874.1	LC738875.1	32.258	31	21	0	276904	276996	149851	149759	0.0	23.5
LC738874.1	LC738875.1	35.000	20	13	0	118739	118680	153148	153089	1.55e-122	23.5
LC738874.1	LC738875.1	58.333	12	5	0	131981	131946	154727	154762	8.82e-23	23.5
LC738874.1	LC738875.1	60.000	15	6	0	120241	120197	156869	156913	8.82e-23	23.5
LC738874.1	LC738875.1	35.000	20	13	0	245143	245202	163564	163505	0.0	23.5
LC738874.1	LC738875.1	41.667	12	7	0	89329	89364	167274	167309	4.79e-126	23.5
LC738874.1	LC738875.1	34.483	29	19	0	155311	155225	174484	174398	1.31e-71	23.5
LC738874.1	LC738875.1	50.000	14	7	0	164141	164100	176592	176551	1.31e-71	23.5
LC738874.1	LC738875.1	60.000	15	6	0	172588	172632	210278	210322	2.88e-84	23.5
LC738874.1	LC738875.1	33.333	18	12	0	103112	103059	239383	239436	8.82e-23	23.5
LC738874.1	LC738875.1	36.842	19	12	0	258409	258353	240469	240525	0.0	23.5
LC738874.1	LC738875.1	35.897	39	25	0	16044	16160	241238	241354	7.01e-71	23.5
LC738874.1	LC738875.1	46.154	26	14	0	194346	194423	242142	242219	0.0	23.5
LC738874.1	LC738875.1	29.730	37	26	0	131014	131124	243871	243981	7.01e-71	23.5
LC738874.1	LC738875.1	54.545	11	5	0	62618	62586	244128	244096	8.11e-62	23.5
LC738874.1	LC738875.1	76.923	13	3	0	196261	196299	245186	245224	0.0	23.5
LC738874.1	LC738875.1	46.154	26	14	0	194625	194702	245788	245865	4.79e-126	23.5
LC738874.1	LC738875.1	57.143	21	9	0	17357	17419	245987	246049	4.43e-118	23.5
LC738874.1	LC738875.1	80.000	10	2	0	232448	232477	250069	250040	1.14e-11	23.5
LC738874.1	LC738875.1	47.059	17	9	0	91155	91205	250989	251039	5.4	23.5
LC738874.1	LC738875.1	29.630	27	19	0	27510	27430	256770	256690	9.15e-91	23.5
LC738874.1	LC738875.1	40.000	20	12	0	197145	197204	257267	257326	0.75	23.5
LC738874.1	LC738875.1	36.364	22	14	0	22528	22463	257341	257276	0.0	23.5
LC738874.1	LC738875.1	44.444	18	10	0	12823	12876	257332	257385	1.9	23.5
LC738874.1	LC738875.1	52.381	21	10	0	159444	159382	257394	257456	0.46	23.5
LC738874.1	LC738875.1	34.483	29	19	0	1727	1813	260266	260180	3.6	23.5
LC738874.1	LC738875.1	63.636	11	4	0	19512	19544	260678	260710	0.0	23.5
LC738874.1	LC738875.1	70.000	10	3	0	22246	22275	261068	261097	0.0	23.5
LC738874.1	LC738875.1	44.444	18	10	0	13462	13515	261281	261228	4.29e-140	23.5
LC738874.1	LC738875.1	63.636	11	4	0	132038	132006	261316	261348	4.4	23.5
LC738874.1	LC738875.1	50.000	16	8	0	63141	63094	264603	264650	8.82e-23	23.5
LC738874.1	LC738875.1	44.444	18	10	0	219298	219351	266442	266495	4.79e-126	23.5
LC738874.1	LC738875.1	45.000	20	11	0	197139	197198	266445	266504	7.01e-71	23.5
LC738874.1	LC738875.1	30.769	26	18	0	27328	27251	267594	267671	3.6	23.5
LC738874.1	LC738875.1	47.059	17	9	0	91155	91205	267682	267632	2.9	23.5
LC738874.1	LC738875.1	47.059	17	9	0	91155	91205	267684	267634	2.3	23.5
LC738874.1	LC738875.1	47.059	17	9	0	91155	91205	267686	267636	1.5	23.5
LC738874.1	LC738875.1	50.000	12	6	0	91179	91144	267671	267636	3.6	23.5
LC738874.1	LC738875.1	44.444	18	10	0	91046	91099	267680	267733	2.9	23.5
LC738874.1	LC738875.1	44.444	18	10	0	91046	91099	267744	267691	5.4	23.5
LC738874.1	LC738875.1	44.444	18	10	0	91046	91099	267746	267693	2.9	23.5
LC738874.1	LC738875.1	42.857	21	12	0	7335	7397	267703	267765	2.3	23.5
LC738874.1	LC738875.1	35.294	17	11	0	7211	7261	267760	267710	0.026	23.5
LC738874.1	LC738875.1	47.059	17	9	0	91155	91205	267738	267788	1.5	23.5
LC738874.1	LC738875.1	47.619	21	11	0	244373	244435	267801	267739	5.4	23.5
LC738874.1	LC738875.1	47.059	17	9	0	91155	91205	267740	267790	2.9	23.5
LC738874.1	LC738875.1	47.059	17	9	0	91155	91205	267742	267792	0.75	23.5
LC738874.1	LC738875.1	47.059	17	9	0	91155	91205	267744	267794	4.4	23.5
LC738874.1	LC738875.1	25.862	58	43	0	244757	244930	273099	273272	2.88e-84	23.5
LC738874.1	LC738875.1	36.000	25	16	0	197130	197204	273261	273187	1.9	23.5
LC738874.1	LC738875.1	32.143	28	19	0	197121	197204	273280	273197	1.9	23.5
LC738874.1	LC738875.1	72.727	11	3	0	30923	30891	274667	274635	2.02e-05	23.5
LC738874.1	LC738875.1	61.538	13	5	0	216732	216694	274901	274939	0.0	23.5
LC738874.1	LC738875.1	26.667	30	22	0	255688	255777	283486	283575	0.0	23.5
LC738874.1	LC738875.1	58.333	12	5	0	247918	247883	296267	296232	0.0	23.5
LC738874.1	LC738875.1	58.333	12	5	0	91177	91142	296461	296426	0.0	23.5
LC738874.1	LC738875.1	80.000	10	2	0	192892	192863	296435	296464	0.0	23.5
LC738874.1	LC738875.1	55.556	18	8	0	283773	283720	297935	297882	4.44e-68	23.5
LC738874.1	LC738875.1	32.258	31	21	0	143789	143697	298126	298218	0.0	23.5
LC738874.1	LC738875.1	36.000	25	16	0	153444	153518	299460	299386	0.0	23.5
LC738874.1	LC738875.1	37.037	27	17	0	253159	253079	305718	305638	1.55e-122	23.5
LC738874.1	LC738875.1	44.444	18	10	0	112993	113046	306917	306864	0.0	23.5
LC738874.1	LC738875.1	41.379	29	17	0	240732	240646	307708	307622	8.07e-141	23.5
LC738874.1	LC738875.1	77.778	9	2	0	171229	171203	312959	312985	0.0	23.5
LC738874.1	LC738875.1	53.846	13	6	0	58802	58840	316147	316185	4.43e-118	23.5
LC738874.1	LC738875.1	36.842	19	12	0	157961	158017	317034	316978	0.0	23.5
LC738874.1	LC738875.1	53.333	15	7	0	150843	150799	317411	317455	0.0	23.5
LC738874.1	LC738875.1	34.483	29	19	0	133937	134023	317492	317578	0.0	23.5
LC738874.1	LC738875.1	35.714	28	18	0	144498	144415	320695	320612	0.0	23.5
LC738874.1	LC738875.1	61.538	13	5	0	268226	268264	324893	324931	0.0	23.5
LC738874.1	LC738875.1	38.889	18	11	0	128957	128904	325730	325677	9.15e-91	23.5
LC738874.1	LC738875.1	37.209	43	27	0	77041	77169	326199	326327	4.43e-118	23.5
LC738874.1	LC738875.1	85.714	7	1	0	78731	78711	327874	327854	0.0	23.5
LC738874.1	LC738875.1	34.146	41	27	0	261090	260968	330660	330538	0.0	23.5
LC738874.1	LC738875.1	36.000	25	16	0	724	650	332147	332221	9.27e-104	23.5
LC738874.1	LC738875.1	44.444	27	15	0	100645	100725	332496	332416	0.0	23.5
LC738874.1	LC738875.1	41.176	17	10	0	59284	59234	333998	334048	0.0	23.5
LC738874.1	LC738875.1	36.000	25	16	0	52675	52601	335390	335464	0.0	23.5
LC738874.1	LC738875.1	56.250	16	7	0	246021	246068	339077	339124	4.79e-126	23.5
LC738874.1	LC738875.1	50.000	16	8	0	43718	43671	343159	343112	2.3	23.5
LC738874.1	LC738875.1	22.222	27	21	0	181084	181004	347437	347357	0.0	23.5
LC738874.1	LC738875.1	35.294	17	11	0	231930	231880	347664	347614	8.53e-50	23.5
LC738874.1	LC738875.1	40.909	22	13	0	181214	181149	348015	347950	0.0	23.5
LC738874.1	LC738875.1	87.500	8	1	0	181739	181716	350083	350060	0.0	23.5
LC738874.1	LC738875.1	50.000	14	7	0	43617	43658	350172	350131	0.0	23.5
LC738874.1	LC738875.1	42.105	19	11	0	224219	224163	350356	350300	0.0	23.5
LC738874.1	LC738875.1	42.105	19	11	0	224345	224289	350356	350300	0.0	23.5
LC738874.1	LC738875.1	42.105	19	11	0	224471	224415	350356	350300	0.0	23.5
LC738874.1	LC738875.1	58.824	17	7	0	210397	210347	350599	350549	1.31e-71	23.5
LC738874.1	LC738875.1	61.111	18	7	0	39689	39742	354279	354226	0.0	23.5
LC738874.1	LC738875.1	38.889	18	11	0	11069	11016	354412	354465	0.0	23.5
LC738874.1	LC738875.1	45.000	20	11	0	170773	170832	357597	357656	1.35e-25	23.5
LC738874.1	LC738875.1	54.545	11	5	0	218134	218102	358966	358934	1.31e-71	23.5
LC738874.1	LC738875.1	38.889	36	22	0	224623	224516	225	332	3.45e-76	23.1
LC738874.1	LC738875.1	60.000	15	6	0	5216	5260	656	700	4.43e-118	23.1
LC738874.1	LC738875.1	70.000	10	3	0	212334	212305	974	1003	3.45e-76	23.1
LC738874.1	LC738875.1	60.000	10	4	0	13033	13062	3215	3244	2.42e-35	23.1
LC738874.1	LC738875.1	31.429	35	24	0	182941	182837	4611	4715	3.05e-21	23.1
LC738874.1	LC738875.1	31.429	35	24	0	185345	185241	4611	4715	4.91e-27	23.1
LC738874.1	LC738875.1	45.000	20	11	0	4651	4710	5688	5747	4.79e-126	23.1
LC738874.1	LC738875.1	28.571	28	20	0	59405	59322	8204	8287	6.6	23.1
LC738874.1	LC738875.1	35.714	28	18	0	197121	197204	8317	8234	2.3	23.1
LC738874.1	LC738875.1	48.000	25	13	0	13748	13674	10926	10852	1.55e-122	23.1
LC738874.1	LC738875.1	52.941	17	8	0	150158	150208	10878	10928	1.5	23.1
LC738874.1	LC738875.1	42.857	28	16	0	8400	8483	12282	12365	4.79e-126	23.1
LC738874.1	LC738875.1	35.294	17	11	0	67540	67490	15751	15801	3.6	23.1
LC738874.1	LC738875.1	36.000	25	16	0	261715	261641	17969	18043	0.0	23.1
LC738874.1	LC738875.1	47.059	17	9	0	739	689	19933	19883	0.0	23.1
LC738874.1	LC738875.1	42.857	21	12	0	255616	255554	21343	21405	0.0	23.1
LC738874.1	LC738875.1	25.000	36	27	0	167501	167394	22059	21952	4.44e-68	23.1
LC738874.1	LC738875.1	37.500	16	10	0	6248	6201	24235	24188	0.0	23.1
LC738874.1	LC738875.1	43.750	16	9	0	128301	128254	25184	25231	3.34e-40	23.1
LC738874.1	LC738875.1	72.727	11	3	0	71207	71175	25285	25317	3.45e-76	23.1
LC738874.1	LC738875.1	37.143	35	22	0	1362	1258	25558	25454	0.0	23.1
LC738874.1	LC738875.1	61.538	13	5	0	174003	173965	27485	27523	9.27e-104	23.1
LC738874.1	LC738875.1	37.037	27	17	0	27424	27344	37516	37436	1.55e-122	23.1
LC738874.1	LC738875.1	47.368	19	10	0	197216	197272	39655	39599	5.4	23.1
LC738874.1	LC738875.1	45.000	20	11	0	2650	2709	39615	39674	1.35e-25	23.1
LC738874.1	LC738875.1	32.432	37	25	0	91267	91157	39754	39644	1.9	23.1
LC738874.1	LC738875.1	63.636	11	4	0	197216	197248	39682	39714	5.4	23.1
LC738874.1	LC738875.1	38.095	21	13	0	51799	51737	41894	41832	1.55e-122	23.1
LC738874.1	LC738875.1	87.500	8	1	0	52514	52491	42456	42433	1.55e-122	23.1
LC738874.1	LC738875.1	88.889	9	1	0	4943	4917	42943	42917	0.0	23.1
LC738874.1	LC738875.1	64.286	14	5	0	92284	92243	47495	47454	8.07e-141	23.1
LC738874.1	LC738875.1	50.000	18	9	0	178462	178409	55170	55223	8.82e-23	23.1
LC738874.1	LC738875.1	33.333	27	18	0	54961	54881	55754	55674	1.55e-122	23.1
LC738874.1	LC738875.1	36.000	25	16	0	173070	172996	58410	58484	8.82e-23	23.1
LC738874.1	LC738875.1	46.154	26	14	0	79200	79123	60436	60359	0.0	23.1
LC738874.1	LC738875.1	38.889	18	11	0	67477	67424	73433	73380	1.55e-122	23.1
LC738874.1	LC738875.1	40.000	25	15	0	40780	40706	77692	77618	0.0	23.1
LC738874.1	LC738875.1	36.000	25	16	0	32128	32202	79647	79573	1.27e-75	23.1
LC738874.1	LC738875.1	26.471	34	25	0	160784	160885	80208	80309	3.43e-73	23.1
LC738874.1	LC738875.1	66.667	12	4	0	273416	273381	84353	84388	0.0	23.1
LC738874.1	LC738875.1	29.412	17	12	0	283257	283307	84848	84798	0.0	23.1
LC738874.1	LC738875.1	50.000	14	7	0	7253	7212	88763	88804	6.6	23.1
LC738874.1	LC738875.1	40.000	15	9	0	10523	10567	90519	90563	0.0	23.1
LC738874.1	LC738875.1	24.324	37	28	0	244815	244705	90540	90650	6.6	23.1
LC738874.1	LC738875.1	58.333	12	5	0	4999	5034	90632	90597	1.27e-75	23.1
LC738874.1	LC738875.1	66.667	12	4	0	94770	94735	92475	92440	1.31e-71	23.1
LC738874.1	LC738875.1	25.926	27	20	0	75443	75523	98379	98459	0.0	23.1
LC738874.1	LC738875.1	47.059	17	9	0	221856	221906	104699	104749	2.42e-35	23.1
LC738874.1	LC738875.1	34.783	23	15	0	234958	235026	122571	122639	2.42e-35	23.1
LC738874.1	LC738875.1	42.857	21	12	0	135138	135076	123657	123595	1.31e-71	23.1
LC738874.1	LC738875.1	35.484	31	20	0	110567	110659	124864	124956	2.88e-84	23.1
LC738874.1	LC738875.1	45.000	20	11	0	252905	252846	126712	126771	0.0	23.1
LC738874.1	LC738875.1	36.000	25	16	0	269673	269599	126995	127069	0.0	23.1
LC738874.1	LC738875.1	29.167	24	17	0	5216	5145	139891	139962	3.45e-76	23.1
LC738874.1	LC738875.1	32.258	31	21	0	48008	48100	145510	145602	4.79e-126	23.1
LC738874.1	LC738875.1	42.105	19	11	0	249229	249285	155652	155596	0.0	23.1
LC738874.1	LC738875.1	61.538	13	5	0	172713	172675	156689	156727	0.36	23.1
LC738874.1	LC738875.1	24.528	53	40	0	149928	149770	159721	159563	1.31e-71	23.1
LC738874.1	LC738875.1	36.667	30	19	0	119184	119095	159718	159807	8.82e-23	23.1
LC738874.1	LC738875.1	30.769	26	18	0	149382	149459	176751	176828	0.0	23.1
LC738874.1	LC738875.1	31.818	22	15	0	179370	179305	178265	178200	1.31e-71	23.1
LC738874.1	LC738875.1	19.231	78	63	0	124632	124865	179663	179896	4.79e-126	23.1
LC738874.1	LC738875.1	34.375	32	21	0	110260	110165	187167	187262	8.82e-23	23.1
LC738874.1	LC738875.1	53.333	15	7	0	242510	242466	197378	197422	0.0	23.1
LC738874.1	LC738875.1	54.545	11	5	0	148459	148491	200382	200414	4.79e-126	23.1
LC738874.1	LC738875.1	37.500	16	10	0	72471	72518	202539	202492	4.29e-140	23.1
LC738874.1	LC738875.1	50.000	16	8	0	134122	134075	202810	202763	3.37e-90	23.1
LC738874.1	LC738875.1	63.636	11	4	0	108808	108776	203152	203184	8.82e-23	23.1
LC738874.1	LC738875.1	32.143	28	19	0	15610	15693	210309	210392	7.01e-71	23.1
LC738874.1	LC738875.1	46.667	15	8	0	142997	142953	211060	211016	3.37e-90	23.1
LC738874.1	LC738875.1	40.000	20	12	0	169001	168942	212800	212741	1.55e-122	23.1
LC738874.1	LC738875.1	34.483	29	19	0	174885	174971	213686	213772	2.88e-84	23.1
LC738874.1	LC738875.1	42.857	21	12	0	180287	180225	228636	228574	1.31e-71	23.1
LC738874.1	LC738875.1	47.059	17	9	0	180287	180237	231963	231913	1.55e-122	23.1
LC738874.1	LC738875.1	42.857	21	12	0	180287	180225	232679	232617	3.37e-90	23.1
LC738874.1	LC738875.1	47.059	17	9	0	180287	180237	236462	236412	0.0	23.1
LC738874.1	LC738875.1	77.778	9	2	0	171690	171664	237387	237361	0.0	23.1
LC738874.1	LC738875.1	90.000	10	1	0	599	628	239003	238974	1.27e-75	23.1
LC738874.1	LC738875.1	42.857	14	8	0	180652	180611	239581	239540	0.0	23.1
LC738874.1	LC738875.1	35.294	17	11	0	184685	184735	240253	240303	3.43e-73	23.1
LC738874.1	LC738875.1	53.846	13	6	0	174039	174077	240477	240515	4.79e-126	23.1
LC738874.1	LC738875.1	50.000	24	12	0	16003	15932	241206	241135	5.08e-165	23.1
LC738874.1	LC738875.1	53.333	15	7	0	187891	187847	242247	242203	3.37e-90	23.1
LC738874.1	LC738875.1	37.500	24	15	0	195266	195195	244003	243932	8.07e-141	23.1
LC738874.1	LC738875.1	45.455	11	6	0	161482	161514	244075	244107	7.01e-71	23.1
LC738874.1	LC738875.1	39.394	33	20	0	195230	195328	244619	244717	1.31e-09	23.1
LC738874.1	LC738875.1	42.105	19	11	0	197148	197204	250952	251008	1.9	23.1
LC738874.1	LC738875.1	32.000	25	17	0	197130	197204	251085	251011	0.28	23.1
LC738874.1	LC738875.1	47.368	19	10	0	190204	190260	254410	254466	7.01e-71	23.1
LC738874.1	LC738875.1	34.615	26	17	0	222546	222623	254598	254675	0.0	23.1
LC738874.1	LC738875.1	36.000	25	16	0	247291	247217	256642	256716	0.0	23.1
LC738874.1	LC738875.1	50.000	28	14	0	244583	244666	257290	257207	0.0	23.1
LC738874.1	LC738875.1	38.235	34	21	0	159219	159320	257228	257329	6.6	23.1
LC738874.1	LC738875.1	41.667	24	14	0	7284	7355	257332	257261	6.6	23.1
LC738874.1	LC738875.1	25.714	35	26	0	17631	17527	257369	257265	8.53e-50	23.1
LC738874.1	LC738875.1	35.714	28	18	0	197121	197204	257400	257317	1.2	23.1
LC738874.1	LC738875.1	36.000	25	16	0	197130	197204	257397	257323	1.9	23.1
LC738874.1	LC738875.1	43.750	16	9	0	90898	90945	257329	257376	0.59	23.1
LC738874.1	LC738875.1	53.333	15	7	0	197216	197260	257339	257383	5.4	23.1
LC738874.1	LC738875.1	44.444	18	10	0	1697	1750	260396	260343	3.6	23.1
LC738874.1	LC738875.1	36.842	19	12	0	251510	251566	261312	261368	3.43e-73	23.1
LC738874.1	LC738875.1	25.926	27	20	0	43646	43726	261318	261398	1.2	23.1
LC738874.1	LC738875.1	50.000	12	6	0	243008	243043	261752	261717	0.0	23.1
LC738874.1	LC738875.1	33.333	15	10	0	26566	26610	261886	261930	0.0	23.1
LC738874.1	LC738875.1	41.935	31	18	0	195682	195590	266430	266338	0.0	23.1
LC738874.1	LC738875.1	58.333	12	5	0	221639	221604	266511	266476	8.07e-141	23.1
LC738874.1	LC738875.1	36.364	22	14	0	91046	91111	267667	267602	4.4	23.1
LC738874.1	LC738875.1	33.333	30	20	0	7325	7236	267623	267712	2.9	23.1
LC738874.1	LC738875.1	24.324	37	28	0	236284	236394	267737	267627	0.0	23.1
LC738874.1	LC738875.1	28.000	25	18	0	10433	10507	267636	267710	4.4	23.1
LC738874.1	LC738875.1	47.619	21	11	0	91219	91157	267721	267659	3.6	23.1
LC738874.1	LC738875.1	32.353	34	23	0	27268	27167	267662	267763	3.6	23.1
LC738874.1	LC738875.1	38.095	21	13	0	7335	7397	267725	267663	0.93	23.1
LC738874.1	LC738875.1	42.105	19	11	0	59406	59350	267752	267696	2.3	23.1
LC738874.1	LC738875.1	23.077	39	30	0	244851	244735	267817	267701	0.93	23.1
LC738874.1	LC738875.1	37.500	16	10	0	7205	7252	267709	267756	1.5	23.1
LC738874.1	LC738875.1	43.750	16	9	0	90898	90945	267757	267710	4.4	23.1
LC738874.1	LC738875.1	26.471	34	25	0	204290	204189	267818	267717	6.6	23.1
LC738874.1	LC738875.1	39.130	23	14	0	197136	197204	267820	267752	2.3	23.1
LC738874.1	LC738875.1	40.909	22	13	0	202065	202130	267820	267755	1.9	23.1
LC738874.1	LC738875.1	30.000	40	28	0	91276	91157	267879	267760	1.9	23.1
LC738874.1	LC738875.1	57.143	14	6	0	10494	10535	267768	267809	4.4	23.1
LC738874.1	LC738875.1	88.889	9	1	0	236063	236037	267806	267832	0.001	23.1
LC738874.1	LC738875.1	44.444	18	10	0	232146	232093	271190	271243	0.0	23.1
LC738874.1	LC738875.1	42.308	26	15	0	91234	91157	273135	273212	0.59	23.1
LC738874.1	LC738875.1	38.462	26	16	0	197127	197204	273143	273220	2.3	23.1
LC738874.1	LC738875.1	61.538	13	5	0	225072	225110	273144	273182	4.79e-126	23.1
LC738874.1	LC738875.1	52.941	17	8	0	73194	73244	273738	273788	2.3	23.1
LC738874.1	LC738875.1	37.500	24	15	0	255322	255393	275800	275871	0.0	23.1
LC738874.1	LC738875.1	47.059	17	9	0	180287	180237	289009	289059	0.0	23.1
LC738874.1	LC738875.1	35.000	20	13	0	160046	159987	292258	292317	0.0	23.1
LC738874.1	LC738875.1	23.256	43	33	0	91325	91197	296234	296362	6.6	23.1
LC738874.1	LC738875.1	31.429	35	24	0	186983	186879	297431	297327	8.11e-62	23.1
LC738874.1	LC738875.1	43.478	23	13	0	45789	45857	299907	299975	4.43e-118	23.1
LC738874.1	LC738875.1	31.034	29	20	0	128987	128901	305758	305844	0.0	23.1
LC738874.1	LC738875.1	54.545	11	5	0	136023	135991	306367	306335	0.0	23.1
LC738874.1	LC738875.1	36.364	22	14	0	284840	284775	306640	306575	4.44e-68	23.1
LC738874.1	LC738875.1	60.000	10	4	0	183925	183896	308148	308177	0.0	23.1
LC738874.1	LC738875.1	35.000	20	13	0	162703	162644	312564	312505	8.53e-50	23.1
LC738874.1	LC738875.1	63.636	11	4	0	61335	61303	313959	313927	9.15e-91	23.1
LC738874.1	LC738875.1	34.783	23	15	0	59506	59574	314276	314208	6.6	23.1
LC738874.1	LC738875.1	34.615	26	17	0	252536	252459	314681	314604	8.07e-141	23.1
LC738874.1	LC738875.1	50.000	18	9	0	91213	91160	316315	316262	9.15e-91	23.1
LC738874.1	LC738875.1	29.630	27	19	0	179238	179318	316525	316445	0.0	23.1
LC738874.1	LC738875.1	63.636	11	4	0	61335	61303	316505	316473	0.0	23.1
LC738874.1	LC738875.1	34.783	23	15	0	59506	59574	316822	316754	6.6	23.1
LC738874.1	LC738875.1	34.615	26	17	0	252536	252459	317227	317150	3.37e-90	23.1
LC738874.1	LC738875.1	29.032	31	22	0	75541	75633	317576	317668	1.35e-25	23.1
LC738874.1	LC738875.1	43.750	16	9	0	65904	65951	319416	319463	4.43e-118	23.1
LC738874.1	LC738875.1	37.500	16	10	0	239705	239752	321595	321642	4.79e-126	23.1
LC738874.1	LC738875.1	37.037	27	17	0	102413	102333	321880	321960	0.0	23.1
LC738874.1	LC738875.1	28.000	25	18	0	177377	177303	325644	325570	8.53e-50	23.1
LC738874.1	LC738875.1	50.000	16	8	0	257989	257942	327299	327252	1.55e-122	23.1
LC738874.1	LC738875.1	61.538	13	5	0	123683	123721	331338	331376	1.35e-25	23.1
LC738874.1	LC738875.1	40.000	25	15	0	79817	79891	332499	332425	0.0	23.1
LC738874.1	LC738875.1	45.455	22	12	0	270461	270396	332787	332722	3.37e-90	23.1
LC738874.1	LC738875.1	31.034	29	20	0	260766	260680	334396	334310	1.55e-122	23.1
LC738874.1	LC738875.1	43.750	16	9	0	166425	166472	334373	334326	0.0	23.1
LC738874.1	LC738875.1	50.000	12	6	0	68837	68872	334385	334350	0.0	23.1
LC738874.1	LC738875.1	58.333	12	5	0	153620	153655	334478	334443	0.0	23.1
LC738874.1	LC738875.1	31.818	22	15	0	6725	6660	334702	334767	8.82e-23	23.1
LC738874.1	LC738875.1	61.538	13	5	0	167615	167653	336595	336633	0.0	23.1
LC738874.1	LC738875.1	36.000	25	16	0	195813	195739	338206	338280	0.0	23.1
LC738874.1	LC738875.1	36.364	22	14	0	242339	242404	339074	339139	7.01e-71	23.1
LC738874.1	LC738875.1	25.714	35	26	0	272241	272137	342215	342111	0.0	23.1
LC738874.1	LC738875.1	46.667	15	8	0	63276	63320	342474	342430	0.0	23.1
LC738874.1	LC738875.1	38.889	18	11	0	279350	279403	342602	342655	0.0	23.1
LC738874.1	LC738875.1	30.435	23	16	0	59545	59613	344572	344504	0.0	23.1
LC738874.1	LC738875.1	44.444	27	15	0	194107	194027	346891	346811	7.19e-168	23.1
LC738874.1	LC738875.1	42.105	19	11	0	226756	226700	347158	347102	8.53e-50	23.1
LC738874.1	LC738875.1	66.667	9	3	0	233293	233267	348006	347980	7.19e-168	23.1
LC738874.1	LC738875.1	34.483	29	19	0	227118	227032	350812	350726	0.0	23.1
LC738874.1	LC738875.1	42.857	21	12	0	30370	30432	351440	351378	0.0	23.1
LC738874.1	LC738875.1	72.727	11	3	0	258893	258861	354637	354605	0.0	23.1
LC738874.1	LC738875.1	40.909	22	13	0	64072	64007	355961	356026	0.0	23.1
LC738874.1	LC738875.1	29.091	55	39	0	268383	268219	357257	357093	0.0	23.1
LC738874.1	LC738875.1	52.632	19	9	0	18007	17951	357095	357151	0.0	23.1
LC738874.1	LC738875.1	58.333	12	5	0	197169	197204	8206	8241	2.3	22.6
LC738874.1	LC738875.1	45.000	20	11	0	2650	2709	8274	8215	8.0	22.6
LC738874.1	LC738875.1	58.333	12	5	0	197169	197204	8216	8251	8.0	22.6
LC738874.1	LC738875.1	58.333	12	5	0	197169	197204	8261	8226	4.4	22.6
LC738874.1	LC738875.1	58.333	12	5	0	197169	197204	8265	8230	4.4	22.6
LC738874.1	LC738875.1	58.333	12	5	0	197169	197204	8271	8236	2.9	22.6
LC738874.1	LC738875.1	38.095	21	13	0	197216	197278	10849	10787	3.6	22.6
LC738874.1	LC738875.1	53.333	15	7	0	7208	7252	10814	10858	1.5	22.6
LC738874.1	LC738875.1	58.333	12	5	0	197169	197204	10822	10857	6.6	22.6
LC738874.1	LC738875.1	58.333	12	5	0	197169	197204	10824	10859	2.9	22.6
LC738874.1	LC738875.1	58.333	12	5	0	197169	197204	10875	10840	8.0	22.6
LC738874.1	LC738875.1	63.636	11	4	0	197216	197248	10846	10878	6.6	22.6
LC738874.1	LC738875.1	47.619	21	11	0	234266	234328	37436	37374	3.89e-16	22.6
LC738874.1	LC738875.1	66.667	15	5	0	234051	234095	37722	37678	1.34e-05	22.6
LC738874.1	LC738875.1	26.923	26	19	0	91289	91212	39582	39659	0.011	22.6
LC738874.1	LC738875.1	58.333	12	5	0	197169	197204	39624	39659	2.9	22.6
LC738874.1	LC738875.1	58.333	12	5	0	197169	197204	39626	39661	2.9	22.6
LC738874.1	LC738875.1	58.333	12	5	0	197169	197204	39628	39663	2.9	22.6
LC738874.1	LC738875.1	58.333	12	5	0	197169	197204	39630	39665	2.9	22.6
LC738874.1	LC738875.1	58.333	12	5	0	197169	197204	39632	39667	2.9	22.6
LC738874.1	LC738875.1	58.333	12	5	0	197169	197204	39634	39669	2.9	22.6
LC738874.1	LC738875.1	58.333	12	5	0	197169	197204	39636	39671	2.9	22.6
LC738874.1	LC738875.1	58.333	12	5	0	197169	197204	39638	39673	2.9	22.6
LC738874.1	LC738875.1	58.333	12	5	0	197169	197204	39640	39675	2.9	22.6
LC738874.1	LC738875.1	58.333	12	5	0	197169	197204	39642	39677	2.9	22.6
LC738874.1	LC738875.1	58.333	12	5	0	197169	197204	39644	39679	2.9	22.6
LC738874.1	LC738875.1	58.333	12	5	0	197169	197204	39646	39681	2.9	22.6
LC738874.1	LC738875.1	58.333	12	5	0	197169	197204	39683	39648	5.4	22.6
LC738874.1	LC738875.1	58.333	12	5	0	197169	197204	39650	39685	2.9	22.6
LC738874.1	LC738875.1	58.333	12	5	0	197169	197204	39652	39687	2.9	22.6
LC738874.1	LC738875.1	58.333	12	5	0	197169	197204	39687	39652	2.9	22.6
LC738874.1	LC738875.1	58.333	12	5	0	197169	197204	39654	39689	2.9	22.6
LC738874.1	LC738875.1	58.333	12	5	0	197169	197204	39689	39654	2.9	22.6
LC738874.1	LC738875.1	58.333	12	5	0	197169	197204	39656	39691	5.4	22.6
LC738874.1	LC738875.1	58.333	12	5	0	197169	197204	39691	39656	2.9	22.6
LC738874.1	LC738875.1	58.333	12	5	0	197169	197204	39693	39658	2.9	22.6
LC738874.1	LC738875.1	58.333	12	5	0	197169	197204	39695	39660	2.9	22.6
LC738874.1	LC738875.1	58.333	12	5	0	197169	197204	39697	39662	2.9	22.6
LC738874.1	LC738875.1	58.333	12	5	0	197169	197204	39699	39664	2.9	22.6
LC738874.1	LC738875.1	58.333	12	5	0	197169	197204	39701	39666	2.9	22.6
LC738874.1	LC738875.1	58.333	12	5	0	197169	197204	39703	39668	2.9	22.6
LC738874.1	LC738875.1	58.333	12	5	0	197169	197204	39705	39670	2.9	22.6
LC738874.1	LC738875.1	58.333	12	5	0	197169	197204	39707	39672	2.3	22.6
LC738874.1	LC738875.1	58.333	12	5	0	197169	197204	39709	39674	2.9	22.6
LC738874.1	LC738875.1	58.333	12	5	0	197169	197204	39713	39678	1.5	22.6
LC738874.1	LC738875.1	58.333	12	5	0	197169	197204	42956	42991	3.6	22.6
LC738874.1	LC738875.1	57.143	14	6	0	134119	134078	56433	56392	6.6	22.6
LC738874.1	LC738875.1	38.889	18	11	0	134297	134244	56604	56551	6.6	22.6
LC738874.1	LC738875.1	58.333	12	5	0	197169	197204	88745	88780	1.9	22.6
LC738874.1	LC738875.1	58.333	12	5	0	197169	197204	88747	88782	2.9	22.6
LC738874.1	LC738875.1	58.333	12	5	0	197169	197204	88749	88784	8.0	22.6
LC738874.1	LC738875.1	58.333	12	5	0	197169	197204	88800	88765	2.9	22.6
LC738874.1	LC738875.1	58.333	12	5	0	197169	197204	90542	90577	2.9	22.6
LC738874.1	LC738875.1	58.333	12	5	0	197169	197204	90544	90579	2.9	22.6
LC738874.1	LC738875.1	58.333	12	5	0	197169	197204	90546	90581	2.9	22.6
LC738874.1	LC738875.1	58.333	12	5	0	197169	197204	90548	90583	2.9	22.6
LC738874.1	LC738875.1	58.333	12	5	0	197169	197204	90550	90585	2.9	22.6
LC738874.1	LC738875.1	58.333	12	5	0	197169	197204	90552	90587	2.9	22.6
LC738874.1	LC738875.1	58.333	12	5	0	197169	197204	90554	90589	2.9	22.6
LC738874.1	LC738875.1	58.333	12	5	0	197169	197204	90556	90591	2.9	22.6
LC738874.1	LC738875.1	58.333	12	5	0	197169	197204	90558	90593	2.9	22.6
LC738874.1	LC738875.1	58.333	12	5	0	197169	197204	90593	90558	8.0	22.6
LC738874.1	LC738875.1	58.333	12	5	0	197169	197204	90560	90595	2.9	22.6
LC738874.1	LC738875.1	58.333	12	5	0	197169	197204	90595	90560	2.9	22.6
LC738874.1	LC738875.1	58.333	12	5	0	197169	197204	90562	90597	2.9	22.6
LC738874.1	LC738875.1	58.333	12	5	0	197169	197204	90597	90562	2.9	22.6
LC738874.1	LC738875.1	58.333	12	5	0	197169	197204	90564	90599	2.9	22.6
LC738874.1	LC738875.1	58.333	12	5	0	197169	197204	90599	90564	2.9	22.6
LC738874.1	LC738875.1	58.333	12	5	0	197169	197204	90568	90603	8.0	22.6
LC738874.1	LC738875.1	58.333	12	5	0	197169	197204	90603	90568	2.9	22.6
LC738874.1	LC738875.1	58.333	12	5	0	197169	197204	90605	90570	2.9	22.6
LC738874.1	LC738875.1	58.333	12	5	0	197169	197204	90607	90572	2.9	22.6
LC738874.1	LC738875.1	58.333	12	5	0	197169	197204	90609	90574	2.9	22.6
LC738874.1	LC738875.1	58.333	12	5	0	197169	197204	90611	90576	2.9	22.6
LC738874.1	LC738875.1	58.333	12	5	0	197169	197204	90613	90578	2.9	22.6
LC738874.1	LC738875.1	58.333	12	5	0	197169	197204	90617	90582	2.9	22.6
LC738874.1	LC738875.1	58.333	12	5	0	197169	197204	90619	90584	2.9	22.6
LC738874.1	LC738875.1	58.333	12	5	0	197169	197204	90621	90586	2.9	22.6
LC738874.1	LC738875.1	58.333	12	5	0	197169	197204	90623	90588	2.9	22.6
LC738874.1	LC738875.1	50.000	18	9	0	248186	248133	104750	104697	0.22	22.6
LC738874.1	LC738875.1	46.154	13	7	0	114021	113983	153262	153300	3.6	22.6
LC738874.1	LC738875.1	42.105	19	11	0	197216	197272	163552	163608	0.59	22.6
LC738874.1	LC738875.1	50.000	16	8	0	193264	193217	240959	240912	3.37e-25	22.6
LC738874.1	LC738875.1	51.351	37	18	0	196206	196096	241722	241612	6.98e-24	22.6
LC738874.1	LC738875.1	46.154	39	21	0	192227	192343	242111	242227	3.31e-55	22.6
LC738874.1	LC738875.1	69.231	13	4	0	187409	187447	245186	245224	6.49e-64	22.6
LC738874.1	LC738875.1	69.231	13	4	0	189935	189973	246121	246159	3.6	22.6
LC738874.1	LC738875.1	57.143	14	6	0	91040	91081	250958	250999	1.5	22.6
LC738874.1	LC738875.1	58.333	12	5	0	197169	197204	250977	251012	2.3	22.6
LC738874.1	LC738875.1	58.333	12	5	0	197169	197204	250979	251014	2.9	22.6
LC738874.1	LC738875.1	58.333	12	5	0	197169	197204	250981	251016	2.9	22.6
LC738874.1	LC738875.1	58.333	12	5	0	197169	197204	250983	251018	2.9	22.6
LC738874.1	LC738875.1	58.333	12	5	0	197169	197204	250985	251020	2.9	22.6
LC738874.1	LC738875.1	58.333	12	5	0	197169	197204	250989	251024	2.9	22.6
LC738874.1	LC738875.1	58.333	12	5	0	197169	197204	250991	251026	2.9	22.6
LC738874.1	LC738875.1	58.333	12	5	0	197169	197204	250993	251028	2.9	22.6
LC738874.1	LC738875.1	58.333	12	5	0	197169	197204	250995	251030	2.9	22.6
LC738874.1	LC738875.1	58.333	12	5	0	197169	197204	250997	251032	2.9	22.6
LC738874.1	LC738875.1	58.333	12	5	0	197169	197204	251036	251001	2.9	22.6
LC738874.1	LC738875.1	58.333	12	5	0	197169	197204	251040	251005	2.9	22.6
LC738874.1	LC738875.1	58.333	12	5	0	197169	197204	251042	251007	2.9	22.6
LC738874.1	LC738875.1	58.333	12	5	0	197169	197204	251044	251009	2.9	22.6
LC738874.1	LC738875.1	58.333	12	5	0	197169	197204	251048	251013	2.9	22.6
LC738874.1	LC738875.1	58.333	12	5	0	197169	197204	251050	251015	2.9	22.6
LC738874.1	LC738875.1	58.333	12	5	0	197169	197204	251052	251017	2.9	22.6
LC738874.1	LC738875.1	58.333	12	5	0	197169	197204	251054	251019	2.3	22.6
LC738874.1	LC738875.1	58.333	12	5	0	197169	197204	251056	251021	2.3	22.6
LC738874.1	LC738875.1	58.333	12	5	0	197169	197204	251058	251023	0.93	22.6
LC738874.1	LC738875.1	52.381	21	10	0	197142	197204	257248	257310	1.5	22.6
LC738874.1	LC738875.1	58.333	12	5	0	197169	197204	257279	257314	1.9	22.6
LC738874.1	LC738875.1	58.333	12	5	0	197169	197204	257281	257316	2.9	22.6
LC738874.1	LC738875.1	58.333	12	5	0	197169	197204	257283	257318	2.9	22.6
LC738874.1	LC738875.1	58.333	12	5	0	197169	197204	257285	257320	2.9	22.6
LC738874.1	LC738875.1	58.333	12	5	0	197169	197204	257287	257322	2.9	22.6
LC738874.1	LC738875.1	58.333	12	5	0	197169	197204	257289	257324	2.9	22.6
LC738874.1	LC738875.1	58.333	12	5	0	197169	197204	257293	257328	2.9	22.6
LC738874.1	LC738875.1	58.333	12	5	0	197169	197204	257295	257330	2.9	22.6
LC738874.1	LC738875.1	58.333	12	5	0	197169	197204	257297	257332	2.9	22.6
LC738874.1	LC738875.1	58.333	12	5	0	197169	197204	257299	257334	2.9	22.6
LC738874.1	LC738875.1	58.333	12	5	0	197169	197204	257336	257301	8.0	22.6
LC738874.1	LC738875.1	58.333	12	5	0	197169	197204	257301	257336	2.9	22.6
LC738874.1	LC738875.1	58.333	12	5	0	197169	197204	257303	257338	2.9	22.6
LC738874.1	LC738875.1	58.333	12	5	0	197169	197204	257340	257305	2.9	22.6
LC738874.1	LC738875.1	58.333	12	5	0	197169	197204	257305	257340	2.9	22.6
LC738874.1	LC738875.1	58.333	12	5	0	197169	197204	257342	257307	2.9	22.6
LC738874.1	LC738875.1	58.333	12	5	0	197169	197204	257307	257342	2.9	22.6
LC738874.1	LC738875.1	58.333	12	5	0	197169	197204	257344	257309	2.9	22.6
LC738874.1	LC738875.1	58.333	12	5	0	197169	197204	257309	257344	2.9	22.6
LC738874.1	LC738875.1	58.333	12	5	0	197169	197204	257311	257346	5.4	22.6
LC738874.1	LC738875.1	58.333	12	5	0	197169	197204	257348	257313	2.9	22.6
LC738874.1	LC738875.1	58.333	12	5	0	197169	197204	257313	257348	2.9	22.6
LC738874.1	LC738875.1	58.333	12	5	0	197169	197204	257350	257315	2.9	22.6
LC738874.1	LC738875.1	58.333	12	5	0	197169	197204	257354	257319	2.9	22.6
LC738874.1	LC738875.1	58.333	12	5	0	197169	197204	257356	257321	2.9	22.6
LC738874.1	LC738875.1	58.333	12	5	0	197169	197204	257360	257325	2.9	22.6
LC738874.1	LC738875.1	58.333	12	5	0	197169	197204	257362	257327	2.9	22.6
LC738874.1	LC738875.1	58.333	12	5	0	197169	197204	257364	257329	2.9	22.6
LC738874.1	LC738875.1	47.059	17	9	0	59287	59237	257330	257380	3.6	22.6
LC738874.1	LC738875.1	58.333	12	5	0	197169	197204	257366	257331	2.3	22.6
LC738874.1	LC738875.1	58.333	12	5	0	197169	197204	257368	257333	2.9	22.6
LC738874.1	LC738875.1	47.059	17	9	0	244622	244572	257388	257338	0.75	22.6
LC738874.1	LC738875.1	54.545	11	5	0	132038	132006	261312	261344	3.6	22.6
LC738874.1	LC738875.1	41.667	12	7	0	131905	131870	261337	261372	4.4	22.6
LC738874.1	LC738875.1	30.000	30	21	0	4678	4767	267670	267581	1.9	22.6
LC738874.1	LC738875.1	37.500	16	10	0	243005	243052	267659	267612	8.0	22.6
LC738874.1	LC738875.1	50.000	14	7	0	7211	7252	267628	267669	7.13e-05	22.6
LC738874.1	LC738875.1	58.333	12	5	0	197169	197204	267629	267664	2.9	22.6
LC738874.1	LC738875.1	58.333	12	5	0	197169	197204	267631	267666	2.9	22.6
LC738874.1	LC738875.1	58.333	12	5	0	197169	197204	267633	267668	2.9	22.6
LC738874.1	LC738875.1	58.333	12	5	0	197169	197204	267635	267670	2.9	22.6
LC738874.1	LC738875.1	58.333	12	5	0	197169	197204	267637	267672	2.9	22.6
LC738874.1	LC738875.1	58.333	12	5	0	197169	197204	267639	267674	2.9	22.6
LC738874.1	LC738875.1	58.333	12	5	0	197169	197204	267641	267676	2.9	22.6
LC738874.1	LC738875.1	58.333	12	5	0	197169	197204	267643	267678	2.9	22.6
LC738874.1	LC738875.1	58.333	12	5	0	197169	197204	267645	267680	2.9	22.6
LC738874.1	LC738875.1	58.333	12	5	0	197169	197204	267647	267682	2.9	22.6
LC738874.1	LC738875.1	58.333	12	5	0	197169	197204	267649	267684	2.9	22.6
LC738874.1	LC738875.1	58.333	12	5	0	197169	197204	267651	267686	2.9	22.6
LC738874.1	LC738875.1	58.333	12	5	0	197169	197204	267653	267688	2.9	22.6
LC738874.1	LC738875.1	58.333	12	5	0	197169	197204	267655	267690	2.9	22.6
LC738874.1	LC738875.1	58.333	12	5	0	197169	197204	267657	267692	2.9	22.6
LC738874.1	LC738875.1	58.333	12	5	0	197169	197204	267659	267694	2.9	22.6
LC738874.1	LC738875.1	58.333	12	5	0	197169	197204	267661	267696	2.9	22.6
LC738874.1	LC738875.1	58.333	12	5	0	197169	197204	267698	267663	2.9	22.6
LC738874.1	LC738875.1	58.333	12	5	0	197169	197204	267663	267698	2.9	22.6
LC738874.1	LC738875.1	58.333	12	5	0	197169	197204	267700	267665	8.0	22.6
LC738874.1	LC738875.1	58.333	12	5	0	197169	197204	267665	267700	2.9	22.6
LC738874.1	LC738875.1	58.333	12	5	0	197169	197204	267702	267667	2.9	22.6
LC738874.1	LC738875.1	58.333	12	5	0	197169	197204	267667	267702	2.9	22.6
LC738874.1	LC738875.1	58.333	12	5	0	197169	197204	267704	267669	2.9	22.6
LC738874.1	LC738875.1	58.333	12	5	0	197169	197204	267669	267704	2.9	22.6
LC738874.1	LC738875.1	58.333	12	5	0	197169	197204	267706	267671	2.9	22.6
LC738874.1	LC738875.1	58.333	12	5	0	197169	197204	267671	267706	2.9	22.6
LC738874.1	LC738875.1	44.444	18	10	0	91046	91099	267672	267725	4.4	22.6
LC738874.1	LC738875.1	58.333	12	5	0	197169	197204	267708	267673	2.9	22.6
LC738874.1	LC738875.1	58.333	12	5	0	197169	197204	267673	267708	2.9	22.6
LC738874.1	LC738875.1	58.333	12	5	0	197169	197204	267710	267675	2.9	22.6
LC738874.1	LC738875.1	58.333	12	5	0	197169	197204	267675	267710	2.9	22.6
LC738874.1	LC738875.1	58.333	12	5	0	197169	197204	267712	267677	2.9	22.6
LC738874.1	LC738875.1	58.333	12	5	0	197169	197204	267677	267712	2.9	22.6
LC738874.1	LC738875.1	35.294	17	11	0	7211	7261	267754	267704	0.059	22.6
LC738874.1	LC738875.1	58.333	12	5	0	197169	197204	267747	267712	2.9	22.6
LC738874.1	LC738875.1	58.333	12	5	0	197169	197204	267749	267714	2.9	22.6
LC738874.1	LC738875.1	58.333	12	5	0	197169	197204	267714	267749	2.9	22.6
LC738874.1	LC738875.1	58.333	12	5	0	197169	197204	267751	267716	2.9	22.6
LC738874.1	LC738875.1	58.333	12	5	0	197169	197204	267716	267751	2.9	22.6
LC738874.1	LC738875.1	29.412	34	24	0	7337	7236	267819	267718	3.6	22.6
LC738874.1	LC738875.1	58.333	12	5	0	197169	197204	267753	267718	2.9	22.6
LC738874.1	LC738875.1	58.333	12	5	0	197169	197204	267718	267753	2.9	22.6
LC738874.1	LC738875.1	37.037	27	17	0	7316	7236	267800	267720	3.6	22.6
LC738874.1	LC738875.1	58.333	12	5	0	197169	197204	267755	267720	2.9	22.6
LC738874.1	LC738875.1	58.333	12	5	0	197169	197204	267720	267755	2.9	22.6
LC738874.1	LC738875.1	58.333	12	5	0	197169	197204	267757	267722	2.9	22.6
LC738874.1	LC738875.1	58.333	12	5	0	197169	197204	267722	267757	2.9	22.6
LC738874.1	LC738875.1	58.333	12	5	0	197169	197204	267759	267724	2.9	22.6
LC738874.1	LC738875.1	58.333	12	5	0	197169	197204	267724	267759	2.9	22.6
LC738874.1	LC738875.1	58.333	12	5	0	197169	197204	267761	267726	2.9	22.6
LC738874.1	LC738875.1	58.333	12	5	0	197169	197204	267726	267761	2.9	22.6
LC738874.1	LC738875.1	58.333	12	5	0	197169	197204	267763	267728	2.9	22.6
LC738874.1	LC738875.1	58.333	12	5	0	197169	197204	267728	267763	2.9	22.6
LC738874.1	LC738875.1	58.333	12	5	0	197169	197204	267765	267730	2.9	22.6
LC738874.1	LC738875.1	58.333	12	5	0	197169	197204	267730	267765	2.9	22.6
LC738874.1	LC738875.1	58.333	12	5	0	197169	197204	267767	267732	2.9	22.6
LC738874.1	LC738875.1	58.333	12	5	0	197169	197204	267732	267767	2.9	22.6
LC738874.1	LC738875.1	58.333	12	5	0	197169	197204	267769	267734	2.9	22.6
LC738874.1	LC738875.1	44.000	25	14	0	225141	225067	267812	267738	8.0	22.6
LC738874.1	LC738875.1	58.333	12	5	0	197169	197204	267773	267738	2.9	22.6
LC738874.1	LC738875.1	58.333	12	5	0	197169	197204	267775	267740	2.9	22.6
LC738874.1	LC738875.1	29.167	24	17	0	254973	254902	267813	267742	1.2	22.6
LC738874.1	LC738875.1	58.333	12	5	0	197169	197204	267777	267742	2.9	22.6
LC738874.1	LC738875.1	58.333	12	5	0	197169	197204	267779	267744	2.9	22.6
LC738874.1	LC738875.1	58.333	12	5	0	197169	197204	267781	267746	2.9	22.6
LC738874.1	LC738875.1	58.333	12	5	0	197169	197204	267783	267748	2.9	22.6
LC738874.1	LC738875.1	58.333	12	5	0	197169	197204	267785	267750	2.9	22.6
LC738874.1	LC738875.1	45.455	22	12	0	131837	131902	267816	267751	0.10	22.6
LC738874.1	LC738875.1	58.333	12	5	0	197169	197204	267789	267754	2.9	22.6
LC738874.1	LC738875.1	58.333	12	5	0	197169	197204	267791	267756	2.9	22.6
LC738874.1	LC738875.1	58.333	12	5	0	197169	197204	267793	267758	2.9	22.6
LC738874.1	LC738875.1	58.333	12	5	0	197169	197204	267797	267762	2.9	22.6
LC738874.1	LC738875.1	58.333	12	5	0	197169	197204	267799	267764	2.9	22.6
LC738874.1	LC738875.1	63.636	11	4	0	233937	233969	270179	270147	6.6	22.6
LC738874.1	LC738875.1	87.500	8	1	0	233912	233935	270195	270172	6.6	22.6
LC738874.1	LC738875.1	58.333	12	5	0	197169	197204	273157	273192	2.9	22.6
LC738874.1	LC738875.1	58.333	12	5	0	197169	197204	273159	273194	2.9	22.6
LC738874.1	LC738875.1	58.333	12	5	0	197169	197204	273161	273196	2.9	22.6
LC738874.1	LC738875.1	58.333	12	5	0	197169	197204	273163	273198	2.9	22.6
LC738874.1	LC738875.1	58.333	12	5	0	197169	197204	273165	273200	2.9	22.6
LC738874.1	LC738875.1	58.333	12	5	0	197169	197204	273167	273202	2.9	22.6
LC738874.1	LC738875.1	58.333	12	5	0	197169	197204	273169	273204	2.9	22.6
LC738874.1	LC738875.1	58.333	12	5	0	197169	197204	273171	273206	2.9	22.6
LC738874.1	LC738875.1	58.333	12	5	0	197169	197204	273173	273208	2.9	22.6
LC738874.1	LC738875.1	58.333	12	5	0	197169	197204	273175	273210	2.9	22.6
LC738874.1	LC738875.1	58.333	12	5	0	197169	197204	273212	273177	2.9	22.6
LC738874.1	LC738875.1	58.333	12	5	0	197169	197204	273177	273212	2.9	22.6
LC738874.1	LC738875.1	58.333	12	5	0	197169	197204	273214	273179	2.9	22.6
LC738874.1	LC738875.1	58.333	12	5	0	197169	197204	273181	273216	2.9	22.6
LC738874.1	LC738875.1	58.333	12	5	0	197169	197204	273218	273183	2.9	22.6
LC738874.1	LC738875.1	58.333	12	5	0	197169	197204	273220	273185	2.9	22.6
LC738874.1	LC738875.1	58.333	12	5	0	197169	197204	273224	273189	2.9	22.6
LC738874.1	LC738875.1	58.333	12	5	0	197169	197204	273226	273191	2.9	22.6
LC738874.1	LC738875.1	58.333	12	5	0	197169	197204	273228	273193	2.9	22.6
LC738874.1	LC738875.1	58.333	12	5	0	197169	197204	273230	273195	2.9	22.6
LC738874.1	LC738875.1	58.333	12	5	0	197169	197204	273234	273199	2.9	22.6
LC738874.1	LC738875.1	58.333	12	5	0	197169	197204	273236	273201	2.9	22.6
LC738874.1	LC738875.1	41.176	17	10	0	32552	32502	274685	274635	2.71e-15	22.6
LC738874.1	LC738875.1	42.105	19	11	0	29366	29422	503	447	1.9	22.1
LC738874.1	LC738875.1	29.412	34	24	0	180793	180692	6935	7036	1.55e-31	22.1
LC738874.1	LC738875.1	40.909	22	13	0	187538	187473	7217	7282	2.3	22.1
LC738874.1	LC738875.1	45.455	33	18	0	182263	182165	7805	7903	3.44e-23	22.1
LC738874.1	LC738875.1	50.000	12	6	0	197169	197204	8200	8235	2.9	22.1
LC738874.1	LC738875.1	42.857	14	8	0	7211	7252	8205	8246	3.6	22.1
LC738874.1	LC738875.1	58.333	12	5	0	197169	197204	8212	8247	3.6	22.1
LC738874.1	LC738875.1	45.455	22	12	0	2613	2678	8313	8248	8.0	22.1
LC738874.1	LC738875.1	63.636	11	4	0	197216	197248	8248	8280	8.0	22.1
LC738874.1	LC738875.1	66.667	9	3	0	59297	59271	8417	8443	6.6	22.1
LC738874.1	LC738875.1	45.455	11	6	0	131904	131872	10846	10814	1.9	22.1
LC738874.1	LC738875.1	58.333	12	5	0	197169	197204	10818	10853	3.6	22.1
LC738874.1	LC738875.1	63.636	11	4	0	197216	197248	10851	10819	8.0	22.1
LC738874.1	LC738875.1	42.857	14	8	0	7211	7252	39625	39666	0.93	22.1
LC738874.1	LC738875.1	42.857	14	8	0	7211	7252	39627	39668	5.4	22.1
LC738874.1	LC738875.1	42.857	14	8	0	7211	7252	39629	39670	5.4	22.1
LC738874.1	LC738875.1	31.818	22	15	0	202055	202120	39649	39714	2.9	22.1
LC738874.1	LC738875.1	50.000	12	6	0	7217	7252	39714	39679	0.59	22.1
LC738874.1	LC738875.1	44.444	18	10	0	178619	178566	56588	56535	5.4	22.1
LC738874.1	LC738875.1	50.000	14	7	0	91213	91254	88725	88684	3.6	22.1
LC738874.1	LC738875.1	46.667	15	8	0	7328	7284	88734	88778	6.6	22.1
LC738874.1	LC738875.1	53.846	13	6	0	197216	197254	88777	88815	8.0	22.1
LC738874.1	LC738875.1	50.000	14	7	0	91213	91254	90512	90471	5.4	22.1
LC738874.1	LC738875.1	42.857	14	8	0	197216	197257	90561	90520	8.0	22.1
LC738874.1	LC738875.1	53.846	13	6	0	197216	197254	90600	90638	8.0	22.1
LC738874.1	LC738875.1	46.667	15	8	0	244646	244602	90731	90775	6.6	22.1
LC738874.1	LC738875.1	60.000	10	4	0	248117	248088	104603	104574	9.8	22.1
LC738874.1	LC738875.1	47.059	17	9	0	248183	248133	104675	104625	9.8	22.1
LC738874.1	LC738875.1	47.059	17	9	0	248183	248133	153256	153306	9.8	22.1
LC738874.1	LC738875.1	60.000	10	4	0	248117	248088	153292	153321	9.8	22.1
LC738874.1	LC738875.1	50.000	16	8	0	174633	174586	154697	154744	3.6	22.1
LC738874.1	LC738875.1	42.857	21	12	0	251989	251927	170957	170895	6.81e-11	22.1
LC738874.1	LC738875.1	35.000	20	13	0	42929	42988	218615	218674	3.6	22.1
LC738874.1	LC738875.1	46.667	15	8	0	190192	190148	242155	242111	4.4	22.1
LC738874.1	LC738875.1	66.667	12	4	0	180312	180277	245116	245081	8.00e-20	22.1
LC738874.1	LC738875.1	66.667	12	4	0	193929	193894	245116	245081	5.05e-31	22.1
LC738874.1	LC738875.1	60.000	15	6	0	192227	192271	245505	245549	3.41e-57	22.1
LC738874.1	LC738875.1	63.636	11	4	0	91050	91082	250970	251002	5.4	22.1
LC738874.1	LC738875.1	38.889	18	11	0	197151	197204	251080	251027	3.6	22.1
LC738874.1	LC738875.1	63.636	11	4	0	132018	131986	253460	253492	4.4	22.1
LC738874.1	LC738875.1	47.368	19	10	0	29366	29422	253591	253647	4.4	22.1
LC738874.1	LC738875.1	30.000	20	14	0	43646	43705	254401	254460	3.6	22.1
LC738874.1	LC738875.1	47.368	19	10	0	197216	197272	257308	257252	8.0	22.1
LC738874.1	LC738875.1	42.857	14	8	0	7211	7252	257280	257321	0.93	22.1
LC738874.1	LC738875.1	42.857	14	8	0	7211	7252	257282	257323	1.5	22.1
LC738874.1	LC738875.1	42.857	14	8	0	7211	7252	257286	257327	2.9	22.1
LC738874.1	LC738875.1	42.857	14	8	0	7211	7252	257363	257322	6.6	22.1
LC738874.1	LC738875.1	42.857	14	8	0	7211	7252	257367	257326	1.9	22.1
LC738874.1	LC738875.1	42.857	14	8	0	7211	7252	257369	257328	0.46	22.1
LC738874.1	LC738875.1	42.105	19	11	0	159297	159353	257348	257404	6.6	22.1
LC738874.1	LC738875.1	13.725	51	44	0	202276	202428	257446	257598	0.75	22.1
LC738874.1	LC738875.1	40.000	20	12	0	91155	91214	267672	267613	5.4	22.1
LC738874.1	LC738875.1	37.500	16	10	0	254949	254902	267615	267662	1.2	22.1
LC738874.1	LC738875.1	37.500	16	10	0	7205	7252	267618	267665	0.026	22.1
LC738874.1	LC738875.1	63.636	11	4	0	197216	197248	267656	267624	8.0	22.1
LC738874.1	LC738875.1	35.714	28	18	0	7316	7233	267630	267713	4.4	22.1
LC738874.1	LC738875.1	42.857	14	8	0	7211	7252	267630	267671	0.026	22.1
LC738874.1	LC738875.1	42.857	14	8	0	7211	7252	267632	267673	0.045	22.1
LC738874.1	LC738875.1	42.857	14	8	0	7211	7252	267634	267675	0.059	22.1
LC738874.1	LC738875.1	42.857	14	8	0	7211	7252	267636	267677	0.077	22.1
LC738874.1	LC738875.1	42.857	14	8	0	7211	7252	267638	267679	0.10	22.1
LC738874.1	LC738875.1	42.857	14	8	0	7211	7252	267640	267681	0.13	22.1
LC738874.1	LC738875.1	42.857	14	8	0	7211	7252	267642	267683	0.10	22.1
LC738874.1	LC738875.1	42.857	14	8	0	7211	7252	267644	267685	0.13	22.1
LC738874.1	LC738875.1	42.857	14	8	0	7211	7252	267646	267687	0.17	22.1
LC738874.1	LC738875.1	42.857	14	8	0	7211	7252	267648	267689	0.17	22.1
LC738874.1	LC738875.1	42.857	14	8	0	7211	7252	267650	267691	0.17	22.1
LC738874.1	LC738875.1	42.857	14	8	0	7211	7252	267652	267693	0.17	22.1
LC738874.1	LC738875.1	42.857	14	8	0	7211	7252	267654	267695	0.17	22.1
LC738874.1	LC738875.1	42.857	14	8	0	7211	7252	267656	267697	0.17	22.1
LC738874.1	LC738875.1	42.857	14	8	0	7211	7252	267658	267699	0.17	22.1
LC738874.1	LC738875.1	42.857	14	8	0	7211	7252	267660	267701	0.17	22.1
LC738874.1	LC738875.1	19.444	36	29	0	240436	240543	267769	267662	2.9	22.1
LC738874.1	LC738875.1	42.857	14	8	0	7211	7252	267662	267703	0.17	22.1
LC738874.1	LC738875.1	42.857	14	8	0	7211	7252	267664	267705	0.28	22.1
LC738874.1	LC738875.1	42.857	14	8	0	7211	7252	267666	267707	0.28	22.1
LC738874.1	LC738875.1	42.857	14	8	0	7211	7252	267668	267709	0.46	22.1
LC738874.1	LC738875.1	32.143	28	19	0	225065	224982	267757	267674	8.0	22.1
LC738874.1	LC738875.1	43.750	16	9	0	202160	202207	267730	267683	2.9	22.1
LC738874.1	LC738875.1	42.857	14	8	0	7211	7252	267713	267754	3.6	22.1
LC738874.1	LC738875.1	25.714	35	26	0	242924	243028	267819	267715	8.0	22.1
LC738874.1	LC738875.1	42.857	14	8	0	7211	7252	267756	267715	0.46	22.1
LC738874.1	LC738875.1	42.857	14	8	0	7211	7252	267758	267717	0.36	22.1
LC738874.1	LC738875.1	42.857	14	8	0	7211	7252	267762	267721	0.36	22.1
LC738874.1	LC738875.1	42.857	14	8	0	7211	7252	267764	267723	0.28	22.1
LC738874.1	LC738875.1	42.857	14	8	0	7211	7252	267766	267725	0.28	22.1
LC738874.1	LC738875.1	42.857	14	8	0	7211	7252	267768	267727	0.17	22.1
LC738874.1	LC738875.1	42.857	14	8	0	7211	7252	267770	267729	0.17	22.1
LC738874.1	LC738875.1	42.857	14	8	0	7211	7252	267772	267731	0.17	22.1
LC738874.1	LC738875.1	42.857	14	8	0	7211	7252	267774	267733	0.17	22.1
LC738874.1	LC738875.1	42.857	14	8	0	7211	7252	267776	267735	0.17	22.1
LC738874.1	LC738875.1	42.857	14	8	0	7211	7252	267778	267737	0.17	22.1
LC738874.1	LC738875.1	42.857	14	8	0	7211	7252	267780	267739	0.17	22.1
LC738874.1	LC738875.1	42.857	14	8	0	7211	7252	267782	267741	0.10	22.1
LC738874.1	LC738875.1	42.857	14	8	0	7211	7252	267784	267743	0.13	22.1
LC738874.1	LC738875.1	42.857	14	8	0	7211	7252	267786	267745	0.10	22.1
LC738874.1	LC738875.1	42.857	14	8	0	7211	7252	267788	267747	0.077	22.1
LC738874.1	LC738875.1	42.857	14	8	0	7211	7252	267790	267749	0.10	22.1
LC738874.1	LC738875.1	42.857	14	8	0	7211	7252	267792	267751	0.077	22.1
LC738874.1	LC738875.1	42.857	14	8	0	7211	7252	267794	267753	0.077	22.1
LC738874.1	LC738875.1	42.857	14	8	0	7211	7252	267798	267757	0.077	22.1
LC738874.1	LC738875.1	42.105	19	11	0	244279	244335	267904	267848	5.4	22.1
LC738874.1	LC738875.1	31.818	22	15	0	204412	204347	267916	267851	6.6	22.1
LC738874.1	LC738875.1	77.778	9	2	0	28828	28802	274887	274861	2.45e-08	22.1
LC738874.1	LC738875.1	53.333	15	7	0	7052	7008	274913	274869	4.66e-63	22.1
LC738874.1	LC738875.1	56.250	16	7	0	31621	31574	274981	274934	0.93	22.1
LC738874.1	LC738875.1	41.176	17	10	0	91185	91135	296426	296476	6.6	22.1
LC738874.1	LC738875.1	52.941	17	8	0	59360	59410	314374	314324	6.6	22.1
LC738874.1	LC738875.1	52.941	17	8	0	59360	59410	316920	316870	6.6	22.1
LC738874.1	LC738875.1	63.636	11	4	0	197216	197248	343085	343053	3.6	22.1
LC738874.1	LC738875.1	26.923	26	19	0	228454	228531	343157	343080	4.4	22.1
