id	section	lib	ncbi_file	function	line	why_reached	inventory_range	judgment	losat_counterpart	note	audit_evidence
C1	S3	libalign_format.so	src/objmgr/snp_annot_info.cpp	ncbi::CNcbiMatrix<int>::Resize	924	23/23 scenarios; callers: ncbi::align_format::CAlignFormatUtil::GetAsciiProt	B/C/D formatting	no-output-effect	-	Library helper (string/map/pair/vector) called by covered functions	-
C2	S3	libalign_format.so	?	ncbi::NStr::StartsWith		23/23 scenarios; callers: bool ncbi::align_format::s_GetBlastScore<std::vect;bool ncbi::align_format::s_GetBlastScore<std::vect;ncbi::objects::CFastaReader::ParseDataLine	B/C/D formatting	no-output-effect	-	Library helper (string/map/pair/vector) called by covered functions	-
C3	S3	libalign_format.so	AF/align_format_util.cpp	ncbi::align_format::CAlignFormatUtil::GetAlignLengths	1100	3/23 scenarios; callers: ncbi::align_format::CBlastTabularInfo::SetFields	D outfmt 6/7 (rows D26-D41) / C description table (C28-C30)	covered-in-substance	LOSAT/src/algorithm/tblastx/report.rs (write_tabular); report/pairwise.rs	Helper of the tabular row/header or of the id/title text; its effect is the printed field already covered by the caller row (D26-D32, D41, C29-C30); outfmt 6/7/0 compared in audit	base_*, wa_*, dup*, path_*, ctk_f*
C4	S3	libalign_format.so	AF/align_format_util.cpp	ncbi::align_format::CAlignFormatUtil::GetTitle	4934	3/23 scenarios; callers: ncbi::align_format::s_ReplaceLocalId	D outfmt 6/7 (rows D26-D41) / C description table (C28-C30)	covered-in-substance	LOSAT/src/report/query_warnings.rs:71; LOSAT/src/algorithm/blastx/native.rs:359	Helper of the tabular row/header or of the id/title text; its effect is the printed field already covered by the caller row (D26-D32, D41, C29-C30); outfmt 6/7/0 compared in audit	base_*, wa_*, dup*, path_*, ctk_f*
C5	S3	libalign_format.so	AF/align_format_util.cpp	ncbi::align_format::CAlignFormatUtil::GetUseThisSequence	4416	22/23 scenarios; callers: ncbi::align_format::CAlignFormatUtil::GetAlnScores	D outfmt 6/7 (rows D26-D41) / C description table (C28-C30)	covered-in-substance	LOSAT/src/algorithm/tblastx/report.rs (write_tabular); report/pairwise.rs	Helper of the tabular row/header or of the id/title text; its effect is the printed field already covered by the caller row (D26-D32, D41, C29-C30); outfmt 6/7/0 compared in audit	base_*, wa_*, dup*, path_*, ctk_f*
C6	S3	libalign_format.so	AF/tabular.cpp	ncbi::align_format::CBlastTabularInfo::SetBTOP	1350	3/23 scenarios; callers: ncbi::align_format::CBlastTabularInfo::SetFields	D outfmt 6/7 (rows D26-D41) / C description table (C28-C30)	covered-in-substance	LOSAT/src/algorithm/blastx/report.rs:447; LOSAT/src/algorithm/blastp/blast_engine.rs:2821	Helper of the tabular row/header or of the id/title text; its effect is the printed field already covered by the caller row (D26-D32, D41, C29-C30); outfmt 6/7/0 compared in audit	base_*, wa_*, dup*, path_*, ctk_f*
C7	S3	libalign_format.so	AF/tabular.cpp	ncbi::align_format::CBlastTabularInfo::SetCounts	1356	3/23 scenarios; callers: ncbi::align_format::CBlastTabularInfo::SetFields	D outfmt 6/7 (rows D26-D41) / C description table (C28-C30)	covered-in-substance	LOSAT/src/algorithm/blastp/blast_engine.rs:2843	Helper of the tabular row/header or of the id/title text; its effect is the printed field already covered by the caller row (D26-D32, D41, C29-C30); outfmt 6/7/0 compared in audit	base_*, wa_*, dup*, path_*, ctk_f*
C8	S3	libalign_format.so	AF/tabular.cpp	ncbi::align_format::CBlastTabularInfo::SetEndpoints	1341	3/23 scenarios; callers: ncbi::align_format::CBlastTabularInfo::SetFields	D outfmt 6/7 (rows D26-D41) / C description table (C28-C30)	covered-in-substance	LOSAT/src/algorithm/tblastx/report.rs (write_tabular); report/pairwise.rs	Helper of the tabular row/header or of the id/title text; its effect is the printed field already covered by the caller row (D26-D32, D41, C29-C30); outfmt 6/7/0 compared in audit	base_*, wa_*, dup*, path_*, ctk_f*
C9	S3	libalign_format.so	AF/tabular.cpp	ncbi::align_format::CBlastTabularInfo::SetSubjectId	522	3/23 scenarios; callers: ncbi::align_format::CBlastTabularInfo::SetFields	D outfmt 6/7 (rows D26-D41) / C description table (C28-C30)	covered-in-substance	LOSAT/src/algorithm/tblastx/report.rs (write_tabular); report/pairwise.rs	Helper of the tabular row/header or of the id/title text; its effect is the printed field already covered by the caller row (D26-D32, D41, C29-C30); outfmt 6/7/0 compared in audit	base_*, wa_*, dup*, path_*, ctk_f*
C10	S3	libalign_format.so	AF/tabular.cpp	ncbi::align_format::CBlastTabularInfo::x_AddDefaultFieldsToShow	60	3/23 scenarios; callers: ncbi::align_format::CBlastTabularInfo::x_SetFields	D outfmt 6/7 (rows D26-D41) / C description table (C28-C30)	covered-in-substance	LOSAT/src/algorithm/tblastx/report.rs (write_tabular); report/pairwise.rs	Helper of the tabular row/header or of the id/title text; its effect is the printed field already covered by the caller row (D26-D32, D41, C29-C30); outfmt 6/7/0 compared in audit	base_*, wa_*, dup*, path_*, ctk_f*
C11	S3	libalign_format.so	AF/tabular.cpp	ncbi::align_format::CBlastTabularInfo::x_AddFieldToShow	1393	3/23 scenarios; callers: ncbi::align_format::CBlastTabularInfo::x_AddDefaul	D outfmt 6/7 (rows D26-D41) / C description table (C28-C30)	covered-in-substance	LOSAT/src/algorithm/tblastx/report.rs (write_tabular); report/pairwise.rs	Helper of the tabular row/header or of the id/title text; its effect is the printed field already covered by the caller row (D26-D32, D41, C29-C30); outfmt 6/7/0 compared in audit	base_*, wa_*, dup*, path_*, ctk_f*
C12	S3	libalign_format.so	AF/tabular.cpp	ncbi::align_format::CBlastTabularInfo::x_CheckTaxDB	126	3/23 scenarios; callers: ncbi::align_format::CBlastTabularInfo::CBlastTabul	D outfmt 6/7 (rows D26-D41) / C description table (C28-C30)	covered-in-substance	LOSAT/src/algorithm/tblastx/report.rs (write_tabular); report/pairwise.rs	Helper of the tabular row/header or of the id/title text; its effect is the printed field already covered by the caller row (D26-D32, D41, C29-C30); outfmt 6/7/0 compared in audit	base_*, wa_*, dup*, path_*, ctk_f*
C13	S3	libalign_format.so	AF/tabular.cpp	ncbi::align_format::CBlastTabularInfo::x_PrintField	1411	3/23 scenarios; callers: ncbi::align_format::CBlastTabularInfo::Print	D outfmt 6/7 (rows D26-D41) / C description table (C28-C30)	covered-in-substance	LOSAT/src/algorithm/blastp/blast_engine.rs:2058; LOSAT/src/algorithm/tblastx/report.rs:199	Helper of the tabular row/header or of the id/title text; its effect is the printed field already covered by the caller row (D26-D32, D41, C29-C30); outfmt 6/7/0 compared in audit	base_*, wa_*, dup*, path_*, ctk_f*
C14	S3	libalign_format.so	AF/tabular.cpp	ncbi::align_format::CBlastTabularInfo::x_PrintSubjectAccessionVersion	252	3/23 scenarios; callers: ncbi::align_format::CBlastTabularInfo::x_PrintFiel	D outfmt 6/7 (rows D26-D41) / C description table (C28-C30)	covered-in-substance	LOSAT/src/algorithm/tblastx/report.rs (write_tabular); report/pairwise.rs	Helper of the tabular row/header or of the id/title text; its effect is the printed field already covered by the caller row (D26-D32, D41, C29-C30); outfmt 6/7/0 compared in audit	base_*, wa_*, dup*, path_*, ctk_f*
C15	S3	libalign_format.so	AF/tabular.cpp	ncbi::align_format::CBlastTabularInfo::x_ResetFields	101	3/23 scenarios; callers: ncbi::align_format::CBlastTabularInfo::CBlastTabul;ncbi::align_format::CBlastTabularInfo::SetFields	D outfmt 6/7 (rows D26-D41) / C description table (C28-C30)	covered-in-substance	LOSAT/src/algorithm/tblastx/report.rs (write_tabular); report/pairwise.rs	Helper of the tabular row/header or of the id/title text; its effect is the printed field already covered by the caller row (D26-D32, D41, C29-C30); outfmt 6/7/0 compared in audit	base_*, wa_*, dup*, path_*, ctk_f*
C16	S3	libalign_format.so	AF/tabular.cpp	ncbi::align_format::CBlastTabularInfo::x_SetFieldDelimiter	116	3/23 scenarios; callers: ncbi::CBlastFormat::x_PrintTabularReport;ncbi::align_format::CBlastTabularInfo::CBlastTabul	D outfmt 6/7 (rows D26-D41) / C description table (C28-C30)	covered-in-substance	LOSAT/src/algorithm/tblastx/report.rs (write_tabular); report/pairwise.rs	Helper of the tabular row/header or of the id/title text; its effect is the printed field already covered by the caller row (D26-D32, D41, C29-C30); outfmt 6/7/0 compared in audit	base_*, wa_*, dup*, path_*, ctk_f*
C17	S3	libalign_format.so	AF/tabular.cpp	ncbi::align_format::CBlastTabularInfo::x_SetFieldsToShow	70	3/23 scenarios; callers: ncbi::align_format::CBlastTabularInfo::CBlastTabul	D outfmt 6/7 (rows D26-D41) / C description table (C28-C30)	covered-in-substance	LOSAT/src/algorithm/tblastx/report.rs (write_tabular); report/pairwise.rs	Helper of the tabular row/header or of the id/title text; its effect is the printed field already covered by the caller row (D26-D32, D41, C29-C30); outfmt 6/7/0 compared in audit	base_*, wa_*, dup*, path_*, ctk_f*
C18	S3	libalign_format.so	AF/tabular.cpp	ncbi::align_format::CBlastTabularInfo::x_SetQueryCovSeqalign	737	3/23 scenarios; callers: ncbi::align_format::CBlastTabularInfo::SetFields	D outfmt 6/7 (rows D26-D41) / C description table (C28-C30)	covered-in-substance	LOSAT/src/algorithm/tblastx/report.rs (write_tabular); report/pairwise.rs	Helper of the tabular row/header or of the id/title text; its effect is the printed field already covered by the caller row (D26-D32, D41, C29-C30); outfmt 6/7/0 compared in audit	base_*, wa_*, dup*, path_*, ctk_f*
C19	S3	libalign_format.so	AF/showdefline.cpp	ncbi::align_format::CShowBlastDefline::GetSeqIdList	191	3/23 scenarios; callers: ncbi::align_format::CBlastTabularInfo::SetSubjectI	D outfmt 6/7 (rows D26-D41) / C description table (C28-C30)	covered-in-substance	LOSAT/src/algorithm/tblastx/report.rs (write_tabular); report/pairwise.rs	Helper of the tabular row/header or of the id/title text; its effect is the printed field already covered by the caller row (D26-D32, D41, C29-C30); outfmt 6/7/0 compared in audit	base_*, wa_*, dup*, path_*, ctk_f*
C20	S3	libalign_format.so	AF/format_flags.cpp	ncbi::align_format::DescribeTabularOutputFormatSpecifiers	197	23/23 scenarios; callers: ncbi::blast::CFormattingArgs::SetArgumentDescripti	C/D	no-output-effect	-	Coverage merge for query-coverage fields (C40 n/a) / usage text / title wrap (B23)	-
C21	S3	libalign_format.so	AF/tabular.cpp	ncbi::align_format::s_GetSeqIdListString	166	3/23 scenarios; callers: ncbi::align_format::CBlastTabularInfo::x_PrintQuer;ncbi::align_format::CBlastTabularInfo::x_PrintSubj	D outfmt 6/7 (rows D26-D41) / C description table (C28-C30)	covered-in-substance	LOSAT/src/algorithm/blastp/blast_engine.rs:2136; LOSAT/src/algorithm/blastx/report.rs:807	Helper of the tabular row/header or of the id/title text; its effect is the printed field already covered by the caller row (D26-D32, D41, C29-C30); outfmt 6/7/0 compared in audit	base_*, wa_*, dup*, path_*, ctk_f*
C22	S3	libalign_format.so	include/objtools/alnmgr/alnmap.hpp	ncbi::objects::CAlnMap::GetSeqStart	665	22/23 scenarios; callers: ncbi::align_format::CBlastTabularInfo::SetFields;ncbi::align_format::CDisplaySeqalign::x_PrepareRow	B/C/D formatting	no-output-effect	-	Library helper (string/map/pair/vector) called by covered functions	-
C23	S3	libalign_format.so	include/objtools/alnmgr/alnmap.hpp	ncbi::objects::CAlnMap::GetSeqStop	675	21/23 scenarios; callers: ncbi::align_format::CBlastTabularInfo::SetFields;ncbi::align_format::CDisplaySeqalign::x_PrepareRow	B/C/D formatting	no-output-effect	-	Library helper (string/map/pair/vector) called by covered functions	-
C24	S3	libalign_format.so	?	std::pair<std::_Rb_tree_iterator<std::pair<std::__cxx11::basic_string<char, std::char_traits<char>, std::al...		3/23 scenarios; callers: ncbi::align_format::CBlastTabularInfo::x_SetFields	B/C/D formatting	no-output-effect	-	Library helper (string/map/pair/vector) called by covered functions	-
C25	S3	libalign_format.so	?	void std::vector<ncbi::align_format::CAlignFormatUtil::SDbInfo, std::allocator<ncbi::align_format::CAlignFo...		23/23 scenarios; callers: ncbi::align_format::CAlignFormatUtil::FillScanMode	B/C/D formatting	no-output-effect	-	Library helper (string/map/pair/vector) called by covered functions	-
C26	S1	libblastinput.so	?	ncbi::CTreeIteratorTmpl<ncbi::CConstTreeLevelIterator>::Walk		23/23 scenarios; callers: ncbi::CTreeIteratorTmpl<ncbi::CConstTreeLevelItera	A application/arguments	no-output-effect	-	Argument-description plumbing (SetCommandLine, streams, task name, usage); no bytes	-
C27	S1	libblastinput.so	?	ncbi::CTypeIteratorBase<ncbi::CTreeIteratorTmpl<ncbi::CConstTreeLevelIterator> >::CanEnter		23/23 scenarios; callers: ncbi::CTreeIteratorTmpl<ncbi::CConstTreeLevelItera	A application/arguments	no-output-effect	-	Argument-description plumbing (SetCommandLine, streams, task name, usage); no bytes	-
C28	S1	libblastinput.so	?	ncbi::CTypeIteratorBase<ncbi::CTreeIteratorTmpl<ncbi::CConstTreeLevelIterator> >::CanSelect		23/23 scenarios; callers: ncbi::CTreeIteratorTmpl<ncbi::CConstTreeLevelItera	A application/arguments	no-output-effect	-	Argument-description plumbing (SetCommandLine, streams, task name, usage); no bytes	-
C29	S1	libblastinput.so	src/corelib/ncbistr.cpp	ncbi::NStr::DoubleToString	2316	23/23 scenarios; callers: __static_initialization_and_destruction_0	A application/arguments	no-output-effect	-	Argument-description plumbing (SetCommandLine, streams, task name, usage); no bytes	-
C30	S1	libblastinput.so	src/objtools/blast/seqdb_reader/seqdbexpert.cpp	ncbi::blast::CArgAllowGeneticCodeInteger::Verify	101	23/23 scenarios; callers: ncbi::CArgDescMandatory::ProcessArgument	H options (arg constraints)	faithful/rejected	LOSAT/src/blastinput/value_parsers.rs (genetic_code, positive_i32...)	CArgAllow* constraints: gencode set {1-6,9-16,21-31,33}, >=N; violations are parser-class errors in both (rc 1 vs 2)	qg*, opt_*, out_len*
C31	S1	libblastinput.so	src/objtools/blast/seqdb_reader/seqdbexpert.cpp	ncbi::blast::CArgAllowMaximumFileNameLength::Verify	101	23/23 scenarios; callers: ncbi::CArgDescMandatory::ProcessArgument	H options (arg constraints)	faithful/rejected	LOSAT/src/blastinput/value_parsers.rs (genetic_code, positive_i32...)	CArgAllow* constraints: gencode set {1-6,9-16,21-31,33}, >=N; violations are parser-class errors in both (rc 1 vs 2)	qg*, opt_*, out_len*
C32	S1	libblastinput.so	src/objtools/blast/seqdb_reader/seqdbexpert.cpp	ncbi::blast::CArgAllowValuesGreaterThanOrEqual::Verify	101	23/23 scenarios; callers: ncbi::CArgDescMandatory::ProcessArgument	H options (arg constraints)	faithful/rejected	LOSAT/src/blastinput/value_parsers.rs (genetic_code, positive_i32...)	CArgAllow* constraints: gencode set {1-6,9-16,21-31,33}, >=N; violations are parser-class errors in both (rc 1 vs 2)	qg*, opt_*, out_len*
C33	S1	libblastinput.so	~/blastinput/blast_args.cpp	ncbi::blast::CBlastAppArgs::CBlastAppArgs	3571	23/23 scenarios; callers: ncbi::blast::CTblastxAppArgs::CTblastxAppArgs	A application/arguments	no-output-effect	-	Argument-description plumbing (SetCommandLine, streams, task name, usage); no bytes	-
C34	S1	libblastinput.so	~/blastinput/blast_args.cpp	ncbi::blast::CBlastAppArgs::GetInputStream	3652	23/23 scenarios; callers: CTblastxApp::Run	A application/arguments	no-output-effect	-	Argument-description plumbing (SetCommandLine, streams, task name, usage); no bytes	-
C35	S1	libblastinput.so	~/blastinput/blast_args.cpp	ncbi::blast::CBlastAppArgs::GetOutputStream	3656	23/23 scenarios; callers: CTblastxApp::Run	A application/arguments	no-output-effect	-	Argument-description plumbing (SetCommandLine, streams, task name, usage); no bytes	-
C36	S1	libblastinput.so	~/blastinput/blast_args.cpp	ncbi::blast::CBlastAppArgs::SetCommandLine	3579	23/23 scenarios; callers: CTblastxApp::Init	A application/arguments	no-output-effect	-	Argument-description plumbing (SetCommandLine, streams, task name, usage); no bytes	-
C37	S1	libblastinput.so	~/blastinput/blast_args.cpp	ncbi::blast::CBlastAppArgs::SetTask	3643	23/23 scenarios; callers: ncbi::blast::CTblastxAppArgs::CTblastxAppArgs	A application/arguments	no-output-effect	-	Argument-description plumbing (SetCommandLine, streams, task name, usage); no bytes	-
C38	S2	libblastinput.so	~/blastinput/blast_input.cpp	ncbi::blast::CBlastBioseqMaker::IsEmptyBioseq	281	23/23 scenarios; callers: ncbi::blast::HasRawSequenceData	J input reading (E2c/E2e authority; inventory A49-A51,E57,D1)	covered-in-substance (blastn/input.rs)	LOSAT/src/algorithm/blastn/input.rs (check_deflines_of, check_residues_of, check_records_have_residues_of, with_u_as_t)	Same CBlastFastaInputSource/CCustomizedFastaReader flags as BLASTN (blast_fasta_input.cpp:317-368); LOSAT reads as BLASTN and rejects what NCBI reads differently	in_e_* (21 inputs x 3 formats), rec_*, ins_*
C39	S1	libblastinput.so	~/blastinput/blast_args.cpp	ncbi::blast::CBlastDatabaseArgs::CBlastDatabaseArgs	2163	23/23 scenarios; callers: ncbi::blast::CTblastxAppArgs::CTblastxAppArgs	A application/arguments	no-output-effect	-	Argument-description plumbing (SetCommandLine, streams, task name, usage); no bytes	-
C40	S2	libblastinput.so	~/blastinput/blast_fasta_input.cpp	ncbi::blast::CBlastFastaInputSource::GetNextSequence	484	23/23 scenarios; callers: ncbi::blast::CBlastInput::GetAllSeqs;ncbi::blast::CBlastInput::GetNextSeqBatch	J input reading (E2c/E2e authority; inventory A49-A51,E57,D1)	covered-in-substance (blastn/input.rs)	LOSAT/src/algorithm/blastn/input.rs (check_deflines_of, check_residues_of, check_records_have_residues_of, with_u_as_t)	Same CBlastFastaInputSource/CCustomizedFastaReader flags as BLASTN (blast_fasta_input.cpp:317-368); LOSAT reads as BLASTN and rejects what NCBI reads differently	in_e_* (21 inputs x 3 formats), rec_*, ins_*
C41	S2	libblastinput.so	~/blastinput/blast_fasta_input.cpp	ncbi::blast::CBlastFastaInputSource::x_FastaToSeqLoc	377	23/23 scenarios; callers: ncbi::blast::CBlastFastaInputSource::GetNextSequen	J input reading (E2c/E2e authority; inventory A49-A51,E57,D1)	covered-in-substance (blastn/input.rs)	LOSAT/src/algorithm/blastn/input.rs (check_deflines_of, check_residues_of, check_records_have_residues_of, with_u_as_t)	Same CBlastFastaInputSource/CCustomizedFastaReader flags as BLASTN (blast_fasta_input.cpp:317-368); LOSAT reads as BLASTN and rejects what NCBI reads differently	in_e_* (21 inputs x 3 formats), rec_*, ins_*
C42	S2	libblastinput.so	~/blastinput/blast_fasta_input.cpp	ncbi::blast::CBlastFastaInputSource::x_InitInputReader	317	23/23 scenarios; callers: ncbi::blast::CBlastFastaInputSource::CBlastFastaIn	J input reading (E2c/E2e authority; inventory A49-A51,E57,D1)	covered-in-substance (blastn/input.rs)	LOSAT/src/algorithm/blastn/input.rs (check_deflines_of, check_residues_of, check_records_have_residues_of, with_u_as_t)	Same CBlastFastaInputSource/CCustomizedFastaReader flags as BLASTN (blast_fasta_input.cpp:317-368); LOSAT reads as BLASTN and rejects what NCBI reads differently	in_e_* (21 inputs x 3 formats), rec_*, ins_*
C43	S2	libblastinput.so	~/blastinput/blast_input.cpp	ncbi::blast::CBlastInput::GetAllSeqs	199	23/23 scenarios; callers: ncbi::blast::ReadSequencesToBlast	J input reading (E2c/E2e authority; inventory A49-A51,E57,D1)	covered-in-substance (blastn/input.rs)	LOSAT/src/algorithm/blastn/input.rs (check_deflines_of, check_residues_of, check_records_have_residues_of, with_u_as_t)	Same CBlastFastaInputSource/CCustomizedFastaReader flags as BLASTN (blast_fasta_input.cpp:317-368); LOSAT reads as BLASTN and rejects what NCBI reads differently	in_e_* (21 inputs x 3 formats), rec_*, ins_*
C44	S2	libblastinput.so	src/objtools/readers/fasta.cpp	ncbi::blast::CBlastInputReader::ReadOneSeq	312	23/23 scenarios; callers: ncbi::blast::CBlastFastaInputSource::x_FastaToSeqL	J input reading (E2c/E2e authority; inventory A49-A51,E57,D1)	covered-in-substance (blastn/input.rs)	LOSAT/src/algorithm/blastn/input.rs (check_deflines_of, check_residues_of, check_records_have_residues_of, with_u_as_t)	Same CBlastFastaInputSource/CCustomizedFastaReader flags as BLASTN (blast_fasta_input.cpp:317-368); LOSAT reads as BLASTN and rejects what NCBI reads differently	in_e_* (21 inputs x 3 formats), rec_*, ins_*
C45	S1	libblastinput.so	?	ncbi::blast::CBlastInputSourceConfig::CBlastInputSourceConfig		23/23 scenarios; callers: CTblastxApp::Run;ncbi::blast::ReadSequencesToBlast	A application/arguments	no-output-effect	-	Argument-description plumbing (SetCommandLine, streams, task name, usage); no bytes	-
C46	S2	libblastinput.so	src/objtools/readers/fasta.cpp	ncbi::blast::CCustomizedFastaReader::AssignMolType	1548	23/23 scenarios; callers: ncbi::objects::CFastaReader::AssembleSeq	J input reading (E2c/E2e authority; inventory A49-A51,E57,D1)	covered-in-substance (blastn/input.rs)	LOSAT/src/algorithm/blastn/input.rs (check_deflines_of, check_residues_of, check_records_have_residues_of, with_u_as_t)	Same CBlastFastaInputSource/CCustomizedFastaReader flags as BLASTN (blast_fasta_input.cpp:317-368); LOSAT reads as BLASTN and rejects what NCBI reads differently	in_e_* (21 inputs x 3 formats), rec_*, ins_*
C47	S1	libblastinput.so	~/blastinput/blast_args.cpp	ncbi::blast::CFilteringArgs::x_TokenizeFilteringArgs	375	22/23 scenarios; callers: ncbi::blast::CFilteringArgs::ExtractAlgorithmOptio	H options (no inventory range)	FINDING F2	LOSAT/src/blastinput/value_parsers.rs:633-650 (split_whitespace)	NStr::Split(" ") yields empty tokens for repeated/leading/trailing spaces and tabs -> size!=3 -> error; LOSAT split_whitespace accepts them	F2_*
C48	S1	libblastinput.so	~/blastinput/blast_args.cpp	ncbi::blast::CFormattingArgs::ArchiveFormatRequested	2744	23/23 scenarios; callers: CTblastxApp::Run;ncbi::blast::CBlastAppArgs::SetOptions	A application/arguments	no-output-effect	-	Argument-description plumbing (SetCommandLine, streams, task name, usage); no bytes	-
C49	S1	libblastinput.so	~/blastinput/blast_args.cpp	ncbi::blast::CProgramDescriptionArgs::CProgramDescriptionArgs	71	23/23 scenarios; callers: ncbi::blast::CTblastxAppArgs::CTblastxAppArgs	A application/arguments	no-output-effect	-	Argument-description plumbing (SetCommandLine, streams, task name, usage); no bytes	-
C50	S1	libblastinput.so	~/blastinput/blast_args.cpp	ncbi::blast::CSearchStrategyArgs::GetExportStream	3561	23/23 scenarios; callers: ncbi::SaveSearchStrategy;ncbi::blast::CBlastAppArgs::SetOptions	A application/arguments	no-output-effect	-	Argument-description plumbing (SetCommandLine, streams, task name, usage); no bytes	-
C51	S1	libblastinput.so	~/blastinput/blast_args.cpp	ncbi::blast::CSearchStrategyArgs::GetImportStream	3550	23/23 scenarios; callers: ncbi::RecoverSearchStrategy	A application/arguments	no-output-effect	-	Argument-description plumbing (SetCommandLine, streams, task name, usage); no bytes	-
C52	S1	libblastinput.so	~/blastinput/blast_args.cpp	ncbi::blast::CStdCmdLineArgs::GetInputStream	3497	23/23 scenarios; callers: ncbi::blast::CBlastAppArgs::GetInputStream	A application/arguments	no-output-effect	-	Argument-description plumbing (SetCommandLine, streams, task name, usage); no bytes	-
C53	S1	libblastinput.so	~/blastinput/blast_args.cpp	ncbi::blast::CStdCmdLineArgs::GetOutputStream	3508	23/23 scenarios; callers: ncbi::blast::CBlastAppArgs::GetOutputStream	A application/arguments	no-output-effect	-	Argument-description plumbing (SetCommandLine, streams, task name, usage); no bytes	-
C54	S1	libblastinput.so	~/blastinput/tblastx_args.cpp	ncbi::blast::CTblastxAppArgs::x_CreateOptionsHandle	122	23/23 scenarios; callers: ncbi::blast::CBlastAppArgs::SetOptions	A application/arguments	no-output-effect	-	Argument-description plumbing (SetCommandLine, streams, task name, usage); no bytes	-
C55	S2	libblastinput.so	~/blastinput/blast_input_aux.cpp	ncbi::blast::HasRawSequenceData	302	23/23 scenarios; callers: ncbi::blast::CBlastFastaInputSource::x_FastaToSeqL	J input reading (E2c/E2e authority; inventory A49-A51,E57,D1)	covered-in-substance (blastn/input.rs)	LOSAT/src/algorithm/blastn/input.rs (check_deflines_of, check_residues_of, check_records_have_residues_of, with_u_as_t)	Same CBlastFastaInputSource/CCustomizedFastaReader flags as BLASTN (blast_fasta_input.cpp:317-368); LOSAT reads as BLASTN and rejects what NCBI reads differently	in_e_* (21 inputs x 3 formats), rec_*, ins_*
C56	S1	libblastinput.so	~/blastinput/blast_scope_src.cpp	ncbi::blast::SDataLoaderConfig::x_LoadBlastDbDataLoaderConfig	98	23/23 scenarios; callers: ncbi::blast::SDataLoaderConfig::x_Init	A application/arguments	no-output-effect	-	Argument-description plumbing (SetCommandLine, streams, task name, usage); no bytes	-
C57	S1	libblastinput.so	~/blastinput/blast_scope_src.cpp	ncbi::blast::SDataLoaderConfig::x_LoadDataLoadersConfig	76	23/23 scenarios; callers: ncbi::blast::SDataLoaderConfig::x_Init	A application/arguments	no-output-effect	-	Argument-description plumbing (SetCommandLine, streams, task name, usage); no bytes	-
C58	S1	libblastinput.so	~/blastinput/blast_args.cpp	ncbi::blast::SetUpCommandLineArguments	3661	23/23 scenarios; callers: ncbi::blast::CBlastAppArgs::SetCommandLine	A application/arguments	no-output-effect	-	Argument-description plumbing (SetCommandLine, streams, task name, usage); no bytes	-
C59	S1	libblastinput.so	?	std::_Sp_counted_ptr<ncbi::CConstTreeLevelIterator*,		23/23 scenarios; callers: ncbi::CTreeIteratorTmpl<ncbi::CConstTreeLevelItera	A application/arguments	no-output-effect	-	Argument-description plumbing (SetCommandLine, streams, task name, usage); no bytes	-
C60	S3	libxalnmgr.so	src/objtools/alnmgr/alnmap.cpp	ncbi::objects::CAlnMap::GetAlnChunks	1002	22/23 scenarios; callers: ncbi::align_format::CAlignFormatUtil::GetAlignLeng;ncbi::align_format::CDisplaySeqalign::x_GetNumGaps	B alignment geometry (B14-B16,B35,B47)	covered-in-substance	LOSAT/src/report/pairwise.rs (write_tblastx_alignment); algorithm/tblastx/report.rs (displayed_rows)	CAlnMap/CAlnVec segment geometry for a one-segment width-3 alignment; its output is the row coordinates already covered by B35/B47 and fixtures tblastx.*	tblastx.* fixtures; wa_0, dup*_0, big_*_0
C61	S3	libxalnmgr.so	src/objtools/alnmgr/alnmap.cpp	ncbi::objects::CAlnMap::GetSeg	373	22/23 scenarios; callers: ncbi::objects::CAlnMap::GetAlnChunks	B alignment geometry (B14-B16,B35,B47)	covered-in-substance	LOSAT/src/report/pairwise.rs (write_tblastx_alignment); algorithm/tblastx/report.rs (displayed_rows)	CAlnMap/CAlnVec segment geometry for a one-segment width-3 alignment; its output is the row coordinates already covered by B35/B47 and fixtures tblastx.*	tblastx.* fixtures; wa_0, dup*_0, big_*_0
C62	S3	libxalnmgr.so	src/objtools/alnmgr/alnmap.cpp	ncbi::objects::CAlnMap::GetSeqAlnStart	969	22/23 scenarios; callers: ncbi::align_format::CAlignFormatUtil::GetAlignLeng;ncbi::align_format::CDisplaySeqalign::x_GetNumGaps;ncbi::align_format::CDisplaySeqalign::x_PrepareRow	B alignment geometry (B14-B16,B35,B47)	covered-in-substance	LOSAT/src/report/pairwise.rs (write_tblastx_alignment); algorithm/tblastx/report.rs (displayed_rows)	CAlnMap/CAlnVec segment geometry for a one-segment width-3 alignment; its output is the row coordinates already covered by B35/B47 and fixtures tblastx.*	tblastx.* fixtures; wa_0, dup*_0, big_*_0
C63	S3	libxalnmgr.so	src/objtools/alnmgr/alnmap.cpp	ncbi::objects::CAlnMap::GetSeqAlnStop	985	22/23 scenarios; callers: ncbi::align_format::CAlignFormatUtil::GetAlignLeng;ncbi::align_format::CDisplaySeqalign::x_GetNumGaps;ncbi::align_format::CDisplaySeqalign::x_PrepareRow	B alignment geometry (B14-B16,B35,B47)	covered-in-substance	LOSAT/src/report/pairwise.rs (write_tblastx_alignment); algorithm/tblastx/report.rs (displayed_rows)	CAlnMap/CAlnVec segment geometry for a one-segment width-3 alignment; its output is the row coordinates already covered by B35/B47 and fixtures tblastx.*	tblastx.* fixtures; wa_0, dup*_0, big_*_0
C64	S3	libxalnmgr.so	src/objtools/alnmgr/alnmap.cpp	ncbi::objects::CAlnMap::x_CreateAlnStarts	49	22/23 scenarios; callers: ncbi::align_format::CAlignFormatUtil::GetAlignment;ncbi::objects::CAlnVec::CAlnVec	B alignment geometry (B14-B16,B35,B47)	covered-in-substance	LOSAT/src/report/pairwise.rs (write_tblastx_alignment); algorithm/tblastx/report.rs (displayed_rows)	CAlnMap/CAlnVec segment geometry for a one-segment width-3 alignment; its output is the row coordinates already covered by B35/B47 and fixtures tblastx.*	tblastx.* fixtures; wa_0, dup*_0, big_*_0
C65	S3	libxalnmgr.so	src/objtools/alnmgr/alnmap.cpp	ncbi::objects::CAlnMap::x_GetChunks	1145	22/23 scenarios; callers: ncbi::objects::CAlnMap::GetAlnChunks	B alignment geometry (B14-B16,B35,B47)	covered-in-substance	LOSAT/src/report/pairwise.rs (write_tblastx_alignment); algorithm/tblastx/report.rs (displayed_rows)	CAlnMap/CAlnVec segment geometry for a one-segment width-3 alignment; its output is the row coordinates already covered by B35/B47 and fixtures tblastx.*	tblastx.* fixtures; wa_0, dup*_0, big_*_0
C66	S3	libxalnmgr.so	src/objtools/alnmgr/alnmap.cpp	ncbi::objects::CAlnMap::x_GetSeqLeftSeg	716	22/23 scenarios; callers: ncbi::align_format::CDisplaySeqalign::x_FillLocLis;ncbi::align_format::CDisplaySeqalign::x_PrepareRow;ncbi::objects::CAlnMap::GetRawSeg	B alignment geometry (B14-B16,B35,B47)	covered-in-substance	LOSAT/src/report/pairwise.rs (write_tblastx_alignment); algorithm/tblastx/report.rs (displayed_rows)	CAlnMap/CAlnVec segment geometry for a one-segment width-3 alignment; its output is the row coordinates already covered by B35/B47 and fixtures tblastx.*	tblastx.* fixtures; wa_0, dup*_0, big_*_0
C67	S3	libxalnmgr.so	src/objtools/alnmgr/alnmap.cpp	ncbi::objects::CAlnMap::x_GetSeqRightSeg	736	22/23 scenarios; callers: ncbi::align_format::CDisplaySeqalign::x_FillLocLis;ncbi::align_format::CDisplaySeqalign::x_PrepareRow;ncbi::objects::CAlnMap::GetRawSeg	B alignment geometry (B14-B16,B35,B47)	covered-in-substance	LOSAT/src/report/pairwise.rs (write_tblastx_alignment); algorithm/tblastx/report.rs (displayed_rows)	CAlnMap/CAlnVec segment geometry for a one-segment width-3 alignment; its output is the row coordinates already covered by B35/B47 and fixtures tblastx.*	tblastx.* fixtures; wa_0, dup*_0, big_*_0
C68	S3	libxalnmgr.so	src/objtools/alnmgr/alnmap.cpp	ncbi::objects::CAlnMap::x_SetRawSegTypes	235	22/23 scenarios; callers: ncbi::objects::CAlnMap::x_GetChunks	B alignment geometry (B14-B16,B35,B47)	covered-in-substance	LOSAT/src/report/pairwise.rs (write_tblastx_alignment); algorithm/tblastx/report.rs (displayed_rows)	CAlnMap/CAlnVec segment geometry for a one-segment width-3 alignment; its output is the row coordinates already covered by B35/B47 and fixtures tblastx.*	tblastx.* fixtures; wa_0, dup*_0, big_*_0
C69	S7	libxblast.so	~/core/blast_filter.c	BLAST_ComplementMaskLocations	1017	23/23 scenarios; callers: BLAST_MainSetUp	B60/E50/E52	faithful	LOSAT/src/algorithm/blastn/blast_engine/run.rs:3935; LOSAT/src/algorithm/blastx/query_setup.rs:571	BLAST_ComplementMaskLocations: complement of the lookup mask intervals (used for the lookup-table masking); same result as LOSAT mask handling (fixtures with SEG masks)	segs*, tblastx.lc.*
C70	S7	libxblast.so	~/core/blast_stat.c	BLAST_ComputeLengthAdjustment	5041	22/23 scenarios; callers: BLAST_CalcEffLengths	engine: Karlin statistics / sum statistics / cutoffs (no per-function inventory row)	faithful (counterpart cited) - not independently re-derived here	LOSAT/src/algorithm/tblastx/ncbi_cutoffs.rs:640	Search-engine function that fixes HSP set/scores/order/statistics. Equality evidence: outfmt 6/0/7 differential runs below plus the 26+40 frozen fixtures; four engine differences were found by the S08 investigations in this family and fixed	wa_ev*, wa_th*, wa_ws*, qg*, big_q*, segs*
C71	S4	libxblast.so	?	BLAST_ComputeTraceback_MT._omp_fn.0		22/23 scenarios; callers: GOMP_parallel	A/E query-subject setup, results plumbing	no-output-effect	-	Object-manager/query-factory/results container plumbing; values it hands over are covered by A67-A71, E35-E42, F22-F23	-
C72	S7	libxblast.so	~/core/blast_stat.c	BLAST_Cutoffs	4090	22/23 scenarios; callers: BlastHitSavingParametersUpdate;BlastInitialWordParametersUpdate	engine: Karlin statistics / sum statistics / cutoffs (no per-function inventory row)	faithful (counterpart cited) - not independently re-derived here	LOSAT/src/algorithm/blastn/ncbi_cutoffs.rs:245; LOSAT/src/algorithm/blastn/ncbi_cutoffs.rs:254	Search-engine function that fixes HSP set/scores/order/statistics. Equality evidence: outfmt 6/0/7 differential runs below plus the 26+40 frozen fixtures; four engine differences were found by the S08 investigations in this family and fixed	wa_ev*, wa_th*, wa_ws*, qg*, big_q*, segs*
C73	S7	libxblast.so	~/core/ncbi_math.c	BLAST_Expm1	33	23/23 scenarios; callers: Blast_KarlinBlkUngappedCalc	engine: math functions (no per-function inventory row)	faithful (counterpart cited) - not independently re-derived here	LOSAT/src/core/blast_stat/composition.rs:345; LOSAT/src/stats/karlin_calc.rs:415	Search-engine function that fixes HSP set/scores/order/statistics. Equality evidence: outfmt 6/0/7 differential runs below plus the 26+40 frozen fixtures; four engine differences were found by the S08 investigations in this family and fixed	wa_ev*, wa_th*, wa_ws*, qg*, big_q*, segs*
C74	S7	libxblast.so	~/core/blast_util.c	BLAST_FrameToContext	1211	22/23 scenarios; callers: Blast_HSPGetTargetTranslation	engine: translation / sequence blocks (no per-function inventory row)	faithful (counterpart cited) - not independently re-derived here	LOSAT/src/algorithm/blastx/traceback.rs:216	Search-engine function that fixes HSP set/scores/order/statistics. Equality evidence: outfmt 6/0/7 differential runs below plus the 26+40 frozen fixtures; four engine differences were found by the S08 investigations in this family and fixed	wa_ev*, wa_th*, wa_ws*, qg*, big_q*, segs*
C75	S7	libxblast.so	~/core/blast_stat.c	BLAST_GapDecayDivisor	4079	22/23 scenarios; callers: BLAST_Cutoffs;BLAST_LinkHsps	engine: Karlin statistics / sum statistics / cutoffs (no per-function inventory row)	faithful (counterpart cited) - not independently re-derived here	LOSAT/src/algorithm/tblastx/ncbi_cutoffs.rs:355; LOSAT/src/stats/sum_statistics.rs:346	Search-engine function that fixes HSP set/scores/order/statistics. Equality evidence: outfmt 6/0/7 differential runs below plus the 26+40 frozen fixtures; four engine differences were found by the S08 investigations in this family and fixed	wa_ev*, wa_th*, wa_ws*, qg*, big_q*, segs*
C76	S7	libxblast.so	~/core/ncbi_math.c	BLAST_Gcd	405	23/23 scenarios; callers: Blast_KarlinBlkUngappedCalc;Blast_KarlinLambdaNR	engine: math functions (no per-function inventory row)	faithful (counterpart cited) - not independently re-derived here	LOSAT/src/core/blast_stat/composition.rs:299; LOSAT/src/stats/karlin_calc.rs:385	Search-engine function that fixes HSP set/scores/order/statistics. Equality evidence: outfmt 6/0/7 differential runs below plus the 26+40 frozen fixtures; four engine differences were found by the S08 investigations in this family and fixed	wa_ev*, wa_th*, wa_ws*, qg*, big_q*, segs*
C77	S7	libxblast.so	~/core/blast_util.c	BLAST_GetAllTranslations	1045	22/23 scenarios; callers: s_BlastSearchEngineCore.isra.0	engine: translation / sequence blocks (no per-function inventory row)	faithful (counterpart cited) - not independently re-derived here	LOSAT/src/algorithm/blastp/blast_engine.rs:1104; LOSAT/src/algorithm/tblastn/search_seed.rs:866	Search-engine function that fixes HSP set/scores/order/statistics. Equality evidence: outfmt 6/0/7 differential runs below plus the 26+40 frozen fixtures; four engine differences were found by the S08 investigations in this family and fixed	wa_ev*, wa_th*, wa_ws*, qg*, big_q*, segs*
C78	S7	libxblast.so	~/core/blast_stat.c	BLAST_GetAlphaBeta	3094	22/23 scenarios; callers: BLAST_CalcEffLengths	engine: Karlin statistics / sum statistics / cutoffs (no per-function inventory row)	faithful (counterpart cited) - not independently re-derived here	LOSAT/src/stats/tables.rs:742; LOSAT/src/stats/tables.rs:748	Search-engine function that fixes HSP set/scores/order/statistics. Equality evidence: outfmt 6/0/7 differential runs below plus the 26+40 frozen fixtures; four engine differences were found by the S08 investigations in this family and fixed	wa_ev*, wa_th*, wa_ws*, qg*, big_q*, segs*
C79	S7	libxblast.so	~/core/blast_util.c	BLAST_GetNumberOfContexts	1373	23/23 scenarios; callers: BlastQueryInfoGetQueryLength;BlastQueryInfoNew;ncbi::blast::CBlastAncillaryData::CBlastAncillaryD	engine: translation / sequence blocks (no per-function inventory row)	faithful (counterpart cited) - not independently re-derived here	LOSAT/src/algorithm/tblastx/sum_stats_linking/linking.rs:184	Search-engine function that fixes HSP set/scores/order/statistics. Equality evidence: outfmt 6/0/7 differential runs below plus the 26+40 frozen fixtures; four engine differences were found by the S08 investigations in this family and fixed	wa_ev*, wa_th*, wa_ws*, qg*, big_q*, segs*
C80	S1	libxblast.so	~/core/blast_options.c	BLAST_GetSuggestedThreshold	1174	22/23 scenarios; callers: ncbi::blast::CWordThresholdArg::ExtractAlgorithmOp	H options (no inventory range)	no-output-effect	-	Option-handle construction/default plumbing (values are those of tblastx_options.cpp:47-95 / blast_prot_options.cpp:49-159; LOSAT defaults in args.rs)	default runs base_*
C81	S1	libxblast.so	~/core/blast_options.c	BLAST_GetSuggestedWindowSize	1211	22/23 scenarios; callers: ncbi::blast::CWindowSizeArg::ExtractAlgorithmOptio	H options (no inventory range)	no-output-effect	-	Option-handle construction/default plumbing (values are those of tblastx_options.cpp:47-95 / blast_prot_options.cpp:49-159; LOSAT defaults in args.rs)	default runs base_*
C82	S7	libxblast.so	~/core/blast_util.c	BLAST_GetTranslatedProteinLength	923	23/23 scenarios; callers: ncbi::blast::SetupQueryInfo_OMF	engine: translation / sequence blocks (no per-function inventory row)	faithful (counterpart cited) - not independently re-derived here	LOSAT/src/algorithm/blastx/query_setup.rs:397; LOSAT/src/algorithm/tblastx/report.rs:271	Search-engine function that fixes HSP set/scores/order/statistics. Equality evidence: outfmt 6/0/7 differential runs below plus the 26+40 frozen fixtures; four engine differences were found by the S08 investigations in this family and fixed	wa_ev*, wa_th*, wa_ws*, qg*, big_q*, segs*
C83	S7	libxblast.so	~/core/blast_gapalign.c	BLAST_GetUngappedHSPList	4719	22/23 scenarios; callers: s_BlastSearchEngineCore.isra.0	engine: ungapped HSP list (no per-function inventory row)	faithful (counterpart cited) - not independently re-derived here	LOSAT/src/algorithm/blastx/preliminary.rs:515; LOSAT/src/algorithm/tblastx/blast_engine/run_impl.rs:2754	Search-engine function that fixes HSP set/scores/order/statistics. Equality evidence: outfmt 6/0/7 differential runs below plus the 26+40 frozen fixtures; four engine differences were found by the S08 investigations in this family and fixed	wa_ev*, wa_th*, wa_ws*, qg*, big_q*, segs*
C84	S7	libxblast.so	~/core/blast_stat.c	BLAST_KarlinPtoE	4175	21/23 scenarios; callers: BLAST_LargeGapSumE;BLAST_SmallGapSumE	engine (no per-function inventory row)	faithful	LOSAT/src/stats/sum_statistics.rs:371 (p_to_e)	Same branches: p<0||p>1 -> INT4_MIN, p==1 -> INT4_MAX, else -log1p(-p) (read-compared)	wa_*, base_*
C85	S7	libxblast.so	~/core/ncbi_math.c	BLAST_LnGammaInt	323	21/23 scenarios; callers: s_BlastSumP	engine: math functions (no per-function inventory row)	faithful (counterpart cited) - not independently re-derived here	LOSAT/src/stats/sum_statistics.rs:319; LOSAT/src/stats/sum_statistics.rs:364	Search-engine function that fixes HSP set/scores/order/statistics. Equality evidence: outfmt 6/0/7 differential runs below plus the 26+40 frozen fixtures; four engine differences were found by the S08 investigations in this family and fixed	wa_ev*, wa_th*, wa_ws*, qg*, big_q*, segs*
C86	S7	libxblast.so	~/core/ncbi_math.c	BLAST_Log1p	64	21/23 scenarios; callers: BLAST_KarlinPtoE	engine: math functions (no per-function inventory row)	faithful (counterpart cited) - not independently re-derived here	LOSAT/src/stats/sum_statistics.rs:149; LOSAT/src/stats/sum_statistics.rs:98	Search-engine function that fixes HSP set/scores/order/statistics. Equality evidence: outfmt 6/0/7 differential runs below plus the 26+40 frozen fixtures; four engine differences were found by the S08 investigations in this family and fixed	wa_ev*, wa_th*, wa_ws*, qg*, big_q*, segs*
C87	S7	libxblast.so	~/core/ncbi_math.c	BLAST_Nint	437	22/23 scenarios; callers: CalculateLinkHSPCutoffs	engine: math functions (no per-function inventory row)	faithful (counterpart cited) - not independently re-derived here	LOSAT/src/algorithm/blastn/alignment/gapped.rs:36; LOSAT/src/algorithm/blastp/kappa.rs:1280	Search-engine function that fixes HSP set/scores/order/statistics. Equality evidence: outfmt 6/0/7 differential runs below plus the 26+40 frozen fixtures; four engine differences were found by the S08 investigations in this family and fixed	wa_ev*, wa_th*, wa_ws*, qg*, big_q*, segs*
C88	S7	libxblast.so	~/core/ncbi_math.c	BLAST_Powi	444	23/23 scenarios; callers: BLAST_GapDecayDivisor;Blast_KarlinBlkUngappedCalc	engine: math functions (no per-function inventory row)	faithful (counterpart cited) - not independently re-derived here	LOSAT/src/core/blast_stat/composition.rs:376; LOSAT/src/stats/karlin_calc.rs:440	Search-engine function that fixes HSP set/scores/order/statistics. Equality evidence: outfmt 6/0/7 differential runs below plus the 26+40 frozen fixtures; four engine differences were found by the S08 investigations in this family and fixed	wa_ev*, wa_th*, wa_ws*, qg*, big_q*, segs*
C89	S7	libxblast.so	~/core/ncbi_math.c	BLAST_RombergIntegrate	346	16/23 scenarios; callers: s_BlastSumP	engine: math functions (no per-function inventory row)	faithful (counterpart cited) - not independently re-derived here	LOSAT/src/algorithm/blastn/blast_engine/run.rs:115; LOSAT/src/stats/sum_statistics.rs:9	Search-engine function that fixes HSP set/scores/order/statistics. Equality evidence: outfmt 6/0/7 differential runs below plus the 26+40 frozen fixtures; four engine differences were found by the S08 investigations in this family and fixed	wa_ev*, wa_th*, wa_ws*, qg*, big_q*, segs*
C90	S7	libxblast.so	~/core/blast_extend.c	BLAST_SaveInitialHit	325	22/23 scenarios; callers: BlastSaveInitHsp	engine: initial HSPs / init hit list (no per-function inventory row)	faithful (counterpart cited) - not independently re-derived here	LOSAT/src/algorithm/blastp/blast_engine.rs:1374; LOSAT/src/algorithm/blastp/blast_engine.rs:6952	Search-engine function that fixes HSP set/scores/order/statistics. Equality evidence: outfmt 6/0/7 differential runs below plus the 26+40 frozen fixtures; four engine differences were found by the S08 investigations in this family and fixed	wa_ev*, wa_th*, wa_ws*, qg*, big_q*, segs*
C91	S7	libxblast.so	~/core/blast_stat.c	BLAST_ScoreSetAmbigRes	1012	23/23 scenarios; callers: Blast_ScoreBlkMatrixInit	engine: Karlin statistics / sum statistics / cutoffs (no per-function inventory row)	faithful (counterpart cited) - not independently re-derived here	LOSAT/src/algorithm/blastn/alignment/gapped.rs:47; LOSAT/src/algorithm/blastn/blast_engine/mod.rs:89	Search-engine function that fixes HSP set/scores/order/statistics. Equality evidence: outfmt 6/0/7 differential runs below plus the 26+40 frozen fixtures; four engine differences were found by the S08 investigations in this family and fixed	wa_ev*, wa_th*, wa_ws*, qg*, big_q*, segs*
C92	S7	libxblast.so	~/core/blast_stat.c	BLAST_SmallGapSumE	4418	19/23 scenarios; callers: BLAST_LinkHsps	engine: Karlin statistics / sum statistics / cutoffs (no per-function inventory row)	faithful (counterpart cited) - not independently re-derived here	LOSAT/src/algorithm/tblastx/blast_engine/run_impl.rs:3360; LOSAT/src/algorithm/tblastx/sum_stats_linking/linking.rs:1199	Search-engine function that fixes HSP set/scores/order/statistics. Equality evidence: outfmt 6/0/7 differential runs below plus the 26+40 frozen fixtures; four engine differences were found by the S08 investigations in this family and fixed	wa_ev*, wa_th*, wa_ws*, qg*, big_q*, segs*
C93	S7	libxblast.so	~/core/blast_util.c	BLAST_StrToUpper	1352	23/23 scenarios; callers: Blast_ScoreBlkMatrixInit	engine: translation / sequence blocks (no per-function inventory row)	faithful (counterpart cited) - not independently re-derived here	LOSAT/src/core/blast_stat/composition.rs:115; LOSAT/src/stats/karlin_calc.rs:120	Search-engine function that fixes HSP set/scores/order/statistics. Equality evidence: outfmt 6/0/7 differential runs below plus the 26+40 frozen fixtures; four engine differences were found by the S08 investigations in this family and fixed	wa_ev*, wa_th*, wa_ws*, qg*, big_q*, segs*
C94	S7	libxblast.so	~/core/blast_util.c	BLAST_TranslateCompressedSequence	508	22/23 scenarios; callers: BLAST_GetAllTranslations	engine: translation / sequence blocks (no per-function inventory row)	faithful (counterpart cited) - not independently re-derived here	LOSAT/src/algorithm/blastn/blast_engine/run.rs:7505; LOSAT/src/algorithm/tblastn/stage_d_pipeline.rs:1012	Search-engine function that fixes HSP set/scores/order/statistics. Equality evidence: outfmt 6/0/7 differential runs below plus the 26+40 frozen fixtures; four engine differences were found by the S08 investigations in this family and fixed	wa_ev*, wa_th*, wa_ws*, qg*, big_q*, segs*
C95	S1	libxblast.so	~/core/blast_options.c	BLAST_ValidateOptions	1749	23/23 scenarios; callers: ncbi::blast::CBlastOptionsLocal::Validate	H options validation	FINDING F1 (via BlastHitSavingOptionsValidate)	-	Entry of the validators; only the hit-saving branch is reachable with an error	F1_*
C96	S7	libxblast.so	~/core/blast_query_info.c	BSearchContextInfo	219	22/23 scenarios; callers: BLAST_GetUngappedHSPList;BlastAaWordFinder	engine: query contexts (no per-function inventory row)	faithful (counterpart cited) - not independently re-derived here	LOSAT/src/algorithm/blastn/blast_engine/run.rs:3756; LOSAT/src/algorithm/blastn/blast_engine/run.rs:3779	Search-engine function that fixes HSP set/scores/order/statistics. Equality evidence: outfmt 6/0/7 differential runs below plus the 26+40 frozen fixtures; four engine differences were found by the S08 investigations in this family and fixed	wa_ev*, wa_th*, wa_ws*, qg*, big_q*, segs*
C97	S7	libxblast.so	~/core/blast_aalookup.c	BlastAaLookupFinalize	267	23/23 scenarios; callers: LookupTableWrapInit_MT	engine: protein lookup table (no per-function inventory row)	faithful (counterpart cited) - not independently re-derived here	LOSAT/src/algorithm/tblastx/lookup/backbone.rs:1110; LOSAT/src/algorithm/tblastx/lookup/backbone.rs:1186	Search-engine function that fixes HSP set/scores/order/statistics. Equality evidence: outfmt 6/0/7 differential runs below plus the 26+40 frozen fixtures; four engine differences were found by the S08 investigations in this family and fixed	wa_ev*, wa_th*, wa_ws*, qg*, big_q*, segs*
C98	S7	libxblast.so	~/core/blast_aalookup.c	BlastAaLookupIndexQuery	413	23/23 scenarios; callers: LookupTableWrapInit_MT	engine: protein lookup table (no per-function inventory row)	faithful (counterpart cited) - not independently re-derived here	LOSAT/src/algorithm/tblastx/lookup/compressed.rs:112; LOSAT/src/algorithm/tblastx/lookup/compressed.rs:13	Search-engine function that fixes HSP set/scores/order/statistics. Equality evidence: outfmt 6/0/7 differential runs below plus the 26+40 frozen fixtures; four engine differences were found by the S08 investigations in this family and fixed	wa_ev*, wa_th*, wa_ws*, qg*, big_q*, segs*
C99	S7	libxblast.so	~/core/aa_ungapped.c	BlastAaWordFinder	200	22/23 scenarios; callers: s_BlastSearchEngineCore.isra.0	engine: lookup/scan/ungapped extension (no per-function inventory row)	faithful (counterpart cited) - not independently re-derived here	LOSAT/src/algorithm/blastp/blast_engine.rs:4903; LOSAT/src/algorithm/blastp/mod.rs:13	Search-engine function that fixes HSP set/scores/order/statistics. Equality evidence: outfmt 6/0/7 differential runs below plus the 26+40 frozen fixtures; four engine differences were found by the S08 investigations in this family and fixed	wa_ev*, wa_th*, wa_ws*, qg*, big_q*, segs*
C100	S7	libxblast.so	~/core/blast_aascan.c	BlastChooseProteinScanSubject	553	22/23 scenarios; callers: BLAST_PreliminarySearchEngine	engine: subject scan (no per-function inventory row)	faithful (counterpart cited) - not independently re-derived here	LOSAT/src/algorithm/blastp/blast_engine.rs:1807; LOSAT/src/algorithm/blastp/blast_engine.rs:7232	Search-engine function that fixes HSP set/scores/order/statistics. Equality evidence: outfmt 6/0/7 differential runs below plus the 26+40 frozen fixtures; four engine differences were found by the S08 investigations in this family and fixed	wa_ev*, wa_th*, wa_ws*, qg*, big_q*, segs*
C101	S1	libxblast.so	~/core/blast_options.c	BlastExtensionOptionsValidate	740	23/23 scenarios; callers: BLAST_ValidateOptions	H options validation	no-output-effect	-	No error branch is reachable for tblastx with accepted options (SEG allowed for tblastx; extension options default)	-
C102	S7	libxblast.so	~/core/blast_hspstream.c	BlastHSPStreamRegisterPipe	709	23/23 scenarios; callers: ncbi::blast::BlastSetupPreliminarySearchEx	engine (no per-function inventory row)	no-output-effect	-	No traceback pipe is created for tblastx without HSP filtering options (G9)	wa_*, base_*
C103	S7	libxblast.so	~/core/blast_hspstream.c	BlastHSPStreamTBackClose	241	22/23 scenarios; callers: BLAST_ComputeTraceback_MT	engine: HSP stream (no per-function inventory row)	faithful (counterpart cited) - not independently re-derived here	LOSAT/src/algorithm/blastx/results.rs:1641; LOSAT/src/algorithm/blastx/results.rs:171	Search-engine function that fixes HSP set/scores/order/statistics. Equality evidence: outfmt 6/0/7 differential runs below plus the 26+40 frozen fixtures; four engine differences were found by the S08 investigations in this family and fixed	wa_ev*, wa_th*, wa_ws*, qg*, big_q*, segs*
C104	S7	libxblast.so	~/core/blast_hspstream_mt_utils.c	BlastHSPStreamToHSPStreamResultsBatch	145	22/23 scenarios; callers: BLAST_ComputeTraceback_MT	engine: HSP stream (no per-function inventory row)	faithful (counterpart cited) - not independently re-derived here	LOSAT/src/algorithm/blastx/runtime.rs:1334	Search-engine function that fixes HSP set/scores/order/statistics. Equality evidence: outfmt 6/0/7 differential runs below plus the 26+40 frozen fixtures; four engine differences were found by the S08 investigations in this family and fixed	wa_ev*, wa_th*, wa_ws*, qg*, big_q*, segs*
C105	S7	libxblast.so	~/core/blast_parameters.c	BlastHitSavingParametersUpdate	831	22/23 scenarios; callers: BlastHitSavingParametersNew	engine: cutoffs and parameters (no per-function inventory row)	faithful (counterpart cited) - not independently re-derived here	LOSAT/src/algorithm/blastn/blast_engine/run.rs:10781; LOSAT/src/algorithm/blastn/blast_engine/run.rs:13047	Search-engine function that fixes HSP set/scores/order/statistics. Equality evidence: outfmt 6/0/7 differential runs below plus the 26+40 frozen fixtures; four engine differences were found by the S08 investigations in this family and fixed	wa_ev*, wa_th*, wa_ws*, qg*, big_q*, segs*
C106	S1	libxblast.so	~/core/blast_options.c	BlastInitialWordOptionsValidate	601	23/23 scenarios; callers: BLAST_ValidateOptions	H options validation	no-output-effect	-	x_dropoff default >0; no accepted option changes it	-
C107	S7	libxblast.so	~/core/blast_parameters.c	BlastInitialWordParametersUpdate	280	22/23 scenarios; callers: BlastInitialWordParametersNew	engine: cutoffs and parameters (no per-function inventory row)	faithful (counterpart cited) - not independently re-derived here	LOSAT/src/algorithm/blastn/blast_engine/run.rs:105; LOSAT/src/algorithm/blastn/blast_engine/run.rs:6649	Search-engine function that fixes HSP set/scores/order/statistics. Equality evidence: outfmt 6/0/7 differential runs below plus the 26+40 frozen fixtures; four engine differences were found by the S08 investigations in this family and fixed	wa_ev*, wa_th*, wa_ws*, qg*, big_q*, segs*
C108	S7	libxblast.so	~/core/blast_parameters.c	BlastLinkHSPParametersUpdate	625	22/23 scenarios; callers: BLAST_PreliminarySearchEngine	engine: cutoffs and parameters (no per-function inventory row)	faithful (counterpart cited) - not independently re-derived here	LOSAT/src/algorithm/tblastn/stage_d_stats.rs:22; LOSAT/src/algorithm/tblastn/stage_d_stats.rs:309	Search-engine function that fixes HSP set/scores/order/statistics. Equality evidence: outfmt 6/0/7 differential runs below plus the 26+40 frozen fixtures; four engine differences were found by the S08 investigations in this family and fixed	wa_ev*, wa_th*, wa_ws*, qg*, big_q*, segs*
C109	S7	libxblast.so	~/core/blast_stat.c	BlastLoadMatrixValues	2952	22/23 scenarios; callers: Blast_GetMatrixValues.part.0.constprop.0	engine: Karlin statistics / sum statistics / cutoffs (no per-function inventory row)	faithful (counterpart cited) - not independently re-derived here	LOSAT/src/algorithm/tblastn/scoring.rs:178; LOSAT/src/algorithm/tblastn/scoring.rs:3	Search-engine function that fixes HSP set/scores/order/statistics. Equality evidence: outfmt 6/0/7 differential runs below plus the 26+40 frozen fixtures; four engine differences were found by the S08 investigations in this family and fixed	wa_ev*, wa_th*, wa_ws*, qg*, big_q*, segs*
C110	S7	libxblast.so	~/core/blast_lookup.c	BlastLookupAddWordHit	33	23/23 scenarios; callers: BlastAaLookupIndexQuery;BlastLookupIndexQueryExactMatches;s_AddWordHitsCore'2	engine: lookup table (no per-function inventory row)	faithful (counterpart cited) - not independently re-derived here	LOSAT/src/algorithm/blastn/lookup.rs:1156; LOSAT/src/algorithm/blastn/lookup.rs:1646	Search-engine function that fixes HSP set/scores/order/statistics. Equality evidence: outfmt 6/0/7 differential runs below plus the 26+40 frozen fixtures; four engine differences were found by the S08 investigations in this family and fixed	wa_ev*, wa_th*, wa_ws*, qg*, big_q*, segs*
C111	S7	libxblast.so	~/core/blast_lookup.c	BlastLookupIndexQueryExactMatches	79	23/23 scenarios; callers: BlastAaLookupIndexQuery	engine: lookup table (no per-function inventory row)	faithful (counterpart cited) - not independently re-derived here	LOSAT/src/algorithm/blastn/lookup.rs:1043; LOSAT/src/algorithm/blastn/lookup.rs:1052	Search-engine function that fixes HSP set/scores/order/statistics. Equality evidence: outfmt 6/0/7 differential runs below plus the 26+40 frozen fixtures; four engine differences were found by the S08 investigations in this family and fixed	wa_ev*, wa_th*, wa_ws*, qg*, big_q*, segs*
C112	S7	libxblast.so	~/core/blast_extend.c	BlastSaveInitHsp	360	22/23 scenarios; callers: BlastAaWordFinder	engine: initial HSPs / init hit list (no per-function inventory row)	faithful (counterpart cited) - not independently re-derived here	LOSAT/src/algorithm/blastp/blast_engine.rs:1374; LOSAT/src/algorithm/blastp/blast_engine.rs:6952	Search-engine function that fixes HSP set/scores/order/statistics. Equality evidence: outfmt 6/0/7 differential runs below plus the 26+40 frozen fixtures; four engine differences were found by the S08 investigations in this family and fixed	wa_ev*, wa_th*, wa_ws*, qg*, big_q*, segs*
C113	S4	libxblast.so	?	BlastScoreFreqCalcisra.0		23/23 scenarios; callers: Blast_ScoreBlkKbpIdealCalc;Blast_ScoreBlkKbpUngappedCalc	A/E query-subject setup, results plumbing	no-output-effect	-	Object-manager/query-factory/results container plumbing; values it hands over are covered by A67-A71, E35-E42, F22-F23	-
C114	S1	libxblast.so	~/core/blast_options.c	BlastScoringOptionsValidate	862	23/23 scenarios; callers: BLAST_ValidateOptions	H options validation	faithful	-	tblastx: gapped_calculation FALSE, no matrix option -> no error branch reachable with accepted options	-
C115	S7	libxblast.so	~/core/blast_util.c	BlastSeqBlkSetCompressedSequence	167	23/23 scenarios; callers: ncbi::blast::SetupSubjects_OMF	engine: translation / sequence blocks (no per-function inventory row)	faithful (counterpart cited) - not independently re-derived here	LOSAT/src/algorithm/blastn/blast_engine/run.rs:5615; LOSAT/src/algorithm/blastn/blast_engine/run.rs:6209	Search-engine function that fixes HSP set/scores/order/statistics. Equality evidence: outfmt 6/0/7 differential runs below plus the 26+40 frozen fixtures; four engine differences were found by the S08 investigations in this family and fixed	wa_ev*, wa_th*, wa_ws*, qg*, big_q*, segs*
C116	S7	libxblast.so	~/core/blast_util.c	BlastSeqBlkSetSequence	147	23/23 scenarios; callers: ncbi::blast::SetupQueries_OMF;ncbi::blast::SetupSubjects_OMF	engine: translation / sequence blocks (no per-function inventory row)	faithful (counterpart cited) - not independently re-derived here	LOSAT/src/algorithm/blastp/gapalign.rs:1025; LOSAT/src/algorithm/tblastx/lookup/backbone.rs:936	Search-engine function that fixes HSP set/scores/order/statistics. Equality evidence: outfmt 6/0/7 differential runs below plus the 26+40 frozen fixtures; four engine differences were found by the S08 investigations in this family and fixed	wa_ev*, wa_th*, wa_ws*, qg*, big_q*, segs*
C117	S5	libxblast.so	~/core/blast_seqsrc.c	BlastSeqSrcGetAvgSeqLen	211	22/23 scenarios; callers: BLAST_PreliminarySearchEngine	E44/G13 seq source	faithful	LOSAT/src/algorithm/tblastx/blast_engine/run_impl.rs:1962; LOSAT/src/algorithm/blastx/parameters.rs:279	Seq-source accessors/iterator (chunk iterator over subjects)	multi*, big_*
C118	S5	libxblast.so	~/core/blast_seqsrc.c	BlastSeqSrcGetInitError	159	23/23 scenarios; callers: ncbi::blast::CLocalDbAdapter::MakeSeqSrc	E44/G13 seq source	faithful	-	Seq-source accessors/iterator (chunk iterator over subjects)	multi*, big_*
C119	S5	libxblast.so	~/core/blast_seqsrc.c	BlastSeqSrcGetMaxSeqLen	193	22/23 scenarios; callers: BLAST_GapAlignSetUp	E44/G13 seq source	faithful	-	Seq-source accessors/iterator (chunk iterator over subjects)	multi*, big_*
C120	S5	libxblast.so	~/core/blast_seqsrc.c	BlastSeqSrcGetNumSeqs	177	23/23 scenarios; callers: BLAST_GapAlignSetUp;BLAST_PreliminarySearchEngine;ncbi::CBlastFormat::CBlastFormat	E44/G13 seq source	faithful	LOSAT/src/algorithm/tblastx/blast_engine/run_impl.rs:592; LOSAT/src/algorithm/tblastx/blast_engine/run_impl.rs:1725	Seq-source accessors/iterator (chunk iterator over subjects)	multi*, big_*
C121	S5	libxblast.so	~/core/blast_seqsrc.c	BlastSeqSrcGetNumSeqsStats	185	22/23 scenarios; callers: BLAST_GapAlignSetUp;ncbi::blast::SplitQuery_SetEffectiveSearchSpace	E44/G13 seq source	faithful	LOSAT/src/algorithm/blastx/parameters.rs:233	Seq-source accessors/iterator (chunk iterator over subjects)	multi*, big_*
C122	S5	libxblast.so	~/core/blast_seqsrc.c	BlastSeqSrcGetSequence	271	22/23 scenarios; callers: BLAST_PreliminarySearchEngine;Blast_HSPListReevaluateUngapped	E44/G13 seq source	faithful	LOSAT/src/algorithm/tblastx/blast_engine/mod.rs:25; LOSAT/src/algorithm/tblastx/blast_engine/run_impl.rs:595	Seq-source accessors/iterator (chunk iterator over subjects)	multi*, big_*
C123	S5	libxblast.so	~/core/blast_seqsrc.c	BlastSeqSrcGetSupportsPartialFetching	251	22/23 scenarios; callers: BLAST_ComputeTraceback_MT._omp_fn.0	E44/G13 seq source	faithful	-	Seq-source accessors/iterator (chunk iterator over subjects)	multi*, big_*
C124	S5	libxblast.so	~/core/blast_seqsrc.c	BlastSeqSrcGetTotLenStats	227	22/23 scenarios; callers: BLAST_GapAlignSetUp;ncbi::blast::SplitQuery_SetEffectiveSearchSpace	E44/G13 seq source	faithful	LOSAT/src/algorithm/blastx/parameters.rs:216	Seq-source accessors/iterator (chunk iterator over subjects)	multi*, big_*
C125	S5	libxblast.so	~/core/blast_seqsrc.c	BlastSeqSrcIteratorNewEx	387	22/23 scenarios; callers: BLAST_PreliminarySearchEngine	E44/G13 seq source	faithful	LOSAT/src/algorithm/tblastx/blast_engine/run_impl.rs:592; LOSAT/src/algorithm/tblastx/blast_engine/run_impl.rs:1725	Seq-source accessors/iterator (chunk iterator over subjects)	multi*, big_*
C126	S5	libxblast.so	~/core/blast_seqsrc.c	BlastSeqSrcIteratorNext	425	22/23 scenarios; callers: BLAST_PreliminarySearchEngine	E44/G13 seq source	faithful	LOSAT/src/algorithm/tblastx/blast_engine/mod.rs:22; LOSAT/src/algorithm/tblastx/blast_engine/mod.rs:211	Seq-source accessors/iterator (chunk iterator over subjects)	multi*, big_*
C127	S5	libxblast.so	~/core/blast_seqsrc.c	BlastSeqSrcReleaseSequence	289	22/23 scenarios; callers: BLAST_PreliminarySearchEngine;Blast_HSPListReevaluateUngapped	E44/G13 seq source	faithful	LOSAT/src/algorithm/blastx/runtime.rs:668; LOSAT/src/algorithm/blastx/runtime.rs:1692	Seq-source accessors/iterator (chunk iterator over subjects)	multi*, big_*
C128	S5	libxblast.so	~/core/blast_seqsrc.c	BlastSeqSrcResetChunkIterator	436	22/23 scenarios; callers: ncbi::blast::CBlastPrelimSearch::Run	E44/G13 seq source	faithful	LOSAT/src/algorithm/blastn/query_split.rs:192	Seq-source accessors/iterator (chunk iterator over subjects)	multi*, big_*
C129	S7	libxblast.so	~/core/blast_setup.c	BlastSetup_Validate	535	23/23 scenarios; callers: BLAST_MainSetUp;ncbi::blast::SetupQueries_OMF	engine: setup (no per-function inventory row)	faithful (counterpart cited) - not independently re-derived here	LOSAT/src/algorithm/tblastx/blast_engine/run_impl.rs:1972	Search-engine function that fixes HSP set/scores/order/statistics. Equality evidence: outfmt 6/0/7 differential runs below plus the 26+40 frozen fixtures; four engine differences were found by the S08 investigations in this family and fixed	wa_ev*, wa_th*, wa_ws*, qg*, big_q*, segs*
C130	S7	libxblast.so	~/core/blast_diagnostics.c	Blast_DiagnosticsUpdate	118	22/23 scenarios; callers: Blast_RunPreliminarySearchWithInterrupt	engine: diagnostics (no per-function inventory row)	faithful (counterpart cited) - not independently re-derived here	LOSAT/src/algorithm/blastp/blast_engine.rs:366; LOSAT/src/algorithm/blastp/blast_engine.rs:425	Search-engine function that fixes HSP set/scores/order/statistics. Equality evidence: outfmt 6/0/7 differential runs below plus the 26+40 frozen fixtures; four engine differences were found by the S08 investigations in this family and fixed	wa_ev*, wa_th*, wa_ws*, qg*, big_q*, segs*
C131	S7	libxblast.so	~/core/blast_extend.c	Blast_ExtendWordExit	162	22/23 scenarios; callers: BlastAaWordFinder	engine: initial HSPs / init hit list (no per-function inventory row)	faithful (counterpart cited) - not independently re-derived here	LOSAT/src/algorithm/blastn/blast_engine/run.rs:10521; LOSAT/src/algorithm/blastn/blast_engine/run.rs:3634	Search-engine function that fixes HSP set/scores/order/statistics. Equality evidence: outfmt 6/0/7 differential runs below plus the 26+40 frozen fixtures; four engine differences were found by the S08 investigations in this family and fixed	wa_ev*, wa_th*, wa_ws*, qg*, big_q*, segs*
C132	S4	libxblast.so	?	Blast_GetMatrixValuesconstprop.0		22/23 scenarios; callers: BLAST_GetAlphaBeta	A/E query-subject setup, results plumbing	no-output-effect	-	Object-manager/query-factory/results container plumbing; values it hands over are covered by A67-A71, E35-E42, F22-F23	-
C133	S7	libxblast.so	~/core/blast_query_info.c	Blast_GetQueryIndexFromContext	40	23/23 scenarios; callers: BlastQueryInfoNew;s_BlastHSPCollectorRun;s_BlastHSPCullingFinal	engine: query contexts (no per-function inventory row)	faithful (counterpart cited) - not independently re-derived here	LOSAT/src/algorithm/blastn/blast_engine/run.rs:3466; LOSAT/src/algorithm/blastn/blast_engine/run.rs:13299	Search-engine function that fixes HSP set/scores/order/statistics. Equality evidence: outfmt 6/0/7 differential runs below plus the 26+40 frozen fixtures; four engine differences were found by the S08 investigations in this family and fixed	wa_ev*, wa_th*, wa_ws*, qg*, big_q*, segs*
C134	S7	libxblast.so	~/core/blast_stat.c	Blast_GetStdAlphabet	1863	23/23 scenarios; callers: Blast_ResFreqStdComp	engine: Karlin statistics / sum statistics / cutoffs (no per-function inventory row)	faithful (counterpart cited) - not independently re-derived here	LOSAT/src/algorithm/blastn/blast_engine/run.rs:7501; LOSAT/src/core/blast_stat/composition.rs:49	Search-engine function that fixes HSP set/scores/order/statistics. Equality evidence: outfmt 6/0/7 differential runs below plus the 26+40 frozen fixtures; four engine differences were found by the S08 investigations in this family and fixed	wa_ev*, wa_th*, wa_ws*, qg*, big_q*, segs*
C135	S7	libxblast.so	~/core/blast_hits.c	Blast_HSPGetNumIdentitiesAndPositives	966	22/23 scenarios; callers: Blast_HSPListReevaluateUngapped	engine: HSP lists / hit list (no per-function inventory row)	faithful (counterpart cited) - not independently re-derived here	LOSAT/src/algorithm/tblastn/stage_d_linking.rs:1967; LOSAT/src/algorithm/tblastn/stage_d_results.rs:29	Search-engine function that fixes HSP set/scores/order/statistics. Equality evidence: outfmt 6/0/7 differential runs below plus the 26+40 frozen fixtures; four engine differences were found by the S08 investigations in this family and fixed	wa_ev*, wa_th*, wa_ws*, qg*, big_q*, segs*
C136	S7	libxblast.so	~/core/blast_hits.c	Blast_HSPGetTargetTranslation	1147	22/23 scenarios; callers: Blast_HSPListReevaluateUngapped	engine: HSP lists / hit list (no per-function inventory row)	faithful (counterpart cited) - not independently re-derived here	LOSAT/src/algorithm/tblastn/kappa.rs:224; LOSAT/src/algorithm/tblastn/search_gapped.rs:1367	Search-engine function that fixes HSP set/scores/order/statistics. Equality evidence: outfmt 6/0/7 differential runs below plus the 26+40 frozen fixtures; four engine differences were found by the S08 investigations in this family and fixed	wa_ev*, wa_th*, wa_ws*, qg*, big_q*, segs*
C137	S7	libxblast.so	~/core/blast_hits.c	Blast_HSPListAdjustOffsets	3037	22/23 scenarios; callers: s_BlastSearchEngineCore.isra.0	engine: HSP lists / hit list (no per-function inventory row)	faithful (counterpart cited) - not independently re-derived here	LOSAT/src/algorithm/tblastn/search_gapped.rs:730; LOSAT/src/algorithm/tblastx/blast_engine/run_impl.rs:4325	Search-engine function that fixes HSP set/scores/order/statistics. Equality evidence: outfmt 6/0/7 differential runs below plus the 26+40 frozen fixtures; four engine differences were found by the S08 investigations in this family and fixed	wa_ev*, wa_th*, wa_ws*, qg*, big_q*, segs*
C138	S7	libxblast.so	~/core/blast_hits.c	Blast_HSPListAppend	2809	22/23 scenarios; callers: s_BlastSearchEngineCore.isra.0	engine: HSP lists / hit list (no per-function inventory row)	faithful (counterpart cited) - not independently re-derived here	LOSAT/src/algorithm/tblastn/search_gapped.rs:2105; LOSAT/src/algorithm/tblastn/search_gapped.rs:2189	Search-engine function that fixes HSP set/scores/order/statistics. Equality evidence: outfmt 6/0/7 differential runs below plus the 26+40 frozen fixtures; four engine differences were found by the S08 investigations in this family and fixed	wa_ev*, wa_th*, wa_ws*, qg*, big_q*, segs*
C139	S7	libxblast.so	~/core/blast_hits.c	Blast_HSPListReapByQueryCoverage	2010	22/23 scenarios; callers: BLAST_PreliminarySearchEngine	engine: HSP lists / hit list (no per-function inventory row)	faithful (counterpart cited) - not independently re-derived here	LOSAT/src/algorithm/tblastn/stage_d_linking.rs:499	Search-engine function that fixes HSP set/scores/order/statistics. Equality evidence: outfmt 6/0/7 differential runs below plus the 26+40 frozen fixtures; four engine differences were found by the S08 investigations in this family and fixed	wa_ev*, wa_th*, wa_ws*, qg*, big_q*, segs*
C140	S7	libxblast.so	~/core/blast_hits.c	Blast_HSPListSaveHSP	1754	22/23 scenarios; callers: BLAST_GetUngappedHSPList;s_BlastHSPCollectorRun	engine: HSP lists / hit list (no per-function inventory row)	faithful (counterpart cited) - not independently re-derived here	LOSAT/src/algorithm/blastx/preliminary.rs:177	Search-engine function that fixes HSP set/scores/order/statistics. Equality evidence: outfmt 6/0/7 differential runs below plus the 26+40 frozen fixtures; four engine differences were found by the S08 investigations in this family and fixed	wa_ev*, wa_th*, wa_ws*, qg*, big_q*, segs*
C141	S7	libxblast.so	~/core/blast_hits.c	Blast_HSPList_IsEmpty	1578	22/23 scenarios; callers: SThreadLocalDataArrayConsolidateResults	engine (no per-function inventory row)	no-output-effect	-	Empty-list test while consolidating results (G23, G27)	wa_*, base_*
C142	S7	libxblast.so	~/core/blast_hits.c	Blast_HSPListsMerge	2857	22/23 scenarios; callers: s_BlastSearchEngineCore.isra.0	engine: HSP lists / hit list (no per-function inventory row)	faithful (counterpart cited) - not independently re-derived here	LOSAT/src/algorithm/blastn/blast_engine/run.rs:12850; LOSAT/src/algorithm/blastn/blast_engine/run.rs:3171	Search-engine function that fixes HSP set/scores/order/statistics. Equality evidence: outfmt 6/0/7 differential runs below plus the 26+40 frozen fixtures; four engine differences were found by the S08 investigations in this family and fixed	wa_ev*, wa_th*, wa_ws*, qg*, big_q*, segs*
C143	S7	libxblast.so	~/core/blast_hits.c	Blast_HSPReevaluateWithAmbiguitiesUngapped	676	22/23 scenarios; callers: Blast_HSPListReevaluateUngapped	engine: HSP lists / hit list (no per-function inventory row)	faithful (counterpart cited) - not independently re-derived here	LOSAT/src/algorithm/blastn/alignment/gapped.rs:1897; LOSAT/src/algorithm/blastn/alignment/greedy.rs:3260	Search-engine function that fixes HSP set/scores/order/statistics. Equality evidence: outfmt 6/0/7 differential runs below plus the 26+40 frozen fixtures; four engine differences were found by the S08 investigations in this family and fixed	wa_ev*, wa_th*, wa_ws*, qg*, big_q*, segs*
C144	S7	libxblast.so	~/core/blast_hits.c	Blast_HSPTest	1027	22/23 scenarios; callers: Blast_HSPListReevaluateUngapped	engine: HSP lists / hit list (no per-function inventory row)	faithful (counterpart cited) - not independently re-derived here	LOSAT/src/algorithm/tblastn/search_gapped.rs:3911	Search-engine function that fixes HSP set/scores/order/statistics. Equality evidence: outfmt 6/0/7 differential runs below plus the 26+40 frozen fixtures; four engine differences were found by the S08 investigations in this family and fixed	wa_ev*, wa_th*, wa_ws*, qg*, big_q*, segs*
C145	S7	libxblast.so	~/core/blast_extend.c	Blast_InitHitListSortByScore	306	22/23 scenarios; callers: BlastAaWordFinder	engine: initial HSPs / init hit list (no per-function inventory row)	faithful (counterpart cited) - not independently re-derived here	LOSAT/src/algorithm/blastn/blast_engine/run.rs:10033; LOSAT/src/algorithm/blastn/blast_engine/run.rs:10041	Search-engine function that fixes HSP set/scores/order/statistics. Equality evidence: outfmt 6/0/7 differential runs below plus the 26+40 frozen fixtures; four engine differences were found by the S08 investigations in this family and fixed	wa_ev*, wa_th*, wa_ws*, qg*, big_q*, segs*
C146	S7	libxblast.so	~/core/blast_stat.c	Blast_KarlinLambdaNR	2567	23/23 scenarios; callers: Blast_KarlinBlkUngappedCalc	engine: Karlin statistics / sum statistics / cutoffs (no per-function inventory row)	faithful (counterpart cited) - not independently re-derived here	LOSAT/src/algorithm/tblastn/stage_d_pipeline.rs:2632; LOSAT/src/algorithm/tblastn/stage_d_pipeline.rs:369	Search-engine function that fixes HSP set/scores/order/statistics. Equality evidence: outfmt 6/0/7 differential runs below plus the 26+40 frozen fixtures; four engine differences were found by the S08 investigations in this family and fixed	wa_ev*, wa_th*, wa_ws*, qg*, big_q*, segs*
C147	S7	libxblast.so	~/core/blast_message.c	Blast_MessageWrite	102	23/23 scenarios; callers: BLAST_CalcEffLengths;Blast_ScoreBlkKbpUngappedCalc	engine: messages (no per-function inventory row)	faithful (counterpart cited) - not independently re-derived here	LOSAT/src/algorithm/tblastx/blast_engine/run_impl.rs:1139; LOSAT/src/algorithm/tblastx/blast_engine/run_impl.rs:1149	Search-engine function that fixes HSP set/scores/order/statistics. Equality evidence: outfmt 6/0/7 differential runs below plus the 26+40 frozen fixtures; four engine differences were found by the S08 investigations in this family and fixed	wa_ev*, wa_th*, wa_ws*, qg*, big_q*, segs*
C148	S1	libxblast.so	~/core/blast_program.c	Blast_ProgramIsMapping	76	23/23 scenarios; callers: BLAST_CalcEffLengths;BLAST_PreliminarySearchEngine;BlastQueryInfoNew	H options (no inventory range)	no-output-effect	-	Option-handle construction/default plumbing (values are those of tblastx_options.cpp:47-95 / blast_prot_options.cpp:49-159; LOSAT defaults in args.rs)	default runs base_*
C149	S1	libxblast.so	~/core/blast_program.c	Blast_ProgramIsNucleotide	82	23/23 scenarios; callers: BLAST_PreliminarySearchEngine;BlastInitialWordParametersNew;BlastScoringOptionsValidate	H options (no inventory range)	no-output-effect	-	Option-handle construction/default plumbing (values are those of tblastx_options.cpp:47-95 / blast_prot_options.cpp:49-159; LOSAT defaults in args.rs)	default runs base_*
C150	S1	libxblast.so	~/core/blast_program.c	Blast_ProgramIsPhiBlast	70	23/23 scenarios; callers: BLAST_CalcEffLengths;BlastHitSavingParametersUpdate;BlastInitialWordOptionsValidate	H options (no inventory range)	no-output-effect	-	Option-handle construction/default plumbing (values are those of tblastx_options.cpp:47-95 / blast_prot_options.cpp:49-159; LOSAT defaults in args.rs)	default runs base_*
C151	S1	libxblast.so	~/core/blast_program.c	Blast_ProgramIsRpsBlast	73	23/23 scenarios; callers: BLAST_ComputeTraceback_MT;BLAST_PreliminarySearchEngine;LookupTableOptionsValidate	H options (no inventory range)	no-output-effect	-	Option-handle construction/default plumbing (values are those of tblastx_options.cpp:47-95 / blast_prot_options.cpp:49-159; LOSAT defaults in args.rs)	default runs base_*
C152	S1	libxblast.so	~/core/blast_program.c	Blast_QueryIsNucleotide	43	23/23 scenarios; callers: BLAST_LinkHsps;Blast_ProgramIsNucleotide;ncbi::blast::CBlastQuerySourceOM::x_CalculateMasks	H options (no inventory range)	no-output-effect	-	Option-handle construction/default plumbing (values are those of tblastx_options.cpp:47-95 / blast_prot_options.cpp:49-159; LOSAT defaults in args.rs)	default runs base_*
C153	S1	libxblast.so	~/core/blast_program.c	Blast_QueryIsProtein	40	23/23 scenarios; callers: BLAST_ContextToFrame;BlastHSPStreamNew;Blast_GetQueryIndexFromContext	H options (no inventory range)	no-output-effect	-	Option-handle construction/default plumbing (values are those of tblastx_options.cpp:47-95 / blast_prot_options.cpp:49-159; LOSAT defaults in args.rs)	default runs base_*
C154	S1	libxblast.so	~/core/blast_program.c	Blast_QueryIsPssm	46	23/23 scenarios; callers: BlastHSPStreamNew;Blast_ScoreBlkKbpUngappedCalc	H options (no inventory range)	no-output-effect	-	Option-handle construction/default plumbing (values are those of tblastx_options.cpp:47-95 / blast_prot_options.cpp:49-159; LOSAT defaults in args.rs)	default runs base_*
C155	S7	libxblast.so	~/core/blast_stat.c	Blast_ResFreqStdComp	1887	23/23 scenarios; callers: Blast_ScoreBlkKbpIdealCalc;Blast_ScoreBlkKbpUngappedCalc	engine: Karlin statistics / sum statistics / cutoffs (no per-function inventory row)	faithful (counterpart cited) - not independently re-derived here	LOSAT/src/core/blast_stat/composition.rs:135; LOSAT/src/core/blast_stat/composition.rs:147	Search-engine function that fixes HSP set/scores/order/statistics. Equality evidence: outfmt 6/0/7 differential runs below plus the 26+40 frozen fixtures; four engine differences were found by the S08 investigations in this family and fixed	wa_ev*, wa_th*, wa_ws*, qg*, big_q*, segs*
C156	S7	libxblast.so	~/core/blast_engine.c	Blast_RunPreliminarySearchWithInterrupt	1633	22/23 scenarios; callers: ncbi::blast::CBlastPrelimSearch::Run	engine: engine driver (no per-function inventory row)	faithful (counterpart cited) - not independently re-derived here	LOSAT/src/algorithm/blastn/blast_engine/run.rs:12396; LOSAT/src/algorithm/blastn/blast_engine/run.rs:25	Search-engine function that fixes HSP set/scores/order/statistics. Equality evidence: outfmt 6/0/7 differential runs below plus the 26+40 frozen fixtures; four engine differences were found by the S08 investigations in this family and fixed	wa_ev*, wa_th*, wa_ws*, qg*, big_q*, segs*
C157	S7	libxblast.so	~/core/blast_stat.c	Blast_ScoreBlkMatrixFill	1599	23/23 scenarios; callers: Blast_ScoreBlkMatrixInit	engine (no per-function inventory row)	faithful	LOSAT/src/utils/matrix.rs (blosum62_score_ncbistdaa_direct)	BLOSUM62 table load; footers (lambda,K,H) equal in all outfmt 0 runs	wa_*, base_*
C158	S1	libxblast.so	~/core/blast_program.c	Blast_SubjectIsNucleotide	53	23/23 scenarios; callers: Blast_HSPListReevaluateUngapped;Blast_ProgramIsNucleotide;ncbi::blast::CBlastDatabaseArgs::ExtractAlgorithmO	H options (no inventory range)	no-output-effect	-	Option-handle construction/default plumbing (values are those of tblastx_options.cpp:47-95 / blast_prot_options.cpp:49-159; LOSAT defaults in args.rs)	default runs base_*
C159	S1	libxblast.so	~/core/blast_program.c	Blast_SubjectIsProtein	50	23/23 scenarios; callers: Blast_TracebackGetEncoding;ncbi::blast::CLocalDbAdapter::IsProtein;ncbi::blast::CMultiSeqInfo::CMultiSeqInfo	H options (no inventory range)	no-output-effect	-	Option-handle construction/default plumbing (values are those of tblastx_options.cpp:47-95 / blast_prot_options.cpp:49-159; LOSAT defaults in args.rs)	default runs base_*
C160	S1	libxblast.so	~/core/blast_program.c	Blast_SubjectIsPssm	56	23/23 scenarios; callers: ncbi::blast::SplitQuery_GetChunkSize;ncbi::blast::SplitQuery_ShouldSplit	H options (no inventory range)	no-output-effect	-	Option-handle construction/default plumbing (values are those of tblastx_options.cpp:47-95 / blast_prot_options.cpp:49-159; LOSAT defaults in args.rs)	default runs base_*
C161	S1	libxblast.so	~/core/blast_program.c	Blast_SubjectIsTranslated	63	23/23 scenarios; callers: BLAST_CalcEffLengths;BLAST_GetSuggestedThreshold;BLAST_LinkHsps	H options (no inventory range)	no-output-effect	-	Option-handle construction/default plumbing (values are those of tblastx_options.cpp:47-95 / blast_prot_options.cpp:49-159; LOSAT defaults in args.rs)	default runs base_*
C162	S7	libxblast.so	~/core/blast_traceback.c	Blast_TracebackGetEncoding	819	22/23 scenarios; callers: BLAST_ComputeTraceback_MT._omp_fn.0	engine: traceback driver (no per-function inventory row)	faithful (counterpart cited) - not independently re-derived here	LOSAT/src/algorithm/blastn/blast_engine/run.rs:4170; LOSAT/src/algorithm/blastn/blast_engine/run.rs:4613	Search-engine function that fixes HSP set/scores/order/statistics. Equality evidence: outfmt 6/0/7 differential runs below plus the 26+40 frozen fixtures; four engine differences were found by the S08 investigations in this family and fixed	wa_ev*, wa_th*, wa_ws*, qg*, big_q*, segs*
C163	S7	libxblast.so	~/core/blast_diagnostics.c	Blast_UngappedStatsUpdate	102	22/23 scenarios; callers: BlastAaWordFinder	engine: diagnostics (no per-function inventory row)	faithful (counterpart cited) - not independently re-derived here	LOSAT/src/algorithm/blastn/blast_engine/run.rs:10059	Search-engine function that fixes HSP set/scores/order/statistics. Equality evidence: outfmt 6/0/7 differential runs below plus the 26+40 frozen fixtures; four engine differences were found by the S08 investigations in this family and fixed	wa_ev*, wa_th*, wa_ws*, qg*, big_q*, segs*
C164	S7	libxblast.so	~/core/blast_parameters.c	CalculateLinkHSPCutoffs	998	22/23 scenarios; callers: BLAST_PreliminarySearchEngine	engine: cutoffs and parameters (no per-function inventory row)	faithful (counterpart cited) - not independently re-derived here	LOSAT/src/algorithm/blastx/even_gap.rs:1234; LOSAT/src/algorithm/blastx/even_gap.rs:9	Search-engine function that fixes HSP set/scores/order/statistics. Equality evidence: outfmt 6/0/7 differential runs below plus the 26+40 frozen fixtures; four engine differences were found by the S08 investigations in this family and fixed	wa_ev*, wa_th*, wa_ws*, qg*, big_q*, segs*
C165	S7	libxblast.so	~/core/blast_dynarray.c	DynamicSGenCodeNodeArray_Append	342	23/23 scenarios; callers: GenCodeSingletonAdd	engine (no per-function inventory row)	no-output-effect	-	Genetic-code singleton array growth	wa_*, base_*
C166	S7	libxblast.so	~/core/blast_dynarray.c	DynamicSGenCodeNodeArray_Find	396	23/23 scenarios; callers: DynamicSGenCodeNodeArray_Append;GenCodeSingletonFind	engine: dynamic array (no per-function inventory row)	faithful (counterpart cited) - not independently re-derived here	LOSAT/src/core/gencode_singleton.rs:6; LOSAT/src/utils/genetic_code.rs:170	Search-engine function that fixes HSP set/scores/order/statistics. Equality evidence: outfmt 6/0/7 differential runs below plus the 26+40 frozen fixtures; four engine differences were found by the S08 investigations in this family and fixed	wa_ev*, wa_th*, wa_ws*, qg*, big_q*, segs*
C167	S7	libxblast.so	~/core/gapinfo.c	GapEditScriptDelete	75	22/23 scenarios; callers: BLAST_GapAlignStructFree;Blast_HSPFree	engine: edit script (no per-function inventory row)	faithful (counterpart cited) - not independently re-derived here	LOSAT/src/algorithm/blastn/filtering/purge_endpoints.rs:2144	Search-engine function that fixes HSP set/scores/order/statistics. Equality evidence: outfmt 6/0/7 differential runs below plus the 26+40 frozen fixtures; four engine differences were found by the S08 investigations in this family and fixed	wa_ev*, wa_th*, wa_ws*, qg*, big_q*, segs*
C168	S7	libxblast.so	~/core/gencode_singleton.c	GenCodeSingletonAdd	56	23/23 scenarios; callers: ncbi::blast::CAutomaticGenCodeSingleton::AddGeneti;ncbi::blast::CAutomaticGenCodeSingleton::CAutomati;ncbi::blast::SetupSubjects_OMF	engine: genetic code singleton (no per-function inventory row)	faithful (counterpart cited) - not independently re-derived here	LOSAT/src/core/gencode_singleton.rs:3; LOSAT/src/utils/genetic_code.rs:167	Search-engine function that fixes HSP set/scores/order/statistics. Equality evidence: outfmt 6/0/7 differential runs below plus the 26+40 frozen fixtures; four engine differences were found by the S08 investigations in this family and fixed	wa_ev*, wa_th*, wa_ws*, qg*, big_q*, segs*
C169	S7	libxblast.so	~/core/gencode_singleton.c	GenCodeSingletonFind	66	23/23 scenarios; callers: ncbi::blast::CAutomaticGenCodeSingleton::AddGeneti;ncbi::blast::CAutomaticGenCodeSingleton::CAutomati;ncbi::blast::SetupQueries_OMF	engine: genetic code singleton (no per-function inventory row)	faithful (counterpart cited) - not independently re-derived here	LOSAT/src/core/gencode_singleton.rs:3; LOSAT/src/utils/genetic_code.rs:167	Search-engine function that fixes HSP set/scores/order/statistics. Equality evidence: outfmt 6/0/7 differential runs below plus the 26+40 frozen fixtures; four engine differences were found by the S08 investigations in this family and fixed	wa_ev*, wa_th*, wa_ws*, qg*, big_q*, segs*
C170	S7	libxblast.so	~/core/lookup_wrap.c	GetOffsetArraySize	255	22/23 scenarios; callers: BLAST_PreliminarySearchEngine;s_BlastSearchEngineCore.isra.0	engine: lookup wrapper (no per-function inventory row)	faithful (counterpart cited) - not independently re-derived here	LOSAT/src/algorithm/blastn/blast_engine/run.rs:3644; LOSAT/src/algorithm/blastn/blast_engine/run.rs:3720	Search-engine function that fixes HSP set/scores/order/statistics. Equality evidence: outfmt 6/0/7 differential runs below plus the 26+40 frozen fixtures; four engine differences were found by the S08 investigations in this family and fixed	wa_ev*, wa_th*, wa_ws*, qg*, big_q*, segs*
C171	S7	libxblast.so	~/core/ncbi_std.c	ListNodeAdd	77	22/23 scenarios; callers: ListNodeAddPointer	engine (no per-function inventory row)	no-output-effect	-	List helper (matrix/frequency loading)	wa_*, base_*
C172	S7	libxblast.so	~/core/ncbi_std.c	ListNodeAddPointer	99	22/23 scenarios; callers: BlastLoadMatrixValues	engine (no per-function inventory row)	no-output-effect	-	List helper (matrix loading)	wa_*, base_*
C173	S7	libxblast.so	~/core/ncbi_std.c	ListNodeFreeData	169	23/23 scenarios; callers: BlastScoreBlkFree	engine (no per-function inventory row)	no-output-effect	-	Free	wa_*, base_*
C174	S1	libxblast.so	~/core/blast_options.c	LookupTableOptionsValidate	1284	23/23 scenarios; callers: BLAST_ValidateOptions	H options validation	faithful (rejection for word_size!=3)	LOSAT/src/blastinput/value_parsers.rs:148 (positive_i32 threshold), :395 (tblastx_word_size)	threshold<=0 and word_size<=1/>5 errors are clap errors (approved parser-error class, but NCBI rc 1 vs LOSAT rc 2); word_size 2,4,5 are explicit LOSAT rejections	opt3_ws*, opt_thr0
C175	S7	libxblast.so	~/core/lookup_wrap.c	LookupTableWrapInit_MT	61	23/23 scenarios; callers: ncbi::blast::CSetupFactory::CreateLookupTable	engine: lookup wrapper (no per-function inventory row)	faithful (counterpart cited) - not independently re-derived here	LOSAT/src/algorithm/blastn/blast_engine/run.rs:263; LOSAT/src/algorithm/tblastn/search_seed.rs:434	Search-engine function that fixes HSP set/scores/order/statistics. Equality evidence: outfmt 6/0/7 differential runs below plus the 26+40 frozen fixtures; four engine differences were found by the S08 investigations in this family and fixed	wa_ev*, wa_th*, wa_ws*, qg*, big_q*, segs*
C176	S7	libxblast.so	~/core/blast_query_info.c	QueryInfo_GetSeqBufLen	246	23/23 scenarios; callers: ncbi::blast::SetupQueries_OMF	engine: query contexts (no per-function inventory row)	faithful (counterpart cited) - not independently re-derived here	LOSAT/src/algorithm/blastn/blast_engine/run.rs:6399; LOSAT/src/algorithm/blastp/blast_engine.rs:1126	Search-engine function that fixes HSP set/scores/order/statistics. Equality evidence: outfmt 6/0/7 differential runs below plus the 26+40 frozen fixtures; four engine differences were found by the S08 investigations in this family and fixed	wa_ev*, wa_th*, wa_ws*, qg*, big_q*, segs*
C177	S1	libxblast.so	~/core/blast_options.c	SBlastFilterOptionsMaskAtHash	433	23/23 scenarios; callers: BLAST_MainSetUp	H options (no inventory range)	no-output-effect	-	Option-handle construction/default plumbing (values are those of tblastx_options.cpp:47-95 / blast_prot_options.cpp:49-159; LOSAT defaults in args.rs)	default runs base_*
C178	S1	libxblast.so	~/core/blast_options.c	SBlastFilterOptionsValidate	441	23/23 scenarios; callers: BlastSetUp_Filter	H options validation	no-output-effect	-	No error branch is reachable for tblastx with accepted options (SEG allowed for tblastx; extension options default)	-
C179	S7	libxblast.so	~/core/blast_traceback_mt_priv.c	SThreadLocalDataArraySetup	202	22/23 scenarios; callers: Blast_RunTracebackSearchWithInterrupt	engine (no per-function inventory row)	no-output-effect	-	Thread-local traceback data (one thread with -subject, G27)	wa_*, base_*
C180	S7	libxblast.so	~/core/blast_seg.c	SegParametersNewAa	2225	22/23 scenarios; callers: BlastSetUp_Filter	E50/B60 SEG (blast_seg.c not inventoried per function)	faithful (S08 fixed left recursion)	LOSAT/src/utils/seg.rs:917; LOSAT/src/utils/seg.rs:1353	SEG engine; 520 differential cases (segs*, segf0*) all equal; parameters <= 0 differ via F3	segs*, segf0*
C181	S7	libxblast.so	~/core/blast_seg.c	SeqBufferSeg	2281	22/23 scenarios; callers: BlastSetUp_Filter	E50/B60 SEG (blast_seg.c not inventoried per function)	faithful (S08 fixed left recursion)	LOSAT/src/core/blast_seg.rs:17; LOSAT/src/utils/seg.rs:930	SEG engine; 520 differential cases (segs*, segf0*) all equal; parameters <= 0 differ via F3	segs*, segf0*
C182	S7	libxblast.so	~/core/blast_psi_priv.c	_PSIAllocateMatrix	66	23/23 scenarios; callers: SBlastScoreMatrixNew	engine (no per-function inventory row)	no-output-effect	-	Matrix allocation	wa_*, base_*
C183	S7	libxblast.so	~/core/blast_psi_priv.c	_PSIDeallocateMatrix	88	23/23 scenarios; callers: SBlastScoreMatrixFree	engine (no per-function inventory row)	no-output-effect	-	Matrix free	wa_*, base_*
C184	S7	libxblast.so	~/core/lookup_util.c	ilog2	71	23/23 scenarios; callers: BlastAaLookupTableNew	engine: lookup util (no per-function inventory row)	faithful (counterpart cited) - not independently re-derived here	LOSAT/src/algorithm/blastn/lookup.rs:424	Search-engine function that fixes HSP set/scores/order/statistics. Equality evidence: outfmt 6/0/7 differential runs below plus the 26+40 frozen fixtures; four engine differences were found by the S08 investigations in this family and fixed	wa_ev*, wa_th*, wa_ws*, qg*, big_q*, segs*
C185	S4	libxblast.so	~/api/blast_aux_priv.cpp	ncbi::blast::BlastBuildSearchResultSet	305	22/23 scenarios; callers: ncbi::blast::CBlastTracebackSearch::Run	A/E query-subject setup, results plumbing	no-output-effect	-	Object-manager/query-factory/results container plumbing; values it hands over are covered by A67-A71, E35-E42, F22-F23	-
C186	S4	libxblast.so	~/api/blast_aux.cpp	ncbi::blast::Blast_ProgramNameFromType	813	23/23 scenarios; callers: ncbi::CBlastFormat::CBlastFormat	A application	no-output-effect	-	Program-name/task-name lookup, scope loading (prefetch n/a A42), diag handler flags	-
C187	S4	libxblast.so	~/api/blast_aux.cpp	ncbi::blast::CAutomaticGenCodeSingleton::AddGeneticCode	653	23/23 scenarios; callers: ncbi::blast::CBlastOptions::SetDbGeneticCode;ncbi::blast::CBlastOptions::SetQueryGeneticCode	F genetic codes (F2,F24)	faithful	LOSAT/src/stats/genetic_code (from_id) / algorithm/tblastx/translation.rs	Registers the 26 gc.prt codes used by -query_gencode/-db_gencode	qg1..qg33 sweep (26 codes equal)
C188	S4	libxblast.so	~/api/blast_aux.cpp	ncbi::blast::CAutomaticGenCodeSingleton::CAutomaticGenCodeSingleton	629	23/23 scenarios; callers: ncbi::blast::CBlastOptions::CBlastOptions	F genetic codes (F2,F24)	faithful	LOSAT/src/stats/genetic_code (from_id) / algorithm/tblastx/translation.rs	Registers the 26 gc.prt codes used by -query_gencode/-db_gencode	qg1..qg33 sweep (26 codes equal)
C189	S4	libxblast.so	~/api/blast_aux.cpp	ncbi::blast::CBlastAppDiagHandler::DoNotSaveMessages	1189	23/23 scenarios; callers: CTblastxApp::Run	A application	no-output-effect	-	Program-name/task-name lookup, scope loading (prefetch n/a A42), diag handler flags	-
C190	S4	libxblast.so	~/api/blast_aux.cpp	ncbi::blast::CBlastAppDiagHandler::ResetMessages	1174	23/23 scenarios; callers: ncbi::blast::CBlastAppDiagHandler::DoNotSaveMessag	A warnings (A64-A68,D12,D52)	covered-in-substance	LOSAT/src/report/query_warnings.rs	TSearchMessages Combine/RemoveDuplicates/sort decide duplicates and order of per-query warnings; invalid-query warnings compared (fixtures tblastx.invalid/unsearched, warnings.*.merged)	tblastx.invalid.*, tblastx.unsearched.*
C191	S1	libxblast.so	~/api/blast_options_cxx.cpp	ncbi::blast::CBlastOptions::CreateSnapshot	797	23/23 scenarios; callers: ncbi::blast::BlastSetupPreliminarySearchEx;ncbi::blast::CBlastPrelimSearch::Run;ncbi::blast::CBlastTracebackSearch::CBlastTracebac	H options (no inventory range)	faithful	LOSAT/src/algorithm/tblastx/args.rs:42-104 (threshold 13, word_size 3, window 40 default, query_gencode/db_gencode, max_target_seqs); blastinput/value_parsers.rs:148,395	Option value path; defaults and non-default values compared in audit sweeps	wa_th*, wa_ws*, qg*, F-none; opt_*
C192	S1	libxblast.so	~/api/blast_options_cxx.cpp	ncbi::blast::CBlastOptions::GetDbGeneticCode	2402	23/23 scenarios; callers: CTblastxApp::Run	H options (no inventory range)	faithful	LOSAT/src/algorithm/tblastx/args.rs:42-104 (threshold 13, word_size 3, window 40 default, query_gencode/db_gencode, max_target_seqs); blastinput/value_parsers.rs:148,395	Option value path; defaults and non-default values compared in audit sweeps	wa_th*, wa_ws*, qg*, F-none; opt_*
C193	S1	libxblast.so	~/api/blast_options_cxx.cpp	ncbi::blast::CBlastOptions::GetEffectiveSearchSpace	2370	23/23 scenarios; callers: ncbi::blast::CBlastDatabaseArgs::ExtractAlgorithmO;ncbi::blast::SplitQuery_SetEffectiveSearchSpace	H options (no inventory range)	no-output-effect	-	Option-handle construction/default plumbing (values are those of tblastx_options.cpp:47-95 / blast_prot_options.cpp:49-159; LOSAT defaults in args.rs)	default runs base_*
C194	S1	libxblast.so	~/api/blast_options_cxx.cpp	ncbi::blast::CBlastOptions::GetLocality	334	23/23 scenarios; callers: ncbi::blast::CBlastOptionsHandle::SetDefaults	H options (no inventory range)	no-output-effect	-	Option-handle construction/default plumbing (values are those of tblastx_options.cpp:47-95 / blast_prot_options.cpp:49-159; LOSAT defaults in args.rs)	default runs base_*
C195	S1	libxblast.so	~/api/blast_options_cxx.cpp	ncbi::blast::CBlastOptions::GetMatrixName	2198	23/23 scenarios; callers: CTblastxApp::Run;ncbi::CBlastFormat::PrintEpilog;ncbi::blast::CWindowSizeArg::ExtractAlgorithmOptio	H options (no inventory range)	default-only	-	Setter/getter for an option LOSAT TBLASTX does not accept (deferred list) or a fixed default; only the default value is reached	-
C196	S1	libxblast.so	~/api/blast_options_cxx.cpp	ncbi::blast::CBlastOptions::GetOutOfFrameMode	2312	22/23 scenarios; callers: ncbi::blast::CBlastTracebackSearch::Run	H options (no inventory range)	default-only	-	Setter/getter for an option LOSAT TBLASTX does not accept (deferred list) or a fixed default; only the default value is reached	-
C197	S1	libxblast.so	~/api/blast_options_cxx.cpp	ncbi::blast::CBlastOptions::GetProgram	833	23/23 scenarios; callers: ncbi::CBlastFormat::CBlastFormat;ncbi::blast::CBlastOptions::IsIterativeSearch;ncbi::blast::CGeneticCodeArgs::ExtractAlgorithmOpt	H options (no inventory range)	faithful	LOSAT/src/algorithm/tblastx/args.rs:42-104 (threshold 13, word_size 3, window 40 default, query_gencode/db_gencode, max_target_seqs); blastinput/value_parsers.rs:148,395	Option value path; defaults and non-default values compared in audit sweeps	wa_th*, wa_ws*, qg*, F-none; opt_*
C198	S1	libxblast.so	~/api/blast_options_cxx.cpp	ncbi::blast::CBlastOptions::GetProgramType	842	23/23 scenarios; callers: ncbi::CBlastFormat::CBlastFormat;ncbi::blast::BlastSetupPreliminarySearchEx;ncbi::blast::CBlastDatabaseArgs::ExtractAlgorithmO	H options (no inventory range)	faithful	LOSAT/src/algorithm/tblastx/args.rs:42-104 (threshold 13, word_size 3, window 40 default, query_gencode/db_gencode, max_target_seqs); blastinput/value_parsers.rs:148,395	Option value path; defaults and non-default values compared in audit sweeps	wa_th*, wa_ws*, qg*, F-none; opt_*
C199	S1	libxblast.so	~/api/blast_options_cxx.cpp	ncbi::blast::CBlastOptions::GetQueryGeneticCode	1470	23/23 scenarios; callers: CTblastxApp::Run;ncbi::blast::CBlastQuerySourceOM::x_AutoDetectGene	H options (no inventory range)	faithful	LOSAT/src/algorithm/tblastx/args.rs:42-104 (threshold 13, word_size 3, window 40 default, query_gencode/db_gencode, max_target_seqs); blastinput/value_parsers.rs:148,395	Option value path; defaults and non-default values compared in audit sweeps	wa_th*, wa_ws*, qg*, F-none; opt_*
C200	S1	libxblast.so	~/api/blast_options_cxx.cpp	ncbi::blast::CBlastOptions::GetStrandOption	1451	23/23 scenarios; callers: ncbi::blast::SafeSetupQueries;ncbi::blast::SafeSetupQueryInfo	H options (no inventory range)	default-only	-	Setter/getter for an option LOSAT TBLASTX does not accept (deferred list) or a fixed default; only the default value is reached	-
C201	S1	libxblast.so	~/api/blast_options_cxx.cpp	ncbi::blast::CBlastOptions::GetSumStatisticsMode	2036	23/23 scenarios; callers: CTblastxApp::Run	H options (no inventory range)	default-only	-	Setter/getter for an option LOSAT TBLASTX does not accept (deferred list) or a fixed default; only the default value is reached	-
C202	S1	libxblast.so	~/api/blast_options_cxx.cpp	ncbi::blast::CBlastOptions::GetUseIndex	2574	23/23 scenarios; callers: ncbi::blast::BlastSetupPreliminarySearchEx	H options (no inventory range)	no-output-effect	-	Option-handle construction/default plumbing (values are those of tblastx_options.cpp:47-95 / blast_prot_options.cpp:49-159; LOSAT defaults in args.rs)	default runs base_*
C203	S1	libxblast.so	~/api/blast_options_cxx.cpp	ncbi::blast::CBlastOptions::GetWordThreshold	875	23/23 scenarios; callers: ncbi::CBlastFormat::PrintEpilog;ncbi::blast::CWordThresholdArg::ExtractAlgorithmOp	H options (no inventory range)	faithful	LOSAT/src/algorithm/tblastx/args.rs:42-104 (threshold 13, word_size 3, window 40 default, query_gencode/db_gencode, max_target_seqs); blastinput/value_parsers.rs:148,395	Option value path; defaults and non-default values compared in audit sweeps	wa_th*, wa_ws*, qg*, F-none; opt_*
C204	S1	libxblast.so	~/api/blast_options_cxx.cpp	ncbi::blast::CBlastOptions::IsIterativeSearch	862	23/23 scenarios; callers: ncbi::CBlastFormat::CBlastFormat	H options (no inventory range)	no-output-effect	-	Option-handle construction/default plumbing (values are those of tblastx_options.cpp:47-95 / blast_prot_options.cpp:49-159; LOSAT defaults in args.rs)	default runs base_*
C205	S1	libxblast.so	~/api/blast_options_cxx.cpp	ncbi::blast::CBlastOptions::SetCutoffScore	1933	23/23 scenarios; callers: ncbi::blast::CBlastProteinOptionsHandle::SetHitSav	H options (no inventory range)	default-only	-	Setter/getter for an option LOSAT TBLASTX does not accept (deferred list) or a fixed default; only the default value is reached	-
C206	S1	libxblast.so	~/api/blast_options_cxx.cpp	ncbi::blast::CBlastOptions::SetDbLength	2340	23/23 scenarios; callers: ncbi::blast::CBlastProteinOptionsHandle::SetEffect	H options (no inventory range)	default-only	-	Setter/getter for an option LOSAT TBLASTX does not accept (deferred list) or a fixed default; only the default value is reached	-
C207	S1	libxblast.so	~/api/blast_options_cxx.cpp	ncbi::blast::CBlastOptions::SetDbSeqNum	2359	23/23 scenarios; callers: ncbi::blast::CBlastProteinOptionsHandle::SetEffect	H options (no inventory range)	default-only	-	Setter/getter for an option LOSAT TBLASTX does not accept (deferred list) or a fixed default; only the default value is reached	-
C208	S1	libxblast.so	~/api/blast_options_cxx.cpp	ncbi::blast::CBlastOptions::SetDefaultsMode	2705	23/23 scenarios; callers: ncbi::blast::CBlastOptionsHandle::SetDefaults	H options (no inventory range)	default-only	-	Setter/getter for an option LOSAT TBLASTX does not accept (deferred list) or a fixed default; only the default value is reached	-
C209	S1	libxblast.so	~/api/blast_options_cxx.cpp	ncbi::blast::CBlastOptions::SetEffectiveSearchSpace	2378	23/23 scenarios; callers: ncbi::blast::CBlastProteinOptionsHandle::SetEffect	H options (no inventory range)	default-only	-	Setter/getter for an option LOSAT TBLASTX does not accept (deferred list) or a fixed default; only the default value is reached	-
C210	S1	libxblast.so	~/api/blast_options_cxx.cpp	ncbi::blast::CBlastOptions::SetEvalueThreshold	1914	23/23 scenarios; callers: ncbi::blast::CBlastProteinOptionsHandle::SetHitSav;ncbi::blast::CGenericSearchArgs::ExtractAlgorithmO	H options (no inventory range)	FINDING F1	LOSAT/src/blastinput/value_parsers.rs:130-137 (nonnegative_f64 accepts 0); algorithm/tblastx/args.rs:42	The value reaches BlastHitSavingOptionsValidate (blast_options.c:1518-1523) which rejects expect_value<=0 with cutoff_score<=0; LOSAT accepts 0 and 1e-400 and prints an empty report with exit 0	F1_ev0_*, F1_evunder
C211	S1	libxblast.so	~/api/blast_options_cxx.cpp	ncbi::blast::CBlastOptions::SetFrameShiftPenalty	2301	23/23 scenarios; callers: ncbi::blast::CBlastProteinOptionsHandle::SetScorin	H options (no inventory range)	default-only	-	Setter/getter for an option LOSAT TBLASTX does not accept (deferred list) or a fixed default; only the default value is reached	-
C212	S1	libxblast.so	~/api/blast_options_cxx.cpp	ncbi::blast::CBlastOptions::SetGapExtensionCost	2282	23/23 scenarios; callers: ncbi::blast::CBlastProteinOptionsHandle::SetScorin	H options (no inventory range)	default-only	-	Setter/getter for an option LOSAT TBLASTX does not accept (deferred list) or a fixed default; only the default value is reached	-
C213	S1	libxblast.so	~/api/blast_options_cxx.cpp	ncbi::blast::CBlastOptions::SetGapExtnAlgorithm	1614	23/23 scenarios; callers: ncbi::blast::CBlastProteinOptionsHandle::SetGapped	H options (no inventory range)	default-only	-	Setter/getter for an option LOSAT TBLASTX does not accept (deferred list) or a fixed default; only the default value is reached	-
C214	S1	libxblast.so	~/api/blast_options_cxx.cpp	ncbi::blast::CBlastOptions::SetGapOpeningCost	2263	23/23 scenarios; callers: ncbi::blast::CBlastProteinOptionsHandle::SetScorin	H options (no inventory range)	default-only	-	Setter/getter for an option LOSAT TBLASTX does not accept (deferred list) or a fixed default; only the default value is reached	-
C215	S1	libxblast.so	~/api/blast_options_cxx.cpp	ncbi::blast::CBlastOptions::SetGapTracebackAlgorithm	1634	23/23 scenarios; callers: ncbi::blast::CBlastProteinOptionsHandle::SetGapped	H options (no inventory range)	default-only	-	Setter/getter for an option LOSAT TBLASTX does not accept (deferred list) or a fixed default; only the default value is reached	-
C216	S1	libxblast.so	~/api/blast_options_cxx.cpp	ncbi::blast::CBlastOptions::SetGapTrigger	1595	23/23 scenarios; callers: ncbi::blast::CBlastProteinOptionsHandle::SetGapped	H options (no inventory range)	default-only	-	Setter/getter for an option LOSAT TBLASTX does not accept (deferred list) or a fixed default; only the default value is reached	-
C217	S1	libxblast.so	~/api/blast_options_cxx.cpp	ncbi::blast::CBlastOptions::SetGapXDropoff	1557	23/23 scenarios; callers: ncbi::blast::CBlastProteinOptionsHandle::SetGapped;ncbi::blast::CTBlastxOptionsHandle::SetGappedExten	H options (no inventory range)	default-only	-	Setter/getter for an option LOSAT TBLASTX does not accept (deferred list) or a fixed default; only the default value is reached	-
C218	S1	libxblast.so	~/api/blast_options_cxx.cpp	ncbi::blast::CBlastOptions::SetGapXDropoffFinal	1576	23/23 scenarios; callers: ncbi::blast::CBlastProteinOptionsHandle::SetGapped;ncbi::blast::CTBlastxOptionsHandle::SetGappedExten	H options (no inventory range)	default-only	-	Setter/getter for an option LOSAT TBLASTX does not accept (deferred list) or a fixed default; only the default value is reached	-
C219	S1	libxblast.so	~/api/blast_options_cxx.cpp	ncbi::blast::CBlastOptions::SetGappedMode	2083	23/23 scenarios; callers: ncbi::blast::CBlastProteinOptionsHandle::SetScorin;ncbi::blast::CTBlastxOptionsHandle::SetScoringOpti	H options (no inventory range)	default-only	-	Setter/getter for an option LOSAT TBLASTX does not accept (deferred list) or a fixed default; only the default value is reached	-
C220	S1	libxblast.so	~/api/blast_options_cxx.cpp	ncbi::blast::CBlastOptions::SetHitlistSize	1780	23/23 scenarios; callers: ncbi::blast::CBlastProteinOptionsHandle::SetHitSav;ncbi::blast::CFormattingArgs::ExtractAlgorithmOpti	H options (no inventory range)	faithful	LOSAT/src/algorithm/tblastx/args.rs:42-104 (threshold 13, word_size 3, window 40 default, query_gencode/db_gencode, max_target_seqs); blastinput/value_parsers.rs:148,395	Option value path; defaults and non-default values compared in audit sweeps	wa_th*, wa_ws*, qg*, F-none; opt_*
C221	S1	libxblast.so	~/api/blast_options_cxx.cpp	ncbi::blast::CBlastOptions::SetLongestIntronLength	2063	23/23 scenarios; callers: ncbi::blast::CLargestIntronSizeArgs::ExtractAlgori	H options (no inventory range)	default-only	-	Setter/getter for an option LOSAT TBLASTX does not accept (deferred list) or a fixed default; only the default value is reached	-
C222	S1	libxblast.so	~/api/blast_options_cxx.cpp	ncbi::blast::CBlastOptions::SetLookupTableType	903	23/23 scenarios; callers: ncbi::blast::CBlastProteinOptionsHandle::SetLookup;ncbi::blast::CBlastProteinOptionsHandle::SetWordSi	H options (no inventory range)	default-only	-	Setter/getter for an option LOSAT TBLASTX does not accept (deferred list) or a fixed default; only the default value is reached	-
C223	S1	libxblast.so	~/api/blast_options_cxx.cpp	ncbi::blast::CBlastOptions::SetMaskAtHash	1142	23/23 scenarios; callers: ncbi::blast::CFilteringArgs::ExtractAlgorithmOptio	H options (no inventory range)	default-only	-	Setter/getter for an option LOSAT TBLASTX does not accept (deferred list) or a fixed default; only the default value is reached	-
C224	S1	libxblast.so	~/api/blast_options_cxx.cpp	ncbi::blast::CBlastOptions::SetMatrixName	2206	23/23 scenarios; callers: ncbi::blast::CBlastProteinOptionsHandle::SetScorin	H options (no inventory range)	default-only	-	Setter/getter for an option LOSAT TBLASTX does not accept (deferred list) or a fixed default; only the default value is reached	-
C225	S1	libxblast.so	~/api/blast_options_cxx.cpp	ncbi::blast::CBlastOptions::SetMaxHspsPerSubject	1818	23/23 scenarios; callers: ncbi::blast::CBlastProteinOptionsHandle::SetHitSav	H options (no inventory range)	default-only	-	Setter/getter for an option LOSAT TBLASTX does not accept (deferred list) or a fixed default; only the default value is reached	-
C226	S1	libxblast.so	~/api/blast_options_cxx.cpp	ncbi::blast::CBlastOptions::SetMaxNumHspPerSequence	1799	23/23 scenarios; callers: ncbi::blast::CBlastProteinOptionsHandle::SetHitSav	H options (no inventory range)	default-only	-	Setter/getter for an option LOSAT TBLASTX does not accept (deferred list) or a fixed default; only the default value is reached	-
C227	S1	libxblast.so	~/api/blast_options_cxx.cpp	ncbi::blast::CBlastOptions::SetMinDiagSeparation	2027	23/23 scenarios; callers: ncbi::blast::CBlastProteinOptionsHandle::SetHitSav	H options (no inventory range)	default-only	-	Setter/getter for an option LOSAT TBLASTX does not accept (deferred list) or a fixed default; only the default value is reached	-
C228	S1	libxblast.so	~/api/blast_options_cxx.cpp	ncbi::blast::CBlastOptions::SetOutOfFrameMode	2320	23/23 scenarios; callers: ncbi::blast::CBlastProteinOptionsHandle::SetScorin	H options (no inventory range)	default-only	-	Setter/getter for an option LOSAT TBLASTX does not accept (deferred list) or a fixed default; only the default value is reached	-
C229	S1	libxblast.so	~/api/blast_options_cxx.cpp	ncbi::blast::CBlastOptions::SetPercentIdentity	1969	23/23 scenarios; callers: ncbi::blast::CBlastProteinOptionsHandle::SetHitSav	H options (no inventory range)	default-only	-	Setter/getter for an option LOSAT TBLASTX does not accept (deferred list) or a fixed default; only the default value is reached	-
C230	S1	libxblast.so	~/api/blast_options_cxx.cpp	ncbi::blast::CBlastOptions::SetProgram	851	23/23 scenarios; callers: ncbi::blast::CBlastProteinOptionsHandle::CBlastPro;ncbi::blast::CTBlastxOptionsHandle::CTBlastxOption	H options (no inventory range)	default-only	-	Setter/getter for an option LOSAT TBLASTX does not accept (deferred list) or a fixed default; only the default value is reached	-
C231	S1	libxblast.so	~/api/blast_options_cxx.cpp	ncbi::blast::CBlastOptions::SetQueryCovHspPerc	2007	23/23 scenarios; callers: ncbi::blast::CBlastProteinOptionsHandle::SetHitSav	H options (no inventory range)	default-only	-	Setter/getter for an option LOSAT TBLASTX does not accept (deferred list) or a fixed default; only the default value is reached	-
C232	S1	libxblast.so	~/api/blast_options_cxx.cpp	ncbi::blast::CBlastOptions::SetQueryGeneticCode	1478	23/23 scenarios; callers: ncbi::blast::CGeneticCodeArgs::ExtractAlgorithmOpt;ncbi::blast::CTBlastxOptionsHandle::SetQueryOption	H options (no inventory range)	faithful	LOSAT/src/algorithm/tblastx/args.rs:42-104 (threshold 13, word_size 3, window 40 default, query_gencode/db_gencode, max_target_seqs); blastinput/value_parsers.rs:148,395	Option value path; defaults and non-default values compared in audit sweeps	wa_th*, wa_ws*, qg*, F-none; opt_*
C233	S1	libxblast.so	~/api/blast_options_cxx.cpp	ncbi::blast::CBlastOptions::SetSegFiltering	1237	23/23 scenarios; callers: ncbi::blast::CBlastProteinOptionsHandle::SetQueryO;ncbi::blast::CFilteringArgs::ExtractAlgorithmOptio	H options (no inventory range)	FINDING F3	LOSAT/src/blastinput/value_parsers.rs:633-663 (parse_seg_filtering); utils/seg.rs:506 (SegParams::new)	Stores the -seg tokens unchanged; the consumer BlastSetUp_Filter (blast_filter.c:1149-1154) ignores values <= 0 (keeps 12/2.2/2.5); LOSAT clamps instead (s_SegParametersCheck rule) and rejects window 0	F3_*
C234	S1	libxblast.so	~/api/blast_options_cxx.cpp	ncbi::blast::CBlastOptions::SetSegFilteringHicut	1294	22/23 scenarios; callers: ncbi::blast::CFilteringArgs::ExtractAlgorithmOptio	H options (no inventory range)	FINDING F3	LOSAT/src/blastinput/value_parsers.rs:633-663 (parse_seg_filtering); utils/seg.rs:506 (SegParams::new)	Stores the -seg tokens unchanged; the consumer BlastSetUp_Filter (blast_filter.c:1149-1154) ignores values <= 0 (keeps 12/2.2/2.5); LOSAT clamps instead (s_SegParametersCheck rule) and rejects window 0	F3_*
C235	S1	libxblast.so	~/api/blast_options_cxx.cpp	ncbi::blast::CBlastOptions::SetSegFilteringLocut	1275	22/23 scenarios; callers: ncbi::blast::CFilteringArgs::ExtractAlgorithmOptio	H options (no inventory range)	FINDING F3	LOSAT/src/blastinput/value_parsers.rs:633-663 (parse_seg_filtering); utils/seg.rs:506 (SegParams::new)	Stores the -seg tokens unchanged; the consumer BlastSetUp_Filter (blast_filter.c:1149-1154) ignores values <= 0 (keeps 12/2.2/2.5); LOSAT clamps instead (s_SegParametersCheck rule) and rejects window 0	F3_*
C236	S1	libxblast.so	~/api/blast_options_cxx.cpp	ncbi::blast::CBlastOptions::SetSegFilteringWindow	1256	22/23 scenarios; callers: ncbi::blast::CFilteringArgs::ExtractAlgorithmOptio	H options (no inventory range)	FINDING F3	LOSAT/src/blastinput/value_parsers.rs:633-663 (parse_seg_filtering); utils/seg.rs:506 (SegParams::new)	Stores the -seg tokens unchanged; the consumer BlastSetUp_Filter (blast_filter.c:1149-1154) ignores values <= 0 (keeps 12/2.2/2.5); LOSAT clamps instead (s_SegParametersCheck rule) and rejects window 0	F3_*
C237	S1	libxblast.so	~/api/blast_options_cxx.cpp	ncbi::blast::CBlastOptions::SetStrandOption	1459	23/23 scenarios; callers: ncbi::blast::CBlastProteinOptionsHandle::SetQueryO;ncbi::blast::CTBlastxOptionsHandle::SetQueryOption	H options (no inventory range)	default-only	-	Setter/getter for an option LOSAT TBLASTX does not accept (deferred list) or a fixed default; only the default value is reached	-
C238	S1	libxblast.so	~/api/blast_options_cxx.cpp	ncbi::blast::CBlastOptions::SetSumStatisticsMode	2044	23/23 scenarios; callers: ncbi::blast::CTBlastxOptionsHandle::SetHitSavingOp	H options (no inventory range)	default-only	-	Setter/getter for an option LOSAT TBLASTX does not accept (deferred list) or a fixed default; only the default value is reached	-
C239	S1	libxblast.so	~/api/blast_options_cxx.cpp	ncbi::blast::CBlastOptions::SetWindowSize	1499	23/23 scenarios; callers: ncbi::blast::CBlastProteinOptionsHandle::SetInitia;ncbi::blast::CWindowSizeArg::ExtractAlgorithmOptio	H options (no inventory range)	faithful	LOSAT/src/algorithm/tblastx/args.rs:42-104 (threshold 13, word_size 3, window 40 default, query_gencode/db_gencode, max_target_seqs); blastinput/value_parsers.rs:148,395	Option value path; defaults and non-default values compared in audit sweeps	wa_th*, wa_ws*, qg*, F-none; opt_*
C240	S1	libxblast.so	~/api/blast_options_cxx.cpp	ncbi::blast::CBlastOptions::SetWordSize	922	23/23 scenarios; callers: ncbi::blast::CBlastProteinOptionsHandle::SetWordSi	H options (no inventory range)	faithful	LOSAT/src/algorithm/tblastx/args.rs:42-104 (threshold 13, word_size 3, window 40 default, query_gencode/db_gencode, max_target_seqs); blastinput/value_parsers.rs:148,395	Option value path; defaults and non-default values compared in audit sweeps	wa_th*, wa_ws*, qg*, F-none; opt_*
C241	S1	libxblast.so	~/api/blast_options_cxx.cpp	ncbi::blast::CBlastOptions::SetWordThreshold	884	23/23 scenarios; callers: ncbi::blast::CBlastProteinOptionsHandle::SetLookup;ncbi::blast::CBlastProteinOptionsHandle::SetWordSi;ncbi::blast::CTBlastxOptionsHandle::SetLookupTable	H options (no inventory range)	faithful	LOSAT/src/algorithm/tblastx/args.rs:42-104 (threshold 13, word_size 3, window 40 default, query_gencode/db_gencode, max_target_seqs); blastinput/value_parsers.rs:148,395	Option value path; defaults and non-default values compared in audit sweeps	wa_th*, wa_ws*, qg*, F-none; opt_*
C242	S1	libxblast.so	~/api/blast_options_cxx.cpp	ncbi::blast::CBlastOptions::SetXDropoff	1537	23/23 scenarios; callers: ncbi::blast::CBlastProteinOptionsHandle::SetInitia	H options (no inventory range)	default-only	-	Setter/getter for an option LOSAT TBLASTX does not accept (deferred list) or a fixed default; only the default value is reached	-
C243	S1	libxblast.so	~/api/blast_options_handle.cpp	ncbi::blast::CBlastOptionsHandle::CBlastOptionsHandle	61	23/23 scenarios; callers: ncbi::blast::CBlastProteinOptionsHandle::CBlastPro	H options (no inventory range)	no-output-effect	-	Option-handle construction/default plumbing (values are those of tblastx_options.cpp:47-95 / blast_prot_options.cpp:49-159; LOSAT defaults in args.rs)	default runs base_*
C244	S1	libxblast.so	~/api/blast_options_handle.cpp	ncbi::blast::CBlastOptionsHandle::SetDefaults	74	23/23 scenarios; callers: ncbi::blast::CBlastProteinOptionsHandle::CBlastPro;ncbi::blast::CTBlastxOptionsHandle::CTBlastxOption	H options (no inventory range)	default-only	-	Setter/getter for an option LOSAT TBLASTX does not accept (deferred list) or a fixed default; only the default value is reached	-
C245	S1	libxblast.so	~/api/blast_options_local_priv.cpp	ncbi::blast::CBlastOptionsLocal::CBlastOptionsLocal	49	23/23 scenarios; callers: ncbi::blast::CBlastOptions::CBlastOptions	H options (no inventory range)	no-output-effect	-	Option-handle construction/default plumbing (values are those of tblastx_options.cpp:47-95 / blast_prot_options.cpp:49-159; LOSAT defaults in args.rs)	default runs base_*
C246	S1	libxblast.so	~/api/blast_options_local_priv.cpp	ncbi::blast::CBlastOptionsLocal::GetProgramType	353	23/23 scenarios; callers: ncbi::blast::CBlastOptions::CreateSnapshot;ncbi::blast::CBlastOptions::GetProgramType;ncbi::blast::CBlastOptionsLocal::Validate	H options (no inventory range)	faithful	LOSAT/src/algorithm/tblastx/args.rs:42-104 (threshold 13, word_size 3, window 40 default, query_gencode/db_gencode, max_target_seqs); blastinput/value_parsers.rs:148,395	Option value path; defaults and non-default values compared in audit sweeps	wa_th*, wa_ws*, qg*, F-none; opt_*
C247	S4	libxblast.so	~/api/prelim_stage.cpp	ncbi::blast::CBlastPrelimSearch::SetNumberOfThreads	103	22/23 scenarios; callers: ncbi::blast::CLocalBlast::Run	A/E query-subject setup, results plumbing	no-output-effect	-	Object-manager/query-factory/results container plumbing; values it hands over are covered by A67-A71, E35-E42, F22-F23	-
C248	S1	libxblast.so	~/api/blast_prot_options.cpp	ncbi::blast::CBlastProteinOptionsHandle::CBlastProteinOptionsHandle	49	23/23 scenarios; callers: ncbi::blast::CTBlastxOptionsHandle::CTBlastxOption	H options (no inventory range)	no-output-effect	-	Option-handle construction/default plumbing (values are those of tblastx_options.cpp:47-95 / blast_prot_options.cpp:49-159; LOSAT defaults in args.rs)	default runs base_*
C249	S1	libxblast.so	~/api/blast_prot_options.cpp	ncbi::blast::CBlastProteinOptionsHandle::SetEffectiveLengthsOptionsDefaults	151	23/23 scenarios; callers: ncbi::blast::CBlastOptionsHandle::SetDefaults	H options (no inventory range)	no-output-effect	-	Option-handle construction/default plumbing (values are those of tblastx_options.cpp:47-95 / blast_prot_options.cpp:49-159; LOSAT defaults in args.rs)	default runs base_*
C250	S1	libxblast.so	~/api/blast_prot_options.cpp	ncbi::blast::CBlastProteinOptionsHandle::SetGappedExtensionDefaults	108	23/23 scenarios; callers: ncbi::blast::CBlastOptionsHandle::SetDefaults;ncbi::blast::CTBlastxOptionsHandle::SetGappedExten	H options (no inventory range)	no-output-effect	-	Option-handle construction/default plumbing (values are those of tblastx_options.cpp:47-95 / blast_prot_options.cpp:49-159; LOSAT defaults in args.rs)	default runs base_*
C251	S1	libxblast.so	~/api/blast_prot_options.cpp	ncbi::blast::CBlastProteinOptionsHandle::SetHitSavingOptionsDefaults	134	23/23 scenarios; callers: ncbi::blast::CBlastOptionsHandle::SetDefaults;ncbi::blast::CTBlastxOptionsHandle::SetHitSavingOp	H options (no inventory range)	no-output-effect	-	Option-handle construction/default plumbing (values are those of tblastx_options.cpp:47-95 / blast_prot_options.cpp:49-159; LOSAT defaults in args.rs)	default runs base_*
C252	S1	libxblast.so	~/api/blast_prot_options.cpp	ncbi::blast::CBlastProteinOptionsHandle::SetInitialWordOptionsDefaults	101	23/23 scenarios; callers: ncbi::blast::CBlastOptionsHandle::SetDefaults	H options (no inventory range)	no-output-effect	-	Option-handle construction/default plumbing (values are those of tblastx_options.cpp:47-95 / blast_prot_options.cpp:49-159; LOSAT defaults in args.rs)	default runs base_*
C253	S1	libxblast.so	~/api/blast_prot_options.cpp	ncbi::blast::CBlastProteinOptionsHandle::SetLookupTableDefaults	86	23/23 scenarios; callers: ncbi::blast::CBlastOptionsHandle::SetDefaults;ncbi::blast::CTBlastxOptionsHandle::SetLookupTable	H options (no inventory range)	no-output-effect	-	Option-handle construction/default plumbing (values are those of tblastx_options.cpp:47-95 / blast_prot_options.cpp:49-159; LOSAT defaults in args.rs)	default runs base_*
C254	S1	libxblast.so	~/api/blast_prot_options.cpp	ncbi::blast::CBlastProteinOptionsHandle::SetQueryOptionDefaults	94	23/23 scenarios; callers: ncbi::blast::CBlastOptionsHandle::SetDefaults;ncbi::blast::CTBlastxOptionsHandle::SetQueryOption	H options (no inventory range)	no-output-effect	-	Option-handle construction/default plumbing (values are those of tblastx_options.cpp:47-95 / blast_prot_options.cpp:49-159; LOSAT defaults in args.rs)	default runs base_*
C255	S4	libxblast.so	?	ncbi::blast::CBlastProteinOptionsHandle::SetRemoteProgramAndService_Blast3		23/23 scenarios; callers: ncbi::blast::CBlastOptionsHandle::SetDefaults	A/E query-subject setup, results plumbing	no-output-effect	-	Object-manager/query-factory/results container plumbing; values it hands over are covered by A67-A71, E35-E42, F22-F23	-
C256	S1	libxblast.so	~/api/blast_prot_options.cpp	ncbi::blast::CBlastProteinOptionsHandle::SetScoringOptionsDefaults	119	23/23 scenarios; callers: ncbi::blast::CBlastOptionsHandle::SetDefaults;ncbi::blast::CTBlastxOptionsHandle::SetScoringOpti	H options (no inventory range)	no-output-effect	-	Option-handle construction/default plumbing (values are those of tblastx_options.cpp:47-95 / blast_prot_options.cpp:49-159; LOSAT defaults in args.rs)	default runs base_*
C257	S1	libxblast.so	~/api/blast_prot_options.cpp	ncbi::blast::CBlastProteinOptionsHandle::SetSubjectSequenceOptionsDefaults	159	23/23 scenarios; callers: ncbi::blast::CBlastOptionsHandle::SetDefaults	H options (no inventory range)	no-output-effect	-	Option-handle construction/default plumbing (values are those of tblastx_options.cpp:47-95 / blast_prot_options.cpp:49-159; LOSAT defaults in args.rs)	default runs base_*
C258	S1	libxblast.so	~/api/blast_prot_options.cpp	ncbi::blast::CBlastProteinOptionsHandle::SetWordSize	56	23/23 scenarios; callers: ncbi::blast::CBlastProteinOptionsHandle::SetLookup	H options (no inventory range)	faithful	LOSAT/src/algorithm/tblastx/args.rs:42-104 (threshold 13, word_size 3, window 40 default, query_gencode/db_gencode, max_target_seqs); blastinput/value_parsers.rs:148,395	Option value path; defaults and non-default values compared in audit sweeps	wa_th*, wa_ws*, qg*, F-none; opt_*
C259	S4	libxblast.so	~/api/blast_setup_cxx.cpp	ncbi::blast::CBlastQueryFilteredFrames::CBlastQueryFilteredFrames	1524	23/23 scenarios; callers: ncbi::blast::SetupQueries_OMF	E48/E50/B48/E54 query setup and masks	covered-in-substance	LOSAT/src/algorithm/tblastx/report.rs (query_dna_masks)	Per-frame query contexts and SEG masks (frames, offsets, mask conversion); outfmt 0 lowercase masks compared in the SEG sweep	segs* (320 outfmt 6), segf0* (200 outfmt 0)
C260	S4	libxblast.so	~/api/blast_setup_cxx.cpp	ncbi::blast::CBlastQueryFilteredFrames::ListFrames	1637	23/23 scenarios; callers: ncbi::blast::CBlastQueryFilteredFrames::Empty	E48/E50/B48/E54 query setup and masks	covered-in-substance	LOSAT/src/algorithm/tblastx/report.rs (query_dna_masks)	Per-frame query contexts and SEG masks (frames, offsets, mask conversion); outfmt 0 lowercase masks compared in the SEG sweep	segs* (320 outfmt 6), segf0* (200 outfmt 0)
C261	S4	libxblast.so	~/api/blast_setup_cxx.cpp	ncbi::blast::CBlastQueryFilteredFrames::UseProteinCoords	1588	23/23 scenarios; callers: ncbi::blast::SetupQueries_OMF	E48/E50/B48/E54 query setup and masks	covered-in-substance	LOSAT/src/algorithm/blastx/query_setup.rs:438	Per-frame query contexts and SEG masks (frames, offsets, mask conversion); outfmt 0 lowercase masks compared in the SEG sweep	segs* (320 outfmt 6), segf0* (200 outfmt 0)
C262	S4	libxblast.so	~/api/blast_setup_cxx.cpp	ncbi::blast::CBlastQueryFilteredFrames::x_NeedsTrans	1506	23/23 scenarios; callers: ncbi::blast::CBlastQueryFilteredFrames::CBlastQuer	E48/E50/B48/E54 query setup and masks	covered-in-substance	LOSAT/src/algorithm/tblastx/report.rs (query_dna_masks)	Per-frame query contexts and SEG masks (frames, offsets, mask conversion); outfmt 0 lowercase masks compared in the SEG sweep	segs* (320 outfmt 6), segf0* (200 outfmt 0)
C263	S4	libxblast.so	~/api/blast_setup_cxx.cpp	ncbi::blast::CBlastQueryFilteredFrames::x_VerifyFrame	1654	23/23 scenarios; callers: ncbi::blast::CBlastQueryFilteredFrames::operator[]	E48/E50/B48/E54 query setup and masks	covered-in-substance	LOSAT/src/algorithm/tblastx/report.rs (query_dna_masks)	Per-frame query contexts and SEG masks (frames, offsets, mask conversion); outfmt 0 lowercase masks compared in the SEG sweep	segs* (320 outfmt 6), segf0* (200 outfmt 0)
C264	S4	libxblast.so	~/api/blast_objmgr_tools.cpp	ncbi::blast::CBlastQuerySourceOM::GetBlastSequence	308	23/23 scenarios; callers: ncbi::blast::SetupQueries_OMF;ncbi::blast::SetupSubjects_OMF	A/E query-subject setup, results plumbing	no-output-effect	-	Object-manager/query-factory/results container plumbing; values it hands over are covered by A67-A71, E35-E42, F22-F23	-
C265	S4	libxblast.so	~/api/blast_objmgr_tools.cpp	ncbi::blast::CBlastQuerySourceOM::GetGeneticCodeId	298	23/23 scenarios; callers: ncbi::blast::SetupQueries_OMF;ncbi::blast::SetupSubjects_OMF	A/E query-subject setup, results plumbing	no-output-effect	-	Object-manager/query-factory/results container plumbing; values it hands over are covered by A67-A71, E35-E42, F22-F23	-
C266	S4	libxblast.so	~/api/blast_objmgr_tools.cpp	ncbi::blast::CBlastQuerySourceOM::GetLength	324	23/23 scenarios; callers: ncbi::blast::CObjMgr_LocalQueryData::GetSeqLength;ncbi::blast::SetupQueries_OMF;ncbi::blast::SetupQueryInfo_OMF	A/E query-subject setup, results plumbing	no-output-effect	-	Object-manager/query-factory/results container plumbing; values it hands over are covered by A67-A71, E35-E42, F22-F23	-
C267	S4	libxblast.so	~/api/blast_objmgr_tools.cpp	ncbi::blast::CBlastQuerySourceOM::GetMask	264	23/23 scenarios; callers: ncbi::blast::SetupSubjects_OMF	E48/E50/B48/E54 query setup and masks	covered-in-substance	LOSAT/src/algorithm/blastn/blast_engine/run.rs:7247	Per-frame query contexts and SEG masks (frames, offsets, mask conversion); outfmt 0 lowercase masks compared in the SEG sweep	segs* (320 outfmt 6), segf0* (200 outfmt 0)
C268	S4	libxblast.so	~/api/blast_objmgr_tools.cpp	ncbi::blast::CBlastQuerySourceOM::GetMaskedRegions	251	23/23 scenarios; callers: ncbi::blast::SetupQueries_OMF	E48/E50/B48/E54 query setup and masks	covered-in-substance	LOSAT/src/algorithm/tblastx/report.rs (query_dna_masks)	Per-frame query contexts and SEG masks (frames, offsets, mask conversion); outfmt 0 lowercase masks compared in the SEG sweep	segs* (320 outfmt 6), segf0* (200 outfmt 0)
C269	S4	libxblast.so	~/api/blast_objmgr_tools.cpp	ncbi::blast::CBlastQuerySourceOM::GetSeqId	286	23/23 scenarios; callers: ncbi::blast::SetupQueries_OMF	A/E query-subject setup, results plumbing	no-output-effect	-	Object-manager/query-factory/results container plumbing; values it hands over are covered by A67-A71, E35-E42, F22-F23	-
C270	S4	libxblast.so	~/api/blast_objmgr_tools.cpp	ncbi::blast::CBlastQuerySourceOM::GetSeqLoc	276	23/23 scenarios; callers: ncbi::blast::CBlastQuerySourceOM::GetTitle[abi:cxx;ncbi::blast::CObjMgr_LocalQueryData::GetSeq_loc	A/E query-subject setup, results plumbing	no-output-effect	-	Object-manager/query-factory/results container plumbing; values it hands over are covered by A67-A71, E35-E42, F22-F23	-
C271	S4	libxblast.so	~/api/blast_objmgr_tools.cpp	ncbi::blast::CBlastQuerySourceOM::GetStrand	239	23/23 scenarios; callers: ncbi::blast::SetupQueries_OMF;ncbi::blast::SetupQueryInfo_OMF	A/E query-subject setup, results plumbing	no-output-effect	-	Object-manager/query-factory/results container plumbing; values it hands over are covered by A67-A71, E35-E42, F22-F23	-
C272	S4	libxblast.so	~/api/blast_objmgr_tools.cpp	ncbi::blast::CBlastQuerySourceOM::GetTitle	347	23/23 scenarios; callers: ncbi::blast::SetupQueries_OMF	A/E query-subject setup, results plumbing	no-output-effect	-	Object-manager/query-factory/results container plumbing; values it hands over are covered by A67-A71, E35-E42, F22-F23	-
C273	S4	libxblast.so	~/api/blast_objmgr_tools.cpp	ncbi::blast::CBlastQuerySourceOM::x_CalculateMasks	176	23/23 scenarios; callers: ncbi::blast::CBlastQuerySourceOM::GetMask;ncbi::blast::CBlastQuerySourceOM::GetMaskedRegions	E48/E50/B48/E54 query setup and masks	covered-in-substance	LOSAT/src/blastinput/value_parsers.rs:83	Per-frame query contexts and SEG masks (frames, offsets, mask conversion); outfmt 0 lowercase masks compared in the SEG sweep	segs* (320 outfmt 6), segf0* (200 outfmt 0)
C274	S4	libxblast.so	~/api/bioseq_extract_data_priv.cpp	ncbi::blast::CBlastSeqVectorOM::GetCompressedPlusStrand	173	23/23 scenarios; callers: ncbi::blast::GetSequence_OMF	F28/F29 subject compression	faithful	LOSAT/src/algorithm/tblastx/blast_engine/run_impl.rs (preliminary_subject_bases)	ncbi4na/ncbi2na subject buffers (ambiguity letters become random A/C/G/T in the preliminary search, F29)	ambig fixtures tblastx.ambig.*
C275	S4	libxblast.so	?	ncbi::blast::CBlastSeqVectorOM::GetStrandData		23/23 scenarios; callers: ncbi::blast::GetSequenceSingleNucleotideStrand	A/E query-subject setup, results plumbing	no-output-effect	-	Object-manager/query-factory/results container plumbing; values it hands over are covered by A67-A71, E35-E42, F22-F23	-
C276	S4	libxblast.so	~/api/bioseq_extract_data_priv.cpp	ncbi::blast::CBlastSeqVectorOM::SetCoding	131	23/23 scenarios; callers: ncbi::blast::GetSequenceSingleNucleotideStrand;ncbi::blast::GetSequence_OMF	F28/F29 subject compression	faithful	LOSAT/src/algorithm/tblastx/blast_engine/run_impl.rs (preliminary_subject_bases)	ncbi4na/ncbi2na subject buffers (ambiguity letters become random A/C/G/T in the preliminary search, F29)	ambig fixtures tblastx.ambig.*
C277	S4	libxblast.so	~/api/bioseq_extract_data_priv.cpp	ncbi::blast::CBlastSeqVectorOM::x_Size	156	23/23 scenarios; callers: ncbi::blast::GetSequenceSingleNucleotideStrand;ncbi::blast::GetSequence_OMF	F28/F29 subject compression	faithful	LOSAT/src/algorithm/tblastx/blast_engine/run_impl.rs (preliminary_subject_bases)	ncbi4na/ncbi2na subject buffers (ambiguity letters become random A/C/G/T in the preliminary search, F29)	ambig fixtures tblastx.ambig.*
C278	S4	libxblast.so	~/api/traceback_stage.cpp	ncbi::blast::CBlastTracebackSearch::CBlastTracebackSearch	60	22/23 scenarios; callers: ncbi::blast::CLocalBlast::Run	A/E query-subject setup, results plumbing	no-output-effect	-	Object-manager/query-factory/results container plumbing; values it hands over are covered by A67-A71, E35-E42, F22-F23	-
C279	S1	libxblast.so	~/api/blast_usage_report.cpp	ncbi::blast::CBlastUsageReport::AddParam	171	23/23 scenarios; callers: 0x0000000000019130	A1/A20 (n/a)	no-output-effect	-	BLAST_USAGE_REPORT bookkeeping (environment variable out of scope); no bytes, stderr or exit status	-
C280	S1	libxblast.so	~/api/blast_usage_report.cpp	ncbi::blast::CBlastUsageReport::CBlastUsageReport	84	23/23 scenarios; callers: 0x0000000000017940	A1/A20 (n/a)	no-output-effect	-	BLAST_USAGE_REPORT bookkeeping (environment variable out of scope); no bytes, stderr or exit status	-
C281	S1	libxblast.so	~/api/blast_usage_report.cpp	ncbi::blast::CBlastUsageReport::x_CheckBlastUsageEnv	195	23/23 scenarios; callers: ncbi::blast::CBlastUsageReport::CBlastUsageReport	A1/A20 (n/a)	no-output-effect	-	BLAST_USAGE_REPORT bookkeeping (environment variable out of scope); no bytes, stderr or exit status	-
C282	S1	libxblast.so	~/api/blast_usage_report.cpp	ncbi::blast::CBlastUsageReport::x_CheckRunEnv	46	23/23 scenarios; callers: ncbi::blast::CBlastUsageReport::CBlastUsageReport	A1/A20 (n/a)	no-output-effect	-	BLAST_USAGE_REPORT bookkeeping (environment variable out of scope); no bytes, stderr or exit status	-
C283	S4	libxblast.so	?	ncbi::blast::CEffectiveSearchSpaceCalculator::CEffectiveSearchSpaceCalculator		22/23 scenarios; callers: ncbi::blast::SplitQuery_SetEffectiveSearchSpace	A/E query-subject setup, results plumbing	no-output-effect	-	Object-manager/query-factory/results container plumbing; values it hands over are covered by A67-A71, E35-E42, F22-F23	-
C284	S4	libxblast.so	~/api/effsearchspace_calc.cpp	ncbi::blast::CEffectiveSearchSpaceCalculator::GetEffSearchSpaceForContext	140	22/23 scenarios; callers: ncbi::blast::SplitQuery_SetEffectiveSearchSpace	E43/E44 search space	faithful	LOSAT/src/algorithm/tblastx (effective lengths; footer) 	CEffectiveSearchSpaceCalculator::GetEffSearchSpaceForContext feeds Blast effective search space per context (printed "Effective search space used"); multiseq totals NumSeqsStats/TotLenStats=0 so TotLen is used (seqsrc_multiseq.cpp:285-305)	footers equal in all outfmt 0 runs
C285	S4	libxblast.so	~/api/local_db_adapter.cpp	ncbi::blast::CLocalDbAdapter::CLocalDbAdapter	54	23/23 scenarios; callers: ncbi::InitializeSubject	A/E query-subject setup, results plumbing	no-output-effect	-	Object-manager/query-factory/results container plumbing; values it hands over are covered by A67-A71, E35-E42, F22-F23	-
C286	S4	libxblast.so	~/api/local_db_adapter.cpp	ncbi::blast::CLocalDbAdapter::IsProtein	178	23/23 scenarios; callers: ncbi::CBlastFormat::CBlastFormat	A/E query-subject setup, results plumbing	no-output-effect	-	Object-manager/query-factory/results container plumbing; values it hands over are covered by A67-A71, E35-E42, F22-F23	-
C287	S4	libxblast.so	~/api/local_db_adapter.cpp	ncbi::blast::CLocalDbAdapter::MakeSeqInfoSrc	151	23/23 scenarios; callers: ncbi::CBlastFormat::CBlastFormat;ncbi::blast::CLocalBlast::Run	A/E query-subject setup, results plumbing	no-output-effect	-	Object-manager/query-factory/results container plumbing; values it hands over are covered by A67-A71, E35-E42, F22-F23	-
C288	S4	libxblast.so	~/api/local_db_adapter.cpp	ncbi::blast::CLocalDbAdapter::MakeSeqSrc	125	23/23 scenarios; callers: ncbi::CBlastFormat::CBlastFormat;ncbi::blast::CBlastPrelimSearch::CBlastPrelimSearc	A/E query-subject setup, results plumbing	no-output-effect	-	Object-manager/query-factory/results container plumbing; values it hands over are covered by A67-A71, E35-E42, F22-F23	-
C289	S5	libxblast.so	~/api/seqsrc_multiseq.cpp	ncbi::blast::CMultiSeqInfo::CMultiSeqInfo	131	23/23 scenarios; callers: s_MultiSeqSrcNew	E44/A37 subject source	faithful	LOSAT/src/algorithm/tblastx/blast_engine/run_impl.rs (subject read, totals)	Multiseq source: NumSeqs, TotLen (sum of nucleotide lengths in DbScanMode), MaxLength, GetSequence (translated frames in the engine), iterator; numbers appear in the Database block and the search space	multi*, big_s.fa (5.5 Mb, chunked)
C290	S4	libxblast.so	~/api/objmgr_query_data.cpp	ncbi::blast::CObjMgr_LocalQueryData::CObjMgr_LocalQueryData	191	23/23 scenarios; callers: ncbi::blast::CObjMgr_QueryFactory::x_MakeLocalQuer	A/E query-subject setup, results plumbing	no-output-effect	-	Object-manager/query-factory/results container plumbing; values it hands over are covered by A67-A71, E35-E42, F22-F23	-
C291	S4	libxblast.so	~/api/objmgr_query_data.cpp	ncbi::blast::CObjMgr_LocalQueryData::GetNumQueries	235	23/23 scenarios; callers: ncbi::blast::BlastSetupPreliminarySearchEx;ncbi::blast::CBlastTracebackSearch::Run;ncbi::blast::CLocalBlast::Run	A/E query-subject setup, results plumbing	no-output-effect	-	Object-manager/query-factory/results container plumbing; values it hands over are covered by A67-A71, E35-E42, F22-F23	-
C292	S4	libxblast.so	~/api/objmgr_query_data.cpp	ncbi::blast::CObjMgr_LocalQueryData::GetQueryInfo	222	23/23 scenarios; callers: ncbi::blast::BlastSetupPreliminarySearchEx;ncbi::blast::CEffectiveSearchSpaceCalculator::CEff;ncbi::blast::CSetupFactory::CreateScoreBlock	A/E query-subject setup, results plumbing	no-output-effect	-	Object-manager/query-factory/results container plumbing; values it hands over are covered by A67-A71, E35-E42, F22-F23	-
C293	S4	libxblast.so	~/api/objmgr_query_data.cpp	ncbi::blast::CObjMgr_LocalQueryData::GetSeqLength	249	23/23 scenarios; callers: ncbi::blast::ILocalQueryData::GetSumOfSequenceLeng;ncbi::blast::LocalBlastResults2SeqAlign	A/E query-subject setup, results plumbing	no-output-effect	-	Object-manager/query-factory/results container plumbing; values it hands over are covered by A67-A71, E35-E42, F22-F23	-
C294	S4	libxblast.so	~/api/objmgr_query_data.cpp	ncbi::blast::CObjMgr_LocalQueryData::GetSeq_loc	243	23/23 scenarios; callers: ncbi::blast::CBlastTracebackSearch::Run;ncbi::blast::CLocalBlast::Run;ncbi::blast::CSetupFactory::CreateScoreBlock	A/E query-subject setup, results plumbing	no-output-effect	-	Object-manager/query-factory/results container plumbing; values it hands over are covered by A67-A71, E35-E42, F22-F23	-
C295	S4	libxblast.so	~/api/objmgr_query_data.cpp	ncbi::blast::CObjMgr_LocalQueryData::GetSequenceBlk	206	23/23 scenarios; callers: ncbi::blast::BlastSetupPreliminarySearchEx;ncbi::blast::CSetupFactory::CreateLookupTable;ncbi::blast::CSetupFactory::CreateScoreBlock	A/E query-subject setup, results plumbing	no-output-effect	-	Object-manager/query-factory/results container plumbing; values it hands over are covered by A67-A71, E35-E42, F22-F23	-
C296	S4	libxblast.so	~/api/objmgr_query_data.cpp	ncbi::blast::CObjMgr_QueryFactory::CObjMgr_QueryFactory	330	23/23 scenarios; callers: CTblastxApp::Run;ncbi::blast::CBlastDatabaseArgs::ExtractAlgorithmO	A/E query-subject setup, results plumbing	no-output-effect	-	Object-manager/query-factory/results container plumbing; values it hands over are covered by A67-A71, E35-E42, F22-F23	-
C297	S4	libxblast.so	~/api/objmgr_query_data.cpp	ncbi::blast::CObjMgr_QueryFactory::ExtractScopes	384	23/23 scenarios; callers: ncbi::blast::CQuerySplitter::x_ExtractCScopesAndMa	A/E query-subject setup, results plumbing	no-output-effect	-	Object-manager/query-factory/results container plumbing; values it hands over are covered by A67-A71, E35-E42, F22-F23	-
C298	S4	libxblast.so	~/api/objmgr_query_data.cpp	ncbi::blast::CObjMgr_QueryFactory::ExtractUserSpecifiedMasks	445	23/23 scenarios; callers: ncbi::blast::CQuerySplitter::x_ExtractCScopesAndMa	E48/E50/B48/E54 query setup and masks	covered-in-substance	LOSAT/src/algorithm/tblastx/report.rs (query_dna_masks)	Per-frame query contexts and SEG masks (frames, offsets, mask conversion); outfmt 0 lowercase masks compared in the SEG sweep	segs* (320 outfmt 6), segf0* (200 outfmt 0)
C299	S4	libxblast.so	~/api/objmgr_query_data.cpp	ncbi::blast::CObjMgr_QueryFactory::GetTSeqLocVector	400	23/23 scenarios; callers: ncbi::blast::CLocalDbAdapter::CLocalDbAdapter	A/E query-subject setup, results plumbing	no-output-effect	-	Object-manager/query-factory/results container plumbing; values it hands over are covered by A67-A71, E35-E42, F22-F23	-
C300	S4	libxblast.so	~/api/objmgr_query_data.cpp	ncbi::blast::CObjMgr_QueryFactory::x_MakeLocalQueryData	467	23/23 scenarios; callers: ncbi::blast::IQueryFactory::MakeLocalQueryData	A/E query-subject setup, results plumbing	no-output-effect	-	Object-manager/query-factory/results container plumbing; values it hands over are covered by A67-A71, E35-E42, F22-F23	-
C301	S4	libxblast.so	~/api/split_query_cxx.cpp	ncbi::blast::CQuerySplitter::x_ExtractCScopesAndMasks	113	23/23 scenarios; callers: ncbi::blast::CQuerySplitter::CQuerySplitter	A/E query-subject setup, results plumbing	no-output-effect	-	Object-manager/query-factory/results container plumbing; values it hands over are covered by A67-A71, E35-E42, F22-F23	-
C302	S4	libxblast.so	~/api/blast_results.cpp	ncbi::blast::CSearchResults::GetSeqId	329	23/23 scenarios; callers: ncbi::CBlastFormat::PrintOneResultSet;ncbi::CBlastFormat::x_PrintTabularReport	A/E query-subject setup, results plumbing	no-output-effect	-	Object-manager/query-factory/results container plumbing; values it hands over are covered by A67-A71, E35-E42, F22-F23	-
C303	S4	libxblast.so	?	ncbi::blast::CSearchResults::SetMaskedQueryRegions		22/23 scenarios; callers: ncbi::blast::CSearchResultSet::SetFilteredQueryReg	E48/E50/B48/E54 query setup and masks	covered-in-substance	LOSAT/src/algorithm/tblastx/report.rs (query_dna_masks)	Per-frame query contexts and SEG masks (frames, offsets, mask conversion); outfmt 0 lowercase masks compared in the SEG sweep	segs* (320 outfmt 6), segf0* (200 outfmt 0)
C304	S4	libxblast.so	~/api/seqinfosrc_seqvec.cpp	ncbi::blast::CSeqVecSeqInfoSrc::GetId	61	22/23 scenarios; callers: ncbi::blast::GetSequenceLengthAndId	A/E query-subject setup, results plumbing	no-output-effect	-	Object-manager/query-factory/results container plumbing; values it hands over are covered by A67-A71, E35-E42, F22-F23	-
C305	S4	libxblast.so	~/api/seqinfosrc_seqvec.cpp	ncbi::blast::CSeqVecSeqInfoSrc::GetLength	88	22/23 scenarios; callers: ncbi::blast::GetSequenceLengthAndId	A/E query-subject setup, results plumbing	no-output-effect	-	Object-manager/query-factory/results container plumbing; values it hands over are covered by A67-A71, E35-E42, F22-F23	-
C306	S4	libxblast.so	~/api/seqinfosrc_seqvec.cpp	ncbi::blast::CSeqVecSeqInfoSrc::GetMasks	127	22/23 scenarios; callers: ncbi::blast::BlastHitList2SeqAlign_OMF	A/E query-subject setup, results plumbing	no-output-effect	-	Object-manager/query-factory/results container plumbing; values it hands over are covered by A67-A71, E35-E42, F22-F23	-
C307	S4	libxblast.so	~/api/seqinfosrc_seqvec.cpp	ncbi::blast::CSeqVecSeqInfoSrc::GetSeqLoc	79	22/23 scenarios; callers: ncbi::blast::BlastHitList2SeqAlign_OMF	A/E query-subject setup, results plumbing	no-output-effect	-	Object-manager/query-factory/results container plumbing; values it hands over are covered by A67-A71, E35-E42, F22-F23	-
C308	S4	libxblast.so	~/api/seqinfosrc_seqvec.cpp	ncbi::blast::CSeqVecSeqInfoSrc::HasGiList	104	22/23 scenarios; callers: ncbi::blast::GetFilteredRedundantSeqids	A/E query-subject setup, results plumbing	no-output-effect	-	Object-manager/query-factory/results container plumbing; values it hands over are covered by A67-A71, E35-E42, F22-F23	-
C309	S4	libxblast.so	~/api/setup_factory.cpp	ncbi::blast::CSetupFactory::CreateDiagnosticsStructure	274	23/23 scenarios; callers: ncbi::blast::BlastSetupPreliminarySearchEx	A/E query-subject setup, results plumbing	no-output-effect	-	Object-manager/query-factory/results container plumbing; values it hands over are covered by A67-A71, E35-E42, F22-F23	-
C310	S4	libxblast.so	~/api/setup_factory.cpp	ncbi::blast::CSetupFactory::CreateLookupTable	200	23/23 scenarios; callers: ncbi::blast::BlastSetupPreliminarySearchEx	A/E query-subject setup, results plumbing	no-output-effect	-	Object-manager/query-factory/results container plumbing; values it hands over are covered by A67-A71, E35-E42, F22-F23	-
C311	S1	libxblast.so	~/api/tblastx_options.cpp	ncbi::blast::CTBlastxOptionsHandle::CTBlastxOptionsHandle	47	23/23 scenarios; callers: ncbi::blast::CTblastxAppArgs::x_CreateOptionsHandl	H options (no inventory range)	no-output-effect	-	Option-handle construction/default plumbing (values are those of tblastx_options.cpp:47-95 / blast_prot_options.cpp:49-159; LOSAT defaults in args.rs)	default runs base_*
C312	S1	libxblast.so	~/api/tblastx_options.cpp	ncbi::blast::CTBlastxOptionsHandle::SetGappedExtensionDefaults	84	23/23 scenarios; callers: ncbi::blast::CBlastOptionsHandle::SetDefaults	H options (no inventory range)	no-output-effect	-	Option-handle construction/default plumbing (values are those of tblastx_options.cpp:47-95 / blast_prot_options.cpp:49-159; LOSAT defaults in args.rs)	default runs base_*
C313	S1	libxblast.so	~/api/tblastx_options.cpp	ncbi::blast::CTBlastxOptionsHandle::SetHitSavingOptionsDefaults	77	23/23 scenarios; callers: ncbi::blast::CBlastOptionsHandle::SetDefaults	H options (no inventory range)	no-output-effect	-	Option-handle construction/default plumbing (values are those of tblastx_options.cpp:47-95 / blast_prot_options.cpp:49-159; LOSAT defaults in args.rs)	default runs base_*
C314	S1	libxblast.so	~/api/tblastx_options.cpp	ncbi::blast::CTBlastxOptionsHandle::SetLookupTableDefaults	55	23/23 scenarios; callers: ncbi::blast::CBlastOptionsHandle::SetDefaults	H options (no inventory range)	no-output-effect	-	Option-handle construction/default plumbing (values are those of tblastx_options.cpp:47-95 / blast_prot_options.cpp:49-159; LOSAT defaults in args.rs)	default runs base_*
C315	S1	libxblast.so	~/api/tblastx_options.cpp	ncbi::blast::CTBlastxOptionsHandle::SetQueryOptionDefaults	62	23/23 scenarios; callers: ncbi::blast::CBlastOptionsHandle::SetDefaults	H options (no inventory range)	no-output-effect	-	Option-handle construction/default plumbing (values are those of tblastx_options.cpp:47-95 / blast_prot_options.cpp:49-159; LOSAT defaults in args.rs)	default runs base_*
C316	S4	libxblast.so	?	ncbi::blast::CTBlastxOptionsHandle::SetRemoteProgramAndService_Blast3		23/23 scenarios; callers: ncbi::blast::CBlastOptionsHandle::SetDefaults	A/E query-subject setup, results plumbing	no-output-effect	-	Object-manager/query-factory/results container plumbing; values it hands over are covered by A67-A71, E35-E42, F22-F23	-
C317	S1	libxblast.so	~/api/tblastx_options.cpp	ncbi::blast::CTBlastxOptionsHandle::SetScoringOptionsDefaults	70	23/23 scenarios; callers: ncbi::blast::CBlastOptionsHandle::SetDefaults	H options (no inventory range)	no-output-effect	-	Option-handle construction/default plumbing (values are those of tblastx_options.cpp:47-95 / blast_prot_options.cpp:49-159; LOSAT defaults in args.rs)	default runs base_*
C318	S1	libxblast.so	~/api/tblastx_options.cpp	ncbi::blast::CTBlastxOptionsHandle::SetSubjectSequenceOptionsDefaults	92	23/23 scenarios; callers: ncbi::blast::CBlastOptionsHandle::SetDefaults	H options (no inventory range)	no-output-effect	-	Option-handle construction/default plumbing (values are those of tblastx_options.cpp:47-95 / blast_prot_options.cpp:49-159; LOSAT defaults in args.rs)	default runs base_*
C319	S4	libxblast.so	~/api/blast_setup.hpp	ncbi::blast::CalculateSeqBufferLength	328	23/23 scenarios; callers: ncbi::blast::CompressNcbi2na;ncbi::blast::GetSequenceSingleNucleotideStrand;ncbi::blast::GetSequence_OMF	F28/F29 subject compression	faithful	LOSAT/src/algorithm/tblastx/blast_engine/run_impl.rs (preliminary_subject_bases)	ncbi4na/ncbi2na subject buffers (ambiguity letters become random A/C/G/T in the preliminary search, F29)	ambig fixtures tblastx.ambig.*
C320	S4	libxblast.so	~/api/blast_setup_cxx.cpp	ncbi::blast::CompressNcbi2na	1154	23/23 scenarios; callers: ncbi::blast::GetSequence_OMF	F28/F29 subject compression	faithful	LOSAT/src/algorithm/tblastx/blast_engine/run_impl.rs (preliminary_subject_bases)	ncbi4na/ncbi2na subject buffers (ambiguity letters become random A/C/G/T in the preliminary search, F29)	ambig fixtures tblastx.ambig.*
C321	S4	libxblast.so	~/api/blast_seqalign.cpp	ncbi::blast::CreateEmptySeq_align_set	1512	22/23 scenarios; callers: ncbi::blast::BlastHitList2SeqAlign_OMF	A/E query-subject setup, results plumbing	no-output-effect	-	Object-manager/query-factory/results container plumbing; values it hands over are covered by A67-A71, E35-E42, F22-F23	-
C322	S4	libxblast.so	~/api/blast_aux.cpp	ncbi::blast::EProgramToEBlastProgramType	709	23/23 scenarios; callers: ncbi::blast::CBlastOptions::SetProgram;ncbi::blast::CBlastOptionsLocal::GetProgramType;ncbi::blast::SplitQuery_GetChunkSize	A application	no-output-effect	-	Program-name/task-name lookup, scope loading (prefetch n/a A42), diag handler flags	-
C323	S4	libxblast.so	~/api/blast_aux.cpp	ncbi::blast::EProgramToTaskName	676	22/23 scenarios; callers: ncbi::blast::GetQueryBatchSize	A application	no-output-effect	-	Program-name/task-name lookup, scope loading (prefetch n/a A42), diag handler flags	-
C324	S4	libxblast.so	~/api/blast_dbindex.cpp	ncbi::blast::GetDbIndexRunSearchFn	1199	22/23 scenarios; callers: ncbi::blast::CBlastPrelimSearch::Run	A/E query-subject setup, results plumbing	no-output-effect	-	Object-manager/query-factory/results container plumbing; values it hands over are covered by A67-A71, E35-E42, F22-F23	-
C325	S4	libxblast.so	~/api/blast_dbindex.cpp	ncbi::blast::GetDbIndexSetQueryInfoFn	1198	23/23 scenarios; callers: ncbi::blast::CSetupFactory::CreateLookupTable	A/E query-subject setup, results plumbing	no-output-effect	-	Object-manager/query-factory/results container plumbing; values it hands over are covered by A67-A71, E35-E42, F22-F23	-
C326	S4	libxblast.so	~/api/blast_dbindex.cpp	ncbi::blast::GetDbIndexSetUsingThreadsFn	1192	22/23 scenarios; callers: ncbi::blast::CBlastPrelimSearch::Run	A/E query-subject setup, results plumbing	no-output-effect	-	Object-manager/query-factory/results container plumbing; values it hands over are covered by A67-A71, E35-E42, F22-F23	-
C327	S4	libxblast.so	~/api/blast_seqinfosrc_aux.cpp	ncbi::blast::GetFilteredRedundantSeqids	113	22/23 scenarios; callers: ncbi::blast::BlastHitList2SeqAlign_OMF	A/E query-subject setup, results plumbing	no-output-effect	-	Object-manager/query-factory/results container plumbing; values it hands over are covered by A67-A71, E35-E42, F22-F23	-
C328	S4	libxblast.so	~/api/blast_setup_cxx.cpp	ncbi::blast::GetNumberOfContexts	1453	23/23 scenarios; callers: ncbi::blast::Blast_GetSeqLocInfoVector;ncbi::blast::SetupQueries_OMF;ncbi::blast::SetupQueryInfo_OMF	E48/E50/B48/E54 query setup and masks	covered-in-substance	LOSAT/src/algorithm/tblastx/report.rs (query_dna_masks)	Per-frame query contexts and SEG masks (frames, offsets, mask conversion); outfmt 0 lowercase masks compared in the SEG sweep	segs* (320 outfmt 6), segf0* (200 outfmt 0)
C329	S4	libxblast.so	~/api/blast_setup_cxx.cpp	ncbi::blast::GetQueryEncoding	1090	23/23 scenarios; callers: ncbi::blast::SetupQueries_OMF	F28/F29 subject compression	faithful	LOSAT/src/algorithm/tblastx/blast_engine/run_impl.rs (preliminary_subject_bases)	ncbi4na/ncbi2na subject buffers (ambiguity letters become random A/C/G/T in the preliminary search, F29)	ambig fixtures tblastx.ambig.*
C330	S4	libxblast.so	~/api/blast_setup_cxx.cpp	ncbi::blast::GetSentinelByte	1249	23/23 scenarios; callers: ncbi::blast::GetSequence_OMF	F28/F29 subject compression	faithful	LOSAT/src/algorithm/tblastx/blast_engine/run_impl.rs (preliminary_subject_bases)	ncbi4na/ncbi2na subject buffers (ambiguity letters become random A/C/G/T in the preliminary search, F29)	ambig fixtures tblastx.ambig.*
C331	S4	libxblast.so	~/api/blast_objmgr_priv.hpp	ncbi::blast::GetSequence	294	23/23 scenarios; callers: ncbi::blast::CBlastQuerySourceOM::GetBlastSequence	A/E query-subject setup, results plumbing	no-output-effect	-	Object-manager/query-factory/results container plumbing; values it hands over are covered by A67-A71, E35-E42, F22-F23	-
C332	S4	libxblast.so	~/api/blast_seqinfosrc_aux.cpp	ncbi::blast::GetSequenceLengthAndId	51	22/23 scenarios; callers: ncbi::blast::BlastHitList2SeqAlign_OMF	A/E query-subject setup, results plumbing	no-output-effect	-	Object-manager/query-factory/results container plumbing; values it hands over are covered by A67-A71, E35-E42, F22-F23	-
C333	S4	libxblast.so	~/api/blast_setup_cxx.cpp	ncbi::blast::GetSequenceSingleNucleotideStrand	964	23/23 scenarios; callers: ncbi::blast::GetSequence_OMF	F28/F29 subject compression	faithful	LOSAT/src/algorithm/tblastx/blast_engine/run_impl.rs (preliminary_subject_bases)	ncbi4na/ncbi2na subject buffers (ambiguity letters become random A/C/G/T in the preliminary search, F29)	ambig fixtures tblastx.ambig.*
C334	S4	libxblast.so	~/api/blast_setup.hpp	ncbi::blast::GetSequence_OMF	308	23/23 scenarios; callers: ncbi::blast::GetSequence	A/E query-subject setup, results plumbing	no-output-effect	-	Object-manager/query-factory/results container plumbing; values it hands over are covered by A67-A71, E35-E42, F22-F23	-
C335	S4	libxblast.so	~/api/blast_setup_cxx.cpp	ncbi::blast::GetSubjectEncoding	1124	23/23 scenarios; callers: ncbi::blast::SetupSubjects_OMF	F28/F29 subject compression	faithful	LOSAT/src/algorithm/tblastx/blast_engine/run_impl.rs (preliminary_subject_bases)	ncbi4na/ncbi2na subject buffers (ambiguity letters become random A/C/G/T in the preliminary search, F29)	ambig fixtures tblastx.ambig.*
C336	S4	libxblast.so	~/api/query_data.cpp	ncbi::blast::ILocalQueryData::GetMessages	142	23/23 scenarios; callers: ncbi::blast::BlastSetupPreliminarySearchEx	A/E query-subject setup, results plumbing	no-output-effect	-	Object-manager/query-factory/results container plumbing; values it hands over are covered by A67-A71, E35-E42, F22-F23	-
C337	S4	libxblast.so	~/api/query_data.cpp	ncbi::blast::ILocalQueryData::GetSumOfSequenceLengths	107	23/23 scenarios; callers: ncbi::blast::CQuerySplitter::CQuerySplitter	A/E query-subject setup, results plumbing	no-output-effect	-	Object-manager/query-factory/results container plumbing; values it hands over are covered by A67-A71, E35-E42, F22-F23	-
C338	S4	libxblast.so	~/api/query_data.cpp	ncbi::blast::IQueryFactory::MakeLocalQueryData	52	23/23 scenarios; callers: ncbi::blast::BlastSetupPreliminarySearchEx;ncbi::blast::CBlastTracebackSearch::Run;ncbi::blast::CEffectiveSearchSpaceCalculator::CEff	A/E query-subject setup, results plumbing	no-output-effect	-	Object-manager/query-factory/results container plumbing; values it hands over are covered by A67-A71, E35-E42, F22-F23	-
C339	S4	libxblast.so	~/api/blast_aux.cpp	ncbi::blast::LoadSequencesToScope	1111	23/23 scenarios; callers: ncbi::BlastFormatter_PreFetchSequenceData	A application	no-output-effect	-	Program-name/task-name lookup, scope loading (prefetch n/a A42), diag handler flags	-
C340	S4	libxblast.so	~/api/blast_dbindex.cpp	ncbi::blast::NullRunSearch	115	22/23 scenarios; callers: ncbi::blast::CBlastPrelimSearch::Run	A/E query-subject setup, results plumbing	no-output-effect	-	Object-manager/query-factory/results container plumbing; values it hands over are covered by A67-A71, E35-E42, F22-F23	-
C341	S4	libxblast.so	~/api/blast_dbindex.cpp	ncbi::blast::NullSetQueryInfo	108	23/23 scenarios; callers: ncbi::blast::CSetupFactory::CreateLookupTable	A/E query-subject setup, results plumbing	no-output-effect	-	Object-manager/query-factory/results container plumbing; values it hands over are covered by A67-A71, E35-E42, F22-F23	-
C342	S4	libxblast.so	~/api/blast_dbindex.cpp	ncbi::blast::NullSetUsingThreads	98	22/23 scenarios; callers: ncbi::blast::CBlastPrelimSearch::Run	A/E query-subject setup, results plumbing	no-output-effect	-	Object-manager/query-factory/results container plumbing; values it hands over are covered by A67-A71, E35-E42, F22-F23	-
C343	S4	libxblast.so	?	ncbi::blast::SBlastSequence::SBlastSequence		23/23 scenarios; callers: ncbi::blast::CBlastSeqVectorOM::GetCompressedPlusS;ncbi::blast::CompressNcbi2na	A/E query-subject setup, results plumbing	no-output-effect	-	Object-manager/query-factory/results container plumbing; values it hands over are covered by A67-A71, E35-E42, F22-F23	-
C344	S4	libxblast.so	~/api/setup_factory.cpp	ncbi::blast::SInternalData::SInternalData	465	23/23 scenarios; callers: ncbi::blast::BlastSetupPreliminarySearchEx;ncbi::blast::CBlastPrelimSearch::CBlastPrelimSearc;ncbi::blast::CBlastPrelimSearch::Run	A/E query-subject setup, results plumbing	no-output-effect	-	Object-manager/query-factory/results container plumbing; values it hands over are covered by A67-A71, E35-E42, F22-F23	-
C345	S4	libxblast.so	?	ncbi::blast::SSeqLoc* std::__do_uninit_copy<ncbi::blast::SSeqLoc const*, ncbi::blast::SSeqLoc*>		23/23 scenarios; callers: void std::vector<ncbi::blast::SSeqLoc, std::alloca	A/E query-subject setup, results plumbing	no-output-effect	-	Object-manager/query-factory/results container plumbing; values it hands over are covered by A67-A71, E35-E42, F22-F23	-
C346	S4	libxblast.so	~/api/blast_setup.hpp	ncbi::blast::SafeSetupQueries	395	23/23 scenarios; callers: ncbi::blast::CObjMgr_LocalQueryData::GetSequenceBl	E48/E50/B48/E54 query setup and masks	covered-in-substance	LOSAT/src/algorithm/tblastx/report.rs (query_dna_masks)	Per-frame query contexts and SEG masks (frames, offsets, mask conversion); outfmt 0 lowercase masks compared in the SEG sweep	segs* (320 outfmt 6), segf0* (200 outfmt 0)
C347	S4	libxblast.so	~/api/blast_setup.hpp	ncbi::blast::SafeSetupQueryInfo	405	23/23 scenarios; callers: ncbi::blast::CObjMgr_LocalQueryData::GetSequenceBl	E48/E50/B48/E54 query setup and masks	covered-in-substance	LOSAT/src/algorithm/tblastx/report.rs (query_dna_masks)	Per-frame query contexts and SEG masks (frames, offsets, mask conversion); outfmt 0 lowercase masks compared in the SEG sweep	segs* (320 outfmt 6), segf0* (200 outfmt 0)
C348	S4	libxblast.so	~/api/blast_setup.hpp	ncbi::blast::SetupQueryInfo_OMF	267	23/23 scenarios; callers: ncbi::blast::SafeSetupQueryInfo	E48/E50/B48/E54 query setup and masks	covered-in-substance	LOSAT/src/algorithm/blastp/blast_engine.rs:1426; LOSAT/src/algorithm/blastp/blast_engine.rs:1433	Per-frame query contexts and SEG masks (frames, offsets, mask conversion); outfmt 0 lowercase masks compared in the SEG sweep	segs* (320 outfmt 6), segf0* (200 outfmt 0)
C349	S4	libxblast.so	~/api/blast_objmgr_priv.hpp	ncbi::blast::SetupSubjects	265	23/23 scenarios; callers: ncbi::blast::CMultiSeqInfo::CMultiSeqInfo	A/E query-subject setup, results plumbing	no-output-effect	-	Object-manager/query-factory/results container plumbing; values it hands over are covered by A67-A71, E35-E42, F22-F23	-
C350	S6	libxblast.so	~/api/split_query_aux_priv.cpp	ncbi::blast::SplitQuery_CalculateNumChunks	100	23/23 scenarios; callers: ncbi::blast::CQuerySplitter::CQuerySplitter	A131/G10 (n/a: no split for ungapped)	no-output-effect (m_NumChunks forced to 1)	-	ShouldSplit/CalculateNumChunks run, result overridden by split_query_cxx.cpp:61	-
C351	S6	libxblast.so	~/api/local_blast.cpp	ncbi::blast::SplitQuery_GetChunkSize	54	23/23 scenarios; callers: ncbi::blast::CQuerySplitter::CQuerySplitter	A131/G10 (n/a: no split for ungapped)	OUT-OF-BRIEF-ENV (low gap)	-	Reads CHUNK_SIZE / OVERLAP_CHUNK_SIZE at CQuerySplitter construction (split_query_cxx.cpp:55); NCBI aborts when CHUNK_SIZE is not an integer (rc 255) or not divisible by 3 (rc 3); LOSAT TBLASTX never reads them. Not BATCH_SIZE/CTOOLKIT_COMPATIBLE, so outside this angle brief, but unrecorded (BLASTN has query_split.rs).	env_chunk_*, env_ovl_abc
C352	S6	libxblast.so	~/api/split_query_aux_priv.cpp	ncbi::blast::SplitQuery_GetOverlapChunkSize	51	23/23 scenarios; callers: ncbi::blast::SplitQuery_CalculateNumChunks	A131/G10 (n/a: no split for ungapped)	OUT-OF-BRIEF-ENV (low gap)	-	Reads CHUNK_SIZE / OVERLAP_CHUNK_SIZE at CQuerySplitter construction (split_query_cxx.cpp:55); NCBI aborts when CHUNK_SIZE is not an integer (rc 255) or not divisible by 3 (rc 3); LOSAT TBLASTX never reads them. Not BATCH_SIZE/CTOOLKIT_COMPATIBLE, so outside this angle brief, but unrecorded (BLASTN has query_split.rs).	env_chunk_*, env_ovl_abc
C353	S6	libxblast.so	~/api/split_query_aux_priv.cpp	ncbi::blast::SplitQuery_SetEffectiveSearchSpace	150	22/23 scenarios; callers: ncbi::blast::CBlastPrelimSearch::Run	A131/G10 (n/a: no split for ungapped)	no-output-effect (m_NumChunks forced to 1)	-	ShouldSplit/CalculateNumChunks run, result overridden by split_query_cxx.cpp:61	-
C354	S6	libxblast.so	~/api/split_query_aux_priv.cpp	ncbi::blast::SplitQuery_ShouldSplit	73	23/23 scenarios; callers: ncbi::blast::SplitQuery_CalculateNumChunks	A131/G10 (n/a: no split for ungapped)	no-output-effect (m_NumChunks forced to 1)	-	ShouldSplit/CalculateNumChunks run, result overridden by split_query_cxx.cpp:61	-
C355	S4	libxblast.so	?	ncbi::blast::TQueryMessages* std::__copy_move<false, false, std::random_access_iterator_tag>::__copy_m<ncbi...		23/23 scenarios; callers: ncbi::blast::ILocalQueryData::GetMessages	A/E query-subject setup, results plumbing	no-output-effect	-	Object-manager/query-factory/results container plumbing; values it hands over are covered by A67-A71, E35-E42, F22-F23	-
C356	S4	libxblast.so	?	ncbi::blast::TQueryMessages* std::__do_uninit_copy<__gnu_cxx::__normal_iterator<ncbi::blast::TQueryMessages...		22/23 scenarios; callers: ncbi::blast::BlastBuildSearchResultSet;ncbi::blast::CBlastTracebackSearch::CBlastTracebac	A/E query-subject setup, results plumbing	no-output-effect	-	Object-manager/query-factory/results container plumbing; values it hands over are covered by A67-A71, E35-E42, F22-F23	-
C357	S4	libxblast.so	~/api/blast_aux.cpp	ncbi::blast::TQueryMessages::Combine	978	23/23 scenarios; callers: ncbi::blast::TSearchMessages::Combine	A warnings (A64-A68,D12,D52)	covered-in-substance	LOSAT/src/report/query_warnings.rs	TSearchMessages Combine/RemoveDuplicates/sort decide duplicates and order of per-query warnings; invalid-query warnings compared (fixtures tblastx.invalid/unsearched, warnings.*.merged)	tblastx.invalid.*, tblastx.unsearched.*
C358	S4	libxblast.so	?	ncbi::blast::TQueryMessages::TQueryMessages		23/23 scenarios; callers: ncbi::blast::CBlastPrelimSearch::x_Init;ncbi::blast::CLocalBlast::Run;ncbi::blast::CSearchResults::CSearchResults	A/E query-subject setup, results plumbing	no-output-effect	-	Object-manager/query-factory/results container plumbing; values it hands over are covered by A67-A71, E35-E42, F22-F23	-
C359	S4	libxblast.so	~/api/blast_aux.cpp	ncbi::blast::TSearchMessages::Combine	1028	23/23 scenarios; callers: ncbi::blast::BlastSetupPreliminarySearchEx;ncbi::blast::CLocalBlast::Run	A warnings (A64-A68,D12,D52)	covered-in-substance	LOSAT/src/report/query_warnings.rs	TSearchMessages Combine/RemoveDuplicates/sort decide duplicates and order of per-query warnings; invalid-query warnings compared (fixtures tblastx.invalid/unsearched, warnings.*.merged)	tblastx.invalid.*, tblastx.unsearched.*
C360	S4	libxblast.so	~/api/blast_aux.cpp	ncbi::blast::TSearchMessages::RemoveDuplicates	1043	23/23 scenarios; callers: ncbi::blast::Blast_Message2TSearchMessages;ncbi::blast::TSearchMessages::Combine	A warnings (A64-A68,D12,D52)	covered-in-substance	LOSAT/src/report/query_warnings.rs	TSearchMessages Combine/RemoveDuplicates/sort decide duplicates and order of per-query warnings; invalid-query warnings compared (fixtures tblastx.invalid/unsearched, warnings.*.merged)	tblastx.invalid.*, tblastx.unsearched.*
C361	S4	libxblast.so	~/api/blast_setup_cxx.cpp	ncbi::blast::s_QueryInfo_SetContext	65	23/23 scenarios; callers: ncbi::blast::SetupQueryInfo_OMF	E48/E50/B48/E54 query setup and masks	covered-in-substance	LOSAT/src/algorithm/blastn/blast_engine/run.rs:6392; LOSAT/src/algorithm/blastx/query_setup.rs:127	Per-frame query contexts and SEG masks (frames, offsets, mask conversion); outfmt 0 lowercase masks compared in the SEG sweep	segs* (320 outfmt 6), segf0* (200 outfmt 0)
C362	S4	libxblast.so	?	ncbi::objects::CSeq_id& ncbi::SerialAssign<ncbi::objects::CSeq_id>		22/23 scenarios; callers: ncbi::blast::BlastHitList2SeqAlign_OMF;ncbi::blast::GetSequenceLengthAndId;ncbi::objects::CSeq_align::CreateDensegFromStdseg	A/E query-subject setup, results plumbing	no-output-effect	-	Object-manager/query-factory/results container plumbing; values it hands over are covered by A67-A71, E35-E42, F22-F23	-
C363	S7	libxblast.so	~/core/blast_aalookup.c	s_AddWordHitsCore	101	23/23 scenarios; callers: BlastAaLookupIndexQuery	engine: protein lookup table (no per-function inventory row)	faithful (counterpart cited) - not independently re-derived here	LOSAT/src/algorithm/tblastx/lookup/backbone.rs:601; LOSAT/src/algorithm/tblastx/lookup/backbone.rs:628	Search-engine function that fixes HSP set/scores/order/statistics. Equality evidence: outfmt 6/0/7 differential runs below plus the 26+40 frozen fixtures; four engine differences were found by the S08 investigations in this family and fixed	wa_ev*, wa_th*, wa_ws*, qg*, big_q*, segs*
C364	S7	libxblast.so	~/core/aa_ungapped.c	s_BlastAaExtendLeft	886	22/23 scenarios; callers: s_BlastAaExtendTwoHit	engine: lookup/scan/ungapped extension (no per-function inventory row)	faithful (counterpart cited) - not independently re-derived here	LOSAT/src/algorithm/tblastx/extension/two_hit.rs:165; LOSAT/src/algorithm/tblastx/extension/two_hit.rs:416	Search-engine function that fixes HSP set/scores/order/statistics. Equality evidence: outfmt 6/0/7 differential runs below plus the 26+40 frozen fixtures; four engine differences were found by the S08 investigations in this family and fixed	wa_ev*, wa_th*, wa_ws*, qg*, big_q*, segs*
C365	S4	libxblast.so	?	s_BlastAaExtendRightisra.0		22/23 scenarios; callers: s_BlastAaExtendTwoHit	A/E query-subject setup, results plumbing	no-output-effect	-	Object-manager/query-factory/results container plumbing; values it hands over are covered by A67-A71, E35-E42, F22-F23	-
C366	S7	libxblast.so	~/core/aa_ungapped.c	s_BlastAaExtendTwoHit	184	22/23 scenarios; callers: BlastAaWordFinder	engine: lookup/scan/ungapped extension (no per-function inventory row)	faithful (counterpart cited) - not independently re-derived here	LOSAT/src/algorithm/blastp/blast_engine.rs:4819; LOSAT/src/algorithm/blastp/extension.rs:194	Search-engine function that fixes HSP set/scores/order/statistics. Equality evidence: outfmt 6/0/7 differential runs below plus the 26+40 frozen fixtures; four engine differences were found by the S08 investigations in this family and fixed	wa_ev*, wa_th*, wa_ws*, qg*, big_q*, segs*
C367	S7	libxblast.so	~/core/blast_util.c	s_BlastGetTranslationTable	990	22/23 scenarios; callers: BLAST_GetAllTranslations	engine (no per-function inventory row)	faithful	LOSAT/src/algorithm/tblastx/translation.rs:54-68; utils/genetic_code.rs:174	Genetic-code translation table for the six-frame subject translation (26 codes compared as -query_gencode)	wa_*, base_*
C368	S7	libxblast.so	~/core/hspfilter_collector.c	s_BlastHSPCollectorFinal	68	21/23 scenarios; callers: s_FinalizeWriter	engine (no per-function inventory row)	no-output-effect	-	Collector finalizer (G17 covers the run)	wa_*, base_*
C369	S7	libxblast.so	~/core/blast_hits.c	s_BlastHSPListsCombineByScore	2749	22/23 scenarios; callers: Blast_HSPListAppend	engine: HSP lists / hit list (no per-function inventory row)	faithful (counterpart cited) - not independently re-derived here	LOSAT/src/algorithm/blastn/blast_engine/run.rs:3336; LOSAT/src/algorithm/blastx/split.rs:767	Search-engine function that fixes HSP set/scores/order/statistics. Equality evidence: outfmt 6/0/7 differential runs below plus the 26+40 frozen fixtures; four engine differences were found by the S08 investigations in this family and fixed	wa_ev*, wa_th*, wa_ws*, qg*, big_q*, segs*
C370	S4	libxblast.so	?	s_BlastSeqLocListToArrayOfPointersconstprop.0		19/23 scenarios; callers: BlastSeqLocCombine	A/E query-subject setup, results plumbing	no-output-effect	-	Object-manager/query-factory/results container plumbing; values it hands over are covered by A67-A71, E35-E42, F22-F23	-
C371	S7	libxblast.so	~/core/blast_aascan.c	s_BlastSmallAaScanSubject	134	22/23 scenarios; callers: BlastAaWordFinder	engine: subject scan (no per-function inventory row)	faithful (counterpart cited) - not independently re-derived here	LOSAT/src/algorithm/tblastx/lookup/compressed.rs:710	Search-engine function that fixes HSP set/scores/order/statistics. Equality evidence: outfmt 6/0/7 differential runs below plus the 26+40 frozen fixtures; four engine differences were found by the S08 investigations in this family and fixed	wa_ev*, wa_th*, wa_ws*, qg*, big_q*, segs*
C372	S7	libxblast.so	~/core/blast_stat.c	s_BlastSumP	4357	21/23 scenarios; callers: BLAST_LargeGapSumE;BLAST_SmallGapSumE	engine: Karlin statistics / sum statistics / cutoffs (no per-function inventory row)	faithful (counterpart cited) - not independently re-derived here	LOSAT/src/core/blast_stat/sum_statistics.rs:3; LOSAT/src/core/blast_stat/sum_statistics.rs:67	Search-engine function that fixes HSP set/scores/order/statistics. Equality evidence: outfmt 6/0/7 differential runs below plus the 26+40 frozen fixtures; four engine differences were found by the S08 investigations in this family and fixed	wa_ev*, wa_th*, wa_ws*, qg*, big_q*, segs*
C373	S7	libxblast.so	~/core/blast_hits.c	s_Blast_HSPGetNumIdentitiesAndPositives	746	22/23 scenarios; callers: Blast_HSPGetNumIdentitiesAndPositives	engine: HSP lists / hit list (no per-function inventory row)	faithful (counterpart cited) - not independently re-derived here	LOSAT/src/algorithm/blastn/alignment/gapped.rs:1875; LOSAT/src/algorithm/blastn/alignment/gapped.rs:1897	Search-engine function that fixes HSP set/scores/order/statistics. Equality evidence: outfmt 6/0/7 differential runs below plus the 26+40 frozen fixtures; four engine differences were found by the S08 investigations in this family and fixed	wa_ev*, wa_th*, wa_ws*, qg*, big_q*, segs*
C374	S7	libxblast.so	~/core/blast_seg.c	s_Entropy	1593	22/23 scenarios; callers: s_SegSeq.constprop.0;s_ShiftWin1	E50/B60 SEG (blast_seg.c not inventoried per function)	faithful (S08 fixed left recursion)	LOSAT/src/utils/seg.rs:148; LOSAT/src/utils/seg.rs:288	SEG engine; 520 differential cases (segs*, segf0*) all equal; parameters <= 0 differ via F3	segs*, segf0*
C375	S7	libxblast.so	~/core/blast_hspstream.c	s_FinalizeWriter	101	22/23 scenarios; callers: BlastHSPStreamClose	engine: HSP stream (no per-function inventory row)	faithful (counterpart cited) - not independently re-derived here	LOSAT/src/algorithm/blastx/results.rs:1183; LOSAT/src/algorithm/blastx/results.rs:1221	Search-engine function that fixes HSP set/scores/order/statistics. Equality evidence: outfmt 6/0/7 differential runs below plus the 26+40 frozen fixtures; four engine differences were found by the S08 investigations in this family and fixed	wa_ev*, wa_th*, wa_ws*, qg*, big_q*, segs*
C376	S7	libxblast.so	~/core/link_hsps.c	s_FwdCompareHSPsTransl	157	22/23 scenarios; callers: msort_with_tmp.part.0;msort_with_tmp.part.0'2	engine: sum-statistics linking (no per-function inventory row)	faithful (counterpart cited) - not independently re-derived here	LOSAT/src/algorithm/tblastx/sum_stats_linking/linking.rs:238	Search-engine function that fixes HSP set/scores/order/statistics. Equality evidence: outfmt 6/0/7 differential runs below plus the 26+40 frozen fixtures; four engine differences were found by the S08 investigations in this family and fixed	wa_ev*, wa_th*, wa_ws*, qg*, big_q*, segs*
C377	S7	libxblast.so	~/core/ncbi_math.c	s_GeneralLnGamma	162	21/23 scenarios; callers: s_PolyGamma.constprop.0	engine: math functions (no per-function inventory row)	faithful (counterpart cited) - not independently re-derived here	LOSAT/src/stats/sum_statistics.rs:184; LOSAT/src/stats/sum_statistics.rs:254	Search-engine function that fixes HSP set/scores/order/statistics. Equality evidence: outfmt 6/0/7 differential runs below plus the 26+40 frozen fixtures; four engine differences were found by the S08 investigations in this family and fixed	wa_ev*, wa_th*, wa_ws*, qg*, big_q*, segs*
C378	S7	libxblast.so	~/core/blast_stat.c	s_InnerIntegralCback	4242	16/23 scenarios; callers: BLAST_RombergIntegrate	engine (no per-function inventory row)	faithful	LOSAT/src/stats/sum_statistics.rs:515-521 (inner_integral)	Romberg callback of BLAST_LargeGapSumE/s_BlastSumP; E-values of chains equal in wa_* runs	wa_*, base_*
C379	S5	libxblast.so	~/api/seqsrc_multiseq.cpp	s_MultiSeqGetAvgLength	245	22/23 scenarios; callers: BlastSeqSrcGetAvgSeqLen	E44/A37 subject source	faithful	LOSAT/src/algorithm/tblastx/blast_engine/run_impl.rs (subject read, totals)	Multiseq source: NumSeqs, TotLen (sum of nucleotide lengths in DbScanMode), MaxLength, GetSequence (translated frames in the engine), iterator; numbers appear in the Database block and the search space	multi*, big_s.fa (5.5 Mb, chunked)
C380	S5	libxblast.so	~/api/seqsrc_multiseq.cpp	s_MultiSeqGetMaxLength	203	22/23 scenarios; callers: BlastSeqSrcGetMaxSeqLen	E44/A37 subject source	faithful	LOSAT/src/algorithm/tblastx/blast_engine/run_impl.rs (subject read, totals)	Multiseq source: NumSeqs, TotLen (sum of nucleotide lengths in DbScanMode), MaxLength, GetSequence (translated frames in the engine), iterator; numbers appear in the Database block and the search space	multi*, big_s.fa (5.5 Mb, chunked)
C381	S5	libxblast.so	~/api/seqsrc_multiseq.cpp	s_MultiSeqGetNumSeqs	273	23/23 scenarios; callers: BlastSeqSrcGetNumSeqs	E44/A37 subject source	faithful	LOSAT/src/algorithm/tblastx/blast_engine/run_impl.rs (subject read, totals)	Multiseq source: NumSeqs, TotLen (sum of nucleotide lengths in DbScanMode), MaxLength, GetSequence (translated frames in the engine), iterator; numbers appear in the Database block and the search space	multi*, big_s.fa (5.5 Mb, chunked)
C382	S5	libxblast.so	~/api/seqsrc_multiseq.cpp	s_MultiSeqGetNumSeqsStats	285	22/23 scenarios; callers: BlastSeqSrcGetNumSeqsStats	E44/A37 subject source	faithful	LOSAT/src/algorithm/tblastx/blast_engine/run_impl.rs (subject read, totals)	Multiseq source: NumSeqs, TotLen (sum of nucleotide lengths in DbScanMode), MaxLength, GetSequence (translated frames in the engine), iterator; numbers appear in the Database block and the search space	multi*, big_s.fa (5.5 Mb, chunked)
C383	S5	libxblast.so	~/api/seqsrc_multiseq.cpp	s_MultiSeqGetSequence	334	22/23 scenarios; callers: BlastSeqSrcGetSequence	E44/A37 subject source	faithful	LOSAT/src/algorithm/tblastx/blast_engine/run_impl.rs (subject read, totals)	Multiseq source: NumSeqs, TotLen (sum of nucleotide lengths in DbScanMode), MaxLength, GetSequence (translated frames in the engine), iterator; numbers appear in the Database block and the search space	multi*, big_s.fa (5.5 Mb, chunked)
C384	S5	libxblast.so	~/api/seqsrc_multiseq.cpp	s_MultiSeqGetTotLen	293	23/23 scenarios; callers: BlastSeqSrcGetTotLen	E44/A37 subject source	faithful	LOSAT/src/algorithm/tblastx/blast_engine/run_impl.rs (subject read, totals)	Multiseq source: NumSeqs, TotLen (sum of nucleotide lengths in DbScanMode), MaxLength, GetSequence (translated frames in the engine), iterator; numbers appear in the Database block and the search space	multi*, big_s.fa (5.5 Mb, chunked)
C385	S5	libxblast.so	~/api/seqsrc_multiseq.cpp	s_MultiSeqGetTotLenStats	302	22/23 scenarios; callers: BlastSeqSrcGetTotLenStats	E44/A37 subject source	faithful	LOSAT/src/algorithm/tblastx/blast_engine/run_impl.rs (subject read, totals)	Multiseq source: NumSeqs, TotLen (sum of nucleotide lengths in DbScanMode), MaxLength, GetSequence (translated frames in the engine), iterator; numbers appear in the Database block and the search space	multi*, big_s.fa (5.5 Mb, chunked)
C386	S5	libxblast.so	~/api/seqsrc_multiseq.cpp	s_MultiSeqIteratorNext	444	22/23 scenarios; callers: BlastSeqSrcIteratorNext	E44/A37 subject source	faithful	LOSAT/src/algorithm/tblastx/blast_engine/run_impl.rs (subject read, totals)	Multiseq source: NumSeqs, TotLen (sum of nucleotide lengths in DbScanMode), MaxLength, GetSequence (translated frames in the engine), iterator; numbers appear in the Database block and the search space	multi*, big_s.fa (5.5 Mb, chunked)
C387	S5	libxblast.so	~/api/seqsrc_multiseq.cpp	s_MultiSeqReleaseSequence	375	22/23 scenarios; callers: BlastSeqSrcReleaseSequence	E44/A37 subject source	faithful	LOSAT/src/algorithm/tblastx/blast_engine/run_impl.rs (subject read, totals)	Multiseq source: NumSeqs, TotLen (sum of nucleotide lengths in DbScanMode), MaxLength, GetSequence (translated frames in the engine), iterator; numbers appear in the Database block and the search space	multi*, big_s.fa (5.5 Mb, chunked)
C388	S5	libxblast.so	~/api/seqsrc_multiseq.cpp	s_MultiSeqResetChunkIter	433	22/23 scenarios; callers: BlastSeqSrcResetChunkIterator	E44/A37 subject source	faithful	LOSAT/src/algorithm/tblastx/blast_engine/run_impl.rs (subject read, totals)	Multiseq source: NumSeqs, TotLen (sum of nucleotide lengths in DbScanMode), MaxLength, GetSequence (translated frames in the engine), iterator; numbers appear in the Database block and the search space	multi*, big_s.fa (5.5 Mb, chunked)
C389	S7	libxblast.so	~/core/blast_seg.c	s_OpenWin	1552	22/23 scenarios; callers: s_SegSeq.constprop.0	E50/B60 SEG (blast_seg.c not inventoried per function)	faithful (S08 fixed left recursion)	LOSAT/src/utils/seg.rs:148; LOSAT/src/utils/seg.rs:444	SEG engine; 520 differential cases (segs*, segf0*) all equal; parameters <= 0 differ via F3	segs*, segf0*
C390	S7	libxblast.so	~/core/blast_stat.c	s_OuterIntegralCback	4216	16/23 scenarios; callers: BLAST_RombergIntegrate'2	engine (no per-function inventory row)	faithful	LOSAT/src/stats/sum_statistics.rs:500-512 (outer_integral)	Romberg callback of BLAST_LargeGapSumE/s_BlastSumP	wa_*, base_*
C391	S7	libxblast.so	~/core/ncbi_math.c	s_PolyGamma	236	21/23 scenarios; callers: BLAST_LnFactorial	engine: math functions (no per-function inventory row)	faithful (counterpart cited) - not independently re-derived here	LOSAT/src/stats/sum_statistics.rs:254	Search-engine function that fixes HSP set/scores/order/statistics. Equality evidence: outfmt 6/0/7 differential runs below plus the 26+40 frozen fixtures; four engine differences were found by the S08 investigations in this family and fixed	wa_ev*, wa_th*, wa_ws*, qg*, big_q*, segs*
C392	S7	libxblast.so	~/core/link_hsps.c	s_RevCompareHSPsTbx	331	22/23 scenarios; callers: msort_with_tmp.part.0;msort_with_tmp.part.0'2	engine: sum-statistics linking (no per-function inventory row)	faithful (counterpart cited) - not independently re-derived here	LOSAT/src/algorithm/tblastx/sum_stats_linking/linking.rs:170; LOSAT/src/algorithm/tblastx/sum_stats_linking/linking.rs:200	Search-engine function that fixes HSP set/scores/order/statistics. Equality evidence: outfmt 6/0/7 differential runs below plus the 26+40 frozen fixtures; four engine differences were found by the S08 investigations in this family and fixed	wa_ev*, wa_th*, wa_ws*, qg*, big_q*, segs*
C393	S7	libxblast.so	~/core/link_hsps.c	s_RevCompareHSPsTransl	234	22/23 scenarios; callers: msort_with_tmp.part.0;msort_with_tmp.part.0'2	engine: sum-statistics linking (no per-function inventory row)	faithful (counterpart cited) - not independently re-derived here	LOSAT/src/algorithm/tblastx/sum_stats_linking/linking.rs:221	Search-engine function that fixes HSP set/scores/order/statistics. Equality evidence: outfmt 6/0/7 differential runs below plus the 26+40 frozen fixtures; four engine differences were found by the S08 investigations in this family and fixed	wa_ev*, wa_th*, wa_ws*, qg*, big_q*, segs*
C394	S7	libxblast.so	~/core/blast_seg.c	s_SegParametersCheck	2247	22/23 scenarios; callers: SeqBufferSeg	E50/B60 SEG (blast_seg.c not inventoried per function)	faithful, but unreachable from BlastSetUp_Filter for values <= 0 (see F3)	LOSAT/src/blastinput/value_parsers.rs:659	SEG engine; 520 differential cases (segs*, segf0*) all equal; parameters <= 0 differ via F3	segs*, segf0*
C395	S7	libxblast.so	~/core/blast_seg.c	s_SegSeq	2030	22/23 scenarios; callers: SeqBufferSeg	E50/B60 SEG (blast_seg.c not inventoried per function)	faithful (S08 fixed left recursion)	LOSAT/src/utils/seg.rs:566; LOSAT/src/utils/seg.rs:816	SEG engine; 520 differential cases (segs*, segf0*) all equal; parameters <= 0 differ via F3	segs*, segf0*
C396	S7	libxblast.so	~/core/blast_seg.c	s_ShiftWin1	1673	22/23 scenarios; callers: s_SegSeq.constprop.0	E50/B60 SEG (blast_seg.c not inventoried per function)	faithful (S08 fixed left recursion)	LOSAT/src/utils/seg.rs:148	SEG engine; 520 differential cases (segs*, segf0*) all equal; parameters <= 0 differ via F3	segs*, segf0*
C397	S7	libxblast.so	~/core/blast_seg.c	s_StateCmp	1464	21/23 scenarios; callers: msort_with_tmp.part.0;msort_with_tmp.part.0'2	engine (no per-function inventory row)	faithful	LOSAT/src/utils/seg.rs:226 (state_on) and state vector sort	SEG state comparator used by qsort (msort); SEG sweep equal	wa_*, base_*
C398	S7	libxblast.so	~/core/blast_seg.c	s_StateOn	1516	22/23 scenarios; callers: s_OpenWin	E50/B60 SEG (blast_seg.c not inventoried per function)	faithful (S08 fixed left recursion)	LOSAT/src/utils/seg.rs:148; LOSAT/src/utils/seg.rs:614	SEG engine; 520 differential cases (segs*, segf0*) all equal; parameters <= 0 differ via F3	segs*, segf0*
C399	S4	libxblast.so	?	void std::vector<ncbi::TMaskedQueryRegions, std::allocator<ncbi::TMaskedQueryRegions> >::_M_realloc_insert<...		23/23 scenarios; callers: ncbi::blast::Blast_GetSeqLocInfoVector;ncbi::blast::CBlastPrelimSearch::x_Init	A/E query-subject setup, results plumbing	no-output-effect	-	Object-manager/query-factory/results container plumbing; values it hands over are covered by A67-A71, E35-E42, F22-F23	-
C400	S4	libxblast.so	?	void std::vector<ncbi::blast::SSeqLoc, std::allocator<ncbi::blast::SSeqLoc> >::_M_realloc_insert<ncbi::blas...		23/23 scenarios; callers: ncbi::blast::CMultiSeqInfo::CMultiSeqInfo;ncbi::blast::CObjMgr_QueryFactory::GetTSeqLocVecto	A/E query-subject setup, results plumbing	no-output-effect	-	Object-manager/query-factory/results container plumbing; values it hands over are covered by A67-A71, E35-E42, F22-F23	-
C401	S2	libxobjread.so	src/objtools/readers/fasta_reader_utils.cpp	ncbi::objects::CFastaDeflineReader::ParseDefline	118	23/23 scenarios; callers: ncbi::objects::CFastaReader::ParseDefLine	J input reading (E2c authority)	covered-in-substance (blastn/input.rs)	LOSAT/src/algorithm/blastn/input.rs	CFastaReader internals (mod parsing, id generation, title warnings); read as BLASTN reads them	in_e_*, rec_*
C402	S2	libxobjread.so	src/objtools/readers/fasta_reader_utils.cpp	ncbi::objects::CFastaIdHandler::GenerateID	439	23/23 scenarios; callers: ncbi::objects::CFastaReader::GenerateID	J input reading (E2c authority)	covered-in-substance (blastn/input.rs)	LOSAT/src/algorithm/blastn/input.rs	CFastaReader internals (mod parsing, id generation, title warnings); read as BLASTN reads them	in_e_*, rec_*
C403	S2	libxobjread.so	src/objtools/readers/fasta.cpp	ncbi::objects::CFastaReader::AssembleSeq	1351	23/23 scenarios; callers: ncbi::objects::CFastaReader::ReadOneSeq	J input reading (E2c authority)	covered-in-substance (blastn/input.rs)	LOSAT/src/algorithm/blastn/input.rs	CFastaReader internals (mod parsing, id generation, title warnings); read as BLASTN reads them	in_e_*, rec_*
C404	S2	libxobjread.so	src/objtools/readers/fasta.cpp	ncbi::objects::CFastaReader::CheckDataLine	710	23/23 scenarios; callers: ncbi::objects::CFastaReader::ParseDataLine	J input reading (E2c authority)	covered-in-substance (blastn/input.rs)	LOSAT/src/algorithm/blastn/input.rs	CFastaReader internals (mod parsing, id generation, title warnings); read as BLASTN reads them	in_e_*, rec_*
C405	S2	libxobjread.so	?	ncbi::objects::CFastaReader::CloseGap		23/23 scenarios; callers: ncbi::objects::CFastaReader::ParseDataLine	J input reading (E2c authority)	covered-in-substance (blastn/input.rs)	LOSAT/src/algorithm/blastn/input.rs	CFastaReader internals (mod parsing, id generation, title warnings); read as BLASTN reads them	in_e_*, rec_*
C406	S2	libxobjread.so	src/objtools/readers/fasta.cpp	ncbi::objects::CFastaReader::CreateWarningsForSeqDataInTitle	1617	23/23 scenarios; callers: ncbi::objects::CFastaReader::ParseTitle	J input reading (E2c authority)	covered-in-substance (blastn/input.rs)	LOSAT/src/algorithm/blastn/input.rs	CFastaReader internals (mod parsing, id generation, title warnings); read as BLASTN reads them	in_e_*, rec_*
C407	S2	libxobjread.so	src/objtools/readers/fasta.cpp	ncbi::objects::CFastaReader::GenerateID	703	23/23 scenarios; callers: ncbi::objects::CFastaReader::PostProcessIDs	J input reading (E2c authority)	covered-in-substance (blastn/input.rs)	LOSAT/src/algorithm/blastn/input.rs	CFastaReader internals (mod parsing, id generation, title warnings); read as BLASTN reads them	in_e_*, rec_*
C408	S2	libxobjread.so	src/objtools/readers/fasta.cpp	ncbi::objects::CFastaReader::IgnoreProblem	2221	23/23 scenarios; callers: ncbi::blast::CBlastFastaInputSource::x_InitInputRe	J input reading (E2c authority)	covered-in-substance (blastn/input.rs)	LOSAT/src/algorithm/blastn/input.rs	CFastaReader internals (mod parsing, id generation, title warnings); read as BLASTN reads them	in_e_*, rec_*
C409	S2	libxobjread.so	?	ncbi::objects::CFastaReader::LineNumber		23/23 scenarios; callers: ncbi::objects::CFastaReader::ReadOneSeq	J input reading (E2c authority)	covered-in-substance (blastn/input.rs)	LOSAT/src/algorithm/blastn/input.rs	CFastaReader internals (mod parsing, id generation, title warnings); read as BLASTN reads them	in_e_*, rec_*
C410	S2	libxobjread.so	src/objtools/readers/fasta.cpp	ncbi::objects::CFastaReader::ParseDataLine	774	23/23 scenarios; callers: ncbi::objects::CFastaReader::ReadOneSeq	J input reading (E2c authority)	covered-in-substance (blastn/input.rs)	LOSAT/src/algorithm/blastn/input.rs	CFastaReader internals (mod parsing, id generation, title warnings); read as BLASTN reads them	in_e_*, rec_*
C411	S2	libxobjread.so	src/objtools/readers/fasta.cpp	ncbi::objects::CFastaReader::ParseDefLine	496	23/23 scenarios; callers: ncbi::objects::CFastaReader::ReadOneSeq	J input reading (E2c authority)	covered-in-substance (blastn/input.rs)	LOSAT/src/algorithm/blastn/input.rs	CFastaReader internals (mod parsing, id generation, title warnings); read as BLASTN reads them	in_e_*, rec_*
C412	S2	libxobjread.so	src/objtools/readers/fasta.cpp	ncbi::objects::CFastaReader::ParseTitle	670	23/23 scenarios; callers: ncbi::objects::CFastaReader::AssembleSeq	J input reading (E2c authority)	covered-in-substance (blastn/input.rs)	LOSAT/src/algorithm/blastn/input.rs	CFastaReader internals (mod parsing, id generation, title warnings); read as BLASTN reads them	in_e_*, rec_*
C413	S2	libxobjread.so	src/objtools/readers/fasta.cpp	ncbi::objects::CFastaReader::PostProcessIDs	619	23/23 scenarios; callers: ncbi::objects::CFastaReader::ParseDefLine	J input reading (E2c authority)	covered-in-substance (blastn/input.rs)	LOSAT/src/algorithm/blastn/input.rs	CFastaReader internals (mod parsing, id generation, title warnings); read as BLASTN reads them	in_e_*, rec_*
C414	S2	libxobjread.so	src/objtools/readers/fasta.cpp	ncbi::objects::CFastaReader::ReadOneSeq	312	23/23 scenarios; callers: ncbi::blast::CBlastInputReader::ReadOneSeq	J input reading (E2c authority)	covered-in-substance (blastn/input.rs)	LOSAT/src/algorithm/blastn/input.rs	CFastaReader internals (mod parsing, id generation, title warnings); read as BLASTN reads them	in_e_*, rec_*
C415	S2	libxobjread.so	src/objtools/readers/fasta.cpp	ncbi::objects::CFastaReader::SetIDGenerator	480	23/23 scenarios; callers: ncbi::blast::CBlastFastaInputSource::x_InitInputRe	J input reading (E2c authority)	covered-in-substance (blastn/input.rs)	LOSAT/src/algorithm/blastn/input.rs	CFastaReader internals (mod parsing, id generation, title warnings); read as BLASTN reads them	in_e_*, rec_*
C416	S2	libxobjread.so	src/objtools/readers/fasta.cpp	ncbi::objects::CFastaReader::x_ApplyMods	2018	23/23 scenarios; callers: ncbi::objects::CFastaReader::ParseTitle	J input reading (E2c authority)	covered-in-substance (blastn/input.rs)	LOSAT/src/algorithm/blastn/input.rs	CFastaReader internals (mod parsing, id generation, title warnings); read as BLASTN reads them	in_e_*, rec_*
C417	S2	libxobjread.so	src/objtools/readers/fasta.cpp	ncbi::objects::CFastaReader::x_SetDeflineParseInfo	647	23/23 scenarios; callers: ncbi::objects::CFastaReader::ParseDefLine	J input reading (E2c authority)	covered-in-substance (blastn/input.rs)	LOSAT/src/algorithm/blastn/input.rs	CFastaReader internals (mod parsing, id generation, title warnings); read as BLASTN reads them	in_e_*, rec_*
C418	S2	libxobjread.so	src/objtools/readers/mod_reader.cpp	ncbi::objects::CModHandler::CModHandler	195	23/23 scenarios; callers: ncbi::objects::CFastaReader::CFastaReader	J input reading (E2c authority)	covered-in-substance (blastn/input.rs)	LOSAT/src/algorithm/blastn/input.rs	CFastaReader internals (mod parsing, id generation, title warnings); read as BLASTN reads them	in_e_*, rec_*
C419	S2	libxobjread.so	src/objtools/readers/reader_base.cpp	ncbi::objects::CReaderBase::CReaderBase	155	23/23 scenarios; callers: ncbi::objects::CFastaReader::CFastaReader	J input reading (E2c authority)	covered-in-substance (blastn/input.rs)	LOSAT/src/algorithm/blastn/input.rs	CFastaReader internals (mod parsing, id generation, title warnings); read as BLASTN reads them	in_e_*, rec_*
C420	S2	libxobjread.so	src/objtools/readers/fasta_reader_utils.cpp	ncbi::objects::CSeqIdGenerator::GenerateID	460	23/23 scenarios; callers: ncbi::objects::CFastaIdHandler::GenerateID	J input reading (E2c authority)	covered-in-substance (blastn/input.rs)	LOSAT/src/algorithm/blastn/input.rs	CFastaReader internals (mod parsing, id generation, title warnings); read as BLASTN reads them	in_e_*, rec_*
C421	S2	libxobjread.so	src/objtools/readers/mod_reader.cpp	ncbi::objects::CTitleParser::HasMods	793	23/23 scenarios; callers: ncbi::objects::CFastaReader::x_ApplyMods	J input reading (E2c authority)	covered-in-substance (blastn/input.rs)	LOSAT/src/algorithm/blastn/input.rs	CFastaReader internals (mod parsing, id generation, title warnings); read as BLASTN reads them	in_e_*, rec_*
C422	S2	libxobjread.so	src/objtools/readers/mod_reader.cpp	ncbi::objects::CTitleParser::x_FindBrackets	813	23/23 scenarios; callers: ncbi::objects::CTitleParser::HasMods	J input reading (E2c authority)	covered-in-substance (blastn/input.rs)	LOSAT/src/algorithm/blastn/input.rs	CFastaReader internals (mod parsing, id generation, title warnings); read as BLASTN reads them	in_e_*, rec_*
C423	S2	libxobjread.so	src/objtools/readers/track_data.cpp	ncbi::objects::CTrackData::CTrackData	52	23/23 scenarios; callers: ncbi::objects::CReaderBase::CReaderBase	J input reading (E2c authority)	covered-in-substance (blastn/input.rs)	LOSAT/src/algorithm/blastn/input.rs	CFastaReader internals (mod parsing, id generation, title warnings); read as BLASTN reads them	in_e_*, rec_*
C424	S2	libxobjread.so	src/objtools/readers/mod_to_enum.cpp	ncbi::objects::g_InitModNameOrgSubtypeMap	110	23/23 scenarios; callers: __static_initialization_and_destruction_0	J input reading (E2c authority)	covered-in-substance (blastn/input.rs)	LOSAT/src/algorithm/blastn/input.rs	CFastaReader internals (mod parsing, id generation, title warnings); read as BLASTN reads them	in_e_*, rec_*
C425	S2	libxobjread.so	src/objtools/readers/mod_to_enum.cpp	ncbi::objects::g_InitModNameSubSrcSubtypeMap	128	23/23 scenarios; callers: __static_initialization_and_destruction_0	J input reading (E2c authority)	covered-in-substance (blastn/input.rs)	LOSAT/src/algorithm/blastn/input.rs	CFastaReader internals (mod parsing, id generation, title warnings); read as BLASTN reads them	in_e_*, rec_*
C426	S2	libxobjread.so	src/objtools/readers/mod_to_enum.cpp	ncbi::objects::s_NoNormalization	71	23/23 scenarios; callers: std::_Function_handler<std::__cxx11::basic_string<	J input reading (E2c authority)	covered-in-substance (blastn/input.rs)	LOSAT/src/algorithm/blastn/input.rs	CFastaReader internals (mod parsing, id generation, title warnings); read as BLASTN reads them	in_e_*, rec_*
C427	S2	libxobjread.so	?	std::_Hashtable<int, std::pair<int const, ncbi::objects::CSeq_inst_Base::EMol>, std::allocator<std::pair<in...		23/23 scenarios; callers: __static_initialization_and_destruction_0	J input reading (E2c authority)	covered-in-substance (blastn/input.rs)	LOSAT/src/algorithm/blastn/input.rs	CFastaReader internals (mod parsing, id generation, title warnings); read as BLASTN reads them	in_e_*, rec_*
C428	S2	libxobjread.so	?	std::_Hashtable<std::__cxx11::basic_string<char, std::char_traits<char>, std::allocator<char> >, std::__cxx...		23/23 scenarios; callers: ncbi::objects::g_InitModNameOrgSubtypeMap[abi:cxx1;ncbi::objects::g_InitModNameSubSrcSubtypeMap[abi:c	J input reading (E2c authority)	covered-in-substance (blastn/input.rs)	LOSAT/src/algorithm/blastn/input.rs	CFastaReader internals (mod parsing, id generation, title warnings); read as BLASTN reads them	in_e_*, rec_*
C429	S2	libxobjread.so	?	std::_Hashtable<std::__cxx11::basic_string<char, std::char_traits<char>, std::allocator<char> >, std::__cxx...		23/23 scenarios; callers: __static_initialization_and_destruction_0	J input reading (E2c authority)	covered-in-substance (blastn/input.rs)	LOSAT/src/algorithm/blastn/input.rs	CFastaReader internals (mod parsing, id generation, title warnings); read as BLASTN reads them	in_e_*, rec_*
C430	S2	libxobjread.so	src/objmgr/data_source.cpp	std::_Hashtable<std::__cxx11::basic_string<char, std::char_traits<char>, std::allocator<char> >, std::__cxx...	2591	23/23 scenarios; callers: ncbi::objects::CFastaReader::~CFastaReader;ncbi::objects::g_InitModNameOrgSubtypeMap[abi:cxx1;ncbi::objects::g_InitModNameSubSrcSubtypeMap[abi:c	J input reading (E2c authority)	covered-in-substance (blastn/input.rs)	LOSAT/src/algorithm/blastn/input.rs	CFastaReader internals (mod parsing, id generation, title warnings); read as BLASTN reads them	in_e_*, rec_*
C431	S2	libxobjread.so	?	std::_Hashtable<std::__cxx11::basic_string<char, std::char_traits<char>, std::allocator<char> >, std::pair<...		23/23 scenarios; callers: ncbi::objects::g_InitModNameOrgSubtypeMap[abi:cxx1	J input reading (E2c authority)	covered-in-substance (blastn/input.rs)	LOSAT/src/algorithm/blastn/input.rs	CFastaReader internals (mod parsing, id generation, title warnings); read as BLASTN reads them	in_e_*, rec_*
C432	S2	libxobjread.so	?	std::_Hashtable<std::__cxx11::basic_string<char, std::char_traits<char>, std::allocator<char> >, std::pair<...		23/23 scenarios; callers: __static_initialization_and_destruction_0	J input reading (E2c authority)	covered-in-substance (blastn/input.rs)	LOSAT/src/algorithm/blastn/input.rs	CFastaReader internals (mod parsing, id generation, title warnings); read as BLASTN reads them	in_e_*, rec_*
C433	S2	libxobjread.so	?	std::_Hashtable<std::__cxx11::basic_string<char, std::char_traits<char>, std::allocator<char> >, std::pair<...		23/23 scenarios; callers: __static_initialization_and_destruction_0	J input reading (E2c authority)	covered-in-substance (blastn/input.rs)	LOSAT/src/algorithm/blastn/input.rs	CFastaReader internals (mod parsing, id generation, title warnings); read as BLASTN reads them	in_e_*, rec_*
C434	S2	libxobjread.so	?	std::_Hashtable<std::__cxx11::basic_string<char, std::char_traits<char>, std::allocator<char> >, std::pair<...		23/23 scenarios; callers: __static_initialization_and_destruction_0	J input reading (E2c authority)	covered-in-substance (blastn/input.rs)	LOSAT/src/algorithm/blastn/input.rs	CFastaReader internals (mod parsing, id generation, title warnings); read as BLASTN reads them	in_e_*, rec_*
C435	S2	libxobjread.so	?	std::_Hashtable<std::__cxx11::basic_string<char, std::char_traits<char>, std::allocator<char> >, std::pair<...		23/23 scenarios; callers: ncbi::objects::g_InitModNameSubSrcSubtypeMap[abi:c	J input reading (E2c authority)	covered-in-substance (blastn/input.rs)	LOSAT/src/algorithm/blastn/input.rs	CFastaReader internals (mod parsing, id generation, title warnings); read as BLASTN reads them	in_e_*, rec_*
C436	S2	libxobjread.so	src/objmgr/data_source.cpp	std::_Hashtable<std::__cxx11::basic_string<char, std::char_traits<char>, std::allocator<char> >, std::pair<...	2591	23/23 scenarios; callers: std::unordered_map<std::__cxx11::basic_string<char	J input reading (E2c authority)	covered-in-substance (blastn/input.rs)	LOSAT/src/algorithm/blastn/input.rs	CFastaReader internals (mod parsing, id generation, title warnings); read as BLASTN reads them	in_e_*, rec_*
C437	S2	libxobjread.so	?	std::__detail::_Hash_node<std::pair<std::__cxx11::basic_string<char, std::char_traits<char>, std::allocator...		23/23 scenarios; callers: ncbi::objects::g_InitModNameOrgSubtypeMap[abi:cxx1;std::_Hashtable<std::__cxx11::basic_string<char, s	J input reading (E2c authority)	covered-in-substance (blastn/input.rs)	LOSAT/src/algorithm/blastn/input.rs	CFastaReader internals (mod parsing, id generation, title warnings); read as BLASTN reads them	in_e_*, rec_*
C438	S2	libxobjread.so	?	std::__detail::_Hash_node<std::pair<std::__cxx11::basic_string<char, std::char_traits<char>, std::allocator...		23/23 scenarios; callers: ncbi::objects::g_InitModNameSubSrcSubtypeMap[abi:c;std::_Hashtable<std::__cxx11::basic_string<char, s	J input reading (E2c authority)	covered-in-substance (blastn/input.rs)	LOSAT/src/algorithm/blastn/input.rs	CFastaReader internals (mod parsing, id generation, title warnings); read as BLASTN reads them	in_e_*, rec_*
C439	S2	libxobjread.so	?	std::__detail::_List_node_header::_List_node_header		23/23 scenarios; callers: __static_initialization_and_destruction_0	J input reading (E2c authority)	covered-in-substance (blastn/input.rs)	LOSAT/src/algorithm/blastn/input.rs	CFastaReader internals (mod parsing, id generation, title warnings); read as BLASTN reads them	in_e_*, rec_*
C440	S3	libxobjutil.so	?	ncbi::CStaticArraySearchBase<ncbi::NStaticArray::PKeyValuePair<std::pair<char const*, unsigned int> >, ncbi...		23/23 scenarios; callers: ncbi::CStaticArrayMap<char const*, unsigned int, n	C30 titles (create_defline.cpp:219-312 x_CleanAndCompress) / B22	covered-in-substance	LOSAT/src/report/defline.rs (ncbi_nucleotide_title)	CDeflineGenerator::x_Init/x_SetPrefix/x_SetSuffix/GenerateDefline run for the subject title; the cleaned title is covered by C30/C37, prefix/suffix are empty for a FASTA subject	longdef0, e_* inputs, punct_defline.py
C441	S3	libxobjutil.so	src/objmgr/seq_align_mapper.cpp	ncbi::NStaticArray::CPairConverter<std::pair<char const*, unsigned int>, ncbi::SStaticPair<char const*, uns...	87	23/23 scenarios; callers: ncbi::NStaticArray::CArrayHolder::Convert	C30 titles (create_defline.cpp:219-312 x_CleanAndCompress) / B22	covered-in-substance	LOSAT/src/report/defline.rs (ncbi_nucleotide_title)	CDeflineGenerator::x_Init/x_SetPrefix/x_SetSuffix/GenerateDefline run for the subject title; the cleaned title is covered by C30/C37, prefix/suffix are empty for a FASTA subject	longdef0, e_* inputs, punct_defline.py
C442	S3	libxobjutil.so	?	ncbi::NStaticArray::CPairConverter<std::pair<char const*, unsigned int>, ncbi::SStaticPair<char const*, uns...		23/23 scenarios; callers: ncbi::NStaticArray::CArrayHolder::Convert	C30 titles (create_defline.cpp:219-312 x_CleanAndCompress) / B22	covered-in-substance	LOSAT/src/report/defline.rs (ncbi_nucleotide_title)	CDeflineGenerator::x_Init/x_SetPrefix/x_SetSuffix/GenerateDefline run for the subject title; the cleaned title is covered by C30/C37, prefix/suffix are empty for a FASTA subject	longdef0, e_* inputs, punct_defline.py
C443	S3	libxobjutil.so	?	ncbi::NStaticArray::CPairConverter<std::pair<char const*, unsigned int>, ncbi::SStaticPair<char const*, uns...		23/23 scenarios; callers: ncbi::NStaticArray::CArrayHolder::Convert	C30 titles (create_defline.cpp:219-312 x_CleanAndCompress) / B22	covered-in-substance	LOSAT/src/report/defline.rs (ncbi_nucleotide_title)	CDeflineGenerator::x_Init/x_SetPrefix/x_SetSuffix/GenerateDefline run for the subject title; the cleaned title is covered by C30/C37, prefix/suffix are empty for a FASTA subject	longdef0, e_* inputs, punct_defline.py
C444	S3	libxobjutil.so	~/api/seqinfosrc_bioseq.cpp	ncbi::objects::sequence::GetId	63	23/23 scenarios; callers: ncbi::blast::CBlastQuerySourceOM::GetSeqId;ncbi::blast::CSeqVecSeqInfoSrc::GetId[abi:cxx11]	C30 titles (create_defline.cpp:219-312 x_CleanAndCompress) / B22	covered-in-substance	LOSAT/src/report/defline.rs (ncbi_nucleotide_title)	CDeflineGenerator::x_Init/x_SetPrefix/x_SetSuffix/GenerateDefline run for the subject title; the cleaned title is covered by C30/C37, prefix/suffix are empty for a FASTA subject	longdef0, e_* inputs, punct_defline.py
C445	S3	libxobjutil.so	~/api/bioseq_extract_data_priv.cpp	ncbi::objects::sequence::GetLength	332	23/23 scenarios; callers: ncbi::blast::CBlastInput::GetNextSeqBatch	C30 titles (create_defline.cpp:219-312 x_CleanAndCompress) / B22	covered-in-substance	LOSAT/src/report/defline.rs (ncbi_nucleotide_title)	CDeflineGenerator::x_Init/x_SetPrefix/x_SetSuffix/GenerateDefline run for the subject title; the cleaned title is covered by C30/C37, prefix/suffix are empty for a FASTA subject	longdef0, e_* inputs, punct_defline.py
C446	S3	libxobjutil.so	~/api/bioseq_extract_data_priv.cpp	ncbi::objects::sequence::GetStrand	251	23/23 scenarios; callers: ncbi::blast::CBlastQuerySourceOM::GetStrand	C30 titles (create_defline.cpp:219-312 x_CleanAndCompress) / B22	covered-in-substance	LOSAT/src/report/defline.rs (ncbi_nucleotide_title)	CDeflineGenerator::x_Init/x_SetPrefix/x_SetSuffix/GenerateDefline run for the subject title; the cleaned title is covered by C30/C37, prefix/suffix are empty for a FASTA subject	longdef0, e_* inputs, punct_defline.py
C447	S3	libxobjutil.so	src/objmgr/util/seq_loc_util.cpp	ncbi::objects::sequence::s_GetId	325	23/23 scenarios; callers: ncbi::objects::sequence::GetId	C30 titles (create_defline.cpp:219-312 x_CleanAndCompress) / B22	covered-in-substance	LOSAT/src/report/defline.rs (ncbi_nucleotide_title)	CDeflineGenerator::x_Init/x_SetPrefix/x_SetSuffix/GenerateDefline run for the subject title; the cleaned title is covered by C30/C37, prefix/suffix are empty for a FASTA subject	longdef0, e_* inputs, punct_defline.py
C448	S3	libxobjutil.so	?	void ncbi::CStaticArraySearchBase<ncbi::NStaticArray::PKeyValuePair<std::pair<char const*, unsigned int> >,...		23/23 scenarios; callers: _GLOBAL__sub_I_autodef_options.cpp	C30 titles (create_defline.cpp:219-312 x_CleanAndCompress) / B22	covered-in-substance	LOSAT/src/report/defline.rs (ncbi_nucleotide_title)	CDeflineGenerator::x_Init/x_SetPrefix/x_SetSuffix/GenerateDefline run for the subject title; the cleaned title is covered by C30/C37, prefix/suffix are empty for a FASTA subject	longdef0, e_* inputs, punct_defline.py
C449	S3	libalign_format.so	?	ncbi::CTreeIteratorTmpl<ncbi::CConstTreeLevelIterator>::Walk		19/23 scenarios; callers: ncbi::CTreeIteratorTmpl<ncbi::CConstTreeLevelItera	B/C/D formatting	no-output-effect	-	Library helper (string/map/pair/vector) called by covered functions	-
C450	S3	libalign_format.so	src/corelib/ncbistr.cpp	ncbi::NStr::IntToString	1868	19/23 scenarios; callers: ncbi::align_format::CShowBlastDefline::x_InitDefli	B/C/D formatting	no-output-effect	-	Library helper (string/map/pair/vector) called by covered functions	-
C451	S3	libalign_format.so	AF/align_format_util.cpp	ncbi::align_format::CAlignFormatUtil::GetDbType	4188	19/23 scenarios; callers: ncbi::align_format::CDisplaySeqalign::x_InitAlignP	D outfmt 6/7 (rows D26-D41) / C description table (C28-C30)	covered-in-substance	LOSAT/src/algorithm/tblastx/report.rs (write_tabular); report/pairwise.rs	Helper of the tabular row/header or of the id/title text; its effect is the printed field already covered by the caller row (D26-D32, D41, C29-C30); outfmt 6/7/0 compared in audit	base_*, wa_*, dup*, path_*, ctk_f*
C452	S3	libalign_format.so	AF/align_format_util.cpp	ncbi::align_format::CAlignFormatUtil::GetDisplayIds	4533	19/23 scenarios; callers: ncbi::align_format::CShowBlastDefline::x_FillDefli	D outfmt 6/7 (rows D26-D41) / C description table (C28-C30)	covered-in-substance	LOSAT/src/algorithm/tblastx/report.rs (write_tabular); report/pairwise.rs	Helper of the tabular row/header or of the id/title text; its effect is the printed field already covered by the caller row (D26-D32, D41, C29-C30); outfmt 6/7/0 compared in audit	base_*, wa_*, dup*, path_*, ctk_f*
C453	S3	libalign_format.so	AF/align_format_util.cpp	ncbi::align_format::CAlignFormatUtil::GetLabel	919	19/23 scenarios; callers: ncbi::align_format::CAlignFormatUtil::GetDisplayId;ncbi::align_format::CDisplaySeqalign::x_FillAlnDis	D outfmt 6/7 (rows D26-D41) / C description table (C28-C30)	covered-in-substance	LOSAT/src/algorithm/blastx/report.rs:790; LOSAT/src/algorithm/blastx/report.rs:818	Helper of the tabular row/header or of the id/title text; its effect is the printed field already covered by the caller row (D26-D32, D41, C29-C30); outfmt 6/7/0 compared in audit	base_*, wa_*, dup*, path_*, ctk_f*
C454	S3	libalign_format.so	AF/align_format_util.cpp	ncbi::align_format::CAlignFormatUtil::GetPercentIdentity	1492	19/23 scenarios; callers: ncbi::align_format::CAlignFormatUtil::GetSeqAlignS	D outfmt 6/7 (rows D26-D41) / C description table (C28-C30)	covered-in-substance	LOSAT/src/algorithm/tblastx/report.rs (write_tabular); report/pairwise.rs	Helper of the tabular row/header or of the id/title text; its effect is the printed field already covered by the caller row (D26-D32, D41, C29-C30); outfmt 6/7/0 compared in audit	base_*, wa_*, dup*, path_*, ctk_f*
C455	S3	libalign_format.so	AF/align_format_util.cpp	ncbi::align_format::CAlignFormatUtil::GetSeqAlignSetCalcParamsFromASN	4471	19/23 scenarios; callers: ncbi::align_format::CShowBlastDefline::x_GetScoreI	D outfmt 6/7 (rows D26-D41) / C description table (C28-C30)	covered-in-substance	LOSAT/src/algorithm/tblastx/report.rs (write_tabular); report/pairwise.rs	Helper of the tabular row/header or of the id/title text; its effect is the printed field already covered by the caller row (D26-D32, D41, C29-C30); outfmt 6/7/0 compared in audit	base_*, wa_*, dup*, path_*, ctk_f*
C456	S3	libalign_format.so	AF/align_format_util.cpp	ncbi::align_format::CAlignFormatUtil::GetTextSeqID	4959	19/23 scenarios; callers: ncbi::align_format::CDisplaySeqalign::x_FillAlnDis	D outfmt 6/7 (rows D26-D41) / C description table (C28-C30)	covered-in-substance	LOSAT/src/algorithm/tblastx/report.rs (write_tabular); report/pairwise.rs	Helper of the tabular row/header or of the id/title text; its effect is the printed field already covered by the caller row (D26-D32, D41, C29-C30); outfmt 6/7/0 compared in audit	base_*, wa_*, dup*, path_*, ctk_f*
C457	S3	libalign_format.so	AF/align_format_util.cpp	ncbi::align_format::CAlignFormatUtil::StringGiToNumGiList	4635	19/23 scenarios; callers: ncbi::align_format::CAlignFormatUtil::GetSeqAlignS	D outfmt 6/7 (rows D26-D41) / C description table (C28-C30)	covered-in-substance	LOSAT/src/algorithm/tblastx/report.rs (write_tabular); report/pairwise.rs	Helper of the tabular row/header or of the id/title text; its effect is the printed field already covered by the caller row (D26-D32, D41, C29-C30); outfmt 6/7/0 compared in audit	base_*, wa_*, dup*, path_*, ctk_f*
C458	S3	libalign_format.so	AF/align_format_util.cpp	ncbi::align_format::CAlignFormatUtil::x_WrapOutputLine	279	20/23 scenarios; callers: ncbi::CBlastFormatUtil::BlastPrintReference;ncbi::align_format::CAlignFormatUtil::PrintDbRepor;ncbi::align_format::CAlignFormatUtil::x_Acknowledg	C/D	covered-in-substance	LOSAT/src/report/pairwise.rs:1094	Coverage merge for query-coverage fields (C40 n/a) / usage text / title wrap (B23)	-
C459	S3	libalign_format.so	AF/align_format_util.cpp	ncbi::align_format::FromRangeAscendingSort	2899	19/23 scenarios; callers: void std::__cxx11::list<ncbi::CRange<unsigned int>	C/D	no-output-effect	-	Coverage merge for query-coverage fields (C40 n/a) / usage text / title wrap (B23)	-
C460	S3	libalign_format.so	AF/align_format_util.cpp	ncbi::align_format::s_MergeRangeList	2940	19/23 scenarios; callers: ncbi::align_format::CAlignFormatUtil::GetSeqAlignC	C/D	no-output-effect	-	Coverage merge for query-coverage fields (C40 n/a) / usage text / title wrap (B23)	-
C461	S3	libalign_format.so	include/objtools/alnmgr/alnmap.hpp	ncbi::objects::CAlnMap::GetAlnStop	488	19/23 scenarios; callers: ncbi::align_format::CDisplaySeqalign::x_PrepareRow	B/C/D formatting	no-output-effect	-	Library helper (string/map/pair/vector) called by covered functions	-
C462	S1	libxblast.so	~/api/blast_options_cxx.cpp	ncbi::blast::CBlastOptions::GetWindowSize	1491	20/23 scenarios; callers: ncbi::CBlastFormat::PrintEpilog	H options (no inventory range)	faithful	LOSAT/src/algorithm/tblastx/args.rs:42-104 (threshold 13, word_size 3, window 40 default, query_gencode/db_gencode, max_target_seqs); blastinput/value_parsers.rs:148,395	Option value path; defaults and non-default values compared in audit sweeps	wa_th*, wa_ws*, qg*, F-none; opt_*
C463	S3	libxblast.so	~/api/version.cpp	ncbi::blast::CReference::GetHTMLFreeString	118	20/23 scenarios; callers: ncbi::CBlastFormatUtil::BlastPrintReference	A80/A125 reference text	covered-in-substance	LOSAT/src/report/pairwise.rs (write_tblastx_pairwise_prolog)	CReference::GetString/GetHTMLFreeString build the Reference: paragraph printed by BlastPrintReference; compared byte for byte in every outfmt 0 run	base_*_0
C464	S3	libxblast.so	~/api/version.cpp	ncbi::blast::CReference::GetString	112	20/23 scenarios; callers: ncbi::blast::CReference::GetHTMLFreeString[abi:cxx	A80/A125 reference text	covered-in-substance	LOSAT/src/report/pairwise.rs (write_tblastx_pairwise_prolog)	CReference::GetString/GetHTMLFreeString build the Reference: paragraph printed by BlastPrintReference; compared byte for byte in every outfmt 0 run	base_*_0
C465	S4	libxblast.so	~/api/blast_results.cpp	ncbi::blast::CSearchResults::GetSubjectMasks	335	19/23 scenarios; callers: ncbi::CBlastFormat::PrintOneResultSet	A/E query-subject setup, results plumbing	no-output-effect	-	Object-manager/query-factory/results container plumbing; values it hands over are covered by A67-A71, E35-E42, F22-F23	-
C466	S3	libxobjutil.so	src/objmgr/util/create_defline.cpp	ncbi::objects::sequence::CDeflineGenerator::GenerateDefline	3928	19/23 scenarios; callers: ncbi::align_format::CDisplaySeqalign::x_FillAlnDis;ncbi::align_format::CShowBlastDefline::x_FillDefli	C30 titles (create_defline.cpp:219-312 x_CleanAndCompress) / B22	covered-in-substance	LOSAT/src/report/defline.rs (ncbi_nucleotide_title)	CDeflineGenerator::x_Init/x_SetPrefix/x_SetSuffix/GenerateDefline run for the subject title; the cleaned title is covered by C30/C37, prefix/suffix are empty for a FASTA subject	longdef0, e_* inputs, punct_defline.py
C467	S3	libxobjutil.so	src/objmgr/util/create_defline.cpp	ncbi::objects::sequence::CDeflineGenerator::x_SetFlags	612	19/23 scenarios; callers: ncbi::objects::sequence::CDeflineGenerator::Genera	C30 titles (create_defline.cpp:219-312 x_CleanAndCompress) / B22	covered-in-substance	LOSAT/src/report/defline.rs (ncbi_nucleotide_title)	CDeflineGenerator::x_Init/x_SetPrefix/x_SetSuffix/GenerateDefline run for the subject title; the cleaned title is covered by C30/C37, prefix/suffix are empty for a FASTA subject	longdef0, e_* inputs, punct_defline.py
C468	S3	libxobjutil.so	src/objmgr/util/create_defline.cpp	ncbi::objects::sequence::CDeflineGenerator::x_SetPrefix	2799	19/23 scenarios; callers: ncbi::objects::sequence::CDeflineGenerator::Genera	C30 titles (create_defline.cpp:219-312 x_CleanAndCompress) / B22	covered-in-substance	LOSAT/src/report/defline.rs (ncbi_nucleotide_title)	CDeflineGenerator::x_Init/x_SetPrefix/x_SetSuffix/GenerateDefline run for the subject title; the cleaned title is covered by C30/C37, prefix/suffix are empty for a FASTA subject	longdef0, e_* inputs, punct_defline.py
C469	S3	libxobjutil.so	src/objmgr/util/create_defline.cpp	ncbi::objects::sequence::CDeflineGenerator::x_SetSuffix	2869	19/23 scenarios; callers: ncbi::objects::sequence::CDeflineGenerator::Genera	C30 titles (create_defline.cpp:219-312 x_CleanAndCompress) / B22	covered-in-substance	LOSAT/src/report/defline.rs (ncbi_nucleotide_title)	CDeflineGenerator::x_Init/x_SetPrefix/x_SetSuffix/GenerateDefline run for the subject title; the cleaned title is covered by C30/C37, prefix/suffix are empty for a FASTA subject	longdef0, e_* inputs, punct_defline.py
C470	S7	libxblast.so	~/core/blast_hits.c	s_SortHSPListByOid	2112	10/23 scenarios; callers: msort_with_tmp.part.0;msort_with_tmp.part.0'2	engine: HSP lists / hit list (no per-function inventory row)	faithful (counterpart cited) - not independently re-derived here	LOSAT/src/algorithm/blastx/results.rs:1183; LOSAT/src/algorithm/tblastn/stage_d_pipeline.rs:745	Search-engine function that fixes HSP set/scores/order/statistics. Equality evidence: outfmt 6/0/7 differential runs below plus the 26+40 frozen fixtures; four engine differences were found by the S08 investigations in this family and fixed	wa_ev*, wa_th*, wa_ws*, qg*, big_q*, segs*
C471	S7	libxblast.so	~/core/blast_hits.c	Blast_HSPListPurgeNullHSPs	2225	1/23 scenarios; callers: Blast_HSPListReevaluateUngapped	engine: HSP lists / hit list (no per-function inventory row)	faithful (counterpart cited) - not independently re-derived here	LOSAT/src/algorithm/tblastx/filtering/purge_endpoints.rs:38	Search-engine function that fixes HSP set/scores/order/statistics. Equality evidence: outfmt 6/0/7 differential runs below plus the 26+40 frozen fixtures; four engine differences were found by the S08 investigations in this family and fixed	wa_ev*, wa_th*, wa_ws*, qg*, big_q*, segs*
C472	S4	libxblast.so	src/corelib/ncbi_message.cpp	ncbi::blast::CSearchMessage::GetMessage	285	2/23 scenarios; callers: ncbi::blast::CSearchResults::GetWarningStrings[abi	A68 (GetWarningStrings)	covered-in-substance	LOSAT/src/report/query_warnings.rs	CSearchMessage::GetMessage text of the per-query warning	tblastx.invalid.*, tblastx.unsearched.*
C473	S4	libxblast.so	~/api/query_data.cpp	ncbi::blast::ILocalQueryData::GetQueryMessages	135	2/23 scenarios; callers: ncbi::blast::CLocalBlast::Run	A/E query-subject setup, results plumbing	no-output-effect	-	Object-manager/query-factory/results container plumbing; values it hands over are covered by A67-A71, E35-E42, F22-F23	-
C474	S4	libxblast.so	~/api/query_data.cpp	ncbi::blast::ILocalQueryData::x_ValidateIndex	74	2/23 scenarios; callers: ncbi::blast::ILocalQueryData::GetQueryMessages	A/E query-subject setup, results plumbing	no-output-effect	-	Object-manager/query-factory/results container plumbing; values it hands over are covered by A67-A71, E35-E42, F22-F23	-
C475	S4	libxblast.so	~/api/blast_aux.cpp	ncbi::blast::TQueryMessages::GetQueryId	972	2/23 scenarios; callers: ncbi::blast::CSearchResults::GetWarningStrings[abi	A warnings (A64-A68,D12,D52)	covered-in-substance	LOSAT/src/report/query_warnings.rs	TSearchMessages Combine/RemoveDuplicates/sort decide duplicates and order of per-query warnings; invalid-query warnings compared (fixtures tblastx.invalid/unsearched, warnings.*.merged)	tblastx.invalid.*, tblastx.unsearched.*
C476	S4	libxblast.so	?	void std::__insertion_sort<__gnu_cxx::__normal_iterator<ncbi::CRef<ncbi::blast::CSearchMessage, ncbi::CObje...		2/23 scenarios; callers: ncbi::blast::TSearchMessages::RemoveDuplicates	A/E query-subject setup, results plumbing	no-output-effect	-	Object-manager/query-factory/results container plumbing; values it hands over are covered by A67-A71, E35-E42, F22-F23	-
C477	S4	libxblast.so	?	void std::__introsort_loop<__gnu_cxx::__normal_iterator<ncbi::CRef<ncbi::blast::CSearchMessage, ncbi::CObje...		2/23 scenarios; callers: ncbi::blast::TSearchMessages::RemoveDuplicates	A/E query-subject setup, results plumbing	no-output-effect	-	Object-manager/query-factory/results container plumbing; values it hands over are covered by A67-A71, E35-E42, F22-F23	-
C478	S4	libxblast.so	?	void std::vector<ncbi::blast::TQueryMessages, std::allocator<ncbi::blast::TQueryMessages> >::_M_realloc_ins...		2/23 scenarios; callers: ncbi::blast::CLocalBlast::Run	A/E query-subject setup, results plumbing	no-output-effect	-	Object-manager/query-factory/results container plumbing; values it hands over are covered by A67-A71, E35-E42, F22-F23	-
C479	S1	libxblast.so	~/core/blast_options.c	BlastHSPBestHitOptionsValidate	1824	1/23 scenarios; callers: BlastHSPFilteringOptionsValidate	H options validation	rejected	LOSAT/src/algorithm/tblastx/blast_engine/run_impl.rs (search: -culling_limit > 0 rejected)	Reached only with -culling_limit > 0 (scenario culling); LOSAT rejects explicitly	opt3_cl1
C480	S1	libxblast.so	~/core/blast_options.c	BlastHSPCullingOptionsValidate	1864	1/23 scenarios; callers: BlastHSPFilteringOptionsValidate	H options validation	rejected	LOSAT/src/algorithm/tblastx/blast_engine/run_impl.rs (search: -culling_limit > 0 rejected)	Reached only with -culling_limit > 0 (scenario culling); LOSAT rejects explicitly	opt3_cl1
C481	S1	libxblast.so	~/core/blast_options.c	BlastHSPFilteringOptionsValidate	1927	1/23 scenarios; callers: BlastHitSavingOptionsValidate	H options validation	rejected	LOSAT/src/algorithm/tblastx/blast_engine/run_impl.rs (search: -culling_limit > 0 rejected)	Reached only with -culling_limit > 0 (scenario culling); LOSAT rejects explicitly	opt3_cl1
C482	S1	libxblast.so	~/core/blast_options.c	BlastHSPFilteringOptions_AddCulling	1911	1/23 scenarios; callers: ncbi::blast::CBlastOptions::SetCullingLimit	H options (no inventory range)	no-output-effect	-	Option-handle construction/default plumbing (values are those of tblastx_options.cpp:47-95 / blast_prot_options.cpp:49-159; LOSAT defaults in args.rs)	default runs base_*
C483	S7	libxblast.so	~/core/blast_hspstream.c	BlastHSPPipeInfo_Add	763	1/23 scenarios; callers: ncbi::blast::CSetupFactory::CreateHspPipe	engine: HSP stream (no per-function inventory row)	faithful (counterpart cited) - not independently re-derived here	LOSAT/src/algorithm/blastx/mod.rs:395	Search-engine function that fixes HSP set/scores/order/statistics. Equality evidence: outfmt 6/0/7 differential runs below plus the 26+40 frozen fixtures; four engine differences were found by the S08 investigations in this family and fixed	wa_ev*, wa_th*, wa_ws*, qg*, big_q*, segs*
C484	S1	libxblast.so	~/api/blast_options_cxx.cpp	ncbi::blast::CBlastOptions::SetCullingLimit	1837	1/23 scenarios; callers: ncbi::blast::CHspFilteringArgs::ExtractAlgorithmOp	H options (no inventory range)	default-only	-	Setter/getter for an option LOSAT TBLASTX does not accept (deferred list) or a fixed default; only the default value is reached	-
C485	S7	libxblast.so	~/core/hspfilter_culling.c	s_BlastHSPCullingFinal	501	1/23 scenarios; callers: s_BlastHSPCullingPipeRun;s_FinalizeWriter	G32 rejected	rejected	LOSAT/src/algorithm/tblastx/blast_engine/run_impl.rs (search): -culling_limit > 0 rejected	Reached only with -culling_limit > 0	opt3_cl1
C486	S7	libxblast.so	~/core/hspfilter_culling.c	s_BlastHSPCullingPipeRun	700	1/23 scenarios; callers: BlastHSPStreamTBackClose	G32 rejected	rejected	LOSAT/src/algorithm/tblastx/blast_engine/run_impl.rs (search): -culling_limit > 0 rejected	Reached only with -culling_limit > 0	opt3_cl1
C487	S7	libxblast.so	~/core/hspfilter_culling.c	s_BlastHSPCullingRun	603	1/23 scenarios; callers: BlastHSPStreamWrite;s_BlastHSPCullingPipeRun	G32 rejected	rejected	LOSAT/src/algorithm/tblastx/blast_engine/run_impl.rs (search): -culling_limit > 0 rejected	Reached only with -culling_limit > 0	opt3_cl1
C488	S7	libxblast.so	~/core/hspfilter_culling.c	s_DominateTest	79	1/23 scenarios; callers: s_BlastHSPCullingRun;s_ProcessHSPList	G32 rejected	rejected	LOSAT/src/algorithm/tblastx/blast_engine/run_impl.rs (search): -culling_limit > 0 rejected	Reached only with -culling_limit > 0	opt3_cl1
C489	S7	libxblast.so	~/core/hspfilter_culling.c	s_ProcessHSPList	136	1/23 scenarios; callers: s_BlastHSPCullingRun	G32 rejected	rejected	LOSAT/src/algorithm/tblastx/blast_engine/run_impl.rs (search): -culling_limit > 0 rejected	Reached only with -culling_limit > 0	opt3_cl1
C490	S7	libxblast.so	~/core/hspfilter_culling.c	s_RipHSPOffCTree	396	1/23 scenarios; callers: s_BlastHSPCullingFinal	G32 rejected	rejected	LOSAT/src/algorithm/tblastx/blast_engine/run_impl.rs (search): -culling_limit > 0 rejected	Reached only with -culling_limit > 0	opt3_cl1
C491	S9	libxblast.so	~/core/blast_filter.c	BlastSetUp_Filter	1122-1170	called per frame by s_GetFilteringLocationsForOneContext (blast_filter.c:1217); 23/23 scenarios	E50 / B60 name the function, but E50 ncbi_lines 1191-1259 exclude 1142-1160 (SBlastFilterOptionsValidate call, overlaps=TRUE, window/locut/hicut <= 0 keep the defaults)	FINDING F3 (rows E50 faithful is wrong for -seg values <= 0)	LOSAT/src/utils/seg.rs:506 (SegParams::new clamps instead); algorithm/tblastx/blast_engine/run_impl.rs:1638	NCBI keeps 12/2.2/2.5 for any non-positive token (blast_filter.c:1149-1154); LOSAT applies s_SegParametersCheck (blast_seg.c:2247-2258) which is not reached from this caller	F3_*
C492	S9	libxblast.so	~/api/blast_options_cxx.cpp, blast_options_handle.cpp, blast_options_local_priv.cpp	CBlastOptions::Validate / CBlastOptionsHandle::Validate / CBlastOptionsLocal::Validate -> BLAST_ValidateOptions	825 / 92 / 374	end of CBlastAppArgs::SetOptions (blast_args.cpp:3636) and BlastSetupPreliminarySearchEx (blast_aux_priv.cpp:140)	A2/A4/A24 name Validate but mention only word size, threshold 0 and -seg; no row lists BlastHitSavingOptionsValidate (blast_options.c:1505-1552), BlastScoringOptionsValidate, BlastInitialWordOptionsValidate, LookupTableOptionsValidate, BlastExtensionOptionsValidate, s_BlastExtensionScoringOptionsValidate	FINDING F1 (expect_value <= 0 not rejected); threshold/-seg Validate errors are clap rc 2 vs NCBI rc 1 (finding F5, classification)	LOSAT/src/blastinput/value_parsers.rs:131,148,395,633	See F1 and F5	F1_*, val_thr0, val_segbad, val_segbad2
C493	S9	libblastinput.so	~/blastinput/blast_args.cpp	CGenericSearchArgs / CFilteringArgs / CWindowSizeArg / CWordThresholdArg / CMatrixNameArg / CLargestIntronSizeArgs / CHspFilteringArgs / CGeneticCodeArgs / CQueryOptionsArgs / CMTArgs / CRemoteArgs / CDebugArgs / CBlastDatabaseArgs :: ExtractAlgorithmOptions + SetArgumentDescriptions	250 / 387 / 485 / 606 / 634 / 949 / 3335 / 1043 / 1968 / 3198 / 3255 / 3278 / 2464	CTblastxAppArgs::SetOptions loops over every arg group (blast_args.cpp:3631-3633; tblastx_args.cpp:44-119)	Rows A52, A57, A58, A129, A130, G1 cover CStdCmdLineArgs, CFormattingArgs, CMTArgs and the -max_target_seqs description; the other groups have no row (their names match only through the generic word ExtractAlgorithmOptions)	per group: CGenericSearchArgs -> F1; CFilteringArgs -> F2, F3; CWindowSizeArg/CWordThresholdArg: faithful (defaults 40/13 via BLAST_GetSuggestedWindowSize/Threshold; non-default values swept); CGeneticCodeArgs: faithful (26 codes); CLargestIntronSizeArgs/CHspFilteringArgs/CQueryOptionsArgs: defaults only (options not accepted) except -culling_limit (rejected if > 0); CBlastDatabaseArgs: subject read before the other groups and before Validate (error order; -dbsize/-searchsp not accepted)	LOSAT/src/algorithm/tblastx/args.rs:36-110	F1,F2,F3 plus sweeps wa_th*, wa_ws*, qg*, opt_*	
C494	S9	libxblast.so	~/core/blast_traceback.c	Blast_RunTracebackSearchWithInterrupt / BLAST_ComputeTraceback_MT (ungapped branch)	1556-1777	E32,E34,G25,G28 name them; checked: ungapped branch only inserts the prelim lists into a second hit list (blast_traceback.c:1691-1707, 1705) and re-sorts (1768-1772)	E32/E34/G25/G28	covered-in-substance	LOSAT/src/algorithm/tblastx/report.rs (final_hit_order)	Re-read: mask_level<101 and s_FilterBlastResults branches need options LOSAT does not accept	mts1, dup*, many
C495	S7	libxblast.so	~/core/aa_ungapped.c	s_BlastAaExtendOneHit (one-hit branch of BlastAaWordFinder)	~aa_ungapped.c:(one-hit path)	only with -window_size 0 (callgrind scenario ws0: the single new function)	engine: not inventoried	rejected (explicit: "-window_size 0 (the one-hit word finder) is not supported by LOSAT's TBLASTX")	LOSAT/src/algorithm/tblastx/blast_engine/run_impl.rs:899 (HEAD)	NCBI runs -window_size 0 (3290 B output for q1/s1); help text of HEAD (args.rs:102) still says "Use 0 to enable one-hit mode" (finding F6)	ws0_check
C496	S1	libxblast.so	~/core/blast_options.c	LookupTableOptionsValidate word_size branches (1313-1365)	1313-1365	-word_size values: 2 and 4 run in NCBI through the same lookup/scan functions (callgrind wd2, wd4: no new function); 5 aborts "Word-size must be less than 6 for protein comparison"; <=1 aborts at parse (>=2 constraint)	H options validation	rejected (explicit: "unsupported TBLASTX word_size: only 3 is implemented")	LOSAT/src/blastinput/value_parsers.rs:395 (tblastx_word_size)	Reason is "not implemented", not an NCBI behavior; the NCBI path for 2 and 4 needs no new engine function, only other parameters (candidate for transpiling; angle c)	opt3_ws2, opt3_ws4
C497	S10	env	-	BATCH_SIZE	blast_input_aux.cpp:86	getenv trace (gdb, 140 names read in one tblastx -subject -outfmt 0 run)	in scope of the brief; inventory: A47/A48/D4/D5/E58	covered	-	bs_* (38 values) equal except non-integers: NCBI aborts rc 255 (CStringException), LOSAT explicit rejection rc 1 (documented rejection)	bs_*, bs1_*
C498	S10	env	-	CTOOLKIT_COMPATIBLE	showdefline.cpp:80 (the #ifdef blocks in showalign.cpp:2286, 4500 and align_format_util.cpp:953 are not compiled)	getenv trace (gdb, 140 names read in one tblastx -subject -outfmt 0 run)	in scope of the brief; inventory: C-range (E2a/E2g)	covered	-	set (any value incl. empty) changes only "(Bits)" -> "(bits)" (3 places in a 3-query outfmt 0 run); outfmt 6/7 unaffected; LOSAT equal	ctk_*
C499	S10	env	-	CHUNK_SIZE / OVERLAP_CHUNK_SIZE	local_blast.cpp:59, split_query_aux_priv.cpp:55 via CQuerySplitter ctor (split_query_cxx.cpp:55)	getenv trace (gdb, 140 names read in one tblastx -subject -outfmt 0 run)	outside the brief (listed as unset in COMMON.md); inventory: no row (A131/G10 say "never split")	FINDING F4 (low)	-	NCBI tblastx aborts for CHUNK_SIZE=10 (rc 3 "Split query chunk size must be divisible by 3"), CHUNK_SIZE=abc or OVERLAP_CHUNK_SIZE=abc (rc 255); LOSAT TBLASTX never reads them (BLASTN does: blastn/query_split.rs)	env_chunk_*, env_ovl_abc
C500	S10	env	-	BL2SEQ_LEGACY	blast_app_util.cpp:206 (InitializeSubject)	getenv trace (gdb, 140 names read in one tblastx -subject -outfmt 0 run)	outside the brief (listed as unset in COMMON.md); inventory: D7/D21/D40/E3/E2/G11 (n/a "unset")	FINDING F4 (low)	-	Any value makes NCBI search every subject on its own and write the legacy bl2seq report in all three formats (outfmt 6: 224872 B vs 159703 B); LOSAT TBLASTX ignores it silently (BLASTN rejects: blastn/blast_engine/run.rs:5483)	env_bl2seq_*
C501	S10	env	-	PRE_FETCH_SEQS_LIMIT	blast_app_util.cpp:732	getenv trace (gdb, 140 names read in one tblastx -subject -outfmt 0 run)	outside the brief; inventory: A42/D56 n/a	covered (no effect)	-	NCBI output unchanged when set	envx run
C502	S10	env	-	OLD_FSC	blast_stat.c:922 (BlastScoreBlkNew)	getenv trace (gdb, 140 names read in one tblastx -subject -outfmt 0 run)	outside the brief; inventory: none	no effect for tblastx	-	Only decides whether the Gumbel block is built (gapped searches); NCBI tblastx output unchanged when set (also set by -searchsp, not accepted)	envx run
C503	S10	env	-	BLASTINPUT_GEN_DELTA_SEQ	blast_fasta_input.cpp:331	getenv trace (gdb, 140 names read in one tblastx -subject -outfmt 0 run)	outside the brief; inventory: none	no effect observed	-	Removes fNoSplit from the FASTA reader flags; NCBI output unchanged for a query with a 120-N run	qn.fa
C504	S10	env	-	ADAPTIVE_CBS	blast_hits.c:47, blast_traceback.c:1825	getenv trace (gdb, 140 names read in one tblastx -subject -outfmt 0 run)	outside the brief; inventory: G6	no effect	-	Only with compositionBasedStats > 0 (never for tblastx)	envx run
C505	S10	env	-	NCBI_BLAST_DISABLE_OPENMP	blast_traceback.c:1511	getenv trace (gdb, 140 names read in one tblastx -subject -outfmt 0 run)	outside the brief; inventory: G27	no effect	-	Forces one traceback thread; output unchanged	envx run
C506	S10	env	-	BLAST_USAGE_REPORT, BLAST_DOCKER, BLAST_ELB_*, NCBI_USAGE_REPORT_*	blast_usage_report.cpp:46-197	getenv trace (gdb, 140 names read in one tblastx -subject -outfmt 0 run)	outside the brief; inventory: A1/A20 n/a	no effect	-	Usage reporting only	envx run
C507	S10	env	-	ABORT_ON_THROW, DEBUG_CATCH_UNHANDLED_EXCEPTIONS	corelib	getenv trace (gdb, 140 names read in one tblastx -subject -outfmt 0 run)	outside the brief; inventory: none	no effect on success paths	-	Debug aids (change exit status only on exceptions)	envx run
C508	S10	env	-	DIAG_*, NCBI_CONFIG_*, NCBI_DONT_USE_NCBIRC, NCBI_CONTEXT_FIELDS, OBJMGR_*, SERIAL_*	corelib	getenv trace (gdb, 140 names read in one tblastx -subject -outfmt 0 run)	outside the brief; inventory: deferred (check_ncbi_application_settings)	deferred	-	Recorded in the S08 deferral list	-
C509	S11	libalign_format.so	-	(plumbing summary)	-	New/Free/Destruct/Dup/Copy/Init, constructors/destructors, static initializers, std:: container templates, reference counting, serialization type-info, CSafeStatic	-	no-output-effect (skipped, counted)	-	61 distinct reached functions not listed individually	-
C510	S11	libblastinput.so	-	(plumbing summary)	-	New/Free/Destruct/Dup/Copy/Init, constructors/destructors, static initializers, std:: container templates, reference counting, serialization type-info, CSafeStatic	-	no-output-effect (skipped, counted)	-	83 distinct reached functions not listed individually	-
C511	S11	libxalnmgr.so	-	(plumbing summary)	-	New/Free/Destruct/Dup/Copy/Init, constructors/destructors, static initializers, std:: container templates, reference counting, serialization type-info, CSafeStatic	-	no-output-effect (skipped, counted)	-	42 distinct reached functions not listed individually	-
C512	S11	libxblast.so	-	(plumbing summary)	-	New/Free/Destruct/Dup/Copy/Init, constructors/destructors, static initializers, std:: container templates, reference counting, serialization type-info, CSafeStatic	-	no-output-effect (skipped, counted)	-	308 distinct reached functions not listed individually	-
C513	S11	libxblastformat.so	-	(plumbing summary)	-	New/Free/Destruct/Dup/Copy/Init, constructors/destructors, static initializers, std:: container templates, reference counting, serialization type-info, CSafeStatic	-	no-output-effect (skipped, counted)	-	40 distinct reached functions not listed individually	-
C514	S11	libxobjread.so	-	(plumbing summary)	-	New/Free/Destruct/Dup/Copy/Init, constructors/destructors, static initializers, std:: container templates, reference counting, serialization type-info, CSafeStatic	-	no-output-effect (skipped, counted)	-	148 distinct reached functions not listed individually	-
C515	S11	libxobjutil.so	-	(plumbing summary)	-	New/Free/Destruct/Dup/Copy/Init, constructors/destructors, static initializers, std:: container templates, reference counting, serialization type-info, CSafeStatic	-	no-output-effect (skipped, counted)	-	59 distinct reached functions not listed individually	-
