[losat-wasi-threads] shared-memory guards: 126 fills, 1233 copies
[losat-wasi-event] {"event":"spawn_attempt","at_ms":303.86175,"tid":1,"attempt":1}
[losat-wasi-event] {"event":"spawned","at_ms":312.604871,"tid":1}
[losat-wasi-threads] worker boot tid=1
[losat-wasi-threads] worker instantiate tid=1 start_arg=2506184
[losat-wasi-threads] worker start tid=1
[losat-wasi-event] {"event":"ready","at_ms":351.924871,"tid":1}
[losat-wasi-event] {"event":"spawn_attempt","at_ms":352.097497,"tid":2,"attempt":2}
[losat-wasi-event] {"event":"spawned","at_ms":352.730117,"tid":2}
[losat-wasi-threads] worker boot tid=2
[losat-wasi-threads] worker instantiate tid=2 start_arg=3555560
[losat-wasi-threads] worker start tid=2
[losat-wasi-event] {"event":"ready","at_ms":393.260844,"tid":2}
[losat-wasi-event] {"event":"spawn_attempt","at_ms":393.70852,"tid":3,"attempt":3}
[losat-wasi-event] {"event":"spawned","at_ms":394.209369,"tid":3}
[losat-wasi-threads] worker boot tid=3
[losat-wasi-threads] worker instantiate tid=3 start_arg=4604936
[losat-wasi-threads] worker start tid=3
[losat-wasi-event] {"event":"ready","at_ms":520.82238,"tid":3}
[losat-wasi-event] {"event":"spawn_attempt","at_ms":521.085557,"tid":4,"attempt":4}
[losat-wasi-event] {"event":"spawned","at_ms":521.802305,"tid":4}
[losat-wasi-threads] worker boot tid=4
[losat-wasi-threads] worker instantiate tid=4 start_arg=5654312
[losat-wasi-threads] worker start tid=4
[losat-wasi-event] {"event":"ready","at_ms":563.233823,"tid":4}
[losat-thread-pool] program=blastn requested_threads=4 pool_threads=4 caller_participates=false measured_activity=null
[losat-thread-stage] program=blastn stage=subjects work_items=1 parallel_selected=false measured_activity=null
[losat-thread-stage] program=blastn stage=subject_chunks work_items=1 parallel_selected=false measured_activity=null
[losat-thread-stage] program=blastn stage=dp_traceback_max_batch work_items=16 parallel_selected=true measured_activity=null
[DP-DIAGNOSTIC] subject=0 consumed=59087 fallback=0 scratch_count=4 scratch_creation_seconds=0.000005327 scratch_initial=[9600, 9600, 9600, 9600] scratch_final=[5054143, 5068791, 3797454, 4082978] batches=[(0, 16, 0.06137876, [(4, (0, 0.060282492, 0.000199299, 0.060482284)), (4, (1, 0.050641817, 0.000318653, 0.050961199)), (4, (2, 0.060035265, 0.000296708, 0.060332456)), (4, (3, 0.060770334, 0.000409132, 0.061179973))]), (16, 9, 0.010504318, [(3, (0, 0.010489442, 1.2561e-5, 0.010502292)), (2, (1, 0.009148187, 7.5785e-5, 0.009224356)), (2, (2, 0.007205634, 2.9476e-5, 0.007235469)), (2, (3, 0.009166224, 7.6139e-5, 0.009243057))]), (32, 10, 0.004034623, [(3, (0, 0.002424065, 1.4087e-5, 0.002438444)), (3, (1, 0.003956621, 4.8685e-5, 0.004005555)), (2, (2, 0.001752112, 2.8877e-5, 0.001781222)), (2, (3, 0.001595489, 9.2332e-5, 0.00168816))]), (48, 14, 0.00400527, [(4, (0, 0.003208964, 1.1208e-5, 0.003220447)), (4, (1, 0.003910852, 6.3383e-5, 0.00397459)), (3, (2, 0.003524334, 5.9014e-5, 0.003583602)), (3, (3, 0.002312586, 6.3599e-5, 0.002376531))]), (64, 14, 0.003171281, [(4, (0, 0.003021655, 1.0159e-5, 0.003032014)), (4, (1, 0.002941331, 0.00020167, 0.003143337)), (3, (2, 0.002476497, 7.6186e-5, 0.002552917)), (3, (3, 0.002707208, 8.4956e-5, 0.002792363))]), (80, 14, 0.002448211, [(4, (0, 0.001945683, 1.1085e-5, 0.001956986)), (4, (1, 0.002383441, 3.5811e-5, 0.002419699)), (3, (2, 0.001402756, 0.000132494, 0.001535597)), (3, (3, 0.001874001, 0.000182434, 0.002056904))]), (96, 16, 0.00313135, [(4, (0, 0.00255693, 3.309e-6, 0.002560485)), (4, (1, 0.003007568, 4.7713e-5, 0.003055721)), (4, (2, 0.003088872, 3.8162e-5, 0.003127545)), (4, (3, 0.003002358, 9.9301e-5, 0.003102049))]), (112, 16, 0.003270029, [(4, (0, 0.00276557, 4.029e-6, 0.002769783)), (4, (1, 0.00312363, 0.000101003, 0.003224902)), (4, (2, 0.00303688, 9.1718e-5, 0.003128937)), (4, (3, 0.002631316, 0.000224621, 0.002856273))]), (128, 11, 0.001879801, [(3, (0, 0.001714888, 1.3504e-5, 0.001728645)), (3, (1, 0.001797489, 5.6243e-5, 0.001853974)), (3, (2, 0.001527551, 2.655e-5, 0.001554346)), (2, (3, 0.001292932, 5.375e-5, 0.001347051))]), (144, 16, 0.002187082, [(4, (0, 0.001592064, 1.0672e-5, 0.00160294)), (4, (1, 0.001782885, 2.4539e-5, 0.001807678)), (4, (2, 0.001967281, 4.1811e-5, 0.002009393)), (4, (3, 0.001969514, 0.000173654, 0.002143557))]), (160, 14, 0.006959136, [(4, (0, 0.002342006, 3.832e-6, 0.002346052)), (4, (1, 0.006906283, 2.1374e-5, 0.006927953)), (3, (2, 0.001359313, 5.363e-6, 0.00136491)), (3, (3, 0.001574672, 2.8433e-5, 0.00160347))]), (176, 8, 0.001774762, [(2, (0, 0.000671868, 1.2464e-5, 0.000684593)), (2, (1, 0.001019283, 0.000153385, 0.001173017)), (2, (2, 0.001706645, 2.7639e-5, 0.001734499)), (2, (3, 0.001324369, 0.000105664, 0.00143034))]), (192, 7, 0.001798545, [(2, (0, 0.000880147, 1.3352e-5, 0.000893757)), (2, (1, 0.00131977, 5.0924e-5, 0.001370947)), (2, (2, 0.00174877, 2.5085e-5, 0.001774044)), (1, (3, 0.000964069, 7.6072e-5, 0.00104048))]), (208, 5, 0.000956245, [(2, (0, 0.000942944, 1.2404e-5, 0.000955564)), (1, (1, 0.000459543, 2.5722e-5, 0.00048546)), (1, (2, 0.000664143, 8.4123e-5, 0.000748544)), (1, (3, 0.000520266, 8.9599e-5, 0.000610151))]), (224, 8, 0.001438329, [(2, (0, 0.000541061, 1.1861e-5, 0.00055315)), (2, (1, 0.00069753, 8.4063e-5, 0.000781847)), (2, (2, 0.001194611, 7.0511e-5, 0.001265472)), (2, (3, 0.001287264, 0.000104929, 0.001392433))]), (240, 7, 0.001226435, [(2, (0, 0.000969138, 2.0071e-5, 0.000989451)), (2, (1, 0.001184724, 1.432e-5, 0.001199258)), (2, (2, 0.001037337, 2.7402e-5, 0.001065149)), (1, (3, 0.000690773, 2.6583e-5, 0.000717542))]), (256, 12, 0.001431236, [(3, (0, 0.001105641, 1.3073e-5, 0.001118945)), (3, (1, 0.001018768, 8.6662e-5, 0.001105709)), (3, (2, 0.001385833, 1.3937e-5, 0.001399961)), (3, (3, 0.001210926, 1.7187e-5, 0.001228332))]), (272, 11, 0.001484843, [(3, (0, 0.001127511, 1.3057e-5, 0.00114078)), (3, (1, 0.001414769, 4.2571e-5, 0.001457667)), (3, (2, 0.001091059, 2.5935e-5, 0.001117188)), (2, (3, 0.000823236, 8.3684e-5, 0.000907133))]), (288, 10, 0.001386156, [(3, (0, 0.001064191, 1.1755e-5, 0.00107617)), (3, (1, 0.001320052, 2.8622e-5, 0.00134891)), (2, (2, 0.001103321, 4.2954e-5, 0.001146519)), (2, (3, 0.000871519, 8.2494e-5, 0.000954343))]), (304, 11, 0.001540993, [(3, (0, 0.001296357, 3.971e-6, 0.00130051)), (3, (1, 0.000839295, 2.7991e-5, 0.000867517)), (3, (2, 0.001502354, 1.6942e-5, 0.001519551)), (2, (3, 0.00083905, 3.9746e-5, 0.000879053))]), (320, 15, 0.002467138, [(4, (0, 0.001753106, 1.0805e-5, 0.001764129)), (4, (1, 0.00202624, 3.6081e-5, 0.002062545)), (4, (2, 0.002378996, 2.5185e-5, 0.002404358)), (3, (3, 0.001622621, 0.000135148, 0.001758147))]), (336, 14, 0.003661297, [(4, (0, 0.002910923, 4.257e-6, 0.00291533)), (4, (1, 0.003447352, 0.000182805, 0.00363051)), (3, (2, 0.001749211, 7.2296e-5, 0.001821841)), (3, (3, 0.001947971, 7.7919e-5, 0.002026065))]), (352, 16, 0.003274562, [(4, (0, 0.001671018, 1.3248e-5, 0.001684479)), (4, (1, 0.002654429, 2.6623e-5, 0.002681241)), (4, (2, 0.002190248, 0.00011648, 0.002307023)), (4, (3, 0.002934474, 0.000165437, 0.003100311))]), (368, 15, 0.003164068, [(4, (0, 0.001895238, 5.174e-6, 0.001900567)), (4, (1, 0.003047502, 7.8903e-5, 0.003126752)), (4, (2, 0.002189606, 3.3249e-5, 0.00222306)), (3, (3, 0.001881305, 5.0062e-5, 0.001931714))]), (384, 13, 0.00244685, [(4, (0, 0.002433053, 1.2802e-5, 0.002446028)), (3, (1, 0.00174657, 0.000112433, 0.001859294)), (3, (2, 0.001128049, 2.4792e-5, 0.001153056)), (3, (3, 0.00108215, 0.000129258, 0.001211734))]), (400, 15, 0.007108439, [(4, (0, 0.001329268, 1.2069e-5, 0.00134154)), (4, (1, 0.006946383, 0.000114179, 0.007061059)), (4, (2, 0.001484801, 3.5868e-5, 0.001520895)), (3, (3, 0.001121171, 0.000128217, 0.001249716))]), (416, 15, 0.002161885, [(4, (0, 0.002146926, 1.3756e-5, 0.002160939)), (4, (1, 0.001898724, 5.2505e-5, 0.001951596)), (4, (2, 0.002014401, 2.7415e-5, 0.002042082)), (3, (3, 0.001896256, 4.7892e-5, 0.001944683))]), (432, 16, 0.001959405, [(4, (0, 0.001944727, 1.3635e-5, 0.001958623)), (4, (1, 0.001378729, 0.000161562, 0.001540671)), (4, (2, 0.001658241, 2.6318e-5, 0.001684788)), (4, (3, 0.001429285, 4.2568e-5, 0.001472122))]), (448, 15, 0.002057675, [(4, (0, 0.001477317, 1.2121e-5, 0.001489678)), (4, (1, 0.001993782, 3.723e-5, 0.002031246)), (4, (2, 0.001941429, 2.633e-5, 0.001967935)), (3, (3, 0.001026715, 0.000155979, 0.00118304))]), (464, 8, 0.000857547, [(2, (0, 0.000622322, 1.5222e-5, 0.000637763)), (2, (1, 0.000614984, 5.085e-5, 0.000666165)), (2, (2, 0.000805431, 3.0312e-5, 0.000835962)), (2, (3, 0.000552828, 0.00022306, 0.000776239))]), (480, 6, 0.000904586, [(2, (0, 0.000468766, 4.496e-6, 0.000473456)), (2, (1, 0.000809751, 7.1165e-5, 0.000881118)), (1, (2, 0.000323485, 2.8625e-5, 0.000352305)), (1, (3, 0.000519058, 7.8058e-5, 0.000600339))]), (496, 11, 0.001121294, [(3, (0, 0.000767186, 4.931e-6, 0.000772313)), (3, (1, 0.000964553, 0.000125001, 0.001089905)), (3, (2, 0.000915956, 6.319e-6, 0.000922479)), (2, (3, 0.000741175, 1.4746e-5, 0.000756185))]), (512, 10, 0.00113075, [(3, (0, 0.000631217, 4.783e-6, 0.000636183)), (3, (1, 0.000963918, 0.000139802, 0.00110406)), (2, (2, 0.000752827, 6.032e-6, 0.000759053)), (2, (3, 0.000646772, 7.8684e-5, 0.000725767))]), (528, 14, 0.003812098, [(4, (0, 0.001153833, 1.0977e-5, 0.001165017)), (4, (1, 0.001123256, 2.3054e-5, 0.001146507)), (3, (2, 0.003732178, 3.8028e-5, 0.003770401)), (3, (3, 0.001012084, 0.0001627, 0.001175096))]), (544, 13, 0.001403547, [(4, (0, 0.001202491, 5.1736e-5, 0.001254447)), (3, (1, 0.001174366, 9.5613e-5, 0.001270165)), (3, (2, 0.000884751, 8.286e-5, 0.000967941)), (3, (3, 0.001186453, 0.000187161, 0.001373974))]), (560, 15, 0.001798219, [(4, (0, 0.001171154, 1.3018e-5, 0.001184544)), (4, (1, 0.001199625, 4.8464e-5, 0.001248398)), (4, (2, 0.001739956, 3.5069e-5, 0.001775327)), (3, (3, 0.000940423, 4.3024e-5, 0.000983654))]), (576, 12, 0.00108344, [(3, (0, 0.000674246, 4.251e-6, 0.000678728)), (3, (1, 0.000814458, 6.298e-5, 0.000877644)), (3, (2, 0.000886857, 5.5642e-5, 0.000942829)), (3, (3, 0.00084546, 0.000189347, 0.001035114))]), (592, 16, 0.00151855, [(4, (0, 0.001261541, 3.505e-6, 0.001265231)), (4, (1, 0.00143024, 1.7198e-5, 0.001447625)), (4, (2, 0.00109225, 4.867e-6, 0.001097392)), (4, (3, 0.001294752, 5.4793e-5, 0.001349769))]), (608, 15, 0.001622478, [(4, (0, 0.001201191, 1.6451e-5, 0.001217891)), (4, (1, 0.00155901, 3.4932e-5, 0.001594138)), (4, (2, 0.001529549, 3.1938e-5, 0.001562907)), (3, (3, 0.001093311, 3.0767e-5, 0.001124325))]), (624, 15, 0.001701205, [(4, (0, 0.001262837, 1.1278e-5, 0.001274912)), (4, (1, 0.001611894, 4.5473e-5, 0.001657572)), (4, (2, 0.001528019, 3.7179e-5, 0.001565444)), (3, (3, 0.001137304, 0.000248825, 0.001386447))]), (640, 15, 0.001705415, [(4, (0, 0.001281238, 1.2551e-5, 0.001294051)), (4, (1, 0.001650594, 2.6645e-5, 0.001677564)), (4, (2, 0.00139516, 3.8923e-5, 0.00143431)), (3, (3, 0.000793608, 9.6204e-5, 0.000890129))]), (656, 16, 0.001821956, [(4, (0, 0.001569624, 4.185e-6, 0.001573983)), (4, (1, 0.00153079, 7.6877e-5, 0.00160792)), (4, (2, 0.001724823, 7.5837e-5, 0.00180087)), (4, (3, 0.001404021, 0.000164142, 0.001568467))]), (672, 15, 0.001381589, [(4, (0, 0.001376394, 4.311e-6, 0.00138088)), (4, (1, 0.001319235, 4.7011e-5, 0.001366557)), (4, (2, 0.001316552, 1.26e-5, 0.001329356)), (3, (3, 0.001100022, 2.2855e-5, 0.001123255))]), (688, 14, 0.00133117, [(4, (0, 0.001120224, 1.0993e-5, 0.001131448)), (4, (1, 0.001129759, 0.000172515, 0.001302689)), (3, (2, 0.000898483, 2.6102e-5, 0.000924772)), (3, (3, 0.001002905, 4.0085e-5, 0.00104324))]), (704, 16, 0.001860102, [(4, (0, 0.001126115, 1.7813e-5, 0.001144143)), (4, (1, 0.001724845, 2.2996e-5, 0.001748035)), (4, (2, 0.00140786, 7.4565e-5, 0.001482682)), (4, (3, 0.001554229, 0.00015715, 0.00171171))]), (720, 15, 0.001763379, [(4, (0, 0.00138623, 1.2479e-5, 0.001398933)), (4, (1, 0.001701366, 3.5065e-5, 0.001736736)), (4, (2, 0.001147939, 2.5874e-5, 0.001174014)), (3, (3, 0.000977681, 8.358e-5, 0.001061603))]), (736, 13, 0.001721294, [(4, (0, 0.001391747, 1.3562e-5, 0.001405496)), (3, (1, 0.001184843, 9.3413e-5, 0.001278602)), (3, (2, 0.000949727, 2.5629e-5, 0.000975569)), (3, (3, 0.001499865, 0.000145361, 0.001645665))]), (752, 14, 0.001397081, [(4, (0, 0.001066954, 1.2343e-5, 0.001079495)), (4, (1, 0.001352098, 2.2408e-5, 0.001374685)), (3, (2, 0.001246981, 7.7712e-5, 0.001325012)), (3, (3, 0.001215908, 0.000100156, 0.00131639))]), (768, 16, 0.001852113, [(4, (0, 0.001493323, 1.2513e-5, 0.001506027)), (4, (1, 0.001784234, 4.4188e-5, 0.001828628)), (4, (2, 0.001522314, 2.5266e-5, 0.0015478)), (4, (3, 0.001549321, 0.000118026, 0.001667692))]), (784, 16, 0.001568642, [(4, (0, 0.001298289, 1.4291e-5, 0.001312736)), (4, (1, 0.001422636, 0.000114807, 0.00153778)), (4, (2, 0.001370196, 2.7251e-5, 0.00139762)), (4, (3, 0.001132598, 5.9269e-5, 0.001192188))]), (800, 16, 0.002091107, [(4, (0, 0.001230702, 1.1223e-5, 0.001242135)), (4, (1, 0.001785446, 2.3198e-5, 0.001808876)), (4, (2, 0.001780155, 9.874e-5, 0.001879223)), (4, (3, 0.001886165, 0.000159958, 0.002046442))]), (816, 16, 0.001510797, [(4, (0, 0.001213189, 1.1167e-5, 0.001224635)), (4, (1, 0.001399497, 2.5438e-5, 0.001425102)), (4, (2, 0.001305273, 3.6582e-5, 0.001342026)), (4, (3, 0.001317083, 0.000142311, 0.001459713))]), (832, 16, 0.001652271, [(4, (0, 0.001645898, 5.428e-6, 0.001651493)), (4, (1, 0.001337852, 1.8324e-5, 0.001356398)), (4, (2, 0.001139192, 1.0052e-5, 0.001149564)), (4, (3, 0.001304727, 9.3114e-5, 0.001398163))]), (848, 16, 0.001830251, [(4, (0, 0.00118214, 1.1683e-5, 0.001194029)), (4, (1, 0.00154892, 4.3624e-5, 0.001592777)), (4, (2, 0.001593984, 2.6936e-5, 0.001621173)), (4, (3, 0.001637036, 0.000153627, 0.001791012))]), (864, 16, 0.001620392, [(4, (0, 0.001109719, 1.9043e-5, 0.001128977)), (4, (1, 0.001295497, 4.8042e-5, 0.00134382)), (4, (2, 0.001562129, 3.2818e-5, 0.00159513)), (4, (3, 0.001341516, 9.0976e-5, 0.001432854))]), (880, 16, 0.001799417, [(4, (0, 0.001219678, 1.1855e-5, 0.001231738)), (4, (1, 0.001735198, 2.8161e-5, 0.001763576)), (4, (2, 0.001308144, 9.5774e-5, 0.001404242)), (4, (3, 0.001429606, 0.000124043, 0.001553983))]), (896, 16, 0.001591916, [(4, (0, 0.001385842, 1.5788e-5, 0.001402008)), (4, (1, 0.00129279, 9.1374e-5, 0.001384503)), (4, (2, 0.001264215, 0.000117608, 0.001382061)), (4, (3, 0.001438855, 0.00011909, 0.001558355))]), (912, 16, 0.001591518, [(4, (0, 0.00125362, 1.3643e-5, 0.001267481)), (4, (1, 0.001397819, 0.000162213, 0.001561233)), (4, (2, 0.001367946, 4.6068e-5, 0.001414356)), (4, (3, 0.001402697, 4.467e-5, 0.00144758))]), (928, 16, 0.002174389, [(4, (0, 0.001321702, 1.3008e-5, 0.001334929)), (4, (1, 0.001205117, 2.6194e-5, 0.00123155)), (4, (2, 0.001283008, 0.000127083, 0.00141311)), (4, (3, 0.001864267, 0.000225658, 0.002090357))]), (944, 16, 0.001714686, [(4, (0, 0.00151911, 1.3144e-5, 0.001532496)), (4, (1, 0.001342059, 8.3411e-5, 0.001425787)), (4, (2, 0.001630102, 6.0096e-5, 0.001690667)), (4, (3, 0.001528585, 6.363e-5, 0.001592535))]), (960, 16, 0.001973065, [(4, (0, 0.001239143, 1.1822e-5, 0.001251208)), (4, (1, 0.001390791, 2.7737e-5, 0.00141905)), (4, (2, 0.001376169, 4.5483e-5, 0.001421902)), (4, (3, 0.00179823, 0.000122125, 0.001920868))]), (976, 16, 0.001811149, [(4, (0, 0.001802777, 6.512e-6, 0.00180966)), (4, (1, 0.00169604, 3.7928e-5, 0.00173434)), (4, (2, 0.001389222, 1.581e-5, 0.001405401)), (4, (3, 0.00119521, 4.1764e-5, 0.001237276))]), (992, 15, 0.001523063, [(4, (0, 0.001238227, 1.5977e-5, 0.001254474)), (4, (1, 0.00141576, 5.2499e-5, 0.001468658)), (4, (2, 0.001322923, 3.6569e-5, 0.001359759)), (3, (3, 0.001002564, 7.4077e-5, 0.001076963))]), (1008, 16, 0.001479344, [(4, (0, 0.001203235, 6.953e-6, 0.00121042)), (4, (1, 0.001265124, 7.8592e-5, 0.00134406)), (4, (2, 0.001286583, 2.3907e-5, 0.001311237)), (4, (3, 0.001361855, 7.8556e-5, 0.00144062))]), (1024, 16, 0.001840344, [(4, (0, 0.001277262, 1.3569e-5, 0.00129109)), (4, (1, 0.001626547, 3.6211e-5, 0.001663017)), (4, (2, 0.001789079, 2.6107e-5, 0.001815434)), (4, (3, 0.001210457, 9.2564e-5, 0.00130335))]), (1040, 16, 0.001806322, [(4, (0, 0.001163462, 1.3359e-5, 0.001177065)), (4, (1, 0.001287634, 5.9742e-5, 0.001347721)), (4, (2, 0.001176003, 3.8016e-5, 0.001214257)), (4, (3, 0.001665757, 6.3252e-5, 0.001729212))]), (1056, 16, 0.001582827, [(4, (0, 0.001209429, 5.911e-6, 0.001215537)), (4, (1, 0.001464146, 4.7459e-5, 0.001511772)), (4, (2, 0.001507839, 5.2765e-5, 0.001561597)), (4, (3, 0.001478163, 8.7413e-5, 0.0015658))]), (1072, 16, 0.001512003, [(4, (0, 0.001496603, 1.4334e-5, 0.001511144)), (4, (1, 0.001328522, 0.000111045, 0.001439804)), (4, (2, 0.001366803, 2.9977e-5, 0.001397006)), (4, (3, 0.001355769, 0.000114302, 0.001470269))]), (1088, 15, 0.003184508, [(4, (0, 0.001268848, 1.5315e-5, 0.001284379)), (4, (1, 0.001782039, 4.6957e-5, 0.001829192)), (4, (2, 0.003104319, 2.7056e-5, 0.003131652)), (3, (3, 0.001149268, 4.1479e-5, 0.001190963))]), (1104, 16, 0.001760761, [(4, (0, 0.001203271, 1.6968e-5, 0.001220532)), (4, (1, 0.001410345, 5.2541e-5, 0.001463085)), (4, (2, 0.001711207, 2.8706e-5, 0.001740125)), (4, (3, 0.001255499, 0.000170547, 0.001426362))]), (1120, 16, 0.001594521, [(4, (0, 0.001580898, 1.2561e-5, 0.001593704)), (4, (1, 0.001325693, 8.7677e-5, 0.001413832)), (4, (2, 0.001312123, 2.4649e-5, 0.001336942)), (4, (3, 0.001491174, 3.813e-5, 0.001529481))]), (1136, 16, 0.001621068, [(4, (0, 0.001257353, 1.3241e-5, 0.001270818)), (4, (1, 0.00145187, 3.8194e-5, 0.001490274)), (4, (2, 0.001397966, 2.51e-5, 0.001423253)), (4, (3, 0.001475377, 0.000111172, 0.001587088))]), (1152, 16, 0.001473447, [(4, (0, 0.001411728, 1.4016e-5, 0.001425987)), (4, (1, 0.001235718, 9.8219e-5, 0.001334313)), (4, (2, 0.001206923, 2.5895e-5, 0.001233005)), (4, (3, 0.001287265, 0.000149948, 0.001437587))]), (1168, 16, 0.00167601, [(4, (0, 0.001283165, 3.0778e-5, 0.001314174)), (4, (1, 0.001490312, 0.000144572, 0.001635226)), (4, (2, 0.001302162, 7.788e-5, 0.001380225)), (4, (3, 0.00117929, 0.000109099, 0.001288731))]), (1184, 16, 0.001656685, [(4, (0, 0.001229097, 1.3793e-5, 0.001243147)), (4, (1, 0.001500681, 0.000126172, 0.001627197)), (4, (2, 0.00134468, 2.7229e-5, 0.001372125)), (4, (3, 0.001431536, 0.000134421, 0.001566329))]), (1200, 16, 0.002022919, [(4, (0, 0.001250448, 1.2601e-5, 0.001263295)), (4, (1, 0.00123241, 6.7585e-5, 0.001300316)), (4, (2, 0.001767675, 2.2365e-5, 0.001790267)), (4, (3, 0.001885488, 6.7944e-5, 0.001953767))]), (1216, 16, 0.001522997, [(4, (0, 0.001361793, 1.5289e-5, 0.001377539)), (4, (1, 0.001401533, 4.5128e-5, 0.001446984)), (4, (2, 0.001364525, 2.9373e-5, 0.001394118)), (4, (3, 0.001373586, 9.9408e-5, 0.001473943))]), (1232, 15, 0.001513032, [(4, (0, 0.00105524, 1.4175e-5, 0.001069703)), (4, (1, 0.001322843, 6.0351e-5, 0.001383498)), (4, (2, 0.001225009, 2.7359e-5, 0.001252644)), (3, (3, 0.001287513, 0.000119825, 0.00140766))]), (1248, 15, 0.001487154, [(4, (0, 0.001072478, 3.0979e-5, 0.001103704)), (4, (1, 0.001368372, 4.3137e-5, 0.001411919)), (4, (2, 0.001192706, 1.3461e-5, 0.001206502)), (3, (3, 0.000929812, 2.1181e-5, 0.000954591))]), (1264, 16, 0.00166996, [(4, (0, 0.001224682, 7.298e-6, 0.00123218)), (4, (1, 0.001366831, 3.0698e-5, 0.001397764)), (4, (2, 0.001182558, 2.0122e-5, 0.00120289)), (4, (3, 0.001479177, 0.000150126, 0.001629663))]), (1280, 16, 0.001550464, [(4, (0, 0.001277535, 6.678e-6, 0.001284408)), (4, (1, 0.001422059, 9.2262e-5, 0.001514543)), (4, (2, 0.001378534, 8.2296e-5, 0.00146116)), (4, (3, 0.001346374, 8.7801e-5, 0.001434355))]), (1296, 16, 0.001504467, [(4, (0, 0.001191817, 1.4048e-5, 0.001206134)), (4, (1, 0.001309982, 3.6984e-5, 0.001347152)), (4, (2, 0.001211185, 2.5768e-5, 0.001237146)), (4, (3, 0.001357774, 9.4872e-5, 0.001452979))]), (1312, 16, 0.001515492, [(4, (0, 0.001167617, 1.6075e-5, 0.001184008)), (4, (1, 0.001339545, 4.4442e-5, 0.00138422)), (4, (2, 0.001400742, 3.0659e-5, 0.001431575)), (4, (3, 0.001432072, 5.1844e-5, 0.001484321))]), (1328, 16, 0.001546359, [(4, (0, 0.001372058, 7.665e-6, 0.001379969)), (4, (1, 0.001368655, 2.8481e-5, 0.001397327)), (4, (2, 0.001292915, 1.7755e-5, 0.001310834)), (4, (3, 0.001470795, 3.667e-5, 0.001507704))]), (1344, 16, 0.00145853, [(4, (0, 0.001363671, 9.1957e-5, 0.00145716)), (4, (1, 0.00129979, 2.6694e-5, 0.001326817)), (4, (2, 0.001218571, 1.4216e-5, 0.001232973)), (4, (3, 0.001306285, 2.6272e-5, 0.001332812))]), (1360, 16, 0.001597845, [(4, (0, 0.001577328, 1.9452e-5, 0.001597061)), (4, (1, 0.001383945, 0.000152695, 0.001536978)), (4, (2, 0.00118483, 3.2829e-5, 0.001217862)), (4, (3, 0.00139783, 4.3547e-5, 0.001441573))]), (1376, 15, 0.002071404, [(4, (0, 0.001366917, 1.4277e-5, 0.001381408)), (4, (1, 0.001947523, 9.5368e-5, 0.002043213)), (4, (2, 0.001474513, 2.6687e-5, 0.001501382)), (3, (3, 0.001100662, 4.1441e-5, 0.001142298))]), (1392, 16, 0.00164744, [(4, (0, 0.001306628, 1.3871e-5, 0.001320905)), (4, (1, 0.001510135, 4.2222e-5, 0.001552637)), (4, (2, 0.001597402, 2.6605e-5, 0.001624222)), (4, (3, 0.001392472, 0.000159872, 0.001552657))]), (1408, 16, 0.002201647, [(4, (0, 0.001424751, 6.437e-6, 0.001431371)), (4, (1, 0.002095239, 7.8242e-5, 0.002173767)), (4, (2, 0.001486582, 4.5327e-5, 0.001532241)), (4, (3, 0.001251256, 0.000138582, 0.001390074))]), (1424, 16, 0.001607716, [(4, (0, 0.001299403, 1.5172e-5, 0.001314805)), (4, (1, 0.001459878, 0.000120008, 0.001580199)), (4, (2, 0.001348254, 2.8034e-5, 0.001376501)), (4, (3, 0.001209476, 0.000213592, 0.00142338))]), (1440, 16, 0.001608511, [(4, (0, 0.001317615, 1.4816e-5, 0.001332668)), (4, (1, 0.001340475, 3.023e-5, 0.00137096)), (4, (2, 0.001241047, 8.3612e-5, 0.001324983)), (4, (3, 0.001461589, 0.000112914, 0.00157497))]), (1456, 16, 0.001615369, [(4, (0, 0.001332542, 1.2597e-5, 0.001345353)), (4, (1, 0.001376327, 0.000208313, 0.001584975)), (4, (2, 0.001373011, 2.4452e-5, 0.001397679)), (4, (3, 0.001262565, 9.854e-5, 0.001361382))]), (1472, 16, 0.001417017, [(4, (0, 0.001070944, 1.2826e-5, 0.001084001)), (4, (1, 0.001246258, 3.6417e-5, 0.001282936)), (4, (2, 0.001369752, 2.5392e-5, 0.001395405)), (4, (3, 0.001110622, 9.2675e-5, 0.001203638))]), (1488, 15, 0.001697994, [(4, (0, 0.001235529, 1.3162e-5, 0.001248891)), (4, (1, 0.001332941, 0.000126896, 0.001460176)), (4, (2, 0.001577996, 2.5409e-5, 0.001603624)), (3, (3, 0.000890896, 3.6446e-5, 0.00092753))]), (1504, 15, 0.001686053, [(4, (0, 0.001269457, 1.8759e-5, 0.001288499)), (4, (1, 0.001571097, 8.2607e-5, 0.00165402)), (4, (2, 0.001401938, 2.9961e-5, 0.001432092)), (3, (3, 0.001278034, 4.4336e-5, 0.001322713))]), (1520, 16, 0.001686941, [(4, (0, 0.0014999, 1.4813e-5, 0.001515117)), (4, (1, 0.001525837, 3.1261e-5, 0.001557321)), (4, (2, 0.001480833, 5.1285e-5, 0.001532492)), (4, (3, 0.001514893, 0.000111061, 0.001627088))]), (1536, 15, 0.001369274, [(4, (0, 0.001353297, 1.4863e-5, 0.00136845)), (4, (1, 0.001258829, 0.000101312, 0.001360483)), (4, (2, 0.001318986, 2.9039e-5, 0.001348414)), (3, (3, 0.000997327, 4.0975e-5, 0.001038527))]), (1552, 16, 0.002139524, [(4, (0, 0.00131147, 1.365e-5, 0.001325578)), (4, (1, 0.001425939, 3.9484e-5, 0.001465646)), (4, (2, 0.001619537, 2.5947e-5, 0.001645746)), (4, (3, 0.001962747, 9.4908e-5, 0.002057987))]), (1568, 16, 0.001861912, [(4, (0, 0.00167108, 1.4482e-5, 0.001685804)), (4, (1, 0.001812065, 2.6582e-5, 0.00183891)), (4, (2, 0.00158529, 3.1881e-5, 0.001617447)), (4, (3, 0.001243653, 0.000121235, 0.001365218))]), (1584, 16, 0.001659338, [(4, (0, 0.001112317, 1.4538e-5, 0.001127072)), (4, (1, 0.001467299, 0.000160142, 0.001627869)), (4, (2, 0.001427057, 2.9912e-5, 0.001457181)), (4, (3, 0.001240623, 5.8828e-5, 0.00129977))]), (1600, 16, 0.001654137, [(4, (0, 0.001169357, 7.797e-6, 0.001177333)), (4, (1, 0.001523982, 6.3077e-5, 0.001587246)), (4, (2, 0.001292854, 5.4289e-5, 0.001347401)), (4, (3, 0.001207228, 0.000122317, 0.00132989))]), (1616, 15, 0.001461126, [(4, (0, 0.001190088, 7.138e-6, 0.001197428)), (4, (1, 0.001389677, 5.0278e-5, 0.001440148)), (4, (2, 0.001389864, 4.1043e-5, 0.001431209)), (3, (3, 0.000981735, 0.000170614, 0.001152671))]), (1632, 14, 0.002046267, [(4, (0, 0.001677866, 1.3432e-5, 0.001691478)), (4, (1, 0.001986395, 3.7086e-5, 0.002023703)), (3, (2, 0.001053794, 2.5363e-5, 0.001079346)), (3, (3, 0.000990939, 9.611e-5, 0.001087427))]), (1648, 15, 0.001853617, [(4, (0, 0.00183753, 1.4836e-5, 0.001852566)), (4, (1, 0.001456898, 2.1469e-5, 0.001478562)), (4, (2, 0.001532337, 5.2932e-5, 0.001585723)), (3, (3, 0.00140603, 8.4803e-5, 0.001491304))]), (1664, 16, 0.001853746, [(4, (0, 0.001353409, 1.5131e-5, 0.001368743)), (4, (1, 0.001703819, 9.2262e-5, 0.001796301)), (4, (2, 0.00134206, 2.9707e-5, 0.00137195)), (4, (3, 0.001284891, 0.000137325, 0.001422509))]), (1680, 16, 0.00168111, [(4, (0, 0.00118967, 1.4766e-5, 0.001204649)), (4, (1, 0.001302901, 9.1018e-5, 0.001394129)), (4, (2, 0.001382508, 2.7968e-5, 0.001410676)), (4, (3, 0.001559982, 4.4019e-5, 0.001604243))]), (1696, 16, 0.001948281, [(4, (0, 0.001454302, 1.6531e-5, 0.001471232)), (4, (1, 0.001682473, 3.9116e-5, 0.001721925)), (4, (2, 0.001547276, 4.9742e-5, 0.001597351)), (4, (3, 0.001796344, 0.000104373, 0.001901154))]), (1712, 16, 0.001406475, [(4, (0, 0.001125424, 1.6036e-5, 0.001141707)), (4, (1, 0.001215094, 5.6852e-5, 0.001272265)), (4, (2, 0.001275581, 3.0043e-5, 0.001305865)), (4, (3, 0.001322044, 4.6448e-5, 0.001368852))]), (1728, 16, 0.001590903, [(4, (0, 0.001213568, 1.7767e-5, 0.001231654)), (4, (1, 0.001310745, 4.7077e-5, 0.001358057)), (4, (2, 0.001528278, 2.8988e-5, 0.001557663)), (4, (3, 0.001382277, 4.0361e-5, 0.001425811))]), (1744, 16, 0.001810616, [(4, (0, 0.001232159, 1.5673e-5, 0.001248051)), (4, (1, 0.001733282, 5.3423e-5, 0.001786959)), (4, (2, 0.001433161, 3.0477e-5, 0.001463867)), (4, (3, 0.001457055, 4.4698e-5, 0.001502153))]), (1760, 16, 0.002260882, [(4, (0, 0.001154077, 8.361e-6, 0.001162653)), (4, (1, 0.002183021, 3.5867e-5, 0.002219334)), (4, (2, 0.001552295, 2.548e-5, 0.001578072)), (4, (3, 0.001516707, 4.3444e-5, 0.001560506))]), (1776, 15, 0.001515832, [(4, (0, 0.001101786, 4.8536e-5, 0.001150556)), (4, (1, 0.001464492, 3.402e-5, 0.001498798)), (4, (2, 0.001478003, 2.2141e-5, 0.001500437)), (3, (3, 0.000890314, 0.000101648, 0.000992243))]), (1792, 13, 0.001315254, [(4, (0, 0.001306636, 7.837e-6, 0.001314662)), (3, (1, 0.00088283, 9.0417e-5, 0.000973468)), (3, (2, 0.000805958, 3.0341e-5, 0.000836554)), (3, (3, 0.001026817, 9.7249e-5, 0.001124294))]), (1808, 16, 0.001652028, [(4, (0, 0.001360866, 1.5373e-5, 0.001376461)), (4, (1, 0.001417517, 8.4376e-5, 0.001502153)), (4, (2, 0.001600252, 3.0088e-5, 0.001630576)), (4, (3, 0.00107572, 0.000145818, 0.001221857))]), (1824, 16, 0.001862008, [(4, (0, 0.001502914, 1.4368e-5, 0.001517504)), (4, (1, 0.001788896, 4.7523e-5, 0.001836734)), (4, (2, 0.001734573, 3.3257e-5, 0.00176803)), (4, (3, 0.001660903, 5.4076e-5, 0.001718264))]), (1840, 15, 0.001910625, [(4, (0, 0.00124016, 1.5772e-5, 0.001256148)), (4, (1, 0.001352979, 4.5552e-5, 0.001398773)), (4, (2, 0.0018572, 3.0543e-5, 0.00188796)), (3, (3, 0.001006665, 5.2932e-5, 0.001059833))]), (1856, 14, 0.001397827, [(4, (0, 0.001049465, 1.4321e-5, 0.001063999)), (4, (1, 0.001321529, 4.9547e-5, 0.001371347)), (3, (2, 0.00107957, 2.6156e-5, 0.001105927)), (3, (3, 0.001187435, 5.5096e-5, 0.001242785))]), (1872, 15, 0.001555233, [(4, (0, 0.001377254, 1.4864e-5, 0.001392352)), (4, (1, 0.001010252, 4.3756e-5, 0.001054221)), (4, (2, 0.001500447, 3.1221e-5, 0.001531984)), (3, (3, 0.001204269, 4.7133e-5, 0.001251761))]), (1888, 12, 0.00121699, [(3, (0, 0.001045682, 1.5416e-5, 0.001061332)), (3, (1, 0.00100875, 3.3059e-5, 0.001042051)), (3, (2, 0.000954472, 5.3928e-5, 0.001008631)), (3, (3, 0.001079564, 9.889e-5, 0.00117867))]), (1904, 15, 0.001465036, [(4, (0, 0.001193195, 6.707e-6, 0.001200104)), (4, (1, 0.001395508, 3.9561e-5, 0.001435385)), (4, (2, 0.001250964, 1.9647e-5, 0.001270848)), (3, (3, 0.000973502, 2.2113e-5, 0.00099587))]), (1920, 15, 0.00225311, [(4, (0, 0.001238348, 1.8626e-5, 0.001257307)), (4, (1, 0.001356298, 8.7262e-5, 0.001443817)), (4, (2, 0.002192521, 3.2901e-5, 0.002225602)), (3, (3, 0.001316685, 9.7184e-5, 0.001414088))]), (1936, 14, 0.002281518, [(4, (0, 0.001248781, 7.872e-6, 0.001256855)), (4, (1, 0.002072532, 0.000136427, 0.002210114)), (3, (2, 0.000825706, 3.9772e-5, 0.0008657)), (3, (3, 0.000982834, 7.9084e-5, 0.001062183))]), (1952, 16, 0.002202952, [(4, (0, 0.001969331, 7.628e-6, 0.001977185)), (4, (1, 0.001892275, 6.8787e-5, 0.001961311)), (4, (2, 0.001424905, 1.896e-5, 0.001444118)), (4, (3, 0.002036289, 0.000123964, 0.002160597))]), (1968, 13, 0.001239563, [(4, (0, 0.001191904, 4.6686e-5, 0.001238799)), (3, (1, 0.0010844, 2.0575e-5, 0.001105171)), (3, (2, 0.000850961, 5.9983e-5, 0.000911165)), (3, (3, 0.001085106, 6.5438e-5, 0.001150804))]), (1984, 15, 0.001537012, [(4, (0, 0.001250605, 1.5704e-5, 0.001266548)), (4, (1, 0.001472008, 4.2043e-5, 0.001514328)), (4, (2, 0.001198738, 2.97e-5, 0.00122867)), (3, (3, 0.000976316, 5.2507e-5, 0.001029072))]), (2000, 15, 0.00176605, [(4, (0, 0.001477192, 6.406e-6, 0.001483765)), (4, (1, 0.001638736, 8.2926e-5, 0.001721863)), (4, (2, 0.001421138, 7.434e-5, 0.001495725)), (3, (3, 0.00115302, 0.000134409, 0.001287717))]), (2016, 11, 0.001589879, [(3, (0, 0.001571492, 1.6935e-5, 0.001588688)), (3, (1, 0.001309449, 4.2139e-5, 0.001351784)), (3, (2, 0.00133294, 2.8898e-5, 0.001362017)), (2, (3, 0.000716931, 4.7394e-5, 0.000764541))]), (2032, 16, 0.001655681, [(4, (0, 0.001633923, 2.072e-5, 0.001654858)), (4, (1, 0.001480932, 4.5698e-5, 0.001526842)), (4, (2, 0.000996015, 3.2197e-5, 0.00102838)), (4, (3, 0.001456076, 6.1123e-5, 0.00151747))]), (2048, 12, 0.001606647, [(3, (0, 0.000888676, 1.8154e-5, 0.000907069)), (3, (1, 0.001445951, 9.4617e-5, 0.00154085)), (3, (2, 0.001030205, 3.0857e-5, 0.001061249)), (3, (3, 0.00092571, 4.2374e-5, 0.000968268))]), (2064, 13, 0.001591063, [(4, (0, 0.001582539, 7.4e-6, 0.001590127)), (3, (1, 0.000824723, 7.7931e-5, 0.000903016)), (3, (2, 0.001318575, 1.4645e-5, 0.001333398)), (3, (3, 0.001165596, 7.9619e-5, 0.001245441))]), (2080, 15, 0.001776151, [(4, (0, 0.00162691, 1.5418e-5, 0.001642511)), (4, (1, 0.001442684, 7.3895e-5, 0.001516823)), (4, (2, 0.001724133, 3.0132e-5, 0.001754454)), (3, (3, 0.001015429, 0.000138671, 0.001154391))]), (2096, 16, 0.001895593, [(4, (0, 0.001371895, 1.4773e-5, 0.001386897)), (4, (1, 0.00144798, 2.559e-5, 0.00147373)), (4, (2, 0.001812784, 6.0814e-5, 0.001873901)), (4, (3, 0.001680882, 6.8859e-5, 0.001749987))]), (2112, 16, 0.001537352, [(4, (0, 0.001103842, 1.5108e-5, 0.001119176)), (4, (1, 0.001471585, 4.1947e-5, 0.001513741)), (4, (2, 0.001302641, 2.6731e-5, 0.001329553)), (4, (3, 0.001289589, 9.3154e-5, 0.001383143))]), (2128, 16, 0.001747752, [(4, (0, 0.001231081, 1.4421e-5, 0.001245726)), (4, (1, 0.001594394, 0.000121061, 0.001716229)), (4, (2, 0.001508104, 2.8315e-5, 0.00153675)), (4, (3, 0.001438846, 0.000122174, 0.001561385))]), (2144, 13, 0.001450042, [(4, (0, 0.001434594, 1.4476e-5, 0.001449301)), (3, (1, 0.001145798, 4.6508e-5, 0.00119252)), (3, (2, 0.001114372, 3.6818e-5, 0.001151631)), (3, (3, 0.001161252, 5.5165e-5, 0.001216797))]), (2160, 13, 0.001450134, [(4, (0, 0.001435072, 1.4058e-5, 0.001449339)), (3, (1, 0.001262678, 9.8493e-5, 0.001364364)), (3, (2, 0.000737114, 7.9846e-5, 0.000817247)), (3, (3, 0.001011022, 9.3619e-5, 0.001104878))]), (2176, 10, 0.00123122, [(3, (0, 0.001213215, 1.7191e-5, 0.001230598)), (3, (1, 0.000931732, 9.7399e-5, 0.001029334)), (2, (2, 0.000942749, 8.202e-5, 0.001025012)), (2, (3, 0.000935273, 0.000138313, 0.001074321))]), (2192, 15, 0.001707325, [(4, (0, 0.00120806, 1.4652e-5, 0.001222917)), (4, (1, 0.001635908, 4.5591e-5, 0.001681758)), (4, (2, 0.001322326, 2.6225e-5, 0.001348728)), (3, (3, 0.001355903, 4.146e-5, 0.001397557))]), (2208, 16, 0.001857257, [(4, (0, 0.001458281, 7.059e-6, 0.001465524)), (4, (1, 0.001568879, 6.7034e-5, 0.001636233)), (4, (2, 0.001711084, 5.5661e-5, 0.00176708)), (4, (3, 0.001750507, 6.2518e-5, 0.001813244))]), (2224, 15, 0.001417785, [(4, (0, 0.001191015, 1.5149e-5, 0.001206578)), (4, (1, 0.001319905, 7.2342e-5, 0.001392553)), (4, (2, 0.001198443, 4.6942e-5, 0.001245637)), (3, (3, 0.001030037, 0.000161862, 0.001192235))]), (2240, 15, 0.001502852, [(4, (0, 0.001431004, 7.293e-6, 0.001438496)), (4, (1, 0.001393983, 8.4328e-5, 0.001478627)), (4, (2, 0.00136924, 3.7529e-5, 0.001407075)), (3, (3, 0.001149546, 6.8382e-5, 0.001218183))]), (2256, 13, 0.001822601, [(4, (0, 0.001253727, 7.548e-6, 0.00126148)), (3, (1, 0.001709131, 8.5396e-5, 0.001794807)), (3, (2, 0.00121942, 2.5617e-5, 0.001245392)), (3, (3, 0.000930116, 0.000111162, 0.001041645))]), (2272, 14, 0.00135565, [(4, (0, 0.0010531, 1.4559e-5, 0.001067859)), (4, (1, 0.001231337, 9.8345e-5, 0.001329905)), (3, (2, 0.00128259, 2.8919e-5, 0.001311814)), (3, (3, 0.001200051, 0.000103168, 0.001303431))]), (2288, 16, 0.00197765, [(4, (0, 0.001236798, 1.5792e-5, 0.001252759)), (4, (1, 0.001831559, 7.8793e-5, 0.001910624)), (4, (2, 0.001387558, 4.4109e-5, 0.001431969)), (4, (3, 0.001368113, 5.5957e-5, 0.001424311))]), (2304, 16, 0.001756973, [(4, (0, 0.001591389, 8.375e-6, 0.001599938)), (4, (1, 0.001560279, 0.000101178, 0.001661677)), (4, (2, 0.00168444, 4.4971e-5, 0.001729766)), (4, (3, 0.001220999, 5.2187e-5, 0.001273386))]), (2320, 14, 0.00134535, [(4, (0, 0.001132308, 1.5056e-5, 0.001147565)), (4, (1, 0.001271922, 4.7251e-5, 0.0013194)), (3, (2, 0.000876148, 3.0906e-5, 0.000907288)), (3, (3, 0.001015364, 5.3858e-5, 0.00106943))]), (2336, 15, 0.00197268, [(4, (0, 0.001345013, 1.4769e-5, 0.001359981)), (4, (1, 0.001774415, 0.000174939, 0.001949569)), (4, (2, 0.001808765, 3.0029e-5, 0.00183899)), (3, (3, 0.001540061, 0.000172827, 0.001713197))]), (2352, 13, 0.001504106, [(4, (0, 0.001182174, 1.3938e-5, 0.00119629)), (3, (1, 0.000966152, 7.8309e-5, 0.001044772)), (3, (2, 0.001002092, 2.5349e-5, 0.001027634)), (3, (3, 0.001315383, 0.000106622, 0.001422365))]), (2368, 13, 0.001452937, [(4, (0, 0.001430285, 2.1571e-5, 0.001452052)), (3, (1, 0.000917859, 5.1452e-5, 0.000969507)), (3, (2, 0.001199479, 3.8859e-5, 0.001238534)), (3, (3, 0.000839201, 6.6637e-5, 0.000906156))]), (2384, 14, 0.00174082, [(4, (0, 0.0011621, 1.4938e-5, 0.001177258)), (4, (1, 0.001592528, 0.000106612, 0.001699418)), (3, (2, 0.000876297, 6.7331e-5, 0.00094384)), (3, (3, 0.000908732, 9.9283e-5, 0.001008259))]), (2400, 15, 0.00194341, [(4, (0, 0.001178923, 1.7438e-5, 0.001196584)), (4, (1, 0.001869995, 4.5349e-5, 0.001915549)), (4, (2, 0.001532755, 3.1066e-5, 0.001564026)), (3, (3, 0.001253339, 5.8669e-5, 0.001312507))]), (2416, 13, 0.001650719, [(4, (0, 0.001624899, 2.4596e-5, 0.001649722)), (3, (1, 0.001071476, 4.4506e-5, 0.001116165)), (3, (2, 0.001154893, 6.7631e-5, 0.001222729)), (3, (3, 0.000941845, 0.000121799, 0.001063939))]), (2432, 16, 0.001560773, [(4, (0, 0.001436778, 1.5501e-5, 0.001452485)), (4, (1, 0.00147547, 5.0773e-5, 0.00152643)), (4, (2, 0.001109344, 3.2185e-5, 0.001141709)), (4, (3, 0.001418696, 9.6816e-5, 0.00151581))]), (2448, 14, 0.001533354, [(4, (0, 0.001418483, 1.54e-5, 0.001434065)), (4, (1, 0.001466946, 4.3491e-5, 0.001510655)), (3, (2, 0.001359607, 2.9413e-5, 0.001389209)), (3, (3, 0.000944703, 0.000100159, 0.001045176))]), (2464, 16, 0.001924266, [(4, (0, 0.001765706, 1.4125e-5, 0.001780009)), (4, (1, 0.001625192, 3.8735e-5, 0.0016641)), (4, (2, 0.00119412, 2.6297e-5, 0.001220599)), (4, (3, 0.001751602, 8.5361e-5, 0.001837585))]), (2480, 16, 0.001823614, [(4, (0, 0.001242054, 1.6662e-5, 0.001258967)), (4, (1, 0.0015248, 4.7277e-5, 0.001572265)), (4, (2, 0.001770045, 3.0082e-5, 0.001800314)), (4, (3, 0.001317445, 5.4032e-5, 0.001371683))]), (2496, 15, 0.001767252, [(4, (0, 0.001751037, 1.5248e-5, 0.001766487)), (4, (1, 0.001474765, 3.7069e-5, 0.001512037)), (4, (2, 0.001713782, 2.7188e-5, 0.001741144)), (3, (3, 0.001028265, 4.4945e-5, 0.00107344))]), (2512, 13, 0.001486161, [(4, (0, 0.001470759, 1.4211e-5, 0.001485183)), (3, (1, 0.001300576, 6.5883e-5, 0.001366977)), (3, (2, 0.001039326, 2.8645e-5, 0.001071883)), (3, (3, 0.001179279, 3.9903e-5, 0.001219443))]), (2528, 15, 0.001544158, [(4, (0, 0.001484319, 1.9694e-5, 0.001504195)), (4, (1, 0.001431763, 8.7152e-5, 0.001519136)), (4, (2, 0.001323994, 3.4094e-5, 0.001358289)), (3, (3, 0.001294641, 8.0992e-5, 0.001375913))]), (2544, 14, 0.001517308, [(4, (0, 0.001209039, 6.019e-6, 0.00121523)), (4, (1, 0.00142988, 6.2162e-5, 0.001492246)), (3, (2, 0.000980886, 5.3733e-5, 0.001035003)), (3, (3, 0.000981761, 6.6777e-5, 0.001048708))]), (2560, 16, 0.001683629, [(4, (0, 0.001068661, 1.3396e-5, 0.001082248)), (4, (1, 0.001329545, 2.8004e-5, 0.001357742)), (4, (2, 0.001469074, 0.000136041, 0.001605366)), (4, (3, 0.001448471, 0.000193088, 0.001641876))]), (2576, 14, 0.001449663, [(4, (0, 0.001150228, 7.604e-6, 0.001158005)), (4, (1, 0.001033536, 7.3386e-5, 0.001107111)), (3, (2, 0.001363533, 6.0461e-5, 0.001424206)), (3, (3, 0.001005212, 6.8803e-5, 0.001074239))]), (2592, 16, 0.001525836, [(4, (0, 0.001299534, 7.565e-6, 0.001307242)), (4, (1, 0.001219224, 6.9686e-5, 0.001289173)), (4, (2, 0.001492094, 1.1232e-5, 0.001503504)), (4, (3, 0.001208575, 6.7544e-5, 0.001276442))]), (2608, 15, 0.001520272, [(4, (0, 0.001246347, 1.4709e-5, 0.001261258)), (4, (1, 0.001206717, 3.8248e-5, 0.001245186)), (4, (2, 0.001472125, 2.7162e-5, 0.001499507)), (3, (3, 0.000901703, 4.3768e-5, 0.000945673))]), (2624, 13, 0.001541115, [(4, (0, 0.001526724, 1.3521e-5, 0.001540439)), (3, (1, 0.000874354, 8.6454e-5, 0.000960989)), (3, (2, 0.000817208, 2.522e-5, 0.000842594)), (3, (3, 0.001273713, 3.6048e-5, 0.001309941))]), (2640, 11, 0.00100974, [(3, (0, 0.000992737, 1.6007e-5, 0.001008934)), (3, (1, 0.000958933, 4.2355e-5, 0.001001489)), (3, (2, 0.000970603, 2.7394e-5, 0.000998193)), (2, (3, 0.000711945, 7.2289e-5, 0.000784766))]), (2656, 14, 0.001640974, [(4, (0, 0.001179393, 1.4674e-5, 0.00119425)), (4, (1, 0.001551438, 5.2779e-5, 0.001604424)), (3, (2, 0.000922741, 2.614e-5, 0.000949056)), (3, (3, 0.001078786, 3.8264e-5, 0.001117228))]), (2672, 16, 0.001388812, [(4, (0, 0.001130776, 1.4898e-5, 0.001145887)), (4, (1, 0.001128263, 3.8005e-5, 0.001166466)), (4, (2, 0.001338498, 2.836e-5, 0.001367074)), (4, (3, 0.001235607, 4.3428e-5, 0.001279254))]), (2688, 16, 0.001356509, [(4, (0, 0.001160918, 1.4882e-5, 0.001176014)), (4, (1, 0.001223476, 3.6685e-5, 0.001260324)), (4, (2, 0.001256623, 2.6548e-5, 0.001283374)), (4, (3, 0.001279306, 4.6563e-5, 0.001326167))]), (2704, 16, 0.001829416, [(4, (0, 0.001137985, 1.4998e-5, 0.001153167)), (4, (1, 0.00157675, 9.6659e-5, 0.001673628)), (4, (2, 0.001772765, 3.1506e-5, 0.001804617)), (4, (3, 0.001719103, 9.3964e-5, 0.001813313))]), (2720, 11, 0.001234449, [(3, (0, 0.000973822, 1.5472e-5, 0.000989484)), (3, (1, 0.001122614, 8.634e-5, 0.001209205)), (3, (2, 0.001057061, 2.8928e-5, 0.0010862)), (2, (3, 0.000707658, 8.2448e-5, 0.000790343))]), (2736, 9, 0.000863085, [(3, (0, 0.000855401, 6.96e-6, 0.000862511)), (2, (1, 0.000756497, 9.8529e-5, 0.000855238)), (2, (2, 0.000533002, 4.6502e-5, 0.000579804)), (2, (3, 0.000618273, 9.139e-5, 0.000709857))]), (2752, 11, 0.001030433, [(3, (0, 0.000740897, 1.4322e-5, 0.000755421)), (3, (1, 0.000912596, 8.6067e-5, 0.000998858)), (3, (2, 0.000863606, 2.9005e-5, 0.0008928)), (2, (3, 0.000447574, 9.3308e-5, 0.000541089))]), (2768, 15, 0.001302114, [(4, (0, 0.001146383, 1.4554e-5, 0.001161141)), (4, (1, 0.001244199, 3.6496e-5, 0.001280891)), (4, (2, 0.001188448, 2.5723e-5, 0.001214342)), (3, (3, 0.001093838, 4.1973e-5, 0.001136169))]), (2784, 15, 0.001390154, [(4, (0, 0.001020317, 1.2829e-5, 0.001033347)), (4, (1, 0.001218035, 0.000144215, 0.001362628)), (4, (2, 0.001263304, 2.4822e-5, 0.001288313)), (3, (3, 0.000897012, 8.0514e-5, 0.000977718))]), (2800, 13, 0.001975835, [(4, (0, 0.001738916, 8.261e-6, 0.001747382)), (3, (1, 0.001839996, 0.000109088, 0.001949392)), (3, (2, 0.001231527, 4.6961e-5, 0.001278665)), (3, (3, 0.001074155, 5.6604e-5, 0.001130968))]), (2816, 10, 0.001235351, [(3, (0, 0.001163135, 6.905e-6, 0.00117022)), (3, (1, 0.00103951, 0.000172949, 0.001212642)), (2, (2, 0.000684311, 0.000166782, 0.000851317)), (2, (3, 0.000760391, 0.000225687, 0.00098634))]), (2832, 16, 0.001479323, [(4, (0, 0.001463839, 1.4433e-5, 0.001478458)), (4, (1, 0.001343788, 2.8293e-5, 0.001372281)), (4, (2, 0.001334561, 4.8102e-5, 0.001382922)), (4, (3, 0.001297526, 5.2231e-5, 0.001349992))]), (2848, 12, 0.002032389, [(3, (0, 0.000950525, 1.4037e-5, 0.000964788)), (3, (1, 0.000990444, 6.3883e-5, 0.001054618)), (3, (2, 0.001002772, 2.909e-5, 0.001032056)), (3, (3, 0.001893974, 6.1448e-5, 0.001955762))]), (2864, 10, 0.000917785, [(3, (0, 0.00079921, 6.026e-6, 0.000805403)), (3, (1, 0.000867823, 2.571e-5, 0.000893752)), (2, (2, 0.000752524, 2.2447e-5, 0.000775175)), (2, (3, 0.000703135, 0.000135852, 0.000839273))]), (2880, 12, 0.001087773, [(3, (0, 0.000674054, 6.43e-6, 0.000680652)), (3, (1, 0.000837048, 0.000217197, 0.001054546)), (3, (2, 0.000812891, 5.7622e-5, 0.000870775)), (3, (3, 0.000753387, 6.6101e-5, 0.000819701))]), (2896, 10, 0.001313198, [(3, (0, 0.001298134, 1.4129e-5, 0.001312466)), (3, (1, 0.001038731, 2.7403e-5, 0.001066336)), (2, (2, 0.000727311, 5.9636e-5, 0.000787249)), (2, (3, 0.000587213, 6.4172e-5, 0.000651631))]), (2912, 15, 0.001499155, [(4, (0, 0.001247087, 1.4175e-5, 0.001261459)), (4, (1, 0.001307212, 0.000166452, 0.001474005)), (4, (2, 0.001268557, 2.563e-5, 0.001294359)), (3, (3, 0.001048851, 0.000203297, 0.001252749))]), (2928, 15, 0.001571812, [(4, (0, 0.001555531, 1.5297e-5, 0.001571033)), (4, (1, 0.001416908, 2.6209e-5, 0.001443312)), (4, (2, 0.001212324, 0.000119588, 0.001332204)), (3, (3, 0.001033864, 0.000159722, 0.001194392))]), (2944, 15, 0.001668917, [(4, (0, 0.001199705, 1.7102e-5, 0.001217012)), (4, (1, 0.001323429, 0.000182905, 0.001506826)), (4, (2, 0.00139699, 2.9064e-5, 0.001426241)), (3, (3, 0.001072517, 0.000164586, 0.001237417))]), (2960, 8, 0.001028721, [(2, (0, 0.000533676, 1.3271e-5, 0.000547151)), (2, (1, 0.000908499, 0.000108037, 0.001016879)), (2, (2, 0.000677753, 2.4218e-5, 0.000702135)), (2, (3, 0.000871725, 0.000110287, 0.000982216))]), (2976, 11, 0.001053573, [(3, (0, 0.000980768, 1.4156e-5, 0.000995131)), (3, (1, 0.000917626, 0.000113846, 0.00103171)), (3, (2, 0.000932742, 2.5882e-5, 0.000958841)), (2, (3, 0.000553178, 0.00011401, 0.000667486))]), (2992, 7, 0.000861168, [(2, (0, 0.000664678, 5.415e-6, 0.000670283)), (2, (1, 0.000672403, 0.000163231, 0.000836118)), (2, (2, 0.00054751, 2.8055e-5, 0.000575767)), (1, (3, 0.00033042, 0.000144404, 0.000478536))]), (3008, 6, 0.000637763, [(2, (0, 0.000472521, 1.1652e-5, 0.000484375)), (2, (1, 0.000505115, 2.4183e-5, 0.000529488)), (1, (2, 0.000272543, 8.8194e-5, 0.000361087)), (1, (3, 0.000508379, 9.0338e-5, 0.000598918))]), (3024, 15, 0.001305238, [(4, (0, 0.001100911, 8.855e-6, 0.001109927)), (4, (1, 0.001259993, 2.2103e-5, 0.001282272)), (4, (2, 0.001055859, 1.7897e-5, 0.001073951)), (3, (3, 0.0009449, 4.8738e-5, 0.000993966))]), (3040, 12, 0.001307481, [(3, (0, 0.000692769, 1.468e-5, 0.000707658)), (3, (1, 0.000952256, 9.9207e-5, 0.00105165)), (3, (2, 0.000915746, 2.5315e-5, 0.00094128)), (3, (3, 0.001166091, 9.9131e-5, 0.001265536))]), (3056, 11, 0.001362009, [(3, (0, 0.00066636, 1.2822e-5, 0.000679379)), (3, (1, 0.001247945, 4.503e-5, 0.001293149)), (3, (2, 0.001302718, 3.4202e-5, 0.001337107)), (2, (3, 0.00045976, 0.000100606, 0.000560656))]), (3072, 13, 0.001228127, [(4, (0, 0.001214065, 1.3109e-5, 0.001227359)), (3, (1, 0.001121272, 2.5301e-5, 0.001146756)), (3, (2, 0.000896771, 0.000108417, 0.001005497)), (3, (3, 0.000994592, 0.000110174, 0.001104977))]), (3088, 9, 0.001152757, [(3, (0, 0.000821749, 1.3821e-5, 0.000835771)), (2, (1, 0.00102546, 9.8929e-5, 0.001127798)), (2, (2, 0.001048125, 2.5578e-5, 0.001073879)), (2, (3, 0.000597412, 9.9355e-5, 0.000696977))]), (3104, 4, 0.00102393, [(1, (0, 0.00055411, 1.3595e-5, 0.000567905)), (1, (1, 0.000396029, 2.5853e-5, 0.000422101)), (1, (2, 0.000446938, 0.000105714, 0.000552951)), (1, (3, 0.000667859, 0.00016558, 0.000833749))]), (3120, 9, 0.000941631, [(3, (0, 0.000900942, 3.9792e-5, 0.000940924)), (2, (1, 0.00063528, 4.7176e-5, 0.000682679)), (2, (2, 0.000699495, 1.8813e-5, 0.000718651)), (2, (3, 0.000677224, 2.8786e-5, 0.000706198))]), (3136, 9, 0.000793194, [(3, (0, 0.000779094, 1.3285e-5, 0.000792578)), (2, (1, 0.000426483, 0.000111732, 0.000538513)), (2, (2, 0.000534162, 2.7092e-5, 0.000561425)), (2, (3, 0.000611794, 0.000150198, 0.000762706))]), (3152, 11, 0.001051815, [(3, (0, 0.000913542, 1.321e-5, 0.000926946)), (3, (1, 0.00091135, 0.000116932, 0.001028595)), (3, (2, 0.000943384, 2.5246e-5, 0.000968812)), (2, (3, 0.000654853, 0.00011811, 0.000773187))]), (3168, 14, 0.00136081, [(4, (0, 0.001346718, 1.2796e-5, 0.001359703)), (4, (1, 0.001150372, 2.6645e-5, 0.001177194)), (3, (2, 0.00110705, 6.9408e-5, 0.001176705)), (3, (3, 0.000921373, 0.000126483, 0.00104816))]), (3184, 13, 0.001322503, [(4, (0, 0.0013078, 1.3837e-5, 0.001321896)), (3, (1, 0.001117061, 0.000157586, 0.001274958)), (3, (2, 0.000927597, 2.5436e-5, 0.000953207)), (3, (3, 0.000835552, 0.000205545, 0.001041325))]), (3200, 10, 0.001331791, [(3, (0, 0.001183201, 1.2827e-5, 0.001196217)), (3, (1, 0.001207883, 9.8438e-5, 0.001306658)), (2, (2, 0.000862651, 2.4407e-5, 0.000887269)), (2, (3, 0.000787568, 0.000134772, 0.000923057))]), (3216, 13, 0.001447584, [(4, (0, 0.001441045, 5.751e-6, 0.00144697)), (3, (1, 0.000983427, 0.000115574, 0.00109929)), (3, (2, 0.000977089, 2.3527e-5, 0.001000806)), (3, (3, 0.001215187, 0.000115527, 0.00133091))]), (3232, 4, 0.000557476, [(1, (0, 0.000242491, 1.3398e-5, 0.000256089)), (1, (1, 0.000317335, 0.000140794, 0.000458447)), (1, (2, 0.000324371, 2.565e-5, 0.000350206)), (1, (3, 0.000331047, 0.000188659, 0.000520047))]), (3248, 6, 0.00075178, [(2, (0, 0.000532954, 6.417e-6, 0.000539532)), (2, (1, 0.000650379, 7.3616e-5, 0.000724322)), (1, (2, 0.00023084, 7.79e-6, 0.000238832)), (1, (3, 0.000261256, 0.000112991, 0.000374836))]), (3264, 13, 0.001064723, [(4, (0, 0.00105839, 5.307e-6, 0.001063912)), (3, (1, 0.000841364, 6.1272e-5, 0.000902889)), (3, (2, 0.000800172, 4.2724e-5, 0.000843116)), (3, (3, 0.000866573, 5.5085e-5, 0.000921853))]), (3280, 10, 0.001234043, [(3, (0, 0.000769939, 1.2567e-5, 0.000782701)), (3, (1, 0.001014905, 0.000145282, 0.001165765)), (2, (2, 0.000631647, 2.4401e-5, 0.000656237)), (2, (3, 0.000591308, 0.000145186, 0.000736802))]), (3296, 12, 0.001129939, [(3, (0, 0.000784325, 6.329e-6, 0.000790811)), (3, (1, 0.000987461, 5.9849e-5, 0.001047507)), (3, (2, 0.001055804, 4.701e-5, 0.001103017)), (3, (3, 0.000975063, 6.5642e-5, 0.001040918))]), (3312, 11, 0.001438514, [(3, (0, 0.000923102, 1.4674e-5, 0.000937976)), (3, (1, 0.001232854, 0.000143654, 0.001376766)), (3, (2, 0.001127474, 2.8554e-5, 0.001156204)), (2, (3, 0.000669931, 0.000140667, 0.000810908))]), (3328, 6, 0.000628963, [(2, (0, 0.000552328, 5.549e-6, 0.000558029)), (2, (1, 0.000494229, 0.000114248, 0.000608701)), (1, (2, 0.000237878, 5.5852e-5, 0.000293933)), (1, (3, 0.000263257, 0.000113871, 0.000377401))]), (3344, 8, 0.000777236, [(2, (0, 0.000728333, 7.053e-6, 0.000735536)), (2, (1, 0.000611148, 8.5298e-5, 0.000696761)), (2, (2, 0.000736927, 1.9983e-5, 0.000757102)), (2, (3, 0.000645866, 7.009e-5, 0.000716144))]), (3360, 8, 0.000707344, [(2, (0, 0.000420884, 1.3383e-5, 0.000434464)), (2, (1, 0.000645468, 2.546e-5, 0.000671125)), (2, (2, 0.00052822, 5.9344e-5, 0.000587891)), (2, (3, 0.000600709, 5.9736e-5, 0.000660641))]), (3376, 11, 0.001040952, [(3, (0, 0.000940119, 1.5728e-5, 0.00095604)), (3, (1, 0.000985803, 2.8611e-5, 0.001014607)), (3, (2, 0.000770576, 5.8328e-5, 0.000829226)), (2, (3, 0.00071572, 5.8499e-5, 0.000774383))]), (3392, 13, 0.001082104, [(4, (0, 0.000938925, 1.7717e-5, 0.000956846)), (3, (1, 0.000941324, 7.7162e-5, 0.001018847)), (3, (2, 0.00091817, 5.7327e-5, 0.000975673)), (3, (3, 0.000892724, 9.5973e-5, 0.000988976))]), (3408, 9, 0.000997668, [(3, (0, 0.000975015, 1.6544e-5, 0.000991827)), (2, (1, 0.000777312, 4.2283e-5, 0.000819819)), (2, (2, 0.000776345, 3.2358e-5, 0.000809006)), (2, (3, 0.000862017, 0.000107493, 0.000969823))]), (3424, 11, 0.001002233, [(3, (0, 0.00090086, 1.5277e-5, 0.000916345)), (3, (1, 0.00093969, 3.7403e-5, 0.000977288)), (3, (2, 0.00093276, 2.6051e-5, 0.000959012)), (2, (3, 0.000725445, 8.7183e-5, 0.000812878))]), (3440, 9, 0.001146246, [(3, (0, 0.001128861, 1.6382e-5, 0.001145457)), (2, (1, 0.000378464, 7.09e-5, 0.000449702)), (2, (2, 0.000615852, 2.8176e-5, 0.000644213)), (2, (3, 0.000909043, 7.158e-5, 0.000980843))]), (3456, 10, 0.001934872, [(3, (0, 0.000952344, 1.4792e-5, 0.000967336)), (3, (1, 0.001786581, 0.000119275, 0.001906838)), (2, (2, 0.000702991, 3.232e-5, 0.000735584)), (2, (3, 0.000639323, 0.000153119, 0.000792843))]), (3472, 15, 0.001642866, [(4, (0, 0.001145744, 1.5022e-5, 0.001160978)), (4, (1, 0.001477856, 0.000130527, 0.001608744)), (4, (2, 0.001257287, 2.8946e-5, 0.001286457)), (3, (3, 0.001027448, 0.000132216, 0.00115991))]), (3488, 9, 0.000961923, [(3, (0, 0.00094416, 1.6108e-5, 0.000960503)), (2, (1, 0.000599324, 4.3003e-5, 0.000642722)), (2, (2, 0.000786971, 2.8648e-5, 0.000815853)), (2, (3, 0.000722415, 9.5645e-5, 0.000818927))]), (3504, 11, 0.001001106, [(3, (0, 0.00090547, 1.7896e-5, 0.000923595)), (3, (1, 0.000778867, 5.4596e-5, 0.000833836)), (3, (2, 0.000936802, 3.6487e-5, 0.000973525)), (2, (3, 0.000478165, 6.0788e-5, 0.000539155))]), (3520, 12, 0.001100945, [(3, (0, 0.000743558, 3.0658e-5, 0.000774469)), (3, (1, 0.000880593, 4.6003e-5, 0.000926803)), (3, (2, 0.001013843, 5.8898e-5, 0.001072953)), (3, (3, 0.000737556, 6.7252e-5, 0.000805186))]), (3536, 10, 0.001025547, [(3, (0, 0.001008531, 1.6042e-5, 0.001024801)), (3, (1, 0.000970996, 3.982e-5, 0.001011026)), (2, (2, 0.000667157, 2.9868e-5, 0.000697335)), (2, (3, 0.00066111, 4.5114e-5, 0.000706423))]), (3552, 7, 0.000787654, [(2, (0, 0.000643318, 1.6416e-5, 0.00066003)), (2, (1, 0.000674697, 5.3412e-5, 0.000728354)), (2, (2, 0.000468044, 3.3893e-5, 0.000502183)), (1, (3, 0.000298056, 5.7789e-5, 0.00035606))]), (3568, 10, 0.00107416, [(3, (0, 0.00084532, 1.7093e-5, 0.000862649)), (3, (1, 0.001001738, 4.6922e-5, 0.001048872)), (2, (2, 0.000646744, 3.3003e-5, 0.000679992)), (2, (3, 0.000566486, 5.2323e-5, 0.000619009))]), (3584, 10, 0.001160429, [(3, (0, 0.000893363, 6.4507e-5, 0.000958152)), (3, (1, 0.0010312, 0.000105397, 0.001136861)), (2, (2, 0.000489942, 9.1128e-5, 0.000581434)), (2, (3, 0.000418125, 0.000111025, 0.000529357))]), (3600, 14, 0.001310655, [(4, (0, 0.001292485, 1.6979e-5, 0.001309706)), (4, (1, 0.001180092, 4.2579e-5, 0.001222884)), (3, (2, 0.001013075, 3.0061e-5, 0.001043361)), (3, (3, 0.001098901, 4.9343e-5, 0.001148585))]), (3616, 12, 0.001035672, [(3, (0, 0.000997618, 1.5744e-5, 0.001013572)), (3, (1, 0.000738585, 9.5017e-5, 0.000833946)), (3, (2, 0.000933743, 2.7577e-5, 0.000961506)), (3, (3, 0.000857437, 0.000150695, 0.001008469))]), (3632, 6, 0.000786704, [(2, (0, 0.000587113, 1.6396e-5, 0.000603713)), (2, (1, 0.000721656, 4.0855e-5, 0.000762741)), (1, (2, 0.000203289, 2.5463e-5, 0.000228924)), (1, (3, 0.000274379, 4.7193e-5, 0.000321826))]), (3648, 12, 0.001036225, [(3, (0, 0.000753518, 7.289e-6, 0.000760978)), (3, (1, 0.000923893, 8.5246e-5, 0.001009716)), (3, (2, 0.000964123, 8.574e-6, 0.000972931)), (3, (3, 0.000885988, 6.5436e-5, 0.000951754))]), (3664, 9, 0.000890211, [(3, (0, 0.000874578, 1.4697e-5, 0.000889484)), (2, (1, 0.000688249, 6.7766e-5, 0.000756238)), (2, (2, 0.00062514, 4.8902e-5, 0.000674343)), (2, (3, 0.000571345, 5.991e-5, 0.000631444))]), (3680, 6, 0.000689038, [(2, (0, 0.000618077, 1.3282e-5, 0.000631568)), (2, (1, 0.000505702, 0.000153689, 0.000660344)), (1, (2, 0.000220977, 3.7755e-5, 0.000259009)), (1, (3, 0.000214213, 9.495e-5, 0.000309373))]), (3696, 12, 0.00111942, [(3, (0, 0.000838561, 1.8015e-5, 0.000856775)), (3, (1, 0.000871137, 0.000164079, 0.001035461)), (3, (2, 0.000803468, 3.2106e-5, 0.000835782)), (3, (3, 0.000912897, 0.000112832, 0.001025912))]), (3712, 10, 0.000903536, [(3, (0, 0.000710925, 1.9081e-5, 0.000730245)), (3, (1, 0.000850442, 4.3185e-5, 0.000893829)), (2, (2, 0.000535798, 3.104e-5, 0.00056703)), (2, (3, 0.000769202, 5.0774e-5, 0.000820208))]), (3728, 14, 0.001605493, [(4, (0, 0.001274131, 1.7269e-5, 0.001291583)), (4, (1, 0.001479763, 0.000100438, 0.001580446)), (3, (2, 0.001117267, 3.1834e-5, 0.001149313)), (3, (3, 0.001098817, 9.6441e-5, 0.001195607))]), (3744, 13, 0.001196502, [(4, (0, 0.001051692, 9.012e-6, 0.001060855)), (3, (1, 0.001081701, 8.7151e-5, 0.001169262)), (3, (2, 0.001120164, 2.818e-5, 0.001148573)), (3, (3, 0.000856892, 3.9249e-5, 0.000896326))]), (3760, 9, 0.000891927, [(3, (0, 0.000872715, 1.8252e-5, 0.000891151)), (2, (1, 0.000559097, 0.000104957, 0.00066433)), (2, (2, 0.000430237, 3.1009e-5, 0.000461448)), (2, (3, 0.000585216, 0.000104099, 0.000689612))]), (3776, 13, 0.001049121, [(4, (0, 0.000915789, 1.5819e-5, 0.000931816)), (3, (1, 0.000921209, 9.9092e-5, 0.001020517)), (3, (2, 0.000889774, 2.7344e-5, 0.000917298)), (3, (3, 0.000925754, 9.8898e-5, 0.001024951))]), (3792, 10, 0.001058996, [(3, (0, 0.000824227, 1.3935e-5, 0.000838369)), (3, (1, 0.000911425, 0.000119129, 0.001030816)), (2, (2, 0.000543606, 2.6083e-5, 0.000569881)), (2, (3, 0.000578039, 0.000115077, 0.000693413))]), (3808, 11, 0.0012131, [(3, (0, 0.000991389, 1.4551e-5, 0.00100616)), (3, (1, 0.001164589, 2.3835e-5, 0.00118861)), (3, (2, 0.000818937, 5.7512e-5, 0.000876708)), (2, (3, 0.000724341, 8.0185e-5, 0.000805149))]), (3824, 7, 0.000757639, [(2, (0, 0.000445175, 7.204e-6, 0.000452525)), (2, (1, 0.000571279, 0.000153404, 0.000725016)), (2, (2, 0.00057596, 7.4704e-5, 0.000650846)), (1, (3, 0.000256209, 9.1426e-5, 0.000347827))]), (3840, 12, 0.001377339, [(3, (0, 0.001042638, 1.8577e-5, 0.00106146)), (3, (1, 0.000975463, 4.5258e-5, 0.001020953)), (3, (2, 0.000909686, 3.0901e-5, 0.000940787)), (3, (3, 0.001177297, 5.1962e-5, 0.001229565))]), (3856, 14, 0.00133772, [(4, (0, 0.001259115, 1.8598e-5, 0.001277963)), (4, (1, 0.001244195, 6.4454e-5, 0.001308971)), (3, (2, 0.000919085, 3.0385e-5, 0.000949661)), (3, (3, 0.000850091, 6.7626e-5, 0.000917939))]), (3872, 6, 0.000647062, [(2, (0, 0.000634974, 1.1279e-5, 0.000646461)), (2, (1, 0.000480138, 0.000105892, 0.000586377)), (1, (2, 0.000269635, 4.1668e-5, 0.000311489)), (1, (3, 0.000336076, 0.000146408, 0.000483001))]), (3888, 13, 0.001276002, [(4, (0, 0.001257225, 1.7795e-5, 0.001275239)), (3, (1, 0.000993502, 0.000102369, 0.001096203)), (3, (2, 0.000794317, 2.8217e-5, 0.000822717)), (3, (3, 0.000768642, 0.000102741, 0.000871586))]), (3904, 11, 0.000999225, [(3, (0, 0.000872854, 1.4921e-5, 0.000887981)), (3, (1, 0.000915313, 5.9638e-5, 0.000975268)), (3, (2, 0.000868327, 3.2848e-5, 0.000901374)), (2, (3, 0.000773029, 9.2117e-5, 0.000865407))]), (3920, 8, 0.000768518, [(2, (0, 0.000524812, 1.5856e-5, 0.000540877)), (2, (1, 0.000661315, 8.9071e-5, 0.000750676)), (2, (2, 0.000665136, 3.1625e-5, 0.00069698)), (2, (3, 0.000624481, 0.000113152, 0.000737876))]), (3936, 12, 0.000948341, [(3, (0, 0.000719482, 1.5833e-5, 0.000735523)), (3, (1, 0.000692323, 0.000148613, 0.000841284)), (3, (2, 0.000803305, 2.7774e-5, 0.000831286)), (3, (3, 0.000759663, 0.000148735, 0.0009086))]), (3952, 14, 0.001468353, [(4, (0, 0.001407482, 1.0518e-5, 0.001418303)), (4, (1, 0.001413927, 2.2336e-5, 0.001436538)), (3, (2, 0.00110069, 3.4255e-5, 0.001135145)), (3, (3, 0.000968211, 0.000105429, 0.001074113))]), (3968, 12, 0.001237648, [(3, (0, 0.000936549, 1.0232e-5, 0.000947002)), (3, (1, 0.000961506, 9.4832e-5, 0.001056548)), (3, (2, 0.001175379, 3.883e-5, 0.001214489)), (3, (3, 0.000967709, 4.7604e-5, 0.001015487))]), (3984, 13, 0.001305575, [(4, (0, 0.001286757, 1.7873e-5, 0.001304866)), (3, (1, 0.000609893, 9.2102e-5, 0.000702316)), (3, (2, 0.000914246, 2.8214e-5, 0.000942645)), (3, (3, 0.000912912, 0.000149607, 0.001062807))]), (4000, 14, 0.001496852, [(4, (0, 0.001066725, 1.7227e-5, 0.001084182)), (4, (1, 0.001241031, 0.000184543, 0.001426149)), (3, (2, 0.00101213, 3.0616e-5, 0.001042947)), (3, (3, 0.000882433, 0.000164945, 0.001047679))]), (4016, 10, 0.000966785, [(3, (0, 0.000816468, 7.211e-6, 0.000823837)), (3, (1, 0.000884374, 5.7478e-5, 0.000942083)), (2, (2, 0.000644723, 4.7242e-5, 0.000692246)), (2, (3, 0.000754639, 6.5359e-5, 0.000820238))]), (4032, 12, 0.001072949, [(3, (0, 0.001038371, 3.3681e-5, 0.001072243)), (3, (1, 0.000988761, 6.0538e-5, 0.001052627)), (3, (2, 0.000879483, 4.5606e-5, 0.000925277)), (3, (3, 0.000883229, 6.4845e-5, 0.000948272))]), (4048, 10, 0.001027802, [(3, (0, 0.000675541, 1.5966e-5, 0.000691714)), (3, (1, 0.000910735, 8.4632e-5, 0.000995696)), (2, (2, 0.000572038, 7.3438e-5, 0.000645993)), (2, (3, 0.000519942, 8.5163e-5, 0.0006053))]), (4064, 11, 0.001250135, [(3, (0, 0.000994812, 1.1024e-5, 0.001006015)), (3, (1, 0.001087389, 0.000111345, 0.00119908)), (3, (2, 0.000997527, 2.5398e-5, 0.001023222)), (2, (3, 0.000708086, 4.6789e-5, 0.000755219))]), (4080, 13, 0.001143199, [(4, (0, 0.001120952, 2.1232e-5, 0.00114245)), (3, (1, 0.00091225, 7.0934e-5, 0.000983522)), (3, (2, 0.000903597, 3.4413e-5, 0.000938246)), (3, (3, 0.000981773, 0.000112452, 0.001095443))]), (4096, 11, 0.000995708, [(3, (0, 0.000974869, 1.9865e-5, 0.000995011)), (3, (1, 0.000855502, 0.000104691, 0.000960416)), (3, (2, 0.000897866, 3.1935e-5, 0.000929985)), (2, (3, 0.000744672, 0.000103196, 0.00084818))]), (4112, 14, 0.001202811, [(4, (0, 0.001034164, 6.876e-6, 0.001041248)), (4, (1, 0.00113658, 3.701e-5, 0.001173997)), (3, (2, 0.000900047, 1.0562e-5, 0.000910826)), (3, (3, 0.00094127, 6.4227e-5, 0.001005783))]), (4128, 15, 0.00149954, [(4, (0, 0.001083618, 1.8339e-5, 0.00110217)), (4, (1, 0.001331052, 3.9633e-5, 0.001370946)), (4, (2, 0.00144506, 3.2016e-5, 0.001477276)), (3, (3, 0.001001976, 9.2232e-5, 0.001095364))]), (4144, 13, 0.001177539, [(4, (0, 0.001160545, 1.598e-5, 0.001176731)), (3, (1, 0.000969202, 8.7598e-5, 0.001057)), (3, (2, 0.000980239, 2.7603e-5, 0.001008047)), (3, (3, 0.000635819, 8.7617e-5, 0.000723759))]), (4160, 8, 0.001145686, [(2, (0, 0.000538183, 1.7181e-5, 0.000555572)), (2, (1, 0.000450848, 7.9562e-5, 0.000530721)), (2, (2, 0.000414565, 3.4507e-5, 0.000449266)), (2, (3, 0.000755329, 0.000346486, 0.001102171))]), (4176, 11, 0.001130028, [(3, (0, 0.000688716, 1.9357e-5, 0.000708292)), (3, (1, 0.000758823, 3.338e-5, 0.000792403)), (3, (2, 0.000987004, 0.000116629, 0.001103856)), (2, (3, 0.000604594, 0.000122807, 0.000727655))]), (4192, 12, 0.001220465, [(3, (0, 0.001210393, 9.129e-6, 0.001219703)), (3, (1, 0.00101748, 4.7305e-5, 0.001065004)), (3, (2, 0.000932882, 3.1643e-5, 0.000964898)), (3, (3, 0.000754478, 3.9463e-5, 0.000794154))]), (4208, 11, 0.000941217, [(3, (0, 0.000925222, 1.498e-5, 0.000940413)), (3, (1, 0.000751164, 4.0714e-5, 0.000792119)), (3, (2, 0.000851462, 2.7866e-5, 0.000879567)), (2, (3, 0.000769366, 4.6073e-5, 0.000815769))]), (4224, 16, 0.001594175, [(4, (0, 0.000868862, 1.7606e-5, 0.000886679)), (4, (1, 0.00152343, 4.1825e-5, 0.001565462)), (4, (2, 0.001355057, 2.9905e-5, 0.001385133)), (4, (3, 0.001413062, 5.1066e-5, 0.001464404))]), (4240, 13, 0.001127249, [(4, (0, 0.001108303, 1.7728e-5, 0.00112624)), (3, (1, 0.00093065, 5.7773e-5, 0.000988687)), (3, (2, 0.000964617, 4.6077e-5, 0.001010979)), (3, (3, 0.000876459, 6.1787e-5, 0.000938595))]), (4256, 11, 0.001285244, [(3, (0, 0.001169076, 1.9105e-5, 0.001188389)), (3, (1, 0.001166341, 5.856e-5, 0.001225274)), (3, (2, 0.001093722, 3.4909e-5, 0.001128896)), (2, (3, 0.000571494, 5.4745e-5, 0.000626631))]), (4272, 13, 0.001199707, [(4, (0, 0.001001884, 5.4095e-5, 0.001056221)), (3, (1, 0.000934276, 4.2911e-5, 0.00097738)), (3, (2, 0.001140895, 2.8027e-5, 0.001169171)), (3, (3, 0.000937303, 6.2293e-5, 0.000999798))]), (4288, 9, 0.000767531, [(3, (0, 0.000748856, 1.7675e-5, 0.000766744)), (2, (1, 0.000469768, 4.3301e-5, 0.000513244)), (2, (2, 0.00068266, 3.1351e-5, 0.000714216)), (2, (3, 0.000614126, 4.9046e-5, 0.00066343))]), (4304, 14, 0.000998874, [(4, (0, 0.000834356, 1.9392e-5, 0.000853958)), (4, (1, 0.000890296, 8.3095e-5, 0.000973607)), (3, (2, 0.000650404, 3.4789e-5, 0.000685403)), (3, (3, 0.000637955, 8.8248e-5, 0.000726392))]), (4320, 16, 0.001512259, [(4, (0, 0.000981879, 1.3548e-5, 0.000995593)), (4, (1, 0.001397333, 7.6814e-5, 0.001474547)), (4, (2, 0.001394222, 5.6723e-5, 0.001451208)), (4, (3, 0.001146461, 8.7336e-5, 0.00123417))]), (4336, 14, 0.001540386, [(4, (0, 0.00132319, 2.4051e-5, 0.001347476)), (4, (1, 0.001442808, 6.6751e-5, 0.001509864)), (3, (2, 0.000866382, 4.5112e-5, 0.000911732)), (3, (3, 0.000750211, 5.9047e-5, 0.000809461))]), (4352, 15, 0.001357193, [(4, (0, 0.001112386, 1.9815e-5, 0.001132431)), (4, (1, 0.001269102, 5.5334e-5, 0.001324619)), (4, (2, 0.001241942, 4.0765e-5, 0.001283024)), (3, (3, 0.000809554, 5.0634e-5, 0.000860412))]), (4368, 16, 0.001640244, [(4, (0, 0.001176311, 2.1633e-5, 0.001198153)), (4, (1, 0.001211461, 0.000121821, 0.001333549)), (4, (2, 0.001153886, 0.000102361, 0.001256451)), (4, (3, 0.001475907, 0.000117506, 0.001593697))]), (4384, 14, 0.001091376, [(4, (0, 0.001069108, 2.1142e-5, 0.001090496)), (4, (1, 0.000930484, 4.7955e-5, 0.000978661)), (3, (2, 0.000726086, 3.4364e-5, 0.000760645)), (3, (3, 0.000841153, 6.0509e-5, 0.000902071))]), (4400, 14, 0.001675512, [(4, (0, 0.001655943, 1.7828e-5, 0.001674146)), (4, (1, 0.001192419, 4.3013e-5, 0.001235635)), (3, (2, 0.00085505, 3.251e-5, 0.000887773)), (3, (3, 0.001014767, 4.887e-5, 0.001063893))]), (4416, 14, 0.001410561, [(4, (0, 0.000978417, 2.6266e-5, 0.00100495)), (4, (1, 0.001269299, 0.0001112, 0.001380829)), (3, (2, 0.000974696, 3.7315e-5, 0.001012176)), (3, (3, 0.001001659, 4.9439e-5, 0.001051294))]), (4432, 16, 0.001521167, [(4, (0, 0.001037415, 1.8306e-5, 0.001055919)), (4, (1, 0.001161462, 0.00012665, 0.001288851)), (4, (2, 0.001464355, 3.2383e-5, 0.001496927)), (4, (3, 0.001118504, 5.2947e-5, 0.001171798))]), (4448, 12, 0.00100536, [(3, (0, 0.000649349, 1.7554e-5, 0.000667161)), (3, (1, 0.000821273, 4.4113e-5, 0.000865737)), (3, (2, 0.000942522, 3.0562e-5, 0.00097329)), (3, (3, 0.000866699, 5.5983e-5, 0.000922959))]), (4464, 15, 0.00142752, [(4, (0, 0.001044495, 1.934e-5, 0.001064078)), (4, (1, 0.00105946, 7.9828e-5, 0.001139546)), (4, (2, 0.001358048, 3.5846e-5, 0.00139409)), (3, (3, 0.000942781, 8.3833e-5, 0.001026813))]), (4480, 14, 0.001068763, [(4, (0, 0.000911227, 1.6516e-5, 0.000927954)), (4, (1, 0.000999283, 4.2758e-5, 0.00104226)), (3, (2, 0.000856103, 2.8725e-5, 0.000885025)), (3, (3, 0.00081553, 4.9702e-5, 0.000865516))]), (4496, 14, 0.00111779, [(4, (0, 0.001098687, 1.8039e-5, 0.00111697)), (4, (1, 0.00077085, 6.722e-5, 0.000838274)), (3, (2, 0.000591536, 4.6959e-5, 0.000638752)), (3, (3, 0.000812912, 7.3398e-5, 0.000886511))]), (4512, 12, 0.000968559, [(3, (0, 0.000931522, 1.9602e-5, 0.000951387)), (3, (1, 0.000852413, 8.2306e-5, 0.000934924)), (3, (2, 0.000925309, 3.3432e-5, 0.000958955)), (3, (3, 0.000832788, 9.029e-5, 0.000923319))]), (4528, 15, 0.001565202, [(4, (0, 0.00129859, 1.6245e-5, 0.001315046)), (4, (1, 0.001169334, 4.0378e-5, 0.001209908)), (4, (2, 0.001512662, 2.8542e-5, 0.001541409)), (3, (3, 0.000801323, 4.5812e-5, 0.000847346))]), (4544, 15, 0.001684168, [(4, (0, 0.001301001, 1.3927e-5, 0.001315122)), (4, (1, 0.001531261, 8.3281e-5, 0.00161473)), (4, (2, 0.001230566, 2.6305e-5, 0.001257068)), (3, (3, 0.000701887, 3.7552e-5, 0.000739636))]), (4560, 12, 0.000928315, [(3, (0, 0.000813783, 9.34e-6, 0.000823273)), (3, (1, 0.000741778, 7.4482e-5, 0.000816458)), (3, (2, 0.000881791, 2.5593e-5, 0.000907591)), (3, (3, 0.00073345, 8.0231e-5, 0.000813893))]), (4576, 15, 0.000983327, [(4, (0, 0.000812028, 3.8113e-5, 0.000850347)), (4, (1, 0.000835399, 0.000125126, 0.00096072)), (4, (2, 0.000841875, 7.7347e-5, 0.000919405)), (3, (3, 0.000655077, 0.000130558, 0.000785936))]), (4592, 13, 0.000759393, [(4, (0, 0.000743634, 1.4809e-5, 0.000758651)), (3, (1, 0.000561525, 4.5053e-5, 0.000606909)), (3, (2, 0.000539437, 2.7391e-5, 0.000567013)), (3, (3, 0.000633114, 4.7908e-5, 0.000681214))]), (4608, 13, 0.000859566, [(4, (0, 0.000668225, 1.5396e-5, 0.000683812)), (3, (1, 0.000552879, 4.2355e-5, 0.000595435)), (3, (2, 0.000542061, 2.7414e-5, 0.000569684)), (3, (3, 0.000777876, 4.6816e-5, 0.000824921))]), (4624, 15, 0.001139557, [(4, (0, 0.000793335, 1.7036e-5, 0.000810564)), (4, (1, 0.001091387, 2.5208e-5, 0.001116768)), (4, (2, 0.001022049, 9.2666e-5, 0.001114997)), (3, (3, 0.000574137, 0.000145624, 0.000720083))]), (4640, 16, 0.001316518, [(4, (0, 0.001022363, 1.6891e-5, 0.001039472)), (4, (1, 0.001193845, 9.4535e-5, 0.001288606)), (4, (2, 0.001020193, 2.8485e-5, 0.001048866)), (4, (3, 0.000946439, 0.000109865, 0.00105653))]), (4656, 16, 0.001469174, [(4, (0, 0.001046751, 1.8086e-5, 0.001065039)), (4, (1, 0.001248733, 3.124e-5, 0.001280174)), (4, (2, 0.001084806, 4.3508e-5, 0.00112854)), (4, (3, 0.001312343, 9.9794e-5, 0.001413189))]), (4672, 10, 0.001158115, [(3, (0, 0.000966444, 2.1178e-5, 0.000987828)), (3, (1, 0.001091107, 4.4738e-5, 0.001136048)), (2, (2, 0.000743759, 3.422e-5, 0.000778205)), (2, (3, 0.000674238, 4.983e-5, 0.000724303))]), (4688, 14, 0.001291693, [(4, (0, 0.000810969, 1.5137e-5, 0.000826278)), (4, (1, 0.001228277, 3.9255e-5, 0.001267711)), (3, (2, 0.00065029, 2.7749e-5, 0.000678214)), (3, (3, 0.000817762, 4.7499e-5, 0.000865494))]), (4704, 16, 0.001145373, [(4, (0, 0.000991237, 8.674e-6, 0.001000063)), (4, (1, 0.000736163, 3.3911e-5, 0.000770252)), (4, (2, 0.001097994, 1.9841e-5, 0.001118057)), (4, (3, 0.001031297, 7.6435e-5, 0.001107979))]), (4720, 15, 0.001021675, [(4, (0, 0.001011187, 9.427e-6, 0.001020794)), (4, (1, 0.00086139, 4.1156e-5, 0.000902868)), (4, (2, 0.000921844, 9.914e-6, 0.000931964)), (3, (3, 0.000630874, 2.5305e-5, 0.000656367))]), (4736, 15, 0.001199549, [(4, (0, 0.000784718, 1.6756e-5, 0.000801683)), (4, (1, 0.000816914, 8.3956e-5, 0.000901047)), (4, (2, 0.000970195, 7.3317e-5, 0.001043715)), (3, (3, 0.001034248, 0.000134112, 0.001168574))]), (4752, 16, 0.001648711, [(4, (0, 0.00095122, 1.6259e-5, 0.000967674)), (4, (1, 0.001469412, 0.000105646, 0.001575298)), (4, (2, 0.001353128, 2.8065e-5, 0.001381366)), (4, (3, 0.001175586, 0.000105665, 0.001281428))]), (4768, 12, 0.001124249, [(3, (0, 0.00063179, 1.0097e-5, 0.000642052)), (3, (1, 0.001043318, 5.6791e-5, 0.001100301)), (3, (2, 0.000889358, 4.913e-5, 0.00093883)), (3, (3, 0.000840869, 9.3543e-5, 0.000934726))]), (4784, 15, 0.001275282, [(4, (0, 0.001265388, 9.032e-6, 0.001274569)), (4, (1, 0.000989922, 0.000132072, 0.001123325)), (4, (2, 0.0008324, 4.6601e-5, 0.000879256)), (3, (3, 0.000851088, 5.3557e-5, 0.000904842))]), (4800, 15, 0.001240735, [(4, (0, 0.000841961, 1.6633e-5, 0.000858814)), (4, (1, 0.000781069, 0.000106853, 0.00088829)), (4, (2, 0.00111321, 4.9734e-5, 0.001163143)), (3, (3, 0.001044979, 0.000157188, 0.001202461))]), (4816, 15, 0.000958453, [(4, (0, 0.000937614, 1.9865e-5, 0.000957688)), (4, (1, 0.000751203, 0.000108275, 0.000859805)), (4, (2, 0.000848287, 3.3988e-5, 0.000882453)), (3, (3, 0.000549422, 0.000110838, 0.000660455))]), (4832, 15, 0.001052765, [(4, (0, 0.00080149, 1.9167e-5, 0.000820891)), (4, (1, 0.000896385, 0.00013197, 0.001028682)), (4, (2, 0.000906566, 3.31e-5, 0.000939873)), (3, (3, 0.000683289, 0.000169525, 0.000853673))]), (4848, 13, 0.001146883, [(4, (0, 0.001009664, 1.5439e-5, 0.001025306)), (3, (1, 0.000966873, 0.000149069, 0.001116707)), (3, (2, 0.000927004, 2.6982e-5, 0.000954161)), (3, (3, 0.000929262, 0.000113408, 0.001042996))]), (4864, 7, 0.000558963, [(2, (0, 0.000392685, 1.6115e-5, 0.000409001)), (2, (1, 0.00043947, 9.2769e-5, 0.000532969)), (2, (2, 0.000438334, 2.6742e-5, 0.000465274)), (1, (3, 0.000193555, 6.3244e-5, 0.000257104))]), (4880, 13, 0.00108763, [(4, (0, 0.000960126, 1.7055e-5, 0.000977383)), (3, (1, 0.000785711, 2.7973e-5, 0.000813864)), (3, (2, 0.000653858, 0.000113146, 0.000767309)), (3, (3, 0.000902547, 0.000144895, 0.00104801))]), (4896, 13, 0.00104025, [(4, (0, 0.00093519, 2.5215e-5, 0.000960615)), (3, (1, 0.000873998, 0.000132, 0.001006244)), (3, (2, 0.000961312, 3.732e-5, 0.000998807)), (3, (3, 0.000695757, 0.000132013, 0.00082809))]), (4912, 13, 0.000827474, [(4, (0, 0.000690201, 7.796e-6, 0.00069816)), (3, (1, 0.000783565, 2.2478e-5, 0.000806248)), (3, (2, 0.000535937, 1.3123e-5, 0.000549375)), (3, (3, 0.00054569, 2.6759e-5, 0.000572658))]), (4928, 14, 0.000880806, [(4, (0, 0.000869513, 1.0497e-5, 0.000880161)), (4, (1, 0.000803851, 6.2082e-5, 0.000866269)), (3, (2, 0.000718083, 1.156e-5, 0.000729856)), (3, (3, 0.00062871, 2.3483e-5, 0.000652414))]), (4944, 13, 0.000905332, [(4, (0, 0.000831136, 2.0962e-5, 0.000852292)), (3, (1, 0.000764343, 0.000112916, 0.000877599)), (3, (2, 0.000628696, 3.4345e-5, 0.000663218)), (3, (3, 0.000669737, 0.000149006, 0.000819295))]), (4960, 16, 0.001345864, [(4, (0, 0.000791338, 1.7994e-5, 0.000809511)), (4, (1, 0.001256708, 6.3971e-5, 0.001320858)), (4, (2, 0.001053568, 5.4305e-5, 0.001108198)), (4, (3, 0.001087924, 6.8417e-5, 0.001156571))]), (4976, 10, 0.001178073, [(3, (0, 0.000543297, 1.8788e-5, 0.000562324)), (3, (1, 0.001059718, 4.5213e-5, 0.001105129)), (2, (2, 0.000488545, 3.2962e-5, 0.000521716)), (2, (3, 0.00039828, 5.1869e-5, 0.000450356))]), (4992, 15, 0.001313503, [(4, (0, 0.001282406, 3.0134e-5, 0.001312732)), (4, (1, 0.000746434, 0.000291386, 0.001038173)), (4, (2, 0.000756454, 0.000178895, 0.000935543)), (3, (3, 0.000548395, 0.000189089, 0.000737796))]), (5008, 15, 0.001416012, [(4, (0, 0.000934299, 1.6814e-5, 0.000951303)), (4, (1, 0.001336575, 5.1647e-5, 0.001388405)), (4, (2, 0.001045414, 4.2743e-5, 0.001088455)), (3, (3, 0.000716417, 0.00011578, 0.000833354))]), (5024, 14, 0.001550154, [(4, (0, 0.001013779, 8.59e-6, 0.001022545)), (4, (1, 0.001355854, 0.000102566, 0.001459446)), (3, (2, 0.000935035, 3.0875e-5, 0.000966113)), (3, (3, 0.000641819, 5.9704e-5, 0.000701731))]), (5040, 14, 0.00098018, [(4, (0, 0.000923884, 1.7019e-5, 0.000941091)), (4, (1, 0.000837971, 0.00011719, 0.000955477)), (3, (2, 0.000649201, 2.8726e-5, 0.000678125)), (3, (3, 0.000739091, 0.000148722, 0.00088834))]), (5056, 14, 0.001099061, [(4, (0, 0.000789311, 1.4763e-5, 0.000804273)), (4, (1, 0.000952814, 0.000116661, 0.001069799)), (3, (2, 0.000666636, 2.5422e-5, 0.000692238)), (3, (3, 0.00071908, 0.000117151, 0.000836461))]), (5072, 11, 0.000933939, [(3, (0, 0.000745977, 3.0746e-5, 0.000776906)), (3, (1, 0.000580342, 0.000127398, 0.000708054)), (3, (2, 0.00085953, 5.2345e-5, 0.000912053)), (2, (3, 0.000537651, 0.00016321, 0.000701521))]), (5088, 10, 0.000823426, [(3, (0, 0.000711262, 1.5521e-5, 0.000726976)), (3, (1, 0.000688817, 0.000110967, 0.000800097)), (2, (2, 0.00055864, 2.6515e-5, 0.000585335)), (2, (3, 0.000533309, 0.000152258, 0.000686254))]), (5104, 14, 0.001311855, [(4, (0, 0.001048288, 1.7813e-5, 0.001066304)), (4, (1, 0.001169106, 0.000119009, 0.001288324)), (3, (2, 0.000623814, 0.000111926, 0.000736103)), (3, (3, 0.000670676, 0.000125205, 0.000796092))]), (5120, 14, 0.001193402, [(4, (0, 0.000783447, 1.0224e-5, 0.000793847)), (4, (1, 0.00107735, 8.86e-5, 0.001166259)), (3, (2, 0.000640995, 2.4117e-5, 0.000665303)), (3, (3, 0.000698348, 9.3106e-5, 0.000791664))]), (5136, 15, 0.001418584, [(4, (0, 0.00093888, 8.573e-6, 0.000947738)), (4, (1, 0.001236122, 0.000104207, 0.001340623)), (4, (2, 0.001101473, 4.3691e-5, 0.00114541)), (3, (3, 0.000584972, 5.5263e-5, 0.000640453))]), (5152, 12, 0.001089175, [(3, (0, 0.000930499, 8.116e-6, 0.000938755)), (3, (1, 0.000931536, 4.5194e-5, 0.000976916)), (3, (2, 0.000857282, 3.6213e-5, 0.000893787)), (3, (3, 0.00097648, 8.3129e-5, 0.001060132))]), (5168, 10, 0.00107185, [(3, (0, 0.000756258, 2.1807e-5, 0.000778265)), (3, (1, 0.000964851, 8.3764e-5, 0.001048813)), (2, (2, 0.000617032, 3.3265e-5, 0.000650503)), (2, (3, 0.000618376, 8.2516e-5, 0.000701209))]), (5184, 13, 0.001205821, [(4, (0, 0.00090239, 1.735e-5, 0.000919943)), (3, (1, 0.000905819, 3.11e-5, 0.000937097)), (3, (2, 0.000856516, 9.6805e-5, 0.000953637)), (3, (3, 0.001068608, 9.727e-5, 0.001166076))]), (5200, 14, 0.001111872, [(4, (0, 0.00109265, 1.8217e-5, 0.001111068)), (4, (1, 0.000868654, 0.000102466, 0.000971325)), (3, (2, 0.00072361, 2.99e-5, 0.000753689)), (3, (3, 0.000548088, 0.000102004, 0.000650404))]), (5216, 15, 0.001260388, [(4, (0, 0.000809594, 1.9325e-5, 0.000829121)), (4, (1, 0.001020519, 0.00021228, 0.001233101)), (4, (2, 0.001122907, 5.6725e-5, 0.001179821)), (3, (3, 0.000712813, 0.000250486, 0.000963477))]), (5232, 15, 0.001399111, [(4, (0, 0.000843733, 1.915e-5, 0.000863081)), (4, (1, 0.00112153, 0.000209965, 0.001332253)), (4, (2, 0.000920508, 3.1226e-5, 0.000951933)), (3, (3, 0.000687677, 0.000172928, 0.000860908))]), (5248, 10, 0.001024572, [(3, (0, 0.000703704, 8.446e-6, 0.000712327)), (3, (1, 0.000761343, 0.000231867, 0.000993553)), (2, (2, 0.000589407, 1.1042e-5, 0.00060555)), (2, (3, 0.000466999, 0.000128056, 0.000595357))]), (5264, 16, 0.001410202, [(4, (0, 0.001193613, 8.634e-6, 0.001202418)), (4, (1, 0.001249729, 0.000136333, 0.001386298)), (4, (2, 0.00116938, 4.7428e-5, 0.001217504)), (4, (3, 0.001233019, 8.221e-5, 0.00131562))]), (5280, 15, 0.001180124, [(4, (0, 0.001161803, 1.7439e-5, 0.001179443)), (4, (1, 0.000773188, 6.3622e-5, 0.00083714)), (4, (2, 0.00075276, 2.7857e-5, 0.000780775)), (3, (3, 0.000820212, 6.7389e-5, 0.000887823))]), (5296, 15, 0.001362026, [(4, (0, 0.000683567, 1.5014e-5, 0.000698774)), (4, (1, 0.000768965, 0.000140937, 0.0009102)), (4, (2, 0.000830616, 2.9418e-5, 0.00086023)), (3, (3, 0.001092804, 0.000172784, 0.001266147))]), (5312, 11, 0.000815355, [(3, (0, 0.000688101, 1.9251e-5, 0.000707542)), (3, (1, 0.00062363, 0.000165324, 0.000789285)), (3, (2, 0.000601013, 3.0713e-5, 0.000631906)), (2, (3, 0.000466961, 0.000165463, 0.000632639))]), (5328, 11, 0.000901595, [(3, (0, 0.000769927, 1.6262e-5, 0.000786391)), (3, (1, 0.000715018, 2.8376e-5, 0.000743592)), (3, (2, 0.000771944, 0.000105429, 0.000877681)), (2, (3, 0.000501944, 0.000133007, 0.000635868))]), (5344, 9, 0.000701043, [(3, (0, 0.0006555, 1.3455e-5, 0.000669126)), (2, (1, 0.000421984, 0.000118497, 0.000540705)), (2, (2, 0.00039717, 2.4562e-5, 0.000421926)), (2, (3, 0.000546492, 0.000117867, 0.000664683))]), (5360, 15, 0.001203598, [(4, (0, 0.000818497, 7.951e-6, 0.000826594)), (4, (1, 0.001139003, 3.6471e-5, 0.001175791)), (4, (2, 0.000878784, 2.0871e-5, 0.000899849)), (3, (3, 0.000669975, 4.0763e-5, 0.000711311))]), (5376, 14, 0.001136269, [(4, (0, 0.000918288, 1.4928e-5, 0.000933414)), (4, (1, 0.001026824, 5.6184e-5, 0.001083255)), (3, (2, 0.000877105, 2.8201e-5, 0.000905501)), (3, (3, 0.000930803, 0.000167212, 0.001099283))]), (5392, 10, 0.00101931, [(3, (0, 0.000517185, 1.5043e-5, 0.000532427)), (3, (1, 0.0008298, 0.000168273, 0.000998303)), (2, (2, 0.000569811, 2.6289e-5, 0.000596272)), (2, (3, 0.000459418, 0.000167425, 0.00062715))]), (5408, 13, 0.001191662, [(4, (0, 0.001013513, 1.647e-5, 0.001030183)), (3, (1, 0.001069804, 8.7645e-5, 0.001160456)), (3, (2, 0.000852367, 2.953e-5, 0.000882098)), (3, (3, 0.000867321, 0.000198553, 0.00106618))]), (5424, 14, 0.001069296, [(4, (0, 0.000848834, 1.6526e-5, 0.000865572)), (4, (1, 0.000898529, 0.00014705, 0.001045816)), (3, (2, 0.000536371, 3.089e-5, 0.000567433)), (3, (3, 0.000847732, 0.000140798, 0.000988821))]), (5440, 13, 0.000854771, [(4, (0, 0.000836847, 1.7015e-5, 0.000854056)), (3, (1, 0.000534929, 4.6991e-5, 0.000582235)), (3, (2, 0.000525868, 5.6687e-5, 0.00058273)), (3, (3, 0.000588513, 6.2243e-5, 0.000650985))]), (5456, 13, 0.001339574, [(4, (0, 0.001322804, 1.5684e-5, 0.001338673)), (3, (1, 0.00106084, 5.8688e-5, 0.00111977)), (3, (2, 0.000827365, 4.4772e-5, 0.000872345)), (3, (3, 0.000846284, 9.6892e-5, 0.000943512))]), (5472, 11, 0.000949338, [(3, (0, 0.000688725, 2.0734e-5, 0.000709639)), (3, (1, 0.00065763, 0.000261576, 0.000919516)), (3, (2, 0.000750731, 7.0335e-5, 0.00082127)), (2, (3, 0.000412685, 0.000146433, 0.000559419))]), (5488, 15, 0.001371762, [(4, (0, 0.000855571, 1.5867e-5, 0.00087163)), (4, (1, 0.000929568, 2.4054e-5, 0.000953805)), (4, (2, 0.001090408, 0.000190992, 0.001281709)), (3, (3, 0.00072685, 0.000239683, 0.00096678))]), (5504, 7, 0.000941831, [(2, (0, 0.000922774, 1.8039e-5, 0.000941042)), (2, (1, 0.000710064, 4.1804e-5, 0.000752046)), (2, (2, 0.000676702, 2.869e-5, 0.000705578)), (1, (3, 0.00027717, 8.6729e-5, 0.000364151))]), (5520, 6, 0.001105988, [(2, (0, 0.000404384, 1.4782e-5, 0.000419397)), (2, (1, 0.000978687, 4.5432e-5, 0.001024347)), (1, (2, 0.000178261, 3.1326e-5, 0.000209802)), (1, (3, 0.00018787, 0.000148835, 0.00033703))]), (5536, 8, 0.000793701, [(2, (0, 0.000476285, 1.0468e-5, 0.000486909)), (2, (1, 0.000551059, 0.000120527, 0.00067189)), (2, (2, 0.00048947, 5.5037e-5, 0.000544729)), (2, (3, 0.000690259, 6.5774e-5, 0.000756201))]), (5552, 13, 0.001058832, [(4, (0, 0.000924551, 1.0211e-5, 0.000934934)), (3, (1, 0.000820816, 9.3774e-5, 0.000914784)), (3, (2, 0.000954687, 7.9682e-5, 0.00103462)), (3, (3, 0.000693686, 8.857e-5, 0.000782497))]), (5568, 11, 0.000967385, [(3, (0, 0.000696663, 1.6569e-5, 0.000713422)), (3, (1, 0.000830465, 7.5506e-5, 0.000906306)), (3, (2, 0.000755774, 2.8668e-5, 0.000784626)), (2, (3, 0.00059996, 7.6797e-5, 0.000676962))]), (5584, 9, 0.001097496, [(3, (0, 0.000662586, 9.058e-6, 0.000671808)), (2, (1, 0.0009846, 7.2016e-5, 0.001056947)), (2, (2, 0.000428888, 5.0846e-5, 0.000480051)), (2, (3, 0.000399772, 7.7374e-5, 0.000477338))]), (5600, 6, 0.000768018, [(2, (0, 0.000757459, 9.788e-6, 0.000767441)), (2, (1, 0.000575701, 9.563e-5, 0.000671658)), (1, (2, 0.000226916, 3.8469e-5, 0.00026571)), (1, (3, 0.000519021, 4.4203e-5, 0.000563424))]), (5616, 12, 0.001070172, [(3, (0, 0.000887302, 1.8869e-5, 0.000906403)), (3, (1, 0.000893064, 0.000149103, 0.00104238)), (3, (2, 0.000996188, 2.9295e-5, 0.001025663)), (3, (3, 0.000779025, 0.000147539, 0.000926852))]), (5632, 12, 0.001138187, [(3, (0, 0.000810869, 1.6482e-5, 0.000827534)), (3, (1, 0.000993249, 0.000124126, 0.001117683)), (3, (2, 0.000616815, 2.8584e-5, 0.000645604)), (3, (3, 0.000968808, 0.000124507, 0.001093496))]), (5648, 12, 0.001123723, [(3, (0, 0.000751164, 1.7018e-5, 0.00076838)), (3, (1, 0.000747913, 2.8783e-5, 0.000776888)), (3, (2, 0.000804589, 6.736e-5, 0.000872266)), (3, (3, 0.00085436, 0.000152638, 0.001007852))]), (5664, 6, 0.000620979, [(2, (0, 0.00060442, 1.5782e-5, 0.000620404)), (2, (1, 0.000550107, 2.6877e-5, 0.000577167)), (1, (2, 0.000262232, 8.1738e-5, 0.00034428)), (1, (3, 0.000268088, 0.000151401, 0.000419794))]), (5680, 4, 0.00073498, [(1, (0, 0.000548546, 1.5487e-5, 0.000564233)), (1, (1, 0.000568625, 0.000142344, 0.000711271)), (1, (2, 0.000350799, 2.8814e-5, 0.000379813)), (1, (3, 0.000247283, 0.000183606, 0.000431166))]), (5696, 10, 0.001102841, [(3, (0, 0.001086342, 1.5482e-5, 0.001102024)), (3, (1, 0.000718963, 0.000136099, 0.00085535)), (2, (2, 0.000557724, 2.6987e-5, 0.000584908)), (2, (3, 0.000603969, 0.000174469, 0.000779119))]), (5712, 15, 0.001335478, [(4, (0, 0.001054976, 1.6802e-5, 0.001071963)), (4, (1, 0.000851698, 0.000110632, 0.000962616)), (4, (2, 0.001050994, 4.7618e-5, 0.001098935)), (3, (3, 0.001122501, 0.000122835, 0.001245551))]), (5728, 12, 0.001052719, [(3, (0, 0.000960883, 2.3624e-5, 0.000984708)), (3, (1, 0.000979669, 4.907e-5, 0.001028926)), (3, (2, 0.000826778, 3.7412e-5, 0.000864378)), (3, (3, 0.000785404, 6.8657e-5, 0.000854266))]), (5744, 11, 0.000790927, [(3, (0, 0.000644967, 1.6183e-5, 0.000661353)), (3, (1, 0.00066514, 0.000103965, 0.00076938)), (3, (2, 0.000617047, 2.7745e-5, 0.000644996)), (2, (3, 0.000542805, 9.8066e-5, 0.000641163))]), (5760, 5, 0.000542921, [(2, (0, 0.000526987, 1.5164e-5, 0.00054235)), (1, (1, 0.000286777, 2.5951e-5, 0.000312913)), (1, (2, 0.000281289, 5.602e-5, 0.000337632)), (1, (3, 0.000217558, 5.7801e-5, 0.000275558))]), (5776, 0, 1.9203e-5, [(0, (0, 1.24e-7, 1.3752e-5, 1.4066e-5)), (0, (1, 8.9e-8, 1.4335e-5, 1.4515e-5)), (0, (2, 4.8e-8, 1.8432e-5, 1.8573e-5)), (0, (3, 4.9e-8, 1.869e-5, 1.8831e-5))]), (5792, 7, 0.000735857, [(2, (0, 0.000727489, 7.693e-6, 0.000735276)), (2, (1, 0.00047467, 0.000115955, 0.000590813)), (2, (2, 0.000439806, 5.1569e-5, 0.000491593)), (1, (3, 0.000315692, 0.000126051, 0.00044195))]), (5808, 6, 0.000706294, [(2, (0, 0.00042878, 1.4857e-5, 0.00044383)), (2, (1, 0.000489712, 0.000193278, 0.0006833)), (1, (2, 0.000202108, 7.8198e-5, 0.000280512)), (1, (3, 0.000256718, 0.000235976, 0.000492904))]), (5824, 7, 0.001329656, [(2, (0, 0.000418621, 1.4065e-5, 0.000432886)), (2, (1, 0.00108582, 0.000110123, 0.001196251)), (2, (2, 0.000392155, 2.5522e-5, 0.00041786)), (1, (3, 0.000212926, 0.000136252, 0.000349616))]), (5840, 9, 0.000638632, [(3, (0, 0.00062376, 1.4055e-5, 0.000638014)), (2, (1, 0.000491321, 6.4432e-5, 0.000556067)), (2, (2, 0.000443534, 2.606e-5, 0.000469761)), (2, (3, 0.00039907, 0.000138011, 0.000537286))]), (5856, 7, 0.000629167, [(2, (0, 0.000306588, 1.5369e-5, 0.000322166)), (2, (1, 0.000435009, 9.3374e-5, 0.000528707)), (2, (2, 0.000574802, 2.5922e-5, 0.000600915)), (1, (3, 0.000327734, 0.000142461, 0.000470445))]), (5872, 9, 0.000626004, [(3, (0, 0.000606054, 1.881e-5, 0.000625072)), (2, (1, 0.000526664, 5.9087e-5, 0.000586117)), (2, (2, 0.000503709, 3.0133e-5, 0.000534012)), (2, (3, 0.000428418, 4.2895e-5, 0.000471521))]), (5888, 9, 0.000857533, [(3, (0, 0.000837143, 1.9177e-5, 0.000856545)), (2, (1, 0.000802341, 4.6865e-5, 0.000849442)), (2, (2, 0.000347673, 3.1235e-5, 0.000379076)), (2, (3, 0.00055067, 4.2196e-5, 0.000593041))]), (5904, 4, 0.000489449, [(1, (0, 0.000367801, 2.1158e-5, 0.000389161)), (1, (1, 0.000399413, 6.2895e-5, 0.000462493)), (1, (2, 0.000218869, 3.505e-5, 0.000254109)), (1, (3, 0.000264772, 6.1405e-5, 0.000326347))]), (5920, 8, 0.000735996, [(2, (0, 0.000401681, 1.8174e-5, 0.000420056)), (2, (1, 0.000669925, 2.9216e-5, 0.000699353)), (2, (2, 0.000359244, 6.7014e-5, 0.000426563)), (2, (3, 0.000606658, 7.3886e-5, 0.000680746))]), (5936, 16, 0.001137853, [(4, (0, 0.000586996, 1.5466e-5, 0.000602645)), (4, (1, 0.001071488, 4.2529e-5, 0.001114242)), (4, (2, 0.00081939, 0.000127049, 0.000946763)), (4, (3, 0.000771547, 0.000129006, 0.000900723))]), (5952, 12, 0.000861503, [(3, (0, 0.000767871, 1.689e-5, 0.000784964)), (3, (1, 0.000716592, 0.000120157, 0.000837073)), (3, (2, 0.000602598, 2.8786e-5, 0.000631574)), (3, (3, 0.000649709, 0.000120528, 0.000770449))]), (5968, 11, 0.001440643, [(3, (0, 0.000714016, 9.592e-6, 0.000723767)), (3, (1, 0.00130567, 0.000107415, 0.001414386)), (3, (2, 0.001153225, 9.243e-5, 0.001245828)), (2, (3, 0.000730171, 9.9122e-5, 0.000829544))]), (5984, 12, 0.000843051, [(3, (0, 0.000511734, 1.4511e-5, 0.000526443)), (3, (1, 0.000726655, 9.5606e-5, 0.000822578)), (3, (2, 0.000773463, 2.497e-5, 0.000798635)), (3, (3, 0.000676546, 0.000135826, 0.00081256))]), (6000, 11, 0.001058151, [(3, (0, 0.000561663, 1.6012e-5, 0.000577877)), (3, (1, 0.000747884, 0.000105583, 0.000853806)), (3, (2, 0.001006259, 2.7056e-5, 0.001033595)), (2, (3, 0.000625104, 0.000126716, 0.000752112))]), (6016, 1, 0.00039169, [(1, (0, 0.000375486, 1.5579e-5, 0.000391266)), (0, (1, 1.45e-7, 3.1887e-5, 3.2221e-5)), (0, (2, 1.25e-7, 9.0551e-5, 9.0907e-5)), (0, (3, 4.8e-8, 9.1445e-5, 9.1586e-5))]), (6032, 6, 0.000709118, [(2, (0, 0.00041873, 1.4911e-5, 0.000433831)), (2, (1, 0.000432163, 0.000257347, 0.000689634)), (1, (2, 0.000187323, 6.9142e-5, 0.000256657)), (1, (3, 0.000253787, 0.000182903, 0.000436989))]), (6048, 6, 0.00089372, [(2, (0, 0.000433433, 1.7752e-5, 0.000451335)), (2, (1, 0.000638297, 0.000186003, 0.000824613)), (1, (2, 0.000336549, 6.8288e-5, 0.000405036)), (1, (3, 0.000172887, 7.7882e-5, 0.00025097))]), (6064, 9, 0.000966408, [(3, (0, 0.000770574, 7.575e-6, 0.000778291)), (2, (1, 0.000793182, 0.000148999, 0.000942497)), (2, (2, 0.00059993, 2.7652e-5, 0.000627749)), (2, (3, 0.000468762, 0.000248252, 0.000717297))]), (6080, 8, 0.000689017, [(2, (0, 0.000417592, 1.4066e-5, 0.00043186)), (2, (1, 0.000403785, 2.6221e-5, 0.000430179)), (2, (2, 0.000566315, 0.000101514, 0.000668006)), (2, (3, 0.000442906, 0.000200671, 0.000643868))]), (6096, 9, 0.000918389, [(3, (0, 0.000723144, 1.4231e-5, 0.000737583)), (2, (1, 0.000445623, 2.585e-5, 0.000471664)), (2, (2, 0.000736526, 0.000118928, 0.000855759)), (2, (3, 0.000650207, 0.000222282, 0.000872818))]), (6112, 6, 0.000581459, [(2, (0, 0.000560602, 1.0444e-5, 0.000571231)), (2, (1, 0.000459387, 0.000112186, 0.000571915)), (1, (2, 0.00034483, 1.7969e-5, 0.000363003)), (1, (3, 0.000210665, 3.4469e-5, 0.000245433))]), (6128, 6, 0.00054684, [(2, (0, 0.000529026, 1.6998e-5, 0.000546236)), (2, (1, 0.000393077, 3.2122e-5, 0.000425406)), (1, (2, 0.000216279, 0.000111727, 0.000328306)), (1, (3, 0.00018636, 0.000117632, 0.00030421))]), (6144, 14, 0.00109863, [(4, (0, 0.000845559, 1.3829e-5, 0.000859602)), (4, (1, 0.000903317, 0.000170156, 0.001073778)), (3, (2, 0.000618987, 2.5595e-5, 0.000644762)), (3, (3, 0.000734533, 0.000258158, 0.000992903))]), (6160, 4, 0.000496298, [(1, (0, 0.000248395, 1.5137e-5, 0.000263731)), (1, (1, 0.000206245, 0.000139132, 0.000345714)), (1, (2, 0.00039944, 7.2765e-5, 0.00047241)), (1, (3, 0.000193604, 0.000118867, 0.000312794))]), (6176, 9, 0.001084269, [(3, (0, 0.001066948, 1.6465e-5, 0.001083613)), (2, (1, 0.000412086, 2.8463e-5, 0.000440751)), (2, (2, 0.000684527, 4.4415e-5, 0.000729454)), (2, (3, 0.000424296, 5.8831e-5, 0.000485555))]), (6192, 7, 0.000610309, [(2, (0, 0.000594584, 1.4951e-5, 0.000609714)), (2, (1, 0.000413529, 0.000102605, 0.000516441)), (2, (2, 0.000556226, 2.7346e-5, 0.000583741)), (1, (3, 0.000284537, 0.000142993, 0.000427746))]), (6208, 11, 0.001155761, [(3, (0, 0.000615012, 1.5301e-5, 0.000630511)), (3, (1, 0.000989728, 9.979e-5, 0.001089837)), (3, (2, 0.001024154, 2.6081e-5, 0.001050415)), (2, (3, 0.00068448, 0.000119004, 0.000804347))]), (6224, 11, 0.001170299, [(3, (0, 0.000656101, 2.69e-5, 0.000683186)), (3, (1, 0.000903746, 0.000108469, 0.001012919)), (3, (2, 0.00111124, 3.8136e-5, 0.001149559)), (2, (3, 0.000583218, 7.3576e-5, 0.000657098))]), (6240, 13, 0.001424027, [(4, (0, 0.001342454, 1.865e-5, 0.001361278)), (3, (1, 0.001263155, 0.000136363, 0.001399844)), (3, (2, 0.001275376, 2.9267e-5, 0.001304835)), (3, (3, 0.001044944, 0.000136678, 0.001181817))]), (6256, 11, 0.000762293, [(3, (0, 0.000640864, 1.391e-5, 0.000654962)), (3, (1, 0.000596995, 0.000140237, 0.000737542)), (3, (2, 0.000723107, 2.2935e-5, 0.000746227)), (2, (3, 0.00039965, 0.000151932, 0.000551812))]), (6272, 13, 0.001431414, [(4, (0, 0.001045497, 1.6154e-5, 0.00106185)), (3, (1, 0.001014463, 0.000162489, 0.001177275)), (3, (2, 0.000958183, 2.6903e-5, 0.000985256)), (3, (3, 0.001153088, 0.000196166, 0.001349818))]), (6288, 8, 0.00056611, [(2, (0, 0.000508605, 1.0566e-5, 0.000519348)), (2, (1, 0.000481832, 5.7812e-5, 0.000541051)), (2, (2, 0.000502343, 1.9288e-5, 0.000521848)), (2, (3, 0.000458806, 4.9613e-5, 0.000508646))]), (6304, 8, 0.000684731, [(2, (0, 0.000333515, 1.3787e-5, 0.000347484)), (2, (1, 0.000505947, 0.000155465, 0.000661731)), (2, (2, 0.000391277, 2.4767e-5, 0.000416253)), (2, (3, 0.000375675, 0.000156682, 0.00053256))]), (6320, 6, 0.000554463, [(2, (0, 0.000455714, 1.1732e-5, 0.000467646)), (2, (1, 0.000426281, 0.000102052, 0.00052867)), (1, (2, 0.000160504, 2.3042e-5, 0.000183724)), (1, (3, 0.000173282, 0.0001189, 0.00030077))]), (6336, 6, 0.000713028, [(2, (0, 0.00048854, 1.4984e-5, 0.000503722)), (2, (1, 0.000523582, 0.000163669, 0.000687548)), (1, (2, 0.000322885, 2.5939e-5, 0.000349011)), (1, (3, 0.000260699, 0.000204675, 0.000466314))]), (6352, 11, 0.001159874, [(3, (0, 0.000639409, 8.055e-6, 0.000647623)), (3, (1, 0.000992241, 0.000118355, 0.001110909)), (3, (2, 0.000690394, 1.9505e-5, 0.000710098)), (2, (3, 0.000577607, 0.000159992, 0.000738398))]), (6368, 14, 0.001505417, [(4, (0, 0.001494027, 1.0173e-5, 0.001504387)), (4, (1, 0.001318628, 4.7035e-5, 0.001365842)), (3, (2, 0.001015329, 3.4847e-5, 0.001050403)), (3, (3, 0.000979729, 9.0953e-5, 0.001070999))]), (6384, 16, 0.001423809, [(4, (0, 0.000969077, 2.1255e-5, 0.000990558)), (4, (1, 0.001245, 0.000149189, 0.001397612)), (4, (2, 0.000990686, 3.4294e-5, 0.001025173)), (4, (3, 0.001144698, 0.000183047, 0.001328404))]), (6400, 5, 0.000441477, [(2, (0, 0.000423437, 1.7194e-5, 0.000440834)), (1, (1, 0.000261549, 0.000117196, 0.000378956)), (1, (2, 0.000200547, 3.7144e-5, 0.0002379)), (1, (3, 0.000229612, 0.000115625, 0.000345519))]), (6416, 7, 0.000580746, [(2, (0, 0.000371232, 1.4441e-5, 0.000385896)), (2, (1, 0.000446995, 0.000106061, 0.000553355)), (2, (2, 0.000471525, 2.3764e-5, 0.000495479)), (1, (3, 0.000213176, 0.000106296, 0.000319692))]), (6432, 7, 0.001039829, [(2, (0, 0.000700131, 1.7339e-5, 0.000717663)), (2, (1, 0.000942149, 6.908e-5, 0.001011738)), (2, (2, 0.000614486, 9.3389e-5, 0.000708349)), (1, (3, 0.000568131, 0.000109109, 0.000677565))]), (6448, 11, 0.000889821, [(3, (0, 0.00052376, 1.6195e-5, 0.000540159)), (3, (1, 0.000839074, 3.0344e-5, 0.000869614)), (3, (2, 0.000823961, 4.7072e-5, 0.000871353)), (2, (3, 0.000511997, 0.000108697, 0.000620987))]), (6464, 9, 0.000662838, [(3, (0, 0.000528854, 2.1485e-5, 0.000550563)), (2, (1, 0.000439428, 0.000110906, 0.000550544)), (2, (2, 0.000601718, 3.3636e-5, 0.00063555)), (2, (3, 0.00044406, 0.000109958, 0.000554328))]), (6480, 12, 0.001137832, [(3, (0, 0.001045653, 1.9773e-5, 0.001065622)), (3, (1, 0.001050153, 4.7269e-5, 0.001097628)), (3, (2, 0.000828191, 3.2676e-5, 0.000861051)), (3, (3, 0.000689563, 0.000116638, 0.000807043))]), (6496, 13, 0.001133757, [(4, (0, 0.001112512, 1.9574e-5, 0.001132473)), (3, (1, 0.000836967, 5.2424e-5, 0.00088957)), (3, (2, 0.001079012, 3.3991e-5, 0.001113374)), (3, (3, 0.000882434, 9.9558e-5, 0.000982303))]), (6512, 12, 0.001244594, [(3, (0, 0.000946353, 2.6915e-5, 0.000973504)), (3, (1, 0.000836105, 7.2695e-5, 0.000908993)), (3, (2, 0.000919686, 6.3789e-5, 0.000983786)), (3, (3, 0.001070727, 8.3757e-5, 0.001154762))]), (6528, 8, 0.000730308, [(2, (0, 0.000433486, 2.014e-5, 0.000453847)), (2, (1, 0.000446231, 2.6272e-5, 0.000472702)), (2, (2, 0.000497126, 4.7473e-5, 0.000544916)), (2, (3, 0.000630838, 5.3615e-5, 0.000684698))]), (6544, 8, 0.000667748, [(2, (0, 0.000393639, 1.6041e-5, 0.000409879)), (2, (1, 0.000449181, 4.0612e-5, 0.000490123)), (2, (2, 0.000572444, 2.7735e-5, 0.000600341)), (2, (3, 0.000574286, 4.4194e-5, 0.000618702))]), (6560, 13, 0.000915787, [(4, (0, 0.000902559, 1.2196e-5, 0.000914967)), (3, (1, 0.000651721, 2.1788e-5, 0.000673677)), (3, (2, 0.000576658, 1.413e-5, 0.000590998)), (3, (3, 0.000657448, 2.8749e-5, 0.000686498))]), (6576, 11, 0.000899035, [(3, (0, 0.000762245, 2.303e-5, 0.000785511)), (3, (1, 0.000805516, 6.6631e-5, 0.000872381)), (3, (2, 0.000696579, 5.1088e-5, 0.000747926)), (2, (3, 0.000392778, 7.1107e-5, 0.000464243))]), (6592, 10, 0.000892514, [(3, (0, 0.000874079, 1.7548e-5, 0.00089181)), (3, (1, 0.00080274, 3.4691e-5, 0.000837645)), (2, (2, 0.000648752, 5.3e-5, 0.000701959)), (2, (3, 0.000647032, 6.0269e-5, 0.000707544))]), (6608, 13, 0.001058521, [(4, (0, 0.000994702, 1.6407e-5, 0.001011304)), (3, (1, 0.000961672, 4.2576e-5, 0.001004471)), (3, (2, 0.000856654, 2.8225e-5, 0.000885061)), (3, (3, 0.000917353, 0.000102302, 0.001019959))]), (6624, 10, 0.000823761, [(3, (0, 0.000643584, 1.7212e-5, 0.000660993)), (3, (1, 0.000703711, 3.2601e-5, 0.000736508)), (2, (2, 0.000481332, 5.3812e-5, 0.000535494)), (2, (3, 0.000445335, 8.9511e-5, 0.000535834))]), (6640, 8, 0.000697643, [(2, (0, 0.000604596, 2.0655e-5, 0.000625454)), (2, (1, 0.000573465, 0.000100314, 0.000673965)), (2, (2, 0.000492443, 8.0224e-5, 0.000572975)), (2, (3, 0.000441579, 9.8856e-5, 0.000540719))]), (6656, 1, 0.000275891, [(1, (0, 0.000260172, 1.5008e-5, 0.000275408)), (0, (1, 1.07e-7, 6.42e-5, 6.4536e-5)), (0, (2, 1.27e-7, 5.0103e-5, 5.0545e-5)), (0, (3, 4.9e-8, 5.113e-5, 5.1288e-5))]), (6672, 15, 0.000955692, [(4, (0, 0.000895347, 1.6708e-5, 0.000912251)), (4, (1, 0.000889773, 4.2027e-5, 0.000932027)), (4, (2, 0.000900586, 3.2284e-5, 0.000933105)), (3, (3, 0.000579608, 4.9122e-5, 0.000628954))]), (6688, 9, 0.000554721, [(3, (0, 0.000482942, 1.7197e-5, 0.000500337)), (2, (1, 0.000486587, 4.34e-5, 0.000530167)), (2, (2, 0.000449771, 3.2883e-5, 0.000482904)), (2, (3, 0.000374929, 4.9441e-5, 0.000424603))]), (6704, 11, 0.000868135, [(3, (0, 0.000551925, 1.6301e-5, 0.000568454)), (3, (1, 0.000601454, 4.2971e-5, 0.000644647)), (3, (2, 0.000811123, 2.8558e-5, 0.00084)), (2, (3, 0.00067847, 4.8163e-5, 0.000726839))]), (6720, 14, 0.001623598, [(4, (0, 0.001031336, 4.3177e-5, 0.001074745)), (4, (1, 0.001557203, 2.9895e-5, 0.001587532)), (3, (2, 0.001054391, 1.928e-5, 0.001074016)), (3, (3, 0.000859209, 4.8551e-5, 0.000908146))]), (6736, 13, 0.001057727, [(4, (0, 0.000983962, 1.1086e-5, 0.00099523)), (3, (1, 0.000764391, 6.4048e-5, 0.000828688)), (3, (2, 0.000647667, 3.9414e-5, 0.000687281)), (3, (3, 0.00089673, 5.4244e-5, 0.000951255))]), (6752, 8, 0.000742175, [(2, (0, 0.000517953, 1.7307e-5, 0.00053546)), (2, (1, 0.000378194, 4.4722e-5, 0.000423126)), (2, (2, 0.000560739, 3.3525e-5, 0.000594564)), (2, (3, 0.000592182, 5.2527e-5, 0.000644987))]), (6768, 10, 0.000843104, [(3, (0, 0.000736858, 2.0942e-5, 0.00075807)), (3, (1, 0.000725682, 4.208e-5, 0.00076802)), (2, (2, 0.00076102, 5.5066e-5, 0.000816386)), (2, (3, 0.000542172, 6.7622e-5, 0.000610086))]), (6784, 14, 0.00100306, [(4, (0, 0.000723607, 1.7209e-5, 0.000741046)), (4, (1, 0.000937934, 4.2796e-5, 0.000981001)), (3, (2, 0.00060422, 3.0339e-5, 0.00063477)), (3, (3, 0.000603449, 4.8867e-5, 0.000652555))]), (6800, 6, 0.000878371, [(2, (0, 0.000569346, 1.9907e-5, 0.00058945)), (2, (1, 0.000760009, 9.1646e-5, 0.000852686)), (1, (2, 0.000341383, 3.8449e-5, 0.000380034)), (1, (3, 0.000551635, 5.1309e-5, 0.000603158))]), (6816, 10, 0.000940661, [(3, (0, 0.000821141, 1.919e-5, 0.000840541)), (3, (1, 0.000864223, 4.9543e-5, 0.000913986)), (2, (2, 0.000587729, 3.7012e-5, 0.000625005)), (2, (3, 0.000578464, 5.8326e-5, 0.000637027))]), (6832, 4, 0.000342699, [(1, (0, 0.000266837, 1.6451e-5, 0.000283504)), (1, (1, 0.000260388, 5.8598e-5, 0.000319338)), (1, (2, 0.000164312, 3.4075e-5, 0.000198634)), (1, (3, 0.000261663, 4.548e-5, 0.000307364))]), (6848, 13, 0.001006646, [(4, (0, 0.000837533, 1.8899e-5, 0.000856662)), (3, (1, 0.000918227, 6.1716e-5, 0.000980318)), (3, (2, 0.000789236, 4.1951e-5, 0.000831416)), (3, (3, 0.000668154, 6.167e-5, 0.000730059))]), (6864, 4, 0.000495038, [(1, (0, 0.000243456, 1.5e-5, 0.000258656)), (1, (1, 0.00023096, 4.8622e-5, 0.000279818)), (1, (2, 0.000338654, 3.6372e-5, 0.000375378)), (1, (3, 0.000345741, 9.5628e-5, 0.000442079))]), (6880, 9, 0.00084391, [(3, (0, 0.000542701, 1.1272e-5, 0.00055417)), (2, (1, 0.000363865, 6.9021e-5, 0.00043311)), (2, (2, 0.000587084, 5.862e-5, 0.000645966)), (2, (3, 0.000722744, 7.7407e-5, 0.000800354))]), (6896, 11, 0.001045282, [(3, (0, 0.000597471, 1.7554e-5, 0.000615243)), (3, (1, 0.000768259, 3.0388e-5, 0.000798847)), (3, (2, 0.000977639, 4.2656e-5, 0.001020589)), (2, (3, 0.000431609, 5.0695e-5, 0.000482576))]), (6912, 7, 0.00081984, [(2, (0, 0.000734381, 2.0014e-5, 0.000754611)), (2, (1, 0.00073432, 5.8959e-5, 0.00079353)), (2, (2, 0.00052113, 4.7224e-5, 0.000568624)), (1, (3, 0.000244108, 8.9248e-5, 0.000333928))]), (6928, 9, 0.00109494, [(3, (0, 0.001074568, 1.9207e-5, 0.001094008)), (2, (1, 0.000591269, 5.767e-5, 0.000649324)), (2, (2, 0.000520601, 3.1993e-5, 0.000552778)), (2, (3, 0.000593721, 4.4534e-5, 0.00063847))]), (6944, 10, 0.000915541, [(3, (0, 0.000514404, 1.769e-5, 0.000532298)), (3, (1, 0.000827919, 5.4768e-5, 0.000883025)), (2, (2, 0.000414237, 3.9286e-5, 0.0004538)), (2, (3, 0.000492168, 0.000118138, 0.000610673))]), (6960, 6, 0.000736289, [(2, (0, 0.000648874, 1.1712e-5, 0.000660762)), (2, (1, 0.000666481, 2.9319e-5, 0.000696032)), (1, (2, 0.000182019, 1.9433e-5, 0.000201723)), (1, (3, 0.000332583, 4.1193e-5, 0.000374012))]), (6976, 12, 0.000889586, [(3, (0, 0.000615199, 1.8429e-5, 0.000633867)), (3, (1, 0.00075209, 5.6958e-5, 0.000809347)), (3, (2, 0.000710344, 3.3438e-5, 0.000743966)), (3, (3, 0.000795227, 6.015e-5, 0.000855678))]), (6992, 9, 0.000705428, [(3, (0, 0.000586466, 2.1599e-5, 0.000608291)), (2, (1, 0.000460222, 5.1559e-5, 0.000512205)), (2, (2, 0.000579029, 3.6712e-5, 0.00061597)), (2, (3, 0.000609489, 5.7778e-5, 0.000667485))]), (7008, 7, 0.00082537, [(2, (0, 0.000489793, 1.6861e-5, 0.000506892)), (2, (1, 0.000449438, 6.3194e-5, 0.000512829)), (2, (2, 0.000747972, 5.1065e-5, 0.000799391)), (1, (3, 0.000367032, 8.5995e-5, 0.00045336))]), (7024, 6, 0.000369964, [(2, (0, 0.000351917, 1.7127e-5, 0.000369247)), (2, (1, 0.000311723, 4.5994e-5, 0.000357922)), (1, (2, 0.000159847, 3.2112e-5, 0.000192171)), (1, (3, 0.00017147, 5.0226e-5, 0.000221918))]), (7040, 4, 0.000459591, [(1, (0, 0.00013438, 1.4978e-5, 0.000149559)), (1, (1, 0.00018358, 4.9081e-5, 0.000232876)), (1, (2, 0.000175085, 2.9713e-5, 0.000204987)), (1, (3, 0.000379962, 4.2701e-5, 0.000422872))]), (7056, 6, 0.000616779, [(2, (0, 0.000385587, 8.806e-6, 0.000394571)), (2, (1, 0.000480662, 1.6854e-5, 0.000497689)), (1, (2, 0.000585587, 9.25e-6, 0.00059504)), (1, (3, 0.000172035, 2.1106e-5, 0.00019332))]), (7072, 6, 0.000576376, [(2, (0, 0.000351298, 1.6479e-5, 0.000367975)), (2, (1, 0.000458624, 4.1373e-5, 0.000500196)), (1, (2, 0.000167991, 3.1919e-5, 0.000200134)), (1, (3, 0.000443699, 4.6345e-5, 0.000490291))]), (7088, 9, 0.000886342, [(3, (0, 0.000869621, 1.5366e-5, 0.000885202)), (2, (1, 0.000322417, 5.6471e-5, 0.000379139)), (2, (2, 0.000330293, 4.7075e-5, 0.000377834)), (2, (3, 0.00040815, 4.9997e-5, 0.000458496))]), (7104, 7, 0.000676196, [(2, (0, 0.000396142, 2.7164e-5, 0.000423521)), (2, (1, 0.000597061, 5.2539e-5, 0.000649873)), (2, (2, 0.000566828, 4.1396e-5, 0.000608507)), (1, (3, 0.000340872, 5.8744e-5, 0.000399846))]), (7120, 12, 0.000892307, [(3, (0, 0.00087278, 1.8534e-5, 0.000891522)), (3, (1, 0.000704446, 4.792e-5, 0.000752591)), (3, (2, 0.000510994, 3.5935e-5, 0.00054714)), (3, (3, 0.000646072, 9.6527e-5, 0.000743665))]), (7136, 6, 0.000854016, [(2, (0, 0.000665066, 1.7158e-5, 0.000682433)), (2, (1, 0.000781656, 4.4727e-5, 0.000826604)), (1, (2, 0.000433599, 3.4362e-5, 0.000468212)), (1, (3, 0.000304317, 5.4207e-5, 0.000358749))]), (7152, 7, 0.000786759, [(2, (0, 0.000483865, 1.5857e-5, 0.000499933)), (2, (1, 0.000681443, 3.4819e-5, 0.000716494)), (2, (2, 0.000603917, 4.4899e-5, 0.000649031)), (1, (3, 0.000285983, 5.2357e-5, 0.000338637))]), (7168, 13, 0.000998046, [(4, (0, 0.000924326, 1.9242e-5, 0.0009438)), (3, (1, 0.000943311, 3.2375e-5, 0.000975924)), (3, (2, 0.000937752, 4.5263e-5, 0.000983194)), (3, (3, 0.000733629, 5.4007e-5, 0.000787823))]), (7184, 9, 0.001192734, [(3, (0, 0.001175286, 1.6571e-5, 0.001192034)), (2, (1, 0.000566141, 3.285e-5, 0.00059917)), (2, (2, 0.000690409, 2.3252e-5, 0.000713865)), (2, (3, 0.000507499, 3.8476e-5, 0.000546177))]), (7200, 8, 0.00094173, [(2, (0, 0.000342825, 1.5731e-5, 0.000358755)), (2, (1, 0.000810815, 0.000106225, 0.000917398)), (2, (2, 0.000651428, 3.4193e-5, 0.000685801)), (2, (3, 0.000507715, 0.000113715, 0.000621709))]), (7216, 10, 0.000879596, [(3, (0, 0.000678763, 9.067e-6, 0.000687984)), (3, (1, 0.000791324, 5.9904e-5, 0.000851553)), (2, (2, 0.000676364, 4.4779e-5, 0.00072132)), (2, (3, 0.000720441, 5.61e-5, 0.000776757))]), (7232, 8, 0.000744079, [(2, (0, 0.000516601, 1.9411e-5, 0.000536218)), (2, (1, 0.000603431, 6.7815e-5, 0.000671562)), (2, (2, 0.000491224, 4.9684e-5, 0.000541147)), (2, (3, 0.00061394, 7.0028e-5, 0.000684193))]), (7248, 4, 0.000409288, [(1, (0, 0.00023891, 1.4624e-5, 0.000253723)), (1, (1, 0.000191776, 3.834e-5, 0.00023036)), (1, (2, 0.000322657, 2.6863e-5, 0.000349727)), (1, (3, 0.000174885, 4.2753e-5, 0.000217816))]), (7264, 3, 0.000435104, [(1, (0, 0.000362459, 1.4886e-5, 0.000377545)), (1, (1, 0.000372145, 4.1218e-5, 0.000413457)), (1, (2, 0.000147434, 2.7665e-5, 0.000175308)), (0, (3, 1.51e-7, 4.0269e-5, 4.069e-5))]), (7280, 4, 0.000945512, [(1, (0, 0.000253728, 1.4752e-5, 0.000268691)), (1, (1, 0.000146565, 5.3857e-5, 0.000200637)), (1, (2, 0.000519508, 4.1161e-5, 0.00056091)), (1, (3, 0.00084515, 5.8018e-5, 0.000903375))]), (7296, 11, 0.001084641, [(3, (0, 0.001074665, 9.187e-6, 0.001083998)), (3, (1, 0.000464051, 2.6775e-5, 0.00049105)), (3, (2, 0.000456742, 2.1105e-5, 0.000478182)), (2, (3, 0.00030236, 5.5399e-5, 0.000357984))]), (7312, 9, 0.000652068, [(3, (0, 0.000446252, 1.6646e-5, 0.000463098)), (2, (1, 0.000496481, 5.4486e-5, 0.000551208)), (2, (2, 0.000600474, 3.0797e-5, 0.000631463)), (2, (3, 0.000318221, 4.6406e-5, 0.000364863))]), (7328, 7, 0.000534091, [(2, (0, 0.000474195, 1.6245e-5, 0.000490641)), (2, (1, 0.000461218, 5.0934e-5, 0.000512388)), (2, (2, 0.000474468, 4.0347e-5, 0.000515091)), (1, (3, 0.000225985, 6.2232e-5, 0.000288609))]), (7344, 8, 0.000605266, [(2, (0, 0.000264235, 2.4194e-5, 0.000288626)), (2, (1, 0.00052228, 5.7742e-5, 0.00058023)), (2, (2, 0.000489711, 3.6992e-5, 0.000526913)), (2, (3, 0.000453859, 5.0265e-5, 0.000504357))]), (7360, 9, 0.001325808, [(3, (0, 0.001086958, 4.9437e-5, 0.001136616)), (2, (1, 0.001217864, 6.4771e-5, 0.001282881)), (2, (2, 0.000565143, 7.65e-5, 0.000641894)), (2, (3, 0.000468288, 8.018e-5, 0.000548641))]), (7376, 7, 0.000540364, [(2, (0, 0.000309262, 3.3152e-5, 0.000342652)), (2, (1, 0.000368647, 4.7352e-5, 0.000416233)), (2, (2, 0.00037657, 5.9469e-5, 0.000436225)), (1, (3, 0.000438476, 6.4599e-5, 0.00050325))]), (7392, 7, 0.00065539, [(2, (0, 0.000501763, 1.6953e-5, 0.000518917)), (2, (1, 0.000585528, 4.6339e-5, 0.000632134)), (2, (2, 0.000388318, 2.977e-5, 0.000418328)), (1, (3, 0.000260446, 5.0265e-5, 0.00031088))]), (7408, 9, 0.000884814, [(3, (0, 0.000866778, 1.6277e-5, 0.000883441)), (2, (1, 0.000430807, 5.8079e-5, 0.000489141)), (2, (2, 0.000309604, 4.4746e-5, 0.000354539)), (2, (3, 0.000320872, 6.7462e-5, 0.000388596))]), (7424, 10, 0.00114737, [(3, (0, 0.001018293, 2.2485e-5, 0.001041007)), (3, (1, 0.001032858, 8.4547e-5, 0.001117617)), (2, (2, 0.000596018, 7.356e-5, 0.00066982)), (2, (3, 0.000625922, 0.000139968, 0.000766212))]), (7440, 10, 0.001209953, [(3, (0, 0.000489799, 1.6817e-5, 0.00050686)), (3, (1, 0.001087545, 8.6103e-5, 0.001174662)), (2, (2, 0.000373292, 3.2221e-5, 0.000405763)), (2, (3, 0.000375339, 4.5923e-5, 0.000421431))]), (7456, 8, 0.000620139, [(2, (0, 0.00045783, 1.7365e-5, 0.000475405)), (2, (1, 0.000394089, 4.8828e-5, 0.000443196)), (2, (2, 0.000555814, 3.4197e-5, 0.000590391)), (2, (3, 0.000359952, 8.9749e-5, 0.000450416))]), (7472, 9, 0.000576138, [(3, (0, 0.000556575, 1.8438e-5, 0.000575278)), (2, (1, 0.000368475, 4.5576e-5, 0.000414299)), (2, (2, 0.000387439, 3.3609e-5, 0.000421259)), (2, (3, 0.000348922, 5.1171e-5, 0.000400324))]), (7488, 9, 0.000708986, [(3, (0, 0.000607907, 1.7625e-5, 0.000625794)), (2, (1, 0.000602156, 8.5171e-5, 0.000687544)), (2, (2, 0.000385182, 3.3386e-5, 0.000418793)), (2, (3, 0.000377541, 9.3497e-5, 0.000471926))]), (7504, 4, 0.000663627, [(1, (0, 0.000361679, 9.064e-6, 0.000370906)), (1, (1, 0.000147921, 7.4542e-5, 0.000222669)), (1, (2, 0.000569774, 6.3015e-5, 0.000633105)), (1, (3, 0.000287836, 7.0671e-5, 0.000358803))]), (7520, 12, 0.00083977, [(3, (0, 0.000819809, 1.8868e-5, 0.000838897)), (3, (1, 0.000698224, 4.6248e-5, 0.000744687)), (3, (2, 0.000673874, 3.4192e-5, 0.000708321)), (3, (3, 0.000486961, 7.2566e-5, 0.00056004))]), (7536, 11, 0.000888973, [(3, (0, 0.000580857, 1.7752e-5, 0.000598839)), (3, (1, 0.000740785, 5.7851e-5, 0.000798926)), (3, (2, 0.000659466, 4.1014e-5, 0.000700792)), (2, (3, 0.000605863, 4.8811e-5, 0.000654916))]), (7552, 15, 0.000976979, [(4, (0, 0.00085618, 2.0009e-5, 0.000876402)), (4, (1, 0.000799259, 4.6746e-5, 0.000846225)), (4, (2, 0.000917601, 3.3316e-5, 0.000951152)), (3, (3, 0.000718117, 5.7398e-5, 0.000775848))]), (7568, 5, 0.000700331, [(2, (0, 0.000678532, 2.079e-5, 0.000699515)), (1, (1, 0.000365219, 8.0808e-5, 0.000446729)), (1, (2, 0.000384019, 3.357e-5, 0.000417762)), (1, (3, 0.000365976, 4.6882e-5, 0.00041315))]), (7584, 6, 0.000831834, [(2, (0, 0.000811443, 1.9531e-5, 0.000831173)), (2, (1, 0.000589458, 6.1356e-5, 0.000651145)), (1, (2, 0.000718583, 3.3087e-5, 0.000751871)), (1, (3, 0.000306304, 5.2999e-5, 0.00035965))]), (7600, 7, 0.000672647, [(2, (0, 0.000476029, 2.1906e-5, 0.00049812)), (2, (1, 0.000408023, 5.1206e-5, 0.000459409)), (2, (2, 0.000602109, 4.0029e-5, 0.000642475)), (1, (3, 0.000260438, 9.0907e-5, 0.000352109))]), (7616, 9, 0.000828105, [(3, (0, 0.000814702, 1.2606e-5, 0.000827449)), (2, (1, 0.000320593, 5.2444e-5, 0.000373264)), (2, (2, 0.000296569, 3.3389e-5, 0.000330332)), (2, (3, 0.00033533, 4.696e-5, 0.000382576))]), (7632, 9, 0.000581306, [(3, (0, 0.000474763, 1.4808e-5, 0.000489758)), (2, (1, 0.000401849, 8.6746e-5, 0.000489697)), (2, (2, 0.000317953, 2.9244e-5, 0.000347389)), (2, (3, 0.000454213, 8.3807e-5, 0.000538309))]), (7648, 13, 0.000735804, [(4, (0, 0.000664682, 1.624e-5, 0.000681143)), (3, (1, 0.000660086, 3.1106e-5, 0.000691382)), (3, (2, 0.000644137, 4.3738e-5, 0.000709327)), (3, (3, 0.000645932, 5.0369e-5, 0.00069655))]), (7664, 11, 0.000718797, [(3, (0, 0.000667974, 1.5427e-5, 0.000683607)), (3, (1, 0.000626544, 3.9859e-5, 0.000666683)), (3, (2, 0.000670803, 2.6935e-5, 0.000697925)), (2, (3, 0.000389621, 4.9899e-5, 0.000439798))]), (7680, 8, 0.000593257, [(2, (0, 0.00046628, 1.6656e-5, 0.000483133)), (2, (1, 0.000410971, 4.1865e-5, 0.000453058)), (2, (2, 0.000421985, 2.8035e-5, 0.000450194)), (2, (3, 0.000468857, 4.894e-5, 0.000518051))]), (7696, 11, 0.000990738, [(3, (0, 0.00040643, 1.9503e-5, 0.000426132)), (3, (1, 0.000894087, 5.5171e-5, 0.000949674)), (3, (2, 0.000810219, 3.6103e-5, 0.000846619)), (2, (3, 0.00039716, 4.8446e-5, 0.000445799))]), (7712, 7, 0.000499745, [(2, (0, 0.000301038, 9.012e-6, 0.00031022)), (2, (1, 0.000312021, 6.3014e-5, 0.000375287)), (2, (2, 0.000433129, 4.546e-5, 0.000478822)), (1, (3, 0.000167796, 5.5121e-5, 0.00022309))]), (7728, 8, 0.0005284, [(2, (0, 0.000508826, 1.8775e-5, 0.000527788)), (2, (1, 0.000374537, 4.734e-5, 0.000422094)), (2, (2, 0.000290787, 3.0461e-5, 0.000321425)), (2, (3, 0.000299889, 4.2277e-5, 0.000342347))]), (7744, 13, 0.00073676, [(4, (0, 0.000720017, 1.5819e-5, 0.000736039)), (3, (1, 0.00049071, 3.8076e-5, 0.000528972)), (3, (2, 0.000596234, 2.7504e-5, 0.000623907)), (3, (3, 0.000596375, 4.3653e-5, 0.000640233))]), (7760, 12, 0.001120403, [(3, (0, 0.000664727, 1.6134e-5, 0.000681053)), (3, (1, 0.00104876, 4.1468e-5, 0.00109041)), (3, (2, 0.000714659, 2.7618e-5, 0.00074245)), (3, (3, 0.000818454, 4.6147e-5, 0.00086478))]), (7776, 12, 0.000974096, [(3, (0, 0.000946727, 2.6537e-5, 0.00097346)), (3, (1, 0.000827237, 6.4801e-5, 0.000892374)), (3, (2, 0.000617087, 4.0558e-5, 0.000657859)), (3, (3, 0.000789225, 0.000101953, 0.000891643))]), (7792, 13, 0.000919151, [(4, (0, 0.000696759, 1.8242e-5, 0.000715226)), (3, (1, 0.000654987, 8.3264e-5, 0.000738418)), (3, (2, 0.00065982, 3.0162e-5, 0.000690168)), (3, (3, 0.000766001, 0.000109533, 0.000876016))]), (7808, 10, 0.000658855, [(3, (0, 0.000637779, 2.0058e-5, 0.000658067)), (3, (1, 0.000598262, 4.5683e-5, 0.000644149)), (2, (2, 0.000463633, 3.321e-5, 0.000497093)), (2, (3, 0.000429749, 5.0592e-5, 0.000480633))]), (7824, 5, 0.000541884, [(2, (0, 0.000519335, 2.1585e-5, 0.000541147)), (1, (1, 0.000147484, 4.4337e-5, 0.000192013)), (1, (2, 0.000143177, 3.2725e-5, 0.000176097)), (1, (3, 0.000138811, 4.9479e-5, 0.000188487))]), (7840, 15, 0.001059704, [(4, (0, 0.001041279, 1.7519e-5, 0.001059002)), (4, (1, 0.000666589, 8.3392e-5, 0.000750155)), (4, (2, 0.000659014, 3.2488e-5, 0.000691716)), (3, (3, 0.000505218, 9.2504e-5, 0.000601275))]), (7856, 16, 0.000928796, [(4, (0, 0.000910396, 1.6931e-5, 0.000927545)), (4, (1, 0.000773728, 5.5468e-5, 0.000829387)), (4, (2, 0.000771532, 3.3539e-5, 0.000805253)), (4, (3, 0.000783029, 4.8872e-5, 0.000832108))]), (7872, 8, 0.000512415, [(2, (0, 0.000315623, 2.4755e-5, 0.000340585)), (2, (1, 0.000347121, 4.7522e-5, 0.000394868)), (2, (2, 0.000452622, 3.5635e-5, 0.00048844)), (2, (3, 0.000354406, 6.4776e-5, 0.00041938))]), (7888, 13, 0.000925139, [(4, (0, 0.000906497, 1.771e-5, 0.000924394)), (3, (1, 0.000835945, 4.8102e-5, 0.000884256)), (3, (2, 0.00051779, 2.9213e-5, 0.000547191)), (3, (3, 0.000591791, 4.2862e-5, 0.000634825))]), (7904, 2, 0.000377118, [(1, (0, 0.000357811, 1.8607e-5, 0.000376613)), (1, (1, 0.000216637, 6.4301e-5, 0.000281051)), (0, (2, 1.39e-7, 6.3062e-5, 6.3375e-5)), (0, (3, 6.7e-8, 6.3691e-5, 6.3852e-5))]), (7920, 7, 0.000590794, [(2, (0, 0.00047623, 1.7439e-5, 0.000493868)), (2, (1, 0.00044972, 0.000116551, 0.000566979)), (2, (2, 0.000377227, 3.1863e-5, 0.000409278)), (1, (3, 0.000232521, 7.8092e-5, 0.000310774))]), (7936, 9, 0.000592062, [(3, (0, 0.00052034, 1.6011e-5, 0.000536576)), (2, (1, 0.000385305, 6.0762e-5, 0.000446233)), (2, (2, 0.000391466, 3.0316e-5, 0.000421962)), (2, (3, 0.000490415, 6.7354e-5, 0.000557959))]), (7952, 13, 0.000918097, [(4, (0, 0.000876965, 3.9811e-5, 0.00091698)), (3, (1, 0.000540653, 9.6716e-5, 0.000637645)), (3, (2, 0.000510307, 1.4503e-5, 0.000524993)), (3, (3, 0.000469057, 2.6542e-5, 0.000495823))]), (7968, 15, 0.001105132, [(4, (0, 0.000906541, 2.0595e-5, 0.000927386)), (4, (1, 0.000661185, 8.908e-5, 0.000750478)), (4, (2, 0.001043734, 3.4793e-5, 0.001078695)), (3, (3, 0.000648834, 0.000128959, 0.000778601))]), (7984, 9, 0.00051136, [(3, (0, 0.000496137, 1.4474e-5, 0.000510778)), (2, (1, 0.000452663, 4.0104e-5, 0.000492973)), (2, (2, 0.000483681, 2.5574e-5, 0.000509404)), (2, (3, 0.000390241, 4.5886e-5, 0.000436418))]), (8000, 11, 0.000844494, [(3, (0, 0.000574472, 1.3791e-5, 0.000588461)), (3, (1, 0.000767658, 4.0791e-5, 0.000808645)), (3, (2, 0.000730254, 3.3104e-5, 0.000766814)), (2, (3, 0.000397348, 4.8776e-5, 0.000446336))]), (8016, 11, 0.000787977, [(3, (0, 0.00062656, 1.6106e-5, 0.000642887)), (3, (1, 0.000709594, 5.1634e-5, 0.000761477)), (3, (2, 0.000581841, 4.3099e-5, 0.000625239)), (2, (3, 0.000466405, 0.000104723, 0.000571705))]), (8032, 12, 0.000757117, [(3, (0, 0.000611682, 1.7276e-5, 0.000629171)), (3, (1, 0.000666856, 5.7903e-5, 0.000725225)), (3, (2, 0.000543911, 3.0251e-5, 0.000574405)), (3, (3, 0.000589552, 5.4049e-5, 0.000643925))]), (8048, 10, 0.000687824, [(3, (0, 0.000671751, 1.5127e-5, 0.000687106)), (3, (1, 0.000630577, 4.3635e-5, 0.00067447)), (2, (2, 0.000430783, 2.7858e-5, 0.000458834)), (2, (3, 0.000528455, 5.0363e-5, 0.000579144))]), (8064, 10, 0.00074573, [(3, (0, 0.000605558, 1.7077e-5, 0.000622859)), (3, (1, 0.000672185, 5.0243e-5, 0.000722638)), (2, (2, 0.00051966, 3.1862e-5, 0.000551739)), (2, (3, 0.000600077, 4.3814e-5, 0.000644114))]), (8080, 10, 0.000687507, [(3, (0, 0.000636104, 1.9922e-5, 0.000656227)), (3, (1, 0.000624674, 4.1192e-5, 0.000666075)), (2, (2, 0.000464901, 3.0662e-5, 0.000495755)), (2, (3, 0.000351854, 4.5922e-5, 0.00039797))]), (8096, 12, 0.000858316, [(3, (0, 0.000693999, 1.6152e-5, 0.000710354)), (3, (1, 0.0008045, 3.0997e-5, 0.000835717)), (3, (2, 0.00070592, 4.2755e-5, 0.00074888)), (3, (3, 0.00071415, 4.7963e-5, 0.00076232))]), (8112, 15, 0.001106875, [(4, (0, 0.00064547, 1.6643e-5, 0.000662312)), (4, (1, 0.000989708, 9.3295e-5, 0.001083348)), (4, (2, 0.000744079, 3.0519e-5, 0.000774803)), (3, (3, 0.000507271, 9.4665e-5, 0.00060212))]), (8128, 10, 0.000792822, [(3, (0, 0.000773335, 1.8453e-5, 0.000791979)), (3, (1, 0.000614665, 2.633e-5, 0.000641201)), (2, (2, 0.000392461, 3.8472e-5, 0.000431119)), (2, (3, 0.000479779, 4.2264e-5, 0.000522232))]), (8144, 9, 0.000602105, [(3, (0, 0.000581159, 2.003e-5, 0.000601413)), (2, (1, 0.000439132, 0.000131621, 0.000571679)), (2, (2, 0.000502287, 3.4235e-5, 0.000536709)), (2, (3, 0.000363848, 9.4861e-5, 0.000458962))]), (8160, 12, 0.000735404, [(3, (0, 0.000613183, 1.5497e-5, 0.000628989)), (3, (1, 0.000517954, 4.2157e-5, 0.000560311)), (3, (2, 0.000678151, 2.7622e-5, 0.000705949)), (3, (3, 0.000470904, 4.9066e-5, 0.000520225))]), (8176, 7, 0.00069525, [(2, (0, 0.000323152, 1.0776e-5, 0.000334113)), (2, (1, 0.000538947, 6.17e-5, 0.000600858)), (2, (2, 0.000602181, 5.2898e-5, 0.000655571)), (1, (3, 0.000270884, 6.1485e-5, 0.000332673))]), (8192, 14, 0.00107823, [(4, (0, 0.001062651, 1.4618e-5, 0.00107746)), (4, (1, 0.001035665, 2.722e-5, 0.001063088)), (3, (2, 0.001014609, 4.3237e-5, 0.001058141)), (3, (3, 0.000860211, 9.2332e-5, 0.000953264))]), (8208, 11, 0.000788669, [(3, (0, 0.000659466, 1.588e-5, 0.000675568)), (3, (1, 0.000716129, 4.6645e-5, 0.000763064)), (3, (2, 0.000681205, 2.7351e-5, 0.00070873)), (2, (3, 0.000440813, 5.2418e-5, 0.000493429))]), (8224, 13, 0.000813846, [(4, (0, 0.00061688, 1.8495e-5, 0.000635581)), (3, (1, 0.000684316, 0.000104251, 0.000788779)), (3, (2, 0.000509606, 8.1804e-5, 0.000591609)), (3, (3, 0.000501462, 9.9874e-5, 0.000601551))]), (8240, 16, 0.000924289, [(4, (0, 0.000863102, 1.7647e-5, 0.000880946)), (4, (1, 0.000670429, 9.6429e-5, 0.000767043)), (4, (2, 0.000834033, 6.4646e-5, 0.000898967)), (4, (3, 0.000775497, 0.000106016, 0.000881772))]), (8256, 11, 0.000932646, [(3, (0, 0.000914114, 1.7719e-5, 0.000932024)), (3, (1, 0.000676221, 4.875e-5, 0.000725199)), (3, (2, 0.000594877, 3.3711e-5, 0.000628903)), (2, (3, 0.00075697, 5.4294e-5, 0.000811621))]), (8272, 6, 0.000655634, [(2, (0, 0.000424697, 1.5422e-5, 0.000440319)), (2, (1, 0.000504629, 4.364e-5, 0.000548569)), (1, (2, 0.000598572, 3.1138e-5, 0.00062997)), (1, (3, 0.000153996, 4.8262e-5, 0.000202455))]), (8288, 8, 0.000592761, [(2, (0, 0.000330114, 1.613e-5, 0.000346442)), (2, (1, 0.000516696, 4.4832e-5, 0.000561747)), (2, (2, 0.000419379, 3.0757e-5, 0.000450389)), (2, (3, 0.000348404, 5.7961e-5, 0.000406593))]), (8304, 7, 0.000563158, [(2, (0, 0.000445299, 1.6811e-5, 0.000462357)), (2, (1, 0.000428816, 4.8417e-5, 0.000477428)), (2, (2, 0.000507982, 2.9604e-5, 0.000537788)), (1, (3, 0.000239201, 4.3536e-5, 0.00028297))]), (8320, 8, 0.000662114, [(2, (0, 0.000473697, 1.8572e-5, 0.00049247)), (2, (1, 0.000316125, 0.000108229, 0.000424818)), (2, (2, 0.000349985, 3.8346e-5, 0.000388637)), (2, (3, 0.000539877, 8.6275e-5, 0.000626721))]), (8336, 15, 0.001142732, [(4, (0, 0.000821585, 1.902e-5, 0.000840785)), (4, (1, 0.000950419, 6.937e-5, 0.001020003)), (4, (2, 0.001066854, 5.3615e-5, 0.001120746)), (3, (3, 0.00079927, 6.3125e-5, 0.000862599))]), (8352, 9, 0.001078269, [(3, (0, 0.001061625, 1.5746e-5, 0.001077569)), (2, (1, 0.000315814, 3.8954e-5, 0.000354946)), (2, (2, 0.00033259, 2.8189e-5, 0.00036099)), (2, (3, 0.000363798, 8.353e-5, 0.00044755))]), (8368, 10, 0.001240631, [(3, (0, 0.00055394, 1.7445e-5, 0.000571592)), (3, (1, 0.001175717, 4.27e-5, 0.001218614)), (2, (2, 0.000500892, 2.9322e-5, 0.000530397)), (2, (3, 0.000398054, 9.1104e-5, 0.000489375))]), (8384, 8, 0.000625083, [(2, (0, 0.000496051, 6.522e-6, 0.000502726)), (2, (1, 0.000413993, 4.7602e-5, 0.000461815)), (2, (2, 0.000464569, 2.6941e-5, 0.000491695)), (2, (3, 0.000534985, 4.9818e-5, 0.000584989))]), (8400, 14, 0.000986698, [(4, (0, 0.000818337, 1.768e-5, 0.000836207)), (4, (1, 0.000933269, 3.2198e-5, 0.000965682)), (3, (2, 0.000785077, 4.2778e-5, 0.000828032)), (3, (3, 0.000682668, 5.1428e-5, 0.000734279))]), (8416, 13, 0.00097768, [(4, (0, 0.000961933, 1.4885e-5, 0.000977002)), (3, (1, 0.000777502, 3.7212e-5, 0.000814894)), (3, (2, 0.000724704, 2.6501e-5, 0.000751397)), (3, (3, 0.000532877, 4.413e-5, 0.000577208))]), (8432, 11, 0.000802378, [(3, (0, 0.000705281, 1.3678e-5, 0.00071915)), (3, (1, 0.000729797, 3.7423e-5, 0.000767408)), (3, (2, 0.000736923, 2.6022e-5, 0.00076315)), (2, (3, 0.000550557, 7.7848e-5, 0.000629129))]), (8448, 12, 0.001135858, [(3, (0, 0.00086808, 1.9812e-5, 0.000888134)), (3, (1, 0.000580524, 4.8321e-5, 0.000629033)), (3, (2, 0.001077261, 3.2787e-5, 0.001110234)), (3, (3, 0.000870994, 4.4029e-5, 0.000915215))]), (8464, 13, 0.001100386, [(4, (0, 0.001023304, 1.0982e-5, 0.001034444)), (3, (1, 0.00093016, 0.000134961, 0.001065509)), (3, (2, 0.000889521, 7.4123e-5, 0.00096421)), (3, (3, 0.000659873, 8.4815e-5, 0.000744889))]), (8480, 15, 0.000995592, [(4, (0, 0.000950279, 2.3747e-5, 0.00097433)), (4, (1, 0.000887186, 9.7757e-5, 0.000985124)), (4, (2, 0.000860369, 3.7756e-5, 0.000898321)), (3, (3, 0.000620577, 4.9584e-5, 0.000670355))]), (8496, 14, 0.000928632, [(4, (0, 0.000752825, 1.9078e-5, 0.000772146)), (4, (1, 0.000840953, 4.718e-5, 0.00088835)), (3, (2, 0.000559525, 3.0713e-5, 0.000590432)), (3, (3, 0.000579802, 5.3985e-5, 0.00063401))]), (8512, 11, 0.000769534, [(3, (0, 0.000484295, 1.7961e-5, 0.000502487)), (3, (1, 0.000551263, 4.8336e-5, 0.000599788)), (3, (2, 0.000717468, 3.0634e-5, 0.000748345)), (2, (3, 0.000295173, 4.1852e-5, 0.000337213))]), (8528, 9, 0.000720912, [(3, (0, 0.000704137, 1.5924e-5, 0.000720274)), (2, (1, 0.000413592, 4.5056e-5, 0.000458836)), (2, (2, 0.000491581, 2.7658e-5, 0.000519405)), (2, (3, 0.000359195, 3.8803e-5, 0.00039817))]), (8544, 8, 0.000621172, [(2, (0, 0.000395784, 1.6422e-5, 0.000412406)), (2, (1, 0.000442588, 9.3163e-5, 0.000535918)), (2, (2, 0.000405946, 3.575e-5, 0.000441882)), (2, (3, 0.000454849, 0.000132116, 0.000587728))]), (8560, 9, 0.000729794, [(3, (0, 0.000713493, 1.5446e-5, 0.000729137)), (2, (1, 0.000514593, 2.6818e-5, 0.000541603)), (2, (2, 0.00052574, 9.225e-5, 0.000618241)), (2, (3, 0.000416285, 0.00014012, 0.000556721))]), (8576, 11, 0.000771799, [(3, (0, 0.000754545, 1.6408e-5, 0.000771133)), (3, (1, 0.000595542, 8.2525e-5, 0.000678236)), (3, (2, 0.000700163, 2.8072e-5, 0.000728449)), (2, (3, 0.000568342, 0.000130768, 0.000699828))]), (8592, 13, 0.000696561, [(4, (0, 0.00067991, 1.5822e-5, 0.000695933)), (3, (1, 0.000511487, 9.9202e-5, 0.000610995)), (3, (2, 0.000580281, 2.6821e-5, 0.000607306)), (3, (3, 0.000487374, 9.8866e-5, 0.000586436))]), (8608, 13, 0.001186019, [(4, (0, 0.000623221, 1.67e-5, 0.000640123)), (3, (1, 0.000938291, 0.000208571, 0.001147429)), (3, (2, 0.000566767, 2.7843e-5, 0.000594803)), (3, (3, 0.000576403, 0.000146433, 0.000723141))]), (8624, 13, 0.000966854, [(4, (0, 0.000952386, 1.3653e-5, 0.000966236)), (3, (1, 0.000756583, 8.8336e-5, 0.000845235)), (3, (2, 0.00073617, 2.7718e-5, 0.000764085)), (3, (3, 0.000735653, 0.000125001, 0.00086096))]), (8640, 13, 0.000777371, [(4, (0, 0.000694743, 1.5011e-5, 0.000709943)), (3, (1, 0.000661152, 0.000100763, 0.000762227)), (3, (2, 0.000569239, 2.8332e-5, 0.000597761)), (3, (3, 0.000600122, 0.000141235, 0.000741618))]), (8656, 10, 0.000791001, [(3, (0, 0.000714688, 1.762e-5, 0.000732491)), (3, (1, 0.00066252, 0.00010421, 0.000767062)), (2, (2, 0.000547401, 2.863e-5, 0.000576234)), (2, (3, 0.00027685, 0.000104693, 0.000381774))]), (8672, 13, 0.000976707, [(4, (0, 0.000960233, 1.5606e-5, 0.000976039)), (3, (1, 0.000756999, 0.000112736, 0.000870047)), (3, (2, 0.000690032, 2.6235e-5, 0.000716457)), (3, (3, 0.000781419, 0.000147968, 0.000930056))]), (8688, 8, 0.001298389, [(2, (0, 0.000483055, 1.4506e-5, 0.000497758)), (2, (1, 0.000478413, 0.000279951, 0.000758671)), (2, (2, 0.000579989, 0.000141171, 0.000721367)), (2, (3, 0.001063076, 0.000193503, 0.0012571))]), (8704, 11, 0.000849478, [(3, (0, 0.000505278, 9.26e-6, 0.000514688)), (3, (1, 0.000796062, 3.0036e-5, 0.000826329)), (3, (2, 0.000493345, 1.9235e-5, 0.000512771)), (2, (3, 0.00058451, 3.8928e-5, 0.000623749))]), (8720, 10, 0.001192037, [(3, (0, 0.000703582, 1.8138e-5, 0.000721954)), (3, (1, 0.001067902, 6.4667e-5, 0.00113279)), (2, (2, 0.000625716, 4.6574e-5, 0.000672523)), (2, (3, 0.000369237, 5.9147e-5, 0.000428606))]), (8736, 10, 0.000803045, [(3, (0, 0.000634009, 1.7677e-5, 0.000651864)), (3, (1, 0.000691319, 8.9089e-5, 0.000780582)), (2, (2, 0.000590392, 0.000101293, 0.000691876)), (2, (3, 0.000532687, 0.000131028, 0.000664047))]), (8752, 13, 0.00099566, [(4, (0, 0.000979347, 1.5383e-5, 0.000994916)), (3, (1, 0.000838324, 8.6142e-5, 0.000924675)), (3, (2, 0.000785526, 2.9492e-5, 0.000815211)), (3, (3, 0.000865865, 9.2056e-5, 0.000958173))]), (8768, 10, 0.000727678, [(3, (0, 0.00071089, 1.5693e-5, 0.000726784)), (3, (1, 0.000610898, 7.6639e-5, 0.000687856)), (2, (2, 0.000657999, 2.6714e-5, 0.000684894)), (2, (3, 0.000528666, 7.6442e-5, 0.000605273))]), (8784, 8, 0.000494937, [(2, (0, 0.000402397, 1.712e-5, 0.000419706)), (2, (1, 0.000374229, 9.0515e-5, 0.000465077)), (2, (2, 0.000461138, 3.0159e-5, 0.000491493)), (2, (3, 0.000335331, 9.0415e-5, 0.000425951))]), (8800, 10, 0.000774447, [(3, (0, 0.000755059, 1.7929e-5, 0.000773207)), (3, (1, 0.000626464, 5.4115e-5, 0.000680782)), (2, (2, 0.000431419, 2.9721e-5, 0.000461311)), (2, (3, 0.000434175, 4.4059e-5, 0.000478425))]), (8816, 9, 0.000803123, [(3, (0, 0.000602553, 1.6277e-5, 0.00061903)), (2, (1, 0.000544356, 0.000235759, 0.000780445)), (2, (2, 0.000572658, 0.00012205, 0.000695012)), (2, (3, 0.000439461, 0.000242039, 0.000681751))]), (8832, 4, 0.000378413, [(1, (0, 0.000147211, 1.7947e-5, 0.000165354)), (1, (1, 0.000168488, 9.1345e-5, 0.000260008)), (1, (2, 0.000212453, 5.0604e-5, 0.00026337)), (1, (3, 0.000246246, 9.3778e-5, 0.000340248))]), (8848, 4, 0.000338533, [(1, (0, 0.000194901, 1.0107e-5, 0.000205166)), (1, (1, 0.000310669, 1.8879e-5, 0.000329731)), (1, (2, 0.000272099, 1.4784e-5, 0.000287063)), (1, (3, 0.000229684, 6.7165e-5, 0.000297153))]), (8864, 9, 0.0006706, [(3, (0, 0.000652308, 1.7459e-5, 0.000669961)), (2, (1, 0.000487502, 0.000143089, 0.000630912)), (2, (2, 0.000411582, 2.8334e-5, 0.00044011)), (2, (3, 0.000365994, 0.000142773, 0.000508956))]), (8880, 14, 0.000844999, [(4, (0, 0.000698269, 4.0672e-5, 0.000739134)), (4, (1, 0.000733478, 8.8998e-5, 0.000822682)), (3, (2, 0.000501905, 7.9433e-5, 0.000581522)), (3, (3, 0.000582543, 0.000109533, 0.000692289))]), (8896, 14, 0.000967499, [(4, (0, 0.000951188, 1.5344e-5, 0.000966734)), (4, (1, 0.000789448, 6.0323e-5, 0.0008501)), (3, (2, 0.000755609, 2.7253e-5, 0.000783061)), (3, (3, 0.000682802, 6.1495e-5, 0.000744503))]), (8912, 11, 0.001111152, [(3, (0, 0.000573215, 1.4683e-5, 0.000588099)), (3, (1, 0.000872915, 0.000121232, 0.000994609)), (3, (2, 0.001017468, 2.6329e-5, 0.001043964)), (2, (3, 0.000488452, 9.9025e-5, 0.000587771))]), (8928, 10, 0.000854479, [(3, (0, 0.000689051, 1.6612e-5, 0.000705838)), (3, (1, 0.000659512, 0.00017056, 0.000830376)), (2, (2, 0.000396887, 4.6538e-5, 0.000443627)), (2, (3, 0.000524401, 0.000170578, 0.000695196))]), (8944, 11, 0.000685619, [(3, (0, 0.000463659, 1.5027e-5, 0.000478882)), (3, (1, 0.000538613, 0.000109719, 0.000648577)), (3, (2, 0.000579862, 2.6187e-5, 0.00060623)), (2, (3, 0.000460147, 0.000107498, 0.000567928))]), (8960, 11, 0.000852678, [(3, (0, 0.000475798, 2.0553e-5, 0.000496586)), (3, (1, 0.000736693, 8.2184e-5, 0.00081918)), (3, (2, 0.0005786, 3.3012e-5, 0.000611802)), (2, (3, 0.000304152, 4.6055e-5, 0.000350405))]), (8976, 13, 0.000851073, [(4, (0, 0.000674641, 2.1083e-5, 0.000695923)), (3, (1, 0.000613025, 0.000209671, 0.000823526)), (3, (2, 0.000507137, 3.682e-5, 0.000544168)), (3, (3, 0.000546555, 0.000168283, 0.000715147))]), (8992, 6, 0.000504434, [(2, (0, 0.000429275, 1.6402e-5, 0.000445871)), (2, (1, 0.000358866, 0.000123069, 0.000482256)), (1, (2, 0.000168037, 3.7576e-5, 0.000205799)), (1, (3, 0.000275097, 0.000123916, 0.000399205))]), (9008, 13, 0.000861188, [(4, (0, 0.00084406, 1.6219e-5, 0.000860463)), (3, (1, 0.000648515, 0.000178159, 0.000826992)), (3, (2, 0.000710779, 2.8138e-5, 0.000739123)), (3, (3, 0.000568659, 0.000178433, 0.000747304))]), (9024, 11, 0.000786106, [(3, (0, 0.000699306, 1.6258e-5, 0.000715764)), (3, (1, 0.000664537, 9.7466e-5, 0.00076232)), (3, (2, 0.000573812, 2.6982e-5, 0.000600961)), (2, (3, 0.000313422, 9.7487e-5, 0.0004111))]), (9040, 15, 0.001126844, [(4, (0, 0.000919752, 1.7482e-5, 0.000937433)), (4, (1, 0.000879863, 0.000161277, 0.001041468)), (4, (2, 0.001054347, 2.9022e-5, 0.001083607)), (3, (3, 0.00090947, 0.00018253, 0.00109257))]), (9056, 11, 0.000856498, [(3, (0, 0.0006797, 1.5566e-5, 0.000695452)), (3, (1, 0.000696075, 0.000135336, 0.000831716)), (3, (2, 0.000701814, 2.9251e-5, 0.000731264)), (2, (3, 0.000515169, 0.000139833, 0.00065525))]), (9072, 11, 0.000827311, [(3, (0, 0.000507517, 1.573e-5, 0.000523444)), (3, (1, 0.000668543, 0.000131421, 0.000800775)), (3, (2, 0.000632445, 2.6115e-5, 0.000658754)), (2, (3, 0.000358892, 9.3094e-5, 0.000452253))]), (9088, 7, 0.000678048, [(2, (0, 0.000270416, 7.869e-6, 0.000278438)), (2, (1, 0.000468151, 6.773e-5, 0.000536098)), (2, (2, 0.00059047, 5.9494e-5, 0.000650219)), (1, (3, 0.000136909, 9.1683e-5, 0.000228813))]), (9104, 15, 0.001511755, [(4, (0, 0.001491689, 1.8787e-5, 0.001510688)), (4, (1, 0.000910892, 4.1765e-5, 0.000953052)), (4, (2, 0.000866575, 3.0842e-5, 0.000897616)), (3, (3, 0.000648271, 5.5389e-5, 0.000703865))]), (9120, 11, 0.001122044, [(3, (0, 0.000794534, 1.8495e-5, 0.000813254)), (3, (1, 0.000951637, 0.000143534, 0.001095347)), (3, (2, 0.000930016, 8.3874e-5, 0.001014168)), (2, (3, 0.000556602, 0.000145723, 0.000702878))]), (9136, 10, 0.000780527, [(3, (0, 0.000466914, 1.8226e-5, 0.000485339)), (3, (1, 0.000723545, 2.7379e-5, 0.000751204)), (2, (2, 0.000537124, 8.1792e-5, 0.000619425)), (2, (3, 0.000379378, 8.4177e-5, 0.000463874))]), (9152, 8, 0.000577004, [(2, (0, 0.000301814, 2.2386e-5, 0.000324423)), (2, (1, 0.000334419, 3.6427e-5, 0.000371032)), (2, (2, 0.000442346, 5.9005e-5, 0.000501552)), (2, (3, 0.000338196, 6.5143e-5, 0.000403597))]), (9168, 9, 0.000652821, [(3, (0, 0.000639497, 1.1922e-5, 0.000651658)), (2, (1, 0.000459914, 6.6939e-5, 0.000527121)), (2, (2, 0.000547832, 5.1111e-5, 0.000600337)), (2, (3, 0.000513246, 0.000100171, 0.000614373))]), (9184, 5, 0.000639799, [(2, (0, 0.000600093, 3.8747e-5, 0.000639072)), (1, (1, 0.000241408, 7.3182e-5, 0.00031492)), (1, (2, 0.000176633, 5.0197e-5, 0.00022705)), (1, (3, 0.000280567, 8.083e-5, 0.000361732))]), (9200, 7, 0.00071089, [(2, (0, 0.000584084, 2.0654e-5, 0.000604957)), (2, (1, 0.000573489, 0.000111721, 0.000685423)), (2, (2, 0.000634086, 3.6681e-5, 0.00067097)), (1, (3, 0.000230839, 6.6457e-5, 0.000297593))]), (9216, 9, 0.000565741, [(3, (0, 0.000543497, 2.1228e-5, 0.000564946)), (2, (1, 0.000474148, 4.6554e-5, 0.000520919)), (2, (2, 0.00050726, 3.3421e-5, 0.000540897)), (2, (3, 0.000412652, 5.3449e-5, 0.000466365))]), (9232, 15, 0.000957279, [(4, (0, 0.000743128, 1.8667e-5, 0.000762001)), (4, (1, 0.000781644, 4.6698e-5, 0.000828541)), (4, (2, 0.00084736, 3.506e-5, 0.00088265)), (3, (3, 0.000563316, 5.4151e-5, 0.000617684))]), (9248, 13, 0.000908565, [(4, (0, 0.000760252, 1.6316e-5, 0.000776767)), (3, (1, 0.000726433, 5.4786e-5, 0.000781538)), (3, (2, 0.00077274, 2.8311e-5, 0.000801219)), (3, (3, 0.000813594, 4.7961e-5, 0.000861808))]), (9264, 11, 0.000896689, [(3, (0, 0.000658872, 2.0599e-5, 0.000679697)), (3, (1, 0.000761167, 7.0765e-5, 0.00083222)), (3, (2, 0.000722379, 4.9636e-5, 0.00077222)), (2, (3, 0.000406665, 6.2593e-5, 0.00046947))]), (9280, 10, 0.000750591, [(3, (0, 0.000469643, 1.5855e-5, 0.000485712)), (3, (1, 0.000678076, 4.7366e-5, 0.000725647)), (2, (2, 0.000459907, 3.623e-5, 0.000496501)), (2, (3, 0.000406168, 5.3233e-5, 0.000459625))]), (9296, 13, 0.00072027, [(4, (0, 0.000701938, 1.7284e-5, 0.000719438)), (3, (1, 0.000587213, 6.2044e-5, 0.000649514)), (3, (2, 0.000562733, 3.5594e-5, 0.000598543)), (3, (3, 0.000523198, 6.8811e-5, 0.000592245))]), (9312, 9, 0.000555454, [(3, (0, 0.000514254, 1.624e-5, 0.000530698)), (2, (1, 0.000500472, 4.0415e-5, 0.000541091)), (2, (2, 0.000344546, 2.9194e-5, 0.000373908)), (2, (3, 0.000319183, 4.6569e-5, 0.000365937))]), (9328, 13, 0.000916466, [(4, (0, 0.000744662, 1.7131e-5, 0.000762034)), (3, (1, 0.00083358, 4.4593e-5, 0.000878401)), (3, (2, 0.000802556, 3.1493e-5, 0.000834265)), (3, (3, 0.000542689, 4.8203e-5, 0.000591082))]), (9344, 10, 0.000843147, [(3, (0, 0.000597577, 1.9147e-5, 0.000616953)), (3, (1, 0.000690595, 7.8435e-5, 0.000769244)), (2, (2, 0.000383125, 5.7838e-5, 0.000441162)), (2, (3, 0.000501609, 7.5111e-5, 0.000576951))]), (9360, 9, 0.000691538, [(3, (0, 0.000672252, 1.8244e-5, 0.00069071)), (2, (1, 0.000590121, 4.4164e-5, 0.000634605)), (2, (2, 0.000430559, 2.9191e-5, 0.000459912)), (2, (3, 0.000516067, 4.7437e-5, 0.000563714))]), (9376, 14, 0.000954577, [(4, (0, 0.000914853, 2.1696e-5, 0.000936779)), (4, (1, 0.000888955, 5.6493e-5, 0.000945758)), (3, (2, 0.000674309, 3.6978e-5, 0.000711511)), (3, (3, 0.000702237, 4.6929e-5, 0.000749388))]), (9392, 13, 0.000632012, [(4, (0, 0.000614161, 1.7021e-5, 0.000631362)), (3, (1, 0.000533733, 2.5657e-5, 0.000559623)), (3, (2, 0.000519387, 4.5671e-5, 0.000565403)), (3, (3, 0.000497228, 5.4725e-5, 0.000552155))]), (9408, 6, 0.000597953, [(2, (0, 0.000337246, 1.63e-5, 0.000353761)), (2, (1, 0.000415128, 7.4324e-5, 0.000489713)), (1, (2, 0.000293132, 5.649e-5, 0.000350017)), (1, (3, 0.000477596, 8.0934e-5, 0.000558889))]), (9424, 14, 0.001202114, [(4, (0, 0.000892492, 2.6737e-5, 0.000919613)), (4, (1, 0.001100439, 6.9209e-5, 0.001169908)), (3, (2, 0.000631211, 5.5773e-5, 0.000687193)), (3, (3, 0.000595907, 7.468e-5, 0.000670803))]), (9440, 12, 0.000679436, [(3, (0, 0.000562082, 2.154e-5, 0.000583886)), (3, (1, 0.000591933, 5.6475e-5, 0.000648621)), (3, (2, 0.000494714, 3.4452e-5, 0.000529369)), (3, (3, 0.000532956, 6.274e-5, 0.00059588))]), (9456, 11, 0.00093123, [(3, (0, 0.000909954, 2.0172e-5, 0.000930426)), (3, (1, 0.000655032, 4.5172e-5, 0.000700419)), (3, (2, 0.000576997, 3.3851e-5, 0.000611123)), (2, (3, 0.000327232, 5.4215e-5, 0.000381658))]), (9472, 9, 0.000706976, [(3, (0, 0.000685685, 1.9585e-5, 0.000705556)), (2, (1, 0.000560806, 5.1113e-5, 0.000612331)), (2, (2, 0.00052747, 3.4683e-5, 0.000562351)), (2, (3, 0.000373174, 5.818e-5, 0.000431567))]), (9488, 13, 0.000883421, [(4, (0, 0.000860448, 2.1944e-5, 0.000882586)), (3, (1, 0.000719201, 0.000105368, 0.000824859)), (3, (2, 0.000692189, 3.3694e-5, 0.00072608)), (3, (3, 0.000630742, 9.8712e-5, 0.000729715))]), (9504, 10, 0.000683622, [(3, (0, 0.00066204, 2.0559e-5, 0.000682789)), (3, (1, 0.000469017, 4.4353e-5, 0.00051356)), (2, (2, 0.00038609, 3.2064e-5, 0.000418341)), (2, (3, 0.000442236, 9.9781e-5, 0.000542228))]), (9520, 8, 0.00085276, [(2, (0, 0.000423388, 2.0678e-5, 0.000444317)), (2, (1, 0.000681575, 4.4415e-5, 0.000726156)), (2, (2, 0.000795872, 3.2015e-5, 0.000828076)), (2, (3, 0.000516012, 7.1472e-5, 0.000588059))]), (9536, 12, 0.000746844, [(3, (0, 0.000636474, 2.003e-5, 0.000656692)), (3, (1, 0.00060549, 4.8064e-5, 0.000653761)), (3, (2, 0.000694538, 3.1578e-5, 0.00072631)), (3, (3, 0.000578285, 5.1601e-5, 0.000630079))]), (9552, 9, 0.000670191, [(3, (0, 0.000588141, 1.7231e-5, 0.000605567)), (2, (1, 0.000453607, 3.9383e-5, 0.000493188)), (2, (2, 0.00030703, 2.8586e-5, 0.000335798)), (2, (3, 0.000585083, 4.7852e-5, 0.000633144))]), (9568, 12, 0.000974579, [(3, (0, 0.000546621, 9.739e-6, 0.000556517)), (3, (1, 0.000772231, 3.2143e-5, 0.000804718)), (3, (2, 0.000912863, 1.8767e-5, 0.000931831)), (3, (3, 0.00055818, 2.4281e-5, 0.000582662))]), (9584, 13, 0.00084381, [(4, (0, 0.000803541, 3.9318e-5, 0.000843061)), (3, (1, 0.000538411, 7.293e-5, 0.000611554)), (3, (2, 0.000607153, 6.3289e-5, 0.000670623)), (3, (3, 0.000627095, 7.7941e-5, 0.00070523))]), (9600, 14, 0.001121466, [(4, (0, 0.001102432, 1.7967e-5, 0.001120614)), (4, (1, 0.000829043, 4.5749e-5, 0.000875003)), (3, (2, 0.000616482, 3.1639e-5, 0.000648342)), (3, (3, 0.000520218, 9.3425e-5, 0.000613845))]), (9616, 14, 0.001111822, [(4, (0, 0.000812701, 2.1499e-5, 0.00083438)), (4, (1, 0.000910587, 0.000123397, 0.001034164)), (3, (2, 0.000888836, 7.4135e-5, 0.000963168)), (3, (3, 0.000910114, 0.000166628, 0.001077476))]), (9632, 13, 0.000888633, [(4, (0, 0.000871669, 1.6053e-5, 0.000887911)), (3, (1, 0.00070277, 4.0634e-5, 0.000743621)), (3, (2, 0.000778388, 2.7172e-5, 0.000805734)), (3, (3, 0.000638192, 4.3592e-5, 0.000681959))]), (9648, 15, 0.001161805, [(4, (0, 0.000657231, 1.9696e-5, 0.000677124)), (4, (1, 0.001044585, 4.493e-5, 0.001089686)), (4, (2, 0.000804767, 3.2971e-5, 0.00083791)), (3, (3, 0.000624493, 5.0163e-5, 0.000674914))]), (9664, 14, 0.000882667, [(4, (0, 0.000652006, 9.38e-6, 0.000661529)), (4, (1, 0.000782418, 3.0363e-5, 0.000812961)), (3, (2, 0.00082614, 1.8283e-5, 0.000844631)), (3, (3, 0.000596355, 9.0578e-5, 0.000687197))]), (9680, 13, 0.001007501, [(4, (0, 0.000990856, 1.5034e-5, 0.001006126)), (3, (1, 0.000717635, 2.7571e-5, 0.000745397)), (3, (2, 0.000711288, 4.165e-5, 0.000753099)), (3, (3, 0.000764749, 4.817e-5, 0.000813196))]), (9696, 14, 0.001139936, [(4, (0, 0.000869531, 2.6388e-5, 0.000896173)), (4, (1, 0.00099986, 6.1484e-5, 0.001061526)), (3, (2, 0.000954435, 3.6926e-5, 0.000991547)), (3, (3, 0.000610513, 4.8968e-5, 0.000659673))]), (9712, 12, 0.00085634, [(3, (0, 0.000571858, 9.827e-6, 0.000581865)), (3, (1, 0.000688754, 3.5027e-5, 0.000723974)), (3, (2, 0.000607046, 2.7969e-5, 0.000635269)), (3, (3, 0.000635317, 4.0726e-5, 0.000676216))]), (9728, 8, 0.000606781, [(2, (0, 0.000448485, 2.2264e-5, 0.000471006)), (2, (1, 0.000394886, 4.8289e-5, 0.000443384)), (2, (2, 0.000542988, 3.3406e-5, 0.000576562)), (2, (3, 0.000432242, 0.000133315, 0.000565863))]), (9744, 7, 0.000468112, [(2, (0, 0.000384041, 1.7911e-5, 0.000402294)), (2, (1, 0.000382577, 5.86e-5, 0.000441395)), (2, (2, 0.000325978, 2.9182e-5, 0.000355347)), (1, (3, 0.000167244, 6.266e-5, 0.000230117))]), (9760, 9, 0.000887734, [(3, (0, 0.000522186, 1.8775e-5, 0.000541235)), (2, (1, 0.000691077, 0.000126047, 0.00081746)), (2, (2, 0.000576212, 3.0547e-5, 0.000606942)), (2, (3, 0.00033774, 4.0895e-5, 0.000378798))]), (9776, 13, 0.000842138, [(4, (0, 0.00072214, 1.3169e-5, 0.000735468)), (3, (1, 0.000614676, 4.8413e-5, 0.000663271)), (3, (2, 0.000702815, 4.1077e-5, 0.000744111)), (3, (3, 0.000709471, 9.1944e-5, 0.000802089))]), (9792, 14, 0.001063708, [(4, (0, 0.001042009, 2.08e-5, 0.001062988)), (4, (1, 0.000880631, 4.6997e-5, 0.00092781)), (3, (2, 0.00069349, 3.4936e-5, 0.000728628)), (3, (3, 0.000809515, 5.1197e-5, 0.000860939))]), (9808, 13, 0.000730486, [(4, (0, 0.000657748, 1.8066e-5, 0.000676013)), (3, (1, 0.000646937, 4.1753e-5, 0.000688867)), (3, (2, 0.000642899, 3.1242e-5, 0.000674315)), (3, (3, 0.000533124, 4.9307e-5, 0.000582621))]), (9824, 13, 0.00175672, [(4, (0, 0.001737918, 1.7576e-5, 0.001755677)), (3, (1, 0.00083477, 5.1247e-5, 0.000886213)), (3, (2, 0.001007557, 3.4418e-5, 0.001042296)), (3, (3, 0.001321639, 4.375e-5, 0.00136556))]), (9840, 13, 0.001126459, [(4, (0, 0.000954983, 1.9519e-5, 0.000974712)), (3, (1, 0.000979252, 0.00012487, 0.001104323)), (3, (2, 0.000659535, 7.1681e-5, 0.00073141)), (3, (3, 0.000545297, 0.000174066, 0.000719676))]), (9856, 14, 0.000989604, [(4, (0, 0.000902368, 1.6398e-5, 0.000918966)), (4, (1, 0.000845773, 2.8142e-5, 0.000874125)), (3, (2, 0.000724419, 8.6637e-5, 0.000811367)), (3, (3, 0.000782888, 0.00012092, 0.000904415))]), (9872, 14, 0.001515226, [(4, (0, 0.000906869, 1.8416e-5, 0.000925514)), (4, (1, 0.001407668, 7.8637e-5, 0.001486645)), (3, (2, 0.000740922, 3.127e-5, 0.000772398)), (3, (3, 0.000670272, 0.000127968, 0.000801996))]), (9888, 8, 0.000521167, [(2, (0, 0.000382922, 1.9655e-5, 0.000402794)), (2, (1, 0.000431287, 3.0638e-5, 0.000462105)), (2, (2, 0.000333759, 4.4511e-5, 0.000378524)), (2, (3, 0.000432936, 5.1893e-5, 0.000485059))]), (9904, 13, 0.000743726, [(4, (0, 0.000706886, 2.0189e-5, 0.00072728)), (3, (1, 0.00060793, 7.282e-5, 0.000681088)), (3, (2, 0.000703421, 3.1806e-5, 0.000735429)), (3, (3, 0.000495305, 7.4745e-5, 0.000570274))]), (9920, 15, 0.000950105, [(4, (0, 0.00080727, 1.6598e-5, 0.000824067)), (4, (1, 0.00083266, 8.9994e-5, 0.000922966)), (4, (2, 0.000712276, 2.7011e-5, 0.000739477)), (3, (3, 0.000588343, 8.9882e-5, 0.000678432))]), (9936, 13, 0.001067485, [(4, (0, 0.00083531, 1.894e-5, 0.000854445)), (3, (1, 0.000572639, 0.000112195, 0.000685168)), (3, (2, 0.000585422, 3.1469e-5, 0.000617086)), (3, (3, 0.000882602, 0.000146978, 0.001030309))]), (9952, 10, 0.000842059, [(3, (0, 0.000531243, 1.7876e-5, 0.000549312)), (3, (1, 0.000761205, 5.7596e-5, 0.000818986)), (2, (2, 0.000492022, 4.755e-5, 0.000539824)), (2, (3, 0.00037499, 6.3542e-5, 0.000438734))]), (9968, 12, 0.001050375, [(3, (0, 0.000848419, 1.1043e-5, 0.000859637)), (3, (1, 0.00092217, 0.000102514, 0.001025298)), (3, (2, 0.000713568, 4.2545e-5, 0.000756343)), (3, (3, 0.000601908, 5.2893e-5, 0.000654966))]), (9984, 10, 0.001267422, [(3, (0, 0.000785125, 1.0495e-5, 0.000795767)), (3, (1, 0.001082635, 0.000134971, 0.001218461)), (2, (2, 0.000390468, 2.354e-5, 0.000414189)), (2, (3, 0.000530891, 9.5243e-5, 0.000626426))]), (10000, 10, 0.000816059, [(3, (0, 0.000617003, 2.2714e-5, 0.000640006)), (3, (1, 0.000721048, 6.7681e-5, 0.00078901)), (2, (2, 0.000539722, 5.2128e-5, 0.000592247)), (2, (3, 0.000602997, 0.000100411, 0.000703748))]), (10016, 11, 0.000687842, [(3, (0, 0.000414937, 1.8624e-5, 0.000433775)), (3, (1, 0.000530069, 0.000129864, 0.00066026)), (3, (2, 0.000575636, 6.3127e-5, 0.000639059)), (2, (3, 0.000339426, 0.000134575, 0.000474224))]), (10032, 14, 0.000961299, [(4, (0, 0.000773872, 1.5682e-5, 0.000789783)), (4, (1, 0.000897604, 4.227e-5, 0.000940068)), (3, (2, 0.000704678, 3.0159e-5, 0.000735128)), (3, (3, 0.000606512, 0.000113064, 0.000719865))]), (10048, 14, 0.001044878, [(4, (0, 0.001027458, 1.6422e-5, 0.001044082)), (4, (1, 0.000804233, 4.048e-5, 0.00084494)), (3, (2, 0.000665831, 2.9447e-5, 0.000695468)), (3, (3, 0.000957126, 5.0763e-5, 0.001008198))]), (10064, 14, 0.000784683, [(4, (0, 0.00069603, 1.8994e-5, 0.000715214)), (4, (1, 0.000663191, 9.4789e-5, 0.000758292)), (3, (2, 0.000467125, 3.3618e-5, 0.00050101)), (3, (3, 0.000553046, 8.6553e-5, 0.000639893))]), (10080, 15, 0.001121969, [(4, (0, 0.000735521, 1.6391e-5, 0.000752114)), (4, (1, 0.001001736, 4.2859e-5, 0.001044809)), (4, (2, 0.000967086, 3.0207e-5, 0.000997524)), (3, (3, 0.000840539, 0.000122091, 0.000962936))]), (10096, 13, 0.000966065, [(4, (0, 0.000742742, 3.2729e-5, 0.000775692)), (3, (1, 0.000870694, 7.1017e-5, 0.00094197)), (3, (2, 0.000712099, 6.6609e-5, 0.000778885)), (3, (3, 0.000759571, 0.00010185, 0.000861707))]), (10112, 6, 0.000514751, [(2, (0, 0.000403391, 1.7942e-5, 0.000421522)), (2, (1, 0.000366614, 4.0675e-5, 0.000407478)), (1, (2, 0.000219261, 2.9394e-5, 0.00024886)), (1, (3, 0.000342272, 0.000130553, 0.000473132))]), (10128, 10, 0.000777529, [(3, (0, 0.000536361, 1.0508e-5, 0.000547017)), (3, (1, 0.000675188, 7.7289e-5, 0.000752808)), (2, (2, 0.000399265, 1.1701e-5, 0.000411153)), (2, (3, 0.000388678, 1.9138e-5, 0.000408044))]), (10144, 9, 0.000680417, [(3, (0, 0.000597053, 8.826e-6, 0.000606043)), (2, (1, 0.000418017, 0.000101195, 0.000519529)), (2, (2, 0.00046211, 4.6171e-5, 0.000508477)), (2, (3, 0.000584788, 6.1178e-5, 0.000646304))]), (10160, 10, 0.000864124, [(3, (0, 0.00075825, 1.6921e-5, 0.000775361)), (3, (1, 0.000797045, 4.5544e-5, 0.000842819)), (2, (2, 0.00044254, 2.7909e-5, 0.000470647)), (2, (3, 0.000602311, 0.000155557, 0.000758152))]), (10176, 9, 0.000658534, [(3, (0, 0.000527429, 1.4301e-5, 0.000541899)), (2, (1, 0.000485309, 0.000143121, 0.000628748)), (2, (2, 0.000521422, 2.5651e-5, 0.000547273)), (2, (3, 0.000589734, 3.7032e-5, 0.000626981))]), (10192, 12, 0.000828861, [(3, (0, 0.00052205, 1.759e-5, 0.000539828)), (3, (1, 0.00076881, 3.9848e-5, 0.000808833)), (3, (2, 0.000686242, 2.8813e-5, 0.00071526)), (3, (3, 0.000625841, 9.5362e-5, 0.000721508))]), (10208, 15, 0.001077366, [(4, (0, 0.00106015, 1.536e-5, 0.001075708)), (4, (1, 0.000969636, 3.7412e-5, 0.001007241)), (4, (2, 0.000889056, 2.646e-5, 0.000915691)), (3, (3, 0.000740842, 9.5609e-5, 0.000836776))]), (10224, 15, 0.001143842, [(4, (0, 0.000980622, 1.5884e-5, 0.000996698)), (4, (1, 0.001080718, 3.8398e-5, 0.001119353)), (4, (2, 0.001095294, 2.7197e-5, 0.00112268)), (3, (3, 0.000608839, 0.000144434, 0.000753585))]), (10240, 16, 0.001648532, [(4, (0, 0.000979977, 1.5756e-5, 0.000995924)), (4, (1, 0.001433843, 9.7818e-5, 0.001532024)), (4, (2, 0.000859663, 2.6506e-5, 0.000886345)), (4, (3, 0.001433923, 0.000143261, 0.001577507))]), (10256, 14, 0.001179131, [(4, (0, 0.001012239, 2.0232e-5, 0.001032669)), (4, (1, 0.000973037, 0.000173887, 0.001147232)), (3, (2, 0.000678485, 3.7001e-5, 0.000715685)), (3, (3, 0.000554385, 8.7502e-5, 0.000642123))]), (10272, 11, 0.000966676, [(3, (0, 0.000662443, 2.085e-5, 0.000683495)), (3, (1, 0.00090823, 3.5519e-5, 0.000943944)), (3, (2, 0.000647553, 5.2277e-5, 0.000700073)), (2, (3, 0.000600863, 0.000121268, 0.000722445))]), (10288, 12, 0.000862684, [(3, (0, 0.000678443, 2.163e-5, 0.000700305)), (3, (1, 0.000696339, 0.000134254, 0.000831987)), (3, (2, 0.000674363, 3.3453e-5, 0.000708029)), (3, (3, 0.000649119, 4.66e-5, 0.000696047))]), (10304, 14, 0.000928557, [(4, (0, 0.000866141, 1.9281e-5, 0.000885695)), (4, (1, 0.000837111, 3.3334e-5, 0.000870671)), (3, (2, 0.000816597, 4.5674e-5, 0.000862509)), (3, (3, 0.000771115, 0.000112633, 0.00088454))]), (10320, 14, 0.001157433, [(4, (0, 0.001136111, 2.0335e-5, 0.00115673)), (4, (1, 0.000978254, 3.3821e-5, 0.001012401)), (3, (2, 0.00074211, 6.7199e-5, 0.00080953)), (3, (3, 0.000784787, 7.1558e-5, 0.00085661))]), (10336, 14, 0.00093244, [(4, (0, 0.00091123, 2.0173e-5, 0.000931606)), (4, (1, 0.000788489, 4.6048e-5, 0.000834724)), (3, (2, 0.000639204, 3.6144e-5, 0.000675622)), (3, (3, 0.000743574, 0.000125866, 0.000869749))]), (10352, 13, 0.00078198, [(4, (0, 0.000607077, 1.7832e-5, 0.000625107)), (3, (1, 0.000618453, 4.0875e-5, 0.000659521)), (3, (2, 0.000511875, 2.9759e-5, 0.00054183)), (3, (3, 0.000629558, 0.00010121, 0.000731072))]), (10368, 10, 0.001124126, [(3, (0, 0.000792947, 1.9969e-5, 0.000813115)), (3, (1, 0.001024259, 6.4313e-5, 0.00109199)), (2, (2, 0.00065846, 3.326e-5, 0.000691931)), (2, (3, 0.00065007, 4.5614e-5, 0.000695932))]), (10384, 8, 0.00085091, [(2, (0, 0.000478603, 9.106e-6, 0.000487864)), (2, (1, 0.00042669, 9.2338e-5, 0.000519351)), (2, (2, 0.000812828, 1.0147e-5, 0.00082334)), (2, (3, 0.000369817, 9.5614e-5, 0.000465635))]), (10400, 14, 0.001222391, [(4, (0, 0.00092889, 1.8464e-5, 0.000947562)), (4, (1, 0.00105857, 0.000135402, 0.001194284)), (3, (2, 0.000782797, 3.2628e-5, 0.000815643)), (3, (3, 0.000789289, 7.9682e-5, 0.000869207))]), (10416, 6, 0.00062897, [(2, (0, 0.000534034, 1.9626e-5, 0.000553897)), (2, (1, 0.000571982, 3.3186e-5, 0.000605359)), (1, (2, 0.000239484, 4.1461e-5, 0.000281103)), (1, (3, 0.000251626, 9.8716e-5, 0.000350659))]), (10432, 14, 0.001104755, [(4, (0, 0.000676311, 1.199e-5, 0.00068847)), (4, (1, 0.000979791, 6.4749e-5, 0.001044748)), (3, (2, 0.000432446, 5.8335e-5, 0.000491021)), (3, (3, 0.000432428, 0.000187939, 0.000620673))]), (10448, 16, 0.000951104, [(4, (0, 0.000564331, 1.8568e-5, 0.000583128)), (4, (1, 0.000849657, 4.1968e-5, 0.000891857)), (4, (2, 0.000851847, 5.4248e-5, 0.000906313)), (4, (3, 0.00061618, 8.7587e-5, 0.000704106))]), (10464, 16, 0.0010702, [(4, (0, 0.000558711, 1.7936e-5, 0.000576827)), (4, (1, 0.001003144, 4.3475e-5, 0.001046839)), (4, (2, 0.000872354, 3.0695e-5, 0.000903238)), (4, (3, 0.000656291, 0.000149249, 0.000805827))]), (10480, 15, 0.000900841, [(4, (0, 0.000795357, 1.6259e-5, 0.000811798)), (4, (1, 0.000764948, 0.000106268, 0.000871519)), (4, (2, 0.000594152, 2.7643e-5, 0.000621974)), (3, (3, 0.000469119, 0.000159584, 0.000629032))]), (10496, 16, 0.001363445, [(4, (0, 0.000783266, 1.8872e-5, 0.000802343)), (4, (1, 0.000917444, 4.2454e-5, 0.000960129)), (4, (2, 0.000760565, 3.1365e-5, 0.000792122)), (4, (3, 0.001172206, 0.000142931, 0.001315468))]), (10512, 15, 0.00133535, [(4, (0, 0.000763092, 2.1984e-5, 0.000785287)), (4, (1, 0.001161609, 5.7949e-5, 0.001219821)), (4, (2, 0.001263206, 6.773e-5, 0.001331159)), (3, (3, 0.000487784, 9.5202e-5, 0.000583296))]), (10528, 16, 0.000952583, [(4, (0, 0.000758273, 2.2877e-5, 0.000781372)), (4, (1, 0.000763062, 6.7332e-5, 0.000830687)), (4, (2, 0.000787164, 3.8931e-5, 0.000826816)), (4, (3, 0.000859777, 5.4212e-5, 0.00091425))]), (10544, 15, 0.000882213, [(4, (0, 0.000856158, 2.498e-5, 0.000881375)), (4, (1, 0.000815704, 6.0778e-5, 0.000877094)), (4, (2, 0.000709344, 3.8496e-5, 0.000748056)), (3, (3, 0.000545909, 5.5387e-5, 0.000601523))]), (10560, 16, 0.001013073, [(4, (0, 0.000994453, 1.7167e-5, 0.00101183)), (4, (1, 0.000602518, 4.6025e-5, 0.000648754)), (4, (2, 0.000592724, 3.183e-5, 0.000624769)), (4, (3, 0.000635453, 9.5147e-5, 0.000730947))]), (10576, 12, 0.000766356, [(3, (0, 0.000383088, 2.1955e-5, 0.000405233)), (3, (1, 0.000607664, 0.000135029, 0.00074355)), (3, (2, 0.000652917, 3.9622e-5, 0.00069274)), (3, (3, 0.00052526, 9.5037e-5, 0.000620501))]), (10592, 16, 0.000802982, [(4, (0, 0.000579805, 1.4897e-5, 0.000594906)), (4, (1, 0.000759228, 2.6913e-5, 0.000786324)), (4, (2, 0.000565203, 3.9427e-5, 0.000604834)), (4, (3, 0.000720951, 4.3276e-5, 0.000764435))]), (10608, 6, 0.000436529, [(2, (0, 0.000350839, 3.6601e-5, 0.000387643)), (2, (1, 0.00034637, 6.3249e-5, 0.000409804)), (1, (2, 0.000307784, 5.1719e-5, 0.000359682)), (1, (3, 0.000214203, 6.9021e-5, 0.000283556))]), (10624, 10, 0.000826701, [(3, (0, 0.000632095, 2.2696e-5, 0.000654995)), (3, (1, 0.00075824, 4.676e-5, 0.000805193)), (2, (2, 0.000445715, 3.52e-5, 0.000481129)), (2, (3, 0.000364071, 5.3446e-5, 0.000417734))]), (10640, 14, 0.001266547, [(4, (0, 0.000985959, 1.9568e-5, 0.001005714)), (4, (1, 0.001107159, 0.000127017, 0.001235203)), (3, (2, 0.000885572, 3.6152e-5, 0.000921962)), (3, (3, 0.000828433, 8.9425e-5, 0.000918132))]), (10656, 14, 0.001119833, [(4, (0, 0.000895037, 1.3716e-5, 0.000908908)), (4, (1, 0.001057679, 3.9782e-5, 0.001097646)), (3, (2, 0.000598349, 3.1956e-5, 0.000630537)), (3, (3, 0.000735276, 9.184e-5, 0.000827435))]), (10672, 11, 0.00078583, [(3, (0, 0.00066962, 2.0553e-5, 0.000690358)), (3, (1, 0.000631913, 0.000124469, 0.000756688)), (3, (2, 0.000607455, 3.3393e-5, 0.000641099)), (2, (3, 0.000553285, 4.6767e-5, 0.00060026))]), (10688, 14, 0.000927472, [(4, (0, 0.000761353, 1.7561e-5, 0.000779097)), (4, (1, 0.000783537, 0.000116131, 0.000900001)), (3, (2, 0.00055504, 2.8893e-5, 0.000587287)), (3, (3, 0.00060869, 4.1696e-5, 0.000650588))]), (10704, 11, 0.00086145, [(3, (0, 0.000645386, 1.1609e-5, 0.000657144)), (3, (1, 0.000706323, 0.000131383, 0.000838446)), (3, (2, 0.000565102, 4.1522e-5, 0.000606846)), (2, (3, 0.000357721, 0.000119787, 0.000477718))]), (10720, 16, 0.001168111, [(4, (0, 0.000669536, 1.4267e-5, 0.000684051)), (4, (1, 0.000965798, 0.000124777, 0.001090774)), (4, (2, 0.000872341, 7.5819e-5, 0.000948427)), (4, (3, 0.000702544, 8.7631e-5, 0.000790362))]), (10736, 14, 0.000845491, [(4, (0, 0.000834549, 1.0125e-5, 0.000844818)), (4, (1, 0.000648991, 3.52e-5, 0.000684455)), (3, (2, 0.000508147, 1.6643e-5, 0.000524947)), (3, (3, 0.000719393, 6.8501e-5, 0.00078817))]), (10752, 15, 0.00109622, [(4, (0, 0.000806389, 1.8671e-5, 0.000825262)), (4, (1, 0.000954162, 5.2094e-5, 0.001006424)), (4, (2, 0.001043853, 3.0306e-5, 0.001074369)), (3, (3, 0.000687632, 0.000158482, 0.000846437))]), (10768, 15, 0.001246731, [(4, (0, 0.001068682, 1.9092e-5, 0.001087967)), (4, (1, 0.000936443, 4.4965e-5, 0.000981595)), (4, (2, 0.001025183, 3.1032e-5, 0.001056395)), (3, (3, 0.001094837, 9.8079e-5, 0.00119321))]), (10784, 15, 0.001121764, [(4, (0, 0.000935466, 2.1451e-5, 0.000957122)), (4, (1, 0.000975672, 0.000119426, 0.001095993)), (4, (2, 0.000964608, 3.4274e-5, 0.000999066)), (3, (3, 0.000736327, 7.3669e-5, 0.000810198))]), (10800, 14, 0.000976616, [(4, (0, 0.000831637, 2.0706e-5, 0.000852533)), (4, (1, 0.000902529, 5.1466e-5, 0.000954233)), (3, (2, 0.000767357, 3.3837e-5, 0.000801388)), (3, (3, 0.000565155, 9.0944e-5, 0.000656357))]), (10816, 9, 0.000602772, [(3, (0, 0.000582447, 1.9415e-5, 0.000602064)), (2, (1, 0.000331001, 5.4433e-5, 0.000385639)), (2, (2, 0.000436385, 3.5323e-5, 0.000472024)), (2, (3, 0.000282823, 5.0521e-5, 0.000333693))]), (10832, 15, 0.000943908, [(4, (0, 0.000923543, 1.9418e-5, 0.000943156)), (4, (1, 0.000801071, 6.912e-5, 0.000870542)), (4, (2, 0.000844126, 3.3635e-5, 0.000877947)), (3, (3, 0.00064906, 5.4971e-5, 0.000704398))]), (10848, 11, 0.00063622, [(3, (0, 0.000619113, 1.6386e-5, 0.000635688)), (3, (1, 0.000475565, 7.6087e-5, 0.000551921)), (3, (2, 0.000537981, 3.7786e-5, 0.000576036)), (2, (3, 0.000439005, 8.2089e-5, 0.000521333))]), (10864, 13, 0.001027766, [(4, (0, 0.000847287, 1.8389e-5, 0.000865884)), (3, (1, 0.000720442, 9.0638e-5, 0.000811373)), (3, (2, 0.000625805, 3.3134e-5, 0.000659152)), (3, (3, 0.000893602, 9.1701e-5, 0.00098548))]), (10880, 14, 0.001122547, [(4, (0, 0.001098609, 2.2215e-5, 0.001121192)), (4, (1, 0.00098411, 3.7045e-5, 0.00102143)), (3, (2, 0.000739116, 7.5941e-5, 0.000815286)), (3, (3, 0.000917613, 9.258e-5, 0.001011209))]), (10896, 12, 0.000785925, [(3, (0, 0.000480767, 2.6163e-5, 0.000507169)), (3, (1, 0.000543614, 5.491e-5, 0.000598745)), (3, (2, 0.000720252, 4.1352e-5, 0.000761798)), (3, (3, 0.000475763, 0.000104689, 0.00058079))]), (10912, 16, 0.001038586, [(4, (0, 0.000799115, 2.2563e-5, 0.000821896)), (4, (1, 0.00098164, 3.4597e-5, 0.001016421)), (4, (2, 0.000726503, 4.7901e-5, 0.000774659)), (4, (3, 0.000702769, 9.8469e-5, 0.000801471))]), (10928, 15, 0.00086558, [(4, (0, 0.000843425, 1.9536e-5, 0.000863167)), (4, (1, 0.000587683, 6.144e-5, 0.000649333)), (4, (2, 0.000579123, 3.1149e-5, 0.000610462)), (3, (3, 0.000782159, 5.8955e-5, 0.000841459))]), (10944, 11, 0.000967357, [(3, (0, 0.000714385, 1.873e-5, 0.000733332)), (3, (1, 0.00089921, 4.559e-5, 0.000945032)), (3, (2, 0.000491779, 3.043e-5, 0.000522435)), (2, (3, 0.000415248, 4.8772e-5, 0.000464232))]), (10960, 12, 0.000918425, [(3, (0, 0.000729424, 2.085e-5, 0.000750477)), (3, (1, 0.000764941, 5.4118e-5, 0.000819227)), (3, (2, 0.000853202, 4.3229e-5, 0.000896635)), (3, (3, 0.000770801, 6.6939e-5, 0.000837943))]), (10976, 7, 0.000379297, [(2, (0, 0.000361319, 1.7099e-5, 0.000378632)), (2, (1, 0.000280254, 4.2732e-5, 0.000323174)), (2, (2, 0.000277719, 2.8697e-5, 0.000306597)), (1, (3, 0.000141104, 4.7818e-5, 0.000189141))]), (10992, 14, 0.000779111, [(4, (0, 0.000536055, 1.7246e-5, 0.000553509)), (4, (1, 0.000712912, 3.9628e-5, 0.000752717)), (3, (2, 0.000448854, 2.874e-5, 0.000477787)), (3, (3, 0.000429923, 4.4827e-5, 0.00047492))]), (11008, 13, 0.001093457, [(4, (0, 0.001074483, 1.7973e-5, 0.001092658)), (3, (1, 0.00049359, 4.3781e-5, 0.00053755)), (3, (2, 0.000579846, 3.2004e-5, 0.000612097)), (3, (3, 0.000472418, 6.2739e-5, 0.000535366))]), (11024, 13, 0.001257478, [(4, (0, 0.000637119, 1.7634e-5, 0.000654976)), (3, (1, 0.000482546, 9.0898e-5, 0.000573654)), (3, (2, 0.00057995, 3.2979e-5, 0.000613117)), (3, (3, 0.001015332, 9.7484e-5, 0.001113013))]), (11040, 16, 0.000865316, [(4, (0, 0.000719015, 2.2108e-5, 0.000741342)), (4, (1, 0.000790821, 3.693e-5, 0.000827963)), (4, (2, 0.00061935, 9.6667e-5, 0.000716216)), (4, (3, 0.000655419, 9.6333e-5, 0.000751935))]), (11056, 16, 0.001189529, [(4, (0, 0.000572173, 2.4239e-5, 0.00059664)), (4, (1, 0.001034162, 8.899e-5, 0.001123792)), (4, (2, 0.00068509, 3.7184e-5, 0.000722489)), (4, (3, 0.000608041, 7.0678e-5, 0.000679418))]), (11072, 15, 0.00138325, [(4, (0, 0.000918974, 1.1341e-5, 0.000930491)), (4, (1, 0.001197104, 0.000117866, 0.001315283)), (4, (2, 0.001302794, 3.9293e-5, 0.001342409)), (3, (3, 0.000702307, 5.0008e-5, 0.000752507))]), (11088, 15, 0.001290036, [(4, (0, 0.001212584, 2.5062e-5, 0.001237889)), (4, (1, 0.001162144, 9.996e-5, 0.001262424)), (4, (2, 0.001215701, 3.7379e-5, 0.001253283)), (3, (3, 0.000991505, 0.000167182, 0.001158952))]), (11104, 16, 0.000922392, [(4, (0, 0.000758019, 1.8248e-5, 0.000776471)), (4, (1, 0.000818362, 7.6884e-5, 0.000895472)), (4, (2, 0.000626963, 3.0269e-5, 0.000657413)), (4, (3, 0.000598451, 9.3227e-5, 0.000691864))]), (11120, 16, 0.000906554, [(4, (0, 0.000549115, 1.7951e-5, 0.000567272)), (4, (1, 0.000623129, 5.8696e-5, 0.000682032)), (4, (2, 0.000632391, 3.4775e-5, 0.00066741)), (4, (3, 0.000725221, 6.6443e-5, 0.000791987))]), (11136, 16, 0.000893377, [(4, (0, 0.000852795, 1.9901e-5, 0.000872918)), (4, (1, 0.000709391, 4.7504e-5, 0.000757138)), (4, (2, 0.000719545, 3.323e-5, 0.000752987)), (4, (3, 0.000815859, 5.3906e-5, 0.000869979))]), (11152, 16, 0.00093477, [(4, (0, 0.000555192, 1.8647e-5, 0.00057409)), (4, (1, 0.000858236, 4.7834e-5, 0.000906277)), (4, (2, 0.000625033, 3.0931e-5, 0.000656182)), (4, (3, 0.000632295, 6.335e-5, 0.00069604))]), (11168, 10, 0.000827153, [(3, (0, 0.000538079, 2.6572e-5, 0.000564904)), (3, (1, 0.000751797, 5.2022e-5, 0.000803999)), (2, (2, 0.000467742, 4.0971e-5, 0.000508881)), (2, (3, 0.000421793, 0.000107253, 0.000529257))]), (11184, 14, 0.001398776, [(4, (0, 0.001082145, 2.2255e-5, 0.001104747)), (4, (1, 0.001285611, 7.6943e-5, 0.001363226)), (3, (2, 0.000799317, 3.6712e-5, 0.000836256)), (3, (3, 0.000832319, 7.4686e-5, 0.000907223))]), (11200, 14, 0.001347868, [(4, (0, 0.001023264, 2.4114e-5, 0.001047667)), (4, (1, 0.001166614, 0.000134651, 0.001301717)), (3, (2, 0.00119609, 0.000101864, 0.001298771)), (3, (3, 0.000726985, 0.000142661, 0.000869952))]), (11216, 15, 0.00095775, [(4, (0, 0.000929828, 2.6921e-5, 0.000956988)), (4, (1, 0.000839779, 6.7993e-5, 0.000907996)), (4, (2, 0.000890201, 4.3862e-5, 0.000934355)), (3, (3, 0.00064508, 8.398e-5, 0.000729431))]), (11232, 13, 0.001169529, [(4, (0, 0.001148455, 2.0236e-5, 0.001168913)), (3, (1, 0.000678799, 5.0824e-5, 0.00072982)), (3, (2, 0.000691716, 3.3895e-5, 0.000725816)), (3, (3, 0.000734516, 6.2306e-5, 0.000797146))]), (11248, 11, 0.000777341, [(3, (0, 0.000571863, 2.1993e-5, 0.00059406)), (3, (1, 0.000682606, 6.6236e-5, 0.000749264)), (3, (2, 0.000699849, 3.9211e-5, 0.000739287)), (2, (3, 0.000485151, 7.4559e-5, 0.000559962))]), (11264, 10, 0.000833199, [(3, (0, 0.000570228, 2.3257e-5, 0.000593706)), (3, (1, 0.000748595, 6.0047e-5, 0.000808872)), (2, (2, 0.000375437, 4.0768e-5, 0.000416466)), (2, (3, 0.000585865, 5.3171e-5, 0.000639229))]), (11280, 9, 0.000756538, [(3, (0, 0.000547855, 2.0677e-5, 0.000568746)), (2, (1, 0.000423768, 5.8154e-5, 0.000482142)), (2, (2, 0.000527281, 4.0103e-5, 0.000567773)), (2, (3, 0.00064575, 6.8242e-5, 0.000714327))]), (11296, 13, 0.001319113, [(4, (0, 0.000725329, 2.4622e-5, 0.000750211)), (3, (1, 0.000728705, 5.0041e-5, 0.000778942)), (3, (2, 0.000541438, 3.7844e-5, 0.000579496)), (3, (3, 0.001205013, 6.115e-5, 0.001266475))]), (11312, 12, 0.00092769, [(3, (0, 0.000574843, 2.3115e-5, 0.000598207)), (3, (1, 0.000831102, 4.5126e-5, 0.000877256)), (3, (2, 0.000498007, 3.7201e-5, 0.000535511)), (3, (3, 0.000686938, 4.6619e-5, 0.000733878))]), (11328, 12, 0.00086684, [(3, (0, 0.000626649, 2.2308e-5, 0.000649172)), (3, (1, 0.000748945, 9.3743e-5, 0.000842903)), (3, (2, 0.000635177, 7.9184e-5, 0.000714702)), (3, (3, 0.000651622, 8.8249e-5, 0.000740132))]), (11344, 10, 0.000730751, [(3, (0, 0.000467173, 2.0475e-5, 0.000487852)), (3, (1, 0.000606127, 9.9682e-5, 0.000706067)), (2, (2, 0.000441208, 3.4946e-5, 0.000476355)), (2, (3, 0.000393041, 0.000103893, 0.000497192))]), (11360, 15, 0.000810265, [(4, (0, 0.000511978, 2.2532e-5, 0.000534717)), (4, (1, 0.000594993, 5.1743e-5, 0.000646926)), (4, (2, 0.00074557, 3.9975e-5, 0.000785734)), (3, (3, 0.000568857, 5.7629e-5, 0.000626666))]), (11376, 15, 0.001134552, [(4, (0, 0.001110823, 2.1887e-5, 0.001133076)), (4, (1, 0.000935227, 5.2053e-5, 0.000987793)), (4, (2, 0.001011097, 3.6808e-5, 0.00104813)), (3, (3, 0.000879223, 5.6324e-5, 0.000935753))]), (11392, 15, 0.001156382, [(4, (0, 0.000705574, 2.592e-5, 0.000731785)), (4, (1, 0.000682388, 9.0365e-5, 0.000773104)), (4, (2, 0.001049753, 7.569e-5, 0.001125655)), (3, (3, 0.00059735, 9.784e-5, 0.000695508))]), (11408, 15, 0.001058478, [(4, (0, 0.000584105, 2.3177e-5, 0.000607535)), (4, (1, 0.00071232, 3.5735e-5, 0.00074822)), (4, (2, 0.000683206, 5.1195e-5, 0.000734614)), (3, (3, 0.000958987, 6.0844e-5, 0.001020008))]), (11424, 15, 0.001189677, [(4, (0, 0.000825091, 2.3144e-5, 0.000848548)), (4, (1, 0.001002788, 5.4742e-5, 0.001057733)), (4, (2, 0.001119149, 3.7392e-5, 0.001156792)), (3, (3, 0.000696489, 4.8994e-5, 0.000745698))]), (11440, 12, 0.000814638, [(3, (0, 0.000789373, 2.3387e-5, 0.000813104)), (3, (1, 0.000710609, 0.000102379, 0.00081325)), (3, (2, 0.000654498, 8.8011e-5, 0.000742869)), (3, (3, 0.000686808, 9.8075e-5, 0.000785103))]), (11456, 9, 0.000629536, [(3, (0, 0.00055612, 2.7375e-5, 0.000583734)), (2, (1, 0.00044386, 0.000107539, 0.000551687)), (2, (2, 0.000397318, 5.1806e-5, 0.000449487)), (2, (3, 0.000476568, 0.000111257, 0.000588043))]), (11472, 16, 0.000864808, [(4, (0, 0.000799538, 2.3509e-5, 0.000823262)), (4, (1, 0.000742553, 9.3482e-5, 0.000836325)), (4, (2, 0.000725263, 8.034e-5, 0.00080628)), (4, (3, 0.000592916, 8.6966e-5, 0.000680154))]), (11488, 16, 0.000939809, [(4, (0, 0.000704956, 2.3188e-5, 0.000728362)), (4, (1, 0.000597943, 5.2765e-5, 0.000650939)), (4, (2, 0.00064084, 4.3523e-5, 0.000684702)), (4, (3, 0.000745386, 0.000104957, 0.000851333))]), (11504, 15, 0.00110046, [(4, (0, 0.000525646, 1.9173e-5, 0.000545025)), (4, (1, 0.000961744, 9.0038e-5, 0.001052016)), (4, (2, 0.001012792, 7.064e-5, 0.001083679)), (3, (3, 0.000555013, 8.4772e-5, 0.000640034))]), (11520, 16, 0.001774882, [(4, (0, 0.001570343, 1.1088e-5, 0.001581594)), (4, (1, 0.001669074, 7.3308e-5, 0.001743642)), (4, (2, 0.001529046, 6.4649e-5, 0.001593901)), (4, (3, 0.001291353, 7.4971e-5, 0.001366748))]), (11536, 14, 0.001075548, [(4, (0, 0.000915313, 2.4923e-5, 0.000940497)), (4, (1, 0.000989629, 5.2242e-5, 0.001042103)), (3, (2, 0.000702661, 3.8283e-5, 0.00074115)), (3, (3, 0.000547753, 5.8353e-5, 0.000606343))]), (11552, 11, 0.000779343, [(3, (0, 0.000527065, 2.1626e-5, 0.000548922)), (3, (1, 0.000612733, 9.7004e-5, 0.000710335)), (3, (2, 0.000628359, 4.1889e-5, 0.000670615)), (2, (3, 0.000395498, 9.5025e-5, 0.000490857))]), (11568, 13, 0.000797669, [(4, (0, 0.000784491, 1.2203e-5, 0.000796852)), (3, (1, 0.000683455, 6.8652e-5, 0.000752354)), (3, (2, 0.00044375, 4.678e-5, 0.000490775)), (3, (3, 0.00052927, 5.7981e-5, 0.000590406))]), (11584, 11, 0.001100305, [(3, (0, 0.000530506, 2.1059e-5, 0.000551757)), (3, (1, 0.000990099, 8.6825e-5, 0.001077138)), (3, (2, 0.0005276, 3.3651e-5, 0.000561444)), (2, (3, 0.000306094, 9.1014e-5, 0.000397306))]), (11600, 11, 0.000725342, [(3, (0, 0.0005456, 1.8619e-5, 0.000564376)), (3, (1, 0.000648821, 5.341e-5, 0.000702452)), (3, (2, 0.000531236, 4.0269e-5, 0.000571711)), (2, (3, 0.000306945, 6.0801e-5, 0.000367962))]), (11616, 13, 0.001158371, [(4, (0, 0.000694433, 2.0694e-5, 0.000715313)), (3, (1, 0.000955722, 3.6536e-5, 0.000992482)), (3, (2, 0.001060635, 7.162e-5, 0.001132746)), (3, (3, 0.000621378, 7.2295e-5, 0.000693882))]), (11632, 15, 0.001185432, [(4, (0, 0.000897438, 1.8892e-5, 0.000916534)), (4, (1, 0.0010442, 4.2686e-5, 0.001087072)), (4, (2, 0.001133522, 3.0743e-5, 0.001164439)), (3, (3, 0.000444546, 0.000100303, 0.000545076))]), (11648, 16, 0.000994783, [(4, (0, 0.000934255, 1.9894e-5, 0.000954355)), (4, (1, 0.000730516, 4.7622e-5, 0.000778344)), (4, (2, 0.00079478, 3.1489e-5, 0.000826483)), (4, (3, 0.000890824, 5.2749e-5, 0.000943832))]), (11664, 15, 0.001075483, [(4, (0, 0.000759116, 1.81e-5, 0.000777421)), (4, (1, 0.000814324, 4.928e-5, 0.000863812)), (4, (2, 0.001020594, 2.9995e-5, 0.001050763)), (3, (3, 0.000738163, 4.3358e-5, 0.000781743))]), (11680, 13, 0.000986448, [(4, (0, 0.000962692, 2.2804e-5, 0.000985719)), (3, (1, 0.000636247, 4.651e-5, 0.00068296)), (3, (2, 0.000691658, 3.4702e-5, 0.000726562)), (3, (3, 0.000644956, 9.5419e-5, 0.000740606))]), (11696, 13, 0.000834025, [(4, (0, 0.000813129, 1.9957e-5, 0.000833313)), (3, (1, 0.000605303, 0.000147111, 0.000753152)), (3, (2, 0.00069461, 3.4419e-5, 0.000729257)), (3, (3, 0.000610481, 9.9621e-5, 0.000710301))]), (11712, 16, 0.001061252, [(4, (0, 0.000769918, 2.1107e-5, 0.000791231)), (4, (1, 0.000988529, 5.0011e-5, 0.001038744)), (4, (2, 0.000824246, 3.3635e-5, 0.000858098)), (4, (3, 0.000739931, 5.4138e-5, 0.00079427))]), (11728, 14, 0.000839905, [(4, (0, 0.000820477, 1.8546e-5, 0.00083921)), (4, (1, 0.00076422, 4.4421e-5, 0.00080884)), (3, (2, 0.000519539, 3.0241e-5, 0.000549981)), (3, (3, 0.000542071, 7.7849e-5, 0.000620762))]), (11744, 15, 0.001036966, [(4, (0, 0.001017913, 1.8068e-5, 0.001036187)), (4, (1, 0.000808829, 4.9467e-5, 0.000858522)), (4, (2, 0.000981932, 3.4894e-5, 0.001017001)), (3, (3, 0.000721377, 9.4027e-5, 0.000815577))]), (11760, 16, 0.000913918, [(4, (0, 0.000629795, 1.9051e-5, 0.000649035)), (4, (1, 0.000668127, 8.9666e-5, 0.000757965)), (4, (2, 0.000831357, 3.4362e-5, 0.000865923)), (4, (3, 0.000759351, 0.000117429, 0.000877274))]), (11776, 14, 0.000816439, [(4, (0, 0.000797054, 1.8435e-5, 0.000815685)), (4, (1, 0.000655762, 4.1268e-5, 0.000697191)), (3, (2, 0.000555728, 3.0209e-5, 0.00058611)), (3, (3, 0.000724113, 4.5755e-5, 0.000770147))]), (11792, 12, 0.000761835, [(3, (0, 0.000555178, 1.8243e-5, 0.000573627)), (3, (1, 0.00069682, 4.3407e-5, 0.000740412)), (3, (2, 0.000691876, 2.968e-5, 0.000721761)), (3, (3, 0.000592677, 4.767e-5, 0.000640533))]), (11808, 7, 0.000746633, [(2, (0, 0.000383218, 1.9097e-5, 0.000402519)), (2, (1, 0.000641595, 4.6312e-5, 0.00068812)), (2, (2, 0.000549226, 3.1057e-5, 0.000580465)), (1, (3, 0.00026904, 4.2096e-5, 0.000311302))]), (11824, 11, 0.000802772, [(3, (0, 0.000637607, 9.979e-6, 0.000647777)), (3, (1, 0.000722909, 5.7066e-5, 0.000780187)), (3, (2, 0.000666309, 4.1543e-5, 0.000708053)), (2, (3, 0.00045712, 5.2573e-5, 0.000509887))]), (11840, 14, 0.001264307, [(4, (0, 0.00123901, 2.4335e-5, 0.001263547)), (4, (1, 0.001198685, 5.6469e-5, 0.001255358)), (3, (2, 0.001080213, 4.5441e-5, 0.001125835)), (3, (3, 0.000820239, 6.133e-5, 0.000887237))]), (11856, 10, 0.000717928, [(3, (0, 0.00068759, 1.6094e-5, 0.000703888)), (3, (1, 0.000636144, 7.2437e-5, 0.00070903)), (2, (2, 0.000348692, 2.8666e-5, 0.000377561)), (2, (3, 0.000346687, 3.9521e-5, 0.000386393))]), (11872, 10, 0.000533345, [(3, (0, 0.000448427, 1.8839e-5, 0.000467473)), (3, (1, 0.00047271, 3.2487e-5, 0.000505388)), (2, (2, 0.000340516, 4.5083e-5, 0.000385781)), (2, (3, 0.00034502, 4.859e-5, 0.000393802))]), (11888, 16, 0.001094667, [(4, (0, 0.001064195, 2.8852e-5, 0.001093341)), (4, (1, 0.000625243, 5.8658e-5, 0.000684113)), (4, (2, 0.000709532, 4.0531e-5, 0.000750253)), (4, (3, 0.000699004, 6.1487e-5, 0.000760686))]), (11904, 16, 0.000922186, [(4, (0, 0.000597385, 2.9883e-5, 0.000627504)), (4, (1, 0.000736595, 0.000135417, 0.000872205)), (4, (2, 0.000758511, 8.1438e-5, 0.000840164)), (4, (3, 0.000712909, 0.000171909, 0.000885514))]), (11920, 14, 0.000993069, [(4, (0, 0.000674303, 2.0664e-5, 0.000695172)), (4, (1, 0.000628583, 8.9369e-5, 0.000718292)), (3, (2, 0.000482937, 3.4835e-5, 0.000517954)), (3, (3, 0.000861925, 9.6578e-5, 0.000958827))]), (11936, 16, 0.000828804, [(4, (0, 0.000692752, 1.7157e-5, 0.000710108)), (4, (1, 0.000657583, 0.000142031, 0.00079994)), (4, (2, 0.000613375, 2.9551e-5, 0.000643108)), (4, (3, 0.000602646, 8.0686e-5, 0.000683504))]), (11952, 15, 0.000903921, [(4, (0, 0.000884621, 1.8378e-5, 0.000903192)), (4, (1, 0.000738866, 4.3898e-5, 0.000782953)), (4, (2, 0.000789437, 2.999e-5, 0.000819621)), (3, (3, 0.000611643, 0.00010098, 0.000712937))]), (11968, 13, 0.000668516, [(4, (0, 0.000650223, 1.7349e-5, 0.000667779)), (3, (1, 0.000617453, 4.0189e-5, 0.000657859)), (3, (2, 0.000534765, 2.8705e-5, 0.000563655)), (3, (3, 0.000528002, 0.000109007, 0.000638319))]), (11984, 16, 0.000858716, [(4, (0, 0.00065227, 1.7326e-5, 0.000669778)), (4, (1, 0.000739971, 0.000101368, 0.000841667)), (4, (2, 0.000663343, 2.9123e-5, 0.000692649)), (4, (3, 0.000651316, 0.000152215, 0.000803849))]), (12000, 16, 0.001373274, [(4, (0, 0.000784815, 2.2605e-5, 0.000807661)), (4, (1, 0.000747425, 5.3089e-5, 0.000800719)), (4, (2, 0.000632093, 4.0889e-5, 0.000673224)), (4, (3, 0.001217849, 0.000111535, 0.001330094))]), (12016, 14, 0.001025188, [(4, (0, 0.001004803, 1.9343e-5, 0.001024354)), (4, (1, 0.000835397, 0.000109303, 0.000945021)), (3, (2, 0.000591049, 3.1751e-5, 0.000623006)), (3, (3, 0.000666977, 4.4598e-5, 0.000711754))]), (12032, 15, 0.000963371, [(4, (0, 0.000941778, 2.0568e-5, 0.000962539)), (4, (1, 0.000655908, 0.000136801, 0.000792947)), (4, (2, 0.00063967, 7.0074e-5, 0.000709953)), (3, (3, 0.000512621, 0.000350151, 0.000863179))]), (12048, 16, 0.001041397, [(4, (0, 0.000542923, 1.8208e-5, 0.000561334)), (4, (1, 0.000592829, 0.000156103, 0.000749228)), (4, (2, 0.000590567, 3.2557e-5, 0.000623325)), (4, (3, 0.000767269, 0.000230469, 0.000998053))]), (12064, 15, 0.000748894, [(4, (0, 0.000533017, 2.0033e-5, 0.000553253)), (4, (1, 0.000677673, 2.8625e-5, 0.00070649)), (4, (2, 0.000606661, 3.8465e-5, 0.000645353)), (3, (3, 0.000441207, 0.000114744, 0.000556257))]), (12080, 11, 0.000761787, [(3, (0, 0.000420926, 2.1632e-5, 0.000442775)), (3, (1, 0.000610789, 0.000116209, 0.00072735)), (3, (2, 0.000548238, 4.7289e-5, 0.000595826)), (2, (3, 0.000295753, 0.000112351, 0.000408437))]), (12096, 13, 0.000817607, [(4, (0, 0.000793193, 2.3456e-5, 0.000816894)), (3, (1, 0.00062145, 0.000113918, 0.000735728)), (3, (2, 0.000615161, 3.6459e-5, 0.000651964)), (3, (3, 0.000636634, 6.136e-5, 0.000698283))]), (12112, 13, 0.000881146, [(4, (0, 0.000793656, 1.9227e-5, 0.000813154)), (3, (1, 0.000634191, 5.8242e-5, 0.000692734)), (3, (2, 0.000616996, 3.1315e-5, 0.000648525)), (3, (3, 0.000761773, 7.5698e-5, 0.000837702))]), (12128, 11, 0.001094505, [(3, (0, 0.000585999, 2.3706e-5, 0.000609932)), (3, (1, 0.000948701, 7.091e-5, 0.001019818)), (3, (2, 0.000512644, 3.7734e-5, 0.000550615)), (2, (3, 0.000531747, 8.8228e-5, 0.000620174))]), (12144, 13, 0.000991516, [(4, (0, 0.000854989, 3.824e-5, 0.000893608)), (3, (1, 0.000504348, 0.000117773, 0.000622372)), (3, (2, 0.000697419, 0.000101733, 0.000799501)), (3, (3, 0.000773641, 0.000162496, 0.000936571))]), (12160, 8, 0.000567469, [(2, (0, 0.00036019, 2.1292e-5, 0.000381737)), (2, (1, 0.000352789, 4.8027e-5, 0.000401089)), (2, (2, 0.000504657, 3.6818e-5, 0.000541701)), (2, (3, 0.00045685, 5.24e-5, 0.000509496))]), (12176, 14, 0.000939076, [(4, (0, 0.00078547, 2.1885e-5, 0.000807594)), (4, (1, 0.000855402, 4.8794e-5, 0.000904418)), (3, (2, 0.000462553, 3.8572e-5, 0.000501353)), (3, (3, 0.000460542, 5.6701e-5, 0.000517551))]), (12192, 15, 0.000961464, [(4, (0, 0.00076301, 2.0574e-5, 0.000783821)), (4, (1, 0.000654595, 0.000110834, 0.000766374)), (4, (2, 0.000853675, 3.4052e-5, 0.000887924)), (3, (3, 0.000813092, 0.000113135, 0.00092654))]), (12208, 15, 0.001018758, [(4, (0, 0.000571655, 2.0287e-5, 0.000592188)), (4, (1, 0.000803036, 4.936e-5, 0.000852619)), (4, (2, 0.000868471, 3.7363e-5, 0.000906133)), (3, (3, 0.000881156, 9.062e-5, 0.000972215))]), (12224, 12, 0.00116459, [(3, (0, 0.000593312, 2.3417e-5, 0.000616978)), (3, (1, 0.001091528, 3.8624e-5, 0.001130373)), (3, (2, 0.000656758, 5.1414e-5, 0.000708445)), (3, (3, 0.000667589, 6.0951e-5, 0.000728842))]), (12240, 16, 0.000940494, [(4, (0, 0.000845798, 2.278e-5, 0.000868804)), (4, (1, 0.000854294, 5.8846e-5, 0.000913454)), (4, (2, 0.000822244, 3.5861e-5, 0.00085829)), (4, (3, 0.000748842, 5.4112e-5, 0.000803222))]), (12256, 15, 0.000952386, [(4, (0, 0.000771393, 1.7777e-5, 0.000789391)), (4, (1, 0.000808524, 6.592e-5, 0.000874669)), (4, (2, 0.000871563, 5.6684e-5, 0.000928457)), (3, (3, 0.000700822, 0.000128802, 0.000829883))]), (12272, 9, 0.000501791, [(3, (0, 0.000478081, 2.2133e-5, 0.000500484)), (2, (1, 0.000382827, 5.4384e-5, 0.000437438)), (2, (2, 0.000293279, 3.4189e-5, 0.000327642)), (2, (3, 0.000404612, 5.0025e-5, 0.000454878))]), (12288, 13, 0.000948178, [(4, (0, 0.000921681, 2.5247e-5, 0.000947177)), (3, (1, 0.0005499, 5.1072e-5, 0.000601186)), (3, (2, 0.000768742, 3.989e-5, 0.000808836)), (3, (3, 0.000817643, 5.8237e-5, 0.000876091))]), (12304, 15, 0.001117585, [(4, (0, 0.001095524, 2.0502e-5, 0.001116264)), (4, (1, 0.000977564, 6.3875e-5, 0.001041761)), (4, (2, 0.001022882, 3.2386e-5, 0.001055444)), (3, (3, 0.000680295, 4.8904e-5, 0.00072938))]), (12320, 13, 0.001406486, [(4, (0, 0.001382838, 2.2779e-5, 0.001405814)), (3, (1, 0.000697003, 0.0001054, 0.00080263)), (3, (2, 0.000662623, 3.4445e-5, 0.000697244)), (3, (3, 0.000516885, 0.000103974, 0.000621178))]), (12336, 16, 0.001018489, [(4, (0, 0.000669815, 2.9575e-5, 0.000699776)), (4, (1, 0.000893412, 0.000108705, 0.001005246)), (4, (2, 0.000828829, 8.6882e-5, 0.00091595)), (4, (3, 0.000840747, 0.000119736, 0.000960932))]), (12352, 11, 0.000647655, [(3, (0, 0.000557782, 2.3913e-5, 0.000581958)), (3, (1, 0.000562526, 5.868e-5, 0.000621463)), (3, (2, 0.000565016, 4.3339e-5, 0.000608645)), (2, (3, 0.000385979, 6.4472e-5, 0.000450719))]), (12368, 13, 0.00091795, [(4, (0, 0.000592032, 2.4607e-5, 0.000616896)), (3, (1, 0.000456677, 0.000111073, 0.000567977)), (3, (2, 0.000594707, 4.0697e-5, 0.000635624)), (3, (3, 0.000759598, 0.000114132, 0.000874143))]), (12384, 14, 0.000659518, [(4, (0, 0.000547415, 2.235e-5, 0.000570016)), (4, (1, 0.000577135, 5.0654e-5, 0.000627978)), (3, (2, 0.000445294, 3.8949e-5, 0.000484509)), (3, (3, 0.000441484, 5.7513e-5, 0.000499336))]), (12400, 14, 0.000651456, [(4, (0, 0.000580595, 2.0709e-5, 0.000601537)), (4, (1, 0.00057223, 4.6489e-5, 0.000619014)), (3, (2, 0.00045925, 3.3575e-5, 0.000493082)), (3, (3, 0.000468347, 5.0946e-5, 0.000519493))]), (12416, 14, 0.001078269, [(4, (0, 0.000970424, 2.5343e-5, 0.000996021)), (4, (1, 0.000987928, 6.4666e-5, 0.001052767)), (3, (2, 0.000729078, 5.4407e-5, 0.000783823)), (3, (3, 0.000894276, 7.165e-5, 0.000966117))]), (12432, 16, 0.000966872, [(4, (0, 0.000660084, 2.0636e-5, 0.000680925)), (4, (1, 0.00089593, 4.5864e-5, 0.00094204)), (4, (2, 0.000854275, 3.349e-5, 0.000887961)), (4, (3, 0.000654904, 5.3712e-5, 0.000708854))]), (12448, 5, 0.000279103, [(2, (0, 0.000260036, 1.8243e-5, 0.000278482)), (1, (1, 0.000231639, 4.3547e-5, 0.000275386)), (1, (2, 0.000131833, 3.0872e-5, 0.000162885)), (1, (3, 0.000130836, 8.3509e-5, 0.000215209))]), (12464, 6, 0.000464226, [(2, (0, 0.000408479, 1.5232e-5, 0.000423912)), (2, (1, 0.000404838, 3.8101e-5, 0.000443115)), (1, (2, 0.000259979, 2.7286e-5, 0.000287472)), (1, (3, 0.000174235, 4.2991e-5, 0.000217415))]), (12480, 14, 0.000648404, [(4, (0, 0.00053135, 1.895e-5, 0.000550503)), (4, (1, 0.000584625, 4.286e-5, 0.000627682)), (3, (2, 0.000482563, 3.0815e-5, 0.000513535)), (3, (3, 0.000442343, 7.9793e-5, 0.000522827))]), (12496, 10, 0.000566528, [(3, (0, 0.000498724, 1.83e-5, 0.000517229)), (3, (1, 0.000454195, 5.2581e-5, 0.000506997)), (2, (2, 0.000334578, 3.4177e-5, 0.000368987)), (2, (3, 0.000443762, 5.9819e-5, 0.000503793))]), (12512, 16, 0.000833536, [(4, (0, 0.000570412, 2.0907e-5, 0.000591518)), (4, (1, 0.000667882, 4.7334e-5, 0.000715418)), (4, (2, 0.000652412, 3.4963e-5, 0.00068759)), (4, (3, 0.000742968, 5.5214e-5, 0.00079846))]), (12528, 7, 0.000773779, [(2, (0, 0.000329842, 1.7753e-5, 0.000347795)), (2, (1, 0.000436247, 3.997e-5, 0.000476389)), (2, (2, 0.000723282, 3.0126e-5, 0.000753593)), (1, (3, 0.000292606, 4.5063e-5, 0.000337868))]), (12544, 14, 0.001012688, [(4, (0, 0.00056965, 1.8205e-5, 0.000588066)), (4, (1, 0.000773907, 3.0139e-5, 0.000804246)), (3, (2, 0.000948472, 4.1016e-5, 0.000989684)), (3, (3, 0.000884502, 9.1221e-5, 0.000975915))]), (12560, 15, 0.000824281, [(4, (0, 0.000642057, 1.867e-5, 0.00066094)), (4, (1, 0.00075373, 4.6862e-5, 0.000800778)), (4, (2, 0.000620189, 3.0724e-5, 0.000651102)), (3, (3, 0.000430288, 4.1517e-5, 0.000471975))]), (12576, 16, 0.000802949, [(4, (0, 0.000591775, 1.8139e-5, 0.000610127)), (4, (1, 0.000650155, 5.5138e-5, 0.000705479)), (4, (2, 0.000750897, 3.1087e-5, 0.000782182)), (4, (3, 0.000634967, 5.3826e-5, 0.000689047))]), (12592, 16, 0.000904464, [(4, (0, 0.000536721, 1.7934e-5, 0.000554863)), (4, (1, 0.000636472, 4.1921e-5, 0.000678588)), (4, (2, 0.000690286, 3.0099e-5, 0.00072057)), (4, (3, 0.000821132, 4.9081e-5, 0.00087045))]), (12608, 12, 0.000777042, [(3, (0, 0.000471653, 1.7665e-5, 0.000489525)), (3, (1, 0.000709891, 4.6065e-5, 0.000756152)), (3, (2, 0.000505075, 2.9577e-5, 0.000534844)), (3, (3, 0.000484989, 4.0497e-5, 0.000525689))]), (12624, 13, 0.000587534, [(4, (0, 0.000567904, 1.8702e-5, 0.000586812)), (3, (1, 0.000535884, 4.3043e-5, 0.000579102)), (3, (2, 0.00052406, 3.1413e-5, 0.000555654)), (3, (3, 0.00052607, 4.8088e-5, 0.000574342))]), (12640, 13, 0.000640301, [(4, (0, 0.000611316, 1.9511e-5, 0.000631027)), (3, (1, 0.000583527, 4.7996e-5, 0.000631717)), (3, (2, 0.000448867, 3.1464e-5, 0.000480514)), (3, (3, 0.000437215, 4.3341e-5, 0.000480745))]), (12656, 12, 0.000659755, [(3, (0, 0.000606882, 1.728e-5, 0.000624366)), (3, (1, 0.000596549, 4.1309e-5, 0.000638061)), (3, (2, 0.000457184, 2.9961e-5, 0.000487351)), (3, (3, 0.000454376, 4.9586e-5, 0.0005042))]), (12672, 15, 0.001142229, [(4, (0, 0.000691839, 1.8633e-5, 0.00071067)), (4, (1, 0.000572654, 4.2992e-5, 0.000615895)), (4, (2, 0.001051467, 3.0305e-5, 0.001081962)), (3, (3, 0.000744402, 9.1862e-5, 0.000836539))]), (12688, 14, 0.000793351, [(4, (0, 0.000694509, 1.7556e-5, 0.000712266)), (4, (1, 0.000748566, 3.2342e-5, 0.000781096)), (3, (2, 0.000481488, 4.3548e-5, 0.000525233)), (3, (3, 0.000586033, 0.000148807, 0.000735154))]), (12704, 9, 0.000521059, [(3, (0, 0.000452552, 2.2523e-5, 0.00047528)), (2, (1, 0.000362815, 3.3029e-5, 0.000396022)), (2, (2, 0.000320973, 4.8008e-5, 0.000369171)), (2, (3, 0.000417535, 5.3445e-5, 0.000471192))]), (12720, 13, 0.000788672, [(4, (0, 0.000705266, 1.2261e-5, 0.000717677)), (3, (1, 0.000700756, 6.4609e-5, 0.000765583)), (3, (2, 0.000723962, 4.7305e-5, 0.000771494)), (3, (3, 0.000650227, 5.9023e-5, 0.000709456))]), (12736, 15, 0.001119357, [(4, (0, 0.000761441, 1.894e-5, 0.000780582)), (4, (1, 0.000951592, 0.000104598, 0.001056535)), (4, (2, 0.000810458, 3.3468e-5, 0.000844137)), (3, (3, 0.000585691, 0.000106479, 0.000692379))]), (12752, 12, 0.000702576, [(3, (0, 0.000607339, 1.7494e-5, 0.000625024)), (3, (1, 0.000633864, 4.4514e-5, 0.000678577)), (3, (2, 0.000624568, 2.7936e-5, 0.000652697)), (3, (3, 0.000561824, 0.000100359, 0.000662497))]), (12768, 14, 0.000853744, [(4, (0, 0.000827926, 1.6774e-5, 0.0008449)), (4, (1, 0.00080391, 4.1077e-5, 0.000845178)), (3, (2, 0.000628648, 2.7375e-5, 0.000656208)), (3, (3, 0.000464428, 0.000106338, 0.000571122))]), (12784, 13, 0.000774255, [(4, (0, 0.000680725, 1.8267e-5, 0.000699196)), (3, (1, 0.000597409, 4.1465e-5, 0.00063905)), (3, (2, 0.000645337, 3.1607e-5, 0.000677115)), (3, (3, 0.000615983, 0.000100395, 0.000716692))]), (12800, 14, 0.000831307, [(4, (0, 0.000696882, 2.369e-5, 0.000720793)), (4, (1, 0.000549542, 5.1933e-5, 0.00060169)), (3, (2, 0.00045446, 3.6185e-5, 0.000490844)), (3, (3, 0.000692254, 0.000103529, 0.000796129))]), (12816, 14, 0.001058172, [(4, (0, 0.000991734, 2.1469e-5, 0.001013398)), (4, (1, 0.000856527, 0.000171349, 0.001028189)), (3, (2, 0.000435323, 3.5808e-5, 0.000471319)), (3, (3, 0.000490888, 0.000102765, 0.000593945))]), (12832, 15, 0.001374293, [(4, (0, 0.001098684, 2.0451e-5, 0.001119331)), (4, (1, 0.00061111, 0.000109456, 0.000720782)), (4, (2, 0.000748624, 9.8383e-5, 0.000847219)), (3, (3, 0.001159864, 0.000154585, 0.001314768))]), (12848, 14, 0.000885108, [(4, (0, 0.000861424, 2.2295e-5, 0.000883978)), (4, (1, 0.000804762, 3.6867e-5, 0.000841803)), (3, (2, 0.000434962, 4.9044e-5, 0.000484186)), (3, (3, 0.000460158, 5.4608e-5, 0.000514935))]), (12864, 15, 0.001422706, [(4, (0, 0.001035423, 2.5667e-5, 0.001061401)), (4, (1, 0.001265781, 0.000124855, 0.001390992)), (4, (2, 0.001300371, 4.5789e-5, 0.001346863)), (3, (3, 0.000717046, 5.6004e-5, 0.000773239))]), (12880, 12, 0.001141905, [(3, (0, 0.000635178, 2.0849e-5, 0.000656217)), (3, (1, 0.000771433, 8.6924e-5, 0.000858669)), (3, (2, 0.000765608, 3.1072e-5, 0.000796842)), (3, (3, 0.00085587, 0.000200564, 0.001056743))]), (12896, 16, 0.001307485, [(4, (0, 0.000842524, 2.3839e-5, 0.000866598)), (4, (1, 0.000638526, 8.3243e-5, 0.000721985)), (4, (2, 0.000672355, 4.8563e-5, 0.000721256)), (4, (3, 0.001087385, 7.0646e-5, 0.001158447))]), (12912, 16, 0.001023297, [(4, (0, 0.000700145, 2.6183e-5, 0.000726563)), (4, (1, 0.000913532, 6.33e-5, 0.000977047)), (4, (2, 0.000736486, 3.983e-5, 0.000776552)), (4, (3, 0.000834664, 0.000140642, 0.000975594))]), (12928, 14, 0.001245582, [(4, (0, 0.00066318, 3.1553e-5, 0.00069495)), (4, (1, 0.000607796, 0.000183025, 0.000791135)), (3, (2, 0.000523355, 4.3517e-5, 0.000567108)), (3, (3, 0.001029023, 0.000129535, 0.001158883))]), (12944, 16, 0.001422643, [(4, (0, 0.000983177, 2.3051e-5, 0.001006375)), (4, (1, 0.000663799, 0.000125426, 0.000789631)), (4, (2, 0.001278551, 0.000110009, 0.001388889)), (4, (3, 0.00092707, 0.000117608, 0.001044945))]), (12960, 16, 0.001156974, [(4, (0, 0.001055128, 2.4499e-5, 0.001079814)), (4, (1, 0.000988066, 0.000143181, 0.001131558)), (4, (2, 0.00095028, 3.8422e-5, 0.000988932)), (4, (3, 0.000718179, 0.000196415, 0.000914894))]), (12976, 11, 0.000609845, [(3, (0, 0.000553605, 1.8497e-5, 0.000572263)), (3, (1, 0.000524007, 6.1735e-5, 0.000585981)), (3, (2, 0.000520359, 4.9609e-5, 0.000570271)), (2, (3, 0.000366166, 5.4731e-5, 0.000421105))]), (12992, 11, 0.000685606, [(3, (0, 0.000429259, 2.4382e-5, 0.00045384)), (3, (1, 0.000609107, 5.2988e-5, 0.000662297)), (3, (2, 0.00047482, 3.478e-5, 0.000509813)), (2, (3, 0.000314171, 0.000196596, 0.000511084))]), (13008, 8, 0.000579222, [(2, (0, 0.000276153, 2.4204e-5, 0.000300546)), (2, (1, 0.000301671, 0.000205953, 0.000507955)), (2, (2, 0.000430958, 3.671e-5, 0.000467844)), (2, (3, 0.000365539, 0.000153408, 0.000519249))]), (13024, 15, 0.001035545, [(4, (0, 0.000747144, 2.4457e-5, 0.000771841)), (4, (1, 0.000955927, 5.0011e-5, 0.001006143)), (4, (2, 0.000687446, 3.8634e-5, 0.000726273)), (3, (3, 0.000517599, 6.1431e-5, 0.00057935))]), (13040, 12, 0.001445371, [(3, (0, 0.000409295, 2.8704e-5, 0.0004382)), (3, (1, 0.000634413, 8.2259e-5, 0.000716978)), (3, (2, 0.000885818, 4.0272e-5, 0.000926278)), (3, (3, 0.001202644, 0.000191385, 0.001394384))]), (13056, 13, 0.001104375, [(4, (0, 0.000852905, 2.4993e-5, 0.000878119)), (3, (1, 0.000817164, 4.8377e-5, 0.0008658)), (3, (2, 0.000565748, 3.8309e-5, 0.00060427)), (3, (3, 0.000916824, 6.4776e-5, 0.000981935))]), (13072, 9, 0.000766067, [(3, (0, 0.000743329, 2.1707e-5, 0.00076526)), (2, (1, 0.000544354, 0.0001221, 0.000666759)), (2, (2, 0.000559663, 3.6305e-5, 0.000596184)), (2, (3, 0.000600594, 0.000125999, 0.000726898))]), (13088, 13, 0.000614659, [(4, (0, 0.000590036, 2.3709e-5, 0.000613958)), (3, (1, 0.000487705, 4.8082e-5, 0.000535991)), (3, (2, 0.000458756, 3.7426e-5, 0.000496442)), (3, (3, 0.000466054, 0.000107508, 0.000573848))]), (13104, 14, 0.00104897, [(4, (0, 0.000607178, 2.3924e-5, 0.000631293)), (4, (1, 0.000977043, 4.6168e-5, 0.0010234)), (3, (2, 0.000543764, 3.5263e-5, 0.000579222)), (3, (3, 0.000566329, 0.000103015, 0.000669672))]), (13120, 13, 0.001140283, [(4, (0, 0.001114925, 2.4313e-5, 0.00113948)), (3, (1, 0.000476946, 5.5827e-5, 0.000533083)), (3, (2, 0.00060305, 3.5847e-5, 0.000639088)), (3, (3, 0.000446682, 0.000124324, 0.000571315))]), (13136, 13, 0.001236788, [(4, (0, 0.000586776, 2.027e-5, 0.000607256)), (3, (1, 0.001051633, 0.000107459, 0.001159453)), (3, (2, 0.000543863, 3.6928e-5, 0.000580981)), (3, (3, 0.000606818, 0.000150333, 0.000757372))]), (13152, 14, 0.000916614, [(4, (0, 0.000583819, 1.4723e-5, 0.000598705)), (4, (1, 0.000818332, 7.5313e-5, 0.000893893)), (3, (2, 0.000432534, 2.3946e-5, 0.000456663)), (3, (3, 0.000471562, 0.000132155, 0.000604023))]), (13168, 13, 0.0007012, [(4, (0, 0.000678596, 2.1719e-5, 0.000700512)), (3, (1, 0.000543971, 5.707e-5, 0.000601224)), (3, (2, 0.000497531, 4.4443e-5, 0.000542152)), (3, (3, 0.000507374, 9.1313e-5, 0.000598988))]), (13184, 9, 0.000656555, [(3, (0, 0.000532357, 2.2388e-5, 0.00055494)), (2, (1, 0.000506406, 0.000112123, 0.00061884)), (2, (2, 0.000441731, 3.7593e-5, 0.00047951)), (2, (3, 0.000332267, 5.0041e-5, 0.000382494))]), (13200, 10, 0.000672382, [(3, (0, 0.000554012, 2.6488e-5, 0.000580713)), (3, (1, 0.000595996, 5.0544e-5, 0.00064673)), (2, (2, 0.000396974, 3.7881e-5, 0.000435042)), (2, (3, 0.000431259, 0.000118929, 0.000550518))]), (13216, 11, 0.000696095, [(3, (0, 0.000622816, 1.9626e-5, 0.000642669)), (3, (1, 0.000627176, 4.738e-5, 0.000674739)), (3, (2, 0.000545216, 3.7368e-5, 0.000582914)), (2, (3, 0.000352433, 0.000102075, 0.000454849))]), (13232, 15, 0.000967983, [(4, (0, 0.000677871, 1.1869e-5, 0.000689916)), (4, (1, 0.00080254, 5.3885e-5, 0.00085665)), (4, (2, 0.00088453, 4.7094e-5, 0.000931933)), (3, (3, 0.000582279, 0.000111423, 0.000693996))]), (13248, 12, 0.000675264, [(3, (0, 0.000467333, 2.0943e-5, 0.000488494)), (3, (1, 0.000605337, 4.3778e-5, 0.000649331)), (3, (2, 0.000615678, 3.3963e-5, 0.000649837)), (3, (3, 0.000558122, 0.000107193, 0.000665632))]), (13264, 10, 0.000904259, [(3, (0, 0.000882977, 2.0442e-5, 0.000903598)), (3, (1, 0.000568726, 4.3044e-5, 0.000611979)), (2, (2, 0.000552324, 3.2168e-5, 0.000584671)), (2, (3, 0.000594423, 0.000105055, 0.000699808))]), (13280, 11, 0.000883931, [(3, (0, 0.000843043, 2.2618e-5, 0.000865862)), (3, (1, 0.000696031, 4.7156e-5, 0.000743377)), (3, (2, 0.000838446, 3.6246e-5, 0.000874882)), (2, (3, 0.000443172, 6.9581e-5, 0.000513061))]), (13296, 16, 0.001201304, [(4, (0, 0.00092593, 1.9274e-5, 0.000945443)), (4, (1, 0.001128366, 4.8709e-5, 0.001177273)), (4, (2, 0.000730974, 3.2021e-5, 0.000763176)), (4, (3, 0.000614195, 6.0212e-5, 0.000674752))]), (13312, 10, 0.000796349, [(3, (0, 0.000775588, 1.9749e-5, 0.000795531)), (3, (1, 0.000656406, 0.000112665, 0.000769406)), (2, (2, 0.000417659, 3.0168e-5, 0.000448009)), (2, (3, 0.000592049, 0.00015449, 0.000747516))]), (13328, 13, 0.001288787, [(4, (0, 0.000944796, 2.1387e-5, 0.000966385)), (3, (1, 0.000587071, 0.000112004, 0.000699401)), (3, (2, 0.000472461, 3.6377e-5, 0.000509046)), (3, (3, 0.0010042, 0.000241783, 0.001246295))]), (13344, 15, 0.002165533, [(4, (0, 0.001100929, 2.3587e-5, 0.001124714)), (4, (1, 0.001998244, 0.000139728, 0.002138325)), (4, (2, 0.00099554, 3.4894e-5, 0.001034022)), (3, (3, 0.00146013, 8.7582e-5, 0.001548017))]), (13360, 11, 0.001041287, [(3, (0, 0.001016461, 2.3874e-5, 0.001040553)), (3, (1, 0.000839589, 0.000157352, 0.000997247)), (3, (2, 0.000943154, 3.7575e-5, 0.000980934)), (2, (3, 0.000613651, 0.000164005, 0.000777959))]), (13376, 15, 0.001090254, [(4, (0, 0.000969068, 2.3252e-5, 0.000992512)), (4, (1, 0.000931813, 0.000133878, 0.001066009)), (4, (2, 0.000931591, 3.5103e-5, 0.000966907)), (3, (3, 0.00065476, 0.000166791, 0.000822482))]), (13392, 13, 0.000807142, [(4, (0, 0.00056054, 1.3882e-5, 0.000574569)), (3, (1, 0.000647868, 3.9556e-5, 0.000687707)), (3, (2, 0.000762919, 2.2997e-5, 0.000786193)), (3, (3, 0.000536555, 7.4568e-5, 0.000611925))]), (13408, 12, 0.000973032, [(3, (0, 0.000635344, 1.9422e-5, 0.000654963)), (3, (1, 0.00061733, 0.000128019, 0.000745755)), (3, (2, 0.000627097, 3.4004e-5, 0.000661325)), (3, (3, 0.000733865, 0.000199757, 0.000933945))]), (13424, 14, 0.000824121, [(4, (0, 0.000735526, 1.1631e-5, 0.000747307)), (4, (1, 0.000747841, 5.405e-5, 0.00080208)), (3, (2, 0.000483065, 5.339e-5, 0.00053671)), (3, (3, 0.000487813, 8.5394e-5, 0.000573531))]), (13440, 14, 0.001047606, [(4, (0, 0.00059, 1.8935e-5, 0.000609117)), (4, (1, 0.000863327, 0.000160014, 0.001023655)), (3, (2, 0.000609964, 3.2306e-5, 0.000642483)), (3, (3, 0.000542854, 0.000340282, 0.000883468))]), (13456, 15, 0.001039642, [(4, (0, 0.000604626, 2.1127e-5, 0.000625945)), (4, (1, 0.000744217, 0.000110063, 0.000854583)), (4, (2, 0.000988921, 3.1354e-5, 0.001020454)), (3, (3, 0.000681917, 0.000155557, 0.000838173))]), (13472, 10, 0.000769527, [(3, (0, 0.000751662, 1.7005e-5, 0.00076886)), (3, (1, 0.00066809, 6.2286e-5, 0.000730695)), (2, (2, 0.000372613, 2.9999e-5, 0.000402801)), (2, (3, 0.000422966, 0.000112896, 0.000536149))]), (13488, 15, 0.001076874, [(4, (0, 0.000824861, 1.7166e-5, 0.000842225)), (4, (1, 0.000878556, 0.000174486, 0.00105336)), (4, (2, 0.000847474, 2.8433e-5, 0.000876092)), (3, (3, 0.000658076, 0.000231686, 0.000890074))]), (13504, 11, 0.000572446, [(3, (0, 0.000477461, 1.9966e-5, 0.000497625)), (3, (1, 0.000443135, 0.000105333, 0.000548781)), (3, (2, 0.00042661, 3.0217e-5, 0.000457)), (2, (3, 0.00031202, 0.000116806, 0.000429562))]), (13520, 16, 0.001057482, [(4, (0, 0.000665123, 1.6439e-5, 0.00068176)), (4, (1, 0.000557563, 0.000112772, 0.000670651)), (4, (2, 0.000516482, 2.6861e-5, 0.000543518)), (4, (3, 0.000862481, 0.000112893, 0.000975593))]), (13536, 12, 0.000902983, [(3, (0, 0.000539075, 2.2006e-5, 0.000561277)), (3, (1, 0.000421272, 0.000213607, 0.000635229)), (3, (2, 0.000450986, 3.3578e-5, 0.000484738)), (3, (3, 0.000694333, 0.00017161, 0.000866253))]), (13552, 8, 0.000621217, [(2, (0, 0.000528891, 1.006e-5, 0.000539097)), (2, (1, 0.000295981, 0.000297664, 0.000593953)), (2, (2, 0.000407315, 8.1443e-5, 0.000489132)), (2, (3, 0.000415445, 9.7945e-5, 0.000513596))]), (13568, 10, 0.00081039, [(3, (0, 0.000533889, 1.7043e-5, 0.000551125)), (3, (1, 0.000537382, 0.00015454, 0.000692276)), (2, (2, 0.000366291, 2.8687e-5, 0.000395166)), (2, (3, 0.000621193, 0.000154651, 0.000776052))]), (13584, 14, 0.000810116, [(4, (0, 0.00078453, 2.4788e-5, 0.000809485)), (4, (1, 0.000588077, 0.000101327, 0.000689681)), (3, (2, 0.000447905, 3.8967e-5, 0.000487075)), (3, (3, 0.000539945, 4.0803e-5, 0.00058108))]), (13600, 11, 0.000803783, [(3, (0, 0.000428675, 1.6939e-5, 0.000445803)), (3, (1, 0.000673414, 0.000103182, 0.000776892)), (3, (2, 0.000656342, 3.0636e-5, 0.000687156)), (2, (3, 0.000304772, 0.000114057, 0.00041918))]), (13616, 14, 0.000813427, [(4, (0, 0.000778255, 3.424e-5, 0.000812698)), (4, (1, 0.000697551, 4.7429e-5, 0.000745202)), (3, (2, 0.000596337, 9.6058e-5, 0.000692719)), (3, (3, 0.000423581, 0.000121238, 0.000545131))]), (13632, 10, 0.000803789, [(3, (0, 0.000606303, 2.7701e-5, 0.000634199)), (3, (1, 0.000685861, 8.0923e-5, 0.000767172)), (2, (2, 0.00045771, 3.9569e-5, 0.000497457)), (2, (3, 0.000578178, 0.000125798, 0.000704281))]), (13648, 10, 0.000727642, [(3, (0, 0.000474395, 1.905e-5, 0.000493642)), (3, (1, 0.00054618, 0.000146776, 0.000693278)), (2, (2, 0.000472548, 3.1559e-5, 0.000504279)), (2, (3, 0.000457332, 0.000149219, 0.000606772))]), (13664, 13, 0.001385427, [(4, (0, 0.001367937, 1.654e-5, 0.001384666)), (3, (1, 0.000659153, 5.3271e-5, 0.000712637)), (3, (2, 0.000557735, 3.9556e-5, 0.000597608)), (3, (3, 0.000705615, 4.6129e-5, 0.000751927))]), (13680, 15, 0.001256401, [(4, (0, 0.00071273, 2.2432e-5, 0.000735411)), (4, (1, 0.000592476, 0.000119659, 0.000712441)), (4, (2, 0.001179979, 3.7246e-5, 0.001217427)), (3, (3, 0.000505361, 0.000133902, 0.000639645))]), (13696, 14, 0.000764866, [(4, (0, 0.000691452, 2.3983e-5, 0.000715648)), (4, (1, 0.000642702, 9.8576e-5, 0.000741617)), (3, (2, 0.000449982, 3.6788e-5, 0.000486967)), (3, (3, 0.000480939, 0.000163322, 0.000644581))]), (13712, 13, 0.000791424, [(4, (0, 0.000677988, 1.9243e-5, 0.00069742)), (3, (1, 0.000589638, 6.4085e-5, 0.000654031)), (3, (2, 0.000574501, 3.0992e-5, 0.00060569)), (3, (3, 0.000645605, 0.000109435, 0.000755334))]), (13728, 15, 0.000820491, [(4, (0, 0.000577256, 1.9401e-5, 0.000596843)), (4, (1, 0.000600532, 5.1512e-5, 0.000652224)), (4, (2, 0.000703769, 4.177e-5, 0.000745803)), (3, (3, 0.000606846, 0.000162218, 0.000772884))]), (13744, 16, 0.001450271, [(4, (0, 0.000824048, 2.1944e-5, 0.000846198)), (4, (1, 0.001290994, 8.054e-5, 0.001371798)), (4, (2, 0.000863825, 3.3017e-5, 0.000897021)), (4, (3, 0.000883617, 7.4239e-5, 0.00095815))]), (13760, 15, 0.001164767, [(4, (0, 0.001151703, 1.2278e-5, 0.001164145)), (4, (1, 0.000634643, 0.000107646, 0.000742618)), (4, (2, 0.001022957, 1.2848e-5, 0.001035985)), (3, (3, 0.000853294, 7.5515e-5, 0.000929149))]), (13776, 7, 0.000852826, [(2, (0, 0.000713434, 1.8066e-5, 0.0007317)), (2, (1, 0.000717434, 0.000109843, 0.000827593)), (2, (2, 0.000361512, 3.2269e-5, 0.00039399)), (1, (3, 0.000194127, 0.000164021, 0.00035838))]), (13792, 14, 0.001228805, [(4, (0, 0.001206162, 2.1637e-5, 0.001227986)), (4, (1, 0.001076171, 3.4526e-5, 0.001110884)), (3, (2, 0.000829732, 0.000121921, 0.000951963)), (3, (3, 0.000830403, 0.000148342, 0.000979033))]), (13808, 13, 0.000765, [(4, (0, 0.000631988, 2.0207e-5, 0.000652378)), (3, (1, 0.000623595, 0.000117124, 0.000740967)), (3, (2, 0.0006146, 3.2018e-5, 0.000646816)), (3, (3, 0.00060684, 0.000123006, 0.000730162))]), (13824, 11, 0.000798072, [(3, (0, 0.000555502, 1.9991e-5, 0.000575656)), (3, (1, 0.00059982, 0.000161408, 0.000761474)), (3, (2, 0.000432007, 4.8401e-5, 0.000480588)), (2, (3, 0.000362239, 7.9314e-5, 0.000441861))]), (13840, 15, 0.000885962, [(4, (0, 0.00086339, 2.1581e-5, 0.000885147)), (4, (1, 0.000795702, 8.3235e-5, 0.000879263)), (4, (2, 0.000795371, 3.8165e-5, 0.00083372)), (3, (3, 0.000580005, 0.000145088, 0.000726031))]), (13856, 15, 0.00081597, [(4, (0, 0.000740938, 2.1028e-5, 0.000762165)), (4, (1, 0.00062165, 6.992e-5, 0.000691881)), (4, (2, 0.000756612, 3.6941e-5, 0.000793744)), (3, (3, 0.000681221, 7.6984e-5, 0.000758471))]), (13872, 12, 0.00081293, [(3, (0, 0.000528304, 2.0591e-5, 0.00054909)), (3, (1, 0.00051908, 9.0417e-5, 0.000609827)), (3, (2, 0.00074791, 3.2045e-5, 0.000780127)), (3, (3, 0.000464352, 0.000212012, 0.000676668))]), (13888, 15, 0.000771531, [(4, (0, 0.000628439, 3.0577e-5, 0.000659266)), (4, (1, 0.000623468, 0.000120206, 0.0007439)), (4, (2, 0.000651449, 4.6035e-5, 0.00069767)), (3, (3, 0.000572279, 5.7187e-5, 0.000629722))]), (13904, 11, 0.000611228, [(3, (0, 0.000458568, 1.963e-5, 0.0004784)), (3, (1, 0.000493121, 9.5415e-5, 0.000588706)), (3, (2, 0.000496864, 8.6131e-5, 0.000583318)), (2, (3, 0.000321855, 0.000213207, 0.000535376))]), (13920, 12, 0.00070786, [(3, (0, 0.000685054, 2.1848e-5, 0.000707124)), (3, (1, 0.000460981, 6.328e-5, 0.000524588)), (3, (2, 0.00047231, 3.3401e-5, 0.00050591)), (3, (3, 0.000483477, 6.7519e-5, 0.00055126))]), (13936, 15, 0.000926194, [(4, (0, 0.000741877, 1.7964e-5, 0.000760045)), (4, (1, 0.000765169, 9.6984e-5, 0.000862452)), (4, (2, 0.000697463, 6.2825e-5, 0.00076063)), (3, (3, 0.000682411, 0.000150783, 0.000833446))]), (13952, 10, 0.000987911, [(3, (0, 0.000589432, 2.6922e-5, 0.000616596)), (3, (1, 0.000886691, 7.5182e-5, 0.000962203)), (2, (2, 0.000450884, 7.1906e-5, 0.000523037)), (2, (3, 0.000495514, 7.9682e-5, 0.000575421))]), (13968, 15, 0.00093833, [(4, (0, 0.000546399, 2.2496e-5, 0.000569099)), (4, (1, 0.000656671, 3.7507e-5, 0.000694429)), (4, (2, 0.000863724, 4.721e-5, 0.000911122)), (3, (3, 0.000559546, 0.000125926, 0.000685669))]), (13984, 14, 0.001195458, [(4, (0, 0.000853683, 2.4165e-5, 0.000878066)), (4, (1, 0.001056524, 0.00010864, 0.001165474)), (3, (2, 0.000434439, 3.6741e-5, 0.000471364)), (3, (3, 0.000657347, 0.000108929, 0.000766447))]), (14000, 13, 0.000740546, [(4, (0, 0.000662401, 1.848e-5, 0.000681107)), (3, (1, 0.00050791, 5.7732e-5, 0.000565881)), (3, (2, 0.000672256, 4.1179e-5, 0.000713681)), (3, (3, 0.000581756, 0.000139288, 0.000721841))]), (14016, 13, 0.000975857, [(4, (0, 0.000622014, 2.4416e-5, 0.00064661)), (3, (1, 0.000605148, 0.000216325, 0.00082179)), (3, (2, 0.000548099, 3.8906e-5, 0.000587234)), (3, (3, 0.000878174, 6.3218e-5, 0.000941623))]), (14032, 12, 0.000651417, [(3, (0, 0.000557042, 1.4465e-5, 0.000571722)), (3, (1, 0.000601776, 3.3743e-5, 0.000635721)), (3, (2, 0.00060043, 3.3006e-5, 0.000633745)), (3, (3, 0.000581534, 4.2666e-5, 0.000624461))]), (14048, 11, 0.000575892, [(3, (0, 0.000473042, 2.0625e-5, 0.000493868)), (3, (1, 0.000501727, 4.9209e-5, 0.00055118)), (3, (2, 0.000540054, 3.4279e-5, 0.000574551)), (2, (3, 0.000275338, 5.4886e-5, 0.000330439))]), (14064, 11, 0.000849656, [(3, (0, 0.000732073, 1.7797e-5, 0.000750071)), (3, (1, 0.000681493, 4.2447e-5, 0.000724133)), (3, (2, 0.000798288, 2.8726e-5, 0.000827197)), (2, (3, 0.000442864, 4.6891e-5, 0.000489947))]), (14080, 14, 0.001897729, [(4, (0, 0.00112468, 1.9266e-5, 0.001144399)), (4, (1, 0.001825754, 4.5728e-5, 0.001871707)), (3, (2, 0.001262738, 3.238e-5, 0.001295324)), (3, (3, 0.00106773, 6.0801e-5, 0.001128838))]), (14096, 13, 0.000919121, [(4, (0, 0.000895909, 2.2206e-5, 0.000918342)), (3, (1, 0.000622677, 3.1328e-5, 0.000654184)), (3, (2, 0.000546612, 4.5399e-5, 0.000592314)), (3, (3, 0.000609936, 0.000102623, 0.000713457))]), (14112, 12, 0.000908371, [(3, (0, 0.000888466, 1.8995e-5, 0.00090768)), (3, (1, 0.00052081, 0.000114964, 0.000636096)), (3, (2, 0.000658976, 3.3114e-5, 0.000692321)), (3, (3, 0.000549532, 0.000115406, 0.000665143))]), (14128, 14, 0.000724313, [(4, (0, 0.000576514, 1.9917e-5, 0.000596616)), (4, (1, 0.000645829, 5.3223e-5, 0.000699264)), (3, (2, 0.00046629, 4.245e-5, 0.000509062)), (3, (3, 0.000571389, 5.6835e-5, 0.000628419))]), (14144, 5, 0.000393669, [(2, (0, 0.000374159, 1.8723e-5, 0.000393085)), (1, (1, 0.000146303, 5.5103e-5, 0.000201567)), (1, (2, 0.000157198, 4.5184e-5, 0.000202594)), (1, (3, 0.000253237, 6.0778e-5, 0.000314234))]), (14160, 15, 0.000964512, [(4, (0, 0.000712659, 1.5968e-5, 0.000728828)), (4, (1, 0.000858018, 8.2638e-5, 0.000940963)), (4, (2, 0.000690225, 2.8731e-5, 0.000719162)), (3, (3, 0.000609189, 0.000107946, 0.000717578))]), (14176, 15, 0.001025933, [(4, (0, 0.000738615, 1.4685e-5, 0.00075345)), (4, (1, 0.000932281, 7.1274e-5, 0.001003741)), (4, (2, 0.000828132, 6.3081e-5, 0.000891512)), (3, (3, 0.000830505, 0.000111312, 0.000942616))]), (14192, 15, 0.001090936, [(4, (0, 0.000931176, 2.1557e-5, 0.000952946)), (4, (1, 0.000710653, 0.000127601, 0.000841967)), (4, (2, 0.001037257, 3.2479e-5, 0.00106992)), (3, (3, 0.00093195, 0.000130615, 0.00106274))]), (14208, 11, 0.000702052, [(3, (0, 0.000533635, 1.7236e-5, 0.000551064)), (3, (1, 0.000620389, 5.8989e-5, 0.00067964)), (3, (2, 0.000421764, 3.7524e-5, 0.000459472)), (2, (3, 0.000360489, 7.6171e-5, 0.000436964))]), (14224, 9, 0.000793962, [(3, (0, 0.00077462, 1.8481e-5, 0.000793305)), (2, (1, 0.000331122, 3.8229e-5, 0.000369611)), (2, (2, 0.000746895, 3.432e-5, 0.000781466)), (2, (3, 0.00058217, 4.0654e-5, 0.000623026))]), (14240, 14, 0.00096477, [(4, (0, 0.000559332, 2.0256e-5, 0.000579774)), (4, (1, 0.000872304, 6.66e-5, 0.000939242)), (3, (2, 0.000691843, 3.5595e-5, 0.00072765)), (3, (3, 0.000551029, 0.000103133, 0.000654412))]), (14256, 11, 0.000621642, [(3, (0, 0.000485402, 1.8976e-5, 0.000504549)), (3, (1, 0.000542863, 4.9087e-5, 0.000592136)), (3, (2, 0.000534011, 3.2542e-5, 0.000569977)), (2, (3, 0.000498629, 8.7189e-5, 0.000586663))]), (14272, 12, 0.000765146, [(3, (0, 0.000465951, 2.1904e-5, 0.000488057)), (3, (1, 0.000605208, 5.2186e-5, 0.000657596)), (3, (2, 0.000483422, 4.3592e-5, 0.000527267)), (3, (3, 0.000672766, 5.768e-5, 0.00073067))]), (14288, 10, 0.000953118, [(3, (0, 0.000552401, 1.9475e-5, 0.000572069)), (3, (1, 0.000768006, 0.000101248, 0.000869581)), (2, (2, 0.00055269, 3.3041e-5, 0.000585927)), (2, (3, 0.000417467, 0.000101478, 0.000519226))]), (14304, 12, 0.000701384, [(3, (0, 0.00058356, 2.1725e-5, 0.000605484)), (3, (1, 0.000605595, 5.7182e-5, 0.000663132)), (3, (2, 0.000515029, 3.3107e-5, 0.000548314)), (3, (3, 0.000548026, 4.6343e-5, 0.000594744))]), (14320, 15, 0.00080234, [(4, (0, 0.000540194, 2.0578e-5, 0.000560972)), (4, (1, 0.000609945, 0.000131539, 0.000741808)), (4, (2, 0.000746764, 3.1312e-5, 0.00077825)), (3, (3, 0.000449008, 0.000135313, 0.000584507))]), (14336, 12, 0.000562015, [(3, (0, 0.000541442, 1.7737e-5, 0.000559356)), (3, (1, 0.00045112, 4.4346e-5, 0.000495652)), (3, (2, 0.000465131, 2.8594e-5, 0.000493904)), (3, (3, 0.000492432, 4.7818e-5, 0.000540454))]), (14352, 15, 0.000721821, [(4, (0, 0.00054245, 1.8002e-5, 0.00056065)), (4, (1, 0.000639853, 5.9518e-5, 0.000699624)), (4, (2, 0.000623874, 3.2403e-5, 0.000656494)), (3, (3, 0.000572105, 6.2019e-5, 0.000637673))]), (14368, 16, 0.000897788, [(4, (0, 0.000862829, 1.8284e-5, 0.000881305)), (4, (1, 0.000819071, 3.2999e-5, 0.000852268)), (4, (2, 0.000842639, 4.6309e-5, 0.000889178)), (4, (3, 0.000708914, 4.9333e-5, 0.000758436))]), (14384, 13, 0.000663708, [(4, (0, 0.00057109, 1.7179e-5, 0.000588446)), (3, (1, 0.000601454, 4.1042e-5, 0.000642691)), (3, (2, 0.000463982, 2.9654e-5, 0.000493828)), (3, (3, 0.000538648, 4.6245e-5, 0.000585172))]), (14400, 8, 0.000518864, [(2, (0, 0.000306668, 1.9151e-5, 0.000326008)), (2, (1, 0.000436848, 4.9101e-5, 0.000486154)), (2, (2, 0.000348877, 3.9405e-5, 0.000388565)), (2, (3, 0.000426178, 5.4781e-5, 0.00048118))]), (14416, 7, 0.00054915, [(2, (0, 0.000527801, 2.0432e-5, 0.000548444)), (2, (1, 0.000437766, 4.7094e-5, 0.000485051)), (2, (2, 0.000473098, 3.3752e-5, 0.00050705)), (1, (3, 0.000156553, 5.1686e-5, 0.000208468))]), (14432, 12, 0.000781116, [(3, (0, 0.000470178, 1.8016e-5, 0.000488393)), (3, (1, 0.00067937, 4.3168e-5, 0.00072272)), (3, (2, 0.000725486, 3.2934e-5, 0.000758642)), (3, (3, 0.000649161, 5.1231e-5, 0.000700594))]), (14448, 11, 0.000669206, [(3, (0, 0.000432586, 1.9171e-5, 0.000451954)), (3, (1, 0.000602755, 4.5803e-5, 0.000648754)), (3, (2, 0.000555712, 3.3752e-5, 0.000589663)), (2, (3, 0.000394291, 5.1491e-5, 0.000446026))]), (14464, 13, 0.000813436, [(4, (0, 0.000718592, 1.6292e-5, 0.000735071)), (3, (1, 0.000698972, 3.9582e-5, 0.00073874)), (3, (2, 0.000764347, 2.7778e-5, 0.000792303)), (3, (3, 0.000616312, 9.7052e-5, 0.000713604))]), (14480, 9, 0.000584445, [(3, (0, 0.00056587, 1.7675e-5, 0.00058374)), (2, (1, 0.000303687, 4.2923e-5, 0.000346797)), (2, (2, 0.000435703, 2.9479e-5, 0.000465361)), (2, (3, 0.000293501, 8.591e-5, 0.000379674))]), (14496, 10, 0.000590182, [(3, (0, 0.000515458, 1.7932e-5, 0.000533586)), (3, (1, 0.000524895, 4.098e-5, 0.000566057)), (2, (2, 0.000396105, 2.9963e-5, 0.000426258)), (2, (3, 0.000351921, 4.7129e-5, 0.000399299))]), (14512, 11, 0.000783007, [(3, (0, 0.000758153, 2.3892e-5, 0.000782273)), (3, (1, 0.000584751, 5.2116e-5, 0.000637093)), (3, (2, 0.000729075, 3.6771e-5, 0.000766048)), (2, (3, 0.000412841, 4.6573e-5, 0.000459596))]), (14528, 6, 0.000409935, [(2, (0, 0.000325409, 1.5879e-5, 0.000341476)), (2, (1, 0.000329335, 5.7132e-5, 0.000386627)), (1, (2, 0.000173567, 4.6639e-5, 0.000220398)), (1, (3, 0.000179423, 6.2331e-5, 0.000241982))]), (14544, 13, 0.000834712, [(4, (0, 0.000645221, 1.7686e-5, 0.000663106)), (3, (1, 0.000650711, 4.0239e-5, 0.000691129)), (3, (2, 0.000556948, 3.0331e-5, 0.000587472)), (3, (3, 0.000758327, 4.601e-5, 0.000804601))]), (14560, 11, 0.001032437, [(3, (0, 0.000871095, 1.9965e-5, 0.000891251)), (3, (1, 0.000966626, 4.4249e-5, 0.001011046)), (3, (2, 0.000822323, 3.0906e-5, 0.000853422)), (2, (3, 0.000497284, 4.8662e-5, 0.00054614))]), (14576, 14, 0.000894099, [(4, (0, 0.000661016, 1.9681e-5, 0.000680894)), (4, (1, 0.000661638, 4.5097e-5, 0.000706907)), (3, (2, 0.000694926, 3.1719e-5, 0.000726856)), (3, (3, 0.000764428, 9.4243e-5, 0.00085884))]), (14592, 12, 0.000796698, [(3, (0, 0.000529241, 1.9313e-5, 0.000548741)), (3, (1, 0.000724675, 4.167e-5, 0.000766517)), (3, (2, 0.000492024, 3.1125e-5, 0.000523325)), (3, (3, 0.000525048, 4.6951e-5, 0.000572178))]), (14608, 12, 0.000801061, [(3, (0, 0.000446952, 2.0228e-5, 0.000467384)), (3, (1, 0.000737911, 4.3115e-5, 0.000781194)), (3, (2, 0.000470976, 3.2917e-5, 0.000504098)), (3, (3, 0.000676848, 4.8281e-5, 0.000725308))]), (14624, 10, 0.000779191, [(3, (0, 0.000603399, 1.7344e-5, 0.000620939)), (3, (1, 0.000718996, 4e-5, 0.000759175)), (2, (2, 0.000329131, 2.8718e-5, 0.000358015)), (2, (3, 0.000370745, 4.5354e-5, 0.000416279))]), (14640, 14, 0.001016518, [(4, (0, 0.000996912, 1.8695e-5, 0.001015805)), (4, (1, 0.00066706, 4.3919e-5, 0.000711156)), (3, (2, 0.000584951, 3.0305e-5, 0.000615446)), (3, (3, 0.000634525, 8.6118e-5, 0.00072141))]), (14656, 12, 0.000919373, [(3, (0, 0.000504295, 2.0676e-5, 0.000525157)), (3, (1, 0.000840725, 5.5926e-5, 0.000897322)), (3, (2, 0.000540762, 3.4471e-5, 0.000575395)), (3, (3, 0.000567651, 0.000105511, 0.000673389))]), (14672, 16, 0.001001015, [(4, (0, 0.000920845, 2.3861e-5, 0.000944892)), (4, (1, 0.00087677, 4.9332e-5, 0.000926273)), (4, (2, 0.000822919, 3.5494e-5, 0.000858596)), (4, (3, 0.000855651, 0.000107666, 0.000964581))]), (14688, 16, 0.001069367, [(4, (0, 0.000847836, 2.6424e-5, 0.00087446)), (4, (1, 0.001017346, 2.6943e-5, 0.001044791)), (4, (2, 0.000987916, 3.271e-5, 0.001020884)), (4, (3, 0.000897982, 3.2908e-5, 0.000931081))]), (14704, 15, 0.00112348, [(4, (0, 0.000695944, 1.7531e-5, 0.000713675)), (4, (1, 0.000832238, 9.249e-5, 0.00092555)), (4, (2, 0.001072207, 2.9789e-5, 0.001102181)), (3, (3, 0.000463524, 4.1901e-5, 0.000505635))]), (14720, 16, 0.001032196, [(4, (0, 0.001019474, 1.1945e-5, 0.001031563)), (4, (1, 0.000677245, 6.2662e-5, 0.00074012)), (4, (2, 0.000669494, 4.7187e-5, 0.000716895)), (4, (3, 0.000729323, 5.6356e-5, 0.000785911))]), (14736, 11, 0.000950971, [(3, (0, 0.000610452, 2.0326e-5, 0.000630978)), (3, (1, 0.000712346, 4.6086e-5, 0.000758624)), (3, (2, 0.000881071, 3.3332e-5, 0.000914591)), (2, (3, 0.000625319, 5.81e-5, 0.000683671))]), (14752, 13, 0.000790153, [(4, (0, 0.000677621, 2.609e-5, 0.000703945)), (3, (1, 0.000576358, 5.05e-5, 0.000627028)), (3, (2, 0.000624389, 3.7302e-5, 0.000661886)), (3, (3, 0.000670448, 8.1778e-5, 0.000752538))]), (14768, 15, 0.000783457, [(4, (0, 0.000579579, 2.2623e-5, 0.000602395)), (4, (1, 0.000646384, 4.6344e-5, 0.000692905)), (4, (2, 0.000727463, 3.3243e-5, 0.000760881)), (3, (3, 0.000579265, 5.3987e-5, 0.000633513))]), (14784, 11, 0.000952349, [(3, (0, 0.000672674, 2.0244e-5, 0.000693118)), (3, (1, 0.000441348, 8.8667e-5, 0.000530195)), (3, (2, 0.000615306, 3.3724e-5, 0.000649223)), (2, (3, 0.000816787, 9.0027e-5, 0.000907033))]), (14800, 13, 0.001020237, [(4, (0, 0.000997952, 2.0807e-5, 0.001019003)), (3, (1, 0.000467534, 6.1082e-5, 0.000528885)), (3, (2, 0.000433747, 3.3967e-5, 0.000467898)), (3, (3, 0.000724588, 5.4673e-5, 0.000779487))]), (14816, 12, 0.000822508, [(3, (0, 0.000474256, 2.4409e-5, 0.000498864)), (3, (1, 0.000690703, 0.000107179, 0.000798069)), (3, (2, 0.000665182, 7.4393e-5, 0.000740368)), (3, (3, 0.000438973, 0.000205116, 0.000644398))]), (14832, 13, 0.001177096, [(4, (0, 0.001153357, 2.2757e-5, 0.001176291)), (3, (1, 0.000686052, 4.4901e-5, 0.000731136)), (3, (2, 0.000440254, 3.3282e-5, 0.000473727)), (3, (3, 0.000601505, 8.7985e-5, 0.000690119))]), (14848, 11, 0.000546267, [(3, (0, 0.000391329, 1.7852e-5, 0.000409396)), (3, (1, 0.00041151, 4.8451e-5, 0.000460191)), (3, (2, 0.000491837, 3.2821e-5, 0.000524825)), (2, (3, 0.000301606, 5.381e-5, 0.000358508))]), (14864, 12, 0.000834511, [(3, (0, 0.000420362, 1.5107e-5, 0.000435658)), (3, (1, 0.0007835, 2.7416e-5, 0.000811118)), (3, (2, 0.000471869, 4.0179e-5, 0.000512226)), (3, (3, 0.000487567, 4.617e-5, 0.000533943))]), (14880, 11, 0.000597811, [(3, (0, 0.00046984, 8.14e-6, 0.000478126)), (3, (1, 0.000514003, 6.195e-5, 0.000576123)), (3, (2, 0.000518777, 4.6664e-5, 0.000565608)), (2, (3, 0.000339952, 5.545e-5, 0.000395595))]), (14896, 13, 0.000686334, [(4, (0, 0.000600844, 7.335e-6, 0.000608325)), (3, (1, 0.000495695, 0.000162551, 0.000658548)), (3, (2, 0.000477877, 4.2048e-5, 0.000520083)), (3, (3, 0.000486891, 5.1448e-5, 0.000538527))]), (14912, 14, 0.000710928, [(4, (0, 0.000587988, 1.4649e-5, 0.000602809)), (4, (1, 0.000651331, 3.8841e-5, 0.000690363)), (3, (2, 0.00050139, 2.5966e-5, 0.00052755)), (3, (3, 0.00047263, 9.5196e-5, 0.000568131))]), (14928, 13, 0.000724519, [(4, (0, 0.000674124, 1.5478e-5, 0.000689788)), (3, (1, 0.000448264, 3.8385e-5, 0.000486821)), (3, (2, 0.000481319, 2.6788e-5, 0.000508306)), (3, (3, 0.000626342, 5.121e-5, 0.000677766))]), (14944, 16, 0.000925045, [(4, (0, 0.000723469, 1.5118e-5, 0.000738778)), (4, (1, 0.000866235, 3.834e-5, 0.000904767)), (4, (2, 0.000715081, 2.6846e-5, 0.000742122)), (4, (3, 0.000816676, 4.4142e-5, 0.000861047))]), (14960, 14, 0.000683693, [(4, (0, 0.000588542, 1.5511e-5, 0.000604253)), (4, (1, 0.000624895, 3.8143e-5, 0.000663214)), (3, (2, 0.000484141, 2.7498e-5, 0.000511841)), (3, (3, 0.000507617, 4.3838e-5, 0.000551638))]), (14976, 15, 0.000802616, [(4, (0, 0.000577516, 1.4551e-5, 0.000592267)), (4, (1, 0.000733409, 4.293e-5, 0.000776542)), (4, (2, 0.000613954, 2.6204e-5, 0.000640315)), (3, (3, 0.00046395, 3.7224e-5, 0.000501346))]), (14992, 16, 0.000852682, [(4, (0, 0.000566046, 1.8282e-5, 0.000584514)), (4, (1, 0.000606098, 4.1395e-5, 0.000647691)), (4, (2, 0.000801904, 2.9619e-5, 0.000831726)), (4, (3, 0.000718916, 4.7794e-5, 0.000766877))]), (15008, 13, 0.000623445, [(4, (0, 0.000605945, 1.6561e-5, 0.000622704)), (3, (1, 0.000526645, 4.585e-5, 0.000572675)), (3, (2, 0.000516574, 2.7704e-5, 0.000544445)), (3, (3, 0.000536737, 4.1326e-5, 0.000578235))]), (15024, 13, 0.000657772, [(4, (0, 0.000638464, 1.7406e-5, 0.000656232)), (3, (1, 0.000533679, 4.4779e-5, 0.000578683)), (3, (2, 0.00044361, 2.8883e-5, 0.000472819)), (3, (3, 0.000423567, 3.944e-5, 0.000463187))]), (15040, 13, 0.001066512, [(4, (0, 0.000663175, 2.4046e-5, 0.000687457)), (3, (1, 0.000582864, 0.000129714, 0.000712779)), (3, (2, 0.000872861, 7.8254e-5, 0.000951296)), (3, (3, 0.000895629, 0.000131777, 0.001027588))]), (15056, 10, 0.000587571, [(3, (0, 0.000504526, 2.0707e-5, 0.000525422)), (3, (1, 0.000523552, 4.3767e-5, 0.000567492)), (2, (2, 0.000341762, 3.26e-5, 0.000374537)), (2, (3, 0.000439368, 4.8466e-5, 0.00048804))]), (15072, 14, 0.001118464, [(4, (0, 0.000652244, 2.0585e-5, 0.000673026)), (4, (1, 0.000772042, 5.0743e-5, 0.000822974)), (3, (2, 0.000597002, 3.2298e-5, 0.000629484)), (3, (3, 0.001042783, 4.3588e-5, 0.001086542))]), (15088, 13, 0.000857157, [(4, (0, 0.000697538, 1.18e-5, 0.000709482)), (3, (1, 0.000474995, 0.000112454, 0.000587704)), (3, (2, 0.000568292, 4.8292e-5, 0.000616758)), (3, (3, 0.000749425, 5.9265e-5, 0.000808893))]), (15104, 12, 0.000832224, [(3, (0, 0.000808502, 2.2732e-5, 0.00083145)), (3, (1, 0.000482042, 4.5844e-5, 0.000528091)), (3, (2, 0.000622866, 3.3927e-5, 0.000656958)), (3, (3, 0.000634825, 5.1069e-5, 0.00068609))]), (15120, 13, 0.000732111, [(4, (0, 0.000710523, 2.0109e-5, 0.00073087)), (3, (1, 0.000435383, 4.3136e-5, 0.000480952)), (3, (2, 0.000507329, 3.0866e-5, 0.000538393)), (3, (3, 0.000513906, 0.000150145, 0.00066437))]), (15136, 15, 0.0007667, [(4, (0, 0.000657368, 2.0367e-5, 0.000677967)), (4, (1, 0.000660144, 6.815e-5, 0.000729035)), (4, (2, 0.000722571, 3.2333e-5, 0.000758262)), (3, (3, 0.000500076, 0.000112359, 0.000612632))]), (15152, 14, 0.001208091, [(4, (0, 0.001016765, 2.0895e-5, 0.001037854)), (4, (1, 0.001132641, 4.8916e-5, 0.001181782)), (3, (2, 0.000596008, 3.5487e-5, 0.000631705)), (3, (3, 0.0006595, 5.306e-5, 0.000712795))]), (15168, 11, 0.000777007, [(3, (0, 0.000519841, 1.8281e-5, 0.00053831)), (3, (1, 0.000561223, 3.7272e-5, 0.000598703)), (3, (2, 0.000692821, 5.0925e-5, 0.000743971)), (2, (3, 0.000594212, 7.2476e-5, 0.000667028))]), (15184, 11, 0.000715626, [(3, (0, 0.000697769, 1.6933e-5, 0.000714901)), (3, (1, 0.000639562, 4.6573e-5, 0.000686359)), (3, (2, 0.000636553, 2.9518e-5, 0.00066627)), (2, (3, 0.000401319, 3.9436e-5, 0.000440939))]), (15200, 10, 0.000775465, [(3, (0, 0.000578298, 1.9251e-5, 0.000597756)), (3, (1, 0.000543061, 0.000198207, 0.000741582)), (2, (2, 0.000336697, 3.4037e-5, 0.000370932)), (2, (3, 0.000295822, 9.513e-5, 0.000391151))]), (15216, 12, 0.000695733, [(3, (0, 0.000564141, 8.781e-6, 0.000573088)), (3, (1, 0.000448319, 9.7195e-5, 0.000545737)), (3, (2, 0.000430203, 3.8541e-5, 0.000468912)), (3, (3, 0.000607212, 4.9752e-5, 0.000657169))]), (15232, 14, 0.000976322, [(4, (0, 0.000953155, 2.2187e-5, 0.000975542)), (4, (1, 0.000796547, 5.5976e-5, 0.000852752)), (3, (2, 0.000506255, 3.8064e-5, 0.000544544)), (3, (3, 0.000448104, 5.9491e-5, 0.000507817))]), (15248, 14, 0.000933478, [(4, (0, 0.00075463, 1.8196e-5, 0.000773059)), (4, (1, 0.000793722, 0.000109492, 0.000903523)), (3, (2, 0.000540261, 3.2133e-5, 0.000572622)), (3, (3, 0.000594978, 0.000110184, 0.000705372))]), (15264, 16, 0.000808427, [(4, (0, 0.000604331, 2.1509e-5, 0.000626062)), (4, (1, 0.000674066, 2.7998e-5, 0.000702245)), (4, (2, 0.000607885, 4.8583e-5, 0.000656695)), (4, (3, 0.000689206, 7.594e-5, 0.000766204))]), (15280, 11, 0.000614336, [(3, (0, 0.000413709, 1.2745e-5, 0.00042662)), (3, (1, 0.000539092, 5.3389e-5, 0.000592676)), (3, (2, 0.0004692, 3.544e-5, 0.000504935)), (2, (3, 0.000308244, 4.746e-5, 0.000355908))]), (15296, 11, 0.000597678, [(3, (0, 0.00052279, 1.847e-5, 0.00054144)), (3, (1, 0.000469723, 8.0803e-5, 0.000550862)), (3, (2, 0.000470085, 3.7716e-5, 0.000508045)), (2, (3, 0.00047347, 6.6225e-5, 0.000539999))]), (15312, 11, 0.000510861, [(3, (0, 0.000398776, 1.8839e-5, 0.000417845)), (3, (1, 0.000442066, 4.2605e-5, 0.000484853)), (3, (2, 0.000457262, 3.1959e-5, 0.000489425)), (2, (3, 0.000332773, 4.7931e-5, 0.000380933))]), (15328, 11, 0.000598647, [(3, (0, 0.00048153, 2.263e-5, 0.000504389)), (3, (1, 0.000528247, 4.7868e-5, 0.000576342)), (3, (2, 0.000446138, 3.4005e-5, 0.000480323)), (2, (3, 0.000343988, 0.000117309, 0.000461609))]), (15344, 14, 0.000802307, [(4, (0, 0.000722619, 1.2614e-5, 0.00073537)), (4, (1, 0.000732301, 4.6682e-5, 0.000779211)), (3, (2, 0.000481966, 3.7659e-5, 0.000519807)), (3, (3, 0.00053048, 5.3556e-5, 0.000586495))]), (15360, 11, 0.000670263, [(3, (0, 0.000424892, 1.6209e-5, 0.000441297)), (3, (1, 0.000538889, 2.9194e-5, 0.000568255)), (3, (2, 0.000602544, 4.1469e-5, 0.000644221)), (2, (3, 0.000290474, 9.6325e-5, 0.000387093))]), (15376, 14, 0.00077187, [(4, (0, 0.000756867, 1.4038e-5, 0.000771077)), (4, (1, 0.000679075, 8.2836e-5, 0.00076209)), (3, (2, 0.000669382, 5.391e-5, 0.000723491)), (3, (3, 0.00054686, 8.1971e-5, 0.000629123))]), (15392, 14, 0.00124272, [(4, (0, 0.001222895, 1.8815e-5, 0.00124191)), (4, (1, 0.000849658, 4.3577e-5, 0.000893411)), (3, (2, 0.000592172, 3.4757e-5, 0.000627138)), (3, (3, 0.000587303, 4.9088e-5, 0.00063656))]), (15408, 15, 0.000908181, [(4, (0, 0.000848563, 1.8576e-5, 0.000867337)), (4, (1, 0.000749635, 8.9016e-5, 0.000838831)), (4, (2, 0.000668448, 4.239e-5, 0.000711071)), (3, (3, 0.000726093, 0.00013073, 0.000857539))]), (15424, 14, 0.001162257, [(4, (0, 0.000697949, 1.7902e-5, 0.000716044)), (4, (1, 0.00097114, 0.000137561, 0.001109033)), (3, (2, 0.000741875, 2.9049e-5, 0.000771112)), (3, (3, 0.000546053, 0.00024222, 0.000788597))]), (15440, 14, 0.001426344, [(4, (0, 0.001258524, 1.9409e-5, 0.001278108)), (4, (1, 0.001286233, 0.000113247, 0.001399737)), (3, (2, 0.000617535, 2.9943e-5, 0.000647664)), (3, (3, 0.00062536, 6.1944e-5, 0.000687604))]), (15456, 14, 0.00119752, [(4, (0, 0.000728863, 1.7306e-5, 0.000746383)), (4, (1, 0.000968953, 0.000161259, 0.00113054)), (3, (2, 0.000627995, 3.0383e-5, 0.000658558)), (3, (3, 0.00044506, 0.00010765, 0.000553012))]), (15472, 15, 0.001093563, [(4, (0, 0.001073372, 1.9344e-5, 0.001092909)), (4, (1, 0.000712666, 9.9776e-5, 0.000812788)), (4, (2, 0.000711285, 2.9493e-5, 0.000740962)), (3, (3, 0.000703202, 0.000155608, 0.00085904))]), (15488, 16, 0.000891986, [(4, (0, 0.000576209, 1.5001e-5, 0.000591401)), (4, (1, 0.000611075, 0.000157448, 0.00076885)), (4, (2, 0.000622716, 2.6126e-5, 0.000649022)), (4, (3, 0.000658221, 0.000194808, 0.000853916))]), (15504, 5, 0.000331143, [(2, (0, 0.000278962, 1.7284e-5, 0.000296431)), (1, (1, 0.00017759, 2.8627e-5, 0.000206392)), (1, (2, 0.000158104, 4.4281e-5, 0.000202606)), (1, (3, 0.000157791, 0.000127919, 0.000287042))]), (15520, 16, 0.00081913, [(4, (0, 0.000550614, 9.127e-6, 0.0005599)), (4, (1, 0.00078203, 1.2526e-5, 0.000794746)), (4, (2, 0.000764391, 1.082e-5, 0.000775426)), (4, (3, 0.00068353, 2.0935e-5, 0.000704662))]), (15536, 11, 0.000595314, [(3, (0, 0.000491984, 1.9044e-5, 0.000511216)), (3, (1, 0.000511319, 5.623e-5, 0.000567723)), (3, (2, 0.000514598, 5.0695e-5, 0.000565592)), (2, (3, 0.000309936, 6.1625e-5, 0.000371746))]), (15552, 15, 0.001050971, [(4, (0, 0.000844029, 1.7993e-5, 0.000862193)), (4, (1, 0.000900739, 0.000126533, 0.001027579)), (4, (2, 0.0009652, 3.1486e-5, 0.000996879)), (3, (3, 0.000714913, 0.000129498, 0.000844589))]), (15568, 11, 0.000929334, [(3, (0, 0.000534758, 1.5723e-5, 0.000550672)), (3, (1, 0.000750112, 0.000105781, 0.000856196)), (3, (2, 0.000460028, 2.676e-5, 0.000486966)), (2, (3, 0.000312086, 0.000220947, 0.000533355))]), (15584, 13, 0.001009965, [(4, (0, 0.000543433, 9.933e-6, 0.000553514)), (3, (1, 0.000868826, 0.000106158, 0.000978523)), (3, (2, 0.000747943, 3.3505e-5, 0.000784293)), (3, (3, 0.000446163, 0.000154363, 0.000600766))]), (15600, 15, 0.001031893, [(4, (0, 0.000827141, 2.0027e-5, 0.000847378)), (4, (1, 0.000924766, 8.1988e-5, 0.001007073)), (4, (2, 0.000748045, 3.1588e-5, 0.000779821)), (3, (3, 0.000558898, 0.000118861, 0.00067818))]), (15616, 13, 0.001071345, [(4, (0, 0.000684348, 1.9767e-5, 0.000704308)), (3, (1, 0.000564659, 0.000112106, 0.000677103)), (3, (2, 0.00052648, 3.0801e-5, 0.000557466)), (3, (3, 0.000843554, 0.000146922, 0.000991136))]), (15632, 13, 0.001070795, [(4, (0, 0.000575099, 1.519e-5, 0.000590482)), (3, (1, 0.000706507, 6.3371e-5, 0.000770194)), (3, (2, 0.001013277, 2.6859e-5, 0.001040321)), (3, (3, 0.000785426, 0.000187993, 0.000973717))]), (15648, 10, 0.001087005, [(3, (0, 0.000843823, 2.1387e-5, 0.000865484)), (3, (1, 0.000995615, 6.6737e-5, 0.001062541)), (2, (2, 0.000740658, 3.4868e-5, 0.000775695)), (2, (3, 0.0006337, 0.000163088, 0.000797105))]), (15664, 11, 0.000729315, [(3, (0, 0.000406485, 1.7598e-5, 0.000424275)), (3, (1, 0.000594521, 2.9365e-5, 0.000624083)), (3, (2, 0.000582847, 0.00010682, 0.000689978)), (2, (3, 0.000312598, 0.000202866, 0.00051577))]), (15680, 12, 0.000678201, [(3, (0, 0.000528602, 4.1807e-5, 0.000570587)), (3, (1, 0.000471103, 2.6887e-5, 0.000498218)), (3, (2, 0.000492041, 1.6918e-5, 0.000509157)), (3, (3, 0.000586644, 4.8758e-5, 0.000635694))]), (15696, 12, 0.000976387, [(3, (0, 0.000434791, 1.8802e-5, 0.000453798)), (3, (1, 0.000491901, 9.6304e-5, 0.000588526)), (3, (2, 0.000564234, 6.3831e-5, 0.000628368)), (3, (3, 0.000806372, 7.3745e-5, 0.000880289))]), (15712, 12, 0.000752885, [(3, (0, 0.000447213, 1.5925e-5, 0.000463334)), (3, (1, 0.000518159, 0.000101822, 0.000620267)), (3, (2, 0.000497584, 2.9038e-5, 0.000526802)), (3, (3, 0.000614492, 0.000103465, 0.000718177))]), (15728, 14, 0.000769025, [(4, (0, 0.000611026, 8.193e-6, 0.000619368)), (4, (1, 0.000660424, 7.977e-5, 0.000740538)), (3, (2, 0.000625888, 9.483e-6, 0.000635619)), (3, (3, 0.000472527, 8.475e-5, 0.000557521))]), (15744, 9, 0.000651064, [(3, (0, 0.000496334, 1.7871e-5, 0.00051442)), (2, (1, 0.000346393, 5.4924e-5, 0.000401547)), (2, (2, 0.000344312, 9.6489e-5, 0.000441103)), (2, (3, 0.000352575, 0.000129836, 0.0004827))]), (15760, 11, 0.000632755, [(3, (0, 0.000454155, 1.6667e-5, 0.000471054)), (3, (1, 0.000521601, 8.6112e-5, 0.000607938)), (3, (2, 0.000495887, 5.9535e-5, 0.000555649)), (2, (3, 0.000360802, 0.000120348, 0.000481526))]), (15776, 11, 0.000575665, [(3, (0, 0.000459695, 1.7791e-5, 0.000477713)), (3, (1, 0.000481932, 5.4268e-5, 0.00053643)), (3, (2, 0.000532607, 3.8544e-5, 0.000571346)), (2, (3, 0.000337017, 6.2464e-5, 0.000399707))]), (15792, 12, 0.000620338, [(3, (0, 0.000467465, 2.1375e-5, 0.000489084)), (3, (1, 0.000540203, 4.747e-5, 0.000587881)), (3, (2, 0.00052644, 3.6538e-5, 0.000563185)), (3, (3, 0.000527638, 5.2513e-5, 0.000580344))]), (15808, 15, 0.000708976, [(4, (0, 0.000546798, 2.2777e-5, 0.000569774)), (4, (1, 0.000616248, 5.3992e-5, 0.000670587)), (4, (2, 0.000617948, 6.2545e-5, 0.000680681)), (3, (3, 0.000512549, 6.9084e-5, 0.00058187))]), (15824, 14, 0.000741904, [(4, (0, 0.000720758, 1.9293e-5, 0.000740309)), (4, (1, 0.00065711, 6.488e-5, 0.000722505)), (3, (2, 0.0004366, 3.1926e-5, 0.000468711)), (3, (3, 0.000507712, 0.000110645, 0.000618663))]), (15840, 16, 0.000780385, [(4, (0, 0.000619023, 1.9624e-5, 0.000638859)), (4, (1, 0.000637121, 5.8424e-5, 0.00069578)), (4, (2, 0.000646778, 4.7514e-5, 0.000694563)), (4, (3, 0.0006482, 0.000100068, 0.000748825))]), (15856, 14, 0.000938472, [(4, (0, 0.0005431, 2.6735e-5, 0.000570066)), (4, (1, 0.000759234, 0.000137222, 0.000907963)), (3, (2, 0.00052809, 4.2528e-5, 0.000570851)), (3, (3, 0.000500429, 8.5277e-5, 0.00058593))]), (15872, 12, 0.000863527, [(3, (0, 0.000607311, 5.4492e-5, 0.000662083)), (3, (1, 0.000793586, 4.0308e-5, 0.000834125)), (3, (2, 0.000740124, 2.7414e-5, 0.000767774)), (3, (3, 0.000624158, 5.7622e-5, 0.000681995))]), (15888, 15, 0.000915903, [(4, (0, 0.000895422, 1.8633e-5, 0.000914363)), (4, (1, 0.000681808, 4.5389e-5, 0.000727398)), (4, (2, 0.000765586, 3.3536e-5, 0.000799383)), (3, (3, 0.000609599, 5.062e-5, 0.000660395))]), (15904, 13, 0.000795792, [(4, (0, 0.000767363, 2.737e-5, 0.000794958)), (3, (1, 0.000491398, 5.7428e-5, 0.00054905)), (3, (2, 0.000441795, 4.8776e-5, 0.000490885)), (3, (3, 0.000415994, 6.8283e-5, 0.000484522))]), (15920, 13, 0.001035652, [(4, (0, 0.00101436, 1.9771e-5, 0.001034369)), (3, (1, 0.000524914, 9.566e-5, 0.000620902)), (3, (2, 0.000631319, 3.6532e-5, 0.000668047)), (3, (3, 0.000664905, 9.667e-5, 0.000761777))]), (15936, 15, 0.000746524, [(4, (0, 0.000727507, 1.7988e-5, 0.000745693)), (4, (1, 0.000650544, 5.1145e-5, 0.000701922)), (4, (2, 0.00065817, 4.0924e-5, 0.000699346)), (3, (3, 0.000440767, 6.1642e-5, 0.000502599))]), (15952, 14, 0.000707163, [(4, (0, 0.000617832, 4.4656e-5, 0.000662687)), (4, (1, 0.000617801, 6.2028e-5, 0.000680052)), (3, (2, 0.00058785, 4.0755e-5, 0.000628838)), (3, (3, 0.000554916, 6.715e-5, 0.000622722))]), (15968, 13, 0.000724158, [(4, (0, 0.00062417, 2.0752e-5, 0.000645141)), (3, (1, 0.000524812, 4.4609e-5, 0.000569689)), (3, (2, 0.000519011, 3.3898e-5, 0.000553118)), (3, (3, 0.00059521, 5.1984e-5, 0.000647494))]), (15984, 11, 0.000711048, [(3, (0, 0.00054484, 2.6321e-5, 0.000571409)), (3, (1, 0.00055514, 5.3489e-5, 0.000608862)), (3, (2, 0.000648204, 4.1385e-5, 0.00068978)), (2, (3, 0.000371599, 6.115e-5, 0.000432955))]), (16000, 12, 0.000960071, [(3, (0, 0.000663179, 2.3529e-5, 0.000686949)), (3, (1, 0.000604194, 5.0408e-5, 0.00065481)), (3, (2, 0.000599084, 3.5216e-5, 0.000634471)), (3, (3, 0.000866564, 5.631e-5, 0.000923078))]), (16016, 13, 0.000698121, [(4, (0, 0.0006491, 4.8009e-5, 0.000697337)), (3, (1, 0.000633921, 3.5662e-5, 0.000669778)), (3, (2, 0.000562079, 2.6665e-5, 0.000589052)), (3, (3, 0.000472539, 5.3551e-5, 0.000526289))]), (16032, 9, 0.000763549, [(3, (0, 0.000736464, 2.6258e-5, 0.000762945)), (2, (1, 0.000381166, 5.6004e-5, 0.000437348)), (2, (2, 0.000488388, 4.8067e-5, 0.000536771)), (2, (3, 0.000484019, 7.4266e-5, 0.000558794))]), (16048, 14, 0.000879223, [(4, (0, 0.000745913, 2.0194e-5, 0.00076631)), (4, (1, 0.000736299, 0.000111455, 0.000848279)), (3, (2, 0.000489971, 3.6811e-5, 0.000526975)), (3, (3, 0.000521618, 0.000112969, 0.000635449))]), (16064, 13, 0.000825786, [(4, (0, 0.000582293, 2.2377e-5, 0.000604917)), (3, (1, 0.000448485, 6.1196e-5, 0.000509982)), (3, (2, 0.000754731, 4.0148e-5, 0.000795152)), (3, (3, 0.000489167, 5.4238e-5, 0.000543679))]), (16080, 11, 0.000555987, [(3, (0, 0.00041348, 1.9148e-5, 0.000432871)), (3, (1, 0.000432349, 5.256e-5, 0.000485189)), (3, (2, 0.00049275, 3.4018e-5, 0.00052699)), (2, (3, 0.000303418, 4.6948e-5, 0.00035058))]), (16096, 14, 0.000913845, [(4, (0, 0.000597545, 2.2006e-5, 0.00061977)), (4, (1, 0.000580514, 4.9406e-5, 0.000630133)), (3, (2, 0.000851517, 3.5028e-5, 0.000886744)), (3, (3, 0.000470972, 5.4541e-5, 0.000525711))]), (16112, 15, 0.001057507, [(4, (0, 0.000604083, 2.1703e-5, 0.000626029)), (4, (1, 0.000743641, 4.7532e-5, 0.000791418)), (4, (2, 0.000993211, 3.3331e-5, 0.001026723)), (3, (3, 0.000681542, 5.2865e-5, 0.000734597))]), (16128, 15, 0.001012576, [(4, (0, 0.000816126, 2.1475e-5, 0.000837831)), (4, (1, 0.000930292, 4.8093e-5, 0.000978637)), (4, (2, 0.000884068, 3.2802e-5, 0.000917053)), (3, (3, 0.000712779, 9.226e-5, 0.000805979))]), (16144, 16, 0.00094114, [(4, (0, 0.000820098, 2.1687e-5, 0.000842021)), (4, (1, 0.000751893, 4.6611e-5, 0.000798667)), (4, (2, 0.000664432, 3.4612e-5, 0.000699235)), (4, (3, 0.000849861, 5.44e-5, 0.000904506))]), (16160, 12, 0.000803956, [(3, (0, 0.000415374, 2.1498e-5, 0.0004371)), (3, (1, 0.000467039, 4.4656e-5, 0.000511931)), (3, (2, 0.000444298, 3.2487e-5, 0.000476957)), (3, (3, 0.000710091, 5.0265e-5, 0.000760678))]), (16176, 14, 0.001199663, [(4, (0, 0.000885003, 2.0064e-5, 0.000905306)), (4, (1, 0.001095303, 4.2733e-5, 0.00113822)), (3, (2, 0.000756261, 3.248e-5, 0.000788982)), (3, (3, 0.000796505, 5.2706e-5, 0.00084959))]), (16192, 15, 0.000753587, [(4, (0, 0.000514032, 1.9582e-5, 0.000533831)), (4, (1, 0.000633513, 3.1691e-5, 0.00066543)), (4, (2, 0.000674261, 5.1024e-5, 0.000725628)), (3, (3, 0.00051429, 5.4529e-5, 0.000569015))]), (16208, 13, 0.00074667, [(4, (0, 0.000726634, 1.9087e-5, 0.000745929)), (3, (1, 0.000603875, 8.8999e-5, 0.000693863)), (3, (2, 0.000549302, 3.2814e-5, 0.000582314)), (3, (3, 0.000642401, 4.7193e-5, 0.000689852))]), (16224, 15, 0.000690646, [(4, (0, 0.000512643, 2.1015e-5, 0.000533857)), (4, (1, 0.000581894, 5.3034e-5, 0.000635149)), (4, (2, 0.00062769, 4.0047e-5, 0.000668014)), (3, (3, 0.000429771, 5.9627e-5, 0.000489623))]), (16240, 13, 0.000643449, [(4, (0, 0.000621212, 2.0492e-5, 0.000641957)), (3, (1, 0.000429695, 5.2864e-5, 0.000482918)), (3, (2, 0.000487102, 3.2856e-5, 0.000520161)), (3, (3, 0.000468613, 4.493e-5, 0.000513755))]), (16256, 12, 0.001054609, [(3, (0, 0.000533035, 2.7525e-5, 0.000560821)), (3, (1, 0.000900811, 7.8782e-5, 0.000979833)), (3, (2, 0.000472512, 6.9585e-5, 0.000542399)), (3, (3, 0.000480176, 8.5462e-5, 0.000565837))]), (16272, 13, 0.000668022, [(4, (0, 0.000612878, 9.949e-6, 0.000622989)), (3, (1, 0.000487392, 2.1218e-5, 0.000508828)), (3, (2, 0.000497019, 2.089e-5, 0.000518634)), (3, (3, 0.000552186, 7.3376e-5, 0.00062637))]), (16288, 13, 0.000654586, [(4, (0, 0.000637397, 1.6253e-5, 0.000653889)), (3, (1, 0.000467701, 4.1009e-5, 0.000508904)), (3, (2, 0.000452809, 2.7724e-5, 0.000480736)), (3, (3, 0.000461713, 4.7e-5, 0.000509074))]), (16304, 12, 0.000574332, [(3, (0, 0.0004231, 1.5775e-5, 0.000439079)), (3, (1, 0.000484844, 4.3521e-5, 0.000528555)), (3, (2, 0.000495103, 3.5616e-5, 0.000531012)), (3, (3, 0.000485057, 4.8647e-5, 0.000533914))]), (16320, 15, 0.000742861, [(4, (0, 0.000521935, 2.4119e-5, 0.00054628)), (4, (1, 0.000641811, 7.2855e-5, 0.000715189)), (4, (2, 0.000634187, 3.9203e-5, 0.000673603)), (3, (3, 0.000439073, 5.2684e-5, 0.000491947))]), (16336, 16, 0.001313099, [(4, (0, 0.000912261, 2.1813e-5, 0.00093447)), (4, (1, 0.001204226, 9.2408e-5, 0.001296978)), (4, (2, 0.001133678, 3.9344e-5, 0.001173188)), (4, (3, 0.001127348, 0.000114953, 0.001257865))]), (16352, 8, 0.00056487, [(2, (0, 0.00023208, 1.726e-5, 0.000249577)), (2, (1, 0.000261359, 4.4423e-5, 0.000306111)), (2, (2, 0.000347248, 3.0607e-5, 0.000378084)), (2, (3, 0.000430719, 5.0933e-5, 0.000481873))]), (16368, 11, 0.000549795, [(3, (0, 0.000378895, 1.9067e-5, 0.000398189)), (3, (1, 0.000448883, 4.4582e-5, 0.000493703)), (3, (2, 0.000496704, 3.2016e-5, 0.000528911)), (2, (3, 0.000358419, 4.9726e-5, 0.000408501))]), (16384, 13, 0.00075046, [(4, (0, 0.000619971, 1.9626e-5, 0.000639792)), (3, (1, 0.000511647, 3.3651e-5, 0.000545515)), (3, (2, 0.000609246, 4.647e-5, 0.000655998)), (3, (3, 0.000650017, 5.2928e-5, 0.000703181))]), (16400, 13, 0.000750337, [(4, (0, 0.000728006, 2.1298e-5, 0.000749548)), (3, (1, 0.000495975, 3.6737e-5, 0.000532896)), (3, (2, 0.00057983, 5.0416e-5, 0.000630452)), (3, (3, 0.000543143, 5.4326e-5, 0.000597663))]), (16416, 15, 0.000919857, [(4, (0, 0.000789667, 2.1727e-5, 0.000811757)), (4, (1, 0.000808722, 7.7624e-5, 0.000886556)), (4, (2, 0.000773547, 3.8045e-5, 0.000811862)), (3, (3, 0.000518172, 8.2977e-5, 0.000601346))]), (16432, 16, 0.001011437, [(4, (0, 0.000728626, 2.2271e-5, 0.000751151)), (4, (1, 0.000944134, 3.697e-5, 0.000981436)), (4, (2, 0.00077593, 4.7467e-5, 0.000823607)), (4, (3, 0.000740106, 7.3294e-5, 0.00081361))]), (16448, 15, 0.000979559, [(4, (0, 0.000629095, 2.4483e-5, 0.000653802)), (4, (1, 0.000855809, 5.4217e-5, 0.000910277)), (4, (2, 0.000750541, 4.1099e-5, 0.00079189)), (3, (3, 0.000748928, 5.9802e-5, 0.000808922))]), (16464, 15, 0.001033588, [(4, (0, 0.000588722, 1.8725e-5, 0.000607659)), (4, (1, 0.00073509, 4.7881e-5, 0.0007832)), (4, (2, 0.000967005, 3.4632e-5, 0.0010019)), (3, (3, 0.000643329, 5.2483e-5, 0.000695982))]), (16480, 14, 0.000915353, [(4, (0, 0.000892771, 2.1503e-5, 0.000914516)), (4, (1, 0.000656321, 5.7985e-5, 0.000714677)), (3, (2, 0.000661016, 3.8111e-5, 0.000699427)), (3, (3, 0.00063656, 5.3306e-5, 0.000690269))]), (16496, 11, 0.000593338, [(3, (0, 0.000571247, 2.1162e-5, 0.000592637)), (3, (1, 0.000486978, 5.0643e-5, 0.000537894)), (3, (2, 0.000436933, 3.6039e-5, 0.000473201)), (2, (3, 0.000381239, 6.0298e-5, 0.000441785))]), (16512, 11, 0.000535204, [(3, (0, 0.000391208, 2.4512e-5, 0.00041594)), (3, (1, 0.0004106, 9.7592e-5, 0.00050841)), (3, (2, 0.000432684, 4.6873e-5, 0.000479825)), (2, (3, 0.000298771, 9.7804e-5, 0.000396834))]), (16528, 11, 0.00054646, [(3, (0, 0.000454114, 1.8353e-5, 0.000472685)), (3, (1, 0.000482915, 4.1298e-5, 0.000524409)), (3, (2, 0.000485247, 3.146e-5, 0.000516992)), (2, (3, 0.000321559, 4.8829e-5, 0.000370587))]), (16544, 16, 0.000924553, [(4, (0, 0.000580977, 2.1227e-5, 0.000602418)), (4, (1, 0.00074613, 4.7608e-5, 0.000793977)), (4, (2, 0.000774876, 3.4153e-5, 0.00080923)), (4, (3, 0.000772275, 5.4827e-5, 0.000827375))]), (16560, 13, 0.000883062, [(4, (0, 0.0008639, 1.7297e-5, 0.000881523)), (3, (1, 0.000388526, 5.6883e-5, 0.000445652)), (3, (2, 0.000576045, 3.2347e-5, 0.000608578)), (3, (3, 0.000633997, 5.3528e-5, 0.00068798))]), (16576, 14, 0.000700023, [(4, (0, 0.000549444, 2.0791e-5, 0.000570489)), (4, (1, 0.000586052, 4.5368e-5, 0.000631645)), (3, (2, 0.000466899, 3.37e-5, 0.00050083)), (3, (3, 0.000499872, 5.0399e-5, 0.000550592))]), (16592, 16, 0.000739972, [(4, (0, 0.00054621, 6.536e-6, 0.000552921)), (4, (1, 0.000588093, 6.7279e-5, 0.000655558)), (4, (2, 0.000672298, 4.9107e-5, 0.00072166)), (4, (3, 0.000592396, 6.1138e-5, 0.000653798))]), (16608, 14, 0.000845813, [(4, (0, 0.00062562, 1.6183e-5, 0.000642029)), (4, (1, 0.000748559, 7.4587e-5, 0.000823696)), (3, (2, 0.00067351, 3.1774e-5, 0.000705582)), (3, (3, 0.000582415, 4.2989e-5, 0.000625595))]), (16624, 16, 0.001134951, [(4, (0, 0.000819393, 2.4543e-5, 0.000844295)), (4, (1, 0.001011229, 8.1628e-5, 0.001093282)), (4, (2, 0.000992394, 0.000112559, 0.001105639)), (4, (3, 0.000940656, 0.000101404, 0.001042315))]), (16640, 16, 0.000890399, [(4, (0, 0.000687956, 1.7687e-5, 0.000705901)), (4, (1, 0.000759577, 5.5272e-5, 0.000815132)), (4, (2, 0.000750578, 3.3159e-5, 0.000784004)), (4, (3, 0.000779474, 6.399e-5, 0.000843722))]), (16656, 14, 0.000860148, [(4, (0, 0.000781219, 2.024e-5, 0.000801702)), (4, (1, 0.000804769, 3.256e-5, 0.000837541)), (3, (2, 0.000646083, 4.4516e-5, 0.000690851)), (3, (3, 0.000554335, 5.3013e-5, 0.000607638))]), (16672, 13, 0.000692328, [(4, (0, 0.000670841, 2.0571e-5, 0.000691626)), (3, (1, 0.00056663, 0.000108062, 0.000674864)), (3, (2, 0.000544055, 3.2483e-5, 0.000576706)), (3, (3, 0.000529871, 0.000102267, 0.000632343))]), (16688, 15, 0.000925841, [(4, (0, 0.00086204, 1.4967e-5, 0.000877189)), (4, (1, 0.000822579, 7.833e-5, 0.000901125)), (4, (2, 0.000850711, 2.7023e-5, 0.00087794)), (3, (3, 0.000749292, 8.2817e-5, 0.0008323))]), (16704, 14, 0.00076348, [(4, (0, 0.000664828, 1.9475e-5, 0.000684502)), (4, (1, 0.000695833, 4.522e-5, 0.000741259)), (3, (2, 0.000583395, 3.2394e-5, 0.000615987)), (3, (3, 0.000569632, 4.9113e-5, 0.000618915))]), (16720, 10, 0.000705832, [(3, (0, 0.000448602, 1.669e-5, 0.000465494)), (3, (1, 0.000534801, 4.5757e-5, 0.000580757)), (2, (2, 0.000656441, 2.8311e-5, 0.000684947)), (2, (3, 0.000371083, 4.0779e-5, 0.000412046))]), (16736, 8, 0.000399968, [(2, (0, 0.000388459, 7.074e-6, 0.000395689)), (2, (1, 0.000331356, 3.506e-5, 0.000366652)), (2, (2, 0.000336225, 2.5044e-5, 0.000361442)), (2, (3, 0.000349537, 2.8561e-5, 0.000378307))]), (16752, 12, 0.000661656, [(3, (0, 0.000457019, 2.099e-5, 0.000478206)), (3, (1, 0.000591917, 4.5465e-5, 0.000637566)), (3, (2, 0.000487934, 3.527e-5, 0.000523406)), (3, (3, 0.000478349, 9.5009e-5, 0.000573546))]), (16768, 10, 0.000548733, [(3, (0, 0.000433897, 1.6516e-5, 0.000450613)), (3, (1, 0.000481163, 4.5848e-5, 0.00052721)), (2, (2, 0.000440295, 2.845e-5, 0.000468925)), (2, (3, 0.000321532, 3.9859e-5, 0.000361577))]), (16784, 13, 0.000740515, [(4, (0, 0.000688744, 1.5071e-5, 0.000704016)), (3, (1, 0.000479244, 3.8166e-5, 0.000517596)), (3, (2, 0.000563226, 2.6584e-5, 0.000589983)), (3, (3, 0.000664351, 4.3618e-5, 0.000708143))]), (16800, 7, 0.000741608, [(2, (0, 0.000302941, 1.5407e-5, 0.000318551)), (2, (1, 0.00063525, 4.3267e-5, 0.000678715)), (2, (2, 0.00031753, 2.6889e-5, 0.000344616)), (1, (3, 0.00018708, 3.7741e-5, 0.000225004))]), (16816, 12, 0.000581111, [(3, (0, 0.000433699, 7.572e-6, 0.000441421)), (3, (1, 0.000483962, 7.6394e-5, 0.00056054)), (3, (2, 0.000479246, 2.6907e-5, 0.000506331)), (3, (3, 0.000474356, 8.1592e-5, 0.000556138))]), (16832, 11, 0.000911005, [(3, (0, 0.000435276, 1.576e-5, 0.000451237)), (3, (1, 0.000802493, 4.0036e-5, 0.000842717)), (3, (2, 0.000487582, 2.6585e-5, 0.000514353)), (2, (3, 0.000330967, 4.409e-5, 0.000377963))]), (16848, 9, 0.000581873, [(3, (0, 0.000530155, 8.55e-6, 0.000538864)), (2, (1, 0.000318027, 4.4505e-5, 0.000362721)), (2, (2, 0.000318244, 3.157e-5, 0.00035001)), (2, (3, 0.000482001, 6.7443e-5, 0.000549931))]), (16864, 14, 0.000755235, [(4, (0, 0.000591176, 1.7791e-5, 0.000609174)), (4, (1, 0.000675432, 5.6617e-5, 0.000732239)), (3, (2, 0.00049479, 2.8822e-5, 0.000523788)), (3, (3, 0.000484175, 6.2607e-5, 0.000546961))]), (16880, 14, 0.000881291, [(4, (0, 0.000855176, 2.5172e-5, 0.000880526)), (4, (1, 0.000618548, 3.1156e-5, 0.000649928)), (3, (2, 0.000491871, 5.4114e-5, 0.000546177)), (3, (3, 0.000500637, 5.8115e-5, 0.000558963))]), (16896, 15, 0.000806499, [(4, (0, 0.000591587, 1.753e-5, 0.000609348)), (4, (1, 0.000697264, 8.7179e-5, 0.000784637)), (4, (2, 0.000630757, 3.1936e-5, 0.000662882)), (3, (3, 0.00050221, 0.000125468, 0.000628319))]), (16912, 15, 0.000749601, [(4, (0, 0.000550176, 1.5407e-5, 0.00056582)), (4, (1, 0.000678142, 4.3501e-5, 0.000721873)), (4, (2, 0.000721181, 2.7041e-5, 0.000748413)), (3, (3, 0.000551733, 3.8239e-5, 0.00059017))]), (16928, 16, 0.000937167, [(4, (0, 0.000534749, 1.3721e-5, 0.00054865)), (4, (1, 0.000697545, 3.9644e-5, 0.000737372)), (4, (2, 0.000694784, 2.5807e-5, 0.000720774)), (4, (3, 0.000852535, 4.5643e-5, 0.000898424))]), (16944, 16, 0.001138581, [(4, (0, 0.000912228, 2.0155e-5, 0.000932572)), (4, (1, 0.000929054, 3.1837e-5, 0.000961104)), (4, (2, 0.000968686, 8.1895e-5, 0.001050816)), (4, (3, 0.000974013, 8.551e-5, 0.001059748))]), (16960, 15, 0.000830869, [(4, (0, 0.000661558, 2.1189e-5, 0.000682985)), (4, (1, 0.000760187, 4.54e-5, 0.000805785)), (4, (2, 0.000736133, 3.3799e-5, 0.000770143)), (3, (3, 0.00055714, 8.7388e-5, 0.000644834))]), (16976, 12, 0.000786975, [(3, (0, 0.0004167, 1.7319e-5, 0.000434223)), (3, (1, 0.000563372, 4.7825e-5, 0.000611427)), (3, (2, 0.000733272, 3.2203e-5, 0.000765676)), (3, (3, 0.000552538, 0.000108437, 0.000661309))]), (16992, 14, 0.001014588, [(4, (0, 0.000898762, 1.9777e-5, 0.000918748)), (4, (1, 0.000935908, 5.1829e-5, 0.000987939)), (3, (2, 0.000797655, 3.3501e-5, 0.000831346)), (3, (3, 0.000800829, 4.7561e-5, 0.000848594))]), (17008, 14, 0.000897215, [(4, (0, 0.000727878, 1.8097e-5, 0.000746174)), (4, (1, 0.000833518, 4.1637e-5, 0.000875344)), (3, (2, 0.000608706, 3.0967e-5, 0.00063987)), (3, (3, 0.000656527, 4.75e-5, 0.000704216))]), (17024, 13, 0.000690775, [(4, (0, 0.000559143, 1.8176e-5, 0.000577509)), (3, (1, 0.000628376, 4.1507e-5, 0.000670084)), (3, (2, 0.000511322, 3.0182e-5, 0.000541668)), (3, (3, 0.000478714, 4.7382e-5, 0.000526286))]), (17040, 16, 0.000979398, [(4, (0, 0.00074506, 1.2785e-5, 0.000758022)), (4, (1, 0.000739826, 5.755e-5, 0.000797569)), (4, (2, 0.000825911, 4.8314e-5, 0.00087448)), (4, (3, 0.000849007, 8.9563e-5, 0.000939098))]), (17056, 11, 0.00044054, [(3, (0, 0.000411738, 1.7553e-5, 0.000429494)), (3, (1, 0.000386236, 4.5179e-5, 0.00043161)), (3, (2, 0.000387271, 3.2109e-5, 0.000419594)), (2, (3, 0.00030585, 4.9412e-5, 0.000355446))]), (17072, 8, 0.000600442, [(2, (0, 0.000253415, 1.7933e-5, 0.000271558)), (2, (1, 0.000536101, 4.1751e-5, 0.000578035)), (2, (2, 0.000302235, 3.0068e-5, 0.00033249)), (2, (3, 0.000416151, 4.7257e-5, 0.0004636))]), (17088, 11, 0.00062436, [(3, (0, 0.000470863, 1.984e-5, 0.000490903)), (3, (1, 0.000523985, 7.4229e-5, 0.000598409)), (3, (2, 0.000553462, 3.2586e-5, 0.000586254)), (2, (3, 0.000337927, 4.3878e-5, 0.000381981))]), (17104, 12, 0.001084673, [(3, (0, 0.000582444, 1.4027e-5, 0.000596618)), (3, (1, 0.000654388, 4.0515e-5, 0.000695279)), (3, (2, 0.000643248, 2.1122e-5, 0.000664839)), (3, (3, 0.00090924, 0.000125357, 0.001034912))]), (17120, 13, 0.001016235, [(4, (0, 0.000900388, 2.1534e-5, 0.000922163)), (3, (1, 0.000711106, 6.3367e-5, 0.000774711)), (3, (2, 0.000932956, 5.8032e-5, 0.000991302)), (3, (3, 0.000842272, 5.8265e-5, 0.000900768))]), (17136, 14, 0.000828021, [(4, (0, 0.000723496, 2.2595e-5, 0.000746302)), (4, (1, 0.000736692, 5.0285e-5, 0.000787208)), (3, (2, 0.000721259, 4.1638e-5, 0.000763201)), (3, (3, 0.000664764, 0.000117113, 0.000782677))]), (17152, 13, 0.000767145, [(4, (0, 0.000636205, 2.088e-5, 0.000657331)), (3, (1, 0.000566932, 5.1973e-5, 0.00061913)), (3, (2, 0.000612153, 3.5913e-5, 0.00064825)), (3, (3, 0.000666879, 5.7132e-5, 0.000724201))]), (17168, 13, 0.000948091, [(4, (0, 0.000916956, 3.0061e-5, 0.000947256)), (3, (1, 0.000453179, 5.7023e-5, 0.000510419)), (3, (2, 0.000753535, 4.5477e-5, 0.000799471)), (3, (3, 0.000483197, 8.6686e-5, 0.000570359))]), (17184, 14, 0.000832921, [(4, (0, 0.000807393, 2.4469e-5, 0.000832101)), (4, (1, 0.000696601, 6.5041e-5, 0.000761999)), (3, (2, 0.000486809, 3.9572e-5, 0.000526585)), (3, (3, 0.000504645, 7.6579e-5, 0.000581567))]), (17200, 14, 0.000666834, [(4, (0, 0.000566444, 1.9385e-5, 0.000586042)), (4, (1, 0.00059183, 4.943e-5, 0.000641458)), (3, (2, 0.000434329, 3.6705e-5, 0.00047129)), (3, (3, 0.000454391, 5.6534e-5, 0.000511158))]), (17216, 13, 0.000728498, [(4, (0, 0.000657128, 2.5075e-5, 0.00068245)), (3, (1, 0.00048132, 5.0034e-5, 0.000531552)), (3, (2, 0.000580839, 3.7547e-5, 0.000618581)), (3, (3, 0.000616061, 6.9219e-5, 0.000685565))]), (17232, 14, 0.000803133, [(4, (0, 0.00072011, 2.2018e-5, 0.000742361)), (4, (1, 0.000728495, 4.8597e-5, 0.000777337)), (3, (2, 0.000594967, 3.4817e-5, 0.000630004)), (3, (3, 0.000489144, 5.4653e-5, 0.000544003))]), (17248, 14, 0.000887882, [(4, (0, 0.00054043, 2.9673e-5, 0.000570305)), (4, (1, 0.000761827, 0.000113939, 0.000875987)), (3, (2, 0.000672256, 0.000102601, 0.000775215)), (3, (3, 0.000708102, 0.000126377, 0.000834945))]), (17264, 14, 0.001115341, [(4, (0, 0.000823715, 2.1893e-5, 0.000845846)), (4, (1, 0.001034115, 5.332e-5, 0.001087649)), (3, (2, 0.000689442, 3.8871e-5, 0.000728501)), (3, (3, 0.000665223, 5.8089e-5, 0.000723506))]), (17280, 13, 0.00092851, [(4, (0, 0.000910396, 1.7091e-5, 0.000927713)), (3, (1, 0.000743702, 3.0058e-5, 0.000774037)), (3, (2, 0.000717842, 5.0558e-5, 0.000768599)), (3, (3, 0.000780901, 8.3317e-5, 0.000864819))]), (17296, 13, 0.000847814, [(4, (0, 0.000747026, 2.3991e-5, 0.000771229)), (3, (1, 0.000610765, 5.1107e-5, 0.000662136)), (3, (2, 0.000430733, 3.7509e-5, 0.000468477)), (3, (3, 0.00075204, 5.6797e-5, 0.000809053))]), (17312, 14, 0.001061612, [(4, (0, 0.000936492, 1.8131e-5, 0.000954831)), (4, (1, 0.000991994, 4.776e-5, 0.001039939)), (3, (2, 0.000671012, 3.1099e-5, 0.000702309)), (3, (3, 0.000776494, 4.4539e-5, 0.000821369))]), (17328, 13, 0.00089391, [(4, (0, 0.000878308, 1.4686e-5, 0.000893199)), (3, (1, 0.000811858, 3.8376e-5, 0.000850458)), (3, (2, 0.000786518, 2.6437e-5, 0.000813136)), (3, (3, 0.00077358, 4.3749e-5, 0.000820433))]), (17344, 12, 0.000759039, [(3, (0, 0.000574844, 2.0283e-5, 0.000595331)), (3, (1, 0.00068868, 4.868e-5, 0.000737564)), (3, (2, 0.000490005, 3.2068e-5, 0.000522249)), (3, (3, 0.000572892, 4.3476e-5, 0.000616581))]), (17360, 12, 0.000732206, [(3, (0, 0.000594204, 1.0588e-5, 0.000604945)), (3, (1, 0.000658689, 4.9359e-5, 0.000708223)), (3, (2, 0.000625562, 3.7812e-5, 0.000663775)), (3, (3, 0.000559698, 4.4379e-5, 0.000604269))]), (17376, 8, 0.000437995, [(2, (0, 0.000290064, 1.8547e-5, 0.000308808)), (2, (1, 0.000351254, 5.8223e-5, 0.000409717)), (2, (2, 0.000332667, 3.1635e-5, 0.000364522)), (2, (3, 0.00034488, 5.3862e-5, 0.000399074))]), (17392, 8, 0.000488094, [(2, (0, 0.000320486, 1.153e-5, 0.000332203)), (2, (1, 0.000324834, 5.8708e-5, 0.000383803)), (2, (2, 0.000324989, 4.1209e-5, 0.000366454)), (2, (3, 0.000385853, 5.2206e-5, 0.000438258))]), (17408, 15, 0.000775713, [(4, (0, 0.000607464, 2.509e-5, 0.000632805)), (4, (1, 0.000594644, 4.8676e-5, 0.000643533)), (4, (2, 0.000714493, 3.7723e-5, 0.000752428)), (3, (3, 0.000564135, 5.3922e-5, 0.000618275))]), (17424, 13, 0.000724083, [(4, (0, 0.000703508, 1.9689e-5, 0.000723399)), (3, (1, 0.000661408, 4.7164e-5, 0.000708751)), (3, (2, 0.000473235, 3.1621e-5, 0.000505046)), (3, (3, 0.00047536, 5.1173e-5, 0.000526727))]), (17440, 14, 0.000686554, [(4, (0, 0.000580992, 1.7914e-5, 0.000599111)), (4, (1, 0.000617206, 4.7106e-5, 0.000664486)), (3, (2, 0.000458236, 2.9803e-5, 0.000488227)), (3, (3, 0.000475865, 4.1922e-5, 0.00051799))]), (17456, 15, 0.000702604, [(4, (0, 0.000579544, 1.606e-5, 0.000595793)), (4, (1, 0.000636138, 3.9482e-5, 0.000675801)), (4, (2, 0.000636181, 2.7847e-5, 0.000664214)), (3, (3, 0.000460184, 4.4918e-5, 0.000505294))]), (17472, 15, 0.00069273, [(4, (0, 0.000673047, 1.8605e-5, 0.000691892)), (4, (1, 0.000656205, 3.2882e-5, 0.000689288)), (4, (2, 0.000626484, 4.77e-5, 0.000674385)), (3, (3, 0.000570934, 5.4444e-5, 0.000625591))]), (17488, 14, 0.001057203, [(4, (0, 0.001038908, 1.7011e-5, 0.001056122)), (4, (1, 0.000729883, 4.7762e-5, 0.000777845)), (3, (2, 0.000567507, 3.3822e-5, 0.000601534)), (3, (3, 0.00052106, 5.4289e-5, 0.000575581))]), (17504, 14, 0.000783282, [(4, (0, 0.000561396, 1.9754e-5, 0.000581348)), (4, (1, 0.000616686, 9.1389e-5, 0.000708299)), (3, (2, 0.000493544, 3.2558e-5, 0.000526291)), (3, (3, 0.000626544, 0.000119753, 0.000747018))]), (17520, 14, 0.000897495, [(4, (0, 0.000691322, 2.3364e-5, 0.000714885)), (4, (1, 0.000826837, 4.7684e-5, 0.000874712)), (3, (2, 0.00055625, 3.5593e-5, 0.000592052)), (3, (3, 0.000661292, 5.2836e-5, 0.00071433))]), (17536, 14, 0.001119394, [(4, (0, 0.000729753, 2.2814e-5, 0.000752767)), (4, (1, 0.001000643, 3.8327e-5, 0.001039181)), (3, (2, 0.000718326, 5.08e-5, 0.000769343)), (3, (3, 0.000706265, 5.7198e-5, 0.000763644))]), (17552, 14, 0.001051399, [(4, (0, 0.000803365, 1.4659e-5, 0.0008182)), (4, (1, 0.000958252, 7.1077e-5, 0.001029508)), (3, (2, 0.000650019, 6.0603e-5, 0.000710876)), (3, (3, 0.000723686, 8.0382e-5, 0.000804254))]), (17568, 12, 0.000723617, [(3, (0, 0.00064971, 2.6391e-5, 0.000676331)), (3, (1, 0.000644618, 5.7251e-5, 0.000702065)), (3, (2, 0.000492209, 3.8053e-5, 0.000530467)), (3, (3, 0.000577052, 5.3015e-5, 0.000630276))]), (17584, 11, 0.000898005, [(3, (0, 0.000471072, 2.5835e-5, 0.000497097)), (3, (1, 0.000528102, 4.9645e-5, 0.000577937)), (3, (2, 0.000614986, 3.8598e-5, 0.00065376)), (2, (3, 0.000800917, 5.513e-5, 0.000856229))]), (17600, 15, 0.001336858, [(4, (0, 0.000967391, 2.2794e-5, 0.000990424)), (4, (1, 0.000864169, 4.8997e-5, 0.000913361)), (4, (2, 0.001238092, 3.5329e-5, 0.00127362)), (3, (3, 0.000764896, 5.4514e-5, 0.000819613))]), (17616, 16, 0.001019294, [(4, (0, 0.000721506, 1.8524e-5, 0.000740258)), (4, (1, 0.000893731, 9.6672e-5, 0.000990723)), (4, (2, 0.000773382, 2.9217e-5, 0.000802767)), (4, (3, 0.000611422, 0.000133255, 0.000744892))]), (17632, 14, 0.000995782, [(4, (0, 0.000794943, 1.9725e-5, 0.00081488)), (4, (1, 0.000910532, 5.7844e-5, 0.000968715)), (3, (2, 0.000603528, 3.1311e-5, 0.000635032)), (3, (3, 0.000695677, 4.6302e-5, 0.000742169))]), (17648, 16, 0.000954496, [(4, (0, 0.000846924, 2.0674e-5, 0.000867803)), (4, (1, 0.000759864, 0.000128915, 0.000889478)), (4, (2, 0.000792283, 3.0927e-5, 0.000823408)), (4, (3, 0.000796325, 9.8665e-5, 0.000895294))]), (17664, 14, 0.000818088, [(4, (0, 0.000792798, 1.8818e-5, 0.000811823)), (4, (1, 0.000636029, 4.1698e-5, 0.000677928)), (3, (2, 0.000676252, 2.9969e-5, 0.000706409)), (3, (3, 0.000744338, 4.9295e-5, 0.000793842))]), (17680, 15, 0.001044466, [(4, (0, 0.000670561, 1.8367e-5, 0.000689144)), (4, (1, 0.000737014, 4.5412e-5, 0.000782621)), (4, (2, 0.000985186, 3.3002e-5, 0.001018368)), (3, (3, 0.000455496, 5.1537e-5, 0.000507258))]), (17696, 16, 0.000908185, [(4, (0, 0.000655552, 1.7798e-5, 0.000673553)), (4, (1, 0.000700689, 0.000115314, 0.000816321)), (4, (2, 0.000737606, 2.9195e-5, 0.000766998)), (4, (3, 0.00075864, 0.000116089, 0.000874941))]), (17712, 14, 0.000870893, [(4, (0, 0.000774718, 1.7862e-5, 0.000792769)), (4, (1, 0.000812388, 3.0454e-5, 0.000843046)), (3, (2, 0.000580414, 3.4805e-5, 0.000615412)), (3, (3, 0.000611973, 3.7763e-5, 0.000649989))]), (17728, 15, 0.001227508, [(4, (0, 0.000942107, 2.2501e-5, 0.000964831)), (4, (1, 0.00114968, 4.6084e-5, 0.001196074)), (4, (2, 0.000947239, 3.4393e-5, 0.000981837)), (3, (3, 0.000735689, 5.0858e-5, 0.000786751))]), (17744, 15, 0.000925762, [(4, (0, 0.000598714, 1.864e-5, 0.000617536)), (4, (1, 0.000759381, 0.000134243, 0.000894252)), (4, (2, 0.000720374, 3.3053e-5, 0.000753614)), (3, (3, 0.000528631, 9.4818e-5, 0.000623681))]), (17760, 14, 0.000669658, [(4, (0, 0.000646704, 2.1974e-5, 0.000668874)), (4, (1, 0.00059181, 7.5825e-5, 0.000667832)), (3, (2, 0.000489239, 5.9436e-5, 0.000548979)), (3, (3, 0.000501277, 6.9322e-5, 0.000570824))]), (17776, 14, 0.000796625, [(4, (0, 0.000773201, 2.248e-5, 0.000795872)), (4, (1, 0.000670628, 0.000107821, 0.000778787)), (3, (2, 0.000479445, 3.7266e-5, 0.000516936)), (3, (3, 0.000492809, 0.00010835, 0.000601342))]), (17792, 13, 0.000748851, [(4, (0, 0.000633715, 1.9637e-5, 0.000653541)), (3, (1, 0.00059721, 0.000114039, 0.000711499)), (3, (2, 0.000571747, 9.0016e-5, 0.000662115)), (3, (3, 0.000594747, 0.000115372, 0.000710295))]), (17808, 9, 0.000573527, [(3, (0, 0.000379049, 1.8774e-5, 0.000398022)), (2, (1, 0.000427671, 5.2712e-5, 0.000480556)), (2, (2, 0.000514884, 3.7081e-5, 0.000552202)), (2, (3, 0.000420359, 4.8234e-5, 0.000468814))]), (17824, 12, 0.000642674, [(3, (0, 0.000425298, 1.7125e-5, 0.000442622)), (3, (1, 0.000458387, 0.00014961, 0.000608326)), (3, (2, 0.000450885, 3.0617e-5, 0.000481697)), (3, (3, 0.000465084, 0.000149919, 0.000618202))]), (17840, 14, 0.000985934, [(4, (0, 0.000807499, 1.9911e-5, 0.000827586)), (4, (1, 0.000837268, 0.000120682, 0.000958266)), (3, (2, 0.000709631, 3.3374e-5, 0.000743218)), (3, (3, 0.000687619, 0.000120637, 0.000808428))]), (17856, 14, 0.001087193, [(4, (0, 0.000680371, 2.1091e-5, 0.000701681)), (4, (1, 0.000933898, 0.000120469, 0.001054653)), (3, (2, 0.000645076, 3.2635e-5, 0.000677931)), (3, (3, 0.000566037, 0.000156225, 0.000722951))]), (17872, 16, 0.000952724, [(4, (0, 0.000586788, 1.8679e-5, 0.000605677)), (4, (1, 0.000788005, 0.000100722, 0.000889061)), (4, (2, 0.000721142, 2.9803e-5, 0.000751122)), (4, (3, 0.000602034, 0.000118572, 0.000720994))]), (17888, 14, 0.000834519, [(4, (0, 0.000607862, 1.485e-5, 0.000622905)), (4, (1, 0.000751024, 5.9067e-5, 0.000810413)), (3, (2, 0.000557675, 2.5802e-5, 0.000583657)), (3, (3, 0.000456055, 9.2508e-5, 0.000549214))]), (17904, 15, 0.001093379, [(4, (0, 0.000815841, 1.9818e-5, 0.000835874)), (4, (1, 0.000940992, 0.000126733, 0.001068072)), (4, (2, 0.000829119, 3.1899e-5, 0.000861222)), (3, (3, 0.000688002, 0.000155945, 0.000844729))]), (17920, 14, 0.000948187, [(4, (0, 0.000797977, 1.587e-5, 0.000814031)), (4, (1, 0.00081391, 0.000106816, 0.000921034)), (3, (2, 0.00061425, 2.711e-5, 0.000641536)), (3, (3, 0.000515896, 0.000142158, 0.000658734))]), (17936, 13, 0.000817375, [(4, (0, 0.00075523, 2.0008e-5, 0.000775443)), (3, (1, 0.000744842, 5.0415e-5, 0.000795456)), (3, (2, 0.000652366, 3.5665e-5, 0.000688222)), (3, (3, 0.000614034, 8.7581e-5, 0.000702347))]), (17952, 14, 0.000993341, [(4, (0, 0.000826011, 2.0488e-5, 0.000846719)), (4, (1, 0.000819037, 0.000150357, 0.000969721)), (3, (2, 0.000864378, 3.4753e-5, 0.000899347)), (3, (3, 0.000768577, 0.000150436, 0.000919196))]), (17968, 14, 0.000770621, [(4, (0, 0.000580099, 2.0944e-5, 0.000601262)), (4, (1, 0.000626801, 0.000114915, 0.000742038)), (3, (2, 0.000471566, 3.2454e-5, 0.000504231)), (3, (3, 0.000567382, 0.0001149, 0.000682487))]), (17984, 13, 0.000964234, [(4, (0, 0.000784327, 1.7594e-5, 0.000802133)), (3, (1, 0.000504966, 9.1898e-5, 0.000597081)), (3, (2, 0.000583149, 7.931e-5, 0.000662655)), (3, (3, 0.000797004, 9.6674e-5, 0.000893865))]), (18000, 13, 0.000707476, [(4, (0, 0.000691015, 1.5673e-5, 0.000706854)), (3, (1, 0.000554796, 9.2485e-5, 0.000647623)), (3, (2, 0.000593625, 2.9677e-5, 0.000623523)), (3, (3, 0.000597937, 3.3429e-5, 0.000631549))]), (18016, 14, 0.000790092, [(4, (0, 0.000615399, 2.0831e-5, 0.000636427)), (4, (1, 0.000693398, 6.2798e-5, 0.000756399)), (3, (2, 0.000435844, 4.5431e-5, 0.000481479)), (3, (3, 0.000471846, 5.935e-5, 0.000531397))]), (18032, 14, 0.001074768, [(4, (0, 0.001052461, 2.1327e-5, 0.001073979)), (4, (1, 0.000742844, 0.000102721, 0.000845734)), (3, (2, 0.00050157, 3.5477e-5, 0.000537243)), (3, (3, 0.000521825, 0.000107436, 0.000629449))]), (18048, 15, 0.000955926, [(4, (0, 0.000666776, 2.1488e-5, 0.000688471)), (4, (1, 0.000722944, 7.7174e-5, 0.000800401)), (4, (2, 0.000874837, 3.6327e-5, 0.00091138)), (3, (3, 0.00052728, 9.1168e-5, 0.000618634))]), (18064, 16, 0.001152247, [(4, (0, 0.000745391, 4.5383e-5, 0.000790976)), (4, (1, 0.000721791, 2.997e-5, 0.000751936)), (4, (2, 0.000774092, 1.9825e-5, 0.000794106)), (4, (3, 0.00096264, 5.3163e-5, 0.001016058))]), (18080, 16, 0.001025382, [(4, (0, 0.000788385, 1.7713e-5, 0.000806299)), (4, (1, 0.000825917, 3.1543e-5, 0.000857708)), (4, (2, 0.000957906, 4.2768e-5, 0.001000873)), (4, (3, 0.000707622, 4.8297e-5, 0.000756087))]), (18096, 16, 0.000933114, [(4, (0, 0.000740472, 2.3475e-5, 0.00076418)), (4, (1, 0.00070957, 6.0009e-5, 0.000769762)), (4, (2, 0.000864941, 4.3163e-5, 0.000908319)), (4, (3, 0.000698344, 5.5398e-5, 0.000753926))]), (18112, 12, 0.000679853, [(3, (0, 0.000455508, 1.8107e-5, 0.000473825)), (3, (1, 0.000595673, 5.3106e-5, 0.000648988)), (3, (2, 0.000447709, 2.9876e-5, 0.00047776)), (3, (3, 0.000552484, 5.7178e-5, 0.000609855))]), (18128, 13, 0.000878391, [(4, (0, 0.000853608, 2.3739e-5, 0.000877589)), (3, (1, 0.000788746, 4.8126e-5, 0.000837073)), (3, (2, 0.000623743, 3.6731e-5, 0.000660688)), (3, (3, 0.00056636, 5.437e-5, 0.000620909))]), (18144, 15, 0.001122485, [(4, (0, 0.000845915, 2.3846e-5, 0.000870008)), (4, (1, 0.000872523, 4.9812e-5, 0.00092253)), (4, (2, 0.001063125, 3.5822e-5, 0.001099124)), (3, (3, 0.00064111, 8.9899e-5, 0.000731777))]), (18160, 14, 0.001129307, [(4, (0, 0.000823951, 1.8919e-5, 0.000843069)), (4, (1, 0.001049095, 5.378e-5, 0.00110306)), (3, (2, 0.000721981, 4.1745e-5, 0.000763912)), (3, (3, 0.000640999, 8.2096e-5, 0.000723316))]), (18176, 4, 0.000371979, [(1, (0, 0.000311558, 1.8797e-5, 0.000330557)), (1, (1, 0.000164543, 7.4627e-5, 0.000239491)), (1, (2, 0.000158424, 3.4713e-5, 0.000193346)), (1, (3, 0.000245741, 7.7622e-5, 0.000323565))]), (18192, 14, 0.000839121, [(4, (0, 0.000560848, 2.1604e-5, 0.000582653)), (4, (1, 0.000690364, 0.000124223, 0.000814905)), (3, (2, 0.000525803, 3.5439e-5, 0.000561427)), (3, (3, 0.000473487, 0.00012465, 0.00059833))]), (18208, 10, 0.00066713, [(3, (0, 0.000439679, 1.7345e-5, 0.000457214)), (3, (1, 0.000514142, 0.000128613, 0.000643074)), (2, (2, 0.000350344, 2.8375e-5, 0.000378917)), (2, (3, 0.000379301, 0.000162643, 0.000542674))]), (18224, 10, 0.000613588, [(3, (0, 0.000410792, 1.8439e-5, 0.000429438)), (3, (1, 0.000471569, 0.00012174, 0.000593491)), (2, (2, 0.000333196, 2.9282e-5, 0.000362692)), (2, (3, 0.000297744, 0.000121112, 0.000419145))]), (18240, 11, 0.000618097, [(3, (0, 0.000382327, 1.869e-5, 0.000401217)), (3, (1, 0.000571879, 3.056e-5, 0.000602643)), (3, (2, 0.000536444, 6.3049e-5, 0.000599797)), (2, (3, 0.00032883, 6.3074e-5, 0.000392099))]), (18256, 12, 0.000803317, [(3, (0, 0.000463542, 1.8638e-5, 0.000482384)), (3, (1, 0.000689101, 9.2753e-5, 0.000782028)), (3, (2, 0.000722624, 2.9479e-5, 0.000752263)), (3, (3, 0.000597071, 8.8145e-5, 0.000685426))]), (18272, 13, 0.000834803, [(4, (0, 0.000648034, 1.742e-5, 0.00066563)), (3, (1, 0.000769595, 4.1805e-5, 0.00081158)), (3, (2, 0.000750917, 2.8111e-5, 0.000779226)), (3, (3, 0.000585729, 4.6148e-5, 0.000632094))]), (18288, 14, 0.000927649, [(4, (0, 0.000736048, 1.9392e-5, 0.000755643)), (4, (1, 0.000842724, 6.0905e-5, 0.000903951)), (3, (2, 0.000631216, 3.3363e-5, 0.00066476)), (3, (3, 0.000635699, 6.1377e-5, 0.000697276))]), (18304, 15, 0.001506487, [(4, (0, 0.000708873, 1.8816e-5, 0.000727878)), (4, (1, 0.000654292, 0.000118077, 0.000773484)), (4, (2, 0.001388115, 3.0913e-5, 0.001419218)), (3, (3, 0.000529559, 5.3388e-5, 0.00058314))]), (18320, 12, 0.000806628, [(3, (0, 0.000701503, 2.092e-5, 0.000722704)), (3, (1, 0.000598836, 0.000104777, 0.000703828)), (3, (2, 0.000742763, 3.2404e-5, 0.000775348)), (3, (3, 0.000607137, 0.000102233, 0.000709685))]), (18336, 13, 0.000988069, [(4, (0, 0.000771915, 1.9232e-5, 0.000791331)), (3, (1, 0.000546823, 8.2475e-5, 0.000629515)), (3, (2, 0.000935408, 3.048e-5, 0.000966061)), (3, (3, 0.000495664, 8.6474e-5, 0.000582316))]), (18352, 14, 0.000778108, [(4, (0, 0.000547995, 2.1466e-5, 0.000569665)), (4, (1, 0.000665277, 8.8612e-5, 0.000754228)), (3, (2, 0.00053745, 3.2058e-5, 0.000569716)), (3, (3, 0.000473784, 9.063e-5, 0.000564682))]), (18368, 15, 0.000816109, [(4, (0, 0.000674857, 2.0748e-5, 0.000695799)), (4, (1, 0.000651203, 0.000140745, 0.000792763)), (4, (2, 0.000735206, 3.1405e-5, 0.000766782)), (3, (3, 0.000462155, 0.000113917, 0.000576384))]), (18384, 16, 0.001275223, [(4, (0, 0.001066962, 1.7939e-5, 0.001085104)), (4, (1, 0.0011697, 8.0979e-5, 0.001251005)), (4, (2, 0.001149684, 2.8956e-5, 0.001178831)), (4, (3, 0.000885239, 8.1086e-5, 0.00096651))]), (18400, 15, 0.0008312, [(4, (0, 0.000611374, 1.8837e-5, 0.000630403)), (4, (1, 0.000718111, 8.3001e-5, 0.000801849)), (4, (2, 0.000601202, 2.988e-5, 0.000631258)), (3, (3, 0.000543193, 7.8312e-5, 0.000621699))]), (18416, 15, 0.001478813, [(4, (0, 0.000589258, 2.177e-5, 0.000611231)), (4, (1, 0.001232625, 0.000149321, 0.001382708)), (4, (2, 0.000883739, 3.331e-5, 0.000917242)), (3, (3, 0.000577999, 0.000140764, 0.000719054))]), (18432, 14, 0.000984427, [(4, (0, 0.000537247, 2.7985e-5, 0.000565429)), (4, (1, 0.000925557, 3.8089e-5, 0.00096383)), (3, (2, 0.000700035, 7.6601e-5, 0.000776977)), (3, (3, 0.000434874, 0.00011219, 0.000547911))]), (18448, 14, 0.000856868, [(4, (0, 0.000697938, 1.0178e-5, 0.000708291)), (4, (1, 0.000785828, 4.7673e-5, 0.000833694)), (3, (2, 0.000568852, 3.7851e-5, 0.000606912)), (3, (3, 0.000557529, 0.000173818, 0.000731664))]), (18464, 14, 0.001072487, [(4, (0, 0.000587928, 2.0274e-5, 0.000608405)), (4, (1, 0.000687513, 7.851e-5, 0.000766349)), (3, (2, 0.001021453, 3.1249e-5, 0.001052876)), (3, (3, 0.000448166, 7.919e-5, 0.00052753))]), (18480, 13, 0.000944433, [(4, (0, 0.000920933, 2.2634e-5, 0.000943758)), (3, (1, 0.000592685, 0.000139975, 0.000732981)), (3, (2, 0.000613171, 3.4142e-5, 0.000647489)), (3, (3, 0.00054279, 0.000140136, 0.000683101))]), (18496, 13, 0.000982495, [(4, (0, 0.000848623, 1.7626e-5, 0.000868371)), (3, (1, 0.000513102, 0.000165447, 0.000678879)), (3, (2, 0.00077509, 3.1653e-5, 0.000806941)), (3, (3, 0.000751568, 0.000199516, 0.000951755))]), (18512, 11, 0.000689985, [(3, (0, 0.000609005, 1.7257e-5, 0.000626461)), (3, (1, 0.000577645, 8.8614e-5, 0.000666509)), (3, (2, 0.000535018, 2.8721e-5, 0.000563925)), (2, (3, 0.000387793, 8.2671e-5, 0.000470761))]), (18528, 16, 0.000985853, [(4, (0, 0.000691566, 1.9542e-5, 0.000711293)), (4, (1, 0.000730951, 6.2977e-5, 0.000794277)), (4, (2, 0.000895375, 6.9316e-5, 0.000964908)), (4, (3, 0.000887945, 7.3893e-5, 0.000962004))]), (18544, 16, 0.001017799, [(4, (0, 0.000883316, 8.683e-6, 0.000892145)), (4, (1, 0.000945376, 5.3535e-5, 0.0009991)), (4, (2, 0.000882687, 4.2005e-5, 0.000924966)), (4, (3, 0.00093804, 4.9228e-5, 0.000987467))]), (18560, 13, 0.000635747, [(4, (0, 0.000610694, 2.4048e-5, 0.000634942)), (3, (1, 0.000499224, 8.041e-5, 0.000579832)), (3, (2, 0.000457695, 3.6561e-5, 0.000494463)), (3, (3, 0.000427683, 8.0426e-5, 0.000508407))]), (18576, 16, 0.000735695, [(4, (0, 0.000511408, 1.8514e-5, 0.000530114)), (4, (1, 0.000621341, 9.8159e-5, 0.000719816)), (4, (2, 0.000590535, 2.9789e-5, 0.000620517)), (4, (3, 0.00060374, 9.7885e-5, 0.000701842))]), (18592, 13, 0.000768632, [(4, (0, 0.000582405, 2.3376e-5, 0.000605978)), (3, (1, 0.000595039, 3.5092e-5, 0.000630302)), (3, (2, 0.000551838, 0.0001889, 0.000741045)), (3, (3, 0.000521225, 0.000189356, 0.000710787))]), (18608, 12, 0.000700653, [(3, (0, 0.000420067, 2.5808e-5, 0.00044608)), (3, (1, 0.000465963, 0.000119735, 0.000586015)), (3, (2, 0.000453173, 3.9062e-5, 0.000492426)), (3, (3, 0.00047863, 0.000191444, 0.000670375))]), (18624, 14, 0.000847465, [(4, (0, 0.000595657, 1.8687e-5, 0.000614538)), (4, (1, 0.000641467, 0.000180586, 0.000822729)), (3, (2, 0.000468463, 3.0268e-5, 0.000498917)), (3, (3, 0.000488397, 0.000143567, 0.000632303))]), (18640, 13, 0.000750234, [(4, (0, 0.000728059, 2.1286e-5, 0.000749525)), (3, (1, 0.00052764, 0.000109099, 0.000637037)), (3, (2, 0.000483103, 3.3461e-5, 0.000516757)), (3, (3, 0.0004476, 0.000110162, 0.000557952))]), (18656, 7, 0.000987845, [(2, (0, 0.000319709, 1.8252e-5, 0.000338158)), (2, (1, 0.000723665, 0.000198528, 0.000923035)), (2, (2, 0.00024768, 3.0238e-5, 0.000278093)), (1, (3, 0.000241744, 0.000162926, 0.000404985))]), (18672, 3, 0.000325112, [(1, (0, 0.000263288, 6.334e-6, 0.000269769)), (1, (1, 0.000148781, 0.000145986, 0.00029494)), (1, (2, 0.000138753, 2.3719e-5, 0.000162673)), (0, (3, 1.03e-7, 0.000145751, 0.000146161))]), (18688, 15, 0.001013291, [(4, (0, 0.000625161, 9.928e-6, 0.000635258)), (4, (1, 0.000785058, 3.4897e-5, 0.000820272)), (4, (2, 0.000979071, 1.1577e-5, 0.000990846)), (3, (3, 0.000408725, 6.2841e-5, 0.000471879))]), (18704, 13, 0.000971732, [(4, (0, 0.000706561, 2.3455e-5, 0.000730204)), (3, (1, 0.00055572, 0.000178316, 0.000734365)), (3, (2, 0.000597505, 3.7121e-5, 0.000634833)), (3, (3, 0.000736938, 0.000199584, 0.000936996))]), (18720, 0, 7.812e-6, [(0, (0, 9.1e-8, 6.208e-6, 6.433e-6)), (0, (1, 7.6e-8, 6.688e-6, 6.857e-6)), (0, (2, 4.9e-8, 7.126e-6, 7.264e-6)), (0, (3, 4.8e-8, 7.379e-6, 7.523e-6))]), (18736, 12, 0.000731836, [(3, (0, 0.00060951, 8.376e-6, 0.000617982)), (3, (1, 0.000523349, 0.000101629, 0.000625299)), (3, (2, 0.000442586, 8.872e-6, 0.000451647)), (3, (3, 0.000528812, 0.000162079, 0.000691181))]), (18752, 15, 0.001192145, [(4, (0, 0.000699382, 1.2704e-5, 0.000712237)), (4, (1, 0.001150094, 1.542e-5, 0.001165862)), (4, (2, 0.000526892, 1.3416e-5, 0.000543242)), (3, (3, 0.000470836, 3.1171e-5, 0.000502345))]), (18768, 6, 0.000348192, [(2, (0, 0.000278039, 9.258e-6, 0.000287436)), (2, (1, 0.000291348, 2.3049e-5, 0.000314619)), (1, (2, 0.000150709, 1.1841e-5, 0.000162881)), (1, (3, 0.000147044, 0.000103151, 0.000250514))]), (18784, 4, 0.000316465, [(1, (0, 0.000270178, 7.235e-6, 0.000277573)), (1, (1, 0.00020059, 1.355e-5, 0.000214893)), (1, (2, 0.000146408, 8.472e-6, 0.000155107)), (1, (3, 0.00013696, 0.000155392, 0.000292461))]), (18800, 14, 0.000749638, [(4, (0, 0.000676047, 1.0521e-5, 0.000686718)), (4, (1, 0.00061054, 0.000110546, 0.000721403)), (3, (2, 0.000417453, 3.1005e-5, 0.000448808)), (3, (3, 0.000455828, 3.6002e-5, 0.000492028))]), (18816, 16, 0.000971607, [(4, (0, 0.000716354, 1.8485e-5, 0.000735019)), (4, (1, 0.000838664, 0.000103165, 0.000942127)), (4, (2, 0.000815694, 2.9644e-5, 0.000845519)), (4, (3, 0.000777065, 0.000101358, 0.000878726))]), (18832, 12, 0.000599948, [(3, (0, 0.00052174, 1.8242e-5, 0.000540194)), (3, (1, 0.000528051, 4.9851e-5, 0.000578193)), (3, (2, 0.00041219, 3.2586e-5, 0.000444959)), (3, (3, 0.000432006, 5.4296e-5, 0.000486511))]), (18848, 16, 0.000770015, [(4, (0, 0.000582298, 1.6937e-5, 0.000599421)), (4, (1, 0.000685124, 4.0868e-5, 0.000726344)), (4, (2, 0.000673884, 6.1465e-5, 0.000735557)), (4, (3, 0.000608553, 6.4753e-5, 0.000673511))]), (18864, 12, 0.000897017, [(3, (0, 0.000574895, 2.3332e-5, 0.00059842)), (3, (1, 0.000475582, 5.0694e-5, 0.000526647)), (3, (2, 0.00051747, 3.6451e-5, 0.000554127)), (3, (3, 0.000719364, 6.6558e-5, 0.000786234))]), (18880, 15, 0.000808203, [(4, (0, 0.000621329, 2.4838e-5, 0.000646365)), (4, (1, 0.000734333, 5.2366e-5, 0.000786901)), (4, (2, 0.000639429, 4.0869e-5, 0.000680526)), (3, (3, 0.000494277, 6.2616e-5, 0.000557234))]), (18896, 10, 0.000792097, [(3, (0, 0.000461712, 1.657e-5, 0.000478469)), (3, (1, 0.000659008, 0.000103092, 0.000762897)), (2, (2, 0.00028633, 2.7639e-5, 0.00031416)), (2, (3, 0.000364527, 4.0937e-5, 0.000405725))]), (18912, 16, 0.000769842, [(4, (0, 0.000657512, 1.3605e-5, 0.000671259)), (4, (1, 0.00068215, 6.3802e-5, 0.000746198)), (4, (2, 0.000686149, 3.0843e-5, 0.000717236)), (4, (3, 0.000651771, 6.6741e-5, 0.000718757))]), (18928, 16, 0.001137148, [(4, (0, 0.000739935, 2.2403e-5, 0.000762577)), (4, (1, 0.001056054, 5.3595e-5, 0.001109885)), (4, (2, 0.000781975, 3.6723e-5, 0.000818916)), (4, (3, 0.000791207, 5.086e-5, 0.000842301))]), (18944, 12, 0.000671946, [(3, (0, 0.000498801, 2.2101e-5, 0.000521151)), (3, (1, 0.000541967, 3.3163e-5, 0.000575308)), (3, (2, 0.000599763, 4.9651e-5, 0.000649762)), (3, (3, 0.000511871, 9.78e-5, 0.000609892))]), (18960, 15, 0.000713975, [(4, (0, 0.000559098, 2.0943e-5, 0.000580289)), (4, (1, 0.000645524, 4.6796e-5, 0.00069253)), (4, (2, 0.000561885, 3.2902e-5, 0.000594978)), (3, (3, 0.000426529, 5.3512e-5, 0.000480246))]), (18976, 14, 0.00075627, [(4, (0, 0.00058972, 2.0878e-5, 0.000610792)), (4, (1, 0.000641396, 9.4129e-5, 0.000735745)), (3, (2, 0.000472475, 3.7664e-5, 0.000510331)), (3, (3, 0.000482996, 8.7665e-5, 0.00057088))]), (18992, 15, 0.000917065, [(4, (0, 0.00077486, 1.7942e-5, 0.000792998)), (4, (1, 0.000688733, 4.071e-5, 0.000729656)), (4, (2, 0.00086491, 2.9338e-5, 0.000894455)), (3, (3, 0.000701299, 4.6093e-5, 0.000747588))]), (19008, 14, 0.000855914, [(4, (0, 0.000512152, 1.6509e-5, 0.000528873)), (4, (1, 0.000792189, 4.2899e-5, 0.000835306)), (3, (2, 0.000548017, 2.9398e-5, 0.000577603)), (3, (3, 0.000554901, 4.9713e-5, 0.000604809))]), (19024, 11, 0.000931131, [(3, (0, 0.000521872, 9.877e-6, 0.000531927)), (3, (1, 0.000406675, 6.1777e-5, 0.000468648)), (3, (2, 0.000865882, 4.0497e-5, 0.000906553)), (2, (3, 0.000346418, 5.1794e-5, 0.000398382))]), (19040, 14, 0.000805253, [(4, (0, 0.000720982, 1.7026e-5, 0.0007382)), (4, (1, 0.000717168, 4.7017e-5, 0.000764357)), (3, (2, 0.000557602, 2.8712e-5, 0.000586495)), (3, (3, 0.000679626, 8.7911e-5, 0.000768312))]), (19056, 13, 0.000745962, [(4, (0, 0.000727922, 1.725e-5, 0.000745337)), (3, (1, 0.000580898, 4.4721e-5, 0.00062582)), (3, (2, 0.000520299, 3.2544e-5, 0.000553047)), (3, (3, 0.000459327, 4.851e-5, 0.000508013))]), (19072, 15, 0.000783264, [(4, (0, 0.000765099, 1.7302e-5, 0.000782582)), (4, (1, 0.000693215, 8.5427e-5, 0.00077882)), (4, (2, 0.000575969, 3.0723e-5, 0.000606896)), (3, (3, 0.000602315, 9.9581e-5, 0.000702084))]), (19088, 15, 0.001005602, [(4, (0, 0.000683237, 1.7615e-5, 0.000701035)), (4, (1, 0.000896485, 8.5423e-5, 0.000982126)), (4, (2, 0.000827638, 2.9721e-5, 0.000857546)), (3, (3, 0.000475954, 8.6947e-5, 0.000563083))]), (19104, 13, 0.000840943, [(4, (0, 0.000772806, 1.8172e-5, 0.000791175)), (3, (1, 0.000490935, 4.5035e-5, 0.000536169)), (3, (2, 0.000533363, 3.0837e-5, 0.000564375)), (3, (3, 0.000721478, 8.4713e-5, 0.000806883))]), (19120, 14, 0.000782123, [(4, (0, 0.000635944, 1.3749e-5, 0.000649861)), (4, (1, 0.000733707, 2.677e-5, 0.000760669)), (3, (2, 0.000573676, 2.5451e-5, 0.000599294)), (3, (3, 0.000523371, 3.1559e-5, 0.000555156))]), (19136, 16, 0.000905032, [(4, (0, 0.000733809, 1.7478e-5, 0.000751484)), (4, (1, 0.000723484, 4.0109e-5, 0.000763782)), (4, (2, 0.000692733, 2.9159e-5, 0.000722068)), (4, (3, 0.000780042, 8.4215e-5, 0.00086494))]), (19152, 16, 0.00163285, [(4, (0, 0.001246275, 1.7411e-5, 0.001263876)), (4, (1, 0.001266614, 4.6042e-5, 0.001312833)), (4, (2, 0.001414298, 2.9429e-5, 0.001443896)), (4, (3, 0.001547016, 4.8602e-5, 0.0015958))]), (19168, 16, 0.001369977, [(4, (0, 0.001248738, 1.9797e-5, 0.001268722)), (4, (1, 0.001293764, 5.1769e-5, 0.001345709)), (4, (2, 0.001295193, 3.0769e-5, 0.001326155)), (4, (3, 0.001174845, 5.5751e-5, 0.001230817))]), (19184, 8, 0.000470888, [(2, (0, 0.000267962, 1.6251e-5, 0.000284408)), (2, (1, 0.000293839, 8.8963e-5, 0.000383038)), (2, (2, 0.000326453, 6.8215e-5, 0.000394889)), (2, (3, 0.000336128, 9.6646e-5, 0.000433106))]), (19200, 10, 0.000641027, [(3, (0, 0.000610164, 2.9293e-5, 0.000639715)), (3, (1, 0.000416739, 4.3295e-5, 0.000460241)), (2, (2, 0.00040882, 5.7817e-5, 0.000466827)), (2, (3, 0.000289166, 6.1855e-5, 0.000351209))]), (19216, 14, 0.000867118, [(4, (0, 0.000566643, 2.9556e-5, 0.000596471)), (4, (1, 0.000655219, 9.4742e-5, 0.000750916)), (3, (2, 0.000803039, 4.1837e-5, 0.000845054)), (3, (3, 0.000444247, 5.5843e-5, 0.000500282))]), (19232, 16, 0.000807307, [(4, (0, 0.000651602, 2.0175e-5, 0.000671984)), (4, (1, 0.000659677, 9.1143e-5, 0.000751152)), (4, (2, 0.000650651, 3.1436e-5, 0.000682271)), (4, (3, 0.000667098, 9.1259e-5, 0.000758522))]), (19248, 15, 0.000731863, [(4, (0, 0.000618221, 2.4847e-5, 0.00064327)), (4, (1, 0.000649686, 5.7583e-5, 0.000707598)), (4, (2, 0.000609205, 3.7392e-5, 0.000646787)), (3, (3, 0.000472917, 5.8568e-5, 0.000531655))]), (19264, 14, 0.00068352, [(4, (0, 0.000623351, 1.7246e-5, 0.00064079)), (4, (1, 0.000507836, 4.0009e-5, 0.000548042)), (3, (2, 0.000495328, 2.9628e-5, 0.000525164)), (3, (3, 0.000601427, 4.505e-5, 0.000646663))]), (19280, 16, 0.001087984, [(4, (0, 0.000863828, 1.9281e-5, 0.000883305)), (4, (1, 0.001007804, 3.0931e-5, 0.001038918)), (4, (2, 0.000988668, 4.3355e-5, 0.001032373)), (4, (3, 0.000956622, 0.000117969, 0.001074792))]), (19296, 16, 0.000904646, [(4, (0, 0.000804754, 1.7871e-5, 0.00082281)), (4, (1, 0.000843223, 4.1017e-5, 0.000884431)), (4, (2, 0.000795444, 3.0018e-5, 0.000825645)), (4, (3, 0.000747614, 5.2803e-5, 0.000800707))]), (19312, 14, 0.0009421, [(4, (0, 0.000634894, 1.6661e-5, 0.000651749)), (4, (1, 0.000868961, 3.9418e-5, 0.000908561)), (3, (2, 0.000646399, 2.8253e-5, 0.000674832)), (3, (3, 0.000640164, 4.5136e-5, 0.000685486))]), (19328, 16, 0.00120136, [(4, (0, 0.000831992, 1.9532e-5, 0.000851721)), (4, (1, 0.000978831, 0.000141089, 0.001120183)), (4, (2, 0.000952152, 8.9773e-5, 0.001042213)), (4, (3, 0.00086219, 0.000131412, 0.000993998))]), (19344, 16, 0.001046656, [(4, (0, 0.001007533, 1.8513e-5, 0.001026418)), (4, (1, 0.00095866, 7.3622e-5, 0.001032652)), (4, (2, 0.000898469, 4.4993e-5, 0.000943776)), (4, (3, 0.000841857, 5.9017e-5, 0.000901104))]), (19360, 16, 0.001008265, [(4, (0, 0.000723267, 2.3889e-5, 0.000747409)), (4, (1, 0.000773461, 5.3996e-5, 0.000827698)), (4, (2, 0.000757322, 3.6887e-5, 0.000794406)), (4, (3, 0.000910248, 5.7201e-5, 0.00096768))]), (19376, 16, 0.000848006, [(4, (0, 0.000705513, 1.7707e-5, 0.000723435)), (4, (1, 0.000636608, 8.1967e-5, 0.000718823)), (4, (2, 0.000655171, 3.1371e-5, 0.000686848)), (4, (3, 0.000722732, 8.5978e-5, 0.000809108))]), (19392, 13, 0.000609292, [(4, (0, 0.000588524, 1.9695e-5, 0.000608455)), (3, (1, 0.000534504, 3.4114e-5, 0.000568798)), (3, (2, 0.000481427, 5.8016e-5, 0.000539647)), (3, (3, 0.000493529, 6.6142e-5, 0.000559951))]), (19408, 11, 0.000635928, [(3, (0, 0.000405863, 1.6404e-5, 0.000422471)), (3, (1, 0.000414443, 9.059e-5, 0.000505297)), (3, (2, 0.000542053, 7.0747e-5, 0.000612989)), (2, (3, 0.000304936, 8.5355e-5, 0.000390546))]), (19424, 16, 0.000749342, [(4, (0, 0.000676959, 1.1508e-5, 0.000688634)), (4, (1, 0.000630914, 7.0516e-5, 0.000701678)), (4, (2, 0.000661406, 5.8208e-5, 0.000719987)), (4, (3, 0.000661636, 6.3951e-5, 0.000725743))]), (19440, 11, 0.000677535, [(3, (0, 0.000529357, 1.7219e-5, 0.00054678)), (3, (1, 0.000626518, 2.5664e-5, 0.000652386)), (3, (2, 0.000569503, 5.7041e-5, 0.000626738)), (2, (3, 0.000304416, 6.1194e-5, 0.00036578))]), (19456, 11, 0.000803216, [(3, (0, 0.000717273, 7.574e-6, 0.000725013)), (3, (1, 0.000746843, 3.5558e-5, 0.000782606)), (3, (2, 0.000770502, 2.3128e-5, 0.000793795)), (2, (3, 0.000488569, 4.0892e-5, 0.00052965))]), (19472, 15, 0.000839868, [(4, (0, 0.000753586, 1.8485e-5, 0.000772264)), (4, (1, 0.000777085, 4.2085e-5, 0.000819344)), (4, (2, 0.000740941, 3.0663e-5, 0.000771798)), (3, (3, 0.000622997, 4.7437e-5, 0.000670626))]), (19488, 12, 0.000881458, [(3, (0, 0.000672559, 1.7285e-5, 0.000690058)), (3, (1, 0.000818031, 4.0578e-5, 0.000858788)), (3, (2, 0.000668649, 2.9004e-5, 0.000697818)), (3, (3, 0.000504548, 4.5684e-5, 0.000550409))]), (19504, 14, 0.000826479, [(4, (0, 0.00066636, 1.2747e-5, 0.000679277)), (4, (1, 0.00074391, 6.1302e-5, 0.000805405)), (3, (2, 0.000628294, 5.2337e-5, 0.000681016)), (3, (3, 0.000578466, 0.000105423, 0.000684169))]), (19520, 14, 0.000800558, [(4, (0, 0.000572174, 1.9846e-5, 0.000592221)), (4, (1, 0.000735068, 4.2907e-5, 0.00077817)), (3, (2, 0.000664918, 3.1914e-5, 0.00069702)), (3, (3, 0.000523831, 5.236e-5, 0.000576411))]), (19536, 13, 0.000786517, [(4, (0, 0.000566946, 2.1014e-5, 0.00058815)), (3, (1, 0.000586303, 5.3676e-5, 0.000640761)), (3, (2, 0.000474148, 3.3261e-5, 0.00050758)), (3, (3, 0.000701686, 4.4867e-5, 0.000746751))]), (19552, 15, 0.001052257, [(4, (0, 0.000681107, 2.4386e-5, 0.000705708)), (4, (1, 0.000970211, 5.6981e-5, 0.001027409)), (4, (2, 0.000918087, 3.7368e-5, 0.000955663)), (3, (3, 0.000552677, 9.8616e-5, 0.000652075))]), (19568, 11, 0.000858929, [(3, (0, 0.000603121, 2.2068e-5, 0.000625392)), (3, (1, 0.000738472, 9.344e-5, 0.000832106)), (3, (2, 0.000623588, 3.7867e-5, 0.000661672)), (2, (3, 0.00050281, 0.000142339, 0.000645515))]), (19584, 9, 0.000600145, [(3, (0, 0.000526601, 1.9686e-5, 0.000546494)), (2, (1, 0.000286718, 6.7029e-5, 0.000354457)), (2, (2, 0.000507278, 3.2214e-5, 0.000539678)), (2, (3, 0.00051042, 4.2847e-5, 0.000553468))]), (19600, 16, 0.000944802, [(4, (0, 0.000520209, 2.3712e-5, 0.000544149)), (4, (1, 0.000711469, 4.7997e-5, 0.000759644)), (4, (2, 0.000611832, 3.5972e-5, 0.000648012)), (4, (3, 0.000688555, 0.00021879, 0.000907647))]), (19616, 14, 0.000901108, [(4, (0, 0.000879988, 2.0198e-5, 0.000900391)), (4, (1, 0.000721868, 0.000139946, 0.000862125)), (3, (2, 0.000454233, 3.314e-5, 0.000487548)), (3, (3, 0.000491487, 9.0436e-5, 0.000582097))]), (19632, 15, 0.000806825, [(4, (0, 0.000776375, 1.7235e-5, 0.00079382)), (4, (1, 0.000710073, 8.7461e-5, 0.000797715)), (4, (2, 0.000696251, 3.1849e-5, 0.00073194)), (3, (3, 0.000540482, 0.000134394, 0.000675132))]), (19648, 6, 0.000681354, [(2, (0, 0.000295703, 1.7815e-5, 0.00031371)), (2, (1, 0.000617444, 3.4138e-5, 0.000651851)), (1, (2, 0.00013925, 3.0781e-5, 0.0001702)), (1, (3, 0.000185727, 7.4401e-5, 0.000260343))]), (19664, 12, 0.000855826, [(3, (0, 0.000556993, 1.9552e-5, 0.000576746)), (3, (1, 0.000728806, 8.7719e-5, 0.000816722)), (3, (2, 0.000772066, 3.6579e-5, 0.000808836)), (3, (3, 0.000724573, 9.2414e-5, 0.000817177))]), (19680, 12, 0.000734426, [(3, (0, 0.000577666, 2.5905e-5, 0.000603772)), (3, (1, 0.000592513, 0.000115189, 0.00070791)), (3, (2, 0.000491872, 3.9059e-5, 0.00053114)), (3, (3, 0.000458696, 0.000118008, 0.000576908))]), (19696, 12, 0.000592662, [(3, (0, 0.000517895, 2.2038e-5, 0.000540154)), (3, (1, 0.00046668, 0.00010234, 0.000569216)), (3, (2, 0.000466179, 7.7062e-5, 0.000543448)), (3, (3, 0.000441301, 9.3495e-5, 0.000535008))]), (19712, 15, 0.001153702, [(4, (0, 0.00091247, 2.0734e-5, 0.000933602)), (4, (1, 0.001071321, 4.8713e-5, 0.001120334)), (4, (2, 0.001000236, 3.6384e-5, 0.001036829)), (3, (3, 0.00059539, 5.3921e-5, 0.000649512))]), (19728, 16, 0.001122567, [(4, (0, 0.000609762, 2.2656e-5, 0.000632661)), (4, (1, 0.000669901, 5.4992e-5, 0.000725068)), (4, (2, 0.001010266, 4.5959e-5, 0.001056478)), (4, (3, 0.000774643, 6.2051e-5, 0.000836895))]), (19744, 16, 0.000771092, [(4, (0, 0.00055042, 2.4707e-5, 0.000575332)), (4, (1, 0.000632098, 5.7292e-5, 0.0006897)), (4, (2, 0.000596131, 7.3266e-5, 0.000669612)), (4, (3, 0.000603034, 8.3318e-5, 0.000686646))]), (19760, 15, 0.000957737, [(4, (0, 0.000935937, 2.0737e-5, 0.000956886)), (4, (1, 0.000873432, 2.8884e-5, 0.000902569)), (4, (2, 0.000825416, 5.1583e-5, 0.000877296)), (3, (3, 0.000701002, 5.3502e-5, 0.000754724))]), (19776, 16, 0.001508743, [(4, (0, 0.000757081, 2.0329e-5, 0.000777625)), (4, (1, 0.000860477, 7.4499e-5, 0.000935409)), (4, (2, 0.000808549, 4.8021e-5, 0.000856857)), (4, (3, 0.00133545, 8.5503e-5, 0.001421374))]), (19792, 15, 0.000940053, [(4, (0, 0.000795352, 1.1861e-5, 0.000807399)), (4, (1, 0.000865136, 4.3549e-5, 0.000908993)), (4, (2, 0.000827426, 2.1408e-5, 0.000849033)), (3, (3, 0.000574101, 9.7466e-5, 0.000671867))]), (19808, 15, 0.000919122, [(4, (0, 0.000849228, 1.8538e-5, 0.000868004)), (4, (1, 0.000851024, 4.556e-5, 0.000896826)), (4, (2, 0.000815059, 3.5298e-5, 0.000850636)), (3, (3, 0.000662448, 5.2951e-5, 0.0007156))]), (19824, 15, 0.001228126, [(4, (0, 0.000656602, 1.8353e-5, 0.000675198)), (4, (1, 0.00086878, 4.5493e-5, 0.000914627)), (4, (2, 0.00116462, 3.2129e-5, 0.001197045)), (3, (3, 0.000567358, 5.1797e-5, 0.000619367))]), (19840, 16, 0.001001143, [(4, (0, 0.000756956, 2.0979e-5, 0.000778152)), (4, (1, 0.000806165, 9.8861e-5, 0.000905631)), (4, (2, 0.000792969, 6.9786e-5, 0.000863004)), (4, (3, 0.000873346, 8.1529e-5, 0.000955115))]), (19856, 15, 0.001023069, [(4, (0, 0.000843406, 1.8299e-5, 0.000861956)), (4, (1, 0.000926835, 7.0169e-5, 0.000997232)), (4, (2, 0.000896839, 8.7562e-5, 0.000984637)), (3, (3, 0.000656598, 8.7417e-5, 0.00074422))]), (19872, 16, 0.001601587, [(4, (0, 0.000831415, 2.0902e-5, 0.000852526)), (4, (1, 0.001485216, 4.746e-5, 0.001532948)), (4, (2, 0.00080014, 3.8365e-5, 0.000838821)), (4, (3, 0.000794058, 7.829e-5, 0.000872952))]), (19888, 14, 0.001009812, [(4, (0, 0.000907507, 2.2517e-5, 0.000930251)), (4, (1, 0.000901589, 7.9123e-5, 0.000981062)), (3, (2, 0.000675244, 5.2197e-5, 0.000727678)), (3, (3, 0.000764182, 8.4848e-5, 0.000849359))]), (19904, 16, 0.001599349, [(4, (0, 0.000807903, 2.2045e-5, 0.000830187)), (4, (1, 0.001522053, 5.1239e-5, 0.001573544)), (4, (2, 0.000857132, 3.719e-5, 0.000894585)), (4, (3, 0.000818811, 5.8535e-5, 0.000877596))]), (19920, 1, 0.000157868, [(1, (0, 0.000141497, 1.561e-5, 0.000157343)), (0, (1, 5e-8, 2.9755e-5, 2.9896e-5)), (0, (2, 1.71e-7, 2.8367e-5, 2.8741e-5)), (0, (3, 4.9e-8, 2.9134e-5, 2.9275e-5))]), (19936, 8, 0.000454563, [(2, (0, 0.000434944, 1.8698e-5, 0.00045385)), (2, (1, 0.000348303, 4.6512e-5, 0.000395106)), (2, (2, 0.000335307, 3.2184e-5, 0.000367706)), (2, (3, 0.000324117, 4.829e-5, 0.000372614))]), (19952, 16, 0.001166116, [(4, (0, 0.000771748, 1.8415e-5, 0.000790365)), (4, (1, 0.00087458, 5.6997e-5, 0.000931813)), (4, (2, 0.001077665, 4.0786e-5, 0.001118852)), (4, (3, 0.00077494, 5.1247e-5, 0.000826389))]), (19968, 11, 0.00075899, [(3, (0, 0.000483173, 1.7128e-5, 0.000500507)), (3, (1, 0.000649805, 9.615e-5, 0.000746206)), (3, (2, 0.000609497, 3.9051e-5, 0.000648845)), (2, (3, 0.000615806, 9.4911e-5, 0.000711069))]), (19984, 14, 0.000853258, [(4, (0, 0.000658216, 1.9913e-5, 0.000678378)), (4, (1, 0.000771254, 4.7291e-5, 0.000818775)), (3, (2, 0.000775619, 3.5283e-5, 0.000811138)), (3, (3, 0.000433794, 5.1785e-5, 0.000485793))]), (20000, 16, 0.000815154, [(4, (0, 0.000582417, 1.887e-5, 0.000601542)), (4, (1, 0.000645711, 6.0534e-5, 0.000706605)), (4, (2, 0.000754635, 3.5557e-5, 0.000790423)), (4, (3, 0.000750344, 4.6721e-5, 0.000797234))]), (20016, 15, 0.000819574, [(4, (0, 0.00060813, 2.8319e-5, 0.000636697)), (4, (1, 0.000655691, 6.7641e-5, 0.000723558)), (4, (2, 0.000638613, 4.4272e-5, 0.000683151)), (3, (3, 0.000728297, 5.2554e-5, 0.000781032))]), (20032, 6, 0.000564035, [(2, (0, 0.000502737, 2.0085e-5, 0.000523049)), (2, (1, 0.000454983, 3.1687e-5, 0.00048689)), (1, (2, 0.000503686, 3.7981e-5, 0.000541871)), (1, (3, 0.000343766, 5.1387e-5, 0.000395341))]), (20048, 12, 0.000797676, [(3, (0, 0.000447731, 1.8589e-5, 0.000466528)), (3, (1, 0.000477926, 8.442e-5, 0.000562679)), (3, (2, 0.000447113, 3.2348e-5, 0.000482091)), (3, (3, 0.000676084, 8.7222e-5, 0.000763517))]), (20064, 15, 0.001052261, [(4, (0, 0.000826651, 2.0421e-5, 0.00084727)), (4, (1, 0.00086396, 3.1623e-5, 0.000895774)), (4, (2, 0.000985858, 4.4801e-5, 0.00103085)), (3, (3, 0.000772904, 9.1304e-5, 0.000864898))]), (20080, 13, 0.000727211, [(4, (0, 0.000705119, 2.1176e-5, 0.0007265)), (3, (1, 0.000537946, 3.2505e-5, 0.000570631)), (3, (2, 0.000489877, 4.4672e-5, 0.000534766)), (3, (3, 0.000470172, 4.9001e-5, 0.000519351))]), (20096, 12, 0.000692409, [(3, (0, 0.000469181, 1.8244e-5, 0.000487622)), (3, (1, 0.000621144, 4.9802e-5, 0.000671148)), (3, (2, 0.00050874, 3.4938e-5, 0.000543941)), (3, (3, 0.000464306, 4.4689e-5, 0.000509214))]), (20112, 15, 0.000644926, [(4, (0, 0.000627392, 1.6669e-5, 0.000644249)), (4, (1, 0.000584391, 4.17e-5, 0.000626281)), (4, (2, 0.000586777, 2.9287e-5, 0.000616232)), (3, (3, 0.000518271, 4.7302e-5, 0.000565761))]), (20128, 16, 0.001097926, [(4, (0, 0.000774625, 1.8478e-5, 0.000793297)), (4, (1, 0.000803501, 4.3292e-5, 0.000846987)), (4, (2, 0.000803576, 3.0563e-5, 0.00083435)), (4, (3, 0.000993933, 6.5145e-5, 0.00105952))]), (20144, 16, 0.000914005, [(4, (0, 0.000681757, 1.7923e-5, 0.000699866)), (4, (1, 0.000845882, 4.6186e-5, 0.000892265)), (4, (2, 0.000646385, 2.9522e-5, 0.000676095)), (4, (3, 0.00074312, 4.1021e-5, 0.000784326))]), (20160, 13, 0.000619453, [(4, (0, 0.000550579, 2.0974e-5, 0.000571752)), (3, (1, 0.000549708, 4.9268e-5, 0.000599175)), (3, (2, 0.000475389, 3.236e-5, 0.000507944)), (3, (3, 0.000452116, 4.3803e-5, 0.00049611))]), (20176, 16, 0.001088638, [(4, (0, 0.000555416, 1.711e-5, 0.000572731)), (4, (1, 0.000570911, 4.5499e-5, 0.000616588)), (4, (2, 0.000991635, 2.8633e-5, 0.001020467)), (4, (3, 0.000611772, 4.0094e-5, 0.000652043))]), (20192, 14, 0.000844535, [(4, (0, 0.000648671, 1.8564e-5, 0.000667443)), (4, (1, 0.000731102, 3.3544e-5, 0.000764845)), (3, (2, 0.000496365, 4.3977e-5, 0.00054054)), (3, (3, 0.000718354, 6.5844e-5, 0.00078466))]), (20208, 16, 0.001629639, [(4, (0, 0.000991777, 2.4198e-5, 0.001016175)), (4, (1, 0.00154224, 6.4415e-5, 0.001606869)), (4, (2, 0.001212338, 3.5887e-5, 0.001248416)), (4, (3, 0.001330158, 5.8998e-5, 0.0013894))]), (20224, 13, 0.001144274, [(4, (0, 0.001124603, 1.8644e-5, 0.001143434)), (3, (1, 0.001056573, 4.4235e-5, 0.001101005)), (3, (2, 0.00079285, 3.0368e-5, 0.000823395)), (3, (3, 0.000795256, 4.9105e-5, 0.000844544))]), (20240, 13, 0.001382925, [(4, (0, 0.00080124, 2.1496e-5, 0.000822951)), (3, (1, 0.001273899, 8.2073e-5, 0.001356186)), (3, (2, 0.000491761, 6.9076e-5, 0.000561016)), (3, (3, 0.001043647, 0.000121586, 0.001166007))]), (20256, 16, 0.001005138, [(4, (0, 0.000733545, 1.8915e-5, 0.000752658)), (4, (1, 0.00086835, 3.2236e-5, 0.000900798)), (4, (2, 0.000820868, 4.5889e-5, 0.000866937)), (4, (3, 0.000893311, 7.2633e-5, 0.000966566))]), (20272, 0, 1.6265e-5, [(0, (0, 1.26e-7, 1.4193e-5, 1.4554e-5)), (0, (1, 8.2e-8, 1.5009e-5, 1.5184e-5)), (0, (2, 5e-8, 1.5413e-5, 1.5555e-5)), (0, (3, 4.9e-8, 1.5665e-5, 1.5807e-5))]), (20288, 11, 0.000939513, [(3, (0, 0.000853946, 1.8003e-5, 0.000872149)), (3, (1, 0.000797596, 0.000110286, 0.000908188)), (3, (2, 0.000664083, 6.1959e-5, 0.000726244)), (2, (3, 0.000414575, 7.9239e-5, 0.000494073))]), (20304, 15, 0.001299778, [(4, (0, 0.000806923, 2.044e-5, 0.000827546)), (4, (1, 0.001165625, 7.1093e-5, 0.001237045)), (4, (2, 0.001052746, 3.2878e-5, 0.001085828)), (3, (3, 0.000778772, 0.000108089, 0.000887171))]), (20320, 15, 0.001773535, [(4, (0, 0.001399093, 1.7655e-5, 0.001416973)), (4, (1, 0.001542438, 2.8882e-5, 0.001571533)), (4, (2, 0.001708064, 4.1462e-5, 0.001749751)), (3, (3, 0.001057675, 9.1907e-5, 0.001149859))]), (20336, 12, 0.000968229, [(3, (0, 0.000709731, 1.9728e-5, 0.000729652)), (3, (1, 0.000550637, 9.7757e-5, 0.000648609)), (3, (2, 0.000901802, 3.4572e-5, 0.000936553)), (3, (3, 0.000801473, 0.000141866, 0.000943651))]), (20352, 15, 0.001867422, [(4, (0, 0.001448912, 1.246e-5, 0.001461531)), (4, (1, 0.001786724, 2.9272e-5, 0.001816185)), (4, (2, 0.001514101, 1.8209e-5, 0.001532636)), (3, (3, 0.001374698, 9.0163e-5, 0.001465193))]), (20368, 6, 0.000458847, [(2, (0, 0.00027092, 1.8128e-5, 0.000289296)), (2, (1, 0.000390956, 4.391e-5, 0.000435139)), (1, (2, 0.000145579, 2.9329e-5, 0.000175075)), (1, (3, 0.000142243, 0.000111543, 0.000257296))]), (20384, 5, 0.000603977, [(2, (0, 0.000592851, 1.031e-5, 0.000603318)), (1, (1, 0.00017467, 6.3712e-5, 0.000238592)), (1, (2, 0.00015621, 4.8606e-5, 0.000205072)), (1, (3, 0.000156491, 5.6723e-5, 0.000213427))]), (20400, 15, 0.001723565, [(4, (0, 0.001341178, 2.2426e-5, 0.001363829)), (4, (1, 0.001224978, 7.4434e-5, 0.001299646)), (4, (2, 0.001641627, 5.586e-5, 0.001697792)), (3, (3, 0.000893265, 7.2781e-5, 0.000966269))]), (20416, 15, 0.001311117, [(4, (0, 0.001198479, 1.9455e-5, 0.001218123)), (4, (1, 0.001170042, 0.000112861, 0.001283226)), (4, (2, 0.000821428, 3.2327e-5, 0.000853922)), (3, (3, 0.000757256, 0.00015342, 0.000910948))]), (20432, 11, 0.001035137, [(3, (0, 0.001023342, 1.106e-5, 0.001034551)), (3, (1, 0.000628168, 6.4902e-5, 0.000693232)), (3, (2, 0.000861128, 1.2364e-5, 0.000873672)), (2, (3, 0.000432121, 0.000105932, 0.000538281))]), (20448, 16, 0.001849817, [(4, (0, 0.001611311, 1.9593e-5, 0.001631103)), (4, (1, 0.00154256, 0.000161403, 0.001704266)), (4, (2, 0.001184107, 3.2781e-5, 0.001217065)), (4, (3, 0.001537672, 0.000264434, 0.001802411))]), (20464, 6, 0.000767934, [(2, (0, 0.000744507, 2.2443e-5, 0.00076719)), (2, (1, 0.000310448, 4.7843e-5, 0.000358463)), (1, (2, 0.000149195, 3.2893e-5, 0.000182275)), (1, (3, 0.000143503, 0.000102449, 0.000246266))]), (20480, 4, 0.000284571, [(1, (0, 0.000148346, 1.6485e-5, 0.000165041)), (1, (1, 0.000145859, 8.0679e-5, 0.000226727)), (1, (2, 0.000153168, 7.0691e-5, 0.000224053)), (1, (3, 0.000128951, 0.000133906, 0.000263139))]), (20496, 16, 0.001829889, [(4, (0, 0.001500135, 2.1345e-5, 0.001521697)), (4, (1, 0.001753677, 5.3978e-5, 0.0018079)), (4, (2, 0.001497229, 4.6224e-5, 0.001543703)), (4, (3, 0.001448999, 0.00010793, 0.001557255))]), (20512, 16, 0.001229231, [(4, (0, 0.001200467, 1.8585e-5, 0.00121923)), (4, (1, 0.000899171, 0.000196382, 0.001095874)), (4, (2, 0.001015114, 3.2169e-5, 0.001047505)), (4, (3, 0.001082887, 0.000122726, 0.001205931))]), (20528, 16, 0.000870862, [(4, (0, 0.000515539, 1.5198e-5, 0.000530971)), (4, (1, 0.00082032, 2.7935e-5, 0.000848434)), (4, (2, 0.000549982, 4.6106e-5, 0.000596374)), (4, (3, 0.000532964, 0.000196675, 0.000729959))]), (20544, 16, 0.000897385, [(4, (0, 0.000632378, 2.1522e-5, 0.000654094)), (4, (1, 0.000538082, 8.9211e-5, 0.000627514)), (4, (2, 0.000845088, 3.2299e-5, 0.000877578)), (4, (3, 0.000680689, 8.8364e-5, 0.000769347))]), (20560, 16, 0.001155395, [(4, (0, 0.00070333, 1.5639e-5, 0.000719165)), (4, (1, 0.000981376, 0.000145462, 0.001127266)), (4, (2, 0.000948266, 2.7055e-5, 0.000975503)), (4, (3, 0.000920253, 0.000145864, 0.001066361))]), (20576, 12, 0.00138742, [(3, (0, 0.000840331, 2.4811e-5, 0.00086535)), (3, (1, 0.001168502, 0.000191787, 0.00136105)), (3, (2, 0.000877006, 4.0506e-5, 0.000917709)), (3, (3, 0.000999998, 0.000184668, 0.001184885))]), (20592, 10, 0.001275278, [(3, (0, 0.001252939, 2.1167e-5, 0.001274322)), (3, (1, 0.000568279, 0.000169137, 0.000737754)), (2, (2, 0.000635091, 3.3796e-5, 0.000669072)), (2, (3, 0.000335593, 0.000168907, 0.000504694))]), (20608, 16, 0.00145566, [(4, (0, 0.000972875, 2.0891e-5, 0.000993953)), (4, (1, 0.001101393, 0.000138093, 0.001240576)), (4, (2, 0.001344171, 4.1213e-5, 0.00138561)), (4, (3, 0.001351904, 5.9806e-5, 0.001412058))]), (20624, 13, 0.000942856, [(4, (0, 0.000920256, 2.1442e-5, 0.000941949)), (3, (1, 0.000645111, 3.4347e-5, 0.000679727)), (3, (2, 0.000492066, 4.9338e-5, 0.000541715)), (3, (3, 0.000617984, 5.4087e-5, 0.000672433))]), (20640, 10, 0.000697805, [(3, (0, 0.000546999, 2.4429e-5, 0.000571662)), (3, (1, 0.000571923, 0.000100862, 0.000673024)), (2, (2, 0.000406451, 4.1689e-5, 0.000448381)), (2, (3, 0.000432408, 0.000140638, 0.000573917))]), (20656, 5, 0.000751546, [(2, (0, 0.00073116, 1.9604e-5, 0.000750944)), (1, (1, 0.000183584, 3.7406e-5, 0.000221308)), (1, (2, 0.000176251, 5.0308e-5, 0.000226722)), (1, (3, 0.000136619, 5.4548e-5, 0.000191345))]), (20672, 14, 0.000831492, [(4, (0, 0.000713304, 2.4966e-5, 0.000738466)), (4, (1, 0.000702894, 0.000103099, 0.000806619)), (3, (2, 0.000446452, 4.3897e-5, 0.000490761)), (3, (3, 0.000422654, 0.000113024, 0.000536157))]), (20688, 15, 0.000935512, [(4, (0, 0.000910742, 2.3866e-5, 0.000934796)), (4, (1, 0.000690101, 5.6647e-5, 0.000747087)), (4, (2, 0.000701205, 6.5592e-5, 0.000767004)), (3, (3, 0.000437417, 8.0669e-5, 0.000518413))]), (20704, 16, 0.000897457, [(4, (0, 0.000686583, 1.6273e-5, 0.000703058)), (4, (1, 0.000715607, 9.1126e-5, 0.000806973)), (4, (2, 0.000794243, 7.7693e-5, 0.000872145)), (4, (3, 0.000760463, 8.3062e-5, 0.000843794))]), (20720, 16, 0.001053399, [(4, (0, 0.000778932, 1.8955e-5, 0.000798091)), (4, (1, 0.000853531, 9.19e-5, 0.000945793)), (4, (2, 0.000928936, 7.5579e-5, 0.001004722)), (4, (3, 0.000801254, 8.6955e-5, 0.00088842))]), (20736, 16, 0.00166834, [(4, (0, 0.00136695, 2.1503e-5, 0.001388685)), (4, (1, 0.001521677, 4.9324e-5, 0.001571213)), (4, (2, 0.001554246, 3.3355e-5, 0.00158782)), (4, (3, 0.001539632, 8.6218e-5, 0.001626565))]), (20752, 15, 0.001265212, [(4, (0, 0.001091131, 2.1806e-5, 0.001113179)), (4, (1, 0.001188784, 4.9517e-5, 0.001238553)), (4, (2, 0.00116334, 3.2925e-5, 0.001196457)), (3, (3, 0.000857945, 4.5078e-5, 0.000903194))]), (20768, 14, 0.001664101, [(4, (0, 0.001356676, 1.9334e-5, 0.001376327)), (4, (1, 0.001583143, 4.7851e-5, 0.001631187)), (3, (2, 0.000914529, 3.0662e-5, 0.000945378)), (3, (3, 0.00118683, 4.3978e-5, 0.001231052))]), (20784, 16, 0.002084813, [(4, (0, 0.001949653, 1.1165e-5, 0.001961018)), (4, (1, 0.002008856, 5.0843e-5, 0.00205992)), (4, (2, 0.002013023, 3.6681e-5, 0.002050112)), (4, (3, 0.001649262, 5.3591e-5, 0.001703111))]), (20800, 13, 0.001083594, [(4, (0, 0.00106533, 1.735e-5, 0.001082922)), (3, (1, 0.00094445, 4.3578e-5, 0.000988273)), (3, (2, 0.000954943, 3.0578e-5, 0.000985741)), (3, (3, 0.000730506, 5.15e-5, 0.000782191))]), (20816, 16, 0.001884907, [(4, (0, 0.001151244, 1.6596e-5, 0.001168041)), (4, (1, 0.001682521, 0.000140922, 0.001823844)), (4, (2, 0.001329137, 6.9848e-5, 0.00139919)), (4, (3, 0.001236225, 0.000183296, 0.001419833))]), (20832, 14, 0.001211692, [(4, (0, 0.001056834, 1.9865e-5, 0.001076898)), (4, (1, 0.001162655, 2.6991e-5, 0.001189845)), (3, (2, 0.000923347, 4.2826e-5, 0.000966389)), (3, (3, 0.000943327, 9.3054e-5, 0.001036779))]), (20848, 14, 0.001456496, [(4, (0, 0.001011102, 9.252e-6, 0.001020529)), (4, (1, 0.001314448, 7.4473e-5, 0.001389146)), (3, (2, 0.000989983, 6.121e-5, 0.001054688)), (3, (3, 0.000955929, 6.757e-5, 0.001023692))]), (20864, 16, 0.001996029, [(4, (0, 0.001588077, 1.1455e-5, 0.001599709)), (4, (1, 0.001858523, 0.00011384, 0.001972599)), (4, (2, 0.001723205, 1.7194e-5, 0.001740598)), (4, (3, 0.001316263, 7.0695e-5, 0.001387135))]), (20880, 16, 0.001335883, [(4, (0, 0.000988605, 2.4952e-5, 0.001013768)), (4, (1, 0.00113768, 3.8484e-5, 0.001176373)), (4, (2, 0.001163112, 4.9299e-5, 0.001212617)), (4, (3, 0.001199626, 9.5864e-5, 0.001296029))]), (20896, 14, 0.00188958, [(4, (0, 0.00158491, 2.3183e-5, 0.001608321)), (4, (1, 0.001832008, 3.5845e-5, 0.001868067)), (3, (2, 0.001379706, 4.7509e-5, 0.001427432)), (3, (3, 0.001185239, 0.00011791, 0.001303428))]), (20912, 13, 0.001027357, [(4, (0, 0.001011944, 1.4427e-5, 0.001026559)), (3, (1, 0.000629541, 4.6151e-5, 0.000675905)), (3, (2, 0.000585985, 2.623e-5, 0.000612408)), (3, (3, 0.000678195, 4.1918e-5, 0.000720315))]), (20928, 8, 0.000829684, [(2, (0, 0.000634641, 1.8077e-5, 0.000652915)), (2, (1, 0.000585196, 0.000214, 0.000799518)), (2, (2, 0.000488004, 4.0902e-5, 0.000529599)), (2, (3, 0.000495788, 0.000182332, 0.000678428))]), (20944, 13, 0.00110238, [(4, (0, 0.000964016, 1.8601e-5, 0.00098282)), (3, (1, 0.000846274, 3.0755e-5, 0.000877215)), (3, (2, 0.000785579, 0.000198224, 0.000984117)), (3, (3, 0.000856835, 0.000204667, 0.001061725))]), (20960, 14, 0.001558658, [(4, (0, 0.001044934, 1.9079e-5, 0.001064232)), (4, (1, 0.001508769, 2.5585e-5, 0.001534542)), (3, (2, 0.000999622, 6.9564e-5, 0.001069489)), (3, (3, 0.001190332, 0.000117918, 0.001308594))]), (20976, 16, 0.002336809, [(4, (0, 0.001691715, 1.7839e-5, 0.001709857)), (4, (1, 0.001834987, 4.181e-5, 0.001877002)), (4, (2, 0.002096462, 2.9909e-5, 0.002126561)), (4, (3, 0.00219832, 7.8011e-5, 0.002277427))]), (20992, 13, 0.001237041, [(4, (0, 0.001032472, 4.1453e-5, 0.001095021)), (3, (1, 0.000702269, 7.1744e-5, 0.000774211)), (3, (2, 0.001111391, 5.9114e-5, 0.001170842)), (3, (3, 0.000788223, 6.7206e-5, 0.000855619))]), (21008, 16, 0.000687508, [(4, (0, 0.000487349, 0.000101296, 0.000588849)), (4, (1, 0.000554117, 0.00010797, 0.000662308)), (4, (2, 0.000533111, 2.2238e-5, 0.000555555)), (4, (3, 0.000541496, 3.9149e-5, 0.000580885))]), (21024, 12, 0.001910703, [(3, (0, 0.001142629, 2.4916e-5, 0.001167775)), (3, (1, 0.001801654, 4.9488e-5, 0.001851357)), (3, (2, 0.001348206, 3.7383e-5, 0.001385778)), (3, (3, 0.001810513, 5.6584e-5, 0.001867333))]), (21040, 8, 0.001849328, [(2, (0, 0.001828894, 1.905e-5, 0.0018482)), (2, (1, 0.0014675, 5.0935e-5, 0.00151862)), (2, (2, 0.001086782, 3.8804e-5, 0.001125793)), (2, (3, 0.00103482, 5.7186e-5, 0.001092391))]), (21056, 14, 0.002979095, [(4, (0, 0.002830255, 2.5582e-5, 0.002856025)), (4, (1, 0.002763886, 0.000175578, 0.002939811)), (3, (2, 0.001935982, 4.6821e-5, 0.001983177)), (3, (3, 0.001500087, 0.000224068, 0.001724523))]), (21072, 16, 0.001040743, [(4, (0, 0.001022083, 1.7729e-5, 0.001040014)), (4, (1, 0.000773019, 0.000120392, 0.000893761)), (4, (2, 0.000739089, 2.8833e-5, 0.000768173)), (4, (3, 0.000682045, 0.000127068, 0.00080943))]), (21088, 16, 0.001063164, [(4, (0, 0.000698705, 1.935e-5, 0.000718265)), (4, (1, 0.000920137, 0.000107621, 0.001028079)), (4, (2, 0.000581981, 3.0973e-5, 0.000613149)), (4, (3, 0.00057079, 0.000147362, 0.000719088))]), (21104, 15, 0.000700555, [(4, (0, 0.000537513, 1.8504e-5, 0.000556213)), (4, (1, 0.000601519, 2.9837e-5, 0.000631562)), (4, (2, 0.000591172, 8.537e-5, 0.000676861)), (3, (3, 0.00043852, 0.000119093, 0.000558365))]), (21120, 14, 0.001160715, [(4, (0, 0.000966296, 2.5504e-5, 0.000992007)), (4, (1, 0.001028565, 0.000108766, 0.001137667)), (3, (2, 0.000702279, 3.7151e-5, 0.000739592)), (3, (3, 0.000847043, 0.000108986, 0.000956233))]), (21136, 14, 0.000844606, [(4, (0, 0.000750064, 1.641e-5, 0.000766661)), (4, (1, 0.00071488, 0.000101397, 0.000820111)), (3, (2, 0.00059225, 2.9117e-5, 0.000621564)), (3, (3, 0.000544859, 0.000102707, 0.000647843))]), (21152, 15, 0.001387276, [(4, (0, 0.000957263, 2.3922e-5, 0.000981378)), (4, (1, 0.000746532, 0.000124564, 0.000871417)), (4, (2, 0.00115455, 0.000152559, 0.001307438)), (3, (3, 0.000649641, 0.00018968, 0.000840206))]), (21168, 13, 0.001633053, [(4, (0, 0.001410522, 2.5406e-5, 0.001436167)), (3, (1, 0.001087333, 6.343e-5, 0.001151135)), (3, (2, 0.001082093, 4.2806e-5, 0.001125191)), (3, (3, 0.001423001, 0.00010507, 0.00152833))]), (21184, 16, 0.001940316, [(4, (0, 0.001543754, 2.3372e-5, 0.00156732)), (4, (1, 0.001678797, 9.2024e-5, 0.001771359)), (4, (2, 0.001874165, 3.7852e-5, 0.001912334)), (4, (3, 0.001407662, 8.931e-5, 0.00149727))]), (21200, 16, 0.00167027, [(4, (0, 0.001322339, 1.7937e-5, 0.001340479)), (4, (1, 0.001318421, 6.3708e-5, 0.001382457)), (4, (2, 0.001616442, 3.031e-5, 0.001646951)), (4, (3, 0.001459378, 6.5429e-5, 0.00152505))]), (21216, 16, 0.001440182, [(4, (0, 0.001166323, 2.2555e-5, 0.001189086)), (4, (1, 0.001278001, 0.000137916, 0.001416242)), (4, (2, 0.000986237, 3.4025e-5, 0.001020431)), (4, (3, 0.001047096, 0.000138407, 0.001185681))]), (21232, 15, 0.001032904, [(4, (0, 0.000599521, 2.2492e-5, 0.00062221)), (4, (1, 0.000874421, 0.000116613, 0.000991337)), (4, (2, 0.000748041, 3.42e-5, 0.000782426)), (3, (3, 0.000625355, 0.000153926, 0.000779481))]), (21248, 16, 0.001175813, [(4, (0, 0.000954313, 2.4039e-5, 0.000978544)), (4, (1, 0.000958769, 6.4003e-5, 0.001023117)), (4, (2, 0.000858948, 3.5181e-5, 0.000894317)), (4, (3, 0.001067885, 6.8496e-5, 0.001136589))]), (21264, 15, 0.001374091, [(4, (0, 0.000867649, 2.1529e-5, 0.000889383)), (4, (1, 0.001214149, 9.2713e-5, 0.001307154)), (4, (2, 0.000936191, 3.5023e-5, 0.000971416)), (3, (3, 0.00059507, 9.5218e-5, 0.000690503))]), (21280, 13, 0.000851047, [(4, (0, 0.00058903, 2.1803e-5, 0.000611001)), (3, (1, 0.000689232, 0.000136382, 0.000825952)), (3, (2, 0.000446228, 2.2281e-5, 0.000468697)), (3, (3, 0.00044246, 0.000172575, 0.000615236))]), (21296, 14, 0.000752698, [(4, (0, 0.000686666, 2.4849e-5, 0.000711707)), (4, (1, 0.00061082, 0.000116793, 0.000727917)), (3, (2, 0.000459653, 3.6594e-5, 0.00049643)), (3, (3, 0.000534963, 0.000151539, 0.000687198))]), (21312, 14, 0.000806393, [(4, (0, 0.000565129, 1.9329e-5, 0.000584648)), (4, (1, 0.000609409, 0.000139307, 0.000749065)), (3, (2, 0.000461237, 3.3386e-5, 0.000494806)), (3, (3, 0.00063219, 0.000141678, 0.000774087))]), (21328, 16, 0.000958178, [(4, (0, 0.000748283, 2.1283e-5, 0.000769768)), (4, (1, 0.000762916, 0.000144209, 0.000907283)), (4, (2, 0.000728027, 4.2673e-5, 0.000770902)), (4, (3, 0.000752126, 0.000143565, 0.000896023))]), (21344, 16, 0.000785064, [(4, (0, 0.000594186, 3.7064e-5, 0.000631453)), (4, (1, 0.000640797, 0.000132473, 0.000774847)), (4, (2, 0.000609999, 5.3347e-5, 0.000663541)), (4, (3, 0.000584648, 0.000144783, 0.000729767))]), (21360, 15, 0.000836641, [(4, (0, 0.00052522, 2.7952e-5, 0.000553381)), (4, (1, 0.000615805, 0.000105367, 0.000721364)), (4, (2, 0.000773583, 4.2089e-5, 0.000815892)), (3, (3, 0.000362517, 9.9481e-5, 0.000462228))]), (21376, 16, 0.00072562, [(4, (0, 0.000572261, 1.78e-5, 0.000590259)), (4, (1, 0.000661675, 4.2764e-5, 0.000704632)), (4, (2, 0.000593839, 2.9373e-5, 0.000623388)), (4, (3, 0.000600233, 4.8127e-5, 0.000648552))]), (21392, 15, 0.000788523, [(4, (0, 0.000768273, 1.9324e-5, 0.000787785)), (4, (1, 0.000637312, 4.2025e-5, 0.000679519)), (4, (2, 0.000621621, 3.0719e-5, 0.000652493)), (3, (3, 0.000564574, 4.7347e-5, 0.000612089))]), (21408, 12, 0.000964205, [(3, (0, 0.000747765, 1.9281e-5, 0.000767362)), (3, (1, 0.000664528, 0.000109009, 0.000773885)), (3, (2, 0.000699123, 3.8156e-5, 0.000737493)), (3, (3, 0.00071838, 0.000158072, 0.000876633))]), (21424, 15, 0.001031958, [(4, (0, 0.000763676, 2.2249e-5, 0.000786139)), (4, (1, 0.000843391, 4.7175e-5, 0.000890787)), (4, (2, 0.000974048, 3.3578e-5, 0.0010078)), (3, (3, 0.000764359, 5.0704e-5, 0.000815252))]), (21440, 14, 0.001080492, [(4, (0, 0.000826098, 2.5383e-5, 0.000851669)), (4, (1, 0.000868229, 0.000187975, 0.001056516)), (3, (2, 0.000779496, 3.674e-5, 0.000816412)), (3, (3, 0.000656866, 0.000188464, 0.000845493))]), (21456, 16, 0.001114931, [(4, (0, 0.000889177, 2.2653e-5, 0.00091201)), (4, (1, 0.001042479, 4.7198e-5, 0.001089883)), (4, (2, 0.001006012, 3.398e-5, 0.001040185)), (4, (3, 0.000979706, 5.1241e-5, 0.001031149))]), (21472, 14, 0.000975874, [(4, (0, 0.000829904, 1.8993e-5, 0.0008491)), (4, (1, 0.000836891, 0.000116617, 0.000953723)), (3, (2, 0.000710389, 3.5282e-5, 0.00074586)), (3, (3, 0.000727734, 0.000115251, 0.000843279))]), (21488, 15, 0.001176583, [(4, (0, 0.000954618, 1.1724e-5, 0.00096652)), (4, (1, 0.001111483, 4.2563e-5, 0.001154221)), (4, (2, 0.000931457, 3.3034e-5, 0.000964669)), (3, (3, 0.000758813, 4.8174e-5, 0.000807192))]), (21504, 15, 0.00089806, [(4, (0, 0.000639153, 2.0683e-5, 0.000660022)), (4, (1, 0.000689986, 4.412e-5, 0.000734307)), (4, (2, 0.000841355, 3.2451e-5, 0.000873979)), (3, (3, 0.000398379, 9.6862e-5, 0.000495918))]), (21520, 16, 0.000889632, [(4, (0, 0.000660748, 1.67e-5, 0.000677637)), (4, (1, 0.000768478, 4.0916e-5, 0.000809591)), (4, (2, 0.000840254, 2.7855e-5, 0.000868298)), (4, (3, 0.00069311, 4.5543e-5, 0.000738844))]), (21536, 15, 0.000775975, [(4, (0, 0.000699375, 1.9117e-5, 0.000718698)), (4, (1, 0.000713794, 4.1741e-5, 0.000755724)), (4, (2, 0.000683559, 3.0541e-5, 0.000714276)), (3, (3, 0.000629835, 4.6759e-5, 0.000676772))]), (21552, 14, 0.000761978, [(4, (0, 0.000510625, 1.3955e-5, 0.000524766)), (4, (1, 0.000673241, 6.0778e-5, 0.000734567)), (3, (2, 0.000425772, 2.5355e-5, 0.000451305)), (3, (3, 0.000417431, 3.7831e-5, 0.000455465))]), (21568, 15, 0.000632537, [(4, (0, 0.000584988, 1.7612e-5, 0.000602797)), (4, (1, 0.000557496, 2.9924e-5, 0.000587611)), (4, (2, 0.000525552, 8.8103e-5, 0.000613842)), (3, (3, 0.000360212, 9.4049e-5, 0.000454493))]), (21584, 14, 0.00085817, [(4, (0, 0.00063751, 1.8251e-5, 0.000655958)), (4, (1, 0.000784693, 5.1536e-5, 0.000836409)), (3, (2, 0.000538551, 4.1804e-5, 0.000580547)), (3, (3, 0.000563935, 5.6898e-5, 0.000621069))]), (21600, 15, 0.000944604, [(4, (0, 0.000735726, 1.7219e-5, 0.000753142)), (4, (1, 0.000851546, 7.1366e-5, 0.000923116)), (4, (2, 0.000709008, 5.2326e-5, 0.000761519)), (3, (3, 0.000568151, 6.3252e-5, 0.00063159))]), (21616, 15, 0.00080001, [(4, (0, 0.000560491, 1.5007e-5, 0.000575695)), (4, (1, 0.000587006, 3.7683e-5, 0.000624886)), (4, (2, 0.000752334, 2.7281e-5, 0.000779804)), (3, (3, 0.000593863, 8.9989e-5, 0.000684529))]), (21632, 15, 0.000893235, [(4, (0, 0.000648073, 1.6669e-5, 0.000664941)), (4, (1, 0.000737649, 3.8731e-5, 0.000776559)), (4, (2, 0.000827322, 2.8354e-5, 0.000855861)), (3, (3, 0.000616048, 4.6497e-5, 0.000662863))]), (21648, 15, 0.001027207, [(4, (0, 0.000955754, 2.2708e-5, 0.000978725)), (4, (1, 0.000824869, 4.6525e-5, 0.000871572)), (4, (2, 0.000967122, 3.4038e-5, 0.001001327)), (3, (3, 0.000753007, 5.0729e-5, 0.000803967))]), (21664, 15, 0.001070171, [(4, (0, 0.000929415, 1.6811e-5, 0.000946438)), (4, (1, 0.00099844, 4.4847e-5, 0.001043494)), (4, (2, 0.00088327, 2.7556e-5, 0.000911016)), (3, (3, 0.000774759, 4.0942e-5, 0.000815891))]), (21680, 15, 0.000782038, [(4, (0, 0.00076314, 1.7907e-5, 0.000781269)), (4, (1, 0.000710103, 4.3718e-5, 0.00075399)), (4, (2, 0.000637988, 3.2359e-5, 0.000670535)), (3, (3, 0.000593865, 4.8224e-5, 0.000642287))]), (21696, 16, 0.001147123, [(4, (0, 0.000686049, 1.6927e-5, 0.000703175)), (4, (1, 0.000933846, 0.000186266, 0.001120628)), (4, (2, 0.000644122, 2.92e-5, 0.000673523)), (4, (3, 0.000814232, 0.000166518, 0.000981057))]), (21712, 15, 0.001071298, [(4, (0, 0.00091751, 2.0732e-5, 0.000938429)), (4, (1, 0.000971373, 2.6875e-5, 0.000998462)), (4, (2, 0.000871037, 3.882e-5, 0.000910048)), (3, (3, 0.000762279, 4.4803e-5, 0.000807267))]), (21728, 13, 0.000667948, [(4, (0, 0.000643763, 2.3082e-5, 0.00066712)), (3, (1, 0.00052498, 5.1347e-5, 0.000576514)), (3, (2, 0.000418358, 3.4902e-5, 0.000453436)), (3, (3, 0.000546383, 5.9628e-5, 0.000606231))]), (21744, 15, 0.000708968, [(4, (0, 0.000668211, 2.4065e-5, 0.000692527)), (4, (1, 0.000543801, 4.6803e-5, 0.000590807)), (4, (2, 0.00066425, 3.5752e-5, 0.000700193)), (3, (3, 0.000517593, 5.2015e-5, 0.000569822))]), (21760, 14, 0.000841888, [(4, (0, 0.000617953, 1.7615e-5, 0.000635769)), (4, (1, 0.000776947, 4.0732e-5, 0.000817853)), (3, (2, 0.000498185, 2.9287e-5, 0.000527647)), (3, (3, 0.000472569, 4.8845e-5, 0.000521622))]), (21776, 15, 0.000749588, [(4, (0, 0.000631247, 2.6565e-5, 0.00065801)), (4, (1, 0.000629871, 8.71e-5, 0.000717313)), (4, (2, 0.000598685, 3.8138e-5, 0.000637008)), (3, (3, 0.000533189, 0.000181567, 0.000715065))]), (21792, 14, 0.000774797, [(4, (0, 0.000712298, 2.482e-5, 0.000737319)), (4, (1, 0.000642088, 0.000108882, 0.000751305)), (3, (2, 0.000472036, 4.5675e-5, 0.000517911)), (3, (3, 0.000458841, 0.000168967, 0.000628009))]), (21808, 11, 0.000648998, [(3, (0, 0.000574137, 2.2829e-5, 0.000597164)), (3, (1, 0.00044112, 0.000137972, 0.000579406)), (3, (2, 0.00059372, 3.5292e-5, 0.000629199)), (2, (3, 0.000325446, 0.000138611, 0.000464274))]), (21824, 10, 0.00053661, [(3, (0, 0.000502763, 1.8203e-5, 0.000521153)), (3, (1, 0.000467668, 6.0574e-5, 0.000528431)), (2, (2, 0.000313284, 2.9076e-5, 0.000342544)), (2, (3, 0.000380018, 6.0584e-5, 0.000440906))]), (21840, 11, 0.000673682, [(3, (0, 0.000653023, 1.9842e-5, 0.000673051)), (3, (1, 0.000540208, 0.000109651, 0.000650097)), (3, (2, 0.000565182, 3.1553e-5, 0.000596932)), (2, (3, 0.000416218, 0.000109524, 0.00052604))]), (21856, 12, 0.000889372, [(3, (0, 0.000498603, 1.8636e-5, 0.000517437)), (3, (1, 0.000700813, 0.000155368, 0.000856399)), (3, (2, 0.000619796, 2.9679e-5, 0.00064965)), (3, (3, 0.000599233, 0.00015457, 0.000754112))]), (21872, 9, 0.000558272, [(3, (0, 0.000537116, 2.0374e-5, 0.000557671)), (2, (1, 0.000367025, 0.000117662, 0.000485011)), (2, (2, 0.000375051, 3.3367e-5, 0.000408585)), (2, (3, 0.000273199, 0.000123055, 0.000397232))]), (21888, 9, 0.000628329, [(3, (0, 0.000610104, 1.7449e-5, 0.000627751)), (2, (1, 0.000248619, 0.000111324, 0.000360254)), (2, (2, 0.000402512, 2.8912e-5, 0.00043162)), (2, (3, 0.00036496, 0.000123761, 0.00048895))]), (21904, 13, 0.001217951, [(4, (0, 0.000718075, 2.0432e-5, 0.000738705)), (3, (1, 0.000508937, 0.000159408, 0.000668636)), (3, (2, 0.000572959, 3.2559e-5, 0.000605706)), (3, (3, 0.001016055, 0.000159845, 0.001176132))]), (21920, 13, 0.000711233, [(4, (0, 0.000688766, 2.1266e-5, 0.000710269)), (3, (1, 0.000571703, 5.9603e-5, 0.000631565)), (3, (2, 0.00043593, 3.4981e-5, 0.000471096)), (3, (3, 0.000382973, 4.7618e-5, 0.000430765))]), (21936, 14, 0.000860151, [(4, (0, 0.000556299, 2.364e-5, 0.000580135)), (4, (1, 0.000673062, 0.000161637, 0.000835008)), (3, (2, 0.000777798, 3.5689e-5, 0.000813674)), (3, (3, 0.000493322, 0.000188341, 0.000681954))]), (21952, 13, 0.000903604, [(4, (0, 0.000518091, 1.6834e-5, 0.000535111)), (3, (1, 0.00046747, 3.4957e-5, 0.000502604)), (3, (2, 0.000524177, 8.7952e-5, 0.000612347)), (3, (3, 0.000725853, 0.00013772, 0.000863864))]), (21968, 12, 0.000696449, [(3, (0, 0.00035202, 2.1042e-5, 0.000373258)), (3, (1, 0.00050101, 0.000104728, 0.000606059)), (3, (2, 0.000604607, 3.2276e-5, 0.000637085)), (3, (3, 0.000555466, 0.000105241, 0.000660916))]), (21984, 13, 0.000972968, [(4, (0, 0.000563212, 1.7929e-5, 0.000581338)), (3, (1, 0.000422287, 0.000129187, 0.000551799)), (3, (2, 0.000454791, 3.0548e-5, 0.000485537)), (3, (3, 0.000727412, 0.000129313, 0.000856964))]), (22000, 13, 0.001035181, [(4, (0, 0.00101681, 1.7529e-5, 0.001034525)), (3, (1, 0.000621244, 7.0014e-5, 0.000691594)), (3, (2, 0.000590468, 2.8305e-5, 0.000618968)), (3, (3, 0.000533933, 7.0734e-5, 0.000604852))]), (22016, 8, 0.000555592, [(2, (0, 0.000301071, 1.7522e-5, 0.000318792)), (2, (1, 0.000315763, 0.000117266, 0.000433358)), (2, (2, 0.000301372, 3.1296e-5, 0.000332874)), (2, (3, 0.000368614, 0.000149289, 0.000518422))]), (22032, 14, 0.000813922, [(4, (0, 0.000557621, 2.2624e-5, 0.000580426)), (4, (1, 0.000661746, 0.000130954, 0.000792918)), (3, (2, 0.000401167, 5.5076e-5, 0.000456428)), (3, (3, 0.000467212, 0.000130856, 0.000598381))]), (22048, 16, 0.000895029, [(4, (0, 0.000582021, 2.2388e-5, 0.00060461)), (4, (1, 0.000709247, 0.000104244, 0.000814829)), (4, (2, 0.000804054, 6.8566e-5, 0.000872839)), (4, (3, 0.000644467, 0.0001378, 0.00078246))]), (22064, 15, 0.000804736, [(4, (0, 0.000578674, 2.0914e-5, 0.000599782)), (4, (1, 0.000747235, 3.6818e-5, 0.00078426)), (4, (2, 0.000721113, 4.9379e-5, 0.00077079)), (3, (3, 0.000469925, 0.00010666, 0.00057688))]), (22080, 15, 0.001000727, [(4, (0, 0.000623277, 1.9076e-5, 0.00064255)), (4, (1, 0.000694954, 6.4701e-5, 0.000759844)), (4, (2, 0.000913713, 3.1001e-5, 0.00094487)), (3, (3, 0.000571528, 8.1701e-5, 0.000653445))]), (22096, 16, 0.000686586, [(4, (0, 0.00057362, 2.0454e-5, 0.000594296)), (4, (1, 0.000605982, 4.5395e-5, 0.000651585)), (4, (2, 0.000645227, 3.237e-5, 0.000677791)), (4, (3, 0.000618748, 5.217e-5, 0.000671156))]), (22112, 13, 0.000761343, [(4, (0, 0.000733464, 2.6904e-5, 0.000760561)), (3, (1, 0.000606217, 6.503e-5, 0.000671586)), (3, (2, 0.000586905, 3.8912e-5, 0.000625986)), (3, (3, 0.000617549, 8.5768e-5, 0.000703832))]), (22128, 16, 0.000679794, [(4, (0, 0.000585881, 1.2485e-5, 0.000598565)), (4, (1, 0.000578799, 9.8467e-5, 0.000677587)), (4, (2, 0.000542441, 2.3674e-5, 0.000566344)), (4, (3, 0.000549663, 9.8636e-5, 0.000648478))]), (22144, 14, 0.001115606, [(4, (0, 0.000621302, 1.7319e-5, 0.00063882)), (4, (1, 0.000863697, 0.000108119, 0.000972138)), (3, (2, 0.00087422, 2.81e-5, 0.000902522)), (3, (3, 0.000588611, 0.000108084, 0.000696908))]), (22160, 16, 0.000826058, [(4, (0, 0.000583797, 1.5268e-5, 0.000599245)), (4, (1, 0.000620595, 0.000100698, 0.00072162)), (4, (2, 0.000600118, 2.625e-5, 0.000626558)), (4, (3, 0.000644105, 0.000145713, 0.00079003))]), (22176, 13, 0.000758627, [(4, (0, 0.000740625, 1.7111e-5, 0.000757918)), (3, (1, 0.00065015, 6.5821e-5, 0.000716152)), (3, (2, 0.000603155, 5.0469e-5, 0.000653913)), (3, (3, 0.000581175, 4.8017e-5, 0.00062938))]), (22192, 14, 0.000822144, [(4, (0, 0.000805806, 1.5439e-5, 0.000821444)), (4, (1, 0.00061851, 0.000105613, 0.00072443)), (3, (2, 0.000456382, 3.6738e-5, 0.000493325)), (3, (3, 0.000459187, 0.000179485, 0.000638938))]), (22208, 13, 0.000990821, [(4, (0, 0.000771912, 1.7747e-5, 0.000789857)), (3, (1, 0.000623351, 0.000140686, 0.000764655)), (3, (2, 0.000572625, 2.9016e-5, 0.000601824)), (3, (3, 0.000842341, 0.000106412, 0.00094904))]), (22224, 14, 0.000722619, [(4, (0, 0.00058024, 1.1079e-5, 0.000591497)), (4, (1, 0.000625059, 6.766e-5, 0.000693019)), (3, (2, 0.000483138, 2.0175e-5, 0.000503506)), (3, (3, 0.000444312, 9.3679e-5, 0.000538296))]), (22240, 16, 0.000934609, [(4, (0, 0.000691099, 1.6226e-5, 0.000707522)), (4, (1, 0.000776533, 4.891e-5, 0.000825668)), (4, (2, 0.00074234, 2.7848e-5, 0.000770392)), (4, (3, 0.000795979, 9.771e-5, 0.000893984))]), (22256, 16, 0.000774555, [(4, (0, 0.000523619, 1.3247e-5, 0.000537052)), (4, (1, 0.000656453, 5.6931e-5, 0.000713577)), (4, (2, 0.000656179, 3.8324e-5, 0.000694684)), (4, (3, 0.0006741, 6.4234e-5, 0.000738555))]), (22272, 15, 0.000990105, [(4, (0, 0.000672213, 2.2432e-5, 0.00069485)), (4, (1, 0.000919504, 4.5778e-5, 0.00096549)), (4, (2, 0.000812665, 3.363e-5, 0.000846474)), (3, (3, 0.000416293, 5.0418e-5, 0.000466893))]), (22288, 15, 0.000847429, [(4, (0, 0.000514391, 1.6936e-5, 0.000531524)), (4, (1, 0.000661887, 0.00016092, 0.000823138)), (4, (2, 0.000618284, 2.954e-5, 0.00064803)), (3, (3, 0.000511574, 0.000194056, 0.000706358))]), (22304, 16, 0.000877492, [(4, (0, 0.000859391, 1.7111e-5, 0.000876709)), (4, (1, 0.000578338, 0.000206731, 0.00078538)), (4, (2, 0.000538681, 2.9301e-5, 0.000568179)), (4, (3, 0.000528724, 0.000247628, 0.000777084))]), (22320, 15, 0.000914701, [(4, (0, 0.000717204, 1.821e-5, 0.000735612)), (4, (1, 0.000826595, 6.5483e-5, 0.000892312)), (4, (2, 0.000785914, 4.5428e-5, 0.000831519)), (3, (3, 0.000608362, 8.2248e-5, 0.000691293))]), (22336, 16, 0.001114256, [(4, (0, 0.000723231, 1.603e-5, 0.000739438)), (4, (1, 0.000795775, 6.2467e-5, 0.000858458)), (4, (2, 0.000756235, 2.6136e-5, 0.00078256)), (4, (3, 0.001009268, 5.9777e-5, 0.001069359))]), (22352, 16, 0.000949028, [(4, (0, 0.000694382, 2.5805e-5, 0.000720431)), (4, (1, 0.000528913, 5.3289e-5, 0.000582405)), (4, (2, 0.000608031, 3.8756e-5, 0.000646967)), (4, (3, 0.000836285, 7.0923e-5, 0.000907462))]), (22368, 15, 0.000718568, [(4, (0, 0.000643886, 2.0048e-5, 0.000664129)), (4, (1, 0.000514941, 8.4662e-5, 0.000599916)), (4, (2, 0.000582505, 3.3847e-5, 0.000616544)), (3, (3, 0.000594744, 8.5789e-5, 0.000680756))]), (22384, 10, 0.000794521, [(3, (0, 0.000573922, 1.751e-5, 0.000591636)), (3, (1, 0.000656712, 0.000112425, 0.000769471)), (2, (2, 0.000549197, 3.0782e-5, 0.00058016)), (2, (3, 0.000477539, 0.000112764, 0.000590489))]), (22400, 13, 0.000709897, [(4, (0, 0.000614921, 9.362e-6, 0.000624445)), (3, (1, 0.000639052, 4.39e-5, 0.000683169)), (3, (2, 0.000554235, 3.0461e-5, 0.000584915)), (3, (3, 0.000506463, 5.4356e-5, 0.000561044))]), (22416, 15, 0.000859087, [(4, (0, 0.00053389, 1.6979e-5, 0.000551051)), (4, (1, 0.000790552, 4.5713e-5, 0.000836593)), (4, (2, 0.000781844, 2.8719e-5, 0.000810776)), (3, (3, 0.000414015, 9.4803e-5, 0.000509123))]), (22432, 13, 0.000927333, [(4, (0, 0.000904269, 2.2149e-5, 0.000926604)), (3, (1, 0.000832881, 3.4849e-5, 0.000867911)), (3, (2, 0.000797195, 5.2474e-5, 0.0008499)), (3, (3, 0.000558973, 5.4635e-5, 0.000613804))]), (22448, 14, 0.000728775, [(4, (0, 0.000647765, 2.2498e-5, 0.000670462)), (4, (1, 0.000553966, 0.000151592, 0.000705787)), (3, (2, 0.000354524, 3.5728e-5, 0.000390448)), (3, (3, 0.000423315, 0.000150678, 0.000574288))]), (22464, 15, 0.000667061, [(4, (0, 0.000601146, 1.5702e-5, 0.000617042)), (4, (1, 0.000585158, 5.8774e-5, 0.000644257)), (4, (2, 0.000605282, 2.6837e-5, 0.000632303)), (3, (3, 0.000437247, 5.9194e-5, 0.000496612))]), (22480, 14, 0.001259909, [(4, (0, 0.000771529, 1.8495e-5, 0.000790207)), (4, (1, 0.001083035, 0.000109981, 0.001193327)), (3, (2, 0.000658831, 2.9965e-5, 0.00068897)), (3, (3, 0.000549069, 0.00011033, 0.000659588))]), (22496, 16, 0.000813878, [(4, (0, 0.000556818, 1.1146e-5, 0.000568115)), (4, (1, 0.000659263, 0.000127381, 0.000787165)), (4, (2, 0.000573307, 2.7923e-5, 0.000601424)), (4, (3, 0.000574623, 0.000104084, 0.000678997))]), (22512, 15, 0.000773529, [(4, (0, 0.000573721, 1.5016e-5, 0.000588933)), (4, (1, 0.000698312, 5.0957e-5, 0.000749534)), (4, (2, 0.000552003, 2.7632e-5, 0.000579811)), (3, (3, 0.000429144, 5.3666e-5, 0.000483015))]), (22528, 15, 0.000728, [(4, (0, 0.000535324, 2.1615e-5, 0.000557141)), (4, (1, 0.000645435, 6.3415e-5, 0.000709091)), (4, (2, 0.000675917, 3.7499e-5, 0.000713639)), (3, (3, 0.000487538, 4.9662e-5, 0.000540043))]), (22544, 15, 0.000820865, [(4, (0, 0.000620094, 1.9378e-5, 0.000639661)), (4, (1, 0.000680135, 0.000117717, 0.000798084)), (4, (2, 0.000642095, 3.2552e-5, 0.00067485)), (3, (3, 0.000466212, 8.4977e-5, 0.00055139))]), (22560, 14, 0.000737794, [(4, (0, 0.00061367, 1.7412e-5, 0.000631277)), (4, (1, 0.000581777, 0.000134214, 0.000716475)), (3, (2, 0.000438232, 3.0709e-5, 0.00046912)), (3, (3, 0.000507077, 0.000106658, 0.000614068))]), (22576, 14, 0.0011644, [(4, (0, 0.000879225, 2.04e-5, 0.000899815)), (4, (1, 0.000993773, 0.000149985, 0.00114407)), (3, (2, 0.000946149, 3.1498e-5, 0.00097782)), (3, (3, 0.000968683, 0.000150444, 0.001119315))]), (22592, 14, 0.001063249, [(4, (0, 0.00080215, 1.9318e-5, 0.000821694)), (4, (1, 0.000754509, 0.000101969, 0.000856812)), (3, (2, 0.000588018, 3.0148e-5, 0.000618366)), (3, (3, 0.000919737, 0.000108015, 0.001027933))]), (22608, 12, 0.000993599, [(3, (0, 0.000849324, 1.8658e-5, 0.000868157)), (3, (1, 0.000886856, 5.431e-5, 0.000941446)), (3, (2, 0.000935459, 3.7635e-5, 0.000973295)), (3, (3, 0.000894646, 4.8836e-5, 0.000943679))]), (22624, 12, 0.000966087, [(3, (0, 0.000798694, 1.698e-5, 0.000815872)), (3, (1, 0.000856982, 8.5349e-5, 0.000942646)), (3, (2, 0.000544782, 3.0897e-5, 0.000575863)), (3, (3, 0.000709854, 8.5793e-5, 0.000795834))]), (22640, 11, 0.000892144, [(3, (0, 0.000812771, 1.6473e-5, 0.000829452)), (3, (1, 0.000699247, 0.000165382, 0.000864922)), (3, (2, 0.000774456, 2.7936e-5, 0.000802587)), (2, (3, 0.000309595, 0.000199697, 0.000510095))]), (22656, 16, 0.001499896, [(4, (0, 0.00099657, 1.2902e-5, 0.001009632)), (4, (1, 0.001046031, 0.000120753, 0.001167097)), (4, (2, 0.001414823, 5.4962e-5, 0.001470008)), (4, (3, 0.001063803, 6.2593e-5, 0.001126568))]), (22672, 10, 0.000930719, [(3, (0, 0.000442462, 2.0639e-5, 0.000463268)), (3, (1, 0.000394275, 2.7915e-5, 0.000422398)), (2, (2, 0.000752481, 8.6893e-5, 0.000839584)), (2, (3, 0.00034215, 9.2744e-5, 0.000435591))]), (22688, 15, 0.001841831, [(4, (0, 0.000965338, 2.3436e-5, 0.000988997)), (4, (1, 0.000939813, 5.1447e-5, 0.000991467)), (4, (2, 0.001735074, 3.6287e-5, 0.001771551)), (3, (3, 0.000664573, 0.000169183, 0.000834056))]), (22704, 12, 0.001608805, [(3, (0, 0.000691791, 2.1466e-5, 0.000713464)), (3, (1, 0.000658405, 7.9816e-5, 0.00073856)), (3, (2, 0.001008201, 3.1659e-5, 0.001040054)), (3, (3, 0.001437976, 0.000122193, 0.001562247))]), (22720, 13, 0.001493017, [(4, (0, 0.000909999, 1.8737e-5, 0.000928947)), (3, (1, 0.001434825, 3.0572e-5, 0.001465561)), (3, (2, 0.0006173, 4.5687e-5, 0.00066323)), (3, (3, 0.000888986, 5.7309e-5, 0.000946544))]), (22736, 14, 0.001027538, [(4, (0, 0.000904535, 2.1524e-5, 0.000926291)), (4, (1, 0.000955594, 4.7169e-5, 0.001002971)), (3, (2, 0.000801623, 3.3507e-5, 0.000835312)), (3, (3, 0.00079877, 0.000101075, 0.00090089))]), (22752, 15, 0.000923869, [(4, (0, 0.000630297, 1.945e-5, 0.00064995)), (4, (1, 0.000856035, 4.3395e-5, 0.000899648)), (4, (2, 0.000750645, 3.2418e-5, 0.000783284)), (3, (3, 0.000533045, 5.9238e-5, 0.000592589))]), (22768, 14, 0.000616986, [(4, (0, 0.000537995, 1.8279e-5, 0.00055646)), (4, (1, 0.000478905, 0.000107676, 0.000590113)), (3, (2, 0.000352191, 3.2615e-5, 0.00038499)), (3, (3, 0.000379005, 4.9628e-5, 0.000428984))]), (22784, 12, 0.00074537, [(3, (0, 0.00039623, 1.8515e-5, 0.00041493)), (3, (1, 0.000501729, 9.3599e-5, 0.000595547)), (3, (2, 0.000694716, 3.0744e-5, 0.000725653)), (3, (3, 0.000442883, 0.000135776, 0.000578945))]), (22800, 14, 0.000939402, [(4, (0, 0.000724401, 1.7234e-5, 0.000741833)), (4, (1, 0.000854015, 6.196e-5, 0.000916291)), (3, (2, 0.000727798, 2.8166e-5, 0.000756137)), (3, (3, 0.000719125, 6.2127e-5, 0.000781459))]), (22816, 14, 0.001006711, [(4, (0, 0.000985833, 1.9981e-5, 0.001006014)), (4, (1, 0.000851561, 0.0001082, 0.000959964)), (3, (2, 0.000500436, 3.1069e-5, 0.000531705)), (3, (3, 0.000832185, 0.000108092, 0.000940579))]), (22832, 15, 0.001570295, [(4, (0, 0.000923278, 1.8499e-5, 0.000941977)), (4, (1, 0.00077833, 3.2138e-5, 0.000810736)), (4, (2, 0.001469812, 3.3444e-5, 0.001504689)), (3, (3, 0.000961385, 4.0285e-5, 0.001001848))]), (22848, 13, 0.001049351, [(4, (0, 0.000900376, 1.0485e-5, 0.000911021)), (3, (1, 0.000832565, 6.3647e-5, 0.000896467)), (3, (2, 0.000766527, 2.1724e-5, 0.000788446)), (3, (3, 0.000819525, 0.00019304, 0.0010129))]), (22864, 13, 0.001439365, [(4, (0, 0.000776616, 1.9405e-5, 0.000796208)), (3, (1, 0.000995278, 8.1121e-5, 0.001076601)), (3, (2, 0.001136679, 3.099e-5, 0.001167856)), (3, (3, 0.001262381, 0.000132081, 0.001394788))]), (22880, 15, 0.00082461, [(4, (0, 0.000530609, 1.9448e-5, 0.000550308)), (4, (1, 0.00075174, 4.5843e-5, 0.000797875)), (4, (2, 0.000539595, 3.0357e-5, 0.000570128)), (3, (3, 0.000396905, 0.000123485, 0.000520662))]), (22896, 11, 0.000769435, [(3, (0, 0.000394086, 2.0147e-5, 0.000414438)), (3, (1, 0.000548777, 0.000153675, 0.000702761)), (3, (2, 0.000631124, 3.2234e-5, 0.000663545)), (2, (3, 0.000347776, 4.5982e-5, 0.000393978))]), (22912, 14, 0.000618239, [(4, (0, 0.000538674, 1.6555e-5, 0.000555415)), (4, (1, 0.000513617, 2.9299e-5, 0.000543099)), (3, (2, 0.000405143, 4.7224e-5, 0.000452563)), (3, (3, 0.000471239, 0.000101809, 0.000573356))]), (22928, 7, 0.000422052, [(2, (0, 0.000333033, 1.642e-5, 0.000349648)), (2, (1, 0.000293851, 9.7387e-5, 0.000391564)), (2, (2, 0.000389756, 3.0684e-5, 0.000420649)), (1, (3, 0.000169079, 4.2298e-5, 0.00021158))]), (22944, 0, 1.2896e-5, [(0, (0, 1.22e-7, 1.1094e-5, 1.1401e-5)), (0, (1, 9.2e-8, 1.1673e-5, 1.1857e-5)), (0, (2, 5.7e-8, 1.2139e-5, 1.2284e-5)), (0, (3, 4.8e-8, 1.2402e-5, 1.2541e-5))]), (22960, 15, 0.00071753, [(4, (0, 0.000500842, 1.9363e-5, 0.000520401)), (4, (1, 0.000590983, 6.145e-5, 0.000652631)), (4, (2, 0.000650824, 4.6708e-5, 0.000697751)), (3, (3, 0.000418932, 0.000130468, 0.000549708))]), (22976, 16, 0.000814856, [(4, (0, 0.000636882, 1.7714e-5, 0.000654787)), (4, (1, 0.000691661, 5.8847e-5, 0.000750711)), (4, (2, 0.000705038, 4.5273e-5, 0.000750508)), (4, (3, 0.000624087, 0.000136589, 0.000760969))]), (22992, 14, 0.001373152, [(4, (0, 0.000922894, 3.2158e-5, 0.000955245)), (4, (1, 0.001276047, 7.3478e-5, 0.001349722)), (3, (2, 0.000905742, 6.5204e-5, 0.000971238)), (3, (3, 0.0008681, 0.000156662, 0.001025092))]), (23008, 14, 0.001800567, [(4, (0, 0.00131272, 2.0467e-5, 0.001333366)), (4, (1, 0.001658339, 0.000108924, 0.001767626)), (3, (2, 0.001170563, 3.131e-5, 0.001202081)), (3, (3, 0.00095844, 0.000100626, 0.001059388))]), (23024, 13, 0.000873482, [(4, (0, 0.000849761, 1.3169e-5, 0.000863261)), (3, (1, 0.000698422, 0.000126602, 0.000825307)), (3, (2, 0.000576687, 5.6406e-5, 0.00063342)), (3, (3, 0.000714052, 0.000127647, 0.000842586))]), (23040, 10, 0.001351673, [(3, (0, 0.00099822, 2.0814e-5, 0.001019273)), (3, (1, 0.001239119, 8.5839e-5, 0.00132525)), (2, (2, 0.000719635, 3.7627e-5, 0.000757497)), (2, (3, 0.000772598, 5.0502e-5, 0.00082333))]), (23056, 11, 0.001029405, [(3, (0, 0.001008802, 1.9757e-5, 0.001028773)), (3, (1, 0.000814721, 8.0771e-5, 0.00089571)), (3, (2, 0.000780042, 6.5052e-5, 0.000845333)), (2, (3, 0.000549252, 0.000131106, 0.000680662))]), (23072, 11, 0.000857092, [(3, (0, 0.000823904, 1.7111e-5, 0.000841242)), (3, (1, 0.000802985, 4.416e-5, 0.000847482)), (3, (2, 0.000697928, 2.8956e-5, 0.000727055)), (2, (3, 0.000613169, 0.000159891, 0.000773404))]), (23088, 13, 0.001349228, [(4, (0, 0.001007121, 1.7388e-5, 0.001024683)), (3, (1, 0.001201295, 0.000116636, 0.001318164)), (3, (2, 0.000624925, 2.8189e-5, 0.000653332)), (3, (3, 0.00074664, 0.000123244, 0.000870188))]), (23104, 9, 0.000781735, [(3, (0, 0.000534015, 1.8658e-5, 0.000555991)), (2, (1, 0.00044257, 4.3e-5, 0.000485747)), (2, (2, 0.000568999, 0.000183033, 0.00075235)), (2, (3, 0.000437749, 0.00018605, 0.00062401))]), (23120, 14, 0.001845688, [(4, (0, 0.001608582, 2.3665e-5, 0.001632467)), (4, (1, 0.001720835, 9.5559e-5, 0.00181676)), (3, (2, 0.001413995, 4.4149e-5, 0.00145842)), (3, (3, 0.001161955, 6.484e-5, 0.001227117))]), (23136, 13, 0.00117188, [(4, (0, 0.000941054, 2.2397e-5, 0.000963676)), (3, (1, 0.0005855, 7.7796e-5, 0.000663623)), (3, (2, 0.00066574, 3.3902e-5, 0.000699867)), (3, (3, 0.001007334, 0.00012379, 0.00113151))]), (23152, 11, 0.001270859, [(3, (0, 0.001113205, 1.9594e-5, 0.001133001)), (3, (1, 0.001200447, 3.1843e-5, 0.001232698)), (3, (2, 0.001013918, 3.6489e-5, 0.001050623)), (2, (3, 0.0008091, 3.7957e-5, 0.000847238))]), (23168, 9, 0.000817049, [(3, (0, 0.000674768, 1.8568e-5, 0.000693541)), (2, (1, 0.000751377, 4.2478e-5, 0.000794062)), (2, (2, 0.000342057, 3.135e-5, 0.000373616)), (2, (3, 0.000419375, 5.114e-5, 0.000470746))]), (23184, 12, 0.001076883, [(3, (0, 0.000688045, 2.1275e-5, 0.00070952)), (3, (1, 0.000843281, 0.000206913, 0.001050483)), (3, (2, 0.000580361, 7.9292e-5, 0.00065993)), (3, (3, 0.000600888, 0.000123155, 0.000724381))]), (23200, 11, 0.000765776, [(3, (0, 0.000682387, 2.6301e-5, 0.000708892)), (3, (1, 0.000696829, 3.9461e-5, 0.000736472)), (3, (2, 0.000702319, 5.2761e-5, 0.000755351)), (2, (3, 0.000668489, 5.8585e-5, 0.000727509))]), (23216, 11, 0.001418955, [(3, (0, 0.000966662, 1.848e-5, 0.000985381)), (3, (1, 0.001293193, 9.2248e-5, 0.001385638)), (3, (2, 0.001142629, 7.5643e-5, 0.001218506)), (2, (3, 0.000708238, 8.698e-5, 0.000795432))]), (23232, 12, 0.001681572, [(3, (0, 0.001250827, 1.5569e-5, 0.001266647)), (3, (1, 0.001235086, 8.584e-5, 0.001321736)), (3, (2, 0.001624369, 2.9433e-5, 0.001654254)), (3, (3, 0.001611962, 3.7978e-5, 0.001650116))]), (23248, 13, 0.001502149, [(4, (0, 0.001484002, 1.7185e-5, 0.001501395)), (3, (1, 0.001284033, 4.0962e-5, 0.001325163)), (3, (2, 0.001228633, 2.9452e-5, 0.001258262)), (3, (3, 0.001009703, 0.00010184, 0.001111869))]), (23264, 16, 0.000843022, [(4, (0, 0.000821464, 2.0552e-5, 0.000842221)), (4, (1, 0.00064293, 5.2398e-5, 0.000695587)), (4, (2, 0.00060177, 3.4812e-5, 0.000636785)), (4, (3, 0.000584851, 5.7274e-5, 0.000642303))]), (23280, 13, 0.001111732, [(4, (0, 0.001093659, 1.7162e-5, 0.001111021)), (3, (1, 0.000816886, 5.623e-5, 0.000873407)), (3, (2, 0.000956119, 3.2605e-5, 0.000988916)), (3, (3, 0.000970326, 4.4049e-5, 0.001014586))]), (23296, 14, 0.001652819, [(4, (0, 0.001360611, 1.766e-5, 0.001378508)), (4, (1, 0.00149771, 0.000124039, 0.001622803)), (3, (2, 0.001219291, 8.744e-5, 0.001306918)), (3, (3, 0.001347093, 0.000138616, 0.00148655))]), (23312, 11, 0.001337019, [(3, (0, 0.00075478, 2.0288e-5, 0.000775312)), (3, (1, 0.001262012, 4.7875e-5, 0.001310142)), (3, (2, 0.001177477, 3.6316e-5, 0.001214032)), (2, (3, 0.000761172, 5.381e-5, 0.000815195))]), (23328, 15, 0.001633373, [(4, (0, 0.000935633, 1.9605e-5, 0.000955438)), (4, (1, 0.001444299, 5.816e-5, 0.001502815)), (4, (2, 0.001575346, 3.4954e-5, 0.001610508)), (3, (3, 0.001249361, 5.6764e-5, 0.001306738))]), (23344, 14, 0.00069237, [(4, (0, 0.000559122, 2.1725e-5, 0.000581097)), (4, (1, 0.000570654, 9.3409e-5, 0.000664308)), (3, (2, 0.000472109, 3.5997e-5, 0.000508295)), (3, (3, 0.000555586, 9.5838e-5, 0.000651668))]), (23360, 15, 0.00063373, [(4, (0, 0.000510022, 1.8364e-5, 0.000528583)), (4, (1, 0.00057147, 4.1737e-5, 0.000613404)), (4, (2, 0.000572552, 2.9749e-5, 0.000602492)), (3, (3, 0.000406962, 4.693e-5, 0.000454083))]), (23376, 16, 0.001129822, [(4, (0, 0.000787407, 1.6924e-5, 0.000804532)), (4, (1, 0.00089056, 3.9384e-5, 0.000930158)), (4, (2, 0.000916893, 2.8163e-5, 0.000945211)), (4, (3, 0.001047296, 4.4313e-5, 0.0010918))]), (23392, 15, 0.001555401, [(4, (0, 0.001403661, 2.2628e-5, 0.001426456)), (4, (1, 0.001254585, 3.4158e-5, 0.001288976)), (4, (2, 0.001478804, 4.5982e-5, 0.001525169)), (3, (3, 0.001115015, 5.2509e-5, 0.001167872))]), (23408, 10, 0.000571607, [(3, (0, 0.000523689, 1.6474e-5, 0.000540361)), (3, (1, 0.000505261, 4.4469e-5, 0.000549958)), (2, (2, 0.000292807, 3.1377e-5, 0.000324385)), (2, (3, 0.000315482, 6.5847e-5, 0.000382054))]), (23424, 16, 0.001192761, [(4, (0, 0.000581879, 7.408e-6, 0.000589442)), (4, (1, 0.001072051, 9.4425e-5, 0.001167122)), (4, (2, 0.000713158, 5.5117e-5, 0.000768479)), (4, (3, 0.000700626, 6.3343e-5, 0.000764161))]), (23440, 16, 0.000845313, [(4, (0, 0.000694589, 1.721e-5, 0.000711995)), (4, (1, 0.000720574, 0.000115676, 0.000836582)), (4, (2, 0.000674224, 6.2103e-5, 0.000736505)), (4, (3, 0.000685063, 0.000116648, 0.000801981))]), (23456, 16, 0.00086156, [(4, (0, 0.000597942, 4.425e-6, 0.000602513)), (4, (1, 0.000639317, 7.8474e-5, 0.00071806)), (4, (2, 0.000774334, 6.3762e-5, 0.000838418)), (4, (3, 0.000655307, 7.013e-5, 0.000725625))]), (23472, 16, 0.001880794, [(4, (0, 0.001276515, 2.0059e-5, 0.001296759)), (4, (1, 0.001473825, 3.1899e-5, 0.001505921)), (4, (2, 0.001743719, 0.000111351, 0.001855405)), (4, (3, 0.001467763, 0.000156434, 0.001624457))]), (23488, 15, 0.002168809, [(4, (0, 0.001462744, 1.7192e-5, 0.001480157)), (4, (1, 0.00201287, 0.000128831, 0.002142036)), (4, (2, 0.001917587, 2.9045e-5, 0.001946853)), (3, (3, 0.001077499, 0.000182644, 0.00126041))]), (23504, 16, 0.001595496, [(4, (0, 0.0013734, 1.8348e-5, 0.001391934)), (4, (1, 0.001471315, 0.000102033, 0.001573612)), (4, (2, 0.001486935, 3.7529e-5, 0.001524666)), (4, (3, 0.001386916, 0.000107517, 0.00149467))]), (23520, 15, 0.001927521, [(4, (0, 0.001083146, 1.4413e-5, 0.001097758)), (4, (1, 0.001745365, 0.000104311, 0.001850002)), (4, (2, 0.001878412, 2.5136e-5, 0.001903731)), (3, (3, 0.001604612, 0.000104712, 0.001709601))]), (23536, 16, 0.001866631, [(4, (0, 0.00124052, 1.8892e-5, 0.001259608)), (4, (1, 0.0016335, 0.00015119, 0.001785038)), (4, (2, 0.001598225, 2.9721e-5, 0.001628124)), (4, (3, 0.001677842, 0.000151908, 0.001829994))]), (23552, 12, 0.001110083, [(3, (0, 0.000696671, 1.6504e-5, 0.000713342)), (3, (1, 0.000886809, 4.5414e-5, 0.000932553)), (3, (2, 0.001019408, 2.8744e-5, 0.001048351)), (3, (3, 0.000753264, 8.276e-5, 0.000836327))]), (23568, 15, 0.001226887, [(4, (0, 0.001029213, 2.684e-5, 0.001056299)), (4, (1, 0.001031432, 5.134e-5, 0.001083044)), (4, (2, 0.001126739, 6.9294e-5, 0.001196364)), (3, (3, 0.000845706, 0.000113019, 0.00095959))]), (23584, 14, 0.001059497, [(4, (0, 0.000657342, 2.2172e-5, 0.000679746)), (4, (1, 0.000914228, 0.00011262, 0.001027153)), (3, (2, 0.000554897, 3.5942e-5, 0.00059105)), (3, (3, 0.000747694, 4.9664e-5, 0.000797682))]), (23600, 16, 0.001058484, [(4, (0, 0.000664872, 1.8947e-5, 0.000684064)), (4, (1, 0.000789106, 0.000102939, 0.000892416)), (4, (2, 0.000937959, 3.5893e-5, 0.000974131)), (4, (3, 0.000911395, 0.000107221, 0.001018871))]), (23616, 16, 0.001831744, [(4, (0, 0.001275794, 2.3501e-5, 0.001299535)), (4, (1, 0.001345888, 4.8083e-5, 0.001394156)), (4, (2, 0.001762369, 3.6697e-5, 0.001799329)), (4, (3, 0.001514342, 6.3317e-5, 0.001577978))]), (23632, 16, 0.002159726, [(4, (0, 0.001502004, 1.8799e-5, 0.001521)), (4, (1, 0.001842218, 4.3465e-5, 0.001886049)), (4, (2, 0.001963888, 3.1103e-5, 0.001995224)), (4, (3, 0.002061855, 5.0363e-5, 0.002112443))]), (23648, 16, 0.002116404, [(4, (0, 0.001834734, 2.1761e-5, 0.001856765)), (4, (1, 0.00204583, 3.9606e-5, 0.002085704)), (4, (2, 0.00186379, 5.7218e-5, 0.001921341)), (4, (3, 0.001753145, 6.6508e-5, 0.001819935))]), (23664, 15, 0.001373292, [(4, (0, 0.001348926, 2.2383e-5, 0.001371559)), (4, (1, 0.001130473, 0.000100263, 0.001230996)), (4, (2, 0.001225104, 3.6233e-5, 0.001261556)), (3, (3, 0.000535691, 9.7841e-5, 0.000633882))]), (23680, 16, 0.001745231, [(4, (0, 0.001649793, 2.2097e-5, 0.001672112)), (4, (1, 0.001024151, 6.0402e-5, 0.001084792)), (4, (2, 0.001687844, 3.3727e-5, 0.001721769)), (4, (3, 0.000962502, 5.073e-5, 0.001013496))]), (23696, 10, 0.000659299, [(3, (0, 0.000431888, 2.8078e-5, 0.000460206)), (3, (1, 0.000576833, 5.7107e-5, 0.00063423)), (2, (2, 0.000300303, 3.9517e-5, 0.000339982)), (2, (3, 0.000287673, 5.9934e-5, 0.000347854))]), (23712, 16, 0.000901978, [(4, (0, 0.000668769, 1.812e-5, 0.000687066)), (4, (1, 0.000640207, 3.2946e-5, 0.000673376)), (4, (2, 0.000615931, 1.897e-5, 0.000635096)), (4, (3, 0.000788653, 7.2147e-5, 0.000861595))]), (23728, 16, 0.000767317, [(4, (0, 0.000693393, 2.2533e-5, 0.00071618)), (4, (1, 0.000696037, 4.6458e-5, 0.000742705)), (4, (2, 0.000607388, 3.4112e-5, 0.0006417)), (4, (3, 0.000660031, 5.0663e-5, 0.000710869))]), (23744, 15, 0.000786746, [(4, (0, 0.000510869, 2.8015e-5, 0.000539085)), (4, (1, 0.000566109, 6.1478e-5, 0.000627988)), (4, (2, 0.000724688, 4.065e-5, 0.000765542)), (3, (3, 0.000456606, 0.000113601, 0.00057051))]), (23760, 15, 0.000744547, [(4, (0, 0.000618326, 2.016e-5, 0.000638681)), (4, (1, 0.000690603, 3.3334e-5, 0.000724118)), (4, (2, 0.000623192, 5.2601e-5, 0.000675986)), (3, (3, 0.000563958, 5.8662e-5, 0.000622877))]), (23776, 16, 0.000970171, [(4, (0, 0.000638326, 1.2595e-5, 0.000651075)), (4, (1, 0.000865137, 7.9906e-5, 0.000945234)), (4, (2, 0.000773907, 6.6408e-5, 0.000844798)), (4, (3, 0.000743131, 7.2674e-5, 0.000815988))]), (23792, 16, 0.000648753, [(4, (0, 0.000489122, 1.775e-5, 0.000507055)), (4, (1, 0.000533157, 8.7577e-5, 0.000621291)), (4, (2, 0.000526347, 3.0058e-5, 0.000556618)), (4, (3, 0.00052829, 4.1342e-5, 0.000569819))]), (23808, 14, 0.000893577, [(4, (0, 0.000748373, 1.6419e-5, 0.000764987)), (4, (1, 0.000825828, 4.6423e-5, 0.000872471)), (3, (2, 0.000538902, 2.976e-5, 0.000568849)), (3, (3, 0.000521466, 4.1998e-5, 0.000563652))]), (23824, 12, 0.000754263, [(3, (0, 0.000628758, 1.5111e-5, 0.000644061)), (3, (1, 0.000545733, 3.9039e-5, 0.000584966)), (3, (2, 0.000681631, 2.7439e-5, 0.000709279)), (3, (3, 0.000676493, 4.3894e-5, 0.000720583))]), (23840, 15, 0.001092555, [(4, (0, 0.000796537, 2.4731e-5, 0.000821458)), (4, (1, 0.001023441, 4.6718e-5, 0.001070333)), (4, (2, 0.00078272, 3.6222e-5, 0.000819099)), (3, (3, 0.000576134, 5.209e-5, 0.000628424))]), (23856, 12, 0.000739135, [(3, (0, 0.000370389, 1.6363e-5, 0.000386949)), (3, (1, 0.000477337, 4.0733e-5, 0.000518257)), (3, (2, 0.000690683, 2.7706e-5, 0.000718569)), (3, (3, 0.000477861, 8.1846e-5, 0.000560395))]), (23872, 15, 0.000852463, [(4, (0, 0.000598489, 2.0197e-5, 0.000618883)), (4, (1, 0.000731906, 4.2247e-5, 0.000774336)), (4, (2, 0.000746295, 3.1656e-5, 0.000778151)), (3, (3, 0.000767995, 5.045e-5, 0.000818639))]), (23888, 15, 0.000927578, [(4, (0, 0.000825064, 1.7384e-5, 0.000842641)), (4, (1, 0.000867326, 3.9699e-5, 0.000907206)), (4, (2, 0.000772223, 2.8855e-5, 0.000801446)), (3, (3, 0.000611289, 4.7099e-5, 0.000658562))]), (23904, 13, 0.000787652, [(4, (0, 0.000777006, 9.849e-6, 0.000787002)), (3, (1, 0.000439472, 4.2615e-5, 0.000482254)), (3, (2, 0.000609326, 3.2603e-5, 0.000642145)), (3, (3, 0.000629638, 8.2365e-5, 0.000712714))]), (23920, 14, 0.000938671, [(4, (0, 0.000592963, 1.8574e-5, 0.000611751)), (4, (1, 0.000813797, 9.2532e-5, 0.000909752)), (3, (2, 0.000551119, 3.3374e-5, 0.000584674)), (3, (3, 0.000567594, 9.6824e-5, 0.000664598))]), (23936, 13, 0.000916671, [(4, (0, 0.000890739, 2.5045e-5, 0.000915971)), (3, (1, 0.000700638, 3.7827e-5, 0.000738671)), (3, (2, 0.000543508, 5.1399e-5, 0.000595086)), (3, (3, 0.000635314, 9.2176e-5, 0.000727807))]), (23952, 15, 0.000809367, [(4, (0, 0.000591768, 1.7848e-5, 0.000609862)), (4, (1, 0.000735414, 4.1968e-5, 0.000777582)), (4, (2, 0.000678873, 3.0406e-5, 0.000709458)), (3, (3, 0.000586022, 7.8476e-5, 0.000665305))]), (23968, 15, 0.000970194, [(4, (0, 0.000570777, 2.0554e-5, 0.000591576)), (4, (1, 0.000767968, 7.4303e-5, 0.000842786)), (4, (2, 0.00089859, 3.5992e-5, 0.000934792)), (3, (3, 0.000455309, 8.1727e-5, 0.000537396))]), (23984, 14, 0.000937382, [(4, (0, 0.000700488, 2.2682e-5, 0.000723405)), (4, (1, 0.000868396, 4.6344e-5, 0.000914975)), (3, (2, 0.000649228, 3.5185e-5, 0.000684639)), (3, (3, 0.000515866, 5.4968e-5, 0.000571149))]), (24000, 16, 0.001072208, [(4, (0, 0.000758028, 1.1037e-5, 0.000769235)), (4, (1, 0.00083691, 4.3764e-5, 0.000880977)), (4, (2, 0.000896599, 2.4996e-5, 0.000921823)), (4, (3, 0.000998416, 3.5322e-5, 0.001033982))]), (24016, 15, 0.001108933, [(4, (0, 0.00088332, 1.9449e-5, 0.000902983)), (4, (1, 0.001020515, 6.5044e-5, 0.001085786)), (4, (2, 0.00097891, 3.2784e-5, 0.00101189)), (3, (3, 0.000655223, 6.0335e-5, 0.00071582))]), (24032, 15, 0.000687689, [(4, (0, 0.000678848, 8.014e-6, 0.000687045)), (4, (1, 0.000571784, 9.2719e-5, 0.000664809)), (4, (2, 0.000583849, 2.0596e-5, 0.000604673)), (3, (3, 0.000454932, 9.3751e-5, 0.000548884))]), (24048, 16, 0.001074933, [(4, (0, 0.000497187, 2.0802e-5, 0.00051819)), (4, (1, 0.000577481, 4.5142e-5, 0.000622831)), (4, (2, 0.000619882, 3.2942e-5, 0.000653008)), (4, (3, 0.000933727, 4.9999e-5, 0.000983929))]), (24064, 14, 0.000797917, [(4, (0, 0.000776519, 2.0155e-5, 0.000796923)), (4, (1, 0.000608088, 4.7532e-5, 0.000655802)), (3, (2, 0.000512587, 3.353e-5, 0.000546297)), (3, (3, 0.000417085, 5.1149e-5, 0.000468417))]), (24080, 6, 0.000329259, [(2, (0, 0.000240652, 1.9241e-5, 0.000260114)), (2, (1, 0.000256911, 4.6389e-5, 0.00030351)), (1, (2, 0.00013644, 3.265e-5, 0.000169282)), (1, (3, 0.000135691, 8.5096e-5, 0.000221497))]), (24096, 16, 0.000736172, [(4, (0, 0.000481724, 1.0661e-5, 0.000492548)), (4, (1, 0.000654663, 5.9397e-5, 0.000714252)), (4, (2, 0.000657875, 4.8557e-5, 0.000706637)), (4, (3, 0.000596736, 6.5183e-5, 0.000662104))]), (24112, 14, 0.000627705, [(4, (0, 0.000612166, 1.4569e-5, 0.000626939)), (4, (1, 0.00055571, 4.5281e-5, 0.000601177)), (3, (2, 0.000423374, 2.6546e-5, 0.000450101)), (3, (3, 0.000394196, 3.7925e-5, 0.000432315))]), (24128, 14, 0.00084846, [(4, (0, 0.00067605, 1.806e-5, 0.000694318)), (4, (1, 0.000774288, 4.7309e-5, 0.000821796)), (3, (2, 0.000612617, 2.9936e-5, 0.000642789)), (3, (3, 0.000668376, 4.1646e-5, 0.000710218))]), (24144, 15, 0.000885565, [(4, (0, 0.000865386, 1.9185e-5, 0.000884769)), (4, (1, 0.00070937, 4.4361e-5, 0.000753915)), (4, (2, 0.000641641, 3.2166e-5, 0.000674023)), (3, (3, 0.000415746, 5.1452e-5, 0.000467396))]), (24160, 16, 0.000817695, [(4, (0, 0.00066464, 1.3651e-5, 0.000678492)), (4, (1, 0.000733104, 3.8927e-5, 0.000772206)), (4, (2, 0.000714166, 2.544e-5, 0.000739809)), (4, (3, 0.000692795, 7.8705e-5, 0.000772352))]), (24176, 15, 0.000625163, [(4, (0, 0.000514313, 4.081e-6, 0.000518547)), (4, (1, 0.000529089, 7.152e-5, 0.000600961)), (4, (2, 0.000551426, 4.477e-6, 0.000556096)), (3, (3, 0.00040179, 6.3349e-5, 0.000465416))]), (24192, 15, 0.000656481, [(4, (0, 0.000507759, 4.417e-6, 0.000512326)), (4, (1, 0.000566388, 6.9033e-5, 0.000635602)), (4, (2, 0.000565614, 6.0898e-5, 0.000626725)), (3, (3, 0.000419214, 7.4857e-5, 0.000494281))]), (24208, 15, 0.000978304, [(4, (0, 0.000779805, 2.0726e-5, 0.000800708)), (4, (1, 0.000857983, 9.2371e-5, 0.000951063)), (4, (2, 0.000827835, 3.2198e-5, 0.000860215)), (3, (3, 0.00060903, 4.6052e-5, 0.000655297))]), (24224, 16, 0.00083975, [(4, (0, 0.000657177, 1.3459e-5, 0.000670822)), (4, (1, 0.000723681, 9.145e-5, 0.000815334)), (4, (2, 0.000685764, 2.514e-5, 0.000711097)), (4, (3, 0.000549585, 9.7921e-5, 0.000647685))]), (24240, 16, 0.000973535, [(4, (0, 0.000677165, 1.5986e-5, 0.00069333)), (4, (1, 0.00090063, 5.1106e-5, 0.000951939)), (4, (2, 0.000813154, 3.1709e-5, 0.000845181)), (4, (3, 0.000779644, 5.864e-5, 0.000838504))]), (24256, 16, 0.001133647, [(4, (0, 0.001111759, 2.0846e-5, 0.001132805)), (4, (1, 0.000818738, 6.8882e-5, 0.000887815)), (4, (2, 0.000810541, 3.4755e-5, 0.000845497)), (4, (3, 0.000884703, 6.9013e-5, 0.000954034))]), (24272, 16, 0.000991424, [(4, (0, 0.000626356, 1.5002e-5, 0.000641549)), (4, (1, 0.000662163, 8.0658e-5, 0.000743046)), (4, (2, 0.000939991, 2.9183e-5, 0.000969334)), (4, (3, 0.000690002, 8.6763e-5, 0.000777102))]), (24288, 15, 0.000726878, [(4, (0, 0.000550826, 5.116e-6, 0.000556096)), (4, (1, 0.000645678, 6.0364e-5, 0.000706248)), (4, (2, 0.00063314, 5.4632e-5, 0.000687996)), (3, (3, 0.000510436, 0.000112556, 0.000623928))]), (24304, 16, 0.0007223, [(4, (0, 0.000573722, 1.9593e-5, 0.000593506)), (4, (1, 0.000657479, 4.0306e-5, 0.000697975)), (4, (2, 0.000655878, 2.8566e-5, 0.000684613)), (4, (3, 0.0005621, 5.1392e-5, 0.000613742))]), (24320, 15, 0.001102154, [(4, (0, 0.00078268, 2.232e-5, 0.000805311)), (4, (1, 0.000699504, 5.8142e-5, 0.000758014)), (4, (2, 0.001003632, 6.9534e-5, 0.001073545)), (3, (3, 0.000426346, 8.9531e-5, 0.000516345))]), (24336, 12, 0.000647393, [(3, (0, 0.000449409, 2.5774e-5, 0.000475388)), (3, (1, 0.000528203, 6.2547e-5, 0.000591007)), (3, (2, 0.000479216, 4.0123e-5, 0.000519679)), (3, (3, 0.00055894, 5.3093e-5, 0.000612274))]), (24352, 15, 0.000858796, [(4, (0, 0.000704197, 2.3105e-5, 0.000727557)), (4, (1, 0.00077758, 5.3449e-5, 0.000831218)), (4, (2, 0.000732346, 4.6503e-5, 0.000779176)), (3, (3, 0.000574415, 5.8585e-5, 0.000633188))]), (24368, 14, 0.00072309, [(4, (0, 0.000535272, 2.2744e-5, 0.000558235)), (4, (1, 0.000622471, 6.4921e-5, 0.000687651)), (3, (2, 0.000544749, 3.7697e-5, 0.000582671)), (3, (3, 0.000462519, 7.1121e-5, 0.000533853))]), (24384, 15, 0.000758062, [(4, (0, 0.000654266, 2.301e-5, 0.00067749)), (4, (1, 0.000681156, 4.8546e-5, 0.000729976)), (4, (2, 0.000716343, 3.9659e-5, 0.000756277)), (3, (3, 0.000477222, 5.8329e-5, 0.000535906))]), (24400, 16, 0.00069388, [(4, (0, 0.000569185, 1.6596e-5, 0.00058597)), (4, (1, 0.000599094, 4.7236e-5, 0.000649941)), (4, (2, 0.000609097, 3.1338e-5, 0.00064067)), (4, (3, 0.000602828, 5.181e-5, 0.000654943))]), (24416, 15, 0.000932535, [(4, (0, 0.000904543, 2.6919e-5, 0.000931703)), (4, (1, 0.000813514, 5.5682e-5, 0.00086941)), (4, (2, 0.000790929, 3.994e-5, 0.000831066)), (3, (3, 0.000549288, 5.0268e-5, 0.000599777))]), (24432, 15, 0.00098033, [(4, (0, 0.000957541, 2.1737e-5, 0.000979498)), (4, (1, 0.000828904, 8.6665e-5, 0.000915773)), (4, (2, 0.000906693, 3.595e-5, 0.000942829)), (3, (3, 0.000595194, 9.1889e-5, 0.000687268))]), (24448, 12, 0.001032906, [(3, (0, 0.000621485, 1.9788e-5, 0.000641477)), (3, (1, 0.000963068, 4.2485e-5, 0.001005743)), (3, (2, 0.000958997, 3.1281e-5, 0.00099045)), (3, (3, 0.000592802, 4.7756e-5, 0.000640739))]), (24464, 15, 0.00098233, [(4, (0, 0.000918383, 2.148e-5, 0.000940094)), (4, (1, 0.00091604, 4.3841e-5, 0.000960078)), (4, (2, 0.000800015, 3.2637e-5, 0.000832837)), (3, (3, 0.000615559, 4.9644e-5, 0.000665402))]), (24480, 16, 0.001194426, [(4, (0, 0.001049196, 2.2191e-5, 0.001071572)), (4, (1, 0.000948239, 4.7433e-5, 0.000995863)), (4, (2, 0.001107036, 3.3704e-5, 0.001140921)), (4, (3, 0.00107001, 8.7491e-5, 0.0011582))]), (24496, 11, 0.000886169, [(3, (0, 0.000520627, 1.2832e-5, 0.000533622)), (3, (1, 0.00052339, 7.9702e-5, 0.000603275)), (3, (2, 0.000787932, 6.8394e-5, 0.000856864)), (2, (3, 0.000759402, 7.4202e-5, 0.000833796))]), (24512, 12, 0.000919242, [(3, (0, 0.000528232, 2.2832e-5, 0.000551252)), (3, (1, 0.000788474, 0.000107397, 0.000896126)), (3, (2, 0.000730161, 3.7873e-5, 0.000768213)), (3, (3, 0.000684055, 0.000100348, 0.000784667))]), (24528, 16, 0.001065624, [(4, (0, 0.001041213, 2.3271e-5, 0.00106476)), (4, (1, 0.000847244, 5.2693e-5, 0.000900168)), (4, (2, 0.000872195, 3.4809e-5, 0.000907188)), (4, (3, 0.000956758, 4.6488e-5, 0.001003497))]), (24544, 13, 0.000912382, [(4, (0, 0.000730453, 1.8547e-5, 0.000749197)), (3, (1, 0.000809788, 8.0106e-5, 0.000890088)), (3, (2, 0.000409636, 3.0648e-5, 0.000440457)), (3, (3, 0.000510741, 0.000111437, 0.000622379))]), (24560, 15, 0.001447622, [(4, (0, 0.000690746, 1.1278e-5, 0.000702172)), (4, (1, 0.001283447, 4.3854e-5, 0.001327504)), (4, (2, 0.000634304, 3.3339e-5, 0.000667868)), (3, (3, 0.001244413, 9.5035e-5, 0.001339714))]), (24576, 16, 0.000829163, [(4, (0, 0.000588256, 1.9973e-5, 0.000608422)), (4, (1, 0.00056621, 4.6424e-5, 0.00061281)), (4, (2, 0.000719565, 3.4257e-5, 0.000754042)), (4, (3, 0.000719535, 6.3758e-5, 0.000783801))]), (24592, 13, 0.000687631, [(4, (0, 0.000513181, 1.8243e-5, 0.000531638)), (3, (1, 0.000559348, 9.9164e-5, 0.000658726)), (3, (2, 0.000403904, 8.2356e-5, 0.000486501)), (3, (3, 0.000569899, 9.5138e-5, 0.000665257))]), (24608, 13, 0.000741405, [(4, (0, 0.000656213, 2.1752e-5, 0.000678167)), (3, (1, 0.000568816, 9.0712e-5, 0.000659698)), (3, (2, 0.000607845, 3.6443e-5, 0.000644487)), (3, (3, 0.000612486, 9.5029e-5, 0.000707735))]), (24624, 16, 0.000667653, [(4, (0, 0.000614865, 1.5094e-5, 0.000630159)), (4, (1, 0.000534442, 2.6537e-5, 0.000561179)), (4, (2, 0.000606552, 3.947e-5, 0.000646192)), (4, (3, 0.000547149, 8.566e-5, 0.00063372))]), (24640, 15, 0.000687949, [(4, (0, 0.00053033, 8.997e-6, 0.000539488)), (4, (1, 0.000567384, 8.4899e-5, 0.000652475)), (4, (2, 0.000612141, 6.699e-5, 0.000679321)), (3, (3, 0.000481132, 7.8685e-5, 0.000560018))]), (24656, 12, 0.001317468, [(3, (0, 0.000474532, 1.8663e-5, 0.000493395)), (3, (1, 0.001181358, 0.000109145, 0.001290853)), (3, (2, 0.001045629, 3.2763e-5, 0.001078618)), (3, (3, 0.000407165, 0.000109243, 0.000516611))]), (24672, 16, 0.00222725, [(4, (0, 0.001552137, 2.0446e-5, 0.001572782)), (4, (1, 0.001800476, 5.9869e-5, 0.001860687)), (4, (2, 0.001944995, 3.4206e-5, 0.001979426)), (4, (3, 0.002137971, 4.6646e-5, 0.002184814))]), (24688, 15, 0.001564439, [(4, (0, 0.000889368, 1.871e-5, 0.000908288)), (4, (1, 0.001407319, 5.0267e-5, 0.001458029)), (4, (2, 0.00090284, 3.082e-5, 0.000933853)), (3, (3, 0.001007898, 4.2866e-5, 0.001050942))]), (24704, 13, 0.000659859, [(4, (0, 0.000647321, 1.1769e-5, 0.000659243)), (3, (1, 0.000532233, 6.4187e-5, 0.000596653)), (3, (2, 0.000403604, 4.6563e-5, 0.000450343)), (3, (3, 0.000440904, 5.7672e-5, 0.000498748))]), (24720, 13, 0.001065828, [(4, (0, 0.001043639, 2.1201e-5, 0.00106503)), (3, (1, 0.000587471, 8.9875e-5, 0.000677537)), (3, (2, 0.0007989, 3.3502e-5, 0.000832587)), (3, (3, 0.000649136, 9.5458e-5, 0.000744839))]), (24736, 14, 0.000742174, [(4, (0, 0.00055963, 1.8918e-5, 0.000578745)), (4, (1, 0.000507695, 0.00020813, 0.000716034)), (3, (2, 0.000478528, 3.0262e-5, 0.000508975)), (3, (3, 0.000475908, 0.000162479, 0.000638698))]), (24752, 10, 0.000862413, [(3, (0, 0.00045235, 1.9562e-5, 0.000472099)), (3, (1, 0.000626388, 0.000165801, 0.000792533)), (2, (2, 0.00026069, 3.3018e-5, 0.000293892)), (2, (3, 0.000272811, 0.00014906, 0.000422064))]), (24768, 14, 0.000729679, [(4, (0, 0.000580139, 2.6026e-5, 0.000606365)), (4, (1, 0.000655638, 3.8492e-5, 0.000694373)), (3, (2, 0.000573858, 0.00012728, 0.000701464)), (3, (3, 0.000459728, 0.000177981, 0.000638537))]), (24784, 13, 0.000661471, [(4, (0, 0.000635284, 2.5116e-5, 0.000660622)), (3, (1, 0.000539561, 5.9897e-5, 0.00059966)), (3, (2, 0.000449431, 8.6844e-5, 0.000539752)), (3, (3, 0.000465688, 9.9542e-5, 0.000565544))]), (24800, 15, 0.000913119, [(4, (0, 0.000486798, 2.103e-5, 0.000508059)), (4, (1, 0.000562894, 0.000113013, 0.000676334)), (4, (2, 0.000845364, 3.32e-5, 0.000878745)), (3, (3, 0.000411534, 0.000101625, 0.000513439))]), (24816, 16, 0.000773123, [(4, (0, 0.000641466, 2.0396e-5, 0.000662089)), (4, (1, 0.000693793, 5.3215e-5, 0.00074742)), (4, (2, 0.000668708, 3.1776e-5, 0.000700676)), (4, (3, 0.00062614, 5e-5, 0.000676322))]), (24832, 16, 0.001017642, [(4, (0, 0.000778486, 2.1171e-5, 0.000799833)), (4, (1, 0.00090901, 7.7734e-5, 0.000987407)), (4, (2, 0.000787439, 8.5061e-5, 0.000872727)), (4, (3, 0.000769356, 9.4578e-5, 0.000864128))]), (24848, 16, 0.00072032, [(4, (0, 0.000500973, 1.7386e-5, 0.00051856)), (4, (1, 0.000525551, 7.7383e-5, 0.000603144)), (4, (2, 0.000529114, 3.2914e-5, 0.000562225)), (4, (3, 0.000593134, 8.1625e-5, 0.000675228))]), (24864, 16, 0.00112209, [(4, (0, 0.000809445, 2.0535e-5, 0.000830177)), (4, (1, 0.0009813, 5.7251e-5, 0.001038879)), (4, (2, 0.000984741, 4.6604e-5, 0.001031541)), (4, (3, 0.00101325, 6.2804e-5, 0.001079456))]), (24880, 15, 0.001051735, [(4, (0, 0.000632583, 1.7662e-5, 0.000650444)), (4, (1, 0.00088342, 0.000142833, 0.001026475)), (4, (2, 0.000563298, 8.5738e-5, 0.000649227)), (3, (3, 0.000427174, 0.000146981, 0.000574718))]), (24896, 16, 0.000767766, [(4, (0, 0.0005142, 1.77e-5, 0.000532101)), (4, (1, 0.000538565, 6.217e-5, 0.000600996)), (4, (2, 0.000526018, 3.3694e-5, 0.000559942)), (4, (3, 0.00066747, 5.9429e-5, 0.000727218))]), (24912, 16, 0.000934321, [(4, (0, 0.000913305, 2.009e-5, 0.000933588)), (4, (1, 0.000883815, 4.2733e-5, 0.000926745)), (4, (2, 0.000831276, 3.2742e-5, 0.000864199)), (4, (3, 0.000853775, 4.8479e-5, 0.000902521))]), (24928, 13, 0.000942289, [(4, (0, 0.000689339, 1.7638e-5, 0.000707176)), (3, (1, 0.000574403, 9.2968e-5, 0.000667925)), (3, (2, 0.000885866, 2.9688e-5, 0.000918573)), (3, (3, 0.000564665, 0.000113894, 0.000679141))]), (24944, 16, 0.000999892, [(4, (0, 0.00071896, 1.1923e-5, 0.000731077)), (4, (1, 0.000800005, 2.1155e-5, 0.000821356)), (4, (2, 0.000774325, 3.6639e-5, 0.000811199)), (4, (3, 0.000878062, 8.3837e-5, 0.000962633))]), (24960, 16, 0.001074445, [(4, (0, 0.000800186, 9.018e-6, 0.000809515)), (4, (1, 0.001030611, 1.4101e-5, 0.001044958)), (4, (2, 0.000690335, 1.0629e-5, 0.00070121)), (4, (3, 0.000712896, 4.7705e-5, 0.000761149))]), (24976, 16, 0.000914049, [(4, (0, 0.000751465, 1.1851e-5, 0.000763479)), (4, (1, 0.000805837, 8.3427e-5, 0.000889475)), (4, (2, 0.000804032, 2.2396e-5, 0.000826676)), (4, (3, 0.000742053, 8.3848e-5, 0.000826376))]), (24992, 16, 0.00092395, [(4, (0, 0.00068871, 1.8087e-5, 0.00070698)), (4, (1, 0.000807566, 4.8652e-5, 0.000856489)), (4, (2, 0.00073985, 3.1059e-5, 0.000771088)), (4, (3, 0.000732208, 0.000106207, 0.000839143))]), (25008, 16, 0.000918953, [(4, (0, 0.000725793, 2.1067e-5, 0.000747094)), (4, (1, 0.000784226, 5.1297e-5, 0.000835747)), (4, (2, 0.000724329, 3.6461e-5, 0.000761001)), (4, (3, 0.000831771, 5.7387e-5, 0.000889376))]), (25024, 16, 0.000988156, [(4, (0, 0.000965905, 2.1238e-5, 0.000987377)), (4, (1, 0.000886339, 4.9325e-5, 0.000935867)), (4, (2, 0.000815681, 3.5298e-5, 0.0008512)), (4, (3, 0.00066586, 6.2051e-5, 0.000728116))]), (25040, 15, 0.001218885, [(4, (0, 0.000519248, 1.7552e-5, 0.000537016)), (4, (1, 0.000541689, 8.1658e-5, 0.00062351)), (4, (2, 0.001123807, 2.983e-5, 0.001153818)), (3, (3, 0.000392133, 0.000139393, 0.000531922))]), (25056, 15, 0.000895256, [(4, (0, 0.000613343, 9.329e-6, 0.00062284)), (4, (1, 0.000827858, 4.4846e-5, 0.000872903)), (4, (2, 0.000687811, 3.1005e-5, 0.000719017)), (3, (3, 0.000541431, 8.4953e-5, 0.0006273))]), (25072, 14, 0.00068204, [(4, (0, 0.000662227, 1.8854e-5, 0.000681298)), (4, (1, 0.000633317, 4.1872e-5, 0.000675374)), (3, (2, 0.000454122, 3.0942e-5, 0.000485274)), (3, (3, 0.000529594, 9.3553e-5, 0.000623375))]), (25088, 16, 0.000987499, [(4, (0, 0.000471589, 1.5631e-5, 0.000487408)), (4, (1, 0.000516734, 5.0088e-5, 0.000567007)), (4, (2, 0.000888836, 3.3626e-5, 0.000922634)), (4, (3, 0.000582603, 5.304e-5, 0.000635853))]), (25104, 14, 0.00076876, [(4, (0, 0.000709385, 9.319e-6, 0.00071885)), (4, (1, 0.000600596, 5.2476e-5, 0.00065328)), (3, (2, 0.000430168, 4.0325e-5, 0.000470678)), (3, (3, 0.000628782, 9.662e-5, 0.000725702))]), (25120, 13, 0.000770378, [(4, (0, 0.00071493, 1.0333e-5, 0.000725413)), (3, (1, 0.000638079, 4.0549e-5, 0.000678933)), (3, (2, 0.000645088, 2.3796e-5, 0.000669083)), (3, (3, 0.000698139, 3.4566e-5, 0.000732922))]), (25136, 16, 0.000681087, [(4, (0, 0.000609416, 1.671e-5, 0.000626325)), (4, (1, 0.000567714, 4.4041e-5, 0.00061196)), (4, (2, 0.000627932, 3.1283e-5, 0.000659421)), (4, (3, 0.000588998, 5.1342e-5, 0.000640547))]), (25152, 16, 0.000733594, [(4, (0, 0.000716804, 1.5934e-5, 0.000732926)), (4, (1, 0.00056827, 3.8854e-5, 0.00060732)), (4, (2, 0.000552187, 2.7795e-5, 0.000580174)), (4, (3, 0.000553072, 4.6418e-5, 0.000599691))]), (25168, 16, 0.000885226, [(4, (0, 0.000517939, 1.9314e-5, 0.000537472)), (4, (1, 0.000621133, 4.852e-5, 0.000669891)), (4, (2, 0.000831673, 3.1112e-5, 0.000862963)), (4, (3, 0.000707098, 4.2861e-5, 0.00075014))]), (25184, 13, 0.000848203, [(4, (0, 0.000754056, 1.1015e-5, 0.000765291)), (3, (1, 0.000691288, 0.00010504, 0.00079785)), (3, (2, 0.000542237, 3.5099e-5, 0.000577687)), (3, (3, 0.00075847, 4.0977e-5, 0.000799631))]), (25200, 15, 0.000996565, [(4, (0, 0.000915139, 2.3036e-5, 0.000938356)), (4, (1, 0.0008839, 2.5559e-5, 0.00090965)), (4, (2, 0.000895946, 7.8425e-5, 0.000974564)), (3, (3, 0.000648324, 8.4451e-5, 0.000733))]), (25216, 16, 0.001037455, [(4, (0, 0.001017557, 1.8959e-5, 0.001036724)), (4, (1, 0.000967667, 4.3594e-5, 0.001011442)), (4, (2, 0.000857855, 3.1473e-5, 0.000889507)), (4, (3, 0.000914822, 4.9205e-5, 0.000964265))]), (25232, 15, 0.000855271, [(4, (0, 0.000720031, 1.7011e-5, 0.000737246)), (4, (1, 0.00078776, 4.3111e-5, 0.000831066)), (4, (2, 0.000818832, 3.4629e-5, 0.000853659)), (3, (3, 0.000541749, 4.9171e-5, 0.00059111))]), (25248, 16, 0.000829816, [(4, (0, 0.000495378, 1.299e-5, 0.000508568)), (4, (1, 0.000500949, 0.000254601, 0.000755871)), (4, (2, 0.000490418, 2.4308e-5, 0.000514898)), (4, (3, 0.000505236, 0.000259594, 0.000765099))]), (25264, 15, 0.000823587, [(4, (0, 0.00079573, 2.6916e-5, 0.000822847)), (4, (1, 0.000668767, 7.4245e-5, 0.000746537)), (4, (2, 0.000657019, 4.0134e-5, 0.000697334)), (3, (3, 0.000442996, 7.4043e-5, 0.000517347))]), (25280, 15, 0.000944903, [(4, (0, 0.000829224, 1.7573e-5, 0.00084704)), (4, (1, 0.000738852, 4.1942e-5, 0.000780978)), (4, (2, 0.000721613, 2.9129e-5, 0.00075092)), (3, (3, 0.000819483, 9.2776e-5, 0.000912502))]), (25296, 14, 0.000792897, [(4, (0, 0.000770235, 2.1806e-5, 0.000792239)), (4, (1, 0.000689602, 4.6709e-5, 0.000736662)), (3, (2, 0.000655752, 3.2636e-5, 0.000688575)), (3, (3, 0.000599705, 5.2596e-5, 0.000652534))]), (25312, 15, 0.001098285, [(4, (0, 0.000649191, 2.2003e-5, 0.000671375)), (4, (1, 0.000684722, 9.0853e-5, 0.000775786)), (4, (2, 0.000991618, 8.0926e-5, 0.001072868)), (3, (3, 0.000698523, 9.6309e-5, 0.000795122))]), (25328, 15, 0.000676727, [(4, (0, 0.000639885, 2.5704e-5, 0.000665781)), (4, (1, 0.000598069, 5.782e-5, 0.000656124)), (4, (2, 0.000627324, 4.0556e-5, 0.000668097)), (3, (3, 0.000515691, 5.4052e-5, 0.000569926))]), (25344, 14, 0.000724076, [(4, (0, 0.000542341, 2.0468e-5, 0.000562977)), (4, (1, 0.00065827, 4.4334e-5, 0.000702773)), (3, (2, 0.000418119, 3.2533e-5, 0.000450832)), (3, (3, 0.000457801, 5.0073e-5, 0.000508059))]), (25360, 12, 0.00101039, [(3, (0, 0.000641388, 1.949e-5, 0.000661078)), (3, (1, 0.000453537, 4.2462e-5, 0.000496181)), (3, (2, 0.000950155, 3.1527e-5, 0.000981861)), (3, (3, 0.000445043, 4.8041e-5, 0.000493296))]), (25376, 14, 0.00114225, [(4, (0, 0.001118833, 2.2357e-5, 0.001141389)), (4, (1, 0.000694049, 3.4237e-5, 0.000728463)), (3, (2, 0.000741008, 4.8951e-5, 0.000790159)), (3, (3, 0.000656209, 9.4168e-5, 0.000750547))]), (25392, 11, 0.001066095, [(3, (0, 0.000684733, 2.1213e-5, 0.000706209)), (3, (1, 0.000637036, 0.000123829, 0.000761088)), (3, (2, 0.000972357, 7.1448e-5, 0.001043994)), (2, (3, 0.000773959, 0.000160847, 0.000935366))]), (25408, 14, 0.000992791, [(4, (0, 0.000517009, 1.9852e-5, 0.000537073)), (4, (1, 0.000915481, 5.0655e-5, 0.000966338)), (3, (2, 0.000678692, 3.183e-5, 0.000710699)), (3, (3, 0.000745226, 4.5857e-5, 0.000791294))]), (25424, 14, 0.00098014, [(4, (0, 0.000958042, 2.1066e-5, 0.000979313)), (4, (1, 0.000901414, 3.5157e-5, 0.000936767)), (3, (2, 0.000621423, 4.6254e-5, 0.000667866)), (3, (3, 0.000717189, 5.1472e-5, 0.000768885))]), (25440, 15, 0.001087788, [(4, (0, 0.000796953, 1.7481e-5, 0.000814636)), (4, (1, 0.000905378, 0.000151715, 0.001057451)), (4, (2, 0.000875755, 2.9054e-5, 0.000904997)), (3, (3, 0.000519639, 0.00010331, 0.000623239))]), (25456, 11, 0.000818583, [(3, (0, 0.000804669, 1.3212e-5, 0.000818022)), (3, (1, 0.00052003, 0.000107263, 0.000627523)), (3, (2, 0.000599741, 4.6282e-5, 0.000646217)), (2, (3, 0.000376966, 5.5817e-5, 0.000432966))]), (25472, 15, 0.00131752, [(4, (0, 0.001029768, 2.0937e-5, 0.001050876)), (4, (1, 0.000708472, 4.7124e-5, 0.000755777)), (4, (2, 0.001253496, 3.5802e-5, 0.001289498)), (3, (3, 0.000556767, 5.3674e-5, 0.000610659))]), (25488, 14, 0.000966316, [(4, (0, 0.000675749, 1.9638e-5, 0.000695593)), (4, (1, 0.000879997, 6.1917e-5, 0.000942131)), (3, (2, 0.000700754, 3.1416e-5, 0.000732333)), (3, (3, 0.000796981, 7.9143e-5, 0.00087648))]), (25504, 14, 0.000962702, [(4, (0, 0.000780718, 2.2538e-5, 0.000803441)), (4, (1, 0.000887182, 4.9192e-5, 0.00093657)), (3, (2, 0.000816572, 3.6898e-5, 0.000853665)), (3, (3, 0.000623461, 7.3908e-5, 0.000697677))]), (25520, 13, 0.001373745, [(4, (0, 0.000736719, 1.1298e-5, 0.000748173)), (3, (1, 0.000613849, 3.5891e-5, 0.00064993)), (3, (2, 0.000646459, 2.5246e-5, 0.000671894)), (3, (3, 0.001234804, 9.1256e-5, 0.001326308))]), (25536, 16, 0.001250899, [(4, (0, 0.000653619, 2.1219e-5, 0.000675024)), (4, (1, 0.001150064, 3.5913e-5, 0.001186154)), (4, (2, 0.001189383, 2.6013e-5, 0.001215582)), (4, (3, 0.000600569, 4.2565e-5, 0.000643363))]), (25552, 15, 0.000657106, [(4, (0, 0.00060131, 9.526e-6, 0.000610987)), (4, (1, 0.000611338, 2.4431e-5, 0.000635962)), (4, (2, 0.000628665, 1.1987e-5, 0.000640841)), (3, (3, 0.000450768, 0.000133479, 0.000584559))]), (25568, 14, 0.000831989, [(4, (0, 0.000810642, 2.0305e-5, 0.000831152)), (4, (1, 0.000662504, 2.6279e-5, 0.000688974)), (3, (2, 0.000784456, 4.4956e-5, 0.000829689)), (3, (3, 0.000431748, 4.6654e-5, 0.000478584))]), (25584, 4, 0.000305617, [(1, (0, 0.000220167, 1.8782e-5, 0.000239151)), (1, (1, 0.000128868, 0.000153163, 0.000283291)), (1, (2, 0.000119496, 3.3587e-5, 0.00015326)), (1, (3, 0.000144, 0.000153599, 0.000297696))]), (25600, 16, 0.000766981, [(4, (0, 0.000561397, 1.5262e-5, 0.000576846)), (4, (1, 0.000589012, 0.000109607, 0.000698905)), (4, (2, 0.000573015, 2.6878e-5, 0.000600098)), (4, (3, 0.000614661, 0.000110627, 0.000725525))]), (25616, 15, 0.000842237, [(4, (0, 0.000824698, 1.6568e-5, 0.000841448)), (4, (1, 0.000655844, 5.7595e-5, 0.000713748)), (4, (2, 0.000688067, 2.8374e-5, 0.00071665)), (3, (3, 0.000445131, 5.9173e-5, 0.000504546))]), (25632, 15, 0.001490533, [(4, (0, 0.001015287, 1.7785e-5, 0.001033275)), (4, (1, 0.00130234, 0.000107204, 0.001409863)), (4, (2, 0.000804987, 2.9407e-5, 0.000834581)), (3, (3, 0.000408036, 0.000142381, 0.000551166))]), (25648, 15, 0.001429491, [(4, (0, 0.001003324, 1.1131e-5, 0.001014628)), (4, (1, 0.001377341, 2.8008e-5, 0.001405564)), (4, (2, 0.000748508, 1.2658e-5, 0.000761383)), (3, (3, 0.000835104, 4.293e-5, 0.000878252))]), (25664, 13, 0.00069488, [(4, (0, 0.000670221, 1.8442e-5, 0.00068886)), (3, (1, 0.000429402, 0.000154256, 0.00058398)), (3, (2, 0.000587591, 3.0498e-5, 0.00061829)), (3, (3, 0.0004831, 0.000189067, 0.000672661))]), (25680, 13, 0.000805757, [(4, (0, 0.000788597, 1.6238e-5, 0.00080503)), (3, (1, 0.000431726, 2.5049e-5, 0.000456981)), (3, (2, 0.000674136, 4.3171e-5, 0.000717591)), (3, (3, 0.000501474, 4.8793e-5, 0.000550598))]), (25696, 15, 0.000753259, [(4, (0, 0.000568052, 1.5646e-5, 0.000583893)), (4, (1, 0.000673493, 5.7488e-5, 0.000731217)), (4, (2, 0.000540328, 2.9204e-5, 0.000569716)), (3, (3, 0.000400349, 9.2948e-5, 0.00049382))]), (25712, 13, 0.001140862, [(4, (0, 0.00065884, 1.8364e-5, 0.000677401)), (3, (1, 0.000639016, 2.9738e-5, 0.000668928)), (3, (2, 0.001004166, 8.0498e-5, 0.001084978)), (3, (3, 0.000528151, 8.1946e-5, 0.000610971))]), (25728, 16, 0.00104708, [(4, (0, 0.000810322, 1.1409e-5, 0.000821875)), (4, (1, 0.000895118, 0.000124116, 0.001020057)), (4, (2, 0.000864526, 2.2839e-5, 0.000887547)), (4, (3, 0.000875843, 8.7891e-5, 0.000964064))]), (25744, 15, 0.00084014, [(4, (0, 0.000683291, 2.1348e-5, 0.000704853)), (4, (1, 0.000748269, 6.5832e-5, 0.000814412)), (4, (2, 0.000691888, 3.2701e-5, 0.000724765)), (3, (3, 0.000400776, 6.6225e-5, 0.00046718))]), (25760, 13, 0.000730862, [(4, (0, 0.000561017, 2.0779e-5, 0.000581995)), (3, (1, 0.000469523, 0.000149068, 0.000618893)), (3, (2, 0.000393302, 3.3829e-5, 0.000427322)), (3, (3, 0.000519358, 0.000169964, 0.000689795))]), (25776, 16, 0.001058296, [(4, (0, 0.000578155, 2.107e-5, 0.000599425)), (4, (1, 0.000658305, 2.7412e-5, 0.000685915)), (4, (2, 0.000949038, 3.6713e-5, 0.000985969)), (4, (3, 0.00092884, 4.062e-5, 0.000969643))]), (25792, 16, 0.0015292, [(4, (0, 0.001321508, 1.3432e-5, 0.001335112)), (4, (1, 0.001406095, 9.7081e-5, 0.001503497)), (4, (2, 0.001285967, 2.5494e-5, 0.001311658)), (4, (3, 0.001299169, 9.7639e-5, 0.001397026))]), (25808, 15, 0.000953304, [(4, (0, 0.00048477, 1.6214e-5, 0.000501206)), (4, (1, 0.000763569, 0.000150625, 0.000914519)), (4, (2, 0.000602736, 2.9251e-5, 0.000632187)), (3, (3, 0.000638824, 0.000250991, 0.000890121))]), (25824, 11, 0.001096715, [(3, (0, 0.0006058, 2.2162e-5, 0.000628176)), (3, (1, 0.000933431, 0.000127902, 0.001061647)), (3, (2, 0.000895131, 3.0406e-5, 0.000925866)), (2, (3, 0.000584904, 3.4816e-5, 0.000619902))]), (25840, 15, 0.000915568, [(4, (0, 0.000696347, 1.706e-5, 0.00071359)), (4, (1, 0.000845637, 3.3755e-5, 0.000879582)), (4, (2, 0.000618006, 0.000152456, 0.000770766)), (3, (3, 0.000390557, 0.000194706, 0.000586078))]), (25856, 10, 0.001057023, [(3, (0, 0.001036954, 1.9094e-5, 0.001056247)), (3, (1, 0.000480423, 0.000112846, 0.000593566)), (2, (2, 0.000441925, 3.0599e-5, 0.000472714)), (2, (3, 0.000667623, 0.000146432, 0.000814905))]), (25872, 16, 0.00141434, [(4, (0, 0.000796438, 1.5993e-5, 0.000812633)), (4, (1, 0.00104587, 0.00020843, 0.001254598)), (4, (2, 0.001124754, 2.806e-5, 0.001153009)), (4, (3, 0.001149008, 0.000223634, 0.001372963))]), (25888, 13, 0.001293752, [(4, (0, 0.001272604, 2.0304e-5, 0.001293092)), (3, (1, 0.000999842, 5.6069e-5, 0.001056235)), (3, (2, 0.000837649, 6.2394e-5, 0.000900253)), (3, (3, 0.000751182, 6.4357e-5, 0.000815837))]), (25904, 16, 0.001217747, [(4, (0, 0.000611576, 1.9957e-5, 0.00063173)), (4, (1, 0.001030064, 0.000160686, 0.001191087)), (4, (2, 0.000717977, 3.9098e-5, 0.000757273)), (4, (3, 0.000907496, 0.000198017, 0.001106521))]), (25920, 14, 0.000882832, [(4, (0, 0.000658241, 1.7917e-5, 0.00067636)), (4, (1, 0.000767195, 9.185e-5, 0.000859332)), (3, (2, 0.000684159, 3.0471e-5, 0.00071483)), (3, (3, 0.000661184, 9.5152e-5, 0.000756566))]), (25936, 16, 0.001326294, [(4, (0, 0.000993256, 2.0004e-5, 0.001013463)), (4, (1, 0.001224667, 2.8746e-5, 0.001253611)), (4, (2, 0.001075781, 0.000104544, 0.001180645)), (4, (3, 0.001156621, 0.000104967, 0.001261789))]), (25952, 12, 0.00081428, [(3, (0, 0.000614703, 1.6929e-5, 0.000631829)), (3, (1, 0.000726818, 6.3666e-5, 0.000790691)), (3, (2, 0.000530364, 5.6457e-5, 0.000587116)), (3, (3, 0.00053695, 6.7864e-5, 0.000605002))]), (25968, 16, 0.001423932, [(4, (0, 0.000520012, 1.7726e-5, 0.000537922)), (4, (1, 0.000695662, 0.000104011, 0.000799985)), (4, (2, 0.001029725, 5.4667e-5, 0.001084614)), (4, (3, 0.001121773, 0.000186044, 0.001308108))]), (25984, 15, 0.000848024, [(4, (0, 0.000767827, 1.6379e-5, 0.000784376)), (4, (1, 0.000766661, 4.4411e-5, 0.000811435)), (4, (2, 0.000719469, 5.2689e-5, 0.000772334)), (3, (3, 0.000688877, 0.000117286, 0.000806411))]), (26000, 15, 0.000901644, [(4, (0, 0.000479113, 1.4153e-5, 0.00049349)), (4, (1, 0.000795774, 7.1465e-5, 0.000867444)), (4, (2, 0.00084089, 5.7763e-5, 0.000899001)), (3, (3, 0.000377814, 7.5265e-5, 0.00045329))]), (26016, 9, 0.000693618, [(3, (0, 0.000671457, 2.1363e-5, 0.000692997)), (2, (1, 0.000323675, 3.8999e-5, 0.000362892)), (2, (2, 0.000340428, 5.0982e-5, 0.000391588)), (2, (3, 0.000296545, 0.000128009, 0.000424847))]), (26032, 16, 0.00142969, [(4, (0, 0.000593088, 1.8141e-5, 0.000611424)), (4, (1, 0.000773932, 0.000109244, 0.000883521)), (4, (2, 0.000980482, 3.8443e-5, 0.001019154)), (4, (3, 0.00122976, 0.000160377, 0.001390461))]), (26048, 16, 0.001793878, [(4, (0, 0.001388831, 2.3955e-5, 0.001413027)), (4, (1, 0.001596763, 0.000157024, 0.00175458)), (4, (2, 0.001494384, 3.652e-5, 0.001531096)), (4, (3, 0.001187784, 0.000109866, 0.001297965))]), (26064, 15, 0.000685184, [(4, (0, 0.00050457, 1.7202e-5, 0.000522011)), (4, (1, 0.000495933, 0.000104922, 0.000601169)), (4, (2, 0.000533486, 2.8283e-5, 0.000561949)), (3, (3, 0.000512627, 0.000137148, 0.00065053))]), (26080, 13, 0.000844697, [(4, (0, 0.000739447, 2.0671e-5, 0.000760319)), (3, (1, 0.00067703, 0.000117649, 0.000795005)), (3, (2, 0.000543727, 3.1576e-5, 0.000575486)), (3, (3, 0.000709058, 0.000120249, 0.000829551))]), (26096, 16, 0.001077113, [(4, (0, 0.001050489, 1.6674e-5, 0.001067357)), (4, (1, 0.000633655, 0.000106514, 0.000740499)), (4, (2, 0.000751453, 4.3005e-5, 0.00079466)), (4, (3, 0.000947355, 0.000106939, 0.001054517))]), (26112, 14, 0.001698871, [(4, (0, 0.001098327, 2.1947e-5, 0.00112045)), (4, (1, 0.001534289, 0.000123098, 0.001657715)), (3, (2, 0.001430689, 3.3107e-5, 0.001464018)), (3, (3, 0.001023978, 0.000125302, 0.001149493))]), (26128, 12, 0.000814201, [(3, (0, 0.000374204, 2.2146e-5, 0.000396612)), (3, (1, 0.000690936, 5.7472e-5, 0.00074861)), (3, (2, 0.000756189, 3.5478e-5, 0.000791877)), (3, (3, 0.000580407, 5.6045e-5, 0.00063669))]), (26144, 13, 0.001146379, [(4, (0, 0.000955604, 2.1994e-5, 0.000977795)), (3, (1, 0.000992846, 0.000106907, 0.001100077)), (3, (2, 0.001020665, 3.3032e-5, 0.001053888)), (3, (3, 0.00098905, 0.000108225, 0.001097458))]), (26160, 15, 0.001653444, [(4, (0, 0.000527926, 1.6745e-5, 0.000544856)), (4, (1, 0.000869982, 0.000102841, 0.000973124)), (4, (2, 0.001602772, 2.9144e-5, 0.00163213)), (3, (3, 0.000449919, 0.000103712, 0.000553817))]), (26176, 16, 0.001495967, [(4, (0, 0.00075461, 7.784e-6, 0.000762539)), (4, (1, 0.001337544, 8.9586e-5, 0.001427449)), (4, (2, 0.000987239, 4.7916e-5, 0.001035339)), (4, (3, 0.000957581, 5.8571e-5, 0.001016338))]), (26192, 16, 0.001974424, [(4, (0, 0.001954468, 1.8743e-5, 0.001973378)), (4, (1, 0.001229138, 0.000171871, 0.00140167)), (4, (2, 0.001279707, 1.9208e-5, 0.001299103)), (4, (3, 0.001238557, 0.000142726, 0.001381581))]), (26208, 16, 0.001075604, [(4, (0, 0.000774009, 1.7147e-5, 0.000791347)), (4, (1, 0.000851458, 0.000199251, 0.001051354)), (4, (2, 0.000521148, 3.1373e-5, 0.000552686)), (4, (3, 0.000552648, 0.000163341, 0.000716306))]), (26224, 16, 0.000833513, [(4, (0, 0.000572989, 1.7908e-5, 0.000591096)), (4, (1, 0.000609324, 2.9113e-5, 0.000638711)), (4, (2, 0.000506109, 0.000107942, 0.000614395)), (4, (3, 0.000687062, 0.000108478, 0.000795772))]), (26240, 15, 0.000685395, [(4, (0, 0.000667298, 1.7231e-5, 0.000684708)), (4, (1, 0.000591842, 5.2451e-5, 0.000644522)), (4, (2, 0.000626092, 4.2461e-5, 0.000668712)), (3, (3, 0.000445184, 9.444e-5, 0.000539918))]), (26256, 14, 0.001147033, [(4, (0, 0.000945157, 2.1222e-5, 0.000966578)), (4, (1, 0.00101842, 0.000104197, 0.001122928)), (3, (2, 0.000693299, 3.3859e-5, 0.000727368)), (3, (3, 0.000778117, 0.00010434, 0.000882659))]), (26272, 16, 0.000800055, [(4, (0, 0.00074559, 1.4239e-5, 0.000760011)), (4, (1, 0.00063142, 0.000144078, 0.000779309)), (4, (2, 0.000582228, 2.6241e-5, 0.00060867)), (4, (3, 0.000552701, 0.00010943, 0.000666632))]), (26288, 16, 0.00095623, [(4, (0, 0.000538936, 1.3661e-5, 0.000552789)), (4, (1, 0.000838516, 2.9066e-5, 0.000867806)), (4, (2, 0.000822513, 0.000104407, 0.000927204)), (4, (3, 0.000655398, 0.000105395, 0.000760987))]), (26304, 15, 0.000906814, [(4, (0, 0.000594196, 1.9033e-5, 0.000613422)), (4, (1, 0.000724656, 3.6255e-5, 0.000761098)), (4, (2, 0.000744615, 0.000137399, 0.000882314)), (3, (3, 0.000455444, 0.000172913, 0.000628664))]), (26320, 16, 0.001478509, [(4, (0, 0.000886418, 1.8785e-5, 0.000905398)), (4, (1, 0.001343479, 0.000108092, 0.001451877)), (4, (2, 0.000881116, 3.1943e-5, 0.000913256)), (4, (3, 0.000946511, 0.000109827, 0.001056536))]), (26336, 14, 0.001254226, [(4, (0, 0.001058168, 1.7855e-5, 0.001076227)), (4, (1, 0.001085982, 0.000137515, 0.001224432)), (3, (2, 0.00089173, 3.0993e-5, 0.000922925)), (3, (3, 0.001110282, 0.000102208, 0.001212773))]), (26352, 15, 0.001180419, [(4, (0, 0.001163337, 1.6125e-5, 0.001179644)), (4, (1, 0.001004758, 5.4174e-5, 0.001059254)), (4, (2, 0.001010884, 2.8765e-5, 0.001039828)), (3, (3, 0.000610405, 9.0731e-5, 0.000701839))]), (26368, 15, 0.001040454, [(4, (0, 0.000725644, 1.359e-5, 0.000739434)), (4, (1, 0.000808179, 5.2953e-5, 0.000861358)), (4, (2, 0.000985687, 3.0939e-5, 0.001016841)), (3, (3, 0.000475281, 0.000100262, 0.000576192))]), (26384, 14, 0.001573181, [(4, (0, 0.00126704, 1.8984e-5, 0.001286238)), (4, (1, 0.001384373, 0.000161696, 0.001546383)), (3, (2, 0.000711676, 3.2766e-5, 0.000744622)), (3, (3, 0.000656663, 0.000161812, 0.000818673))]), (26400, 13, 0.000985358, [(4, (0, 0.00090818, 8.657e-6, 0.000916999)), (3, (1, 0.000876378, 8.5508e-5, 0.000962159)), (3, (2, 0.000889441, 1.7968e-5, 0.000907627)), (3, (3, 0.000525434, 0.000107197, 0.000633095))]), (26416, 15, 0.001135997, [(4, (0, 0.000920641, 8.706e-6, 0.000929499)), (4, (1, 0.000931068, 6.8431e-5, 0.000999746)), (4, (2, 0.001064169, 4.9829e-5, 0.001114183)), (3, (3, 0.000861554, 6.1803e-5, 0.000923541))]), (26432, 15, 0.000948268, [(4, (0, 0.000928914, 1.8413e-5, 0.000947539)), (4, (1, 0.000866425, 7.6659e-5, 0.000943253)), (4, (2, 0.000896321, 2.9312e-5, 0.000925827)), (3, (3, 0.000796402, 8.904e-5, 0.000885758))]), (26448, 9, 0.000499199, [(3, (0, 0.000482089, 1.6317e-5, 0.000498602)), (2, (1, 0.000299615, 4.4427e-5, 0.000344229)), (2, (2, 0.00027365, 2.7342e-5, 0.000301155)), (2, (3, 0.000322176, 4.7655e-5, 0.000370232))]), (26464, 16, 0.000835705, [(4, (0, 0.000478826, 1.6144e-5, 0.000495167)), (4, (1, 0.000772512, 4.0518e-5, 0.00081321)), (4, (2, 0.000778244, 2.6744e-5, 0.000805175)), (4, (3, 0.00055022, 7.5593e-5, 0.00062611))]), (26480, 15, 0.001241189, [(4, (0, 0.000947134, 1.9906e-5, 0.000967227)), (4, (1, 0.001157075, 6.3522e-5, 0.001220926)), (4, (2, 0.001197277, 3.5394e-5, 0.001232873)), (3, (3, 0.001111002, 6.6541e-5, 0.001177752))]), (26496, 13, 0.001446613, [(4, (0, 0.001277654, 2.2168e-5, 0.001300045)), (3, (1, 0.000909183, 5.7127e-5, 0.00096649)), (3, (2, 0.00129106, 3.2676e-5, 0.001323936)), (3, (3, 0.001335334, 6.7429e-5, 0.001403177))]), (26512, 16, 0.000811021, [(4, (0, 0.000730527, 1.7055e-5, 0.00074778)), (4, (1, 0.000760655, 2.981e-5, 0.000790656)), (4, (2, 0.000549019, 4.7928e-5, 0.000597168)), (4, (3, 0.00062161, 6.7738e-5, 0.000689666))]), (26528, 12, 0.000786909, [(3, (0, 0.00039724, 1.4666e-5, 0.000412066)), (3, (1, 0.000537041, 0.000221092, 0.000758447)), (3, (2, 0.000466277, 5.1595e-5, 0.000518093)), (3, (3, 0.000494945, 5.9734e-5, 0.000554874))]), (26544, 11, 0.000620874, [(3, (0, 0.000460278, 1.6466e-5, 0.000476918)), (3, (1, 0.000501044, 9.9468e-5, 0.000600737)), (3, (2, 0.000575376, 2.8955e-5, 0.000604548)), (2, (3, 0.000377279, 0.000125813, 0.0005034))]), (26560, 13, 0.000781087, [(4, (0, 0.000760175, 2.0073e-5, 0.000780444)), (3, (1, 0.000527479, 0.000108293, 0.000636088)), (3, (2, 0.000547143, 3.1711e-5, 0.00057902)), (3, (3, 0.000587431, 4.2748e-5, 0.000630358))]), (26576, 16, 0.001097356, [(4, (0, 0.000691719, 1.7749e-5, 0.000709651)), (4, (1, 0.000911548, 0.000157024, 0.001069825)), (4, (2, 0.000637215, 4.0921e-5, 0.000678326)), (4, (3, 0.000773726, 0.000188644, 0.000962577))]), (26592, 16, 0.000787379, [(4, (0, 0.00053753, 1.8479e-5, 0.000556205)), (4, (1, 0.000715097, 6.1468e-5, 0.000776896)), (4, (2, 0.000631711, 3.0096e-5, 0.000661989)), (4, (3, 0.000624654, 0.000112485, 0.000737445))]), (26608, 16, 0.000675286, [(4, (0, 0.000513442, 2.2744e-5, 0.000536385)), (4, (1, 0.000586836, 6.432e-5, 0.00065146)), (4, (2, 0.000626508, 3.4577e-5, 0.000661279)), (4, (3, 0.000545695, 9.7661e-5, 0.00064364))]), (26624, 15, 0.000900097, [(4, (0, 0.000621977, 2.0536e-5, 0.000642712)), (4, (1, 0.000657793, 0.000211597, 0.000869694)), (4, (2, 0.000764376, 3.1467e-5, 0.00079602)), (3, (3, 0.000473261, 0.000152116, 0.000625672))]), (26640, 15, 0.000739905, [(4, (0, 0.000524843, 1.8911e-5, 0.000543951)), (4, (1, 0.000625657, 8.9083e-5, 0.000715077)), (4, (2, 0.000613528, 3.0315e-5, 0.000644017)), (3, (3, 0.000519891, 0.000140193, 0.000660385))]), (26656, 16, 0.000856741, [(4, (0, 0.000517852, 1.1011e-5, 0.000529003)), (4, (1, 0.000582149, 0.000120987, 0.000703443)), (4, (2, 0.000788431, 4.5271e-5, 0.000834042)), (4, (3, 0.00053785, 0.000133574, 0.000671746))]), (26672, 14, 0.001103161, [(4, (0, 0.000825639, 1.7925e-5, 0.000843785)), (4, (1, 0.000886586, 0.000182275, 0.001069168)), (3, (2, 0.000616596, 3.3539e-5, 0.000650385)), (3, (3, 0.000637099, 0.000188059, 0.000825484))]), (26688, 15, 0.001179164, [(4, (0, 0.000696417, 2.3814e-5, 0.000720465)), (4, (1, 0.000965258, 0.000182903, 0.001148449)), (4, (2, 0.000580075, 3.499e-5, 0.00061526)), (3, (3, 0.000515431, 6.5826e-5, 0.000581545))]), (26704, 5, 0.000452738, [(2, (0, 0.000429121, 2.2866e-5, 0.000452176)), (1, (1, 0.000143108, 0.000200605, 0.000343841)), (1, (2, 0.000142218, 5.7621e-5, 0.000200051)), (1, (3, 0.000143279, 0.000190511, 0.00033409))]), (26720, 13, 0.001201487, [(4, (0, 0.001131831, 1.752e-5, 0.001149554)), (3, (1, 0.000923673, 0.000102943, 0.001026904)), (3, (2, 0.00091886, 2.8974e-5, 0.000948217)), (3, (3, 0.000874228, 0.000282553, 0.00115804))]), (26736, 15, 0.000617087, [(4, (0, 0.000597877, 1.8151e-5, 0.000616234)), (4, (1, 0.000571051, 3.4362e-5, 0.000605591)), (4, (2, 0.000528893, 8.207e-5, 0.000611305)), (3, (3, 0.000387494, 9.3282e-5, 0.000481081))]), (26752, 14, 0.000865993, [(4, (0, 0.000683136, 1.9779e-5, 0.000703146)), (4, (1, 0.000647094, 0.000111852, 0.000759271)), (3, (2, 0.00060843, 3.3542e-5, 0.000642166)), (3, (3, 0.000649799, 0.000178018, 0.000829063))]), (26768, 13, 0.000982416, [(4, (0, 0.000890656, 2.2761e-5, 0.000913642)), (3, (1, 0.00080468, 0.00011051, 0.000915526)), (3, (2, 0.000638715, 6.3939e-5, 0.000702831)), (3, (3, 0.000730764, 0.000214577, 0.000945641))]), (26784, 15, 0.001178265, [(4, (0, 0.00071938, 1.9306e-5, 0.000738881)), (4, (1, 0.000968334, 0.00013941, 0.00110805)), (4, (2, 0.000575877, 3.1002e-5, 0.00060709)), (3, (3, 0.000515328, 6.7333e-5, 0.000582971))]), (26800, 5, 0.000417341, [(2, (0, 0.000360142, 1.3149e-5, 0.000373443)), (1, (1, 0.000159674, 6.0714e-5, 0.00022058)), (1, (2, 0.000151729, 4.939e-5, 0.000201335)), (1, (3, 0.000199252, 0.000159904, 0.00035945))]), (26816, 16, 0.001423368, [(4, (0, 0.001026888, 1.9385e-5, 0.00104647)), (4, (1, 0.001048589, 3.0256e-5, 0.001079063)), (4, (2, 0.001338935, 5.9614e-5, 0.001398874)), (4, (3, 0.001013625, 7.6141e-5, 0.001090063))]), (26832, 14, 0.0008193, [(4, (0, 0.000632135, 1.8524e-5, 0.00065088)), (4, (1, 0.000714119, 8.322e-5, 0.00079757)), (3, (2, 0.000522642, 3.2629e-5, 0.000555472)), (3, (3, 0.000494409, 5.788e-5, 0.000552514))]), (26848, 13, 0.001133659, [(4, (0, 0.001110776, 2.1927e-5, 0.001132903)), (3, (1, 0.000934713, 0.000174215, 0.001109236)), (3, (2, 0.000879091, 3.6382e-5, 0.000915641)), (3, (3, 0.000841653, 5.2867e-5, 0.000894713))]), (26864, 14, 0.001063542, [(4, (0, 0.000837381, 1.6574e-5, 0.000854152)), (4, (1, 0.001002344, 3.8961e-5, 0.001041502)), (3, (2, 0.00054503, 2.8375e-5, 0.000573603)), (3, (3, 0.000588558, 0.000106412, 0.000695274))]), (26880, 14, 0.001125184, [(4, (0, 0.000681297, 1.8843e-5, 0.000700322)), (4, (1, 0.001008734, 9.3127e-5, 0.001102146)), (3, (2, 0.00066694, 0.000102395, 0.000769536)), (3, (3, 0.000678383, 0.000236725, 0.000915405))]), (26896, 12, 0.000820053, [(3, (0, 0.000785075, 1.8433e-5, 0.000803689)), (3, (1, 0.000718102, 9.3178e-5, 0.000811594)), (3, (2, 0.000611076, 3.2143e-5, 0.000643409)), (3, (3, 0.000522715, 0.000206911, 0.000729948))]), (26912, 13, 0.000859789, [(4, (0, 0.000839822, 1.9121e-5, 0.000859108)), (3, (1, 0.000746967, 2.8541e-5, 0.000775734)), (3, (2, 0.000673188, 6.0759e-5, 0.000734267)), (3, (3, 0.000649847, 9.8508e-5, 0.000748668))]), (26928, 14, 0.001319002, [(4, (0, 0.000932599, 1.8494e-5, 0.000951294)), (4, (1, 0.001162803, 0.000128784, 0.001291919)), (3, (2, 0.000947807, 2.9049e-5, 0.000977012)), (3, (3, 0.000884244, 0.000169707, 0.001054251))]), (26944, 15, 0.001202762, [(4, (0, 0.000665907, 2.1367e-5, 0.000687462)), (4, (1, 0.00096013, 0.000173912, 0.001134365)), (4, (2, 0.000665396, 3.4341e-5, 0.000699952)), (3, (3, 0.000609345, 7.535e-5, 0.000685005))]), (26960, 14, 0.000781826, [(4, (0, 0.000769326, 1.1824e-5, 0.000781308)), (4, (1, 0.000587743, 9.1001e-5, 0.000679085)), (3, (2, 0.000718879, 1.567e-5, 0.00073473)), (3, (3, 0.000483784, 0.000190153, 0.000674266))]), (26976, 15, 0.000952058, [(4, (0, 0.000773438, 1.8975e-5, 0.000792611)), (4, (1, 0.000835045, 9.8747e-5, 0.000934125)), (4, (2, 0.000863867, 2.9344e-5, 0.000893394)), (3, (3, 0.000751625, 0.000163345, 0.000915297))]), (26992, 12, 0.001024963, [(3, (0, 0.000626439, 2.3711e-5, 0.000650353)), (3, (1, 0.000664088, 0.000205709, 0.000870124)), (3, (2, 0.000804886, 3.6483e-5, 0.000841554)), (3, (3, 0.000705307, 0.000275785, 0.000981394))]), (27008, 16, 0.000838334, [(4, (0, 0.000605475, 3.967e-5, 0.000645319)), (4, (1, 0.000673701, 0.000135814, 0.000809853)), (4, (2, 0.000654046, 1.3153e-5, 0.000667413)), (4, (3, 0.000690706, 3.1729e-5, 0.000722742))]), (27024, 16, 0.000911133, [(4, (0, 0.000518656, 1.3947e-5, 0.000532793)), (4, (1, 0.000562402, 2.5366e-5, 0.000587975)), (4, (2, 0.000563748, 9.9908e-5, 0.000663965)), (4, (3, 0.000710631, 0.000150788, 0.00086173))]), (27040, 14, 0.00093724, [(4, (0, 0.000779151, 2.6219e-5, 0.000805581)), (4, (1, 0.000563932, 4.9969e-5, 0.000614121)), (3, (2, 0.000415889, 3.9361e-5, 0.000455437)), (3, (3, 0.00082656, 6.2101e-5, 0.000888957))]), (27056, 15, 0.000735016, [(4, (0, 0.000652296, 1.9185e-5, 0.000671718)), (4, (1, 0.000658969, 4.6282e-5, 0.000705454)), (4, (2, 0.000629416, 3.1971e-5, 0.000661583)), (3, (3, 0.000492065, 6.4759e-5, 0.000557137))]), (27072, 16, 0.000693418, [(4, (0, 0.00043133, 1.5152e-5, 0.000446704)), (4, (1, 0.000489212, 3.9921e-5, 0.000529315)), (4, (2, 0.000484145, 2.6574e-5, 0.000510899)), (4, (3, 0.000478785, 0.000151332, 0.000630414))]), (27088, 15, 0.000716839, [(4, (0, 0.000501594, 2.2429e-5, 0.000524216)), (4, (1, 0.000644321, 4.9071e-5, 0.000693574)), (4, (2, 0.000607093, 3.8011e-5, 0.000645307)), (3, (3, 0.000442379, 9.5214e-5, 0.000537904))]), (27104, 8, 0.000539362, [(2, (0, 0.000244297, 1.7418e-5, 0.0002619)), (2, (1, 0.000270752, 0.000135385, 0.000406442)), (2, (2, 0.00027313, 2.972e-5, 0.000303061)), (2, (3, 0.000274041, 0.000139949, 0.000414301))]), (27120, 15, 0.000740073, [(4, (0, 0.000498195, 1.685e-5, 0.000515248)), (4, (1, 0.000547104, 7.2195e-5, 0.000619613)), (4, (2, 0.000635072, 8.1117e-5, 0.000716502)), (3, (3, 0.000407047, 9.2737e-5, 0.000500102))]), (27136, 14, 0.000760898, [(4, (0, 0.000528165, 1.7497e-5, 0.000545856)), (4, (1, 0.000690225, 4.8094e-5, 0.000738553)), (3, (2, 0.000383019, 3.2883e-5, 0.000416126)), (3, (3, 0.000398969, 5.9898e-5, 0.000459098))]), (27152, 16, 0.000857585, [(4, (0, 0.000772304, 1.7839e-5, 0.000790344)), (4, (1, 0.00074822, 4.0203e-5, 0.000788602)), (4, (2, 0.00074917, 3.0017e-5, 0.0007794)), (4, (3, 0.000774554, 4.5837e-5, 0.000820603))]), (27168, 16, 0.001004348, [(4, (0, 0.000562217, 2.1522e-5, 0.000583943)), (4, (1, 0.000883382, 8.7547e-5, 0.000974384)), (4, (2, 0.000661065, 5.943e-5, 0.000720682)), (4, (3, 0.000575855, 8.1467e-5, 0.000657631))]), (27184, 16, 0.000813429, [(4, (0, 0.000569363, 1.6463e-5, 0.000586077)), (4, (1, 0.00062478, 5.3093e-5, 0.000678119)), (4, (2, 0.000762295, 3.0783e-5, 0.000793277)), (4, (3, 0.000541046, 5.9739e-5, 0.00060099))]), (27200, 15, 0.000667262, [(4, (0, 0.000538487, 1.5473e-5, 0.000554218)), (4, (1, 0.000522632, 2.9978e-5, 0.000552815)), (4, (2, 0.000591481, 4.7053e-5, 0.000638914)), (3, (3, 0.000431242, 0.000111527, 0.000544053))]), (27216, 15, 0.000624171, [(4, (0, 0.000476282, 1.3833e-5, 0.000490313)), (4, (1, 0.000554751, 4.8424e-5, 0.000603389)), (4, (2, 0.000522096, 3.3926e-5, 0.000556268)), (3, (3, 0.000409004, 5.2073e-5, 0.000461307))]), (27232, 15, 0.000740971, [(4, (0, 0.000508499, 1.6021e-5, 0.000524718)), (4, (1, 0.000629781, 8.525e-5, 0.000715235)), (4, (2, 0.000535191, 3.021e-5, 0.000565612)), (3, (3, 0.000505639, 8.8859e-5, 0.000594707))]), (27248, 16, 0.000946063, [(4, (0, 0.000533061, 1.8547e-5, 0.000551808)), (4, (1, 0.000830406, 4.4384e-5, 0.00087497)), (4, (2, 0.000803043, 3.1906e-5, 0.000835123)), (4, (3, 0.000832659, 4.8449e-5, 0.000881316))]), (27264, 13, 0.000924357, [(4, (0, 0.000904133, 1.9248e-5, 0.000923579)), (3, (1, 0.000703914, 4.7749e-5, 0.000751877)), (3, (2, 0.000795605, 3.4828e-5, 0.000830676)), (3, (3, 0.000788501, 5.408e-5, 0.000845882))]), (27280, 14, 0.000993523, [(4, (0, 0.00086486, 1.7801e-5, 0.000882853)), (4, (1, 0.000918725, 5.0002e-5, 0.000968896)), (3, (2, 0.000688805, 2.9599e-5, 0.000718612)), (3, (3, 0.000555347, 0.00010655, 0.000662182))]), (27296, 16, 0.000817066, [(4, (0, 0.00064803, 1.656e-5, 0.000664825)), (4, (1, 0.000756285, 2.933e-5, 0.000785829)), (4, (2, 0.000710773, 4.4219e-5, 0.000755218)), (4, (3, 0.000717214, 6.182e-5, 0.000779341))]), (27312, 14, 0.001175137, [(4, (0, 0.000651538, 2.0172e-5, 0.000671905)), (4, (1, 0.000933055, 0.000183616, 0.001117224)), (3, (2, 0.000555489, 3.3432e-5, 0.000589132)), (3, (3, 0.000658423, 0.000149119, 0.000807833))]), (27328, 16, 0.000824015, [(4, (0, 0.000643067, 1.6051e-5, 0.000659315)), (4, (1, 0.000718296, 2.7246e-5, 0.000745731)), (4, (2, 0.000698956, 0.000101126, 0.000800396)), (4, (3, 0.000577888, 0.000102163, 0.000680288))]), (27344, 16, 0.000828259, [(4, (0, 0.000698116, 1.4381e-5, 0.000712695)), (4, (1, 0.000692485, 0.000112763, 0.000805568)), (4, (2, 0.000527464, 2.6019e-5, 0.000553664)), (4, (3, 0.000566308, 0.00012955, 0.000696271))]), (27360, 16, 0.001404105, [(4, (0, 0.000869353, 2.0883e-5, 0.000890438)), (4, (1, 0.001222959, 3.3589e-5, 0.001256737)), (4, (2, 0.000861176, 4.6262e-5, 0.000907709)), (4, (3, 0.00108278, 0.000114985, 0.001197997))]), (27376, 16, 0.000780839, [(4, (0, 0.000551159, 1.6965e-5, 0.000568381)), (4, (1, 0.000670654, 5.1151e-5, 0.000722047)), (4, (2, 0.000641893, 3.006e-5, 0.000672151)), (4, (3, 0.000695771, 4.1175e-5, 0.000737154))]), (27392, 16, 0.000865673, [(4, (0, 0.000489897, 1.4156e-5, 0.000504239)), (4, (1, 0.000653009, 0.000149322, 0.000802645)), (4, (2, 0.000670537, 2.688e-5, 0.000697606)), (4, (3, 0.000618053, 0.000187546, 0.000806534))]), (27408, 14, 0.000892195, [(4, (0, 0.00062357, 1.6181e-5, 0.000639954)), (4, (1, 0.000742685, 0.000120467, 0.000863461)), (3, (2, 0.000442248, 2.8983e-5, 0.000471423)), (3, (3, 0.000407041, 0.000122691, 0.000529936))]), (27424, 15, 0.00092665, [(4, (0, 0.000543989, 2.279e-5, 0.000566977)), (4, (1, 0.000782081, 0.000119332, 0.000901718)), (4, (2, 0.000632774, 3.5222e-5, 0.00066819)), (3, (3, 0.000556559, 0.000170975, 0.000728794))]), (27440, 15, 0.000765688, [(4, (0, 0.000640485, 2.0321e-5, 0.000661005)), (4, (1, 0.000694059, 4.6299e-5, 0.00074058)), (4, (2, 0.000646799, 3.7168e-5, 0.000684163)), (3, (3, 0.000502178, 5.5238e-5, 0.000557626))]), (27456, 15, 0.00095706, [(4, (0, 0.000729075, 2.2734e-5, 0.000751997)), (4, (1, 0.000888608, 3.8584e-5, 0.000927411)), (4, (2, 0.000845573, 5.1841e-5, 0.000897706)), (3, (3, 0.000655647, 5.6789e-5, 0.000712675))]), (27472, 14, 0.000833013, [(4, (0, 0.000582861, 2.1526e-5, 0.000604607)), (4, (1, 0.000763508, 4.8173e-5, 0.000811862)), (3, (2, 0.000512622, 3.4277e-5, 0.000547092)), (3, (3, 0.00058441, 9.0543e-5, 0.000675883))]), (27488, 14, 0.000665062, [(4, (0, 0.000510746, 1.996e-5, 0.000530906)), (4, (1, 0.000596917, 4.4554e-5, 0.00064166)), (3, (2, 0.000444874, 3.1674e-5, 0.00047676)), (3, (3, 0.000452841, 7.1308e-5, 0.000524714))]), (27504, 15, 0.001060187, [(4, (0, 0.000562685, 2.1438e-5, 0.00058432)), (4, (1, 0.00079755, 4.472e-5, 0.000842436)), (4, (2, 0.000996873, 3.4389e-5, 0.001031466)), (3, (3, 0.000488557, 5.0416e-5, 0.000539162))]), (27520, 12, 0.000893825, [(3, (0, 0.000601732, 2.3974e-5, 0.000625915)), (3, (1, 0.000532713, 4.8926e-5, 0.000581878)), (3, (2, 0.00070013, 3.9005e-5, 0.000739367)), (3, (3, 0.000737677, 9.1025e-5, 0.000829164))]), (27536, 14, 0.00156782, [(4, (0, 0.001048054, 2.3919e-5, 0.001072246)), (4, (1, 0.001484021, 4.9332e-5, 0.001533689)), (3, (2, 0.000591745, 3.7204e-5, 0.000629182)), (3, (3, 0.000865676, 5.711e-5, 0.000923247))]), (27552, 12, 0.000672421, [(3, (0, 0.000551758, 1.9383e-5, 0.000571369)), (3, (1, 0.000424818, 3.7756e-5, 0.000462832)), (3, (2, 0.000417518, 5.0762e-5, 0.000468542)), (3, (3, 0.000532545, 6.052e-5, 0.000593367))]), (27568, 14, 0.000947232, [(4, (0, 0.000919642, 2.6454e-5, 0.000946305)), (4, (1, 0.000589928, 5.5295e-5, 0.000645468)), (3, (2, 0.000816792, 4.0934e-5, 0.000857947)), (3, (3, 0.000723605, 5.0941e-5, 0.000774783))]), (27584, 12, 0.000874045, [(3, (0, 0.000391065, 1.6818e-5, 0.000408118)), (3, (1, 0.000692887, 8.641e-5, 0.000779538)), (3, (2, 0.000415176, 3.2716e-5, 0.00044812)), (3, (3, 0.000668646, 0.000113702, 0.00078305))]), (27600, 15, 0.001246713, [(4, (0, 0.00103447, 2.5014e-5, 0.001059694)), (4, (1, 0.001170654, 4.0298e-5, 0.00121434)), (4, (2, 0.000875794, 9.5244e-5, 0.000971255)), (3, (3, 0.000743296, 9.3675e-5, 0.000837362))]), (27616, 12, 0.000728214, [(3, (0, 0.000707872, 1.9383e-5, 0.000727494)), (3, (1, 0.000410864, 4.8278e-5, 0.000459349)), (3, (2, 0.000446528, 3.4381e-5, 0.000481104)), (3, (3, 0.000411569, 5.5873e-5, 0.000467654))]), (27632, 14, 0.001443403, [(4, (0, 0.000656774, 2.3153e-5, 0.000680153)), (4, (1, 0.001325984, 8.4543e-5, 0.001410748)), (3, (2, 0.000688388, 3.5943e-5, 0.000724571)), (3, (3, 0.000709687, 8.0743e-5, 0.000790612))]), (27648, 12, 0.000825521, [(3, (0, 0.00034921, 2.4417e-5, 0.000373869)), (3, (1, 0.000746308, 5.0192e-5, 0.000796851)), (3, (2, 0.000416531, 7.8835e-5, 0.000495614)), (3, (3, 0.000446385, 7.5204e-5, 0.000521778))]), (27664, 14, 0.001033285, [(4, (0, 0.000765568, 2.3462e-5, 0.000789276)), (4, (1, 0.000965856, 3.8128e-5, 0.001004206)), (3, (2, 0.000675487, 4.8482e-5, 0.000724144)), (3, (3, 0.000772054, 9.641e-5, 0.000868634))]), (27680, 15, 0.001208981, [(4, (0, 0.000811017, 2.0524e-5, 0.000831788)), (4, (1, 0.000873792, 3.4489e-5, 0.000908448)), (4, (2, 0.00089847, 8.0393e-5, 0.00097905)), (3, (3, 0.001086851, 8.4401e-5, 0.001171455))]), (27696, 15, 0.001220522, [(4, (0, 0.000690321, 2.0614e-5, 0.000711108)), (4, (1, 0.000709255, 4.6316e-5, 0.000755774)), (4, (2, 0.001163, 3.3365e-5, 0.001196558)), (3, (3, 0.000903681, 5.1366e-5, 0.000955247))]), (27712, 12, 0.000828553, [(3, (0, 0.000647988, 2.1106e-5, 0.00066928)), (3, (1, 0.000661129, 8.8819e-5, 0.000750118)), (3, (2, 0.000793401, 3.2313e-5, 0.000825896)), (3, (3, 0.000674586, 9.2769e-5, 0.000767526))]), (27728, 15, 0.00161544, [(4, (0, 0.000649205, 2.3126e-5, 0.000672533)), (4, (1, 0.000771575, 5.1531e-5, 0.000823307)), (4, (2, 0.000814958, 3.5375e-5, 0.000850519)), (3, (3, 0.001525523, 4.8257e-5, 0.001574005))]), (27744, 16, 0.001226971, [(4, (0, 0.000561904, 2.6982e-5, 0.000589101)), (4, (1, 0.000656179, 5.8761e-5, 0.000715147)), (4, (2, 0.000716351, 0.000140715, 0.000857283)), (4, (3, 0.001034234, 0.000140443, 0.001180057))]), (27760, 15, 0.000842734, [(4, (0, 0.000819798, 2.1769e-5, 0.0008418)), (4, (1, 0.000738377, 6.239e-5, 0.000801077)), (4, (2, 0.000688717, 3.5782e-5, 0.000724698)), (3, (3, 0.000616176, 4.7482e-5, 0.000663856))]), (27776, 16, 0.000638497, [(4, (0, 0.000569208, 1.865e-5, 0.000588078)), (4, (1, 0.000551784, 4.7006e-5, 0.000599031)), (4, (2, 0.000590448, 3.0775e-5, 0.000621402)), (4, (3, 0.000570119, 5.2192e-5, 0.000622533))]), (27792, 14, 0.00066629, [(4, (0, 0.000543103, 1.9174e-5, 0.000562456)), (4, (1, 0.000597153, 4.6337e-5, 0.000643691)), (3, (2, 0.000438351, 3.5684e-5, 0.000474247)), (3, (3, 0.000520259, 5.3406e-5, 0.000573862))]), (27808, 14, 0.001105072, [(4, (0, 0.000909489, 2.2551e-5, 0.000932261)), (4, (1, 0.000951877, 0.000121534, 0.001073678)), (3, (2, 0.000609663, 8.1951e-5, 0.000691911)), (3, (3, 0.000835654, 0.000143286, 0.000979544))]), (27824, 16, 0.000881665, [(4, (0, 0.000717222, 2.09e-5, 0.000738392)), (4, (1, 0.000799192, 5.6466e-5, 0.00085589)), (4, (2, 0.000697231, 3.8182e-5, 0.000735675)), (4, (3, 0.000755572, 5.0476e-5, 0.000806504))]), (27840, 12, 0.000859723, [(3, (0, 0.000380356, 1.7427e-5, 0.000397986)), (3, (1, 0.000474384, 9.8433e-5, 0.000573169)), (3, (2, 0.000439065, 3.2623e-5, 0.000471912)), (3, (3, 0.000682685, 0.000142255, 0.000825219))]), (27856, 12, 0.00069704, [(3, (0, 0.000359062, 1.7301e-5, 0.000376562)), (3, (1, 0.000407183, 8.8294e-5, 0.000495667)), (3, (2, 0.000409956, 2.921e-5, 0.000439379)), (3, (3, 0.000565965, 9.3718e-5, 0.000659896))]), (27872, 14, 0.000777248, [(4, (0, 0.000677347, 2.5494e-5, 0.000703039)), (4, (1, 0.000697092, 5.5019e-5, 0.00075238)), (3, (2, 0.00044362, 3.8592e-5, 0.000482392)), (3, (3, 0.00039629, 5.9307e-5, 0.000455779))]), (27888, 15, 0.000871307, [(4, (0, 0.000850964, 1.9339e-5, 0.000870527)), (4, (1, 0.000817705, 3.1188e-5, 0.000849102)), (4, (2, 0.000631386, 4.4943e-5, 0.000676548)), (3, (3, 0.000460009, 8.2064e-5, 0.000542797))]), (27904, 16, 0.001481943, [(4, (0, 0.000787679, 1.8565e-5, 0.000806459)), (4, (1, 0.001406572, 4.6134e-5, 0.001452985)), (4, (2, 0.000723959, 3.0129e-5, 0.000754269)), (4, (3, 0.000934039, 5.6042e-5, 0.000990323))]), (27920, 16, 0.001385093, [(4, (0, 0.001086419, 2.013e-5, 0.001106733)), (4, (1, 0.000877336, 3.1004e-5, 0.000908536)), (4, (2, 0.001269188, 4.8973e-5, 0.001318494)), (4, (3, 0.000934503, 5.4905e-5, 0.000989645))]), (27936, 16, 0.001441882, [(4, (0, 0.000940068, 1.9534e-5, 0.000959781)), (4, (1, 0.001385667, 3.2826e-5, 0.001418721)), (4, (2, 0.001169184, 4.5282e-5, 0.0012147)), (4, (3, 0.001277787, 5.1531e-5, 0.001329547))]), (27952, 16, 0.001213643, [(4, (0, 0.000651561, 1.9696e-5, 0.000671461)), (4, (1, 0.000870376, 4.3298e-5, 0.000913899)), (4, (2, 0.001158245, 3.1506e-5, 0.001189919)), (4, (3, 0.000980785, 9.754e-5, 0.001078628))]), (27968, 16, 0.00122347, [(4, (0, 0.000796003, 1.7939e-5, 0.000814135)), (4, (1, 0.000821739, 4.2054e-5, 0.000863969)), (4, (2, 0.000944483, 3.1074e-5, 0.000975744)), (4, (3, 0.001087131, 4.9343e-5, 0.001136728))]), (27984, 16, 0.000767377, [(4, (0, 0.000644527, 1.7151e-5, 0.000661947)), (4, (1, 0.000674513, 5.336e-5, 0.000728093)), (4, (2, 0.000671312, 4.1028e-5, 0.000712592)), (4, (3, 0.000574448, 7.0507e-5, 0.000645199))]), (28000, 13, 0.000876759, [(4, (0, 0.000727869, 1.8452e-5, 0.000746586)), (3, (1, 0.000430092, 4.2797e-5, 0.000473168)), (3, (2, 0.000786106, 5.3596e-5, 0.000840189)), (3, (3, 0.00037162, 5.9979e-5, 0.000431829))]), (28016, 16, 0.000668732, [(4, (0, 0.000519722, 1.5888e-5, 0.00053585)), (4, (1, 0.000606042, 4.8176e-5, 0.000654537)), (4, (2, 0.000562802, 3.7262e-5, 0.000600343)), (4, (3, 0.000555151, 5.8031e-5, 0.000613455))]), (28032, 16, 0.000872278, [(4, (0, 0.000852037, 1.9241e-5, 0.000871505)), (4, (1, 0.000676011, 5.5556e-5, 0.000731787)), (4, (2, 0.000571293, 3.7623e-5, 0.000609152)), (4, (3, 0.00060292, 4.9067e-5, 0.000652277))]), (28048, 15, 0.001548911, [(4, (0, 0.000733103, 2.5496e-5, 0.000758839)), (4, (1, 0.001459546, 5.643e-5, 0.00151621)), (4, (2, 0.000855085, 3.9028e-5, 0.000897575)), (3, (3, 0.001036189, 6.1596e-5, 0.00109802))]), (28064, 15, 0.000646117, [(4, (0, 0.000590103, 2.5795e-5, 0.000616138)), (4, (1, 0.000561061, 6.6622e-5, 0.000627935)), (4, (2, 0.000558191, 4.2221e-5, 0.000600728)), (3, (3, 0.000395291, 5.3215e-5, 0.000448697))]), (28080, 12, 0.000618118, [(3, (0, 0.000405092, 2.4443e-5, 0.000429788)), (3, (1, 0.000546812, 4.7097e-5, 0.000594083)), (3, (2, 0.000392398, 3.5777e-5, 0.000428367)), (3, (3, 0.000385916, 5.3472e-5, 0.000439589))]), (28096, 13, 0.000667653, [(4, (0, 0.000641581, 2.4975e-5, 0.000666757)), (3, (1, 0.000443608, 3.7518e-5, 0.000481325)), (3, (2, 0.000452952, 5.4681e-5, 0.000507962)), (3, (3, 0.000462571, 5.7355e-5, 0.000520113))]), (28112, 12, 0.000610358, [(3, (0, 0.000451911, 2.3127e-5, 0.000475237)), (3, (1, 0.000426601, 5.7827e-5, 0.000484596)), (3, (2, 0.000447586, 3.702e-5, 0.00048479)), (3, (3, 0.000519208, 5.1637e-5, 0.00057104))]), (28128, 16, 0.000871166, [(4, (0, 0.000652983, 2.2841e-5, 0.000675998)), (4, (1, 0.000741272, 4.5323e-5, 0.000790543)), (4, (2, 0.000806163, 3.5526e-5, 0.000841877)), (4, (3, 0.000703719, 5.09e-5, 0.000754819))]), (28144, 16, 0.00113099, [(4, (0, 0.000660748, 1.948e-5, 0.000680474)), (4, (1, 0.000637447, 4.8705e-5, 0.000686369)), (4, (2, 0.000645895, 3.2719e-5, 0.000678813)), (4, (3, 0.000948833, 5.1215e-5, 0.001000229))]), (28160, 15, 0.001007375, [(4, (0, 0.00050002, 2.3897e-5, 0.000524142)), (4, (1, 0.000752408, 3.804e-5, 0.000790658)), (4, (2, 0.000636023, 3.6055e-5, 0.000672384)), (3, (3, 0.000895421, 6.9527e-5, 0.000965616))]), (28176, 12, 0.000573897, [(3, (0, 0.00040173, 1.3285e-5, 0.000415157)), (3, (1, 0.000455491, 2.6991e-5, 0.000482677)), (3, (2, 0.000531852, 1.6283e-5, 0.000548457)), (3, (3, 0.000496156, 3.5117e-5, 0.000531502))]), (28192, 15, 0.000677826, [(4, (0, 0.000500877, 2.1772e-5, 0.000522848)), (4, (1, 0.000560708, 5.5724e-5, 0.000616639)), (4, (2, 0.000619344, 3.597e-5, 0.000655524)), (3, (3, 0.000429516, 4.8917e-5, 0.000478699))]), (28208, 15, 0.000878578, [(4, (0, 0.00075016, 2.3101e-5, 0.000773477)), (4, (1, 0.000800255, 5.4002e-5, 0.000854532)), (4, (2, 0.000803693, 3.8988e-5, 0.000842882)), (3, (3, 0.000636466, 8.5764e-5, 0.000722772))]), (28224, 13, 0.000627486, [(4, (0, 0.000562647, 1.9554e-5, 0.000582401)), (3, (1, 0.000422982, 0.000105601, 0.000528842)), (3, (2, 0.000417421, 3.3568e-5, 0.000451287)), (3, (3, 0.000531057, 4.5771e-5, 0.000577074))]), (28240, 15, 0.000627447, [(4, (0, 0.00051637, 1.8385e-5, 0.000534984)), (4, (1, 0.000559936, 4.4568e-5, 0.000604746)), (4, (2, 0.000541105, 3.1621e-5, 0.000572914)), (3, (3, 0.000481501, 5.316e-5, 0.000538311))]), (28256, 15, 0.00094611, [(4, (0, 0.000709331, 2.7875e-5, 0.000737389)), (4, (1, 0.000863808, 5.6098e-5, 0.000920137)), (4, (2, 0.000837418, 4.3283e-5, 0.000880956)), (3, (3, 0.000590858, 6.2615e-5, 0.00065366))]), (28272, 14, 0.000692921, [(4, (0, 0.000614914, 2.3225e-5, 0.000638353)), (4, (1, 0.000614407, 5.3149e-5, 0.000667772)), (3, (2, 0.000411567, 4.0721e-5, 0.000452512)), (3, (3, 0.000424602, 5.9451e-5, 0.000484372))]), (28288, 16, 0.000719952, [(4, (0, 0.000642388, 2.2578e-5, 0.00066519)), (4, (1, 0.000661036, 4.955e-5, 0.000710852)), (4, (2, 0.00058541, 3.5188e-5, 0.000620833)), (4, (3, 0.000626986, 5.5237e-5, 0.000682431))]), (28304, 12, 0.000631978, [(3, (0, 0.000472941, 2.1331e-5, 0.00049447)), (3, (1, 0.000467813, 4.5156e-5, 0.00051322)), (3, (2, 0.000571999, 3.3181e-5, 0.000605367)), (3, (3, 0.000531297, 5.092e-5, 0.00058243))]), (28320, 15, 0.000644814, [(4, (0, 0.000622767, 2.0092e-5, 0.000643132)), (4, (1, 0.000552488, 4.476e-5, 0.000597457)), (4, (2, 0.0005626, 3.0888e-5, 0.000593699)), (3, (3, 0.00041606, 4.9159e-5, 0.000465508))]), (28336, 16, 0.000665759, [(4, (0, 0.000506057, 2.7516e-5, 0.000533805)), (4, (1, 0.000570988, 6.4348e-5, 0.000635627)), (4, (2, 0.000603031, 4.9071e-5, 0.000652453)), (4, (3, 0.00057084, 6.8065e-5, 0.000639123))]), (28352, 13, 0.000655989, [(4, (0, 0.000616199, 3.8745e-5, 0.000655174)), (3, (1, 0.000417905, 8.0044e-5, 0.00049812)), (3, (2, 0.000401914, 6.213e-5, 0.000464259)), (3, (3, 0.000409936, 7.3608e-5, 0.000483712))]), (28368, 16, 0.001134247, [(4, (0, 0.000663099, 1.9109e-5, 0.00068245)), (4, (1, 0.000799179, 4.3155e-5, 0.000842574)), (4, (2, 0.000665391, 3.3536e-5, 0.000699147)), (4, (3, 0.001032865, 5.1198e-5, 0.001084441))]), (28384, 16, 0.000773101, [(4, (0, 0.000624776, 2.0747e-5, 0.000645817)), (4, (1, 0.000698543, 4.9923e-5, 0.00074881)), (4, (2, 0.000681134, 3.5313e-5, 0.000716707)), (4, (3, 0.000658597, 5.4426e-5, 0.000713333))]), (28400, 15, 0.000986752, [(4, (0, 0.000964208, 2.0711e-5, 0.000985132)), (4, (1, 0.000622261, 4.8567e-5, 0.000671057)), (4, (2, 0.000607097, 3.2936e-5, 0.0006403)), (3, (3, 0.00067164, 5.5525e-5, 0.000727615))]), (28416, 11, 0.001591075, [(3, (0, 0.00155974, 2.978e-5, 0.00158971)), (3, (1, 0.000500792, 6.3018e-5, 0.000564065)), (3, (2, 0.000456571, 4.918e-5, 0.000506162)), (2, (3, 0.000275027, 0.000106225, 0.000382198))]), (28432, 16, 0.001138533, [(4, (0, 0.000554508, 2.752e-5, 0.000582232)), (4, (1, 0.001000557, 0.000107874, 0.001108687)), (4, (2, 0.000676313, 9.274e-5, 0.000769275)), (4, (3, 0.000714564, 0.000114773, 0.000829677))]), (28448, 16, 0.00077674, [(4, (0, 0.000585753, 2.2087e-5, 0.00060824)), (4, (1, 0.000660891, 4.4599e-5, 0.000705826)), (4, (2, 0.000626935, 5.6014e-5, 0.000683159)), (4, (3, 0.000641872, 6.3731e-5, 0.000705999))]), (28464, 15, 0.000853329, [(4, (0, 0.000721641, 2.6385e-5, 0.00074825)), (4, (1, 0.000771551, 5.6815e-5, 0.000828654)), (4, (2, 0.000675613, 4.3392e-5, 0.000719238)), (3, (3, 0.000511717, 6.3962e-5, 0.000575919))]), (28480, 16, 0.000776319, [(4, (0, 0.000598568, 2.3095e-5, 0.000621895)), (4, (1, 0.00060215, 5.3637e-5, 0.000656028)), (4, (2, 0.000702735, 4.3668e-5, 0.000746734)), (4, (3, 0.000620676, 6.1621e-5, 0.000682516))]), (28496, 15, 0.000965308, [(4, (0, 0.000907426, 3.4172e-5, 0.000941919)), (4, (1, 0.000883798, 6.3799e-5, 0.00094779)), (4, (2, 0.000828145, 5.0834e-5, 0.000881564)), (3, (3, 0.000631595, 7.5162e-5, 0.00070715))]), (28512, 15, 0.001145611, [(4, (0, 0.000534077, 2.1623e-5, 0.000555914)), (4, (1, 0.001040017, 7.8569e-5, 0.001118975)), (4, (2, 0.000997624, 6.2713e-5, 0.001060624)), (3, (3, 0.000451601, 8.3803e-5, 0.000535616))]), (28528, 16, 0.000841199, [(4, (0, 0.000819776, 2.0361e-5, 0.000840375)), (4, (1, 0.000764397, 5.1012e-5, 0.000815786)), (4, (2, 0.000559308, 3.507e-5, 0.000594738)), (4, (3, 0.000701224, 5.6908e-5, 0.000758375))]), (28544, 15, 0.00124922, [(4, (0, 0.001222779, 2.5511e-5, 0.001248499)), (4, (1, 0.000941863, 5.7974e-5, 0.001000077)), (4, (2, 0.000994715, 4.6018e-5, 0.001041087)), (3, (3, 0.000648218, 6.6746e-5, 0.000715279))]), (28560, 16, 0.002017073, [(4, (0, 0.00129549, 2.1712e-5, 0.001317585)), (4, (1, 0.001849525, 5.2188e-5, 0.001902097)), (4, (2, 0.001951001, 3.6796e-5, 0.001988083)), (4, (3, 0.001408728, 5.9901e-5, 0.001468899))]), (28576, 15, 0.000929942, [(4, (0, 0.000902271, 2.5838e-5, 0.000928371)), (4, (1, 0.000849202, 6.2251e-5, 0.000911708)), (4, (2, 0.000791581, 4.1459e-5, 0.000833344)), (3, (3, 0.000558283, 5.5017e-5, 0.000613552))]), (28592, 16, 0.000824901, [(4, (0, 0.00071072, 2.5135e-5, 0.000736124)), (4, (1, 0.000728331, 6.4873e-5, 0.000793407)), (4, (2, 0.000647883, 4.5189e-5, 0.000693402)), (4, (3, 0.000675587, 6.2408e-5, 0.0007384))]), (28608, 12, 0.00080561, [(3, (0, 0.000417059, 2.4183e-5, 0.000441458)), (3, (1, 0.000448784, 5.383e-5, 0.000502855)), (3, (2, 0.000732351, 4.046e-5, 0.000773044)), (3, (3, 0.000446037, 5.7915e-5, 0.00050421))]), (28624, 13, 0.000723478, [(4, (0, 0.000697274, 2.3846e-5, 0.000721455)), (3, (1, 0.000493469, 5.3244e-5, 0.000546945)), (3, (2, 0.000609093, 4.3694e-5, 0.000653078)), (3, (3, 0.000625766, 6.503e-5, 0.000691204))]), (28640, 16, 0.00071028, [(4, (0, 0.000516407, 2.789e-5, 0.000544684)), (4, (1, 0.000561224, 6.613e-5, 0.000627799)), (4, (2, 0.00063639, 4.6991e-5, 0.000683662)), (4, (3, 0.000581699, 5.8007e-5, 0.000639954))]), (28656, 16, 0.000793178, [(4, (0, 0.000538516, 2.1589e-5, 0.000560378)), (4, (1, 0.000627105, 4.9749e-5, 0.0006772)), (4, (2, 0.000725553, 3.6228e-5, 0.000762115)), (4, (3, 0.000588726, 5.2726e-5, 0.000641708))]), (28672, 15, 0.000765959, [(4, (0, 0.000738848, 2.4844e-5, 0.000764061)), (4, (1, 0.000617573, 5.1904e-5, 0.000669725)), (4, (2, 0.000628834, 4.1325e-5, 0.000670424)), (3, (3, 0.000415245, 5.8285e-5, 0.000473732))]), (28688, 16, 0.001097938, [(4, (0, 0.000621552, 2.7438e-5, 0.000649244)), (4, (1, 0.001014694, 5.6326e-5, 0.001071215)), (4, (2, 0.000896119, 4.6071e-5, 0.000942474)), (4, (3, 0.00064835, 6.7543e-5, 0.000716255))]), (28704, 16, 0.001141671, [(4, (0, 0.000810074, 2.6532e-5, 0.00083683)), (4, (1, 0.001035638, 7.9847e-5, 0.001115719)), (4, (2, 0.000871397, 4.314e-5, 0.000914818)), (4, (3, 0.001049401, 5.5447e-5, 0.001105139))]), (28720, 16, 0.000767472, [(4, (0, 0.000533309, 2.1563e-5, 0.000555065)), (4, (1, 0.000689317, 5.2019e-5, 0.000741725)), (4, (2, 0.000566694, 3.7456e-5, 0.000604347)), (4, (3, 0.000577813, 5.7414e-5, 0.000635496))]), (28736, 16, 0.00068984, [(4, (0, 0.000543307, 2.0037e-5, 0.000563531)), (4, (1, 0.000576221, 4.9914e-5, 0.000626446)), (4, (2, 0.000606684, 3.7167e-5, 0.000644143)), (4, (3, 0.000594635, 6.0711e-5, 0.000658127))]), (28752, 15, 0.001198498, [(4, (0, 0.000902349, 3.1928e-5, 0.000934491)), (4, (1, 0.000866442, 6.1076e-5, 0.000927747)), (4, (2, 0.001122717, 4.7828e-5, 0.00117076)), (3, (3, 0.000556674, 7.9716e-5, 0.000637086))]), (28768, 16, 0.000891735, [(4, (0, 0.000866487, 2.4165e-5, 0.000890861)), (4, (1, 0.000776743, 5.4799e-5, 0.000831764)), (4, (2, 0.000679388, 4.2501e-5, 0.000722133)), (4, (3, 0.000639908, 6.1584e-5, 0.000701792))]), (28784, 16, 0.000898478, [(4, (0, 0.000577838, 2.1382e-5, 0.000599427)), (4, (1, 0.000692861, 5.0591e-5, 0.000743678)), (4, (2, 0.000837825, 3.6904e-5, 0.000874946)), (4, (3, 0.000789001, 5.4977e-5, 0.000844246))]), (28800, 13, 0.001053676, [(4, (0, 0.001028075, 2.4421e-5, 0.001052809)), (3, (1, 0.000776425, 5.6669e-5, 0.000833294)), (3, (2, 0.000842293, 4.0759e-5, 0.000883273)), (3, (3, 0.000700734, 5.1674e-5, 0.000752698))]), (28816, 16, 0.001081512, [(4, (0, 0.000691318, 3.3898e-5, 0.000725407)), (4, (1, 0.00074991, 9.4964e-5, 0.000845097)), (4, (2, 0.000713794, 8.5445e-5, 0.000799711)), (4, (3, 0.000899628, 0.000102433, 0.001002337))]), (28832, 13, 0.000747003, [(4, (0, 0.000718857, 2.6981e-5, 0.000746081)), (3, (1, 0.000480017, 6.3813e-5, 0.00054413)), (3, (2, 0.000534737, 5.277e-5, 0.000587784)), (3, (3, 0.000499952, 9.3933e-5, 0.000594141))]), (28848, 16, 0.001069563, [(4, (0, 0.000797875, 2.271e-5, 0.000820824)), (4, (1, 0.000907649, 6.0431e-5, 0.000968361)), (4, (2, 0.000578672, 4.0207e-5, 0.000619136)), (4, (3, 0.000974918, 5.3218e-5, 0.001028368))]), (28864, 16, 0.00104731, [(4, (0, 0.00081381, 3.2431e-5, 0.000846459)), (4, (1, 0.000886368, 6.4811e-5, 0.000951384)), (4, (2, 0.000952144, 4.6685e-5, 0.00099906)), (4, (3, 0.000850395, 6.1567e-5, 0.000912251))]), (28880, 16, 0.000990263, [(4, (0, 0.000723935, 2.8537e-5, 0.000752726)), (4, (1, 0.00076416, 5.8227e-5, 0.000822615)), (4, (2, 0.000910398, 4.4313e-5, 0.000954984)), (4, (3, 0.00083414, 6.1818e-5, 0.000896151))]), (28896, 11, 0.000958646, [(3, (0, 0.000596048, 3.4145e-5, 0.000630538)), (3, (1, 0.000855382, 6.5849e-5, 0.000921522)), (3, (2, 0.000591149, 5.2578e-5, 0.000643939)), (2, (3, 0.000326669, 7.5971e-5, 0.000402934))]), (28912, 16, 0.000860866, [(4, (0, 0.000678284, 2.4312e-5, 0.000702841)), (4, (1, 0.000784013, 5.5626e-5, 0.000839977)), (4, (2, 0.000607382, 3.9304e-5, 0.000647013)), (4, (3, 0.000717415, 0.000104315, 0.000822032))]), (28928, 15, 0.001682669, [(4, (0, 0.001655136, 2.6254e-5, 0.001681629)), (4, (1, 0.001214698, 0.000105815, 0.001320819)), (4, (2, 0.001425525, 9.2412e-5, 0.001518311)), (3, (3, 0.000631912, 0.000108863, 0.000741021))]), (28944, 15, 0.001048447, [(4, (0, 0.001026325, 2.0996e-5, 0.001047557)), (4, (1, 0.000638573, 5.7956e-5, 0.000696843)), (4, (2, 0.000630016, 3.9013e-5, 0.000669298)), (3, (3, 0.000541362, 6.6149e-5, 0.000607726))]), (28960, 13, 0.000788994, [(4, (0, 0.000741639, 2.3503e-5, 0.000765376)), (3, (1, 0.000682218, 9.4255e-5, 0.000777197)), (3, (2, 0.000627752, 3.8523e-5, 0.000666559)), (3, (3, 0.000689024, 5.3194e-5, 0.000742442))]), (28976, 15, 0.001100671, [(4, (0, 0.001071007, 2.7412e-5, 0.001098701)), (4, (1, 0.000720724, 6.2277e-5, 0.000783193)), (4, (2, 0.000787511, 4.1561e-5, 0.000832169)), (3, (3, 0.000480489, 5.9881e-5, 0.00054067))]), (28992, 16, 0.000916348, [(4, (0, 0.000732723, 3.3365e-5, 0.000766302)), (4, (1, 0.000774753, 0.000114545, 0.000889544)), (4, (2, 0.000794825, 9.9624e-5, 0.000894707)), (4, (3, 0.00077237, 0.000118881, 0.000891452))]), (29008, 13, 0.000870288, [(4, (0, 0.000718163, 2.7479e-5, 0.000745857)), (3, (1, 0.000743847, 9.7822e-5, 0.000841863)), (3, (2, 0.000595839, 4.3073e-5, 0.000639138)), (3, (3, 0.000542826, 9.3618e-5, 0.000636724))]), (29024, 16, 0.001236635, [(4, (0, 0.00067396, 2.8097e-5, 0.000702289)), (4, (1, 0.000996546, 6.2129e-5, 0.001058895)), (4, (2, 0.000836506, 4.3064e-5, 0.000879773)), (4, (3, 0.001118657, 6.5741e-5, 0.001184655))]), (29040, 8, 0.000576556, [(2, (0, 0.000340324, 2.7443e-5, 0.00036802)), (2, (1, 0.000323044, 6.134e-5, 0.000384623)), (2, (2, 0.000500023, 4.2904e-5, 0.000543382)), (2, (3, 0.000400384, 5.768e-5, 0.000458431))]), (29056, 16, 0.000989415, [(4, (0, 0.000768097, 3.4641e-5, 0.000802998)), (4, (1, 0.000859588, 7.8308e-5, 0.000938205)), (4, (2, 0.00084073, 5.1373e-5, 0.000892343)), (4, (3, 0.000705101, 7.9232e-5, 0.000784557))]), (29072, 16, 0.001181398, [(4, (0, 0.000831442, 3.5216e-5, 0.000866894)), (4, (1, 0.000962857, 8.0162e-5, 0.001043238)), (4, (2, 0.001046378, 5.9982e-5, 0.001106609)), (4, (3, 0.000859887, 0.000114174, 0.00097499))]), (29088, 16, 0.001079885, [(4, (0, 0.000869038, 2.0546e-5, 0.000889803)), (4, (1, 0.0009881, 5.3223e-5, 0.001041522)), (4, (2, 0.000830762, 3.4668e-5, 0.000865738)), (4, (3, 0.000901961, 4.9632e-5, 0.000951818))]), (29104, 14, 0.000970513, [(4, (0, 0.000946247, 2.3218e-5, 0.000969682)), (4, (1, 0.000649059, 5.3819e-5, 0.000703069)), (3, (2, 0.000548628, 3.5349e-5, 0.000584185)), (3, (3, 0.000422088, 4.7781e-5, 0.000470063))]), (29120, 15, 0.001023717, [(4, (0, 0.000769728, 2.3915e-5, 0.000793857)), (4, (1, 0.000749593, 5.5082e-5, 0.000804863)), (4, (2, 0.000836558, 4.1554e-5, 0.000878345)), (3, (3, 0.000900996, 6.2853e-5, 0.000964065))]), (29136, 16, 0.00095844, [(4, (0, 0.000819888, 3.2138e-5, 0.00085226)), (4, (1, 0.000719073, 6.9481e-5, 0.000788729)), (4, (2, 0.000886191, 4.8817e-5, 0.000935217)), (4, (3, 0.000791719, 5.9398e-5, 0.000851295))]), (29152, 16, 0.001248971, [(4, (0, 0.000530293, 2.4391e-5, 0.000554883)), (4, (1, 0.000930261, 4.8841e-5, 0.000979293)), (4, (2, 0.001176089, 3.7466e-5, 0.001213741)), (4, (3, 0.000725834, 5.4633e-5, 0.000780673))]), (29168, 16, 0.001252677, [(4, (0, 0.001224672, 2.6897e-5, 0.001251851)), (4, (1, 0.000911979, 5.6247e-5, 0.000968536)), (4, (2, 0.000877902, 4.1196e-5, 0.000919314)), (4, (3, 0.00087396, 6.2354e-5, 0.000936536))]), (29184, 16, 0.000948205, [(4, (0, 0.000596218, 1.7295e-5, 0.000613716)), (4, (1, 0.000822933, 9.5447e-5, 0.000918612)), (4, (2, 0.000823037, 3.2721e-5, 0.000855977)), (4, (3, 0.000558479, 5.3775e-5, 0.000612464))]), (29200, 14, 0.001034973, [(4, (0, 0.000533741, 1.8309e-5, 0.000552274)), (4, (1, 0.000963239, 4.3986e-5, 0.00100739)), (3, (2, 0.000452994, 3.1128e-5, 0.000484319)), (3, (3, 0.000422586, 5.0851e-5, 0.00047363))]), (29216, 13, 0.001173549, [(4, (0, 0.001143329, 2.9273e-5, 0.001172828)), (3, (1, 0.00102866, 5.6703e-5, 0.001085546)), (3, (2, 0.000488748, 4.3584e-5, 0.000532546)), (3, (3, 0.000753142, 9.6594e-5, 0.000850464))]), (29232, 16, 0.001186706, [(4, (0, 0.000618029, 2.6975e-5, 0.000645208)), (4, (1, 0.001019656, 0.000129889, 0.001149778)), (4, (2, 0.000752785, 5.6935e-5, 0.000809896)), (4, (3, 0.000754024, 0.000130141, 0.000884428))]), (29248, 9, 0.000473841, [(3, (0, 0.000447079, 2.578e-5, 0.000473112)), (2, (1, 0.000337949, 6.2539e-5, 0.000400694)), (2, (2, 0.000309936, 4.9439e-5, 0.000359657)), (2, (3, 0.000300069, 6.9338e-5, 0.000369615))]), (29264, 13, 0.000578444, [(4, (0, 0.000554917, 2.2426e-5, 0.000577593)), (3, (1, 0.000447511, 5.2799e-5, 0.000500527)), (3, (2, 0.000518676, 4.0639e-5, 0.000559508)), (3, (3, 0.000431656, 6.0233e-5, 0.000492265))]), (29280, 16, 0.000870101, [(4, (0, 0.000641263, 2.4118e-5, 0.00066565)), (4, (1, 0.000725285, 5.3361e-5, 0.000778881)), (4, (2, 0.000747193, 3.672e-5, 0.000784321)), (4, (3, 0.000760138, 6.6691e-5, 0.000827173))]), (29296, 16, 0.001154295, [(4, (0, 0.001026363, 2.6326e-5, 0.001052948)), (4, (1, 0.001029292, 5.5697e-5, 0.001085255)), (4, (2, 0.001090487, 4.118e-5, 0.001131876)), (4, (3, 0.000866168, 6.1434e-5, 0.00092794))]), (29312, 16, 0.000972318, [(4, (0, 0.000596308, 1.6037e-5, 0.000612554)), (4, (1, 0.000911803, 3.5996e-5, 0.000948028)), (4, (2, 0.000715919, 1.7154e-5, 0.000733284)), (4, (3, 0.000853774, 2.9885e-5, 0.000883863))]), (29328, 14, 0.000884981, [(4, (0, 0.000706238, 2.3809e-5, 0.000730234)), (4, (1, 0.000809576, 5.1075e-5, 0.000860872)), (3, (2, 0.000548015, 6.5972e-5, 0.000614237)), (3, (3, 0.000526053, 7.226e-5, 0.000598523))]), (29344, 13, 0.001007303, [(4, (0, 0.000980843, 2.5503e-5, 0.00100656)), (3, (1, 0.000857882, 5.3455e-5, 0.000911544)), (3, (2, 0.000829253, 4.1429e-5, 0.000870909)), (3, (3, 0.000868773, 5.9396e-5, 0.00092843))]), (29360, 16, 0.001104949, [(4, (0, 0.00073994, 2.2177e-5, 0.00076233)), (4, (1, 0.000810408, 5.0926e-5, 0.000861526)), (4, (2, 0.000856794, 3.8083e-5, 0.000895095)), (4, (3, 0.00098935, 6.8887e-5, 0.001058554))]), (29376, 13, 0.000780376, [(4, (0, 0.000758998, 2.0325e-5, 0.000779535)), (3, (1, 0.000731272, 4.4574e-5, 0.000776055)), (3, (2, 0.000598163, 3.3919e-5, 0.00063228)), (3, (3, 0.000502267, 5.0322e-5, 0.000552807))]), (29392, 14, 0.001018798, [(4, (0, 0.000995993, 2.1793e-5, 0.001018012)), (4, (1, 0.000819351, 4.6737e-5, 0.000866279)), (3, (2, 0.000640702, 3.5519e-5, 0.000676435)), (3, (3, 0.000757455, 5.2612e-5, 0.000810253))]), (29408, 15, 0.000867477, [(4, (0, 0.00084318, 2.3368e-5, 0.000866754)), (4, (1, 0.00065946, 7.1275e-5, 0.000730922)), (4, (2, 0.000712209, 5.3414e-5, 0.000765805)), (3, (3, 0.000755577, 6.6619e-5, 0.000822386))]), (29424, 14, 0.001115838, [(4, (0, 0.000990196, 2.1913e-5, 0.001012413)), (4, (1, 0.000987723, 5.5766e-5, 0.001043841)), (3, (2, 0.000826767, 4.0612e-5, 0.000867604)), (3, (3, 0.000717846, 4.976e-5, 0.000767897))]), (29440, 10, 0.000621854, [(3, (0, 0.000595673, 2.5062e-5, 0.000620992)), (3, (1, 0.00053481, 5.8052e-5, 0.000593122)), (2, (2, 0.00033367, 3.9945e-5, 0.000373809)), (2, (3, 0.000446683, 6.3684e-5, 0.000510599))]), (29456, 11, 0.000938257, [(3, (0, 0.000622407, 2.0612e-5, 0.000643236)), (3, (1, 0.000822335, 8.8125e-5, 0.000910712)), (3, (2, 0.000685605, 3.7691e-5, 0.000723497)), (2, (3, 0.000381327, 9.4309e-5, 0.000475836))]), (29472, 16, 0.001176896, [(4, (0, 0.00060632, 2.3889e-5, 0.000630408)), (4, (1, 0.001103073, 3.5921e-5, 0.001139204)), (4, (2, 0.001066202, 8.8892e-5, 0.001155269)), (4, (3, 0.000654432, 9.6102e-5, 0.000750786))]), (29488, 12, 0.000724413, [(3, (0, 0.000432368, 2.1937e-5, 0.000454537)), (3, (1, 0.000536059, 5.2203e-5, 0.000588582)), (3, (2, 0.000599152, 3.4148e-5, 0.000633492)), (3, (3, 0.000636876, 4.6602e-5, 0.000683678))]), (29504, 9, 0.001184273, [(3, (0, 0.00116862, 1.4679e-5, 0.001183481)), (2, (1, 0.001079985, 7.7989e-5, 0.001158582)), (2, (2, 0.000827129, 2.9114e-5, 0.000856523)), (2, (3, 0.000504964, 3.9062e-5, 0.000544247))]), (29520, 15, 0.00118599, [(4, (0, 0.001162194, 2.2816e-5, 0.0011852)), (4, (1, 0.001062508, 6.0907e-5, 0.001123643)), (4, (2, 0.00091245, 4.0364e-5, 0.000953027)), (3, (3, 0.000454185, 5.5804e-5, 0.000510175))]), (29536, 15, 0.001149563, [(4, (0, 0.001129171, 1.916e-5, 0.001148536)), (4, (1, 0.000543383, 9.631e-5, 0.00063992)), (4, (2, 0.000634654, 3.5062e-5, 0.000670405)), (3, (3, 0.000479129, 0.000101621, 0.000580948))]), (29552, 15, 0.000898574, [(4, (0, 0.000546742, 2.671e-5, 0.000573646)), (4, (1, 0.000750394, 0.000115079, 0.000869098)), (4, (2, 0.000726388, 0.000103667, 0.000830414)), (3, (3, 0.000599394, 0.000182841, 0.000782567))]), (29568, 16, 0.000797873, [(4, (0, 0.000560817, 1.9803e-5, 0.000580875)), (4, (1, 0.000657848, 0.00010835, 0.000766492)), (4, (2, 0.000597167, 3.8241e-5, 0.000635646)), (4, (3, 0.000591072, 4.7694e-5, 0.000638942))]), (29584, 16, 0.001103415, [(4, (0, 0.000815995, 2.326e-5, 0.000839452)), (4, (1, 0.000610282, 4.7885e-5, 0.000658347)), (4, (2, 0.000622044, 3.5325e-5, 0.000657568)), (4, (3, 0.001010581, 5.3499e-5, 0.001064293))]), (29600, 15, 0.000743008, [(4, (0, 0.000573523, 2.4233e-5, 0.00059797)), (4, (1, 0.000658997, 5.8957e-5, 0.00071818)), (4, (2, 0.000627176, 3.9429e-5, 0.000666802)), (3, (3, 0.000423657, 5.5375e-5, 0.000479331))]), (29616, 16, 0.00162719, [(4, (0, 0.001015446, 2.3329e-5, 0.001038971)), (4, (1, 0.001476544, 5.6898e-5, 0.001533675)), (4, (2, 0.001539014, 4.5422e-5, 0.001584664)), (4, (3, 0.000908777, 8.8022e-5, 0.0009971))]), (29632, 16, 0.001275988, [(4, (0, 0.000787397, 1.8957e-5, 0.000806589)), (4, (1, 0.00117156, 5.9953e-5, 0.001231797)), (4, (2, 0.00116258, 3.2154e-5, 0.001194911)), (4, (3, 0.00117506, 5.6968e-5, 0.001232354))]), (29648, 9, 0.000675394, [(3, (0, 0.000653989, 2.0424e-5, 0.000674657)), (2, (1, 0.000470191, 4.6017e-5, 0.000516418)), (2, (2, 0.00047777, 3.2506e-5, 0.000510478)), (2, (3, 0.000581256, 5.1596e-5, 0.000633077))]), (29664, 16, 0.001197815, [(4, (0, 0.000927364, 1.6846e-5, 0.000944419)), (4, (1, 0.001077536, 4.8048e-5, 0.00112581)), (4, (2, 0.001103701, 3.5647e-5, 0.001139695)), (4, (3, 0.001103, 5.2117e-5, 0.001155343))]), (29680, 16, 0.000877458, [(4, (0, 0.000610949, 1.81e-5, 0.000629258)), (4, (1, 0.000809177, 4.2954e-5, 0.000852309)), (4, (2, 0.000642359, 3.1405e-5, 0.000673971)), (4, (3, 0.000658467, 4.798e-5, 0.000706626))]), (29696, 16, 0.001266544, [(4, (0, 0.001016602, 2.2444e-5, 0.001039255)), (4, (1, 0.000869388, 5.0007e-5, 0.000919589)), (4, (2, 0.00099524, 3.5887e-5, 0.001031332)), (4, (3, 0.001166438, 5.4289e-5, 0.001220948))]), (29712, 16, 0.000777307, [(4, (0, 0.000704077, 2.398e-5, 0.000728344)), (4, (1, 0.00069413, 5.6738e-5, 0.000751314)), (4, (2, 0.000581165, 3.7922e-5, 0.000619304)), (4, (3, 0.000565675, 6.6725e-5, 0.000632656))]), (29728, 16, 0.001298831, [(4, (0, 0.000765729, 1.9566e-5, 0.000785505)), (4, (1, 0.001126334, 4.9551e-5, 0.001176147)), (4, (2, 0.001239068, 3.5321e-5, 0.00127462)), (4, (3, 0.001076505, 8.143e-5, 0.001158708))]), (29744, 16, 0.000976754, [(4, (0, 0.000816475, 1.8102e-5, 0.000834792)), (4, (1, 0.00090792, 4.6396e-5, 0.000954513)), (4, (2, 0.000741406, 3.4238e-5, 0.000775903)), (4, (3, 0.000724083, 5.366e-5, 0.000777954))]), (29760, 16, 0.001266837, [(4, (0, 0.000702354, 1.9029e-5, 0.000721595)), (4, (1, 0.001066083, 4.796e-5, 0.001114278)), (4, (2, 0.001210161, 3.3828e-5, 0.001244203)), (4, (3, 0.000819252, 5.2746e-5, 0.000872208))]), (29776, 14, 0.000853126, [(4, (0, 0.000545759, 2.1721e-5, 0.000567681)), (4, (1, 0.000785059, 4.5007e-5, 0.000830259)), (3, (2, 0.000415398, 3.3402e-5, 0.00044899)), (3, (3, 0.000430985, 8.5747e-5, 0.000518384))]), (29792, 14, 0.000869527, [(4, (0, 0.000772901, 2.3396e-5, 0.00079645)), (4, (1, 0.000558605, 0.000114251, 0.000673107)), (3, (2, 0.000427612, 4.674e-5, 0.000474647)), (3, (3, 0.000762629, 5.599e-5, 0.000818823))]), (29808, 14, 0.000843431, [(4, (0, 0.000561424, 2.7405e-5, 0.000589074)), (4, (1, 0.000758245, 5.9178e-5, 0.000817638)), (3, (2, 0.000594771, 4.1842e-5, 0.000636894)), (3, (3, 0.000610009, 7.0438e-5, 0.000680802))]), (29824, 15, 0.000823102, [(4, (0, 0.000795439, 2.6663e-5, 0.000822317)), (4, (1, 0.000747056, 5.2007e-5, 0.00079929)), (4, (2, 0.000692644, 3.9471e-5, 0.000732312)), (3, (3, 0.000464872, 5.93e-5, 0.000524378))]), (29840, 12, 0.000736434, [(3, (0, 0.00063183, 2.4247e-5, 0.000656288)), (3, (1, 0.000656652, 5.107e-5, 0.000707937)), (3, (2, 0.000696557, 3.7813e-5, 0.000734585)), (3, (3, 0.000511538, 7.9983e-5, 0.000592073))]), (29856, 16, 0.000870656, [(4, (0, 0.000626167, 2.2925e-5, 0.000649313)), (4, (1, 0.000753559, 3.5842e-5, 0.000789595)), (4, (2, 0.000739515, 0.00010322, 0.000843053)), (4, (3, 0.000699482, 0.000108889, 0.000808735))]), (29872, 16, 0.000743687, [(4, (0, 0.000594771, 2.0986e-5, 0.000615967)), (4, (1, 0.000621846, 9.2854e-5, 0.000714908)), (4, (2, 0.000658642, 2.5584e-5, 0.000684498)), (4, (3, 0.000627527, 3.4829e-5, 0.000662566))]), (29888, 16, 0.001110012, [(4, (0, 0.000883338, 2.1316e-5, 0.000904889)), (4, (1, 0.000909148, 5.8504e-5, 0.000967915)), (4, (2, 0.00079544, 3.6208e-5, 0.000831899)), (4, (3, 0.001004676, 6.0172e-5, 0.001065045))]), (29904, 16, 0.000907381, [(4, (0, 0.000894358, 1.177e-5, 0.000906316)), (4, (1, 0.000819531, 2.4714e-5, 0.000844468)), (4, (2, 0.000753382, 1.277e-5, 0.000766341)), (4, (3, 0.000777342, 1.999e-5, 0.000797564))]), (29920, 13, 0.000736116, [(4, (0, 0.000708766, 2.633e-5, 0.000735307)), (3, (1, 0.00058385, 5.5803e-5, 0.000639875)), (3, (2, 0.000519139, 4.1081e-5, 0.00056044)), (3, (3, 0.000468287, 6.2779e-5, 0.000531342))]), (29936, 9, 0.000573545, [(3, (0, 0.000552395, 2.0222e-5, 0.000572829)), (2, (1, 0.000347703, 0.000106235, 0.000454272)), (2, (2, 0.000460565, 3.542e-5, 0.000496196)), (2, (3, 0.000446001, 5.0187e-5, 0.000496356))]), (29952, 15, 0.000667634, [(4, (0, 0.000632171, 1.6272e-5, 0.000648643)), (4, (1, 0.00060864, 4.9771e-5, 0.000658645)), (4, (2, 0.000560156, 3.1966e-5, 0.000592344)), (3, (3, 0.000461283, 4.5938e-5, 0.000507443))]), (29968, 12, 0.000748926, [(3, (0, 0.000575348, 2.0248e-5, 0.000595804)), (3, (1, 0.000677265, 4.7861e-5, 0.000725321)), (3, (2, 0.0006962, 3.5092e-5, 0.000731509)), (3, (3, 0.000578026, 5.2591e-5, 0.00063084))]), (29984, 15, 0.000854174, [(4, (0, 0.000677266, 1.652e-5, 0.000693985)), (4, (1, 0.000736683, 8.7204e-5, 0.000824106)), (4, (2, 0.000675359, 6.8837e-5, 0.00074437)), (3, (3, 0.000587465, 8.2514e-5, 0.000670196))]), (30000, 5, 0.000426992, [(2, (0, 0.000401557, 2.4631e-5, 0.000426402)), (1, (1, 0.000167716, 0.000103117, 0.000271632)), (1, (2, 0.000159793, 3.8917e-5, 0.000198923)), (1, (3, 0.000219292, 5.15e-5, 0.000271003))]), (30016, 11, 0.000566892, [(3, (0, 0.000502883, 1.5951e-5, 0.000519047)), (3, (1, 0.000451755, 8.7736e-5, 0.000539788)), (3, (2, 0.000458589, 2.8063e-5, 0.000486845)), (2, (3, 0.000294005, 4.299e-5, 0.000337203))]), (30032, 13, 0.00063061, [(4, (0, 0.000572731, 2.1915e-5, 0.000594853)), (3, (1, 0.000517435, 4.7626e-5, 0.000565237)), (3, (2, 0.000574545, 3.3913e-5, 0.000608659)), (3, (3, 0.000468944, 5.3944e-5, 0.000523161))]), (30048, 10, 0.000696139, [(3, (0, 0.000616308, 1.7546e-5, 0.000634067)), (3, (1, 0.000627469, 4.6804e-5, 0.000674465)), (2, (2, 0.000383344, 3.3232e-5, 0.000416778)), (2, (3, 0.000357165, 5.3502e-5, 0.000410869))]), (30064, 9, 0.000515238, [(3, (0, 0.000498713, 1.5667e-5, 0.000514589)), (2, (1, 0.000309865, 4.6539e-5, 0.000356593)), (2, (2, 0.000320001, 3.0055e-5, 0.00035026)), (2, (3, 0.000294322, 8.4149e-5, 0.000379212))]), (30080, 16, 0.000806602, [(4, (0, 0.000545917, 1.8503e-5, 0.000564629)), (4, (1, 0.00059388, 5.0436e-5, 0.000644512)), (4, (2, 0.00071368, 3.2618e-5, 0.000746474)), (4, (3, 0.00071884, 4.5963e-5, 0.000765))]), (30096, 12, 0.000730243, [(3, (0, 0.000524689, 9.795e-6, 0.000534643)), (3, (1, 0.000544166, 0.000102843, 0.00064723)), (3, (2, 0.000540614, 2.3531e-5, 0.000564343)), (3, (3, 0.000592401, 9.9441e-5, 0.000692147))]), (30112, 8, 0.000465323, [(2, (0, 0.000296707, 1.2749e-5, 0.000309642)), (2, (1, 0.000351897, 2.9573e-5, 0.000381759)), (2, (2, 0.000375449, 1.377e-5, 0.000389405)), (2, (3, 0.000394585, 3.1576e-5, 0.000426373))]), (30128, 16, 0.000827005, [(4, (0, 0.000761475, 2.5748e-5, 0.000787484)), (4, (1, 0.000746943, 5.311e-5, 0.000800256)), (4, (2, 0.000604817, 4.0139e-5, 0.000645176)), (4, (3, 0.000567972, 5.7687e-5, 0.000625877))]), (30144, 15, 0.000752704, [(4, (0, 0.00066981, 1.9468e-5, 0.000689476)), (4, (1, 0.000677815, 4.3589e-5, 0.000721582)), (4, (2, 0.000690197, 3.1093e-5, 0.000721465)), (3, (3, 0.000581343, 4.9049e-5, 0.000630591))]), (30160, 4, 0.000308306, [(1, (0, 0.000238395, 2.0871e-5, 0.000259448)), (1, (1, 0.00016277, 4.7737e-5, 0.000210707)), (1, (2, 0.000163739, 3.4414e-5, 0.00019835)), (1, (3, 0.000220622, 5.2386e-5, 0.000273208))]), (30176, 12, 0.000531155, [(3, (0, 0.000421979, 9.764e-6, 0.000431903)), (3, (1, 0.000487543, 1.8828e-5, 0.000506578)), (3, (2, 0.000432915, 1.0219e-5, 0.000443332)), (3, (3, 0.000440392, 2.6743e-5, 0.000467342))]), (30192, 15, 0.000876513, [(4, (0, 0.000770787, 1.7111e-5, 0.000788114)), (4, (1, 0.000812022, 4.2188e-5, 0.000854402)), (4, (2, 0.000835297, 3.0387e-5, 0.000865898)), (3, (3, 0.00067891, 4.6931e-5, 0.000726093))]), (30208, 9, 0.00044064, [(3, (0, 0.000422403, 1.7339e-5, 0.000439951)), (2, (1, 0.000389668, 4.2952e-5, 0.000432809)), (2, (2, 0.000314964, 3.2522e-5, 0.000347738)), (2, (3, 0.000318188, 5.7398e-5, 0.000375827))]), (30224, 14, 0.000634757, [(4, (0, 0.000541921, 1.5192e-5, 0.000557324)), (4, (1, 0.000573844, 3.9076e-5, 0.000613106)), (3, (2, 0.000437162, 2.7591e-5, 0.000464949)), (3, (3, 0.000412614, 4.4854e-5, 0.000457678))]), (30240, 14, 0.000690102, [(4, (0, 0.000573426, 1.9769e-5, 0.000593406)), (4, (1, 0.000616151, 4.9137e-5, 0.000665496)), (3, (2, 0.000502931, 3.5402e-5, 0.000538524)), (3, (3, 0.000506519, 5.3552e-5, 0.000560263))]), (30256, 16, 0.000812269, [(4, (0, 0.000629936, 2.0086e-5, 0.000650208)), (4, (1, 0.000716661, 5.0884e-5, 0.000767769)), (4, (2, 0.00073723, 3.3038e-5, 0.000770479)), (4, (3, 0.000725595, 5.6173e-5, 0.000781962))]), (30272, 6, 0.000533943, [(2, (0, 0.000342032, 2.3461e-5, 0.000365712)), (2, (1, 0.000443836, 5.8466e-5, 0.000502708)), (1, (2, 0.000156036, 3.5578e-5, 0.000191819)), (1, (3, 0.000279133, 6.3061e-5, 0.000342383))]), (30288, 12, 0.000593436, [(3, (0, 0.000438036, 1.3298e-5, 0.000451504)), (3, (1, 0.000480402, 4.6231e-5, 0.000526874)), (3, (2, 0.000444823, 2.8209e-5, 0.000473287)), (3, (3, 0.000469132, 4.35e-5, 0.000512922))]), (30304, 15, 0.000856009, [(4, (0, 0.000704786, 2.3768e-5, 0.000728812)), (4, (1, 0.000773512, 4.9535e-5, 0.000823253)), (4, (2, 0.000800433, 3.732e-5, 0.000837985)), (3, (3, 0.000658464, 8.0227e-5, 0.000739204))]), (30320, 16, 0.000928225, [(4, (0, 0.000609568, 1.8803e-5, 0.00062866)), (4, (1, 0.000658537, 8.1716e-5, 0.000740492)), (4, (2, 0.000594143, 3.4481e-5, 0.000628835)), (4, (3, 0.000751895, 0.000130023, 0.000882945))]), (30336, 16, 0.000912401, [(4, (0, 0.00067935, 2.4965e-5, 0.000704593)), (4, (1, 0.000806828, 5.2375e-5, 0.000859443)), (4, (2, 0.00073488, 3.8603e-5, 0.000773679)), (4, (3, 0.000829384, 6.294e-5, 0.000892636))]), (30352, 16, 0.000944024, [(4, (0, 0.000619492, 2.1405e-5, 0.000641106)), (4, (1, 0.000801786, 6.5528e-5, 0.000867705)), (4, (2, 0.000724293, 3.8683e-5, 0.000766695)), (4, (3, 0.000808107, 5.275e-5, 0.000861172))]), (30368, 15, 0.000641322, [(4, (0, 0.000527745, 1.7353e-5, 0.000545329)), (4, (1, 0.000559424, 5.6009e-5, 0.000615673)), (4, (2, 0.000555521, 3.2699e-5, 0.000588407)), (3, (3, 0.000416522, 4.6153e-5, 0.000462867))]), (30384, 16, 0.000833867, [(4, (0, 0.000727317, 1.9609e-5, 0.000747115)), (4, (1, 0.000633178, 4.3863e-5, 0.00067724)), (4, (2, 0.000778486, 3.2742e-5, 0.000811451)), (4, (3, 0.000639012, 4.9671e-5, 0.000688911))]), (30400, 13, 0.000705291, [(4, (0, 0.00068748, 1.6822e-5, 0.000704523)), (3, (1, 0.000476723, 4.8528e-5, 0.000525473)), (3, (2, 0.000521225, 2.8942e-5, 0.000550345)), (3, (3, 0.000516275, 4.0506e-5, 0.00055695))]), (30416, 16, 0.000781064, [(4, (0, 0.000522476, 1.6053e-5, 0.000538726)), (4, (1, 0.000649827, 4.012e-5, 0.000690152)), (4, (2, 0.000657007, 2.8284e-5, 0.0006855)), (4, (3, 0.000691731, 4.5522e-5, 0.000737483))]), (30432, 7, 0.00041502, [(2, (0, 0.000324284, 2.2783e-5, 0.000347279)), (2, (1, 0.000336394, 5.4708e-5, 0.000391281)), (2, (2, 0.000367286, 3.6987e-5, 0.00040448)), (1, (3, 0.000160809, 4.7402e-5, 0.000208385))]), (30448, 10, 0.000565481, [(3, (0, 0.000480922, 1.6362e-5, 0.000497493)), (3, (1, 0.000497383, 4.3549e-5, 0.000541139)), (2, (2, 0.000317835, 2.9035e-5, 0.000347078)), (2, (3, 0.000385955, 4.7972e-5, 0.000434145))]), (30464, 13, 0.000899923, [(4, (0, 0.000886054, 1.2934e-5, 0.000899152)), (3, (1, 0.000486169, 5.3752e-5, 0.000540126)), (3, (2, 0.000499305, 4.2482e-5, 0.000542049)), (3, (3, 0.000632784, 0.000103115, 0.000736194))]), (30480, 15, 0.000738946, [(4, (0, 0.000610615, 3.2031e-5, 0.000642839)), (4, (1, 0.000577418, 0.000139332, 0.000717614)), (4, (2, 0.000685525, 4.6012e-5, 0.000731757)), (3, (3, 0.000550718, 0.000142013, 0.000693038))]), (30496, 16, 0.000753197, [(4, (0, 0.000558462, 1.7536e-5, 0.000576184)), (4, (1, 0.00062617, 5.1705e-5, 0.000678072)), (4, (2, 0.000654866, 3.3693e-5, 0.000688791)), (4, (3, 0.000659266, 5.3281e-5, 0.000712799))]), (30512, 16, 0.000745428, [(4, (0, 0.000474684, 1.77e-5, 0.000492597)), (4, (1, 0.000533217, 4.363e-5, 0.000577084)), (4, (2, 0.000516039, 3.0722e-5, 0.000546969)), (4, (3, 0.00066002, 4.7391e-5, 0.000707608))]), (30528, 16, 0.000692745, [(4, (0, 0.000487558, 3.895e-5, 0.000526714)), (4, (1, 0.000564025, 8.9746e-5, 0.00065398)), (4, (2, 0.000652471, 1.654e-5, 0.000669322)), (4, (3, 0.000535155, 2.7743e-5, 0.000563074))]), (30544, 13, 0.000576933, [(4, (0, 0.000538111, 2.206e-5, 0.000560429)), (3, (1, 0.000517493, 4.6985e-5, 0.00056483)), (3, (2, 0.000443978, 3.5613e-5, 0.000479812)), (3, (3, 0.000432669, 5.5373e-5, 0.000488268))]), (30560, 11, 0.00059873, [(3, (0, 0.000403298, 1.9393e-5, 0.000422896)), (3, (1, 0.000481582, 8.8017e-5, 0.000570055)), (3, (2, 0.000448328, 3.4883e-5, 0.000483497)), (2, (3, 0.000298662, 9.3311e-5, 0.00039257))]), (30576, 14, 0.000664252, [(4, (0, 0.000535075, 1.5403e-5, 0.000550688)), (4, (1, 0.000602, 4.149e-5, 0.000643749)), (3, (2, 0.000438635, 2.7924e-5, 0.000466746)), (3, (3, 0.000440528, 4.7367e-5, 0.000488057))]), (30592, 16, 0.00085456, [(4, (0, 0.000557695, 1.572e-5, 0.000573609)), (4, (1, 0.000784338, 4.6988e-5, 0.000831546)), (4, (2, 0.000669087, 3.4635e-5, 0.000703964)), (4, (3, 0.000606173, 5.4832e-5, 0.000661244))]), (30608, 14, 0.000878237, [(4, (0, 0.000713846, 1.574e-5, 0.000729779)), (4, (1, 0.000684042, 4.2259e-5, 0.000726518)), (3, (2, 0.000606109, 2.9561e-5, 0.000635875)), (3, (3, 0.0007441, 8.6718e-5, 0.000831212))]), (30624, 12, 0.000615191, [(3, (0, 0.000562212, 1.8412e-5, 0.000580811)), (3, (1, 0.000542324, 4.9018e-5, 0.000591526)), (3, (2, 0.000471607, 3.1873e-5, 0.000503677)), (3, (3, 0.000458259, 5.469e-5, 0.00051318))]), (30640, 11, 0.000739513, [(3, (0, 0.000481479, 1.8627e-5, 0.000500311)), (3, (1, 0.000509449, 5.0015e-5, 0.000559673)), (3, (2, 0.00068199, 3.2853e-5, 0.000715032)), (2, (3, 0.000359347, 4.5866e-5, 0.000405396))]), (30656, 9, 0.000461648, [(3, (0, 0.00044083, 1.9822e-5, 0.0004609)), (2, (1, 0.000317928, 4.6697e-5, 0.000364859)), (2, (2, 0.000347161, 3.6309e-5, 0.000383715)), (2, (3, 0.000328327, 5.5897e-5, 0.000384437))]), (30672, 16, 0.001084241, [(4, (0, 0.000696751, 1.704e-5, 0.000714023)), (4, (1, 0.000847351, 4.4994e-5, 0.000892542)), (4, (2, 0.000930734, 3.1881e-5, 0.000962897)), (4, (3, 0.001000909, 5.1014e-5, 0.001052131))]), (30688, 16, 0.000851779, [(4, (0, 0.000780977, 1.7034e-5, 0.000798202)), (4, (1, 0.000656814, 4.3472e-5, 0.00070053)), (4, (2, 0.00080039, 2.9489e-5, 0.000830083)), (4, (3, 0.000694817, 5.2077e-5, 0.000747168))]), (30704, 16, 0.00122136, [(4, (0, 0.001040575, 1.1654e-5, 0.001052381)), (4, (1, 0.000988233, 6.4505e-5, 0.001052955)), (4, (2, 0.001133667, 4.9902e-5, 0.00118379)), (4, (3, 0.001137335, 5.7661e-5, 0.00119518))]), (30720, 16, 0.000736327, [(4, (0, 0.000565384, 1.2622e-5, 0.000578207)), (4, (1, 0.000648803, 2.7388e-5, 0.000676484)), (4, (2, 0.000691179, 2.4902e-5, 0.000716271)), (4, (3, 0.000539422, 3.0268e-5, 0.000569902))]), (30736, 16, 0.001032137, [(4, (0, 0.000719866, 1.888e-5, 0.000738928)), (4, (1, 0.00062725, 4.249e-5, 0.000669955)), (4, (2, 0.000920602, 3.0718e-5, 0.00095151)), (4, (3, 0.000940861, 5.0656e-5, 0.000991746))]), (30752, 16, 0.000710141, [(4, (0, 0.000541403, 1.3358e-5, 0.000554966)), (4, (1, 0.000619801, 3.8112e-5, 0.000658104)), (4, (2, 0.000629694, 2.5153e-5, 0.000655019)), (4, (3, 0.000616109, 4.2602e-5, 0.000658893))]), (30768, 14, 0.000658088, [(4, (0, 0.000509182, 1.3593e-5, 0.000522961)), (4, (1, 0.000543495, 2.3191e-5, 0.000566846)), (3, (2, 0.000426482, 0.000109408, 0.000536222)), (3, (3, 0.000465974, 0.000110545, 0.000576734))]), (30784, 15, 0.000710065, [(4, (0, 0.00061223, 2.627e-5, 0.000638684)), (4, (1, 0.000636392, 5.2858e-5, 0.000689448)), (4, (2, 0.000615666, 3.9602e-5, 0.000655484)), (3, (3, 0.000407591, 5.9015e-5, 0.000466842))]), (30800, 14, 0.000726932, [(4, (0, 0.00070312, 2.2835e-5, 0.000726158)), (4, (1, 0.000602769, 4.6538e-5, 0.000649492)), (3, (2, 0.000586467, 3.6778e-5, 0.000623442)), (3, (3, 0.000543279, 5.199e-5, 0.000595467))]), (30816, 15, 0.000745065, [(4, (0, 0.000552777, 1.9582e-5, 0.000572555)), (4, (1, 0.000657113, 5.5025e-5, 0.000712364)), (4, (2, 0.000639849, 3.5542e-5, 0.000675586)), (3, (3, 0.000518999, 5.9588e-5, 0.000578777))]), (30832, 15, 0.001019345, [(4, (0, 0.000951542, 6.5252e-5, 0.001017146)), (4, (1, 0.000890041, 4.4927e-5, 0.000935217)), (4, (2, 0.000827671, 2.6536e-5, 0.000854427)), (3, (3, 0.00048076, 7.1099e-5, 0.000552109))]), (30848, 16, 0.001196584, [(4, (0, 0.000637619, 2.8229e-5, 0.000666109)), (4, (1, 0.000599398, 0.000100055, 0.000700407)), (4, (2, 0.001067661, 4.1652e-5, 0.001109493)), (4, (3, 0.000611345, 6.383e-5, 0.000675491))]), (30864, 16, 0.000679771, [(4, (0, 0.000478156, 2.1408e-5, 0.00049981)), (4, (1, 0.000555674, 5.4769e-5, 0.000610645)), (4, (2, 0.000544804, 3.9674e-5, 0.000584773)), (4, (3, 0.000583554, 5.1531e-5, 0.000635287))]), (30880, 16, 0.001134479, [(4, (0, 0.000758442, 2.7006e-5, 0.000785648)), (4, (1, 0.001050423, 5.3818e-5, 0.001104497)), (4, (2, 0.000778451, 4.14e-5, 0.000820091)), (4, (3, 0.000607218, 5.8869e-5, 0.000666263))]), (30896, 14, 0.000807647, [(4, (0, 0.000782778, 2.2679e-5, 0.000805809)), (4, (1, 0.000734291, 3.588e-5, 0.000770355)), (3, (2, 0.000638346, 4.8121e-5, 0.000686877)), (3, (3, 0.000652588, 5.4497e-5, 0.000707327))]), (30912, 16, 0.001173941, [(4, (0, 0.000780014, 2.982e-5, 0.000810065)), (4, (1, 0.00101984, 8.4453e-5, 0.001104892)), (4, (2, 0.000976113, 4.8788e-5, 0.001025163)), (4, (3, 0.001053763, 5.9775e-5, 0.001113811))]), (30928, 15, 0.001097943, [(4, (0, 0.000948323, 2.0782e-5, 0.000969337)), (4, (1, 0.001021377, 5.1994e-5, 0.001073639)), (4, (2, 0.000701985, 3.7721e-5, 0.000740005)), (3, (3, 0.000565983, 5.684e-5, 0.00062308))]), (30944, 13, 0.000834976, [(4, (0, 0.000660358, 2.0697e-5, 0.000681468)), (3, (1, 0.000686893, 5.6929e-5, 0.000744096)), (3, (2, 0.000766148, 3.6552e-5, 0.00080297)), (3, (3, 0.00061143, 0.000103132, 0.000715126))]), (30960, 15, 0.00094376, [(4, (0, 0.000750071, 2.3781e-5, 0.000774156)), (4, (1, 0.000740525, 5.5644e-5, 0.000796394)), (4, (2, 0.000808745, 4.2734e-5, 0.000851893)), (3, (3, 0.000554572, 7.3376e-5, 0.000628595))]), (30976, 15, 0.000869543, [(4, (0, 0.00074792, 2.1595e-5, 0.000769741)), (4, (1, 0.000803951, 4.0123e-5, 0.000844337)), (4, (2, 0.000709214, 5.5136e-5, 0.000764606)), (3, (3, 0.00061381, 6.3162e-5, 0.000677246))]), (30992, 16, 0.001206786, [(4, (0, 0.000794744, 1.8928e-5, 0.000813929)), (4, (1, 0.000985623, 4.7388e-5, 0.00103324)), (4, (2, 0.001117583, 6.3573e-5, 0.001181486)), (4, (3, 0.000980627, 6.6101e-5, 0.001046968))]), (31008, 15, 0.000993369, [(4, (0, 0.000757052, 2.0406e-5, 0.000777698)), (4, (1, 0.000858404, 9.465e-5, 0.000953266)), (4, (2, 0.000927706, 3.7542e-5, 0.000965646)), (3, (3, 0.000620843, 9.4811e-5, 0.000715933))]), (31024, 15, 0.00118156, [(4, (0, 0.000643818, 2.3952e-5, 0.000668024)), (4, (1, 0.000600441, 6.8906e-5, 0.000669661)), (4, (2, 0.001036832, 5.8227e-5, 0.001095801)), (3, (3, 0.000509948, 0.000109857, 0.000620799))]), (31040, 15, 0.001215249, [(4, (0, 0.000940177, 2.4414e-5, 0.000964801)), (4, (1, 0.001053812, 0.000127873, 0.001181929)), (4, (2, 0.00107623, 0.000106662, 0.001183146)), (3, (3, 0.00077787, 0.000122152, 0.000900361))]), (31056, 15, 0.000859284, [(4, (0, 0.000720952, 2.2837e-5, 0.000744062)), (4, (1, 0.000773828, 6.1099e-5, 0.000835166)), (4, (2, 0.000755646, 5.0496e-5, 0.000806401)), (3, (3, 0.000482817, 6.7016e-5, 0.000550066))]), (31072, 14, 0.000810653, [(4, (0, 0.000664511, 1.8527e-5, 0.000683303)), (4, (1, 0.000709122, 7.4525e-5, 0.000784162)), (3, (2, 0.00058899, 3.3096e-5, 0.000622425)), (3, (3, 0.000509166, 4.4365e-5, 0.000553764))]), (31088, 16, 0.001089128, [(4, (0, 0.000896613, 2.2161e-5, 0.000919022)), (4, (1, 0.00102837, 4.9597e-5, 0.00107825)), (4, (2, 0.000971513, 3.5291e-5, 0.001007008)), (4, (3, 0.000990201, 5.3785e-5, 0.00104419))]), (31104, 14, 0.001282753, [(4, (0, 0.001256953, 2.4529e-5, 0.001281698)), (4, (1, 0.000745886, 5.5761e-5, 0.000801863)), (3, (2, 0.000658747, 3.7958e-5, 0.000696934)), (3, (3, 0.00052543, 5.0292e-5, 0.000575923))]), (31120, 14, 0.00091912, [(4, (0, 0.000571071, 2.2995e-5, 0.000594283)), (4, (1, 0.000644379, 0.000125371, 0.000769953)), (3, (2, 0.000644567, 7.6399e-5, 0.000721166)), (3, (3, 0.000722084, 0.000153139, 0.000875748))]), (31136, 14, 0.000978014, [(4, (0, 0.000667224, 2.3261e-5, 0.000690693)), (4, (1, 0.000736019, 4.6805e-5, 0.000783015)), (3, (2, 0.0006093, 3.5775e-5, 0.000645267)), (3, (3, 0.000884547, 5.2444e-5, 0.000937225))]), (31152, 16, 0.000991021, [(4, (0, 0.000701391, 1.9233e-5, 0.00072083)), (4, (1, 0.000697, 4.2523e-5, 0.000739718)), (4, (2, 0.000719224, 3.1646e-5, 0.000751061)), (4, (3, 0.000904062, 4.8151e-5, 0.000952429))]), (31168, 15, 0.000825607, [(4, (0, 0.000809188, 1.5469e-5, 0.000824867)), (4, (1, 0.00053739, 3.8758e-5, 0.000576338)), (4, (2, 0.000571481, 2.7079e-5, 0.000598752)), (3, (3, 0.000377623, 4.4261e-5, 0.0004221))]), (31184, 15, 0.001151821, [(4, (0, 0.000979551, 1.7939e-5, 0.000997695)), (4, (1, 0.00102967, 9.8388e-5, 0.001128254)), (4, (2, 0.001005298, 3.2251e-5, 0.001037737)), (3, (3, 0.000635951, 0.000136903, 0.000773591))]), (31200, 16, 0.000702059, [(4, (0, 0.000495422, 1.7789e-5, 0.000513406)), (4, (1, 0.000584231, 8.9219e-5, 0.000674253)), (4, (2, 0.000523668, 3.5011e-5, 0.000558891)), (4, (3, 0.000525835, 4.7523e-5, 0.000573547))]), (31216, 16, 0.000740972, [(4, (0, 0.000518807, 2.0726e-5, 0.00053974)), (4, (1, 0.000597715, 4.8338e-5, 0.000646252)), (4, (2, 0.000629652, 3.3568e-5, 0.000663397)), (4, (3, 0.000634824, 5.853e-5, 0.000693685))]), (31232, 15, 0.000741468, [(4, (0, 0.000571269, 2.1228e-5, 0.000592687)), (4, (1, 0.000671746, 4.478e-5, 0.000716724)), (4, (2, 0.000551032, 3.4018e-5, 0.000585256)), (3, (3, 0.000440141, 5.0818e-5, 0.000491226))]), (31248, 13, 0.001026301, [(4, (0, 0.00091896, 3.3848e-5, 0.000952998)), (3, (1, 0.000485627, 0.00012256, 0.000608403)), (3, (2, 0.000443244, 4.3698e-5, 0.000487162)), (3, (3, 0.0007848, 0.000144892, 0.000930791))]), (31264, 12, 0.000849856, [(3, (0, 0.0004249, 2.1107e-5, 0.000446236)), (3, (1, 0.000468522, 5.8564e-5, 0.000527324)), (3, (2, 0.000464834, 4.101e-5, 0.0005061)), (3, (3, 0.000749206, 5.4916e-5, 0.000804321))]), (31280, 13, 0.000801059, [(4, (0, 0.000781992, 1.8183e-5, 0.000800389)), (3, (1, 0.000599353, 3.071e-5, 0.000630293)), (3, (2, 0.000590675, 0.000120317, 0.000711324)), (3, (3, 0.000572057, 0.000124932, 0.000697341))]), (31296, 15, 0.000979727, [(4, (0, 0.000736413, 2.2431e-5, 0.000759054)), (4, (1, 0.000786533, 0.000162199, 0.00094976)), (4, (2, 0.000626182, 3.5154e-5, 0.000661516)), (3, (3, 0.000496939, 9.3646e-5, 0.000590782))]), (31312, 16, 0.001224417, [(4, (0, 0.001198409, 2.493e-5, 0.001223581)), (4, (1, 0.000790575, 4.5369e-5, 0.000836203)), (4, (2, 0.000591095, 5.5568e-5, 0.000646853)), (4, (3, 0.000801553, 6.1204e-5, 0.00086296))]), (31328, 16, 0.001213189, [(4, (0, 0.000831181, 1.6879e-5, 0.000848372)), (4, (1, 0.001124857, 5.1019e-5, 0.001176377)), (4, (2, 0.000776501, 3.5367e-5, 0.000812195)), (4, (3, 0.000661907, 6.0348e-5, 0.000722608))]), (31344, 14, 0.001284642, [(4, (0, 0.000725566, 2.6051e-5, 0.000751865)), (4, (1, 0.001161782, 9.4857e-5, 0.001257155)), (3, (2, 0.000861143, 4.1717e-5, 0.0009031)), (3, (3, 0.000872272, 0.000125972, 0.000999))]), (31360, 15, 0.001035229, [(4, (0, 0.000771251, 2.6558e-5, 0.000798058)), (4, (1, 0.000929161, 5.5918e-5, 0.000985268)), (4, (2, 0.000783133, 4.2671e-5, 0.000826045)), (3, (3, 0.000692422, 6.1974e-5, 0.000754584))]), (31376, 14, 0.001294065, [(4, (0, 0.000567219, 2.1009e-5, 0.000588428)), (4, (1, 0.00112188, 0.000143023, 0.001265238)), (3, (2, 0.000457975, 9.0621e-5, 0.000548849)), (3, (3, 0.000528682, 0.000183324, 0.000712886))]), (31392, 14, 0.000733718, [(4, (0, 0.000711341, 2.1373e-5, 0.000732936)), (4, (1, 0.000596042, 8.3352e-5, 0.000679684)), (3, (2, 0.000402677, 4.2108e-5, 0.000445131)), (3, (3, 0.000402866, 8.895e-5, 0.000492153))]), (31408, 15, 0.000836802, [(4, (0, 0.000789783, 1.8766e-5, 0.000808765)), (4, (1, 0.000768416, 5.598e-5, 0.000824634)), (4, (2, 0.000804946, 3.0634e-5, 0.00083581)), (3, (3, 0.00059929, 5.022e-5, 0.000649822))]), (31424, 16, 0.001264438, [(4, (0, 0.001130086, 1.9963e-5, 0.001150371)), (4, (1, 0.001179056, 4.7145e-5, 0.001229832)), (4, (2, 0.000807365, 3.2258e-5, 0.000839808)), (4, (3, 0.000882893, 5.3795e-5, 0.000936913))]), (31440, 15, 0.001622817, [(4, (0, 0.000940688, 5.3593e-5, 0.000994697)), (4, (1, 0.001441454, 0.000105107, 0.001547063)), (4, (2, 0.001171029, 6.5789e-5, 0.001237151)), (3, (3, 0.000519112, 0.000132991, 0.000652678))]), (31456, 16, 0.001322714, [(4, (0, 0.001301814, 1.985e-5, 0.001321865)), (4, (1, 0.001105117, 3.2215e-5, 0.001137593)), (4, (2, 0.000887786, 4.6532e-5, 0.000934556)), (4, (3, 0.0009349, 8.8438e-5, 0.00102431))]), (31472, 16, 0.000799605, [(4, (0, 0.000503412, 1.7687e-5, 0.00052133)), (4, (1, 0.000642209, 8.1056e-5, 0.000723466)), (4, (2, 0.000537289, 3.1858e-5, 0.000569336)), (4, (3, 0.000632021, 0.000118477, 0.000751269))]), (31488, 15, 0.001203456, [(4, (0, 0.001178775, 2.3675e-5, 0.001202647)), (4, (1, 0.000941081, 0.000111946, 0.001053269)), (4, (2, 0.000820201, 3.7892e-5, 0.00085834)), (3, (3, 0.000612977, 0.000148021, 0.000761363))]), (31504, 14, 0.000672863, [(4, (0, 0.000647328, 2.4527e-5, 0.000672069)), (4, (1, 0.00052624, 9.9016e-5, 0.000625461)), (3, (2, 0.000432591, 4.4298e-5, 0.000477128)), (3, (3, 0.000417665, 0.000142565, 0.000560422))]), (31520, 15, 0.000845206, [(4, (0, 0.00052241, 2.3701e-5, 0.000546315)), (4, (1, 0.000755906, 5.9989e-5, 0.000816388)), (4, (2, 0.000577093, 3.557e-5, 0.000612866)), (3, (3, 0.000491471, 4.7753e-5, 0.000539429))]), (31536, 16, 0.000693717, [(4, (0, 0.000535402, 2.386e-5, 0.00055946)), (4, (1, 0.000547867, 6.4958e-5, 0.000613019)), (4, (2, 0.000571895, 4.0797e-5, 0.000612893)), (4, (3, 0.000584202, 7.2628e-5, 0.000658022))]), (31552, 16, 0.000840869, [(4, (0, 0.000634089, 2.3347e-5, 0.000657661)), (4, (1, 0.000644556, 0.000109857, 0.000754642)), (4, (2, 0.000706657, 8.8911e-5, 0.000795866)), (4, (3, 0.000702989, 0.000102883, 0.000806085))]), (31568, 14, 0.000590608, [(4, (0, 0.000567193, 2.2409e-5, 0.000589811)), (4, (1, 0.000546339, 3.7366e-5, 0.000583899)), (3, (2, 0.000496871, 5.0802e-5, 0.00054789)), (3, (3, 0.000418058, 5.7111e-5, 0.000475409))]), (31584, 16, 0.000802051, [(4, (0, 0.000579501, 2.173e-5, 0.000601429)), (4, (1, 0.000686423, 9.0204e-5, 0.000776808)), (4, (2, 0.000618945, 3.3784e-5, 0.000652938)), (4, (3, 0.000626039, 8.73e-5, 0.000713604))]), (31600, 16, 0.000749321, [(4, (0, 0.000599606, 2.4691e-5, 0.00062455)), (4, (1, 0.000681619, 5.8246e-5, 0.000740089)), (4, (2, 0.000607493, 5.0338e-5, 0.000658056)), (4, (3, 0.000642487, 6.391e-5, 0.000706597))]), (31616, 16, 0.001605171, [(4, (0, 0.000810366, 1.9656e-5, 0.000830208)), (4, (1, 0.000919278, 5.0952e-5, 0.000970414)), (4, (2, 0.00109179, 3.2562e-5, 0.00112455)), (4, (3, 0.001436205, 4.4766e-5, 0.001481191))]), (31632, 14, 0.000672216, [(4, (0, 0.000569797, 2.235e-5, 0.000592335)), (4, (1, 0.000592646, 4.6633e-5, 0.000639474)), (3, (2, 0.000496264, 3.5649e-5, 0.00053211)), (3, (3, 0.000537641, 0.000109552, 0.00064774))]), (31648, 15, 0.001212183, [(4, (0, 0.000608134, 2.4402e-5, 0.000632728)), (4, (1, 0.000681743, 3.7883e-5, 0.000719836)), (4, (2, 0.001092328, 5.3066e-5, 0.001145593)), (3, (3, 0.000548145, 5.8172e-5, 0.000606533))]), (31664, 11, 0.000604651, [(3, (0, 0.00041211, 2.1845e-5, 0.000434146)), (3, (1, 0.000454413, 3.3293e-5, 0.0004879)), (3, (2, 0.000499603, 4.5817e-5, 0.000545613)), (2, (3, 0.00046935, 9.8195e-5, 0.000567771))]), (31680, 13, 0.001080092, [(4, (0, 0.000489273, 2.3187e-5, 0.000512665)), (3, (1, 0.000450661, 5.2325e-5, 0.000503174)), (3, (2, 0.000588611, 3.5498e-5, 0.000628012)), (3, (3, 0.000946245, 4.7814e-5, 0.000994236))]), (31696, 14, 0.001091195, [(4, (0, 0.001064269, 2.5943e-5, 0.001090419)), (4, (1, 0.000659084, 6.5783e-5, 0.000725191)), (3, (2, 0.000528617, 5.209e-5, 0.000580933)), (3, (3, 0.0005072, 7.0712e-5, 0.0005781))]), (31712, 16, 0.000807417, [(4, (0, 0.000715865, 2.0728e-5, 0.000736788)), (4, (1, 0.000586725, 9.6977e-5, 0.00068389)), (4, (2, 0.00059123, 3.6097e-5, 0.000627527)), (4, (3, 0.000716396, 5.0883e-5, 0.00076745))]), (31728, 11, 0.00056791, [(3, (0, 0.000531124, 2.4754e-5, 0.000556093)), (3, (1, 0.000518603, 4.7119e-5, 0.000565928)), (3, (2, 0.000518133, 3.7362e-5, 0.000555698)), (2, (3, 0.00036604, 5.246e-5, 0.000418711))]), (31744, 10, 0.001025495, [(3, (0, 0.000999469, 2.5112e-5, 0.001024787)), (3, (1, 0.000536055, 4.7982e-5, 0.000584209)), (2, (2, 0.000288458, 3.6761e-5, 0.00032541)), (2, (3, 0.000317474, 5.3495e-5, 0.000371158))]), (31760, 12, 0.000783124, [(3, (0, 0.00045851, 2.2545e-5, 0.000481255)), (3, (1, 0.000514323, 5.3808e-5, 0.000568321)), (3, (2, 0.000519629, 4.0621e-5, 0.000560458)), (3, (3, 0.000620698, 0.000113552, 0.000734548))]), (31776, 12, 0.00114638, [(3, (0, 0.000516835, 1.4181e-5, 0.000531165)), (3, (1, 0.000532499, 8.118e-5, 0.00061403)), (3, (2, 0.000474914, 1.5196e-5, 0.000490318)), (3, (3, 0.00107891, 2.3577e-5, 0.00110269))]), (31792, 11, 0.00094662, [(3, (0, 0.000424997, 1.1506e-5, 0.000436667)), (3, (1, 0.000904516, 1.9973e-5, 0.000924709)), (3, (2, 0.000722409, 1.2758e-5, 0.00073536)), (2, (3, 0.000327821, 6.3477e-5, 0.000391519))]), (31808, 16, 0.000690044, [(4, (0, 0.000503059, 1.9761e-5, 0.000523007)), (4, (1, 0.000579678, 4.88e-5, 0.000628647)), (4, (2, 0.000572415, 3.4527e-5, 0.000607147)), (4, (3, 0.000557184, 9.2576e-5, 0.000650596))]), (31824, 15, 0.000841725, [(4, (0, 0.000539695, 2.1939e-5, 0.000561851)), (4, (1, 0.000713328, 5.4454e-5, 0.00076803)), (4, (2, 0.000622581, 4.4164e-5, 0.000667041)), (3, (3, 0.000504417, 0.000103202, 0.000607826))]), (31840, 13, 0.000705845, [(4, (0, 0.000679301, 2.5601e-5, 0.00070511)), (3, (1, 0.000442743, 8.6731e-5, 0.000530086)), (3, (2, 0.000499017, 3.7691e-5, 0.000536897)), (3, (3, 0.000437672, 4.8468e-5, 0.000486349))]), (31856, 16, 0.000837403, [(4, (0, 0.000818708, 1.7753e-5, 0.000836681)), (4, (1, 0.000635455, 4.0488e-5, 0.00067612)), (4, (2, 0.000630183, 2.9215e-5, 0.000659601)), (4, (3, 0.000583491, 4.6041e-5, 0.000629768))]), (31872, 15, 0.000821234, [(4, (0, 0.000642528, 2.1332e-5, 0.00066408)), (4, (1, 0.00075372, 4.4766e-5, 0.000798676)), (4, (2, 0.00054642, 3.3903e-5, 0.000580512)), (3, (3, 0.000681658, 5.047e-5, 0.000732333))]), (31888, 13, 0.000518731, [(4, (0, 0.000497644, 2.0197e-5, 0.000518045)), (3, (1, 0.00047226, 4.265e-5, 0.000515095)), (3, (2, 0.000476136, 3.2434e-5, 0.00050876)), (3, (3, 0.000428823, 4.8169e-5, 0.0004772))]), (31904, 16, 0.00088825, [(4, (0, 0.000674021, 1.9646e-5, 0.000693866)), (4, (1, 0.000720121, 5.3139e-5, 0.000773543)), (4, (2, 0.000716893, 3.2513e-5, 0.000749584)), (4, (3, 0.000796892, 5.4499e-5, 0.000851623))]), (31920, 15, 0.000880304, [(4, (0, 0.000519487, 3.256e-5, 0.000552245)), (4, (1, 0.000747933, 0.000108174, 0.000856275)), (4, (2, 0.000564201, 4.5368e-5, 0.000609786)), (3, (3, 0.000449784, 0.000114489, 0.000564431))]), (31936, 13, 0.000713153, [(4, (0, 0.000522628, 2.5686e-5, 0.000548493)), (3, (1, 0.000471573, 0.000114891, 0.000586669)), (3, (2, 0.000523925, 0.000100917, 0.000625117)), (3, (3, 0.000523741, 0.00015322, 0.000677721))]), (31952, 16, 0.000791041, [(4, (0, 0.000692722, 1.5188e-5, 0.000708099)), (4, (1, 0.000739071, 3.1195e-5, 0.000770463)), (4, (2, 0.000673786, 4.205e-5, 0.000716002)), (4, (3, 0.000657757, 4.9096e-5, 0.000707068))]), (31968, 15, 0.000785152, [(4, (0, 0.000563046, 1.3629e-5, 0.000576835)), (4, (1, 0.000703773, 5.1783e-5, 0.000755766)), (4, (2, 0.000707516, 3.2838e-5, 0.000740539)), (3, (3, 0.000504696, 4.6361e-5, 0.000551251))]), (31984, 15, 0.000790337, [(4, (0, 0.00054643, 2.0425e-5, 0.00056705)), (4, (1, 0.000572188, 4.7218e-5, 0.000619602)), (4, (2, 0.000733943, 3.4929e-5, 0.000769063)), (3, (3, 0.000559828, 5.2668e-5, 0.000612787))]), (32000, 14, 0.000765206, [(4, (0, 0.000752844, 1.1612e-5, 0.000764602)), (4, (1, 0.000696697, 5.003e-5, 0.000746928)), (3, (2, 0.000434127, 3.789e-5, 0.000472193)), (3, (3, 0.000560594, 5.5223e-5, 0.000616031))]), (32016, 15, 0.001193996, [(4, (0, 0.001172334, 2.0577e-5, 0.001193111)), (4, (1, 0.000784485, 5.7615e-5, 0.000842359)), (4, (2, 0.000857851, 3.4644e-5, 0.000892701)), (3, (3, 0.000402917, 4.7564e-5, 0.000450662))]), (32032, 15, 0.001435021, [(4, (0, 0.0014083, 2.5814e-5, 0.001434314)), (4, (1, 0.001093009, 0.000185244, 0.001279057)), (4, (2, 0.001186819, 9.0144e-5, 0.00127716)), (3, (3, 0.000536342, 0.00014427, 0.000680788))]), (32048, 16, 0.001205728, [(4, (0, 0.000616089, 2.0895e-5, 0.000637168)), (4, (1, 0.000684878, 9.7652e-5, 0.000782713)), (4, (2, 0.000572369, 3.3824e-5, 0.000606365)), (4, (3, 0.000988668, 0.000102898, 0.001092158))]), (32064, 16, 0.000757063, [(4, (0, 0.000618841, 2.084e-5, 0.000639897)), (4, (1, 0.00069783, 4.9254e-5, 0.000747269)), (4, (2, 0.000614171, 3.6195e-5, 0.000650569)), (4, (3, 0.000657172, 5.4259e-5, 0.000711648))]), (32080, 12, 0.000649873, [(3, (0, 0.000629774, 1.9166e-5, 0.000649139)), (3, (1, 0.000428352, 4.6397e-5, 0.000474942)), (3, (2, 0.000440739, 3.3479e-5, 0.000474411)), (3, (3, 0.000424683, 5.3476e-5, 0.000478351))]), (32096, 14, 0.000722824, [(4, (0, 0.000542078, 1.8721e-5, 0.000560991)), (4, (1, 0.000627552, 5.6449e-5, 0.000684325)), (3, (2, 0.00042148, 3.4384e-5, 0.000456071)), (3, (3, 0.000430767, 6.4998e-5, 0.000495971))]), (32112, 13, 0.000720875, [(4, (0, 0.000495447, 2.4933e-5, 0.000520597)), (3, (1, 0.000400349, 5.9601e-5, 0.000460264)), (3, (2, 0.000391578, 3.7897e-5, 0.000429673)), (3, (3, 0.000628024, 5.0484e-5, 0.000678725))]), (32128, 14, 0.000661963, [(4, (0, 0.000470769, 2.5687e-5, 0.000496655)), (4, (1, 0.000589516, 4.9976e-5, 0.000639681)), (3, (2, 0.000553051, 3.8906e-5, 0.000592185)), (3, (3, 0.00038037, 5.4735e-5, 0.000435353))]), (32144, 16, 0.000815717, [(4, (0, 0.000562323, 2.2653e-5, 0.000585236)), (4, (1, 0.000725791, 5.1632e-5, 0.000777626)), (4, (2, 0.000560035, 3.6409e-5, 0.00059661)), (4, (3, 0.000677496, 5.8022e-5, 0.00073571))]), (32160, 16, 0.000802025, [(4, (0, 0.000625019, 2.5728e-5, 0.00065094)), (4, (1, 0.000724974, 5.3404e-5, 0.000778568)), (4, (2, 0.000678724, 3.6603e-5, 0.000715511)), (4, (3, 0.000556793, 4.9259e-5, 0.000606256))]), (32176, 16, 0.001438305, [(4, (0, 0.000511897, 2.1452e-5, 0.000533536)), (4, (1, 0.000633542, 4.9652e-5, 0.000683402)), (4, (2, 0.000619635, 3.5678e-5, 0.00065554)), (4, (3, 0.00123516, 0.000112729, 0.001348705))]), (32192, 14, 0.000934484, [(4, (0, 0.000542321, 2.4078e-5, 0.000566629)), (4, (1, 0.000616283, 3.6481e-5, 0.000652965)), (3, (2, 0.000505158, 4.8926e-5, 0.000554356)), (3, (3, 0.00079674, 0.000103785, 0.000900856))]), (32208, 16, 0.001482076, [(4, (0, 0.000799358, 1.9278e-5, 0.000818853)), (4, (1, 0.001309708, 0.00013258, 0.001443741)), (4, (2, 0.000948014, 3.281e-5, 0.000981047)), (4, (3, 0.001156636, 4.4944e-5, 0.001201761))]), (32224, 15, 0.001055107, [(4, (0, 0.000990103, 2.5883e-5, 0.001016218)), (4, (1, 0.000980165, 5.2413e-5, 0.001032811)), (4, (2, 0.000772979, 4.0433e-5, 0.000813842)), (3, (3, 0.000552461, 5.7411e-5, 0.000610147))]), (32240, 16, 0.00072296, [(4, (0, 0.000669932, 6.81e-6, 0.000676905)), (4, (1, 0.000625215, 6.9697e-5, 0.000695307)), (4, (2, 0.000547646, 1.422e-5, 0.000562081)), (4, (3, 0.000564629, 2.4532e-5, 0.000589352))]), (32256, 13, 0.000746304, [(4, (0, 0.00067464, 2.0677e-5, 0.000695514)), (3, (1, 0.000671189, 5.3644e-5, 0.00072506)), (3, (2, 0.000478682, 3.2871e-5, 0.000511758)), (3, (3, 0.000452881, 6.0564e-5, 0.0005137))]), (32272, 16, 0.001106322, [(4, (0, 0.0007899, 1.8927e-5, 0.000809022)), (4, (1, 0.000632112, 4.2401e-5, 0.000674708)), (4, (2, 0.000982307, 3.0965e-5, 0.001013451)), (4, (3, 0.00092906, 4.7032e-5, 0.000976289))]), (32288, 15, 0.000741719, [(4, (0, 0.000656753, 1.7288e-5, 0.000674286)), (4, (1, 0.000695, 3.0248e-5, 0.000725461)), (4, (2, 0.000559061, 4.5939e-5, 0.000605237)), (3, (3, 0.000590857, 5.1714e-5, 0.000642763))]), (32304, 16, 0.000932491, [(4, (0, 0.000632248, 2.1816e-5, 0.000654262)), (4, (1, 0.000737447, 5.2176e-5, 0.000789913)), (4, (2, 0.00065534, 3.3433e-5, 0.000688969)), (4, (3, 0.000594063, 5.9864e-5, 0.000654177))]), (32320, 15, 0.000883275, [(4, (0, 0.000569971, 2.1936e-5, 0.000592138)), (4, (1, 0.000723657, 4.5631e-5, 0.000769497)), (4, (2, 0.00076593, 3.3771e-5, 0.000799868)), (3, (3, 0.000750007, 9.63e-5, 0.000846549))]), (32336, 16, 0.000683379, [(4, (0, 0.000515545, 1.3675e-5, 0.000529441)), (4, (1, 0.000576598, 2.5517e-5, 0.000602318)), (4, (2, 0.000571516, 4.0794e-5, 0.000612513)), (4, (3, 0.000588144, 5.5648e-5, 0.000643985))]), (32352, 15, 0.000955511, [(4, (0, 0.00079282, 2.0409e-5, 0.000813432)), (4, (1, 0.000896437, 3.5501e-5, 0.000932149)), (4, (2, 0.000834136, 5.1618e-5, 0.000885996)), (3, (3, 0.000567511, 5.8154e-5, 0.000625981))]), (32368, 14, 0.001074556, [(4, (0, 0.000815551, 2.2998e-5, 0.000838815)), (4, (1, 0.000801259, 9.371e-5, 0.000895149)), (3, (2, 0.00097141, 7.8627e-5, 0.001050274)), (3, (3, 0.000695194, 9.0714e-5, 0.000786102))]), (32384, 15, 0.00085068, [(4, (0, 0.000643995, 1.6563e-5, 0.000660765)), (4, (1, 0.000677364, 0.000144499, 0.000822175)), (4, (2, 0.000556578, 2.9878e-5, 0.000586744)), (3, (3, 0.000608696, 3.9879e-5, 0.000648781))]), (32400, 14, 0.000775661, [(4, (0, 0.000496048, 1.7971e-5, 0.000514196)), (4, (1, 0.00066276, 9.0203e-5, 0.000753166)), (3, (2, 0.000561006, 3.2068e-5, 0.000593308)), (3, (3, 0.000543787, 0.00010214, 0.000646183))]), (32416, 16, 0.000780787, [(4, (0, 0.00074784, 2.6798e-5, 0.000774851)), (4, (1, 0.000726286, 5.3081e-5, 0.000779556)), (4, (2, 0.00068451, 3.6908e-5, 0.000721604)), (4, (3, 0.000714037, 4.7667e-5, 0.000761901))]), (32432, 15, 0.00103648, [(4, (0, 0.00061119, 1.7531e-5, 0.000628939)), (4, (1, 0.000967201, 4.5614e-5, 0.001013015)), (4, (2, 0.000545837, 2.9352e-5, 0.000575376)), (3, (3, 0.000660655, 4.0282e-5, 0.000701106))]), (32448, 16, 0.00074796, [(4, (0, 0.000692451, 1.6893e-5, 0.000709523)), (4, (1, 0.000688911, 2.8887e-5, 0.000717964)), (4, (2, 0.00053957, 3.9465e-5, 0.000579236)), (4, (3, 0.000669181, 4.5154e-5, 0.000714545))]), (32464, 16, 0.000655686, [(4, (0, 0.000531383, 1.5373e-5, 0.000546938)), (4, (1, 0.000570485, 4.1626e-5, 0.000612273)), (4, (2, 0.00058302, 2.934e-5, 0.000612558)), (4, (3, 0.000566775, 4.6006e-5, 0.000612972))]), (32480, 15, 0.00085416, [(4, (0, 0.00049061, 2.1081e-5, 0.000511898)), (4, (1, 0.000552914, 5.0862e-5, 0.000603954)), (4, (2, 0.000800728, 3.2503e-5, 0.000833428)), (3, (3, 0.000571643, 4.3059e-5, 0.000614875))]), (32496, 16, 0.000917259, [(4, (0, 0.000487126, 1.8925e-5, 0.000506246)), (4, (1, 0.000593695, 0.000102291, 0.000696668)), (4, (2, 0.000685744, 3.0063e-5, 0.000715989)), (4, (3, 0.000630871, 0.000253436, 0.000884609))]), (32512, 16, 0.000993813, [(4, (0, 0.000785312, 2.0249e-5, 0.000805756)), (4, (1, 0.000809828, 0.00011505, 0.000925198)), (4, (2, 0.000884762, 8.4292e-5, 0.000969386)), (4, (3, 0.000792978, 9.5324e-5, 0.000888497))]), (32528, 15, 0.001043684, [(4, (0, 0.000533934, 2.0522e-5, 0.00055465)), (4, (1, 0.000842722, 3.4736e-5, 0.000877641)), (4, (2, 0.000963168, 5.1963e-5, 0.001015445)), (3, (3, 0.000681119, 0.000105382, 0.000786804))]), (32544, 12, 0.000785562, [(3, (0, 0.000434835, 2.0733e-5, 0.000455753)), (3, (1, 0.000472469, 9.4844e-5, 0.000567573)), (3, (2, 0.0004678, 3.3585e-5, 0.000501584)), (3, (3, 0.000649624, 9.9439e-5, 0.000749285))]), (32560, 15, 0.000709247, [(4, (0, 0.000497464, 2.4949e-5, 0.000522625)), (4, (1, 0.000639131, 4.7537e-5, 0.000686861)), (4, (2, 0.000546438, 3.6856e-5, 0.000583491)), (3, (3, 0.00058299, 5.2712e-5, 0.000635904))]), (32576, 9, 0.00044008, [(3, (0, 0.00042137, 1.7906e-5, 0.000439477)), (2, (1, 0.000331561, 4.0776e-5, 0.000372522)), (2, (2, 0.000259761, 3.0323e-5, 0.000290286)), (2, (3, 0.000266188, 4.6075e-5, 0.000312445))]), (32592, 14, 0.00087757, [(4, (0, 0.000575297, 1.8245e-5, 0.000593741)), (4, (1, 0.000646008, 5.4512e-5, 0.000700713)), (3, (2, 0.00040288, 3.9851e-5, 0.000442974)), (3, (3, 0.000790749, 4.8927e-5, 0.000839871))]), (32608, 15, 0.00071971, [(4, (0, 0.0006016, 2.2767e-5, 0.000624585)), (4, (1, 0.000515431, 5.0545e-5, 0.000566157)), (4, (2, 0.000664214, 3.467e-5, 0.000699088)), (3, (3, 0.000460121, 4.5065e-5, 0.000505376))]), (32624, 16, 0.000646664, [(4, (0, 0.000513383, 1.512e-5, 0.000528701)), (4, (1, 0.000558818, 3.7632e-5, 0.000596643)), (4, (2, 0.000561503, 2.6857e-5, 0.000588548)), (4, (3, 0.000562462, 4.6396e-5, 0.000609049))]), (32640, 16, 0.000847842, [(4, (0, 0.000675377, 1.9219e-5, 0.000694781)), (4, (1, 0.000645737, 3.1419e-5, 0.000677338)), (4, (2, 0.000639144, 4.6051e-5, 0.000685364)), (4, (3, 0.000762927, 4.9368e-5, 0.000812467))]), (32656, 15, 0.000872672, [(4, (0, 0.000781301, 1.7954e-5, 0.000799433)), (4, (1, 0.0007896, 4.5164e-5, 0.00083502)), (4, (2, 0.000834054, 2.9607e-5, 0.000863871)), (3, (3, 0.000406508, 0.000157789, 0.000564593))]), (32672, 14, 0.000806299, [(4, (0, 0.000786485, 1.8589e-5, 0.000805319)), (4, (1, 0.000714166, 4.4241e-5, 0.00075861)), (3, (2, 0.00047227, 3.2226e-5, 0.000504698)), (3, (3, 0.000518983, 0.000105517, 0.000624816))]), (32688, 16, 0.00085376, [(4, (0, 0.000568554, 2.5727e-5, 0.00059449)), (4, (1, 0.000661725, 5.4757e-5, 0.000716705)), (4, (2, 0.000682198, 3.9699e-5, 0.000722087)), (4, (3, 0.000715627, 0.000101897, 0.000818278))]), (32704, 16, 0.000959687, [(4, (0, 0.000688309, 2.4014e-5, 0.000712523)), (4, (1, 0.000886549, 5.0337e-5, 0.000937072)), (4, (2, 0.00078423, 3.673e-5, 0.000821151)), (4, (3, 0.000640115, 8.1577e-5, 0.00072228))]), (32720, 16, 0.000830685, [(4, (0, 0.000645541, 1.8376e-5, 0.000664116)), (4, (1, 0.000782406, 3.0345e-5, 0.000812946)), (4, (2, 0.00050547, 4.4505e-5, 0.00055019)), (4, (3, 0.000695496, 8.5334e-5, 0.000781599))]), (32736, 16, 0.000774238, [(4, (0, 0.000588704, 2.2465e-5, 0.00061136)), (4, (1, 0.000682076, 6.4177e-5, 0.000746599)), (4, (2, 0.00051387, 3.573e-5, 0.000549777)), (4, (3, 0.000524442, 4.9569e-5, 0.000574238))]), (32752, 15, 0.001035563, [(4, (0, 0.000518398, 8.493e-6, 0.000527061)), (4, (1, 0.000976191, 3.6858e-5, 0.001013234)), (4, (2, 0.000687235, 2.5643e-5, 0.000713034)), (3, (3, 0.000636111, 7.4229e-5, 0.00071094))]), (32768, 16, 0.001096514, [(4, (0, 0.000821333, 2.2571e-5, 0.000844082)), (4, (1, 0.000734148, 4.9382e-5, 0.000783727)), (4, (2, 0.000977908, 3.7507e-5, 0.001015609)), (4, (3, 0.00096171, 9.0177e-5, 0.001052434))]), (32784, 16, 0.000866427, [(4, (0, 0.000602627, 1.6142e-5, 0.000618982)), (4, (1, 0.000797445, 4.4968e-5, 0.000842636)), (4, (2, 0.000704766, 3.1706e-5, 0.000736687)), (4, (3, 0.000658467, 4.8607e-5, 0.000707272))]), (32800, 16, 0.001112953, [(4, (0, 0.000471216, 1.112e-5, 0.000482496)), (4, (1, 0.000651353, 2.1186e-5, 0.000672721)), (4, (2, 0.000783368, 1.5308e-5, 0.000798994)), (4, (3, 0.000998302, 4.042e-5, 0.001039054))]), (32816, 16, 0.000708078, [(4, (0, 0.000630053, 2.0831e-5, 0.000651087)), (4, (1, 0.000559017, 8.4708e-5, 0.000644039)), (4, (2, 0.000524416, 5.3916e-5, 0.000578584)), (4, (3, 0.000541836, 9.1631e-5, 0.000633659))]), (32832, 15, 0.000696032, [(4, (0, 0.000591422, 1.8995e-5, 0.000610614)), (4, (1, 0.000584515, 4.7219e-5, 0.00063197)), (4, (2, 0.000644066, 3.1424e-5, 0.000675686)), (3, (3, 0.000455175, 4.2912e-5, 0.000498299))]), (32848, 16, 0.000743887, [(4, (0, 0.000593377, 2.3434e-5, 0.000616995)), (4, (1, 0.000577999, 4.668e-5, 0.000624881)), (4, (2, 0.000526343, 3.5386e-5, 0.000561905)), (4, (3, 0.000652642, 5.3246e-5, 0.000706066))]), (32864, 14, 0.000725399, [(4, (0, 0.000573007, 2.3151e-5, 0.000596331)), (4, (1, 0.000649301, 5.0986e-5, 0.000700471)), (3, (2, 0.00048144, 4.1957e-5, 0.000523641)), (3, (3, 0.000503393, 5.6368e-5, 0.000559991))]), (32880, 16, 0.000981911, [(4, (0, 0.00096178, 1.9203e-5, 0.000981167)), (4, (1, 0.000734669, 0.000100028, 0.000834996)), (4, (2, 0.000816995, 3.1579e-5, 0.000848767)), (4, (3, 0.000716308, 4.4327e-5, 0.000760831))]), (32896, 14, 0.000998941, [(4, (0, 0.000491471, 2.2752e-5, 0.00051442)), (4, (1, 0.000883946, 9.1509e-5, 0.000975613)), (3, (2, 0.000809798, 3.4551e-5, 0.000844522)), (3, (3, 0.000714894, 0.000149835, 0.000865005))]), (32912, 16, 0.000653574, [(4, (0, 0.000593658, 1.7225e-5, 0.000611056)), (4, (1, 0.000593939, 4.5216e-5, 0.000639384)), (4, (2, 0.000623282, 2.9064e-5, 0.000652525)), (4, (3, 0.000607784, 3.9627e-5, 0.000647608))]), (32928, 16, 0.001484378, [(4, (0, 0.000512279, 1.9792e-5, 0.000532269)), (4, (1, 0.000560345, 4.6774e-5, 0.000607291)), (4, (2, 0.001406316, 3.5553e-5, 0.001442064)), (4, (3, 0.000746891, 5.2005e-5, 0.000799095))]), (32944, 15, 0.000932621, [(4, (0, 0.000640561, 1.971e-5, 0.000660458)), (4, (1, 0.0008603, 4.5889e-5, 0.000906385)), (4, (2, 0.000580783, 3.3887e-5, 0.00061486)), (3, (3, 0.000679496, 8.6131e-5, 0.000767148))]), (32960, 15, 0.000745573, [(4, (0, 0.000736072, 8.597e-6, 0.000744824)), (4, (1, 0.000594523, 6.4928e-5, 0.000659636)), (4, (2, 0.000617038, 6.4778e-5, 0.000682)), (3, (3, 0.000485646, 0.000213343, 0.000699284))]), (32976, 16, 0.001333511, [(4, (0, 0.000519176, 2.7064e-5, 0.000546433)), (4, (1, 0.001049415, 0.000113754, 0.001163997)), (4, (2, 0.001256892, 5.6031e-5, 0.001313113)), (4, (3, 0.000719357, 6.9512e-5, 0.00078903))]), (32992, 15, 0.000878637, [(4, (0, 0.000735817, 1.6288e-5, 0.000752305)), (4, (1, 0.000819259, 3.8664e-5, 0.000858091)), (4, (2, 0.000804768, 2.783e-5, 0.000832769)), (3, (3, 0.000716894, 4.6295e-5, 0.00076343))]), (33008, 11, 0.00065512, [(3, (0, 0.000634915, 1.9351e-5, 0.000654432)), (3, (1, 0.000485081, 4.2239e-5, 0.0005275)), (3, (2, 0.000611363, 3.0684e-5, 0.000642241)), (2, (3, 0.000291449, 4.9176e-5, 0.000340852))]), (33024, 15, 0.000700771, [(4, (0, 0.000547346, 2.4544e-5, 0.000572078)), (4, (1, 0.000610541, 4.9543e-5, 0.000660257)), (4, (2, 0.000652355, 3.7745e-5, 0.000690286)), (3, (3, 0.000470782, 0.000218133, 0.000689219))]), (33040, 13, 0.000899861, [(4, (0, 0.000535054, 2.3928e-5, 0.000559185)), (3, (1, 0.000625218, 7.0351e-5, 0.000695812)), (3, (2, 0.000810391, 5.4806e-5, 0.000865384)), (3, (3, 0.000666419, 0.000156407, 0.000823128))]), (33056, 13, 0.000732377, [(4, (0, 0.00071768, 1.3802e-5, 0.000731657)), (3, (1, 0.000463082, 7.0406e-5, 0.000533676)), (3, (2, 0.000479514, 2.1499e-5, 0.000501297)), (3, (3, 0.000562351, 7.7167e-5, 0.000639746))]), (33072, 14, 0.000982124, [(4, (0, 0.000967578, 1.3674e-5, 0.000981451)), (4, (1, 0.000614035, 0.000105111, 0.000719522)), (3, (2, 0.000483824, 5.7331e-5, 0.000541499)), (3, (3, 0.000499409, 9.6876e-5, 0.000596592))]), (33088, 16, 0.000933986, [(4, (0, 0.000546866, 1.7801e-5, 0.00056487)), (4, (1, 0.000642212, 0.000133407, 0.000775805)), (4, (2, 0.000661617, 7.6846e-5, 0.000738716)), (4, (3, 0.000632439, 0.000259179, 0.000891938))]), (33104, 14, 0.000929922, [(4, (0, 0.00074516, 1.5351e-5, 0.000760679)), (4, (1, 0.000619944, 7.3749e-5, 0.000693875)), (3, (2, 0.000467122, 6.6595e-5, 0.000534013)), (3, (3, 0.000679975, 0.000197502, 0.000877802))]), (33120, 12, 0.001057868, [(3, (0, 0.000667795, 1.3094e-5, 0.000681034)), (3, (1, 0.000891772, 0.000127636, 0.00101972)), (3, (2, 0.00071197, 5.757e-5, 0.000769718)), (3, (3, 0.000465678, 6.6788e-5, 0.000532659))]), (33136, 10, 0.000615284, [(3, (0, 0.000463155, 2.2402e-5, 0.000485797)), (3, (1, 0.000523453, 6.5644e-5, 0.000589388)), (2, (2, 0.000309523, 4.3365e-5, 0.000353108)), (2, (3, 0.000280877, 7.6317e-5, 0.000357491))]), (33152, 12, 0.001094496, [(3, (0, 0.000418319, 2.2067e-5, 0.000440584)), (3, (1, 0.000472469, 0.000101033, 0.000573819)), (3, (2, 0.000680845, 3.3467e-5, 0.000714515)), (3, (3, 0.000804573, 0.000201991, 0.001006862))]), (33168, 15, 0.000718608, [(4, (0, 0.000585026, 1.409e-5, 0.000599274)), (4, (1, 0.000564288, 4.0566e-5, 0.000605067)), (4, (2, 0.000674851, 1.9449e-5, 0.000694495)), (3, (3, 0.000416587, 6.6788e-5, 0.00048367))]), (33184, 15, 0.000608238, [(4, (0, 0.000470866, 1.8277e-5, 0.000489342)), (4, (1, 0.000539911, 4.5747e-5, 0.000585847)), (4, (2, 0.000532901, 3.2416e-5, 0.000565531)), (3, (3, 0.000426472, 7.2164e-5, 0.000499297))]), (33200, 14, 0.000763608, [(4, (0, 0.000597074, 1.7819e-5, 0.000615078)), (4, (1, 0.000670618, 7.066e-5, 0.000741499)), (3, (2, 0.000506619, 5.8353e-5, 0.000565191)), (3, (3, 0.000494523, 8.0455e-5, 0.000575279))]), (33216, 16, 0.000798982, [(4, (0, 0.000499093, 1.1509e-5, 0.0005108)), (4, (1, 0.000627728, 0.000100858, 0.000728887)), (4, (2, 0.00069441, 5.8387e-5, 0.000753103)), (4, (3, 0.000586324, 0.000170558, 0.00075712))]), (33232, 16, 0.000791655, [(4, (0, 0.000482897, 2.1506e-5, 0.0005046)), (4, (1, 0.000566902, 0.000148467, 0.000715686)), (4, (2, 0.000719045, 4.6892e-5, 0.000766233)), (4, (3, 0.000558864, 9.8204e-5, 0.00065737))]), (33248, 16, 0.000796955, [(4, (0, 0.000592302, 1.8998e-5, 0.000611502)), (4, (1, 0.000604811, 0.000123046, 0.000728153)), (4, (2, 0.000635573, 3.0438e-5, 0.0006662)), (4, (3, 0.000617331, 0.000118766, 0.000736422))]), (33264, 16, 0.000835192, [(4, (0, 0.000743176, 1.9507e-5, 0.000762919)), (4, (1, 0.000692065, 5.7837e-5, 0.00075026)), (4, (2, 0.0006419, 3.163e-5, 0.000673711)), (4, (3, 0.00074439, 5.2136e-5, 0.000796768))]), (33280, 16, 0.000873433, [(4, (0, 0.000596232, 1.9381e-5, 0.000615876)), (4, (1, 0.000723345, 4.9709e-5, 0.000775911)), (4, (2, 0.000781533, 6.2415e-5, 0.000844148)), (4, (3, 0.000654025, 0.000131003, 0.000785353))]), (33296, 15, 0.000879822, [(4, (0, 0.000615922, 2.1102e-5, 0.000637288)), (4, (1, 0.000697563, 0.000154621, 0.000852385)), (4, (2, 0.000662953, 0.000127779, 0.000791807)), (3, (3, 0.000622071, 0.000146853, 0.000769235))]), (33312, 16, 0.000842388, [(4, (0, 0.000630997, 1.9746e-5, 0.000650943)), (4, (1, 0.000755131, 4.9317e-5, 0.000804696)), (4, (2, 0.000677687, 3.3869e-5, 0.000711756)), (4, (3, 0.000696691, 6.4027e-5, 0.000761031))]), (33328, 15, 0.00078167, [(4, (0, 0.000651824, 2.3014e-5, 0.000675095)), (4, (1, 0.000699271, 5.6722e-5, 0.000756345)), (4, (2, 0.000545807, 3.4185e-5, 0.000580183)), (3, (3, 0.000437802, 5.0963e-5, 0.000488958))]), (33344, 16, 0.000911065, [(4, (0, 0.00074044, 1.848e-5, 0.000759116)), (4, (1, 0.000840024, 4.2894e-5, 0.000883132)), (4, (2, 0.000768827, 2.9877e-5, 0.000798906)), (4, (3, 0.000775983, 5.0608e-5, 0.000826832))]), (33360, 14, 0.000882353, [(4, (0, 0.00053714, 1.976e-5, 0.000557145)), (4, (1, 0.00076808, 4.7289e-5, 0.000815559)), (3, (2, 0.00042766, 3.4769e-5, 0.000462633)), (3, (3, 0.000425962, 5.7561e-5, 0.000483761))]), (33376, 13, 0.001044106, [(4, (0, 0.000570564, 1.6374e-5, 0.000587105)), (3, (1, 0.000831427, 7.417e-5, 0.00090581)), (3, (2, 0.001005818, 1.7264e-5, 0.001023265)), (3, (3, 0.000438711, 6.8016e-5, 0.000506954))]), (33392, 14, 0.000712723, [(4, (0, 0.000571628, 2.1714e-5, 0.000593572)), (4, (1, 0.00064636, 4.4401e-5, 0.00069094)), (3, (2, 0.000418637, 3.3796e-5, 0.000452636)), (3, (3, 0.000392674, 5.2064e-5, 0.000444914))]), (33408, 14, 0.000739248, [(4, (0, 0.00058545, 1.9132e-5, 0.000604769)), (4, (1, 0.000674431, 4.4406e-5, 0.000719016)), (3, (2, 0.00056844, 3.0804e-5, 0.000599432)), (3, (3, 0.000476998, 8.3026e-5, 0.0005608))]), (33424, 14, 0.000708911, [(4, (0, 0.000675021, 2.0963e-5, 0.000696185)), (4, (1, 0.000656588, 4.4104e-5, 0.000700883)), (3, (2, 0.000516336, 3.23e-5, 0.000548818)), (3, (3, 0.000541409, 5.0711e-5, 0.000592318))]), (33440, 16, 0.000942329, [(4, (0, 0.000628689, 2.0996e-5, 0.000649885)), (4, (1, 0.000689024, 4.2125e-5, 0.000731564)), (4, (2, 0.000633085, 3.5225e-5, 0.000671385)), (4, (3, 0.000833325, 7.013e-5, 0.000905158))]), (33456, 16, 0.00086085, [(4, (0, 0.000835438, 2.4499e-5, 0.000860133)), (4, (1, 0.000675046, 0.000106519, 0.000781898)), (4, (2, 0.000624363, 3.7708e-5, 0.000662263)), (4, (3, 0.000664525, 0.000109006, 0.000773819))]), (33472, 16, 0.000919845, [(4, (0, 0.000547816, 2.3471e-5, 0.000571501)), (4, (1, 0.000600278, 4.9088e-5, 0.000649603)), (4, (2, 0.000624666, 3.5291e-5, 0.000660148)), (4, (3, 0.000826867, 5.5589e-5, 0.000882678))]), (33488, 16, 0.00111487, [(4, (0, 0.001093234, 2.0661e-5, 0.001114118)), (4, (1, 0.000969243, 4.2961e-5, 0.001012394)), (4, (2, 0.000817949, 3.2788e-5, 0.000850915)), (4, (3, 0.000884446, 4.8482e-5, 0.000933184))]), (33504, 10, 0.000559568, [(3, (0, 0.000441662, 1.9006e-5, 0.000460895)), (3, (1, 0.000493953, 4.2192e-5, 0.000536321)), (2, (2, 0.00040313, 3.0839e-5, 0.000434141)), (2, (3, 0.000311631, 4.8688e-5, 0.000360533))]), (33520, 16, 0.001331463, [(4, (0, 0.000784118, 2.1184e-5, 0.0008055)), (4, (1, 0.001015338, 0.000109502, 0.00112518)), (4, (2, 0.001110314, 4.4404e-5, 0.001154976)), (4, (3, 0.001122314, 0.000161557, 0.001284158))]), (33536, 15, 0.000753887, [(4, (0, 0.000552215, 8.522e-6, 0.000560879)), (4, (1, 0.000703105, 2.7936e-5, 0.000731235)), (4, (2, 0.000601607, 1.6824e-5, 0.000618622)), (3, (3, 0.000421128, 7.185e-5, 0.00049323))]), (33552, 6, 0.000766907, [(2, (0, 0.000324693, 1.1338e-5, 0.000336178)), (2, (1, 0.000663185, 7.0398e-5, 0.000733771)), (1, (2, 0.000143945, 3.805e-5, 0.000182186)), (1, (3, 0.000147558, 6.8154e-5, 0.000216013))]), (33568, 16, 0.001034384, [(4, (0, 0.001018634, 1.4931e-5, 0.001033728)), (4, (1, 0.00091064, 6.1332e-5, 0.00097216)), (4, (2, 0.000931696, 2.0716e-5, 0.00095259)), (4, (3, 0.000723317, 5.4553e-5, 0.000778168))]), (33584, 15, 0.000719537, [(4, (0, 0.000532594, 1.6905e-5, 0.000549712)), (4, (1, 0.000593861, 8.8131e-5, 0.00068216)), (4, (2, 0.000677931, 3.3377e-5, 0.000711512)), (3, (3, 0.000471909, 0.000139021, 0.000611188))]), (33600, 11, 0.000555766, [(3, (0, 0.000388261, 1.9647e-5, 0.000408101)), (3, (1, 0.000410152, 3.628e-5, 0.000446615)), (3, (2, 0.000484555, 4.9876e-5, 0.000534635)), (2, (3, 0.000270458, 0.000195097, 0.000465852))]), (33616, 16, 0.001221008, [(4, (0, 0.000958395, 1.4228e-5, 0.000972795)), (4, (1, 0.001136813, 6.2982e-5, 0.001199999)), (4, (2, 0.00111893, 5.3376e-5, 0.001172606)), (4, (3, 0.000831323, 7.5524e-5, 0.000907033))]), (33632, 16, 0.000785756, [(4, (0, 0.000474782, 8.832e-6, 0.000483767)), (4, (1, 0.000614174, 0.000143158, 0.000757664)), (4, (2, 0.00055161, 2.3953e-5, 0.000575759)), (4, (3, 0.000567332, 8.7435e-5, 0.000655029))]), (33648, 5, 0.000394644, [(2, (0, 0.000290391, 2.3174e-5, 0.00031373)), (1, (1, 0.000187333, 0.000114249, 0.000301784)), (1, (2, 0.000236417, 4.6833e-5, 0.000283431)), (1, (3, 0.000238615, 0.000116504, 0.000355326))]), (33664, 15, 0.000749172, [(4, (0, 0.000657153, 2.6811e-5, 0.000684157)), (4, (1, 0.000624751, 0.000101076, 0.000726012)), (4, (2, 0.000573152, 3.9768e-5, 0.00061312)), (3, (3, 0.000416348, 0.000147146, 0.000563787))]), (33680, 16, 0.00087902, [(4, (0, 0.000601937, 1.7929e-5, 0.000620176)), (4, (1, 0.000639992, 0.000208715, 0.000849257)), (4, (2, 0.000586551, 3.1547e-5, 0.000618278)), (4, (3, 0.000615778, 0.000160273, 0.000776345))]), (33696, 6, 0.000594407, [(2, (0, 0.000320579, 2.284e-5, 0.000343624)), (2, (1, 0.000446029, 0.000126875, 0.000573131)), (1, (2, 0.000258645, 0.000109992, 0.000368957)), (1, (3, 0.000148143, 0.000118318, 0.000266663))]), (33712, 16, 0.000746399, [(4, (0, 0.000524378, 8.273e-6, 0.00053282)), (4, (1, 0.000651968, 5.8585e-5, 0.000710783)), (4, (2, 0.000631483, 4.3324e-5, 0.000675018)), (4, (3, 0.000634407, 5.3471e-5, 0.00068808))]), (33728, 12, 0.00066877, [(3, (0, 0.000515796, 2.5912e-5, 0.000541943)), (3, (1, 0.000434992, 5.4987e-5, 0.000490152)), (3, (2, 0.000533244, 3.8582e-5, 0.000572027)), (3, (3, 0.000583287, 5.0393e-5, 0.00063388))]), (33744, 16, 0.001136972, [(4, (0, 0.000789831, 1.9704e-5, 0.000809792)), (4, (1, 0.000837408, 3.0951e-5, 0.000868531)), (4, (2, 0.000930669, 4.3178e-5, 0.000974053)), (4, (3, 0.00101222, 8.7106e-5, 0.001099489))]), (33760, 15, 0.000909737, [(4, (0, 0.000782613, 2.4726e-5, 0.000807557)), (4, (1, 0.000835094, 5.0832e-5, 0.000886121)), (4, (2, 0.00067542, 3.8063e-5, 0.000713664)), (3, (3, 0.00041603, 6.5404e-5, 0.000481663))]), (33776, 16, 0.000745675, [(4, (0, 0.000512437, 2.0404e-5, 0.000533039)), (4, (1, 0.00060892, 3.4567e-5, 0.000643684)), (4, (2, 0.000582925, 2.4611e-5, 0.000607774)), (4, (3, 0.000572926, 7.544e-5, 0.000648783))]), (33792, 8, 0.000554767, [(2, (0, 0.000396432, 2.1649e-5, 0.000418404)), (2, (1, 0.000458231, 5.4447e-5, 0.000513047)), (2, (2, 0.000336341, 3.4378e-5, 0.000370913)), (2, (3, 0.000345903, 4.7275e-5, 0.000393385))]), (33808, 16, 0.001682658, [(4, (0, 0.001427621, 2.3373e-5, 0.001451181)), (4, (1, 0.001558226, 9.875e-5, 0.001657203)), (4, (2, 0.001054288, 3.7011e-5, 0.001091511)), (4, (3, 0.001093684, 0.000156896, 0.001250984))]), (33824, 16, 0.000713313, [(4, (0, 0.000522274, 9.546e-6, 0.000531996)), (4, (1, 0.000564031, 2.9275e-5, 0.000593497)), (4, (2, 0.000676737, 1.5445e-5, 0.00069237)), (4, (3, 0.000549631, 7.513e-5, 0.000624977))]), (33840, 15, 0.000788593, [(4, (0, 0.000641219, 1.8393e-5, 0.000659831)), (4, (1, 0.000713505, 5.1018e-5, 0.000764747)), (4, (2, 0.00069104, 3.0724e-5, 0.000721942)), (3, (3, 0.000506386, 4.2019e-5, 0.000548598))]), (33856, 16, 0.0009747, [(4, (0, 0.000606328, 2.0209e-5, 0.000626739)), (4, (1, 0.000652175, 4.3976e-5, 0.000696321)), (4, (2, 0.000630361, 3.2306e-5, 0.000662849)), (4, (3, 0.00087973, 4.9622e-5, 0.000929607))]), (33872, 16, 0.000900552, [(4, (0, 0.000692555, 1.8801e-5, 0.00071156)), (4, (1, 0.000794231, 4.2706e-5, 0.000837139)), (4, (2, 0.000693462, 3.8408e-5, 0.000732138)), (4, (3, 0.000834612, 3.9922e-5, 0.00087481))]), (33888, 16, 0.000837108, [(4, (0, 0.000663337, 2.3595e-5, 0.000687134)), (4, (1, 0.000705362, 5.2759e-5, 0.000758394)), (4, (2, 0.000694799, 3.7517e-5, 0.000735432)), (4, (3, 0.000732226, 6.2587e-5, 0.000795022))]), (33904, 15, 0.000881418, [(4, (0, 0.000662431, 2.3772e-5, 0.000686437)), (4, (1, 0.000676855, 4.8142e-5, 0.000725189)), (4, (2, 0.000643073, 3.6288e-5, 0.000679553)), (3, (3, 0.000786338, 5.6176e-5, 0.000842824))]), (33920, 7, 0.000433026, [(2, (0, 0.000252939, 2.2428e-5, 0.000275574)), (2, (1, 0.000372599, 3.7e-5, 0.000409806)), (2, (2, 0.000290937, 5.07e-5, 0.000341862)), (1, (3, 0.000139183, 5.6436e-5, 0.000195817))]), (33936, 14, 0.000737369, [(4, (0, 0.000614365, 1.8207e-5, 0.000632771)), (4, (1, 0.000659698, 5.4599e-5, 0.000714523)), (3, (2, 0.000445739, 4.4903e-5, 0.000490853)), (3, (3, 0.00040577, 6.1077e-5, 0.000467062))]), (33952, 16, 0.000813481, [(4, (0, 0.000554312, 2.5416e-5, 0.000579934)), (4, (1, 0.000686417, 5.2842e-5, 0.000739462)), (4, (2, 0.000752163, 3.9167e-5, 0.000791525)), (4, (3, 0.000612925, 0.000160858, 0.000774132))]), (33968, 16, 0.000688924, [(4, (0, 0.00056407, 8.753e-6, 0.000572984)), (4, (1, 0.000600817, 3.085e-5, 0.000631868)), (4, (2, 0.000653047, 1.2918e-5, 0.000666146)), (4, (3, 0.000576883, 2.5279e-5, 0.000602377))]), (33984, 11, 0.001317717, [(3, (0, 0.000777035, 2.5823e-5, 0.000803059)), (3, (1, 0.000746284, 4.9377e-5, 0.000795858)), (3, (2, 0.000749041, 3.9136e-5, 0.000788412)), (2, (3, 0.001104051, 0.000101507, 0.001205807))]), (34000, 12, 0.000782255, [(3, (0, 0.000390952, 1.1599e-5, 0.000402717)), (3, (1, 0.000474134, 4.9673e-5, 0.000523989)), (3, (2, 0.000510466, 1.5252e-5, 0.000526357)), (3, (3, 0.000694167, 4.9146e-5, 0.000743564))]), (34016, 14, 0.001264186, [(4, (0, 0.001004028, 1.3457e-5, 0.001017702)), (4, (1, 0.001083963, 0.000150197, 0.0012345)), (3, (2, 0.000776473, 3.1206e-5, 0.000807949)), (3, (3, 0.000964243, 4.1252e-5, 0.001005731))]), (34032, 8, 0.00046951, [(2, (0, 0.000276497, 1.5734e-5, 0.000292427)), (2, (1, 0.000299754, 5.0586e-5, 0.000350581)), (2, (2, 0.000301661, 3.003e-5, 0.000331902)), (2, (3, 0.000393239, 4.1368e-5, 0.000434795))]), (34048, 14, 0.000606471, [(4, (0, 0.000512921, 1.0515e-5, 0.000523593)), (4, (1, 0.000576952, 1.9064e-5, 0.000596237)), (3, (2, 0.000454626, 1.0991e-5, 0.000465806)), (3, (3, 0.000540675, 2.5625e-5, 0.000566471))]), (34064, 14, 0.000702094, [(4, (0, 0.00067113, 1.7663e-5, 0.000688998)), (4, (1, 0.000648617, 4.4059e-5, 0.000692911)), (3, (2, 0.000424871, 3.0585e-5, 0.000455659)), (3, (3, 0.000524328, 4.8118e-5, 0.000572619))]), (34080, 16, 0.000950529, [(4, (0, 0.000652855, 2.0353e-5, 0.000673415)), (4, (1, 0.000803584, 0.000119721, 0.000923643)), (4, (2, 0.000701935, 3.3961e-5, 0.000736123)), (4, (3, 0.000653848, 5.3307e-5, 0.000707515))]), (34096, 16, 0.001061256, [(4, (0, 0.000568417, 1.8353e-5, 0.000586972)), (4, (1, 0.000995206, 4.2748e-5, 0.001038163)), (4, (2, 0.000693838, 3.1288e-5, 0.000725336)), (4, (3, 0.000751709, 0.000146932, 0.000898946))]), (34112, 15, 0.000870048, [(4, (0, 0.00076624, 1.1366e-5, 0.000777754)), (4, (1, 0.000786959, 5.9107e-5, 0.000846352)), (4, (2, 0.000730824, 4.1797e-5, 0.000772842)), (3, (3, 0.000678857, 5.0211e-5, 0.000729243))]), (34128, 13, 0.000550317, [(4, (0, 0.000534054, 1.5346e-5, 0.000549588)), (3, (1, 0.000444636, 4.5205e-5, 0.000490062)), (3, (2, 0.00043645, 2.7184e-5, 0.000463825)), (3, (3, 0.000431018, 3.9915e-5, 0.000471164))]), (34144, 16, 0.00093688, [(4, (0, 0.000674462, 1.8423e-5, 0.000693087)), (4, (1, 0.000757177, 4.131e-5, 0.000798676)), (4, (2, 0.000756005, 2.9707e-5, 0.000785881)), (4, (3, 0.000844647, 4.6605e-5, 0.000891514))]), (34160, 16, 0.000797846, [(4, (0, 0.000779201, 1.7606e-5, 0.000797007)), (4, (1, 0.000697769, 4.0444e-5, 0.000738419)), (4, (2, 0.000566796, 3.0086e-5, 0.000597068)), (4, (3, 0.000689263, 4.6028e-5, 0.00073553))]), (34176, 16, 0.000774755, [(4, (0, 0.000573726, 1.8202e-5, 0.000592132)), (4, (1, 0.000697797, 4.8972e-5, 0.000747024)), (4, (2, 0.000556153, 2.98e-5, 0.00058615)), (4, (3, 0.000619148, 4.4668e-5, 0.000664006))]), (34192, 16, 0.000688974, [(4, (0, 0.000506199, 1.5102e-5, 0.000521498)), (4, (1, 0.000531141, 4.6243e-5, 0.000577586)), (4, (2, 0.000551082, 2.8833e-5, 0.000580116)), (4, (3, 0.000540907, 0.000110261, 0.000651385))]), (34208, 14, 0.000726009, [(4, (0, 0.000488052, 1.9767e-5, 0.000507977)), (4, (1, 0.000631457, 7.2655e-5, 0.000704361)), (3, (2, 0.000426794, 5.2845e-5, 0.00047985)), (3, (3, 0.000486004, 7.507e-5, 0.000561268))]), (34224, 16, 0.001078112, [(4, (0, 0.000642745, 2.2798e-5, 0.000665762)), (4, (1, 0.000998849, 5.034e-5, 0.001052435)), (4, (2, 0.000603222, 3.7407e-5, 0.000640829)), (4, (3, 0.000603013, 0.000104355, 0.000707577))]), (34240, 14, 0.000659483, [(4, (0, 0.000619411, 2.5677e-5, 0.000645276)), (4, (1, 0.000612774, 3.7616e-5, 0.000650573)), (3, (2, 0.000431821, 4.9923e-5, 0.000481925)), (3, (3, 0.000477675, 6.0538e-5, 0.000538472))]), (34256, 15, 0.001047194, [(4, (0, 0.00055453, 2.7741e-5, 0.000582471)), (4, (1, 0.000603841, 5.355e-5, 0.000657621)), (4, (2, 0.000972328, 4.8329e-5, 0.001020938)), (3, (3, 0.000871449, 4.7608e-5, 0.000919267))]), (34272, 16, 0.001056105, [(4, (0, 0.000642878, 2.7675e-5, 0.000670753)), (4, (1, 0.000985513, 5.142e-5, 0.00103714)), (4, (2, 0.00089982, 4.0096e-5, 0.000940112)), (4, (3, 0.000964042, 5.8136e-5, 0.001022395))]), (34288, 15, 0.001236795, [(4, (0, 0.001211391, 2.45e-5, 0.001236079)), (4, (1, 0.001095153, 9.9754e-5, 0.001195106)), (4, (2, 0.001033882, 3.7839e-5, 0.001071924)), (3, (3, 0.0009329, 0.000104386, 0.001037598))]), (34304, 16, 0.001017014, [(4, (0, 0.00069051, 2.5087e-5, 0.000715788)), (4, (1, 0.000693705, 5.2416e-5, 0.000746301)), (4, (2, 0.000610678, 3.8731e-5, 0.000649602)), (4, (3, 0.000918595, 5.9302e-5, 0.000978142))]), (34320, 15, 0.001224348, [(4, (0, 0.001200905, 2.2578e-5, 0.001223654)), (4, (1, 0.00115286, 5.1445e-5, 0.001204543)), (4, (2, 0.001079693, 3.5328e-5, 0.001115218)), (3, (3, 0.000762541, 5.4522e-5, 0.000817311))]), (34336, 16, 0.001127165, [(4, (0, 0.000907978, 2.3365e-5, 0.000931731)), (4, (1, 0.001009614, 9.1678e-5, 0.001101649)), (4, (2, 0.00107379, 4.3707e-5, 0.0011177)), (4, (3, 0.000907711, 0.000199756, 0.001107796))]), (34352, 16, 0.000944781, [(4, (0, 0.000651397, 2.981e-5, 0.000681453)), (4, (1, 0.00065172, 8.7991e-5, 0.000740189)), (4, (2, 0.000877715, 4.206e-5, 0.000919963)), (4, (3, 0.000857902, 5.7904e-5, 0.000916055))]), (34368, 16, 0.001274723, [(4, (0, 0.000871588, 2.3479e-5, 0.000895291)), (4, (1, 0.00115262, 9.3192e-5, 0.001246084)), (4, (2, 0.000852691, 3.5416e-5, 0.000888299)), (4, (3, 0.000793302, 4.7438e-5, 0.000840941))]), (34384, 16, 0.000936497, [(4, (0, 0.000825182, 1.5055e-5, 0.000840419)), (4, (1, 0.000768444, 5.5226e-5, 0.000823846)), (4, (2, 0.000598269, 1.5363e-5, 0.000613804)), (4, (3, 0.000785209, 9.3357e-5, 0.000878775))]), (34400, 15, 0.001523338, [(4, (0, 0.000972759, 2.4117e-5, 0.000997077)), (4, (1, 0.001408274, 5.2441e-5, 0.001460945)), (4, (2, 0.001297193, 4.18e-5, 0.001339214)), (3, (3, 0.000930123, 9.5582e-5, 0.001025994))]), (34416, 14, 0.000946185, [(4, (0, 0.0008207, 1.253e-5, 0.000833401)), (4, (1, 0.000852308, 5.244e-5, 0.000904968)), (3, (2, 0.000736204, 4.2389e-5, 0.000778929)), (3, (3, 0.000626945, 0.000162626, 0.000789882))]), (34432, 16, 0.001070359, [(4, (0, 0.000652553, 2.8621e-5, 0.000681378)), (4, (1, 0.000615441, 7.3399e-5, 0.000689167)), (4, (2, 0.000910471, 4.0973e-5, 0.00095168)), (4, (3, 0.00089621, 0.000129286, 0.001025801))]), (34448, 14, 0.000899983, [(4, (0, 0.000875633, 2.3373e-5, 0.000899213)), (4, (1, 0.000850559, 3.699e-5, 0.000887724)), (3, (2, 0.000743752, 5.9002e-5, 0.000802971)), (3, (3, 0.000696232, 9.4646e-5, 0.000791788))]), (34464, 16, 0.00096899, [(4, (0, 0.000606453, 1.8375e-5, 0.000625032)), (4, (1, 0.000623442, 9.2454e-5, 0.000716175)), (4, (2, 0.000755884, 3.0267e-5, 0.000786368)), (4, (3, 0.000769685, 0.000164631, 0.000934523))]), (34480, 16, 0.00111777, [(4, (0, 0.000801776, 1.6307e-5, 0.00081828)), (4, (1, 0.000977367, 3.7808e-5, 0.001015372)), (4, (2, 0.001053027, 3.7348e-5, 0.001090648)), (4, (3, 0.000976999, 5.7096e-5, 0.001034938))]), (34496, 15, 0.001215851, [(4, (0, 0.001198464, 1.6466e-5, 0.001215087)), (4, (1, 0.001034679, 0.000103429, 0.00113843)), (4, (2, 0.000894974, 4.0544e-5, 0.000935901)), (3, (3, 0.000787141, 4.8476e-5, 0.000835859))]), (34512, 16, 0.001022955, [(4, (0, 0.000782457, 2.2043e-5, 0.000804703)), (4, (1, 0.000937137, 6.3532e-5, 0.001000885)), (4, (2, 0.000869427, 4.3076e-5, 0.00091274)), (4, (3, 0.000799073, 6.9525e-5, 0.000868846))]), (34528, 16, 0.001427505, [(4, (0, 0.000927218, 2.2406e-5, 0.000949864)), (4, (1, 0.001193167, 6.4643e-5, 0.001258123)), (4, (2, 0.00117585, 3.3174e-5, 0.001209215)), (4, (3, 0.001216604, 0.000164588, 0.001381494))]), (34544, 16, 0.002237945, [(4, (0, 0.000862954, 2.6188e-5, 0.00088934)), (4, (1, 0.002065583, 9.95e-5, 0.00216529)), (4, (2, 0.001247061, 0.000109731, 0.00135791)), (4, (3, 0.000744843, 0.000103661, 0.000848704))]), (34560, 15, 0.000777697, [(4, (0, 0.000491816, 2.1563e-5, 0.000513612)), (4, (1, 0.000651897, 0.000100766, 0.000753019)), (4, (2, 0.0006711, 3.4065e-5, 0.000705351)), (3, (3, 0.000481984, 0.000138403, 0.000621788))]), (34576, 15, 0.000832292, [(4, (0, 0.000806672, 2.4757e-5, 0.000831617)), (4, (1, 0.000615988, 4.8005e-5, 0.000664196)), (4, (2, 0.000589101, 3.7989e-5, 0.000627325)), (3, (3, 0.000509009, 5.4255e-5, 0.000563479))]), (34592, 14, 0.001011222, [(4, (0, 0.000575945, 2.2324e-5, 0.000598499)), (4, (1, 0.00089853, 4.8042e-5, 0.000946775)), (3, (2, 0.000562666, 3.4449e-5, 0.000597325)), (3, (3, 0.000465941, 8.8526e-5, 0.000555117))]), (34608, 13, 0.000682758, [(4, (0, 0.000545275, 1.4029e-5, 0.000559466)), (3, (1, 0.000461718, 0.000190869, 0.000653934)), (3, (2, 0.000424878, 1.6598e-5, 0.000441668)), (3, (3, 0.000555104, 3.1693e-5, 0.000586993))]), (34624, 16, 0.001195103, [(4, (0, 0.000962311, 2.083e-5, 0.000983347)), (4, (1, 0.000973481, 4.9465e-5, 0.001023132)), (4, (2, 0.000818529, 3.3977e-5, 0.000852721)), (4, (3, 0.001061745, 8.7826e-5, 0.001150264))]), (34640, 15, 0.000883499, [(4, (0, 0.000859197, 2.3305e-5, 0.000882691)), (4, (1, 0.000652292, 4.7991e-5, 0.000700482)), (4, (2, 0.000654537, 3.5048e-5, 0.000689759)), (3, (3, 0.000518422, 5.4529e-5, 0.000573177))]), (34656, 16, 0.001167223, [(4, (0, 0.000714692, 2.7789e-5, 0.000742683)), (4, (1, 0.001035874, 9.944e-5, 0.001136024)), (4, (2, 0.001027558, 4.26e-5, 0.00107033)), (4, (3, 0.000648776, 5.6414e-5, 0.000705381))]), (34672, 15, 0.000899643, [(4, (0, 0.000779183, 2.2676e-5, 0.000802043)), (4, (1, 0.00072363, 9.8208e-5, 0.000822165)), (4, (2, 0.00082749, 4.9141e-5, 0.000876847)), (3, (3, 0.000558085, 0.000106715, 0.000665149))]), (34688, 15, 0.001183898, [(4, (0, 0.001052088, 2.077e-5, 0.001073066)), (4, (1, 0.001123388, 3.5924e-5, 0.001159497)), (4, (2, 0.000913804, 5.2358e-5, 0.000966462)), (3, (3, 0.000708172, 9.9148e-5, 0.000808192))]), (34704, 16, 0.001430985, [(4, (0, 0.001037999, 1.5916e-5, 0.001054146)), (4, (1, 0.001368347, 3.4048e-5, 0.001402594)), (4, (2, 0.001338896, 2.1045e-5, 0.001363321)), (4, (3, 0.001124703, 8.1588e-5, 0.00120718))]), (34720, 16, 0.001174207, [(4, (0, 0.001017642, 2.1892e-5, 0.001039846)), (4, (1, 0.000706319, 6.16e-5, 0.000768112)), (4, (2, 0.00095093, 4.4547e-5, 0.000995812)), (4, (3, 0.001079675, 5.3794e-5, 0.00113368))]), (34736, 16, 0.001604536, [(4, (0, 0.001167755, 2.1923e-5, 0.001189913)), (4, (1, 0.001418328, 0.000145506, 0.001564416)), (4, (2, 0.001258292, 3.5391e-5, 0.001293913)), (4, (3, 0.001192964, 0.000102364, 0.001295685))]), (34752, 16, 0.000944073, [(4, (0, 0.000618607, 1.749e-5, 0.000636312)), (4, (1, 0.000858173, 4.4785e-5, 0.000903168)), (4, (2, 0.000706382, 3.0125e-5, 0.000736694)), (4, (3, 0.000689745, 4.8754e-5, 0.000738707))]), (34768, 16, 0.000871226, [(4, (0, 0.00070806, 2.6452e-5, 0.000734719)), (4, (1, 0.00072509, 4.9701e-5, 0.000775015)), (4, (2, 0.000812437, 3.7761e-5, 0.000850456)), (4, (3, 0.000683583, 5.43e-5, 0.000738083))]), (34784, 15, 0.001297038, [(4, (0, 0.000867904, 1.9183e-5, 0.000887309)), (4, (1, 0.001214918, 4.9503e-5, 0.00126468)), (4, (2, 0.000927848, 3.3094e-5, 0.000961115)), (3, (3, 0.000647557, 4.1293e-5, 0.000689048))]), (34800, 16, 0.001439864, [(4, (0, 0.000556654, 3.2008e-5, 0.000588857)), (4, (1, 0.000580478, 4.9629e-5, 0.000630424)), (4, (2, 0.001305752, 6.2366e-5, 0.001368322)), (4, (3, 0.000700055, 6.7181e-5, 0.000767435))]), (34816, 15, 0.000713134, [(4, (0, 0.000505192, 2.3218e-5, 0.000528651)), (4, (1, 0.000621003, 3.7072e-5, 0.000658382)), (4, (2, 0.000543516, 5.8161e-5, 0.000601889)), (3, (3, 0.000614229, 6.1553e-5, 0.000675966))]), (34832, 14, 0.000625653, [(4, (0, 0.000489567, 1.7753e-5, 0.000507567)), (4, (1, 0.000542004, 5.2839e-5, 0.000595157)), (3, (2, 0.000409096, 3.1761e-5, 0.000441081)), (3, (3, 0.000415014, 5.4042e-5, 0.000469248))]), (34848, 15, 0.000850065, [(4, (0, 0.000488948, 2.9984e-5, 0.000519142)), (4, (1, 0.000738179, 8.368e-5, 0.000822425)), (4, (2, 0.000555449, 4.5197e-5, 0.000600864)), (3, (3, 0.000447758, 5.8754e-5, 0.000506691))]), (34864, 16, 0.000737362, [(4, (0, 0.000525809, 2.2538e-5, 0.000548527)), (4, (1, 0.00066417, 5.1832e-5, 0.000716183)), (4, (2, 0.000664947, 3.5e-5, 0.000700143)), (4, (3, 0.000644839, 4.5236e-5, 0.000690265))]), (34880, 16, 0.000757994, [(4, (0, 0.000594444, 2.0802e-5, 0.00061543)), (4, (1, 0.000674118, 4.9199e-5, 0.000723516)), (4, (2, 0.000571245, 3.2164e-5, 0.000603622)), (4, (3, 0.000678063, 4.3641e-5, 0.000721897))]), (34896, 16, 0.000790906, [(4, (0, 0.000620256, 2.4198e-5, 0.000644664)), (4, (1, 0.000718078, 4.9511e-5, 0.000767782)), (4, (2, 0.000701263, 3.6572e-5, 0.000738043)), (4, (3, 0.000564931, 5.3829e-5, 0.00061895))]), (34912, 15, 0.000776854, [(4, (0, 0.000531321, 2.1148e-5, 0.000552666)), (4, (1, 0.000663003, 4.9862e-5, 0.000713041)), (4, (2, 0.000721581, 3.4037e-5, 0.000755834)), (3, (3, 0.000525188, 4.4391e-5, 0.000569794))]), (34928, 16, 0.000856286, [(4, (0, 0.000509408, 1.9854e-5, 0.000529459)), (4, (1, 0.000790327, 4.3484e-5, 0.000833992)), (4, (2, 0.000542247, 3.1626e-5, 0.000574075)), (4, (3, 0.000629255, 7.5535e-5, 0.000705322))]), (34944, 11, 0.000682617, [(3, (0, 0.000551714, 1.9805e-5, 0.000571726)), (3, (1, 0.000413869, 4.3104e-5, 0.000457167)), (3, (2, 0.000621433, 3.2287e-5, 0.000653919)), (2, (3, 0.000360266, 4.8888e-5, 0.000409401))]), (34960, 14, 0.000796169, [(4, (0, 0.000719262, 1.8859e-5, 0.000738326)), (4, (1, 0.000604143, 4.7697e-5, 0.000652024)), (3, (2, 0.000741555, 3.2694e-5, 0.000774429)), (3, (3, 0.00054215, 5.2292e-5, 0.000594609))]), (34976, 16, 0.001070551, [(4, (0, 0.000967538, 2.111e-5, 0.000988842)), (4, (1, 0.000818213, 5.2296e-5, 0.000870687)), (4, (2, 0.001016039, 3.3056e-5, 0.001049289)), (4, (3, 0.000862334, 4.4254e-5, 0.000906779))]), (34992, 15, 0.000805325, [(4, (0, 0.000651434, 1.7514e-5, 0.000669149)), (4, (1, 0.000539968, 4.0157e-5, 0.000580303)), (4, (2, 0.000745703, 2.9216e-5, 0.00077508)), (3, (3, 0.000456553, 7.0187e-5, 0.000527192))]), (35008, 15, 0.000942579, [(4, (0, 0.00051883, 1.4757e-5, 0.000533787)), (4, (1, 0.000620987, 3.8773e-5, 0.000659956)), (4, (2, 0.000872656, 2.6457e-5, 0.000899304)), (3, (3, 0.000484976, 6.3642e-5, 0.000549134))]), (35024, 12, 0.000576973, [(3, (0, 0.000560923, 1.5273e-5, 0.000576345)), (3, (1, 0.000463972, 3.7964e-5, 0.000502137)), (3, (2, 0.0004219, 3.8855e-5, 0.000461154)), (3, (3, 0.000421744, 7.716e-5, 0.000499742))]), (35040, 15, 0.000803147, [(4, (0, 0.000532069, 1.6506e-5, 0.000548775)), (4, (1, 0.00054945, 4.5129e-5, 0.000594836)), (4, (2, 0.0007432, 3.0512e-5, 0.000773926)), (3, (3, 0.000424629, 4.942e-5, 0.000474257))]), (35056, 13, 0.000679182, [(4, (0, 0.000574312, 2.7429e-5, 0.000602077)), (3, (1, 0.000594707, 5.6043e-5, 0.000650959)), (3, (2, 0.000442849, 4.5237e-5, 0.000488444)), (3, (3, 0.000440865, 7.369e-5, 0.000514782))]), (35072, 16, 0.000925493, [(4, (0, 0.000524178, 1.2278e-5, 0.000536627)), (4, (1, 0.000612769, 4.2431e-5, 0.000655404)), (4, (2, 0.000866423, 3.5078e-5, 0.000901773)), (4, (3, 0.000594449, 4.8093e-5, 0.00064272))]), (35088, 12, 0.00120733, [(3, (0, 0.000548481, 2.3661e-5, 0.000572365)), (3, (1, 0.000551746, 4.6652e-5, 0.000598599)), (3, (2, 0.000653721, 3.5751e-5, 0.000689706)), (3, (3, 0.00101689, 9.5103e-5, 0.001112175))]), (35104, 15, 0.000662194, [(4, (0, 0.000544493, 1.6031e-5, 0.000560725)), (4, (1, 0.000590083, 5.0783e-5, 0.000641041)), (4, (2, 0.000591173, 4.0352e-5, 0.000631706)), (3, (3, 0.000486781, 5.6405e-5, 0.000543392))]), (35120, 16, 0.000795524, [(4, (0, 0.000707295, 2.1049e-5, 0.000728545)), (4, (1, 0.00072637, 4.4487e-5, 0.000771059)), (4, (2, 0.000700542, 3.4443e-5, 0.000735173)), (4, (3, 0.000544254, 5.0487e-5, 0.000594948))]), (35136, 15, 0.000627648, [(4, (0, 0.000500879, 1.9315e-5, 0.000520399)), (4, (1, 0.000547554, 5.2513e-5, 0.000600262)), (4, (2, 0.000592003, 3.4157e-5, 0.000626376)), (3, (3, 0.000518479, 6.3033e-5, 0.000581767))]), (35152, 16, 0.000878045, [(4, (0, 0.00062036, 2.7005e-5, 0.000647563)), (4, (1, 0.0007138, 4.1821e-5, 0.000755833)), (4, (2, 0.00063888, 0.000102657, 0.000741924)), (4, (3, 0.000697552, 0.000105901, 0.000806812))]), (35168, 15, 0.000725293, [(4, (0, 0.000550776, 2.0681e-5, 0.000571704)), (4, (1, 0.000650304, 5.1744e-5, 0.000702255)), (4, (2, 0.000629869, 3.9346e-5, 0.000669395)), (3, (3, 0.000463783, 5.9934e-5, 0.000523961))]), (35184, 13, 0.000714076, [(4, (0, 0.000698788, 1.4561e-5, 0.000713496)), (3, (1, 0.000422388, 4.5103e-5, 0.000467696)), (3, (2, 0.000406015, 3.6614e-5, 0.000442862)), (3, (3, 0.000515658, 5.0709e-5, 0.000566601))]), (35200, 16, 0.000724389, [(4, (0, 0.000603547, 1.9065e-5, 0.000622813)), (4, (1, 0.000585854, 9.0478e-5, 0.000676549)), (4, (2, 0.000587533, 3.3132e-5, 0.000620917)), (4, (3, 0.00061487, 9.558e-5, 0.000710674))]), (35216, 16, 0.000771723, [(4, (0, 0.000586535, 1.4768e-5, 0.000601507)), (4, (1, 0.000645545, 4.1164e-5, 0.000686911)), (4, (2, 0.00072261, 2.7565e-5, 0.000750338)), (4, (3, 0.000629494, 4.5358e-5, 0.000675093))]), (35232, 16, 0.00068039, [(4, (0, 0.0005216, 1.6693e-5, 0.000538494)), (4, (1, 0.000608182, 4.2664e-5, 0.000651058)), (4, (2, 0.000500803, 3.066e-5, 0.000531681)), (4, (3, 0.00061521, 4.9759e-5, 0.000665193))]), (35248, 15, 0.000880694, [(4, (0, 0.000655584, 2.454e-5, 0.000680315)), (4, (1, 0.000695711, 2.8865e-5, 0.000727144)), (4, (2, 0.000682683, 3.3823e-5, 0.000717774)), (3, (3, 0.000764773, 7.4122e-5, 0.000839122))]), (35264, 15, 0.000813383, [(4, (0, 0.000798032, 1.4325e-5, 0.000812553)), (4, (1, 0.000689233, 2.9115e-5, 0.000718545)), (4, (2, 0.000583745, 4.4955e-5, 0.000628947)), (3, (3, 0.000409804, 5.0333e-5, 0.000460376))]), (35280, 16, 0.000873135, [(4, (0, 0.000733272, 1.458e-5, 0.000748076)), (4, (1, 0.000603921, 4.8067e-5, 0.000652205)), (4, (2, 0.00081972, 3.0134e-5, 0.000850048)), (4, (3, 0.000592533, 5.6213e-5, 0.00064907))]), (35296, 15, 0.000812043, [(4, (0, 0.000800719, 1.0297e-5, 0.000811211)), (4, (1, 0.000665187, 5.9886e-5, 0.000725269)), (4, (2, 0.000560841, 4.9249e-5, 0.000610306)), (3, (3, 0.000439475, 0.000112492, 0.000552672))]), (35312, 16, 0.000827871, [(4, (0, 0.000568218, 1.7272e-5, 0.000585692)), (4, (1, 0.000575111, 7.516e-5, 0.000650464)), (4, (2, 0.000700311, 4.6331e-5, 0.000746833)), (4, (3, 0.000690971, 0.000101382, 0.000793199))]), (35328, 15, 0.000692912, [(4, (0, 0.000567789, 1.2614e-5, 0.000580568)), (4, (1, 0.000596475, 7.2978e-5, 0.000669642)), (4, (2, 0.000594365, 5.9244e-5, 0.000653957)), (3, (3, 0.000490939, 6.611e-5, 0.000557257))]), (35344, 16, 0.000809165, [(4, (0, 0.000564668, 1.0705e-5, 0.000575528)), (4, (1, 0.000728156, 5.2288e-5, 0.000780652)), (4, (2, 0.000605796, 3.901e-5, 0.000645019)), (4, (3, 0.000608058, 5.7053e-5, 0.000665358))]), (35360, 13, 0.000878209, [(4, (0, 0.000584672, 1.7777e-5, 0.000602677)), (3, (1, 0.000431968, 0.000105888, 0.000538203)), (3, (2, 0.000414291, 3.0566e-5, 0.000445102)), (3, (3, 0.000715371, 0.000110344, 0.000826052))]), (35376, 9, 0.000698638, [(3, (0, 0.000677424, 2.0375e-5, 0.000697965)), (2, (1, 0.000307878, 2.4463e-5, 0.000332848)), (2, (2, 0.000474393, 2.2218e-5, 0.000496814)), (2, (3, 0.000481578, 3.9046e-5, 0.000520933))]), (35392, 13, 0.000947367, [(4, (0, 0.000917627, 2.8273e-5, 0.000946123)), (3, (1, 0.000646259, 5.962e-5, 0.000706213)), (3, (2, 0.000681184, 4.0935e-5, 0.000722359)), (3, (3, 0.000700276, 6.4436e-5, 0.000764957))]), (35408, 16, 0.000982784, [(4, (0, 0.000848188, 2.4997e-5, 0.000873396)), (4, (1, 0.000899028, 5.4571e-5, 0.000953804)), (4, (2, 0.000936312, 4.1245e-5, 0.000977762)), (4, (3, 0.000824021, 6.2629e-5, 0.000887015))]), (35424, 16, 0.000802991, [(4, (0, 0.000571018, 2.3437e-5, 0.000594715)), (4, (1, 0.000663418, 6.7138e-5, 0.000730844)), (4, (2, 0.000682637, 4.4116e-5, 0.000726975)), (4, (3, 0.000705605, 6.1825e-5, 0.00076762))]), (35440, 14, 0.000831181, [(4, (0, 0.000687336, 2.3262e-5, 0.000710848)), (4, (1, 0.000757977, 4.827e-5, 0.000806454)), (3, (2, 0.000522221, 3.6547e-5, 0.000558966)), (3, (3, 0.000550816, 5.3491e-5, 0.000604545))]), (35456, 14, 0.000984902, [(4, (0, 0.000535104, 2.2311e-5, 0.000557622)), (4, (1, 0.0006411, 3.5119e-5, 0.000676437)), (3, (2, 0.000457147, 5.0948e-5, 0.000508348)), (3, (3, 0.000875159, 7.2245e-5, 0.000947817))]), (35472, 16, 0.000681532, [(4, (0, 0.000499648, 2.0092e-5, 0.000519944)), (4, (1, 0.000534338, 4.4733e-5, 0.000579247)), (4, (2, 0.000567624, 3.2258e-5, 0.000600072)), (4, (3, 0.000584532, 5.2419e-5, 0.000637211))]), (35488, 16, 0.000997632, [(4, (0, 0.000714619, 1.953e-5, 0.000734358)), (4, (1, 0.000807442, 4.4677e-5, 0.000852383)), (4, (2, 0.000894053, 3.2658e-5, 0.000926944)), (4, (3, 0.000890364, 5.539e-5, 0.000946068))]), (35504, 16, 0.000994666, [(4, (0, 0.000780648, 2.4001e-5, 0.000805081)), (4, (1, 0.000766902, 6.7345e-5, 0.000834661)), (4, (2, 0.000784687, 4.8749e-5, 0.00083384)), (4, (3, 0.000811115, 0.000103921, 0.000915654))]), (35520, 16, 0.000999017, [(4, (0, 0.000626988, 2.6735e-5, 0.000653954)), (4, (1, 0.000684645, 0.000119116, 0.000803989)), (4, (2, 0.000850989, 4.5511e-5, 0.000896711)), (4, (3, 0.000890456, 6.3198e-5, 0.000953967))]), (35536, 16, 0.001065669, [(4, (0, 0.000943859, 2.5274e-5, 0.000969388)), (4, (1, 0.000981115, 5.8773e-5, 0.001040196)), (4, (2, 0.00093768, 4.4151e-5, 0.00098214)), (4, (3, 0.000763506, 6.1822e-5, 0.00082553))]), (35552, 14, 0.00106491, [(4, (0, 0.001041923, 2.1779e-5, 0.001063942)), (4, (1, 0.000864671, 9.4536e-5, 0.000959689)), (3, (2, 0.001014249, 4.7912e-5, 0.001062485)), (3, (3, 0.000695801, 6.4405e-5, 0.000760445))]), (35568, 16, 0.000897418, [(4, (0, 0.00059995, 2.3936e-5, 0.000624101)), (4, (1, 0.00063568, 0.000135902, 0.000771775)), (4, (2, 0.000595585, 8.2036e-5, 0.000677848)), (4, (3, 0.00071138, 0.00014512, 0.000856763))]), (35584, 16, 0.000958262, [(4, (0, 0.000661136, 2.6278e-5, 0.000687595)), (4, (1, 0.000841045, 4.8724e-5, 0.000889973)), (4, (2, 0.000648529, 3.8916e-5, 0.000687646)), (4, (3, 0.000851974, 5.4361e-5, 0.000906566))]), (35600, 14, 0.000739762, [(4, (0, 0.000535119, 2.1396e-5, 0.000556724)), (4, (1, 0.000684013, 3.5449e-5, 0.000719659)), (3, (2, 0.000436047, 4.9196e-5, 0.00048541)), (3, (3, 0.000616835, 5.5219e-5, 0.000672245))]), (35616, 14, 0.001127752, [(4, (0, 0.000593052, 2.3555e-5, 0.000616822)), (4, (1, 0.000999084, 9.949e-5, 0.001102149)), (3, (2, 0.000672637, 3.7401e-5, 0.000710257)), (3, (3, 0.000666609, 0.000106245, 0.000773072))]), (35632, 16, 0.001004532, [(4, (0, 0.000885064, 1.4375e-5, 0.000899622)), (4, (1, 0.000857638, 0.000116063, 0.000974181)), (4, (2, 0.000775147, 5.2541e-5, 0.000827891)), (4, (3, 0.000575104, 6.2526e-5, 0.000637856))]), (35648, 16, 0.000894621, [(4, (0, 0.000502027, 1.8712e-5, 0.000520941)), (4, (1, 0.000811729, 5.6706e-5, 0.000868708)), (4, (2, 0.000636012, 3.0131e-5, 0.000666321)), (4, (3, 0.000563405, 5.0434e-5, 0.000614157))]), (35664, 15, 0.000973364, [(4, (0, 0.00055082, 2.3546e-5, 0.000574573)), (4, (1, 0.000899966, 5.0586e-5, 0.000950805)), (4, (2, 0.00090041, 3.683e-5, 0.000937445)), (3, (3, 0.000451203, 6.9182e-5, 0.000520603))]), (35680, 16, 0.001298097, [(4, (0, 0.001148478, 2.4318e-5, 0.001172983)), (4, (1, 0.001075847, 4.758e-5, 0.00112364)), (4, (2, 0.001237074, 3.7481e-5, 0.001274783)), (4, (3, 0.000742746, 5.5878e-5, 0.000798847))]), (35696, 15, 0.000866106, [(4, (0, 0.000577821, 1.3012e-5, 0.000591002)), (4, (1, 0.000687114, 0.000155102, 0.000842391)), (4, (2, 0.000551089, 1.4838e-5, 0.000566124)), (3, (3, 0.000602985, 0.000171655, 0.000774986))]), (35712, 15, 0.001155989, [(4, (0, 0.000955369, 1.9282e-5, 0.000974846)), (4, (1, 0.00106573, 3.1676e-5, 0.001097611)), (4, (2, 0.00103757, 4.4212e-5, 0.001081991)), (3, (3, 0.000799288, 5.144e-5, 0.000850958))]), (35728, 16, 0.000747999, [(4, (0, 0.000725949, 2.1163e-5, 0.000747307)), (4, (1, 0.000552105, 5.074e-5, 0.000603058)), (4, (2, 0.000659971, 3.299e-5, 0.00069314)), (4, (3, 0.000535799, 5.6123e-5, 0.00059211))]), (35744, 16, 0.000857149, [(4, (0, 0.000692479, 2.0239e-5, 0.000712924)), (4, (1, 0.000680502, 5.9964e-5, 0.000740766)), (4, (2, 0.000800663, 3.4333e-5, 0.000835196)), (4, (3, 0.000599082, 5.1821e-5, 0.000651133))]), (35760, 13, 0.000950291, [(4, (0, 0.000928779, 2.0375e-5, 0.000949344)), (3, (1, 0.000425146, 4.3616e-5, 0.000468977)), (3, (2, 0.000532344, 3.2503e-5, 0.000565034)), (3, (3, 0.000407014, 5.1688e-5, 0.000458942))]), (35776, 15, 0.000939675, [(4, (0, 0.000840865, 2.9161e-5, 0.000870236)), (4, (1, 0.000761282, 0.000154608, 0.0009168)), (4, (2, 0.000640185, 4.3563e-5, 0.000683922)), (3, (3, 0.000623626, 9.9349e-5, 0.000723171))]), (35792, 16, 0.000905115, [(4, (0, 0.000529461, 2.1556e-5, 0.000551216)), (4, (1, 0.000797074, 4.5475e-5, 0.00084275)), (4, (2, 0.00079251, 3.338e-5, 0.000826072)), (4, (3, 0.00066662, 9.2385e-5, 0.000759209))]), (35808, 15, 0.001172265, [(4, (0, 0.000657159, 2.059e-5, 0.000677955)), (4, (1, 0.000560207, 4.8582e-5, 0.000608963)), (4, (2, 0.001107676, 3.8514e-5, 0.001146414)), (3, (3, 0.00048356, 5.6227e-5, 0.000539992))]), (35824, 14, 0.000741676, [(4, (0, 0.000721735, 1.9104e-5, 0.00074104)), (4, (1, 0.000626946, 4.6691e-5, 0.000673837)), (3, (2, 0.000577446, 3.3578e-5, 0.000611212)), (3, (3, 0.000424924, 5.155e-5, 0.000476657))]), (35840, 16, 0.001003441, [(4, (0, 0.000611236, 2.2842e-5, 0.000634324)), (4, (1, 0.000893631, 8.7716e-5, 0.000982035)), (4, (2, 0.000736863, 3.5091e-5, 0.000772125)), (4, (3, 0.000916745, 4.8955e-5, 0.000965873))]), (35856, 16, 0.000715598, [(4, (0, 0.000507797, 2.501e-5, 0.000533042)), (4, (1, 0.000525015, 5.0315e-5, 0.000575528)), (4, (2, 0.00065702, 3.6185e-5, 0.000693414)), (4, (3, 0.000533343, 5.4755e-5, 0.00058828))]), (35872, 15, 0.000851467, [(4, (0, 0.000657355, 2.2203e-5, 0.00067979)), (4, (1, 0.000638716, 4.4809e-5, 0.000683718)), (4, (2, 0.000796366, 3.3771e-5, 0.000830329)), (3, (3, 0.000461026, 5.2292e-5, 0.000513506))]), (35888, 16, 0.000797542, [(4, (0, 0.000577864, 1.8006e-5, 0.000596074)), (4, (1, 0.00073301, 4.0637e-5, 0.000773841)), (4, (2, 0.000569344, 2.9849e-5, 0.000599389)), (4, (3, 0.000652257, 4.8589e-5, 0.000701056))]), (35904, 14, 0.00136505, [(4, (0, 0.000836501, 1.4794e-5, 0.000851482)), (4, (1, 0.001202121, 0.000128171, 0.001330613)), (3, (2, 0.000483823, 5.5512e-5, 0.000539654)), (3, (3, 0.000964122, 6.2917e-5, 0.001027224))]), (35920, 16, 0.000704621, [(4, (0, 0.000692105, 1.1736e-5, 0.000704004)), (4, (1, 0.000545237, 6.0104e-5, 0.000605528)), (4, (2, 0.000644171, 1.2153e-5, 0.000656498)), (4, (3, 0.000556923, 0.000107177, 0.000664381))]), (35936, 16, 0.001099978, [(4, (0, 0.00107706, 2.1815e-5, 0.001099081)), (4, (1, 0.000524946, 0.000113779, 0.000638953)), (4, (2, 0.000918201, 3.475e-5, 0.000953142)), (4, (3, 0.000782451, 0.000113154, 0.000895931))]), (35952, 15, 0.00088956, [(4, (0, 0.000855449, 3.3164e-5, 0.000888818)), (4, (1, 0.000671694, 0.000150231, 0.000822681)), (4, (2, 0.000567583, 4.4551e-5, 0.000612328)), (3, (3, 0.000431087, 0.000110537, 0.000541828))]), (35968, 9, 0.001223808, [(3, (0, 0.000948609, 1.7858e-5, 0.000966663)), (2, (1, 0.001148007, 5.0982e-5, 0.001199217)), (2, (2, 0.001125337, 3.2339e-5, 0.001157869)), (2, (3, 0.000362963, 4.604e-5, 0.0004092))]), (35984, 12, 0.000570701, [(3, (0, 0.000456813, 8.867e-6, 0.000465867)), (3, (1, 0.00045246, 5.4355e-5, 0.000507009)), (3, (2, 0.000511437, 3.81e-5, 0.000549756)), (3, (3, 0.000436931, 4.8889e-5, 0.000485996))]), (36000, 16, 0.000818756, [(4, (0, 0.000645077, 1.9797e-5, 0.000665076)), (4, (1, 0.000669984, 4.3711e-5, 0.000713868)), (4, (2, 0.000635653, 3.1986e-5, 0.000667827)), (4, (3, 0.000730073, 4.9145e-5, 0.000779408))]), (36016, 15, 0.000762924, [(4, (0, 0.000662804, 2.5923e-5, 0.000688927)), (4, (1, 0.000692946, 4.8293e-5, 0.000741438)), (4, (2, 0.000704074, 3.8511e-5, 0.000742778)), (3, (3, 0.00044965, 5.351e-5, 0.000503361))]), (36032, 14, 0.000861644, [(4, (0, 0.000702616, 1.9886e-5, 0.000722706)), (4, (1, 0.00079436, 4.2754e-5, 0.000837304)), (3, (2, 0.000514699, 3.1996e-5, 0.000546888)), (3, (3, 0.000474367, 9.534e-5, 0.000569905))]), (36048, 14, 0.000844546, [(4, (0, 0.000666526, 2.1947e-5, 0.000688672)), (4, (1, 0.000778274, 4.5444e-5, 0.0008239)), (3, (2, 0.00064616, 3.5225e-5, 0.000681583)), (3, (3, 0.000483924, 9.5973e-5, 0.000580583))]), (36064, 16, 0.001037135, [(4, (0, 0.000803165, 2.8517e-5, 0.000831898)), (4, (1, 0.000854949, 5.4492e-5, 0.000909689)), (4, (2, 0.000757465, 4.0478e-5, 0.000798153)), (4, (3, 0.000903133, 9.3838e-5, 0.000997678))]), (36080, 16, 0.001042814, [(4, (0, 0.001014736, 2.6871e-5, 0.001041813)), (4, (1, 0.000555891, 4.9684e-5, 0.000605762)), (4, (2, 0.000649815, 4.0159e-5, 0.000690172)), (4, (3, 0.000545822, 5.522e-5, 0.000601241))]), (36096, 16, 0.001153465, [(4, (0, 0.000592436, 2.6274e-5, 0.000618927)), (4, (1, 0.000966297, 0.000162184, 0.001128861)), (4, (2, 0.000610091, 0.000148642, 0.000761526)), (4, (3, 0.00066842, 0.000274756, 0.000943497))]), (36112, 16, 0.000821785, [(4, (0, 0.00047542, 2.2251e-5, 0.000497871)), (4, (1, 0.000749804, 4.9568e-5, 0.000799545)), (4, (2, 0.000518946, 3.5857e-5, 0.000554994)), (4, (3, 0.000595492, 5.4662e-5, 0.000650435))]), (36128, 15, 0.000687363, [(4, (0, 0.000558091, 2.0845e-5, 0.000579134)), (4, (1, 0.00062364, 4.3255e-5, 0.000667071)), (4, (2, 0.000627746, 3.2688e-5, 0.000660609)), (3, (3, 0.000441778, 4.8643e-5, 0.000490634))]), (36144, 16, 0.00112121, [(4, (0, 0.000680873, 2.3544e-5, 0.000704611)), (4, (1, 0.001015299, 8.5948e-5, 0.001101589)), (4, (2, 0.000844214, 4.7188e-5, 0.000891597)), (4, (3, 0.000923561, 6.0101e-5, 0.000983867))]), (36160, 16, 0.000889782, [(4, (0, 0.000500886, 2.1869e-5, 0.000522968)), (4, (1, 0.000539433, 9.1071e-5, 0.00063074)), (4, (2, 0.000830041, 3.9013e-5, 0.000869261)), (4, (3, 0.000571205, 8.7949e-5, 0.000659452))]), (36176, 16, 0.000954735, [(4, (0, 0.00070758, 1.7135e-5, 0.000724912)), (4, (1, 0.00070052, 0.000231655, 0.000932497)), (4, (2, 0.000607182, 2.8304e-5, 0.000635653)), (4, (3, 0.000807212, 0.000111731, 0.000919235))]), (36192, 16, 0.000900392, [(4, (0, 0.000775775, 2.3825e-5, 0.000799782)), (4, (1, 0.000702701, 0.000105042, 0.000807957)), (4, (2, 0.000769341, 4.1719e-5, 0.000811257)), (4, (3, 0.000700708, 0.000164407, 0.000865346))]), (36208, 15, 0.000840694, [(4, (0, 0.000595659, 1.7935e-5, 0.000613767)), (4, (1, 0.000638857, 3.9821e-5, 0.000678885)), (4, (2, 0.000790906, 2.9344e-5, 0.000820442)), (3, (3, 0.000496182, 4.8107e-5, 0.000544477))]), (36224, 16, 0.000888618, [(4, (0, 0.000559835, 1.9576e-5, 0.00057961)), (4, (1, 0.000708584, 0.000152729, 0.000861641)), (4, (2, 0.000603099, 3.1303e-5, 0.000634585)), (4, (3, 0.000624032, 0.00018603, 0.000810649))]), (36240, 16, 0.000712863, [(4, (0, 0.000610031, 2.1312e-5, 0.00063154)), (4, (1, 0.000577011, 8.6892e-5, 0.00066416)), (4, (2, 0.000547298, 3.4166e-5, 0.000581647)), (4, (3, 0.000601429, 8.243e-5, 0.000684044))]), (36256, 14, 0.001058919, [(4, (0, 0.001036792, 2.1174e-5, 0.001058153)), (4, (1, 0.000889982, 4.3187e-5, 0.000933343)), (3, (2, 0.000929151, 3.2968e-5, 0.000962312)), (3, (3, 0.00039506, 4.861e-5, 0.00044385))]), (36272, 15, 0.000981126, [(4, (0, 0.000533622, 2.8384e-5, 0.000562207)), (4, (1, 0.000766333, 0.000153665, 0.00092018)), (4, (2, 0.000591868, 0.000147047, 0.000739233)), (3, (3, 0.00048709, 0.000174005, 0.000661407))]), (36288, 13, 0.000981198, [(4, (0, 0.000533229, 1.6057e-5, 0.000549434)), (3, (1, 0.000399289, 3.2824e-5, 0.000432313)), (3, (2, 0.000802142, 2.6282e-5, 0.00082864)), (3, (3, 0.000849115, 8.5791e-5, 0.000935158))]), (36304, 16, 0.001130262, [(4, (0, 0.000935545, 2.6671e-5, 0.000962475)), (4, (1, 0.00098713, 5.3225e-5, 0.001040558)), (4, (2, 0.000818543, 4.1472e-5, 0.000860219)), (4, (3, 0.000975534, 0.000114877, 0.001090744))]), (36320, 16, 0.000772527, [(4, (0, 0.000581819, 2.0299e-5, 0.000602298)), (4, (1, 0.000707501, 4.3351e-5, 0.000751043)), (4, (2, 0.000609341, 3.2635e-5, 0.000642164)), (4, (3, 0.000649277, 4.955e-5, 0.000699064))]), (36336, 15, 0.00076283, [(4, (0, 0.000589879, 2.5785e-5, 0.000615863)), (4, (1, 0.000690984, 5.0814e-5, 0.000741985)), (4, (2, 0.000575304, 3.7389e-5, 0.000612892)), (3, (3, 0.000384612, 5.6977e-5, 0.000441792))]), (36352, 14, 0.000783665, [(4, (0, 0.000574068, 1.7998e-5, 0.000592255)), (4, (1, 0.000717018, 4.4205e-5, 0.000761407)), (3, (2, 0.000477531, 3.1004e-5, 0.00050874)), (3, (3, 0.000605869, 8.5339e-5, 0.000691933))]), (36368, 13, 0.001232173, [(4, (0, 0.001209961, 2.1252e-5, 0.001231407)), (3, (1, 0.000636641, 4.8004e-5, 0.000684833)), (3, (2, 0.000685302, 3.5143e-5, 0.000720623)), (3, (3, 0.000759408, 7.317e-5, 0.000833151))]), (36384, 14, 0.000934918, [(4, (0, 0.000796447, 2.2448e-5, 0.000819093)), (4, (1, 0.000710016, 5.1093e-5, 0.000761292)), (3, (2, 0.000458888, 3.6287e-5, 0.000495362)), (3, (3, 0.000627306, 0.000198594, 0.00082622))]), (36400, 13, 0.000808615, [(4, (0, 0.000781942, 2.4604e-5, 0.000806889)), (3, (1, 0.000613879, 4.6556e-5, 0.000660759)), (3, (2, 0.000678809, 3.6753e-5, 0.000715752)), (3, (3, 0.000548293, 0.000160897, 0.000709503))]), (36416, 15, 0.000858169, [(4, (0, 0.000717956, 3.0271e-5, 0.000748499)), (4, (1, 0.000626324, 9.5824e-5, 0.000722359)), (4, (2, 0.000793579, 4.0624e-5, 0.000834401)), (3, (3, 0.000476808, 0.000169079, 0.00064621))]), (36432, 14, 0.001299129, [(4, (0, 0.001195614, 0.000101318, 0.001297242)), (4, (1, 0.001000498, 0.00010177, 0.001102437)), (3, (2, 0.000413256, 2.5396e-5, 0.000438837)), (3, (3, 0.000437706, 3.7398e-5, 0.000475358))]), (36448, 10, 0.000829107, [(3, (0, 0.000624962, 3.005e-5, 0.000655214)), (3, (1, 0.000622501, 0.000136475, 0.000759181)), (2, (2, 0.000306819, 8.4412e-5, 0.000391415)), (2, (3, 0.000543641, 0.000191102, 0.000735039))]), (36464, 13, 0.000910944, [(4, (0, 0.000628778, 2.4174e-5, 0.000653137)), (3, (1, 0.00076201, 0.000120472, 0.000882788)), (3, (2, 0.000431867, 9.457e-5, 0.000526638)), (3, (3, 0.000488774, 0.000113732, 0.000602723))]), (36480, 15, 0.000753514, [(4, (0, 0.000538398, 2.2075e-5, 0.000560675)), (4, (1, 0.000701649, 2.8884e-5, 0.000730737)), (4, (2, 0.00067585, 7.1405e-5, 0.000747447)), (3, (3, 0.000483127, 7.7221e-5, 0.000560622))]), (36496, 16, 0.000871588, [(4, (0, 0.000603831, 2.0557e-5, 0.00062458)), (4, (1, 0.000642228, 0.000103052, 0.000745583)), (4, (2, 0.000744752, 3.1767e-5, 0.000776697)), (4, (3, 0.000725224, 0.000103969, 0.00082947))]), (36512, 13, 0.000956869, [(4, (0, 0.000720084, 2.2175e-5, 0.000742461)), (3, (1, 0.00059701, 5.1679e-5, 0.000648925)), (3, (2, 0.000546682, 3.2721e-5, 0.000579591)), (3, (3, 0.000844779, 7.1169e-5, 0.000916273))]), (36528, 16, 0.001337725, [(4, (0, 0.000963227, 1.7441e-5, 0.000980865)), (4, (1, 0.001167501, 0.000139549, 0.001307365)), (4, (2, 0.000813975, 4.6358e-5, 0.000860559)), (4, (3, 0.001015303, 5.7419e-5, 0.001072964))]), (36544, 15, 0.000868069, [(4, (0, 0.000570533, 1.9091e-5, 0.000589821)), (4, (1, 0.000654273, 9.9044e-5, 0.000753658)), (4, (2, 0.000790519, 2.9765e-5, 0.000820472)), (3, (3, 0.000688793, 0.000142004, 0.000830996))]), (36560, 11, 0.000638159, [(3, (0, 0.000466539, 1.6323e-5, 0.00048306)), (3, (1, 0.000505794, 0.000109106, 0.000615077)), (3, (2, 0.000497228, 2.8344e-5, 0.000525775)), (2, (3, 0.000297959, 0.000108777, 0.000411157))]), (36576, 13, 0.000712255, [(4, (0, 0.000688011, 2.3239e-5, 0.000711442)), (3, (1, 0.000511754, 0.00013461, 0.00064668)), (3, (2, 0.000507204, 3.4753e-5, 0.000542155)), (3, (3, 0.00046962, 0.000134706, 0.000604512))]), (36592, 10, 0.001856121, [(3, (0, 0.001097165, 2.1351e-5, 0.001118718)), (3, (1, 0.001607604, 0.000141183, 0.001749255)), (2, (2, 0.001121178, 3.27e-5, 0.001154067)), (2, (3, 0.000842596, 0.000123911, 0.000966801))]), (36608, 16, 0.00113198, [(4, (0, 0.00110213, 2.8733e-5, 0.001131072)), (4, (1, 0.001000781, 0.000120607, 0.001121689)), (4, (2, 0.000588498, 3.9439e-5, 0.000628132)), (4, (3, 0.000919754, 0.00012731, 0.001047288))]), (36624, 15, 0.001712353, [(4, (0, 0.000626036, 2.5725e-5, 0.000651982)), (4, (1, 0.001510882, 0.000163159, 0.001674345)), (4, (2, 0.000660682, 4.0703e-5, 0.000701668)), (3, (3, 0.000428878, 0.000151233, 0.000580442))]), (36640, 14, 0.000630571, [(4, (0, 0.000602098, 2.7388e-5, 0.000629664)), (4, (1, 0.000557842, 5.9002e-5, 0.000617297)), (3, (2, 0.00053889, 4.1389e-5, 0.000580531)), (3, (3, 0.000434135, 7.1703e-5, 0.000506162))]), (36656, 14, 0.000814128, [(4, (0, 0.000645804, 1.7417e-5, 0.000663417)), (4, (1, 0.000661653, 0.00012435, 0.000786305)), (3, (2, 0.00053569, 3.6487e-5, 0.000572387)), (3, (3, 0.000575381, 0.000130598, 0.000706818))]), (36672, 15, 0.000678647, [(4, (0, 0.000627577, 3.1033e-5, 0.000658815)), (4, (1, 0.000596498, 7.3035e-5, 0.000669845)), (4, (2, 0.000586411, 4.5184e-5, 0.000631812)), (3, (3, 0.000524172, 7.9165e-5, 0.000603678))]), (36688, 16, 0.000765399, [(4, (0, 0.000629138, 1.9261e-5, 0.000648597)), (4, (1, 0.000648129, 5.513e-5, 0.000703562)), (4, (2, 0.000646114, 3.0992e-5, 0.000677326)), (4, (3, 0.000657619, 8.4376e-5, 0.000742335))]), (36704, 15, 0.00078804, [(4, (0, 0.000649444, 2.4667e-5, 0.000674324)), (4, (1, 0.000711387, 5.5795e-5, 0.000767382)), (4, (2, 0.000729455, 4.166e-5, 0.000771368)), (3, (3, 0.000608064, 0.000100278, 0.000708675))]), (36720, 16, 0.000848921, [(4, (0, 0.000540804, 1.8664e-5, 0.000559668)), (4, (1, 0.000665871, 5.2058e-5, 0.000718128)), (4, (2, 0.000640734, 3.3193e-5, 0.000674123)), (4, (3, 0.000750394, 6.7294e-5, 0.000818035))]), (36736, 16, 0.000845543, [(4, (0, 0.000655912, 2.1078e-5, 0.00067719)), (4, (1, 0.000714358, 4.7164e-5, 0.000761724)), (4, (2, 0.000696697, 3.5751e-5, 0.000732653)), (4, (3, 0.00073489, 6.3389e-5, 0.000798661))]), (36752, 15, 0.001198047, [(4, (0, 0.000947351, 4.3558e-5, 0.000991124)), (4, (1, 0.001092263, 8.0848e-5, 0.001173454)), (4, (2, 0.000905603, 5.8983e-5, 0.000964782)), (3, (3, 0.000877355, 0.0001483, 0.001025892))]), (36768, 16, 0.000783535, [(4, (0, 0.000557285, 1.7694e-5, 0.000575183)), (4, (1, 0.000600776, 4.589e-5, 0.000646945)), (4, (2, 0.000616867, 3.0156e-5, 0.000647198)), (4, (3, 0.000629941, 9.6813e-5, 0.000727031))]), (36784, 15, 0.000761755, [(4, (0, 0.000565453, 2.215e-5, 0.000587863)), (4, (1, 0.000664144, 5.5053e-5, 0.000719423)), (4, (2, 0.0005855, 4.3504e-5, 0.000629276)), (3, (3, 0.000557069, 5.8281e-5, 0.000615618))]), (36800, 16, 0.000947985, [(4, (0, 0.000545329, 1.8949e-5, 0.000564522)), (4, (1, 0.000774433, 3.1975e-5, 0.000806611)), (4, (2, 0.000609264, 9.1508e-5, 0.00070099)), (4, (3, 0.000772894, 0.000123952, 0.000897411))]), (36816, 15, 0.000746781, [(4, (0, 0.000593911, 2.8953e-5, 0.000623121)), (4, (1, 0.000662155, 5.9406e-5, 0.000721744)), (4, (2, 0.000550254, 4.1502e-5, 0.000591932)), (3, (3, 0.00047799, 5.4983e-5, 0.00053317))]), (36832, 16, 0.000945829, [(4, (0, 0.000603188, 2.411e-5, 0.000627484)), (4, (1, 0.000611558, 5.5411e-5, 0.000667182)), (4, (2, 0.000709681, 3.9846e-5, 0.000749821)), (4, (3, 0.000857231, 5.114e-5, 0.000908566))]), (36848, 16, 0.000890929, [(4, (0, 0.00055109, 2.8301e-5, 0.000579631)), (4, (1, 0.000605406, 5.4416e-5, 0.000660004)), (4, (2, 0.000711191, 4.1681e-5, 0.000753088)), (4, (3, 0.000743047, 0.00011224, 0.00085553))]), (36864, 10, 0.000713135, [(3, (0, 0.000423251, 2.0725e-5, 0.000444164)), (3, (1, 0.000589576, 5.9363e-5, 0.000649127)), (2, (2, 0.000288065, 3.4175e-5, 0.000322409)), (2, (3, 0.000300856, 5.6046e-5, 0.000357191))]), (36880, 16, 0.000756528, [(4, (0, 0.000660059, 2.6535e-5, 0.000686782)), (4, (1, 0.000675717, 5.2178e-5, 0.000728124)), (4, (2, 0.000651792, 3.8986e-5, 0.000690983)), (4, (3, 0.000664982, 5.5839e-5, 0.000721043))]), (36896, 16, 0.000760511, [(4, (0, 0.000542889, 2.6287e-5, 0.000569375)), (4, (1, 0.000649079, 8.9477e-5, 0.000738738)), (4, (2, 0.000709747, 3.8968e-5, 0.000748918)), (4, (3, 0.000624112, 9.5683e-5, 0.00071998))]), (36912, 15, 0.001197177, [(4, (0, 0.00117324, 2.3008e-5, 0.001196459)), (4, (1, 0.00103769, 5.7209e-5, 0.001095081)), (4, (2, 0.001058706, 3.7202e-5, 0.001096106)), (3, (3, 0.000799445, 6.3952e-5, 0.000863602))]), (36928, 12, 0.00081845, [(3, (0, 0.000477684, 2.2216e-5, 0.000500106)), (3, (1, 0.000516449, 9.7093e-5, 0.000613794)), (3, (2, 0.000553045, 3.6259e-5, 0.000589505)), (3, (3, 0.000628394, 0.000155449, 0.000784157))]), (36944, 14, 0.000677197, [(4, (0, 0.000569991, 2.0419e-5, 0.000590607)), (4, (1, 0.000611215, 4.8378e-5, 0.000659815)), (3, (2, 0.000532529, 3.1651e-5, 0.000564352)), (3, (3, 0.000586718, 5.3099e-5, 0.000640103))]), (36960, 14, 0.000743412, [(4, (0, 0.000723823, 1.873e-5, 0.000742729)), (4, (1, 0.000657064, 4.1532e-5, 0.000698785)), (3, (2, 0.000569543, 3.0096e-5, 0.000599836)), (3, (3, 0.000666386, 4.6987e-5, 0.000713626))]), (36976, 11, 0.000607969, [(3, (0, 0.000481596, 2.0592e-5, 0.000504869)), (3, (1, 0.000507805, 7.5447e-5, 0.000583458)), (3, (2, 0.00040652, 3.2473e-5, 0.000439186)), (2, (3, 0.000282701, 9.0491e-5, 0.000374088))]), (36992, 9, 0.000407328, [(3, (0, 0.000386561, 1.9839e-5, 0.000406597)), (2, (1, 0.000316523, 3.2435e-5, 0.000349156)), (2, (2, 0.000299987, 4.3843e-5, 0.000344018)), (2, (3, 0.000274148, 4.8792e-5, 0.000323144))]), (37008, 15, 0.000900958, [(4, (0, 0.000665626, 1.891e-5, 0.000684734)), (4, (1, 0.000588019, 7.4954e-5, 0.00066319)), (4, (2, 0.000811765, 6.5111e-5, 0.000877205)), (3, (3, 0.00062761, 9.0548e-5, 0.000718367))]), (37024, 16, 0.001205888, [(4, (0, 0.000883182, 1.979e-5, 0.000903199)), (4, (1, 0.000794825, 0.000170884, 0.000966046)), (4, (2, 0.001150522, 3.3768e-5, 0.001184491)), (4, (3, 0.000948521, 0.000121406, 0.001070225))]), (37040, 12, 0.000655478, [(3, (0, 0.00041281, 1.3077e-5, 0.000426056)), (3, (1, 0.000592845, 3.8093e-5, 0.000631137)), (3, (2, 0.000420931, 2.6222e-5, 0.000447366)), (3, (3, 0.000447199, 0.00011434, 0.000561853))]), (37056, 16, 0.00088848, [(4, (0, 0.000601442, 1.9853e-5, 0.000621516)), (4, (1, 0.000549962, 4.298e-5, 0.000593162)), (4, (2, 0.000763309, 3.2043e-5, 0.000795545)), (4, (3, 0.000739313, 0.000108055, 0.000847687))]), (37072, 13, 0.000686909, [(4, (0, 0.000618092, 2.263e-5, 0.000640926)), (3, (1, 0.000617971, 4.6378e-5, 0.000664554)), (3, (2, 0.00042492, 3.4878e-5, 0.000460011)), (3, (3, 0.000446938, 5.1051e-5, 0.000498237))]), (37088, 12, 0.000834336, [(3, (0, 0.000374021, 1.7945e-5, 0.000392156)), (3, (1, 0.000424213, 4.2809e-5, 0.000467229)), (3, (2, 0.000592061, 3.0235e-5, 0.000622494)), (3, (3, 0.000709793, 7.4589e-5, 0.000785044))]), (37104, 8, 0.000364936, [(2, (0, 0.000252152, 1.6635e-5, 0.000268933)), (2, (1, 0.000292081, 4.9711e-5, 0.000342014)), (2, (2, 0.000277166, 3.7697e-5, 0.000315049)), (2, (3, 0.0002757, 4.339e-5, 0.00031927))]), (37120, 16, 0.001307873, [(4, (0, 0.000872605, 2.4664e-5, 0.000897463)), (4, (1, 0.000832505, 4.7461e-5, 0.000880151)), (4, (2, 0.001043862, 3.7025e-5, 0.001081114)), (4, (3, 0.001210889, 5.2752e-5, 0.00126386))]), (37136, 10, 0.000713925, [(3, (0, 0.000691047, 2.1004e-5, 0.00071228)), (3, (1, 0.000424417, 3.3797e-5, 0.000458388)), (2, (2, 0.000309707, 4.7591e-5, 0.000357619)), (2, (3, 0.000281265, 6.6834e-5, 0.000348408))]), (37152, 13, 0.000850946, [(4, (0, 0.000527702, 2.6846e-5, 0.000554756)), (3, (1, 0.000676791, 0.000106787, 0.00078385)), (3, (2, 0.000574416, 8.1463e-5, 0.000656065)), (3, (3, 0.000407023, 9.5562e-5, 0.000502796))]), (37168, 15, 0.000717239, [(4, (0, 0.000513949, 1.4182e-5, 0.000528281)), (4, (1, 0.000584323, 0.000105443, 0.000691391)), (4, (2, 0.000666478, 2.1747e-5, 0.000689162)), (3, (3, 0.000439554, 5.3208e-5, 0.000492991))]), (37184, 16, 0.000786671, [(4, (0, 0.000612146, 2.1068e-5, 0.000633403)), (4, (1, 0.000597555, 0.000155415, 0.000753305)), (4, (2, 0.000562182, 5.8237e-5, 0.00062065)), (4, (3, 0.000673002, 7.1454e-5, 0.000744658))]), (37200, 14, 0.000783304, [(4, (0, 0.000571404, 2.2026e-5, 0.000593651)), (4, (1, 0.000532491, 3.4832e-5, 0.000567511)), (3, (2, 0.000618352, 4.8129e-5, 0.000666693)), (3, (3, 0.000689357, 5.2193e-5, 0.000741741))]), (37216, 16, 0.000824335, [(4, (0, 0.000588327, 2.342e-5, 0.000611945)), (4, (1, 0.000749804, 5.1204e-5, 0.000801239)), (4, (2, 0.00061147, 3.584e-5, 0.000647501)), (4, (3, 0.000562089, 4.6396e-5, 0.000608677))]), (37232, 14, 0.000752483, [(4, (0, 0.000527938, 2.1108e-5, 0.000549255)), (4, (1, 0.000680761, 4.9028e-5, 0.000729984)), (3, (2, 0.000569401, 3.5523e-5, 0.000605246)), (3, (3, 0.000504337, 5.6718e-5, 0.000561261))]), (37248, 16, 0.000899494, [(4, (0, 0.000730463, 9.376e-6, 0.000740037)), (4, (1, 0.000707879, 7.982e-5, 0.000788513)), (4, (2, 0.000767865, 7.4767e-5, 0.00084282)), (4, (3, 0.000780129, 7.9665e-5, 0.000860007))]), (37264, 15, 0.000794248, [(4, (0, 0.000598381, 1.7848e-5, 0.000616372)), (4, (1, 0.000629151, 0.000100354, 0.000729717)), (4, (2, 0.000689389, 4.3261e-5, 0.000732967)), (3, (3, 0.00036908, 5.0288e-5, 0.000419573))]), (37280, 16, 0.000787326, [(4, (0, 0.000539567, 2.1239e-5, 0.000561003)), (4, (1, 0.000731757, 3.3525e-5, 0.000765507)), (4, (2, 0.00055572, 4.4733e-5, 0.000600623)), (4, (3, 0.000566627, 5.0253e-5, 0.000617121))]), (37296, 14, 0.000746436, [(4, (0, 0.000548511, 1.8391e-5, 0.000567089)), (4, (1, 0.000677569, 4.8122e-5, 0.000725883)), (3, (2, 0.000432595, 2.9661e-5, 0.000462418)), (3, (3, 0.000428386, 4.121e-5, 0.000469789))]), (37312, 16, 0.000824717, [(4, (0, 0.000734222, 1.7555e-5, 0.000751958)), (4, (1, 0.000746935, 5.6558e-5, 0.000803693)), (4, (2, 0.000748025, 3.2013e-5, 0.000780238)), (4, (3, 0.000598816, 6.1186e-5, 0.000660198))]), (37328, 15, 0.000753012, [(4, (0, 0.000639346, 1.2625e-5, 0.000652124)), (4, (1, 0.000682189, 5.0145e-5, 0.000732505)), (4, (2, 0.000687262, 4.0539e-5, 0.00072796)), (3, (3, 0.000505819, 5.5463e-5, 0.000561467))]), (37344, 13, 0.000752038, [(4, (0, 0.000564318, 1.8229e-5, 0.000582729)), (3, (1, 0.000482232, 4.0829e-5, 0.000523237)), (3, (2, 0.00055824, 2.9798e-5, 0.000588231)), (3, (3, 0.000668594, 4.8495e-5, 0.000717365))]), (37360, 16, 0.001041056, [(4, (0, 0.000727895, 2.3892e-5, 0.00075199)), (4, (1, 0.000780532, 6.1305e-5, 0.000842037)), (4, (2, 0.000778076, 3.5628e-5, 0.000813898)), (4, (3, 0.00093159, 7.0644e-5, 0.00100291))]), (37376, 15, 0.000843702, [(4, (0, 0.000768629, 2.538e-5, 0.000794191)), (4, (1, 0.00072117, 0.000101416, 0.00082283)), (4, (2, 0.000662333, 3.8425e-5, 0.000700936)), (3, (3, 0.000522721, 0.000106683, 0.000629598))]), (37392, 13, 0.000782724, [(4, (0, 0.000567536, 1.144e-5, 0.000579386)), (3, (1, 0.000596461, 6.2307e-5, 0.000659151)), (3, (2, 0.000701656, 4.5492e-5, 0.000747483)), (3, (3, 0.000480437, 5.6411e-5, 0.000537071))]), (37408, 16, 0.000751231, [(4, (0, 0.000642135, 2.4289e-5, 0.000666663)), (4, (1, 0.000636931, 5.9243e-5, 0.000696416)), (4, (2, 0.000541009, 3.7941e-5, 0.00057917)), (4, (3, 0.000661184, 5.3043e-5, 0.000714532))]), (37424, 16, 0.000730483, [(4, (0, 0.000502848, 2.532e-5, 0.000528361)), (4, (1, 0.000561929, 4.7503e-5, 0.000609664)), (4, (2, 0.000528989, 3.7318e-5, 0.000566502)), (4, (3, 0.000640618, 5.2941e-5, 0.000693794))]), (37440, 16, 0.000710325, [(4, (0, 0.000513938, 2.0733e-5, 0.000534886)), (4, (1, 0.000630163, 6.8978e-5, 0.000699319)), (4, (2, 0.000539829, 5.1591e-5, 0.000591623)), (4, (3, 0.000543209, 6.429e-5, 0.000607687))]), (37456, 16, 0.001101455, [(4, (0, 0.000701479, 1.941e-5, 0.000721158)), (4, (1, 0.000979674, 5.3475e-5, 0.001033406)), (4, (2, 0.000597977, 3.0185e-5, 0.000628343)), (4, (3, 0.000629656, 4.2685e-5, 0.000672572))]), (37472, 16, 0.000773453, [(4, (0, 0.00061028, 9.76e-6, 0.000620189)), (4, (1, 0.000706521, 4.4644e-5, 0.000751372)), (4, (2, 0.000710411, 2.6458e-5, 0.000737061)), (4, (3, 0.000534869, 3.6074e-5, 0.00057119))]), (37488, 16, 0.000808338, [(4, (0, 0.000517751, 2.3358e-5, 0.000541329)), (4, (1, 0.000546355, 4.6205e-5, 0.000597942)), (4, (2, 0.000698055, 3.4278e-5, 0.000732505)), (4, (3, 0.000582466, 5.1965e-5, 0.000634641))]), (37504, 16, 0.001211205, [(4, (0, 0.000679035, 2.1879e-5, 0.00070112)), (4, (1, 0.00112512, 5.4997e-5, 0.001180346)), (4, (2, 0.00081821, 4.0082e-5, 0.000858498)), (4, (3, 0.000626149, 5.0254e-5, 0.000676596))]), (37520, 15, 0.001023313, [(4, (0, 0.00054034, 2.7958e-5, 0.000568498)), (4, (1, 0.000567865, 5.1709e-5, 0.000619765)), (4, (2, 0.000959859, 4.1263e-5, 0.001001363)), (3, (3, 0.000456413, 5.6847e-5, 0.000513491))]), (37536, 16, 0.000796751, [(4, (0, 0.000581314, 1.3075e-5, 0.000594555)), (4, (1, 0.000662443, 3.0108e-5, 0.00069277)), (4, (2, 0.000619281, 1.4165e-5, 0.000633645)), (4, (3, 0.00068061, 7.4396e-5, 0.000755932))]), (37552, 16, 0.000750756, [(4, (0, 0.000725347, 2.4386e-5, 0.000749935)), (4, (1, 0.000662936, 4.777e-5, 0.000710899)), (4, (2, 0.000645893, 3.5699e-5, 0.000681773)), (4, (3, 0.000551826, 5.4062e-5, 0.000606081))]), (37568, 15, 0.000427598, [(4, (0, 0.000300391, 2.167e-5, 0.000322249)), (4, (1, 0.000356741, 4.5652e-5, 0.000402581)), (4, (2, 0.000391918, 3.3857e-5, 0.000425945)), (3, (3, 0.000257139, 5.1595e-5, 0.000308909))]), (37584, 16, 0.000958326, [(4, (0, 0.000933276, 2.4032e-5, 0.000957512)), (4, (1, 0.000853606, 6.4368e-5, 0.000918191)), (4, (2, 0.000843748, 3.5865e-5, 0.000879808)), (4, (3, 0.00054783, 5.0291e-5, 0.000598319))]), (37600, 15, 0.001668866, [(4, (0, 0.000997982, 2.3777e-5, 0.001021959)), (4, (1, 0.000915598, 0.000134557, 0.001050473)), (4, (2, 0.001033601, 4.3605e-5, 0.001581923)), (3, (3, 0.00086457, 9.0123e-5, 0.000954898))]), (37616, 16, 0.001420307, [(4, (0, 0.000846436, 2.5588e-5, 0.000872277)), (4, (1, 0.001147777, 6.326e-5, 0.001211324)), (4, (2, 0.001352852, 4.1848e-5, 0.001394895)), (4, (3, 0.000774074, 7.5237e-5, 0.000849561))]), (37632, 16, 0.001099254, [(4, (0, 0.000848817, 2.8475e-5, 0.000877559)), (4, (1, 0.000688484, 5.7989e-5, 0.000746709)), (4, (2, 0.000694781, 4.1386e-5, 0.00073648)), (4, (3, 0.000940693, 6.3056e-5, 0.00100414))]), (37648, 14, 0.001343163, [(4, (0, 0.000864379, 2.7646e-5, 0.000892178)), (4, (1, 0.00119746, 0.000107148, 0.001305016)), (3, (2, 0.00051567, 4.9215e-5, 0.000565193)), (3, (3, 0.000484466, 5.9867e-5, 0.000544566))]), (37664, 14, 0.001014214, [(4, (0, 0.000980925, 3.185e-5, 0.001012991)), (4, (1, 0.000883264, 6.5216e-5, 0.000948689)), (3, (2, 0.000799483, 5.3371e-5, 0.000853095)), (3, (3, 0.000605655, 7.0592e-5, 0.00067651))]), (37680, 16, 0.00104077, [(4, (0, 0.000762235, 3.0234e-5, 0.000792699)), (4, (1, 0.000871097, 8.7427e-5, 0.000958734)), (4, (2, 0.000959682, 5.2942e-5, 0.001012869)), (4, (3, 0.000657255, 6.6333e-5, 0.000723799))]), (37696, 15, 0.001074898, [(4, (0, 0.000893254, 3.1225e-5, 0.000924685)), (4, (1, 0.000890715, 5.8452e-5, 0.000949365)), (4, (2, 0.000630749, 4.35e-5, 0.000674457)), (3, (3, 0.000941381, 7.39e-5, 0.001022225))]), (37712, 13, 0.001032335, [(4, (0, 0.001002473, 2.8037e-5, 0.00103074)), (3, (1, 0.000660872, 7.1659e-5, 0.000732853)), (3, (2, 0.000461286, 4.3205e-5, 0.000504733)), (3, (3, 0.000548637, 6.6806e-5, 0.000615847))]), (37728, 16, 0.001087782, [(4, (0, 0.000988828, 3.6778e-5, 0.001025833)), (4, (1, 0.000890704, 6.6843e-5, 0.000957749)), (4, (2, 0.000697254, 5.1429e-5, 0.000748908)), (4, (3, 0.000917097, 0.00012715, 0.001044504))]), (37744, 14, 0.000866349, [(4, (0, 0.000837341, 2.7995e-5, 0.000865556)), (4, (1, 0.000734631, 5.2859e-5, 0.000787689)), (3, (2, 0.000592854, 4.2488e-5, 0.000635526)), (3, (3, 0.000627125, 6.0197e-5, 0.000687553))]), (37760, 16, 0.001291921, [(4, (0, 0.000582377, 2.2319e-5, 0.000604901)), (4, (1, 0.000730968, 4.5201e-5, 0.000776354)), (4, (2, 0.000901886, 3.3985e-5, 0.00093613)), (4, (3, 0.001191906, 5.0636e-5, 0.001242752))]), (37776, 16, 0.001082879, [(4, (0, 0.000803304, 2.021e-5, 0.000823687)), (4, (1, 0.00084962, 2.939e-5, 0.000879279)), (4, (2, 0.000647965, 2.0481e-5, 0.000668619)), (4, (3, 0.001014798, 2.5587e-5, 0.00104059))]), (37792, 16, 0.002016738, [(4, (0, 0.000767025, 2.7573e-5, 0.00079484)), (4, (1, 0.000751218, 5.3295e-5, 0.000804758)), (4, (2, 0.001136451, 3.9316e-5, 0.001175954)), (4, (3, 0.001875606, 5.7305e-5, 0.001933154))]), (37808, 13, 0.001118481, [(4, (0, 0.001102266, 1.5092e-5, 0.001117535)), (3, (1, 0.000565712, 0.000128561, 0.000694515)), (3, (2, 0.000425426, 7.5724e-5, 0.000501317)), (3, (3, 0.000420775, 8.5137e-5, 0.000506128))]), (37824, 16, 0.001049156, [(4, (0, 0.000683205, 3.0612e-5, 0.000714031)), (4, (1, 0.00092911, 9.7153e-5, 0.001026474)), (4, (2, 0.000718612, 5.1207e-5, 0.000770066)), (4, (3, 0.000764288, 0.000108953, 0.000873556))]), (37840, 15, 0.001108485, [(4, (0, 0.000587573, 2.6588e-5, 0.000614368)), (4, (1, 0.000915933, 3.8205e-5, 0.00095433)), (4, (2, 0.001033126, 5.265e-5, 0.001086136)), (3, (3, 0.00076717, 9.6907e-5, 0.000864266))]), (37856, 16, 0.001020043, [(4, (0, 0.000995199, 2.3936e-5, 0.001019343)), (4, (1, 0.000692223, 4.78e-5, 0.000740262)), (4, (2, 0.000809059, 3.6533e-5, 0.000845776)), (4, (3, 0.000699803, 5.3383e-5, 0.000753371))]), (37872, 13, 0.001118459, [(4, (0, 0.001089021, 2.8555e-5, 0.001117781)), (3, (1, 0.000701967, 6.7897e-5, 0.000770155)), (3, (2, 0.000580992, 4.4972e-5, 0.000626171)), (3, (3, 0.000644247, 6.4273e-5, 0.000708711))]), (37888, 16, 0.000756687, [(4, (0, 0.000530069, 2.0572e-5, 0.000550852)), (4, (1, 0.000635767, 4.9808e-5, 0.000685783)), (4, (2, 0.000552595, 3.6982e-5, 0.000589799)), (4, (3, 0.000597624, 9.4747e-5, 0.00069256))]), (37904, 13, 0.00121905, [(4, (0, 0.000774943, 2.6417e-5, 0.000801572)), (3, (1, 0.00058465, 5.4949e-5, 0.000639786)), (3, (2, 0.0006506, 4.3375e-5, 0.000694176)), (3, (3, 0.001011679, 6.924e-5, 0.001081197))]), (37920, 16, 0.00124532, [(4, (0, 0.000945691, 2.3146e-5, 0.000969025)), (4, (1, 0.001175746, 4.6753e-5, 0.00122269)), (4, (2, 0.000986914, 3.6361e-5, 0.001023479)), (4, (3, 0.000728969, 5.3813e-5, 0.000783018))]), (37936, 16, 0.00119785, [(4, (0, 0.000663078, 2.5189e-5, 0.000688474)), (4, (1, 0.001068489, 0.000101218, 0.001170452)), (4, (2, 0.000780689, 4.4385e-5, 0.000825274)), (4, (3, 0.000875665, 6.119e-5, 0.000937086))]), (37952, 15, 0.001001347, [(4, (0, 0.000870859, 2.456e-5, 0.000895608)), (4, (1, 0.000662279, 3.7712e-5, 0.000700172)), (4, (2, 0.000924954, 4.9023e-5, 0.000979064)), (3, (3, 0.000782236, 5.4404e-5, 0.000836886))]), (37968, 16, 0.00143825, [(4, (0, 0.000720197, 1.4551e-5, 0.000734936)), (4, (1, 0.000935273, 3.3615e-5, 0.00096905)), (4, (2, 0.000844638, 2.1833e-5, 0.000866682)), (4, (3, 0.001282958, 3.9879e-5, 0.001323041))]), (37984, 13, 0.000705969, [(4, (0, 0.000640306, 2.1957e-5, 0.000662477)), (3, (1, 0.000633448, 5.0374e-5, 0.000684021)), (3, (2, 0.00057695, 3.3912e-5, 0.000611041)), (3, (3, 0.000449711, 4.5176e-5, 0.000495075))]), (38000, 16, 0.000665648, [(4, (0, 0.000636928, 2.7653e-5, 0.000664775)), (4, (1, 0.000604298, 5.0946e-5, 0.000655436)), (4, (2, 0.000575457, 3.9922e-5, 0.000615581)), (4, (3, 0.000573452, 5.6445e-5, 0.000630102))]), (38016, 16, 0.000868458, [(4, (0, 0.000636344, 2.7795e-5, 0.000664346)), (4, (1, 0.000646676, 5.1025e-5, 0.000697905)), (4, (2, 0.00065471, 4.0016e-5, 0.000694915)), (4, (3, 0.000772443, 5.6587e-5, 0.000829242))]), (38032, 15, 0.000774512, [(4, (0, 0.000657766, 2.1465e-5, 0.000679438)), (4, (1, 0.000598851, 0.000101788, 0.000700871)), (4, (2, 0.000718333, 3.3941e-5, 0.000752449)), (3, (3, 0.000625698, 0.000124559, 0.00075092))]), (38048, 16, 0.000767208, [(4, (0, 0.000575872, 2.0937e-5, 0.000597015)), (4, (1, 0.000643638, 0.000100755, 0.000744574)), (4, (2, 0.000679144, 3.3252e-5, 0.000712559)), (4, (3, 0.000625903, 0.000111163, 0.000737284))]), (38064, 16, 0.000713837, [(4, (0, 0.000659016, 2.08e-5, 0.000680001)), (4, (1, 0.000621472, 5.2258e-5, 0.000673951)), (4, (2, 0.000659325, 3.2427e-5, 0.000691944)), (4, (3, 0.000626462, 4.7103e-5, 0.000673756))]), (38080, 16, 0.000742814, [(4, (0, 0.000519872, 1.9963e-5, 0.00054004)), (4, (1, 0.000593801, 4.301e-5, 0.000637007)), (4, (2, 0.000688347, 3.1548e-5, 0.000720065)), (4, (3, 0.000657485, 5.0866e-5, 0.000708536))]), (38096, 16, 0.000747288, [(4, (0, 0.000534007, 2.1575e-5, 0.000555794)), (4, (1, 0.000654774, 6.4946e-5, 0.000719939)), (4, (2, 0.000668201, 3.5895e-5, 0.000704314)), (4, (3, 0.000595855, 5.8638e-5, 0.000654719))]), (38112, 14, 0.000888112, [(4, (0, 0.000556262, 2.49e-5, 0.000581369)), (4, (1, 0.000548184, 4.9607e-5, 0.000597991)), (3, (2, 0.000552465, 3.801e-5, 0.000590678)), (3, (3, 0.000798233, 5.5965e-5, 0.000854507))]), (38128, 16, 0.000931133, [(4, (0, 0.000545532, 2.4541e-5, 0.000570266)), (4, (1, 0.000560621, 9.087e-5, 0.00065218)), (4, (2, 0.000821077, 4.1548e-5, 0.000862837)), (4, (3, 0.000812336, 8.2563e-5, 0.000895129))]), (38144, 16, 0.000757335, [(4, (0, 0.000519865, 2.1264e-5, 0.000541339)), (4, (1, 0.000690904, 4.5018e-5, 0.000736123)), (4, (2, 0.000563276, 3.3712e-5, 0.000597198)), (4, (3, 0.000550278, 4.953e-5, 0.000600006))]), (38160, 16, 0.00071328, [(4, (0, 0.00054267, 1.7041e-5, 0.00055991)), (4, (1, 0.000644374, 4.3955e-5, 0.00068853)), (4, (2, 0.00065465, 2.8224e-5, 0.000683062)), (4, (3, 0.000538879, 4.9753e-5, 0.000588813))]), (38176, 16, 0.000830802, [(4, (0, 0.000546444, 2.5667e-5, 0.000572293)), (4, (1, 0.000749988, 5.6135e-5, 0.000806321)), (4, (2, 0.000636349, 4.205e-5, 0.000678618)), (4, (3, 0.000556566, 6.3548e-5, 0.000620437))]), (38192, 16, 0.000756394, [(4, (0, 0.000566286, 2.9825e-5, 0.000596298)), (4, (1, 0.000622369, 5.9238e-5, 0.000681802)), (4, (2, 0.000553916, 4.4864e-5, 0.000598967)), (4, (3, 0.000611928, 0.000106947, 0.000719508))]), (38208, 16, 0.000764991, [(4, (0, 0.000567491, 1.8603e-5, 0.000586294)), (4, (1, 0.000589302, 4.4696e-5, 0.000634184)), (4, (2, 0.000673952, 3.2227e-5, 0.000706379)), (4, (3, 0.000680135, 5.1017e-5, 0.000731391))]), (38224, 16, 0.000775368, [(4, (0, 0.00061129, 2.029e-5, 0.000631781)), (4, (1, 0.000572888, 5.1958e-5, 0.000625055)), (4, (2, 0.000719954, 3.4563e-5, 0.00075473)), (4, (3, 0.000560297, 4.7492e-5, 0.000607991))]), (38240, 16, 0.000816539, [(4, (0, 0.000534717, 2.1725e-5, 0.000556643)), (4, (1, 0.000660402, 4.8051e-5, 0.000708644)), (4, (2, 0.000583743, 3.5443e-5, 0.00061939)), (4, (3, 0.000734986, 5.2716e-5, 0.000787919))]), (38256, 15, 0.000723152, [(4, (0, 0.000539634, 1.6091e-5, 0.000555926)), (4, (1, 0.000646378, 4.7343e-5, 0.000693943)), (4, (2, 0.000569883, 2.7856e-5, 0.000597905)), (3, (3, 0.000646797, 4.1554e-5, 0.000688529))]), (38272, 16, 0.000704548, [(4, (0, 0.000523505, 1.794e-5, 0.00054164)), (4, (1, 0.000604573, 4.0891e-5, 0.000645654)), (4, (2, 0.000604149, 2.9885e-5, 0.000634232)), (4, (3, 0.000619462, 5.1007e-5, 0.000670687))]), (38288, 15, 0.001032914, [(4, (0, 0.000533202, 2.1472e-5, 0.000554881)), (4, (1, 0.000828173, 5.0936e-5, 0.000879291)), (4, (2, 0.000971659, 3.3897e-5, 0.001005745)), (3, (3, 0.000477032, 5.588e-5, 0.000533108))]), (38304, 15, 0.00104058, [(4, (0, 0.000625966, 2.6405e-5, 0.000652606)), (4, (1, 0.000913349, 5.3673e-5, 0.000967241)), (4, (2, 0.000891222, 4.037e-5, 0.00093181)), (3, (3, 0.000550979, 5.8009e-5, 0.000609181))]), (38320, 16, 0.001000094, [(4, (0, 0.000742619, 2.1786e-5, 0.000764726)), (4, (1, 0.000667609, 5.0945e-5, 0.000718747)), (4, (2, 0.00065193, 3.6024e-5, 0.000688151)), (4, (3, 0.00090079, 5.9024e-5, 0.000960183))]), (38336, 16, 0.000920873, [(4, (0, 0.000644356, 2.2566e-5, 0.000667118)), (4, (1, 0.000840118, 4.6781e-5, 0.000887086)), (4, (2, 0.00086227, 3.4536e-5, 0.00089704)), (4, (3, 0.000787094, 5.4038e-5, 0.000841405))]), (38352, 16, 0.000838507, [(4, (0, 0.000635305, 2.7491e-5, 0.00066307)), (4, (1, 0.000747289, 6.3156e-5, 0.00081066)), (4, (2, 0.000688894, 4.1354e-5, 0.00073046)), (4, (3, 0.000681465, 6.1444e-5, 0.000743197))]), (38368, 13, 0.000671208, [(4, (0, 0.000647307, 2.2734e-5, 0.000670274)), (3, (1, 0.000498136, 5.6375e-5, 0.000554721)), (3, (2, 0.000548621, 3.9266e-5, 0.000588185)), (3, (3, 0.000559696, 5.4157e-5, 0.000614087))]), (38384, 14, 0.001096943, [(4, (0, 0.001071401, 2.45e-5, 0.001096124)), (4, (1, 0.000695157, 5.0018e-5, 0.000745421)), (3, (2, 0.000397971, 3.7011e-5, 0.000435225)), (3, (3, 0.000432199, 5.4846e-5, 0.000487328))]), (38400, 16, 0.001284858, [(4, (0, 0.001113207, 2.4025e-5, 0.001137418)), (4, (1, 0.00109511, 6.7327e-5, 0.001162817)), (4, (2, 0.001042864, 4.5018e-5, 0.001088147)), (4, (3, 0.001169598, 7.475e-5, 0.001244617))]), (38416, 15, 0.000857319, [(4, (0, 0.000665538, 1.3156e-5, 0.000678894)), (4, (1, 0.000728832, 8.9131e-5, 0.000831252)), (4, (2, 0.000736117, 3.1114e-5, 0.000767509)), (3, (3, 0.00042739, 4.0533e-5, 0.00046815))]), (38432, 16, 0.001014974, [(4, (0, 0.000672886, 1.3205e-5, 0.000686274)), (4, (1, 0.000908949, 7.7726e-5, 0.000986979)), (4, (2, 0.000943153, 1.8215e-5, 0.000961568)), (4, (3, 0.000862823, 8.1853e-5, 0.000944889))]), (38448, 14, 0.000691156, [(4, (0, 0.000500672, 2.2749e-5, 0.000523649)), (4, (1, 0.000621912, 4.6524e-5, 0.000668634)), (3, (2, 0.000552559, 3.4628e-5, 0.000587369)), (3, (3, 0.000503603, 5.2606e-5, 0.000556421))]), (38464, 16, 0.000735967, [(4, (0, 0.000541331, 1.8889e-5, 0.000560422)), (4, (1, 0.000595394, 4.2042e-5, 0.000637619)), (4, (2, 0.000683477, 3.0504e-5, 0.000714155)), (4, (3, 0.000613291, 4.7986e-5, 0.00066151))]), (38480, 16, 0.000935506, [(4, (0, 0.00048285, 1.8562e-5, 0.000501591)), (4, (1, 0.00070998, 4.1196e-5, 0.000751355)), (4, (2, 0.000882235, 3.0208e-5, 0.000912647)), (4, (3, 0.000817509, 5.0283e-5, 0.000867986))]), (38496, 16, 0.00099726, [(4, (0, 0.000936274, 2.0844e-5, 0.00095732)), (4, (1, 0.000926853, 4.9039e-5, 0.000976096)), (4, (2, 0.000900718, 3.6129e-5, 0.00093705)), (4, (3, 0.000872894, 5.277e-5, 0.0009259))]), (38512, 16, 0.001041512, [(4, (0, 0.000479036, 2.0009e-5, 0.000499248)), (4, (1, 0.000804393, 4.7577e-5, 0.000852147)), (4, (2, 0.000982587, 3.4738e-5, 0.001017629)), (4, (3, 0.000732735, 5.1645e-5, 0.00078457))]), (38528, 16, 0.000738578, [(4, (0, 0.000491172, 1.8105e-5, 0.000509508)), (4, (1, 0.000556282, 4.5501e-5, 0.000601974)), (4, (2, 0.000683397, 3.3247e-5, 0.000716823)), (4, (3, 0.000625285, 5.0782e-5, 0.000676291))]), (38544, 15, 0.000858383, [(4, (0, 0.00075442, 2.208e-5, 0.000776716)), (4, (1, 0.000732196, 4.8606e-5, 0.000780989)), (4, (2, 0.000637339, 3.7429e-5, 0.000674951)), (3, (3, 0.000768719, 5.6378e-5, 0.000825319))]), (38560, 16, 0.000691797, [(4, (0, 0.000511027, 1.6691e-5, 0.000527921)), (4, (1, 0.000604588, 5.8127e-5, 0.00066294)), (4, (2, 0.000576914, 3.2258e-5, 0.000609394)), (4, (3, 0.000568562, 5.2504e-5, 0.000621272))]), (38576, 7, 0.000539481, [(2, (0, 0.000512315, 2.6339e-5, 0.000538842)), (2, (1, 0.000400838, 6.7244e-5, 0.000468265)), (2, (2, 0.000431652, 4.0896e-5, 0.000472746)), (1, (3, 0.000314052, 6.2645e-5, 0.000376901))]), (38592, 16, 0.000958153, [(4, (0, 0.000510022, 2.6571e-5, 0.000536792)), (4, (1, 0.000705193, 5.3508e-5, 0.000758904)), (4, (2, 0.000646061, 4.1197e-5, 0.000687463)), (4, (3, 0.000865781, 5.7878e-5, 0.00092394))]), (38608, 15, 0.00089752, [(4, (0, 0.000650658, 2.1834e-5, 0.000672693)), (4, (1, 0.000581638, 4.6341e-5, 0.000628179)), (4, (2, 0.000842888, 3.267e-5, 0.000875738)), (3, (3, 0.000379511, 5.3455e-5, 0.000433184))]), (38624, 16, 0.00078057, [(4, (0, 0.000742365, 2.2382e-5, 0.000764954)), (4, (1, 0.000679789, 9.1668e-5, 0.000771674)), (4, (2, 0.000714577, 3.4291e-5, 0.00074905)), (4, (3, 0.000631596, 0.000123238, 0.000755276))]), (38640, 16, 0.000989392, [(4, (0, 0.00096621, 2.2023e-5, 0.000988441)), (4, (1, 0.000807282, 4.6494e-5, 0.000853987)), (4, (2, 0.00080047, 3.4362e-5, 0.000835013)), (4, (3, 0.000764551, 5.193e-5, 0.000816695))]), (38656, 16, 0.000886182, [(4, (0, 0.00060534, 5.82e-5, 0.000663747)), (4, (1, 0.000652315, 0.000140515, 0.000793059)), (4, (2, 0.000584429, 0.000134615, 0.000719252)), (4, (3, 0.000700684, 0.000147279, 0.000848162))]), (38672, 16, 0.000992538, [(4, (0, 0.000964413, 2.7163e-5, 0.000991779)), (4, (1, 0.000699597, 5.1825e-5, 0.00075163)), (4, (2, 0.000811352, 4.0104e-5, 0.000851668)), (4, (3, 0.000842605, 5.7487e-5, 0.000900294))]), (38688, 16, 0.000961195, [(4, (0, 0.000675254, 2.668e-5, 0.000702145)), (4, (1, 0.000591469, 5.8591e-5, 0.00065026)), (4, (2, 0.000897891, 4.1055e-5, 0.000939151)), (4, (3, 0.000676214, 5.3838e-5, 0.000730236))]), (38704, 16, 0.000991838, [(4, (0, 0.000969006, 2.2012e-5, 0.000991218)), (4, (1, 0.000681714, 9.7971e-5, 0.000779883)), (4, (2, 0.00078277, 3.3953e-5, 0.000816908)), (4, (3, 0.000905034, 4.5434e-5, 0.000950677))]), (38720, 16, 0.000846601, [(4, (0, 0.000639707, 2.0233e-5, 0.000660235)), (4, (1, 0.000663343, 4.9024e-5, 0.000712565)), (4, (2, 0.000663326, 3.2073e-5, 0.000695592)), (4, (3, 0.000769311, 4.3477e-5, 0.000812969))]), (38736, 16, 0.001326195, [(4, (0, 0.000749259, 1.9748e-5, 0.000769206)), (4, (1, 0.000775734, 3.8097e-5, 0.000814018)), (4, (2, 0.000603791, 5.7931e-5, 0.000661917)), (4, (3, 0.001142806, 6.4998e-5, 0.001207984))]), (38752, 14, 0.000884574, [(4, (0, 0.000856587, 2.6959e-5, 0.000883754)), (4, (1, 0.000801517, 5.357e-5, 0.000855284)), (3, (2, 0.000662203, 4.18e-5, 0.0007042)), (3, (3, 0.000629003, 5.8706e-5, 0.00068795))]), (38768, 16, 0.001106222, [(4, (0, 0.000759413, 2.0474e-5, 0.0007801)), (4, (1, 0.001023842, 5.4673e-5, 0.001078716)), (4, (2, 0.000816322, 3.9047e-5, 0.000855615)), (4, (3, 0.000620593, 4.9283e-5, 0.000670065))]), (38784, 15, 0.000802042, [(4, (0, 0.000774474, 2.6327e-5, 0.000801044)), (4, (1, 0.000676386, 3.9167e-5, 0.000715762)), (4, (2, 0.000731851, 4.9284e-5, 0.000781332)), (3, (3, 0.000408719, 5.4722e-5, 0.000463618))]), (38800, 16, 0.00111278, [(4, (0, 0.000804284, 2.1982e-5, 0.000826474)), (4, (1, 0.000788429, 4.9333e-5, 0.00083795)), (4, (2, 0.00063489, 3.5272e-5, 0.00067037)), (4, (3, 0.000979429, 8.9018e-5, 0.001069145))]), (38816, 14, 0.00077881, [(4, (0, 0.000626337, 2.9539e-5, 0.000656091)), (4, (1, 0.000683528, 5.9565e-5, 0.000743278)), (3, (2, 0.000635343, 4.1795e-5, 0.000677436)), (3, (3, 0.000478155, 5.3646e-5, 0.000531989))]), (38832, 16, 0.000906941, [(4, (0, 0.000878664, 2.7206e-5, 0.000906063)), (4, (1, 0.000657032, 5.1382e-5, 0.000708609)), (4, (2, 0.000823486, 3.9549e-5, 0.000863242)), (4, (3, 0.000821982, 5.7579e-5, 0.000879744))]), (38848, 15, 0.001041547, [(4, (0, 0.00080184, 2.6781e-5, 0.000828829)), (4, (1, 0.000913736, 0.000100477, 0.001015409)), (4, (2, 0.00068972, 4.9535e-5, 0.000739454)), (3, (3, 0.000507212, 9.976e-5, 0.000607264))]), (38864, 13, 0.001061453, [(4, (0, 0.001035384, 2.4916e-5, 0.001060507)), (3, (1, 0.000774566, 9.2006e-5, 0.000866782)), (3, (2, 0.000881015, 0.000134963, 0.001016337)), (3, (3, 0.000590147, 0.000147221, 0.000737658))]), (38880, 16, 0.000725753, [(4, (0, 0.000698145, 2.6632e-5, 0.00072498)), (4, (1, 0.000534871, 0.000104269, 0.000642742)), (4, (2, 0.000634905, 4.3246e-5, 0.000678378)), (4, (3, 0.000535292, 0.000110312, 0.000645787))]), (38896, 16, 0.001175566, [(4, (0, 0.00094753, 2.5798e-5, 0.000973518)), (4, (1, 0.000863063, 5.9561e-5, 0.000922808)), (4, (2, 0.001053128, 4.0133e-5, 0.001093461)), (4, (3, 0.000788978, 5.5882e-5, 0.000845034))]), (38912, 16, 0.000733104, [(4, (0, 0.000612062, 2.7429e-5, 0.000639711)), (4, (1, 0.000640138, 6.4834e-5, 0.000705144)), (4, (2, 0.000546345, 4.5487e-5, 0.000592073)), (4, (3, 0.000540648, 6.2873e-5, 0.000603731))]), (38928, 15, 0.001001416, [(4, (0, 0.000583077, 2.4553e-5, 0.000607846)), (4, (1, 0.000923934, 4.8559e-5, 0.000972693)), (4, (2, 0.000959113, 3.6517e-5, 0.000995837)), (3, (3, 0.000683208, 5.3152e-5, 0.000736538))]), (38944, 15, 0.000686289, [(4, (0, 0.000664583, 2.0732e-5, 0.000685514)), (4, (1, 0.00062779, 4.4244e-5, 0.000672202)), (4, (2, 0.00055536, 3.3013e-5, 0.000588546)), (3, (3, 0.000425617, 4.9398e-5, 0.000475195))]), (38960, 16, 0.00066977, [(4, (0, 0.000570772, 2.6764e-5, 0.000597738)), (4, (1, 0.000595886, 5.0129e-5, 0.000646198)), (4, (2, 0.000628419, 3.8771e-5, 0.000667375)), (4, (3, 0.000574737, 6.1403e-5, 0.000636338))]), (38976, 15, 0.00074625, [(4, (0, 0.000721688, 2.3583e-5, 0.000745473)), (4, (1, 0.000568626, 4.9527e-5, 0.00061833)), (4, (2, 0.000649242, 3.7152e-5, 0.000686599)), (3, (3, 0.000512369, 6.0568e-5, 0.000573165))]), (38992, 13, 0.000646383, [(4, (0, 0.000571766, 1.9724e-5, 0.000591675)), (3, (1, 0.00058085, 4.3245e-5, 0.000624283)), (3, (2, 0.000392165, 3.1693e-5, 0.000424048)), (3, (3, 0.000428226, 4.8886e-5, 0.00047731))]), (39008, 14, 0.000806393, [(4, (0, 0.00054096, 2.1394e-5, 0.000562523)), (4, (1, 0.000723821, 5.6044e-5, 0.000780069)), (3, (2, 0.000504441, 3.5692e-5, 0.000540313)), (3, (3, 0.000450786, 6.0663e-5, 0.000511627))]), (39024, 16, 0.001366824, [(4, (0, 0.00132194, 4.3807e-5, 0.001365938)), (4, (1, 0.000972119, 6.3274e-5, 0.001035583)), (4, (2, 0.000689036, 7.6564e-5, 0.000765801)), (4, (3, 0.000738454, 8.1139e-5, 0.000819789))]), (39040, 15, 0.001177005, [(4, (0, 0.000716554, 2.4052e-5, 0.000744602)), (4, (1, 0.001054927, 9.5759e-5, 0.001150905)), (4, (2, 0.000985981, 4.1801e-5, 0.001028002)), (3, (3, 0.000595187, 0.000133576, 0.000730156))]), (39056, 15, 0.000950443, [(4, (0, 0.00081413, 2.0795e-5, 0.000835141)), (4, (1, 0.000778396, 0.000137425, 0.000916143)), (4, (2, 0.000713957, 3.5931e-5, 0.000750094)), (3, (3, 0.000693873, 5.6201e-5, 0.000750275))]), (39072, 14, 0.000999656, [(4, (0, 0.000969594, 2.8643e-5, 0.000998439)), (4, (1, 0.000721779, 0.000107165, 0.000829288)), (3, (2, 0.00062873, 4.0453e-5, 0.000669383)), (3, (3, 0.000594282, 0.000213443, 0.000808028))]), (39088, 16, 0.00088877, [(4, (0, 0.00073379, 2.48e-5, 0.000759062)), (4, (1, 0.000604037, 5.3272e-5, 0.000657491)), (4, (2, 0.000566607, 3.8405e-5, 0.000605215)), (4, (3, 0.000721782, 0.000122145, 0.000844235))]), (39104, 15, 0.000719482, [(4, (0, 0.000595082, 2.0684e-5, 0.000615955)), (4, (1, 0.000633014, 4.4562e-5, 0.000677779)), (4, (2, 0.000595794, 3.2996e-5, 0.000628969)), (3, (3, 0.000547266, 4.9737e-5, 0.000597204))]), (39120, 15, 0.001320228, [(4, (0, 0.000576522, 2.3992e-5, 0.000600728)), (4, (1, 0.001085096, 0.000136649, 0.001222011)), (4, (2, 0.000738204, 3.906e-5, 0.000777463)), (3, (3, 0.000659621, 0.000136037, 0.000795955))]), (39136, 15, 0.000942303, [(4, (0, 0.00080723, 1.7244e-5, 0.000824609)), (4, (1, 0.000810225, 6.4032e-5, 0.000874485)), (4, (2, 0.000875688, 4.5535e-5, 0.000921417)), (3, (3, 0.000777652, 5.6638e-5, 0.000834474))]), (39152, 16, 0.000922844, [(4, (0, 0.000705595, 3.3355e-5, 0.000739154)), (4, (1, 0.000753701, 5.7357e-5, 0.000811239)), (4, (2, 0.000855913, 4.585e-5, 0.000901944)), (4, (3, 0.000835229, 6.3071e-5, 0.000898531))]), (39168, 16, 0.000822665, [(4, (0, 0.000573638, 2.0523e-5, 0.000594365)), (4, (1, 0.000661777, 5.7563e-5, 0.000719554)), (4, (2, 0.000769789, 3.2253e-5, 0.000802228)), (4, (3, 0.000619274, 4.3179e-5, 0.000662617))]), (39184, 16, 0.001152383, [(4, (0, 0.001108689, 4.256e-5, 0.001151486)), (4, (1, 0.000922523, 0.000118027, 0.001041232)), (4, (2, 0.000886828, 6.1128e-5, 0.000948185)), (4, (3, 0.000888132, 7.3174e-5, 0.000961488))]), (39200, 16, 0.000772054, [(4, (0, 0.000740223, 3.0926e-5, 0.00077135)), (4, (1, 0.000680278, 5.4471e-5, 0.000734955)), (4, (2, 0.000690245, 4.2995e-5, 0.000733463)), (4, (3, 0.00062057, 5.986e-5, 0.000680614))]), (39216, 16, 0.000844741, [(4, (0, 0.000519265, 2.0012e-5, 0.000539481)), (4, (1, 0.000695992, 5.6916e-5, 0.000753155)), (4, (2, 0.000530566, 4.702e-5, 0.00057792)), (4, (3, 0.000593608, 0.000126157, 0.000720077))]), (39232, 16, 0.000672016, [(4, (0, 0.000467891, 2.1468e-5, 0.000489584)), (4, (1, 0.000560414, 3.4615e-5, 0.000595229)), (4, (2, 0.000524661, 6.6627e-5, 0.000591549)), (4, (3, 0.000506516, 9.7306e-5, 0.0006041))]), (39248, 12, 0.000586111, [(3, (0, 0.000506521, 2.0378e-5, 0.000527101)), (3, (1, 0.000500696, 5.9004e-5, 0.000559967)), (3, (2, 0.000402585, 3.2423e-5, 0.00043518)), (3, (3, 0.000451144, 4.5405e-5, 0.000496738))]), (39264, 11, 0.000907299, [(3, (0, 0.00066534, 2.3416e-5, 0.000688949)), (3, (1, 0.000695057, 4.6592e-5, 0.000741824)), (3, (2, 0.000850785, 3.5186e-5, 0.000886218)), (2, (3, 0.000423911, 5.2844e-5, 0.000476986))]), (39280, 16, 0.000880765, [(4, (0, 0.000758302, 3.0549e-5, 0.000789054)), (4, (1, 0.000614702, 6.495e-5, 0.000679868)), (4, (2, 0.000584081, 4.4516e-5, 0.000628798)), (4, (3, 0.000766634, 7.1221e-5, 0.000838081))]), (39296, 16, 0.000945735, [(4, (0, 0.000615189, 2.8252e-5, 0.000643645)), (4, (1, 0.000716185, 6.1378e-5, 0.000777804)), (4, (2, 0.000878015, 4.2608e-5, 0.000920807)), (4, (3, 0.000820737, 6.5203e-5, 0.000886137))]), (39312, 16, 0.000911954, [(4, (0, 0.000738764, 2.7467e-5, 0.000766423)), (4, (1, 0.00078404, 4.1241e-5, 0.000825499)), (4, (2, 0.000837932, 5.2933e-5, 0.000891059)), (4, (3, 0.000631482, 0.00011366, 0.000745451))]), (39328, 16, 0.00109195, [(4, (0, 0.000812414, 2.6303e-5, 0.000838917)), (4, (1, 0.000583852, 3.8517e-5, 0.000622569)), (4, (2, 0.000764418, 5.0628e-5, 0.00081523)), (4, (3, 0.0009638, 5.5475e-5, 0.001019454))]), (39344, 16, 0.00099793, [(4, (0, 0.0006827, 2.7921e-5, 0.000710801)), (4, (1, 0.000751319, 6.2079e-5, 0.000813579)), (4, (2, 0.000936235, 4.0733e-5, 0.000977182)), (4, (3, 0.000616909, 5.7376e-5, 0.000674488))]), (39360, 14, 0.000910627, [(4, (0, 0.000736941, 2.2194e-5, 0.00075934)), (4, (1, 0.000837484, 4.9301e-5, 0.000886993)), (3, (2, 0.000534481, 3.7036e-5, 0.000571731)), (3, (3, 0.000722123, 5.3753e-5, 0.000776124))]), (39376, 14, 0.000724981, [(4, (0, 0.000539812, 2.3944e-5, 0.000563948)), (4, (1, 0.000643745, 5.5467e-5, 0.000699415)), (3, (2, 0.000489066, 4.1712e-5, 0.000530973)), (3, (3, 0.000481779, 0.00013282, 0.000614903))]), (39392, 15, 0.000747066, [(4, (0, 0.000575001, 3.1838e-5, 0.000607035)), (4, (1, 0.00066181, 6.1088e-5, 0.000723093)), (4, (2, 0.000653581, 4.6799e-5, 0.00070057)), (3, (3, 0.000458209, 0.000102495, 0.000560983))]), (39408, 16, 0.001094197, [(4, (0, 0.000663697, 2.3601e-5, 0.000687508)), (4, (1, 0.000600043, 4.8134e-5, 0.000648438)), (4, (2, 0.000674371, 3.5127e-5, 0.000709681)), (4, (3, 0.000941424, 7.4722e-5, 0.001016821))]), (39424, 15, 0.001036742, [(4, (0, 0.000504972, 2.7575e-5, 0.000532749)), (4, (1, 0.000910812, 0.000103814, 0.001014807)), (4, (2, 0.000963681, 5.7328e-5, 0.001021214)), (3, (3, 0.000565502, 0.000127074, 0.000692868))]), (39440, 14, 0.000885041, [(4, (0, 0.000813645, 2.7901e-5, 0.000841734)), (4, (1, 0.000804014, 5.3979e-5, 0.000858172)), (3, (2, 0.000679955, 4.5673e-5, 0.000725848)), (3, (3, 0.000805334, 6.2077e-5, 0.000867696))]), (39456, 16, 0.000883058, [(4, (0, 0.00057549, 2.3126e-5, 0.000598818)), (4, (1, 0.000697472, 5.5783e-5, 0.000753468)), (4, (2, 0.000824502, 3.4944e-5, 0.000859666)), (4, (3, 0.000681438, 4.9613e-5, 0.00073125))]), (39472, 16, 0.001271319, [(4, (0, 0.000585767, 2.4756e-5, 0.000610726)), (4, (1, 0.000824317, 8.0587e-5, 0.00090508)), (4, (2, 0.000864574, 4.4473e-5, 0.000909257)), (4, (3, 0.001134241, 8.9022e-5, 0.001223466))]), (39488, 13, 0.000978654, [(4, (0, 0.000939929, 3.759e-5, 0.00097777)), (3, (1, 0.000711229, 6.6333e-5, 0.000777766)), (3, (2, 0.00086408, 5.3487e-5, 0.000917764)), (3, (3, 0.000636655, 6.2753e-5, 0.000699588))]), (39504, 14, 0.001126262, [(4, (0, 0.000968381, 3.4405e-5, 0.001003015)), (4, (1, 0.001038942, 6.2444e-5, 0.001101581)), (3, (2, 0.000887066, 4.9204e-5, 0.000936495)), (3, (3, 0.000890761, 0.000102315, 0.000993721))]), (39520, 11, 0.000611527, [(3, (0, 0.000476515, 2.1817e-5, 0.000498531)), (3, (1, 0.000514204, 4.4731e-5, 0.000559114)), (3, (2, 0.000556276, 3.4499e-5, 0.000590958)), (2, (3, 0.000342154, 5.3579e-5, 0.000395909))]), (39536, 16, 0.00102924, [(4, (0, 0.000539014, 1.9758e-5, 0.000558972)), (4, (1, 0.000937534, 5.9761e-5, 0.00099751)), (4, (2, 0.000881333, 3.3777e-5, 0.000915319)), (4, (3, 0.000851616, 6.0443e-5, 0.000912263))]), (39552, 15, 0.0007257, [(4, (0, 0.000697194, 2.746e-5, 0.000724873)), (4, (1, 0.000627585, 5.5492e-5, 0.000683256)), (4, (2, 0.00052423, 3.9927e-5, 0.000564354)), (3, (3, 0.000471473, 5.0768e-5, 0.000522428))]), (39568, 14, 0.001166254, [(4, (0, 0.001141228, 2.3927e-5, 0.001165378)), (4, (1, 0.000735266, 4.7117e-5, 0.000782576)), (3, (2, 0.000518702, 3.579e-5, 0.000554678)), (3, (3, 0.00068545, 5.2596e-5, 0.000738237))]), (39584, 16, 0.000840468, [(4, (0, 0.000672598, 2.4447e-5, 0.000697243)), (4, (1, 0.000653439, 0.000156956, 0.000810602)), (4, (2, 0.000722226, 4.0883e-5, 0.000763314)), (4, (3, 0.000591131, 9.4487e-5, 0.000685794))]), (39600, 14, 0.000966975, [(4, (0, 0.000942732, 2.3297e-5, 0.00096621)), (4, (1, 0.000641955, 5.0196e-5, 0.000692333)), (3, (2, 0.000490183, 3.8627e-5, 0.000529003)), (3, (3, 0.000529057, 5.5092e-5, 0.000584359))]), (39616, 13, 0.000980529, [(4, (0, 0.000953693, 2.5898e-5, 0.0009798)), (3, (1, 0.000667925, 6.0085e-5, 0.000728181)), (3, (2, 0.000628869, 4.8943e-5, 0.000678046)), (3, (3, 0.000732792, 9.9227e-5, 0.000832758))]), (39632, 16, 0.000821914, [(4, (0, 0.000794872, 2.6125e-5, 0.000821196)), (4, (1, 0.000725083, 9.089e-5, 0.000816159)), (4, (2, 0.000752575, 3.814e-5, 0.000790915)), (4, (3, 0.000690413, 9.5271e-5, 0.000785848))]), (39648, 16, 0.000905238, [(4, (0, 0.000715572, 2.1715e-5, 0.000737491)), (4, (1, 0.000835612, 4.4819e-5, 0.000880607)), (4, (2, 0.000765287, 3.3939e-5, 0.000799415)), (4, (3, 0.000702798, 4.9979e-5, 0.000752975))]), (39664, 15, 0.000654676, [(4, (0, 0.000548004, 2.1983e-5, 0.000570184)), (4, (1, 0.000578446, 5.0754e-5, 0.000629376)), (4, (2, 0.00052123, 3.5258e-5, 0.000556702)), (3, (3, 0.00037981, 4.5284e-5, 0.000425259))]), (39680, 14, 0.001022452, [(4, (0, 0.00088559, 2.0933e-5, 0.00090672)), (4, (1, 0.000947438, 5.086e-5, 0.000998488)), (3, (2, 0.000841846, 3.2498e-5, 0.000874526)), (3, (3, 0.000778839, 4.3972e-5, 0.000823059))]), (39696, 16, 0.001204935, [(4, (0, 0.000854661, 1.9992e-5, 0.000874948)), (4, (1, 0.001136285, 4.3759e-5, 0.001180219)), (4, (2, 0.000945409, 3.2038e-5, 0.000977648)), (4, (3, 0.001053334, 4.9833e-5, 0.001103436))]), (39712, 16, 0.001047224, [(4, (0, 0.000838021, 3.1585e-5, 0.00086979)), (4, (1, 0.000894566, 0.00012447, 0.001019336)), (4, (2, 0.000921667, 5.9063e-5, 0.000980934)), (4, (3, 0.000785579, 0.000124351, 0.000910142))]), (39728, 16, 0.000880983, [(4, (0, 0.000613083, 2.7272e-5, 0.000640563)), (4, (1, 0.00071338, 5.229e-5, 0.000765858)), (4, (2, 0.000662382, 3.9195e-5, 0.000701773)), (4, (3, 0.000750694, 5.6425e-5, 0.00080735))]), (39744, 15, 0.001403967, [(4, (0, 0.001049367, 4.6594e-5, 0.001096167)), (4, (1, 0.001296982, 8.1141e-5, 0.001378301)), (4, (2, 0.000912695, 6.4093e-5, 0.000976988)), (3, (3, 0.001078984, 8.7197e-5, 0.00116644))]), (39760, 16, 0.000956004, [(4, (0, 0.00093127, 2.3723e-5, 0.00095519)), (4, (1, 0.000765992, 5.6868e-5, 0.000823034)), (4, (2, 0.000789409, 4.4444e-5, 0.000834067)), (4, (3, 0.000755498, 9.2141e-5, 0.000848479))]), (39776, 16, 0.000792435, [(4, (0, 0.000591264, 2.1271e-5, 0.000612719)), (4, (1, 0.000642723, 4.4237e-5, 0.000687155)), (4, (2, 0.000660337, 3.2847e-5, 0.000693353)), (4, (3, 0.000705386, 4.9823e-5, 0.000755419))]), (39792, 16, 0.000746581, [(4, (0, 0.000601055, 2.8572e-5, 0.000629814)), (4, (1, 0.000605297, 5.1999e-5, 0.000657467)), (4, (2, 0.000623583, 4.1394e-5, 0.000665168)), (4, (3, 0.000620363, 5.6718e-5, 0.00067725))]), (39808, 16, 0.000804729, [(4, (0, 0.000630763, 2.4896e-5, 0.000655905)), (4, (1, 0.000652153, 5.007e-5, 0.00070243)), (4, (2, 0.000648073, 3.6005e-5, 0.000684267)), (4, (3, 0.000642742, 7.1213e-5, 0.000714442))]), (39824, 15, 0.000858997, [(4, (0, 0.000538846, 2.4992e-5, 0.000564025)), (4, (1, 0.000777812, 5.4818e-5, 0.000832834)), (4, (2, 0.00067995, 3.8512e-5, 0.000718636)), (3, (3, 0.000495337, 5.0596e-5, 0.000546117))]), (39840, 15, 0.000787123, [(4, (0, 0.000544747, 2.8079e-5, 0.000573032)), (4, (1, 0.000566444, 0.000107619, 0.000674249)), (4, (2, 0.00068975, 3.9522e-5, 0.000729461)), (3, (3, 0.000414172, 0.000101505, 0.000515853))]), (39856, 16, 0.000824773, [(4, (0, 0.00056553, 3.2061e-5, 0.000597826)), (4, (1, 0.000502471, 7.2e-5, 0.000574669)), (4, (2, 0.000755651, 4.614e-5, 0.00080201)), (4, (3, 0.000569282, 6.7886e-5, 0.000637374))]), (39872, 14, 0.000666735, [(4, (0, 0.000599374, 2.1225e-5, 0.000620807)), (4, (1, 0.000599923, 4.4547e-5, 0.000644656)), (3, (2, 0.000498575, 3.2783e-5, 0.000531543)), (3, (3, 0.000429777, 9.401e-5, 0.00052398))]), (39888, 16, 0.000804407, [(4, (0, 0.000530405, 2.3413e-5, 0.000554022)), (4, (1, 0.00072834, 5.1203e-5, 0.000779756)), (4, (2, 0.000696612, 3.541e-5, 0.000732241)), (4, (3, 0.000584946, 4.5652e-5, 0.000630817))]), (39904, 14, 0.00078721, [(4, (0, 0.000645806, 2.0523e-5, 0.000666523)), (4, (1, 0.000722037, 4.4334e-5, 0.000766539)), (3, (2, 0.000486957, 3.1055e-5, 0.00051819)), (3, (3, 0.000475971, 5.1003e-5, 0.000527214))]), (39920, 15, 0.001019564, [(4, (0, 0.000997096, 2.1492e-5, 0.00101878)), (4, (1, 0.000693065, 5.8583e-5, 0.000751831)), (4, (2, 0.000858608, 3.6609e-5, 0.00089543)), (3, (3, 0.000446868, 5.2921e-5, 0.000500072))]), (39936, 13, 0.000880963, [(4, (0, 0.000861878, 1.8202e-5, 0.0008803)), (3, (1, 0.000425909, 0.000142013, 0.000568309)), (3, (2, 0.000486641, 3.6435e-5, 0.000523288)), (3, (3, 0.000448157, 9.4127e-5, 0.000542502))]), (39952, 14, 0.000748413, [(4, (0, 0.000725505, 2.1936e-5, 0.000747658)), (4, (1, 0.0006738, 5.3697e-5, 0.000727697)), (3, (2, 0.000662541, 3.7011e-5, 0.00069975)), (3, (3, 0.000564263, 5.9257e-5, 0.000623713))]), (39968, 15, 0.001207396, [(4, (0, 0.000695917, 2.0979e-5, 0.000717096)), (4, (1, 0.000701504, 4.5733e-5, 0.000747423)), (4, (2, 0.001113049, 3.2925e-5, 0.001146154)), (3, (3, 0.000564182, 5.0776e-5, 0.000615155))]), (39984, 11, 0.0006612, [(3, (0, 0.000589639, 1.1317e-5, 0.000601118)), (3, (1, 0.000598162, 4.1118e-5, 0.000639459)), (3, (2, 0.000404645, 2.7458e-5, 0.000432303)), (2, (3, 0.000355597, 8.1716e-5, 0.000438093))]), (40000, 16, 0.001170345, [(4, (0, 0.000619748, 2.6589e-5, 0.000646538)), (4, (1, 0.000753746, 5.7977e-5, 0.000811957)), (4, (2, 0.000591057, 4.1413e-5, 0.000632632)), (4, (3, 0.001067328, 5.4428e-5, 0.001121954))]), (40016, 13, 0.000732887, [(4, (0, 0.000702634, 2.8798e-5, 0.000731641)), (3, (1, 0.000484033, 5.6223e-5, 0.000540428)), (3, (2, 0.000509939, 4.2985e-5, 0.000553102)), (3, (3, 0.000557329, 6.7224e-5, 0.000624896))]), (40032, 16, 0.00135114, [(4, (0, 0.001323192, 2.6277e-5, 0.001349683)), (4, (1, 0.000740421, 9.639e-5, 0.000837167)), (4, (2, 0.000765601, 3.9832e-5, 0.000805597)), (4, (3, 0.000882484, 9.9631e-5, 0.000982358))]), (40048, 15, 0.000845787, [(4, (0, 0.000618667, 2.8323e-5, 0.000647197)), (4, (1, 0.000725481, 9.2306e-5, 0.000818117)), (4, (2, 0.000624165, 5.2935e-5, 0.00067739)), (3, (3, 0.00060397, 0.000100455, 0.000704672))]), (40064, 16, 0.001419072, [(4, (0, 0.001102457, 2.3771e-5, 0.001126513)), (4, (1, 0.001338744, 4.8338e-5, 0.001387288)), (4, (2, 0.000659036, 3.6776e-5, 0.000695995)), (4, (3, 0.000745534, 5.7073e-5, 0.000802866))]), (40080, 16, 0.000781897, [(4, (0, 0.000562842, 2.5646e-5, 0.00058873)), (4, (1, 0.000668967, 4.9851e-5, 0.000719002)), (4, (2, 0.000655927, 3.9313e-5, 0.000695453)), (4, (3, 0.000629984, 9.8524e-5, 0.000728816))]), (40096, 15, 0.000929067, [(4, (0, 0.000795289, 2.3025e-5, 0.000818547)), (4, (1, 0.000856564, 5.0304e-5, 0.000907057)), (4, (2, 0.000862005, 3.739e-5, 0.000899584)), (3, (3, 0.000491568, 5.6923e-5, 0.000548702))]), (40112, 16, 0.000806084, [(4, (0, 0.000681921, 2.5348e-5, 0.000709457)), (4, (1, 0.000708998, 7.368e-5, 0.0007832)), (4, (2, 0.000512518, 3.7116e-5, 0.000549826)), (4, (3, 0.000618981, 5.0881e-5, 0.000670055))]), (40128, 15, 0.000857371, [(4, (0, 0.000662384, 3.1366e-5, 0.000693972)), (4, (1, 0.000783225, 4.34e-5, 0.000826805)), (4, (2, 0.000795684, 5.7732e-5, 0.00085368)), (3, (3, 0.000547291, 6.2582e-5, 0.000610053))]), (40144, 15, 0.001042149, [(4, (0, 0.000865731, 2.324e-5, 0.000889182)), (4, (1, 0.000899766, 0.000105761, 0.001005846)), (4, (2, 0.000908504, 9.0963e-5, 0.000999848)), (3, (3, 0.000500647, 0.000111298, 0.000612211))]), (40160, 16, 0.000876841, [(4, (0, 0.000611727, 2.4296e-5, 0.000636246)), (4, (1, 0.000801128, 5.1282e-5, 0.000852619)), (4, (2, 0.000765582, 4.1901e-5, 0.000807684)), (4, (3, 0.000653677, 6.1206e-5, 0.000715171))]), (40176, 15, 0.000843775, [(4, (0, 0.000768786, 3.185e-5, 0.000800844)), (4, (1, 0.00077234, 4.7264e-5, 0.000819833)), (4, (2, 0.000614557, 6.668e-5, 0.00068147)), (3, (3, 0.000425949, 7.2655e-5, 0.000498845))]), (40192, 16, 0.00073794, [(4, (0, 0.000550921, 2.8104e-5, 0.00057922)), (4, (1, 0.000559233, 5.2481e-5, 0.000611927)), (4, (2, 0.000521814, 4.0122e-5, 0.000562164)), (4, (3, 0.000635279, 5.9519e-5, 0.000695012))]), (40208, 15, 0.000843391, [(4, (0, 0.000575403, 2.6762e-5, 0.0006024)), (4, (1, 0.000756288, 5.9708e-5, 0.000816197)), (4, (2, 0.000713645, 4.765e-5, 0.000761535)), (3, (3, 0.000553234, 6.7338e-5, 0.000620941))]), (40224, 16, 0.001026896, [(4, (0, 0.000554849, 2.4843e-5, 0.000579923)), (4, (1, 0.000892031, 5.375e-5, 0.000949255)), (4, (2, 0.000739841, 3.9472e-5, 0.0007795)), (4, (3, 0.000840795, 8.8802e-5, 0.00093023))]), (40240, 16, 0.000928714, [(4, (0, 0.000766501, 2.2316e-5, 0.000789017)), (4, (1, 0.000678339, 4.8979e-5, 0.000727506)), (4, (2, 0.00060721, 3.568e-5, 0.000643121)), (4, (3, 0.000839354, 5.3874e-5, 0.000893412))]), (40256, 15, 0.000875167, [(4, (0, 0.000850806, 2.3357e-5, 0.000874379)), (4, (1, 0.000699034, 4.6324e-5, 0.000745554)), (4, (2, 0.000628447, 3.5843e-5, 0.000664499)), (3, (3, 0.000435319, 5.1807e-5, 0.000487365))]), (40272, 16, 0.001027682, [(4, (0, 0.001000403, 2.6226e-5, 0.001026842)), (4, (1, 0.0007454, 8.1602e-5, 0.000827193)), (4, (2, 0.000611004, 4.0596e-5, 0.000651806)), (4, (3, 0.000594551, 0.000118598, 0.000713896))]), (40288, 15, 0.001011524, [(4, (0, 0.000703832, 2.3197e-5, 0.000727217)), (4, (1, 0.000893549, 9.6159e-5, 0.000989913)), (4, (2, 0.000614136, 4.1617e-5, 0.000655957)), (3, (3, 0.000481689, 0.000134451, 0.000616845))]), (40304, 16, 0.000899014, [(4, (0, 0.000779943, 3.1159e-5, 0.000811306)), (4, (1, 0.000819808, 5.6076e-5, 0.000876056)), (4, (2, 0.000854946, 4.2474e-5, 0.000897601)), (4, (3, 0.000736203, 9.8387e-5, 0.000835253))]), (40320, 16, 0.00093255, [(4, (0, 0.000655435, 2.595e-5, 0.000681582)), (4, (1, 0.000845914, 5.6972e-5, 0.000903079)), (4, (2, 0.000814203, 3.8632e-5, 0.000853033)), (4, (3, 0.000633925, 5.2617e-5, 0.000686727))]), (40336, 16, 0.000845252, [(4, (0, 0.000693501, 2.4533e-5, 0.000718221)), (4, (1, 0.00063179, 4.7384e-5, 0.000679346)), (4, (2, 0.000658972, 3.6076e-5, 0.000695219)), (4, (3, 0.000752921, 5.3827e-5, 0.000806956))]), (40352, 16, 0.000933908, [(4, (0, 0.000720422, 2.7946e-5, 0.000748579)), (4, (1, 0.000820284, 5.0057e-5, 0.00087054)), (4, (2, 0.000873123, 3.9257e-5, 0.00091255)), (4, (3, 0.000636536, 5.5611e-5, 0.000692364))]), (40368, 15, 0.000941668, [(4, (0, 0.000821654, 2.8383e-5, 0.000850263)), (4, (1, 0.000791411, 6.4286e-5, 0.000855896)), (4, (2, 0.000876543, 4.2618e-5, 0.000919353)), (3, (3, 0.000710794, 5.5609e-5, 0.000766579))]), (40384, 16, 0.001204656, [(4, (0, 0.000617437, 2.5449e-5, 0.000643127)), (4, (1, 0.001112952, 5.5805e-5, 0.001169062)), (4, (2, 0.00073189, 3.6761e-5, 0.00076884)), (4, (3, 0.000933115, 5.1547e-5, 0.000984962))]), (40400, 14, 0.000920191, [(4, (0, 0.000700091, 2.6665e-5, 0.000726965)), (4, (1, 0.000807565, 6.2939e-5, 0.000870776)), (3, (2, 0.000872081, 4.4863e-5, 0.000917157)), (3, (3, 0.000600238, 5.6615e-5, 0.000657038))]), (40416, 16, 0.001108298, [(4, (0, 0.000713637, 3.0044e-5, 0.000743885)), (4, (1, 0.001024841, 5.5038e-5, 0.001080071)), (4, (2, 0.001051287, 4.3168e-5, 0.001094628)), (4, (3, 0.000786615, 6.0974e-5, 0.000847838))]), (40432, 16, 0.001060528, [(4, (0, 0.000721973, 2.7415e-5, 0.000749574)), (4, (1, 0.000981319, 5.2558e-5, 0.001034068)), (4, (2, 0.000997499, 4.0735e-5, 0.001038434)), (4, (3, 0.000946386, 5.8039e-5, 0.001004627))]), (40448, 15, 0.001000007, [(4, (0, 0.000720956, 2.6144e-5, 0.000747304)), (4, (1, 0.000820991, 5.0606e-5, 0.000871779)), (4, (2, 0.000768473, 3.8579e-5, 0.000807238)), (3, (3, 0.000888195, 7.3164e-5, 0.000961802))]), (40464, 14, 0.001166434, [(4, (0, 0.000971449, 2.9148e-5, 0.001000814)), (4, (1, 0.000996516, 0.000136786, 0.001133646)), (3, (2, 0.000714787, 4.1909e-5, 0.00075688)), (3, (3, 0.000736839, 0.000157449, 0.000894664))]), (40480, 14, 0.00122195, [(4, (0, 0.001189179, 3.1753e-5, 0.00122114)), (4, (1, 0.001064394, 0.000105495, 0.001170214)), (3, (2, 0.000600571, 0.000154248, 0.000754999)), (3, (3, 0.000812715, 0.000161729, 0.000974621))]), (40496, 16, 0.001162714, [(4, (0, 0.000722654, 2.6829e-5, 0.000749678)), (4, (1, 0.00105088, 8.6865e-5, 0.001137947)), (4, (2, 0.000527375, 7.576e-5, 0.000603322)), (4, (3, 0.000694711, 9.6181e-5, 0.000791163))]), (40512, 15, 0.000770508, [(4, (0, 0.000748534, 2.1105e-5, 0.000769814)), (4, (1, 0.000574264, 5.0283e-5, 0.000624753)), (4, (2, 0.000558574, 3.5591e-5, 0.000594353)), (3, (3, 0.000504116, 9.0582e-5, 0.000595566))]), (40528, 16, 0.001216695, [(4, (0, 0.000866163, 2.6419e-5, 0.000892789)), (4, (1, 0.00070835, 6.1585e-5, 0.00077012)), (4, (2, 0.001145731, 4.5062e-5, 0.001190977)), (4, (3, 0.000790295, 5.6476e-5, 0.000846952))]), (40544, 16, 0.000871291, [(4, (0, 0.000824343, 3.366e-5, 0.000858231)), (4, (1, 0.000781789, 7.8196e-5, 0.000861856)), (4, (2, 0.000585608, 4.9143e-5, 0.000634975)), (4, (3, 0.000590859, 8.2392e-5, 0.000673459))]), (40560, 16, 0.00094908, [(4, (0, 0.000545868, 2.3414e-5, 0.000569509)), (4, (1, 0.000723056, 3.9953e-5, 0.000763226)), (4, (2, 0.000789395, 0.000131795, 0.000921519)), (4, (3, 0.000666588, 0.000137063, 0.000804007))]), (40576, 16, 0.001013771, [(4, (0, 0.000983517, 2.9281e-5, 0.001012989)), (4, (1, 0.000657538, 5.4636e-5, 0.000712523)), (4, (2, 0.000899446, 0.000107764, 0.00100767)), (4, (3, 0.000654094, 0.000107994, 0.000762368))]), (40592, 16, 0.001110853, [(4, (0, 0.000678322, 2.5186e-5, 0.0007037)), (4, (1, 0.000636611, 0.000113766, 0.000750854)), (4, (2, 0.001001022, 8.2815e-5, 0.001084085)), (4, (3, 0.000667258, 9.2017e-5, 0.000759458))]), (40608, 15, 0.000810663, [(4, (0, 0.000672438, 2.2451e-5, 0.000695115)), (4, (1, 0.00071228, 6.5505e-5, 0.000778103)), (4, (2, 0.000713175, 3.8028e-5, 0.000751438)), (3, (3, 0.0004459, 5.0439e-5, 0.00049654))]), (40624, 15, 0.001197421, [(4, (0, 0.000853799, 2.747e-5, 0.000881481)), (4, (1, 0.001118992, 5.4737e-5, 0.001174039)), (4, (2, 0.000748772, 3.9533e-5, 0.000788485)), (3, (3, 0.000432495, 8.4667e-5, 0.000517595))]), (40640, 12, 0.000641407, [(3, (0, 0.000375042, 2.0425e-5, 0.000395662)), (3, (1, 0.000388399, 8.8841e-5, 0.00047745)), (3, (2, 0.000394678, 3.3772e-5, 0.000428663)), (3, (3, 0.00044514, 0.000156402, 0.000602657))]), (40656, 15, 0.000787143, [(4, (0, 0.00058061, 1.7399e-5, 0.000598167)), (4, (1, 0.000628812, 7.5646e-5, 0.00070466)), (4, (2, 0.000698697, 5.8533e-5, 0.000757538)), (3, (3, 0.000534464, 6.7005e-5, 0.000601678))]), (40672, 16, 0.000978971, [(4, (0, 0.000657324, 3.4538e-5, 0.000692031)), (4, (1, 0.000701218, 7.4152e-5, 0.000775633)), (4, (2, 0.000558757, 5.3095e-5, 0.000612052)), (4, (3, 0.000854184, 8.1612e-5, 0.000936122))]), (40688, 16, 0.001080941, [(4, (0, 0.00069475, 2.8378e-5, 0.00072333)), (4, (1, 0.00101493, 4.6023e-5, 0.001061284)), (4, (2, 0.000780931, 5.9196e-5, 0.000840357)), (4, (3, 0.00097258, 6.282e-5, 0.001035645))]), (40704, 16, 0.001659517, [(4, (0, 0.0012391, 2.7202e-5, 0.001266506)), (4, (1, 0.001415116, 4.0565e-5, 0.00145586)), (4, (2, 0.001289582, 5.8692e-5, 0.001348577)), (4, (3, 0.001509459, 0.000100932, 0.001610597))]), (40720, 16, 0.000955558, [(4, (0, 0.000657252, 3.2428e-5, 0.000689884)), (4, (1, 0.000806681, 0.00011183, 0.00091875)), (4, (2, 0.000596043, 4.7641e-5, 0.000643866)), (4, (3, 0.000643456, 0.00014205, 0.000786133))]), (40736, 16, 0.000816032, [(4, (0, 0.000599182, 3.1483e-5, 0.000630867)), (4, (1, 0.000674029, 5.6511e-5, 0.000730747)), (4, (2, 0.000620344, 4.4275e-5, 0.000664815)), (4, (3, 0.000664526, 0.00011005, 0.00077481))]), (40752, 16, 0.000841531, [(4, (0, 0.00061082, 2.9764e-5, 0.000640781)), (4, (1, 0.000640243, 3.8171e-5, 0.000678625)), (4, (2, 0.000690609, 8.8977e-5, 0.000779974)), (4, (3, 0.000715657, 8.7875e-5, 0.000803739))]), (40768, 15, 0.000821118, [(4, (0, 0.000550593, 2.7676e-5, 0.000578484)), (4, (1, 0.000739209, 4.4057e-5, 0.000783453)), (4, (2, 0.0006968, 0.000114809, 0.000811817)), (3, (3, 0.000576748, 0.0001428, 0.000719825))]), (40784, 14, 0.000756725, [(4, (0, 0.000684541, 2.5036e-5, 0.00070987)), (4, (1, 0.000645737, 8.1166e-5, 0.00072718)), (3, (2, 0.000587111, 4.2023e-5, 0.000629344)), (3, (3, 0.000593116, 5.3595e-5, 0.000646911))]), (40800, 16, 0.000830586, [(4, (0, 0.000587386, 2.0623e-5, 0.000608207)), (4, (1, 0.000589355, 5.6233e-5, 0.000645817)), (4, (2, 0.000775041, 3.2533e-5, 0.000807763)), (4, (3, 0.000620857, 4.5283e-5, 0.000666325))]), (40816, 15, 0.00082293, [(4, (0, 0.000730792, 2.7954e-5, 0.000758939)), (4, (1, 0.000577183, 6.2877e-5, 0.000640258)), (4, (2, 0.000758608, 4.1908e-5, 0.000800725)), (3, (3, 0.000428286, 6.9007e-5, 0.000497517))]), (40832, 15, 0.000850089, [(4, (0, 0.000632933, 1.9899e-5, 0.000653041)), (4, (1, 0.000587257, 3.3718e-5, 0.000621193)), (4, (2, 0.000782337, 4.5201e-5, 0.000827738)), (3, (3, 0.000595821, 9.4518e-5, 0.0006906))]), (40848, 15, 0.000794087, [(4, (0, 0.000564921, 2.0103e-5, 0.000585236)), (4, (1, 0.000717294, 5.1755e-5, 0.000769244)), (4, (2, 0.00060448, 3.1482e-5, 0.000636149)), (3, (3, 0.000471862, 4.6034e-5, 0.000518096))]), (40864, 15, 0.000944162, [(4, (0, 0.000916726, 2.6534e-5, 0.000943455)), (4, (1, 0.000795574, 0.000126919, 0.000922683)), (4, (2, 0.000719809, 4.6896e-5, 0.00076688)), (3, (3, 0.000442883, 0.000130548, 0.000573623))]), (40880, 16, 0.000839659, [(4, (0, 0.000591127, 1.5275e-5, 0.000606634)), (4, (1, 0.00067127, 4.6486e-5, 0.000717942)), (4, (2, 0.000627477, 2.9642e-5, 0.000657307)), (4, (3, 0.000677212, 8.6457e-5, 0.000764501))]), (40896, 15, 0.001027832, [(4, (0, 0.001011133, 1.5938e-5, 0.001027218)), (4, (1, 0.00083873, 5.3955e-5, 0.000892842)), (4, (2, 0.000777524, 1.7141e-5, 0.000794876)), (3, (3, 0.000480108, 2.7877e-5, 0.000508233))]), (40912, 16, 0.001029524, [(4, (0, 0.000733555, 2.616e-5, 0.00075994)), (4, (1, 0.00064848, 0.000133413, 0.000782093)), (4, (2, 0.000713446, 8.5401e-5, 0.000799047)), (4, (3, 0.000806619, 0.000186143, 0.000992958))]), (40928, 16, 0.000941115, [(4, (0, 0.000654843, 1.9971e-5, 0.000675016)), (4, (1, 0.000877898, 4.2834e-5, 0.000920922)), (4, (2, 0.000806272, 3.1837e-5, 0.000838315)), (4, (3, 0.000659556, 4.8283e-5, 0.000708028))]), (40944, 14, 0.00082787, [(4, (0, 0.000681042, 2.0374e-5, 0.000701622)), (4, (1, 0.00071689, 4.5285e-5, 0.000762365)), (3, (2, 0.000437607, 3.1917e-5, 0.000469715)), (3, (3, 0.000702815, 8.3925e-5, 0.000787389))]), (40960, 16, 0.000875701, [(4, (0, 0.000568476, 2.2891e-5, 0.000591571)), (4, (1, 0.000559098, 0.000128449, 0.000687867)), (4, (2, 0.000624059, 3.8968e-5, 0.000663232)), (4, (3, 0.000781245, 5.0271e-5, 0.000831687))]), (40976, 13, 0.000641801, [(4, (0, 0.000604477, 2.5273e-5, 0.00062998)), (3, (1, 0.000504308, 5.3552e-5, 0.000558057)), (3, (2, 0.000537052, 3.9505e-5, 0.000576769)), (3, (3, 0.000556295, 5.8098e-5, 0.000614705))]), (40992, 16, 0.000851906, [(4, (0, 0.000772707, 2.0272e-5, 0.000793237)), (4, (1, 0.000702127, 0.000117065, 0.000820169)), (4, (2, 0.000798865, 3.2191e-5, 0.000831245)), (4, (3, 0.000549652, 4.4712e-5, 0.000594543))]), (41008, 15, 0.001013053, [(4, (0, 0.000579633, 3.2718e-5, 0.000612539)), (4, (1, 0.000878993, 0.000105599, 0.000984804)), (4, (2, 0.000745577, 9.4604e-5, 0.000840372)), (3, (3, 0.000511712, 0.000163671, 0.000675692))]), (41024, 14, 0.000937332, [(4, (0, 0.000599529, 2.5682e-5, 0.000625414)), (4, (1, 0.000858092, 5.6161e-5, 0.000914447)), (3, (2, 0.000487475, 4.2095e-5, 0.000529791)), (3, (3, 0.000563791, 0.000101936, 0.000666465))]), (41040, 16, 0.000886658, [(4, (0, 0.000694259, 1.9431e-5, 0.000713866)), (4, (1, 0.000689849, 0.000174517, 0.000864667)), (4, (2, 0.000738454, 3.8075e-5, 0.000776741)), (4, (3, 0.000744108, 4.5866e-5, 0.000790205))]), (41056, 16, 0.000977135, [(4, (0, 0.000781866, 2.439e-5, 0.000806494)), (4, (1, 0.000904369, 4.8369e-5, 0.000952945)), (4, (2, 0.000830307, 3.5176e-5, 0.000865648)), (4, (3, 0.000681663, 6.4471e-5, 0.000746465))]), (41072, 16, 0.00086597, [(4, (0, 0.000726352, 2.144e-5, 0.000747994)), (4, (1, 0.00066612, 6.6808e-5, 0.000733161)), (4, (2, 0.000633792, 3.658e-5, 0.000670582)), (4, (3, 0.000783063, 5.1707e-5, 0.000834939))]), (41088, 16, 0.000764406, [(4, (0, 0.000586102, 1.8987e-5, 0.00060529)), (4, (1, 0.000630385, 4.2791e-5, 0.000673356)), (4, (2, 0.000562981, 3.1411e-5, 0.000594583)), (4, (3, 0.000633547, 4.8626e-5, 0.000682376))]), (41104, 16, 0.001324441, [(4, (0, 0.000763931, 3.251e-5, 0.000796676)), (4, (1, 0.000669254, 0.000571286, 0.001241196)), (4, (2, 0.000708543, 4.363e-5, 0.000752369)), (4, (3, 0.000709747, 5.5459e-5, 0.000765393))]), (41120, 15, 0.000812553, [(4, (0, 0.000519047, 2.1141e-5, 0.000540392)), (4, (1, 0.000724124, 6.4656e-5, 0.00078896)), (4, (2, 0.00053384, 5.5057e-5, 0.000589131)), (3, (3, 0.00061216, 8.9867e-5, 0.000702362))]), (41136, 4, 0.000343739, [(1, (0, 0.000113866, 1.1209e-5, 0.000125218)), (1, (1, 0.000132577, 4.6163e-5, 0.00017899)), (1, (2, 0.000140882, 2.7226e-5, 0.000168297)), (1, (3, 0.000251951, 5.379e-5, 0.000306015))]), (41152, 15, 0.000911028, [(4, (0, 0.000692567, 3.4298e-5, 0.00072706)), (4, (1, 0.000710254, 4.8895e-5, 0.000759346)), (4, (2, 0.00082452, 6.0788e-5, 0.000885551)), (3, (3, 0.000452976, 7.2762e-5, 0.000525976))]), (41168, 16, 0.000700909, [(4, (0, 0.000508901, 3.5638e-5, 0.000544741)), (4, (1, 0.00053938, 6.6182e-5, 0.00060577)), (4, (2, 0.000515876, 5.204e-5, 0.000568118)), (4, (3, 0.000517629, 6.9576e-5, 0.000587407))]), (41184, 16, 0.000768193, [(4, (0, 0.000528614, 2.2757e-5, 0.000551577)), (4, (1, 0.000605302, 4.7028e-5, 0.000652551)), (4, (2, 0.000588335, 3.5822e-5, 0.000624375)), (4, (3, 0.000682276, 5.1311e-5, 0.000733786))]), (41200, 14, 0.000840869, [(4, (0, 0.000811195, 2.8808e-5, 0.000840203)), (4, (1, 0.000662867, 5.2053e-5, 0.000715116)), (3, (2, 0.00049025, 4.0586e-5, 0.000531052)), (3, (3, 0.000658556, 5.792e-5, 0.00071668))]), (41216, 15, 0.000864084, [(4, (0, 0.000537196, 2.7182e-5, 0.000564593)), (4, (1, 0.000783151, 5.8456e-5, 0.000841799)), (4, (2, 0.00055497, 3.9408e-5, 0.000594584)), (3, (3, 0.000644395, 5.0502e-5, 0.000695066))]), (41232, 14, 0.001194442, [(4, (0, 0.000662963, 2.5249e-5, 0.000688416)), (4, (1, 0.00112629, 5.7304e-5, 0.001183828)), (3, (2, 0.000785512, 4.0428e-5, 0.000826127)), (3, (3, 0.001053078, 5.2595e-5, 0.001105874))]), (41248, 16, 0.001006966, [(4, (0, 0.00070497, 2.3161e-5, 0.000728328)), (4, (1, 0.000663435, 5.403e-5, 0.000717637)), (4, (2, 0.000792317, 3.5369e-5, 0.00082786)), (4, (3, 0.000924385, 4.9169e-5, 0.000973739))]), (41264, 15, 0.001027353, [(4, (0, 0.000722263, 2.5741e-5, 0.000748205)), (4, (1, 0.000963034, 4.0165e-5, 0.001003393)), (4, (2, 0.000924514, 5.0929e-5, 0.000975716)), (3, (3, 0.000727019, 9.9314e-5, 0.000826599))]), (41280, 15, 0.001386757, [(4, (0, 0.000828885, 2.3592e-5, 0.00085267)), (4, (1, 0.001279902, 6.989e-5, 0.001350066)), (4, (2, 0.000704215, 3.6348e-5, 0.000740788)), (3, (3, 0.00091416, 7.8971e-5, 0.000994046))]), (41296, 14, 0.00099664, [(4, (0, 0.000828435, 2.8496e-5, 0.00085713)), (4, (1, 0.000915808, 5.7293e-5, 0.000973298)), (3, (2, 0.000678206, 4.4081e-5, 0.000722501)), (3, (3, 0.00083495, 6.1326e-5, 0.000896472))]), (41312, 16, 0.000957668, [(4, (0, 0.000814905, 2.7182e-5, 0.000842313)), (4, (1, 0.000873186, 5.8014e-5, 0.000931385)), (4, (2, 0.000905292, 4.3829e-5, 0.000949313)), (4, (3, 0.000710161, 8.5407e-5, 0.000795979))]), (41328, 15, 0.001231989, [(4, (0, 0.000765261, 2.8307e-5, 0.000793754)), (4, (1, 0.001055508, 0.000116229, 0.001171891)), (4, (2, 0.001048447, 4.5878e-5, 0.001094665)), (3, (3, 0.001071704, 0.00011981, 0.001191717))]), (41344, 16, 0.001167945, [(4, (0, 0.00102326, 2.5557e-5, 0.001049035)), (4, (1, 0.000882432, 5.915e-5, 0.000941856)), (4, (2, 0.001101792, 4.2913e-5, 0.001144902)), (4, (3, 0.000950584, 5.6521e-5, 0.001007299))]), (41360, 16, 0.000736264, [(4, (0, 0.000625777, 2.5463e-5, 0.000651437)), (4, (1, 0.000660631, 6.6806e-5, 0.000727648)), (4, (2, 0.000641472, 3.89e-5, 0.000680547)), (4, (3, 0.000630655, 6.4215e-5, 0.000695095))]), (41376, 16, 0.000899715, [(4, (0, 0.000506054, 2.7972e-5, 0.000534209)), (4, (1, 0.000647273, 5.5087e-5, 0.00070257)), (4, (2, 0.000837532, 4.0995e-5, 0.000878759)), (4, (3, 0.000611269, 6.2968e-5, 0.000674449))]), (41392, 16, 0.000806548, [(4, (0, 0.000606199, 2.3991e-5, 0.000630388)), (4, (1, 0.000566952, 4.7544e-5, 0.000614676)), (4, (2, 0.00074827, 3.6245e-5, 0.000784736)), (4, (3, 0.000569645, 5.6398e-5, 0.000626254))]), (41408, 14, 0.000670197, [(4, (0, 0.000506505, 2.6386e-5, 0.000533089)), (4, (1, 0.000593903, 5.2689e-5, 0.000646764)), (3, (2, 0.000414256, 4.0301e-5, 0.00045477)), (3, (3, 0.000490939, 5.9344e-5, 0.000550484))]), (41424, 13, 0.00081858, [(4, (0, 0.000794155, 2.3583e-5, 0.000817928)), (3, (1, 0.000578568, 5.4793e-5, 0.00063357)), (3, (2, 0.000616578, 3.7179e-5, 0.000653984)), (3, (3, 0.000591774, 5.1252e-5, 0.000643248))]), (41440, 16, 0.000989579, [(4, (0, 0.000564436, 2.7623e-5, 0.000592276)), (4, (1, 0.000715664, 5.1017e-5, 0.000766898)), (4, (2, 0.00091324, 3.9581e-5, 0.000953008)), (4, (3, 0.000671139, 5.6683e-5, 0.000728002))]), (41456, 15, 0.001304684, [(4, (0, 0.000820689, 3.184e-5, 0.000852779)), (4, (1, 0.001180447, 9.7509e-5, 0.001278548)), (4, (2, 0.000911831, 4.3962e-5, 0.000955991)), (3, (3, 0.000987147, 5.8049e-5, 0.00104538))]), (41472, 16, 0.000898866, [(4, (0, 0.000743563, 2.6997e-5, 0.000770741)), (4, (1, 0.00076093, 5.6281e-5, 0.000817375)), (4, (2, 0.000838827, 3.8974e-5, 0.00087799)), (4, (3, 0.000799169, 5.1426e-5, 0.000850766))]), (41488, 16, 0.000777392, [(4, (0, 0.000533621, 2.8336e-5, 0.000562158)), (4, (1, 0.00060396, 5.9011e-5, 0.000663158)), (4, (2, 0.00071738, 3.9921e-5, 0.000757483)), (4, (3, 0.00066053, 5.1024e-5, 0.000711728))]), (41504, 16, 0.001488133, [(4, (0, 0.000529289, 2.2949e-5, 0.000552439)), (4, (1, 0.000614941, 4.6218e-5, 0.000661328)), (4, (2, 0.000603204, 3.499e-5, 0.000638363)), (4, (3, 0.00135868, 7.9984e-5, 0.001439186))]), (41520, 15, 0.000963792, [(4, (0, 0.000607187, 1.536e-5, 0.000622697)), (4, (1, 0.000684099, 2.1908e-5, 0.000706224)), (4, (2, 0.00081309, 1.5956e-5, 0.000829217)), (3, (3, 0.00089405, 2.7418e-5, 0.000921663))]), (41536, 15, 0.00098453, [(4, (0, 0.000754058, 2.8128e-5, 0.000782434)), (4, (1, 0.000566073, 5.6896e-5, 0.000623156)), (4, (2, 0.000915355, 4.2047e-5, 0.000957605)), (3, (3, 0.000609657, 0.000100186, 0.000710078))]), (41552, 16, 0.000802058, [(4, (0, 0.000636446, 2.7655e-5, 0.000664322)), (4, (1, 0.000662276, 9.1161e-5, 0.000753617)), (4, (2, 0.000577891, 3.9395e-5, 0.000617493)), (4, (3, 0.000690858, 9.6288e-5, 0.000787351))]), (41568, 16, 0.001015658, [(4, (0, 0.000650388, 2.6638e-5, 0.000677237)), (4, (1, 0.000661502, 5.587e-5, 0.000717566)), (4, (2, 0.000905723, 3.872e-5, 0.000944704)), (4, (3, 0.000820761, 5.1335e-5, 0.000872294))]), (41584, 12, 0.000558118, [(3, (0, 0.000488289, 2.4471e-5, 0.000513095)), (3, (1, 0.000418467, 7.2528e-5, 0.000491433)), (3, (2, 0.000399922, 3.7e-5, 0.000437132)), (3, (3, 0.000472828, 5.0472e-5, 0.000523481))]), (41600, 3, 0.000506013, [(1, (0, 0.000125939, 1.7225e-5, 0.000143358)), (1, (1, 0.000433497, 2.9041e-5, 0.000462708)), (1, (2, 0.000427017, 4.35e-5, 0.000470735)), (0, (3, 4.202e-6, 9.0074e-5, 9.4457e-5))]), (41616, 5, 0.00050568, [(2, (0, 0.000322227, 1.8682e-5, 0.00034111)), (1, (1, 0.000342025, 4.7041e-5, 0.000389277)), (1, (2, 0.000444392, 3.5687e-5, 0.000480304)), (1, (3, 0.000181966, 5.8445e-5, 0.000240738))]), (41632, 15, 0.001319872, [(4, (0, 0.000615748, 3.5246e-5, 0.000651197)), (4, (1, 0.00117089, 0.000109642, 0.001280731)), (4, (2, 0.001119847, 9.8248e-5, 0.001218297)), (3, (3, 0.000670779, 0.00011468, 0.000785683))]), (41648, 16, 0.001408653, [(4, (0, 0.000861875, 2.9699e-5, 0.000891772)), (4, (1, 0.001315259, 6.3172e-5, 0.001378613)), (4, (2, 0.001128764, 4.413e-5, 0.001173085)), (4, (3, 0.001017001, 0.000110304, 0.001127578))]), (41664, 11, 0.000691114, [(3, (0, 0.000426571, 3.2626e-5, 0.000459396)), (3, (1, 0.00054786, 0.000113482, 0.000661553)), (3, (2, 0.0006407, 4.5414e-5, 0.000686322)), (2, (3, 0.000309559, 6.2534e-5, 0.000372288))]), (41680, 15, 0.000735177, [(4, (0, 0.000511177, 3.472e-5, 0.000546114)), (4, (1, 0.00065781, 6.8587e-5, 0.00072661)), (4, (2, 0.000573577, 4.6773e-5, 0.000620535)), (3, (3, 0.000625625, 6.4924e-5, 0.000690721))]), (41696, 15, 0.001112444, [(4, (0, 0.000763713, 3.6178e-5, 0.000800097)), (4, (1, 0.000591969, 6.3008e-5, 0.000655177)), (4, (2, 0.00101344, 4.7951e-5, 0.001061662)), (3, (3, 0.0010094, 6.769e-5, 0.001077322))]), (41712, 15, 0.001198782, [(4, (0, 0.000746264, 2.8746e-5, 0.000775209)), (4, (1, 0.001041253, 0.000104744, 0.00114622)), (4, (2, 0.000994631, 4.236e-5, 0.001037165)), (3, (3, 0.001026992, 9.846e-5, 0.00112563))]), (41728, 16, 0.001232095, [(4, (0, 0.000694898, 2.392e-5, 0.000719022)), (4, (1, 0.000963827, 4.7365e-5, 0.001011372)), (4, (2, 0.001174722, 3.5471e-5, 0.001210384)), (4, (3, 0.000686193, 5.328e-5, 0.000739685))]), (41744, 15, 0.001018205, [(4, (0, 0.000716568, 2.5386e-5, 0.000742166)), (4, (1, 0.000942908, 4.8582e-5, 0.000991683)), (4, (2, 0.000696635, 3.7875e-5, 0.000734696)), (3, (3, 0.000533802, 0.00016361, 0.000697697))]), (41760, 16, 0.001379051, [(4, (0, 0.000951196, 2.582e-5, 0.000977219)), (4, (1, 0.001172607, 8.616e-5, 0.001258964)), (4, (2, 0.001030559, 3.7608e-5, 0.001068365)), (4, (3, 0.00119612, 0.00014196, 0.001338748))]), (41776, 15, 0.001249822, [(4, (0, 0.000747154, 2.1439e-5, 0.000768771)), (4, (1, 0.00104883, 5.3251e-5, 0.001102291)), (4, (2, 0.001192134, 3.7294e-5, 0.001229618)), (3, (3, 0.000947227, 4.7765e-5, 0.000995174))]), (41792, 14, 0.001120018, [(4, (0, 0.000673182, 2.5031e-5, 0.000698411)), (4, (1, 0.001017911, 5.6703e-5, 0.001074862)), (3, (2, 0.000634389, 3.6986e-5, 0.000671571)), (3, (3, 0.000587684, 4.7948e-5, 0.000635827))]), (41808, 15, 0.001291019, [(4, (0, 0.001057372, 3.7071e-5, 0.001094703)), (4, (1, 0.001200344, 5.1946e-5, 0.001252526)), (4, (2, 0.001026534, 6.6048e-5, 0.001092784)), (3, (3, 0.000983303, 7.8007e-5, 0.001061613))]), (41824, 15, 0.001207183, [(4, (0, 0.000974741, 2.1235e-5, 0.000996182)), (4, (1, 0.001045495, 4.5164e-5, 0.001090854)), (4, (2, 0.001152445, 3.3251e-5, 0.001185856)), (3, (3, 0.000676916, 5.724e-5, 0.000734385))]), (41840, 15, 0.000935701, [(4, (0, 0.000907634, 2.7126e-5, 0.000934956)), (4, (1, 0.000848045, 4.9758e-5, 0.000897978)), (4, (2, 0.000695216, 3.8652e-5, 0.000734044)), (3, (3, 0.000645823, 5.9024e-5, 0.000705061))]), (41856, 15, 0.000715354, [(4, (0, 0.00069534, 1.9155e-5, 0.000714705)), (4, (1, 0.00060282, 4.4382e-5, 0.000647402)), (4, (2, 0.000679728, 3.0778e-5, 0.000710708)), (3, (3, 0.000589737, 8.5831e-5, 0.000676315))]), (41872, 16, 0.0015409, [(4, (0, 0.000938819, 2.8773e-5, 0.000967793)), (4, (1, 0.001242541, 5.19e-5, 0.001294629)), (4, (2, 0.001475807, 4.0633e-5, 0.001516605)), (4, (3, 0.00103157, 5.7449e-5, 0.001089228))]), (41888, 14, 0.001323071, [(4, (0, 0.001286901, 3.5073e-5, 0.001322183)), (4, (1, 0.000965935, 4.9316e-5, 0.001015446)), (3, (2, 0.000719527, 6.4925e-5, 0.00078469)), (3, (3, 0.000879952, 7.5227e-5, 0.00095564))]), (41904, 14, 0.000776811, [(4, (0, 0.000550948, 3.4465e-5, 0.000585615)), (4, (1, 0.000611614, 0.000140174, 0.000751964)), (3, (2, 0.000459541, 8.7262e-5, 0.000546987)), (3, (3, 0.000455501, 0.000182643, 0.000638363))]), (41920, 11, 0.001330442, [(3, (0, 0.001114742, 2.9617e-5, 0.001144659)), (3, (1, 0.000887489, 5.3875e-5, 0.000941536)), (3, (2, 0.00125893, 4.1421e-5, 0.001300538)), (2, (3, 0.000861842, 6.0538e-5, 0.000922622))]), (41936, 16, 0.001372454, [(4, (0, 0.000910313, 2.9576e-5, 0.000940175)), (4, (1, 0.001194181, 5.3474e-5, 0.001247848)), (4, (2, 0.001019772, 4.4206e-5, 0.001064164)), (4, (3, 0.00121283, 0.000111461, 0.001324516))]), (41952, 13, 0.000775255, [(4, (0, 0.000747056, 2.7272e-5, 0.000774533)), (3, (1, 0.000709595, 5.0496e-5, 0.000760269)), (3, (2, 0.00059957, 4.1231e-5, 0.00064099)), (3, (3, 0.000628015, 5.608e-5, 0.000684289))]), (41968, 15, 0.000892361, [(4, (0, 0.000865105, 2.638e-5, 0.000891717)), (4, (1, 0.000797551, 5.2704e-5, 0.000850438)), (4, (2, 0.000695547, 3.9673e-5, 0.000735461)), (3, (3, 0.000678042, 8.5812e-5, 0.000764342))]), (41984, 12, 0.000735531, [(3, (0, 0.000513403, 2.319e-5, 0.000536793)), (3, (1, 0.000666138, 4.7065e-5, 0.000713375)), (3, (2, 0.000587076, 3.6429e-5, 0.000623685)), (3, (3, 0.000588525, 5.2951e-5, 0.000641681))]), (42000, 11, 0.001172672, [(3, (0, 0.000906508, 2.3859e-5, 0.000930554)), (3, (1, 0.001037079, 0.000112215, 0.001149487)), (3, (2, 0.000801238, 3.8878e-5, 0.000840306)), (2, (3, 0.000277298, 0.000112598, 0.000390186))]), (42016, 16, 0.001076439, [(4, (0, 0.000714457, 1.2948e-5, 0.000727559)), (4, (1, 0.000809603, 5.5649e-5, 0.000865425)), (4, (2, 0.001001247, 4.6623e-5, 0.001048095)), (4, (3, 0.000828797, 6.0936e-5, 0.000889931))]), (42032, 16, 0.001065316, [(4, (0, 0.000796379, 2.2252e-5, 0.000818833)), (4, (1, 0.000971103, 6.5955e-5, 0.001037341)), (4, (2, 0.000587823, 3.8481e-5, 0.000626535)), (4, (3, 0.000716886, 0.000156594, 0.000873762))]), (42048, 14, 0.000968898, [(4, (0, 0.000946186, 2.1805e-5, 0.000968184)), (4, (1, 0.000542355, 6.8266e-5, 0.000610866)), (3, (2, 0.000487869, 4.0317e-5, 0.000528449)), (3, (3, 0.000700357, 8.6718e-5, 0.000787306))]), (42064, 16, 0.001222206, [(4, (0, 0.0007527, 2.8047e-5, 0.000780953)), (4, (1, 0.001099374, 5.4753e-5, 0.001158645)), (4, (2, 0.000982018, 4.1359e-5, 0.001023591)), (4, (3, 0.00062239, 6.1782e-5, 0.000684439))]), (42080, 16, 0.000981276, [(4, (0, 0.000944819, 2.6114e-5, 0.000971145)), (4, (1, 0.000907662, 6.3729e-5, 0.000971571)), (4, (2, 0.000768927, 4.6862e-5, 0.000815966)), (4, (3, 0.000550514, 0.00014946, 0.000700287))]), (42096, 14, 0.001131782, [(4, (0, 0.001021978, 2.3049e-5, 0.001045218)), (4, (1, 0.00100535, 9.9126e-5, 0.001104797)), (3, (2, 0.000509204, 4.0201e-5, 0.000549594)), (3, (3, 0.000556504, 6.3726e-5, 0.000620591))]), (42112, 12, 0.001337665, [(3, (0, 0.000829144, 1.7802e-5, 0.000847131)), (3, (1, 0.000986663, 0.000138781, 0.0011259)), (3, (2, 0.000921887, 6.6998e-5, 0.000989153)), (3, (3, 0.001207776, 7.6843e-5, 0.001284848))]), (42128, 14, 0.00064892, [(4, (0, 0.000617039, 3.0889e-5, 0.00064816)), (4, (1, 0.00057124, 5.5029e-5, 0.000626469)), (3, (2, 0.000434158, 4.2858e-5, 0.000477189)), (3, (3, 0.000407933, 5.9925e-5, 0.000468067))]), (42144, 15, 0.000782873, [(4, (0, 0.000591291, 2.8581e-5, 0.000620201)), (4, (1, 0.000555389, 5.2489e-5, 0.000608068)), (4, (2, 0.000716921, 4.0949e-5, 0.000758062)), (3, (3, 0.00044829, 5.789e-5, 0.000506399))]), (42160, 15, 0.000620096, [(4, (0, 0.000531657, 2.466e-5, 0.00055652)), (4, (1, 0.000531013, 6.7489e-5, 0.00059869)), (4, (2, 0.000534785, 5.425e-5, 0.000589215)), (3, (3, 0.000461262, 7.5445e-5, 0.000537012))]), (42176, 16, 0.000691699, [(4, (0, 0.000512551, 1.808e-5, 0.000530825)), (4, (1, 0.000572326, 4.9098e-5, 0.000621626)), (4, (2, 0.000579875, 3.154e-5, 0.000611621)), (4, (3, 0.000586994, 4.4906e-5, 0.000632147))]), (42192, 16, 0.001097211, [(4, (0, 0.000531458, 3.2548e-5, 0.000564239)), (4, (1, 0.000961107, 6.7601e-5, 0.001028908)), (4, (2, 0.000622546, 4.6945e-5, 0.000669685)), (4, (3, 0.000602644, 6.0664e-5, 0.000663518))]), (42208, 15, 0.000834666, [(4, (0, 0.000795112, 3.8418e-5, 0.000833733)), (4, (1, 0.000647405, 5.5794e-5, 0.000703407)), (4, (2, 0.000630345, 6.8039e-5, 0.000698581)), (3, (3, 0.000686256, 7.6642e-5, 0.00076318))]), (42224, 15, 0.001055215, [(4, (0, 0.000542196, 2.1833e-5, 0.000564229)), (4, (1, 0.000893209, 8.9376e-5, 0.000982765)), (4, (2, 0.000592515, 3.6443e-5, 0.000629159)), (3, (3, 0.000469439, 9.6878e-5, 0.000566552))]), (42240, 15, 0.001207498, [(4, (0, 0.000853634, 2.74e-5, 0.000881228)), (4, (1, 0.001103706, 7.4885e-5, 0.001178796)), (4, (2, 0.000722018, 5.9869e-5, 0.000782218)), (3, (3, 0.00088815, 0.000123348, 0.001011723))]), (42256, 16, 0.001081481, [(4, (0, 0.000796634, 2.9613e-5, 0.000826446)), (4, (1, 0.000955137, 9.8002e-5, 0.001053444)), (4, (2, 0.000834918, 4.3717e-5, 0.000878801)), (4, (3, 0.000722312, 0.000115381, 0.000838258))]), (42272, 16, 0.000889217, [(4, (0, 0.000801691, 1.7747e-5, 0.000819601)), (4, (1, 0.000837867, 2.8869e-5, 0.000866955)), (4, (2, 0.000691534, 2.0723e-5, 0.000712525)), (4, (3, 0.000603376, 0.0001724, 0.000776067))]), (42288, 16, 0.000973685, [(4, (0, 0.000915152, 2.2742e-5, 0.000938067)), (4, (1, 0.000904133, 4.8315e-5, 0.000952621)), (4, (2, 0.000577937, 3.6438e-5, 0.000614615)), (4, (3, 0.000567799, 9.374e-5, 0.000661762))]), (42304, 14, 0.001045346, [(4, (0, 0.000552389, 2.3727e-5, 0.000576316)), (4, (1, 0.000958234, 4.997e-5, 0.001008384)), (3, (2, 0.000505078, 3.6004e-5, 0.000541311)), (3, (3, 0.000454935, 9.3279e-5, 0.000549014))]), (42320, 16, 0.000963709, [(4, (0, 0.000521156, 2.9405e-5, 0.00055082)), (4, (1, 0.000561267, 5.952e-5, 0.000620968)), (4, (2, 0.000795041, 4.9174e-5, 0.000844472)), (4, (3, 0.000852288, 6.5209e-5, 0.000917704))]), (42336, 15, 0.000838837, [(4, (0, 0.000578762, 2.4355e-5, 0.000603353)), (4, (1, 0.000751001, 6.5378e-5, 0.000816589)), (4, (2, 0.000673482, 5.1551e-5, 0.000725201)), (3, (3, 0.000517808, 7.0307e-5, 0.000588358))]), (42352, 15, 0.001075184, [(4, (0, 0.001045767, 2.8563e-5, 0.001074536)), (4, (1, 0.000779474, 5.5142e-5, 0.000834799)), (4, (2, 0.000818633, 4.2934e-5, 0.000861807)), (3, (3, 0.000671432, 5.995e-5, 0.000731559))]), (42368, 15, 0.000936147, [(4, (0, 0.000807126, 2.4167e-5, 0.000831502)), (4, (1, 0.00066208, 0.000107171, 0.000769483)), (4, (2, 0.000611838, 9.2717e-5, 0.000704842)), (3, (3, 0.000778039, 0.000119242, 0.000897702))]), (42384, 14, 0.000946909, [(4, (0, 0.000550344, 1.9016e-5, 0.00056956)), (4, (1, 0.00058009, 4.2963e-5, 0.000623267)), (3, (2, 0.000890512, 3.1558e-5, 0.000922275)), (3, (3, 0.000616552, 4.8606e-5, 0.000665373))]), (42400, 16, 0.000922074, [(4, (0, 0.000717485, 2.0645e-5, 0.000738315)), (4, (1, 0.00072413, 3.5487e-5, 0.000759844)), (4, (2, 0.000608124, 4.6887e-5, 0.000655233)), (4, (3, 0.000712801, 0.000150608, 0.000863735))]), (42416, 16, 0.001070453, [(4, (0, 0.000489746, 2.2887e-5, 0.000512833)), (4, (1, 0.000554766, 4.875e-5, 0.000603724)), (4, (2, 0.000692677, 3.5724e-5, 0.000728607)), (4, (3, 0.000895925, 0.0001021, 0.000998237))]), (42432, 15, 0.000678737, [(4, (0, 0.000533613, 2.4577e-5, 0.000558392)), (4, (1, 0.000603703, 5.2823e-5, 0.000656695)), (4, (2, 0.000530007, 3.5982e-5, 0.000566171)), (3, (3, 0.000407641, 4.8038e-5, 0.00045587))]), (42448, 16, 0.000555492, [(4, (0, 0.000469437, 1.505e-5, 0.000484672)), (4, (1, 0.000513262, 2.8364e-5, 0.00054183)), (4, (2, 0.000486776, 6.68e-5, 0.000553886)), (4, (3, 0.0004832, 7.0596e-5, 0.000553983))]), (42464, 14, 0.000672637, [(4, (0, 0.000603737, 2.045e-5, 0.000624374)), (4, (1, 0.000551813, 9.9695e-5, 0.00065172)), (3, (2, 0.000444943, 3.4941e-5, 0.000480099)), (3, (3, 0.000398015, 9.5254e-5, 0.00049348))]), (42480, 16, 0.000938823, [(4, (0, 0.000915914, 2.1971e-5, 0.00093809)), (4, (1, 0.000581543, 4.4738e-5, 0.000626483)), (4, (2, 0.000819042, 3.3522e-5, 0.00085274)), (4, (3, 0.000585139, 5.0115e-5, 0.000635437))]), (42496, 16, 0.000933643, [(4, (0, 0.000852053, 2.9574e-5, 0.000881827)), (4, (1, 0.000821727, 9.1245e-5, 0.000913156)), (4, (2, 0.000694042, 4.3484e-5, 0.000737723)), (4, (3, 0.000682612, 0.000129001, 0.000812309))]), (42512, 16, 0.00099661, [(4, (0, 0.000973758, 2.2034e-5, 0.00099599)), (4, (1, 0.000613735, 4.4822e-5, 0.000658895)), (4, (2, 0.000675448, 3.3453e-5, 0.000709073)), (4, (3, 0.000762384, 5.0119e-5, 0.000812692))]), (42528, 16, 0.00130505, [(4, (0, 0.000558526, 2.1896e-5, 0.000580662)), (4, (1, 0.000692923, 0.000113439, 0.001275001)), (4, (2, 0.000848119, 9.5265e-5, 0.000943571)), (4, (3, 0.000633448, 0.000120735, 0.000754465))]), (42544, 14, 0.00077016, [(4, (0, 0.000668074, 2.4534e-5, 0.000692794)), (4, (1, 0.000623312, 5.4716e-5, 0.000678219)), (3, (2, 0.000416355, 4.0128e-5, 0.000456702)), (3, (3, 0.000636068, 9.695e-5, 0.000733218))]), (42560, 15, 0.000712216, [(4, (0, 0.000559699, 2.0662e-5, 0.000580564)), (4, (1, 0.000647336, 4.3603e-5, 0.000691129)), (4, (2, 0.000677293, 3.2389e-5, 0.000709867)), (3, (3, 0.000470471, 4.8862e-5, 0.000519534))]), (42576, 16, 0.000866326, [(4, (0, 0.000847275, 1.8083e-5, 0.000865552)), (4, (1, 0.000813474, 4.0775e-5, 0.000854433)), (4, (2, 0.000544501, 2.9653e-5, 0.000574332)), (4, (3, 0.000553843, 4.6212e-5, 0.000600228))]), (42592, 16, 0.001313383, [(4, (0, 0.001284854, 2.7538e-5, 0.001312582)), (4, (1, 0.000903586, 0.000130152, 0.001035339)), (4, (2, 0.000657773, 7.6659e-5, 0.00073462)), (4, (3, 0.000707112, 9.0067e-5, 0.000797348))]), (42608, 8, 0.000546282, [(2, (0, 0.000286432, 2.4655e-5, 0.000311279)), (2, (1, 0.00036653, 0.000127187, 0.000493894)), (2, (2, 0.00037627, 7.4802e-5, 0.000451256)), (2, (3, 0.00034381, 0.000166975, 0.000511465))]), (42624, 14, 0.000836592, [(4, (0, 0.000641503, 2.7237e-5, 0.000668939)), (4, (1, 0.000762164, 5.2925e-5, 0.000815295)), (3, (2, 0.000594846, 3.9239e-5, 0.000634274)), (3, (3, 0.000456078, 5.743e-5, 0.000513707))]), (42640, 11, 0.000527227, [(3, (0, 0.000399006, 2.3047e-5, 0.000422255)), (3, (1, 0.000458445, 4.7014e-5, 0.00050572)), (3, (2, 0.000448511, 3.4575e-5, 0.000483268)), (2, (3, 0.000284528, 6.9788e-5, 0.000354763))]), (42656, 6, 0.000521058, [(2, (0, 0.000387541, 2.1057e-5, 0.000408799)), (2, (1, 0.000375923, 0.000117513, 0.000493753)), (1, (2, 0.000236049, 3.2676e-5, 0.000268911)), (1, (3, 0.000228178, 0.000172231, 0.000400741))]), (42672, 16, 0.000816099, [(4, (0, 0.000434581, 2.9912e-5, 0.00046474)), (4, (1, 0.00058596, 0.000171576, 0.000757857)), (4, (2, 0.000457508, 9.7268e-5, 0.000554987)), (4, (3, 0.000554604, 0.000173701, 0.000728562))]), (42688, 11, 0.000753258, [(3, (0, 0.000508281, 2.4472e-5, 0.000532956)), (3, (1, 0.000425408, 9.6744e-5, 0.000522335)), (3, (2, 0.000690108, 3.7311e-5, 0.000727625)), (2, (3, 0.000315264, 0.000121424, 0.000437289))]), (42704, 16, 0.001390252, [(4, (0, 0.000509177, 3.31e-5, 0.000542463)), (4, (1, 0.001314984, 4.8493e-5, 0.001363688)), (4, (2, 0.000907892, 6.3801e-5, 0.00097198)), (4, (3, 0.000567485, 8.6928e-5, 0.000654682))]), (42720, 16, 0.000753315, [(4, (0, 0.000727129, 2.5132e-5, 0.000752449)), (4, (1, 0.000536368, 4.8517e-5, 0.0005851)), (4, (2, 0.000578677, 7.6101e-5, 0.000654976)), (4, (3, 0.000549961, 0.000155534, 0.000705807))]), (42736, 16, 0.000926364, [(4, (0, 0.000511007, 2.3945e-5, 0.000535154)), (4, (1, 0.000539837, 4.982e-5, 0.000589845)), (4, (2, 0.000814976, 3.9834e-5, 0.000855035)), (4, (3, 0.00082855, 5.8101e-5, 0.000886834))]), (42752, 16, 0.00066819, [(4, (0, 0.000564904, 1.423e-5, 0.000579292)), (4, (1, 0.000616446, 2.8126e-5, 0.000644738)), (4, (2, 0.00054154, 1.4517e-5, 0.000556235)), (4, (3, 0.000519016, 2.2566e-5, 0.000541774))]), (42768, 16, 0.000974507, [(4, (0, 0.000682677, 2.0377e-5, 0.000703231)), (4, (1, 0.000772578, 0.000173671, 0.000946595)), (4, (2, 0.0005487, 3.1979e-5, 0.000580849)), (4, (3, 0.000725847, 8.5815e-5, 0.000812041))]), (42784, 16, 0.000933857, [(4, (0, 0.000530178, 1.8314e-5, 0.000548695)), (4, (1, 0.000849605, 6.0539e-5, 0.000910313)), (4, (2, 0.00056602, 4.9112e-5, 0.000615321)), (4, (3, 0.000615771, 0.000122102, 0.000738101))]), (42800, 16, 0.00075521, [(4, (0, 0.000732259, 2.2101e-5, 0.00075454)), (4, (1, 0.000560123, 7.3067e-5, 0.00063339)), (4, (2, 0.000587122, 5.0907e-5, 0.000638235)), (4, (3, 0.000547286, 0.000104657, 0.000652244))]), (42816, 16, 0.001062095, [(4, (0, 0.000685734, 2.2193e-5, 0.000708123)), (4, (1, 0.000542856, 5.5375e-5, 0.000598412)), (4, (2, 0.001002976, 3.6514e-5, 0.001039688)), (4, (3, 0.000819385, 4.7185e-5, 0.000866754))]), (42832, 13, 0.000761682, [(4, (0, 0.000523991, 2.1731e-5, 0.000545918)), (3, (1, 0.000421614, 4.4351e-5, 0.000466154)), (3, (2, 0.000641323, 3.3522e-5, 0.000675035)), (3, (3, 0.00062883, 9.7533e-5, 0.000727039))]), (42848, 12, 0.000574775, [(3, (0, 0.000565226, 8.801e-6, 0.000574197)), (3, (1, 0.000478863, 3.204e-5, 0.000511093)), (3, (2, 0.000466905, 3.065e-5, 0.000498237)), (3, (3, 0.000425255, 3.734e-5, 0.000462761))]), (42864, 16, 0.000755213, [(4, (0, 0.000562068, 1.733e-5, 0.000579595)), (4, (1, 0.000570005, 4.2836e-5, 0.000613023)), (4, (2, 0.000565565, 2.8959e-5, 0.00059472)), (4, (3, 0.00058776, 4.7527e-5, 0.000635467))]), (42880, 10, 0.000524565, [(3, (0, 0.000420347, 2.2403e-5, 0.00044296)), (3, (1, 0.000427055, 4.4822e-5, 0.000472035)), (2, (2, 0.000468865, 3.5304e-5, 0.000504361)), (2, (3, 0.000309365, 5.4613e-5, 0.000364179))]), (42896, 16, 0.000827665, [(4, (0, 0.000803609, 2.2748e-5, 0.000826567)), (4, (1, 0.000650203, 0.000175368, 0.000825899)), (4, (2, 0.000680755, 3.4261e-5, 0.000715207)), (4, (3, 0.000619784, 0.000193672, 0.000813663))]), (42912, 16, 0.001321813, [(4, (0, 0.000971769, 2.9391e-5, 0.001001362)), (4, (1, 0.00123536, 5.4973e-5, 0.001290532)), (4, (2, 0.001277356, 4.0341e-5, 0.001317867)), (4, (3, 0.000856012, 0.000180548, 0.001036854))]), (42928, 15, 0.000683309, [(4, (0, 0.000494177, 2.5477e-5, 0.000519832)), (4, (1, 0.00059166, 6.9391e-5, 0.000661238)), (4, (2, 0.000526771, 6.3447e-5, 0.000590568)), (3, (3, 0.00041373, 9.9063e-5, 0.000513131))]), (42944, 14, 0.000814357, [(4, (0, 0.000574644, 1.9311e-5, 0.000594097)), (4, (1, 0.000748172, 3.1227e-5, 0.000779589)), (3, (2, 0.000569304, 2.1638e-5, 0.00059115)), (3, (3, 0.000575396, 7.8569e-5, 0.000654246))]), (42960, 16, 0.00078913, [(4, (0, 0.000497582, 2.3577e-5, 0.00052135)), (4, (1, 0.000550263, 7.2516e-5, 0.000622968)), (4, (2, 0.000686444, 6.1393e-5, 0.000748074)), (4, (3, 0.000659447, 7.7526e-5, 0.000737229))]), (42976, 15, 0.000970908, [(4, (0, 0.000675013, 3.0325e-5, 0.00070557)), (4, (1, 0.000884439, 5.946e-5, 0.000944316)), (4, (2, 0.000879594, 4.5921e-5, 0.00092573)), (3, (3, 0.000508539, 8.4594e-5, 0.000593449))]), (42992, 15, 0.000970159, [(4, (0, 0.000647957, 2.354e-5, 0.00067169)), (4, (1, 0.000612214, 0.000117772, 0.000730307)), (4, (2, 0.000647004, 3.5852e-5, 0.000683087)), (3, (3, 0.000673362, 0.000260204, 0.000933874))]), (43008, 11, 0.000688461, [(3, (0, 0.000398899, 2.0366e-5, 0.000419467)), (3, (1, 0.000441968, 0.000215656, 0.000657949)), (3, (2, 0.000442468, 4.5278e-5, 0.000487921)), (2, (3, 0.000288901, 0.000100519, 0.000389728))]), (43024, 14, 0.000633436, [(4, (0, 0.000529117, 1.45e-5, 0.000543841)), (4, (1, 0.000585998, 2.5984e-5, 0.000612178)), (3, (2, 0.000449571, 0.000123695, 0.000573559)), (3, (3, 0.000427962, 0.000133032, 0.000561309))]), (43040, 11, 0.000793255, [(3, (0, 0.000407311, 1.4468e-5, 0.000421971)), (3, (1, 0.000673315, 5.9309e-5, 0.000732866)), (3, (2, 0.000435246, 9.3195e-5, 0.000528674)), (2, (3, 0.000311799, 0.00017008, 0.000482175))]), (43056, 10, 0.000623247, [(3, (0, 0.00038366, 5.819e-6, 0.000389648)), (3, (1, 0.000413946, 8.4111e-5, 0.000498242)), (2, (2, 0.000318545, 1.3787e-5, 0.000332501)), (2, (3, 0.000490619, 8.2023e-5, 0.000572867))]), (43072, 14, 0.000681783, [(4, (0, 0.000539357, 1.6114e-5, 0.00055564)), (4, (1, 0.000581379, 7.6858e-5, 0.000658453)), (3, (2, 0.000435048, 6.2318e-5, 0.000497648)), (3, (3, 0.000433961, 6.9792e-5, 0.00050394))]), (43088, 12, 0.000490346, [(3, (0, 0.000395641, 7.444e-6, 0.000403243)), (3, (1, 0.000433749, 3.5029e-5, 0.000469011)), (3, (2, 0.000446682, 1.6791e-5, 0.000463675)), (3, (3, 0.000432072, 2.938e-5, 0.000461657))]), (43104, 16, 0.000618457, [(4, (0, 0.000500517, 6.923e-6, 0.000507586)), (4, (1, 0.000559645, 3.2117e-5, 0.000591952)), (4, (2, 0.000598601, 1.764e-5, 0.000616409)), (4, (3, 0.000536705, 3.6285e-5, 0.000573175))]), (43120, 14, 0.000790245, [(4, (0, 0.000578612, 2.4064e-5, 0.000602886)), (4, (1, 0.000696953, 6.6798e-5, 0.000763944)), (3, (2, 0.000467434, 3.6199e-5, 0.00050385)), (3, (3, 0.000397742, 6.6215e-5, 0.000464258))]), (43136, 12, 0.001001906, [(3, (0, 0.000653814, 1.5193e-5, 0.000669192)), (3, (1, 0.000903017, 6.927e-5, 0.000972586)), (3, (2, 0.000526222, 2.6864e-5, 0.000553293)), (3, (3, 0.000619261, 0.000123655, 0.000743628))]), (43152, 16, 0.000896874, [(4, (0, 0.000518476, 2.2149e-5, 0.000540827)), (4, (1, 0.000532552, 0.000131095, 0.000663972)), (4, (2, 0.000713775, 3.3241e-5, 0.00074722)), (4, (3, 0.000664691, 0.000194598, 0.00086026))]), (43168, 15, 0.000908382, [(4, (0, 0.000568154, 3.0897e-5, 0.000599253)), (4, (1, 0.000631171, 6.0668e-5, 0.00069205)), (4, (2, 0.000837008, 4.7448e-5, 0.000884664)), (3, (3, 0.00053386, 0.000108817, 0.000642881))]), (43184, 16, 0.001081471, [(4, (0, 0.000529997, 2.012e-5, 0.000550347)), (4, (1, 0.000936755, 0.000115951, 0.00105332)), (4, (2, 0.000560247, 9.372e-5, 0.000654171)), (4, (3, 0.000550535, 0.000104825, 0.000655582))]), (43200, 16, 0.001045704, [(4, (0, 0.000774279, 3.069e-5, 0.000805365)), (4, (1, 0.000896767, 4.8099e-5, 0.000945126)), (4, (2, 0.000934141, 8.3066e-5, 0.001017623)), (4, (3, 0.000774552, 0.000107345, 0.00088224))]), (43216, 16, 0.000983702, [(4, (0, 0.000695066, 2.8875e-5, 0.000724175)), (4, (1, 0.000839775, 0.000117585, 0.000957668)), (4, (2, 0.000639232, 3.9987e-5, 0.000679371)), (4, (3, 0.000586551, 0.000119593, 0.00070634))]), (43232, 16, 0.000790081, [(4, (0, 0.000538453, 2.5755e-5, 0.000564404)), (4, (1, 0.000674005, 9.1698e-5, 0.000766492)), (4, (2, 0.000514804, 3.6334e-5, 0.000551478)), (4, (3, 0.00060103, 5.4398e-5, 0.000655728))]), (43248, 16, 0.000855775, [(4, (0, 0.000570187, 3.0622e-5, 0.000601017)), (4, (1, 0.000778793, 5.4237e-5, 0.000833272)), (4, (2, 0.000638135, 4.4659e-5, 0.000683074)), (4, (3, 0.000634722, 5.9715e-5, 0.000694614))]), (43264, 16, 0.000783328, [(4, (0, 0.000663987, 2.2983e-5, 0.000687154)), (4, (1, 0.000708777, 5.2883e-5, 0.000761837)), (4, (2, 0.000601883, 3.4857e-5, 0.000636942)), (4, (3, 0.000640201, 4.6959e-5, 0.000687347))]), (43280, 15, 0.001202239, [(4, (0, 0.00070726, 2.6456e-5, 0.000733911)), (4, (1, 0.000530329, 5.6587e-5, 0.000587108)), (4, (2, 0.001096612, 4.3691e-5, 0.001140499)), (3, (3, 0.000735802, 6.7654e-5, 0.000803769))]), (43296, 15, 0.001071372, [(4, (0, 0.000490185, 1.9314e-5, 0.000509659)), (4, (1, 0.000760103, 7.7215e-5, 0.000837582)), (4, (2, 0.001027639, 2.0603e-5, 0.001048427)), (3, (3, 0.00041008, 8.5063e-5, 0.000495346))]), (43312, 16, 0.001006964, [(4, (0, 0.000983617, 2.2315e-5, 0.001006116)), (4, (1, 0.000887357, 6.5883e-5, 0.000953572)), (4, (2, 0.0007641, 3.7281e-5, 0.000801726)), (4, (3, 0.000579511, 6.6108e-5, 0.00064582))]), (43328, 15, 0.000928203, [(4, (0, 0.000537642, 2.2689e-5, 0.000560557)), (4, (1, 0.000704694, 0.000148769, 0.000853718)), (4, (2, 0.000601082, 8.1649e-5, 0.000682918)), (3, (3, 0.00053248, 9.4129e-5, 0.000626793))]), (43344, 15, 0.001033642, [(4, (0, 0.000472398, 1.7099e-5, 0.000489664)), (4, (1, 0.000861682, 0.000102605, 0.000965124)), (4, (2, 0.000765221, 3.9772e-5, 0.000805214)), (3, (3, 0.000592744, 4.8743e-5, 0.00064168))]), (43360, 16, 0.000947388, [(4, (0, 0.000543002, 1.0594e-5, 0.000553733)), (4, (1, 0.000840482, 2.5938e-5, 0.000866689)), (4, (2, 0.000655065, 1.3918e-5, 0.000669143)), (4, (3, 0.000553409, 3.3508e-5, 0.000587118))]), (43376, 16, 0.001015662, [(4, (0, 0.000648124, 2.4878e-5, 0.000673178)), (4, (1, 0.000689464, 3.6884e-5, 0.000726516)), (4, (2, 0.000728896, 0.000156761, 0.000885991)), (4, (3, 0.000803988, 0.000174313, 0.00097884))]), (43392, 15, 0.001168327, [(4, (0, 0.000595511, 1.2817e-5, 0.000608508)), (4, (1, 0.000967903, 3.2061e-5, 0.001000157)), (4, (2, 0.00080587, 2.1843e-5, 0.000827912)), (3, (3, 0.000602983, 3.6855e-5, 0.000640083))]), (43408, 16, 0.000814893, [(4, (0, 0.000681851, 2.5461e-5, 0.000707524)), (4, (1, 0.000723511, 6.6138e-5, 0.000789896)), (4, (2, 0.000740614, 3.7543e-5, 0.000778359)), (4, (3, 0.000558013, 8.8252e-5, 0.000646524))]), (43424, 16, 0.001795277, [(4, (0, 0.000560129, 2.3165e-5, 0.000583512)), (4, (1, 0.000580581, 3.8082e-5, 0.000618904)), (4, (2, 0.001681493, 5.0509e-5, 0.001732855)), (4, (3, 0.000590885, 5.9935e-5, 0.000651121))]), (43440, 16, 0.000842489, [(4, (0, 0.00078088, 2.4896e-5, 0.000805987)), (4, (1, 0.000771981, 4.9457e-5, 0.000821639)), (4, (2, 0.000630738, 3.7158e-5, 0.000668107)), (4, (3, 0.000641193, 7.8547e-5, 0.000720292))]), (43456, 15, 0.000668625, [(4, (0, 0.000562196, 2.4981e-5, 0.00058736)), (4, (1, 0.000600541, 4.7791e-5, 0.000648523)), (4, (2, 0.00054111, 3.7395e-5, 0.000578717)), (3, (3, 0.000432681, 5.7647e-5, 0.000490505))]), (43472, 15, 0.000611796, [(4, (0, 0.000507813, 2.0246e-5, 0.000528258)), (4, (1, 0.000554744, 4.3274e-5, 0.000598201)), (4, (2, 0.000566864, 3.1578e-5, 0.000598637)), (3, (3, 0.000409507, 4.8667e-5, 0.000458374))]), (43488, 14, 0.000848542, [(4, (0, 0.000581475, 2.076e-5, 0.000602432)), (4, (1, 0.000785158, 4.3108e-5, 0.000828465)), (3, (2, 0.000522777, 3.2207e-5, 0.000555175)), (3, (3, 0.000401613, 4.8417e-5, 0.000450213))]), (43504, 15, 0.000714811, [(4, (0, 0.000556419, 1.9977e-5, 0.000576623)), (4, (1, 0.000557714, 4.2474e-5, 0.000600373)), (4, (2, 0.000661993, 3.1846e-5, 0.000694021)), (3, (3, 0.000460579, 4.8602e-5, 0.000509382))]), (43520, 16, 0.00077887, [(4, (0, 0.000520673, 2.4551e-5, 0.000545426)), (4, (1, 0.000695398, 4.6685e-5, 0.000742272)), (4, (2, 0.000644403, 3.5759e-5, 0.000680329)), (4, (3, 0.000688524, 5.4396e-5, 0.000743101))]), (43536, 16, 0.00078366, [(4, (0, 0.000560033, 2.5307e-5, 0.000585543)), (4, (1, 0.000614078, 5.3253e-5, 0.000667514)), (4, (2, 0.000723956, 3.679e-5, 0.000760931)), (4, (3, 0.000700235, 4.8181e-5, 0.000748587))]), (43552, 16, 0.000869334, [(4, (0, 0.000715937, 1.9426e-5, 0.000735559)), (4, (1, 0.000803136, 4.1567e-5, 0.000844899)), (4, (2, 0.000616659, 3.0935e-5, 0.000647794)), (4, (3, 0.000582624, 4.8768e-5, 0.00063158))]), (43568, 16, 0.000720884, [(4, (0, 0.000488091, 1.7199e-5, 0.000505485)), (4, (1, 0.000539833, 0.000102293, 0.00064241)), (4, (2, 0.000583835, 3.1973e-5, 0.000615995)), (4, (3, 0.000522715, 0.000105536, 0.00062848))]), (43584, 15, 0.000790924, [(4, (0, 0.000688284, 2.4783e-5, 0.000713302)), (4, (1, 0.000715134, 5.2968e-5, 0.000768286)), (4, (2, 0.000661634, 3.6758e-5, 0.000698597)), (3, (3, 0.000500437, 4.8295e-5, 0.000549029))]), (43600, 16, 0.000724067, [(4, (0, 0.000570887, 1.6554e-5, 0.000587668)), (4, (1, 0.00056255, 3.8682e-5, 0.000601417)), (4, (2, 0.000674722, 2.7753e-5, 0.000702665)), (4, (3, 0.000650623, 4.3956e-5, 0.00069477))]), (43616, 15, 0.00082647, [(4, (0, 0.000499766, 2.3486e-5, 0.000523456)), (4, (1, 0.000684458, 9.8383e-5, 0.000783155)), (4, (2, 0.000610856, 4.1446e-5, 0.000652593)), (3, (3, 0.000467006, 9.9163e-5, 0.000566377))]), (43632, 13, 0.000622157, [(4, (0, 0.000589309, 2.6441e-5, 0.000615938)), (3, (1, 0.000443348, 9.2199e-5, 0.00053574)), (3, (2, 0.000492658, 3.9512e-5, 0.000532356)), (3, (3, 0.000496245, 0.000100511, 0.00059696))]), (43648, 16, 0.000751118, [(4, (0, 0.000508441, 2.8586e-5, 0.000537195)), (4, (1, 0.000598719, 6.9202e-5, 0.000668131)), (4, (2, 0.000573783, 5.9623e-5, 0.000633723)), (4, (3, 0.000589049, 7.6331e-5, 0.000665597))]), (43664, 14, 0.000796655, [(4, (0, 0.000469163, 2.5387e-5, 0.000494766)), (4, (1, 0.000717442, 5.3683e-5, 0.000771324)), (3, (2, 0.000388741, 3.9281e-5, 0.000428222)), (3, (3, 0.000572963, 7.6041e-5, 0.000649428))]), (43680, 16, 0.000707881, [(4, (0, 0.000561542, 2.6107e-5, 0.000587867)), (4, (1, 0.000623307, 5.8378e-5, 0.00068187)), (4, (2, 0.000470655, 4.0044e-5, 0.00051089)), (4, (3, 0.000512809, 5.2758e-5, 0.000565746))]), (43696, 15, 0.000715488, [(4, (0, 0.000498533, 2.6835e-5, 0.000525723)), (4, (1, 0.000560386, 6.5099e-5, 0.000625687)), (4, (2, 0.000649908, 4.2651e-5, 0.000692762)), (3, (3, 0.000540063, 7.0352e-5, 0.00061071))]), (43712, 16, 0.000765914, [(4, (0, 0.000495655, 3.236e-5, 0.000528206)), (4, (1, 0.000561886, 6.7074e-5, 0.000629162)), (4, (2, 0.000666056, 5.0554e-5, 0.00071682)), (4, (3, 0.000665842, 6.4035e-5, 0.000730057))]), (43728, 14, 0.000795222, [(4, (0, 0.000575058, 3.5351e-5, 0.000610665)), (4, (1, 0.000694904, 7.5008e-5, 0.000770086)), (3, (2, 0.000592089, 6.7074e-5, 0.000659395)), (3, (3, 0.000534911, 8.5144e-5, 0.000620268))]), (43744, 15, 0.000663735, [(4, (0, 0.000541905, 2.1067e-5, 0.000563157)), (4, (1, 0.000539283, 4.3292e-5, 0.000582851)), (4, (2, 0.000544636, 9.6795e-5, 0.000641937)), (3, (3, 0.000410004, 0.000123243, 0.000533537))]), (43760, 16, 0.000913386, [(4, (0, 0.000739237, 2.6391e-5, 0.000765826)), (4, (1, 0.000520346, 7.3902e-5, 0.00059457)), (4, (2, 0.000850396, 4.1577e-5, 0.000892193)), (4, (3, 0.000678624, 5.5956e-5, 0.000734774))]), (43776, 16, 0.000840933, [(4, (0, 0.000530711, 2.0998e-5, 0.000551907)), (4, (1, 0.000726368, 3.293e-5, 0.000759499)), (4, (2, 0.000679448, 4.7576e-5, 0.000727237)), (4, (3, 0.000645572, 0.000148659, 0.000794543))]), (43792, 16, 0.000807638, [(4, (0, 0.000587086, 2.9825e-5, 0.000617126)), (4, (1, 0.000670416, 4.4722e-5, 0.000715328)), (4, (2, 0.000729757, 5.5616e-5, 0.000785579)), (4, (3, 0.000551685, 0.000113719, 0.000665702))]), (43808, 14, 0.000755211, [(4, (0, 0.000524409, 2.1279e-5, 0.000545872)), (4, (1, 0.000685444, 4.7415e-5, 0.000733092)), (3, (2, 0.000403905, 3.3256e-5, 0.000437353)), (3, (3, 0.000474733, 9.8046e-5, 0.000573083))]), (43824, 16, 0.000836787, [(4, (0, 0.000503994, 1.3583e-5, 0.00051772)), (4, (1, 0.000734639, 9.0533e-5, 0.000825366)), (4, (2, 0.00054414, 8.456e-5, 0.000628966)), (4, (3, 0.000681509, 9.9541e-5, 0.000781295))]), (43840, 13, 0.000790781, [(4, (0, 0.000756107, 3.3411e-5, 0.000789728)), (3, (1, 0.000412823, 5.6669e-5, 0.000469713)), (3, (2, 0.000512644, 4.4748e-5, 0.000557591)), (3, (3, 0.000454608, 6.4652e-5, 0.000519519))]), (43856, 16, 0.000946993, [(4, (0, 0.000499151, 8.6596e-5, 0.00058593)), (4, (1, 0.000616463, 0.000194574, 0.00081124)), (4, (2, 0.000552804, 0.000137322, 0.000690294)), (4, (3, 0.000702845, 0.000207922, 0.000910975))]), (43872, 16, 0.000687158, [(4, (0, 0.000533534, 2.2217e-5, 0.000555929)), (4, (1, 0.000616784, 4.7988e-5, 0.00066498)), (4, (2, 0.000606942, 3.7147e-5, 0.000644295)), (4, (3, 0.000558221, 5.2354e-5, 0.00061079))]), (43888, 15, 0.000751118, [(4, (0, 0.000652927, 2.2477e-5, 0.000675606)), (4, (1, 0.000681878, 4.8409e-5, 0.000730487)), (4, (2, 0.000619594, 3.5722e-5, 0.000655493)), (3, (3, 0.000544987, 5.3142e-5, 0.000598324))]), (43904, 16, 0.001055057, [(4, (0, 0.000494054, 2.5957e-5, 0.000520198)), (4, (1, 0.000728429, 6.6788e-5, 0.00079544)), (4, (2, 0.000598943, 3.9298e-5, 0.000638469)), (4, (3, 0.000953112, 6.6367e-5, 0.001019652))]), (43920, 15, 0.000928192, [(4, (0, 0.000484069, 2.4875e-5, 0.000509126)), (4, (1, 0.000551097, 4.825e-5, 0.000599527)), (4, (2, 0.000868674, 3.6851e-5, 0.000905708)), (3, (3, 0.00047895, 5.2899e-5, 0.000532035))]), (43936, 14, 0.000618239, [(4, (0, 0.000494969, 2.3738e-5, 0.000518907)), (4, (1, 0.000547642, 4.6823e-5, 0.000594658)), (3, (2, 0.000387184, 3.5346e-5, 0.000422703)), (3, (3, 0.000434972, 9.9854e-5, 0.000535476))]), (43952, 15, 0.001202029, [(4, (0, 0.001179256, 2.1351e-5, 0.001200806)), (4, (1, 0.000600706, 6.6553e-5, 0.000667563)), (4, (2, 0.000569229, 3.57e-5, 0.000605148)), (3, (3, 0.00043035, 6.7671e-5, 0.000498243))]), (43968, 16, 0.001013371, [(4, (0, 0.000484928, 2.2954e-5, 0.000508088)), (4, (1, 0.000663305, 0.000104386, 0.000767864)), (4, (2, 0.00058505, 4.1447e-5, 0.000626686)), (4, (3, 0.000859236, 0.000108883, 0.000968322))]), (43984, 13, 0.000606588, [(4, (0, 0.000576216, 2.5908e-5, 0.000602324)), (3, (1, 0.000394852, 5.6117e-5, 0.000451141)), (3, (2, 0.00041231, 4.0142e-5, 0.000452653)), (3, (3, 0.000532647, 5.1466e-5, 0.000584305))]), (44000, 16, 0.000886192, [(4, (0, 0.000652779, 2.7439e-5, 0.000680415)), (4, (1, 0.000696053, 5.2695e-5, 0.000748932)), (4, (2, 0.000772627, 3.881e-5, 0.000811623)), (4, (3, 0.000776508, 5.7306e-5, 0.000834006))]), (44016, 16, 0.000953414, [(4, (0, 0.000534039, 1.8589e-5, 0.000552826)), (4, (1, 0.000641896, 3.6898e-5, 0.000679042)), (4, (2, 0.000792887, 0.000130475, 0.00092368)), (4, (3, 0.000704404, 0.000130729, 0.000835332))]), (44032, 16, 0.000995371, [(4, (0, 0.000691233, 2.954e-5, 0.000720954)), (4, (1, 0.000658248, 6.2093e-5, 0.000720738)), (4, (2, 0.000898333, 7.4571e-5, 0.000973149)), (4, (3, 0.000652904, 0.000123803, 0.000776938))]), (44048, 16, 0.001168287, [(4, (0, 0.000545556, 2.1824e-5, 0.000567578)), (4, (1, 0.000501545, 5.1282e-5, 0.000553046)), (4, (2, 0.0006858, 3.9411e-5, 0.000725455)), (4, (3, 0.000920306, 0.000107825, 0.001028379))]), (44064, 16, 0.001316922, [(4, (0, 0.000692671, 2.2157e-5, 0.000715007)), (4, (1, 0.000761207, 4.9913e-5, 0.000811365)), (4, (2, 0.001248324, 3.3725e-5, 0.001282272)), (4, (3, 0.00055333, 4.4824e-5, 0.000598334))]), (44080, 16, 0.001203504, [(4, (0, 0.000980234, 3.1596e-5, 0.001012021)), (4, (1, 0.001017873, 0.00011972, 0.001137844)), (4, (2, 0.001075983, 4.4046e-5, 0.001120214)), (4, (3, 0.000949981, 0.000206327, 0.001157511))]), (44096, 15, 0.000692042, [(4, (0, 0.000665297, 2.5803e-5, 0.000691301)), (4, (1, 0.000610064, 4.963e-5, 0.000659899)), (4, (2, 0.00060436, 3.8669e-5, 0.000643209)), (3, (3, 0.000427584, 6.9454e-5, 0.000497332))]), (44112, 13, 0.000629371, [(4, (0, 0.000604981, 2.352e-5, 0.000628692)), (3, (1, 0.000456664, 4.5975e-5, 0.000502816)), (3, (2, 0.000457726, 3.5113e-5, 0.000493026)), (3, (3, 0.000470197, 6.2053e-5, 0.000532592))]), (44128, 5, 0.000414587, [(2, (0, 0.000343494, 1.6572e-5, 0.00036027)), (1, (1, 0.000331207, 4.5717e-5, 0.000377121)), (1, (2, 0.000110734, 3.2498e-5, 0.000143448)), (1, (3, 0.000229159, 4.9521e-5, 0.000278901))]), (44144, 6, 0.000471762, [(2, (0, 0.000300187, 2.5305e-5, 0.00032579)), (2, (1, 0.000379712, 6.808e-5, 0.000448032)), (1, (2, 0.000133255, 5.2819e-5, 0.000186407)), (1, (3, 0.000226526, 7.5787e-5, 0.000302516))]), (44160, 14, 0.0082406, [(4, (0, 0.008211066, 2.5389e-5, 0.008236658)), (4, (1, 0.000759869, 0.000106326, 0.000866534)), (3, (2, 0.000368463, 7.8176e-5, 0.000446955)), (3, (3, 0.000609639, 8.6222e-5, 0.000696049))]), (44176, 13, 0.000853886, [(4, (0, 0.000651682, 5.3325e-5, 0.000705265)), (3, (1, 0.000492848, 0.000195558, 0.000688725)), (3, (2, 0.000710504, 0.00011296, 0.000823774)), (3, (3, 0.000558901, 0.000133037, 0.000692302))]), (44192, 16, 0.000902506, [(4, (0, 0.000683706, 3.0522e-5, 0.000714465)), (4, (1, 0.000583736, 0.000107427, 0.000691461)), (4, (2, 0.000567901, 4.7525e-5, 0.000615643)), (4, (3, 0.000605262, 0.000179654, 0.000785217))]), (44208, 14, 0.000928201, [(4, (0, 0.000600015, 4.2999e-5, 0.000643313)), (4, (1, 0.000837047, 6.6894e-5, 0.000904149)), (3, (2, 0.000584439, 5.4983e-5, 0.000639633)), (3, (3, 0.000498173, 0.000112711, 0.000611128))]), (44224, 16, 0.000751821, [(4, (0, 0.00072664, 2.4261e-5, 0.000751097)), (4, (1, 0.000602113, 5.5519e-5, 0.000657936)), (4, (2, 0.000697818, 3.9103e-5, 0.000737115)), (4, (3, 0.000597308, 0.000104571, 0.000702141))]), (44240, 16, 0.00079928, [(4, (0, 0.000575244, 2.0079e-5, 0.000595514)), (4, (1, 0.000558494, 4.3726e-5, 0.000602427)), (4, (2, 0.000634727, 3.2015e-5, 0.00066691)), (4, (3, 0.000706174, 4.9255e-5, 0.000755697))]), (44256, 15, 0.000781835, [(4, (0, 0.000526826, 2.6756e-5, 0.000553774)), (4, (1, 0.00070851, 4.9611e-5, 0.000758298)), (4, (2, 0.000691379, 3.9314e-5, 0.000730929)), (3, (3, 0.000548815, 5.5351e-5, 0.000604383))]), (44272, 15, 0.000870115, [(4, (0, 0.00061272, 2.1947e-5, 0.000634852)), (4, (1, 0.000801047, 4.7334e-5, 0.000848565)), (4, (2, 0.000753642, 3.3166e-5, 0.000786986)), (3, (3, 0.000428052, 5.2098e-5, 0.000480372))]), (44288, 16, 0.000718828, [(4, (0, 0.00069953, 1.8367e-5, 0.000718097)), (4, (1, 0.000601727, 4.4108e-5, 0.000646029)), (4, (2, 0.000563408, 2.9742e-5, 0.000593329)), (4, (3, 0.000561294, 8.3709e-5, 0.000645733))]), (44304, 15, 0.000839772, [(4, (0, 0.000756914, 2.6245e-5, 0.000783359)), (4, (1, 0.000763074, 5.4683e-5, 0.000817957)), (4, (2, 0.000581568, 4.1051e-5, 0.000622821)), (3, (3, 0.000535596, 0.00011399, 0.000649892))]), (44320, 15, 0.000910713, [(4, (0, 0.000542266, 2.405e-5, 0.000566513)), (4, (1, 0.000640307, 4.9791e-5, 0.000690289)), (4, (2, 0.000849749, 3.766e-5, 0.000887608)), (3, (3, 0.000504376, 8.0559e-5, 0.00058546))]), (44336, 15, 0.000929634, [(4, (0, 0.000520266, 2.2807e-5, 0.000543263)), (4, (1, 0.000626329, 4.6897e-5, 0.000673429)), (4, (2, 0.000875257, 3.3613e-5, 0.000909062)), (3, (3, 0.000636945, 8.3114e-5, 0.000720684))]), (44352, 16, 0.00092572, [(4, (0, 0.000533542, 1.9168e-5, 0.000552909)), (4, (1, 0.000817139, 4.1517e-5, 0.00085886)), (4, (2, 0.00075624, 3.0797e-5, 0.000787214)), (4, (3, 0.000597578, 4.914e-5, 0.000646915))]), (44368, 15, 0.000756905, [(4, (0, 0.000606315, 2.29e-5, 0.000629406)), (4, (1, 0.000686953, 4.5614e-5, 0.000732728)), (4, (2, 0.000556091, 3.4254e-5, 0.000590524)), (3, (3, 0.000468059, 5.0916e-5, 0.000519159))]), (44384, 14, 0.001064112, [(4, (0, 0.000940133, 2.6316e-5, 0.000966754)), (4, (1, 0.000937291, 9.1324e-5, 0.001029633)), (3, (2, 0.000722801, 3.7847e-5, 0.000760824)), (3, (3, 0.000987903, 5.0012e-5, 0.001038114))]), (44400, 15, 0.000944709, [(4, (0, 0.000556039, 2.355e-5, 0.000579792)), (4, (1, 0.00087202, 5.1411e-5, 0.000923616)), (4, (2, 0.000790236, 3.8162e-5, 0.000828595)), (3, (3, 0.000446473, 5.9904e-5, 0.000506659))]), (44416, 14, 0.000821654, [(4, (0, 0.000796654, 2.4159e-5, 0.000821009)), (4, (1, 0.000620227, 0.000118748, 0.000739288)), (3, (2, 0.00049763, 3.7837e-5, 0.000535689)), (3, (3, 0.000466535, 0.000119295, 0.000586054))]), (44432, 15, 0.000865186, [(4, (0, 0.000838107, 2.621e-5, 0.000864503)), (4, (1, 0.00071894, 9.2021e-5, 0.000811162)), (4, (2, 0.000795002, 3.7273e-5, 0.000832536)), (3, (3, 0.00045564, 0.000130082, 0.000586371))]), (44448, 15, 0.000706366, [(4, (0, 0.00051235, 2.0565e-5, 0.000533102)), (4, (1, 0.00059744, 8.6849e-5, 0.000685003)), (4, (2, 0.000486396, 3.3192e-5, 0.000519772)), (3, (3, 0.000558275, 4.6886e-5, 0.000605337))]), (44464, 15, 0.000883776, [(4, (0, 0.00085955, 2.3201e-5, 0.000882948)), (4, (1, 0.000629636, 4.61e-5, 0.000675925)), (4, (2, 0.00074316, 3.4621e-5, 0.000777963)), (3, (3, 0.000477972, 5.1279e-5, 0.000529455))]), (44480, 13, 0.000832065, [(4, (0, 0.000631092, 2.7668e-5, 0.000658942)), (3, (1, 0.00064058, 5.3295e-5, 0.000694054)), (3, (2, 0.000660619, 3.9132e-5, 0.000699926)), (3, (3, 0.000703786, 9.4167e-5, 0.000798666))]), (44496, 16, 0.001285229, [(4, (0, 0.001061944, 2.4762e-5, 0.001086891)), (4, (1, 0.000958073, 4.7658e-5, 0.001005932)), (4, (2, 0.001180697, 3.6384e-5, 0.001217258)), (4, (3, 0.001194338, 5.3724e-5, 0.001248246))]), (44512, 15, 0.000870224, [(4, (0, 0.000536502, 2.3202e-5, 0.000559913)), (4, (1, 0.000765338, 4.6121e-5, 0.000811641)), (4, (2, 0.000784793, 3.4867e-5, 0.000819876)), (3, (3, 0.000445934, 5.1626e-5, 0.000498247))]), (44528, 9, 0.000506101, [(3, (0, 0.000478111, 2.6949e-5, 0.000505315)), (2, (1, 0.000364499, 5.4692e-5, 0.000419395)), (2, (2, 0.000327823, 3.9677e-5, 0.000367703)), (2, (3, 0.000367227, 5.9145e-5, 0.000426683))]), (44544, 14, 0.000787779, [(4, (0, 0.0005609, 3.3866e-5, 0.000594977)), (4, (1, 0.000697947, 6.1599e-5, 0.000759744)), (3, (2, 0.000445323, 4.6771e-5, 0.000492305)), (3, (3, 0.000479997, 6.9526e-5, 0.000549716))]), (44560, 16, 0.000957665, [(4, (0, 0.000521507, 2.8151e-5, 0.000549877)), (4, (1, 0.000829775, 0.000101962, 0.000932584)), (4, (2, 0.000576642, 4.4871e-5, 0.00062171)), (4, (3, 0.000673704, 5.7961e-5, 0.000731855))]), (44576, 16, 0.000849861, [(4, (0, 0.000503041, 2.7924e-5, 0.000531223)), (4, (1, 0.000775559, 5.0794e-5, 0.000826568)), (4, (2, 0.000562487, 4.0713e-5, 0.000603369)), (4, (3, 0.000542239, 5.6651e-5, 0.000599094))]), (44592, 16, 0.000661762, [(4, (0, 0.000433457, 2.1553e-5, 0.000455212)), (4, (1, 0.000472779, 4.6282e-5, 0.000519248)), (4, (2, 0.000479676, 3.3311e-5, 0.000513167)), (4, (3, 0.000554042, 6.879e-5, 0.000623258))]), (44608, 14, 0.000608699, [(4, (0, 0.000526933, 2.1439e-5, 0.000548564)), (4, (1, 0.000536443, 5.0612e-5, 0.000587265)), (3, (2, 0.000417209, 3.8129e-5, 0.00045556)), (3, (3, 0.000433076, 9.5878e-5, 0.000529157))]), (44624, 16, 0.000680533, [(4, (0, 0.000523404, 1.9155e-5, 0.000542759)), (4, (1, 0.000585577, 4.4346e-5, 0.000630099)), (4, (2, 0.000559988, 3.2483e-5, 0.000592654)), (4, (3, 0.000595496, 5.1277e-5, 0.000646963))]), (44640, 14, 0.001224074, [(4, (0, 0.000736767, 3.0566e-5, 0.000767531)), (4, (1, 0.001090015, 5.581e-5, 0.001146005)), (3, (2, 0.000499962, 4.1891e-5, 0.000542042)), (3, (3, 0.000712994, 6.0032e-5, 0.000773198))]), (44656, 16, 0.001070189, [(4, (0, 0.000841341, 2.8641e-5, 0.000870222)), (4, (1, 0.000917608, 5.0812e-5, 0.000968661)), (4, (2, 0.000980164, 6.2951e-5, 0.001043431)), (4, (3, 0.000650658, 6.8507e-5, 0.000719393))]), (44672, 15, 0.001216318, [(4, (0, 0.000985143, 2.5737e-5, 0.001011148)), (4, (1, 0.001052687, 0.000133292, 0.0011863)), (4, (2, 0.000675113, 6.1807e-5, 0.000737127)), (3, (3, 0.000497324, 0.000131103, 0.00062877))]), (44688, 15, 0.001103753, [(4, (0, 0.000773492, 2.8156e-5, 0.000801863)), (4, (1, 0.00095068, 0.00012538, 0.001076341)), (4, (2, 0.000627432, 9.4365e-5, 0.000722147)), (3, (3, 0.00074033, 0.000105122, 0.00084569))]), (44704, 15, 0.000848717, [(4, (0, 0.000818766, 2.9001e-5, 0.000847961)), (4, (1, 0.000745389, 8.2063e-5, 0.000827736)), (4, (2, 0.000739024, 7.033e-5, 0.000809665)), (3, (3, 0.000493974, 9.8335e-5, 0.000592521))]), (44720, 16, 0.000688613, [(4, (0, 0.000509522, 2.1465e-5, 0.0005312)), (4, (1, 0.000552016, 5.6828e-5, 0.000609144)), (4, (2, 0.000555111, 3.5456e-5, 0.000590756)), (4, (3, 0.000560041, 9.3973e-5, 0.000654819))]), (44736, 16, 0.000794924, [(4, (0, 0.000475748, 1.9047e-5, 0.000494988)), (4, (1, 0.000523949, 4.9123e-5, 0.000573263)), (4, (2, 0.000522042, 3.0621e-5, 0.000552831)), (4, (3, 0.000717055, 4.535e-5, 0.000762624))]), (44752, 16, 0.000704875, [(4, (0, 0.00053328, 2.5114e-5, 0.000558603)), (4, (1, 0.000636635, 4.7061e-5, 0.000683897)), (4, (2, 0.000614783, 3.63e-5, 0.000651262)), (4, (3, 0.000597335, 5.2468e-5, 0.000649989))]), (44768, 16, 0.000708997, [(4, (0, 0.000575719, 1.4913e-5, 0.000590822)), (4, (1, 0.000644521, 4.3556e-5, 0.000688264)), (4, (2, 0.000657667, 2.6741e-5, 0.00068458)), (4, (3, 0.000633041, 3.8216e-5, 0.00067144))]), (44784, 15, 0.000760084, [(4, (0, 0.000622418, 1.4953e-5, 0.000637566)), (4, (1, 0.000702502, 3.7585e-5, 0.000740268)), (4, (2, 0.000661054, 2.6067e-5, 0.000687295)), (3, (3, 0.000411965, 4.2762e-5, 0.000454914))]), (44800, 16, 0.000836627, [(4, (0, 0.000754817, 1.8793e-5, 0.000773796)), (4, (1, 0.000776726, 4.9052e-5, 0.000825967)), (4, (2, 0.000723508, 3.0176e-5, 0.000753857)), (4, (3, 0.000757198, 4.5582e-5, 0.000803059))]), (44816, 15, 0.000634914, [(4, (0, 0.000523846, 1.9806e-5, 0.000543831)), (4, (1, 0.000568586, 4.4766e-5, 0.000613578)), (4, (2, 0.000602088, 3.0503e-5, 0.00063276)), (3, (3, 0.000420952, 4.9034e-5, 0.000470175))]), (44832, 15, 0.00070785, [(4, (0, 0.000617947, 1.9531e-5, 0.000637678)), (4, (1, 0.000509264, 4.29e-5, 0.000552357)), (4, (2, 0.00065605, 3.0865e-5, 0.000687088)), (3, (3, 0.000462376, 4.7791e-5, 0.000510399))]), (44848, 15, 0.000733917, [(4, (0, 0.000466338, 1.5655e-5, 0.000482152)), (4, (1, 0.00064828, 5.891e-5, 0.00070756)), (4, (2, 0.000565179, 3.8714e-5, 0.000604088)), (3, (3, 0.000600333, 6.534e-5, 0.000665992))]), (44864, 16, 0.000720357, [(4, (0, 0.00050841, 2.2038e-5, 0.000530645)), (4, (1, 0.000637433, 3.624e-5, 0.000673854)), (4, (2, 0.000514051, 4.8176e-5, 0.000562425)), (4, (3, 0.000614064, 5.5029e-5, 0.000669327))]), (44880, 16, 0.000598, [(4, (0, 0.000447195, 1.7963e-5, 0.000465396)), (4, (1, 0.00055351, 3.3889e-5, 0.000587583)), (4, (2, 0.000492952, 4.5497e-5, 0.000538651)), (4, (3, 0.000510319, 5.1522e-5, 0.000562048))]), (44896, 15, 0.00090175, [(4, (0, 0.000637919, 1.8327e-5, 0.000656456)), (4, (1, 0.000830368, 4.6799e-5, 0.00087736)), (4, (2, 0.000710824, 3.2583e-5, 0.000743603)), (3, (3, 0.000546213, 7.7011e-5, 0.000623893))]), (44912, 16, 0.000803296, [(4, (0, 0.000680522, 2.1504e-5, 0.000702225)), (4, (1, 0.000671627, 9.2488e-5, 0.000764313)), (4, (2, 0.000613896, 3.6792e-5, 0.000650986)), (4, (3, 0.000616218, 0.000139968, 0.000756437))]), (44928, 15, 0.000742445, [(4, (0, 0.000676013, 2.2053e-5, 0.000698283)), (4, (1, 0.000634349, 3.57e-5, 0.000670235)), (4, (2, 0.000664422, 4.848e-5, 0.000713108)), (3, (3, 0.00064381, 5.5637e-5, 0.000699651))]), (44944, 16, 0.000737987, [(4, (0, 0.000565433, 1.6408e-5, 0.000582042)), (4, (1, 0.00058354, 8.9526e-5, 0.000673318)), (4, (2, 0.000592118, 3.2128e-5, 0.000624443)), (4, (3, 0.000654042, 4.5742e-5, 0.000700042))]), (44960, 16, 0.000795593, [(4, (0, 0.000576527, 3.2557e-5, 0.000609274)), (4, (1, 0.000709238, 7.4979e-5, 0.000784478)), (4, (2, 0.000657242, 4.9079e-5, 0.000706527)), (4, (3, 0.000668054, 7.9501e-5, 0.000747753))]), (44976, 16, 0.000844388, [(4, (0, 0.000582798, 2.0155e-5, 0.000603124)), (4, (1, 0.000772142, 5.0865e-5, 0.000823201)), (4, (2, 0.000562625, 3.6487e-5, 0.000599333)), (4, (3, 0.000608691, 5.7244e-5, 0.000666188))]), (44992, 16, 0.000632648, [(4, (0, 0.000455666, 1.8135e-5, 0.000473983)), (4, (1, 0.000498341, 4.1428e-5, 0.000539951)), (4, (2, 0.000503363, 2.9918e-5, 0.000533466)), (4, (3, 0.000544611, 5.3196e-5, 0.000598007))]), (45008, 16, 0.000744341, [(4, (0, 0.000645456, 2.3489e-5, 0.00066911)), (4, (1, 0.000671424, 5.1311e-5, 0.000723127)), (4, (2, 0.000623827, 3.5372e-5, 0.000659408)), (4, (3, 0.000562675, 4.6266e-5, 0.00060912))]), (45024, 10, 0.000498098, [(3, (0, 0.000375328, 2.196e-5, 0.000397487)), (3, (1, 0.000430767, 4.4595e-5, 0.000475539)), (2, (2, 0.000258785, 3.3669e-5, 0.000292644)), (2, (3, 0.00025922, 5.0076e-5, 0.000309468))]), (45040, 15, 0.000909278, [(4, (0, 0.000599002, 3.501e-5, 0.000634204)), (4, (1, 0.000572534, 8.5835e-5, 0.000658579)), (4, (2, 0.000830865, 5.5468e-5, 0.000886548)), (3, (3, 0.000511894, 7.7449e-5, 0.000589548))]), (45056, 13, 0.0006763, [(4, (0, 0.000645893, 2.9335e-5, 0.000675416)), (3, (1, 0.000435926, 4.4306e-5, 0.000480416)), (3, (2, 0.000404065, 7.0434e-5, 0.000474788)), (3, (3, 0.000432288, 7.5325e-5, 0.000507943))]), (45072, 16, 0.000770807, [(4, (0, 0.000506727, 2.4529e-5, 0.000531466)), (4, (1, 0.00064988, 9.6847e-5, 0.00074751)), (4, (2, 0.00058024, 3.8191e-5, 0.00061861)), (4, (3, 0.000560303, 5.0479e-5, 0.00061099))]), (45088, 16, 0.000695565, [(4, (0, 0.000515101, 2.3805e-5, 0.000539105)), (4, (1, 0.000589982, 4.8001e-5, 0.000638179)), (4, (2, 0.000638031, 3.6842e-5, 0.000675058)), (4, (3, 0.000543395, 5.3461e-5, 0.000597051))]), (45104, 16, 0.00066845, [(4, (0, 0.000463295, 1.7366e-5, 0.000480861)), (4, (1, 0.000526035, 3.9902e-5, 0.000566112)), (4, (2, 0.000481074, 2.9075e-5, 0.000510334)), (4, (3, 0.000582692, 4.7769e-5, 0.000630662))]), (45120, 14, 0.000658219, [(4, (0, 0.000455168, 2.1555e-5, 0.000476922)), (4, (1, 0.000501109, 0.000116028, 0.000617437)), (3, (2, 0.000369202, 4.6066e-5, 0.00041552)), (3, (3, 0.000362934, 0.00011716, 0.000480258))]), (45136, 0, 2.4939e-5, [(0, (0, 1.47e-7, 2.2875e-5, 2.3239e-5)), (0, (1, 7.2e-8, 2.3701e-5, 2.3892e-5)), (0, (2, 4.8e-8, 2.4183e-5, 2.4335e-5)), (0, (3, 4.8e-8, 2.4433e-5, 2.4573e-5))]), (45152, 14, 0.000771621, [(4, (0, 0.000651289, 3.0489e-5, 0.000681966)), (4, (1, 0.000703055, 4.5318e-5, 0.000748587)), (3, (2, 0.000546861, 5.8193e-5, 0.000605246)), (3, (3, 0.000533064, 8.3171e-5, 0.000616543))]), (45168, 16, 0.001032553, [(4, (0, 0.000651677, 2.4094e-5, 0.000675973)), (4, (1, 0.000720377, 0.000115091, 0.000835801)), (4, (2, 0.000815088, 3.8212e-5, 0.000853511)), (4, (3, 0.000825267, 0.00015046, 0.000976304))]), (45184, 16, 0.001057425, [(4, (0, 0.000663594, 2.3718e-5, 0.000687501)), (4, (1, 0.000949177, 3.5608e-5, 0.000984995)), (4, (2, 0.0006861, 4.7286e-5, 0.000733562)), (4, (3, 0.000652469, 5.2887e-5, 0.000705646))]), (45200, 16, 0.001040758, [(4, (0, 0.000667579, 1.258e-5, 0.000680335)), (4, (1, 0.00069117, 4.6208e-5, 0.000737597)), (4, (2, 0.000696125, 3.2666e-5, 0.000729004)), (4, (3, 0.000904392, 0.000104347, 0.001009021))]), (45216, 16, 0.00091077, [(4, (0, 0.000689483, 2.9208e-5, 0.000718896)), (4, (1, 0.00075069, 6.3698e-5, 0.000814568)), (4, (2, 0.00068749, 4.2402e-5, 0.00073008)), (4, (3, 0.000806328, 6.9835e-5, 0.000876385))]), (45232, 16, 0.000859163, [(4, (0, 0.000573493, 1.3141e-5, 0.000586799)), (4, (1, 0.000560145, 0.00018133, 0.00074178)), (4, (2, 0.000632609, 4.3877e-5, 0.000676752)), (4, (3, 0.000772784, 4.9996e-5, 0.000822941))]), (45248, 3, 0.000208874, [(1, (0, 0.000189369, 1.8718e-5, 0.000208274)), (1, (1, 0.000136427, 4.4559e-5, 0.000181168)), (1, (2, 0.000154035, 3.2872e-5, 0.000187101)), (0, (3, 1.34e-7, 5.1336e-5, 5.1721e-5))]), (45264, 9, 0.000608728, [(3, (0, 0.000582702, 2.5167e-5, 0.000608063)), (2, (1, 0.000299557, 4.8788e-5, 0.000348532)), (2, (2, 0.000553799, 3.6743e-5, 0.000590741)), (2, (3, 0.000467095, 7.0314e-5, 0.000537908))]), (45280, 12, 0.000659783, [(3, (0, 0.000594029, 2.1197e-5, 0.000615426)), (3, (1, 0.000551088, 8.4598e-5, 0.000635869)), (3, (2, 0.000507724, 3.5141e-5, 0.000543044)), (3, (3, 0.000399969, 9.0063e-5, 0.000490258))]), (45296, 0, 2.2111e-5, [(0, (0, 1.03e-7, 2.037e-5, 2.0664e-5)), (0, (1, 7.5e-8, 2.0974e-5, 2.114e-5)), (0, (2, 4.8e-8, 2.1381e-5, 2.1521e-5)), (0, (3, 4.8e-8, 2.1623e-5, 2.1761e-5))]), (45312, 16, 0.000763881, [(4, (0, 0.000559829, 1.9908e-5, 0.000579938)), (4, (1, 0.000643806, 6.1518e-5, 0.000705531)), (4, (2, 0.000620413, 4.677e-5, 0.000667389)), (4, (3, 0.000609501, 0.000120439, 0.000730166))]), (45328, 15, 0.0008622, [(4, (0, 0.000619895, 2.3301e-5, 0.000643406)), (4, (1, 0.000790683, 4.6208e-5, 0.000837085)), (4, (2, 0.000728461, 3.5496e-5, 0.000764149)), (3, (3, 0.000494621, 9.2223e-5, 0.000587435))]), (45344, 15, 0.000881113, [(4, (0, 0.00052598, 2.7591e-5, 0.00055378)), (4, (1, 0.000688374, 0.000166464, 0.000855179)), (4, (2, 0.000584813, 4.093e-5, 0.00062591)), (3, (3, 0.000507994, 0.00021493, 0.000723596))]), (45360, 11, 0.000858204, [(3, (0, 0.000414756, 2.6021e-5, 0.000440961)), (3, (1, 0.000785055, 3.1842e-5, 0.000817096)), (3, (2, 0.000594073, 5.3469e-5, 0.00064772)), (2, (3, 0.000419128, 0.000108174, 0.000527507))]), (45376, 16, 0.000964827, [(4, (0, 0.000631477, 3.3724e-5, 0.0006655)), (4, (1, 0.000696108, 0.000143884, 0.000840438)), (4, (2, 0.000615202, 9.4081e-5, 0.000709786)), (4, (3, 0.000701014, 0.000206364, 0.000908271))]), (45392, 16, 0.000773707, [(4, (0, 0.000524343, 2.2507e-5, 0.000547079)), (4, (1, 0.000617968, 0.000131256, 0.00074952)), (4, (2, 0.000554176, 3.7813e-5, 0.000592194)), (4, (3, 0.000553672, 0.000131987, 0.000685891))]), (45408, 15, 0.000775709, [(4, (0, 0.000531616, 1.2988e-5, 0.000544778)), (4, (1, 0.000572227, 0.000179385, 0.000751813)), (4, (2, 0.000541553, 6.3064e-5, 0.000604927)), (3, (3, 0.000452252, 0.000193642, 0.000646128))]), (45424, 15, 0.000784929, [(4, (0, 0.000639921, 2.1077e-5, 0.00066117)), (4, (1, 0.000712804, 4.9633e-5, 0.000762675)), (4, (2, 0.000630094, 3.4418e-5, 0.000664716)), (3, (3, 0.00045548, 5.691e-5, 0.000512641))]), (45440, 16, 0.00077957, [(4, (0, 0.00064334, 1.5682e-5, 0.000659205)), (4, (1, 0.000717203, 4.1217e-5, 0.00075861)), (4, (2, 0.000608703, 2.7318e-5, 0.000636205)), (4, (3, 0.000539461, 8.2451e-5, 0.000622787))]), (45456, 0, 8.3089e-5, [(0, (0, 1.12e-7, 2.2034e-5, 2.2341e-5)), (0, (1, 7e-8, 2.2665e-5, 2.2838e-5)), (0, (2, 1.08e-7, 5.6649e-5, 5.7053e-5)), (0, (3, 5.1e-8, 5.7593e-5, 5.7752e-5))]), (45472, 2, 0.000282527, [(1, (0, 0.000262843, 1.8967e-5, 0.000282007)), (1, (1, 0.000117283, 3.3513e-5, 0.000150893)), (0, (2, 1.11e-7, 3.2276e-5, 3.2606e-5)), (0, (3, 5.1e-8, 3.2954e-5, 3.3127e-5))]), (45488, 4, 0.000398647, [(1, (0, 0.000223549, 1.7658e-5, 0.000241395)), (1, (1, 0.000273115, 9.8979e-5, 0.000372426)), (1, (2, 0.000127722, 3.4631e-5, 0.000162601)), (1, (3, 0.000124042, 9.9885e-5, 0.00022416))]), (45504, 0, 6.13e-6, [(0, (0, 9e-8, 4.669e-6, 4.918e-6)), (0, (1, 7.7e-8, 5.167e-6, 5.334e-6)), (0, (2, 4.8e-8, 5.519e-6, 5.659e-6)), (0, (3, 4.7e-8, 5.764e-6, 5.904e-6))]), (45520, 5, 0.000341788, [(2, (0, 0.000327652, 1.3504e-5, 0.000341249)), (1, (1, 0.000139104, 0.000114955, 0.000254333)), (1, (2, 0.000124046, 6.002e-5, 0.000184269)), (1, (3, 0.00013111, 6.3919e-5, 0.000195245))]), (45536, 5, 0.000345074, [(2, (0, 0.000328207, 1.6165e-5, 0.000344562)), (1, (1, 0.00013945, 4.6386e-5, 0.000186022)), (1, (2, 0.000136811, 2.8816e-5, 0.000165839)), (1, (3, 0.000140413, 4.1671e-5, 0.000182275))]), (45552, 16, 0.000929449, [(4, (0, 0.000637552, 2.0399e-5, 0.00065814)), (4, (1, 0.000576444, 5.0484e-5, 0.000627112)), (4, (2, 0.00087051, 3.3658e-5, 0.000904341)), (4, (3, 0.000545131, 4.6145e-5, 0.000591454))]), (45568, 16, 0.000644257, [(4, (0, 0.000490878, 6.756e-6, 0.00049782)), (4, (1, 0.000536316, 8.2281e-5, 0.000618811)), (4, (2, 0.000525039, 2.364e-5, 0.000548852)), (4, (3, 0.000495442, 3.999e-5, 0.000535625))]), (45584, 16, 0.000932276, [(4, (0, 0.000576578, 1.6473e-5, 0.000593244)), (4, (1, 0.000613562, 4.2172e-5, 0.000655901)), (4, (2, 0.000832285, 3.0016e-5, 0.000862498)), (4, (3, 0.000850427, 4.7067e-5, 0.000897814))]), (45600, 16, 0.000921886, [(4, (0, 0.000892628, 1.5057e-5, 0.000907879)), (4, (1, 0.000673482, 0.000170232, 0.000844044)), (4, (2, 0.000885908, 2.7728e-5, 0.000913814)), (4, (3, 0.00072129, 0.000191083, 0.000912902))]), (45616, 15, 0.000942502, [(4, (0, 0.000588726, 1.5461e-5, 0.000604381)), (4, (1, 0.000808596, 0.000112854, 0.000921658)), (4, (2, 0.000653554, 2.6363e-5, 0.000680108)), (3, (3, 0.000509475, 0.000119176, 0.000628847))]), (45632, 8, 0.000426523, [(2, (0, 0.000315887, 2.7172e-5, 0.000343245)), (2, (1, 0.000278592, 5.2411e-5, 0.000331166)), (2, (2, 0.000309463, 3.8453e-5, 0.000348121)), (2, (3, 0.000282158, 9.6854e-5, 0.000379217))]), (45648, 11, 0.000774644, [(3, (0, 0.000479329, 2.6968e-5, 0.000506545)), (3, (1, 0.000552144, 0.000192872, 0.000745369)), (3, (2, 0.000556563, 4.0294e-5, 0.000597057)), (2, (3, 0.000345891, 0.000215045, 0.00056114))]), (45664, 15, 0.000690348, [(4, (0, 0.000594345, 2.2017e-5, 0.000616559)), (4, (1, 0.000605228, 4.546e-5, 0.000650874)), (4, (2, 0.000638882, 3.3138e-5, 0.000672235)), (3, (3, 0.000490541, 0.000100918, 0.000593036))]), (45680, 12, 0.000541837, [(3, (0, 0.000350627, 2.6982e-5, 0.000377854)), (3, (1, 0.000388644, 6.3904e-5, 0.000452803)), (3, (2, 0.000390575, 3.827e-5, 0.000429036)), (3, (3, 0.000428797, 6.7761e-5, 0.000496784))]), (45696, 16, 0.000769734, [(4, (0, 0.000496291, 2.8609e-5, 0.000525104)), (4, (1, 0.000654799, 9.4355e-5, 0.000749337)), (4, (2, 0.000545499, 4.2309e-5, 0.000588001)), (4, (3, 0.000546976, 0.000101555, 0.000648778))]), (45712, 16, 0.00104598, [(4, (0, 0.000680329, 2.5308e-5, 0.000705845)), (4, (1, 0.000964472, 5.3254e-5, 0.001017904)), (4, (2, 0.000549107, 3.6633e-5, 0.00058591)), (4, (3, 0.000687768, 4.7867e-5, 0.000735807))]), (45728, 15, 0.001222217, [(4, (0, 0.000624736, 2.2626e-5, 0.000647551)), (4, (1, 0.000577242, 3.4209e-5, 0.000611651)), (4, (2, 0.001136071, 4.5301e-5, 0.001181578)), (3, (3, 0.000505842, 5.1306e-5, 0.00055731))]), (45744, 16, 0.001246412, [(4, (0, 0.000800945, 2.8551e-5, 0.0008297)), (4, (1, 0.000614705, 8.12e-5, 0.000696227)), (4, (2, 0.00111378, 4.3288e-5, 0.001157354)), (4, (3, 0.000596672, 0.000105428, 0.000702417))]), (45760, 15, 0.000891254, [(4, (0, 0.000869743, 2.0491e-5, 0.000890504)), (4, (1, 0.00054175, 6.6904e-5, 0.000608849)), (4, (2, 0.000606683, 3.8704e-5, 0.000645589)), (3, (3, 0.000489414, 5.193e-5, 0.000541559))]), (45776, 16, 0.000902478, [(4, (0, 0.000658794, 3.0269e-5, 0.000689291)), (4, (1, 0.000779697, 9.7118e-5, 0.00087699)), (4, (2, 0.00077469, 4.6616e-5, 0.000821505)), (4, (3, 0.000622997, 0.000140146, 0.000763995))]), (45792, 16, 0.000879277, [(4, (0, 0.000637523, 2.6361e-5, 0.000664078)), (4, (1, 0.000683651, 5.5624e-5, 0.000739479)), (4, (2, 0.000785354, 4.1646e-5, 0.000827208)), (4, (3, 0.000770907, 6.9703e-5, 0.000840926))]), (45808, 16, 0.000837985, [(4, (0, 0.000680768, 1.5365e-5, 0.000696297)), (4, (1, 0.000569656, 2.5688e-5, 0.000595526)), (4, (2, 0.000796614, 1.8537e-5, 0.000815376)), (4, (3, 0.000539662, 3.3081e-5, 0.000572976))]), (45824, 16, 0.000773247, [(4, (0, 0.000748888, 2.3495e-5, 0.000772593)), (4, (1, 0.000707326, 5.9386e-5, 0.000766925)), (4, (2, 0.000673462, 3.4855e-5, 0.000708507)), (4, (3, 0.000549771, 4.6361e-5, 0.000596318))]), (45840, 16, 0.00083841, [(4, (0, 0.000622811, 2.8015e-5, 0.000651046)), (4, (1, 0.000568662, 5.6706e-5, 0.000625566)), (4, (2, 0.00077576, 4.0048e-5, 0.000815986)), (4, (3, 0.00058601, 5.1304e-5, 0.000637501))]), (45856, 16, 0.001153328, [(4, (0, 0.00078816, 2.2478e-5, 0.000810837)), (4, (1, 0.000690529, 5.6265e-5, 0.000746964)), (4, (2, 0.000671173, 3.4272e-5, 0.000705631)), (4, (3, 0.001032014, 5.1222e-5, 0.001083517))]), (45872, 13, 0.000592152, [(4, (0, 0.000564169, 2.7031e-5, 0.000591409)), (3, (1, 0.000405243, 0.000120371, 0.00052593)), (3, (2, 0.000397293, 4.1506e-5, 0.000438986)), (3, (3, 0.000355767, 0.00012117, 0.000477155))]), (45888, 15, 0.000749384, [(4, (0, 0.000531586, 1.7145e-5, 0.00054894)), (4, (1, 0.000588093, 0.000117068, 0.000705421)), (4, (2, 0.00063095, 3.1503e-5, 0.000662656)), (3, (3, 0.000427789, 0.000106416, 0.000534515))]), (45904, 15, 0.000973299, [(4, (0, 0.00075477, 2.709e-5, 0.000782084)), (4, (1, 0.000898942, 5.1417e-5, 0.000950557)), (4, (2, 0.000811413, 4.0394e-5, 0.000852017)), (3, (3, 0.000427711, 5.729e-5, 0.000485191))]), (45920, 15, 0.001564947, [(4, (0, 0.001528012, 3.5753e-5, 0.001564014)), (4, (1, 0.00064876, 6.1618e-5, 0.000710569)), (4, (2, 0.000654848, 4.7601e-5, 0.000702653)), (3, (3, 0.000522376, 0.000103442, 0.00062672))]), (45936, 16, 0.001169835, [(4, (0, 0.000537884, 1.7028e-5, 0.000555126)), (4, (1, 0.000503785, 6.4344e-5, 0.000568386)), (4, (2, 0.001069758, 3.7003e-5, 0.001106958)), (4, (3, 0.000657556, 0.000110094, 0.000767925))]), (45952, 16, 0.001074167, [(4, (0, 0.000623785, 9.805e-6, 0.000633807)), (4, (1, 0.000571724, 4.2226e-5, 0.000614157)), (4, (2, 0.001018134, 2.9557e-5, 0.001047875)), (4, (3, 0.000541956, 5.1722e-5, 0.000593901))]), (45968, 16, 0.001144868, [(4, (0, 0.000499374, 1.5365e-5, 0.000514882)), (4, (1, 0.001064438, 5.0358e-5, 0.001115031)), (4, (2, 0.000592759, 4.8439e-5, 0.000641961)), (4, (3, 0.000661856, 5.9575e-5, 0.000721845))]), (45984, 16, 0.001031767, [(4, (0, 0.000547014, 2.2349e-5, 0.000569553)), (4, (1, 0.000866133, 4.9656e-5, 0.000915964)), (4, (2, 0.00058158, 3.7181e-5, 0.000618975)), (4, (3, 0.000856586, 0.000112523, 0.000969447))]), (46000, 15, 0.000847613, [(4, (0, 0.000460787, 2.1913e-5, 0.000482903)), (4, (1, 0.000752312, 3.4765e-5, 0.000787292)), (4, (2, 0.000694798, 4.7912e-5, 0.000742919)), (3, (3, 0.00054038, 0.00014968, 0.000690356))]), (46016, 16, 0.000921132, [(4, (0, 0.000584561, 1.2351e-5, 0.000597109)), (4, (1, 0.000588604, 5.0036e-5, 0.000638848)), (4, (2, 0.000690613, 3.9957e-5, 0.000730771)), (4, (3, 0.000828508, 5.4789e-5, 0.000883503))]), (46032, 16, 0.00059282, [(4, (0, 0.000485881, 1.7988e-5, 0.000504075)), (4, (1, 0.000522663, 4.8404e-5, 0.000571254)), (4, (2, 0.000495307, 3.2125e-5, 0.000527622)), (4, (3, 0.000492384, 4.4793e-5, 0.000537358))]), (46048, 14, 0.008887126, [(4, (0, 0.000383917, 2.0077e-5, 0.000404193)), (4, (1, 0.008769711, 4.3373e-5, 0.008813504)), (3, (2, 0.000325912, 3.198e-5, 0.000358085)), (3, (3, 0.000312493, 4.7664e-5, 0.000360336))]), (46064, 16, 0.000676583, [(4, (0, 0.000573793, 3.7638e-5, 0.000611658)), (4, (1, 0.000521482, 0.000127452, 0.000649231)), (4, (2, 0.000521543, 5.3676e-5, 0.000575477)), (4, (3, 0.000510656, 6.7871e-5, 0.000578771))]), (46080, 16, 0.000686325, [(4, (0, 0.00062848, 2.4173e-5, 0.000652912)), (4, (1, 0.000604094, 4.699e-5, 0.00065129)), (4, (2, 0.000566221, 3.5367e-5, 0.00060179)), (4, (3, 0.0005972, 5.2494e-5, 0.000649911))]), (46096, 16, 0.000713322, [(4, (0, 0.000491072, 2.9809e-5, 0.000521096)), (4, (1, 0.000510748, 5.2861e-5, 0.00056377)), (4, (2, 0.000539705, 4.1663e-5, 0.000581558)), (4, (3, 0.000622439, 5.7803e-5, 0.000680537))]), (46112, 16, 0.000635382, [(4, (0, 0.000612719, 1.921e-5, 0.000632138)), (4, (1, 0.000532757, 4.136e-5, 0.000574307)), (4, (2, 0.000532478, 3.0381e-5, 0.000563077)), (4, (3, 0.00056877, 4.6064e-5, 0.00061503))]), (46128, 15, 0.000737217, [(4, (0, 0.000708589, 2.7722e-5, 0.000736573)), (4, (1, 0.000527159, 5.3092e-5, 0.000580428)), (4, (2, 0.000574543, 3.8948e-5, 0.000613664)), (3, (3, 0.000544369, 5.8444e-5, 0.000603015))]), (46144, 16, 0.000792877, [(4, (0, 0.000492057, 2.6228e-5, 0.000518491)), (4, (1, 0.000561451, 5.3178e-5, 0.000614803)), (4, (2, 0.000715722, 4.2929e-5, 0.000758885)), (4, (3, 0.000543293, 5.7968e-5, 0.000601476))]), (46160, 10, 0.000602834, [(3, (0, 0.000576005, 2.6022e-5, 0.000602229)), (3, (1, 0.000405125, 7.9144e-5, 0.000484591)), (2, (2, 0.000304508, 3.814e-5, 0.00034281)), (2, (3, 0.000321362, 8.4024e-5, 0.000405581))]), (46176, 12, 0.000622816, [(3, (0, 0.000388975, 2.6627e-5, 0.000415814)), (3, (1, 0.000533415, 5.9955e-5, 0.000593561)), (3, (2, 0.000489322, 4.1296e-5, 0.000530817)), (3, (3, 0.000417971, 5.3155e-5, 0.000471312))]), (46192, 14, 0.000729776, [(4, (0, 0.000699032, 2.9832e-5, 0.000729064)), (4, (1, 0.000520779, 5.7723e-5, 0.000578671)), (3, (2, 0.000396164, 4.3304e-5, 0.000439647)), (3, (3, 0.00049358, 5.3128e-5, 0.000546888))]), (46208, 10, 0.000520923, [(3, (0, 0.00036729, 2.1217e-5, 0.000388715)), (3, (1, 0.000427735, 5.5637e-5, 0.000483608)), (2, (2, 0.000288945, 4.4343e-5, 0.000333664)), (2, (3, 0.000262641, 0.000202026, 0.00046496))]), (46224, 16, 0.000795732, [(4, (0, 0.00062982, 3.1229e-5, 0.00066135)), (4, (1, 0.000568669, 0.000112442, 0.000681398)), (4, (2, 0.000576816, 0.000103742, 0.000680761)), (4, (3, 0.000631477, 0.00011836, 0.000750028))]), (46240, 11, 0.00080081, [(3, (0, 0.000759253, 4.0607e-5, 0.000800093)), (3, (1, 0.000423326, 7.0858e-5, 0.000494433)), (3, (2, 0.000415935, 5.6681e-5, 0.000472812)), (2, (3, 0.000298986, 7.4755e-5, 0.000373962))]), (46256, 11, 0.000547316, [(3, (0, 0.000458303, 2.1111e-5, 0.000479631)), (3, (1, 0.000472896, 4.9367e-5, 0.000522505)), (3, (2, 0.000411159, 3.7203e-5, 0.000448572)), (2, (3, 0.000294313, 0.000109029, 0.000403686))]), (46272, 16, 0.000811548, [(4, (0, 0.000784691, 2.5922e-5, 0.00081081)), (4, (1, 0.000559704, 5.1113e-5, 0.000610998)), (4, (2, 0.000666778, 4.0465e-5, 0.000707514)), (4, (3, 0.000525055, 8.4333e-5, 0.000609711))]), (46288, 10, 0.000505053, [(3, (0, 0.000441644, 1.9512e-5, 0.000461368)), (3, (1, 0.000423589, 5.4425e-5, 0.000478227)), (2, (2, 0.000261987, 3.3621e-5, 0.000295811)), (2, (3, 0.000343318, 9.8272e-5, 0.000442346))]), (46304, 15, 0.000912668, [(4, (0, 0.000591103, 2.5499e-5, 0.000616781)), (4, (1, 0.000832502, 5.5504e-5, 0.000888294)), (4, (2, 0.000540182, 3.869e-5, 0.000579071)), (3, (3, 0.000423765, 5.0681e-5, 0.000474656))]), (46320, 11, 0.000598294, [(3, (0, 0.000568521, 2.834e-5, 0.000597074)), (3, (1, 0.000391958, 5.1629e-5, 0.000443779)), (3, (2, 0.000402782, 4.0692e-5, 0.000443676)), (2, (3, 0.00036789, 5.7824e-5, 0.000425925))]), (46336, 11, 0.000476657, [(3, (0, 0.000384103, 2.5379e-5, 0.000409694)), (3, (1, 0.000391256, 5.7074e-5, 0.000448511)), (3, (2, 0.000388362, 3.8352e-5, 0.000426889)), (2, (3, 0.000266377, 5.1027e-5, 0.000317669))]), (46352, 16, 0.000877353, [(4, (0, 0.000667456, 3.0664e-5, 0.000698346)), (4, (1, 0.000731448, 5.5777e-5, 0.0007874)), (4, (2, 0.000807831, 4.4102e-5, 0.000852122)), (4, (3, 0.000602908, 6.1955e-5, 0.000665074))]), (46368, 16, 0.000922157, [(4, (0, 0.00064854, 3.0288e-5, 0.000679045)), (4, (1, 0.000680659, 7.0622e-5, 0.000751522)), (4, (2, 0.000837058, 5.599e-5, 0.000893256)), (4, (3, 0.000541483, 8.4989e-5, 0.00062681))]), (46384, 11, 0.000623591, [(3, (0, 0.00059657, 2.6088e-5, 0.000622842)), (3, (1, 0.000502162, 5.3858e-5, 0.000556278)), (3, (2, 0.000467134, 4.2433e-5, 0.00050977)), (2, (3, 0.000301157, 6.0317e-5, 0.000361753))]), (46400, 14, 0.001162569, [(4, (0, 0.000592943, 3.2203e-5, 0.000625354)), (4, (1, 0.001074683, 6.2736e-5, 0.001137625)), (3, (2, 0.000721074, 5.8026e-5, 0.000779469)), (3, (3, 0.000441751, 7.6144e-5, 0.000518092))]), (46416, 16, 0.000860471, [(4, (0, 0.000536537, 2.4434e-5, 0.00056119)), (4, (1, 0.00051822, 5.4537e-5, 0.000572958)), (4, (2, 0.000528172, 3.8903e-5, 0.000567283)), (4, (3, 0.000724754, 9.2523e-5, 0.000817933))]), (46432, 16, 0.000889547, [(4, (0, 0.000809734, 2.721e-5, 0.000837185)), (4, (1, 0.000618204, 5.2989e-5, 0.000671381)), (4, (2, 0.000590549, 4.1374e-5, 0.000632127)), (4, (3, 0.000792927, 5.9882e-5, 0.000853015))]), (46448, 15, 0.001146859, [(4, (0, 0.000656105, 1.9789e-5, 0.000676098)), (4, (1, 0.000632068, 4.6186e-5, 0.000678447)), (4, (2, 0.000802567, 3.3319e-5, 0.000836057)), (3, (3, 0.001018879, 5.262e-5, 0.001071695))]), (46464, 15, 0.000840013, [(4, (0, 0.000601261, 2.2626e-5, 0.000624096)), (4, (1, 0.000773126, 4.4991e-5, 0.000818273)), (4, (2, 0.000683842, 3.4026e-5, 0.000718053)), (3, (3, 0.000472675, 5.308e-5, 0.000525933))]), (46480, 16, 0.00095821, [(4, (0, 0.000475861, 2.2678e-5, 0.000498738)), (4, (1, 0.000888691, 4.8418e-5, 0.000937312)), (4, (2, 0.000832716, 3.4366e-5, 0.000867291)), (4, (3, 0.00075553, 8.7999e-5, 0.00084425))]), (46496, 15, 0.000722808, [(4, (0, 0.000608871, 3.0281e-5, 0.000639357)), (4, (1, 0.00063668, 5.9219e-5, 0.00069608)), (4, (2, 0.000673539, 4.1844e-5, 0.000715569)), (3, (3, 0.000388114, 5.3419e-5, 0.000441695))]), (46512, 16, 0.000883003, [(4, (0, 0.000511558, 2.8054e-5, 0.000539867)), (4, (1, 0.00056383, 6.7804e-5, 0.000631815)), (4, (2, 0.000725759, 4.3037e-5, 0.00076901)), (4, (3, 0.000772012, 6.3503e-5, 0.000835715))]), (46528, 16, 0.000776111, [(4, (0, 0.000508534, 2.7089e-5, 0.000535891)), (4, (1, 0.000580839, 5.4956e-5, 0.000636031)), (4, (2, 0.00053715, 4.1089e-5, 0.00057844)), (4, (3, 0.000657005, 5.7865e-5, 0.000715066))]), (46544, 12, 0.000804799, [(3, (0, 0.000604314, 2.939e-5, 0.00063395)), (3, (1, 0.000466168, 5.3645e-5, 0.000520006)), (3, (2, 0.000390415, 4.1808e-5, 0.000432438)), (3, (3, 0.00065032, 7.0193e-5, 0.000720735))]), (46560, 14, 0.000804955, [(4, (0, 0.000574277, 2.4207e-5, 0.000598696)), (4, (1, 0.000666836, 0.0001055, 0.000772635)), (3, (2, 0.000565682, 3.6509e-5, 0.000602407)), (3, (3, 0.000533118, 4.8113e-5, 0.000581425))]), (46576, 15, 0.000722799, [(4, (0, 0.000523745, 2.2717e-5, 0.000546661)), (4, (1, 0.000654741, 4.6318e-5, 0.000701235)), (4, (2, 0.000587709, 3.4612e-5, 0.000622527)), (3, (3, 0.00046605, 0.000100827, 0.000567104))]), (46592, 11, 0.000801019, [(3, (0, 0.000781457, 1.8484e-5, 0.000800144)), (3, (1, 0.000404659, 4.767e-5, 0.000452522)), (3, (2, 0.0004549, 3.3033e-5, 0.00048813)), (2, (3, 0.000387156, 8.8874e-5, 0.000476894))]), (46608, 15, 0.000876291, [(4, (0, 0.000497638, 2.1074e-5, 0.000518906)), (4, (1, 0.000691411, 0.000122144, 0.000813731)), (4, (2, 0.000803185, 7.186e-5, 0.000875229)), (3, (3, 0.000417345, 0.000160774, 0.000578861))]), (46624, 11, 0.000940571, [(3, (0, 0.000568107, 2.3518e-5, 0.000591821)), (3, (1, 0.000764846, 4.6627e-5, 0.000811669)), (3, (2, 0.000883917, 3.5756e-5, 0.000919868)), (2, (3, 0.000492115, 5.2442e-5, 0.000544748))]), (46640, 16, 0.000591894, [(4, (0, 0.000497953, 1.5675e-5, 0.000513821)), (4, (1, 0.000536884, 3.828e-5, 0.000575343)), (4, (2, 0.000563185, 2.7465e-5, 0.000590834)), (4, (3, 0.000537481, 4.6436e-5, 0.000584109))]), (46656, 14, 0.000804073, [(4, (0, 0.000514115, 1.6959e-5, 0.000531278)), (4, (1, 0.00074412, 3.9435e-5, 0.00078373)), (3, (2, 0.000453427, 2.89e-5, 0.000482506)), (3, (3, 0.000623132, 4.4851e-5, 0.000668167))]), (46672, 16, 0.000861948, [(4, (0, 0.000576211, 1.8641e-5, 0.000595063)), (4, (1, 0.000740832, 9.5035e-5, 0.000836191)), (4, (2, 0.000488948, 3.0723e-5, 0.000519866)), (4, (3, 0.0007206, 9.7151e-5, 0.000817934))]), (46688, 11, 0.000922902, [(3, (0, 0.000532628, 1.7828e-5, 0.000550683)), (3, (1, 0.000611347, 3.4942e-5, 0.00064648)), (3, (2, 0.000874316, 1.9616e-5, 0.000894126)), (2, (3, 0.000473334, 3.1032e-5, 0.000504681))]), (46704, 12, 0.000723944, [(3, (0, 0.000629101, 2.5371e-5, 0.000654694)), (3, (1, 0.000436491, 9.9724e-5, 0.00053651)), (3, (2, 0.000638884, 4.0386e-5, 0.00067944)), (3, (3, 0.000424659, 0.00013894, 0.000564066))]), (46720, 16, 0.000908287, [(4, (0, 0.000637115, 2.9724e-5, 0.000667081)), (4, (1, 0.000687582, 5.8838e-5, 0.00074661)), (4, (2, 0.000642288, 4.2342e-5, 0.00068484)), (4, (3, 0.000818455, 5.3449e-5, 0.000872088))]), (46736, 16, 0.000660413, [(4, (0, 0.00045985, 2.485e-5, 0.000484897)), (4, (1, 0.000505231, 4.8365e-5, 0.000553754)), (4, (2, 0.000495581, 3.641e-5, 0.0005322)), (4, (3, 0.000515554, 5.313e-5, 0.000568861))]), (46752, 13, 0.000645957, [(4, (0, 0.000609889, 2.6204e-5, 0.000636286)), (3, (1, 0.000512251, 7.3343e-5, 0.000585887)), (3, (2, 0.000593372, 4.3529e-5, 0.000637131)), (3, (3, 0.000468176, 7.576e-5, 0.00054435))]), (46768, 8, 0.000492461, [(2, (0, 0.000279136, 2.6072e-5, 0.00030541)), (2, (1, 0.00040791, 6.2074e-5, 0.000470185)), (2, (2, 0.000345838, 4.1285e-5, 0.000387322)), (2, (3, 0.000281845, 5.4777e-5, 0.000336845))]), (46784, 13, 0.000909561, [(4, (0, 0.000487723, 3.2423e-5, 0.000520347)), (3, (1, 0.000716801, 8.4826e-5, 0.000801815)), (3, (2, 0.000543469, 4.8189e-5, 0.000591842)), (3, (3, 0.000688482, 0.000128421, 0.000817106))]), (46800, 15, 0.001237677, [(4, (0, 0.001208377, 2.8145e-5, 0.001236739)), (4, (1, 0.000844196, 5.3758e-5, 0.000898139)), (4, (2, 0.00076499, 4.1071e-5, 0.000806264)), (3, (3, 0.00066602, 6.0305e-5, 0.000726525))]), (46816, 14, 0.00074347, [(4, (0, 0.000678494, 2.2507e-5, 0.000701225)), (4, (1, 0.000573964, 0.000143798, 0.000718061)), (3, (2, 0.000675329, 4.1548e-5, 0.000717087)), (3, (3, 0.000453772, 9.165e-5, 0.000545623))]), (46832, 16, 0.001451597, [(4, (0, 0.001171508, 2.6238e-5, 0.001197948)), (4, (1, 0.001275825, 5.2623e-5, 0.001328624)), (4, (2, 0.001286087, 3.9071e-5, 0.001325365)), (4, (3, 0.001346444, 5.7719e-5, 0.00140449))]), (46848, 16, 0.001216532, [(4, (0, 0.001189904, 2.5579e-5, 0.00121568)), (4, (1, 0.000771963, 4.8713e-5, 0.000820863)), (4, (2, 0.000819153, 3.8385e-5, 0.000857755)), (4, (3, 0.000790805, 5.459e-5, 0.000845625))]), (46864, 14, 0.000995022, [(4, (0, 0.000922412, 2.3708e-5, 0.000946321)), (4, (1, 0.000803554, 5.1317e-5, 0.000855053)), (3, (2, 0.000653047, 3.8067e-5, 0.0006913)), (3, (3, 0.000868418, 8.9543e-5, 0.000958717))]), (46880, 15, 0.000907611, [(4, (0, 0.000774051, 1.926e-5, 0.000793502)), (4, (1, 0.000843228, 4.2274e-5, 0.000885777)), (4, (2, 0.000828927, 3.1524e-5, 0.000860629)), (3, (3, 0.000445445, 4.7991e-5, 0.000493647))]), (46896, 15, 0.000958748, [(4, (0, 0.000728069, 2.6598e-5, 0.000754852)), (4, (1, 0.00077586, 0.000158087, 0.000934269)), (4, (2, 0.00055548, 3.9308e-5, 0.000594952)), (3, (3, 0.000685221, 0.000203036, 0.000888459))]), (46912, 16, 0.001382503, [(4, (0, 0.000897217, 2.5457e-5, 0.000922866)), (4, (1, 0.001073445, 4.9432e-5, 0.001123076)), (4, (2, 0.001323983, 3.726e-5, 0.001361415)), (4, (3, 0.001211663, 9.3879e-5, 0.00130622))]), (46928, 11, 0.000626957, [(3, (0, 0.000601567, 2.4507e-5, 0.000626278)), (3, (1, 0.000434658, 4.7483e-5, 0.000482308)), (3, (2, 0.000473499, 3.632e-5, 0.000509994)), (2, (3, 0.000427488, 5.6558e-5, 0.000484215))]), (46944, 15, 0.001326817, [(4, (0, 0.000770312, 2.2115e-5, 0.000792656)), (4, (1, 0.001254007, 4.49e-5, 0.001299105)), (4, (2, 0.001179608, 3.3561e-5, 0.001213368)), (3, (3, 0.000437352, 5.0728e-5, 0.000488296))]), (46960, 14, 0.001012461, [(4, (0, 0.000582346, 2.6412e-5, 0.000608955)), (4, (1, 0.000898171, 5.3041e-5, 0.000951394)), (3, (2, 0.00040627, 4.1109e-5, 0.000447564)), (3, (3, 0.000547266, 5.7247e-5, 0.000604686))]), (46976, 15, 0.000840676, [(4, (0, 0.000557153, 2.7965e-5, 0.000585319)), (4, (1, 0.000641116, 9.7042e-5, 0.000738437)), (4, (2, 0.000775278, 4.3368e-5, 0.000818855)), (3, (3, 0.000435342, 5.6042e-5, 0.000491576))]), (46992, 15, 0.000691517, [(4, (0, 0.000564984, 2.1503e-5, 0.000586676)), (4, (1, 0.000622975, 4.5431e-5, 0.000668596)), (4, (2, 0.000611554, 3.3318e-5, 0.00064503)), (3, (3, 0.000446217, 5.3593e-5, 0.000499985))]), (47008, 16, 0.000872045, [(4, (0, 0.000595461, 2.0266e-5, 0.000615932)), (4, (1, 0.000651608, 4.4812e-5, 0.000696606)), (4, (2, 0.000663903, 3.287e-5, 0.000696945)), (4, (3, 0.000776916, 5.1173e-5, 0.000828283))]), (47024, 16, 0.001193792, [(4, (0, 0.001021307, 3.3626e-5, 0.001055147)), (4, (1, 0.001026182, 6.0332e-5, 0.001086696)), (4, (2, 0.001068838, 4.7302e-5, 0.001116325)), (4, (3, 0.001079874, 6.4834e-5, 0.001144918))]), (47040, 13, 0.000630834, [(4, (0, 0.000601734, 2.8032e-5, 0.000629983)), (3, (1, 0.000535261, 6.6389e-5, 0.000601849)), (3, (2, 0.000526216, 4.2436e-5, 0.000568842)), (3, (3, 0.000453592, 7.0963e-5, 0.000524767))]), (47056, 11, 0.000765983, [(3, (0, 0.000724985, 3.9901e-5, 0.000765091)), (3, (1, 0.000649859, 7.838e-5, 0.000728433)), (3, (2, 0.000658158, 6.1084e-5, 0.000719473)), (2, (3, 0.000450713, 0.000117164, 0.000568401))]), (47072, 14, 0.000839821, [(4, (0, 0.000553378, 2.7108e-5, 0.000580693)), (4, (1, 0.00074514, 6.5883e-5, 0.000811233)), (3, (2, 0.000514467, 4.9136e-5, 0.000563866)), (3, (3, 0.000439948, 5.6926e-5, 0.00049705))]), (47088, 16, 0.000731932, [(4, (0, 0.000663969, 2.8956e-5, 0.000693139)), (4, (1, 0.000667371, 4.2372e-5, 0.000709936)), (4, (2, 0.00067646, 5.222e-5, 0.000728855)), (4, (3, 0.000580245, 5.6916e-5, 0.000637349))]), (47104, 14, 0.000714729, [(4, (0, 0.000626756, 2.7772e-5, 0.000654731)), (4, (1, 0.000641731, 5.1723e-5, 0.000693656)), (3, (2, 0.000431987, 4.0354e-5, 0.000472523)), (3, (3, 0.000505957, 5.6622e-5, 0.000562761))]), (47120, 16, 0.000962765, [(4, (0, 0.000733549, 2.3102e-5, 0.000756851)), (4, (1, 0.000835773, 4.6978e-5, 0.000882922)), (4, (2, 0.000897123, 3.5361e-5, 0.000932798)), (4, (3, 0.000843129, 5.222e-5, 0.000895565))]), (47136, 15, 0.000900956, [(4, (0, 0.000620353, 2.4439e-5, 0.000644998)), (4, (1, 0.000630905, 5.5269e-5, 0.000686353)), (4, (2, 0.00064428, 4.2834e-5, 0.00068739)), (3, (3, 0.000797166, 5.8487e-5, 0.000855987))]), (47152, 16, 0.000589885, [(4, (0, 0.000446391, 2.2662e-5, 0.000469277)), (4, (1, 0.000517133, 6.1423e-5, 0.000578864)), (4, (2, 0.000478989, 3.6471e-5, 0.000515675)), (4, (3, 0.000493715, 4.872e-5, 0.000542634))]), (47168, 13, 0.000463826, [(4, (0, 0.0004434, 1.9352e-5, 0.000462958)), (3, (1, 0.0003723, 2.6868e-5, 0.00039936)), (3, (2, 0.000356269, 5.2383e-5, 0.000408858)), (3, (3, 0.000356188, 6.025e-5, 0.000416671))]), (47184, 16, 0.000771374, [(4, (0, 0.000580096, 2.7733e-5, 0.000608004)), (4, (1, 0.000631137, 0.000101539, 0.000732889)), (4, (2, 0.000669551, 4.2384e-5, 0.000712147)), (4, (3, 0.000560182, 0.000104769, 0.000665149))]), (47200, 15, 0.000813507, [(4, (0, 0.000639779, 2.7495e-5, 0.00066749)), (4, (1, 0.000593744, 0.000121072, 0.000715136)), (4, (2, 0.000743611, 4.1929e-5, 0.000785731)), (3, (3, 0.000442224, 5.6669e-5, 0.000499095))]), (47216, 16, 0.000761238, [(4, (0, 0.000577059, 1.9858e-5, 0.000597126)), (4, (1, 0.000578538, 6.4434e-5, 0.000643284)), (4, (2, 0.00060603, 3.5823e-5, 0.000642096)), (4, (3, 0.000610472, 0.00011929, 0.000730063))]), (47232, 15, 0.000725888, [(4, (0, 0.000559666, 1.2069e-5, 0.0005719)), (4, (1, 0.000652462, 5.1524e-5, 0.000704321)), (4, (2, 0.000638551, 3.876e-5, 0.000677569)), (3, (3, 0.000476924, 5.7258e-5, 0.000534394))]), (47248, 15, 0.000723192, [(4, (0, 0.000624186, 2.1398e-5, 0.00064578)), (4, (1, 0.000653156, 4.861e-5, 0.000701949)), (4, (2, 0.000610216, 3.4247e-5, 0.000644696)), (3, (3, 0.000424238, 5.5229e-5, 0.000479661))]), (47264, 16, 0.000695716, [(4, (0, 0.000528057, 1.4567e-5, 0.000542811)), (4, (1, 0.000599745, 8.1403e-5, 0.000681899)), (4, (2, 0.000559613, 2.649e-5, 0.000586295)), (4, (3, 0.000602967, 4.13e-5, 0.000644467))]), (47280, 16, 0.000739158, [(4, (0, 0.000555806, 2.1468e-5, 0.000577503)), (4, (1, 0.000590693, 7.109e-5, 0.000661971)), (4, (2, 0.000672351, 3.384e-5, 0.000706399)), (4, (3, 0.000571362, 5.3453e-5, 0.000625024))]), (47296, 15, 0.000910623, [(4, (0, 0.000663922, 9.9803e-5, 0.000764104)), (4, (1, 0.00072793, 0.000142843, 0.000871517)), (4, (2, 0.000602999, 0.000119185, 0.000722443)), (3, (3, 0.000438293, 0.000131819, 0.000570363))]), (47312, 16, 0.000741039, [(4, (0, 0.000583577, 1.9177e-5, 0.000603057)), (4, (1, 0.000583456, 3.4136e-5, 0.00061787)), (4, (2, 0.000651051, 5.6945e-5, 0.000708366)), (4, (3, 0.000551809, 0.000113222, 0.000665249))]), (47328, 15, 0.00065997, [(4, (0, 0.000534554, 2.23e-5, 0.000557063)), (4, (1, 0.000587431, 4.9367e-5, 0.000637008)), (4, (2, 0.000582073, 3.671e-5, 0.000618995)), (3, (3, 0.000425638, 9.3402e-5, 0.000519309))]), (47344, 16, 0.000843383, [(4, (0, 0.000555126, 2.7837e-5, 0.000583161)), (4, (1, 0.000573487, 5.1952e-5, 0.000625752)), (4, (2, 0.000592834, 3.9705e-5, 0.00063273)), (4, (3, 0.000695772, 0.000109982, 0.000806067))]), (47360, 16, 0.000783716, [(4, (0, 0.000582898, 1.7623e-5, 0.000600728)), (4, (1, 0.000607673, 4.1054e-5, 0.000648978)), (4, (2, 0.000610436, 2.9667e-5, 0.000640274)), (4, (3, 0.000634003, 0.000108645, 0.000742949))]), (47376, 15, 0.000804902, [(4, (0, 0.000539984, 3.4963e-5, 0.000575148)), (4, (1, 0.000712298, 6.5874e-5, 0.000778396)), (4, (2, 0.000644783, 5.3185e-5, 0.000698152)), (3, (3, 0.000466891, 0.000130503, 0.000597717))]), (47392, 16, 0.000815654, [(4, (0, 0.000642689, 2.5345e-5, 0.000668254)), (4, (1, 0.000650373, 0.000149925, 0.000800564)), (4, (2, 0.000563498, 6.483e-5, 0.000628552)), (4, (3, 0.000593231, 0.000138129, 0.000731561))]), (47408, 16, 0.000776516, [(4, (0, 0.000572795, 1.8384e-5, 0.000591417)), (4, (1, 0.000640321, 0.00010848, 0.000749051)), (4, (2, 0.00059507, 3.2729e-5, 0.000627998)), (4, (3, 0.000624013, 4.5136e-5, 0.000669355))]), (47424, 16, 0.000763549, [(4, (0, 0.000548923, 2.355e-5, 0.000572673)), (4, (1, 0.000602559, 5.1548e-5, 0.000654291)), (4, (2, 0.000619953, 3.9114e-5, 0.000659307)), (4, (3, 0.000644808, 8.1798e-5, 0.000726819))]), (47440, 16, 0.000769151, [(4, (0, 0.000540617, 1.4182e-5, 0.000554983)), (4, (1, 0.000592106, 2.5691e-5, 0.000618003)), (4, (2, 0.000628165, 3.8625e-5, 0.000666995)), (4, (3, 0.000621789, 9.8479e-5, 0.000720557))]), (47456, 16, 0.000771155, [(4, (0, 0.000583668, 2.3192e-5, 0.000607095)), (4, (1, 0.000666884, 3.7309e-5, 0.000704412)), (4, (2, 0.000690872, 5.7744e-5, 0.000748845)), (4, (3, 0.000680013, 7.2784e-5, 0.000753106))]), (47472, 16, 0.000780317, [(4, (0, 0.000636146, 1.5971e-5, 0.000652321)), (4, (1, 0.000683384, 4.8763e-5, 0.000732502)), (4, (2, 0.000726544, 3.1339e-5, 0.000758102)), (4, (3, 0.000662642, 9.1015e-5, 0.000753853))]), (47488, 16, 0.000747255, [(4, (0, 0.000519666, 1.9238e-5, 0.000539106)), (4, (1, 0.000513077, 0.00015139, 0.000664776)), (4, (2, 0.000515435, 3.3139e-5, 0.000548786)), (4, (3, 0.000516029, 0.000192622, 0.000708995))]), (47504, 16, 0.000811241, [(4, (0, 0.000532564, 1.7301e-5, 0.000550031)), (4, (1, 0.000612458, 4.3459e-5, 0.000656145)), (4, (2, 0.000662465, 2.8909e-5, 0.000691718)), (4, (3, 0.000733026, 3.7832e-5, 0.000771058))]), (47520, 16, 0.000832342, [(4, (0, 0.000563349, 2.0684e-5, 0.000584273)), (4, (1, 0.000648695, 6.2911e-5, 0.000711809)), (4, (2, 0.000662228, 3.5505e-5, 0.00069814)), (4, (3, 0.000729027, 6.4104e-5, 0.000793363))]), (47536, 16, 0.000578034, [(4, (0, 0.000445683, 1.6749e-5, 0.000462643)), (4, (1, 0.000505468, 5.0188e-5, 0.000555903)), (4, (2, 0.000482625, 4.208e-5, 0.000525009)), (4, (3, 0.000486568, 4.2295e-5, 0.000529061))]), (47552, 16, 0.00074304, [(4, (0, 0.000512327, 6.037e-6, 0.000518522)), (4, (1, 0.00066803, 3.4931e-5, 0.000703183)), (4, (2, 0.000657112, 1.5177e-5, 0.000672489)), (4, (3, 0.000678061, 2.8421e-5, 0.000706681))]), (47568, 16, 0.001256651, [(4, (0, 0.000642578, 2.362e-5, 0.000666402)), (4, (1, 0.000633623, 0.000122865, 0.000756708)), (4, (2, 0.000699283, 3.7563e-5, 0.000737031)), (4, (3, 0.000974509, 0.000122637, 0.00109746))]), (47584, 16, 0.000897005, [(4, (0, 0.00052193, 2.6431e-5, 0.0005486)), (4, (1, 0.000801018, 7.1141e-5, 0.000872376)), (4, (2, 0.000568526, 5.9949e-5, 0.000628691)), (4, (3, 0.00060608, 7.7157e-5, 0.000683552))]), (47600, 14, 0.000674009, [(4, (0, 0.00059007, 2.3525e-5, 0.0006138)), (4, (1, 0.000596141, 5.3531e-5, 0.000649993)), (3, (2, 0.000486393, 3.7422e-5, 0.000524108)), (3, (3, 0.000528385, 5.5755e-5, 0.000584387))]), (47616, 16, 0.001089042, [(4, (0, 0.000857061, 1.7307e-5, 0.000874684)), (4, (1, 0.000779228, 3.7582e-5, 0.000817022)), (4, (2, 0.000975932, 6.4396e-5, 0.001040896)), (4, (3, 0.000783924, 7.5397e-5, 0.000859707))]), (47632, 15, 0.000721602, [(4, (0, 0.000695251, 2.526e-5, 0.00072071)), (4, (1, 0.000583434, 5.3216e-5, 0.000636862)), (4, (2, 0.000562667, 4.1812e-5, 0.000604804)), (3, (3, 0.000466929, 7.5378e-5, 0.000542559))]), (47648, 14, 0.000904135, [(4, (0, 0.000881872, 2.1253e-5, 0.000903359)), (4, (1, 0.000717668, 6.1042e-5, 0.000778912)), (3, (2, 0.000636361, 3.6052e-5, 0.000672703)), (3, (3, 0.000521922, 5.5176e-5, 0.000577275))]), (47664, 13, 0.000745038, [(4, (0, 0.000641114, 1.8162e-5, 0.000659472)), (3, (1, 0.000606893, 4.582e-5, 0.000652895)), (3, (2, 0.000546801, 3.6011e-5, 0.000583009)), (3, (3, 0.000556742, 0.00010566, 0.000663132))]), (47680, 16, 0.000686953, [(4, (0, 0.000549091, 1.5324e-5, 0.000564616)), (4, (1, 0.000606361, 4.8265e-5, 0.000655002)), (4, (2, 0.000611371, 3.0007e-5, 0.000641732)), (4, (3, 0.000601303, 5.1754e-5, 0.000653261))]), (47696, 16, 0.000707021, [(4, (0, 0.00059108, 1.7017e-5, 0.000608302)), (4, (1, 0.000639638, 4.7371e-5, 0.000687208)), (4, (2, 0.000600739, 2.9172e-5, 0.000630112)), (4, (3, 0.000629965, 4.1638e-5, 0.000671862))]), (47712, 16, 0.000853962, [(4, (0, 0.000739427, 7.002e-6, 0.000746574)), (4, (1, 0.000729562, 6.7107e-5, 0.000796882)), (4, (2, 0.000695725, 7.468e-6, 0.000703365)), (4, (3, 0.000751648, 7.0788e-5, 0.000822624))]), (47728, 16, 0.000995099, [(4, (0, 0.000685791, 5.749e-6, 0.000691693)), (4, (1, 0.000870596, 5.6942e-5, 0.000927717)), (4, (2, 0.00079292, 3.8736e-5, 0.000831848)), (4, (3, 0.000812205, 5.1516e-5, 0.000863905))]), (47744, 16, 0.00077066, [(4, (0, 0.000621098, 1.5219e-5, 0.000636634)), (4, (1, 0.000676183, 5.5872e-5, 0.000732278)), (4, (2, 0.00065952, 3.3818e-5, 0.000693539)), (4, (3, 0.000644212, 4.7522e-5, 0.000691972))]), (47760, 16, 0.000748113, [(4, (0, 0.000639402, 2.1096e-5, 0.000660687)), (4, (1, 0.000671561, 4.0989e-5, 0.00071277)), (4, (2, 0.000624781, 2.6515e-5, 0.000651498)), (4, (3, 0.000650267, 4.9142e-5, 0.000699619))]), (47776, 16, 0.000741491, [(4, (0, 0.000637813, 1.9745e-5, 0.000657779)), (4, (1, 0.000592268, 4.2828e-5, 0.000635261)), (4, (2, 0.000628146, 3.3039e-5, 0.0006614)), (4, (3, 0.000631207, 4.8616e-5, 0.000680003))]), (47792, 16, 0.000829762, [(4, (0, 0.000572779, 2.7239e-5, 0.000600298)), (4, (1, 0.000716963, 8.2328e-5, 0.000799547)), (4, (2, 0.000668422, 5.6871e-5, 0.000725508)), (4, (3, 0.000618971, 8.4586e-5, 0.000703802))]), (47808, 16, 0.000972758, [(4, (0, 0.000647999, 2.4091e-5, 0.000672291)), (4, (1, 0.000774862, 0.000153828, 0.000929205)), (4, (2, 0.000655272, 0.000102567, 0.000758047)), (4, (3, 0.000568439, 0.000121124, 0.000689796))]), (47824, 14, 0.000903237, [(4, (0, 0.000614696, 1.5585e-5, 0.000630505)), (4, (1, 0.00074953, 4.3008e-5, 0.000792997)), (3, (2, 0.000539568, 1.8605e-5, 0.000558492)), (3, (3, 0.000593654, 5.0003e-5, 0.000643955))]), (47840, 16, 0.000808081, [(4, (0, 0.000664668, 1.9639e-5, 0.000684509)), (4, (1, 0.000678506, 0.00010102, 0.000779796)), (4, (2, 0.00076873, 3.5446e-5, 0.000804522)), (4, (3, 0.00067808, 9.5103e-5, 0.000773413))]), (47856, 16, 0.000802764, [(4, (0, 0.000535249, 2.694e-5, 0.000562389)), (4, (1, 0.000690147, 8.4958e-5, 0.000775704)), (4, (2, 0.000673783, 5.1179e-5, 0.00072524)), (4, (3, 0.000620881, 5.9045e-5, 0.000680119))]), (47872, 16, 0.000836916, [(4, (0, 0.000646992, 2.8069e-5, 0.00067529)), (4, (1, 0.000577998, 6.3918e-5, 0.000642144)), (4, (2, 0.000722633, 4.317e-5, 0.00076602)), (4, (3, 0.00056861, 6.0253e-5, 0.000629163))]), (47888, 15, 0.001100326, [(4, (0, 0.00051874, 2.8848e-5, 0.000547809)), (4, (1, 0.000557433, 7.011e-5, 0.00062786)), (4, (2, 0.001019753, 5.006e-5, 0.001070137)), (3, (3, 0.000439714, 0.000103931, 0.00054397))]), (47904, 15, 0.00118013, [(4, (0, 0.000665534, 3.2065e-5, 0.000697852)), (4, (1, 0.001088597, 6.3043e-5, 0.001151886)), (4, (2, 0.000685446, 4.8119e-5, 0.000733841)), (3, (3, 0.000446677, 9.7357e-5, 0.000544583))]), (47920, 16, 0.000813447, [(4, (0, 0.000784596, 2.7749e-5, 0.000812603)), (4, (1, 0.000543095, 6.9632e-5, 0.000613002)), (4, (2, 0.000745203, 4.7294e-5, 0.000792845)), (4, (3, 0.00066535, 6.4195e-5, 0.000729912))]), (47936, 11, 0.000596388, [(3, (0, 0.000395068, 2.7999e-5, 0.000423285)), (3, (1, 0.00040497, 6.9738e-5, 0.000474961)), (3, (2, 0.00052126, 4.57e-5, 0.00056722)), (2, (3, 0.000290437, 6.2181e-5, 0.000352866))]), (47952, 16, 0.001123332, [(4, (0, 0.000606116, 3.8069e-5, 0.000644395)), (4, (1, 0.000654939, 8.3696e-5, 0.000738863)), (4, (2, 0.000837293, 7.5055e-5, 0.000912678)), (4, (3, 0.00097727, 9.2677e-5, 0.001070167))]), (47968, 14, 0.000676553, [(4, (0, 0.000545274, 2.8046e-5, 0.000573558)), (4, (1, 0.000594365, 5.8076e-5, 0.000652669)), (3, (2, 0.000447572, 4.078e-5, 0.000488582)), (3, (3, 0.000460337, 5.3494e-5, 0.00051408))]), (47984, 16, 0.000679554, [(4, (0, 0.000621022, 2.2615e-5, 0.000643895)), (4, (1, 0.000609994, 4.7561e-5, 0.000657769)), (4, (2, 0.000622776, 3.4312e-5, 0.000657259)), (4, (3, 0.000572729, 5.1962e-5, 0.000624899))]), (48000, 16, 0.000928946, [(4, (0, 0.000617172, 2.0281e-5, 0.000637657)), (4, (1, 0.000673675, 4.7661e-5, 0.000721556)), (4, (2, 0.000868747, 3.5481e-5, 0.000904452)), (4, (3, 0.000621863, 5.1385e-5, 0.000673439))]), (48016, 16, 0.000854316, [(4, (0, 0.000584617, 1.7229e-5, 0.000602052)), (4, (1, 0.000672022, 6.1811e-5, 0.000734171)), (4, (2, 0.000720674, 4.447e-5, 0.00076536)), (4, (3, 0.000758542, 5.4724e-5, 0.000813528))]), (48032, 16, 0.000684728, [(4, (0, 0.000565225, 2.2125e-5, 0.000587564)), (4, (1, 0.000624495, 3.755e-5, 0.000662255)), (4, (2, 0.000630284, 4.9219e-5, 0.000679712)), (4, (3, 0.00057876, 6.0585e-5, 0.000639669))]), (48048, 16, 0.000905987, [(4, (0, 0.000592987, 2.1431e-5, 0.000614615)), (4, (1, 0.000662654, 9.1068e-5, 0.00075391)), (4, (2, 0.000850231, 3.4551e-5, 0.000884967)), (4, (3, 0.000612159, 9.5092e-5, 0.00070746))]), (48064, 16, 0.000877323, [(4, (0, 0.000660849, 1.7733e-5, 0.000678788)), (4, (1, 0.000777753, 6.9366e-5, 0.000847586)), (4, (2, 0.000622892, 2.9979e-5, 0.000653071)), (4, (3, 0.000609758, 4.1465e-5, 0.000651409))]), (48080, 16, 0.000807276, [(4, (0, 0.000589693, 2.3534e-5, 0.000613434)), (4, (1, 0.000735945, 4.7344e-5, 0.000783468)), (4, (2, 0.000635007, 3.6294e-5, 0.000671493)), (4, (3, 0.000613048, 5.4262e-5, 0.000667504))]), (48096, 15, 0.001277749, [(4, (0, 0.000630202, 3.1639e-5, 0.000662055)), (4, (1, 0.00063382, 4.7959e-5, 0.000682014)), (4, (2, 0.000654405, 6.339e-5, 0.000718004)), (3, (3, 0.001117987, 7.0503e-5, 0.00118873))]), (48112, 15, 0.001078797, [(4, (0, 0.001007524, 1.8736e-5, 0.001026433)), (4, (1, 0.000640275, 8.1494e-5, 0.000722005)), (4, (2, 0.001033742, 1.9939e-5, 0.001053871)), (3, (3, 0.000431161, 8.456e-5, 0.000515938))]), (48128, 15, 0.000772044, [(4, (0, 0.000640549, 2.3704e-5, 0.000664434)), (4, (1, 0.000629085, 0.000117105, 0.00074642)), (4, (2, 0.000533413, 3.9942e-5, 0.000573641)), (3, (3, 0.000461464, 0.00016746, 0.000629201))]), (48144, 15, 0.001069135, [(4, (0, 0.000912081, 3.0482e-5, 0.000942766)), (4, (1, 0.000988595, 5.4538e-5, 0.001043333)), (4, (2, 0.000863183, 4.2666e-5, 0.000906032)), (3, (3, 0.000647944, 0.000113979, 0.000762226))]), (48160, 16, 0.001568992, [(4, (0, 0.001110802, 2.6768e-5, 0.001137777)), (4, (1, 0.001355634, 5.3353e-5, 0.001409206)), (4, (2, 0.001192291, 3.9517e-5, 0.001232003)), (4, (3, 0.001441622, 6.6489e-5, 0.00150906))]), (48176, 14, 0.0008925, [(4, (0, 0.000777587, 4.2843e-5, 0.000820641)), (4, (1, 0.000796522, 7.3146e-5, 0.000869882)), (3, (2, 0.000436992, 5.9524e-5, 0.000496736)), (3, (3, 0.000550947, 0.000144781, 0.000697037))]), (48192, 15, 0.001147779, [(4, (0, 0.000645987, 2.1712e-5, 0.000667905)), (4, (1, 0.000966193, 4.9271e-5, 0.001015657)), (4, (2, 0.001080958, 3.6435e-5, 0.001117604)), (3, (3, 0.000578747, 0.000105549, 0.000684544))]), (48208, 12, 0.000791916, [(3, (0, 0.000761783, 2.9143e-5, 0.000791155)), (3, (1, 0.000489079, 0.000106586, 0.000595877)), (3, (2, 0.000501727, 4.1231e-5, 0.000543154)), (3, (3, 0.000656353, 5.2725e-5, 0.000709248))]), (48224, 16, 0.000818694, [(4, (0, 0.000713745, 2.6588e-5, 0.000740557)), (4, (1, 0.000667571, 5.0506e-5, 0.000718273)), (4, (2, 0.000550609, 3.8756e-5, 0.000589557)), (4, (3, 0.000684236, 5.5963e-5, 0.000740411))]), (48240, 15, 0.001184258, [(4, (0, 0.000702485, 2.6118e-5, 0.000728819)), (4, (1, 0.001037368, 7.438e-5, 0.001112294)), (4, (2, 0.000607753, 3.8112e-5, 0.000646051)), (3, (3, 0.000596544, 5.2416e-5, 0.000649194))]), (48256, 12, 0.000589386, [(3, (0, 0.000362418, 1.933e-5, 0.000381897)), (3, (1, 0.00049669, 6.8274e-5, 0.000565156)), (3, (2, 0.000448032, 1.9734e-5, 0.000467939)), (3, (3, 0.000409873, 6.2518e-5, 0.000472571))]), (48272, 16, 0.000833275, [(4, (0, 0.000686245, 2.5176e-5, 0.00071174)), (4, (1, 0.000709862, 0.000112251, 0.000822303)), (4, (2, 0.000646349, 3.9222e-5, 0.00068578)), (4, (3, 0.000697237, 9.0305e-5, 0.000787821))]), (48288, 16, 0.00078667, [(4, (0, 0.000583974, 2.1631e-5, 0.000605801)), (4, (1, 0.000638585, 0.000117219, 0.000756122)), (4, (2, 0.000650297, 3.5092e-5, 0.000685639)), (4, (3, 0.000640648, 4.8082e-5, 0.000688924))]), (48304, 16, 0.000865663, [(4, (0, 0.000605664, 2.1636e-5, 0.000627497)), (4, (1, 0.000621259, 4.7085e-5, 0.00066855)), (4, (2, 0.000601487, 3.3577e-5, 0.000635269)), (4, (3, 0.000730722, 9.7034e-5, 0.000828086))]), (48320, 15, 0.000613712, [(4, (0, 0.000456221, 2.2783e-5, 0.000479192)), (4, (1, 0.000544533, 4.806e-5, 0.000592775)), (4, (2, 0.000534553, 3.479e-5, 0.000569507)), (3, (3, 0.000449007, 5.5043e-5, 0.000504293))]), (48336, 16, 0.000716851, [(4, (0, 0.000537434, 2.6446e-5, 0.000564075)), (4, (1, 0.000645376, 4.9788e-5, 0.000695362)), (4, (2, 0.000548678, 3.8072e-5, 0.000586946)), (4, (3, 0.000550216, 5.5495e-5, 0.000605957))]), (48352, 16, 0.000829442, [(4, (0, 0.000490644, 2.0793e-5, 0.000511645)), (4, (1, 0.00054676, 3.228e-5, 0.000579248)), (4, (2, 0.000465184, 8.3438e-5, 0.000548829)), (4, (3, 0.00066556, 0.000128481, 0.000794376))]), (48368, 16, 0.001314458, [(4, (0, 0.001288054, 2.5029e-5, 0.001313283)), (4, (1, 0.000528535, 4.966e-5, 0.000578485)), (4, (2, 0.000783738, 6.4477e-5, 0.000848444)), (4, (3, 0.000746567, 0.000102652, 0.000849672))]), (48384, 16, 0.00084287, [(4, (0, 0.000573877, 2.1159e-5, 0.000595279)), (4, (1, 0.000592603, 0.000126819, 0.000719698)), (4, (2, 0.000636863, 7.078e-5, 0.000707841)), (4, (3, 0.000636192, 0.000167013, 0.00080398))]), (48400, 16, 0.001212808, [(4, (0, 0.00057476, 2.4064e-5, 0.000599027)), (4, (1, 0.000692033, 4.9949e-5, 0.000742186)), (4, (2, 0.000712009, 3.8969e-5, 0.000751191)), (4, (3, 0.001117786, 5.4542e-5, 0.001172531))]), (48416, 16, 0.0007211, [(4, (0, 0.000534849, 1.0034e-5, 0.00054503)), (4, (1, 0.000663245, 3.5768e-5, 0.000699203)), (4, (2, 0.000603994, 2.2952e-5, 0.000627153)), (4, (3, 0.000607887, 4.0184e-5, 0.000648261))]), (48432, 16, 0.000875346, [(4, (0, 0.000686556, 1.7657e-5, 0.000704417)), (4, (1, 0.000672522, 0.00013025, 0.000802983)), (4, (2, 0.000707405, 3.0012e-5, 0.000737615)), (4, (3, 0.000705114, 0.000105416, 0.00081085))]), (48448, 16, 0.000821638, [(4, (0, 0.000491038, 2.4207e-5, 0.000515534)), (4, (1, 0.000543656, 5.6097e-5, 0.000599934)), (4, (2, 0.000759238, 3.867e-5, 0.00079808)), (4, (3, 0.000518203, 4.9327e-5, 0.000567734))]), (48464, 16, 0.00100959, [(4, (0, 0.00052427, 2.0209e-5, 0.000544691)), (4, (1, 0.000530623, 4.4941e-5, 0.000575739)), (4, (2, 0.000662204, 3.293e-5, 0.000695338)), (4, (3, 0.000848994, 5.2151e-5, 0.000901365))]), (48480, 16, 0.000832302, [(4, (0, 0.000621963, 2.8414e-5, 0.000650583)), (4, (1, 0.000692771, 5.3986e-5, 0.000746939)), (4, (2, 0.000713266, 4.4513e-5, 0.000758031)), (4, (3, 0.00071523, 5.8315e-5, 0.000773759))]), (48496, 16, 0.001274516, [(4, (0, 0.000617081, 3.0732e-5, 0.000648055)), (4, (1, 0.00076537, 7.8669e-5, 0.000844564)), (4, (2, 0.0011998, 4.3781e-5, 0.001243773)), (4, (3, 0.000567534, 5.5335e-5, 0.000623087))]), (48512, 16, 0.000869374, [(4, (0, 0.00061649, 1.7925e-5, 0.000634641)), (4, (1, 0.000699594, 8.103e-5, 0.000780931)), (4, (2, 0.000718644, 3.6267e-5, 0.000755105)), (4, (3, 0.000753849, 8.4402e-5, 0.000838475))]), (48528, 16, 0.001320968, [(4, (0, 0.001295441, 2.4515e-5, 0.00132019)), (4, (1, 0.000575744, 5.2449e-5, 0.000628377)), (4, (2, 0.000544634, 3.9136e-5, 0.000584025)), (4, (3, 0.000564001, 5.8087e-5, 0.000622349))]), (48544, 16, 0.000928619, [(4, (0, 0.000603338, 1.6268e-5, 0.000619809)), (4, (1, 0.000740959, 0.000162834, 0.000904508)), (4, (2, 0.000629895, 7.6508e-5, 0.000706621)), (4, (3, 0.000663852, 0.000134435, 0.000798474))]), (48560, 16, 0.000857524, [(4, (0, 0.000668037, 3.0201e-5, 0.000698466)), (4, (1, 0.000619717, 5.2892e-5, 0.000672771)), (4, (2, 0.000687503, 4.2634e-5, 0.000730333)), (4, (3, 0.000764966, 5.8248e-5, 0.000823553))]), (48576, 16, 0.000728578, [(4, (0, 0.000536362, 2.7015e-5, 0.000563581)), (4, (1, 0.000578702, 5.2538e-5, 0.000631431)), (4, (2, 0.000671724, 3.7968e-5, 0.000709898)), (4, (3, 0.000638003, 5.9415e-5, 0.00069766))]), (48592, 16, 0.000851067, [(4, (0, 0.000604575, 1.4451e-5, 0.000619221)), (4, (1, 0.000660122, 3.7324e-5, 0.000697629)), (4, (2, 0.000675829, 2.6344e-5, 0.000702374)), (4, (3, 0.000754419, 4.5831e-5, 0.000800485))]), (48608, 16, 0.001446121, [(4, (0, 0.000617987, 2.949e-5, 0.000647729)), (4, (1, 0.001369067, 4.997e-5, 0.00141927)), (4, (2, 0.00059266, 6.2012e-5, 0.000654862)), (4, (3, 0.00059798, 9.0112e-5, 0.000688372))]), (48624, 16, 0.001003474, [(4, (0, 0.000496445, 2.9039e-5, 0.00052568)), (4, (1, 0.000939953, 4.2143e-5, 0.000982296)), (4, (2, 0.000691768, 0.000106337, 0.00079845)), (4, (3, 0.000612765, 0.000115705, 0.000728661))]), (48640, 16, 0.001184358, [(4, (0, 0.000613812, 1.5901e-5, 0.000629898)), (4, (1, 0.000675243, 3.9342e-5, 0.000714768)), (4, (2, 0.000694713, 2.7705e-5, 0.000722594)), (4, (3, 0.001093483, 5.0314e-5, 0.001144016))]), (48656, 16, 0.000735855, [(4, (0, 0.000566855, 1.4182e-5, 0.000581214)), (4, (1, 0.000625749, 7.1325e-5, 0.000697385)), (4, (2, 0.000688683, 3.7947e-5, 0.000726958)), (4, (3, 0.000600744, 7.4866e-5, 0.000675814))]), (48672, 15, 0.000740057, [(4, (0, 0.000569334, 2.8556e-5, 0.000598073)), (4, (1, 0.000660535, 5.7593e-5, 0.000718326)), (4, (2, 0.000532837, 4.4138e-5, 0.000577191)), (3, (3, 0.000464137, 8.7648e-5, 0.000552243))]), (48688, 16, 0.000965631, [(4, (0, 0.000947412, 1.7307e-5, 0.000964911)), (4, (1, 0.0008233, 4.0772e-5, 0.000864262)), (4, (2, 0.000738364, 2.8869e-5, 0.000767417)), (4, (3, 0.000862122, 4.6132e-5, 0.000908433))]), (48704, 15, 0.000925677, [(4, (0, 0.000798311, 2.2117e-5, 0.000820622)), (4, (1, 0.000856043, 4.825e-5, 0.000904479)), (4, (2, 0.000759505, 3.4406e-5, 0.000794098)), (3, (3, 0.000416443, 5.2625e-5, 0.000469245))]), (48720, 16, 0.000886178, [(4, (0, 0.000506106, 2.0228e-5, 0.000526514)), (4, (1, 0.000573794, 6.3099e-5, 0.000637203)), (4, (2, 0.000680588, 3.1542e-5, 0.000712319)), (4, (3, 0.000662261, 0.000188115, 0.000850654))]), (48736, 16, 0.000845834, [(4, (0, 0.000584176, 1.7241e-5, 0.000601598)), (4, (1, 0.000619144, 0.000102995, 0.000722324)), (4, (2, 0.000636984, 2.8554e-5, 0.000665706)), (4, (3, 0.000639541, 0.000148438, 0.000788224))]), (48752, 16, 0.001086705, [(4, (0, 0.000551953, 3.1333e-5, 0.000583466)), (4, (1, 0.000628151, 0.000124666, 0.000753129)), (4, (2, 0.0006114, 4.7663e-5, 0.000659271)), (4, (3, 0.000825027, 0.000140577, 0.000965931))]), (48768, 16, 0.000789473, [(4, (0, 0.000635287, 3.0806e-5, 0.000666323)), (4, (1, 0.000700792, 6.566e-5, 0.000766654)), (4, (2, 0.000711528, 4.8583e-5, 0.000760344)), (4, (3, 0.000534983, 7.1917e-5, 0.00060712))]), (48784, 16, 0.001051554, [(4, (0, 0.000595117, 2.2107e-5, 0.000617462)), (4, (1, 0.00066299, 0.000104561, 0.000767888)), (4, (2, 0.000976816, 3.592e-5, 0.001013024)), (4, (3, 0.000634675, 0.000104592, 0.000739486))]), (48800, 16, 0.000972515, [(4, (0, 0.000673074, 2.49e-5, 0.000698224)), (4, (1, 0.000800458, 4.9583e-5, 0.000850251)), (4, (2, 0.000914297, 3.6698e-5, 0.000951202)), (4, (3, 0.00059791, 6.007e-5, 0.000658221))]), (48816, 16, 0.001161149, [(4, (0, 0.001004456, 3.179e-5, 0.001036489)), (4, (1, 0.000949647, 6.2539e-5, 0.001012398)), (4, (2, 0.001095822, 4.3832e-5, 0.001139865)), (4, (3, 0.001028453, 5.4692e-5, 0.001083352))]), (48832, 15, 0.000751848, [(4, (0, 0.000600022, 1.6198e-5, 0.000616435)), (4, (1, 0.000658112, 6.9902e-5, 0.000728419)), (4, (2, 0.000668217, 2.8346e-5, 0.000696761)), (3, (3, 0.00050475, 0.000160444, 0.000665505))]), (48848, 16, 0.001000672, [(4, (0, 0.00047599, 1.6178e-5, 0.000492321)), (4, (1, 0.0008728, 0.000100387, 0.000974082)), (4, (2, 0.000654047, 4.7654e-5, 0.000701878)), (4, (3, 0.000718042, 5.7256e-5, 0.000775465))]), (48864, 16, 0.000733354, [(4, (0, 0.00055105, 1.8646e-5, 0.000569886)), (4, (1, 0.000624602, 6.3017e-5, 0.000688083)), (4, (2, 0.000631079, 3.5083e-5, 0.000666386)), (4, (3, 0.000641012, 4.6134e-5, 0.000687311))]), (48880, 16, 0.000892904, [(4, (0, 0.000861669, 2.9672e-5, 0.000891602)), (4, (1, 0.000604478, 0.000121986, 0.000727572)), (4, (2, 0.000595261, 4.2918e-5, 0.000638376)), (4, (3, 0.000538746, 5.4212e-5, 0.000593162))]), (48896, 15, 0.000756747, [(4, (0, 0.000534901, 2.5832e-5, 0.000560923)), (4, (1, 0.000638763, 9.6246e-5, 0.000735235)), (4, (2, 0.000617725, 8.0936e-5, 0.000698859)), (3, (3, 0.000511973, 0.000109442, 0.000621669))]), (48912, 15, 0.000560638, [(4, (0, 0.000446212, 2.296e-5, 0.000469357)), (4, (1, 0.000489658, 4.9348e-5, 0.000539217)), (4, (2, 0.000484453, 3.6713e-5, 0.000521354)), (3, (3, 0.000347896, 5.6455e-5, 0.000404565))]), (48928, 16, 0.000557632, [(4, (0, 0.000400259, 1.6045e-5, 0.000416486)), (4, (1, 0.000448488, 4.0014e-5, 0.000488702)), (4, (2, 0.000458937, 2.7988e-5, 0.000487138)), (4, (3, 0.000455461, 4.5858e-5, 0.000501503))]), (48944, 14, 0.000617234, [(4, (0, 0.000399776, 2.365e-5, 0.000423623)), (4, (1, 0.000459055, 0.000129233, 0.000588606)), (3, (2, 0.000341418, 3.7259e-5, 0.000378845)), (3, (3, 0.000333837, 4.9984e-5, 0.000384004))]), (48960, 16, 0.000811974, [(4, (0, 0.000599435, 2.3062e-5, 0.000622704)), (4, (1, 0.000671166, 4.731e-5, 0.000718673)), (4, (2, 0.000649376, 3.3936e-5, 0.000683507)), (4, (3, 0.000697433, 7.7225e-5, 0.00077515))]), (48976, 14, 0.000655105, [(4, (0, 0.000627325, 2.6883e-5, 0.000654407)), (4, (1, 0.000559957, 4.9719e-5, 0.000609881)), (3, (2, 0.000565384, 3.8096e-5, 0.000603661)), (3, (3, 0.000544181, 5.6007e-5, 0.000600435))]), (48992, 16, 0.001050367, [(4, (0, 0.000617519, 2.5325e-5, 0.000643036)), (4, (1, 0.000627729, 0.000114363, 0.000742422)), (4, (2, 0.000990982, 3.7679e-5, 0.001028846)), (4, (3, 0.000571611, 0.000215325, 0.000787236))]), (49008, 15, 0.000795017, [(4, (0, 0.000515726, 2.8416e-5, 0.00054432)), (4, (1, 0.000564972, 5.1878e-5, 0.000617033)), (4, (2, 0.000733635, 4.0695e-5, 0.000774523)), (3, (3, 0.000495396, 0.000107484, 0.000603138))]), (49024, 14, 0.000763467, [(4, (0, 0.000500067, 2.0413e-5, 0.000520682)), (4, (1, 0.000658337, 7.3748e-5, 0.000732636)), (3, (2, 0.000374336, 3.1944e-5, 0.000406453)), (3, (3, 0.000506498, 4.2805e-5, 0.000549501))]), (49040, 14, 0.001300046, [(4, (0, 0.001020493, 2.6434e-5, 0.001047114)), (4, (1, 0.001218825, 5.6331e-5, 0.001275346)), (3, (2, 0.000953889, 4.157e-5, 0.000995659)), (3, (3, 0.000794127, 6.167e-5, 0.000856027))]), (49056, 13, 0.000674252, [(4, (0, 0.000648297, 2.502e-5, 0.000673514)), (3, (1, 0.000568979, 3.9394e-5, 0.000608569)), (3, (2, 0.000498706, 5.4301e-5, 0.000553215)), (3, (3, 0.000523686, 9.267e-5, 0.000617286))]), (49072, 15, 0.001580102, [(4, (0, 0.001298214, 1.7779e-5, 0.001316197)), (4, (1, 0.001220781, 4.3908e-5, 0.001264872)), (4, (2, 0.001520929, 3.1302e-5, 0.001552418)), (3, (3, 0.001090814, 4.7605e-5, 0.001138657))]), (49088, 13, 0.001259773, [(4, (0, 0.000986353, 2.2755e-5, 0.001009292)), (3, (1, 0.000650328, 0.00033688, 0.00098751)), (3, (2, 0.000704006, 0.000101042, 0.000805255)), (3, (3, 0.000989456, 0.000208332, 0.001198052))]), (49104, 12, 0.001004761, [(3, (0, 0.000794231, 2.7153e-5, 0.000821607)), (3, (1, 0.000937406, 4.133e-5, 0.000978927)), (3, (2, 0.00085451, 0.000111186, 0.000966013)), (3, (3, 0.000610998, 0.000138618, 0.00075001))]), (49120, 14, 0.000701842, [(4, (0, 0.000619167, 3.0943e-5, 0.000650318)), (4, (1, 0.000541801, 7.9479e-5, 0.000621604)), (3, (2, 0.000625091, 5.1968e-5, 0.000677351)), (3, (3, 0.000517986, 8.3049e-5, 0.00060125))]), (49136, 13, 0.001273748, [(4, (0, 0.0012465, 2.4708e-5, 0.001271484)), (3, (1, 0.001143979, 5.4525e-5, 0.001198823)), (3, (2, 0.000791466, 3.7299e-5, 0.00082897)), (3, (3, 0.000822902, 6.5023e-5, 0.000888265))]), (49152, 14, 0.001186951, [(4, (0, 0.000970713, 3.7742e-5, 0.001008721)), (4, (1, 0.001078063, 7.6051e-5, 0.001154342)), (3, (2, 0.000726793, 5.0397e-5, 0.000777404)), (3, (3, 0.000704559, 0.000132945, 0.0008378))]), (49168, 13, 0.00103732, [(4, (0, 0.000714577, 2.7347e-5, 0.000742161)), (3, (1, 0.000622853, 8.8138e-5, 0.000711411)), (3, (2, 0.000697331, 4.2518e-5, 0.000740063)), (3, (3, 0.000933907, 6.0147e-5, 0.000994301))]), (49184, 16, 0.001609755, [(4, (0, 0.001272835, 1.9501e-5, 0.001292523)), (4, (1, 0.001148593, 5.8908e-5, 0.001207693)), (4, (2, 0.001535984, 4.594e-5, 0.001582198)), (4, (3, 0.001254437, 0.000136086, 0.001390828))]), (49200, 13, 0.000901368, [(4, (0, 0.000880438, 2.0022e-5, 0.000900661)), (3, (1, 0.000700494, 8.4474e-5, 0.000785631)), (3, (2, 0.00079149, 3.4924e-5, 0.000826655)), (3, (3, 0.00061693, 5.0315e-5, 0.000667515))]), (49216, 14, 0.000957599, [(4, (0, 0.000841211, 2.2287e-5, 0.000863694)), (4, (1, 0.000842099, 9.2743e-5, 0.000935094)), (3, (2, 0.000737899, 3.5413e-5, 0.000773483)), (3, (3, 0.0005849, 9.49e-5, 0.000679998))]), (49232, 14, 0.001137558, [(4, (0, 0.000996488, 2.3431e-5, 0.001020119)), (4, (1, 0.001066837, 4.9456e-5, 0.001116499)), (3, (2, 0.000928828, 3.5836e-5, 0.000964854)), (3, (3, 0.000658976, 8.8333e-5, 0.000748043))]), (49248, 16, 0.001387967, [(4, (0, 0.001359468, 2.7629e-5, 0.00138726)), (4, (1, 0.001268204, 5.3345e-5, 0.001321752)), (4, (2, 0.00120539, 3.9194e-5, 0.001244773)), (4, (3, 0.000961292, 9.1154e-5, 0.001053122))]), (49264, 13, 0.001000637, [(4, (0, 0.000940642, 1.8492e-5, 0.000959318)), (3, (1, 0.000902297, 6.9365e-5, 0.000972188)), (3, (2, 0.000647049, 3.0516e-5, 0.000677765)), (3, (3, 0.000813287, 4.2139e-5, 0.000855619))]), (49280, 14, 0.001106876, [(4, (0, 0.000779263, 2.2311e-5, 0.000801772)), (4, (1, 0.001026131, 5.2659e-5, 0.001079)), (3, (2, 0.000554752, 3.4176e-5, 0.000589115)), (3, (3, 0.0005859, 0.00010801, 0.000694176))]), (49296, 13, 0.00074414, [(4, (0, 0.000721125, 2.2156e-5, 0.000743466)), (3, (1, 0.000528717, 4.0077e-5, 0.000568983)), (3, (2, 0.000492231, 5.2538e-5, 0.000545081)), (3, (3, 0.000443665, 9.3707e-5, 0.000537786))]), (49312, 14, 0.001535416, [(4, (0, 0.000986333, 2.2485e-5, 0.001009017)), (4, (1, 0.001368854, 0.000142119, 0.001511297)), (3, (2, 0.000759749, 3.7427e-5, 0.000797361)), (3, (3, 0.000996641, 0.000187789, 0.001184739))]), (49328, 15, 0.001308749, [(4, (0, 0.000976993, 2.2125e-5, 0.000999317)), (4, (1, 0.000922249, 9.6902e-5, 0.001019491)), (4, (2, 0.000878835, 3.4482e-5, 0.000913533)), (3, (3, 0.001171471, 9.2229e-5, 0.001263948))]), (49344, 15, 0.000620831, [(4, (0, 0.000594209, 2.5621e-5, 0.000620047)), (4, (1, 0.00055929, 5.2978e-5, 0.000612492)), (4, (2, 0.000552401, 3.9506e-5, 0.000592092)), (3, (3, 0.000432086, 5.9708e-5, 0.000492079))]), (49360, 16, 0.000913506, [(4, (0, 0.000779684, 2.3719e-5, 0.000803634)), (4, (1, 0.0005645, 0.000169349, 0.000734125)), (4, (2, 0.000611077, 7.8263e-5, 0.000689581)), (4, (3, 0.000785315, 8.7468e-5, 0.000872971))]), (49376, 15, 0.001369162, [(4, (0, 0.000525068, 1.5944e-5, 0.000541195)), (4, (1, 0.001229411, 5.7019e-5, 0.001286958)), (4, (2, 0.000583503, 1.7284e-5, 0.000600966)), (3, (3, 0.000575314, 2.5926e-5, 0.000601432))]), (49392, 16, 0.000759456, [(4, (0, 0.000590457, 1.8878e-5, 0.000609487)), (4, (1, 0.000605356, 6.2403e-5, 0.000667963)), (4, (2, 0.000610348, 5.0775e-5, 0.000661322)), (4, (3, 0.000617585, 6.7085e-5, 0.000684865))]), (49408, 15, 0.000992645, [(4, (0, 0.000547224, 3.5915e-5, 0.000583361)), (4, (1, 0.000887405, 7.0362e-5, 0.000958012)), (4, (2, 0.000559062, 4.7119e-5, 0.000606348)), (3, (3, 0.00042413, 0.000106165, 0.000530479))]), (49424, 16, 0.000811374, [(4, (0, 0.000511897, 4.9631e-5, 0.000561718)), (4, (1, 0.000611111, 3.7078e-5, 0.000648436)), (4, (2, 0.000635862, 2.5024e-5, 0.000661082)), (4, (3, 0.000673775, 9.5068e-5, 0.000769586))]), (49440, 16, 0.000678225, [(4, (0, 0.00049681, 2.8436e-5, 0.000525455)), (4, (1, 0.000600356, 5.5549e-5, 0.000656077)), (4, (2, 0.000610477, 4.2284e-5, 0.000652941)), (4, (3, 0.000594581, 5.9825e-5, 0.000654746))]), (49456, 16, 0.000934602, [(4, (0, 0.000899878, 3.3822e-5, 0.000933895)), (4, (1, 0.000685953, 0.000139494, 0.000825786)), (4, (2, 0.000615707, 4.8442e-5, 0.000664366)), (4, (3, 0.000706235, 0.000172199, 0.000879068))]), (49472, 15, 0.000823198, [(4, (0, 0.000795796, 2.6463e-5, 0.00082245)), (4, (1, 0.00065864, 9.693e-5, 0.000755753)), (4, (2, 0.00067193, 3.975e-5, 0.000711891)), (3, (3, 0.000421275, 0.000101392, 0.000522867))]), (49488, 15, 0.000789932, [(4, (0, 0.000500961, 2.6768e-5, 0.000527925)), (4, (1, 0.000600605, 5.1418e-5, 0.000652217)), (4, (2, 0.000571942, 3.8915e-5, 0.000611072)), (3, (3, 0.000674375, 7.2727e-5, 0.000747613))]), (49504, 14, 0.000622796, [(4, (0, 0.000512747, 2.8462e-5, 0.000541435)), (4, (1, 0.000545496, 5.3408e-5, 0.000599084)), (3, (2, 0.000512124, 4.0913e-5, 0.000553221)), (3, (3, 0.00038789, 5.7811e-5, 0.000445897))]), (49520, 16, 0.000676735, [(4, (0, 0.000648249, 2.7673e-5, 0.000676109)), (4, (1, 0.000617554, 5.5126e-5, 0.000672862)), (4, (2, 0.00053805, 4.0699e-5, 0.000578922)), (4, (3, 0.000586241, 6.0477e-5, 0.000646919))]), (49536, 15, 0.001313003, [(4, (0, 0.000967564, 2.7097e-5, 0.000994854)), (4, (1, 0.001232686, 5.0626e-5, 0.001283482)), (4, (2, 0.0012194, 3.9184e-5, 0.001258752)), (3, (3, 0.001082202, 5.5887e-5, 0.001138307))]), (49552, 15, 0.001238286, [(4, (0, 0.00108358, 2.1261e-5, 0.001105011)), (4, (1, 0.001092727, 0.000118216, 0.001211273)), (4, (2, 0.001108977, 3.1885e-5, 0.001141053)), (3, (3, 0.000936353, 0.000133725, 0.001070608))]), (49568, 15, 0.001170825, [(4, (0, 0.000917151, 1.9469e-5, 0.000936816)), (4, (1, 0.001017489, 0.000128261, 0.00114608)), (4, (2, 0.001007738, 3.3212e-5, 0.001041115)), (3, (3, 0.000649666, 0.000170438, 0.000820405))]), (49584, 14, 0.001496675, [(4, (0, 0.001065841, 1.8386e-5, 0.001084415)), (4, (1, 0.001349373, 0.000116313, 0.001466002)), (3, (2, 0.00090776, 2.9582e-5, 0.000937513)), (3, (3, 0.001097015, 0.000150461, 0.001248214))]), (49600, 14, 0.000918261, [(4, (0, 0.000724891, 1.8394e-5, 0.000743464)), (4, (1, 0.000541975, 0.000120186, 0.000662497)), (3, (2, 0.000435596, 3.1487e-5, 0.000467308)), (3, (3, 0.000715694, 0.000161828, 0.000877702))]), (49616, 12, 0.000618472, [(3, (0, 0.000388306, 1.9248e-5, 0.000407739)), (3, (1, 0.000509938, 3.1265e-5, 0.000541398)), (3, (2, 0.000539613, 4.5182e-5, 0.000585068)), (3, (3, 0.000536582, 5.0405e-5, 0.000587172))]), (49632, 15, 0.0010694, [(4, (0, 0.000875339, 2.2786e-5, 0.000898315)), (4, (1, 0.001009388, 3.5179e-5, 0.001044747)), (4, (2, 0.000919155, 5.7879e-5, 0.000977415)), (3, (3, 0.000916018, 6.0062e-5, 0.000976296))]), (49648, 16, 0.000948686, [(4, (0, 0.000920905, 2.6665e-5, 0.000947775)), (4, (1, 0.000593951, 0.000118856, 0.000713095)), (4, (2, 0.000767279, 3.968e-5, 0.000807132)), (4, (3, 0.00060759, 0.000118185, 0.000725981))]), (49664, 16, 0.00108716, [(4, (0, 0.000533519, 3.2776e-5, 0.000566493)), (4, (1, 0.000903891, 0.000105513, 0.00100968)), (4, (2, 0.000761478, 5.2764e-5, 0.000814477)), (4, (3, 0.000917005, 0.000119554, 0.001036934))]), (49680, 16, 0.001600443, [(4, (0, 0.00113531, 3.0136e-5, 0.001165627)), (4, (1, 0.001509535, 6.6638e-5, 0.001576387)), (4, (2, 0.001371079, 5.1418e-5, 0.001422719)), (4, (3, 0.001386306, 6.168e-5, 0.001448185))]), (49696, 15, 0.000887951, [(4, (0, 0.000703095, 2.4257e-5, 0.000727546)), (4, (1, 0.000760723, 9.9028e-5, 0.00086006)), (4, (2, 0.000746492, 3.544e-5, 0.000782114)), (3, (3, 0.000408248, 9.9584e-5, 0.000508058))]), (49712, 16, 0.000700682, [(4, (0, 0.000524064, 2.5782e-5, 0.000550046)), (4, (1, 0.000591474, 9.4319e-5, 0.000686329)), (4, (2, 0.000653342, 4.0479e-5, 0.000694035)), (4, (3, 0.000571804, 0.00011725, 0.000689399))]), (49728, 15, 0.000811151, [(4, (0, 0.000465798, 3.1391e-5, 0.000497389)), (4, (1, 0.000624039, 0.000155457, 0.000779826)), (4, (2, 0.00058998, 4.3623e-5, 0.000633774)), (3, (3, 0.000598554, 0.000178714, 0.00077775))]), (49744, 16, 0.000785475, [(4, (0, 0.00057131, 2.8546e-5, 0.000600074)), (4, (1, 0.000610508, 9.3618e-5, 0.000704463)), (4, (2, 0.000547002, 3.997e-5, 0.000587168)), (4, (3, 0.000652167, 9.4351e-5, 0.000746713))]), (49760, 14, 0.000606257, [(4, (0, 0.000509608, 2.2812e-5, 0.000532622)), (4, (1, 0.000524873, 5.8361e-5, 0.000583528)), (3, (2, 0.000408114, 3.8737e-5, 0.000447074)), (3, (3, 0.000376132, 5.9504e-5, 0.000435871))]), (49776, 12, 0.000663605, [(3, (0, 0.000499827, 2.3421e-5, 0.000523433)), (3, (1, 0.000485376, 0.000125443, 0.000611113)), (3, (2, 0.000488613, 3.6054e-5, 0.000524862)), (3, (3, 0.000568099, 5.0694e-5, 0.000618998))]), (49792, 16, 0.000730268, [(4, (0, 0.000654772, 1.6989e-5, 0.000671919)), (4, (1, 0.000577131, 2.6304e-5, 0.000603637)), (4, (2, 0.000600592, 1.868e-5, 0.000619496)), (4, (3, 0.000651147, 3.9881e-5, 0.000691349))]), (49808, 16, 0.000656318, [(4, (0, 0.000466674, 1.0493e-5, 0.000477317)), (4, (1, 0.000516966, 0.000109218, 0.000626511)), (4, (2, 0.00059122, 4.6328e-5, 0.000637884)), (4, (3, 0.000502826, 5.3137e-5, 0.000556169))]), (49824, 16, 0.000720259, [(4, (0, 0.0005104, 2.5969e-5, 0.000536571)), (4, (1, 0.000558894, 0.000101146, 0.000660375)), (4, (2, 0.000576172, 3.7602e-5, 0.000613949)), (4, (3, 0.00057916, 0.000104518, 0.000683917))]), (49840, 16, 0.000680378, [(4, (0, 0.000550319, 2.002e-5, 0.000570549)), (4, (1, 0.00058976, 4.3891e-5, 0.00063388)), (4, (2, 0.000565891, 3.1736e-5, 0.000597799)), (4, (3, 0.000600553, 4.931e-5, 0.000650091))]), (49856, 15, 0.00099586, [(4, (0, 0.000974387, 2.0594e-5, 0.000995174)), (4, (1, 0.000774848, 4.9146e-5, 0.000824193)), (4, (2, 0.00070508, 3.23e-5, 0.000737572)), (3, (3, 0.000379712, 4.3951e-5, 0.000423831))]), (49872, 16, 0.000630715, [(4, (0, 0.000448505, 1.348e-5, 0.000462168)), (4, (1, 0.000495379, 4.1427e-5, 0.000536995)), (4, (2, 0.000495578, 2.6698e-5, 0.000522469)), (4, (3, 0.00055277, 4.5814e-5, 0.000598925))]), (49888, 16, 0.000787242, [(4, (0, 0.000509332, 2.1701e-5, 0.000531228)), (4, (1, 0.000568999, 4.8521e-5, 0.000617694)), (4, (2, 0.000580374, 3.318e-5, 0.000613757)), (4, (3, 0.000695868, 5.405e-5, 0.000750215))]), (49904, 16, 0.000737609, [(4, (0, 0.000608617, 2.1165e-5, 0.000629962)), (4, (1, 0.000555845, 9.977e-5, 0.000655947)), (4, (2, 0.000546189, 3.2992e-5, 0.000579364)), (4, (3, 0.000548043, 0.000154966, 0.000703326))]), (49920, 16, 0.00101805, [(4, (0, 0.000934789, 2.4787e-5, 0.00095977)), (4, (1, 0.00090531, 9.0829e-5, 0.000996335)), (4, (2, 0.000838214, 3.5438e-5, 0.00087384)), (4, (3, 0.000570008, 0.000140778, 0.00071103))]), (49936, 15, 0.000690944, [(4, (0, 0.000500371, 1.8497e-5, 0.000519064)), (4, (1, 0.000532642, 4.4713e-5, 0.000577536)), (4, (2, 0.000543982, 3.0586e-5, 0.000574778)), (3, (3, 0.000568812, 8.5373e-5, 0.00065478))]), (49952, 16, 0.00064255, [(4, (0, 0.000512764, 1.7255e-5, 0.000530222)), (4, (1, 0.000530385, 4.0149e-5, 0.000570727)), (4, (2, 0.00055315, 6.1934e-5, 0.000615356)), (4, (3, 0.000558783, 6.6041e-5, 0.000625016))]), (49968, 16, 0.000707525, [(4, (0, 0.000530479, 2.1222e-5, 0.000551896)), (4, (1, 0.000606381, 4.5778e-5, 0.000652364)), (4, (2, 0.000596524, 3.4012e-5, 0.000630746)), (4, (3, 0.000594418, 8.981e-5, 0.000684534))]), (49984, 16, 0.000732318, [(4, (0, 0.000709734, 2.1008e-5, 0.000730946)), (4, (1, 0.000628429, 7.7673e-5, 0.00070642)), (4, (2, 0.000583595, 3.9857e-5, 0.000623653)), (4, (3, 0.000601022, 7.9544e-5, 0.000680773))]), (50000, 16, 0.000641146, [(4, (0, 0.000618835, 2.1326e-5, 0.000640362)), (4, (1, 0.000551142, 6.3793e-5, 0.000615239)), (4, (2, 0.000515893, 3.5807e-5, 0.000551895)), (4, (3, 0.000505414, 4.8975e-5, 0.000554598))]), (50016, 16, 0.000660531, [(4, (0, 0.000505323, 2.1683e-5, 0.000527216)), (4, (1, 0.000560377, 5.4535e-5, 0.000615124)), (4, (2, 0.000538539, 3.6466e-5, 0.000575218)), (4, (3, 0.000558611, 5.1148e-5, 0.000609954))]), (50032, 16, 0.00076731, [(4, (0, 0.000530453, 3.4486e-5, 0.000565141)), (4, (1, 0.000563099, 6.1668e-5, 0.000624954)), (4, (2, 0.000689738, 4.9403e-5, 0.000739342)), (4, (3, 0.000624706, 8.1797e-5, 0.000706917))]), (50048, 16, 0.001351965, [(4, (0, 0.00058921, 3.0421e-5, 0.000619856)), (4, (1, 0.000598941, 5.886e-5, 0.000657985)), (4, (2, 0.000819906, 4.7513e-5, 0.000867638)), (4, (3, 0.001107299, 0.000121181, 0.001228773))]), (50064, 15, 0.000820975, [(4, (0, 0.000725695, 2.7953e-5, 0.0007539)), (4, (1, 0.000694743, 9.9572e-5, 0.000794655)), (4, (2, 0.000545628, 4.1115e-5, 0.000586952)), (3, (3, 0.000412201, 0.000104323, 0.000516762))]), (50080, 16, 0.000666731, [(4, (0, 0.000485404, 2.2137e-5, 0.000507746)), (4, (1, 0.000557885, 8.6767e-5, 0.000644894)), (4, (2, 0.000555691, 7.5954e-5, 0.000631869)), (4, (3, 0.000518313, 9.5316e-5, 0.000613877))]), (50096, 16, 0.000764231, [(4, (0, 0.000515692, 2.7548e-5, 0.000543443)), (4, (1, 0.000591548, 5.6121e-5, 0.000648065)), (4, (2, 0.000560333, 4.1478e-5, 0.000602006)), (4, (3, 0.000664399, 5.9284e-5, 0.000723939))]), (50112, 16, 0.000932164, [(4, (0, 0.00055956, 2.1748e-5, 0.000581503)), (4, (1, 0.000651496, 7.2239e-5, 0.000723943)), (4, (2, 0.00056956, 4.2217e-5, 0.000612146)), (4, (3, 0.000822204, 7.1306e-5, 0.000893814))]), (50128, 16, 0.00096531, [(4, (0, 0.000525502, 1.4597e-5, 0.000540255)), (4, (1, 0.000600611, 0.000122547, 0.000723378)), (4, (2, 0.000871306, 6.4173e-5, 0.000935769)), (4, (3, 0.000801263, 7.3388e-5, 0.000874858))]), (50144, 16, 0.000949583, [(4, (0, 0.000714378, 2.2659e-5, 0.00073724)), (4, (1, 0.000825463, 4.9995e-5, 0.000875685)), (4, (2, 0.000890184, 3.5752e-5, 0.000926131)), (4, (3, 0.000628894, 5.6375e-5, 0.000685478))]), (50160, 16, 0.0007466, [(4, (0, 0.000495396, 2.5435e-5, 0.00052101)), (4, (1, 0.000673769, 6.1783e-5, 0.000735762)), (4, (2, 0.000627357, 4.8861e-5, 0.000676418)), (4, (3, 0.000634173, 6.7418e-5, 0.000701848))]), (50176, 16, 0.001015544, [(4, (0, 0.000553681, 2.203e-5, 0.000575911)), (4, (1, 0.000869288, 0.000116718, 0.000987608)), (4, (2, 0.000743384, 8.5571e-5, 0.000829275)), (4, (3, 0.00071161, 0.000123062, 0.000835454))]), (50192, 16, 0.001403114, [(4, (0, 0.000597957, 2.6189e-5, 0.000624335)), (4, (1, 0.000733408, 4.2073e-5, 0.000775691)), (4, (2, 0.001316587, 5.7856e-5, 0.001374726)), (4, (3, 0.001125293, 6.4274e-5, 0.001189789))]), (50208, 15, 0.000709361, [(4, (0, 0.000604759, 2.4873e-5, 0.000629852)), (4, (1, 0.00063242, 5.4069e-5, 0.000686662)), (4, (2, 0.00063844, 3.9801e-5, 0.000678419)), (3, (3, 0.000536447, 5.9563e-5, 0.000596192))]), (50224, 16, 0.000573486, [(4, (0, 0.000458651, 1.8866e-5, 0.000477726)), (4, (1, 0.000489759, 4.904e-5, 0.000539027)), (4, (2, 0.000487766, 3.0937e-5, 0.000518992)), (4, (3, 0.000493169, 4.2746e-5, 0.000536083))]), (50240, 16, 0.000792848, [(4, (0, 0.000723036, 2.3353e-5, 0.000746575)), (4, (1, 0.000640718, 4.7299e-5, 0.000688211)), (4, (2, 0.000734935, 3.6683e-5, 0.000771822)), (4, (3, 0.000565212, 5.2818e-5, 0.000618256))]), (50256, 15, 0.000600466, [(4, (0, 0.00049682, 2.2023e-5, 0.000519018)), (4, (1, 0.000533419, 4.546e-5, 0.000579056)), (4, (2, 0.000559409, 3.4076e-5, 0.000593676)), (3, (3, 0.000410953, 5.5162e-5, 0.000466317))]), (50272, 16, 0.000969359, [(4, (0, 0.000544415, 2.188e-5, 0.000566492)), (4, (1, 0.000601922, 0.000113181, 0.000715697)), (4, (2, 0.000712017, 3.4351e-5, 0.000746552)), (4, (3, 0.00082236, 0.000110868, 0.000933476))]), (50288, 16, 0.000915442, [(4, (0, 0.000732525, 1.4596e-5, 0.000747278)), (4, (1, 0.000853641, 3.7897e-5, 0.000891733)), (4, (2, 0.000758439, 2.7281e-5, 0.000785915)), (4, (3, 0.000587884, 9.2174e-5, 0.000680267))]), (50304, 16, 0.00070962, [(4, (0, 0.000493086, 1.74e-5, 0.000510676)), (4, (1, 0.00064427, 5.2264e-5, 0.000696819)), (4, (2, 0.000545974, 3.2063e-5, 0.000578251)), (4, (3, 0.000539191, 8.1255e-5, 0.000620912))]), (50320, 16, 0.000752057, [(4, (0, 0.000461705, 2.2821e-5, 0.000484744)), (4, (1, 0.00066506, 7.5785e-5, 0.000741241)), (4, (2, 0.000595738, 4.5828e-5, 0.000641814)), (4, (3, 0.000612232, 9.0989e-5, 0.000703537))]), (50336, 16, 0.001501757, [(4, (0, 0.000877066, 3.0014e-5, 0.000907294)), (4, (1, 0.001326715, 0.000135752, 0.001462897)), (4, (2, 0.001236206, 4.4456e-5, 0.001280857)), (4, (3, 0.001079424, 0.000130149, 0.001209879))]), (50352, 16, 0.001199417, [(4, (0, 0.000535274, 2.8251e-5, 0.000563745)), (4, (1, 0.001035817, 0.000124385, 0.001160495)), (4, (2, 0.000698885, 4.0493e-5, 0.000739553)), (4, (3, 0.000630657, 0.000132223, 0.000763181))]), (50368, 16, 0.000895272, [(4, (0, 0.000577942, 1.2503e-5, 0.000590617)), (4, (1, 0.000831318, 3.2738e-5, 0.000864289)), (4, (2, 0.000612123, 1.7035e-5, 0.000629469)), (4, (3, 0.000584539, 4.2225e-5, 0.000627019))]), (50384, 16, 0.000869229, [(4, (0, 0.000582879, 1.7027e-5, 0.000600119)), (4, (1, 0.000610589, 5.6031e-5, 0.000666957)), (4, (2, 0.000641455, 3.0992e-5, 0.000672639)), (4, (3, 0.000747426, 7.5514e-5, 0.000823292))]), (50400, 15, 0.001103795, [(4, (0, 0.001079799, 2.2757e-5, 0.001102786)), (4, (1, 0.000657126, 5.8279e-5, 0.000715748)), (4, (2, 0.000594183, 3.6304e-5, 0.00063073)), (3, (3, 0.000690013, 4.9186e-5, 0.000739406))]), (50416, 15, 0.000873508, [(4, (0, 0.000590105, 2.2647e-5, 0.000612974)), (4, (1, 0.000634529, 6.2106e-5, 0.000696974)), (4, (2, 0.000806304, 3.9997e-5, 0.000846581)), (3, (3, 0.000480937, 0.000104769, 0.000587213))]), (50432, 16, 0.000729199, [(4, (0, 0.000498542, 2.2885e-5, 0.000521672)), (4, (1, 0.000573058, 6.0122e-5, 0.000633421)), (4, (2, 0.000662608, 4.1441e-5, 0.000704287)), (4, (3, 0.000559192, 5.3167e-5, 0.000612589))]), (50448, 16, 0.000963089, [(4, (0, 0.000703524, 2.3352e-5, 0.000727104)), (4, (1, 0.000560917, 9.9868e-5, 0.000661179)), (4, (2, 0.00086834, 5.1116e-5, 0.00091985)), (4, (3, 0.000619603, 7.5025e-5, 0.000694935))]), (50464, 15, 0.000667521, [(4, (0, 0.000596269, 1.6941e-5, 0.000613414)), (4, (1, 0.000577764, 6.0233e-5, 0.000638356)), (4, (2, 0.000571734, 3.4375e-5, 0.000606416)), (3, (3, 0.000498988, 6.5979e-5, 0.000565721))]), (50480, 15, 0.001168314, [(4, (0, 0.001141315, 2.5943e-5, 0.001167489)), (4, (1, 0.000663871, 5.0256e-5, 0.000714304)), (4, (2, 0.000826618, 3.9284e-5, 0.000866151)), (3, (3, 0.00080941, 6.0745e-5, 0.000870399))]), (50496, 13, 0.000687526, [(4, (0, 0.000599904, 2.4035e-5, 0.000624146)), (3, (1, 0.000433286, 9.7484e-5, 0.000530996)), (3, (2, 0.000483739, 3.9956e-5, 0.000523932)), (3, (3, 0.000490114, 9.5658e-5, 0.000586147))]), (50512, 12, 0.000639556, [(3, (0, 0.000426864, 2.7772e-5, 0.000454847)), (3, (1, 0.00053718, 7.3589e-5, 0.000611045)), (3, (2, 0.000536921, 4.8617e-5, 0.000585784)), (3, (3, 0.000470761, 6.0253e-5, 0.000531213))]), (50528, 16, 0.000702028, [(4, (0, 0.000470123, 2.6934e-5, 0.000497263)), (4, (1, 0.00051905, 3.8505e-5, 0.000557771)), (4, (2, 0.000593055, 5.3075e-5, 0.000646456)), (4, (3, 0.000606999, 5.6177e-5, 0.000663345))]), (50544, 16, 0.000671922, [(4, (0, 0.000510195, 2.1552e-5, 0.000531941)), (4, (1, 0.000524426, 5.336e-5, 0.000577996)), (4, (2, 0.00061351, 3.5887e-5, 0.000649628)), (4, (3, 0.000547912, 4.934e-5, 0.000597476))]), (50560, 12, 0.00072526, [(3, (0, 0.000415151, 1.956e-5, 0.000434897)), (3, (1, 0.000503821, 4.2786e-5, 0.000546832)), (3, (2, 0.000483026, 3.135e-5, 0.000514574)), (3, (3, 0.00063476, 5.017e-5, 0.000685103))]), (50576, 15, 0.000866766, [(4, (0, 0.000729728, 2.8575e-5, 0.000758521)), (4, (1, 0.000623063, 5.8772e-5, 0.000682042)), (4, (2, 0.000802559, 4.1817e-5, 0.000844574)), (3, (3, 0.000491076, 5.4976e-5, 0.000546263))]), (50592, 16, 0.000647753, [(4, (0, 0.000491362, 2.265e-5, 0.000514213)), (4, (1, 0.000561672, 6.6071e-5, 0.000627985)), (4, (2, 0.000534173, 3.4561e-5, 0.000568933)), (4, (3, 0.000549817, 6.1293e-5, 0.000611443))]), (50608, 12, 0.000505707, [(3, (0, 0.000350164, 1.9788e-5, 0.000370159)), (3, (1, 0.000385796, 8.6061e-5, 0.000472035)), (3, (2, 0.000407121, 3.2288e-5, 0.000439597)), (3, (3, 0.000381315, 8.9442e-5, 0.000470947))]), (50624, 7, 0.000378059, [(2, (0, 0.000232031, 1.8557e-5, 0.000250792)), (2, (1, 0.000261051, 9.0508e-5, 0.0003518)), (2, (2, 0.000282818, 3.0855e-5, 0.000313846)), (1, (3, 0.000131868, 9.4495e-5, 0.000226553))]), (50640, 16, 0.000691221, [(4, (0, 0.000538472, 2.199e-5, 0.000560651)), (4, (1, 0.000605278, 6.355e-5, 0.000669035)), (4, (2, 0.000610564, 3.6957e-5, 0.000647742)), (4, (3, 0.000576441, 4.9462e-5, 0.000626126))]), (50656, 16, 0.00095112, [(4, (0, 0.000726494, 2.272e-5, 0.000749414)), (4, (1, 0.00068318, 8.4249e-5, 0.000767618)), (4, (2, 0.000865342, 3.4481e-5, 0.000900023)), (4, (3, 0.000821863, 8.9295e-5, 0.000911368))]), (50672, 15, 0.000839946, [(4, (0, 0.00081488, 2.3941e-5, 0.000839026)), (4, (1, 0.000595275, 5.0873e-5, 0.000646374)), (4, (2, 0.000704978, 3.815e-5, 0.000743348)), (3, (3, 0.000424228, 6.3549e-5, 0.000488071))]), (50688, 15, 0.001002172, [(4, (0, 0.000582467, 2.2285e-5, 0.000604987)), (4, (1, 0.000708096, 5.0661e-5, 0.000758965)), (4, (2, 0.000945671, 3.4497e-5, 0.000980365)), (3, (3, 0.000820721, 0.000111135, 0.000932246))]), (50704, 16, 0.000807257, [(4, (0, 0.000641626, 1.8727e-5, 0.000660564)), (4, (1, 0.000694947, 3.2832e-5, 0.000727957)), (4, (2, 0.000608742, 6.3012e-5, 0.000671981)), (4, (3, 0.000718824, 6.9154e-5, 0.000788174))]), (50720, 15, 0.000904437, [(4, (0, 0.000575512, 2.2598e-5, 0.000598315)), (4, (1, 0.000545272, 4.9749e-5, 0.000595217)), (4, (2, 0.000840367, 3.564e-5, 0.000876192)), (3, (3, 0.000456234, 5.3651e-5, 0.000510126))]), (50736, 16, 0.000965596, [(4, (0, 0.0007531, 1.3203e-5, 0.000766458)), (4, (1, 0.000757949, 5.8788e-5, 0.000816907)), (4, (2, 0.000732324, 5.1943e-5, 0.000784594)), (4, (3, 0.000816207, 0.000105289, 0.000921687))]), (50752, 15, 0.000792631, [(4, (0, 0.000543182, 2.3377e-5, 0.000566768)), (4, (1, 0.00071391, 4.7641e-5, 0.000761731)), (4, (2, 0.000638291, 3.635e-5, 0.000674839)), (3, (3, 0.000485333, 5.4767e-5, 0.000540404))]), (50768, 16, 0.001022854, [(4, (0, 0.000679937, 3.5251e-5, 0.000715382)), (4, (1, 0.000821347, 7.1009e-5, 0.000892627)), (4, (2, 0.000949278, 4.8222e-5, 0.000997694)), (4, (3, 0.000633962, 7.7872e-5, 0.000712067))]), (50784, 15, 0.000981879, [(4, (0, 0.000541462, 5.8915e-5, 0.000600608)), (4, (1, 0.000745964, 0.000208709, 0.000955235)), (4, (2, 0.000720301, 8.0166e-5, 0.000800685)), (3, (3, 0.000535431, 0.000232657, 0.000768715))]), (50800, 16, 0.00106051, [(4, (0, 0.000615496, 2.6457e-5, 0.000642141)), (4, (1, 0.000713764, 6.0747e-5, 0.000774754)), (4, (2, 0.000789495, 4.1638e-5, 0.00083136)), (4, (3, 0.000914897, 8.5942e-5, 0.001001054))]), (50816, 16, 0.000883847, [(4, (0, 0.00055196, 2.852e-5, 0.000580698)), (4, (1, 0.000633391, 5.8632e-5, 0.000692243)), (4, (2, 0.000626932, 4.1287e-5, 0.000668467)), (4, (3, 0.000789068, 5.4828e-5, 0.000844156))]), (50832, 16, 0.000827463, [(4, (0, 0.000590351, 1.7924e-5, 0.000608474)), (4, (1, 0.000681397, 4.6814e-5, 0.000728405)), (4, (2, 0.000661271, 3.3745e-5, 0.000695264)), (4, (3, 0.000684219, 5.0224e-5, 0.000734638))]), (50848, 16, 0.000858683, [(4, (0, 0.000834243, 2.3359e-5, 0.000857796)), (4, (1, 0.000605229, 5.202e-5, 0.000657521)), (4, (2, 0.000609915, 3.7373e-5, 0.000647466)), (4, (3, 0.000676705, 5.5985e-5, 0.000732863))]), (50864, 16, 0.001257586, [(4, (0, 0.001231918, 2.4674e-5, 0.001256815)), (4, (1, 0.000599901, 5.105e-5, 0.000651183)), (4, (2, 0.000617966, 3.6163e-5, 0.00065434)), (4, (3, 0.00056703, 5.5059e-5, 0.000622299))]), (50880, 16, 0.00074508, [(4, (0, 0.000562819, 1.7341e-5, 0.000580365)), (4, (1, 0.000595218, 5.1233e-5, 0.000646679)), (4, (2, 0.000648324, 3.6347e-5, 0.000684905)), (4, (3, 0.000631728, 7.0297e-5, 0.000702701))]), (50896, 16, 0.000757324, [(4, (0, 0.000527044, 2.6424e-5, 0.000553665)), (4, (1, 0.000579998, 5.1209e-5, 0.0006314)), (4, (2, 0.000645946, 4.1299e-5, 0.00068746)), (4, (3, 0.000642964, 5.8488e-5, 0.000701633))]), (50912, 16, 0.00062804, [(4, (0, 0.000485144, 3.1111e-5, 0.000516456)), (4, (1, 0.000551042, 5.8218e-5, 0.000609431)), (4, (2, 0.000534375, 4.5993e-5, 0.000580561)), (4, (3, 0.000522546, 6.2186e-5, 0.000584954))]), (50928, 16, 0.000862634, [(4, (0, 0.000517221, 2.4418e-5, 0.000541864)), (4, (1, 0.00055054, 4.9467e-5, 0.000600232)), (4, (2, 0.000646386, 3.7483e-5, 0.000684072)), (4, (3, 0.000769298, 5.3944e-5, 0.000823449))]), (50944, 16, 0.000556823, [(4, (0, 0.00046255, 1.9404e-5, 0.000482161)), (4, (1, 0.000500218, 4.3973e-5, 0.000544361)), (4, (2, 0.000502158, 3.158e-5, 0.00053396)), (4, (3, 0.000485939, 4.8744e-5, 0.000534906))]), (50960, 13, 0.000708954, [(4, (0, 0.000684035, 2.3817e-5, 0.00070806)), (3, (1, 0.000511048, 4.7578e-5, 0.000558818)), (3, (2, 0.000546703, 3.5864e-5, 0.000582749)), (3, (3, 0.000547499, 5.2665e-5, 0.000600364))]), (50976, 16, 0.000704233, [(4, (0, 0.00043141, 1.9422e-5, 0.000451023)), (4, (1, 0.000490826, 4.5178e-5, 0.000536204)), (4, (2, 0.00045176, 3.1096e-5, 0.000483033)), (4, (3, 0.000615891, 4.9491e-5, 0.000665673))]), (50992, 16, 0.00051617, [(4, (0, 0.000409822, 1.721e-5, 0.000427222)), (4, (1, 0.000440807, 5.0594e-5, 0.000491608)), (4, (2, 0.00044189, 2.9879e-5, 0.000471986)), (4, (3, 0.000439702, 4.3476e-5, 0.000483369))]), (51008, 15, 0.001569731, [(4, (0, 0.000603792, 2.7682e-5, 0.000631708)), (4, (1, 0.000624297, 5.494e-5, 0.000679427)), (4, (2, 0.000704168, 4.1056e-5, 0.000745407)), (3, (3, 0.001450987, 7.2477e-5, 0.001523658))]), (51024, 16, 0.001134877, [(4, (0, 0.000573969, 3.0853e-5, 0.000605079)), (4, (1, 0.001015709, 8.9493e-5, 0.001105482)), (4, (2, 0.0006636, 7.708e-5, 0.000740906)), (4, (3, 0.000693036, 9.6765e-5, 0.000790024))]), (51040, 16, 0.000864139, [(4, (0, 0.000628499, 2.0152e-5, 0.000648845)), (4, (1, 0.000793089, 6.0478e-5, 0.000853822)), (4, (2, 0.000675896, 3.3074e-5, 0.000709197)), (4, (3, 0.000696131, 0.000115782, 0.000813275))]), (51056, 16, 0.000825503, [(4, (0, 0.00067595, 3.5664e-5, 0.000711824)), (4, (1, 0.000719102, 4.9615e-5, 0.000768905)), (4, (2, 0.00073446, 6.809e-5, 0.000802813)), (4, (3, 0.000585397, 0.000113997, 0.000699596))]), (51072, 16, 0.00072341, [(4, (0, 0.000685032, 8.385e-6, 0.000693574)), (4, (1, 0.00064108, 5.4051e-5, 0.000695348)), (4, (2, 0.000673625, 3.9094e-5, 0.000712908)), (4, (3, 0.000618243, 4.8299e-5, 0.000666726))]), (51088, 16, 0.00080916, [(4, (0, 0.000565363, 2.4362e-5, 0.000589911)), (4, (1, 0.000645347, 4.9538e-5, 0.000695095)), (4, (2, 0.00067313, 3.6959e-5, 0.000710274)), (4, (3, 0.000714671, 5.5515e-5, 0.000770405))]), (51104, 16, 0.000989142, [(4, (0, 0.000737953, 2.7332e-5, 0.000765474)), (4, (1, 0.00075857, 5.1111e-5, 0.000809858)), (4, (2, 0.000757404, 3.9638e-5, 0.000797228)), (4, (3, 0.00087099, 8.4845e-5, 0.000956178))]), (51120, 16, 0.000882637, [(4, (0, 0.000591407, 1.546e-5, 0.00060706)), (4, (1, 0.000758229, 3.9216e-5, 0.000797624)), (4, (2, 0.000733776, 2.7369e-5, 0.000761318)), (4, (3, 0.000757799, 9.0146e-5, 0.000848675))]), (51136, 16, 0.000991828, [(4, (0, 0.000681552, 1.8039e-5, 0.000699801)), (4, (1, 0.000757407, 4.4819e-5, 0.000802417)), (4, (2, 0.000833382, 3.0195e-5, 0.000863749)), (4, (3, 0.000903283, 5.0576e-5, 0.000954086))]), (51152, 16, 0.001080894, [(4, (0, 0.000786936, 2.3512e-5, 0.000810624)), (4, (1, 0.000909824, 5.4832e-5, 0.000964868)), (4, (2, 0.000838289, 4.1769e-5, 0.000880294)), (4, (3, 0.000976748, 6.1712e-5, 0.001038662))]), (51168, 16, 0.000829792, [(4, (0, 0.000629867, 1.9277e-5, 0.000649348)), (4, (1, 0.000714439, 4.6551e-5, 0.000761184)), (4, (2, 0.000653849, 3.3803e-5, 0.00068786)), (4, (3, 0.000713361, 6.4e-5, 0.00077764))]), (51184, 16, 0.001033155, [(4, (0, 0.000566605, 2.2264e-5, 0.000589076)), (4, (1, 0.000859941, 5.681e-5, 0.000916918)), (4, (2, 0.000966858, 5.1516e-5, 0.001018605)), (4, (3, 0.00059771, 5.0952e-5, 0.000648858))]), (51200, 16, 0.00081124, [(4, (0, 0.000673666, 1.378e-5, 0.000687643)), (4, (1, 0.000703384, 4.1736e-5, 0.000745349)), (4, (2, 0.000681898, 2.7655e-5, 0.000709784)), (4, (3, 0.000709368, 4.7542e-5, 0.000757156))]), (51216, 16, 0.000758538, [(4, (0, 0.00060916, 2.0345e-5, 0.000629701)), (4, (1, 0.000624453, 9.9546e-5, 0.000724185)), (4, (2, 0.00060105, 3.6203e-5, 0.000637448)), (4, (3, 0.000607617, 0.00010727, 0.000715071))]), (51232, 15, 0.000986565, [(4, (0, 0.000961797, 2.3781e-5, 0.000985783)), (4, (1, 0.000809464, 4.8427e-5, 0.000858097)), (4, (2, 0.00062663, 3.7041e-5, 0.000663882)), (3, (3, 0.000770571, 5.7779e-5, 0.000828604))]), (51248, 16, 0.000813751, [(4, (0, 0.000658334, 1.3298e-5, 0.000671826)), (4, (1, 0.000737226, 5.3152e-5, 0.000790572)), (4, (2, 0.000708352, 2.7983e-5, 0.000736544)), (4, (3, 0.000655103, 5.4054e-5, 0.000709367))]), (51264, 16, 0.000813021, [(4, (0, 0.000784145, 1.776e-5, 0.000802106)), (4, (1, 0.000758676, 4.4841e-5, 0.000803723)), (4, (2, 0.000609413, 3.2e-5, 0.000641622)), (4, (3, 0.000607281, 4.9372e-5, 0.00065686))]), (51280, 16, 0.000683778, [(4, (0, 0.000561889, 1.3554e-5, 0.000575641)), (4, (1, 0.000625199, 3.7987e-5, 0.000663375)), (4, (2, 0.000594533, 2.6228e-5, 0.000620973)), (4, (3, 0.000608587, 4.351e-5, 0.000652302))]), (51296, 16, 0.001161616, [(4, (0, 0.000544769, 2.5811e-5, 0.000570798)), (4, (1, 0.000546031, 4.9926e-5, 0.000596148)), (4, (2, 0.000868973, 3.9131e-5, 0.000908305)), (4, (3, 0.001025269, 5.5763e-5, 0.001081267))]), (51312, 16, 0.000841896, [(4, (0, 0.000727886, 1.0756e-5, 0.000738823)), (4, (1, 0.000687679, 9.6142e-5, 0.000784037)), (4, (2, 0.000600966, 6.1275e-5, 0.000662541)), (4, (3, 0.000739089, 8.0827e-5, 0.000820267))]), (51328, 15, 0.000974946, [(4, (0, 0.000607791, 1.9952e-5, 0.000627949)), (4, (1, 0.000890223, 5.2835e-5, 0.000943262)), (4, (2, 0.000699083, 3.8056e-5, 0.000737353)), (3, (3, 0.000521432, 0.000107788, 0.000629459))]), (51344, 16, 0.000793122, [(4, (0, 0.00059478, 2.0878e-5, 0.000615839)), (4, (1, 0.000720911, 5.0664e-5, 0.00077177)), (4, (2, 0.000602436, 3.5566e-5, 0.000638222)), (4, (3, 0.000552681, 9.5552e-5, 0.000648449))]), (51360, 16, 0.000818784, [(4, (0, 0.000529313, 1.8511e-5, 0.000548013)), (4, (1, 0.000585316, 4.2197e-5, 0.0006277)), (4, (2, 0.000526222, 3.0366e-5, 0.000556781)), (4, (3, 0.000728221, 4.8209e-5, 0.000776612))]), (51376, 15, 0.000783205, [(4, (0, 0.000516765, 2.7691e-5, 0.000544639)), (4, (1, 0.000548741, 4.9291e-5, 0.000598257)), (4, (2, 0.000667282, 8.7358e-5, 0.000754857)), (3, (3, 0.000410695, 0.00010113, 0.000512086))]), (51392, 16, 0.000729689, [(4, (0, 0.000505656, 3.1869e-5, 0.000537716)), (4, (1, 0.000571695, 6.5115e-5, 0.000637036)), (4, (2, 0.000530041, 5.1954e-5, 0.000582215)), (4, (3, 0.000567375, 0.000118955, 0.000686644))]), (51408, 15, 0.000765187, [(4, (0, 0.000631353, 3.5426e-5, 0.000666972)), (4, (1, 0.000664421, 7.7603e-5, 0.000742244)), (4, (2, 0.000694192, 4.9863e-5, 0.000744269)), (3, (3, 0.000482749, 6.6179e-5, 0.000549117))]), (51424, 15, 0.00107036, [(4, (0, 0.001042261, 2.6842e-5, 0.001069307)), (4, (1, 0.000917234, 0.000101781, 0.001019247)), (4, (2, 0.000588709, 4.2225e-5, 0.00063116)), (3, (3, 0.000556789, 5.3839e-5, 0.000610836))]), (51440, 15, 0.000836754, [(4, (0, 0.000525365, 3.3701e-5, 0.000559273)), (4, (1, 0.000677716, 0.000133025, 0.00081104)), (4, (2, 0.000600411, 5.7866e-5, 0.000658512)), (3, (3, 0.000466165, 0.00013128, 0.000597643))]), (51456, 11, 0.000731491, [(3, (0, 0.000653801, 2.9827e-5, 0.000683834)), (3, (1, 0.000594015, 0.000114492, 0.000708691)), (3, (2, 0.00042208, 4.241e-5, 0.000464679)), (2, (3, 0.00032005, 0.000165147, 0.000485425))]), (51472, 15, 0.000991765, [(4, (0, 0.000607291, 1.8444e-5, 0.000625885)), (4, (1, 0.000798386, 0.000165372, 0.000963959)), (4, (2, 0.000803852, 3.5548e-5, 0.00083959)), (3, (3, 0.000439862, 0.000116258, 0.000556339))]), (51488, 10, 0.000569691, [(3, (0, 0.000443408, 1.8697e-5, 0.000462305)), (3, (1, 0.000497001, 4.8632e-5, 0.000545863)), (2, (2, 0.000435512, 3.2204e-5, 0.00046794)), (2, (3, 0.000280959, 9.2591e-5, 0.00037375))]), (51504, 13, 0.000815869, [(4, (0, 0.000788167, 2.6788e-5, 0.000815146)), (3, (1, 0.00049009, 5.5497e-5, 0.000545783)), (3, (2, 0.000475498, 4.1777e-5, 0.000517474)), (3, (3, 0.000434161, 7.7377e-5, 0.000512032))]), (51520, 12, 0.000736608, [(3, (0, 0.000435401, 2.4785e-5, 0.000460395)), (3, (1, 0.000528044, 0.000125574, 0.000653805)), (3, (2, 0.000637379, 7.6924e-5, 0.000714515)), (3, (3, 0.000427397, 0.000177624, 0.000605248))]), (51536, 11, 0.000737491, [(3, (0, 0.000433632, 2.0903e-5, 0.000454723)), (3, (1, 0.000624413, 8.9877e-5, 0.000714565)), (3, (2, 0.000651785, 3.2649e-5, 0.000684607)), (2, (3, 0.000543951, 0.000129458, 0.000673917))]), (51552, 16, 0.00096495, [(4, (0, 0.000585905, 2.2479e-5, 0.00060854)), (4, (1, 0.000838064, 5.7675e-5, 0.000895939)), (4, (2, 0.000831536, 4.6897e-5, 0.00087861)), (4, (3, 0.000559121, 6.3841e-5, 0.000623154))]), (51568, 10, 0.000625839, [(3, (0, 0.00043893, 2.0259e-5, 0.000459377)), (3, (1, 0.000557405, 4.6452e-5, 0.000604058)), (2, (2, 0.000321738, 3.1975e-5, 0.000353895)), (2, (3, 0.000344554, 8.8988e-5, 0.000434426))]), (51584, 14, 0.000704517, [(4, (0, 0.000603434, 2.3926e-5, 0.000627568)), (4, (1, 0.000609753, 4.7984e-5, 0.000657926)), (3, (2, 0.000462342, 3.5729e-5, 0.000498256)), (3, (3, 0.0006182, 5.3639e-5, 0.000672035))]), (51600, 16, 0.00087014, [(4, (0, 0.00065049, 2.3808e-5, 0.000674474)), (4, (1, 0.000632712, 5.3592e-5, 0.000686502)), (4, (2, 0.000809296, 3.9319e-5, 0.000848819)), (4, (3, 0.000591773, 6.4438e-5, 0.00065643))]), (51616, 15, 0.000811876, [(4, (0, 0.000786267, 2.4678e-5, 0.000811147)), (4, (1, 0.00056904, 5.121e-5, 0.000620456)), (4, (2, 0.000573053, 3.8974e-5, 0.000612245)), (3, (3, 0.000481139, 5.7496e-5, 0.000538872))]), (51632, 16, 0.000912456, [(4, (0, 0.000600454, 2.273e-5, 0.000623389)), (4, (1, 0.000601394, 5.3235e-5, 0.000654826)), (4, (2, 0.000778007, 3.8351e-5, 0.000816584)), (4, (3, 0.000772367, 8.7799e-5, 0.000860835))]), (51648, 16, 0.000719936, [(4, (0, 0.000593741, 3.3682e-5, 0.000627631)), (4, (1, 0.000520342, 6.3696e-5, 0.000584203)), (4, (2, 0.000517199, 4.8441e-5, 0.000565851)), (4, (3, 0.000619941, 6.0583e-5, 0.000680716))]), (51664, 16, 0.000585698, [(4, (0, 0.000445679, 2.7509e-5, 0.000473389)), (4, (1, 0.000503172, 6.0389e-5, 0.00056377)), (4, (2, 0.000490744, 4.1874e-5, 0.000532829)), (4, (3, 0.000476738, 6.2541e-5, 0.000539494))]), (51680, 16, 0.001127333, [(4, (0, 0.000813135, 2.4738e-5, 0.000838061)), (4, (1, 0.00104031, 5.5025e-5, 0.001095556)), (4, (2, 0.000630292, 3.6941e-5, 0.000667436)), (4, (3, 0.000598168, 5.2372e-5, 0.000650846))]), (51696, 16, 0.001262875, [(4, (0, 0.00093096, 2.7768e-5, 0.000958931)), (4, (1, 0.001138869, 0.000100704, 0.001239782)), (4, (2, 0.000768448, 4.4278e-5, 0.000813012)), (4, (3, 0.00078204, 9.4197e-5, 0.00087645))]), (51712, 11, 0.000788565, [(3, (0, 0.00059565, 2.0924e-5, 0.000616783)), (3, (1, 0.000723551, 5.2132e-5, 0.000775922)), (3, (2, 0.000534324, 3.8332e-5, 0.000572898)), (2, (3, 0.00064685, 9.7301e-5, 0.000744859))]), (51728, 11, 0.000699531, [(3, (0, 0.000648537, 2.5411e-5, 0.000674147)), (3, (1, 0.000628185, 5.7838e-5, 0.000686234)), (3, (2, 0.00057802, 4.6424e-5, 0.00062481)), (2, (3, 0.000272878, 6.1742e-5, 0.000334831))]), (51744, 16, 0.001228596, [(4, (0, 0.000903202, 2.4491e-5, 0.000927914)), (4, (1, 0.000916541, 5.7056e-5, 0.000973801)), (4, (2, 0.000656203, 4.4856e-5, 0.000701297)), (4, (3, 0.001103039, 6.5756e-5, 0.001169047))]), (51760, 16, 0.000880313, [(4, (0, 0.00085767, 2.1566e-5, 0.000879439)), (4, (1, 0.000601223, 4.7936e-5, 0.000649343)), (4, (2, 0.000804893, 3.621e-5, 0.00084133)), (4, (3, 0.000622663, 5.5337e-5, 0.000678223))]), (51776, 16, 0.000958497, [(4, (0, 0.000568422, 6.809e-5, 0.000636802)), (4, (1, 0.000627531, 0.000144212, 0.000772049)), (4, (2, 0.000804957, 0.000125275, 0.000930438)), (4, (3, 0.000693106, 0.000148462, 0.000841751))]), (51792, 11, 0.000714507, [(3, (0, 0.00054749, 3.9085e-5, 0.000586802)), (3, (1, 0.00049423, 8.0289e-5, 0.000574712)), (3, (2, 0.000632032, 5.8967e-5, 0.000691187)), (2, (3, 0.000316609, 7.2031e-5, 0.000388869))]), (51808, 15, 0.001239552, [(4, (0, 0.000839407, 1.7642e-5, 0.000857235)), (4, (1, 0.001032178, 0.000176098, 0.001208585)), (4, (2, 0.000713386, 5.9826e-5, 0.000773451)), (3, (3, 0.000478097, 7.2923e-5, 0.000551375))]), (51824, 13, 0.001020893, [(4, (0, 0.000993033, 2.6842e-5, 0.001020097)), (3, (1, 0.00062372, 9.4569e-5, 0.000718498)), (3, (2, 0.000525825, 0.000109761, 0.000635941)), (3, (3, 0.000421975, 0.000126782, 0.000548948))]), (51840, 8, 0.000496974, [(2, (0, 0.000469544, 2.2339e-5, 0.000492089)), (2, (1, 0.000376054, 9.1662e-5, 0.000467919)), (2, (2, 0.000389068, 3.8505e-5, 0.000427802)), (2, (3, 0.000373754, 9.9578e-5, 0.000473532))]), (51856, 13, 0.000927849, [(4, (0, 0.000864013, 1.7201e-5, 0.000881433)), (3, (1, 0.00066747, 4.1797e-5, 0.000709456)), (3, (2, 0.00087418, 2.9542e-5, 0.000903942)), (3, (3, 0.000648172, 5.3878e-5, 0.000702224))]), (51872, 16, 0.000967398, [(4, (0, 0.000686213, 1.9032e-5, 0.000705451)), (4, (1, 0.000848022, 5.2361e-5, 0.00090059)), (4, (2, 0.000903115, 3.5786e-5, 0.000939095)), (4, (3, 0.00068797, 5.625e-5, 0.000744391))]), (51888, 15, 0.000730261, [(4, (0, 0.00063387, 2.4789e-5, 0.000658879)), (4, (1, 0.000635317, 7.099e-5, 0.000706644)), (4, (2, 0.000596232, 3.9656e-5, 0.000636095)), (3, (3, 0.000466132, 7.7937e-5, 0.000544358))]), (51904, 16, 0.000745538, [(4, (0, 0.000450674, 2.143e-5, 0.000472307)), (4, (1, 0.00066553, 5.7033e-5, 0.000722789)), (4, (2, 0.000601235, 3.824e-5, 0.000639745)), (4, (3, 0.000504638, 4.8882e-5, 0.000553716))]), (51920, 15, 0.000902535, [(4, (0, 0.000870491, 3.0687e-5, 0.000901383)), (4, (1, 0.000589603, 5.8716e-5, 0.000648676)), (4, (2, 0.000587532, 4.4763e-5, 0.0006325)), (3, (3, 0.000480004, 6.2491e-5, 0.000542687))]), (51936, 16, 0.000723023, [(4, (0, 0.000582567, 2.5383e-5, 0.000608155)), (4, (1, 0.000638455, 6.062e-5, 0.000699435)), (4, (2, 0.000666496, 4.4799e-5, 0.000711551)), (4, (3, 0.000619534, 6.5358e-5, 0.000685121))]), (51952, 16, 0.000714431, [(4, (0, 0.000488865, 2.022e-5, 0.000509284)), (4, (1, 0.000578833, 0.000123, 0.000702131)), (4, (2, 0.000551383, 8.9153e-5, 0.000640892)), (4, (3, 0.000545593, 0.000101099, 0.000646897))]), (51968, 15, 0.000864646, [(4, (0, 0.000670657, 2.3892e-5, 0.00069477)), (4, (1, 0.000712538, 5.1774e-5, 0.000764509)), (4, (2, 0.000801413, 4.0478e-5, 0.000842106)), (3, (3, 0.00055009, 9.4191e-5, 0.000644645))]), (51984, 16, 0.00084721, [(4, (0, 0.00070905, 1.5842e-5, 0.0007251)), (4, (1, 0.000784429, 3.9581e-5, 0.000824227)), (4, (2, 0.000731801, 2.7815e-5, 0.000759827)), (4, (3, 0.000728283, 4.4979e-5, 0.000773488))]), (52000, 16, 0.000933004, [(4, (0, 0.000617364, 2.9629e-5, 0.000647198)), (4, (1, 0.000803915, 0.000100291, 0.000904595)), (4, (2, 0.000653798, 4.4814e-5, 0.000698818)), (4, (3, 0.000644652, 9.7671e-5, 0.000742598))]), (52016, 16, 0.000735916, [(4, (0, 0.000559408, 2.1229e-5, 0.000580836)), (4, (1, 0.000674287, 3.4883e-5, 0.000712507)), (4, (2, 0.000557143, 4.9121e-5, 0.00060644)), (4, (3, 0.000592835, 5.5924e-5, 0.000649008))]), (52032, 16, 0.000712314, [(4, (0, 0.000485839, 1.9172e-5, 0.00050522)), (4, (1, 0.000646221, 4.3873e-5, 0.000690301)), (4, (2, 0.000547163, 3.1553e-5, 0.000578921)), (4, (3, 0.0005465, 5.2025e-5, 0.000598746))]), (52048, 15, 0.000615018, [(4, (0, 0.000487461, 2.474e-5, 0.000512414)), (4, (1, 0.000540642, 4.9285e-5, 0.000590105)), (4, (2, 0.000576552, 3.6833e-5, 0.00061359)), (3, (3, 0.000488434, 5.5279e-5, 0.000544099))]), (52064, 16, 0.000850591, [(4, (0, 0.000564111, 1.6817e-5, 0.000581138)), (4, (1, 0.000631297, 9.1048e-5, 0.000722614)), (4, (2, 0.000714619, 2.8707e-5, 0.000743513)), (4, (3, 0.000710004, 0.000100632, 0.000810906))]), (52080, 16, 0.000928203, [(4, (0, 0.000661164, 1.8366e-5, 0.000679736)), (4, (1, 0.000776851, 3.0176e-5, 0.000807265)), (4, (2, 0.00084939, 5.1042e-5, 0.000900792)), (4, (3, 0.000708104, 5.6582e-5, 0.000764907))]), (52096, 16, 0.000774473, [(4, (0, 0.000749358, 2.3938e-5, 0.000773505)), (4, (1, 0.000624696, 9.9687e-5, 0.000724682)), (4, (2, 0.0005703, 3.6367e-5, 0.000606872)), (4, (3, 0.000573475, 9.4953e-5, 0.000668683))]), (52112, 16, 0.000804596, [(4, (0, 0.000662027, 2.0092e-5, 0.000682338)), (4, (1, 0.000661903, 4.8822e-5, 0.000710995)), (4, (2, 0.000760955, 3.6409e-5, 0.000797737)), (4, (3, 0.000625277, 5.5892e-5, 0.000681384))]), (52128, 16, 0.0008546, [(4, (0, 0.000816793, 3.636e-5, 0.000853461)), (4, (1, 0.00077204, 6.7776e-5, 0.000840059)), (4, (2, 0.000668106, 5.523e-5, 0.000723734)), (4, (3, 0.00063836, 7.5854e-5, 0.000714477))]), (52144, 16, 0.000865381, [(4, (0, 0.000649787, 2.757e-5, 0.000677636)), (4, (1, 0.000718389, 8.3948e-5, 0.000802585)), (4, (2, 0.000784957, 6.5028e-5, 0.000850351)), (4, (3, 0.000763301, 7.913e-5, 0.000842928))]), (52160, 16, 0.000950788, [(4, (0, 0.000708812, 2.9622e-5, 0.000738679)), (4, (1, 0.000733191, 6.9339e-5, 0.000802726)), (4, (2, 0.000602599, 4.4144e-5, 0.000646967)), (4, (3, 0.000820005, 7.8557e-5, 0.00089896))]), (52176, 16, 0.001040258, [(4, (0, 0.000547665, 2.7113e-5, 0.000575005)), (4, (1, 0.000695692, 5.7128e-5, 0.00075309)), (4, (2, 0.000843482, 4.1614e-5, 0.00088537)), (4, (3, 0.000870535, 0.000122578, 0.000993526))]), (52192, 16, 0.000868735, [(4, (0, 0.000620489, 3.117e-5, 0.000651926)), (4, (1, 0.000768836, 7.1209e-5, 0.000840427)), (4, (2, 0.000759567, 4.7905e-5, 0.000807724)), (4, (3, 0.000617496, 6.5261e-5, 0.000683083))]), (52208, 16, 0.000890977, [(4, (0, 0.000525002, 2.5296e-5, 0.000550534)), (4, (1, 0.000805366, 5.9654e-5, 0.000865304)), (4, (2, 0.00065178, 4.7949e-5, 0.000700116)), (4, (3, 0.000689174, 6.614e-5, 0.000755638))]), (52224, 16, 0.00090057, [(4, (0, 0.000706155, 2.8021e-5, 0.000734367)), (4, (1, 0.000669859, 8.3007e-5, 0.00075308)), (4, (2, 0.000713056, 4.4019e-5, 0.000757476)), (4, (3, 0.000766968, 8.9495e-5, 0.000856852))]), (52240, 16, 0.000794355, [(4, (0, 0.000601581, 2.47e-5, 0.000626537)), (4, (1, 0.000646017, 5.2877e-5, 0.000699113)), (4, (2, 0.000569156, 4.1528e-5, 0.000610925)), (4, (3, 0.000693549, 5.9835e-5, 0.000753763))]), (52256, 16, 0.000853727, [(4, (0, 0.000789509, 1.8107e-5, 0.000807794)), (4, (1, 0.000747798, 6.7905e-5, 0.000815966)), (4, (2, 0.000663726, 5.5385e-5, 0.000719484)), (4, (3, 0.000749158, 6.2758e-5, 0.000812134))]), (52272, 16, 0.000957566, [(4, (0, 0.000834071, 2.4125e-5, 0.000858456)), (4, (1, 0.000872649, 5.9513e-5, 0.0009324)), (4, (2, 0.000748964, 4.039e-5, 0.000789589)), (4, (3, 0.000682463, 5.3084e-5, 0.000735791))]), (52288, 16, 0.00119636, [(4, (0, 0.001172465, 2.1955e-5, 0.001194656)), (4, (1, 0.000690213, 5.7243e-5, 0.000747803)), (4, (2, 0.000692491, 3.7705e-5, 0.000730446)), (4, (3, 0.000722097, 6.5766e-5, 0.000788202))]), (52304, 16, 0.001046743, [(4, (0, 0.000681994, 3.2775e-5, 0.000715239)), (4, (1, 0.000689083, 9.6027e-5, 0.000785752)), (4, (2, 0.00096595, 5.0968e-5, 0.001017296)), (4, (3, 0.000752534, 6.8615e-5, 0.000821481))]), (52320, 16, 0.000742979, [(4, (0, 0.00054625, 2.1395e-5, 0.000567913)), (4, (1, 0.000658164, 5.1073e-5, 0.0007095)), (4, (2, 0.0005956, 4.1834e-5, 0.000637786)), (4, (3, 0.000594187, 5.9845e-5, 0.00065432))]), (52336, 16, 0.001297121, [(4, (0, 0.000681926, 2.4079e-5, 0.000706279)), (4, (1, 0.001206059, 5.4636e-5, 0.001260955)), (4, (2, 0.00067578, 4.0556e-5, 0.000716574)), (4, (3, 0.000667442, 6.2446e-5, 0.000730192))]), (52352, 14, 0.000877386, [(4, (0, 0.000849598, 2.6577e-5, 0.00087643)), (4, (1, 0.000574777, 5.4371e-5, 0.000629359)), (3, (2, 0.000592255, 4.2235e-5, 0.000634795)), (3, (3, 0.000525226, 6.2892e-5, 0.000588475))]), (52368, 16, 0.000958202, [(4, (0, 0.00055335, 2.5479e-5, 0.00057908)), (4, (1, 0.000584869, 5.6011e-5, 0.00064113)), (4, (2, 0.000651873, 4.1051e-5, 0.000693169)), (4, (3, 0.000843654, 6.4919e-5, 0.000908894))]), (52384, 16, 0.000816978, [(4, (0, 0.000795742, 1.946e-5, 0.000815444)), (4, (1, 0.000599304, 3.6903e-5, 0.000636439)), (4, (2, 0.000605172, 4.9061e-5, 0.000654451)), (4, (3, 0.000569537, 5.6666e-5, 0.000626453))]), (52400, 16, 0.000956227, [(4, (0, 0.000673698, 2.9389e-5, 0.000703313)), (4, (1, 0.000855647, 7.237e-5, 0.000928256)), (4, (2, 0.000876918, 5.0243e-5, 0.000927528)), (4, (3, 0.000844915, 6.84e-5, 0.000913777))]), (52416, 15, 0.001071592, [(4, (0, 0.000845973, 2.5717e-5, 0.000871928)), (4, (1, 0.000984477, 5.0558e-5, 0.001035252)), (4, (2, 0.000812814, 3.895e-5, 0.000852008)), (3, (3, 0.000956269, 6.3692e-5, 0.001020346))]), (52432, 16, 0.001130107, [(4, (0, 0.000584078, 2.8972e-5, 0.000613269)), (4, (1, 0.000650541, 6.0287e-5, 0.000711086)), (4, (2, 0.000831348, 4.3005e-5, 0.000874567)), (4, (3, 0.000965848, 6.2899e-5, 0.001029112))]), (52448, 16, 0.00108035, [(4, (0, 0.000685349, 2.8166e-5, 0.00071375)), (4, (1, 0.000852351, 5.8831e-5, 0.000911544)), (4, (2, 0.001006878, 4.0654e-5, 0.001047779)), (4, (3, 0.000815444, 6.166e-5, 0.000877409))]), (52464, 16, 0.000825914, [(4, (0, 0.000799916, 2.1995e-5, 0.000822183)), (4, (1, 0.000675419, 6.1009e-5, 0.000736651)), (4, (2, 0.000601233, 3.8929e-5, 0.000640368)), (4, (3, 0.000742466, 5.6149e-5, 0.000798961))]), (52480, 16, 0.001071877, [(4, (0, 0.000762929, 2.8588e-5, 0.000791756)), (4, (1, 0.00097548, 6.3334e-5, 0.001039206)), (4, (2, 0.001022195, 4.5804e-5, 0.001068252)), (4, (3, 0.000860935, 6.9421e-5, 0.000930703))]), (52496, 16, 0.001111075, [(4, (0, 0.000611449, 3.6521e-5, 0.000648187)), (4, (1, 0.000835052, 0.000114172, 0.000949551)), (4, (2, 0.000607292, 5.4163e-5, 0.000661682)), (4, (3, 0.000972132, 9.4476e-5, 0.001066878))]), (52512, 16, 0.001051197, [(4, (0, 0.000727872, 3.1882e-5, 0.000759995)), (4, (1, 0.000961273, 6.1737e-5, 0.001023269)), (4, (2, 0.000701015, 4.6788e-5, 0.000748106)), (4, (3, 0.00078051, 6.7727e-5, 0.000848484))]), (52528, 16, 0.001336984, [(4, (0, 0.000625077, 2.366e-5, 0.00064894)), (4, (1, 0.001250414, 5.7601e-5, 0.001308318)), (4, (2, 0.000772013, 4.0047e-5, 0.000812341)), (4, (3, 0.000678871, 6.27e-5, 0.000741979))]), (52544, 16, 0.001467368, [(4, (0, 0.00077633, 2.3151e-5, 0.000799731)), (4, (1, 0.000921738, 5.4583e-5, 0.000976577)), (4, (2, 0.00071563, 4.291e-5, 0.000758845)), (4, (3, 0.001351455, 6.4301e-5, 0.001416119))]), (52560, 16, 0.001140377, [(4, (0, 0.000608991, 3.5446e-5, 0.000644636)), (4, (1, 0.001041359, 6.7935e-5, 0.001109537)), (4, (2, 0.000607963, 5.0349e-5, 0.00065857)), (4, (3, 0.000900933, 6.5913e-5, 0.000967192))]), (52576, 16, 0.000865418, [(4, (0, 0.000631429, 2.5903e-5, 0.000657583)), (4, (1, 0.000688158, 6.0609e-5, 0.000749059)), (4, (2, 0.000642054, 4.0424e-5, 0.000682725)), (4, (3, 0.000777227, 5.1614e-5, 0.000829158))]), (52592, 16, 0.000868308, [(4, (0, 0.00062845, 5.5949e-5, 0.000684651)), (4, (1, 0.000688444, 9.1463e-5, 0.000780148)), (4, (2, 0.000694272, 7.9873e-5, 0.000774571)), (4, (3, 0.000725821, 9.7083e-5, 0.000823194))]), (52608, 16, 0.000868242, [(4, (0, 0.000557793, 2.1992e-5, 0.000580051)), (4, (1, 0.000666151, 5.2108e-5, 0.000718494)), (4, (2, 0.000724715, 3.7365e-5, 0.000762317)), (4, (3, 0.000770731, 5.7834e-5, 0.000828804))]), (52624, 16, 0.001092825, [(4, (0, 0.000623162, 1.2735e-5, 0.000636081)), (4, (1, 0.000702666, 2.4697e-5, 0.000727586)), (4, (2, 0.000704892, 1.568e-5, 0.000720884)), (4, (3, 0.001005318, 3.0624e-5, 0.001036183))]), (52640, 12, 0.001560632, [(3, (0, 0.000443286, 2.2503e-5, 0.00046604)), (3, (1, 0.00146012, 5.821e-5, 0.001518753)), (3, (2, 0.000587226, 3.7307e-5, 0.000624805)), (3, (3, 0.000620542, 5.4174e-5, 0.000674992))]), (52656, 16, 0.001327136, [(4, (0, 0.001039246, 2.838e-5, 0.001067847)), (4, (1, 0.001130255, 5.6693e-5, 0.001187196)), (4, (2, 0.001254407, 4.2784e-5, 0.001297539)), (4, (3, 0.00113178, 6.5691e-5, 0.001197728))]), (52672, 7, 0.000714422, [(2, (0, 0.000548919, 2.137e-5, 0.000570535)), (2, (1, 0.000616972, 6.3169e-5, 0.000680429)), (2, (2, 0.000596748, 4.2422e-5, 0.000639577)), (1, (3, 0.000276157, 6.7801e-5, 0.000344177))]), (52688, 15, 0.001425976, [(4, (0, 0.001408607, 1.5823e-5, 0.001424639)), (4, (1, 0.001112131, 6.4523e-5, 0.001176906)), (4, (2, 0.00133202, 4.5979e-5, 0.001378256)), (3, (3, 0.001053007, 6.4883e-5, 0.001118266))]), (52704, 15, 0.001346068, [(4, (0, 0.001060452, 2.6712e-5, 0.001087397)), (4, (1, 0.001247938, 6.1541e-5, 0.001309697)), (4, (2, 0.001169709, 4.497e-5, 0.00121494)), (3, (3, 0.000862485, 7.4479e-5, 0.000937329))]), (52720, 15, 0.001101708, [(4, (0, 0.000807394, 2.9905e-5, 0.000837545)), (4, (1, 0.000921558, 6.1236e-5, 0.000983015)), (4, (2, 0.001025238, 4.4849e-5, 0.001070457)), (3, (3, 0.000769908, 7.1842e-5, 0.000842113))]), (52736, 16, 0.00069891, [(4, (0, 0.000460136, 2.9783e-5, 0.000490208)), (4, (1, 0.000603615, 6.5845e-5, 0.00066979)), (4, (2, 0.000568378, 5.2877e-5, 0.000621662)), (4, (3, 0.000508476, 7.4696e-5, 0.000583476))]), (52752, 16, 0.000785204, [(4, (0, 0.000505856, 3.1781e-5, 0.00053791)), (4, (1, 0.000690477, 6.177e-5, 0.000752562)), (4, (2, 0.000481808, 4.7612e-5, 0.000529689)), (4, (3, 0.000543111, 6.5426e-5, 0.000608779))]), (52768, 10, 0.000538786, [(3, (0, 0.000506571, 3.1201e-5, 0.000538027)), (3, (1, 0.000402538, 6.0266e-5, 0.000463046)), (2, (2, 0.000283543, 4.5805e-5, 0.000329608)), (2, (3, 0.000291871, 6.8516e-5, 0.000360754))]), (52784, 16, 0.000809982, [(4, (0, 0.000647827, 2.5927e-5, 0.000674005)), (4, (1, 0.000713907, 6.3828e-5, 0.000777933)), (4, (2, 0.000711685, 4.1173e-5, 0.0007531)), (4, (3, 0.000682849, 5.761e-5, 0.00074074))]), (52800, 16, 0.000840059, [(4, (0, 0.000616425, 3.3303e-5, 0.000649983)), (4, (1, 0.000546012, 6.7645e-5, 0.000613879)), (4, (2, 0.000695793, 4.6356e-5, 0.000742338)), (4, (3, 0.000727455, 6.5481e-5, 0.000793319))]), (52816, 15, 0.000784647, [(4, (0, 0.000747621, 3.5832e-5, 0.000783724)), (4, (1, 0.000609398, 5.0939e-5, 0.000660583)), (4, (2, 0.0006057, 6.5872e-5, 0.000671747)), (3, (3, 0.000597239, 7.589e-5, 0.000673611))]), (52832, 15, 0.000857094, [(4, (0, 0.000564053, 3.1278e-5, 0.000595601)), (4, (1, 0.000730199, 0.000102361, 0.000832893)), (4, (2, 0.000572138, 4.4493e-5, 0.000616824)), (3, (3, 0.000609508, 0.000147432, 0.00075764))]), (52848, 13, 0.001283202, [(4, (0, 0.000892862, 2.2962e-5, 0.000916043)), (3, (1, 0.000476045, 5.5595e-5, 0.000531843)), (3, (2, 0.000441678, 3.5391e-5, 0.000477289)), (3, (3, 0.001191052, 4.8594e-5, 0.001239867))]), (52864, 13, 0.000842319, [(4, (0, 0.000806967, 3.4132e-5, 0.000841353)), (3, (1, 0.000515013, 6.8842e-5, 0.000584167)), (3, (2, 0.000575737, 8.0832e-5, 0.00065676)), (3, (3, 0.000651906, 8.7053e-5, 0.00073925))]), (52880, 15, 0.001002621, [(4, (0, 0.000626758, 3.4421e-5, 0.000661396)), (4, (1, 0.00081196, 0.000151686, 0.000964094)), (4, (2, 0.000867303, 5.2001e-5, 0.000919606)), (3, (3, 0.000538231, 6.5386e-5, 0.000603921))]), (52896, 14, 0.001112309, [(4, (0, 0.000985629, 3.5615e-5, 0.001021512)), (4, (1, 0.000968012, 0.000113179, 0.001081474)), (3, (2, 0.000971514, 5.2425e-5, 0.001024195)), (3, (3, 0.000757356, 0.000122752, 0.000880385))]), (52912, 16, 0.001053209, [(4, (0, 0.000607593, 2.3219e-5, 0.000631068)), (4, (1, 0.000778548, 5.6406e-5, 0.000835327)), (4, (2, 0.000725605, 3.9681e-5, 0.000765563)), (4, (3, 0.000946209, 6.227e-5, 0.001008718))]), (52928, 16, 0.001672037, [(4, (0, 0.001245086, 3.0928e-5, 0.001276383)), (4, (1, 0.001506912, 7.1887e-5, 0.001579078)), (4, (2, 0.001584391, 4.8234e-5, 0.001632872)), (4, (3, 0.00136184, 7.9352e-5, 0.001441555))]), (52944, 14, 0.001329536, [(4, (0, 0.001004873, 3.2154e-5, 0.001037391)), (4, (1, 0.001231095, 6.505e-5, 0.001296437)), (3, (2, 0.000946565, 4.4673e-5, 0.000991489)), (3, (3, 0.000783473, 7.5052e-5, 0.000858723))]), (52960, 16, 0.000865416, [(4, (0, 0.000617739, 2.4278e-5, 0.000642258)), (4, (1, 0.000663639, 5.3033e-5, 0.000716948)), (4, (2, 0.000798273, 3.9532e-5, 0.00083819)), (4, (3, 0.000722632, 6.323e-5, 0.000786079))]), (52976, 14, 0.001030072, [(4, (0, 0.000891542, 2.8873e-5, 0.000920644)), (4, (1, 0.00094376, 6.1142e-5, 0.001005142)), (3, (2, 0.000888737, 4.5425e-5, 0.000934469)), (3, (3, 0.00070231, 6.7953e-5, 0.000770518))]), (52992, 15, 0.000819707, [(4, (0, 0.000598312, 1.9027e-5, 0.000617572)), (4, (1, 0.000741362, 5.0241e-5, 0.000791851)), (4, (2, 0.000725065, 3.4841e-5, 0.000760139)), (3, (3, 0.000540296, 5.743e-5, 0.000597934))]), (53008, 14, 0.000967384, [(4, (0, 0.000885276, 3.579e-5, 0.000921269)), (4, (1, 0.000766335, 4.9569e-5, 0.000816122)), (3, (2, 0.000873648, 6.802e-5, 0.000941937)), (3, (3, 0.000692794, 8.2174e-5, 0.000775226))]), (53024, 16, 0.001003543, [(4, (0, 0.000690604, 2.3239e-5, 0.000714045)), (4, (1, 0.00075206, 6.0114e-5, 0.000812516)), (4, (2, 0.000943669, 3.6687e-5, 0.000980551)), (4, (3, 0.00068998, 4.8462e-5, 0.000738681))]), (53040, 16, 0.000915994, [(4, (0, 0.000643388, 1.9493e-5, 0.000663088)), (4, (1, 0.000835667, 4.6482e-5, 0.00088245)), (4, (2, 0.000835814, 3.1848e-5, 0.00086788)), (4, (3, 0.000747147, 5.4611e-5, 0.000801993))]), (53056, 16, 0.000981264, [(4, (0, 0.0008382, 3.3272e-5, 0.000871691)), (4, (1, 0.000773673, 0.000103056, 0.000876926)), (4, (2, 0.000816432, 4.9396e-5, 0.000866012)), (4, (3, 0.00082052, 0.000108247, 0.000929158))]), (53072, 15, 0.000888697, [(4, (0, 0.000856727, 3.07e-5, 0.000887697)), (4, (1, 0.000722265, 5.676e-5, 0.000779246)), (4, (2, 0.000721664, 4.3666e-5, 0.000765563)), (3, (3, 0.000722998, 6.2443e-5, 0.000785711))]), (53088, 13, 0.00075069, [(4, (0, 0.000702313, 2.6828e-5, 0.000729408)), (3, (1, 0.00064017, 5.9841e-5, 0.000700303)), (3, (2, 0.000698757, 4.1035e-5, 0.000740036)), (3, (3, 0.000567799, 6.1525e-5, 0.000629539))]), (53104, 16, 0.000794216, [(4, (0, 0.000688638, 2.6002e-5, 0.000714846)), (4, (1, 0.000700833, 6.2088e-5, 0.000763137)), (4, (2, 0.000717072, 4.1575e-5, 0.000758849)), (4, (3, 0.000588825, 5.9396e-5, 0.000648517))]), (53120, 13, 0.000709437, [(4, (0, 0.000678599, 2.9717e-5, 0.000708583)), (3, (1, 0.000523222, 6.1657e-5, 0.000585083)), (3, (2, 0.000531279, 4.2348e-5, 0.000573807)), (3, (3, 0.000451382, 6.4034e-5, 0.000515653))]), (53136, 8, 0.000530144, [(2, (0, 0.000319788, 2.374e-5, 0.000343777)), (2, (1, 0.000361666, 9.5188e-5, 0.000457222)), (2, (2, 0.000329801, 3.64e-5, 0.00036638)), (2, (3, 0.000255879, 9.983e-5, 0.000355945))]), (53152, 15, 0.001191707, [(4, (0, 0.000756244, 3.1247e-5, 0.000787769)), (4, (1, 0.000812088, 4.3279e-5, 0.000855559)), (4, (2, 0.001061568, 9.9607e-5, 0.001161477)), (3, (3, 0.00067992, 0.000105019, 0.000785162))]), (53168, 16, 0.000842902, [(4, (0, 0.0008175, 2.4333e-5, 0.000842057)), (4, (1, 0.000619345, 8.5176e-5, 0.000704808)), (4, (2, 0.000630763, 9.8856e-5, 0.000729873)), (4, (3, 0.000619598, 0.000101443, 0.000721268))]), (53184, 16, 0.001098364, [(4, (0, 0.000558388, 3.0413e-5, 0.000589016)), (4, (1, 0.000779866, 6.1446e-5, 0.000841544)), (4, (2, 0.001027326, 4.4293e-5, 0.001071878)), (4, (3, 0.000637179, 6.7655e-5, 0.000705066))]), (53200, 13, 0.001100503, [(4, (0, 0.000572688, 2.5782e-5, 0.000598722)), (3, (1, 0.000651668, 5.8677e-5, 0.000710598)), (3, (2, 0.000733668, 3.8725e-5, 0.000772593)), (3, (3, 0.000985749, 6.1836e-5, 0.001047783))]), (53216, 12, 0.001156372, [(3, (0, 0.000716099, 2.2656e-5, 0.000739034)), (3, (1, 0.000918517, 5.3901e-5, 0.00097287)), (3, (2, 0.00076312, 3.7266e-5, 0.000800789)), (3, (3, 0.001058949, 4.8894e-5, 0.001108215))]), (53232, 15, 0.000992234, [(4, (0, 0.000837031, 1.889e-5, 0.000856196)), (4, (1, 0.000910974, 4.8389e-5, 0.000959643)), (4, (2, 0.000924296, 3.3833e-5, 0.000958389)), (3, (3, 0.000759809, 5.3722e-5, 0.000813781))]), (53248, 13, 0.00112804, [(4, (0, 0.000823046, 2.938e-5, 0.000852648)), (3, (1, 0.001025341, 7.3191e-5, 0.001098806)), (3, (2, 0.000609666, 4.3478e-5, 0.000653351)), (3, (3, 0.000518241, 6.4799e-5, 0.000583314))]), (53264, 15, 0.000999548, [(4, (0, 0.000615415, 2.2517e-5, 0.000638146)), (4, (1, 0.000875916, 9.7558e-5, 0.000974325)), (4, (2, 0.000580529, 3.6116e-5, 0.000616917)), (3, (3, 0.000474016, 5.6757e-5, 0.0005312))]), (53280, 15, 0.001092201, [(4, (0, 0.000754428, 2.7501e-5, 0.000782119)), (4, (1, 0.0009343, 5.9844e-5, 0.000994407)), (4, (2, 0.0010173, 4.5587e-5, 0.001063166)), (3, (3, 0.00070007, 0.000109144, 0.000809498))]), (53296, 16, 0.000793877, [(4, (0, 0.000623396, 2.0128e-5, 0.000643736)), (4, (1, 0.000680462, 4.5822e-5, 0.000726502)), (4, (2, 0.000725499, 3.2993e-5, 0.000758764)), (4, (3, 0.000700279, 5.2143e-5, 0.000752736))]), (53312, 16, 0.000989287, [(4, (0, 0.000762947, 2.9997e-5, 0.000793218)), (4, (1, 0.000601773, 6.2121e-5, 0.000664113)), (4, (2, 0.000907288, 4.6312e-5, 0.000953823)), (4, (3, 0.000874424, 5.6763e-5, 0.000931402))]), (53328, 14, 0.000987443, [(4, (0, 0.000778827, 2.8508e-5, 0.000807571)), (4, (1, 0.000899006, 5.5096e-5, 0.000954329)), (3, (2, 0.000724434, 4.0721e-5, 0.000765354)), (3, (3, 0.000709431, 6.3644e-5, 0.00077329))]), (53344, 6, 0.000537798, [(2, (0, 0.000454695, 1.8703e-5, 0.000473677)), (2, (1, 0.000479162, 3.3446e-5, 0.000512942)), (1, (2, 0.000247079, 5.0734e-5, 0.000298024)), (1, (3, 0.000143199, 8.3461e-5, 0.000226995))]), (53360, 10, 0.000913737, [(3, (0, 0.000811758, 0.000100376, 0.00091241)), (3, (1, 0.000487931, 0.000107746, 0.000595972)), (2, (2, 0.000447244, 2.041e-5, 0.000467878)), (2, (3, 0.000786741, 3.4732e-5, 0.000821718))]), (53376, 15, 0.00072786, [(4, (0, 0.000545764, 2.869e-5, 0.000574737)), (4, (1, 0.000625564, 7.2204e-5, 0.000698138)), (4, (2, 0.000650163, 5.3243e-5, 0.0007037)), (3, (3, 0.000431117, 0.000108469, 0.000541356))]), (53392, 16, 0.000834822, [(4, (0, 0.00080537, 2.8442e-5, 0.000834035)), (4, (1, 0.000594527, 5.8617e-5, 0.000653399)), (4, (2, 0.0006521, 4.3166e-5, 0.000695488)), (4, (3, 0.000581203, 6.5268e-5, 0.000646726))]), (53408, 15, 0.000701206, [(4, (0, 0.000674671, 2.4778e-5, 0.00069969)), (4, (1, 0.000627401, 5.3898e-5, 0.000681587)), (4, (2, 0.000599655, 4.0607e-5, 0.000640507)), (3, (3, 0.000548232, 6.6106e-5, 0.000614613))]), (53424, 16, 0.000789041, [(4, (0, 0.00053096, 2.6646e-5, 0.000557836)), (4, (1, 0.000613443, 7.2763e-5, 0.00068651)), (4, (2, 0.00062097, 5.6715e-5, 0.000678072)), (4, (3, 0.000622897, 7.9518e-5, 0.000702691))]), (53440, 16, 0.000774824, [(4, (0, 0.000596288, 2.2502e-5, 0.000619013)), (4, (1, 0.000656704, 5.4524e-5, 0.000711483)), (4, (2, 0.000665963, 3.855e-5, 0.000704858)), (4, (3, 0.000669511, 6.0486e-5, 0.000730226))]), (53456, 13, 0.000722018, [(4, (0, 0.00056856, 2.5754e-5, 0.000594565)), (3, (1, 0.000638464, 5.2532e-5, 0.000691282)), (3, (2, 0.000468019, 3.8519e-5, 0.000506713)), (3, (3, 0.00041511, 6.7478e-5, 0.000482953))]), (53472, 13, 0.000668822, [(4, (0, 0.000559186, 2.504e-5, 0.000584464)), (3, (1, 0.00041523, 4.433e-5, 0.000459788)), (3, (2, 0.00042896, 6.2825e-5, 0.00049208)), (3, (3, 0.000556547, 7.2736e-5, 0.000629518))]), (53488, 15, 0.000775416, [(4, (0, 0.000574354, 2.1473e-5, 0.000596038)), (4, (1, 0.000698043, 5.4091e-5, 0.000752333)), (4, (2, 0.000660069, 4.2626e-5, 0.000703032)), (3, (3, 0.000582766, 6.0832e-5, 0.000643927))]), (53504, 15, 0.000790182, [(4, (0, 0.000521219, 2.1074e-5, 0.0005425)), (4, (1, 0.000645051, 5.7588e-5, 0.00070286)), (4, (2, 0.000724786, 3.3375e-5, 0.000758403)), (3, (3, 0.00043329, 5.156e-5, 0.000485067))]), (53520, 16, 0.000921355, [(4, (0, 0.000618245, 2.7863e-5, 0.000646324)), (4, (1, 0.000839581, 5.6528e-5, 0.000896343)), (4, (2, 0.000617762, 4.4786e-5, 0.000662775)), (4, (3, 0.000595166, 6.7647e-5, 0.000663115))]), (53536, 13, 0.000696843, [(4, (0, 0.000576206, 1.5888e-5, 0.000592308)), (3, (1, 0.000585724, 8.0502e-5, 0.000666537)), (3, (2, 0.000460946, 3.2245e-5, 0.000493558)), (3, (3, 0.00042416, 8.4951e-5, 0.000509374))]), (53552, 15, 0.000678394, [(4, (0, 0.000527589, 2.396e-5, 0.000551754)), (4, (1, 0.000599447, 5.4714e-5, 0.000654491)), (4, (2, 0.000597058, 3.8405e-5, 0.000635695)), (3, (3, 0.000552488, 6.4864e-5, 0.0006176))]), (53568, 16, 0.00092502, [(4, (0, 0.00058598, 2.2191e-5, 0.000608432)), (4, (1, 0.000647865, 6.918e-5, 0.000717294)), (4, (2, 0.000849462, 4.2878e-5, 0.000892732)), (4, (3, 0.00068626, 0.000116289, 0.000802924))]), (53584, 14, 0.000733046, [(4, (0, 0.000518009, 2.2464e-5, 0.000540735)), (4, (1, 0.000645915, 5.9236e-5, 0.000705553)), (3, (2, 0.000450964, 3.9905e-5, 0.000491105)), (3, (3, 0.000435921, 6.1558e-5, 0.000497714))]), (53600, 15, 0.000908626, [(4, (0, 0.000584144, 3.1574e-5, 0.000615907)), (4, (1, 0.000686134, 5.8169e-5, 0.000744536)), (4, (2, 0.000829555, 4.7036e-5, 0.00087695)), (3, (3, 0.000490213, 6.7046e-5, 0.000557538))]), (53616, 13, 0.000592044, [(4, (0, 0.000569347, 2.1536e-5, 0.000591166)), (3, (1, 0.000430668, 9.9457e-5, 0.000530455)), (3, (2, 0.000470203, 3.44e-5, 0.000504839)), (3, (3, 0.000474705, 4.758e-5, 0.000522499))]), (53632, 16, 0.00076222, [(4, (0, 0.0005458, 2.8162e-5, 0.000574189)), (4, (1, 0.000590978, 0.000106416, 0.000697664)), (4, (2, 0.000687978, 4.0636e-5, 0.000728852)), (4, (3, 0.000622452, 0.000116583, 0.00073924))]), (53648, 15, 0.000903926, [(4, (0, 0.000631617, 3.1294e-5, 0.000663155)), (4, (1, 0.000632781, 5.7403e-5, 0.000690391)), (4, (2, 0.000831134, 4.3472e-5, 0.000874805)), (3, (3, 0.000490726, 6.4021e-5, 0.000554935))]), (53664, 16, 0.001054516, [(4, (0, 0.000541311, 3.1074e-5, 0.000572659)), (4, (1, 0.000639653, 5.7739e-5, 0.000697596)), (4, (2, 0.000984463, 4.3401e-5, 0.001028056)), (4, (3, 0.000608366, 6.3895e-5, 0.000672507))]), (53680, 16, 0.000765531, [(4, (0, 0.000669413, 2.6222e-5, 0.000695836)), (4, (1, 0.000625872, 5.3638e-5, 0.000679869)), (4, (2, 0.000702635, 3.9609e-5, 0.000742438)), (4, (3, 0.000629996, 6.4463e-5, 0.000694813))]), (53696, 15, 0.00067413, [(4, (0, 0.00055183, 1.5002e-5, 0.000566995)), (4, (1, 0.000617341, 3.1723e-5, 0.000649305)), (4, (2, 0.000628386, 1.853e-5, 0.000647184)), (3, (3, 0.000420103, 3.7777e-5, 0.000458067))]), (53712, 15, 0.000741269, [(4, (0, 0.000652148, 2.0387e-5, 0.000672748)), (4, (1, 0.000670659, 4.6026e-5, 0.000716912)), (4, (2, 0.000684399, 3.2931e-5, 0.00071754)), (3, (3, 0.000475743, 9.051e-5, 0.000566482))]), (53728, 15, 0.000824742, [(4, (0, 0.000765916, 2.0786e-5, 0.000786894)), (4, (1, 0.000752207, 4.8586e-5, 0.000801032)), (4, (2, 0.000709912, 3.3504e-5, 0.000743604)), (3, (3, 0.000464773, 5.6312e-5, 0.000521311))]), (53744, 16, 0.000799252, [(4, (0, 0.000565331, 1.9882e-5, 0.000585412)), (4, (1, 0.000698651, 7.2863e-5, 0.00077173)), (4, (2, 0.000646184, 5.7678e-5, 0.000704088)), (4, (3, 0.000618958, 7.9958e-5, 0.000699174))]), (53760, 16, 0.000831469, [(4, (0, 0.000609827, 2.5653e-5, 0.000635749)), (4, (1, 0.000747471, 5.7169e-5, 0.000804949)), (4, (2, 0.000563621, 3.9956e-5, 0.000603779)), (4, (3, 0.000661378, 6.1074e-5, 0.000722664))]), (53776, 16, 0.000665968, [(4, (0, 0.000533454, 3.3083e-5, 0.00056675)), (4, (1, 0.000550402, 7.9022e-5, 0.000629655)), (4, (2, 0.000596591, 4.9571e-5, 0.000646373)), (4, (3, 0.000537948, 6.4442e-5, 0.000602647))]), (53792, 16, 0.000789715, [(4, (0, 0.000545391, 3.1994e-5, 0.000577642)), (4, (1, 0.000694172, 6.914e-5, 0.000763593)), (4, (2, 0.000592112, 4.668e-5, 0.000639003)), (4, (3, 0.000649583, 6.0661e-5, 0.000710454))]), (53808, 14, 0.000770082, [(4, (0, 0.000602212, 2.0691e-5, 0.000623116)), (4, (1, 0.000698285, 4.8451e-5, 0.000746962)), (3, (2, 0.000459607, 3.358e-5, 0.000493496)), (3, (3, 0.000451223, 5.308e-5, 0.000504479))]), (53824, 16, 0.00076933, [(4, (0, 0.000749898, 1.8468e-5, 0.000768565)), (4, (1, 0.000656378, 4.3267e-5, 0.00069987)), (4, (2, 0.000630328, 3.143e-5, 0.000662)), (4, (3, 0.000642007, 4.9022e-5, 0.000691246))]), (53840, 16, 0.000818503, [(4, (0, 0.000573306, 1.8707e-5, 0.000592231)), (4, (1, 0.000741436, 4.5279e-5, 0.00078692)), (4, (2, 0.000677684, 3.3559e-5, 0.000711453)), (4, (3, 0.000675327, 5.0648e-5, 0.000726158))]), (53856, 16, 0.001628359, [(4, (0, 0.001197821, 3.2747e-5, 0.001230779)), (4, (1, 0.001373709, 6.4907e-5, 0.001438824)), (4, (2, 0.001174808, 4.6236e-5, 0.001221248)), (4, (3, 0.001526772, 6.0644e-5, 0.001587648))]), (53872, 16, 0.001741319, [(4, (0, 0.001516592, 3.0773e-5, 0.001547571)), (4, (1, 0.001464559, 6.1718e-5, 0.001526464)), (4, (2, 0.001668847, 4.8379e-5, 0.001717458)), (4, (3, 0.001616509, 7.0502e-5, 0.001687296))]), (53888, 15, 0.000917727, [(4, (0, 0.00079715, 2.3286e-5, 0.000820653)), (4, (1, 0.000745243, 5.3647e-5, 0.000799134)), (4, (2, 0.000856399, 3.8446e-5, 0.000895064)), (3, (3, 0.000465271, 6.1136e-5, 0.000526608))]), (53904, 16, 0.00093845, [(4, (0, 0.000676051, 2.104e-5, 0.0006973)), (4, (1, 0.00060381, 9.6609e-5, 0.000700643)), (4, (2, 0.000880157, 3.3964e-5, 0.000914323)), (4, (3, 0.000734567, 4.6646e-5, 0.000781444))]), (53920, 13, 0.000936908, [(4, (0, 0.000606118, 2.2334e-5, 0.000628632)), (3, (1, 0.0004789, 4.6925e-5, 0.00052602)), (3, (2, 0.000542519, 3.4576e-5, 0.000577278)), (3, (3, 0.000762635, 9.6699e-5, 0.000859971))]), (53936, 15, 0.000868811, [(4, (0, 0.000517812, 1.2555e-5, 0.000530533)), (4, (1, 0.000816594, 2.8031e-5, 0.000844827)), (4, (2, 0.000657415, 1.5878e-5, 0.000673475)), (3, (3, 0.000739725, 3.3891e-5, 0.000773803))]), (53952, 13, 0.000692032, [(4, (0, 0.000574882, 2.0321e-5, 0.000595409)), (3, (1, 0.000533802, 5.2233e-5, 0.000586231)), (3, (2, 0.000485292, 3.2714e-5, 0.000518192)), (3, (3, 0.000611297, 4.556e-5, 0.000657069))]), (53968, 16, 0.000816092, [(4, (0, 0.000532083, 1.7124e-5, 0.000549417)), (4, (1, 0.000599866, 2.9466e-5, 0.000629514)), (4, (2, 0.000747372, 4.5133e-5, 0.000792699)), (4, (3, 0.000550375, 9.2425e-5, 0.00064316))]), (53984, 16, 0.000798325, [(4, (0, 0.000531933, 1.609e-5, 0.000548217)), (4, (1, 0.000724081, 4.0547e-5, 0.000764862)), (4, (2, 0.000527381, 2.7652e-5, 0.000555226)), (4, (3, 0.000670679, 4.6945e-5, 0.000717924))]), (54000, 15, 0.000752956, [(4, (0, 0.00058491, 2.3438e-5, 0.000608549)), (4, (1, 0.000674097, 5.3005e-5, 0.00072738)), (4, (2, 0.00064912, 3.7997e-5, 0.000687323)), (3, (3, 0.000514556, 5.7046e-5, 0.000571819))]), (54016, 16, 0.000736879, [(4, (0, 0.000503444, 2.3619e-5, 0.000527287)), (4, (1, 0.000597562, 4.9143e-5, 0.000646939)), (4, (2, 0.000560502, 3.5967e-5, 0.000596674)), (4, (3, 0.000569032, 0.000105259, 0.000674642))]), (54032, 14, 0.000782614, [(4, (0, 0.000609378, 2.0857e-5, 0.000630427)), (4, (1, 0.000615344, 5.1501e-5, 0.00066704)), (3, (2, 0.000727208, 3.411e-5, 0.000761498)), (3, (3, 0.000515804, 4.5676e-5, 0.000561676))]), (54048, 16, 0.000640272, [(4, (0, 0.000516895, 1.6051e-5, 0.000533158)), (4, (1, 0.000554506, 3.9967e-5, 0.000594655)), (4, (2, 0.000556457, 2.8865e-5, 0.000585529)), (4, (3, 0.000578626, 4.7683e-5, 0.000626492))]), (54064, 16, 0.000865766, [(4, (0, 0.000843239, 2.1476e-5, 0.000864924)), (4, (1, 0.000582763, 5.1164e-5, 0.000634131)), (4, (2, 0.000717775, 3.3698e-5, 0.000751667)), (4, (3, 0.000598467, 4.5645e-5, 0.000644291))]), (54080, 14, 0.004964978, [(4, (0, 0.000753538, 1.4446e-5, 0.000768232)), (4, (1, 0.000517613, 8.4344e-5, 0.000602193)), (3, (2, 0.00489832, 2.7041e-5, 0.004925598)), (3, (3, 0.00042343, 0.000139263, 0.000563033))]), (54096, 16, 0.000979548, [(4, (0, 0.000564653, 2.9237e-5, 0.00059416)), (4, (1, 0.000853884, 9.9213e-5, 0.000953502)), (4, (2, 0.000597353, 4.3064e-5, 0.000640609)), (4, (3, 0.000673052, 0.000103072, 0.000776412))]), (54112, 11, 0.000711625, [(3, (0, 0.000432147, 2.5669e-5, 0.000458037)), (3, (1, 0.000629467, 5.4944e-5, 0.000684671)), (3, (2, 0.000421271, 4.232e-5, 0.00046382)), (2, (3, 0.000252917, 7.2152e-5, 0.000325266))]), (54128, 1, 0.000190776, [(1, (0, 0.000173647, 1.6409e-5, 0.000190275)), (0, (1, 4.9e-8, 3.0499e-5, 3.0644e-5)), (0, (2, 1.76e-7, 2.9228e-5, 2.961e-5)), (0, (3, 5e-8, 2.9919e-5, 3.0062e-5))]), (54144, 13, 0.000823009, [(4, (0, 0.000560678, 2.5699e-5, 0.000586577)), (3, (1, 0.000479234, 8.2682e-5, 0.000563297)), (3, (2, 0.000501974, 3.8046e-5, 0.000540219)), (3, (3, 0.000703455, 8.1918e-5, 0.000785574))]), (54160, 15, 0.000703033, [(4, (0, 0.000572335, 2.4851e-5, 0.000597376)), (4, (1, 0.000592138, 8.3455e-5, 0.000675894)), (4, (2, 0.000551648, 3.733e-5, 0.000589195)), (3, (3, 0.00046589, 8.5572e-5, 0.000551693))]), (54176, 16, 0.00081939, [(4, (0, 0.000532971, 2.6474e-5, 0.000559646)), (4, (1, 0.000744426, 5.0055e-5, 0.000794674)), (4, (2, 0.000526638, 3.937e-5, 0.000566207)), (4, (3, 0.000515186, 5.8093e-5, 0.000573502))]), (54192, 13, 0.000750203, [(4, (0, 0.000504896, 2.1464e-5, 0.000526563)), (3, (1, 0.000503169, 4.6941e-5, 0.000550353)), (3, (2, 0.000528409, 3.4242e-5, 0.000562846)), (3, (3, 0.00061123, 9.956e-5, 0.000711065))]), (54208, 16, 0.000889094, [(4, (0, 0.000862848, 2.5277e-5, 0.000888329)), (4, (1, 0.00059688, 4.8975e-5, 0.000646051)), (4, (2, 0.000591287, 3.7077e-5, 0.000628551)), (4, (3, 0.000559892, 5.4638e-5, 0.000614761))]), (54224, 15, 0.000895979, [(4, (0, 0.000520337, 2.5065e-5, 0.000545622)), (4, (1, 0.000750269, 0.000124195, 0.000874688)), (4, (2, 0.000607844, 7.4022e-5, 0.00068206)), (3, (3, 0.000496856, 0.000163172, 0.000660772))]), (54240, 15, 0.000860634, [(4, (0, 0.000572827, 2.2333e-5, 0.000595376)), (4, (1, 0.000570538, 4.614e-5, 0.000616868)), (4, (2, 0.00080106, 3.5363e-5, 0.000836618)), (3, (3, 0.000483803, 5.3868e-5, 0.000537852))]), (54256, 15, 0.001227472, [(4, (0, 0.000704056, 2.6084e-5, 0.00073034)), (4, (1, 0.001078461, 4.929e-5, 0.001128099)), (4, (2, 0.000611195, 3.7804e-5, 0.00064918)), (3, (3, 0.000457991, 5.6648e-5, 0.000514829))]), (54272, 16, 0.000651161, [(4, (0, 0.000546117, 2.0138e-5, 0.000566447)), (4, (1, 0.000592886, 3.6061e-5, 0.00062913)), (4, (2, 0.000589288, 5.2655e-5, 0.000642154)), (4, (3, 0.000561431, 5.6076e-5, 0.000617702))]), (54288, 15, 0.000682429, [(4, (0, 0.000589319, 2.055e-5, 0.000610063)), (4, (1, 0.000615515, 4.4994e-5, 0.000660727)), (4, (2, 0.000584592, 3.2672e-5, 0.000617466)), (3, (3, 0.000445033, 5.0269e-5, 0.000495495))]), (54304, 15, 0.000699305, [(4, (0, 0.000531006, 2.0435e-5, 0.000551626)), (4, (1, 0.000626178, 4.9248e-5, 0.000675611)), (4, (2, 0.000660734, 3.2228e-5, 0.000693139)), (3, (3, 0.000447003, 4.4254e-5, 0.000491458))]), (54320, 14, 0.000638146, [(4, (0, 0.000547633, 1.9386e-5, 0.000567221)), (4, (1, 0.000586334, 3.0933e-5, 0.000617441)), (3, (2, 0.000491941, 4.4113e-5, 0.000536277)), (3, (3, 0.00050233, 4.8692e-5, 0.000551212))]), (54336, 15, 0.00070173, [(4, (0, 0.000513564, 1.6887e-5, 0.00053064)), (4, (1, 0.000551868, 0.000105267, 0.000657464)), (4, (2, 0.000599086, 2.8393e-5, 0.000627672)), (3, (3, 0.000485231, 0.00010635, 0.000591814))]), (54352, 15, 0.000766559, [(4, (0, 0.000593937, 2.046e-5, 0.0006146)), (4, (1, 0.000626429, 9.4751e-5, 0.000721544)), (4, (2, 0.000688589, 3.3264e-5, 0.000722154)), (3, (3, 0.000574555, 5.1001e-5, 0.0006258))]), (54368, 13, 0.000617219, [(4, (0, 0.00055622, 1.9752e-5, 0.000576203)), (3, (1, 0.000524297, 6.8914e-5, 0.000593415)), (3, (2, 0.000541507, 5.5371e-5, 0.00059709)), (3, (3, 0.000462714, 7.6098e-5, 0.000539033))]), (54384, 16, 0.000733518, [(4, (0, 0.000542456, 2.5405e-5, 0.000568079)), (4, (1, 0.000569128, 5.4877e-5, 0.000624229)), (4, (2, 0.000626467, 3.9892e-5, 0.000666571)), (4, (3, 0.0006291, 6.2151e-5, 0.000691431))]), (54400, 16, 0.000609213, [(4, (0, 0.000501109, 1.3472e-5, 0.000514775)), (4, (1, 0.000554807, 3.2023e-5, 0.000587225)), (4, (2, 0.00051269, 4.2145e-5, 0.000555037)), (4, (3, 0.000527671, 4.6522e-5, 0.000574417))]), (54416, 15, 0.000698933, [(4, (0, 0.00060369, 2.7016e-5, 0.000630905)), (4, (1, 0.000620345, 5.3349e-5, 0.000673895)), (4, (2, 0.000594168, 4.0959e-5, 0.000635327)), (3, (3, 0.000470803, 5.9811e-5, 0.000530814))]), (54432, 16, 0.001351617, [(4, (0, 0.001036961, 2.5076e-5, 0.001062284)), (4, (1, 0.000981891, 4.8396e-5, 0.001030472)), (4, (2, 0.001287474, 3.661e-5, 0.001324309)), (4, (3, 0.00104044, 6.9599e-5, 0.001110347))]), (54448, 15, 0.000807957, [(4, (0, 0.000498521, 2.4984e-5, 0.0005237)), (4, (1, 0.000714948, 6.6312e-5, 0.000781594)), (4, (2, 0.000572489, 4.172e-5, 0.000614468)), (3, (3, 0.000371179, 6.9284e-5, 0.00044066))]), (54464, 16, 0.000642896, [(4, (0, 0.000389584, 1.7831e-5, 0.000407613)), (4, (1, 0.000430403, 6.2443e-5, 0.000493028)), (4, (2, 0.000444483, 4.6228e-5, 0.000491015)), (4, (3, 0.00054825, 5.5562e-5, 0.000604028))]), (54480, 15, 0.000839301, [(4, (0, 0.00055596, 2.2966e-5, 0.00057915)), (4, (1, 0.000728163, 8.6094e-5, 0.00081493)), (4, (2, 0.000726431, 7.2035e-5, 0.000798704)), (3, (3, 0.000520145, 9.0688e-5, 0.000611043))]), (54496, 16, 0.00080502, [(4, (0, 0.000607427, 9.852e-6, 0.000617441)), (4, (1, 0.000656885, 5.7293e-5, 0.000714388)), (4, (2, 0.000617997, 4.8826e-5, 0.000667085)), (4, (3, 0.000668391, 0.000107551, 0.000776224))]), (54512, 16, 0.000751858, [(4, (0, 0.000617013, 2.4241e-5, 0.000641453)), (4, (1, 0.000575806, 5.1443e-5, 0.00062747)), (4, (2, 0.000604661, 3.7381e-5, 0.000642226)), (4, (3, 0.000658705, 5.7475e-5, 0.000716378))]), (54528, 16, 0.000665884, [(4, (0, 0.000523124, 2.7289e-5, 0.000550604)), (4, (1, 0.000585053, 5.6567e-5, 0.000641809)), (4, (2, 0.000539254, 3.9558e-5, 0.000579029)), (4, (3, 0.000537981, 5.111e-5, 0.000589284))]), (54544, 16, 0.000754664, [(4, (0, 0.000554898, 1.7566e-5, 0.000572669)), (4, (1, 0.000685611, 4.3808e-5, 0.000729682)), (4, (2, 0.000658723, 3.3995e-5, 0.000692923)), (4, (3, 0.000627906, 5.2521e-5, 0.000680631))]), (54560, 16, 0.000981935, [(4, (0, 0.000717674, 1.6158e-5, 0.00073403)), (4, (1, 0.000663065, 5.3246e-5, 0.00071667)), (4, (2, 0.000924879, 2.9802e-5, 0.000954897)), (4, (3, 0.000694361, 5.7521e-5, 0.000752333))]), (54576, 15, 0.000695699, [(4, (0, 0.000542816, 1.8594e-5, 0.000561603)), (4, (1, 0.000615958, 4.8677e-5, 0.000665019)), (4, (2, 0.000627012, 3.1422e-5, 0.000658628)), (3, (3, 0.000506044, 5.8289e-5, 0.000564758))]), (54592, 16, 0.001023855, [(4, (0, 0.000764352, 2.1507e-5, 0.000786056)), (4, (1, 0.000779229, 6.6682e-5, 0.000846259)), (4, (2, 0.000959332, 3.798e-5, 0.000997545)), (4, (3, 0.000942882, 5.7605e-5, 0.001000781))]), (54608, 16, 0.000782688, [(4, (0, 0.000704336, 3.323e-5, 0.000737849)), (4, (1, 0.000590211, 7.4671e-5, 0.000665111)), (4, (2, 0.000607556, 5.3447e-5, 0.000661235)), (4, (3, 0.000657281, 6.5769e-5, 0.00072328))]), (54624, 16, 0.000788171, [(4, (0, 0.000586082, 4.2953e-5, 0.000629275)), (4, (1, 0.000666928, 7.2235e-5, 0.00073939)), (4, (2, 0.00064739, 5.6178e-5, 0.000703851)), (4, (3, 0.000646577, 7.8667e-5, 0.000725449))]), (54640, 16, 0.000831723, [(4, (0, 0.000709493, 2.5526e-5, 0.00073523)), (4, (1, 0.000740365, 6.554e-5, 0.000806105)), (4, (2, 0.000674259, 4.1163e-5, 0.000715663)), (4, (3, 0.000678221, 5.5461e-5, 0.000733919))]), (54656, 16, 0.000773432, [(4, (0, 0.000538158, 2.7947e-5, 0.000566316)), (4, (1, 0.000665771, 5.2871e-5, 0.000718866)), (4, (2, 0.000672463, 4.1263e-5, 0.000713916)), (4, (3, 0.0006547, 6.3555e-5, 0.00071853))]), (54672, 13, 0.000571209, [(4, (0, 0.000550776, 1.9442e-5, 0.000570425)), (3, (1, 0.000484156, 4.7356e-5, 0.000531713)), (3, (2, 0.000451171, 3.5755e-5, 0.00048714)), (3, (3, 0.000490066, 5.4342e-5, 0.000544592))]), (54688, 13, 0.000687573, [(4, (0, 0.000670942, 1.4827e-5, 0.000685987)), (3, (1, 0.000489807, 5.2231e-5, 0.000542328)), (3, (2, 0.000456, 2.7762e-5, 0.000483969)), (3, (3, 0.000441319, 4.2693e-5, 0.000484237))]), (54704, 13, 0.000595236, [(4, (0, 0.000569439, 2.4774e-5, 0.000594433)), (3, (1, 0.000453143, 5.2142e-5, 0.000505478)), (3, (2, 0.000443554, 3.954e-5, 0.000483316)), (3, (3, 0.000428383, 5.6644e-5, 0.000485284))]), (54720, 13, 0.000605757, [(4, (0, 0.000592259, 1.2602e-5, 0.000605058)), (3, (1, 0.000474652, 4.1465e-5, 0.000516293)), (3, (2, 0.000463032, 3.2381e-5, 0.00049564)), (3, (3, 0.000470093, 4.6625e-5, 0.000516931))]), (54736, 16, 0.000890969, [(4, (0, 0.000620959, 2.2159e-5, 0.000643344)), (4, (1, 0.000748188, 4.5864e-5, 0.00079424)), (4, (2, 0.000828969, 3.6268e-5, 0.000865487)), (4, (3, 0.000682144, 5.3265e-5, 0.000735679))]), (54752, 15, 0.00075804, [(4, (0, 0.0005746, 2.0403e-5, 0.000595218)), (4, (1, 0.000678055, 5.3414e-5, 0.000731678)), (4, (2, 0.000694895, 3.3777e-5, 0.000728921)), (3, (3, 0.000498823, 4.6686e-5, 0.00054571))]), (54768, 16, 0.000785957, [(4, (0, 0.000540071, 2.1097e-5, 0.000561376)), (4, (1, 0.000671933, 5.5262e-5, 0.000727412)), (4, (2, 0.00071597, 3.7018e-5, 0.000753191)), (4, (3, 0.000715935, 4.9113e-5, 0.000765267))]), (54784, 16, 0.000644673, [(4, (0, 0.000622543, 2.1195e-5, 0.000643947)), (4, (1, 0.00054644, 4.853e-5, 0.000595193)), (4, (2, 0.000585676, 3.9645e-5, 0.000625628)), (4, (3, 0.000566747, 5.6013e-5, 0.000622988))]), (54800, 16, 0.000799561, [(4, (0, 0.00050817, 2.3663e-5, 0.000532043)), (4, (1, 0.000576497, 6.9413e-5, 0.000646134)), (4, (2, 0.000644898, 4.2517e-5, 0.000687633)), (4, (3, 0.00068625, 6.6989e-5, 0.000753583))]), (54816, 16, 0.000651094, [(4, (0, 0.000532528, 1.4203e-5, 0.000547005)), (4, (1, 0.000603392, 2.7424e-5, 0.000631025)), (4, (2, 0.000628961, 1.6405e-5, 0.000645718)), (4, (3, 0.000605936, 3.6262e-5, 0.000642443))]), (54832, 16, 0.000690689, [(4, (0, 0.000533307, 1.917e-5, 0.000552699)), (4, (1, 0.000558273, 8.7878e-5, 0.000646372)), (4, (2, 0.000607875, 7.2365e-5, 0.000680418)), (4, (3, 0.000547147, 9.6124e-5, 0.000643497))]), (54848, 15, 0.000963513, [(4, (0, 0.000573808, 2.4832e-5, 0.000598841)), (4, (1, 0.000595754, 0.000101657, 0.000697621)), (4, (2, 0.000893473, 4.2957e-5, 0.000936625)), (3, (3, 0.000433754, 5.8255e-5, 0.000492209))]), (54864, 9, 0.001030405, [(3, (0, 0.000407503, 2.675e-5, 0.000434458)), (2, (1, 0.000461774, 0.000102529, 0.000564531)), (2, (2, 0.000902627, 8.5451e-5, 0.000988404)), (2, (3, 0.000401672, 0.000108658, 0.00051054))]), (54880, 15, 0.000986374, [(4, (0, 0.000533484, 3.262e-5, 0.000566333)), (4, (1, 0.000630364, 0.000112679, 0.000743299)), (4, (2, 0.000916692, 4.7043e-5, 0.000963909)), (3, (3, 0.000427268, 5.9909e-5, 0.000487436))]), (54896, 16, 0.000804847, [(4, (0, 0.000646134, 2.7187e-5, 0.000673507)), (4, (1, 0.000721372, 5.9811e-5, 0.000781369)), (4, (2, 0.000709115, 3.9595e-5, 0.000748913)), (4, (3, 0.000694143, 5.1493e-5, 0.000745832))]), (54912, 16, 0.000893712, [(4, (0, 0.000711371, 2.3971e-5, 0.000735538)), (4, (1, 0.000815684, 5.4687e-5, 0.000870551)), (4, (2, 0.000786246, 3.6791e-5, 0.000823219)), (4, (3, 0.000724629, 4.8861e-5, 0.000773692))]), (54928, 16, 0.000754792, [(4, (0, 0.000600502, 2.1862e-5, 0.000622567)), (4, (1, 0.000698002, 4.6699e-5, 0.000744888)), (4, (2, 0.000665271, 3.4137e-5, 0.0006996)), (4, (3, 0.000662816, 5.2166e-5, 0.000715179))]), (54944, 16, 0.000886669, [(4, (0, 0.000623391, 2.7644e-5, 0.000651246)), (4, (1, 0.000722792, 6.8099e-5, 0.000791164)), (4, (2, 0.000707385, 4.6941e-5, 0.000754523)), (4, (3, 0.000774083, 6.9726e-5, 0.000844037))]), (54960, 15, 0.00054894, [(4, (0, 0.000525794, 2.225e-5, 0.000548208)), (4, (1, 0.000495, 4.1091e-5, 0.000536305)), (4, (2, 0.000473056, 2.3814e-5, 0.000497069)), (3, (3, 0.000426488, 3.6024e-5, 0.000462719))]), (54976, 16, 0.00068666, [(4, (0, 0.00049532, 2.6436e-5, 0.000521987)), (4, (1, 0.000531375, 5.1693e-5, 0.000583276)), (4, (2, 0.000568461, 3.9049e-5, 0.000607724)), (4, (3, 0.000536651, 0.000105411, 0.000642333))]), (54992, 15, 0.000715852, [(4, (0, 0.000494546, 2.2581e-5, 0.000517335)), (4, (1, 0.000644886, 4.8536e-5, 0.00069361)), (4, (2, 0.000604738, 3.8001e-5, 0.000642971)), (3, (3, 0.000419771, 5.6848e-5, 0.000476812))]), (55008, 16, 0.000890545, [(4, (0, 0.000806401, 2.8605e-5, 0.000835289)), (4, (1, 0.000737609, 0.000138699, 0.000877488)), (4, (2, 0.000536663, 8.3726e-5, 0.000620599)), (4, (3, 0.000748145, 0.000100037, 0.000848402))]), (55024, 13, 0.000760438, [(4, (0, 0.000605556, 4.1911e-5, 0.000647722)), (3, (1, 0.000503322, 7.297e-5, 0.000576512)), (3, (2, 0.000569906, 5.9182e-5, 0.000629311)), (3, (3, 0.000591226, 7.6774e-5, 0.000668221))]), (55040, 14, 0.000746519, [(4, (0, 0.000555182, 3.5092e-5, 0.000590499)), (4, (1, 0.000666441, 5.379e-5, 0.000720456)), (3, (2, 0.000565306, 7.8622e-5, 0.000644202)), (3, (3, 0.000578413, 8.5513e-5, 0.00066417))]), (55056, 16, 0.000851352, [(4, (0, 0.000666148, 2.8797e-5, 0.000695159)), (4, (1, 0.000570193, 5.7835e-5, 0.000628275)), (4, (2, 0.000773859, 4.4766e-5, 0.00081885)), (4, (3, 0.000559216, 6.3247e-5, 0.000622742))]), (55072, 16, 0.000776679, [(4, (0, 0.000576755, 2.226e-5, 0.000599299)), (4, (1, 0.000633406, 5.077e-5, 0.000684398)), (4, (2, 0.000602442, 3.7587e-5, 0.000640245)), (4, (3, 0.000633285, 9.8375e-5, 0.000731877))]), (55088, 10, 0.000528407, [(3, (0, 0.000419439, 2.5249e-5, 0.0004449)), (3, (1, 0.000454432, 5.1888e-5, 0.000506522)), (2, (2, 0.000456891, 4.0145e-5, 0.00049722)), (2, (3, 0.00030412, 5.9841e-5, 0.000364226))]), (55104, 16, 0.000987477, [(4, (0, 0.000588366, 2.8599e-5, 0.000617154)), (4, (1, 0.000892782, 5.8888e-5, 0.000951957)), (4, (2, 0.000810527, 4.476e-5, 0.000855558)), (4, (3, 0.000593145, 6.6115e-5, 0.000659473))]), (55120, 16, 0.000716736, [(4, (0, 0.000517002, 2.0447e-5, 0.000537664)), (4, (1, 0.000655776, 3.5048e-5, 0.000691041)), (4, (2, 0.000595386, 4.9192e-5, 0.000644784)), (4, (3, 0.000581957, 6.1813e-5, 0.000644079))]), (55136, 13, 0.000607125, [(4, (0, 0.000597082, 9.189e-6, 0.000606433)), (3, (1, 0.000480336, 6.4437e-5, 0.000545099)), (3, (2, 0.000496586, 1.95e-5, 0.000516315)), (3, (3, 0.0004851, 6.7739e-5, 0.000553041))]), (55152, 14, 0.000730903, [(4, (0, 0.000550231, 2.6663e-5, 0.000577102)), (4, (1, 0.000648293, 5.4505e-5, 0.00070304)), (3, (2, 0.000512102, 3.9564e-5, 0.000551837)), (3, (3, 0.000580523, 6.0984e-5, 0.000641701))]), (55168, 11, 0.000686532, [(3, (0, 0.000541617, 2.643e-5, 0.000568258)), (3, (1, 0.000433824, 9.9534e-5, 0.000533612)), (3, (2, 0.000622019, 4.1102e-5, 0.000663318)), (2, (3, 0.00025921, 0.000106137, 0.00036558))]), (55184, 15, 0.000837414, [(4, (0, 0.000707403, 2.1869e-5, 0.000729433)), (4, (1, 0.000567186, 3.5678e-5, 0.000603041)), (4, (2, 0.000787689, 2.304e-5, 0.00081094)), (3, (3, 0.000537338, 3.4514e-5, 0.000572125))]), (55200, 16, 0.000721714, [(4, (0, 0.000511549, 2.2494e-5, 0.000534251)), (4, (1, 0.000656898, 3.8619e-5, 0.000695748)), (4, (2, 0.000598976, 5.0362e-5, 0.000649553)), (4, (3, 0.00056435, 5.5473e-5, 0.000620029))]), (55216, 13, 0.000630316, [(4, (0, 0.000609354, 1.9959e-5, 0.000629543)), (3, (1, 0.000478722, 4.6624e-5, 0.000525595)), (3, (2, 0.000525234, 3.2619e-5, 0.000558118)), (3, (3, 0.000543574, 5.8029e-5, 0.000601899))]), (55232, 14, 0.000765687, [(4, (0, 0.00073617, 2.8509e-5, 0.000764914)), (4, (1, 0.000564927, 5.5994e-5, 0.000621109)), (3, (2, 0.000585911, 4.2073e-5, 0.000628175)), (3, (3, 0.000517142, 6.1296e-5, 0.000578632))]), (55248, 16, 0.000880684, [(4, (0, 0.000530739, 2.6664e-5, 0.000557614)), (4, (1, 0.000809473, 5.4389e-5, 0.00086407)), (4, (2, 0.000652921, 4.3923e-5, 0.000697055)), (4, (3, 0.000758083, 6.5063e-5, 0.000823375))]), (55264, 16, 0.000856451, [(4, (0, 0.000630318, 3.1873e-5, 0.000662461)), (4, (1, 0.000761935, 6.7633e-5, 0.000829794)), (4, (2, 0.000607776, 5.1647e-5, 0.000659661)), (4, (3, 0.00058991, 7.3403e-5, 0.000663544))]), (55280, 16, 0.00098358, [(4, (0, 0.000586229, 1.8868e-5, 0.000605258)), (4, (1, 0.000599472, 0.000126641, 0.000727122)), (4, (2, 0.000936667, 2.1549e-5, 0.000958489)), (4, (3, 0.000669272, 7.087e-5, 0.000740391))]), (55296, 15, 0.000775777, [(4, (0, 0.000548876, 1.3735e-5, 0.000562752)), (4, (1, 0.000687344, 6.1879e-5, 0.000749437)), (4, (2, 0.000558474, 2.5907e-5, 0.000584641)), (3, (3, 0.000504578, 5.4187e-5, 0.000558998))]), (55312, 16, 0.000768481, [(4, (0, 0.000576063, 2.4143e-5, 0.000600415)), (4, (1, 0.000621087, 6.1999e-5, 0.000683288)), (4, (2, 0.000706827, 3.8765e-5, 0.000745775)), (4, (3, 0.000641435, 6.9405e-5, 0.000711092))]), (55328, 16, 0.000776531, [(4, (0, 0.000526935, 3.3475e-5, 0.000560598)), (4, (1, 0.000538209, 6.796e-5, 0.000606377)), (4, (2, 0.000702646, 4.8691e-5, 0.000751575)), (4, (3, 0.000599229, 6.2336e-5, 0.000661775))]), (55344, 16, 0.001147638, [(4, (0, 0.000655546, 3.2565e-5, 0.000688322)), (4, (1, 0.000857617, 9.9214e-5, 0.000957076)), (4, (2, 0.001035234, 4.5011e-5, 0.001080441)), (4, (3, 0.000709207, 9.2973e-5, 0.000802388))]), (55360, 15, 0.000725711, [(4, (0, 0.000699398, 2.5056e-5, 0.000724728)), (4, (1, 0.000653589, 5.1106e-5, 0.000704923)), (4, (2, 0.00066378, 3.7366e-5, 0.00070135)), (3, (3, 0.000497424, 5.7082e-5, 0.000554696))]), (55376, 16, 0.001099829, [(4, (0, 0.000957423, 3.0324e-5, 0.000987995)), (4, (1, 0.000985392, 6.7322e-5, 0.001053009)), (4, (2, 0.000720969, 4.3208e-5, 0.000764386)), (4, (3, 0.000650247, 5.9382e-5, 0.000709868))]), (55392, 13, 0.00092389, [(4, (0, 0.000734119, 2.5645e-5, 0.000760068)), (3, (1, 0.000832187, 5.3523e-5, 0.000886026)), (3, (2, 0.000532522, 3.97e-5, 0.000572467)), (3, (3, 0.000489622, 5.822e-5, 0.000548095))]), (55408, 11, 0.000721903, [(3, (0, 0.000417869, 1.9896e-5, 0.000437978)), (3, (1, 0.000486434, 9.5682e-5, 0.000582374)), (3, (2, 0.00045201, 3.3371e-5, 0.000485563)), (2, (3, 0.000597644, 8.7326e-5, 0.000685175))]), (55424, 16, 0.000645129, [(4, (0, 0.000496197, 1.967e-5, 0.000516071)), (4, (1, 0.000566422, 3.1841e-5, 0.000598476)), (4, (2, 0.000550026, 4.8198e-5, 0.00059846)), (4, (3, 0.000538057, 9.2176e-5, 0.000630476))]), (55440, 16, 0.000709335, [(4, (0, 0.000466984, 2.0193e-5, 0.000487367)), (4, (1, 0.00058777, 4.7125e-5, 0.000635089)), (4, (2, 0.000547838, 3.2597e-5, 0.000580616)), (4, (3, 0.00062004, 5.3735e-5, 0.000673972))]), (55456, 16, 0.00072576, [(4, (0, 0.000495513, 2.2202e-5, 0.000517906)), (4, (1, 0.000645341, 5.4665e-5, 0.000700269)), (4, (2, 0.000554477, 3.4433e-5, 0.000589154)), (4, (3, 0.000545274, 4.603e-5, 0.000591528))]), (55472, 12, 0.001067632, [(3, (0, 0.000459637, 2.8529e-5, 0.000488348)), (3, (1, 0.000934581, 0.000108813, 0.001043622)), (3, (2, 0.000556483, 9.6188e-5, 0.000652918)), (3, (3, 0.000509922, 0.000114999, 0.000625302))]), (55488, 16, 0.001270291, [(4, (0, 0.001093236, 2.1284e-5, 0.001114708)), (4, (1, 0.001158825, 8.255e-5, 0.001241589)), (4, (2, 0.000711986, 3.6338e-5, 0.000748534)), (4, (3, 0.000682426, 0.000133513, 0.000816184))]), (55504, 15, 0.000893771, [(4, (0, 0.000769584, 1.98e-5, 0.000789597)), (4, (1, 0.000603479, 8.1647e-5, 0.000685312)), (4, (2, 0.000835279, 3.6575e-5, 0.000872069)), (3, (3, 0.000517478, 5.5449e-5, 0.000573116))]), (55520, 14, 0.000670118, [(4, (0, 0.000574364, 2.3065e-5, 0.000597632)), (4, (1, 0.000600905, 3.7732e-5, 0.000638818)), (3, (2, 0.000422378, 5.0958e-5, 0.00047354)), (3, (3, 0.000413896, 6.0689e-5, 0.000474893))]), (55536, 16, 0.000701008, [(4, (0, 0.000539017, 2.7522e-5, 0.000566778)), (4, (1, 0.000554685, 5.3117e-5, 0.000607976)), (4, (2, 0.000575647, 4.0387e-5, 0.00061623)), (4, (3, 0.000611445, 5.8246e-5, 0.000669888))]), (55552, 14, 0.001034892, [(4, (0, 0.000570602, 2.4513e-5, 0.000595323)), (4, (1, 0.000956599, 5.0358e-5, 0.001007195)), (3, (2, 0.000540167, 3.6226e-5, 0.000576575)), (3, (3, 0.000492822, 6.1751e-5, 0.000554884))]), (55568, 16, 0.000874726, [(4, (0, 0.000516151, 1.3391e-5, 0.000529708)), (4, (1, 0.000544708, 5.2588e-5, 0.000597557)), (4, (2, 0.000546279, 3.718e-5, 0.000583726)), (4, (3, 0.000770551, 6.1811e-5, 0.000832588))]), (55584, 16, 0.00093489, [(4, (0, 0.000687468, 2.4695e-5, 0.000712392)), (4, (1, 0.000793249, 5.1698e-5, 0.000845148)), (4, (2, 0.000867186, 3.9887e-5, 0.000907314)), (4, (3, 0.000835883, 5.9029e-5, 0.0008951))]), (55600, 16, 0.000912457, [(4, (0, 0.000683841, 2.1946e-5, 0.000706038)), (4, (1, 0.000833715, 5.0649e-5, 0.000884572)), (4, (2, 0.000829058, 3.8751e-5, 0.000868054)), (4, (3, 0.000743477, 9.6692e-5, 0.00084038))]), (55616, 16, 0.000749138, [(4, (0, 0.000534941, 2.2387e-5, 0.00055757)), (4, (1, 0.000567606, 3.5234e-5, 0.000603043)), (4, (2, 0.000670841, 4.8696e-5, 0.000719816)), (4, (3, 0.000597522, 5.8994e-5, 0.000656794))]), (55632, 16, 0.000805452, [(4, (0, 0.000582718, 2.4478e-5, 0.000607381)), (4, (1, 0.000668977, 5.7961e-5, 0.000727147)), (4, (2, 0.000649179, 4.5387e-5, 0.000694902)), (4, (3, 0.000704604, 6.5078e-5, 0.000769884))]), (55648, 16, 0.000712713, [(4, (0, 0.000554752, 2.2591e-5, 0.000577555)), (4, (1, 0.000620575, 5.6411e-5, 0.000677189)), (4, (2, 0.000548098, 3.8748e-5, 0.000587036)), (4, (3, 0.000578621, 5.1491e-5, 0.000630323))]), (55664, 16, 0.000932045, [(4, (0, 0.00054079, 2.3941e-5, 0.000564952)), (4, (1, 0.000852497, 4.8674e-5, 0.00090135)), (4, (2, 0.00057619, 3.68e-5, 0.000613207)), (4, (3, 0.000521924, 5.5749e-5, 0.00057788))]), (55680, 16, 0.000738241, [(4, (0, 0.000544456, 2.1475e-5, 0.000566187)), (4, (1, 0.0006599, 5.5109e-5, 0.000715232)), (4, (2, 0.00059328, 3.5706e-5, 0.000629254)), (4, (3, 0.000584734, 4.7929e-5, 0.000632856))]), (55696, 16, 0.000823905, [(4, (0, 0.000624898, 1.8338e-5, 0.000643469)), (4, (1, 0.000684405, 4.7001e-5, 0.000731629)), (4, (2, 0.000689726, 3.2974e-5, 0.000722905)), (4, (3, 0.000678998, 0.000100125, 0.000779432))]), (55712, 16, 0.000707074, [(4, (0, 0.000480741, 2.4112e-5, 0.000505074)), (4, (1, 0.000628441, 4.9847e-5, 0.00067851)), (4, (2, 0.000621078, 3.6505e-5, 0.000657774)), (4, (3, 0.000600061, 5.5535e-5, 0.000655828))]), (55728, 16, 0.00073034, [(4, (0, 0.000594231, 1.9846e-5, 0.000614286)), (4, (1, 0.000644451, 4.8405e-5, 0.000693086)), (4, (2, 0.000634536, 3.346e-5, 0.000668209)), (4, (3, 0.000630156, 5.5152e-5, 0.000685567))]), (55744, 16, 0.000698582, [(4, (0, 0.000529638, 2.1634e-5, 0.000551486)), (4, (1, 0.000624085, 4.8773e-5, 0.000673068)), (4, (2, 0.000580842, 3.4675e-5, 0.000615737)), (4, (3, 0.000526998, 5.3233e-5, 0.00058045))]), (55760, 16, 0.000745169, [(4, (0, 0.000599823, 2.2995e-5, 0.000623154)), (4, (1, 0.000670482, 4.7672e-5, 0.000718428)), (4, (2, 0.000603346, 3.6401e-5, 0.00063994)), (4, (3, 0.000617057, 5.4496e-5, 0.000671775))]), (55776, 16, 0.001015348, [(4, (0, 0.000545711, 2.1967e-5, 0.000567868)), (4, (1, 0.000904844, 8.604e-5, 0.000991419)), (4, (2, 0.00068123, 3.7173e-5, 0.000718685)), (4, (3, 0.000681872, 5.0675e-5, 0.00073276))]), (55792, 16, 0.00083399, [(4, (0, 0.000691576, 1.8537e-5, 0.000710312)), (4, (1, 0.000703028, 4.3164e-5, 0.000746422)), (4, (2, 0.000776758, 3.0776e-5, 0.000807748)), (4, (3, 0.000730791, 5.0975e-5, 0.000782059))]), (55808, 16, 0.000721474, [(4, (0, 0.000536497, 1.7579e-5, 0.000554278)), (4, (1, 0.000573997, 4.7296e-5, 0.000621518)), (4, (2, 0.000598653, 3.2738e-5, 0.000631608)), (4, (3, 0.000622128, 5.3754e-5, 0.000676122))]), (55824, 16, 0.001143682, [(4, (0, 0.000763649, 2.0847e-5, 0.000784734)), (4, (1, 0.00105692, 5.2157e-5, 0.001109331)), (4, (2, 0.000694048, 3.5632e-5, 0.000729977)), (4, (3, 0.000627728, 6.384e-5, 0.000691807))]), (55840, 16, 0.000977754, [(4, (0, 0.000652011, 2.5359e-5, 0.000677639)), (4, (1, 0.000679058, 6.1593e-5, 0.000740994)), (4, (2, 0.000911283, 3.9207e-5, 0.000950709)), (4, (3, 0.000646411, 5.0389e-5, 0.000697025))]), (55856, 16, 0.000916991, [(4, (0, 0.000707402, 1.9083e-5, 0.000726747)), (4, (1, 0.000838289, 5.1095e-5, 0.000889634)), (4, (2, 0.000827572, 3.1722e-5, 0.000859508)), (4, (3, 0.000782989, 4.3358e-5, 0.000826532))]), (55872, 16, 0.000842993, [(4, (0, 0.000543509, 2.2681e-5, 0.000566427)), (4, (1, 0.000559227, 5.064e-5, 0.000610116)), (4, (2, 0.000776948, 3.8625e-5, 0.000815763)), (4, (3, 0.000595229, 5.7432e-5, 0.000652868))]), (55888, 16, 0.000696636, [(4, (0, 0.000587596, 1.6403e-5, 0.000604236)), (4, (1, 0.000630625, 5.0403e-5, 0.000681346)), (4, (2, 0.000620054, 3.2509e-5, 0.000652754)), (4, (3, 0.000606056, 5.2615e-5, 0.000658878))]), (55904, 16, 0.001055654, [(4, (0, 0.000544458, 2.9004e-5, 0.000573711)), (4, (1, 0.000686303, 6.7924e-5, 0.000754428)), (4, (2, 0.00097281, 5.3444e-5, 0.001026566)), (4, (3, 0.000625994, 6.2303e-5, 0.000688505))]), (55920, 16, 0.00099947, [(4, (0, 0.000686949, 2.1199e-5, 0.000708392)), (4, (1, 0.000871457, 4.9721e-5, 0.000921491)), (4, (2, 0.000851651, 3.8153e-5, 0.00089003)), (4, (3, 0.000866964, 5.8123e-5, 0.000925574))]), (55936, 16, 0.000780618, [(4, (0, 0.0005615, 2.4057e-5, 0.000585798)), (4, (1, 0.000691446, 5.9447e-5, 0.000751262)), (4, (2, 0.000689081, 3.8536e-5, 0.000727885)), (4, (3, 0.000647311, 5.1524e-5, 0.000699085))]), (55952, 16, 0.000754587, [(4, (0, 0.000560313, 1.6379e-5, 0.000576926)), (4, (1, 0.000668985, 4.8528e-5, 0.000717792)), (4, (2, 0.000642454, 3.3356e-5, 0.000676015)), (4, (3, 0.000654673, 5.5652e-5, 0.00071056))]), (55968, 16, 0.001118578, [(4, (0, 0.000724441, 2.8836e-5, 0.000753562)), (4, (1, 0.001028979, 6.0391e-5, 0.001089744)), (4, (2, 0.00066631, 4.55e-5, 0.000712058)), (4, (3, 0.000683399, 6.474e-5, 0.000748352))]), (55984, 16, 0.00072168, [(4, (0, 0.000514714, 1.9934e-5, 0.000534863)), (4, (1, 0.000631725, 5.4725e-5, 0.00068672)), (4, (2, 0.000609735, 4.5092e-5, 0.000655212)), (4, (3, 0.000606064, 6.7653e-5, 0.000674018))]), (56000, 16, 0.000855216, [(4, (0, 0.000583228, 1.9552e-5, 0.000603059)), (4, (1, 0.000612321, 4.6628e-5, 0.000659174)), (4, (2, 0.00079542, 3.2658e-5, 0.000828302)), (4, (3, 0.000616596, 5.5213e-5, 0.000672082))]), (56016, 16, 0.000917301, [(4, (0, 0.000650484, 2.4535e-5, 0.000675255)), (4, (1, 0.000724371, 5.4556e-5, 0.000779139)), (4, (2, 0.000761589, 4.0971e-5, 0.000802835)), (4, (3, 0.000813548, 6.5036e-5, 0.000878815))]), (56032, 16, 0.000859292, [(4, (0, 0.000580121, 2.3261e-5, 0.000603574)), (4, (1, 0.000780396, 4.9687e-5, 0.000830364)), (4, (2, 0.000615339, 3.6229e-5, 0.000651771)), (4, (3, 0.000592675, 5.5948e-5, 0.000648984))]), (56048, 16, 0.000734016, [(4, (0, 0.000537596, 2.0083e-5, 0.000557893)), (4, (1, 0.000626861, 3.5742e-5, 0.000662795)), (4, (2, 0.000647417, 5.2362e-5, 0.000699972)), (4, (3, 0.000621382, 5.8035e-5, 0.000679659))]), (56064, 16, 0.001078036, [(4, (0, 0.001047744, 2.9006e-5, 0.001077006)), (4, (1, 0.00075484, 5.4974e-5, 0.000810016)), (4, (2, 0.000635714, 4.2379e-5, 0.000678311)), (4, (3, 0.000807352, 6.3283e-5, 0.000870887))]), (56080, 16, 0.000965634, [(4, (0, 0.000551231, 2.627e-5, 0.000577764)), (4, (1, 0.000882336, 5.6345e-5, 0.000938922)), (4, (2, 0.000764509, 4.1815e-5, 0.000806594)), (4, (3, 0.000744603, 6.0217e-5, 0.000805021))]), (56096, 16, 0.00097998, [(4, (0, 0.000796386, 2.0823e-5, 0.000817679)), (4, (1, 0.000841556, 4.8931e-5, 0.0008907)), (4, (2, 0.000765288, 4.0808e-5, 0.000806369)), (4, (3, 0.000832487, 5.4173e-5, 0.000886875))]), (56112, 16, 0.000933706, [(4, (0, 0.000828006, 2.2021e-5, 0.000850262)), (4, (1, 0.000856449, 4.9796e-5, 0.000906485)), (4, (2, 0.000799946, 3.4927e-5, 0.000835092)), (4, (3, 0.000628687, 5.6742e-5, 0.00068562))]), (56128, 16, 0.001037603, [(4, (0, 0.000839973, 1.9104e-5, 0.000859312)), (4, (1, 0.000963974, 4.8604e-5, 0.001012816)), (4, (2, 0.000838445, 3.9306e-5, 0.000878073)), (4, (3, 0.000868817, 5.6834e-5, 0.000925891))]), (56144, 16, 0.000808951, [(4, (0, 0.00060333, 1.5657e-5, 0.000619207)), (4, (1, 0.000656011, 4.5905e-5, 0.000702133)), (4, (2, 0.000651617, 3.1829e-5, 0.000683676)), (4, (3, 0.000716012, 5.2095e-5, 0.000768319))]), (56160, 16, 0.000926587, [(4, (0, 0.000785142, 1.93e-5, 0.000804656)), (4, (1, 0.000851903, 5.0205e-5, 0.000902298)), (4, (2, 0.000795405, 3.312e-5, 0.000828709)), (4, (3, 0.000804602, 4.5284e-5, 0.0008501))]), (56176, 16, 0.001028828, [(4, (0, 0.000609197, 2.2337e-5, 0.000631729)), (4, (1, 0.000604947, 9.77e-5, 0.000702889)), (4, (2, 0.000566405, 3.5622e-5, 0.000602239)), (4, (3, 0.000836645, 0.00010006, 0.000936923))]), (56192, 16, 0.000740268, [(4, (0, 0.000592206, 1.9473e-5, 0.00061194)), (4, (1, 0.000681134, 4.4714e-5, 0.000726067)), (4, (2, 0.000655627, 3.0944e-5, 0.000686803)), (4, (3, 0.000653373, 4.9337e-5, 0.000702888))]), (56208, 16, 0.000896504, [(4, (0, 0.000631312, 2.0533e-5, 0.000652062)), (4, (1, 0.000613134, 4.497e-5, 0.000658314)), (4, (2, 0.000838028, 3.278e-5, 0.000871021)), (4, (3, 0.000814347, 5.2944e-5, 0.000867696))]), (56224, 16, 0.000752954, [(4, (0, 0.000594284, 1.8985e-5, 0.000613485)), (4, (1, 0.000672551, 5.4902e-5, 0.000727661)), (4, (2, 0.000627989, 4.2006e-5, 0.000670206)), (4, (3, 0.00061772, 5.9423e-5, 0.000677375))]), (56240, 16, 0.000844685, [(4, (0, 0.000574931, 1.9666e-5, 0.000594798)), (4, (1, 0.000677504, 4.5009e-5, 0.000722761)), (4, (2, 0.000788163, 3.3957e-5, 0.000822317)), (4, (3, 0.000658683, 5.8365e-5, 0.000717349))]), (56256, 16, 0.000921624, [(4, (0, 0.000675381, 2.0374e-5, 0.000695954)), (4, (1, 0.000744758, 9.1415e-5, 0.000836449)), (4, (2, 0.000856019, 3.2834e-5, 0.000889061)), (4, (3, 0.000750947, 9.5724e-5, 0.000846875))]), (56272, 16, 0.000934385, [(4, (0, 0.000795948, 2.2143e-5, 0.000818349)), (4, (1, 0.000818384, 5.5062e-5, 0.000873687)), (4, (2, 0.000792892, 3.3926e-5, 0.000827016)), (4, (3, 0.00083302, 5.9132e-5, 0.000892361))]), (56288, 16, 0.000810743, [(4, (0, 0.000600716, 2.9305e-5, 0.000630242)), (4, (1, 0.00070992, 5.8085e-5, 0.000768226)), (4, (2, 0.000636785, 4.3475e-5, 0.000680512)), (4, (3, 0.000703594, 6.5449e-5, 0.00076931))]), (56304, 15, 0.000702661, [(4, (0, 0.000577295, 2.307e-5, 0.000600587)), (4, (1, 0.000626888, 5.2035e-5, 0.000679141)), (4, (2, 0.000607146, 3.6943e-5, 0.000644324)), (3, (3, 0.000511897, 5.9079e-5, 0.000571212))]), (56320, 16, 0.000891905, [(4, (0, 0.000714184, 1.756e-5, 0.000731968)), (4, (1, 0.000754622, 4.5239e-5, 0.000800078)), (4, (2, 0.000744279, 3.0185e-5, 0.000774652)), (4, (3, 0.000792544, 5.9137e-5, 0.000852008))]), (56336, 16, 0.000900535, [(4, (0, 0.000676262, 1.7214e-5, 0.000693669)), (4, (1, 0.000786959, 8.3298e-5, 0.000870481)), (4, (2, 0.000657635, 9.6981e-5, 0.000754837)), (4, (3, 0.000643188, 0.000100965, 0.000744365))]), (56352, 16, 0.000811475, [(4, (0, 0.000573207, 1.501e-5, 0.000588452)), (4, (1, 0.00069433, 8.8985e-5, 0.000783607)), (4, (2, 0.000721411, 3.2061e-5, 0.000753711)), (4, (3, 0.000677704, 4.2462e-5, 0.000720357))]), (56368, 16, 0.000872046, [(4, (0, 0.000549832, 2.2088e-5, 0.000572138)), (4, (1, 0.000602116, 4.9595e-5, 0.000651918)), (4, (2, 0.000578943, 3.4968e-5, 0.000614092)), (4, (3, 0.000768011, 5.6379e-5, 0.000824603))]), (56384, 16, 0.000877907, [(4, (0, 0.000529794, 2.0515e-5, 0.00055057)), (4, (1, 0.000613612, 3.7117e-5, 0.000650968)), (4, (2, 0.000578336, 5.0867e-5, 0.000629425)), (4, (3, 0.000765535, 5.6649e-5, 0.000822378))]), (56400, 16, 0.000745692, [(4, (0, 0.00059634, 2.0848e-5, 0.00061747)), (4, (1, 0.000614486, 4.882e-5, 0.000663522)), (4, (2, 0.000685341, 3.5067e-5, 0.000720608)), (4, (3, 0.000653378, 5.747e-5, 0.000711069))]), (56416, 16, 0.001201819, [(4, (0, 0.00052912, 2.6673e-5, 0.000556005)), (4, (1, 0.00079581, 6.0485e-5, 0.000856568)), (4, (2, 0.00069492, 3.9561e-5, 0.000734665)), (4, (3, 0.001060867, 5.2374e-5, 0.001113459))]), (56432, 15, 0.000841117, [(4, (0, 0.000597591, 4.8907e-5, 0.000646705)), (4, (1, 0.000695759, 0.000117464, 0.000813598)), (4, (2, 0.000630787, 0.000110767, 0.000741788)), (3, (3, 0.000495005, 0.000122489, 0.000617712))]), (56448, 13, 0.000797034, [(4, (0, 0.00067348, 2.2576e-5, 0.000696322)), (3, (1, 0.000541151, 3.9129e-5, 0.000580507)), (3, (2, 0.000706343, 6.079e-5, 0.000767342)), (3, (3, 0.000479664, 0.000102228, 0.000582153))]), (56464, 16, 0.000910761, [(4, (0, 0.000494777, 2.2587e-5, 0.000517579)), (4, (1, 0.000823579, 5.7226e-5, 0.000881126)), (4, (2, 0.000566967, 3.7432e-5, 0.000604763)), (4, (3, 0.000541429, 6.1435e-5, 0.000603136))]), (56480, 16, 0.000977635, [(4, (0, 0.000800111, 2.4672e-5, 0.000824998)), (4, (1, 0.000783433, 8.8521e-5, 0.000872249)), (4, (2, 0.000747573, 7.3163e-5, 0.000820954)), (4, (3, 0.000842437, 9.502e-5, 0.000937745))]), (56496, 16, 0.000816707, [(4, (0, 0.000561028, 2.4122e-5, 0.000585387)), (4, (1, 0.000736721, 5.2151e-5, 0.000789068)), (4, (2, 0.000773617, 3.8507e-5, 0.000812455)), (4, (3, 0.000595535, 5.621e-5, 0.000651992))]), (56512, 16, 0.000746593, [(4, (0, 0.000591201, 3.4518e-5, 0.000625926)), (4, (1, 0.000676058, 6.8739e-5, 0.000745033)), (4, (2, 0.000677116, 4.9096e-5, 0.000726445)), (4, (3, 0.000651924, 7.8177e-5, 0.000730372))]), (56528, 16, 0.000807729, [(4, (0, 0.000779891, 2.6792e-5, 0.000806898)), (4, (1, 0.00070766, 5.3381e-5, 0.000761288)), (4, (2, 0.000703906, 3.9841e-5, 0.000743936)), (4, (3, 0.000683407, 5.9398e-5, 0.000743017))]), (56544, 16, 0.000834994, [(4, (0, 0.000668791, 1.3922e-5, 0.000682926)), (4, (1, 0.000615196, 7.5971e-5, 0.000691369)), (4, (2, 0.000697133, 2.8556e-5, 0.000725885)), (4, (3, 0.000702822, 8.0534e-5, 0.000783544))]), (56560, 16, 0.000814991, [(4, (0, 0.000581807, 1.9193e-5, 0.000601203)), (4, (1, 0.000675856, 4.4658e-5, 0.00072072)), (4, (2, 0.000718402, 3.2722e-5, 0.000751331)), (4, (3, 0.000720513, 5.1858e-5, 0.000772558))]), (56576, 16, 0.001074708, [(4, (0, 0.000786902, 2.8586e-5, 0.000815732)), (4, (1, 0.000991164, 5.8168e-5, 0.001049552)), (4, (2, 0.000828026, 4.3977e-5, 0.000872237)), (4, (3, 0.000881789, 6.2146e-5, 0.000944138))]), (56592, 16, 0.000825877, [(4, (0, 0.000671195, 2.1389e-5, 0.000692789)), (4, (1, 0.000765404, 3.7733e-5, 0.000803372)), (4, (2, 0.000747579, 5.1433e-5, 0.000799278)), (4, (3, 0.000741066, 5.7586e-5, 0.000798977))]), (56608, 15, 0.000766207, [(4, (0, 0.0005488, 1.6528e-5, 0.000565521)), (4, (1, 0.000625019, 3.1802e-5, 0.000657025)), (4, (2, 0.000692744, 4.4642e-5, 0.000737598)), (3, (3, 0.000478833, 5.0738e-5, 0.000529767))]), (56624, 16, 0.000989625, [(4, (0, 0.000673499, 1.801e-5, 0.000691716)), (4, (1, 0.000917917, 4.4409e-5, 0.000962556)), (4, (2, 0.000623717, 3.1881e-5, 0.000655795)), (4, (3, 0.000670325, 5.5735e-5, 0.000726406))]), (56640, 16, 0.000818386, [(4, (0, 0.000678407, 2.0744e-5, 0.000699373)), (4, (1, 0.000738583, 5.3193e-5, 0.000792032)), (4, (2, 0.000744832, 3.723e-5, 0.000782283)), (4, (3, 0.000679334, 5.9563e-5, 0.000739104))]), (56656, 16, 0.000820155, [(4, (0, 0.000588683, 1.6766e-5, 0.000605643)), (4, (1, 0.00065214, 6.0843e-5, 0.00071326)), (4, (2, 0.00058473, 3.1226e-5, 0.00061617)), (4, (3, 0.000729794, 5.1548e-5, 0.000781692))]), (56672, 16, 0.000708839, [(4, (0, 0.000519819, 1.6686e-5, 0.000536719)), (4, (1, 0.000557298, 9.3586e-5, 0.000651099)), (4, (2, 0.000580406, 2.969e-5, 0.000610295)), (4, (3, 0.000530118, 0.000142445, 0.000673417))]), (56688, 16, 0.000795212, [(4, (0, 0.00052585, 3.7559e-5, 0.000563601)), (4, (1, 0.000521053, 6.8042e-5, 0.00058932)), (4, (2, 0.000717489, 5.2719e-5, 0.00077039)), (4, (3, 0.000579058, 7.1143e-5, 0.000650436))]), (56704, 16, 0.000658462, [(4, (0, 0.000619889, 2.5335e-5, 0.000645428)), (4, (1, 0.000588796, 6.0788e-5, 0.000649856)), (4, (2, 0.000609339, 4.1135e-5, 0.00065071)), (4, (3, 0.00053419, 5.3727e-5, 0.000588131))]), (56720, 16, 0.001005382, [(4, (0, 0.000689121, 1.7393e-5, 0.000706722)), (4, (1, 0.000652469, 4.501e-5, 0.000697716)), (4, (2, 0.000662794, 3.205e-5, 0.000695055)), (4, (3, 0.000915973, 5.1221e-5, 0.000967383))]), (56736, 16, 0.000722556, [(4, (0, 0.000611471, 1.4916e-5, 0.000626586)), (4, (1, 0.000622396, 2.7176e-5, 0.000649758)), (4, (2, 0.000659797, 3.9217e-5, 0.000699239)), (4, (3, 0.000604443, 4.4682e-5, 0.000649312))]), (56752, 16, 0.000806189, [(4, (0, 0.000583307, 1.7382e-5, 0.000600892)), (4, (1, 0.000734514, 4.4486e-5, 0.000779305)), (4, (2, 0.000699253, 3.0504e-5, 0.00072993)), (4, (3, 0.000601713, 4.9295e-5, 0.000651198))]), (56768, 16, 0.00099814, [(4, (0, 0.000610312, 1.4567e-5, 0.000625108)), (4, (1, 0.000860497, 0.000105432, 0.000966194)), (4, (2, 0.000683899, 8.2036e-5, 0.00076615)), (4, (3, 0.000669701, 9.5858e-5, 0.000765774))]), (56784, 16, 0.000717089, [(4, (0, 0.000530481, 1.7446e-5, 0.00054814)), (4, (1, 0.000599815, 4.8539e-5, 0.000648583)), (4, (2, 0.000622311, 3.6645e-5, 0.000659209)), (4, (3, 0.000577009, 9.9046e-5, 0.000677211))]), (56800, 16, 0.001058722, [(4, (0, 0.000905682, 1.5829e-5, 0.000921725)), (4, (1, 0.000750738, 8.7071e-5, 0.000838011)), (4, (2, 0.00070065, 2.9157e-5, 0.000730032)), (4, (3, 0.000914289, 9.3904e-5, 0.001008404))]), (56816, 16, 0.000806213, [(4, (0, 0.00070965, 2.1001e-5, 0.000730897)), (4, (1, 0.000723885, 5.5141e-5, 0.000779228)), (4, (2, 0.000750202, 3.6395e-5, 0.000786833)), (4, (3, 0.000688299, 4.9185e-5, 0.000737687))]), (56832, 16, 0.000829641, [(4, (0, 0.00081035, 1.8314e-5, 0.000828874)), (4, (1, 0.000709224, 4.7144e-5, 0.000756586)), (4, (2, 0.000636972, 3.5137e-5, 0.000672361)), (4, (3, 0.000674504, 0.000105988, 0.000780796))]), (56848, 16, 0.000773232, [(4, (0, 0.00060035, 1.6429e-5, 0.000616998)), (4, (1, 0.000704938, 4.4345e-5, 0.000749498)), (4, (2, 0.000677812, 2.9294e-5, 0.000707305)), (4, (3, 0.000614469, 4.9219e-5, 0.000663949))]), (56864, 16, 0.000730006, [(4, (0, 0.000582886, 1.7434e-5, 0.000600525)), (4, (1, 0.000650931, 4.2415e-5, 0.000693535)), (4, (2, 0.000691097, 3.0008e-5, 0.000721299)), (4, (3, 0.000629198, 4.8147e-5, 0.000677561))]), (56880, 16, 0.000964435, [(4, (0, 0.000637864, 1.4739e-5, 0.000652793)), (4, (1, 0.000763108, 5.5171e-5, 0.000818612)), (4, (2, 0.000913726, 2.8164e-5, 0.000942092)), (4, (3, 0.000840281, 4.7182e-5, 0.000888058))]), (56896, 16, 0.000762952, [(4, (0, 0.000614747, 1.7305e-5, 0.000632264)), (4, (1, 0.000576802, 4.3219e-5, 0.000620197)), (4, (2, 0.00065965, 2.9822e-5, 0.000689662)), (4, (3, 0.000676538, 5.0567e-5, 0.000727302))]), (56912, 16, 0.000928509, [(4, (0, 0.000633064, 7.977e-6, 0.000641207)), (4, (1, 0.000721031, 2.4369e-5, 0.000745705)), (4, (2, 0.000625844, 8.475e-6, 0.000634518)), (4, (3, 0.000862679, 2.5852e-5, 0.000888725))]), (56928, 16, 0.000734513, [(4, (0, 0.000614179, 1.512e-5, 0.000629487)), (4, (1, 0.000666281, 4.3854e-5, 0.000710342)), (4, (2, 0.000618835, 5.8699e-5, 0.000677761)), (4, (3, 0.000628253, 6.3464e-5, 0.000691967))]), (56944, 16, 0.000906227, [(4, (0, 0.000698025, 2.9948e-5, 0.000728204)), (4, (1, 0.000733475, 0.000101554, 0.000835246)), (4, (2, 0.000782318, 8.7676e-5, 0.000870231)), (4, (3, 0.000543507, 0.000105551, 0.00064928))]), (56960, 16, 0.00099365, [(4, (0, 0.000702428, 2.7444e-5, 0.000730106)), (4, (1, 0.000900252, 5.5595e-5, 0.000956088)), (4, (2, 0.000733192, 4.0957e-5, 0.000774344)), (4, (3, 0.000890183, 6.3777e-5, 0.000954158))]), (56976, 16, 0.000861194, [(4, (0, 0.000702866, 1.8742e-5, 0.000721823)), (4, (1, 0.000793652, 4.4317e-5, 0.000838148)), (4, (2, 0.000811383, 3.3751e-5, 0.000845386)), (4, (3, 0.000766312, 4.9764e-5, 0.00081629))]), (56992, 16, 0.000774079, [(4, (0, 0.00055359, 1.6164e-5, 0.000570075)), (4, (1, 0.000617565, 5.9236e-5, 0.000677096)), (4, (2, 0.000618828, 2.9476e-5, 0.000648504)), (4, (3, 0.00067231, 5.8028e-5, 0.000730569))]), (57008, 16, 0.000854752, [(4, (0, 0.000743616, 2.0884e-5, 0.000764777)), (4, (1, 0.000772372, 5.5115e-5, 0.000827835)), (4, (2, 0.000693272, 3.5216e-5, 0.000728671)), (4, (3, 0.000702696, 4.8847e-5, 0.000751735))]), (57024, 16, 0.000765835, [(4, (0, 0.000555253, 8.346e-6, 0.00056376)), (4, (1, 0.000662461, 7.4191e-5, 0.000737234)), (4, (2, 0.000605691, 3.6687e-5, 0.000642601)), (4, (3, 0.000612194, 4.6948e-5, 0.000659344))]), (57040, 16, 0.000829096, [(4, (0, 0.000813106, 1.5097e-5, 0.000828395)), (4, (1, 0.000688766, 4.4743e-5, 0.000733745)), (4, (2, 0.000691158, 2.667e-5, 0.00071802)), (4, (3, 0.000683158, 7.5629e-5, 0.000759262))]), (57056, 16, 0.000732033, [(4, (0, 0.000563251, 1.5381e-5, 0.000578884)), (4, (1, 0.00066282, 4.5168e-5, 0.000708202)), (4, (2, 0.000595177, 3.1178e-5, 0.00062658)), (4, (3, 0.000575289, 5.3844e-5, 0.000629352))]), (57072, 16, 0.000952534, [(4, (0, 0.000557738, 1.5637e-5, 0.000573581)), (4, (1, 0.000621039, 3.0519e-5, 0.000651753)), (4, (2, 0.000632672, 4.4519e-5, 0.000677393)), (4, (3, 0.000860666, 4.8167e-5, 0.000909009))]), (57088, 16, 0.000787092, [(4, (0, 0.000621689, 2.0476e-5, 0.000642398)), (4, (1, 0.000709279, 5.1676e-5, 0.000761201)), (4, (2, 0.000669385, 3.4608e-5, 0.000704203)), (4, (3, 0.000628377, 6.3027e-5, 0.000691693))]), (57104, 16, 0.000770095, [(4, (0, 0.000660421, 1.4396e-5, 0.000675024)), (4, (1, 0.000701203, 3.9956e-5, 0.000741362)), (4, (2, 0.000696132, 2.9084e-5, 0.000725453)), (4, (3, 0.00060747, 8.8928e-5, 0.000696609))]), (57120, 16, 0.000753677, [(4, (0, 0.00055687, 1.9159e-5, 0.000576239)), (4, (1, 0.00070206, 3.6404e-5, 0.000738683)), (4, (2, 0.000690458, 5.1095e-5, 0.000741784)), (4, (3, 0.000678552, 6.0385e-5, 0.000739251))]), (57136, 16, 0.00121381, [(4, (0, 0.001085625, 2.5314e-5, 0.001111154)), (4, (1, 0.001126648, 6.1292e-5, 0.001188195)), (4, (2, 0.000926547, 3.7093e-5, 0.000963827)), (4, (3, 0.000930214, 7.4061e-5, 0.001004489))]), (57152, 15, 0.001017673, [(4, (0, 0.000999705, 1.6893e-5, 0.001016809)), (4, (1, 0.000681023, 4.5323e-5, 0.000726548)), (4, (2, 0.000728454, 3.293e-5, 0.000761594)), (3, (3, 0.000519768, 5.3818e-5, 0.000573795))]), (57168, 15, 0.00068177, [(4, (0, 0.000488233, 2.2424e-5, 0.000510846)), (4, (1, 0.000581813, 7.2634e-5, 0.00065496)), (4, (2, 0.000547759, 3.7313e-5, 0.000585296)), (3, (3, 0.000436429, 5.1482e-5, 0.000488128))]), (57184, 16, 0.000649209, [(4, (0, 0.000439072, 2.6913e-5, 0.000466198)), (4, (1, 0.000519123, 8.7581e-5, 0.00060697)), (4, (2, 0.000471625, 7.0186e-5, 0.000542191)), (4, (3, 0.000516779, 8.208e-5, 0.000599062))]), (57200, 16, 0.000591887, [(4, (0, 0.000565595, 2.5169e-5, 0.00059099)), (4, (1, 0.00054028, 4.9926e-5, 0.000590441)), (4, (2, 0.000523441, 3.9003e-5, 0.000562658)), (4, (3, 0.00051223, 5.5091e-5, 0.000567546))]), (57216, 15, 0.000622775, [(4, (0, 0.000535761, 2.0402e-5, 0.00055637)), (4, (1, 0.000509412, 5.5683e-5, 0.000565329)), (4, (2, 0.000565481, 3.5143e-5, 0.000600841)), (3, (3, 0.00038679, 5.9008e-5, 0.000445998))]), (57232, 2, 0.000294359, [(1, (0, 0.000145926, 1.9236e-5, 0.000165374)), (1, (1, 0.000234075, 3.5119e-5, 0.000269308)), (0, (2, 1.61e-7, 3.3839e-5, 3.4231e-5)), (0, (3, 7.1e-8, 3.4567e-5, 3.4734e-5))]), (57248, 10, 0.000583474, [(3, (0, 0.000420697, 2.4578e-5, 0.000445475)), (3, (1, 0.000436101, 5.0149e-5, 0.00048648)), (2, (2, 0.000521017, 3.8161e-5, 0.000559387)), (2, (3, 0.000294851, 9.2189e-5, 0.000387342))]), (57264, 15, 0.000775408, [(4, (0, 0.000493943, 2.4507e-5, 0.000518772)), (4, (1, 0.000704881, 4.8407e-5, 0.000753495)), (4, (2, 0.000645042, 3.6934e-5, 0.000682167)), (3, (3, 0.000380094, 5.731e-5, 0.000437697))]), (57280, 15, 0.000733391, [(4, (0, 0.000505032, 2.3425e-5, 0.00052865)), (4, (1, 0.000593101, 0.00011703, 0.000710353)), (4, (2, 0.00064076, 3.6359e-5, 0.000677316)), (3, (3, 0.000509037, 0.000146097, 0.000655738))]), (57296, 13, 0.000871416, [(4, (0, 0.000537514, 2.762e-5, 0.000565344)), (3, (1, 0.000789617, 5.7127e-5, 0.000846966)), (3, (2, 0.000533512, 4.0642e-5, 0.000574361)), (3, (3, 0.000497331, 0.000122751, 0.000620278))]), (57312, 15, 0.000840281, [(4, (0, 0.000673266, 2.465e-5, 0.000698109)), (4, (1, 0.000573313, 4.3645e-5, 0.000617199)), (4, (2, 0.000761878, 5.6559e-5, 0.000818666)), (3, (3, 0.000459609, 6.3748e-5, 0.000523601))]), (57328, 14, 0.001029158, [(4, (0, 0.001000691, 2.7473e-5, 0.001028352)), (4, (1, 0.000861633, 8.1579e-5, 0.000943411)), (3, (2, 0.000504381, 4.3378e-5, 0.000547974)), (3, (3, 0.000754223, 5.6811e-5, 0.00081124))]), (57344, 11, 0.000829862, [(3, (0, 0.000410804, 2.5956e-5, 0.000436968)), (3, (1, 0.000670167, 0.000133256, 0.000804125)), (3, (2, 0.00065353, 4.2611e-5, 0.000696335)), (2, (3, 0.000388231, 9.5428e-5, 0.000483859))]), (57360, 16, 0.001100899, [(4, (0, 0.000618125, 1.7974e-5, 0.000636268)), (4, (1, 0.00084787, 6.0894e-5, 0.000909008)), (4, (2, 0.001025318, 4.339e-5, 0.001068908)), (4, (3, 0.000798218, 5.5779e-5, 0.000854177))]), (57376, 14, 0.000910166, [(4, (0, 0.000872303, 3.6513e-5, 0.000909023)), (4, (1, 0.000829361, 5.9884e-5, 0.00088948)), (3, (2, 0.000646446, 4.7989e-5, 0.000694624)), (3, (3, 0.00053333, 6.9708e-5, 0.000603335))]), (57392, 13, 0.001029444, [(4, (0, 0.001001664, 2.6788e-5, 0.001028662)), (3, (1, 0.000445232, 8.9999e-5, 0.00053544)), (3, (2, 0.000827565, 4.2282e-5, 0.000870032)), (3, (3, 0.000743012, 0.000101433, 0.000844698))]), (57408, 14, 0.001306639, [(4, (0, 0.000737266, 2.4574e-5, 0.000762069)), (4, (1, 0.00121926, 5.7786e-5, 0.001277261)), (3, (2, 0.00058249, 4.329e-5, 0.000626065)), (3, (3, 0.00050525, 6.3259e-5, 0.000568692))]), (57424, 11, 0.001089941, [(3, (0, 0.00039583, 2.7586e-5, 0.000423654)), (3, (1, 0.000957271, 0.00010561, 0.001063131)), (3, (2, 0.000513737, 4.4105e-5, 0.00055805)), (2, (3, 0.000417673, 9.96e-5, 0.000517501))]), (57440, 16, 0.001023521, [(4, (0, 0.000989082, 2.3516e-5, 0.001012852)), (4, (1, 0.00066389, 5.5655e-5, 0.000719816)), (4, (2, 0.000730914, 4.0532e-5, 0.00077168)), (4, (3, 0.000900717, 9.6712e-5, 0.000997642))]), (57456, 15, 0.000931536, [(4, (0, 0.000706824, 3.3983e-5, 0.000741041)), (4, (1, 0.000754504, 4.6791e-5, 0.000801473)), (4, (2, 0.000844287, 6.1359e-5, 0.000905948)), (3, (3, 0.000522193, 6.7553e-5, 0.000589977))]), (57472, 15, 0.000809095, [(4, (0, 0.000698072, 2.422e-5, 0.000722501)), (4, (1, 0.000695849, 5.1736e-5, 0.00074779)), (4, (2, 0.000748332, 3.8587e-5, 0.000787128)), (3, (3, 0.000614249, 9.7007e-5, 0.000711925))]), (57488, 15, 0.000910504, [(4, (0, 0.000684241, 2.247e-5, 0.000706921)), (4, (1, 0.00083384, 4.8605e-5, 0.000886128)), (4, (2, 0.000804868, 3.4845e-5, 0.000839957)), (3, (3, 0.000655152, 5.8843e-5, 0.000714341))]), (57504, 14, 0.000883149, [(4, (0, 0.000617661, 2.2101e-5, 0.000639975)), (4, (1, 0.000806698, 5.1036e-5, 0.000857934)), (3, (2, 0.000746824, 3.8398e-5, 0.000785435)), (3, (3, 0.000539874, 6.1045e-5, 0.000601221))]), (57520, 13, 0.000647984, [(4, (0, 0.000516193, 2.561e-5, 0.000542013)), (3, (1, 0.000484637, 6.7293e-5, 0.000552406)), (3, (2, 0.000472343, 3.8925e-5, 0.000511465)), (3, (3, 0.000455708, 0.000112766, 0.000569358))]), (57536, 5, 0.000249004, [(2, (0, 0.000226879, 2.1198e-5, 0.000248288)), (1, (1, 0.000126703, 5.0207e-5, 0.00017715)), (1, (2, 0.000130287, 3.3585e-5, 0.000164067)), (1, (3, 0.000117101, 5.7305e-5, 0.000174617))]), (57552, 5, 0.00036615, [(2, (0, 0.000345553, 1.9694e-5, 0.000365465)), (1, (1, 0.000119397, 4.8181e-5, 0.000167807)), (1, (2, 0.000184176, 3.4956e-5, 0.000219325)), (1, (3, 0.000175195, 5.333e-5, 0.000228712))]), (57568, 12, 0.000688036, [(3, (0, 0.000361668, 1.9925e-5, 0.000381805)), (3, (1, 0.000615064, 4.8267e-5, 0.000663528)), (3, (2, 0.000427066, 3.5153e-5, 0.000462419)), (3, (3, 0.000419252, 5.9696e-5, 0.000479239))]), (57584, 13, 0.000704473, [(4, (0, 0.000612743, 2.4738e-5, 0.000637675)), (3, (1, 0.000616707, 6.187e-5, 0.000678796)), (3, (2, 0.000482612, 4.0026e-5, 0.000522864)), (3, (3, 0.000453266, 5.4648e-5, 0.000508185))]), (57600, 14, 0.000759803, [(4, (0, 0.00071857, 2.722e-5, 0.000745985)), (4, (1, 0.000694234, 5.6357e-5, 0.000750873)), (3, (2, 0.000393495, 4.0955e-5, 0.000434647)), (3, (3, 0.000602493, 6.141e-5, 0.000664108))]), (57616, 13, 0.000831784, [(4, (0, 0.000675884, 2.1177e-5, 0.00069727)), (3, (1, 0.00074499, 6.2665e-5, 0.000807912)), (3, (2, 0.00041892, 3.7057e-5, 0.000456213)), (3, (3, 0.000453132, 4.9262e-5, 0.000502618))]), (57632, 13, 0.000637157, [(4, (0, 0.00062033, 1.5934e-5, 0.000636468)), (3, (1, 0.000538369, 7.9252e-5, 0.000617845)), (3, (2, 0.000443434, 3.1622e-5, 0.00047525)), (3, (3, 0.000491364, 7.407e-5, 0.000565754))]), (57648, 13, 0.000875771, [(4, (0, 0.000622799, 2.3182e-5, 0.000646191)), (3, (1, 0.000710829, 9.0312e-5, 0.000801343)), (3, (2, 0.000806483, 3.7012e-5, 0.0008437)), (3, (3, 0.000702936, 9.5691e-5, 0.000798834))]), (57664, 14, 0.000695287, [(4, (0, 0.000597896, 2.2082e-5, 0.000620216)), (4, (1, 0.000616543, 5.2723e-5, 0.000669517)), (3, (2, 0.000424913, 3.8383e-5, 0.000463528)), (3, (3, 0.000515102, 5.9748e-5, 0.000575109))]), (57680, 16, 0.000805389, [(4, (0, 0.000786623, 1.7858e-5, 0.000804692)), (4, (1, 0.000617577, 4.8962e-5, 0.000666772)), (4, (2, 0.000559642, 3.4353e-5, 0.000594245)), (4, (3, 0.000660593, 5.3041e-5, 0.000713812))]), (57696, 15, 0.00081524, [(4, (0, 0.000674323, 2.3324e-5, 0.000697883)), (4, (1, 0.000546039, 5.0892e-5, 0.000597141)), (4, (2, 0.000570186, 3.7344e-5, 0.00060774)), (3, (3, 0.000662137, 0.000109865, 0.000773096))]), (57712, 16, 0.000842358, [(4, (0, 0.000568359, 1.7886e-5, 0.000586444)), (4, (1, 0.00073096, 8.9113e-5, 0.00082029)), (4, (2, 0.000578421, 3.0971e-5, 0.000609566)), (4, (3, 0.000633935, 0.000116308, 0.00075078))]), (57728, 15, 0.000768108, [(4, (0, 0.00074855, 1.8657e-5, 0.000767406)), (4, (1, 0.000547066, 4.4157e-5, 0.000591417)), (4, (2, 0.000561811, 3.113e-5, 0.00059315)), (3, (3, 0.000458299, 5.0575e-5, 0.000509075))]), (57744, 16, 0.000760262, [(4, (0, 0.000536057, 2.0113e-5, 0.000556364)), (4, (1, 0.000590682, 4.8255e-5, 0.00063915)), (4, (2, 0.00070025, 3.4776e-5, 0.000735231)), (4, (3, 0.000633427, 5.4314e-5, 0.000687954))]), (57760, 16, 0.000634932, [(4, (0, 0.000488949, 1.8769e-5, 0.000507936)), (4, (1, 0.000495099, 4.546e-5, 0.000540772)), (4, (2, 0.000504792, 3.2333e-5, 0.000537345)), (4, (3, 0.000533762, 5.4312e-5, 0.000588356))]), (57776, 15, 0.000679878, [(4, (0, 0.000573905, 2.8173e-5, 0.000602318)), (4, (1, 0.000599599, 5.397e-5, 0.000653786)), (4, (2, 0.00052274, 4.0816e-5, 0.000563749)), (3, (3, 0.000398133, 5.8701e-5, 0.000457013))]), (57792, 16, 0.000900363, [(4, (0, 0.000697092, 2.1772e-5, 0.000719076)), (4, (1, 0.000841016, 3.5453e-5, 0.000876691)), (4, (2, 0.000743987, 5.0902e-5, 0.000795071)), (4, (3, 0.000728457, 8.7172e-5, 0.000816502))]), (57808, 16, 0.000741622, [(4, (0, 0.000711034, 2.9528e-5, 0.000740762)), (4, (1, 0.000681501, 5.8098e-5, 0.000739809)), (4, (2, 0.000686803, 4.5006e-5, 0.000732029)), (4, (3, 0.000660149, 6.601e-5, 0.000726448))]), (57824, 15, 0.000623079, [(4, (0, 0.000521423, 1.9993e-5, 0.000541626)), (4, (1, 0.000546958, 4.858e-5, 0.000595745)), (4, (2, 0.000566598, 3.4765e-5, 0.000601583)), (3, (3, 0.000428669, 5.5072e-5, 0.000483939))]), (57840, 16, 0.000712471, [(4, (0, 0.000524323, 2.306e-5, 0.000547624)), (4, (1, 0.000629374, 5.2259e-5, 0.000681858)), (4, (2, 0.00056287, 3.9334e-5, 0.00060241)), (4, (3, 0.000617554, 5.8416e-5, 0.000676169))]), (57856, 16, 0.000770616, [(4, (0, 0.000568203, 2.2347e-5, 0.00059076)), (4, (1, 0.000698781, 4.7173e-5, 0.000746147)), (4, (2, 0.000562832, 3.4999e-5, 0.000598039)), (4, (3, 0.00061179, 5.2452e-5, 0.000664423))]), (57872, 16, 0.001154986, [(4, (0, 0.000878314, 2.6453e-5, 0.000904958)), (4, (1, 0.001013742, 5.077e-5, 0.001064746)), (4, (2, 0.001090035, 4.0016e-5, 0.001130275)), (4, (3, 0.00097589, 0.000101492, 0.001077677))]), (57888, 15, 0.001000841, [(4, (0, 0.00086438, 2.0644e-5, 0.000885231)), (4, (1, 0.000921378, 4.8404e-5, 0.000969997)), (4, (2, 0.000943146, 3.8906e-5, 0.000982316)), (3, (3, 0.00075104, 5.4146e-5, 0.000805395))]), (57904, 14, 0.000787223, [(4, (0, 0.000759451, 2.6667e-5, 0.000786357)), (4, (1, 0.00068105, 6.0263e-5, 0.000741527)), (3, (2, 0.000459867, 4.2827e-5, 0.000502885)), (3, (3, 0.000457272, 5.4066e-5, 0.000511523))]), (57920, 16, 0.000697614, [(4, (0, 0.000521776, 1.9587e-5, 0.000541567)), (4, (1, 0.000621195, 4.6586e-5, 0.000667985)), (4, (2, 0.000624826, 3.4935e-5, 0.00065996)), (4, (3, 0.000607602, 5.1518e-5, 0.000659318))]), (57936, 16, 0.000751274, [(4, (0, 0.000726492, 2.3317e-5, 0.000750044)), (4, (1, 0.000611434, 9.8351e-5, 0.000710052)), (4, (2, 0.000658534, 3.6251e-5, 0.000694958)), (4, (3, 0.000647777, 4.8823e-5, 0.000696876))]), (57952, 16, 0.000827658, [(4, (0, 0.000795307, 3.1296e-5, 0.000826815)), (4, (1, 0.000616805, 6.423e-5, 0.000681244)), (4, (2, 0.000630519, 4.3229e-5, 0.00067394)), (4, (3, 0.00067446, 5.5119e-5, 0.000729778))]), (57968, 16, 0.000922597, [(4, (0, 0.000605631, 1.9715e-5, 0.000625581)), (4, (1, 0.000686079, 5.3029e-5, 0.000739326)), (4, (2, 0.000857185, 3.3967e-5, 0.000891351)), (4, (3, 0.000583806, 4.9049e-5, 0.000633093))]), (57984, 16, 0.000716694, [(4, (0, 0.000554276, 2.0809e-5, 0.00057534)), (4, (1, 0.000607451, 5.0925e-5, 0.000658602)), (4, (2, 0.000616939, 3.3834e-5, 0.000650962)), (4, (3, 0.000640288, 5.5769e-5, 0.000696269))]), (58000, 16, 0.000951107, [(4, (0, 0.000851204, 2.4423e-5, 0.000876027)), (4, (1, 0.000870473, 5.2658e-5, 0.000923333)), (4, (2, 0.000617403, 3.9811e-5, 0.000657404)), (4, (3, 0.0006012, 5.8018e-5, 0.000659419))]), (58016, 16, 0.000922884, [(4, (0, 0.000680739, 2.2872e-5, 0.000703812)), (4, (1, 0.000840617, 5.9361e-5, 0.000900175)), (4, (2, 0.000627871, 3.5046e-5, 0.000663129)), (4, (3, 0.000607075, 5.2976e-5, 0.000660312))]), (58032, 15, 0.000759171, [(4, (0, 0.000586965, 2.1805e-5, 0.00060897)), (4, (1, 0.000670274, 5.6295e-5, 0.000726778)), (4, (2, 0.000695803, 3.8264e-5, 0.000734254)), (3, (3, 0.000459952, 6.131e-5, 0.00052147))]), (58048, 16, 0.000866896, [(4, (0, 0.000745368, 2.97e-5, 0.000775334)), (4, (1, 0.000575503, 5.9338e-5, 0.000635046)), (4, (2, 0.000794126, 4.6179e-5, 0.000840529)), (4, (3, 0.000598835, 6.993e-5, 0.000669059))]), (58064, 15, 0.001018511, [(4, (0, 0.000692235, 2.5771e-5, 0.000718226)), (4, (1, 0.000717616, 5.554e-5, 0.000773414)), (4, (2, 0.000949812, 4.5486e-5, 0.000995581)), (3, (3, 0.000472221, 6.1798e-5, 0.000534227))]), (58080, 16, 0.000838438, [(4, (0, 0.000755544, 2.0358e-5, 0.000776119)), (4, (1, 0.00073612, 5.0204e-5, 0.000786544)), (4, (2, 0.000782817, 3.3652e-5, 0.000816691)), (4, (3, 0.000697288, 4.5333e-5, 0.000742829))]), (58096, 16, 0.001400466, [(4, (0, 0.000522388, 2.3623e-5, 0.000546209)), (4, (1, 0.000523516, 4.8691e-5, 0.000572377)), (4, (2, 0.001335096, 3.6553e-5, 0.001371837)), (4, (3, 0.000763801, 5.2832e-5, 0.000816913))]), (58112, 16, 0.000854067, [(4, (0, 0.000617694, 2.5987e-5, 0.000643943)), (4, (1, 0.00077539, 5.1744e-5, 0.000827377)), (4, (2, 0.000689003, 3.8998e-5, 0.000728189)), (4, (3, 0.000527833, 5.6085e-5, 0.000584128))]), (58128, 16, 0.000657096, [(4, (0, 0.000503488, 2.2817e-5, 0.000526522)), (4, (1, 0.000522578, 3.7048e-5, 0.000559832)), (4, (2, 0.000577766, 5.0604e-5, 0.000628643)), (4, (3, 0.000562032, 6.1304e-5, 0.000623724))]), (58144, 16, 0.000722977, [(4, (0, 0.000504067, 2.3591e-5, 0.00052787)), (4, (1, 0.00060959, 8.7577e-5, 0.0006974)), (4, (2, 0.000535721, 6.2178e-5, 0.000598109)), (4, (3, 0.000538661, 8.2565e-5, 0.000621432))]), (58160, 15, 0.000539773, [(4, (0, 0.000428809, 1.7531e-5, 0.000446525)), (4, (1, 0.000460513, 5.2948e-5, 0.00051378)), (4, (2, 0.000450803, 3.0161e-5, 0.000481154)), (3, (3, 0.000343668, 4.2582e-5, 0.000386448))]), (58176, 14, 0.000712831, [(4, (0, 0.000479667, 2.7439e-5, 0.000507307)), (4, (1, 0.000519128, 0.000103927, 0.000624123)), (3, (2, 0.000499545, 4.1288e-5, 0.000541012)), (3, (3, 0.000620769, 5.281e-5, 0.000673788))]), (58192, 16, 0.000673881, [(4, (0, 0.000557516, 2.5798e-5, 0.00058349)), (4, (1, 0.000572715, 8.4223e-5, 0.000657151)), (4, (2, 0.000579045, 7.7025e-5, 0.000656402)), (4, (3, 0.000558292, 8.9368e-5, 0.000647887))]), (58208, 16, 0.000857199, [(4, (0, 0.000506019, 2.2903e-5, 0.000529126)), (4, (1, 0.000604611, 6.224e-5, 0.000667056)), (4, (2, 0.000791038, 4.3684e-5, 0.000834929)), (4, (3, 0.00057209, 5.608e-5, 0.000628371))]), (58224, 16, 0.000821412, [(4, (0, 0.000731845, 8.7374e-5, 0.000819521)), (4, (1, 0.000728601, 8.9655e-5, 0.00081846)), (4, (2, 0.000639284, 2.0348e-5, 0.000659836)), (4, (3, 0.000673137, 3.4546e-5, 0.000707899))]), (58240, 14, 0.000642169, [(4, (0, 0.000530769, 2.3152e-5, 0.000554163)), (4, (1, 0.000555391, 5.2434e-5, 0.000608033)), (3, (2, 0.000394589, 3.7937e-5, 0.000432718)), (3, (3, 0.000492852, 9.9403e-5, 0.000592999))]), (58256, 16, 0.000867599, [(4, (0, 0.000474994, 3.2184e-5, 0.000507403)), (4, (1, 0.000492337, 5.6072e-5, 0.000548601)), (4, (2, 0.000581727, 4.4595e-5, 0.000626504)), (4, (3, 0.000720758, 6.1149e-5, 0.000782099))]), (58272, 15, 0.000896827, [(4, (0, 0.000544454, 2.1622e-5, 0.00056628)), (4, (1, 0.000507902, 4.7333e-5, 0.000555427)), (4, (2, 0.000560166, 3.6757e-5, 0.000597212)), (3, (3, 0.000800198, 5.4222e-5, 0.000854654))]), (58288, 16, 0.000778514, [(4, (0, 0.000698079, 2.5722e-5, 0.000724018)), (4, (1, 0.000699827, 5.6419e-5, 0.000756466)), (4, (2, 0.000671903, 3.8634e-5, 0.000710729)), (4, (3, 0.000577765, 5.0005e-5, 0.00062799))]), (58304, 16, 0.000916328, [(4, (0, 0.00085805, 2.1913e-5, 0.000880153)), (4, (1, 0.00057268, 5.0929e-5, 0.000623798)), (4, (2, 0.000562561, 3.375e-5, 0.000596485)), (4, (3, 0.000834353, 4.6301e-5, 0.000880851))]), (58320, 16, 0.000983106, [(4, (0, 0.000506236, 2.1962e-5, 0.000528401)), (4, (1, 0.000822035, 0.00013273, 0.000955084)), (4, (2, 0.000606164, 3.5191e-5, 0.000641561)), (4, (3, 0.000690723, 6.4133e-5, 0.000755075))]), (58336, 16, 0.000736854, [(4, (0, 0.000513604, 2.0539e-5, 0.000534358)), (4, (1, 0.000557035, 5.7294e-5, 0.000614571)), (4, (2, 0.000497605, 7.0263e-5, 0.000568036)), (4, (3, 0.000581564, 0.000111618, 0.000693386))]), (58352, 15, 0.00064399, [(4, (0, 0.00051821, 3.5062e-5, 0.000553521)), (4, (1, 0.000552301, 6.7313e-5, 0.000619828)), (4, (2, 0.000530857, 5.1089e-5, 0.000582168)), (3, (3, 0.000487557, 6.267e-5, 0.000550434))]), (58368, 14, 0.000741317, [(4, (0, 0.000629377, 2.0708e-5, 0.000650289)), (4, (1, 0.000612658, 0.00010741, 0.000720265)), (3, (2, 0.000413476, 3.3043e-5, 0.000446732)), (3, (3, 0.000389531, 0.000106057, 0.00049591))]), (58384, 16, 0.000702726, [(4, (0, 0.000469753, 1.5956e-5, 0.000485886)), (4, (1, 0.000582203, 4.4013e-5, 0.000626428)), (4, (2, 0.000650863, 2.9563e-5, 0.000680614)), (4, (3, 0.000590201, 5.1808e-5, 0.000642254))]), (58400, 16, 0.000705732, [(4, (0, 0.000485448, 1.4104e-5, 0.000499745)), (4, (1, 0.000535446, 3.8726e-5, 0.000574347)), (4, (2, 0.000657937, 2.6597e-5, 0.000684706)), (4, (3, 0.000541831, 4.5591e-5, 0.000591759))]), (58416, 16, 0.000565728, [(4, (0, 0.000469797, 2.0063e-5, 0.000490063)), (4, (1, 0.000470752, 4.408e-5, 0.000515041)), (4, (2, 0.000512324, 3.2573e-5, 0.00054508)), (4, (3, 0.000472239, 5.1468e-5, 0.000523904))]), (58432, 13, 0.000534182, [(4, (0, 0.000509582, 2.3688e-5, 0.000533476)), (3, (1, 0.000433983, 5.4585e-5, 0.000488764)), (3, (2, 0.000369409, 3.569e-5, 0.000405304)), (3, (3, 0.000440395, 4.7184e-5, 0.000487772))]), (58448, 15, 0.00078436, [(4, (0, 0.000474975, 2.0859e-5, 0.000496042)), (4, (1, 0.000635554, 0.000126819, 0.000762641)), (4, (2, 0.0005013, 0.000111688, 0.000613322)), (3, (3, 0.000527683, 0.000119353, 0.00064724))]), (58464, 16, 0.000676228, [(4, (0, 0.000477191, 1.9799e-5, 0.000497187)), (4, (1, 0.000555863, 4.6844e-5, 0.00060294)), (4, (2, 0.000512307, 3.4918e-5, 0.000547456)), (4, (3, 0.000544201, 9.5164e-5, 0.00064005))]), (58480, 10, 0.000580839, [(3, (0, 0.000398396, 1.9191e-5, 0.000417771)), (3, (1, 0.000512723, 4.359e-5, 0.000556587)), (2, (2, 0.000409915, 3.1537e-5, 0.000441645)), (2, (3, 0.000430619, 4.8614e-5, 0.000479407))]), (58496, 16, 0.000609552, [(4, (0, 0.000504152, 1.5043e-5, 0.000519399)), (4, (1, 0.00054365, 3.9545e-5, 0.000583377)), (4, (2, 0.000524107, 2.7159e-5, 0.000551461)), (4, (3, 0.00054451, 4.4358e-5, 0.000589055))]), (58512, 16, 0.001062685, [(4, (0, 0.0007111, 1.8294e-5, 0.000729592)), (4, (1, 0.000726369, 4.302e-5, 0.000769592)), (4, (2, 0.000731379, 3.1056e-5, 0.000762617)), (4, (3, 0.000891504, 4.8122e-5, 0.000939818))]), (58528, 15, 0.000916079, [(4, (0, 0.000697586, 2.6781e-5, 0.000724618)), (4, (1, 0.000825164, 6.7091e-5, 0.000892463)), (4, (2, 0.000786391, 4.0714e-5, 0.000827344)), (3, (3, 0.000620987, 6.2872e-5, 0.000684199))]), (58544, 16, 0.000723244, [(4, (0, 0.000504035, 2.6776e-5, 0.000531074)), (4, (1, 0.0006445, 5.3735e-5, 0.000698415)), (4, (2, 0.000574182, 4.1124e-5, 0.000615486)), (4, (3, 0.000495698, 0.000104307, 0.000600231))]), (58560, 14, 0.000772758, [(4, (0, 0.000743566, 2.8247e-5, 0.000771984)), (4, (1, 0.000541202, 0.000111563, 0.000653059)), (3, (2, 0.000439363, 4.5175e-5, 0.000484749)), (3, (3, 0.000519844, 0.000116883, 0.00063694))]), (58576, 16, 0.000655909, [(4, (0, 0.000518414, 2.4823e-5, 0.000543432)), (4, (1, 0.000557891, 5.9806e-5, 0.000617919)), (4, (2, 0.000548552, 3.7993e-5, 0.000586761)), (4, (3, 0.000557281, 5.1344e-5, 0.00060885))]), (58592, 15, 0.000803693, [(4, (0, 0.000772783, 2.9743e-5, 0.00080275)), (4, (1, 0.000604734, 6.741e-5, 0.000672352)), (4, (2, 0.000654014, 4.649e-5, 0.000700726)), (3, (3, 0.000445247, 6.3342e-5, 0.000508912))]), (58608, 15, 0.000879159, [(4, (0, 0.000563287, 2.3586e-5, 0.000587083)), (4, (1, 0.000798204, 5.5184e-5, 0.000853609)), (4, (2, 0.000478543, 3.9869e-5, 0.00051861)), (3, (3, 0.000486999, 6.885e-5, 0.000556154))]), (58624, 15, 0.000640917, [(4, (0, 0.000557655, 4.3193e-5, 0.000601046)), (4, (1, 0.000513176, 6.9929e-5, 0.00058329)), (4, (2, 0.000548134, 6.5952e-5, 0.000614333)), (3, (3, 0.000444685, 7.1979e-5, 0.000516916))]), (58640, 14, 0.000771927, [(4, (0, 0.000748943, 2.1885e-5, 0.000771025)), (4, (1, 0.000472921, 3.7226e-5, 0.000510338)), (3, (2, 0.000468488, 5.1721e-5, 0.000520472)), (3, (3, 0.000424775, 5.6808e-5, 0.000481828))]), (58656, 15, 0.00086992, [(4, (0, 0.000490692, 1.8349e-5, 0.000509245)), (4, (1, 0.000646942, 0.000149233, 0.000796377)), (4, (2, 0.000796347, 6.3745e-5, 0.000860783)), (3, (3, 0.000375362, 0.000107056, 0.000482657))]), (58672, 14, 0.000623182, [(4, (0, 0.000539555, 2.1216e-5, 0.000560971)), (4, (1, 0.000550474, 4.7008e-5, 0.000597695)), (3, (2, 0.000411493, 3.4112e-5, 0.000445786)), (3, (3, 0.000473608, 5.2091e-5, 0.000525914))]), (58688, 16, 0.000901221, [(4, (0, 0.000708043, 2.6672e-5, 0.000734916)), (4, (1, 0.000687665, 5.6227e-5, 0.00074416)), (4, (2, 0.000837336, 4.1888e-5, 0.000879422)), (4, (3, 0.000729185, 5.7949e-5, 0.000787301))]), (58704, 15, 0.000687648, [(4, (0, 0.000540812, 1.9742e-5, 0.000560755)), (4, (1, 0.000619825, 4.3419e-5, 0.000663417)), (4, (2, 0.000538329, 3.2192e-5, 0.000570731)), (3, (3, 0.000431855, 5.0906e-5, 0.00048296))]), (58720, 15, 0.000737104, [(4, (0, 0.000524987, 1.97e-5, 0.000544888)), (4, (1, 0.000653602, 4.8496e-5, 0.00070228)), (4, (2, 0.000576974, 3.2838e-5, 0.000610031)), (3, (3, 0.000486697, 4.3961e-5, 0.000530902))]), (58736, 16, 0.000837472, [(4, (0, 0.000557626, 2.1532e-5, 0.00057936)), (4, (1, 0.000737697, 7.3376e-5, 0.000811293)), (4, (2, 0.000790747, 3.7934e-5, 0.000828924)), (4, (3, 0.000542758, 6.8449e-5, 0.000611533))]), (58752, 16, 0.000759669, [(4, (0, 0.000565437, 1.8245e-5, 0.000583847)), (4, (1, 0.000657872, 7.774e-5, 0.000735831)), (4, (2, 0.000618678, 3.7791e-5, 0.000656684)), (4, (3, 0.00061977, 6.6278e-5, 0.000686256))]), (58768, 16, 0.000698764, [(4, (0, 0.000524956, 1.6499e-5, 0.000541651)), (4, (1, 0.000594812, 5.1429e-5, 0.000646449)), (4, (2, 0.000583986, 2.9386e-5, 0.000613582)), (4, (3, 0.000614659, 4.6644e-5, 0.000661624))]), (58784, 15, 0.000748077, [(4, (0, 0.000546898, 2.3867e-5, 0.000570967)), (4, (1, 0.000671666, 4.8176e-5, 0.00072008)), (4, (2, 0.000552227, 3.5857e-5, 0.000588277)), (3, (3, 0.000428171, 5.3079e-5, 0.00048144))]), (58800, 16, 0.001080591, [(4, (0, 0.000488943, 2.1654e-5, 0.000510782)), (4, (1, 0.000596095, 4.7862e-5, 0.000644164)), (4, (2, 0.000509235, 3.3483e-5, 0.000542906)), (4, (3, 0.000938147, 9.8692e-5, 0.001037604))]), (58816, 16, 0.000617546, [(4, (0, 0.000429111, 2.622e-5, 0.000455555)), (4, (1, 0.000500723, 8.3251e-5, 0.000584176)), (4, (2, 0.000460977, 9.7056e-5, 0.000558247)), (4, (3, 0.000499004, 0.000100899, 0.000600087))]), (58832, 15, 0.000827771, [(4, (0, 0.000662325, 2.7587e-5, 0.000690132)), (4, (1, 0.000697995, 6.1419e-5, 0.00075961)), (4, (2, 0.00075861, 4.2644e-5, 0.000801453)), (3, (3, 0.000622101, 5.5212e-5, 0.000677632))]), (58848, 16, 0.000915187, [(4, (0, 0.000736886, 2.1289e-5, 0.000758374)), (4, (1, 0.000810943, 8.103e-5, 0.000892162)), (4, (2, 0.000785794, 3.3542e-5, 0.000819533)), (4, (3, 0.000765023, 8.4924e-5, 0.000850123))]), (58864, 12, 0.000673021, [(3, (0, 0.000584971, 2.3653e-5, 0.000608827)), (3, (1, 0.000476092, 0.000100342, 0.000576695)), (3, (2, 0.000572346, 3.7197e-5, 0.000609756)), (3, (3, 0.000527061, 0.000106359, 0.000633633))]), (58880, 16, 0.000775437, [(4, (0, 0.000583576, 1.943e-5, 0.000603208)), (4, (1, 0.000644301, 3.1706e-5, 0.000676222)), (4, (2, 0.000639799, 4.5881e-5, 0.000685855)), (4, (3, 0.000684972, 5.1448e-5, 0.000736647))]), (58896, 15, 0.000801925, [(4, (0, 0.000534033, 2.0427e-5, 0.000554665)), (4, (1, 0.000723117, 4.948e-5, 0.000772833)), (4, (2, 0.000638871, 3.5629e-5, 0.0006747)), (3, (3, 0.000459086, 5.4898e-5, 0.000514157))]), (58912, 14, 0.000757235, [(4, (0, 0.000526077, 2.2227e-5, 0.000548544)), (4, (1, 0.00061308, 5.7285e-5, 0.000670618)), (3, (2, 0.000517013, 3.8987e-5, 0.000556236)), (3, (3, 0.000689079, 5.076e-5, 0.000740051))]), (58928, 16, 0.000681818, [(4, (0, 0.000538788, 1.9703e-5, 0.000558728)), (4, (1, 0.000611086, 4.8584e-5, 0.0006599)), (4, (2, 0.000573571, 3.486e-5, 0.00060864)), (4, (3, 0.000589371, 5.4359e-5, 0.000643922))]), (58944, 16, 0.000786775, [(4, (0, 0.000540979, 1.5981e-5, 0.000557192)), (4, (1, 0.000602166, 7.8955e-5, 0.000681491)), (4, (2, 0.000666551, 9.5244e-5, 0.000762045)), (4, (3, 0.000586103, 9.5395e-5, 0.000681681))]), (58960, 16, 0.000713061, [(4, (0, 0.000544809, 1.4153e-5, 0.00055919)), (4, (1, 0.00060561, 4.2604e-5, 0.00064842)), (4, (2, 0.0006182, 2.7568e-5, 0.000645961)), (4, (3, 0.00058334, 8.2766e-5, 0.000666377))]), (58976, 16, 0.000676451, [(4, (0, 0.000539073, 1.3477e-5, 0.000552788)), (4, (1, 0.000591375, 4.126e-5, 0.000632859)), (4, (2, 0.000602215, 2.7293e-5, 0.000629716)), (4, (3, 0.000598343, 4.7897e-5, 0.000646439))]), (58992, 15, 0.000678241, [(4, (0, 0.000538912, 1.1171e-5, 0.000550265)), (4, (1, 0.000569335, 3.6718e-5, 0.000606287)), (4, (2, 0.000625524, 2.2894e-5, 0.000648733)), (3, (3, 0.000429231, 5.9357e-5, 0.000488885))]), (59008, 16, 0.000736318, [(4, (0, 0.000566418, 1.8595e-5, 0.000585205)), (4, (1, 0.000605044, 0.000106512, 0.00071189)), (4, (2, 0.000602433, 3.1813e-5, 0.00063445)), (4, (3, 0.000614631, 4.8977e-5, 0.000663857))]), (59024, 16, 0.000892313, [(4, (0, 0.000552444, 1.9032e-5, 0.000571666)), (4, (1, 0.000563598, 5.8157e-5, 0.000622003)), (4, (2, 0.000836134, 3.3139e-5, 0.000869489)), (4, (3, 0.000611334, 5.8408e-5, 0.000669934))]), (59040, 16, 0.000852808, [(4, (0, 0.000549977, 1.649e-5, 0.000566609)), (4, (1, 0.00074286, 3.967e-5, 0.000782759)), (4, (2, 0.000727727, 2.7366e-5, 0.000755356)), (4, (3, 0.000762814, 4.6083e-5, 0.00080911))]), (59056, 15, 0.000666163, [(4, (0, 0.000465372, 2.9295e-5, 0.000494878)), (4, (1, 0.000509028, 0.000114037, 0.000623325)), (4, (2, 0.000527414, 9.4976e-5, 0.000622632)), (3, (3, 0.000384106, 0.000114525, 0.000498885))]), (59072, 16, 0.000709655, [(4, (0, 0.000549732, 2.5694e-5, 0.000575728)), (4, (1, 0.000528608, 3.9556e-5, 0.000568369)), (4, (2, 0.000516455, 6.3913e-5, 0.000580666)), (4, (3, 0.000597193, 6.5505e-5, 0.000662941))]), (59088, 15, 0.000646324, [(4, (0, 0.0005285, 1.7768e-5, 0.00054647)), (4, (1, 0.000578148, 4.3156e-5, 0.000621503)), (4, (2, 0.000571391, 3.1815e-5, 0.000603426)), (3, (3, 0.000436761, 4.7633e-5, 0.000484628))]), (59104, 15, 0.000712138, [(4, (0, 0.000468536, 2.1341e-5, 0.000490098)), (4, (1, 0.000643729, 4.5753e-5, 0.000689687)), (4, (2, 0.000626188, 3.4741e-5, 0.000661143)), (3, (3, 0.000375118, 5.1213e-5, 0.000426567))]), (59120, 14, 0.000843449, [(4, (0, 0.000537614, 2.4531e-5, 0.00056233)), (4, (1, 0.000703714, 8.6185e-5, 0.000790631)), (3, (2, 0.000684327, 3.6854e-5, 0.000721366)), (3, (3, 0.00043239, 5.1374e-5, 0.000483984))]), (59136, 14, 0.000875477, [(4, (0, 0.000450981, 2.6975e-5, 0.000478163)), (4, (1, 0.00078791, 5.9215e-5, 0.000847342)), (3, (2, 0.000413984, 4.7354e-5, 0.000461564)), (3, (3, 0.000438042, 6.6314e-5, 0.000504648))]), (59152, 15, 0.000983626, [(4, (0, 0.000739861, 2.4587e-5, 0.000764674)), (4, (1, 0.000905352, 5.2905e-5, 0.000958488)), (4, (2, 0.000918354, 3.899e-5, 0.000957545)), (3, (3, 0.000681502, 5.9806e-5, 0.000741588))]), (59168, 16, 0.000996349, [(4, (0, 0.000703454, 2.127e-5, 0.000724932)), (4, (1, 0.000914451, 5.7163e-5, 0.000971953)), (4, (2, 0.000759612, 3.6023e-5, 0.000795844)), (4, (3, 0.000894308, 6.0714e-5, 0.000955231))]), (59184, 16, 0.000878082, [(4, (0, 0.000795593, 2.407e-5, 0.000819882)), (4, (1, 0.000706842, 6.2561e-5, 0.000769657)), (4, (2, 0.000807375, 4.034e-5, 0.000847958)), (4, (3, 0.000587574, 7.2279e-5, 0.000660091))]), (59200, 14, 0.000848866, [(4, (0, 0.000651603, 3.2185e-5, 0.000684018)), (4, (1, 0.000743922, 6.3299e-5, 0.000807461)), (3, (2, 0.000592548, 5.1213e-5, 0.000643987)), (3, (3, 0.000379599, 7.277e-5, 0.000452592))]), (59216, 16, 0.000757761, [(4, (0, 0.000660514, 2.6307e-5, 0.000687067)), (4, (1, 0.000669851, 5.968e-5, 0.000729844)), (4, (2, 0.000534289, 4.1608e-5, 0.000576092)), (4, (3, 0.000661975, 7.1193e-5, 0.000733492))]), (59232, 16, 0.001105797, [(4, (0, 0.00063626, 2.1516e-5, 0.000658023)), (4, (1, 0.000663588, 8.8392e-5, 0.000752193)), (4, (2, 0.001035574, 4.2673e-5, 0.001078492)), (4, (3, 0.000638039, 0.000134473, 0.000772768))]), (59248, 15, 0.00072917, [(4, (0, 0.000710119, 1.8158e-5, 0.000728447)), (4, (1, 0.000530934, 7.4567e-5, 0.000605697)), (4, (2, 0.000658478, 1.8745e-5, 0.000677427)), (3, (3, 0.000414435, 3.1964e-5, 0.000446598))]), (59264, 16, 0.000926595, [(4, (0, 0.000481921, 2.5294e-5, 0.000507418)), (4, (1, 0.000588258, 9.987e-5, 0.000688374)), (4, (2, 0.000732507, 4.1272e-5, 0.000774038)), (4, (3, 0.000777748, 0.000106216, 0.000884161))]), (59280, 16, 0.001040436, [(4, (0, 0.00080483, 2.6724e-5, 0.000831749)), (4, (1, 0.000914343, 9.5005e-5, 0.001009534)), (4, (2, 0.000805938, 4.2089e-5, 0.000848256)), (4, (3, 0.000804504, 9.2365e-5, 0.000897124))]), (59296, 16, 0.000641729, [(4, (0, 0.000467836, 1.883e-5, 0.00048687)), (4, (1, 0.000573818, 4.3651e-5, 0.00061768)), (4, (2, 0.000483891, 3.1302e-5, 0.000515382)), (4, (3, 0.000464776, 5.6111e-5, 0.000521286))]), (59312, 15, 0.000768997, [(4, (0, 0.000446691, 1.9607e-5, 0.000466505)), (4, (1, 0.000695397, 4.9891e-5, 0.00074553)), (4, (2, 0.000622449, 3.2213e-5, 0.000654842)), (3, (3, 0.000364162, 4.4886e-5, 0.000409233))]), (59328, 16, 0.000714009, [(4, (0, 0.000513712, 2.2506e-5, 0.000536411)), (4, (1, 0.00056163, 3.4165e-5, 0.000595987)), (4, (2, 0.00064202, 4.6303e-5, 0.000688505)), (4, (3, 0.000643919, 5.1281e-5, 0.000695407))]), (59344, 16, 0.000761139, [(4, (0, 0.000550431, 1.9864e-5, 0.000570494)), (4, (1, 0.000698678, 5.2455e-5, 0.000751331)), (4, (2, 0.000658105, 3.8051e-5, 0.000696357)), (4, (3, 0.000659819, 5.8823e-5, 0.000718834))]), (59360, 16, 0.000884098, [(4, (0, 0.000620849, 2.4631e-5, 0.000645677)), (4, (1, 0.000559714, 5.5644e-5, 0.000615589)), (4, (2, 0.000533679, 4.0671e-5, 0.000574555)), (4, (3, 0.000778335, 6.28e-5, 0.000841403))]), (59376, 15, 0.000688674, [(4, (0, 0.000535683, 2.1467e-5, 0.000557384)), (4, (1, 0.000568387, 3.4939e-5, 0.000603528)), (4, (2, 0.000617234, 4.635e-5, 0.00066387)), (3, (3, 0.000402229, 9.5064e-5, 0.000497965))]), (59392, 16, 0.000743673, [(4, (0, 0.000569486, 1.4932e-5, 0.000584606)), (4, (1, 0.000647668, 4.3861e-5, 0.000691732)), (4, (2, 0.000621051, 3.1073e-5, 0.000652357)), (4, (3, 0.000673782, 5.541e-5, 0.0007294))]), (59408, 16, 0.000914286, [(4, (0, 0.000605397, 2.8273e-5, 0.000633927)), (4, (1, 0.000764255, 6.2748e-5, 0.000827259)), (4, (2, 0.000668638, 4.0879e-5, 0.000709716)), (4, (3, 0.000821642, 5.4986e-5, 0.000876808))]), (59424, 16, 0.000835378, [(4, (0, 0.000522706, 4.0588e-5, 0.000563525)), (4, (1, 0.000690766, 8.1113e-5, 0.000772152)), (4, (2, 0.000575044, 7.4459e-5, 0.000649703)), (4, (3, 0.000703284, 8.6491e-5, 0.000790014))]), (59440, 16, 0.000832986, [(4, (0, 0.000582623, 2.079e-5, 0.000603651)), (4, (1, 0.00073526, 6.1556e-5, 0.000797027)), (4, (2, 0.000675656, 3.4971e-5, 0.000710933)), (4, (3, 0.000740409, 4.745e-5, 0.000788079))]), (59456, 15, 0.000671116, [(4, (0, 0.000575808, 2.4166e-5, 0.000600216)), (4, (1, 0.00053978, 4.7652e-5, 0.000587648)), (4, (2, 0.000469697, 3.6153e-5, 0.000506025)), (3, (3, 0.0005813, 5.3196e-5, 0.000634713))]), (59472, 16, 0.000722386, [(4, (0, 0.000520263, 2.4024e-5, 0.00054447)), (4, (1, 0.000663313, 4.932e-5, 0.00071284)), (4, (2, 0.000574363, 3.6243e-5, 0.000610787)), (4, (3, 0.000623769, 5.5017e-5, 0.000679154))]), (59488, 16, 0.000792861, [(4, (0, 0.000613723, 1.8704e-5, 0.000632656)), (4, (1, 0.000674313, 7.7614e-5, 0.000752428)), (4, (2, 0.000635313, 3.2891e-5, 0.000668396)), (4, (3, 0.000698489, 7.6892e-5, 0.000775635))]), (59504, 15, 0.000881241, [(4, (0, 0.000471458, 2.5822e-5, 0.000497516)), (4, (1, 0.000801648, 5.733e-5, 0.000859209)), (4, (2, 0.000631633, 4.1314e-5, 0.000673151)), (3, (3, 0.00037281, 6.1664e-5, 0.000434678))]), (59520, 16, 0.000765793, [(4, (0, 0.00056718, 2.152e-5, 0.000588888)), (4, (1, 0.000567536, 3.3368e-5, 0.000601077)), (4, (2, 0.000594926, 5.353e-5, 0.000648842)), (4, (3, 0.000619764, 0.000101427, 0.000721493))]), (59536, 16, 0.000839921, [(4, (0, 0.00056052, 1.9513e-5, 0.000580212)), (4, (1, 0.000673019, 3.3256e-5, 0.000706472)), (4, (2, 0.000672473, 9.2295e-5, 0.000765056)), (4, (3, 0.000705984, 9.6907e-5, 0.000803121))]), (59552, 16, 0.00078418, [(4, (0, 0.000633131, 2.4816e-5, 0.000658156)), (4, (1, 0.000614137, 5.3093e-5, 0.00066747)), (4, (2, 0.000565057, 3.9422e-5, 0.000604675)), (4, (3, 0.000642631, 9.9965e-5, 0.000743555))]), (59568, 16, 0.000720982, [(4, (0, 0.000572794, 1.5909e-5, 0.000588903)), (4, (1, 0.000586727, 5.2083e-5, 0.000639003)), (4, (2, 0.000660961, 3.4733e-5, 0.000695958)), (4, (3, 0.000627856, 4.6594e-5, 0.000674671))]), (59584, 16, 0.000784516, [(4, (0, 0.000675013, 2.5465e-5, 0.000700704)), (4, (1, 0.00070853, 5.3386e-5, 0.000762141)), (4, (2, 0.000630029, 4.0582e-5, 0.000670814)), (4, (3, 0.000614292, 6.0153e-5, 0.000674707))]), (59600, 16, 0.000581715, [(4, (0, 0.000442341, 2.8876e-5, 0.000471424)), (4, (1, 0.000497148, 5.8691e-5, 0.000556025)), (4, (2, 0.000496009, 4.1149e-5, 0.000537371)), (4, (3, 0.000466803, 5.3711e-5, 0.000520705))]), (59616, 15, 0.000631813, [(4, (0, 0.000493052, 2.0479e-5, 0.000513739)), (4, (1, 0.000564689, 4.484e-5, 0.000609738)), (4, (2, 0.000530318, 3.2978e-5, 0.000563479)), (3, (3, 0.000500064, 5.0119e-5, 0.000550384))]), (59632, 15, 0.001082996, [(4, (0, 0.000808406, 2.3404e-5, 0.000832011)), (4, (1, 0.000949326, 4.9446e-5, 0.000998946)), (4, (2, 0.001024599, 3.6115e-5, 0.001060901)), (3, (3, 0.000794491, 0.000104516, 0.00089921))]), (59648, 16, 0.001183559, [(4, (0, 0.000915061, 2.647e-5, 0.000941737)), (4, (1, 0.001064649, 9.2454e-5, 0.001157301)), (4, (2, 0.000795926, 3.8554e-5, 0.000834678)), (4, (3, 0.00095071, 5.0386e-5, 0.001001275))]), (59664, 16, 0.000620459, [(4, (0, 0.00045724, 2.4894e-5, 0.00048234)), (4, (1, 0.000496017, 4.9587e-5, 0.00054578)), (4, (2, 0.000486952, 3.8792e-5, 0.000525938)), (4, (3, 0.000512646, 5.4963e-5, 0.000567793))]), (59680, 16, 0.000729211, [(4, (0, 0.000551368, 2.1929e-5, 0.00057348)), (4, (1, 0.000569406, 4.0202e-5, 0.00060987)), (4, (2, 0.000654791, 5.1761e-5, 0.000706763)), (4, (3, 0.000633527, 5.8502e-5, 0.000692257))]), (59696, 16, 0.000693448, [(4, (0, 0.000549097, 2.0257e-5, 0.000569558)), (4, (1, 0.000612031, 5.5549e-5, 0.000667803)), (4, (2, 0.000557446, 3.666e-5, 0.000594343)), (4, (3, 0.000562905, 4.8086e-5, 0.000611183))]), (59712, 14, 0.000564249, [(4, (0, 0.000534489, 2.8724e-5, 0.000563423)), (4, (1, 0.000494853, 5.7645e-5, 0.00055273)), (3, (2, 0.00038127, 4.384e-5, 0.000425311)), (3, (3, 0.000370853, 6.3413e-5, 0.000434492))]), (59728, 14, 0.000780987, [(4, (0, 0.000463128, 2.2643e-5, 0.000485978)), (4, (1, 0.000703284, 4.9349e-5, 0.000752869)), (3, (2, 0.000423562, 3.5139e-5, 0.000458896)), (3, (3, 0.000359679, 9.5057e-5, 0.000454943))]), (59744, 16, 0.000674074, [(4, (0, 0.000474948, 1.8986e-5, 0.000494127)), (4, (1, 0.000516052, 0.000109042, 0.00062531)), (4, (2, 0.000494879, 7.9096e-5, 0.000574183)), (4, (3, 0.000521078, 0.000104203, 0.000625659))]), (59760, 16, 0.000673015, [(4, (0, 0.00046934, 2.1781e-5, 0.000491328)), (4, (1, 0.000534301, 7.6216e-5, 0.000610869)), (4, (2, 0.000500548, 3.6862e-5, 0.000537602)), (4, (3, 0.00052831, 0.000104557, 0.000633341))]), (59776, 16, 0.000765228, [(4, (0, 0.000728504, 3.5311e-5, 0.000764012)), (4, (1, 0.000642931, 6.6611e-5, 0.000709833)), (4, (2, 0.000483955, 5.1593e-5, 0.000535827)), (4, (3, 0.000608773, 7.2407e-5, 0.000681395))]), (59792, 15, 0.000612643, [(4, (0, 0.000507858, 2.3698e-5, 0.000531765)), (4, (1, 0.000533719, 5.5307e-5, 0.000589229)), (4, (2, 0.000541593, 3.9655e-5, 0.000581442)), (3, (3, 0.000423973, 5.9908e-5, 0.000484062))]), (59808, 16, 0.000767482, [(4, (0, 0.000597287, 2.6368e-5, 0.000623875)), (4, (1, 0.000681832, 5.5508e-5, 0.000737527)), (4, (2, 0.000613376, 4.1729e-5, 0.000655302)), (4, (3, 0.00056862, 6.4615e-5, 0.000633523))]), (59824, 16, 0.00080123, [(4, (0, 0.000507081, 1.9093e-5, 0.000526389)), (4, (1, 0.00060524, 4.992e-5, 0.000655349)), (4, (2, 0.00062276, 3.8599e-5, 0.000661575)), (4, (3, 0.000694219, 6.4714e-5, 0.000759146))]), (59840, 16, 0.000806309, [(4, (0, 0.000547023, 1.9632e-5, 0.000566849)), (4, (1, 0.00066615, 0.000116642, 0.000783287)), (4, (2, 0.000572342, 3.3139e-5, 0.000605698)), (4, (3, 0.000568855, 8.9497e-5, 0.000658552))]), (59856, 16, 0.000874572, [(4, (0, 0.000765985, 2.4748e-5, 0.000790954)), (4, (1, 0.00064563, 4.9707e-5, 0.000695573)), (4, (2, 0.000588123, 3.6941e-5, 0.00062532)), (4, (3, 0.000740194, 9.5566e-5, 0.00083643))]), (59872, 16, 0.000768389, [(4, (0, 0.000531005, 1.1555e-5, 0.000542752)), (4, (1, 0.000555799, 1.7757e-5, 0.000573756)), (4, (2, 0.000728031, 1.3659e-5, 0.000742168)), (4, (3, 0.000552625, 2.7002e-5, 0.000579874))]), (59888, 16, 0.001003086, [(4, (0, 0.000442202, 1.7577e-5, 0.000459985)), (4, (1, 0.000521614, 5.1568e-5, 0.000573369)), (4, (2, 0.000487006, 3.0367e-5, 0.000517553)), (4, (3, 0.000890628, 5.8856e-5, 0.00094967))]), (59904, 16, 0.000685146, [(4, (0, 0.00054747, 3.7028e-5, 0.000584735)), (4, (1, 0.000514834, 5.3339e-5, 0.000568418)), (4, (2, 0.000556118, 6.4577e-5, 0.000620889)), (4, (3, 0.000576748, 7.0369e-5, 0.00064731))]), (59920, 15, 0.000673246, [(4, (0, 0.000456796, 2.7891e-5, 0.00048492)), (4, (1, 0.000530816, 5.5202e-5, 0.000586231)), (4, (2, 0.000539392, 4.2638e-5, 0.000582251)), (3, (3, 0.000550243, 8.1046e-5, 0.000631474))]), (59936, 16, 0.000728865, [(4, (0, 0.000575568, 2.3859e-5, 0.000599644)), (4, (1, 0.000541555, 5.3759e-5, 0.000595488)), (4, (2, 0.000613349, 3.7986e-5, 0.000651539)), (4, (3, 0.000630204, 4.8553e-5, 0.000678943))]), (59952, 16, 0.000667702, [(4, (0, 0.000460885, 2.6996e-5, 0.00048811)), (4, (1, 0.000557735, 8.3162e-5, 0.000641401)), (4, (2, 0.000490595, 4.1235e-5, 0.000532039)), (4, (3, 0.000492366, 5.489e-5, 0.000547464))]), (59968, 15, 0.000653138, [(4, (0, 0.000522056, 2.291e-5, 0.000545157)), (4, (1, 0.000575932, 5.3527e-5, 0.000629681)), (4, (2, 0.000580341, 3.846e-5, 0.000619)), (3, (3, 0.000397922, 5.7159e-5, 0.000455259))]), (59984, 16, 0.000605271, [(4, (0, 0.000419057, 2.4939e-5, 0.000444203)), (4, (1, 0.000487144, 5.2421e-5, 0.000539773)), (4, (2, 0.000495442, 3.9103e-5, 0.000534776)), (4, (3, 0.000486755, 5.7791e-5, 0.000544738))]), (60000, 16, 0.000804893, [(4, (0, 0.000671629, 1.9361e-5, 0.000691193)), (4, (1, 0.000678863, 4.7075e-5, 0.000726147)), (4, (2, 0.000749129, 3.4197e-5, 0.000783532)), (4, (3, 0.000605819, 5.186e-5, 0.00065789))]), (60016, 16, 0.000641961, [(4, (0, 0.000432443, 2.0379e-5, 0.000453029)), (4, (1, 0.000537866, 8.2104e-5, 0.000620207)), (4, (2, 0.000507017, 7.2757e-5, 0.000580031)), (4, (3, 0.000484154, 8.9116e-5, 0.000573578))]), (60032, 16, 0.000635483, [(4, (0, 0.00052861, 1.1862e-5, 0.000540627)), (4, (1, 0.000516544, 9.5933e-5, 0.000612661)), (4, (2, 0.000561051, 4.3533e-5, 0.00060485)), (4, (3, 0.00050328, 5.3268e-5, 0.000556741))]), (60048, 16, 0.000650969, [(4, (0, 0.0004461, 2.2343e-5, 0.000468649)), (4, (1, 0.000574647, 5.2962e-5, 0.000627801)), (4, (2, 0.000529087, 3.4668e-5, 0.000563955)), (4, (3, 0.000497358, 4.8778e-5, 0.000546346))]), (60064, 16, 0.000705448, [(4, (0, 0.000511436, 2.197e-5, 0.000533622)), (4, (1, 0.000473977, 4.6792e-5, 0.00052098)), (4, (2, 0.000516177, 3.4183e-5, 0.000550549)), (4, (3, 0.000617048, 5.16e-5, 0.000668842))]), (60080, 16, 0.000683707, [(4, (0, 0.00053715, 2.0537e-5, 0.000557882)), (4, (1, 0.000584208, 4.5154e-5, 0.000629547)), (4, (2, 0.000582276, 3.3244e-5, 0.000615707)), (4, (3, 0.000597464, 5.012e-5, 0.000647767))]), (60096, 16, 0.001120834, [(4, (0, 0.000526964, 1.8585e-5, 0.00054575)), (4, (1, 0.001052833, 3.7072e-5, 0.001090206)), (4, (2, 0.000551522, 2.5606e-5, 0.000577317)), (4, (3, 0.000861199, 3.0947e-5, 0.000892327))]), (60112, 16, 0.001042086, [(4, (0, 0.000938358, 2.3514e-5, 0.000962055)), (4, (1, 0.000960847, 5.8166e-5, 0.001019231)), (4, (2, 0.000708034, 3.7028e-5, 0.000745285)), (4, (3, 0.000512209, 6.425e-5, 0.00057667))]), (60128, 16, 0.000584894, [(4, (0, 0.00044522, 2.6794e-5, 0.000472193)), (4, (1, 0.000493732, 6.0684e-5, 0.00055469)), (4, (2, 0.000493614, 4.3944e-5, 0.000537766)), (4, (3, 0.000501059, 6.5353e-5, 0.000566609))]), (60144, 15, 0.000903102, [(4, (0, 0.000470504, 2.2744e-5, 0.000493448)), (4, (1, 0.000780144, 5.873e-5, 0.000839122)), (4, (2, 0.000584693, 3.8716e-5, 0.000623596)), (3, (3, 0.000370656, 4.9925e-5, 0.00042078))]), (60160, 14, 0.00081246, [(4, (0, 0.000509515, 2.8512e-5, 0.000538226)), (4, (1, 0.000650998, 4.8254e-5, 0.000699456)), (3, (2, 0.000728714, 6.1385e-5, 0.00079032)), (3, (3, 0.000416881, 0.000109326, 0.000526416))]), (60176, 16, 0.000689712, [(4, (0, 0.000493723, 2.0361e-5, 0.000514283)), (4, (1, 0.000494917, 9.4208e-5, 0.00058989)), (4, (2, 0.000497369, 3.2627e-5, 0.000530188)), (4, (3, 0.000608677, 4.56e-5, 0.000654571))]), (60192, 16, 0.000766184, [(4, (0, 0.00050318, 2.0886e-5, 0.00052426)), (4, (1, 0.000690334, 5.2068e-5, 0.000742599)), (4, (2, 0.000684645, 3.4273e-5, 0.000719093)), (4, (3, 0.000487563, 4.6863e-5, 0.000534612))]), (60208, 16, 0.00065843, [(4, (0, 0.000429942, 2.3624e-5, 0.000453765)), (4, (1, 0.000497996, 9.8523e-5, 0.000596738)), (4, (2, 0.000496926, 8.7139e-5, 0.000584265)), (4, (3, 0.000491633, 0.000117549, 0.000609411))]), (60224, 16, 0.000613605, [(4, (0, 0.000482403, 2.2618e-5, 0.000505227)), (4, (1, 0.000496937, 9.1718e-5, 0.000588915)), (4, (2, 0.000498722, 3.5679e-5, 0.0005346)), (4, (3, 0.000473977, 9.7966e-5, 0.000572158))]), (60240, 16, 0.000643828, [(4, (0, 0.000482052, 2.647e-5, 0.000508746)), (4, (1, 0.000532209, 5.6642e-5, 0.000589084)), (4, (2, 0.000580001, 3.8782e-5, 0.000618975)), (4, (3, 0.000537533, 5.1644e-5, 0.00058939))]), (60256, 12, 0.000568639, [(3, (0, 0.000384594, 2.344e-5, 0.000408243)), (3, (1, 0.000480086, 5.9357e-5, 0.000539638)), (3, (2, 0.00050222, 3.7209e-5, 0.000539596)), (3, (3, 0.000490652, 5.2343e-5, 0.000543204))]), (60272, 14, 0.000738897, [(4, (0, 0.000649925, 2.3594e-5, 0.000673716)), (4, (1, 0.000657547, 5.883e-5, 0.00071662)), (3, (2, 0.000531321, 3.6566e-5, 0.000568071)), (3, (3, 0.000510437, 6.2879e-5, 0.000573543))]), (60288, 16, 0.000671318, [(4, (0, 0.000543905, 1.6208e-5, 0.000560268)), (4, (1, 0.000504893, 4.9582e-5, 0.000554657)), (4, (2, 0.000574872, 4.206e-5, 0.00061723)), (4, (3, 0.000573532, 5.7665e-5, 0.000631375))]), (60304, 14, 0.000721002, [(4, (0, 0.000560075, 2.9199e-5, 0.000589488)), (4, (1, 0.000640646, 5.4472e-5, 0.000695337)), (3, (2, 0.000496302, 4.3228e-5, 0.000539762)), (3, (3, 0.000477128, 5.921e-5, 0.000536529))]), (60320, 16, 0.000988924, [(4, (0, 0.000722741, 3.2733e-5, 0.00075566)), (4, (1, 0.000819129, 6.2628e-5, 0.000882114)), (4, (2, 0.000843219, 4.7573e-5, 0.000890991)), (4, (3, 0.000870362, 6.943e-5, 0.000940301))]), (60336, 16, 0.000835746, [(4, (0, 0.000656643, 3.1446e-5, 0.000688368)), (4, (1, 0.000733511, 6.7176e-5, 0.000800902)), (4, (2, 0.000697434, 4.5883e-5, 0.000743527)), (4, (3, 0.000735856, 6.3003e-5, 0.000799105))]), (60352, 13, 0.001248352, [(4, (0, 0.001219918, 2.7357e-5, 0.001247541)), (3, (1, 0.000435295, 5.4218e-5, 0.000489715)), (3, (2, 0.000505808, 3.9922e-5, 0.000545904)), (3, (3, 0.000436216, 5.912e-5, 0.000495539))]), (60368, 16, 0.000584972, [(4, (0, 0.000462003, 2.9115e-5, 0.000491332)), (4, (1, 0.000481726, 5.8329e-5, 0.000540274)), (4, (2, 0.000528875, 4.4959e-5, 0.000574034)), (4, (3, 0.000448571, 9.1768e-5, 0.000541192))]), (60384, 16, 0.000920838, [(4, (0, 0.000668216, 2.9536e-5, 0.000697962)), (4, (1, 0.000650629, 6.4778e-5, 0.00071571)), (4, (2, 0.00051424, 4.3951e-5, 0.00055839)), (4, (3, 0.000754996, 0.000119595, 0.000874925))]), (60400, 16, 0.000759491, [(4, (0, 0.000551797, 2.5179e-5, 0.000577166)), (4, (1, 0.000618519, 7.6882e-5, 0.000695648)), (4, (2, 0.000592645, 5.6926e-5, 0.000649908)), (4, (3, 0.000661187, 7.277e-5, 0.000734159))]), (60416, 16, 0.000907434, [(4, (0, 0.000802447, 2.8933e-5, 0.000831626)), (4, (1, 0.000817057, 6.3961e-5, 0.000881272)), (4, (2, 0.000815313, 4.4134e-5, 0.000859804)), (4, (3, 0.000747767, 5.7211e-5, 0.000805207))]), (60432, 16, 0.001352995, [(4, (0, 0.000993197, 3.2387e-5, 0.001025816)), (4, (1, 0.000942804, 5.393e-5, 0.000996939)), (4, (2, 0.000913659, 4.6629e-5, 0.000960702)), (4, (3, 0.001239375, 6.2499e-5, 0.001302185))]), (60448, 14, 0.000726285, [(4, (0, 0.000698841, 2.5694e-5, 0.00072477)), (4, (1, 0.000541604, 5.4661e-5, 0.00059646)), (3, (2, 0.000650719, 4.3925e-5, 0.000694963)), (3, (3, 0.000586799, 6.0184e-5, 0.000647437))]), (60464, 16, 0.001560954, [(4, (0, 0.001166479, 3.475e-5, 0.001201511)), (4, (1, 0.00144671, 7.3566e-5, 0.001520638)), (4, (2, 0.001308017, 5.0237e-5, 0.001358459)), (4, (3, 0.001298045, 6.9513e-5, 0.001368091))]), (60480, 16, 0.000866044, [(4, (0, 0.000641863, 3.3883e-5, 0.000676007)), (4, (1, 0.000660487, 7.4091e-5, 0.000734934)), (4, (2, 0.000783908, 5.2599e-5, 0.000836759)), (4, (3, 0.000627943, 7.6969e-5, 0.000705157))]), (60496, 13, 0.00094742, [(4, (0, 0.000914807, 3.14e-5, 0.000946485)), (3, (1, 0.000725218, 6.0502e-5, 0.000785939)), (3, (2, 0.000645052, 4.4807e-5, 0.000690089)), (3, (3, 0.000749396, 6.776e-5, 0.00081761))]), (60512, 12, 0.001513082, [(3, (0, 0.001164156, 3.2917e-5, 0.001197342)), (3, (1, 0.001267684, 6.1475e-5, 0.001329357)), (3, (2, 0.001279998, 4.8122e-5, 0.001328315)), (3, (3, 0.001380575, 7.8061e-5, 0.001459047))]), (60528, 16, 0.001674985, [(4, (0, 0.001083442, 3.6223e-5, 0.00111994)), (4, (1, 0.001582402, 6.1608e-5, 0.001644475)), (4, (2, 0.000986019, 4.8146e-5, 0.001034496)), (4, (3, 0.001302277, 6.6517e-5, 0.001369029))]), (60544, 16, 0.00118428, [(4, (0, 0.000815379, 3.3367e-5, 0.000849016)), (4, (1, 0.000909125, 6.8277e-5, 0.000977686)), (4, (2, 0.001103716, 4.9508e-5, 0.001153676)), (4, (3, 0.00094752, 7.172e-5, 0.001019518))]), (60560, 16, 0.000739885, [(4, (0, 0.000716368, 2.231e-5, 0.000738908)), (4, (1, 0.000641535, 5.4826e-5, 0.000696686)), (4, (2, 0.0005267, 4.0608e-5, 0.000567554)), (4, (3, 0.00063048, 6.599e-5, 0.000696856))]), (60576, 14, 0.001434701, [(4, (0, 0.000948544, 2.9247e-5, 0.000978027)), (4, (1, 0.001348948, 5.7132e-5, 0.001406277)), (3, (2, 0.000736096, 4.2961e-5, 0.000779405)), (3, (3, 0.000881112, 6.4626e-5, 0.000946001))]), (60592, 16, 0.001388432, [(4, (0, 0.000806644, 2.1835e-5, 0.000828702)), (4, (1, 0.000937193, 5.2579e-5, 0.00099006)), (4, (2, 0.001281749, 3.9371e-5, 0.00132157)), (4, (3, 0.000656362, 5.9681e-5, 0.000716281))]), (60608, 15, 0.001136188, [(4, (0, 0.000976551, 2.6818e-5, 0.001003721)), (4, (1, 0.001046467, 6.0726e-5, 0.001107556)), (4, (2, 0.000902068, 5.1024e-5, 0.000953464)), (3, (3, 0.000827047, 0.000112538, 0.000940109))]), (60624, 14, 0.000723132, [(4, (0, 0.000495438, 2.6431e-5, 0.000522086)), (4, (1, 0.000634375, 6.3399e-5, 0.000698076)), (3, (2, 0.000437326, 4.8936e-5, 0.000486574)), (3, (3, 0.000411328, 6.8019e-5, 0.000479627))]), (60640, 16, 0.001582473, [(4, (0, 0.001090767, 3.6125e-5, 0.001127115)), (4, (1, 0.001434863, 0.000110829, 0.001545945)), (4, (2, 0.001387825, 9.9958e-5, 0.001488048)), (4, (3, 0.001375857, 0.0001151, 0.00149118))]), (60656, 16, 0.000898328, [(4, (0, 0.00068691, 3.6989e-5, 0.000724156)), (4, (1, 0.000789208, 7.4548e-5, 0.000864049)), (4, (2, 0.000829196, 6.17e-5, 0.000891279)), (4, (3, 0.000668827, 8.5418e-5, 0.000754556))]), (60672, 16, 0.000763128, [(4, (0, 0.000577711, 2.1996e-5, 0.000599947)), (4, (1, 0.000501975, 5.3311e-5, 0.000555502)), (4, (2, 0.000536672, 4.0097e-5, 0.000577032)), (4, (3, 0.000651804, 6.3219e-5, 0.000715335))]), (60688, 13, 0.001074298, [(4, (0, 0.00104158, 3.1665e-5, 0.001073459)), (3, (1, 0.000595179, 6.1429e-5, 0.000656822)), (3, (2, 0.000855449, 4.7446e-5, 0.000903109)), (3, (3, 0.000904913, 6.8248e-5, 0.000973415))]), (60704, 15, 0.001235747, [(4, (0, 0.000990206, 2.4691e-5, 0.001015264)), (4, (1, 0.00110587, 9.6976e-5, 0.001203285)), (4, (2, 0.00105668, 3.8342e-5, 0.001095233)), (3, (3, 0.000509855, 0.000101121, 0.000611197))]), (60720, 14, 0.001534763, [(4, (0, 0.001505026, 2.7354e-5, 0.001532641)), (4, (1, 0.001261858, 6.123e-5, 0.001323425)), (3, (2, 0.00097974, 4.6047e-5, 0.001026113)), (3, (3, 0.001255674, 6.7325e-5, 0.001323344))]), (60736, 16, 0.000883701, [(4, (0, 0.000852088, 2.9159e-5, 0.000881514)), (4, (1, 0.000803147, 7.8224e-5, 0.000881755)), (4, (2, 0.000661936, 5.0869e-5, 0.000713138)), (4, (3, 0.000644486, 7.1745e-5, 0.000716598))]), (60752, 16, 0.001303163, [(4, (0, 0.000614184, 4.8558e-5, 0.000663031)), (4, (1, 0.001127661, 0.000134127, 0.001262387)), (4, (2, 0.000974604, 6.8784e-5, 0.001043834)), (4, (3, 0.000696478, 8.0131e-5, 0.00077691))]), (60768, 14, 0.00092721, [(4, (0, 0.000813795, 3.2549e-5, 0.000846597)), (4, (1, 0.00081925, 6.849e-5, 0.000888008)), (3, (2, 0.000610991, 5.2083e-5, 0.00066335)), (3, (3, 0.000476248, 8.3109e-5, 0.000559703))]), (60784, 15, 0.001010674, [(4, (0, 0.000849481, 3.2687e-5, 0.000882455)), (4, (1, 0.000911968, 6.6028e-5, 0.000978405)), (4, (2, 0.000917064, 4.725e-5, 0.000964611)), (3, (3, 0.000441174, 0.000112019, 0.000553588))]), (60800, 16, 0.000840941, [(4, (0, 0.000637602, 2.6567e-5, 0.000664448)), (4, (1, 0.000659412, 9.9244e-5, 0.000758975)), (4, (2, 0.000642213, 4.3156e-5, 0.000685592)), (4, (3, 0.000683456, 0.00010676, 0.000790465))]), (60816, 16, 0.0008931, [(4, (0, 0.000637796, 3.2835e-5, 0.000670989)), (4, (1, 0.000640317, 6.3474e-5, 0.000704022)), (4, (2, 0.000734542, 4.8938e-5, 0.000783728)), (4, (3, 0.000777876, 7.149e-5, 0.000849586))]), (60832, 12, 0.000754856, [(3, (0, 0.000386916, 3.7128e-5, 0.00042433)), (3, (1, 0.000456292, 8.4989e-5, 0.00054166)), (3, (2, 0.00043813, 5.1976e-5, 0.000490376)), (3, (3, 0.000642014, 6.7699e-5, 0.000709961))]), (60848, 16, 0.000847093, [(4, (0, 0.000513221, 2.4737e-5, 0.000538241)), (4, (1, 0.000577743, 5.8196e-5, 0.000636227)), (4, (2, 0.000780868, 3.8324e-5, 0.000819411)), (4, (3, 0.00058671, 5.1589e-5, 0.000638523))]), (60864, 16, 0.000829398, [(4, (0, 0.000565702, 1.2204e-5, 0.000578075)), (4, (1, 0.000633761, 3.9372e-5, 0.000673388)), (4, (2, 0.000601851, 2.1616e-5, 0.000623794)), (4, (3, 0.00073744, 3.3759e-5, 0.000771436))]), (60880, 16, 0.000841537, [(4, (0, 0.000555206, 2.2625e-5, 0.000578081)), (4, (1, 0.000629948, 4.983e-5, 0.000680025)), (4, (2, 0.000615583, 3.7102e-5, 0.000652959)), (4, (3, 0.000741899, 5.6535e-5, 0.000798851))]), (60896, 16, 0.00060878, [(4, (0, 0.000480765, 2.4284e-5, 0.000505275)), (4, (1, 0.000518441, 5.8048e-5, 0.000576759)), (4, (2, 0.000522618, 3.8194e-5, 0.000561122)), (4, (3, 0.000460972, 5.2199e-5, 0.000513427))]), (60912, 15, 0.00055749, [(4, (0, 0.000420181, 1.8748e-5, 0.000439173)), (4, (1, 0.000465237, 6.3115e-5, 0.000528606)), (4, (2, 0.000448693, 4.5786e-5, 0.000494707)), (3, (3, 0.00036014, 9.3364e-5, 0.000454197))]), (60928, 16, 0.000751691, [(4, (0, 0.000507718, 2.7974e-5, 0.000535923)), (4, (1, 0.000574771, 6.7194e-5, 0.000642213)), (4, (2, 0.000545033, 4.548e-5, 0.000590774)), (4, (3, 0.000571336, 7.2003e-5, 0.000643575))]), (60944, 6, 0.000430615, [(2, (0, 0.000330838, 3.5519e-5, 0.000366646)), (2, (1, 0.000331186, 6.3467e-5, 0.000394863)), (1, (2, 0.000149119, 4.9742e-5, 0.000199078)), (1, (3, 0.000149054, 6.8937e-5, 0.000218189))]), (60960, 9, 0.001129648, [(3, (0, 0.000568777, 3.0608e-5, 0.00059965)), (2, (1, 0.000336859, 5.7871e-5, 0.000394948)), (2, (2, 0.000413528, 4.498e-5, 0.000458785)), (2, (3, 0.000998786, 8.0218e-5, 0.001079481))]), (60976, 16, 0.000777518, [(4, (0, 0.00068053, 1.571e-5, 0.000696442)), (4, (1, 0.000675666, 7.0725e-5, 0.000746735)), (4, (2, 0.000707875, 4.9141e-5, 0.000757349)), (4, (3, 0.000684199, 5.8042e-5, 0.000742484))]), (60992, 11, 0.000665853, [(3, (0, 0.000581342, 2.8518e-5, 0.000610092)), (3, (1, 0.000569899, 6.2444e-5, 0.000632608)), (3, (2, 0.000615424, 4.8495e-5, 0.000664152)), (2, (3, 0.000469065, 7.2004e-5, 0.000541375))]), (61008, 16, 0.000738974, [(4, (0, 0.000625206, 2.1986e-5, 0.000647404)), (4, (1, 0.00067335, 4.3322e-5, 0.000716971)), (4, (2, 0.000625649, 6.9799e-5, 0.000695705)), (4, (3, 0.000626351, 7.3384e-5, 0.000699966))]), (61024, 16, 0.000795723, [(4, (0, 0.000586617, 2.903e-5, 0.000615934)), (4, (1, 0.000719883, 6.2468e-5, 0.000782567)), (4, (2, 0.000664779, 4.9693e-5, 0.000714705)), (4, (3, 0.000673175, 6.9993e-5, 0.000743418))]), (61040, 14, 0.001150215, [(4, (0, 0.001121815, 2.709e-5, 0.001149133)), (4, (1, 0.000836001, 5.7913e-5, 0.000894156)), (3, (2, 0.000721744, 4.32e-5, 0.000765187)), (3, (3, 0.000517525, 6.2385e-5, 0.000580163))]), (61056, 14, 0.001088042, [(4, (0, 0.000665433, 2.6928e-5, 0.000692589)), (4, (1, 0.000940872, 0.000116903, 0.001058002)), (3, (2, 0.00050593, 4.6457e-5, 0.000552647)), (3, (3, 0.000497643, 0.000169172, 0.000667145))]), (61072, 16, 0.000756239, [(4, (0, 0.000558305, 3.5817e-5, 0.000594342)), (4, (1, 0.000586875, 6.528e-5, 0.000652358)), (4, (2, 0.000638257, 4.8945e-5, 0.000687449)), (4, (3, 0.000635225, 7.1835e-5, 0.000707338))]), (61088, 12, 0.000590945, [(3, (0, 0.00047388, 3.5198e-5, 0.000509367)), (3, (1, 0.000525254, 6.1265e-5, 0.000586785)), (3, (2, 0.000504143, 4.8365e-5, 0.000552811)), (3, (3, 0.000493091, 7.0038e-5, 0.000563386))]), (61104, 15, 0.000906157, [(4, (0, 0.000876591, 2.8566e-5, 0.000905381)), (4, (1, 0.00065029, 6.0581e-5, 0.000711116)), (4, (2, 0.000619618, 4.543e-5, 0.00066528)), (3, (3, 0.000466076, 6.8312e-5, 0.000534633))]), (61120, 16, 0.000962196, [(4, (0, 0.000654132, 2.8058e-5, 0.000682419)), (4, (1, 0.000780329, 6.2827e-5, 0.000843409)), (4, (2, 0.000893035, 4.4897e-5, 0.00093818)), (4, (3, 0.000680648, 7.056e-5, 0.000751446))]), (61136, 16, 0.000996099, [(4, (0, 0.000665214, 1.979e-5, 0.000685207)), (4, (1, 0.000826349, 4.8037e-5, 0.000874588)), (4, (2, 0.000741538, 3.3933e-5, 0.000775693)), (4, (3, 0.000896364, 5.7143e-5, 0.000953802))]), (61152, 16, 0.000810158, [(4, (0, 0.000744358, 1.7359e-5, 0.000761939)), (4, (1, 0.000668642, 4.7779e-5, 0.000716627)), (4, (2, 0.000690095, 4.2653e-5, 0.000733095)), (4, (3, 0.000711521, 4.1316e-5, 0.000753062))]), (61168, 16, 0.000940265, [(4, (0, 0.000620345, 2.5535e-5, 0.000646107)), (4, (1, 0.000702506, 5.26e-5, 0.000755317)), (4, (2, 0.000870846, 3.9319e-5, 0.000910366)), (4, (3, 0.000628945, 6.0342e-5, 0.000689573))]), (61184, 14, 0.001206561, [(4, (0, 0.001022992, 3.1216e-5, 0.001054446)), (4, (1, 0.001104705, 6.9512e-5, 0.001174676)), (3, (2, 0.00068214, 4.7063e-5, 0.000729431)), (3, (3, 0.000732409, 7.3346e-5, 0.000805996))]), (61200, 14, 0.001645183, [(4, (0, 0.001390996, 3.2577e-5, 0.001423779)), (4, (1, 0.001495522, 0.000111418, 0.001607225)), (3, (2, 0.001100894, 4.8929e-5, 0.00115004)), (3, (3, 0.001105488, 0.000115714, 0.001221422))]), (61216, 14, 0.000661677, [(4, (0, 0.000632556, 2.8093e-5, 0.000660854)), (4, (1, 0.000576176, 4.0475e-5, 0.000616853)), (3, (2, 0.000469648, 5.6025e-5, 0.000525942)), (3, (3, 0.000508923, 6.4057e-5, 0.000573216))]), (61232, 16, 0.001351365, [(4, (0, 0.000891099, 2.8864e-5, 0.000920162)), (4, (1, 0.000846374, 5.7578e-5, 0.000904176)), (4, (2, 0.001280722, 4.1684e-5, 0.001322612)), (4, (3, 0.001014531, 6.2151e-5, 0.001076964))]), (61248, 16, 0.001486439, [(4, (0, 0.000937923, 2.7264e-5, 0.000965412)), (4, (1, 0.001122354, 5.4049e-5, 0.001176614)), (4, (2, 0.001412175, 4.0586e-5, 0.001452971)), (4, (3, 0.000846338, 6.0656e-5, 0.000907301))]), (61264, 12, 0.000732063, [(3, (0, 0.000556772, 2.5989e-5, 0.000583039)), (3, (1, 0.000565736, 7.141e-5, 0.000637388)), (3, (2, 0.000614733, 3.9188e-5, 0.000654102)), (3, (3, 0.000615852, 7.4952e-5, 0.00069104))]), (61280, 16, 0.000620699, [(4, (0, 0.000505811, 2.4087e-5, 0.000530264)), (4, (1, 0.000532467, 5.0873e-5, 0.000583593)), (4, (2, 0.00052097, 3.6953e-5, 0.000558122)), (4, (3, 0.000513545, 5.6992e-5, 0.000571027))]), (61296, 16, 0.00097583, [(4, (0, 0.000537283, 2.7301e-5, 0.000564837)), (4, (1, 0.000833542, 5.6713e-5, 0.000890558)), (4, (2, 0.000902548, 4.6222e-5, 0.000949)), (4, (3, 0.000613189, 6.3301e-5, 0.000676748))]), (61312, 16, 0.000735569, [(4, (0, 0.000623547, 2.4333e-5, 0.000648169)), (4, (1, 0.00066185, 4.5402e-5, 0.000707547)), (4, (2, 0.000632014, 5.8636e-5, 0.000690876)), (4, (3, 0.000601203, 6.4869e-5, 0.000666325))]), (61328, 16, 0.000743357, [(4, (0, 0.000538715, 2.4662e-5, 0.000563616)), (4, (1, 0.000624005, 0.00010034, 0.000724673)), (4, (2, 0.000579608, 8.8448e-5, 0.000668285)), (4, (3, 0.000594459, 0.000105315, 0.000700023))]), (61344, 13, 0.001024216, [(4, (0, 0.000988939, 3.4044e-5, 0.001023219)), (3, (1, 0.000828282, 6.6861e-5, 0.000895377)), (3, (2, 0.000469958, 5.1496e-5, 0.000521761)), (3, (3, 0.000477557, 7.0386e-5, 0.000548155))]), (61360, 16, 0.000872441, [(4, (0, 0.000621575, 2.4542e-5, 0.000646367)), (4, (1, 0.000752262, 5.5857e-5, 0.000808333)), (4, (2, 0.000805533, 4.1694e-5, 0.000847499)), (4, (3, 0.00064423, 6.033e-5, 0.000704771))]), (61376, 10, 0.000557014, [(3, (0, 0.000531477, 2.4468e-5, 0.000556169)), (3, (1, 0.000399925, 0.00010112, 0.000501292)), (2, (2, 0.00027267, 3.7969e-5, 0.000310831)), (2, (3, 0.00040121, 5.4588e-5, 0.000456007))]), (61392, 0, 2.3816e-5, [(0, (0, 1.27e-7, 2.1919e-5, 2.2252e-5)), (0, (1, 9.1e-8, 2.2507e-5, 2.27e-5)), (0, (2, 5.4e-8, 2.301e-5, 2.3168e-5)), (0, (3, 5.6e-8, 2.3284e-5, 2.3449e-5))]), (61408, 14, 0.000663232, [(4, (0, 0.000574188, 1.1682e-5, 0.000585981)), (4, (1, 0.000554892, 7.9625e-5, 0.000634785)), (3, (2, 0.000447537, 1.2762e-5, 0.00046051)), (3, (3, 0.000496325, 2.3139e-5, 0.0005197))]), (61424, 16, 0.000882949, [(4, (0, 0.000466297, 1.7699e-5, 0.000484217)), (4, (1, 0.000527893, 9.4688e-5, 0.000622773)), (4, (2, 0.00060987, 3.1652e-5, 0.000641765)), (4, (3, 0.000671375, 8.9754e-5, 0.000761496))]), (61440, 16, 0.000591487, [(4, (0, 0.000455815, 2.2333e-5, 0.00047837)), (4, (1, 0.000506167, 5.7247e-5, 0.000563662)), (4, (2, 0.000503948, 4.1108e-5, 0.0005453)), (4, (3, 0.000467737, 6.479e-5, 0.000532782))]), (61456, 16, 0.00070384, [(4, (0, 0.000458513, 2.5185e-5, 0.000483954)), (4, (1, 0.000505428, 6.2941e-5, 0.000568593)), (4, (2, 0.000574231, 4.165e-5, 0.000616121)), (4, (3, 0.00059989, 6.5692e-5, 0.00066579))]), (61472, 15, 0.000803072, [(4, (0, 0.000730692, 2.9582e-5, 0.000760491)), (4, (1, 0.000716462, 5.9657e-5, 0.00077638)), (4, (2, 0.000665187, 4.2985e-5, 0.000708362)), (3, (3, 0.000584837, 7.2679e-5, 0.000657832))]), (61488, 13, 0.00075062, [(4, (0, 0.000723769, 2.5869e-5, 0.000749848)), (3, (1, 0.000516836, 5.1512e-5, 0.000568541)), (3, (2, 0.000525432, 3.8263e-5, 0.000563877)), (3, (3, 0.000566752, 5.7359e-5, 0.000624365))]), (61504, 14, 0.0008889, [(4, (0, 0.000704046, 2.2216e-5, 0.000726471)), (4, (1, 0.000773192, 9.3108e-5, 0.000866524)), (3, (2, 0.000636354, 8.1418e-5, 0.000717967)), (3, (3, 0.000590476, 0.000101479, 0.000692182))]), (61520, 10, 0.000506096, [(3, (0, 0.000397429, 2.0998e-5, 0.000418633)), (3, (1, 0.000431497, 5.1932e-5, 0.000483643)), (2, (2, 0.000286207, 3.7267e-5, 0.000323695)), (2, (3, 0.000271549, 5.9812e-5, 0.000331592))]), (61536, 15, 0.000916625, [(4, (0, 0.000612499, 2.4812e-5, 0.000637528)), (4, (1, 0.00078983, 5.7362e-5, 0.00084741)), (4, (2, 0.000840855, 4.1248e-5, 0.000882295)), (3, (3, 0.000600296, 6.1566e-5, 0.000662074))]), (61552, 16, 0.000838099, [(4, (0, 0.000578165, 2.6021e-5, 0.000604401)), (4, (1, 0.000729298, 5.6866e-5, 0.000786428)), (4, (2, 0.000608618, 4.2674e-5, 0.000651546)), (4, (3, 0.000728222, 6.3138e-5, 0.000791578))]), (61568, 15, 0.000778928, [(4, (0, 0.000600264, 3.1615e-5, 0.00063211)), (4, (1, 0.000577369, 8.0197e-5, 0.000657932)), (4, (2, 0.000703558, 4.8731e-5, 0.000752531)), (3, (3, 0.000370081, 6.2199e-5, 0.000432477))]), (61584, 7, 0.000344079, [(2, (0, 0.00024933, 2.227e-5, 0.000271803)), (2, (1, 0.000278926, 3.6098e-5, 0.000315244)), (2, (2, 0.000269647, 5.2717e-5, 0.000322611)), (1, (3, 0.000137208, 5.7413e-5, 0.000194835))]), (61600, 16, 0.000794272, [(4, (0, 0.000615718, 2.3221e-5, 0.000639149)), (4, (1, 0.000719992, 5.0876e-5, 0.000771118)), (4, (2, 0.000612943, 3.5469e-5, 0.000648593)), (4, (3, 0.000596042, 6.3733e-5, 0.000660018))]), (61616, 15, 0.000831187, [(4, (0, 0.000545951, 2.3881e-5, 0.00057004)), (4, (1, 0.000759045, 4.9332e-5, 0.000808583)), (4, (2, 0.000615437, 3.6598e-5, 0.000652249)), (3, (3, 0.000542781, 6.0373e-5, 0.000603495))]), (61632, 12, 0.000572147, [(3, (0, 0.000389997, 1.9986e-5, 0.000410199)), (3, (1, 0.0004122, 4.6815e-5, 0.000459233)), (3, (2, 0.000512058, 3.2684e-5, 0.000544963)), (3, (3, 0.000450908, 9.1129e-5, 0.000542244))]), (61648, 14, 0.001536259, [(4, (0, 0.000609206, 3.8078e-5, 0.000647713)), (4, (1, 0.001390133, 0.000110481, 0.001500851)), (3, (2, 0.000804713, 9.6756e-5, 0.00090169)), (3, (3, 0.000518772, 0.000116639, 0.000635628))]), (61664, 16, 0.000947754, [(4, (0, 0.000548349, 3.0226e-5, 0.00057879)), (4, (1, 0.000657494, 6.575e-5, 0.000723461)), (4, (2, 0.000592932, 5.2821e-5, 0.000645984)), (4, (3, 0.000831368, 7.3027e-5, 0.000904583))]), (61680, 16, 0.000832129, [(4, (0, 0.000659718, 2.7639e-5, 0.00068756)), (4, (1, 0.000739997, 5.905e-5, 0.000799305)), (4, (2, 0.000715486, 4.1664e-5, 0.0007574)), (4, (3, 0.000735864, 5.2972e-5, 0.000789039))]), (61696, 14, 0.00116287, [(4, (0, 0.000730479, 2.9344e-5, 0.000760041)), (4, (1, 0.001072977, 6.2293e-5, 0.001135463)), (3, (2, 0.000466402, 4.3468e-5, 0.000510081)), (3, (3, 0.001078768, 5.5866e-5, 0.001134869))]), (61712, 16, 0.000814248, [(4, (0, 0.000538007, 2.3657e-5, 0.00056187)), (4, (1, 0.000738072, 5.256e-5, 0.00079082)), (4, (2, 0.000489882, 3.72e-5, 0.000527294)), (4, (3, 0.000506732, 5.8192e-5, 0.000565118))]), (61728, 16, 0.001020055, [(4, (0, 0.000537648, 2.2382e-5, 0.000560257)), (4, (1, 0.000851007, 9.1227e-5, 0.000942451)), (4, (2, 0.00065637, 7.8206e-5, 0.000734857)), (4, (3, 0.000618096, 9.86e-5, 0.000716919))]), (61744, 16, 0.000873008, [(4, (0, 0.000707155, 2.4659e-5, 0.000732086)), (4, (1, 0.000668463, 6.7997e-5, 0.000736676)), (4, (2, 0.000634381, 3.853e-5, 0.00067312)), (4, (3, 0.000781399, 5.0051e-5, 0.000831655))]), (61760, 14, 0.001373857, [(4, (0, 0.001345289, 2.7266e-5, 0.001372793)), (4, (1, 0.000784644, 0.000114453, 0.000899379)), (3, (2, 0.000680295, 4.0328e-5, 0.00072082)), (3, (3, 0.000709402, 5.9252e-5, 0.000768901))]), (61776, 16, 0.000982232, [(4, (0, 0.000650599, 2.8029e-5, 0.000678837)), (4, (1, 0.000857536, 0.000100579, 0.000958319)), (4, (2, 0.000648974, 4.5202e-5, 0.000694393)), (4, (3, 0.000688489, 0.000108747, 0.000797601))]), (61792, 15, 0.000943532, [(4, (0, 0.000640692, 2.4504e-5, 0.000665402)), (4, (1, 0.000713105, 6.9686e-5, 0.000783079)), (4, (2, 0.000878871, 4.1683e-5, 0.000920759)), (3, (3, 0.000489666, 8.2855e-5, 0.000572741))]), (61808, 15, 0.001364402, [(4, (0, 0.000737963, 2.3787e-5, 0.00076192)), (4, (1, 0.00112107, 5.0038e-5, 0.001171396)), (4, (2, 0.001300699, 3.7524e-5, 0.001338428)), (3, (3, 0.000445968, 5.6401e-5, 0.00050265))]), (61824, 14, 0.0008804, [(4, (0, 0.000708607, 3.0994e-5, 0.000739812)), (4, (1, 0.000607178, 5.7868e-5, 0.000665265)), (3, (2, 0.000562279, 4.6448e-5, 0.000608903)), (3, (3, 0.000750019, 8.5084e-5, 0.000835313))]), (61840, 15, 0.00133855, [(4, (0, 0.000572132, 3.24e-5, 0.00060477)), (4, (1, 0.001248719, 6.177e-5, 0.0013107)), (4, (2, 0.000555881, 4.8388e-5, 0.000604498)), (3, (3, 0.000836624, 6.6433e-5, 0.000903281))]), (61856, 13, 0.00086378, [(4, (0, 0.000714373, 3.2661e-5, 0.000747248)), (3, (1, 0.000631267, 4.7705e-5, 0.000679183)), (3, (2, 0.000779678, 6.2347e-5, 0.000842253)), (3, (3, 0.000473311, 8.6904e-5, 0.000560692))]), (61872, 15, 0.001377072, [(4, (0, 0.001349206, 2.6878e-5, 0.001376286)), (4, (1, 0.001116424, 8.2907e-5, 0.001199884)), (4, (2, 0.001007896, 3.9868e-5, 0.001047947)), (3, (3, 0.000745879, 5.5263e-5, 0.000801352))]), (61888, 14, 0.001146702, [(4, (0, 0.001121295, 2.4455e-5, 0.001145965)), (4, (1, 0.000843882, 6.3663e-5, 0.000907778)), (3, (2, 0.000547503, 4.2857e-5, 0.000590559)), (3, (3, 0.000614386, 7.7075e-5, 0.000691753))]), (61904, 16, 0.001388535, [(4, (0, 0.000936439, 2.5317e-5, 0.000962146)), (4, (1, 0.000503347, 5.2343e-5, 0.000555879)), (4, (2, 0.000907973, 4.1938e-5, 0.000950136)), (4, (3, 0.001216163, 5.8598e-5, 0.001274993))]), (61920, 16, 0.001082868, [(4, (0, 0.000822613, 3.517e-5, 0.000858095)), (4, (1, 0.000629145, 6.4533e-5, 0.000693978)), (4, (2, 0.001000693, 4.9879e-5, 0.001050761)), (4, (3, 0.000813642, 7.5927e-5, 0.000889858))]), (61936, 16, 0.000814289, [(4, (0, 0.000647087, 2.9063e-5, 0.000676354)), (4, (1, 0.000696769, 5.9507e-5, 0.000756488)), (4, (2, 0.000677132, 4.2052e-5, 0.000719379)), (4, (3, 0.000672181, 0.000103874, 0.000776226))]), (61952, 13, 0.001276853, [(4, (0, 0.001230728, 2.8625e-5, 0.001259559)), (3, (1, 0.001206898, 6.0435e-5, 0.001267541)), (3, (2, 0.000529966, 4.1327e-5, 0.000571476)), (3, (3, 0.000538253, 5.3958e-5, 0.000592433))]), (61968, 15, 0.000962471, [(4, (0, 0.000935142, 2.6392e-5, 0.000961737)), (4, (1, 0.000590621, 5.9307e-5, 0.000650175)), (4, (2, 0.000570927, 4.574e-5, 0.000616957)), (3, (3, 0.000388732, 6.4638e-5, 0.000453608))]), (61984, 15, 0.001055389, [(4, (0, 0.00090103, 2.525e-5, 0.000926477)), (4, (1, 0.00070124, 0.00010616, 0.000807676)), (4, (2, 0.000950051, 7.9098e-5, 0.001029351)), (3, (3, 0.000419985, 0.000113154, 0.000533824))]), (62000, 16, 0.000817104, [(4, (0, 0.00080151, 1.4816e-5, 0.000816471)), (4, (1, 0.000662441, 5.4981e-5, 0.000717647)), (4, (2, 0.000630599, 3.81e-5, 0.000668908)), (4, (3, 0.000627869, 5.0359e-5, 0.000678544))]), (62016, 15, 0.000718593, [(4, (0, 0.00055379, 2.0944e-5, 0.000574918)), (4, (1, 0.000632222, 4.5901e-5, 0.00067834)), (4, (2, 0.000675569, 3.2809e-5, 0.000708569)), (3, (3, 0.000414896, 5.3832e-5, 0.000468915))]), (62032, 10, 0.000445367, [(3, (0, 0.000420669, 2.3758e-5, 0.000444632)), (3, (1, 0.000384442, 5.9005e-5, 0.00044365)), (2, (2, 0.000294172, 3.6516e-5, 0.000330877)), (2, (3, 0.000253794, 5.2755e-5, 0.000306864))]), (62048, 14, 0.000967942, [(4, (0, 0.000795373, 3.0938e-5, 0.000826516)), (4, (1, 0.000566006, 6.2902e-5, 0.000629175)), (3, (2, 0.000900249, 4.2522e-5, 0.000942949)), (3, (3, 0.000481936, 7.3251e-5, 0.000555435))]), (62064, 15, 0.001002174, [(4, (0, 0.000969935, 3.1125e-5, 0.001001266)), (4, (1, 0.00084081, 0.000115195, 0.000956335)), (4, (2, 0.000644753, 4.5122e-5, 0.000690053)), (3, (3, 0.000643258, 0.000118576, 0.000762036))]), (62080, 16, 0.00086317, [(4, (0, 0.000626725, 2.2847e-5, 0.000649772)), (4, (1, 0.000733185, 0.000101225, 0.000834612)), (4, (2, 0.000597249, 3.9796e-5, 0.00063726)), (4, (3, 0.000598839, 0.000113557, 0.000712648))]), (62096, 15, 0.000896819, [(4, (0, 0.0008652, 3.0437e-5, 0.000895905)), (4, (1, 0.000609579, 5.7972e-5, 0.000667756)), (4, (2, 0.00060535, 4.2926e-5, 0.00064849)), (3, (3, 0.000605752, 6.2645e-5, 0.000668602))]), (62112, 16, 0.000617296, [(4, (0, 0.000463167, 1.8854e-5, 0.000482252)), (4, (1, 0.00050172, 4.8516e-5, 0.000550428)), (4, (2, 0.000493895, 3.6039e-5, 0.000530151)), (4, (3, 0.000522028, 5.559e-5, 0.000577854))]), (62128, 16, 0.000914454, [(4, (0, 0.00060852, 3.4734e-5, 0.000643453)), (4, (1, 0.000817611, 7.3597e-5, 0.000891479)), (4, (2, 0.000523245, 4.7088e-5, 0.000570531)), (4, (3, 0.000751051, 8.0331e-5, 0.000831584))]), (62144, 16, 0.000621085, [(4, (0, 0.000593141, 2.6939e-5, 0.000620277)), (4, (1, 0.000470294, 5.9803e-5, 0.000530292)), (4, (2, 0.000529438, 4.7795e-5, 0.000577403)), (4, (3, 0.000471242, 0.000104217, 0.000575994))]), (62160, 15, 0.001117624, [(4, (0, 0.001089389, 2.7212e-5, 0.001116808)), (4, (1, 0.000672037, 5.7035e-5, 0.000729305)), (4, (2, 0.000679496, 3.8807e-5, 0.000718492)), (3, (3, 0.000453297, 0.000101021, 0.000554651))]), (62176, 15, 0.001178279, [(4, (0, 0.000492776, 2.1711e-5, 0.00051469)), (4, (1, 0.000505381, 0.000108991, 0.00061457)), (4, (2, 0.00102199, 8.9759e-5, 0.001111971)), (3, (3, 0.000432252, 0.000100459, 0.000532911))]), (62192, 16, 0.001379859, [(4, (0, 0.001361277, 1.7312e-5, 0.001378753)), (4, (1, 0.000893994, 7.4004e-5, 0.000968204)), (4, (2, 0.000894179, 2.0289e-5, 0.000914778)), (4, (3, 0.000598391, 0.000124102, 0.000722692))]), (62208, 15, 0.001268785, [(4, (0, 0.000612369, 2.5836e-5, 0.000638445)), (4, (1, 0.00080056, 0.000157171, 0.000957959)), (4, (2, 0.001135629, 0.000105055, 0.001240856)), (3, (3, 0.000615606, 0.00016598, 0.000781811))]), (62224, 14, 0.001123636, [(4, (0, 0.00109259, 2.9979e-5, 0.001122763)), (4, (1, 0.000634041, 0.000128023, 0.000762405)), (3, (2, 0.000561822, 5.3744e-5, 0.000615805)), (3, (3, 0.000627879, 0.00013235, 0.000760594))]), (62240, 15, 0.00086991, [(4, (0, 0.000668149, 2.7906e-5, 0.000696285)), (4, (1, 0.000776244, 6.4244e-5, 0.000840831)), (4, (2, 0.000718176, 4.1839e-5, 0.000760259)), (3, (3, 0.000531857, 5.7545e-5, 0.000589676))]), (62256, 14, 0.00073566, [(4, (0, 0.00070925, 2.532e-5, 0.000734807)), (4, (1, 0.000637034, 5.4714e-5, 0.00069199)), (3, (2, 0.000469093, 3.8197e-5, 0.000507532)), (3, (3, 0.00041246, 6.201e-5, 0.000474694))]), (62272, 16, 0.000663043, [(4, (0, 0.000476791, 2.0385e-5, 0.000497379)), (4, (1, 0.000509096, 0.000112194, 0.000621494)), (4, (2, 0.000515657, 5.2719e-5, 0.000568595)), (4, (3, 0.000516893, 0.00010785, 0.000624934))]), (62288, 15, 0.000752787, [(4, (0, 0.000431817, 2.3772e-5, 0.000455781)), (4, (1, 0.00051384, 7.1537e-5, 0.000585844)), (4, (2, 0.000681199, 4.9528e-5, 0.0007309)), (3, (3, 0.000452878, 0.000106169, 0.00055943))]), (62304, 16, 0.000886988, [(4, (0, 0.000806386, 2.5265e-5, 0.000831857)), (4, (1, 0.000788542, 6.6047e-5, 0.000854892)), (4, (2, 0.000698575, 3.784e-5, 0.000736594)), (4, (3, 0.000597421, 5.0039e-5, 0.000647653))]), (62320, 16, 0.000854895, [(4, (0, 0.000611713, 2.8051e-5, 0.000639975)), (4, (1, 0.000569264, 5.4204e-5, 0.000623667)), (4, (2, 0.000789147, 4.3325e-5, 0.000832669)), (4, (3, 0.000535798, 0.000127796, 0.000663845))]), (62336, 9, 0.000500432, [(3, (0, 0.000476489, 2.3063e-5, 0.000499759)), (2, (1, 0.000263442, 0.000162771, 0.000426545)), (2, (2, 0.000274668, 3.5873e-5, 0.000310728)), (2, (3, 0.000237966, 0.000205485, 0.000443673))]), (62352, 15, 0.001007734, [(4, (0, 0.000791247, 2.2055e-5, 0.000813515)), (4, (1, 0.000809491, 0.000116972, 0.000926943)), (4, (2, 0.000888805, 8.3575e-5, 0.000972974)), (3, (3, 0.000511329, 0.000106914, 0.000618553))]), (62368, 16, 0.000780126, [(4, (0, 0.000474603, 1.546e-5, 0.000490273)), (4, (1, 0.000722264, 3.5692e-5, 0.000758155)), (4, (2, 0.000499991, 2.3683e-5, 0.000523969)), (4, (3, 0.000494747, 4.3496e-5, 0.000538531))]), (62384, 16, 0.000651761, [(4, (0, 0.000378799, 3.0019e-5, 0.000409025)), (4, (1, 0.000480962, 5.6807e-5, 0.000537967)), (4, (2, 0.000517575, 4.6107e-5, 0.000563919)), (4, (3, 0.000440378, 0.000175472, 0.000616157))]), (62400, 16, 0.001017685, [(4, (0, 0.000453067, 2.5449e-5, 0.000478733)), (4, (1, 0.000574684, 6.5265e-5, 0.000640132)), (4, (2, 0.000551534, 3.6997e-5, 0.000588748)), (4, (3, 0.000886116, 6.2456e-5, 0.000948805))]), (62416, 14, 0.00076776, [(4, (0, 0.000650759, 2.5282e-5, 0.000676246)), (4, (1, 0.000700231, 3.7412e-5, 0.000737833)), (3, (2, 0.000570732, 5.3301e-5, 0.000624233)), (3, (3, 0.00054803, 5.7897e-5, 0.000606138))]), (62432, 16, 0.000870607, [(4, (0, 0.000700058, 2.8729e-5, 0.000729016)), (4, (1, 0.000791721, 5.3889e-5, 0.000845844)), (4, (2, 0.000719442, 4.2698e-5, 0.000762335)), (4, (3, 0.000646132, 6.0397e-5, 0.000706872))]), (62448, 15, 0.00076686, [(4, (0, 0.000651571, 2.45e-5, 0.000676279)), (4, (1, 0.00067466, 6.3867e-5, 0.000738838)), (4, (2, 0.000568841, 5.0946e-5, 0.000619964)), (3, (3, 0.000471995, 7.2135e-5, 0.000544334))]), (62464, 16, 0.000849797, [(4, (0, 0.000535505, 2.5658e-5, 0.000561344)), (4, (1, 0.000541473, 0.000146487, 0.000688181)), (4, (2, 0.00056732, 6.7055e-5, 0.000634567)), (4, (3, 0.000658575, 0.000152537, 0.000811411))]), (62480, 16, 0.000722165, [(4, (0, 0.000501539, 1.7323e-5, 0.000519017)), (4, (1, 0.000633447, 6.4775e-5, 0.000698474)), (4, (2, 0.000565148, 5.0845e-5, 0.000616318)), (4, (3, 0.000622125, 5.8992e-5, 0.000681291))]), (62496, 14, 0.000690719, [(4, (0, 0.000620766, 3.216e-5, 0.00065315)), (4, (1, 0.000605044, 6.0075e-5, 0.000665345)), (3, (2, 0.000453208, 4.6419e-5, 0.000499821)), (3, (3, 0.00037578, 6.4306e-5, 0.000440328))]), (62512, 16, 0.000897836, [(4, (0, 0.000589616, 2.4497e-5, 0.000614437)), (4, (1, 0.00078326, 9.0176e-5, 0.000873641)), (4, (2, 0.000706575, 3.6988e-5, 0.000743762)), (4, (3, 0.000662879, 8.715e-5, 0.000750324))]), (62528, 15, 0.000892294, [(4, (0, 0.0004598, 2.8549e-5, 0.000488558)), (4, (1, 0.000583506, 6.0589e-5, 0.00064427)), (4, (2, 0.000825553, 4.3775e-5, 0.000869649)), (3, (3, 0.00039134, 5.6836e-5, 0.000448392))]), (62544, 15, 0.000785194, [(4, (0, 0.00075663, 2.7621e-5, 0.000784434)), (4, (1, 0.000587359, 5.3853e-5, 0.00064141)), (4, (2, 0.000587219, 3.9489e-5, 0.000626956)), (3, (3, 0.00045735, 5.8433e-5, 0.000515968))]), (62560, 15, 0.001169977, [(4, (0, 0.000706983, 2.83e-5, 0.000735482)), (4, (1, 0.000941672, 0.000202946, 0.00114482)), (4, (2, 0.000957594, 4.0794e-5, 0.000998598)), (3, (3, 0.000569801, 0.000163352, 0.000733467))]), (62576, 15, 0.000732776, [(4, (0, 0.000703798, 2.8063e-5, 0.000732067)), (4, (1, 0.000547499, 5.3092e-5, 0.000600777)), (4, (2, 0.000579895, 3.9445e-5, 0.000619524)), (3, (3, 0.000415072, 0.000105795, 0.000521118))]), (62592, 15, 0.000878578, [(4, (0, 0.000851821, 2.5761e-5, 0.000877783)), (4, (1, 0.000587664, 0.000121234, 0.000709486)), (4, (2, 0.000723098, 7.5504e-5, 0.000798776)), (3, (3, 0.000484739, 8.7708e-5, 0.000572619))]), (62608, 15, 0.000832798, [(4, (0, 0.000638589, 2.5488e-5, 0.000664276)), (4, (1, 0.00072398, 8.652e-5, 0.000810671)), (4, (2, 0.000660872, 4.06e-5, 0.000701863)), (3, (3, 0.000550328, 0.000207801, 0.000758628))]), (62624, 15, 0.000792469, [(4, (0, 0.00052696, 3.3432e-5, 0.000560586)), (4, (1, 0.000537464, 6.6692e-5, 0.000604345)), (4, (2, 0.000587576, 4.5412e-5, 0.000633174)), (3, (3, 0.00069207, 6.1621e-5, 0.000753944))]), (62640, 16, 0.000744278, [(4, (0, 0.000564019, 2.4988e-5, 0.000589197)), (4, (1, 0.000659408, 6.0701e-5, 0.000720306)), (4, (2, 0.000618747, 4.4827e-5, 0.000663808)), (4, (3, 0.000613657, 5.5914e-5, 0.000669767))]), (62656, 16, 0.000800555, [(4, (0, 0.000558853, 2.6476e-5, 0.000585525)), (4, (1, 0.000653656, 5.0855e-5, 0.000704709)), (4, (2, 0.000609796, 3.8298e-5, 0.00064826)), (4, (3, 0.000710084, 5.5806e-5, 0.000766077))]), (62672, 16, 0.000837938, [(4, (0, 0.000583106, 2.8492e-5, 0.000611799)), (4, (1, 0.000684013, 7.733e-5, 0.000761978)), (4, (2, 0.000760967, 5.5739e-5, 0.000816913)), (4, (3, 0.000740442, 7.5226e-5, 0.000815878))]), (62688, 15, 0.000671706, [(4, (0, 0.000487414, 2.4619e-5, 0.000512234)), (4, (1, 0.000596246, 5.3145e-5, 0.000649635)), (4, (2, 0.000590363, 3.8911e-5, 0.000629467)), (3, (3, 0.0005407, 5.8516e-5, 0.000599422))]), (62704, 16, 0.00109253, [(4, (0, 0.000510238, 2.546e-5, 0.0005359)), (4, (1, 0.000574611, 4.9108e-5, 0.000623911)), (4, (2, 0.000948076, 3.7171e-5, 0.000985419)), (4, (3, 0.00099795, 5.4307e-5, 0.001052437))]), (62720, 16, 0.000678779, [(4, (0, 0.000425145, 0.000125225, 0.000550698)), (4, (1, 0.000491918, 5.5259e-5, 0.000547365)), (4, (2, 0.000624162, 3.1815e-5, 0.000656143)), (4, (3, 0.000561625, 4.5552e-5, 0.000607415))]), (62736, 16, 0.000567428, [(4, (0, 0.000543669, 2.276e-5, 0.000566647)), (4, (1, 0.00049625, 4.7939e-5, 0.000544412)), (4, (2, 0.000443625, 3.4402e-5, 0.000478198)), (4, (3, 0.000456658, 5.2142e-5, 0.000508992))]), (62752, 15, 0.00078442, [(4, (0, 0.000499134, 1.8949e-5, 0.000518284)), (4, (1, 0.000660935, 4.3311e-5, 0.000704424)), (4, (2, 0.000732088, 3.0652e-5, 0.000762925)), (3, (3, 0.000510483, 4.8106e-5, 0.000558841))]), (62768, 15, 0.000765818, [(4, (0, 0.000558065, 2.7904e-5, 0.000586153)), (4, (1, 0.000613078, 5.6012e-5, 0.000669283)), (4, (2, 0.000646871, 4.3817e-5, 0.000690895)), (3, (3, 0.000659182, 6.3528e-5, 0.000722959))]), (62784, 16, 0.000709022, [(4, (0, 0.000569783, 2.7606e-5, 0.000597651)), (4, (1, 0.000517972, 5.267e-5, 0.000570873)), (4, (2, 0.000646434, 3.9939e-5, 0.000686581)), (4, (3, 0.000602042, 5.7023e-5, 0.00065927))]), (62800, 16, 0.000654831, [(4, (0, 0.000521204, 2.0883e-5, 0.000542285)), (4, (1, 0.000524498, 6.2897e-5, 0.000587594)), (4, (2, 0.000530086, 3.703e-5, 0.000567331)), (4, (3, 0.000538931, 7.0122e-5, 0.000609257))]), (62816, 16, 0.0007981, [(4, (0, 0.000488847, 2.131e-5, 0.000510373)), (4, (1, 0.000547799, 5.1925e-5, 0.000599924)), (4, (2, 0.000574306, 3.4454e-5, 0.000608956)), (4, (3, 0.000714541, 4.5494e-5, 0.000760227))]), (62832, 16, 0.000822268, [(4, (0, 0.000546081, 4.2967e-5, 0.000589211)), (4, (1, 0.00056831, 0.000135887, 0.000704391)), (4, (2, 0.000743556, 5.4712e-5, 0.000798616)), (4, (3, 0.000583011, 8.5534e-5, 0.000668733))]), (62848, 16, 0.000635384, [(4, (0, 0.000431612, 2.4077e-5, 0.000455888)), (4, (1, 0.000504599, 3.6699e-5, 0.000541497)), (4, (2, 0.000559385, 5.1476e-5, 0.000611126)), (4, (3, 0.000476232, 5.7516e-5, 0.000533952))]), (62864, 16, 0.001189845, [(4, (0, 0.000652463, 3.7622e-5, 0.000690287)), (4, (1, 0.000739496, 6.4168e-5, 0.000803866)), (4, (2, 0.0010751, 4.9267e-5, 0.001124546)), (4, (3, 0.000772612, 7.0125e-5, 0.000842982))]), (62880, 13, 0.000993907, [(4, (0, 0.000482208, 2.3843e-5, 0.000506256)), (3, (1, 0.000932758, 3.5306e-5, 0.000968246)), (3, (2, 0.000509195, 5.0575e-5, 0.000559971)), (3, (3, 0.000520316, 9.1707e-5, 0.00061287))]), (62896, 14, 0.00113986, [(4, (0, 0.001114232, 2.4763e-5, 0.001139188)), (4, (1, 0.000710198, 4.9418e-5, 0.000759837)), (3, (2, 0.000406071, 3.6776e-5, 0.000443025)), (3, (3, 0.000429655, 9.2481e-5, 0.00052232))]), (62912, 16, 0.000725903, [(4, (0, 0.0004678, 2.8275e-5, 0.000496268)), (4, (1, 0.000570116, 6.1685e-5, 0.000631967)), (4, (2, 0.000628829, 4.4326e-5, 0.000673361)), (4, (3, 0.000627306, 5.7121e-5, 0.000684621))]), (62928, 15, 0.000611097, [(4, (0, 0.000567736, 2.7612e-5, 0.000595571)), (4, (1, 0.000519161, 5.6043e-5, 0.000575405)), (4, (2, 0.000561082, 4.1258e-5, 0.000602509)), (3, (3, 0.000530431, 5.9574e-5, 0.000590186))]), (62944, 15, 0.000809856, [(4, (0, 0.0005597, 2.4898e-5, 0.000584839)), (4, (1, 0.000551085, 5.3669e-5, 0.000604936)), (4, (2, 0.000736023, 3.6858e-5, 0.00077305)), (3, (3, 0.000675841, 4.8651e-5, 0.000724682))]), (62960, 15, 0.000818146, [(4, (0, 0.00065599, 2.6572e-5, 0.000682812)), (4, (1, 0.000742804, 5.0569e-5, 0.000793564)), (4, (2, 0.000644068, 3.809e-5, 0.000682336)), (3, (3, 0.000466034, 5.712e-5, 0.000523357))]), (62976, 16, 0.000619734, [(4, (0, 0.000422279, 1.8687e-5, 0.000441151)), (4, (1, 0.000563027, 3.5151e-5, 0.000598381)), (4, (2, 0.000564107, 4.516e-5, 0.000609478)), (4, (3, 0.000421629, 5.3341e-5, 0.000475152))]), (62992, 16, 0.001135357, [(4, (0, 0.000507923, 2.8544e-5, 0.000536673)), (4, (1, 0.000519207, 5.3714e-5, 0.000573117)), (4, (2, 0.000680078, 4.0685e-5, 0.000720951)), (4, (3, 0.000986079, 5.883e-5, 0.001045105))]), (63008, 15, 0.000801451, [(4, (0, 0.000499599, 2.7341e-5, 0.000527149)), (4, (1, 0.000515872, 5.2525e-5, 0.000568584)), (4, (2, 0.000735101, 4.0084e-5, 0.000775394)), (3, (3, 0.000634275, 5.6683e-5, 0.000691129))]), (63024, 16, 0.000657097, [(4, (0, 0.00063327, 2.2867e-5, 0.000656318)), (4, (1, 0.000543314, 4.6606e-5, 0.000590103)), (4, (2, 0.000572375, 3.4369e-5, 0.000606925)), (4, (3, 0.000527882, 5.3483e-5, 0.000581544))]), (63040, 16, 0.000585978, [(4, (0, 0.000470333, 1.8639e-5, 0.000489174)), (4, (1, 0.00052173, 4.2359e-5, 0.000564283)), (4, (2, 0.00050435, 3.0701e-5, 0.000535238)), (4, (3, 0.000485805, 4.7686e-5, 0.000533665))]), (63056, 14, 0.00067326, [(4, (0, 0.000534479, 2.5804e-5, 0.000560472)), (4, (1, 0.000602257, 4.9354e-5, 0.000651788)), (3, (2, 0.00044404, 3.7286e-5, 0.00048151)), (3, (3, 0.000374128, 5.4414e-5, 0.000428734))]), (63072, 16, 0.000795777, [(4, (0, 0.000485589, 2.1749e-5, 0.00050754)), (4, (1, 0.000494941, 8.4363e-5, 0.000580024)), (4, (2, 0.000506189, 3.3158e-5, 0.000539563)), (4, (3, 0.000699183, 4.7733e-5, 0.000747127))]), (63088, 16, 0.000945993, [(4, (0, 0.000752675, 2.7858e-5, 0.000780748)), (4, (1, 0.000780509, 5.6844e-5, 0.000837541)), (4, (2, 0.000773043, 4.3537e-5, 0.000816775)), (4, (3, 0.00084719, 5.9728e-5, 0.000907097))]), (63104, 13, 0.000655471, [(4, (0, 0.000504716, 2.9492e-5, 0.00053441)), (3, (1, 0.000439572, 5.4903e-5, 0.000494693)), (3, (2, 0.000591752, 4.2565e-5, 0.000634486)), (3, (3, 0.000468965, 5.9071e-5, 0.000528225))]), (63120, 16, 0.000795882, [(4, (0, 0.00076995, 2.499e-5, 0.000795144)), (4, (1, 0.000709735, 4.8536e-5, 0.000758486)), (4, (2, 0.000621345, 3.7299e-5, 0.000658827)), (4, (3, 0.000707107, 5.5834e-5, 0.000763116))]), (63136, 16, 0.00070711, [(4, (0, 0.000506036, 2.1369e-5, 0.000527607)), (4, (1, 0.000589841, 8.8822e-5, 0.000679002)), (4, (2, 0.000539076, 6.8575e-5, 0.00060794)), (4, (3, 0.000552918, 0.000104758, 0.000657876))]), (63152, 15, 0.000639207, [(4, (0, 0.000531325, 2.2374e-5, 0.000553958)), (4, (1, 0.000550599, 5.7881e-5, 0.000608708)), (4, (2, 0.000559996, 3.6202e-5, 0.000596429)), (3, (3, 0.000425074, 4.9534e-5, 0.000474803))]), (63168, 15, 0.000741808, [(4, (0, 0.000614244, 3.2378e-5, 0.00064682)), (4, (1, 0.00065315, 6.6276e-5, 0.000719665)), (4, (2, 0.000671925, 4.8994e-5, 0.000721085)), (3, (3, 0.00051522, 7.4311e-5, 0.000589777))]), (63184, 14, 0.000593495, [(4, (0, 0.000473562, 1.7909e-5, 0.000491666)), (4, (1, 0.00049104, 4.8651e-5, 0.000539885)), (3, (2, 0.000404671, 2.8175e-5, 0.000433031)), (3, (3, 0.000368829, 4.4957e-5, 0.00041399))]), (63200, 16, 0.000645904, [(4, (0, 0.000521535, 1.1136e-5, 0.000532872)), (4, (1, 0.000584399, 2.3878e-5, 0.000608484)), (4, (2, 0.000575463, 1.3788e-5, 0.000589571)), (4, (3, 0.000572784, 3.0775e-5, 0.000603825))]), (63216, 16, 0.000626302, [(4, (0, 0.000475855, 1.8216e-5, 0.000494266)), (4, (1, 0.000555928, 4.5969e-5, 0.000602118)), (4, (2, 0.000512132, 3.3793e-5, 0.000546141)), (4, (3, 0.000505063, 5.1026e-5, 0.00055627))]), (63232, 16, 0.000683875, [(4, (0, 0.000493846, 1.7e-5, 0.000511017)), (4, (1, 0.000618166, 4.1386e-5, 0.000659764)), (4, (2, 0.000568875, 2.8795e-5, 0.000597867)), (4, (3, 0.000549427, 4.6416e-5, 0.000596034))]), (63248, 15, 0.000616171, [(4, (0, 0.000475671, 1.5477e-5, 0.000491331)), (4, (1, 0.000549263, 4.496e-5, 0.000594407)), (4, (2, 0.000522532, 2.7246e-5, 0.000549955)), (3, (3, 0.000419724, 4.0064e-5, 0.000459985))]), (63264, 16, 0.000706898, [(4, (0, 0.000510777, 2.8398e-5, 0.000539371)), (4, (1, 0.000595474, 6.0279e-5, 0.000655931)), (4, (2, 0.000605566, 4.0403e-5, 0.000646157)), (4, (3, 0.00062311, 6.5332e-5, 0.000688622))]), (63280, 14, 0.000694907, [(4, (0, 0.000673104, 2.0929e-5, 0.000694246)), (4, (1, 0.000493076, 4.8978e-5, 0.000542253)), (3, (2, 0.000410831, 3.4441e-5, 0.000445471)), (3, (3, 0.000456169, 5.2668e-5, 0.00050902))]), (63296, 16, 0.000592817, [(4, (0, 0.000475361, 1.6969e-5, 0.000492531)), (4, (1, 0.000519668, 5.4048e-5, 0.000573877)), (4, (2, 0.000540464, 3.6567e-5, 0.000577277)), (4, (3, 0.000541818, 4.6925e-5, 0.000588917))]), (63312, 15, 0.000558049, [(4, (0, 0.000483413, 1.5826e-5, 0.000499434)), (4, (1, 0.00047972, 4.5293e-5, 0.000525201)), (4, (2, 0.000498331, 2.7949e-5, 0.000526463)), (3, (3, 0.000427393, 4.0026e-5, 0.000467613))]), (63328, 16, 0.000628806, [(4, (0, 0.000443059, 2.3227e-5, 0.000466502)), (4, (1, 0.000567436, 4.7029e-5, 0.000614693)), (4, (2, 0.000549162, 3.6147e-5, 0.000585507)), (4, (3, 0.000538672, 5.1812e-5, 0.000590671))]), (63344, 16, 0.000667914, [(4, (0, 0.000510306, 2.416e-5, 0.000534721)), (4, (1, 0.000550439, 4.9909e-5, 0.00060055)), (4, (2, 0.000554807, 3.7024e-5, 0.000592031)), (4, (3, 0.000567757, 5.8829e-5, 0.000626795))]), (63360, 16, 0.000717444, [(4, (0, 0.000573773, 2.877e-5, 0.000602742)), (4, (1, 0.000642385, 5.9538e-5, 0.000702096)), (4, (2, 0.000615886, 4.1361e-5, 0.000657458)), (4, (3, 0.000629128, 5.3116e-5, 0.000682448))]), (63376, 13, 0.000553773, [(4, (0, 0.000530616, 2.2202e-5, 0.000553019)), (3, (1, 0.000441947, 4.9297e-5, 0.000491466)), (3, (2, 0.000405893, 3.3242e-5, 0.00043932)), (3, (3, 0.000401666, 5.2949e-5, 0.000454842))]), (63392, 16, 0.00063333, [(4, (0, 0.000496454, 1.4196e-5, 0.000510859)), (4, (1, 0.000571931, 3.9482e-5, 0.000611607)), (4, (2, 0.000546801, 2.657e-5, 0.000573552)), (4, (3, 0.000533027, 4.4694e-5, 0.00057789))]), (63408, 16, 0.000713915, [(4, (0, 0.000518747, 7.051e-6, 0.000525958)), (4, (1, 0.000629434, 5.9134e-5, 0.000688768)), (4, (2, 0.000561419, 4.4333e-5, 0.000606072)), (4, (3, 0.000511017, 5.0254e-5, 0.000561445))]), (63424, 16, 0.000782047, [(4, (0, 0.000452323, 1.61e-5, 0.000468626)), (4, (1, 0.000520926, 4.4749e-5, 0.000565886)), (4, (2, 0.000492628, 3.3934e-5, 0.000526779)), (4, (3, 0.000680615, 5.2046e-5, 0.000732863))]), (63440, 16, 0.000660218, [(4, (0, 0.000513031, 1.7626e-5, 0.000530866)), (4, (1, 0.00058534, 5.3097e-5, 0.000638664)), (4, (2, 0.000560206, 3.2824e-5, 0.000593228)), (4, (3, 0.000580955, 4.6412e-5, 0.000627571))]), (63456, 15, 0.000636386, [(4, (0, 0.000474327, 2.189e-5, 0.00049642)), (4, (1, 0.000565892, 4.8452e-5, 0.000614525)), (4, (2, 0.000544984, 3.5316e-5, 0.000580513)), (3, (3, 0.000382254, 8.3722e-5, 0.00046628))]), (63472, 16, 0.000809581, [(4, (0, 0.00056819, 3.1506e-5, 0.000599888)), (4, (1, 0.000643062, 7.9566e-5, 0.000722968)), (4, (2, 0.000611623, 4.5683e-5, 0.000657484)), (4, (3, 0.000627802, 8.1646e-5, 0.000709644))]), (63488, 16, 0.000672582, [(4, (0, 0.000511076, 2.3243e-5, 0.000534528)), (4, (1, 0.00056876, 3.689e-5, 0.000605894)), (4, (2, 0.000603434, 4.7739e-5, 0.00065137)), (4, (3, 0.000548402, 5.3909e-5, 0.00060253))]), (63504, 14, 0.000637773, [(4, (0, 0.000478284, 2.1903e-5, 0.000500373)), (4, (1, 0.000570727, 4.5985e-5, 0.000616905)), (3, (2, 0.00040642, 3.3624e-5, 0.000440227)), (3, (3, 0.00042798, 5.12e-5, 0.00047938))]), (63520, 16, 0.000750844, [(4, (0, 0.000509039, 1.7867e-5, 0.000527108)), (4, (1, 0.000555096, 9.0636e-5, 0.000645927)), (4, (2, 0.000568618, 2.9994e-5, 0.0005988)), (4, (3, 0.000606704, 0.000106928, 0.000714871))]), (63536, 16, 0.000648373, [(4, (0, 0.000467665, 1.036e-5, 0.000478184)), (4, (1, 0.000507919, 4.2636e-5, 0.000550755)), (4, (2, 0.000534785, 3.4075e-5, 0.000569147)), (4, (3, 0.000520654, 8.7297e-5, 0.000608136))]), (63552, 16, 0.000705094, [(4, (0, 0.000520621, 1.8858e-5, 0.000539698)), (4, (1, 0.000589692, 4.2898e-5, 0.00063281)), (4, (2, 0.000595833, 3.1509e-5, 0.000627549)), (4, (3, 0.000570552, 4.7238e-5, 0.000617972))]), (63568, 11, 0.001056036, [(3, (0, 0.000790043, 2.4762e-5, 0.000815073)), (3, (1, 0.000793362, 5.1862e-5, 0.000845544)), (3, (2, 0.000933832, 3.9711e-5, 0.000973729)), (2, (3, 0.000769088, 5.9745e-5, 0.000829202))]), (63584, 10, 0.000744683, [(3, (0, 0.000673411, 4.7019e-5, 0.000720721)), (3, (1, 0.000612863, 0.000118739, 0.000731897)), (2, (2, 0.000450617, 6.2619e-5, 0.000513483)), (2, (3, 0.000509954, 0.000138541, 0.000649026))]), (63600, 16, 0.000813531, [(4, (0, 0.000603683, 2.9393e-5, 0.000633336)), (4, (1, 0.00065577, 0.000130869, 0.000786927)), (4, (2, 0.000654799, 4.4736e-5, 0.000699829)), (4, (3, 0.000652462, 5.8427e-5, 0.000711171))]), (63616, 16, 0.000981173, [(4, (0, 0.000587416, 3.5193e-5, 0.000622813)), (4, (1, 0.000638886, 0.00018814, 0.000827263)), (4, (2, 0.000634365, 0.000178003, 0.000812718)), (4, (3, 0.000681999, 0.000235902, 0.000918949))]), (63632, 13, 0.000716935, [(4, (0, 0.000621798, 5.1297e-5, 0.000673301)), (3, (1, 0.000489408, 0.000107419, 0.000597052)), (3, (2, 0.000548826, 8.5884e-5, 0.000634928)), (3, (3, 0.000566282, 0.000102275, 0.000668995))]), (63648, 15, 0.000918346, [(4, (0, 0.000806296, 2.7312e-5, 0.000833854)), (4, (1, 0.000820343, 5.6999e-5, 0.000877554)), (4, (2, 0.000719779, 4.0461e-5, 0.000760428)), (3, (3, 0.000518619, 5.1554e-5, 0.000570416))]), (63664, 15, 0.000666927, [(4, (0, 0.000491739, 2.9492e-5, 0.000521432)), (4, (1, 0.000584988, 5.7285e-5, 0.000642498)), (4, (2, 0.000539937, 4.4772e-5, 0.000584935)), (3, (3, 0.000424268, 6.5125e-5, 0.00048963))]), (63680, 16, 0.000798294, [(4, (0, 0.000557026, 2.3939e-5, 0.000581257)), (4, (1, 0.00062529, 6.7511e-5, 0.000693192)), (4, (2, 0.00067638, 4.1173e-5, 0.000717865)), (4, (3, 0.000682798, 7.105e-5, 0.000754087))]), (63696, 15, 0.000695806, [(4, (0, 0.000572615, 2.1376e-5, 0.000594285)), (4, (1, 0.00059972, 6.8275e-5, 0.000668347)), (4, (2, 0.000567194, 3.8912e-5, 0.000606603)), (3, (3, 0.000314273, 4.9726e-5, 0.000364186))]), (63712, 16, 0.000742218, [(4, (0, 0.000599921, 3.423e-5, 0.00063441)), (4, (1, 0.000647274, 6.994e-5, 0.000717535)), (4, (2, 0.000607854, 5.3391e-5, 0.000661476)), (4, (3, 0.000630342, 7.3543e-5, 0.00070408))]), (63728, 15, 0.000676149, [(4, (0, 0.000534132, 2.1706e-5, 0.000556096)), (4, (1, 0.000545878, 5.1775e-5, 0.00059786)), (4, (2, 0.000592023, 3.7327e-5, 0.000629619)), (3, (3, 0.000448753, 5.654e-5, 0.000505522))]), (63744, 16, 0.000704134, [(4, (0, 0.00059517, 1.1906e-5, 0.000607288)), (4, (1, 0.000628672, 4.7856e-5, 0.00067673)), (4, (2, 0.000510446, 3.237e-5, 0.000543202)), (4, (3, 0.000442819, 4.3894e-5, 0.000486971))]), (63760, 15, 0.000897753, [(4, (0, 0.000541111, 2.9886e-5, 0.000571301)), (4, (1, 0.000606382, 6.1132e-5, 0.000667751)), (4, (2, 0.000676275, 4.6882e-5, 0.000723431)), (3, (3, 0.000783002, 6.7716e-5, 0.000851))]), (63776, 15, 0.001339521, [(4, (0, 0.001305141, 3.1533e-5, 0.001336989)), (4, (1, 0.000548431, 6.2239e-5, 0.000611038)), (4, (2, 0.000624563, 4.6568e-5, 0.000671413)), (3, (3, 0.000499301, 6.6872e-5, 0.000566406))]), (63792, 16, 0.000817031, [(4, (0, 0.000582941, 4.0965e-5, 0.000624161)), (4, (1, 0.000642274, 9.2799e-5, 0.000735348)), (4, (2, 0.000665835, 6.2202e-5, 0.000728428)), (4, (3, 0.000684656, 8.7469e-5, 0.000772428))]), (63808, 16, 0.000699804, [(4, (0, 0.000587598, 4.1919e-5, 0.000629791)), (4, (1, 0.000585587, 8.2851e-5, 0.000668732)), (4, (2, 0.000491308, 6.0883e-5, 0.000552684)), (4, (3, 0.000481004, 7.6607e-5, 0.000557926))]), (63824, 14, 0.000813135, [(4, (0, 0.000418667, 3.5843e-5, 0.000454782)), (4, (1, 0.000695578, 8.1265e-5, 0.000777213)), (3, (2, 0.000466441, 5.3168e-5, 0.000519989)), (3, (3, 0.000524042, 7.123e-5, 0.000595626))]), (63840, 15, 0.000688843, [(4, (0, 0.000536938, 3.9281e-5, 0.000576484)), (4, (1, 0.00054826, 8.3756e-5, 0.000632296)), (4, (2, 0.000611106, 5.8805e-5, 0.000670167)), (3, (3, 0.000485137, 7.7312e-5, 0.000562768))]), (63856, 16, 0.000990128, [(4, (0, 0.000955768, 3.2809e-5, 0.000988846)), (4, (1, 0.000668819, 6.4577e-5, 0.000733615)), (4, (2, 0.000690638, 5.2434e-5, 0.000743307)), (4, (3, 0.000612024, 7.2944e-5, 0.000685197))]), (63872, 15, 0.000685039, [(4, (0, 0.000547787, 3.3544e-5, 0.000581614)), (4, (1, 0.000580332, 7.2612e-5, 0.000653311)), (4, (2, 0.000549714, 5.4031e-5, 0.000603968)), (3, (3, 0.000486723, 8.0676e-5, 0.000567764))]), (63888, 15, 0.00071524, [(4, (0, 0.000523389, 3.0783e-5, 0.000554418)), (4, (1, 0.000620779, 6.4392e-5, 0.000685451)), (4, (2, 0.00065885, 4.8981e-5, 0.000708075)), (3, (3, 0.00042741, 7.5206e-5, 0.000502995))]), (63904, 16, 0.000805265, [(4, (0, 0.000726057, 3.1453e-5, 0.000757792)), (4, (1, 0.000709389, 6.6611e-5, 0.000776414)), (4, (2, 0.00059241, 4.9962e-5, 0.000642634)), (4, (3, 0.000689708, 7.1554e-5, 0.000761495))]), (63920, 16, 0.000834467, [(4, (0, 0.000713435, 3.6119e-5, 0.000749798)), (4, (1, 0.000724761, 7.6732e-5, 0.000801912)), (4, (2, 0.000528274, 5.3871e-5, 0.000582496)), (4, (3, 0.000571216, 6.6694e-5, 0.000638124))]), (63936, 16, 0.000795302, [(4, (0, 0.000567787, 2.48e-5, 0.000592804)), (4, (1, 0.000705757, 5.4815e-5, 0.000761001)), (4, (2, 0.000643397, 4.087e-5, 0.000684508)), (4, (3, 0.00064808, 6.4405e-5, 0.000712772))]), (63952, 16, 0.000758545, [(4, (0, 0.000594294, 2.5273e-5, 0.000619855)), (4, (1, 0.000671693, 5.3632e-5, 0.000725732)), (4, (2, 0.000664308, 4.217e-5, 0.000706898)), (4, (3, 0.000595913, 5.8294e-5, 0.000654434))]), (63968, 16, 0.000790476, [(4, (0, 0.000552599, 3.0145e-5, 0.000582969)), (4, (1, 0.000694418, 6.0178e-5, 0.00075488)), (4, (2, 0.000684452, 4.7221e-5, 0.000731913)), (4, (3, 0.000655064, 6.7789e-5, 0.000723087))]), (63984, 16, 0.000798056, [(4, (0, 0.000589977, 2.0362e-5, 0.000610601)), (4, (1, 0.000680569, 8.4204e-5, 0.000765152)), (4, (2, 0.000648736, 4.2071e-5, 0.000691155)), (4, (3, 0.000624789, 5.2188e-5, 0.000677215))]), (64000, 14, 0.000748066, [(4, (0, 0.00063772, 2.6763e-5, 0.000664756)), (4, (1, 0.000648629, 6.9551e-5, 0.000718512)), (3, (2, 0.000474237, 4.1509e-5, 0.000516079)), (3, (3, 0.000479807, 5.4743e-5, 0.000534839))]), (64016, 11, 0.000682697, [(3, (0, 0.000523271, 3.0399e-5, 0.000553996)), (3, (1, 0.000504383, 6.4522e-5, 0.000569207)), (3, (2, 0.000600992, 4.9034e-5, 0.000650276)), (2, (3, 0.000437253, 7.1708e-5, 0.000509271))]), (64032, 15, 0.000749267, [(4, (0, 0.000718285, 2.9614e-5, 0.000748158)), (4, (1, 0.000615235, 6.2177e-5, 0.000677666)), (4, (2, 0.000590899, 4.7843e-5, 0.000638987)), (3, (3, 0.000398059, 6.936e-5, 0.000467649))]), (64048, 16, 0.000904734, [(4, (0, 0.000697167, 3.4148e-5, 0.000731535)), (4, (1, 0.000804428, 6.8215e-5, 0.000873026)), (4, (2, 0.000682988, 4.9368e-5, 0.000732579)), (4, (3, 0.000741187, 7.128e-5, 0.000812714))]), (64064, 16, 0.000812185, [(4, (0, 0.00059474, 3.6033e-5, 0.000631005)), (4, (1, 0.000707871, 7.2377e-5, 0.000780728)), (4, (2, 0.000722901, 5.4791e-5, 0.000778108)), (4, (3, 0.000688965, 7.8361e-5, 0.000767539))]), (64080, 16, 0.0006157, [(4, (0, 0.000514836, 2.4613e-5, 0.000539719)), (4, (1, 0.000532034, 5.5536e-5, 0.00058782)), (4, (2, 0.000495037, 4.2448e-5, 0.0005378)), (4, (3, 0.000512716, 6.1924e-5, 0.000574859))]), (64096, 15, 0.00075664, [(4, (0, 0.000572909, 2.3756e-5, 0.000596995)), (4, (1, 0.000670093, 5.5097e-5, 0.000725494)), (4, (2, 0.000655919, 4.0422e-5, 0.000696604)), (3, (3, 0.00046483, 6.177e-5, 0.00052696))]), (64112, 16, 0.000718457, [(4, (0, 0.000586863, 2.1305e-5, 0.000608502)), (4, (1, 0.000590445, 5.9764e-5, 0.000650461)), (4, (2, 0.00061406, 3.7157e-5, 0.000651462)), (4, (3, 0.000598809, 6.7534e-5, 0.000666584))]), (64128, 16, 0.000655713, [(4, (0, 0.000504955, 1.9306e-5, 0.000524491)), (4, (1, 0.000572318, 4.8794e-5, 0.000621332)), (4, (2, 0.000517237, 3.5799e-5, 0.000553389)), (4, (3, 0.000555077, 5.6429e-5, 0.000611759))]), (64144, 16, 0.000965782, [(4, (0, 0.000570228, 2.0422e-5, 0.00059091)), (4, (1, 0.000623892, 4.8656e-5, 0.000672794)), (4, (2, 0.000627142, 3.8077e-5, 0.000665436)), (4, (3, 0.000871893, 5.3498e-5, 0.000925705))]), (64160, 7, 0.00103732, [(2, (0, 0.000874792, 2.7086e-5, 0.000902067)), (2, (1, 0.000945931, 6.1622e-5, 0.001007918)), (2, (2, 0.000706428, 4.2609e-5, 0.000749261)), (1, (3, 0.000477242, 6.3325e-5, 0.000540832))]), (64176, 14, 0.000744065, [(4, (0, 0.000573603, 1.9935e-5, 0.000593733)), (4, (1, 0.000654868, 4.5852e-5, 0.000700958)), (3, (2, 0.000473228, 3.5019e-5, 0.000508526)), (3, (3, 0.000470553, 5.1704e-5, 0.000522514))]), (64192, 15, 0.000881365, [(4, (0, 0.000857056, 2.3117e-5, 0.000880411)), (4, (1, 0.000704721, 5.2322e-5, 0.000757271)), (4, (2, 0.000680794, 3.6858e-5, 0.000717862)), (3, (3, 0.00050693, 5.5701e-5, 0.000562845))]), (64208, 8, 0.000395157, [(2, (0, 0.000268947, 2.2068e-5, 0.000291254)), (2, (1, 0.000316493, 5.3696e-5, 0.000370383)), (2, (2, 0.00033817, 4.5767e-5, 0.000384299)), (2, (3, 0.000310311, 5.8305e-5, 0.000368821))]), (64224, 15, 0.000738434, [(4, (0, 0.000470842, 2.0915e-5, 0.000491973)), (4, (1, 0.000660252, 4.7511e-5, 0.000707962)), (4, (2, 0.000508467, 3.5268e-5, 0.000543979)), (3, (3, 0.000326936, 5.2177e-5, 0.00037931))]), (64240, 14, 0.000703062, [(4, (0, 0.000500138, 3.1269e-5, 0.000531617)), (4, (1, 0.000595851, 7.7342e-5, 0.000673428)), (3, (2, 0.000589979, 5.9385e-5, 0.000649669)), (3, (3, 0.000397695, 7.0144e-5, 0.000468041))]), (64256, 15, 0.001151483, [(4, (0, 0.000744499, 3.5552e-5, 0.00078026)), (4, (1, 0.001002565, 7.084e-5, 0.001073657)), (4, (2, 0.000870747, 5.8205e-5, 0.000929228)), (3, (3, 0.000741328, 7.3919e-5, 0.000815608))]), (64272, 16, 0.000879529, [(4, (0, 0.000637806, 2.354e-5, 0.000661593)), (4, (1, 0.000707174, 5.3121e-5, 0.000760492)), (4, (2, 0.000742761, 3.9648e-5, 0.000782822)), (4, (3, 0.000770685, 6.1849e-5, 0.000833026))]), (64288, 16, 0.000875697, [(4, (0, 0.00059542, 3.1976e-5, 0.00062762)), (4, (1, 0.000777452, 6.3084e-5, 0.000840779)), (4, (2, 0.000799449, 4.8568e-5, 0.000848242)), (4, (3, 0.000732527, 7.1568e-5, 0.000804445))]), (64304, 16, 0.000927709, [(4, (0, 0.000667819, 3.4391e-5, 0.000702424)), (4, (1, 0.000820738, 8.18e-5, 0.000902798)), (4, (2, 0.000712317, 6.2666e-5, 0.000775305)), (4, (3, 0.000739808, 7.9062e-5, 0.000819289))]), (64320, 16, 0.000844805, [(4, (0, 0.000625175, 2.35e-5, 0.000648894)), (4, (1, 0.000723165, 5.9252e-5, 0.000782615)), (4, (2, 0.000680729, 3.7756e-5, 0.000718721)), (4, (3, 0.000751933, 5.7206e-5, 0.000809413))]), (64336, 16, 0.000880061, [(4, (0, 0.000684144, 2.6853e-5, 0.000711239)), (4, (1, 0.000793919, 5.5287e-5, 0.000849398)), (4, (2, 0.000740749, 3.961e-5, 0.00078055)), (4, (3, 0.000666523, 6.0042e-5, 0.000726864))]), (64352, 14, 0.000865613, [(4, (0, 0.000825266, 3.9111e-5, 0.000864604)), (4, (1, 0.000702502, 7.2077e-5, 0.000774879)), (3, (2, 0.000478767, 5.9417e-5, 0.000538481)), (3, (3, 0.000575213, 8.2607e-5, 0.000658152))]), (64368, 16, 0.00079567, [(4, (0, 0.000587378, 2.562e-5, 0.000613236)), (4, (1, 0.000677172, 5.7767e-5, 0.00073522)), (4, (2, 0.000621653, 4.2798e-5, 0.000664927)), (4, (3, 0.000638729, 6.2877e-5, 0.000702014))]), (64384, 16, 0.000941757, [(4, (0, 0.000785294, 2.7276e-5, 0.0008128)), (4, (1, 0.000852556, 5.847e-5, 0.000911322)), (4, (2, 0.000834835, 4.1801e-5, 0.000876967)), (4, (3, 0.000715602, 8.259e-5, 0.000798459))]), (64400, 15, 0.001184393, [(4, (0, 0.000817769, 6.012e-5, 0.000878119)), (4, (1, 0.00078953, 0.000135377, 0.000925213)), (4, (2, 0.00106893, 9.1569e-5, 0.001160733)), (3, (3, 0.000513283, 9.6824e-5, 0.000610317))]), (64416, 14, 0.001129533, [(4, (0, 0.000921919, 3.1031e-5, 0.000953159)), (4, (1, 0.001044636, 6.0801e-5, 0.001105634)), (3, (2, 0.00066965, 4.4556e-5, 0.000714402)), (3, (3, 0.000709925, 0.000112343, 0.000822507))]), (64432, 16, 0.00102866, [(4, (0, 0.000813979, 3.4349e-5, 0.000848553)), (4, (1, 0.000786306, 6.3528e-5, 0.000850053)), (4, (2, 0.000737239, 4.8853e-5, 0.000786327)), (4, (3, 0.000911678, 7.1955e-5, 0.00098392))]), (64448, 13, 0.000879929, [(4, (0, 0.000855608, 2.3237e-5, 0.000879072)), (3, (1, 0.000658118, 5.0222e-5, 0.000708663)), (3, (2, 0.000713812, 3.5789e-5, 0.000749795)), (3, (3, 0.00046508, 5.5888e-5, 0.000521214))]), (64464, 16, 0.001022365, [(4, (0, 0.000624388, 2.5765e-5, 0.000650377)), (4, (1, 0.000664473, 5.9816e-5, 0.000724518)), (4, (2, 0.000956126, 4.2653e-5, 0.000998993)), (4, (3, 0.000670664, 7.0314e-5, 0.000741216))]), (64480, 16, 0.000750013, [(4, (0, 0.000721616, 2.7482e-5, 0.000749314)), (4, (1, 0.000553154, 4.6576e-5, 0.000599982)), (4, (2, 0.000554988, 5.8223e-5, 0.000613451)), (4, (3, 0.000525309, 6.4165e-5, 0.00058968))]), (64496, 15, 0.000851606, [(4, (0, 0.000500011, 2.4621e-5, 0.000524862)), (4, (1, 0.000643844, 5.496e-5, 0.000699048)), (4, (2, 0.000784718, 4.1272e-5, 0.00082621)), (3, (3, 0.000443236, 6.827e-5, 0.000511815))]), (64512, 16, 0.000856938, [(4, (0, 0.000604522, 7.669e-6, 0.000612374)), (4, (1, 0.000760927, 7.0415e-5, 0.00083158)), (4, (2, 0.000598702, 1.3814e-5, 0.000613112)), (4, (3, 0.000584298, 2.3619e-5, 0.000608122))]), (64528, 15, 0.0009327, [(4, (0, 0.000903952, 2.7677e-5, 0.00093188)), (4, (1, 0.000712656, 5.7737e-5, 0.000770651)), (4, (2, 0.000803961, 4.2251e-5, 0.000846404)), (3, (3, 0.000513185, 6.5823e-5, 0.000579233))]), (64544, 13, 0.001061577, [(4, (0, 0.001032252, 2.7019e-5, 0.001059502)), (3, (1, 0.000661523, 0.000122071, 0.000783832)), (3, (2, 0.000713182, 4.6414e-5, 0.000759798)), (3, (3, 0.000494419, 0.000129072, 0.000623738))]), (64560, 16, 0.000781069, [(4, (0, 0.000583588, 2.5734e-5, 0.000609608)), (4, (1, 0.000598077, 7.4782e-5, 0.000673172)), (4, (2, 0.000665016, 4.845e-5, 0.000713761)), (4, (3, 0.000572394, 6.8768e-5, 0.000641543))]), (64576, 15, 0.000959366, [(4, (0, 0.000698605, 4.1237e-5, 0.000740113)), (4, (1, 0.000696561, 0.000121506, 0.000818343)), (4, (2, 0.000875848, 5.5557e-5, 0.000931638)), (3, (3, 0.000523341, 0.000111354, 0.000634927))]), (64592, 16, 0.000681079, [(4, (0, 0.000466761, 2.8681e-5, 0.000495694)), (4, (1, 0.000491263, 6.0535e-5, 0.000552049)), (4, (2, 0.000500395, 4.1473e-5, 0.000542056)), (4, (3, 0.00057837, 6.5172e-5, 0.000643757))]), (64608, 15, 0.000945671, [(4, (0, 0.000618992, 2.8726e-5, 0.000647976)), (4, (1, 0.000761811, 6.2182e-5, 0.000824214)), (4, (2, 0.000876444, 4.159e-5, 0.000918239)), (3, (3, 0.000776736, 5.4231e-5, 0.000831175))]), (64624, 15, 0.000712831, [(4, (0, 0.000636913, 2.0754e-5, 0.000657896)), (4, (1, 0.000603146, 4.8528e-5, 0.000651873)), (4, (2, 0.000651906, 3.3979e-5, 0.000686078)), (3, (3, 0.000415002, 5.8409e-5, 0.000473654))]), (64640, 16, 0.001100102, [(4, (0, 0.000622779, 3.451e-5, 0.000657499)), (4, (1, 0.000913663, 0.000116732, 0.001030728)), (4, (2, 0.000650755, 4.8479e-5, 0.000699421)), (4, (3, 0.00089404, 0.000158126, 0.001052411))]), (64656, 16, 0.000735819, [(4, (0, 0.000480409, 3.1866e-5, 0.000512483)), (4, (1, 0.000501476, 0.000106467, 0.000608211)), (4, (2, 0.000526442, 4.8142e-5, 0.000574817)), (4, (3, 0.000586248, 0.000110559, 0.00069702))]), (64672, 14, 0.000822148, [(4, (0, 0.000792032, 2.9068e-5, 0.000821329)), (4, (1, 0.000661226, 6.0909e-5, 0.000722377)), (3, (2, 0.000696353, 4.7359e-5, 0.000743944)), (3, (3, 0.00067969, 6.8345e-5, 0.000748261))]), (64688, 15, 0.00076375, [(4, (0, 0.000559591, 1.9427e-5, 0.000579238)), (4, (1, 0.000685732, 4.8625e-5, 0.000734581)), (4, (2, 0.000683513, 3.5007e-5, 0.000718743)), (3, (3, 0.000461228, 5.6232e-5, 0.00051765))]), (64704, 13, 0.001013408, [(4, (0, 0.00057069, 3.3112e-5, 0.000604097)), (3, (1, 0.000908675, 6.6803e-5, 0.000975724)), (3, (2, 0.000513306, 4.482e-5, 0.000558322)), (3, (3, 0.000527815, 6.0827e-5, 0.000588848))]), (64720, 16, 0.000719753, [(4, (0, 0.000607817, 1.7514e-5, 0.000625565)), (4, (1, 0.000632555, 5.8413e-5, 0.000691274)), (4, (2, 0.000624458, 3.5642e-5, 0.000660334)), (4, (3, 0.000575803, 5.0599e-5, 0.000626628))]), (64736, 16, 0.000998246, [(4, (0, 0.000815355, 3.2419e-5, 0.000847987)), (4, (1, 0.000642386, 6.7283e-5, 0.000709939)), (4, (2, 0.000923245, 4.5974e-5, 0.000969423)), (4, (3, 0.000875183, 5.8926e-5, 0.000934359))]), (64752, 16, 0.000966247, [(4, (0, 0.000737061, 2.7667e-5, 0.000764949)), (4, (1, 0.000820185, 5.3173e-5, 0.00087355)), (4, (2, 0.000713797, 4.0484e-5, 0.000754471)), (4, (3, 0.000760128, 0.000105781, 0.00086666))]), (64768, 13, 0.000883753, [(4, (0, 0.000855299, 2.6745e-5, 0.000882269)), (3, (1, 0.000462192, 6.7433e-5, 0.000529835)), (3, (2, 0.00055434, 4.9522e-5, 0.000604088)), (3, (3, 0.000557705, 7.1874e-5, 0.000629762))]), (64784, 15, 0.000852995, [(4, (0, 0.000555356, 3.1683e-5, 0.00058725)), (4, (1, 0.000728445, 9.8615e-5, 0.00082726)), (4, (2, 0.00066168, 4.8461e-5, 0.000710389)), (3, (3, 0.000410925, 0.000109204, 0.000520419))]), (64800, 15, 0.000930789, [(4, (0, 0.000643916, 2.294e-5, 0.000667063)), (4, (1, 0.000786384, 4.3892e-5, 0.000830482)), (4, (2, 0.000871432, 3.0287e-5, 0.000901944)), (3, (3, 0.000674254, 3.9042e-5, 0.000713533))]), (64816, 14, 0.000825861, [(4, (0, 0.000793847, 3.0865e-5, 0.000824972)), (4, (1, 0.000709584, 5.6382e-5, 0.000766151)), (3, (2, 0.000456445, 4.4137e-5, 0.000500795)), (3, (3, 0.000453304, 6.2685e-5, 0.000516177))]), (64832, 15, 0.000656056, [(4, (0, 0.000509782, 2.9983e-5, 0.000539975)), (4, (1, 0.00056787, 6.29e-5, 0.000630987)), (4, (2, 0.000581447, 4.9546e-5, 0.000631227)), (3, (3, 0.000387396, 0.000133417, 0.000521027))]), (64848, 16, 0.00076437, [(4, (0, 0.000616021, 2.3229e-5, 0.000639496)), (4, (1, 0.000685606, 6.394e-5, 0.000749939)), (4, (2, 0.000503863, 3.5429e-5, 0.000539468)), (4, (3, 0.000641278, 6.9061e-5, 0.000710592))]), (64864, 1, 0.000313287, [(1, (0, 0.000284689, 2.783e-5, 0.000312729)), (0, (1, 5.2e-8, 4.9706e-5, 4.9881e-5)), (0, (2, 1.4e-7, 4.8367e-5, 4.8719e-5)), (0, (3, 5.2e-8, 4.909e-5, 4.9243e-5))]), (64880, 5, 0.000283811, [(2, (0, 0.000248181, 1.8502e-5, 0.000266911)), (1, (1, 0.000136848, 0.00013707, 0.000274752)), (1, (2, 0.000126141, 3.3511e-5, 0.000159878)), (1, (3, 0.000128768, 9.2168e-5, 0.000221124))]), (64896, 15, 0.000778516, [(4, (0, 0.000576075, 2.6269e-5, 0.000602655)), (4, (1, 0.000603798, 6.0101e-5, 0.000664093)), (4, (2, 0.00066281, 4.1192e-5, 0.000704263)), (3, (3, 0.000494992, 5.2887e-5, 0.000548091))]), (64912, 14, 0.001321584, [(4, (0, 0.000664563, 2.6571e-5, 0.000691369)), (4, (1, 0.001239471, 5.2387e-5, 0.001292087)), (3, (2, 0.000509154, 3.8981e-5, 0.000548364)), (3, (3, 0.000592817, 5.967e-5, 0.000652697))]), (64928, 16, 0.001189415, [(4, (0, 0.000730278, 2.4754e-5, 0.000755253)), (4, (1, 0.001048678, 6.4916e-5, 0.00111379)), (4, (2, 0.000868605, 4.1732e-5, 0.000910553)), (4, (3, 0.000852762, 7.1434e-5, 0.000924439))]), (64944, 16, 0.000641972, [(4, (0, 0.000476655, 2.3161e-5, 0.000500015)), (4, (1, 0.00052082, 5.0849e-5, 0.00057185)), (4, (2, 0.000522676, 4.1142e-5, 0.00056406)), (4, (3, 0.000513717, 9.5881e-5, 0.000610219))]), (64960, 16, 0.00079535, [(4, (0, 0.000769448, 2.4765e-5, 0.000794412)), (4, (1, 0.00068836, 5.3474e-5, 0.000742032)), (4, (2, 0.000668735, 3.9633e-5, 0.000708558)), (4, (3, 0.000650401, 5.8228e-5, 0.000708841))]), (64976, 16, 0.000916595, [(4, (0, 0.000477547, 4.0369e-5, 0.000518129)), (4, (1, 0.000510167, 7.0853e-5, 0.000581245)), (4, (2, 0.000639397, 5.3617e-5, 0.000693223)), (4, (3, 0.000792687, 7.8306e-5, 0.00087123))]), (64992, 16, 0.000810373, [(4, (0, 0.000570128, 1.4006e-5, 0.00058432)), (4, (1, 0.00053563, 3.6055e-5, 0.00057189)), (4, (2, 0.000537682, 3.476e-5, 0.000573241)), (4, (3, 0.000671981, 4.1774e-5, 0.000713963))]), (65008, 16, 0.000705738, [(4, (0, 0.000465071, 2.673e-5, 0.000492048)), (4, (1, 0.000562497, 5.4597e-5, 0.000617326)), (4, (2, 0.000605273, 4.1482e-5, 0.00064701)), (4, (3, 0.00057235, 9.3809e-5, 0.000667042))]), (65024, 16, 0.000874193, [(4, (0, 0.000609808, 1.5333e-5, 0.000625322)), (4, (1, 0.000803993, 4.3566e-5, 0.000847789)), (4, (2, 0.000682361, 2.5586e-5, 0.000708195)), (4, (3, 0.000635066, 3.4522e-5, 0.000669797))]), (65040, 13, 0.000963879, [(4, (0, 0.000940827, 2.1906e-5, 0.000962943)), (3, (1, 0.000458673, 0.000101241, 0.000560098)), (3, (2, 0.000496371, 8.0049e-5, 0.000576626)), (3, (3, 0.000510545, 9.5871e-5, 0.000606717))]), (65056, 16, 0.00138621, [(4, (0, 0.000633216, 2.3859e-5, 0.000657276)), (4, (1, 0.00073452, 9.3224e-5, 0.000828031)), (4, (2, 0.001283831, 7.8396e-5, 0.001362399)), (4, (3, 0.00097858, 0.000100266, 0.001079089))]), (65072, 16, 0.000967977, [(4, (0, 0.000678007, 3.0648e-5, 0.00070884)), (4, (1, 0.000660253, 4.7324e-5, 0.000707838)), (4, (2, 0.000714592, 6.345e-5, 0.00077842)), (4, (3, 0.000830872, 6.9631e-5, 0.000900736))]), (65088, 15, 0.000839492, [(4, (0, 0.00071153, 2.2893e-5, 0.000734626)), (4, (1, 0.000763531, 5.118e-5, 0.000814936)), (4, (2, 0.000646481, 3.7832e-5, 0.000684501)), (3, (3, 0.000598629, 5.8458e-5, 0.000657334))]), (65104, 15, 0.00073175, [(4, (0, 0.000565578, 2.7176e-5, 0.00059295)), (4, (1, 0.000644709, 5.9732e-5, 0.00070462)), (4, (2, 0.000539167, 4.0302e-5, 0.000579679)), (3, (3, 0.000490223, 5.31e-5, 0.000543563))]), (65120, 16, 0.000802996, [(4, (0, 0.000608481, 2.5988e-5, 0.000634768)), (4, (1, 0.0006099, 5.3963e-5, 0.000664165)), (4, (2, 0.000664834, 4.1493e-5, 0.000706519)), (4, (3, 0.000633234, 0.000102349, 0.000735793))]), (65136, 15, 0.000990095, [(4, (0, 0.000965333, 2.3652e-5, 0.000989196)), (4, (1, 0.000801389, 4.9115e-5, 0.000850706)), (4, (2, 0.000773902, 3.5802e-5, 0.000809877)), (3, (3, 0.000509161, 5.6496e-5, 0.00056591))]), (65152, 15, 0.000740256, [(4, (0, 0.000584403, 1.8745e-5, 0.000603338)), (4, (1, 0.000611441, 0.000101755, 0.000713413)), (4, (2, 0.000632786, 3.1531e-5, 0.0006645)), (3, (3, 0.000492581, 9.438e-5, 0.000587189))]), (65168, 16, 0.000664945, [(4, (0, 0.000512418, 1.8649e-5, 0.000531259)), (4, (1, 0.000543111, 4.791e-5, 0.000591233)), (4, (2, 0.000532992, 3.3806e-5, 0.000567002)), (4, (3, 0.000510794, 9.7641e-5, 0.000609307))]), (65184, 14, 0.000664059, [(4, (0, 0.000487904, 2.503e-5, 0.000513159)), (4, (1, 0.000585106, 5.4029e-5, 0.00063935)), (3, (2, 0.000467989, 4.0675e-5, 0.000508876)), (3, (3, 0.000436429, 6.0725e-5, 0.000497369))]), (65200, 16, 0.000684131, [(4, (0, 0.000429406, 2.5329e-5, 0.000454948)), (4, (1, 0.00047652, 8.5735e-5, 0.000562466)), (4, (2, 0.000482203, 4.1735e-5, 0.000524164)), (4, (3, 0.000548597, 9.3534e-5, 0.00064248))]), (65216, 16, 0.00087014, [(4, (0, 0.000663147, 2.5678e-5, 0.000689036)), (4, (1, 0.000676815, 6.1055e-5, 0.000738164)), (4, (2, 0.000709849, 3.8905e-5, 0.000748968)), (4, (3, 0.000753013, 7.3566e-5, 0.000826831))]), (65232, 16, 0.000820369, [(4, (0, 0.000635047, 1.6961e-5, 0.000652185)), (4, (1, 0.000707146, 3.8757e-5, 0.000746097)), (4, (2, 0.000768864, 2.7481e-5, 0.000796606)), (4, (3, 0.000721218, 4.5735e-5, 0.000767166))]), (65248, 14, 0.000677675, [(4, (0, 0.000532127, 2.0986e-5, 0.000553321)), (4, (1, 0.000607455, 4.8512e-5, 0.000656159)), (3, (2, 0.00048986, 3.7273e-5, 0.000527367)), (3, (3, 0.000471388, 5.7174e-5, 0.000528807))]), (65264, 16, 0.000814887, [(4, (0, 0.000686473, 2.525e-5, 0.000711947)), (4, (1, 0.000644153, 5.2283e-5, 0.000696637)), (4, (2, 0.000695496, 4.4887e-5, 0.000740631)), (4, (3, 0.000704975, 6.0562e-5, 0.000765732))]), (65280, 15, 0.000895403, [(4, (0, 0.000678675, 2.9898e-5, 0.000708792)), (4, (1, 0.000720682, 0.000146668, 0.000867564)), (4, (2, 0.000737022, 0.000135931, 0.000873334)), (3, (3, 0.000543207, 0.000156351, 0.00069985))]), (65296, 15, 0.000634886, [(4, (0, 0.000472688, 2.5354e-5, 0.000498253)), (4, (1, 0.00051248, 9.6465e-5, 0.000609188)), (4, (2, 0.000505773, 4.0087e-5, 0.000546071)), (3, (3, 0.00039112, 0.000102557, 0.000493938))]), (65312, 15, 0.000563336, [(4, (0, 0.00044217, 3.1577e-5, 0.00047397)), (4, (1, 0.000501191, 4.0059e-5, 0.000541443)), (4, (2, 0.000492312, 5.3117e-5, 0.000545683)), (3, (3, 0.000371928, 6.1047e-5, 0.000433196))]), (65328, 4, 0.000337536, [(1, (0, 0.000103178, 2.0685e-5, 0.000124073)), (1, (1, 0.000269957, 4.7785e-5, 0.000317948)), (1, (2, 0.000131996, 3.3771e-5, 0.000165979)), (1, (3, 0.000242179, 5.4685e-5, 0.000297083))]), (65344, 15, 0.000820943, [(4, (0, 0.000794412, 2.549e-5, 0.000820115)), (4, (1, 0.000641831, 3.8915e-5, 0.000680952)), (4, (2, 0.000545691, 5.0561e-5, 0.000596469)), (3, (3, 0.000433466, 9.3034e-5, 0.000526756))]), (65360, 16, 0.000783364, [(4, (0, 0.000572512, 2.4631e-5, 0.000597355)), (4, (1, 0.000621497, 6.3297e-5, 0.000684995)), (4, (2, 0.000561031, 3.7464e-5, 0.0005987)), (4, (3, 0.000687119, 6.0249e-5, 0.000747571))]), (65376, 16, 0.001022158, [(4, (0, 0.000997174, 2.4122e-5, 0.00102151)), (4, (1, 0.000692962, 4.9474e-5, 0.000742739)), (4, (2, 0.000542009, 3.619e-5, 0.000578397)), (4, (3, 0.000604881, 5.5622e-5, 0.000660764))]), (65392, 16, 0.000668981, [(4, (0, 0.000497603, 2.2936e-5, 0.000520741)), (4, (1, 0.000556176, 5.7795e-5, 0.000614198)), (4, (2, 0.00055546, 4.1686e-5, 0.000597375)), (4, (3, 0.000537026, 8.8596e-5, 0.000625834))]), (65408, 14, 0.000822429, [(4, (0, 0.00052782, 2.5346e-5, 0.000553384)), (4, (1, 0.000745338, 4.9837e-5, 0.000795361)), (3, (2, 0.000441009, 3.7027e-5, 0.000478211)), (3, (3, 0.000424557, 5.5714e-5, 0.000480475))]), (65424, 14, 0.000986203, [(4, (0, 0.000623201, 2.6042e-5, 0.000649449)), (4, (1, 0.000901256, 5.334e-5, 0.000954795)), (3, (2, 0.00053336, 3.9322e-5, 0.00057289)), (3, (3, 0.000633942, 9.127e-5, 0.000725862))]), (65440, 13, 0.001072144, [(4, (0, 0.000795261, 2.9453e-5, 0.000824942)), (3, (1, 0.000864568, 5.7988e-5, 0.000922756)), (3, (2, 0.001001056, 4.5882e-5, 0.001047163)), (3, (3, 0.000689693, 6.6615e-5, 0.000756749))]), (65456, 15, 0.001007747, [(4, (0, 0.00062044, 1.9967e-5, 0.000640612)), (4, (1, 0.000769218, 3.7329e-5, 0.000806857)), (4, (2, 0.000932186, 5.1386e-5, 0.000983807)), (3, (3, 0.000683231, 5.7369e-5, 0.000740819))]), (65472, 15, 0.001221245, [(4, (0, 0.001129293, 3.2037e-5, 0.001161548)), (4, (1, 0.001038706, 0.000158875, 0.001197788)), (4, (2, 0.000967929, 0.000152171, 0.001120318)), (3, (3, 0.000981723, 0.000156577, 0.001138821))]), (65488, 15, 0.001163843, [(4, (0, 0.000908918, 2.8403e-5, 0.000937527)), (4, (1, 0.000995746, 6.569e-5, 0.001061671)), (4, (2, 0.001094239, 4.3824e-5, 0.001138254)), (3, (3, 0.000847252, 6.9825e-5, 0.000917275))]), (65504, 14, 0.000941883, [(4, (0, 0.000916246, 2.4743e-5, 0.000941198)), (4, (1, 0.000758464, 5.2794e-5, 0.000811485)), (3, (2, 0.000550504, 3.9513e-5, 0.000590246)), (3, (3, 0.000688028, 5.9563e-5, 0.000747952))]), (65520, 13, 0.001035165, [(4, (0, 0.000954784, 2.6647e-5, 0.000981642)), (3, (1, 0.000899678, 0.000110416, 0.001010352)), (3, (2, 0.000593445, 4.1176e-5, 0.000634847)), (3, (3, 0.00047212, 6.1299e-5, 0.000533688))]), (65536, 13, 0.000932723, [(4, (0, 0.000867229, 2.3214e-5, 0.000890638)), (3, (1, 0.000768318, 3.6633e-5, 0.000805175)), (3, (2, 0.00086086, 4.905e-5, 0.000910147)), (3, (3, 0.000452996, 8.0349e-5, 0.000533561))]), (65552, 15, 0.001106844, [(4, (0, 0.000865375, 2.1148e-5, 0.000886768)), (4, (1, 0.000933488, 5.0396e-5, 0.000984157)), (4, (2, 0.001050308, 3.4567e-5, 0.00108508)), (3, (3, 0.00084492, 5.659e-5, 0.000901741))]), (65568, 16, 0.001184757, [(4, (0, 0.000937769, 2.5936e-5, 0.000963917)), (4, (1, 0.00109468, 4.7378e-5, 0.001142342)), (4, (2, 0.001109678, 6.6477e-5, 0.001176354)), (4, (3, 0.001050076, 7.4529e-5, 0.001124816))]), (65584, 13, 0.000853454, [(4, (0, 0.000825868, 2.6536e-5, 0.000852618)), (3, (1, 0.000636912, 6.061e-5, 0.000697758)), (3, (2, 0.000619923, 4.0765e-5, 0.000660875)), (3, (3, 0.000538392, 5.8085e-5, 0.000596719))]), (65600, 15, 0.000967423, [(4, (0, 0.000943584, 2.2795e-5, 0.000966582)), (4, (1, 0.000879777, 7.2007e-5, 0.000951989)), (4, (2, 0.000842964, 5.5579e-5, 0.000898764)), (3, (3, 0.000558631, 7.684e-5, 0.000635659))]), (65616, 13, 0.00091512, [(4, (0, 0.000837763, 2.4813e-5, 0.000862951)), (3, (1, 0.000668654, 5.8753e-5, 0.000727737)), (3, (2, 0.000652241, 3.8321e-5, 0.000690727)), (3, (3, 0.000799001, 7.2985e-5, 0.00087219))]), (65632, 15, 0.001212195, [(4, (0, 0.001039695, 2.7572e-5, 0.001067476)), (4, (1, 0.001124124, 5.8121e-5, 0.001182566)), (4, (2, 0.001112148, 4.4097e-5, 0.001156492)), (3, (3, 0.000808693, 6.5683e-5, 0.000874744))]), (65648, 15, 0.001064784, [(4, (0, 0.000900999, 3.3347e-5, 0.000934609)), (4, (1, 0.000976078, 6.4001e-5, 0.001040271)), (4, (2, 0.000962184, 4.7401e-5, 0.001009795)), (3, (3, 0.00071393, 0.000104326, 0.000819107))]), (65664, 13, 0.000898043, [(4, (0, 0.000827834, 2.7398e-5, 0.000855418)), (3, (1, 0.000507554, 6.2636e-5, 0.000570462)), (3, (2, 0.000618722, 4.3663e-5, 0.00066259)), (3, (3, 0.000790075, 6.9508e-5, 0.000859804))]), (65680, 14, 0.000967433, [(4, (0, 0.000879098, 2.2517e-5, 0.0009018)), (4, (1, 0.000890208, 4.7685e-5, 0.000938188)), (3, (2, 0.000727916, 3.431e-5, 0.000762445)), (3, (3, 0.000724395, 5.4037e-5, 0.000778713))]), (65696, 15, 0.000961573, [(4, (0, 0.00080283, 2.2936e-5, 0.000825966)), (4, (1, 0.000865138, 6.2702e-5, 0.000928053)), (4, (2, 0.000694638, 4.1868e-5, 0.000736802)), (3, (3, 0.000674796, 7.3789e-5, 0.000748829))]), (65712, 12, 0.000757269, [(3, (0, 0.000586999, 2.8582e-5, 0.000615842)), (3, (1, 0.00067351, 5.756e-5, 0.000731272)), (3, (2, 0.000658883, 4.1775e-5, 0.000700868)), (3, (3, 0.000572154, 6.1222e-5, 0.000633638))]), (65728, 14, 0.00102201, [(4, (0, 0.000760334, 3.5324e-5, 0.000795862)), (4, (1, 0.000930838, 6.665e-5, 0.000997719)), (3, (2, 0.000705581, 5.1267e-5, 0.000757136)), (3, (3, 0.000805546, 7.3223e-5, 0.000878985))]), (65744, 15, 0.001111078, [(4, (0, 0.000933737, 2.1867e-5, 0.000955793)), (4, (1, 0.000946209, 0.000102347, 0.001048801)), (4, (2, 0.000947526, 3.5477e-5, 0.000983229)), (3, (3, 0.000943513, 0.000131853, 0.001075889))]), (65760, 15, 0.001317621, [(4, (0, 0.001043232, 2.7274e-5, 0.001070779)), (4, (1, 0.001235813, 5.2504e-5, 0.001288559)), (4, (2, 0.001175387, 3.9449e-5, 0.001215048)), (3, (3, 0.000920219, 9.7197e-5, 0.001017649))]), (65776, 15, 0.001366756, [(4, (0, 0.000881585, 1.86e-5, 0.000900359)), (4, (1, 0.001270914, 6.4726e-5, 0.001335876)), (4, (2, 0.000830647, 4.8045e-5, 0.000879032)), (3, (3, 0.000563449, 5.6587e-5, 0.000620261))]), (65792, 11, 0.000933981, [(3, (0, 0.000788492, 2.6713e-5, 0.000815423)), (3, (1, 0.00076472, 0.000145439, 0.000910717)), (3, (2, 0.000535273, 0.000125834, 0.000661506)), (2, (3, 0.000391915, 0.000189728, 0.000582456))]), (65808, 7, 0.000741547, [(2, (0, 0.000400055, 2.1748e-5, 0.000421997)), (2, (1, 0.000470677, 8.8892e-5, 0.000559802)), (2, (2, 0.00062159, 7.986e-5, 0.000701762)), (1, (3, 0.000271799, 0.000128563, 0.000401143))]), (65824, 12, 0.000953138, [(3, (0, 0.000651524, 3.4599e-5, 0.000686365)), (3, (1, 0.000771706, 0.000126853, 0.000898886)), (3, (2, 0.000898518, 5.0336e-5, 0.000949068)), (3, (3, 0.000578876, 0.000135731, 0.000714964))]), (65840, 15, 0.001025813, [(4, (0, 0.000995726, 2.8891e-5, 0.001024844)), (4, (1, 0.000754535, 9.8044e-5, 0.000852847)), (4, (2, 0.000931032, 5.1452e-5, 0.00098267)), (3, (3, 0.000776331, 0.000107763, 0.00088488))]), (65856, 15, 0.001315643, [(4, (0, 0.000732806, 2.8494e-5, 0.000761508)), (4, (1, 0.001228595, 5.7188e-5, 0.001286017)), (4, (2, 0.000892256, 4.1907e-5, 0.000934368)), (3, (3, 0.000606327, 6.568e-5, 0.000672228))]), (65872, 12, 0.000687922, [(3, (0, 0.000432836, 2.7375e-5, 0.000460417)), (3, (1, 0.000485606, 7.1404e-5, 0.000557344)), (3, (2, 0.000518589, 3.0964e-5, 0.000549769)), (3, (3, 0.000552442, 4.0598e-5, 0.000593242))]), (65888, 16, 0.001022557, [(4, (0, 0.000990809, 3.0594e-5, 0.001021633)), (4, (1, 0.000913685, 0.000106717, 0.001020742)), (4, (2, 0.000923099, 4.6451e-5, 0.000969746)), (4, (3, 0.000876994, 0.000108064, 0.000985257))]), (65904, 14, 0.000762903, [(4, (0, 0.000678257, 2.2232e-5, 0.00070071)), (4, (1, 0.000626418, 0.000113624, 0.00074024)), (3, (2, 0.000501777, 3.4376e-5, 0.000536345)), (3, (3, 0.000612399, 0.000113443, 0.000726178))]), (65920, 15, 0.001152043, [(4, (0, 0.00073499, 2.9811e-5, 0.000765027)), (4, (1, 0.001008459, 0.000115038, 0.001123846)), (4, (2, 0.001068027, 4.2482e-5, 0.001110718)), (3, (3, 0.000804643, 0.000120391, 0.000925295))]), (65936, 16, 0.001402836, [(4, (0, 0.001004726, 3.1157e-5, 0.001036089)), (4, (1, 0.001171087, 0.000162803, 0.001334146)), (4, (2, 0.001154358, 0.000115214, 0.001269916)), (4, (3, 0.001011644, 0.00020679, 0.001218639))]), (65952, 13, 0.000903773, [(4, (0, 0.000873705, 2.8958e-5, 0.000902901)), (3, (1, 0.000753139, 5.5588e-5, 0.000808945)), (3, (2, 0.000849139, 4.2663e-5, 0.000892013)), (3, (3, 0.000620266, 6.0448e-5, 0.000680916))]), (65968, 16, 0.001199554, [(4, (0, 0.001070287, 2.4646e-5, 0.00109519)), (4, (1, 0.000996964, 6.9765e-5, 0.001066969)), (4, (2, 0.000903111, 4.7124e-5, 0.000950575)), (4, (3, 0.001072638, 7.4644e-5, 0.00114747))]), (65984, 15, 0.001256201, [(4, (0, 0.000965784, 2.7798e-5, 0.000993849)), (4, (1, 0.001149671, 3.2741e-5, 0.001182606)), (4, (2, 0.001137462, 5.5528e-5, 0.001193245)), (3, (3, 0.00087601, 0.000126155, 0.001002493))]), (66000, 15, 0.001148699, [(4, (0, 0.000815108, 2.5389e-5, 0.000840759)), (4, (1, 0.001032799, 8.6984e-5, 0.001120002)), (4, (2, 0.000830817, 3.7729e-5, 0.000868753)), (3, (3, 0.000501919, 8.0696e-5, 0.000582908))]), (66016, 10, 0.00056897, [(3, (0, 0.000494915, 3.1158e-5, 0.000526272)), (3, (1, 0.000472029, 7.4389e-5, 0.000546638)), (2, (2, 0.000322328, 6.0552e-5, 0.000383095)), (2, (3, 0.000345005, 0.000115451, 0.0004607))]), (66032, 16, 0.000668089, [(4, (0, 0.000472047, 1.7777e-5, 0.00049003)), (4, (1, 0.000587303, 4.908e-5, 0.000636582)), (4, (2, 0.00048204, 3.2061e-5, 0.000514446)), (4, (3, 0.000589261, 4.2885e-5, 0.000632351))]), (66048, 16, 0.000699449, [(4, (0, 0.000520384, 1.985e-5, 0.000540447)), (4, (1, 0.000625634, 4.4588e-5, 0.000670422)), (4, (2, 0.000569761, 3.1792e-5, 0.000601805)), (4, (3, 0.000542813, 5.0311e-5, 0.00059332))]), (66064, 15, 0.000965141, [(4, (0, 0.000547048, 3.3471e-5, 0.000580763)), (4, (1, 0.000742701, 6.6591e-5, 0.000809533)), (4, (2, 0.000891012, 4.8653e-5, 0.000939878)), (3, (3, 0.000441995, 6.2465e-5, 0.000504659))]), (66080, 15, 0.000824759, [(4, (0, 0.000790021, 3.3763e-5, 0.00082399)), (4, (1, 0.000755477, 6.4261e-5, 0.000819954)), (4, (2, 0.000665256, 5.1346e-5, 0.000716816)), (3, (3, 0.000735201, 6.8241e-5, 0.000803615))]), (66096, 15, 0.001032148, [(4, (0, 0.000799267, 2.9516e-5, 0.000829055)), (4, (1, 0.000601173, 7.7647e-5, 0.000679043)), (4, (2, 0.000920329, 4.4507e-5, 0.00096505)), (3, (3, 0.000416793, 9.0453e-5, 0.000509077))]), (66112, 15, 0.001044384, [(4, (0, 0.000681502, 2.6368e-5, 0.00070809)), (4, (1, 0.00095876, 5.2735e-5, 0.0010118)), (4, (2, 0.000724242, 3.85e-5, 0.00076294)), (3, (3, 0.000557922, 9.9924e-5, 0.00065806))]), (66128, 16, 0.000676412, [(4, (0, 0.000412759, 2.8918e-5, 0.00044189)), (4, (1, 0.000467758, 5.4231e-5, 0.000522214)), (4, (2, 0.000468739, 4.2545e-5, 0.000511473)), (4, (3, 0.000576957, 5.9344e-5, 0.000636494))]), (66144, 15, 0.000735003, [(4, (0, 0.000485181, 3.9649e-5, 0.000525053)), (4, (1, 0.000527838, 6.9967e-5, 0.000598047)), (4, (2, 0.000659829, 5.2934e-5, 0.000712966)), (3, (3, 0.000524026, 7.5141e-5, 0.000599363))]), (66160, 15, 0.000885134, [(4, (0, 0.000692886, 2.3894e-5, 0.000716997)), (4, (1, 0.000737106, 4.9349e-5, 0.00078664)), (4, (2, 0.000827568, 3.5717e-5, 0.000863486)), (3, (3, 0.000462409, 5.5074e-5, 0.000517657))]), (66176, 16, 0.001346717, [(4, (0, 0.000672468, 2.4148e-5, 0.000696822)), (4, (1, 0.00090025, 4.7495e-5, 0.000947943)), (4, (2, 0.000925961, 3.6251e-5, 0.000962446)), (4, (3, 0.001242703, 5.5706e-5, 0.001298609))]), (66192, 11, 0.00125783, [(3, (0, 0.000881447, 2.8307e-5, 0.000909985)), (3, (1, 0.00109817, 9.6401e-5, 0.001194812)), (3, (2, 0.001013826, 4.3574e-5, 0.001057622)), (2, (3, 0.000714422, 0.000100718, 0.000815326))]), (66208, 16, 0.000930771, [(4, (0, 0.000635302, 2.2613e-5, 0.000658116)), (4, (1, 0.000800833, 4.9873e-5, 0.000850933)), (4, (2, 0.00086996, 3.4836e-5, 0.000905003)), (4, (3, 0.000770717, 8.7682e-5, 0.000859128))]), (66224, 16, 0.001162303, [(4, (0, 0.001010138, 2.3549e-5, 0.001033965)), (4, (1, 0.001016138, 5.9622e-5, 0.00107609)), (4, (2, 0.000804052, 3.5575e-5, 0.000839826)), (4, (3, 0.00102889, 6.2685e-5, 0.001091764))]), (66240, 15, 0.000925385, [(4, (0, 0.000764547, 1.9464e-5, 0.000784263)), (4, (1, 0.000851709, 4.9457e-5, 0.000901433)), (4, (2, 0.000871686, 3.2936e-5, 0.000904791)), (3, (3, 0.000645093, 5.4745e-5, 0.000700019))]), (66256, 15, 0.000764663, [(4, (0, 0.000685412, 2.6825e-5, 0.000712452)), (4, (1, 0.000661035, 5.1379e-5, 0.000712637)), (4, (2, 0.000703121, 3.9105e-5, 0.00074241)), (3, (3, 0.000585167, 0.000100372, 0.000685728))]), (66272, 16, 0.001036871, [(4, (0, 0.000786973, 1.8868e-5, 0.000806004)), (4, (1, 0.000960157, 4.3925e-5, 0.00100443)), (4, (2, 0.000971723, 3.0452e-5, 0.001002403)), (4, (3, 0.000948339, 4.8838e-5, 0.000997389))]), (66288, 16, 0.001261454, [(4, (0, 0.000919629, 2.8468e-5, 0.000948312)), (4, (1, 0.001178029, 5.5968e-5, 0.001234227)), (4, (2, 0.001113311, 4.3021e-5, 0.00115653)), (4, (3, 0.00103928, 6.2374e-5, 0.00110184))]), (66304, 15, 0.001152303, [(4, (0, 0.000958951, 2.0063e-5, 0.000979227)), (4, (1, 0.001089171, 3.6918e-5, 0.001126277)), (4, (2, 0.000954867, 0.000105386, 0.001060488)), (3, (3, 0.000609728, 0.000105834, 0.00071583))]), (66320, 16, 0.001127511, [(4, (0, 0.000947575, 1.3399e-5, 0.000961139)), (4, (1, 0.001017938, 7.2864e-5, 0.00109101)), (4, (2, 0.000950818, 5.0848e-5, 0.001001848)), (4, (3, 0.001015075, 6.0701e-5, 0.001075932))]), (66336, 14, 0.001087249, [(4, (0, 0.000830044, 2.925e-5, 0.000859525)), (4, (1, 0.000750512, 0.000117052, 0.000867783)), (3, (2, 0.000651351, 0.00010389, 0.000755574)), (3, (3, 0.000914791, 0.000126298, 0.001041351))]), (66352, 14, 0.001192337, [(4, (0, 0.000756713, 2.6925e-5, 0.000783873)), (4, (1, 0.001120312, 4.2881e-5, 0.001163571)), (3, (2, 0.000836587, 5.4851e-5, 0.00089164)), (3, (3, 0.000532971, 0.000165547, 0.000699129))]), (66368, 14, 0.001169864, [(4, (0, 0.001036777, 1.5588e-5, 0.001052568)), (4, (1, 0.001082813, 5.7655e-5, 0.001140943)), (3, (2, 0.000493989, 3.3895e-5, 0.000528138)), (3, (3, 0.000633264, 4.745e-5, 0.000681094))]), (66384, 15, 0.000825629, [(4, (0, 0.00079713, 2.7474e-5, 0.000824827)), (4, (1, 0.00075668, 4.722e-5, 0.000804192)), (4, (2, 0.000670423, 5.7959e-5, 0.000728681)), (3, (3, 0.000573294, 6.4495e-5, 0.000638007))]), (66400, 15, 0.000996346, [(4, (0, 0.000842492, 2.1393e-5, 0.00086409)), (4, (1, 0.00092185, 5.1908e-5, 0.000974007)), (4, (2, 0.000760678, 3.6849e-5, 0.000797756)), (3, (3, 0.000676107, 5.9939e-5, 0.0007363))]), (66416, 14, 0.000861875, [(4, (0, 0.000695896, 2.0251e-5, 0.000716339)), (4, (1, 0.000785929, 4.8173e-5, 0.000834338)), (3, (2, 0.000589007, 3.2175e-5, 0.000621377)), (3, (3, 0.000461248, 0.000100351, 0.000561924))]), (66432, 14, 0.000691106, [(4, (0, 0.000623651, 2.3767e-5, 0.000647624)), (4, (1, 0.000538619, 5.6203e-5, 0.000595056)), (3, (2, 0.000385761, 3.7981e-5, 0.000423981)), (3, (3, 0.000573197, 6.2065e-5, 0.000635524))]), (66448, 16, 0.000624275, [(4, (0, 0.000433278, 1.9385e-5, 0.000452875)), (4, (1, 0.000431365, 0.000142125, 0.000573801)), (4, (2, 0.000440121, 3.4691e-5, 0.000475021)), (4, (3, 0.000438125, 0.000144265, 0.000582598))]), (66464, 16, 0.000580351, [(4, (0, 0.000405687, 1.7538e-5, 0.000423434)), (4, (1, 0.000424287, 8.2599e-5, 0.000507101)), (4, (2, 0.000481231, 7.458e-5, 0.000556134)), (4, (3, 0.000447447, 8.8237e-5, 0.000535867))]), (66480, 16, 0.000714934, [(4, (0, 0.000461898, 2.4941e-5, 0.000487049)), (4, (1, 0.000438575, 5.2548e-5, 0.000491333)), (4, (2, 0.000653867, 3.9598e-5, 0.000693701)), (4, (3, 0.000446804, 0.000101917, 0.00054895))]), (66496, 16, 0.000648086, [(4, (0, 0.000354857, 1.3277e-5, 0.000368344)), (4, (1, 0.000369226, 0.000137405, 0.00050687)), (4, (2, 0.000401771, 2.5577e-5, 0.000427543)), (4, (3, 0.000523915, 8.1782e-5, 0.000605926))]), (66512, 15, 0.000715413, [(4, (0, 0.000690058, 2.4369e-5, 0.000714625)), (4, (1, 0.000627243, 5.9764e-5, 0.000687214)), (4, (2, 0.000665701, 3.9526e-5, 0.000705492)), (3, (3, 0.000514235, 5.2495e-5, 0.000566909))]), (66528, 16, 0.000857822, [(4, (0, 0.00061713, 2.8296e-5, 0.000645636)), (4, (1, 0.00049874, 5.5791e-5, 0.000554766)), (4, (2, 0.000599772, 4.1059e-5, 0.00064103)), (4, (3, 0.000752333, 6.324e-5, 0.00081583))]), (66544, 11, 0.000617206, [(3, (0, 0.000426077, 3.0324e-5, 0.000456599)), (3, (1, 0.000528292, 6.2636e-5, 0.000591136)), (3, (2, 0.000453064, 4.4121e-5, 0.000497373)), (2, (3, 0.000404042, 5.7124e-5, 0.000461342))]), (66560, 13, 0.000671807, [(4, (0, 0.000637962, 3.2771e-5, 0.000670958)), (3, (1, 0.000373937, 5.8351e-5, 0.00043253)), (3, (2, 0.000459028, 4.4191e-5, 0.000503425)), (3, (3, 0.00034501, 0.000110754, 0.00045604))]), (66576, 16, 0.000661878, [(4, (0, 0.000424772, 2.6165e-5, 0.00045117)), (4, (1, 0.000432812, 5.7242e-5, 0.000490264)), (4, (2, 0.000475516, 3.86e-5, 0.000514312)), (4, (3, 0.000567516, 5.2903e-5, 0.000620617))]), (66592, 16, 0.001020207, [(4, (0, 0.00060071, 2.6588e-5, 0.000627507)), (4, (1, 0.000650407, 5.0172e-5, 0.000700769)), (4, (2, 0.000773949, 3.9529e-5, 0.000813668)), (4, (3, 0.000920783, 5.7198e-5, 0.000978194))]), (66608, 15, 0.001378073, [(4, (0, 0.00087982, 3.2163e-5, 0.000912197)), (4, (1, 0.000963835, 6.3242e-5, 0.00102731)), (4, (2, 0.001291893, 5.183e-5, 0.001343936)), (3, (3, 0.000473546, 6.9708e-5, 0.000543461))]), (66624, 15, 0.000930127, [(4, (0, 0.000897738, 3.1304e-5, 0.00092927)), (4, (1, 0.000863643, 5.693e-5, 0.000920793)), (4, (2, 0.000797317, 4.2858e-5, 0.000840369)), (3, (3, 0.000715301, 6.3476e-5, 0.000778968))]), (66640, 15, 0.000946036, [(4, (0, 0.000916933, 2.8042e-5, 0.000945221)), (4, (1, 0.000833025, 8.4886e-5, 0.000918157)), (4, (2, 0.000661987, 4.0621e-5, 0.000702787)), (3, (3, 0.000453697, 8.6743e-5, 0.000540649))]), (66656, 16, 0.001142763, [(4, (0, 0.000816966, 2.5362e-5, 0.000842556)), (4, (1, 0.001029699, 8.7558e-5, 0.001117498)), (4, (2, 0.000810489, 3.95e-5, 0.000850184)), (4, (3, 0.000780286, 0.000126183, 0.000907175))]), (66672, 16, 0.001000238, [(4, (0, 0.000456864, 2.9656e-5, 0.000486752)), (4, (1, 0.00091483, 6.0778e-5, 0.000975784)), (4, (2, 0.000749254, 4.2932e-5, 0.0007924)), (4, (3, 0.00053136, 5.7565e-5, 0.000589127))]), (66688, 15, 0.001145874, [(4, (0, 0.000739123, 2.4339e-5, 0.000763662)), (4, (1, 0.001062792, 4.7654e-5, 0.001110668)), (4, (2, 0.000707832, 3.5794e-5, 0.00074381)), (3, (3, 0.000551216, 5.2805e-5, 0.000604215))]), (66704, 16, 0.000656376, [(4, (0, 0.000640657, 1.4865e-5, 0.000655686)), (4, (1, 0.000540478, 3.6665e-5, 0.000577336)), (4, (2, 0.000571118, 1.8848e-5, 0.000590164)), (4, (3, 0.000558221, 7.4513e-5, 0.000633437))]), (66720, 16, 0.001311199, [(4, (0, 0.000692822, 3.3922e-5, 0.000726959)), (4, (1, 0.000905926, 5.4381e-5, 0.000960526)), (4, (2, 0.001241034, 4.216e-5, 0.001283387)), (4, (3, 0.000894325, 5.9518e-5, 0.000954023))]), (66736, 15, 0.000908153, [(4, (0, 0.000750819, 2.8458e-5, 0.000779467)), (4, (1, 0.00069303, 0.000110334, 0.000803674)), (4, (2, 0.000822946, 5.2596e-5, 0.000875725)), (3, (3, 0.000736302, 0.000115529, 0.000852039))]), (66752, 16, 0.000983703, [(4, (0, 0.000742053, 2.6326e-5, 0.000768644)), (4, (1, 0.00083861, 0.000102268, 0.000941197)), (4, (2, 0.000623295, 3.6693e-5, 0.000660176)), (4, (3, 0.000569832, 0.000103082, 0.000673114))]), (66768, 16, 0.00087835, [(4, (0, 0.000576619, 2.8003e-5, 0.000604853)), (4, (1, 0.000765776, 9.6662e-5, 0.000862669)), (4, (2, 0.000714072, 4.3097e-5, 0.000757344)), (4, (3, 0.000732673, 0.000105623, 0.000838548))]), (66784, 14, 0.001356426, [(4, (0, 0.000752472, 2.3143e-5, 0.000775867)), (4, (1, 0.00126869, 5.3624e-5, 0.001322548)), (3, (2, 0.000643032, 3.4983e-5, 0.000678206)), (3, (3, 0.000552691, 4.8617e-5, 0.000601499))]), (66800, 16, 0.000991654, [(4, (0, 0.000602472, 3.0443e-5, 0.000633148)), (4, (1, 0.000903822, 6.151e-5, 0.00096552)), (4, (2, 0.000859433, 4.4632e-5, 0.000904341)), (4, (3, 0.000626648, 5.7148e-5, 0.000684003))]), (66816, 16, 0.000950027, [(4, (0, 0.000725181, 3.3275e-5, 0.000758663)), (4, (1, 0.000709317, 0.000129261, 0.000838918)), (4, (2, 0.000851503, 7.3896e-5, 0.000925783)), (4, (3, 0.000817942, 8.0139e-5, 0.000898327))]), (66832, 15, 0.001210562, [(4, (0, 0.000520512, 2.2201e-5, 0.000542915)), (4, (1, 0.000667537, 0.000100799, 0.000768991)), (4, (2, 0.001104781, 3.8103e-5, 0.001143113)), (3, (3, 0.000953708, 5.2355e-5, 0.001006261))]), (66848, 16, 0.000809375, [(4, (0, 0.000702076, 2.8939e-5, 0.000731223)), (4, (1, 0.000730879, 5.5988e-5, 0.000787081)), (4, (2, 0.000612654, 4.0643e-5, 0.000653509)), (4, (3, 0.000634565, 9.1296e-5, 0.00072661))]), (66864, 15, 0.001204604, [(4, (0, 0.001179527, 2.4129e-5, 0.001203894)), (4, (1, 0.000946072, 5.4869e-5, 0.00100111)), (4, (2, 0.000779977, 3.7925e-5, 0.000818091)), (3, (3, 0.000615219, 5.1225e-5, 0.000666679))]), (66880, 16, 0.001093712, [(4, (0, 0.000568198, 2.3946e-5, 0.000592365)), (4, (1, 0.000548929, 5.6446e-5, 0.000605563)), (4, (2, 0.000861804, 4.42e-5, 0.000906225)), (4, (3, 0.000987851, 6.6507e-5, 0.001054615))]), (66896, 16, 0.000959122, [(4, (0, 0.00093526, 2.2927e-5, 0.000958392)), (4, (1, 0.000906445, 4.8559e-5, 0.000955218)), (4, (2, 0.000547131, 3.774e-5, 0.000585097)), (4, (3, 0.000592605, 6.2434e-5, 0.000655382))]), (66912, 16, 0.001833049, [(4, (0, 0.001508248, 2.6688e-5, 0.001535146)), (4, (1, 0.001657568, 0.00014986, 0.001807753)), (4, (2, 0.001656782, 4.643e-5, 0.001703441)), (4, (3, 0.001456925, 0.000198234, 0.0016554))]), (66928, 15, 0.000850758, [(4, (0, 0.000641302, 3.3791e-5, 0.00067531)), (4, (1, 0.000615526, 0.00016914, 0.00078492)), (4, (2, 0.000725714, 4.6773e-5, 0.000772716)), (3, (3, 0.000686488, 0.000123839, 0.000810625))]), (66944, 16, 0.000882931, [(4, (0, 0.000655902, 2.6805e-5, 0.000682913)), (4, (1, 0.000601324, 5.705e-5, 0.000658757)), (4, (2, 0.000695877, 3.9134e-5, 0.000735221)), (4, (3, 0.000734484, 0.000106892, 0.000841688))]), (66960, 16, 0.002202422, [(4, (0, 0.0021698, 3.1393e-5, 0.002201396)), (4, (1, 0.001841423, 0.000104153, 0.001945813)), (4, (2, 0.001913233, 8.5322e-5, 0.001998781)), (4, (3, 0.001707417, 9.7881e-5, 0.001805575))]), (66976, 15, 0.001108947, [(4, (0, 0.000801321, 2.7606e-5, 0.000829128)), (4, (1, 0.000983008, 9.8236e-5, 0.001081957)), (4, (2, 0.000794542, 5.3564e-5, 0.000848365)), (3, (3, 0.000618795, 0.000125191, 0.000744668))]), (66992, 16, 0.000873018, [(4, (0, 0.000700746, 2.9655e-5, 0.000730604)), (4, (1, 0.000589042, 5.1306e-5, 0.000640528)), (4, (2, 0.000666955, 4.2403e-5, 0.000709581)), (4, (3, 0.000627821, 0.000179015, 0.000807139))]), (67008, 14, 0.000878215, [(4, (0, 0.000739168, 2.8375e-5, 0.000767772)), (4, (1, 0.000767413, 4.6727e-5, 0.000814522)), (3, (2, 0.000358519, 6.26e-5, 0.000421323)), (3, (3, 0.000411802, 8.1392e-5, 0.000493593))]), (67024, 16, 0.001033533, [(4, (0, 0.000632167, 4.0755e-5, 0.000673118)), (4, (1, 0.000619249, 0.00015293, 0.000772482)), (4, (2, 0.000939159, 6.5541e-5, 0.001005913)), (4, (3, 0.000847079, 7.4487e-5, 0.000921826))]), (67040, 16, 0.001056791, [(4, (0, 0.000901889, 1.8032e-5, 0.000920117)), (4, (1, 0.000955519, 7.4407e-5, 0.001030091)), (4, (2, 0.00091369, 5.8075e-5, 0.000971991)), (4, (3, 0.00094127, 7.9882e-5, 0.001021335))]), (67056, 12, 0.000594574, [(3, (0, 0.000466057, 1.4272e-5, 0.000480513)), (3, (1, 0.000497382, 2.5881e-5, 0.000523459)), (3, (2, 0.000443222, 4.1011e-5, 0.000484453)), (3, (3, 0.000440321, 9.6225e-5, 0.000536841))]), (67072, 16, 0.000561481, [(4, (0, 0.000404714, 1.2677e-5, 0.000417537)), (4, (1, 0.000471509, 5.144e-5, 0.000523322)), (4, (2, 0.000437361, 3.4522e-5, 0.000472096)), (4, (3, 0.000479656, 5.4369e-5, 0.000534195))]), (67088, 16, 0.000583663, [(4, (0, 0.000474426, 2.1006e-5, 0.000495676)), (4, (1, 0.000510818, 5.3952e-5, 0.000564996)), (4, (2, 0.000536064, 3.3192e-5, 0.000569478)), (4, (3, 0.00053396, 4.7359e-5, 0.000581528))]), (67104, 16, 0.000654787, [(4, (0, 0.000478694, 1.8015e-5, 0.000496928)), (4, (1, 0.000587378, 4.22e-5, 0.000629765)), (4, (2, 0.000517734, 3.0021e-5, 0.000547925)), (4, (3, 0.00050917, 4.7457e-5, 0.000556811))]), (67120, 16, 0.000575319, [(4, (0, 0.000464261, 1.5285e-5, 0.000479755)), (4, (1, 0.000509187, 4.4573e-5, 0.000553951)), (4, (2, 0.000489262, 2.7236e-5, 0.000516666)), (4, (3, 0.00050894, 3.9622e-5, 0.000548737))]), (67136, 15, 0.001076278, [(4, (0, 0.000557053, 3.7588e-5, 0.000594843)), (4, (1, 0.000944521, 6.87e-5, 0.001013405)), (4, (2, 0.000783777, 5.6716e-5, 0.000840698)), (3, (3, 0.000730207, 8.2482e-5, 0.000812982))]), (67152, 15, 0.001164901, [(4, (0, 0.001134732, 2.8139e-5, 0.001163126)), (4, (1, 0.00062809, 7.0828e-5, 0.000699212)), (4, (2, 0.000920774, 5.7807e-5, 0.000978768)), (3, (3, 0.00057741, 7.4949e-5, 0.00065256))]), (67168, 16, 0.000946464, [(4, (0, 0.000561366, 3.6954e-5, 0.000598552)), (4, (1, 0.000651615, 0.000127781, 0.000779592)), (4, (2, 0.000806112, 0.000115097, 0.000921398)), (4, (3, 0.000765665, 0.000137372, 0.000903311))]), (67184, 14, 0.000985174, [(4, (0, 0.000587375, 3.6689e-5, 0.00062432)), (4, (1, 0.000600956, 6.2878e-5, 0.000664016)), (3, (2, 0.000766452, 4.8763e-5, 0.000815399)), (3, (3, 0.000873283, 6.7228e-5, 0.000940728))]), (67200, 15, 0.001254009, [(4, (0, 0.000943037, 2.4654e-5, 0.00096793)), (4, (1, 0.000651135, 5.2904e-5, 0.000704267)), (4, (2, 0.000580024, 3.898e-5, 0.000619191)), (3, (3, 0.001046146, 5.6137e-5, 0.001102484))]), (67216, 15, 0.001421656, [(4, (0, 0.001040383, 3.8261e-5, 0.001078891)), (4, (1, 0.001222365, 9.1123e-5, 0.001314452)), (4, (2, 0.001359789, 5.4252e-5, 0.00141439)), (3, (3, 0.001165636, 9.7145e-5, 0.001263185))]), (67232, 15, 0.001387167, [(4, (0, 0.00123019, 2.9579e-5, 0.001259996)), (4, (1, 0.000944698, 0.000100651, 0.001045647)), (4, (2, 0.001302818, 4.5344e-5, 0.001348459)), (3, (3, 0.000964111, 9.5259e-5, 0.001059608))]), (67248, 16, 0.001634395, [(4, (0, 0.001205085, 2.348e-5, 0.001228792)), (4, (1, 0.001541574, 5.1826e-5, 0.001593751)), (4, (2, 0.00153521, 3.548e-5, 0.001570924)), (4, (3, 0.001158038, 7.0655e-5, 0.001229019))]), (67264, 16, 0.001193971, [(4, (0, 0.00065501, 3.1043e-5, 0.000686283)), (4, (1, 0.000747679, 7.8525e-5, 0.000826527)), (4, (2, 0.000756906, 4.9867e-5, 0.000807064)), (4, (3, 0.001068946, 8.1145e-5, 0.001150345))]), (67280, 16, 0.001277277, [(4, (0, 0.001020351, 2.6068e-5, 0.001046625)), (4, (1, 0.000708386, 5.9159e-5, 0.000767934)), (4, (2, 0.001207498, 4.0361e-5, 0.001248065)), (4, (3, 0.000925516, 6.9973e-5, 0.00099578))]), (67296, 16, 0.001161082, [(4, (0, 0.000658536, 3.1727e-5, 0.000690516)), (4, (1, 0.00102349, 6.6126e-5, 0.00108997)), (4, (2, 0.000573648, 4.7974e-5, 0.000621929)), (4, (3, 0.000678336, 7.186e-5, 0.000750569))]), (67312, 16, 0.000840024, [(4, (0, 0.000653233, 2.8401e-5, 0.000681872)), (4, (1, 0.000757719, 5.7209e-5, 0.00081518)), (4, (2, 0.000597894, 4.5377e-5, 0.000643521)), (4, (3, 0.000682692, 6.4072e-5, 0.00074702))]), (67328, 15, 0.000924295, [(4, (0, 0.000750716, 2.6956e-5, 0.000777873)), (4, (1, 0.000571279, 5.5687e-5, 0.000627183)), (4, (2, 0.000554612, 4.4152e-5, 0.000599027)), (3, (3, 0.000825089, 6.1498e-5, 0.000886818))]), (67344, 16, 0.000806305, [(4, (0, 0.000596415, 2.8206e-5, 0.000624856)), (4, (1, 0.000536069, 5.5345e-5, 0.000591621)), (4, (2, 0.000549573, 4.2294e-5, 0.000592084)), (4, (3, 0.000701364, 5.9602e-5, 0.00076118))]), (67360, 16, 0.000689369, [(4, (0, 0.00048977, 2.3426e-5, 0.000513444)), (4, (1, 0.000614544, 5.377e-5, 0.000668631)), (4, (2, 0.000586113, 3.71e-5, 0.000623432)), (4, (3, 0.000590272, 5.0321e-5, 0.000640804))]), (67376, 16, 0.000570912, [(4, (0, 0.000461433, 2.0465e-5, 0.000482138)), (4, (1, 0.000504306, 5.3269e-5, 0.000557783)), (4, (2, 0.000504352, 3.2645e-5, 0.00053723)), (4, (3, 0.000495136, 4.4065e-5, 0.000539378))]), (67392, 15, 0.000495559, [(4, (0, 0.000461358, 1.7965e-5, 0.000479515)), (4, (1, 0.000437024, 4.7222e-5, 0.000484491)), (4, (2, 0.000446042, 2.9739e-5, 0.000475975)), (3, (3, 0.000341433, 5.0386e-5, 0.000391995))]), (67408, 1, 0.000109916, [(1, (0, 0.000100359, 8.832e-6, 0.000109429)), (0, (1, 4.8e-8, 2.1566e-5, 2.1709e-5)), (0, (2, 1.49e-7, 2.0366e-5, 2.0704e-5)), (0, (3, 6.8e-8, 2.0975e-5, 2.1138e-5))])]
[TIMING] scan_lookup: 0.060s (calls=1)
[TIMING] ungapped_extend: 0.046s (calls=210466)
[TIMING] gapped_extend: 1.162s (calls=81169)
[TIMING] traceback_prune: 177.299s (calls=2)
[TIMING] traceback_sort_prelim: 0.000s
[TIMING] traceback_tree_precheck: 0.049s
[TIMING] traceback_start_offsets: 0.005s
[TIMING] traceback_alignment: 0.005s (dp=0.005s greedy=0.000s)
[TIMING] traceback_hsp_build: 0.088s
[TIMING] purge_common_endpoint_pass1: 5.098s
[TIMING] reevaluate_ambiguities: 0.005s
[TIMING] identity_length_test: 0.002s
[TIMING] purge_common_endpoint_pass2: 0.208s
[TIMING] traceback_score_resort: 0.013s
[TIMING] traceback_final_tree_contains: 0.028s
[TIMING] traceback_final_tree_add: 0.050s
[TIMING] traceback_postprocess: 0.000s
[TIMING] traceback_counts: prelim=67409 tree_skipped=8322 full_traceback=59087 deleted_evalue_cutoff=0 deleted_reevaluation=835 deleted_identity_length=0 endpoint_pass1_removed=2872 endpoint_pass2_removed=561 final_tree_removed=417
[TIMING] traceback_lengths: edit_script_samples=59087 edit_script_max=151 edit_script_median=3.0 alignment_samples=59087 alignment_max=21781 alignment_median=95.0
[TIMING] format_output: 0.333s (calls=1)
[TIMING] search_total: 179.020s
[TIMING] total: 179.094s
[losat-wasi-threads] worker done tid=4
[losat-wasi-threads] worker done tid=1
[losat-wasi-threads] worker done tid=2
[losat-wasi-threads] worker done tid=3
[losat-wasi-event] {"event":"exited","at_ms":179665.448502,"tid":4,"code":0}
[losat-wasi-event] {"event":"exited","at_ms":179666.301738,"tid":1,"code":0}
[losat-wasi-event] {"event":"exited","at_ms":179666.663761,"tid":3,"code":0}
[losat-wasi-event] {"event":"exited","at_ms":179666.97505,"tid":2,"code":0}
